"cell","query_label","predicted","score"
"_AAACCCATCCCAATAG-1","Glut-CACNA1H-1","Ex_CACNA1H_LHX9",0.831655154507017
"_AAACGAACAAGAGGCT-1","Glut-CACNA1H-1","Ex_CACNA1H_LHX9",0.843630524968498
"_AAACGCTCAGAGACTG-1","Glut-CACNA1H-4","Ex_CACNA1H_LHX9",0.628159379891631
"_AAAGAACCAGCTGTGC-1","Glut-CACNA1H-RA","Ex_CACNA1H_LHX9",0.826396696867548
"_AAAGGATGTTGCCTAA-1","Glut-CACNA1H-RA","Ex_CACNA1H_LHX9",0.808244505830433
"_AAAGGATGTTTGGAAA-1","Glut-CACNA1H-RA","Ex_CACNA1H_LHX9",0.833810096316525
"_AAAGGGCTCTTGTTAC-1","Glut-CACNA1H-RA","Ex_CACNA1H_LHX9",0.809584735579018
"_AAAGTCCCATAGGCGA-1","Glut-CACNA1H-4","Ex_DACH2_SLIT2",0.543433942154927
"_AAAGTCCGTTAACCTG-1","Glut-CACNA1H-2","Ex_CACNA1H_LHX9",0.727333921619503
"_AAAGTCCGTTTGCAGT-1","Glut-CACNA1H-RA","Ex_CACNA1H_LHX9",0.789713090777633
"_AAAGTCCTCTGTCCGT-1","Glut-CACNA1H-RA","Ex_CACNA1H_LHX9",0.787976048222839
"_AAAGTGAAGTTGAAGT-1","Glut-CACNA1H-RA","Ex_CACNA1H_LHX9",0.818379398210064
"_AAAGTGAGTAAGGTCG-1","Glut-CACNA1H-RA","Ex_CACNA1H_LHX9",0.771159829450106
"_AAAGTGAGTCCGGCAT-1","Glut-CACNA1H-RA","Ex_CACNA1H_LHX9",0.782237670679292
"_AAATGGAGTATCGAAA-1","Glut-CACNA1H-RA","Ex_CACNA1H_LHX9",0.812714282569556
"_AACAAAGGTGTGGTCC-1","Glut-CACNA1H-RA","Ex_CACNA1H_LHX9",0.812832026618492
"_AACAAAGGTTTGGAGG-1","Glut-DACH2-1","Ex_DACH2_GRIK4",0.323985041547641
"_AACAAGAAGGCGCTCT-1","Glut-CACNA1H-1","Ex_CACNA1H_LHX9",0.795410767777607
"_AACAAGAAGGTGATAT-1","Glut-CACNA1H-2","Ex_CACNA1H_LHX9",0.458198954608914
"_AACACACAGGTCCGAA-1","Glut-CACNA1H-RA","Ex_CACNA1H_LHX9",0.794250488374224
"_AACAGGGAGCACACCC-1","Glut-CACNA1H-1","Ex_CACNA1H_LHX9",0.807068504531211
"_AACAGGGCAGCTAACT-1","Glut-CACNA1H-RA","Ex_CACNA1H_LHX9",0.81093523694729
"_AACAGGGTCTAGTTCT-1","Glut-CACNA1H-RA","Ex_CACNA1H_LHX9",0.443712534223386
"_AACCACAGTGGTACAG-1","Glut-CACNA1H-2","Ex_CACNA1H_LHX9",0.784896799869726
"_AACCACAGTTCAAGGG-1","Glut-CACNA1H-RA","Ex_CACNA1H_LHX9",0.803066819704787
"_AACCCAAGTGGCAGAT-1","Glut-CACNA1H-RA","Ex_CACNA1H_LHX9",0.816861088403768
"_AACCCAAGTTATGTGC-1","Glut-CACNA1H-RA","Ex_CACNA1H_LHX9",0.786278429059459
"_AACCTGAAGTTAACAG-1","Glut-CACNA1H-RA","Ex_CACNA1H_LHX9",0.807529321448721
"_AACCTGATCCCGTGTT-1","Glut-CACNA1H-1","Ex_CACNA1H_LHX9",0.845328206379995
"_AACCTTTGTACTAAGA-1","Glut-CACNA1H-1","Ex_CACNA1H_LHX9",0.696529495680952
"_AACGAAATCAAACCCA-1","Glut-CACNA1H-RA","Ex_CACNA1H_LHX9",0.796261973885762
"_AACGGGAAGACTGTTC-1","Glut-CACNA1H-RA","Ex_CACNA1H_LHX9",0.830580942103775
"_AACGGGAGTACTGCCG-1","Glut-CACNA1H-RA","Ex_CACNA1H_LHX9",0.791481266484654
"_AACGTCAAGATCCCGC-1","Glut-CACNA1H-1","Ex_CACNA1H_LHX9",0.759417498353979
"_AACGTCATCTGAGTCA-1","Glut-CACNA1H-RA","Ex_CACNA1H_LHX9",0.791571871738084
"_AACTTCTCAAACACGG-1","Glut-CACNA1H-RA","Ex_CACNA1H_LHX9",0.799757493894448
"_AACTTCTCAGCGTATT-1","Glut-CACNA1H-RA","Ex_CACNA1H_LHX9",0.800643071535546
"_AACTTCTGTGTACAGG-1","Glut-CACNA1H-RA","Ex_CACNA1H_LHX9",0.847166505712454
"_AACTTCTTCGTACACA-1","Glut-CACNA1H-RA","Ex_CACNA1H_LHX9",0.752504970613113
"_AACTTCTTCTATTGTC-1","Glut-CACNA1H-1","Ex_CACNA1H_LHX9",0.816874016412113
"_AAGAACAAGCTAGATA-1","Glut-CACNA1H-2","Ex_CACNA1H_LHX9",0.580864149143146
"_AAGAACACACATGTTG-1","Glut-CACNA1H-1","Ex_CACNA1H_LHX9",0.774728036365388
"_AAGACTCTCGATGCAT-1","Glut-CACNA1H-RA","Ex_CACNA1H_LHX9",0.821082123524962
"_AAGCATCTCGGCTATA-1","Glut-CACNA1H-2","Ex_CACNA1H_LHX9",0.795653596807571
"_AAGCCATAGAGCCGAT-1","Glut-CACNA1H-RA","Ex_CACNA1H_LHX9",0.82022942537934
"_AAGCGTTTCGTTGTAG-1","Glut-CACNA1H-RA","Ex_CACNA1H_LHX9",0.77436924455583
"_AAGGAATAGCTTTCCC-1","Glut-CACNA1H-2","Ex_CACNA1H_LHX9",0.787980753300504
"_AAGGAATAGTGATGGC-1","Glut-CACNA1H-4","Ex_CACNA1H_LHX9",0.777411387319369
"_AAGGAATGTCGAATTC-1","Glut-CACNA1H-RA","Ex_CACNA1H_LHX9",0.792674242892227
"_AAGGTAAAGGTCATTC-1","Glut-CACNA1H-RA","Ex_CACNA1H_LHX9",0.82991891246189
"_AAGGTAATCAAGGACG-1","Glut-CACNA1H-4","Ex_CACNA1H_LHX9",0.769609393644572
"_AAGTCGTGTGAGACCA-1","Glut-CACNA1H-4","Ex_CACNA1H_LHX9",0.524384486016634
"_AAGTCGTTCTACTTCA-1","Glut-CACNA1H-1","Ex_CACNA1H_LHX9",0.434302174820588
"_AATAGAGTCCATCACC-1","Glut-CACNA1H-1","Ex_CACNA1H_LHX9",0.827476267458266
"_AATCACGAGTGCGTCC-1","Glut-CACNA1H-RA","Ex_CACNA1H_LHX9",0.827886025987446
"_AATCACGGTCTCCCTA-1","Glut-CACNA1H-RA","Ex_CACNA1H_LHX9",0.815834158073828
"_AATCGACGTCCCGTGA-1","Glut-CACNA1H-1","Ex_CACNA1H_LHX9",0.831159208013882
"_AATCGACGTTTAGACC-1","Glut-CACNA1H-RA","Ex_CACNA1H_LHX9",0.808886362438644
"_AATCGTGAGGGCAGTT-1","Glut-CACNA1H-2","Ex_CACNA1H_LHX9",0.797013680916759
"_AATCGTGAGTATTGCC-1","Glut-CACNA1H-RA","Ex_CACNA1H_LHX9",0.801233761592149
"_AATCGTGGTCGTCGGT-1","Glut-CACNA1H-4","Ex_DACH2_SLIT2",0.474551328279943
"_AATCGTGGTGGGCTTC-1","Glut-CACNA1H-1","Ex_CACNA1H_LHX9",0.832068856512076
"_AATCGTGTCTAGTGAC-1","Glut-CACNA1H-1","Ex_CACNA1H_LHX9",0.840594879047357
"_AATCGTGTCTCGGCTT-1","Glut-CACNA1H-RA","Ex_CACNA1H_LHX9",0.844175432048008
"_AATGACCAGATCCAAA-1","Glut-CACNA1H-RA","Ex_CACNA1H_LHX9",0.792997638531814
"_AATGACCTCATTTGTC-1","Glut-CACNA1H-1","Ex_CACNA1H_LHX9",0.801271406505515
"_AATGCCACACGTACTA-1","Glut-CACNA1H-3","Ex_CACNA1H_LHX9",0.749317387146535
"_AATGCCAGTATGCGGA-1","Glut-CACNA1H-RA","Ex_CACNA1H_LHX9",0.788304505051348
"_AATGCCATCGATGGAG-1","Glut-CACNA1H-RA","Ex_CACNA1H_LHX9",0.796589940862862
"_AATGGCTAGGTGTGAC-1","Glut-CACNA1H-RA","Ex_CACNA1H_LHX9",0.820293328708299
"_AATGGCTGTACGACAG-1","Glut-CACNA1H-RA","Ex_CACNA1H_LHX9",0.815033274364632
"_AATTCCTGTTGTCCCT-1","Glut-CACNA1H-RA","Ex_CACNA1H_LHX9",0.812219099154529
"_AATTCCTTCTCCTGTG-1","Glut-CACNA1H-1","Ex_CACNA1H_LHX9",0.777681638286463
"_AATTTCCGTATCCTCC-1","Glut-CACNA1H-RA","Ex_CACNA1H_LHX9",0.805083835775478
"_ACAAAGACACTCCGAG-1","Glut-CACNA1H-RA","Ex_CACNA1H_LHX9",0.744298412877867
"_ACAACCAGTCCAGCAC-1","Glut-CACNA1H-RA","Ex_CACNA1H_LHX9",0.834350354809899
"_ACAAGCTAGAGGATCC-1","Glut-CACNA1H-1","Ex_CACNA1H_LHX9",0.754657478169733
"_ACACCAAAGCGAATGC-1","Glut-CACNA1H-1","Ex_CACNA1H_LHX9",0.753846703777428
"_ACACGCGTCTAGAGCT-1","Glut-CACNA1H-RA","Ex_CACNA1H_LHX9",0.805245368801316
"_ACACTGATCGACGATT-1","Glut-CACNA1H-RA","Ex_CACNA1H_LHX9",0.852602349996845
"_ACAGAAACACATACTG-1","Glut-CACNA1H-RA","Ex_CACNA1H_LHX9",0.810705811568097
"_ACAGCCGTCCGTTTCG-1","Glut-CACNA1H-1","Ex_CACNA1H_LHX9",0.794734096444829
"_ACAGGGAGTAGCGTCC-1","Glut-CACNA1H-RA","Ex_CACNA1H_LHX9",0.79549587922799
"_ACAGGGAGTATAATGG-1","Glut-CACNA1H-RA","Ex_CACNA1H_LHX9",0.766461086610231
"_ACAGGGATCCTACGGG-1","Glut-CACNA1H-RA","Ex_CACNA1H_LHX9",0.815288715677709
"_ACATCCCCAGCTCATA-1","Glut-CACNA1H-RA","Ex_CACNA1H_LHX9",0.844616381521032
"_ACATCCCGTCATCCCT-1","Glut-CACNA1H-RA","Ex_CACNA1H_LHX9",0.787746729229965
"_ACATCGAGTGCAGTGA-1","Glut-CACNA1H-RA","Ex_CACNA1H_LHX9",0.811205573002832
"_ACATGCAAGACTTGTC-1","Glut-CACNA1H-RA","Ex_CACNA1H_LHX9",0.827920532717211
"_ACCAAACTCTGAACGT-1","Glut-CACNA1H-RA","Ex_CACNA1H_LHX9",0.800664426925572
"_ACCAAACTCTGTGCTC-1","Glut-CACNA1H-1","Ex_CACNA1H_LHX9",0.828629496184417
"_ACCATTTGTAGAGACC-1","Glut-CACNA1H-1","Ex_CACNA1H_LHX9",0.797818715542197
"_ACCATTTTCAAGGTGG-1","Glut-CACNA1H-RA","Ex_CACNA1H_LHX9",0.771967136897255
"_ACCCAAAAGACCACGA-1","Glut-CACNA1H-RA","Ex_CACNA1H_LHX9",0.761124144318647
"_ACCCTCAAGGAGAGTA-1","Glut-CACNA1H-RA","Ex_CACNA1H_LHX9",0.8139005175306
"_ACCCTCACATGGAATA-1","Glut-CACNA1H-RA","Ex_CACNA1H_LHX9",0.830933458378763
"_ACCCTTGAGAATCGTA-1","Glut-CACNA1H-RA","Ex_CACNA1H_LHX9",0.783493673403206
"_ACCGTTCTCACATTGG-1","Glut-CACNA1H-RA","Ex_CACNA1H_LHX9",0.785191028837684
"_ACCTACCGTTTACCTT-1","Glut-CACNA1H-RA","Ex_CACNA1H_LHX9",0.820393367999467
"_ACCTACCTCGCTTGCT-1","Glut-CACNA1H-RA","Ex_CACNA1H_LHX9",0.808757971512297
"_ACCTGTCAGCCAAGGT-1","Glut-CACNA1H-2","Ex_CACNA1H_LHX9",0.795617211637081
"_ACCTGTCAGGTTATAG-1","Glut-CACNA1H-4","Ex_CACNA1H_LHX9",0.432070806560461
"_ACGATGTGTGCATTAC-1","Glut-CACNA1H-RA","Ex_CACNA1H_LHX9",0.821820105485412
"_ACGGAAGAGGAACGCT-1","Glut-CACNA1H-RA","Ex_CACNA1H_LHX9",0.846877650016324
"_ACGGAAGAGTACCGGA-1","Glut-CACNA1H-1","Ex_CACNA1H_LHX9",0.829475608539154
"_ACGGGTCCACTGTGTA-1","Glut-CACNA1H-RA","Ex_CACNA1H_LHX9",0.813404751954697
"_ACGGGTCTCGCAGAGA-1","Glut-CACNA1H-RA","Ex_CACNA1H_LHX9",0.800702862626626
"_ACGGGTCTCTGTCGTC-1","Glut-CACNA1H-RA","Ex_CACNA1H_LHX9",0.821507050542013
"_ACGGTCGCATGACGTT-1","Glut-CACNA1H-RA","Ex_CACNA1H_LHX9",0.779286614443407
"_ACGGTTAAGACAGTCG-1","Glut-CACNA1H-RA","Ex_CACNA1H_LHX9",0.776770593864956
"_ACGGTTAGTATGGTTC-1","Glut-CACNA1H-RA","Ex_CACNA1H_LHX9",0.797653017089139
"_ACGTAACAGAAATTGC-1","Glut-CACNA1H-1","Ex_CACNA1H_LHX9",0.827077646057176
"_ACGTACAAGGGCCCTT-1","Glut-CACNA1H-RA","Ex_CACNA1H_LHX9",0.801268443889102
"_ACGTAGTTCGTGGCGT-1","Glut-CACNA1H-2","Ex_CACNA1H_LHX9",0.837787043378248
"_ACGTCCTAGCCTGAAG-1","Glut-CACNA1H-RA","Ex_CACNA1H_LHX9",0.793041403417429
"_ACGTCCTTCCATGCAA-1","Glut-CACNA1H-RA","Ex_CACNA1H_LHX9",0.813395963161701
"_ACGTCCTTCGCTACAA-1","Glut-CACNA1H-4","Ex_DACH2_SLIT2",0.554579389402629
"_ACTATCTCAGGATCTT-1","Glut-CACNA1H-RA","Ex_CACNA1H_LHX9",0.807799756046549
"_ACTATCTGTAGAGGAA-1","Glut-CACNA1H-1","Ex_CACNA1H_LHX9",0.819913352469734
"_ACTATCTGTCCTACAA-1","Glut-CACNA1H-RA","Ex_CACNA1H_LHX9",0.826978281005926
"_ACTATCTGTCTCAAGT-1","Glut-CACNA1H-RA","Ex_CACNA1H_LHX9",0.834248028327608
"_ACTATGGAGAAGCGGG-1","Glut-CACNA1H-2","Ex_CACNA1H_LHX9",0.715556908586849
"_ACTATTCCATGGTACT-1","Glut-CACNA1H-RA","Ex_CACNA1H_LHX9",0.835840307562668
"_ACTCTCGAGCGTCTGC-1","Glut-CACNA1H-RA","Ex_CACNA1H_LHX9",0.804146505117149
"_ACTCTCGAGTGTACAA-1","Glut-CACNA1H-RA","Ex_CACNA1H_LHX9",0.819735763439815
"_ACTGCAACAAGATCCT-1","Glut-CACNA1H-1","Ex_CACNA1H_LHX9",0.844956298867316
"_ACTGCAACATATGGCT-1","Glut-CACNA1H-RA","Ex_CACNA1H_LHX9",0.83663309751608
"_ACTGTCCGTAGCGAGT-1","Glut-CACNA1H-RA","Ex_CACNA1H_LHX9",0.842454010990803
"_ACTGTCCGTGTTCCTC-1","Glut-CACNA1H-4","Ex_CACNA1H_LHX9",0.755360086837997
"_ACTGTGAAGCTCACTA-1","Glut-CACNA1H-RA","Ex_CACNA1H_LHX9",0.775022550455914
"_ACTGTGACACTGTTCC-1","Glut-CACNA1H-RA","Ex_CACNA1H_LHX9",0.779828351335642
"_ACTTAGGCATGGAGAC-1","Glut-CACNA1H-2","Ex_CACNA1H_LHX9",0.654894865929786
"_ACTTAGGGTTGTGGCC-1","Glut-CACNA1H-RA","Ex_CACNA1H_LHX9",0.78209262931316
"_ACTTATCAGATGTAGT-1","Glut-CACNA1H-RA","Ex_CACNA1H_LHX9",0.808851606589524
"_ACTTATCGTTTGACAC-1","Glut-CACNA1H-RA","Ex_CACNA1H_LHX9",0.787861430847269
"_ACTTCCGGTCCAGGTC-1","Glut-CACNA1H-RA","Ex_CACNA1H_LHX9",0.752744811909883
"_ACTTCCGTCCACACCT-1","Glut-CACNA1H-1","Ex_DACH2_NR4A3",0.466605513011631
"_ACTTCCGTCTCCGTGT-1","Glut-CACNA1H-2","Ex_CACNA1H_LHX9",0.582653664422737
"_ACTTTGTAGACCGTTT-1","Glut-CACNA1H-RA","Ex_CACNA1H_LHX9",0.801596387844182
"_ACTTTGTGTAAGTCAA-1","Glut-CACNA1H-RA","Ex_CACNA1H_LHX9",0.798936021517555
"_ACTTTGTGTCATAGTC-1","Glut-CACNA1H-RA","Ex_CACNA1H_LHX9",0.791620886067842
"_AGAACAAGTTCAAAGA-1","Glut-CACNA1H-4","Ex_DACH2_SLIT2",0.490804850946304
"_AGAACCTAGGAAAGGT-1","Glut-CACNA1H-RA","Ex_CACNA1H_LHX9",0.805054892267133
"_AGAAGTAAGTTTGTCG-1","Glut-CACNA1H-2","Ex_CACNA1H_LHX9",0.784278194887042
"_AGACAAAGTCGTGCCA-1","Glut-CACNA1H-RA","Ex_CACNA1H_LHX9",0.779748257642552
"_AGACACTTCATGCATG-1","Glut-CACNA1H-1","Ex_CACNA1H_LHX9",0.834526691153058
"_AGACCATAGATTGTGA-1","Glut-CACNA1H-4","Ex_CACNA1H_LHX9",0.541856246320793
"_AGACCATAGGGAGTGG-1","Glut-CACNA1H-2","Ex_CACNA1H_LHX9",0.787301787467001
"_AGACCATCAATCCTTT-1","Glut-CACNA1H-2","Ex_CACNA1H_LHX9",0.808471937831024
"_AGACCCGCAACACACT-1","Glut-CACNA1H-2","Ex_CACNA1H_LHX9",0.788104454332135
"_AGAGAATCATTCGGGC-1","Glut-CACNA1H-RA","Ex_CACNA1H_LHX9",0.769252660158687
"_AGAGAGCGTGTGCCTG-1","Glut-CACNA1H-RA","Ex_CACNA1H_LHX9",0.79076702805758
"_AGAGAGCGTTGGTAGG-1","Glut-CACNA1H-RA","Ex_CACNA1H_LHX9",0.817284383590994
"_AGAGCAGAGGTACTGG-1","Glut-CACNA1H-RA","Ex_CACNA1H_LHX9",0.837868489735712
"_AGAGCAGCACCTATCC-1","Glut-CACNA1H-RA","Ex_CACNA1H_LHX9",0.814954289621983
"_AGAGCCCGTTTCCAAG-1","Glut-CACNA1H-RA","Ex_CACNA1H_LHX9",0.788630189902432
"_AGATCGTAGCAAATGT-1","Glut-CACNA1H-4","Ex_CACNA1H_LHX9",0.475227014509318
"_AGATGAATCTTTCCGG-1","Glut-CACNA1H-RA","Ex_CACNA1H_LHX9",0.796547082161707
"_AGATGCTAGATCCGAG-1","Glut-CACNA1H-4","Ex_CACNA1H_LHX9",0.547216346586091
"_AGATGCTCAGTCAGTT-1","Glut-CACNA1H-RA","Ex_CACNA1H_LHX9",0.781428280498587
"_AGATGCTCATCTCCCA-1","Glut-CACNA1H-RA","Ex_CACNA1H_LHX9",0.791989248275081
"_AGATGCTGTCGGTAAG-1","Glut-CACNA1H-RA","Ex_CACNA1H_LHX9",0.793267649567621
"_AGCATCAAGGTCCCGT-1","Glut-CACNA1H-RA","Ex_CACNA1H_LHX9",0.79333276432511
"_AGCATCAAGGTTTGAA-1","Glut-CACNA1H-1","Ex_CACNA1H_LHX9",0.822128653887423
"_AGCCAATCAGAACATA-1","Glut-CACNA1H-RA","Ex_CACNA1H_LHX9",0.80988053300946
"_AGCCAATTCCTCATAT-1","Glut-CACNA1H-1","Ex_CACNA1H_LHX9",0.801431835758926
"_AGCCAGCAGAGCCCAA-1","Glut-CACNA1H-RA","Ex_CACNA1H_LHX9",0.791188097599094
"_AGCGATTAGGTAGACC-1","Glut-CACNA1H-RA","Ex_CACNA1H_LHX9",0.815913925964136
"_AGCGCCAAGCCTGAAG-1","Glut-CACNA1H-RA","Ex_CACNA1H_LHX9",0.801211902996499
"_AGCGCCACAGCCGGTT-1","Glut-CACNA1H-2","Ex_CACNA1H_LHX9",0.63437455497927
"_AGCGCTGAGACCAGAC-1","Glut-CACNA1H-RA","Ex_CACNA1H_LHX9",0.78776026498948
"_AGCGCTGCAGTGTGGA-1","Glut-CACNA1H-RA","Ex_CACNA1H_LHX9",0.81531444765035
"_AGCGCTGTCTCCGAGG-1","Glut-CACNA1H-RA","Ex_CACNA1H_LHX9",0.790797832971037
"_AGCGTATGTACCGTCG-1","Glut-CACNA1H-RA","Ex_CACNA1H_LHX9",0.808384494550954
"_AGCGTATTCGCTGCGA-1","Glut-CACNA1H-RA","Ex_CACNA1H_LHX9",0.814289531126829
"_AGCTACATCAAAGCCT-1","Glut-DACH2-2","Ex_DACH2_ADAMTS5",0.415969093036268
"_AGCTCAAAGCCGAACA-1","Glut-CACNA1H-RA","Ex_CACNA1H_LHX9",0.818667314236723
"_AGCTTCCCAGAACTAA-1","Glut-CACNA1H-2","Ex_CACNA1H_LHX9",0.630091208727511
"_AGGAAATCACAACGCC-1","Glut-CACNA1H-RA","Ex_CACNA1H_LHX9",0.801998693668531
"_AGGAATAAGTAACAGT-1","Glut-CACNA1H-RA","Ex_CACNA1H_LHX9",0.800628430116481
"_AGGAATACAGTTAGGG-1","Glut-CACNA1H-RA","Ex_CACNA1H_LHX9",0.811898893373412
"_AGGAATATCGGTCAGC-1","Glut-CACNA1H-1","Ex_CACNA1H_LHX9",0.835779074006682
"_AGGACGAAGCCTCATA-1","Glut-CACNA1H-1","Ex_CACNA1H_LHX9",0.762496689987698
"_AGGACTTGTTATTCCT-1","Glut-CACNA1H-2","Ex_CACNA1H_LHX9",0.75171329976394
"_AGGACTTTCGAGAGCA-1","Glut-CACNA1H-RA","Ex_CACNA1H_LHX9",0.791104932124255
"_AGGATAACAGCACACC-1","Glut-CACNA1H-RA","Ex_CACNA1H_LHX9",0.821043070158809
"_AGGCATTCATTGAAGA-1","Glut-CACNA1H-RA","Ex_CACNA1H_LHX9",0.83854296642433
"_AGGCATTTCGGACTGC-1","Glut-CACNA1H-1","Ex_CACNA1H_LHX9",0.819115369901071
"_AGGCCACAGTCATTGC-1","Glut-CACNA1H-4","Ex_DACH2_SLIT2",0.480087729354496
"_AGGCCACTCGACCCAG-1","Glut-CACNA1H-RA","Ex_CACNA1H_LHX9",0.821904256107245
"_AGGCCACTCTACGCGG-1","Glut-CACNA1H-1","Ex_CACNA1H_LHX9",0.784059613332846
"_AGGCTGCAGGTGCATG-1","Glut-CACNA1H-RA","Ex_CACNA1H_LHX9",0.819278874834361
"_AGGCTGCCATGTGTCA-1","Glut-CACNA1H-1","Ex_CACNA1H_LHX9",0.723788704778811
"_AGGCTGCTCACTTGGA-1","Glut-CACNA1H-RA","Ex_CACNA1H_LHX9",0.821272591775633
"_AGGGCCTTCTGGAAGG-1","Glut-CACNA1H-1","Ex_CACNA1H_LHX9",0.811134889368927
"_AGGGCTCTCTTCGTAT-1","Glut-CACNA1H-RA","Ex_CACNA1H_LHX9",0.802912898844557
"_AGGGTCCTCCATACTT-1","Glut-CACNA1H-RA","Ex_CACNA1H_LHX9",0.828155697421271
"_AGGGTGACACTGTCCT-1","Glut-CACNA1H-RA","Ex_CACNA1H_LHX9",0.82355198101656
"_AGGGTGATCCGTACGG-1","Glut-CACNA1H-2","Ex_CACNA1H_LHX9",0.783247661956394
"_AGGGTTTGTTAATCGC-1","Glut-CACNA1H-RA","Ex_CACNA1H_LHX9",0.734445145799746
"_AGGTCATTCTACGGGC-1","Glut-CACNA1H-1","Ex_CACNA1H_LHX9",0.827433423695864
"_AGGTCTAAGGGTTGCA-1","Glut-CACNA1H-1","Ex_CACNA1H_LHX9",0.810139037447835
"_AGGTCTACAAACCATC-1","Glut-CACNA1H-RA","Ex_CACNA1H_LHX9",0.795896478987765
"_AGGTGTTCAAAGGAGA-1","Glut-CACNA1H-RA","Ex_CACNA1H_LHX9",0.800298966284618
"_AGGTGTTCACTCGATA-1","Glut-CACNA1H-4","Ex_CACNA1H_LHX9",0.540555814699735
"_AGGTGTTTCCCATGGG-1","Glut-CACNA1H-4","Ex_CACNA1H_LHX9",0.549819436461961
"_AGGTTACAGGACATCG-1","Glut-CACNA1H-RA","Ex_CACNA1H_LHX9",0.828145842820642
"_AGGTTACCACAGAGAC-1","Glut-CACNA1H-RA","Ex_CACNA1H_LHX9",0.826303126148182
"_AGGTTGTCATGAGTAA-1","Glut-CACNA1H-RA","Ex_CACNA1H_LHX9",0.823412967874533
"_AGGTTGTGTGCACGCT-1","Glut-CACNA1H-RA","Ex_CACNA1H_LHX9",0.838341069993733
"_AGTAACCAGTCGCGAA-1","Glut-CACNA1H-RA","Ex_CACNA1H_LHX9",0.794348099297321
"_AGTAACCGTGTGAGCA-1","Glut-CACNA1H-RA","Ex_CACNA1H_LHX9",0.797523790033006
"_AGTACCAAGACAGCTG-1","Glut-CACNA1H-RA","Ex_CACNA1H_LHX9",0.834539653017502
"_AGTACCAAGTAAGAGG-1","Glut-CACNA1H-4","Ex_CACNA1H_LHX9",0.764050569578262
"_AGTACTGAGACTAGAT-1","Glut-CACNA1H-RA","Ex_CACNA1H_LHX9",0.802870966764073
"_AGTACTGAGTTAGAAC-1","Glut-CACNA1H-RA","Ex_CACNA1H_LHX9",0.827775829896913
"_AGTACTGCACTGCGAC-1","Glut-CACNA1H-RA","Ex_CACNA1H_LHX9",0.808312900670882
"_AGTAGCTGTGGAATGC-1","Glut-CACNA1H-2","Ex_CACNA1H_LHX9",0.790348032749804
"_AGTAGCTTCTGCATGA-1","Glut-CACNA1H-RA","Ex_CACNA1H_LHX9",0.788548036717835
"_AGTAGTCCAGAACATA-1","Glut-CACNA1H-1","Ex_CACNA1H_LHX9",0.667910481305849
"_AGTCACAGTCCGTACG-1","Glut-CACNA1H-RA","Ex_CACNA1H_LHX9",0.815793059187722
"_AGTCATGCAGACTCTA-1","Glut-CACNA1H-RA","Ex_CACNA1H_LHX9",0.795817340084201
"_AGTCTCCAGCAAGTGC-1","Glut-CACNA1H-RA","Ex_CACNA1H_LHX9",0.805623551975453
"_AGTCTCCCATGGAGAC-1","Glut-CACNA1H-1","Ex_CACNA1H_LHX9",0.783304953795518
"_AGTGACTAGAGGCTGT-1","Glut-CACNA1H-RA","Ex_CACNA1H_LHX9",0.809231284889482
"_AGTGACTCAGTGGTGA-1","Glut-CACNA1H-RA","Ex_CACNA1H_LHX9",0.794376548902035
"_AGTGCCGCAACCTAAC-1","Glut-CACNA1H-4","Ex_CACNA1H_LHX9",0.746159401739594
"_AGTGCCGCAGTTCACA-1","Glut-CACNA1H-1","Ex_CACNA1H_LHX9",0.835595439721172
"_AGTGTTGAGAATCGTA-1","Glut-CACNA1H-RA","Ex_CACNA1H_LHX9",0.821950608316137
"_AGTGTTGGTATCGTAC-1","Glut-CACNA1H-1","Ex_CACNA1H_LHX9",0.816968268855866
"_AGTTAGCAGTAAGGGA-1","Glut-CACNA1H-RA","Ex_CACNA1H_LHX9",0.816695120419481
"_AGTTAGCCATAAGCGG-1","Glut-CACNA1H-RA","Ex_CACNA1H_LHX9",0.811059359377455
"_AGTTAGCGTAGTCACT-1","Glut-CACNA1H-RA","Ex_CACNA1H_LHX9",0.809904450534685
"_ATACCGAAGGTGATAT-1","Glut-CACNA1H-RA","Ex_CACNA1H_LHX9",0.782367485189575
"_ATAGAGAAGCGATCGA-1","Glut-CACNA1H-RA","Ex_CACNA1H_LHX9",0.810454283854514
"_ATAGGCTAGATTAGCA-1","Glut-CACNA1H-RA","Ex_CACNA1H_LHX9",0.792767347925465
"_ATAGGCTGTTCCGTTC-1","Glut-CACNA1H-RA","Ex_CACNA1H_LHX9",0.810633188933478
"_ATCACAGCAGCTACCG-1","Glut-CACNA1H-1","Ex_CACNA1H_LHX9",0.812374731028856
"_ATCACAGGTAGCGCTC-1","Glut-CACNA1H-RA","Ex_CACNA1H_LHX9",0.797236325708464
"_ATCACGAAGGGTAGCT-1","Glut-CACNA1H-1","Ex_CACNA1H_LHX9",0.823855681859312
"_ATCACGAGTGACGTCC-1","Glut-CACNA1H-RA","Ex_CACNA1H_LHX9",0.777294595271933
"_ATCCACCTCGTCGACG-1","Glut-CACNA1H-RA","Ex_CACNA1H_LHX9",0.77659941979535
"_ATCCCTGCAGCACAAG-1","Glut-CACNA1H-RA","Ex_CACNA1H_LHX9",0.797469407019702
"_ATCCTATAGCTTTCCC-1","Glut-CACNA1H-RA","Ex_CACNA1H_LHX9",0.799656297108045
"_ATCGATGGTAGCTCGC-1","Glut-CACNA1H-RA","Ex_CACNA1H_LHX9",0.817172758715699
"_ATCGATGGTGGCGCTT-1","Glut-CACNA1H-RA","Ex_CACNA1H_LHX9",0.808821319036526
"_ATCGATGTCGGCATAT-1","Glut-CACNA1H-RA","Ex_CACNA1H_LHX9",0.806666298343467
"_ATCGATGTCGGTGTTA-1","Glut-CACNA1H-RA","Ex_CACNA1H_LHX9",0.786205620229838
"_ATCGCCTAGTAGCAAT-1","Glut-CACNA1H-RA","Ex_CACNA1H_LHX9",0.802324113249823
"_ATCGCCTCAACCGACC-1","Glut-CACNA1H-4","Ex_CACNA1H_LHX9",0.546196073385036
"_ATCGTCCAGTAGACCG-1","Glut-CACNA1H-RA","Ex_CACNA1H_LHX9",0.822411768913966
"_ATCGTGACAAAGGCTG-1","Glut-CACNA1H-RA","Ex_CACNA1H_LHX9",0.80195215781656
"_ATCGTGACAATGTCTG-1","Glut-CACNA1H-RA","Ex_CACNA1H_LHX9",0.806831720382395
"_ATCTCTAAGGGCTGAT-1","Glut-CACNA1H-RA","Ex_CACNA1H_LHX9",0.833563293479171
"_ATCTCTACAATCTAGC-1","Glut-CACNA1H-RA","Ex_CACNA1H_LHX9",0.805216464373396
"_ATCTCTACAGATCACT-1","Glut-CACNA1H-RA","Ex_CACNA1H_LHX9",0.786859281542245
"_ATGAGGGCAGTCTGGC-1","Glut-CACNA1H-4","Ex_CACNA1H_LHX9",0.76487108063597
"_ATGAGTCGTTCAAGTC-1","Glut-CACNA1H-RA","Ex_CACNA1H_LHX9",0.785111746922337
"_ATGATCGGTTGCATCA-1","Glut-CACNA1H-2","Ex_CACNA1H_LHX9",0.830849170152244
"_ATGCATGGTCATCAGT-1","Glut-CACNA1H-RA","Ex_CACNA1H_LHX9",0.806704200985518
"_ATGCATGTCGAGTGAG-1","Glut-CACNA1H-1","Ex_CACNA1H_LHX9",0.786027114217337
"_ATGGAGGGTATGGGAC-1","Glut-CACNA1H-4","Ex_DACH2_SLIT2",0.446943563570043
"_ATGGATCGTTGATGTC-1","Glut-CACNA1H-RA","Ex_CACNA1H_LHX9",0.801014711833485
"_ATGGGAGTCGTAGCCG-1","Glut-CACNA1H-RA","Ex_CACNA1H_LHX9",0.801637389321095
"_ATGGGTTAGGCAGTCA-1","Glut-CACNA1H-RA","Ex_CACNA1H_LHX9",0.695615359078801
"_ATGGGTTTCCGGACTG-1","Glut-CACNA1H-RA","Ex_CACNA1H_LHX9",0.813685098379975
"_ATGGGTTTCGACCCAG-1","Glut-CACNA1H-RA","Ex_CACNA1H_LHX9",0.79737844710587
"_ATGGTTGTCGTAGCTA-1","Glut-CACNA1H-RA","Ex_CACNA1H_LHX9",0.784945855285546
"_ATGTCCCAGGGATGTC-1","Glut-CACNA1H-RA","Ex_CACNA1H_LHX9",0.821413024241711
"_ATTATCCCATATACCG-1","Glut-CACNA1H-RA","Ex_CACNA1H_LHX9",0.802036216120912
"_ATTCACTAGGTTGTTC-1","Glut-CACNA1H-1","Ex_CACNA1H_LHX9",0.836700825002742
"_ATTCAGGAGCAATTAG-1","Glut-CACNA1H-RA","Ex_CACNA1H_LHX9",0.777426723682382
"_ATTCAGGGTTTACTGG-1","Glut-CACNA1H-1","Ex_CACNA1H_LHX9",0.766472946697
"_ATTCAGGTCACAACCA-1","Glut-CACNA1H-1","Ex_CACNA1H_LHX9",0.799772177600244
"_ATTCATCGTCGTGGTC-1","Glut-CACNA1H-RA","Ex_CACNA1H_LHX9",0.807883453476661
"_ATTCATCTCACCGGTG-1","Glut-CACNA1H-1","Ex_CACNA1H_LHX9",0.787813554422513
"_ATTCATCTCCTAGCCT-1","Glut-CACNA1H-RA","Ex_CACNA1H_LHX9",0.808914706791197
"_ATTCATCTCTCATTTG-1","Glut-CACNA1H-RA","Ex_CACNA1H_LHX9",0.79999879859891
"_ATTCCATAGCCTGAGA-1","Glut-CACNA1H-RA","Ex_CACNA1H_LHX9",0.782582070297931
"_ATTCCATGTGGAACAC-1","Glut-CACNA1H-RA","Ex_CACNA1H_LHX9",0.826650017351369
"_ATTCCCGCAATTTCCT-1","Glut-CACNA1H-4","Ex_CACNA1H_LHX9",0.554490358703248
"_ATTCGTTTCTAAGGAA-1","Glut-CACNA1H-RA","Ex_CACNA1H_LHX9",0.784027582419981
"_ATTCTACAGACAGCTG-1","Glut-CACNA1H-1","Ex_CACNA1H_LHX9",0.830402971024435
"_ATTCTACAGACCCTTA-1","Glut-CACNA1H-RA","Ex_CACNA1H_LHX9",0.625831269638592
"_ATTCTACCATCGTTCC-1","Glut-CACNA1H-RA","Ex_CACNA1H_LHX9",0.8109206204478
"_ATTTACCCACGTAACT-1","Glut-CACNA1H-RA","Ex_CACNA1H_LHX9",0.794678566349668
"_ATTTCACGTCATGGCC-1","Glut-CACNA1H-1","Ex_CACNA1H_LHX9",0.80173665808656
"_ATTTCACGTTTGGAGG-1","Glut-CACNA1H-RA","Ex_CACNA1H_LHX9",0.818058299373232
"_ATTTCTGTCGTAGGGA-1","Glut-CACNA1H-1","Ex_CACNA1H_LHX9",0.806746896658573
"_CAAAGAAAGAAGCCTG-1","Glut-CACNA1H-2","Ex_CACNA1H_LHX9",0.755146521073469
"_CAACCAAAGGCTAAAT-1","Glut-CACNA1H-RA","Ex_CACNA1H_LHX9",0.820178057434825
"_CAACCAACAGGCGATA-1","Glut-CACNA1H-2","Ex_CACNA1H_LHX9",0.644267363337109
"_CAACCTCCAGTTAGGG-1","Glut-CACNA1H-RA","Ex_CACNA1H_LHX9",0.799848485299708
"_CAACCTCGTCATAGTC-1","Glut-CACNA1H-RA","Ex_CACNA1H_LHX9",0.800809947479687
"_CAACGATGTCAGGAGT-1","Glut-CACNA1H-4","Ex_CACNA1H_LHX9",0.597147421477384
"_CAACGGCGTGGGCTTC-1","Glut-CACNA1H-3","Ex_CACNA1H_LHX9",0.724538102099352
"_CAACGGCTCCGTGGCA-1","Glut-CACNA1H-1","Ex_CACNA1H_LHX9",0.742575904851652
"_CAACGGCTCGTCTCAC-1","Glut-CACNA1H-2","Ex_CACNA1H_LHX9",0.566121139986421
"_CAATACGCAATTGCGT-1","Glut-CACNA1H-1","Ex_CACNA1H_LHX9",0.820165414913665
"_CAATACGGTTCCTTGC-1","Glut-CACNA1H-RA","Ex_CACNA1H_LHX9",0.844054300159966
"_CAATCGAAGAGGATGA-1","Glut-CACNA1H-RA","Ex_CACNA1H_LHX9",0.803960334773078
"_CAATCGATCAATCTCT-1","Glut-CACNA1H-RA","Ex_CACNA1H_LHX9",0.793791806775893
"_CAATCGATCCGACGGT-1","Glut-CACNA1H-1","Ex_CACNA1H_LHX9",0.628984361633092
"_CAATTTCCACCTCAGG-1","Glut-CACNA1H-RA","Ex_CACNA1H_LHX9",0.814263674178161
"_CAATTTCTCGGCATAT-1","Glut-CACNA1H-RA","Ex_CACNA1H_LHX9",0.758381731579555
"_CACAACAAGTAAGAGG-1","Glut-CACNA1H-RA","Ex_CACNA1H_LHX9",0.800533437308883
"_CACAACACATGTCTAG-1","Glut-CACNA1H-2","Ex_CACNA1H_LHX9",0.765025775364884
"_CACAACAGTCTGCCTT-1","Glut-CACNA1H-1","Ex_CACNA1H_LHX9",0.790645613333972
"_CACAACATCAGCAATC-1","Glut-CACNA1H-RA","Ex_CACNA1H_LHX9",0.803199683837134
"_CACAACATCGGAGTGA-1","Glut-CACNA1H-RA","Ex_CACNA1H_LHX9",0.789280945549166
"_CACACAAAGTTGGCTT-1","Glut-CACNA1H-2","Ex_CACNA1H_LHX9",0.611954631082384
"_CACACAAGTGAGTAGC-1","Glut-CACNA1H-2","Ex_CACNA1H_LHX9",0.762319912534567
"_CACAGATCATCGAAGG-1","Glut-CACNA1H-1","Ex_CACNA1H_LHX9",0.515373599400565
"_CACAGGCAGATTGATG-1","Glut-CACNA1H-2","Ex_CACNA1H_LHX9",0.7109394310736
"_CACAGGCCACAATTCG-1","Glut-CACNA1H-RA","Ex_CACNA1H_LHX9",0.799342152671343
"_CACAGGCTCACAAGAA-1","Glut-CACNA1H-RA","Ex_CACNA1H_LHX9",0.823545076402553
"_CACATGAAGGCGTTAG-1","Glut-CACNA1H-2","Ex_CACNA1H_LHX9",0.703784904767674
"_CACCAAAGTCTACGAT-1","Glut-CACNA1H-1","Ex_CACNA1H_LHX9",0.797929408205343
"_CACCAAATCGAGCCAC-1","Glut-CACNA1H-1","Ex_CACNA1H_LHX9",0.779477303966142
"_CACCGTTAGACCACGA-1","Glut-CACNA1H-RA","Ex_CACNA1H_LHX9",0.804407231061738
"_CACCGTTAGCGTGAAC-1","Glut-CACNA1H-RA","Ex_CACNA1H_LHX9",0.816259549015468
"_CACCGTTAGTCCTGTA-1","Glut-CACNA1H-RA","Ex_CACNA1H_LHX9",0.813639177291562
"_CACCGTTCACATATGC-1","Glut-CACNA1H-2","Ex_CACNA1H_LHX9",0.656134020546695
"_CACCGTTCATCTCCCA-1","Glut-CACNA1H-RA","Ex_CACNA1H_LHX9",0.7827498433026
"_CACGAATTCACCTCGT-1","Glut-CACNA1H-RA","Ex_CACNA1H_LHX9",0.808370676234674
"_CACGGGTAGCTGTACT-1","Glut-CACNA1H-RA","Ex_CACNA1H_LHX9",0.824732175175734
"_CACGTTCCATGGTGGA-1","Glut-CACNA1H-1","Ex_CACNA1H_LHX9",0.85205185624881
"_CACGTTCGTTTAGACC-1","Glut-CACNA1H-1","Ex_CACNA1H_LHX9",0.776233054301859
"_CACTAAGCAAGAGCTG-1","Glut-CACNA1H-RA","Ex_CACNA1H_LHX9",0.809094308096597
"_CACTAAGGTAGAGACC-1","Glut-CACNA1H-RA","Ex_CACNA1H_LHX9",0.826438120472962
"_CACTAAGGTTTCGCTC-1","Glut-CACNA1H-RA","Ex_CACNA1H_LHX9",0.802646423375549
"_CACTAAGTCGCAATGT-1","Glut-CACNA1H-1","Ex_CACNA1H_LHX9",0.806852238714976
"_CACTAAGTCGGATACT-1","Glut-CACNA1H-RA","Ex_CACNA1H_LHX9",0.789952810028064
"_CACTAAGTCTGCAGCG-1","Glut-CACNA1H-1","Ex_CACNA1H_LHX9",0.80940853073179
"_CACTGGGGTGTAGCAG-1","Glut-CACNA1H-RA","Ex_CACNA1H_LHX9",0.804504858722397
"_CACTGTCCAATTGGTC-1","Glut-CACNA1H-2","Ex_CACNA1H_LHX9",0.818322152655402
"_CACTGTCTCACAGTGT-1","Glut-CACNA1H-1","Ex_CACNA1H_LHX9",0.815879183618971
"_CACTTCGAGACCAAGC-1","Glut-CACNA1H-RA","Ex_CACNA1H_LHX9",0.815536160309321
"_CACTTCGGTAACTTCG-1","Glut-CACNA1H-2","Ex_CACNA1H_LHX9",0.797707281433502
"_CAGAGCCCATCGTTCC-1","Glut-CACNA1H-RA","Ex_CACNA1H_LHX9",0.805252137056822
"_CAGAGCCTCAAGGAGC-1","Glut-CACNA1H-RA","Ex_CACNA1H_LHX9",0.820810677864199
"_CAGATCACAAGATCCT-1","Glut-CACNA1H-RA","Ex_CACNA1H_LHX9",0.82363573880925
"_CAGATCAGTACAAACA-1","Glut-CACNA1H-RA","Ex_CACNA1H_LHX9",0.809591710363719
"_CAGATTGGTTTCGACA-1","Glut-CACNA1H-RA","Ex_CACNA1H_LHX9",0.783330619015159
"_CAGCAGCAGCGAATGC-1","Glut-DACH2-HVCra-Pre","Ex_DACH2_GRIK4",0.382916886629934
"_CAGCAGCCAGTTCCAA-1","Glut-CACNA1H-RA","Ex_CACNA1H_LHX9",0.810179317373464
"_CAGCCAGTCAAAGACA-1","Glut-CACNA1H-RA","Ex_CACNA1H_LHX9",0.815073323439596
"_CAGGCCAAGGTCCCTG-1","Glut-CACNA1H-RA","Ex_CACNA1H_LHX9",0.826573739142571
"_CAGGGCTAGCTGCGAA-1","Glut-CACNA1H-RA","Ex_CACNA1H_LHX9",0.755969847231616
"_CAGGTATTCCATTCAT-1","Glut-CACNA1H-1","Ex_CACNA1H_LHX9",0.675503129544829
"_CAGTTAGCATGGATCT-1","Glut-CACNA1H-RA","Ex_CACNA1H_LHX9",0.31015904433752
"_CAGTTCCAGACTAAGT-1","Glut-CACNA1H-RA","Ex_CACNA1H_LHX9",0.814664508435953
"_CATAAGCTCAGCACCG-1","Glut-CACNA1H-4","Ex_CACNA1H_LHX9",0.523104940969482
"_CATACAGAGTCATGAA-1","Glut-CACNA1H-RA","Ex_CACNA1H_LHX9",0.830945228498263
"_CATACAGCAATCTCGA-1","Glut-CACNA1H-RA","Ex_CACNA1H_LHX9",0.783903271400309
"_CATACCCCATGTTCGA-1","Glut-CACNA1H-RA","Ex_CACNA1H_LHX9",0.805236591351993
"_CATACCCGTATGAAGT-1","Glut-CACNA1H-2","Ex_CACNA1H_LHX9",0.483379432796733
"_CATACCCTCAGTGTGT-1","Glut-CACNA1H-1","Ex_CACNA1H_LHX9",0.844150273498637
"_CATACTTAGGTCATTC-1","Glut-CACNA1H-2","Ex_CACNA1H_LHX9",0.643186756350953
"_CATAGACTCGGAGATG-1","Glut-CACNA1H-1","Ex_CACNA1H_LHX9",0.825680757048078
"_CATCAAGAGATAGTCA-1","Glut-CACNA1H-RA","Ex_CACNA1H_LHX9",0.776378558328174
"_CATCAAGCAATTGAGA-1","Glut-CACNA1H-RA","Ex_CACNA1H_LHX9",0.834355648948457
"_CATCCACTCGAGAGCA-1","Glut-CACNA1H-RA","Ex_CACNA1H_LHX9",0.803196704941835
"_CATCCACTCGTTGTAG-1","Glut-CACNA1H-RA","Ex_CACNA1H_LHX9",0.818786441895177
"_CATCCACTCTCAAAGC-1","Glut-CACNA1H-2","Ex_CACNA1H_LHX9",0.789219053841987
"_CATCCCAAGCTATCCA-1","Glut-CACNA1H-2","Ex_CACNA1H_LHX9",0.740287482903208
"_CATCCCAAGGGTCAAC-1","Glut-CACNA1H-RA","Ex_CACNA1H_LHX9",0.840936609695775
"_CATCCCAGTAGAATGT-1","Glut-CACNA1H-RA","Ex_CACNA1H_LHX9",0.792252101394556
"_CATCCGTAGAACCGCA-1","Glut-CACNA1H-2","Ex_CACNA1H_LHX9",0.54675832150937
"_CATCCGTTCATTGTTC-1","Glut-CACNA1H-4","Ex_CACNA1H_LHX9",0.593977286153219
"_CATCGCTCACTGTCCT-1","Glut-CACNA1H-RA","Ex_CACNA1H_LHX9",0.799275975024728
"_CATCGTCAGCGCCTAC-1","Glut-CACNA1H-RA","Ex_CACNA1H_LHX9",0.820307991928901
"_CATCGTCTCAGCGCGT-1","Glut-CACNA1H-RA","Ex_CACNA1H_LHX9",0.845837216584364
"_CATCGTCTCATTGTGG-1","Glut-CACNA1H-RA","Ex_CACNA1H_LHX9",0.808752398954699
"_CATGCGGCAACAGATA-1","Glut-CACNA1H-RA","Ex_CACNA1H_LHX9",0.790027689633825
"_CATGCTCTCCGAGATT-1","Glut-CACNA1H-1","Ex_CACNA1H_LHX9",0.829697601606363
"_CATGGTACAGTGCGCT-1","Glut-CACNA1H-2","Ex_CACNA1H_LHX9",0.504819447663092
"_CATTCATGTACCTATG-1","Glut-CACNA1H-4","Ex_CACNA1H_LHX9",0.527650135085997
"_CATTCATGTCTCTCTG-1","Glut-CACNA1H-4","Ex_DACH2_SLIT2",0.536227798065088
"_CATTCCGCAGGTCCCA-1","Glut-CACNA1H-1","Ex_CACNA1H_LHX9",0.817163212244822
"_CATTCTAGTCTGCGCA-1","Glut-CACNA1H-RA","Ex_CACNA1H_LHX9",0.819340204156938
"_CATTCTATCTCATTTG-1","Glut-CACNA1H-RA","Ex_CACNA1H_LHX9",0.790101692627912
"_CATTGTTGTACCTTCC-1","Glut-CACNA1H-RA","Ex_CACNA1H_LHX9",0.754324062068674
"_CATTGTTGTGAAGCGT-1","Glut-CACNA1H-RA","Ex_CACNA1H_LHX9",0.799420208650913
"_CATTGTTTCGTGCGAC-1","Glut-CACNA1H-RA","Ex_CACNA1H_LHX9",0.818009138233251
"_CCAATGACAAGAATAC-1","Glut-CACNA1H-RA","Ex_CACNA1H_LHX9",0.802003259110558
"_CCAATGATCAAGGCTT-1","Glut-CACNA1H-RA","Ex_CACNA1H_LHX9",0.81073287100401
"_CCAATTTCAGGCTCTG-1","Glut-CACNA1H-RA","Ex_CACNA1H_LHX9",0.802310849781774
"_CCACAAAGTTTGGCTA-1","Glut-CACNA1H-RA","Ex_CACNA1H_LHX9",0.783196191405005
"_CCACACTTCGCCGATG-1","Glut-CACNA1H-RA","Ex_CACNA1H_LHX9",0.797780220086805
"_CCACCATGTAGTCCTA-1","Glut-CACNA1H-RA","Ex_CACNA1H_LHX9",0.770514409911691
"_CCACCATTCAAGTCTG-1","Glut-CACNA1H-RA","Ex_CACNA1H_LHX9",0.805559466314346
"_CCACGAGCAATACCTG-1","Glut-CACNA1H-RA","Ex_CACNA1H_LHX9",0.81367035612893
"_CCACGAGCACATATGC-1","Glut-CACNA1H-1","Ex_CACNA1H_LHX9",0.766844959506983
"_CCACGAGCACTCAGAT-1","Glut-CACNA1H-RA","Ex_CACNA1H_LHX9",0.79283494221676
"_CCATAAGAGTTCGGTT-1","Glut-CACNA1H-RA","Ex_CACNA1H_LHX9",0.805749035879082
"_CCCATTGTCCCGAGTG-1","Glut-CACNA1H-1","Ex_CACNA1H_LHX9",0.826101654569698
"_CCCGGAAAGCGGTAAC-1","Glut-CACNA1H-RA","Ex_CACNA1H_LHX9",0.827732793199924
"_CCCGGAAGTTCGTGCG-1","Glut-CACNA1H-RA","Ex_CACNA1H_LHX9",0.772307037721925
"_CCCTCAACAAGCCATT-1","Glut-CACNA1H-4","Ex_CACNA1H_LHX9",0.746758625532555
"_CCCTCTCAGAGCAGAA-1","Glut-CACNA1H-2","Ex_CACNA1H_LHX9",0.514076582961208
"_CCCTGATTCATGCCCT-1","Glut-CACNA1H-RA","Ex_CACNA1H_LHX9",0.587176170390499
"_CCCTTAGAGCTGACCC-1","Glut-CACNA1H-RA","Ex_CACNA1H_LHX9",0.828965638904485
"_CCCTTAGTCGGTCATA-1","Glut-CACNA1H-2","Ex_CACNA1H_LHX9",0.596270762860758
"_CCGATCTCACACGTGC-1","Glut-CACNA1H-1","Ex_CACNA1H_LHX9",0.828614384357135
"_CCGATCTGTCAAGGCA-1","Glut-CACNA1H-RA","Ex_CACNA1H_LHX9",0.80886347670079
"_CCGATCTGTTTGGAGG-1","Glut-CACNA1H-RA","Ex_CACNA1H_LHX9",0.782282672097038
"_CCGATCTTCGGACAAG-1","Glut-CACNA1H-1","Ex_CACNA1H_LHX9",0.836774902140738
"_CCGGACAAGGCTTAGG-1","Glut-CACNA1H-2","Ex_CACNA1H_LHX9",0.591353421195423
"_CCGGGTAGTGCCCACA-1","Glut-CACNA1H-RA","Ex_CACNA1H_LHX9",0.81136917786043
"_CCGGTAGAGCAGTCTT-1","Glut-CACNA1H-1","Ex_CACNA1H_LHX9",0.78345664640202
"_CCGGTAGAGTCTCTGA-1","Glut-CACNA1H-1","Ex_CACNA1H_LHX9",0.78671764697553
"_CCGGTGAAGAACGTGC-1","Glut-CACNA1H-1","Ex_CACNA1H_LHX9",0.766077899474459
"_CCGGTGAAGATGATTG-1","Glut-CACNA1H-RA","Ex_CACNA1H_LHX9",0.749372283320928
"_CCGGTGAGTGGAACAC-1","Glut-CACNA1H-RA","Ex_CACNA1H_LHX9",0.822858260409393
"_CCGTAGGCACTGGCGT-1","Glut-CACNA1H-4","Ex_DACH2_SLIT2",0.501551893710088
"_CCGTAGGCAGCTTTCC-1","Glut-CACNA1H-RA","Ex_CACNA1H_LHX9",0.789916856690571
"_CCGTGAGGTTCTCCCA-1","Glut-CACNA1H-1","Ex_CACNA1H_LHX9",0.832185268703263
"_CCGTGAGTCGAATCCA-1","Glut-CACNA1H-1","Ex_CACNA1H_LHX9",0.614196692233821
"_CCTAACCCAGGTAGTG-1","Glut-CACNA1H-RA","Ex_CACNA1H_LHX9",0.799590128450975
"_CCTACGTAGCAGAAAG-1","Glut-DACH2-4","Ex_DACH2_ITGA9",0.252152713545477
"_CCTACGTGTGACCGTC-1","Glut-CACNA1H-1","Ex_CACNA1H_LHX9",0.782714395460702
"_CCTATCGGTGCTGATT-1","Glut-CACNA1H-RA","Ex_CACNA1H_LHX9",0.815053193051565
"_CCTCAACCAGAGGCAT-1","Glut-CACNA1H-RA","Ex_CACNA1H_LHX9",0.80688805281843
"_CCTCACAAGCCTGGAA-1","Glut-CACNA1H-1","Ex_CACNA1H_LHX9",0.822948764569725
"_CCTCACATCGTCGGGT-1","Glut-CACNA1H-RA","Ex_CACNA1H_LHX9",0.820939319405881
"_CCTCAGTAGCAAGGAA-1","Glut-CACNA1H-RA","Ex_CACNA1H_LHX9",0.763404166867238
"_CCTCAGTAGGGAGGTG-1","Glut-CACNA1H-RA","Ex_CACNA1H_LHX9",0.802079807232279
"_CCTCAGTCAAGTGACG-1","Glut-CACNA1H-RA","Ex_CACNA1H_LHX9",0.778460718706783
"_CCTCATGAGCCTCAGC-1","Glut-CACNA1H-2","Ex_CACNA1H_LHX9",0.754594090627731
"_CCTCATGCAGAATTCC-1","Glut-CACNA1H-RA","Ex_CACNA1H_LHX9",0.784085037567985
"_CCTCATGTCGTGTTCC-1","Glut-CACNA1H-RA","Ex_CACNA1H_LHX9",0.777025154425839
"_CCTCATGTCTAGTGTG-1","Glut-CACNA1H-2","Ex_CACNA1H_LHX9",0.595917809220954
"_CCTCTAGCAGGCTTGC-1","Glut-CACNA1H-2","Ex_CACNA1H_LHX9",0.602387209051508
"_CCTCTCCAGCGGATCA-1","Glut-CACNA1H-4","Ex_DACH2_SLIT2",0.480989603862342
"_CCTCTCCCATGGACAG-1","Glut-CACNA1H-RA","Ex_CACNA1H_LHX9",0.790077943985562
"_CCTCTCCGTTGTGTAC-1","Glut-CACNA1H-RA","Ex_CACNA1H_LHX9",0.828114905264182
"_CCTGCATGTCCGAAGA-1","Glut-CACNA1H-1","Ex_CACNA1H_LHX9",0.807686362349698
"_CCTGCATTCCATCAGA-1","Glut-CACNA1H-4","Ex_CACNA1H_LHX9",0.473704298184435
"_CCTGCATTCTCGACCT-1","Glut-CACNA1H-RA","Ex_CACNA1H_LHX9",0.819011439134028
"_CCTGTTGCAATCCTTT-1","Glut-CACNA1H-RA","Ex_CACNA1H_LHX9",0.815620240960148
"_CCTTCAGAGCAGATAT-1","Glut-CACNA1H-4","Ex_CACNA1H_LHX9",0.427070369717125
"_CCTTCAGGTCATACCA-1","Glut-CACNA1H-RA","Ex_CACNA1H_LHX9",0.794889642508029
"_CGAAGTTCAGCGCGTT-1","Glut-CACNA1H-RA","Ex_CACNA1H_LHX9",0.813563271384347
"_CGAATTGCAAAGTGTA-1","Glut-CACNA1H-2","Ex_CACNA1H_LHX9",0.805489474108002
"_CGAATTGCACGACGAA-1","Glut-CACNA1H-2","Ex_CACNA1H_LHX9",0.627277789357644
"_CGAATTGGTTCTCTCG-1","Glut-CACNA1H-RA","Ex_CACNA1H_LHX9",0.839981092297564
"_CGAATTGTCTCCGAGG-1","Glut-CACNA1H-RA","Ex_CACNA1H_LHX9",0.764395454416426
"_CGACAGCAGCGCCTAC-1","Glut-CACNA1H-1","Ex_CACNA1H_LHX9",0.805023630496427
"_CGACAGCCAGTGGGTA-1","Glut-CACNA1H-RA","Ex_CACNA1H_LHX9",0.798370460829306
"_CGAGAAGAGCTGGTGA-1","Glut-CACNA1H-RA","Ex_CACNA1H_LHX9",0.796031968661397
"_CGAGAAGAGTGCCCGT-1","Glut-CACNA1H-RA","Ex_CACNA1H_LHX9",0.783438551070544
"_CGAGAAGGTTTAGACC-1","Glut-CACNA1H-RA","Ex_CACNA1H_LHX9",0.834244891407522
"_CGAGGAAAGGCATCTT-1","Glut-CACNA1H-2","Ex_CACNA1H_LHX9",0.808381567636168
"_CGAGGCTAGCCATGCC-1","Glut-CACNA1H-RA","Ex_CACNA1H_LHX9",0.830348004170486
"_CGAGGCTCACGGCGTT-1","Glut-CACNA1H-4","Ex_CACNA1H_LHX9",0.727347677316483
"_CGAGGCTCATAATGAG-1","Glut-CACNA1H-RA","Ex_CACNA1H_LHX9",0.806835634625593
"_CGAGGCTTCACCATCC-1","Glut-CACNA1H-RA","Ex_CACNA1H_LHX9",0.829973170963474
"_CGAGTGCAGGCCTGCT-1","Glut-CACNA1H-RA","Ex_CACNA1H_LHX9",0.830335469063841
"_CGAGTTATCCGATAAC-1","Glut-CACNA1H-RA","Ex_CACNA1H_LHX9",0.778796400685892
"_CGATCGGGTCCAGAAG-1","Glut-CACNA1H-2","Ex_CACNA1H_LHX9",0.738658521687806
"_CGATGCGAGTAAGACT-1","Glut-DACH2-1","Ex_DACH2_GRIK4",0.305649830794088
"_CGATGCGCATCCCACT-1","Glut-CACNA1H-1","Ex_CACNA1H_LHX9",0.850741316008844
"_CGCAGGTAGAGTAACT-1","Glut-CACNA1H-1","Ex_CACNA1H_LHX9",0.657707586149643
"_CGCCAGAAGTAAGGGA-1","Glut-CACNA1H-RA","Ex_CACNA1H_LHX9",0.769353726832852
"_CGCCAGATCCGATAAC-1","Glut-CACNA1H-2","Ex_CACNA1H_LHX9",0.599552479382597
"_CGGAATTCACGCTTAA-1","Glut-CACNA1H-RA","Ex_CACNA1H_LHX9",0.831358608872311
"_CGGAGAACAGCAATTC-1","Glut-CACNA1H-2","Ex_CACNA1H_LHX9",0.804617530360956
"_CGGGACTTCGCATAGT-1","Glut-CACNA1H-2","Ex_CACNA1H_LHX9",0.725730042582705
"_CGGGACTTCGCTGATA-1","Glut-CACNA1H-RA","Ex_CACNA1H_LHX9",0.772322725759433
"_CGGGCATCAACAACAA-1","Glut-CACNA1H-1","Ex_CACNA1H_LHX9",0.802501261236732
"_CGGGTGTAGTAAGGGA-1","Glut-CACNA1H-RA","Ex_CACNA1H_LHX9",0.802545207626842
"_CGGTCAGTCAGCAATC-1","Glut-CACNA1H-RA","Ex_CACNA1H_LHX9",0.812711780693779
"_CGTAAGTCAGTCCCGA-1","Glut-CACNA1H-RA","Ex_CACNA1H_LHX9",0.835744317748594
"_CGTAATGCAATTGTGC-1","Glut-CACNA1H-2","Ex_CACNA1H_LHX9",0.410350009006218
"_CGTAGTAGTCCAGTTA-1","Glut-CACNA1H-1","Ex_CACNA1H_LHX9",0.841622224167731
"_CGTAGTATCGACCAAT-1","Glut-CACNA1H-RA","Ex_CACNA1H_LHX9",0.787406652494135
"_CGTGAATAGGACTTCT-1","Glut-CACNA1H-RA","Ex_CACNA1H_LHX9",0.788920995353884
"_CGTGAATTCGTGTGAT-1","Glut-CACNA1H-1","Ex_CACNA1H_LHX9",0.807741775954318
"_CGTGATAAGACATATG-1","Glut-CACNA1H-1","Ex_CACNA1H_LHX9",0.828745541597554
"_CGTGATAAGGGATCGT-1","Glut-CACNA1H-RA","Ex_CACNA1H_LHX9",0.791067471418409
"_CGTGCTTAGCGCAATG-1","Glut-CACNA1H-1","Ex_CACNA1H_LHX9",0.716689626393019
"_CGTGCTTAGTCAGGGT-1","Glut-CACNA1H-RA","Ex_CACNA1H_LHX9",0.782504137562251
"_CGTGCTTGTACTCGTA-1","Glut-CACNA1H-RA","Ex_CACNA1H_LHX9",0.80621085906319
"_CGTGCTTGTGAAAGTT-1","Glut-CACNA1H-RA","Ex_CACNA1H_LHX9",0.799032482494127
"_CGTGCTTGTTCACGAT-1","Glut-CACNA1H-4","Ex_CACNA1H_LHX9",0.459140538376349
"_CGTGCTTTCACTCCGT-1","Glut-CACNA1H-RA","Ex_CACNA1H_LHX9",0.813337121506554
"_CGTGCTTTCCATCCGT-1","Glut-CACNA1H-RA","Ex_CACNA1H_LHX9",0.825681505342166
"_CGTTGGGCATCGCTCT-1","Glut-CACNA1H-2","Ex_CACNA1H_LHX9",0.80593589749404
"_CTAACTTAGTTGAAGT-1","Glut-CACNA1H-RA","Ex_CACNA1H_LHX9",0.806312840147035
"_CTAAGTGTCCCTTGTG-1","Glut-CACNA1H-RA","Ex_CACNA1H_LHX9",0.809416955915175
"_CTACCTGAGGTGCAGT-1","Glut-CACNA1H-RA","Ex_CACNA1H_LHX9",0.787298273853692
"_CTACCTGAGGTGCCTC-1","Glut-CACNA1H-RA","Ex_CACNA1H_LHX9",0.796487841459848
"_CTACGGGGTAGGCTCC-1","Glut-CACNA1H-RA","Ex_CACNA1H_LHX9",0.813926762148785
"_CTACGGGTCCATTCAT-1","Glut-CACNA1H-RA","Ex_CACNA1H_LHX9",0.792610349799182
"_CTACTATCAAGCTGCC-1","Glut-CACNA1H-2","Ex_DACH2_SLIT2",0.4092104948646
"_CTACTATTCTTCCACG-1","Glut-CACNA1H-RA","Ex_CACNA1H_LHX9",0.796068465725784
"_CTAGGTACACGGTGTC-1","Glut-CACNA1H-RA","Ex_CACNA1H_LHX9",0.823448425791227
"_CTAGGTATCTGTCAGA-1","Glut-CACNA1H-RA","Ex_CACNA1H_LHX9",0.833305431577029
"_CTATAGGGTCATACCA-1","Glut-CACNA1H-RA","Ex_CACNA1H_LHX9",0.809530562462993
"_CTATCCGCAAGCTGCC-1","Glut-CACNA1H-RA","Ex_CACNA1H_LHX9",0.815263935920547
"_CTCAACCTCCGCTAGG-1","Glut-CACNA1H-RA","Ex_CACNA1H_LHX9",0.810529167468129
"_CTCAAGAGTACTCCGG-1","Glut-CACNA1H-RA","Ex_CACNA1H_LHX9",0.797899424069984
"_CTCAATTCACCGTCTT-1","Glut-CACNA1H-RA","Ex_CACNA1H_LHX9",0.792856378869481
"_CTCAATTCAGTTGGTT-1","Glut-CACNA1H-4","Ex_DACH2_SLIT2",0.458986646265832
"_CTCAATTTCTGCGTCT-1","Glut-CACNA1H-RA","Ex_CACNA1H_LHX9",0.790096493925119
"_CTCAGGGCACTTTATC-1","Glut-CACNA1H-RA","Ex_CACNA1H_LHX9",0.764326522414985
"_CTCAGGGGTTTATGCG-1","Glut-CACNA1H-3","Ex_CACNA1H_LHX9",0.781734822578964
"_CTCAGGGTCCATAGAC-1","Glut-CACNA1H-4","Ex_CACNA1H_LHX9",0.587936400598377
"_CTCAGTCGTCTCAGAT-1","Glut-CACNA1H-1","Ex_CACNA1H_LHX9",0.813268083520122
"_CTCAGTCGTGGCACTC-1","Glut-CACNA1H-4","Ex_CACNA1H_LHX9",0.451295764380278
"_CTCATCGAGAGATGCC-1","Glut-CACNA1H-1","Ex_CACNA1H_LHX9",0.863265592298088
"_CTCATCGCACGCCAGT-1","Glut-CACNA1H-1","Ex_CACNA1H_LHX9",0.796964409535993
"_CTCATCGGTGGCGTAA-1","Glut-CACNA1H-RA","Ex_CACNA1H_LHX9",0.842425714216377
"_CTCATGCAGGACAGCT-1","Glut-CACNA1H-RA","Ex_CACNA1H_LHX9",0.805820404384308
"_CTCATGCGTTAGAAAC-1","Glut-CACNA1H-RA","Ex_CACNA1H_LHX9",0.782283814662238
"_CTCATGCTCCCGATCT-1","Glut-CACNA1H-RA","Ex_CACNA1H_LHX9",0.770152868265848
"_CTCATTACATGACTCA-1","Glut-CACNA1H-RA","Ex_CACNA1H_LHX9",0.840380462563237
"_CTCCAACGTCTTACAG-1","Glut-CACNA1H-4","Ex_CACNA1H_LHX9",0.61679387691414
"_CTCCACAGTTGCTCGG-1","Glut-CACNA1H-RA","Ex_CACNA1H_LHX9",0.790684970881838
"_CTCCATGCACAAATGA-1","Glut-CACNA1H-2","Ex_CACNA1H_LHX9",0.80109908628608
"_CTCCCAAGTACGTGTT-1","Glut-CACNA1H-RA","Ex_CACNA1H_LHX9",0.82612188921425
"_CTCCCTCTCGTCCTCA-1","Glut-CACNA1H-4","Ex_CACNA1H_LHX9",0.409030823656507
"_CTCCTCCAGAACTGAT-1","Glut-CACNA1H-4","Ex_DACH2_SLIT2",0.549039967309065
"_CTCCTTTCAGAAATTG-1","Glut-CACNA1H-RA","Ex_CACNA1H_LHX9",0.804218067212119
"_CTCCTTTGTGAATAAC-1","Glut-CACNA1H-RA","Ex_CACNA1H_LHX9",0.77580405983641
"_CTCGAGGAGGTCGTCC-1","Glut-CACNA1H-RA","Ex_CACNA1H_LHX9",0.824246021421626
"_CTCGAGGCACTGAGTT-1","Glut-CACNA1H-1","Ex_CACNA1H_LHX9",0.810764382523905
"_CTCTGGTCACTGCGAC-1","Glut-CACNA1H-2","Ex_CACNA1H_LHX9",0.811336002686247
"_CTGAGGCCAGTCGTTA-1","Glut-CACNA1H-RA","Ex_CACNA1H_LHX9",0.824663203993517
"_CTGCAGGCAGAGGCAT-1","Glut-CACNA1H-RA","Ex_CACNA1H_LHX9",0.811978420970032
"_CTGCAGGGTACTGCGC-1","Glut-CACNA1H-2","Ex_CACNA1H_LHX9",0.705895234371551
"_CTGCCATAGTCATGCT-1","Glut-CACNA1H-RA","Ex_CACNA1H_LHX9",0.807535601433783
"_CTGCCATCAGCTGTTA-1","Glut-CACNA1H-RA","Ex_CACNA1H_LHX9",0.785448725232274
"_CTGCCATTCTCTGCTG-1","Glut-CACNA1H-RA","Ex_CACNA1H_LHX9",0.806444684560792
"_CTGCCTATCCAGTACA-1","Glut-CACNA1H-RA","Ex_CACNA1H_LHX9",0.81089311062505
"_CTGCTCAGTTCTCACC-1","Glut-CACNA1H-2","Ex_CACNA1H_LHX9",0.659943685765664
"_CTGCTCATCACGAACT-1","Glut-CACNA1H-4","Ex_CACNA1H_LHX9",0.472821484982617
"_CTGGACGGTGACTGAG-1","Glut-CACNA1H-1","Ex_CACNA1H_LHX9",0.767358995305041
"_CTGGCAGAGAGTTCGG-1","Glut-CACNA1H-RA","Ex_CACNA1H_LHX9",0.802142871131247
"_CTGGTCTAGAGTCAAT-1","Glut-CACNA1H-RA","Ex_CACNA1H_LHX9",0.780872627502222
"_CTGGTCTTCTGTGCAA-1","Glut-DACH2-3","Ex_DACH2_SLIT2",0.800751726974743
"_CTGTACCCAGGATGAC-1","Glut-CACNA1H-RA","Ex_CACNA1H_LHX9",0.79640827513766
"_CTGTAGACAACATCGT-1","Glut-CACNA1H-RA","Ex_CACNA1H_LHX9",0.824299125501816
"_CTGTAGACAAGTCCAT-1","Glut-CACNA1H-RA","Ex_CACNA1H_LHX9",0.817794193386983
"_CTGTATTAGTCCGTCG-1","Glut-CACNA1H-RA","Ex_CACNA1H_LHX9",0.798303696886451
"_CTGTATTCATAGGAGC-1","Glut-CACNA1H-RA","Ex_CACNA1H_LHX9",0.822417644384718
"_CTGTCGTCAATCTCGA-1","Glut-CACNA1H-1","Ex_CACNA1H_LHX9",0.779685219485736
"_CTGTGAACAGCGCTTG-1","Glut-CACNA1H-RA","Ex_CACNA1H_LHX9",0.756406684095706
"_CTTAGGAAGGTCGCCT-1","Glut-CACNA1H-4","Ex_DACH2_SLIT2",0.487919984977001
"_CTTAGGACAGCGCTTG-1","Glut-CACNA1H-RA","Ex_CACNA1H_LHX9",0.812997648205211
"_CTTAGGACATCGAACT-1","Glut-CACNA1H-RA","Ex_CACNA1H_LHX9",0.767324503280127
"_CTTAGGATCTAACGCA-1","Glut-CACNA1H-1","Ex_CACNA1H_LHX9",0.830405150765467
"_CTTCAATAGGATGAGA-1","Glut-CACNA1H-RA","Ex_CACNA1H_LHX9",0.794681482318079
"_CTTGATTGTGTGTCCG-1","Glut-CACNA1H-1","Ex_CACNA1H_LHX9",0.786806016224482
"_CTTGATTTCACTTGGA-1","Glut-CACNA1H-RA","Ex_CACNA1H_LHX9",0.765745763936481
"_CTTTCAAGTGAGGATC-1","Glut-CACNA1H-4","Ex_DACH2_SLIT2",0.475389029319603
"_CTTTCAAGTTCTCCCA-1","Glut-CACNA1H-1","Ex_CACNA1H_LHX9",0.811137201152256
"_CTTTCAATCTCAACCC-1","Glut-CACNA1H-RA","Ex_CACNA1H_LHX9",0.812596273564187
"_CTTTCAATCTGCTAGA-1","Glut-CACNA1H-RA","Ex_CACNA1H_LHX9",0.831314511635804
"_CTTTCGGAGGCCACCT-1","Glut-CACNA1H-RA","Ex_CACNA1H_LHX9",0.81493595458747
"_GAAACCTGTCTGTGGC-1","Glut-CACNA1H-RA","Ex_CACNA1H_LHX9",0.787151716295614
"_GAAACCTTCTGCTAGA-1","Glut-CACNA1H-RA","Ex_CACNA1H_LHX9",0.79577810894325
"_GAAATGAAGCTGACCC-1","Glut-CACNA1H-RA","Ex_CACNA1H_LHX9",0.827092197230757
"_GAAATGAAGTTACGAA-1","Glut-CACNA1H-RA","Ex_CACNA1H_LHX9",0.805211121626361
"_GAAATGATCCGCTGTT-1","Glut-CACNA1H-3","Ex_CACNA1H_LHX9",0.804814885905435
"_GAACACTGTGCTCTCT-1","Glut-CACNA1H-RA","Ex_CACNA1H_LHX9",0.771439331683528
"_GAAGAATCAAGGATGC-1","Glut-CACNA1H-RA","Ex_CACNA1H_LHX9",0.839347803637725
"_GAAGAATTCAAAGAAC-1","Glut-CACNA1H-RA","Ex_CACNA1H_LHX9",0.803436603921169
"_GAAGCCCGTGCCTTTC-1","Glut-CACNA1H-RA","Ex_CACNA1H_LHX9",0.82482121071756
"_GAAGCCCTCGCCTTGT-1","Glut-CACNA1H-RA","Ex_CACNA1H_LHX9",0.800652916098613
"_GAAGGACCACCTTCGT-1","Glut-CACNA1H-RA","Ex_CACNA1H_LHX9",0.825923292774315
"_GAAGGACGTCGAATGG-1","Glut-CACNA1H-1","Ex_CACNA1H_LHX9",0.814045245052397
"_GAAGGGTAGGTGCTTT-1","Glut-CACNA1H-RA","Ex_CACNA1H_LHX9",0.810843152267752
"_GAAGTAATCGTCCATC-1","Glut-CACNA1H-RA","Ex_CACNA1H_LHX9",0.813541469703334
"_GAATAGAAGATACGAT-1","Glut-CACNA1H-2","Ex_CACNA1H_LHX9",0.695211120409893
"_GAATCACAGGGCTTCC-1","Glut-CACNA1H-2","Ex_CACNA1H_LHX9",0.746055177924307
"_GAATCACTCCATTTCA-1","Glut-CACNA1H-RA","Ex_CACNA1H_LHX9",0.797392802597604
"_GAATCACTCGACTCCT-1","Glut-CACNA1H-RA","Ex_CACNA1H_LHX9",0.840233371983388
"_GACACGCAGATACGAT-1","Glut-CACNA1H-RA","Ex_CACNA1H_LHX9",0.806689604792614
"_GACACGCAGGCACTCC-1","Glut-CACNA1H-RA","Ex_CACNA1H_LHX9",0.830063237605597
"_GACACGCCAACCCGCA-1","Glut-CACNA1H-RA","Ex_CACNA1H_LHX9",0.812406932301137
"_GACAGCCAGCCTTTGA-1","Glut-CACNA1H-RA","Ex_CACNA1H_LHX9",0.802476627652025
"_GACAGCCCAAGTAGTA-1","Glut-CACNA1H-RA","Ex_CACNA1H_LHX9",0.796980073692337
"_GACCAATCAAGGCTTT-1","Glut-CACNA1H-2","Ex_CACNA1H_LHX9",0.791776518267419
"_GACCGTGAGAGCAACC-1","Glut-CACNA1H-RA","Ex_CACNA1H_LHX9",0.815629923237013
"_GACCGTGAGAGTTGCG-1","Glut-CACNA1H-RA","Ex_CACNA1H_LHX9",0.831483098724203
"_GACCGTGAGGCAGGGA-1","Glut-CACNA1H-2","Ex_CACNA1H_LHX9",0.816445955096805
"_GACCGTGGTGCCAAGA-1","Glut-CACNA1H-RA","Ex_CACNA1H_LHX9",0.760046876237678
"_GACGCTGCAAAGTGTA-1","Glut-CACNA1H-RA","Ex_CACNA1H_LHX9",0.799846438222827
"_GACGCTGGTCTGTGAT-1","Glut-CACNA1H-2","Ex_CACNA1H_LHX9",0.731824329048566
"_GACTATGCACTTGTCC-1","Glut-CACNA1H-RA","Ex_CACNA1H_LHX9",0.790915554605671
"_GACTCTCGTCGTATGT-1","Glut-CACNA1H-RA","Ex_CACNA1H_LHX9",0.787618144497083
"_GACTTCCAGGATCACG-1","Glut-CACNA1H-RA","Ex_CACNA1H_LHX9",0.828935717234148
"_GACTTCCCATGGCTAT-1","Glut-CACNA1H-RA","Ex_CACNA1H_LHX9",0.819580240014563
"_GAGACCCGTCCCTGAG-1","Glut-CACNA1H-RA","Ex_CACNA1H_LHX9",0.835141043722973
"_GAGACTTGTTTACGAC-1","Glut-CACNA1H-RA","Ex_CACNA1H_LHX9",0.817476846853006
"_GAGATGGGTATCGGTT-1","Glut-CACNA1H-1","Ex_CACNA1H_LHX9",0.746889593448802
"_GAGATGGGTGGTAATA-1","Glut-CACNA1H-RA","Ex_CACNA1H_LHX9",0.813256514189186
"_GAGCCTGAGCCGATCC-1","Glut-CACNA1H-RA","Ex_CACNA1H_LHX9",0.813531877319299
"_GAGCCTGAGTGCAACG-1","Glut-CACNA1H-RA","Ex_CACNA1H_LHX9",0.8252226827147
"_GAGGCAAGTGCAGGAT-1","Glut-CACNA1H-RA","Ex_CACNA1H_LHX9",0.805448772375257
"_GAGGCAATCGGCTTGG-1","Glut-CACNA1H-1","Ex_CACNA1H_LHX9",0.791344735136163
"_GAGGGTAAGAGACAAG-1","Glut-CACNA1H-1","Ex_CACNA1H_LHX9",0.756722836450752
"_GAGGGTACAGCTCTGG-1","Glut-CACNA1H-4","Ex_DACH2_SLIT2",0.533615032144422
"_GAGTCTACAGCTTTGA-1","Glut-CACNA1H-RA","Ex_CACNA1H_LHX9",0.797423081860953
"_GAGTGAGAGAAATGGG-1","Glut-CACNA1H-RA","Ex_CACNA1H_LHX9",0.860213759672021
"_GAGTGAGAGTCGCCCA-1","Glut-CACNA1H-RA","Ex_CACNA1H_LHX9",0.791777036638723
"_GAGTGAGTCGACGAGA-1","Glut-CACNA1H-RA","Ex_CACNA1H_LHX9",0.828592254216941
"_GAGTGTTGTCCTCCAT-1","Glut-CACNA1H-4","Ex_DACH2_SLIT2",0.451447877130737
"_GAGTTACAGCATCCCG-1","Glut-CACNA1H-RA","Ex_CACNA1H_LHX9",0.818774833615252
"_GAGTTACAGGGACACT-1","Glut-CACNA1H-RA","Ex_CACNA1H_LHX9",0.803324163107643
"_GAGTTACCAGGTGTTT-1","Glut-CACNA1H-RA","Ex_CACNA1H_LHX9",0.799255128450708
"_GAGTTACGTACGTAGG-1","Glut-CACNA1H-1","Ex_DACH2_NR4A3",0.419888121434267
"_GAGTTACGTCGTTGGC-1","Glut-CACNA1H-RA","Ex_CACNA1H_LHX9",0.813424718324519
"_GATAGCTCAAATACGA-1","Glut-CACNA1H-RA","Ex_CACNA1H_LHX9",0.806372659441342
"_GATCATGCATTGAAAG-1","Glut-CACNA1H-3","Ex_CACNA1H_LHX9",0.8267364162349
"_GATCATGTCCGTTTCG-1","Glut-CACNA1H-3","Ex_CACNA1H_LHX9",0.81225659619149
"_GATCCCTCAATCCTTT-1","Glut-CACNA1H-4","Ex_DACH2_SLIT2",0.436317399758508
"_GATCCCTCACCTGCGA-1","Glut-CACNA1H-1","Ex_CACNA1H_LHX9",0.801853250658843
"_GATCGTACAGACAAAT-1","Glut-CACNA1H-RA","Ex_CACNA1H_LHX9",0.818303079482934
"_GATCGTACATGGCTAT-1","Glut-CACNA1H-1","Ex_CACNA1H_LHX9",0.82604205474588
"_GATGACTCACACACGC-1","Glut-CACNA1H-RA","Ex_CACNA1H_LHX9",0.794064887178141
"_GATGACTGTCGCCACA-1","Glut-CACNA1H-RA","Ex_CACNA1H_LHX9",0.786021389715518
"_GATGCTAAGGTGCTAG-1","Glut-CACNA1H-2","Ex_CACNA1H_LHX9",0.790704180402085
"_GATGCTAAGGTTGCCC-1","Glut-CACNA1H-RA","Ex_CACNA1H_LHX9",0.812505019764672
"_GATGCTAGTAGGTACG-1","Glut-CACNA1H-RA","Ex_CACNA1H_LHX9",0.786957550837182
"_GATGCTATCTTGATTC-1","Glut-CACNA1H-4","Ex_CACNA1H_LHX9",0.533513963109549
"_GATGGAGCATATTCGG-1","Glut-CACNA1H-1","Ex_CACNA1H_LHX9",0.832521304838135
"_GATGGAGGTGTTCGTA-1","Glut-CACNA1H-RA","Ex_CACNA1H_LHX9",0.824616750058846
"_GATGGAGTCGTAACAC-1","Glut-DACH2-1","Ex_DACH2_MGAT4C",0.260171925748049
"_GATTGGTCAGATTCGT-1","Glut-CACNA1H-RA","Ex_CACNA1H_LHX9",0.812931848893006
"_GATTGGTGTCTCTCTG-1","Glut-CACNA1H-RA","Ex_CACNA1H_LHX9",0.823279377425544
"_GATTGGTTCCAGCCTT-1","Glut-CACNA1H-RA","Ex_CACNA1H_LHX9",0.842848001776618
"_GATTTCTCAGTAGGAC-1","Glut-CACNA1H-3","Ex_CACNA1H_LHX9",0.55418083908699
"_GATTTCTCATCGGTTA-1","Glut-CACNA1H-RA","Ex_CACNA1H_LHX9",0.806908246883328
"_GCAACCGCACCAGTTA-1","Glut-CACNA1H-RA","Ex_CACNA1H_LHX9",0.820471538998765
"_GCAACCGCATTCGGGC-1","Glut-CACNA1H-1","Ex_CACNA1H_LHX9",0.833570719944075
"_GCAACCGGTTGCGGAA-1","Glut-CACNA1H-RA","Ex_CACNA1H_LHX9",0.826089816580078
"_GCACATACAAATAGCA-1","Glut-CACNA1H-RA","Ex_CACNA1H_LHX9",0.851758000281543
"_GCACATACAACCGTGC-1","Glut-CACNA1H-RA","Ex_CACNA1H_LHX9",0.786644685093783
"_GCACGGTAGTGATAAC-1","Glut-CACNA1H-RA","Ex_CACNA1H_LHX9",0.822888409095452
"_GCACGTGCACGGGCTT-1","Glut-CACNA1H-RA","Ex_CACNA1H_LHX9",0.80938358510336
"_GCACGTGCATTGGCAT-1","Glut-CACNA1H-RA","Ex_CACNA1H_LHX9",0.803544013955943
"_GCACGTGGTACTGGGA-1","Glut-CACNA1H-RA","Ex_CACNA1H_LHX9",0.801020152128982
"_GCAGCCATCACTACGA-1","Glut-CACNA1H-RA","Ex_CACNA1H_LHX9",0.819327662020319
"_GCAGCTGGTCAGCGTC-1","Glut-CACNA1H-RA","Ex_CACNA1H_LHX9",0.779244612974639
"_GCAGCTGTCTCAGAAC-1","Glut-CACNA1H-RA","Ex_CACNA1H_LHX9",0.822700766507515
"_GCAGGCTTCCAACCGG-1","Glut-CACNA1H-2","Ex_CACNA1H_LHX9",0.802485694712979
"_GCATCGGTCATTACGG-1","Glut-CACNA1H-1","Ex_CACNA1H_LHX9",0.820322401348815
"_GCATCTCGTCTCGGGT-1","Glut-DACH2-HVCra-Pre","Ex_DACH2_LHX2",0.513708064235657
"_GCATGATCATCCGTGG-1","Glut-CACNA1H-RA","Ex_CACNA1H_LHX9",0.821550466422628
"_GCATGATGTAGATTAG-1","Glut-CACNA1H-1","Ex_CACNA1H_LHX9",0.813975116757255
"_GCATTAGGTCATGCAT-1","Glut-CACNA1H-RA","Ex_CACNA1H_LHX9",0.801634210397808
"_GCCAGCAGTGGAATGC-1","Glut-CACNA1H-RA","Ex_CACNA1H_LHX9",0.762194030113041
"_GCCAGGTGTAACATAG-1","Glut-CACNA1H-RA","Ex_CACNA1H_LHX9",0.844643476775328
"_GCCATGGAGGTTACAA-1","Glut-CACNA1H-1","Ex_CACNA1H_LHX9",0.833489692224547
"_GCCATGGCACTTCATT-1","Glut-CACNA1H-RA","Ex_CACNA1H_LHX9",0.809274214352633
"_GCCATGGTCCTCTGCA-1","Glut-CACNA1H-4","Ex_CACNA1H_LHX9",0.463109247834148
"_GCCATTCTCAGCTAGT-1","Glut-CACNA1H-2","Ex_CACNA1H_LHX9",0.555056678201145
"_GCCCAGACAAGCACCC-1","Glut-CACNA1H-4","Ex_CACNA1H_LHX9",0.607935515312955
"_GCCGATGAGTGAGGTC-1","Glut-CACNA1H-RA","Ex_CACNA1H_LHX9",0.826381818460268
"_GCCGATGGTGTCCGTG-1","Glut-CACNA1H-2","Ex_CACNA1H_LHX9",0.811474595593893
"_GCCGATGTCCTTACCG-1","Glut-CACNA1H-RA","Ex_CACNA1H_LHX9",0.794918158240164
"_GCCTGTTCACGACGTC-1","Glut-CACNA1H-RA","Ex_CACNA1H_LHX9",0.815098405844188
"_GCGATCGCAATCGAAA-1","Glut-CACNA1H-2","Ex_CACNA1H_LHX9",0.790748856967991
"_GCGATCGCACCATAAC-1","Glut-CACNA1H-RA","Ex_CACNA1H_LHX9",0.81739149279779
"_GCGGAAAAGCAAGTGC-1","Glut-CACNA1H-RA","Ex_CACNA1H_LHX9",0.811866367211281
"_GCGGAAAGTACGTAGG-1","Glut-CACNA1H-RA","Ex_CACNA1H_LHX9",0.808680691382786
"_GCGGATCAGTGTACAA-1","Glut-CACNA1H-RA","Ex_CACNA1H_LHX9",0.82041317898448
"_GCGGATCCAGGTCAAG-1","Glut-CACNA1H-RA","Ex_CACNA1H_LHX9",0.625346289053987
"_GCGTGCAGTACAATAG-1","Glut-CACNA1H-1","Ex_CACNA1H_LHX9",0.820095689551216
"_GCGTTTCAGCTGTTCA-1","Glut-CACNA1H-1","Ex_CACNA1H_LHX9",0.797684690476575
"_GCGTTTCGTTGCTCGG-1","Glut-CACNA1H-1","Ex_CACNA1H_LHX9",0.777419405929176
"_GCGTTTCTCGATACGT-1","Glut-CACNA1H-RA","Ex_CACNA1H_LHX9",0.803743947177012
"_GCTACAAAGACTGGGT-1","Glut-CACNA1H-RA","Ex_CACNA1H_LHX9",0.732103983328416
"_GCTACAAAGCTCGAAG-1","Glut-CACNA1H-1","Ex_CACNA1H_LHX9",0.797075177087015
"_GCTACAACACTTCTCG-1","Glut-CACNA1H-RA","Ex_CACNA1H_LHX9",0.788256265926036
"_GCTACAAGTATGAAAC-1","Glut-CACNA1H-RA","Ex_CACNA1H_LHX9",0.819436423628411
"_GCTACAATCCCGAGAC-1","Glut-CACNA1H-RA","Ex_CACNA1H_LHX9",0.802500361381043
"_GCTACCTAGGCTCACC-1","Glut-CACNA1H-RA","Ex_CACNA1H_LHX9",0.794453134409856
"_GCTACCTCAGTGCCTG-1","Glut-CACNA1H-RA","Ex_CACNA1H_LHX9",0.802598040379415
"_GCTACCTTCAAGTGGG-1","Glut-CACNA1H-RA","Ex_CACNA1H_LHX9",0.775016688672852
"_GCTACCTTCTCTGGTC-1","Glut-CACNA1H-RA","Ex_CACNA1H_LHX9",0.803566254156444
"_GCTGCAGCACAATGCT-1","Glut-CACNA1H-1","Ex_CACNA1H_LHX9",0.786093609342192
"_GCTGGGTAGATAGTGT-1","Glut-CACNA1H-2","Ex_CACNA1H_LHX9",0.464371929541626
"_GCTGGGTCAACCAACT-1","Glut-CACNA1H-1","Ex_CACNA1H_LHX9",0.824996951754459
"_GCTGGGTCACCAGACC-1","Glut-CACNA1H-RA","Ex_CACNA1H_LHX9",0.842531768957122
"_GCTTGGGAGAGTGTGC-1","Glut-CACNA1H-RA","Ex_CACNA1H_LHX9",0.838958062518765
"_GCTTGGGTCCGGACTG-1","Glut-CACNA1H-RA","Ex_CACNA1H_LHX9",0.811736137959905
"_GCTTTCGAGCAAGTGC-1","Glut-CACNA1H-1","Ex_CACNA1H_LHX9",0.839889203022291
"_GCTTTCGTCCATAGGT-1","Glut-CACNA1H-RA","Ex_CACNA1H_LHX9",0.786646261027427
"_GGAAGTGAGGATTTCC-1","Glut-CACNA1H-RA","Ex_CACNA1H_LHX9",0.737185176431889
"_GGAAGTGCAACAAAGT-1","Glut-CACNA1H-RA","Ex_CACNA1H_LHX9",0.79945132037514
"_GGAAGTGTCACTCTTA-1","Glut-CACNA1H-RA","Ex_CACNA1H_LHX9",0.785493058557424
"_GGAAGTGTCCGCAGTG-1","Glut-CACNA1H-RA","Ex_CACNA1H_LHX9",0.799620066527628
"_GGAATCTAGAGGTTAT-1","Glut-CACNA1H-RA","Ex_CACNA1H_LHX9",0.7945187386937
"_GGAATCTTCCATCCGT-1","Glut-CACNA1H-RA","Ex_CACNA1H_LHX9",0.799970220357557
"_GGAATGGGTTCCACAA-1","Glut-CACNA1H-3","Ex_DACH2_GRIK4",0.191919911818912
"_GGAATGGTCGTGGTAT-1","Glut-CACNA1H-RA","Ex_CACNA1H_LHX9",0.821170819978181
"_GGACGTCGTTGCCGAC-1","Glut-CACNA1H-RA","Ex_CACNA1H_LHX9",0.814175344669178
"_GGAGATGAGTAAACAC-1","Glut-CACNA1H-RA","Ex_CACNA1H_LHX9",0.807203299846328
"_GGAGATGGTCGCGTCA-1","Glut-CACNA1H-RA","Ex_CACNA1H_LHX9",0.771694547863408
"_GGAGATGGTGGCTCTG-1","Glut-CACNA1H-RA","Ex_CACNA1H_LHX9",0.826607295017226
"_GGAGATGTCATTCGGA-1","Glut-CACNA1H-RA","Ex_CACNA1H_LHX9",0.812705015409998
"_GGAGCAAAGCGTCGAA-1","Glut-CACNA1H-1","Ex_CACNA1H_LHX9",0.846271844640851
"_GGAGGATAGAAACTCA-1","Glut-CACNA1H-RA","Ex_CACNA1H_LHX9",0.795819072198847
"_GGAGGATCATGGAGAC-1","Glut-CACNA1H-RA","Ex_CACNA1H_LHX9",0.776930735171871
"_GGAGGTATCGTGAGAG-1","Glut-CACNA1H-RA","Ex_CACNA1H_LHX9",0.808741731181482
"_GGATCTATCTGGAAGG-1","Glut-CACNA1H-RA","Ex_CACNA1H_LHX9",0.81324474771946
"_GGATGTTAGGCAGTCA-1","Glut-CACNA1H-RA","Ex_CACNA1H_LHX9",0.810914928651347
"_GGCACGTGTCTAACTG-1","Glut-CACNA1H-RA","Ex_CACNA1H_LHX9",0.672163749342554
"_GGCAGTCAGCAAGTGC-1","Glut-CACNA1H-RA","Ex_CACNA1H_LHX9",0.816253572571851
"_GGCAGTCAGTACCCTA-1","Glut-CACNA1H-RA","Ex_CACNA1H_LHX9",0.822377536342841
"_GGCGTCAAGAAACTCA-1","Glut-CACNA1H-RA","Ex_CACNA1H_LHX9",0.788403836037669
"_GGCGTCAAGCATCCTA-1","Glut-CACNA1H-2","Ex_CACNA1H_LHX9",0.769800702276088
"_GGCGTCAAGCGGGTAT-1","Glut-CACNA1H-RA","Ex_CACNA1H_LHX9",0.791752559759752
"_GGCTGTGCAGTGGGTA-1","Glut-CACNA1H-2","Ex_CACNA1H_LHX9",0.793074202713878
"_GGCTGTGCATAGATCC-1","Glut-CACNA1H-RA","Ex_CACNA1H_LHX9",0.810664474536001
"_GGCTGTGGTTGAATCC-1","Glut-CACNA1H-RA","Ex_CACNA1H_LHX9",0.81156602837895
"_GGCTGTGTCACCGACG-1","Glut-CACNA1H-RA","Ex_CACNA1H_LHX9",0.81195400991136
"_GGCTGTGTCGCTCCTA-1","Glut-CACNA1H-RA","Ex_CACNA1H_LHX9",0.789574677948189
"_GGCTTGGAGACACACG-1","Glut-CACNA1H-RA","Ex_CACNA1H_LHX9",0.804023443751186
"_GGCTTGGCAGGTGTTT-1","Glut-CACNA1H-2","Ex_CACNA1H_LHX9",0.813164277963104
"_GGCTTTCGTCGGCACT-1","Glut-CACNA1H-2","Ex_CACNA1H_LHX9",0.684305696836039
"_GGGACAATCTAGGCCG-1","Glut-CACNA1H-2","Ex_CACNA1H_LHX9",0.790006135432101
"_GGGACCTCAAGGTCTT-1","Glut-CACNA1H-RA","Ex_CACNA1H_LHX9",0.801446467096753
"_GGGACCTCATTATGCG-1","Glut-CACNA1H-RA","Ex_CACNA1H_LHX9",0.830440018488718
"_GGGACTCGTGTCATGT-1","Glut-CACNA1H-RA","Ex_CACNA1H_LHX9",0.847116392060013
"_GGGACTCTCACGGAGA-1","Glut-CACNA1H-RA","Ex_CACNA1H_LHX9",0.804896999189402
"_GGGAGATAGTTTGGCT-1","Glut-CACNA1H-3","Ex_CACNA1H_LHX9",0.801326212594238
"_GGGAGATGTACCTAAC-1","Glut-CACNA1H-RA","Ex_CACNA1H_LHX9",0.581749528094797
"_GGGAGATGTATGGAGC-1","Glut-CACNA1H-3","Ex_CACNA1H_LHX9",0.816274922258895
"_GGGAGTACATTGTAGC-1","Glut-CACNA1H-RA","Ex_CACNA1H_LHX9",0.764377319010342
"_GGGATCCTCCACGGAC-1","Glut-CACNA1H-1","Ex_CACNA1H_LHX9",0.627691285909224
"_GGGCCATCAATAGAGT-1","Glut-CACNA1H-RA","Ex_CACNA1H_LHX9",0.801032752652495
"_GGGCCATGTACCGGAA-1","Glut-CACNA1H-4","Ex_CACNA1H_LHX9",0.416123590287862
"_GGGCGTTGTGCTGTCG-1","Glut-CACNA1H-RA","Ex_CACNA1H_LHX9",0.802630354806973
"_GGGCTACAGTCATACC-1","Glut-CACNA1H-4","Ex_CACNA1H_LHX9",0.549971544190743
"_GGGCTACGTTCCGGTG-1","Glut-CACNA1H-RA","Ex_CACNA1H_LHX9",0.815008267915018
"_GGGCTACTCCGACAGC-1","Glut-CACNA1H-1","Ex_CACNA1H_LHX9",0.815733685357594
"_GGGCTCAAGTACAACA-1","Glut-CACNA1H-1","Ex_CACNA1H_LHX9",0.529944339911479
"_GGGCTCACAATCAAGA-1","Glut-CACNA1H-4","Ex_CACNA1H_LHX9",0.497775193607407
"_GGGTAGACACCTAAAC-1","Glut-CACNA1H-RA","Ex_CACNA1H_LHX9",0.780848329671299
"_GGGTAGACATCGATGT-1","Glut-CACNA1H-RA","Ex_CACNA1H_LHX9",0.789663693854926
"_GGGTCACGTCAATCTG-1","Glut-CACNA1H-1","Ex_CACNA1H_LHX9",0.8354956629406
"_GGGTCACTCTTCCACG-1","Glut-CACNA1H-RA","Ex_CACNA1H_LHX9",0.789085035502345
"_GGGTCTGGTGGCACTC-1","Glut-CACNA1H-RA","Ex_CACNA1H_LHX9",0.82888843181732
"_GGGTGTCAGCACACAG-1","Glut-CACNA1H-2","Ex_CACNA1H_LHX9",0.714408027407922
"_GGGTGTCTCTCAAAGC-1","Glut-CACNA1H-RA","Ex_CACNA1H_LHX9",0.793867951908118
"_GGGTTATGTCACTAGT-1","Glut-CACNA1H-RA","Ex_CACNA1H_LHX9",0.813808178604434
"_GGGTTTATCGTTCAGA-1","Glut-CACNA1H-1","Ex_CACNA1H_LHX9",0.707715412237268
"_GGTAGAGCAGCTTTCC-1","Glut-CACNA1H-1","Ex_CACNA1H_LHX9",0.784536714826376
"_GGTAGAGGTTGAATCC-1","Glut-CACNA1H-1","Ex_CACNA1H_LHX9",0.778251197300354
"_GGTAGAGTCATGCAGT-1","Glut-CACNA1H-RA","Ex_CACNA1H_LHX9",0.811690694177842
"_GGTCTGGAGCCGATAG-1","Glut-CACNA1H-2","Ex_CACNA1H_LHX9",0.769571258017611
"_GGTCTGGAGCGTGCCT-1","Glut-CACNA1H-4","Ex_CACNA1H_LHX9",0.544318491434718
"_GGTCTGGTCCTCACTG-1","Glut-CACNA1H-RA","Ex_CACNA1H_LHX9",0.770921660187699
"_GGTGAAGAGGCACTAG-1","Glut-CACNA1H-RA","Ex_CACNA1H_LHX9",0.837205988211943
"_GGTGAAGCAGGAATCG-1","Glut-CACNA1H-4","Ex_CACNA1H_LHX9",0.517848208263297
"_GGTGAAGGTGCATTAC-1","Glut-CACNA1H-RA","Ex_CACNA1H_LHX9",0.800186381769524
"_GGTGAAGGTGGTGATG-1","Glut-CACNA1H-RA","Ex_CACNA1H_LHX9",0.777592041297712
"_GGTGATTCATGGAATA-1","Glut-CACNA1H-1","Ex_CACNA1H_LHX9",0.827772950776459
"_GGTGGCTAGCCTTTCC-1","Glut-CACNA1H-RA","Ex_CACNA1H_LHX9",0.803879743264185
"_GGTGTCGCACGATTCA-1","Glut-CACNA1H-RA","Ex_CACNA1H_LHX9",0.798785406766414
"_GGTGTTAAGGGCCCTT-1","Glut-CACNA1H-RA","Ex_CACNA1H_LHX9",0.823155134417526
"_GGTGTTACATGCTGCG-1","Glut-CACNA1H-RA","Ex_CACNA1H_LHX9",0.784549688772485
"_GGTGTTAGTCTCGGGT-1","Glut-CACNA1H-RA","Ex_CACNA1H_LHX9",0.8061148975987
"_GGTTAACAGAATCGCG-1","Glut-CACNA1H-RA","Ex_CACNA1H_LHX9",0.797527435339654
"_GGTTAACAGTGGTTCT-1","Glut-CACNA1H-1","Ex_CACNA1H_LHX9",0.782713945244197
"_GGTTAACGTATCTCTT-1","Glut-CACNA1H-RA","Ex_CACNA1H_LHX9",0.814834727285696
"_GGTTAACTCACTTCTA-1","Glut-CACNA1H-RA","Ex_CACNA1H_LHX9",0.796814292588625
"_GGTTCTCGTGAGACCA-1","Glut-CACNA1H-RA","Ex_CACNA1H_LHX9",0.799905239619723
"_GTAACACGTCCGCAGT-1","Glut-CACNA1H-RA","Ex_CACNA1H_LHX9",0.828686604278536
"_GTAACACTCATTTCGT-1","Glut-CACNA1H-RA","Ex_CACNA1H_LHX9",0.809741827319653
"_GTAACCAAGACTCTTG-1","Glut-CACNA1H-RA","Ex_CACNA1H_LHX9",0.791075329628197
"_GTAACCAAGTCAGCCC-1","Glut-CACNA1H-RA","Ex_CACNA1H_LHX9",0.779645785566615
"_GTAACCATCATTTGCT-1","Glut-CACNA1H-RA","Ex_CACNA1H_LHX9",0.802413502353979
"_GTAAGTCCAAATGAAC-1","Glut-CACNA1H-RA","Ex_CACNA1H_LHX9",0.783282831520008
"_GTAAGTCTCGAATGCT-1","Glut-CACNA1H-RA","Ex_CACNA1H_LHX9",0.813756573482313
"_GTAATCGTCTACACAG-1","Glut-CACNA1H-1","Ex_CACNA1H_LHX9",0.847099424991595
"_GTAATGCTCGATACAC-1","Glut-CACNA1H-1","Ex_CACNA1H_LHX9",0.759959944208689
"_GTAATGCTCGGCTATA-1","Glut-CACNA1H-RA","Ex_CACNA1H_LHX9",0.78479547702613
"_GTACAACCATCCAACA-1","Glut-CACNA1H-RA","Ex_CACNA1H_LHX9",0.80609794220962
"_GTACAACTCGGCTTCT-1","Glut-CACNA1H-2","Ex_CACNA1H_LHX9",0.682069104933068
"_GTACAGTGTATGGGAC-1","Glut-CACNA1H-RA","Ex_CACNA1H_LHX9",0.815697400844141
"_GTACAGTGTTTGACAC-1","Glut-CACNA1H-RA","Ex_CACNA1H_LHX9",0.800354521245193
"_GTAGAAAGTTTGTGGT-1","Glut-CACNA1H-1","Ex_CACNA1H_LHX9",0.824652893201393
"_GTAGAAATCGAGAAAT-1","Glut-CACNA1H-RA","Ex_CACNA1H_LHX9",0.779451705338459
"_GTAGAGGAGTATGCAA-1","Glut-CACNA1H-3","Ex_CACNA1H_LHX9",0.681911052139089
"_GTAGAGGAGTTCATGC-1","Glut-CACNA1H-3","Ex_CACNA1H_LHX9",0.52596753765654
"_GTAGAGGTCTAAGCGT-1","Glut-CACNA1H-RA","Ex_CACNA1H_LHX9",0.815726032037582
"_GTAGATCGTTCAACGT-1","Glut-CACNA1H-RA","Ex_CACNA1H_LHX9",0.808217578396148
"_GTAGCTAAGACTTGTC-1","Glut-CACNA1H-RA","Ex_CACNA1H_LHX9",0.831686003873565
"_GTAGGAGCATCATTTC-1","Glut-CACNA1H-3","Ex_CACNA1H_LHX9",0.77562888186086
"_GTAGGTTCACTCATAG-1","Glut-CACNA1H-1","Ex_CACNA1H_LHX9",0.791836108132054
"_GTAGGTTCATCCGATA-1","Glut-CACNA1H-RA","Ex_CACNA1H_LHX9",0.779463888246891
"_GTAGGTTTCTCTAAGG-1","Glut-CACNA1H-4","Ex_CACNA1H_LHX9",0.434733747623347
"_GTAGTACTCCCAGTGG-1","Glut-CACNA1H-1","Ex_CACNA1H_LHX9",0.764939405824955
"_GTATTGGTCTTGGAAC-1","Glut-CACNA1H-RA","Ex_CACNA1H_LHX9",0.806461929444948
"_GTATTTCAGTGAGTGC-1","Glut-CACNA1H-RA","Ex_CACNA1H_LHX9",0.776106295151483
"_GTATTTCGTAAGCAAT-1","Glut-CACNA1H-4","Ex_CACNA1H_LHX9",0.358523666560122
"_GTCAAACTCAGCTTGA-1","Glut-CACNA1H-RA","Ex_CACNA1H_LHX9",0.799775342146679
"_GTCAAGTAGGCCATAG-1","Glut-CACNA1H-2","Ex_CACNA1H_LHX9",0.811568512240873
"_GTCAAGTCAGAGCGTA-1","Glut-CACNA1H-RA","Ex_CACNA1H_LHX9",0.83397711263093
"_GTCAAGTTCACTTGTT-1","Glut-CACNA1H-RA","Ex_CACNA1H_LHX9",0.808443893760686
"_GTCAAGTTCTTCCCGA-1","Glut-CACNA1H-RA","Ex_CACNA1H_LHX9",0.806143952882612
"_GTCACGGTCTGCGAGC-1","Glut-CACNA1H-RA","Ex_CACNA1H_LHX9",0.820812170388838
"_GTCACTCAGCTGACAG-1","Glut-CACNA1H-1","Ex_CACNA1H_LHX9",0.797693667653844
"_GTCACTCAGTCCGTCG-1","Glut-CACNA1H-1","Ex_CACNA1H_LHX9",0.728948858878294
"_GTCACTCCATTGTCGA-1","Glut-CACNA1H-RA","Ex_CACNA1H_LHX9",0.821809357549633
"_GTCAGCGGTAGACTGG-1","Glut-CACNA1H-RA","Ex_CACNA1H_LHX9",0.780509749775379
"_GTCATCCTCAGCATTG-1","Glut-CACNA1H-1","Ex_CACNA1H_LHX9",0.828536675261729
"_GTCATGAAGGTAAGTT-1","Glut-CACNA1H-RA","Ex_CACNA1H_LHX9",0.793744695142922
"_GTCATTTCAGACGGAT-1","Glut-CACNA1H-RA","Ex_CACNA1H_LHX9",0.796674230304779
"_GTCATTTTCGGTAGAG-1","Glut-CACNA1H-1","Ex_CACNA1H_LHX9",0.84490371848701
"_GTCCCATGTAGCCAGA-1","Glut-CACNA1H-1","Ex_CACNA1H_LHX9",0.812365792061278
"_GTCGAATCATGTCGTA-1","Glut-CACNA1H-4","Ex_CACNA1H_LHX9",0.643460162925388
"_GTCGTAAAGATGCGAC-1","Glut-CACNA1H-4","Ex_CACNA1H_LHX9",0.6086415983627
"_GTCTAGATCCTACCAC-1","Glut-CACNA1H-2","Ex_CACNA1H_LHX9",0.580940988582425
"_GTCTCACAGCCGATCC-1","Glut-CACNA1H-RA","Ex_CACNA1H_LHX9",0.815274770045313
"_GTCTGTCTCTGACAGT-1","Glut-CACNA1H-RA","Ex_CACNA1H_LHX9",0.801331961839533
"_GTCTTTATCCGTGTAA-1","Glut-CACNA1H-RA","Ex_CACNA1H_LHX9",0.780117930248956
"_GTGACGCAGTCTGCAT-1","Glut-CACNA1H-1","Ex_CACNA1H_LHX9",0.785574361153485
"_GTGAGCCAGCCGATTT-1","Glut-CACNA1H-RA","Ex_CACNA1H_LHX9",0.75063490756151
"_GTGAGCCTCGCATAGT-1","Glut-CACNA1H-RA","Ex_CACNA1H_LHX9",0.80436395717936
"_GTGAGGACAGATACTC-1","Glut-CACNA1H-RA","Ex_CACNA1H_LHX9",0.807959972328951
"_GTGAGGAGTTGGCCGT-1","Glut-CACNA1H-RA","Ex_CACNA1H_LHX9",0.77017359008648
"_GTGAGTTTCGCTTACC-1","Glut-CACNA1H-RA","Ex_CACNA1H_LHX9",0.762028172411063
"_GTGATGTAGCGGATCA-1","Glut-CACNA1H-RA","Ex_CACNA1H_LHX9",0.808246361688871
"_GTGCACGAGTGGTTGG-1","Glut-CACNA1H-RA","Ex_CACNA1H_LHX9",0.798485819979611
"_GTGCAGCAGAAATCCA-1","Glut-CACNA1H-1","Ex_CACNA1H_LHX9",0.78691945530931
"_GTGCAGCAGTACAGCG-1","Glut-CACNA1H-RA","Ex_CACNA1H_LHX9",0.816789003520451
"_GTGCAGCCAGGCGTTC-1","Glut-CACNA1H-RA","Ex_CACNA1H_LHX9",0.797489912242279
"_GTGCAGCTCGCCAGAC-1","Glut-CACNA1H-1","Ex_CACNA1H_LHX9",0.792756129429761
"_GTGCAGCTCTGCCTCA-1","Glut-CACNA1H-RA","Ex_CACNA1H_LHX9",0.829325340862129
"_GTGCAGCTCTGCCTGT-1","Glut-CACNA1H-RA","Ex_CACNA1H_LHX9",0.816082105335125
"_GTGCGTGGTCCACGCA-1","Glut-CACNA1H-RA","Ex_CACNA1H_LHX9",0.811930986491961
"_GTGCGTGGTGGGACAT-1","Glut-CACNA1H-1","Ex_CACNA1H_LHX9",0.835489867638463
"_GTGCTGGCAGTCAGTT-1","Glut-CACNA1H-RA","Ex_CACNA1H_LHX9",0.805412173843096
"_GTGCTGGGTGACCTGC-1","Glut-CACNA1H-1","Ex_DACH2_NR4A3",0.427783477181608
"_GTGGAGACAAACAGGC-1","Glut-CACNA1H-2","Ex_CACNA1H_LHX9",0.780569574019615
"_GTGGAGACAAGTTTGC-1","Glut-CACNA1H-RA","Ex_CACNA1H_LHX9",0.786496839302811
"_GTGGAGACATAAGATG-1","Glut-CACNA1H-RA","Ex_CACNA1H_LHX9",0.818920790166367
"_GTGGAGAGTTCAGGTT-1","Glut-CACNA1H-RA","Ex_CACNA1H_LHX9",0.730504358798209
"_GTGGAGATCCTATTGT-1","Glut-CACNA1H-RA","Ex_CACNA1H_LHX9",0.80971656520097
"_GTGGCGTCACCGTGCA-1","Glut-CACNA1H-4","Ex_CACNA1H_LHX9",0.421891443842401
"_GTGGCGTCATCTCATT-1","Glut-CACNA1H-RA","Ex_CACNA1H_LHX9",0.816332665782763
"_GTGGCGTTCCTACCGT-1","Glut-CACNA1H-RA","Ex_CACNA1H_LHX9",0.805081163902596
"_GTGGCGTTCTATCGGA-1","Glut-CACNA1H-2","Ex_CACNA1H_LHX9",0.813238579896575
"_GTGGGAATCAATCGGT-1","Glut-CACNA1H-RA","Ex_CACNA1H_LHX9",0.817670317069458
"_GTGGGAATCTTGTGCC-1","Glut-CACNA1H-RA","Ex_CACNA1H_LHX9",0.80558119492759
"_GTGTAACGTATGTCTG-1","Glut-CACNA1H-1","Ex_CACNA1H_LHX9",0.806630497001987
"_GTGTAACGTCGTCAGC-1","Glut-CACNA1H-4","Ex_CACNA1H_LHX9",0.479284925634062
"_GTGTCCTTCAACACGT-1","Glut-CACNA1H-RA","Ex_CACNA1H_LHX9",0.821449690725969
"_GTGTCCTTCTATGTGG-1","Glut-CACNA1H-RA","Ex_CACNA1H_LHX9",0.821007647966416
"_GTGTGATTCGGCTATA-1","Glut-CACNA1H-1","Ex_CACNA1H_LHX9",0.783012441916355
"_GTGTGGCTCATTGCGA-1","Glut-CACNA1H-2","Ex_CACNA1H_LHX9",0.793554261181581
"_GTGTTAGAGGTACAAT-1","Glut-CACNA1H-RA","Ex_CACNA1H_LHX9",0.772514304201171
"_GTGTTAGAGGTCTGGA-1","Glut-DACH2-2","Ex_DACH2_MGAT4C",0.284718537932701
"_GTGTTAGCACCAGCCA-1","Glut-CACNA1H-RA","Ex_CACNA1H_LHX9",0.777322578576784
"_GTGTTAGGTTTCTATC-1","Glut-CACNA1H-RA","Ex_CACNA1H_LHX9",0.772192289095383
"_GTGTTCCGTGAGATTA-1","Glut-CACNA1H-RA","Ex_CACNA1H_LHX9",0.802828641730471
"_GTGTTCCGTTACGCCG-1","Glut-CACNA1H-RA","Ex_CACNA1H_LHX9",0.779753492205373
"_GTGTTCCTCCGATCGG-1","Glut-DACH2-3","Ex_DACH2_SLIT2",0.753335969641621
"_GTTACAGCACTCGATA-1","Glut-CACNA1H-RA","Ex_CACNA1H_LHX9",0.80263865670556
"_GTTACGAAGCAGTACG-1","Glut-CACNA1H-RA","Ex_CACNA1H_LHX9",0.813731536094091
"_GTTACGACAGCGAACA-1","Glut-CACNA1H-RA","Ex_CACNA1H_LHX9",0.791843134848608
"_GTTACGAGTTATTCTC-1","Glut-CACNA1H-RA","Ex_CACNA1H_LHX9",0.81046655293637
"_GTTAGACAGTTGGAAT-1","Glut-CACNA1H-RA","Ex_CACNA1H_LHX9",0.806344331527556
"_GTTAGACGTTGTGGCC-1","Glut-CACNA1H-RA","Ex_CACNA1H_LHX9",0.804024432876578
"_GTTAGACTCTAACGGT-1","Glut-CACNA1H-1","Ex_CACNA1H_LHX9",0.807537566922423
"_GTTAGTGGTCCACTCT-1","Glut-CACNA1H-RA","Ex_CACNA1H_LHX9",0.830424929545356
"_GTTATGGGTAGAGGAA-1","Glut-CACNA1H-RA","Ex_CACNA1H_LHX9",0.798918468537558
"_GTTATGGTCGCTCTCA-1","Glut-CACNA1H-RA","Ex_CACNA1H_LHX9",0.735165530129833
"_GTTCTATAGTTGCCTA-1","Glut-CACNA1H-RA","Ex_CACNA1H_LHX9",0.786056831927538
"_GTTCTATCACCTTCCA-1","Glut-CACNA1H-2","Ex_CACNA1H_LHX9",0.724572410044421
"_GTTCTATCACGCGCAT-1","Glut-CACNA1H-RA","Ex_CACNA1H_LHX9",0.828651709949809
"_GTTGAACCACACCTTC-1","Glut-CACNA1H-RA","Ex_CACNA1H_LHX9",0.787589096557801
"_GTTGCGGCAGCGGATA-1","Glut-CACNA1H-RA","Ex_CACNA1H_LHX9",0.784130684483178
"_GTTGCGGTCCATCAGA-1","Glut-CACNA1H-1","Ex_CACNA1H_LHX9",0.795187685662363
"_GTTGCTCGTCGTTTCC-1","Glut-CACNA1H-RA","Ex_CACNA1H_LHX9",0.818772625869011
"_GTTGCTCTCCCATTTA-1","Glut-CACNA1H-RA","Ex_CACNA1H_LHX9",0.824706944615831
"_GTTGTAGGTCTAGTGT-1","Glut-CACNA1H-RA","Ex_CACNA1H_LHX9",0.783741059359644
"_GTTGTAGGTGCCCAGT-1","Glut-CACNA1H-RA","Ex_CACNA1H_LHX9",0.806414174732835
"_GTTGTAGGTGTGCTTA-1","Glut-CACNA1H-RA","Ex_CACNA1H_LHX9",0.813964900227745
"_GTTGTAGTCAATGTCG-1","Glut-CACNA1H-1","Ex_CACNA1H_LHX9",0.788002113281869
"_GTTGTAGTCATGCTAG-1","Glut-CACNA1H-1","Ex_CACNA1H_LHX9",0.846525719570871
"_GTTGTAGTCGCTTACC-1","Glut-CACNA1H-RA","Ex_CACNA1H_LHX9",0.784849908554876
"_GTTGTCCCACTGCACG-1","Glut-CACNA1H-RA","Ex_CACNA1H_LHX9",0.799852904514704
"_GTTGTGAGTTACGCCG-1","Glut-CACNA1H-RA","Ex_CACNA1H_LHX9",0.79893810225576
"_GTTTGGATCCTCTGCA-1","Glut-CACNA1H-RA","Ex_CACNA1H_LHX9",0.78752589710195
"_TAACACGGTCCATACA-1","Glut-CACNA1H-RA","Ex_CACNA1H_LHX9",0.783296294341674
"_TAACCAGAGCGTTGTT-1","Glut-CACNA1H-RA","Ex_CACNA1H_LHX9",0.815346019101518
"_TAACCAGGTCTTACAG-1","Glut-CACNA1H-2","Ex_CACNA1H_LHX9",0.82343591834975
"_TAACGACGTCCAAAGG-1","Glut-CACNA1H-RA","Ex_CACNA1H_LHX9",0.789295613217485
"_TAACTTCCAGCACACC-1","Glut-CACNA1H-RA","Ex_CACNA1H_LHX9",0.775595501530472
"_TAACTTCGTGCTTCAA-1","Glut-CACNA1H-RA","Ex_CACNA1H_LHX9",0.8160614024504
"_TAACTTCGTGGTCTGC-1","Glut-CACNA1H-RA","Ex_CACNA1H_LHX9",0.803907263875437
"_TAAGCCACACAAGCAG-1","Glut-CACNA1H-RA","Ex_CACNA1H_LHX9",0.813232202534519
"_TAAGCGTGTCTACACA-1","Glut-CACNA1H-RA","Ex_CACNA1H_LHX9",0.793150077537287
"_TAATCTCCAAACTAGA-1","Glut-CACNA1H-RA","Ex_CACNA1H_LHX9",0.776214233706218
"_TAATTCCGTTGTAGCT-1","Glut-CACNA1H-RA","Ex_CACNA1H_LHX9",0.808146262527144
"_TACACCCAGAACTCCT-1","Glut-CACNA1H-2","Ex_CACNA1H_LHX9",0.821923692989698
"_TACACCCGTAGAGACC-1","Glut-CACNA1H-2","Ex_CACNA1H_LHX9",0.664837921342243
"_TACAGGTCATCTATCT-1","Glut-DACH2-1","Ex_DACH2_NR4A3",0.517668501438347
"_TACAGGTGTCCAATCA-1","Glut-CACNA1H-RA","Ex_CACNA1H_LHX9",0.781560924541719
"_TACATTCTCTATACTC-1","Glut-CACNA1H-RA","Ex_CACNA1H_LHX9",0.824817433091211
"_TACCCACGTTGAGTCT-1","Glut-CACNA1H-RA","Ex_CACNA1H_LHX9",0.794628350979744
"_TACCCGTAGTTCAACC-1","Glut-CACNA1H-RA","Ex_CACNA1H_LHX9",0.785571005329895
"_TACCGAACATAGACTC-1","Glut-CACNA1H-RA","Ex_CACNA1H_LHX9",0.820397941661252
"_TACCTCGCACGGTGTC-1","Glut-CACNA1H-1","Ex_CACNA1H_LHX9",0.760089174671075
"_TACCTCGGTGGTCTGC-1","Glut-CACNA1H-RA","Ex_CACNA1H_LHX9",0.825010639170944
"_TACCTGCTCATTTACC-1","Glut-CACNA1H-RA","Ex_CACNA1H_LHX9",0.823828606842177
"_TACGCTCCACTAAACC-1","Glut-CACNA1H-4","Ex_CACNA1H_LHX9",0.494558687179028
"_TACGCTCCACTGTTCC-1","Glut-CACNA1H-RA","Ex_CACNA1H_LHX9",0.827356165007724
"_TACGGGCAGGTTGAGC-1","Glut-CACNA1H-RA","Ex_CACNA1H_LHX9",0.792731018856265
"_TACGGTAGTGTTACTG-1","Glut-CACNA1H-4","Ex_CACNA1H_LHX9",0.531219695612258
"_TACTGCCGTCGTCAGC-1","Glut-CACNA1H-1","Ex_CACNA1H_LHX9",0.79509278892112
"_TACTGCCGTTAGAAAC-1","Glut-CACNA1H-RA","Ex_CACNA1H_LHX9",0.800969445671678
"_TACTTACAGCTGGCTC-1","Glut-CACNA1H-RA","Ex_CACNA1H_LHX9",0.800933965227873
"_TACTTACCAGGCGTTC-1","Glut-CACNA1H-RA","Ex_CACNA1H_LHX9",0.788660283450474
"_TACTTACGTATGGAAT-1","Glut-CACNA1H-RA","Ex_CACNA1H_LHX9",0.784331729750759
"_TACTTACGTTATAGCC-1","Glut-CACNA1H-RA","Ex_CACNA1H_LHX9",0.796181616755271
"_TACTTGTAGCCGTAAG-1","Glut-CACNA1H-RA","Ex_CACNA1H_LHX9",0.809702723662759
"_TACTTGTGTCCTGGGT-1","Glut-CACNA1H-1","Ex_CACNA1H_LHX9",0.823114538073043
"_TACTTGTTCGTGCAGC-1","Glut-CACNA1H-RA","Ex_CACNA1H_LHX9",0.799334831212438
"_TAGACTGCAGTGCCTG-1","Glut-CACNA1H-RA","Ex_CACNA1H_LHX9",0.808963639996751
"_TAGACTGGTTTGACAC-1","Glut-CACNA1H-RA","Ex_CACNA1H_LHX9",0.804624711240661
"_TAGACTGTCCTCCACA-1","Glut-DACH2-2","Ex_DACH2_MGAT4C",0.262994216185053
"_TAGATCGAGAGGTATT-1","Glut-CACNA1H-RA","Ex_CACNA1H_LHX9",0.794677717936519
"_TAGATCGGTGTCATGT-1","Glut-CACNA1H-RA","Ex_CACNA1H_LHX9",0.789565692455699
"_TAGCACACACTACGGC-1","Glut-CACNA1H-RA","Ex_CACNA1H_LHX9",0.817365121296161
"_TAGGAGGGTGAATTAG-1","Glut-CACNA1H-RA","Ex_CACNA1H_LHX9",0.809174021823432
"_TAGGTACGTATGGTTC-1","Glut-CACNA1H-RA","Ex_CACNA1H_LHX9",0.792944794909904
"_TAGGTACGTCTTCAAG-1","Glut-CACNA1H-2","Ex_CACNA1H_LHX9",0.655953175974281
"_TAGGTACTCGTTATCT-1","Glut-CACNA1H-RA","Ex_CACNA1H_LHX9",0.79621755170503
"_TAGGTTGAGAGGATCC-1","Glut-DACH2-2","Ex_DACH2_GRIK4",0.34191948773659
"_TAGGTTGAGTCAACAA-1","Glut-CACNA1H-RA","Ex_CACNA1H_LHX9",0.780992212400114
"_TAGGTTGCAGCCTATA-1","Glut-CACNA1H-RA","Ex_CACNA1H_LHX9",0.825076659477701
"_TAGTGCAAGAGAGTTT-1","Glut-CACNA1H-RA","Ex_CACNA1H_LHX9",0.799665999609301
"_TATATCCCACCAGCTG-1","Glut-CACNA1H-RA","Ex_CACNA1H_LHX9",0.816473098166071
"_TATCCTAAGGCCCGTT-1","Glut-CACNA1H-1","Ex_CACNA1H_LHX9",0.78878189486595
"_TATCGCCCAGTAGAAT-1","Glut-CACNA1H-RA","Ex_CACNA1H_LHX9",0.807635282610793
"_TATCTGTTCCGCACGA-1","Glut-CACNA1H-RA","Ex_CACNA1H_LHX9",0.812948876376569
"_TATTCCAAGCGAATGC-1","Glut-CACNA1H-RA","Ex_CACNA1H_LHX9",0.791144392612691
"_TATTGCTAGCTTAAGA-1","Glut-CACNA1H-2","Ex_CACNA1H_LHX9",0.796736234048024
"_TATTGCTTCACTTGTT-1","Glut-CACNA1H-2","Ex_CACNA1H_LHX9",0.622058298614491
"_TATTTCGCAGCTATTG-1","Glut-CACNA1H-RA","Ex_CACNA1H_LHX9",0.806870062095451
"_TCAAGACTCACCGCTT-1","Glut-CACNA1H-2","Ex_CACNA1H_LHX9",0.72335159828484
"_TCAAGACTCCCTTTGG-1","Glut-CACNA1H-RA","Ex_CACNA1H_LHX9",0.807123040498726
"_TCAAGCAAGTTCCGTA-1","Glut-CACNA1H-4","Ex_CACNA1H_LHX9",0.860867650973095
"_TCAAGCACAAATACGA-1","Glut-CACNA1H-RA","Ex_CACNA1H_LHX9",0.78749543352995
"_TCAAGCACATCGAACT-1","Glut-CACNA1H-RA","Ex_CACNA1H_LHX9",0.819854133285949
"_TCAAGCATCTATCACT-1","Glut-CACNA1H-RA","Ex_CACNA1H_LHX9",0.825583355853486
"_TCAAGTGAGAGCGACT-1","Glut-CACNA1H-RA","Ex_CACNA1H_LHX9",0.79448881022945
"_TCAAGTGAGGTTGCCC-1","Glut-CACNA1H-RA","Ex_CACNA1H_LHX9",0.833498728363275
"_TCAATTCAGCGTGCTC-1","Glut-CACNA1H-1","Ex_CACNA1H_LHX9",0.741324718401006
"_TCAATTCTCTCGTTTA-1","Glut-CACNA1H-1","Ex_CACNA1H_LHX9",0.811125644957041
"_TCACAAGAGTTCCATG-1","Glut-CACNA1H-RA","Ex_CACNA1H_LHX9",0.788704851177076
"_TCACAAGCAGGCACTC-1","Glut-CACNA1H-RA","Ex_CACNA1H_LHX9",0.790977506829861
"_TCACAAGTCTCATGGA-1","Glut-CACNA1H-RA","Ex_CACNA1H_LHX9",0.796068388627088
"_TCACACCGTCGCACAC-1","Glut-CACNA1H-2","Ex_CACNA1H_LHX9",0.785758249102664
"_TCACGCTCAACGGTAG-1","Glut-CACNA1H-RA","Ex_CACNA1H_LHX9",0.820021138035944
"_TCACGCTCATGTGTCA-1","Glut-CACNA1H-2","Ex_CACNA1H_LHX9",0.349165276465867
"_TCACGGGAGTTAACAG-1","Glut-CACNA1H-1","Ex_CACNA1H_LHX9",0.784717915252352
"_TCACGGGGTAGGTACG-1","Glut-CACNA1H-1","Ex_CACNA1H_LHX9",0.782651097723678
"_TCACTCGCACCCGTAG-1","Glut-CACNA1H-1","Ex_CACNA1H_LHX9",0.339671456740523
"_TCACTCGGTCAATGGG-1","Glut-CACNA1H-1","Ex_CACNA1H_LHX9",0.782528629286725
"_TCACTCGTCAAGCCGC-1","Glut-CACNA1H-RA","Ex_CACNA1H_LHX9",0.814631178826935
"_TCAGCAAGTGTTAGCT-1","Glut-CACNA1H-RA","Ex_CACNA1H_LHX9",0.800332017293756
"_TCAGCCTAGAGAGGGC-1","Glut-CACNA1H-RA","Ex_CACNA1H_LHX9",0.822090194541638
"_TCAGCCTAGGGATGTC-1","Glut-CACNA1H-4","Ex_DACH2_SLIT2",0.473112613037562
"_TCAGCCTGTAGATTGA-1","Glut-CACNA1H-RA","Ex_CACNA1H_LHX9",0.819319067283981
"_TCAGCCTTCACTCACC-1","Glut-CACNA1H-RA","Ex_CACNA1H_LHX9",0.821491658234209
"_TCAGCCTTCGGTATGT-1","Glut-CACNA1H-RA","Ex_CACNA1H_LHX9",0.809177223934183
"_TCAGGTAGTACGATCT-1","Glut-CACNA1H-RA","Ex_CACNA1H_LHX9",0.855871002290972
"_TCAGTGACATGGTGGA-1","Glut-CACNA1H-4","Ex_CACNA1H_LHX9",0.486012038260637
"_TCAGTGAGTGCATTTG-1","Glut-CACNA1H-RA","Ex_CACNA1H_LHX9",0.799087480390305
"_TCAGTTTAGGGCTGAT-1","Glut-CACNA1H-1","Ex_CACNA1H_LHX9",0.807862411856581
"_TCATATCTCCGAGAAG-1","Glut-CACNA1H-RA","Ex_CACNA1H_LHX9",0.804481977758884
"_TCATCATAGTTCAACC-1","Glut-CACNA1H-4","Ex_DACH2_SLIT2",0.490799531469016
"_TCATCATTCGACCATA-1","Glut-CACNA1H-2","Ex_CACNA1H_LHX9",0.763174604711145
"_TCATGAGAGGTCGTGA-1","Glut-CACNA1H-1","Ex_CACNA1H_LHX9",0.767338919488215
"_TCATGAGCAATTCTCT-1","Glut-CACNA1H-4","Ex_CACNA1H_LHX9",0.839086211544615
"_TCATGAGGTCAAGCCC-1","Glut-DACH2-1","Ex_DACH2_SLIT2",0.251515179876149
"_TCATGAGGTCCCTCAT-1","Glut-CACNA1H-1","Ex_CACNA1H_LHX9",0.726195874823116
"_TCATGCCAGCGATGGT-1","Glut-CACNA1H-4","Ex_CACNA1H_LHX9",0.517858107298181
"_TCATGCCAGTTTGGCT-1","Glut-CACNA1H-RA","Ex_CACNA1H_LHX9",0.832996142529431
"_TCATGGACAACTCCAA-1","Glut-CACNA1H-RA","Ex_CACNA1H_LHX9",0.784519857212424
"_TCATGGACAAGCGGAT-1","Glut-CACNA1H-RA","Ex_CACNA1H_LHX9",0.807385395472394
"_TCATTACAGGTAGGCT-1","Glut-CACNA1H-RA","Ex_CACNA1H_LHX9",0.832215210458025
"_TCATTCAAGACAACAT-1","Glut-CACNA1H-2","Ex_CACNA1H_LHX9",0.773640338173554
"_TCATTCAAGCCTGTCG-1","Glut-CACNA1H-1","Ex_CACNA1H_LHX9",0.818533956722297
"_TCATTCACACACACTA-1","Glut-CACNA1H-RA","Ex_CACNA1H_LHX9",0.822056167217331
"_TCATTCACATTCTCCG-1","Glut-CACNA1H-RA","Ex_CACNA1H_LHX9",0.79032985449166
"_TCATTGTCAGAAGCTG-1","Glut-CACNA1H-RA","Ex_CACNA1H_LHX9",0.75851095584161
"_TCATTTGTCATAGACC-1","Glut-CACNA1H-RA","Ex_CACNA1H_LHX9",0.815694799513914
"_TCCACCAAGTGAACAT-1","Glut-CACNA1H-RA","Ex_CACNA1H_LHX9",0.790470943549528
"_TCCACGTAGTCTTCGA-1","Glut-CACNA1H-RA","Ex_CACNA1H_LHX9",0.806669219174298
"_TCCATGCGTACGACAG-1","Glut-CACNA1H-1","Ex_CACNA1H_LHX9",0.820229448244024
"_TCCATGCGTCCAGCCA-1","Glut-CACNA1H-RA","Ex_CACNA1H_LHX9",0.815696862811326
"_TCCCACAGTGGGTTGA-1","Glut-CACNA1H-1","Ex_CACNA1H_LHX9",0.839859088024701
"_TCCCACATCGCGATCG-1","Glut-CACNA1H-RA","Ex_CACNA1H_LHX9",0.821332681070568
"_TCCCAGTAGCAGGGAG-1","Glut-CACNA1H-2","Ex_CACNA1H_LHX9",0.6385784871375
"_TCCCAGTTCTATTGTC-1","Glut-CACNA1H-4","Ex_CACNA1H_LHX9",0.525437371847473
"_TCCCATGGTACTGACT-1","Glut-CACNA1H-RA","Ex_CACNA1H_LHX9",0.824352486252981
"_TCCGATCCAGCTATAC-1","Glut-CACNA1H-RA","Ex_CACNA1H_LHX9",0.803441084699693
"_TCCGGGAAGTGGATTA-1","Glut-CACNA1H-RA","Ex_CACNA1H_LHX9",0.795631538605937
"_TCCGTGTCAAAGCGTG-1","Glut-CACNA1H-2","Ex_CACNA1H_LHX9",0.697739746244681
"_TCCGTGTGTTTACTTC-1","Glut-CACNA1H-2","Ex_CACNA1H_LHX9",0.802957548720009
"_TCCTCGAGTTCTCCAC-1","Glut-CACNA1H-1","Ex_CACNA1H_LHX9",0.584129383892795
"_TCCTCGATCAGCTTGA-1","Glut-CACNA1H-RA","Ex_CACNA1H_LHX9",0.820650100468002
"_TCCTCTTCAACGAGGT-1","Glut-CACNA1H-RA","Ex_CACNA1H_LHX9",0.785621363204532
"_TCCTGCACACTATCGA-1","Glut-CACNA1H-RA","Ex_CACNA1H_LHX9",0.817121031509949
"_TCCTGCAGTAGGGTAC-1","Glut-CACNA1H-4","Ex_CACNA1H_LHX9",0.631991942312567
"_TCCTTTCGTAGCTCGC-1","Glut-CACNA1H-RA","Ex_CACNA1H_LHX9",0.784860838291519
"_TCCTTTCGTATAGGGC-1","Glut-CACNA1H-2","Ex_CACNA1H_LHX9",0.807089048220068
"_TCGAAGTTCAGATTGC-1","Glut-CACNA1H-1","Ex_CACNA1H_LHX9",0.834017007611638
"_TCGAAGTTCTTCTGGC-1","Glut-CACNA1H-RA","Ex_CACNA1H_LHX9",0.77607845536276
"_TCGACCTCAATACGCT-1","Glut-CACNA1H-RA","Ex_CACNA1H_LHX9",0.844177977028451
"_TCGATTTAGCCTCTCT-1","Glut-CACNA1H-RA","Ex_CACNA1H_LHX9",0.798850186091319
"_TCGATTTAGCTCATAC-1","Glut-CACNA1H-RA","Ex_CACNA1H_LHX9",0.797433455585435
"_TCGATTTGTACATTGC-1","Glut-CACNA1H-RA","Ex_CACNA1H_LHX9",0.82004618754316
"_TCGATTTTCGTTTACT-1","Glut-CACNA1H-1","Ex_CACNA1H_LHX9",0.775713405454697
"_TCGCACTGTCCGGATC-1","Glut-CACNA1H-RA","Ex_CACNA1H_LHX9",0.779473724584199
"_TCGCAGGAGTCAATCC-1","Glut-CACNA1H-RA","Ex_CACNA1H_LHX9",0.788001309241242
"_TCGCAGGCATAGAATG-1","Glut-CACNA1H-RA","Ex_CACNA1H_LHX9",0.79488351633745
"_TCGCAGGGTCCGGACT-1","Glut-CACNA1H-RA","Ex_CACNA1H_LHX9",0.816941544330916
"_TCGCTCAGTTGGGATG-1","Glut-CACNA1H-3","Ex_CACNA1H_LHX9",0.770758103840967
"_TCGGGACAGCTCACTA-1","Glut-CACNA1H-RA","Ex_CACNA1H_LHX9",0.809948122939248
"_TCGGGACGTAGGGTAC-1","Glut-CACNA1H-RA","Ex_CACNA1H_LHX9",0.789425456737487
"_TCGGGCAGTCTACACA-1","Glut-CACNA1H-RA","Ex_CACNA1H_LHX9",0.827387031321529
"_TCGGGCATCAGCTTCC-1","Glut-CACNA1H-RA","Ex_CACNA1H_LHX9",0.828087780644795
"_TCGGGTGAGGATATAC-1","Glut-CACNA1H-2","Ex_CACNA1H_LHX9",0.558631512383184
"_TCGGGTGCACTAACCA-1","Glut-CACNA1H-RA","Ex_CACNA1H_LHX9",0.768165868507939
"_TCGGGTGTCGTGCTCT-1","Glut-CACNA1H-RA","Ex_CACNA1H_LHX9",0.730488981126528
"_TCGGTCTGTATGGTTC-1","Glut-CACNA1H-RA","Ex_CACNA1H_LHX9",0.821811326326516
"_TCGGTCTTCTCATGCC-1","Glut-CACNA1H-RA","Ex_CACNA1H_LHX9",0.817107871847591
"_TCGTGCTAGAAGGCTC-1","Glut-CACNA1H-RA","Ex_CACNA1H_LHX9",0.762092741405267
"_TCGTGCTAGGTAACTA-1","Glut-CACNA1H-RA","Ex_CACNA1H_LHX9",0.746737429069139
"_TCGTGCTTCAACTTTC-1","Glut-CACNA1H-2","Ex_CACNA1H_LHX9",0.800817510349885
"_TCGTGCTTCCATTGTT-1","Glut-CACNA1H-RA","Ex_CACNA1H_LHX9",0.82313075535103
"_TCTAACTCAATTAGGA-1","Glut-CACNA1H-RA","Ex_CACNA1H_LHX9",0.809080990020826
"_TCTAACTCAATTGAGA-1","Glut-CACNA1H-RA","Ex_CACNA1H_LHX9",0.823796744816225
"_TCTAACTGTCGTTTCC-1","Glut-CACNA1H-RA","Ex_CACNA1H_LHX9",0.801426682669531
"_TCTAACTTCATGACAC-1","Glut-CACNA1H-RA","Ex_CACNA1H_LHX9",0.777415810789009
"_TCTAACTTCGTTCCCA-1","Glut-CACNA1H-RA","Ex_CACNA1H_LHX9",0.497755922781942
"_TCTAACTTCTATGCCC-1","Glut-CACNA1H-RA","Ex_CACNA1H_LHX9",0.80900990679359
"_TCTACATCAAGCCCAC-1","Glut-CACNA1H-2","Ex_CACNA1H_LHX9",0.782691670818958
"_TCTACATCAGACTGCC-1","Glut-CACNA1H-RA","Ex_CACNA1H_LHX9",0.810444304610775
"_TCTACATGTCACAGTT-1","Glut-CACNA1H-RA","Ex_CACNA1H_LHX9",0.801371929767563
"_TCTACATGTCTTACAG-1","Glut-CACNA1H-RA","Ex_CACNA1H_LHX9",0.709475515521331
"_TCTACATTCCTGTTGC-1","Glut-CACNA1H-RA","Ex_CACNA1H_LHX9",0.81932830844272
"_TCTACCGTCATGGTAC-1","Glut-CACNA1H-RA","Ex_CACNA1H_LHX9",0.802433408560351
"_TCTATACTCAAACTGC-1","Glut-CACNA1H-4","Ex_CACNA1H_LHX9",0.621947509202002
"_TCTATACTCGCTATTT-1","Glut-CACNA1H-RA","Ex_CACNA1H_LHX9",0.816733513234753
"_TCTCAGCTCGTTAGAC-1","Glut-CACNA1H-4","Ex_DACH2_SLIT2",0.505682148208692
"_TCTCCGAAGGTCTGGA-1","Glut-CACNA1H-RA","Ex_CACNA1H_LHX9",0.809684744658786
"_TCTCCGACACTCGATA-1","Glut-CACNA1H-2","Ex_CACNA1H_LHX9",0.613841361759456
"_TCTCTGGTCAGACTGT-1","Glut-CACNA1H-RA","Ex_CACNA1H_LHX9",0.817155666072514
"_TCTGCCAGTGATACTC-1","Glut-CACNA1H-4","Ex_CACNA1H_LHX9",0.586055993737969
"_TCTGGCTCACAAATAG-1","Glut-CACNA1H-RA","Ex_CACNA1H_LHX9",0.78667852654519
"_TCTGGCTGTGGCCACT-1","Glut-CACNA1H-1","Ex_CACNA1H_LHX9",0.808800447543246
"_TCTGTCGAGCATCGAG-1","Glut-CACNA1H-RA","Ex_CACNA1H_LHX9",0.77171722842605
"_TCTTAGTCACGAGGAT-1","Glut-CACNA1H-RA","Ex_CACNA1H_LHX9",0.802747332536082
"_TCTTAGTGTGGAATGC-1","Glut-CACNA1H-1","Ex_CACNA1H_LHX9",0.780828791527861
"_TCTTCCTCAGGGTTGA-1","Glut-CACNA1H-RA","Ex_CACNA1H_LHX9",0.771486081090318
"_TCTTGCGAGATGGCAC-1","Glut-CACNA1H-RA","Ex_CACNA1H_LHX9",0.791092441216912
"_TCTTGCGCAAACGTGG-1","Glut-CACNA1H-RA","Ex_CACNA1H_LHX9",0.80287362830262
"_TCTTGCGTCAAGATAG-1","Glut-CACNA1H-1","Ex_CACNA1H_LHX9",0.783527000294174
"_TCTTTGAGTAGCGTAG-1","Glut-CACNA1H-RA","Ex_CACNA1H_LHX9",0.81461862171665
"_TGAACGTTCGGAGTGA-1","Glut-CACNA1H-RA","Ex_CACNA1H_LHX9",0.825485916766809
"_TGAACGTTCTCTTAAC-1","Glut-CACNA1H-RA","Ex_CACNA1H_LHX9",0.793520699272203
"_TGAATCGAGAACAGGA-1","Glut-CACNA1H-RA","Ex_CACNA1H_LHX9",0.799102531549652
"_TGAATCGAGGCCACTC-1","Glut-CACNA1H-RA","Ex_CACNA1H_LHX9",0.791069582657254
"_TGAATGCAGGATGTTA-1","Glut-CACNA1H-RA","Ex_CACNA1H_LHX9",0.789048194753235
"_TGAATGCTCGCAATTG-1","Glut-CACNA1H-RA","Ex_CACNA1H_LHX9",0.812359650170224
"_TGACAGTAGCCGAACA-1","Glut-CACNA1H-RA","Ex_CACNA1H_LHX9",0.793660763430206
"_TGACAGTGTTCTTAGG-1","Glut-CACNA1H-RA","Ex_CACNA1H_LHX9",0.806994402597628
"_TGACCCTAGTCTAACC-1","Glut-CACNA1H-RA","Ex_CACNA1H_LHX9",0.829810772322622
"_TGACGCGCAAACCATC-1","Glut-CACNA1H-RA","Ex_CACNA1H_LHX9",0.810988483264844
"_TGACGCGCATCAGCAT-1","Glut-CACNA1H-4","Ex_DACH2_SLIT2",0.512163515994444
"_TGACGCGGTCATGGCC-1","Glut-CACNA1H-RA","Ex_CACNA1H_LHX9",0.846198905916335
"_TGAGACTGTCGGTAAG-1","Glut-CACNA1H-RA","Ex_CACNA1H_LHX9",0.836004579904918
"_TGAGACTGTGATAGAT-1","Glut-CACNA1H-RA","Ex_CACNA1H_LHX9",0.816973472609096
"_TGAGCATAGATACAGT-1","Glut-CACNA1H-RA","Ex_CACNA1H_LHX9",0.798258586550058
"_TGAGCATCAGACAAAT-1","Glut-CACNA1H-RA","Ex_CACNA1H_LHX9",0.811193342182304
"_TGAGCATGTCGCACAC-1","Glut-CACNA1H-1","Ex_CACNA1H_LHX9",0.816370863148517
"_TGAGGAGCACCACTGG-1","Glut-CACNA1H-RA","Ex_CACNA1H_LHX9",0.770258282080044
"_TGAGGGAAGCGACTAG-1","Glut-CACNA1H-2","Ex_CACNA1H_LHX9",0.715292458715907
"_TGAGGGACATCGAACT-1","Glut-CACNA1H-RA","Ex_CACNA1H_LHX9",0.778325587067207
"_TGAGGGATCTACACAG-1","Glut-CACNA1H-RA","Ex_CACNA1H_LHX9",0.788780989515389
"_TGAGGTTCAGTGCGCT-1","Glut-CACNA1H-RA","Ex_CACNA1H_LHX9",0.807963318860261
"_TGAGGTTGTTTACGTG-1","Glut-CACNA1H-4","Ex_DACH2_SLIT2",0.435384049805587
"_TGATCAGAGATCCCAT-1","Glut-CACNA1H-2","Ex_CACNA1H_LHX9",0.825338168525609
"_TGATCTTGTGTCATGT-1","Glut-CACNA1H-2","Ex_CACNA1H_LHX9",0.81314188828379
"_TGATCTTTCTGGCCTT-1","Glut-CACNA1H-RA","Ex_CACNA1H_LHX9",0.824996692408376
"_TGATGCAAGAGGTATT-1","Glut-CACNA1H-3","Ex_CACNA1H_LHX9",0.770958014301427
"_TGATGCAAGAGTCAAT-1","Glut-CACNA1H-RA","Ex_CACNA1H_LHX9",0.855856441840541
"_TGATGCAAGCAGGTCA-1","Glut-CACNA1H-RA","Ex_CACNA1H_LHX9",0.784936095299084
"_TGATGGTCAGTGCCTG-1","Glut-CACNA1H-RA","Ex_CACNA1H_LHX9",0.805939153273752
"_TGATGGTCATGGCCCA-1","Glut-CACNA1H-RA","Ex_CACNA1H_LHX9",0.795839256376947
"_TGATTCTAGTCACGAG-1","Glut-CACNA1H-RA","Ex_CACNA1H_LHX9",0.812433009927415
"_TGATTTCTCCACTGAA-1","Glut-CACNA1H-2","Ex_CACNA1H_LHX9",0.779797057176348
"_TGCACGGTCAATGCAC-1","Glut-CACNA1H-RA","Ex_CACNA1H_LHX9",0.792123709663692
"_TGCAGATCACAACATC-1","Glut-CACNA1H-RA","Ex_CACNA1H_LHX9",0.801519566211459
"_TGCAGGCAGATACCAA-1","Glut-CACNA1H-RA","Ex_CACNA1H_LHX9",0.807178849065955
"_TGCAGGCGTATTTCTC-1","Glut-CACNA1H-RA","Ex_CACNA1H_LHX9",0.837785776521805
"_TGCAGGCTCTACTATC-1","Glut-CACNA1H-RA","Ex_CACNA1H_LHX9",0.840589780935162
"_TGCATCCAGTGGTTGG-1","Glut-CACNA1H-1","Ex_CACNA1H_LHX9",0.81620646682225
"_TGCATCCCAGCTATAC-1","Glut-CACNA1H-2","Ex_CACNA1H_LHX9",0.530357788603396
"_TGCATCCTCGAAGAAT-1","Glut-CACNA1H-1","Ex_CACNA1H_LHX9",0.527193519294696
"_TGCCGAGGTCCCAAAT-1","Glut-CACNA1H-RA","Ex_CACNA1H_LHX9",0.803949963223838
"_TGCGACGAGTAACAGT-1","Glut-CACNA1H-RA","Ex_CACNA1H_LHX9",0.793465289227615
"_TGCGACGAGTGCAGGT-1","Glut-CACNA1H-RA","Ex_CACNA1H_LHX9",0.762974960409735
"_TGCGACGAGTGGAAAG-1","Glut-CACNA1H-RA","Ex_CACNA1H_LHX9",0.82175391858108
"_TGCGATAAGACCTTTG-1","Glut-CACNA1H-RA","Ex_CACNA1H_LHX9",0.796318608292052
"_TGCGGCACAGCCTTCT-1","Glut-CACNA1H-1","Ex_CACNA1H_LHX9",0.854138858875584
"_TGCTCGTCAATACGAA-1","Glut-CACNA1H-RA","Ex_CACNA1H_LHX9",0.74215322746409
"_TGCTCGTGTCTTGGTA-1","Glut-CACNA1H-RA","Ex_CACNA1H_LHX9",0.802022462699368
"_TGCTTGCAGAGCATTA-1","Glut-CACNA1H-RA","Ex_CACNA1H_LHX9",0.787064396180872
"_TGGAACTAGTTGCTGT-1","Glut-CACNA1H-RA","Ex_CACNA1H_LHX9",0.79464023558217
"_TGGAACTGTGCATTTG-1","Glut-CACNA1H-1","Ex_CACNA1H_LHX9",0.821889275652326
"_TGGAACTTCTCAGAAC-1","Glut-CACNA1H-RA","Ex_CACNA1H_LHX9",0.817226809588561
"_TGGAGAGCATGGAGAC-1","Glut-CACNA1H-RA","Ex_CACNA1H_LHX9",0.823257633231745
"_TGGAGAGGTACGAGTG-1","Glut-CACNA1H-RA","Ex_CACNA1H_LHX9",0.797836121576821
"_TGGAGGAAGTTACGTC-1","Glut-CACNA1H-2","Ex_CACNA1H_LHX9",0.832391420066743
"_TGGAGGATCTAGTGAC-1","Glut-CACNA1H-2","Ex_CACNA1H_LHX9",0.746035037751296
"_TGGATCACATCCGGCA-1","Glut-CACNA1H-RA","Ex_CACNA1H_LHX9",0.784328712333522
"_TGGATCATCGAACCTA-1","Glut-CACNA1H-RA","Ex_CACNA1H_LHX9",0.78313806569339
"_TGGATGTAGCTGTTAC-1","Glut-CACNA1H-RA","Ex_CACNA1H_LHX9",0.813143826850494
"_TGGCGTGCAATCGAAA-1","Glut-CACNA1H-4","Ex_CACNA1H_LHX9",0.670340928398971
"_TGGCGTGCATTGACAC-1","Glut-CACNA1H-2","Ex_CACNA1H_LHX9",0.65239497312108
"_TGGGAAGTCGAGAAAT-1","Glut-CACNA1H-RA","Ex_CACNA1H_LHX9",0.790553222112835
"_TGGGAAGTCTCGCTTG-1","Glut-CACNA1H-2","Ex_CACNA1H_LHX9",0.638383664262391
"_TGGGAGAAGACGGTTG-1","Glut-CACNA1H-RA","Ex_CACNA1H_LHX9",0.762189522706798
"_TGGGAGACAAGGTTGG-1","Glut-CACNA1H-RA","Ex_CACNA1H_LHX9",0.820373959216457
"_TGGGAGATCCCATACC-1","Glut-CACNA1H-RA","Ex_CACNA1H_LHX9",0.84010056131848
"_TGGGATTGTCCAGTTA-1","Glut-CACNA1H-RA","Ex_CACNA1H_LHX9",0.782225122116356
"_TGGTACAGTCGAGATG-1","Glut-CACNA1H-RA","Ex_CACNA1H_LHX9",0.834834310695055
"_TGGTAGTGTAGTATAG-1","Glut-CACNA1H-1","Ex_CACNA1H_LHX9",0.78956346531129
"_TGGTAGTGTCGCGGTT-1","Glut-CACNA1H-RA","Ex_CACNA1H_LHX9",0.828697269479778
"_TGGTAGTTCTGGTGCG-1","Glut-CACNA1H-1","Ex_CACNA1H_LHX9",0.794890641319243
"_TGGTGATGTATCTTCT-1","Glut-DACH2-3","Ex_DACH2_SLIT2",0.420081154131962
"_TGGTTAGCACTAGTAC-1","Glut-CACNA1H-RA","Ex_CACNA1H_LHX9",0.780347296725657
"_TGGTTAGTCTTACACT-1","Glut-CACNA1H-RA","Ex_CACNA1H_LHX9",0.795137808044114
"_TGTAACGAGTGATCGG-1","Glut-CACNA1H-1","Ex_CACNA1H_LHX9",0.798142223669461
"_TGTAACGCACGTCTCT-1","Glut-CACNA1H-1","Ex_CACNA1H_LHX9",0.806208761346825
"_TGTAAGCAGTAATCCC-1","Glut-CACNA1H-RA","Ex_CACNA1H_LHX9",0.803994755013184
"_TGTACAGCAGAGTTGG-1","Glut-CACNA1H-4","Ex_CACNA1H_LHX9",0.49075240226922
"_TGTACAGCATATGGCT-1","Glut-CACNA1H-RA","Ex_CACNA1H_LHX9",0.807198830871531
"_TGTAGACTCTCGCTCA-1","Glut-CACNA1H-1","Ex_CACNA1H_LHX9",0.828941636582749
"_TGTCAGAAGGGCGAAG-1","Glut-CACNA1H-RA","Ex_CACNA1H_LHX9",0.818197427692799
"_TGTCCACTCACACCCT-1","Glut-CACNA1H-1","Ex_CACNA1H_LHX9",0.801143326490417
"_TGTCCTGCATCTGCGG-1","Glut-CACNA1H-1","Ex_CACNA1H_LHX9",0.682237416491382
"_TGTCCTGTCATTACTC-1","Glut-CACNA1H-RA","Ex_CACNA1H_LHX9",0.787801701847738
"_TGTGAGTTCGAGTCTA-1","Glut-CACNA1H-4","Ex_CACNA1H_LHX9",0.51091590205917
"_TGTGATGGTGAAAGTT-1","Glut-CACNA1H-1","Ex_CACNA1H_LHX9",0.832072708089045
"_TGTGGCGCACGTGTGC-1","Glut-CACNA1H-1","Ex_DACH2_NR4A3",0.464810644807934
"_TGTGTGACAAGCTGTT-1","Glut-CACNA1H-RA","Ex_CACNA1H_LHX9",0.834138165914758
"_TGTTCATAGAAGCCTG-1","Glut-CACNA1H-1","Ex_CACNA1H_LHX9",0.802882443144257
"_TGTTCATAGGCTTAAA-1","Glut-CACNA1H-2","Ex_CACNA1H_LHX9",0.647307255342702
"_TGTTCATCATAGCTGT-1","Glut-CACNA1H-4","Ex_DACH2_SLIT2",0.467647641200362
"_TGTTCATGTTAGCGGA-1","Glut-CACNA1H-RA","Ex_CACNA1H_LHX9",0.831273214969414
"_TGTTCATTCCACACAA-1","Glut-CACNA1H-RA","Ex_CACNA1H_LHX9",0.795155683419051
"_TGTTCCGTCCCTTGGT-1","Glut-CACNA1H-4","Ex_CACNA1H_LHX9",0.489230814127655
"_TGTTCTAAGGTGCTTT-1","Glut-CACNA1H-RA","Ex_CACNA1H_LHX9",0.814305994686939
"_TGTTGGACACTGCGAC-1","Glut-CACNA1H-RA","Ex_CACNA1H_LHX9",0.832873541968125
"_TGTTTGTAGTTGAAGT-1","Glut-CACNA1H-RA","Ex_CACNA1H_LHX9",0.829299813275453
"_TGTTTGTTCACGTCCT-1","Glut-CACNA1H-1","Ex_CACNA1H_LHX9",0.808140602125899
"_TGTTTGTTCGCCTATC-1","Glut-CACNA1H-RA","Ex_CACNA1H_LHX9",0.810643192506813
"_TTAATCCAGGAGGTTC-1","Glut-CACNA1H-4","Ex_CACNA1H_LHX9",0.531696210163177
"_TTACCATAGGTTGACG-1","Glut-CACNA1H-RA","Ex_CACNA1H_LHX9",0.775584841120346
"_TTACCATCATAGATCC-1","Glut-CACNA1H-1","Ex_CACNA1H_LHX9",0.805005539660445
"_TTACCGCAGATACATG-1","Glut-CACNA1H-2","Ex_CACNA1H_LHX9",0.656633734400794
"_TTACGCCCAAGGTCGA-1","Glut-CACNA1H-RA","Ex_CACNA1H_LHX9",0.802065302369896
"_TTACGCCTCCTCACTG-1","Glut-CACNA1H-RA","Ex_CACNA1H_LHX9",0.833054818809925
"_TTACGTTTCGTTTACT-1","Glut-CACNA1H-1","Ex_CACNA1H_LHX9",0.822968110441979
"_TTACTGTTCCGAGAAG-1","Glut-CACNA1H-RA","Ex_CACNA1H_LHX9",0.789895237290942
"_TTACTGTTCGCCAATA-1","Glut-CACNA1H-RA","Ex_CACNA1H_LHX9",0.820152039893717
"_TTATTGCAGAGTAACT-1","Glut-CACNA1H-RA","Ex_CACNA1H_LHX9",0.795086278981693
"_TTCAATCCAGCACGAA-1","Glut-CACNA1H-1","Ex_DACH2_NR4A3",0.438034176126463
"_TTCAATCGTCCGATCG-1","Glut-CACNA1H-RA","Ex_CACNA1H_LHX9",0.774209524246009
"_TTCACCGTCTAACGCA-1","Glut-CACNA1H-RA","Ex_CACNA1H_LHX9",0.78961973765915
"_TTCACCGTCTCTCTAA-1","Glut-CACNA1H-RA","Ex_CACNA1H_LHX9",0.796531716446937
"_TTCATGTTCGACCATA-1","Glut-CACNA1H-RA","Ex_CACNA1H_LHX9",0.807775607582612
"_TTCATTGGTACTTCCC-1","Glut-CACNA1H-RA","Ex_CACNA1H_LHX9",0.834369864628838
"_TTCATTGGTGGTACAG-1","Glut-CACNA1H-RA","Ex_CACNA1H_LHX9",0.763138656189408
"_TTCCAATGTTCACCGG-1","Glut-CACNA1H-RA","Ex_CACNA1H_LHX9",0.783923289108491
"_TTCCAATTCCACAGCG-1","Glut-CACNA1H-RA","Ex_CACNA1H_LHX9",0.798461244388967
"_TTCCAATTCCTAGAGT-1","Glut-CACNA1H-2","Ex_CACNA1H_LHX9",0.783090835452316
"_TTCCAATTCTGTCAGA-1","Glut-CACNA1H-RA","Ex_CACNA1H_LHX9",0.793476662226482
"_TTCCACGAGGGATCGT-1","Glut-CACNA1H-RA","Ex_CACNA1H_LHX9",0.807339297757236
"_TTCCACGAGTAAGGGA-1","Glut-CACNA1H-RA","Ex_CACNA1H_LHX9",0.819446516497743
"_TTCCACGCATAGAATG-1","Glut-CACNA1H-RA","Ex_CACNA1H_LHX9",0.792164841351241
"_TTCCACGGTGTTTCTT-1","Glut-CACNA1H-2","Ex_CACNA1H_LHX9",0.708226975873733
"_TTCCGTGGTAACAAGT-1","Glut-CACNA1H-RA","Ex_CACNA1H_LHX9",0.804973964665713
"_TTCCTAAAGCATACTC-1","Glut-CACNA1H-RA","Ex_CACNA1H_LHX9",0.810791189280941
"_TTCCTAAAGCTACTGT-1","Glut-CACNA1H-2","Ex_CACNA1H_LHX9",0.810973375053238
"_TTCCTCTAGGTGGGTT-1","Glut-CACNA1H-RA","Ex_CACNA1H_LHX9",0.803732289658386
"_TTCCTCTTCGATACAC-1","Glut-CACNA1H-RA","Ex_CACNA1H_LHX9",0.825958821624623
"_TTCCTTCAGCACTAGG-1","Glut-CACNA1H-4","Ex_CACNA1H_LHX9",0.512779642048041
"_TTCCTTCCAGATACCT-1","Glut-CACNA1H-RA","Ex_CACNA1H_LHX9",0.807616276718516
"_TTCCTTCGTGGTCAAG-1","Glut-CACNA1H-RA","Ex_CACNA1H_LHX9",0.84130784552926
"_TTCCTTCGTTTCACTT-1","Glut-CACNA1H-RA","Ex_CACNA1H_LHX9",0.82340358612154
"_TTCGATTAGTTTCGGT-1","Glut-CACNA1H-RA","Ex_CACNA1H_LHX9",0.817865112845695
"_TTCGCTGAGACGGTCA-1","Glut-CACNA1H-RA","Ex_CACNA1H_LHX9",0.804660224477864
"_TTCGGTCAGCTAGATA-1","Glut-CACNA1H-RA","Ex_CACNA1H_LHX9",0.839304009775849
"_TTCTAGTAGTAGGCCA-1","Glut-CACNA1H-RA","Ex_CACNA1H_LHX9",0.803048843910614
"_TTCTCTCAGGCCTAGA-1","Glut-CACNA1H-RA","Ex_CACNA1H_LHX9",0.796015722822937
"_TTCTCTCCATTCCTCG-1","Glut-CACNA1H-1","Ex_CACNA1H_LHX9",0.80945164891492
"_TTCTGTATCTCATGGA-1","Glut-CACNA1H-4","Ex_CACNA1H_LHX9",0.419767268365448
"_TTCTTGACATACATCG-1","Glut-CACNA1H-RA","Ex_CACNA1H_LHX9",0.788697526339491
"_TTGAACGGTCTCACGG-1","Glut-CACNA1H-1","Ex_CACNA1H_LHX9",0.769530101484921
"_TTGAACGGTTAAACAG-1","Glut-CACNA1H-2","Ex_CACNA1H_LHX9",0.813132595972
"_TTGACCCGTACGATCT-1","Glut-CACNA1H-RA","Ex_CACNA1H_LHX9",0.818815521858169
"_TTGAGTGCAGTGTGCC-1","Glut-CACNA1H-RA","Ex_CACNA1H_LHX9",0.731692587389113
"_TTGCATTCACAATTCG-1","Glut-CACNA1H-RA","Ex_CACNA1H_LHX9",0.798346128397619
"_TTGCATTGTCGCGGTT-1","Glut-CACNA1H-RA","Ex_CACNA1H_LHX9",0.803135474166526
"_TTGCATTTCTTGTGCC-1","Glut-CACNA1H-RA","Ex_CACNA1H_LHX9",0.787526909419137
"_TTGCCTGAGAGGATGA-1","Glut-CACNA1H-RA","Ex_CACNA1H_LHX9",0.806378245725696
"_TTGCCTGGTAGACGTG-1","Glut-CACNA1H-RA","Ex_CACNA1H_LHX9",0.830872933635291
"_TTGCGTCCACTTGAAC-1","Glut-CACNA1H-RA","Ex_CACNA1H_LHX9",0.774286742519404
"_TTGCTGCGTAGCTGTT-1","Glut-CACNA1H-RA","Ex_CACNA1H_LHX9",0.821788486787163
"_TTGCTGCTCCGTGGCA-1","Glut-CACNA1H-RA","Ex_CACNA1H_LHX9",0.835513811002353
"_TTGGGATCACGTACAT-1","Glut-CACNA1H-RA","Ex_CACNA1H_LHX9",0.820430768319577
"_TTGGGATTCCCGAGAC-1","Glut-CACNA1H-RA","Ex_CACNA1H_LHX9",0.792805899918734
"_TTGGGCGGTTCCAAAC-1","Glut-CACNA1H-RA","Ex_CACNA1H_LHX9",0.823852819190122
"_TTGGTTTCATATCGGT-1","Glut-CACNA1H-RA","Ex_CACNA1H_LHX9",0.805084790183379
"_TTGGTTTTCCTATGGA-1","Glut-CACNA1H-2","Ex_CACNA1H_LHX9",0.807004148381058
"_TTGGTTTTCTGGGCCA-1","Glut-CACNA1H-1","Ex_CACNA1H_LHX9",0.799853395172416
"_TTGTGGACATTAGGAA-1","Glut-CACNA1H-RA","Ex_CACNA1H_LHX9",0.824835260266917
"_TTGTGTTCATAAGCGG-1","Glut-CACNA1H-RA","Ex_CACNA1H_LHX9",0.737182281081578
"_TTGTGTTGTGACATCT-1","Glut-CACNA1H-RA","Ex_CACNA1H_LHX9",0.809427428584046
"_TTGTTCAAGCTAGCCC-1","Glut-CACNA1H-RA","Ex_CACNA1H_LHX9",0.779167424103895
"_TTGTTCATCGGCATCG-1","Glut-CACNA1H-RA","Ex_CACNA1H_LHX9",0.796803188640489
"_TTGTTGTCAAGGCTTT-1","Glut-CACNA1H-RA","Ex_CACNA1H_LHX9",0.82642996129399
"_TTTACCATCGTGGCTG-1","Glut-CACNA1H-RA","Ex_CACNA1H_LHX9",0.793394095157181
"_TTTACGTAGGCTAACG-1","Glut-CACNA1H-3","Ex_CACNA1H_LHX9",0.7000155323496
"_TTTACGTAGGGAGATA-1","Glut-CACNA1H-RA","Ex_CACNA1H_LHX9",0.808271324925618
"_TTTACGTCAGAGGTAC-1","Glut-CACNA1H-1","Ex_CACNA1H_LHX9",0.798111405881941
"_TTTACTGCACCAAATC-1","Glut-CACNA1H-RA","Ex_CACNA1H_LHX9",0.773923503758955
"_TTTACTGTCGCCAGTG-1","Glut-CACNA1H-RA","Ex_CACNA1H_LHX9",0.809676057378635
"_TTTATGCAGGGCAGTT-1","Glut-CACNA1H-RA","Ex_CACNA1H_LHX9",0.78411958638836
"_TTTCACACAGTGTACT-1","Glut-CACNA1H-RA","Ex_CACNA1H_LHX9",0.790578057836095
"_TTTCACAGTCATAACC-1","Glut-CACNA1H-RA","Ex_CACNA1H_LHX9",0.828997844799565
"_TTTCCTCAGTCAACAA-1","Glut-CACNA1H-RA","Ex_CACNA1H_LHX9",0.827614671351296
"_TTTCCTCAGTCCTGCG-1","Glut-CACNA1H-RA","Ex_CACNA1H_LHX9",0.783850894035956
"_TTTCGATAGAGGTGCT-1","Glut-CACNA1H-1","Ex_CACNA1H_LHX9",0.771683388282899
"_TTTCGATCATAGAATG-1","Glut-CACNA1H-RA","Ex_CACNA1H_LHX9",0.824919751277932
"_TTTGACTGTCTTGCGG-1","Glut-CACNA1H-2","Ex_CACNA1H_LHX9",0.806512531746147
"_TTTGACTTCGAACGCC-1","Glut-CACNA1H-RA","Ex_CACNA1H_LHX9",0.785313341921769
"_TTTGATCTCTACTGCC-1","Glut-CACNA1H-RA","Ex_CACNA1H_LHX9",0.820476721001083
"_TTTGGAGCATGGCCCA-1","Glut-CACNA1H-RA","Ex_CACNA1H_LHX9",0.812977989981093
"_TTTGGTTAGTTCCGTA-1","Glut-CACNA1H-RA","Ex_CACNA1H_LHX9",0.780730252045356
"_TTTGTTGAGTCATGCT-1","Glut-CACNA1H-RA","Ex_CACNA1H_LHX9",0.796981083772901
"_AAACCCACACTGGCGT-2","Glut-CACNA1H-3","Ex_CACNA1H_LHX9",0.768275854240504
"_AAACCCAGTAGAGGAA-2","Glut-CACNA1H-1","Ex_CACNA1H_LHX9",0.839081097611571
"_AAACCCAGTCTACGTA-2","Glut-CACNA1H-2","Ex_CACNA1H_LHX9",0.414409461596016
"_AAACCCATCTTACACT-2","Glut-CACNA1H-2","Ex_CACNA1H_LHX9",0.702103915942555
"_AAACGAAGTTGCTAGT-2","Glut-CACNA1H-2","Ex_CACNA1H_LHX9",0.719204431509524
"_AAACGAATCTGGCTGG-2","Glut-CACNA1H-3","Ex_CACNA1H_LHX9",0.440637207469449
"_AAACGCTAGATGGTAT-2","Glut-CACNA1H-2","Ex_CACNA1H_LHX9",0.647271998264349
"_AAACGCTCACGAAAGC-2","Glut-CACNA1H-4","Ex_CACNA1H_LHX9",0.779124826243325
"_AAAGAACCACTTGACA-2","Glut-CACNA1H-1","Ex_CACNA1H_LHX9",0.787739315342123
"_AAAGAACCACTTTAGG-2","Glut-CACNA1H-3","Ex_CACNA1H_LHX9",0.641881734818511
"_AAAGAACTCGCACTCT-2","Glut-CACNA1H-4","Ex_CACNA1H_LHX9",0.642106617345255
"_AAAGAACTCGGCGATC-2","Glut-CACNA1H-4","Ex_CACNA1H_LHX9",0.697682136627337
"_AAAGGATCAGCTACAT-2","Glut-DACH2-1","Ex_DACH2_MGAT4C",0.352170199611948
"_AAAGGATGTGCGTTTA-2","Glut-CACNA1H-3","Ex_CACNA1H_LHX9",0.81879834354904
"_AAAGGGCCAACTGATC-2","Glut-CACNA1H-2","Ex_CACNA1H_LHX9",0.612028094884456
"_AAAGGTATCATTGCCC-2","Glut-CACNA1H-2","Ex_CACNA1H_LHX9",0.660934064654021
"_AAAGGTATCGGCTTCT-2","Glut-CACNA1H-2","Ex_CACNA1H_LHX9",0.684628698157797
"_AAAGTCCGTATGCGTT-2","Glut-CACNA1H-1","Ex_CACNA1H_LHX9",0.786895291315134
"_AAAGTGAGTCCTTAAG-2","Glut-DACH2-2","Ex_DACH2_LHX2",0.40067247539194
"_AAAGTGATCGAGTACT-2","Glut-CACNA1H-1","Ex_CACNA1H_LHX9",0.833328113811258
"_AAAGTGATCTGATTCT-2","Glut-CACNA1H-2","Ex_CACNA1H_LHX9",0.792421956389694
"_AAATGGAAGGTAGGCT-2","Glut-CACNA1H-1","Ex_CACNA1H_LHX9",0.759543472986786
"_AAATGGATCAAGTGTC-2","Glut-CACNA1H-3","Ex_CACNA1H_LHX9",0.79861774328991
"_AACAAGACAGCTACCG-2","Glut-CACNA1H-1","Ex_CACNA1H_LHX9",0.828652526040507
"_AACACACAGCATGGGT-2","Glut-CACNA1H-1","Ex_CACNA1H_LHX9",0.713249267863584
"_AACACACCAAAGACGC-2","Glut-CACNA1H-2","Ex_CACNA1H_LHX9",0.618299580637186
"_AACACACTCCACTGGG-2","Glut-CACNA1H-2","Ex_CACNA1H_LHX9",0.735867600617393
"_AACAGGGGTAAGGCTG-2","Glut-CACNA1H-1","Ex_CACNA1H_LHX9",0.771439799753983
"_AACAGGGGTGAGATTA-2","Glut-CACNA1H-2","Ex_CACNA1H_LHX9",0.647962571119507
"_AACAGGGGTTGTATGC-2","Glut-CACNA1H-1","Ex_CACNA1H_LHX9",0.829620361404898
"_AACAGGGTCTACCAGA-2","Glut-CACNA1H-3","Ex_CACNA1H_LHX9",0.708629941081137
"_AACCAACCAGTGAGCA-2","Glut-CACNA1H-4","Ex_CACNA1H_LHX9",0.699538592490373
"_AACCACACAGACTGCC-2","Glut-CACNA1H-2","Ex_CACNA1H_LHX9",0.765729703287651
"_AACCATGAGAACGTGC-2","Glut-CACNA1H-3","Ex_CACNA1H_LHX9",0.767809267425422
"_AACCTGAAGTGGATAT-2","Glut-CACNA1H-3","Ex_CACNA1H_LHX9",0.786551129461561
"_AACCTTTAGCTCATAC-2","Glut-CACNA1H-2","Ex_CACNA1H_LHX9",0.717908626132498
"_AACCTTTAGGCTCACC-2","Glut-CACNA1H-1","Ex_CACNA1H_LHX9",0.676688621611553
"_AACCTTTCAGAGGCAT-2","Glut-CACNA1H-1","Ex_CACNA1H_LHX9",0.829449623095492
"_AACCTTTTCGTCTAAG-2","Glut-CACNA1H-1","Ex_CACNA1H_LHX9",0.742993284447076
"_AACGGGACAAGCGGAT-2","Glut-CACNA1H-1","Ex_CACNA1H_LHX9",0.602582226790247
"_AACGGGACACACCGAC-2","Glut-CACNA1H-2","Ex_CACNA1H_LHX9",0.78231882619913
"_AACGGGAGTAGCGAGT-2","Glut-CACNA1H-2","Ex_CACNA1H_LHX9",0.656479908003683
"_AACGGGAGTTGTGTAC-2","Glut-CACNA1H-1","Ex_CACNA1H_LHX9",0.747667741836673
"_AACGGGATCATGAGTC-2","Glut-CACNA1H-1","Ex_CACNA1H_LHX9",0.763957853384747
"_AACGGGATCCGTCCTA-2","Glut-CACNA1H-1","Ex_CACNA1H_LHX9",0.682529531162803
"_AACGTCAAGAGAGTTT-2","Glut-CACNA1H-2","Ex_CACNA1H_LHX9",0.744656964935839
"_AACGTCATCAAACGAA-2","Glut-CACNA1H-3","Ex_CACNA1H_LHX9",0.800056014398659
"_AAGAACAGTCGCCACA-2","Glut-CACNA1H-2","Ex_CACNA1H_LHX9",0.729822087969279
"_AAGAACATCCATTCGC-2","Glut-CACNA1H-3","Ex_CACNA1H_LHX9",0.77060426313058
"_AAGACAATCACCGCTT-2","Glut-CACNA1H-1","Ex_CACNA1H_LHX9",0.515437974557242
"_AAGACAATCACGTCCT-2","Glut-CACNA1H-RA","Ex_CACNA1H_LHX9",0.778663869056677
"_AAGACTCTCACTGTTT-2","Glut-CACNA1H-1","Ex_CACNA1H_LHX9",0.771660580644984
"_AAGATAGGTTTCACAG-2","Glut-CACNA1H-2","Ex_CACNA1H_LHX9",0.767019578152021
"_AAGCATCCAAGATCCT-2","Glut-CACNA1H-2","Ex_CACNA1H_LHX9",0.584954344302952
"_AAGCATCGTTAAGGGC-2","Glut-CACNA1H-1","Ex_CACNA1H_LHX9",0.707385834178899
"_AAGCCATAGGGATGTC-2","Glut-CACNA1H-2","Ex_CACNA1H_LHX9",0.772894304651177
"_AAGCCATAGTGGCAGT-2","Glut-CACNA1H-4","Ex_CACNA1H_LHX9",0.80230450964071
"_AAGCCATTCAGTGTGT-2","Glut-CACNA1H-1","Ex_CACNA1H_LHX9",0.806011691364137
"_AAGCGAGAGACATATG-2","Glut-CACNA1H-2","Ex_CACNA1H_LHX9",0.552924232894429
"_AAGCGAGAGCAGCACA-2","Glut-CACNA1H-3","Ex_CACNA1H_LHX9",0.802230001380784
"_AAGCGAGAGGAGCTGT-2","Glut-CACNA1H-2","Ex_CACNA1H_LHX9",0.718943819545024
"_AAGCGTTAGTTCCGTA-2","Glut-CACNA1H-2","Ex_CACNA1H_LHX9",0.579878176843483
"_AAGCGTTGTAGTCTGT-2","Glut-CACNA1H-2","Ex_CACNA1H_LHX9",0.596279204650249
"_AAGGAATAGACCAGCA-2","Glut-CACNA1H-2","Ex_CACNA1H_LHX9",0.341175002052202
"_AAGGAATCAGGTTCCG-2","Glut-CACNA1H-2","Ex_CACNA1H_LHX9",0.444350381957337
"_AAGGAATGTCAGGCAA-2","Glut-CACNA1H-2","Ex_CACNA1H_LHX9",0.719095413956145
"_AAGGTAAGTTCCTTGC-2","Glut-CACNA1H-1","Ex_CACNA1H_LHX9",0.782642740363604
"_AAGTACCAGTAAGCAT-2","Glut-CACNA1H-3","Ex_CACNA1H_LHX9",0.753597622757317
"_AAGTACCCACAATTCG-2","Glut-CACNA1H-2","Ex_CACNA1H_LHX9",0.676729220421065
"_AAGTACCGTACGTAGG-2","Glut-CACNA1H-3","Ex_CACNA1H_LHX9",0.627579306143982
"_AAGTGAACATCTCAAG-2","Glut-CACNA1H-3","Ex_CACNA1H_LHX9",0.795412913913577
"_AAGTTCGAGAACGCGT-2","Glut-CACNA1H-2","Ex_CACNA1H_LHX9",0.55744194172989
"_AAGTTCGCAAGTGGCA-2","Glut-CACNA1H-3","Ex_CACNA1H_LHX9",0.752626883123122
"_AAGTTCGGTCAACCTA-2","Glut-CACNA1H-2","Ex_CACNA1H_LHX9",0.657020542249545
"_AAGTTCGTCCATACTT-2","Glut-CACNA1H-1","Ex_CACNA1H_LHX9",0.779234606467645
"_AAGTTCGTCTTCGGTC-2","Glut-CACNA1H-3","Ex_CACNA1H_LHX9",0.438877955252049
"_AATAGAGCATGGCACC-2","Glut-CACNA1H-4","Ex_CACNA1H_LHX9",0.674779093154218
"_AATAGAGTCCCGTGAG-2","Glut-CACNA1H-2","Ex_CACNA1H_LHX9",0.606429625511124
"_AATAGAGTCGAAGGAC-2","Glut-CACNA1H-2","Ex_CACNA1H_LHX9",0.707517598605206
"_AATCACGCACTTTAGG-2","Glut-CACNA1H-2","Ex_CACNA1H_LHX9",0.775655344346417
"_AATCACGGTCGTGTTA-2","Glut-CACNA1H-1","Ex_CACNA1H_LHX9",0.78764054459308
"_AATCACGGTGGTCTTA-2","Glut-CACNA1H-3","Ex_CACNA1H_LHX9",0.737037202065402
"_AATCGACAGGGCGAAG-2","Glut-DACH2-4","Ex_DACH2_ITGA9",0.297707606221523
"_AATCGACGTCTTCCGT-2","Glut-CACNA1H-1","Ex_CACNA1H_LHX9",0.812654315354781
"_AATCGACTCAGATTGC-2","Glut-CACNA1H-3","Ex_CACNA1H_LHX9",0.769160558156162
"_AATCGACTCAGGAAAT-2","Glut-CACNA1H-2","Ex_CACNA1H_LHX9",0.790760096356224
"_AATCGTGCAACGATCT-2","Glut-CACNA1H-1","Ex_CACNA1H_LHX9",0.814536951360631
"_AATCGTGCATCAGTGT-2","Glut-CACNA1H-1","Ex_CACNA1H_LHX9",0.777267164460465
"_AATGCCAAGGATCACG-2","Glut-CACNA1H-3","Ex_CACNA1H_LHX9",0.730477706225557
"_AATGCCATCTAGACAC-2","Glut-CACNA1H-3","Ex_CACNA1H_LHX9",0.745705690848748
"_AATGGAAGTATCATGC-2","Glut-CACNA1H-2","Ex_CACNA1H_LHX9",0.646882835061876
"_AATGGAATCAAAGACA-2","Glut-CACNA1H-3","Ex_CACNA1H_LHX9",0.806269662030836
"_AATGGCTAGAAGTCAT-2","Glut-CACNA1H-2","Ex_CACNA1H_LHX9",0.692869463303317
"_AATGGCTAGCAGTAAT-2","Glut-CACNA1H-2","Ex_CACNA1H_LHX9",0.746685992530866
"_AATGGCTCAACGATTC-2","Glut-CACNA1H-1","Ex_CACNA1H_LHX9",0.808088387019644
"_AATGGCTGTAACACCT-2","Glut-CACNA1H-2","Ex_CACNA1H_LHX9",0.751657875494531
"_AATGGCTGTACGACAG-2","Glut-CACNA1H-2","Ex_CACNA1H_LHX9",0.714378525192956
"_AATGGCTGTGTAAATG-2","Glut-CACNA1H-2","Ex_CACNA1H_LHX9",0.74663582231892
"_AATTCCTTCACAAGGG-2","Glut-CACNA1H-3","Ex_CACNA1H_LHX9",0.656459676594297
"_AATTTCCAGGAACGCT-2","Glut-CACNA1H-3","Ex_CACNA1H_LHX9",0.749786275045237
"_AATTTCCTCAATCTTC-2","Glut-CACNA1H-3","Ex_CACNA1H_LHX9",0.719131202533843
"_ACAAAGACAATAAGGT-2","Glut-CACNA1H-4","Ex_CACNA1H_LHX9",0.849411490996634
"_ACAACCAAGGGCCAAT-2","Glut-DACH2-2","Ex_DACH2_MGAT4C",0.249068644349247
"_ACAACCACATACACCA-2","Glut-CACNA1H-1","Ex_CACNA1H_LHX9",0.818053386323647
"_ACACCAACACCATAAC-2","Glut-CACNA1H-3","Ex_CACNA1H_LHX9",0.786919219536995
"_ACACGCGAGACCTCAT-2","Glut-CACNA1H-1","Ex_CACNA1H_LHX9",0.806109465421635
"_ACACTGAAGGTCGTAG-2","Glut-CACNA1H-2","Ex_CACNA1H_LHX9",0.779223368270737
"_ACACTGACAAAGGGCT-2","Glut-CACNA1H-3","Ex_CACNA1H_LHX9",0.744485214966489
"_ACACTGATCAGCTAGT-2","Glut-CACNA1H-2","Ex_CACNA1H_LHX9",0.590177474169547
"_ACACTGATCTGGAGAG-2","Glut-CACNA1H-2","Ex_CACNA1H_LHX9",0.652541796678677
"_ACAGAAACATCGGATT-2","Glut-CACNA1H-4","Ex_CACNA1H_LHX9",0.704075527946132
"_ACAGAAAGTGGCACTC-2","Glut-CACNA1H-4","Ex_CACNA1H_LHX9",0.794766310071743
"_ACAGAAAGTTGGCTAT-2","Glut-CACNA1H-2","Ex_CACNA1H_LHX9",0.769844160906922
"_ACAGAAATCATCTCTA-2","Glut-CACNA1H-1","Ex_CACNA1H_LHX9",0.793871840897485
"_ACAGCCGGTAGATCCT-2","Glut-CACNA1H-2","Ex_CACNA1H_LHX9",0.720862209916863
"_ACAGCCGGTGCTGTCG-2","Glut-CACNA1H-1","Ex_CACNA1H_LHX9",0.78776850746527
"_ACAGCCGTCTACCCAC-2","Glut-CACNA1H-2","Ex_CACNA1H_LHX9",0.562595553322324
"_ACAGGGAAGGTAGGCT-2","Glut-CACNA1H-2","Ex_CACNA1H_LHX9",0.66980444570551
"_ACAGGGACAACAGCCC-2","Glut-CACNA1H-1","Ex_CACNA1H_LHX9",0.787531150809434
"_ACAGGGACAAGTGCAG-2","Glut-CACNA1H-3","Ex_CACNA1H_LHX9",0.757545610270041
"_ACAGGGATCCTACACC-2","Glut-CACNA1H-3","Ex_CACNA1H_LHX9",0.821284400861093
"_ACATCCCAGCGAACTG-2","Glut-CACNA1H-2","Ex_CACNA1H_LHX9",0.58128736253204
"_ACATCCCCAAATCGTC-2","Glut-CACNA1H-3","Ex_CACNA1H_LHX9",0.739044980273944
"_ACATCGAAGGCCCAAA-2","Glut-CACNA1H-1","Ex_CACNA1H_LHX9",0.814908385126288
"_ACATCGAAGTCACTGT-2","Glut-CACNA1H-1","Ex_CACNA1H_LHX9",0.774875227973331
"_ACATCGACAAATGGTA-2","Glut-CACNA1H-1","Ex_CACNA1H_LHX9",0.829749054010063
"_ACATCGATCAACTCTT-2","Glut-CACNA1H-1","Ex_CACNA1H_LHX9",0.793893747870371
"_ACATGCAAGATTGATG-2","Glut-CACNA1H-1","Ex_CACNA1H_LHX9",0.747891598154101
"_ACATGCATCTACACAG-2","Glut-CACNA1H-1","Ex_CACNA1H_LHX9",0.836443000875498
"_ACATTTCAGATGACAT-2","Glut-CACNA1H-2","Ex_CACNA1H_LHX9",0.790481392335199
"_ACATTTCAGTGAGTTA-2","Glut-CACNA1H-4","Ex_CACNA1H_LHX9",0.818705821091133
"_ACATTTCCACCGGTCA-2","Glut-CACNA1H-2","Ex_DACH2_NR4A3",0.376570493717506
"_ACCAAACTCGCAGTGC-2","Glut-CACNA1H-1","Ex_CACNA1H_LHX9",0.766124718078289
"_ACCAAACTCGTTGTTT-2","Glut-CACNA1H-2","Ex_CACNA1H_LHX9",0.712203996193436
"_ACCAACAAGTCTCTGA-2","Glut-CACNA1H-3","Ex_CACNA1H_LHX9",0.632358124688046
"_ACCAACAGTCTCACAA-2","Glut-CACNA1H-2","Ex_CACNA1H_LHX9",0.74460146311519
"_ACCACAAAGAAACACT-2","Glut-CACNA1H-2","Ex_CACNA1H_LHX9",0.747670218543771
"_ACCACAAAGAGTAACT-2","Glut-DACH2-1","Ex_DACH2_GRIK4",0.248130768134304
"_ACCACAACAACACTAC-2","Glut-CACNA1H-2","Ex_CACNA1H_LHX9",0.491875954441475
"_ACCATTTCAATAGAGT-2","Glut-CACNA1H-2","Ex_CACNA1H_LHX9",0.768233425046371
"_ACCATTTCACTCATAG-2","Glut-CACNA1H-2","Ex_CACNA1H_LHX9",0.575802804824459
"_ACCCAAAAGAATAACC-2","Glut-CACNA1H-2","Ex_CACNA1H_LHX9",0.630150667834899
"_ACCCAAAAGGGATGTC-2","Glut-CACNA1H-2","Ex_CACNA1H_LHX9",0.44045374761292
"_ACCCAAAAGGGCAGGA-2","Glut-CACNA1H-4","Ex_CACNA1H_LHX9",0.847927491032361
"_ACCCAAACACCTTCCA-2","Glut-CACNA1H-2","Ex_CACNA1H_LHX9",0.52756826867058
"_ACCCAAAGTCTCCCTA-2","Glut-CACNA1H-1","Ex_CACNA1H_LHX9",0.822772661907263
"_ACCCTCAGTCATAAAG-2","Glut-CACNA1H-4","Ex_CACNA1H_LHX9",0.732189922948266
"_ACCCTTGAGTTGGAGC-2","Glut-CACNA1H-3","Ex_CACNA1H_LHX9",0.718089771883852
"_ACCGTTCAGATGGGCT-2","Glut-CACNA1H-1","Ex_CACNA1H_LHX9",0.783952737117052
"_ACCGTTCTCCTCTAAT-2","Glut-CACNA1H-2","Ex_CACNA1H_LHX9",0.765872593895337
"_ACCGTTCTCGATTGAC-2","Glut-DACH2-HVCra-Pre","Ex_DACH2_MGAT4C",0.273942861674132
"_ACCGTTCTCGCTGTCT-2","Glut-CACNA1H-2","Ex_CACNA1H_LHX9",0.790201201709366
"_ACCTACCCACAAGCAG-2","Glut-CACNA1H-1","Ex_CACNA1H_LHX9",0.804539518979842
"_ACCTGAACATCGAGCC-2","Glut-CACNA1H-1","Ex_CACNA1H_LHX9",0.813510460045251
"_ACCTGTCAGATTGATG-2","Glut-CACNA1H-1","Ex_CACNA1H_LHX9",0.774016731479852
"_ACCTGTCAGGATGCGT-2","Glut-CACNA1H-1","Ex_CACNA1H_LHX9",0.675981013459691
"_ACCTGTCTCCGGACGT-2","Glut-CACNA1H-1","Ex_CACNA1H_LHX9",0.808747891108487
"_ACCTGTCTCCTACACC-2","Glut-CACNA1H-2","Ex_CACNA1H_LHX9",0.757825198552475
"_ACGATCATCATTTCCA-2","Glut-CACNA1H-1","Ex_CACNA1H_LHX9",0.735406648888894
"_ACGATCATCCCTCGAT-2","Glut-CACNA1H-2","Ex_CACNA1H_LHX9",0.797780509754727
"_ACGATCATCGTTCCTG-2","Glut-CACNA1H-2","Ex_CACNA1H_LHX9",0.745870467956298
"_ACGATGTGTAAGGCCA-2","Glut-CACNA1H-4","Ex_CACNA1H_LHX9",0.792853164685921
"_ACGCACGAGAGCTTTC-2","Glut-CACNA1H-1","Ex_CACNA1H_LHX9",0.794662377778039
"_ACGCACGAGTCCTGCG-2","Glut-CACNA1H-1","Ex_CACNA1H_LHX9",0.832465182571605
"_ACGGAAGAGGCAGGGA-2","Glut-CACNA1H-2","Ex_CACNA1H_LHX9",0.754205571808564
"_ACGGAAGCAGGTGACA-2","Glut-CACNA1H-4","Ex_CACNA1H_LHX9",0.697069636247364
"_ACGGGTCAGCCAAGGT-2","Glut-CACNA1H-3","Ex_CACNA1H_LHX9",0.347420981727596
"_ACGGGTCTCCTTCAGC-2","Glut-CACNA1H-1","Ex_CACNA1H_LHX9",0.806217407593774
"_ACGGTCGAGGTTACAA-2","Glut-CACNA1H-2","Ex_CACNA1H_LHX9",0.718375237921911
"_ACGGTTAAGCAGGCAT-2","Glut-CACNA1H-2","Ex_CACNA1H_LHX9",0.672374192466901
"_ACGGTTACACAGTCAT-2","Glut-CACNA1H-2","Ex_CACNA1H_LHX9",0.787149378803477
"_ACGGTTATCAGTGTGT-2","Glut-CACNA1H-2","Ex_CACNA1H_LHX9",0.701431947706015
"_ACGTAACTCTGGCCAG-2","Glut-CACNA1H-1","Ex_CACNA1H_LHX9",0.782650532242355
"_ACGTACAAGAGGCCAT-2","Glut-CACNA1H-1","Ex_CACNA1H_LHX9",0.79395381972412
"_ACGTACACACGTACTA-2","Glut-DACH2-3","Ex_DACH2_SLIT2",0.601288999639195
"_ACGTACATCCAGTGTA-2","Glut-CACNA1H-1","Ex_CACNA1H_LHX9",0.783750900351847
"_ACGTAGTGTCCATACA-2","Glut-CACNA1H-2","Ex_CACNA1H_LHX9",0.74707933277029
"_ACGTAGTTCACAGAGG-2","Glut-CACNA1H-2","Ex_CACNA1H_LHX9",0.710703416057868
"_ACGTCCTCACCTCAGG-2","Glut-CACNA1H-2","Ex_DACH2_NR4A3",0.432380832548899
"_ACGTCCTTCACCACAA-2","Glut-CACNA1H-2","Ex_CACNA1H_LHX9",0.77455588511737
"_ACGTCCTTCTTTGATC-2","Glut-CACNA1H-1","Ex_CACNA1H_LHX9",0.785770641878023
"_ACGTTCCCATGGCGCT-2","Glut-CACNA1H-3","Ex_CACNA1H_LHX9",0.765559684983248
"_ACTACGACAGTCTCTC-2","Glut-CACNA1H-2","Ex_CACNA1H_LHX9",0.433393652435948
"_ACTATCTAGGTCATCT-2","Glut-CACNA1H-1","Ex_CACNA1H_LHX9",0.79757398217341
"_ACTATCTTCGTCACCT-2","Glut-DACH2-2","Ex_DACH2_GRIK4",0.319590557316717
"_ACTATGGAGCGCATCC-2","Glut-CACNA1H-1","Ex_CACNA1H_LHX9",0.814654746782482
"_ACTATTCCAATAGAGT-2","Glut-CACNA1H-3","Ex_CACNA1H_LHX9",0.720994403511096
"_ACTATTCCACGTCTCT-2","Glut-CACNA1H-2","Ex_CACNA1H_LHX9",0.762488885772527
"_ACTATTCCACTACACA-2","Glut-CACNA1H-1","Ex_CACNA1H_LHX9",0.750008684876207
"_ACTCCCAGTGTCTAAC-2","Glut-CACNA1H-2","Ex_CACNA1H_LHX9",0.76792225618107
"_ACTCTCGAGCGCATCC-2","Glut-CACNA1H-2","Ex_CACNA1H_LHX9",0.631537208261153
"_ACTCTCGCACGCACCA-2","Glut-CACNA1H-2","Ex_CACNA1H_LHX9",0.727056008863409
"_ACTGATGGTCTAGATC-2","Glut-CACNA1H-2","Ex_CACNA1H_LHX9",0.74447709079523
"_ACTGATGGTGGTATGG-2","Glut-CACNA1H-1","Ex_CACNA1H_LHX9",0.587204470189057
"_ACTGCAAAGCCTCAGC-2","Glut-CACNA1H-3","Ex_CACNA1H_LHX9",0.697861661309485
"_ACTGCAATCGCCAGAC-2","Glut-CACNA1H-1","Ex_CACNA1H_LHX9",0.774306012344782
"_ACTGTCCAGCCTATTG-2","Glut-CACNA1H-2","Ex_CACNA1H_LHX9",0.705375026168713
"_ACTGTGACACGATTCA-2","Glut-CACNA1H-1","Ex_CACNA1H_LHX9",0.802754921317214
"_ACTGTGATCGCTACGG-2","Glut-CACNA1H-3","Ex_CACNA1H_LHX9",0.731133986191482
"_ACTTAGGCACTGCGAC-2","Glut-CACNA1H-3","Ex_CACNA1H_LHX9",0.679823209552401
"_ACTTATCAGTTGGGAC-2","Glut-CACNA1H-2","Ex_CACNA1H_LHX9",0.800089264780357
"_ACTTCCGAGAGAGAAC-2","Glut-CACNA1H-3","Ex_CACNA1H_LHX9",0.722856615047059
"_ACTTCCGGTATGCGGA-2","Glut-CACNA1H-1","Ex_CACNA1H_LHX9",0.827201389701051
"_ACTTCCGGTCAGATTC-2","Glut-CACNA1H-2","Ex_CACNA1H_LHX9",0.580967424847643
"_ACTTCCGGTGGTTTAC-2","Glut-CACNA1H-2","Ex_CACNA1H_LHX9",0.777701091334943
"_ACTTCCGTCCGAGATT-2","Glut-CACNA1H-2","Ex_CACNA1H_LHX9",0.651359500872756
"_ACTTTCAAGTCTGGTT-2","Glut-CACNA1H-4","Ex_CACNA1H_LHX9",0.681444377900744
"_ACTTTGTGTCAAAGAT-2","Glut-CACNA1H-1","Ex_CACNA1H_LHX9",0.794839349805524
"_ACTTTGTGTTGCCGCA-2","Glut-CACNA1H-2","Ex_CACNA1H_LHX9",0.544204800412452
"_ACTTTGTTCCAAGCCG-2","Glut-CACNA1H-2","Ex_CACNA1H_LHX9",0.619029072395506
"_AGAACAAAGTCCCAGC-2","Glut-CACNA1H-1","Ex_CACNA1H_LHX9",0.78672743823301
"_AGAACAACATGTGGTT-2","Glut-CACNA1H-4","Ex_CACNA1H_LHX9",0.852434101469781
"_AGAACAAGTACGAGTG-2","Glut-CACNA1H-1","Ex_CACNA1H_LHX9",0.83344522470151
"_AGAACAATCACCATCC-2","Glut-CACNA1H-3","Ex_CACNA1H_LHX9",0.798443113325199
"_AGAACAATCTAGCAAC-2","Glut-CACNA1H-2","Ex_CACNA1H_LHX9",0.647462822001981
"_AGAACCTGTCTCGACG-2","Glut-CACNA1H-1","Ex_CACNA1H_LHX9",0.576164033442341
"_AGAAGCGAGACGCATG-2","Glut-CACNA1H-3","Ex_CACNA1H_LHX9",0.718909645213255
"_AGAAGCGCACAATGTC-2","Glut-CACNA1H-1","Ex_CACNA1H_LHX9",0.702639057418375
"_AGAAGTAAGAGTCGAC-2","Glut-CACNA1H-1","Ex_CACNA1H_LHX9",0.806999952882024
"_AGAAGTAAGGGAGTGG-2","Glut-CACNA1H-2","Ex_CACNA1H_LHX9",0.806738642749014
"_AGAAGTACAAACTGCT-2","Glut-CACNA1H-3","Ex_CACNA1H_LHX9",0.810238546998868
"_AGACAAAAGCTCGGCT-2","Glut-CACNA1H-2","Ex_CACNA1H_LHX9",0.682607096869799
"_AGACAAATCATTACGG-2","Glut-CACNA1H-2","Ex_CACNA1H_LHX9",0.745258158886073
"_AGACACTCAAGAAACT-2","Glut-CACNA1H-1","Ex_CACNA1H_LHX9",0.63713516451659
"_AGACACTGTCGAGCAA-2","Glut-CACNA1H-1","Ex_CACNA1H_LHX9",0.824556604240152
"_AGACACTGTGCATACT-2","Glut-CACNA1H-1","Ex_CACNA1H_LHX9",0.816238004020325
"_AGACACTTCCAGGACC-2","Glut-CACNA1H-1","Ex_CACNA1H_LHX9",0.814716402806643
"_AGACACTTCCTCGATC-2","Glut-CACNA1H-3","Ex_CACNA1H_LHX9",0.569910203860027
"_AGACACTTCGTGGACC-2","Glut-CACNA1H-1","Ex_CACNA1H_LHX9",0.748639622611747
"_AGACAGGAGCGGTAGT-2","Glut-CACNA1H-4","Ex_CACNA1H_LHX9",0.504675880824277
"_AGACAGGCACCCTGAG-2","Glut-CACNA1H-2","Ex_CACNA1H_LHX9",0.683065577987788
"_AGACAGGTCATTGCCC-2","Glut-CACNA1H-1","Ex_CACNA1H_LHX9",0.799421836066331
"_AGACAGGTCCTACGGG-2","Glut-CACNA1H-1","Ex_CACNA1H_LHX9",0.754775486041112
"_AGACCATCACGCTATA-2","Glut-CACNA1H-1","Ex_CACNA1H_LHX9",0.797799907487384
"_AGACCATCAGGCATGA-2","Glut-CACNA1H-RA","Ex_CACNA1H_LHX9",0.773752054926673
"_AGACCATGTTAAGAAC-2","Glut-CACNA1H-2","Ex_CACNA1H_LHX9",0.266643387301289
"_AGACCATGTTCGGCTG-2","Glut-CACNA1H-1","Ex_CACNA1H_LHX9",0.787904101919857
"_AGACCATGTTTGGGAG-2","Glut-CACNA1H-1","Ex_CACNA1H_LHX9",0.806529451760228
"_AGACCCGCAAACAGGC-2","Glut-DACH2-1","Ex_DACH2_MGAT4C",0.274976232926478
"_AGACCCGCACATAACC-2","Glut-CACNA1H-3","Ex_CACNA1H_LHX9",0.793125244948672
"_AGACCCGGTAGTTCCA-2","Glut-CACNA1H-2","Ex_CACNA1H_LHX9",0.691088651044623
"_AGACCCGGTGAAGCTG-2","Glut-CACNA1H-3","Ex_CACNA1H_LHX9",0.693733374009364
"_AGACCCGGTGTCGATT-2","Glut-CACNA1H-4","Ex_CACNA1H_LHX9",0.834515679372458
"_AGACCCGTCGACATCA-2","Glut-CACNA1H-1","Ex_CACNA1H_LHX9",0.833166971893844
"_AGACCCGTCTTTCCGG-2","Glut-CACNA1H-2","Ex_CACNA1H_LHX9",0.779710096151974
"_AGACTCAAGCGAACTG-2","Glut-CACNA1H-4","Ex_CACNA1H_LHX9",0.784902923633416
"_AGACTCAAGTTTCGGT-2","Glut-CACNA1H-2","Ex_CACNA1H_LHX9",0.692319951652998
"_AGACTCAGTGAACTAA-2","Glut-CACNA1H-1","Ex_CACNA1H_LHX9",0.861617112383878
"_AGAGAATAGACTTGTC-2","Glut-CACNA1H-2","Ex_CACNA1H_LHX9",0.711060648424127
"_AGAGAATAGGGCTAAC-2","Glut-CACNA1H-2","Ex_CACNA1H_LHX9",0.46108088575784
"_AGAGAATTCAGGACGA-2","Glut-CACNA1H-1","Ex_CACNA1H_LHX9",0.818123495464331
"_AGAGAGCGTAAGTTAG-2","Glut-CACNA1H-4","Ex_CACNA1H_LHX9",0.813545348324398
"_AGAGCAGTCCATGCAA-2","Glut-CACNA1H-1","Ex_CACNA1H_LHX9",0.731923966710874
"_AGAGCCCAGGTCGCCT-2","Glut-CACNA1H-2","Ex_CACNA1H_LHX9",0.569367424035718
"_AGAGCCCCAAACAGGC-2","Glut-CACNA1H-2","Ex_CACNA1H_LHX9",0.778195046487048
"_AGAGCCCTCTCCAAGA-2","Glut-CACNA1H-2","Ex_CACNA1H_LHX9",0.63191849742792
"_AGATAGAGTCCAGCAC-2","Glut-CACNA1H-1","Ex_CACNA1H_LHX9",0.818065108473378
"_AGATCGTAGTAGTCAA-2","Glut-CACNA1H-1","Ex_CACNA1H_LHX9",0.750334571164838
"_AGATCGTGTGAGTCAG-2","Glut-CACNA1H-1","Ex_CACNA1H_LHX9",0.496343384108122
"_AGATGAAAGGCGATAC-2","Glut-CACNA1H-1","Ex_CACNA1H_LHX9",0.831432472495328
"_AGATGAATCAACTCTT-2","Glut-CACNA1H-1","Ex_CACNA1H_LHX9",0.782952130226013
"_AGCCAATGTCGAGCAA-2","Glut-CACNA1H-2","Ex_CACNA1H_LHX9",0.660514759619827
"_AGCCACGCAATCGAAA-2","Glut-CACNA1H-2","Ex_CACNA1H_LHX9",0.769334551597747
"_AGCCAGCAGGCCTGAA-2","Glut-CACNA1H-3","Ex_CACNA1H_LHX9",0.785053708749309
"_AGCCAGCCAGACCTGC-2","Glut-CACNA1H-2","Ex_CACNA1H_LHX9",0.706742774949804
"_AGCGATTGTACGCTAT-2","Glut-CACNA1H-1","Ex_CACNA1H_LHX9",0.791200451321313
"_AGCGATTTCTAGTGAC-2","Glut-CACNA1H-2","Ex_CACNA1H_LHX9",0.707907080842138
"_AGCGCCAGTAGTCACT-2","Glut-CACNA1H-4","Ex_CACNA1H_LHX9",0.819693642963042
"_AGCGCCATCTGCGTCT-2","Glut-CACNA1H-1","Ex_CACNA1H_LHX9",0.704824985630736
"_AGCGCTGTCAACCGAT-2","Glut-CACNA1H-4","Ex_CACNA1H_LHX9",0.853328885019
"_AGCGTATGTCGTCATA-2","Glut-CACNA1H-2","Ex_CACNA1H_LHX9",0.768339790289521
"_AGCTACACAAATAAGC-2","Glut-CACNA1H-1","Ex_CACNA1H_LHX9",0.806031700452832
"_AGCTACACACGCTGTG-2","Glut-CACNA1H-1","Ex_CACNA1H_LHX9",0.762961924161066
"_AGCTACAGTATCGTTG-2","Glut-CACNA1H-3","Ex_CACNA1H_LHX9",0.664252493917719
"_AGCTACAGTGGGACAT-2","Glut-CACNA1H-2","Ex_CACNA1H_LHX9",0.623524756322435
"_AGCTACATCAGACAAA-2","Glut-CACNA1H-2","Ex_CACNA1H_LHX9",0.683800439392619
"_AGCTCAAAGAATCGTA-2","Glut-CACNA1H-1","Ex_CACNA1H_LHX9",0.716105238940005
"_AGCTCAAAGCTTAGTC-2","Glut-CACNA1H-1","Ex_CACNA1H_LHX9",0.817887547541221
"_AGCTCAAGTCTGGTTA-2","Glut-CACNA1H-2","Ex_CACNA1H_LHX9",0.759096591365542
"_AGCTTCCAGAGTGACC-2","Glut-CACNA1H-2","Ex_CACNA1H_LHX9",0.815504521931129
"_AGCTTCCAGGTCACTT-2","Glut-CACNA1H-2","Ex_CACNA1H_LHX9",0.297462870604229
"_AGCTTCCCACATTACG-2","Glut-CACNA1H-1","Ex_CACNA1H_LHX9",0.839539881145254
"_AGCTTCCGTCGCATCG-2","Glut-CACNA1H-1","Ex_CACNA1H_LHX9",0.829472059871484
"_AGGAAATCAGCTGTAT-2","Glut-CACNA1H-3","Ex_CACNA1H_LHX9",0.576653037638411
"_AGGACGAAGGGCTTCC-2","Glut-CACNA1H-1","Ex_CACNA1H_LHX9",0.829745766497895
"_AGGACTTCAGAACCGA-2","Glut-CACNA1H-2","Ex_CACNA1H_LHX9",0.70937490681734
"_AGGAGGTCACCTGATA-2","Glut-CACNA1H-2","Ex_CACNA1H_LHX9",0.734992006678962
"_AGGAGGTGTACTGACT-2","Glut-CACNA1H-2","Ex_CACNA1H_LHX9",0.724076143864762
"_AGGAGGTTCTAGCATG-2","Glut-CACNA1H-3","Ex_CACNA1H_LHX9",0.773524319871247
"_AGGATAATCATTGCCC-2","Glut-CACNA1H-2","Ex_CACNA1H_LHX9",0.701557018123644
"_AGGATAATCTGTGCTC-2","Glut-CACNA1H-2","Ex_CACNA1H_LHX9",0.72837794517782
"_AGGATCTCAATCTGCA-2","Glut-CACNA1H-2","Ex_CACNA1H_LHX9",0.571008866344654
"_AGGATCTTCAGGGATG-2","Glut-CACNA1H-2","Ex_CACNA1H_LHX9",0.782812293407826
"_AGGCATTAGGCAGTCA-2","Glut-CACNA1H-3","Ex_CACNA1H_LHX9",0.814779873570053
"_AGGCATTTCTCAATCT-2","Glut-CACNA1H-2","Ex_CACNA1H_LHX9",0.351388496269445
"_AGGCTGCAGCGATCGA-2","Glut-CACNA1H-3","Ex_CACNA1H_LHX9",0.747020357219682
"_AGGCTGCTCGGAACTT-2","Glut-CACNA1H-2","Ex_CACNA1H_LHX9",0.603705088125743
"_AGGGAGTAGGTATTGA-2","Glut-CACNA1H-4","Ex_DACH2_SLIT2",0.337187398427099
"_AGGGCCTAGTGGCGAT-2","Glut-CACNA1H-3","Ex_CACNA1H_LHX9",0.812313294956544
"_AGGGTCCCACTTGTCC-2","Glut-CACNA1H-2","Ex_CACNA1H_LHX9",0.700761153895509
"_AGGGTGAAGTGTTCAC-2","Glut-CACNA1H-3","Ex_CACNA1H_LHX9",0.723896939340567
"_AGGGTGACAAAGTGTA-2","Glut-CACNA1H-2","Ex_CACNA1H_LHX9",0.660377340306404
"_AGGGTGAGTATGGTAA-2","Glut-CACNA1H-2","Ex_CACNA1H_LHX9",0.72193672373764
"_AGGGTTTCAGGAACCA-2","Glut-CACNA1H-1","Ex_CACNA1H_LHX9",0.775032977961626
"_AGGTAGGCAAGTCATC-2","Glut-CACNA1H-1","Ex_CACNA1H_LHX9",0.813805540332196
"_AGGTAGGGTGAATGTA-2","Glut-CACNA1H-1","Ex_CACNA1H_LHX9",0.813044428479626
"_AGGTAGGGTGAGCTCC-2","Glut-CACNA1H-4","Ex_CACNA1H_LHX9",0.668944711056887
"_AGGTCATCACGTAACT-2","Glut-CACNA1H-2","Ex_CACNA1H_LHX9",0.768136722055251
"_AGGTCATCATGCTGCG-2","Glut-CACNA1H-3","Ex_CACNA1H_LHX9",0.777726245237998
"_AGGTCTAAGGGTATAT-2","Glut-DACH2-1","Ex_DACH2_MGAT4C",0.263530861041019
"_AGGTCTATCGATACTG-2","Glut-CACNA1H-2","Ex_CACNA1H_LHX9",0.757441734668198
"_AGGTCTATCTACTATC-2","Glut-CACNA1H-1","Ex_CACNA1H_LHX9",0.813444771622984
"_AGGTGTTAGAAGCTCG-2","Glut-CACNA1H-4","Ex_CACNA1H_LHX9",0.792164752297339
"_AGGTGTTAGCAAATGT-2","Glut-CACNA1H-2","Ex_CACNA1H_LHX9",0.756203058323152
"_AGGTGTTGTCTCAGAT-2","Glut-CACNA1H-1","Ex_CACNA1H_LHX9",0.788740543561488
"_AGGTGTTTCGGTAGGA-2","Glut-CACNA1H-2","Ex_CACNA1H_LHX9",0.742678243446351
"_AGGTGTTTCTAGCCTC-2","Glut-CACNA1H-1","Ex_CACNA1H_LHX9",0.823789334690598
"_AGGTTACAGTATTAGG-2","Glut-DACH2-1","Ex_DACH2_MGAT4C",0.348825963309261
"_AGGTTACCAAGAGTGC-2","Glut-CACNA1H-1","Ex_CACNA1H_LHX9",0.619032732750569
"_AGGTTGTAGATCGCCC-2","Glut-CACNA1H-2","Ex_CACNA1H_LHX9",0.740993810402178
"_AGGTTGTCACACTGGC-2","Glut-CACNA1H-2","Ex_CACNA1H_LHX9",0.722586536106725
"_AGGTTGTCAGCAAGAC-2","Glut-CACNA1H-4","Ex_CACNA1H_LHX9",0.82540392032638
"_AGTAACCGTGCGGATA-2","Glut-CACNA1H-1","Ex_CACNA1H_LHX9",0.735205036296354
"_AGTAACCGTTGTCTAG-2","Glut-CACNA1H-2","Ex_CACNA1H_LHX9",0.481385615932576
"_AGTACCACACGCTGTG-2","Glut-CACNA1H-4","Ex_CACNA1H_LHX9",0.702416370893904
"_AGTACTGAGTAATCCC-2","Glut-CACNA1H-1","Ex_CACNA1H_LHX9",0.852065512488322
"_AGTACTGCAATCGAAA-2","Glut-CACNA1H-1","Ex_CACNA1H_LHX9",0.784065660906409
"_AGTACTGTCTACCACC-2","Glut-CACNA1H-2","Ex_CACNA1H_LHX9",0.471805562278754
"_AGTAGCTTCAACTCTT-2","Glut-CACNA1H-4","Ex_CACNA1H_LHX9",0.508044965564342
"_AGTAGTCAGCACGATG-2","Glut-CACNA1H-3","Ex_CACNA1H_LHX9",0.758031548616679
"_AGTAGTCCAGAGTAAT-2","Glut-CACNA1H-4","Ex_CACNA1H_LHX9",0.80492654485067
"_AGTCAACAGTTGAATG-2","Glut-DACH2-1","Ex_DACH2_SLIT2",0.263895846775195
"_AGTCAACCATCTAACG-2","Glut-CACNA1H-4","Ex_CACNA1H_LHX9",0.845572037320398
"_AGTCAACTCGCCTAGG-2","Glut-CACNA1H-2","Ex_CACNA1H_LHX9",0.654463012140323
"_AGTCACAGTTTCCATT-2","Glut-CACNA1H-2","Ex_CACNA1H_LHX9",0.724985844264513
"_AGTCACATCCAATGCA-2","Glut-CACNA1H-2","Ex_CACNA1H_LHX9",0.747469420226577
"_AGTCATGCAACCCGCA-2","Glut-CACNA1H-2","Ex_CACNA1H_LHX9",0.722700427278894
"_AGTCATGCACGATTCA-2","Glut-CACNA1H-2","Ex_CACNA1H_LHX9",0.438658565463646
"_AGTCATGGTGAATTAG-2","Glut-CACNA1H-2","Ex_CACNA1H_LHX9",0.763156577150691
"_AGTCATGTCGAGCCTG-2","Glut-CACNA1H-1","Ex_CACNA1H_LHX9",0.837350784477186
"_AGTCTCCCACCGCTGA-2","Glut-CACNA1H-2","Ex_CACNA1H_LHX9",0.539550567405195
"_AGTCTCCGTGACTATC-2","Glut-CACNA1H-4","Ex_CACNA1H_LHX9",0.832001852174321
"_AGTCTCCTCCCAAGCG-2","Glut-CACNA1H-2","Ex_CACNA1H_LHX9",0.744390199168145
"_AGTGACTAGATTCGAA-2","Glut-CACNA1H-2","Ex_CACNA1H_LHX9",0.654794675319353
"_AGTGACTAGGAGACCT-2","Glut-CACNA1H-1","Ex_CACNA1H_LHX9",0.828068493572843
"_AGTGACTAGGTGGTTG-2","Glut-CACNA1H-2","Ex_CACNA1H_LHX9",0.737744121919255
"_AGTGTTGCAAATCAGA-2","Glut-CACNA1H-1","Ex_CACNA1H_LHX9",0.796780703561177
"_AGTGTTGCATGGATCT-2","Glut-CACNA1H-2","Ex_CACNA1H_LHX9",0.754749094602666
"_AGTGTTGGTTTGCAGT-2","Glut-CACNA1H-2","Ex_CACNA1H_LHX9",0.67984702287439
"_AGTTAGCCATTCAGGT-2","Glut-CACNA1H-1","Ex_CACNA1H_LHX9",0.836821585773411
"_AGTTAGCGTATGAGAT-2","Glut-CACNA1H-4","Ex_CACNA1H_LHX9",0.668989946313574
"_AGTTAGCTCGTTGTGA-2","Glut-DACH2-1","Ex_DACH2_MGAT4C",0.300000175875919
"_AGTTCCCAGGTTGTTC-2","Glut-CACNA1H-2","Ex_CACNA1H_LHX9",0.666617069729351
"_AGTTCCCTCCGAAGGA-2","Glut-CACNA1H-2","Ex_CACNA1H_LHX9",0.788188962765659
"_AGTTCGAGTAGCACGA-2","Glut-CACNA1H-2","Ex_CACNA1H_LHX9",0.732032870623039
"_AGTTCGATCAACTGGT-2","Glut-DACH2-1","Ex_DACH2_MGAT4C",0.326614560169875
"_ATACCGAAGAGGCGGA-2","Glut-CACNA1H-4","Ex_CACNA1H_LHX9",0.847917450970622
"_ATACCGACATGGCTAT-2","Glut-CACNA1H-1","Ex_CACNA1H_LHX9",0.813453744956344
"_ATACCTTGTCACCCTT-2","Glut-CACNA1H-2","Ex_CACNA1H_LHX9",0.753685121833882
"_ATACCTTTCAGCTTGA-2","Glut-CACNA1H-2","Ex_CACNA1H_LHX9",0.522994016232924
"_ATACTTCCATACAGCT-2","Glut-CACNA1H-1","Ex_CACNA1H_LHX9",0.828186803252549
"_ATAGAGATCAGACAAA-2","Glut-CACNA1H-1","Ex_CACNA1H_LHX9",0.812821559248475
"_ATAGGCTAGCACTCAT-2","Glut-CACNA1H-2","Ex_CACNA1H_LHX9",0.710545977208923
"_ATAGGCTGTCAAGTTC-2","Glut-CACNA1H-1","Ex_CACNA1H_LHX9",0.823552374336332
"_ATATCCTTCGTAGTCA-2","Glut-DACH2-1","Ex_DACH2_MGAT4C",0.334058998727432
"_ATCACAGGTAACATGA-2","Glut-CACNA1H-2","Ex_CACNA1H_LHX9",0.759310284915423
"_ATCACAGTCCTGTAAG-2","Glut-CACNA1H-3","Ex_CACNA1H_LHX9",0.769430367633716
"_ATCACAGTCTACTATC-2","Glut-CACNA1H-4","Ex_CACNA1H_LHX9",0.512185759870845
"_ATCACGAGTTTGAACC-2","Glut-CACNA1H-1","Ex_CACNA1H_LHX9",0.813327030633742
"_ATCAGGTGTCGCGTCA-2","Glut-CACNA1H-2","Ex_CACNA1H_LHX9",0.789203927675205
"_ATCAGGTGTCTCTCAC-2","Glut-CACNA1H-4","Ex_CACNA1H_LHX9",0.836933133659691
"_ATCATTCGTTCGAGCC-2","Glut-CACNA1H-4","Ex_CACNA1H_LHX9",0.831708458830295
"_ATCATTCGTTGCGGAA-2","Glut-CACNA1H-1","Ex_CACNA1H_LHX9",0.822665102224015
"_ATCATTCTCGAGTACT-2","Glut-CACNA1H-2","Ex_CACNA1H_LHX9",0.71810753555335
"_ATCCACCCACTAAACC-2","Glut-CACNA1H-1","Ex_CACNA1H_LHX9",0.770325696234281
"_ATCCACCCAGAGAATT-2","Glut-CACNA1H-4","Ex_CACNA1H_LHX9",0.723830531963646
"_ATCCATTAGCCGTTAT-2","Glut-CACNA1H-2","Ex_CACNA1H_LHX9",0.712517074468449
"_ATCCATTCAAGCCTGC-2","Glut-CACNA1H-1","Ex_CACNA1H_LHX9",0.77576891762389
"_ATCCCTGTCGCCTAGG-2","Glut-CACNA1H-3","Ex_CACNA1H_LHX9",0.816637210864655
"_ATCCGTCCATCCTGTC-2","Glut-CACNA1H-2","Ex_CACNA1H_LHX9",0.69315812561053
"_ATCCGTCGTGAGCCAA-2","Glut-CACNA1H-2","Ex_CACNA1H_LHX9",0.420623521543449
"_ATCGATGCAGATACTC-2","Glut-CACNA1H-4","Ex_CACNA1H_LHX9",0.76106205068621
"_ATCGCCTAGACTTCCA-2","Glut-CACNA1H-2","Ex_CACNA1H_LHX9",0.792184229562287
"_ATCGGATCACAATTCG-2","Glut-CACNA1H-1","Ex_CACNA1H_LHX9",0.70883907896014
"_ATCGGATGTCGTACTA-2","Glut-CACNA1H-3","Ex_CACNA1H_LHX9",0.831305863218007
"_ATCGGCGCAGTCGAGA-2","Glut-CACNA1H-2","Ex_CACNA1H_LHX9",0.702587949628316
"_ATCGTAGAGTCATGGG-2","Glut-CACNA1H-1","Ex_CACNA1H_LHX9",0.751529667988671
"_ATCGTAGCATGGGTCC-2","Glut-CACNA1H-1","Ex_CACNA1H_LHX9",0.821966690691719
"_ATCGTAGGTGTTGATC-2","Glut-CACNA1H-3","Ex_CACNA1H_LHX9",0.567413580843571
"_ATCGTCCGTTGTGCAT-2","Glut-CACNA1H-1","Ex_CACNA1H_LHX9",0.829611528517996
"_ATCGTCCTCAAGCTGT-2","Glut-CACNA1H-1","Ex_CACNA1H_LHX9",0.804441054079408
"_ATCGTGAAGATTTGCC-2","Glut-CACNA1H-3","Ex_CACNA1H_LHX9",0.643113255199769
"_ATCGTGAGTACCACGC-2","Glut-CACNA1H-1","Ex_CACNA1H_LHX9",0.828718753751696
"_ATCGTGAGTCCACGCA-2","Glut-CACNA1H-1","Ex_CACNA1H_LHX9",0.783933518182211
"_ATCGTGAGTTAGAAAC-2","Glut-CACNA1H-3","Ex_CACNA1H_LHX9",0.790341447877139
"_ATCGTGATCATCCTGC-2","Glut-DACH2-1","Ex_DACH2_SLIT2",0.249926726392294
"_ATCTCTATCAGACAAA-2","Glut-CACNA1H-2","Ex_CACNA1H_LHX9",0.558574813308972
"_ATCTTCATCTTTACAC-2","Glut-CACNA1H-1","Ex_CACNA1H_LHX9",0.788272853922105
"_ATGAAAGTCGTAACAC-2","Glut-DACH2-1","Ex_DACH2_NR4A3",0.522980593781905
"_ATGACCACAGAATCGG-2","Glut-CACNA1H-4","Ex_CACNA1H_LHX9",0.762403352273163
"_ATGACCACAGACGATG-2","Glut-CACNA1H-1","Ex_CACNA1H_LHX9",0.840527188817986
"_ATGACCATCCATTGCC-2","Glut-DACH2-1","Ex_DACH2_NR4A3",0.366153443352554
"_ATGAGGGAGCACACCC-2","Glut-CACNA1H-3","Ex_CACNA1H_LHX9",0.670678390272382
"_ATGAGGGCACGCGTCA-2","Glut-CACNA1H-2","Ex_CACNA1H_LHX9",0.627919107840743
"_ATGAGGGTCTAGTACG-2","Glut-CACNA1H-3","Ex_CACNA1H_LHX9",0.819862868382421
"_ATGAGTCAGCACTCGC-2","Glut-CACNA1H-1","Ex_CACNA1H_LHX9",0.738198280882544
"_ATGAGTCAGGAGAATG-2","Glut-CACNA1H-1","Ex_CACNA1H_LHX9",0.779936337122324
"_ATGAGTCCATGACTGT-2","Glut-CACNA1H-2","Ex_CACNA1H_LHX9",0.78942403957429
"_ATGAGTCGTCTACGTA-2","Glut-CACNA1H-3","Ex_CACNA1H_LHX9",0.831758440136281
"_ATGAGTCGTGAGAGGG-2","Glut-CACNA1H-3","Ex_CACNA1H_LHX9",0.521655970428082
"_ATGAGTCTCCTTCTAA-2","Glut-CACNA1H-2","Ex_CACNA1H_LHX9",0.762821112605782
"_ATGATCGAGCCATCCG-2","Glut-CACNA1H-2","Ex_DACH2_NR4A3",0.321885400033279
"_ATGATCGGTGGATGAC-2","Glut-CACNA1H-2","Ex_CACNA1H_LHX9",0.739580866011669
"_ATGATCGGTTCGCGTG-2","Glut-CACNA1H-1","Ex_CACNA1H_LHX9",0.737869795956467
"_ATGCATGCACAACGAG-2","Glut-CACNA1H-1","Ex_CACNA1H_LHX9",0.72456810812477
"_ATGCATGGTCTACGTA-2","Glut-CACNA1H-2","Ex_CACNA1H_LHX9",0.810438487804883
"_ATGCATGTCGTAACTG-2","Glut-CACNA1H-3","Ex_CACNA1H_LHX9",0.622976014310464
"_ATGCCTCGTTAGTCGT-2","Glut-CACNA1H-3","Ex_CACNA1H_LHX9",0.820139070448954
"_ATGCGATGTCATCGCG-2","Glut-CACNA1H-1","Ex_CACNA1H_LHX9",0.664669765973488
"_ATGGAGGGTTTGTTCT-2","Glut-CACNA1H-1","Ex_CACNA1H_LHX9",0.770425737623316
"_ATGGATCGTCAGGTAG-2","Glut-CACNA1H-1","Ex_CACNA1H_LHX9",0.815032273687008
"_ATGGATCGTGAACCGA-2","Glut-CACNA1H-3","Ex_CACNA1H_LHX9",0.684628836433248
"_ATGGATCGTGCACATT-2","Glut-CACNA1H-2","Ex_CACNA1H_LHX9",0.745438945422342
"_ATGGATCTCCACTGGG-2","Glut-CACNA1H-4","Ex_CACNA1H_LHX9",0.548134648884555
"_ATGGGAGAGGGAGGGT-2","Glut-CACNA1H-1","Ex_CACNA1H_LHX9",0.819228915390974
"_ATGGGAGAGTGCCCGT-2","Glut-CACNA1H-3","Ex_CACNA1H_LHX9",0.79628874262264
"_ATGGGAGTCTCGGGAC-2","Glut-CACNA1H-2","Ex_CACNA1H_LHX9",0.780367408720748
"_ATGGGAGTCTGCGGGT-2","Glut-CACNA1H-4","Ex_CACNA1H_LHX9",0.840051346233856
"_ATGGTTGAGGCAGTCA-2","Glut-DACH2-1","Ex_DACH2_MGAT4C",0.258627934459163
"_ATGTCCCCAATGAACA-2","Glut-CACNA1H-2","Ex_CACNA1H_LHX9",0.694630096065558
"_ATGTCCCTCCTTATCA-2","Glut-CACNA1H-1","Ex_CACNA1H_LHX9",0.814386195716906
"_ATGTCCCTCTTCTGGC-2","Glut-CACNA1H-2","Ex_CACNA1H_LHX9",0.609980388978086
"_ATGTCTTCACAAACGG-2","Glut-CACNA1H-1","Ex_CACNA1H_LHX9",0.837186145796937
"_ATTACCTAGCTTCGTA-2","Glut-CACNA1H-2","Ex_CACNA1H_LHX9",0.772521389321904
"_ATTACCTAGTTGTACC-2","Glut-CACNA1H-3","Ex_CACNA1H_LHX9",0.750195884521119
"_ATTACCTAGTTTCGAC-2","Glut-CACNA1H-1","Ex_CACNA1H_LHX9",0.743297489278581
"_ATTACCTCATCATTGG-2","Glut-CACNA1H-2","Ex_CACNA1H_LHX9",0.783046115286997
"_ATTACCTTCGTGTGGC-2","Glut-CACNA1H-1","Ex_CACNA1H_LHX9",0.834637176118697
"_ATTACTCAGAGGACTC-2","Glut-CACNA1H-1","Ex_CACNA1H_LHX9",0.771741584875445
"_ATTACTCAGATACCAA-2","Glut-CACNA1H-1","Ex_CACNA1H_LHX9",0.688638366479487
"_ATTATCCGTCTACGTA-2","Glut-CACNA1H-1","Ex_CACNA1H_LHX9",0.522421699539833
"_ATTCACTCAAAGTATG-2","Glut-CACNA1H-1","Ex_CACNA1H_LHX9",0.765710745762088
"_ATTCACTGTGACTCGC-2","Glut-CACNA1H-3","Ex_CACNA1H_LHX9",0.730627488151701
"_ATTCACTTCACCTCAC-2","Glut-DACH2-1","Ex_DACH2_MGAT4C",0.333672528102105
"_ATTCAGGAGCCAAGGT-2","Glut-CACNA1H-3","Ex_CACNA1H_LHX9",0.771489221738633
"_ATTCATCAGCTGACTT-2","Glut-CACNA1H-2","Ex_CACNA1H_LHX9",0.497781603453744
"_ATTCATCCAGTACTAC-2","Glut-CACNA1H-4","Ex_CACNA1H_LHX9",0.873320579962057
"_ATTCATCGTCTGTGGC-2","Glut-CACNA1H-2","Ex_CACNA1H_LHX9",0.741948412559303
"_ATTCCATAGCGTATGG-2","Glut-CACNA1H-1","Ex_CACNA1H_LHX9",0.761741838229287
"_ATTCCATCACTTCATT-2","Glut-CACNA1H-2","Ex_CACNA1H_LHX9",0.652210816909506
"_ATTCCATCAGCTGCCA-2","Glut-CACNA1H-4","Ex_CACNA1H_LHX9",0.859714554613415
"_ATTCCATCATATGAAG-2","Glut-CACNA1H-2","Ex_CACNA1H_LHX9",0.744055128774682
"_ATTCCATTCGCGTGCA-2","Glut-CACNA1H-2","Ex_CACNA1H_LHX9",0.603740974389047
"_ATTCCCGAGTAATTGG-2","Glut-CACNA1H-2","Ex_CACNA1H_LHX9",0.780757094485643
"_ATTCCCGGTTCCACAA-2","Glut-CACNA1H-2","Ex_CACNA1H_LHX9",0.78720671433078
"_ATTCCTATCCCTTCCC-2","Glut-CACNA1H-1","Ex_CACNA1H_LHX9",0.759035057347182
"_ATTCCTATCGGTCAGC-2","Glut-CACNA1H-3","Ex_CACNA1H_LHX9",0.788448362376711
"_ATTCGTTAGCACGATG-2","Glut-CACNA1H-3","Ex_CACNA1H_LHX9",0.483697770458694
"_ATTCTACCACAGAGAC-2","Glut-CACNA1H-2","Ex_CACNA1H_LHX9",0.721001476517235
"_ATTCTACGTGTCACAT-2","Glut-CACNA1H-2","Ex_CACNA1H_LHX9",0.800538971495185
"_ATTCTACTCTAAACGC-2","Glut-CACNA1H-2","Ex_CACNA1H_LHX9",0.749081444446713
"_ATTCTTGCAGCGTACC-2","Glut-CACNA1H-1","Ex_CACNA1H_LHX9",0.78646485456045
"_ATTCTTGCATCCGTGG-2","Glut-CACNA1H-1","Ex_CACNA1H_LHX9",0.855726704376099
"_ATTCTTGTCCTTCACG-2","Glut-CACNA1H-2","Ex_CACNA1H_LHX9",0.734795850536807
"_ATTGGGTCATGACTGT-2","Glut-CACNA1H-1","Ex_CACNA1H_LHX9",0.780781439860796
"_ATTGGGTGTGCCCTTT-2","Glut-CACNA1H-2","Ex_CACNA1H_LHX9",0.664152058070148
"_ATTTACCCACTGCGAC-2","Glut-CACNA1H-2","Ex_CACNA1H_LHX9",0.652960968497954
"_ATTTACCCAGCGTTTA-2","Glut-CACNA1H-3","Ex_CACNA1H_LHX9",0.736571260758409
"_ATTTACCTCGCTGCGA-2","Glut-CACNA1H-1","Ex_CACNA1H_LHX9",0.817769339269921
"_ATTTACCTCGGAAACG-2","Glut-CACNA1H-1","Ex_CACNA1H_LHX9",0.7061207225609
"_ATTTACCTCGTGCTCT-2","Glut-CACNA1H-1","Ex_CACNA1H_LHX9",0.831222804142055
"_ATTTCACAGCACTCAT-2","Glut-CACNA1H-3","Ex_CACNA1H_LHX9",0.788835525813139
"_ATTTCACCAGGCGTTC-2","Glut-CACNA1H-2","Ex_DACH2_ITGA9",0.268912511472246
"_ATTTCACTCACCTGGG-2","Glut-CACNA1H-3","Ex_CACNA1H_LHX9",0.767628840879813
"_ATTTCTGAGAATCTAG-2","Glut-CACNA1H-1","Ex_CACNA1H_LHX9",0.652981332223963
"_ATTTCTGCAACAGCTT-2","Glut-CACNA1H-1","Ex_CACNA1H_LHX9",0.795691640004473
"_ATTTCTGCAGCCATTA-2","Glut-CACNA1H-2","Ex_CACNA1H_LHX9",0.515641798601062
"_ATTTCTGTCTCTGGTC-2","Glut-CACNA1H-1","Ex_CACNA1H_LHX9",0.730623220178283
"_CAAAGAAAGCCTATTG-2","Glut-CACNA1H-2","Ex_CACNA1H_LHX9",0.753037777974461
"_CAAAGAAAGGATGCGT-2","Glut-CACNA1H-3","Ex_CACNA1H_LHX9",0.699717762423868
"_CAAAGAATCAGGGATG-2","Glut-CACNA1H-1","Ex_CACNA1H_LHX9",0.715814584673647
"_CAAAGAATCTCACTCG-2","Glut-CACNA1H-2","Ex_CACNA1H_LHX9",0.792234699166183
"_CAACAACAGTAACCTC-2","Glut-CACNA1H-1","Ex_CACNA1H_LHX9",0.82241325860957
"_CAACAACCATCGTGGC-2","Glut-CACNA1H-2","Ex_CACNA1H_LHX9",0.706447690373235
"_CAACAGTAGAGGCGTT-2","Glut-CACNA1H-1","Ex_CACNA1H_LHX9",0.825704477297113
"_CAACAGTGTGGCTGCT-2","Glut-CACNA1H-1","Ex_CACNA1H_LHX9",0.774997570845085
"_CAACCAAAGAGCCATG-2","Glut-CACNA1H-2","Ex_CACNA1H_LHX9",0.689871966511326
"_CAACCAAAGGATACGC-2","Glut-CACNA1H-2","Ex_CACNA1H_LHX9",0.64479424477236
"_CAACCTCTCAAGTGTC-2","Glut-CACNA1H-2","Ex_CACNA1H_LHX9",0.701711318259213
"_CAACCTCTCGTGGTAT-2","Glut-CACNA1H-1","Ex_CACNA1H_LHX9",0.77001779429886
"_CAACGATCACAATCTG-2","Glut-CACNA1H-2","Ex_CACNA1H_LHX9",0.746115009024821
"_CAACGATTCTGCTAGA-2","Glut-CACNA1H-1","Ex_CACNA1H_LHX9",0.798986448267675
"_CAACGGCAGAAATGGG-2","Glut-CACNA1H-2","Ex_CACNA1H_LHX9",0.64897770221661
"_CAACGGCGTAGCGTCC-2","Glut-CACNA1H-1","Ex_CACNA1H_LHX9",0.786558776870897
"_CAACGGCGTGCTCGTG-2","Glut-CACNA1H-2","Ex_CACNA1H_LHX9",0.659153937943464
"_CAAGACTAGCCAAGCA-2","Glut-CACNA1H-2","Ex_CACNA1H_LHX9",0.719211438529383
"_CAAGACTGTCCTGTTC-2","Glut-CACNA1H-2","Ex_CACNA1H_LHX9",0.422770336994913
"_CAAGACTGTTGTTGCA-2","Glut-CACNA1H-3","Ex_CACNA1H_LHX9",0.37833973668951
"_CAAGAGGGTCGCCTAG-2","Glut-DACH2-1","Ex_DACH2_MGAT4C",0.335515189045652
"_CAAGCTAAGCCATTTG-2","Glut-CACNA1H-3","Ex_CACNA1H_LHX9",0.785598674010688
"_CAAGGGAAGAGGCTGT-2","Glut-CACNA1H-3","Ex_CACNA1H_LHX9",0.829439838659134
"_CAAGGGAAGATACTGA-2","Glut-CACNA1H-3","Ex_CACNA1H_LHX9",0.73006274059779
"_CAAGGGACAGTCCCGA-2","Glut-CACNA1H-1","Ex_CACNA1H_LHX9",0.367164021457322
"_CAAGGGAGTGGAAGTC-2","Glut-CACNA1H-3","Ex_CACNA1H_LHX9",0.805906582244535
"_CAATACGAGGTTGGTG-2","Glut-CACNA1H-4","Ex_CACNA1H_LHX9",0.378790248980271
"_CAATACGGTATACGGG-2","Glut-CACNA1H-1","Ex_CACNA1H_LHX9",0.863793187440741
"_CAATCGATCGGACTTA-2","Glut-CACNA1H-3","Ex_CACNA1H_LHX9",0.765695849788799
"_CAATCGATCTGCTTAT-2","Glut-CACNA1H-2","Ex_CACNA1H_LHX9",0.6484415974564
"_CAATGACCAGAGGCAT-2","Glut-CACNA1H-1","Ex_CACNA1H_LHX9",0.666754031237127
"_CAATGACGTAACAAGT-2","Glut-CACNA1H-2","Ex_CACNA1H_LHX9",0.720359853438386
"_CAATGACGTAACCAGG-2","Glut-CACNA1H-1","Ex_CACNA1H_LHX9",0.439375527702129
"_CAATGACGTCACTCAA-2","Glut-CACNA1H-1","Ex_CACNA1H_LHX9",0.705851529728279
"_CAATGACTCGGCATCG-2","Glut-CACNA1H-2","Ex_CACNA1H_LHX9",0.696862402455529
"_CAATTTCAGTCTTCGA-2","Glut-CACNA1H-4","Ex_CACNA1H_LHX9",0.725235191501069
"_CAATTTCTCATGAAAG-2","Glut-CACNA1H-1","Ex_CACNA1H_LHX9",0.733073993427939
"_CAATTTCTCTTAGCTT-2","Glut-CACNA1H-2","Ex_CACNA1H_LHX9",0.771598436521337
"_CACAACACACCTATCC-2","Glut-CACNA1H-2","Ex_CACNA1H_LHX9",0.637809724145767
"_CACAACAGTACTCGTA-2","Glut-CACNA1H-2","Ex_CACNA1H_LHX9",0.587934068465408
"_CACACAAAGGGTACGT-2","Glut-CACNA1H-1","Ex_CACNA1H_LHX9",0.81041393683162
"_CACACAACAATGGCCC-2","Glut-CACNA1H-1","Ex_CACNA1H_LHX9",0.738925057706032
"_CACACAAGTACGAGTG-2","Glut-DACH2-1","Ex_DACH2_MGAT4C",0.220018424699952
"_CACACAAGTGGGCTCT-2","Glut-CACNA1H-1","Ex_CACNA1H_LHX9",0.814611220369877
"_CACACAAGTGTGTGGA-2","Glut-CACNA1H-3","Ex_CACNA1H_LHX9",0.793704360124811
"_CACACAATCACACCCT-2","Glut-CACNA1H-4","Ex_CACNA1H_LHX9",0.810156643469328
"_CACACAATCGCTACGG-2","Glut-CACNA1H-3","Ex_CACNA1H_LHX9",0.789648181169307
"_CACAGATAGGAGTATT-2","Glut-CACNA1H-2","Ex_CACNA1H_LHX9",0.73033572132069
"_CACAGGCGTAGACAAT-2","Glut-CACNA1H-1","Ex_CACNA1H_LHX9",0.820592944460871
"_CACAGGCGTGACACGA-2","Glut-CACNA1H-2","Ex_CACNA1H_LHX9",0.631542438078888
"_CACATGATCTGTGTGA-2","Glut-CACNA1H-3","Ex_CACNA1H_LHX9",0.759980094368102
"_CACCAAAAGCACTAGG-2","Glut-CACNA1H-2","Ex_CACNA1H_LHX9",0.637485841380609
"_CACCGTTAGCGGCTCT-2","Glut-CACNA1H-2","Ex_CACNA1H_LHX9",0.739505517558193
"_CACGAATAGGAAGTGA-2","Glut-CACNA1H-1","Ex_CACNA1H_LHX9",0.797524967555505
"_CACGAATCAGTCGAGA-2","Glut-CACNA1H-1","Ex_CACNA1H_LHX9",0.841417246439002
"_CACGAATGTCATAACC-2","Glut-CACNA1H-1","Ex_CACNA1H_LHX9",0.844736154689818
"_CACGAATGTTAGAAGT-2","Glut-CACNA1H-RA","Ex_CACNA1H_LHX9",0.32751645069193
"_CACGGGTGTTCTAAGC-2","Glut-CACNA1H-2","Ex_CACNA1H_LHX9",0.688514894805593
"_CACGTGGCAAGCACAG-2","Glut-CACNA1H-1","Ex_CACNA1H_LHX9",0.60007619715563
"_CACGTGGGTAGGGAGG-2","Glut-CACNA1H-1","Ex_CACNA1H_LHX9",0.830548011981367
"_CACGTGGGTCCAGTTA-2","Glut-CACNA1H-2","Ex_CACNA1H_LHX9",0.756398373732273
"_CACGTGGGTGCTTCAA-2","Glut-CACNA1H-1","Ex_CACNA1H_LHX9",0.440937371748145
"_CACGTGGGTTGTTGCA-2","Glut-CACNA1H-2","Ex_CACNA1H_LHX9",0.756253084192399
"_CACGTGGTCCCATTTA-2","Glut-CACNA1H-2","Ex_DACH2_NR4A3",0.342327867467319
"_CACGTTCCACTGCGAC-2","Glut-CACNA1H-1","Ex_DACH2_NR4A3",0.464990045263646
"_CACGTTCCAGAGTCTT-2","Glut-CACNA1H-1","Ex_CACNA1H_LHX9",0.834056515381484
"_CACTAAGAGACCTCAT-2","Glut-CACNA1H-1","Ex_CACNA1H_LHX9",0.773027378444107
"_CACTAAGCAGCTTCGG-2","Glut-CACNA1H-3","Ex_CACNA1H_LHX9",0.801805308973715
"_CACTAAGCATGAAAGT-2","Glut-CACNA1H-3","Ex_CACNA1H_LHX9",0.797110417833232
"_CACTGAATCTAGACAC-2","Glut-CACNA1H-2","Ex_CACNA1H_LHX9",0.640174265519123
"_CACTGAATCTCCGCAT-2","Glut-CACNA1H-3","Ex_CACNA1H_LHX9",0.757874417595289
"_CACTGGGAGATACGAT-2","Glut-CACNA1H-4","Ex_CACNA1H_LHX9",0.208544600057486
"_CACTGTCAGTTTGGCT-2","Glut-CACNA1H-1","Ex_CACNA1H_LHX9",0.76543621039995
"_CACTTCGAGCTCATAC-2","Glut-CACNA1H-1","Ex_CACNA1H_LHX9",0.794011569999868
"_CAGAGCCGTGTTCAGT-2","Glut-CACNA1H-2","Ex_CACNA1H_LHX9",0.699638991071306
"_CAGATACAGACTCAAA-2","Glut-CACNA1H-1","Ex_CACNA1H_LHX9",0.831225555157498
"_CAGATACCAGGAGGTT-2","Glut-CACNA1H-4","Ex_CACNA1H_LHX9",0.823515085163311
"_CAGATACCATGACACT-2","Glut-CACNA1H-1","Ex_CACNA1H_LHX9",0.818003004696331
"_CAGATACGTACGGTTT-2","Glut-CACNA1H-2","Ex_CACNA1H_LHX9",0.732011160487811
"_CAGATCAAGCACACCC-2","Glut-CACNA1H-3","Ex_CACNA1H_LHX9",0.716577565975216
"_CAGATCAAGTAGTCCT-2","Glut-CACNA1H-1","Ex_CACNA1H_LHX9",0.820916655682446
"_CAGATCATCAGCGGAA-2","Glut-CACNA1H-3","Ex_CACNA1H_LHX9",0.762673841028501
"_CAGATTGAGGAATTAC-2","Glut-CACNA1H-1","Ex_CACNA1H_LHX9",0.787149221498267
"_CAGATTGCATTGGATC-2","Glut-CACNA1H-2","Ex_CACNA1H_LHX9",0.756815402791034
"_CAGCAATGTACCATAC-2","Glut-CACNA1H-1","Ex_CACNA1H_LHX9",0.808302002623602
"_CAGCAATTCCGCACTT-2","Glut-CACNA1H-2","Ex_CACNA1H_LHX9",0.665960531865615
"_CAGCACGAGTCGGCCT-2","Glut-CACNA1H-1","Ex_CACNA1H_LHX9",0.565380113055997
"_CAGCACGCAACCGATT-2","Glut-CACNA1H-2","Ex_CACNA1H_LHX9",0.544358547952206
"_CAGCACGCACGCCAGT-2","Glut-CACNA1H-1","Ex_CACNA1H_LHX9",0.821708082024243
"_CAGCACGTCCCGAAAT-2","Glut-CACNA1H-2","Ex_CACNA1H_LHX9",0.47744854227158
"_CAGCACGTCTTGAGCA-2","Glut-CACNA1H-2","Ex_CACNA1H_LHX9",0.816391628830534
"_CAGCAGCAGACGGAAA-2","Glut-CACNA1H-3","Ex_CACNA1H_LHX9",0.769298602237111
"_CAGCAGCGTTACCTTT-2","Glut-CACNA1H-2","Ex_CACNA1H_LHX9",0.533933573461882
"_CAGCCAGCACGTCGTG-2","Glut-CACNA1H-1","Ex_CACNA1H_LHX9",0.743973786711763
"_CAGGCCAAGTACAACA-2","Glut-CACNA1H-1","Ex_CACNA1H_LHX9",0.467201714115702
"_CAGGCCACAAGCTGCC-2","Glut-CACNA1H-4","Ex_CACNA1H_LHX9",0.823382933833091
"_CAGGCCACACGCGGTT-2","Glut-CACNA1H-3","Ex_CACNA1H_LHX9",0.696305211084924
"_CAGGCCAGTCGTTCAA-2","Glut-CACNA1H-1","Ex_CACNA1H_LHX9",0.838026102541294
"_CAGGCCATCACTACTT-2","Glut-CACNA1H-2","Ex_CACNA1H_LHX9",0.739631692459021
"_CAGGGCTTCGCGTGCA-2","Glut-DACH2-1","Ex_DACH2_NR4A3",0.431514208039463
"_CAGGGCTTCGTAACCA-2","Glut-CACNA1H-1","Ex_CACNA1H_LHX9",0.808360876945677
"_CAGGTATCAGTCGGAA-2","Glut-CACNA1H-4","Ex_CACNA1H_LHX9",0.824147836293441
"_CAGTGCGCAAGAGGCT-2","Glut-CACNA1H-4","Ex_CACNA1H_LHX9",0.829600988835159
"_CAGTTAGAGTAGGTTA-2","Glut-CACNA1H-2","Ex_CACNA1H_LHX9",0.740151745211428
"_CAGTTAGCAGGTGTGA-2","Glut-CACNA1H-3","Ex_CACNA1H_LHX9",0.806439532725466
"_CAGTTAGGTTATCCAG-2","Glut-CACNA1H-4","Ex_CACNA1H_LHX9",0.819880507837438
"_CAGTTAGTCACCTACC-2","Glut-CACNA1H-2","Ex_CACNA1H_LHX9",0.761505929480671
"_CAGTTAGTCATCGTAG-2","Glut-CACNA1H-1","Ex_CACNA1H_LHX9",0.80945511144306
"_CAGTTAGTCCTACGGG-2","Glut-CACNA1H-1","Ex_CACNA1H_LHX9",0.782284188098124
"_CAGTTCCAGACAGTCG-2","Glut-CACNA1H-1","Ex_CACNA1H_LHX9",0.780567846796832
"_CAGTTCCAGGAATCGC-2","Glut-CACNA1H-2","Ex_CACNA1H_LHX9",0.437650368611028
"_CAGTTCCCACGTCGTG-2","Glut-CACNA1H-2","Ex_CACNA1H_LHX9",0.591839840424561
"_CAGTTCCCATAGGTTC-2","Glut-CACNA1H-1","Ex_CACNA1H_LHX9",0.814409817611297
"_CAGTTCCTCATACGGT-2","Glut-CACNA1H-3","Ex_CACNA1H_LHX9",0.66016374636824
"_CATACAGTCGACATAC-2","Glut-CACNA1H-1","Ex_CACNA1H_LHX9",0.817551318227206
"_CATACCCTCCTAGCTC-2","Glut-CACNA1H-3","Ex_CACNA1H_LHX9",0.747783780323817
"_CATACTTAGCTGAAGC-2","Glut-CACNA1H-2","Ex_CACNA1H_LHX9",0.7504708768056
"_CATACTTAGGTCCCGT-2","Glut-CACNA1H-2","Ex_CACNA1H_LHX9",0.638595918641959
"_CATACTTAGGTTAGTA-2","Glut-CACNA1H-1","Ex_CACNA1H_LHX9",0.728262555258199
"_CATAGACCATTCTTCA-2","Glut-CACNA1H-2","Ex_CACNA1H_LHX9",0.531809784169948
"_CATAGACGTAAGATAC-2","Glut-CACNA1H-1","Ex_CACNA1H_LHX9",0.812199867059489
"_CATAGACTCGCGATCG-2","Glut-CACNA1H-1","Ex_CACNA1H_LHX9",0.738549022873037
"_CATCAAGAGCATCCCG-2","Glut-CACNA1H-2","Ex_CACNA1H_LHX9",0.68507988817891
"_CATCAAGCAGCAGACA-2","Glut-CACNA1H-2","Ex_CACNA1H_LHX9",0.775205529574312
"_CATCAAGCAGTCACGC-2","Glut-DACH2-3","Ex_DACH2_SLIT2",0.359657749095343
"_CATCAAGTCAAGTGTC-2","Glut-CACNA1H-2","Ex_CACNA1H_LHX9",0.468536696945811
"_CATCAAGTCGCCAATA-2","Glut-DACH2-1","Ex_DACH2_MGAT4C",0.322988149767534
"_CATCCCAAGCTTGTGT-2","Glut-CACNA1H-1","Ex_CACNA1H_LHX9",0.836853788255615
"_CATCCCATCACCTTAT-2","Glut-CACNA1H-2","Ex_CACNA1H_LHX9",0.60881742562573
"_CATCCCATCGTTCTGC-2","Glut-CACNA1H-2","Ex_CACNA1H_LHX9",0.657712076334083
"_CATCCGTAGGTAAGGA-2","Glut-CACNA1H-1","Ex_CACNA1H_LHX9",0.812120345412379
"_CATCGGGAGGTAGCCA-2","Glut-CACNA1H-4","Ex_CACNA1H_LHX9",0.857413771696329
"_CATCGGGGTCTACGTA-2","Glut-CACNA1H-1","Ex_CACNA1H_LHX9",0.782666604305459
"_CATCGTCAGAGAAGGT-2","Glut-CACNA1H-1","Ex_CACNA1H_LHX9",0.842439898330835
"_CATGAGTAGCGTTAGG-2","Glut-CACNA1H-2","Ex_CACNA1H_LHX9",0.776033516697523
"_CATGAGTAGTAATCCC-2","Glut-CACNA1H-2","Ex_CACNA1H_LHX9",0.70415682163447
"_CATGAGTCATCTATCT-2","Glut-DACH2-1","Ex_DACH2_MGAT4C",0.35403561061566
"_CATGAGTGTCCAGTTA-2","Glut-CACNA1H-1","Ex_CACNA1H_LHX9",0.839380784951884
"_CATGAGTGTCCCACGA-2","Glut-CACNA1H-3","Ex_CACNA1H_LHX9",0.807720322534518
"_CATGCAACACGCTGTG-2","Glut-CACNA1H-2","Ex_CACNA1H_LHX9",0.677424692391917
"_CATGCAAGTGTTACTG-2","Glut-CACNA1H-4","Ex_CACNA1H_LHX9",0.671429453838789
"_CATGCAATCTGTGTGA-2","Glut-CACNA1H-3","Ex_CACNA1H_LHX9",0.756057022297832
"_CATGCGGGTCAAACGG-2","Glut-DACH2-3","Ex_DACH2_MGAT4C",0.205483679053258
"_CATGCGGTCTTACACT-2","Glut-DACH2-1","Ex_DACH2_SLIT2",0.332216828115451
"_CATGGATGTCTATGAC-2","Glut-CACNA1H-1","Ex_CACNA1H_LHX9",0.782479154922042
"_CATGGTATCGTCGGGT-2","Glut-CACNA1H-2","Ex_CACNA1H_LHX9",0.700305366751599
"_CATTCATCAATAGTCC-2","Glut-CACNA1H-2","Ex_CACNA1H_LHX9",0.583623378247782
"_CATTCCGAGCTAGATA-2","Glut-CACNA1H-2","Ex_CACNA1H_LHX9",0.656873320487734
"_CATTCTACAGTGTGCC-2","Glut-CACNA1H-2","Ex_CACNA1H_LHX9",0.532293276000255
"_CATTGAGAGACAACAT-2","Glut-CACNA1H-2","Ex_CACNA1H_LHX9",0.499322070629037
"_CATTGAGCATAATCGC-2","Glut-CACNA1H-2","Ex_CACNA1H_LHX9",0.523769538369371
"_CATTGCCCAGGTAGTG-2","Glut-CACNA1H-2","Ex_CACNA1H_LHX9",0.643798574531266
"_CATTGCCGTTGTATGC-2","Glut-CACNA1H-1","Ex_CACNA1H_LHX9",0.783279207738753
"_CATTGTTAGTCATCGT-2","Glut-CACNA1H-2","Ex_CACNA1H_LHX9",0.730529552262948
"_CATTTCAGTCGTCATA-2","Glut-CACNA1H-3","Ex_CACNA1H_LHX9",0.783959118232054
"_CATTTCATCAGTCACA-2","Glut-CACNA1H-4","Ex_CACNA1H_LHX9",0.813540366462677
"_CCAAGCGGTTCATCGA-2","Glut-CACNA1H-2","Ex_CACNA1H_LHX9",0.592646363065076
"_CCAAGCGTCCTAGAGT-2","Glut-CACNA1H-1","Ex_CACNA1H_LHX9",0.777633394411498
"_CCAATGAGTATTTCGG-2","Glut-CACNA1H-3","Ex_CACNA1H_LHX9",0.736086111205578
"_CCAATGAGTGAGACGT-2","Glut-CACNA1H-2","Ex_CACNA1H_LHX9",0.5327209074831
"_CCAATGATCGATACAC-2","Glut-CACNA1H-1","Ex_CACNA1H_LHX9",0.797321412517006
"_CCAATTTAGATACTGA-2","Glut-CACNA1H-1","Ex_CACNA1H_LHX9",0.796669822649488
"_CCAATTTCATGGGATG-2","Glut-CACNA1H-2","Ex_CACNA1H_LHX9",0.803909790490411
"_CCAATTTGTTCAGCTA-2","Glut-CACNA1H-4","Ex_CACNA1H_LHX9",0.370577699673025
"_CCAATTTGTTGGACCC-2","Glut-CACNA1H-1","Ex_CACNA1H_LHX9",0.821060247292797
"_CCACAAATCTACTGAG-2","Glut-CACNA1H-2","Ex_CACNA1H_LHX9",0.483052454469657
"_CCACACTGTTAGGCTT-2","Glut-CACNA1H-2","Ex_CACNA1H_LHX9",0.748147260238387
"_CCACACTTCCATTTAC-2","Glut-CACNA1H-4","Ex_CACNA1H_LHX9",0.830584809858068
"_CCACCATAGAGCCGTA-2","Glut-CACNA1H-RA","Ex_CACNA1H_LHX9",0.777832867067966
"_CCACCATTCTGTGCAA-2","Glut-CACNA1H-1","Ex_CACNA1H_LHX9",0.835668347865753
"_CCACGAGCATCTGTTT-2","Glut-CACNA1H-2","Ex_CACNA1H_LHX9",0.719476238712019
"_CCACGTTGTAGGGAGG-2","Glut-CACNA1H-2","Ex_CACNA1H_LHX9",0.670734510064583
"_CCACTTGCAACTTCTT-2","Glut-CACNA1H-3","Ex_CACNA1H_LHX9",0.791730446526496
"_CCACTTGCATCTTTCA-2","Glut-CACNA1H-2","Ex_CACNA1H_LHX9",0.746930286646587
"_CCACTTGCATGTGCCG-2","Glut-CACNA1H-3","Ex_CACNA1H_LHX9",0.754272623771422
"_CCACTTGGTTCCGCGA-2","Glut-CACNA1H-1","Ex_CACNA1H_LHX9",0.802685233004532
"_CCATAAGCAGCCTACG-2","Glut-CACNA1H-4","Ex_CACNA1H_LHX9",0.844659046955352
"_CCATAAGGTGCGAACA-2","Glut-CACNA1H-3","Ex_CACNA1H_LHX9",0.787961161365672
"_CCATAAGGTGTGCCTG-2","Glut-CACNA1H-4","Ex_CACNA1H_LHX9",0.805076879032848
"_CCATCACGTTTCTATC-2","Glut-CACNA1H-1","Ex_CACNA1H_LHX9",0.856982045326963
"_CCCATTGGTACGATGG-2","Glut-CACNA1H-3","Ex_CACNA1H_LHX9",0.765717189065016
"_CCCATTGGTTAATCGC-2","Glut-CACNA1H-1","Ex_CACNA1H_LHX9",0.745996730001308
"_CCCATTGTCTCGACGG-2","Glut-CACNA1H-2","Ex_CACNA1H_LHX9",0.759458706380229
"_CCCGAAGAGACGCATG-2","Glut-CACNA1H-2","Ex_CACNA1H_LHX9",0.676906462450909
"_CCCGAAGAGTACGTCT-2","Glut-CACNA1H-2","Ex_CACNA1H_LHX9",0.764752355308075
"_CCCGAAGGTCTGTGTA-2","Glut-CACNA1H-2","Ex_CACNA1H_LHX9",0.777140910396119
"_CCCGGAAAGGGCAAGG-2","Glut-CACNA1H-1","Ex_CACNA1H_LHX9",0.78234265623895
"_CCCGGAACAAGTTCCA-2","Glut-CACNA1H-2","Ex_CACNA1H_LHX9",0.684633776584328
"_CCCGGAAGTAGTCTGT-2","Glut-CACNA1H-1","Ex_CACNA1H_LHX9",0.720864114943876
"_CCCGGAAGTGCGGTAA-2","Glut-CACNA1H-3","Ex_CACNA1H_LHX9",0.733613297331211
"_CCCTCAAAGTCAATCC-2","Glut-CACNA1H-2","Ex_CACNA1H_LHX9",0.707338960464149
"_CCCTCAAAGTCCCAAT-2","Glut-CACNA1H-1","Ex_CACNA1H_LHX9",0.748978776391937
"_CCCTCAAGTTTAGAGA-2","Glut-CACNA1H-2","Ex_CACNA1H_LHX9",0.588281062228414
"_CCCTCTCGTAAGTTAG-2","Glut-CACNA1H-3","Ex_CACNA1H_LHX9",0.80137587373738
"_CCCTCTCGTTCGTTCC-2","Glut-CACNA1H-1","Ex_CACNA1H_LHX9",0.79697730568753
"_CCCTGATCAAGCGGAT-2","Glut-CACNA1H-2","Ex_CACNA1H_LHX9",0.648240571311637
"_CCCTGATCAGCGTACC-2","Glut-CACNA1H-3","Ex_CACNA1H_LHX9",0.752822607300322
"_CCCTGATGTGCAATAA-2","Glut-CACNA1H-2","Ex_CACNA1H_LHX9",0.671908391136782
"_CCCTGATGTGGCTGAA-2","Glut-CACNA1H-2","Ex_CACNA1H_LHX9",0.668274696225183
"_CCCTTAGAGGACTATA-2","Glut-CACNA1H-1","Ex_CACNA1H_LHX9",0.783364940253274
"_CCCTTAGCATCAGCAT-2","Glut-CACNA1H-2","Ex_CACNA1H_LHX9",0.604787660115313
"_CCCTTAGGTGAGCTCC-2","Glut-CACNA1H-2","Ex_CACNA1H_LHX9",0.600857374228692
"_CCGAACGGTCCATAGT-2","Glut-CACNA1H-3","Ex_CACNA1H_LHX9",0.525470416347392
"_CCGAACGTCTCTGACC-2","Glut-CACNA1H-1","Ex_CACNA1H_LHX9",0.821568851120742
"_CCGATCTTCAGGGTAG-2","Glut-CACNA1H-1","Ex_CACNA1H_LHX9",0.849246948479618
"_CCGATGGCACTAACGT-2","Glut-CACNA1H-2","Ex_CACNA1H_LHX9",0.574837630155574
"_CCGATGGCAGGATCTT-2","Glut-CACNA1H-1","Ex_CACNA1H_LHX9",0.801293860081269
"_CCGCAAGAGCCGGAAT-2","Glut-CACNA1H-2","Ex_CACNA1H_LHX9",0.70862569327916
"_CCGCAAGGTAACAGGC-2","Glut-CACNA1H-2","Ex_CACNA1H_LHX9",0.699945128170198
"_CCGCAAGGTGAGCTCC-2","Glut-CACNA1H-3","Ex_CACNA1H_LHX9",0.723182508918061
"_CCGGACAGTGTCCCTT-2","Glut-CACNA1H-1","Ex_CACNA1H_LHX9",0.807406503946122
"_CCGGGTACAAACACCT-2","Glut-CACNA1H-2","Ex_CACNA1H_LHX9",0.745735693364512
"_CCGGGTAGTCATTCCC-2","Glut-CACNA1H-3","Ex_CACNA1H_LHX9",0.823876939133978
"_CCGGGTAGTTCGGCCA-2","Glut-CACNA1H-3","Ex_CACNA1H_LHX9",0.562589847698122
"_CCGGTAGAGGGATCGT-2","Glut-CACNA1H-2","Ex_CACNA1H_LHX9",0.783683713330881
"_CCGGTAGCATCGGAAG-2","Glut-CACNA1H-2","Ex_CACNA1H_LHX9",0.611564412076585
"_CCGGTAGGTCAACACT-2","Glut-CACNA1H-2","Ex_CACNA1H_LHX9",0.539722573256075
"_CCGGTGAAGCGGATCA-2","Glut-CACNA1H-1","Ex_CACNA1H_LHX9",0.823987490186435
"_CCGGTGAAGTCTGTAC-2","Glut-CACNA1H-2","Ex_CACNA1H_LHX9",0.618636026316875
"_CCGTAGGCACTCAAGT-2","Glut-CACNA1H-1","Ex_CACNA1H_LHX9",0.792029375574866
"_CCGTAGGGTCCGAAGA-2","Glut-CACNA1H-3","Ex_CACNA1H_LHX9",0.76228727514043
"_CCGTGAGTCGAGAAGC-2","Glut-CACNA1H-1","Ex_CACNA1H_LHX9",0.805998034249764
"_CCGTTCACAGAGAGGG-2","Glut-CACNA1H-2","Ex_CACNA1H_LHX9",0.790878070517016
"_CCGTTCAGTCCAAGAG-2","Glut-CACNA1H-2","Ex_CACNA1H_LHX9",0.770998750061667
"_CCTAACCTCCCATAGA-2","Glut-CACNA1H-1","Ex_CACNA1H_LHX9",0.801290460870003
"_CCTAAGACACAACGCC-2","Glut-CACNA1H-1","Ex_CACNA1H_LHX9",0.809264830563361
"_CCTAAGACACTACAGT-2","Glut-CACNA1H-2","Ex_CACNA1H_LHX9",0.454373546537553
"_CCTAAGAGTACGAGCA-2","Glut-CACNA1H-3","Ex_CACNA1H_LHX9",0.707409521993772
"_CCTAAGATCGAAGTGG-2","Glut-CACNA1H-1","Ex_CACNA1H_LHX9",0.673118533729171
"_CCTACGTTCTGGCTGG-2","Glut-CACNA1H-3","Ex_CACNA1H_LHX9",0.823969054160637
"_CCTCAACGTGCACATT-2","Glut-CACNA1H-1","Ex_CACNA1H_LHX9",0.82157886921517
"_CCTCAACTCTACGCAA-2","Glut-CACNA1H-2","Ex_CACNA1H_LHX9",0.795188053111169
"_CCTCACACATCGGAGA-2","Glut-CACNA1H-3","Ex_CACNA1H_LHX9",0.411710196016268
"_CCTCAGTAGTTACGTC-2","Glut-CACNA1H-RA","Ex_CACNA1H_LHX9",0.79706671051876
"_CCTCATGGTCAGATTC-2","Glut-CACNA1H-2","Ex_CACNA1H_LHX9",0.736951885427826
"_CCTCCAAAGCTTAGTC-2","Glut-CACNA1H-1","Ex_CACNA1H_LHX9",0.775350618742602
"_CCTCCAATCGACCCAG-2","Glut-CACNA1H-2","Ex_CACNA1H_LHX9",0.64857414025776
"_CCTCCTCAGTATTGCC-2","Glut-CACNA1H-4","Ex_CACNA1H_LHX9",0.816731018616707
"_CCTCCTCGTCATTGCA-2","Glut-CACNA1H-1","Ex_CACNA1H_LHX9",0.812387508295337
"_CCTCTAGTCGCAAGAG-2","Glut-CACNA1H-3","Ex_CACNA1H_LHX9",0.737335850560588
"_CCTCTCCCACGTAGTT-2","Glut-CACNA1H-2","Ex_CACNA1H_LHX9",0.729389784083918
"_CCTCTCCGTACGAGTG-2","Glut-CACNA1H-3","Ex_CACNA1H_LHX9",0.801790875900642
"_CCTGCATAGACTTCGT-2","Glut-CACNA1H-1","Ex_CACNA1H_LHX9",0.793488979913654
"_CCTGCATCAGCAATTC-2","Glut-CACNA1H-1","Ex_CACNA1H_LHX9",0.816216875630523
"_CCTGCATGTGGACCTC-2","Glut-CACNA1H-1","Ex_CACNA1H_LHX9",0.671492422886106
"_CCTGCATTCTAGTCAG-2","Glut-CACNA1H-2","Ex_CACNA1H_LHX9",0.623737002060284
"_CCTGTTGAGAGGTCGT-2","Glut-CACNA1H-1","Ex_CACNA1H_LHX9",0.842347871208056
"_CCTGTTGAGATTGATG-2","Glut-CACNA1H-1","Ex_CACNA1H_LHX9",0.79610905304734
"_CCTGTTGGTTGCCGAC-2","Glut-CACNA1H-1","Ex_CACNA1H_LHX9",0.815705235964935
"_CCTTCAGGTAAGATTG-2","Glut-CACNA1H-3","Ex_CACNA1H_LHX9",0.695725429501466
"_CCTTGTGAGTGCGTCC-2","Glut-CACNA1H-3","Ex_CACNA1H_LHX9",0.768281619984724
"_CCTTTGGAGCTGTCCG-2","Glut-CACNA1H-2","Ex_CACNA1H_LHX9",0.580387480032607
"_CCTTTGGCACATATCG-2","Glut-CACNA1H-1","Ex_CACNA1H_LHX9",0.790299759786173
"_CCTTTGGCACATTACG-2","Glut-CACNA1H-1","Ex_CACNA1H_LHX9",0.809437492462419
"_CCTTTGGGTCCGGCAT-2","Glut-CACNA1H-2","Ex_CACNA1H_LHX9",0.463580679513291
"_CCTTTGGTCTGTCGCT-2","Glut-CACNA1H-1","Ex_CACNA1H_LHX9",0.790860447810084
"_CGAAGGACAAGCCATT-2","Glut-CACNA1H-3","Ex_CACNA1H_LHX9",0.796963642407131
"_CGAATTGGTCGAATTC-2","Glut-CACNA1H-2","Ex_CACNA1H_LHX9",0.724536410761497
"_CGAATTGGTGCCTACG-2","Glut-CACNA1H-3","Ex_CACNA1H_LHX9",0.793391312852662
"_CGACAGCTCATCGTAG-2","Glut-CACNA1H-4","Ex_CACNA1H_LHX9",0.755976399840272
"_CGAGAAGTCCTCGCAT-2","Glut-CACNA1H-3","Ex_CACNA1H_LHX9",0.726451812960343
"_CGAGGAAAGTTCCTGA-2","Glut-CACNA1H-2","Ex_CACNA1H_LHX9",0.744630226704279
"_CGAGGAACAAAGTATG-2","Glut-CACNA1H-2","Ex_CACNA1H_LHX9",0.703959128063169
"_CGAGTGCAGAATCGCG-2","Glut-CACNA1H-2","Ex_CACNA1H_LHX9",0.766707720814147
"_CGAGTGCAGGCATGGT-2","Glut-CACNA1H-2","Ex_CACNA1H_LHX9",0.65738154818196
"_CGAGTGCCAACAGTGG-2","Glut-CACNA1H-3","Ex_CACNA1H_LHX9",0.532548673581241
"_CGAGTGCCATGACAAA-2","Glut-CACNA1H-2","Ex_CACNA1H_LHX9",0.745520407389363
"_CGAGTTAAGTAGAATC-2","Glut-CACNA1H-3","Ex_CACNA1H_LHX9",0.798050750645213
"_CGAGTTACAAACTGCT-2","Glut-CACNA1H-2","Ex_CACNA1H_LHX9",0.766769833959381
"_CGATGCGAGCCGTCGT-2","Glut-CACNA1H-3","Ex_CACNA1H_LHX9",0.625832784144108
"_CGATGCGTCACATTGG-2","Glut-CACNA1H-2","Ex_CACNA1H_LHX9",0.682656832082382
"_CGATGGCTCGACTCCT-2","Glut-CACNA1H-1","Ex_CACNA1H_LHX9",0.751615122363685
"_CGCAGGTGTCATCAGT-2","Glut-CACNA1H-2","Ex_CACNA1H_LHX9",0.461135221081534
"_CGCATAAAGCCATCCG-2","Glut-CACNA1H-1","Ex_CACNA1H_LHX9",0.761844897831279
"_CGCATAAAGGCATGGT-2","Glut-CACNA1H-4","Ex_CACNA1H_LHX9",0.832124449746371
"_CGCATAAAGGCATTTC-2","Glut-CACNA1H-2","Ex_CACNA1H_LHX9",0.486458739709021
"_CGCATAAAGGGTTGCA-2","Glut-CACNA1H-3","Ex_CACNA1H_LHX9",0.781736374068921
"_CGCATAAGTGACTAAA-2","Glut-CACNA1H-3","Ex_CACNA1H_LHX9",0.793847293909751
"_CGCATGGTCGGACCAC-2","Glut-CACNA1H-3","Ex_CACNA1H_LHX9",0.4122055167983
"_CGCCAGAAGGAAGTGA-2","Glut-CACNA1H-2","Ex_CACNA1H_LHX9",0.704855149963344
"_CGCCAGAGTGAGATTA-2","Glut-CACNA1H-4","Ex_CACNA1H_LHX9",0.785574031189365
"_CGCCATTGTGTGGTCC-2","Glut-CACNA1H-1","Ex_CACNA1H_LHX9",0.632768836394193
"_CGCCATTTCGTAGTCA-2","Glut-CACNA1H-2","Ex_CACNA1H_LHX9",0.77140334160998
"_CGCGTGAGTCAAGGCA-2","Glut-DACH2-4","Ex_CACNA1H_LHX9",0.316569298017875
"_CGGAACCAGCTAATCC-2","Glut-CACNA1H-2","Ex_CACNA1H_LHX9",0.662284517263226
"_CGGAACCTCACTGGTA-2","Glut-CACNA1H-3","Ex_CACNA1H_LHX9",0.665492380327843
"_CGGAATTAGCAAGCCA-2","Glut-CACNA1H-3","Ex_CACNA1H_LHX9",0.777014873884998
"_CGGAATTAGTCATGGG-2","Glut-CACNA1H-2","Ex_CACNA1H_LHX9",0.293200129606703
"_CGGAATTCAACCAATC-2","Glut-CACNA1H-2","Ex_CACNA1H_LHX9",0.526452595898529
"_CGGAATTCAATCCTTT-2","Glut-CACNA1H-2","Ex_CACNA1H_LHX9",0.495435165770142
"_CGGAATTCACGGTGTC-2","Glut-CACNA1H-2","Ex_CACNA1H_LHX9",0.771384955275909
"_CGGAATTTCGCAGTTA-2","Glut-CACNA1H-1","Ex_CACNA1H_LHX9",0.765571772795623
"_CGGACACTCGACGATT-2","Glut-CACNA1H-3","Ex_CACNA1H_LHX9",0.776078302785003
"_CGGACACTCTCCTGCA-2","Glut-CACNA1H-4","Ex_CACNA1H_LHX9",0.796755137250533
"_CGGAGAAGTTACTCAG-2","Glut-CACNA1H-2","Ex_CACNA1H_LHX9",0.745942692855502
"_CGGAGAATCTAAGCCA-2","Glut-CACNA1H-2","Ex_CACNA1H_LHX9",0.773432337902147
"_CGGCAGTCATCTTAGG-2","Glut-DACH2-1","Ex_DACH2_ITGA9",0.293684325329109
"_CGGCAGTGTAGCGTCC-2","Glut-CACNA1H-1","Ex_CACNA1H_LHX9",0.721163860837277
"_CGGCAGTGTATGCTTG-2","Glut-CACNA1H-2","Ex_CACNA1H_LHX9",0.716327039370518
"_CGGGACTGTCCTTGTC-2","Glut-CACNA1H-2","Ex_CACNA1H_LHX9",0.643724289487739
"_CGGGTCAAGAGTCGAC-2","Glut-CACNA1H-1","Ex_CACNA1H_LHX9",0.668332185096739
"_CGGGTGTCAGGAGGTT-2","Glut-CACNA1H-2","Ex_CACNA1H_LHX9",0.627617550868464
"_CGGTCAGAGAGCCATG-2","Glut-CACNA1H-4","Ex_CACNA1H_LHX9",0.859744324082453
"_CGGTCAGGTATCTTCT-2","Glut-CACNA1H-4","Ex_CACNA1H_LHX9",0.818097297986518
"_CGTAAGTAGGAGAATG-2","Glut-CACNA1H-3","Ex_CACNA1H_LHX9",0.607501710232518
"_CGTAAGTTCCAGCTCT-2","Glut-CACNA1H-2","Ex_CACNA1H_LHX9",0.716953062423183
"_CGTAATGAGGCACCAA-2","Glut-CACNA1H-1","Ex_CACNA1H_LHX9",0.73269898188778
"_CGTAGTAAGCTCGTGC-2","Glut-CACNA1H-1","Ex_CACNA1H_LHX9",0.786402016441891
"_CGTAGTATCATTGCGA-2","Glut-CACNA1H-2","Ex_CACNA1H_LHX9",0.614580458955149
"_CGTCAAAAGCTTACGT-2","Glut-CACNA1H-2","Ex_DACH2_NR4A3",0.547646847658099
"_CGTCAAACACACCTTC-2","Glut-CACNA1H-3","Ex_CACNA1H_LHX9",0.681580327155195
"_CGTCAAACACGACAAG-2","Glut-CACNA1H-1","Ex_CACNA1H_LHX9",0.45583598736325
"_CGTCAAAGTGCATCTA-2","Glut-CACNA1H-2","Ex_CACNA1H_LHX9",0.779861927970594
"_CGTGAATAGAGGTCAC-2","Glut-CACNA1H-3","Ex_CACNA1H_LHX9",0.791042015275757
"_CGTGAATCATCGGCCA-2","Glut-CACNA1H-2","Ex_CACNA1H_LHX9",0.586527133873779
"_CGTGAATTCAGGAACG-2","Glut-CACNA1H-1","Ex_CACNA1H_LHX9",0.755586310740736
"_CGTGATAAGCTTGTGT-2","Glut-CACNA1H-2","Ex_CACNA1H_LHX9",0.687397257926286
"_CGTGATACATAGTCGT-2","Glut-CACNA1H-4","Ex_CACNA1H_LHX9",0.728960936058692
"_CGTGCTTAGCATGCAG-2","Glut-CACNA1H-1","Ex_CACNA1H_LHX9",0.820819576848458
"_CGTGCTTGTGGTCCCA-2","Glut-CACNA1H-1","Ex_CACNA1H_LHX9",0.546841131671307
"_CGTGCTTTCGGAGCAA-2","Glut-CACNA1H-2","Ex_CACNA1H_LHX9",0.647818888126089
"_CGTGTCTGTAGGGTAC-2","Glut-CACNA1H-1","Ex_CACNA1H_LHX9",0.776188229001529
"_CGTGTCTGTTGCTTGA-2","Glut-CACNA1H-2","Ex_CACNA1H_LHX9",0.7418332952927
"_CGTGTCTTCAAGATAG-2","Glut-CACNA1H-1","Ex_CACNA1H_LHX9",0.80446020492177
"_CGTGTCTTCCCGTAAA-2","Glut-CACNA1H-1","Ex_CACNA1H_LHX9",0.790990495209728
"_CGTTGGGAGGACTGGT-2","Glut-CACNA1H-1","Ex_CACNA1H_LHX9",0.821954611881081
"_CGTTGGGCACCAGCGT-2","Glut-CACNA1H-3","Ex_CACNA1H_LHX9",0.528501517160427
"_CGTTGGGGTTGCGAAG-2","Glut-CACNA1H-3","Ex_CACNA1H_LHX9",0.827055684197047
"_CGTTGGGTCACTCTTA-2","Glut-CACNA1H-3","Ex_CACNA1H_LHX9",0.775016693692642
"_CTAACCCAGAGCAGAA-2","Glut-CACNA1H-1","Ex_CACNA1H_LHX9",0.827616348906067
"_CTAACCCTCCCTGGTT-2","Glut-CACNA1H-1","Ex_CACNA1H_LHX9",0.781264219092881
"_CTAACTTAGATGGCAC-2","Glut-CACNA1H-2","Ex_CACNA1H_LHX9",0.519925397820495
"_CTAACTTTCGACATAC-2","Glut-CACNA1H-1","Ex_CACNA1H_LHX9",0.640484533960275
"_CTAAGTGAGAACGCGT-2","Glut-CACNA1H-3","Ex_CACNA1H_LHX9",0.801299006007753
"_CTAAGTGGTCGAAACG-2","Glut-CACNA1H-1","Ex_CACNA1H_LHX9",0.728742106823442
"_CTACAGAAGGCTAACG-2","Glut-CACNA1H-1","Ex_CACNA1H_LHX9",0.782506292014159
"_CTACAGAGTGAGACGT-2","Glut-CACNA1H-3","Ex_CACNA1H_LHX9",0.763608192267979
"_CTACATTCAGCAGTTT-2","Glut-CACNA1H-1","Ex_CACNA1H_LHX9",0.829605260888423
"_CTACCCACACGTATAC-2","Glut-CACNA1H-2","Ex_CACNA1H_LHX9",0.751159779233234
"_CTACCTGAGGTGCATG-2","Glut-CACNA1H-2","Ex_CACNA1H_LHX9",0.68377371721429
"_CTACGGGAGAAGTCAT-2","Glut-CACNA1H-2","Ex_CACNA1H_LHX9",0.791198897031456
"_CTAGACAAGAGGATGA-2","Glut-CACNA1H-3","Ex_CACNA1H_LHX9",0.765924707204282
"_CTAGGTAAGGTGGTTG-2","Glut-CACNA1H-2","Ex_CACNA1H_LHX9",0.435245085401773
"_CTAGGTATCCCTCTAG-2","Glut-CACNA1H-1","Ex_CACNA1H_LHX9",0.822156110947714
"_CTAGGTATCTAGCATG-2","Glut-CACNA1H-2","Ex_CACNA1H_LHX9",0.738006560867943
"_CTATAGGAGAGTGTGC-2","Glut-CACNA1H-2","Ex_DACH2_SLIT2",0.45111081141169
"_CTATAGGGTACGGGAT-2","Glut-CACNA1H-3","Ex_CACNA1H_LHX9",0.59958644399285
"_CTATAGGGTCAGGTGA-2","Glut-CACNA1H-2","Ex_CACNA1H_LHX9",0.642993080414827
"_CTATAGGGTTTCGTGA-2","Glut-CACNA1H-3","Ex_CACNA1H_LHX9",0.751996361539768
"_CTATCTAAGATGAATC-2","Glut-CACNA1H-2","Ex_CACNA1H_LHX9",0.531346346830025
"_CTATCTACATCAGTGT-2","Glut-CACNA1H-2","Ex_CACNA1H_LHX9",0.74177665648274
"_CTATCTAGTAGGTTTC-2","Glut-CACNA1H-2","Ex_CACNA1H_LHX9",0.718240800555148
"_CTATCTATCCTGCCAT-2","Glut-CACNA1H-2","Ex_CACNA1H_LHX9",0.788732075131888
"_CTCAACCGTCATCAGT-2","Glut-CACNA1H-2","Ex_CACNA1H_LHX9",0.701900001613326
"_CTCAACCTCGAATGCT-2","Glut-CACNA1H-2","Ex_CACNA1H_LHX9",0.633183823961794
"_CTCAATTAGTATGAAC-2","Glut-CACNA1H-1","Ex_CACNA1H_LHX9",0.834118017132329
"_CTCAATTGTTGGAGGT-2","Glut-CACNA1H-1","Ex_CACNA1H_LHX9",0.701588014244598
"_CTCACTGGTTGGGACA-2","Glut-CACNA1H-2","Ex_CACNA1H_LHX9",0.422681607484728
"_CTCAGAATCCCATAAG-2","Glut-CACNA1H-3","Ex_CACNA1H_LHX9",0.769268881604893
"_CTCAGGGCAACGACAG-2","Glut-CACNA1H-1","Ex_CACNA1H_LHX9",0.808833525989461
"_CTCAGGGGTCGTTGGC-2","Glut-CACNA1H-1","Ex_CACNA1H_LHX9",0.774806988304073
"_CTCAGTCAGTCCCAAT-2","Glut-CACNA1H-1","Ex_CACNA1H_LHX9",0.681167252867803
"_CTCATCGAGAAGGGAT-2","Glut-CACNA1H-1","Ex_CACNA1H_LHX9",0.764676770535863
"_CTCATCGTCTCGTGAA-2","Glut-CACNA1H-3","Ex_CACNA1H_LHX9",0.664717823611653
"_CTCATGCAGCGCCGTT-2","Glut-CACNA1H-3","Ex_CACNA1H_LHX9",0.647720657154985
"_CTCATGCAGCGTCTCG-2","Glut-DACH2-1","Ex_DACH2_MGAT4C",0.281853691786838
"_CTCATGCAGTCTCTGA-2","Glut-CACNA1H-4","Ex_CACNA1H_LHX9",0.796676704950526
"_CTCATGCGTAGTGCGA-2","Glut-CACNA1H-1","Ex_CACNA1H_LHX9",0.660581828737166
"_CTCATGCTCTACGCAA-2","Glut-CACNA1H-1","Ex_CACNA1H_LHX9",0.735113800828741
"_CTCATTATCGTCGCTT-2","Glut-CACNA1H-1","Ex_CACNA1H_LHX9",0.684410958226734
"_CTCCAACAGACCTCCG-2","Glut-CACNA1H-1","Ex_CACNA1H_LHX9",0.802698939329094
"_CTCCAACGTCCGGTGT-2","Glut-CACNA1H-2","Ex_CACNA1H_LHX9",0.665040159935354
"_CTCCACAGTTCTTGTT-2","Glut-DACH2-1","Ex_DACH2_GRIK4",0.242771838000169
"_CTCCACATCGAAATCC-2","Glut-CACNA1H-3","Ex_CACNA1H_LHX9",0.819451780208166
"_CTCCCAACACTGGAAG-2","Glut-CACNA1H-2","Ex_CACNA1H_LHX9",0.727734051572135
"_CTCCCTCAGCCATCCG-2","Glut-CACNA1H-1","Ex_CACNA1H_LHX9",0.63741830711808
"_CTCCCTCCATGGCTAT-2","Glut-CACNA1H-1","Ex_CACNA1H_LHX9",0.799733620209341
"_CTCCCTCGTACGTTCA-2","Glut-CACNA1H-2","Ex_CACNA1H_LHX9",0.795597927198119
"_CTCCCTCGTCGGAACA-2","Glut-CACNA1H-2","Ex_CACNA1H_LHX9",0.727718679466799
"_CTCCGATAGGTGGCTA-2","Glut-CACNA1H-3","Ex_CACNA1H_LHX9",0.530000536090636
"_CTCCGATGTATTCCGA-2","Glut-CACNA1H-2","Ex_DACH2_NR4A3",0.391146897241291
"_CTCCGATTCACCCTGT-2","Glut-CACNA1H-2","Ex_CACNA1H_LHX9",0.593790348416462
"_CTCCTCCAGGCATCGA-2","Glut-CACNA1H-1","Ex_CACNA1H_LHX9",0.805312521925744
"_CTCCTTTAGTTGTCAC-2","Glut-CACNA1H-4","Ex_CACNA1H_LHX9",0.685501389647322
"_CTCCTTTTCATTCTTG-2","Glut-CACNA1H-2","Ex_CACNA1H_LHX9",0.778745215756665
"_CTCGAGGCAATCCAGT-2","Glut-CACNA1H-2","Ex_CACNA1H_LHX9",0.683564011731897
"_CTCGAGGGTATGGAGC-2","Glut-CACNA1H-1","Ex_CACNA1H_LHX9",0.714058725213915
"_CTCTCAGAGAGCATTA-2","Glut-CACNA1H-1","Ex_CACNA1H_LHX9",0.825639775034144
"_CTCTCAGGTCATCCGG-2","Glut-CACNA1H-3","Ex_CACNA1H_LHX9",0.717301354697797
"_CTCTCGAGTCTGATAC-2","Glut-CACNA1H-3","Ex_CACNA1H_LHX9",0.784069416679036
"_CTCTGGTAGGTGGCTA-2","Glut-CACNA1H-3","Ex_CACNA1H_LHX9",0.762764011329978
"_CTCTGGTGTCTGTAGT-2","Glut-CACNA1H-3","Ex_CACNA1H_LHX9",0.775497367507911
"_CTCTGGTGTTCGGTTA-2","Glut-CACNA1H-4","Ex_CACNA1H_LHX9",0.833541622520298
"_CTGAATGCAGAGGAAA-2","Glut-CACNA1H-4","Ex_CACNA1H_LHX9",0.748053790682351
"_CTGAGCGAGACAACAT-2","Glut-CACNA1H-2","Ex_CACNA1H_LHX9",0.629247499186232
"_CTGAGCGGTATGATCC-2","Glut-CACNA1H-1","Ex_CACNA1H_LHX9",0.839873498519671
"_CTGAGCGGTTATTCTC-2","Glut-CACNA1H-1","Ex_CACNA1H_LHX9",0.730670582410571
"_CTGAGGCCAACACAAA-2","Glut-CACNA1H-1","Ex_CACNA1H_LHX9",0.844164067271744
"_CTGAGGCCACGTAGTT-2","Glut-CACNA1H-3","Ex_CACNA1H_LHX9",0.543348038849563
"_CTGATCCAGGGACACT-2","Glut-CACNA1H-4","Ex_CACNA1H_LHX9",0.559506025397459
"_CTGATCCCAAGCACCC-2","Glut-CACNA1H-2","Ex_CACNA1H_LHX9",0.64183050245586
"_CTGATCCGTATCAGCT-2","Glut-CACNA1H-1","Ex_CACNA1H_LHX9",0.833371028191375
"_CTGCAGGCACGATTCA-2","Glut-CACNA1H-3","Ex_CACNA1H_LHX9",0.591801327921386
"_CTGCAGGCAGAAATCA-2","Glut-CACNA1H-1","Ex_CACNA1H_LHX9",0.777279794225277
"_CTGCCTAGTCTTACAG-2","Glut-CACNA1H-4","Ex_CACNA1H_LHX9",0.817651548227881
"_CTGCGAGCAACGACAG-2","Glut-CACNA1H-1","Ex_CACNA1H_LHX9",0.792347504173797
"_CTGCGAGTCATTACTC-2","Glut-CACNA1H-3","Ex_CACNA1H_LHX9",0.525157308747466
"_CTGCTCACAGCAGTCC-2","Glut-CACNA1H-2","Ex_CACNA1H_LHX9",0.632966774772529
"_CTGCTCAGTCTTCATT-2","Glut-CACNA1H-1","Ex_CACNA1H_LHX9",0.772611769858574
"_CTGCTCATCATACGAC-2","Glut-CACNA1H-2","Ex_CACNA1H_LHX9",0.545517153755788
"_CTGCTCATCTTTCGAT-2","Glut-CACNA1H-1","Ex_CACNA1H_LHX9",0.788059930734957
"_CTGGCAGCAATTTCTC-2","Glut-CACNA1H-1","Ex_CACNA1H_LHX9",0.750070390844625
"_CTGGCAGGTTGGCCTG-2","Glut-CACNA1H-2","Ex_CACNA1H_LHX9",0.700326556929046
"_CTGGCAGTCGCGCTGA-2","Glut-CACNA1H-3","Ex_CACNA1H_LHX9",0.660967574102824
"_CTGTACCGTCTTGAAC-2","Glut-CACNA1H-2","Ex_CACNA1H_LHX9",0.767246740852447
"_CTGTAGAGTTTCGTAG-2","Glut-CACNA1H-1","Ex_CACNA1H_LHX9",0.812896998815264
"_CTGTCGTGTACTCCCT-2","Glut-CACNA1H-3","Ex_CACNA1H_LHX9",0.63087722475274
"_CTGTGAACACTGCTTC-2","Glut-CACNA1H-4","Ex_CACNA1H_LHX9",0.699187921503167
"_CTGTGAAGTCTCGACG-2","Glut-CACNA1H-3","Ex_CACNA1H_LHX9",0.771877828097343
"_CTGTGAAGTGTTCGTA-2","Glut-CACNA1H-2","Ex_CACNA1H_LHX9",0.723465228023591
"_CTGTGGGAGAAGGCTC-2","Glut-CACNA1H-2","Ex_DACH2_NR4A3",0.37982633723324
"_CTGTGGGAGTGCAGGT-2","Glut-CACNA1H-4","Ex_CACNA1H_LHX9",0.80419900436467
"_CTGTGGGCAGGCATGA-2","Glut-CACNA1H-1","Ex_CACNA1H_LHX9",0.759834168413937
"_CTGTGGGGTAATTGGA-2","Glut-CACNA1H-2","Ex_CACNA1H_LHX9",0.763225060907091
"_CTGTGGGGTACAGCGA-2","Glut-DACH2-1","Ex_DACH2_NR4A3",0.245606226382065
"_CTTACCGAGCTTCGTA-2","Glut-DACH2-1","Ex_DACH2_GRIK4",0.409282043707708
"_CTTACCGCATCTCGTC-2","Glut-CACNA1H-2","Ex_DACH2_NR4A3",0.327597195657605
"_CTTACCGGTCGTCATA-2","Glut-CACNA1H-2","Ex_CACNA1H_LHX9",0.71428815136775
"_CTTACCGGTTCGTACA-2","Glut-CACNA1H-3","Ex_CACNA1H_LHX9",0.767550607159915
"_CTTAGGAAGGACTATA-2","Glut-CACNA1H-2","Ex_CACNA1H_LHX9",0.740776373504231
"_CTTAGGAGTGAATGTA-2","Glut-CACNA1H-2","Ex_CACNA1H_LHX9",0.681960921795737
"_CTTAGGAGTTCAGCTA-2","Glut-CACNA1H-1","Ex_CACNA1H_LHX9",0.807976951024354
"_CTTCCGAAGGTCGCCT-2","Glut-CACNA1H-1","Ex_CACNA1H_LHX9",0.813927567524063
"_CTTCCGACAGCTATTG-2","Glut-CACNA1H-2","Ex_CACNA1H_LHX9",0.538867119326781
"_CTTCGGTAGGCGCTTC-2","Glut-CACNA1H-3","Ex_CACNA1H_LHX9",0.772674292877768
"_CTTCGGTGTAGTCTGT-2","Glut-CACNA1H-1","Ex_CACNA1H_LHX9",0.760330717967723
"_CTTCTAAAGCTGCCAC-2","Glut-CACNA1H-2","Ex_CACNA1H_LHX9",0.831144601171939
"_CTTCTAAAGTCTCTGA-2","Glut-CACNA1H-2","Ex_CACNA1H_LHX9",0.640664223391963
"_CTTCTAATCCGGTAAT-2","Glut-CACNA1H-1","Ex_CACNA1H_LHX9",0.818194943882232
"_CTTCTCTGTACGCGTC-2","Glut-CACNA1H-1","Ex_CACNA1H_LHX9",0.69057249105172
"_CTTCTCTGTGCAGGAT-2","Glut-DACH2-1","Ex_DACH2_MGAT4C",0.277575266491158
"_CTTCTCTGTTACAGCT-2","Glut-CACNA1H-1","Ex_CACNA1H_LHX9",0.839986959558874
"_CTTGAGAAGTCTTCGA-2","Glut-CACNA1H-1","Ex_CACNA1H_LHX9",0.699293282668461
"_CTTGAGAGTGGCCCAT-2","Glut-CACNA1H-3","Ex_CACNA1H_LHX9",0.784784539068733
"_CTTGATTAGGAAAGTG-2","Glut-CACNA1H-3","Ex_CACNA1H_LHX9",0.788088416140952
"_CTTGATTCACCTGATA-2","Glut-CACNA1H-1","Ex_CACNA1H_LHX9",0.807886331760139
"_CTTGATTGTAGTTAGA-2","Glut-CACNA1H-1","Ex_CACNA1H_LHX9",0.832329233006423
"_CTTGATTGTCTGCATA-2","Glut-CACNA1H-3","Ex_CACNA1H_LHX9",0.710217883326062
"_CTTTCAAAGAGTATAC-2","Glut-CACNA1H-4","Ex_CACNA1H_LHX9",0.839439078889498
"_CTTTCAAAGGCATCTT-2","Glut-CACNA1H-2","Ex_CACNA1H_LHX9",0.782316677442188
"_CTTTCAAGTCGTTGCG-2","Glut-CACNA1H-4","Ex_CACNA1H_LHX9",0.766566870171138
"_CTTTCGGAGATGCTAA-2","Glut-CACNA1H-2","Ex_CACNA1H_LHX9",0.685048436591503
"_CTTTCGGAGGCAGGTT-2","Glut-CACNA1H-2","Ex_CACNA1H_LHX9",0.769133568228239
"_CTTTCGGCAGCAGTTT-2","Glut-DACH2-1","Ex_DACH2_SLIT2",0.389665566421239
"_CTTTCGGTCGAGAACG-2","Glut-CACNA1H-2","Ex_CACNA1H_LHX9",0.589126275951213
"_GAAACCTTCTAAGAAG-2","Glut-CACNA1H-3","Ex_CACNA1H_LHX9",0.585578330021336
"_GAACACTAGTCACGCC-2","Glut-CACNA1H-1","Ex_CACNA1H_LHX9",0.812610013798066
"_GAACACTAGTGACACG-2","Glut-CACNA1H-2","Ex_CACNA1H_LHX9",0.678171900929338
"_GAACACTGTTGCTTGA-2","Glut-CACNA1H-2","Ex_CACNA1H_LHX9",0.735540971250089
"_GAACGTTCACGTAGTT-2","Glut-CACNA1H-2","Ex_CACNA1H_LHX9",0.726927329822838
"_GAACTGTAGAAGGTAG-2","Glut-CACNA1H-1","Ex_CACNA1H_LHX9",0.801832206108644
"_GAACTGTAGCGGGTTA-2","Glut-CACNA1H-1","Ex_CACNA1H_LHX9",0.74975711723612
"_GAACTGTGTTCGTACA-2","Glut-CACNA1H-1","Ex_CACNA1H_LHX9",0.705920927710283
"_GAACTGTTCGGTCTAA-2","Glut-CACNA1H-2","Ex_CACNA1H_LHX9",0.503223969874323
"_GAAGAATCAACTGCCG-2","Glut-CACNA1H-1","Ex_CACNA1H_LHX9",0.802921196929322
"_GAAGAATGTCTCGGAC-2","Glut-CACNA1H-1","Ex_CACNA1H_LHX9",0.815522617463108
"_GAAGAATGTTACCCAA-2","Glut-CACNA1H-2","Ex_CACNA1H_LHX9",0.751803567173225
"_GAAGAATTCGTGTCAA-2","Glut-CACNA1H-3","Ex_CACNA1H_LHX9",0.638421695448532
"_GAAGCCCCAGGGAGAG-2","Glut-CACNA1H-2","Ex_CACNA1H_LHX9",0.650720837680362
"_GAAGCCCGTCTTGAGT-2","Glut-CACNA1H-4","Ex_CACNA1H_LHX9",0.669925180724872
"_GAAGCCCGTTTCACTT-2","Glut-CACNA1H-2","Ex_CACNA1H_LHX9",0.642163671271584
"_GAAGCCCTCTCTCAAT-2","Glut-CACNA1H-1","Ex_CACNA1H_LHX9",0.783875726891268
"_GAAGCGAAGGCGATAC-2","Glut-CACNA1H-1","Ex_CACNA1H_LHX9",0.81866204915488
"_GAAGGACGTTCTCCCA-2","Glut-CACNA1H-3","Ex_CACNA1H_LHX9",0.804103912912395
"_GAAGGGTAGAGGATCC-2","Glut-CACNA1H-4","Ex_CACNA1H_LHX9",0.827599175769811
"_GAAGGGTCACGGCCAT-2","Glut-CACNA1H-1","Ex_CACNA1H_LHX9",0.814361649865615
"_GAAGGGTCACTAGGCC-2","Glut-CACNA1H-3","Ex_CACNA1H_LHX9",0.760545066791234
"_GAAGGGTCATAATGCC-2","Glut-CACNA1H-2","Ex_CACNA1H_LHX9",0.772090956679927
"_GAAGGGTGTACTTGTG-2","Glut-CACNA1H-2","Ex_CACNA1H_LHX9",0.745997273238642
"_GAAGTAATCTTCGTAT-2","Glut-CACNA1H-1","Ex_CACNA1H_LHX9",0.786023607689923
"_GAATAGACAGGTAGTG-2","Glut-CACNA1H-1","Ex_CACNA1H_LHX9",0.748632554600598
"_GAATAGAGTCTGTCCT-2","Glut-CACNA1H-2","Ex_CACNA1H_LHX9",0.730096292551395
"_GAATAGAGTGACACAG-2","Glut-CACNA1H-1","Ex_CACNA1H_LHX9",0.82053298586558
"_GAATAGAGTTTAGACC-2","Glut-DACH2-4","Ex_DACH2_ITGA9",0.387559754383564
"_GAATCACCAATCGTCA-2","Glut-CACNA1H-2","Ex_CACNA1H_LHX9",0.271987704060137
"_GAATCGTAGAGGGCGA-2","Glut-CACNA1H-2","Ex_DACH2_NR4A3",0.414473324463491
"_GAATCGTAGATGAATC-2","Glut-CACNA1H-4","Ex_CACNA1H_LHX9",0.821008267831671
"_GAATCGTGTCTGTGAT-2","Glut-CACNA1H-1","Ex_CACNA1H_LHX9",0.791407515061403
"_GACACGCTCCTGTAGA-2","Glut-CACNA1H-3","Ex_CACNA1H_LHX9",0.793536268880564
"_GACAGCCAGGATATAC-2","Glut-CACNA1H-2","Ex_CACNA1H_LHX9",0.666826792887838
"_GACAGCCAGGCCCACT-2","Glut-CACNA1H-4","Ex_CACNA1H_LHX9",0.703913764788927
"_GACAGCCAGGGCTTCC-2","Glut-CACNA1H-1","Ex_CACNA1H_LHX9",0.834303232518513
"_GACAGCCCACGCGCTA-2","Glut-CACNA1H-1","Ex_CACNA1H_LHX9",0.618396499043508
"_GACAGCCGTCATGCAT-2","Glut-CACNA1H-1","Ex_CACNA1H_LHX9",0.798177075553518
"_GACATCAAGTAAGACT-2","Glut-CACNA1H-1","Ex_CACNA1H_LHX9",0.788205431754995
"_GACATCACACGACGAA-2","Glut-CACNA1H-1","Ex_CACNA1H_LHX9",0.682880130386323
"_GACCAATGTGATACCT-2","Glut-CACNA1H-2","Ex_CACNA1H_LHX9",0.717627033817348
"_GACCAATTCAGAGCGA-2","Glut-CACNA1H-3","Ex_CACNA1H_LHX9",0.543536933463358
"_GACCCAGCATCGTGCG-2","Glut-CACNA1H-2","Ex_CACNA1H_LHX9",0.695914273429281
"_GACCCAGGTTAAGACA-2","Glut-CACNA1H-2","Ex_CACNA1H_LHX9",0.669763224139908
"_GACCCAGTCGCGCCAA-2","Glut-CACNA1H-1","Ex_CACNA1H_LHX9",0.804522325919495
"_GACCCTTAGCGCATCC-2","Glut-CACNA1H-1","Ex_CACNA1H_LHX9",0.800729884503471
"_GACCCTTTCCATCTAT-2","Glut-CACNA1H-2","Ex_CACNA1H_LHX9",0.701449963399388
"_GACCGTGAGTAGGGTC-2","Glut-CACNA1H-4","Ex_CACNA1H_LHX9",0.793386363633207
"_GACCGTGGTACCCACG-2","Glut-CACNA1H-2","Ex_CACNA1H_LHX9",0.68362488120266
"_GACCGTGGTTCCACAA-2","Glut-CACNA1H-3","Ex_CACNA1H_LHX9",0.793856681160965
"_GACCGTGTCTTTCCAA-2","Glut-CACNA1H-3","Ex_CACNA1H_LHX9",0.79158031893455
"_GACCTTCTCTAAGAAG-2","Glut-CACNA1H-3","Ex_CACNA1H_LHX9",0.77384087245994
"_GACGCTGGTACGGTTT-2","Glut-CACNA1H-2","Ex_CACNA1H_LHX9",0.614365564431221
"_GACGCTGGTAGCTGTT-2","Glut-CACNA1H-1","Ex_CACNA1H_LHX9",0.669193382525068
"_GACGCTGGTGTTCAGT-2","Glut-CACNA1H-2","Ex_CACNA1H_LHX9",0.789112732133959
"_GACGCTGTCAAGCCAT-2","Glut-CACNA1H-3","Ex_CACNA1H_LHX9",0.70275565460099
"_GACGCTGTCCACCTGT-2","Glut-CACNA1H-1","Ex_CACNA1H_LHX9",0.759611703191791
"_GACGCTGTCTAAGCGT-2","Glut-CACNA1H-2","Ex_CACNA1H_LHX9",0.759265188212123
"_GACGTTAAGGCGAAGG-2","Glut-CACNA1H-3","Ex_CACNA1H_LHX9",0.750930163194615
"_GACGTTAGTATCTCGA-2","Glut-CACNA1H-2","Ex_CACNA1H_LHX9",0.604015965224813
"_GACTATGAGATGTAGT-2","Glut-CACNA1H-1","Ex_CACNA1H_LHX9",0.816839021084236
"_GACTATGGTACAGAAT-2","Glut-CACNA1H-3","Ex_CACNA1H_LHX9",0.614260821960313
"_GACTCAAAGCTACAAA-2","Glut-CACNA1H-2","Ex_CACNA1H_LHX9",0.603687565343575
"_GACTCAAAGTACCGGA-2","Glut-CACNA1H-1","Ex_CACNA1H_LHX9",0.808026651011634
"_GACTCAAAGTCAGCGA-2","Glut-CACNA1H-4","Ex_CACNA1H_LHX9",0.852662026818548
"_GACTCAAAGTGCAGCA-2","Glut-CACNA1H-1","Ex_CACNA1H_LHX9",0.792129683050368
"_GACTCTCCATCAGCAT-2","Glut-CACNA1H-2","Ex_CACNA1H_LHX9",0.768677110494303
"_GACTGATTCTTACCAT-2","Glut-CACNA1H-1","Ex_CACNA1H_LHX9",0.814650628315664
"_GACTTCCCAGTTGTTG-2","Glut-CACNA1H-2","Ex_DACH2_NR4A3",0.353755937840032
"_GAGAAATAGCGTGCTC-2","Glut-CACNA1H-2","Ex_CACNA1H_LHX9",0.675798996090333
"_GAGAAATTCATCTCTA-2","Glut-CACNA1H-1","Ex_CACNA1H_LHX9",0.7620453444524
"_GAGACCCAGAGCGACT-2","Glut-CACNA1H-4","Ex_CACNA1H_LHX9",0.691006776875537
"_GAGACTTAGGTACCTT-2","Glut-CACNA1H-1","Ex_CACNA1H_LHX9",0.804633748651995
"_GAGACTTAGGTCCCTG-2","Glut-CACNA1H-3","Ex_CACNA1H_LHX9",0.664512476005358
"_GAGACTTGTCATCCCT-2","Glut-CACNA1H-2","Ex_CACNA1H_LHX9",0.735347396266261
"_GAGACTTTCGAAGGAC-2","Glut-CACNA1H-1","Ex_CACNA1H_LHX9",0.807008987134313
"_GAGAGGTAGGTTCCAT-2","Glut-CACNA1H-4","Ex_CACNA1H_LHX9",0.350105963716956
"_GAGAGGTCATATAGCC-2","Glut-DACH2-1","Ex_DACH2_ITGA9",0.287549354694436
"_GAGATGGAGTGGATTA-2","Glut-CACNA1H-3","Ex_CACNA1H_LHX9",0.756965362763716
"_GAGATGGGTGGCCCAT-2","Glut-CACNA1H-3","Ex_CACNA1H_LHX9",0.838453154758695
"_GAGCCTGGTCGTCGGT-2","Glut-CACNA1H-1","Ex_CACNA1H_LHX9",0.789272784734882
"_GAGCTGCAGGGAGTGG-2","Glut-CACNA1H-3","Ex_CACNA1H_LHX9",0.648629765594073
"_GAGGCAAAGACAACAT-2","Glut-CACNA1H-3","Ex_CACNA1H_LHX9",0.801428462108374
"_GAGGCAAAGGATGGCT-2","Glut-CACNA1H-2","Ex_CACNA1H_LHX9",0.772243207616681
"_GAGGCAATCAAGTTGC-2","Glut-CACNA1H-1","Ex_CACNA1H_LHX9",0.769283768118757
"_GAGGGATGTGACACGA-2","Glut-CACNA1H-3","Ex_CACNA1H_LHX9",0.72960524758698
"_GAGGGATTCCGGCTTT-2","Glut-CACNA1H-3","Ex_CACNA1H_LHX9",0.829366403779255
"_GAGGGATTCTATACTC-2","Glut-CACNA1H-4","Ex_CACNA1H_LHX9",0.681315283329739
"_GAGGGTACACATTCTT-2","Glut-CACNA1H-2","Ex_CACNA1H_LHX9",0.595639062180195
"_GAGTCATTCTCGTCAC-2","Glut-CACNA1H-2","Ex_CACNA1H_LHX9",0.742374881335062
"_GAGTGAGAGGATTCCT-2","Glut-CACNA1H-2","Ex_CACNA1H_LHX9",0.772665654842137
"_GAGTGAGCATCAGCGC-2","Glut-CACNA1H-2","Ex_CACNA1H_LHX9",0.766194543761615
"_GAGTGAGCATCTCGTC-2","Glut-CACNA1H-3","Ex_CACNA1H_LHX9",0.753856977596786
"_GAGTGAGCATCTTAGG-2","Glut-CACNA1H-3","Ex_CACNA1H_LHX9",0.66552271631529
"_GAGTGAGGTGCAGTGA-2","Glut-CACNA1H-2","Ex_CACNA1H_LHX9",0.777076367533393
"_GAGTGAGTCGAGATGG-2","Glut-CACNA1H-2","Ex_CACNA1H_LHX9",0.758870710353639
"_GAGTGAGTCTGAGAGG-2","Glut-CACNA1H-2","Ex_CACNA1H_LHX9",0.602668444478432
"_GAGTGTTCACTCATAG-2","Glut-CACNA1H-1","Ex_CACNA1H_LHX9",0.803521654759247
"_GAGTTACAGCATCTTG-2","Glut-CACNA1H-2","Ex_CACNA1H_LHX9",0.382296664195535
"_GAGTTACAGTCTAGAA-2","Glut-CACNA1H-1","Ex_CACNA1H_LHX9",0.810728274124015
"_GAGTTACCAGGCTATT-2","Glut-CACNA1H-1","Ex_CACNA1H_LHX9",0.773074766292887
"_GAGTTGTAGTGCGACA-2","Glut-CACNA1H-3","Ex_CACNA1H_LHX9",0.821781842009064
"_GAGTTGTGTCGTACTA-2","Glut-CACNA1H-3","Ex_CACNA1H_LHX9",0.841802833120538
"_GAGTTGTGTGCCGAAA-2","Glut-CACNA1H-1","Ex_CACNA1H_LHX9",0.800164415436887
"_GAGTTTGCATTAGGAA-2","Glut-CACNA1H-1","Ex_CACNA1H_LHX9",0.722929001282759
"_GAGTTTGGTGTTAAAG-2","Glut-CACNA1H-3","Ex_CACNA1H_LHX9",0.737405219833523
"_GATAGAAGTAGCGAGT-2","Glut-CACNA1H-3","Ex_CACNA1H_LHX9",0.665836023694541
"_GATAGAAGTCCGTACG-2","Glut-CACNA1H-2","Ex_CACNA1H_LHX9",0.782097206620613
"_GATAGAATCCACTGGG-2","Glut-CACNA1H-2","Ex_CACNA1H_LHX9",0.735710724254159
"_GATAGCTAGACCGTTT-2","Glut-CACNA1H-3","Ex_CACNA1H_LHX9",0.777406421856521
"_GATCACACATATACCG-2","Glut-CACNA1H-2","Ex_CACNA1H_LHX9",0.767700506977357
"_GATCACACATCGGTTA-2","Glut-CACNA1H-2","Ex_CACNA1H_LHX9",0.778311823185199
"_GATCACAGTACGGTTT-2","Glut-CACNA1H-3","Ex_CACNA1H_LHX9",0.680675894952688
"_GATCAGTAGGAACGTC-2","Glut-CACNA1H-1","Ex_CACNA1H_LHX9",0.795294789173645
"_GATCAGTCATCGTGCG-2","Glut-CACNA1H-3","Ex_CACNA1H_LHX9",0.626000764157636
"_GATCAGTGTGAAAGTT-2","Glut-CACNA1H-3","Ex_CACNA1H_LHX9",0.740440492434978
"_GATCATGAGACCACGA-2","Glut-CACNA1H-2","Ex_CACNA1H_LHX9",0.424121730818309
"_GATCCCTCAGCTCTGG-2","Glut-CACNA1H-3","Ex_CACNA1H_LHX9",0.77996639286331
"_GATCGTAAGACATCCT-2","Glut-CACNA1H-4","Ex_CACNA1H_LHX9",0.56906102701722
"_GATCGTAAGGAGAGGC-2","Glut-CACNA1H-1","Ex_CACNA1H_LHX9",0.782905752763324
"_GATCGTAGTGGATACG-2","Glut-CACNA1H-3","Ex_CACNA1H_LHX9",0.802622220106793
"_GATGACTAGAGTGGCT-2","Glut-CACNA1H-3","Ex_CACNA1H_LHX9",0.810551661068501
"_GATGACTCAAGGTCAG-2","Glut-CACNA1H-2","Ex_CACNA1H_LHX9",0.769972810120373
"_GATGACTTCAAACGTC-2","Glut-CACNA1H-1","Ex_CACNA1H_LHX9",0.825778608281649
"_GATGAGGCAAACTAAG-2","Glut-CACNA1H-2","Ex_CACNA1H_LHX9",0.692430115050265
"_GATGAGGGTCAAATCC-2","Glut-CACNA1H-2","Ex_CACNA1H_LHX9",0.386173207135631
"_GATGCTAAGAGATGCC-2","Glut-CACNA1H-3","Ex_CACNA1H_LHX9",0.500198650833481
"_GATGCTAAGGGTTGCA-2","Glut-CACNA1H-2","Ex_CACNA1H_LHX9",0.687348997148668
"_GATGGAGAGGCCTGAA-2","Glut-CACNA1H-3","Ex_CACNA1H_LHX9",0.639857346160573
"_GATGGAGTCAGCGGAA-2","Glut-CACNA1H-3","Ex_CACNA1H_LHX9",0.824463811308164
"_GATGTTGGTAGTGCGA-2","Glut-CACNA1H-1","Ex_CACNA1H_LHX9",0.786104289926519
"_GATGTTGGTCGCCTAG-2","Glut-CACNA1H-3","Ex_CACNA1H_LHX9",0.796731842183038
"_GATGTTGTCGTTCAGA-2","Glut-CACNA1H-3","Ex_CACNA1H_LHX9",0.726519389890792
"_GATTCGACAATCTCGA-2","Glut-CACNA1H-1","Ex_CACNA1H_LHX9",0.452784548018117
"_GATTCGACAGAAGTGC-2","Glut-CACNA1H-3","Ex_CACNA1H_LHX9",0.801431525806224
"_GATTCTTAGCTTACGT-2","Glut-CACNA1H-1","Ex_CACNA1H_LHX9",0.794070506774429
"_GATTCTTCAAACGTGG-2","Glut-CACNA1H-2","Ex_CACNA1H_LHX9",0.711522067500829
"_GATTGGTGTCACAGAG-2","Glut-CACNA1H-3","Ex_CACNA1H_LHX9",0.681067428990593
"_GATTTCTCACATGACT-2","Glut-CACNA1H-1","Ex_CACNA1H_LHX9",0.779373984634384
"_GATTTCTGTGTTCCAA-2","Glut-CACNA1H-3","Ex_CACNA1H_LHX9",0.768357319687678
"_GCAACATAGAGGCGGA-2","Glut-CACNA1H-1","Ex_CACNA1H_LHX9",0.422272993545089
"_GCAACATAGTAGTCAA-2","Glut-CACNA1H-3","Ex_CACNA1H_LHX9",0.772393618909629
"_GCAACATGTAGTTACC-2","Glut-CACNA1H-2","Ex_CACNA1H_LHX9",0.664171260009437
"_GCAACATGTTGGGCCT-2","Glut-CACNA1H-1","Ex_CACNA1H_LHX9",0.573518371518776
"_GCAACCGTCCGCCTAT-2","Glut-DACH2-1","Ex_DACH2_GRIK4",0.294719281725262
"_GCACATAAGAGTCGAC-2","Glut-CACNA1H-1","Ex_CACNA1H_LHX9",0.801826189020486
"_GCACATATCTGTCTCG-2","Glut-CACNA1H-1","Ex_CACNA1H_LHX9",0.82118494565356
"_GCACGGTAGCACTTTG-2","Glut-CACNA1H-3","Ex_CACNA1H_LHX9",0.790898150820283
"_GCACGGTAGGTGCTTT-2","Glut-CACNA1H-3","Ex_CACNA1H_LHX9",0.305411425118621
"_GCACGGTCACGACGAA-2","Glut-CACNA1H-3","Ex_CACNA1H_LHX9",0.730376133606796
"_GCACGGTGTTTCCAAG-2","Glut-DACH2-1","Ex_DACH2_ITGA9",0.214114181566073
"_GCACGGTTCATTTCGT-2","Glut-CACNA1H-RA","Ex_CACNA1H_LHX9",0.773302864154927
"_GCACGGTTCGCGGTAC-2","Glut-CACNA1H-2","Ex_CACNA1H_LHX9",0.797856644737347
"_GCACGTGCAGCCGGTT-2","Glut-CACNA1H-2","Ex_CACNA1H_LHX9",0.771127678418472
"_GCAGCCATCCTTCTAA-2","Glut-CACNA1H-2","Ex_CACNA1H_LHX9",0.693318257230019
"_GCAGCTGAGGGAGGTG-2","Glut-CACNA1H-2","Ex_CACNA1H_LHX9",0.668603105248958
"_GCAGCTGAGGGCGAGA-2","Glut-CACNA1H-4","Ex_CACNA1H_LHX9",0.83807722436753
"_GCAGCTGAGTAGGAAG-2","Glut-CACNA1H-4","Ex_CACNA1H_LHX9",0.82900804020269
"_GCAGCTGAGTCGGGAT-2","Glut-CACNA1H-1","Ex_CACNA1H_LHX9",0.832820538654972
"_GCAGCTGCATACAGAA-2","Glut-CACNA1H-3","Ex_CACNA1H_LHX9",0.809888436378719
"_GCAGCTGGTTGCGGAA-2","Glut-CACNA1H-2","Ex_CACNA1H_LHX9",0.700111316677362
"_GCAGTTAGTTGTGCAT-2","Glut-CACNA1H-1","Ex_CACNA1H_LHX9",0.800598098027667
"_GCATCGGCAAGTGGCA-2","Glut-CACNA1H-3","Ex_CACNA1H_LHX9",0.731047858885068
"_GCATCGGGTATTCCTT-2","Glut-CACNA1H-1","Ex_CACNA1H_LHX9",0.654856926071682
"_GCATGATAGCCTATTG-2","Glut-CACNA1H-3","Ex_CACNA1H_LHX9",0.808199418301516
"_GCATTAGAGCGAGAAA-2","Glut-CACNA1H-2","Ex_CACNA1H_LHX9",0.679547354539667
"_GCATTAGCACCAATTG-2","Glut-DACH2-1","Ex_DACH2_MGAT4C",0.330803143463837
"_GCATTAGCACCGTGGT-2","Glut-CACNA1H-2","Ex_CACNA1H_LHX9",0.654588589702714
"_GCATTAGGTGTTACTG-2","Glut-CACNA1H-4","Ex_CACNA1H_LHX9",0.802420248146723
"_GCCAACGTCGAACGCC-2","Glut-CACNA1H-3","Ex_CACNA1H_LHX9",0.755632982411459
"_GCCAGCAGTATCGTGT-2","Glut-CACNA1H-3","Ex_CACNA1H_LHX9",0.778532641907773
"_GCCAGCATCGGATACT-2","Glut-CACNA1H-2","Ex_CACNA1H_LHX9",0.62984344728844
"_GCCAGGTAGAAACTGT-2","Glut-CACNA1H-4","Ex_DACH2_SLIT2",0.337863590534655
"_GCCAGGTCAATACAGA-2","Glut-CACNA1H-2","Ex_CACNA1H_LHX9",0.71869634683218
"_GCCAGGTCACTTTATC-2","Glut-CACNA1H-1","Ex_CACNA1H_LHX9",0.788796248540432
"_GCCAGGTTCCGCTTAC-2","Glut-CACNA1H-1","Ex_CACNA1H_LHX9",0.813213615595121
"_GCCAGTGAGGTGCTGA-2","Glut-CACNA1H-2","Ex_CACNA1H_LHX9",0.655618624787369
"_GCCAGTGGTCGCGGTT-2","Glut-CACNA1H-1","Ex_CACNA1H_LHX9",0.708437588971781
"_GCCATGGGTTACGTAC-2","Glut-CACNA1H-1","Ex_CACNA1H_LHX9",0.822909404865983
"_GCCATGGTCATCACAG-2","Glut-CACNA1H-1","Ex_CACNA1H_LHX9",0.824154448330087
"_GCCATTCAGATGCCGA-2","Glut-CACNA1H-2","Ex_DACH2_NR4A3",0.441035037655755
"_GCCATTCCATCATCCC-2","Glut-CACNA1H-2","Ex_CACNA1H_LHX9",0.766411129659442
"_GCCCAGAAGAGCTGAC-2","Glut-CACNA1H-3","Ex_CACNA1H_LHX9",0.605657035751133
"_GCCCAGAAGGTCCCTG-2","Glut-CACNA1H-1","Ex_CACNA1H_LHX9",0.791998488213101
"_GCCGTGATCTTGAACG-2","Glut-CACNA1H-4","Ex_DACH2_SLIT2",0.543328052745638
"_GCCTGTTCATGAAGCG-2","Glut-CACNA1H-1","Ex_CACNA1H_LHX9",0.854869294702289
"_GCGAGAATCCTCACCA-2","Glut-CACNA1H-1","Ex_CACNA1H_LHX9",0.828265387262605
"_GCGATCGAGGAATTAC-2","Glut-CACNA1H-2","Ex_CACNA1H_LHX9",0.674068132861435
"_GCGATCGCATGATCTG-2","Glut-CACNA1H-2","Ex_CACNA1H_LHX9",0.727886828365957
"_GCGGATCAGAAGGTAG-2","Glut-CACNA1H-2","Ex_CACNA1H_LHX9",0.69906055077706
"_GCGGATCAGGCCTTCG-2","Glut-CACNA1H-2","Ex_CACNA1H_LHX9",0.433320403733083
"_GCGGATCCACCGTCGA-2","Glut-CACNA1H-3","Ex_CACNA1H_LHX9",0.765079940458792
"_GCGGATCCACCTCGTT-2","Glut-CACNA1H-1","Ex_CACNA1H_LHX9",0.821396869359433
"_GCGGATCCACGCTATA-2","Glut-CACNA1H-2","Ex_CACNA1H_LHX9",0.730078431266101
"_GCGGATCCATCCGGTG-2","Glut-CACNA1H-1","Ex_CACNA1H_LHX9",0.621856642000602
"_GCGGATCTCAGTGTCA-2","Glut-CACNA1H-2","Ex_CACNA1H_LHX9",0.738318120931188
"_GCGTGCACAATTGAAG-2","Glut-CACNA1H-2","Ex_CACNA1H_LHX9",0.752739633577253
"_GCGTGCATCGGATACT-2","Glut-CACNA1H-2","Ex_CACNA1H_LHX9",0.489500964476609
"_GCGTTTCAGATAACGT-2","Glut-CACNA1H-2","Ex_CACNA1H_LHX9",0.781554326099099
"_GCGTTTCCATAATGAG-2","Glut-CACNA1H-2","Ex_CACNA1H_LHX9",0.603749703415003
"_GCTACAACACAAATAG-2","Glut-CACNA1H-4","Ex_CACNA1H_LHX9",0.69730211266456
"_GCTACAACAGTCCCGA-2","Glut-CACNA1H-3","Ex_CACNA1H_LHX9",0.787012425738961
"_GCTACAATCGACGACC-2","Glut-CACNA1H-1","Ex_CACNA1H_LHX9",0.781937829813765
"_GCTACCTAGCATCAGG-2","Glut-CACNA1H-4","Ex_CACNA1H_LHX9",0.749884814273051
"_GCTACCTAGTCTTCCC-2","Glut-CACNA1H-1","Ex_CACNA1H_LHX9",0.775333345800159
"_GCTACCTGTTGCCAAT-2","Glut-CACNA1H-1","Ex_CACNA1H_LHX9",0.763810085426248
"_GCTGAATGTCTTCCGT-2","Glut-CACNA1H-2","Ex_CACNA1H_LHX9",0.691310134220478
"_GCTGAATTCCCGTTCA-2","Glut-CACNA1H-2","Ex_CACNA1H_LHX9",0.719576743960414
"_GCTGAATTCGATACGT-2","Glut-CACNA1H-1","Ex_CACNA1H_LHX9",0.837424728215898
"_GCTGAATTCGATTTCT-2","Glut-CACNA1H-2","Ex_CACNA1H_LHX9",0.697092141570651
"_GCTGAATTCTGCTAGA-2","Glut-CACNA1H-2","Ex_CACNA1H_LHX9",0.765440950451664
"_GCTGCAGAGAAGATCT-2","Glut-CACNA1H-2","Ex_CACNA1H_LHX9",0.686224918890135
"_GCTGCAGCAAGTTGGG-2","Glut-CACNA1H-2","Ex_CACNA1H_LHX9",0.693733951358517
"_GCTGCAGGTTGGACTT-2","Glut-CACNA1H-1","Ex_CACNA1H_LHX9",0.770698820267056
"_GCTGGGTCAGACAAGC-2","Glut-CACNA1H-3","Ex_CACNA1H_LHX9",0.806591998048061
"_GCTGGGTTCCATCTGC-2","Glut-CACNA1H-3","Ex_CACNA1H_LHX9",0.816540025724584
"_GCTTCACTCAAACGTC-2","Glut-CACNA1H-1","Ex_CACNA1H_LHX9",0.81488211727982
"_GCTTGGGGTCGGCCTA-2","Glut-CACNA1H-1","Ex_CACNA1H_LHX9",0.731950246348179
"_GCTTGGGGTGATGAAT-2","Glut-CACNA1H-1","Ex_CACNA1H_LHX9",0.802784117192568
"_GCTTGGGTCCGTAGTA-2","Glut-CACNA1H-2","Ex_CACNA1H_LHX9",0.737565321798992
"_GCTTTCGCATCGTTCC-2","Glut-CACNA1H-2","Ex_CACNA1H_LHX9",0.41729072428555
"_GCTTTCGTCCAGGACC-2","Glut-CACNA1H-2","Ex_CACNA1H_LHX9",0.623045145685207
"_GGAAGTGAGCAATAGT-2","Glut-CACNA1H-3","Ex_CACNA1H_LHX9",0.577190835001054
"_GGAAGTGCATACAGAA-2","Glut-CACNA1H-1","Ex_CACNA1H_LHX9",0.512316207930257
"_GGAAGTGGTCTTTCAT-2","Glut-CACNA1H-3","Ex_CACNA1H_LHX9",0.794734901912215
"_GGAATCTGTACTAAGA-2","Glut-CACNA1H-2","Ex_CACNA1H_LHX9",0.45382968071119
"_GGAATCTGTGGGAGAG-2","Glut-CACNA1H-3","Ex_CACNA1H_LHX9",0.661488503200936
"_GGACGTCAGATGCAGC-2","Glut-CACNA1H-2","Ex_CACNA1H_LHX9",0.687841109509244
"_GGAGAACAGTGCAAAT-2","Glut-CACNA1H-3","Ex_CACNA1H_LHX9",0.775631954267985
"_GGAGATGGTTAGGAGC-2","Glut-CACNA1H-1","Ex_CACNA1H_LHX9",0.804210230275386
"_GGAGCAATCAAGGTGG-2","Glut-CACNA1H-1","Ex_CACNA1H_LHX9",0.825762572345557
"_GGAGGATAGTCTACCA-2","Glut-CACNA1H-2","Ex_CACNA1H_LHX9",0.76402547327252
"_GGAGGATGTAAGATTG-2","Glut-CACNA1H-1","Ex_CACNA1H_LHX9",0.788015438258404
"_GGAGGATGTGTTTACG-2","Glut-CACNA1H-1","Ex_CACNA1H_LHX9",0.784386982408357
"_GGAGGTAAGTATGATG-2","Glut-CACNA1H-2","Ex_CACNA1H_LHX9",0.621758989180816
"_GGAGGTATCAAGGACG-2","Glut-CACNA1H-3","Ex_CACNA1H_LHX9",0.723715983664755
"_GGATCTAAGCCTGCCA-2","Glut-CACNA1H-1","Ex_CACNA1H_LHX9",0.806944536181753
"_GGATGTTAGCCTATCA-2","Glut-CACNA1H-2","Ex_CACNA1H_LHX9",0.7313490595778
"_GGATGTTAGGACTATA-2","Glut-CACNA1H-1","Ex_CACNA1H_LHX9",0.743525343085288
"_GGATGTTCAAAGCTAA-2","Glut-CACNA1H-4","Ex_CACNA1H_LHX9",0.567061597835082
"_GGATGTTGTGCATACT-2","Glut-CACNA1H-3","Ex_CACNA1H_LHX9",0.752054119867805
"_GGCACGTCAATACCTG-2","Glut-CACNA1H-3","Ex_CACNA1H_LHX9",0.372168152386481
"_GGCAGTCAGAGGGCGA-2","Glut-CACNA1H-3","Ex_CACNA1H_LHX9",0.819466788240915
"_GGCGTCAAGCTACTAC-2","Glut-CACNA1H-3","Ex_CACNA1H_LHX9",0.697528033638494
"_GGCGTCACACGACAGA-2","Glut-CACNA1H-1","Ex_CACNA1H_LHX9",0.763287561986895
"_GGCTGTGCACATTCTT-2","Glut-CACNA1H-2","Ex_CACNA1H_LHX9",0.750960672936249
"_GGCTGTGTCCCTGGTT-2","Glut-CACNA1H-2","Ex_CACNA1H_LHX9",0.781982475148434
"_GGCTTGGCACAATGTC-2","Glut-CACNA1H-1","Ex_CACNA1H_LHX9",0.748980685853493
"_GGCTTGGGTTAGTCGT-2","Glut-CACNA1H-2","Ex_CACNA1H_LHX9",0.5734556907037
"_GGCTTTCAGCTGCCAC-2","Glut-CACNA1H-4","Ex_CACNA1H_LHX9",0.831971132741535
"_GGCTTTCGTAAGCGGT-2","Glut-CACNA1H-3","Ex_CACNA1H_LHX9",0.5218244195046
"_GGGAAGTAGAGCTTTC-2","Glut-CACNA1H-2","Ex_CACNA1H_LHX9",0.751325786686263
"_GGGACAAGTACGTAGG-2","Glut-CACNA1H-3","Ex_CACNA1H_LHX9",0.795939302104749
"_GGGACCTCAGTGGCTC-2","Glut-CACNA1H-3","Ex_CACNA1H_LHX9",0.794066229526487
"_GGGACTCGTGAAGCTG-2","Glut-CACNA1H-1","Ex_CACNA1H_LHX9",0.765966810287958
"_GGGAGATAGTCGCCAC-2","Glut-CACNA1H-3","Ex_CACNA1H_LHX9",0.753904224095265
"_GGGAGATCACAACGCC-2","Glut-CACNA1H-3","Ex_CACNA1H_LHX9",0.791539917865059
"_GGGAGATGTTCTAACG-2","Glut-CACNA1H-3","Ex_CACNA1H_LHX9",0.783832794673638
"_GGGAGTAAGAGCACTG-2","Glut-CACNA1H-2","Ex_CACNA1H_LHX9",0.702302237179689
"_GGGAGTAAGGACAACC-2","Glut-CACNA1H-1","Ex_CACNA1H_LHX9",0.810374902772884
"_GGGAGTAGTACCCGAC-2","Glut-CACNA1H-3","Ex_CACNA1H_LHX9",0.704989831474778
"_GGGATCCCAGGCGTTC-2","Glut-CACNA1H-2","Ex_CACNA1H_LHX9",0.793656673522569
"_GGGATCCGTAGATCCT-2","Glut-CACNA1H-2","Ex_CACNA1H_LHX9",0.633775125258008
"_GGGATGAAGCTAGTTC-2","Glut-CACNA1H-2","Ex_CACNA1H_LHX9",0.689785538807655
"_GGGATGAGTGGTCTGC-2","Glut-CACNA1H-3","Ex_CACNA1H_LHX9",0.759213871779502
"_GGGATGAGTTACCCTC-2","Glut-CACNA1H-3","Ex_CACNA1H_LHX9",0.793135556946854
"_GGGCCATCAATCAGCT-2","Glut-CACNA1H-3","Ex_CACNA1H_LHX9",0.68897365562751
"_GGGCGTTAGCGATTCT-2","Glut-CACNA1H-3","Ex_CACNA1H_LHX9",0.707547839471794
"_GGGCTACAGCAAATCA-2","Glut-CACNA1H-1","Ex_CACNA1H_LHX9",0.702162365250124
"_GGGCTACCACGCGTCA-2","Glut-CACNA1H-3","Ex_CACNA1H_LHX9",0.752021886521274
"_GGGCTACCAGCGTAGA-2","Glut-CACNA1H-2","Ex_CACNA1H_LHX9",0.740750347411429
"_GGGCTCAGTTGCCAAT-2","Glut-CACNA1H-1","Ex_CACNA1H_LHX9",0.481975001259521
"_GGGTAGAAGCTTTCTT-2","Glut-CACNA1H-2","Ex_CACNA1H_LHX9",0.682453084549336
"_GGGTAGACATAGATCC-2","Glut-CACNA1H-1","Ex_CACNA1H_LHX9",0.781969123271157
"_GGGTAGAGTTGCTCGG-2","Glut-CACNA1H-1","Ex_CACNA1H_LHX9",0.844336503013684
"_GGGTAGATCATCTGTT-2","Glut-CACNA1H-4","Ex_CACNA1H_LHX9",0.763451265844193
"_GGGTATTTCGGTGCAC-2","Glut-CACNA1H-2","Ex_CACNA1H_LHX9",0.766077214396932
"_GGGTCACCATATACCG-2","Glut-CACNA1H-1","Ex_CACNA1H_LHX9",0.800980251325112
"_GGGTCACCATCACGGC-2","Glut-CACNA1H-1","Ex_CACNA1H_LHX9",0.819486279535639
"_GGGTCTGCAAGCCCAC-2","Glut-CACNA1H-1","Ex_CACNA1H_LHX9",0.783470676454874
"_GGGTGAACAAACCACT-2","Glut-CACNA1H-2","Ex_CACNA1H_LHX9",0.783982364672103
"_GGGTGAAGTTTCGGCG-2","Glut-CACNA1H-2","Ex_CACNA1H_LHX9",0.755126995321378
"_GGGTGTCAGAGCTTTC-2","Glut-CACNA1H-3","Ex_CACNA1H_LHX9",0.790993796010855
"_GGGTGTCTCATGAGGG-2","Glut-CACNA1H-2","Ex_CACNA1H_LHX9",0.723272662684055
"_GGGTGTCTCTGACCCT-2","Glut-CACNA1H-3","Ex_CACNA1H_LHX9",0.806447082978806
"_GGGTTATCATCTTAGG-2","Glut-CACNA1H-1","Ex_CACNA1H_LHX9",0.799340193833428
"_GGGTTTATCACATCAG-2","Glut-CACNA1H-1","Ex_CACNA1H_LHX9",0.810731154966768
"_GGTAATCGTGATACTC-2","Glut-CACNA1H-3","Ex_CACNA1H_LHX9",0.736155095120704
"_GGTAGAGAGTAGCTCT-2","Glut-CACNA1H-2","Ex_CACNA1H_LHX9",0.612026322068303
"_GGTAGAGGTTGTGTAC-2","Glut-CACNA1H-3","Ex_CACNA1H_LHX9",0.659233757013819
"_GGTAGAGTCCTCACGT-2","Glut-CACNA1H-1","Ex_CACNA1H_LHX9",0.797195541229344
"_GGTCACGCAGGCTTGC-2","Glut-DACH2-2","Ex_DACH2_MGAT4C",0.21500731615655
"_GGTCTGGAGACAACTA-2","Glut-CACNA1H-3","Ex_CACNA1H_LHX9",0.726898553015957
"_GGTCTGGTCGTTCCTG-2","Glut-CACNA1H-2","Ex_CACNA1H_LHX9",0.782879925980828
"_GGTCTGGTCTATCGCC-2","Glut-CACNA1H-2","Ex_CACNA1H_LHX9",0.732670748082682
"_GGTGAAGCATGAGATA-2","Glut-CACNA1H-2","Ex_CACNA1H_LHX9",0.693185360630341
"_GGTGAAGGTAGTTAGA-2","Glut-CACNA1H-1","Ex_CACNA1H_LHX9",0.79884087286012
"_GGTGATTGTGGAATGC-2","Glut-CACNA1H-3","Ex_CACNA1H_LHX9",0.77678146832994
"_GGTGATTTCCCATAAG-2","Glut-CACNA1H-2","Ex_CACNA1H_LHX9",0.778414998368235
"_GGTGATTTCCCGATCT-2","Glut-CACNA1H-2","Ex_CACNA1H_LHX9",0.534896213385062
"_GGTGATTTCTGCCTCA-2","Glut-CACNA1H-3","Ex_CACNA1H_LHX9",0.770371586886502
"_GGTGGCTAGCCGTTAT-2","Glut-CACNA1H-1","Ex_CACNA1H_LHX9",0.823049616710048
"_GGTGGCTGTATCGTAC-2","Glut-CACNA1H-2","Ex_CACNA1H_LHX9",0.781883367015729
"_GGTGTTAAGATGCCGA-2","Glut-CACNA1H-2","Ex_CACNA1H_LHX9",0.75690182767456
"_GGTGTTAAGCGCAATG-2","Glut-CACNA1H-4","Ex_CACNA1H_LHX9",0.684636219999313
"_GGTGTTATCAGGGTAG-2","Glut-CACNA1H-2","Ex_CACNA1H_LHX9",0.56409512969314
"_GGTGTTATCCCGAAAT-2","Glut-CACNA1H-3","Ex_CACNA1H_LHX9",0.491134098218992
"_GGTTAACGTTGGACTT-2","Glut-CACNA1H-1","Ex_CACNA1H_LHX9",0.816966959100373
"_GGTTAACTCTCCGCAT-2","Glut-CACNA1H-1","Ex_CACNA1H_LHX9",0.789919262557563
"_GGTTAACTCTTCGTGC-2","Glut-CACNA1H-1","Ex_CACNA1H_LHX9",0.782817544955999
"_GGTTCTCTCGACACTA-2","Glut-CACNA1H-3","Ex_CACNA1H_LHX9",0.626308578589126
"_GGTTGTAGTGTGAATA-2","Glut-CACNA1H-1","Ex_CACNA1H_LHX9",0.835207234725084
"_GTAACACGTACCTATG-2","Glut-CACNA1H-2","Ex_CACNA1H_LHX9",0.491943603663253
"_GTAACACTCCTTCGAC-2","Glut-CACNA1H-3","Ex_DACH2_ITGA9",0.273464430828604
"_GTAACCAAGGAATTAC-2","Glut-CACNA1H-2","Ex_CACNA1H_LHX9",0.768531806645507
"_GTAAGTCAGGAGCAAA-2","Glut-CACNA1H-4","Ex_CACNA1H_LHX9",0.652223475712266
"_GTAAGTCAGTTGGAGC-2","Glut-CACNA1H-3","Ex_CACNA1H_LHX9",0.803164638415671
"_GTAAGTCCAATGAAAC-2","Glut-CACNA1H-2","Ex_CACNA1H_LHX9",0.778289885872869
"_GTAAGTCCACGGTCTG-2","Glut-CACNA1H-1","Ex_CACNA1H_LHX9",0.808340165230961
"_GTAAGTCGTCTTGAGT-2","Glut-CACNA1H-1","Ex_CACNA1H_LHX9",0.786844980161841
"_GTAATCGAGTTCATGC-2","Glut-CACNA1H-1","Ex_CACNA1H_LHX9",0.387162902867118
"_GTAATCGCACGGCCAT-2","Glut-CACNA1H-3","Ex_CACNA1H_LHX9",0.826511683031072
"_GTAATCGCAGTCAGCC-2","Glut-CACNA1H-2","Ex_CACNA1H_LHX9",0.648164664871703
"_GTAATCGGTCAGCGTC-2","Glut-CACNA1H-2","Ex_CACNA1H_LHX9",0.577215257990852
"_GTAATCGGTGAGACCA-2","Glut-CACNA1H-2","Ex_CACNA1H_LHX9",0.764157324728892
"_GTAATGCAGACGAGCT-2","Glut-DACH2-2","Ex_DACH2_LUZP2",0.229284624932114
"_GTAATGCCAGACCATT-2","Glut-CACNA1H-1","Ex_CACNA1H_LHX9",0.749274996472161
"_GTACAACCATGAAGCG-2","Glut-CACNA1H-3","Ex_CACNA1H_LHX9",0.746122589326485
"_GTACAACGTTGCGGCT-2","Glut-CACNA1H-2","Ex_CACNA1H_LHX9",0.625921264414835
"_GTAGAAACAATACCTG-2","Glut-CACNA1H-1","Ex_CACNA1H_LHX9",0.823075833641041
"_GTAGAGGGTGTCTTAG-2","Glut-CACNA1H-1","Ex_CACNA1H_LHX9",0.696438508283004
"_GTAGATCCAAAGTGTA-2","Glut-CACNA1H-2","Ex_CACNA1H_LHX9",0.755495255668783
"_GTAGATCCAATCGCAT-2","Glut-CACNA1H-2","Ex_CACNA1H_LHX9",0.740868347708373
"_GTAGATCGTCCTACAA-2","Glut-CACNA1H-2","Ex_DACH2_ITGA9",0.28957998299553
"_GTAGATCTCACCACAA-2","Glut-CACNA1H-1","Ex_CACNA1H_LHX9",0.811277425512781
"_GTAGCTAAGTGCTCGC-2","Glut-CACNA1H-4","Ex_CACNA1H_LHX9",0.679914979288731
"_GTAGCTAGTTCCACAA-2","Glut-CACNA1H-2","Ex_CACNA1H_LHX9",0.725195493768238
"_GTAGGAGGTCGGCCTA-2","Glut-CACNA1H-2","Ex_CACNA1H_LHX9",0.302066613843958
"_GTAGTACAGAACGCGT-2","Glut-CACNA1H-1","Ex_CACNA1H_LHX9",0.640134033300238
"_GTAGTACAGTAACGAT-2","Glut-CACNA1H-2","Ex_CACNA1H_LHX9",0.774298059060158
"_GTATTGGAGTTGGCGA-2","Glut-CACNA1H-1","Ex_CACNA1H_LHX9",0.743074969655509
"_GTATTGGTCTGCTTTA-2","Glut-CACNA1H-3","Ex_CACNA1H_LHX9",0.537468116174341
"_GTATTTCCATGCAGGA-2","Glut-CACNA1H-1","Ex_CACNA1H_LHX9",0.800567427543604
"_GTATTTCGTCGTGCCA-2","Glut-CACNA1H-2","Ex_CACNA1H_LHX9",0.593254850389861
"_GTATTTCGTTTGACAC-2","Glut-CACNA1H-3","Ex_CACNA1H_LHX9",0.730172500934922
"_GTATTTCTCGACATAC-2","Glut-CACNA1H-1","Ex_CACNA1H_LHX9",0.843291844467921
"_GTCAAACAGTCTTGGT-2","Glut-CACNA1H-2","Ex_CACNA1H_LHX9",0.492319210233093
"_GTCAAACCAACCGATT-2","Glut-CACNA1H-1","Ex_CACNA1H_LHX9",0.809049543796672
"_GTCAAGTCAAGAAATC-2","Glut-CACNA1H-1","Ex_CACNA1H_LHX9",0.822322975382123
"_GTCAAGTCAAGTATAG-2","Glut-CACNA1H-4","Ex_CACNA1H_LHX9",0.640803989544612
"_GTCACGGCAGAGTGAC-2","Glut-CACNA1H-1","Ex_CACNA1H_LHX9",0.806042890985749
"_GTCACGGGTCGTGCCA-2","Glut-CACNA1H-2","Ex_CACNA1H_LHX9",0.692849928760946
"_GTCACGGTCACGTCCT-2","Glut-CACNA1H-1","Ex_CACNA1H_LHX9",0.777799708977019
"_GTCACTCCACAACGAG-2","Glut-CACNA1H-2","Ex_CACNA1H_LHX9",0.74534446878825
"_GTCACTCGTCACGTGC-2","Glut-CACNA1H-2","Ex_CACNA1H_LHX9",0.793905606990435
"_GTCATCCAGTTCGGTT-2","Glut-CACNA1H-2","Ex_CACNA1H_LHX9",0.496243383722045
"_GTCATCCCAGGTAGTG-2","Glut-CACNA1H-2","Ex_CACNA1H_LHX9",0.627700144679745
"_GTCATCCGTTTCCAAG-2","Glut-CACNA1H-1","Ex_CACNA1H_LHX9",0.821373212668565
"_GTCATCCTCCGATCTC-2","Glut-CACNA1H-4","Ex_CACNA1H_LHX9",0.645603427782327
"_GTCATGATCCAACCAA-2","Glut-CACNA1H-2","Ex_CACNA1H_LHX9",0.683073163209039
"_GTCATTTAGGCTCTAT-2","Glut-CACNA1H-2","Ex_CACNA1H_LHX9",0.582672824150605
"_GTCATTTGTATGCGGA-2","Glut-CACNA1H-1","Ex_CACNA1H_LHX9",0.734250129644184
"_GTCCCATGTGGTCTCG-2","Glut-CACNA1H-2","Ex_CACNA1H_LHX9",0.731144552699186
"_GTCCCATGTTTGTGGT-2","Glut-DACH2-1","Ex_DACH2_GRIK4",0.335256463770651
"_GTCCCATTCGCTGATA-2","Glut-CACNA1H-1","Ex_CACNA1H_LHX9",0.834547364788638
"_GTCCTCAAGAGTCAAT-2","Glut-CACNA1H-2","Ex_CACNA1H_LHX9",0.670587095620786
"_GTCCTCACACGTACAT-2","Glut-CACNA1H-1","Ex_CACNA1H_LHX9",0.813078812528476
"_GTCGCGAAGAGTACCG-2","Glut-CACNA1H-2","Ex_CACNA1H_LHX9",0.600925183884811
"_GTCGCGAAGGCCCAAA-2","Glut-CACNA1H-1","Ex_CACNA1H_LHX9",0.767736198392506
"_GTCGCGAGTCTGTCCT-2","Glut-CACNA1H-1","Ex_CACNA1H_LHX9",0.803936445085624
"_GTCGCGATCCCTCATG-2","Glut-CACNA1H-4","Ex_CACNA1H_LHX9",0.834532351532918
"_GTCGTTCAGAAAGCGA-2","Glut-CACNA1H-3","Ex_CACNA1H_LHX9",0.825893039133577
"_GTCTAGACACTTCAGA-2","Glut-CACNA1H-1","Ex_CACNA1H_LHX9",0.802763741660361
"_GTCTAGATCCCGGTAG-2","Glut-CACNA1H-2","Ex_CACNA1H_LHX9",0.567449320996967
"_GTCTCACAGGGAACAA-2","Glut-CACNA1H-2","Ex_CACNA1H_LHX9",0.694780595306991
"_GTCTCACCAGAGCGTA-2","Glut-CACNA1H-3","Ex_CACNA1H_LHX9",0.726548547314115
"_GTCTCACCATAATGAG-2","Glut-CACNA1H-RA","Ex_CACNA1H_LHX9",0.311298228956409
"_GTCTCACGTATTTCCT-2","Glut-DACH2-1","Ex_DACH2_GRIK4",0.344551129151537
"_GTCTCACGTCAGGTAG-2","Glut-CACNA1H-2","Ex_CACNA1H_LHX9",0.747403570449676
"_GTCTCACTCCTCAGAA-2","Glut-CACNA1H-3","Ex_CACNA1H_LHX9",0.789893217038214
"_GTCTGTCCATTATGCG-2","Glut-CACNA1H-1","Ex_CACNA1H_LHX9",0.765297096095601
"_GTCTGTCGTGTTCCAA-2","Glut-CACNA1H-1","Ex_CACNA1H_LHX9",0.817829919017904
"_GTGACGCAGAATCTAG-2","Glut-CACNA1H-2","Ex_CACNA1H_LHX9",0.835724144028391
"_GTGACGCCATAAGCAA-2","Glut-CACNA1H-1","Ex_CACNA1H_LHX9",0.72669468369159
"_GTGAGCCAGAATACAC-2","Glut-CACNA1H-2","Ex_CACNA1H_LHX9",0.747877416888549
"_GTGAGGACACGCGTCA-2","Glut-CACNA1H-2","Ex_CACNA1H_LHX9",0.756171106954401
"_GTGAGGAGTCGTACAT-2","Glut-CACNA1H-2","Ex_CACNA1H_LHX9",0.746621468884636
"_GTGAGTTCATGAGGGT-2","Glut-CACNA1H-RA","Ex_CACNA1H_LHX9",0.747340979175908
"_GTGAGTTGTATGCGTT-2","Glut-CACNA1H-3","Ex_CACNA1H_LHX9",0.395372987380678
"_GTGAGTTGTTCGGACC-2","Glut-CACNA1H-4","Ex_CACNA1H_LHX9",0.739626967380981
"_GTGATGTCATCCGGTG-2","Glut-CACNA1H-1","Ex_CACNA1H_LHX9",0.811283631248716
"_GTGATGTTCACGGAGA-2","Glut-CACNA1H-1","Ex_CACNA1H_LHX9",0.780998021894316
"_GTGCACGAGTTATGGA-2","Glut-CACNA1H-1","Ex_CACNA1H_LHX9",0.736052055575457
"_GTGCACGCAGCGGATA-2","Glut-CACNA1H-3","Ex_CACNA1H_LHX9",0.733368668027879
"_GTGCACGTCTAACACG-2","Glut-CACNA1H-1","Ex_CACNA1H_LHX9",0.767162455691379
"_GTGCAGCTCACACCCT-2","Glut-CACNA1H-1","Ex_CACNA1H_LHX9",0.799080864611465
"_GTGCAGCTCGCTCTAC-2","Glut-CACNA1H-2","Ex_CACNA1H_LHX9",0.613003717379557
"_GTGCAGCTCTTTGCGC-2","Glut-CACNA1H-1","Ex_CACNA1H_LHX9",0.852199692267638
"_GTGCGTGAGAATACAC-2","Glut-CACNA1H-3","Ex_CACNA1H_LHX9",0.656187009404639
"_GTGCGTGAGGGTACGT-2","Glut-CACNA1H-2","Ex_CACNA1H_LHX9",0.745256335944918
"_GTGCGTGGTGGCACTC-2","Glut-CACNA1H-3","Ex_CACNA1H_LHX9",0.748206009532514
"_GTGCTGGAGAGAGCGG-2","Glut-CACNA1H-3","Ex_CACNA1H_LHX9",0.792572559885596
"_GTGCTGGCACCGGCTA-2","Glut-CACNA1H-2","Ex_CACNA1H_LHX9",0.573201930963944
"_GTGCTGGGTCTTACAG-2","Glut-CACNA1H-1","Ex_CACNA1H_LHX9",0.839015100293918
"_GTGCTGGTCGTCCTCA-2","Glut-CACNA1H-1","Ex_CACNA1H_LHX9",0.761422620582256
"_GTGCTTCCAGAACTCT-2","Glut-CACNA1H-3","Ex_CACNA1H_LHX9",0.733864015894654
"_GTGCTTCGTAGATCCT-2","Glut-DACH2-1","Ex_DACH2_MGAT4C",0.252025924770507
"_GTGCTTCGTCGCCACA-2","Glut-CACNA1H-2","Ex_CACNA1H_LHX9",0.755629929668029
"_GTGGAAGCACCGTGAC-2","Glut-CACNA1H-2","Ex_CACNA1H_LHX9",0.713091525851129
"_GTGGCGTAGATGCCGA-2","Glut-CACNA1H-3","Ex_CACNA1H_LHX9",0.759016236111092
"_GTGGCGTAGCCTTTCC-2","Glut-CACNA1H-1","Ex_CACNA1H_LHX9",0.810696823289805
"_GTGGCGTCAGAGGGTT-2","Glut-CACNA1H-3","Ex_CACNA1H_LHX9",0.7255981285005
"_GTGGCGTCATCCTTCG-2","Glut-CACNA1H-4","Ex_CACNA1H_LHX9",0.725622525129206
"_GTGGCGTGTCTGTGAT-2","Glut-CACNA1H-2","Ex_CACNA1H_LHX9",0.663757191030287
"_GTGGCGTGTGGGTATG-2","Glut-CACNA1H-1","Ex_CACNA1H_LHX9",0.770632708704375
"_GTGGGAAAGGGAGAAT-2","Glut-CACNA1H-1","Ex_CACNA1H_LHX9",0.830548594970324
"_GTGGGAAAGTCGAATA-2","Glut-CACNA1H-3","Ex_CACNA1H_LHX9",0.486279602243923
"_GTGGGAAGTTAACAGA-2","Glut-CACNA1H-2","Ex_CACNA1H_LHX9",0.457568970172548
"_GTGGTTAGTCAAGTTC-2","Glut-CACNA1H-1","Ex_CACNA1H_LHX9",0.456992501524479
"_GTGGTTAGTTGCACGC-2","Glut-CACNA1H-1","Ex_CACNA1H_LHX9",0.803052057767874
"_GTGTAACTCGGAGTAG-2","Glut-CACNA1H-2","Ex_CACNA1H_LHX9",0.776236111812926
"_GTGTCCTAGAGGCTGT-2","Glut-CACNA1H-1","Ex_CACNA1H_LHX9",0.782526470613235
"_GTGTCCTAGGCATCTT-2","Glut-CACNA1H-1","Ex_CACNA1H_LHX9",0.796746488484171
"_GTGTCCTAGGCATTTC-2","Glut-DACH2-1","Ex_DACH2_MGAT4C",0.28129670951703
"_GTGTCCTCAACATCGT-2","Glut-CACNA1H-1","Ex_CACNA1H_LHX9",0.833134971290566
"_GTGTCCTCAAGTGCTT-2","Glut-CACNA1H-1","Ex_CACNA1H_LHX9",0.769467406634713
"_GTGTCCTCACAGCATT-2","Glut-CACNA1H-3","Ex_CACNA1H_LHX9",0.308074615795371
"_GTGTCCTGTGCTCTCT-2","Glut-CACNA1H-4","Ex_CACNA1H_LHX9",0.844136911050782
"_GTGTGATAGTTGCTCA-2","Glut-CACNA1H-3","Ex_CACNA1H_LHX9",0.699703753776975
"_GTGTGGCAGTACAGCG-2","Glut-CACNA1H-2","Ex_CACNA1H_LHX9",0.720011582443664
"_GTGTGGCAGTTGTCAC-2","Glut-CACNA1H-2","Ex_CACNA1H_LHX9",0.579983636609044
"_GTGTGGCGTCACAGTT-2","Glut-CACNA1H-1","Ex_CACNA1H_LHX9",0.762364169446199
"_GTGTTAGAGAAACTAC-2","Glut-CACNA1H-2","Ex_CACNA1H_LHX9",0.58918770440227
"_GTGTTAGAGGATTTAG-2","Glut-CACNA1H-3","Ex_CACNA1H_LHX9",0.739705689647539
"_GTGTTAGCAGGGCTTC-2","Glut-CACNA1H-4","Ex_CACNA1H_LHX9",0.709932824081873
"_GTGTTAGGTCTCCCTA-2","Glut-CACNA1H-2","Ex_CACNA1H_LHX9",0.720113753031586
"_GTGTTAGGTGAGTTGG-2","Glut-CACNA1H-2","Ex_CACNA1H_LHX9",0.786106758498814
"_GTGTTAGGTGCCTAAT-2","Glut-CACNA1H-4","Ex_CACNA1H_LHX9",0.841694405576869
"_GTGTTCCCAGCAGGAT-2","Glut-CACNA1H-2","Ex_CACNA1H_LHX9",0.551814278771779
"_GTTACAGGTTGATCGT-2","Glut-CACNA1H-2","Ex_CACNA1H_LHX9",0.690473745805379
"_GTTACGAAGAGAGCAA-2","Glut-CACNA1H-2","Ex_CACNA1H_LHX9",0.665215512585704
"_GTTACGAGTCACTCTC-2","Glut-CACNA1H-2","Ex_CACNA1H_LHX9",0.705893131248286
"_GTTAGACAGTATAACG-2","Glut-CACNA1H-3","Ex_CACNA1H_LHX9",0.810583139673542
"_GTTAGACGTCGCGTTG-2","Glut-CACNA1H-1","Ex_CACNA1H_LHX9",0.856844295578129
"_GTTAGACGTTCTATCT-2","Glut-CACNA1H-2","Ex_CACNA1H_LHX9",0.760784353201144
"_GTTAGACTCACTCGAA-2","Glut-CACNA1H-4","Ex_CACNA1H_LHX9",0.788242786890548
"_GTTAGTGCAACGACAG-2","Glut-CACNA1H-2","Ex_CACNA1H_LHX9",0.596708544669524
"_GTTAGTGCACCGTCGA-2","Glut-CACNA1H-1","Ex_CACNA1H_LHX9",0.79243013244544
"_GTTATGGCAAGGCGTA-2","Glut-CACNA1H-3","Ex_CACNA1H_LHX9",0.774049612827657
"_GTTATGGCATGGGCAA-2","Glut-CACNA1H-1","Ex_CACNA1H_LHX9",0.71028930621163
"_GTTCATTCAACTCCCT-2","Glut-CACNA1H-4","Ex_CACNA1H_LHX9",0.800968484580674
"_GTTCATTGTCGACTTA-2","Glut-DACH2-3","Ex_DACH2_SLIT2",0.566411072431485
"_GTTCCGTGTGGCGTAA-2","Glut-CACNA1H-3","Ex_CACNA1H_LHX9",0.467835550189505
"_GTTCCGTTCCCTATTA-2","Glut-CACNA1H-4","Ex_CACNA1H_LHX9",0.785826134594648
"_GTTCGCTCACTACCGG-2","Glut-CACNA1H-4","Ex_CACNA1H_LHX9",0.841042467574958
"_GTTCGCTGTGGCGTAA-2","Glut-CACNA1H-2","Ex_CACNA1H_LHX9",0.71198485855154
"_GTTCGCTTCCGCAACG-2","Glut-CACNA1H-1","Ex_CACNA1H_LHX9",0.849160283781014
"_GTTCTATAGCCTGTGC-2","Glut-CACNA1H-1","Ex_CACNA1H_LHX9",0.830456889160525
"_GTTCTATGTCGCGGTT-2","Glut-CACNA1H-3","Ex_CACNA1H_LHX9",0.784373417301445
"_GTTCTATGTTAGGGAC-2","Glut-CACNA1H-1","Ex_CACNA1H_LHX9",0.847072973934383
"_GTTGAACAGACTGTTC-2","Glut-CACNA1H-2","Ex_CACNA1H_LHX9",0.705021495915514
"_GTTGCGGCACATTCGA-2","Glut-CACNA1H-1","Ex_CACNA1H_LHX9",0.685246452516666
"_GTTGCGGCAGCAAGAC-2","Glut-CACNA1H-3","Ex_CACNA1H_LHX9",0.353764636289372
"_GTTGCGGCAGCAGACA-2","Glut-CACNA1H-3","Ex_CACNA1H_LHX9",0.807095798329233
"_GTTGCTCCATCTTCGC-2","Glut-CACNA1H-2","Ex_CACNA1H_LHX9",0.693994007120275
"_GTTGTAGCAAATGGTA-2","Glut-CACNA1H-2","Ex_CACNA1H_LHX9",0.762782644652469
"_GTTGTAGCAACGGCTC-2","Glut-CACNA1H-1","Ex_CACNA1H_LHX9",0.820359646243292
"_GTTGTAGGTTGGATCT-2","Glut-CACNA1H-1","Ex_CACNA1H_LHX9",0.841054294082669
"_GTTGTAGTCACGGGCT-2","Glut-CACNA1H-2","Ex_CACNA1H_LHX9",0.723922495749102
"_GTTGTAGTCCAACTAG-2","Glut-CACNA1H-3","Ex_CACNA1H_LHX9",0.785563416645879
"_GTTGTAGTCCAAGCCG-2","Glut-CACNA1H-2","Ex_CACNA1H_LHX9",0.748033032058699
"_GTTGTCCAGTGCAGGT-2","Glut-CACNA1H-1","Ex_DACH2_NR4A3",0.404913204611554
"_GTTGTCCCACTACGGC-2","Glut-CACNA1H-2","Ex_CACNA1H_LHX9",0.619309622076167
"_GTTTACTGTCATTGCA-2","Glut-CACNA1H-4","Ex_CACNA1H_LHX9",0.557206750936296
"_GTTTGGAAGGAGAGGC-2","Glut-CACNA1H-1","Ex_CACNA1H_LHX9",0.819123228089387
"_GTTTGGAAGGCCGCTT-2","Glut-CACNA1H-3","Ex_CACNA1H_LHX9",0.590173411636296
"_GTTTGGACAGGCTATT-2","Glut-CACNA1H-1","Ex_CACNA1H_LHX9",0.844093042579942
"_GTTTGGAGTTCCTACC-2","Glut-CACNA1H-2","Ex_CACNA1H_LHX9",0.769632251702861
"_TAACACGCATGAGATA-2","Glut-CACNA1H-3","Ex_CACNA1H_LHX9",0.746289966410423
"_TAACACGGTCGAATTC-2","Glut-CACNA1H-4","Ex_CACNA1H_LHX9",0.839765321470034
"_TAACACGGTGAGCGAT-2","Glut-CACNA1H-1","Ex_CACNA1H_LHX9",0.855842233125315
"_TAACACGTCTCTTGCG-2","Glut-CACNA1H-1","Ex_CACNA1H_LHX9",0.805191790221686
"_TAACCAGGTTATCTGG-2","Glut-CACNA1H-2","Ex_DACH2_NR4A3",0.36695914226761
"_TAACCAGTCTGCTTTA-2","Glut-CACNA1H-1","Ex_CACNA1H_LHX9",0.792163618369298
"_TAACGACCATCCTATT-2","Glut-CACNA1H-2","Ex_CACNA1H_LHX9",0.75859109504174
"_TAACGACGTAGGTCAG-2","Glut-CACNA1H-2","Ex_CACNA1H_LHX9",0.698729638806507
"_TAACTTCCAAGCTGTT-2","Glut-CACNA1H-4","Ex_CACNA1H_LHX9",0.766746450472612
"_TAACTTCGTTTGGAGG-2","Glut-CACNA1H-1","Ex_CACNA1H_LHX9",0.818838260456906
"_TAACTTCTCAGACAAA-2","Glut-CACNA1H-3","Ex_CACNA1H_LHX9",0.820602192993294
"_TAAGCACCACGGATCC-2","Glut-CACNA1H-2","Ex_CACNA1H_LHX9",0.775630029125735
"_TAAGCACTCCCATAGA-2","Glut-CACNA1H-3","Ex_CACNA1H_LHX9",0.799065928408314
"_TAAGCCACAGCTTTCC-2","Glut-CACNA1H-1","Ex_CACNA1H_LHX9",0.821554318834893
"_TAAGCCACAGTCTACA-2","Glut-CACNA1H-4","Ex_CACNA1H_LHX9",0.840174567106352
"_TAAGCCAGTCGGCTAC-2","Glut-CACNA1H-2","Ex_CACNA1H_LHX9",0.758611851994887
"_TAAGCCAGTGATTAGA-2","Glut-CACNA1H-2","Ex_CACNA1H_LHX9",0.804625150848378
"_TAAGCCAGTGTCCACG-2","Glut-CACNA1H-4","Ex_CACNA1H_LHX9",0.867581103761788
"_TAAGCCATCGTTAGAC-2","Glut-CACNA1H-3","Ex_CACNA1H_LHX9",0.773110333956328
"_TAAGCCATCTACGGGC-2","Glut-CACNA1H-1","Ex_CACNA1H_LHX9",0.798947341946523
"_TAAGCGTAGAGGCGGA-2","Glut-CACNA1H-1","Ex_CACNA1H_LHX9",0.85401838505016
"_TAAGCGTAGCCTGTGC-2","Glut-CACNA1H-1","Ex_CACNA1H_LHX9",0.755265620659713
"_TAAGCGTAGTTCTCTT-2","Glut-CACNA1H-1","Ex_CACNA1H_LHX9",0.799004092216377
"_TAAGCGTCAGCTGCCA-2","Glut-CACNA1H-1","Ex_CACNA1H_LHX9",0.806266095978529
"_TAAGCGTGTGACAGGT-2","Glut-CACNA1H-3","Ex_CACNA1H_LHX9",0.79732459604577
"_TAAGTCGGTAGATCCT-2","Glut-CACNA1H-1","Ex_CACNA1H_LHX9",0.840837737792764
"_TAAGTCGTCGCCATAA-2","Glut-CACNA1H-2","Ex_CACNA1H_LHX9",0.477165386511722
"_TAATCTCCAGACAAGC-2","Glut-CACNA1H-1","Ex_CACNA1H_LHX9",0.776255871302181
"_TAATCTCGTAAGGCCA-2","Glut-CACNA1H-2","Ex_CACNA1H_LHX9",0.519796241930424
"_TAATCTCTCCTGCCAT-2","Glut-CACNA1H-1","Ex_CACNA1H_LHX9",0.798444683748822
"_TAATTCCAGGATTTAG-2","Glut-CACNA1H-2","Ex_CACNA1H_LHX9",0.670834059576569
"_TAATTCCGTGTCTCCT-2","Glut-CACNA1H-2","Ex_CACNA1H_LHX9",0.543743287437522
"_TACAACGGTCAGTCTA-2","Glut-CACNA1H-1","Ex_CACNA1H_LHX9",0.770689051179687
"_TACACCCAGACGAGCT-2","Glut-CACNA1H-3","Ex_CACNA1H_LHX9",0.802291079588327
"_TACACCCAGCAAGTCG-2","Glut-DACH2-1","Ex_DACH2_ITGA9",0.309887052006797
"_TACAGGTCAAGGTACG-2","Glut-CACNA1H-3","Ex_CACNA1H_LHX9",0.774157781664451
"_TACAGGTCAAGTTTGC-2","Glut-CACNA1H-2","Ex_CACNA1H_LHX9",0.764278157940755
"_TACAGGTGTTAAGTCC-2","Glut-CACNA1H-3","Ex_CACNA1H_LHX9",0.724464213699883
"_TACAGGTTCCCTGGTT-2","Glut-CACNA1H-2","Ex_CACNA1H_LHX9",0.497868108311511
"_TACCCACTCTTCGTGC-2","Glut-DACH2-HVCra-Pre","Ex_DACH2_ITGA9",0.168607339442329
"_TACCCGTTCGCCTTTG-2","Glut-CACNA1H-1","Ex_CACNA1H_LHX9",0.79306609104999
"_TACCGGGAGTATGGAT-2","Glut-CACNA1H-1","Ex_CACNA1H_LHX9",0.828404185653825
"_TACCTGCGTATGCAAA-2","Glut-DACH2-1","Ex_DACH2_MGAT4C",0.270353807816052
"_TACCTGCGTTGGTAGG-2","Glut-CACNA1H-1","Ex_CACNA1H_LHX9",0.833266653130777
"_TACCTGCTCGTTCAGA-2","Glut-CACNA1H-1","Ex_CACNA1H_LHX9",0.838964275713094
"_TACGCTCCACCTCTAC-2","Glut-CACNA1H-2","Ex_CACNA1H_LHX9",0.393149212316769
"_TACGCTCGTAACATCC-2","Glut-CACNA1H-1","Ex_CACNA1H_LHX9",0.804655389828249
"_TACGCTCGTAGTGCGA-2","Glut-CACNA1H-1","Ex_CACNA1H_LHX9",0.801650771226284
"_TACGCTCGTTGACTAC-2","Glut-CACNA1H-2","Ex_CACNA1H_LHX9",0.649003050055361
"_TACGGTAAGAGTCTGG-2","Glut-CACNA1H-1","Ex_CACNA1H_LHX9",0.806523264199485
"_TACGGTAGTGTAGCAG-2","Glut-CACNA1H-1","Ex_CACNA1H_LHX9",0.792061881028415
"_TACGGTAGTTCGGTTA-2","Glut-CACNA1H-2","Ex_CACNA1H_LHX9",0.685676453914805
"_TACGGTATCGATAACC-2","Glut-CACNA1H-2","Ex_CACNA1H_LHX9",0.780422147652703
"_TACGTCCCAGACGATG-2","Glut-CACNA1H-2","Ex_CACNA1H_LHX9",0.623402524239029
"_TACGTCCGTATACAGA-2","Glut-CACNA1H-2","Ex_CACNA1H_LHX9",0.787052459721603
"_TACGTCCGTTGGCCTG-2","Glut-CACNA1H-2","Ex_CACNA1H_LHX9",0.757180261448327
"_TACGTCCTCTACACTT-2","Glut-CACNA1H-4","Ex_CACNA1H_LHX9",0.828009162760006
"_TACTGCCTCTTCCCGA-2","Glut-CACNA1H-1","Ex_CACNA1H_LHX9",0.734616626261798
"_TACTTACAGACAGCGT-2","Glut-CACNA1H-2","Ex_CACNA1H_LHX9",0.732961857710762
"_TACTTACAGATGTAGT-2","Glut-CACNA1H-1","Ex_CACNA1H_LHX9",0.797583682569666
"_TACTTACCATCCTCAC-2","Glut-CACNA1H-2","Ex_CACNA1H_LHX9",0.616739246039703
"_TACTTCACAACTGATC-2","Glut-CACNA1H-2","Ex_CACNA1H_LHX9",0.749371365245533
"_TACTTCACACAACGAG-2","Glut-CACNA1H-2","Ex_CACNA1H_LHX9",0.625985192928169
"_TACTTCATCTTTGATC-2","Glut-CACNA1H-1","Ex_CACNA1H_LHX9",0.817621684857395
"_TACTTGTAGCGTTGTT-2","Glut-CACNA1H-2","Ex_CACNA1H_LHX9",0.590672831272986
"_TACTTGTAGGTAAGTT-2","Glut-CACNA1H-1","Ex_CACNA1H_LHX9",0.792349480244344
"_TACTTGTCATATGAAG-2","Glut-CACNA1H-3","Ex_CACNA1H_LHX9",0.794601916809741
"_TAGACCAAGCTGACAG-2","Glut-CACNA1H-3","Ex_CACNA1H_LHX9",0.770833765679978
"_TAGACCACACGACAGA-2","Glut-CACNA1H-4","Ex_CACNA1H_LHX9",0.755978341374601
"_TAGACCACATATCTGG-2","Glut-CACNA1H-3","Ex_CACNA1H_LHX9",0.779520228721412
"_TAGACCACATGGGTTT-2","Glut-CACNA1H-3","Ex_CACNA1H_LHX9",0.466045765168662
"_TAGAGTCGTTCGGTCG-2","Glut-CACNA1H-1","Ex_CACNA1H_LHX9",0.633251794624658
"_TAGAGTCTCGTGCTCT-2","Glut-CACNA1H-2","Ex_CACNA1H_LHX9",0.762160882655712
"_TAGATCGAGCCAACCC-2","Glut-CACNA1H-3","Ex_CACNA1H_LHX9",0.74172824461812
"_TAGATCGGTCACAATC-2","Glut-CACNA1H-2","Ex_CACNA1H_LHX9",0.799892989936426
"_TAGATCGGTCCTTTGC-2","Glut-DACH2-1","Ex_DACH2_MGAT4C",0.267696755321652
"_TAGATCGTCCAACTAG-2","Glut-CACNA1H-4","Ex_DACH2_SLIT2",0.174538185005976
"_TAGCACAAGGCATCGA-2","Glut-CACNA1H-2","Ex_CACNA1H_LHX9",0.724674976001009
"_TAGGAGGCAGGCTATT-2","Glut-CACNA1H-1","Ex_CACNA1H_LHX9",0.814066547004311
"_TAGGAGGGTCCACTCT-2","Glut-CACNA1H-1","Ex_CACNA1H_LHX9",0.735958792659676
"_TAGGAGGTCACGTCCT-2","Glut-CACNA1H-1","Ex_CACNA1H_LHX9",0.762830478043652
"_TAGGAGGTCTGCTCTG-2","Glut-CACNA1H-2","Ex_CACNA1H_LHX9",0.544301424822435
"_TAGGGTTAGTGGACTG-2","Glut-CACNA1H-1","Ex_CACNA1H_LHX9",0.829982174525486
"_TAGGGTTCATGCAGCC-2","Glut-CACNA1H-4","Ex_CACNA1H_LHX9",0.693379883023286
"_TAGGTACCAAAGTATG-2","Glut-CACNA1H-2","Ex_CACNA1H_LHX9",0.81600042260265
"_TAGGTACCACAATGAA-2","Glut-CACNA1H-3","Ex_CACNA1H_LHX9",0.830959683051527
"_TAGGTTGTCTATCACT-2","Glut-CACNA1H-3","Ex_CACNA1H_LHX9",0.820384690358326
"_TAGTGCACACGTCATA-2","Glut-CACNA1H-2","Ex_CACNA1H_LHX9",0.631574287878623
"_TAGTGCATCCATCACC-2","Glut-CACNA1H-2","Ex_CACNA1H_LHX9",0.772651983280713
"_TAGTGCATCCGTCACT-2","Glut-CACNA1H-2","Ex_CACNA1H_LHX9",0.786577523513674
"_TATACCTAGGAGTACC-2","Glut-CACNA1H-1","Ex_CACNA1H_LHX9",0.80124034177375
"_TATACCTCATCTCGTC-2","Glut-CACNA1H-3","Ex_CACNA1H_LHX9",0.706327536518457
"_TATACCTGTATCGATC-2","Glut-CACNA1H-3","Ex_CACNA1H_LHX9",0.742316208896081
"_TATACCTTCGTGTGAT-2","Glut-CACNA1H-1","Ex_CACNA1H_LHX9",0.769644906557588
"_TATCGCCCATCCTGTC-2","Glut-CACNA1H-4","Ex_CACNA1H_LHX9",0.8188433519532
"_TATCGCCGTTAATGAG-2","Glut-CACNA1H-2","Ex_CACNA1H_LHX9",0.773590784024077
"_TATCGCCTCGTTCATT-2","Glut-CACNA1H-2","Ex_CACNA1H_LHX9",0.739465754279517
"_TATCGCCTCTAGCCTC-2","Glut-CACNA1H-4","Ex_CACNA1H_LHX9",0.75967406525501
"_TATCTTGAGGCGAAGG-2","Glut-CACNA1H-1","Ex_CACNA1H_LHX9",0.829674547025388
"_TATCTTGCAACTACGT-2","Glut-CACNA1H-2","Ex_CACNA1H_LHX9",0.768245663229515
"_TATCTTGCACGTCGGT-2","Glut-CACNA1H-3","Ex_CACNA1H_LHX9",0.761481160591472
"_TATCTTGCAGAGGACT-2","Glut-CACNA1H-1","Ex_CACNA1H_LHX9",0.781447577634069
"_TATCTTGGTTAGTTCG-2","Glut-CACNA1H-2","Ex_CACNA1H_LHX9",0.819633330498055
"_TATCTTGTCCTCACGT-2","Glut-CACNA1H-3","Ex_CACNA1H_LHX9",0.767794748888025
"_TATGTTCAGCCGATCC-2","Glut-CACNA1H-2","Ex_CACNA1H_LHX9",0.76146183998585
"_TATGTTCCAACTCGAT-2","Glut-CACNA1H-2","Ex_CACNA1H_LHX9",0.714691238566476
"_TATGTTCCATGGGCAA-2","Glut-CACNA1H-2","Ex_CACNA1H_LHX9",0.730722052400466
"_TATTCCATCGCTCTCA-2","Glut-CACNA1H-2","Ex_CACNA1H_LHX9",0.61124395708865
"_TATTGCTAGAATTGTG-2","Glut-CACNA1H-3","Ex_CACNA1H_LHX9",0.796747194382293
"_TATTGCTAGCGTTCCG-2","Glut-CACNA1H-2","Ex_CACNA1H_LHX9",0.71208333323898
"_TATTGCTAGTATCCTG-2","Glut-CACNA1H-3","Ex_CACNA1H_LHX9",0.635267063634505
"_TATTGCTGTAGTGCGA-2","Glut-CACNA1H-2","Ex_CACNA1H_LHX9",0.445372937306074
"_TATTGGGGTGGGAGAG-2","Glut-CACNA1H-2","Ex_CACNA1H_LHX9",0.777253472910729
"_TATTTCGCACAAAGTA-2","Glut-CACNA1H-3","Ex_CACNA1H_LHX9",0.804819351679929
"_TATTTCGGTAAGATTG-2","Glut-CACNA1H-4","Ex_CACNA1H_LHX9",0.302658469489457
"_TATTTCGGTCGGATTT-2","Glut-CACNA1H-1","Ex_CACNA1H_LHX9",0.808772665850321
"_TATTTCGTCTCAAAGC-2","Glut-CACNA1H-3","Ex_CACNA1H_LHX9",0.569998962612043
"_TCAAGACAGCCAGACA-2","Glut-CACNA1H-2","Ex_CACNA1H_LHX9",0.69864090177267
"_TCAAGACAGGGTGGGA-2","Glut-CACNA1H-2","Ex_CACNA1H_LHX9",0.680709537134695
"_TCAAGACAGGTTCTTG-2","Glut-CACNA1H-1","Ex_CACNA1H_LHX9",0.813345122493435
"_TCAAGCAAGCCTATCA-2","Glut-CACNA1H-1","Ex_CACNA1H_LHX9",0.804901254137623
"_TCAAGCAAGTAGTCTC-2","Glut-CACNA1H-3","Ex_CACNA1H_LHX9",0.81357473811278
"_TCAAGCACAATTGGTC-2","Glut-CACNA1H-2","Ex_CACNA1H_LHX9",0.729201521879245
"_TCAAGTGAGCTGACCC-2","Glut-CACNA1H-1","Ex_CACNA1H_LHX9",0.820705751260933
"_TCAATCTAGCGTATGG-2","Glut-CACNA1H-1","Ex_CACNA1H_LHX9",0.838938639339119
"_TCAATCTAGGCCACTC-2","Glut-CACNA1H-1","Ex_CACNA1H_LHX9",0.844160340196857
"_TCAATCTCAAGTTCGT-2","Glut-CACNA1H-4","Ex_CACNA1H_LHX9",0.677226417745296
"_TCAATCTGTGTAAACA-2","Glut-CACNA1H-4","Ex_CACNA1H_LHX9",0.846919107412104
"_TCAATTCAGGTACATA-2","Glut-CACNA1H-1","Ex_CACNA1H_LHX9",0.689266061781581
"_TCAATTCGTATCCTTT-2","Glut-CACNA1H-3","Ex_CACNA1H_LHX9",0.758640501863918
"_TCAATTCTCTAGAACC-2","Glut-CACNA1H-3","Ex_CACNA1H_LHX9",0.773676911779061
"_TCACAAGAGCGACATG-2","Glut-CACNA1H-3","Ex_CACNA1H_LHX9",0.806754851729243
"_TCACAAGCACGGCACT-2","Glut-CACNA1H-1","Ex_CACNA1H_LHX9",0.791923430094454
"_TCACACCAGGAGAATG-2","Glut-CACNA1H-4","Ex_CACNA1H_LHX9",0.841028776185601
"_TCACATTCAGGTCTCG-2","Glut-CACNA1H-4","Ex_CACNA1H_LHX9",0.636783786025794
"_TCACATTGTACTCCGG-2","Glut-CACNA1H-2","Ex_CACNA1H_LHX9",0.782791962032834
"_TCACGCTAGGTACATA-2","Glut-CACNA1H-4","Ex_CACNA1H_LHX9",0.393902071424913
"_TCACGGGGTTCTTCAT-2","Glut-CACNA1H-1","Ex_CACNA1H_LHX9",0.577053279581825
"_TCACTATAGCAAATGT-2","Glut-CACNA1H-2","Ex_CACNA1H_LHX9",0.749418778953457
"_TCACTATAGTGGGAAA-2","Glut-CACNA1H-3","Ex_CACNA1H_LHX9",0.790175697866478
"_TCACTATGTGATTAGA-2","Glut-CACNA1H-3","Ex_CACNA1H_LHX9",0.589490850417409
"_TCACTCGCAGTTTCAG-2","Glut-CACNA1H-2","Ex_CACNA1H_LHX9",0.744995942375861
"_TCACTCGGTCGGAACA-2","Glut-CACNA1H-2","Ex_CACNA1H_LHX9",0.715198691332791
"_TCAGCAACAACAAGTA-2","Glut-CACNA1H-3","Ex_CACNA1H_LHX9",0.615907965050393
"_TCAGCAACACGGAAGT-2","Glut-CACNA1H-1","Ex_CACNA1H_LHX9",0.814710410597378
"_TCAGCCTAGGAACGTC-2","Glut-CACNA1H-1","Ex_CACNA1H_LHX9",0.817154007976645
"_TCAGCCTGTCCTCATC-2","Glut-CACNA1H-1","Ex_CACNA1H_LHX9",0.40284209484351
"_TCAGCCTTCACACCCT-2","Glut-CACNA1H-1","Ex_CACNA1H_LHX9",0.818610589290778
"_TCAGGGCAGAGAATCT-2","Glut-CACNA1H-4","Ex_CACNA1H_LHX9",0.835384684376464
"_TCAGGGCCAAACCACT-2","Glut-CACNA1H-3","Ex_CACNA1H_LHX9",0.750954557550829
"_TCAGGGCGTCCAACGC-2","Glut-CACNA1H-4","Ex_CACNA1H_LHX9",0.825242569804541
"_TCAGTCCCACCTCGTT-2","Glut-CACNA1H-4","Ex_CACNA1H_LHX9",0.846541428078686
"_TCAGTCCTCCGTAATG-2","Glut-CACNA1H-2","Ex_CACNA1H_LHX9",0.3849237141035
"_TCAGTGATCTCCAATT-2","Glut-CACNA1H-1","Ex_CACNA1H_LHX9",0.795747129654157
"_TCAGTTTAGCAATAGT-2","Glut-CACNA1H-3","Ex_CACNA1H_LHX9",0.674919629934749
"_TCAGTTTAGGTGGGTT-2","Glut-CACNA1H-2","Ex_CACNA1H_LHX9",0.754354860505592
"_TCAGTTTAGTAGTCAA-2","Glut-CACNA1H-4","Ex_CACNA1H_LHX9",0.84643816599518
"_TCAGTTTAGTTCCGTA-2","Glut-CACNA1H-3","Ex_CACNA1H_LHX9",0.723428856858822
"_TCATACTGTTCTCTCG-2","Glut-CACNA1H-3","Ex_CACNA1H_LHX9",0.649090757550479
"_TCATACTTCTCCTGTG-2","Glut-CACNA1H-1","Ex_CACNA1H_LHX9",0.750572483330458
"_TCATATCAGTCTAGAA-2","Glut-CACNA1H-1","Ex_CACNA1H_LHX9",0.780937705068147
"_TCATATCAGTGCACTT-2","Glut-CACNA1H-4","Ex_CACNA1H_LHX9",0.611946846344473
"_TCATATCTCCGATCTC-2","Glut-CACNA1H-1","Ex_CACNA1H_LHX9",0.80704645753449
"_TCATATCTCTGGTGCG-2","Glut-CACNA1H-2","Ex_CACNA1H_LHX9",0.736411889482898
"_TCATCATCAGAGGTTG-2","Glut-CACNA1H-2","Ex_CACNA1H_LHX9",0.708610941327815
"_TCATGAGTCGCATTGA-2","Glut-CACNA1H-RA","Ex_CACNA1H_LHX9",0.274804952062729
"_TCATGCCAGCTAAGTA-2","Glut-CACNA1H-2","Ex_CACNA1H_LHX9",0.801605630803574
"_TCATGCCTCCGACATA-2","Glut-CACNA1H-1","Ex_CACNA1H_LHX9",0.844228250273829
"_TCATGCCTCTTCCAGC-2","Glut-CACNA1H-3","Ex_CACNA1H_LHX9",0.790330421091046
"_TCATGGAAGATGCGAC-2","Glut-CACNA1H-1","Ex_CACNA1H_LHX9",0.791593664431805
"_TCATGGATCAATCGGT-2","Glut-CACNA1H-1","Ex_CACNA1H_LHX9",0.785685127176781
"_TCATGGATCTTCGGAA-2","Glut-CACNA1H-1","Ex_CACNA1H_LHX9",0.817460205041016
"_TCATGTTGTCAGACGA-2","Glut-CACNA1H-1","Ex_CACNA1H_LHX9",0.792340957464724
"_TCATTACCACTTGAGT-2","Glut-CACNA1H-2","Ex_CACNA1H_LHX9",0.772244352053403
"_TCATTACTCTTGATTC-2","Glut-CACNA1H-1","Ex_CACNA1H_LHX9",0.811187113532289
"_TCATTCACAGGATTCT-2","Glut-CACNA1H-1","Ex_CACNA1H_LHX9",0.771551387573382
"_TCATTGTCACCTGCGA-2","Glut-CACNA1H-3","Ex_CACNA1H_LHX9",0.800234937869986
"_TCATTTGAGTTCCGGC-2","Glut-CACNA1H-2","Ex_CACNA1H_LHX9",0.791595900082731
"_TCCACGTAGGTCACAG-2","Glut-CACNA1H-1","Ex_CACNA1H_LHX9",0.83074841476616
"_TCCACGTTCCATTGGA-2","Glut-CACNA1H-2","Ex_CACNA1H_LHX9",0.758545898512454
"_TCCAGAACATAATGCC-2","Glut-CACNA1H-1","Ex_CACNA1H_LHX9",0.530925357987554
"_TCCAGAAGTCCAGTTA-2","Glut-CACNA1H-2","Ex_CACNA1H_LHX9",0.262271083847905
"_TCCAGAAGTCCTCATC-2","Glut-CACNA1H-2","Ex_CACNA1H_LHX9",0.798264297484203
"_TCCATCGCAATCTGCA-2","Glut-CACNA1H-1","Ex_CACNA1H_LHX9",0.388187241663937
"_TCCATCGCAGTGCGCT-2","Glut-CACNA1H-1","Ex_CACNA1H_LHX9",0.437049223901145
"_TCCATCGGTAACCCGC-2","Glut-DACH2-1","Ex_DACH2_GRIK4",0.373479617040863
"_TCCATCGGTGCCCAGT-2","Glut-CACNA1H-2","Ex_CACNA1H_LHX9",0.701574903892255
"_TCCATGCGTGCAAGAC-2","Glut-CACNA1H-1","Ex_CACNA1H_LHX9",0.759976970185529
"_TCCATGCTCCCTGTTG-2","Glut-CACNA1H-3","Ex_CACNA1H_LHX9",0.824458421907159
"_TCCCACAAGGTCCGAA-2","Glut-CACNA1H-1","Ex_CACNA1H_LHX9",0.812628071958679
"_TCCCACACAACACAAA-2","Glut-CACNA1H-2","Ex_CACNA1H_LHX9",0.750896556859085
"_TCCCACACACAGCATT-2","Glut-CACNA1H-2","Ex_CACNA1H_LHX9",0.750209196662952
"_TCCCACACAGCGTGCT-2","Glut-CACNA1H-2","Ex_CACNA1H_LHX9",0.799038519644082
"_TCCCACACATTGCCGG-2","Glut-CACNA1H-2","Ex_CACNA1H_LHX9",0.539692217859671
"_TCCCAGTAGCTAAGTA-2","Glut-DACH2-3","Ex_DACH2_SLIT2",0.473127896018282
"_TCCCAGTGTAGACGTG-2","Glut-CACNA1H-2","Ex_CACNA1H_LHX9",0.620728049964537
"_TCCCAGTGTCGTACAT-2","Glut-CACNA1H-2","Ex_CACNA1H_LHX9",0.791329452088653
"_TCCCATGGTTAGTTCG-2","Glut-CACNA1H-2","Ex_CACNA1H_LHX9",0.792172020737389
"_TCCGAAAGTCAACCTA-2","Glut-CACNA1H-2","Ex_CACNA1H_LHX9",0.546675511190105
"_TCCGATCAGTTTGAGA-2","Glut-CACNA1H-2","Ex_CACNA1H_LHX9",0.793556614175482
"_TCCGATCCAAGGCGTA-2","Glut-CACNA1H-1","Ex_CACNA1H_LHX9",0.758294732623655
"_TCCGATCTCCGCACGA-2","Glut-CACNA1H-3","Ex_CACNA1H_LHX9",0.771949669056294
"_TCCGATCTCTCCAAGA-2","Glut-CACNA1H-2","Ex_CACNA1H_LHX9",0.665535833376027
"_TCCGGGAGTCAGACGA-2","Glut-CACNA1H-3","Ex_CACNA1H_LHX9",0.744361844782771
"_TCCGGGAGTTGCATTG-2","Glut-CACNA1H-1","Ex_CACNA1H_LHX9",0.81908766033378
"_TCCGGGATCGCGTGCA-2","Glut-CACNA1H-3","Ex_CACNA1H_LHX9",0.763040858267953
"_TCCGTGTCAGGTGGAT-2","Glut-CACNA1H-3","Ex_CACNA1H_LHX9",0.568801096620903
"_TCCGTGTGTAGATTGA-2","Glut-CACNA1H-1","Ex_CACNA1H_LHX9",0.798277842066565
"_TCCGTGTGTTTCACAG-2","Glut-CACNA1H-1","Ex_CACNA1H_LHX9",0.831102459899486
"_TCCTAATTCCCTAGGG-2","Glut-CACNA1H-1","Ex_CACNA1H_LHX9",0.815184560065679
"_TCCTCCCAGAAGCGAA-2","Glut-CACNA1H-2","Ex_CACNA1H_LHX9",0.423776701660413
"_TCCTCCCCAAGTGGAC-2","Glut-CACNA1H-1","Ex_CACNA1H_LHX9",0.645729199178186
"_TCCTCGAAGTCCCGAC-2","Glut-CACNA1H-2","Ex_CACNA1H_LHX9",0.610993722424682
"_TCCTCGACAAGCACAG-2","Glut-CACNA1H-1","Ex_CACNA1H_LHX9",0.787606035428615
"_TCCTCGACAAGCTACT-2","Glut-CACNA1H-2","Ex_CACNA1H_LHX9",0.733453170858681
"_TCCTCTTAGAGTCTGG-2","Glut-CACNA1H-1","Ex_CACNA1H_LHX9",0.806754839684838
"_TCCTCTTAGCGGGTAT-2","Glut-CACNA1H-3","Ex_CACNA1H_LHX9",0.689948514715369
"_TCCTCTTGTCCGTTTC-2","Glut-CACNA1H-1","Ex_CACNA1H_LHX9",0.817556354656475
"_TCCTGCAAGCACTCGC-2","Glut-CACNA1H-1","Ex_CACNA1H_LHX9",0.82184914868594
"_TCCTGCACACATGACT-2","Glut-CACNA1H-1","Ex_CACNA1H_LHX9",0.797175890278491
"_TCCTGCAGTGACCTGC-2","Glut-CACNA1H-2","Ex_CACNA1H_LHX9",0.764807032282421
"_TCCTTCTAGCTGCCAC-2","Glut-CACNA1H-2","Ex_CACNA1H_LHX9",0.793320698629448
"_TCCTTCTAGTTGGGAC-2","Glut-CACNA1H-1","Ex_CACNA1H_LHX9",0.791998832618949
"_TCCTTCTCAACGGCCT-2","Glut-CACNA1H-2","Ex_CACNA1H_LHX9",0.737846165196089
"_TCCTTCTGTACAAGCG-2","Glut-CACNA1H-4","Ex_DACH2_SLIT2",0.454939956379494
"_TCCTTCTTCACCCTTG-2","Glut-CACNA1H-2","Ex_CACNA1H_LHX9",0.730806392274843
"_TCCTTCTTCGAGCTGC-2","Glut-CACNA1H-1","Ex_CACNA1H_LHX9",0.852579168180751
"_TCCTTTCAGATAGCAT-2","Glut-CACNA1H-2","Ex_CACNA1H_LHX9",0.37431411114574
"_TCCTTTCGTGCTTATG-2","Glut-CACNA1H-1","Ex_CACNA1H_LHX9",0.82819299986094
"_TCCTTTCTCCATTGTT-2","Glut-CACNA1H-2","Ex_CACNA1H_LHX9",0.730157100494152
"_TCCTTTCTCGTTCCTG-2","Glut-CACNA1H-2","Ex_CACNA1H_LHX9",0.728114431675534
"_TCGAACAGTGGACTGA-2","Glut-CACNA1H-1","Ex_CACNA1H_LHX9",0.814074081568149
"_TCGAACATCCGGACTG-2","Glut-CACNA1H-1","Ex_CACNA1H_LHX9",0.844802828418179
"_TCGAACATCGAGTACT-2","Glut-CACNA1H-2","Ex_CACNA1H_LHX9",0.735322956824519
"_TCGAAGTCAACACAGG-2","Glut-CACNA1H-3","Ex_CACNA1H_LHX9",0.722675615383693
"_TCGAAGTGTAACTGCT-2","Glut-CACNA1H-2","Ex_CACNA1H_LHX9",0.626060600356842
"_TCGAAGTGTGGTCTCG-2","Glut-CACNA1H-4","Ex_CACNA1H_LHX9",0.784073694446776
"_TCGAAGTTCCCAGTGG-2","Glut-CACNA1H-1","Ex_CACNA1H_LHX9",0.770905210404534
"_TCGACCTAGTCACTGT-2","Glut-CACNA1H-3","Ex_CACNA1H_LHX9",0.788497772457496
"_TCGACGGCACGCGTGT-2","Glut-CACNA1H-2","Ex_CACNA1H_LHX9",0.589503088653961
"_TCGACGGCAGGAATCG-2","Glut-CACNA1H-1","Ex_CACNA1H_LHX9",0.775026114864069
"_TCGATTTTCACACCGG-2","Glut-CACNA1H-2","Ex_CACNA1H_LHX9",0.482205785671145
"_TCGATTTTCAGACCTA-2","Glut-CACNA1H-3","Ex_CACNA1H_LHX9",0.807179317044393
"_TCGATTTTCCTCAGAA-2","Glut-DACH2-2","Ex_DACH2_LHX2",0.285473247672424
"_TCGCAGGAGGTTCTTG-2","Glut-CACNA1H-3","Ex_CACNA1H_LHX9",0.723778016383507
"_TCGCAGGCAGAGAGGG-2","Glut-CACNA1H-3","Ex_CACNA1H_LHX9",0.692039347723585
"_TCGCAGGGTAGGTGCA-2","Glut-CACNA1H-1","Ex_CACNA1H_LHX9",0.778796601625257
"_TCGCAGGGTGGACAGT-2","Glut-CACNA1H-3","Ex_CACNA1H_LHX9",0.783113758431587
"_TCGCAGGGTGTATTCG-2","Glut-CACNA1H-2","Ex_CACNA1H_LHX9",0.804575785956841
"_TCGCAGGTCACCTGGG-2","Glut-CACNA1H-4","Ex_CACNA1H_LHX9",0.850334549835898
"_TCGCAGGTCCCATGGG-2","Glut-CACNA1H-2","Ex_CACNA1H_LHX9",0.358422517913756
"_TCGCTCACATCGTGCG-2","Glut-CACNA1H-1","Ex_CACNA1H_LHX9",0.800481040833059
"_TCGCTCATCTGTCAGA-2","Glut-CACNA1H-3","Ex_CACNA1H_LHX9",0.780369441123447
"_TCGCTTGTCTTCGGTC-2","Glut-CACNA1H-4","Ex_CACNA1H_LHX9",0.823451342739765
"_TCGGATAAGGTTTACC-2","Glut-CACNA1H-2","Ex_CACNA1H_LHX9",0.634382283907683
"_TCGGATACATGTGCTA-2","Glut-CACNA1H-2","Ex_CACNA1H_LHX9",0.692913804704637
"_TCGGATAGTCTCCTGT-2","Glut-CACNA1H-1","Ex_CACNA1H_LHX9",0.492734310371428
"_TCGGATAGTTCCCACT-2","Glut-CACNA1H-1","Ex_CACNA1H_LHX9",0.794964181199318
"_TCGGATATCGAGAAAT-2","Glut-CACNA1H-3","Ex_CACNA1H_LHX9",0.727537336905608
"_TCGGGACGTGTGCCTG-2","Glut-CACNA1H-2","Ex_CACNA1H_LHX9",0.767032613333561
"_TCGGGACTCAACTGGT-2","Glut-CACNA1H-3","Ex_CACNA1H_LHX9",0.706734883148887
"_TCGGGACTCGTTTACT-2","Glut-CACNA1H-4","Ex_CACNA1H_LHX9",0.784851798752329
"_TCGGGCACAAGGCGTA-2","Glut-CACNA1H-4","Ex_CACNA1H_LHX9",0.795085752148658
"_TCGGGCATCACTTCTA-2","Glut-CACNA1H-2","Ex_CACNA1H_LHX9",0.382629681163779
"_TCGGGTGAGAATTGCA-2","Glut-DACH2-1","Ex_DACH2_GRIK4",0.278274310364669
"_TCGGGTGCAAATGCTC-2","Glut-CACNA1H-1","Ex_CACNA1H_LHX9",0.804721572852598
"_TCGGTCTAGACGACTG-2","Glut-CACNA1H-2","Ex_CACNA1H_LHX9",0.783992242451578
"_TCGTAGAGTCCAGCCA-2","Glut-CACNA1H-2","Ex_CACNA1H_LHX9",0.649754558084091
"_TCGTCCAAGGTCACAG-2","Glut-CACNA1H-1","Ex_CACNA1H_LHX9",0.814657281341645
"_TCGTCCACAACCACGC-2","Glut-CACNA1H-2","Ex_CACNA1H_LHX9",0.548560159077822
"_TCGTCCATCTAGGCCG-2","Glut-CACNA1H-1","Ex_CACNA1H_LHX9",0.386763020640487
"_TCGTGCTGTTGTGTTG-2","Glut-CACNA1H-2","Ex_CACNA1H_LHX9",0.719885764300571
"_TCGTGGGCAAGGCCTC-2","Glut-CACNA1H-4","Ex_CACNA1H_LHX9",0.65795607096477
"_TCGTGGGCATCCGAGC-2","Glut-DACH2-4","Ex_DACH2_ITGA9",0.324178831629193
"_TCTAACTGTGAATGTA-2","Glut-CACNA1H-2","Ex_CACNA1H_LHX9",0.450125823316006
"_TCTAACTTCATGAAAG-2","Glut-CACNA1H-2","Ex_CACNA1H_LHX9",0.759282788804706
"_TCTACATGTGCACAAG-2","Glut-CACNA1H-2","Ex_CACNA1H_LHX9",0.729416248798915
"_TCTACCGTCTCGCAGG-2","Glut-CACNA1H-1","Ex_CACNA1H_LHX9",0.669350051063303
"_TCTATACAGCCTCGTG-2","Glut-CACNA1H-1","Ex_CACNA1H_LHX9",0.832163269463554
"_TCTATACAGGTTATAG-2","Glut-CACNA1H-3","Ex_CACNA1H_LHX9",0.347803752659689
"_TCTATACCACCGTCGA-2","Glut-CACNA1H-2","Ex_CACNA1H_LHX9",0.735415685498461
"_TCTATCAGTTGGCCGT-2","Glut-CACNA1H-3","Ex_CACNA1H_LHX9",0.464638469209568
"_TCTCACGCACAGTCAT-2","Glut-DACH2-1","Ex_DACH2_GRIK4",0.391994809407495
"_TCTCAGCAGGACCCAA-2","Glut-CACNA1H-1","Ex_CACNA1H_LHX9",0.673121141236655
"_TCTCAGCGTCGCCTAG-2","Glut-CACNA1H-2","Ex_CACNA1H_LHX9",0.773565716229474
"_TCTCCGAAGCGTCTGC-2","Glut-CACNA1H-2","Ex_CACNA1H_LHX9",0.757097053954546
"_TCTCTGGAGTATGAAC-2","Glut-CACNA1H-1","Ex_CACNA1H_LHX9",0.76999131569834
"_TCTGGCTCACTTGGGC-2","Glut-CACNA1H-2","Ex_CACNA1H_LHX9",0.722111705684236
"_TCTGTCGGTTCCATTT-2","Glut-CACNA1H-2","Ex_CACNA1H_LHX9",0.661742261551805
"_TCTGTCGTCAAGTCTG-2","Glut-CACNA1H-4","Ex_CACNA1H_LHX9",0.795027650406747
"_TCTTAGTGTGAGCGAT-2","Glut-CACNA1H-2","Ex_CACNA1H_LHX9",0.503727015546527
"_TCTTAGTTCGCATGAT-2","Glut-CACNA1H-2","Ex_CACNA1H_LHX9",0.758498451373987
"_TCTTCCTGTTGTGGCC-2","Glut-CACNA1H-2","Ex_CACNA1H_LHX9",0.702902124316187
"_TCTTCCTGTTTGTTCT-2","Glut-CACNA1H-2","Ex_CACNA1H_LHX9",0.793211225122328
"_TCTTTGAAGCAATAAC-2","Glut-CACNA1H-1","Ex_CACNA1H_LHX9",0.822657605311567
"_TCTTTGAAGCACCGTC-2","Glut-CACNA1H-3","Ex_CACNA1H_LHX9",0.752067654186216
"_TCTTTGACATTGCCGG-2","Glut-CACNA1H-4","Ex_CACNA1H_LHX9",0.796444005667052
"_TCTTTGAGTCATTCCC-2","Glut-CACNA1H-1","Ex_CACNA1H_LHX9",0.758905626509402
"_TCTTTGAGTTGCATGT-2","Glut-CACNA1H-1","Ex_CACNA1H_LHX9",0.789149012029567
"_TCTTTGATCACCATGA-2","Glut-CACNA1H-1","Ex_CACNA1H_LHX9",0.772218793543988
"_TGAACGTAGAAGGGAT-2","Glut-CACNA1H-3","Ex_CACNA1H_LHX9",0.755661705041999
"_TGAACGTGTACTAACC-2","Glut-CACNA1H-2","Ex_CACNA1H_LHX9",0.585172389868799
"_TGAATCGAGTCATTGC-2","Glut-CACNA1H-1","Ex_CACNA1H_LHX9",0.815137985373769
"_TGAATCGCATCGGAAG-2","Glut-CACNA1H-3","Ex_CACNA1H_LHX9",0.813892383040196
"_TGAATCGGTGCCGGTT-2","Glut-CACNA1H-1","Ex_CACNA1H_LHX9",0.820863776575778
"_TGAATGCAGCCGCACT-2","Glut-CACNA1H-3","Ex_CACNA1H_LHX9",0.768733353946268
"_TGAATGCCAGACGGAT-2","Glut-CACNA1H-1","Ex_CACNA1H_LHX9",0.792825244322586
"_TGAATGCCATCAGCAT-2","Glut-CACNA1H-2","Ex_CACNA1H_LHX9",0.691090463349409
"_TGAATGCGTATTGACC-2","Glut-CACNA1H-2","Ex_DACH2_NR4A3",0.289873835517561
"_TGACCCTAGAATTGTG-2","Glut-CACNA1H-3","Ex_CACNA1H_LHX9",0.766911543117691
"_TGACGCGAGGTGCCAA-2","Glut-CACNA1H-2","Ex_CACNA1H_LHX9",0.799261978321094
"_TGACTCCCAAGCCATT-2","Glut-CACNA1H-1","Ex_CACNA1H_LHX9",0.803970503278789
"_TGACTCCGTGTAAACA-2","Glut-CACNA1H-4","Ex_CACNA1H_LHX9",0.770159664647763
"_TGACTCCTCCGTGACG-2","Glut-CACNA1H-1","Ex_CACNA1H_LHX9",0.759568806574101
"_TGAGACTAGTCCTGCG-2","Glut-CACNA1H-4","Ex_CACNA1H_LHX9",0.847121874790501
"_TGAGACTTCAACTGGT-2","Glut-CACNA1H-4","Ex_CACNA1H_LHX9",0.838789220697029
"_TGAGCATAGGTACTGG-2","Glut-CACNA1H-2","Ex_CACNA1H_LHX9",0.587965266508336
"_TGAGCATGTAGCTGCC-2","Glut-CACNA1H-4","Ex_DACH2_MGAT4C",0.18936057338004
"_TGAGCGCAGCACCCAC-2","Glut-CACNA1H-1","Ex_CACNA1H_LHX9",0.830343517852401
"_TGAGCGCCACCGTCGA-2","Glut-CACNA1H-1","Ex_CACNA1H_LHX9",0.839049039855362
"_TGAGCGCCAGGACATG-2","Glut-CACNA1H-3","Ex_CACNA1H_LHX9",0.825390007185136
"_TGAGCGCGTTCCGTTC-2","Glut-CACNA1H-2","Ex_CACNA1H_LHX9",0.726453554967954
"_TGAGCGCTCAGGACAG-2","Glut-CACNA1H-1","Ex_CACNA1H_LHX9",0.818751668977611
"_TGAGGAGCACGAAAGC-2","Glut-CACNA1H-3","Ex_CACNA1H_LHX9",0.767951708231487
"_TGAGGAGCATGCCGCA-2","Glut-CACNA1H-2","Ex_CACNA1H_LHX9",0.711968302962345
"_TGAGGAGGTGCCTAAT-2","Glut-CACNA1H-3","Ex_CACNA1H_LHX9",0.702654800216503
"_TGAGGGACAACAGAGC-2","Glut-CACNA1H-4","Ex_CACNA1H_LHX9",0.826288250435591
"_TGAGGTTCACGGATCC-2","Glut-CACNA1H-3","Ex_CACNA1H_LHX9",0.768157447117658
"_TGAGGTTGTGTCCCTT-2","Glut-CACNA1H-2","Ex_CACNA1H_LHX9",0.745866288324508
"_TGAGTCAAGTCTTCGA-2","Glut-CACNA1H-1","Ex_CACNA1H_LHX9",0.726602189455261
"_TGAGTCACACCAGTAT-2","Glut-CACNA1H-4","Ex_CACNA1H_LHX9",0.321869356947027
"_TGAGTCAGTGGGATTG-2","Glut-CACNA1H-1","Ex_CACNA1H_LHX9",0.827721361316962
"_TGAGTCAGTTCGGTTA-2","Glut-CACNA1H-3","Ex_CACNA1H_LHX9",0.75766715549303
"_TGATCAGAGAAGTCAT-2","Glut-CACNA1H-1","Ex_CACNA1H_LHX9",0.776875558303326
"_TGATCAGCAGGTTACT-2","Glut-CACNA1H-1","Ex_CACNA1H_LHX9",0.824912559187874
"_TGATCAGGTTGCATAC-2","Glut-CACNA1H-3","Ex_CACNA1H_LHX9",0.783284490997623
"_TGATCAGTCTAAGAAG-2","Glut-CACNA1H-1","Ex_CACNA1H_LHX9",0.84374848493823
"_TGATCTTCAAATCAGA-2","Glut-CACNA1H-2","Ex_CACNA1H_LHX9",0.739841931689307
"_TGATCTTGTAGTGATA-2","Glut-CACNA1H-1","Ex_CACNA1H_LHX9",0.800016793926834
"_TGATCTTTCATCCTAT-2","Glut-CACNA1H-4","Ex_CACNA1H_LHX9",0.814459349701566
"_TGATCTTTCGAGAATA-2","Glut-CACNA1H-RA","Ex_CACNA1H_LHX9",0.661216439919438
"_TGATGCACAGACCTGC-2","Glut-CACNA1H-2","Ex_CACNA1H_LHX9",0.555856995692668
"_TGATGCAGTCGCAGTC-2","Glut-CACNA1H-2","Ex_CACNA1H_LHX9",0.559215257837889
"_TGATGGTAGCAAGGAA-2","Glut-CACNA1H-2","Ex_CACNA1H_LHX9",0.707147159907942
"_TGATGGTAGGCTTCCG-2","Glut-CACNA1H-3","Ex_CACNA1H_LHX9",0.647541693382083
"_TGATGGTCATGAGAAT-2","Glut-CACNA1H-2","Ex_CACNA1H_LHX9",0.625589576623609
"_TGATGGTGTAGCCCTG-2","Glut-CACNA1H-4","Ex_CACNA1H_LHX9",0.865716195271064
"_TGATTCTAGGTACTGG-2","Glut-DACH2-1","Ex_DACH2_GRIK4",0.35304275107585
"_TGATTTCAGGCGACAT-2","Glut-CACNA1H-3","Ex_CACNA1H_LHX9",0.79184340338117
"_TGATTTCGTGTCATGT-2","Glut-CACNA1H-2","Ex_CACNA1H_LHX9",0.733731147040252
"_TGCAGATCAGCAGTTT-2","Glut-CACNA1H-4","Ex_CACNA1H_LHX9",0.769500863347296
"_TGCAGATGTGCCCGTA-2","Glut-CACNA1H-1","Ex_CACNA1H_LHX9",0.823536116758284
"_TGCAGATTCGGACCAC-2","Glut-CACNA1H-1","Ex_CACNA1H_LHX9",0.780587326169649
"_TGCAGATTCGGACTTA-2","Glut-DACH2-1","Ex_DACH2_MGAT4C",0.283894034122086
"_TGCAGGCAGCACTCCG-2","Glut-CACNA1H-3","Ex_CACNA1H_LHX9",0.753211250914049
"_TGCAGGCGTTGCAAGG-2","Glut-CACNA1H-1","Ex_CACNA1H_LHX9",0.67301542625413
"_TGCATCCAGGACTTCT-2","Glut-CACNA1H-4","Ex_CACNA1H_LHX9",0.663875799073045
"_TGCATCCAGGCCTTCG-2","Glut-CACNA1H-4","Ex_CACNA1H_LHX9",0.805547835099041
"_TGCATCCCACGTCATA-2","Glut-CACNA1H-1","Ex_CACNA1H_LHX9",0.824016607097983
"_TGCATCCGTTAGGCCC-2","Glut-CACNA1H-4","Ex_DACH2_SLIT2",0.335640470774268
"_TGCCGAGAGGTCACAG-2","Glut-CACNA1H-3","Ex_CACNA1H_LHX9",0.754858155521356
"_TGCCGAGGTTAAACAG-2","Glut-CACNA1H-4","Ex_CACNA1H_LHX9",0.861587045190212
"_TGCCGAGTCGCCGTGA-2","Glut-CACNA1H-2","Ex_CACNA1H_LHX9",0.795970740837329
"_TGCGACGCACGCGCTA-2","Glut-CACNA1H-2","Ex_CACNA1H_LHX9",0.720183093408782
"_TGCGATAAGAGGGTAA-2","Glut-CACNA1H-4","Ex_CACNA1H_LHX9",0.754309502982919
"_TGCGATAGTAGCGTTT-2","Glut-CACNA1H-1","Ex_CACNA1H_LHX9",0.765193501279602
"_TGCGGCACAATCGCCG-2","Glut-CACNA1H-1","Ex_CACNA1H_LHX9",0.834463645287859
"_TGCGGCAGTACCCGAC-2","Glut-CACNA1H-1","Ex_CACNA1H_LHX9",0.747336687794844
"_TGCGGCAGTAGGCAGT-2","Glut-CACNA1H-3","Ex_CACNA1H_LHX9",0.359903602991423
"_TGCGGCATCAAGCCGC-2","Glut-CACNA1H-1","Ex_CACNA1H_LHX9",0.748473492502501
"_TGCGGGTAGGACACTG-2","Glut-CACNA1H-3","Ex_CACNA1H_LHX9",0.747142035680878
"_TGCGGGTTCAATCCAG-2","Glut-CACNA1H-3","Ex_CACNA1H_LHX9",0.773090282195892
"_TGCGGGTTCGCTTGAA-2","Glut-CACNA1H-3","Ex_CACNA1H_LHX9",0.740366804078963
"_TGCTCCAGTGAGTTGG-2","Glut-CACNA1H-1","Ex_CACNA1H_LHX9",0.840324946718469
"_TGCTCGTAGACCTCAT-2","Glut-CACNA1H-2","Ex_CACNA1H_LHX9",0.755814365103138
"_TGCTCGTGTCTGATAC-2","Glut-CACNA1H-1","Ex_CACNA1H_LHX9",0.785226854439077
"_TGCTTCGAGGTGAGCT-2","Glut-CACNA1H-3","Ex_CACNA1H_LHX9",0.62656485320849
"_TGCTTCGTCCGAGATT-2","Glut-CACNA1H-4","Ex_CACNA1H_LHX9",0.82185932436393
"_TGCTTGCAGCACTCTA-2","Glut-CACNA1H-1","Ex_CACNA1H_LHX9",0.828086440048438
"_TGCTTGCAGCGGCTCT-2","Glut-CACNA1H-3","Ex_CACNA1H_LHX9",0.785677994339203
"_TGCTTGCAGTTTCGAC-2","Glut-CACNA1H-3","Ex_CACNA1H_LHX9",0.682359238603849
"_TGCTTGCCAAGAATAC-2","Glut-CACNA1H-1","Ex_CACNA1H_LHX9",0.598961205638597
"_TGCTTGCGTAGAGATT-2","Glut-CACNA1H-4","Ex_CACNA1H_LHX9",0.787713840438574
"_TGCTTGCTCAAGTTGC-2","Glut-CACNA1H-2","Ex_CACNA1H_LHX9",0.588510670843763
"_TGGAACTGTACGGTTT-2","Glut-CACNA1H-1","Ex_CACNA1H_LHX9",0.824524816242008
"_TGGAACTGTATGCGGA-2","Glut-CACNA1H-1","Ex_CACNA1H_LHX9",0.798418007125473
"_TGGAACTGTGCGAGTA-2","Glut-CACNA1H-4","Ex_CACNA1H_LHX9",0.725093318514149
"_TGGAACTGTTCAGTAC-2","Glut-CACNA1H-2","Ex_CACNA1H_LHX9",0.735918147168437
"_TGGAGAGAGCCGGAAT-2","Glut-CACNA1H-1","Ex_CACNA1H_LHX9",0.834155019600192
"_TGGAGAGAGGATGGCT-2","Glut-CACNA1H-3","Ex_CACNA1H_LHX9",0.788265525144941
"_TGGAGAGCATTGCAAC-2","Glut-CACNA1H-2","Ex_CACNA1H_LHX9",0.706664512041381
"_TGGAGAGGTATTGACC-2","Glut-CACNA1H-3","Ex_CACNA1H_LHX9",0.68041600393622
"_TGGAGGAAGTTTCTTC-2","Glut-CACNA1H-4","Ex_CACNA1H_LHX9",0.793116728148584
"_TGGAGGACAGCCGTCA-2","Glut-CACNA1H-4","Ex_CACNA1H_LHX9",0.695747600347431
"_TGGAGGATCCATAGGT-2","Glut-CACNA1H-1","Ex_CACNA1H_LHX9",0.783263476514674
"_TGGAGGATCTGGCCAG-2","Glut-CACNA1H-2","Ex_CACNA1H_LHX9",0.389334768526649
"_TGGATCAAGAGAGGTA-2","Glut-CACNA1H-4","Ex_CACNA1H_LHX9",0.854927617636851
"_TGGATCACATCACCAA-2","Glut-CACNA1H-2","Ex_CACNA1H_LHX9",0.422998362941294
"_TGGATCAGTTAGGGTG-2","Glut-CACNA1H-2","Ex_CACNA1H_LHX9",0.720294990188648
"_TGGATCATCGCTTGCT-2","Glut-CACNA1H-1","Ex_CACNA1H_LHX9",0.84177923158496
"_TGGATGTAGCAAACAT-2","Glut-CACNA1H-1","Ex_CACNA1H_LHX9",0.782183740825828
"_TGGATGTAGGCGTTAG-2","Glut-CACNA1H-2","Ex_CACNA1H_LHX9",0.548972488576497
"_TGGATGTCAAGAAACT-2","Glut-CACNA1H-2","Ex_CACNA1H_LHX9",0.632697220618406
"_TGGATGTCAATAGAGT-2","Glut-CACNA1H-2","Ex_CACNA1H_LHX9",0.32316442048543
"_TGGCGTGAGAGCATAT-2","Glut-CACNA1H-3","Ex_CACNA1H_LHX9",0.756173407225631
"_TGGGAAGAGTCGAATA-2","Glut-CACNA1H-1","Ex_CACNA1H_LHX9",0.735393085897826
"_TGGGAAGGTTTGGGAG-2","Glut-CACNA1H-2","Ex_CACNA1H_LHX9",0.761332219124933
"_TGGGAAGTCAGCAATC-2","Glut-CACNA1H-2","Ex_CACNA1H_LHX9",0.550042994508998
"_TGGGAGAAGATAGTGT-2","Glut-CACNA1H-2","Ex_CACNA1H_LHX9",0.733835912231487
"_TGGGAGAAGTTACGTC-2","Glut-CACNA1H-3","Ex_CACNA1H_LHX9",0.748493366075005
"_TGGGATTTCAAGAATG-2","Glut-CACNA1H-1","Ex_CACNA1H_LHX9",0.827499294240258
"_TGGGATTTCCATGCAA-2","Glut-CACNA1H-1","Ex_CACNA1H_LHX9",0.792691047040039
"_TGGGCGTCACAGCTGC-2","Glut-CACNA1H-3","Ex_CACNA1H_LHX9",0.774573226800328
"_TGGGCGTCATGAATCC-2","Glut-CACNA1H-1","Ex_CACNA1H_LHX9",0.79313693363405
"_TGGGCGTGTTTCAGAC-2","Glut-CACNA1H-1","Ex_CACNA1H_LHX9",0.803154270907054
"_TGGGCTGTCGGTCACG-2","Glut-CACNA1H-4","Ex_CACNA1H_LHX9",0.819163765681178
"_TGGGTTATCATGAAAG-2","Glut-CACNA1H-2","Ex_CACNA1H_LHX9",0.669662823775119
"_TGGTACAAGATCCTAC-2","Glut-CACNA1H-1","Ex_CACNA1H_LHX9",0.815138661378727
"_TGGTACATCGACCAAT-2","Glut-CACNA1H-2","Ex_CACNA1H_LHX9",0.68150716086656
"_TGGTGATCAACCGTAT-2","Glut-CACNA1H-1","Ex_CACNA1H_LHX9",0.733353350736154
"_TGGTGATGTATCTCGA-2","Glut-CACNA1H-2","Ex_CACNA1H_LHX9",0.735426080578868
"_TGGTGATGTCTGTAAC-2","Glut-CACNA1H-4","Ex_CACNA1H_LHX9",0.767722615476116
"_TGGTGATGTTGCCGCA-2","Glut-CACNA1H-1","Ex_CACNA1H_LHX9",0.471840739567742
"_TGGTGATTCTGACCCT-2","Glut-CACNA1H-4","Ex_CACNA1H_LHX9",0.821021605865342
"_TGGTTAGAGTCATAGA-2","Glut-CACNA1H-2","Ex_CACNA1H_LHX9",0.70746405689824
"_TGTAACGTCAGCGGAA-2","Glut-CACNA1H-1","Ex_CACNA1H_LHX9",0.811497953023733
"_TGTAACGTCCATTGGA-2","Glut-CACNA1H-1","Ex_CACNA1H_LHX9",0.786341843704448
"_TGTAACGTCTAGAACC-2","Glut-CACNA1H-2","Ex_CACNA1H_LHX9",0.774211766690287
"_TGTAAGCAGACGACTG-2","Glut-CACNA1H-1","Ex_CACNA1H_LHX9",0.451710629895366
"_TGTAAGCAGTTCCGGC-2","Glut-CACNA1H-3","Ex_CACNA1H_LHX9",0.713219823953054
"_TGTAAGCTCGCTGACG-2","Glut-CACNA1H-1","Ex_CACNA1H_LHX9",0.808534936502888
"_TGTACAGAGAATGTTG-2","Glut-CACNA1H-1","Ex_CACNA1H_LHX9",0.759053171090862
"_TGTACAGAGGTCACCC-2","Glut-CACNA1H-1","Ex_CACNA1H_LHX9",0.81703583719909
"_TGTACAGTCTTGGAAC-2","Glut-CACNA1H-1","Ex_CACNA1H_LHX9",0.810239147889458
"_TGTAGACTCTCAACGA-2","Glut-CACNA1H-1","Ex_CACNA1H_LHX9",0.809466165575949
"_TGTCAGAAGGAGAGTA-2","Glut-CACNA1H-1","Ex_CACNA1H_LHX9",0.820510097523013
"_TGTCAGAGTCGCGGTT-2","Glut-DACH2-1","Ex_DACH2_GRIK4",0.31552810701157
"_TGTCAGAGTGTTAAAG-2","Glut-CACNA1H-1","Ex_CACNA1H_LHX9",0.80130399327998
"_TGTCAGATCGTAGGAG-2","Glut-CACNA1H-2","Ex_CACNA1H_LHX9",0.737721670252743
"_TGTCCCAGTCACAGTT-2","Glut-CACNA1H-2","Ex_CACNA1H_LHX9",0.7254734446905
"_TGTCCCAGTCACCTTC-2","Glut-CACNA1H-3","Ex_CACNA1H_LHX9",0.798394835224818
"_TGTCCCATCGATACGT-2","Glut-CACNA1H-4","Ex_CACNA1H_LHX9",0.812806647166137
"_TGTCCTGCACGTACTA-2","Glut-CACNA1H-4","Ex_CACNA1H_LHX9",0.833004223962919
"_TGTCCTGGTCTGTAGT-2","Glut-CACNA1H-2","Ex_CACNA1H_LHX9",0.493762111040024
"_TGTCCTGGTGTCATTG-2","Glut-CACNA1H-2","Ex_CACNA1H_LHX9",0.603783477222481
"_TGTGAGTAGTGTACAA-2","Glut-CACNA1H-3","Ex_CACNA1H_LHX9",0.762104450776854
"_TGTGAGTTCATCCCGT-2","Glut-CACNA1H-2","Ex_CACNA1H_LHX9",0.787276715258224
"_TGTGATGCAAAGGAGA-2","Glut-CACNA1H-1","Ex_CACNA1H_LHX9",0.818652102855168
"_TGTGATGCAGGCTACC-2","Glut-CACNA1H-3","Ex_CACNA1H_LHX9",0.777035248755999
"_TGTGATGTCTGGTTGA-2","Glut-CACNA1H-2","Ex_CACNA1H_LHX9",0.555745501105419
"_TGTGCGGCACGTTGGC-2","Glut-CACNA1H-4","Ex_CACNA1H_LHX9",0.488375956185151
"_TGTGCGGCACTCCTTG-2","Glut-CACNA1H-4","Ex_CACNA1H_LHX9",0.830383692352592
"_TGTGCGGTCATGAGGG-2","Glut-CACNA1H-3","Ex_CACNA1H_LHX9",0.768690017627445
"_TGTGCGGTCGACCTAA-2","Glut-CACNA1H-2","Ex_CACNA1H_LHX9",0.692588460203221
"_TGTGTGAAGCAGATAT-2","Glut-CACNA1H-1","Ex_CACNA1H_LHX9",0.822486122996691
"_TGTGTGACAAGGCGTA-2","Glut-CACNA1H-2","Ex_CACNA1H_LHX9",0.769666174887038
"_TGTGTGAGTGTCCACG-2","Glut-CACNA1H-2","Ex_CACNA1H_LHX9",0.548409079370669
"_TGTTACTAGTTGCTCA-2","Glut-CACNA1H-3","Ex_CACNA1H_LHX9",0.799207725559702
"_TGTTACTGTTGTGCAT-2","Glut-CACNA1H-2","Ex_CACNA1H_LHX9",0.514715654936541
"_TGTTCCGGTCAGTCCG-2","Glut-CACNA1H-3","Ex_CACNA1H_LHX9",0.715731047233085
"_TGTTCCGGTCGAAACG-2","Glut-CACNA1H-1","Ex_CACNA1H_LHX9",0.823823213059763
"_TGTTCCGGTCTGGTTA-2","Glut-CACNA1H-2","Ex_CACNA1H_LHX9",0.770793280025212
"_TGTTCTAAGGCCCACT-2","Glut-CACNA1H-1","Ex_CACNA1H_LHX9",0.651226814511248
"_TGTTCTACAAATCCCA-2","Glut-CACNA1H-3","Ex_CACNA1H_LHX9",0.77748692772285
"_TGTTCTACAAGCTACT-2","Glut-CACNA1H-2","Ex_CACNA1H_LHX9",0.70843122331812
"_TGTTGAGCAGTATACC-2","Glut-CACNA1H-3","Ex_CACNA1H_LHX9",0.785515609912831
"_TGTTGAGCATCTTTCA-2","Glut-CACNA1H-3","Ex_CACNA1H_LHX9",0.824724959155961
"_TGTTGAGGTACAGTCT-2","Glut-CACNA1H-2","Ex_CACNA1H_LHX9",0.519460022706162
"_TGTTGGACAAGTATCC-2","Glut-CACNA1H-1","Ex_CACNA1H_LHX9",0.828451295448171
"_TGTTGGACAGACTCTA-2","Glut-CACNA1H-2","Ex_CACNA1H_LHX9",0.767880501747823
"_TGTTGGAGTTGCAAGG-2","Glut-CACNA1H-4","Ex_CACNA1H_LHX9",0.733556850421461
"_TGTTTGTAGCTAGAGC-2","Glut-CACNA1H-1","Ex_CACNA1H_LHX9",0.834698993102446
"_TGTTTGTTCAGACAAA-2","Glut-CACNA1H-1","Ex_CACNA1H_LHX9",0.8457394845303
"_TTAATCCTCCGTGGCA-2","Glut-CACNA1H-1","Ex_CACNA1H_LHX9",0.778118660526762
"_TTAATCCTCCTTTGAT-2","Glut-CACNA1H-2","Ex_CACNA1H_LHX9",0.672667424674907
"_TTAATCCTCGTCGCTT-2","Glut-CACNA1H-3","Ex_CACNA1H_LHX9",0.696292829519146
"_TTACAGGAGTCAATCC-2","Glut-CACNA1H-4","Ex_CACNA1H_LHX9",0.700171571943245
"_TTACAGGGTACGCGTC-2","Glut-CACNA1H-1","Ex_CACNA1H_LHX9",0.841512922612638
"_TTACCATAGTTCGGTT-2","Glut-CACNA1H-4","Ex_CACNA1H_LHX9",0.819635040122558
"_TTACCATAGTTGCGCC-2","Glut-CACNA1H-1","Ex_CACNA1H_LHX9",0.759971542762831
"_TTACCATCAGGACAGT-2","Glut-CACNA1H-2","Ex_CACNA1H_LHX9",0.566537480745444
"_TTACCATGTTGGCTAT-2","Glut-CACNA1H-3","Ex_CACNA1H_LHX9",0.764525282474564
"_TTACCGCGTCGGAACA-2","Glut-CACNA1H-2","Ex_CACNA1H_LHX9",0.467705759786416
"_TTACGCCAGGACTATA-2","Glut-CACNA1H-2","Ex_CACNA1H_LHX9",0.522407600586746
"_TTACGCCAGGCGAACT-2","Glut-CACNA1H-1","Ex_CACNA1H_LHX9",0.797825234731118
"_TTACGCCGTAGGGTAC-2","Glut-CACNA1H-2","Ex_CACNA1H_LHX9",0.711032706840922
"_TTACGCCTCTCGAGTA-2","Glut-CACNA1H-1","Ex_CACNA1H_LHX9",0.792386394095761
"_TTACGCCTCTTGGCTC-2","Glut-CACNA1H-2","Ex_CACNA1H_LHX9",0.79656536456374
"_TTACTGTCAGAACGCA-2","Glut-CACNA1H-2","Ex_CACNA1H_LHX9",0.575060278545725
"_TTAGGCAAGCCATTTG-2","Glut-CACNA1H-3","Ex_CACNA1H_LHX9",0.677330814336079
"_TTAGTCTGTCTGTGAT-2","Glut-CACNA1H-4","Ex_CACNA1H_LHX9",0.814386882738663
"_TTAGTCTTCCCGAATA-2","Glut-CACNA1H-2","Ex_CACNA1H_LHX9",0.759338386496795
"_TTATTGCAGAGACAAG-2","Glut-CACNA1H-2","Ex_CACNA1H_LHX9",0.589345059387421
"_TTCACCGTCGACGAGA-2","Glut-CACNA1H-4","Ex_CACNA1H_LHX9",0.793229987109176
"_TTCACGCTCAATCTTC-2","Glut-CACNA1H-1","Ex_CACNA1H_LHX9",0.761515652987117
"_TTCATGTAGTTTCGGT-2","Glut-CACNA1H-1","Ex_CACNA1H_LHX9",0.797077277100664
"_TTCATGTCACAACGAG-2","Glut-CACNA1H-2","Ex_CACNA1H_LHX9",0.547626846762072
"_TTCATGTCAGTTTCAG-2","Glut-CACNA1H-2","Ex_CACNA1H_LHX9",0.71746101291372
"_TTCATGTTCGACCAAT-2","Glut-CACNA1H-1","Ex_CACNA1H_LHX9",0.75472028088554
"_TTCATGTTCGTTGCCT-2","Glut-CACNA1H-2","Ex_CACNA1H_LHX9",0.677461206236253
"_TTCATGTTCTACACAG-2","Glut-CACNA1H-1","Ex_CACNA1H_LHX9",0.814343695797686
"_TTCATTGAGAGTCACG-2","Glut-CACNA1H-1","Ex_CACNA1H_LHX9",0.83695971774808
"_TTCATTGAGTTCATCG-2","Glut-CACNA1H-2","Ex_CACNA1H_LHX9",0.737129356339626
"_TTCCAATTCACCTGTC-2","Glut-CACNA1H-1","Ex_CACNA1H_LHX9",0.806566337953351
"_TTCCAATTCGGCATTA-2","Glut-CACNA1H-2","Ex_CACNA1H_LHX9",0.740164944999661
"_TTCCACGGTTGCCGCA-2","Glut-CACNA1H-1","Ex_CACNA1H_LHX9",0.818191248065671
"_TTCCGGTAGGGCTGAT-2","Glut-CACNA1H-3","Ex_CACNA1H_LHX9",0.837173728559362
"_TTCCGGTGTTATAGCC-2","Glut-CACNA1H-2","Ex_CACNA1H_LHX9",0.697369243819849
"_TTCCGGTTCATGGTAC-2","Glut-CACNA1H-4","Ex_CACNA1H_LHX9",0.822304394938949
"_TTCCGTGTCTCTGAGA-2","Glut-CACNA1H-3","Ex_CACNA1H_LHX9",0.458597278269563
"_TTCCTAAGTCAACGCC-2","Glut-DACH2-1","Ex_DACH2_GRIK4",0.308434564285692
"_TTCCTCTAGATGGGCT-2","Glut-CACNA1H-2","Ex_CACNA1H_LHX9",0.55654911557395
"_TTCCTCTTCATTGCGA-2","Glut-CACNA1H-1","Ex_CACNA1H_LHX9",0.780970045632402
"_TTCGATTTCCCAGCGA-2","Glut-CACNA1H-3","Ex_CACNA1H_LHX9",0.387910210993242
"_TTCGCTGGTGCGGCTT-2","Glut-CACNA1H-4","Ex_CACNA1H_LHX9",0.839992461218363
"_TTCGCTGGTTTCCATT-2","Glut-CACNA1H-3","Ex_CACNA1H_LHX9",0.751707716875071
"_TTCGGTCCATAATGAG-2","Glut-CACNA1H-1","Ex_CACNA1H_LHX9",0.822192690543753
"_TTCGGTCGTTGATGTC-2","Glut-CACNA1H-1","Ex_CACNA1H_LHX9",0.829363279894686
"_TTCTAACTCGAAACAA-2","Glut-CACNA1H-2","Ex_CACNA1H_LHX9",0.789483240539561
"_TTCTAGTAGAACCCGA-2","Glut-CACNA1H-2","Ex_CACNA1H_LHX9",0.739534752784279
"_TTCTAGTAGGTCGTGA-2","Glut-CACNA1H-2","Ex_CACNA1H_LHX9",0.610954826826341
"_TTCTAGTGTCGACTTA-2","Glut-CACNA1H-1","Ex_CACNA1H_LHX9",0.776537035116458
"_TTCTAGTGTGGATCGA-2","Glut-CACNA1H-1","Ex_CACNA1H_LHX9",0.788434646428515
"_TTCTGTAAGTTCTCTT-2","Glut-CACNA1H-2","Ex_CACNA1H_LHX9",0.749916986051926
"_TTCTTCCAGGCGAACT-2","Glut-CACNA1H-2","Ex_CACNA1H_LHX9",0.600599076901918
"_TTCTTCCCAGCGTGAA-2","Glut-CACNA1H-1","Ex_CACNA1H_LHX9",0.792259015393413
"_TTCTTCCGTCCTGGTG-2","Glut-CACNA1H-2","Ex_CACNA1H_LHX9",0.765463816619347
"_TTCTTCCGTGGCCCAT-2","Glut-CACNA1H-1","Ex_CACNA1H_LHX9",0.668353549185485
"_TTCTTGAAGTGGTGGT-2","Glut-CACNA1H-3","Ex_CACNA1H_LHX9",0.826919103376566
"_TTCTTGACACAATCTG-2","Glut-CACNA1H-3","Ex_CACNA1H_LHX9",0.708356653263318
"_TTCTTGAGTTACACTG-2","Glut-CACNA1H-1","Ex_CACNA1H_LHX9",0.770868657968836
"_TTCTTGAGTTCCATTT-2","Glut-CACNA1H-4","Ex_CACNA1H_LHX9",0.704381002294368
"_TTGAACGCAGATCCTA-2","Glut-DACH2-HVCra-Pre","Ex_DACH2_MGAT4C",0.244956166554434
"_TTGAACGTCATCGCAA-2","Glut-CACNA1H-3","Ex_CACNA1H_LHX9",0.734760249166839
"_TTGACCCAGCTGGCTC-2","Glut-DACH2-1","Ex_DACH2_MGAT4C",0.284128296744394
"_TTGACCCAGTAACGAT-2","Glut-CACNA1H-1","Ex_CACNA1H_LHX9",0.811055362903158
"_TTGACCCAGTTGGCTT-2","Glut-CACNA1H-2","Ex_CACNA1H_LHX9",0.767220476035447
"_TTGACCCCATAGAGGC-2","Glut-CACNA1H-2","Ex_CACNA1H_LHX9",0.702634273311838
"_TTGAGTGCAAGCCCAC-2","Glut-CACNA1H-3","Ex_CACNA1H_LHX9",0.803859774870006
"_TTGATGGCAGGAGACT-2","Glut-CACNA1H-2","Ex_CACNA1H_LHX9",0.718339980571147
"_TTGATGGGTGAATGTA-2","Glut-CACNA1H-3","Ex_CACNA1H_LHX9",0.814217571190155
"_TTGCATTAGCAACCAG-2","Glut-CACNA1H-1","Ex_CACNA1H_LHX9",0.834572213698309
"_TTGCATTCAAATGATG-2","Glut-CACNA1H-2","Ex_CACNA1H_LHX9",0.67262838071653
"_TTGCATTCATCTCGTC-2","Glut-CACNA1H-3","Ex_CACNA1H_LHX9",0.754387436540917
"_TTGCATTTCAGACCGC-2","Glut-CACNA1H-2","Ex_CACNA1H_LHX9",0.592223309427345
"_TTGCCTGAGTGGAATT-2","Glut-CACNA1H-4","Ex_DACH2_LHX2",0.306805170327095
"_TTGCCTGCACATACTG-2","Glut-CACNA1H-3","Ex_CACNA1H_LHX9",0.388008684055135
"_TTGCCTGGTATCCTCC-2","Glut-CACNA1H-2","Ex_CACNA1H_LHX9",0.810954068513673
"_TTGCCTGTCGAGTGAG-2","Glut-CACNA1H-2","Ex_CACNA1H_LHX9",0.777622788380165
"_TTGCGTCCATTCATCT-2","Glut-CACNA1H-1","Ex_CACNA1H_LHX9",0.786716597969636
"_TTGCGTCTCCGTTGGG-2","Glut-CACNA1H-2","Ex_CACNA1H_LHX9",0.816234648339141
"_TTGCTGCAGTATTAGG-2","Glut-CACNA1H-3","Ex_CACNA1H_LHX9",0.728808244848496
"_TTGCTGCCAGATCCTA-2","Glut-CACNA1H-2","Ex_CACNA1H_LHX9",0.811893875677293
"_TTGGATGAGCATCTTG-2","Glut-CACNA1H-2","Ex_CACNA1H_LHX9",0.763502671537791
"_TTGGATGCACGACAGA-2","Glut-CACNA1H-4","Ex_CACNA1H_LHX9",0.839266343726709
"_TTGGATGCAGCGACAA-2","Glut-CACNA1H-2","Ex_CACNA1H_LHX9",0.772223488776931
"_TTGGATGCATATAGCC-2","Glut-CACNA1H-1","Ex_CACNA1H_LHX9",0.8179851463221
"_TTGGATGGTTGTGCAT-2","Glut-CACNA1H-2","Ex_CACNA1H_LHX9",0.778072444743443
"_TTGGATGTCACCTTGC-2","Glut-CACNA1H-2","Ex_CACNA1H_LHX9",0.711941330598071
"_TTGGGATAGTCGTTAC-2","Glut-CACNA1H-3","Ex_CACNA1H_LHX9",0.590405552920777
"_TTGGGCGAGAGCAGCT-2","Glut-CACNA1H-3","Ex_CACNA1H_LHX9",0.787672342232363
"_TTGGGCGCAAGTTGGG-2","Glut-CACNA1H-4","Ex_CACNA1H_LHX9",0.802259655020579
"_TTGGGTAAGTAGACAT-2","Glut-CACNA1H-1","Ex_CACNA1H_LHX9",0.848885789533765
"_TTGGGTACACACAGCC-2","Glut-CACNA1H-4","Ex_CACNA1H_LHX9",0.784771746278009
"_TTGGTTTCAGCATCTA-2","Glut-CACNA1H-4","Ex_CACNA1H_LHX9",0.848886891477127
"_TTGGTTTGTCACGTGC-2","Glut-CACNA1H-1","Ex_CACNA1H_LHX9",0.798193015592319
"_TTGTGGATCAGCACCG-2","Glut-CACNA1H-1","Ex_CACNA1H_LHX9",0.773281725106834
"_TTGTGGATCGCAACAT-2","Glut-CACNA1H-1","Ex_CACNA1H_LHX9",0.523976304221323
"_TTGTGTTGTCAGTCTA-2","Glut-CACNA1H-3","Ex_CACNA1H_LHX9",0.772350344555312
"_TTGTGTTGTCCACATA-2","Glut-CACNA1H-1","Ex_CACNA1H_LHX9",0.813893795390642
"_TTGTGTTGTTAAGACA-2","Glut-CACNA1H-2","Ex_CACNA1H_LHX9",0.654551167927092
"_TTGTTCACATGTGGTT-2","Glut-DACH2-2","Ex_DACH2_MGAT4C",0.271954570784357
"_TTGTTCAGTCAACCTA-2","Glut-CACNA1H-1","Ex_CACNA1H_LHX9",0.797916810225738
"_TTGTTCAGTTTACACG-2","Glut-CACNA1H-2","Ex_CACNA1H_LHX9",0.668928302138844
"_TTGTTCATCCGGTTCT-2","Glut-CACNA1H-2","Ex_CACNA1H_LHX9",0.361818015182076
"_TTGTTGTCAGCTGTAT-2","Glut-CACNA1H-1","Ex_CACNA1H_LHX9",0.828749798473607
"_TTGTTGTCATGCAGCC-2","Glut-CACNA1H-2","Ex_CACNA1H_LHX9",0.604571540419098
"_TTGTTGTGTTGGCCGT-2","Glut-CACNA1H-2","Ex_CACNA1H_LHX9",0.732783339744236
"_TTGTTTGGTTGGACCC-2","Glut-CACNA1H-1","Ex_CACNA1H_LHX9",0.776206060178579
"_TTTACCACAACAACAA-2","Glut-CACNA1H-1","Ex_CACNA1H_LHX9",0.811594122664031
"_TTTACCACACGCAGTC-2","Glut-CACNA1H-2","Ex_CACNA1H_LHX9",0.378064747337836
"_TTTACCACATAGAATG-2","Glut-CACNA1H-1","Ex_CACNA1H_LHX9",0.812731248742176
"_TTTACGTAGGTGCCAA-2","Glut-CACNA1H-3","Ex_CACNA1H_LHX9",0.638211557167814
"_TTTACGTCACTTGTGA-2","Glut-CACNA1H-1","Ex_CACNA1H_LHX9",0.800248989377591
"_TTTAGTCCAATGCAAA-2","Glut-CACNA1H-1","Ex_CACNA1H_LHX9",0.806108198679026
"_TTTAGTCTCTCCACTG-2","Glut-CACNA1H-RA","Ex_CACNA1H_LHX9",0.637194136784474
"_TTTATGCAGGAACGAA-2","Glut-CACNA1H-2","Ex_CACNA1H_LHX9",0.57221674613181
"_TTTCACAAGGCGCTTC-2","Glut-CACNA1H-3","Ex_CACNA1H_LHX9",0.767021605647384
"_TTTCACAAGGGCAGGA-2","Glut-CACNA1H-3","Ex_CACNA1H_LHX9",0.791255700729324
"_TTTCAGTCATCCGCGA-2","Glut-DACH2-1","Ex_DACH2_MGAT4C",0.323130805399303
"_TTTCAGTGTAGTCCTA-2","Glut-CACNA1H-1","Ex_CACNA1H_LHX9",0.801797061020793
"_TTTCAGTTCCCAAGTA-2","Glut-CACNA1H-2","Ex_CACNA1H_LHX9",0.80562801259749
"_TTTCATGCAATTGAGA-2","Glut-CACNA1H-3","Ex_CACNA1H_LHX9",0.754639514267898
"_TTTCCTCTCAAGTAAG-2","Glut-CACNA1H-4","Ex_CACNA1H_LHX9",0.821220335833551
"_TTTCGATAGTATGATG-2","Glut-CACNA1H-1","Ex_CACNA1H_LHX9",0.833160218674478
"_TTTCGATTCCAACTGA-2","Glut-CACNA1H-1","Ex_CACNA1H_LHX9",0.820918164238702
"_TTTGACTAGAACTTCC-2","Glut-CACNA1H-2","Ex_DACH2_NR4A3",0.374053710735581
"_TTTGACTCAAAGAACT-2","Glut-CACNA1H-2","Ex_CACNA1H_LHX9",0.750633997431604
"_TTTGACTGTGAGACCA-2","Glut-CACNA1H-1","Ex_CACNA1H_LHX9",0.759981053303846
"_TTTGATCCACCACTGG-2","Glut-CACNA1H-1","Ex_CACNA1H_LHX9",0.761232294793938
"_TTTGATCTCTGCACCT-2","Glut-CACNA1H-1","Ex_CACNA1H_LHX9",0.785577258270093
"_TTTGGAGGTAGGTTTC-2","Glut-CACNA1H-3","Ex_CACNA1H_LHX9",0.667898619904544
"_TTTGGAGGTCTTAGTG-2","Glut-CACNA1H-2","Ex_CACNA1H_LHX9",0.628794544742196
"_TTTGGAGTCCAAACCA-2","Glut-DACH2-4","Ex_DACH2_ITGA9",0.367957016514052
"_TTTGGTTTCGGCCCAA-2","Glut-CACNA1H-1","Ex_CACNA1H_LHX9",0.742466689168573
"_TTTGTTGAGTCTTCGA-2","Glut-CACNA1H-2","Ex_CACNA1H_LHX9",0.743306377174956
"_TTTGTTGCAGGTTCGC-2","Glut-CACNA1H-3","Ex_CACNA1H_LHX9",0.810604384752033
"_TTTGTTGGTATTCCGA-2","Glut-CACNA1H-3","Ex_CACNA1H_LHX9",0.633667381434628
"_TTTGTTGGTTATGTCG-2","Glut-DACH2-1","Ex_DACH2_MGAT4C",0.293396211769552
"_AAACCCATCACAGTGT-3","Glut-DACH2-HVCra","Ex_DACH2_LHX2",0.465129052402989
"_AAACCCATCCAAAGGG-3","Glut-DACH2-HVCra-Pre","Ex_DACH2_NR4A3",0.519942440367477
"_AAACGAAGTACGATCT-3","Glut-DACH2-HVCra-Pre","Ex_DACH2_LHX2",0.401102113135232
"_AAACGAAGTCCAAAGG-3","Glut-DACH2-HVCra-Pre","Ex_DACH2_LHX2",0.541937167588369
"_AAACGCTCAGCTAACT-3","Glut-DACH2-HVCra","Ex_SATB2_SOX6",0.243518528771787
"_AAACGCTGTCAAAGAT-3","Glut-DACH2-1","Ex_DACH2_GRIK4",0.325983008263322
"_AAAGAACCATGATAGA-3","Glut-DACH2-HVCra","Ex_SATB2_SOX6",0.316130588197365
"_AAAGAACGTTCAGCGC-3","Glut-DACH2-HVCra","Ex_DACH2_MGAT4C",0.270522563983503
"_AAAGGATAGTTCTACG-3","Glut-DACH2-HVCra-Pre","Ex_DACH2_LHX2",0.33427359263559
"_AAAGGATGTTAACCTG-3","Glut-DACH2-HVCra","Ex_DACH2_MGAT4C",0.238109047580032
"_AAAGGGCCACGACAGA-3","Glut-DACH2-HVCra","Ex_SATB2_SOX6",0.189741186756035
"_AAAGGGCTCCACGGGT-3","Glut-DACH2-HVCra-Pre","Ex_DACH2_GRIK4",0.270765480576087
"_AAAGGTAAGTTACGAA-3","Glut-DACH2-HVCra-Pre","Ex_DACH2_LHX2",0.240870955245259
"_AAAGGTACAGAGGACT-3","Glut-DACH2-HVCra","Ex_DACH2_GRIK4",0.231785293417567
"_AAAGGTACAGGAGACT-3","Glut-DACH2-2","Ex_DACH2_LHX2",0.544072650227221
"_AAAGGTACATTGAGGG-3","Glut-DACH2-2","Ex_DACH2_GRIK4",0.328825230551679
"_AAAGTCCCAAAGAACT-3","Glut-DACH2-HVCra-Pre","Ex_DACH2_MGAT4C",0.244909684110236
"_AAAGTGATCGCGGACT-3","Glut-DACH2-HVCra","Ex_DACH2_GRIK4",0.247638183671405
"_AAATGGAAGATCCAAA-3","Glut-DACH2-HVCra-Pre","Ex_DACH2_GRIK4",0.331523888018927
"_AAATGGAGTAATGTGA-3","Glut-DACH2-HVCra-Pre","Ex_DACH2_LHX2",0.372368952154306
"_AAATGGAGTCTGTGGC-3","Glut-DACH2-HVCra","Ex_SATB2_SOX6",0.348852779413814
"_AAATGGATCGGACTGC-3","Glut-DACH2-HVCra","Ex_DACH2_GRIK4",0.297295064582995
"_AACAAAGGTGCAACGA-3","Glut-DACH2-2","Ex_DACH2_GRIK4",0.287114893793282
"_AACAACCAGTTGAAGT-3","Glut-DACH2-2","Ex_DACH2_GRIK4",0.239947507761957
"_AACAACCGTATGTCTG-3","Glut-DACH2-HVCx","Ex_DACH2_CEMIP",0.233094100375332
"_AACAAGAAGGTAGTCG-3","Glut-DACH2-2","Ex_DACH2_LHX2",0.359644726542106
"_AACAAGACACACACTA-3","Glut-DACH2-HVCra","Ex_SATB2_SOX6",0.18859773994623
"_AACAAGACACGTCATA-3","Glut-DACH2-2","Ex_DACH2_LHX2",0.523564667113005
"_AACAAGAGTAAGAACT-3","Glut-DACH2-2","Ex_DACH2_GRIK4",0.343204873982767
"_AACAAGATCCGGGACT-3","Glut-DACH2-HVCra-Pre","Ex_DACH2_MGAT4C",0.283259618367709
"_AACAAGATCTCTAAGG-3","Glut-DACH2-2","Ex_DACH2_GRIK4",0.2727532242065
"_AACAAGATCTGGCCTT-3","Glut-DACH2-2","Ex_DACH2_GRIK4",0.291700742439191
"_AACAAGATCTGGTGCG-3","Glut-DACH2-HVCra-Pre","Ex_DACH2_GRIK4",0.31441951583386
"_AACACACAGGTACAGC-3","Glut-DACH2-HVCx","Ex_DACH2_CEMIP",0.391590009784129
"_AACACACAGGTAGCAC-3","Glut-DACH2-HVCra","Ex_SATB2_SOX6",0.3545433058909
"_AACACACGTCCTTGTC-3","Glut-DACH2-HVCra-Pre","Ex_DACH2_CEMIP",0.182026429489865
"_AACACACGTGTCTTCC-3","Glut-DACH2-HVCra","Ex_DACH2_GRIK4",0.180876806247367
"_AACACACTCGGCATCG-3","Glut-DACH2-HVCra","Ex_SATB2_SOX6",0.391865794664051
"_AACAGGGAGTGAATAC-3","Glut-DACH2-1","Ex_DACH2_NR4A3",0.268357349994982
"_AACAGGGCATTAAGCC-3","Glut-DACH2-HVCra","Ex_SATB2_FOXP2",0.131757704830723
"_AACCATGCACCCTTGT-3","Glut-DACH2-HVCra","Ex_SATB2_SOX6",0.301447512932628
"_AACCATGGTGTAAATG-3","Glut-DACH2-HVCra-Pre","Ex_DACH2_MGAT4C",0.278201217340628
"_AACCCAAAGGTAAGAG-3","Glut-DACH2-HVCra-Pre","Ex_DACH2_LHX2",0.561750055577548
"_AACCCAAAGTAGAGTT-3","Glut-DACH2-HVCra-Pre","Ex_DACH2_LHX2",0.543934697635987
"_AACCCAAAGTGCTACT-3","Glut-DACH2-2","Ex_DACH2_GRIK4",0.297532456676292
"_AACCCAAGTTAAAGTG-3","Glut-DACH2-HVCra","Ex_DACH2_GRIK4",0.262153790908406
"_AACCCAAGTTATGGTC-3","Glut-DACH2-2","Ex_DACH2_LHX2",0.465805330762834
"_AACCCAATCTCACGAA-3","Glut-DACH2-HVCra-Pre","Ex_DACH2_LHX2",0.398439294654164
"_AACCTGAAGGAGCTGT-3","Glut-DACH2-HVCra-Pre","Ex_DACH2_LHX2",0.546239521492617
"_AACCTGACAGTCAACT-3","Glut-DACH2-HVCra","Ex_DACH2_MGAT4C",0.274245237334257
"_AACCTGAGTTTCGACA-3","Glut-DACH2-2","Ex_DACH2_LHX2",0.514976777224607
"_AACCTGATCGCACGGT-3","Glut-DACH2-HVCx","Ex_DACH2_CEMIP",0.337824080770821
"_AACCTTTGTTAGTTCG-3","Glut-DACH2-HVCx","Ex_DACH2_CEMIP",0.30615259121884
"_AACCTTTTCAACTGAC-3","Glut-DACH2-HVCra","Ex_DACH2_ADAMTS5",0.19875472225759
"_AACGAAAAGAGATCGC-3","Glut-DACH2-HVCra-Pre","Ex_DACH2_MGAT4C",0.261948041074852
"_AACGAAAAGAGTCAAT-3","Glut-DACH2-HVCra","Ex_SATB2_SOX6",0.405332774419636
"_AACGAAACATTCATCT-3","Glut-DACH2-HVCra","Ex_SATB2_SOX6",0.408993127993953
"_AACGAAATCGCTTGCT-3","Glut-DACH2-HVCx","Ex_CACNA1H_LHX9",0.389068773984294
"_AACGAAATCTTTCTAG-3","Glut-DACH2-HVCra-Pre","Ex_DACH2_GRIK4",0.456817593307721
"_AACGGGACAAGTATAG-3","Glut-DACH2-HVCra","Ex_DACH2_MGAT4C",0.25146794793907
"_AACGGGACACGTTCGG-3","Glut-DACH2-HVCx","Ex_DACH2_CEMIP",0.290831247109634
"_AACGGGACATGTGTCA-3","Glut-DACH2-2","Ex_DACH2_LHX2",0.267776341965901
"_AACGTCAAGGGCATGT-3","Glut-DACH2-2","Ex_DACH2_LHX2",0.548937251115076
"_AACGTCACAAACGAGC-3","Glut-DACH2-HVCra","Ex_DACH2_GRIK4",0.298238588262498
"_AACTTCTCATAGACTC-3","Glut-DACH2-2","Ex_DACH2_LHX2",0.296583029249762
"_AAGAACAGTGTGACCC-3","Glut-DACH2-HVCra-Pre","Ex_DACH2_GRIK4",0.252745581850562
"_AAGACAAGTACTTCCC-3","Glut-DACH2-2","Ex_DACH2_GRIK4",0.385949630542197
"_AAGACTCGTGGGTTGA-3","Glut-DACH2-HVCra","Ex_SATB2_SOX6",0.396930457243879
"_AAGACTCTCCCTCTCC-3","Glut-DACH2-HVCra-Pre","Ex_DACH2_MGAT4C",0.218557375539277
"_AAGACTCTCTCACCCA-3","Glut-DACH2-HVCx","Ex_SATB2_SOX6",0.225655534572602
"_AAGCATCCAACACTAC-3","Glut-DACH2-HVCra","Ex_SATB2_SOX6",0.363987027026877
"_AAGCATCCAGGTGAGT-3","Glut-DACH2-HVCra-Pre","Ex_DACH2_MGAT4C",0.219340039941709
"_AAGCATCGTATCGTAC-3","Glut-DACH2-2","Ex_DACH2_LHX2",0.463574501752719
"_AAGCATCTCCCGTTGT-3","Glut-DACH2-HVCra","Ex_SATB2_SOX6",0.248242183286347
"_AAGCCATTCAGGGATG-3","Glut-DACH2-HVCra","Ex_SATB2_SOX6",0.242411171378229
"_AAGCGAGAGGTACAAT-3","Glut-DACH2-HVCx","Ex_DACH2_CEMIP",0.199950800830949
"_AAGCGAGCATCCGAGC-3","Glut-DACH2-HVCx","Ex_CACNA1H_LHX9",0.26124928414191
"_AAGCGAGGTCCAAGAG-3","Glut-DACH2-HVCx","Ex_CACNA1H_LHX9",0.213261554274895
"_AAGCGAGTCTATCACT-3","Glut-DACH2-HVCra-Pre","Ex_DACH2_LHX2",0.355160927845781
"_AAGCGTTTCGAGCCTG-3","Glut-DACH2-HVCra","Ex_DACH2_MGAT4C",0.189987326094603
"_AAGGAATAGGCGAACT-3","Glut-DACH2-HVCra-Pre","Ex_DACH2_LHX2",0.518899189961278
"_AAGGAATAGGCTCTAT-3","Glut-DACH2-HVCra-Pre","Ex_DACH2_MGAT4C",0.280708015740847
"_AAGGAATAGTTAACGA-3","Glut-DACH2-HVCra","Ex_DACH2_MGAT4C",0.247442894244492
"_AAGGAATCACGGATCC-3","Glut-DACH2-HVCra-Pre","Ex_DACH2_GRIK4",0.297239036880058
"_AAGGAATGTCATCGCG-3","Glut-DACH2-HVCra","Ex_SATB2_OVOA",0.149072829757464
"_AAGGAATGTGAAGCGT-3","Glut-DACH2-HVCra-Pre","Ex_DACH2_GRIK4",0.237023755400253
"_AAGGAATTCACTGTCC-3","Glut-DACH2-HVCx","Ex_DACH2_CEMIP",0.33207085242044
"_AAGGTAACAGGTTCCG-3","Glut-DACH2-2","Ex_DACH2_LHX2",0.526001482762291
"_AAGGTAAGTGACACGA-3","Glut-DACH2-HVCra","Ex_SATB2_SOX6",0.242467743381987
"_AAGGTAATCCATCCGT-3","Glut-DACH2-HVCra","Ex_DACH2_ITGA9",0.176676388459529
"_AAGGTAATCCATCTCG-3","Glut-DACH2-HVCra","Ex_SATB2_SOX6",0.374538797479698
"_AAGGTAATCCTTTGAT-3","Glut-DACH2-HVCra","Ex_SATB2_SOX6",0.515371928300164
"_AAGGTAATCGGCTGGT-3","Glut-DACH2-HVCra","Ex_SATB2_SOX6",0.342949188568216
"_AAGTACCAGGCCTTCG-3","Glut-DACH2-HVCra","Ex_DACH2_LHX2",0.501581321393579
"_AAGTACCCAGACACCC-3","Glut-DACH2-HVCra","Ex_SATB2_SOX6",0.364988425615579
"_AAGTACCCAGTATACC-3","Glut-DACH2-HVCx","Ex_SATB2_SOX6",0.195545786327208
"_AAGTCGTAGATAGTGT-3","Glut-DACH2-4","Ex_DACH2_MGAT4C",0.198170463255138
"_AAGTCGTGTGCAGTGA-3","Glut-DACH2-2","Ex_DACH2_NR4A3",0.640735900244652
"_AAGTCGTTCCTGTTGC-3","Glut-DACH2-HVCra-Pre","Ex_DACH2_MGAT4C",0.235429094320749
"_AAGTGAAAGAGGTGCT-3","Glut-DACH2-HVCra","Ex_SATB2_SOX6",0.285539927580743
"_AAGTGAAAGGTTACAA-3","Glut-DACH2-HVCra","Ex_DACH2_MGAT4C",0.20447071390182
"_AATAGAGCAGAATTCC-3","Glut-DACH2-1","Ex_DACH2_ITGA9",0.23807885359426
"_AATCACGCAACGAGGT-3","Glut-DACH2-HVCx","Ex_CACNA1H_LHX9",0.332827086131866
"_AATCACGTCATCACCC-3","Glut-DACH2-HVCra","Ex_SATB2_SOX6",0.356663178539787
"_AATCGACAGTGAGGCT-3","Glut-DACH2-HVCra-Pre","Ex_DACH2_GRIK4",0.209391687062699
"_AATCGTGCAATAACCC-3","Glut-DACH2-2","Ex_DACH2_LHX2",0.378463914798738
"_AATCGTGCAGTAACGG-3","Glut-DACH2-2","Ex_DACH2_GRIK4",0.230739069114965
"_AATCGTGGTACTCCCT-3","Glut-DACH2-2","Ex_DACH2_LHX2",0.579225160183399
"_AATGAAGCAATACCCA-3","Glut-DACH2-HVCra-Pre","Ex_DACH2_NR4A3",0.272234657650058
"_AATGACCCAAGTGCTT-3","Glut-DACH2-HVCx","Ex_DACH2_CEMIP",0.452333135585109
"_AATGACCCACCGTCGA-3","Glut-DACH2-3","Ex_DACH2_ZMAT4",0.561956070438045
"_AATGACCCACTATGTG-3","Glut-DACH2-HVCx","Ex_SATB2_FOXP2",0.240553568560418
"_AATGACCCATACCGTA-3","Glut-DACH2-HVCra-Pre","Ex_DACH2_GRIK4",0.314538992335881
"_AATGACCCATCCAATG-3","Glut-DACH2-HVCx","Ex_SATB2_SOX6",0.296646579542146
"_AATGACCTCTAGCAAC-3","Glut-DACH2-2","Ex_DACH2_GRIK4",0.258090509857642
"_AATGCCAAGCCTAACT-3","Glut-DACH2-HVCx","Ex_SATB2_SOX6",0.262434192205362
"_AATGCCACACCTCTAC-3","Glut-DACH2-HVCx","Ex_CACNA1H_LHX9",0.320106947942206
"_AATGCCATCGATACTG-3","Glut-DACH2-HVCx","Ex_DACH2_ITGA9",0.252195616298446
"_AATGGCTAGAATCCCT-3","Glut-DACH2-HVCra","Ex_SATB2_SOX6",0.310497234628372
"_AATGGCTAGCCTCATA-3","Glut-DACH2-HVCra","Ex_SATB2_SOX6",0.283261053948024
"_AATGGCTCAATGCAAA-3","Glut-DACH2-2","Ex_DACH2_LHX2",0.411653783200586
"_AATGGCTCATAAGCAA-3","Glut-DACH2-5","Ex_DACH2_ADAMTS5",0.369137321777543
"_AATTCCTAGAGTGAAG-3","Glut-DACH2-HVCra-Pre","Ex_DACH2_NR4A3",0.224749963190662
"_AATTCCTCAGCTGTCG-3","Glut-DACH2-HVCx","Ex_SATB2_FOXP2",0.238566496940655
"_AATTTCCCATCCTGTC-3","Glut-DACH2-HVCra-Pre","Ex_DACH2_LHX2",0.312945428776464
"_ACAAAGACATCCTGTC-3","Glut-DACH2-HVCra","Ex_SATB2_SOX6",0.30978865666435
"_ACAAAGACATGTGGTT-3","Glut-DACH2-2","Ex_DACH2_LHX2",0.265027539459455
"_ACAAAGATCAGCGCAC-3","Glut-DACH2-HVCra","Ex_SATB2_SOX6",0.31563154476911
"_ACAAAGATCTATCGGA-3","Glut-DACH2-HVCra","Ex_SATB2_SOX6",0.238342804898229
"_ACAACCACAAGATGGC-3","Glut-DACH2-HVCra","Ex_SATB2_SOX6",0.254406311511989
"_ACAACCAGTACGCTAT-3","Glut-DACH2-HVCra-Pre","Ex_DACH2_LHX2",0.379617124262622
"_ACAACCATCTCATAGG-3","Glut-DACH2-2","Ex_DACH2_LHX2",0.385927677636482
"_ACAAGCTCATGAGAAT-3","Glut-DACH2-HVCra-Pre","Ex_DACH2_GRIK4",0.315279194301808
"_ACACAGTAGCATACTC-3","Glut-DACH2-HVCra-Pre","Ex_DACH2_MGAT4C",0.232904952755191
"_ACACAGTCAAATGGAT-3","Glut-DACH2-3","Ex_DACH2_SLIT2",0.700711136272063
"_ACACAGTCAACCGCCA-3","Glut-DACH2-1","Ex_DACH2_NR4A3",0.316803212281908
"_ACACAGTGTACCTTCC-3","Glut-DACH2-HVCra","Ex_DACH2_CEMIP",0.23564170990867
"_ACACAGTGTTAAACCC-3","Glut-DACH2-HVCra-Pre","Ex_DACH2_GRIK4",0.284787674793502
"_ACACCAAGTGCTGATT-3","Glut-DACH2-HVCra","Ex_SATB2_SOX6",0.366488991650385
"_ACACCAATCCATCCGT-3","Glut-DACH2-HVCra-Pre","Ex_DACH2_GRIK4",0.200417264546683
"_ACACTGACACATGTTG-3","Glut-DACH2-3","Ex_DACH2_ZMAT4",0.447433853744428
"_ACACTGATCCGTGTCT-3","Glut-DACH2-HVCra","Ex_SATB2_SOX6",0.308242028556806
"_ACAGAAAAGATGAAGG-3","Glut-DACH2-HVCra","Ex_SATB2_SOX6",0.280509970697947
"_ACAGAAAGTACCGTCG-3","Glut-DACH2-HVCra-Pre","Ex_DACH2_MGAT4C",0.306125127403387
"_ACAGAAATCCTATTGT-3","Glut-DACH2-HVCra","Ex_SATB2_SOX6",0.301720116190623
"_ACAGCCGCAACCAGAG-3","Glut-DACH2-HVCx","Ex_DACH2_CEMIP",0.315031372034404
"_ACAGCCGGTATCGATC-3","Glut-DACH2-HVCx","Ex_DACH2_CEMIP",0.312140114139419
"_ACAGCCGTCACTAGCA-3","Glut-DACH2-HVCra","Ex_DACH2_MGAT4C",0.197849351502372
"_ACAGCCGTCTTACCAT-3","Glut-DACH2-HVCra-Pre","Ex_DACH2_LHX2",0.519515803220307
"_ACAGGGACAGACCAGA-3","Glut-DACH2-HVCra-Pre","Ex_DACH2_MGAT4C",0.313947998181618
"_ACAGGGATCCTTACCG-3","Glut-DACH2-1","Ex_DACH2_MGAT4C",0.326178224871626
"_ACATCCCAGTTTAGGA-3","Glut-DACH2-HVCra","Ex_DACH2_GRIK4",0.217810716603604
"_ACATCCCCACAGACGA-3","Glut-DACH2-HVCx","Ex_DACH2_CEMIP",0.352488349643096
"_ACATCCCCACCAGGTC-3","Glut-DACH2-2","Ex_DACH2_LHX2",0.569026830060367
"_ACATCCCGTGCAGTGA-3","Glut-DACH2-HVCra-Pre","Ex_DACH2_MGAT4C",0.345872667618881
"_ACATCGAAGCTCTTCC-3","Glut-DACH2-HVCra","Ex_DACH2_ADAMTS5",0.21219528362468
"_ACATCGACAACCGGAA-3","Glut-DACH2-HVCra-Pre","Ex_DACH2_LHX2",0.339319172957805
"_ACATCGAGTGCGAGTA-3","Glut-DACH2-HVCra","Ex_SATB2_SOX6",0.471609830942754
"_ACATCGATCCCGAGAC-3","Glut-DACH2-HVCra","Ex_SATB2_SOX6",0.284206880560425
"_ACATCGATCTGCTAGA-3","Glut-DACH2-HVCra","Ex_DACH2_ADAMTS5",0.197181174185834
"_ACATGCACACTGCGAC-3","Glut-DACH2-2","Ex_DACH2_LHX2",0.467790509157697
"_ACATGCACAGGTTTAC-3","Glut-DACH2-1","Ex_DACH2_GRIK4",0.404141617334287
"_ACATGCACATTGCCTC-3","Glut-DACH2-HVCra-Pre","Ex_DACH2_GRIK4",0.392691755304182
"_ACATGCAGTAATCAAG-3","Glut-DACH2-HVCra","Ex_SATB2_SOX6",0.246250816869686
"_ACATGCAGTCTACGAT-3","Glut-DACH2-1","Ex_DACH2_NR4A3",0.661125634448372
"_ACATGCAGTGCCCACA-3","Glut-DACH2-HVCra-Pre","Ex_DACH2_NR4A3",0.555591989751094
"_ACATGCATCCTATGGA-3","Glut-DACH2-HVCx","Ex_SATB2_SOX6",0.240620337172937
"_ACATTTCAGCATCTTG-3","Glut-DACH2-HVCx","Ex_CACNA1H_LHX9",0.3135656345527
"_ACATTTCCAAGAAACT-3","Glut-DACH2-2","Ex_DACH2_GRIK4",0.219817465306514
"_ACATTTCCAGGTGTGA-3","Glut-DACH2-HVCra","Ex_SATB2_SOX6",0.362110747871645
"_ACCAAACCACTGTCGG-3","Glut-DACH2-HVCx","Ex_CACNA1H_LHX9",0.387344681295013
"_ACCAAACGTCAAGCGA-3","Glut-DACH2-HVCra","Ex_SATB2_SOX6",0.199717094816033
"_ACCAACAAGACAAGCC-3","Glut-DACH2-HVCra","Ex_DACH2_MGAT4C",0.217129513276104
"_ACCAACAAGACCAAAT-3","Glut-DACH2-HVCx","Ex_CACNA1H_LHX9",0.258724229687044
"_ACCAACAAGTTGGAGC-3","Glut-DACH2-HVCra-Pre","Ex_DACH2_MGAT4C",0.224821920767944
"_ACCAACACAACCTAAC-3","Glut-DACH2-3","Ex_DACH2_SLIT2",0.59934807532362
"_ACCACAAAGCCTGGAA-3","Glut-DACH2-HVCra-Pre","Ex_DACH2_GRIK4",0.273815484699582
"_ACCACAACAATAACGA-3","Glut-DACH2-HVCx","Ex_DACH2_CEMIP",0.303343789877114
"_ACCACAAGTTCCTAAG-3","Glut-DACH2-HVCx","Ex_DACH2_CEMIP",0.331948650410653
"_ACCATTTAGTAACGAT-3","Glut-DACH2-HVCra","Ex_DACH2_MGAT4C",0.221573631194623
"_ACCATTTTCGTCGATA-3","Glut-DACH2-1","Ex_DACH2_GRIK4",0.534550526742805
"_ACCCAAACACACGCCA-3","Glut-DACH2-HVCx","Ex_DACH2_CEMIP",0.200924836932135
"_ACCCTCAGTGGATCAG-3","Glut-DACH2-HVCx","Ex_DACH2_CEMIP",0.284356144362689
"_ACCCTTGGTAGAGATT-3","Glut-DACH2-2","Ex_DACH2_LHX2",0.43986215440846
"_ACCCTTGGTAGGAGGG-3","Glut-DACH2-5","Ex_DACH2_LHX2",0.369844165878215
"_ACCGTTCAGAACGTGC-3","Glut-DACH2-HVCra","Ex_DACH2_GRIK4",0.453887809151096
"_ACCGTTCGTCGTGATT-3","Glut-DACH2-HVCra-Pre","Ex_DACH2_MGAT4C",0.281118644910378
"_ACCGTTCGTGACATCT-3","Glut-DACH2-HVCx","Ex_SATB2_SOX6",0.232690963570238
"_ACCGTTCGTGTGTCGC-3","Glut-DACH2-2","Ex_DACH2_LHX2",0.224705175385072
"_ACCGTTCTCGCAACAT-3","Glut-DACH2-HVCra","Ex_DACH2_CEMIP",0.169894504384582
"_ACCTACCAGGTGGGTT-3","Glut-DACH2-HVCx","Ex_DACH2_CEMIP",0.177799663826953
"_ACCTACCTCTCCCATG-3","Glut-DACH2-HVCra","Ex_SATB2_SOX6",0.402422576139096
"_ACCTGAAAGGGCATGT-3","Glut-DACH2-HVCra-Pre","Ex_DACH2_MGAT4C",0.355676360971128
"_ACCTGAACACAACGAG-3","Glut-DACH2-HVCra-Pre","Ex_DACH2_GRIK4",0.286414514427741
"_ACCTGAAGTATGGTTC-3","Glut-DACH2-HVCra-Pre","Ex_DACH2_MGAT4C",0.320142336523466
"_ACCTGTCTCTTGGTGA-3","Glut-DACH2-HVCra-Pre","Ex_DACH2_MGAT4C",0.202835844945209
"_ACGATCAAGTTCAACC-3","Glut-DACH2-HVCra","Ex_DACH2_GRIK4",0.158539792604062
"_ACGATCAGTCCACATA-3","Glut-DACH2-1","Ex_DACH2_GRIK4",0.331910108403185
"_ACGATGTAGAACGTGC-3","Glut-DACH2-HVCra","Ex_DACH2_MGAT4C",0.232528997813867
"_ACGATGTAGGTTCACT-3","Glut-DACH2-HVCra-Pre","Ex_DACH2_MGAT4C",0.246323176433947
"_ACGATGTAGTTTCAGC-3","Glut-DACH2-HVCra","Ex_SATB2_SOX6",0.380733717209892
"_ACGGAAGCATGAATCC-3","Glut-DACH2-2","Ex_DACH2_LHX2",0.31139054780108
"_ACGGGTCAGCCTCAAT-3","Glut-DACH2-2","Ex_DACH2_LHX2",0.380213025010382
"_ACGGGTCAGCTTACGT-3","Glut-DACH2-HVCra","Ex_SATB2_SOX6",0.382042067792434
"_ACGGGTCCAGATGCGA-3","Glut-DACH2-HVCx","Ex_DACH2_ITGA9",0.358429961783469
"_ACGGGTCCAGCGTATT-3","Glut-DACH2-HVCra-Pre","Ex_DACH2_LHX2",0.481894130909769
"_ACGGGTCCAGGCTCTG-3","Glut-DACH2-HVCra-Pre","Ex_DACH2_MGAT4C",0.359461831255905
"_ACGGGTCTCTCGCGTT-3","Glut-DACH2-HVCra-Pre","Ex_DACH2_LHX2",0.506854115686205
"_ACGGTCGAGCAGCAGT-3","Glut-DACH2-2","Ex_DACH2_LHX2",0.567882792613837
"_ACGGTCGCAAGCGCAA-3","Glut-DACH2-HVCra-Pre","Ex_DACH2_MGAT4C",0.272682524425267
"_ACGGTCGGTAGCGTTT-3","Glut-DACH2-2","Ex_DACH2_LHX2",0.21838279794719
"_ACGGTCGGTCGACTTA-3","Glut-DACH2-HVCra-Pre","Ex_DACH2_MGAT4C",0.26177526289175
"_ACGGTTAAGAAGTCCG-3","Glut-DACH2-HVCra-Pre","Ex_DACH2_ITGA9",0.22894725433875
"_ACGGTTAAGATACAGT-3","Glut-DACH2-HVCra-Pre","Ex_DACH2_MGAT4C",0.308790278344489
"_ACGGTTAAGCTGCCAC-3","Glut-DACH2-HVCx","Ex_DACH2_CEMIP",0.232245238341777
"_ACGGTTACAGACCCGT-3","Glut-DACH2-HVCra","Ex_SATB2_SOX6",0.32822675422807
"_ACGGTTACAGGTTCGC-3","Glut-DACH2-HVCra","Ex_DACH2_LHX2",0.241996741628502
"_ACGTAACCAACCTAAC-3","Glut-DACH2-7","Ex_DACH2_GRIK4",0.3320752431514
"_ACGTAACTCGAAGCCC-3","Glut-DACH2-HVCra-Pre","Ex_DACH2_LHX2",0.307321046440553
"_ACGTACAAGGAGAGGC-3","Glut-DACH2-HVCra-Pre","Ex_DACH2_LHX2",0.557386303456901
"_ACGTACATCTCCAATT-3","Glut-DACH2-HVCx","Ex_CACNA1H_LHX9",0.303350528548438
"_ACGTAGTTCAGCTGAT-3","Glut-DACH2-HVCra","Ex_DACH2_MGAT4C",0.174803011815259
"_ACGTTCCAGACGGAAA-3","Glut-DACH2-HVCra","Ex_DACH2_GRIK4",0.20468847300096
"_ACTATCTAGTACCATC-3","Glut-DACH2-HVCra","Ex_SATB2_SOX6",0.210766258146794
"_ACTATCTTCTCAACGA-3","Glut-DACH2-HVCra","Ex_SATB2_SOX6",0.191453406621683
"_ACTATGGAGTAATACG-3","Glut-DACH2-HVCx","Ex_DACH2_CEMIP",0.275659403541903
"_ACTATGGCACGCGGTT-3","Glut-DACH2-HVCra-Pre","Ex_DACH2_GRIK4",0.257536393996014
"_ACTATGGGTGGTATGG-3","Glut-DACH2-2","Ex_DACH2_LHX2",0.492415158196127
"_ACTATTCAGGAGTACC-3","Glut-DACH2-HVCra","Ex_SATB2_SOX6",0.514032704101413
"_ACTATTCCAAGGAGTC-3","Glut-DACH2-HVCx","Ex_DACH2_CEMIP",0.304732108672061
"_ACTATTCCATGTAACC-3","Glut-DACH2-2","Ex_DACH2_GRIK4",0.244815215712834
"_ACTATTCGTTGCAAGG-3","Glut-DACH2-HVCra","Ex_DACH2_MGAT4C",0.247465457901533
"_ACTATTCTCGGCTGAC-3","Glut-DACH2-HVCra","Ex_SATB2_SOX6",0.179596137050921
"_ACTCCCAGTGATACAA-3","Glut-DACH2-HVCra-Pre","Ex_DACH2_GRIK4",0.276398173516345
"_ACTCCCATCCTACGGG-3","Glut-DACH2-HVCx","Ex_DACH2_CEMIP",0.281168857037983
"_ACTCTCGAGACTCATC-3","Glut-DACH2-HVCra-Pre","Ex_DACH2_GRIK4",0.282486185100569
"_ACTCTCGGTGGCTAGA-3","Glut-DACH2-HVCra","Ex_SATB2_SOX6",0.449492700794563
"_ACTGATGCAAGTGATA-3","Glut-DACH2-HVCra","Ex_SATB2_OVOA",0.220116083953926
"_ACTGCAAGTGAGTTTC-3","Glut-DACH2-HVCra-Pre","Ex_DACH2_GRIK4",0.333341427021339
"_ACTGTCCAGTATAGAC-3","Glut-DACH2-HVCra-Pre","Ex_DACH2_GRIK4",0.466009575731414
"_ACTGTCCCACAGCGCT-3","Glut-DACH2-2","Ex_DACH2_LHX2",0.567584346948974
"_ACTGTGACACTCCCTA-3","Glut-DACH2-HVCra","Ex_SATB2_SOX6",0.331069007087476
"_ACTGTGACATGATAGA-3","Glut-DACH2-2","Ex_DACH2_LHX2",0.52684802197832
"_ACTGTGAGTAACGTTC-3","Glut-DACH2-HVCra","Ex_DACH2_MGAT4C",0.213493641467162
"_ACTTAGGGTCCACGCA-3","Glut-DACH2-HVCra","Ex_SATB2_SOX6",0.127921986431159
"_ACTTAGGTCTCGCAGG-3","Glut-DACH2-HVCx","Ex_DACH2_ITGA9",0.233185450266338
"_ACTTATCAGTTTGAGA-3","Glut-DACH2-HVCra","Ex_SATB2_SOX6",0.22550817254661
"_ACTTCCGAGCCGTTAT-3","Glut-DACH2-HVCra","Ex_DACH2_GRIK4",0.210306378597
"_ACTTCGCAGTACTGTC-3","Glut-DACH2-HVCra","Ex_SATB2_SOX6",0.394918904511766
"_ACTTCGCCACGTACAT-3","Glut-DACH2-1","Ex_DACH2_LHX2",0.493697291558092
"_ACTTCGCCAGTTACCA-3","Glut-DACH2-HVCra","Ex_SATB2_SOX6",0.425281399741975
"_ACTTCGCTCATTCATC-3","Glut-DACH2-HVCra-Pre","Ex_DACH2_LHX2",0.490100598496189
"_ACTTTCAGTACAGAAT-3","Glut-DACH2-HVCra-Pre","Ex_DACH2_MGAT4C",0.256163128138283
"_ACTTTGTAGTAGTCAA-3","Glut-DACH2-2","Ex_DACH2_LHX2",0.406953686313664
"_ACTTTGTAGTGTACCT-3","Glut-DACH2-HVCra-Pre","Ex_DACH2_LHX2",0.582586801033921
"_ACTTTGTGTTGGCCGT-3","Glut-DACH2-HVCra-Pre","Ex_DACH2_MGAT4C",0.291491560630556
"_AGAACAAGTATCCTTT-3","Glut-DACH2-HVCra-Pre","Ex_DACH2_LHX2",0.450888585500207
"_AGAACAATCTCCGCAT-3","Glut-DACH2-HVCra","Ex_SATB2_SOX6",0.389857541978422
"_AGAACCTCAGTGGGTA-3","Glut-DACH2-HVCra-Pre","Ex_DACH2_LHX2",0.333429714304006
"_AGAACCTTCTCGTTTA-3","Glut-DACH2-HVCra-Pre","Ex_DACH2_LHX2",0.434439273490611
"_AGAAGCGAGCTTGTGT-3","Glut-DACH2-2","Ex_DACH2_LHX2",0.529520041485111
"_AGAAGCGCATTCGATG-3","Glut-DACH2-HVCra-Pre","Ex_DACH2_MGAT4C",0.27684071406954
"_AGAAGCGGTATGCGTT-3","Glut-DACH2-2","Ex_DACH2_GRIK4",0.257022511900791
"_AGAAGCGGTGGTTTAC-3","Glut-DACH2-2","Ex_DACH2_LHX2",0.538906038813502
"_AGAAGCGTCACCTGTC-3","Glut-DACH2-HVCx","Ex_SATB2_FOXP2",0.25124674592682
"_AGAAGCGTCCTCCACA-3","Glut-DACH2-HVCra-Pre","Ex_DACH2_GRIK4",0.265176708159405
"_AGAAGCGTCGCTCCTA-3","Glut-DACH2-HVCra-Pre","Ex_DACH2_GRIK4",0.334786855259138
"_AGAAGTACATCTAACG-3","Glut-DACH2-HVCra","Ex_DACH2_GRIK4",0.238302859044489
"_AGAAGTACATTCAGCA-3","Glut-DACH2-HVCra-Pre","Ex_DACH2_MGAT4C",0.255562826105955
"_AGAAGTAGTATCGCTA-3","Glut-DACH2-HVCra","Ex_DACH2_GRIK4",0.160063363693806
"_AGAAGTATCGTGACTA-3","Glut-DACH2-2","Ex_DACH2_MGAT4C",0.235143442121294
"_AGAAGTATCGTGGAAG-3","Glut-DACH2-HVCra-Pre","Ex_DACH2_LHX2",0.390128055505803
"_AGACAAAAGGTGCGAT-3","Glut-DACH2-HVCra","Ex_SATB2_SOX6",0.319061850680942
"_AGACAAAGTTAAGGAT-3","Glut-DACH2-HVCra","Ex_SATB2_SOX6",0.36422627737002
"_AGACACTCACATTACG-3","Glut-DACH2-2","Ex_DACH2_LHX2",0.525868153463106
"_AGACAGGAGAGGTATT-3","Glut-DACH2-HVCra","Ex_SATB2_SOX6",0.413010395489522
"_AGACAGGAGCAGGCAT-3","Glut-DACH2-HVCra","Ex_SATB2_SOX6",0.460605611691877
"_AGACAGGAGCAGTAAT-3","Glut-DACH2-HVCra","Ex_DACH2_MGAT4C",0.191793549595565
"_AGACAGGCATGAAAGT-3","Glut-DACH2-HVCx","Ex_SATB2_SOX6",0.211805860672776
"_AGACAGGGTTACCTGA-3","Glut-DACH2-HVCra","Ex_DACH2_CEMIP",0.213672007170956
"_AGACAGGTCACTGAAC-3","Glut-DACH2-HVCx","Ex_SATB2_FOXP2",0.275644188997928
"_AGACCATAGCGGACAT-3","Glut-DACH2-HVCra-Pre","Ex_DACH2_LHX2",0.545918645720379
"_AGACCATCAGGTCAAG-3","Glut-DACH2-HVCra","Ex_SATB2_SOX6",0.552393746607877
"_AGACCATGTCGGTACC-3","Glut-DACH2-HVCra","Ex_DACH2_GRIK4",0.205748324802827
"_AGACCCGAGCGCCTCA-3","Glut-DACH2-2","Ex_DACH2_LHX2",0.279612472794913
"_AGACCCGCAGGCTACC-3","Glut-DACH2-HVCra-Pre","Ex_DACH2_LHX2",0.316726312461485
"_AGACCCGCATAAGCAA-3","Glut-DACH2-HVCra","Ex_DACH2_GRIK4",0.190313045248412
"_AGACTCAAGAAGTCTA-3","Glut-DACH2-HVCra","Ex_DACH2_GRIK4",0.198781389394186
"_AGACTCACACTCGATA-3","Glut-DACH2-HVCra","Ex_SATB2_OVOA",0.324210574813604
"_AGACTCATCAGTAGGG-3","Glut-DACH2-HVCra-Pre","Ex_DACH2_MGAT4C",0.336179808383476
"_AGACTCATCGGCTGGT-3","Glut-DACH2-HVCra","Ex_SATB2_SOX6",0.27350667016001
"_AGAGAATAGAGCAGCT-3","Glut-DACH2-5","Ex_DACH2_LHX2",0.534356168315576
"_AGAGAATCAAGTCCAT-3","Glut-DACH2-HVCra","Ex_SATB2_SOX6",0.419625316281786
"_AGAGAGCAGAGTGAAG-3","Glut-DACH2-2","Ex_DACH2_LHX2",0.496475864736753
"_AGAGAGCAGATCACTC-3","Glut-DACH2-HVCra","Ex_DACH2_GRIK4",0.226432222805663
"_AGAGCCCAGCTGGTGA-3","Glut-DACH2-HVCx","Ex_DACH2_CEMIP",0.364588399193829
"_AGAGCCCGTTGCAACT-3","Glut-DACH2-HVCra-Pre","Ex_DACH2_MGAT4C",0.226410483231626
"_AGATAGACAACATCGT-3","Glut-DACH2-HVCra-Pre","Ex_DACH2_MGAT4C",0.298583661676314
"_AGATAGACAAGATTGA-3","Glut-DACH2-1","Ex_DACH2_NR4A3",0.418872794809885
"_AGATCCAAGTCTTCCC-3","Glut-DACH2-1","Ex_DACH2_NR4A3",0.701541443334488
"_AGATCGTAGTAGGATT-3","Glut-DACH2-2","Ex_DACH2_LHX2",0.555742629930987
"_AGATGAAAGTGAATAC-3","Glut-DACH2-HVCra-Pre","Ex_DACH2_MGAT4C",0.271244166610472
"_AGATGAATCGCAGTCG-3","Glut-DACH2-HVCra-Pre","Ex_DACH2_MGAT4C",0.29320840305065
"_AGATGCTAGTGGACGT-3","Glut-DACH2-HVCra","Ex_SATB2_SOX6",0.432111126851553
"_AGATGCTCACAAATAG-3","Glut-DACH2-HVCra","Ex_DACH2_MGAT4C",0.375150047297792
"_AGATGCTTCAGCCTTC-3","Glut-DACH2-HVCra-Pre","Ex_DACH2_LHX2",0.550662597252494
"_AGATGCTTCGTAGTGT-3","Glut-DACH2-5","Ex_DACH2_GRIK4",0.276877817115723
"_AGCATCACAATCTCGA-3","Glut-DACH2-HVCra","Ex_SATB2_SOX6",0.396736326888637
"_AGCATCATCCCAGTGG-3","Glut-DACH2-HVCra-Pre","Ex_DACH2_LHX2",0.424123560318116
"_AGCCAATTCACCATAG-3","Glut-DACH2-2","Ex_DACH2_LHX2",0.440900024374791
"_AGCCAATTCTCGTGGG-3","Glut-DACH2-HVCra","Ex_SATB2_SOX6",0.42410528388274
"_AGCCAATTCTTGGATG-3","Glut-DACH2-HVCx","Ex_DACH2_CEMIP",0.241719903735042
"_AGCCACGCAATAGGAT-3","Glut-DACH2-HVCra","Ex_DACH2_CEMIP",0.302950499784103
"_AGCCAGCAGCCATGCC-3","Glut-DACH2-HVCra-Pre","Ex_DACH2_LHX2",0.450546362791196
"_AGCCAGCCAATCTGCA-3","Glut-DACH2-4","Ex_DACH2_ITGA9",0.277169290731006
"_AGCCAGCGTATTCTCT-3","Glut-DACH2-HVCra-Pre","Ex_DACH2_MGAT4C",0.269750281098219
"_AGCGATTAGCTGACCC-3","Glut-DACH2-HVCra-Pre","Ex_DACH2_GRIK4",0.19281124408731
"_AGCGATTCACGGTAGA-3","Glut-DACH2-HVCra-Pre","Ex_DACH2_LHX2",0.326594581083243
"_AGCGATTCATGCGTGC-3","Glut-DACH2-HVCra-Pre","Ex_DACH2_MGAT4C",0.281832603409968
"_AGCGATTGTAAGGCTG-3","Glut-DACH2-HVCra","Ex_SATB2_SOX6",0.163842976898528
"_AGCGCCAAGAATAGTC-3","Glut-DACH2-4","Ex_SATB2_FOXP2",0.197197266956088
"_AGCGCCAAGACATGCG-3","Glut-DACH2-HVCx","Ex_CACNA1H_LHX9",0.254805357001561
"_AGCGCCAAGACGTCGA-3","Glut-DACH2-HVCra","Ex_SATB2_SOX6",0.264690256133215
"_AGCGCCAGTGTCTCCT-3","Glut-DACH2-HVCra-Pre","Ex_DACH2_GRIK4",0.346225117230109
"_AGCGCCAGTTACGCCG-3","Glut-DACH2-HVCra-Pre","Ex_DACH2_MGAT4C",0.340329104842336
"_AGCGCTGAGAATCGTA-3","Glut-DACH2-4","Ex_DACH2_ADAMTS5",0.289088416798822
"_AGCGTATCAAGGTTGG-3","Glut-DACH2-2","Ex_DACH2_LHX2",0.568258150520113
"_AGCGTATCAATCGCCG-3","Glut-DACH2-HVCx","Ex_CACNA1H_LHX9",0.220914371034751
"_AGCGTATGTCCTGGGT-3","Glut-DACH2-HVCra-Pre","Ex_DACH2_LHX2",0.451772533945237
"_AGCGTATGTTCCTAGA-3","Glut-DACH2-HVCx","Ex_DACH2_CEMIP",0.254328911810023
"_AGCGTATTCGCGATCG-3","Glut-DACH2-HVCra-Pre","Ex_DACH2_GRIK4",0.4177263777008
"_AGCGTCGCAACCTAAC-3","Glut-DACH2-HVCx","Ex_DACH2_CEMIP",0.338649789711212
"_AGCTTCCTCAGATTGC-3","Glut-DACH2-HVCra","Ex_DACH2_MGAT4C",0.24388344607007
"_AGGAAATAGGGACCAT-3","Glut-DACH2-HVCra-Pre","Ex_DACH2_GRIK4",0.245542969090685
"_AGGAAATGTAGAGACC-3","Glut-DACH2-2","Ex_DACH2_LHX2",0.485313735519596
"_AGGACGATCGTGCAGC-3","Glut-DACH2-HVCra","Ex_SATB2_SOX6",0.233521409744023
"_AGGACTTCAGCCTATA-3","Glut-DACH2-2","Ex_DACH2_GRIK4",0.266699448756039
"_AGGACTTCATCAACCA-3","Glut-DACH2-1","Ex_DACH2_LHX2",0.554837151204617
"_AGGACTTCATCTAACG-3","Glut-DACH2-1","Ex_DACH2_GRIK4",0.472365790234834
"_AGGACTTTCATGGCCG-3","Glut-DACH2-4","Ex_DACH2_ITGA9",0.304840253266556
"_AGGACTTTCCATTGCC-3","Glut-DACH2-2","Ex_DACH2_LHX2",0.448552244582581
"_AGGAGGTAGTGGAATT-3","Glut-DACH2-2","Ex_DACH2_LHX2",0.493304324989989
"_AGGAGGTCAAGACGAC-3","Glut-DACH2-HVCra-Pre","Ex_DACH2_LHX2",0.389872056987336
"_AGGAGGTGTCGTTTCC-3","Glut-DACH2-HVCra-Pre","Ex_DACH2_MGAT4C",0.244158017498495
"_AGGAGGTTCATGCATG-3","Glut-DACH2-HVCx","Ex_DACH2_CEMIP",0.325269402112419
"_AGGATAAAGGAAAGAC-3","Glut-DACH2-2","Ex_DACH2_MGAT4C",0.211122157524825
"_AGGATAAGTTGAGGAC-3","Glut-DACH2-2","Ex_DACH2_LHX2",0.535145453885394
"_AGGATAATCACCGGGT-3","Glut-DACH2-HVCra-Pre","Ex_DACH2_CEMIP",0.133126402944982
"_AGGATAATCATTGAGC-3","Glut-DACH2-HVCra","Ex_SATB2_SOX6",0.400153392586446
"_AGGATCTCAACCACGC-3","Glut-DACH2-HVCra-Pre","Ex_DACH2_NR4A3",0.248652326615805
"_AGGATCTTCGGATACT-3","Glut-DACH2-HVCra","Ex_SATB2_SOX6",0.39793531290801
"_AGGCATTGTGAGATCG-3","Glut-DACH2-HVCra-Pre","Ex_DACH2_MGAT4C",0.314600358577355
"_AGGCATTTCCCGATCT-3","Glut-DACH2-HVCra-Pre","Ex_DACH2_LHX2",0.481507601937884
"_AGGCATTTCGACCACG-3","Glut-DACH2-HVCra","Ex_SATB2_SOX6",0.384747712375389
"_AGGCCACAGGGTTTCT-3","Glut-DACH2-HVCra","Ex_SATB2_SOX6",0.266647675190178
"_AGGCTGCAGGACTAAT-3","Glut-DACH2-HVCra-Pre","Ex_DACH2_MGAT4C",0.244257416933481
"_AGGCTGCCACAAAGTA-3","Glut-DACH2-HVCra-Pre","Ex_DACH2_GRIK4",0.275684888913622
"_AGGCTGCCATGTCAGT-3","Glut-DACH2-HVCra-Pre","Ex_DACH2_LHX2",0.337867499542744
"_AGGCTGCGTTGTTGAC-3","Glut-DACH2-HVCra-Pre","Ex_DACH2_LHX2",0.425072053890286
"_AGGGAGTCACAGTCAT-3","Glut-DACH2-HVCra","Ex_DACH2_MGAT4C",0.221982816948886
"_AGGGCCTAGTAATTGG-3","Glut-DACH2-4","Ex_DACH2_NR4A3",0.447670510569883
"_AGGGCCTCACCTGAAT-3","Glut-DACH2-HVCx","Ex_SATB2_FOXP2",0.296734213102153
"_AGGGCCTTCGCGTAGC-3","Glut-DACH2-2","Ex_DACH2_LHX2",0.431069866424247
"_AGGGTCCGTACGAGTG-3","Glut-DACH2-4","Ex_DACH2_ITGA9",0.14905972190776
"_AGGGTGAAGAGCAGTC-3","Glut-DACH2-2","Ex_DACH2_LHX2",0.432416220600304
"_AGGGTGACACCTGCAG-3","Glut-DACH2-HVCra","Ex_DACH2_GRIK4",0.231514898748479
"_AGGGTGACATAGATGA-3","Glut-DACH2-HVCra","Ex_SATB2_SOX6",0.308561540438543
"_AGGGTTTAGCTGAAGC-3","Glut-DACH2-HVCra","Ex_SATB2_SOX6",0.228088772828345
"_AGGGTTTCACAAATGA-3","Glut-DACH2-HVCra","Ex_DACH2_GRIK4",0.186493348928028
"_AGGGTTTGTGGTCTAT-3","Glut-DACH2-HVCra","Ex_SATB2_SOX6",0.386446569355566
"_AGGTAGGGTAAGTTAG-3","Glut-DACH2-2","Ex_DACH2_NR4A3",0.292360402024906
"_AGGTAGGGTACCCAGC-3","Glut-DACH2-HVCx","Ex_SATB2_SOX6",0.198689953306918
"_AGGTAGGGTAGATCGG-3","Glut-DACH2-HVCra-Pre","Ex_DACH2_MGAT4C",0.274316056979985
"_AGGTAGGTCACGATCA-3","Glut-DACH2-HVCra","Ex_DACH2_MGAT4C",0.153100721705216
"_AGGTCATCACAGCATT-3","Glut-DACH2-HVCra-Pre","Ex_DACH2_ADAMTS5",0.240097387143599
"_AGGTCTAAGAGTTCGG-3","Glut-DACH2-HVCra-Pre","Ex_DACH2_LHX2",0.279890349199862
"_AGGTCTACAGTTGTTG-3","Glut-DACH2-HVCra","Ex_SATB2_SOX6",0.320849037806692
"_AGGTCTATCGGCTGTG-3","Glut-DACH2-2","Ex_DACH2_LHX2",0.228597135242725
"_AGGTGTTAGCACTCGC-3","Glut-DACH2-HVCra","Ex_SATB2_SOX6",0.232911978038169
"_AGGTGTTAGGGTAGCT-3","Glut-DACH2-HVCra-Pre","Ex_DACH2_MGAT4C",0.244237592853913
"_AGGTGTTTCATTGCTT-3","Glut-DACH2-HVCra","Ex_SATB2_SOX6",0.204386720044545
"_AGGTTACAGCTGTTCA-3","Glut-DACH2-HVCra-Pre","Ex_DACH2_LHX2",0.44457835795835
"_AGGTTACGTTTGTTCT-3","Glut-DACH2-HVCra","Ex_SATB2_SOX6",0.379717388214104
"_AGGTTACTCCTGGGTG-3","Glut-DACH2-HVCx","Ex_CACNA1H_LHX9",0.325002762685666
"_AGGTTGTCACGCTGCA-3","Glut-DACH2-HVCra","Ex_SATB2_OVOA",0.209880857264177
"_AGGTTGTCATCGCCTT-3","Glut-DACH2-1","Ex_DACH2_GRIK4",0.444467097713034
"_AGGTTGTGTTTGTTGG-3","Glut-DACH2-1","Ex_DACH2_LHX2",0.599886947887488
"_AGGTTGTTCCTGTTAT-3","Glut-DACH2-HVCra-Pre","Ex_DACH2_MGAT4C",0.272343334539478
"_AGTAACCCAGAAGCTG-3","Glut-DACH2-2","Ex_DACH2_GRIK4",0.254239743025475
"_AGTAACCCATCCAACA-3","Glut-DACH2-HVCra-Pre","Ex_DACH2_MGAT4C",0.267139242035466
"_AGTACCACATACACCA-3","Glut-DACH2-HVCx","Ex_DACH2_GRIK4",0.17511084381767
"_AGTACCAGTCATAAAG-3","Glut-DACH2-HVCx","Ex_DACH2_CEMIP",0.237620503297317
"_AGTACTGTCACGTCCT-3","Glut-DACH2-HVCra","Ex_DACH2_GRIK4",0.194329043765777
"_AGTAGCTCAACAGTGG-3","Glut-DACH2-2","Ex_DACH2_LHX2",0.442986818358223
"_AGTAGCTCATCAGTGT-3","Glut-DACH2-HVCra","Ex_DACH2_GRIK4",0.205457169455743
"_AGTAGCTCATTGAGCT-3","Glut-DACH2-HVCx","Ex_CACNA1H_LHX9",0.279448513011498
"_AGTAGCTGTAATGTGA-3","Glut-DACH2-HVCra-Pre","Ex_DACH2_ADAMTS5",0.270542153049938
"_AGTAGTCAGCTAATGA-3","Glut-DACH2-HVCx","Ex_CACNA1H_LHX9",0.441583131621192
"_AGTAGTCTCGGTATGT-3","Glut-DACH2-HVCra-Pre","Ex_DACH2_MGAT4C",0.280873624610657
"_AGTCAACAGTTCAACC-3","Glut-DACH2-2","Ex_DACH2_GRIK4",0.332693840546213
"_AGTCAACGTCACTGAT-3","Glut-DACH2-HVCra-Pre","Ex_DACH2_GRIK4",0.374970578273394
"_AGTCAACGTGAACGGT-3","Glut-DACH2-HVCra-Pre","Ex_DACH2_LHX2",0.466349592435743
"_AGTCAACTCGGTGTAT-3","Glut-DACH2-HVCx","Ex_DACH2_CEMIP",0.263544320109012
"_AGTCACAAGGTTACCT-3","Glut-DACH2-HVCra","Ex_SATB2_SOX6",0.180130641662538
"_AGTCACAAGTCATGGG-3","Glut-DACH2-HVCra","Ex_SATB2_SOX6",0.436372449546961
"_AGTCACACAAAGAACT-3","Glut-DACH2-HVCx","Ex_DACH2_CEMIP",0.405424121917325
"_AGTCACAGTTCCAGGC-3","Glut-DACH2-HVCra-Pre","Ex_DACH2_LHX2",0.437063616106445
"_AGTCTCCAGAGTCTTC-3","Glut-DACH2-HVCra","Ex_DACH2_LHX2",0.209730671307998
"_AGTCTCCTCAGAGTTC-3","Glut-DACH2-HVCra-Pre","Ex_DACH2_LHX2",0.324703920001532
"_AGTCTCCTCCCTGTTG-3","Glut-DACH2-HVCx","Ex_SATB2_FOXP2",0.174298426255675
"_AGTGACTTCTGGCCGA-3","Glut-DACH2-HVCra","Ex_DACH2_CEMIP",0.275261936559808
"_AGTGATCAGCTCCGAC-3","Glut-DACH2-HVCra","Ex_SATB2_SOX6",0.41042253210263
"_AGTGATCAGGCCTAAG-3","Glut-DACH2-HVCra-Pre","Ex_DACH2_MGAT4C",0.195847885470368
"_AGTGATCAGTTAGAAC-3","Glut-DACH2-HVCra","Ex_DACH2_CEMIP",0.164626082414492
"_AGTGCCGCAATGGGTG-3","Glut-DACH2-HVCra","Ex_SATB2_SOX6",0.397918331524103
"_AGTGTTGGTACCCGCA-3","Glut-DACH2-HVCra-Pre","Ex_DACH2_MGAT4C",0.256159807591823
"_AGTGTTGGTGGCAACA-3","Glut-DACH2-HVCra","Ex_SATB2_SOX6",0.333420021367703
"_AGTTAGCAGATCCGAG-3","Glut-DACH2-HVCra-Pre","Ex_DACH2_LHX2",0.304257884121594
"_AGTTAGCCATAGAGGC-3","Glut-DACH2-HVCx","Ex_SATB2_SOX6",0.174356283296593
"_AGTTAGCGTGAGCGAT-3","Glut-DACH2-HVCra-Pre","Ex_DACH2_LHX2",0.318329235533718
"_AGTTAGCGTTGGGTTT-3","Glut-DACH2-HVCra-Pre","Ex_DACH2_MGAT4C",0.201220058708196
"_AGTTAGCTCCATCAGA-3","Glut-DACH2-HVCra","Ex_SATB2_SOX6",0.372515906546454
"_AGTTAGCTCCCATTTA-3","Glut-DACH2-HVCra-Pre","Ex_DACH2_MGAT4C",0.273169955651374
"_AGTTCCCAGCTAGAAT-3","Glut-DACH2-HVCra","Ex_SATB2_SOX6",0.211742786877669
"_AGTTCCCCAGGCACTC-3","Glut-DACH2-2","Ex_DACH2_LHX2",0.413609434039529
"_AGTTCCCCATGACACT-3","Glut-DACH2-HVCra-Pre","Ex_DACH2_MGAT4C",0.273013534490373
"_AGTTCGAGTTTCGGCG-3","Glut-DACH2-HVCra","Ex_DACH2_GRIK4",0.212966481412705
"_ATACCGAAGCCGTAAG-3","Glut-DACH2-HVCra","Ex_SATB2_SOX6",0.373333716385407
"_ATACCGACAAGAATGT-3","Glut-DACH2-HVCx","Ex_DACH2_CEMIP",0.308081209033109
"_ATACCTTCAAGCCATT-3","Glut-DACH2-HVCra","Ex_DACH2_MGAT4C",0.257665558401975
"_ATACTTCAGCAAATCA-3","Glut-DACH2-HVCx","Ex_CACNA1H_LHX9",0.37630830279526
"_ATACTTCCAAATAGCA-3","Glut-DACH2-HVCra","Ex_DACH2_ITGA9",0.261942644276775
"_ATACTTCCAGCAATTC-3","Glut-DACH2-2","Ex_DACH2_GRIK4",0.337076264897372
"_ATACTTCTCTGGGTCG-3","Glut-DACH2-2","Ex_DACH2_GRIK4",0.263156307873717
"_ATAGACCAGATGTTAG-3","Glut-DACH2-HVCra","Ex_SATB2_SOX6",0.285287196052342
"_ATAGACCAGGCCCACT-3","Glut-DACH2-HVCx","Ex_DACH2_CEMIP",0.265204746250665
"_ATAGACCCAGCTACAT-3","Glut-DACH2-HVCra","Ex_DACH2_MGAT4C",0.251173168105708
"_ATAGACCCATTGAAGA-3","Glut-DACH2-HVCra-Pre","Ex_DACH2_ITGA9",0.154717892211481
"_ATAGGCTAGGCTCAAG-3","Glut-DACH2-HVCra","Ex_SATB2_SOX6",0.357641832446565
"_ATAGGCTCAGGCTATT-3","Glut-DACH2-HVCra-Pre","Ex_DACH2_ADAMTS5",0.249074495402255
"_ATAGGCTGTACGAGCA-3","Glut-DACH2-HVCra","Ex_SATB2_SOX6",0.217675903226392
"_ATATCCTCAGGCGATA-3","Glut-DACH2-HVCra-Pre","Ex_DACH2_GRIK4",0.301266115423601
"_ATATCCTGTCTCGGAC-3","Glut-DACH2-HVCra-Pre","Ex_DACH2_MGAT4C",0.246272675000127
"_ATATCCTTCGGTAGGA-3","Glut-DACH2-HVCra","Ex_SATB2_SOX6",0.171494624318214
"_ATCACAGGTGCCTACG-3","Glut-DACH2-HVCra-Pre","Ex_DACH2_MGAT4C",0.275421676910328
"_ATCACAGTCCTTTGAT-3","Glut-DACH2-2","Ex_DACH2_ADAMTS5",0.311336164938422
"_ATCACGAAGGCTAAAT-3","Glut-DACH2-HVCra-Pre","Ex_DACH2_GRIK4",0.369098034181882
"_ATCACGATCGCTTGAA-3","Glut-DACH2-HVCra","Ex_SATB2_SOX6",0.370982258207483
"_ATCACGATCGTCAGAT-3","Glut-DACH2-HVCra","Ex_SATB2_SOX6",0.562114015664838
"_ATCACTTGTGGTCTTA-3","Glut-DACH2-2","Ex_DACH2_LHX2",0.578478960480607
"_ATCACTTGTTGCTCGG-3","Glut-DACH2-HVCra","Ex_SATB2_SOX6",0.283345290134274
"_ATCACTTTCACAGTGT-3","Glut-DACH2-2","Ex_DACH2_MGAT4C",0.280770184675922
"_ATCACTTTCACGGGCT-3","Glut-DACH2-HVCra","Ex_SATB2_SOX6",0.328510403237756
"_ATCAGGTGTAACGTTC-3","Glut-DACH2-HVCra","Ex_SATB2_SOX6",0.261036105879182
"_ATCAGGTTCAGACCGC-3","Glut-DACH2-HVCra-Pre","Ex_DACH2_GRIK4",0.238436275453688
"_ATCATTCAGAATTGTG-3","Glut-DACH2-HVCra","Ex_SATB2_SOX6",0.349316277550807
"_ATCATTCAGTGATTCC-3","Glut-DACH2-HVCx","Ex_DACH2_CEMIP",0.425587125314878
"_ATCATTCCAGGAAGTC-3","Glut-DACH2-HVCra-Pre","Ex_DACH2_MGAT4C",0.288471938728934
"_ATCATTCCATAGGAGC-3","Glut-DACH2-HVCx","Ex_DACH2_CEMIP",0.181584281457404
"_ATCATTCGTCGCTTGG-3","Glut-DACH2-2","Ex_DACH2_LHX2",0.366761746449069
"_ATCCACCAGAGCTTTC-3","Glut-DACH2-HVCra-Pre","Ex_DACH2_MGAT4C",0.222959947001417
"_ATCCACCAGAGTCACG-3","Glut-DACH2-2","Ex_DACH2_LHX2",0.339528998068972
"_ATCCACCCAGGCCCTA-3","Glut-DACH2-HVCra","Ex_SATB2_SOX6",0.372244800927512
"_ATCCATTAGTCATACC-3","Glut-DACH2-HVCra-Pre","Ex_DACH2_LHX2",0.368814471419333
"_ATCCATTCACCCAATA-3","Glut-DACH2-HVCra","Ex_SATB2_SOX6",0.284748631032538
"_ATCCATTCAGATCCAT-3","Glut-DACH2-4","Ex_DACH2_GRIK4",0.20159901124471
"_ATCCATTGTTGCTTGA-3","Glut-DACH2-HVCra","Ex_DACH2_GRIK4",0.452655198257058
"_ATCCCTGCACATATGC-3","Glut-DACH2-HVCra-Pre","Ex_DACH2_MGAT4C",0.349036574658633
"_ATCCCTGCATGCCGGT-3","Glut-DACH2-HVCra-Pre","Ex_DACH2_MGAT4C",0.233655645323977
"_ATCCCTGTCACACCCT-3","Glut-DACH2-2","Ex_DACH2_GRIK4",0.216050072180736
"_ATCCGTCAGCGACTAG-3","Glut-DACH2-HVCra-Pre","Ex_DACH2_LHX2",0.470856135700962
"_ATCCGTCGTAAGAACT-3","Glut-DACH2-2","Ex_DACH2_NR4A3",0.33632225487018
"_ATCCGTCGTTATTCTC-3","Glut-DACH2-HVCra","Ex_SATB2_SOX6",0.224333246941382
"_ATCGATGGTCAAGGCA-3","Glut-DACH2-2","Ex_DACH2_MGAT4C",0.248695055624214
"_ATCGATGGTCGTATTG-3","Glut-DACH2-HVCra","Ex_SATB2_SOX6",0.421322606221121
"_ATCGCCTCACTGCACG-3","Glut-DACH2-2","Ex_DACH2_NR4A3",0.336842921535839
"_ATCGCCTCATCGGATT-3","Glut-DACH2-HVCra","Ex_SATB2_SOX6",0.402787575357795
"_ATCGCCTGTCATCGCG-3","Glut-DACH2-2","Ex_DACH2_LHX2",0.404887186939249
"_ATCGCCTTCTGGGTCG-3","Glut-DACH2-HVCra","Ex_DACH2_MGAT4C",0.27125609453762
"_ATCGGATCAAGAGTGC-3","Glut-DACH2-2","Ex_DACH2_GRIK4",0.314499705221234
"_ATCGGATCACACCAGC-3","Glut-DACH2-2","Ex_DACH2_MGAT4C",0.220577084957501
"_ATCGGCGGTCGACGCT-3","Glut-DACH2-1","Ex_DACH2_GRIK4",0.443834670151684
"_ATCGGCGGTTCTGAGT-3","Glut-DACH2-HVCra","Ex_SATB2_SOX6",0.397593170274128
"_ATCGTAGAGCGTTCCG-3","Glut-DACH2-HVCra-Pre","Ex_DACH2_GRIK4",0.388656549546322
"_ATCGTAGAGTTGAATG-3","Glut-DACH2-HVCra-Pre","Ex_DACH2_GRIK4",0.2541329862628
"_ATCGTAGGTACTGTTG-3","Glut-DACH2-HVCra-Pre","Ex_DACH2_MGAT4C",0.19756458993837
"_ATCGTAGGTTACACAC-3","Glut-DACH2-HVCra-Pre","Ex_DACH2_MGAT4C",0.251923528509645
"_ATCGTAGTCCCGTGAG-3","Glut-DACH2-HVCra-Pre","Ex_DACH2_LHX2",0.467146255966815
"_ATCGTCCCAGGCGATA-3","Glut-DACH2-2","Ex_DACH2_MGAT4C",0.218169717396018
"_ATCGTCCCAGGGACTA-3","Glut-DACH2-2","Ex_DACH2_LHX2",0.419866119861046
"_ATCGTCCTCCGTCCTA-3","Glut-DACH2-2","Ex_DACH2_MGAT4C",0.245778942339446
"_ATCGTGACAAGTTCGT-3","Glut-DACH2-HVCra-Pre","Ex_DACH2_MGAT4C",0.359451328226886
"_ATCTCTATCCCAATAG-3","Glut-DACH2-2","Ex_DACH2_GRIK4",0.238919725285412
"_ATCTTCAAGACATACA-3","Glut-DACH2-2","Ex_DACH2_LHX2",0.521069967299436
"_ATCTTCAGTGAACGGT-3","Glut-DACH2-HVCx","Ex_CACNA1H_LHX9",0.344892217719614
"_ATGAAAGGTAGGCAAC-3","Glut-DACH2-HVCra","Ex_SATB2_SOX6",0.260024020880754
"_ATGAAAGGTTGATCGT-3","Glut-DACH2-1","Ex_DACH2_NR4A3",0.668910753021907
"_ATGAAAGTCCTATGGA-3","Glut-DACH2-HVCra","Ex_DACH2_LHX2",0.298858045313462
"_ATGAGGGAGGTCTACT-3","Glut-DACH2-2","Ex_DACH2_LHX2",0.523192106525166
"_ATGAGGGAGTTTCGGT-3","Glut-DACH2-HVCra","Ex_SATB2_SOX6",0.378469659636853
"_ATGAGGGCAAGAAACT-3","Glut-DACH2-HVCx","Ex_DACH2_ITGA9",0.219334408273188
"_ATGAGGGCAGGTGACA-3","Glut-DACH2-HVCra-Pre","Ex_DACH2_GRIK4",0.311509342882807
"_ATGATCGGTACAATAG-3","Glut-DACH2-HVCra","Ex_DACH2_MGAT4C",0.21663419326303
"_ATGATCGGTCCTGTCT-3","Glut-DACH2-2","Ex_DACH2_LHX2",0.515318679287199
"_ATGATCGTCGACTCCT-3","Glut-DACH2-HVCra-Pre","Ex_DACH2_MGAT4C",0.253879305674987
"_ATGCATGTCTCAGGCG-3","Glut-DACH2-HVCra","Ex_DACH2_GRIK4",0.24480425038646
"_ATGCCTCCACATATGC-3","Glut-DACH2-HVCra","Ex_SATB2_SOX6",0.338342372284798
"_ATGCGATGTACTGCGC-3","Glut-DACH2-HVCra-Pre","Ex_DACH2_MGAT4C",0.203959194954385
"_ATGGAGGAGGTTAGTA-3","Glut-DACH2-2","Ex_DACH2_LHX2",0.477754824958471
"_ATGGAGGCATCATCCC-3","Glut-DACH2-HVCra","Ex_SATB2_SOX6",0.375789724255253
"_ATGGAGGGTTACACAC-3","Glut-DACH2-HVCra-Pre","Ex_DACH2_MGAT4C",0.267526705827993
"_ATGGAGGTCACGATCA-3","Glut-DACH2-2","Ex_DACH2_MGAT4C",0.266148866178104
"_ATGGATCAGCTGGCCT-3","Glut-DACH2-2","Ex_DACH2_LHX2",0.5443404800555
"_ATGGATCCAAGGAGTC-3","Glut-DACH2-1","Ex_DACH2_GRIK4",0.385069616203834
"_ATGGATCCACGCTGCA-3","Glut-DACH2-HVCra-Pre","Ex_DACH2_MGAT4C",0.222533520985401
"_ATGGGAGAGAGACAAG-3","Glut-DACH2-HVCra-Pre","Ex_DACH2_GRIK4",0.273332559724517
"_ATGGGAGAGGTATCTC-3","Glut-DACH2-HVCra-Pre","Ex_DACH2_LHX2",0.500292037496499
"_ATGGGAGCAAGATCCT-3","Glut-DACH2-HVCra","Ex_DACH2_GRIK4",0.357175542582505
"_ATGGGAGCACATGAAA-3","Glut-DACH2-HVCra","Ex_SATB2_SOX6",0.230106238553923
"_ATGGGAGTCTTTGCAT-3","Glut-DACH2-HVCra-Pre","Ex_DACH2_MGAT4C",0.230143867178843
"_ATGGGTTAGTGCAACG-3","Glut-DACH2-HVCra-Pre","Ex_DACH2_MGAT4C",0.241291824601516
"_ATGGGTTCAGTCAACT-3","Glut-DACH2-2","Ex_DACH2_ADAMTS5",0.404164070490095
"_ATGGTTGAGGCCTGAA-3","Glut-DACH2-2","Ex_DACH2_LHX2",0.446158808759365
"_ATGGTTGAGTAACGTA-3","Glut-DACH2-2","Ex_DACH2_LHX2",0.466919280696824
"_ATGGTTGGTAGACGTG-3","Glut-DACH2-1","Ex_DACH2_GRIK4",0.351104122775536
"_ATGGTTGGTTCAATCG-3","Glut-DACH2-HVCra","Ex_SATB2_SOX6",0.444629177603406
"_ATGTCTTCAACCACGC-3","Glut-DACH2-HVCra-Pre","Ex_DACH2_MGAT4C",0.275639432066672
"_ATGTCTTGTGGCAGAT-3","Glut-DACH2-HVCra","Ex_SATB2_SOX6",0.361579671207277
"_ATGTCTTGTTCCGCTT-3","Glut-DACH2-HVCra","Ex_DACH2_MGAT4C",0.270893329959239
"_ATTACCTCATCACAGT-3","Glut-DACH2-HVCra","Ex_DACH2_LHX2",0.502713337199568
"_ATTACCTTCCTCTGCA-3","Glut-DACH2-HVCx","Ex_DACH2_CEMIP",0.300388152882614
"_ATTACTCAGTGCTAGG-3","Glut-DACH2-HVCra-Pre","Ex_DACH2_LHX2",0.505115235041435
"_ATTACTCCAGAGGTTG-3","Glut-DACH2-HVCra-Pre","Ex_DACH2_GRIK4",0.324472381153652
"_ATTATCCCAGGATCTT-3","Glut-DACH2-HVCra-Pre","Ex_DACH2_GRIK4",0.251185478710744
"_ATTATCCGTTGGCCGT-3","Glut-DACH2-2","Ex_DACH2_GRIK4",0.283375085385009
"_ATTATCCTCTACCTTA-3","Glut-DACH2-HVCra","Ex_DACH2_LHX2",0.221267988264339
"_ATTCACTAGTCGTTAC-3","Glut-DACH2-HVCx","Ex_DACH2_CEMIP",0.333110751474301
"_ATTCACTCAAACCACT-3","Glut-DACH2-HVCra","Ex_DACH2_CEMIP",0.177701673646953
"_ATTCACTCAACATCGT-3","Glut-DACH2-HVCra","Ex_DACH2_MGAT4C",0.171866778418594
"_ATTCACTCAAGAGGTC-3","Glut-DACH2-2","Ex_DACH2_MGAT4C",0.259580762083249
"_ATTCACTCAGATTAAG-3","Glut-DACH2-2","Ex_DACH2_LHX2",0.407839352295733
"_ATTCACTCAGCCGTTG-3","Glut-DACH2-HVCra","Ex_SATB2_SOX6",0.321020320140961
"_ATTCACTCATTGCTGA-3","Glut-DACH2-1","Ex_DACH2_LHX2",0.334808349008552
"_ATTCACTGTTCCTTGC-3","Glut-DACH2-2","Ex_DACH2_MGAT4C",0.248491850754505
"_ATTCAGGAGCACACAG-3","Glut-DACH2-HVCra","Ex_DACH2_ADAMTS5",0.182983051506366
"_ATTCAGGCAGGCACTC-3","Glut-DACH2-HVCra","Ex_DACH2_LHX2",0.415259597410411
"_ATTCAGGTCCATACTT-3","Glut-DACH2-HVCra-Pre","Ex_DACH2_MGAT4C",0.228412001979265
"_ATTCAGGTCTCACGAA-3","Glut-DACH2-2","Ex_DACH2_LHX2",0.375654120772725
"_ATTCATCGTGGTCTTA-3","Glut-DACH2-4","Ex_DACH2_CEMIP",0.252478139267485
"_ATTCCATAGTAACGAT-3","Glut-DACH2-HVCra-Pre","Ex_DACH2_MGAT4C",0.207587695344211
"_ATTCCATAGTAATACG-3","Glut-DACH2-HVCra-Pre","Ex_DACH2_LHX2",0.459295805926792
"_ATTCCATCACAAGTGG-3","Glut-DACH2-2","Ex_DACH2_LHX2",0.350623393323694
"_ATTCCATGTATTCCTT-3","Glut-DACH2-HVCra-Pre","Ex_DACH2_MGAT4C",0.277655461420737
"_ATTCCATTCATCGGGC-3","Glut-DACH2-HVCx","Ex_DACH2_CEMIP",0.344682516503091
"_ATTCCATTCTAGACCA-3","Glut-DACH2-HVCra-Pre","Ex_DACH2_GRIK4",0.185957935608171
"_ATTCCCGAGTTCAACC-3","Glut-DACH2-2","Ex_DACH2_LHX2",0.512042927399191
"_ATTCCCGGTCGTATTG-3","Glut-DACH2-HVCx","Ex_DACH2_CEMIP",0.18973775645229
"_ATTCCTAAGACTAAGT-3","Glut-DACH2-HVCra","Ex_DACH2_GRIK4",0.30831552099035
"_ATTCCTAGTTGTAGCT-3","Glut-DACH2-HVCra","Ex_DACH2_MGAT4C",0.185593159486952
"_ATTCTACAGCACCTGC-3","Glut-DACH2-HVCra-Pre","Ex_DACH2_MGAT4C",0.289421689327876
"_ATTCTACCAGACCATT-3","Glut-DACH2-HVCra","Ex_SATB2_SOX6",0.454230543846658
"_ATTCTACGTGCTTATG-3","Glut-DACH2-HVCra-Pre","Ex_DACH2_MGAT4C",0.284297555207498
"_ATTCTTGGTGGCCACT-3","Glut-DACH2-2","Ex_DACH2_MGAT4C",0.276457044932122
"_ATTCTTGGTTCGGACC-3","Glut-DACH2-4","Ex_SATB2_OVOA",0.161986940868582
"_ATTCTTGGTTCGGCCA-3","Glut-DACH2-HVCra","Ex_SATB2_SOX6",0.266997728623092
"_ATTCTTGGTTGGCCTG-3","Glut-DACH2-HVCx","Ex_DACH2_CEMIP",0.342251692849856
"_ATTCTTGTCCTCACTG-3","Glut-DACH2-HVCra","Ex_SATB2_SOX6",0.262678677015053
"_ATTCTTGTCGCTGATA-3","Glut-DACH2-HVCra","Ex_DACH2_MGAT4C",0.237080077011838
"_ATTGGGTCATCGCTAA-3","Glut-DACH2-HVCra","Ex_DACH2_MGAT4C",0.306556382251874
"_ATTGGGTGTAGGATAT-3","Glut-DACH2-4","Ex_DACH2_NR4A3",0.538261592851911
"_ATTGTTCAGCATCAAA-3","Glut-DACH2-HVCx","Ex_SATB2_FOXP2",0.246866946560287
"_ATTGTTCAGCCTTTCC-3","Glut-DACH2-HVCra-Pre","Ex_DACH2_MGAT4C",0.307003868477353
"_ATTGTTCGTACAGGTG-3","Glut-DACH2-2","Ex_DACH2_LHX2",0.359297877830476
"_ATTGTTCTCGCAGTGC-3","Glut-DACH2-HVCra-Pre","Ex_DACH2_LHX2",0.395391030991893
"_ATTTACCAGGAGTCTG-3","Glut-DACH2-HVCx","Ex_DACH2_CEMIP",0.197312406762351
"_ATTTCACAGCTCGTGC-3","Glut-DACH2-HVCx","Ex_DACH2_ITGA9",0.312858416139773
"_ATTTCTGAGCCGGAAT-3","Glut-DACH2-HVCra-Pre","Ex_DACH2_MGAT4C",0.294221839589151
"_ATTTCTGAGGATGGCT-3","Glut-DACH2-HVCra-Pre","Ex_DACH2_NR4A3",0.327512220596964
"_ATTTCTGGTACCGGAA-3","Glut-DACH2-1","Ex_DACH2_GRIK4",0.399440236670478
"_CAAAGAAAGGCTCCCA-3","Glut-DACH2-HVCra","Ex_SATB2_SOX6",0.463076429756566
"_CAAAGAACATCTCAAG-3","Glut-DACH2-HVCra-Pre","Ex_DACH2_LHX2",0.468129173315338
"_CAAAGAACATGTAACC-3","Glut-DACH2-HVCra","Ex_SATB2_SOX6",0.38738071984535
"_CAACAACCACCGTCTT-3","Glut-DACH2-4","Ex_DACH2_ITGA9",0.255067801916974
"_CAACAACCAGCTGGTC-3","Glut-DACH2-HVCra","Ex_DACH2_GRIK4",0.33880379593079
"_CAACAACGTACGGCAA-3","Glut-DACH2-HVCx","Ex_DACH2_CEMIP",0.318330977245609
"_CAACAGTCAGGGACTA-3","Glut-DACH2-2","Ex_DACH2_LHX2",0.512866444622848
"_CAACCAAAGACCACGA-3","Glut-DACH2-HVCra-Pre","Ex_DACH2_GRIK4",0.32156964875345
"_CAACCAAGTGGGTCAA-3","Glut-DACH2-2","Ex_DACH2_LHX2",0.358809526050727
"_CAACCAATCCACCTGT-3","Glut-DACH2-2","Ex_DACH2_NR4A3",0.268069383406317
"_CAACCTCCAAGTCCAT-3","Glut-DACH2-HVCra-Pre","Ex_DACH2_MGAT4C",0.204329209007288
"_CAACCTCCAATACCCA-3","Glut-DACH2-HVCra-Pre","Ex_DACH2_LHX2",0.324177191559457
"_CAACCTCTCAGCTTCC-3","Glut-DACH2-2","Ex_DACH2_LHX2",0.467840178773342
"_CAACGGCAGGCGTCCT-3","Glut-DACH2-HVCx","Ex_DACH2_ITGA9",0.269356825145715
"_CAACGGCCACTACCGG-3","Glut-DACH2-HVCra-Pre","Ex_DACH2_LHX2",0.485783195906501
"_CAAGACTCATCTGCGG-3","Glut-DACH2-2","Ex_DACH2_GRIK4",0.324334759089036
"_CAAGAGGAGAGTGTTA-3","Glut-DACH2-HVCx","Ex_DACH2_CEMIP",0.304694705003062
"_CAAGAGGCACCCTTAC-3","Glut-DACH2-HVCra-Pre","Ex_DACH2_LHX2",0.486171865151616
"_CAAGAGGCATTATGCG-3","Glut-DACH2-2","Ex_DACH2_MGAT4C",0.255239611575146
"_CAAGAGGCATTGGATC-3","Glut-DACH2-HVCra","Ex_SATB2_SOX6",0.419195241321729
"_CAAGAGGGTCGAGCAA-3","Glut-DACH2-HVCra","Ex_DACH2_GRIK4",0.290406037536392
"_CAAGCTACAATCAGCT-3","Glut-DACH2-1","Ex_DACH2_GRIK4",0.32263173411366
"_CAAGCTAGTATACCCA-3","Glut-DACH2-2","Ex_DACH2_GRIK4",0.300554375946821
"_CAAGGGACACTTCAAG-3","Glut-DACH2-HVCra-Pre","Ex_DACH2_GRIK4",0.295753138600936
"_CAATACGGTTGCATCA-3","Glut-DACH2-HVCra-Pre","Ex_DACH2_MGAT4C",0.258622659957672
"_CAATACGTCCTAGCGG-3","Glut-DACH2-4","Ex_DACH2_ITGA9",0.297155492602379
"_CAATCGACACATAACC-3","Glut-DACH2-HVCra-Pre","Ex_DACH2_MGAT4C",0.239780887495034
"_CAATCGATCAGCACCG-3","Glut-DACH2-HVCra-Pre","Ex_DACH2_GRIK4",0.322706991634063
"_CAATCGATCGTTCTGC-3","Glut-DACH2-HVCra","Ex_SATB2_SOX6",0.239645153632215
"_CAATGACCACGCAGTC-3","Glut-DACH2-HVCx","Ex_DACH2_CEMIP",0.340450147117497
"_CAATGACCAGGACATG-3","Glut-DACH2-2","Ex_DACH2_NR4A3",0.306010430518454
"_CAATTTCCAGTTCACA-3","Glut-DACH2-2","Ex_DACH2_LHX2",0.432137899436745
"_CAATTTCGTAGCACAG-3","Glut-DACH2-HVCra-Pre","Ex_DACH2_GRIK4",0.322175180794052
"_CAATTTCGTTCTCACC-3","Glut-DACH2-HVCx","Ex_DACH2_CEMIP",0.369848495112677
"_CAATTTCTCTGGAGAG-3","Glut-DACH2-HVCra-Pre","Ex_DACH2_MGAT4C",0.269214624615607
"_CACAACAAGGTGCCAA-3","Glut-DACH2-1","Ex_DACH2_NR4A3",0.318304664433544
"_CACAACATCTAAGGAA-3","Glut-DACH2-HVCra-Pre","Ex_DACH2_GRIK4",0.266922214181301
"_CACACAAAGGAGGTTC-3","Glut-DACH2-2","Ex_DACH2_GRIK4",0.264278045381897
"_CACACAAAGTGTAGAT-3","Glut-DACH2-1","Ex_DACH2_MGAT4C",0.260033960608215
"_CACACAACAATCCTTT-3","Glut-DACH2-2","Ex_DACH2_GRIK4",0.340204732605065
"_CACACAAGTATGGGAC-3","Glut-DACH2-HVCx","Ex_DACH2_CEMIP",0.262448884232279
"_CACACAATCCACGGGT-3","Glut-DACH2-1","Ex_DACH2_GRIK4",0.441273261642028
"_CACACAATCCATTTGT-3","Glut-DACH2-4","Ex_SATB2_SOX6",0.248991002309819
"_CACAGGCAGTATTAGG-3","Glut-DACH2-HVCra-Pre","Ex_DACH2_LHX2",0.461770673447071
"_CACATGAAGCTCCCTT-3","Glut-DACH2-HVCra","Ex_DACH2_MGAT4C",0.215172167246867
"_CACATGAAGGTCATCT-3","Glut-DACH2-HVCra-Pre","Ex_DACH2_MGAT4C",0.273344145431971
"_CACATGAAGGTGCGAT-3","Glut-DACH2-HVCra-Pre","Ex_DACH2_GRIK4",0.247714585532465
"_CACCAAAAGCAGTAAT-3","Glut-DACH2-2","Ex_DACH2_LHX2",0.415572313573084
"_CACCAAACACTGATTG-3","Glut-DACH2-2","Ex_DACH2_LHX2",0.33530359109718
"_CACCGTTAGGTTTGAA-3","Glut-DACH2-HVCra","Ex_DACH2_GRIK4",0.194533763605041
"_CACCGTTTCGACGTCG-3","Glut-DACH2-2","Ex_DACH2_LHX2",0.444963253245815
"_CACGAATAGCTAATGA-3","Glut-DACH2-3","Ex_DACH2_ZMAT4",0.368145461557922
"_CACGAATGTCGCCACA-3","Glut-DACH2-HVCx","Ex_SATB2_FOXP2",0.231682344105898
"_CACGAATTCAAGGAGC-3","Glut-DACH2-2","Ex_DACH2_GRIK4",0.352014542910633
"_CACGAATTCACGATAC-3","Glut-DACH2-2","Ex_DACH2_LHX2",0.512654150556764
"_CACGAATTCCACGTGG-3","Glut-DACH2-HVCra","Ex_SATB2_SOX6",0.436701065153356
"_CACGGGTAGACTGTTC-3","Glut-DACH2-HVCx","Ex_DACH2_CEMIP",0.240386238818813
"_CACGGGTGTCCTTGTC-3","Glut-DACH2-HVCra","Ex_DACH2_MGAT4C",0.297137876090194
"_CACGTGGGTATGCGGA-3","Glut-DACH2-HVCra-Pre","Ex_DACH2_LHX2",0.497235548415954
"_CACTAAGAGTGAATAC-3","Glut-DACH2-HVCra","Ex_SATB2_SOX6",0.503409826325083
"_CACTAAGCACCAACAT-3","Glut-DACH2-HVCra-Pre","Ex_DACH2_LHX2",0.338007304604644
"_CACTAAGGTAGAATAC-3","Glut-DACH2-HVCra","Ex_DACH2_MGAT4C",0.205610595663565
"_CACTAAGTCACGAGGA-3","Glut-DACH2-HVCx","Ex_DACH2_CEMIP",0.268499741597417
"_CACTAAGTCGGTAGGA-3","Glut-DACH2-HVCra-Pre","Ex_DACH2_GRIK4",0.276752085200197
"_CACTGAAAGTAGGTTA-3","Glut-DACH2-4","Ex_DACH2_ITGA9",0.257201111967397
"_CACTGAACAATCACGT-3","Glut-DACH2-HVCra-Pre","Ex_DACH2_MGAT4C",0.2787727092448
"_CACTGAATCATTCGGA-3","Glut-DACH2-HVCra","Ex_DACH2_GRIK4",0.221603673838963
"_CACTGGGGTATGGAGC-3","Glut-DACH2-4","Ex_DACH2_NR4A3",0.19732553731908
"_CACTGGGTCCAAAGGG-3","Glut-DACH2-2","Ex_DACH2_LHX2",0.561973309376242
"_CACTGGGTCTTGATTC-3","Glut-DACH2-HVCra","Ex_SATB2_SOX6",0.363642887860055
"_CACTGTCAGTGTTGTC-3","Glut-DACH2-HVCra","Ex_SATB2_SOX6",0.309844933198363
"_CACTGTCGTTGTTTGG-3","Glut-DACH2-HVCra","Ex_DACH2_LHX2",0.356040754693378
"_CACTGTCTCTTACCGC-3","Glut-DACH2-HVCra-Pre","Ex_DACH2_LHX2",0.327040407314168
"_CAGAGCCTCTTGGTCC-3","Glut-DACH2-HVCra","Ex_SATB2_SOX6",0.439196082944305
"_CAGATACGTAACATCC-3","Glut-DACH2-HVCra","Ex_SATB2_SOX6",0.38591599733277
"_CAGATACGTCTCAAGT-3","Glut-DACH2-HVCra","Ex_SATB2_SOX6",0.344580970273097
"_CAGATACGTGTTGAGG-3","Glut-DACH2-HVCx","Ex_CACNA1H_LHX9",0.233757939181986
"_CAGATCAAGCACAAAT-3","Glut-DACH2-HVCra","Ex_DACH2_MGAT4C",0.203811546412837
"_CAGATCAGTCATGGCC-3","Glut-DACH2-HVCra","Ex_DACH2_MGAT4C",0.210147329638052
"_CAGATTGAGACTCAAA-3","Glut-DACH2-2","Ex_DACH2_LHX2",0.465496836662094
"_CAGATTGAGCATAGGC-3","Glut-DACH2-HVCx","Ex_CACNA1H_LHX9",0.3301298600149
"_CAGATTGGTTCTTGTT-3","Glut-DACH2-HVCra","Ex_SATB2_SOX6",0.384173401432864
"_CAGCAATGTACCCGAC-3","Glut-DACH2-HVCra-Pre","Ex_DACH2_LHX2",0.358658911390553
"_CAGCAATTCCTATTTG-3","Glut-DACH2-HVCra","Ex_SATB2_SOX6",0.236644000424055
"_CAGCACGAGCCGATTT-3","Glut-DACH2-HVCx","Ex_SATB2_SOX6",0.212996024036994
"_CAGCACGAGGAATCGC-3","Glut-DACH2-HVCra-Pre","Ex_DACH2_LHX2",0.26830284806648
"_CAGCACGCACCCAAGC-3","Glut-DACH2-HVCra-Pre","Ex_DACH2_LHX2",0.313974082439898
"_CAGCACGCAGTTACCA-3","Glut-DACH2-HVCra","Ex_DACH2_MGAT4C",0.197740893869754
"_CAGCACGTCTCTGCCA-3","Glut-DACH2-HVCra","Ex_SATB2_SOX6",0.376963290115519
"_CAGCAGCAGATCACCT-3","Glut-DACH2-HVCx","Ex_DACH2_CEMIP",0.244858409955076
"_CAGCAGCAGGCCACCT-3","Glut-DACH2-HVCra","Ex_SATB2_SOX6",0.348466491949727
"_CAGCAGCCATGGCTGC-3","Glut-DACH2-HVCra-Pre","Ex_DACH2_GRIK4",0.380064691075551
"_CAGCAGCGTCTCGGGT-3","Glut-DACH2-HVCra","Ex_SATB2_SOX6",0.182389235956324
"_CAGCAGCTCCGTTGAA-3","Glut-DACH2-HVCra-Pre","Ex_DACH2_GRIK4",0.317051821794319
"_CAGCAGCTCTAGCCAA-3","Glut-DACH2-HVCra-Pre","Ex_DACH2_MGAT4C",0.307620090039712
"_CAGCGTGAGGTAGTAT-3","Glut-DACH2-HVCx","Ex_SATB2_FOXP2",0.364022401459972
"_CAGCGTGGTTATTCTC-3","Glut-DACH2-HVCra-Pre","Ex_DACH2_ADAMTS5",0.189942465719492
"_CAGGCCAAGTAAAGCT-3","Glut-DACH2-HVCra-Pre","Ex_DACH2_GRIK4",0.245274262751414
"_CAGGCCACAGCACAAG-3","Glut-DACH2-HVCra-Pre","Ex_DACH2_GRIK4",0.31645736380276
"_CAGGCCAGTGCGGTAA-3","Glut-DACH2-HVCra","Ex_DACH2_MGAT4C",0.214627077738919
"_CAGGGCTAGACTAGAT-3","Glut-DACH2-HVCra","Ex_SATB2_SOX6",0.442978486250372
"_CAGGTATAGCCTGAGA-3","Glut-DACH2-HVCra","Ex_SATB2_SOX6",0.334328470085704
"_CAGGTATCAATCAGCT-3","Glut-DACH2-2","Ex_DACH2_LHX2",0.427653896564839
"_CAGTGCGAGGTCACCC-3","Glut-DACH2-HVCx","Ex_DACH2_CEMIP",0.394132022711058
"_CAGTGCGCAAACCGGA-3","Glut-DACH2-HVCra","Ex_DACH2_CEMIP",0.195609537633924
"_CAGTTAGCACCGTCGA-3","Glut-DACH2-2","Ex_DACH2_LHX2",0.413592084452763
"_CAGTTAGGTACCATAC-3","Glut-DACH2-HVCra-Pre","Ex_DACH2_GRIK4",0.3380110770513
"_CAGTTAGGTCAAGGCA-3","Glut-DACH2-HVCra","Ex_DACH2_GRIK4",0.260772766790816
"_CAGTTAGTCGTAGTCA-3","Glut-DACH2-HVCra","Ex_SATB2_SOX6",0.302648984839524
"_CAGTTCCAGCATCCTA-3","Glut-DACH2-HVCra","Ex_DACH2_MGAT4C",0.271248042182536
"_CATAAGCTCCAGTGTA-3","Glut-DACH2-HVCra","Ex_DACH2_GRIK4",0.296833654826592
"_CATACCCGTGAAGCGT-3","Glut-DACH2-HVCra","Ex_DACH2_MGAT4C",0.214414222413228
"_CATACCCTCTACACAG-3","Glut-DACH2-HVCra-Pre","Ex_DACH2_GRIK4",0.296094221580003
"_CATACTTAGACCAGAC-3","Glut-DACH2-HVCra","Ex_DACH2_ADAMTS5",0.191449502286398
"_CATACTTAGCTGACCC-3","Glut-DACH2-HVCra-Pre","Ex_DACH2_MGAT4C",0.242824772537272
"_CATACTTCATGTTACG-3","Glut-DACH2-HVCra","Ex_SATB2_SOX6",0.417137023197293
"_CATACTTTCTGCGGCA-3","Glut-DACH2-2","Ex_DACH2_MGAT4C",0.238278163464161
"_CATCAAGGTGAGCTCC-3","Glut-DACH2-HVCra","Ex_SATB2_SOX6",0.246198196474925
"_CATCCACGTGCATTAC-3","Glut-DACH2-4","Ex_DACH2_ITGA9",0.317997148813952
"_CATCCACTCTGAGGTT-3","Glut-DACH2-HVCx","Ex_DACH2_CEMIP",0.288021318997285
"_CATCCCAAGACCTTTG-3","Glut-DACH2-HVCra","Ex_SATB2_SOX6",0.470739423204866
"_CATCCCAAGGTTGAGC-3","Glut-DACH2-HVCra-Pre","Ex_DACH2_GRIK4",0.485877540504825
"_CATCCCAGTATTTCTC-3","Glut-DACH2-HVCra","Ex_DACH2_CEMIP",0.175864769182741
"_CATCCCAGTCGAAGCA-3","Glut-DACH2-HVCra","Ex_SATB2_SOX6",0.430453210713579
"_CATCCCATCATTCCTA-3","Glut-DACH2-HVCra-Pre","Ex_DACH2_GRIK4",0.34712001463141
"_CATCCCATCCCGTAAA-3","Glut-DACH2-HVCx","Ex_DACH2_CEMIP",0.266904154180819
"_CATCCGTAGGGTTTCT-3","Glut-DACH2-HVCra","Ex_DACH2_CEMIP",0.17207081918139
"_CATCCGTCAGCAGATG-3","Glut-DACH2-HVCra","Ex_SATB2_SOX6",0.299441451140735
"_CATCCGTGTGCACGCT-3","Glut-DACH2-HVCra","Ex_SATB2_SOX6",0.474766234309994
"_CATCGCTAGCCTCGTG-3","Glut-DACH2-HVCra-Pre","Ex_DACH2_MGAT4C",0.246513534528615
"_CATCGCTCATCCGTTC-3","Glut-DACH2-HVCra-Pre","Ex_DACH2_MGAT4C",0.243746028731221
"_CATCGCTTCACTCCGT-3","Glut-DACH2-2","Ex_DACH2_LHX2",0.437623118741612
"_CATCGCTTCATTACGG-3","Glut-DACH2-HVCx","Ex_DACH2_CEMIP",0.369465124488899
"_CATCGGGAGGGAGGCA-3","Glut-DACH2-HVCx","Ex_CACNA1H_LHX9",0.259872319575438
"_CATCGGGCATTCATCT-3","Glut-DACH2-HVCx","Ex_SATB2_SOX6",0.289784307707457
"_CATCGTCAGTCAATCC-3","Glut-DACH2-HVCx","Ex_SATB2_FOXP2",0.207020049027387
"_CATGCAACACTACAGT-3","Glut-DACH2-HVCra","Ex_SATB2_SOX6",0.332841806993001
"_CATGCAAGTAGTTACC-3","Glut-DACH2-HVCra","Ex_DACH2_GRIK4",0.285209762776847
"_CATGCGGCAAATGGAT-3","Glut-DACH2-HVCra","Ex_SATB2_SOX6",0.449842799067215
"_CATGCGGTCAGCTTGA-3","Glut-DACH2-1","Ex_DACH2_GRIK4",0.315597793914365
"_CATGCGGTCGTAGCCG-3","Glut-DACH2-HVCra-Pre","Ex_DACH2_ITGA9",0.222791662758386
"_CATGGATCATACAGAA-3","Glut-DACH2-HVCra","Ex_SATB2_SOX6",0.479030212792588
"_CATGGTACAACTCGTA-3","Glut-DACH2-HVCra-Pre","Ex_DACH2_GRIK4",0.283946447798764
"_CATGGTACAGAGAGGG-3","Glut-DACH2-HVCx","Ex_CACNA1H_LHX9",0.397713255161465
"_CATGGTACATGAAAGT-3","Glut-DACH2-2","Ex_DACH2_LHX2",0.503558846408379
"_CATGGTAGTGCCTGAC-3","Glut-DACH2-HVCra","Ex_SATB2_SOX6",0.444144459478312
"_CATTCATCAATCTCGA-3","Glut-DACH2-HVCra","Ex_DACH2_MGAT4C",0.237844098336081
"_CATTCATTCTGCCTCA-3","Glut-DACH2-HVCra","Ex_SATB2_SOX6",0.368092729615886
"_CATTCCGGTCTTCTAT-3","Glut-DACH2-HVCra","Ex_DACH2_MGAT4C",0.209348748374335
"_CATTCTAAGAGAGAAC-3","Glut-DACH2-HVCra","Ex_DACH2_GRIK4",0.292108061465293
"_CATTCTAAGATGATTG-3","Glut-DACH2-HVCra-Pre","Ex_DACH2_LHX2",0.522671976178779
"_CATTCTAAGGGTCAAC-3","Glut-DACH2-HVCx","Ex_CACNA1H_LHX9",0.351949099234438
"_CATTGAGAGTAGAATC-3","Glut-DACH2-HVCra-Pre","Ex_DACH2_MGAT4C",0.277194233750889
"_CATTGAGCACGGGCTT-3","Glut-DACH2-HVCra-Pre","Ex_DACH2_MGAT4C",0.220179938506712
"_CATTGAGGTCCTGGGT-3","Glut-DACH2-2","Ex_DACH2_LHX2",0.347223209911942
"_CATTGCCGTGTCGCTG-3","Glut-DACH2-HVCra-Pre","Ex_DACH2_MGAT4C",0.248379788561575
"_CATTGTTAGGATACGC-3","Glut-DACH2-2","Ex_DACH2_LHX2",0.504559090379269
"_CATTGTTAGGATTTGA-3","Glut-DACH2-HVCra","Ex_SATB2_SOX6",0.265766836831237
"_CATTGTTCACTACAGT-3","Glut-DACH2-HVCx","Ex_DACH2_CEMIP",0.259755705500884
"_CATTGTTTCTGCATAG-3","Glut-DACH2-1","Ex_DACH2_ADAMTS5",0.305963515504654
"_CATTGTTTCTTGGATG-3","Glut-DACH2-HVCx","Ex_DACH2_CEMIP",0.273521631039009
"_CATTTCAAGAGTCTGG-3","Glut-DACH2-HVCra","Ex_DACH2_ADAMTS5",0.212856059854935
"_CCAAGCGCAAGAAACT-3","Glut-DACH2-HVCra-Pre","Ex_DACH2_MGAT4C",0.244592161185554
"_CCAAGCGCACGTGAGA-3","Glut-DACH2-HVCra-Pre","Ex_DACH2_LHX2",0.448783660614144
"_CCAAGCGGTAAGCTCT-3","Glut-DACH2-HVCra","Ex_DACH2_MGAT4C",0.185893050855679
"_CCAAGCGGTGGTTTAC-3","Glut-DACH2-HVCra","Ex_SATB2_SOX6",0.344778581503502
"_CCAATGACATGTGACT-3","Glut-DACH2-HVCra","Ex_SATB2_SOX6",0.250984706950884
"_CCAATGAGTCGAGTGA-3","Glut-DACH2-1","Ex_DACH2_LHX2",0.414113782237436
"_CCAATGATCCACCTCA-3","Glut-DACH2-2","Ex_DACH2_LHX2",0.522239442002484
"_CCAATTTCAGTTGGTT-3","Glut-DACH2-HVCx","Ex_DACH2_CEMIP",0.279417415268927
"_CCAATTTTCCTGGTCT-3","Glut-DACH2-HVCra","Ex_SATB2_SOX6",0.347780798022971
"_CCACAAAAGACCAAGC-3","Glut-DACH2-2","Ex_DACH2_LHX2",0.494458545546601
"_CCACAAACATCGTGCG-3","Glut-DACH2-HVCx","Ex_DACH2_CEMIP",0.33257311075526
"_CCACAAATCTCTGACC-3","Glut-DACH2-2","Ex_DACH2_LHX2",0.379745741726666
"_CCACACTAGGTGGTTG-3","Glut-DACH2-HVCx","Ex_SATB2_SOX6",0.182090632612981
"_CCACCATCACAAGCTT-3","Glut-DACH2-HVCra","Ex_SATB2_SOX6",0.300320867374542
"_CCACCATGTGAATATG-3","Glut-DACH2-HVCra","Ex_SATB2_SOX6",0.3562505609476
"_CCACCATTCTTTCGAT-3","Glut-DACH2-HVCra-Pre","Ex_DACH2_LHX2",0.542124765498982
"_CCACGAGAGGAAACGA-3","Glut-DACH2-1","Ex_DACH2_GRIK4",0.344460635467104
"_CCACGAGCACTGGCCA-3","Glut-DACH2-HVCra","Ex_SATB2_ZNF385B",0.386261425641835
"_CCACGAGCAGCGTATT-3","Glut-DACH2-HVCra-Pre","Ex_DACH2_GRIK4",0.276217930664216
"_CCACGTTGTAGCCAGA-3","Glut-DACH2-HVCra-Pre","Ex_DACH2_LHX2",0.362946318876238
"_CCACGTTGTGACTGAG-3","Glut-DACH2-HVCra-Pre","Ex_DACH2_LHX2",0.52320863038023
"_CCACGTTGTTTCACTT-3","Glut-DACH2-HVCx","Ex_DACH2_CEMIP",0.274293224839959
"_CCACGTTTCGCCAGTG-3","Glut-DACH2-HVCra-Pre","Ex_DACH2_LHX2",0.422347358416621
"_CCACTTGAGTATAACG-3","Glut-DACH2-HVCra","Ex_SATB2_SOX6",0.217454824407851
"_CCACTTGCAATGCTCA-3","Glut-DACH2-HVCra-Pre","Ex_DACH2_GRIK4",0.289172152412802
"_CCACTTGGTGTCCTAA-3","Glut-DACH2-HVCra-Pre","Ex_DACH2_LHX2",0.506723847505239
"_CCATCACCAAGTCCCG-3","Glut-DACH2-HVCx","Ex_DACH2_CEMIP",0.313492806399622
"_CCATCACGTGAGGAAA-3","Glut-DACH2-4","Ex_CACNA1H_LHX9",0.283491964045757
"_CCATCACGTGCCCTTT-3","Glut-DACH2-HVCra","Ex_SATB2_SOX6",0.383331510629831
"_CCATCACGTTGACTAC-3","Glut-DACH2-HVCx","Ex_CACNA1H_LHX9",0.302125383913327
"_CCCAACTAGCTCCCTT-3","Glut-DACH2-HVCra","Ex_DACH2_MGAT4C",0.245463698482768
"_CCCAACTGTAATCAAG-3","Glut-DACH2-HVCra","Ex_SATB2_SOX6",0.214551646863175
"_CCCAACTGTACCAGAG-3","Glut-DACH2-2","Ex_DACH2_GRIK4",0.266297147916223
"_CCCGAAGAGTACAGAT-3","Glut-DACH2-HVCra","Ex_SATB2_SOX6",0.419533679495574
"_CCCGAAGTCATTACCT-3","Glut-DACH2-HVCra","Ex_DACH2_MGAT4C",0.241491012667786
"_CCCGAAGTCTTACCGC-3","Glut-DACH2-HVCra-Pre","Ex_DACH2_LHX2",0.445184135599241
"_CCCGGAAGTACAGTCT-3","Glut-DACH2-HVCra-Pre","Ex_DACH2_GRIK4",0.305894216401928
"_CCCTAACCAGCCGTTG-3","Glut-DACH2-HVCra","Ex_SATB2_SOX6",0.307432208453346
"_CCCTAACTCACCATCC-3","Glut-DACH2-HVCra-Pre","Ex_DACH2_LHX2",0.303957097586818
"_CCCTGATCAGACAATA-3","Glut-DACH2-HVCra","Ex_SATB2_OVOA",0.220400895355114
"_CCCTGATTCCCATACC-3","Glut-DACH2-HVCra-Pre","Ex_DACH2_GRIK4",0.250417268490632
"_CCCTTAGAGTGGTGGT-3","Glut-DACH2-2","Ex_DACH2_ADAMTS5",0.33581222492918
"_CCCTTAGTCAAGTGGG-3","Glut-DACH2-HVCx","Ex_DACH2_CEMIP",0.337907682393389
"_CCCTTAGTCCCAACTC-3","Glut-DACH2-HVCra","Ex_SATB2_SOX6",0.310113668064729
"_CCGAACGCAGCGAGTA-3","Glut-DACH2-HVCra","Ex_SATB2_SOX6",0.344272663834297
"_CCGATCTCAAGACTGG-3","Glut-DACH2-HVCx","Ex_DACH2_ITGA9",0.238916657373421
"_CCGATCTGTTCATCTT-3","Glut-DACH2-HVCra-Pre","Ex_DACH2_MGAT4C",0.344763652924091
"_CCGATCTTCTCTAGGA-3","Glut-DACH2-HVCra-Pre","Ex_DACH2_LHX2",0.500595257851993
"_CCGATGGAGACTTCCA-3","Glut-DACH2-HVCra","Ex_DACH2_NR4A3",0.233614887412892
"_CCGATGGAGGGTAATT-3","Glut-DACH2-HVCra-Pre","Ex_DACH2_MGAT4C",0.251909660737026
"_CCGATGGCACGCTTAA-3","Glut-DACH2-HVCx","Ex_SATB2_SOX6",0.200817663506946
"_CCGATGGGTATCGAGG-3","Glut-DACH2-HVCra","Ex_SATB2_SOX6",0.390697921603037
"_CCGATGGGTCATGCAT-3","Glut-DACH2-HVCra","Ex_SATB2_SOX6",0.392052381822975
"_CCGCAAGCACAGCTGC-3","Glut-DACH2-HVCra","Ex_SATB2_SOX6",0.242429187742026
"_CCGCAAGGTACGGGAT-3","Glut-DACH2-HVCra","Ex_SATB2_SOX6",0.369034799316669
"_CCGCAAGGTTGGATCT-3","Glut-DACH2-HVCra","Ex_SATB2_SOX6",0.217867573183756
"_CCGGACAAGAGTCAGC-3","Glut-DACH2-HVCra","Ex_SATB2_SOX6",0.215710929418901
"_CCGGACAAGCCAGACA-3","Glut-DACH2-HVCra","Ex_SATB2_SOX6",0.221307724178427
"_CCGGACAAGGATATAC-3","Glut-DACH2-HVCx","Ex_SATB2_FOXP2",0.216572140712573
"_CCGGACACAGAATGTA-3","Glut-DACH2-HVCra","Ex_SATB2_SOX6",0.320208633155061
"_CCGGACACATGTGGTT-3","Glut-DACH2-2","Ex_DACH2_NR4A3",0.368926856990588
"_CCGGACAGTCCGGTCA-3","Glut-DACH2-HVCra","Ex_SATB2_SOX6",0.211193498664631
"_CCGGGTACATGTACGT-3","Glut-DACH2-HVCx","Ex_DACH2_CEMIP",0.224827876141549
"_CCGGGTAGTGAATTGA-3","Glut-DACH2-HVCra-Pre","Ex_DACH2_MGAT4C",0.204664016721878
"_CCGGGTATCACAATGC-3","Glut-DACH2-4","Ex_SATB2_OVOA",0.143749961367073
"_CCGGGTATCACCTGGG-3","Glut-DACH2-2","Ex_DACH2_LHX2",0.51300626837198
"_CCGGGTATCACGAACT-3","Glut-DACH2-HVCra","Ex_SATB2_SOX6",0.384202069281822
"_CCGGTAGGTAACGGTG-3","Glut-DACH2-2","Ex_DACH2_GRIK4",0.27010055775692
"_CCGGTAGTCAACCGAT-3","Glut-DACH2-HVCra","Ex_SATB2_SOX6",0.411491653025805
"_CCGGTAGTCGTTCTGC-3","Glut-DACH2-HVCra-Pre","Ex_DACH2_MGAT4C",0.36382015469769
"_CCGGTGATCGTTCCTG-3","Glut-DACH2-4","Ex_DACH2_ITGA9",0.269382840575301
"_CCGTAGGAGATGGCAC-3","Glut-DACH2-HVCra-Pre","Ex_DACH2_MGAT4C",0.250131564283862
"_CCGTAGGTCTCCAATT-3","Glut-DACH2-HVCra-Pre","Ex_DACH2_LHX2",0.555596197575699
"_CCGTGAGCATCCTATT-3","Glut-DACH2-HVCra-Pre","Ex_DACH2_LHX2",0.506825960438009
"_CCGTGAGGTCCACAGC-3","Glut-DACH2-2","Ex_DACH2_GRIK4",0.45759399775794
"_CCGTGAGGTCTTGCGG-3","Glut-DACH2-HVCra-Pre","Ex_DACH2_LHX2",0.328550518802111
"_CCGTTCACACGGCGTT-3","Glut-DACH2-HVCra-Pre","Ex_DACH2_MGAT4C",0.272277480423699
"_CCTAAGACACGGATCC-3","Glut-DACH2-HVCx","Ex_DACH2_CEMIP",0.381615754887713
"_CCTAAGATCGACCAAT-3","Glut-DACH2-HVCra","Ex_SATB2_SOX6",0.343697072936855
"_CCTAAGATCTAGCCTC-3","Glut-DACH2-HVCra-Pre","Ex_DACH2_MGAT4C",0.22769219069938
"_CCTAAGATCTTCACAT-3","Glut-DACH2-HVCra-Pre","Ex_DACH2_LHX2",0.316451883521599
"_CCTACGTAGCGTACAG-3","Glut-DACH2-HVCra-Pre","Ex_DACH2_LHX2",0.490307058378363
"_CCTACGTCAGAAGTTA-3","Glut-DACH2-HVCra","Ex_SATB2_SOX6",0.501876358743966
"_CCTACGTTCACCATGA-3","Glut-DACH2-HVCra","Ex_DACH2_GRIK4",0.258410915339795
"_CCTACGTTCATGGTAC-3","Glut-DACH2-HVCra-Pre","Ex_DACH2_MGAT4C",0.292245366661481
"_CCTATCGCAAGAGGTC-3","Glut-DACH2-4","Ex_DACH2_CEMIP",0.294909662438206
"_CCTATCGCAGCGTATT-3","Glut-DACH2-HVCx","Ex_CACNA1H_LHX9",0.302894989509641
"_CCTCAACCACACCTTC-3","Glut-DACH2-HVCx","Ex_DACH2_CEMIP",0.400652366697596
"_CCTCAACCAGACACCC-3","Glut-DACH2-2","Ex_DACH2_MGAT4C",0.231306536725705
"_CCTCAACCAGTGCCTG-3","Glut-DACH2-HVCra-Pre","Ex_DACH2_LHX2",0.239755250688
"_CCTCAACGTCATGGCC-3","Glut-DACH2-HVCra-Pre","Ex_DACH2_GRIK4",0.297845355558604
"_CCTCACAAGCTCACTA-3","Glut-DACH2-1","Ex_DACH2_LHX2",0.430215324267092
"_CCTCACAGTAGCTTGT-3","Glut-DACH2-HVCra","Ex_DACH2_ADAMTS5",0.261570325595907
"_CCTCACATCGTAGGGA-3","Glut-DACH2-1","Ex_DACH2_GRIK4",0.515269181762192
"_CCTCAGTAGCGCATCC-3","Glut-DACH2-2","Ex_DACH2_LHX2",0.506566203146996
"_CCTCAGTAGGATGGCT-3","Glut-DACH2-2","Ex_DACH2_MGAT4C",0.373174053256485
"_CCTCAGTAGGTTGGTG-3","Glut-DACH2-HVCra","Ex_SATB2_SOX6",0.392559770764109
"_CCTCAGTGTAGGAGGG-3","Glut-DACH2-HVCra","Ex_SATB2_SOX6",0.201113609650214
"_CCTCAGTTCCGTGGGT-3","Glut-DACH2-5","Ex_DACH2_ADAMTS5",0.289894307004457
"_CCTCATGAGGATGGCT-3","Glut-DACH2-2","Ex_DACH2_ADAMTS5",0.280286189395035
"_CCTCCAACATTGGCAT-3","Glut-DACH2-HVCra-Pre","Ex_DACH2_MGAT4C",0.323316094195774
"_CCTCCAAGTACGAGCA-3","Glut-DACH2-HVCra-Pre","Ex_DACH2_MGAT4C",0.328986967853835
"_CCTCCAAGTGTAGGAC-3","Glut-DACH2-2","Ex_DACH2_LHX2",0.210127599008169
"_CCTCCTCAGATGAACT-3","Glut-DACH2-2","Ex_DACH2_GRIK4",0.291343283446946
"_CCTCCTCAGCTTGTGT-3","Glut-DACH2-HVCra-Pre","Ex_DACH2_LHX2",0.323551366134975
"_CCTCCTCTCTGTGCTC-3","Glut-DACH2-HVCra","Ex_DACH2_GRIK4",0.267961461700845
"_CCTCTAGAGCAAACAT-3","Glut-DACH2-HVCra-Pre","Ex_DACH2_MGAT4C",0.261910982546399
"_CCTCTAGAGTAAGAGG-3","Glut-DACH2-HVCx","Ex_DACH2_CEMIP",0.230136562081186
"_CCTCTAGCAATAGAGT-3","Glut-DACH2-HVCx","Ex_SATB2_FOXP2",0.270617022285822
"_CCTCTAGCACGAGAAC-3","Glut-DACH2-HVCx","Ex_DACH2_CEMIP",0.261105593217014
"_CCTCTAGTCGACACTA-3","Glut-DACH2-HVCra-Pre","Ex_DACH2_NR4A3",0.223529019956245
"_CCTCTAGTCGGTCTAA-3","Glut-DACH2-HVCra","Ex_SATB2_SOX6",0.202533935813108
"_CCTCTCCCACCGGTCA-3","Glut-DACH2-HVCra-Pre","Ex_DACH2_GRIK4",0.187380211419648
"_CCTCTCCCATTGCCTC-3","Glut-DACH2-HVCra-Pre","Ex_DACH2_GRIK4",0.377552435996052
"_CCTGCATGTGTTAGCT-3","Glut-DACH2-HVCra","Ex_SATB2_SOX6",0.400689353050125
"_CCTGTTGAGCGTACAG-3","Glut-DACH2-HVCra","Ex_SATB2_SOX6",0.259355088133668
"_CCTGTTGCAAGAGATT-3","Glut-DACH2-HVCra-Pre","Ex_DACH2_LHX2",0.534366240339895
"_CCTGTTGCATGCGTGC-3","Glut-DACH2-HVCra-Pre","Ex_DACH2_MGAT4C",0.173802433185745
"_CCTGTTGGTCCCGCAA-3","Glut-DACH2-2","Ex_DACH2_GRIK4",0.319504631509039
"_CCTGTTGTCCGCGATG-3","Glut-DACH2-HVCra","Ex_DACH2_GRIK4",0.329814431385225
"_CCTGTTGTCCTGGTCT-3","Glut-DACH2-HVCra-Pre","Ex_DACH2_LHX2",0.486656869116937
"_CCTTCAGAGCACGATG-3","Glut-DACH2-1","Ex_DACH2_LHX2",0.375477080397125
"_CCTTCAGAGTTAGTAG-3","Glut-DACH2-HVCra","Ex_SATB2_SOX6",0.297460576860235
"_CCTTCAGGTGGTGATG-3","Glut-DACH2-1","Ex_DACH2_GRIK4",0.255950645014992
"_CCTTCAGTCTCCGTGT-3","Glut-DACH2-HVCra-Pre","Ex_DACH2_GRIK4",0.301436254301974
"_CCTTGTGAGTGTAGTA-3","Glut-DACH2-HVCra","Ex_SATB2_SOX6",0.273516776210103
"_CCTTGTGTCATCACAG-3","Glut-DACH2-HVCra-Pre","Ex_DACH2_GRIK4",0.295626736071098
"_CCTTTGGAGAGCTGCA-3","Glut-DACH2-HVCra-Pre","Ex_DACH2_GRIK4",0.355001948280925
"_CCTTTGGAGTCAACAA-3","Glut-DACH2-2","Ex_DACH2_LHX2",0.335019653621636
"_CCTTTGGGTCGTGGAA-3","Glut-DACH2-HVCra","Ex_BCL6",0.15946446930916
"_CCTTTGGGTTCACCGG-3","Glut-DACH2-HVCra","Ex_SATB2_SOX6",0.416453277078464
"_CGAAGGAAGGCGCTCT-3","Glut-DACH2-HVCra","Ex_SATB2_SOX6",0.355421855981638
"_CGAAGGACAAGAATAC-3","Glut-DACH2-HVCra-Pre","Ex_DACH2_LHX2",0.230865490951986
"_CGAAGGATCCAGTGTA-3","Glut-DACH2-HVCra-Pre","Ex_DACH2_LHX2",0.346180456989847
"_CGAAGTTCATCCTTGC-3","Glut-DACH2-HVCra-Pre","Ex_DACH2_GRIK4",0.305452763517773
"_CGAAGTTTCAACCTCC-3","Glut-DACH2-HVCra-Pre","Ex_Pre_SATB2",0.267241561948759
"_CGAAGTTTCTTCGTGC-3","Glut-DACH2-2","Ex_DACH2_LHX2",0.504293573941614
"_CGAATTGTCAGACAAA-3","Glut-DACH2-HVCra","Ex_DACH2_ADAMTS5",0.177365729329192
"_CGAATTGTCGATTCCC-3","Glut-DACH2-HVCx","Ex_CACNA1H_LHX9",0.173615808384634
"_CGACAGCAGTTCCGTA-3","Glut-DACH2-4","Ex_SATB2_FOXP2",0.171472471251657
"_CGACAGCGTAAGTTGA-3","Glut-DACH2-HVCra","Ex_SATB2_SOX6",0.372560716452498
"_CGACAGCTCTCCACTG-3","Glut-DACH2-HVCra-Pre","Ex_DACH2_MGAT4C",0.217681932512457
"_CGAGAAGTCACTGTCC-3","Glut-DACH2-HVCra","Ex_SATB2_SOX6",0.240349736221385
"_CGAGAAGTCGTCGACG-3","Glut-DACH2-HVCra-Pre","Ex_DACH2_LHX2",0.485222256717361
"_CGAGGAATCACCCTCA-3","Glut-DACH2-HVCra","Ex_DACH2_MGAT4C",0.222684744001225
"_CGAGGCTCATGTCGTA-3","Glut-DACH2-HVCra","Ex_DACH2_MGAT4C",0.252785554653123
"_CGAGTGCCATAGTCGT-3","Glut-DACH2-HVCra","Ex_DACH2_MGAT4C",0.202701999111221
"_CGAGTTAAGTAAAGCT-3","Glut-DACH2-HVCra-Pre","Ex_DACH2_MGAT4C",0.269200313100102
"_CGAGTTACAATCACGT-3","Glut-DACH2-3","Ex_DACH2_GRIK4",0.293367402493359
"_CGAGTTAGTCAAAGTA-3","Glut-DACH2-HVCra-Pre","Ex_DACH2_LHX2",0.514296674173405
"_CGATCGGCAAGATGTA-3","Glut-DACH2-HVCra","Ex_DACH2_CEMIP",0.162704155643953
"_CGATGCGTCTATCGGA-3","Glut-DACH2-HVCx","Ex_DACH2_CEMIP",0.357496789054188
"_CGATGGCAGTACAGCG-3","Glut-DACH2-HVCra","Ex_SATB2_SOX6",0.304578169916169
"_CGATGGCCATCGGTTA-3","Glut-DACH2-HVCra","Ex_DACH2_GRIK4",0.312768983872223
"_CGCATAAAGTAAACGT-3","Glut-DACH2-HVCra-Pre","Ex_DACH2_ADAMTS5",0.313416571789734
"_CGCATAACACAAAGCG-3","Glut-DACH2-HVCra","Ex_SATB2_SOX6",0.415450536027271
"_CGCATAACATGGCGCT-3","Glut-DACH2-HVCra-Pre","Ex_DACH2_MGAT4C",0.315688787194086
"_CGCATAAGTCGTCTCT-3","Glut-DACH2-HVCx","Ex_SATB2_FOXP2",0.287967442561473
"_CGCATAATCCTACTGC-3","Glut-DACH2-1","Ex_DACH2_GRIK4",0.310379611658399
"_CGCATGGAGATTGATG-3","Glut-DACH2-HVCx","Ex_DACH2_CEMIP",0.26802689248009
"_CGCATGGCATTGACTG-3","Glut-DACH2-HVCra","Ex_DACH2_NR4A3",0.344679926163326
"_CGCATGGGTCAGGTGA-3","Glut-DACH2-HVCra","Ex_DACH2_MGAT4C",0.175286716294012
"_CGCATGGTCGAACCTA-3","Glut-DACH2-HVCra","Ex_SATB2_SOX6",0.425838758459719
"_CGCCAGAAGATCGCTT-3","Glut-DACH2-HVCra-Pre","Ex_DACH2_MGAT4C",0.339764640202358
"_CGCCAGACATCACAGT-3","Glut-DACH2-HVCra-Pre","Ex_DACH2_MGAT4C",0.286331074159013
"_CGCCAGATCCTCACTG-3","Glut-DACH2-HVCra","Ex_DACH2_MGAT4C",0.259571419983568
"_CGCCATTCAGATCACT-3","Glut-DACH2-HVCra-Pre","Ex_DACH2_MGAT4C",0.293080281746069
"_CGCCATTCATCGATGT-3","Glut-DACH2-HVCra","Ex_DACH2_NR4A3",0.431982690624682
"_CGCCATTGTAAGACCG-3","Glut-DACH2-HVCra","Ex_DACH2_MGAT4C",0.221869139889947
"_CGCGTGAAGACCACGA-3","Glut-DACH2-HVCra-Pre","Ex_DACH2_GRIK4",0.468489296426956
"_CGCGTGACAGAGTTCT-3","Glut-DACH2-HVCx","Ex_DACH2_CEMIP",0.270900343039719
"_CGCGTGACATGCGTGC-3","Glut-DACH2-1","Ex_DACH2_MGAT4C",0.345698569882723
"_CGGAACCAGCATCAGG-3","Glut-DACH2-1","Ex_DACH2_GRIK4",0.350228054740163
"_CGGAACCCACGCCAGT-3","Glut-DACH2-HVCra-Pre","Ex_DACH2_LHX2",0.342103886724635
"_CGGAACCTCCGTCCTA-3","Glut-DACH2-HVCra","Ex_DACH2_MGAT4C",0.262970609333279
"_CGGAATTCAAGTATAG-3","Glut-DACH2-HVCra","Ex_DACH2_GRIK4",0.317938967960456
"_CGGACACCAATACAGA-3","Glut-DACH2-HVCra","Ex_SATB2_SOX6",0.439313831366768
"_CGGAGAAAGGTATAGT-3","Glut-DACH2-HVCra","Ex_SATB2_SOX6",0.23808717109838
"_CGGAGAACAAATCAGA-3","Glut-DACH2-HVCra-Pre","Ex_DACH2_MGAT4C",0.290627729391159
"_CGGAGAAGTCTACAGT-3","Glut-DACH2-HVCra","Ex_SATB2_SOX6",0.267456457544987
"_CGGCAGTAGCCGGAAT-3","Glut-DACH2-HVCra","Ex_DACH2_GRIK4",0.328101812500818
"_CGGCAGTAGTGCACAG-3","Glut-DACH2-HVCra","Ex_SATB2_SOX6",0.306923449884428
"_CGGCAGTTCAGGACGA-3","Glut-DACH2-HVCra-Pre","Ex_DACH2_MGAT4C",0.380810389941003
"_CGGCAGTTCTAGCAAC-3","Glut-DACH2-HVCra-Pre","Ex_DACH2_NR4A3",0.34711545767277
"_CGGCAGTTCTAGTTCT-3","Glut-DACH2-HVCx","Ex_DACH2_CEMIP",0.427391753196482
"_CGGGACTGTGATGTAA-3","Glut-DACH2-HVCra","Ex_SATB2_SOX6",0.252493346002245
"_CGGGCATAGCCTTCTC-3","Glut-DACH2-HVCra","Ex_DACH2_GRIK4",0.190284606614308
"_CGGGCATAGGCCCAAA-3","Glut-DACH2-HVCra-Pre","Ex_DACH2_GRIK4",0.266117635566466
"_CGGGCATCAGACGGAT-3","Glut-DACH2-HVCra","Ex_DACH2_GRIK4",0.315563771190972
"_CGGGCATTCACTTTGT-3","Glut-DACH2-HVCra","Ex_SATB2_SOX6",0.372035763839216
"_CGGGCATTCTACGGTA-3","Glut-DACH2-HVCra","Ex_SATB2_SOX6",0.226498707331857
"_CGGGTCAAGACCAGAC-3","Glut-DACH2-HVCx","Ex_DACH2_CEMIP",0.18904368962301
"_CGGGTCAGTCCCTGAG-3","Glut-DACH2-HVCra-Pre","Ex_DACH2_GRIK4",0.203432778704684
"_CGGGTCATCTGTGCTC-3","Glut-DACH2-HVCx","Ex_CACNA1H_LHX9",0.216142692871339
"_CGGGTGTCATGACGTT-3","Glut-DACH2-HVCx","Ex_SATB2_SOX6",0.231089456534719
"_CGGGTGTTCGCTGCGA-3","Glut-DACH2-HVCra","Ex_DACH2_LHX2",0.284333886954911
"_CGGTCAGAGGTTAGTA-3","Glut-DACH2-HVCra-Pre","Ex_DACH2_LHX2",0.442727328149104
"_CGGTCAGAGTCTTGGT-3","Glut-DACH2-HVCra-Pre","Ex_DACH2_LHX2",0.507708882213988
"_CGGTCAGCATCTCGTC-3","Glut-DACH2-HVCra-Pre","Ex_DACH2_LHX2",0.277690863993413
"_CGGTCAGTCTCCTGTG-3","Glut-DACH2-HVCra-Pre","Ex_DACH2_ADAMTS5",0.195891267699411
"_CGTAAGTGTGAATGAT-3","Glut-DACH2-2","Ex_DACH2_MGAT4C",0.243039239049566
"_CGTAAGTTCTGCCTGT-3","Glut-DACH2-HVCra","Ex_DACH2_GRIK4",0.250020169926354
"_CGTAATGGTATTTCCT-3","Glut-DACH2-1","Ex_DACH2_GRIK4",0.523048395774547
"_CGTAATGGTGTTAAAG-3","Glut-DACH2-2","Ex_DACH2_LHX2",0.483100955260236
"_CGTAATGTCCGCAGTG-3","Glut-DACH2-HVCra","Ex_DACH2_GRIK4",0.346611962584131
"_CGTAGTAAGACGATAT-3","Glut-DACH2-1","Ex_DACH2_MGAT4C",0.271019788949614
"_CGTAGTACAGATGCGA-3","Glut-DACH2-2","Ex_DACH2_LHX2",0.462853112137794
"_CGTAGTATCCCGTTCA-3","Glut-DACH2-2","Ex_DACH2_GRIK4",0.285176520900041
"_CGTCAAAGTGGGCTCT-3","Glut-DACH2-HVCra","Ex_SATB2_SOX6",0.293539683887806
"_CGTCAAATCACGGGAA-3","Glut-DACH2-HVCra-Pre","Ex_DACH2_GRIK4",0.306582016038768
"_CGTCCATAGTATTCCG-3","Glut-DACH2-HVCx","Ex_DACH2_CEMIP",0.28692556043035
"_CGTCCATCAAATACGA-3","Glut-DACH2-HVCra-Pre","Ex_DACH2_GRIK4",0.314877876448281
"_CGTCCATCAACAGCCC-3","Glut-DACH2-HVCra","Ex_SATB2_SOX6",0.374270209076175
"_CGTCCATCACCTTCCA-3","Glut-DACH2-HVCra","Ex_SATB2_SOX6",0.242675277721717
"_CGTCCATTCGTTCTGC-3","Glut-DACH2-2","Ex_DACH2_GRIK4",0.33433410415029
"_CGTCCATTCTTAGCAG-3","Glut-DACH2-1","Ex_DACH2_LHX2",0.34623912060909
"_CGTGAATAGAATTCAG-3","Glut-DACH2-2","Ex_DACH2_MGAT4C",0.254952921653958
"_CGTGAATAGTGCACCC-3","Glut-DACH2-HVCra-Pre","Ex_DACH2_GRIK4",0.327630099172078
"_CGTGAATCAAGTTCCA-3","Glut-DACH2-HVCra","Ex_SATB2_SOX6",0.378571548828315
"_CGTGAATGTCCCGCAA-3","Glut-DACH2-HVCra","Ex_DACH2_CEMIP",0.230190147947994
"_CGTGAATTCTATCGCC-3","Glut-DACH2-HVCra","Ex_SATB2_SOX6",0.191433509923279
"_CGTGAATTCTCCGAGG-3","Glut-DACH2-HVCx","Ex_DACH2_ITGA9",0.298655636482823
"_CGTGATACATACGCAT-3","Glut-DACH2-HVCra","Ex_DACH2_CEMIP",0.190347090082267
"_CGTGCTTCAGTAGATA-3","Glut-DACH2-HVCra","Ex_SATB2_SOX6",0.556149668669368
"_CGTGTCTAGGTGCTGA-3","Glut-DACH2-HVCx","Ex_CACNA1H_LHX9",0.294731626840457
"_CGTGTCTAGTTAGTGA-3","Glut-DACH2-HVCra","Ex_DACH2_GRIK4",0.165845717626415
"_CGTTAGACAAAGAGTT-3","Glut-DACH2-HVCx","Ex_DACH2_CEMIP",0.3435226249971
"_CGTTAGACAACGGCCT-3","Glut-DACH2-HVCra-Pre","Ex_DACH2_LHX2",0.540071556917189
"_CGTTAGACATCCGTGG-3","Glut-DACH2-HVCra-Pre","Ex_DACH2_NR4A3",0.320566620043047
"_CGTTCTGCATCACAGT-3","Glut-DACH2-HVCra-Pre","Ex_DACH2_LHX2",0.545090144007604
"_CGTTCTGGTAGGGAGG-3","Glut-DACH2-HVCx","Ex_DACH2_CEMIP",0.286114294018861
"_CGTTGGGAGTACAGAT-3","Glut-DACH2-HVCra","Ex_DACH2_MGAT4C",0.199548316328639
"_CTAACCCCAACAGAGC-3","Glut-DACH2-HVCra","Ex_SATB2_SOX6",0.383147313640696
"_CTAACCCCACGCTGAC-3","Glut-DACH2-HVCx","Ex_SATB2_FOXP2",0.175124026488144
"_CTAACCCCACTGCGAC-3","Glut-DACH2-HVCra-Pre","Ex_DACH2_MGAT4C",0.306158258142076
"_CTAACCCCAGTCTACA-3","Glut-DACH2-2","Ex_DACH2_GRIK4",0.269472114079856
"_CTAACCCGTACAAACA-3","Glut-DACH2-HVCra-Pre","Ex_DACH2_MGAT4C",0.272980054838588
"_CTAACCCTCCTGGGTG-3","Glut-DACH2-HVCra-Pre","Ex_DACH2_GRIK4",0.478345043612946
"_CTAAGTGAGTGTTCCA-3","Glut-DACH2-2","Ex_DACH2_LHX2",0.487698420694731
"_CTAAGTGTCTACTCAT-3","Glut-DACH2-2","Ex_DACH2_LHX2",0.558857037973053
"_CTACAGAAGGATTTCC-3","Glut-DACH2-HVCra-Pre","Ex_DACH2_GRIK4",0.261595724928422
"_CTACAGAAGTAATACG-3","Glut-DACH2-2","Ex_DACH2_LHX2",0.505947118796127
"_CTACAGACAGAATGTA-3","Glut-DACH2-HVCx","Ex_DACH2_CEMIP",0.312419813577684
"_CTACAGATCAAGCCGC-3","Glut-DACH2-2","Ex_DACH2_MGAT4C",0.264445859210353
"_CTACAGATCTAGGCCG-3","Glut-DACH2-HVCra-Pre","Ex_DACH2_MGAT4C",0.246939089568952
"_CTACATTCACCAGTAT-3","Glut-DACH2-HVCra-Pre","Ex_DACH2_GRIK4",0.422960278139343
"_CTACATTGTTCCGTTC-3","Glut-DACH2-HVCra","Ex_SATB2_SOX6",0.437408338066011
"_CTACCTGAGGTCCTGC-3","Glut-DACH2-2","Ex_DACH2_GRIK4",0.202856273468763
"_CTACCTGCATTCTGTT-3","Glut-DACH2-HVCra-Pre","Ex_DACH2_MGAT4C",0.273029595767042
"_CTACGGGCAGCTCATA-3","Glut-DACH2-HVCra-Pre","Ex_DACH2_LHX2",0.511494511060322
"_CTACTATAGCGGTATG-3","Glut-DACH2-HVCra-Pre","Ex_DACH2_LHX2",0.246044902586675
"_CTACTATAGCGTGAGT-3","Glut-DACH2-HVCra-Pre","Ex_DACH2_MGAT4C",0.312626863369341
"_CTACTATCAACTAGAA-3","Glut-DACH2-HVCra-Pre","Ex_DACH2_MGAT4C",0.23840731223819
"_CTACTATGTAGACGTG-3","Glut-DACH2-HVCra-Pre","Ex_DACH2_LHX2",0.531966292481201
"_CTACTATGTAGGCAAC-3","Glut-DACH2-2","Ex_DACH2_LHX2",0.361657882891693
"_CTAGACACACTGCTTC-3","Glut-DACH2-HVCra","Ex_DACH2_GRIK4",0.226272982578073
"_CTAGACATCCCTGGTT-3","Glut-DACH2-2","Ex_DACH2_NR4A3",0.390169794235491
"_CTAGGTAAGACTCTTG-3","Glut-DACH2-1","Ex_DACH2_GRIK4",0.416393809484189
"_CTAGGTACAATCGCAT-3","Glut-DACH2-HVCra","Ex_SATB2_SOX6",0.144023603406189
"_CTAGGTAGTGCATGTT-3","Glut-DACH2-HVCra","Ex_SATB2_SOX6",0.304731594325669
"_CTAGGTATCGGAAACG-3","Glut-DACH2-HVCra","Ex_SATB2_SOX6",0.349572124948829
"_CTATAGGAGGACAGCT-3","Glut-DACH2-2","Ex_DACH2_MGAT4C",0.237177133384425
"_CTATAGGAGTCGAAAT-3","Glut-DACH2-HVCra-Pre","Ex_DACH2_MGAT4C",0.236324258720317
"_CTATCCGTCTGAGAAA-3","Glut-DACH2-HVCx","Ex_DACH2_CEMIP",0.300310659925567
"_CTATCTACACCGTACG-3","Glut-DACH2-2","Ex_DACH2_GRIK4",0.22531224615677
"_CTATCTAGTGCCTAAT-3","Glut-DACH2-HVCx","Ex_DACH2_CEMIP",0.355783946101055
"_CTATCTATCCTACACC-3","Glut-DACH2-2","Ex_DACH2_LHX2",0.357811315280861
"_CTCAACCAGCATTTCG-3","Glut-DACH2-2","Ex_DACH2_LHX2",0.438671318448405
"_CTCAACCAGTCTACCA-3","Glut-DACH2-HVCra-Pre","Ex_DACH2_LHX2",0.360594220229899
"_CTCAACCCAAGCAGGT-3","Glut-DACH2-HVCra","Ex_SATB2_SOX6",0.451224583753233
"_CTCAACCCATACACCA-3","Glut-DACH2-HVCx","Ex_SATB2_SOX6",0.212044905392275
"_CTCAACCGTTGGGCCT-3","Glut-DACH2-HVCx","Ex_DACH2_CEMIP",0.37241639020749
"_CTCAACCTCACCTCAC-3","Glut-DACH2-1","Ex_DACH2_MGAT4C",0.317460398267382
"_CTCAAGAAGAGTATAC-3","Glut-DACH2-HVCra-Pre","Ex_DACH2_MGAT4C",0.301202363120384
"_CTCAAGAAGATGGTCG-3","Glut-DACH2-HVCra","Ex_SATB2_OVOA",0.16769387567117
"_CTCAAGACAGACTGCC-3","Glut-DACH2-HVCra","Ex_DACH2_MGAT4C",0.246005645459871
"_CTCAAGACAGTTGTCA-3","Glut-DACH2-4","Ex_DACH2_ITGA9",0.223330168976086
"_CTCAAGAGTAGTGGCA-3","Glut-DACH2-HVCra","Ex_SATB2_SOX6",0.420330270790475
"_CTCAAGAGTGTGCTTA-3","Glut-DACH2-HVCx","Ex_DACH2_CEMIP",0.296348749209458
"_CTCAATTCACGGATCC-3","Glut-DACH2-HVCra-Pre","Ex_DACH2_LHX2",0.470566877231351
"_CTCAATTCACGGTGAA-3","Glut-DACH2-HVCra-Pre","Ex_DACH2_LHX2",0.528796415516931
"_CTCAATTGTAAGATAC-3","Glut-DACH2-HVCx","Ex_DACH2_ITGA9",0.19791580555197
"_CTCAATTGTTGATGTC-3","Glut-DACH2-1","Ex_DACH2_NR4A3",0.499551458621548
"_CTCACTGCAAGCCATT-3","Glut-DACH2-HVCra-Pre","Ex_DACH2_LHX2",0.341222655581868
"_CTCAGAAAGCACAAAT-3","Glut-DACH2-HVCra","Ex_SATB2_SOX6",0.310912829427314
"_CTCAGAAAGGGATGTC-3","Glut-DACH2-2","Ex_DACH2_LHX2",0.538838470727645
"_CTCAGAAAGGTTATAG-3","Glut-DACH2-HVCra","Ex_DACH2_GRIK4",0.342771208697122
"_CTCAGAAAGTAAATGC-3","Glut-DACH2-2","Ex_DACH2_LHX2",0.446757640436787
"_CTCAGAACAACAGTGG-3","Glut-DACH2-HVCx","Ex_DACH2_CEMIP",0.357610224688689
"_CTCAGAACAACTAGAA-3","Glut-DACH2-HVCx","Ex_DACH2_ITGA9",0.272126878695676
"_CTCAGAACATCATCTT-3","Glut-DACH2-HVCra","Ex_SATB2_SOX6",0.330314857275976
"_CTCAGAACATTCCTAT-3","Glut-DACH2-HVCx","Ex_DACH2_CEMIP",0.338940640641531
"_CTCAGAAGTCTCTCTG-3","Glut-DACH2-HVCra","Ex_DACH2_MGAT4C",0.261172873561387
"_CTCAGGGCAATTTCGG-3","Glut-DACH2-HVCra","Ex_SATB2_OVOA",0.22013795114405
"_CTCAGGGCAGGTTTAC-3","Glut-DACH2-HVCra-Pre","Ex_DACH2_ITGA9",0.146652553711149
"_CTCAGTCAGAGTACCG-3","Glut-DACH2-HVCra-Pre","Ex_DACH2_GRIK4",0.407533646774425
"_CTCAGTCAGTAGAATC-3","Glut-DACH2-HVCx","Ex_SATB2_SOX6",0.213648410614639
"_CTCAGTCCAGACGGAT-3","Glut-DACH2-2","Ex_DACH2_MGAT4C",0.239794488331425
"_CTCAGTCTCCCAAGTA-3","Glut-DACH2-HVCra","Ex_SATB2_SOX6",0.235221594861911
"_CTCAGTCTCGTGAGAG-3","Glut-DACH2-HVCra-Pre","Ex_DACH2_LHX2",0.487176715204395
"_CTCATCGAGGAAACGA-3","Glut-DACH2-HVCx","Ex_CACNA1H_LHX9",0.338841546484049
"_CTCATCGCACTTCAGA-3","Glut-DACH2-HVCra","Ex_DACH2_LHX2",0.386562836714472
"_CTCATCGCAGACCGCT-3","Glut-DACH2-HVCra-Pre","Ex_DACH2_LHX2",0.344556993563044
"_CTCATCGTCCATCAGA-3","Glut-DACH2-HVCra-Pre","Ex_DACH2_MGAT4C",0.255005831314837
"_CTCATGCAGACCATTC-3","Glut-DACH2-HVCra","Ex_SATB2_SOX6",0.386833613773763
"_CTCATGCGTATTGACC-3","Glut-DACH2-2","Ex_DACH2_MGAT4C",0.261278273818472
"_CTCATTAAGTTCGCAT-3","Glut-DACH2-HVCra-Pre","Ex_DACH2_LHX2",0.408256264656479
"_CTCATTATCGGCTATA-3","Glut-DACH2-HVCra-Pre","Ex_DACH2_LHX2",0.451372766346216
"_CTCCAACAGCCTTTCC-3","Glut-DACH2-HVCra","Ex_DACH2_MGAT4C",0.248446686684441
"_CTCCAACAGTGGAAGA-3","Glut-DACH2-HVCra-Pre","Ex_DACH2_LHX2",0.372714798844884
"_CTCCAACCAATTGCTG-3","Glut-DACH2-HVCra-Pre","Ex_DACH2_MGAT4C",0.238572920830167
"_CTCCAACTCGTCGACG-3","Glut-DACH2-HVCra-Pre","Ex_DACH2_GRIK4",0.258269795414397
"_CTCCACAAGCCTTGAT-3","Glut-DACH2-HVCra-Pre","Ex_DACH2_MGAT4C",0.356100034758329
"_CTCCATGCAACGGCCT-3","Glut-DACH2-1","Ex_DACH2_GRIK4",0.490847478358613
"_CTCCATGGTGGAACAC-3","Glut-DACH2-4","Ex_CACNA1H_LHX9",0.181340983540853
"_CTCCATGGTGTACGCC-3","Glut-DACH2-HVCra","Ex_DACH2_CEMIP",0.203286696573227
"_CTCCCAACACCTGCTT-3","Glut-DACH2-HVCra-Pre","Ex_DACH2_LHX2",0.448121022555941
"_CTCCCAAGTGACACAG-3","Glut-DACH2-HVCra-Pre","Ex_DACH2_MGAT4C",0.260402774778847
"_CTCCGATAGCACTCCG-3","Glut-DACH2-2","Ex_DACH2_LHX2",0.424060025134771
"_CTCCGATAGGGTGAAA-3","Glut-DACH2-2","Ex_DACH2_GRIK4",0.328087338306547
"_CTCCGATAGTTGCCCG-3","Glut-DACH2-HVCra-Pre","Ex_DACH2_MGAT4C",0.279090162515658
"_CTCCGATGTACAAGTA-3","Glut-DACH2-HVCra","Ex_SATB2_SOX6",0.243245982064696
"_CTCCTCCCACGACCTG-3","Glut-DACH2-HVCra","Ex_SATB2_SOX6",0.27104402210647
"_CTCCTCCCAGGTTACT-3","Glut-DACH2-HVCra-Pre","Ex_DACH2_MGAT4C",0.297821562543397
"_CTCCTCCGTAAGAACT-3","Glut-DACH2-HVCra","Ex_SATB2_SOX6",0.444078035717646
"_CTCCTCCTCGGCCCAA-3","Glut-DACH2-4","Ex_DACH2_CEMIP",0.314604103505988
"_CTCCTTTAGACTAGAT-3","Glut-DACH2-HVCra-Pre","Ex_DACH2_MGAT4C",0.257447344273493
"_CTCCTTTTCCTATTTG-3","Glut-DACH2-HVCra","Ex_SATB2_SOX6",0.257514795417817
"_CTCGAGGCACAGTGAG-3","Glut-DACH2-HVCra","Ex_SATB2_SOX6",0.26087925992306
"_CTCGAGGTCTGGCCTT-3","Glut-DACH2-HVCra","Ex_SATB2_SOX6",0.222932105549468
"_CTCTCAGCACATACGT-3","Glut-DACH2-HVCra","Ex_DACH2_GRIK4",0.15364743878584
"_CTCTCAGCAGCTGAAG-3","Glut-DACH2-HVCra-Pre","Ex_DACH2_MGAT4C",0.27764932407253
"_CTCTCAGGTACAAAGT-3","Glut-DACH2-HVCra-Pre","Ex_DACH2_LHX2",0.461263560667579
"_CTCTCAGGTAGACAGC-3","Glut-DACH2-HVCra-Pre","Ex_DACH2_GRIK4",0.348326547399191
"_CTCTCAGGTAGTTACC-3","Glut-DACH2-HVCra","Ex_DACH2_MGAT4C",0.252776345044295
"_CTCTCAGTCGCTGTTC-3","Glut-DACH2-2","Ex_DACH2_GRIK4",0.372062908085022
"_CTCTCGAGTTAAACAG-3","Glut-DACH2-HVCra-Pre","Ex_DACH2_GRIK4",0.232599309747682
"_CTCTCGATCGCTACAA-3","Glut-DACH2-2","Ex_DACH2_GRIK4",0.462538925841022
"_CTCTGGTAGGTCTACT-3","Glut-DACH2-HVCra-Pre","Ex_DACH2_GRIK4",0.253903289431544
"_CTCTGGTAGTGTACAA-3","Glut-DACH2-2","Ex_DACH2_GRIK4",0.326681913161104
"_CTCTGGTCAAGCGATG-3","Glut-DACH2-2","Ex_DACH2_GRIK4",0.255790277081205
"_CTCTGGTCAGAGACTG-3","Glut-DACH2-HVCra-Pre","Ex_DACH2_MGAT4C",0.260410509148246
"_CTCTGGTGTTCGGTTA-3","Glut-DACH2-2","Ex_DACH2_LHX2",0.513824101604666
"_CTCTGGTTCCTGTAAG-3","Glut-DACH2-2","Ex_DACH2_LHX2",0.427122515754904
"_CTCTGGTTCTACTGAG-3","Glut-DACH2-HVCra","Ex_SATB2_SOX6",0.233295258554208
"_CTGAATGGTAGGAGGG-3","Glut-DACH2-HVCx","Ex_DACH2_ITGA9",0.343570689245069
"_CTGAATGGTAGGGTAC-3","Glut-DACH2-HVCra-Pre","Ex_DACH2_MGAT4C",0.313349087549653
"_CTGAATGTCTCGTGGG-3","Glut-DACH2-HVCra","Ex_SATB2_SOX6",0.285767915116171
"_CTGAGCGAGATCACCT-3","Glut-DACH2-HVCx","Ex_CACNA1H_LHX9",0.353419970667691
"_CTGAGCGGTAAGCTCT-3","Glut-DACH2-HVCra-Pre","Ex_DACH2_MGAT4C",0.329030877387036
"_CTGAGCGGTTGCTGAT-3","Glut-DACH2-HVCx","Ex_DACH2_ITGA9",0.202988135207851
"_CTGAGCGTCCCAGGCA-3","Glut-DACH2-HVCra","Ex_DACH2_CEMIP",0.308295872937923
"_CTGAGGCAGCATGCGA-3","Glut-DACH2-HVCra","Ex_DACH2_MGAT4C",0.182110632863573
"_CTGAGGCGTTCTCCCA-3","Glut-DACH2-HVCra-Pre","Ex_DACH2_LHX2",0.24342540084767
"_CTGAGGCTCCCGTAAA-3","Glut-DACH2-HVCra-Pre","Ex_SATB2_SOX6",0.253500529069661
"_CTGAGGCTCCGAACGC-3","Glut-DACH2-2","Ex_DACH2_LHX2",0.461244607173196
"_CTGATCCCAAGAATAC-3","Glut-DACH2-HVCra","Ex_SATB2_SOX6",0.263933891277331
"_CTGCAGGTCGCTTTAT-3","Glut-DACH2-1","Ex_DACH2_NR4A3",0.838328098691901
"_CTGCAGGTCGTTCTGC-3","Glut-DACH2-HVCra","Ex_SATB2_SOX6",0.322889915975169
"_CTGCAGGTCTTGTGCC-3","Glut-DACH2-2","Ex_DACH2_LHX2",0.515720598308001
"_CTGCCATAGTGGACGT-3","Glut-DACH2-HVCra","Ex_DACH2_MGAT4C",0.297618673385234
"_CTGCCATTCGTGGCGT-3","Glut-DACH2-2","Ex_DACH2_LHX2",0.555317536895459
"_CTGCCTACAGCACGAA-3","Glut-DACH2-HVCra","Ex_SATB2_SOX6",0.364774185337068
"_CTGCCTACAGCCGTCA-3","Glut-DACH2-HVCra-Pre","Ex_DACH2_GRIK4",0.29660875453614
"_CTGCCTATCCCTTCCC-3","Glut-DACH2-HVCra","Ex_SATB2_SOX6",0.403684493293948
"_CTGCGAGAGATGCGAC-3","Glut-DACH2-HVCra-Pre","Ex_DACH2_LHX2",0.253040597593752
"_CTGCGAGAGCAATAGT-3","Glut-DACH2-HVCra","Ex_SATB2_SOX6",0.413594052126768
"_CTGCGAGCACTAGGTT-3","Glut-DACH2-HVCx","Ex_DACH2_CEMIP",0.35714786047988
"_CTGCGAGGTCAGACGA-3","Glut-DACH2-HVCx","Ex_DACH2_CEMIP",0.21859922762103
"_CTGCTCATCGCAGATT-3","Glut-DACH2-HVCra-Pre","Ex_DACH2_MGAT4C",0.266575041499526
"_CTGGACGAGATGCGAC-3","Glut-DACH2-HVCra","Ex_DACH2_MGAT4C",0.171285724487411
"_CTGGACGCATAGACTC-3","Glut-DACH2-HVCra","Ex_SATB2_SOX6",0.381022421832228
"_CTGGACGTCCCTCATG-3","Glut-DACH2-HVCra","Ex_SATB2_SOX6",0.502432055634437
"_CTGGCAGGTGGGAGAG-3","Glut-DACH2-2","Ex_DACH2_LHX2",0.361314308777025
"_CTGGTCTAGCTACAAA-3","Glut-DACH2-HVCx","Ex_DACH2_ITGA9",0.170889910406849
"_CTGGTCTCAGAGTCAG-3","Glut-DACH2-HVCra-Pre","Ex_DACH2_LHX2",0.539293371803121
"_CTGTACCCACCGAATT-3","Glut-DACH2-2","Ex_DACH2_LHX2",0.38407029681851
"_CTGTACCGTGCAGTGA-3","Glut-DACH2-HVCra-Pre","Ex_DACH2_MGAT4C",0.288405950587554
"_CTGTACCTCGTGGCGT-3","Glut-DACH2-HVCra","Ex_DACH2_MGAT4C",0.217084137385254
"_CTGTAGAGTAACTGCT-3","Glut-DACH2-2","Ex_DACH2_LHX2",0.341044748962868
"_CTGTAGAGTCTTCATT-3","Glut-DACH2-HVCra","Ex_DACH2_LHX2",0.398288777982882
"_CTGTATTAGGTATCTC-3","Glut-DACH2-HVCra-Pre","Ex_DACH2_MGAT4C",0.262248014580271
"_CTGTATTAGTGCTACT-3","Glut-DACH2-HVCra-Pre","Ex_DACH2_LHX2",0.235144617928586
"_CTGTATTGTGTCTCCT-3","Glut-DACH2-HVCra-Pre","Ex_DACH2_CEMIP",0.188916444881781
"_CTGTATTTCCCAGTGG-3","Glut-DACH2-2","Ex_DACH2_GRIK4",0.21322624239321
"_CTGTATTTCGCAGTCG-3","Glut-DACH2-HVCra-Pre","Ex_DACH2_LHX2",0.258276225501555
"_CTGTATTTCTGCTAGA-3","Glut-DACH2-2","Ex_DACH2_GRIK4",0.254746603660242
"_CTGTCGTGTGAACTAA-3","Glut-DACH2-HVCra","Ex_DACH2_GRIK4",0.212966769158384
"_CTGTCGTGTTACGGAG-3","Glut-DACH2-HVCx","Ex_SATB2_SOX6",0.210213128803163
"_CTGTGAACATCGAGCC-3","Glut-DACH2-HVCra-Pre","Ex_DACH2_MGAT4C",0.309723576788468
"_CTGTGAAGTAATCAGA-3","Glut-DACH2-HVCra-Pre","Ex_DACH2_LHX2",0.514722496553631
"_CTGTGAAGTCTCGGAC-3","Glut-DACH2-2","Ex_DACH2_ADAMTS5",0.241236161769713
"_CTGTGAATCGTTCCCA-3","Glut-DACH2-2","Ex_DACH2_LHX2",0.432874659875197
"_CTGTGGGCACGGAAGT-3","Glut-DACH2-2","Ex_DACH2_NR4A3",0.250273738163151
"_CTGTGGGGTCAGACTT-3","Glut-DACH2-HVCra","Ex_SATB2_SOX6",0.383302287607852
"_CTGTGGGTCTAACGCA-3","Glut-DACH2-1","Ex_DACH2_GRIK4",0.316179036030637
"_CTTACCGAGGCTCACC-3","Glut-DACH2-HVCra","Ex_DACH2_MGAT4C",0.288465117503174
"_CTTACCGGTAGCGCTC-3","Glut-DACH2-2","Ex_DACH2_LHX2",0.504692090296242
"_CTTACCGGTCGTGCCA-3","Glut-DACH2-2","Ex_DACH2_GRIK4",0.199359045496609
"_CTTAGGAGTAAGGTCG-3","Glut-DACH2-2","Ex_DACH2_LHX2",0.396196756443416
"_CTTCAATCACGTACTA-3","Glut-DACH2-2","Ex_DACH2_LHX2",0.282368628081401
"_CTTCAATCATTGTGCA-3","Glut-DACH2-1","Ex_DACH2_MGAT4C",0.309744184302746
"_CTTCAATTCTCGACGG-3","Glut-DACH2-HVCra","Ex_SATB2_SOX6",0.396764886420505
"_CTTCCGAAGGAACTAT-3","Glut-DACH2-HVCx","Ex_DACH2_CEMIP",0.261790277416582
"_CTTCCGAGTACCGGCT-3","Glut-DACH2-HVCra","Ex_SATB2_SOX6",0.271544893407907
"_CTTCCTTAGTTGTCGT-3","Glut-DACH2-HVCra-Pre","Ex_DACH2_GRIK4",0.196549209808518
"_CTTCGGTAGTTGAAGT-3","Glut-DACH2-HVCra","Ex_SATB2_SOX6",0.295425369793469
"_CTTCGGTGTAACTAAG-3","Glut-DACH2-1","Ex_DACH2_GRIK4",0.31664159350213
"_CTTCGGTTCACCATAG-3","Glut-DACH2-HVCra","Ex_SATB2_SOX6",0.200124550655077
"_CTTCTAAAGACCTTTG-3","Glut-DACH2-HVCra","Ex_SATB2_SOX6",0.401481129066945
"_CTTCTAAGTGGACAGT-3","Glut-DACH2-HVCra","Ex_SATB2_SOX6",0.431299609861398
"_CTTCTAATCGCCAACG-3","Glut-DACH2-HVCra-Pre","Ex_DACH2_MGAT4C",0.2737927228708
"_CTTCTAATCGCTGTCT-3","Glut-DACH2-HVCx","Ex_CACNA1H_LHX9",0.181891257062193
"_CTTCTCTCACCCTTGT-3","Glut-DACH2-HVCra-Pre","Ex_DACH2_LHX2",0.315984636048306
"_CTTCTCTCACTTGGGC-3","Glut-DACH2-HVCra-Pre","Ex_DACH2_GRIK4",0.349443677350561
"_CTTCTCTCATCGTGGC-3","Glut-DACH2-HVCra-Pre","Ex_DACH2_NR4A3",0.228453931293584
"_CTTCTCTTCTTCTCAA-3","Glut-DACH2-HVCx","Ex_DACH2_CEMIP",0.3498869786275
"_CTTGAGAAGCCAACCC-3","Glut-DACH2-HVCx","Ex_DACH2_ITGA9",0.228734882615017
"_CTTGAGAAGCTGTTCA-3","Glut-DACH2-2","Ex_DACH2_LHX2",0.511956209161231
"_CTTGAGAAGTGCAACG-3","Glut-DACH2-HVCra-Pre","Ex_DACH2_MGAT4C",0.301114494781597
"_CTTGAGACAACTTGCA-3","Glut-DACH2-HVCra","Ex_SATB2_SOX6",0.24401355638772
"_CTTGAGACACACAGCC-3","Glut-DACH2-5","Ex_DACH2_ADAMTS5",0.472273934501243
"_CTTGATTAGTGTTGAA-3","Glut-DACH2-HVCra","Ex_SATB2_SOX6",0.373196156999173
"_CTTGATTCAAATGATG-3","Glut-DACH2-HVCx","Ex_DACH2_CEMIP",0.256051111573839
"_CTTGATTCAAGTCATC-3","Glut-DACH2-HVCra","Ex_SATB2_SOX6",0.306438100635302
"_CTTTCGGCACTCAAGT-3","Glut-DACH2-HVCra","Ex_DACH2_CEMIP",0.221451944348215
"_CTTTCGGCATACTTTC-3","Glut-DACH2-1","Ex_DACH2_GRIK4",0.603948414367426
"_CTTTCGGGTCGAACAG-3","Glut-DACH2-HVCra-Pre","Ex_DACH2_GRIK4",0.429611536239987
"_GAAACCTCAATAGGGC-3","Glut-DACH2-2","Ex_DACH2_MGAT4C",0.264768315486254
"_GAAACCTCATGTTCAG-3","Glut-DACH2-HVCra","Ex_SATB2_SOX6",0.357841017381973
"_GAAACCTGTAGAGCTG-3","Glut-DACH2-HVCra","Ex_DACH2_ITGA9",0.218896014344224
"_GAAACCTGTAGGTAGC-3","Glut-DACH2-HVCx","Ex_DACH2_CEMIP",0.328545682608278
"_GAAACCTGTGCCTTTC-3","Glut-DACH2-HVCra","Ex_SATB2_SOX6",0.183377254477745
"_GAAATGAAGAGTCAAT-3","Glut-DACH2-HVCra","Ex_SATB2_SOX6",0.367380661844821
"_GAAATGACAGGCGAAT-3","Glut-DACH2-HVCra-Pre","Ex_DACH2_GRIK4",0.34437501155876
"_GAACACTGTACTGACT-3","Glut-DACH2-HVCra","Ex_DACH2_LHX2",0.398772440565511
"_GAACACTTCGAAACAA-3","Glut-DACH2-HVCra","Ex_SATB2_SOX6",0.364857511027157
"_GAACACTTCTTAGCAG-3","Glut-DACH2-HVCra","Ex_DACH2_MGAT4C",0.259651181888198
"_GAACGTTGTGTACGCC-3","Glut-DACH2-HVCx","Ex_DACH2_CEMIP",0.349803233313752
"_GAACTGTTCCCAGTGG-3","Glut-DACH2-2","Ex_DACH2_LHX2",0.268283478344773
"_GAAGAATCACCGTCGA-3","Glut-DACH2-HVCra","Ex_SATB2_SOX6",0.375183166617516
"_GAAGCCCCACCCATAA-3","Glut-DACH2-HVCx","Ex_DACH2_ITGA9",0.276436433611994
"_GAAGCCCTCGGAATGG-3","Glut-DACH2-HVCx","Ex_CACNA1H_LHX9",0.392625189622972
"_GAAGCGAAGATGGTCG-3","Glut-DACH2-HVCra-Pre","Ex_DACH2_LHX2",0.561010377780447
"_GAAGCGAAGCGCTTCG-3","Glut-DACH2-4","Ex_DACH2_CEMIP",0.212636250648948
"_GAAGCGACACAGAGCA-3","Glut-DACH2-HVCx","Ex_DACH2_CEMIP",0.402996816036228
"_GAAGCGACACATAGCT-3","Glut-DACH2-HVCra","Ex_DACH2_CEMIP",0.246284591168084
"_GAAGCGACACCTGATA-3","Glut-DACH2-HVCra","Ex_SATB2_SOX6",0.228436010321958
"_GAAGCGATCATCCTGC-3","Glut-DACH2-HVCra-Pre","Ex_DACH2_MGAT4C",0.27435721552453
"_GAAGGACAGAGTCTTC-3","Glut-DACH2-HVCra","Ex_SATB2_SOX6",0.401872348647155
"_GAAGGACAGATCGCTT-3","Glut-DACH2-2","Ex_DACH2_LHX2",0.428693281690275
"_GAAGGACAGTCACGAG-3","Glut-DACH2-2","Ex_DACH2_LHX2",0.435043864660026
"_GAAGGACCAGTCCCGA-3","Glut-DACH2-HVCra-Pre","Ex_DACH2_ADAMTS5",0.275534962249206
"_GAAGGACTCCCGTTGT-3","Glut-DACH2-HVCra-Pre","Ex_DACH2_MGAT4C",0.272269266000982
"_GAAGGACTCTATACGG-3","Glut-DACH2-HVCra-Pre","Ex_DACH2_LHX2",0.546434205389317
"_GAAGGGTGTAGTGCGA-3","Glut-DACH2-HVCra","Ex_DACH2_MGAT4C",0.198293285044019
"_GAAGGGTTCAGCCTTC-3","Glut-DACH2-HVCx","Ex_DACH2_ZMAT4",0.374938968648065
"_GAAGTAAAGAACTTCC-3","Glut-DACH2-HVCra","Ex_SATB2_SOX6",0.359980101050387
"_GAAGTAACACCTGCAG-3","Glut-DACH2-HVCx","Ex_DACH2_CEMIP",0.251171379355109
"_GAAGTAACACGGTGTC-3","Glut-DACH2-HVCra-Pre","Ex_DACH2_MGAT4C",0.26236911093974
"_GAAGTAACAGTCAGAG-3","Glut-DACH2-2","Ex_DACH2_GRIK4",0.301292048375633
"_GAAGTAATCCCTCTAG-3","Glut-DACH2-HVCra","Ex_SATB2_SOX6",0.392570017880768
"_GAATAGAAGGTGATCG-3","Glut-DACH2-HVCra","Ex_DACH2_GRIK4",0.205235344597614
"_GAATAGAGTTCCCAAA-3","Glut-DACH2-HVCra","Ex_SATB2_SOX6",0.188223488163949
"_GAATCGTAGACTGAGC-3","Glut-DACH2-HVCra-Pre","Ex_DACH2_GRIK4",0.288667895104985
"_GAATCGTCAACGGCCT-3","Glut-DACH2-7","Ex_DACH2_MGAT4C",0.450203714980736
"_GAATCGTTCTCGCGTT-3","Glut-DACH2-2","Ex_DACH2_LHX2",0.5022717512368
"_GACACGCAGCTGGTGA-3","Glut-DACH2-1","Ex_DACH2_GRIK4",0.301823516233443
"_GACACGCAGGGATCAC-3","Glut-DACH2-HVCra-Pre","Ex_DACH2_MGAT4C",0.323649213660711
"_GACACGCGTCCGACGT-3","Glut-DACH2-2","Ex_DACH2_LHX2",0.477397714414609
"_GACAGCCAGAATACAC-3","Glut-DACH2-HVCra","Ex_SATB2_SOX6",0.402906623241619
"_GACCAATCACTACCGG-3","Glut-DACH2-HVCx","Ex_DACH2_ITGA9",0.244064889000151
"_GACCAATTCTCAGGCG-3","Glut-DACH2-HVCra-Pre","Ex_DACH2_MGAT4C",0.350214582050575
"_GACCAATTCTTACGGA-3","Glut-DACH2-1","Ex_DACH2_GRIK4",0.42810464050978
"_GACCCAGAGACGAGCT-3","Glut-DACH2-HVCra","Ex_SATB2_SOX6",0.300246519452208
"_GACCCAGAGAGTCTTC-3","Glut-DACH2-HVCra","Ex_SATB2_SOX6",0.446393926093442
"_GACCCAGAGGTCATTC-3","Glut-DACH2-HVCx","Ex_DACH2_CEMIP",0.221144395266942
"_GACCCAGCACCCTAGG-3","Glut-DACH2-HVCra-Pre","Ex_DACH2_GRIK4",0.237513130660335
"_GACCCTTCACAACGAG-3","Glut-DACH2-HVCra","Ex_SATB2_SOX6",0.253710416725164
"_GACCGTGCATTCACCC-3","Glut-DACH2-HVCra-Pre","Ex_DACH2_LHX2",0.434126010818465
"_GACCGTGGTCTGTCAA-3","Glut-DACH2-HVCra-Pre","Ex_DACH2_LHX2",0.556121667850163
"_GACCGTGTCAATCGGT-3","Glut-DACH2-HVCra","Ex_SATB2_SOX6",0.335061046064892
"_GACCGTGTCATCGTAG-3","Glut-DACH2-HVCra","Ex_SATB2_SOX6",0.285099201061678
"_GACCTTCAGCGATGAC-3","Glut-DACH2-2","Ex_DACH2_MGAT4C",0.217852269153582
"_GACCTTCAGCGCTGAA-3","Glut-DACH2-HVCra","Ex_DACH2_ADAMTS5",0.240896583579166
"_GACCTTCAGGTCACAG-3","Glut-DACH2-HVCra-Pre","Ex_DACH2_MGAT4C",0.252271786640567
"_GACCTTCCACTGGCCA-3","Glut-DACH2-1","Ex_DACH2_GRIK4",0.346720630331225
"_GACCTTCTCTGCCTCA-3","Glut-DACH2-2","Ex_DACH2_LHX2",0.258736414008851
"_GACGCTGAGCCTCTTC-3","Glut-DACH2-HVCra","Ex_SATB2_SOX6",0.437632057338278
"_GACGCTGGTGGGATTG-3","Glut-DACH2-HVCra","Ex_SATB2_SOX6",0.208026303079139
"_GACGTTAAGACGCAGT-3","Glut-DACH2-2","Ex_DACH2_LHX2",0.501542305735522
"_GACGTTATCGACCCAG-3","Glut-DACH2-3","Ex_DACH2_SLIT2",0.497683995193776
"_GACTATGAGTTGAATG-3","Glut-DACH2-HVCx","Ex_DACH2_CEMIP",0.22432858680872
"_GACTCAACAAGAGTTA-3","Glut-DACH2-HVCra","Ex_SATB2_SOX6",0.344524243327115
"_GACTCAAGTTCCGCGA-3","Glut-DACH2-2","Ex_DACH2_ADAMTS5",0.262943359789879
"_GACTCAATCGCTGATA-3","Glut-DACH2-HVCra-Pre","Ex_DACH2_GRIK4",0.342015182630067
"_GACTCTCCAGACATCT-3","Glut-DACH2-HVCra-Pre","Ex_DACH2_MGAT4C",0.338604436311317
"_GACTCTCGTCTAATCG-3","Glut-DACH2-HVCra-Pre","Ex_DACH2_LHX2",0.412312447082727
"_GACTGATCACACGCCA-3","Glut-DACH2-HVCra","Ex_DACH2_MGAT4C",0.266094061860098
"_GACTGATGTAGCCAGA-3","Glut-DACH2-HVCx","Ex_DACH2_CEMIP",0.27931731467207
"_GACTGATTCTTGGGCG-3","Glut-DACH2-HVCra","Ex_SATB2_SOX6",0.29326836861145
"_GACTTCCAGCCAAGGT-3","Glut-DACH2-HVCx","Ex_CACNA1H_LHX9",0.334910587244721
"_GACTTCCGTGTGAGCA-3","Glut-DACH2-HVCra-Pre","Ex_DACH2_LHX2",0.340341662934876
"_GAGAAATAGCATGATA-3","Glut-DACH2-HVCra","Ex_SATB2_SOX6",0.386529432926586
"_GAGAAATCACCTGAAT-3","Glut-DACH2-HVCra","Ex_DACH2_MGAT4C",0.245389230402918
"_GAGACTTAGACGACGT-3","Glut-DACH2-HVCra","Ex_DACH2_MGAT4C",0.162931113651801
"_GAGACTTAGCGATTCT-3","Glut-DACH2-HVCra-Pre","Ex_DACH2_LHX2",0.374519726000145
"_GAGACTTCATTCTCCG-3","Glut-DACH2-HVCra","Ex_SATB2_SOX6",0.359929615015217
"_GAGACTTTCTATCGGA-3","Glut-DACH2-2","Ex_DACH2_GRIK4",0.237078978654899
"_GAGAGGTCAGGAGGTT-3","Glut-DACH2-2","Ex_DACH2_GRIK4",0.244814559448079
"_GAGAGGTGTGTTTCTT-3","Glut-DACH2-HVCra","Ex_DACH2_CEMIP",0.200601273486597
"_GAGATGGTCGGCTGGT-3","Glut-DACH2-HVCra","Ex_DACH2_MGAT4C",0.190821712137312
"_GAGCCTGAGGCATCAG-3","Glut-DACH2-2","Ex_DACH2_GRIK4",0.237540276374609
"_GAGCCTGGTTAAGAAC-3","Glut-DACH2-2","Ex_DACH2_LHX2",0.410250471949918
"_GAGCCTGTCTTTCCGG-3","Glut-DACH2-1","Ex_DACH2_LHX2",0.565436393730968
"_GAGCTGCAGCACTAAA-3","Glut-DACH2-HVCra","Ex_SATB2_SOX6",0.393388288665576
"_GAGCTGCCAGGAATAT-3","Glut-DACH2-HVCx","Ex_DACH2_CEMIP",0.382035538143072
"_GAGCTGCGTGGACCTC-3","Glut-DACH2-HVCx","Ex_DACH2_CEMIP",0.285211478416711
"_GAGGCAAAGCATGTTC-3","Glut-DACH2-HVCra","Ex_DACH2_MGAT4C",0.202363004639832
"_GAGGCAAAGGTTGTTC-3","Glut-DACH2-HVCra-Pre","Ex_DACH2_LHX2",0.565887056578766
"_GAGGCAACAAACCATC-3","Glut-DACH2-2","Ex_DACH2_MGAT4C",0.247284760790376
"_GAGGCAACACGCTTAA-3","Glut-DACH2-HVCra-Pre","Ex_DACH2_GRIK4",0.259164187120278
"_GAGGCAACAGCCGTCA-3","Glut-DACH2-HVCra-Pre","Ex_DACH2_GRIK4",0.324487848594529
"_GAGGCCTCAACTAGAA-3","Glut-DACH2-HVCx","Ex_DACH2_CEMIP",0.374529295033492
"_GAGGCCTGTTGCGGCT-3","Glut-DACH2-HVCra","Ex_DACH2_CEMIP",0.205161345901034
"_GAGGCCTTCTCCTACG-3","Glut-DACH2-HVCx","Ex_DACH2_CEMIP",0.199393159524482
"_GAGGGATCAAACACCT-3","Glut-DACH2-HVCra-Pre","Ex_DACH2_LHX2",0.381795975111349
"_GAGGGATCACAGACGA-3","Glut-DACH2-2","Ex_DACH2_LHX2",0.401155481650146
"_GAGGGATCAGGAAGTC-3","Glut-DACH2-1","Ex_DACH2_GRIK4",0.362482426300228
"_GAGGGATTCCATTTCA-3","Glut-DACH2-HVCra","Ex_SATB2_SOX6",0.444715697455174
"_GAGGGTACACAGCCTG-3","Glut-DACH2-HVCra","Ex_DACH2_CEMIP",0.177045774212954
"_GAGTCATAGAGGGTGG-3","Glut-DACH2-HVCra","Ex_SATB2_OVOA",0.139409348790425
"_GAGTCATCATACAGAA-3","Glut-DACH2-HVCx","Ex_DACH2_ITGA9",0.302079806162824
"_GAGTCTACAGTGTGGA-3","Glut-DACH2-HVCra","Ex_SATB2_SOX6",0.231781497704902
"_GAGTGAGCACATGTTG-3","Glut-DACH2-HVCra-Pre","Ex_DACH2_MGAT4C",0.248441639131664
"_GAGTGAGTCTCATTTG-3","Glut-DACH2-HVCra","Ex_DACH2_GRIK4",0.235988967698249
"_GAGTGTTAGCCTGAAG-3","Glut-DACH2-2","Ex_DACH2_LHX2",0.532880593231383
"_GAGTGTTGTATGGAGC-3","Glut-DACH2-HVCx","Ex_SATB2_FOXP2",0.223034454444965
"_GAGTGTTGTCTTCCGT-3","Glut-DACH2-HVCx","Ex_DACH2_CEMIP",0.211824090397867
"_GAGTGTTGTTAGGCTT-3","Glut-DACH2-HVCra","Ex_DACH2_LHX2",0.279580069376394
"_GAGTGTTGTTGCATGT-3","Glut-DACH2-HVCx","Ex_SATB2_SOX6",0.305020878858255
"_GAGTTACCAGAGGTAC-3","Glut-DACH2-HVCx","Ex_DACH2_CEMIP",0.298624595171657
"_GAGTTACGTGCCCACA-3","Glut-DACH2-HVCra-Pre","Ex_DACH2_LHX2",0.470660814783694
"_GAGTTACGTGGATGAC-3","Glut-DACH2-HVCra","Ex_SATB2_SOX6",0.301314244797386
"_GAGTTACTCAGGTAAA-3","Glut-DACH2-2","Ex_DACH2_GRIK4",0.262605425389715
"_GAGTTGTAGTAGCAAT-3","Glut-DACH2-HVCra","Ex_SATB2_SOX6",0.2838783618926
"_GAGTTGTCAATTGCGT-3","Glut-DACH2-HVCra-Pre","Ex_DACH2_MGAT4C",0.295307393746735
"_GAGTTTGCACACGGAA-3","Glut-DACH2-HVCra","Ex_SATB2_OVOA",0.212174075140572
"_GAGTTTGCAGAACTTC-3","Glut-DACH2-HVCra-Pre","Ex_DACH2_MGAT4C",0.251265613442679
"_GAGTTTGGTCCAGGTC-3","Glut-DACH2-HVCx","Ex_CACNA1H_LHX9",0.273252695111263
"_GAGTTTGTCGATTCCC-3","Glut-DACH2-2","Ex_DACH2_LHX2",0.555369851279707
"_GAGTTTGTCGTGCTCT-3","Glut-DACH2-HVCra","Ex_SATB2_SOX6",0.272753807740829
"_GATAGAACAACTCCAA-3","Glut-DACH2-HVCra","Ex_SATB2_SOX6",0.256274610694607
"_GATAGAACATGAAAGT-3","Glut-DACH2-HVCra","Ex_SATB2_SOX6",0.332513510010944
"_GATAGAAGTGGCTTAT-3","Glut-DACH2-HVCra-Pre","Ex_DACH2_LHX2",0.433845753752529
"_GATAGAATCCACTTCG-3","Glut-DACH2-HVCra-Pre","Ex_DACH2_MGAT4C",0.207778404056666
"_GATAGAATCGCTATTT-3","Glut-DACH2-HVCra","Ex_SATB2_SOX6",0.369718334131355
"_GATAGCTGTTCGAAGG-3","Glut-DACH2-4","Ex_DACH2_CEMIP",0.290593333518612
"_GATCACAGTAAGACCG-3","Glut-DACH2-HVCx","Ex_DACH2_ITGA9",0.194690236436034
"_GATCACATCCAAACCA-3","Glut-DACH2-HVCx","Ex_DACH2_CEMIP",0.338362129918266
"_GATCACATCTCATTGT-3","Glut-DACH2-HVCra-Pre","Ex_DACH2_LHX2",0.402199826709743
"_GATCAGTAGTATGGAT-3","Glut-DACH2-HVCra","Ex_DACH2_MGAT4C",0.228390345940691
"_GATCAGTCAGGAGACT-3","Glut-DACH2-HVCra-Pre","Ex_DACH2_MGAT4C",0.309096183111897
"_GATCAGTGTGGACCAA-3","Glut-DACH2-HVCra","Ex_SATB2_SOX6",0.1689399682461
"_GATCAGTGTGGCTGAA-3","Glut-DACH2-HVCra","Ex_SATB2_SOX6",0.220306632664218
"_GATCAGTGTTCTTGCC-3","Glut-DACH2-HVCra","Ex_SATB2_SOX6",0.324112844199719
"_GATCAGTGTTGTCATG-3","Glut-DACH2-HVCra-Pre","Ex_DACH2_MGAT4C",0.238566280187714
"_GATCATGAGGAATGTT-3","Glut-DACH2-HVCra-Pre","Ex_DACH2_GRIK4",0.274596178944846
"_GATCATGCAAGCCTGC-3","Glut-DACH2-2","Ex_DACH2_MGAT4C",0.236830564541589
"_GATCCCTAGTCGGGAT-3","Glut-DACH2-4","Ex_DACH2_NR4A3",0.196827868144697
"_GATCCCTCACGATTCA-3","Glut-DACH2-2","Ex_DACH2_LHX2",0.531302063098029
"_GATCGTAAGGCTAAAT-3","Glut-DACH2-HVCra-Pre","Ex_DACH2_LHX2",0.461842075680417
"_GATCGTAGTGCCCACA-3","Glut-DACH2-HVCra-Pre","Ex_DACH2_GRIK4",0.315756385562963
"_GATCGTAGTTGATGTC-3","Glut-DACH2-2","Ex_DACH2_LHX2",0.459683725654697
"_GATCGTAGTTGTGGCC-3","Glut-DACH2-2","Ex_DACH2_LHX2",0.39555512365955
"_GATCGTATCGACTCCT-3","Glut-DACH2-2","Ex_DACH2_LHX2",0.507740193190708
"_GATGACTAGACGCCCT-3","Glut-DACH2-HVCra-Pre","Ex_DACH2_MGAT4C",0.242486618302295
"_GATGAGGCAGTAGGAC-3","Glut-DACH2-HVCra","Ex_SATB2_SOX6",0.30763495389566
"_GATGATCAGTCTCCTC-3","Glut-DACH2-HVCra-Pre","Ex_DACH2_NR4A3",0.332632405977898
"_GATGATCCACGGTGAA-3","Glut-DACH2-HVCra","Ex_DACH2_NR4A3",0.241051158295146
"_GATGCTACAGCTCTGG-3","Glut-DACH2-HVCra-Pre","Ex_DACH2_MGAT4C",0.25496508107278
"_GATGGAGCAGGTTTAC-3","Glut-DACH2-HVCra","Ex_SATB2_SOX6",0.417035880583373
"_GATGGAGCATCTCGTC-3","Glut-DACH2-HVCx","Ex_DACH2_CEMIP",0.461547245180791
"_GATGGAGTCTACTATC-3","Glut-DACH2-HVCra","Ex_SATB2_SOX6",0.377851250962296
"_GATGTTGCAGACGCTC-3","Glut-DACH2-2","Ex_DACH2_LHX2",0.474011369866788
"_GATGTTGGTGCATGTT-3","Glut-DACH2-HVCra-Pre","Ex_DACH2_ADAMTS5",0.281130768673174
"_GATTCGATCTCCAAGA-3","Glut-DACH2-HVCx","Ex_SATB2_SOX6",0.361325950707573
"_GATTCTTGTATGGTAA-3","Glut-DACH2-HVCx","Ex_DACH2_CEMIP",0.354782652754677
"_GATTCTTTCGGCTGGT-3","Glut-DACH2-2","Ex_DACH2_GRIK4",0.231125822360006
"_GATTGGTCAGGAATCG-3","Glut-DACH2-HVCra","Ex_DACH2_MGAT4C",0.232558496790312
"_GATTGGTCATCACCAA-3","Glut-DACH2-2","Ex_DACH2_NR4A3",0.535224017474791
"_GATTGGTGTCAGTCTA-3","Glut-DACH2-HVCx","Ex_DACH2_CEMIP",0.279958125301336
"_GATTGGTGTCCGGTGT-3","Glut-DACH2-2","Ex_DACH2_LHX2",0.28681129295603
"_GATTGGTTCCCTTCCC-3","Glut-DACH2-2","Ex_DACH2_LHX2",0.388630184237112
"_GATTTCTCAATGTTGC-3","Glut-DACH2-HVCra-Pre","Ex_DACH2_MGAT4C",0.280000610663746
"_GCAACATAGCACCAGA-3","Glut-DACH2-HVCra-Pre","Ex_DACH2_NR4A3",0.290483753823109
"_GCAACATCAGATCATC-3","Glut-DACH2-HVCra-Pre","Ex_DACH2_LHX2",0.351560390979686
"_GCAACATGTAGCGCTC-3","Glut-DACH2-HVCx","Ex_DACH2_ITGA9",0.177942194041055
"_GCAACATGTGTGTACT-3","Glut-DACH2-HVCx","Ex_SATB2_SOX6",0.209958816728684
"_GCAACCGTCTAGCATG-3","Glut-DACH2-HVCra","Ex_SATB2_SOX6",0.424824354396685
"_GCAACCGTCTCGTCGT-3","Glut-DACH2-1","Ex_DACH2_GRIK4",0.364229803431152
"_GCACATAAGAAGGTAG-3","Glut-DACH2-2","Ex_DACH2_NR4A3",0.284314209850641
"_GCACATAAGCACTCGC-3","Glut-DACH2-HVCx","Ex_CACNA1H_LHX9",0.280516162858806
"_GCACATAAGTCGAATA-3","Glut-DACH2-HVCx","Ex_DACH2_CEMIP",0.244742420939501
"_GCACATAGTTGTGTTG-3","Glut-DACH2-HVCra","Ex_SATB2_SOX6",0.280817316795496
"_GCACGGTAGAGTGTTA-3","Glut-DACH2-2","Ex_DACH2_LHX2",0.536712640556226
"_GCACGTGAGTTTGAGA-3","Glut-DACH2-HVCx","Ex_DACH2_CEMIP",0.218237868620741
"_GCACTAAGTAACGATA-3","Glut-DACH2-HVCra-Pre","Ex_DACH2_MGAT4C",0.283268039769917
"_GCACTAATCGTTCCTG-3","Glut-DACH2-2","Ex_DACH2_GRIK4",0.262122485748239
"_GCAGCCAAGGGAGTGG-3","Glut-DACH2-HVCra","Ex_SATB2_SOX6",0.263536319418381
"_GCAGCCAGTACAGTAA-3","Glut-DACH2-HVCra","Ex_DACH2_GRIK4",0.275970862359887
"_GCAGCCAGTTCGTAAC-3","Glut-DACH2-HVCra","Ex_SATB2_SOX6",0.315845626330265
"_GCAGCTGAGACTAAGT-3","Glut-DACH2-4","Ex_DACH2_CEMIP",0.313743868049835
"_GCAGCTGGTGTACGCC-3","Glut-DACH2-HVCra-Pre","Ex_DACH2_LHX2",0.254087709032711
"_GCAGGCTAGGCTCTAT-3","Glut-DACH2-4","Ex_DACH2_ITGA9",0.272327538780677
"_GCAGGCTCAACTCCAA-3","Glut-DACH2-HVCra-Pre","Ex_DACH2_LHX2",0.391492982801823
"_GCAGGCTGTGCCTACG-3","Glut-DACH2-HVCra","Ex_SATB2_SOX6",0.209259421920103
"_GCAGGCTTCAATCCGA-3","Glut-DACH2-2","Ex_DACH2_LHX2",0.499741438282108
"_GCAGTTAGTATTGGCT-3","Glut-DACH2-4","Ex_SATB2_FOXP2",0.241524806680458
"_GCATCGGCACATATCG-3","Glut-DACH2-HVCra","Ex_DACH2_MGAT4C",0.259450687977192
"_GCATCGGCACGGTCTG-3","Glut-DACH2-HVCra","Ex_SATB2_SOX6",0.255834904855325
"_GCATCGGCATGACCCG-3","Glut-DACH2-4","Ex_DACH2_CEMIP",0.286809160466489
"_GCATCGGTCAGGGATG-3","Glut-DACH2-HVCra-Pre","Ex_DACH2_LHX2",0.451365572941572
"_GCATCTCCAGAAATTG-3","Glut-DACH2-2","Ex_DACH2_GRIK4",0.229588960782296
"_GCATCTCTCAAGCCTA-3","Glut-DACH2-HVCra","Ex_SATB2_SOX6",0.465670109735828
"_GCATCTCTCTTGGTGA-3","Glut-DACH2-HVCra-Pre","Ex_DACH2_GRIK4",0.406481650988851
"_GCATGATCACCGGCTA-3","Glut-DACH2-2","Ex_DACH2_MGAT4C",0.255179966773754
"_GCATGATGTACAAGTA-3","Glut-DACH2-HVCra","Ex_SATB2_OVOA",0.156513936414753
"_GCATGATGTCGTATTG-3","Glut-DACH2-HVCra-Pre","Ex_DACH2_LHX2",0.295724892584765
"_GCATGATTCACTGGTA-3","Glut-DACH2-HVCx","Ex_SATB2_SOX6",0.340615781816221
"_GCATGATTCGCAACAT-3","Glut-DACH2-2","Ex_DACH2_LHX2",0.254193337858727
"_GCATTAGAGACGCTCC-3","Glut-DACH2-HVCx","Ex_SATB2_SOX6",0.265953605380574
"_GCATTAGTCGTCAAAC-3","Glut-DACH2-HVCx","Ex_SATB2_SOX6",0.330406848566939
"_GCCAGCACATCTGCGG-3","Glut-DACH2-HVCra","Ex_DACH2_MGAT4C",0.213757010415096
"_GCCAGGTCAAGTATAG-3","Glut-DACH2-HVCra","Ex_SATB2_SOX6",0.299762897188878
"_GCCAGTGGTGTTGCCG-3","Glut-DACH2-HVCra","Ex_DACH2_MGAT4C",0.250180247218309
"_GCCAGTGTCATGTCAG-3","Glut-DACH2-HVCra-Pre","Ex_DACH2_GRIK4",0.338486393040353
"_GCCATGGAGACATCAA-3","Glut-DACH2-2","Ex_DACH2_MGAT4C",0.204389281306211
"_GCCATGGAGCGTGCCT-3","Glut-DACH2-HVCra","Ex_SATB2_SOX6",0.423578920753961
"_GCCATGGCACGGCCAT-3","Glut-DACH2-1","Ex_DACH2_NR4A3",0.308749588908406
"_GCCATGGTCGGATAAA-3","Glut-DACH2-HVCx","Ex_CACNA1H_LHX9",0.475695547913499
"_GCCATTCAGGTGCTAG-3","Glut-DACH2-3","Ex_DACH2_ZMAT4",0.395106513165787
"_GCCATTCCAGCCCACA-3","Glut-DACH2-2","Ex_DACH2_GRIK4",0.341007337429328
"_GCCATTCGTGCGACAA-3","Glut-DACH2-HVCra","Ex_DACH2_MGAT4C",0.217439300754917
"_GCCCAGAAGGCGTTGA-3","Glut-DACH2-HVCra","Ex_DACH2_MGAT4C",0.216082581061391
"_GCCCAGAAGGGCCAAT-3","Glut-DACH2-HVCra","Ex_SATB2_SOX6",0.207684118171591
"_GCCCAGAAGTCCGCGT-3","Glut-DACH2-HVCra-Pre","Ex_DACH2_GRIK4",0.289194076114644
"_GCCCAGAGTACAGTAA-3","Glut-DACH2-2","Ex_DACH2_LHX2",0.538527448631037
"_GCCCAGATCAAGAAAC-3","Glut-DACH2-2","Ex_DACH2_GRIK4",0.227581911765025
"_GCCCGAACATAGATGA-3","Glut-DACH2-HVCx","Ex_DACH2_CEMIP",0.274885096418316
"_GCCCGAAGTTCTCCCA-3","Glut-DACH2-HVCra-Pre","Ex_DACH2_LHX2",0.33291805786558
"_GCCCGAATCTTCCTAA-3","Glut-DACH2-HVCra-Pre","Ex_DACH2_GRIK4",0.317403709253313
"_GCCGATGAGCGTGAAC-3","Glut-DACH2-HVCra","Ex_SATB2_SOX6",0.318535800084212
"_GCCGATGAGTTCATGC-3","Glut-DACH2-HVCra","Ex_DACH2_GRIK4",0.190947738398508
"_GCCGATGCATATCTCT-3","Glut-DACH2-HVCra","Ex_SATB2_SOX6",0.247487573976981
"_GCCGATGTCCTTCACG-3","Glut-DACH2-HVCra-Pre","Ex_DACH2_LHX2",0.482720815237816
"_GCCGTGATCTCCGAGG-3","Glut-DACH2-4","Ex_DACH2_NR4A3",0.18932482708034
"_GCCTGTTCATTGAAAG-3","Glut-DACH2-HVCx","Ex_DACH2_CEMIP",0.209825850553905
"_GCCTGTTTCGGTTAGT-3","Glut-DACH2-HVCx","Ex_CACNA1H_LHX9",0.256403945733508
"_GCGAGAAAGTGTAGTA-3","Glut-DACH2-HVCra-Pre","Ex_DACH2_MGAT4C",0.282170033472433
"_GCGAGAACATGAAAGT-3","Glut-DACH2-HVCra","Ex_SATB2_SOX6",0.43529862433502
"_GCGGAAATCGTTAGTG-3","Glut-DACH2-HVCra","Ex_DACH2_MGAT4C",0.318501494719518
"_GCGGATCGTAGCGAGT-3","Glut-DACH2-HVCra-Pre","Ex_DACH2_GRIK4",0.280841190103396
"_GCGGATCGTGAATATG-3","Glut-DACH2-HVCra-Pre","Ex_DACH2_MGAT4C",0.217357432643527
"_GCGTGCACACATATCG-3","Glut-DACH2-HVCra","Ex_DACH2_LHX2",0.360948903388618
"_GCGTGCACATGTCTAG-3","Glut-DACH2-HVCra","Ex_SATB2_SOX6",0.29254163982179
"_GCGTGCATCATTGAGC-3","Glut-DACH2-HVCx","Ex_DACH2_ITGA9",0.223428874152823
"_GCGTGCATCTCTTCAA-3","Glut-DACH2-HVCra","Ex_SATB2_SOX6",0.250465044095353
"_GCGTTTCTCATACGAC-3","Glut-DACH2-HVCra","Ex_DACH2_GRIK4",0.229658668679684
"_GCTACAAAGGTTCATC-3","Glut-DACH2-2","Ex_DACH2_GRIK4",0.321134870236802
"_GCTACAAGTCGTCAGC-3","Glut-DACH2-HVCra","Ex_SATB2_SOX6",0.240329992444377
"_GCTACAAGTGACACGA-3","Glut-DACH2-HVCra","Ex_DACH2_ADAMTS5",0.159008523233731
"_GCTACAATCACTCCGT-3","Glut-DACH2-HVCra","Ex_SATB2_SOX6",0.508061463304577
"_GCTACCTTCACCCTTG-3","Glut-DACH2-HVCx","Ex_CACNA1H_LHX9",0.323146953716806
"_GCTACCTTCTCTGCCA-3","Glut-DACH2-HVCra-Pre","Ex_DACH2_GRIK4",0.264015564492704
"_GCTCAAAAGTATTGCC-3","Glut-DACH2-HVCra-Pre","Ex_DACH2_ADAMTS5",0.252319004246991
"_GCTCAAAGTCATCGGC-3","Glut-DACH2-2","Ex_DACH2_ADAMTS5",0.255304602476956
"_GCTCAAAGTGACAACG-3","Glut-DACH2-HVCx","Ex_CACNA1H_LHX9",0.306016359147558
"_GCTGAATCATCGCTCT-3","Glut-DACH2-HVCra","Ex_SATB2_SOX6",0.205050621912616
"_GCTGGGTGTTACGTAC-3","Glut-DACH2-HVCra","Ex_SATB2_SOX6",0.225752559275726
"_GCTTCACCATGAATAG-3","Glut-DACH2-2","Ex_DACH2_ADAMTS5",0.224382243721567
"_GCTTCACCATGGCTGC-3","Glut-DACH2-HVCra","Ex_DACH2_GRIK4",0.25407707346668
"_GCTTCACGTATCAGCT-3","Glut-DACH2-HVCra-Pre","Ex_DACH2_GRIK4",0.354860875862576
"_GCTTGGGAGGTATAGT-3","Glut-DACH2-HVCra","Ex_SATB2_OVOA",0.300563750717341
"_GCTTGGGGTGTTCATG-3","Glut-DACH2-HVCx","Ex_CACNA1H_LHX9",0.196574420131703
"_GCTTGGGGTTACCCTC-3","Glut-DACH2-2","Ex_DACH2_LHX2",0.42873445650717
"_GCTTGGGGTTCGGACC-3","Glut-DACH2-HVCx","Ex_DACH2_ITGA9",0.212322049856343
"_GCTTTCGAGGCTTCCG-3","Glut-DACH2-2","Ex_DACH2_GRIK4",0.359442999208283
"_GCTTTCGCAGTCAGAG-3","Glut-DACH2-HVCx","Ex_DACH2_CEMIP",0.380447593890933
"_GCTTTCGGTTTACCAG-3","Glut-DACH2-HVCx","Ex_DACH2_CEMIP",0.238649441427095
"_GCTTTCGTCGTCAACA-3","Glut-DACH2-1","Ex_DACH2_GRIK4",0.372866734001545
"_GCTTTCGTCTACACTT-3","Glut-DACH2-HVCra-Pre","Ex_DACH2_MGAT4C",0.220055039914768
"_GGAACCCCACTCATAG-3","Glut-DACH2-HVCra","Ex_SATB2_SOX6",0.209333745923419
"_GGAACCCCATACTGTG-3","Glut-DACH2-2","Ex_DACH2_LHX2",0.512236933955191
"_GGAACCCGTAAGGCCA-3","Glut-DACH2-2","Ex_DACH2_LHX2",0.483243755597973
"_GGAATCTCAGAGTTGG-3","Glut-DACH2-HVCx","Ex_SATB2_FOXP2",0.291732500382409
"_GGAATCTTCTGAGGCC-3","Glut-DACH2-HVCra-Pre","Ex_DACH2_MGAT4C",0.245873448462492
"_GGAATGGCAAGCCCAC-3","Glut-DACH2-HVCra","Ex_DACH2_CEMIP",0.180410556515312
"_GGACGTCAGGCACGAT-3","Glut-DACH2-HVCx","Ex_DACH2_CEMIP",0.212857921150877
"_GGACGTCCATAGGTTC-3","Glut-DACH2-HVCra","Ex_SATB2_SOX6",0.481916434105102
"_GGACGTCGTGACACAG-3","Glut-DACH2-HVCx","Ex_SATB2_FOXP2",0.218585756343909
"_GGACGTCTCCTACCAC-3","Glut-DACH2-HVCra","Ex_SATB2_SOX6",0.424391812429885
"_GGAGATGAGGGAGTTC-3","Glut-DACH2-3","Ex_DACH2_ZMAT4",0.525425251914297
"_GGAGCAAAGCACTTTG-3","Glut-DACH2-HVCx","Ex_SATB2_FOXP2",0.207690817247913
"_GGAGGATAGCGCATCC-3","Glut-DACH2-HVCra-Pre","Ex_DACH2_MGAT4C",0.348370383329485
"_GGAGGATGTCGATTAC-3","Glut-DACH2-2","Ex_DACH2_MGAT4C",0.208976515382786
"_GGAGGTACACGCGCAT-3","Glut-DACH2-HVCra","Ex_SATB2_SOX6",0.409320019746319
"_GGAGGTACACTTGGCG-3","Glut-DACH2-HVCra-Pre","Ex_DACH2_MGAT4C",0.24736363601695
"_GGATCTATCTAGAGCT-3","Glut-DACH2-HVCra","Ex_SATB2_SOX6",0.213861762762897
"_GGATGTTAGCTTCATG-3","Glut-DACH2-2","Ex_DACH2_LHX2",0.567584702711359
"_GGATGTTTCTATCACT-3","Glut-DACH2-HVCra-Pre","Ex_DACH2_MGAT4C",0.325762413943199
"_GGCACGTAGGTTGGTG-3","Glut-DACH2-2","Ex_DACH2_ADAMTS5",0.287850018729181
"_GGCACGTCACAGCCAC-3","Glut-DACH2-HVCra-Pre","Ex_DACH2_LHX2",0.485122220109244
"_GGCACGTGTTAGGACG-3","Glut-DACH2-HVCra","Ex_SATB2_SOX6",0.301754204701044
"_GGCAGTCCAACTGCTA-3","Glut-DACH2-HVCra","Ex_SATB2_SOX6",0.461177256922717
"_GGCAGTCTCCCACAGG-3","Glut-DACH2-2","Ex_DACH2_MGAT4C",0.307872478795942
"_GGCGTCAAGGATGGCT-3","Glut-DACH2-2","Ex_DACH2_NR4A3",0.613901007113265
"_GGCGTCACAACTCGTA-3","Glut-DACH2-4","Ex_DACH2_ZMAT4",0.2869651384175
"_GGCGTCACACAACGAG-3","Glut-DACH2-HVCra","Ex_SATB2_SOX6",0.28649478821972
"_GGCGTCACATGTGCCG-3","Glut-DACH2-HVCra","Ex_SATB2_SOX6",0.352107210933908
"_GGCTGTGCAAAGTGTA-3","Glut-DACH2-HVCra-Pre","Ex_DACH2_MGAT4C",0.350272081701555
"_GGCTGTGCATCTCCCA-3","Glut-DACH2-HVCra","Ex_SATB2_SOX6",0.418642214222907
"_GGCTTGGCAAGAGGCT-3","Glut-DACH2-4","Ex_DACH2_ITGA9",0.245036594131318
"_GGCTTGGGTGGGCTTC-3","Glut-DACH2-HVCra-Pre","Ex_DACH2_MGAT4C",0.27347009893111
"_GGCTTGGTCCGTATGA-3","Glut-DACH2-HVCra-Pre","Ex_DACH2_MGAT4C",0.239704746856885
"_GGCTTTCTCCATACTT-3","Glut-DACH2-2","Ex_DACH2_LHX2",0.547410148228108
"_GGGAAGTCACGATAGG-3","Glut-DACH2-HVCra-Pre","Ex_DACH2_GRIK4",0.325802315964554
"_GGGAAGTCATCCGGTG-3","Glut-DACH2-HVCx","Ex_DACH2_CEMIP",0.41341396476049
"_GGGACAACACTCTCGT-3","Glut-DACH2-3","Ex_DACH2_NR4A3",0.298788950447593
"_GGGACAACAGCAGTTT-3","Glut-DACH2-HVCra","Ex_SATB2_SOX6",0.379636763533681
"_GGGACAAGTCTCACGG-3","Glut-DACH2-HVCx","Ex_SATB2_FOXP2",0.208713182259463
"_GGGACAAGTTTGCAGT-3","Glut-DACH2-HVCra","Ex_SATB2_SOX6",0.241242044241801
"_GGGACCTAGTCCCGAC-3","Glut-DACH2-HVCra","Ex_DACH2_CEMIP",0.291074463929621
"_GGGACCTCAGAGAAAG-3","Glut-DACH2-HVCra-Pre","Ex_DACH2_GRIK4",0.371941899053502
"_GGGACCTGTACGCGTC-3","Glut-DACH2-HVCra-Pre","Ex_DACH2_LHX2",0.542635340708843
"_GGGACCTGTATGTCCA-3","Glut-DACH2-HVCx","Ex_DACH2_CEMIP",0.282019789341143
"_GGGACCTGTCTTCATT-3","Glut-DACH2-HVCra-Pre","Ex_DACH2_LHX2",0.278255924660596
"_GGGACTCCACGCAAAG-3","Glut-DACH2-2","Ex_DACH2_ADAMTS5",0.262634318533629
"_GGGACTCGTGACAGGT-3","Glut-DACH2-2","Ex_DACH2_MGAT4C",0.310651932812373
"_GGGACTCGTGTCCACG-3","Glut-DACH2-HVCra","Ex_SATB2_SOX6",0.17869161200285
"_GGGAGATCACGACAGA-3","Glut-DACH2-2","Ex_DACH2_LHX2",0.528064049982587
"_GGGAGATGTGCCTGCA-3","Glut-DACH2-HVCx","Ex_CACNA1H_LHX9",0.341804466070831
"_GGGAGATGTGTCCAAT-3","Glut-DACH2-2","Ex_DACH2_MGAT4C",0.270298324385235
"_GGGAGATTCCCGTTCA-3","Glut-DACH2-HVCra","Ex_DACH2_GRIK4",0.228911154773192
"_GGGAGATTCTAGACAC-3","Glut-DACH2-4","Ex_DACH2_NR4A3",0.256260439725936
"_GGGAGTACAGAACTCT-3","Glut-DACH2-HVCx","Ex_DACH2_CEMIP",0.231449231112596
"_GGGAGTACATGTCGTA-3","Glut-DACH2-HVCra","Ex_SATB2_SOX6",0.288337590724925
"_GGGAGTAGTCGAACAG-3","Glut-DACH2-HVCra","Ex_SATB2_OVOA",0.164893101945597
"_GGGATGAAGTAGCTCT-3","Glut-DACH2-HVCra-Pre","Ex_DACH2_MGAT4C",0.261153302103245
"_GGGCCATAGATGCGAC-3","Glut-DACH2-HVCra","Ex_SATB2_SOX6",0.413186596635027
"_GGGCCATAGGAGGGTG-3","Glut-DACH2-2","Ex_DACH2_LHX2",0.287693876141343
"_GGGCCATTCTATCCAT-3","Glut-DACH2-2","Ex_DACH2_LHX2",0.311921728450244
"_GGGCGTTCAGGTGAGT-3","Glut-DACH2-2","Ex_DACH2_GRIK4",0.344995401776458
"_GGGCGTTCATGAGTAA-3","Glut-DACH2-HVCra-Pre","Ex_DACH2_MGAT4C",0.257212434236601
"_GGGCGTTGTGCATGAG-3","Glut-DACH2-HVCx","Ex_DACH2_CEMIP",0.349976731466425
"_GGGCGTTTCTAGGAAA-3","Glut-DACH2-HVCra-Pre","Ex_DACH2_MGAT4C",0.24159872641337
"_GGGCTACAGCATCCCG-3","Glut-DACH2-HVCra","Ex_SATB2_SOX6",0.314956395748013
"_GGGCTACAGGTCGTGA-3","Glut-DACH2-HVCra","Ex_SATB2_SOX6",0.251303428766057
"_GGGCTCAAGAAACTGT-3","Glut-DACH2-HVCra-Pre","Ex_DACH2_LHX2",0.297361095379122
"_GGGCTCAAGATGCTAA-3","Glut-DACH2-HVCra","Ex_DACH2_MGAT4C",0.224005910462758
"_GGGCTCACAATTTCGG-3","Glut-DACH2-HVCra-Pre","Ex_DACH2_GRIK4",0.273672679726545
"_GGGCTCACAGAAATTG-3","Glut-DACH2-HVCra","Ex_SATB2_SOX6",0.246972169766261
"_GGGCTCAGTACGGCAA-3","Glut-DACH2-HVCra-Pre","Ex_DACH2_LHX2",0.434250187709952
"_GGGTAGAGTCGAGATG-3","Glut-DACH2-HVCx","Ex_CACNA1H_LHX9",0.290941031134402
"_GGGTAGAGTGCAACGA-3","Glut-DACH2-HVCra-Pre","Ex_DACH2_GRIK4",0.226723560903894
"_GGGTATTCAAGCTGTT-3","Glut-DACH2-HVCra-Pre","Ex_DACH2_LHX2",0.563792764295008
"_GGGTATTCACGACGAA-3","Glut-DACH2-2","Ex_DACH2_NR4A3",0.355357417281237
"_GGGTATTGTAGCTGTT-3","Glut-DACH2-HVCra","Ex_SATB2_SOX6",0.25242758590713
"_GGGTCACGTGTTGCCG-3","Glut-DACH2-2","Ex_DACH2_LHX2",0.27069148028797
"_GGGTCACTCACCTCTG-3","Glut-DACH2-HVCra","Ex_SATB2_SOX6",0.223000889643778
"_GGGTCACTCTCGCTTG-3","Glut-DACH2-HVCra","Ex_SATB2_SOX6",0.375882014444881
"_GGGTCTGAGATAACGT-3","Glut-DACH2-HVCra-Pre","Ex_DACH2_GRIK4",0.301650331865217
"_GGGTCTGTCAGCATTG-3","Glut-DACH2-HVCra","Ex_DACH2_MGAT4C",0.226914826811357
"_GGGTCTGTCCGTGCGA-3","Glut-DACH2-2","Ex_DACH2_GRIK4",0.251357945305727
"_GGGTCTGTCTCTGCTG-3","Glut-DACH2-HVCra-Pre","Ex_DACH2_GRIK4",0.388797165400843
"_GGGTGAATCACAGAGG-3","Glut-DACH2-HVCra-Pre","Ex_DACH2_LHX2",0.488389324096894
"_GGGTGAATCGGCTTGG-3","Glut-DACH2-HVCx","Ex_DACH2_CEMIP",0.21478797001016
"_GGGTGTCAGCTCGAAG-3","Glut-DACH2-HVCra","Ex_SATB2_SOX6",0.413064642289691
"_GGGTGTCAGTGCCAGA-3","Glut-DACH2-HVCra-Pre","Ex_DACH2_MGAT4C",0.300281507582867
"_GGGTGTCGTATGGAAT-3","Glut-DACH2-HVCx","Ex_SATB2_SOX6",0.359876256088035
"_GGGTGTCGTGACTCTA-3","Glut-DACH2-HVCra","Ex_DACH2_LHX2",0.380174091187287
"_GGGTTATCAGCGGATA-3","Glut-DACH2-HVCx","Ex_SATB2_SOX6",0.311894616058102
"_GGGTTATTCACTCACC-3","Glut-DACH2-2","Ex_DACH2_LHX2",0.454685704732606
"_GGGTTTAGTGAATATG-3","Glut-DACH2-HVCra-Pre","Ex_DACH2_GRIK4",0.463702222021812
"_GGTAACTCAAACACCT-3","Glut-DACH2-2","Ex_DACH2_LHX2",0.519109395090904
"_GGTAACTGTCCTATAG-3","Glut-DACH2-4","Ex_DACH2_ITGA9",0.309048469988049
"_GGTAACTTCCTCAGGG-3","Glut-DACH2-HVCra","Ex_SATB2_SOX6",0.292838619512346
"_GGTAACTTCGCTGCGA-3","Glut-DACH2-2","Ex_DACH2_LHX2",0.530745734880542
"_GGTAACTTCTGAATCG-3","Glut-DACH2-2","Ex_DACH2_LHX2",0.310157792692999
"_GGTAACTTCTTAGCCC-3","Glut-DACH2-HVCx","Ex_SATB2_FOXP2",0.279843181728284
"_GGTAATCCACAGCCTG-3","Glut-DACH2-HVCra","Ex_SATB2_SOX6",0.366843084459803
"_GGTAATCGTAACAGGC-3","Glut-DACH2-HVCra","Ex_DACH2_MGAT4C",0.210426955556165
"_GGTAATCGTGATGTAA-3","Glut-DACH2-HVCx","Ex_SATB2_SOX6",0.261734007873221
"_GGTAATCTCGTTCGCT-3","Glut-DACH2-1","Ex_DACH2_GRIK4",0.447043334515016
"_GGTAGAGCAGAGGACT-3","Glut-DACH2-2","Ex_DACH2_LHX2",0.508031264126231
"_GGTAGAGTCCTTTAGT-3","Glut-DACH2-HVCra","Ex_SATB2_SOX6",0.356140948432992
"_GGTCACGGTGCCTATA-3","Glut-DACH2-HVCra","Ex_DACH2_MGAT4C",0.323944786081151
"_GGTCACGTCACCTCTG-3","Glut-DACH2-HVCra","Ex_SATB2_SOX6",0.313657363269224
"_GGTCTGGAGGTAGACC-3","Glut-DACH2-HVCra","Ex_DACH2_GRIK4",0.214430553567122
"_GGTCTGGAGTAGGAAG-3","Glut-DACH2-HVCra","Ex_SATB2_SOX6",0.215222132812164
"_GGTCTGGCAATCAGCT-3","Glut-DACH2-HVCx","Ex_DACH2_ITGA9",0.248034622646694
"_GGTCTGGGTCGGAAAC-3","Glut-DACH2-HVCra-Pre","Ex_DACH2_LHX2",0.488681984383415
"_GGTGAAGCAATGTTGC-3","Glut-DACH2-HVCra","Ex_SATB2_SOX6",0.264122816524236
"_GGTGATTGTTGTGCAT-3","Glut-DACH2-2","Ex_DACH2_LHX2",0.380236668935523
"_GGTGGCTAGCGTCGAA-3","Glut-DACH2-HVCx","Ex_DACH2_CEMIP",0.234607627472853
"_GGTGGCTGTCCTTTGC-3","Glut-DACH2-2","Ex_DACH2_GRIK4",0.265971451868449
"_GGTGGCTGTGGACAGT-3","Glut-DACH2-4","Ex_SATB2_SOX6",0.245954272069777
"_GGTGGCTTCACCATCC-3","Glut-DACH2-1","Ex_DACH2_GRIK4",0.411575956153616
"_GGTGTCGAGTCGAAAT-3","Glut-DACH2-HVCra-Pre","Ex_DACH2_MGAT4C",0.267727247796217
"_GGTGTCGTCTTTGCTA-3","Glut-DACH2-4","Ex_DACH2_CEMIP",0.258991799533431
"_GGTGTTACAGTATTCG-3","Glut-DACH2-HVCra-Pre","Ex_DACH2_LHX2",0.319527980473793
"_GGTGTTATCTGAACGT-3","Glut-DACH2-HVCra","Ex_SATB2_SOX6",0.215278689852138
"_GGTTAACGTCTATGAC-3","Glut-DACH2-HVCra-Pre","Ex_DACH2_MGAT4C",0.28881646544636
"_GGTTAACGTCTGCAAT-3","Glut-DACH2-HVCra-Pre","Ex_DACH2_GRIK4",0.488483131081193
"_GGTTAACTCCCAGGAC-3","Glut-DACH2-HVCra","Ex_DACH2_MGAT4C",0.295094816446866
"_GGTTCTCAGTACCATC-3","Glut-DACH2-HVCra-Pre","Ex_DACH2_LHX2",0.320200518062141
"_GGTTGTAGTCACAATC-3","Glut-DACH2-2","Ex_DACH2_LHX2",0.433866668092315
"_GGTTGTAGTCCAAATC-3","Glut-DACH2-HVCx","Ex_DACH2_CEMIP",0.250531737940775
"_GGTTGTAGTTCCACAA-3","Glut-DACH2-2","Ex_DACH2_LHX2",0.437914818231082
"_GGTTGTAGTTTGTTCT-3","Glut-DACH2-HVCra","Ex_SATB2_SOX6",0.41688477355829
"_GTAACACAGAGGTGCT-3","Glut-DACH2-HVCx","Ex_DACH2_CEMIP",0.254384104468816
"_GTAACACGTCATTCCC-3","Glut-DACH2-HVCx","Ex_DACH2_CEMIP",0.225687454986045
"_GTAACACTCGTTTACT-3","Glut-DACH2-2","Ex_DACH2_LHX2",0.544268302499809
"_GTAACCAAGATGGTAT-3","Glut-DACH2-2","Ex_DACH2_LHX2",0.253580768334635
"_GTAACCAGTAGGCAAC-3","Glut-DACH2-HVCra-Pre","Ex_DACH2_MGAT4C",0.286164478434361
"_GTAAGTCGTAGCTTGT-3","Glut-DACH2-HVCra-Pre","Ex_DACH2_MGAT4C",0.31976325699676
"_GTAAGTCGTTGGATCT-3","Glut-DACH2-HVCra-Pre","Ex_DACH2_GRIK4",0.269751253284025
"_GTAATCGGTGCATTTG-3","Glut-DACH2-HVCra-Pre","Ex_DACH2_GRIK4",0.415411345684605
"_GTAATCGGTGCGGTAA-3","Glut-DACH2-HVCra","Ex_SATB2_SOX6",0.280113672230325
"_GTAATCGTCGCGATCG-3","Glut-DACH2-HVCra-Pre","Ex_DACH2_LHX2",0.279582411985844
"_GTAATGCAGTGCGACA-3","Glut-DACH2-HVCx","Ex_DACH2_ITGA9",0.208278161700338
"_GTAATGCGTCCACGCA-3","Glut-DACH2-HVCra-Pre","Ex_DACH2_GRIK4",0.414548983459948
"_GTAATGCGTGCTTATG-3","Glut-DACH2-5","Ex_DACH2_LHX2",0.539669438744039
"_GTAATGCTCTTTGCAT-3","Glut-DACH2-HVCra","Ex_DACH2_GRIK4",0.285140376590106
"_GTACAACCAGACAAGC-3","Glut-DACH2-HVCra","Ex_DACH2_GRIK4",0.402437020475918
"_GTACAACGTGTCCCTT-3","Glut-DACH2-HVCra","Ex_DACH2_GRIK4",0.30244775357737
"_GTACAGTAGTTGCCCG-3","Glut-DACH2-HVCra-Pre","Ex_DACH2_LHX2",0.333862696051494
"_GTACAGTCACTGCTTC-3","Glut-DACH2-HVCra","Ex_SATB2_SOX6",0.428221309943703
"_GTACAGTGTAGAATAC-3","Glut-DACH2-HVCra-Pre","Ex_DACH2_GRIK4",0.345499474059997
"_GTACAGTGTCTCGGAC-3","Glut-DACH2-1","Ex_DACH2_GRIK4",0.284523884908593
"_GTAGAAAAGACAGCTG-3","Glut-DACH2-HVCra","Ex_SATB2_SOX6",0.436592293064132
"_GTAGAAAAGGGCTTCC-3","Glut-DACH2-HVCra","Ex_SATB2_SOX6",0.30432412109455
"_GTAGAAAAGTCATGAA-3","Glut-DACH2-2","Ex_DACH2_LHX2",0.570555059116756
"_GTAGAAACATAGCTGT-3","Glut-DACH2-HVCra-Pre","Ex_DACH2_LHX2",0.536532458844591
"_GTAGAAAGTGATAGAT-3","Glut-DACH2-HVCra-Pre","Ex_DACH2_GRIK4",0.29300837103678
"_GTAGAAAGTTCCCAAA-3","Glut-DACH2-HVCx","Ex_SATB2_FOXP2",0.260375511331768
"_GTAGAAATCTATCGCC-3","Glut-DACH2-HVCra-Pre","Ex_DACH2_MGAT4C",0.300990286791165
"_GTAGAGGAGGGCAACT-3","Glut-DACH2-2","Ex_DACH2_NR4A3",0.371896381301925
"_GTAGAGGAGTGGACGT-3","Glut-DACH2-HVCra","Ex_SATB2_SOX6",0.232267021397931
"_GTAGAGGGTTACCTGA-3","Glut-DACH2-HVCx","Ex_DACH2_CEMIP",0.301652051253203
"_GTAGAGGTCCTACCAC-3","Glut-DACH2-HVCra","Ex_SATB2_SOX6",0.185961759347035
"_GTAGAGGTCGTCGACG-3","Glut-DACH2-HVCra-Pre","Ex_DACH2_GRIK4",0.318923686774452
"_GTAGATCGTAATGCGG-3","Glut-DACH2-HVCx","Ex_SATB2_SOX6",0.192224494139508
"_GTAGCTACACTCACTC-3","Glut-DACH2-HVCra-Pre","Ex_DACH2_LHX2",0.511075340483339
"_GTAGCTACATGCACTA-3","Glut-DACH2-2","Ex_DACH2_GRIK4",0.259667640074893
"_GTAGCTAGTCTAGGTT-3","Glut-DACH2-2","Ex_DACH2_GRIK4",0.240255064207448
"_GTAGCTAGTTCCGCGA-3","Glut-DACH2-HVCra","Ex_SATB2_SOX6",0.204656761427162
"_GTAGCTATCGCCAGTG-3","Glut-DACH2-4","Ex_DACH2_ADAMTS5",0.167754124444532
"_GTAGGAGCATGAAAGT-3","Glut-DACH2-HVCra","Ex_DACH2_ADAMTS5",0.249716874962272
"_GTAGGAGGTCCCGGTA-3","Glut-DACH2-HVCra","Ex_SATB2_OVOA",0.159188098824243
"_GTAGGTTAGGTGGTTG-3","Glut-DACH2-HVCra-Pre","Ex_DACH2_LHX2",0.443833002635654
"_GTAGGTTCAGACCAAG-3","Glut-DACH2-HVCx","Ex_DACH2_CEMIP",0.338032684299166
"_GTATTGGAGCTCGCAC-3","Glut-DACH2-HVCx","Ex_SATB2_SOX6",0.24759466811792
"_GTATTGGCACCATAAC-3","Glut-DACH2-1","Ex_DACH2_GRIK4",0.431507985440069
"_GTATTGGGTCGGCCTA-3","Glut-DACH2-HVCx","Ex_DACH2_CEMIP",0.183401021950423
"_GTATTTCAGATGCAGC-3","Glut-DACH2-HVCx","Ex_SATB2_FOXP2",0.235169452060563
"_GTATTTCCAACACACT-3","Glut-DACH2-2","Ex_DACH2_LHX2",0.530227290561265
"_GTCAAACCATAGGCGA-3","Glut-DACH2-HVCra-Pre","Ex_DACH2_GRIK4",0.438275284715034
"_GTCAAGTAGAAGCTCG-3","Glut-DACH2-HVCra","Ex_SATB2_SOX6",0.332625645381644
"_GTCAAGTTCATTGAGC-3","Glut-DACH2-HVCra-Pre","Ex_DACH2_MGAT4C",0.297755022675039
"_GTCACGGAGATTCGAA-3","Glut-DACH2-HVCra-Pre","Ex_DACH2_ADAMTS5",0.245756930514942
"_GTCACGGGTTAACAGA-3","Glut-DACH2-HVCra","Ex_SATB2_OVOA",0.185607757211707
"_GTCACTCAGCCATTCA-3","Glut-DACH2-HVCx","Ex_DACH2_CEMIP",0.215521243735762
"_GTCACTCAGGACAAGA-3","Glut-DACH2-HVCra-Pre","Ex_DACH2_GRIK4",0.439674199020995
"_GTCACTCTCGTTCCTG-3","Glut-DACH2-2","Ex_DACH2_GRIK4",0.272926042574881
"_GTCACTCTCTACCTTA-3","Glut-DACH2-2","Ex_DACH2_ADAMTS5",0.243493459017808
"_GTCAGCGCAAAGACTA-3","Glut-DACH2-HVCra","Ex_SATB2_SOX6",0.417748179908415
"_GTCATCCAGCGGGTAT-3","Glut-DACH2-HVCra-Pre","Ex_DACH2_GRIK4",0.403684663513524
"_GTCATTTGTGTTCGAT-3","Glut-DACH2-HVCx","Ex_CACNA1H_LHX9",0.299916199309305
"_GTCCACTCATCCGTGG-3","Glut-DACH2-HVCra","Ex_DACH2_MGAT4C",0.260408472948932
"_GTCCACTGTATTAAGG-3","Glut-DACH2-HVCra-Pre","Ex_DACH2_GRIK4",0.168922140533331
"_GTCCACTTCTTCTGTA-3","Glut-DACH2-3","Ex_DACH2_ZMAT4",0.516901152385002
"_GTCCCATCAAGTTGGG-3","Glut-DACH2-HVCra-Pre","Ex_DACH2_LHX2",0.468416661458141
"_GTCCCATCACTGTCGG-3","Glut-DACH2-HVCra","Ex_SATB2_SOX6",0.198328732411646
"_GTCCCATCAGCACAAG-3","Glut-DACH2-HVCra","Ex_SATB2_SOX6",0.320422772250921
"_GTCCCATTCTGTCTCG-3","Glut-DACH2-HVCra","Ex_SATB2_SOX6",0.216337451374461
"_GTCCTCAAGCAGCCCT-3","Glut-DACH2-HVCra","Ex_SATB2_SOX6",0.319816898514466
"_GTCCTCAAGTACCCTA-3","Glut-DACH2-HVCra","Ex_SATB2_SOX6",0.466432134710251
"_GTCCTCATCGAAGCCC-3","Glut-DACH2-2","Ex_DACH2_LHX2",0.549762023123097
"_GTCGAATAGCGTTCAT-3","Glut-DACH2-HVCra","Ex_DACH2_NR4A3",0.351214103845248
"_GTCGAATCATTATGCG-3","Glut-DACH2-1","Ex_DACH2_GRIK4",0.311641519476452
"_GTCGAATGTACAAGTA-3","Glut-DACH2-HVCx","Ex_SATB2_SOX6",0.296863433323509
"_GTCGAATTCATTTGCT-3","Glut-DACH2-HVCra","Ex_SATB2_SOX6",0.187623235116299
"_GTCGAATTCGCGTGCA-3","Glut-DACH2-HVCra-Pre","Ex_DACH2_LHX2",0.385299223131868
"_GTCGCGACAATACCTG-3","Glut-DACH2-HVCx","Ex_DACH2_CEMIP",0.293220165152761
"_GTCGCGACACCCGTAG-3","Glut-DACH2-2","Ex_DACH2_LHX2",0.366950398971975
"_GTCGCGAGTGGCACTC-3","Glut-DACH2-HVCra","Ex_DACH2_MGAT4C",0.175492769094326
"_GTCGTAAGTCGAAGCA-3","Glut-DACH2-1","Ex_DACH2_GRIK4",0.36129183660436
"_GTCGTAAGTCTGTAAC-3","Glut-DACH2-2","Ex_DACH2_LHX2",0.291421377949553
"_GTCGTAATCTTGAACG-3","Glut-DACH2-HVCx","Ex_DACH2_CEMIP",0.220142165512003
"_GTCGTTCAGACATGCG-3","Glut-DACH2-1","Ex_DACH2_GRIK4",0.510622828298612
"_GTCGTTCGTAATTAGG-3","Glut-DACH2-2","Ex_DACH2_NR4A3",0.337983164652051
"_GTCTACCCATTGACTG-3","Glut-DACH2-HVCra","Ex_SATB2_SOX6",0.358415154866054
"_GTCTACCTCGCTCCTA-3","Glut-DACH2-5","Ex_DACH2_ADAMTS5",0.396209539703126
"_GTCTAGACACACACTA-3","Glut-DACH2-HVCra-Pre","Ex_DACH2_GRIK4",0.493850821314801
"_GTCTAGAGTAGACTGG-3","Glut-DACH2-2","Ex_DACH2_LHX2",0.535974367052927
"_GTCTAGAGTAGAGACC-3","Glut-DACH2-HVCra-Pre","Ex_DACH2_LHX2",0.518094129531638
"_GTCTAGATCTTGGCTC-3","Glut-DACH2-HVCra","Ex_DACH2_MGAT4C",0.247842240009127
"_GTCTCACGTGGAACAC-3","Glut-DACH2-2","Ex_DACH2_LHX2",0.572277122550767
"_GTCTGTCGTTCTCTCG-3","Glut-DACH2-HVCra-Pre","Ex_DACH2_MGAT4C",0.353019847812802
"_GTCTGTCTCCTTACCG-3","Glut-DACH2-HVCra","Ex_SATB2_SOX6",0.1668613383752
"_GTCTTTACAAACCGGA-3","Glut-DACH2-HVCra","Ex_DACH2_MGAT4C",0.198453571044856
"_GTCTTTAGTACTGCGC-3","Glut-DACH2-HVCra","Ex_SATB2_SOX6",0.304876274713814
"_GTCTTTAGTTACCTGA-3","Glut-DACH2-HVCra","Ex_SATB2_SOX6",0.173346826374625
"_GTCTTTATCCCAAGTA-3","Glut-DACH2-HVCra-Pre","Ex_DACH2_LHX2",0.449866772990883
"_GTCTTTATCCGTAGTA-3","Glut-DACH2-HVCra","Ex_SATB2_SOX6",0.283754347991752
"_GTGACGCAGCCTGTGC-3","Glut-DACH2-HVCra","Ex_SATB2_SOX6",0.177270526387876
"_GTGACGCAGTGATTCC-3","Glut-DACH2-HVCra","Ex_DACH2_ITGA9",0.15841294838668
"_GTGACGCCAAACTAAG-3","Glut-DACH2-HVCx","Ex_DACH2_CEMIP",0.230884996489533
"_GTGAGCCCAAGCGGAT-3","Glut-DACH2-HVCra-Pre","Ex_DACH2_MGAT4C",0.369416753330448
"_GTGAGCCCAGCGTGAA-3","Glut-DACH2-HVCx","Ex_DACH2_ITGA9",0.256528060997968
"_GTGAGGAAGATAACGT-3","Glut-DACH2-HVCra-Pre","Ex_DACH2_NR4A3",0.40157109846459
"_GTGAGGAAGCGTATAA-3","Glut-DACH2-HVCra-Pre","Ex_DACH2_GRIK4",0.284450371243718
"_GTGAGGAAGGCCTGCT-3","Glut-DACH2-HVCra-Pre","Ex_DACH2_GRIK4",0.36647681661776
"_GTGAGGAAGTAACGAT-3","Glut-DACH2-HVCra","Ex_SATB2_SOX6",0.340608670837987
"_GTGAGGATCGCTGATA-3","Glut-DACH2-HVCra","Ex_DACH2_MGAT4C",0.207245348376351
"_GTGAGTTAGTAAACGT-3","Glut-DACH2-2","Ex_DACH2_ADAMTS5",0.366504109413165
"_GTGAGTTCAGCGTAGA-3","Glut-DACH2-HVCra","Ex_SATB2_SOX6",0.530662284292589
"_GTGAGTTGTTATGTCG-3","Glut-DACH2-HVCra","Ex_SATB2_SOX6",0.192941222024014
"_GTGAGTTTCGCATAGT-3","Glut-DACH2-2","Ex_DACH2_GRIK4",0.284839500392455
"_GTGAGTTTCGTTCTGC-3","Glut-DACH2-HVCra-Pre","Ex_DACH2_GRIK4",0.386419418484106
"_GTGATGTCAGCGACCT-3","Glut-DACH2-1","Ex_DACH2_GRIK4",0.403015727663106
"_GTGATGTCAGGTCCGT-3","Glut-DACH2-HVCx","Ex_SATB2_SOX6",0.242603837716478
"_GTGATGTGTAGTAAGT-3","Glut-DACH2-HVCra-Pre","Ex_DACH2_GRIK4",0.2834353961681
"_GTGATGTGTCCTACGG-3","Glut-DACH2-HVCra","Ex_SATB2_SOX6",0.260012126460284
"_GTGATGTTCCCGTTCA-3","Glut-DACH2-HVCra","Ex_SATB2_SOX6",0.322855726699501
"_GTGCACGAGTGAGCCA-3","Glut-DACH2-2","Ex_DACH2_LHX2",0.561317831248101
"_GTGCACGCACGTGTGC-3","Glut-DACH2-HVCra","Ex_SATB2_SOX6",0.326364929024489
"_GTGCACGTCTCCAAGA-3","Glut-DACH2-HVCra","Ex_SATB2_SOX6",0.322918452770071
"_GTGCAGCCAGCTTTCC-3","Glut-DACH2-2","Ex_DACH2_ADAMTS5",0.356398124901711
"_GTGCAGCTCACCGGGT-3","Glut-DACH2-HVCra","Ex_DACH2_MGAT4C",0.220441612502308
"_GTGCTGGCAAGCGAAC-3","Glut-DACH2-1","Ex_DACH2_GRIK4",0.433345767746293
"_GTGCTGGGTGTGGACA-3","Glut-DACH2-HVCra","Ex_SATB2_SOX6",0.310088854812237
"_GTGCTGGTCCAGTTCC-3","Glut-DACH2-HVCra","Ex_DACH2_CEMIP",0.246888370898075
"_GTGCTTCAGTGGTTCT-3","Glut-DACH2-1","Ex_DACH2_MGAT4C",0.429925249898529
"_GTGCTTCCAGTTCTAG-3","Glut-DACH2-HVCra","Ex_DACH2_ITGA9",0.188128565845634
"_GTGCTTCGTGAGGCAT-3","Glut-DACH2-2","Ex_DACH2_LHX2",0.542207226940472
"_GTGCTTCGTTCTTCAT-3","Glut-DACH2-HVCx","Ex_SATB2_SOX6",0.27474236576502
"_GTGGAAGGTACGAAAT-3","Glut-DACH2-HVCx","Ex_DACH2_CEMIP",0.26933671309282
"_GTGGAGAGTAATCAGA-3","Glut-DACH2-HVCra","Ex_SATB2_SOX6",0.421361375051558
"_GTGGAGAGTCTAACTG-3","Glut-DACH2-HVCx","Ex_DACH2_CEMIP",0.379396596158046
"_GTGGAGATCCTTCACG-3","Glut-DACH2-HVCra-Pre","Ex_DACH2_LHX2",0.440436420038859
"_GTGGAGATCGCAATGT-3","Glut-DACH2-HVCra-Pre","Ex_DACH2_LHX2",0.394711999640786
"_GTGGCGTGTCCACTCT-3","Glut-DACH2-2","Ex_DACH2_LHX2",0.559883990246678
"_GTGGCGTGTCGGAAAC-3","Glut-DACH2-HVCra","Ex_SATB2_SOX6",0.259840877062297
"_GTGGCGTGTGTTGACT-3","Glut-DACH2-HVCra","Ex_SATB2_SOX6",0.391922537772239
"_GTGGCGTTCACTACTT-3","Glut-DACH2-2","Ex_DACH2_ADAMTS5",0.323660166565273
"_GTGGGAAAGAGGCGGA-3","Glut-DACH2-2","Ex_DACH2_ADAMTS5",0.347060092339514
"_GTGGTTACAAACCACT-3","Glut-DACH2-HVCra","Ex_DACH2_MGAT4C",0.258098830941667
"_GTGGTTATCCGGTTCT-3","Glut-DACH2-HVCra","Ex_SATB2_SOX6",0.449692808033926
"_GTGTAACCAATTCTCT-3","Glut-DACH2-HVCra-Pre","Ex_DACH2_LHX2",0.356138000925072
"_GTGTAACCATTGTACG-3","Glut-DACH2-HVCx","Ex_CACNA1H_LHX9",0.423491472363541
"_GTGTAACGTGCAGTGA-3","Glut-DACH2-HVCra","Ex_DACH2_GRIK4",0.229283875196051
"_GTGTAACTCACACCCT-3","Glut-DACH2-1","Ex_DACH2_LHX2",0.424256321315665
"_GTGTAACTCTGAATGC-3","Glut-DACH2-HVCra-Pre","Ex_DACH2_GRIK4",0.506468751285619
"_GTGTCCTCACGGGCTT-3","Glut-DACH2-HVCra","Ex_SATB2_SOX6",0.389674801605553
"_GTGTGATCAGTAGAGC-3","Glut-DACH2-HVCra","Ex_SATB2_SOX6",0.420225033553686
"_GTGTGATGTTATAGAG-3","Glut-DACH2-HVCx","Ex_DACH2_CEMIP",0.27444244875412
"_GTGTGGCCACTCCCTA-3","Glut-DACH2-HVCra-Pre","Ex_DACH2_LHX2",0.366330516806421
"_GTGTGGCGTCCATAGT-3","Glut-DACH2-HVCra","Ex_SATB2_SOX6",0.310825170409127
"_GTGTTAGAGGCATCGA-3","Glut-DACH2-HVCra-Pre","Ex_DACH2_GRIK4",0.331235212545734
"_GTGTTAGAGGTCATTC-3","Glut-DACH2-4","Ex_SATB2_FOXP2",0.189578612549329
"_GTGTTAGCACTCAGAT-3","Glut-DACH2-HVCra-Pre","Ex_DACH2_GRIK4",0.270201441757956
"_GTGTTAGTCCCTGGTT-3","Glut-DACH2-HVCra","Ex_SATB2_SOX6",0.314315694153022
"_GTGTTCCTCAAGAGTA-3","Glut-DACH2-HVCx","Ex_DACH2_CEMIP",0.269062522406055
"_GTTACAGGTTACGATC-3","Glut-DACH2-HVCra","Ex_SATB2_SOX6",0.282339829028411
"_GTTACAGTCGTCCTCA-3","Glut-DACH2-2","Ex_DACH2_GRIK4",0.26744017308109
"_GTTACGAAGAAACTCA-3","Glut-DACH2-HVCra-Pre","Ex_DACH2_ADAMTS5",0.241446562372495
"_GTTACGAAGCATGATA-3","Glut-DACH2-HVCra-Pre","Ex_DACH2_GRIK4",0.281041501420281
"_GTTACGAGTACGAAAT-3","Glut-DACH2-HVCra","Ex_DACH2_MGAT4C",0.309058477475007
"_GTTACGAGTGTATACC-3","Glut-DACH2-HVCx","Ex_SATB2_SOX6",0.257622632995451
"_GTTACGATCGCAAGAG-3","Glut-DACH2-HVCra","Ex_SATB2_SOX6",0.313868641271349
"_GTTAGACAGAGACAAG-3","Glut-DACH2-HVCra","Ex_SATB2_SOX6",0.465237514607322
"_GTTAGACAGTAGGGTC-3","Glut-DACH2-2","Ex_DACH2_MGAT4C",0.231598854424371
"_GTTAGACCACATACGT-3","Glut-DACH2-HVCra","Ex_SATB2_SOX6",0.417391242775779
"_GTTAGACTCAACGTGT-3","Glut-DACH2-HVCra","Ex_DACH2_GRIK4",0.185333940981729
"_GTTAGTGCAGCTGTGC-3","Glut-DACH2-HVCra","Ex_SATB2_SOX6",0.226168299570497
"_GTTCATTAGCCTTGAT-3","Glut-DACH2-HVCra","Ex_SATB2_SOX6",0.373026436433073
"_GTTCATTCATTGGGAG-3","Glut-DACH2-HVCra-Pre","Ex_DACH2_LHX2",0.292745243084164
"_GTTCATTGTAGGAAAG-3","Glut-DACH2-HVCx","Ex_SATB2_FOXP2",0.2795342373451
"_GTTCATTGTCTATGAC-3","Glut-DACH2-HVCra-Pre","Ex_DACH2_MGAT4C",0.252553578028281
"_GTTCATTGTTCTCGCT-3","Glut-DACH2-2","Ex_DACH2_MGAT4C",0.277176963524997
"_GTTCATTGTTGTCAGT-3","Glut-DACH2-HVCra-Pre","Ex_DACH2_GRIK4",0.299052770717415
"_GTTCATTTCATTACCT-3","Glut-DACH2-HVCx","Ex_DACH2_CEMIP",0.39875918302072
"_GTTCATTTCCATCGTC-3","Glut-DACH2-HVCra-Pre","Ex_DACH2_MGAT4C",0.280785201421482
"_GTTCCGTAGAATAGTC-3","Glut-DACH2-HVCra-Pre","Ex_DACH2_GRIK4",0.270896922913822
"_GTTCCGTAGTGGCGAT-3","Glut-DACH2-HVCx","Ex_DACH2_CEMIP",0.250994028749183
"_GTTCGCTCACTATCGA-3","Glut-DACH2-HVCra","Ex_DACH2_GRIK4",0.254658554945899
"_GTTCGCTCAGCGTTGC-3","Glut-DACH2-1","Ex_DACH2_GRIK4",0.392263758356899
"_GTTCTATAGGATACCG-3","Glut-DACH2-HVCx","Ex_DACH2_CEMIP",0.287605507457256
"_GTTCTATAGGTGCATG-3","Glut-DACH2-2","Ex_DACH2_MGAT4C",0.191305138657605
"_GTTCTATCAAACACGG-3","Glut-DACH2-HVCra-Pre","Ex_DACH2_MGAT4C",0.339765015951656
"_GTTCTATCAAGACCGA-3","Glut-DACH2-2","Ex_DACH2_LHX2",0.428605281294945
"_GTTCTATCACTGGAAG-3","Glut-DACH2-HVCra","Ex_SATB2_SOX6",0.384421007713563
"_GTTCTATGTTTGGCTA-3","Glut-DACH2-HVCra","Ex_SATB2_SOX6",0.358907551217274
"_GTTCTATTCTGGGCAC-3","Glut-DACH2-HVCra","Ex_SATB2_SOX6",0.476454432651247
"_GTTGAACAGGCACTCC-3","Glut-DACH2-HVCra-Pre","Ex_DACH2_MGAT4C",0.293713003821725
"_GTTGAACAGGGCGAAG-3","Glut-DACH2-2","Ex_DACH2_LHX2",0.477348833536926
"_GTTGAACTCACTTGTT-3","Glut-DACH2-HVCra","Ex_SATB2_SOX6",0.186899257544124
"_GTTGCGGCAGGGCTTC-3","Glut-DACH2-HVCra","Ex_SATB2_SOX6",0.289287763218645
"_GTTGCGGTCTCATAGG-3","Glut-DACH2-1","Ex_DACH2_LHX2",0.563581952177704
"_GTTGCTCAGTAGCTCT-3","Glut-DACH2-HVCra-Pre","Ex_DACH2_LHX2",0.412789869019013
"_GTTGTAGAGCCTGTCG-3","Glut-DACH2-HVCra-Pre","Ex_DACH2_LHX2",0.516387535812999
"_GTTGTAGCAGGAAGTC-3","Glut-DACH2-HVCra","Ex_DACH2_MGAT4C",0.250586933169207
"_GTTGTAGTCCGTCACT-3","Glut-DACH2-HVCra","Ex_SATB2_SOX6",0.471624240978051
"_GTTGTAGTCTGTTCAT-3","Glut-DACH2-HVCra","Ex_SATB2_SOX6",0.408103746426479
"_GTTGTGACATCCTATT-3","Glut-DACH2-HVCra","Ex_SATB2_SOX6",0.353408580797403
"_GTTGTGAGTACCCGAC-3","Glut-DACH2-HVCx","Ex_CACNA1H_LHX9",0.458050445870672
"_GTTGTGATCCGCCTAT-3","Glut-DACH2-HVCra-Pre","Ex_DACH2_MGAT4C",0.221660717350058
"_GTTTACTAGTGAGTGC-3","Glut-DACH2-2","Ex_DACH2_LHX2",0.355667159311793
"_GTTTGGAAGAGATCGC-3","Glut-DACH2-HVCra","Ex_SATB2_SOX6",0.358688409233428
"_GTTTGGACAATTTCTC-3","Glut-DACH2-HVCra","Ex_DACH2_MGAT4C",0.284412391979811
"_GTTTGGAGTGAGCGAT-3","Glut-DACH2-HVCra-Pre","Ex_DACH2_GRIK4",0.346462396665564
"_GTTTGGATCGACACCG-3","Glut-DACH2-HVCra","Ex_SATB2_SOX6",0.365952287968845
"_TAACACGAGATTCGCT-3","Glut-DACH2-HVCra-Pre","Ex_DACH2_GRIK4",0.260943114565042
"_TAACACGAGCCTTTCC-3","Glut-DACH2-HVCra-Pre","Ex_DACH2_MGAT4C",0.288423635309672
"_TAACACGCAGCGTGAA-3","Glut-DACH2-HVCx","Ex_DACH2_CEMIP",0.180589568966447
"_TAACACGTCCACAAGT-3","Glut-DACH2-HVCra","Ex_SATB2_SOX6",0.432907440708113
"_TAACCAGCAAGACGAC-3","Glut-DACH2-HVCra","Ex_DACH2_MGAT4C",0.173819357028904
"_TAACCAGGTGCAACAG-3","Glut-DACH2-HVCra-Pre","Ex_DACH2_ADAMTS5",0.263067716663981
"_TAACGACTCTGCAGCG-3","Glut-DACH2-HVCra","Ex_SATB2_SOX6",0.511185009851198
"_TAACTTCAGAATCGAT-3","Glut-DACH2-2","Ex_DACH2_LHX2",0.440265704601535
"_TAACTTCGTCGCAACC-3","Glut-DACH2-HVCra-Pre","Ex_DACH2_LHX2",0.381203975518184
"_TAACTTCTCGCTGTCT-3","Glut-DACH2-HVCra","Ex_DACH2_MGAT4C",0.28380293316247
"_TAAGCACAGAGTGGCT-3","Glut-DACH2-HVCra-Pre","Ex_DACH2_MGAT4C",0.368276398727428
"_TAAGCACGTACCATAC-3","Glut-DACH2-2","Ex_DACH2_LHX2",0.529907183627942
"_TAAGCCAAGAAACCAT-3","Glut-DACH2-2","Ex_DACH2_GRIK4",0.246846111360744
"_TAAGCCAAGGCTAGCA-3","Glut-DACH2-HVCra-Pre","Ex_DACH2_MGAT4C",0.275502744112945
"_TAAGCGTAGTAGACAT-3","Glut-DACH2-HVCx","Ex_DACH2_CEMIP",0.361441031237903
"_TAAGCGTTCAACACCA-3","Glut-DACH2-HVCra-Pre","Ex_DACH2_LHX2",0.527986327337432
"_TAAGCGTTCCTGTAGA-3","Glut-DACH2-HVCx","Ex_DACH2_ITGA9",0.308628804261766
"_TAAGCGTTCTTGGCTC-3","Glut-DACH2-HVCra","Ex_SATB2_SOX6",0.325983249912574
"_TAATCTCCATGAATCC-3","Glut-DACH2-2","Ex_DACH2_LHX2",0.556117576361857
"_TAATCTCTCGACTCCT-3","Glut-DACH2-HVCra","Ex_SATB2_SOX6",0.336586637165655
"_TAATTCCCACAAGTTC-3","Glut-DACH2-HVCra","Ex_SATB2_SOX6",0.468410468716311
"_TACAACGCACTGGATT-3","Glut-DACH2-HVCra-Pre","Ex_DACH2_MGAT4C",0.238622567781289
"_TACACCCTCAAGCCTA-3","Glut-DACH2-HVCra","Ex_DACH2_MGAT4C",0.183228836526505
"_TACATTCCAGAATCGG-3","Glut-DACH2-5","Ex_DACH2_ADAMTS5",0.467504928568745
"_TACATTCTCCTCTTTC-3","Glut-DACH2-HVCra","Ex_SATB2_SOX6",0.278825738552969
"_TACCCACAGAACGCGT-3","Glut-DACH2-HVCx","Ex_SATB2_SOX6",0.341283333233618
"_TACCCACAGATGCCGA-3","Glut-DACH2-HVCra","Ex_SATB2_SOX6",0.384090916589123
"_TACCCGTAGCTACTGT-3","Glut-DACH2-2","Ex_DACH2_LHX2",0.558062498772098
"_TACCCGTCAGCTCGGT-3","Glut-DACH2-HVCra","Ex_DACH2_MGAT4C",0.193102770362995
"_TACCCGTGTGGGACAT-3","Glut-DACH2-HVCra","Ex_DACH2_MGAT4C",0.296710758005508
"_TACCCGTTCATCAGTG-3","Glut-DACH2-HVCra-Pre","Ex_DACH2_ADAMTS5",0.256055014304262
"_TACCCGTTCCAACACA-3","Glut-DACH2-HVCra","Ex_SATB2_SOX6",0.171488057718433
"_TACCCGTTCCTTCTAA-3","Glut-DACH2-HVCra","Ex_SATB2_SOX6",0.219388561537843
"_TACCCGTTCTCTTAAC-3","Glut-DACH2-4","Ex_DACH2_NR4A3",0.275281510557667
"_TACCGAAGTCACATTG-3","Glut-DACH2-HVCra-Pre","Ex_DACH2_LHX2",0.316868656633201
"_TACCGAAGTGAACGGT-3","Glut-DACH2-HVCra","Ex_SATB2_SOX6",0.294912857215204
"_TACCGAATCGGCATAT-3","Glut-DACH2-HVCra","Ex_SATB2_SOX6",0.331512234183444
"_TACCGGGAGCGGTAGT-3","Glut-DACH2-2","Ex_DACH2_GRIK4",0.29245969076081
"_TACCGGGGTGACACAG-3","Glut-DACH2-HVCra","Ex_SATB2_OVOA",0.21227366176832
"_TACCGGGGTTTAGACC-3","Glut-DACH2-HVCx","Ex_DACH2_CEMIP",0.332852496958058
"_TACCTCGAGTGAGTGC-3","Glut-DACH2-HVCx","Ex_DACH2_CEMIP",0.354226906248486
"_TACCTCGCACCTCTGT-3","Glut-DACH2-HVCra-Pre","Ex_DACH2_NR4A3",0.305996782644983
"_TACCTCGGTGGACTAG-3","Glut-DACH2-HVCra","Ex_SATB2_SOX6",0.307238393095516
"_TACCTCGTCATGAAAG-3","Glut-DACH2-2","Ex_DACH2_LHX2",0.535539908765234
"_TACCTGCAGGGTACGT-3","Glut-DACH2-4","Ex_DACH2_NR4A3",0.173788719218698
"_TACCTGCCAAGTAGTA-3","Glut-DACH2-HVCra-Pre","Ex_DACH2_ADAMTS5",0.254306803999098
"_TACCTGCGTCGCAGTC-3","Glut-DACH2-HVCra-Pre","Ex_DACH2_MGAT4C",0.260328703416663
"_TACCTGCGTTGCTAGT-3","Glut-DACH2-2","Ex_DACH2_ADAMTS5",0.247268182218127
"_TACCTGCTCCGTATGA-3","Glut-DACH2-HVCra-Pre","Ex_DACH2_LHX2",0.395658756011491
"_TACCTGCTCCTGTTAT-3","Glut-DACH2-2","Ex_DACH2_LHX2",0.496891959877149
"_TACGCTCAGACTCTAC-3","Glut-DACH2-HVCra","Ex_SATB2_SOX6",0.411235145758364
"_TACGCTCCAGCAGACA-3","Glut-DACH2-HVCx","Ex_DACH2_CEMIP",0.339673687041829
"_TACGCTCCATACTTTC-3","Glut-DACH2-HVCra-Pre","Ex_DACH2_GRIK4",0.286912212545765
"_TACGCTCGTACGAGTG-3","Glut-DACH2-HVCra","Ex_SATB2_SOX6",0.346215345225529
"_TACGCTCTCAATCGGT-3","Glut-DACH2-HVCra","Ex_DACH2_GRIK4",0.222279952293835
"_TACGCTCTCGTAGTCA-3","Glut-DACH2-HVCx","Ex_DACH2_CEMIP",0.319766997437101
"_TACGGTACACGATAGG-3","Glut-DACH2-HVCx","Ex_DACH2_CEMIP",0.364342238092871
"_TACGGTAGTCGCATCG-3","Glut-DACH2-HVCra-Pre","Ex_DACH2_GRIK4",0.275946441666311
"_TACGGTAGTGTCTTGA-3","Glut-DACH2-HVCra","Ex_DACH2_GRIK4",0.254601032582272
"_TACGGTATCGGCATCG-3","Glut-DACH2-HVCra-Pre","Ex_DACH2_GRIK4",0.295325712014619
"_TACGTCCCACGAAAGC-3","Glut-DACH2-1","Ex_DACH2_GRIK4",0.357784397789294
"_TACGTCCCAGCAGTCC-3","Glut-DACH2-HVCra","Ex_DACH2_NR4A3",0.38823094421928
"_TACGTCCGTATGTCAC-3","Glut-DACH2-HVCra","Ex_DACH2_LHX2",0.412235301727448
"_TACTGCCCATCGCCTT-3","Glut-DACH2-HVCra","Ex_SATB2_SOX6",0.289180975852459
"_TACTTCAAGTAGACAT-3","Glut-DACH2-HVCra-Pre","Ex_DACH2_MGAT4C",0.280001690444434
"_TACTTCAAGTGGAAAG-3","Glut-DACH2-HVCra-Pre","Ex_DACH2_LHX2",0.510030024515229
"_TACTTCAGTGGTACAG-3","Glut-DACH2-HVCra-Pre","Ex_DACH2_LHX2",0.465341398439643
"_TACTTGTCAGCTGCCA-3","Glut-DACH2-2","Ex_DACH2_GRIK4",0.287737416098222
"_TAGACCAAGTGGTCAG-3","Glut-DACH2-HVCra","Ex_SATB2_SOX6",0.340113306906933
"_TAGACCATCACAGTGT-3","Glut-DACH2-HVCra-Pre","Ex_DACH2_GRIK4",0.406437921594684
"_TAGACTGGTCATAGTC-3","Glut-DACH2-3","Ex_DACH2_ZMAT4",0.480674421027921
"_TAGACTGGTTCCAGGC-3","Glut-DACH2-1","Ex_DACH2_GRIK4",0.426837453427471
"_TAGACTGGTTTAGTCG-3","Glut-DACH2-HVCra","Ex_DACH2_GRIK4",0.214010686354266
"_TAGAGTCAGAGCGACT-3","Glut-DACH2-HVCx","Ex_DACH2_CEMIP",0.262298201935774
"_TAGAGTCTCTTCCAGC-3","Glut-DACH2-HVCx","Ex_CACNA1H_LHX9",0.318743614268143
"_TAGATCGAGTCTTCGA-3","Glut-DACH2-HVCx","Ex_DACH2_ITGA9",0.210363670163696
"_TAGATCGAGTTGGGAC-3","Glut-DACH2-2","Ex_DACH2_NR4A3",0.322620852702221
"_TAGATCGCAAGGCGTA-3","Glut-DACH2-HVCra","Ex_DACH2_CEMIP",0.175368041984316
"_TAGATCGCATCCCACT-3","Glut-DACH2-HVCx","Ex_CACNA1H_LHX9",0.304052103824211
"_TAGATCGGTGTCCCTT-3","Glut-DACH2-HVCra","Ex_DACH2_CEMIP",0.175279540832812
"_TAGATCGGTTTGTTCT-3","Glut-DACH2-2","Ex_DACH2_GRIK4",0.358222306294997
"_TAGATCGTCATAAGGA-3","Glut-DACH2-4","Ex_DACH2_MGAT4C",0.369089408892021
"_TAGATCGTCTGGCCGA-3","Glut-DACH2-HVCx","Ex_SATB2_SOX6",0.180200755718207
"_TAGCACACATAGAAAC-3","Glut-DACH2-HVCx","Ex_SATB2_SOX6",0.222962803558042
"_TAGCACACATGTGGTT-3","Glut-DACH2-HVCra","Ex_SATB2_SOX6",0.42850543728594
"_TAGCACAGTATCCTCC-3","Glut-DACH2-HVCx","Ex_DACH2_CEMIP",0.33973176702815
"_TAGCACATCATAAGGA-3","Glut-DACH2-HVCx","Ex_SATB2_FOXP2",0.218763065356915
"_TAGCACATCCGTACGG-3","Glut-DACH2-2","Ex_DACH2_LHX2",0.530988194675241
"_TAGGAGGCAACACTAC-3","Glut-DACH2-2","Ex_DACH2_GRIK4",0.316566852960423
"_TAGGGTTAGATGAACT-3","Glut-DACH2-HVCra","Ex_SATB2_SOX6",0.297385865505903
"_TAGGGTTAGTCAGCCC-3","Glut-DACH2-HVCra-Pre","Ex_DACH2_MGAT4C",0.250730129537772
"_TAGGGTTTCCACGGGT-3","Glut-DACH2-HVCra","Ex_DACH2_GRIK4",0.277015938596046
"_TAGGGTTTCCATTGTT-3","Glut-DACH2-HVCra","Ex_SATB2_SOX6",0.48494543674366
"_TAGGTACGTACCATAC-3","Glut-DACH2-HVCra","Ex_DACH2_MGAT4C",0.218985788062986
"_TAGGTTGAGAGAGGGC-3","Glut-DACH2-HVCra-Pre","Ex_DACH2_GRIK4",0.283026732557697
"_TAGGTTGAGGATGCGT-3","Glut-DACH2-2","Ex_DACH2_GRIK4",0.305623211017301
"_TAGGTTGCACTATCCC-3","Glut-DACH2-HVCra","Ex_SATB2_SOX6",0.308879680775883
"_TAGGTTGGTAAGACCG-3","Glut-DACH2-2","Ex_DACH2_GRIK4",0.304681103904125
"_TAGGTTGGTGAGAACC-3","Glut-DACH2-HVCra-Pre","Ex_DACH2_GRIK4",0.342588884387796
"_TATACCTAGCTCAGAG-3","Glut-DACH2-HVCx","Ex_SATB2_FOXP2",0.298227562400131
"_TATACCTCAACATCGT-3","Glut-DACH2-2","Ex_DACH2_GRIK4",0.338441370714237
"_TATACCTTCACCTACC-3","Glut-DACH2-1","Ex_DACH2_NR4A3",0.778044985849542
"_TATACCTTCGGCTGGT-3","Glut-DACH2-HVCra-Pre","Ex_DACH2_MGAT4C",0.284144982438553
"_TATATCCGTACCTATG-3","Glut-DACH2-HVCra","Ex_SATB2_SOX6",0.275815032861733
"_TATCAGGGTTGAGTCT-3","Glut-DACH2-HVCra","Ex_SATB2_SOX6",0.191113428691343
"_TATCCTACAAGGATGC-3","Glut-DACH2-HVCra","Ex_SATB2_SOX6",0.339255982295904
"_TATCGCCAGCGCCGTT-3","Glut-DACH2-HVCra","Ex_DACH2_MGAT4C",0.269976016644164
"_TATCGCCAGTTCATCG-3","Glut-DACH2-1","Ex_DACH2_GRIK4",0.2953975740966
"_TATCTTGCAAGGTCGA-3","Glut-DACH2-HVCra-Pre","Ex_DACH2_GRIK4",0.333512409346029
"_TATCTTGCATTGAGGG-3","Glut-DACH2-4","Ex_DACH2_CEMIP",0.316091414191792
"_TATGTTCAGCAAATGT-3","Glut-DACH2-HVCra-Pre","Ex_DACH2_LHX2",0.54382899125971
"_TATGTTCAGCATTTGC-3","Glut-DACH2-HVCra","Ex_DACH2_GRIK4",0.248673039631881
"_TATGTTCAGTTACTCG-3","Glut-DACH2-2","Ex_DACH2_LHX2",0.480977544756181
"_TATGTTCCAAGCCCAC-3","Glut-DACH2-HVCx","Ex_CACNA1H_LHX9",0.393117144737305
"_TATGTTCGTGGCCACT-3","Glut-DACH2-HVCx","Ex_DACH2_CEMIP",0.311365870251841
"_TATGTTCGTTTGTTCT-3","Glut-DACH2-HVCra-Pre","Ex_SATB2_SOX6",0.276782212832928
"_TATGTTCTCCACGAAT-3","Glut-DACH2-HVCra","Ex_DACH2_MGAT4C",0.180004556842516
"_TATTCCAAGTGAATAC-3","Glut-DACH2-HVCra-Pre","Ex_DACH2_GRIK4",0.347857103708999
"_TATTGCTCACAGCTGC-3","Glut-DACH2-HVCra","Ex_SATB2_SOX6",0.366893262684603
"_TATTGCTCACCCTATC-3","Glut-DACH2-HVCra","Ex_DACH2_MGAT4C",0.262708987823226
"_TATTGCTGTCACCACG-3","Glut-DACH2-HVCra","Ex_SATB2_SOX6",0.340483654317702
"_TATTGCTTCCGTGTAA-3","Glut-DACH2-HVCra","Ex_DACH2_MGAT4C",0.226098163822443
"_TATTGGGCAACGACTT-3","Glut-DACH2-HVCra","Ex_SATB2_OVOA",0.177478752184913
"_TATTGGGGTACACGCC-3","Glut-DACH2-2","Ex_DACH2_LHX2",0.343380849005932
"_TATTGGGGTCCGGACT-3","Glut-DACH2-HVCra","Ex_SATB2_SOX6",0.360562062226906
"_TATTTCGAGCCTCTGG-3","Glut-DACH2-HVCx","Ex_DACH2_CEMIP",0.270674448348371
"_TATTTCGAGTAAGCAT-3","Glut-DACH2-2","Ex_DACH2_LHX2",0.386577009051144
"_TATTTCGAGTACAACA-3","Glut-DACH2-HVCra-Pre","Ex_DACH2_GRIK4",0.282277080544314
"_TATTTCGGTATCGGTT-3","Glut-DACH2-HVCra-Pre","Ex_DACH2_GRIK4",0.346979728908049
"_TATTTCGTCACTGTTT-3","Glut-DACH2-HVCra","Ex_DACH2_MGAT4C",0.215940658655293
"_TCAAGACAGTATTCCG-3","Glut-DACH2-HVCx","Ex_DACH2_CEMIP",0.353066841695867
"_TCAAGACCACAGTCGC-3","Glut-DACH2-HVCra-Pre","Ex_DACH2_ADAMTS5",0.258109191980572
"_TCAAGACGTAACTTCG-3","Glut-DACH2-HVCx","Ex_DACH2_CEMIP",0.27151990171347
"_TCAAGACGTGGCCACT-3","Glut-DACH2-HVCra-Pre","Ex_DACH2_LHX2",0.530771222979139
"_TCAAGCAAGCGTGCCT-3","Glut-DACH2-HVCra","Ex_SATB2_SOX6",0.31870819761838
"_TCAAGCAAGGTTCATC-3","Glut-DACH2-HVCra-Pre","Ex_DACH2_LHX2",0.447714963293243
"_TCAAGCAAGTATTAGG-3","Glut-DACH2-HVCra","Ex_SATB2_SOX6",0.24441297610506
"_TCAAGCATCCTTGGAA-3","Glut-DACH2-HVCra-Pre","Ex_DACH2_ADAMTS5",0.324648590375609
"_TCAAGTGAGCCATTTG-3","Glut-DACH2-HVCra","Ex_SATB2_SOX6",0.338759948666207
"_TCAAGTGCAGGGTTGA-3","Glut-DACH2-HVCra-Pre","Ex_DACH2_GRIK4",0.376900614960526
"_TCAAGTGTCAGTGTGT-3","Glut-DACH2-HVCra-Pre","Ex_DACH2_LHX2",0.420383975137205
"_TCAAGTGTCGCTTTAT-3","Glut-DACH2-HVCra","Ex_SATB2_SOX6",0.250238497811762
"_TCAATCTAGAGTGTGC-3","Glut-DACH2-HVCra-Pre","Ex_DACH2_MGAT4C",0.32513284627004
"_TCAATCTAGATTAGCA-3","Glut-DACH2-HVCra-Pre","Ex_DACH2_GRIK4",0.347992942627558
"_TCAATCTGTATCGTGT-3","Glut-DACH2-2","Ex_DACH2_LHX2",0.509770087073863
"_TCAATTCCAGATACCT-3","Glut-DACH2-HVCra","Ex_SATB2_SOX6",0.340790304314854
"_TCACACCAGGGCATGT-3","Glut-DACH2-HVCra-Pre","Ex_DACH2_MGAT4C",0.297518453006488
"_TCACACCCAGGTGTGA-3","Glut-DACH2-HVCra-Pre","Ex_DACH2_GRIK4",0.65701116819472
"_TCACACCGTCGACGCT-3","Glut-DACH2-HVCra","Ex_SATB2_SOX6",0.419287355945641
"_TCACACCGTGTTTCTT-3","Glut-DACH2-2","Ex_DACH2_MGAT4C",0.257794881936995
"_TCACACCTCTTGAACG-3","Glut-DACH2-HVCx","Ex_SATB2_SOX6",0.24020716321083
"_TCACATTAGGTACTGG-3","Glut-DACH2-HVCra","Ex_DACH2_MGAT4C",0.278601849001578
"_TCACGCTCACGTCATA-3","Glut-DACH2-HVCra","Ex_DACH2_MGAT4C",0.235202866498157
"_TCACGCTGTATGTCTG-3","Glut-DACH2-HVCra","Ex_DACH2_MGAT4C",0.201479880200917
"_TCACGCTGTGATATAG-3","Glut-DACH2-HVCra","Ex_SATB2_SOX6",0.369697734189748
"_TCACGGGAGATAACGT-3","Glut-DACH2-HVCra-Pre","Ex_DACH2_MGAT4C",0.319813073624187
"_TCACGGGGTCGAATGG-3","Glut-DACH2-HVCra","Ex_DACH2_GRIK4",0.190949381909612
"_TCACGGGGTTCATCGA-3","Glut-DACH2-HVCra-Pre","Ex_DACH2_LHX2",0.393938950835639
"_TCACTATCATGAGAAT-3","Glut-DACH2-2","Ex_DACH2_LHX2",0.393653049856034
"_TCACTATGTTCCGCGA-3","Glut-DACH2-HVCra-Pre","Ex_DACH2_GRIK4",0.249872278487806
"_TCACTCGCAGGTTCCG-3","Glut-DACH2-HVCx","Ex_SATB2_SOX6",0.251427780468936
"_TCAGCAAAGATTGATG-3","Glut-DACH2-HVCra-Pre","Ex_DACH2_MGAT4C",0.329821088623093
"_TCAGCAAAGCTGTGCC-3","Glut-DACH2-HVCra-Pre","Ex_DACH2_GRIK4",0.258833791416771
"_TCAGCAAGTCGCATTA-3","Glut-DACH2-HVCra","Ex_DACH2_GRIK4",0.2657190169002
"_TCAGCAATCAAGATAG-3","Glut-DACH2-HVCra","Ex_SATB2_SOX6",0.475349747617212
"_TCAGCCTGTGCGACAA-3","Glut-DACH2-HVCra","Ex_DACH2_GRIK4",0.195188442874122
"_TCAGGGCCAGCTGAAG-3","Glut-DACH2-HVCra","Ex_SATB2_SOX6",0.415606022697581
"_TCAGGTAAGGTCCGAA-3","Glut-DACH2-HVCra","Ex_SATB2_SOX6",0.171365057394308
"_TCAGGTATCGATGCTA-3","Glut-DACH2-HVCra","Ex_SATB2_SOX6",0.342760871465566
"_TCAGTCCCAGCTTCCT-3","Glut-DACH2-HVCra-Pre","Ex_DACH2_MGAT4C",0.294420480217776
"_TCAGTCCCATCGGCCA-3","Glut-DACH2-HVCra","Ex_SATB2_SOX6",0.353868419488875
"_TCAGTTTCACCCTGTT-3","Glut-DACH2-1","Ex_DACH2_NR4A3",0.633028567363694
"_TCATATCAGGTAGGCT-3","Glut-DACH2-HVCra-Pre","Ex_DACH2_GRIK4",0.222256550159672
"_TCATATCAGTGTCATC-3","Glut-DACH2-HVCra-Pre","Ex_DACH2_MGAT4C",0.274653927077344
"_TCATATCCATAAGATG-3","Glut-DACH2-1","Ex_DACH2_GRIK4",0.324771241284551
"_TCATATCGTAGGTCAG-3","Glut-DACH2-4","Ex_DACH2_NR4A3",0.479389774930704
"_TCATATCGTTACAGCT-3","Glut-DACH2-HVCra","Ex_SATB2_SOX6",0.442007028129184
"_TCATATCGTTGCCGAC-3","Glut-DACH2-HVCra","Ex_SATB2_SOX6",0.31296899982956
"_TCATCATAGACGTCCC-3","Glut-DACH2-7","Ex_DACH2_GRIK4",0.25976690902653
"_TCATCATAGGAATGTT-3","Glut-SATB2-1","Ex_SATB2_SOX6",0.294342346143533
"_TCATCATCACGTACAT-3","Glut-DACH2-HVCra","Ex_SATB2_SOX6",0.430449847707732
"_TCATCATCAGGAATAT-3","Glut-DACH2-HVCx","Ex_CACNA1H_LHX9",0.53887224388388
"_TCATCATGTATGGGAC-3","Glut-DACH2-3","Ex_DACH2_ITGA9",0.248274095683313
"_TCATCATGTGCCGTTG-3","Glut-DACH2-2","Ex_DACH2_LHX2",0.342994016029537
"_TCATCCGAGCTCAGAG-3","Glut-DACH2-HVCra","Ex_SATB2_SOX6",0.413335396407789
"_TCATGAGGTACCGGAA-3","Glut-DACH2-1","Ex_DACH2_GRIK4",0.547375769614416
"_TCATGAGGTGACTGAG-3","Glut-DACH2-2","Ex_DACH2_ADAMTS5",0.208308546857952
"_TCATGAGGTGCTTATG-3","Glut-DACH2-2","Ex_DACH2_GRIK4",0.283150024822844
"_TCATGAGTCGGAGTGA-3","Glut-DACH2-HVCx","Ex_DACH2_CEMIP",0.313371253243731
"_TCATGGATCTGAACGT-3","Glut-DACH2-HVCra","Ex_SATB2_SOX6",0.231114187627207
"_TCATGTTCACGTAGAG-3","Glut-DACH2-1","Ex_DACH2_LHX2",0.430251327547626
"_TCATGTTGTCCAGTTA-3","Glut-DACH2-HVCx","Ex_SATB2_FOXP2",0.218497198635967
"_TCATTACAGTGAACAT-3","Glut-DACH2-HVCra","Ex_SATB2_SOX6",0.421846293508686
"_TCATTACGTCTACAAC-3","Glut-DACH2-HVCra","Ex_SATB2_OVOA",0.200837537352597
"_TCATTCATCCGCTGTT-3","Glut-DACH2-HVCra","Ex_DACH2_GRIK4",0.238951354405747
"_TCATTCATCGTAGCTA-3","Glut-DACH2-2","Ex_DACH2_LHX2",0.551520365176242
"_TCATTGTAGCTCGTGC-3","Glut-DACH2-2","Ex_DACH2_LHX2",0.548174230421583
"_TCATTGTTCCGATGTA-3","Glut-DACH2-HVCra","Ex_DACH2_CEMIP",0.152074970866548
"_TCCACCATCGTAGGAG-3","Glut-DACH2-HVCra-Pre","Ex_DACH2_GRIK4",0.202230854774507
"_TCCACGTGTCAACATC-3","Glut-DACH2-2","Ex_DACH2_LHX2",0.405851540814739
"_TCCAGAAAGAGTTCGG-3","Glut-DACH2-HVCra","Ex_SATB2_SOX6",0.226480334791867
"_TCCAGAAAGCCACTCG-3","Glut-DACH2-HVCra","Ex_SATB2_SOX6",0.333088147694568
"_TCCAGAAGTCGTGATT-3","Glut-DACH2-HVCra-Pre","Ex_DACH2_GRIK4",0.292144568858551
"_TCCAGAATCCGAGGCT-3","Glut-DACH2-HVCra","Ex_DACH2_MGAT4C",0.210664824591759
"_TCCATCGAGCCTCATA-3","Glut-DACH2-2","Ex_DACH2_LHX2",0.381667148243464
"_TCCATCGCACGTACTA-3","Glut-DACH2-HVCra-Pre","Ex_DACH2_GRIK4",0.352136563970868
"_TCCATCGGTAACACGG-3","Glut-DACH2-HVCra-Pre","Ex_DACH2_LHX2",0.495648496627325
"_TCCATCGGTTCTCGCT-3","Glut-DACH2-HVCra","Ex_SATB2_SOX6",0.300192050442019
"_TCCATCGTCTAGAGCT-3","Glut-DACH2-HVCra","Ex_SATB2_SOX6",0.217481951970125
"_TCCATGCAGCAACCAG-3","Glut-DACH2-HVCra-Pre","Ex_DACH2_GRIK4",0.266937940586282
"_TCCATGCAGCGGATCA-3","Glut-DACH2-HVCra","Ex_DACH2_MGAT4C",0.261494296263897
"_TCCATGCAGGGCATGT-3","Glut-DACH2-HVCra","Ex_SATB2_SOX6",0.293964472004795
"_TCCATGCAGTTGCCCG-3","Glut-DACH2-HVCra","Ex_DACH2_CEMIP",0.233351059235922
"_TCCATGCCAGTCGCAC-3","Glut-DACH2-5","Ex_DACH2_ADAMTS5",0.480730833290246
"_TCCATGCGTGCATTTG-3","Glut-DACH2-HVCra-Pre","Ex_DACH2_GRIK4",0.275527471732621
"_TCCCATGTCTTCTAAC-3","Glut-DACH2-HVCra-Pre","Ex_DACH2_LHX2",0.465467070965785
"_TCCGAAAAGACATAGT-3","Glut-DACH2-HVCx","Ex_SATB2_OVOA",0.194769521111401
"_TCCGGGACAGCCGTTG-3","Glut-DACH2-HVCx","Ex_DACH2_CEMIP",0.26230603623248
"_TCCGGGACAGCTCATA-3","Glut-DACH2-HVCra-Pre","Ex_DACH2_LHX2",0.392656644077736
"_TCCGGGATCAAGTAAG-3","Glut-DACH2-HVCra-Pre","Ex_DACH2_MGAT4C",0.259597366531659
"_TCCGTGTTCCGCAACG-3","Glut-DACH2-2","Ex_DACH2_NR4A3",0.616553719200582
"_TCCTAATAGCGTGAAC-3","Glut-DACH2-HVCra","Ex_SATB2_SOX6",0.458126866134731
"_TCCTAATGTCTCACAA-3","Glut-DACH2-HVCx","Ex_DACH2_CEMIP",0.283182397056529
"_TCCTAATTCACTACTT-3","Glut-DACH2-HVCra","Ex_DACH2_CEMIP",0.148928793163631
"_TCCTCCCTCGAACGCC-3","Glut-DACH2-2","Ex_DACH2_LHX2",0.553005096269683
"_TCCTCGAAGGATTCAA-3","Glut-DACH2-2","Ex_DACH2_LHX2",0.313080487992915
"_TCCTCGAAGGCATTTC-3","Glut-DACH2-HVCra-Pre","Ex_DACH2_GRIK4",0.288009781901016
"_TCCTCTTAGCTTGTGT-3","Glut-DACH2-HVCra","Ex_DACH2_GRIK4",0.347890464749117
"_TCCTCTTAGGCTGAAC-3","Glut-DACH2-HVCra","Ex_SATB2_SOX6",0.376917247714435
"_TCCTCTTCACAGACGA-3","Glut-DACH2-HVCra-Pre","Ex_DACH2_LHX2",0.409964727081096
"_TCCTCTTTCTAGACCA-3","Glut-DACH2-HVCra","Ex_DACH2_GRIK4",0.171381496983472
"_TCCTGCAAGGCCATAG-3","Glut-DACH2-HVCra-Pre","Ex_DACH2_LHX2",0.35872744881461
"_TCCTTCTAGCGTGCCT-3","Glut-DACH2-2","Ex_DACH2_GRIK4",0.449688467245972
"_TCCTTCTAGGTCATAA-3","Glut-DACH2-HVCx","Ex_DACH2_CEMIP",0.230705824208224
"_TCCTTCTCACCTCAGG-3","Glut-DACH2-HVCra","Ex_SATB2_SOX6",0.285739205969906
"_TCCTTCTGTATTCCGA-3","Glut-DACH2-HVCra-Pre","Ex_DACH2_GRIK4",0.484552851856519
"_TCCTTCTTCATTACGG-3","Glut-DACH2-4","Ex_SATB2_FOXP2",0.184018205479296
"_TCCTTTCAGGCAGGTT-3","Glut-DACH2-HVCra","Ex_DACH2_MGAT4C",0.312245918504835
"_TCCTTTCCACATTCGA-3","Glut-DACH2-HVCra-Pre","Ex_DACH2_LHX2",0.470675375677106
"_TCCTTTCGTTGTGCAT-3","Glut-DACH2-2","Ex_DACH2_LHX2",0.201280192634684
"_TCGAACAAGAGAGTGA-3","Glut-DACH2-HVCx","Ex_SATB2_FOXP2",0.161039164347141
"_TCGAACACACTGCACG-3","Glut-DACH2-HVCra","Ex_SATB2_SOX6",0.358067205178003
"_TCGAAGTAGATGGGCT-3","Glut-DACH2-HVCra","Ex_SATB2_SOX6",0.279203544481453
"_TCGAAGTCACTACGGC-3","Glut-DACH2-HVCra","Ex_SATB2_SOX6",0.309692292854315
"_TCGAAGTCAGAGGTTG-3","Glut-DACH2-HVCra-Pre","Ex_DACH2_GRIK4",0.254891891505712
"_TCGAAGTGTGCCTAAT-3","Glut-DACH2-HVCra-Pre","Ex_DACH2_MGAT4C",0.296822012811059
"_TCGAAGTGTTCGAACT-3","Glut-DACH2-HVCra-Pre","Ex_DACH2_LHX2",0.437806479952812
"_TCGAAGTTCAAGCCTA-3","Glut-DACH2-2","Ex_DACH2_MGAT4C",0.266836061021033
"_TCGACCTAGCTTGTGT-3","Glut-DACH2-HVCra","Ex_SATB2_OVOA",0.177044122338526
"_TCGACCTGTCGCGGTT-3","Glut-DACH2-HVCx","Ex_DACH2_CEMIP",0.300282865426448
"_TCGACCTTCCATGATG-3","Glut-DACH2-HVCra","Ex_SATB2_SOX6",0.411237441838564
"_TCGATTTAGGTCACAG-3","Glut-DACH2-HVCra-Pre","Ex_DACH2_GRIK4",0.364059625604047
"_TCGATTTCACTACTTT-3","Glut-DACH2-3","Ex_DACH2_ZMAT4",0.45404795759747
"_TCGATTTCATAACCCA-3","Glut-DACH2-HVCra-Pre","Ex_DACH2_MGAT4C",0.277394064633145
"_TCGATTTCATGTTCGA-3","Glut-DACH2-HVCra","Ex_DACH2_LHX2",0.297408235086951
"_TCGCACTGTGTCTTAG-3","Glut-DACH2-HVCra-Pre","Ex_DACH2_LHX2",0.374144215766491
"_TCGCACTTCTAACGGT-3","Glut-DACH2-2","Ex_DACH2_GRIK4",0.361494862879002
"_TCGCAGGAGCCAAGTG-3","Glut-DACH2-2","Ex_DACH2_LHX2",0.475160255194449
"_TCGCAGGCACAATGCT-3","Glut-DACH2-2","Ex_DACH2_GRIK4",0.322472415492223
"_TCGCAGGTCAGGAACG-3","Glut-DACH2-HVCra","Ex_SATB2_SOX6",0.307151855511196
"_TCGCTCAAGCCATCCG-3","Glut-DACH2-HVCra","Ex_SATB2_SOX6",0.293006360765421
"_TCGCTCAAGGTACAAT-3","Glut-DACH2-4","Ex_SATB2_FOXP2",0.25758939624653
"_TCGCTCAGTACTGACT-3","Glut-DACH2-HVCra","Ex_BCL6",0.164797135749253
"_TCGCTCAGTCCAGTTA-3","Glut-DACH2-HVCra","Ex_DACH2_MGAT4C",0.216811839304274
"_TCGCTTGAGAGTTGTA-3","Glut-DACH2-HVCra-Pre","Ex_DACH2_LHX2",0.551760808765357
"_TCGCTTGAGGGCTGAT-3","Glut-DACH2-HVCx","Ex_SATB2_SOX6",0.230574188747065
"_TCGCTTGCATATCTCT-3","Glut-DACH2-HVCra-Pre","Ex_DACH2_GRIK4",0.244473042045638
"_TCGCTTGGTCTTTCTA-3","Glut-DACH2-2","Ex_DACH2_GRIK4",0.310545023534542
"_TCGCTTGTCCAATGCA-3","Glut-DACH2-HVCra","Ex_DACH2_GRIK4",0.433790375918594
"_TCGGATATCTTCTTCC-3","Glut-DACH2-HVCra","Ex_SATB2_SOX6",0.301856621541799
"_TCGGGACTCCTGGGTG-3","Glut-DACH2-2","Ex_DACH2_GRIK4",0.320823294163219
"_TCGGGACTCTCTGAGA-3","Glut-DACH2-HVCra","Ex_SATB2_SOX6",0.366747263392022
"_TCGGGACTCTGCGGGT-3","Glut-DACH2-HVCra","Ex_DACH2_GRIK4",0.24923345305795
"_TCGGGCAAGAAGGGAT-3","Glut-DACH2-HVCra","Ex_DACH2_MGAT4C",0.309798086424636
"_TCGGGCACAGGCACAA-3","Glut-DACH2-HVCra","Ex_SATB2_SOX6",0.370486287896397
"_TCGGGCATCTACACAG-3","Glut-DACH2-HVCra","Ex_DACH2_MGAT4C",0.28950953020997
"_TCGGGTGAGAGTCCGA-3","Glut-DACH2-2","Ex_DACH2_ADAMTS5",0.384422990083117
"_TCGGGTGAGGAGATAG-3","Glut-DACH2-2","Ex_DACH2_LHX2",0.52050422243885
"_TCGGGTGGTATTTCCT-3","Glut-DACH2-HVCra","Ex_SATB2_SOX6",0.307222346227558
"_TCGGGTGTCGTTTACT-3","Glut-DACH2-HVCra","Ex_DACH2_MGAT4C",0.375306494074672
"_TCGGTCTAGTAGTCAA-3","Glut-DACH2-2","Ex_DACH2_LHX2",0.429289865853788
"_TCGGTCTGTGGTTTAC-3","Glut-DACH2-HVCra-Pre","Ex_DACH2_GRIK4",0.374069969321797
"_TCGGTCTTCCCTATTA-3","Glut-DACH2-HVCra","Ex_DACH2_GRIK4",0.283758226795316
"_TCGGTCTTCGACACCG-3","Glut-DACH2-HVCra","Ex_SATB2_SOX6",0.284234683779516
"_TCGGTCTTCGAGTCCG-3","Glut-DACH2-HVCra","Ex_SATB2_SOX6",0.440867245765896
"_TCGTAGAGTTTCACAG-3","Glut-DACH2-2","Ex_DACH2_LHX2",0.533700900615844
"_TCGTCCAAGAATCGAT-3","Glut-DACH2-1","Ex_DACH2_NR4A3",0.674754537970626
"_TCGTCCAAGCGGTAAC-3","Glut-DACH2-HVCra","Ex_SATB2_SOX6",0.369370189828272
"_TCGTCCAAGGCTCTCG-3","Glut-DACH2-6","Ex_DACH2_CEMIP",0.296296058608682
"_TCGTGGGCACTGCACG-3","Glut-DACH2-HVCx","Ex_CACNA1H_LHX9",0.406151919165189
"_TCTAACTCAGGTACGA-3","Glut-DACH2-2","Ex_DACH2_ADAMTS5",0.284369524457824
"_TCTAACTGTTTGGAAA-3","Glut-DACH2-HVCra-Pre","Ex_DACH2_MGAT4C",0.268619594867085
"_TCTACATTCGACCTAA-3","Glut-DACH2-4","Ex_DACH2_ITGA9",0.252586924255479
"_TCTACCGAGAGGCGTT-3","Glut-DACH2-HVCra-Pre","Ex_DACH2_ADAMTS5",0.266150803827408
"_TCTACCGAGTACGAGC-3","Glut-DACH2-HVCra","Ex_SATB2_SOX6",0.288282681725001
"_TCTACCGGTTAACAGA-3","Glut-DACH2-HVCra-Pre","Ex_DACH2_MGAT4C",0.260003202955088
"_TCTACCGTCACTCTTA-3","Glut-DACH2-HVCra-Pre","Ex_DACH2_NR4A3",0.386749619120728
"_TCTATACTCGTGCAGC-3","Glut-DACH2-4","Ex_DACH2_CEMIP",0.203074353051422
"_TCTATCAAGTCCCGGT-3","Glut-DACH2-HVCra-Pre","Ex_DACH2_LHX2",0.506044666429116
"_TCTATCACAGGATTCT-3","Glut-DACH2-HVCra","Ex_SATB2_SOX6",0.232884970955345
"_TCTATCAGTTACACAC-3","Glut-DACH2-2","Ex_DACH2_GRIK4",0.31269617331458
"_TCTCACGGTCGAAACG-3","Glut-DACH2-2","Ex_DACH2_LHX2",0.532535792476114
"_TCTCAGCAGTTCCTGA-3","Glut-DACH2-HVCra","Ex_DACH2_GRIK4",0.307914003092785
"_TCTCAGCCAAAGGTTA-3","Glut-DACH2-HVCra","Ex_DACH2_GRIK4",0.344321000357503
"_TCTCAGCCAATTGAAG-3","Glut-DACH2-HVCra-Pre","Ex_DACH2_LHX2",0.368981745837558
"_TCTCAGCCAGCTTTCC-3","Glut-DACH2-HVCra","Ex_SATB2_SOX6",0.271752170721931
"_TCTCAGCTCAGGAACG-3","Glut-DACH2-HVCx","Ex_CACNA1H_LHX9",0.253939440142552
"_TCTCCGACAAGTGGAC-3","Glut-DACH2-HVCra","Ex_SATB2_SOX6",0.26254848568884
"_TCTCCGAGTATTGACC-3","Glut-DACH2-HVCra","Ex_SATB2_SOX6",0.332426172038324
"_TCTCCGATCTCTGACC-3","Glut-DACH2-HVCx","Ex_CACNA1H_LHX9",0.380215016879915
"_TCTGCCACATGGTGGA-3","Glut-DACH2-2","Ex_DACH2_MGAT4C",0.265698895394102
"_TCTGCCATCGGACCAC-3","Glut-DACH2-1","Ex_DACH2_MGAT4C",0.319713911944576
"_TCTGGCTAGCGTCAGA-3","Glut-DACH2-HVCra-Pre","Ex_DACH2_LHX2",0.344972049421772
"_TCTGGCTAGGCCATAG-3","Glut-DACH2-HVCra-Pre","Ex_DACH2_MGAT4C",0.201229436279215
"_TCTGGCTAGGTCATCT-3","Glut-DACH2-HVCx","Ex_CACNA1H_LHX9",0.551448675816673
"_TCTGGCTCATGTTCGA-3","Glut-DACH2-HVCra","Ex_SATB2_SOX6",0.485557368597946
"_TCTGGCTGTGGAAGTC-3","Glut-DACH2-HVCra","Ex_SATB2_SOX6",0.400663231555412
"_TCTGTCGGTACAAGTA-3","Glut-DACH2-HVCra","Ex_SATB2_SOX6",0.447643744102886
"_TCTGTCGGTCTGCAAT-3","Glut-DACH2-HVCra-Pre","Ex_DACH2_LHX2",0.557753977343382
"_TCTTAGTCAACGTAAA-3","Glut-DACH2-HVCx","Ex_DACH2_CEMIP",0.239077254975361
"_TCTTGCGCAGCATCTA-3","Glut-DACH2-HVCra","Ex_DACH2_GRIK4",0.236557531803467
"_TCTTTGACAGTAGTTC-3","Glut-DACH2-HVCra","Ex_DACH2_GRIK4",0.162309457302452
"_TCTTTGAGTCAATGGG-3","Glut-DACH2-2","Ex_DACH2_ADAMTS5",0.289292695880029
"_TCTTTGATCTGGTTGA-3","Glut-DACH2-HVCra","Ex_SATB2_SOX6",0.248843803355609
"_TGAATCGCATCAGTCA-3","Glut-DACH2-HVCra-Pre","Ex_DACH2_NR4A3",0.518996371801111
"_TGAATCGTCCGGCAAC-3","Glut-DACH2-HVCx","Ex_DACH2_CEMIP",0.338394472421697
"_TGAATCGTCTTCCGTG-3","Glut-DACH2-HVCra","Ex_SATB2_SOX6",0.27814866464558
"_TGAATGCAGTACTCGT-3","Glut-DACH2-HVCx","Ex_CACNA1H_LHX9",0.23116399362416
"_TGAATGCCAAGCTACT-3","Glut-DACH2-HVCra","Ex_SATB2_SOX6",0.291473138286986
"_TGAATGCTCTCAACGA-3","Glut-DACH2-2","Ex_DACH2_LHX2",0.401542619349803
"_TGAATGCTCTGAGAGG-3","Glut-DACH2-HVCra","Ex_SATB2_SOX6",0.259053838974428
"_TGACAGTAGCAGATAT-3","Glut-DACH2-HVCx","Ex_DACH2_CEMIP",0.312295095095222
"_TGACAGTAGCATCCCG-3","Glut-DACH2-2","Ex_DACH2_LHX2",0.376505293334112
"_TGACAGTTCAAGCCAT-3","Glut-DACH2-HVCra","Ex_SATB2_SOX6",0.184610025060511
"_TGACAGTTCAGGGTAG-3","Glut-DACH2-HVCx","Ex_SATB2_SOX6",0.310366221245678
"_TGACAGTTCGCTGATA-3","Glut-DACH2-HVCra-Pre","Ex_DACH2_MGAT4C",0.265890097015611
"_TGACCCTAGGGCCTCT-3","Glut-DACH2-HVCra-Pre","Ex_DACH2_MGAT4C",0.26366545474087
"_TGACCCTGTGTCATGT-3","Glut-DACH2-HVCra-Pre","Ex_DACH2_GRIK4",0.452457182260683
"_TGACCCTTCATACGGT-3","Glut-DACH2-HVCra","Ex_DACH2_GRIK4",0.349143750952239
"_TGACGCGAGCGTTACT-3","Glut-DACH2-HVCra","Ex_DACH2_LHX2",0.433039361639484
"_TGACGCGCAAGAGGTC-3","Glut-DACH2-HVCx","Ex_DACH2_CEMIP",0.262074996958827
"_TGACGCGCAGCGCGTT-3","Glut-DACH2-HVCra","Ex_SATB2_SOX6",0.314533808943866
"_TGACGCGCATTACTCT-3","Glut-DACH2-HVCra","Ex_SATB2_SOX6",0.23384965665775
"_TGACGCGGTATTCCGA-3","Glut-DACH2-HVCra","Ex_SATB2_SOX6",0.24453047120926
"_TGACTCCCATCAACCA-3","Glut-DACH2-HVCra","Ex_SATB2_SOX6",0.384116595500155
"_TGACTCCGTGGGTATG-3","Glut-DACH2-HVCra-Pre","Ex_DACH2_ITGA9",0.14155609223479
"_TGAGACTAGGCTTCCG-3","Glut-DACH2-HVCra-Pre","Ex_DACH2_MGAT4C",0.250144632675848
"_TGAGACTCACGCCACA-3","Glut-DACH2-HVCra","Ex_DACH2_LHX2",0.242202324854939
"_TGAGCATGTGGCAACA-3","Glut-DACH2-HVCra-Pre","Ex_DACH2_MGAT4C",0.319409825438618
"_TGAGCATTCGTAGTGT-3","Glut-DACH2-HVCra-Pre","Ex_DACH2_GRIK4",0.300346648596438
"_TGAGCGCAGCGCCCAT-3","Glut-DACH2-HVCra-Pre","Ex_SATB2_SOX6",0.280657180417882
"_TGAGCGCAGGCCATAG-3","Glut-DACH2-HVCra","Ex_DACH2_GRIK4",0.214795632019968
"_TGAGCGCGTATCGAGG-3","Glut-DACH2-HVCra","Ex_SATB2_SOX6",0.151695717281657
"_TGAGCGCGTCAGGCAA-3","Glut-DACH2-HVCra","Ex_DACH2_MGAT4C",0.179988429375037
"_TGAGCGCTCTTCTAAC-3","Glut-DACH2-HVCra","Ex_SATB2_SOX6",0.424192756733321
"_TGAGGAGTCTCTCAAT-3","Glut-DACH2-HVCx","Ex_SATB2_FOXP2",0.210002171388133
"_TGAGGGAAGCCTGAGA-3","Glut-DACH2-HVCra-Pre","Ex_DACH2_GRIK4",0.328047532860552
"_TGAGTCAAGGTCACTT-3","Glut-DACH2-HVCx","Ex_DACH2_CEMIP",0.23151541350294
"_TGAGTCATCTCCTACG-3","Glut-DACH2-HVCra-Pre","Ex_DACH2_MGAT4C",0.231132084804607
"_TGATCAGAGGGTTGCA-3","Glut-DACH2-HVCra","Ex_DACH2_MGAT4C",0.214504329750253
"_TGATCAGCAACCGCCA-3","Glut-DACH2-HVCx","Ex_CACNA1H_LHX9",0.248610987064838
"_TGATCAGGTTCCCACT-3","Glut-DACH2-2","Ex_DACH2_GRIK4",0.217295015667388
"_TGATCAGTCGGTCTGG-3","Glut-DACH2-2","Ex_DACH2_LHX2",0.362021948284242
"_TGATCTTAGATCCCAT-3","Glut-DACH2-HVCra","Ex_SATB2_SOX6",0.277976574573327
"_TGATCTTGTTGCTCCT-3","Glut-DACH2-1","Ex_DACH2_MGAT4C",0.34432181063607
"_TGATGCAAGTCGCCCA-3","Glut-DACH2-HVCra-Pre","Ex_DACH2_GRIK4",0.32125010537329
"_TGATGCATCAGCAATC-3","Glut-DACH2-2","Ex_DACH2_LHX2",0.4616707917864
"_TGATGGTGTTGTAAAG-3","Glut-DACH2-HVCx","Ex_SATB2_SOX6",0.170233326316874
"_TGATGGTTCAGTGTCA-3","Glut-DACH2-HVCra-Pre","Ex_DACH2_LHX2",0.416054001121047
"_TGATTCTCACGACGCT-3","Glut-DACH2-HVCra-Pre","Ex_DACH2_MGAT4C",0.290936824122724
"_TGATTCTGTAGAGACC-3","Glut-DACH2-HVCra-Pre","Ex_DACH2_LHX2",0.364520627978074
"_TGATTCTGTAGAGCTG-3","Glut-DACH2-7","Ex_DACH2_NR4A3",0.267889018760492
"_TGATTCTTCCGTAATG-3","Glut-DACH2-2","Ex_DACH2_MGAT4C",0.269409845271443
"_TGATTCTTCGACACTA-3","Glut-DACH2-HVCra","Ex_DACH2_LHX2",0.387330013376181
"_TGATTTCGTAAGCAAT-3","Glut-DACH2-HVCra","Ex_DACH2_MGAT4C",0.189409090383165
"_TGATTTCGTACTGCGC-3","Glut-DACH2-HVCra-Pre","Ex_DACH2_LHX2",0.396289304149264
"_TGATTTCGTCATAAAG-3","Glut-DACH2-HVCra-Pre","Ex_DACH2_MGAT4C",0.295077451261678
"_TGCACGGCAACTGTGT-3","Glut-DACH2-HVCra","Ex_DACH2_GRIK4",0.28593438795066
"_TGCACGGGTCTTGGTA-3","Glut-DACH2-HVCra","Ex_SATB2_SOX6",0.193435384263363
"_TGCAGATAGCTGGCTC-3","Glut-DACH2-HVCra","Ex_DACH2_GRIK4",0.273086659959989
"_TGCAGGCAGCAGAAAG-3","Glut-DACH2-1","Ex_DACH2_GRIK4",0.287245185406771
"_TGCAGGCAGCGTACAG-3","Glut-DACH2-2","Ex_DACH2_LHX2",0.427358134705638
"_TGCAGGCGTCTTTCTA-3","Glut-DACH2-HVCra-Pre","Ex_DACH2_LHX2",0.535311677699556
"_TGCAGTACATAACCCA-3","Glut-DACH2-HVCra","Ex_SATB2_SOX6",0.303133313868375
"_TGCAGTAGTAGGAGGG-3","Glut-DACH2-HVCra-Pre","Ex_DACH2_LHX2",0.507029329590626
"_TGCAGTATCATCGCCT-3","Glut-DACH2-2","Ex_DACH2_MGAT4C",0.217079130182981
"_TGCATCCTCTCTTCAA-3","Glut-DACH2-2","Ex_DACH2_LHX2",0.526416590722101
"_TGCATGAGTGGCTCTG-3","Glut-DACH2-HVCra","Ex_DACH2_CEMIP",0.231898004206104
"_TGCATGAGTGTAACGG-3","Glut-DACH2-1","Ex_DACH2_LHX2",0.376034824985065
"_TGCATGAGTGTGGTCC-3","Glut-DACH2-HVCra","Ex_SATB2_SOX6",0.347972271799559
"_TGCATGATCCGTTTCG-3","Glut-DACH2-2","Ex_DACH2_LHX2",0.262225564459173
"_TGCCGAGAGGACCCAA-3","Glut-DACH2-HVCra","Ex_DACH2_MGAT4C",0.258753273270658
"_TGCCGAGGTACCCGAC-3","Glut-DACH2-HVCra","Ex_SATB2_SOX6",0.368351942060252
"_TGCCGAGGTCCACGCA-3","Glut-DACH2-2","Ex_DACH2_ADAMTS5",0.27374635011172
"_TGCGACGCAAGTATCC-3","Glut-DACH2-HVCx","Ex_SATB2_FOXP2",0.203981801442677
"_TGCGACGTCTACACAG-3","Glut-DACH2-HVCra-Pre","Ex_DACH2_LHX2",0.323835491746489
"_TGCGATAAGGAAAGGT-3","Glut-DACH2-HVCx","Ex_DACH2_CEMIP",0.287068376442162
"_TGCGATAGTGCGGCTT-3","Glut-DACH2-2","Ex_DACH2_LHX2",0.508237524776212
"_TGCGATATCACATTGG-3","Glut-DACH2-HVCra-Pre","Ex_DACH2_MGAT4C",0.24875404849043
"_TGCGGCAAGTCCGCGT-3","Glut-DACH2-HVCx","Ex_DACH2_CEMIP",0.269361531736691
"_TGCGGCAGTCAAGCGA-3","Glut-DACH2-HVCra-Pre","Ex_DACH2_LHX2",0.492144933634558
"_TGCTCCAGTTATGTCG-3","Glut-DACH2-HVCra-Pre","Ex_DACH2_LHX2",0.347163555822038
"_TGCTCCAGTTGCGGAA-3","Glut-DACH2-1","Ex_DACH2_LHX2",0.301428336214911
"_TGCTCGTAGCATGCAG-3","Glut-DACH2-HVCra","Ex_SATB2_SOX6",0.40074638826791
"_TGCTCGTAGTAACGAT-3","Glut-DACH2-HVCra-Pre","Ex_DACH2_MGAT4C",0.279381662099908
"_TGCTCGTCACATAACC-3","Glut-DACH2-2","Ex_DACH2_LHX2",0.56105132952207
"_TGCTCGTGTTAGAAAC-3","Glut-DACH2-HVCx","Ex_SATB2_SOX6",0.313036601539954
"_TGCTCGTTCATGAGGG-3","Glut-DACH2-HVCra-Pre","Ex_DACH2_GRIK4",0.298550643553867
"_TGCTGAATCGAGAGAC-3","Glut-DACH2-HVCra","Ex_DACH2_GRIK4",0.205074767196934
"_TGCTGAATCTCGCTCA-3","Glut-DACH2-2","Ex_DACH2_ADAMTS5",0.263008477353027
"_TGCTTCGAGATGAACT-3","Glut-DACH2-HVCra","Ex_SATB2_SOX6",0.288564771595824
"_TGCTTCGCATGCCGGT-3","Glut-DACH2-HVCra","Ex_SATB2_SOX6",0.184223989386621
"_TGCTTGCAGCGCCTAC-3","Glut-DACH2-HVCra","Ex_SATB2_SOX6",0.474513071192665
"_TGCTTGCAGGTAGATT-3","Glut-DACH2-HVCra","Ex_SATB2_SOX6",0.245419487549559
"_TGCTTGCCACTCAAGT-3","Glut-DACH2-2","Ex_DACH2_GRIK4",0.290211661617848
"_TGCTTGCCAGAGATGC-3","Glut-DACH2-HVCra","Ex_DACH2_GRIK4",0.280222728030036
"_TGGAGAGCAATGACCT-3","Glut-DACH2-HVCra-Pre","Ex_DACH2_LHX2",0.424427134981905
"_TGGAGAGCATGCAGCC-3","Glut-DACH2-HVCx","Ex_DACH2_CEMIP",0.292368526023203
"_TGGAGAGTCTCTCCGA-3","Glut-DACH2-HVCra","Ex_SATB2_SOX6",0.383403016416139
"_TGGAGGAAGGTGCTTT-3","Glut-DACH2-HVCra","Ex_DACH2_MGAT4C",0.201373136722073
"_TGGATCAAGGACCCAA-3","Glut-DACH2-HVCra-Pre","Ex_DACH2_MGAT4C",0.227500658874834
"_TGGATCAAGGCACGAT-3","Glut-DACH2-HVCra-Pre","Ex_DACH2_LHX2",0.366001057431529
"_TGGATCACAAAGGGTC-3","Glut-DACH2-2","Ex_DACH2_MGAT4C",0.324014333569413
"_TGGATCACATGGCCCA-3","Glut-DACH2-HVCra-Pre","Ex_DACH2_LHX2",0.422051681534708
"_TGGATCAGTGAGCAGT-3","Glut-SATB2-1","Ex_SATB2_FOXP2",0.294458210262305
"_TGGCGTGAGCGTGCCT-3","Glut-DACH2-HVCra-Pre","Ex_DACH2_LHX2",0.282058719266658
"_TGGCGTGGTCGAGCTC-3","Glut-DACH2-2","Ex_DACH2_LHX2",0.560317808882381
"_TGGCGTGGTGTCTTCC-3","Glut-DACH2-HVCra-Pre","Ex_DACH2_NR4A3",0.396593686378754
"_TGGGAAGAGATTGACA-3","Glut-DACH2-HVCra","Ex_SATB2_SOX6",0.32555076542658
"_TGGGATTCAAGGCAAC-3","Glut-DACH2-HVCra","Ex_SATB2_SOX6",0.226502570647587
"_TGGGATTCAATTTCGG-3","Glut-DACH2-HVCx","Ex_CACNA1H_LHX9",0.326512178944603
"_TGGGATTCACCACATA-3","Glut-DACH2-2","Ex_DACH2_LHX2",0.38962857480979
"_TGGGCGTCAAGAGCTG-3","Glut-DACH2-HVCra","Ex_SATB2_SOX6",0.283319870394079
"_TGGGCTGCACGTCATA-3","Glut-DACH2-3","Ex_DACH2_ZMAT4",0.584177467973512
"_TGGGCTGTCACGAACT-3","Glut-DACH2-HVCx","Ex_DACH2_CEMIP",0.363301059626211
"_TGGGCTGTCGCGTGCA-3","Glut-DACH2-HVCra-Pre","Ex_DACH2_MGAT4C",0.293581551770041
"_TGGGTTAGTACTAGCT-3","Glut-DACH2-HVCx","Ex_SATB2_FOXP2",0.265318458585129
"_TGGGTTAGTGGCTTGC-3","Glut-DACH2-HVCx","Ex_CACNA1H_LHX9",0.324878553360683
"_TGGTACAAGGCATCTT-3","Glut-DACH2-2","Ex_DACH2_LHX2",0.576924548122014
"_TGGTACAAGGTAGTAT-3","Glut-DACH2-HVCra","Ex_DACH2_MGAT4C",0.172899034915384
"_TGGTACAGTATGATCC-3","Glut-DACH2-HVCra-Pre","Ex_DACH2_MGAT4C",0.280137014401742
"_TGGTACATCTCGACGG-3","Glut-DACH2-HVCra-Pre","Ex_DACH2_MGAT4C",0.330774552031082
"_TGGTAGTCATCCGAAT-3","Glut-DACH2-HVCra","Ex_SATB2_SOX6",0.238489622793398
"_TGGTAGTGTTGCTCAA-3","Glut-DACH2-HVCra","Ex_DACH2_CEMIP",0.313565900860188
"_TGGTGATAGGGTGGGA-3","Glut-DACH2-HVCra","Ex_SATB2_OVOA",0.293220010294629
"_TGGTGATAGGTCCTGC-3","Glut-DACH2-HVCra","Ex_SATB2_SOX6",0.210875061796164
"_TGGTGATCAGCTGTAT-3","Glut-DACH2-HVCra-Pre","Ex_DACH2_NR4A3",0.32111217562268
"_TGGTGATGTCGCACAC-3","Glut-DACH2-2","Ex_DACH2_GRIK4",0.239847619964099
"_TGGTGATGTTTCGGCG-3","Glut-DACH2-2","Ex_DACH2_GRIK4",0.222722626655882
"_TGTAACGCACCTTCCA-3","Glut-DACH2-HVCra","Ex_SATB2_SOX6",0.303904123362528
"_TGTAAGCAGCGAGAAA-3","Glut-DACH2-2","Ex_DACH2_LHX2",0.45095130293784
"_TGTACAGAGTTCACTG-3","Glut-DACH2-HVCra","Ex_SATB2_SOX6",0.349892178525525
"_TGTACAGCACCATAAC-3","Glut-DACH2-HVCra","Ex_SATB2_SOX6",0.393015041505802
"_TGTACAGGTGAATTAG-3","Glut-DACH2-HVCra-Pre","Ex_CACNA1H_KIT",0.197417396123541
"_TGTACAGTCCCTCGAT-3","Glut-DACH2-HVCra","Ex_DACH2_GRIK4",0.213627008982969
"_TGTAGACAGAGTATAC-3","Glut-DACH2-HVCra-Pre","Ex_DACH2_LHX2",0.355010667282383
"_TGTAGACGTGTACAGG-3","Glut-DACH2-HVCra","Ex_SATB2_OVOA",0.199637552094382
"_TGTAGACTCGAAGCAG-3","Glut-DACH2-HVCra-Pre","Ex_DACH2_GRIK4",0.279886682369242
"_TGTCAGAAGATGCTGG-3","Glut-DACH2-HVCx","Ex_DACH2_CEMIP",0.309113373277069
"_TGTCAGAAGGTTGGTG-3","Glut-DACH2-HVCra","Ex_SATB2_SOX6",0.276501943303939
"_TGTCAGACACGTAGTT-3","Glut-DACH2-HVCra","Ex_DACH2_GRIK4",0.252608233351965
"_TGTCAGACATGTTTGG-3","Glut-DACH2-2","Ex_DACH2_NR4A3",0.370441020133726
"_TGTCAGAGTGTTTGCA-3","Glut-DACH2-HVCra-Pre","Ex_DACH2_GRIK4",0.250564248522559
"_TGTCAGATCCTCACGT-3","Glut-DACH2-HVCra","Ex_DACH2_GRIK4",0.376677937746598
"_TGTCCACCAAGCGCTC-3","Glut-DACH2-2","Ex_DACH2_GRIK4",0.343064909573369
"_TGTCCACGTATGTCAC-3","Glut-DACH2-2","Ex_DACH2_GRIK4",0.382414222637486
"_TGTCCACTCTTAGCCC-3","Glut-DACH2-5","Ex_DACH2_LHX2",0.341626572644941
"_TGTCCCAAGTCCGCCA-3","Glut-DACH2-HVCra","Ex_SATB2_OVOA",0.37091698067161
"_TGTCCTGTCAACCTCC-3","Glut-DACH2-HVCra-Pre","Ex_DACH2_GRIK4",0.234452586761719
"_TGTGAGTAGGTGCCTC-3","Glut-DACH2-HVCra-Pre","Ex_DACH2_GRIK4",0.208371769967338
"_TGTGATGAGCACCAGA-3","Glut-DACH2-2","Ex_DACH2_LHX2",0.368765996885247
"_TGTGATGCATGAAGCG-3","Glut-DACH2-HVCra-Pre","Ex_DACH2_MGAT4C",0.348425635727681
"_TGTGATGGTATCGGTT-3","Glut-DACH2-HVCra-Pre","Ex_DACH2_MGAT4C",0.327641327721144
"_TGTGATGGTGAATGTA-3","Glut-DACH2-HVCra","Ex_DACH2_GRIK4",0.242131492625703
"_TGTGCGGTCAAACTGC-3","Glut-DACH2-2","Ex_DACH2_LHX2",0.550724251754086
"_TGTGCGGTCCACGTCT-3","Glut-DACH2-HVCra","Ex_SATB2_SOX6",0.430487190540616
"_TGTGGCGAGGATTTCC-3","Glut-DACH2-HVCra","Ex_SATB2_SOX6",0.401545521859032
"_TGTGGCGGTACCGCGT-3","Glut-DACH2-2","Ex_DACH2_LHX2",0.326722215857474
"_TGTGTGACAAACTGCT-3","Glut-DACH2-HVCra-Pre","Ex_DACH2_LHX2",0.304935663679426
"_TGTGTGACAATCGCGC-3","Glut-DACH2-HVCra-Pre","Ex_DACH2_GRIK4",0.268021249271781
"_TGTTACTAGTTCCATG-3","Glut-DACH2-HVCra-Pre","Ex_DACH2_LHX2",0.558737416874921
"_TGTTCATTCTCTAGGA-3","Glut-DACH2-2","Ex_DACH2_MGAT4C",0.236032080179141
"_TGTTCCGAGAGTGACC-3","Glut-DACH2-HVCra","Ex_SATB2_SOX6",0.380248052390094
"_TGTTCCGCAACAGCCC-3","Glut-DACH2-1","Ex_DACH2_LHX2",0.482815974918171
"_TGTTCCGCAGCGGATA-3","Glut-DACH2-HVCra","Ex_SATB2_SOX6",0.304186596347302
"_TGTTCCGGTCGTTCAA-3","Glut-DACH2-2","Ex_DACH2_LHX2",0.561689823202889
"_TGTTCTAGTATACAGA-3","Glut-DACH2-HVCra-Pre","Ex_DACH2_GRIK4",0.282413380029891
"_TGTTCTATCAAATGCC-3","Glut-DACH2-HVCra-Pre","Ex_DACH2_LHX2",0.39707987264316
"_TGTTCTATCATGTCAG-3","Glut-DACH2-2","Ex_DACH2_LHX2",0.552262049891653
"_TGTTCTATCGCTTACC-3","Glut-DACH2-HVCx","Ex_CACNA1H_LHX9",0.30779266006008
"_TGTTGAGCAAATCAAG-3","Glut-DACH2-4","Ex_DACH2_ITGA9",0.390076845298007
"_TGTTGGACACGTGTGC-3","Glut-DACH2-HVCra-Pre","Ex_DACH2_LHX2",0.436207833927702
"_TGTTGGATCAACTGAC-3","Glut-DACH2-HVCra","Ex_DACH2_LHX2",0.321188445682514
"_TGTTTGTCAATACCTG-3","Glut-DACH2-HVCra","Ex_DACH2_MGAT4C",0.200566776163346
"_TGTTTGTCAGATCACT-3","Glut-DACH2-HVCx","Ex_CACNA1H_LHX9",0.462369043123166
"_TGTTTGTTCCCATGGG-3","Glut-DACH2-HVCra-Pre","Ex_DACH2_MGAT4C",0.208179919568737
"_TTAATCCAGCCTGAGA-3","Glut-DACH2-HVCra-Pre","Ex_DACH2_MGAT4C",0.319086544201621
"_TTAATCCCACCTGTCT-3","Glut-DACH2-HVCra","Ex_SATB2_OVOA",0.267818739776313
"_TTAATCCCACTCCGGA-3","Glut-DACH2-HVCra","Ex_DACH2_MGAT4C",0.207161820952278
"_TTAATCCCATAACAGA-3","Glut-DACH2-2","Ex_DACH2_MGAT4C",0.252874442837734
"_TTAATCCTCAATCGGT-3","Glut-DACH2-2","Ex_DACH2_LHX2",0.323400650991629
"_TTACAGGAGGAACGAA-3","Glut-DACH2-2","Ex_DACH2_LHX2",0.436599186942169
"_TTACAGGAGTCAATCC-3","Glut-DACH2-2","Ex_DACH2_LHX2",0.467519814609362
"_TTACCATCAATCCAGT-3","Glut-DACH2-2","Ex_DACH2_GRIK4",0.31294212517706
"_TTACCGCCAGGCGAAT-3","Glut-DACH2-2","Ex_DACH2_LHX2",0.203655796342727
"_TTACCGCGTGACGTCC-3","Glut-DACH2-HVCx","Ex_CACNA1H_LHX9",0.350112797533365
"_TTACCGCGTTCCTAGA-3","Glut-DACH2-HVCra","Ex_SATB2_SOX6",0.311141985664396
"_TTACCGCTCCGCGATG-3","Glut-DACH2-HVCra-Pre","Ex_DACH2_LHX2",0.415295736845579
"_TTACCGCTCGCTTAAG-3","Glut-DACH2-HVCra","Ex_DACH2_MGAT4C",0.170685479501675
"_TTACGCCCAGCGTGAA-3","Glut-DACH2-HVCx","Ex_DACH2_CEMIP",0.315397253840685
"_TTACGCCCATGACGTT-3","Glut-DACH2-HVCra","Ex_SATB2_SOX6",0.371921412566546
"_TTACGCCTCCAGGACC-3","Glut-DACH2-HVCra","Ex_DACH2_LHX2",0.42408860905063
"_TTACGTTCAAGGTTGG-3","Glut-DACH2-1","Ex_DACH2_GRIK4",0.642825523897559
"_TTACGTTTCTTAGCTT-3","Glut-DACH2-1","Ex_DACH2_GRIK4",0.379841362810961
"_TTACTGTAGAGCATAT-3","Glut-DACH2-2","Ex_DACH2_LHX2",0.247968742543077
"_TTACTGTCAAGTTCCA-3","Glut-DACH2-2","Ex_DACH2_LHX2",0.306480474718944
"_TTACTGTCATGACAGG-3","Glut-DACH2-HVCra","Ex_DACH2_MGAT4C",0.263597429784422
"_TTAGGCAAGACGCCAA-3","Glut-DACH2-2","Ex_DACH2_LHX2",0.420275434847933
"_TTAGGCAAGCTTGTGT-3","Glut-DACH2-2","Ex_DACH2_GRIK4",0.372057771468276
"_TTAGGCAAGGCCTGAA-3","Glut-DACH2-2","Ex_DACH2_LHX2",0.387697483532891
"_TTAGGCAGTGCTCTTC-3","Glut-DACH2-HVCx","Ex_SATB2_SOX6",0.268180301282462
"_TTAGGCAGTTAGAAAC-3","Glut-DACH2-HVCx","Ex_CACNA1H_LHX9",0.174362808322289
"_TTAGGCATCGCGTGAC-3","Glut-DACH2-3","Ex_DACH2_ZMAT4",0.474305650251895
"_TTAGGGTAGCACCAGA-3","Glut-DACH2-5","Ex_DACH2_ADAMTS5",0.490092720041702
"_TTAGGGTAGCTAAACA-3","Glut-DACH2-HVCra-Pre","Ex_DACH2_LHX2",0.357290360665389
"_TTAGGGTAGGCCTTGC-3","Glut-DACH2-HVCra","Ex_SATB2_SOX6",0.184651382240064
"_TTAGGGTAGTGGGAAA-3","Glut-DACH2-3","Ex_DACH2_ZMAT4",0.33096637738157
"_TTAGGGTGTGAGGATC-3","Glut-DACH2-HVCra-Pre","Ex_DACH2_LHX2",0.54217236204713
"_TTAGGGTTCCCGAAAT-3","Glut-DACH2-HVCra","Ex_SATB2_SOX6",0.38402873052685
"_TTAGTCTAGTCCCAGC-3","Glut-DACH2-2","Ex_DACH2_ADAMTS5",0.361375655111604
"_TTATTGCAGATCCCGC-3","Glut-DACH2-HVCra","Ex_DACH2_CEMIP",0.157092077592871
"_TTATTGCAGCCGCTTG-3","Glut-DACH2-2","Ex_DACH2_NR4A3",0.311081868310863
"_TTATTGCGTCTCTCTG-3","Glut-DACH2-HVCx","Ex_DACH2_CEMIP",0.241316658459426
"_TTATTGCGTTAGCTAC-3","Glut-DACH2-HVCra-Pre","Ex_DACH2_LHX2",0.383843928939516
"_TTCAATCGTCAAGTTC-3","Glut-DACH2-HVCra-Pre","Ex_DACH2_GRIK4",0.304290106174757
"_TTCACCGAGAGCCCAA-3","Glut-DACH2-HVCra","Ex_DACH2_GRIK4",0.172407019107475
"_TTCACCGCATGACAGG-3","Glut-DACH2-HVCra","Ex_SATB2_SOX6",0.241862306950378
"_TTCACGCCAGCTGGTC-3","Glut-DACH2-HVCra","Ex_SATB2_SOX6",0.368978330567635
"_TTCACGCGTGAAGCGT-3","Glut-DACH2-HVCra","Ex_DACH2_ITGA9",0.184678996340033
"_TTCACGCTCCTCTAGC-3","Glut-DACH2-HVCx","Ex_SATB2_SOX6",0.326556110325112
"_TTCAGGACAAACCACT-3","Glut-DACH2-HVCx","Ex_DACH2_CEMIP",0.319609416490067
"_TTCATGTCAAGAAACT-3","Glut-DACH2-HVCra","Ex_SATB2_OVOA",0.224174585852173
"_TTCATGTCATGAGGGT-3","Glut-DACH2-HVCra-Pre","Ex_DACH2_LHX2",0.437671979675512
"_TTCATGTTCATGGCCG-3","Glut-DACH2-HVCra-Pre","Ex_SATB2_SOX6",0.22640976442373
"_TTCATTGAGATCACCT-3","Glut-DACH2-HVCra-Pre","Ex_DACH2_LHX2",0.376858238898416
"_TTCATTGCACAACGAG-3","Glut-DACH2-3","Ex_DACH2_ZMAT4",0.445132563494977
"_TTCATTGCACGGAAGT-3","Glut-DACH2-HVCx","Ex_DACH2_CEMIP",0.358222295561534
"_TTCATTGCACGGTCTG-3","Glut-DACH2-HVCra-Pre","Ex_DACH2_LHX2",0.552565216478163
"_TTCATTGCATGAAGCG-3","Glut-DACH2-2","Ex_DACH2_GRIK4",0.299136561748691
"_TTCATTGGTCCGGATC-3","Glut-DACH2-HVCra-Pre","Ex_DACH2_GRIK4",0.36306846530229
"_TTCATTGGTGCGAGTA-3","Glut-DACH2-HVCra","Ex_SATB2_SOX6",0.194632978640144
"_TTCATTGTCAGAACCT-3","Glut-DACH2-HVCx","Ex_DACH2_CEMIP",0.293292908916724
"_TTCATTGTCCCTTCCC-3","Glut-DACH2-HVCra","Ex_SATB2_SOX6",0.441226286510077
"_TTCCACGAGAACGTGC-3","Glut-DACH2-2","Ex_DACH2_LHX2",0.553300038269817
"_TTCCACGGTATAGCTC-3","Glut-DACH2-HVCra","Ex_DACH2_GRIK4",0.206506734858742
"_TTCCACGTCTTCTGGC-3","Glut-DACH2-HVCra","Ex_DACH2_MGAT4C",0.188310304383601
"_TTCCGGTAGGTCTACT-3","Glut-DACH2-2","Ex_DACH2_LHX2",0.437314033588595
"_TTCCGGTCAATGAAAC-3","Glut-DACH2-HVCra","Ex_SATB2_SOX6",0.28579747650691
"_TTCCGGTCAGTGCGCT-3","Glut-DACH2-HVCra","Ex_SATB2_SOX6",0.191988593115144
"_TTCCGGTGTAACCCGC-3","Glut-DACH2-1","Ex_DACH2_ADAMTS5",0.219790331927525
"_TTCCGGTTCACTCACC-3","Glut-DACH2-HVCra","Ex_SATB2_SOX6",0.295389618268872
"_TTCCGTGAGAGGATCC-3","Glut-DACH2-2","Ex_DACH2_LHX2",0.534470685177605
"_TTCCGTGCAGCGTATT-3","Glut-DACH2-HVCx","Ex_DACH2_CEMIP",0.312886550027134
"_TTCCGTGTCGACGCTG-3","Glut-DACH2-HVCx","Ex_CACNA1H_LHX9",0.423226512844069
"_TTCCGTGTCGTAACTG-3","Glut-DACH2-2","Ex_DACH2_GRIK4",0.275686081889531
"_TTCCGTGTCTACACAG-3","Glut-DACH2-HVCra","Ex_SATB2_SOX6",0.238551756195718
"_TTCCTAACAGCAGGAT-3","Glut-DACH2-2","Ex_DACH2_LHX2",0.363512180572827
"_TTCCTCTAGAGCCATG-3","Glut-DACH2-2","Ex_DACH2_LHX2",0.459179663638954
"_TTCCTCTTCATCGCTC-3","Glut-DACH2-HVCra","Ex_DACH2_MGAT4C",0.253396961846226
"_TTCCTTCAGAAACCCG-3","Glut-DACH2-HVCra-Pre","Ex_DACH2_GRIK4",0.520036808773571
"_TTCCTTCTCATACAGC-3","Glut-DACH2-HVCra","Ex_SATB2_SOX6",0.34665798958108
"_TTCCTTCTCATTTGCT-3","Glut-DACH2-HVCra","Ex_SATB2_SOX6",0.371892778343431
"_TTCCTTCTCTGTCTCG-3","Glut-DACH2-HVCra","Ex_SATB2_OVOA",0.244826335387059
"_TTCGATTAGTTACGAA-3","Glut-DACH2-HVCra-Pre","Ex_DACH2_MGAT4C",0.245441990267344
"_TTCGATTCAACCGTGC-3","Glut-DACH2-HVCra-Pre","Ex_DACH2_LHX2",0.39731227806221
"_TTCGATTGTCGTACTA-3","Glut-DACH2-2","Ex_DACH2_LHX2",0.518838026114445
"_TTCGATTTCAGCCTCT-3","Glut-DACH2-1","Ex_DACH2_GRIK4",0.266545988881799
"_TTCGCTGAGGAGCAAA-3","Glut-DACH2-HVCx","Ex_DACH2_CEMIP",0.197039260778938
"_TTCGCTGAGGTAAGTT-3","Glut-DACH2-2","Ex_DACH2_GRIK4",0.282498214247807
"_TTCGCTGCAAATACAG-3","Glut-DACH2-HVCra","Ex_SATB2_SOX6",0.197127348951091
"_TTCGCTGGTGCTGCAC-3","Glut-DACH2-HVCra-Pre","Ex_DACH2_GRIK4",0.392078088866123
"_TTCGGTCCATGAGATA-3","Glut-DACH2-HVCra-Pre","Ex_DACH2_GRIK4",0.405134558534345
"_TTCGGTCGTGATCATC-3","Glut-DACH2-HVCra","Ex_DACH2_GRIK4",0.36070639610627
"_TTCTAACAGGCCGCTT-3","Glut-DACH2-1","Ex_DACH2_ITGA9",0.280228985960901
"_TTCTAACCACGTGAGA-3","Glut-DACH2-2","Ex_DACH2_GRIK4",0.274936588983683
"_TTCTAACGTAGACACG-3","Glut-DACH2-2","Ex_DACH2_GRIK4",0.302641565995845
"_TTCTAACGTCGCATGC-3","Glut-DACH2-HVCra-Pre","Ex_DACH2_ADAMTS5",0.295081458871668
"_TTCTAACGTCGGTGAA-3","Glut-DACH2-HVCx","Ex_CACNA1H_LHX9",0.390449005450454
"_TTCTAACTCTGAGCAT-3","Glut-DACH2-HVCx","Ex_DACH2_CEMIP",0.358833294376296
"_TTCTAGTAGGCTCCCA-3","Glut-DACH2-HVCra","Ex_SATB2_SOX6",0.350621892630774
"_TTCTAGTGTGGCAGAT-3","Glut-DACH2-2","Ex_DACH2_LHX2",0.518439477866517
"_TTCTAGTGTGGGAGAG-3","Glut-DACH2-HVCra","Ex_SATB2_SOX6",0.241063633653599
"_TTCTCTCAGCGACTTT-3","Glut-DACH2-HVCra","Ex_SATB2_OVOA",0.302727739916538
"_TTCTCTCGTACGACAG-3","Glut-DACH2-HVCx","Ex_CACNA1H_LHX9",0.308274595617994
"_TTCTCTCTCTTAGCAG-3","Glut-DACH2-2","Ex_DACH2_GRIK4",0.267268873518523
"_TTCTGTACACAAATCC-3","Glut-DACH2-HVCx","Ex_DACH2_CEMIP",0.298473747148856
"_TTCTTCCCATGTTCGA-3","Glut-DACH2-HVCra-Pre","Ex_DACH2_LHX2",0.309869610927213
"_TTCTTCCGTAGGATAT-3","Glut-DACH2-HVCra","Ex_SATB2_SOX6",0.383077789517198
"_TTCTTGACAGAGCTAG-3","Glut-DACH2-HVCra-Pre","Ex_DACH2_LHX2",0.533403280144077
"_TTCTTGAGTAACGTTC-3","Glut-DACH2-HVCra-Pre","Ex_DACH2_GRIK4",0.303896163056825
"_TTCTTGAGTCCAGTTA-3","Glut-DACH2-2","Ex_DACH2_MGAT4C",0.219462441355629
"_TTCTTGATCCGGACTG-3","Glut-DACH2-2","Ex_DACH2_GRIK4",0.301439605227236
"_TTCTTGATCCTACCGT-3","Glut-DACH2-HVCra-Pre","Ex_DACH2_MGAT4C",0.244031292035415
"_TTCTTGATCTCATGGA-3","Glut-DACH2-HVCra","Ex_SATB2_SOX6",0.414688501199946
"_TTGACCCAGAAACCAT-3","Glut-DACH2-2","Ex_DACH2_GRIK4",0.315075938522875
"_TTGACCCAGATGTTCC-3","Glut-DACH2-4","Ex_DACH2_CEMIP",0.252949293388596
"_TTGACCCAGCGGCTCT-3","Glut-DACH2-HVCra","Ex_SATB2_SOX6",0.401956728385034
"_TTGACCCGTCCACTCT-3","Glut-DACH2-HVCra","Ex_SATB2_SOX6",0.335029150707787
"_TTGAGTGCAAGAGAGA-3","Glut-DACH2-HVCra-Pre","Ex_DACH2_GRIK4",0.236240038851156
"_TTGAGTGCAATCTGCA-3","Glut-DACH2-HVCra","Ex_SATB2_SOX6",0.256044186687904
"_TTGAGTGTCTCTGCTG-3","Glut-DACH2-HVCx","Ex_DACH2_CEMIP",0.346673634113623
"_TTGATGGAGAGAGCGG-3","Glut-DACH2-HVCra-Pre","Ex_DACH2_GRIK4",0.279993195608517
"_TTGATGGAGCAATAGT-3","Glut-DACH2-HVCra","Ex_SATB2_SOX6",0.398933209417217
"_TTGATGGAGCCGTCGT-3","Glut-DACH2-HVCra-Pre","Ex_DACH2_MGAT4C",0.259964242603651
"_TTGATGGAGGAACTCG-3","Glut-DACH2-HVCra-Pre","Ex_DACH2_LHX2",0.386037791698304
"_TTGATGGAGGGCAAGG-3","Glut-DACH2-2","Ex_DACH2_LHX2",0.44524380645792
"_TTGATGGCACAGCCTG-3","Glut-DACH2-1","Ex_DACH2_MGAT4C",0.345981578427525
"_TTGATGGCACGTACAT-3","Glut-DACH2-HVCra","Ex_DACH2_MGAT4C",0.271679156987855
"_TTGATGGGTATGATCC-3","Glut-DACH2-HVCra","Ex_DACH2_GRIK4",0.173690193660987
"_TTGCATTCACTAACCA-3","Glut-DACH2-HVCx","Ex_CACNA1H_LHX9",0.34856064622364
"_TTGCGTCAGGGCAACT-3","Glut-DACH2-2","Ex_DACH2_LHX2",0.509886615603515
"_TTGCGTCCAACTGGTT-3","Glut-DACH2-HVCra-Pre","Ex_DACH2_MGAT4C",0.235790138309807
"_TTGCGTCCACAAGTGG-3","Glut-DACH2-HVCra","Ex_SATB2_SOX6",0.223578704809409
"_TTGCGTCTCATCGGGC-3","Glut-DACH2-HVCra","Ex_SATB2_FOXP2",0.245671298848554
"_TTGCTGCAGTCGCTAT-3","Glut-DACH2-HVCra-Pre","Ex_DACH2_LHX2",0.46956995889435
"_TTGGATGAGACACACG-3","Glut-DACH2-2","Ex_DACH2_LHX2",0.547962608693345
"_TTGGATGAGAGGGTCT-3","Glut-DACH2-HVCx","Ex_SATB2_SOX6",0.279098788386665
"_TTGGGATCATGGAAGC-3","Glut-DACH2-1","Ex_DACH2_NR4A3",0.539622563752701
"_TTGGGCGAGTTCAACC-3","Glut-DACH2-1","Ex_DACH2_MGAT4C",0.220080432454646
"_TTGGGCGGTTGTGCCG-3","Glut-DACH2-HVCra","Ex_SATB2_SOX6",0.386019949908198
"_TTGGGCGTCAATCCAG-3","Glut-DACH2-HVCra-Pre","Ex_DACH2_ADAMTS5",0.294380239648268
"_TTGGGCGTCCGATGCG-3","Glut-DACH2-HVCra-Pre","Ex_DACH2_LHX2",0.465991377600067
"_TTGGGTAAGGCTTAGG-3","Glut-DACH2-HVCra","Ex_DACH2_GRIK4",0.357584614284253
"_TTGGTTTAGACTCATC-3","Glut-DACH2-HVCx","Ex_DACH2_CEMIP",0.23768064663334
"_TTGGTTTAGCTGACTT-3","Glut-DACH2-HVCx","Ex_DACH2_CEMIP",0.266686580063688
"_TTGGTTTGTGCTAGCC-3","Glut-DACH2-HVCra","Ex_SATB2_SOX6",0.316584971503661
"_TTGGTTTGTTCGTACA-3","Glut-DACH2-HVCx","Ex_DACH2_CEMIP",0.23373445697731
"_TTGGTTTTCGAACCTA-3","Glut-DACH2-HVCra","Ex_SATB2_SOX6",0.482985579704279
"_TTGTGGAAGTATCTGC-3","Glut-DACH2-HVCra-Pre","Ex_DACH2_GRIK4",0.224838727963612
"_TTGTGGATCCCAGGCA-3","Glut-DACH2-2","Ex_DACH2_LHX2",0.314565067277221
"_TTGTGGATCGTTCTCG-3","Glut-DACH2-HVCra","Ex_DACH2_MGAT4C",0.16386787885297
"_TTGTGTTAGCGGGTAT-3","Glut-DACH2-2","Ex_DACH2_NR4A3",0.246075266384877
"_TTGTGTTGTGATGTAA-3","Glut-DACH2-HVCra","Ex_SATB2_SOX6",0.389614038459822
"_TTGTGTTGTGTCTTAG-3","Glut-DACH2-2","Ex_DACH2_LHX2",0.509618360142362
"_TTGTGTTTCCGAGGCT-3","Glut-DACH2-HVCra","Ex_SATB2_SOX6",0.396510244547
"_TTGTTCATCACCTCAC-3","Glut-DACH2-2","Ex_DACH2_LHX2",0.517820832514815
"_TTGTTGTAGGCGATAC-3","Glut-DACH2-5","Ex_DACH2_GRIK4",0.338834950041432
"_TTGTTGTCAAACCACT-3","Glut-DACH2-HVCra-Pre","Ex_DACH2_MGAT4C",0.279040936339355
"_TTGTTGTCAGGATCTT-3","Glut-DACH2-2","Ex_DACH2_NR4A3",0.376681215017198
"_TTGTTGTGTATGCTTG-3","Glut-DACH2-HVCra-Pre","Ex_DACH2_LHX2",0.288669329109236
"_TTGTTTGCAACCGTAT-3","Glut-DACH2-HVCra-Pre","Ex_DACH2_MGAT4C",0.311763549147684
"_TTGTTTGTCGTAGAGG-3","Glut-DACH2-HVCra-Pre","Ex_DACH2_MGAT4C",0.286410695578899
"_TTTACCAGTGACAGCA-3","Glut-DACH2-HVCx","Ex_CACNA1H_LHX9",0.272490390326281
"_TTTACGTAGGATATGT-3","Glut-DACH2-2","Ex_DACH2_ADAMTS5",0.250598609558767
"_TTTACGTGTGAATAAC-3","Glut-DACH2-2","Ex_DACH2_GRIK4",0.32010079449776
"_TTTACGTTCCTCTGCA-3","Glut-DACH2-HVCra","Ex_DACH2_MGAT4C",0.226569200561942
"_TTTACTGGTCCGATCG-3","Glut-DACH2-HVCx","Ex_DACH2_CEMIP",0.324306424930728
"_TTTACTGGTGCCTAAT-3","Glut-DACH2-HVCra","Ex_DACH2_LHX2",0.239752692264389
"_TTTACTGGTGGTACAG-3","Glut-DACH2-HVCra","Ex_SATB2_SOX6",0.370976155138769
"_TTTACTGTCTTCGGAA-3","Glut-DACH2-2","Ex_DACH2_LHX2",0.281683825025666
"_TTTAGTCAGTAGAATC-3","Glut-DACH2-2","Ex_DACH2_LHX2",0.274087030695487
"_TTTAGTCAGTGAGTGC-3","Glut-DACH2-HVCra","Ex_SATB2_SOX6",0.302808837358434
"_TTTAGTCCATACTTTC-3","Glut-DACH2-HVCra-Pre","Ex_DACH2_GRIK4",0.273098017053717
"_TTTATGCGTGATTCTG-3","Glut-DACH2-HVCra-Pre","Ex_DACH2_GRIK4",0.374764549557362
"_TTTATGCTCATTATCC-3","Glut-DACH2-1","Ex_DACH2_GRIK4",0.42638260784562
"_TTTCACAAGGACAGCT-3","Glut-DACH2-1","Ex_DACH2_NR4A3",0.418454936912585
"_TTTCAGTAGCCACCGT-3","Glut-DACH2-2","Ex_DACH2_LHX2",0.313489308271461
"_TTTCAGTAGGACAACC-3","Glut-DACH2-7","Ex_DACH2_LHX2",0.452436322997697
"_TTTCAGTCACAAAGTA-3","Glut-DACH2-HVCra-Pre","Ex_DACH2_ITGA9",0.200793461550718
"_TTTCAGTGTATGATCC-3","Glut-DACH2-1","Ex_DACH2_GRIK4",0.435339041204514
"_TTTCAGTGTGATGTAA-3","Glut-DACH2-HVCra-Pre","Ex_DACH2_MGAT4C",0.348133325200344
"_TTTCAGTGTGGCCACT-3","Glut-DACH2-5","Ex_DACH2_LHX2",0.439075227941419
"_TTTCATGAGTAGGCCA-3","Glut-DACH2-HVCx","Ex_CACNA1H_LHX9",0.391895861539156
"_TTTCATGCACAGTATC-3","Glut-DACH2-2","Ex_DACH2_NR4A3",0.236007870736748
"_TTTCATGCACATTACG-3","Glut-DACH2-HVCra","Ex_SATB2_SOX6",0.43568125352083
"_TTTCCTCAGCCTGAAG-3","Glut-DACH2-HVCra-Pre","Ex_DACH2_MGAT4C",0.355179463197836
"_TTTCCTCAGTCGAGGT-3","Glut-DACH2-HVCx","Ex_DACH2_CEMIP",0.292591883921292
"_TTTGACTAGCGATGCA-3","Glut-DACH2-HVCx","Ex_DACH2_CEMIP",0.24754840758562
"_TTTGACTGTCTAACTG-3","Glut-DACH2-3","Ex_DACH2_ZMAT4",0.371655240837401
"_TTTGACTGTTCCATTT-3","Glut-DACH2-HVCra","Ex_SATB2_SOX6",0.336963929952352
"_TTTGATCAGTATGGAT-3","Glut-DACH2-4","Ex_DACH2_CEMIP",0.197558176769373
"_TTTGGAGAGATCGCTT-3","Glut-DACH2-HVCra","Ex_SATB2_SOX6",0.497724825533201
"_TTTGGAGAGCGATCGA-3","Glut-DACH2-2","Ex_DACH2_GRIK4",0.336081948171376
"_TTTGGAGTCTAGCATG-3","Glut-DACH2-2","Ex_DACH2_LHX2",0.480895487403009
"_TTTGGTTAGAGCTTTC-3","Glut-DACH2-HVCra","Ex_SATB2_SOX6",0.193640714847323
"_TTTGGTTAGCCTTTCC-3","Glut-DACH2-HVCra-Pre","Ex_DACH2_GRIK4",0.287695056131277
"_TTTGGTTAGGATACGC-3","Glut-DACH2-HVCra","Ex_DACH2_CEMIP",0.259700521748421
"_TTTGGTTCAATTGAAG-3","Glut-DACH2-HVCra-Pre","Ex_DACH2_GRIK4",0.30023285567989
"_TTTGGTTTCTCGCTCA-3","Glut-DACH2-HVCra-Pre","Ex_DACH2_ADAMTS5",0.228727134141518
"_TTTGTTGTCGATTCCC-3","Glut-DACH2-2","Ex_DACH2_NR4A3",0.381653647076752
"_AAACCCACAAGCGCTC-4","Glut-DACH2-2","Ex_DACH2_ADAMTS5",0.477134614125381
"_AAACCCACACTTCAAG-4","Glut-DACH2-4","Ex_DACH2_ITGA9",0.205637459690771
"_AAACGAAGTCGCACGT-4","Glut-DACH2-2","Ex_DACH2_ADAMTS5",0.262799235876269
"_AAACGCTAGCGATTCT-4","Glut-DACH2-1","Ex_DACH2_GRIK4",0.30418581176534
"_AAACGCTAGTTGTAGA-4","Glut-DACH2-3","Ex_DACH2_SLIT2",0.792750653944908
"_AAACGCTTCGAAGCCC-4","Glut-DACH2-3","Ex_DACH2_ZMAT4",0.358606660395715
"_AAAGAACCAGACTGCC-4","Glut-DACH2-3","Ex_DACH2_ZMAT4",0.525512310505417
"_AAAGAACTCGACACCG-4","Glut-DACH2-3","Ex_DACH2_SLIT2",0.352309136283391
"_AAAGAACTCTTTCAGT-4","Glut-DACH2-HVCra-Pre","Ex_DACH2_ADAMTS5",0.394588533010963
"_AAAGGATAGTTGGCTT-4","Glut-DACH2-2","Ex_DACH2_GRIK4",0.276480079980067
"_AAAGGATCAGGTTTAC-4","Glut-DACH2-3","Ex_DACH2_SLIT2",0.794618610286246
"_AAAGGGCAGATTGTGA-4","Glut-DACH2-3","Ex_DACH2_SLIT2",0.748562858490479
"_AAAGGGCGTAGGAAAG-4","Glut-DACH2-3","Ex_DACH2_SLIT2",0.450324764129313
"_AAAGGTAAGCACTCAT-4","Glut-DACH2-7","Ex_DACH2_ADAMTS5",0.322622008575125
"_AAAGGTAAGTTGCCCG-4","Glut-DACH2-3","Ex_DACH2_SLIT2",0.795039522908415
"_AAAGGTACAAACACGG-4","Glut-DACH2-1","Ex_DACH2_LHX2",0.416800676815134
"_AAAGTCCCAGGCACAA-4","Glut-DACH2-1","Ex_DACH2_MGAT4C",0.300329045395935
"_AAAGTGAAGTGGATTA-4","Glut-DACH2-5","Ex_DACH2_ADAMTS5",0.380043020818696
"_AAATGGAAGTGACACG-4","Glut-DACH2-2","Ex_DACH2_ADAMTS5",0.254716197105157
"_AACAAAGAGCAATAGT-4","Glut-DACH2-4","Ex_DACH2_ZMAT4",0.294773901163431
"_AACAAAGCAAAGCGTG-4","Glut-DACH2-3","Ex_DACH2_SLIT2",0.651970050495294
"_AACAACCGTCGCCACA-4","Glut-DACH2-1","Ex_DACH2_MGAT4C",0.309613687208066
"_AACAAGAAGGTCACTT-4","Glut-DACH2-4","Ex_DACH2_NR4A3",0.399512580596746
"_AACACACAGAGCTGAC-4","Glut-DACH2-1","Ex_DACH2_GRIK4",0.409727578701254
"_AACAGGGAGTAAATGC-4","Glut-DACH2-3","Ex_DACH2_GRIK4",0.290235622071467
"_AACAGGGCACATTACG-4","Glut-DACH2-2","Ex_DACH2_ADAMTS5",0.352537746772178
"_AACAGGGCAGATTAAG-4","Glut-DACH2-5","Ex_DACH2_ADAMTS5",0.499325205157482
"_AACAGGGTCTCGCCTA-4","Glut-DACH2-1","Ex_DACH2_GRIK4",0.397525087269716
"_AACCAACCACTTGTGA-4","Glut-DACH2-2","Ex_DACH2_GRIK4",0.251088184839657
"_AACCAACTCGCTGATA-4","Glut-DACH2-1","Ex_DACH2_ADAMTS5",0.307831496839479
"_AACCATGAGACCAGAC-4","Glut-DACH2-1","Ex_DACH2_MGAT4C",0.263182180987289
"_AACCATGAGACTAGAT-4","Glut-DACH2-4","Ex_DACH2_ITGA9",0.361853933319499
"_AACCATGCACGGAAGT-4","Glut-DACH2-2","Ex_DACH2_ADAMTS5",0.473928025691654
"_AACCCAATCGTAGTGT-4","Glut-DACH2-3","Ex_DACH2_ZMAT4",0.500116740511865
"_AACCTGAAGACTCGAG-4","Glut-DACH2-4","Ex_DACH2_CEMIP",0.329387341372571
"_AACCTTTCAACTACGT-4","Glut-DACH2-1","Ex_DACH2_GRIK4",0.425949672176949
"_AACCTTTGTCTGTTAG-4","Glut-DACH2-2","Ex_DACH2_MGAT4C",0.238061169650694
"_AACCTTTTCAAGATAG-4","Glut-DACH2-3","Ex_DACH2_ZMAT4",0.663919641255905
"_AACCTTTTCTGGTTGA-4","Glut-DACH2-2","Ex_DACH2_ADAMTS5",0.417206322877984
"_AACGAAAAGGAAGTAG-4","Glut-DACH2-5","Ex_DACH2_ADAMTS5",0.537032253807634
"_AACGAAAGTCAGTCGC-4","Glut-DACH2-3","Ex_DACH2_ZMAT4",0.360933759110818
"_AACGAAAGTTGCATGT-4","Glut-DACH2-2","Ex_DACH2_MGAT4C",0.238355323034048
"_AACGAAATCAACGCTA-4","Glut-DACH2-3","Ex_DACH2_SLIT2",0.564654981992943
"_AACGAAATCACTTATC-4","Glut-DACH2-1","Ex_DACH2_NR4A3",0.588791421254817
"_AACGGGAAGGCTAGCA-4","Glut-DACH2-1","Ex_DACH2_NR4A3",0.623930616345674
"_AACGGGATCAAGTTGC-4","Glut-DACH2-1","Ex_DACH2_MGAT4C",0.31189777287639
"_AACGTCAAGGAACGCT-4","Glut-DACH2-1","Ex_DACH2_MGAT4C",0.335215889192111
"_AACGTCACAAGTGGAC-4","Glut-DACH2-3","Ex_DACH2_ZMAT4",0.450639325631309
"_AACGTCACACAGAGAC-4","Glut-DACH2-2","Ex_DACH2_LHX2",0.3795919307281
"_AACTTCTGTCTCAGAT-4","Glut-DACH2-2","Ex_DACH2_ADAMTS5",0.382965288708042
"_AAGAACAAGGTCCGAA-4","Glut-DACH2-3","Ex_DACH2_SLIT2",0.593314450589491
"_AAGACAACAAGGCCTC-4","Glut-DACH2-1","Ex_DACH2_MGAT4C",0.326434875960145
"_AAGACAACAGAGATGC-4","Glut-DACH2-2","Ex_DACH2_GRIK4",0.29961559853191
"_AAGACAACATGGGCAA-4","Glut-DACH2-1","Ex_DACH2_MGAT4C",0.331236752652431
"_AAGACAAGTGACTCGC-4","Glut-DACH2-4","Ex_DACH2_ITGA9",0.260615367864506
"_AAGACAATCACCTTAT-4","Glut-DACH2-2","Ex_DACH2_ADAMTS5",0.303768154739538
"_AAGACAATCTTCCACG-4","Glut-DACH2-1","Ex_DACH2_LHX2",0.302793593141277
"_AAGACTCTCCTGTTGC-4","Glut-DACH2-2","Ex_DACH2_ADAMTS5",0.298110376225974
"_AAGCATCAGTGAGGCT-4","Glut-DACH2-3","Ex_DACH2_ZMAT4",0.466170150343587
"_AAGCATCCAAGTGCAG-4","Glut-DACH2-1","Ex_DACH2_NR4A3",0.47749633382234
"_AAGCATCCAATAGAGT-4","Glut-DACH2-2","Ex_DACH2_ADAMTS5",0.310032277739187
"_AAGCATCCATAGGTAA-4","Glut-DACH2-1","Ex_DACH2_GRIK4",0.354024336225895
"_AAGCATCGTCAACCTA-4","Glut-DACH2-1","Ex_DACH2_GRIK4",0.240781386017255
"_AAGCATCGTTAAGACA-4","Glut-DACH2-3","Ex_DACH2_SLIT2",0.393228256557731
"_AAGCATCTCATGGGAG-4","Glut-DACH2-2","Ex_DACH2_ADAMTS5",0.28930123552062
"_AAGCCATAGCCGGATA-4","Glut-DACH2-2","Ex_DACH2_GRIK4",0.262698873286904
"_AAGCCATCAACACACT-4","Glut-DACH2-2","Ex_DACH2_LHX2",0.563943214357248
"_AAGCCATTCGATTTCT-4","Glut-DACH2-4","Ex_DACH2_ITGA9",0.268153400216073
"_AAGCCATTCGGAACTT-4","Glut-DACH2-5","Ex_DACH2_ADAMTS5",0.46318225622864
"_AAGCCATTCTCTGACC-4","Glut-DACH2-1","Ex_DACH2_GRIK4",0.336259423116437
"_AAGCGAGAGAGGTTAT-4","Glut-DACH2-3","Ex_DACH2_SLIT2",0.809651466748169
"_AAGCGAGAGTAACAGT-4","Glut-DACH2-4","Ex_DACH2_ITGA9",0.283104004711351
"_AAGCGAGCAACTGGTT-4","Glut-DACH2-1","Ex_DACH2_MGAT4C",0.349328999289011
"_AAGGAATGTGTAACGG-4","Glut-DACH2-3","Ex_DACH2_SLIT2",0.59993568794773
"_AAGGTAAAGATACAGT-4","Glut-DACH2-4","Ex_DACH2_ITGA9",0.366400503562531
"_AAGTACCAGTCCTACA-4","Glut-DACH2-3","Ex_DACH2_SLIT2",0.844507663150117
"_AAGTACCCAATCCAGT-4","Glut-DACH2-3","Ex_DACH2_SLIT2",0.720061313929329
"_AAGTACCGTATGAGCG-4","Glut-DACH2-4","Ex_DACH2_ITGA9",0.270477049087126
"_AAGTACCTCGGCACTG-4","Glut-DACH2-1","Ex_DACH2_MGAT4C",0.265461238607982
"_AAGTACCTCTCGGTCT-4","Glut-DACH2-3","Ex_DACH2_SLIT2",0.763438520984111
"_AAGTCGTCATCTTTCA-4","Glut-DACH2-1","Ex_DACH2_MGAT4C",0.304170160696396
"_AAGTGAAAGAAAGCGA-4","Glut-DACH2-1","Ex_DACH2_GRIK4",0.347616929549507
"_AAGTGAAAGATGGTCG-4","Glut-DACH2-1","Ex_DACH2_LHX2",0.520419127570293
"_AAGTGAATCCCGTTGT-4","Glut-DACH2-3","Ex_DACH2_SLIT2",0.51073131013046
"_AATAGAGCAGAAGTTA-4","Glut-DACH2-4","Ex_DACH2_ITGA9",0.286406213201268
"_AATAGAGCAGTTAAAG-4","Glut-DACH2-1","Ex_DACH2_GRIK4",0.315101210928329
"_AATAGAGCATCGTCCT-4","Glut-DACH2-3","Ex_DACH2_SLIT2",0.639379424962216
"_AATAGAGGTTACACAC-4","Glut-DACH2-1","Ex_DACH2_NR4A3",0.314426755054066
"_AATAGAGGTTAGTTCG-4","Glut-DACH2-3","Ex_DACH2_SLIT2",0.359802140890505
"_AATCACGAGGGCCTCT-4","Glut-DACH2-1","Ex_DACH2_GRIK4",0.316425743814408
"_AATCGACAGGTGCAGT-4","Glut-DACH2-3","Ex_DACH2_SLIT2",0.789961129894641
"_AATCGACAGTGAGGCT-4","Glut-DACH2-3","Ex_DACH2_SLIT2",0.65793161941369
"_AATCGACGTGTATCCA-4","Glut-DACH2-5","Ex_DACH2_ADAMTS5",0.382788705954367
"_AATCGTGCATCTTTCA-4","Glut-DACH2-1","Ex_DACH2_MGAT4C",0.35360336575859
"_AATCGTGGTGAACGGT-4","Glut-DACH2-1","Ex_DACH2_MGAT4C",0.309016774270195
"_AATGAAGCAGACCAGA-4","Glut-DACH2-3","Ex_DACH2_SLIT2",0.379676567109273
"_AATGAAGCATTGAGCT-4","Glut-DACH2-2","Ex_DACH2_LHX2",0.255892160335129
"_AATGAAGGTGTTCCTC-4","Glut-DACH2-3","Ex_DACH2_ZMAT4",0.67467535500511
"_AATGAAGTCCAGCAAT-4","Glut-DACH2-3","Ex_DACH2_ITGA9",0.295798439702184
"_AATGACCTCACCGACG-4","Glut-DACH2-1","Ex_DACH2_NR4A3",0.704104018127969
"_AATGACCTCTCAGAAC-4","Glut-DACH2-1","Ex_DACH2_MGAT4C",0.342501213289785
"_AATGCCAAGTACTCGT-4","Glut-DACH2-3","Ex_DACH2_ADAMTS5",0.345937143143924
"_AATGCCAAGTTCGCAT-4","Glut-DACH2-1","Ex_DACH2_GRIK4",0.349612475471088
"_AATGGAAAGATAGCTA-4","Glut-DACH2-2","Ex_DACH2_LHX2",0.319810631671048
"_AATGGAAAGATCCTAC-4","Glut-DACH2-5","Ex_DACH2_ADAMTS5",0.399653380209776
"_AATGGAACAACAAAGT-4","Glut-DACH2-1","Ex_DACH2_MGAT4C",0.199688957290405
"_AATGGAATCCTAGCCT-4","Glut-DACH2-2","Ex_DACH2_GRIK4",0.267300094481913
"_AATGGCTCACGGCACT-4","Glut-DACH2-2","Ex_DACH2_LHX2",0.254764691829276
"_AATGGCTTCGTGGAAG-4","Glut-DACH2-3","Ex_DACH2_SLIT2",0.59640268260418
"_AATGGCTTCTTAAGGC-4","Glut-DACH2-2","Ex_DACH2_ADAMTS5",0.38807064629695
"_AATTTCCAGTATAACG-4","Glut-DACH2-2","Ex_DACH2_GRIK4",0.256398728186997
"_AATTTCCCAGACACCC-4","Glut-DACH2-4","Ex_DACH2_ITGA9",0.320246066284935
"_AATTTCCTCATTTCGT-4","Glut-DACH2-1","Ex_DACH2_MGAT4C",0.346952348168368
"_ACAAAGATCCAAGAGG-4","Glut-DACH2-4","Ex_DACH2_ITGA9",0.355262783240613
"_ACAACCACATAGAAAC-4","Glut-DACH2-5","Ex_DACH2_GRIK4",0.323854259763422
"_ACAAGCTCAAGAGCTG-4","Glut-DACH2-1","Ex_DACH2_GRIK4",0.24526630661646
"_ACAAGCTCAGTAGAGC-4","Glut-DACH2-1","Ex_DACH2_GRIK4",0.472646442720856
"_ACAAGCTTCAATCCAG-4","Glut-DACH2-3","Ex_DACH2_SLIT2",0.307831565088516
"_ACACAGTGTAACGATA-4","Glut-DACH2-HVCra-Pre","Ex_DACH2_ITGA9",0.289947504505963
"_ACACAGTTCTGAATCG-4","Glut-DACH2-3","Ex_DACH2_SLIT2",0.618690408083646
"_ACACCAAAGAGTCAGC-4","Glut-DACH2-1","Ex_DACH2_GRIK4",0.309091793673923
"_ACACCAACACTATCGA-4","Glut-DACH2-1","Ex_DACH2_ADAMTS5",0.452335310650538
"_ACACCAACATAGAGGC-4","Glut-DACH2-1","Ex_DACH2_GRIK4",0.33793331228622
"_ACACCAAGTTCCGGTG-4","Glut-DACH2-4","Ex_DACH2_CEMIP",0.385230078749206
"_ACACGCGCACATTACG-4","Glut-DACH2-3","Ex_DACH2_SLIT2",0.702177450131605
"_ACACGCGTCAGAACCT-4","Glut-DACH2-3","Ex_DACH2_ITGA9",0.315761429088883
"_ACACGCGTCCTTATAC-4","Glut-DACH2-HVCra-Pre","Ex_DACH2_MGAT4C",0.264295295030364
"_ACACTGAGTCTCGACG-4","Glut-DACH2-1","Ex_DACH2_MGAT4C",0.213731797002256
"_ACAGCCGTCCTGCCAT-4","Glut-DACH2-2","Ex_DACH2_NR4A3",0.382866704808271
"_ACATCCCAGATTGCGG-4","Glut-DACH2-3","Ex_DACH2_SLIT2",0.299794346110873
"_ACATCCCAGGCGCTTC-4","Glut-DACH2-5","Ex_DACH2_ADAMTS5",0.522818145623647
"_ACATCCCGTGCTCGTG-4","Glut-DACH2-2","Ex_DACH2_ADAMTS5",0.414610598316212
"_ACATCCCGTTTCTATC-4","Glut-DACH2-3","Ex_DACH2_SLIT2",0.799289895779709
"_ACATCGAGTATTTCCT-4","Glut-DACH2-1","Ex_DACH2_ADAMTS5",0.495654096349009
"_ACATGCACAAGCAATA-4","Glut-DACH2-2","Ex_DACH2_ADAMTS5",0.352928157090819
"_ACCAACAAGGCACTAG-4","Glut-DACH2-3","Ex_DACH2_SLIT2",0.670073377889562
"_ACCAACACAGTGGCTC-4","Glut-DACH2-1","Ex_DACH2_GRIK4",0.377972350531144
"_ACCAACATCAGGTAAA-4","Glut-DACH2-1","Ex_DACH2_GRIK4",0.364333277711419
"_ACCACAAAGACTGTTC-4","Glut-DACH2-2","Ex_DACH2_ADAMTS5",0.339531385745256
"_ACCACAAGTCACTGAT-4","Glut-DACH2-5","Ex_DACH2_ADAMTS5",0.320894339247717
"_ACCACAAGTTGCGTAT-4","Glut-DACH2-3","Ex_DACH2_SLIT2",0.618056324599856
"_ACCATTTAGTCCCGGT-4","Glut-DACH2-3","Ex_DACH2_ITGA9",0.296100457892917
"_ACCCAAAGTGTGTCCG-4","Glut-DACH2-2","Ex_DACH2_ADAMTS5",0.348284013956886
"_ACCCAAATCACTGTTT-4","Glut-DACH2-3","Ex_DACH2_ZMAT4",0.588184322491969
"_ACCCTCACAATACAGA-4","Glut-DACH2-2","Ex_DACH2_NR4A3",0.308486040713137
"_ACCCTCACACTAGGCC-4","Glut-DACH2-3","Ex_DACH2_ZMAT4",0.524486842330745
"_ACCCTCACAGCAAGAC-4","Glut-DACH2-5","Ex_DACH2_ADAMTS5",0.349735576285997
"_ACCCTCAGTTGCCATA-4","Glut-DACH2-1","Ex_DACH2_GRIK4",0.317565071600948
"_ACCCTCATCCTGATAG-4","Glut-DACH2-3","Ex_DACH2_ZMAT4",0.430083468949279
"_ACCCTTGAGATACTGA-4","Glut-DACH2-2","Ex_DACH2_LHX2",0.231853812755549
"_ACCCTTGTCATTTGTC-4","Glut-DACH2-2","Ex_DACH2_ADAMTS5",0.289297225041654
"_ACCGTTCCATACCGTA-4","Glut-DACH2-1","Ex_DACH2_GRIK4",0.298921095902813
"_ACCGTTCTCGCTACGG-4","Glut-DACH2-3","Ex_DACH2_SLIT2",0.467979071614761
"_ACCTACCTCCGGTTCT-4","Glut-DACH2-3","Ex_DACH2_SLIT2",0.666793902595445
"_ACCTACCTCTAGGAAA-4","Glut-DACH2-3","Ex_DACH2_SLIT2",0.425618711227199
"_ACCTGAAAGATGTAGT-4","Glut-DACH2-1","Ex_DACH2_NR4A3",0.665753970673261
"_ACCTGAACACTTGAAC-4","Glut-DACH2-2","Ex_DACH2_NR4A3",0.349503937520543
"_ACCTGAAGTTCCACAA-4","Glut-DACH2-3","Ex_DACH2_SLIT2",0.580584011013205
"_ACCTGAATCTAGCAAC-4","Glut-DACH2-2","Ex_DACH2_GRIK4",0.310029781777362
"_ACCTGAATCTATCGCC-4","Glut-DACH2-1","Ex_DACH2_GRIK4",0.339053463833344
"_ACCTGAATCTGCTTAT-4","Glut-DACH2-3","Ex_DACH2_NR4A3",0.295309962193176
"_ACGATCACACTCAGAT-4","Glut-DACH2-2","Ex_DACH2_MGAT4C",0.258101789052987
"_ACGATGTGTCCACGCA-4","Glut-DACH2-4","Ex_DACH2_ZMAT4",0.268671504415164
"_ACGATGTGTCTTGAAC-4","Glut-DACH2-1","Ex_DACH2_GRIK4",0.30241783308254
"_ACGATGTTCGTTCATT-4","Glut-DACH2-1","Ex_DACH2_MGAT4C",0.346861949124719
"_ACGCACGGTAGAGCTG-4","Glut-DACH2-1","Ex_DACH2_GRIK4",0.485327399579987
"_ACGCACGTCCCGAGTG-4","Glut-DACH2-1","Ex_DACH2_GRIK4",0.246266508224462
"_ACGGAAGCATATCTCT-4","Glut-DACH2-5","Ex_DACH2_ADAMTS5",0.53393761542191
"_ACGGAAGGTTGTCCCT-4","Glut-DACH2-3","Ex_DACH2_SLIT2",0.696892637822797
"_ACGGTTACACAGCCAC-4","Glut-DACH2-3","Ex_DACH2_SLIT2",0.735506264624007
"_ACGGTTACACTCTGCT-4","Glut-DACH2-3","Ex_DACH2_SLIT2",0.556686292159182
"_ACGGTTAGTCCAGTTA-4","Glut-DACH2-3","Ex_DACH2_ZMAT4",0.517311804538336
"_ACGTAACGTTGTACGT-4","Glut-DACH2-3","Ex_DACH2_SLIT2",0.526408158497638
"_ACGTAACTCTGGAGAG-4","Glut-DACH2-3","Ex_DACH2_SLIT2",0.616618298192817
"_ACGTAGTGTATGTCTG-4","Glut-DACH2-5","Ex_DACH2_ADAMTS5",0.47704307556169
"_ACGTAGTGTTTGCAGT-4","Glut-DACH2-1","Ex_DACH2_ITGA9",0.304511431148344
"_ACGTCCTGTCTTCTAT-4","Glut-DACH2-3","Ex_DACH2_SLIT2",0.726269538567117
"_ACGTCCTTCCAAGCCG-4","Glut-DACH2-3","Ex_DACH2_SLIT2",0.49986086356754
"_ACGTCCTTCCTTATAC-4","Glut-DACH2-3","Ex_DACH2_SLIT2",0.669133422379314
"_ACGTTCCTCTTCTGTA-4","Glut-DACH2-1","Ex_DACH2_GRIK4",0.3440278657721
"_ACTACGAGTAACACCT-4","Glut-DACH2-3","Ex_DACH2_ADAMTS5",0.309185338894882
"_ACTACGATCAATGCAC-4","Glut-DACH2-1","Ex_DACH2_GRIK4",0.390976053558356
"_ACTACGATCATCACCC-4","Glut-DACH2-1","Ex_DACH2_GRIK4",0.274777170172932
"_ACTATCTCAAAGGGCT-4","Glut-DACH2-1","Ex_DACH2_MGAT4C",0.310523280144856
"_ACTATCTGTTCGGTCG-4","Glut-DACH2-2","Ex_DACH2_ADAMTS5",0.351235843900066
"_ACTATCTGTTTACTGG-4","Glut-DACH2-3","Ex_DACH2_SLIT2",0.627922870575199
"_ACTATGGAGCTTTGTG-4","Glut-DACH2-1","Ex_DACH2_MGAT4C",0.318391059439807
"_ACTATGGGTAATGATG-4","Glut-DACH2-3","Ex_DACH2_SLIT2",0.391367466495689
"_ACTATGGGTTTCGTGA-4","Glut-DACH2-1","Ex_DACH2_NR4A3",0.815367063948567
"_ACTATGGTCTGCATGA-4","Glut-DACH2-3","Ex_DACH2_SLIT2",0.680291516384661
"_ACTCCCAAGGTAGGCT-4","Glut-DACH2-1","Ex_DACH2_NR4A3",0.659508922207423
"_ACTCCCACAACTGGTT-4","Glut-DACH2-4","Ex_DACH2_ITGA9",0.331309327999726
"_ACTCCCACAATTGAGA-4","Glut-DACH2-1","Ex_DACH2_MGAT4C",0.284803738282898
"_ACTCCCAGTGGCTACC-4","Glut-DACH2-4","Ex_DACH2_SLIT2",0.361995312397627
"_ACTCCCAGTTCGGGTC-4","Glut-DACH2-1","Ex_DACH2_MGAT4C",0.224402037836147
"_ACTCCCATCATCGTAG-4","Glut-DACH2-3","Ex_DACH2_ZMAT4",0.475735420202963
"_ACTCTCGAGTTGCTGT-4","Glut-DACH2-3","Ex_DACH2_SLIT2",0.613422633746921
"_ACTCTCGGTGCCTGCA-4","Glut-DACH2-4","Ex_DACH2_NR4A3",0.353024980370528
"_ACTGATGAGCCAAGGT-4","Glut-DACH2-2","Ex_DACH2_ADAMTS5",0.351549372670505
"_ACTGATGCAACGGGTA-4","Glut-DACH2-3","Ex_DACH2_SLIT2",0.873779132103666
"_ACTGATGGTGAACGGT-4","Glut-DACH2-2","Ex_DACH2_LHX2",0.472007182955146
"_ACTGATGTCCGACGGT-4","Glut-DACH2-2","Ex_DACH2_ADAMTS5",0.276147861058301
"_ACTGCAAAGCAGATAT-4","Glut-DACH2-3","Ex_DACH2_ZMAT4",0.342815717610306
"_ACTGCAATCTGCGGCA-4","Glut-DACH2-3","Ex_DACH2_SLIT2",0.595969787171803
"_ACTTAGGCACTACAGT-4","Glut-DACH2-4","Ex_DACH2_ITGA9",0.415251183773178
"_ACTTAGGCAGGGTTGA-4","Glut-DACH2-3","Ex_DACH2_SLIT2",0.73734128455869
"_ACTTAGGGTACTAGCT-4","Glut-DACH2-1","Ex_DACH2_NR4A3",0.83346994107785
"_ACTTATCCAATTTCCT-4","Glut-DACH2-4","Ex_DACH2_ITGA9",0.388354429151629
"_ACTTCCGGTAACATCC-4","Glut-DACH2-1","Ex_DACH2_GRIK4",0.349508524183192
"_ACTTCGCAGTTCTCTT-4","Glut-DACH2-2","Ex_DACH2_ADAMTS5",0.32481109385582
"_ACTTCGCCAATTGAAG-4","Glut-DACH2-1","Ex_DACH2_MGAT4C",0.334900670143566
"_ACTTTGTCACCACATA-4","Glut-DACH2-3","Ex_DACH2_SLIT2",0.380905902872679
"_ACTTTGTGTCATAGTC-4","Glut-DACH2-4","Ex_DACH2_GRIK4",0.274421677759052
"_ACTTTGTGTCATCCCT-4","Glut-DACH2-2","Ex_DACH2_ADAMTS5",0.300337559616441
"_ACTTTGTGTGCACATT-4","Glut-DACH2-4","Ex_DACH2_ITGA9",0.329497440644296
"_ACTTTGTGTGTGTACT-4","Glut-DACH2-4","Ex_DACH2_NR4A3",0.513131372234476
"_ACTTTGTTCGAGAACG-4","Glut-DACH2-4","Ex_DACH2_ITGA9",0.399729735983791
"_AGAACAAAGATGAATC-4","Glut-DACH2-4","Ex_DACH2_ITGA9",0.385981839078149
"_AGAACAAAGTGTACAA-4","Glut-DACH2-3","Ex_DACH2_SLIT2",0.737125955279869
"_AGAACAACATGTGACT-4","Glut-DACH2-3","Ex_DACH2_SLIT2",0.722743177651182
"_AGAACAATCACTACTT-4","Glut-DACH2-1","Ex_DACH2_MGAT4C",0.336351549564749
"_AGAACAATCCGGTAAT-4","Glut-DACH2-2","Ex_DACH2_GRIK4",0.340569341688661
"_AGAACCTGTTAGCGGA-4","Glut-DACH2-2","Ex_DACH2_LHX2",0.428125677365802
"_AGAACCTTCATAGAGA-4","Glut-DACH2-4","Ex_DACH2_CEMIP",0.272974137778688
"_AGAAGCGCACTTGAGT-4","Glut-DACH2-3","Ex_DACH2_SLIT2",0.356381139727925
"_AGAAGCGCAGACCCGT-4","Glut-DACH2-3","Ex_DACH2_ADAMTS5",0.243051293434746
"_AGAAGCGGTCGGAACA-4","Glut-DACH2-3","Ex_DACH2_SLIT2",0.710128295948977
"_AGAAGCGTCCAACTAG-4","Glut-DACH2-3","Ex_DACH2_SLIT2",0.526624104253532
"_AGAAGTAAGCGGGTTA-4","Glut-DACH2-3","Ex_DACH2_SLIT2",0.769232075131475
"_AGAAGTACAAATGAGT-4","Glut-DACH2-2","Ex_DACH2_LHX2",0.311777130201905
"_AGAAGTACAAGTGACG-4","Glut-DACH2-5","Ex_DACH2_ADAMTS5",0.526252999901123
"_AGAAGTAGTCGTTGGC-4","Glut-DACH2-3","Ex_DACH2_ZMAT4",0.531700799529768
"_AGAAGTATCCACCTCA-4","Glut-DACH2-2","Ex_DACH2_ADAMTS5",0.370490623652281
"_AGACAAATCCACGAAT-4","Glut-DACH2-HVCra-Pre","Ex_DACH2_MGAT4C",0.218268164193983
"_AGACACTAGGGTCAAC-4","Glut-DACH2-3","Ex_DACH2_ZMAT4",0.36419088051215
"_AGACACTCATACTTTC-4","Glut-DACH2-4","Ex_DACH2_GRIK4",0.276719050456635
"_AGACACTGTGCTCGTG-4","Glut-DACH2-2","Ex_DACH2_MGAT4C",0.320397658720793
"_AGACACTGTTACGTAC-4","Glut-DACH2-1","Ex_DACH2_LHX2",0.361827563620025
"_AGACACTTCTAGTGTG-4","Glut-DACH2-1","Ex_DACH2_NR4A3",0.338318858084733
"_AGACCATGTATTGAGA-4","Glut-DACH2-1","Ex_DACH2_MGAT4C",0.294013674699644
"_AGACCCGAGGTCGACA-4","Glut-DACH2-4","Ex_DACH2_ITGA9",0.328872428482653
"_AGACCCGCACGACCTG-4","Glut-DACH2-2","Ex_DACH2_ADAMTS5",0.271991208757223
"_AGACCCGCATAGGCGA-4","Glut-DACH2-1","Ex_DACH2_GRIK4",0.348527116435409
"_AGACCCGTCGAAGGAC-4","Glut-DACH2-3","Ex_DACH2_SLIT2",0.511431789876243
"_AGAGAATAGAATTGCA-4","Glut-DACH2-3","Ex_DACH2_ZMAT4",0.598823385478881
"_AGAGAGCCAGCGACAA-4","Glut-DACH2-3","Ex_DACH2_ZMAT4",0.449717491173749
"_AGAGAGCGTAAGGTCG-4","Glut-DACH2-3","Ex_DACH2_SLIT2",0.749305015890698
"_AGAGCAGCAAGCCTGC-4","Glut-DACH2-1","Ex_DACH2_MGAT4C",0.294977370067426
"_AGAGCAGCATCGCCTT-4","Glut-DACH2-3","Ex_DACH2_SLIT2",0.654865353520844
"_AGAGCAGTCGTGGGAA-4","Glut-DACH2-5","Ex_DACH2_ADAMTS5",0.504374675715618
"_AGAGCCCAGAAGTCCG-4","Glut-DACH2-1","Ex_DACH2_GRIK4",0.430851578784362
"_AGAGCCCCAGTAACCT-4","Glut-DACH2-2","Ex_DACH2_ADAMTS5",0.355404204633204
"_AGATCCAGTCAGGCAA-4","Glut-DACH2-1","Ex_DACH2_NR4A3",0.614310742470679
"_AGATCGTAGATACATG-4","Glut-DACH2-4","Ex_DACH2_CEMIP",0.260489856504473
"_AGATCGTCAATTGCGT-4","Glut-DACH2-5","Ex_DACH2_ADAMTS5",0.47731536233068
"_AGATCGTGTTCGGACC-4","Glut-DACH2-2","Ex_DACH2_MGAT4C",0.316391441120462
"_AGATGAATCTGGGAGA-4","Glut-DACH2-2","Ex_DACH2_ADAMTS5",0.235974822494076
"_AGATGCTCATAGGAGC-4","Glut-DACH2-2","Ex_DACH2_GRIK4",0.291339036892905
"_AGCATCACAATGTCTG-4","Glut-DACH2-1","Ex_DACH2_GRIK4",0.307043510248286
"_AGCATCACAGGCACAA-4","Glut-DACH2-1","Ex_DACH2_GRIK4",0.350401721382049
"_AGCATCAGTAATTGGA-4","Glut-DACH2-3","Ex_DACH2_SLIT2",0.399454128277474
"_AGCATCAGTAGTATAG-4","Glut-DACH2-4","Ex_DACH2_NR4A3",0.367724671438398
"_AGCATCAGTGTATCCA-4","Glut-DACH2-1","Ex_DACH2_MGAT4C",0.317412390972425
"_AGCATCATCGCTTTAT-4","Glut-DACH2-HVCra-Pre","Ex_DACH2_ADAMTS5",0.230196956503266
"_AGCCAGCCAGACCGCT-4","Glut-DACH2-3","Ex_DACH2_SLIT2",0.733005120206283
"_AGCCAGCGTCGGCACT-4","Glut-DACH2-2","Ex_DACH2_LHX2",0.446494092342691
"_AGCCAGCTCACATTGG-4","Glut-DACH2-3","Ex_DACH2_SLIT2",0.625775241403147
"_AGCCAGCTCTGGGAGA-4","Glut-DACH2-4","Ex_DACH2_ITGA9",0.395806966224794
"_AGCGATTCAACCTATG-4","Glut-DACH2-1","Ex_DACH2_ADAMTS5",0.427136584310347
"_AGCGATTGTCTGTAAC-4","Glut-DACH2-2","Ex_DACH2_LHX2",0.355061687625252
"_AGCGATTGTTTGGCTA-4","Glut-DACH2-3","Ex_DACH2_ZMAT4",0.491663316649127
"_AGCGCCACAATAGAGT-4","Glut-DACH2-1","Ex_DACH2_MGAT4C",0.349978188177645
"_AGCGCCAGTCCGGTCA-4","Glut-DACH2-3","Ex_DACH2_MGAT4C",0.237989381165994
"_AGCGCCAGTCGCACAC-4","Glut-DACH2-2","Ex_DACH2_ADAMTS5",0.310906603451108
"_AGCGCCATCTCGTGGG-4","Glut-DACH2-3","Ex_DACH2_SLIT2",0.673139999270592
"_AGCGCTGAGCGCGTTC-4","Glut-DACH2-2","Ex_DACH2_MGAT4C",0.272863183355118
"_AGCGCTGAGGCATGGT-4","Glut-DACH2-2","Ex_DACH2_MGAT4C",0.355344752019175
"_AGCGCTGAGGTATAGT-4","Glut-DACH2-3","Ex_DACH2_ZMAT4",0.597221594109221
"_AGCTACAGTAGAGGAA-4","Glut-DACH2-1","Ex_DACH2_GRIK4",0.287915137690707
"_AGCTCAACACGACAAG-4","Glut-DACH2-3","Ex_DACH2_SLIT2",0.790455497821113
"_AGCTCAAGTGCGAGTA-4","Glut-DACH2-3","Ex_DACH2_ZMAT4",0.421959524930657
"_AGCTCAATCGTGGACC-4","Glut-DACH2-2","Ex_DACH2_ADAMTS5",0.234101407601368
"_AGCTTCCAGCCGCACT-4","Glut-DACH2-3","Ex_DACH2_SLIT2",0.763534599534876
"_AGCTTCCAGCTACAAA-4","Glut-DACH2-3","Ex_DACH2_SLIT2",0.676477706424245
"_AGCTTCCCAATCAGCT-4","Glut-DACH2-2","Ex_DACH2_ADAMTS5",0.215958566287974
"_AGGAAATAGCCGTCGT-4","Glut-DACH2-1","Ex_DACH2_GRIK4",0.342320219099446
"_AGGAAATAGTAAGAGG-4","Glut-DACH2-3","Ex_DACH2_ZMAT4",0.505038059352092
"_AGGAAATGTTCTTCAT-4","Glut-DACH2-3","Ex_DACH2_SLIT2",0.502434961950836
"_AGGAAATTCCGATGCG-4","Glut-DACH2-3","Ex_DACH2_SLIT2",0.597836680624961
"_AGGAATAGTTCTATCT-4","Glut-DACH2-1","Ex_DACH2_NR4A3",0.820650946140588
"_AGGACGAGTATTGGCT-4","Glut-DACH2-2","Ex_DACH2_GRIK4",0.368334681648511
"_AGGACTTAGGCTAGCA-4","Glut-DACH2-1","Ex_DACH2_MGAT4C",0.353465671702446
"_AGGAGGTCAGGGCTTC-4","Glut-DACH2-2","Ex_DACH2_ADAMTS5",0.232436312695306
"_AGGAGGTCAGTTTGGT-4","Glut-DACH2-3","Ex_DACH2_SLIT2",0.590880951012149
"_AGGAGGTGTCCACATA-4","Glut-DACH2-2","Ex_DACH2_NR4A3",0.283017643530273
"_AGGAGGTTCTCGTCGT-4","Glut-DACH2-1","Ex_DACH2_GRIK4",0.303176724623757
"_AGGATAAAGCACTAGG-4","Glut-DACH2-1","Ex_DACH2_ADAMTS5",0.350144653669714
"_AGGATAAAGCGAGGAG-4","Glut-DACH2-1","Ex_DACH2_GRIK4",0.298830343160648
"_AGGATAATCCGGTAGC-4","Glut-DACH2-3","Ex_DACH2_CEMIP",0.507338648224437
"_AGGCATTGTCGACGCT-4","Glut-DACH2-3","Ex_DACH2_ZMAT4",0.406810955192236
"_AGGCCACCAACCGCCA-4","Glut-DACH2-1","Ex_DACH2_MGAT4C",0.337428425106903
"_AGGCCACCAGAGCTAG-4","Glut-DACH2-3","Ex_DACH2_SLIT2",0.661473046773344
"_AGGCCACGTATCTCGA-4","Glut-DACH2-4","Ex_DACH2_ITGA9",0.293265103389412
"_AGGCTGCCAATTTCCT-4","Glut-DACH2-3","Ex_DACH2_SLIT2",0.487550302562066
"_AGGGAGTAGTGATAAC-4","Glut-DACH2-4","Ex_DACH2_MGAT4C",0.252486280877055
"_AGGGAGTTCAGCGTCG-4","Glut-DACH2-2","Ex_DACH2_ADAMTS5",0.31692881515984
"_AGGGAGTTCATGCAGT-4","Glut-DACH2-3","Ex_DACH2_SLIT2",0.425842908378952
"_AGGGAGTTCTTCCCGA-4","Glut-DACH2-5","Ex_DACH2_ADAMTS5",0.321075075325745
"_AGGGCCTCAAGTGGTG-4","Glut-DACH2-3","Ex_DACH2_SLIT2",0.655959522581254
"_AGGGCCTGTGGTTCTA-4","Glut-DACH2-HVCra-Pre","Ex_SATB2_FOXP2",0.172886638064193
"_AGGGCCTTCGTAGGGA-4","Glut-DACH2-2","Ex_DACH2_MGAT4C",0.254508621401646
"_AGGGTCCAGCTCATAC-4","Glut-DACH2-3","Ex_DACH2_SLIT2",0.723259106125061
"_AGGGTCCCACGGCGTT-4","Glut-DACH2-3","Ex_DACH2_CEMIP",0.364151076790573
"_AGGGTCCGTAATCAGA-4","Glut-DACH2-1","Ex_DACH2_MGAT4C",0.315028998898883
"_AGGGTCCGTGACACAG-4","Glut-DACH2-4","Ex_DACH2_ITGA9",0.325016865964474
"_AGGGTCCTCCAACTGA-4","Glut-DACH2-5","Ex_DACH2_GRIK4",0.249449318510674
"_AGGGTCCTCTCGGCTT-4","Glut-DACH2-1","Ex_DACH2_LHX2",0.274699604580326
"_AGGGTGAAGGCAGGGA-4","Glut-DACH2-2","Ex_DACH2_GRIK4",0.387928567492351
"_AGGGTGACAGAGTAAT-4","Glut-DACH2-1","Ex_DACH2_MGAT4C",0.325603596718013
"_AGGGTGATCCGTGTCT-4","Glut-DACH2-1","Ex_DACH2_ADAMTS5",0.28772957398486
"_AGGGTGATCTTGCAGA-4","Glut-DACH2-1","Ex_DACH2_NR4A3",0.6792256440687
"_AGGGTTTAGTCATGGG-4","Glut-DACH2-3","Ex_DACH2_SLIT2",0.767951898417183
"_AGGTCTAAGGACTTCT-4","Glut-DACH2-1","Ex_DACH2_NR4A3",0.650845651882426
"_AGGTCTAAGTCACTAC-4","Glut-DACH2-3","Ex_DACH2_SLIT2",0.723840432579513
"_AGGTCTATCCTACGGG-4","Glut-DACH2-5","Ex_DACH2_ADAMTS5",0.38471763105972
"_AGGTGTTCAAGACTGG-4","Glut-DACH2-4","Ex_DACH2_ITGA9",0.35187812152166
"_AGGTGTTCAAGTATAG-4","Glut-DACH2-1","Ex_DACH2_MGAT4C",0.344071808331892
"_AGGTGTTGTGGATACG-4","Glut-DACH2-3","Ex_DACH2_SLIT2",0.588406949141563
"_AGGTGTTGTTTGAAAG-4","Glut-DACH2-3","Ex_DACH2_SLIT2",0.535975744783098
"_AGGTTACGTTCGGACC-4","Glut-DACH2-2","Ex_DACH2_GRIK4",0.240381715193561
"_AGGTTACTCCTAGCGG-4","Glut-DACH2-1","Ex_DACH2_GRIK4",0.435484237066318
"_AGGTTGTAGAGCACTG-4","Glut-DACH2-2","Ex_DACH2_LHX2",0.596454621327642
"_AGGTTGTGTTTCGGCG-4","Glut-DACH2-1","Ex_DACH2_MGAT4C",0.302334519916958
"_AGTAACCAGCTATCCA-4","Glut-DACH2-2","Ex_DACH2_NR4A3",0.414063819331917
"_AGTAACCAGGCGCTCT-4","Glut-DACH2-2","Ex_DACH2_GRIK4",0.251844902783175
"_AGTACTGTCTTCGTAT-4","Glut-DACH2-3","Ex_DACH2_SLIT2",0.35484877581815
"_AGTAGCTCAGCATGCC-4","Glut-DACH2-4","Ex_DACH2_ADAMTS5",0.322506484778234
"_AGTAGCTGTCTGTGTA-4","Glut-DACH2-1","Ex_DACH2_MGAT4C",0.342817655537922
"_AGTAGCTTCCAAACCA-4","Glut-DACH2-3","Ex_DACH2_SLIT2",0.323790217418007
"_AGTAGTCAGGATTTAG-4","Glut-DACH2-4","Ex_DACH2_ITGA9",0.32042950432583
"_AGTAGTCCAGTCGGTC-4","Glut-DACH2-3","Ex_DACH2_SLIT2",0.390438393196945
"_AGTAGTCCAGTGTGGA-4","Glut-DACH2-2","Ex_DACH2_LHX2",0.243111002386172
"_AGTAGTCCATCATGAC-4","Glut-DACH2-1","Ex_DACH2_MGAT4C",0.275776720099619
"_AGTAGTCGTAACACGG-4","Glut-DACH2-1","Ex_DACH2_GRIK4",0.349678511741197
"_AGTAGTCTCCATAGAC-4","Glut-DACH2-3","Ex_DACH2_SLIT2",0.663382951738062
"_AGTAGTCTCCCACAGG-4","Glut-DACH2-2","Ex_DACH2_GRIK4",0.254717815518844
"_AGTCAACGTCAAGCGA-4","Glut-DACH2-1","Ex_DACH2_MGAT4C",0.308471753806289
"_AGTCACAGTCAGTTTG-4","Glut-DACH2-1","Ex_DACH2_ADAMTS5",0.345715075793787
"_AGTCATGAGTTACTCG-4","Glut-DACH2-HVCra-Pre","Ex_DACH2_LHX2",0.466103616272139
"_AGTCATGGTGGCCACT-4","Glut-DACH2-3","Ex_DACH2_SLIT2",0.715640722397608
"_AGTCATGTCCTACGAA-4","Glut-DACH2-3","Ex_DACH2_SLIT2",0.495005931712135
"_AGTCTCCAGCCTGAGA-4","Glut-DACH2-4","Ex_DACH2_ITGA9",0.306321423320748
"_AGTCTCCAGGCGCTCT-4","Glut-DACH2-4","Ex_DACH2_ITGA9",0.294958880722588
"_AGTGACTCACAAGTGG-4","Glut-DACH2-1","Ex_DACH2_LHX2",0.405063034207205
"_AGTGACTTCTCATAGG-4","Glut-DACH2-3","Ex_DACH2_SLIT2",0.443700715594386
"_AGTGATCGTACCCACG-4","Glut-DACH2-1","Ex_DACH2_GRIK4",0.319389446465015
"_AGTGATCGTAGAATAC-4","Glut-DACH2-3","Ex_DACH2_SLIT2",0.702270832100626
"_AGTGATCTCACCCTTG-4","Glut-DACH2-3","Ex_DACH2_SLIT2",0.718921304150463
"_AGTGCCGGTATGCAAA-4","Glut-DACH2-1","Ex_DACH2_GRIK4",0.329644113843812
"_AGTGCCGGTTGACTGT-4","Glut-DACH2-1","Ex_DACH2_MGAT4C",0.345412359196048
"_AGTGCCGTCCACTTCG-4","Glut-DACH2-1","Ex_DACH2_GRIK4",0.322229396847823
"_AGTGCCGTCTCTGCCA-4","Glut-DACH2-2","Ex_DACH2_LHX2",0.325943562310346
"_AGTGCCGTCTCTGGTC-4","Glut-DACH2-1","Ex_DACH2_MGAT4C",0.266071026632523
"_AGTGTTGCAACTTGCA-4","Glut-DACH2-2","Ex_DACH2_ADAMTS5",0.318464569089152
"_AGTGTTGGTAACGCGA-4","Glut-DACH2-1","Ex_DACH2_NR4A3",0.779064298177703
"_AGTGTTGGTTGAGAGC-4","Glut-DACH2-1","Ex_DACH2_MGAT4C",0.350430295893528
"_AGTGTTGTCATTGGTG-4","Glut-DACH2-1","Ex_DACH2_LHX2",0.533926653301178
"_AGTTAGCCAGAGAGGG-4","Glut-DACH2-4","Ex_DACH2_ITGA9",0.348666298133345
"_AGTTAGCTCTCAATCT-4","Glut-DACH2-2","Ex_DACH2_GRIK4",0.267427509991927
"_AGTTCCCAGCATTTGC-4","Glut-DACH2-3","Ex_DACH2_SLIT2",0.632830403598857
"_AGTTCGAGTACAGAAT-4","Glut-DACH2-3","Ex_DACH2_SLIT2",0.656077824629275
"_AGTTCGAGTGAACTAA-4","Glut-DACH2-4","Ex_DACH2_CEMIP",0.303509000699193
"_ATACCGAAGAATGTTG-4","Glut-DACH2-3","Ex_DACH2_SLIT2",0.448282071214676
"_ATACCGAAGACTCTTG-4","Glut-DACH2-5","Ex_DACH2_ADAMTS5",0.568605331856038
"_ATACCGACACCTGTCT-4","Glut-DACH2-2","Ex_DACH2_GRIK4",0.300072710769426
"_ATACCGAGTGGGCTTC-4","Glut-DACH2-4","Ex_DACH2_ITGA9",0.314426910557465
"_ATACCGAGTTATTCCT-4","Glut-DACH2-1","Ex_DACH2_NR4A3",0.704091927347178
"_ATACCGATCAACCTTT-4","Glut-DACH2-2","Ex_DACH2_LHX2",0.300677850899471
"_ATAGACCAGTGACACG-4","Glut-DACH2-1","Ex_DACH2_ADAMTS5",0.358859270953978
"_ATAGACCCATCGCTCT-4","Glut-DACH2-3","Ex_DACH2_NR4A3",0.328369495615399
"_ATAGACCTCTTTGCTA-4","Glut-DACH2-2","Ex_DACH2_ADAMTS5",0.560720493973927
"_ATAGAGAGTTCCGCTT-4","Glut-DACH2-3","Ex_DACH2_SLIT2",0.783570690148326
"_ATAGAGATCTAGTGAC-4","Glut-DACH2-3","Ex_DACH2_SLIT2",0.764930765965564
"_ATAGGCTGTATGCGTT-4","Glut-DACH2-3","Ex_DACH2_SLIT2",0.760271835020994
"_ATAGGCTGTCAGTTTG-4","Glut-DACH2-2","Ex_DACH2_GRIK4",0.29222666526453
"_ATATCCTAGTAAGACT-4","Glut-DACH2-3","Ex_DACH2_ZMAT4",0.487155479531762
"_ATATCCTGTTACGATC-4","Glut-DACH2-3","Ex_DACH2_SLIT2",0.462513678530772
"_ATCACAGCAACAAGTA-4","Glut-DACH2-3","Ex_DACH2_SLIT2",0.44621628684481
"_ATCACGACACTTGGCG-4","Glut-DACH2-1","Ex_DACH2_MGAT4C",0.344699663895329
"_ATCAGGTGTAGGGTAC-4","Glut-DACH2-1","Ex_DACH2_GRIK4",0.296224104048
"_ATCATTCAGCACGGAT-4","Glut-DACH2-5","Ex_DACH2_ADAMTS5",0.464958197724691
"_ATCATTCCAATACCCA-4","Glut-DACH2-1","Ex_DACH2_MGAT4C",0.29591025115886
"_ATCATTCGTTACACAC-4","Glut-DACH2-2","Ex_DACH2_GRIK4",0.281026228141547
"_ATCATTCGTTGCTCGG-4","Glut-DACH2-2","Ex_DACH2_GRIK4",0.431644223428462
"_ATCATTCTCCTTCTGG-4","Glut-DACH2-2","Ex_DACH2_LHX2",0.386229289333271
"_ATCCACCAGTGATAGT-4","Glut-DACH2-2","Ex_DACH2_MGAT4C",0.276239137433676
"_ATCCATTAGAGGGCGA-4","Glut-DACH2-4","Ex_DACH2_ITGA9",0.366936355545605
"_ATCCATTCATAGAGGC-4","Glut-DACH2-5","Ex_DACH2_ADAMTS5",0.519116875910259
"_ATCCATTTCCCAGTGG-4","Glut-DACH2-3","Ex_DACH2_NR4A3",0.597655448243869
"_ATCCCTGGTAGCTAAA-4","Glut-DACH2-4","Ex_DACH2_ITGA9",0.396236620813516
"_ATCCCTGGTCACTCGG-4","Glut-DACH2-5","Ex_DACH2_ADAMTS5",0.532221809526574
"_ATCGCCTAGCATGTTC-4","Glut-DACH2-2","Ex_DACH2_GRIK4",0.221970073328898
"_ATCGCCTCAAGGATGC-4","Glut-DACH2-3","Ex_DACH2_SLIT2",0.711413144974076
"_ATCGCCTCAAGTGGTG-4","Glut-DACH2-1","Ex_DACH2_GRIK4",0.409493847245623
"_ATCGCCTTCCGCTGTT-4","Glut-DACH2-3","Ex_DACH2_SLIT2",0.497665789963745
"_ATCGCCTTCGTCTACC-4","Glut-DACH2-3","Ex_DACH2_SLIT2",0.580893774723505
"_ATCGGCGCACAGCTTA-4","Glut-DACH2-3","Ex_DACH2_ZMAT4",0.383300504069578
"_ATCGGCGTCACGACTA-4","Glut-DACH2-3","Ex_DACH2_NR4A3",0.232392441009352
"_ATCGGCGTCCGATCGG-4","Glut-DACH2-1","Ex_DACH2_GRIK4",0.321480084120763
"_ATCGGCGTCCTTCACG-4","Glut-DACH2-1","Ex_DACH2_MGAT4C",0.279855589978509
"_ATCGTAGCAATAGTGA-4","Glut-DACH2-1","Ex_DACH2_MGAT4C",0.327801293700269
"_ATCGTCCCAAGGACAC-4","Glut-DACH2-2","Ex_DACH2_ADAMTS5",0.284642436959588
"_ATCGTCCGTGAGCCAA-4","Glut-DACH2-3","Ex_DACH2_ZMAT4",0.400302569967432
"_ATCGTGAGTGTCTTAG-4","Glut-DACH2-1","Ex_DACH2_NR4A3",0.316579176759017
"_ATCTCTACACCTGCGA-4","Glut-DACH2-2","Ex_DACH2_GRIK4",0.276048939117923
"_ATCTTCAGTTTGGGAG-4","Glut-DACH2-1","Ex_DACH2_SLIT2",0.336119817730611
"_ATGAAAGAGAAAGCGA-4","Glut-DACH2-1","Ex_DACH2_MGAT4C",0.3020876976553
"_ATGAAAGCAGGATTCT-4","Glut-DACH2-1","Ex_DACH2_MGAT4C",0.335967805567841
"_ATGAAAGCAGGTTCCG-4","Glut-DACH2-3","Ex_DACH2_SLIT2",0.75582877362573
"_ATGAAAGTCCCTAGGG-4","Glut-DACH2-3","Ex_DACH2_SLIT2",0.578621843064999
"_ATGAAAGTCCTCTTTC-4","Glut-DACH2-1","Ex_DACH2_GRIK4",0.328509373091604
"_ATGACCAGTGACAGGT-4","Glut-DACH2-3","Ex_DACH2_SLIT2",0.588343507115956
"_ATGAGGGAGGATATAC-4","Glut-DACH2-3","Ex_DACH2_SLIT2",0.587081755276373
"_ATGAGGGTCGAAGCCC-4","Glut-DACH2-1","Ex_DACH2_MGAT4C",0.314686194163272
"_ATGAGGGTCGATGCTA-4","Glut-DACH2-1","Ex_DACH2_MGAT4C",0.261268451646927
"_ATGAGTCCAGTAGTGG-4","Glut-DACH2-2","Ex_DACH2_LUZP2",0.287658257775153
"_ATGAGTCGTCAGTCGC-4","Glut-DACH2-3","Ex_DACH2_ZMAT4",0.197560330384586
"_ATGATCGAGAAGCGAA-4","Glut-DACH2-1","Ex_DACH2_MGAT4C",0.283268891506026
"_ATGATCGCACTCATAG-4","Glut-DACH2-3","Ex_DACH2_ZMAT4",0.301707216729957
"_ATGATCGTCCTGGGTG-4","Glut-DACH2-3","Ex_DACH2_SLIT2",0.523618112425292
"_ATGATCGTCGGTAACT-4","Glut-DACH2-3","Ex_DACH2_SLIT2",0.651870384984168
"_ATGATCGTCTCCAATT-4","Glut-DACH2-3","Ex_DACH2_SLIT2",0.43152181786173
"_ATGCATGGTCGTATGT-4","Glut-DACH2-3","Ex_DACH2_SLIT2",0.235144038757923
"_ATGCCTCCAACACGTT-4","Glut-DACH2-3","Ex_DACH2_SLIT2",0.430009634492279
"_ATGCCTCTCGCTAATG-4","Glut-DACH2-1","Ex_DACH2_NR4A3",0.214151589229624
"_ATGCGATAGGCCATAG-4","Glut-DACH2-HVCra-Pre","Ex_DACH2_ITGA9",0.241297706694511
"_ATGCGATGTACGCTTA-4","Glut-DACH2-4","Ex_DACH2_ITGA9",0.313194662069841
"_ATGCGATGTCAACACT-4","Glut-DACH2-HVCra-Pre","Ex_DACH2_ADAMTS5",0.169043397173784
"_ATGCGATTCACCGGGT-4","Glut-DACH2-1","Ex_DACH2_NR4A3",0.610048628789111
"_ATGGAGGAGCGGATCA-4","Glut-DACH2-4","Ex_DACH2_ZMAT4",0.486506309000023
"_ATGGAGGCATGTGTCA-4","Glut-DACH2-2","Ex_DACH2_MGAT4C",0.246130168201312
"_ATGGAGGGTCGCAACC-4","Glut-DACH2-3","Ex_DACH2_ZMAT4",0.678859925046418
"_ATGGAGGTCCATATGG-4","Glut-DACH2-1","Ex_DACH2_MGAT4C",0.34247345145099
"_ATGGAGGTCGACGCGT-4","Glut-DACH2-1","Ex_DACH2_GRIK4",0.315210292293278
"_ATGGATCAGTCGAAGC-4","Glut-DACH2-1","Ex_DACH2_LHX2",0.461634371533958
"_ATGGGAGAGGGCCAAT-4","Glut-DACH2-1","Ex_DACH2_GRIK4",0.246653824561463
"_ATGGGAGCACGCAGTC-4","Glut-DACH2-1","Ex_DACH2_MGAT4C",0.322603270327185
"_ATGGGAGCATGCACTA-4","Glut-DACH2-4","Ex_DACH2_ITGA9",0.353015017615407
"_ATGGGAGGTGTGTTTG-4","Glut-DACH2-1","Ex_DACH2_GRIK4",0.273600020827816
"_ATGGGTTAGCGGTATG-4","Glut-DACH2-HVCra-Pre","Ex_DACH2_MGAT4C",0.284012110308264
"_ATGGGTTGTGAGATAT-4","Glut-DACH2-5","Ex_DACH2_ADAMTS5",0.423188504320254
"_ATGGTTGAGAAAGCGA-4","Glut-DACH2-2","Ex_DACH2_ADAMTS5",0.296872732264994
"_ATGGTTGTCCGGTAGC-4","Glut-DACH2-2","Ex_DACH2_NR4A3",0.275806605029096
"_ATGGTTGTCTCTCGCA-4","Glut-DACH2-1","Ex_DACH2_MGAT4C",0.309174897314036
"_ATGTCCCCATAGATGA-4","Glut-DACH2-3","Ex_DACH2_SLIT2",0.826074395171056
"_ATGTCCCGTCACCGAC-4","Glut-DACH2-4","Ex_DACH2_CEMIP",0.349560900591648
"_ATGTCCCGTTCAGCGC-4","Glut-DACH2-2","Ex_DACH2_NR4A3",0.272370927736894
"_ATGTCCCTCAAGGTGG-4","Glut-DACH2-1","Ex_DACH2_GRIK4",0.26478581674514
"_ATGTCTTCATACCGTA-4","Glut-DACH2-3","Ex_DACH2_ZMAT4",0.417834134494129
"_ATTACCTCAACCGCTG-4","Glut-DACH2-1","Ex_DACH2_GRIK4",0.337783711943814
"_ATTACCTGTCTGCCTT-4","Glut-DACH2-1","Ex_DACH2_MGAT4C",0.291287037202219
"_ATTACCTGTGTCCACG-4","Glut-DACH2-5","Ex_DACH2_ADAMTS5",0.285675644626609
"_ATTACTCAGCAGGCTA-4","Glut-DACH2-1","Ex_DACH2_ADAMTS5",0.340573577547536
"_ATTACTCCACAGCCAC-4","Glut-DACH2-4","Ex_DACH2_MGAT4C",0.382548222300873
"_ATTACTCCAGCTGTCG-4","Glut-DACH2-2","Ex_DACH2_ADAMTS5",0.285198874888654
"_ATTACTCGTGGGTTGA-4","Glut-DACH2-1","Ex_DACH2_MGAT4C",0.324096307018009
"_ATTATCCTCGGTCAGC-4","Glut-DACH2-1","Ex_DACH2_GRIK4",0.383166817758037
"_ATTCACTAGCAAGCCA-4","Glut-DACH2-3","Ex_DACH2_SLIT2",0.772925255699355
"_ATTCACTAGTTACGTC-4","Glut-DACH2-4","Ex_DACH2_ITGA9",0.367226815408086
"_ATTCACTGTATAATGG-4","Glut-DACH2-2","Ex_DACH2_GRIK4",0.30600274764009
"_ATTCACTTCACGAGGA-4","Glut-DACH2-3","Ex_DACH2_SLIT2",0.718708584806297
"_ATTCAGGAGAACAAGG-4","Glut-DACH2-3","Ex_DACH2_SLIT2",0.687235286920419
"_ATTCCATAGCAATAAC-4","Glut-DACH2-3","Ex_DACH2_SLIT2",0.684175617438867
"_ATTCCATCACTCTAGA-4","Glut-DACH2-4","Ex_DACH2_ADAMTS5",0.37531507771787
"_ATTCCATCATTCTCTA-4","Glut-DACH2-1","Ex_DACH2_GRIK4",0.254096859422595
"_ATTCCCGGTTCTCCAC-4","Glut-DACH2-3","Ex_DACH2_SLIT2",0.750022905943349
"_ATTCCCGTCAAGGTGG-4","Glut-DACH2-1","Ex_DACH2_ADAMTS5",0.31989312889584
"_ATTCCCGTCAATCCGA-4","Glut-DACH2-2","Ex_DACH2_ADAMTS5",0.270614989502646
"_ATTCCTACAACCGATT-4","Glut-DACH2-1","Ex_DACH2_GRIK4",0.342107436529767
"_ATTCCTACATGGCTGC-4","Glut-DACH2-1","Ex_DACH2_MGAT4C",0.277606665636517
"_ATTCCTAGTCTTCCGT-4","Glut-DACH2-3","Ex_DACH2_CEMIP",0.289392650183499
"_ATTCGTTGTATTCTCT-4","Glut-DACH2-3","Ex_DACH2_SLIT2",0.682641103950157
"_ATTCTACCAGGTCAGA-4","Glut-DACH2-3","Ex_DACH2_SLIT2",0.303461523457213
"_ATTCTACTCTGCGAGC-4","Glut-DACH2-1","Ex_DACH2_GRIK4",0.443179473087052
"_ATTCTTGCATCAGCGC-4","Glut-DACH2-2","Ex_DACH2_LHX2",0.518424269195171
"_ATTCTTGGTAACTAAG-4","Glut-DACH2-3","Ex_DACH2_SLIT2",0.455428854029955
"_ATTCTTGGTAGGTTTC-4","Glut-DACH2-2","Ex_DACH2_ADAMTS5",0.333761174543946
"_ATTCTTGGTCAAAGCG-4","Glut-DACH2-2","Ex_DACH2_GRIK4",0.29264764066178
"_ATTCTTGTCGCAATTG-4","Glut-DACH2-3","Ex_DACH2_SLIT2",0.813286309254384
"_ATTGTTCAGAATCGAT-4","Glut-DACH2-3","Ex_DACH2_SLIT2",0.699942505090281
"_ATTGTTCAGGCTTAAA-4","Glut-DACH2-2","Ex_DACH2_ADAMTS5",0.341330918657193
"_ATTGTTCCAGCTATAC-4","Glut-DACH2-4","Ex_DACH2_ITGA9",0.323659396720065
"_ATTGTTCGTCGGTACC-4","Glut-DACH2-1","Ex_DACH2_MGAT4C",0.303813476835109
"_ATTTACCCATACACCA-4","Glut-DACH2-3","Ex_DACH2_SLIT2",0.542218515066464
"_ATTTACCGTGTCCGTG-4","Glut-DACH2-3","Ex_DACH2_ZMAT4",0.58076879681378
"_ATTTACCTCGAGAGAC-4","Glut-DACH2-1","Ex_DACH2_MGAT4C",0.321342605521725
"_ATTTCACAGTATGCAA-4","Glut-DACH2-2","Ex_DACH2_ADAMTS5",0.311593627689844
"_ATTTCACAGTCAATCC-4","Glut-DACH2-8","Ex_DACH2_ZMAT4",0.67586506947168
"_ATTTCTGAGTCTGCGC-4","Glut-DACH2-3","Ex_DACH2_ZMAT4",0.390245567712154
"_ATTTCTGCAGCTGGTC-4","Glut-DACH2-3","Ex_DACH2_SLIT2",0.771542726858526
"_ATTTCTGGTGGGACAT-4","Glut-DACH2-3","Ex_DACH2_ZMAT4",0.383378357611893
"_CAAAGAACAGCGGTTC-4","Glut-DACH2-2","Ex_DACH2_MGAT4C",0.250654080975344
"_CAAAGAATCTGGTGGC-4","Glut-DACH2-2","Ex_DACH2_GRIK4",0.22754796296384
"_CAACAACGTACACTCA-4","Glut-DACH2-3","Ex_DACH2_SLIT2",0.694161891757783
"_CAACAACGTCCGGTCA-4","Glut-DACH2-1","Ex_DACH2_GRIK4",0.282965416622085
"_CAACAGTAGATTCGAA-4","Glut-DACH2-1","Ex_DACH2_NR4A3",0.503481563443859
"_CAACAGTCATACATCG-4","Glut-DACH2-1","Ex_DACH2_LHX2",0.274403781936876
"_CAACAGTTCTCTTCAA-4","Glut-DACH2-1","Ex_DACH2_MGAT4C",0.302267713466702
"_CAACCAAAGCTCTATG-4","Glut-DACH2-1","Ex_DACH2_MGAT4C",0.307294358816477
"_CAACCAACAGCCCAGT-4","Glut-DACH2-3","Ex_DACH2_SLIT2",0.738552699542837
"_CAACCAACAGCTGCCA-4","Glut-DACH2-4","Ex_DACH2_CEMIP",0.275031352394794
"_CAACCTCCAGTAACGG-4","Glut-DACH2-3","Ex_DACH2_SLIT2",0.62099014348967
"_CAACCTCGTAGAGGAA-4","Glut-DACH2-1","Ex_DACH2_MGAT4C",0.332491621187483
"_CAACGATTCCTTCGAC-4","Glut-DACH2-2","Ex_DACH2_GRIK4",0.219313527486308
"_CAACGGCAGACATAGT-4","Glut-DACH2-2","Ex_DACH2_GRIK4",0.311868401739256
"_CAACGGCAGCTGAAAT-4","Glut-DACH2-3","Ex_DACH2_SLIT2",0.557495467731517
"_CAACGGCAGGGTTAGC-4","Glut-DACH2-2","Ex_DACH2_ADAMTS5",0.484586546023662
"_CAACGGCTCGCCTTTG-4","Glut-DACH2-1","Ex_DACH2_MGAT4C",0.336956235531539
"_CAAGACTAGACGCTCC-4","Glut-DACH2-2","Ex_DACH2_GRIK4",0.250302986879623
"_CAAGACTAGGGAACAA-4","Glut-DACH2-3","Ex_DACH2_ZMAT4",0.388730348787768
"_CAAGACTCACCATTCC-4","Glut-DACH2-1","Ex_DACH2_GRIK4",0.402493046617335
"_CAAGACTCAGCAGTTT-4","Glut-DACH2-3","Ex_DACH2_SLIT2",0.788931583131581
"_CAAGACTGTACAATAG-4","Glut-DACH2-3","Ex_DACH2_ZMAT4",0.412636855656561
"_CAAGACTGTACCGCGT-4","Glut-DACH2-2","Ex_DACH2_LHX2",0.39576512023415
"_CAAGAGGCATGGTACT-4","Glut-DACH2-1","Ex_DACH2_MGAT4C",0.333261963028106
"_CAAGAGGTCGTCTCAC-4","Glut-DACH2-3","Ex_DACH2_SLIT2",0.375019656395001
"_CAAGCTATCAGGGATG-4","Glut-DACH2-3","Ex_DACH2_SLIT2",0.447980854694048
"_CAAGGGAAGGATTCAA-4","Glut-DACH2-4","Ex_DACH2_ITGA9",0.266228787804405
"_CAAGGGACATGAGGGT-4","Glut-DACH2-3","Ex_DACH2_SLIT2",0.765628355748341
"_CAAGGGATCAGCTGTA-4","Glut-DACH2-3","Ex_DACH2_CEMIP",0.194497008632529
"_CAATACGCAAGGATGC-4","Glut-DACH2-3","Ex_DACH2_ZMAT4",0.379760880725628
"_CAATACGGTTCCGGTG-4","Glut-DACH2-1","Ex_DACH2_NR4A3",0.40208561286246
"_CAATCGAGTCTAACTG-4","Glut-DACH2-3","Ex_DACH2_SLIT2",0.821683304226768
"_CAATGACAGGCATGCA-4","Glut-DACH2-2","Ex_DACH2_GRIK4",0.227135882504326
"_CAATGACCATCAGCTA-4","Glut-DACH2-5","Ex_DACH2_LHX2",0.315215991148098
"_CAATGACTCACTTTGT-4","Glut-DACH2-1","Ex_DACH2_GRIK4",0.320106509565866
"_CAATTTCCACGCAGTC-4","Glut-DACH2-3","Ex_DACH2_SLIT2",0.651294247429094
"_CAATTTCTCTAAGCCA-4","Glut-DACH2-3","Ex_DACH2_ZMAT4",0.541401119148737
"_CACAACAGTTTGTTGG-4","Glut-DACH2-4","Ex_DACH2_SLIT2",0.284849196070732
"_CACAGGCAGAGGTCAC-4","Glut-DACH2-2","Ex_DACH2_ADAMTS5",0.231015567129479
"_CACATGACAAGCTGTT-4","Glut-DACH2-2","Ex_DACH2_ADAMTS5",0.228008445713229
"_CACATGACAGGATTCT-4","Glut-DACH2-3","Ex_DACH2_SLIT2",0.346165900208947
"_CACATGACATATGAAG-4","Glut-DACH2-2","Ex_DACH2_ADAMTS5",0.312986186665481
"_CACCAAACAATGCTCA-4","Glut-DACH2-2","Ex_DACH2_GRIK4",0.269770612744024
"_CACCAAAGTTCTAACG-4","Glut-DACH2-2","Ex_DACH2_ADAMTS5",0.226875805974037
"_CACCGTTGTAGCTGAG-4","Glut-DACH2-3","Ex_DACH2_ZMAT4",0.699351056904535
"_CACGAATAGTGGTGGT-4","Glut-DACH2-3","Ex_DACH2_SLIT2",0.745718769395831
"_CACGAATCACACACGC-4","Glut-DACH2-1","Ex_DACH2_MGAT4C",0.329335069265567
"_CACGAATGTCCTATAG-4","Glut-DACH2-2","Ex_DACH2_ADAMTS5",0.343425085380407
"_CACGAATTCGCGTGAC-4","Glut-DACH2-1","Ex_DACH2_MGAT4C",0.254540848196817
"_CACGGGTAGCATTGTC-4","Glut-DACH2-1","Ex_DACH2_MGAT4C",0.336326129945177
"_CACGGGTAGGCATCAG-4","Glut-DACH2-1","Ex_DACH2_GRIK4",0.365244772756749
"_CACGGGTTCTGCGATA-4","Glut-DACH2-3","Ex_DACH2_SLIT2",0.728902839268948
"_CACGTGGGTGTCATTG-4","Glut-DACH2-5","Ex_DACH2_ADAMTS5",0.349062799980177
"_CACGTGGGTGTTGACT-4","Glut-DACH2-3","Ex_DACH2_SLIT2",0.752640174950564
"_CACGTTCCAACGACTT-4","Glut-DACH2-3","Ex_DACH2_SLIT2",0.270302571831979
"_CACGTTCGTCGCAACC-4","Glut-DACH2-3","Ex_DACH2_ZMAT4",0.288306842572362
"_CACGTTCTCTAGACAC-4","Glut-DACH2-3","Ex_DACH2_ZMAT4",0.47597573844904
"_CACTAAGAGTCGGGAT-4","Glut-DACH2-3","Ex_DACH2_SLIT2",0.560872197919263
"_CACTAAGCAGGGATAC-4","Glut-SATB2-1","Ex_SATB2_SOX6",0.529611806077565
"_CACTGAACAGCTGGTC-4","Glut-DACH2-4","Ex_DACH2_ITGA9",0.236285569410768
"_CACTGGGCATCACCAA-4","Glut-DACH2-1","Ex_DACH2_GRIK4",0.296346571513301
"_CACTGTCTCATTGAGC-4","Glut-DACH2-1","Ex_DACH2_GRIK4",0.29768112486682
"_CACTGTCTCTTCGACC-4","Glut-DACH2-3","Ex_DACH2_SLIT2",0.654814588793644
"_CACTTCGGTCTCACGG-4","Glut-DACH2-3","Ex_DACH2_SLIT2",0.790806790919682
"_CACTTCGGTGTTGACT-4","Glut-DACH2-2","Ex_DACH2_GRIK4",0.254872079654522
"_CACTTCGTCGTTCGCT-4","Glut-DACH2-1","Ex_DACH2_GRIK4",0.488986951736444
"_CAGAGCCAGGCTGTAG-4","Glut-DACH2-3","Ex_DACH2_ZMAT4",0.641160883829691
"_CAGATACAGAAGTGTT-4","Glut-DACH2-3","Ex_DACH2_SLIT2",0.391625730270646
"_CAGATACAGCTCTTCC-4","Glut-DACH2-2","Ex_DACH2_ADAMTS5",0.37756684703309
"_CAGATACTCTAGTGTG-4","Glut-DACH2-1","Ex_DACH2_NR4A3",0.675655649943861
"_CAGATCAAGAGGTCAC-4","Glut-DACH2-3","Ex_DACH2_SLIT2",0.372369674592575
"_CAGATCAAGTCATGAA-4","Glut-DACH2-1","Ex_DACH2_NR4A3",0.368662121731845
"_CAGATTGTCCAGCTCT-4","Glut-DACH2-3","Ex_DACH2_ZMAT4",0.601751575291183
"_CAGCAATAGGCTCTCG-4","Glut-DACH2-2","Ex_DACH2_GRIK4",0.267284078365517
"_CAGCCAGCACTCTCGT-4","Glut-DACH2-3","Ex_DACH2_ZMAT4",0.629962526916615
"_CAGCCAGTCCCGTGAG-4","Glut-DACH2-3","Ex_DACH2_SLIT2",0.761363285476001
"_CAGCGTGGTTTCGTAG-4","Glut-DACH2-1","Ex_DACH2_GRIK4",0.342779351860251
"_CAGGCCACACCGTACG-4","Glut-DACH2-2","Ex_DACH2_ADAMTS5",0.380970293326108
"_CAGGGCTGTGAGCTCC-4","Glut-DACH2-3","Ex_DACH2_SLIT2",0.721503479421948
"_CAGGTATAGTATCTGC-4","Glut-DACH2-1","Ex_DACH2_ADAMTS5",0.412840746632585
"_CAGGTATCAATCCTTT-4","Glut-DACH2-2","Ex_DACH2_ADAMTS5",0.430722860168712
"_CAGGTATGTCCACATA-4","Glut-DACH2-3","Ex_DACH2_SLIT2",0.769604524087695
"_CAGTGCGAGAATACAC-4","Glut-DACH2-3","Ex_DACH2_SLIT2",0.621729043225421
"_CAGTGCGGTATGCTAC-4","Glut-DACH2-5","Ex_DACH2_ADAMTS5",0.41932971938247
"_CAGTGCGGTTCCGCGA-4","Glut-DACH2-2","Ex_DACH2_ADAMTS5",0.29588790854542
"_CAGTGCGTCAAGTAAG-4","Glut-DACH2-3","Ex_DACH2_SLIT2",0.694273268527994
"_CAGTGCGTCTCGGTAA-4","Glut-DACH2-1","Ex_DACH2_MGAT4C",0.324063834081779
"_CAGTTAGGTTCAAACC-4","Glut-DACH2-2","Ex_DACH2_GRIK4",0.257729557863332
"_CAGTTCCTCAAACTGC-4","Glut-DACH2-1","Ex_DACH2_GRIK4",0.497396453555424
"_CAGTTCCTCAAGGTGG-4","Glut-DACH2-1","Ex_DACH2_GRIK4",0.298800765600782
"_CATAAGCTCGACCATA-4","Glut-DACH2-1","Ex_DACH2_LHX2",0.395585663941637
"_CATACAGGTACAGAGC-4","Glut-DACH2-1","Ex_DACH2_LHX2",0.396371324926353
"_CATACAGGTATCGTTG-4","Glut-DACH2-3","Ex_DACH2_SLIT2",0.568287924984843
"_CATACCCAGTGCTAGG-4","Glut-DACH2-1","Ex_DACH2_GRIK4",0.347659063726432
"_CATACCCCACTATCGA-4","Glut-DACH2-3","Ex_DACH2_SLIT2",0.772546386667204
"_CATACCCTCCCTTGTG-4","Glut-DACH2-3","Ex_DACH2_SLIT2",0.66053897746026
"_CATACCCTCTTGGTGA-4","Glut-DACH2-5","Ex_DACH2_ADAMTS5",0.427803649139707
"_CATACTTAGTAGCTCT-4","Glut-DACH2-4","Ex_DACH2_SLIT2",0.21586315133203
"_CATAGACAGGGTGGGA-4","Glut-DACH2-3","Ex_DACH2_SLIT2",0.62882492639167
"_CATAGACAGGTAGGCT-4","Glut-DACH2-3","Ex_DACH2_ZMAT4",0.612059298109337
"_CATAGACGTTGCTCCT-4","Glut-DACH2-1","Ex_DACH2_ADAMTS5",0.279969517422279
"_CATCAAGTCGGACCAC-4","Glut-DACH2-4","Ex_DACH2_ITGA9",0.370950392093131
"_CATCCACTCTTCCCGA-4","Glut-DACH2-1","Ex_DACH2_GRIK4",0.343362642327265
"_CATCCCAAGGGAGTTC-4","Glut-DACH2-3","Ex_DACH2_SLIT2",0.5772153211613
"_CATCCCAAGGTAGACC-4","Glut-DACH2-1","Ex_DACH2_MGAT4C",0.344033819505862
"_CATCCCAGTACGTTCA-4","Glut-DACH2-3","Ex_DACH2_SLIT2",0.291219047166364
"_CATCCGTAGACCATGG-4","Glut-DACH2-2","Ex_DACH2_LHX2",0.440736313748537
"_CATCCGTTCACCCATC-4","Glut-DACH2-1","Ex_DACH2_GRIK4",0.359495982348798
"_CATCGCTCAGCCCAGT-4","Glut-DACH2-4","Ex_DACH2_ITGA9",0.320828769649868
"_CATCGCTGTAGGGAGG-4","Glut-DACH2-4","Ex_DACH2_CEMIP",0.261384295594351
"_CATCGGGTCAAGGCTT-4","Glut-DACH2-3","Ex_DACH2_SLIT2",0.708686395440277
"_CATCGGGTCACCCATC-4","Glut-DACH2-2","Ex_DACH2_ADAMTS5",0.278595654123262
"_CATCGTCAGGATGAGA-4","Glut-DACH2-3","Ex_DACH2_ZMAT4",0.551487609011464
"_CATCGTCAGGTACATA-4","Glut-DACH2-3","Ex_DACH2_SLIT2",0.7307954635449
"_CATCGTCCACGGAAGT-4","Glut-DACH2-1","Ex_DACH2_GRIK4",0.325877077456616
"_CATCGTCTCGACTCCT-4","Glut-DACH2-2","Ex_DACH2_LHX2",0.304097392091488
"_CATGAGTAGCTTTCTT-4","Glut-DACH2-2","Ex_DACH2_GRIK4",0.261378598676463
"_CATGAGTGTCAACATC-4","Glut-DACH2-HVCra-Pre","Ex_DACH2_ITGA9",0.175434946450159
"_CATGAGTGTGCTTCAA-4","Glut-DACH2-3","Ex_DACH2_SLIT2",0.321429055042838
"_CATGCCTAGGAACGCT-4","Glut-DACH2-2","Ex_DACH2_LHX2",0.381417396071153
"_CATGCCTTCCGATAGT-4","Glut-DACH2-3","Ex_DACH2_ZMAT4",0.730029830001497
"_CATGCCTTCTATCACT-4","Glut-DACH2-1","Ex_DACH2_MGAT4C",0.271448926003746
"_CATGCGGAGCTATCCA-4","Glut-DACH2-3","Ex_DACH2_SLIT2",0.632697499763895
"_CATGCGGAGGAAGTAG-4","Glut-DACH2-4","Ex_DACH2_ITGA9",0.372050510995806
"_CATGCGGAGTTCACTG-4","Glut-DACH2-1","Ex_DACH2_MGAT4C",0.305687151327414
"_CATGCGGTCACTGGGC-4","Glut-DACH2-3","Ex_DACH2_SLIT2",0.5508748087233
"_CATGCGGTCTTTCTAG-4","Glut-DACH2-1","Ex_DACH2_MGAT4C",0.337141276786228
"_CATGCTCCACACACGC-4","Glut-DACH2-3","Ex_DACH2_ZMAT4",0.314374776915568
"_CATGGATAGCCATATC-4","Glut-DACH2-3","Ex_DACH2_ZMAT4",0.370665194856565
"_CATGGATTCTGAACGT-4","Glut-DACH2-4","Ex_DACH2_ITGA9",0.307340674257447
"_CATGGTAGTCAGACTT-4","Glut-DACH2-1","Ex_DACH2_GRIK4",0.429227022544264
"_CATTCATCAAGTATCC-4","Glut-DACH2-1","Ex_DACH2_GRIK4",0.296264256615069
"_CATTCATGTTCCGCTT-4","Glut-DACH2-3","Ex_DACH2_SLIT2",0.619228670888954
"_CATTCCGAGTATTCCG-4","Glut-DACH2-1","Ex_DACH2_ADAMTS5",0.242017029689711
"_CATTCCGTCGCGGACT-4","Glut-DACH2-1","Ex_DACH2_NR4A3",0.337506752181606
"_CATTCTAAGCACTGGA-4","Glut-DACH2-3","Ex_DACH2_SLIT2",0.670952133731373
"_CATTCTACACGCGCTA-4","Glut-DACH2-1","Ex_DACH2_LHX2",0.334678024968258
"_CATTGAGAGTGGAAAG-4","Glut-DACH2-3","Ex_DACH2_ZMAT4",0.402785445626361
"_CATTGAGTCCTTCTAA-4","Glut-DACH2-2","Ex_DACH2_MGAT4C",0.27492162926735
"_CATTGCCCAAGCACAG-4","Glut-DACH2-2","Ex_DACH2_GRIK4",0.274922454105794
"_CATTGTTAGTCAGCCC-4","Glut-DACH2-1","Ex_DACH2_NR4A3",0.910804991792649
"_CATTGTTGTTCAGCTA-4","Glut-DACH2-3","Ex_DACH2_SLIT2",0.49535626553389
"_CATTGTTTCTGGTTGA-4","Glut-DACH2-2","Ex_DACH2_MGAT4C",0.263928480797858
"_CATTTCAAGGCGCTCT-4","Glut-DACH2-2","Ex_DACH2_GRIK4",0.334629362537853
"_CCAAGCGAGACATAGT-4","Glut-DACH2-1","Ex_DACH2_MGAT4C",0.275376036478105
"_CCAAGCGCACCCTGAG-4","Glut-DACH2-2","Ex_DACH2_NR4A3",0.304743588960439
"_CCAATGACACCAGCCA-4","Glut-DACH2-2","Ex_DACH2_LHX2",0.351125070159192
"_CCAATGATCTGAGCAT-4","Glut-DACH2-3","Ex_DACH2_SLIT2",0.78961687967156
"_CCAATTTAGGAAGTGA-4","Glut-DACH2-3","Ex_DACH2_SLIT2",0.732970521972254
"_CCAATTTGTATAGGAT-4","Glut-DACH2-1","Ex_DACH2_MGAT4C",0.366540442340083
"_CCAATTTGTTAACCTG-4","Glut-DACH2-1","Ex_DACH2_MGAT4C",0.301792188819899
"_CCAATTTTCGAGCCTG-4","Glut-DACH2-1","Ex_DACH2_ADAMTS5",0.311394227549482
"_CCAATTTTCTCGTGGG-4","Glut-DACH2-3","Ex_DACH2_SLIT2",0.672527805121194
"_CCACAAACAACACGAG-4","Glut-DACH2-3","Ex_DACH2_ADAMTS5",0.205968955388921
"_CCACAAAGTGCTGTCG-4","Glut-DACH2-3","Ex_DACH2_SLIT2",0.758255386200993
"_CCACACTAGCCATCCG-4","Glut-DACH2-3","Ex_DACH2_SLIT2",0.596695742607532
"_CCACACTGTCAGACTT-4","Glut-DACH2-1","Ex_DACH2_MGAT4C",0.312542554510659
"_CCACACTTCAGGAAAT-4","Glut-DACH2-2","Ex_DACH2_ADAMTS5",0.340280206774311
"_CCACACTTCTGGCCTT-4","Glut-DACH2-2","Ex_DACH2_ADAMTS5",0.253680575560521
"_CCACCATCAACAGATA-4","Glut-DACH2-1","Ex_DACH2_MGAT4C",0.330078338902491
"_CCACCATGTCTACGAT-4","Glut-DACH2-2","Ex_DACH2_ADAMTS5",0.260033269440053
"_CCACGAGAGTCATCCA-4","Glut-DACH2-1","Ex_DACH2_NR4A3",0.816626231592804
"_CCACGAGTCGTTGCCT-4","Glut-DACH2-1","Ex_DACH2_NR4A3",0.355634309818954
"_CCACGTTCAGCTCCTT-4","Glut-DACH2-5","Ex_DACH2_GRIK4",0.244579709438007
"_CCACTTGGTCCAGTTA-4","Glut-DACH2-3","Ex_DACH2_ZMAT4",0.522418446855022
"_CCACTTGTCAGCTAGT-4","Glut-DACH2-3","Ex_DACH2_SLIT2",0.435971732439329
"_CCACTTGTCGTGCACG-4","Glut-DACH2-2","Ex_DACH2_ADAMTS5",0.472650529845364
"_CCACTTGTCTGCTCTG-4","Glut-DACH2-3","Ex_DACH2_SLIT2",0.584215336488468
"_CCATCACGTAACAAGT-4","Glut-DACH2-3","Ex_DACH2_SLIT2",0.741802024728133
"_CCATCACTCAACCTCC-4","Glut-DACH2-2","Ex_DACH2_ADAMTS5",0.465723787046832
"_CCCAACTAGGATTCAA-4","Glut-DACH2-3","Ex_DACH2_SLIT2",0.625303996663608
"_CCCAACTCATTAGGCT-4","Glut-DACH2-2","Ex_DACH2_GRIK4",0.338966347143681
"_CCCAACTGTAGCTAAA-4","Glut-DACH2-1","Ex_DACH2_GRIK4",0.233172598329107
"_CCCAACTGTCCTTGTC-4","Glut-DACH2-1","Ex_DACH2_MGAT4C",0.288732335766019
"_CCCAACTGTCGTTTCC-4","Glut-DACH2-3","Ex_DACH2_SLIT2",0.809633338263915
"_CCCAACTGTTCTCTCG-4","Glut-DACH2-3","Ex_DACH2_ZMAT4",0.522923585634937
"_CCCATTGGTGGAACCA-4","Glut-DACH2-4","Ex_DACH2_ITGA9",0.278855693526277
"_CCCGAAGCAATCGCGC-4","Glut-DACH2-3","Ex_DACH2_SLIT2",0.519044473547271
"_CCCGGAATCTTGATTC-4","Glut-DACH2-4","Ex_DACH2_ITGA9",0.242453825731181
"_CCCTAACCATTGACTG-4","Glut-DACH2-2","Ex_DACH2_LHX2",0.352929922334134
"_CCCTAACGTAGACAAT-4","Glut-DACH2-3","Ex_DACH2_ZMAT4",0.432613595335422
"_CCCTAACGTCCAACGC-4","Glut-DACH2-3","Ex_DACH2_NR4A3",0.680953347963641
"_CCCTAACTCCCGAGAC-4","Glut-DACH2-1","Ex_DACH2_MGAT4C",0.294262601702728
"_CCCTCAAAGCTCAGAG-4","Glut-DACH2-3","Ex_DACH2_SLIT2",0.631187057878162
"_CCCTCTCAGACATCCT-4","Glut-DACH2-2","Ex_DACH2_ADAMTS5",0.251046939984721
"_CCCTCTCAGACTCATC-4","Glut-DACH2-2","Ex_DACH2_LHX2",0.336938514639248
"_CCCTCTCCAAAGCAAT-4","Glut-DACH2-1","Ex_DACH2_MGAT4C",0.307495512109079
"_CCCTCTCGTGTTTACG-4","Glut-DACH2-4","Ex_DACH2_ITGA9",0.412758283945377
"_CCCTGATGTGATTAGA-4","Glut-DACH2-3","Ex_DACH2_SLIT2",0.729362373966771
"_CCCTTAGAGACCAACG-4","Glut-DACH2-2","Ex_DACH2_LHX2",0.374619954643507
"_CCCTTAGTCGCGTTTC-4","Glut-DACH2-1","Ex_DACH2_MGAT4C",0.321476155591547
"_CCCTTAGTCTGGTCAA-4","Glut-DACH2-2","Ex_DACH2_GRIK4",0.378293434753995
"_CCGAACGTCGTTCCTG-4","Glut-DACH2-2","Ex_DACH2_ADAMTS5",0.342152968576154
"_CCGATCTGTCTGTCAA-4","Glut-DACH2-1","Ex_DACH2_MGAT4C",0.291188561548592
"_CCGATGGGTTGGACTT-4","Glut-DACH2-1","Ex_DACH2_ADAMTS5",0.346758528622446
"_CCGCAAGGTCTCCCTA-4","Glut-DACH2-2","Ex_DACH2_MGAT4C",0.215262776016216
"_CCGGACAGTAGCTAAA-4","Glut-DACH2-5","Ex_DACH2_ADAMTS5",0.588091993118792
"_CCGGACATCCCAGGCA-4","Glut-DACH2-1","Ex_DACH2_ITGA9",0.276153850558584
"_CCGGGTACAGTTCCAA-4","Glut-DACH2-2","Ex_DACH2_ADAMTS5",0.401938302427429
"_CCGGTAGAGTGATGGC-4","Glut-DACH2-3","Ex_DACH2_ZMAT4",0.267775367846329
"_CCGGTAGCACATCCCT-4","Glut-DACH2-1","Ex_DACH2_MGAT4C",0.279101341795692
"_CCGGTAGTCGTTCTGC-4","Glut-DACH2-1","Ex_DACH2_MGAT4C",0.344876940779041
"_CCGGTGAGTACTTGTG-4","Glut-DACH2-2","Ex_DACH2_ADAMTS5",0.358771259165925
"_CCGTTCAAGAGGCTGT-4","Glut-DACH2-3","Ex_DACH2_ZMAT4",0.423707528593107
"_CCGTTCAAGTCACTGT-4","Glut-DACH2-3","Ex_DACH2_ITGA9",0.282525385489152
"_CCGTTCATCGATACTG-4","Glut-DACH2-3","Ex_DACH2_CEMIP",0.346092183320045
"_CCTAACCAGCTGACCC-4","Glut-DACH2-5","Ex_DACH2_ADAMTS5",0.41712724923245
"_CCTAACCAGTACAACA-4","Glut-DACH2-5","Ex_DACH2_ADAMTS5",0.376020082830623
"_CCTAACCGTGTCATGT-4","Glut-DACH2-1","Ex_DACH2_MGAT4C",0.281992092427385
"_CCTAACCTCGACGTCG-4","Glut-DACH2-3","Ex_DACH2_SLIT2",0.610243154137245
"_CCTAAGAAGATAGCAT-4","Glut-DACH2-4","Ex_DACH2_ITGA9",0.297955368943912
"_CCTAAGAAGGCATTTC-4","Glut-DACH2-5","Ex_DACH2_ADAMTS5",0.415517032095302
"_CCTAAGACAGATCCTA-4","Glut-DACH2-1","Ex_DACH2_GRIK4",0.295524233746806
"_CCTAAGAGTACTGAGG-4","Glut-DACH2-3","Ex_DACH2_ZMAT4",0.360688826603748
"_CCTAAGAGTGAGGATC-4","Glut-DACH2-3","Ex_DACH2_NR4A3",0.280423208925047
"_CCTACGTCAATAACGA-4","Glut-DACH2-3","Ex_DACH2_SLIT2",0.722197177525272
"_CCTATCGAGGCAGGTT-4","Glut-DACH2-4","Ex_DACH2_ITGA9",0.3373249820991
"_CCTATCGGTCTGCCTT-4","Glut-DACH2-1","Ex_DACH2_GRIK4",0.322904844172549
"_CCTATCGTCAGTGGGA-4","Glut-DACH2-4","Ex_DACH2_ITGA9",0.391656024418291
"_CCTCAACAGAGATGCC-4","Glut-DACH2-2","Ex_DACH2_GRIK4",0.29585190058005
"_CCTCAACAGCACCGAA-4","Glut-DACH2-3","Ex_DACH2_NR4A3",0.303741047709377
"_CCTCACACATCACAGT-4","Glut-DACH2-1","Ex_DACH2_NR4A3",0.818203121965272
"_CCTCACAGTACGGCAA-4","Glut-DACH2-3","Ex_DACH2_SLIT2",0.58956785765706
"_CCTCACAGTCTCTCAC-4","Glut-DACH2-3","Ex_DACH2_SLIT2",0.702724355986906
"_CCTCAGTAGAAAGCGA-4","Glut-DACH2-4","Ex_DACH2_ITGA9",0.315415658930899
"_CCTCAGTGTGCGAACA-4","Glut-DACH2-5","Ex_DACH2_ADAMTS5",0.582758916999671
"_CCTCATGAGTTGCGCC-4","Glut-DACH2-2","Ex_DACH2_GRIK4",0.244140349068547
"_CCTCATGGTGATGAAT-4","Glut-DACH2-3","Ex_DACH2_ZMAT4",0.338736073648846
"_CCTCATGGTTACAGCT-4","Glut-DACH2-3","Ex_DACH2_ZMAT4",0.69706078439027
"_CCTCATGTCCACCTCA-4","Glut-DACH2-1","Ex_DACH2_GRIK4",0.358368007928713
"_CCTCATGTCTACAGGT-4","Glut-DACH2-2","Ex_DACH2_LHX2",0.297298940131693
"_CCTCCAACACGTGTGC-4","Glut-DACH2-1","Ex_DACH2_ADAMTS5",0.293575016803994
"_CCTCCTCCAATCCTAG-4","Glut-DACH2-3","Ex_DACH2_SLIT2",0.707926872797891
"_CCTCCTCGTGCCCGTA-4","Glut-DACH2-1","Ex_DACH2_GRIK4",0.24070190184751
"_CCTCCTCTCTCCCAAC-4","Glut-DACH2-3","Ex_DACH2_SLIT2",0.423591475721277
"_CCTCTAGAGATTGTGA-4","Glut-DACH2-2","Ex_DACH2_LHX2",0.545542082963951
"_CCTCTAGCAAAGACTA-4","Glut-DACH2-1","Ex_DACH2_NR4A3",0.718575724704125
"_CCTCTAGCATGAGATA-4","Glut-DACH2-1","Ex_DACH2_NR4A3",0.712405512839467
"_CCTCTAGTCGCAGTTA-4","Glut-DACH2-3","Ex_DACH2_ZMAT4",0.356043904580673
"_CCTCTAGTCGCTTTAT-4","Glut-DACH2-3","Ex_DACH2_SLIT2",0.802961752884739
"_CCTCTCCAGCCTCTTC-4","Glut-DACH2-2","Ex_DACH2_LHX2",0.418211882508791
"_CCTCTCCCACTGGAAG-4","Glut-DACH2-1","Ex_DACH2_NR4A3",0.754256465989742
"_CCTCTCCCATTCACAG-4","Glut-DACH2-2","Ex_DACH2_GRIK4",0.228901420593739
"_CCTCTCCGTGAGTAAT-4","Glut-DACH2-1","Ex_DACH2_NR4A3",0.329756799433573
"_CCTCTCCTCGAGCCAC-4","Glut-DACH2-1","Ex_DACH2_MGAT4C",0.23251412093516
"_CCTGCATCACATCATG-4","Glut-DACH2-3","Ex_DACH2_SLIT2",0.60587948319219
"_CCTGCATGTAGTCCTA-4","Glut-DACH2-3","Ex_DACH2_SLIT2",0.706776587434965
"_CCTGTTGCAAGAAATC-4","Glut-DACH2-3","Ex_DACH2_SLIT2",0.581524540914965
"_CCTGTTGGTGTAGCAG-4","Glut-DACH2-4","Ex_DACH2_CEMIP",0.277296021509663
"_CCTTCAGGTTCAGCTA-4","Glut-DACH2-2","Ex_DACH2_GRIK4",0.313131375856508
"_CCTTGTGAGGAGCTGT-4","Glut-DACH2-1","Ex_DACH2_ADAMTS5",0.392509862984863
"_CCTTGTGTCGTCAAAC-4","Glut-DACH2-4","Ex_DACH2_ITGA9",0.386876377185955
"_CCTTTGGCACGAGAAC-4","Glut-DACH2-1","Ex_DACH2_MGAT4C",0.289351659910966
"_CCTTTGGGTGACTGAG-4","Glut-DACH2-1","Ex_DACH2_SLIT2",0.339024393578758
"_CCTTTGGTCCGTGTCT-4","Glut-DACH2-1","Ex_DACH2_GRIK4",0.377346776143325
"_CGAAGGAAGCCTTTGA-4","Glut-DACH2-4","Ex_DACH2_ITGA9",0.318720345837359
"_CGAAGGAAGTGTAGAT-4","Glut-DACH2-1","Ex_SATB2_SOX6",0.183293638566699
"_CGAAGGATCATCCCGT-4","Glut-DACH2-3","Ex_DACH2_ZMAT4",0.732362189927004
"_CGAAGTTCACACAGAG-4","Glut-DACH2-1","Ex_DACH2_ADAMTS5",0.271686785192238
"_CGAAGTTGTAGACAAT-4","Glut-DACH2-1","Ex_DACH2_ADAMTS5",0.367194509771899
"_CGAAGTTGTCCTCATC-4","Glut-DACH2-3","Ex_DACH2_ZMAT4",0.44157500989191
"_CGAATTGAGGCATGCA-4","Glut-DACH2-1","Ex_DACH2_GRIK4",0.308793611332673
"_CGAATTGAGTACTGGG-4","Glut-DACH2-2","Ex_DACH2_GRIK4",0.267603704714149
"_CGAATTGTCACACGAT-4","Glut-DACH2-2","Ex_DACH2_MGAT4C",0.242743220219624
"_CGAATTGTCTGCATAG-4","Glut-DACH2-4","Ex_DACH2_ITGA9",0.231354151078521
"_CGACAGCAGAAATGGG-4","Glut-DACH2-2","Ex_DACH2_GRIK4",0.253232350426635
"_CGACAGCGTCAACGCC-4","Glut-DACH2-4","Ex_DACH2_ITGA9",0.318364577904932
"_CGAGAAGCAGGACTAG-4","Glut-DACH2-1","Ex_DACH2_MGAT4C",0.30701210137216
"_CGAGAAGGTGGTACAG-4","Glut-DACH2-1","Ex_DACH2_GRIK4",0.458432963571413
"_CGAGGAAAGGGCATGT-4","Glut-DACH2-3","Ex_DACH2_ZMAT4",0.698272666844005
"_CGAGGCTAGCTTACGT-4","Glut-DACH2-3","Ex_DACH2_SLIT2",0.347102444685591
"_CGAGGCTTCATTACTC-4","Glut-DACH2-3","Ex_DACH2_SLIT2",0.783589180242619
"_CGATCGGAGAGTGTGC-4","Glut-DACH2-3","Ex_DACH2_SLIT2",0.73340151085576
"_CGATCGGCACTGCTTC-4","Glut-DACH2-4","Ex_DACH2_ZMAT4",0.612726279193511
"_CGATCGGGTATCAGCT-4","Glut-DACH2-3","Ex_DACH2_ZMAT4",0.293857485182888
"_CGATGGCCAGATTCGT-4","Glut-DACH2-1","Ex_DACH2_NR4A3",0.855169592902366
"_CGATGGCGTAGCACGA-4","Glut-DACH2-1","Ex_DACH2_NR4A3",0.851925441732129
"_CGCAGGTCATCGCTAA-4","Glut-DACH2-3","Ex_DACH2_SLIT2",0.460065136584515
"_CGCAGGTTCAGGCGAA-4","Glut-DACH2-5","Ex_DACH2_ADAMTS5",0.293434882832019
"_CGCATAAAGACCAGCA-4","Glut-DACH2-1","Ex_DACH2_ADAMTS5",0.33040141237999
"_CGCATAAAGCGTATAA-4","Glut-DACH2-1","Ex_DACH2_LHX2",0.261957793652943
"_CGCATAATCCACTAGA-4","Glut-DACH2-3","Ex_DACH2_SLIT2",0.325873424407157
"_CGCATGGCAATTCACG-4","Glut-DACH2-1","Ex_DACH2_GRIK4",0.312004534274391
"_CGCATGGCATCGCTCT-4","Glut-DACH2-3","Ex_DACH2_ZMAT4",0.353435803145163
"_CGCCAGATCACAAGAA-4","Glut-DACH2-3","Ex_DACH2_SLIT2",0.52290275392719
"_CGCCAGATCCCAGCGA-4","Glut-DACH2-3","Ex_DACH2_SLIT2",0.474508333551671
"_CGCCATTAGGGAACAA-4","Glut-DACH2-3","Ex_DACH2_ZMAT4",0.335529641504011
"_CGCCATTCAACTCCAA-4","Glut-DACH2-4","Ex_DACH2_ITGA9",0.394841292938851
"_CGCGTGACAACTCCCT-4","Glut-DACH2-4","Ex_DACH2_ITGA9",0.340351984434934
"_CGGAACCGTTGCGTAT-4","Glut-DACH2-4","Ex_DACH2_ITGA9",0.388503356034799
"_CGGAACCTCGCTACGG-4","Glut-DACH2-2","Ex_DACH2_LHX2",0.31623730896743
"_CGGAATTGTCGCACAC-4","Glut-DACH2-4","Ex_DACH2_NR4A3",0.173756761221036
"_CGGAGAACATTCACAG-4","Glut-DACH2-3","Ex_DACH2_SLIT2",0.628716708291197
"_CGGAGAAGTCGACTTA-4","Glut-DACH2-3","Ex_DACH2_SLIT2",0.485562164100532
"_CGGAGAAGTCTTTATC-4","Glut-DACH2-2","Ex_DACH2_ADAMTS5",0.348491194117152
"_CGGAGAAGTGTTCGTA-4","Glut-DACH2-2","Ex_DACH2_GRIK4",0.245852126107801
"_CGGCAGTCAAGAGTTA-4","Glut-DACH2-3","Ex_DACH2_SLIT2",0.581531799958891
"_CGGCAGTCAGTGAGCA-4","Glut-DACH2-3","Ex_DACH2_ZMAT4",0.203811723167455
"_CGGGACTAGGCATTTC-4","Glut-DACH2-1","Ex_DACH2_LHX2",0.297443754094909
"_CGGGACTAGGGTACGT-4","Glut-DACH2-3","Ex_DACH2_SLIT2",0.762561335606642
"_CGGGACTCACCGGTCA-4","Glut-DACH2-3","Ex_DACH2_ZMAT4",0.422860466198512
"_CGGGCATCAGACCCGT-4","Glut-DACH2-4","Ex_SATB2_FOXP2",0.290886203522963
"_CGGGCATCATGGGTTT-4","Glut-DACH2-3","Ex_DACH2_ZMAT4",0.457902766097162
"_CGGGTCAAGCTACGTT-4","Glut-DACH2-2","Ex_DACH2_ADAMTS5",0.442510228633078
"_CGGGTCACACAGTCGC-4","Glut-DACH2-4","Ex_DACH2_ITGA9",0.400076759003947
"_CGGGTCAGTGACAACG-4","Glut-DACH2-3","Ex_DACH2_SLIT2",0.627430990554728
"_CGGGTCATCCCATGGG-4","Glut-DACH2-1","Ex_DACH2_GRIK4",0.344309020353134
"_CGGGTCATCCCGAATA-4","Glut-DACH2-1","Ex_DACH2_MGAT4C",0.296166464561643
"_CGGGTGTAGCAAACAT-4","Glut-DACH2-4","Ex_SATB2_FOXP2",0.305999971952067
"_CGGGTGTGTCTAGGTT-4","Glut-DACH2-1","Ex_DACH2_MGAT4C",0.330599279977404
"_CGGGTGTGTTACCTGA-4","Glut-DACH2-3","Ex_DACH2_ZMAT4",0.313930454991932
"_CGGGTGTTCAGACATC-4","Glut-DACH2-1","Ex_DACH2_GRIK4",0.405133374929273
"_CGGTCAGGTTGGAGGT-4","Glut-DACH2-5","Ex_DACH2_ADAMTS5",0.586748583959096
"_CGGTCAGTCGGCAGTC-4","Glut-DACH2-2","Ex_DACH2_GRIK4",0.281010403257754
"_CGTAAGTTCGATTGGT-4","Glut-DACH2-4","Ex_DACH2_ZMAT4",0.416952303383188
"_CGTAATGAGGGCCCTT-4","Glut-DACH2-2","Ex_DACH2_GRIK4",0.241541988522476
"_CGTAATGTCTGTCTCG-4","Glut-DACH2-2","Ex_DACH2_GRIK4",0.325339756147084
"_CGTAGTAGTGGTCTAT-4","Glut-DACH2-3","Ex_DACH2_SLIT2",0.687682479378411
"_CGTCAAATCAGCTGTA-4","Glut-DACH2-3","Ex_DACH2_SLIT2",0.560931890148206
"_CGTCCATAGAATAGTC-4","Glut-DACH2-4","Ex_DACH2_ITGA9",0.268697799987122
"_CGTCCATAGCTCTGTA-4","Glut-DACH2-1","Ex_DACH2_GRIK4",0.287719848495489
"_CGTCCATAGGAGAGGC-4","Glut-DACH2-2","Ex_DACH2_GRIK4",0.286895336251539
"_CGTCCATGTGAACCGA-4","Glut-DACH2-3","Ex_DACH2_SLIT2",0.821030184452372
"_CGTGAATCAGAGAAAG-4","Glut-DACH2-3","Ex_DACH2_ZMAT4",0.612473486154883
"_CGTGAATTCTGGGTCG-4","Glut-DACH2-4","Ex_DACH2_NR4A3",0.391337427676662
"_CGTGATACAAGGGTCA-4","Glut-DACH2-1","Ex_DACH2_LHX2",0.358587702743473
"_CGTGCTTTCTTTGCTA-4","Glut-DACH2-7","Ex_DACH2_ADAMTS5",0.354544706097308
"_CGTGTCTAGCACCTGC-4","Glut-DACH2-2","Ex_DACH2_MGAT4C",0.28491969785859
"_CGTTCTGCATAATGAG-4","Glut-DACH2-2","Ex_DACH2_MGAT4C",0.271210067304261
"_CGTTCTGTCACCTCGT-4","Glut-DACH2-1","Ex_DACH2_GRIK4",0.412174571608141
"_CGTTGGGGTATAGCTC-4","Glut-DACH2-4","Ex_DACH2_ITGA9",0.305677073235644
"_CGTTGGGTCATTGCGA-4","Glut-DACH2-2","Ex_DACH2_GRIK4",0.307866769649555
"_CTAACCCTCCGATAAC-4","Glut-DACH2-1","Ex_DACH2_MGAT4C",0.316673729889698
"_CTAACCCTCGCCAGTG-4","Glut-DACH2-4","Ex_DACH2_ADAMTS5",0.387605427989678
"_CTAACTTCATAGCACT-4","Glut-DACH2-2","Ex_DACH2_ADAMTS5",0.245419939945101
"_CTAACTTGTGTGTCCG-4","Glut-DACH2-3","Ex_DACH2_SLIT2",0.354625294083838
"_CTAACTTTCGGTAGGA-4","Glut-DACH2-1","Ex_DACH2_MGAT4C",0.32181201161071
"_CTAAGTGAGAAGCCAC-4","Glut-DACH2-2","Ex_DACH2_LHX2",0.430994086605521
"_CTAAGTGAGGACGCTA-4","Glut-DACH2-2","Ex_DACH2_ADAMTS5",0.248594849885753
"_CTAAGTGGTGGATCAG-4","Glut-DACH2-HVCra-Pre","Ex_DACH2_MGAT4C",0.297517649512217
"_CTAAGTGGTTCCGCAG-4","Glut-DACH2-1","Ex_DACH2_MGAT4C",0.365815668488815
"_CTAAGTGTCGCAATTG-4","Glut-DACH2-1","Ex_DACH2_GRIK4",0.27627063574635
"_CTACATTAGACGTCGA-4","Glut-DACH2-1","Ex_DACH2_MGAT4C",0.291738056881144
"_CTACATTCACAAGCCC-4","Glut-DACH2-1","Ex_DACH2_GRIK4",0.287813351172858
"_CTACATTCATAATGCC-4","Glut-DACH2-5","Ex_DACH2_ADAMTS5",0.318928987313418
"_CTACATTGTCAAAGCG-4","Glut-DACH2-5","Ex_DACH2_LHX2",0.544292388964004
"_CTACATTGTTCCCACT-4","Glut-DACH2-1","Ex_DACH2_GRIK4",0.380712244438163
"_CTACCCAAGTTGCGCC-4","Glut-DACH2-2","Ex_DACH2_MGAT4C",0.205402313326487
"_CTACCCAGTAGCGTCC-4","Glut-DACH2-4","Ex_DACH2_ITGA9",0.310064908869513
"_CTACCTGCAAGTCCCG-4","Glut-DACH2-1","Ex_DACH2_MGAT4C",0.304288639100603
"_CTACCTGGTCGGCACT-4","Glut-DACH2-1","Ex_DACH2_GRIK4",0.295127576271359
"_CTACCTGTCCGCAAAT-4","Glut-DACH2-5","Ex_DACH2_ADAMTS5",0.312129185429686
"_CTACGGGAGAAGGCTC-4","Glut-DACH2-1","Ex_DACH2_SLIT2",0.411099158668813
"_CTACGGGAGGAGATAG-4","Glut-DACH2-4","Ex_DACH2_ITGA9",0.336884346369993
"_CTAGACAAGACGGAAA-4","Glut-DACH2-3","Ex_DACH2_SLIT2",0.746578069230359
"_CTAGACAGTCACTCTC-4","Glut-DACH2-2","Ex_DACH2_LHX2",0.382631907700997
"_CTAGACATCATCGGGC-4","Glut-DACH2-2","Ex_DACH2_GRIK4",0.299397458705268
"_CTAGGTAAGATTGCGG-4","Glut-DACH2-3","Ex_DACH2_ZMAT4",0.469855154031222
"_CTATAGGAGACTCCGC-4","Glut-DACH2-4","Ex_DACH2_ITGA9",0.327431106205571
"_CTATAGGGTTCGAAGG-4","Glut-DACH2-3","Ex_DACH2_SLIT2",0.260880803927644
"_CTATCTAAGTTCGGTT-4","Glut-DACH2-1","Ex_DACH2_GRIK4",0.479592463295764
"_CTATCTAGTCTCAAGT-4","Glut-DACH2-2","Ex_DACH2_MGAT4C",0.279504741068303
"_CTATCTAGTTCAGCTA-4","Glut-DACH2-3","Ex_DACH2_SLIT2",0.528040869725961
"_CTATCTATCTGGGCGT-4","Glut-DACH2-1","Ex_DACH2_NR4A3",0.305786508075649
"_CTCAACCAGGTCGTCC-4","Glut-DACH2-2","Ex_DACH2_GRIK4",0.332786744415266
"_CTCAACCGTACCGTCG-4","Glut-DACH2-2","Ex_DACH2_ADAMTS5",0.456558494802236
"_CTCAACCGTGACCGTC-4","Glut-DACH2-3","Ex_DACH2_SLIT2",0.675775688423074
"_CTCAAGAAGAAAGCGA-4","Glut-DACH2-2","Ex_DACH2_MGAT4C",0.219325015182105
"_CTCAAGAAGGTAAACT-4","Glut-DACH2-1","Ex_DACH2_GRIK4",0.323599984897834
"_CTCAAGACAGATACCT-4","Glut-DACH2-5","Ex_DACH2_ADAMTS5",0.620002910569441
"_CTCAAGATCGGCCTTT-4","Glut-DACH2-3","Ex_DACH2_ZMAT4",0.479828537640687
"_CTCAATTAGAGTCTTC-4","Glut-DACH2-3","Ex_DACH2_SLIT2",0.750517923826257
"_CTCAATTAGTTACTCG-4","Glut-DACH2-1","Ex_DACH2_MGAT4C",0.385239349393382
"_CTCAATTCAACATCGT-4","Glut-DACH2-3","Ex_DACH2_ZMAT4",0.588469787032476
"_CTCAGAAAGATGGGCT-4","Glut-DACH2-1","Ex_DACH2_GRIK4",0.393299998108634
"_CTCAGAAAGCGAGGAG-4","Glut-DACH2-2","Ex_DACH2_ADAMTS5",0.360157975827979
"_CTCAGGGCATGTCAGT-4","Glut-DACH2-1","Ex_DACH2_ADAMTS5",0.332759782818041
"_CTCAGGGTCATTTGGG-4","Glut-DACH2-3","Ex_DACH2_SLIT2",0.79597796943261
"_CTCAGGGTCCTAGCGG-4","Glut-DACH2-3","Ex_DACH2_SLIT2",0.773791741093266
"_CTCAGGGTCTAAGCCA-4","Glut-DACH2-2","Ex_DACH2_MGAT4C",0.240043967399323
"_CTCAGTCGTCTGTAAC-4","Glut-DACH2-2","Ex_DACH2_ADAMTS5",0.248551388751819
"_CTCAGTCGTGGTGATG-4","Glut-DACH2-3","Ex_DACH2_SLIT2",0.695679666948547
"_CTCAGTCGTTCGTACA-4","Glut-DACH2-2","Ex_DACH2_ADAMTS5",0.37517811236722
"_CTCAGTCTCGGCTCTT-4","Glut-DACH2-3","Ex_DACH2_SLIT2",0.65205776352217
"_CTCATCGCAGACCGCT-4","Glut-DACH2-5","Ex_DACH2_ADAMTS5",0.412874996222222
"_CTCATCGTCATTGTGG-4","Glut-DACH2-1","Ex_DACH2_LHX2",0.362299634636177
"_CTCATGCCACTGTCGG-4","Glut-DACH2-3","Ex_DACH2_SLIT2",0.784813599787059
"_CTCATTACACGCTGTG-4","Glut-DACH2-3","Ex_DACH2_CEMIP",0.456446754238249
"_CTCATTATCTGTCCGT-4","Glut-DACH2-1","Ex_DACH2_MGAT4C",0.341719089398145
"_CTCCAACAGATGGCGT-4","Glut-DACH2-1","Ex_DACH2_GRIK4",0.460273070853034
"_CTCCAACGTACTAACC-4","Glut-DACH2-5","Ex_DACH2_ADAMTS5",0.375729557710266
"_CTCCAACGTATTTCTC-4","Glut-DACH2-1","Ex_DACH2_MGAT4C",0.267227587104777
"_CTCCAACGTGTGCCTG-4","Glut-DACH2-1","Ex_DACH2_MGAT4C",0.359252655204108
"_CTCCACAAGGGTCTTT-4","Glut-DACH2-3","Ex_DACH2_SLIT2",0.587516583967657
"_CTCCATGAGCAAGTGC-4","Glut-DACH2-2","Ex_DACH2_ADAMTS5",0.334792840112409
"_CTCCCTCAGTGCCGAA-4","Glut-DACH2-2","Ex_DACH2_GRIK4",0.232035369670842
"_CTCCCTCGTCCCGCAA-4","Glut-DACH2-1","Ex_DACH2_GRIK4",0.470784668822335
"_CTCCCTCTCTGAATCG-4","Glut-DACH2-3","Ex_DACH2_SLIT2",0.770350191475523
"_CTCCGATCAAGACAAT-4","Glut-DACH2-3","Ex_DACH2_SLIT2",0.831394124352607
"_CTCCGATTCATAGAGA-4","Glut-DACH2-4","Ex_DACH2_ITGA9",0.396573801306201
"_CTCCTCCAGTCCTGCG-4","Glut-DACH2-3","Ex_DACH2_SLIT2",0.801664072136587
"_CTCCTCCCATGTCGTA-4","Glut-DACH2-2","Ex_DACH2_ADAMTS5",0.295126106324298
"_CTCCTTTAGACCAACG-4","Glut-DACH2-2","Ex_DACH2_GRIK4",0.289337209482194
"_CTCCTTTAGTGCTACT-4","Glut-DACH2-2","Ex_DACH2_MGAT4C",0.209441224651719
"_CTCCTTTCATCGGATT-4","Glut-DACH2-2","Ex_DACH2_LHX2",0.528861350488083
"_CTCCTTTTCGCGATCG-4","Glut-DACH2-1","Ex_DACH2_LHX2",0.418698058153167
"_CTCCTTTTCGCTAATG-4","Glut-DACH2-3","Ex_DACH2_SLIT2",0.808750438341785
"_CTCCTTTTCTAAACGC-4","Glut-DACH2-1","Ex_DACH2_GRIK4",0.247384171472679
"_CTCTCGACACCAATTG-4","Glut-DACH2-1","Ex_DACH2_GRIK4",0.357354975231908
"_CTGAATGCATGTGCCG-4","Glut-DACH2-3","Ex_DACH2_SLIT2",0.745854185990558
"_CTGAATGGTCCAGCAC-4","Glut-DACH2-1","Ex_DACH2_ADAMTS5",0.308651049526499
"_CTGAATGTCGGTTAGT-4","Glut-DACH2-3","Ex_DACH2_SLIT2",0.40317976172102
"_CTGAGCGAGGGTCTTT-4","Glut-DACH2-1","Ex_DACH2_GRIK4",0.432756788422709
"_CTGAGCGGTACTTCCC-4","Glut-DACH2-3","Ex_DACH2_ZMAT4",0.44622013700634
"_CTGAGGCAGCTGGTGA-4","Glut-DACH2-1","Ex_DACH2_GRIK4",0.362765682776657
"_CTGAGGCGTCAAAGCG-4","Glut-DACH2-1","Ex_DACH2_GRIK4",0.405618042582512
"_CTGATCCCAGGTTCCG-4","Glut-DACH2-2","Ex_DACH2_ADAMTS5",0.277020848804182
"_CTGATCCTCGATGGAG-4","Glut-DACH2-4","Ex_DACH2_ITGA9",0.434949029715444
"_CTGATCCTCTGGCCGA-4","Glut-DACH2-1","Ex_DACH2_MGAT4C",0.335307438714116
"_CTGCAGGCATCTTAGG-4","Glut-DACH2-3","Ex_DACH2_ZMAT4",0.539274031697404
"_CTGCATCGTAGACGTG-4","Glut-DACH2-1","Ex_DACH2_NR4A3",0.870414737631102
"_CTGCATCGTCCCTGTT-4","Glut-DACH2-1","Ex_DACH2_MGAT4C",0.32535109903878
"_CTGCCATAGTATTAGG-4","Glut-DACH2-2","Ex_DACH2_ADAMTS5",0.260912685289892
"_CTGCCATCAGATTAAG-4","Glut-DACH2-3","Ex_DACH2_SLIT2",0.63462704541477
"_CTGCCATGTGTCTTCC-4","Glut-DACH2-1","Ex_DACH2_MGAT4C",0.319823332241868
"_CTGCCATTCGCTCCTA-4","Glut-DACH2-4","Ex_DACH2_ITGA9",0.349031832228525
"_CTGCCTACAGAGGTTG-4","Glut-DACH2-2","Ex_DACH2_MGAT4C",0.261581891854982
"_CTGCCTATCACCATGA-4","Glut-DACH2-3","Ex_DACH2_SLIT2",0.704075899817209
"_CTGCCTATCATAGCAC-4","Glut-DACH2-1","Ex_DACH2_GRIK4",0.368250237965606
"_CTGCCTATCCCGAAAT-4","Glut-DACH2-3","Ex_DACH2_ZMAT4",0.340859299001289
"_CTGCGAGAGGACCCAA-4","Glut-DACH2-3","Ex_DACH2_SLIT2",0.758125277107461
"_CTGCGAGCACCTCGTT-4","Glut-DACH2-3","Ex_DACH2_SLIT2",0.800985644509917
"_CTGCGAGGTAAGGCCA-4","Glut-DACH2-1","Ex_DACH2_MGAT4C",0.358432249838482
"_CTGCGAGGTGTACGCC-4","Glut-DACH2-3","Ex_DACH2_ZMAT4",0.477149907083653
"_CTGCTCACAGGTTCAT-4","Glut-DACH2-3","Ex_DACH2_SLIT2",0.689999598880404
"_CTGGACGAGGCTTAAA-4","Glut-DACH2-4","Ex_DACH2_ITGA9",0.224347683059276
"_CTGGACGTCGAGGCAA-4","Glut-DACH2-4","Ex_DACH2_CEMIP",0.319681849808081
"_CTGGACGTCGTGGCTG-4","Glut-DACH2-1","Ex_DACH2_MGAT4C",0.274861623867708
"_CTGGTCTAGGCGAAGG-4","Glut-DACH2-4","Ex_DACH2_NR4A3",0.606050636455789
"_CTGGTCTGTCTTTATC-4","Glut-DACH2-3","Ex_DACH2_SLIT2",0.598415319177743
"_CTGGTCTTCATGAGTC-4","Glut-DACH2-4","Ex_DACH2_ITGA9",0.221305722405436
"_CTGTACCCAGGAATCG-4","Glut-DACH2-3","Ex_DACH2_SLIT2",0.730854550601487
"_CTGTACCGTGATTAGA-4","Glut-DACH2-1","Ex_DACH2_GRIK4",0.594200161949468
"_CTGTAGACAGATCACT-4","Glut-DACH2-1","Ex_DACH2_MGAT4C",0.291684226410359
"_CTGTAGATCGATCCCT-4","Glut-DACH2-1","Ex_DACH2_MGAT4C",0.291858370048088
"_CTGTATTCACTGTGAT-4","Glut-DACH2-4","Ex_DACH2_CEMIP",0.237304206626118
"_CTGTATTTCTACGGTA-4","Glut-DACH2-1","Ex_DACH2_ADAMTS5",0.305910681401299
"_CTGTCGTAGAGTCAGC-4","Glut-DACH2-4","Ex_SATB2_SOX6",0.236773275317165
"_CTGTCGTAGATAACAC-4","Glut-DACH2-3","Ex_DACH2_NR4A3",0.510178390789567
"_CTGTCGTCACAGAGAC-4","Glut-DACH2-3","Ex_DACH2_ZMAT4",0.376495619295962
"_CTGTCGTCAGGTATGG-4","Glut-DACH2-2","Ex_DACH2_GRIK4",0.293420106801242
"_CTGTCGTTCCATTTAC-4","Glut-DACH2-2","Ex_DACH2_ADAMTS5",0.439309536884711
"_CTGTGAACAATCACGT-4","Glut-DACH2-1","Ex_DACH2_GRIK4",0.309965311324763
"_CTGTGGGAGTTCCAGT-4","Glut-DACH2-3","Ex_DACH2_SLIT2",0.726553971117892
"_CTGTGGGCACAATGAA-4","Glut-DACH2-1","Ex_DACH2_GRIK4",0.382449986551819
"_CTGTGGGCAGTCTTCC-4","Glut-DACH2-3","Ex_DACH2_SLIT2",0.71705024056307
"_CTTACCGCACCCTCTA-4","Glut-DACH2-2","Ex_DACH2_MGAT4C",0.281008141697049
"_CTTAGGACAGAACGCA-4","Glut-DACH2-3","Ex_DACH2_SLIT2",0.715471776936239
"_CTTAGGACATTCTCTA-4","Glut-DACH2-1","Ex_DACH2_MGAT4C",0.308425504314482
"_CTTCAATAGGATACAT-4","Glut-DACH2-3","Ex_DACH2_SLIT2",0.368193686835978
"_CTTCAATTCAGTGTCA-4","Glut-DACH2-3","Ex_DACH2_SLIT2",0.658806331500269
"_CTTCCGAAGGTGCTTT-4","Glut-DACH2-3","Ex_DACH2_SLIT2",0.425832768449874
"_CTTCCGACACGAGAAC-4","Glut-DACH2-1","Ex_DACH2_GRIK4",0.326610952250683
"_CTTCCGACACGCTTAA-4","Glut-DACH2-1","Ex_DACH2_MGAT4C",0.302971106446832
"_CTTCCGACATCCTCAC-4","Glut-DACH2-4","Ex_DACH2_SLIT2",0.35946120679109
"_CTTCCTTGTTCGAAGG-4","Glut-DACH2-7","Ex_DACH2_ADAMTS5",0.351532834965878
"_CTTCCTTGTTGCAAGG-4","Glut-DACH2-1","Ex_DACH2_GRIK4",0.434666624048451
"_CTTCCTTTCAAAGACA-4","Glut-DACH2-3","Ex_DACH2_SLIT2",0.785801590294321
"_CTTCGGTTCAAGCCTA-4","Glut-DACH2-1","Ex_DACH2_GRIK4",0.33735500314274
"_CTTCGGTTCCGTATGA-4","Glut-DACH2-1","Ex_DACH2_LHX2",0.378435827114038
"_CTTCGGTTCTCCCATG-4","Glut-DACH2-4","Ex_DACH2_CEMIP",0.311691907670282
"_CTTCTAACAGATCACT-4","Glut-DACH2-2","Ex_DACH2_ADAMTS5",0.275519159248154
"_CTTCTAATCGCCTTTG-4","Glut-DACH2-2","Ex_DACH2_GRIK4",0.280579364163912
"_CTTGAGAGTACTAGCT-4","Glut-DACH2-4","Ex_DACH2_ITGA9",0.287382967278425
"_CTTGAGAGTATCACCA-4","Glut-DACH2-4","Ex_DACH2_NR4A3",0.248760139540422
"_CTTGAGATCCTGGTCT-4","Glut-DACH2-2","Ex_DACH2_GRIK4",0.273007458011019
"_CTTGAGATCTAAGAAG-4","Glut-DACH2-1","Ex_DACH2_GRIK4",0.311555770451297
"_CTTGATTAGAAGTCCG-4","Glut-DACH2-1","Ex_DACH2_ADAMTS5",0.2407902758681
"_CTTGATTAGCATCAGG-4","Glut-DACH2-HVCra-Pre","Ex_DACH2_MGAT4C",0.200667979167541
"_CTTGATTCACTACTTT-4","Glut-DACH2-3","Ex_DACH2_SLIT2",0.357137187954468
"_CTTTCGGAGCATAGGC-4","Glut-DACH2-2","Ex_DACH2_ADAMTS5",0.234021260054144
"_GAAACCTCAGTAGTTC-4","Glut-DACH2-1","Ex_DACH2_GRIK4",0.387542110159364
"_GAAACCTCATCGCCTT-4","Glut-DACH2-3","Ex_DACH2_SLIT2",0.611672150961922
"_GAAACCTCATGGCTGC-4","Glut-DACH2-3","Ex_DACH2_SLIT2",0.330928110268682
"_GAAACCTGTTGTTGTG-4","Glut-DACH2-4","Ex_DACH2_ITGA9",0.222063765017862
"_GAAACCTTCAAACTGC-4","Glut-DACH2-3","Ex_DACH2_SLIT2",0.589777167622956
"_GAAATGAAGATGCGAC-4","Glut-DACH2-1","Ex_DACH2_GRIK4",0.34311761843618
"_GAAATGAAGCTAGTTC-4","Glut-DACH2-3","Ex_DACH2_ITGA9",0.212291230968597
"_GAAATGAGTCAGGTGA-4","Glut-DACH2-2","Ex_DACH2_ADAMTS5",0.439786279606478
"_GAACACTAGGATTTGA-4","Glut-DACH2-3","Ex_DACH2_SLIT2",0.67615727782536
"_GAACACTAGGTCATTC-4","Glut-DACH2-3","Ex_DACH2_SLIT2",0.771348738456846
"_GAACGTTTCAATCGGT-4","Glut-DACH2-1","Ex_DACH2_MGAT4C",0.271474063113576
"_GAACGTTTCTGTACAG-4","Glut-DACH2-4","Ex_DACH2_ITGA9",0.351723965847349
"_GAACGTTTCTTTCGAT-4","Glut-DACH2-2","Ex_DACH2_GRIK4",0.23471595805806
"_GAACTGTAGAGCAGAA-4","Glut-DACH2-4","Ex_DACH2_ITGA9",0.397586104008861
"_GAACTGTGTGCCTGCA-4","Glut-DACH2-2","Ex_DACH2_ADAMTS5",0.439692278572498
"_GAAGCGAAGCGCCCAT-4","Glut-DACH2-3","Ex_DACH2_SLIT2",0.648408447165462
"_GAAGCGACAAGTACCT-4","Glut-DACH2-3","Ex_DACH2_SLIT2",0.616268901934047
"_GAAGGGTAGCACCGTC-4","Glut-DACH2-HVCra-Pre","Ex_DACH2_ADAMTS5",0.313149331004924
"_GAAGGGTAGGTTCATC-4","Glut-DACH2-3","Ex_DACH2_SLIT2",0.455864992599075
"_GAAGGGTTCACTACTT-4","Glut-DACH2-1","Ex_DACH2_MGAT4C",0.277414586244297
"_GAAGGGTTCGGAGCAA-4","Glut-DACH2-3","Ex_DACH2_NR4A3",0.364901742491026
"_GAAGTAAAGCTGTCCG-4","Glut-DACH2-1","Ex_DACH2_MGAT4C",0.324515752991447
"_GAAGTAACAAGGGTCA-4","Glut-DACH2-3","Ex_DACH2_ZMAT4",0.419954844666655
"_GAAGTAATCTCAGTCC-4","Glut-DACH2-3","Ex_DACH2_SLIT2",0.818545801833604
"_GAATAGAGTATCGTTG-4","Glut-DACH2-1","Ex_DACH2_MGAT4C",0.326637244960441
"_GAATCACGTATCGTAC-4","Glut-DACH2-3","Ex_DACH2_SLIT2",0.769688563125416
"_GAATCACGTGGTGATG-4","Glut-DACH2-1","Ex_DACH2_MGAT4C",0.279693489511789
"_GAATCACTCCACGGAC-4","Glut-DACH2-1","Ex_DACH2_GRIK4",0.401784861175399
"_GACATCATCTGATTCT-4","Glut-DACH2-1","Ex_DACH2_ADAMTS5",0.311687363199743
"_GACATCATCTGCGAGC-4","Glut-DACH2-3","Ex_DACH2_SLIT2",0.492792906202656
"_GACCAATAGAATACAC-4","Glut-DACH2-1","Ex_DACH2_MGAT4C",0.272005695565451
"_GACCAATAGTACCATC-4","Glut-DACH2-1","Ex_DACH2_GRIK4",0.242684129027076
"_GACCAATCAACCCTCT-4","Glut-DACH2-3","Ex_DACH2_SLIT2",0.687150884765929
"_GACCAATGTACTCGCG-4","Glut-DACH2-3","Ex_DACH2_SLIT2",0.775216829510491
"_GACCAATTCTACCTTA-4","Glut-DACH2-2","Ex_DACH2_GRIK4",0.288108047444264
"_GACCCAGGTATGGAAT-4","Glut-DACH2-3","Ex_DACH2_SLIT2",0.689437493226534
"_GACCCTTAGTGCAACG-4","Glut-DACH2-3","Ex_DACH2_SLIT2",0.738465057853673
"_GACCCTTAGTTGCCTA-4","Glut-DACH2-1","Ex_DACH2_GRIK4",0.293798074168121
"_GACCCTTCAACCGTGC-4","Glut-DACH2-2","Ex_DACH2_ADAMTS5",0.343164971982883
"_GACCCTTCACGATAGG-4","Glut-DACH2-3","Ex_DACH2_SLIT2",0.754064363299687
"_GACCCTTCAGAACTCT-4","Glut-DACH2-5","Ex_DACH2_ADAMTS5",0.403370163063954
"_GACCCTTGTGGTTTGT-4","Glut-DACH2-5","Ex_DACH2_LHX2",0.34465380865974
"_GACCGTGCAGCACAAG-4","Glut-DACH2-2","Ex_DACH2_LHX2",0.514050656873428
"_GACCGTGGTAGCGTCC-4","Glut-DACH2-1","Ex_DACH2_NR4A3",0.351410198362683
"_GACGTTACACTTCCTG-4","Glut-DACH2-1","Ex_DACH2_GRIK4",0.326898104041078
"_GACGTTAGTGATGAAT-4","Glut-DACH2-2","Ex_DACH2_LHX2",0.302997012323475
"_GACGTTAGTGCCTTCT-4","Glut-DACH2-3","Ex_DACH2_ZMAT4",0.446492950744792
"_GACTATGAGCGAGAAA-4","Glut-DACH2-1","Ex_DACH2_NR4A3",0.397690807101528
"_GACTCAACAAACTGCT-4","Glut-DACH2-3","Ex_DACH2_SLIT2",0.679607785714268
"_GACTCTCCAGAGTCAG-4","Glut-DACH2-1","Ex_DACH2_GRIK4",0.324705656433113
"_GACTCTCGTGCACAAG-4","Glut-DACH2-4","Ex_DACH2_ITGA9",0.302864703675364
"_GACTGATAGAAGCCTG-4","Glut-DACH2-2","Ex_DACH2_ADAMTS5",0.241849059238827
"_GACTGATAGTCCTACA-4","Glut-DACH2-5","Ex_DACH2_ADAMTS5",0.537609808619926
"_GACTGATGTGCTTATG-4","Glut-DACH2-2","Ex_DACH2_GRIK4",0.256096231865638
"_GACTGATGTGGCTCTG-4","Glut-DACH2-3","Ex_DACH2_ZMAT4",0.505438143980867
"_GACTTCCAGTACCCTA-4","Glut-DACH2-2","Ex_DACH2_GRIK4",0.343730159026785
"_GACTTCCTCTTGGCTC-4","Glut-DACH2-3","Ex_DACH2_SLIT2",0.778417976549476
"_GAGACCCCAACAACAA-4","Glut-DACH2-4","Ex_DACH2_ITGA9",0.318637792846812
"_GAGACCCCACTGAATC-4","Glut-DACH2-1","Ex_DACH2_GRIK4",0.286343890152365
"_GAGACCCTCTCTGCCA-4","Glut-DACH2-1","Ex_DACH2_NR4A3",0.823923144197887
"_GAGACTTAGAACAAGG-4","Glut-DACH2-3","Ex_DACH2_SLIT2",0.73100285263578
"_GAGAGGTCAAACGTGG-4","Glut-DACH2-3","Ex_DACH2_SLIT2",0.816092570439637
"_GAGAGGTCATCTTTCA-4","Glut-DACH2-3","Ex_DACH2_SLIT2",0.497664904592146
"_GAGATGGAGGCAGCTA-4","Glut-DACH2-1","Ex_DACH2_MGAT4C",0.320166140849215
"_GAGATGGCAGGCCTGT-4","Glut-DACH2-1","Ex_DACH2_GRIK4",0.336713309737881
"_GAGATGGTCTAGTCAG-4","Glut-DACH2-3","Ex_DACH2_CEMIP",0.215742013290644
"_GAGCCTGAGTCGCGAA-4","Glut-DACH2-2","Ex_DACH2_ADAMTS5",0.265057512344268
"_GAGCTGCGTGACAGGT-4","Glut-DACH2-3","Ex_DACH2_SLIT2",0.726293482704636
"_GAGCTGCTCTGGTGGC-4","Glut-DACH2-5","Ex_DACH2_ADAMTS5",0.434715974209652
"_GAGGCAACAACCAGAG-4","Glut-DACH2-2","Ex_DACH2_LHX2",0.317875635839945
"_GAGGCAACACGTACTA-4","Glut-DACH2-5","Ex_DACH2_ADAMTS5",0.392021514887421
"_GAGGCCTGTAAGATTG-4","Glut-DACH2-5","Ex_DACH2_ADAMTS5",0.576799944735652
"_GAGGCCTGTATCGGTT-4","Glut-DACH2-3","Ex_DACH2_SLIT2",0.794320853877087
"_GAGGGATTCCGTCAAA-4","Glut-DACH2-1","Ex_DACH2_GRIK4",0.320941636114302
"_GAGGGTAAGACCTTTG-4","Glut-DACH2-3","Ex_DACH2_SLIT2",0.781982834415748
"_GAGGGTAAGTTGGCTT-4","Glut-DACH2-3","Ex_DACH2_GRIK4",0.308761138928394
"_GAGGGTACACACCTGG-4","Glut-DACH2-1","Ex_DACH2_MGAT4C",0.304347698927683
"_GAGGGTAGTGACTATC-4","Glut-DACH2-4","Ex_DACH2_ITGA9",0.407167693852644
"_GAGGGTATCTCCGTGT-4","Glut-DACH2-3","Ex_DACH2_SLIT2",0.806499330116706
"_GAGTCATCAAGCCCAC-4","Glut-DACH2-2","Ex_DACH2_ADAMTS5",0.395036893886938
"_GAGTCTAGTCTTGAAC-4","Glut-DACH2-3","Ex_DACH2_SLIT2",0.469190077771613
"_GAGTCTATCCGTGACG-4","Glut-DACH2-3","Ex_DACH2_SLIT2",0.35908178237607
"_GAGTCTATCGCAATGT-4","Glut-DACH2-1","Ex_DACH2_ADAMTS5",0.325016764964935
"_GAGTGAGAGCGGTATG-4","Glut-DACH2-1","Ex_DACH2_NR4A3",0.538794898811364
"_GAGTGAGGTACAGAAT-4","Glut-DACH2-3","Ex_DACH2_SLIT2",0.527335356709353
"_GAGTGAGGTCCAGCAC-4","Glut-DACH2-2","Ex_DACH2_LHX2",0.465574535624553
"_GAGTGTTAGATAGTCA-4","Glut-DACH2-3","Ex_DACH2_SLIT2",0.790640304272855
"_GAGTGTTCAGGTGACA-4","Glut-DACH2-2","Ex_DACH2_LHX2",0.38522253274036
"_GAGTGTTCATGACACT-4","Glut-DACH2-2","Ex_DACH2_MGAT4C",0.250277136780191
"_GAGTGTTGTGACGTCC-4","Glut-DACH2-3","Ex_DACH2_SLIT2",0.551570321934915
"_GAGTGTTGTTGTGTAC-4","Glut-DACH2-1","Ex_DACH2_MGAT4C",0.306823316476851
"_GAGTGTTGTTTACCAG-4","Glut-DACH2-2","Ex_DACH2_LHX2",0.354058431707535
"_GAGTGTTTCGAGTGAG-4","Glut-DACH2-1","Ex_DACH2_ADAMTS5",0.24258252882409
"_GAGTTACAGTTGGCGA-4","Glut-DACH2-1","Ex_DACH2_LHX2",0.418213339626368
"_GAGTTTGCAGGCACTC-4","Glut-DACH2-5","Ex_DACH2_ADAMTS5",0.349299776282638
"_GAGTTTGTCAAGGACG-4","Glut-DACH2-1","Ex_DACH2_NR4A3",0.341212271642598
"_GATAGAAGTGAGATAT-4","Glut-DACH2-2","Ex_DACH2_LHX2",0.503158929532273
"_GATAGAATCATGTCAG-4","Glut-DACH2-1","Ex_DACH2_NR4A3",0.738576253378288
"_GATAGCTAGTACTGGG-4","Glut-DACH2-2","Ex_DACH2_ADAMTS5",0.422197516345298
"_GATCACAGTGAATATG-4","Glut-DACH2-1","Ex_DACH2_GRIK4",0.316870117251048
"_GATCAGTCAGGCCCTA-4","Glut-DACH2-1","Ex_DACH2_NR4A3",0.732269239749775
"_GATCAGTTCGGCTATA-4","Glut-DACH2-1","Ex_DACH2_ADAMTS5",0.324637868010926
"_GATCATGGTCCAATCA-4","Glut-DACH2-1","Ex_DACH2_GRIK4",0.447031815208413
"_GATCATGTCAACCTTT-4","Glut-DACH2-1","Ex_DACH2_GRIK4",0.355236290521233
"_GATCCCTCATTAAAGG-4","Glut-DACH2-4","Ex_DACH2_ITGA9",0.321607922829447
"_GATCGTAAGGTGGTTG-4","Glut-DACH2-5","Ex_DACH2_ADAMTS5",0.545935176384841
"_GATCGTACAACCCTAA-4","Glut-DACH2-2","Ex_DACH2_GRIK4",0.268956210451739
"_GATCGTAGTGATACTC-4","Glut-DACH2-1","Ex_DACH2_GRIK4",0.382990439957674
"_GATGACTAGTCTGCGC-4","Glut-DACH2-3","Ex_DACH2_SLIT2",0.192370558915995
"_GATGACTCATCAGTCA-4","Glut-DACH2-3","Ex_DACH2_ZMAT4",0.378574211917244
"_GATGAGGGTCCAGTTA-4","Glut-DACH2-3","Ex_DACH2_SLIT2",0.769857412062002
"_GATGATCGTATTCCTT-4","Glut-DACH2-3","Ex_DACH2_SLIT2",0.506408374313853
"_GATGATCGTCGATTCA-4","Glut-DACH2-2","Ex_DACH2_ADAMTS5",0.280727368931679
"_GATGCTACACCATAAC-4","Glut-DACH2-3","Ex_DACH2_SLIT2",0.66280577186315
"_GATGCTAGTATGGTTC-4","Glut-DACH2-2","Ex_DACH2_GRIK4",0.231922677308617
"_GATGTTGAGTACGAGC-4","Glut-DACH2-3","Ex_DACH2_SLIT2",0.773851736252342
"_GATTCGAAGAAAGTCT-4","Glut-DACH2-1","Ex_DACH2_ADAMTS5",0.350227440358083
"_GATTCTTGTTCCGCTT-4","Glut-DACH2-3","Ex_DACH2_NR4A3",0.521213476105518
"_GATTGGTCAAAGGTTA-4","Glut-DACH2-1","Ex_DACH2_NR4A3",0.735602835380244
"_GATTGGTCAGCTTCCT-4","Glut-DACH2-3","Ex_DACH2_SLIT2",0.745360587961775
"_GATTGGTCATCCGATA-4","Glut-DACH2-2","Ex_DACH2_ADAMTS5",0.329075929552755
"_GATTGGTGTCACGTGC-4","Glut-DACH2-3","Ex_DACH2_SLIT2",0.792798236214846
"_GATTGGTTCCGAAGGA-4","Glut-DACH2-2","Ex_DACH2_LHX2",0.552412719498299
"_GATTTCTAGTTGGGAC-4","Glut-DACH2-3","Ex_DACH2_ZMAT4",0.329096057983313
"_GATTTCTCAAAGCACG-4","Glut-DACH2-1","Ex_DACH2_GRIK4",0.352218000140902
"_GATTTCTCAATTGCGT-4","Glut-DACH2-2","Ex_DACH2_MGAT4C",0.264452025439213
"_GATTTCTTCGTCCATC-4","Glut-DACH2-1","Ex_DACH2_GRIK4",0.269065267955227
"_GCAACATAGGTTGCCC-4","Glut-DACH2-3","Ex_DACH2_ZMAT4",0.695030538351829
"_GCAACCGAGAGGACTC-4","Glut-DACH2-1","Ex_DACH2_NR4A3",0.791882906639661
"_GCAACCGCAGTCGGAA-4","Glut-DACH2-3","Ex_DACH2_SLIT2",0.718596275181966
"_GCACATAAGATAACAC-4","Glut-DACH2-3","Ex_DACH2_SLIT2",0.824376785690629
"_GCACATAAGCGTATAA-4","Glut-DACH2-1","Ex_DACH2_MGAT4C",0.357449280733145
"_GCACATATCAACTACG-4","Glut-DACH2-3","Ex_DACH2_SLIT2",0.381932884688312
"_GCACGGTAGCGCTGAA-4","Glut-DACH2-3","Ex_DACH2_SLIT2",0.818743552634624
"_GCACGGTAGGTTGAGC-4","Glut-DACH2-3","Ex_DACH2_ZMAT4",0.377494056366749
"_GCACGGTCAGACCTGC-4","Glut-DACH2-3","Ex_DACH2_ZMAT4",0.583197510256033
"_GCACGGTGTTGTACGT-4","Glut-DACH2-1","Ex_DACH2_MGAT4C",0.307300956535124
"_GCACGGTTCAAAGGTA-4","Glut-DACH2-1","Ex_DACH2_ADAMTS5",0.305651509629559
"_GCACGGTTCAGTCACA-4","Glut-DACH2-5","Ex_DACH2_LHX2",0.435517525289617
"_GCACGGTTCATGTCTT-4","Glut-DACH2-4","Ex_DACH2_ITGA9",0.286024769635837
"_GCACGGTTCTACCTTA-4","Glut-DACH2-3","Ex_DACH2_ZMAT4",0.689608570277543
"_GCACGTGGTTACGATC-4","Glut-DACH2-3","Ex_DACH2_SLIT2",0.437617311208404
"_GCACGTGTCCGATAAC-4","Glut-DACH2-3","Ex_DACH2_SLIT2",0.513637354726524
"_GCACGTGTCCTACTGC-4","Glut-DACH2-3","Ex_DACH2_ZMAT4",0.410029019478388
"_GCACTAAGTCGTCATA-4","Glut-DACH2-5","Ex_DACH2_GRIK4",0.301981495544753
"_GCAGCCACAAGGGTCA-4","Glut-DACH2-1","Ex_DACH2_GRIK4",0.319921788361756
"_GCAGCCACATTATGCG-4","Glut-DACH2-2","Ex_DACH2_NR4A3",0.255846811780491
"_GCAGCCAGTTTACCTT-4","Glut-DACH2-3","Ex_DACH2_SLIT2",0.678221107810073
"_GCAGCCATCGTTCGCT-4","Glut-DACH2-4","Ex_DACH2_ITGA9",0.291070437671899
"_GCAGCTGGTGTACAGG-4","Glut-DACH2-3","Ex_DACH2_SLIT2",0.806360647456654
"_GCAGCTGTCAAGTCTG-4","Glut-DACH2-5","Ex_DACH2_ADAMTS5",0.606905607755803
"_GCAGGCTCAGCCGTTG-4","Glut-DACH2-1","Ex_DACH2_MGAT4C",0.313710587004637
"_GCAGGCTGTAGAGTTA-4","Glut-DACH2-1","Ex_DACH2_MGAT4C",0.333455598977414
"_GCAGGCTGTGACACGA-4","Glut-DACH2-3","Ex_DACH2_SLIT2",0.421227007306075
"_GCAGTTACAGTGGGTA-4","Glut-DACH2-4","Ex_DACH2_ADAMTS5",0.163780715352603
"_GCAGTTAGTCGTGGAA-4","Glut-DACH2-1","Ex_DACH2_GRIK4",0.342014918832295
"_GCAGTTATCACGAGGA-4","Glut-DACH2-4","Ex_DACH2_ITGA9",0.325849065197835
"_GCAGTTATCCCACAGG-4","Glut-DACH2-1","Ex_DACH2_GRIK4",0.276360330026103
"_GCATCGGCAGCAGTCC-4","Glut-SATB2-1","Ex_SATB2_SOX6",0.406211622714524
"_GCATCGGCATGGACAG-4","Glut-DACH2-2","Ex_DACH2_ADAMTS5",0.281903295771147
"_GCATCGGGTTCCACAA-4","Glut-DACH2-HVCra-Pre","Ex_DACH2_GRIK4",0.328510502594168
"_GCATCGGTCCACTTCG-4","Glut-DACH2-3","Ex_DACH2_ZMAT4",0.710848970127788
"_GCATCTCTCTTGCGCT-4","Glut-DACH2-1","Ex_DACH2_SLIT2",0.376894117929347
"_GCATGATCAAGAGTGC-4","Glut-DACH2-3","Ex_DACH2_SLIT2",0.792472964938419
"_GCATGATCAATTCGTG-4","Glut-DACH2-3","Ex_DACH2_SLIT2",0.680633471660761
"_GCATGATCACAAACGG-4","Glut-DACH2-2","Ex_DACH2_GRIK4",0.221095808472934
"_GCATTAGCATCTGGGC-4","Glut-DACH2-2","Ex_DACH2_LHX2",0.296011402605755
"_GCCAGCAGTAAGCGGT-4","Glut-DACH2-2","Ex_DACH2_ADAMTS5",0.219813915294824
"_GCCAGCAGTCAAATCC-4","Glut-DACH2-2","Ex_DACH2_ADAMTS5",0.299867090543332
"_GCCAGCATCCGGTTCT-4","Glut-DACH2-1","Ex_DACH2_GRIK4",0.40528549088993
"_GCCAGGTAGCCAGACA-4","Glut-DACH2-2","Ex_DACH2_MGAT4C",0.208505149735993
"_GCCAGGTCAGAGGTTG-4","Glut-DACH2-3","Ex_DACH2_SLIT2",0.815190255129414
"_GCCAGGTCAGCGTATT-4","Glut-DACH2-3","Ex_DACH2_SLIT2",0.628245855978761
"_GCCAGGTCATGACGAG-4","Glut-DACH2-3","Ex_DACH2_SLIT2",0.476362421946143
"_GCCAGGTCATGGCCAC-4","Glut-DACH2-3","Ex_DACH2_SLIT2",0.557068105476223
"_GCCAGGTGTCAGTTTG-4","Glut-DACH2-1","Ex_DACH2_MGAT4C",0.335054960039085
"_GCCAGGTTCACGACTA-4","Glut-DACH2-4","Ex_DACH2_CEMIP",0.325736582270104
"_GCCAGTGGTTCGGTCG-4","Glut-DACH2-2","Ex_DACH2_LHX2",0.367226867205908
"_GCCATGGGTAGGTCAG-4","Glut-DACH2-3","Ex_DACH2_ZMAT4",0.39097586464262
"_GCCATGGGTGATGTAA-4","Glut-DACH2-1","Ex_DACH2_LHX2",0.495632086269087
"_GCCATGGTCCAGCAAT-4","Glut-DACH2-4","Ex_DACH2_CEMIP",0.292981157724997
"_GCCATGGTCCCTCGTA-4","Glut-DACH2-5","Ex_DACH2_ADAMTS5",0.312499565136305
"_GCCATTCCAAATTAGG-4","Glut-DACH2-3","Ex_DACH2_SLIT2",0.537685085795867
"_GCCCAGAAGTAAACGT-4","Glut-DACH2-2","Ex_DACH2_MGAT4C",0.216726159290092
"_GCCCAGATCTGTCAGA-4","Glut-DACH2-4","Ex_DACH2_ITGA9",0.19366493782842
"_GCCCGAAAGCGTCTGC-4","Glut-DACH2-1","Ex_DACH2_NR4A3",0.802310496337729
"_GCCCGAAAGCTTTGTG-4","Glut-DACH2-3","Ex_DACH2_SLIT2",0.633323475290212
"_GCCCGAACACCGTGGT-4","Glut-DACH2-2","Ex_DACH2_ADAMTS5",0.247686973498086
"_GCCCGAACACTATCCC-4","Glut-DACH2-3","Ex_DACH2_SLIT2",0.642777280470056
"_GCCCGAATCAAAGGAT-4","Glut-DACH2-1","Ex_DACH2_MGAT4C",0.326494283870067
"_GCCCGAATCCCTGGTT-4","Glut-DACH2-4","Ex_DACH2_ITGA9",0.215101367067776
"_GCCGTGACACTGGCGT-4","Glut-DACH2-3","Ex_DACH2_ZMAT4",0.381697959583195
"_GCCGTGAGTGTACGCC-4","Glut-DACH2-3","Ex_DACH2_SLIT2",0.487510134766144
"_GCCGTGATCAGCTCTC-4","Glut-DACH2-3","Ex_DACH2_SLIT2",0.724647887794448
"_GCCGTGATCCCGATCT-4","Glut-DACH2-3","Ex_DACH2_SLIT2",0.623565510215858
"_GCCGTGATCTGGTCAA-4","Glut-DACH2-3","Ex_DACH2_SLIT2",0.655420410494819
"_GCGAGAAAGCGTGTCC-4","Glut-DACH2-1","Ex_DACH2_ADAMTS5",0.357945144111046
"_GCGAGAAAGGCCTGCT-4","Glut-DACH2-5","Ex_DACH2_ADAMTS5",0.434903344636379
"_GCGAGAACAACCGGAA-4","Glut-DACH2-2","Ex_DACH2_GRIK4",0.29931067656757
"_GCGAGAACACAAAGCG-4","Glut-DACH2-1","Ex_DACH2_NR4A3",0.262574693262888
"_GCGAGAACAGTGTACT-4","Glut-DACH2-2","Ex_DACH2_NR4A3",0.225971217612857
"_GCGAGAACATAATGCC-4","Glut-DACH2-3","Ex_DACH2_ZMAT4",0.412273681108554
"_GCGAGAATCATAAGGA-4","Glut-DACH2-4","Ex_DACH2_ITGA9",0.332747485735497
"_GCGAGAATCGGCTCTT-4","Glut-DACH2-2","Ex_DACH2_ADAMTS5",0.386734747094938
"_GCGATCGTCCATCTAT-4","Glut-DACH2-1","Ex_DACH2_MGAT4C",0.349860076944639
"_GCGATCGTCGGACCAC-4","Glut-DACH2-3","Ex_DACH2_ZMAT4",0.535661186175519
"_GCGGAAAAGGTTCATC-4","Glut-DACH2-5","Ex_DACH2_ADAMTS5",0.58016997096706
"_GCGGAAAAGTGTTCCA-4","Glut-DACH2-2","Ex_DACH2_GRIK4",0.271516340950988
"_GCGGAAAGTATACCTG-4","Glut-DACH2-7","Ex_DACH2_ADAMTS5",0.371589043083277
"_GCGGAAATCTCCGAGG-4","Glut-DACH2-2","Ex_DACH2_NR4A3",0.36877770907071
"_GCGGATCGTCATCCCT-4","Glut-DACH2-1","Ex_DACH2_GRIK4",0.427396654218362
"_GCGTGCAAGTGCCAGA-4","Glut-DACH2-2","Ex_DACH2_LHX2",0.457553056330449
"_GCGTGCAGTCGATTAC-4","Glut-DACH2-3","Ex_DACH2_SLIT2",0.458367161853287
"_GCGTTTCAGCCGAATG-4","Glut-DACH2-3","Ex_DACH2_SLIT2",0.789016694673794
"_GCGTTTCAGGCGCTTC-4","Glut-DACH2-1","Ex_DACH2_GRIK4",0.375100769970368
"_GCGTTTCGTCTTACAG-4","Glut-DACH2-3","Ex_DACH2_SLIT2",0.68082280269867
"_GCTACAAAGGGAGGCA-4","Glut-DACH2-1","Ex_DACH2_MGAT4C",0.294161840789059
"_GCTACAATCCTGGCTT-4","Glut-DACH2-2","Ex_DACH2_ADAMTS5",0.441119657412115
"_GCTACCTCAAGTTTGC-4","Glut-DACH2-2","Ex_DACH2_ADAMTS5",0.421832173869173
"_GCTACCTCATGCAGGA-4","Glut-DACH2-2","Ex_DACH2_LHX2",0.351054301832387
"_GCTACCTGTATCCCAA-4","Glut-DACH2-2","Ex_DACH2_LHX2",0.323998628826902
"_GCTCAAAAGCTCGCAC-4","Glut-DACH2-1","Ex_DACH2_NR4A3",0.751418179153351
"_GCTCAAAGTGGCAGAT-4","Glut-DACH2-2","Ex_DACH2_ADAMTS5",0.470817568905808
"_GCTCAAAGTTGCGAAG-4","Glut-DACH2-3","Ex_DACH2_SLIT2",0.750623780250101
"_GCTGAATCATCCGTTC-4","Glut-DACH2-1","Ex_DACH2_GRIK4",0.344135469415439
"_GCTGAATGTCCTCCAT-4","Glut-DACH2-3","Ex_DACH2_SLIT2",0.551047016997321
"_GCTGGGTAGTAGTCTC-4","Glut-DACH2-3","Ex_DACH2_NR4A3",0.434148765702962
"_GCTGGGTCAGCAGATG-4","Glut-DACH2-1","Ex_DACH2_MGAT4C",0.293011217163772
"_GCTGGGTGTTAGGACG-4","Glut-DACH2-4","Ex_DACH2_ITGA9",0.455982931975418
"_GCTTCACAGTTGCGCC-4","Glut-DACH2-3","Ex_DACH2_SLIT2",0.764539791827973
"_GCTTCACTCAGGGATG-4","Glut-DACH2-3","Ex_DACH2_SLIT2",0.640736202890276
"_GCTTCACTCTAGCAAC-4","Glut-DACH2-3","Ex_DACH2_MGAT4C",0.256807532132438
"_GCTTGGGCAGGTGTGA-4","Glut-DACH2-1","Ex_DACH2_ADAMTS5",0.300998784273456
"_GCTTGGGCATCGCTAA-4","Glut-DACH2-3","Ex_DACH2_SLIT2",0.691859751337784
"_GCTTGGGGTGAGCCAA-4","Glut-DACH2-2","Ex_DACH2_GRIK4",0.228892316611333
"_GCTTTCGAGAGTCCGA-4","Glut-DACH2-1","Ex_DACH2_MGAT4C",0.289004665850195
"_GCTTTCGAGCAATTCC-4","Glut-DACH2-2","Ex_DACH2_GRIK4",0.243192765940459
"_GGAACCCAGTGTCATC-4","Glut-DACH2-2","Ex_DACH2_LHX2",0.440102190297617
"_GGAACCCCACAGTGTT-4","Glut-DACH2-3","Ex_DACH2_SLIT2",0.685240752254719
"_GGAACCCCAGGGATAC-4","Glut-DACH2-4","Ex_DACH2_CEMIP",0.330511675902142
"_GGAACCCGTACTTGTG-4","Glut-DACH2-3","Ex_DACH2_SLIT2",0.735186181924357
"_GGAACCCTCCGTCCTA-4","Glut-DACH2-1","Ex_DACH2_GRIK4",0.291767219349789
"_GGAAGTGAGTGCAAAT-4","Glut-DACH2-3","Ex_DACH2_SLIT2",0.490877383012293
"_GGAATCTAGGTTGGAC-4","Glut-DACH2-1","Ex_DACH2_MGAT4C",0.242500064035943
"_GGAATCTTCGCCTAGG-4","Glut-DACH2-3","Ex_DACH2_SLIT2",0.771523707079909
"_GGACGTCAGGTAGTCG-4","Glut-DACH2-1","Ex_DACH2_MGAT4C",0.263474299436964
"_GGAGAACGTCTCGGGT-4","Glut-DACH2-1","Ex_DACH2_ADAMTS5",0.273697187840132
"_GGAGCAAGTTACCTTT-4","Glut-DACH2-3","Ex_DACH2_ADAMTS5",0.286448226372544
"_GGAGCAATCCCGGTAG-4","Glut-DACH2-1","Ex_DACH2_MGAT4C",0.312012071465593
"_GGAGGATCAACTTGGT-4","Glut-DACH2-1","Ex_DACH2_MGAT4C",0.248256451389194
"_GGAGGATCAAGTTGGG-4","Glut-DACH2-1","Ex_DACH2_MGAT4C",0.345429122303297
"_GGAGGATCAAGTTTGC-4","Glut-DACH2-2","Ex_DACH2_LHX2",0.503297603961416
"_GGAGGATGTTAGTTCG-4","Glut-DACH2-3","Ex_DACH2_SLIT2",0.828917336652742
"_GGAGGTAAGACAAGCC-4","Glut-DACH2-HVCra-Pre","Ex_DACH2_MGAT4C",0.274144928675504
"_GGAGGTACACTAGAGG-4","Glut-DACH2-2","Ex_DACH2_NR4A3",0.243994103414319
"_GGATCTAAGTCATGGG-4","Glut-DACH2-1","Ex_DACH2_ITGA9",0.266386402828021
"_GGATCTAAGTCCTGCG-4","Glut-DACH2-HVCra-Pre","Ex_DACH2_MGAT4C",0.305072711262354
"_GGATCTACAACCGTGC-4","Glut-DACH2-3","Ex_DACH2_ZMAT4",0.489576802256421
"_GGATCTACACTAACGT-4","Glut-DACH2-1","Ex_DACH2_GRIK4",0.340967772282121
"_GGATGTTGTCAAACGG-4","Glut-DACH2-3","Ex_DACH2_ZMAT4",0.408061212399792
"_GGCACGTAGAGAGAAC-4","Glut-DACH2-1","Ex_DACH2_ITGA9",0.264856577399839
"_GGCACGTTCGTTCCTG-4","Glut-DACH2-3","Ex_DACH2_SLIT2",0.46843098854691
"_GGCAGTCGTGCCTATA-4","Glut-DACH2-7","Ex_DACH2_CEMIP",0.204366469089973
"_GGCGTCAAGTTGGCTT-4","Glut-DACH2-1","Ex_DACH2_MGAT4C",0.245383787385004
"_GGCGTCACAACGATTC-4","Glut-DACH2-1","Ex_DACH2_MGAT4C",0.314207294125003
"_GGCTGTGAGTCGGGAT-4","Glut-DACH2-1","Ex_DACH2_GRIK4",0.403111936102628
"_GGCTGTGCATTGTGCA-4","Glut-DACH2-1","Ex_DACH2_GRIK4",0.360892415167254
"_GGCTGTGGTATGAGAT-4","Glut-DACH2-2","Ex_DACH2_ADAMTS5",0.46895601019272
"_GGCTGTGGTTGGGTAG-4","Glut-DACH2-2","Ex_DACH2_GRIK4",0.236253573387724
"_GGCTGTGTCAAGTCGT-4","Glut-DACH2-1","Ex_DACH2_MGAT4C",0.278010038063125
"_GGCTGTGTCATGCCGG-4","Glut-DACH2-1","Ex_DACH2_ADAMTS5",0.450392224659385
"_GGCTTGGAGGGCAACT-4","Glut-DACH2-3","Ex_DACH2_SLIT2",0.83124080741941
"_GGCTTGGGTTATGACC-4","Glut-DACH2-2","Ex_DACH2_ADAMTS5",0.320803010882406
"_GGCTTGGTCCACTGAA-4","Glut-DACH2-3","Ex_DACH2_SLIT2",0.451259981561713
"_GGCTTGGTCGCATAGT-4","Glut-DACH2-3","Ex_DACH2_SLIT2",0.57099571152909
"_GGCTTTCTCGAAGCCC-4","Glut-DACH2-1","Ex_DACH2_MGAT4C",0.299517345888982
"_GGGACAACACTAGAGG-4","Glut-DACH2-4","Ex_DACH2_ITGA9",0.306581147303978
"_GGGACAAGTGACCTGC-4","Glut-DACH2-3","Ex_DACH2_NR4A3",0.357317498207851
"_GGGACCTAGGAACTAT-4","Glut-DACH2-1","Ex_DACH2_MGAT4C",0.310204319521743
"_GGGACCTCAAACTCGT-4","Glut-DACH2-3","Ex_DACH2_SLIT2",0.470734794063583
"_GGGACCTCACAAAGCG-4","Glut-DACH2-3","Ex_DACH2_MGAT4C",0.242712969643174
"_GGGACTCTCAACCCGG-4","Glut-DACH2-1","Ex_DACH2_NR4A3",0.716946509539536
"_GGGAGATTCATACAGC-4","Glut-DACH2-2","Ex_DACH2_GRIK4",0.294992704604002
"_GGGATCCCATCGGTTA-4","Glut-DACH2-2","Ex_DACH2_ADAMTS5",0.434903964734582
"_GGGATCCGTAACGTTC-4","Glut-DACH2-5","Ex_DACH2_ADAMTS5",0.26041363607463
"_GGGATCCTCCTGCTAC-4","Glut-DACH2-2","Ex_DACH2_MGAT4C",0.231322045543933
"_GGGATGAAGACCTCAT-4","Glut-DACH2-1","Ex_DACH2_MGAT4C",0.333951538820445
"_GGGATGAAGATTCGAA-4","Glut-DACH2-3","Ex_DACH2_ZMAT4",0.617979973723462
"_GGGATGAGTCGATTCA-4","Glut-DACH2-2","Ex_DACH2_ADAMTS5",0.321564917512063
"_GGGCCATAGAAAGTCT-4","Glut-DACH2-3","Ex_DACH2_SLIT2",0.77299913572193
"_GGGCTACGTGGCGCTT-4","Glut-DACH2-5","Ex_DACH2_NR4A3",0.368740013142351
"_GGGTATTAGATGTTAG-4","Glut-DACH2-3","Ex_DACH2_ZMAT4",0.549699158767317
"_GGGTATTAGCCGATAG-4","Glut-DACH2-3","Ex_DACH2_SLIT2",0.374870739550221
"_GGGTATTAGTAAACTG-4","Glut-DACH2-1","Ex_DACH2_MGAT4C",0.338316668401576
"_GGGTCACGTACCCGAC-4","Glut-DACH2-3","Ex_DACH2_SLIT2",0.722214845306456
"_GGGTCACGTTAGAAAC-4","Glut-DACH2-2","Ex_DACH2_GRIK4",0.287384495971031
"_GGGTCTGAGCACCAGA-4","Glut-DACH2-2","Ex_DACH2_MGAT4C",0.285692459672437
"_GGGTCTGTCACCTCGT-4","Glut-DACH2-3","Ex_DACH2_SLIT2",0.362388636122537
"_GGGTGTCAGGCCTAAG-4","Glut-DACH2-4","Ex_DACH2_ITGA9",0.249810342370497
"_GGGTTATTCACTGTCC-4","Glut-DACH2-2","Ex_DACH2_ADAMTS5",0.256279217562271
"_GGGTTTACACCTGTCT-4","Glut-DACH2-4","Ex_DACH2_ITGA9",0.388738475792041
"_GGTAACTAGGTTCAGG-4","Glut-DACH2-3","Ex_DACH2_ZMAT4",0.393248006403656
"_GGTAACTCAGACCAGA-4","Glut-DACH2-1","Ex_DACH2_MGAT4C",0.323265818143277
"_GGTAACTCATCGGTTA-4","Glut-DACH2-3","Ex_DACH2_SLIT2",0.372744456105927
"_GGTAACTGTACGGGAT-4","Glut-DACH2-5","Ex_DACH2_ADAMTS5",0.333034893195968
"_GGTAACTGTGTAAACA-4","Glut-DACH2-3","Ex_DACH2_CEMIP",0.450412722004758
"_GGTAATCCAAGCGAGT-4","Glut-DACH2-1","Ex_DACH2_GRIK4",0.351390253665965
"_GGTAGAGAGGCAGGGA-4","Glut-DACH2-4","Ex_DACH2_ITGA9",0.341161349689002
"_GGTAGAGCATCCTAAG-4","Glut-DACH2-5","Ex_DACH2_ADAMTS5",0.598465393896441
"_GGTAGAGCATGGAGAC-4","Glut-DACH2-2","Ex_DACH2_ADAMTS5",0.243346054352827
"_GGTAGAGGTTGCTCGG-4","Glut-DACH2-3","Ex_DACH2_SLIT2",0.780552037169615
"_GGTAGAGTCGTCAACA-4","Glut-DACH2-4","Ex_DACH2_ITGA9",0.345543054910373
"_GGTCACGAGCGTTCAT-4","Glut-DACH2-3","Ex_DACH2_SLIT2",0.777521342809051
"_GGTCACGCATCCCGTT-4","Glut-DACH2-3","Ex_DACH2_ZMAT4",0.61092319948722
"_GGTCACGGTACAGTCT-4","Glut-DACH2-1","Ex_DACH2_MGAT4C",0.233167172663925
"_GGTGATTCAGTGAGCA-4","Glut-DACH2-1","Ex_DACH2_GRIK4",0.503040568807234
"_GGTGATTTCCTAAACG-4","Glut-DACH2-3","Ex_DACH2_ZMAT4",0.348132640535206
"_GGTGATTTCCTGATAG-4","Glut-DACH2-1","Ex_DACH2_ADAMTS5",0.27802395249726
"_GGTGGCTAGCACGTCC-4","Glut-DACH2-4","Ex_DACH2_ITGA9",0.280522778982716
"_GGTGGCTAGCGACTAG-4","Glut-DACH2-2","Ex_DACH2_LHX2",0.504768248000388
"_GGTGGCTCAAGAGTAT-4","Glut-DACH2-2","Ex_DACH2_GRIK4",0.358160214696297
"_GGTGGCTTCAACCGAT-4","Glut-DACH2-3","Ex_DACH2_SLIT2",0.633664749884145
"_GGTGTCGAGAAGTGTT-4","Glut-DACH2-3","Ex_DACH2_SLIT2",0.219884045005177
"_GGTGTCGCACGTCGTG-4","Glut-DACH2-3","Ex_DACH2_ZMAT4",0.390618131242977
"_GGTGTCGTCTGTCTCG-4","Glut-DACH2-3","Ex_DACH2_ZMAT4",0.38908483809046
"_GGTGTCGTCTTGCGCT-4","Glut-DACH2-2","Ex_DACH2_GRIK4",0.303733513712341
"_GGTGTTACAATTGCTG-4","Glut-DACH2-1","Ex_DACH2_GRIK4",0.353078872917464
"_GGTTAACGTTTGCAGT-4","Glut-DACH2-1","Ex_DACH2_GRIK4",0.41431555161417
"_GGTTCTCGTCCGAAGA-4","Glut-DACH2-2","Ex_DACH2_ADAMTS5",0.243755260574996
"_GGTTGTAGTGGATCAG-4","Glut-DACH2-4","Ex_SATB2_OVOA",0.216564527942713
"_GTAAGTCCACTGGAAG-4","Glut-DACH2-1","Ex_DACH2_GRIK4",0.331558058085024
"_GTAAGTCTCACAGAGG-4","Glut-DACH2-3","Ex_DACH2_ZMAT4",0.522968577415434
"_GTAAGTCTCCCGTAAA-4","Glut-DACH2-3","Ex_DACH2_SLIT2",0.762662225611666
"_GTAATCGCACACGCCA-4","Glut-DACH2-2","Ex_DACH2_LHX2",0.323218084551869
"_GTAATGCAGATGGTCG-4","Glut-DACH2-2","Ex_DACH2_ADAMTS5",0.235305702313959
"_GTAATGCCAGGTCTCG-4","Glut-DACH2-3","Ex_DACH2_SLIT2",0.83284823428654
"_GTAATGCTCGCCTTGT-4","Glut-DACH2-3","Ex_DACH2_SLIT2",0.628729791554199
"_GTAATGCTCTCAGTCC-4","Glut-DACH2-2","Ex_DACH2_GRIK4",0.284237010894983
"_GTACAACAGACGGATC-4","Glut-DACH2-4","Ex_DACH2_ITGA9",0.328050766313324
"_GTACAACAGCGTTCAT-4","Glut-DACH2-3","Ex_DACH2_NR4A3",0.549551478857021
"_GTACAGTAGTGAATAC-4","Glut-DACH2-HVCra-Pre","Ex_DACH2_ADAMTS5",0.261825357207066
"_GTACAGTAGTGTCATC-4","Glut-DACH2-1","Ex_DACH2_MGAT4C",0.347098170088171
"_GTACAGTGTCGTACAT-4","Glut-DACH2-4","Ex_DACH2_ITGA9",0.260762476074759
"_GTACAGTTCCGATGCG-4","Glut-DACH2-1","Ex_DACH2_GRIK4",0.424985059837129
"_GTAGAAACAAGGCGTA-4","Glut-DACH2-3","Ex_DACH2_ZMAT4",0.529923620448528
"_GTAGAAACACTATGTG-4","Glut-DACH2-3","Ex_DACH2_SLIT2",0.47962427892307
"_GTAGAGGAGACGCATG-4","Glut-DACH2-1","Ex_DACH2_NR4A3",0.231494351772029
"_GTAGAGGAGGTCTTTG-4","Glut-DACH2-2","Ex_DACH2_LHX2",0.385242436476281
"_GTAGAGGGTTCGGTTA-4","Glut-DACH2-1","Ex_DACH2_NR4A3",0.470677644114194
"_GTAGATCGTGATTCTG-4","Glut-DACH2-1","Ex_DACH2_NR4A3",0.261517809766877
"_GTAGATCTCTCCGTGT-4","Glut-DACH2-3","Ex_DACH2_SLIT2",0.720959924605677
"_GTAGCTACAGCGACAA-4","Glut-DACH2-2","Ex_DACH2_MGAT4C",0.279980171361467
"_GTAGGAGCATCGAAGG-4","Glut-DACH2-3","Ex_DACH2_SLIT2",0.553165842948704
"_GTAGGAGTCTTACGGA-4","Glut-DACH2-1","Ex_DACH2_MGAT4C",0.274687341684153
"_GTAGGTTCACGTACTA-4","Glut-DACH2-1","Ex_DACH2_NR4A3",0.312812808657128
"_GTAGGTTTCATTACTC-4","Glut-DACH2-5","Ex_DACH2_ADAMTS5",0.307753374422685
"_GTATTGGAGTGCTCAT-4","Glut-DACH2-4","Ex_DACH2_ITGA9",0.217075273220544
"_GTATTGGCACAAGTTC-4","Glut-DACH2-1","Ex_DACH2_NR4A3",0.770683320064716
"_GTATTGGGTATCAGCT-4","Glut-DACH2-HVCra-Pre","Ex_DACH2_GRIK4",0.352293578758066
"_GTATTTCAGCGAACTG-4","Glut-DACH2-4","Ex_DACH2_ITGA9",0.34213447864457
"_GTATTTCGTACACGCC-4","Glut-DACH2-1","Ex_DACH2_MGAT4C",0.325751389233749
"_GTCAAACAGGGTGAAA-4","Glut-DACH2-1","Ex_DACH2_ADAMTS5",0.408453987609429
"_GTCAAACAGGTGATCG-4","Glut-DACH2-3","Ex_DACH2_SLIT2",0.748386412425508
"_GTCAAACCATATGGCT-4","Glut-DACH2-4","Ex_DACH2_ITGA9",0.313594395844579
"_GTCAAGTAGCTAGATA-4","Glut-DACH2-2","Ex_DACH2_ADAMTS5",0.542963065832463
"_GTCACGGCACTCCTGT-4","Glut-DACH2-1","Ex_DACH2_GRIK4",0.26576632055289
"_GTCACGGGTCGTTGCG-4","Glut-DACH2-3","Ex_DACH2_ZMAT4",0.588295185127761
"_GTCACGGTCCACGGGT-4","Glut-DACH2-3","Ex_DACH2_SLIT2",0.490555506711766
"_GTCACTCAGCCTGTCG-4","Glut-DACH2-3","Ex_DACH2_ITGA9",0.247324276141479
"_GTCACTCCACGTAGAG-4","Glut-DACH2-2","Ex_DACH2_LHX2",0.415400384693096
"_GTCACTCTCGCACGGT-4","Glut-DACH2-5","Ex_DACH2_ADAMTS5",0.559279331044299
"_GTCACTCTCTACACAG-4","Glut-DACH2-3","Ex_DACH2_SLIT2",0.373096408351615
"_GTCAGCGCAATCCAGT-4","Glut-DACH2-1","Ex_DACH2_MGAT4C",0.381277410838361
"_GTCAGCGGTAGTGGCA-4","Glut-DACH2-3","Ex_DACH2_SLIT2",0.738660272567888
"_GTCATCCAGACCGTTT-4","Glut-DACH2-1","Ex_DACH2_MGAT4C",0.310767645595945
"_GTCATGAGTGCTGCAC-4","Glut-DACH2-3","Ex_DACH2_SLIT2",0.686978317908616
"_GTCATTTGTCGATTTG-4","Glut-DACH2-1","Ex_DACH2_MGAT4C",0.307451310955774
"_GTCCACTCACAAGCAG-4","Glut-DACH2-1","Ex_DACH2_MGAT4C",0.239612101547451
"_GTCCACTGTCTGCGCA-4","Glut-DACH2-2","Ex_DACH2_ADAMTS5",0.417157119852257
"_GTCCACTTCGCAGTGC-4","Glut-DACH2-2","Ex_DACH2_GRIK4",0.244423496116065
"_GTCCCATCACAGAAGC-4","Glut-DACH2-2","Ex_DACH2_LHX2",0.487361036655532
"_GTCCTCACAGTATGAA-4","Glut-DACH2-1","Ex_DACH2_MGAT4C",0.345964825748928
"_GTCGAATAGATGACAT-4","Glut-DACH2-2","Ex_DACH2_LHX2",0.556043731815223
"_GTCGAATCACGCACCA-4","Glut-DACH2-4","Ex_KIAA1217_BCL6",0.291572681593218
"_GTCGAATCATGAGTAA-4","Glut-DACH2-3","Ex_DACH2_CEMIP",0.58495271048202
"_GTCGAATGTCCATACA-4","Glut-DACH2-4","Ex_DACH2_ZMAT4",0.282114959843347
"_GTCGCGAAGGTACCTT-4","Glut-DACH2-3","Ex_DACH2_SLIT2",0.303746622823435
"_GTCGCGATCTTCGATT-4","Glut-DACH2-2","Ex_DACH2_ADAMTS5",0.243578879823301
"_GTCGTAAAGTGGAAAG-4","Glut-DACH2-3","Ex_DACH2_ZMAT4",0.645987714858098
"_GTCGTAATCGTTGTTT-4","Glut-DACH2-2","Ex_DACH2_ADAMTS5",0.345756954135297
"_GTCGTTCAGTCACAGG-4","Glut-DACH2-3","Ex_DACH2_SLIT2",0.484105822934557
"_GTCGTTCCATCGTGCG-4","Glut-DACH2-3","Ex_DACH2_ZMAT4",0.433352649388868
"_GTCTACCGTATGAGCG-4","Glut-DACH2-3","Ex_DACH2_SLIT2",0.475666176698236
"_GTCTACCGTCTGTGAT-4","Glut-DACH2-2","Ex_DACH2_NR4A3",0.250028098046952
"_GTCTAGAAGCATCAGG-4","Glut-DACH2-1","Ex_DACH2_GRIK4",0.391650181725035
"_GTCTCACAGTATTAGG-4","Glut-DACH2-1","Ex_DACH2_ADAMTS5",0.234505623698897
"_GTCTCACCACGGAAGT-4","Glut-DACH2-3","Ex_DACH2_SLIT2",0.799090109694819
"_GTCTCACGTGCATCTA-4","Glut-DACH2-2","Ex_DACH2_LHX2",0.352534302020832
"_GTCTCACGTGTCCAAT-4","Glut-DACH2-1","Ex_DACH2_NR4A3",0.501815130714119
"_GTCTGTCCAAGAGCTG-4","Glut-DACH2-3","Ex_DACH2_SLIT2",0.744162089858691
"_GTCTTTAAGTTACTCG-4","Glut-DACH2-3","Ex_DACH2_SLIT2",0.796106168483985
"_GTCTTTAGTGAAGCTG-4","Glut-DACH2-2","Ex_DACH2_ADAMTS5",0.339498683343819
"_GTCTTTATCGTGGCTG-4","Glut-DACH2-3","Ex_DACH2_ZMAT4",0.348417929929864
"_GTCTTTATCTTAGTTC-4","Glut-DACH2-2","Ex_DACH2_LHX2",0.347592758991038
"_GTGACGCCATCGTGGC-4","Glut-DACH2-1","Ex_DACH2_MGAT4C",0.293592649158944
"_GTGACGCGTCCTGTTC-4","Glut-DACH2-3","Ex_DACH2_SLIT2",0.648668330264028
"_GTGACGCTCGATACTG-4","Glut-DACH2-1","Ex_DACH2_GRIK4",0.324629439802065
"_GTGACGCTCTTCCCGA-4","Glut-DACH2-3","Ex_DACH2_SLIT2",0.794778990067333
"_GTGAGCCGTTTACCTT-4","Glut-DACH2-1","Ex_DACH2_MGAT4C",0.35199902152726
"_GTGAGCCTCGTTCCCA-4","Glut-DACH2-1","Ex_DACH2_MGAT4C",0.330439484961362
"_GTGAGGAAGCGTCAAG-4","Glut-DACH2-HVCra-Pre","Ex_DACH2_MGAT4C",0.196669290766649
"_GTGAGGAGTCAGGTAG-4","Glut-DACH2-3","Ex_DACH2_SLIT2",0.421519527212253
"_GTGAGTTAGGTTATAG-4","Glut-DACH2-3","Ex_DACH2_SLIT2",0.740205598559898
"_GTGAGTTGTGGTCAAG-4","Glut-DACH2-4","Ex_DACH2_ITGA9",0.382685170475501
"_GTGCAGCTCGCATAGT-4","Glut-DACH2-2","Ex_DACH2_ADAMTS5",0.38347003176635
"_GTGCAGCTCTGCTTTA-4","Glut-DACH2-1","Ex_DACH2_NR4A3",0.82509164508018
"_GTGCGTGCATCGGTTA-4","Glut-DACH2-2","Ex_DACH2_NR4A3",0.242556645470124
"_GTGCGTGGTTTCGTGA-4","Glut-DACH2-1","Ex_DACH2_LHX2",0.320877840625306
"_GTGCTGGAGACGATAT-4","Glut-DACH2-3","Ex_DACH2_SLIT2",0.417143349972732
"_GTGCTGGGTACCCAGC-4","Glut-DACH2-2","Ex_DACH2_GRIK4",0.290904507379368
"_GTGCTTCCATGTCAGT-4","Glut-DACH2-3","Ex_DACH2_ZMAT4",0.544558445972195
"_GTGCTTCTCCTCTGCA-4","Glut-DACH2-3","Ex_DACH2_ZMAT4",0.421871679327509
"_GTGGAAGAGGCATTTC-4","Glut-DACH2-1","Ex_DACH2_GRIK4",0.381464235071725
"_GTGGAAGAGGTAAGGA-4","Glut-DACH2-1","Ex_DACH2_ADAMTS5",0.365655708668791
"_GTGGAAGGTACGGATG-4","Glut-DACH2-3","Ex_DACH2_ZMAT4",0.371342699556751
"_GTGGAAGTCCCAAGTA-4","Glut-DACH2-1","Ex_DACH2_LHX2",0.369309707927864
"_GTGGAGAAGGAGGCAG-4","Glut-DACH2-2","Ex_DACH2_GRIK4",0.235966543024301
"_GTGGAGATCAGCTTCC-4","Glut-DACH2-1","Ex_DACH2_GRIK4",0.300688272645254
"_GTGGAGATCTGACGCG-4","Glut-DACH2-1","Ex_DACH2_GRIK4",0.328130639308555
"_GTGGCGTCAGTGACCC-4","Glut-DACH2-1","Ex_DACH2_MGAT4C",0.30951228391142
"_GTGGCGTTCCTTTGAT-4","Glut-DACH2-5","Ex_DACH2_ADAMTS5",0.326949038243896
"_GTGGGAACAGAGAATT-4","Glut-DACH2-2","Ex_DACH2_ADAMTS5",0.525619647403061
"_GTGGGAAGTCTCAGAT-4","Glut-DACH2-3","Ex_DACH2_SLIT2",0.752189957113328
"_GTGGTTAAGATTAGCA-4","Glut-DACH2-1","Ex_DACH2_MGAT4C",0.334493090296053
"_GTGGTTAAGTAAACAC-4","Glut-DACH2-1","Ex_DACH2_NR4A3",0.698068860716695
"_GTGGTTAGTTAAGAAC-4","Glut-DACH2-2","Ex_DACH2_ADAMTS5",0.282388043216035
"_GTGGTTATCGTAGCCG-4","Glut-DACH2-5","Ex_DACH2_ADAMTS5",0.428260479444438
"_GTGTAACTCTTGTGCC-4","Glut-DACH2-1","Ex_DACH2_NR4A3",0.740710478640218
"_GTGTCCTCATGAGTAA-4","Glut-DACH2-2","Ex_DACH2_ADAMTS5",0.295141182773631
"_GTGTCCTGTCCAATCA-4","Glut-DACH2-4","Ex_DACH2_ITGA9",0.282941728373598
"_GTGTGATGTACGCTTA-4","Glut-DACH2-2","Ex_DACH2_ADAMTS5",0.239536753320374
"_GTGTGATGTCCGGTCA-4","Glut-DACH2-2","Ex_DACH2_MGAT4C",0.245825749955072
"_GTGTGGCAGAAGTCCG-4","Glut-DACH2-3","Ex_DACH2_ZMAT4",0.396240968165617
"_GTGTGGCAGATTGATG-4","Glut-DACH2-3","Ex_DACH2_SLIT2",0.646202232924884
"_GTGTGGCCAACGATTC-4","Glut-DACH2-4","Ex_DACH2_ITGA9",0.384543083294437
"_GTGTGGCCAGTGCCTG-4","Glut-DACH2-2","Ex_DACH2_LHX2",0.518887275901996
"_GTGTTAGCACTAGAGG-4","Glut-DACH2-3","Ex_DACH2_ZMAT4",0.35765946511841
"_GTGTTAGTCGATGCAT-4","Glut-DACH2-3","Ex_DACH2_SLIT2",0.401361566580041
"_GTGTTCCCACGAGAAC-4","Glut-DACH2-5","Ex_DACH2_ADAMTS5",0.663214103717122
"_GTGTTCCCACGGAAGT-4","Glut-DACH2-3","Ex_DACH2_SLIT2",0.681299662267216
"_GTGTTCCGTCCTTTGC-4","Glut-DACH2-1","Ex_DACH2_MGAT4C",0.361864505350477
"_GTTACAGGTTGCTCCT-4","Glut-DACH2-3","Ex_DACH2_SLIT2",0.786266621089447
"_GTTACAGTCACCATGA-4","Glut-DACH2-3","Ex_DACH2_ZMAT4",0.581025470141404
"_GTTACAGTCTCATTTG-4","Glut-DACH2-3","Ex_DACH2_SLIT2",0.76208811566116
"_GTTACGAAGGTGCGAT-4","Glut-DACH2-4","Ex_DACH2_ITGA9",0.326877177795185
"_GTTACGAAGTTGCCTA-4","Glut-DACH2-4","Ex_DACH2_ITGA9",0.402493916927454
"_GTTACGACATGTGGTT-4","Glut-DACH2-1","Ex_DACH2_MGAT4C",0.313798199382456
"_GTTACGAGTCTACTGA-4","Glut-DACH2-2","Ex_DACH2_LHX2",0.509022088392374
"_GTTACGATCCCATTCG-4","Glut-DACH2-3","Ex_DACH2_ZMAT4",0.667174579934251
"_GTTAGACAGTGACCTT-4","Glut-DACH2-5","Ex_DACH2_ADAMTS5",0.382029072821774
"_GTTAGACGTCACTACA-4","Glut-DACH2-3","Ex_DACH2_SLIT2",0.793179041946174
"_GTTAGTGGTAACCAGG-4","Glut-DACH2-1","Ex_DACH2_GRIK4",0.278514873957151
"_GTTAGTGGTTGGCCGT-4","Glut-DACH2-3","Ex_DACH2_ZMAT4",0.300474913227012
"_GTTAGTGTCTGTACAG-4","Glut-DACH2-3","Ex_DACH2_SLIT2",0.493014743513543
"_GTTATGGCATGACCCG-4","Glut-DACH2-1","Ex_DACH2_NR4A3",0.240855414765121
"_GTTATGGTCGCACGAC-4","Glut-DACH2-1","Ex_DACH2_NR4A3",0.592483458118543
"_GTTCATTTCGATGCTA-4","Glut-DACH2-3","Ex_DACH2_SLIT2",0.672884220551558
"_GTTCATTTCGCAATTG-4","Glut-DACH2-4","Ex_DACH2_ITGA9",0.330375329371999
"_GTTCCGTAGAAATCCA-4","Glut-DACH2-4","Ex_DACH2_ITGA9",0.459246301065209
"_GTTCCGTAGTAACGTA-4","Glut-DACH2-3","Ex_DACH2_SLIT2",0.526559151428872
"_GTTCTATCAACCGTGC-4","Glut-DACH2-3","Ex_DACH2_SLIT2",0.490200119841742
"_GTTCTATCATGACTCA-4","Glut-DACH2-3","Ex_DACH2_SLIT2",0.609279969291408
"_GTTCTATTCCCTGTTG-4","Glut-DACH2-1","Ex_DACH2_NR4A3",0.618068893193276
"_GTTGAACCAGTCAACT-4","Glut-DACH2-3","Ex_DACH2_NR4A3",0.503286453057849
"_GTTGCGGCAATCCTAG-4","Glut-DACH2-1","Ex_DACH2_NR4A3",0.846906313191618
"_GTTGCGGCATGGAACG-4","Glut-DACH2-1","Ex_DACH2_GRIK4",0.346553686984071
"_GTTGCTCGTACTGACT-4","Glut-DACH2-4","Ex_DACH2_CEMIP",0.254404439125462
"_GTTGTCCCATCGCCTT-4","Glut-DACH2-1","Ex_DACH2_GRIK4",0.308916925163451
"_GTTGTCCGTCCTGTTC-4","Glut-DACH2-1","Ex_DACH2_MGAT4C",0.303042643685691
"_GTTGTCCTCGCGATCG-4","Glut-DACH2-3","Ex_DACH2_SLIT2",0.467304006333395
"_GTTGTGACATTCACCC-4","Glut-DACH2-1","Ex_DACH2_SLIT2",0.277377497756637
"_GTTGTGAGTAGTGTGG-4","Glut-DACH2-1","Ex_DACH2_MGAT4C",0.342715894684718
"_GTTTACTAGACTTGTC-4","Glut-DACH2-2","Ex_DACH2_LHX2",0.362136700258189
"_GTTTACTCAAGGTACG-4","Glut-DACH2-1","Ex_DACH2_NR4A3",0.563023027062319
"_GTTTACTCATCCGAAT-4","Glut-DACH2-3","Ex_DACH2_SLIT2",0.706448043642178
"_GTTTGGACAGACAATA-4","Glut-DACH2-3","Ex_DACH2_SLIT2",0.718102462188431
"_GTTTGGACATGTGGCC-4","Glut-DACH2-3","Ex_DACH2_NR4A3",0.532524829109706
"_GTTTGGAGTAACTTCG-4","Glut-DACH2-1","Ex_DACH2_MGAT4C",0.297680655922727
"_GTTTGGATCCTGTACC-4","Glut-DACH2-3","Ex_DACH2_SLIT2",0.734709923704405
"_TAACACGAGTTTAGGA-4","Glut-DACH2-2","Ex_DACH2_NR4A3",0.28748473993995
"_TAACACGTCCTCTCGA-4","Glut-DACH2-3","Ex_DACH2_SLIT2",0.578872036174003
"_TAACCAGCACAATGAA-4","Glut-DACH2-1","Ex_DACH2_GRIK4",0.312635528683957
"_TAACCAGGTCGCGTCA-4","Glut-DACH2-3","Ex_DACH2_SLIT2",0.722915214539862
"_TAACGACTCGATTCCC-4","Glut-DACH2-1","Ex_DACH2_MGAT4C",0.332335626802122
"_TAACTTCAGCAGCAGT-4","Glut-DACH2-3","Ex_DACH2_SLIT2",0.765240486287565
"_TAACTTCAGTTTGTCG-4","Glut-DACH2-2","Ex_DACH2_ADAMTS5",0.345842111240587
"_TAACTTCCACGTACTA-4","Glut-DACH2-3","Ex_DACH2_SLIT2",0.41676908303893
"_TAACTTCCATAAGCGG-4","Glut-DACH2-3","Ex_DACH2_SLIT2",0.413248084587015
"_TAACTTCGTGGTAACG-4","Glut-DACH2-2","Ex_DACH2_GRIK4",0.260875723221911
"_TAAGCCAGTCTGTGCG-4","Glut-DACH2-5","Ex_DACH2_ADAMTS5",0.349010659759986
"_TAAGCCAGTGCACATT-4","Glut-DACH2-4","Ex_DACH2_ITGA9",0.273972548967855
"_TAAGCCATCCAGCTCT-4","Glut-DACH2-3","Ex_DACH2_SLIT2",0.235803889034799
"_TAAGCGTAGAAACTCA-4","Glut-DACH2-4","Ex_DACH2_ITGA9",0.273077105907657
"_TAAGCGTAGGAAAGTG-4","Glut-DACH2-3","Ex_DACH2_ZMAT4",0.421180905100058
"_TAAGCGTGTTAAGGAT-4","Glut-DACH2-4","Ex_DACH2_CEMIP",0.395885383339298
"_TAAGTCGGTGATTGGG-4","Glut-DACH2-3","Ex_DACH2_SLIT2",0.691397700843801
"_TAATCTCCACTGGCGT-4","Glut-DACH2-4","Ex_DACH2_ITGA9",0.415485325203858
"_TAATCTCCAGCAGTCC-4","Glut-DACH2-4","Ex_DACH2_ITGA9",0.281976137177515
"_TAATCTCTCAAGAGGC-4","Glut-DACH2-3","Ex_DACH2_ITGA9",0.290578390827984
"_TACAACGCAGTTGGTT-4","Glut-DACH2-3","Ex_DACH2_ZMAT4",0.388234440943905
"_TACAACGTCAACTTTC-4","Glut-DACH2-3","Ex_DACH2_SLIT2",0.820271291889178
"_TACAACGTCGATTGAC-4","Glut-DACH2-1","Ex_DACH2_MGAT4C",0.377414458888042
"_TACACCCCAAACCACT-4","Glut-DACH2-3","Ex_DACH2_SLIT2",0.780193071555124
"_TACACCCCAAACCGGA-4","Glut-DACH2-1","Ex_DACH2_MGAT4C",0.255089075199041
"_TACACCCCATAGAATG-4","Glut-DACH2-4","Ex_DACH2_ITGA9",0.334542438211468
"_TACACCCGTGAAAGTT-4","Glut-DACH2-1","Ex_DACH2_GRIK4",0.239411884361764
"_TACACCCTCAGCGCAC-4","Glut-DACH2-4","Ex_DACH2_CEMIP",0.344631081056304
"_TACACCCTCGTAACCA-4","Glut-DACH2-1","Ex_DACH2_MGAT4C",0.242965168717047
"_TACAGGTGTCCGGACT-4","Glut-DACH2-2","Ex_DACH2_GRIK4",0.256306783643885
"_TACAGGTTCCTTCACG-4","Glut-DACH2-4","Ex_DACH2_ITGA9",0.309630585813259
"_TACATTCCACGTTGGC-4","Glut-DACH2-3","Ex_DACH2_SLIT2",0.270566505879766
"_TACATTCCAGGTAGTG-4","Glut-DACH2-1","Ex_DACH2_GRIK4",0.294401273000084
"_TACATTCGTCCCGGTA-4","Glut-DACH2-3","Ex_DACH2_SLIT2",0.764829421928912
"_TACCCGTAGGTGGTTG-4","Glut-DACH2-3","Ex_DACH2_SLIT2",0.493792100551656
"_TACCCGTCACTCAAGT-4","Glut-DACH2-1","Ex_DACH2_MGAT4C",0.311915515553887
"_TACCCGTCACTGGCCA-4","Glut-DACH2-3","Ex_DACH2_SLIT2",0.710791894208982
"_TACCGGGCAGGTATGG-4","Glut-DACH2-1","Ex_DACH2_GRIK4",0.324893096476703
"_TACCGGGTCGCTGATA-4","Glut-DACH2-1","Ex_DACH2_GRIK4",0.237809403375838
"_TACCTCGAGACGGTCA-4","Glut-DACH2-3","Ex_DACH2_SLIT2",0.825365581851351
"_TACCTCGAGCTTGTGT-4","Glut-DACH2-3","Ex_DACH2_ZMAT4",0.379375787805909
"_TACCTCGCAAGGTTGG-4","Glut-DACH2-3","Ex_DACH2_SLIT2",0.333342602587781
"_TACCTCGCACAAGGTG-4","Glut-DACH2-4","Ex_DACH2_CEMIP",0.308328557795894
"_TACCTGCAGCGCAATG-4","Glut-DACH2-3","Ex_DACH2_SLIT2",0.654716320093733
"_TACCTGCCAAGCGATG-4","Glut-DACH2-3","Ex_DACH2_SLIT2",0.644404661546922
"_TACCTGCCACGTCTCT-4","Glut-DACH2-2","Ex_DACH2_ADAMTS5",0.256731675986482
"_TACGCTCAGAATTCAG-4","Glut-DACH2-4","Ex_DACH2_CEMIP",0.291918979378482
"_TACGCTCGTAAGGTCG-4","Glut-DACH2-3","Ex_DACH2_SLIT2",0.406575663701447
"_TACGCTCTCCTGTAAG-4","Glut-DACH2-1","Ex_DACH2_NR4A3",0.28464883866882
"_TACGCTCTCGATACTG-4","Glut-DACH2-2","Ex_DACH2_GRIK4",0.257075492413228
"_TACGGGCAGGACCCAA-4","Glut-DACH2-1","Ex_DACH2_GRIK4",0.322759701857228
"_TACGGGCTCCTTGGAA-4","Glut-DACH2-5","Ex_DACH2_ADAMTS5",0.384141575747181
"_TACGGTAAGAACCGCA-4","Glut-DACH2-2","Ex_DACH2_GRIK4",0.277977266290976
"_TACGGTACAGCGACCT-4","Glut-DACH2-2","Ex_DACH2_MGAT4C",0.229601445783717
"_TACGTCCCAACAAGAT-4","Glut-DACH2-1","Ex_DACH2_GRIK4",0.288691461489001
"_TACGTCCCATCGGCCA-4","Glut-DACH2-2","Ex_DACH2_ADAMTS5",0.311006991848139
"_TACGTCCTCTATTCGT-4","Glut-DACH2-1","Ex_DACH2_GRIK4",0.342289726347066
"_TACTTACCACGGGCTT-4","Glut-DACH2-3","Ex_DACH2_ZMAT4",0.615522249086216
"_TACTTACGTACAGTCT-4","Glut-DACH2-1","Ex_DACH2_GRIK4",0.361117266691102
"_TACTTACGTACCGTGC-4","Glut-DACH2-1","Ex_DACH2_ADAMTS5",0.26534807634485
"_TACTTACTCCATTTAC-4","Glut-DACH2-1","Ex_DACH2_MGAT4C",0.337491937275482
"_TACTTACTCCGACGGT-4","Glut-DACH2-3","Ex_DACH2_SLIT2",0.322750469933374
"_TACTTACTCTAGGCAT-4","Glut-DACH2-2","Ex_DACH2_GRIK4",0.243015919085335
"_TACTTCAAGGCTGAAC-4","Glut-DACH2-3","Ex_DACH2_SLIT2",0.714535215184144
"_TACTTCAAGTGCCAGA-4","Glut-DACH2-2","Ex_DACH2_LHX2",0.208991562705518
"_TACTTGTGTGGTCTGC-4","Glut-DACH2-3","Ex_DACH2_SLIT2",0.53737199993831
"_TACTTGTTCCCATAAG-4","Glut-DACH2-3","Ex_DACH2_SLIT2",0.759485303918507
"_TAGACCAAGCTGTCCG-4","Glut-DACH2-2","Ex_DACH2_LHX2",0.259330669700621
"_TAGACCACAGACCGCT-4","Glut-DACH2-1","Ex_DACH2_MGAT4C",0.330248577187864
"_TAGACCATCCTAAACG-4","Glut-DACH2-1","Ex_DACH2_MGAT4C",0.358773951910017
"_TAGACTGTCTTACGTT-4","Glut-DACH2-4","Ex_DACH2_ITGA9",0.318559659703188
"_TAGAGTCAGAGCATCG-4","Glut-DACH2-4","Ex_DACH2_ITGA9",0.298375970281897
"_TAGAGTCAGCAATAGT-4","Glut-DACH2-1","Ex_DACH2_MGAT4C",0.314602890933148
"_TAGAGTCAGGTTCCGC-4","Glut-DACH2-3","Ex_DACH2_SLIT2",0.778837638474597
"_TAGATCGAGGGAGTTC-4","Glut-DACH2-3","Ex_DACH2_ZMAT4",0.37948930262999
"_TAGATCGGTCCTCCTA-4","Glut-DACH2-2","Ex_DACH2_ADAMTS5",0.225400645739017
"_TAGATCGGTGGCACTC-4","Glut-DACH2-1","Ex_DACH2_MGAT4C",0.272458576824162
"_TAGATCGTCGTTAGAC-4","Glut-DACH2-4","Ex_DACH2_CEMIP",0.362023234142312
"_TAGATCGTCTGTCGCT-4","Glut-DACH2-3","Ex_DACH2_ZMAT4",0.434347744335463
"_TAGCACAAGTAGTCCT-4","Glut-DACH2-3","Ex_DACH2_SLIT2",0.82229118128888
"_TAGCACACAGGAGGAG-4","Glut-DACH2-3","Ex_DACH2_SLIT2",0.363409823737806
"_TAGCACAGTCTGTGAT-4","Glut-DACH2-1","Ex_DACH2_ADAMTS5",0.332253164236262
"_TAGCACAGTTCATCTT-4","Glut-DACH2-2","Ex_DACH2_LHX2",0.393998769123362
"_TAGCACATCGTGCATA-4","Glut-DACH2-3","Ex_DACH2_ZMAT4",0.495814330824938
"_TAGGAGGGTGATAGAT-4","Glut-DACH2-1","Ex_DACH2_MGAT4C",0.318820526308943
"_TAGGAGGTCCCAAGCG-4","Glut-DACH2-1","Ex_DACH2_MGAT4C",0.322783135035585
"_TAGGGTTCATTGCAAC-4","Glut-DACH2-4","Ex_DACH2_ADAMTS5",0.329497806234299
"_TAGGTACAGTAAACTG-4","Glut-DACH2-1","Ex_DACH2_ADAMTS5",0.350464697524418
"_TAGGTACCACAGCGCT-4","Glut-DACH2-4","Ex_DACH2_ITGA9",0.303077139949444
"_TAGTGCAAGGAAGTGA-4","Glut-DACH2-3","Ex_DACH2_SLIT2",0.770145574244263
"_TAGTGCATCCGCGATG-4","Glut-DACH2-1","Ex_DACH2_GRIK4",0.23361129387656
"_TATACCTAGGAGATAG-4","Glut-DACH2-2","Ex_DACH2_ADAMTS5",0.507466877397627
"_TATACCTGTTTGTTGG-4","Glut-DACH2-3","Ex_DACH2_ZMAT4",0.47533929657226
"_TATACCTTCTCGGGAC-4","Glut-DACH2-2","Ex_DACH2_GRIK4",0.32177348479575
"_TATATCCAGGGTACGT-4","Glut-DACH2-7","Ex_DACH2_ADAMTS5",0.379142090430614
"_TATATCCAGTGCACTT-4","Glut-DACH2-3","Ex_DACH2_SLIT2",0.779078119261214
"_TATATCCCAACGGTAG-4","Glut-DACH2-1","Ex_DACH2_MGAT4C",0.353917759825234
"_TATATCCGTCGTATGT-4","Glut-DACH2-4","Ex_DACH2_ITGA9",0.270894835085323
"_TATCAGGGTCGTTGGC-4","Glut-DACH2-3","Ex_DACH2_ZMAT4",0.37723169635204
"_TATCCTAAGGTGCTGA-4","Glut-DACH2-4","Ex_DACH2_SLIT2",0.357955674102669
"_TATCCTATCGTTACCC-4","Glut-DACH2-2","Ex_DACH2_LHX2",0.340779894085995
"_TATCGCCCATAGGTAA-4","Glut-DACH2-3","Ex_DACH2_SLIT2",0.417585327570771
"_TATCGCCGTATGTCTG-4","Glut-DACH2-3","Ex_DACH2_ZMAT4",0.520397246093524
"_TATCGCCTCTAGATCG-4","Glut-DACH2-1","Ex_DACH2_LHX2",0.378982285647974
"_TATCTTGCACTGTCCT-4","Glut-DACH2-2","Ex_DACH2_LHX2",0.404813411022614
"_TATGTTCGTCTGTAGT-4","Glut-DACH2-2","Ex_DACH2_GRIK4",0.215643886557056
"_TATTCCAAGTAGTCTC-4","Glut-DACH2-2","Ex_DACH2_GRIK4",0.334284019934138
"_TATTGGGAGTGATTCC-4","Glut-DACH2-3","Ex_DACH2_SLIT2",0.620271150020642
"_TATTGGGCAAACCATC-4","Glut-DACH2-1","Ex_DACH2_GRIK4",0.443182718411087
"_TATTGGGTCCTATTGT-4","Glut-DACH2-2","Ex_DACH2_ADAMTS5",0.322928933064695
"_TATTTCGCACAAAGTA-4","Glut-DACH2-2","Ex_DACH2_LHX2",0.354795922747092
"_TATTTCGCAGCGCTTG-4","Glut-DACH2-3","Ex_DACH2_SLIT2",0.697670307142295
"_TATTTCGTCAATCTCT-4","Glut-DACH2-2","Ex_DACH2_LHX2",0.47280039911206
"_TCAAGACGTCATAGTC-4","Glut-DACH2-1","Ex_DACH2_MGAT4C",0.310030443015179
"_TCAAGACGTTTGATCG-4","Glut-DACH2-2","Ex_DACH2_LHX2",0.403549350599706
"_TCAAGCAAGTCATGGG-4","Glut-DACH2-3","Ex_DACH2_ZMAT4",0.683844765272184
"_TCAAGCAAGTGTTCCA-4","Glut-DACH2-3","Ex_DACH2_SLIT2",0.670145228375721
"_TCAAGCAGTGGGAGAG-4","Glut-DACH2-2","Ex_DACH2_LHX2",0.415031112686757
"_TCAAGTGAGGGTATAT-4","Glut-DACH2-3","Ex_DACH2_ZMAT4",0.43273360501457
"_TCAAGTGGTCCAAAGG-4","Glut-DACH2-2","Ex_DACH2_ADAMTS5",0.28970867722733
"_TCAATCTGTGAGTTTC-4","Glut-DACH2-3","Ex_DACH2_SLIT2",0.664004472024873
"_TCAATCTGTGCTTCAA-4","Glut-DACH2-1","Ex_DACH2_MGAT4C",0.344295587929281
"_TCAATTCGTTCTGAGT-4","Glut-DACH2-3","Ex_DACH2_SLIT2",0.769429912324966
"_TCAATTCGTTGAATCC-4","Glut-DACH2-3","Ex_DACH2_SLIT2",0.656846673383276
"_TCAATTCTCCTTCTTC-4","Glut-DACH2-1","Ex_DACH2_MGAT4C",0.310177114964734
"_TCACAAGAGCTTGTTG-4","Glut-DACH2-1","Ex_DACH2_ADAMTS5",0.296786206040246
"_TCACAAGCACAAGCTT-4","Glut-DACH2-2","Ex_DACH2_GRIK4",0.233958069919291
"_TCACAAGCATGAAGGC-4","Glut-DACH2-1","Ex_DACH2_MGAT4C",0.315466431840386
"_TCACAAGGTTGGCCGT-4","Glut-DACH2-3","Ex_DACH2_SLIT2",0.641408775987112
"_TCACAAGTCCCGAGGT-4","Glut-DACH2-3","Ex_DACH2_SLIT2",0.752041651924951
"_TCACACCCACTATCCC-4","Glut-DACH2-2","Ex_DACH2_GRIK4",0.229709074338563
"_TCACACCTCATCACCC-4","Glut-DACH2-5","Ex_DACH2_ADAMTS5",0.429704106721698
"_TCACACCTCCGTGGCA-4","Glut-DACH2-3","Ex_DACH2_SLIT2",0.8006779432549
"_TCACATTAGTCATCCA-4","Glut-DACH2-3","Ex_DACH2_SLIT2",0.42153999006447
"_TCACGCTAGTAAACTG-4","Glut-DACH2-1","Ex_DACH2_NR4A3",0.404422849126335
"_TCACGCTGTACGATCT-4","Glut-DACH2-1","Ex_DACH2_GRIK4",0.336539548887187
"_TCACGGGGTACGGTTT-4","Glut-DACH2-2","Ex_DACH2_ADAMTS5",0.313047504823255
"_TCACGGGTCTGAGGTT-4","Glut-DACH2-1","Ex_DACH2_ADAMTS5",0.212652899211145
"_TCACTATTCATGAGTC-4","Glut-DACH2-2","Ex_DACH2_GRIK4",0.293540857363012
"_TCACTCGGTAGTAAGT-4","Glut-DACH2-5","Ex_DACH2_ADAMTS5",0.471968461924035
"_TCACTCGTCAAGGACG-4","Glut-DACH2-3","Ex_DACH2_ZMAT4",0.331195778147913
"_TCAGCAATCATAAGGA-4","Glut-DACH2-4","Ex_DACH2_ITGA9",0.323043836123441
"_TCAGCAATCTGGTTGA-4","Glut-DACH2-2","Ex_DACH2_GRIK4",0.232311659192528
"_TCAGCCTAGCCGCACT-4","Glut-DACH2-3","Ex_DACH2_ZMAT4",0.693281376827132
"_TCAGCCTTCTCTTCAA-4","Glut-DACH2-3","Ex_DACH2_SLIT2",0.48678683616167
"_TCAGGGCAGAACTTCC-4","Glut-DACH2-4","Ex_DACH2_CEMIP",0.143016792303742
"_TCAGGGCAGCAAGTGC-4","Glut-DACH2-1","Ex_DACH2_GRIK4",0.302196659677051
"_TCAGGGCGTACTGCGC-4","Glut-DACH2-3","Ex_DACH2_SLIT2",0.763997352880018
"_TCAGGGCTCGTGTGGC-4","Glut-DACH2-3","Ex_DACH2_SLIT2",0.604666990936455
"_TCAGGTAAGACCATAA-4","Glut-DACH2-1","Ex_DACH2_ADAMTS5",0.360503897283371
"_TCAGGTAAGCCATATC-4","Glut-DACH2-3","Ex_DACH2_SLIT2",0.405237648986258
"_TCAGTCCAGCCTAGGA-4","Glut-DACH2-3","Ex_DACH2_ZMAT4",0.462230968794129
"_TCAGTCCAGCTTAAGA-4","Glut-DACH2-1","Ex_DACH2_GRIK4",0.295783930005314
"_TCAGTCCAGGTCATCT-4","Glut-DACH2-HVCra-Pre","Ex_DACH2_LHX2",0.278947593747183
"_TCAGTGATCTCTCAAT-4","Glut-DACH2-3","Ex_DACH2_SLIT2",0.481613902312301
"_TCAGTTTCAAATACAG-4","Glut-DACH2-4","Ex_DACH2_ITGA9",0.345238504089914
"_TCATATCCACGCCAGT-4","Glut-DACH2-3","Ex_DACH2_SLIT2",0.590828377682402
"_TCATATCGTCATAGTC-4","Glut-DACH2-3","Ex_DACH2_ZMAT4",0.566075978154199
"_TCATATCGTGAATTAG-4","Glut-DACH2-2","Ex_DACH2_NR4A3",0.323000723567474
"_TCATATCTCGACCATA-4","Glut-DACH2-2","Ex_DACH2_LHX2",0.405977008321458
"_TCATCATAGGCCTAAG-4","Glut-DACH2-2","Ex_DACH2_MGAT4C",0.271436150627953
"_TCATCCGAGATCGACG-4","Glut-DACH2-3","Ex_DACH2_ITGA9",0.317899383686827
"_TCATCCGAGGTAGACC-4","Glut-DACH2-3","Ex_DACH2_SLIT2",0.420080639841086
"_TCATCCGAGTCATGAA-4","Glut-DACH2-1","Ex_DACH2_MGAT4C",0.280962898211385
"_TCATCCGCAACTGCTA-4","Glut-DACH2-3","Ex_DACH2_SLIT2",0.58045755617148
"_TCATCCGGTATGTCCA-4","Glut-DACH2-3","Ex_DACH2_SLIT2",0.790703379538001
"_TCATCCGTCGTACACA-4","Glut-DACH2-3","Ex_DACH2_SLIT2",0.466364763043332
"_TCATGCCCAAGAGCTG-4","Glut-DACH2-4","Ex_DACH2_SLIT2",0.301475604160244
"_TCATGCCCACATGGTT-4","Glut-DACH2-3","Ex_DACH2_SLIT2",0.399629617783269
"_TCATGCCTCGCCTCTA-4","Glut-DACH2-4","Ex_DACH2_NR4A3",0.582459763150795
"_TCATGTTAGTCTAACC-4","Glut-DACH2-1","Ex_DACH2_MGAT4C",0.316810555766211
"_TCATGTTCAGAAACCG-4","Glut-DACH2-1","Ex_DACH2_MGAT4C",0.299410315861009
"_TCATGTTGTACATACC-4","Glut-DACH2-3","Ex_DACH2_ADAMTS5",0.194528568241761
"_TCATTACGTTCGGGTC-4","Glut-DACH2-3","Ex_DACH2_SLIT2",0.463172105137774
"_TCATTCAAGATAGCAT-4","Glut-DACH2-3","Ex_DACH2_SLIT2",0.329188732344494
"_TCATTCAAGGTCTTTG-4","Glut-DACH2-1","Ex_DACH2_GRIK4",0.356922716965623
"_TCATTGTAGAATAGTC-4","Glut-DACH2-1","Ex_DACH2_NR4A3",0.714826387542074
"_TCATTGTTCCCTCAAC-4","Glut-DACH2-1","Ex_DACH2_MGAT4C",0.239222392806253
"_TCCACGTAGTCAATCC-4","Glut-DACH2-1","Ex_DACH2_MGAT4C",0.260269881097209
"_TCCAGAAAGCTGACCC-4","Glut-DACH2-1","Ex_DACH2_MGAT4C",0.279352101142255
"_TCCAGAAGTTGTTTGG-4","Glut-DACH2-1","Ex_DACH2_MGAT4C",0.318212046257801
"_TCCATCGAGTGGTTCT-4","Glut-DACH2-3","Ex_DACH2_ZMAT4",0.494397122031209
"_TCCATCGGTGGTCCGT-4","Glut-DACH2-1","Ex_DACH2_GRIK4",0.243338913235766
"_TCCATCGTCATTTGTC-4","Glut-DACH2-2","Ex_DACH2_GRIK4",0.336481642287938
"_TCCATCGTCGAGATAA-4","Glut-DACH2-2","Ex_DACH2_ADAMTS5",0.294849440839397
"_TCCATGCAGAAGAGCA-4","Glut-DACH2-1","Ex_DACH2_MGAT4C",0.293758712752548
"_TCCATGCTCCATACAG-4","Glut-DACH2-1","Ex_DACH2_GRIK4",0.322161746787981
"_TCCATGCTCGCTTGAA-4","Glut-DACH2-2","Ex_DACH2_ADAMTS5",0.254327656090674
"_TCCCACAAGCCTGGAA-4","Glut-DACH2-2","Ex_DACH2_GRIK4",0.24667009205342
"_TCCCACAGTCGAACAG-4","Glut-DACH2-5","Ex_DACH2_GRIK4",0.379092108479665
"_TCCCACAGTCGTGATT-4","Glut-DACH2-4","Ex_DACH2_ITGA9",0.25598790016747
"_TCCCACATCGCAGTTA-4","Glut-DACH2-1","Ex_DACH2_MGAT4C",0.283918842765679
"_TCCCATGAGACATCAA-4","Glut-DACH2-3","Ex_DACH2_ZMAT4",0.54266479667797
"_TCCCATGCAAATCAAG-4","Glut-DACH2-4","Ex_DACH2_ITGA9",0.349828731072888
"_TCCCATGCAGAGGTTG-4","Glut-DACH2-4","Ex_DACH2_MGAT4C",0.257110173499755
"_TCCCATGGTGGGTATG-4","Glut-DACH2-2","Ex_DACH2_ADAMTS5",0.265566544683809
"_TCCCATGTCATCGACA-4","Glut-DACH2-2","Ex_DACH2_ADAMTS5",0.317549032760012
"_TCCGAAAAGAGGATCC-4","Glut-DACH2-2","Ex_DACH2_ADAMTS5",0.295414448668609
"_TCCGAAAAGCTCAGAG-4","Glut-DACH2-2","Ex_DACH2_GRIK4",0.240273746088942
"_TCCGAAACATGAGATA-4","Glut-DACH2-1","Ex_DACH2_GRIK4",0.325847460143339
"_TCCGGGATCTGGCCTT-4","Glut-DACH2-4","Ex_DACH2_NR4A3",0.552178352727477
"_TCCTAATAGTCGAAAT-4","Glut-DACH2-3","Ex_DACH2_SLIT2",0.695584118426471
"_TCCTAATAGTTGCGAG-4","Glut-DACH2-1","Ex_DACH2_MGAT4C",0.264955604260409
"_TCCTAATCACTTCTCG-4","Glut-DACH2-3","Ex_DACH2_ZMAT4",0.544656601659894
"_TCCTAATCATGCACTA-4","Glut-DACH2-2","Ex_DACH2_LHX2",0.27517340999104
"_TCCTAATCATTGTAGC-4","Glut-DACH2-3","Ex_DACH2_SLIT2",0.394912511951663
"_TCCTCCCAGGACTGGT-4","Glut-DACH2-3","Ex_DACH2_SLIT2",0.78230735193903
"_TCCTCCCCATGAAGGC-4","Glut-DACH2-5","Ex_DACH2_ADAMTS5",0.509672747863585
"_TCCTCCCGTAGTAAGT-4","Glut-DACH2-1","Ex_DACH2_MGAT4C",0.315962729819406
"_TCCTCGACAGGCTCTG-4","Glut-DACH2-1","Ex_DACH2_MGAT4C",0.343347333215656
"_TCCTCGAGTTCCCAAA-4","Glut-DACH2-1","Ex_DACH2_GRIK4",0.344164165900676
"_TCCTCGATCGAGTACT-4","Glut-DACH2-3","Ex_DACH2_SLIT2",0.724018695928163
"_TCCTCGATCTCCGAGG-4","Glut-DACH2-1","Ex_DACH2_MGAT4C",0.29498869141286
"_TCCTCTTAGAAACACT-4","Glut-DACH2-1","Ex_DACH2_ADAMTS5",0.291940195756984
"_TCCTCTTAGAGCTTTC-4","Glut-DACH2-3","Ex_DACH2_SLIT2",0.696617547529837
"_TCCTCTTAGCTGTTCA-4","Glut-DACH2-3","Ex_DACH2_SLIT2",0.806336353577707
"_TCCTCTTAGTGGATTA-4","Glut-DACH2-3","Ex_DACH2_ZMAT4",0.414412551092328
"_TCCTCTTCAGCGATTT-4","Glut-DACH2-1","Ex_DACH2_MGAT4C",0.352129461967502
"_TCCTCTTCATCAACCA-4","Glut-DACH2-1","Ex_DACH2_MGAT4C",0.335830090285245
"_TCCTCTTCATCATCCC-4","Glut-DACH2-1","Ex_DACH2_GRIK4",0.297975960924733
"_TCCTCTTGTGATCGTT-4","Glut-DACH2-1","Ex_DACH2_MGAT4C",0.252908890988274
"_TCCTGCACAGTTCCAA-4","Glut-DACH2-1","Ex_DACH2_MGAT4C",0.332108757279756
"_TCCTTCTAGTAGACCG-4","Glut-DACH2-3","Ex_DACH2_ZMAT4",0.447436741862081
"_TCCTTCTGTGCTGATT-4","Glut-DACH2-2","Ex_DACH2_LHX2",0.371626006038338
"_TCCTTTCCAATGCAGG-4","Glut-DACH2-3","Ex_DACH2_SLIT2",0.479203533253613
"_TCCTTTCCAGCTACTA-4","Glut-DACH2-2","Ex_DACH2_GRIK4",0.2920522335028
"_TCCTTTCTCCTCACCA-4","Glut-DACH2-1","Ex_DACH2_ADAMTS5",0.274926812667973
"_TCGAACACATTCCTAT-4","Glut-DACH2-2","Ex_DACH2_ADAMTS5",0.331843284152618
"_TCGACCTCAGAGTGTG-4","Glut-DACH2-4","Ex_DACH2_ITGA9",0.246690501298663
"_TCGACCTCAGTGCCTG-4","Glut-DACH2-3","Ex_DACH2_SLIT2",0.797103328411427
"_TCGACCTCATTAGGAA-4","Glut-DACH2-4","Ex_DACH2_ITGA9",0.278290867242229
"_TCGACCTGTCTGCATA-4","Glut-DACH2-1","Ex_DACH2_NR4A3",0.714050459632748
"_TCGACGGCATCGCCTT-4","Glut-DACH2-2","Ex_DACH2_ADAMTS5",0.238206076180036
"_TCGACGGGTGCATCTA-4","Glut-DACH2-3","Ex_DACH2_SLIT2",0.730640105229307
"_TCGATTTCATTGTGCA-4","Glut-DACH2-2","Ex_DACH2_ADAMTS5",0.417433247960709
"_TCGATTTTCTTCGCTG-4","Glut-DACH2-3","Ex_DACH2_SLIT2",0.549000045346049
"_TCGCAGGGTCTCACAA-4","Glut-DACH2-1","Ex_DACH2_MGAT4C",0.337864860943391
"_TCGCAGGTCCTACACC-4","Glut-DACH2-2","Ex_DACH2_ADAMTS5",0.315525413245673
"_TCGCTCATCCATATGG-4","Glut-DACH2-3","Ex_DACH2_SLIT2",0.666975882108993
"_TCGGATAAGTGGAAGA-4","Glut-DACH2-4","Ex_DACH2_ITGA9",0.253586199170122
"_TCGGATAGTGAGGATC-4","Glut-DACH2-3","Ex_DACH2_SLIT2",0.535987759182889
"_TCGGATAGTGGCGCTT-4","Glut-DACH2-1","Ex_DACH2_MGAT4C",0.310445099941217
"_TCGGGACCACGTCGTG-4","Glut-DACH2-3","Ex_DACH2_ITGA9",0.32549887415799
"_TCGGGCACAGGTTTAC-4","Glut-DACH2-1","Ex_DACH2_GRIK4",0.33946423166857
"_TCGGGTGCACAGTGTT-4","Glut-DACH2-1","Ex_DACH2_MGAT4C",0.299648435938821
"_TCGGGTGCATGGCTAT-4","Glut-DACH2-5","Ex_DACH2_NR4A3",0.459830726742531
"_TCGGTCTAGCATCCTA-4","Glut-DACH2-3","Ex_DACH2_SLIT2",0.626696548369595
"_TCGGTCTGTCTGCCTT-4","Glut-DACH2-4","Ex_DACH2_ITGA9",0.338982902239506
"_TCGGTCTGTTGTCAGT-4","Glut-DACH2-2","Ex_DACH2_ADAMTS5",0.285535788289578
"_TCGTCCAAGTATGAAC-4","Glut-DACH2-2","Ex_DACH2_ADAMTS5",0.240061400086304
"_TCGTCCAGTACCGGAA-4","Glut-DACH2-3","Ex_DACH2_ZMAT4",0.430416035043381
"_TCGTCCAGTTGTTGAC-4","Glut-DACH2-4","Ex_DACH2_CEMIP",0.247681466015368
"_TCGTGCTAGAGCAACC-4","Glut-DACH2-3","Ex_DACH2_ZMAT4",0.325802841584783
"_TCGTGGGCACCTGCAG-4","Glut-DACH2-2","Ex_DACH2_GRIK4",0.322113891708013
"_TCTAACTCATGGGTCC-4","Glut-DACH2-3","Ex_DACH2_ZMAT4",0.298640616651563
"_TCTACCGCAGCTGCCA-4","Glut-DACH2-1","Ex_DACH2_NR4A3",0.237884118529326
"_TCTATACTCGCATGAT-4","Glut-DACH2-3","Ex_DACH2_SLIT2",0.296527944576311
"_TCTATCATCGCCTAGG-4","Glut-DACH2-1","Ex_DACH2_MGAT4C",0.317633745423178
"_TCTCACGCACCCTAAA-4","Glut-DACH2-1","Ex_DACH2_MGAT4C",0.307896621781991
"_TCTCACGTCCCAAGTA-4","Glut-DACH2-4","Ex_DACH2_ITGA9",0.39053171869081
"_TCTCAGCAGTGTGTTC-4","Glut-DACH2-8","Ex_DACH2_ZMAT4",0.492405502430846
"_TCTCAGCCACTGCACG-4","Glut-DACH2-1","Ex_DACH2_MGAT4C",0.308780877187616
"_TCTCAGCGTTATGTCG-4","Glut-DACH2-5","Ex_DACH2_ADAMTS5",0.282712881039225
"_TCTCAGCTCATGTCTT-4","Glut-DACH2-2","Ex_DACH2_ADAMTS5",0.336164244365438
"_TCTCAGCTCCAACCGG-4","Glut-DACH2-1","Ex_DACH2_GRIK4",0.314983568324941
"_TCTCCGATCCACCTGT-4","Glut-DACH2-1","Ex_DACH2_MGAT4C",0.23844139574406
"_TCTCTGGGTCTCAGGC-4","Glut-DACH2-3","Ex_DACH2_SLIT2",0.403915984432007
"_TCTGCCACAGCAGAAC-4","Glut-DACH2-4","Ex_DACH2_ZMAT4",0.268910531735298
"_TCTGCCAGTATTCCGA-4","Glut-DACH2-1","Ex_DACH2_MGAT4C",0.306743367632836
"_TCTGCCATCGGTGAAG-4","Glut-DACH2-5","Ex_DACH2_ADAMTS5",0.570275386642886
"_TCTGGCTAGCGTTCAT-4","Glut-DACH2-3","Ex_DACH2_SLIT2",0.633322644253622
"_TCTGGCTCAGCACAGA-4","Glut-DACH2-3","Ex_DACH2_SLIT2",0.823003979689811
"_TCTGGCTTCATCGACA-4","Glut-DACH2-3","Ex_DACH2_ZMAT4",0.412664120013331
"_TCTGGCTTCTCTATGT-4","Glut-DACH2-2","Ex_DACH2_GRIK4",0.299483280187597
"_TCTTCCTCAGCAGTCC-4","Glut-DACH2-5","Ex_DACH2_ADAMTS5",0.37739431986238
"_TCTTGCGAGCGCCTAC-4","Glut-DACH2-HVCra-Pre","Ex_DACH2_MGAT4C",0.177583334634845
"_TCTTGCGAGTAGCATA-4","Glut-DACH2-2","Ex_DACH2_MGAT4C",0.312410691138453
"_TCTTGCGCAGTTGTTG-4","Glut-DACH2-2","Ex_DACH2_LHX2",0.319336691010407
"_TCTTTGAAGATCGCCC-4","Glut-DACH2-3","Ex_DACH2_SLIT2",0.604490364010644
"_TCTTTGAAGCTATCTG-4","Glut-DACH2-1","Ex_DACH2_GRIK4",0.302976723671739
"_TGAACGTTCACGAGGA-4","Glut-DACH2-3","Ex_DACH2_SLIT2",0.355223024767746
"_TGAACGTTCTATTCGT-4","Glut-DACH2-2","Ex_DACH2_ADAMTS5",0.362818061251028
"_TGAATCGGTACCGTCG-4","Glut-DACH2-3","Ex_DACH2_ADAMTS5",0.277796605790615
"_TGAATCGTCACCTTGC-4","Glut-DACH2-2","Ex_DACH2_GRIK4",0.280257100476414
"_TGAATCGTCCGTGCGA-4","Glut-DACH2-2","Ex_DACH2_GRIK4",0.309756265131166
"_TGAATGCGTGGTCAAG-4","Glut-DACH2-3","Ex_DACH2_ZMAT4",0.628068905370687
"_TGAATGCGTGTCCTAA-4","Glut-DACH2-3","Ex_DACH2_SLIT2",0.829342613934923
"_TGAATGCTCATCGGGC-4","Glut-DACH2-1","Ex_DACH2_GRIK4",0.385241995285383
"_TGACCCTAGCTTACGT-4","Glut-DACH2-1","Ex_DACH2_MGAT4C",0.256917316966572
"_TGACCCTAGGTAGGCT-4","Glut-DACH2-1","Ex_DACH2_ADAMTS5",0.458325192889585
"_TGACCCTGTACGCTAT-4","Glut-DACH2-1","Ex_DACH2_ADAMTS5",0.276799868048114
"_TGACCCTTCGAGAAAT-4","Glut-DACH2-3","Ex_DACH2_ZMAT4",0.513878456476211
"_TGACGCGGTAGGACCA-4","Glut-DACH2-5","Ex_DACH2_ADAMTS5",0.240840069873797
"_TGACGCGGTTACTCAG-4","Glut-DACH2-3","Ex_DACH2_SLIT2",0.347062701212309
"_TGACGCGTCCCGAGAC-4","Glut-DACH2-3","Ex_DACH2_SLIT2",0.287060793881781
"_TGACGCGTCTTGTGCC-4","Glut-DACH2-4","Ex_DACH2_ITGA9",0.311523093350216
"_TGACTCCAGTCCGCCA-4","Glut-DACH2-2","Ex_DACH2_GRIK4",0.295927807960109
"_TGACTCCTCTACTGAG-4","Glut-DACH2-1","Ex_DACH2_GRIK4",0.333841130308546
"_TGAGACTCATTGAAAG-4","Glut-DACH2-2","Ex_DACH2_GRIK4",0.274300102384966
"_TGAGACTTCTCATTGT-4","Glut-DACH2-3","Ex_DACH2_SLIT2",0.691658630495468
"_TGAGCATAGGTCGCCT-4","Glut-DACH2-7","Ex_DACH2_ADAMTS5",0.344513280508793
"_TGAGGAGTCGGTAGGA-4","Glut-DACH2-1","Ex_DACH2_LHX2",0.324008468813944
"_TGAGGGACAGATCCAT-4","Glut-DACH2-1","Ex_DACH2_GRIK4",0.276554626569196
"_TGAGGGACATGGAATA-4","Glut-DACH2-2","Ex_DACH2_MGAT4C",0.208507405654581
"_TGAGGGAGTAGTCGTT-4","Glut-DACH2-3","Ex_DACH2_SLIT2",0.281589750695162
"_TGAGGGATCTACTGAG-4","Glut-DACH2-1","Ex_DACH2_MGAT4C",0.30498557330592
"_TGAGGTTAGCCTGACC-4","Glut-DACH2-3","Ex_DACH2_ZMAT4",0.709136738512818
"_TGAGGTTGTAGGTGCA-4","Glut-DACH2-4","Ex_DACH2_ITGA9",0.42299908946367
"_TGAGGTTTCAATCTTC-4","Glut-DACH2-1","Ex_DACH2_NR4A3",0.792798324457841
"_TGAGTCACATGCAGGA-4","Glut-DACH2-3","Ex_DACH2_SLIT2",0.742309773769541
"_TGATCAGAGGAAGTCC-4","Glut-DACH2-3","Ex_DACH2_SLIT2",0.555600016747771
"_TGATCAGAGTAGCCAG-4","Glut-DACH2-1","Ex_DACH2_GRIK4",0.33185172026178
"_TGATCAGCACATATCG-4","Glut-DACH2-3","Ex_DACH2_CEMIP",0.384223116885125
"_TGATCAGCATGTGGCC-4","Glut-DACH2-3","Ex_DACH2_SLIT2",0.625582556832729
"_TGATCAGGTGACACGA-4","Glut-DACH2-3","Ex_DACH2_SLIT2",0.475479223048022
"_TGATCTTAGCTAGTTC-4","Glut-DACH2-2","Ex_DACH2_GRIK4",0.25815991898996
"_TGATCTTAGTACTGTC-4","Glut-DACH2-1","Ex_DACH2_ADAMTS5",0.23508647944769
"_TGATCTTCAGTCTTCC-4","Glut-DACH2-1","Ex_DACH2_LHX2",0.47530383879305
"_TGATCTTTCATTTCCA-4","Glut-DACH2-3","Ex_DACH2_ZMAT4",0.525035416763548
"_TGATGGTGTTGTGCAT-4","Glut-DACH2-1","Ex_DACH2_MGAT4C",0.283106382430262
"_TGATTCTGTGAAAGTT-4","Glut-DACH2-3","Ex_DACH2_ZMAT4",0.335132250105992
"_TGATTTCAGGGTAATT-4","Glut-DACH2-2","Ex_DACH2_ADAMTS5",0.347500083062451
"_TGCACGGCAAAGGTTA-4","Glut-DACH2-1","Ex_DACH2_GRIK4",0.407322507500238
"_TGCACGGCACTTCCTG-4","Glut-DACH2-1","Ex_DACH2_GRIK4",0.407476259436397
"_TGCAGATGTCCCAAAT-4","Glut-DACH2-3","Ex_DACH2_ZMAT4",0.27120137929457
"_TGCAGATTCAGGTGTT-4","Glut-DACH2-4","Ex_DACH2_ITGA9",0.306083276849825
"_TGCAGATTCGCATGAT-4","Glut-DACH2-2","Ex_DACH2_GRIK4",0.289915619790091
"_TGCAGTACACACACTA-4","Glut-DACH2-2","Ex_DACH2_GRIK4",0.291031295666609
"_TGCATGACAAAGGGCT-4","Glut-DACH2-2","Ex_DACH2_MGAT4C",0.319474888177172
"_TGCATGAGTGTTAGCT-4","Glut-DACH2-2","Ex_DACH2_ADAMTS5",0.515264500116864
"_TGCCGAGCATAACCCA-4","Glut-DACH2-3","Ex_DACH2_SLIT2",0.413286609136245
"_TGCCGAGTCTGTTCAT-4","Glut-DACH2-3","Ex_DACH2_ZMAT4",0.390726078501675
"_TGCGACGTCGTGGACC-4","Glut-DACH2-5","Ex_DACH2_ADAMTS5",0.530604619591105
"_TGCGATAGTTGTAAAG-4","Glut-DACH2-3","Ex_DACH2_SLIT2",0.598369311541532
"_TGCGGCAGTACTGACT-4","Glut-DACH2-3","Ex_DACH2_SLIT2",0.480048715740465
"_TGCGGGTAGACTTCCA-4","Glut-DACH2-3","Ex_DACH2_SLIT2",0.360870343814064
"_TGCGGGTCACTACCCT-4","Glut-DACH2-4","Ex_DACH2_ZMAT4",0.307292226180216
"_TGCGGGTGTGGTCTTA-4","Glut-DACH2-4","Ex_DACH2_ITGA9",0.231258999484075
"_TGCTCGTAGCCAAGCA-4","Glut-DACH2-3","Ex_DACH2_SLIT2",0.742456883582665
"_TGCTCGTAGTGCTCGC-4","Glut-DACH2-5","Ex_DACH2_ADAMTS5",0.544520992391718
"_TGCTGAACACAGCATT-4","Glut-DACH2-2","Ex_DACH2_ADAMTS5",0.459228185006828
"_TGCTGAACATTACGGT-4","Glut-DACH2-3","Ex_DACH2_SLIT2",0.549526810995271
"_TGCTGAAGTCCTTGTC-4","Glut-DACH2-3","Ex_DACH2_SLIT2",0.573619989451559
"_TGCTGAAGTGTAGTGG-4","Glut-DACH2-2","Ex_DACH2_ADAMTS5",0.387339611546454
"_TGCTGAATCCAGCCTT-4","Glut-DACH2-1","Ex_DACH2_ITGA9",0.224196647774099
"_TGCTTCGAGTCATACC-4","Glut-DACH2-3","Ex_DACH2_ZMAT4",0.241654957005649
"_TGCTTCGAGTCTGGAG-4","Glut-DACH2-1","Ex_DACH2_LHX2",0.300397588506701
"_TGCTTCGAGTTACGAA-4","Glut-DACH2-5","Ex_DACH2_ADAMTS5",0.499448247245051
"_TGCTTCGTCCACAGCG-4","Glut-DACH2-4","Ex_DACH2_ITGA9",0.354721924781775
"_TGCTTGCGTGTCTTAG-4","Glut-DACH2-2","Ex_DACH2_LHX2",0.488647136069491
"_TGCTTGCGTTACCCTC-4","Glut-DACH2-1","Ex_DACH2_GRIK4",0.368684648474007
"_TGCTTGCTCCGATCTC-4","Glut-DACH2-1","Ex_DACH2_GRIK4",0.338769531456306
"_TGGAACTAGAAGAGCA-4","Glut-DACH2-2","Ex_DACH2_ADAMTS5",0.293464595043815
"_TGGAACTAGGGATCGT-4","Glut-DACH2-3","Ex_DACH2_SLIT2",0.597439762217152
"_TGGAACTGTAAGGTCG-4","Glut-DACH2-3","Ex_DACH2_SLIT2",0.43116300094122
"_TGGAACTGTGATATAG-4","Glut-DACH2-3","Ex_DACH2_SLIT2",0.75753591940572
"_TGGAACTTCTAGTACG-4","Glut-DACH2-3","Ex_DACH2_SLIT2",0.523747750633304
"_TGGAGAGAGCCTGCCA-4","Glut-DACH2-2","Ex_DACH2_ADAMTS5",0.445134301557483
"_TGGAGAGCAACAAGAT-4","Glut-DACH2-1","Ex_DACH2_GRIK4",0.344763243629495
"_TGGAGAGCACGTTGGC-4","Glut-DACH2-5","Ex_DACH2_ADAMTS5",0.63672503869489
"_TGGAGAGGTCGGAAAC-4","Glut-DACH2-2","Ex_DACH2_ADAMTS5",0.277006119457248
"_TGGAGAGGTTGTGGAG-4","Glut-DACH2-1","Ex_DACH2_NR4A3",0.690350854729036
"_TGGAGGAAGTCCTACA-4","Glut-DACH2-2","Ex_DACH2_GRIK4",0.24989928581843
"_TGGAGGACATCTTTCA-4","Glut-DACH2-4","Ex_DACH2_GRIK4",0.221052216244079
"_TGGAGGAGTTGACGGA-4","Glut-DACH2-1","Ex_DACH2_LHX2",0.390798116157202
"_TGGAGGATCTACGGGC-4","Glut-DACH2-1","Ex_DACH2_MGAT4C",0.302281492602189
"_TGGATCAGTCGGATTT-4","Glut-DACH2-2","Ex_DACH2_LHX2",0.338804687433539
"_TGGATGTAGAATCTAG-4","Glut-DACH2-1","Ex_DACH2_MGAT4C",0.28923104954125
"_TGGATGTCAAACACCT-4","Glut-DACH2-2","Ex_DACH2_ADAMTS5",0.307650008990618
"_TGGATGTCAAATTGGA-4","Glut-DACH2-1","Ex_DACH2_NR4A3",0.732926070892878
"_TGGATGTCATTGAGGG-4","Glut-DACH2-1","Ex_DACH2_LHX2",0.438763647635359
"_TGGATGTGTTCCGTTC-4","Glut-DACH2-1","Ex_DACH2_MGAT4C",0.240830563654438
"_TGGCGTGAGGTATCTC-4","Glut-DACH2-2","Ex_DACH2_LHX2",0.48770088382276
"_TGGGAAGCACATAGCT-4","Glut-DACH2-2","Ex_DACH2_ADAMTS5",0.287457370949036
"_TGGGAAGGTTGCTCCT-4","Glut-DACH2-1","Ex_DACH2_MGAT4C",0.35190923604308
"_TGGGAAGTCCCAAGTA-4","Glut-DACH2-3","Ex_DACH2_SLIT2",0.694789061691585
"_TGGGAGAAGGTTCTTG-4","Glut-DACH2-1","Ex_DACH2_GRIK4",0.310822126905507
"_TGGGAGAAGTGTCATC-4","Glut-DACH2-2","Ex_DACH2_GRIK4",0.227520842171762
"_TGGGATTCACAACGCC-4","Glut-DACH2-3","Ex_DACH2_NR4A3",0.761803036018313
"_TGGGCGTTCCGTCCTA-4","Glut-DACH2-3","Ex_DACH2_SLIT2",0.534726574624168
"_TGGGCGTTCCTTCAGC-4","Glut-DACH2-1","Ex_DACH2_MGAT4C",0.325682631518499
"_TGGGCTGAGGCGAAGG-4","Glut-DACH2-1","Ex_DACH2_MGAT4C",0.364542750027892
"_TGGGCTGAGTCTGTAC-4","Glut-DACH2-1","Ex_DACH2_NR4A3",0.875527343335247
"_TGGGCTGCATACAGGG-4","Glut-DACH2-2","Ex_DACH2_ADAMTS5",0.418732323383661
"_TGGGCTGGTTGCGGAA-4","Glut-DACH2-3","Ex_DACH2_SLIT2",0.392031365180327
"_TGGTACATCTTGGGCG-4","Glut-DACH2-3","Ex_DACH2_SLIT2",0.581717600980314
"_TGGTAGTTCCGGCAAC-4","Glut-DACH2-1","Ex_DACH2_GRIK4",0.301982768180237
"_TGGTAGTTCCGGTTCT-4","Glut-DACH2-3","Ex_DACH2_ZMAT4",0.351073138385145
"_TGGTAGTTCGAGAAGC-4","Glut-DACH2-3","Ex_DACH2_ZMAT4",0.408292520314788
"_TGGTGATAGTAGCAAT-4","Glut-DACH2-1","Ex_DACH2_NR4A3",0.847832508102228
"_TGGTGATCAATGACCT-4","Glut-DACH2-2","Ex_DACH2_GRIK4",0.26017718387402
"_TGGTGATTCAAGATAG-4","Glut-DACH2-1","Ex_DACH2_GRIK4",0.257626019906095
"_TGGTTAGAGCGATCGA-4","Glut-DACH2-1","Ex_DACH2_GRIK4",0.329259185667744
"_TGGTTAGAGCTAGAAT-4","Glut-DACH2-1","Ex_DACH2_ADAMTS5",0.362352665948464
"_TGGTTAGAGTCATACC-4","Glut-DACH2-2","Ex_DACH2_ADAMTS5",0.394301085883514
"_TGGTTAGGTGTCTTCC-4","Glut-DACH2-3","Ex_DACH2_SLIT2",0.63626609197151
"_TGGTTAGTCAAGAAAC-4","Glut-DACH2-4","Ex_DACH2_ITGA9",0.375403161040439
"_TGTAACGAGCCGTTAT-4","Glut-DACH2-1","Ex_DACH2_LHX2",0.565952720767277
"_TGTAACGCAGAAATTG-4","Glut-DACH2-1","Ex_DACH2_ADAMTS5",0.253401629409704
"_TGTAACGCATAGATGA-4","Glut-DACH2-4","Ex_DACH2_ITGA9",0.352087535489868
"_TGTAACGTCCCGTTCA-4","Glut-DACH2-3","Ex_DACH2_SLIT2",0.251340612098058
"_TGTAAGCCAGGTGAGT-4","Glut-DACH2-1","Ex_DACH2_GRIK4",0.45274185316507
"_TGTAAGCTCCGCACGA-4","Glut-DACH2-3","Ex_DACH2_SLIT2",0.638141010121195
"_TGTAAGCTCGTTCCTG-4","Glut-DACH2-1","Ex_DACH2_ADAMTS5",0.288586844340327
"_TGTACAGTCTCATTGT-4","Glut-DACH2-1","Ex_DACH2_NR4A3",0.699537986008416
"_TGTAGACCAAAGCTCT-4","Glut-DACH2-HVCx","Ex_DACH2_ITGA9",0.281198849460038
"_TGTAGACCAACTCGAT-4","Glut-DACH2-2","Ex_DACH2_LHX2",0.471221279511027
"_TGTAGACGTACCAATC-4","Glut-DACH2-1","Ex_DACH2_GRIK4",0.479728282865585
"_TGTAGACGTCCACACG-4","Glut-DACH2-1","Ex_DACH2_MGAT4C",0.362005966511115
"_TGTAGACTCGCTGTTC-4","Glut-DACH2-2","Ex_DACH2_LHX2",0.218380449837078
"_TGTCAGAAGATAACAC-4","Glut-DACH2-1","Ex_DACH2_ADAMTS5",0.402196083229222
"_TGTCCACAGACCATTC-4","Glut-DACH2-1","Ex_DACH2_NR4A3",0.89251270465464
"_TGTCCTGCAGTAACAA-4","Glut-DACH2-3","Ex_DACH2_SLIT2",0.700754056666071
"_TGTCCTGGTCATCCCT-4","Glut-DACH2-3","Ex_DACH2_ZMAT4",0.476931279801631
"_TGTGAGTAGTGGCGAT-4","Glut-DACH2-1","Ex_DACH2_NR4A3",0.594873413323434
"_TGTGCGGAGATCACTC-4","Glut-DACH2-3","Ex_DACH2_SLIT2",0.529042758246132
"_TGTGCGGAGGCAGGGA-4","Glut-DACH2-2","Ex_DACH2_LHX2",0.330552476738088
"_TGTGGCGAGAGAGCGG-4","Glut-DACH2-1","Ex_DACH2_NR4A3",0.302892817860536
"_TGTGGCGCAGGGAATC-4","Glut-DACH2-3","Ex_DACH2_SLIT2",0.717676274575344
"_TGTGGCGCATCCTGTC-4","Glut-DACH2-1","Ex_DACH2_MGAT4C",0.270960162994047
"_TGTGTGATCCATTTCA-4","Glut-DACH2-1","Ex_DACH2_MGAT4C",0.265681771583772
"_TGTTACTGTGTTCATG-4","Glut-DACH2-2","Ex_DACH2_NR4A3",0.267402568361302
"_TGTTCCGAGCGAACTG-4","Glut-DACH2-3","Ex_DACH2_SLIT2",0.547337658985433
"_TGTTCCGCATTAGGCT-4","Glut-DACH2-2","Ex_DACH2_GRIK4",0.304252133295805
"_TGTTCCGTCCTTCTGG-4","Glut-DACH2-1","Ex_DACH2_GRIK4",0.423843292939867
"_TGTTCTAAGTACTGGG-4","Glut-DACH2-4","Ex_DACH2_GRIK4",0.202782477744809
"_TGTTCTACAAAGAGTT-4","Glut-DACH2-2","Ex_DACH2_LHX2",0.513834863651057
"_TGTTCTAGTATGCTTG-4","Glut-DACH2-3","Ex_DACH2_ZMAT4",0.443912577252313
"_TGTTCTATCCTACAAG-4","Glut-DACH2-4","Ex_DACH2_NR4A3",0.52951113928777
"_TGTTGGACAGACGCTC-4","Glut-DACH2-1","Ex_DACH2_MGAT4C",0.339615616213084
"_TGTTGGAGTAGGGAGG-4","Glut-DACH2-1","Ex_DACH2_GRIK4",0.304972114279658
"_TGTTTGTAGGTACAGC-4","Glut-DACH2-2","Ex_DACH2_LHX2",0.529866165716868
"_TGTTTGTGTAGTCTGT-4","Glut-DACH2-1","Ex_DACH2_GRIK4",0.419960126178379
"_TGTTTGTGTCCTACAA-4","Glut-DACH2-1","Ex_DACH2_MGAT4C",0.313888020767645
"_TGTTTGTTCAGGAGAC-4","Glut-DACH2-4","Ex_DACH2_ITGA9",0.270279759835465
"_TGTTTGTTCGGCGATC-4","Glut-DACH2-2","Ex_DACH2_ADAMTS5",0.328525118181064
"_TTAATCCAGAGTTGAT-4","Glut-DACH2-3","Ex_DACH2_SLIT2",0.670913082236283
"_TTAATCCAGTGCTAGG-4","Glut-DACH2-1","Ex_DACH2_MGAT4C",0.306510094668127
"_TTACAGGAGCGAATGC-4","Glut-DACH2-2","Ex_DACH2_LHX2",0.425207045586647
"_TTACAGGAGGGCCCTT-4","Glut-DACH2-3","Ex_DACH2_SLIT2",0.738960483562188
"_TTACCATAGACCAACG-4","Glut-DACH2-5","Ex_DACH2_ADAMTS5",0.523609164788642
"_TTACCATGTCTTACTT-4","Glut-DACH2-2","Ex_DACH2_ADAMTS5",0.306823565608999
"_TTACCGCAGTACCCTA-4","Glut-DACH2-3","Ex_DACH2_SLIT2",0.383558326436063
"_TTACCGCCAATTGAAG-4","Glut-DACH2-3","Ex_DACH2_SLIT2",0.443731934376101
"_TTACCGCCAGTCACGC-4","Glut-DACH2-3","Ex_DACH2_ZMAT4",0.683322699981197
"_TTACGCCCAAGGATGC-4","Glut-DACH2-2","Ex_DACH2_LHX2",0.339789906501105
"_TTACGCCTCTCAATCT-4","Glut-DACH2-3","Ex_DACH2_SLIT2",0.724130362241608
"_TTACGTTAGGTAAACT-4","Glut-DACH2-1","Ex_DACH2_MGAT4C",0.330925403146503
"_TTACGTTGTCATCCCT-4","Glut-DACH2-2","Ex_DACH2_LHX2",0.317159862115648
"_TTACGTTGTCCACTCT-4","Glut-DACH2-3","Ex_DACH2_SLIT2",0.681303147599688
"_TTACTGTAGGATGGCT-4","Glut-DACH2-3","Ex_DACH2_ZMAT4",0.494801589093
"_TTAGGCAGTCAATCTG-4","Glut-DACH2-1","Ex_DACH2_MGAT4C",0.33114835544851
"_TTAGGGTAGGAGGTTC-4","Glut-DACH2-3","Ex_DACH2_SLIT2",0.772213000122738
"_TTAGGGTTCACGATCA-4","Glut-DACH2-3","Ex_DACH2_ZMAT4",0.660699121093117
"_TTAGTCTAGAACGCGT-4","Glut-DACH2-3","Ex_DACH2_NR4A3",0.288801130447764
"_TTAGTCTTCAGCTTCC-4","Glut-DACH2-1","Ex_DACH2_MGAT4C",0.268910648849333
"_TTATTGCCACCTGCTT-4","Glut-DACH2-1","Ex_DACH2_GRIK4",0.300200309136379
"_TTCAATCCAAGGGTCA-4","Glut-DACH2-3","Ex_DACH2_ZMAT4",0.641896107321297
"_TTCAATCCATCGAGCC-4","Glut-DACH2-4","Ex_DACH2_GRIK4",0.342996590565193
"_TTCAATCGTCGCATGC-4","Glut-DACH2-2","Ex_DACH2_LHX2",0.531133859793079
"_TTCACCGCAGGACGAT-4","Glut-DACH2-1","Ex_DACH2_MGAT4C",0.356909100149408
"_TTCACCGGTGAGTTGG-4","Glut-DACH2-5","Ex_DACH2_LHX2",0.265145004031446
"_TTCACCGTCCGAGATT-4","Glut-DACH2-3","Ex_DACH2_SLIT2",0.774390628217851
"_TTCACGCAGCTAAACA-4","Glut-DACH2-1","Ex_DACH2_LHX2",0.470627175739122
"_TTCAGGACACAGGATG-4","Glut-DACH2-1","Ex_DACH2_GRIK4",0.512061982224157
"_TTCAGGATCACCTACC-4","Glut-DACH2-1","Ex_DACH2_MGAT4C",0.360386106226473
"_TTCATGTTCATACGGT-4","Glut-DACH2-1","Ex_DACH2_ADAMTS5",0.328014440337417
"_TTCCAATCAAGTCCCG-4","Glut-DACH2-1","Ex_DACH2_MGAT4C",0.327387294526345
"_TTCCAATGTGATCATC-4","Glut-DACH2-3","Ex_DACH2_SLIT2",0.363811471454489
"_TTCCAATGTGTGAATA-4","Glut-DACH2-1","Ex_DACH2_MGAT4C",0.321663775974011
"_TTCCAATTCTACTGAG-4","Glut-DACH2-2","Ex_DACH2_GRIK4",0.274582183084206
"_TTCCACGCATAATGAG-4","Glut-DACH2-3","Ex_DACH2_SLIT2",0.573238141349089
"_TTCCGGTTCGTAGGAG-4","Glut-DACH2-1","Ex_DACH2_ADAMTS5",0.332085247961632
"_TTCCGTGCAATTGCAC-4","Glut-DACH2-3","Ex_DACH2_SLIT2",0.803110120562403
"_TTCCTAATCTCACGAA-4","Glut-DACH2-3","Ex_DACH2_SLIT2",0.631433389666927
"_TTCCTCTCAGCATTGT-4","Glut-DACH2-5","Ex_DACH2_ADAMTS5",0.404575867942885
"_TTCCTTCCAAAGGAGA-4","Glut-DACH2-1","Ex_DACH2_GRIK4",0.378258365325055
"_TTCCTTCCAAGTCCAT-4","Glut-DACH2-1","Ex_DACH2_GRIK4",0.341210774747775
"_TTCGATTCACACAGCC-4","Glut-DACH2-2","Ex_DACH2_GRIK4",0.268236197575087
"_TTCGCTGAGCGACAGT-4","Glut-DACH2-2","Ex_DACH2_LHX2",0.312846934695327
"_TTCGCTGCACAGCATT-4","Glut-DACH2-4","Ex_DACH2_ITGA9",0.328460332739357
"_TTCGCTGGTCAGCGTC-4","Glut-DACH2-3","Ex_DACH2_SLIT2",0.775563744913879
"_TTCGGTCAGACTAAGT-4","Glut-DACH2-1","Ex_DACH2_GRIK4",0.435572439768163
"_TTCTAACTCTAGCCAA-4","Glut-DACH2-1","Ex_DACH2_MGAT4C",0.302563782508284
"_TTCTAGTAGTCTGGAG-4","Glut-DACH2-3","Ex_DACH2_ZMAT4",0.419419548558421
"_TTCTAGTTCAGATGCT-4","Glut-DACH2-1","Ex_DACH2_NR4A3",0.750170466245401
"_TTCTAGTTCTTTGCAT-4","Glut-DACH2-2","Ex_DACH2_LHX2",0.36109068094096
"_TTCTCTCAGGTACATA-4","Glut-DACH2-2","Ex_DACH2_GRIK4",0.268623034115746
"_TTCTCTCCAGCAGGAT-4","Glut-DACH2-4","Ex_DACH2_CEMIP",0.2319326705638
"_TTCTCTCGTCTTGCTC-4","Glut-DACH2-1","Ex_DACH2_ADAMTS5",0.576900228755984
"_TTCTCTCTCCGCACGA-4","Glut-DACH2-2","Ex_DACH2_ADAMTS5",0.338726117273283
"_TTCTGTAGTGCGCTCA-4","Glut-DACH2-1","Ex_DACH2_GRIK4",0.290460079514656
"_TTCTGTATCTAAGAAG-4","Glut-DACH2-1","Ex_DACH2_ADAMTS5",0.252768438571911
"_TTCTTCCCATTCCTCG-4","Glut-DACH2-4","Ex_DACH2_NR4A3",0.453564824402779
"_TTCTTCCGTATGTCCA-4","Glut-DACH2-5","Ex_DACH2_ADAMTS5",0.498249944423882
"_TTCTTCCTCTGAGGCC-4","Glut-DACH2-1","Ex_DACH2_NR4A3",0.874959728290828
"_TTCTTGAAGTCGCCCA-4","Glut-DACH2-4","Ex_DACH2_ITGA9",0.378321885771556
"_TTCTTGATCAAACTGC-4","Glut-DACH2-1","Ex_DACH2_NR4A3",0.591515188158376
"_TTGAACGTCTAGAGCT-4","Glut-DACH2-1","Ex_DACH2_MGAT4C",0.357641652234891
"_TTGACCCAGGGACAGG-4","Glut-DACH2-3","Ex_DACH2_NR4A3",0.612932721272617
"_TTGAGTGAGTTAGTAG-4","Glut-DACH2-2","Ex_DACH2_ADAMTS5",0.308178036056089
"_TTGATGGAGTTGGAGC-4","Glut-DACH2-1","Ex_DACH2_GRIK4",0.356886277561704
"_TTGATGGGTTACAGCT-4","Glut-DACH2-2","Ex_DACH2_LHX2",0.38766672764052
"_TTGCATTCAAATACGA-4","Glut-DACH2-5","Ex_DACH2_LHX2",0.44416288453871
"_TTGCATTCACCAGACC-4","Glut-DACH2-3","Ex_DACH2_SLIT2",0.742197888189341
"_TTGCCTGTCGCATTGA-4","Glut-DACH2-4","Ex_DACH2_ITGA9",0.307831195357237
"_TTGCGTCCAAGACGGT-4","Glut-DACH2-1","Ex_DACH2_LHX2",0.357576788335133
"_TTGCGTCGTATCGCAT-4","Glut-DACH2-1","Ex_DACH2_GRIK4",0.343106415536946
"_TTGCGTCGTCACCGAC-4","Glut-DACH2-3","Ex_DACH2_ZMAT4",0.450198601085484
"_TTGCTGCCAATAGTGA-4","Glut-DACH2-4","Ex_DACH2_ITGA9",0.441475699417303
"_TTGCTGCGTCTGCATA-4","Glut-DACH2-HVCra-Pre","Ex_DACH2_ITGA9",0.208892239536116
"_TTGGATGGTTAAGTCC-4","Glut-DACH2-3","Ex_DACH2_SLIT2",0.388265904508129
"_TTGGGATAGGCTGGAT-4","Glut-DACH2-3","Ex_DACH2_SLIT2",0.52396147221663
"_TTGGGATAGGTCACCC-4","Glut-DACH2-3","Ex_DACH2_SLIT2",0.719486139892665
"_TTGGGATCACTCATAG-4","Glut-DACH2-1","Ex_DACH2_GRIK4",0.308678280320799
"_TTGGGATGTCGAACGA-4","Glut-DACH2-2","Ex_DACH2_GRIK4",0.271632988067337
"_TTGGGATTCCGAAGGA-4","Glut-DACH2-1","Ex_DACH2_NR4A3",0.458022998045788
"_TTGGGCGAGGGTTTCT-4","Glut-DACH2-2","Ex_DACH2_GRIK4",0.257272981233867
"_TTGGGTAAGACCAGCA-4","Glut-DACH2-1","Ex_DACH2_MGAT4C",0.289489134435886
"_TTGGGTACACTCTAGA-4","Glut-DACH2-3","Ex_DACH2_SLIT2",0.695246305799357
"_TTGGGTAGTAGTCCTA-4","Glut-DACH2-3","Ex_DACH2_SLIT2",0.480830201895431
"_TTGGGTATCCCACAGG-4","Glut-DACH2-3","Ex_DACH2_SLIT2",0.606668756839633
"_TTGGTTTCAGGGACTA-4","Glut-DACH2-3","Ex_DACH2_SLIT2",0.812947983583812
"_TTGGTTTTCAAGAGGC-4","Glut-DACH2-1","Ex_DACH2_GRIK4",0.300296832148093
"_TTGTGGAAGATTAGAC-4","Glut-DACH2-5","Ex_DACH2_ADAMTS5",0.303323783666996
"_TTGTGGAAGCATTGAA-4","Glut-DACH2-4","Ex_DACH2_CEMIP",0.308092529437699
"_TTGTGTTAGAGTATAC-4","Glut-DACH2-3","Ex_DACH2_SLIT2",0.685522555692846
"_TTGTTCAAGACGCTCC-4","Glut-DACH2-1","Ex_DACH2_GRIK4",0.326459714654291
"_TTGTTCATCACCTTAT-4","Glut-DACH2-1","Ex_DACH2_GRIK4",0.412370739467012
"_TTGTTGTGTATCGTGT-4","Glut-DACH2-3","Ex_DACH2_SLIT2",0.659069954591285
"_TTGTTGTTCGAGTCTA-4","Glut-DACH2-4","Ex_DACH2_GRIK4",0.307552918387543
"_TTGTTGTTCTTCGGTC-4","Glut-DACH2-3","Ex_DACH2_ZMAT4",0.413161196863435
"_TTGTTTGAGAGAGGTA-4","Glut-DACH2-1","Ex_DACH2_MGAT4C",0.330907876463622
"_TTGTTTGAGGAGCAAA-4","Glut-DACH2-2","Ex_DACH2_ADAMTS5",0.318070361389611
"_TTGTTTGGTAGACAAT-4","Glut-DACH2-2","Ex_DACH2_LHX2",0.381928988431668
"_TTGTTTGGTGAGCTCC-4","Glut-DACH2-4","Ex_DACH2_ITGA9",0.317125703209855
"_TTTACGTAGGCATGGT-4","Glut-DACH2-3","Ex_DACH2_SLIT2",0.73666627830724
"_TTTACGTAGGTTGCCC-4","Glut-DACH2-3","Ex_DACH2_ZMAT4",0.422153137919644
"_TTTACGTTCCCAAGTA-4","Glut-DACH2-1","Ex_DACH2_MGAT4C",0.341992885862104
"_TTTACTGAGTCACGAG-4","Glut-DACH2-1","Ex_DACH2_GRIK4",0.344564349857685
"_TTTACTGTCTCGTGAA-4","Glut-DACH2-3","Ex_DACH2_SLIT2",0.654080830594397
"_TTTAGTCAGAAGTCTA-4","Glut-DACH2-1","Ex_DACH2_GRIK4",0.328988619838114
"_TTTAGTCCAGGTAGTG-4","Glut-DACH2-1","Ex_DACH2_LHX2",0.572288717530095
"_TTTCACACACAGTGAG-4","Glut-DACH2-1","Ex_DACH2_NR4A3",0.291933953610542
"_TTTCACACACGAGAAC-4","Glut-DACH2-2","Ex_DACH2_GRIK4",0.308764429327606
"_TTTCACACAGCTACCG-4","Glut-DACH2-1","Ex_DACH2_MGAT4C",0.315337607966017
"_TTTCACAGTGGCTACC-4","Glut-DACH2-2","Ex_DACH2_GRIK4",0.282753786260391
"_TTTCAGTAGTTCCGTA-4","Glut-DACH2-3","Ex_DACH2_SLIT2",0.724886463189313
"_TTTCAGTGTAACACCT-4","Glut-DACH2-2","Ex_DACH2_LHX2",0.334312335439973
"_TTTCAGTGTCGAATTC-4","Glut-DACH2-3","Ex_DACH2_SLIT2",0.384152075364482
"_TTTCATGAGTAGGAAG-4","Glut-DACH2-3","Ex_DACH2_SLIT2",0.415128283351108
"_TTTCATGCACCCTGTT-4","Glut-DACH2-3","Ex_DACH2_ZMAT4",0.626122684061918
"_TTTCATGGTCTTTCTA-4","Glut-DACH2-2","Ex_DACH2_ADAMTS5",0.333778342699172
"_TTTCCTCGTATCTCTT-4","Glut-DACH2-2","Ex_DACH2_ADAMTS5",0.250035283959494
"_TTTCGATCAACAGCCC-4","Glut-DACH2-3","Ex_DACH2_SLIT2",0.463741429789479
"_TTTCGATGTGAATTAG-4","Glut-DACH2-3","Ex_DACH2_SLIT2",0.391448700255044
"_TTTCGATGTGACTCGC-4","Glut-DACH2-2","Ex_DACH2_LHX2",0.294453500615413
"_TTTGACTAGTCATTGC-4","Glut-DACH2-1","Ex_DACH2_GRIK4",0.265847268492555
"_TTTGACTCACACGGAA-4","Glut-DACH2-3","Ex_DACH2_ZMAT4",0.376845890865591
"_TTTGATCTCATTCGTT-4","Glut-DACH2-2","Ex_DACH2_LHX2",0.288111652602649
"_TTTGGAGAGGAAAGAC-4","Glut-DACH2-3","Ex_DACH2_ZMAT4",0.512803301937545
"_TTTGGAGCAGATCCAT-4","Glut-DACH2-4","Ex_DACH2_NR4A3",0.243759258254233
"_TTTGGAGGTCCACAGC-4","Glut-DACH2-3","Ex_DACH2_ZMAT4",0.4258657260553
"_TTTGGAGGTCTACAGT-4","Glut-DACH2-2","Ex_DACH2_ADAMTS5",0.269494267003143
"_TTTGGTTGTCCCTCAT-4","Glut-DACH2-4","Ex_DACH2_ITGA9",0.372324630653941
"_TTTGGTTGTCCGGATC-4","Glut-DACH2-1","Ex_DACH2_MGAT4C",0.265263939159357
"_TTTGGTTTCATCGACA-4","Glut-DACH2-1","Ex_DACH2_NR4A3",0.759352286439434
"_TTTGTTGAGGCCATAG-4","Glut-DACH2-4","Ex_DACH2_ITGA9",0.388960896673693
"_AAACCCAAGTAGACAT-5","Glut-DACH2-LMANsh","Ex_DACH2_LHX2",0.408187387839729
"_AAACCCAAGTAGGATT-5","Glut-DACH2-LMANsh","Ex_DACH2_LHX2",0.357311757666602
"_AAACCCAGTGACTATC-5","Glut-DACH2-LMANsh","Ex_DACH2_LHX2",0.424647752286691
"_AAACCCAGTGATACAA-5","Glut-DACH2-7","Ex_DACH2_CEMIP",0.361440002184088
"_AAACCCAGTTAATCGC-5","Glut-DACH2-8","Ex_DACH2_CEMIP",0.367659717508999
"_AAACCCATCGAATCCA-5","Glut-DACH2-LMANsh","Ex_DACH2_LHX2",0.499133949128048
"_AAACGAAAGAGACAAG-5","Glut-DACH2-5","Ex_DACH2_LHX2",0.482222430876512
"_AAACGAAGTATGTCAC-5","Glut-DACH2-LMANsh","Ex_DACH2_LHX2",0.456373808126276
"_AAACGAATCTAGGAAA-5","Glut-DACH2-8","Ex_DACH2_ZMAT4",0.342728142381818
"_AAACGCTGTGGCACTC-5","Glut-DACH2-LMANsh","Ex_DACH2_ADAMTS5",0.269441808058693
"_AAAGAACGTATCACGT-5","Glut-DACH2-LMANco","Ex_DACH2_ZMAT4",0.476638375192923
"_AAAGGATCATTGTAGC-5","Glut-DACH2-LMANco","Ex_DACH2_ZMAT4",0.30294656846869
"_AAAGGATGTCCAATCA-5","Glut-DACH2-LMANco","Ex_SATB2_SOX6",0.445614207612024
"_AAAGGGCCAAATTGGA-5","Glut-DACH2-LMANco","Ex_DACH2_ZMAT4",0.510326794333927
"_AAAGGGCCAGCTGCCA-5","Glut-DACH2-8","Ex_DACH2_ZMAT4",0.506710072789153
"_AAAGGGCTCAGACAAA-5","Glut-DACH2-LMANsh","Ex_DACH2_ADAMTS5",0.379619824923843
"_AAAGGGCTCCGATAGT-5","Glut-DACH2-LMANsh","Ex_DACH2_LHX2",0.312404246804302
"_AAAGTCCAGATCGGTG-5","Glut-DACH2-LMANco","Ex_DACH2_ZMAT4",0.571622192589661
"_AAAGTCCCATCGATAC-5","Glut-DACH2-LMANco","Ex_SATB2_SOX6",0.489805028229742
"_AAAGTCCGTCATTCCC-5","Glut-DACH2-LMANco","Ex_SATB2_SOX6",0.3015738278556
"_AAAGTCCTCAACCCGG-5","Glut-DACH2-LMANco","Ex_SATB2_SOX6",0.441679847074944
"_AAAGTGACAGTTACCA-5","Glut-DACH2-8","Ex_DACH2_ZMAT4",0.576322269467715
"_AAAGTGACATGGAAGC-5","Glut-DACH2-LMANsh","Ex_DACH2_LHX2",0.380538697475482
"_AAAGTGAGTCAACGCC-5","Glut-DACH2-LMANsh","Ex_DACH2_LHX2",0.385727125794519
"_AAAGTGATCGAGTACT-5","Glut-DACH2-LMANsh","Ex_DACH2_LHX2",0.529601147115256
"_AAATGGAAGGGTGAAA-5","Glut-DACH2-LMANsh","Ex_DACH2_ADAMTS5",0.312722686139464
"_AAATGGATCCCGTGTT-5","Glut-DACH2-LMANsh","Ex_DACH2_ZMAT4",0.413611972998899
"_AACAACCCAATGGCCC-5","Glut-DACH2-8","Ex_DACH2_ZMAT4",0.59366828497469
"_AACAACCCACAGTACT-5","Glut-DACH2-8","Ex_DACH2_ZMAT4",0.540604174701862
"_AACAACCTCACCGCTT-5","Glut-DACH2-LMANsh","Ex_DACH2_LHX2",0.498415797869088
"_AACAAGACAAAGACTA-5","Glut-DACH2-LMANsh","Ex_DACH2_ADAMTS5",0.434073769334615
"_AACAAGAGTTACTCAG-5","Glut-DACH2-LMANsh","Ex_DACH2_LHX2",0.48267218083984
"_AACAAGATCGAACTCA-5","Glut-DACH2-LMANsh","Ex_DACH2_LHX2",0.418666134263134
"_AACACACAGCCGTCGT-5","Glut-DACH2-LMANsh","Ex_DACH2_LHX2",0.484950547175487
"_AACACACCAATTGCAC-5","Glut-DACH2-LMANsh","Ex_DACH2_LHX2",0.506713622349928
"_AACACACGTTTACGAC-5","Glut-DACH2-LMANsh","Ex_DACH2_LHX2",0.466576136546225
"_AACAGGGAGAGTCACG-5","Glut-DACH2-8","Ex_DACH2_ZMAT4",0.585572090841757
"_AACAGGGGTCTTGAAC-5","Glut-DACH2-6","Ex_DACH2_CEMIP",0.395746391306831
"_AACCAACGTTTCCCAC-5","Glut-DACH2-LMANsh","Ex_DACH2_GRIK4",0.2167624575903
"_AACCAACTCAGGTGTT-5","Glut-DACH2-LMANsh","Ex_DACH2_ADAMTS5",0.367782281277083
"_AACCACAAGACTTCCA-5","Glut-DACH2-LMANsh","Ex_DACH2_GRIK4",0.281212146935512
"_AACCACATCTCTTGCG-5","Glut-DACH2-LMANsh","Ex_DACH2_LHX2",0.285344150973694
"_AACCATGAGAATGTTG-5","Glut-DACH2-LMANco","Ex_DACH2_ZMAT4",0.329056071227584
"_AACCATGCACAAGCAG-5","Glut-DACH2-LMANsh","Ex_DACH2_LHX2",0.530217182017411
"_AACCATGCATGCTGCG-5","Glut-DACH2-LMANsh","Ex_DACH2_LHX2",0.533358296702121
"_AACCATGGTGTCCGTG-5","Glut-DACH2-LMANsh","Ex_DACH2_ADAMTS5",0.295657545424571
"_AACCATGTCTGGACTA-5","Glut-DACH2-LMANsh","Ex_DACH2_LHX2",0.445211716928324
"_AACCCAACATGAAAGT-5","Glut-DACH2-LMANsh","Ex_DACH2_ADAMTS5",0.317988010201124
"_AACCCAAGTAGCTCGC-5","Glut-DACH2-8","Ex_DACH2_ZMAT4",0.543093851374959
"_AACCTGACAGACACCC-5","Glut-DACH2-LMANsh","Ex_DACH2_LHX2",0.53437625510236
"_AACCTGATCATGAGTC-5","Glut-DACH2-LMANco","Ex_SATB2_SOX6",0.441714160370448
"_AACGAAACATTGAAAG-5","Glut-DACH2-LMANsh","Ex_DACH2_LHX2",0.484957509488409
"_AACGAAAGTCCACATA-5","Glut-DACH2-6","Ex_DACH2_ZMAT4",0.480997624498723
"_AACGGGAAGCACCGAA-5","Glut-DACH2-LMANsh","Ex_DACH2_LHX2",0.526856514716436
"_AACGGGAGTAGCACGA-5","Glut-DACH2-LMANco","Ex_DACH2_ZMAT4",0.417492299111356
"_AACGTCAGTACCATAC-5","Glut-DACH2-LMANsh","Ex_DACH2_ADAMTS5",0.420673760121293
"_AACGTCATCGGTCTGG-5","Glut-DACH2-LMANco","Ex_DACH2_ZMAT4",0.343453061299262
"_AACTTCTCATTGCTGA-5","Glut-DACH2-5","Ex_DACH2_ADAMTS5",0.329879924055777
"_AACTTCTGTTAGGCCC-5","Glut-DACH2-LMANsh","Ex_DACH2_ADAMTS5",0.37655662870044
"_AAGAACACACCGGTCA-5","Glut-DACH2-LMANsh","Ex_DACH2_ZMAT4",0.341775285298531
"_AAGAACACACTTCAGA-5","Glut-DACH2-LMANco","Ex_DACH2_ZMAT4",0.32242988455536
"_AAGAACAGTAACAGGC-5","Glut-DACH2-LMANsh","Ex_DACH2_ADAMTS5",0.40942532963548
"_AAGAACAGTAAGATCA-5","Glut-DACH2-LMANsh","Ex_DACH2_LHX2",0.383453221231485
"_AAGACAATCGCTACGG-5","Glut-DACH2-LMANco","Ex_DACH2_ZMAT4",0.46583778062292
"_AAGACAATCGTGCTCT-5","Glut-DACH2-6","Ex_DACH2_CEMIP",0.39674964323381
"_AAGACTCCACGTCATA-5","Glut-DACH2-6","Ex_DACH2_CEMIP",0.485810064996635
"_AAGACTCCATCGTGCG-5","Glut-DACH2-LMANsh","Ex_DACH2_LHX2",0.508169784651772
"_AAGACTCGTTCGAGCC-5","Glut-DACH2-6","Ex_DACH2_CEMIP",0.493314820185826
"_AAGATAGAGGTAGGCT-5","Glut-DACH2-LMANsh","Ex_DACH2_LHX2",0.444446212990675
"_AAGATAGGTCCTTGTC-5","Glut-DACH2-LMANsh","Ex_DACH2_LHX2",0.4503048782282
"_AAGATAGTCCGTGTAA-5","Glut-DACH2-8","Ex_DACH2_ZMAT4",0.451481064451181
"_AAGATAGTCTGGCTGG-5","Glut-DACH2-8","Ex_DACH2_ZMAT4",0.437618152460169
"_AAGCATCAGGTGCCTC-5","Glut-DACH2-LMANco","Ex_DACH2_ZMAT4",0.305846988329259
"_AAGCATCCAGGACTTT-5","Glut-DACH2-LMANsh","Ex_DACH2_LHX2",0.564415891838955
"_AAGCCATAGCAATTCC-5","Glut-DACH2-LMANsh","Ex_DACH2_LHX2",0.393241202770006
"_AAGCCATCAAGCCTGC-5","Glut-DACH2-LMANsh","Ex_DACH2_LHX2",0.452790872929714
"_AAGCCATCACATGGTT-5","Glut-DACH2-LMANsh","Ex_DACH2_ADAMTS5",0.255268616845321
"_AAGCGAGAGGTCCCGT-5","Glut-DACH2-8","Ex_DACH2_ZMAT4",0.361451178769511
"_AAGCGAGAGTTGCGAG-5","Glut-DACH2-8","Ex_DACH2_ZMAT4",0.59298876602794
"_AAGCGAGCAACAAGTA-5","Glut-DACH2-LMANco","Ex_DACH2_ZMAT4",0.338816891088152
"_AAGCGTTAGAAGAACG-5","Glut-DACH2-LMANsh","Ex_DACH2_LHX2",0.479834387627684
"_AAGCGTTAGCGTTCCG-5","Glut-DACH2-LMANco","Ex_DACH2_ZMAT4",0.4837067561165
"_AAGGTAACAACGTATC-5","Glut-DACH2-8","Ex_DACH2_ZMAT4",0.508493145715603
"_AAGGTAACAATTCTTC-5","Glut-DACH2-LMANco","Ex_DACH2_ZMAT4",0.538434752090021
"_AAGTACCCATGTGTCA-5","Glut-DACH2-8","Ex_DACH2_ZMAT4",0.491292336992085
"_AAGTACCGTCGTCTCT-5","Glut-DACH2-LMANco","Ex_DACH2_ZMAT4",0.525746010608448
"_AAGTACCTCGCTCATC-5","Glut-DACH2-LMANco","Ex_DACH2_ZMAT4",0.471837837383409
"_AAGTCGTAGAGGCGTT-5","Glut-DACH2-LMANsh","Ex_DACH2_LHX2",0.458701195521313
"_AAGTGAACAAAGGCAC-5","Glut-DACH2-LMANco","Ex_SATB2_SOX6",0.448919701239765
"_AAGTGAAGTAGCCCTG-5","Glut-DACH2-8","Ex_DACH2_ZMAT4",0.571740009646334
"_AAGTTCGAGTGTGTTC-5","Glut-DACH2-LMANsh","Ex_DACH2_LHX2",0.40286542671573
"_AATAGAGCAAATACGA-5","Glut-DACH2-LMANco","Ex_DACH2_ZMAT4",0.361985146523748
"_AATAGAGCAGACACAG-5","Glut-DACH2-LMANco","Ex_DACH2_ZMAT4",0.387662627011016
"_AATAGAGTCGTGGCGT-5","Glut-DACH2-LMANsh","Ex_DACH2_LHX2",0.482483507407277
"_AATCACGAGTGTAGAT-5","Glut-DACH2-LMANsh","Ex_DACH2_ADAMTS5",0.349573180572891
"_AATCACGGTTACCGTA-5","Glut-DACH2-LMANsh","Ex_DACH2_LHX2",0.519576613537389
"_AATCACGTCCACTTCG-5","Glut-DACH2-LMANsh","Ex_DACH2_LHX2",0.441848922501117
"_AATCGACAGAGGATGA-5","Glut-DACH2-LMANsh","Ex_DACH2_LHX2",0.43725519409023
"_AATCGACAGGGTTGCA-5","Glut-DACH2-LMANco","Ex_DACH2_ZMAT4",0.459806247052663
"_AATCGACCAGTGCGCT-5","Glut-DACH2-LMANsh","Ex_DACH2_ADAMTS5",0.333655333930155
"_AATCGACGTCCACATA-5","Glut-DACH2-LMANsh","Ex_DACH2_LHX2",0.507561611660509
"_AATCGTGAGAATCTAG-5","Glut-DACH2-LMANco","Ex_DACH2_CEMIP",0.306183900774304
"_AATCGTGTCCTACAAG-5","Glut-DACH2-LMANsh","Ex_DACH2_LHX2",0.371932500868093
"_AATGAAGCACAAATCC-5","Glut-DACH2-LMANco","Ex_SATB2_SOX6",0.320333926471395
"_AATGAAGGTACGGCAA-5","Glut-DACH2-6","Ex_DACH2_CEMIP",0.540700369035268
"_AATGAAGTCAACCTCC-5","Glut-DACH2-LMANsh","Ex_DACH2_ADAMTS5",0.320860848160692
"_AATGACCGTCAACACT-5","Glut-DACH2-LMANco","Ex_DACH2_ZMAT4",0.320824103841545
"_AATGCCAAGCAAGGAA-5","Glut-DACH2-LMANsh","Ex_DACH2_LHX2",0.4044603030186
"_AATGCCATCCATGAGT-5","Glut-DACH2-LMANco","Ex_DACH2_ZMAT4",0.550466052150984
"_AATGGAACAGACAAGC-5","Glut-DACH2-LMANsh","Ex_DACH2_LHX2",0.267692957437742
"_AATGGAACAGGTTCCG-5","Glut-DACH2-8","Ex_DACH2_ZMAT4",0.23436065855078
"_AATGGAAGTTTGTTCT-5","Glut-DACH2-8","Ex_DACH2_ZMAT4",0.50535991446741
"_AATGGAATCGAGTTGT-5","Glut-DACH2-LMANsh","Ex_DACH2_LHX2",0.515129369594393
"_AATGGCTCATCCTAAG-5","Glut-DACH2-LMANco","Ex_DACH2_ZMAT4",0.304237114373983
"_AATGGCTTCGAGTGGA-5","Glut-DACH2-LMANsh","Ex_DACH2_LHX2",0.276209498112408
"_AATTCCTGTAGTTCCA-5","Glut-DACH2-LMANco","Ex_DACH2_ZMAT4",0.442584519235535
"_AATTTCCCAAGGACAC-5","Glut-DACH2-6","Ex_DACH2_CEMIP",0.421899333213723
"_AATTTCCCACCCTCTA-5","Glut-DACH2-8","Ex_DACH2_ZMAT4",0.630277919411338
"_AATTTCCTCCGCTGTT-5","Glut-DACH2-LMANco","Ex_DACH2_ZMAT4",0.34940764127865
"_AATTTCCTCTTTGCTA-5","Glut-DACH2-LMANco","Ex_SATB2_SOX6",0.351450166501621
"_ACAAAGATCGTAGCTA-5","Glut-DACH2-LMANco","Ex_DACH2_ZMAT4",0.475563940772974
"_ACAACCAAGAACCCGA-5","Glut-DACH2-6","Ex_DACH2_CEMIP",0.364257230357273
"_ACAAGCTAGAAACTCA-5","Glut-DACH2-LMANsh","Ex_DACH2_GRIK4",0.257891442235631
"_ACAAGCTGTCCACTTC-5","Glut-DACH2-6","Ex_DACH2_CEMIP",0.523774977835462
"_ACAAGCTGTGACACAG-5","Glut-DACH2-LMANco","Ex_DACH2_ZMAT4",0.542897520288413
"_ACAAGCTTCCTCACCA-5","Glut-DACH2-LMANsh","Ex_DACH2_LHX2",0.408711385626088
"_ACACAGTCAGCTACAT-5","Glut-DACH2-LMANsh","Ex_DACH2_ADAMTS5",0.536086970663048
"_ACACCAACAATTGAGA-5","Glut-DACH2-LMANsh","Ex_DACH2_LHX2",0.453747918300739
"_ACACCAATCCACGTCT-5","Glut-DACH2-LMANsh","Ex_DACH2_ADAMTS5",0.26084907522421
"_ACACGCGCAATTGTGC-5","Glut-DACH2-8","Ex_DACH2_ZMAT4",0.634446337879005
"_ACACGCGCAGCCCACA-5","Glut-DACH2-7","Ex_DACH2_NR4A3",0.264103729203723
"_ACAGAAAAGCAATAAC-5","Glut-DACH2-LMANco","Ex_SATB2_SOX6",0.366000808880876
"_ACAGAAACAATAACGA-5","Glut-DACH2-8","Ex_DACH2_ZMAT4",0.61735359441394
"_ACAGAAACATCCTTGC-5","Glut-DACH2-LMANsh","Ex_DACH2_LHX2",0.436794164048587
"_ACAGAAAGTCGATTAC-5","Glut-DACH2-LMANsh","Ex_DACH2_LHX2",0.523007779573404
"_ACAGCCGTCCCGTGAG-5","Glut-DACH2-LMANsh","Ex_DACH2_ADAMTS5",0.297773208002115
"_ACAGGGACAATCTGCA-5","Glut-DACH2-LMANco","Ex_DACH2_ZMAT4",0.574866063923846
"_ACAGGGATCTGATGGT-5","Glut-DACH2-LMANco","Ex_DACH2_ZMAT4",0.565783625057262
"_ACATCCCCAACTCGTA-5","Glut-DACH2-LMANco","Ex_SATB2_SOX6",0.457601815652638
"_ACATCCCGTGTTGATC-5","Glut-DACH2-LMANsh","Ex_DACH2_LHX2",0.505093432460831
"_ACATCCCTCAATCCGA-5","Glut-DACH2-LMANsh","Ex_DACH2_LHX2",0.499442966362723
"_ACATCGAAGAATGTTG-5","Glut-DACH2-LMANsh","Ex_DACH2_LHX2",0.487464154345651
"_ACATCGACAATCGCAT-5","Glut-DACH2-5","Ex_DACH2_LHX2",0.3362694299559
"_ACATCGACACACCGAC-5","Glut-DACH2-LMANsh","Ex_DACH2_LHX2",0.400405701652112
"_ACATCGAGTTATCTTC-5","Glut-DACH2-LMANsh","Ex_DACH2_LHX2",0.376586994791154
"_ACATCGAGTTGCACGC-5","Glut-DACH2-8","Ex_DACH2_ZMAT4",0.635074540088653
"_ACATCGATCACGGTCG-5","Glut-DACH2-LMANco","Ex_SATB2_SOX6",0.369286498440227
"_ACATGCACACCCTGAG-5","Glut-DACH2-LMANsh","Ex_DACH2_ADAMTS5",0.283294265555326
"_ACATTTCGTGAGCCAA-5","Glut-DACH2-LMANco","Ex_DACH2_CEMIP",0.31732958394985
"_ACCAAACCAGGAAGTC-5","Glut-DACH2-LMANsh","Ex_DACH2_ADAMTS5",0.315329703481443
"_ACCAAACTCGGTGAAG-5","Glut-DACH2-6","Ex_DACH2_CEMIP",0.404568590383278
"_ACCACAAGTGCACATT-5","Glut-DACH2-LMANco","Ex_CACNA1H_LHX9",0.29776037128433
"_ACCACAAGTTCCTAGA-5","Glut-DACH2-LMANsh","Ex_DACH2_LHX2",0.459886266101473
"_ACCACAATCACATACG-5","Glut-DACH2-8","Ex_DACH2_ZMAT4",0.497377956963214
"_ACCATTTCACTCCGAG-5","Glut-DACH2-8","Ex_DACH2_ZMAT4",0.383764198012645
"_ACCATTTGTTGTATGC-5","Glut-DACH2-LMANsh","Ex_DACH2_GRIK4",0.327998646939021
"_ACCATTTGTTTAGACC-5","Glut-DACH2-LMANco","Ex_SATB2_SOX6",0.379251205260456
"_ACCCAAAGTATAGCTC-5","Glut-DACH2-LMANsh","Ex_DACH2_LHX2",0.432124098071342
"_ACCCTCACATCAGCAT-5","Glut-DACH2-8","Ex_DACH2_ZMAT4",0.568463873670877
"_ACCCTCATCATCACCC-5","Glut-DACH2-LMANco","Ex_DACH2_ZMAT4",0.596140015945689
"_ACCCTTGGTCCTCATC-5","Glut-DACH2-LMANco","Ex_SATB2_SOX6",0.483319014797469
"_ACCCTTGTCCTTGAAG-5","Glut-DACH2-LMANsh","Ex_DACH2_LHX2",0.49691107810773
"_ACCCTTGTCTTTGATC-5","Glut-DACH2-8","Ex_DACH2_ZMAT4",0.548965439681218
"_ACCGTTCGTCAGCGTC-5","Glut-DACH2-LMANco","Ex_DACH2_CEMIP",0.269704355608469
"_ACCTACCGTTCTCAGA-5","Glut-DACH2-LMANsh","Ex_DACH2_LHX2",0.298151191052121
"_ACCTGAATCAAACTGC-5","Glut-DACH2-LMANsh","Ex_DACH2_LHX2",0.505262800153565
"_ACCTGTCCAGAAGTGC-5","Glut-DACH2-LMANsh","Ex_DACH2_LHX2",0.515335916610886
"_ACCTGTCCATACACCA-5","Glut-DACH2-LMANco","Ex_SATB2_SOX6",0.254433444723456
"_ACCTGTCGTCATCAGT-5","Glut-DACH2-8","Ex_DACH2_ZMAT4",0.568749636568189
"_ACGATGTCAAAGAACT-5","Glut-DACH2-LMANco","Ex_DACH2_ZMAT4",0.312507931075986
"_ACGATGTCACTTCAAG-5","Glut-DACH2-8","Ex_DACH2_ZMAT4",0.573447954548584
"_ACGATGTGTTAAGGGC-5","Glut-DACH2-6","Ex_DACH2_ZMAT4",0.397815581673493
"_ACGATGTTCGACATTG-5","Glut-DACH2-LMANsh","Ex_DACH2_LHX2",0.463770240902272
"_ACGCACGGTGATTCTG-5","Glut-DACH2-8","Ex_DACH2_ZMAT4",0.580140263376652
"_ACGGAAGAGAGAATCT-5","Glut-DACH2-LMANsh","Ex_DACH2_ZMAT4",0.2418086617252
"_ACGGAAGGTCCTGTCT-5","Glut-DACH2-LMANsh","Ex_DACH2_LHX2",0.468500039586858
"_ACGGAAGTCTGGTGCG-5","Glut-DACH2-6","Ex_DACH2_CEMIP",0.483076095970306
"_ACGGGTCGTCACGACC-5","Glut-DACH2-LMANco","Ex_SATB2_SOX6",0.414345309732956
"_ACGGTCGCAAGATTGA-5","Glut-DACH2-LMANco","Ex_SATB2_SOX6",0.468066715877835
"_ACGGTCGGTATCCTCC-5","Glut-DACH2-LMANsh","Ex_DACH2_LHX2",0.482373007574419
"_ACGGTCGTCGTAACTG-5","Glut-DACH2-8","Ex_DACH2_ZMAT4",0.607820646480074
"_ACGGTTAAGGTGGGTT-5","Glut-DACH2-7","Ex_DACH2_NR4A3",0.337765356051704
"_ACGGTTAGTCTGCGCA-5","Glut-DACH2-8","Ex_DACH2_ZMAT4",0.514594096937988
"_ACGGTTATCGAGTGAG-5","Glut-DACH2-8","Ex_DACH2_ZMAT4",0.655661837154887
"_ACGTAACAGCATTTCG-5","Glut-DACH2-6","Ex_DACH2_ZMAT4",0.516314014083448
"_ACGTAACCAGTACTAC-5","Glut-DACH2-5","Ex_DACH2_LHX2",0.428153863558016
"_ACGTAACGTGTCTTAG-5","Glut-DACH2-LMANsh","Ex_DACH2_LHX2",0.430822532951076
"_ACGTAACGTTGGTACT-5","Glut-DACH2-LMANco","Ex_DACH2_ZMAT4",0.353389122762925
"_ACGTACAAGGATCATA-5","Glut-DACH2-8","Ex_DACH2_ZMAT4",0.58374591218452
"_ACGTACAAGGTAAGTT-5","Glut-DACH2-LMANsh","Ex_DACH2_LHX2",0.510503480956432
"_ACGTACAAGTGCACCC-5","Glut-DACH2-8","Ex_DACH2_ZMAT4",0.536192533920778
"_ACGTACATCACCTCGT-5","Glut-DACH2-LMANsh","Ex_DACH2_ADAMTS5",0.53047821433153
"_ACGTAGTCAGACCTGC-5","Glut-DACH2-LMANco","Ex_SATB2_SOX6",0.393867871555177
"_ACGTAGTCATCCCACT-5","Glut-DACH2-5","Ex_DACH2_LHX2",0.443842685114532
"_ACGTCCTAGAGATGCC-5","Glut-DACH2-8","Ex_DACH2_ZMAT4",0.624960244357068
"_ACGTTCCGTCCGGACT-5","Glut-DACH2-LMANsh","Ex_DACH2_LHX2",0.446192756020143
"_ACTACGAGTAGGATAT-5","Glut-DACH2-LMANsh","Ex_DACH2_LHX2",0.476026581905236
"_ACTACGATCAGGAACG-5","Glut-DACH2-LMANco","Ex_DACH2_ZMAT4",0.451140610389385
"_ACTACGATCTGTGCAA-5","Glut-DACH2-LMANco","Ex_SATB2_SOX6",0.394917422963739
"_ACTATCTCATCCGTGG-5","Glut-DACH2-LMANco","Ex_DACH2_ZMAT4",0.567705707816026
"_ACTATCTTCGTTATCT-5","Glut-DACH2-LMANsh","Ex_DACH2_ADAMTS5",0.226792204974804
"_ACTATTCAGACCTGGA-5","Glut-DACH2-LMANsh","Ex_DACH2_ADAMTS5",0.427177702522917
"_ACTATTCGTCGAAACG-5","Glut-DACH2-LMANco","Ex_DACH2_ZMAT4",0.339855533268247
"_ACTCCCAGTACCTGTA-5","Glut-DACH2-8","Ex_DACH2_ZMAT4",0.348102084494935
"_ACTCTCGCAGTGTATC-5","Glut-DACH2-8","Ex_DACH2_ZMAT4",0.357675132557881
"_ACTGATGAGGGTTAGC-5","Glut-DACH2-5","Ex_DACH2_LHX2",0.531976250736251
"_ACTGATGTCTCCTGTG-5","Glut-DACH2-LMANco","Ex_DACH2_ZMAT4",0.402904808325222
"_ACTGCAAGTCAAAGAT-5","Glut-DACH2-LMANco","Ex_SATB2_SOX6",0.441695955549414
"_ACTGTCCGTCCTGGGT-5","Glut-DACH2-LMANsh","Ex_DACH2_ZMAT4",0.599203560222131
"_ACTGTCCGTGGTATGG-5","Glut-DACH2-8","Ex_DACH2_ZMAT4",0.587653114474381
"_ACTGTCCTCTAGTACG-5","Glut-DACH2-8","Ex_DACH2_ZMAT4",0.575572595067674
"_ACTGTGAAGTTACGGG-5","Glut-DACH2-LMANsh","Ex_DACH2_LHX2",0.428760455351429
"_ACTGTGAGTGAGTCAG-5","Glut-SATB2-1","Ex_SATB2_ZNF385B",0.688175119077571
"_ACTTAGGTCCTGTTGC-5","Glut-DACH2-LMANco","Ex_DACH2_ZMAT4",0.412645937496396
"_ACTTATCGTGTTCCTC-5","Glut-DACH2-LMANco","Ex_DACH2_ZMAT4",0.346399852414306
"_ACTTATCGTTTGGCTA-5","Glut-DACH2-LMANco","Ex_SATB2_SOX6",0.477033394545182
"_ACTTCCGAGTCCTGTA-5","Glut-DACH2-LMANco","Ex_DACH2_ZMAT4",0.30445842402837
"_ACTTCCGTCGGTAGGA-5","Glut-DACH2-8","Ex_DACH2_ZMAT4",0.539891859938722
"_ACTTTCAGTCTGTGGC-5","Glut-DACH2-LMANsh","Ex_DACH2_LHX2",0.503421116857232
"_ACTTTGTGTCCCAAAT-5","Glut-DACH2-LMANco","Ex_DACH2_ZMAT4",0.248915174349234
"_ACTTTGTTCTCGTGAA-5","Glut-DACH2-LMANsh","Ex_DACH2_ADAMTS5",0.349876303190034
"_AGAAATGAGGGTACAC-5","Glut-DACH2-8","Ex_DACH2_ZMAT4",0.498772191851261
"_AGAAATGGTGGTCTTA-5","Glut-DACH2-8","Ex_DACH2_ZMAT4",0.58214342104095
"_AGAACAAAGCCTAGGA-5","Glut-DACH2-6","Ex_DACH2_ZMAT4",0.362498951486614
"_AGAACAAGTGTGAGCA-5","Glut-DACH2-LMANsh","Ex_DACH2_ADAMTS5",0.242318250803745
"_AGAACAAGTTTAGACC-5","Glut-DACH2-LMANco","Ex_DACH2_ZMAT4",0.415220748381441
"_AGAACAATCGTTCTGC-5","Glut-DACH2-8","Ex_DACH2_LHX2",0.343571180562156
"_AGAACCTAGACCAGAC-5","Glut-DACH2-LMANsh","Ex_DACH2_ZMAT4",0.246295302349209
"_AGAAGCGAGTCTAGAA-5","Glut-DACH2-LMANco","Ex_DACH2_ZMAT4",0.607336811878743
"_AGAAGCGCAGTATTCG-5","Glut-DACH2-LMANco","Ex_SATB2_SOX6",0.472763334890491
"_AGAAGCGGTGAGACGT-5","Glut-DACH2-5","Ex_DACH2_LHX2",0.556276121546525
"_AGAAGCGGTTCTCCTG-5","Glut-DACH2-LMANco","Ex_DACH2_ZMAT4",0.307687108359827
"_AGAAGCGTCACCATGA-5","Glut-DACH2-8","Ex_DACH2_ZMAT4",0.595823857060163
"_AGAAGCGTCTTTCCGG-5","Glut-DACH2-LMANco","Ex_SATB2_SOX6",0.408792544634131
"_AGAAGTACACGCAAAG-5","Glut-DACH2-LMANco","Ex_DACH2_ZMAT4",0.497130282155098
"_AGAAGTAGTCTTGGTA-5","Glut-DACH2-LMANco","Ex_DACH2_ZMAT4",0.558558345335264
"_AGACACTCACTACGGC-5","Glut-DACH2-LMANsh","Ex_DACH2_LHX2",0.277082532472352
"_AGACACTCATCAGCTA-5","Glut-DACH2-LMANco","Ex_DACH2_ZMAT4",0.373791215489051
"_AGACACTGTCGCTCGA-5","Glut-DACH2-8","Ex_DACH2_ZMAT4",0.591400555990055
"_AGACAGGAGGTGCTTT-5","Glut-DACH2-LMANsh","Ex_DACH2_LHX2",0.428450789487023
"_AGACAGGAGTACCCTA-5","Glut-DACH2-LMANsh","Ex_DACH2_LHX2",0.539732965906008
"_AGACAGGCATGGAAGC-5","Glut-DACH2-LMANco","Ex_DACH2_ZMAT4",0.489310214615932
"_AGACAGGTCTAGTACG-5","Glut-DACH2-8","Ex_DACH2_ZMAT4",0.6089344616226
"_AGACCATAGGAAGTCC-5","Glut-DACH2-LMANsh","Ex_DACH2_LHX2",0.33176881260549
"_AGACCATCATCTAACG-5","Glut-DACH2-7","Ex_DACH2_ADAMTS5",0.367619766607713
"_AGACCATTCGACATAC-5","Glut-DACH2-LMANco","Ex_SATB2_SOX6",0.404956936981142
"_AGACCCGCACTGTGAT-5","Glut-DACH2-LMANco","Ex_DACH2_ZMAT4",0.202769498717134
"_AGACCCGGTTGAAGTA-5","Glut-DACH2-8","Ex_DACH2_ZMAT4",0.368347700497458
"_AGACCCGTCCATCTCG-5","Glut-DACH2-8","Ex_DACH2_ZMAT4",0.546275232107085
"_AGACTCAAGGAGTCTG-5","Glut-DACH2-8","Ex_DACH2_ZMAT4",0.535267248841821
"_AGACTCAAGGGTTAAT-5","Glut-DACH2-LMANco","Ex_DACH2_ZMAT4",0.548670405938355
"_AGACTCACATGACTGT-5","Glut-DACH2-6","Ex_DACH2_CEMIP",0.584011464505641
"_AGAGAATCACATTACG-5","Glut-DACH2-LMANsh","Ex_DACH2_LHX2",0.442740592537508
"_AGAGAATCATTCACCC-5","Glut-DACH2-LMANsh","Ex_DACH2_LHX2",0.445583285389875
"_AGAGAATTCCACCCTA-5","Glut-DACH2-LMANsh","Ex_DACH2_LHX2",0.484933641088765
"_AGAGAGCAGGAGATAG-5","Glut-DACH2-LMANco","Ex_DACH2_ZMAT4",0.471756806977414
"_AGAGAGCAGGTCGACA-5","Glut-DACH2-LMANsh","Ex_DACH2_LHX2",0.432070967413216
"_AGAGAGCAGTAACGTA-5","Glut-DACH2-6","Ex_DACH2_CEMIP",0.42740662430968
"_AGAGAGCGTGTAGTGG-5","Glut-DACH2-LMANco","Ex_SATB2_SOX6",0.386480048805712
"_AGAGAGCTCACGACTA-5","Glut-DACH2-LMANco","Ex_DACH2_ZMAT4",0.555569551537596
"_AGAGAGCTCTTCTAAC-5","Glut-DACH2-LMANsh","Ex_DACH2_LHX2",0.433940641309458
"_AGAGCAGCAAAGGCTG-5","Glut-DACH2-8","Ex_DACH2_ZMAT4",0.479451946028737
"_AGAGCAGTCCGAGGCT-5","Glut-DACH2-LMANco","Ex_DACH2_CEMIP",0.298882035790338
"_AGAGCAGTCGAAGTGG-5","Glut-DACH2-LMANco","Ex_SATB2_SOX6",0.301423397592131
"_AGAGCCCTCCGATCGG-5","Glut-DACH2-LMANco","Ex_SATB2_SOX6",0.318481974048111
"_AGAGCCCTCGTTCGCT-5","Glut-DACH2-LMANco","Ex_SATB2_SOX6",0.339861230604974
"_AGATAGACAAATCAAG-5","Glut-DACH2-6","Ex_DACH2_CEMIP",0.400330267729698
"_AGATCCAGTCTGTCAA-5","Glut-DACH2-LMANsh","Ex_DACH2_GRIK4",0.253524098473156
"_AGATCCAGTGCCTAAT-5","Glut-DACH2-LMANco","Ex_DACH2_ZMAT4",0.419790970164507
"_AGATCCATCCGGACGT-5","Glut-DACH2-8","Ex_DACH2_ZMAT4",0.469353890861744
"_AGATCGTAGTCGTTAC-5","Glut-DACH2-8","Ex_DACH2_ZMAT4",0.608048760097115
"_AGATCGTCAACCTATG-5","Glut-DACH2-LMANco","Ex_DACH2_ZMAT4",0.390359193874088
"_AGATCGTCAGACAATA-5","Glut-DACH2-LMANco","Ex_DACH2_ZMAT4",0.351417019537785
"_AGATCGTGTCAAATCC-5","Glut-DACH2-8","Ex_DACH2_ZMAT4",0.563420265027968
"_AGATGAACACGCTATA-5","Glut-DACH2-LMANsh","Ex_DACH2_ADAMTS5",0.346251794028337
"_AGATGAAGTACTGACT-5","Glut-DACH2-LMANsh","Ex_DACH2_ZMAT4",0.257532524713931
"_AGATGCTCACGAGAAC-5","Glut-DACH2-LMANsh","Ex_DACH2_LHX2",0.207287520885163
"_AGCATCAAGTCCGCCA-5","Glut-DACH2-1","Ex_DACH2_LHX2",0.419361914090991
"_AGCATCAGTATCACGT-5","Glut-DACH2-1","Ex_DACH2_LHX2",0.509997098681776
"_AGCCAATCAAATTGCC-5","Glut-DACH2-8","Ex_DACH2_ZMAT4",0.501232395214612
"_AGCCAATCAACATCGT-5","Glut-DACH2-LMANsh","Ex_DACH2_ADAMTS5",0.439162555325788
"_AGCCAATCACTCGATA-5","Glut-DACH2-LMANco","Ex_DACH2_ZMAT4",0.377633919098203
"_AGCCAATTCACTTTGT-5","Glut-DACH2-LMANsh","Ex_DACH2_ADAMTS5",0.314768696311937
"_AGCCACGAGCTCTTCC-5","Glut-DACH2-LMANsh","Ex_DACH2_GRIK4",0.237263850475524
"_AGCCACGCAAGTATAG-5","Glut-DACH2-LMANco","Ex_DACH2_ZMAT4",0.380032284387223
"_AGCCACGCAGCAGTAG-5","Glut-DACH2-LMANsh","Ex_DACH2_LHX2",0.378766698085497
"_AGCCACGGTCTAGTGT-5","Glut-DACH2-LMANsh","Ex_DACH2_ZMAT4",0.255627625996718
"_AGCCAGCCAGAATTCC-5","Glut-DACH2-8","Ex_DACH2_ZMAT4",0.521163728801292
"_AGCCAGCTCCGAGATT-5","Glut-DACH2-7","Ex_DACH2_CEMIP",0.304446891556165
"_AGCGATTGTTCACGAT-5","Glut-DACH2-LMANco","Ex_SATB2_SOX6",0.510560219917398
"_AGCGCCACAGAGTTGG-5","Glut-DACH2-8","Ex_DACH2_CEMIP",0.404424657491589
"_AGCGCCATCGCTGATA-5","Glut-DACH2-LMANco","Ex_DACH2_ZMAT4",0.382338606903156
"_AGCGCCATCGTGCAGC-5","Glut-DACH2-LMANco","Ex_DACH2_ZMAT4",0.352127901156757
"_AGCGCTGAGCGAACTG-5","Glut-DACH2-LMANsh","Ex_DACH2_LHX2",0.473995882604512
"_AGCGCTGAGCGGGTAT-5","Glut-SATB2-1","Ex_SATB2_SOX6",0.523855265054147
"_AGCGCTGGTATCGAGG-5","Glut-DACH2-LMANsh","Ex_DACH2_LHX2",0.482408827776842
"_AGCGCTGGTCGTATTG-5","Glut-DACH2-LMANsh","Ex_DACH2_LHX2",0.384582623156507
"_AGCGCTGTCGACATTG-5","Glut-DACH2-8","Ex_DACH2_ZMAT4",0.624079714079373
"_AGCGTATAGCAATAGT-5","Glut-DACH2-LMANsh","Ex_DACH2_LHX2",0.465167347588086
"_AGCGTATTCACCTTGC-5","Glut-DACH2-LMANco","Ex_DACH2_CEMIP",0.335739525841759
"_AGCGTATTCAGGACGA-5","Glut-DACH2-LMANsh","Ex_DACH2_LHX2",0.555271249586416
"_AGCGTCGAGCCTCTGG-5","Glut-DACH2-8","Ex_DACH2_ZMAT4",0.447574825092748
"_AGCGTCGCAGGTGAGT-5","Glut-DACH2-8","Ex_DACH2_ZMAT4",0.600505691738754
"_AGCTACACACAAGGTG-5","Glut-DACH2-LMANco","Ex_SATB2_SOX6",0.303314795819308
"_AGCTACACATGTTCAG-5","Glut-DACH2-LMANsh","Ex_DACH2_LHX2",0.390029697286282
"_AGCTACAGTGTCCATA-5","Glut-DACH2-LMANco","Ex_SATB2_SOX6",0.433663288071392
"_AGCTCAATCACGAGGA-5","Glut-DACH2-LMANco","Ex_DACH2_CEMIP",0.292601275428142
"_AGCTCAATCATTACTC-5","Glut-DACH2-LMANco","Ex_SATB2_SOX6",0.385163907081843
"_AGCTTCCCATCCTTGC-5","Glut-DACH2-LMANsh","Ex_DACH2_GRIK4",0.187625981077052
"_AGCTTCCTCAGTCCGG-5","Glut-DACH2-LMANco","Ex_DACH2_ZMAT4",0.371207962698942
"_AGGAAATCAGAAGTTA-5","Glut-DACH2-LMANco","Ex_DACH2_ZMAT4",0.344727313341824
"_AGGAAATGTCCCTGAG-5","Glut-DACH2-1","Ex_DACH2_LHX2",0.491876077260675
"_AGGAAATGTGACTATC-5","Glut-DACH2-8","Ex_DACH2_ZMAT4",0.456682722347722
"_AGGAAATTCTGTCCCA-5","Glut-DACH2-LMANsh","Ex_DACH2_LHX2",0.525527502981238
"_AGGAATAAGATCACTC-5","Glut-DACH2-LMANsh","Ex_DACH2_LHX2",0.490109914013535
"_AGGACGACACTTCTCG-5","Glut-DACH2-7","Ex_DACH2_ADAMTS5",0.233113704873158
"_AGGACTTAGCTTTCTT-5","Glut-DACH2-8","Ex_DACH2_ZMAT4",0.604305873552217
"_AGGACTTAGGGTGGGA-5","Glut-DACH2-LMANco","Ex_DACH2_ZMAT4",0.606375113398144
"_AGGACTTCAGTCCGTG-5","Glut-DACH2-LMANco","Ex_DACH2_ZMAT4",0.304939468313676
"_AGGACTTGTACGTACT-5","Glut-DACH2-LMANsh","Ex_DACH2_LHX2",0.436395061016201
"_AGGAGGTCACGGTCTG-5","Glut-DACH2-LMANsh","Ex_DACH2_LHX2",0.501411146211165
"_AGGAGGTCAGCTACCG-5","Glut-DACH2-LMANco","Ex_DACH2_ZMAT4",0.341894258580079
"_AGGAGGTGTGTTATCG-5","Glut-DACH2-LMANco","Ex_DACH2_ZMAT4",0.556909490856107
"_AGGAGGTTCCTACCGT-5","Glut-DACH2-5","Ex_DACH2_LHX2",0.301628702659069
"_AGGATAACAGGAGGTT-5","Glut-DACH2-LMANsh","Ex_DACH2_ADAMTS5",0.522219936226445
"_AGGATAAGTTCTTCAT-5","Glut-DACH2-LMANco","Ex_SATB2_SOX6",0.425643036202116
"_AGGATCTGTAACACCT-5","Glut-DACH2-LMANsh","Ex_DACH2_LHX2",0.344372700166224
"_AGGATCTGTAGTGATA-5","Glut-DACH2-LMANco","Ex_DACH2_ZMAT4",0.344842572798683
"_AGGCATTAGTTGGAAT-5","Glut-DACH2-LMANco","Ex_DACH2_ZMAT4",0.384096151457359
"_AGGCATTGTGTATTCG-5","Glut-DACH2-8","Ex_DACH2_ZMAT4",0.458756073271058
"_AGGCATTTCAAAGAAC-5","Glut-DACH2-LMANsh","Ex_DACH2_LHX2",0.531379273473011
"_AGGCATTTCCCTTCCC-5","Glut-DACH2-LMANco","Ex_DACH2_ZMAT4",0.3721194886133
"_AGGCCACTCGACGAGA-5","Glut-DACH2-LMANco","Ex_DACH2_ZMAT4",0.547559167198329
"_AGGCTGCTCAGACCCG-5","Glut-DACH2-LMANsh","Ex_DACH2_ADAMTS5",0.338986387889681
"_AGGCTGCTCAGGGTAG-5","Glut-DACH2-LMANco","Ex_SATB2_SOX6",0.407678301831154
"_AGGGAGTCAGAGGCTA-5","Glut-DACH2-LMANco","Ex_SATB2_SOX6",0.292449188095135
"_AGGGAGTTCGGTCTGG-5","Glut-DACH2-LMANco","Ex_DACH2_ZMAT4",0.434646595681143
"_AGGGCCTAGTATTGCC-5","Glut-DACH2-LMANco","Ex_DACH2_ZMAT4",0.480203910529332
"_AGGGCCTCATACCACA-5","Glut-DACH2-LMANsh","Ex_DACH2_GRIK4",0.224209662624569
"_AGGGCCTTCTGCGAGC-5","Glut-DACH2-LMANco","Ex_SATB2_SOX6",0.417496161301734
"_AGGGCTCCAATGAACA-5","Glut-DACH2-8","Ex_DACH2_ZMAT4",0.575619902460434
"_AGGGCTCGTCATCGGC-5","Glut-DACH2-LMANsh","Ex_DACH2_LHX2",0.300277194852429
"_AGGGTCCTCGACGATT-5","Glut-DACH2-LMANsh","Ex_DACH2_LHX2",0.436701810840231
"_AGGGTGACAGAGTTCT-5","Glut-DACH2-LMANco","Ex_DACH2_ZMAT4",0.509286875833262
"_AGGGTTTAGAAACTAC-5","Glut-DACH2-LMANsh","Ex_DACH2_LHX2",0.332958153855525
"_AGGGTTTAGGTACCTT-5","Glut-DACH2-LMANsh","Ex_DACH2_LHX2",0.516800696476505
"_AGGGTTTCAGGCCTGT-5","Glut-DACH2-LMANco","Ex_DACH2_ZMAT4",0.290984044762324
"_AGGGTTTCATGGACAG-5","Glut-DACH2-LMANco","Ex_SATB2_SOX6",0.37233471326434
"_AGGTAGGAGCTGTACT-5","Glut-DACH2-6","Ex_DACH2_ZMAT4",0.389180334585662
"_AGGTAGGGTACCTATG-5","Glut-DACH2-5","Ex_DACH2_ADAMTS5",0.254173199334641
"_AGGTCATTCCGTCACT-5","Glut-DACH2-LMANco","Ex_DACH2_ZMAT4",0.512416675500667
"_AGGTCTATCATTCTTG-5","Glut-DACH2-LMANsh","Ex_DACH2_ADAMTS5",0.251724149228117
"_AGGTCTATCCGTTGGG-5","Glut-DACH2-LMANsh","Ex_DACH2_ADAMTS5",0.360677727486262
"_AGGTGTTCACTTTATC-5","Glut-DACH2-6","Ex_DACH2_CEMIP",0.433737434590192
"_AGGTGTTCATCGCTAA-5","Glut-DACH2-LMANsh","Ex_DACH2_ZMAT4",0.310085351750413
"_AGGTGTTCATTGAGCT-5","Glut-DACH2-8","Ex_DACH2_ZMAT4",0.295791348014155
"_AGGTTACAGTTGCGCC-5","Glut-DACH2-LMANco","Ex_SATB2_SOX6",0.427274255911073
"_AGGTTGTCACACAGCC-5","Glut-DACH2-LMANsh","Ex_DACH2_LHX2",0.445190076893353
"_AGGTTGTGTGCCTTTC-5","Glut-DACH2-LMANco","Ex_DACH2_ZMAT4",0.35414139588142
"_AGTAACCGTATTTCGG-5","Glut-DACH2-LMANco","Ex_DACH2_CEMIP",0.327587804297933
"_AGTAACCTCCCTATTA-5","Glut-DACH2-5","Ex_DACH2_LHX2",0.40512862398047
"_AGTAACCTCGCAATTG-5","Glut-DACH2-LMANsh","Ex_DACH2_LHX2",0.274147449895908
"_AGTACCATCCATCTCG-5","Glut-DACH2-LMANsh","Ex_DACH2_LHX2",0.370219042624687
"_AGTACTGCAAGACGGT-5","Glut-DACH2-6","Ex_DACH2_CEMIP",0.394871917031179
"_AGTACTGCAAGCAGGT-5","Glut-DACH2-8","Ex_DACH2_ZMAT4",0.562229162237367
"_AGTACTGGTGTTGAGG-5","Glut-DACH2-LMANsh","Ex_DACH2_LHX2",0.503217887501827
"_AGTAGCTGTCGACGCT-5","Glut-DACH2-LMANsh","Ex_DACH2_ADAMTS5",0.298782988490513
"_AGTCAACAGCGTCTGC-5","Glut-DACH2-LMANsh","Ex_DACH2_LHX2",0.509793270384187
"_AGTCAACGTGCTGATT-5","Glut-DACH2-LMANsh","Ex_DACH2_LHX2",0.238589846782126
"_AGTCAACTCAACGTGT-5","Glut-DACH2-6","Ex_DACH2_CEMIP",0.419946709090395
"_AGTCAACTCAATCCGA-5","Glut-DACH2-LMANsh","Ex_DACH2_LHX2",0.486197997705295
"_AGTCAACTCTACTTCA-5","Glut-DACH2-LMANco","Ex_DACH2_ZMAT4",0.368289498089736
"_AGTCACAGTATGGTAA-5","Glut-DACH2-LMANco","Ex_DACH2_CEMIP",0.300581615314221
"_AGTCACAGTTTATGCG-5","Glut-DACH2-LMANco","Ex_SATB2_SOX6",0.314239012160303
"_AGTCACATCCCTCTCC-5","Glut-DACH2-8","Ex_DACH2_ZMAT4",0.500886150703599
"_AGTCATGCAATGCAAA-5","Glut-DACH2-5","Ex_DACH2_ADAMTS5",0.246111049214842
"_AGTCATGTCATAGCAC-5","Glut-DACH2-LMANco","Ex_DACH2_ZMAT4",0.397901463862597
"_AGTGACTCACATACGT-5","Glut-DACH2-8","Ex_DACH2_ZMAT4",0.543445369525285
"_AGTGACTCAGAGACTG-5","Glut-DACH2-LMANsh","Ex_DACH2_ADAMTS5",0.314783963965546
"_AGTGACTGTCCAGGTC-5","Glut-DACH2-LMANsh","Ex_DACH2_LHX2",0.547622318378998
"_AGTGATCGTCAATGGG-5","Glut-DACH2-LMANsh","Ex_DACH2_ZMAT4",0.504804897501309
"_AGTGCCGCACTGAGGA-5","Glut-DACH2-8","Ex_DACH2_ZMAT4",0.55763688595466
"_AGTGTTGAGGCTCTCG-5","Glut-DACH2-8","Ex_DACH2_ZMAT4",0.612172281963199
"_AGTTAGCAGCAACAAT-5","Glut-DACH2-8","Ex_DACH2_ZMAT4",0.585092051452601
"_AGTTCCCAGTAACGAT-5","Glut-DACH2-LMANco","Ex_SATB2_SOX6",0.358375853647816
"_AGTTCCCCAAGTTTGC-5","Glut-DACH2-LMANco","Ex_SATB2_SOX6",0.372136775111966
"_AGTTCCCCACGCGCTA-5","Glut-DACH2-LMANco","Ex_DACH2_ZMAT4",0.393430606051022
"_AGTTCCCCAGCCTACG-5","Glut-DACH2-LMANsh","Ex_DACH2_LHX2",0.355286231155646
"_AGTTCCCCATAGCTGT-5","Glut-DACH2-LMANsh","Ex_DACH2_LHX2",0.293579832671704
"_AGTTCCCGTGGAACCA-5","Glut-DACH2-LMANsh","Ex_DACH2_ADAMTS5",0.249710599432343
"_AGTTCCCTCATTACGG-5","Glut-DACH2-LMANco","Ex_SATB2_SOX6",0.392207869050416
"_AGTTCCCTCGTCCATC-5","Glut-DACH2-LMANsh","Ex_DACH2_LHX2",0.345980436362856
"_AGTTCGACAACAACAA-5","Glut-SATB2-1","Ex_SATB2_SOX6",0.443297261853949
"_ATACCGAAGCTGGCTC-5","Glut-DACH2-LMANsh","Ex_DACH2_ADAMTS5",0.271999663011731
"_ATACCTTCAACCGTAT-5","Glut-DACH2-LMANco","Ex_SATB2_SOX6",0.430379317768732
"_ATACCTTCAGCACGAA-5","Glut-DACH2-LMANsh","Ex_DACH2_LHX2",0.311360679762584
"_ATACCTTCATACTGTG-5","Glut-DACH2-6","Ex_DACH2_CEMIP",0.49560105817055
"_ATACCTTGTGGTACAG-5","Glut-DACH2-LMANsh","Ex_DACH2_GRIK4",0.268620712976807
"_ATACCTTTCTACGCAA-5","Glut-DACH2-LMANco","Ex_DACH2_ZMAT4",0.321401565815748
"_ATACTTCGTAGGACCA-5","Glut-DACH2-6","Ex_DACH2_CEMIP",0.649904221561521
"_ATACTTCGTTTACACG-5","Glut-DACH2-LMANco","Ex_SATB2_SOX6",0.367205796823606
"_ATACTTCTCCTGTAGA-5","Glut-DACH2-LMANco","Ex_DACH2_CEMIP",0.316796347138424
"_ATACTTCTCGCTACGG-5","Glut-DACH2-5","Ex_DACH2_GRIK4",0.238718773045255
"_ATAGAGAAGTCATGGG-5","Glut-DACH2-LMANsh","Ex_DACH2_LHX2",0.309746642959773
"_ATAGAGACACAAGCCC-5","Glut-DACH2-LMANco","Ex_DACH2_ZMAT4",0.382675391944193
"_ATAGGCTAGACTCAAA-5","Glut-DACH2-LMANsh","Ex_DACH2_ADAMTS5",0.360426042059492
"_ATAGGCTCAGCGGTCT-5","Glut-DACH2-LMANco","Ex_DACH2_ZMAT4",0.298401859679528
"_ATAGGCTTCCCGAGAC-5","Glut-DACH2-LMANsh","Ex_DACH2_LHX2",0.541555651526722
"_ATATCCTCATAAGATG-5","Glut-DACH2-LMANco","Ex_DACH2_ZMAT4",0.515521282863702
"_ATCACAGGTCGAACAG-5","Glut-DACH2-LMANsh","Ex_DACH2_LHX2",0.468112508806205
"_ATCACAGGTCTGCAAT-5","Glut-DACH2-LMANco","Ex_DACH2_ZMAT4",0.324663250132294
"_ATCACAGTCCCATACC-5","Glut-DACH2-LMANsh","Ex_DACH2_LHX2",0.427648582967178
"_ATCACAGTCCGCCTAT-5","Glut-DACH2-5","Ex_DACH2_NR4A3",0.407252961500007
"_ATCACAGTCGGAGTAG-5","Glut-DACH2-8","Ex_DACH2_ZMAT4",0.646778436047179
"_ATCACGAAGATCCTAC-5","Glut-DACH2-8","Ex_DACH2_ZMAT4",0.60562539344088
"_ATCACGAAGCTAGATA-5","Glut-DACH2-LMANco","Ex_DACH2_CEMIP",0.256225265328761
"_ATCACGAAGCTCATAC-5","Glut-DACH2-LMANsh","Ex_DACH2_GRIK4",0.286766998765228
"_ATCACGACAATATCCG-5","Glut-DACH2-6","Ex_DACH2_CEMIP",0.439215437312171
"_ATCACGAGTCGTTGCG-5","Glut-DACH2-LMANco","Ex_DACH2_ZMAT4",0.437501143867869
"_ATCACGATCCGAACGC-5","Glut-DACH2-8","Ex_DACH2_ZMAT4",0.51857693009953
"_ATCACGATCGGTCAGC-5","Glut-DACH2-LMANco","Ex_SATB2_SOX6",0.274864003670332
"_ATCAGGTGTATGAAGT-5","Glut-DACH2-LMANsh","Ex_DACH2_ADAMTS5",0.267680727518152
"_ATCAGGTGTCCTTGTC-5","Glut-DACH2-6","Ex_DACH2_CEMIP",0.550764239067197
"_ATCATTCCACGCGTGT-5","Glut-DACH2-LMANsh","Ex_DACH2_ADAMTS5",0.310623790860906
"_ATCATTCTCGGTAGGA-5","Glut-DACH2-6","Ex_DACH2_ZMAT4",0.441698862468633
"_ATCCACCAGACTCGAG-5","Glut-DACH2-LMANsh","Ex_DACH2_LHX2",0.455689844419582
"_ATCCACCCAGCTGTTA-5","Glut-DACH2-8","Ex_DACH2_ZMAT4",0.475196699291649
"_ATCCACCTCTTCCTAA-5","Glut-DACH2-LMANsh","Ex_DACH2_LHX2",0.369606946405639
"_ATCCATTGTTTGGGTT-5","Glut-DACH2-LMANco","Ex_DACH2_ZMAT4",0.364542326914452
"_ATCCATTTCTATTTCG-5","Glut-DACH2-5","Ex_DACH2_GRIK4",0.322796442215779
"_ATCCCTGTCGCCGATG-5","Glut-DACH2-LMANco","Ex_DACH2_ZMAT4",0.259796572694588
"_ATCCCTGTCGTGCTCT-5","Glut-DACH2-LMANco","Ex_DACH2_CEMIP",0.25068046352682
"_ATCCGTCCAGAGTGAC-5","Glut-DACH2-LMANsh","Ex_DACH2_LHX2",0.498395839124936
"_ATCCGTCGTCGCTTGG-5","Glut-DACH2-LMANsh","Ex_DACH2_LHX2",0.459712499352575
"_ATCCGTCGTTGCTCCT-5","Glut-DACH2-LMANsh","Ex_DACH2_LHX2",0.447828947000838
"_ATCCGTCTCGCCTAGG-5","Glut-DACH2-LMANsh","Ex_DACH2_ZMAT4",0.244246768909863
"_ATCCTATCACAGTCGC-5","Glut-DACH2-LMANsh","Ex_DACH2_LHX2",0.471361717650623
"_ATCGATGAGAGTCGAC-5","Glut-DACH2-8","Ex_DACH2_ZMAT4",0.638261636442826
"_ATCGATGAGATGCTGG-5","Glut-DACH2-LMANsh","Ex_DACH2_LHX2",0.550242864732262
"_ATCGATGCACCCAACG-5","Glut-DACH2-8","Ex_DACH2_ZMAT4",0.504486582564812
"_ATCGCCTCACAGTGAG-5","Glut-DACH2-LMANsh","Ex_DACH2_LHX2",0.548085671149602
"_ATCGGATCACGGTCTG-5","Glut-DACH2-5","Ex_DACH2_LHX2",0.330789681690215
"_ATCGGATGTACGTTCA-5","Glut-DACH2-1","Ex_DACH2_GRIK4",0.278534709579205
"_ATCGTAGAGGTCCCGT-5","Glut-DACH2-LMANsh","Ex_DACH2_LHX2",0.518380283506871
"_ATCGTCCGTGCCGTTG-5","Glut-DACH2-LMANco","Ex_DACH2_ZMAT4",0.341895985408884
"_ATCGTCCTCGAAGTGG-5","Glut-DACH2-LMANco","Ex_SATB2_SOX6",0.339470300585664
"_ATCTCTACAAGCCATT-5","Glut-DACH2-LMANsh","Ex_DACH2_LHX2",0.309636171852208
"_ATCTTCAAGGGCGAAG-5","Glut-DACH2-LMANco","Ex_DACH2_CEMIP",0.288705367370517
"_ATCTTCACACGACCTG-5","Glut-DACH2-6","Ex_DACH2_CEMIP",0.600632815830839
"_ATCTTCACACGCTATA-5","Glut-DACH2-LMANco","Ex_DACH2_CEMIP",0.288715752731993
"_ATCTTCAGTATACCCA-5","Glut-DACH2-LMANco","Ex_DACH2_ZMAT4",0.445653750179402
"_ATGAAAGAGTACGAGC-5","Glut-DACH2-LMANco","Ex_DACH2_ZMAT4",0.522308326664574
"_ATGAAAGAGTTCCAGT-5","Glut-DACH2-LMANco","Ex_SATB2_SOX6",0.39186506166085
"_ATGAAAGCACCTGAAT-5","Glut-DACH2-LMANsh","Ex_DACH2_LHX2",0.376952038857847
"_ATGAAAGCATGGGCAA-5","Glut-DACH2-LMANsh","Ex_DACH2_ADAMTS5",0.453302618404892
"_ATGACCAGTACTTGTG-5","Glut-DACH2-LMANco","Ex_DACH2_ZMAT4",0.337470234184716
"_ATGACCAGTAGCGTTT-5","Glut-DACH2-LMANsh","Ex_DACH2_LHX2",0.343742989489031
"_ATGACCATCGGTAAGG-5","Glut-DACH2-8","Ex_DACH2_ZMAT4",0.430814438902265
"_ATGAGGGTCTGTCGCT-5","Glut-DACH2-LMANsh","Ex_DACH2_LHX2",0.34061451532589
"_ATGAGTCCATCGCTGG-5","Glut-DACH2-LMANsh","Ex_DACH2_ADAMTS5",0.241276866730805
"_ATGAGTCCATGGGATG-5","Glut-DACH2-1","Ex_DACH2_LHX2",0.439285882682026
"_ATGATCGAGTGGATAT-5","Glut-DACH2-LMANco","Ex_DACH2_ZMAT4",0.476759016613987
"_ATGATCGGTGACGTCC-5","Glut-DACH2-6","Ex_DACH2_CEMIP",0.440661496309785
"_ATGCATGAGCGTTACT-5","Glut-DACH2-LMANco","Ex_DACH2_ZMAT4",0.511163899107842
"_ATGCATGCAACACTAC-5","Glut-DACH2-LMANsh","Ex_DACH2_ADAMTS5",0.279035774647211
"_ATGCATGGTTGGACTT-5","Glut-DACH2-LMANco","Ex_DACH2_ZMAT4",0.409634210098618
"_ATGCATGTCGTTCCTG-5","Glut-DACH2-6","Ex_DACH2_CEMIP",0.461094906453066
"_ATGCCTCTCGCTTTAT-5","Glut-DACH2-LMANsh","Ex_DACH2_LHX2",0.446901858653931
"_ATGCGATCAGCGGTCT-5","Glut-DACH2-LMANsh","Ex_DACH2_LHX2",0.404824056862224
"_ATGCGATTCGTTACCC-5","Glut-DACH2-6","Ex_DACH2_ZMAT4",0.428511033922511
"_ATGGAGGAGAGAGCAA-5","Glut-DACH2-LMANco","Ex_DACH2_ZMAT4",0.349721944527349
"_ATGGAGGAGCGTGAAC-5","Glut-DACH2-8","Ex_DACH2_ZMAT4",0.603173034661871
"_ATGGAGGTCAGGAGAC-5","Glut-DACH2-LMANsh","Ex_DACH2_LHX2",0.278498365504765
"_ATGGAGGTCCGTTGAA-5","Glut-DACH2-LMANsh","Ex_DACH2_CEMIP",0.18259865096711
"_ATGGATCAGGGCGAAG-5","Glut-DACH2-LMANco","Ex_SATB2_SOX6",0.515723241152116
"_ATGGATCCATCATCCC-5","Glut-DACH2-LMANsh","Ex_DACH2_LHX2",0.482298459259155
"_ATGGATCGTAACCAGG-5","Glut-DACH2-LMANsh","Ex_DACH2_LHX2",0.528096347990478
"_ATGGGAGTCTCCTGTG-5","Glut-DACH2-LMANsh","Ex_DACH2_LHX2",0.400839254066115
"_ATGGGTTTCTTCACGC-5","Glut-DACH2-LMANsh","Ex_DACH2_LHX2",0.51783418108489
"_ATGGTTGCAGTGACCC-5","Glut-DACH2-LMANco","Ex_SATB2_SOX6",0.32797400518778
"_ATGGTTGGTACAAGTA-5","Glut-DACH2-LMANsh","Ex_DACH2_LHX2",0.527386339793876
"_ATGGTTGTCTCCTACG-5","Glut-DACH2-6","Ex_DACH2_ZMAT4",0.483668016321618
"_ATGTCCCAGTGCACAG-5","Glut-DACH2-LMANsh","Ex_DACH2_LHX2",0.326659750919444
"_ATGTCCCTCACTGCTC-5","Glut-DACH2-LMANsh","Ex_DACH2_ADAMTS5",0.216724344070317
"_ATGTCCCTCCGTGTAA-5","Glut-DACH2-8","Ex_DACH2_ZMAT4",0.56008885172321
"_ATGTCTTAGATCACTC-5","Glut-DACH2-LMANsh","Ex_DACH2_ADAMTS5",0.296652933890764
"_ATGTCTTCACGAAAGC-5","Glut-DACH2-LMANsh","Ex_DACH2_LHX2",0.406424547457297
"_ATTACTCCACATACTG-5","Glut-DACH2-LMANsh","Ex_DACH2_ADAMTS5",0.272912994401199
"_ATTACTCGTGTGAATA-5","Glut-DACH2-LMANsh","Ex_DACH2_LHX2",0.523949991640896
"_ATTACTCTCAGTCTTT-5","Glut-DACH2-LMANsh","Ex_DACH2_LHX2",0.445125206941206
"_ATTATCCCAGATCCAT-5","Glut-DACH2-LMANco","Ex_DACH2_ZMAT4",0.522507798261027
"_ATTATCCCATACTGAC-5","Glut-DACH2-1","Ex_DACH2_ADAMTS5",0.281270859467956
"_ATTATCCGTTGTTGTG-5","Glut-DACH2-LMANsh","Ex_DACH2_LHX2",0.401179501690436
"_ATTCACTGTCTGTAGT-5","Glut-DACH2-6","Ex_DACH2_ZMAT4",0.491594671549625
"_ATTCACTGTTGCGAAG-5","Glut-DACH2-8","Ex_DACH2_ZMAT4",0.576025907178125
"_ATTCAGGTCACTGCTC-5","Glut-DACH2-LMANco","Ex_DACH2_ZMAT4",0.39334194243542
"_ATTCAGGTCGTACCTC-5","Glut-DACH2-LMANco","Ex_DACH2_ZMAT4",0.49770855563461
"_ATTCATCAGCCTTCTC-5","Glut-DACH2-LMANsh","Ex_DACH2_ADAMTS5",0.249348362049165
"_ATTCATCAGGTCCAGA-5","Glut-DACH2-8","Ex_DACH2_ZMAT4",0.506610826447873
"_ATTCATCCAGGGAATC-5","Glut-DACH2-LMANsh","Ex_DACH2_LHX2",0.252691226981382
"_ATTCATCGTCCCTAAA-5","Glut-DACH2-LMANsh","Ex_DACH2_ADAMTS5",0.215780997903712
"_ATTCATCTCCGTGTAA-5","Glut-DACH2-LMANco","Ex_DACH2_CEMIP",0.343836983021251
"_ATTCCATAGCGAAACC-5","Glut-DACH2-6","Ex_DACH2_CEMIP",0.385657103695488
"_ATTCCATAGTGTAGTA-5","Glut-DACH2-LMANco","Ex_DACH2_ZMAT4",0.365999388320002
"_ATTCCCGAGGACAACC-5","Glut-DACH2-8","Ex_DACH2_ZMAT4",0.613011048014623
"_ATTCCCGAGGTTCTTG-5","Glut-DACH2-8","Ex_DACH2_ZMAT4",0.608406582634532
"_ATTCCCGGTTTCGTGA-5","Glut-DACH2-LMANco","Ex_DACH2_ZMAT4",0.372640630953403
"_ATTCCCGTCAACGTGT-5","Glut-DACH2-LMANsh","Ex_DACH2_LHX2",0.410349057437946
"_ATTCCCGTCCACGTAA-5","Glut-DACH2-LMANsh","Ex_DACH2_ADAMTS5",0.287253384651745
"_ATTCCCGTCGTTCATT-5","Glut-DACH2-LMANsh","Ex_DACH2_LHX2",0.453840203690438
"_ATTCCCGTCTGCACCT-5","Glut-DACH2-8","Ex_DACH2_ZMAT4",0.633072994241294
"_ATTCCTAGTCACTGAT-5","Glut-DACH2-LMANco","Ex_DACH2_ZMAT4",0.511195535521544
"_ATTCCTATCGCGTTTC-5","Glut-DACH2-8","Ex_DACH2_ZMAT4",0.495568588866712
"_ATTCTACCACAAGCCC-5","Glut-DACH2-LMANco","Ex_DACH2_CEMIP",0.350909046932396
"_ATTCTACCAGAAGTTA-5","Glut-DACH2-LMANsh","Ex_DACH2_LHX2",0.398453615162184
"_ATTCTACTCCCGAAAT-5","Glut-DACH2-LMANco","Ex_DACH2_ZMAT4",0.419015444416687
"_ATTCTTGCACGGAAGT-5","Glut-DACH2-5","Ex_DACH2_LHX2",0.498561040644725
"_ATTCTTGTCGGACGTC-5","Glut-DACH2-LMANco","Ex_DACH2_ZMAT4",0.507475620129505
"_ATTGGGTGTAGCGCTC-5","Glut-DACH2-LMANco","Ex_DACH2_ZMAT4",0.370403008443786
"_ATTGTTCAGTGATAGT-5","Glut-DACH2-LMANco","Ex_DACH2_ZMAT4",0.390437673566601
"_ATTGTTCCACCTCTGT-5","Glut-DACH2-LMANsh","Ex_DACH2_LHX2",0.444960783082233
"_ATTGTTCTCGTGCACG-5","Glut-DACH2-LMANsh","Ex_DACH2_LHX2",0.474111556426618
"_ATTGTTCTCTGAGATC-5","Glut-DACH2-8","Ex_DACH2_ZMAT4",0.499107227288008
"_ATTTACCCATGGGCAA-5","Glut-DACH2-LMANco","Ex_DACH2_ZMAT4",0.317958270323941
"_ATTTACCGTCTAGATC-5","Glut-DACH2-LMANsh","Ex_DACH2_GRIK4",0.259550130286321
"_ATTTACCGTGTAAACA-5","Glut-DACH2-LMANsh","Ex_DACH2_LHX2",0.433107784467245
"_ATTTACCTCCGTTGGG-5","Glut-DACH2-8","Ex_DACH2_ZMAT4",0.573498880300132
"_ATTTACCTCGCAATTG-5","Glut-DACH2-LMANco","Ex_SATB2_SOX6",0.424923788809267
"_ATTTCACAGCATAGGC-5","Glut-DACH2-5","Ex_DACH2_LHX2",0.488174264390826
"_ATTTCACCACCTAAAC-5","Glut-DACH2-LMANco","Ex_DACH2_ZMAT4",0.339977163778373
"_CAAAGAAGTATAGGGC-5","Glut-DACH2-LMANsh","Ex_DACH2_LHX2",0.485910482220161
"_CAACAACGTCGCTTAA-5","Glut-DACH2-8","Ex_DACH2_ZMAT4",0.401807056069938
"_CAACAGTTCCAATCCC-5","Glut-DACH2-LMANco","Ex_SATB2_SOX6",0.294613594128181
"_CAACCAAGTATCGATC-5","Glut-DACH2-6","Ex_DACH2_CEMIP",0.439934567426072
"_CAACCAATCGAATCCA-5","Glut-DACH2-LMANsh","Ex_DACH2_LHX2",0.411716065087559
"_CAACCAATCGCCGATG-5","Glut-DACH2-LMANsh","Ex_DACH2_ZMAT4",0.339599856745879
"_CAACCAATCTGGAGAG-5","Glut-DACH2-LMANco","Ex_DACH2_ZMAT4",0.323365993859207
"_CAACCAATCTTGTTAC-5","Glut-DACH2-LMANsh","Ex_DACH2_LHX2",0.358142086692399
"_CAACGATAGAACCCGA-5","Glut-DACH2-LMANco","Ex_DACH2_CEMIP",0.352800088605763
"_CAAGACTGTAACATGA-5","Glut-DACH2-LMANsh","Ex_DACH2_LHX2",0.310913965305528
"_CAAGAGGAGAACAAGG-5","Glut-DACH2-6","Ex_DACH2_ZMAT4",0.508689997723709
"_CAAGAGGAGCAGGCAT-5","Glut-DACH2-LMANsh","Ex_DACH2_ADAMTS5",0.221565693440689
"_CAAGCTACATCAACCA-5","Glut-DACH2-LMANsh","Ex_DACH2_LHX2",0.488328092199367
"_CAAGCTATCAAAGGTA-5","Glut-DACH2-6","Ex_DACH2_ZMAT4",0.535082506614579
"_CAAGGGAAGGGTAGCT-5","Glut-DACH2-LMANco","Ex_DACH2_ZMAT4",0.391548839623704
"_CAAGGGAAGTCTAGCT-5","Glut-DACH2-6","Ex_DACH2_CEMIP",0.437958513821054
"_CAAGGGATCTACCTTA-5","Glut-DACH2-8","Ex_DACH2_ZMAT4",0.463318615396034
"_CAAGGGATCTCTTGCG-5","Glut-DACH2-LMANco","Ex_DACH2_CEMIP",0.245823709460208
"_CAAGGGATCTGACGCG-5","Glut-DACH2-8","Ex_DACH2_ZMAT4",0.650663734120561
"_CAATACGGTGCCTGAC-5","Glut-DACH2-LMANsh","Ex_DACH2_LHX2",0.543445413358086
"_CAATCGAGTACTCCGG-5","Glut-DACH2-7","Ex_DACH2_LHX2",0.268641206291756
"_CAATCGAGTCCGATCG-5","Glut-DACH2-LMANsh","Ex_DACH2_ADAMTS5",0.276787644384763
"_CAATCGATCCTCTTTC-5","Glut-DACH2-LMANco","Ex_DACH2_CEMIP",0.265639966534029
"_CAATGACAGTAATACG-5","Glut-DACH2-LMANsh","Ex_DACH2_LHX2",0.285835995772745
"_CAATGACGTATAATGG-5","Glut-DACH2-LMANsh","Ex_DACH2_LHX2",0.469834335740085
"_CAATTTCTCTTGTGCC-5","Glut-DACH2-LMANsh","Ex_DACH2_LHX2",0.449569596355581
"_CACAACACAGGAGGAG-5","Glut-DACH2-LMANsh","Ex_DACH2_LHX2",0.545969879398291
"_CACACAAAGGATTACA-5","Glut-DACH2-8","Ex_DACH2_ZMAT4",0.58635530405281
"_CACACAAAGTTGCATC-5","Glut-DACH2-5","Ex_DACH2_LHX2",0.482601391408489
"_CACACAACAAGATTGA-5","Glut-DACH2-LMANsh","Ex_DACH2_ADAMTS5",0.318548286061878
"_CACACAATCCCAACTC-5","Glut-DACH2-LMANco","Ex_SATB2_SOX6",0.408900543587196
"_CACACAATCCTCGCAT-5","Glut-DACH2-LMANsh","Ex_DACH2_GRIK4",0.28511850722192
"_CACAGATCAATACGCT-5","Glut-DACH2-LMANco","Ex_DACH2_ZMAT4",0.458937173264709
"_CACAGATTCTACTCAT-5","Glut-DACH2-LMANsh","Ex_DACH2_LHX2",0.328941117321434
"_CACAGGCAGTTCCATG-5","Glut-DACH2-LMANco","Ex_SATB2_SOX6",0.370129811839552
"_CACAGGCCAGTCTCTC-5","Glut-DACH2-LMANsh","Ex_DACH2_ADAMTS5",0.23682153296709
"_CACCAAACAATCGCGC-5","Glut-DACH2-LMANsh","Ex_DACH2_LHX2",0.538880840803426
"_CACCAAACAGGACTAG-5","Glut-DACH2-LMANco","Ex_SATB2_SOX6",0.337590261302231
"_CACCAAATCCTCTCTT-5","Glut-DACH2-LMANco","Ex_DACH2_ZMAT4",0.50595602868023
"_CACCGTTCAGGCATTT-5","Glut-DACH2-LMANco","Ex_DACH2_ZMAT4",0.339229657093264
"_CACGAATCAAGAGTGC-5","Glut-DACH2-LMANco","Ex_SATB2_SOX6",0.361087791472112
"_CACGAATCACTTTAGG-5","Glut-DACH2-LMANco","Ex_DACH2_ZMAT4",0.489226069529435
"_CACGAATGTTCTTAGG-5","Glut-DACH2-LMANsh","Ex_DACH2_LHX2",0.291009152993177
"_CACGGGTCAGGGACTA-5","Glut-DACH2-LMANsh","Ex_DACH2_LHX2",0.346486958464235
"_CACGGGTTCCTCACGT-5","Glut-DACH2-8","Ex_DACH2_ZMAT4",0.629266062120189
"_CACGGGTTCTCGGGAC-5","Glut-DACH2-5","Ex_DACH2_LHX2",0.451128609635109
"_CACGTGGAGTACAACA-5","Glut-DACH2-LMANsh","Ex_DACH2_LHX2",0.484973349125229
"_CACGTGGGTTCGATTG-5","Glut-DACH2-LMANsh","Ex_DACH2_LHX2",0.459206158284966
"_CACTAAGGTACGGCAA-5","Glut-DACH2-LMANsh","Ex_DACH2_LHX2",0.243038341968577
"_CACTGAAAGATCCCGC-5","Glut-DACH2-LMANsh","Ex_DACH2_LHX2",0.463414122791439
"_CACTGAACAAACTAGA-5","Glut-DACH2-6","Ex_DACH2_CEMIP",0.630875543487536
"_CACTGGGAGCAGCGAT-5","Glut-DACH2-LMANco","Ex_DACH2_ZMAT4",0.329587167708894
"_CACTGGGGTATTTCCT-5","Glut-DACH2-LMANsh","Ex_DACH2_LHX2",0.497035816617757
"_CACTGGGGTCGGAAAC-5","Glut-DACH2-LMANsh","Ex_DACH2_LHX2",0.413696936274129
"_CACTTCGGTTAGAAAC-5","Glut-DACH2-LMANsh","Ex_DACH2_ADAMTS5",0.377783088468564
"_CAGAGCCCAGAGGTTG-5","Glut-DACH2-LMANco","Ex_DACH2_ZMAT4",0.358511632413639
"_CAGAGCCTCTGGGCCA-5","Glut-DACH2-5","Ex_DACH2_LHX2",0.397304876256922
"_CAGATACCAAGCACCC-5","Glut-DACH2-LMANco","Ex_DACH2_ZMAT4",0.548597306316432
"_CAGATCAAGCGACATG-5","Glut-DACH2-8","Ex_DACH2_ZMAT4",0.584148617045575
"_CAGATCAGTGGTCTCG-5","Glut-DACH2-8","Ex_DACH2_ZMAT4",0.603202457356937
"_CAGATTGCATGAGAAT-5","Glut-DACH2-LMANsh","Ex_DACH2_LHX2",0.441179542299273
"_CAGCAATAGCTTGTTG-5","Glut-DACH2-LMANsh","Ex_DACH2_LHX2",0.398536763586013
"_CAGCAATAGTGGCGAT-5","Glut-DACH2-LMANsh","Ex_DACH2_LHX2",0.543932227468364
"_CAGCAATCATACAGGG-5","Glut-DACH2-LMANco","Ex_DACH2_ZMAT4",0.481393819104804
"_CAGCAATCATCCGTTC-5","Glut-DACH2-8","Ex_DACH2_ZMAT4",0.601569167516553
"_CAGCAATGTATCGGTT-5","Glut-DACH2-6","Ex_DACH2_CEMIP",0.379622187223454
"_CAGCACGCAGAGGAAA-5","Glut-DACH2-LMANsh","Ex_DACH2_LHX2",0.531981465875089
"_CAGCAGCCAATAGGGC-5","Glut-DACH2-8","Ex_DACH2_ZMAT4",0.270543475628805
"_CAGCAGCTCGGTCTGG-5","Glut-DACH2-LMANsh","Ex_DACH2_LHX2",0.528037965097578
"_CAGCCAGTCCCGAAAT-5","Glut-DACH2-LMANsh","Ex_DACH2_LHX2",0.39068657311297
"_CAGCGTGAGAACGTGC-5","Glut-DACH2-8","Ex_DACH2_ZMAT4",0.563315599314617
"_CAGCGTGAGATTGAGT-5","Glut-DACH2-LMANco","Ex_DACH2_ZMAT4",0.453814558704408
"_CAGCGTGAGCTACGTT-5","Glut-DACH2-LMANco","Ex_DACH2_ZMAT4",0.493301288427764
"_CAGCGTGCAGCAAGAC-5","Glut-DACH2-8","Ex_DACH2_ZMAT4",0.535254066438914
"_CAGCGTGGTATTAAGG-5","Glut-DACH2-LMANsh","Ex_DACH2_LHX2",0.47930140253226
"_CAGCGTGTCCTGTACC-5","Glut-DACH2-LMANco","Ex_DACH2_ZMAT4",0.581810005322791
"_CAGCGTGTCGAGAATA-5","Glut-DACH2-LMANco","Ex_DACH2_ZMAT4",0.515495396760234
"_CAGGCCATCTAGACCA-5","Glut-SATB2-1","Ex_SATB2_FOXP2",0.479192831890606
"_CAGGGCTCAACCGGAA-5","Glut-DACH2-LMANsh","Ex_DACH2_LHX2",0.369716118962381
"_CAGGGCTTCCGGCTTT-5","Glut-DACH2-LMANsh","Ex_DACH2_LHX2",0.484927159429127
"_CAGGTATCAGTCACGC-5","Glut-DACH2-LMANsh","Ex_DACH2_LHX2",0.441734190985974
"_CAGGTATTCTCGTGAA-5","Glut-DACH2-8","Ex_DACH2_ZMAT4",0.583480704812268
"_CAGTGCGAGGCCATAG-5","Glut-DACH2-8","Ex_DACH2_ZMAT4",0.644021574974354
"_CAGTGCGAGGTGCTAG-5","Glut-DACH2-LMANco","Ex_DACH2_ZMAT4",0.379676670719489
"_CAGTGCGGTTTCGCTC-5","Glut-DACH2-6","Ex_DACH2_CEMIP",0.538149936846356
"_CAGTGCGTCTGTGCTC-5","Glut-DACH2-LMANsh","Ex_DACH2_LHX2",0.520309526172203
"_CAGTTAGGTAGTCGGA-5","Glut-DACH2-6","Ex_DACH2_ZMAT4",0.520607655923431
"_CAGTTCCTCACAGTGT-5","Glut-DACH2-6","Ex_DACH2_ZMAT4",0.463570996434651
"_CATAAGCTCCTGCCAT-5","Glut-DACH2-LMANsh","Ex_DACH2_LHX2",0.424585149893182
"_CATACCCGTGGCGCTT-5","Glut-DACH2-LMANsh","Ex_DACH2_LHX2",0.27563489336258
"_CATACCCTCGTAGTGT-5","Glut-DACH2-6","Ex_DACH2_CEMIP",0.425499087612985
"_CATACTTTCATTCATC-5","Glut-DACH2-LMANco","Ex_DACH2_ZMAT4",0.499185336646188
"_CATACTTTCGCGGACT-5","Glut-DACH2-LMANsh","Ex_DACH2_LHX2",0.406311556059106
"_CATAGACCATAACCCA-5","Glut-DACH2-LMANsh","Ex_DACH2_ZMAT4",0.276152937907586
"_CATAGACCATCAGCTA-5","Glut-DACH2-LMANco","Ex_DACH2_ZMAT4",0.574468302505778
"_CATCAAGCAGCTTTGA-5","Glut-DACH2-LMANsh","Ex_DACH2_ADAMTS5",0.268684663874245
"_CATCAAGCATGGCTGC-5","Glut-DACH2-LMANsh","Ex_DACH2_LHX2",0.5221894286811
"_CATCAAGGTCAGTCCG-5","Glut-DACH2-LMANsh","Ex_DACH2_LHX2",0.465903884128863
"_CATCCACCAAGGTACG-5","Glut-DACH2-6","Ex_DACH2_ZMAT4",0.517285798853543
"_CATCCACTCACCTCTG-5","Glut-DACH2-LMANco","Ex_DACH2_ZMAT4",0.392607603961451
"_CATCCACTCGGTAACT-5","Glut-DACH2-8","Ex_DACH2_ZMAT4",0.536826110290258
"_CATCCCAAGCCGTCGT-5","Glut-DACH2-LMANsh","Ex_DACH2_LHX2",0.325904462260473
"_CATCCCAAGTCATACC-5","Glut-DACH2-LMANsh","Ex_DACH2_LHX2",0.419999948032832
"_CATCCCAAGTCGCCCA-5","Glut-DACH2-LMANco","Ex_SATB2_SOX6",0.325543445857256
"_CATCCCAGTCAGTCTA-5","Glut-DACH2-LMANco","Ex_DACH2_CEMIP",0.289878717883136
"_CATCCCAGTGTACGCC-5","Glut-DACH2-LMANsh","Ex_DACH2_LHX2",0.454810926448244
"_CATCCCATCATCGTAG-5","Glut-DACH2-8","Ex_DACH2_ZMAT4",0.597665206424203
"_CATCGCTCACCAGGTC-5","Glut-DACH2-LMANsh","Ex_DACH2_LHX2",0.495883441615936
"_CATCGCTGTGGGAGAG-5","Glut-DACH2-6","Ex_DACH2_CEMIP",0.556395871327392
"_CATCGCTTCTACGCAA-5","Glut-DACH2-6","Ex_DACH2_CEMIP",0.589541568016996
"_CATCGGGCACCCTGTT-5","Glut-DACH2-LMANco","Ex_SATB2_SOX6",0.424665516346553
"_CATCGGGCACGCTGAC-5","Glut-DACH2-LMANsh","Ex_DACH2_ADAMTS5",0.239120953077197
"_CATGAGTCAGCTACCG-5","Glut-DACH2-LMANco","Ex_DACH2_ZMAT4",0.487786877871763
"_CATGAGTTCTCACCCA-5","Glut-DACH2-8","Ex_DACH2_ZMAT4",0.504337511134558
"_CATGCAAGTGTTATCG-5","Glut-DACH2-LMANsh","Ex_DACH2_LHX2",0.313633846610502
"_CATGCAATCGCAATGT-5","Glut-DACH2-LMANco","Ex_DACH2_ZMAT4",0.328934608269288
"_CATGCAATCGGTGCAC-5","Glut-DACH2-8","Ex_DACH2_ZMAT4",0.602173995244353
"_CATGCCTAGTACAGAT-5","Glut-DACH2-8","Ex_DACH2_ZMAT4",0.547434540787464
"_CATGCCTCAGGACTAG-5","Glut-DACH2-8","Ex_DACH2_ZMAT4",0.577327396348021
"_CATGCCTTCGAACTCA-5","Glut-DACH2-LMANsh","Ex_DACH2_GRIK4",0.276145413055118
"_CATGCCTTCTCAATCT-5","Glut-DACH2-LMANsh","Ex_DACH2_LHX2",0.311858318135164
"_CATGCGGAGTTATGGA-5","Glut-DACH2-LMANsh","Ex_DACH2_LHX2",0.507732666202941
"_CATGCGGCAGCGTGCT-5","Glut-DACH2-LMANco","Ex_DACH2_ZMAT4",0.338833097567514
"_CATGCGGGTGCGAACA-5","Glut-DACH2-6","Ex_DACH2_ZMAT4",0.492264145550146
"_CATGCTCGTTTATGCG-5","Glut-DACH2-8","Ex_DACH2_ZMAT4",0.359393126214792
"_CATGCTCTCAGTCAGT-5","Glut-DACH2-LMANco","Ex_SATB2_SOX6",0.429505856771904
"_CATGGATGTTCAATCG-5","Glut-DACH2-LMANco","Ex_SATB2_SOX6",0.403442376468772
"_CATGGTAGTATGGGAC-5","Glut-DACH2-LMANco","Ex_DACH2_CEMIP",0.338059976488883
"_CATGGTATCCAAATGC-5","Glut-DACH2-8","Ex_DACH2_ZMAT4",0.550057860209439
"_CATGGTATCTTCTGTA-5","Glut-DACH2-LMANco","Ex_DACH2_ZMAT4",0.402035138497139
"_CATTCATCATCTTTCA-5","Glut-DACH2-6","Ex_DACH2_CEMIP",0.635781276738393
"_CATTCATGTTACGTAC-5","Glut-DACH2-LMANco","Ex_DACH2_ZMAT4",0.409558974753638
"_CATTCATTCGGACAAG-5","Glut-DACH2-LMANco","Ex_DACH2_ZMAT4",0.423282679943713
"_CATTCATTCGGTCATA-5","Glut-DACH2-8","Ex_DACH2_ZMAT4",0.594298991166712
"_CATTCCGGTTGTATGC-5","Glut-DACH2-LMANco","Ex_SATB2_SOX6",0.404290431773784
"_CATTCCGTCACGGACC-5","Glut-DACH2-8","Ex_DACH2_ZMAT4",0.519916813666318
"_CATTCTACATCGCTAA-5","Glut-DACH2-LMANco","Ex_DACH2_ZMAT4",0.294724774055007
"_CATTCTAGTCCCACGA-5","Glut-DACH2-6","Ex_DACH2_CEMIP",0.376829555906016
"_CATTCTAGTTGTCTAG-5","Glut-DACH2-8","Ex_DACH2_ZMAT4",0.617786793366649
"_CATTCTATCACACCGG-5","Glut-DACH2-LMANsh","Ex_DACH2_LHX2",0.465894679687855
"_CATTGAGAGGGAGGCA-5","Glut-DACH2-LMANco","Ex_DACH2_ZMAT4",0.596062103590183
"_CATTGAGTCGCGCCAA-5","Glut-DACH2-LMANco","Ex_SATB2_SOX6",0.442654117317454
"_CATTGCCAGACTAGAT-5","Glut-DACH2-LMANsh","Ex_DACH2_LHX2",0.255889321113097
"_CATTGCCAGTGGATTA-5","Glut-DACH2-LMANco","Ex_DACH2_ZMAT4",0.493884960844379
"_CATTGCCTCAAGCCCG-5","Glut-DACH2-LMANsh","Ex_DACH2_ADAMTS5",0.270594510533622
"_CATTGTTAGGTGCATG-5","Glut-DACH2-LMANsh","Ex_DACH2_LHX2",0.417471023142932
"_CATTGTTCACGGTGCT-5","Glut-DACH2-LMANsh","Ex_DACH2_LHX2",0.518864985070564
"_CATTGTTTCCATCTAT-5","Glut-DACH2-LMANco","Ex_DACH2_ZMAT4",0.49537844803466
"_CATTTCAGTTTAGACC-5","Glut-DACH2-LMANco","Ex_DACH2_ZMAT4",0.272291239036001
"_CCAAGCGTCTTCCCAG-5","Glut-DACH2-6","Ex_DACH2_CEMIP",0.392381446182091
"_CCAATGAAGCCAGAGT-5","Glut-DACH2-LMANco","Ex_DACH2_ZMAT4",0.483388104792544
"_CCAATTTAGGAAAGTG-5","Glut-DACH2-8","Ex_DACH2_ZMAT4",0.544314998315977
"_CCACAAACAAAGACTA-5","Glut-DACH2-LMANsh","Ex_DACH2_LHX2",0.320679327072125
"_CCACACTGTGCTGATT-5","Glut-DACH2-5","Ex_DACH2_LHX2",0.28539285157559
"_CCACACTGTGTTGATC-5","Glut-DACH2-LMANsh","Ex_DACH2_LHX2",0.265541266218259
"_CCACACTTCGTAACTG-5","Glut-DACH2-LMANco","Ex_SATB2_SOX6",0.422424776776849
"_CCACCATAGGGTCTTT-5","Glut-DACH2-LMANco","Ex_DACH2_ZMAT4",0.398666907367648
"_CCACCATTCTCGGGAC-5","Glut-DACH2-8","Ex_DACH2_ZMAT4",0.528106797195443
"_CCACGAGGTATGCTTG-5","Glut-DACH2-LMANco","Ex_DACH2_ZMAT4",0.3293707222451
"_CCACGTTAGGTCCAGA-5","Glut-DACH2-LMANsh","Ex_DACH2_ADAMTS5",0.456436231889878
"_CCACGTTCAATAGGAT-5","Glut-DACH2-8","Ex_DACH2_ZMAT4",0.610636708533968
"_CCACTTGAGACATAAC-5","Glut-DACH2-LMANsh","Ex_DACH2_LHX2",0.392329575965487
"_CCACTTGCAAGACTGG-5","Glut-DACH2-LMANco","Ex_DACH2_ZMAT4",0.511117998643267
"_CCACTTGCATACCATG-5","Glut-DACH2-8","Ex_DACH2_ZMAT4",0.538140592795939
"_CCACTTGTCACGACTA-5","Glut-DACH2-LMANco","Ex_SATB2_SOX6",0.41580905708555
"_CCATAAGAGAAATCCA-5","Glut-DACH2-6","Ex_DACH2_CEMIP",0.663661012295255
"_CCATAAGTCACAGTGT-5","Glut-DACH2-6","Ex_DACH2_CEMIP",0.489472958766164
"_CCATAAGTCCCGAACG-5","Glut-DACH2-LMANsh","Ex_DACH2_LHX2",0.514208146126106
"_CCATCACCATCTTTCA-5","Glut-DACH2-LMANsh","Ex_DACH2_LHX2",0.413513037383355
"_CCATCACGTACGCTTA-5","Glut-DACH2-LMANsh","Ex_DACH2_LHX2",0.362341222258846
"_CCCAACTTCCGAGGCT-5","Glut-DACH2-8","Ex_DACH2_ZMAT4",0.623096653966676
"_CCCATTGAGAAGTATC-5","Glut-DACH2-LMANsh","Ex_DACH2_LHX2",0.479991697072545
"_CCCATTGCAAGATCCT-5","Glut-DACH2-LMANco","Ex_DACH2_ZMAT4",0.380443990049845
"_CCCATTGTCGGCTCTT-5","Glut-DACH2-8","Ex_DACH2_ZMAT4",0.546779058923648
"_CCCGAAGAGACCAAAT-5","Glut-DACH2-LMANco","Ex_SATB2_SOX6",0.326243989801733
"_CCCGAAGGTACTCGAT-5","Glut-DACH2-LMANsh","Ex_DACH2_ADAMTS5",0.266546330993774
"_CCCGAAGGTCTGCAAT-5","Glut-DACH2-LMANsh","Ex_DACH2_ADAMTS5",0.242442469847986
"_CCCGAAGGTTTCGATG-5","Glut-DACH2-6","Ex_DACH2_CEMIP",0.381938391549537
"_CCCGGAACATAAGCGG-5","Glut-DACH2-LMANco","Ex_DACH2_ZMAT4",0.446086325344373
"_CCCGGAAGTGACTGTT-5","Glut-DACH2-LMANsh","Ex_DACH2_GRIK4",0.250394940694019
"_CCCGGAATCAGCGGAA-5","Glut-DACH2-6","Ex_DACH2_ZMAT4",0.458913795617059
"_CCCGGAATCGTCAAAC-5","Glut-DACH2-LMANco","Ex_DACH2_ZMAT4",0.34989665944489
"_CCCTAACAGCTAGAGC-5","Glut-DACH2-LMANsh","Ex_DACH2_LHX2",0.443830380886251
"_CCCTAACCAATACAGA-5","Glut-DACH2-LMANsh","Ex_DACH2_LHX2",0.538463559662746
"_CCCTCAACATCCTGTC-5","Glut-DACH2-8","Ex_DACH2_ZMAT4",0.494607562698598
"_CCCTCAATCCAAATGC-5","Glut-DACH2-LMANsh","Ex_DACH2_GRIK4",0.31608738987852
"_CCCTCTCCAAGGCAAC-5","Glut-DACH2-LMANco","Ex_DACH2_ZMAT4",0.609299334187579
"_CCCTCTCGTTTGGAGG-5","Glut-DACH2-LMANco","Ex_DACH2_ZMAT4",0.47616910261455
"_CCCTCTCTCAGCTTGA-5","Glut-DACH2-LMANco","Ex_SATB2_SOX6",0.456256636087355
"_CCCTGATAGACATAAC-5","Glut-DACH2-LMANco","Ex_DACH2_ZMAT4",0.272796157762343
"_CCCTGATGTAGATTAG-5","Glut-DACH2-LMANsh","Ex_DACH2_ADAMTS5",0.25873137876219
"_CCCTGATTCAAATGAG-5","Glut-DACH2-8","Ex_DACH2_ZMAT4",0.620555366521108
"_CCCTTAGAGGAAAGGT-5","Glut-DACH2-LMANsh","Ex_DACH2_ADAMTS5",0.269595005060276
"_CCCTTAGGTGTTAGCT-5","Glut-DACH2-LMANsh","Ex_DACH2_GRIK4",0.214894228379014
"_CCGAACGAGTGTTCAC-5","Glut-DACH2-LMANco","Ex_SATB2_SOX6",0.426675936393669
"_CCGAACGCATTGCCTC-5","Glut-DACH2-8","Ex_DACH2_ZMAT4",0.607240456700039
"_CCGATCTAGATCGCCC-5","Glut-DACH2-7","Ex_DACH2_GRIK4",0.284688628573771
"_CCGATCTCAGGCGATA-5","Glut-DACH2-5","Ex_DACH2_LHX2",0.472892155449601
"_CCGATCTCATTGCAAC-5","Glut-DACH2-LMANco","Ex_SATB2_SOX6",0.235870133230245
"_CCGCAAGCATTGCCGG-5","Glut-DACH2-5","Ex_DACH2_LHX2",0.443148008929819
"_CCGCAAGTCTTGTGCC-5","Glut-DACH2-5","Ex_DACH2_LHX2",0.362664010028374
"_CCGGACATCGGCCTTT-5","Glut-DACH2-LMANco","Ex_SATB2_SOX6",0.334993180295945
"_CCGGGTAAGTCATGCT-5","Glut-DACH2-7","Ex_DACH2_GRIK4",0.21724920312552
"_CCGGGTACAAATACGA-5","Glut-DACH2-8","Ex_DACH2_ZMAT4",0.481500898842842
"_CCGGGTATCAACGCTA-5","Glut-DACH2-LMANsh","Ex_DACH2_ADAMTS5",0.352388329250096
"_CCGGGTATCGAGCACC-5","Glut-DACH2-8","Ex_DACH2_ZMAT4",0.633989805363062
"_CCGGGTATCGCAACAT-5","Glut-DACH2-8","Ex_DACH2_ZMAT4",0.515864992431045
"_CCGGTAGGTAGGAAAG-5","Glut-DACH2-8","Ex_DACH2_ZMAT4",0.492821867252915
"_CCGGTAGGTGACGCCT-5","Glut-DACH2-LMANsh","Ex_DACH2_LHX2",0.522313182582746
"_CCGGTAGGTGGCTTAT-5","Glut-DACH2-LMANsh","Ex_DACH2_ADAMTS5",0.285180477878136
"_CCGGTGACATCGATAC-5","Glut-DACH2-7","Ex_DACH2_MGAT4C",0.301832907546006
"_CCGGTGAGTCGCGTCA-5","Glut-DACH2-LMANsh","Ex_DACH2_LHX2",0.424068848197986
"_CCGTGAGTCCCTCTCC-5","Glut-DACH2-LMANco","Ex_SATB2_SOX6",0.373068676143506
"_CCGTGAGTCTGTGCTC-5","Glut-DACH2-5","Ex_DACH2_LHX2",0.476323861535732
"_CCGTTCAAGGTTTACC-5","Glut-DACH2-LMANco","Ex_SATB2_SOX6",0.386394614975338
"_CCGTTCAAGTGCCCGT-5","Glut-DACH2-LMANsh","Ex_DACH2_LHX2",0.515077805152556
"_CCGTTCACACGTAGTT-5","Glut-DACH2-LMANsh","Ex_DACH2_LHX2",0.425109269100148
"_CCGTTCATCGGTTAGT-5","Glut-DACH2-8","Ex_DACH2_ZMAT4",0.695748019100771
"_CCGTTCATCTCTATAC-5","Glut-DACH2-LMANsh","Ex_DACH2_ADAMTS5",0.489334337367399
"_CCTAACCAGGTTCTAC-5","Glut-DACH2-6","Ex_DACH2_CEMIP",0.372333683150178
"_CCTAACCGTAACATGA-5","Glut-DACH2-LMANsh","Ex_DACH2_LHX2",0.417129328952363
"_CCTAACCTCCATCTGC-5","Glut-DACH2-LMANco","Ex_SATB2_SOX6",0.414912647077262
"_CCTAACCTCGGTAAGG-5","Glut-DACH2-6","Ex_DACH2_CEMIP",0.375303534396647
"_CCTAAGAAGATGAATC-5","Glut-DACH2-LMANsh","Ex_DACH2_LHX2",0.434434775296716
"_CCTAAGATCTAGTACG-5","Glut-DACH2-6","Ex_DACH2_CEMIP",0.41249166176562
"_CCTACGTAGGTGCTTT-5","Glut-DACH2-8","Ex_DACH2_CEMIP",0.229897127942643
"_CCTCAACAGCACAAAT-5","Glut-DACH2-LMANsh","Ex_DACH2_LHX2",0.488544944375264
"_CCTCAACAGCGCCTTG-5","Glut-DACH2-LMANsh","Ex_DACH2_LHX2",0.318822557329185
"_CCTCAACTCCCTCTAG-5","Glut-DACH2-LMANsh","Ex_DACH2_ZMAT4",0.358319902818376
"_CCTCACAGTGCATTAC-5","Glut-DACH2-8","Ex_DACH2_ZMAT4",0.619567820129627
"_CCTCACATCCGCACTT-5","Glut-DACH2-LMANsh","Ex_DACH2_LHX2",0.361175357099096
"_CCTCAGTAGGTTGTTC-5","Glut-DACH2-LMANsh","Ex_DACH2_LHX2",0.509852097985522
"_CCTCAGTTCGACCAAT-5","Glut-DACH2-8","Ex_DACH2_ZMAT4",0.615215233260814
"_CCTCCAACAACTTCTT-5","Glut-DACH2-8","Ex_DACH2_ZMAT4",0.579902675772032
"_CCTCCTCAGGTACCTT-5","Glut-DACH2-LMANsh","Ex_DACH2_LHX2",0.424528691784288
"_CCTCCTCAGTGGCCTC-5","Glut-DACH2-6","Ex_DACH2_CEMIP",0.37792607213413
"_CCTCCTCTCTCATGGA-5","Glut-DACH2-LMANsh","Ex_DACH2_LHX2",0.408105169394467
"_CCTCTAGCAACTGAAA-5","Glut-DACH2-6","Ex_DACH2_CEMIP",0.448929751240167
"_CCTCTAGGTCGGATTT-5","Glut-DACH2-8","Ex_DACH2_ZMAT4",0.47305138901408
"_CCTGCATAGTAACGTA-5","Glut-DACH2-LMANco","Ex_SATB2_SOX6",0.421786954836319
"_CCTGCATCATAGTCAC-5","Glut-DACH2-LMANsh","Ex_DACH2_ADAMTS5",0.291554191308759
"_CCTGCATTCCAAATGC-5","Glut-DACH2-LMANsh","Ex_DACH2_ADAMTS5",0.334857461001196
"_CCTGTTGAGAAGAACG-5","Glut-DACH2-5","Ex_DACH2_GRIK4",0.268407852452102
"_CCTGTTGCAATCAAGA-5","Glut-DACH2-LMANco","Ex_SATB2_SOX6",0.357578468397589
"_CCTTCAGCACAATTCG-5","Glut-DACH2-LMANco","Ex_DACH2_ZMAT4",0.435025439975766
"_CCTTCAGCAGATCACT-5","Glut-DACH2-6","Ex_DACH2_CEMIP",0.437916620912484
"_CCTTTGGCAATTGCTG-5","Glut-DACH2-LMANsh","Ex_DACH2_LHX2",0.425586452204324
"_CGAAGGATCTGATTCT-5","Glut-DACH2-LMANsh","Ex_DACH2_ADAMTS5",0.316012461356326
"_CGAAGTTCAAGACGAC-5","Glut-DACH2-LMANco","Ex_DACH2_ZMAT4",0.509646676610786
"_CGAAGTTCATGTGGTT-5","Glut-DACH2-8","Ex_DACH2_ZMAT4",0.628372639947883
"_CGAATTGGTAGACGTG-5","Glut-DACH2-LMANsh","Ex_DACH2_LHX2",0.45666181154315
"_CGACAGCAGGTCTGGA-5","Glut-DACH2-LMANco","Ex_SATB2_SOX6",0.446390977650372
"_CGACAGCAGGTTAAAC-5","Glut-DACH2-LMANco","Ex_SATB2_SOX6",0.429175189690376
"_CGACAGCCAGAATTCC-5","Glut-DACH2-8","Ex_DACH2_ZMAT4",0.641580320232076
"_CGAGAAGAGTCGAAAT-5","Glut-DACH2-LMANco","Ex_DACH2_ZMAT4",0.528077635906439
"_CGAGAAGGTTCTCCTG-5","Glut-DACH2-6","Ex_DACH2_CEMIP",0.391977089094079
"_CGAGAAGTCAAGCCAT-5","Glut-DACH2-LMANsh","Ex_DACH2_LHX2",0.36729407707939
"_CGAGGAACATCTGGGC-5","Glut-DACH2-LMANsh","Ex_DACH2_ADAMTS5",0.297567346376723
"_CGAGGAAGTTCGAAGG-5","Glut-DACH2-LMANsh","Ex_DACH2_LHX2",0.255016531443431
"_CGAGGCTGTCACATTG-5","Glut-DACH2-8","Ex_DACH2_ZMAT4",0.55577955639448
"_CGAGGCTTCCCAGTGG-5","Glut-DACH2-8","Ex_DACH2_ZMAT4",0.456684425291635
"_CGAGGCTTCGCCGATG-5","Glut-DACH2-8","Ex_DACH2_ZMAT4",0.591239869123613
"_CGAGTGCAGAAGCCTG-5","Glut-DACH2-LMANco","Ex_DACH2_CEMIP",0.271871794621345
"_CGAGTGCAGGGAGGCA-5","Glut-DACH2-LMANco","Ex_DACH2_ZMAT4",0.458447136037404
"_CGAGTGCAGGTTACAA-5","Glut-DACH2-LMANsh","Ex_DACH2_LHX2",0.276277522053296
"_CGAGTGCGTACGTGAG-5","Glut-DACH2-8","Ex_DACH2_ZMAT4",0.510944981438608
"_CGAGTGCGTTGGGTTT-5","Glut-DACH2-6","Ex_DACH2_CEMIP",0.38735830507198
"_CGAGTTACACCTGCGA-5","Glut-DACH2-6","Ex_DACH2_CEMIP",0.521371976815127
"_CGAGTTACATTGGATC-5","Glut-DACH2-LMANsh","Ex_DACH2_LHX2",0.362573132744879
"_CGAGTTATCCGATGCG-5","Glut-DACH2-6","Ex_DACH2_ZMAT4",0.428463345274908
"_CGATGCGAGGTGCAGT-5","Glut-DACH2-LMANsh","Ex_DACH2_LHX2",0.505490754143474
"_CGATGGCTCGGCATCG-5","Glut-DACH2-8","Ex_DACH2_ZMAT4",0.446667950854685
"_CGCAGGTTCCACTTCG-5","Glut-DACH2-8","Ex_DACH2_ZMAT4",0.638202141872281
"_CGCATAAGTGTCATCA-5","Glut-DACH2-LMANco","Ex_DACH2_CEMIP",0.290906378424824
"_CGCATGGCACAAAGCG-5","Glut-DACH2-5","Ex_DACH2_ADAMTS5",0.319069477903243
"_CGCATGGCATATCGGT-5","Glut-DACH2-8","Ex_DACH2_ZMAT4",0.519654749835825
"_CGCATGGGTTGGCTAT-5","Glut-DACH2-LMANsh","Ex_DACH2_LHX2",0.455624136387647
"_CGCATGGTCACAAGAA-5","Glut-DACH2-LMANsh","Ex_DACH2_ADAMTS5",0.473686487856476
"_CGCATGGTCCGCCTAT-5","Glut-DACH2-LMANsh","Ex_DACH2_ADAMTS5",0.4077857459352
"_CGCCAGAAGACGCCAA-5","Glut-DACH2-LMANsh","Ex_DACH2_LHX2",0.457266477860065
"_CGCCAGACAGTAGATA-5","Glut-DACH2-LMANsh","Ex_DACH2_LHX2",0.482756014166098
"_CGCCATTGTCCCTGTT-5","Glut-DACH2-LMANsh","Ex_DACH2_LHX2",0.290408660716094
"_CGCCATTGTCTGATAC-5","Glut-DACH2-LMANsh","Ex_DACH2_LHX2",0.308397595488539
"_CGGAACCCAAAGGAGA-5","Glut-DACH2-LMANsh","Ex_DACH2_LHX2",0.35900263607802
"_CGGAACCGTAGATTGA-5","Glut-DACH2-LMANsh","Ex_DACH2_LHX2",0.377870253581342
"_CGGAACCTCGTTATCT-5","Glut-DACH2-LMANco","Ex_DACH2_ZMAT4",0.288036067234921
"_CGGAATTGTAAGGCTG-5","Glut-DACH2-LMANsh","Ex_DACH2_GRIK4",0.2268376147167
"_CGGAATTTCCATACTT-5","Glut-DACH2-LMANsh","Ex_DACH2_GRIK4",0.278826111580889
"_CGGACACGTATGGTAA-5","Glut-DACH2-LMANco","Ex_DACH2_ZMAT4",0.339539324925141
"_CGGAGAAGTCCTTAAG-5","Glut-DACH2-LMANco","Ex_DACH2_CEMIP",0.300047624473694
"_CGGAGAATCATGGGAG-5","Glut-DACH2-8","Ex_DACH2_ZMAT4",0.309021210469508
"_CGGAGAATCTGATTCT-5","Glut-DACH2-8","Ex_DACH2_ZMAT4",0.642603894911358
"_CGGCAGTCAGAATTCC-5","Glut-DACH2-LMANco","Ex_DACH2_ZMAT4",0.342731415515455
"_CGGGACTCATGTGCCG-5","Glut-DACH2-LMANco","Ex_DACH2_ZMAT4",0.499784536239398
"_CGGGCATCACTGATTG-5","Glut-DACH2-LMANsh","Ex_DACH2_LHX2",0.390465995532088
"_CGGGCATGTTCCATTT-5","Glut-DACH2-6","Ex_DACH2_CEMIP",0.470439361281494
"_CGGGCATGTTGGAGAC-5","Glut-DACH2-LMANsh","Ex_DACH2_LHX2",0.293174248144529
"_CGGGTCAGTGAGATAT-5","Glut-DACH2-8","Ex_DACH2_ZMAT4",0.498155846642586
"_CGGGTCATCACCGGGT-5","Glut-DACH2-LMANco","Ex_DACH2_ZMAT4",0.378282467870572
"_CGGTCAGAGCCTGACC-5","Glut-DACH2-LMANco","Ex_DACH2_ZMAT4",0.459094092661982
"_CGTAAGTTCCATTGTT-5","Glut-DACH2-LMANco","Ex_DACH2_ZMAT4",0.219035527228819
"_CGTAAGTTCGTTCCTG-5","Glut-DACH2-LMANco","Ex_SATB2_SOX6",0.373417098791655
"_CGTAATGCAGGCGATA-5","Glut-DACH2-LMANco","Ex_DACH2_CEMIP",0.416670566994152
"_CGTAGTAAGCTCATAC-5","Glut-DACH2-6","Ex_DACH2_CEMIP",0.380379250067401
"_CGTAGTAGTGTGATGG-5","Glut-DACH2-LMANsh","Ex_DACH2_LHX2",0.517639137856628
"_CGTAGTATCCTATTTG-5","Glut-DACH2-8","Ex_DACH2_ZMAT4",0.596104405050993
"_CGTCAAACAGCTGTCG-5","Glut-DACH2-LMANsh","Ex_DACH2_LHX2",0.270535665822862
"_CGTCAAACAGTTGTTG-5","Glut-DACH2-LMANco","Ex_SATB2_SOX6",0.402726263595399
"_CGTCAAAGTAAGTCAA-5","Glut-DACH2-6","Ex_DACH2_ZMAT4",0.452240300843093
"_CGTGAATTCTCGGCTT-5","Glut-DACH2-LMANco","Ex_DACH2_ZMAT4",0.46448206418236
"_CGTGATACACTCTAGA-5","Glut-DACH2-6","Ex_DACH2_ZMAT4",0.418696314311624
"_CGTGATAGTTGTTGTG-5","Glut-DACH2-8","Ex_DACH2_ZMAT4",0.573833294126583
"_CGTGTCTAGATCGCTT-5","Glut-DACH2-6","Ex_DACH2_ZMAT4",0.411042584151559
"_CGTGTCTAGGTCGTGA-5","Glut-DACH2-LMANco","Ex_DACH2_ZMAT4",0.502556208785959
"_CGTGTCTCATCCGGTG-5","Glut-DACH2-7","Ex_DACH2_NR4A3",0.461581737699279
"_CGTGTCTGTAGAATGT-5","Glut-DACH2-LMANco","Ex_DACH2_ZMAT4",0.509694231390405
"_CGTGTCTTCCTTGACC-5","Glut-DACH2-1","Ex_DACH2_LHX2",0.446678190924074
"_CGTTAGACATCTCATT-5","Glut-DACH2-8","Ex_DACH2_ZMAT4",0.538388091644618
"_CGTTCTGGTCCCGCAA-5","Glut-DACH2-LMANco","Ex_DACH2_ZMAT4",0.521358088903289
"_CGTTCTGTCCACTGAA-5","Glut-DACH2-LMANco","Ex_SATB2_SOX6",0.308242209351875
"_CGTTGGGAGATTAGCA-5","Glut-DACH2-LMANsh","Ex_DACH2_LHX2",0.483619367003749
"_CGTTGGGGTACCAATC-5","Glut-DACH2-LMANco","Ex_SATB2_SOX6",0.421039692686312
"_CGTTGGGGTGCCCAGT-5","Glut-DACH2-6","Ex_DACH2_CEMIP",0.353829461210891
"_CGTTGGGGTTGAGGAC-5","Glut-DACH2-8","Ex_DACH2_ZMAT4",0.540218365510374
"_CGTTGGGTCAAGAAAC-5","Glut-DACH2-6","Ex_DACH2_CEMIP",0.392716910952658
"_CGTTGGGTCACCGACG-5","Glut-DACH2-LMANsh","Ex_DACH2_ADAMTS5",0.497145815881208
"_CGTTGGGTCACTAGCA-5","Glut-DACH2-LMANco","Ex_DACH2_ZMAT4",0.403199987910639
"_CGTTGGGTCTGGCTGG-5","Glut-DACH2-LMANco","Ex_DACH2_ZMAT4",0.353599667304108
"_CTAACCCAGGTATAGT-5","Glut-DACH2-LMANsh","Ex_DACH2_LHX2",0.543663676155308
"_CTAACTTCAAACTCGT-5","Glut-DACH2-LMANco","Ex_SATB2_SOX6",0.408536151081997
"_CTAACTTCATCGATGT-5","Glut-DACH2-LMANco","Ex_DACH2_ZMAT4",0.246076351889832
"_CTAAGTGGTGGGCTCT-5","Glut-DACH2-LMANco","Ex_DACH2_ZMAT4",0.517173870294185
"_CTACAGAGTTCGGCTG-5","Glut-DACH2-LMANsh","Ex_DACH2_LHX2",0.377278947712663
"_CTACAGAGTTTACGAC-5","Glut-DACH2-LMANsh","Ex_DACH2_LHX2",0.440104581161669
"_CTACAGAGTTTCACTT-5","Glut-DACH2-5","Ex_DACH2_LHX2",0.497434585352943
"_CTACAGATCGATGGAG-5","Glut-DACH2-LMANsh","Ex_DACH2_LHX2",0.470543449788096
"_CTACATTAGCGGATCA-5","Glut-DACH2-5","Ex_DACH2_LHX2",0.435444393182
"_CTACATTGTTACCCAA-5","Glut-DACH2-8","Ex_DACH2_ZMAT4",0.592245413847489
"_CTACCCACAACACAAA-5","Glut-DACH2-6","Ex_DACH2_ZMAT4",0.477755800976072
"_CTACCCACATCATGAC-5","Glut-DACH2-8","Ex_DACH2_ZMAT4",0.604846628411133
"_CTACCCACATCCCACT-5","Glut-DACH2-LMANco","Ex_DACH2_ZMAT4",0.334090522175079
"_CTACCTGGTTGGACTT-5","Glut-DACH2-LMANsh","Ex_DACH2_LHX2",0.416380545064274
"_CTACGGGAGGGCTTCC-5","Glut-DACH2-8","Ex_DACH2_ZMAT4",0.610959192857948
"_CTACTATAGCCTGTGC-5","Glut-DACH2-LMANsh","Ex_DACH2_LHX2",0.395269392908506
"_CTACTATCACGGAAGT-5","Glut-DACH2-LMANco","Ex_DACH2_ZMAT4",0.45547933918742
"_CTACTATGTCTGATCA-5","Glut-DACH2-LMANco","Ex_DACH2_ZMAT4",0.356780516302318
"_CTACTATTCTAGACAC-5","Glut-DACH2-6","Ex_DACH2_CEMIP",0.486550538848294
"_CTAGACACACGTACTA-5","Glut-DACH2-LMANco","Ex_DACH2_ZMAT4",0.501202515223262
"_CTAGACACAGCTCATA-5","Glut-DACH2-8","Ex_DACH2_ZMAT4",0.632909804113831
"_CTAGACATCGCATGAT-5","Glut-DACH2-8","Ex_DACH2_ZMAT4",0.63508845449862
"_CTAGGTATCCCTGTTG-5","Glut-DACH2-LMANco","Ex_DACH2_ZMAT4",0.508980021470199
"_CTAGGTATCGAGAATA-5","Glut-DACH2-8","Ex_DACH2_ZMAT4",0.539624939461139
"_CTATAGGTCCACGTAA-5","Glut-DACH2-LMANco","Ex_SATB2_SOX6",0.514222731159312
"_CTATCCGTCGGCCAAC-5","Glut-DACH2-LMANsh","Ex_DACH2_LHX2",0.559667560592662
"_CTATCTAAGAACTGAT-5","Glut-DACH2-LMANco","Ex_DACH2_CEMIP",0.257521329375382
"_CTATCTAGTGAACCGA-5","Glut-DACH2-LMANco","Ex_DACH2_ZMAT4",0.580259218303059
"_CTCAACCAGATGGCAC-5","Glut-DACH2-6","Ex_DACH2_CEMIP",0.655358653982231
"_CTCAACCAGTTCCGGC-5","Glut-DACH2-LMANsh","Ex_DACH2_ADAMTS5",0.345308327946139
"_CTCAACCCAGGAAGTC-5","Glut-DACH2-LMANsh","Ex_DACH2_LHX2",0.538492892544767
"_CTCAACCCATGACTCA-5","Glut-DACH2-LMANsh","Ex_DACH2_ADAMTS5",0.436025164018308
"_CTCAACCGTCTTGAGT-5","Glut-DACH2-LMANsh","Ex_DACH2_LHX2",0.468608546054071
"_CTCAACCGTTTGGGAG-5","Glut-DACH2-LMANco","Ex_DACH2_ZMAT4",0.35729518984458
"_CTCAAGAAGTGGAAGA-5","Glut-DACH2-6","Ex_DACH2_CEMIP",0.507688441095994
"_CTCAAGACACAGCGCT-5","Glut-DACH2-LMANsh","Ex_DACH2_ADAMTS5",0.258467786837129
"_CTCAAGATCTGCATAG-5","Glut-DACH2-LMANsh","Ex_DACH2_LHX2",0.438470404476357
"_CTCAATTAGGACAGCT-5","Glut-DACH2-8","Ex_DACH2_ZMAT4",0.454458742513393
"_CTCAATTGTAAGTTGA-5","Glut-DACH2-LMANsh","Ex_DACH2_LHX2",0.504566792200422
"_CTCAATTGTCAGGCAA-5","Glut-DACH2-LMANco","Ex_SATB2_SOX6",0.401984752241121
"_CTCACTGAGTCACTAC-5","Glut-DACH2-LMANco","Ex_SATB2_SOX6",0.375923087536505
"_CTCACTGGTCCAGCGT-5","Glut-DACH2-LMANco","Ex_SATB2_SOX6",0.351059684434767
"_CTCACTGTCCTTATCA-5","Glut-DACH2-5","Ex_DACH2_LHX2",0.481082265782399
"_CTCAGAAAGGACTGGT-5","Glut-DACH2-LMANsh","Ex_DACH2_LHX2",0.398035879561368
"_CTCAGAATCGCCAATA-5","Glut-DACH2-6","Ex_DACH2_ZMAT4",0.413307555919524
"_CTCAGGGCATCTCATT-5","Glut-DACH2-5","Ex_DACH2_LHX2",0.520174505904216
"_CTCAGGGCATGTCGTA-5","Glut-DACH2-6","Ex_DACH2_CEMIP",0.506965652231957
"_CTCAGTCTCGCTCCTA-5","Glut-DACH2-LMANsh","Ex_DACH2_LHX2",0.403613813950658
"_CTCATCGAGCTATCCA-5","Glut-DACH2-LMANco","Ex_DACH2_ZMAT4",0.390875172812249
"_CTCATTAAGCATCCCG-5","Glut-DACH2-LMANsh","Ex_DACH2_LHX2",0.424377713952945
"_CTCATTAAGCTTGTGT-5","Glut-DACH2-8","Ex_DACH2_ZMAT4",0.639324707587973
"_CTCATTATCGCCGATG-5","Glut-DACH2-LMANsh","Ex_DACH2_GRIK4",0.260581259026323
"_CTCCACATCGTTCATT-5","Glut-DACH2-6","Ex_DACH2_CEMIP",0.429937508028879
"_CTCCATGAGCTAGAAT-5","Glut-DACH2-6","Ex_DACH2_CEMIP",0.447986124526041
"_CTCCATGGTGTTAGCT-5","Glut-DACH2-LMANco","Ex_DACH2_ZMAT4",0.372471933655404
"_CTCCCAACAAGGTCTT-5","Glut-DACH2-6","Ex_DACH2_ZMAT4",0.470973543018053
"_CTCCCTCAGCAAGGAA-5","Glut-DACH2-LMANco","Ex_DACH2_ZMAT4",0.375914278490447
"_CTCCCTCCAAAGCTCT-5","Glut-DACH2-6","Ex_DACH2_CEMIP",0.459203868286424
"_CTCCCTCCAAAGGGTC-5","Glut-DACH2-LMANsh","Ex_DACH2_ZMAT4",0.567767250855032
"_CTCCCTCCATGACCCG-5","Glut-DACH2-5","Ex_DACH2_ADAMTS5",0.327892554465551
"_CTCCCTCGTCACAATC-5","Glut-DACH2-8","Ex_DACH2_ZMAT4",0.505521964742618
"_CTCCCTCTCCTACCAC-5","Glut-DACH2-8","Ex_DACH2_ZMAT4",0.576308592719675
"_CTCCGATAGTCAGGGT-5","Glut-DACH2-LMANsh","Ex_DACH2_LHX2",0.347902427747402
"_CTCCGATGTATCGTAC-5","Glut-DACH2-LMANsh","Ex_DACH2_LHX2",0.359984114836437
"_CTCCGATGTCTTCATT-5","Glut-DACH2-LMANco","Ex_SATB2_SOX6",0.407744622251639
"_CTCCTTTAGGGTCAAC-5","Glut-DACH2-8","Ex_DACH2_ZMAT4",0.506058882591929
"_CTCCTTTAGGTAGGCT-5","Glut-DACH2-LMANsh","Ex_DACH2_GRIK4",0.337410848791907
"_CTCCTTTAGTACCATC-5","Glut-DACH2-LMANco","Ex_DACH2_CEMIP",0.306702291259891
"_CTCGAGGCAAATGAGT-5","Glut-DACH2-LMANsh","Ex_DACH2_LHX2",0.357979269402613
"_CTCGAGGCAACTACGT-5","Glut-DACH2-6","Ex_DACH2_ZMAT4",0.396961880574536
"_CTCTCAGAGAAAGTCT-5","Glut-DACH2-LMANco","Ex_SATB2_SOX6",0.386284796051829
"_CTCTCAGAGTCCCGGT-5","Glut-DACH2-8","Ex_DACH2_ZMAT4",0.618572006311996
"_CTCTCAGGTCCACGCA-5","Glut-DACH2-LMANco","Ex_DACH2_ZMAT4",0.349045320939234
"_CTCTCGACACAGTCCG-5","Glut-DACH2-LMANsh","Ex_DACH2_LHX2",0.326901295316629
"_CTCTCGACAGACAAAT-5","Glut-DACH2-8","Ex_DACH2_ZMAT4",0.356849557407711
"_CTCTCGAGTAGATTAG-5","Glut-DACH2-6","Ex_DACH2_CEMIP",0.401362383513989
"_CTCTCGAGTGCAGGAT-5","Glut-DACH2-LMANsh","Ex_DACH2_LHX2",0.521788673348432
"_CTGAATGCAACTTCTT-5","Glut-DACH2-LMANsh","Ex_DACH2_GRIK4",0.208085695758804
"_CTGAATGGTAATACCC-5","Glut-DACH2-8","Ex_DACH2_ZMAT4",0.61892154626987
"_CTGAATGGTTCAAAGA-5","Glut-DACH2-LMANsh","Ex_DACH2_LHX2",0.459623124586746
"_CTGAGCGCAAACCACT-5","Glut-DACH2-LMANsh","Ex_DACH2_LHX2",0.327100056445706
"_CTGAGCGGTCGAACAG-5","Glut-DACH2-LMANco","Ex_DACH2_ZMAT4",0.577623903846941
"_CTGAGCGGTCTGGTTA-5","Glut-DACH2-8","Ex_DACH2_ZMAT4",0.432161137812021
"_CTGAGCGGTTGCGAAG-5","Glut-DACH2-LMANco","Ex_DACH2_ZMAT4",0.419254498357617
"_CTGAGGCTCAGAGTGG-5","Glut-DACH2-LMANco","Ex_DACH2_ZMAT4",0.285612739326497
"_CTGAGGCTCGCTATTT-5","Glut-DACH2-6","Ex_DACH2_ZMAT4",0.503532500957886
"_CTGAGGCTCTTACGGA-5","Glut-DACH2-6","Ex_DACH2_CEMIP",0.4592201288443
"_CTGATCCCATGACACT-5","Glut-DACH2-LMANco","Ex_SATB2_SOX6",0.337644325732213
"_CTGATCCTCTCATGGA-5","Glut-DACH2-LMANco","Ex_DACH2_ZMAT4",0.356600929219626
"_CTGCAGGAGGGAGTTC-5","Glut-DACH2-8","Ex_DACH2_ZMAT4",0.603513294478645
"_CTGCATCGTACGTACT-5","Glut-DACH2-LMANsh","Ex_DACH2_LHX2",0.278322122923304
"_CTGCATCGTAGTTACC-5","Glut-DACH2-8","Ex_DACH2_ZMAT4",0.610053119460395
"_CTGCCATCAAGAGCTG-5","Glut-DACH2-LMANsh","Ex_DACH2_NR4A3",0.226579220232713
"_CTGCCATGTCACTTCC-5","Glut-DACH2-LMANsh","Ex_DACH2_LHX2",0.359275744629433
"_CTGCCATTCCCGAATA-5","Glut-DACH2-LMANsh","Ex_DACH2_ADAMTS5",0.31639934237747
"_CTGCCATTCTGCGGCA-5","Glut-DACH2-8","Ex_DACH2_ZMAT4",0.574050766586833
"_CTGCGAGAGAGTGGCT-5","Glut-DACH2-LMANsh","Ex_DACH2_LHX2",0.408787135401882
"_CTGCTCAAGGTTGGAC-5","Glut-DACH2-8","Ex_DACH2_ZMAT4",0.62832059260414
"_CTGGCAGCAAGAAATC-5","Glut-DACH2-LMANco","Ex_SATB2_SOX6",0.378774848099041
"_CTGGCAGCATGGCCCA-5","Glut-DACH2-LMANsh","Ex_DACH2_LHX2",0.485268978184859
"_CTGGCAGTCAGTCTTT-5","Glut-DACH2-8","Ex_DACH2_ZMAT4",0.578944006341437
"_CTGGTCTGTGAGTGAC-5","Glut-DACH2-LMANco","Ex_DACH2_ZMAT4",0.426973955942607
"_CTGTACCCAGTAGATA-5","Glut-DACH2-LMANsh","Ex_DACH2_LHX2",0.455397278775502
"_CTGTACCTCAAACCCA-5","Glut-DACH2-LMANsh","Ex_DACH2_LHX2",0.362329147679962
"_CTGTAGAGTGGATCAG-5","Glut-DACH2-LMANco","Ex_DACH2_ZMAT4",0.547091593922774
"_CTGTATTTCATGTCAG-5","Glut-DACH2-5","Ex_DACH2_LHX2",0.377398831150278
"_CTGTCGTAGATACCAA-5","Glut-DACH2-LMANco","Ex_DACH2_ZMAT4",0.493562232889729
"_CTGTCGTCAGAGTGAC-5","Glut-DACH2-LMANsh","Ex_DACH2_LHX2",0.315695170227104
"_CTGTCGTCAGTAGAGC-5","Glut-DACH2-LMANsh","Ex_DACH2_LHX2",0.542888421871141
"_CTGTCGTGTCGGTACC-5","Glut-DACH2-LMANsh","Ex_DACH2_GRIK4",0.21047574445553
"_CTGTCGTTCATTGCTT-5","Glut-DACH2-4","Ex_SATB2_SOX6",0.322473438475397
"_CTGTGAAGTTTCGTGA-5","Glut-DACH2-LMANco","Ex_CACNA1H_LHX9",0.231605436404015
"_CTGTGGGAGTTGCTGT-5","Glut-DACH2-LMANco","Ex_DACH2_ZMAT4",0.338821423102568
"_CTGTGGGTCATCCTGC-5","Glut-DACH2-LMANsh","Ex_DACH2_LHX2",0.47003444577547
"_CTTACCGGTAGTATAG-5","Glut-DACH2-LMANco","Ex_DACH2_ZMAT4",0.363325475039598
"_CTTACCGTCCGTGACG-5","Glut-DACH2-8","Ex_DACH2_ZMAT4",0.631840654768457
"_CTTAGGACACTGGACC-5","Glut-DACH2-LMANsh","Ex_DACH2_LHX2",0.430765323737354
"_CTTAGGACAGCAGATG-5","Glut-DACH2-LMANco","Ex_DACH2_CEMIP",0.373742148609832
"_CTTAGGAGTAAGTTAG-5","Glut-DACH2-LMANco","Ex_DACH2_ZMAT4",0.351504071975703
"_CTTAGGATCCGTAGGC-5","Glut-DACH2-LMANsh","Ex_DACH2_LHX2",0.421989238960212
"_CTTCAATCAACGACTT-5","Glut-DACH2-LMANco","Ex_SATB2_SOX6",0.474158071605582
"_CTTCAATCATAACAGA-5","Glut-DACH2-LMANsh","Ex_DACH2_LHX2",0.41892741338491
"_CTTCCGACACGGTGAA-5","Glut-DACH2-LMANsh","Ex_DACH2_LHX2",0.334024772276011
"_CTTCCGACAGTAGAAT-5","Glut-DACH2-LMANsh","Ex_DACH2_LHX2",0.486457632148419
"_CTTCCGACATAAGCAA-5","Glut-DACH2-5","Ex_DACH2_LHX2",0.323721859251249
"_CTTCCGACATCGGAAG-5","Glut-DACH2-8","Ex_DACH2_ZMAT4",0.489990860573052
"_CTTCCTTCACGTTCGG-5","Glut-DACH2-LMANco","Ex_SATB2_SOX6",0.293350014865531
"_CTTCGGTAGATACATG-5","Glut-DACH2-6","Ex_DACH2_CEMIP",0.516832677141977
"_CTTCGGTAGGATACAT-5","Glut-DACH2-8","Ex_DACH2_ZMAT4",0.638149644015267
"_CTTCGGTAGTGCGCTC-5","Glut-DACH2-LMANco","Ex_DACH2_ZMAT4",0.484312495831529
"_CTTCGGTGTTTACCAG-5","Glut-DACH2-LMANco","Ex_DACH2_ZMAT4",0.458723827420901
"_CTTCTAACAGTAACCT-5","Glut-DACH2-LMANco","Ex_DACH2_ZMAT4",0.447067431030465
"_CTTCTAATCCAGCCTT-5","Glut-DACH2-LMANsh","Ex_DACH2_LHX2",0.302862334068906
"_CTTCTCTAGGCGTCCT-5","Glut-DACH2-6","Ex_DACH2_CEMIP",0.37402437875914
"_CTTCTCTCAACATACC-5","Glut-DACH2-8","Ex_DACH2_ZMAT4",0.603715447888457
"_CTTCTCTCACTTGGGC-5","Glut-DACH2-8","Ex_DACH2_ZMAT4",0.434304683934568
"_CTTCTCTGTAGAGTTA-5","Glut-DACH2-LMANco","Ex_DACH2_ZMAT4",0.379684754098553
"_CTTCTCTTCAGCGCAC-5","Glut-DACH2-LMANsh","Ex_DACH2_ADAMTS5",0.221948260678143
"_CTTCTCTTCGCCTCTA-5","Glut-DACH2-LMANsh","Ex_DACH2_ADAMTS5",0.198200666118292
"_CTTGAGACACTAACGT-5","Glut-DACH2-LMANco","Ex_DACH2_ZMAT4",0.464821032166075
"_CTTGAGAGTAATGTGA-5","Glut-DACH2-LMANsh","Ex_DACH2_LHX2",0.526744472441075
"_CTTGATTAGTCATGCT-5","Glut-DACH2-8","Ex_DACH2_ZMAT4",0.574766376615874
"_CTTGATTCAATGGGTG-5","Glut-DACH2-LMANsh","Ex_DACH2_CEMIP",0.297191727701952
"_CTTGATTCAGCCTTCT-5","Glut-DACH2-LMANsh","Ex_DACH2_LHX2",0.481928289456158
"_CTTGATTGTAAGCAAT-5","Glut-DACH2-LMANsh","Ex_DACH2_LHX2",0.364931336717756
"_CTTTCAACAAACACCT-5","Glut-DACH2-LMANsh","Ex_DACH2_ADAMTS5",0.207971612493236
"_CTTTCAACATCCTCAC-5","Glut-DACH2-LMANco","Ex_DACH2_ZMAT4",0.509926354703327
"_CTTTCAATCTGCTAGA-5","Glut-DACH2-8","Ex_DACH2_ZMAT4",0.547072148007513
"_CTTTCGGAGTGGAAGA-5","Glut-DACH2-LMANco","Ex_DACH2_ZMAT4",0.410076009443074
"_CTTTCGGCACGATAGG-5","Glut-DACH2-LMANco","Ex_DACH2_ZMAT4",0.55281161911361
"_CTTTCGGGTAGCGAGT-5","Glut-DACH2-LMANco","Ex_DACH2_ZMAT4",0.444258286344902
"_GAAACCTGTTGATCGT-5","Glut-DACH2-6","Ex_DACH2_ZMAT4",0.548137874770976
"_GAAATGAAGTTCCGTA-5","Glut-DACH2-LMANco","Ex_DACH2_ZMAT4",0.552516957591892
"_GAAATGAGTACGTAGG-5","Glut-DACH2-6","Ex_DACH2_CEMIP",0.415370953249661
"_GAAATGATCGGCAGTC-5","Glut-DACH2-6","Ex_DACH2_CEMIP",0.524164230418272
"_GAACACTGTCTGTAGT-5","Glut-DACH2-6","Ex_DACH2_ZMAT4",0.367326125996885
"_GAACACTTCATCGTAG-5","Glut-DACH2-8","Ex_DACH2_ZMAT4",0.561009778628596
"_GAACACTTCCACACCT-5","Glut-DACH2-LMANsh","Ex_DACH2_LHX2",0.316707465298072
"_GAACGTTAGATTACCC-5","Glut-DACH2-LMANco","Ex_DACH2_ZMAT4",0.320489244808976
"_GAACGTTCACCAAATC-5","Glut-DACH2-LMANsh","Ex_DACH2_LHX2",0.491882512628356
"_GAACTGTGTCCCTCAT-5","Glut-DACH2-LMANsh","Ex_DACH2_LHX2",0.434557788098076
"_GAACTGTTCCATTGCC-5","Glut-DACH2-8","Ex_DACH2_ZMAT4",0.56143635216516
"_GAAGAATCATCCGTGG-5","Glut-DACH2-LMANco","Ex_DACH2_ZMAT4",0.360959183823907
"_GAAGCCCGTTACGGAG-5","Glut-DACH2-5","Ex_DACH2_LHX2",0.249007438849793
"_GAAGCCCGTTCTTAGG-5","Glut-DACH2-LMANco","Ex_SATB2_SOX6",0.393249884402627
"_GAAGCGAAGTCATGCT-5","Glut-DACH2-LMANco","Ex_SATB2_SOX6",0.448071938348951
"_GAAGCGACACACCGCA-5","Glut-DACH2-8","Ex_DACH2_ZMAT4",0.589714666985104
"_GAAGCGAGTACTGTTG-5","Glut-DACH2-LMANco","Ex_DACH2_ZMAT4",0.333215902146643
"_GAAGCGAGTGGACAGT-5","Glut-DACH2-LMANsh","Ex_DACH2_LHX2",0.451000420880741
"_GAAGCGATCACTACTT-5","Glut-DACH2-8","Ex_DACH2_ZMAT4",0.602812622577789
"_GAAGGACAGAAATGGG-5","Glut-DACH2-LMANco","Ex_DACH2_ZMAT4",0.471295374234391
"_GAAGGACTCCTACCAC-5","Glut-DACH2-LMANco","Ex_SATB2_SOX6",0.416545757141502
"_GAAGGACTCGGATACT-5","Glut-DACH2-LMANco","Ex_DACH2_ZMAT4",0.462057774133708
"_GAAGGGTAGCTGACCC-5","Glut-DACH2-LMANsh","Ex_DACH2_LHX2",0.457546208351856
"_GAAGTAACACCGTGGT-5","Glut-DACH2-LMANco","Ex_DACH2_ZMAT4",0.440063384537759
"_GAAGTAAGTGGGTCAA-5","Glut-DACH2-LMANsh","Ex_DACH2_LHX2",0.519820926776609
"_GAATCACGTAGTCCTA-5","Glut-DACH2-LMANco","Ex_SATB2_SOX6",0.297560628525871
"_GAATCGTGTACCTAAC-5","Glut-DACH2-8","Ex_DACH2_ZMAT4",0.342996703199291
"_GACACGCAGCGTGTCC-5","Glut-DACH2-LMANsh","Ex_DACH2_LHX2",0.270290376724218
"_GACACGCCATCCGAGC-5","Glut-DACH2-LMANsh","Ex_DACH2_LHX2",0.45738167327378
"_GACACGCGTCCGACGT-5","Glut-DACH2-8","Ex_DACH2_ZMAT4",0.367030410638568
"_GACAGCCAGTATGCAA-5","Glut-DACH2-LMANco","Ex_DACH2_CEMIP",0.313050232270313
"_GACAGCCCATGTGGCC-5","Glut-DACH2-LMANco","Ex_SATB2_SOX6",0.426965566887716
"_GACATCAAGGGCTAAC-5","Glut-DACH2-LMANsh","Ex_DACH2_LHX2",0.343276991786093
"_GACATCAAGGTAGGCT-5","Glut-DACH2-LMANsh","Ex_DACH2_ADAMTS5",0.341939749318091
"_GACCAATCAACCGCTG-5","Glut-DACH2-6","Ex_DACH2_CEMIP",0.697095993979945
"_GACCCAGCACAGTATC-5","Glut-DACH2-LMANsh","Ex_DACH2_LHX2",0.385171048808288
"_GACCCAGCAGCGTACC-5","Glut-DACH2-LMANsh","Ex_DACH2_LHX2",0.393729983191423
"_GACCCAGCATGATCTG-5","Glut-DACH2-LMANco","Ex_DACH2_ZMAT4",0.471158995572236
"_GACCCTTCAGAGAATT-5","Glut-DACH2-6","Ex_DACH2_ZMAT4",0.445778421412743
"_GACCCTTCATGGCACC-5","Glut-DACH2-6","Ex_DACH2_GRIK4",0.271876228292355
"_GACCTTCAGAGCCGTA-5","Glut-DACH2-LMANco","Ex_SATB2_SOX6",0.377631842768667
"_GACCTTCGTGTCCGGT-5","Glut-DACH2-1","Ex_DACH2_ADAMTS5",0.258253849959476
"_GACGCTGAGCATTTGC-5","Glut-DACH2-LMANsh","Ex_DACH2_LHX2",0.522301309579078
"_GACGTTAAGTGGTCAG-5","Glut-DACH2-8","Ex_DACH2_ZMAT4",0.51413840789459
"_GACGTTACAAGAATAC-5","Glut-DACH2-LMANsh","Ex_DACH2_LHX2",0.451389354270864
"_GACTATGAGAACCCGA-5","Glut-DACH2-LMANco","Ex_DACH2_ZMAT4",0.424032852118353
"_GACTATGAGATGTTCC-5","Glut-DACH2-LMANsh","Ex_DACH2_LHX2",0.501795898661186
"_GACTATGCATGGCTGC-5","Glut-DACH2-LMANco","Ex_SATB2_SOX6",0.396278126618235
"_GACTCAACAGCTACCG-5","Glut-DACH2-LMANco","Ex_DACH2_ZMAT4",0.41535429579744
"_GACTCAACAGGAATCG-5","Glut-DACH2-5","Ex_DACH2_LHX2",0.516939298952528
"_GACTCTCAGACATCCT-5","Glut-DACH2-6","Ex_DACH2_CEMIP",0.70915385099541
"_GACTCTCAGTTGCCCG-5","Glut-DACH2-LMANsh","Ex_DACH2_LHX2",0.418794606423009
"_GACTCTCGTCAGGAGT-5","Glut-DACH2-LMANco","Ex_SATB2_SOX6",0.299515524523271
"_GACTCTCTCAGTGTGT-5","Glut-DACH2-LMANsh","Ex_DACH2_LHX2",0.24621316588509
"_GACTTCCGTTGCTCCT-5","Glut-DACH2-5","Ex_DACH2_LHX2",0.291413564226062
"_GACTTCCTCGTCAGAT-5","Glut-DACH2-LMANco","Ex_SATB2_SOX6",0.453947377472617
"_GAGAAATCAAACGGCA-5","Glut-DACH2-LMANsh","Ex_DACH2_ADAMTS5",0.399239711142784
"_GAGAAATGTAGCTCGC-5","Glut-DACH2-8","Ex_DACH2_ZMAT4",0.6260755518387
"_GAGAAATTCCGTTGGG-5","Glut-DACH2-LMANco","Ex_DACH2_ZMAT4",0.410477324184593
"_GAGACCCCAGAGTGTG-5","Glut-DACH2-LMANsh","Ex_DACH2_LHX2",0.44477429283615
"_GAGACCCGTCTGATAC-5","Glut-DACH2-LMANco","Ex_DACH2_CEMIP",0.328411144707469
"_GAGACTTAGGGCCAAT-5","Glut-DACH2-LMANco","Ex_DACH2_ZMAT4",0.325793431090335
"_GAGACTTCATGGAACG-5","Glut-DACH2-LMANsh","Ex_DACH2_ADAMTS5",0.353108326439294
"_GAGACTTTCCTCGCAT-5","Glut-DACH2-LMANco","Ex_DACH2_ZMAT4",0.569305307597825
"_GAGAGGTAGTGAGTTA-5","Glut-DACH2-LMANco","Ex_DACH2_ZMAT4",0.32424215286224
"_GAGATGGAGAGGCGGA-5","Glut-DACH2-8","Ex_DACH2_ZMAT4",0.490935667828557
"_GAGCCTGCAAGGCCTC-5","Glut-DACH2-LMANsh","Ex_DACH2_LHX2",0.463363637016182
"_GAGCCTGCAGCACACC-5","Glut-DACH2-LMANsh","Ex_DACH2_LHX2",0.475344660228734
"_GAGCCTGCAGGACATG-5","Glut-DACH2-LMANsh","Ex_DACH2_LHX2",0.43876483546031
"_GAGCTGCCAGCGCTTG-5","Glut-DACH2-8","Ex_DACH2_ZMAT4",0.534145855267113
"_GAGCTGCCATACTGTG-5","Glut-DACH2-LMANsh","Ex_DACH2_LHX2",0.45673086397142
"_GAGGCAAGTGAGTTTC-5","Glut-DACH2-8","Ex_DACH2_ZMAT4",0.610209423090222
"_GAGGCAATCCGTAATG-5","Glut-DACH2-LMANco","Ex_DACH2_ZMAT4",0.2447542814438
"_GAGGCCTTCCCTCTAG-5","Glut-DACH2-LMANco","Ex_SATB2_SOX6",0.378883503660442
"_GAGGCCTTCCTCCACA-5","Glut-DACH2-LMANco","Ex_DACH2_ZMAT4",0.51899585520446
"_GAGGGATCAGAACCGA-5","Glut-DACH2-LMANsh","Ex_DACH2_LHX2",0.523784772389407
"_GAGGGATCAGTGACCC-5","Glut-DACH2-5","Ex_DACH2_LHX2",0.397540434617179
"_GAGGGATGTAGACAAT-5","Glut-DACH2-LMANsh","Ex_DACH2_LHX2",0.227766839459653
"_GAGGGATGTTTCTTAC-5","Glut-DACH2-8","Ex_DACH2_ZMAT4",0.58267025071906
"_GAGGGATTCGAACACT-5","Glut-DACH2-LMANsh","Ex_DACH2_LHX2",0.334924413931352
"_GAGTCATAGCTGACCC-5","Glut-DACH2-LMANsh","Ex_DACH2_ADAMTS5",0.287002584507232
"_GAGTCATAGTTGTACC-5","Glut-DACH2-LMANsh","Ex_DACH2_LHX2",0.434194737897746
"_GAGTCATCATCGGTTA-5","Glut-DACH2-LMANsh","Ex_DACH2_LHX2",0.456137188357791
"_GAGTCATGTAGAGACC-5","Glut-DACH2-8","Ex_DACH2_ZMAT4",0.591194599281457
"_GAGTCATTCCATAGGT-5","Glut-DACH2-5","Ex_DACH2_ADAMTS5",0.443593725840129
"_GAGTCTAAGATTCGAA-5","Glut-DACH2-8","Ex_DACH2_ZMAT4",0.638922196458714
"_GAGTCTACATAACCCA-5","Glut-DACH2-LMANco","Ex_DACH2_ZMAT4",0.554613799788866
"_GAGTCTAGTGATATAG-5","Glut-DACH2-6","Ex_DACH2_ZMAT4",0.399250945611172
"_GAGTGTTGTCTCGCGA-5","Glut-SATB2-1","Ex_SATB2_FOXP2",0.633804720102959
"_GAGTGTTTCTCTCCGA-5","Glut-DACH2-LMANco","Ex_SATB2_SOX6",0.428010177502727
"_GAGTTACGTGGTTTAC-5","Glut-DACH2-LMANco","Ex_DACH2_ZMAT4",0.417150771655333
"_GAGTTGTAGAGCCCAA-5","Glut-DACH2-LMANsh","Ex_DACH2_LHX2",0.416505318761218
"_GAGTTGTGTGCATGTT-5","Glut-DACH2-LMANco","Ex_DACH2_ZMAT4",0.349642642352965
"_GAGTTTGCAGTCGCTG-5","Glut-DACH2-LMANsh","Ex_DACH2_LHX2",0.532043698235581
"_GAGTTTGGTTTACACG-5","Glut-DACH2-8","Ex_DACH2_ZMAT4",0.525016167031425
"_GAGTTTGTCATCACAG-5","Glut-DACH2-LMANco","Ex_DACH2_ZMAT4",0.55291124290838
"_GAGTTTGTCCACGAAT-5","Glut-DACH2-8","Ex_DACH2_ZMAT4",0.603266970328511
"_GATAGAAGTGACTCGC-5","Glut-DACH2-LMANco","Ex_DACH2_CEMIP",0.325267293899426
"_GATAGAATCCTGCTAC-5","Glut-DACH2-LMANsh","Ex_DACH2_LHX2",0.495842140028065
"_GATAGAATCTATCGTT-5","Glut-DACH2-LMANco","Ex_DACH2_ZMAT4",0.314393893312377
"_GATAGCTAGAAGTGTT-5","Glut-DACH2-8","Ex_DACH2_ZMAT4",0.588496630516979
"_GATAGCTAGGAACTCG-5","Glut-DACH2-LMANsh","Ex_DACH2_LHX2",0.431883641219295
"_GATAGCTGTATCACGT-5","Glut-DACH2-LMANco","Ex_DACH2_ZMAT4",0.517437347869197
"_GATCACAAGCTGACAG-5","Glut-DACH2-LMANsh","Ex_DACH2_ZMAT4",0.289544655662264
"_GATCACAGTGTCTTCC-5","Glut-DACH2-LMANco","Ex_DACH2_CEMIP",0.330164424400663
"_GATCACATCAAGCGTT-5","Glut-DACH2-LMANsh","Ex_DACH2_LHX2",0.461306669899132
"_GATCACATCGTGACTA-5","Glut-DACH2-LMANsh","Ex_DACH2_LHX2",0.413949568578925
"_GATCAGTAGTTGTCGT-5","Glut-DACH2-LMANco","Ex_SATB2_SOX6",0.291549976057714
"_GATCATGCAGAGGACT-5","Glut-DACH2-LMANco","Ex_DACH2_ZMAT4",0.55536392098319
"_GATCATGGTGCTATTG-5","Glut-DACH2-8","Ex_DACH2_ZMAT4",0.664998236110164
"_GATCCCTCATCGCCTT-5","Glut-DACH2-LMANco","Ex_DACH2_ZMAT4",0.523592530413305
"_GATCCCTCATTCATCT-5","Glut-DACH2-LMANsh","Ex_DACH2_LHX2",0.266196587844863
"_GATCCCTGTAACGATA-5","Glut-DACH2-LMANco","Ex_DACH2_ZMAT4",0.389012532011444
"_GATCCCTGTATAATGG-5","Glut-DACH2-LMANsh","Ex_DACH2_LHX2",0.519849298023585
"_GATCCCTTCCTTTGAT-5","Glut-DACH2-8","Ex_DACH2_ZMAT4",0.608308667843322
"_GATCGTACACCTCTAC-5","Glut-DACH2-LMANco","Ex_DACH2_ZMAT4",0.469914127603234
"_GATCGTAGTAGGGAGG-5","Glut-DACH2-LMANco","Ex_DACH2_ZMAT4",0.497388787710429
"_GATGACTGTCATCCGG-5","Glut-DACH2-LMANsh","Ex_DACH2_ADAMTS5",0.408839148732669
"_GATGAGGAGGTAGTCG-5","Glut-DACH2-LMANco","Ex_DACH2_ZMAT4",0.586445019527887
"_GATGAGGCACCCTATC-5","Glut-DACH2-8","Ex_DACH2_ZMAT4",0.594092372458279
"_GATGATCTCGCCAGAC-5","Glut-DACH2-LMANsh","Ex_DACH2_LHX2",0.515163010816254
"_GATGATCTCGGCTATA-5","Glut-DACH2-8","Ex_DACH2_ZMAT4",0.57991957894642
"_GATGCTATCCAAGGGA-5","Glut-DACH2-LMANsh","Ex_DACH2_LHX2",0.269817515207675
"_GATGGAGAGAATTCAG-5","Glut-DACH2-LMANco","Ex_DACH2_ZMAT4",0.537493659777724
"_GATGGAGAGAGGATGA-5","Glut-DACH2-LMANsh","Ex_DACH2_LHX2",0.400814194308625
"_GATGGAGGTTATCTTC-5","Glut-DACH2-LMANsh","Ex_DACH2_ADAMTS5",0.384119321832363
"_GATGTTGTCAAGGTGG-5","Glut-DACH2-LMANco","Ex_SATB2_SOX6",0.410961130502187
"_GATTCGAAGTCGCTAT-5","Glut-DACH2-8","Ex_DACH2_ZMAT4",0.508458500420953
"_GATTCGACAAGCGGAT-5","Glut-DACH2-LMANsh","Ex_DACH2_ADAMTS5",0.537456197022806
"_GATTCGACACGGAAGT-5","Glut-DACH2-LMANsh","Ex_DACH2_LHX2",0.498040049575273
"_GATTCGACACTAAACC-5","Glut-DACH2-LMANco","Ex_DACH2_ZMAT4",0.358034196264179
"_GATTCGAGTACTAGCT-5","Glut-DACH2-LMANsh","Ex_DACH2_LHX2",0.5310607435619
"_GATTCGAGTAGCGTAG-5","Glut-DACH2-LMANsh","Ex_DACH2_LHX2",0.503352181295472
"_GATTCGAGTGGCCCAT-5","Glut-DACH2-LMANsh","Ex_DACH2_LHX2",0.357358210172524
"_GATTCGATCTTCCAGC-5","Glut-DACH2-8","Ex_DACH2_ZMAT4",0.532558179520422
"_GATTCTTAGATTGTGA-5","Glut-DACH2-LMANco","Ex_CACNA1H_LHX9",0.26196441356531
"_GATTCTTCATCAACCA-5","Glut-DACH2-LMANco","Ex_SATB2_SOX6",0.396979435927281
"_GATTCTTGTATCGAGG-5","Glut-DACH2-LMANsh","Ex_DACH2_LHX2",0.495532598880799
"_GATTCTTGTGGAGGTT-5","Glut-DACH2-LMANco","Ex_SATB2_SOX6",0.385480912732576
"_GATTCTTGTTCTGACA-5","Glut-DACH2-5","Ex_DACH2_LHX2",0.335101105525581
"_GATTGGTAGTAAGGGA-5","Glut-DACH2-LMANsh","Ex_DACH2_ADAMTS5",0.313716572361175
"_GATTTCTTCATTCGGA-5","Glut-DACH2-6","Ex_DACH2_CEMIP",0.319067613512933
"_GATTTCTTCTGTTCAT-5","Glut-DACH2-LMANsh","Ex_DACH2_LHX2",0.401612879272244
"_GCAACCGGTTAGGCTT-5","Glut-DACH2-LMANco","Ex_DACH2_ZMAT4",0.516685993438137
"_GCAACCGTCGTGCTCT-5","Glut-DACH2-LMANco","Ex_DACH2_ZMAT4",0.395954620403272
"_GCAACCGTCTCTATAC-5","Glut-DACH2-LMANco","Ex_SATB2_SOX6",0.355311225497565
"_GCACATATCTAGGAAA-5","Glut-DACH2-6","Ex_DACH2_ZMAT4",0.503568823641719
"_GCACGGTCAATCAGCT-5","Glut-DACH2-LMANco","Ex_DACH2_ZMAT4",0.623267589211407
"_GCACGGTCAGCTCATA-5","Glut-DACH2-5","Ex_DACH2_LHX2",0.453131055664835
"_GCACGGTCATCCTGTC-5","Glut-DACH2-LMANsh","Ex_DACH2_ADAMTS5",0.388908767754735
"_GCACGTGAGTGATGGC-5","Glut-DACH2-LMANsh","Ex_DACH2_LHX2",0.327520201361602
"_GCACGTGGTGTACAGG-5","Glut-DACH2-LMANco","Ex_DACH2_CEMIP",0.299021248144986
"_GCACGTGTCCTCTTTC-5","Glut-DACH2-LMANsh","Ex_DACH2_LHX2",0.531559010148119
"_GCACGTGTCTGCCTGT-5","Glut-DACH2-LMANco","Ex_SATB2_SOX6",0.512966304723972
"_GCACTAACAAGACAAT-5","Glut-DACH2-8","Ex_DACH2_ZMAT4",0.516505739592064
"_GCACTAACACACGGTC-5","Glut-DACH2-LMANsh","Ex_DACH2_LHX2",0.360321610715993
"_GCACTAACAGCTTCGG-5","Glut-DACH2-7","Ex_DACH2_LHX2",0.447693510530873
"_GCAGCCAAGTCTGGTT-5","Glut-DACH2-8","Ex_DACH2_ZMAT4",0.519365083705241
"_GCAGCCATCGCATTAG-5","Glut-DACH2-LMANsh","Ex_DACH2_LHX2",0.295757608541713
"_GCAGGCTAGTGACCTT-5","Glut-DACH2-LMANco","Ex_DACH2_ZMAT4",0.395170276355682
"_GCAGGCTCAGTCGCTG-5","Glut-DACH2-LMANco","Ex_DACH2_ZMAT4",0.59238356897597
"_GCAGGCTGTGACAGCA-5","Glut-DACH2-LMANco","Ex_DACH2_ZMAT4",0.302794338549346
"_GCAGGCTGTGGGTATG-5","Glut-DACH2-LMANsh","Ex_DACH2_LHX2",0.306215685745914
"_GCAGGCTTCATTTCGT-5","Glut-DACH2-LMANsh","Ex_DACH2_LHX2",0.291450551632381
"_GCAGTTAAGTGGACGT-5","Glut-DACH2-6","Ex_DACH2_ZMAT4",0.447224755103193
"_GCATCGGAGGATTTGA-5","Glut-DACH2-LMANco","Ex_DACH2_ZMAT4",0.498451858943476
"_GCATCGGCAATCGCCG-5","Glut-DACH2-8","Ex_DACH2_ZMAT4",0.600756167241601
"_GCATCGGCAGACACCC-5","Glut-DACH2-6","Ex_DACH2_CEMIP",0.427780156659917
"_GCATCGGCAGAGAATT-5","Glut-DACH2-LMANco","Ex_SATB2_SOX6",0.371109106621461
"_GCATCTCAGCCTCTCT-5","Glut-DACH2-LMANsh","Ex_DACH2_LHX2",0.2605079451606
"_GCATCTCAGTCCTGCG-5","Glut-DACH2-LMANco","Ex_SATB2_SOX6",0.424540062062254
"_GCATCTCTCGTCGACG-5","Glut-DACH2-LMANco","Ex_SATB2_SOX6",0.345279448600373
"_GCATCTCTCTCCATAT-5","Glut-DACH2-LMANco","Ex_SATB2_SOX6",0.338308106368371
"_GCATGATAGACGCCCT-5","Glut-DACH2-LMANsh","Ex_DACH2_LHX2",0.424615637963087
"_GCATGATCACTTCAGA-5","Glut-DACH2-LMANsh","Ex_DACH2_LHX2",0.43820707117244
"_GCATGATTCCAGGACC-5","Glut-DACH2-6","Ex_DACH2_CEMIP",0.622583896446588
"_GCATGATTCCCATACC-5","Glut-DACH2-LMANsh","Ex_DACH2_ZMAT4",0.354896626437283
"_GCATTAGAGTCTCCTC-5","Glut-DACH2-LMANsh","Ex_DACH2_ADAMTS5",0.39481852591812
"_GCATTAGCAACAGAGC-5","Glut-DACH2-8","Ex_DACH2_ZMAT4",0.433086093507626
"_GCCAACGGTATTTCTC-5","Glut-DACH2-LMANco","Ex_DACH2_ZMAT4",0.626262897838533
"_GCCAGCAAGTGGTTAA-5","Glut-DACH2-LMANsh","Ex_DACH2_LHX2",0.505993216292935
"_GCCAGCACACTTGACA-5","Glut-DACH2-LMANsh","Ex_DACH2_GRIK4",0.281733076748947
"_GCCAGGTAGAGGATGA-5","Glut-DACH2-LMANsh","Ex_DACH2_LHX2",0.523583426431665
"_GCCAGGTAGATGTTCC-5","Glut-DACH2-1","Ex_DACH2_ADAMTS5",0.329863847301481
"_GCCAGGTAGGCAGGTT-5","Glut-DACH2-LMANsh","Ex_DACH2_LHX2",0.5073232452702
"_GCCAGGTCAGCTGCCA-5","Glut-DACH2-LMANsh","Ex_DACH2_ADAMTS5",0.459453465101355
"_GCCAGGTCATTCTCCG-5","Glut-DACH2-8","Ex_DACH2_ZMAT4",0.586675354713389
"_GCCAGGTGTAGTCTTG-5","Glut-DACH2-LMANco","Ex_SATB2_SOX6",0.403240351608638
"_GCCAGTGTCAATCAGC-5","Glut-DACH2-LMANco","Ex_SATB2_SOX6",0.422970006355007
"_GCCATGGAGTTTCGAC-5","Glut-DACH2-LMANsh","Ex_DACH2_LHX2",0.386498261748415
"_GCCATGGCAGACATCT-5","Glut-DACH2-LMANsh","Ex_DACH2_GRIK4",0.317138269510284
"_GCCATGGCATTGGATC-5","Glut-DACH2-8","Ex_DACH2_ZMAT4",0.575300904840161
"_GCCATGGGTGTCGATT-5","Glut-DACH2-LMANco","Ex_DACH2_ZMAT4",0.567588963923705
"_GCCATTCAGGCTAAAT-5","Glut-DACH2-LMANsh","Ex_DACH2_LHX2",0.408824807227402
"_GCCATTCGTCGTCTCT-5","Glut-DACH2-8","Ex_DACH2_ZMAT4",0.651092606619922
"_GCCATTCGTTCCACGG-5","Glut-DACH2-LMANsh","Ex_DACH2_LHX2",0.297984292811433
"_GCCCAGAAGCTCCCTT-5","Glut-DACH2-5","Ex_DACH2_LHX2",0.528472657219125
"_GCCCAGAAGGAGTACC-5","Glut-DACH2-LMANsh","Ex_DACH2_LHX2",0.406213538740133
"_GCCCAGAAGGATATAC-5","Glut-DACH2-8","Ex_DACH2_ZMAT4",0.593726421407599
"_GCCCAGAGTGGGAGAG-5","Glut-DACH2-8","Ex_DACH2_ZMAT4",0.554194504338482
"_GCCCAGAGTTACACTG-5","Glut-DACH2-LMANco","Ex_DACH2_ZMAT4",0.3391960855771
"_GCCCAGATCACTGATG-5","Glut-DACH2-LMANsh","Ex_DACH2_LHX2",0.491239420622829
"_GCCCGAAAGGAAGAAC-5","Glut-DACH2-8","Ex_DACH2_ZMAT4",0.591098380699575
"_GCCCGAAAGGCACTCC-5","Glut-DACH2-LMANco","Ex_SATB2_SOX6",0.461523079406489
"_GCCCGAAAGTATGACA-5","Glut-DACH2-LMANsh","Ex_DACH2_ADAMTS5",0.291899779388296
"_GCCCGAACACCGTGGT-5","Glut-DACH2-6","Ex_DACH2_CEMIP",0.429359293056033
"_GCCCGAAGTCTTCGAA-5","Glut-DACH2-LMANco","Ex_SATB2_SOX6",0.438103375863965
"_GCCGATGCAAGAGATT-5","Glut-DACH2-LMANsh","Ex_DACH2_LHX2",0.477259534213144
"_GCCGATGGTCGCAGTC-5","Glut-DACH2-LMANsh","Ex_DACH2_ADAMTS5",0.349488083473692
"_GCCGATGGTGTGATGG-5","Glut-DACH2-LMANco","Ex_SATB2_SOX6",0.333611164931763
"_GCCGATGTCTGAGAGG-5","Glut-DACH2-LMANco","Ex_DACH2_ZMAT4",0.313521908267639
"_GCCGTGAGTAATACCC-5","Glut-DACH2-6","Ex_DACH2_ZMAT4",0.479869239921209
"_GCCGTGAGTCCGGTCA-5","Glut-DACH2-8","Ex_DACH2_ZMAT4",0.562763534517493
"_GCGAGAAGTCATCAGT-5","Glut-DACH2-LMANco","Ex_SATB2_SOX6",0.47592001349809
"_GCGATCGTCGACGAGA-5","Glut-DACH2-LMANco","Ex_DACH2_ZMAT4",0.394189191265381
"_GCGGAAATCACGATCA-5","Glut-DACH2-LMANsh","Ex_DACH2_LHX2",0.487254572056939
"_GCGTGCATCAGACCGC-5","Glut-DACH2-LMANsh","Ex_DACH2_LHX2",0.476419335278571
"_GCGTGCATCATCTGTT-5","Glut-DACH2-6","Ex_DACH2_ZMAT4",0.44148145019261
"_GCGTTTCCACACCGAC-5","Glut-DACH2-6","Ex_DACH2_CEMIP",0.361093139756584
"_GCGTTTCCACCAATTG-5","Glut-DACH2-LMANco","Ex_DACH2_ZMAT4",0.316814898187583
"_GCTACAAAGCCTAACT-5","Glut-DACH2-LMANco","Ex_DACH2_ZMAT4",0.381687738578374
"_GCTACAACAAATGAAC-5","Glut-DACH2-LMANsh","Ex_DACH2_LHX2",0.348462965472246
"_GCTACAACAACTGCTA-5","Glut-DACH2-6","Ex_DACH2_ZMAT4",0.419056152567487
"_GCTACAAGTCGGTACC-5","Glut-DACH2-LMANsh","Ex_DACH2_LHX2",0.392660982706726
"_GCTACAATCACGAACT-5","Glut-DACH2-LMANsh","Ex_DACH2_ADAMTS5",0.358075565683519
"_GCTACCTAGAGGACTC-5","Glut-DACH2-LMANsh","Ex_DACH2_LHX2",0.440822239186782
"_GCTACCTCACCCTTGT-5","Glut-DACH2-LMANco","Ex_DACH2_ZMAT4",0.359493504276812
"_GCTACCTTCCGGCAAC-5","Glut-DACH2-LMANsh","Ex_DACH2_LHX2",0.390039581288044
"_GCTGAATAGCTAAGTA-5","Glut-DACH2-LMANsh","Ex_DACH2_LHX2",0.364100326989806
"_GCTGAATAGGTCATAA-5","Glut-DACH2-LMANco","Ex_DACH2_ZMAT4",0.352480030175964
"_GCTGCAGAGTGTAGTA-5","Glut-DACH2-8","Ex_DACH2_ZMAT4",0.47186433949394
"_GCTGCAGGTGTTCGAT-5","Glut-DACH2-8","Ex_DACH2_ZMAT4",0.648542950159283
"_GCTGGGTGTGGGCTCT-5","Glut-DACH2-LMANsh","Ex_DACH2_LHX2",0.470442362053639
"_GCTGGGTTCATGCCCT-5","Glut-DACH2-LMANco","Ex_SATB2_SOX6",0.43333194546864
"_GCTTCACGTCGCGTCA-5","Glut-DACH2-6","Ex_DACH2_ZMAT4",0.464414066116059
"_GCTTCACTCTTTGCAT-5","Glut-DACH2-7","Ex_DACH2_GRIK4",0.335611730255701
"_GCTTGGGCACTCGATA-5","Glut-DACH2-6","Ex_DACH2_ZMAT4",0.454221361598944
"_GCTTGGGCAGAGATTA-5","Glut-DACH2-LMANsh","Ex_DACH2_LHX2",0.543369466719798
"_GCTTGGGGTGCCGAAA-5","Glut-DACH2-8","Ex_DACH2_ZMAT4",0.602422302061193
"_GCTTGGGGTGCCGGTT-5","Glut-DACH2-LMANco","Ex_SATB2_SOX6",0.471614490508257
"_GGAACCCAGCTTTCCC-5","Glut-DACH2-LMANco","Ex_DACH2_ZMAT4",0.330819449675351
"_GGAACCCAGGTGCAGT-5","Glut-DACH2-LMANsh","Ex_DACH2_ZMAT4",0.460240076908468
"_GGAACCCCAAGGTACG-5","Glut-DACH2-8","Ex_DACH2_ZMAT4",0.596005995104034
"_GGAAGTGAGAGACAAG-5","Glut-DACH2-LMANco","Ex_DACH2_CEMIP",0.31939531054438
"_GGAATCTCAAAGTATG-5","Glut-DACH2-8","Ex_DACH2_ZMAT4",0.44277584045914
"_GGAATCTGTGCACATT-5","Glut-DACH2-7","Ex_DACH2_ZMAT4",0.346545692693028
"_GGAATCTGTGCCTTTC-5","Glut-DACH2-LMANco","Ex_SATB2_SOX6",0.383909581278265
"_GGACGTCGTCGTCTCT-5","Glut-DACH2-LMANsh","Ex_DACH2_ZMAT4",0.254274102644499
"_GGAGATGAGATAACAC-5","Glut-DACH2-LMANsh","Ex_DACH2_LHX2",0.548505480283195
"_GGAGATGCACAGGATG-5","Glut-DACH2-LMANco","Ex_DACH2_ZMAT4",0.340911035897498
"_GGAGATGTCACTCGAA-5","Glut-DACH2-LMANsh","Ex_DACH2_LHX2",0.406263647964912
"_GGAGCAAAGAGTGTGC-5","Glut-DACH2-LMANco","Ex_DACH2_ZMAT4",0.426646280152227
"_GGAGCAAAGCCTCATA-5","Glut-DACH2-LMANsh","Ex_DACH2_LHX2",0.517519292329314
"_GGAGGATAGATTGGGC-5","Glut-DACH2-LMANsh","Ex_DACH2_LHX2",0.531522898541241
"_GGAGGATCAAATTAGG-5","Glut-DACH2-LMANsh","Ex_DACH2_ADAMTS5",0.542831393268718
"_GGAGGATCAATTCACG-5","Glut-DACH2-6","Ex_DACH2_CEMIP",0.388770422765732
"_GGAGGATGTTATGTCG-5","Glut-DACH2-LMANsh","Ex_DACH2_LHX2",0.273191619782357
"_GGAGGATTCAAATGCC-5","Glut-DACH2-LMANco","Ex_SATB2_SOX6",0.466768956818186
"_GGATCTAAGTGCGCTC-5","Glut-DACH2-LMANco","Ex_SATB2_SOX6",0.402145415657323
"_GGATCTACAGAACCGA-5","Glut-DACH2-8","Ex_DACH2_ZMAT4",0.523465677529221
"_GGATCTATCCCAGTGG-5","Glut-DACH2-LMANsh","Ex_DACH2_ADAMTS5",0.332827751120174
"_GGATGTTGTCCTACAA-5","Glut-DACH2-LMANco","Ex_SATB2_SOX6",0.344365315527898
"_GGATGTTGTTGCTTGA-5","Glut-DACH2-LMANco","Ex_SATB2_SOX6",0.407358145939679
"_GGCACGTAGCGCGTTC-5","Glut-DACH2-LMANco","Ex_DACH2_ZMAT4",0.441707594960695
"_GGCACGTGTATTGAGA-5","Glut-DACH2-LMANsh","Ex_DACH2_ADAMTS5",0.304766016171659
"_GGCACGTTCTCCGAAA-5","Glut-DACH2-LMANsh","Ex_DACH2_ADAMTS5",0.461618054524219
"_GGCAGTCAGCGGGTTA-5","Glut-DACH2-6","Ex_DACH2_CEMIP",0.429603043582708
"_GGCAGTCCAGTCGAGA-5","Glut-DACH2-LMANsh","Ex_DACH2_LHX2",0.365465759741371
"_GGCAGTCCATGATGCT-5","Glut-DACH2-LMANsh","Ex_DACH2_LHX2",0.473346912302338
"_GGCAGTCTCGCATTGA-5","Glut-DACH2-6","Ex_DACH2_ZMAT4",0.369556852217265
"_GGCGTCAAGAGTCTTC-5","Glut-DACH2-LMANco","Ex_DACH2_ZMAT4",0.40929447829013
"_GGCGTCAGTTGTGTTG-5","Glut-DACH2-LMANsh","Ex_DACH2_LHX2",0.478766750303561
"_GGCTTGGCAAGTGGAC-5","Glut-DACH2-8","Ex_DACH2_ZMAT4",0.540831914559158
"_GGCTTTCAGTATAGGT-5","Glut-DACH2-LMANco","Ex_DACH2_ZMAT4",0.475031851960122
"_GGCTTTCGTGCGGCTT-5","Glut-DACH2-8","Ex_DACH2_ZMAT4",0.563465039823535
"_GGGAAGTCATCGCCTT-5","Glut-DACH2-6","Ex_DACH2_CEMIP",0.612564501274298
"_GGGAAGTGTCATTCCC-5","Glut-DACH2-LMANco","Ex_SATB2_SOX6",0.290621470994192
"_GGGACAAGTCCAGCCA-5","Glut-DACH2-8","Ex_DACH2_ZMAT4",0.520295921587247
"_GGGACAATCCGAAGGA-5","Glut-DACH2-LMANsh","Ex_DACH2_LHX2",0.538606708460164
"_GGGACCTAGATGACCG-5","Glut-DACH2-LMANsh","Ex_DACH2_LHX2",0.206541042728958
"_GGGACTCCAAGAGGCT-5","Glut-DACH2-LMANco","Ex_DACH2_ZMAT4",0.570870331532756
"_GGGACTCTCGGTTCAA-5","Glut-DACH2-LMANsh","Ex_DACH2_ADAMTS5",0.259930595057916
"_GGGAGTAAGCGGACAT-5","Glut-DACH2-8","Ex_DACH2_ZMAT4",0.558563279993784
"_GGGAGTAGTCTCCTGT-5","Glut-DACH2-LMANsh","Ex_DACH2_LHX2",0.274029395033771
"_GGGATCCAGTAAAGCT-5","Glut-DACH2-5","Ex_DACH2_ADAMTS5",0.434664955063131
"_GGGATCCTCTCCGCAT-5","Glut-DACH2-8","Ex_DACH2_CEMIP",0.331888484346065
"_GGGATGAAGAATTCAG-5","Glut-DACH2-6","Ex_DACH2_CEMIP",0.584389650785604
"_GGGATGAGTCATCCGG-5","Glut-DACH2-LMANsh","Ex_DACH2_LHX2",0.201208010314723
"_GGGATGAGTGGGCTTC-5","Glut-DACH2-LMANsh","Ex_DACH2_LHX2",0.512033430875447
"_GGGATGATCTTGAGCA-5","Glut-DACH2-5","Ex_DACH2_LHX2",0.283758180901381
"_GGGCCATAGCAGGGAG-5","Glut-DACH2-LMANco","Ex_SATB2_SOX6",0.266960967844219
"_GGGCCATAGCATCCTA-5","Glut-DACH2-LMANco","Ex_DACH2_ZMAT4",0.367649544497433
"_GGGCCATCAGCTGGTC-5","Glut-DACH2-8","Ex_DACH2_ZMAT4",0.51908508423873
"_GGGCGTTGTCAAACGG-5","Glut-DACH2-LMANsh","Ex_DACH2_LHX2",0.335039155920047
"_GGGCGTTTCCTTCGAC-5","Glut-DACH2-LMANsh","Ex_DACH2_NR4A3",0.326865945874453
"_GGGCTACCAACGATTC-5","Glut-DACH2-LMANco","Ex_SATB2_SOX6",0.493327602445483
"_GGGCTACTCGGTTGTA-5","Glut-DACH2-LMANco","Ex_DACH2_ZMAT4",0.56028607361713
"_GGGCTACTCTTCTGTA-5","Glut-DACH2-LMANco","Ex_SATB2_SOX6",0.427565014176419
"_GGGCTCAAGACGACGT-5","Glut-DACH2-8","Ex_DACH2_ZMAT4",0.604512744616755
"_GGGTAGAAGGGCTTCC-5","Glut-DACH2-LMANsh","Ex_DACH2_LHX2",0.484819455126238
"_GGGTAGAGTATAGGAT-5","Glut-DACH2-8","Ex_DACH2_ZMAT4",0.474657078875553
"_GGGTATTGTTGACTGT-5","Glut-DACH2-LMANco","Ex_DACH2_CEMIP",0.259355667162226
"_GGGTATTTCAGTGTGT-5","Glut-DACH2-LMANco","Ex_SATB2_SOX6",0.409874282812817
"_GGGTCACTCTAACACG-5","Glut-DACH2-LMANco","Ex_SATB2_SOX6",0.311060987714754
"_GGGTCTGTCCGAGGCT-5","Glut-DACH2-LMANsh","Ex_DACH2_LHX2",0.461517219311065
"_GGGTGAACAAATCGTC-5","Glut-DACH2-LMANco","Ex_DACH2_ZMAT4",0.327792405302373
"_GGGTGAACATGCAGGA-5","Glut-DACH2-LMANsh","Ex_DACH2_ADAMTS5",0.250319798416858
"_GGGTGAAGTATGTGTC-5","Glut-DACH2-LMANco","Ex_SATB2_SOX6",0.350058615385014
"_GGGTGAAGTTAATGAG-5","Glut-DACH2-LMANsh","Ex_DACH2_LHX2",0.50045652489558
"_GGGTGAAGTTATGTGC-5","Glut-DACH2-LMANco","Ex_SATB2_SOX6",0.350030453567854
"_GGGTGTCAGCCATTGT-5","Glut-DACH2-7","Ex_DACH2_ADAMTS5",0.25358714252185
"_GGGTGTCCAATGGGTG-5","Glut-DACH2-LMANsh","Ex_DACH2_ADAMTS5",0.209676843929225
"_GGGTGTCTCGGTCGAC-5","Glut-DACH2-5","Ex_DACH2_LHX2",0.424497387531802
"_GGGTTATTCATTGTGG-5","Glut-DACH2-1","Ex_DACH2_LHX2",0.275482374293779
"_GGGTTTACACGCGCTA-5","Glut-DACH2-LMANco","Ex_SATB2_SOX6",0.441501533231532
"_GGGTTTACAGCTCATA-5","Glut-DACH2-LMANsh","Ex_DACH2_LHX2",0.390978922848328
"_GGGTTTAGTAGACTGG-5","Glut-DACH2-LMANsh","Ex_DACH2_LHX2",0.465823126550684
"_GGGTTTATCCCGAGTG-5","Glut-DACH2-LMANsh","Ex_DACH2_LHX2",0.37618347663411
"_GGTAACTAGACAAGCC-5","Glut-DACH2-LMANsh","Ex_DACH2_ADAMTS5",0.387645066260258
"_GGTAACTAGTCGCCAC-5","Glut-DACH2-LMANsh","Ex_DACH2_ZMAT4",0.33867898097634
"_GGTAATCCATGTTCGA-5","Glut-DACH2-8","Ex_DACH2_ZMAT4",0.553095760769337
"_GGTAATCGTAGACAGC-5","Glut-DACH2-LMANsh","Ex_DACH2_ZMAT4",0.25099538585655
"_GGTAATCGTCACTCGG-5","Glut-SATB2-1","Ex_SATB2_OVOA",0.347275738201382
"_GGTAGAGAGGTGCATG-5","Glut-DACH2-LMANsh","Ex_DACH2_ADAMTS5",0.37318790972554
"_GGTAGAGGTACATTGC-5","Glut-DACH2-5","Ex_DACH2_LHX2",0.284793184153251
"_GGTCACGCAGATGCGA-5","Glut-DACH2-LMANco","Ex_DACH2_ZMAT4",0.494299713484778
"_GGTCTGGGTTTCGTTT-5","Glut-DACH2-LMANsh","Ex_DACH2_LHX2",0.448238107719073
"_GGTCTGGTCCGCACTT-5","Glut-DACH2-8","Ex_DACH2_ZMAT4",0.552782534115115
"_GGTGAAGCACCGTGCA-5","Glut-DACH2-LMANco","Ex_DACH2_ZMAT4",0.475981148982717
"_GGTGAAGCATACAGCT-5","Glut-DACH2-LMANsh","Ex_DACH2_NR4A3",0.39543210940861
"_GGTGATTAGTGACCTT-5","Glut-DACH2-8","Ex_DACH2_ZMAT4",0.599594227817898
"_GGTGATTTCCTCTTTC-5","Glut-DACH2-6","Ex_DACH2_CEMIP",0.442376890555227
"_GGTGGCTCACCTTCCA-5","Glut-DACH2-LMANco","Ex_DACH2_ZMAT4",0.41994262146147
"_GGTGTCGGTGTCCTAA-5","Glut-DACH2-LMANco","Ex_DACH2_ZMAT4",0.348346464708997
"_GGTGTCGTCCATGATG-5","Glut-DACH2-6","Ex_DACH2_ZMAT4",0.395830931379403
"_GGTGTTAAGAGCCGTA-5","Glut-DACH2-5","Ex_DACH2_ADAMTS5",0.395097906294558
"_GGTGTTAAGCCGCTTG-5","Glut-DACH2-LMANco","Ex_SATB2_SOX6",0.294035818833852
"_GGTGTTACAGAGGACT-5","Glut-DACH2-5","Ex_DACH2_LHX2",0.462677650190828
"_GGTTAACAGCCGAACA-5","Glut-DACH2-LMANco","Ex_DACH2_ZMAT4",0.33027799524045
"_GGTTAACTCGCCGAGT-5","Glut-DACH2-LMANsh","Ex_DACH2_LHX2",0.379968015164465
"_GGTTCTCAGAGTGAAG-5","Glut-DACH2-LMANco","Ex_SATB2_SOX6",0.291758812150429
"_GGTTCTCGTGGCAACA-5","Glut-DACH2-6","Ex_DACH2_CEMIP",0.380147967978536
"_GGTTCTCTCGCTCTAC-5","Glut-DACH2-8","Ex_DACH2_ZMAT4",0.514150448436648
"_GGTTGTACAACACGTT-5","Glut-DACH2-LMANsh","Ex_DACH2_LHX2",0.513438252726749
"_GGTTGTACACCTGCTT-5","Glut-DACH2-6","Ex_DACH2_ZMAT4",0.414230287165323
"_GGTTGTAGTGACACAG-5","Glut-DACH2-LMANco","Ex_DACH2_CEMIP",0.340953052658634
"_GTAAGTCGTCACCGAC-5","Glut-DACH2-8","Ex_DACH2_ZMAT4",0.56762643212783
"_GTAATCGGTTGCACGC-5","Glut-DACH2-LMANsh","Ex_DACH2_ADAMTS5",0.467470560343149
"_GTAATCGGTTGGTAGG-5","Glut-DACH2-LMANsh","Ex_DACH2_ADAMTS5",0.410101848446477
"_GTAATCGTCTGGTCAA-5","Glut-DACH2-LMANco","Ex_DACH2_ZMAT4",0.294344270373811
"_GTAATGCAGCTTCGTA-5","Glut-DACH2-8","Ex_DACH2_ZMAT4",0.579397516280892
"_GTACAACAGCCACTCG-5","Glut-DACH2-LMANco","Ex_DACH2_ZMAT4",0.576633997704349
"_GTACAACAGGCGATAC-5","Glut-DACH2-LMANsh","Ex_DACH2_LHX2",0.368912934610903
"_GTACAACTCGCTCTAC-5","Glut-DACH2-LMANsh","Ex_DACH2_LHX2",0.475243721024253
"_GTACAGTAGGCTCAAG-5","Glut-DACH2-LMANsh","Ex_DACH2_GRIK4",0.210755905617098
"_GTACAGTTCCCGAGAC-5","Glut-DACH2-LMANsh","Ex_DACH2_LHX2",0.21018446503229
"_GTAGAAAAGACGACTG-5","Glut-DACH2-LMANsh","Ex_DACH2_LHX2",0.396136222627335
"_GTAGATCCATACCACA-5","Glut-DACH2-LMANco","Ex_SATB2_SOX6",0.495349141003202
"_GTAGATCGTAAGGCTG-5","Glut-DACH2-LMANco","Ex_SATB2_SOX6",0.434340992970858
"_GTAGATCTCCTCTCTT-5","Glut-DACH2-LMANsh","Ex_DACH2_ZMAT4",0.519504983122106
"_GTAGCTACAATAGAGT-5","Glut-DACH2-LMANsh","Ex_DACH2_LHX2",0.512741212784048
"_GTAGCTACAGCTCATA-5","Glut-DACH2-7","Ex_DACH2_CEMIP",0.302239916100303
"_GTAGCTACAGTCTTCC-5","Glut-DACH2-LMANsh","Ex_DACH2_ADAMTS5",0.442757331060511
"_GTAGCTAGTCTCAGGC-5","Glut-DACH2-LMANco","Ex_SATB2_SOX6",0.417481847866862
"_GTAGGAGAGAGTGTTA-5","Glut-DACH2-6","Ex_DACH2_CEMIP",0.540994888192467
"_GTAGGAGCAATTCTCT-5","Glut-DACH2-LMANco","Ex_SATB2_SOX6",0.343455149874268
"_GTAGGAGGTACCGTCG-5","Glut-DACH2-LMANco","Ex_DACH2_ZMAT4",0.335258834780964
"_GTAGGAGGTGCGGATA-5","Glut-DACH2-LMANsh","Ex_DACH2_LHX2",0.502350576224335
"_GTAGGAGTCTAGGAAA-5","Glut-DACH2-LMANsh","Ex_DACH2_ADAMTS5",0.314993021223345
"_GTAGGTTCAATGTGGG-5","Glut-DACH2-LMANsh","Ex_DACH2_LHX2",0.468475186361746
"_GTAGGTTCAGAGTTCT-5","Glut-DACH2-LMANsh","Ex_DACH2_ADAMTS5",0.544063965133667
"_GTATTGGGTCCACACG-5","Glut-DACH2-LMANco","Ex_SATB2_SOX6",0.395678465110209
"_GTATTGGTCCACACCT-5","Glut-DACH2-8","Ex_DACH2_ZMAT4",0.619454690490665
"_GTATTTCGTTCTCAGA-5","Glut-DACH2-LMANsh","Ex_DACH2_LHX2",0.401450990027209
"_GTCAAGTAGCCATGCC-5","Glut-DACH2-LMANsh","Ex_DACH2_LHX2",0.353543774253095
"_GTCAAGTGTATGAGAT-5","Glut-DACH2-LMANco","Ex_DACH2_ZMAT4",0.399193313375939
"_GTCAAGTTCTAGTTCT-5","Glut-DACH2-LMANsh","Ex_DACH2_LHX2",0.47700689841384
"_GTCACGGGTACCCACG-5","Glut-DACH2-8","Ex_DACH2_ZMAT4",0.634736919402276
"_GTCACGGTCAAGCGTT-5","Glut-DACH2-8","Ex_DACH2_ZMAT4",0.60267857502439
"_GTCACTCAGGGATCAC-5","Glut-DACH2-LMANsh","Ex_DACH2_LHX2",0.500908569358098
"_GTCACTCCATAGGTTC-5","Glut-DACH2-LMANsh","Ex_DACH2_LHX2",0.470322745630039
"_GTCAGCGAGAGCATAT-5","Glut-DACH2-LMANco","Ex_DACH2_ZMAT4",0.381018846089861
"_GTCAGCGCAGACAAAT-5","Glut-DACH2-5","Ex_DACH2_ADAMTS5",0.555994247488603
"_GTCAGCGGTGAGCTCC-5","Glut-DACH2-LMANsh","Ex_DACH2_ADAMTS5",0.328546234014356
"_GTCATCCAGATACAGT-5","Glut-DACH2-LMANco","Ex_SATB2_SOX6",0.346875901286769
"_GTCATCCGTTGTACGT-5","Glut-DACH2-LMANco","Ex_DACH2_LHX2",0.241069266809572
"_GTCATGAAGGGACCAT-5","Glut-DACH2-LMANsh","Ex_DACH2_LHX2",0.411829159214397
"_GTCATGACAATGCAGG-5","Glut-DACH2-LMANco","Ex_SATB2_SOX6",0.37095417972442
"_GTCATGATCTTGCAGA-5","Glut-DACH2-LMANco","Ex_DACH2_ZMAT4",0.574832318543345
"_GTCATTTAGTCAGCCC-5","Glut-DACH2-8","Ex_DACH2_ZMAT4",0.465140864145975
"_GTCATTTCAGCTGTTA-5","Glut-DACH2-LMANco","Ex_DACH2_ZMAT4",0.336890450092864
"_GTCATTTGTTGCATTG-5","Glut-DACH2-LMANsh","Ex_DACH2_ADAMTS5",0.352681535142223
"_GTCCACTAGAACTCCT-5","Glut-DACH2-1","Ex_DACH2_LHX2",0.472840256038425
"_GTCCACTAGCCTAGGA-5","Glut-DACH2-LMANsh","Ex_DACH2_LHX2",0.366450230158671
"_GTCCACTCACAGCATT-5","Glut-DACH2-LMANco","Ex_DACH2_ZMAT4",0.332141092556574
"_GTCCACTTCTGTTGGA-5","Glut-DACH2-8","Ex_DACH2_ZMAT4",0.53774500789925
"_GTCCACTTCTTGTTAC-5","Glut-DACH2-LMANco","Ex_DACH2_ZMAT4",0.331318949970727
"_GTCCACTTCTTTCCAA-5","Glut-DACH2-LMANco","Ex_DACH2_ZMAT4",0.400768355156534
"_GTCCCATAGCTTCGTA-5","Glut-DACH2-LMANsh","Ex_DACH2_LHX2",0.514617650747213
"_GTCCCATCAGGTAGTG-5","Glut-DACH2-LMANsh","Ex_DACH2_LHX2",0.296367371329077
"_GTCCCATGTGTCTCCT-5","Glut-DACH2-LMANco","Ex_SATB2_SOX6",0.480823118272322
"_GTCCTCACAAGCGCTC-5","Glut-DACH2-8","Ex_DACH2_ZMAT4",0.46949937851907
"_GTCGAATCACCGTACG-5","Glut-DACH2-6","Ex_DACH2_CEMIP",0.563140353889088
"_GTCGAATGTACCAATC-5","Glut-DACH2-LMANsh","Ex_DACH2_LHX2",0.520852676521118
"_GTCGCGACAGGCTCTG-5","Glut-DACH2-LMANco","Ex_SATB2_SOX6",0.423381183530643
"_GTCGCGAGTGATAGTA-5","Glut-DACH2-LMANco","Ex_DACH2_ZMAT4",0.285696755342026
"_GTCGTAATCTGTTCAT-5","Glut-DACH2-LMANsh","Ex_DACH2_LHX2",0.436828860817399
"_GTCGTTCGTGGCAGAT-5","Glut-DACH2-8","Ex_DACH2_ZMAT4",0.551071919862753
"_GTCTACCTCCGGTAGC-5","Glut-DACH2-6","Ex_DACH2_CEMIP",0.49785633843954
"_GTCTACCTCTCATTTG-5","Glut-DACH2-8","Ex_DACH2_ZMAT4",0.463714900393827
"_GTCTAGAAGGTAACTA-5","Glut-DACH2-LMANco","Ex_DACH2_ZMAT4",0.349946168994103
"_GTCTCACAGACGCTCC-5","Glut-DACH2-LMANsh","Ex_DACH2_LHX2",0.426566567834225
"_GTCTCACGTTCTCTCG-5","Glut-DACH2-LMANsh","Ex_DACH2_LHX2",0.44479328623504
"_GTCTCACTCGCCACTT-5","Glut-DACH2-LMANco","Ex_SATB2_SOX6",0.377928105218434
"_GTCTTTAAGATGACCG-5","Glut-DACH2-6","Ex_DACH2_ZMAT4",0.4731478582194
"_GTCTTTACAAGGCCTC-5","Glut-DACH2-6","Ex_DACH2_ZMAT4",0.296727937165489
"_GTCTTTATCGTCCATC-5","Glut-DACH2-LMANco","Ex_DACH2_ZMAT4",0.335652602032151
"_GTGACGCTCAGCCTTC-5","Glut-DACH2-LMANco","Ex_SATB2_SOX6",0.272498218061151
"_GTGAGCCCAGGGAGAG-5","Glut-DACH2-6","Ex_DACH2_CEMIP",0.436853633164139
"_GTGAGGAAGCCATATC-5","Glut-DACH2-LMANco","Ex_SATB2_SOX6",0.309436885897808
"_GTGAGGATCGGTCGAC-5","Glut-DACH2-LMANco","Ex_DACH2_CEMIP",0.339474543012785
"_GTGAGGATCGTCCATC-5","Glut-DACH2-LMANsh","Ex_DACH2_ZMAT4",0.29794619881384
"_GTGAGTTCAATGTTGC-5","Glut-DACH2-LMANsh","Ex_DACH2_LHX2",0.384048639320201
"_GTGAGTTCAGGTTACT-5","Glut-DACH2-LMANsh","Ex_DACH2_LHX2",0.417253679892543
"_GTGATGTAGCACCAGA-5","Glut-DACH2-LMANco","Ex_DACH2_ZMAT4",0.498787410352668
"_GTGATGTAGGTACAAT-5","Glut-DACH2-LMANsh","Ex_DACH2_ZMAT4",0.291002224794861
"_GTGATGTGTTCTTAGG-5","Glut-DACH2-6","Ex_DACH2_ZMAT4",0.398946593388073
"_GTGATGTTCCTCCACA-5","Glut-DACH2-LMANco","Ex_SATB2_SOX6",0.391307959865652
"_GTGCAGCAGCTCGTGC-5","Glut-DACH2-LMANsh","Ex_DACH2_LHX2",0.390984996117573
"_GTGCGTGAGGTAGATT-5","Glut-DACH2-8","Ex_DACH2_ZMAT4",0.393742493913193
"_GTGCGTGGTCCCACGA-5","Glut-DACH2-8","Ex_DACH2_ZMAT4",0.624911553013483
"_GTGCTGGGTCATCGCG-5","Glut-DACH2-LMANsh","Ex_DACH2_ADAMTS5",0.354387920559422
"_GTGCTGGGTGGCTCTG-5","Glut-DACH2-LMANsh","Ex_DACH2_ZMAT4",0.4766694789295
"_GTGCTGGGTGTGAATA-5","Glut-DACH2-8","Ex_DACH2_ZMAT4",0.523414756863052
"_GTGGAAGGTGATACAA-5","Glut-DACH2-6","Ex_DACH2_CEMIP",0.455917794196233
"_GTGGAAGGTTGCCAAT-5","Glut-DACH2-LMANsh","Ex_DACH2_LHX2",0.50353908701739
"_GTGGAGAGTGGACCTC-5","Glut-DACH2-7","Ex_DACH2_CEMIP",0.24812872260755
"_GTGGAGATCAGTGTGT-5","Glut-DACH2-LMANco","Ex_DACH2_CEMIP",0.259619377968354
"_GTGGAGATCGAGCTGC-5","Glut-DACH2-LMANsh","Ex_DACH2_ADAMTS5",0.306407419167158
"_GTGGCGTCAACATCGT-5","Glut-DACH2-LMANsh","Ex_DACH2_ADAMTS5",0.413092658045547
"_GTGGCGTTCTAGAGCT-5","Glut-DACH2-LMANco","Ex_SATB2_SOX6",0.393320376891616
"_GTGGGAAAGATACGAT-5","Glut-DACH2-LMANsh","Ex_DACH2_LHX2",0.523364477097785
"_GTGGGAAGTATGCTAC-5","Glut-DACH2-LMANco","Ex_DACH2_ZMAT4",0.44716154336633
"_GTGGTTAAGTTCCAGT-5","Glut-DACH2-8","Ex_DACH2_ZMAT4",0.573879549454273
"_GTGGTTACAACCAATC-5","Glut-DACH2-LMANco","Ex_SATB2_SOX6",0.417143831904191
"_GTGGTTACACGTAACT-5","Glut-DACH2-LMANsh","Ex_DACH2_LHX2",0.51966981119127
"_GTGGTTACAGCCGTCA-5","Glut-DACH2-6","Ex_DACH2_CEMIP",0.408568113854489
"_GTGTAACAGGGCAACT-5","Glut-DACH2-LMANsh","Ex_DACH2_ADAMTS5",0.385266635416777
"_GTGTAACGTCAAGCCC-5","Glut-DACH2-LMANsh","Ex_DACH2_LHX2",0.320878522482968
"_GTGTCCTCAGCAGGAT-5","Glut-DACH2-LMANco","Ex_DACH2_ZMAT4",0.289626252164056
"_GTGTCCTTCTAGCAAC-5","Glut-DACH2-8","Ex_DACH2_ZMAT4",0.416419690618696
"_GTGTGATGTCACTCAA-5","Glut-DACH2-LMANco","Ex_DACH2_ZMAT4",0.379190064444304
"_GTGTGATGTGCGTCGT-5","Glut-DACH2-LMANco","Ex_DACH2_ZMAT4",0.281959780069909
"_GTGTGGCAGCAGGCAT-5","Glut-DACH2-7","Ex_DACH2_NR4A3",0.255146848371417
"_GTGTGGCAGTATGGAT-5","Glut-DACH2-LMANsh","Ex_DACH2_LHX2",0.335136037115128
"_GTGTGGCCAATGGGTG-5","Glut-DACH2-8","Ex_DACH2_ZMAT4",0.633657801864693
"_GTGTGGCCAGGAATCG-5","Glut-DACH2-1","Ex_DACH2_ADAMTS5",0.576886221863458
"_GTGTTAGGTAATTGGA-5","Glut-DACH2-LMANsh","Ex_DACH2_LHX2",0.320483816436164
"_GTGTTAGGTGCGCTCA-5","Glut-DACH2-LMANco","Ex_DACH2_ZMAT4",0.298534409414461
"_GTTACAGAGGATCATA-5","Glut-DACH2-LMANco","Ex_SATB2_SOX6",0.326238706761869
"_GTTACAGCACAAGGTG-5","Glut-DACH2-LMANsh","Ex_DACH2_LHX2",0.374285702112204
"_GTTACAGTCATCGACA-5","Glut-DACH2-LMANco","Ex_DACH2_ZMAT4",0.513428732253088
"_GTTACAGTCCATACAG-5","Glut-DACH2-LMANsh","Ex_DACH2_LHX2",0.494203144194697
"_GTTACAGTCGCATTGA-5","Glut-DACH2-LMANsh","Ex_DACH2_ADAMTS5",0.373973999479482
"_GTTACAGTCTACCACC-5","Glut-DACH2-LMANsh","Ex_DACH2_LHX2",0.413495630359242
"_GTTACCCGTCACAGTT-5","Glut-DACH2-8","Ex_DACH2_ZMAT4",0.596233658384137
"_GTTACCCTCGACCTAA-5","Glut-DACH2-5","Ex_DACH2_LHX2",0.379487958039364
"_GTTACGAAGTCCCAAT-5","Glut-DACH2-LMANsh","Ex_DACH2_ADAMTS5",0.415402465580371
"_GTTACGACAATCCAGT-5","Glut-DACH2-6","Ex_DACH2_CEMIP",0.495032466461402
"_GTTACGACACGGTGAA-5","Glut-DACH2-LMANsh","Ex_DACH2_LHX2",0.33066086689884
"_GTTACGACAGGACATG-5","Glut-DACH2-LMANsh","Ex_DACH2_ADAMTS5",0.410713450573381
"_GTTACGAGTGGAATGC-5","Glut-DACH2-LMANsh","Ex_DACH2_LHX2",0.542250844098004
"_GTTACGATCAGTCATG-5","Glut-DACH2-LMANco","Ex_DACH2_ZMAT4",0.40590440447742
"_GTTAGACGTTCGGTAT-5","Glut-DACH2-LMANco","Ex_DACH2_ZMAT4",0.514416488235487
"_GTTATGGAGCGTCAGA-5","Glut-DACH2-LMANco","Ex_DACH2_ZMAT4",0.411204682649456
"_GTTATGGGTGCGAGTA-5","Glut-DACH2-LMANsh","Ex_DACH2_LHX2",0.314205693020803
"_GTTCATTCATTAGGAA-5","Glut-DACH2-LMANsh","Ex_DACH2_LHX2",0.303199958657046
"_GTTCATTTCAAGTGGG-5","Glut-DACH2-LMANsh","Ex_DACH2_LHX2",0.407586495383371
"_GTTCCGTCAAATCAAG-5","Glut-DACH2-LMANsh","Ex_DACH2_LHX2",0.408480278892968
"_GTTCCGTCATCCTGTC-5","Glut-DACH2-LMANsh","Ex_DACH2_LHX2",0.341947826559293
"_GTTCTATAGCTATCTG-5","Glut-DACH2-LMANco","Ex_DACH2_ZMAT4",0.598819123196091
"_GTTCTATTCCAATGCA-5","Glut-DACH2-LMANco","Ex_DACH2_ZMAT4",0.443497635867174
"_GTTGAACCAAACCACT-5","Glut-DACH2-LMANco","Ex_DACH2_ZMAT4",0.421642559705638
"_GTTGAACCACACAGAG-5","Glut-DACH2-LMANsh","Ex_DACH2_LHX2",0.466349088180197
"_GTTGAACCACAGTGTT-5","Glut-DACH2-LMANco","Ex_DACH2_ZMAT4",0.482760107508612
"_GTTGAACGTGTGCCTG-5","Glut-DACH2-LMANco","Ex_SATB2_SOX6",0.333574484472932
"_GTTGCGGAGAGGTCGT-5","Glut-DACH2-LMANco","Ex_DACH2_ZMAT4",0.57397681472112
"_GTTGCTCAGCGACATG-5","Glut-DACH2-LMANsh","Ex_DACH2_ADAMTS5",0.310591861674119
"_GTTGCTCCAATCGCCG-5","Glut-DACH2-6","Ex_DACH2_ZMAT4",0.372428130112227
"_GTTGTAGCACCGTGAC-5","Glut-DACH2-8","Ex_DACH2_CEMIP",0.395289170462946
"_GTTGTCCAGGTGAGAA-5","Glut-DACH2-LMANco","Ex_SATB2_SOX6",0.301393932861181
"_GTTGTCCTCTCTGACC-5","Glut-DACH2-8","Ex_DACH2_ZMAT4",0.482938596227683
"_GTTTACTAGGGACAGG-5","Glut-DACH2-LMANsh","Ex_DACH2_ADAMTS5",0.505669123021297
"_GTTTACTAGTAGTCAA-5","Glut-DACH2-LMANco","Ex_DACH2_ZMAT4",0.316696939667016
"_GTTTACTAGTTCATGC-5","Glut-DACH2-LMANco","Ex_DACH2_ZMAT4",0.355133650676928
"_GTTTGGACACACGTGC-5","Glut-DACH2-LMANsh","Ex_DACH2_LHX2",0.40008097510958
"_GTTTGGACAGGCTATT-5","Glut-DACH2-LMANsh","Ex_DACH2_ADAMTS5",0.288208825921214
"_TAACACGTCCCGAATA-5","Glut-DACH2-LMANsh","Ex_DACH2_LHX2",0.411611723696066
"_TAACACGTCTCTATGT-5","Glut-DACH2-LMANsh","Ex_DACH2_GRIK4",0.237787758987223
"_TAACGACAGAGGACTC-5","Glut-DACH2-6","Ex_DACH2_CEMIP",0.477307623110608
"_TAACGACAGTGGAATT-5","Glut-DACH2-LMANco","Ex_DACH2_ZMAT4",0.534728475579277
"_TAACGACCACTGCGAC-5","Glut-DACH2-1","Ex_DACH2_ADAMTS5",0.254023957372742
"_TAACGACGTATCAGGG-5","Glut-DACH2-8","Ex_DACH2_ZMAT4",0.618880710770185
"_TAACGACGTGATACTC-5","Glut-DACH2-LMANco","Ex_DACH2_ZMAT4",0.556093226620457
"_TAACTTCGTACAGCGA-5","Glut-DACH2-6","Ex_DACH2_CEMIP",0.550651348132707
"_TAAGCACAGCATGGGT-5","Glut-DACH2-LMANsh","Ex_DACH2_ADAMTS5",0.285935012381924
"_TAAGCACCATTGACAC-5","Glut-DACH2-LMANsh","Ex_DACH2_LHX2",0.244042284887227
"_TAAGCACGTCGTCAGC-5","Glut-DACH2-LMANsh","Ex_DACH2_LHX2",0.535396672805547
"_TAAGCCACAGTTTGGT-5","Glut-DACH2-LMANsh","Ex_DACH2_LHX2",0.410383920335682
"_TAAGCCAGTCCTATAG-5","Glut-DACH2-LMANco","Ex_DACH2_ZMAT4",0.430998969758904
"_TAAGCCATCCCAGGCA-5","Glut-DACH2-5","Ex_DACH2_LHX2",0.471466557403095
"_TAAGCGTGTATGAAAC-5","Glut-DACH2-LMANsh","Ex_DACH2_LHX2",0.519359285979415
"_TAAGTCGCACATTCGA-5","Glut-DACH2-LMANsh","Ex_DACH2_ADAMTS5",0.328020634775233
"_TAAGTCGTCTGAGGTT-5","Glut-DACH2-6","Ex_DACH2_ZMAT4",0.440873611264263
"_TAATCTCAGCACGGAT-5","Glut-DACH2-LMANsh","Ex_DACH2_ADAMTS5",0.414400346557014
"_TAATCTCGTCCCACGA-5","Glut-DACH2-1","Ex_DACH2_GRIK4",0.196974644385227
"_TAATTCCCACTGCATA-5","Glut-DACH2-8","Ex_DACH2_ZMAT4",0.504280594026504
"_TAATTCCGTGACACAG-5","Glut-DACH2-6","Ex_DACH2_ZMAT4",0.464250701308333
"_TACACCCAGACTCAAA-5","Glut-DACH2-LMANco","Ex_DACH2_ZMAT4",0.422981530226066
"_TACACCCGTGTTAACC-5","Glut-DACH2-LMANco","Ex_DACH2_ZMAT4",0.562430825818658
"_TACAGGTAGGCCGCTT-5","Glut-DACH2-8","Ex_DACH2_ZMAT4",0.464487260560941
"_TACAGGTAGTTTCGGT-5","Glut-DACH2-LMANsh","Ex_DACH2_LHX2",0.344851498416316
"_TACAGGTGTGGTCCCA-5","Glut-DACH2-LMANsh","Ex_DACH2_LHX2",0.423035281135702
"_TACAGGTTCCCGAAAT-5","Glut-DACH2-LMANsh","Ex_DACH2_ADAMTS5",0.214047875836211
"_TACATTCCACTTCCTG-5","Glut-DACH2-6","Ex_DACH2_CEMIP",0.502485518809715
"_TACATTCCATTGTACG-5","Glut-DACH2-LMANsh","Ex_DACH2_GRIK4",0.255888500354039
"_TACATTCGTTCGGACC-5","Glut-DACH2-LMANco","Ex_SATB2_SOX6",0.358228012354498
"_TACATTCTCTTCGTAT-5","Glut-DACH2-LMANsh","Ex_DACH2_ADAMTS5",0.266726910486117
"_TACATTCTCTTTGATC-5","Glut-DACH2-6","Ex_DACH2_ZMAT4",0.389488355648763
"_TACCCACAGAGAGCAA-5","Glut-DACH2-8","Ex_DACH2_ZMAT4",0.619707015677585
"_TACCCACAGGCGTCCT-5","Glut-DACH2-LMANsh","Ex_DACH2_ADAMTS5",0.205868657602891
"_TACCCACCAATCTAGC-5","Glut-DACH2-LMANco","Ex_SATB2_SOX6",0.341696035339681
"_TACCCACCAGAGTCTT-5","Glut-DACH2-LMANsh","Ex_DACH2_GRIK4",0.218051780926565
"_TACCCACGTCGGCCTA-5","Glut-DACH2-LMANsh","Ex_DACH2_LHX2",0.314909174026826
"_TACCCACGTGACTCGC-5","Glut-DACH2-LMANco","Ex_DACH2_ZMAT4",0.407782785238875
"_TACCCACGTGATACTC-5","Glut-DACH2-LMANco","Ex_SATB2_SOX6",0.417611036821475
"_TACCCACGTGGCTAGA-5","Glut-DACH2-LMANsh","Ex_DACH2_NR4A3",0.311069106698556
"_TACCCACGTTGGTGTT-5","Glut-DACH2-8","Ex_DACH2_ZMAT4",0.640396298816679
"_TACCGAAGTCTACAAC-5","Glut-DACH2-6","Ex_DACH2_ZMAT4",0.491041436354701
"_TACCGGGGTATGCGGA-5","Glut-DACH2-LMANsh","Ex_DACH2_LHX2",0.241325723598258
"_TACCGGGGTCTCACAA-5","Glut-DACH2-LMANco","Ex_DACH2_ZMAT4",0.58523900469541
"_TACCTCGCAGCGGTCT-5","Glut-DACH2-8","Ex_DACH2_ZMAT4",0.361923577524808
"_TACCTCGGTGCATCTA-5","Glut-DACH2-LMANsh","Ex_DACH2_LHX2",0.413999566832115
"_TACCTGCTCTCACGAA-5","Glut-DACH2-LMANsh","Ex_DACH2_LHX2",0.512955011226774
"_TACGCTCCAATAGTCC-5","Glut-DACH2-LMANsh","Ex_DACH2_LHX2",0.391860965922446
"_TACGCTCGTGTTAGCT-5","Glut-DACH2-LMANco","Ex_DACH2_ZMAT4",0.460048326824616
"_TACGGGCCAAACTGCT-5","Glut-DACH2-8","Ex_DACH2_ZMAT4",0.584428511832378
"_TACGGGCCAACCGCCA-5","Glut-DACH2-LMANsh","Ex_DACH2_LHX2",0.274062082954016
"_TACGGTAGTTGGTACT-5","Glut-DACH2-8","Ex_DACH2_CEMIP",0.278282608710153
"_TACGTCCCACCGCTGA-5","Glut-DACH2-1","Ex_DACH2_LHX2",0.508730592835147
"_TACGTCCCAGCTTCCT-5","Glut-CACNA1H-2","Ex_DACH2_ADAMTS5",0.188312397880976
"_TACTGCCCAGTGGGTA-5","Glut-DACH2-LMANsh","Ex_DACH2_LHX2",0.476342078959812
"_TACTGCCGTAACGTTC-5","Glut-DACH2-6","Ex_DACH2_ZMAT4",0.291063686358113
"_TACTGCCGTGGTCAAG-5","Glut-DACH2-LMANco","Ex_DACH2_CEMIP",0.27903101567849
"_TACTTACAGAGTGTGC-5","Glut-DACH2-LMANsh","Ex_DACH2_GRIK4",0.258236915994408
"_TACTTACCAAAGTGTA-5","Glut-DACH2-LMANsh","Ex_DACH2_ADAMTS5",0.376664051036243
"_TACTTACGTACTCCGG-5","Glut-DACH2-LMANsh","Ex_DACH2_LHX2",0.460264886968577
"_TACTTACTCACTAGCA-5","Glut-DACH2-LMANco","Ex_SATB2_SOX6",0.284731344349358
"_TACTTACTCGTTAGTG-5","Glut-DACH2-LMANco","Ex_DACH2_ZMAT4",0.488981124795708
"_TACTTACTCGTTGTAG-5","Glut-DACH2-LMANco","Ex_SATB2_SOX6",0.337477857791933
"_TACTTCAAGCTTGTTG-5","Glut-DACH2-6","Ex_DACH2_ZMAT4",0.491158731705793
"_TACTTCATCTACGCGG-5","Glut-DACH2-LMANsh","Ex_DACH2_LHX2",0.490863491548323
"_TACTTGTGTAGCTGCC-5","Glut-DACH2-LMANco","Ex_DACH2_CEMIP",0.319561084384364
"_TACTTGTTCGCTGTTC-5","Glut-DACH2-LMANsh","Ex_DACH2_LHX2",0.530497937161748
"_TACTTGTTCTGATGGT-5","Glut-DACH2-LMANsh","Ex_DACH2_LHX2",0.467527340980594
"_TAGACCACATTGGCAT-5","Glut-DACH2-8","Ex_DACH2_ZMAT4",0.623379516493463
"_TAGACTGGTCCCTAAA-5","Glut-DACH2-LMANco","Ex_DACH2_CEMIP",0.271118710026426
"_TAGACTGTCTTTCCAA-5","Glut-DACH2-LMANco","Ex_DACH2_CEMIP",0.273651364118528
"_TAGAGTCCAAGTGGTG-5","Glut-DACH2-LMANsh","Ex_DACH2_LHX2",0.488529102966062
"_TAGAGTCCACATATGC-5","Glut-DACH2-1","Ex_DACH2_LHX2",0.393058240850326
"_TAGAGTCCACGTAACT-5","Glut-DACH2-6","Ex_DACH2_CEMIP",0.372439193471205
"_TAGAGTCCACTATGTG-5","Glut-DACH2-LMANsh","Ex_DACH2_GRIK4",0.303575965343526
"_TAGATCGAGTACCCTA-5","Glut-DACH2-LMANsh","Ex_DACH2_LHX2",0.367797616601406
"_TAGATCGCAAATGATG-5","Glut-DACH2-5","Ex_DACH2_LHX2",0.223543642512386
"_TAGATCGCATGCGGTC-5","Glut-DACH2-LMANsh","Ex_DACH2_ADAMTS5",0.262066616900104
"_TAGATCGGTCCTCCAT-5","Glut-DACH2-LMANsh","Ex_DACH2_LHX2",0.505266117951931
"_TAGCACAAGCCAACCC-5","Glut-DACH2-LMANco","Ex_DACH2_ZMAT4",0.418958407864983
"_TAGCACAGTTCCAAAC-5","Glut-DACH2-LMANsh","Ex_DACH2_LHX2",0.477227520454965
"_TAGGAGGCATGAATAG-5","Glut-DACH2-LMANco","Ex_DACH2_ZMAT4",0.425690687289756
"_TAGGAGGGTGCATCTA-5","Glut-DACH2-LMANco","Ex_SATB2_SOX6",0.340315047653072
"_TAGGAGGGTTAGCTAC-5","Glut-DACH2-LMANsh","Ex_DACH2_LHX2",0.447323673202736
"_TAGGGTTCACAAATGA-5","Glut-DACH2-LMANco","Ex_DACH2_ZMAT4",0.31663197051716
"_TAGGGTTCAGTCAGCC-5","Glut-DACH2-LMANsh","Ex_DACH2_ADAMTS5",0.386242229155815
"_TAGGGTTCATAGGAGC-5","Glut-DACH2-6","Ex_DACH2_ZMAT4",0.435256431636401
"_TAGGGTTTCCCAAGTA-5","Glut-DACH2-LMANco","Ex_SATB2_SOX6",0.385466287682779
"_TAGGTACCAAGCCTGC-5","Glut-DACH2-LMANsh","Ex_DACH2_GRIK4",0.338200929001361
"_TAGGTTGAGATAGCTA-5","Glut-DACH2-LMANco","Ex_DACH2_ZMAT4",0.443405588848713
"_TAGTGCATCATGGAGG-5","Glut-DACH2-LMANco","Ex_DACH2_ZMAT4",0.322967404846514
"_TAGTGCATCGAGTCCG-5","Glut-DACH2-LMANco","Ex_SATB2_SOX6",0.419607221981007
"_TATACCTGTTGCTTGA-5","Glut-DACH2-LMANco","Ex_SATB2_SOX6",0.312729231728855
"_TATACCTTCCATTTCA-5","Glut-DACH2-LMANsh","Ex_DACH2_LHX2",0.344170451614669
"_TATACCTTCGGTAGAG-5","Glut-DACH2-LMANco","Ex_DACH2_ZMAT4",0.426851846848598
"_TATATCCGTCTAGGTT-5","Glut-DACH2-8","Ex_DACH2_ZMAT4",0.429924010471332
"_TATATCCTCGAACGCC-5","Glut-DACH2-8","Ex_DACH2_ZMAT4",0.484091349277171
"_TATCCTACATTCACCC-5","Glut-DACH2-LMANsh","Ex_DACH2_GRIK4",0.29076746054628
"_TATCCTAGTGTTGAGG-5","Glut-DACH2-LMANsh","Ex_DACH2_ZMAT4",0.224877805993806
"_TATCCTAGTTGTTGAC-5","Glut-DACH2-LMANco","Ex_SATB2_SOX6",0.356572252165927
"_TATCCTATCCATAAGC-5","Glut-DACH2-8","Ex_DACH2_ZMAT4",0.547617002535988
"_TATCCTATCCATAGAC-5","Glut-DACH2-LMANco","Ex_DACH2_ZMAT4",0.371978330859895
"_TATCGCCGTCACCACG-5","Glut-DACH2-LMANsh","Ex_DACH2_ADAMTS5",0.376114345254512
"_TATCGCCGTGTTCGTA-5","Glut-DACH2-LMANsh","Ex_DACH2_LHX2",0.364098240913021
"_TATCGCCTCGAGAATA-5","Glut-DACH2-LMANco","Ex_DACH2_ZMAT4",0.347871651901957
"_TATCTGTCAACCCTCT-5","Glut-DACH2-LMANco","Ex_DACH2_ZMAT4",0.300058376952318
"_TATCTTGAGTTCTCTT-5","Glut-DACH2-LMANco","Ex_DACH2_ZMAT4",0.45490655288007
"_TATCTTGCAAGTGGTG-5","Glut-DACH2-LMANsh","Ex_DACH2_LHX2",0.464441519004449
"_TATCTTGGTTACGTAC-5","Glut-DACH2-LMANco","Ex_DACH2_ZMAT4",0.344178553542851
"_TATCTTGTCGGCAGTC-5","Glut-DACH2-LMANco","Ex_SATB2_SOX6",0.34563781390298
"_TATGTTCAGGAGGTTC-5","Glut-DACH2-LMANco","Ex_DACH2_ZMAT4",0.290382275515659
"_TATGTTCCACGTAACT-5","Glut-DACH2-LMANsh","Ex_DACH2_LHX2",0.391508561829595
"_TATGTTCTCATTGCGA-5","Glut-DACH2-LMANco","Ex_SATB2_SOX6",0.443727546385987
"_TATGTTCTCTGGACTA-5","Glut-DACH2-8","Ex_DACH2_ZMAT4",0.566274315625209
"_TATTCCAGTCTTAGTG-5","Glut-DACH2-LMANsh","Ex_DACH2_LHX2",0.504528591005262
"_TATTGCTCATAAGCAA-5","Glut-DACH2-LMANsh","Ex_DACH2_LHX2",0.374720246343197
"_TATTGCTTCTATTGTC-5","Glut-DACH2-8","Ex_DACH2_ZMAT4",0.585921757748424
"_TATTGCTTCTGCGTCT-5","Glut-DACH2-8","Ex_DACH2_ZMAT4",0.24093781137789
"_TATTGCTTCTTCTGTA-5","Glut-DACH2-LMANco","Ex_DACH2_CEMIP",0.314867645659497
"_TATTGGGGTTTGATCG-5","Glut-DACH2-LMANco","Ex_SATB2_SOX6",0.357140171149304
"_TATTGGGTCAGGAAGC-5","Glut-DACH2-8","Ex_DACH2_ZMAT4",0.329781467721064
"_TCAAGACAGGAACTCG-5","Glut-DACH2-LMANsh","Ex_DACH2_LHX2",0.266702483227059
"_TCAAGACTCGTAGGGA-5","Glut-DACH2-LMANco","Ex_DACH2_ZMAT4",0.337102662597642
"_TCAAGCAAGAGGTCGT-5","Glut-DACH2-LMANco","Ex_DACH2_ZMAT4",0.439433503588582
"_TCAAGCAAGTGTCATC-5","Glut-DACH2-LMANsh","Ex_DACH2_ADAMTS5",0.42023670980212
"_TCAAGCATCGGCATTA-5","Glut-DACH2-6","Ex_DACH2_CEMIP",0.322176920703606
"_TCAAGCATCGGCTGGT-5","Glut-DACH2-6","Ex_DACH2_CEMIP",0.34727403821213
"_TCAAGTGAGATTCGAA-5","Glut-DACH2-LMANco","Ex_DACH2_ZMAT4",0.463174881969266
"_TCAAGTGAGCTGAGTG-5","Glut-DACH2-8","Ex_DACH2_ZMAT4",0.590236885911897
"_TCAAGTGGTAAGTAGT-5","Glut-DACH2-8","Ex_DACH2_ZMAT4",0.597286366265455
"_TCAAGTGTCAGCGTCG-5","Glut-DACH2-LMANsh","Ex_DACH2_LHX2",0.237093540342843
"_TCAATCTAGAGACAAG-5","Glut-DACH2-LMANsh","Ex_DACH2_LHX2",0.479255022018342
"_TCAATCTGTCGATTCA-5","Glut-DACH2-LMANsh","Ex_DACH2_ADAMTS5",0.388619336495512
"_TCAATCTTCCCGATCT-5","Glut-DACH2-8","Ex_DACH2_ZMAT4",0.52934077871745
"_TCAATTCAGCCAACCC-5","Glut-DACH2-6","Ex_DACH2_CEMIP",0.502706996982957
"_TCAATTCAGCGTGAAC-5","Glut-DACH2-LMANsh","Ex_DACH2_LHX2",0.452106927959855
"_TCAATTCGTCATCCGG-5","Glut-DACH2-LMANsh","Ex_DACH2_ADAMTS5",0.354305630838665
"_TCAATTCTCGAAGTGG-5","Glut-DACH2-8","Ex_DACH2_ZMAT4",0.59910063953129
"_TCAATTCTCTTGGTGA-5","Glut-DACH2-LMANco","Ex_SATB2_SOX6",0.431727561629403
"_TCACACCAGGTAAGTT-5","Glut-DACH2-LMANco","Ex_SATB2_SOX6",0.398217052578155
"_TCACACCCACACTGGC-5","Glut-DACH2-LMANco","Ex_SATB2_SOX6",0.45850554434745
"_TCACACCGTAGCTTAC-5","Glut-DACH2-LMANsh","Ex_DACH2_LHX2",0.382046891081124
"_TCACACCGTCCCGGTA-5","Glut-DACH2-LMANco","Ex_DACH2_ZMAT4",0.421912656824968
"_TCACATTGTGGAGAAA-5","Glut-DACH2-LMANco","Ex_SATB2_SOX6",0.401510483012185
"_TCACATTTCAAGGACG-5","Glut-DACH2-LMANsh","Ex_DACH2_LHX2",0.37823892006884
"_TCACGCTTCACGAACT-5","Glut-DACH2-LMANco","Ex_SATB2_SOX6",0.270868888083915
"_TCACGGGAGAAGCCTG-5","Glut-DACH2-7","Ex_DACH2_ADAMTS5",0.374499068556315
"_TCACGGGCAATTGCGT-5","Glut-DACH2-6","Ex_DACH2_ZMAT4",0.430202012969897
"_TCACGGGCAGAGACTG-5","Glut-DACH2-LMANco","Ex_SATB2_SOX6",0.455644188935648
"_TCACGGGCATCAGTCA-5","Glut-DACH2-LMANsh","Ex_DACH2_LHX2",0.390102105044296
"_TCACGGGTCGGCTGTG-5","Glut-DACH2-LMANsh","Ex_DACH2_LHX2",0.538118761755809
"_TCACTATGTCCGGACT-5","Glut-DACH2-8","Ex_DACH2_ZMAT4",0.515543084349823
"_TCACTATTCTGTAAGC-5","Glut-DACH2-LMANsh","Ex_DACH2_GRIK4",0.40612079187889
"_TCACTCGAGACAGTCG-5","Glut-DACH2-8","Ex_DACH2_ZMAT4",0.602425714607577
"_TCAGCAACATCTGCGG-5","Glut-DACH2-LMANsh","Ex_DACH2_ADAMTS5",0.294836047554171
"_TCAGCAAGTTAGTTCG-5","Glut-DACH2-8","Ex_DACH2_ZMAT4",0.617070597068015
"_TCAGCAATCCAGTGCG-5","Glut-DACH2-LMANco","Ex_DACH2_ZMAT4",0.49776569214714
"_TCAGCAATCCGCCTAT-5","Glut-DACH2-LMANco","Ex_DACH2_ZMAT4",0.327262017732756
"_TCAGCCTTCACTTTGT-5","Glut-DACH2-LMANsh","Ex_DACH2_LHX2",0.416018784067454
"_TCAGGGCCAGGTCCCA-5","Glut-DACH2-8","Ex_DACH2_ZMAT4",0.553665176346628
"_TCAGGGCGTCACCCTT-5","Glut-DACH2-LMANsh","Ex_DACH2_LHX2",0.482594756754698
"_TCAGGGCGTGTATCCA-5","Glut-DACH2-6","Ex_DACH2_ZMAT4",0.410680762749545
"_TCAGGTAAGAAACTAC-5","Glut-DACH2-LMANco","Ex_DACH2_CEMIP",0.275248310338126
"_TCAGGTAAGATGACCG-5","Glut-DACH2-LMANco","Ex_DACH2_ZMAT4",0.309120098537017
"_TCAGGTACACAAACGG-5","Glut-SATB2-1","Ex_SATB2_FOXP2",0.411021395612497
"_TCAGTCCAGCTCGGCT-5","Glut-DACH2-LMANco","Ex_DACH2_ZMAT4",0.455833583539336
"_TCAGTCCTCCACATAG-5","Glut-DACH2-8","Ex_DACH2_ZMAT4",0.451934453420157
"_TCAGTGAAGGAAAGGT-5","Glut-DACH2-8","Ex_DACH2_ZMAT4",0.569098822390389
"_TCAGTGAGTCAAGGCA-5","Glut-DACH2-8","Ex_DACH2_ZMAT4",0.528425579713777
"_TCAGTGAGTGTGTCGC-5","Glut-DACH2-8","Ex_DACH2_ZMAT4",0.385311558873704
"_TCAGTGATCTAGATCG-5","Glut-DACH2-8","Ex_DACH2_CEMIP",0.251545826075481
"_TCAGTTTTCGGCATAT-5","Glut-DACH2-8","Ex_DACH2_ZMAT4",0.425675911030041
"_TCATACTAGACGCCCT-5","Glut-DACH2-LMANsh","Ex_DACH2_LHX2",0.531041743185181
"_TCATACTTCAAGCGTT-5","Glut-DACH2-LMANsh","Ex_DACH2_LHX2",0.508271115668264
"_TCATATCCATGTCAGT-5","Glut-DACH2-LMANco","Ex_DACH2_ZMAT4",0.48225951734053
"_TCATCATCAGCACGAA-5","Glut-DACH2-LMANsh","Ex_DACH2_LHX2",0.281480441527147
"_TCATCATCATGAAAGT-5","Glut-DACH2-LMANco","Ex_SATB2_SOX6",0.292985421290602
"_TCATCATGTAGGATAT-5","Glut-DACH2-LMANsh","Ex_DACH2_LHX2",0.321972087857561
"_TCATCCGAGCATGGGT-5","Glut-DACH2-LMANsh","Ex_DACH2_LHX2",0.515893081280337
"_TCATCCGAGGGAGGCA-5","Glut-DACH2-LMANco","Ex_DACH2_ZMAT4",0.454381494218417
"_TCATCCGGTCGGCCTA-5","Glut-DACH2-LMANsh","Ex_DACH2_ZMAT4",0.238915475498722
"_TCATGCCCAGCGGTTC-5","Glut-DACH2-5","Ex_DACH2_LHX2",0.427527394861568
"_TCATGCCTCGACACTA-5","Glut-DACH2-LMANsh","Ex_DACH2_ADAMTS5",0.471448592380823
"_TCATGGATCTTTCGAT-5","Glut-DACH2-LMANsh","Ex_DACH2_LHX2",0.264376873234694
"_TCATGTTAGAGCCTGA-5","Glut-DACH2-LMANco","Ex_DACH2_ZMAT4",0.522405686441458
"_TCATGTTAGCGTATGG-5","Glut-DACH2-8","Ex_DACH2_ZMAT4",0.598621662002577
"_TCATGTTCAGATACCT-5","Glut-DACH2-8","Ex_DACH2_ZMAT4",0.491794022858547
"_TCATGTTTCCCGAACG-5","Glut-DACH2-5","Ex_DACH2_LHX2",0.321708284430626
"_TCATTACCATGATGCT-5","Glut-DACH2-LMANco","Ex_DACH2_ZMAT4",0.278573610984923
"_TCATTCAAGATTCGCT-5","Glut-DACH2-8","Ex_DACH2_ZMAT4",0.562921505988144
"_TCATTGTCACGAGGTA-5","Glut-DACH2-LMANsh","Ex_DACH2_CEMIP",0.147515407226554
"_TCATTGTGTACCCGAC-5","Glut-DACH2-LMANsh","Ex_DACH2_LHX2",0.341053481278295
"_TCATTGTGTCGAGATG-5","Glut-DACH2-LMANsh","Ex_DACH2_ADAMTS5",0.266607812064737
"_TCATTGTTCTGCAGCG-5","Glut-DACH2-LMANsh","Ex_DACH2_LHX2",0.501411253241582
"_TCATTTGCATATCTGG-5","Glut-DACH2-8","Ex_DACH2_ZMAT4",0.5955879288672
"_TCATTTGGTACTGAGG-5","Glut-DACH2-8","Ex_DACH2_ZMAT4",0.514393964869774
"_TCATTTGGTAGGCTGA-5","Glut-DACH2-8","Ex_DACH2_ZMAT4",0.459234919531576
"_TCATTTGGTGCTCGTG-5","Glut-DACH2-LMANsh","Ex_DACH2_LHX2",0.413941155507352
"_TCCACCACAATCGTCA-5","Glut-DACH2-8","Ex_DACH2_ZMAT4",0.621265323837532
"_TCCACCATCGCAAGAG-5","Glut-DACH2-LMANsh","Ex_DACH2_ADAMTS5",0.526476525557803
"_TCCACGTAGCAACTCT-5","Glut-DACH2-LMANco","Ex_DACH2_ZMAT4",0.381065264037794
"_TCCAGAATCCACAGCG-5","Glut-DACH2-LMANsh","Ex_DACH2_ADAMTS5",0.481860293557627
"_TCCCAGTAGTCGCGAA-5","Glut-DACH2-LMANco","Ex_DACH2_ZMAT4",0.305045082378494
"_TCCCAGTCAGTATTCG-5","Glut-DACH2-LMANco","Ex_DACH2_ZMAT4",0.287708260276108
"_TCCCAGTGTTGCCGCA-5","Glut-DACH2-LMANsh","Ex_DACH2_LHX2",0.406551365220915
"_TCCCATGAGTGAACAT-5","Glut-DACH2-8","Ex_DACH2_ZMAT4",0.580239769446704
"_TCCGAAAAGCGATCGA-5","Glut-DACH2-LMANsh","Ex_DACH2_LHX2",0.40258186668681
"_TCCGAAAAGTCCGCCA-5","Glut-DACH2-LMANsh","Ex_DACH2_LHX2",0.352727521027356
"_TCCGAAATCGACCCAG-5","Glut-DACH2-LMANsh","Ex_DACH2_ADAMTS5",0.405868567893616
"_TCCGATCGTACTCGCG-5","Glut-DACH2-6","Ex_DACH2_ZMAT4",0.41901345469904
"_TCCGATCTCTTCTAAC-5","Glut-DACH2-LMANsh","Ex_DACH2_LHX2",0.479661069754018
"_TCCGTGTGTCATCCGG-5","Glut-DACH2-LMANco","Ex_DACH2_ZMAT4",0.380933718225253
"_TCCTAATCATAATGCC-5","Glut-DACH2-LMANco","Ex_DACH2_ZMAT4",0.555616661309967
"_TCCTCCCCAGTCGCAC-5","Glut-DACH2-LMANco","Ex_SATB2_SOX6",0.388388167015031
"_TCCTCCCGTAACTGCT-5","Glut-DACH2-6","Ex_DACH2_CEMIP",0.553309970915182
"_TCCTCCCGTAGTCGGA-5","Glut-DACH2-5","Ex_DACH2_LHX2",0.318490018796064
"_TCCTCGAAGCACCGAA-5","Glut-DACH2-6","Ex_DACH2_ZMAT4",0.407879483742902
"_TCCTCGATCAGACCGC-5","Glut-DACH2-LMANsh","Ex_DACH2_LHX2",0.530072038523474
"_TCCTGCACACGCGCTA-5","Glut-DACH2-6","Ex_DACH2_ZMAT4",0.530377882813789
"_TCCTGCAGTATGGGAC-5","Glut-DACH2-LMANsh","Ex_DACH2_LHX2",0.456854581325264
"_TCCTTCTGTCAGTTTG-5","Glut-DACH2-8","Ex_DACH2_ZMAT4",0.627314558964278
"_TCCTTTCGTATCTCGA-5","Glut-DACH2-8","Ex_DACH2_ZMAT4",0.44577903605637
"_TCGAACATCAACACGT-5","Glut-DACH2-LMANsh","Ex_DACH2_LHX2",0.236474124453945
"_TCGAACATCCACACCT-5","Glut-DACH2-1","Ex_DACH2_LHX2",0.346354926389114
"_TCGAAGTAGCAAGTCG-5","Glut-DACH2-LMANco","Ex_DACH2_CEMIP",0.302879723490983
"_TCGAAGTTCTCTAAGG-5","Glut-DACH2-8","Ex_DACH2_ZMAT4",0.544944498245571
"_TCGACCTCACAAGCTT-5","Glut-DACH2-LMANsh","Ex_DACH2_ADAMTS5",0.407313709113337
"_TCGACCTTCCCTCTCC-5","Glut-DACH2-LMANsh","Ex_DACH2_LHX2",0.539303779303445
"_TCGACGGAGTAGTCAA-5","Glut-DACH2-LMANco","Ex_SATB2_SOX6",0.542455201023452
"_TCGACGGCACTGAATC-5","Glut-DACH2-LMANco","Ex_DACH2_CEMIP",0.292660506005334
"_TCGACGGGTGAACCGA-5","Glut-DACH2-LMANco","Ex_DACH2_ZMAT4",0.550243165933332
"_TCGACGGTCCGTTGGG-5","Glut-DACH2-LMANco","Ex_DACH2_ZMAT4",0.428952651491108
"_TCGACGGTCGAACCTA-5","Glut-DACH2-LMANsh","Ex_DACH2_LHX2",0.522426763800592
"_TCGACGGTCTACCAGA-5","Glut-DACH2-8","Ex_DACH2_ZMAT4",0.564341949778983
"_TCGATTTAGAGACAAG-5","Glut-DACH2-LMANsh","Ex_DACH2_GRIK4",0.358120861940902
"_TCGCAGGAGGTTAGTA-5","Glut-DACH2-6","Ex_DACH2_ZMAT4",0.394774538943275
"_TCGCAGGCATTGTACG-5","Glut-DACH2-8","Ex_DACH2_ZMAT4",0.469410838765496
"_TCGCTCACACTTGAGT-5","Glut-DACH2-8","Ex_DACH2_ZMAT4",0.553122988557623
"_TCGCTCATCCGCAGTG-5","Glut-DACH2-LMANco","Ex_DACH2_ZMAT4",0.591235335941876
"_TCGCTTGAGTGCACCC-5","Glut-DACH2-LMANsh","Ex_DACH2_LHX2",0.51205808485801
"_TCGGATAAGAAACTCA-5","Glut-DACH2-6","Ex_DACH2_CEMIP",0.497884381576606
"_TCGGATACAGGCCCTA-5","Glut-DACH2-8","Ex_DACH2_ZMAT4",0.589712842481904
"_TCGGATATCCATCTAT-5","Glut-DACH2-LMANsh","Ex_DACH2_LHX2",0.449122862051593
"_TCGGGACAGGACATCG-5","Glut-DACH2-8","Ex_DACH2_ZMAT4",0.52003304364794
"_TCGGGACTCGCTCCTA-5","Glut-DACH2-LMANco","Ex_DACH2_ZMAT4",0.307216255789681
"_TCGGGACTCTCCTGTG-5","Glut-DACH2-8","Ex_DACH2_ZMAT4",0.593247318250345
"_TCGGGTGAGGGTTTCT-5","Glut-DACH2-LMANsh","Ex_DACH2_ADAMTS5",0.372798661381549
"_TCGGGTGGTAGGCTGA-5","Glut-DACH2-LMANsh","Ex_DACH2_ADAMTS5",0.342463584193769
"_TCGGTCTAGTTTGTCG-5","Glut-DACH2-LMANsh","Ex_DACH2_LHX2",0.517312413130847
"_TCGGTCTTCATGCAGT-5","Glut-DACH2-LMANco","Ex_DACH2_ZMAT4",0.478970285612746
"_TCGGTCTTCGCTCTCA-5","Glut-DACH2-LMANco","Ex_DACH2_ZMAT4",0.358691873237416
"_TCGTAGAAGAGTCACG-5","Glut-DACH2-LMANco","Ex_SATB2_SOX6",0.377378530081557
"_TCGTAGATCGCTTGCT-5","Glut-DACH2-LMANsh","Ex_DACH2_LHX2",0.443159839770199
"_TCGTCCAAGCTGTGCC-5","Glut-DACH2-6","Ex_DACH2_CEMIP",0.379041739698317
"_TCGTCCAAGTGAACAT-5","Glut-DACH2-LMANco","Ex_DACH2_ZMAT4",0.440912114643276
"_TCGTCCACATGATAGA-5","Glut-DACH2-LMANsh","Ex_DACH2_LHX2",0.372553076557764
"_TCGTCCAGTCGGCACT-5","Glut-DACH2-LMANco","Ex_SATB2_SOX6",0.263771493989851
"_TCGTCCAGTGGCAGAT-5","Glut-DACH2-LMANsh","Ex_DACH2_LHX2",0.289761976849404
"_TCGTCCATCCTGGGAC-5","Glut-DACH2-LMANsh","Ex_DACH2_LHX2",0.449251672271825
"_TCGTCCATCTAACGCA-5","Glut-DACH2-LMANsh","Ex_DACH2_LHX2",0.536848434182813
"_TCGTGGGCAACACGAG-5","Glut-DACH2-8","Ex_DACH2_ZMAT4",0.552506765053603
"_TCGTGGGCAAGATTGA-5","Glut-DACH2-LMANco","Ex_DACH2_ZMAT4",0.270826829782902
"_TCGTGGGCACAAAGCG-5","Glut-DACH2-LMANsh","Ex_DACH2_ADAMTS5",0.503957667382633
"_TCTAACTAGCTTGTGT-5","Glut-DACH2-LMANsh","Ex_DACH2_LHX2",0.518581131944815
"_TCTAACTAGTCACACT-5","Glut-DACH2-LMANsh","Ex_DACH2_LHX2",0.320795865149103
"_TCTAACTCAGGCGATA-5","Glut-DACH2-LMANsh","Ex_DACH2_ZMAT4",0.279038851147163
"_TCTAACTCATTGTCGA-5","Glut-DACH2-LMANsh","Ex_DACH2_LHX2",0.529986274096669
"_TCTACATAGACCAAAT-5","Glut-DACH2-LMANsh","Ex_DACH2_LHX2",0.491231974448916
"_TCTACATAGACGCAGT-5","Glut-DACH2-LMANsh","Ex_DACH2_LHX2",0.440851033920351
"_TCTACATCAGTCAGTT-5","Glut-DACH2-LMANco","Ex_DACH2_ZMAT4",0.293627406722217
"_TCTACATGTCGCACAC-5","Glut-DACH2-LMANco","Ex_DACH2_CEMIP",0.305474780489421
"_TCTACCGCACCCTGAG-5","Glut-DACH2-7","Ex_DACH2_ADAMTS5",0.21880082792412
"_TCTATACCAAGCGCTC-5","Glut-DACH2-LMANsh","Ex_DACH2_LHX2",0.446239316066429
"_TCTATACTCCAAGCCG-5","Glut-DACH2-LMANsh","Ex_DACH2_LHX2",0.504113759338962
"_TCTATCAAGATGAATC-5","Glut-DACH2-LMANco","Ex_DACH2_CEMIP",0.333029678395754
"_TCTATCAAGCGTCGAA-5","Glut-DACH2-6","Ex_DACH2_ZMAT4",0.544378126388379
"_TCTATCACATTAGGCT-5","Glut-DACH2-LMANco","Ex_DACH2_ZMAT4",0.622181210616285
"_TCTATCATCCTGTTGC-5","Glut-DACH2-LMANsh","Ex_DACH2_LHX2",0.514704772106084
"_TCTCACGGTGACATCT-5","Glut-DACH2-LMANco","Ex_SATB2_SOX6",0.383462296490439
"_TCTCAGCCACGAAAGC-5","Glut-DACH2-LMANsh","Ex_DACH2_ADAMTS5",0.472547113927077
"_TCTCAGCCAGCGTAGA-5","Glut-DACH2-LMANsh","Ex_DACH2_LHX2",0.448189875748218
"_TCTCAGCGTAGGTACG-5","Glut-DACH2-LMANco","Ex_DACH2_ZMAT4",0.426867356766628
"_TCTCCGAAGGGTCAAC-5","Glut-DACH2-6","Ex_DACH2_ZMAT4",0.439859993607674
"_TCTCCGAGTGACAGCA-5","Glut-DACH2-LMANsh","Ex_DACH2_ZMAT4",0.358006652526456
"_TCTCTGGCATGTGGTT-5","Glut-DACH2-LMANsh","Ex_DACH2_ADAMTS5",0.282235164412235
"_TCTCTGGGTCAATGGG-5","Glut-DACH2-LMANco","Ex_DACH2_CEMIP",0.291803657437295
"_TCTGCCACATGGAACG-5","Glut-DACH2-LMANco","Ex_DACH2_ZMAT4",0.508559361764454
"_TCTGCCAGTCGTCATA-5","Glut-DACH2-LMANsh","Ex_DACH2_LHX2",0.254963042555829
"_TCTGCCATCGCATTAG-5","Glut-DACH2-LMANsh","Ex_DACH2_ZMAT4",0.313422757991813
"_TCTGGCTGTCTGATCA-5","Glut-DACH2-LMANsh","Ex_DACH2_LHX2",0.213793350089477
"_TCTGTCGGTCTTGAAC-5","Glut-DACH2-1","Ex_DACH2_LHX2",0.353203745092895
"_TCTTAGTGTAACGTTC-5","Glut-DACH2-LMANsh","Ex_DACH2_LHX2",0.465593611490762
"_TCTTAGTGTATTTCTC-5","Glut-DACH2-8","Ex_DACH2_ZMAT4",0.445258425920144
"_TCTTAGTGTTGGGCCT-5","Glut-DACH2-5","Ex_DACH2_LHX2",0.379282193274272
"_TCTTCCTCAGTTCCAA-5","Glut-DACH2-LMANsh","Ex_DACH2_ADAMTS5",0.225956579989665
"_TCTTCCTGTTATCTTC-5","Glut-DACH2-LMANsh","Ex_DACH2_GRIK4",0.318359776341399
"_TCTTCCTTCTGTGCGG-5","Glut-DACH2-8","Ex_DACH2_ZMAT4",0.629270051934849
"_TCTTGCGGTGCTAGCC-5","Glut-DACH2-8","Ex_DACH2_ZMAT4",0.556192353325433
"_TCTTTGAAGCAGGTCA-5","Glut-DACH2-LMANco","Ex_DACH2_CEMIP",0.327353149437336
"_TCTTTGACATGCCGCA-5","Glut-DACH2-LMANco","Ex_DACH2_CEMIP",0.289289133873303
"_TCTTTGAGTGAGTAAT-5","Glut-DACH2-LMANsh","Ex_DACH2_LHX2",0.445403707326044
"_TCTTTGATCTTGGATG-5","Glut-DACH2-5","Ex_DACH2_ADAMTS5",0.391760117199414
"_TGAATCGAGTGTCATC-5","Glut-DACH2-LMANsh","Ex_DACH2_ADAMTS5",0.293254339602228
"_TGAATCGCATATAGCC-5","Glut-DACH2-8","Ex_DACH2_ZMAT4",0.577140703071688
"_TGAATGCCACGAAGAC-5","Glut-DACH2-LMANsh","Ex_DACH2_ADAMTS5",0.290450232615041
"_TGAATGCTCTGTCCGT-5","Glut-DACH2-LMANsh","Ex_DACH2_LHX2",0.438388687751183
"_TGAATGCTCTTACGTT-5","Glut-DACH2-8","Ex_DACH2_ZMAT4",0.4864710018905
"_TGACAGTGTTACAGCT-5","Glut-DACH2-LMANsh","Ex_DACH2_ZMAT4",0.332241008303825
"_TGACAGTGTTCCGCTT-5","Glut-DACH2-LMANsh","Ex_DACH2_LHX2",0.547523588571227
"_TGACAGTTCACAAGGG-5","Glut-DACH2-6","Ex_DACH2_ZMAT4",0.48483085582643
"_TGACCCTAGCACTCGC-5","Glut-DACH2-8","Ex_DACH2_ZMAT4",0.569785437885338
"_TGACCCTCAGCTATAC-5","Glut-DACH2-LMANco","Ex_DACH2_CEMIP",0.224487790784171
"_TGACGCGAGCTACAAA-5","Glut-DACH2-LMANsh","Ex_DACH2_LHX2",0.33837574551484
"_TGACGCGGTAGAATAC-5","Glut-DACH2-8","Ex_DACH2_ZMAT4",0.530005347892391
"_TGACGCGTCCACTAGA-5","Glut-DACH2-6","Ex_DACH2_ZMAT4",0.549928133539445
"_TGACTCCCACACGCCA-5","Glut-DACH2-LMANco","Ex_DACH2_ZMAT4",0.514859541441249
"_TGACTCCCAGCGCGTT-5","Glut-DACH2-LMANsh","Ex_DACH2_LHX2",0.525834513524446
"_TGACTCCTCAAAGGTA-5","Glut-DACH2-LMANsh","Ex_DACH2_LHX2",0.362194052680888
"_TGACTCCTCTTGATTC-5","Glut-DACH2-LMANco","Ex_SATB2_SOX6",0.346063857808405
"_TGAGACTTCCGTGTAA-5","Glut-DACH2-8","Ex_DACH2_ZMAT4",0.520186006201924
"_TGAGCGCAGGGAGTGG-5","Glut-DACH2-LMANsh","Ex_DACH2_LHX2",0.475930529553962
"_TGAGCGCTCCAACTGA-5","Glut-DACH2-LMANco","Ex_DACH2_ZMAT4",0.313339955174245
"_TGAGCGCTCGCGCCAA-5","Glut-DACH2-8","Ex_DACH2_ZMAT4",0.447929403541679
"_TGAGGAGCAGAAGCTG-5","Glut-DACH2-LMANco","Ex_SATB2_SOX6",0.399586224423532
"_TGAGGAGCAGGGAGAG-5","Glut-DACH2-LMANsh","Ex_DACH2_ADAMTS5",0.361017225857111
"_TGAGGAGTCCTTTGAT-5","Glut-DACH2-LMANsh","Ex_DACH2_ADAMTS5",0.411015137997555
"_TGAGGGAAGAACAAGG-5","Glut-DACH2-6","Ex_DACH2_ZMAT4",0.49890976219145
"_TGAGGGACAACTTGCA-5","Glut-DACH2-6","Ex_DACH2_ZMAT4",0.384775725981391
"_TGAGGGACACGGTGTC-5","Glut-DACH2-8","Ex_DACH2_ZMAT4",0.599904815772111
"_TGAGGTTAGACGCCCT-5","Glut-DACH2-LMANsh","Ex_DACH2_ADAMTS5",0.286795193622181
"_TGAGTCATCCGAACGC-5","Glut-DACH2-LMANco","Ex_DACH2_ZMAT4",0.318868806628336
"_TGAGTCATCTGGGATT-5","Glut-DACH2-8","Ex_DACH2_ZMAT4",0.466703306221469
"_TGATCAGCAATACGCT-5","Glut-DACH2-6","Ex_DACH2_CEMIP",0.641808355103898
"_TGATCAGCAGACATCT-5","Glut-DACH2-8","Ex_DACH2_ZMAT4",0.604920082999302
"_TGATCAGGTAACGCGA-5","Glut-DACH2-LMANsh","Ex_DACH2_LHX2",0.513670179126469
"_TGATCAGGTCTACACA-5","Glut-DACH2-8","Ex_DACH2_ZMAT4",0.544821547030626
"_TGATCAGGTGAGTTTC-5","Glut-DACH2-6","Ex_DACH2_ZMAT4",0.574566619306065
"_TGATCAGTCGATTGGT-5","Glut-DACH2-LMANsh","Ex_DACH2_GRIK4",0.247199126810219
"_TGATCTTCAGAATCGG-5","Glut-DACH2-LMANsh","Ex_DACH2_LHX2",0.324169385615781
"_TGATGCACAGACTGCC-5","Glut-DACH2-LMANsh","Ex_DACH2_LHX2",0.397082589423269
"_TGATGCAGTCTGTGGC-5","Glut-DACH2-LMANco","Ex_SATB2_SOX6",0.35209852791215
"_TGATGGTCAGAACTCT-5","Glut-DACH2-7","Ex_DACH2_ADAMTS5",0.409660452854184
"_TGATGGTCAGTGGCTC-5","Glut-DACH2-LMANco","Ex_DACH2_ZMAT4",0.443415253914908
"_TGATGGTTCAGCCTTC-5","Glut-DACH2-8","Ex_DACH2_ZMAT4",0.593147685438814
"_TGATTCTCAATATCCG-5","Glut-DACH2-LMANco","Ex_SATB2_SOX6",0.348780195289782
"_TGATTCTCAGGCTACC-5","Glut-DACH2-LMANco","Ex_DACH2_ZMAT4",0.318118908571274
"_TGATTCTGTGGAACAC-5","Glut-DACH2-LMANco","Ex_SATB2_SOX6",0.31245057733286
"_TGATTCTTCTGCTTTA-5","Glut-DACH2-8","Ex_DACH2_ZMAT4",0.526986785065742
"_TGATTTCGTGAACCGA-5","Glut-DACH2-LMANco","Ex_SATB2_SOX6",0.342094458314235
"_TGATTTCGTTTCGTGA-5","Glut-DACH2-6","Ex_DACH2_ZMAT4",0.466566468478121
"_TGCACGGCAACCCGCA-5","Glut-DACH2-6","Ex_DACH2_CEMIP",0.40795083729638
"_TGCACGGCACTGAATC-5","Glut-DACH2-6","Ex_DACH2_ZMAT4",0.427252140428089
"_TGCACGGTCAGGTAAA-5","Glut-DACH2-8","Ex_DACH2_ZMAT4",0.618496540746664
"_TGCACGGTCGATTGGT-5","Glut-DACH2-LMANsh","Ex_DACH2_LHX2",0.376106540929769
"_TGCAGATCAGGCATTT-5","Glut-DACH2-LMANco","Ex_DACH2_CEMIP",0.263423553272178
"_TGCAGATGTCAGATTC-5","Glut-DACH2-LMANsh","Ex_DACH2_ADAMTS5",0.414841763729732
"_TGCAGATTCAAGCCTA-5","Glut-DACH2-LMANsh","Ex_DACH2_LHX2",0.488944521862755
"_TGCAGTAAGTGCACTT-5","Glut-DACH2-LMANco","Ex_DACH2_ZMAT4",0.461885542068933
"_TGCAGTAGTCAAAGCG-5","Glut-DACH2-7","Ex_DACH2_NR4A3",0.251999571737357
"_TGCAGTATCAACGCTA-5","Glut-DACH2-LMANco","Ex_SATB2_SOX6",0.472882808784197
"_TGCATCCAGCCTTCTC-5","Glut-DACH2-LMANco","Ex_DACH2_ZMAT4",0.501817421056754
"_TGCATCCCAACATCGT-5","Glut-DACH2-LMANsh","Ex_DACH2_LHX2",0.405860446570836
"_TGCATCCCAGCAGGAT-5","Glut-DACH2-LMANsh","Ex_DACH2_LHX2",0.385146014606742
"_TGCATCCGTAGCGAGT-5","Glut-DACH2-LMANco","Ex_SATB2_SOX6",0.319536220322978
"_TGCATCCTCAAACGTC-5","Glut-DACH2-LMANsh","Ex_DACH2_LHX2",0.410007698606834
"_TGCATGACAGAATTCC-5","Glut-DACH2-8","Ex_DACH2_ZMAT4",0.575036337377503
"_TGCATGAGTAGCGTCC-5","Glut-DACH2-LMANsh","Ex_DACH2_LHX2",0.274911514498259
"_TGCATGAGTATGACAA-5","Glut-DACH2-5","Ex_DACH2_ADAMTS5",0.372755143917084
"_TGCATGAGTCTCGCGA-5","Glut-DACH2-6","Ex_DACH2_CEMIP",0.453229459802131
"_TGCATGAGTTTGGAAA-5","Glut-DACH2-8","Ex_DACH2_ZMAT4",0.564784554823888
"_TGCATGATCCGTACGG-5","Glut-DACH2-6","Ex_DACH2_CEMIP",0.358972837420064
"_TGCATGATCGCCAGAC-5","Glut-DACH2-LMANsh","Ex_DACH2_LHX2",0.404075568602823
"_TGCCGAGAGAAGCGGG-5","Glut-DACH2-LMANsh","Ex_DACH2_LHX2",0.469788892778036
"_TGCCGAGAGCCTTCTC-5","Glut-DACH2-LMANsh","Ex_DACH2_ADAMTS5",0.301541388523184
"_TGCCGAGGTCATGGCC-5","Glut-DACH2-LMANsh","Ex_DACH2_LHX2",0.293046809526862
"_TGCCGAGGTGTGGTCC-5","Glut-DACH2-LMANsh","Ex_DACH2_LHX2",0.470252041146735
"_TGCGACGAGGGCCAAT-5","Glut-DACH2-LMANco","Ex_DACH2_ZMAT4",0.403025967213193
"_TGCGACGAGGGTGAAA-5","Glut-DACH2-LMANco","Ex_SATB2_SOX6",0.436354789986006
"_TGCGACGGTGGTCTAT-5","Glut-DACH2-LMANsh","Ex_DACH2_LHX2",0.446384054986924
"_TGCGACGTCTGTGCGG-5","Glut-DACH2-8","Ex_DACH2_ZMAT4",0.516804342950752
"_TGCGATAAGCTACTGT-5","Glut-DACH2-LMANco","Ex_DACH2_ZMAT4",0.324557776819805
"_TGCGATAAGTAACGAT-5","Glut-DACH2-LMANco","Ex_DACH2_ZMAT4",0.348590916611558
"_TGCGATAGTTTACGAC-5","Glut-DACH2-8","Ex_DACH2_ZMAT4",0.528963066618438
"_TGCGATATCCGGCAGT-5","Glut-DACH2-8","Ex_DACH2_ZMAT4",0.443825916031847
"_TGCGATATCGAGATAA-5","Glut-DACH2-LMANco","Ex_SATB2_SOX6",0.408052100074568
"_TGCGGCAAGAAAGCGA-5","Glut-DACH2-LMANco","Ex_DACH2_CEMIP",0.327227831145755
"_TGCGGCACAAACCACT-5","Glut-DACH2-LMANsh","Ex_DACH2_LHX2",0.481222257688116
"_TGCTCCAAGCGAGTCA-5","Glut-DACH2-LMANco","Ex_DACH2_ZMAT4",0.38684031127487
"_TGCTCCATCGAGAAAT-5","Glut-DACH2-LMANsh","Ex_DACH2_LHX2",0.387838782073021
"_TGCTCCATCGGAGCAA-5","Glut-DACH2-LMANco","Ex_DACH2_CEMIP",0.258521034771372
"_TGCTCGTAGATTGAGT-5","Glut-DACH2-LMANsh","Ex_DACH2_LHX2",0.312111011067956
"_TGCTGAATCATGCATG-5","Glut-DACH2-8","Ex_DACH2_ZMAT4",0.521303678453355
"_TGCTTCGAGTACAACA-5","Glut-DACH2-LMANco","Ex_DACH2_CEMIP",0.247945839871809
"_TGCTTCGAGTGGAAGA-5","Glut-DACH2-LMANco","Ex_DACH2_ZMAT4",0.265255255381196
"_TGCTTCGCAACAAGAT-5","Glut-DACH2-LMANsh","Ex_DACH2_ADAMTS5",0.283844714483983
"_TGCTTCGCAGAGCTAG-5","Glut-DACH2-7","Ex_DACH2_GRIK4",0.419843504632763
"_TGCTTCGGTGGCATCC-5","Glut-DACH2-LMANco","Ex_DACH2_ZMAT4",0.374448285251229
"_TGCTTCGTCTGGAAGG-5","Glut-DACH2-LMANco","Ex_DACH2_ZMAT4",0.566949939696861
"_TGCTTGCAGTTTCGAC-5","Glut-DACH2-LMANsh","Ex_DACH2_LHX2",0.450074944186538
"_TGCTTGCGTGTCGCTG-5","Glut-DACH2-LMANsh","Ex_DACH2_LHX2",0.315354333250696
"_TGCTTGCTCACAACCA-5","Glut-DACH2-LMANsh","Ex_DACH2_LHX2",0.477441178401534
"_TGGAACTAGAGAGCAA-5","Glut-DACH2-LMANco","Ex_DACH2_ZMAT4",0.460580893376623
"_TGGAGAGCATCGTTCC-5","Glut-DACH2-LMANco","Ex_DACH2_ZMAT4",0.350843066973022
"_TGGAGAGGTAACACCT-5","Glut-DACH2-LMANsh","Ex_DACH2_LHX2",0.396080036914254
"_TGGAGAGTCTCTGAGA-5","Glut-DACH2-LMANco","Ex_DACH2_CEMIP",0.363003193106383
"_TGGAGGAAGTCACTGT-5","Glut-DACH2-LMANsh","Ex_DACH2_LHX2",0.487157869873332
"_TGGAGGAGTACAGTAA-5","Glut-DACH2-LMANco","Ex_DACH2_ZMAT4",0.48801740375688
"_TGGAGGAGTCTGTTAG-5","Glut-DACH2-LMANco","Ex_DACH2_ZMAT4",0.335883283475451
"_TGGATGTCAAACGAGC-5","Glut-DACH2-8","Ex_DACH2_ZMAT4",0.501914302483302
"_TGGATGTGTGCTCCGA-5","Glut-DACH2-8","Ex_DACH2_ZMAT4",0.305383471924289
"_TGGCGTGGTTGGTGTT-5","Glut-DACH2-LMANsh","Ex_DACH2_LHX2",0.433613573216902
"_TGGGAAGGTCACCACG-5","Glut-DACH2-LMANsh","Ex_DACH2_LHX2",0.533281195620285
"_TGGGAAGTCACTCCGT-5","Glut-DACH2-LMANco","Ex_DACH2_ZMAT4",0.407872135361709
"_TGGGAGAAGCGAGTCA-5","Glut-DACH2-LMANsh","Ex_DACH2_LHX2",0.49770795600061
"_TGGGAGAAGCGGCTCT-5","Glut-DACH2-LMANco","Ex_SATB2_SOX6",0.24233491592381
"_TGGGAGACAGTCAGCC-5","Glut-DACH2-LMANsh","Ex_DACH2_LHX2",0.575333553110674
"_TGGGATTAGATAGTGT-5","Glut-DACH2-LMANsh","Ex_DACH2_LHX2",0.489886238925467
"_TGGGATTTCAAATAGG-5","Glut-DACH2-LMANco","Ex_DACH2_ZMAT4",0.445893147695203
"_TGGGATTTCTCCCAAC-5","Glut-DACH2-LMANsh","Ex_DACH2_LHX2",0.453751098863919
"_TGGGCGTCAACCGTGC-5","Glut-DACH2-LMANsh","Ex_DACH2_ADAMTS5",0.391675360956822
"_TGGGCGTCATTGTCGA-5","Glut-DACH2-LMANsh","Ex_DACH2_LHX2",0.279679671566886
"_TGGGCGTTCTTGTGCC-5","Glut-DACH2-LMANco","Ex_DACH2_ZMAT4",0.310028844149944
"_TGGGCTGTCATGCGGC-5","Glut-DACH2-8","Ex_DACH2_ZMAT4",0.468913468728233
"_TGGGCTGTCCAGTACA-5","Glut-DACH2-LMANco","Ex_SATB2_SOX6",0.44269496832943
"_TGGGCTGTCGGTGTAT-5","Glut-DACH2-LMANco","Ex_SATB2_SOX6",0.4659923609863
"_TGGGTTAAGTCACTGT-5","Glut-DACH2-LMANco","Ex_SATB2_SOX6",0.385921388061042
"_TGGGTTACAAGGACAC-5","Glut-DACH2-8","Ex_DACH2_ZMAT4",0.55633895552563
"_TGGGTTACAGCGAACA-5","Glut-DACH2-8","Ex_DACH2_ZMAT4",0.52793752373282
"_TGGGTTATCACACCGG-5","Glut-DACH2-1","Ex_DACH2_LHX2",0.474558246203078
"_TGGTACAAGAAGTATC-5","Glut-DACH2-LMANco","Ex_DACH2_ZMAT4",0.491510575184079
"_TGGTACACATATGAAG-5","Glut-DACH2-LMANsh","Ex_DACH2_LHX2",0.444730554575213
"_TGGTACATCACTCTTA-5","Glut-DACH2-LMANco","Ex_SATB2_SOX6",0.368146372709196
"_TGGTACATCCTGTTAT-5","Glut-DACH2-LMANsh","Ex_DACH2_LHX2",0.462319372686178
"_TGGTAGTGTTAGGGAC-5","Glut-DACH2-LMANsh","Ex_DACH2_LHX2",0.461595236137541
"_TGGTAGTTCCTACCGT-5","Glut-DACH2-8","Ex_DACH2_ZMAT4",0.519574349289723
"_TGGTAGTTCTAGGCAT-5","Glut-DACH2-LMANsh","Ex_DACH2_LHX2",0.332413947940806
"_TGGTGATTCGACGCTG-5","Glut-DACH2-6","Ex_DACH2_ZMAT4",0.384632795530003
"_TGGTTAGAGTATGAGT-5","Glut-DACH2-LMANco","Ex_DACH2_ZMAT4",0.401278484751175
"_TGGTTAGCAGTCGGAA-5","Glut-DACH2-LMANco","Ex_SATB2_SOX6",0.446236223516877
"_TGGTTAGTCTTGGTCC-5","Glut-DACH2-LMANsh","Ex_DACH2_LHX2",0.51604706847143
"_TGTAACGAGTGGACTG-5","Glut-DACH2-LMANco","Ex_SATB2_SOX6",0.39615063283384
"_TGTAACGCAAGCCATT-5","Glut-DACH2-6","Ex_DACH2_CEMIP",0.420029236983628
"_TGTAACGCAGGCATTT-5","Glut-DACH2-LMANco","Ex_DACH2_CEMIP",0.278918375650218
"_TGTAAGCAGCTTTCCC-5","Glut-DACH2-LMANco","Ex_DACH2_ZMAT4",0.362660496086341
"_TGTAAGCGTGAATAAC-5","Glut-DACH2-6","Ex_DACH2_CEMIP",0.340658974840069
"_TGTAAGCTCTATGCCC-5","Glut-DACH2-8","Ex_DACH2_ZMAT4",0.641293299048172
"_TGTAGACGTGTCATCA-5","Glut-DACH2-LMANsh","Ex_DACH2_LHX2",0.528144679611305
"_TGTCAGAAGCGACCCT-5","Glut-DACH2-6","Ex_DACH2_ZMAT4",0.46685758635927
"_TGTCCACGTACGTGTT-5","Glut-DACH2-LMANco","Ex_DACH2_ZMAT4",0.34694664680141
"_TGTCCCACACTACACA-5","Glut-DACH2-8","Ex_DACH2_ZMAT4",0.492157029062836
"_TGTCCCATCAAGATAG-5","Glut-DACH2-LMANco","Ex_DACH2_ZMAT4",0.417292577203196
"_TGTCCCATCTCCCAAC-5","Glut-DACH2-8","Ex_DACH2_ZMAT4",0.565671337544303
"_TGTCCTGCAATTCTCT-5","Glut-DACH2-1","Ex_DACH2_LHX2",0.34012702678382
"_TGTGAGTAGAAAGCGA-5","Glut-DACH2-8","Ex_DACH2_ZMAT4",0.448246992252487
"_TGTGAGTCATGCGTGC-5","Glut-DACH2-LMANsh","Ex_DACH2_ADAMTS5",0.334264181696514
"_TGTGAGTGTCTACGAT-5","Glut-DACH2-LMANco","Ex_DACH2_ZMAT4",0.279082889534801
"_TGTGATGTCAATGTCG-5","Glut-DACH2-LMANco","Ex_SATB2_SOX6",0.346587667279043
"_TGTGGCGAGACGCAGT-5","Glut-DACH2-LMANsh","Ex_DACH2_LHX2",0.530253443265293
"_TGTGGCGAGTCACTAC-5","Glut-DACH2-LMANsh","Ex_DACH2_LHX2",0.533744848672931
"_TGTGGCGCATGAGTAA-5","Glut-DACH2-LMANsh","Ex_DACH2_LHX2",0.532992532232322
"_TGTGGCGTCGTTCTGC-5","Glut-DACH2-LMANco","Ex_DACH2_ZMAT4",0.35881849146205
"_TGTGTGAAGTTGGAGC-5","Glut-DACH2-LMANsh","Ex_DACH2_LHX2",0.510791205907497
"_TGTGTGACAAATTGCC-5","Glut-DACH2-LMANsh","Ex_DACH2_LHX2",0.434566373680623
"_TGTGTGATCTGCTTTA-5","Glut-DACH2-5","Ex_DACH2_LHX2",0.470546329400968
"_TGTTACTGTATAGCTC-5","Glut-DACH2-LMANco","Ex_DACH2_ZMAT4",0.443569523116642
"_TGTTACTGTTTGACAC-5","Glut-DACH2-LMANco","Ex_DACH2_ZMAT4",0.43623994320432
"_TGTTCATGTCTTCTAT-5","Glut-DACH2-LMANco","Ex_SATB2_SOX6",0.275954177790178
"_TGTTCCGCAAAGAGTT-5","Glut-DACH2-LMANsh","Ex_DACH2_LHX2",0.456029432291367
"_TGTTCTATCAGGTGTT-5","Glut-DACH2-LMANco","Ex_SATB2_SOX6",0.349613358224061
"_TGTTCTATCGAATCCA-5","Glut-DACH2-LMANco","Ex_DACH2_ZMAT4",0.37408135565771
"_TGTTGAGTCTGAACGT-5","Glut-DACH2-LMANco","Ex_SATB2_SOX6",0.467445233907744
"_TGTTGGAAGAAGAACG-5","Glut-DACH2-LMANsh","Ex_DACH2_LHX2",0.509175656651059
"_TGTTGGAGTAGACTGG-5","Glut-DACH2-LMANco","Ex_DACH2_ZMAT4",0.454836612736729
"_TGTTGGATCACGAGGA-5","Glut-DACH2-8","Ex_DACH2_ZMAT4",0.532027659020697
"_TGTTTGTAGATGAATC-5","Glut-DACH2-LMANsh","Ex_DACH2_ADAMTS5",0.338141166115116
"_TGTTTGTTCGTAGCTA-5","Glut-DACH2-8","Ex_DACH2_ZMAT4",0.50706270377315
"_TTAATCCCAATACAGA-5","Glut-DACH2-LMANsh","Ex_DACH2_LHX2",0.461750589728479
"_TTACAGGGTGACTGAG-5","Glut-DACH2-LMANsh","Ex_DACH2_ADAMTS5",0.263383785986205
"_TTACAGGTCAATCTCT-5","Glut-DACH2-LMANsh","Ex_DACH2_LHX2",0.392616459748784
"_TTACCATCATCTGTTT-5","Glut-DACH2-LMANsh","Ex_DACH2_LHX2",0.345478951472861
"_TTACCATTCGGAAACG-5","Glut-DACH2-LMANco","Ex_DACH2_ZMAT4",0.519636130379757
"_TTACCGCAGAGTCAGC-5","Glut-DACH2-6","Ex_DACH2_ZMAT4",0.442821556651019
"_TTACCGCCATTATGCG-5","Glut-DACH2-LMANsh","Ex_DACH2_ADAMTS5",0.363209795574499
"_TTACGCCGTCTGTGGC-5","Glut-DACH2-LMANsh","Ex_DACH2_LHX2",0.295502804164691
"_TTACGTTAGCCTGTCG-5","Glut-DACH2-LMANco","Ex_SATB2_SOX6",0.491364403273249
"_TTACGTTCAAGTCCAT-5","Glut-DACH2-LMANco","Ex_DACH2_ZMAT4",0.429948382724977
"_TTACGTTGTTTGGGTT-5","Glut-DACH2-8","Ex_DACH2_ZMAT4",0.36608934553121
"_TTACGTTTCGATGCAT-5","Glut-DACH2-LMANsh","Ex_DACH2_GRIK4",0.356420727033668
"_TTAGGCAGTCCAGCCA-5","Glut-DACH2-LMANco","Ex_SATB2_SOX6",0.300538308543135
"_TTAGGCAGTTAGTCGT-5","Glut-DACH2-LMANco","Ex_DACH2_ZMAT4",0.393214377109857
"_TTAGTCTGTCCCGCAA-5","Glut-DACH2-8","Ex_DACH2_ZMAT4",0.493664010330882
"_TTAGTCTGTTACCTGA-5","Glut-DACH2-LMANsh","Ex_DACH2_LHX2",0.402121950569179
"_TTCAATCAGAACTTCC-5","Glut-DACH2-LMANsh","Ex_DACH2_LHX2",0.383681475318698
"_TTCAATCCAAAGGGTC-5","Glut-DACH2-LMANsh","Ex_DACH2_CEMIP",0.254768361789123
"_TTCAATCGTCAGTCCG-5","Glut-DACH2-LMANsh","Ex_DACH2_LHX2",0.514588356611367
"_TTCAATCTCGCGTGCA-5","Glut-DACH2-LMANsh","Ex_DACH2_LHX2",0.267562626004259
"_TTCACGCAGTTCCTGA-5","Glut-DACH2-LMANsh","Ex_DACH2_ADAMTS5",0.324367458518343
"_TTCAGGACAAATACAG-5","Glut-DACH2-LMANco","Ex_SATB2_SOX6",0.321501683764736
"_TTCAGGATCAGGAACG-5","Glut-DACH2-LMANsh","Ex_DACH2_LHX2",0.502841697360885
"_TTCATTGAGCGACCCT-5","Glut-DACH2-6","Ex_DACH2_ZMAT4",0.426622150178475
"_TTCATTGCACTCACTC-5","Glut-DACH2-LMANsh","Ex_DACH2_ADAMTS5",0.263128390121541
"_TTCATTGCATCCGTGG-5","Glut-DACH2-LMANsh","Ex_DACH2_ADAMTS5",0.302292555893154
"_TTCATTGTCAAGATAG-5","Glut-DACH2-8","Ex_DACH2_ZMAT4",0.396524207415616
"_TTCATTGTCTACTGCC-5","Glut-DACH2-LMANsh","Ex_DACH2_LHX2",0.51146168025495
"_TTCCAATCAATGGGTG-5","Glut-DACH2-6","Ex_DACH2_CEMIP",0.660858411283303
"_TTCCAATGTAACAAGT-5","Glut-DACH2-LMANco","Ex_DACH2_ZMAT4",0.31579594479017
"_TTCCAATGTGGACCTC-5","Glut-DACH2-LMANco","Ex_SATB2_SOX6",0.408923487807823
"_TTCCAATTCATGAAAG-5","Glut-DACH2-LMANco","Ex_DACH2_ZMAT4",0.400793283693488
"_TTCCAATTCGGCTGGT-5","Glut-DACH2-LMANco","Ex_DACH2_ZMAT4",0.255488463366975
"_TTCCACGGTGTAGGAC-5","Glut-DACH2-LMANco","Ex_DACH2_CEMIP",0.298524058849349
"_TTCCACGGTTGTGGCC-5","Glut-DACH2-LMANco","Ex_DACH2_ZMAT4",0.372583695729124
"_TTCCGGTAGGGCTTCC-5","Glut-DACH2-LMANsh","Ex_DACH2_ADAMTS5",0.188885908103237
"_TTCCGGTCACCTGATA-5","Glut-DACH2-8","Ex_DACH2_ZMAT4",0.511369669811053
"_TTCCGGTGTACCGGAA-5","Glut-DACH2-8","Ex_DACH2_ZMAT4",0.558315577995559
"_TTCCGGTTCTTACGGA-5","Glut-DACH2-8","Ex_DACH2_ZMAT4",0.624824411580411
"_TTCCGTGAGGAAGTCC-5","Glut-DACH2-LMANco","Ex_SATB2_SOX6",0.453451227700437
"_TTCCGTGAGTCTAACC-5","Glut-DACH2-6","Ex_DACH2_ZMAT4",0.486210993236256
"_TTCCGTGCATCCGAGC-5","Glut-DACH2-8","Ex_DACH2_ZMAT4",0.599309681125565
"_TTCCTAAAGAGGATCC-5","Glut-DACH2-LMANco","Ex_DACH2_ZMAT4",0.272445189954947
"_TTCCTAACAGCGATTT-5","Glut-DACH2-LMANco","Ex_DACH2_ZMAT4",0.430519964282724
"_TTCCTAACAGTAGAGC-5","Glut-DACH2-LMANco","Ex_SATB2_SOX6",0.329439333267707
"_TTCCTCTCACATCATG-5","Glut-DACH2-LMANco","Ex_SATB2_SOX6",0.458963735617041
"_TTCCTCTCATCCTGTC-5","Glut-DACH2-LMANsh","Ex_DACH2_ADAMTS5",0.365629666006926
"_TTCCTCTGTCCAAAGG-5","Glut-DACH2-8","Ex_DACH2_ZMAT4",0.361194950067175
"_TTCCTTCTCATTGAGC-5","Glut-DACH2-LMANsh","Ex_DACH2_LHX2",0.437128100737549
"_TTCCTTCTCGCGATCG-5","Glut-DACH2-6","Ex_DACH2_CEMIP",0.32606756211401
"_TTCGATTGTATTCCTT-5","Glut-DACH2-LMANsh","Ex_DACH2_LHX2",0.508620834395407
"_TTCGATTGTCATAGTC-5","Glut-DACH2-LMANco","Ex_DACH2_ZMAT4",0.447236191961291
"_TTCGATTGTGGTCTGC-5","Glut-DACH2-LMANsh","Ex_DACH2_ADAMTS5",0.275803785240968
"_TTCGATTTCTATCGCC-5","Glut-DACH2-LMANsh","Ex_DACH2_LHX2",0.527566140914974
"_TTCGCTGAGCAGGCTA-5","Glut-DACH2-LMANsh","Ex_DACH2_ADAMTS5",0.473238455332367
"_TTCGCTGAGGATGGCT-5","Glut-DACH2-8","Ex_DACH2_ZMAT4",0.49973748862535
"_TTCGCTGCAGGAGGTT-5","Glut-DACH2-LMANco","Ex_SATB2_SOX6",0.41739695034929
"_TTCGCTGCAGTTTCAG-5","Glut-DACH2-LMANco","Ex_DACH2_LHX2",0.262419478424548
"_TTCGCTGGTCTAATCG-5","Glut-DACH2-LMANco","Ex_SATB2_SOX6",0.38781626973048
"_TTCGGTCAGACCTTTG-5","Glut-DACH2-LMANsh","Ex_DACH2_ADAMTS5",0.318913742941171
"_TTCGGTCCAGGCGAAT-5","Glut-DACH2-LMANco","Ex_SATB2_SOX6",0.485425131682964
"_TTCGGTCCATGGGTTT-5","Glut-DACH2-LMANsh","Ex_DACH2_LHX2",0.294322593060089
"_TTCGGTCGTCAGGCAA-5","Glut-DACH2-LMANco","Ex_DACH2_CEMIP",0.269914461085765
"_TTCGGTCGTGGTACAG-5","Glut-DACH2-LMANco","Ex_DACH2_ZMAT4",0.347442190206586
"_TTCGGTCGTTTGATCG-5","Glut-DACH2-8","Ex_DACH2_ZMAT4",0.578867310093325
"_TTCGGTCTCCCAATAG-5","Glut-DACH2-LMANsh","Ex_DACH2_LHX2",0.275996805562279
"_TTCGGTCTCGTTAGAC-5","Glut-DACH2-LMANco","Ex_DACH2_ZMAT4",0.450615529716121
"_TTCTAACTCTCCTGTG-5","Glut-DACH2-LMANco","Ex_DACH2_ZMAT4",0.456392872192658
"_TTCTAGTTCAGTGCGC-5","Glut-DACH2-LMANco","Ex_DACH2_ZMAT4",0.59264592340505
"_TTCTCTCAGACATAGT-5","Glut-DACH2-LMANco","Ex_SATB2_SOX6",0.401155667096279
"_TTCTCTCAGCTCTATG-5","Glut-DACH2-LMANsh","Ex_DACH2_ADAMTS5",0.334752449707472
"_TTCTCTCCAACGATTC-5","Glut-DACH2-5","Ex_DACH2_GRIK4",0.230610590617176
"_TTCTCTCCAGCAGATG-5","Glut-DACH2-LMANco","Ex_DACH2_ZMAT4",0.368747290953973
"_TTCTGTAGTGTTACAC-5","Glut-DACH2-LMANco","Ex_SATB2_SOX6",0.37033908211963
"_TTCTGTATCCAACACA-5","Glut-DACH2-LMANsh","Ex_DACH2_LHX2",0.299494426053488
"_TTCTTCCAGGTTGACG-5","Glut-DACH2-8","Ex_DACH2_ZMAT4",0.618035918213079
"_TTCTTCCTCTCGCTTG-5","Glut-DACH2-LMANsh","Ex_DACH2_LHX2",0.555413484483552
"_TTCTTCCTCTGTGCGG-5","Glut-DACH2-LMANsh","Ex_DACH2_ADAMTS5",0.416651857198308
"_TTGAACGCATAATGAG-5","Glut-DACH2-LMANsh","Ex_DACH2_LHX2",0.545050103367106
"_TTGAACGGTTTACCAG-5","Glut-DACH2-LMANsh","Ex_DACH2_ZMAT4",0.343610691313427
"_TTGACCCTCCAGCTCT-5","Glut-DACH2-LMANco","Ex_DACH2_CEMIP",0.276848285054142
"_TTGACCCTCTGTAAGC-5","Glut-DACH2-LMANsh","Ex_DACH2_LHX2",0.436764033543229
"_TTGAGTGAGCTAGAGC-5","Glut-DACH2-LMANco","Ex_SATB2_SOX6",0.44029020102581
"_TTGAGTGGTTGTATGC-5","Glut-DACH2-LMANsh","Ex_DACH2_GRIK4",0.314188519091817
"_TTGAGTGGTTTGTTGG-5","Glut-DACH2-LMANco","Ex_SATB2_SOX6",0.298563943150623
"_TTGATGGTCGTCGGGT-5","Glut-DACH2-LMANsh","Ex_DACH2_LHX2",0.504685972329311
"_TTGCATTAGGGCCCTT-5","Glut-DACH2-LMANsh","Ex_DACH2_LHX2",0.36678776950512
"_TTGCATTCAATCCTTT-5","Glut-DACH2-1","Ex_DACH2_LHX2",0.482657275984309
"_TTGCATTGTCGTTGGC-5","Glut-DACH2-LMANco","Ex_SATB2_SOX6",0.398304724584572
"_TTGCCTGCAATGAAAC-5","Glut-DACH2-8","Ex_DACH2_ZMAT4",0.438755163087072
"_TTGCCTGGTGATATAG-5","Glut-DACH2-LMANco","Ex_DACH2_ZMAT4",0.318820753060378
"_TTGCGTCTCCTTCAGC-5","Glut-DACH2-LMANsh","Ex_DACH2_LHX2",0.42952132957249
"_TTGCTGCAGTGCTCGC-5","Glut-DACH2-6","Ex_DACH2_CEMIP",0.407827172374722
"_TTGCTGCCAGAGGCAT-5","Glut-DACH2-LMANsh","Ex_DACH2_ADAMTS5",0.354736296128301
"_TTGGATGGTGTTTCTT-5","Glut-DACH2-LMANco","Ex_DACH2_ZMAT4",0.43262298683261
"_TTGGGATAGAATCGAT-5","Glut-DACH2-5","Ex_DACH2_LHX2",0.459742640568693
"_TTGGGATAGCAATAAC-5","Glut-DACH2-LMANco","Ex_DACH2_ZMAT4",0.405556852515274
"_TTGGGATAGCACGGAT-5","Glut-DACH2-8","Ex_DACH2_ZMAT4",0.550631094430334
"_TTGGGATAGTAGAGTT-5","Glut-DACH2-LMANco","Ex_DACH2_ZMAT4",0.265213778566684
"_TTGGGATCATGGGTCC-5","Glut-DACH2-LMANsh","Ex_DACH2_ADAMTS5",0.401908406729695
"_TTGGGCGAGTCATAGA-5","Glut-DACH2-6","Ex_DACH2_ZMAT4",0.42593421063915
"_TTGGGCGCAAATTGCC-5","Glut-DACH2-7","Ex_DACH2_ZMAT4",0.34866028238844
"_TTGGGCGGTCGTGATT-5","Glut-DACH2-8","Ex_DACH2_ZMAT4",0.618040992920616
"_TTGGGCGTCATGTCAG-5","Glut-DACH2-LMANsh","Ex_DACH2_ADAMTS5",0.382172024523257
"_TTGGGTAAGTCGGCAA-5","Glut-DACH2-8","Ex_DACH2_ZMAT4",0.584581795898399
"_TTGGGTACAAAGTATG-5","Glut-DACH2-LMANsh","Ex_DACH2_LHX2",0.515573286117156
"_TTGGGTACAACGGCCT-5","Glut-DACH2-LMANsh","Ex_DACH2_LHX2",0.426566661184834
"_TTGGTTTAGGTCCCTG-5","Glut-DACH2-1","Ex_DACH2_LHX2",0.338712539404591
"_TTGGTTTCAGTAGGAC-5","Glut-DACH2-LMANsh","Ex_DACH2_LHX2",0.502854204641786
"_TTGTGGACACCGAATT-5","Glut-DACH2-LMANco","Ex_DACH2_ZMAT4",0.38602924896448
"_TTGTGGACACGAGAAC-5","Glut-DACH2-LMANsh","Ex_DACH2_LHX2",0.490963774281268
"_TTGTGGAGTTTCGATG-5","Glut-DACH2-LMANsh","Ex_DACH2_LHX2",0.426049410363159
"_TTGTGGATCTCGACGG-5","Glut-DACH2-LMANsh","Ex_DACH2_LHX2",0.304305802550522
"_TTGTGTTGTTTACGTG-5","Glut-DACH2-LMANco","Ex_SATB2_SOX6",0.444261883677273
"_TTGTGTTTCGATTGGT-5","Glut-DACH2-8","Ex_DACH2_ZMAT4",0.513703704233338
"_TTGTTCAAGTCCTGTA-5","Glut-DACH2-5","Ex_DACH2_MGAT4C",0.276232618030528
"_TTGTTCATCACTGCTC-5","Glut-DACH2-6","Ex_DACH2_CEMIP",0.412262542840556
"_TTGTTGTAGTGTTCAC-5","Glut-DACH2-1","Ex_DACH2_NR4A3",0.805197100227356
"_TTGTTGTGTCCACGCA-5","Glut-DACH2-8","Ex_DACH2_ZMAT4",0.536757324457933
"_TTGTTGTGTTCCCAAA-5","Glut-DACH2-LMANsh","Ex_DACH2_LHX2",0.273812246084463
"_TTGTTTGCAGGCACTC-5","Glut-DACH2-6","Ex_DACH2_CEMIP",0.406189941551445
"_TTGTTTGGTGTCACAT-5","Glut-DACH2-8","Ex_DACH2_ZMAT4",0.650291021758614
"_TTGTTTGTCCAACTAG-5","Glut-DACH2-LMANco","Ex_DACH2_CEMIP",0.256237442872806
"_TTTACCAAGGTACAAT-5","Glut-DACH2-LMANsh","Ex_DACH2_ADAMTS5",0.249602445143927
"_TTTACCAGTCCGATCG-5","Glut-DACH2-LMANco","Ex_DACH2_ZMAT4",0.492879753861846
"_TTTACCATCACAAGAA-5","Glut-DACH2-LMANsh","Ex_DACH2_LHX2",0.412939962508413
"_TTTACGTGTGATTAGA-5","Glut-DACH2-LMANsh","Ex_DACH2_LHX2",0.523078591583519
"_TTTACTGGTTGCCATA-5","Glut-DACH2-6","Ex_DACH2_ZMAT4",0.427877486964246
"_TTTAGTCCATAAGCGG-5","Glut-DACH2-LMANco","Ex_SATB2_SOX6",0.454244585118661
"_TTTAGTCTCGACATAC-5","Glut-DACH2-6","Ex_DACH2_CEMIP",0.544511132199921
"_TTTATGCAGCATCCTA-5","Glut-DACH2-LMANsh","Ex_DACH2_ADAMTS5",0.417783596307325
"_TTTATGCCACTCAGAT-5","Glut-DACH2-7","Ex_DACH2_GRIK4",0.27370004544693
"_TTTATGCGTGTGATGG-5","Glut-DACH2-8","Ex_DACH2_ZMAT4",0.587989935183504
"_TTTATGCTCACCCTTG-5","Glut-DACH2-LMANsh","Ex_DACH2_GRIK4",0.200152536327932
"_TTTCACAAGATGGTCG-5","Glut-DACH2-LMANsh","Ex_DACH2_LHX2",0.548187025553973
"_TTTCACAAGGCCATAG-5","Glut-DACH2-LMANsh","Ex_DACH2_LHX2",0.537921460733827
"_TTTCACATCTGCACCT-5","Glut-DACH2-LMANsh","Ex_DACH2_LHX2",0.29313797694877
"_TTTCAGTCACTCACTC-5","Glut-DACH2-LMANco","Ex_DACH2_CEMIP",0.28486451980377
"_TTTCAGTCATGGCCAC-5","Glut-DACH2-8","Ex_DACH2_ZMAT4",0.598794826097351
"_TTTCAGTGTCTTGTCC-5","Glut-DACH2-LMANco","Ex_DACH2_ZMAT4",0.33142408799949
"_TTTCATGCAGCGTATT-5","Glut-DACH2-LMANco","Ex_DACH2_ZMAT4",0.612594809249745
"_TTTCATGTCTGCTAGA-5","Glut-DACH2-LMANco","Ex_DACH2_ZMAT4",0.435693792972453
"_TTTCCTCAGTCGGGAT-5","Glut-DACH2-LMANco","Ex_DACH2_ZMAT4",0.403094646879906
"_TTTCCTCCATTAGGCT-5","Glut-DACH2-LMANco","Ex_SATB2_SOX6",0.385890849419619
"_TTTCCTCGTAATGTGA-5","Glut-DACH2-6","Ex_DACH2_CEMIP",0.448795955185527
"_TTTCCTCTCCAATCTT-5","Glut-DACH2-LMANco","Ex_DACH2_ZMAT4",0.342309922662693
"_TTTCGATCACCGGTCA-5","Glut-DACH2-8","Ex_DACH2_ZMAT4",0.530450581086689
"_TTTCGATTCAGTGTCA-5","Glut-DACH2-8","Ex_DACH2_ZMAT4",0.577107005601216
"_TTTGACTAGACAACTA-5","Glut-DACH2-8","Ex_DACH2_ZMAT4",0.555584449552673
"_TTTGACTAGATCCCAT-5","Glut-DACH2-LMANco","Ex_DACH2_ZMAT4",0.439797165722303
"_TTTGATCAGGTTGGTG-5","Glut-DACH2-LMANco","Ex_DACH2_ZMAT4",0.502686139889845
"_TTTGATCTCGATCCAA-5","Glut-DACH2-8","Ex_DACH2_ZMAT4",0.526403801913884
"_TTTGGAGAGATACGAT-5","Glut-DACH2-LMANco","Ex_DACH2_ZMAT4",0.354831571302341
"_TTTGGAGAGGATGGCT-5","Glut-DACH2-LMANco","Ex_DACH2_ZMAT4",0.365564377330438
"_TTTGGAGCACACGGTC-5","Glut-DACH2-LMANsh","Ex_DACH2_LHX2",0.361996094295624
"_TTTGGAGTCTCCGTGT-5","Glut-DACH2-LMANsh","Ex_DACH2_LHX2",0.333692356092007
"_TTTGGTTAGGTTCACT-5","Glut-DACH2-LMANco","Ex_DACH2_ZMAT4",0.430412141871474
"_TTTGGTTCAATTTCGG-5","Glut-DACH2-LMANco","Ex_SATB2_SOX6",0.438111258227781
"_TTTGGTTTCGCATGAT-5","Glut-DACH2-8","Ex_DACH2_ZMAT4",0.502714194768471
"_TTTGTTGGTGAATTAG-5","Glut-DACH2-6","Ex_DACH2_ZMAT4",0.462274274964787
"_AAACCCACAGTCAGCC-6","Glut-DACH2-6","Ex_DACH2_ZMAT4",0.471570110839127
"_AAACCCAGTACAATAG-6","Glut-DACH2-7","Ex_DACH2_ADAMTS5",0.32937415224855
"_AAACCCAGTCTCGCGA-6","Glut-DACH2-5","Ex_DACH2_LHX2",0.521434318860751
"_AAACCCAGTGGAGGTT-6","Glut-DACH2-7","Ex_DACH2_ADAMTS5",0.27821567840154
"_AAACGAAAGGGACAGG-6","Glut-DACH2-6","Ex_DACH2_CEMIP",0.403646850998536
"_AAACGAACAGTGTGCC-6","Glut-DACH2-8","Ex_DACH2_ZMAT4",0.642840664336047
"_AAACGAAGTTGTAAAG-6","Glut-DACH2-5","Ex_DACH2_LHX2",0.36781441846033
"_AAACGCTAGTCACGAG-6","Glut-DACH2-5","Ex_DACH2_ADAMTS5",0.246826867188528
"_AAACGCTCACCTCTGT-6","Glut-DACH2-5","Ex_DACH2_ADAMTS5",0.277371523604702
"_AAACGCTTCAACCCGG-6","Glut-SATB2-1","Ex_SATB2_FOXP2",0.362249928922749
"_AAAGAACGTACTAAGA-6","Glut-DACH2-7","Ex_DACH2_GRIK4",0.508450905729793
"_AAAGAACTCATCGCCT-6","Glut-DACH2-6","Ex_DACH2_CEMIP",0.440618079926504
"_AAAGAACTCCCGAGAC-6","Glut-DACH2-8","Ex_DACH2_ZMAT4",0.648483714227666
"_AAAGGATAGGCCTAAG-6","Glut-DACH2-7","Ex_DACH2_ADAMTS5",0.336732511332373
"_AAAGGATCACGTTGGC-6","Glut-SATB2-1","Ex_SATB2_SOX6",0.514681608929309
"_AAAGGATGTGAATGAT-6","Glut-SATB2-1","Ex_SATB2_SOX6",0.579603777979787
"_AAAGGGCGTTGCCTAA-6","Glut-DACH2-7","Ex_DACH2_ADAMTS5",0.294201257127483
"_AAAGGGCTCCTTGGAA-6","Glut-DACH2-8","Ex_DACH2_ZMAT4",0.638845880761432
"_AAAGGTAAGCCTAGGA-6","Glut-DACH2-5","Ex_DACH2_LHX2",0.380544745143248
"_AAAGGTATCAGATGCT-6","Glut-SATB2-1","Ex_SATB2_FOXP2",0.571663094574815
"_AAAGGTATCTAACGCA-6","Glut-DACH2-5","Ex_DACH2_LHX2",0.501639928039166
"_AAAGTCCAGCACCTGC-6","Glut-DACH2-6","Ex_DACH2_CEMIP",0.318966098265528
"_AAAGTCCCAGCCTATA-6","Glut-DACH2-5","Ex_DACH2_ADAMTS5",0.257596771886067
"_AAAGTCCGTGCCTTCT-6","Glut-DACH2-8","Ex_DACH2_ZMAT4",0.670693747325801
"_AAAGTCCTCACGAACT-6","Glut-DACH2-7","Ex_DACH2_GRIK4",0.451818512553051
"_AAAGTCCTCTTGGCTC-6","Glut-DACH2-1","Ex_DACH2_GRIK4",0.235568359631145
"_AAAGTGAAGGAGATAG-6","Glut-DACH2-6","Ex_DACH2_CEMIP",0.661799020132481
"_AAAGTGAAGGTTTGAA-6","Glut-DACH2-7","Ex_DACH2_GRIK4",0.324757328654283
"_AAAGTGAAGTTGGACG-6","Glut-DACH2-6","Ex_DACH2_CEMIP",0.361883049156826
"_AAAGTGAGTTATTCCT-6","Glut-SATB2-1","Ex_SATB2_SOX6",0.493049823748472
"_AAATGGACAACAGATA-6","Glut-DACH2-5","Ex_DACH2_ADAMTS5",0.527340810189795
"_AAATGGACAGCGTAGA-6","Glut-DACH2-7","Ex_DACH2_GRIK4",0.335815534597558
"_AAATGGACATGGGATG-6","Glut-DACH2-5","Ex_DACH2_LHX2",0.410953565706662
"_AACAAAGCAGGTCAAG-6","Glut-DACH2-5","Ex_DACH2_LHX2",0.503022799648206
"_AACAACCAGGATAATC-6","Glut-DACH2-7","Ex_DACH2_GRIK4",0.312202095255835
"_AACAACCCACTCCGGA-6","Glut-SATB2-1","Ex_SATB2_SOX6",0.515708938913273
"_AACAACCGTCGATTAC-6","Glut-DACH2-7","Ex_DACH2_GRIK4",0.360253906516241
"_AACAACCTCTGAGGCC-6","Glut-DACH2-8","Ex_DACH2_ZMAT4",0.653021440226214
"_AACAAGAGTCGCAACC-6","Glut-DACH2-7","Ex_DACH2_ADAMTS5",0.33336734167064
"_AACAAGAGTTCCGGTG-6","Glut-DACH2-6","Ex_DACH2_ZMAT4",0.469532220717146
"_AACACACCACTTCAAG-6","Glut-DACH2-6","Ex_DACH2_ZMAT4",0.33902902129318
"_AACCAACCACGCGCTA-6","Glut-DACH2-8","Ex_DACH2_ZMAT4",0.704252402333546
"_AACCAACCAGCAGACA-6","Glut-DACH2-5","Ex_DACH2_ADAMTS5",0.367671222988876
"_AACCAACGTACGTGAG-6","Glut-DACH2-6","Ex_DACH2_CEMIP",0.245502705237194
"_AACCAACGTTCGAAGG-6","Glut-DACH2-7","Ex_DACH2_ADAMTS5",0.507812465583523
"_AACCACAAGTGCAAAT-6","Glut-DACH2-5","Ex_DACH2_GRIK4",0.244330224517722
"_AACCACACACACTTAG-6","Glut-DACH2-5","Ex_DACH2_ADAMTS5",0.612974962559558
"_AACCACACAGCGTGCT-6","Glut-DACH2-7","Ex_DACH2_GRIK4",0.298907595266496
"_AACCACAGTTAGGACG-6","Glut-DACH2-8","Ex_DACH2_ZMAT4",0.649984152168993
"_AACCACAGTTGGCTAT-6","Glut-DACH2-5","Ex_DACH2_ADAMTS5",0.553002518934158
"_AACCACATCGTCGCTT-6","Glut-DACH2-7","Ex_DACH2_ADAMTS5",0.409355446950878
"_AACCATGGTTAGGCTT-6","Glut-DACH2-7","Ex_DACH2_ADAMTS5",0.388342636859603
"_AACCATGTCAATCAGC-6","Glut-DACH2-6","Ex_DACH2_CEMIP",0.580861006434739
"_AACCCAATCTACTGCC-6","Glut-DACH2-6","Ex_DACH2_CEMIP",0.692336750225005
"_AACCTGACATCGTGGC-6","Glut-DACH2-8","Ex_DACH2_ZMAT4",0.638787209549917
"_AACCTGACATTGGGAG-6","Glut-DACH2-7","Ex_DACH2_GRIK4",0.307050688745337
"_AACCTGAGTCTACATG-6","Glut-DACH2-7","Ex_DACH2_GRIK4",0.302204919721653
"_AACCTGAGTCTCGGAC-6","Glut-DACH2-7","Ex_DACH2_ADAMTS5",0.372138352454238
"_AACCTGAGTTAATCGC-6","Glut-DACH2-6","Ex_DACH2_CEMIP",0.412044888747098
"_AACCTGATCAAAGACA-6","Glut-DACH2-7","Ex_DACH2_ADAMTS5",0.359724485135446
"_AACCTGATCGTACACA-6","Glut-DACH2-5","Ex_DACH2_ADAMTS5",0.609631636842491
"_AACCTTTAGGAGACCT-6","Glut-DACH2-8","Ex_DACH2_ZMAT4",0.618985991920694
"_AACCTTTGTACTGAGG-6","Glut-DACH2-5","Ex_DACH2_LHX2",0.495794281843352
"_AACCTTTGTTCGGTCG-6","Glut-DACH2-5","Ex_DACH2_LHX2",0.43626903395723
"_AACGAAAGTACGGGAT-6","Glut-DACH2-6","Ex_DACH2_CEMIP",0.707031960504826
"_AACGAAAGTAGCTGCC-6","Glut-DACH2-8","Ex_DACH2_ZMAT4",0.676512688077483
"_AACGAAAGTGCCTGCA-6","Glut-DACH2-7","Ex_DACH2_GRIK4",0.39202655234482
"_AACGAAAGTGTCCAAT-6","Glut-DACH2-7","Ex_DACH2_GRIK4",0.301081109191083
"_AACGGGAAGGTAAAGG-6","Glut-DACH2-6","Ex_DACH2_CEMIP",0.562963729269041
"_AACGTCAAGGTAGTCG-6","Glut-DACH2-7","Ex_DACH2_ADAMTS5",0.334746232581564
"_AACGTCACAAGACGGT-6","Glut-DACH2-7","Ex_DACH2_GRIK4",0.421800931668525
"_AACGTCAGTTCGGCGT-6","Glut-DACH2-5","Ex_DACH2_LHX2",0.356265916690818
"_AACTTCTAGCAACAGC-6","Glut-SATB2-1","Ex_SATB2_SOX6",0.564862537730994
"_AACTTCTAGCGTTACT-6","Glut-DACH2-5","Ex_DACH2_GRIK4",0.267711224158465
"_AACTTCTCAAGATCCT-6","Glut-DACH2-7","Ex_DACH2_ADAMTS5",0.501551576198407
"_AACTTCTCAGAGATTA-6","Glut-DACH2-6","Ex_DACH2_CEMIP",0.676126127168425
"_AAGAACAGTCCGACGT-6","Glut-DACH2-8","Ex_DACH2_ZMAT4",0.467973349667066
"_AAGAACAGTGATCGTT-6","Glut-DACH2-6","Ex_DACH2_CEMIP",0.669238804605235
"_AAGAACATCCGATAGT-6","Glut-DACH2-1","Ex_DACH2_ADAMTS5",0.419035374012448
"_AAGAACATCTGACCCT-6","Glut-DACH2-7","Ex_DACH2_GRIK4",0.403635275940854
"_AAGACAAAGCAGGTCA-6","Glut-SATB2-1","Ex_SATB2_SOX6",0.5070021318143
"_AAGACAAAGGCAGCTA-6","Glut-DACH2-6","Ex_DACH2_CEMIP",0.357737651794811
"_AAGACAATCCATCTCG-6","Glut-DACH2-5","Ex_DACH2_LHX2",0.511298082958278
"_AAGACTCGTATCGCGC-6","Glut-SATB2-1","Ex_SATB2_FOXP2",0.458080391530309
"_AAGACTCTCGCTTTAT-6","Glut-DACH2-6","Ex_DACH2_CEMIP",0.513291905703727
"_AAGATAGAGGTGATAT-6","Glut-DACH2-5","Ex_DACH2_GRIK4",0.297945174861451
"_AAGATAGTCAACACGT-6","Glut-DACH2-6","Ex_DACH2_CEMIP",0.427570561102692
"_AAGCATCAGCAAGTCG-6","Glut-DACH2-7","Ex_DACH2_GRIK4",0.401257307310249
"_AAGCATCCATCATCTT-6","Glut-SATB2-1","Ex_SATB2_FOXP2",0.465757122615168
"_AAGCATCGTCTAATCG-6","Glut-DACH2-8","Ex_DACH2_ZMAT4",0.625750349635897
"_AAGCCATCAGTGACCC-6","Glut-DACH2-6","Ex_DACH2_CEMIP",0.639109484270214
"_AAGCCATGTAAGACCG-6","Glut-DACH2-6","Ex_DACH2_ZMAT4",0.523404118359566
"_AAGCCATGTGACCGTC-6","Glut-DACH2-7","Ex_DACH2_ADAMTS5",0.378550643344851
"_AAGCCATTCGCTAGCG-6","Glut-DACH2-7","Ex_DACH2_GRIK4",0.342546871030371
"_AAGCGAGGTCGGTACC-6","Glut-DACH2-7","Ex_DACH2_GRIK4",0.399780278700127
"_AAGCGAGTCTATACTC-6","Glut-DACH2-7","Ex_DACH2_CEMIP",0.326268976065952
"_AAGCGTTTCTATCACT-6","Glut-DACH2-5","Ex_DACH2_ADAMTS5",0.631816417207902
"_AAGGAATAGAAATTCG-6","Glut-DACH2-5","Ex_DACH2_LHX2",0.441034593235106
"_AAGGAATGTCCATCTC-6","Glut-DACH2-5","Ex_DACH2_ADAMTS5",0.435317985404203
"_AAGGAATTCTTCTGTA-6","Glut-DACH2-7","Ex_DACH2_GRIK4",0.438916598672793
"_AAGGTAAAGCAAATGT-6","Glut-SATB2-1","Ex_SATB2_SOX6",0.492393722948785
"_AAGGTAAGTTCCCAAA-6","Glut-DACH2-7","Ex_DACH2_NR4A3",0.276617951709711
"_AAGTACCAGAGGTTTA-6","Glut-DACH2-7","Ex_DACH2_ADAMTS5",0.319270463761034
"_AAGTACCAGATACCAA-6","Glut-DACH2-7","Ex_DACH2_GRIK4",0.260656215345445
"_AAGTACCCATTGGCAT-6","Glut-DACH2-8","Ex_DACH2_ZMAT4",0.59762433568165
"_AAGTACCGTCCGGATC-6","Glut-SATB2-1","Ex_SATB2_FOXP2",0.479912655696739
"_AAGTACCTCCTACGGG-6","Glut-DACH2-6","Ex_DACH2_CEMIP",0.570064026018437
"_AAGTACCTCGCAATGT-6","Glut-DACH2-7","Ex_DACH2_ADAMTS5",0.304306849136692
"_AAGTCGTAGTATTGCC-6","Glut-DACH2-5","Ex_DACH2_GRIK4",0.301977942935701
"_AAGTCGTCAGCCTTCT-6","Glut-DACH2-6","Ex_DACH2_ZMAT4",0.445458369441581
"_AAGTCGTCATAGTCGT-6","Glut-SATB2-1","Ex_SATB2_FOXP2",0.651458664926973
"_AAGTCGTGTTTGCCGG-6","Glut-DACH2-7","Ex_DACH2_ADAMTS5",0.302313202909308
"_AAGTCGTTCTGGCCAG-6","Glut-DACH2-5","Ex_DACH2_MGAT4C",0.268454296288458
"_AAGTGAAAGGCGCTTC-6","Glut-SATB2-1","Ex_SATB2_SOX6",0.37552936404472
"_AAGTTCGAGTGGACGT-6","Glut-SATB2-1","Ex_SATB2_ZNF385B",0.749708127990779
"_AAGTTCGAGTTAACAG-6","Glut-DACH2-5","Ex_DACH2_GRIK4",0.262057829237544
"_AAGTTCGCAATCTCTT-6","Glut-SATB2-1","Ex_SATB2_SOX6",0.588076628069693
"_AAGTTCGTCTGACGCG-6","Glut-DACH2-LMANsh","Ex_DACH2_GRIK4",0.288711052450608
"_AATAGAGCACAAGGTG-6","Glut-DACH2-6","Ex_DACH2_CEMIP",0.727506896306564
"_AATAGAGTCGCCACTT-6","Glut-DACH2-5","Ex_DACH2_ADAMTS5",0.30044204454674
"_AATAGAGTCTATCGGA-6","Glut-DACH2-5","Ex_DACH2_LHX2",0.413265710331924
"_AATCACGGTCCAGCGT-6","Glut-SATB2-1","Ex_SATB2_SOX6",0.402543764999226
"_AATCACGTCAGCCTTC-6","Glut-DACH2-5","Ex_DACH2_ADAMTS5",0.316667696446691
"_AATCACGTCCCTCGTA-6","Glut-DACH2-7","Ex_DACH2_GRIK4",0.36374338974908
"_AATCACGTCTTCCTAA-6","Glut-SATB2-1","Ex_SATB2_FOXP2",0.487063225116258
"_AATCGACAGTATGACA-6","Glut-DACH2-7","Ex_DACH2_CEMIP",0.207365979472029
"_AATCGACCAAATCCCA-6","Glut-SATB2-1","Ex_SATB2_SOX6",0.406245362376994
"_AATCGACCATAAGCGG-6","Glut-SATB2-1","Ex_SATB2_FOXP2",0.214995144726916
"_AATCGACCATCCTGTC-6","Glut-SATB2-1","Ex_SATB2_FOXP2",0.394248219352696
"_AATCGTGCATTGTACG-6","Glut-SATB2-1","Ex_SATB2_SOX6",0.552590481312346
"_AATGAAGAGAAATTCG-6","Glut-DACH2-7","Ex_DACH2_NR4A3",0.429828515463037
"_AATGAAGAGCTAGAGC-6","Glut-DACH2-7","Ex_DACH2_ADAMTS5",0.279997292218146
"_AATGCCAAGCATGATA-6","Glut-DACH2-5","Ex_DACH2_ADAMTS5",0.421412982494742
"_AATGCCAAGTGCTAGG-6","Glut-DACH2-6","Ex_DACH2_ZMAT4",0.435403104415175
"_AATGCCACAAAGACGC-6","Glut-DACH2-7","Ex_DACH2_GRIK4",0.346777837221168
"_AATGCCAGTCTACAGT-6","Glut-DACH2-7","Ex_DACH2_GRIK4",0.437666998422068
"_AATGCCATCATGAGTC-6","Glut-DACH2-6","Ex_DACH2_CEMIP",0.485690470018562
"_AATGGAACACATCCCT-6","Glut-SATB2-1","Ex_SATB2_ZNF385B",0.783714018431843
"_AATGGAATCGCTACGG-6","Glut-DACH2-7","Ex_DACH2_GRIK4",0.332531670434565
"_AATGGCTCAACGTAAA-6","Glut-DACH2-5","Ex_DACH2_LHX2",0.365538273765688
"_AATGGCTGTACCACGC-6","Glut-DACH2-6","Ex_DACH2_CEMIP",0.531002369222284
"_AATGGCTGTGGTGATG-6","Glut-DACH2-6","Ex_DACH2_ZMAT4",0.394505160420505
"_AATGGCTTCAGTGTTG-6","Glut-DACH2-6","Ex_DACH2_CEMIP",0.519030164195183
"_AATGGCTTCCAGCAAT-6","Glut-DACH2-7","Ex_DACH2_GRIK4",0.479757844918187
"_AATGGCTTCGCGATCG-6","Glut-DACH2-8","Ex_DACH2_ZMAT4",0.578039122645442
"_AATTCCTCACACGGTC-6","Glut-DACH2-5","Ex_DACH2_ADAMTS5",0.400362692780048
"_AATTCCTTCGCCTTGT-6","Glut-DACH2-5","Ex_DACH2_ADAMTS5",0.381650229139605
"_AATTTCCGTCTCACGG-6","Glut-DACH2-5","Ex_DACH2_ADAMTS5",0.512962955948295
"_ACAAAGACATGCCGGT-6","Glut-DACH2-5","Ex_DACH2_ADAMTS5",0.508645910100649
"_ACAAAGATCCGCGGAT-6","Glut-DACH2-7","Ex_DACH2_GRIK4",0.535417040936375
"_ACAACCAAGTCGGCAA-6","Glut-DACH2-5","Ex_DACH2_LHX2",0.401269521801874
"_ACAACCACACTGCGTG-6","Glut-DACH2-6","Ex_DACH2_CEMIP",0.474623302549519
"_ACAAGCTTCGTCCATC-6","Glut-DACH2-7","Ex_DACH2_ADAMTS5",0.370309961280142
"_ACACGCGCAAATGATG-6","Glut-DACH2-5","Ex_DACH2_LHX2",0.412524604274901
"_ACACGCGCAATCAAGA-6","Glut-DACH2-6","Ex_DACH2_ZMAT4",0.424936771373698
"_ACACGCGGTACGATGG-6","Glut-DACH2-5","Ex_DACH2_LHX2",0.372814052716442
"_ACACGCGGTGTTGATC-6","Glut-DACH2-5","Ex_DACH2_LHX2",0.494429909692239
"_ACACGCGTCCACCTGT-6","Glut-DACH2-7","Ex_DACH2_GRIK4",0.439246048107075
"_ACACTGACAACTACGT-6","Glut-DACH2-7","Ex_DACH2_ADAMTS5",0.506690924946339
"_ACACTGACACAACGTT-6","Glut-DACH2-7","Ex_DACH2_ADAMTS5",0.581400192726772
"_ACACTGATCATGAGGG-6","Glut-DACH2-6","Ex_DACH2_CEMIP",0.427746745039118
"_ACAGAAAAGAGCATAT-6","Glut-SATB2-1","Ex_SATB2_SOX6",0.454592446150249
"_ACAGAAAAGATACTGA-6","Glut-DACH2-7","Ex_SATB2_SOX6",0.219355506940117
"_ACAGAAAAGCTACAAA-6","Glut-DACH2-7","Ex_DACH2_GRIK4",0.470129542492075
"_ACAGAAACAAATACAG-6","Glut-DACH2-8","Ex_DACH2_ZMAT4",0.60076255594057
"_ACAGAAAGTATACAGA-6","Glut-DACH2-7","Ex_DACH2_ADAMTS5",0.304936402889511
"_ACAGAAAGTCGATGCC-6","Glut-DACH2-5","Ex_DACH2_LHX2",0.544499909136133
"_ACAGAAAGTTAGGCTT-6","Glut-DACH2-6","Ex_DACH2_ITGA9",0.298743907178317
"_ACAGCCGCAGTTTCAG-6","Glut-DACH2-5","Ex_DACH2_GRIK4",0.310683110772084
"_ACAGCCGGTACTCCGG-6","Glut-DACH2-7","Ex_DACH2_ADAMTS5",0.222779191917315
"_ACAGCCGTCATCACAG-6","Glut-DACH2-6","Ex_DACH2_ITGA9",0.325647131643289
"_ACAGGGAAGTTAACGA-6","Glut-DACH2-6","Ex_DACH2_CEMIP",0.371346233920242
"_ACAGGGAGTATACGGG-6","Glut-DACH2-7","Ex_DACH2_GRIK4",0.434477546175056
"_ACAGGGATCGAAACAA-6","Glut-DACH2-7","Ex_DACH2_ADAMTS5",0.412605156053214
"_ACATCCCTCCTTTAGT-6","Glut-DACH2-7","Ex_DACH2_GRIK4",0.352583400775672
"_ACATCGACAAGATGTA-6","Glut-DACH2-7","Ex_DACH2_LHX2",0.461770473125703
"_ACATCGACAGGAACCA-6","Glut-DACH2-7","Ex_DACH2_GRIK4",0.499989841059938
"_ACATCGAGTCAACCTA-6","Glut-DACH2-7","Ex_DACH2_ADAMTS5",0.401971986055356
"_ACATGCAAGTCAGGGT-6","Glut-DACH2-5","Ex_DACH2_GRIK4",0.343116250014236
"_ACATTTCAGTTGGGAC-6","Glut-SATB2-1","Ex_SATB2_FOXP2",0.515530582138436
"_ACATTTCTCTGGCCAG-6","Glut-DACH2-5","Ex_DACH2_LHX2",0.427407488190776
"_ACCAAACTCACATACG-6","Glut-DACH2-7","Ex_DACH2_ADAMTS5",0.272226110817644
"_ACCAAACTCAGGTGTT-6","Glut-SATB2-1","Ex_SATB2_SOX6",0.544465589753337
"_ACCAAACTCCTCGATC-6","Glut-DACH2-6","Ex_DACH2_CEMIP",0.422147388442363
"_ACCAAACTCGTTCAGA-6","Glut-DACH2-5","Ex_DACH2_GRIK4",0.244517277578696
"_ACCAACAAGAATCGTA-6","Glut-SATB2-1","Ex_SATB2_FOXP2",0.578474359055658
"_ACCAACAAGGCTCTCG-6","Glut-DACH2-6","Ex_DACH2_CEMIP",0.747570750370312
"_ACCAACAAGGTTTGAA-6","Glut-DACH2-5","Ex_DACH2_GRIK4",0.340669386681401
"_ACCAACACACACTGGC-6","Glut-DACH2-7","Ex_DACH2_NR4A3",0.448442790121307
"_ACCAACAGTGCGAACA-6","Glut-DACH2-5","Ex_DACH2_ADAMTS5",0.325717062189227
"_ACCAACAGTTGCTGAT-6","Glut-DACH2-5","Ex_DACH2_LHX2",0.358016032678495
"_ACCACAAAGGCCGCTT-6","Glut-SATB2-1","Ex_SATB2_SOX6",0.542819538416682
"_ACCACAAGTAACGCGA-6","Glut-DACH2-5","Ex_DACH2_ADAMTS5",0.41232918049245
"_ACCACAAGTGACAGCA-6","Glut-DACH2-5","Ex_DACH2_LHX2",0.303865373756509
"_ACCACAAGTTTGAAAG-6","Glut-DACH2-7","Ex_DACH2_ADAMTS5",0.44276931431269
"_ACCACAATCAAGCTGT-6","Glut-DACH2-8","Ex_DACH2_ZMAT4",0.643800012673636
"_ACCATTTAGAGCCCAA-6","Glut-DACH2-6","Ex_DACH2_CEMIP",0.438451660825551
"_ACCATTTGTATGAGGC-6","Glut-DACH2-8","Ex_DACH2_ZMAT4",0.560322741347165
"_ACCATTTGTTCAGCTA-6","Glut-DACH2-7","Ex_DACH2_NR4A3",0.332605392110212
"_ACCATTTTCACCTCTG-6","Glut-DACH2-6","Ex_DACH2_CEMIP",0.710905542327812
"_ACCCAAAAGCGTTCAT-6","Glut-DACH2-5","Ex_DACH2_LHX2",0.507983720418572
"_ACCCAAAAGGCACCAA-6","Glut-SATB2-1","Ex_SATB2_FOXP2",0.499039587650698
"_ACCCAAAAGGTGAGCT-6","Glut-DACH2-6","Ex_DACH2_ZMAT4",0.468555443821373
"_ACCCAAAAGTGAGCCA-6","Glut-DACH2-8","Ex_DACH2_ZMAT4",0.641407377178098
"_ACCCAAACACGGTGAA-6","Glut-DACH2-7","Ex_DACH2_GRIK4",0.462644899102929
"_ACCCAAAGTCACCGAC-6","Glut-DACH2-6","Ex_DACH2_CEMIP",0.473704859341286
"_ACCCAAAGTCGCGGTT-6","Glut-DACH2-7","Ex_DACH2_NR4A3",0.616332063289021
"_ACCCAAAGTGGGTATG-6","Glut-DACH2-6","Ex_DACH2_CEMIP",0.767472751204746
"_ACCCAAAGTGTTTACG-6","Glut-DACH2-8","Ex_DACH2_ZMAT4",0.669822703871881
"_ACCCAAATCAAGGTGG-6","Glut-DACH2-7","Ex_DACH2_ADAMTS5",0.429495739340623
"_ACCCTCACACAAGCAG-6","Glut-DACH2-6","Ex_DACH2_CEMIP",0.388126347278876
"_ACCCTCAGTACGTGAG-6","Glut-DACH2-6","Ex_DACH2_CEMIP",0.473444414330863
"_ACCCTTGCAACTTGCA-6","Glut-DACH2-6","Ex_DACH2_CEMIP",0.37155663883556
"_ACCCTTGGTGCGGTAA-6","Glut-SATB2-1","Ex_SATB2_FOXP2",0.716960324836459
"_ACCGTTCAGAAGGGAT-6","Glut-DACH2-5","Ex_DACH2_LHX2",0.563346622401211
"_ACCGTTCGTTATTCTC-6","Glut-DACH2-6","Ex_DACH2_CEMIP",0.248076000300846
"_ACCTACCAGGGATCAC-6","Glut-DACH2-7","Ex_DACH2_GRIK4",0.320473384238873
"_ACCTACCCAATCGAAA-6","Glut-DACH2-5","Ex_DACH2_ADAMTS5",0.248331160022824
"_ACCTACCGTCTCAAGT-6","Glut-DACH2-6","Ex_DACH2_CEMIP",0.532656797705354
"_ACCTACCGTGACAGCA-6","Glut-DACH2-7","Ex_DACH2_GRIK4",0.439138556126811
"_ACCTACCGTGTAAACA-6","Glut-DACH2-6","Ex_DACH2_CEMIP",0.346329950644095
"_ACCTACCGTTAGCTAC-6","Glut-SATB2-1","Ex_SATB2_ZNF385B",0.731639799819531
"_ACCTACCTCCTTGAAG-6","Glut-DACH2-6","Ex_DACH2_CEMIP",0.306566858220616
"_ACCTACCTCGCTGTCT-6","Glut-DACH2-5","Ex_DACH2_ADAMTS5",0.266420023869351
"_ACCTACCTCTTCTGTA-6","Glut-SATB2-1","Ex_SATB2_SOX6",0.575637783551012
"_ACCTGAAAGCCTAACT-6","Glut-DACH2-7","Ex_DACH2_ADAMTS5",0.382087319388539
"_ACCTGAACACGCCAGT-6","Glut-DACH2-7","Ex_DACH2_ADAMTS5",0.395842827252181
"_ACCTGAAGTTACCGTA-6","Glut-DACH2-6","Ex_DACH2_CEMIP",0.726951927590395
"_ACCTGAAGTTATCCAG-6","Glut-DACH2-5","Ex_DACH2_ADAMTS5",0.384060733119464
"_ACCTGAATCCACGGGT-6","Glut-DACH2-6","Ex_DACH2_CEMIP",0.693504381464924
"_ACCTGTCCAGACATCT-6","Glut-DACH2-7","Ex_DACH2_GRIK4",0.437690157597634
"_ACCTGTCTCAATCCGA-6","Glut-SATB2-1","Ex_SATB2_SOX6",0.594077487828992
"_ACGATGTAGCTTTCCC-6","Glut-SATB2-1","Ex_SATB2_SOX6",0.531715012484831
"_ACGATGTTCTCTTAAC-6","Glut-SATB2-1","Ex_SATB2_SOX6",0.516783379378449
"_ACGATGTTCTGATTCT-6","Glut-DACH2-7","Ex_DACH2_GRIK4",0.400566386294926
"_ACGCACGAGCCTATTG-6","Glut-DACH2-6","Ex_DACH2_CEMIP",0.392628031602597
"_ACGCACGCAGAGGTAC-6","Glut-DACH2-7","Ex_DACH2_GRIK4",0.468152845138396
"_ACGGAAGGTCGCGTTG-6","Glut-SATB2-1","Ex_SATB2_FOXP2",0.39781735169571
"_ACGGAAGGTTCTGACA-6","Glut-SATB2-1","Ex_SATB2_SOX6",0.540220425930201
"_ACGGAAGTCGAAGTGG-6","Glut-DACH2-7","Ex_DACH2_MGAT4C",0.179190768047398
"_ACGGTCGAGAAGCCTG-6","Glut-DACH2-1","Ex_DACH2_ADAMTS5",0.398161038474932
"_ACGGTCGAGGAAAGAC-6","Glut-DACH2-7","Ex_DACH2_ADAMTS5",0.47936320971919
"_ACGGTCGAGGGTAGCT-6","Glut-DACH2-5","Ex_DACH2_GRIK4",0.272821430387891
"_ACGGTCGCACGTTGGC-6","Glut-DACH2-8","Ex_DACH2_ZMAT4",0.462102187529405
"_ACGGTCGTCTGGCCGA-6","Glut-SATB2-1","Ex_SATB2_FOXP2",0.474329952261757
"_ACGGTTACAGAGTTCT-6","Glut-DACH2-7","Ex_DACH2_GRIK4",0.371447254921943
"_ACGTAACAGTGAATAC-6","Glut-DACH2-LMANsh","Ex_DACH2_LHX2",0.455390286001602
"_ACGTACAAGATGGCGT-6","Glut-DACH2-8","Ex_DACH2_ZMAT4",0.597747112182226
"_ACGTAGTAGTCAGGGT-6","Glut-DACH2-8","Ex_DACH2_ZMAT4",0.544850405921354
"_ACGTAGTCATAACGGG-6","Glut-DACH2-5","Ex_DACH2_LHX2",0.253555125737237
"_ACGTAGTTCTGAGAAA-6","Glut-DACH2-6","Ex_DACH2_CEMIP",0.312212937456108
"_ACGTCCTAGACCAAGC-6","Glut-DACH2-8","Ex_DACH2_ZMAT4",0.584995052710705
"_ACGTCCTAGATGCAGC-6","Glut-DACH2-5","Ex_DACH2_GRIK4",0.286096788958475
"_ACGTCCTAGATTTGCC-6","Glut-DACH2-7","Ex_DACH2_GRIK4",0.255516248676042
"_ACGTCCTAGCAGCAGT-6","Glut-DACH2-5","Ex_DACH2_LHX2",0.413793687216494
"_ACGTCCTCAAATACGA-6","Glut-DACH2-5","Ex_DACH2_ADAMTS5",0.45892296682355
"_ACGTCCTCAGGCACTC-6","Glut-DACH2-7","Ex_DACH2_GRIK4",0.291752996466091
"_ACGTCCTGTGACACGA-6","Glut-DACH2-6","Ex_DACH2_ZMAT4",0.644207304646332
"_ACGTCCTTCCATTCGC-6","Glut-DACH2-6","Ex_DACH2_CEMIP",0.579851593380535
"_ACGTCCTTCGCGTTTC-6","Glut-DACH2-7","Ex_DACH2_GRIK4",0.357327412092247
"_ACGTTCCAGCGGTAGT-6","Glut-DACH2-7","Ex_DACH2_GRIK4",0.458230196184599
"_ACGTTCCCAAGCCCAC-6","Glut-SATB2-1","Ex_SATB2_FOXP2",0.393553624217649
"_ACGTTCCCAATTCTCT-6","Glut-DACH2-5","Ex_DACH2_LHX2",0.446156981842322
"_ACGTTCCCAGGTGGAT-6","Glut-DACH2-5","Ex_DACH2_ADAMTS5",0.622226356440244
"_ACGTTCCGTGGTTTAC-6","Glut-DACH2-5","Ex_DACH2_ADAMTS5",0.340636481373245
"_ACTACGACAATTAGGA-6","Glut-SATB2-1","Ex_SATB2_FOXP2",0.510789797397072
"_ACTATCTAGTTGGACG-6","Glut-DACH2-7","Ex_DACH2_ADAMTS5",0.325602567213941
"_ACTATGGGTCGTTATG-6","Glut-DACH2-7","Ex_DACH2_LHX2",0.493202996043277
"_ACTATGGTCGGCATCG-6","Glut-DACH2-7","Ex_SATB2_SOX6",0.207922184717365
"_ACTATGGTCGTCAACA-6","Glut-DACH2-6","Ex_DACH2_CEMIP",0.388728355518236
"_ACTATGGTCTCGCTTG-6","Glut-DACH2-7","Ex_DACH2_CEMIP",0.316235361772695
"_ACTATTCCACCCTATC-6","Glut-DACH2-7","Ex_DACH2_MGAT4C",0.334402182380085
"_ACTATTCTCCCGTTCA-6","Glut-DACH2-7","Ex_DACH2_GRIK4",0.37486148135067
"_ACTCCCAGTTGGGTAG-6","Glut-DACH2-5","Ex_DACH2_LHX2",0.515217753426591
"_ACTCCCATCAACTTTC-6","Glut-DACH2-5","Ex_DACH2_ADAMTS5",0.557064072717554
"_ACTCTCGAGAGGCTGT-6","Glut-DACH2-5","Ex_DACH2_NR4A3",0.422765867126948
"_ACTCTCGGTTGGCCGT-6","Glut-DACH2-8","Ex_DACH2_ZMAT4",0.601594136652871
"_ACTGATGAGATACATG-6","Glut-DACH2-8","Ex_DACH2_ZMAT4",0.621684008528104
"_ACTGCAAAGGATATAC-6","Glut-DACH2-5","Ex_DACH2_ADAMTS5",0.332830816331532
"_ACTGCAACATCCCACT-6","Glut-DACH2-5","Ex_DACH2_LHX2",0.477710371459486
"_ACTGCAATCCCAGCGA-6","Glut-DACH2-6","Ex_DACH2_CEMIP",0.712026648312198
"_ACTGCAATCGTTCTAT-6","Glut-DACH2-5","Ex_DACH2_LHX2",0.383030484241485
"_ACTGTCCGTAGTCACT-6","Glut-SATB2-1","Ex_SATB2_SOX6",0.514531489991845
"_ACTGTGATCTGTGCGG-6","Glut-DACH2-6","Ex_DACH2_CEMIP",0.237744621082163
"_ACTTAGGAGACATCAA-6","Glut-DACH2-LMANsh","Ex_DACH2_LHX2",0.469422679616875
"_ACTTAGGCAACATCGT-6","Glut-DACH2-7","Ex_DACH2_NR4A3",0.771865569249819
"_ACTTAGGCAAGACGGT-6","Glut-DACH2-5","Ex_DACH2_LHX2",0.510756073225992
"_ACTTATCAGAGAGGTA-6","Glut-DACH2-7","Ex_DACH2_GRIK4",0.38602690203368
"_ACTTATCAGTAGCATA-6","Glut-DACH2-8","Ex_DACH2_CEMIP",0.626648827105556
"_ACTTATCCAATTGAAG-6","Glut-DACH2-7","Ex_DACH2_GRIK4",0.402399778658363
"_ACTTATCCAGATCACT-6","Glut-DACH2-6","Ex_DACH2_CEMIP",0.384841040943178
"_ACTTCCGAGTTAGTAG-6","Glut-SATB2-1","Ex_SATB2_ZNF385B",0.756991281259974
"_ACTTCCGGTAGACACG-6","Glut-DACH2-5","Ex_DACH2_ADAMTS5",0.435522906843821
"_ACTTCGCCACGAGAAC-6","Glut-DACH2-7","Ex_DACH2_GRIK4",0.392814890697543
"_ACTTCGCCACGCGTCA-6","Glut-SATB2-1","Ex_SATB2_SOX6",0.510470490119946
"_ACTTTCATCTTTCCAA-6","Glut-DACH2-6","Ex_DACH2_CEMIP",0.727411475413648
"_ACTTTGTAGCCTCAAT-6","Glut-DACH2-5","Ex_DACH2_LHX2",0.339983238399972
"_ACTTTGTGTATAGCTC-6","Glut-DACH2-7","Ex_DACH2_GRIK4",0.407091771544852
"_ACTTTGTGTGAGGATC-6","Glut-DACH2-5","Ex_DACH2_LHX2",0.546213172409967
"_ACTTTGTTCTAGGAAA-6","Glut-DACH2-7","Ex_DACH2_ADAMTS5",0.472197817076008
"_AGAAATGTCAAGTCTG-6","Glut-DACH2-7","Ex_DACH2_GRIK4",0.46404270479806
"_AGAAATGTCACTGGTA-6","Glut-DACH2-7","Ex_DACH2_LHX2",0.553421119759675
"_AGAAATGTCTAGTACG-6","Glut-DACH2-5","Ex_DACH2_ADAMTS5",0.323287613315009
"_AGAAATGTCTCATGCC-6","Glut-DACH2-7","Ex_DACH2_MGAT4C",0.237438680353406
"_AGAACAAAGTATGAAC-6","Glut-DACH2-6","Ex_DACH2_CEMIP",0.547922497658977
"_AGAACAACATGCACTA-6","Glut-DACH2-7","Ex_DACH2_ADAMTS5",0.269371872452278
"_AGAACAAGTCGCTTGG-6","Glut-DACH2-7","Ex_DACH2_GRIK4",0.364060628699228
"_AGAACAATCACTTCTA-6","Glut-DACH2-7","Ex_DACH2_ADAMTS5",0.354913295310259
"_AGAACCTAGTTAGTGA-6","Glut-DACH2-6","Ex_DACH2_CEMIP",0.777337209838699
"_AGAACCTCATAGAATG-6","Glut-DACH2-8","Ex_DACH2_ZMAT4",0.569758733891151
"_AGAACCTGTGTTCGTA-6","Glut-DACH2-6","Ex_SATB2_FOXP2",0.259092920741457
"_AGAAGCGCAATTGCCA-6","Glut-DACH2-5","Ex_DACH2_ADAMTS5",0.457298814564141
"_AGAAGCGGTAGTGTGG-6","Glut-DACH2-5","Ex_DACH2_ADAMTS5",0.538248551320652
"_AGAAGCGGTTCCTACC-6","Glut-DACH2-7","Ex_DACH2_ADAMTS5",0.327042460063353
"_AGAAGTAAGTTAACGA-6","Glut-DACH2-6","Ex_DACH2_CEMIP",0.404058373508507
"_AGAAGTACAAAGCAAT-6","Glut-DACH2-7","Ex_DACH2_GRIK4",0.527842847434855
"_AGAAGTACATTAGGCT-6","Glut-DACH2-5","Ex_DACH2_LHX2",0.417079148492183
"_AGAAGTATCGTCAAAC-6","Glut-DACH2-6","Ex_DACH2_CEMIP",0.291511063951442
"_AGACAAAAGCCACTCG-6","Glut-DACH2-6","Ex_DACH2_ITGA9",0.34887587545265
"_AGACAAAAGGGAGGGT-6","Glut-DACH2-1","Ex_DACH2_LHX2",0.541579502248798
"_AGACAAAAGTGAGTTA-6","Glut-DACH2-7","Ex_DACH2_ADAMTS5",0.308346485521489
"_AGACAAATCATGAGTC-6","Glut-DACH2-6","Ex_DACH2_CEMIP",0.440940345483959
"_AGACAAATCCGACATA-6","Glut-DACH2-5","Ex_DACH2_ADAMTS5",0.512177573489005
"_AGACACTAGGTCCCGT-6","Glut-DACH2-6","Ex_DACH2_CEMIP",0.730029064845374
"_AGACACTCAAATGGTA-6","Glut-DACH2-8","Ex_DACH2_ZMAT4",0.626027028000018
"_AGACACTCACTATGTG-6","Glut-SATB2-1","Ex_SATB2_SOX6",0.500007588510931
"_AGACACTCAGTCTTCC-6","Glut-DACH2-7","Ex_DACH2_ADAMTS5",0.331312808496723
"_AGACACTGTGAGCCAA-6","Glut-DACH2-6","Ex_DACH2_CEMIP",0.388499661291972
"_AGACACTTCTCCACTG-6","Glut-DACH2-5","Ex_DACH2_ADAMTS5",0.332567846092523
"_AGACAGGAGAGAAGGT-6","Glut-DACH2-7","Ex_DACH2_GRIK4",0.241278798709792
"_AGACAGGCAAAGGTTA-6","Glut-DACH2-7","Ex_DACH2_ADAMTS5",0.375451263286228
"_AGACAGGCAAGCGGAT-6","Glut-DACH2-5","Ex_DACH2_LHX2",0.454791840877681
"_AGACAGGTCGGACTGC-6","Glut-SATB2-1","Ex_SATB2_ZNF385B",0.765050508949374
"_AGACAGGTCTGAGGCC-6","Glut-DACH2-7","Ex_DACH2_GRIK4",0.394390799386979
"_AGACCATAGTATGCAA-6","Glut-DACH2-6","Ex_DACH2_CEMIP",0.333901189385499
"_AGACCATCACAATGCT-6","Glut-DACH2-7","Ex_DACH2_ADAMTS5",0.430017579948524
"_AGACCATGTCGCTGCA-6","Glut-DACH2-5","Ex_DACH2_LHX2",0.336166189966654
"_AGACCATTCATGGTAC-6","Glut-SATB2-1","Ex_SATB2_SOX6",0.472663192128997
"_AGACCATTCGGTCGGT-6","Glut-DACH2-5","Ex_DACH2_LHX2",0.489373762753125
"_AGACCCGAGGTTGGTG-6","Glut-DACH2-6","Ex_DACH2_ZMAT4",0.445872600442795
"_AGACCCGGTACTAGCT-6","Glut-DACH2-5","Ex_DACH2_ADAMTS5",0.45501185746325
"_AGACCCGGTCGGTACC-6","Glut-SATB2-1","Ex_SATB2_SOX6",0.512253182415616
"_AGACCCGGTGTCCGGT-6","Glut-DACH2-8","Ex_DACH2_ZMAT4",0.613074333613642
"_AGACTCACATACCGTA-6","Glut-DACH2-5","Ex_DACH2_LHX2",0.528210231801274
"_AGACTCAGTAGGTAGC-6","Glut-DACH2-7","Ex_DACH2_GRIK4",0.338480874606754
"_AGAGAATCAATTCTTC-6","Glut-DACH2-5","Ex_DACH2_ADAMTS5",0.285042538417562
"_AGAGAATCACGAGGTA-6","Glut-DACH2-8","Ex_DACH2_ZMAT4",0.637772058463292
"_AGAGAATGTGTCGATT-6","Glut-DACH2-6","Ex_DACH2_CEMIP",0.404073448304802
"_AGAGAATTCGTCCTCA-6","Glut-DACH2-6","Ex_DACH2_CEMIP",0.622880493036277
"_AGAGAATTCTGAATGC-6","Glut-DACH2-LMANsh","Ex_DACH2_LHX2",0.527564527753798
"_AGAGAGCCAACCAACT-6","Glut-SATB2-1","Ex_SATB2_FOXP2",0.563298897902473
"_AGAGAGCGTGTCCTAA-6","Glut-DACH2-8","Ex_DACH2_ZMAT4",0.56444567506904
"_AGAGAGCTCTCATTTG-6","Glut-DACH2-7","Ex_DACH2_GRIK4",0.403964494207476
"_AGAGCAGAGCACTCGC-6","Glut-DACH2-6","Ex_DACH2_CEMIP",0.754871508259889
"_AGAGCAGGTCTTGCTC-6","Glut-DACH2-6","Ex_DACH2_CEMIP",0.463976120011454
"_AGATAGACAGTCGGAA-6","Glut-DACH2-8","Ex_DACH2_ZMAT4",0.602183963331731
"_AGATCCAAGAGTGTTA-6","Glut-DACH2-6","Ex_DACH2_CEMIP",0.621835741767606
"_AGATCCACAGGACAGT-6","Glut-DACH2-8","Ex_DACH2_ZMAT4",0.572935449308895
"_AGATCCACAGTCGTTA-6","Glut-DACH2-6","Ex_DACH2_ZMAT4",0.447853104270252
"_AGATCGTAGCTCCATA-6","Glut-DACH2-5","Ex_DACH2_LHX2",0.54822996160801
"_AGATCGTAGTAGCAAT-6","Glut-SATB2-1","Ex_SATB2_SOX6",0.50105077644734
"_AGATCGTCAAGACTGG-6","Glut-DACH2-6","Ex_DACH2_CEMIP",0.430993665552668
"_AGATCGTGTAATGCTC-6","Glut-DACH2-7","Ex_DACH2_GRIK4",0.378623166202779
"_AGATCGTGTCTTACAG-6","Glut-DACH2-5","Ex_DACH2_ADAMTS5",0.357730838967527
"_AGATCGTTCCACATAG-6","Glut-DACH2-6","Ex_DACH2_ZMAT4",0.491235409632885
"_AGATGAAAGCACGTCC-6","Glut-DACH2-8","Ex_DACH2_ZMAT4",0.661038019119081
"_AGATGAACAGCAGACA-6","Glut-DACH2-7","Ex_DACH2_ADAMTS5",0.337052981889858
"_AGATGAACATAACTCG-6","Glut-DACH2-6","Ex_DACH2_CEMIP",0.394939111872156
"_AGATGAACATAGACTC-6","Glut-DACH2-7","Ex_DACH2_ADAMTS5",0.336780121654954
"_AGATGAAGTTAAGTCC-6","Glut-DACH2-7","Ex_DACH2_MGAT4C",0.296872183756171
"_AGATGCTGTCATATGC-6","Glut-DACH2-6","Ex_DACH2_CEMIP",0.687644416840057
"_AGCATCAAGATTTGCC-6","Glut-DACH2-7","Ex_DACH2_GRIK4",0.362111870631585
"_AGCATCAAGCATCAAA-6","Glut-DACH2-7","Ex_DACH2_NR4A3",0.154111686697194
"_AGCATCAAGGTCACAG-6","Glut-DACH2-7","Ex_DACH2_ADAMTS5",0.383248258977727
"_AGCATCACACGCTGCA-6","Glut-DACH2-6","Ex_DACH2_CEMIP",0.414690084639429
"_AGCATCAGTCCTGGTG-6","Glut-DACH2-5","Ex_DACH2_ADAMTS5",0.311476713119558
"_AGCCAATAGCTGAAGC-6","Glut-DACH2-5","Ex_DACH2_ADAMTS5",0.429088818838819
"_AGCCACGGTCTCGCGA-6","Glut-DACH2-6","Ex_DACH2_ZMAT4",0.476454920242878
"_AGCCACGTCAAGCTTG-6","Glut-DACH2-8","Ex_DACH2_ZMAT4",0.453517166087076
"_AGCCACGTCGAACACT-6","Glut-DACH2-5","Ex_DACH2_ADAMTS5",0.280503694198707
"_AGCCAGCCAACCACAT-6","Glut-DACH2-6","Ex_DACH2_CEMIP",0.3972151134718
"_AGCCAGCCAGAGCCCT-6","Glut-DACH2-7","Ex_DACH2_ADAMTS5",0.365263785500437
"_AGCCAGCGTCTCCCTA-6","Glut-DACH2-5","Ex_DACH2_ADAMTS5",0.584108789639435
"_AGCGATTAGCGACCCT-6","Glut-DACH2-LMANsh","Ex_DACH2_LHX2",0.509528756573296
"_AGCGATTAGCTAGAAT-6","Glut-DACH2-6","Ex_DACH2_CEMIP",0.331732183960627
"_AGCGATTAGGATTTAG-6","Glut-DACH2-8","Ex_DACH2_ZMAT4",0.6137106437977
"_AGCGATTCACAAGCTT-6","Glut-DACH2-5","Ex_DACH2_LHX2",0.347067885675046
"_AGCGATTGTCCCAAAT-6","Glut-DACH2-6","Ex_DACH2_CEMIP",0.58236799745993
"_AGCGATTTCATGTCTT-6","Glut-DACH2-5","Ex_DACH2_LHX2",0.329771184256326
"_AGCGATTTCCAAATGC-6","Glut-DACH2-7","Ex_DACH2_ADAMTS5",0.343923913082479
"_AGCGCCAAGAGCATCG-6","Glut-DACH2-5","Ex_DACH2_ADAMTS5",0.354855683360192
"_AGCGCCACACCGTGGT-6","Glut-DACH2-6","Ex_DACH2_CEMIP",0.358984623196416
"_AGCGCCATCCGTGTCT-6","Glut-DACH2-5","Ex_DACH2_ADAMTS5",0.386568653072683
"_AGCGCCATCGGTTAGT-6","Glut-DACH2-8","Ex_DACH2_ZMAT4",0.612583285264916
"_AGCGCCATCGTCAAAC-6","Glut-DACH2-LMANsh","Ex_DACH2_LHX2",0.54035936022546
"_AGCGCTGCACTCAGAT-6","Glut-DACH2-7","Ex_DACH2_GRIK4",0.383652104058017
"_AGCGCTGTCGAGCCTG-6","Glut-DACH2-5","Ex_DACH2_LHX2",0.48042897550779
"_AGCGTATAGGGATGTC-6","Glut-DACH2-6","Ex_DACH2_ZMAT4",0.434784614950254
"_AGCGTATCAAGAGTAT-6","Glut-DACH2-7","Ex_DACH2_ADAMTS5",0.421730406191121
"_AGCGTATCAGGTCTCG-6","Glut-DACH2-7","Ex_DACH2_NR4A3",0.228767702615239
"_AGCGTATGTATGGAGC-6","Glut-SATB2-1","Ex_SATB2_SOX6",0.461263290736523
"_AGCGTATTCAAATGAG-6","Glut-DACH2-6","Ex_DACH2_CEMIP",0.540695394532364
"_AGCGTATTCTGCATGA-6","Glut-DACH2-5","Ex_DACH2_ADAMTS5",0.353733307142213
"_AGCGTATTCTGCCTGT-6","Glut-DACH2-5","Ex_DACH2_LHX2",0.384989481032222
"_AGCTACAGTTCGGCTG-6","Glut-DACH2-7","Ex_DACH2_NR4A3",0.52347546726285
"_AGCTACAGTTGCTCAA-6","Glut-DACH2-7","Ex_DACH2_LHX2",0.473734409036107
"_AGCTACAGTTTATGCG-6","Glut-DACH2-6","Ex_DACH2_CEMIP",0.5949007383764
"_AGCTCAAGTGCCTATA-6","Glut-DACH2-7","Ex_DACH2_GRIK4",0.270697460086809
"_AGCTCAAGTTTACCTT-6","Glut-DACH2-8","Ex_DACH2_ZMAT4",0.535718792159139
"_AGGAAATAGCACCAGA-6","Glut-DACH2-5","Ex_DACH2_LHX2",0.463278850212026
"_AGGAAATAGCAGATAT-6","Glut-DACH2-5","Ex_DACH2_ADAMTS5",0.452078673546825
"_AGGAAATAGCGACTGA-6","Glut-DACH2-7","Ex_DACH2_CEMIP",0.326657603906185
"_AGGAAATAGTTGGACG-6","Glut-DACH2-7","Ex_DACH2_GRIK4",0.447184218951795
"_AGGAAATCAAGACAAT-6","Glut-DACH2-6","Ex_DACH2_CEMIP",0.380208156668487
"_AGGAATAGTTTCGATG-6","Glut-DACH2-6","Ex_DACH2_CEMIP",0.516028081726639
"_AGGAATATCAGTCCGG-6","Glut-DACH2-5","Ex_DACH2_ADAMTS5",0.577803400660752
"_AGGACGACAATACAGA-6","Glut-DACH2-5","Ex_DACH2_LHX2",0.443949364867767
"_AGGACTTAGCTAGAGC-6","Glut-DACH2-5","Ex_DACH2_LHX2",0.497868914356485
"_AGGACTTCAATTGAGA-6","Glut-DACH2-6","Ex_DACH2_CEMIP",0.731229835076493
"_AGGAGGTAGCAACCAG-6","Glut-DACH2-7","Ex_DACH2_GRIK4",0.296075851823739
"_AGGAGGTAGCTGTCCG-6","Glut-SATB2-1","Ex_SATB2_SOX6",0.610456536505377
"_AGGAGGTTCACCTCAC-6","Glut-DACH2-7","Ex_DACH2_ADAMTS5",0.393157331280621
"_AGGAGGTTCCACGTAA-6","Glut-DACH2-6","Ex_DACH2_CEMIP",0.32704203878417
"_AGGATAACACAATTCG-6","Glut-DACH2-6","Ex_DACH2_ZMAT4",0.404042066443788
"_AGGATAACATAGCTGT-6","Glut-DACH2-7","Ex_DACH2_ADAMTS5",0.280680167212585
"_AGGATAACATTGCCGG-6","Glut-DACH2-8","Ex_DACH2_ZMAT4",0.636644136653333
"_AGGATCTAGAGTCAGC-6","Glut-DACH2-5","Ex_DACH2_ADAMTS5",0.382087318212063
"_AGGATCTCAACAGAGC-6","Glut-DACH2-7","Ex_DACH2_ADAMTS5",0.375065267168335
"_AGGATCTCATTCAGCA-6","Glut-SATB2-1","Ex_SATB2_SOX6",0.499870464615866
"_AGGATCTTCGGCCTTT-6","Glut-DACH2-6","Ex_DACH2_CEMIP",0.434647568484577
"_AGGCATTAGCGTACAG-6","Glut-DACH2-7","Ex_DACH2_GRIK4",0.472675731493962
"_AGGCATTGTAGCGATG-6","Glut-DACH2-6","Ex_DACH2_CEMIP",0.413908656023993
"_AGGCATTGTGCCTATA-6","Glut-DACH2-7","Ex_DACH2_GRIK4",0.422042775457189
"_AGGCATTTCGTCACCT-6","Glut-DACH2-7","Ex_DACH2_NR4A3",0.65834346802161
"_AGGCCACTCCTTCTTC-6","Glut-DACH2-5","Ex_DACH2_ADAMTS5",0.527296618128357
"_AGGCTGCAGAGTATAC-6","Glut-DACH2-6","Ex_DACH2_CEMIP",0.737628633384837
"_AGGCTGCAGATGACCG-6","Glut-DACH2-6","Ex_DACH2_ZMAT4",0.449759916976524
"_AGGCTGCAGGCCACTC-6","Glut-DACH2-7","Ex_DACH2_GRIK4",0.332035748082755
"_AGGCTGCCAAGGTCGA-6","Glut-DACH2-7","Ex_DACH2_GRIK4",0.267128598039617
"_AGGCTGCTCATGCCCT-6","Glut-DACH2-5","Ex_DACH2_ADAMTS5",0.324259426696118
"_AGGGAGTCAAGACCGA-6","Glut-SATB2-1","Ex_SATB2_SOX6",0.525968750224476
"_AGGGAGTTCGCATTGA-6","Glut-DACH2-8","Ex_DACH2_ZMAT4",0.573886012694582
"_AGGGAGTTCTCGGTCT-6","Glut-DACH2-5","Ex_DACH2_LHX2",0.429622371446433
"_AGGGCCTGTCGATTCA-6","Glut-DACH2-6","Ex_DACH2_CEMIP",0.556550053910705
"_AGGGCCTGTGTCGATT-6","Glut-DACH2-6","Ex_DACH2_ZMAT4",0.483312297962067
"_AGGGCCTGTTTATGCG-6","Glut-SATB2-1","Ex_SATB2_SOX6",0.509835081422693
"_AGGGCTCAGGTTCTAC-6","Glut-SATB2-1","Ex_SATB2_SOX6",0.501841198496601
"_AGGGCTCGTTAGAAAC-6","Glut-DACH2-7","Ex_DACH2_GRIK4",0.329795479211318
"_AGGGTCCTCCAAGGGA-6","Glut-DACH2-LMANsh","Ex_DACH2_LHX2",0.428769766414586
"_AGGGTCCTCGTAGTCA-6","Glut-DACH2-7","Ex_DACH2_GRIK4",0.531301512838954
"_AGGGTGATCCCTGGTT-6","Glut-DACH2-7","Ex_DACH2_GRIK4",0.394518931800779
"_AGGGTGATCGTCGACG-6","Glut-DACH2-5","Ex_DACH2_ADAMTS5",0.464564762208961
"_AGGGTGATCGTGGGAA-6","Glut-DACH2-1","Ex_DACH2_GRIK4",0.368735827708169
"_AGGGTGATCTGGCCAG-6","Glut-DACH2-6","Ex_DACH2_ADAMTS5",0.183595101383454
"_AGGGTTTAGCGACTAG-6","Glut-DACH2-6","Ex_DACH2_CEMIP",0.635657909148633
"_AGGGTTTCAATAGTGA-6","Glut-DACH2-7","Ex_DACH2_LHX2",0.426534569618635
"_AGGGTTTGTACCACGC-6","Glut-SATB2-1","Ex_SATB2_SOX6",0.43689789642315
"_AGGGTTTGTAGGTGCA-6","Glut-DACH2-7","Ex_DACH2_ADAMTS5",0.605085136116507
"_AGGTAGGAGAGCTGAC-6","Glut-DACH2-5","Ex_DACH2_LHX2",0.372065289147195
"_AGGTAGGGTCTGCCTT-6","Glut-DACH2-8","Ex_DACH2_ZMAT4",0.638538122145952
"_AGGTAGGTCCAATCTT-6","Glut-DACH2-8","Ex_DACH2_ZMAT4",0.631363518975845
"_AGGTAGGTCTATTGTC-6","Glut-DACH2-8","Ex_DACH2_ZMAT4",0.600928567831105
"_AGGTCATAGATGACCG-6","Glut-DACH2-7","Ex_DACH2_GRIK4",0.273031074650844
"_AGGTCATGTTGCACGC-6","Glut-SATB2-1","Ex_SATB2_SOX6",0.333745083758338
"_AGGTCTAGTTGTACGT-6","Glut-DACH2-1","Ex_DACH2_NR4A3",0.268189203620177
"_AGGTGTTCATCGGAGA-6","Glut-SATB2-1","Ex_SATB2_SOX6",0.52774698474134
"_AGGTTACTCCTCGATC-6","Glut-DACH2-5","Ex_DACH2_ADAMTS5",0.464872712808129
"_AGGTTACTCTTAGCTT-6","Glut-DACH2-6","Ex_DACH2_CEMIP",0.572858439496725
"_AGGTTGTAGACTCTAC-6","Glut-SATB2-1","Ex_SATB2_FOXP2",0.487089659922083
"_AGGTTGTAGTGAGGCT-6","Glut-DACH2-5","Ex_DACH2_ADAMTS5",0.446562355801448
"_AGGTTGTGTACGTGTT-6","Glut-DACH2-5","Ex_DACH2_LHX2",0.482686880842696
"_AGGTTGTTCATACAGC-6","Glut-SATB2-1","Ex_SATB2_FOXP2",0.500483333851525
"_AGGTTGTTCTAGCAAC-6","Glut-SATB2-1","Ex_SATB2_FOXP2",0.59855633244343
"_AGTAACCAGAGGTGCT-6","Glut-DACH2-5","Ex_DACH2_GRIK4",0.258248316973676
"_AGTAACCAGCATGATA-6","Glut-DACH2-5","Ex_DACH2_LHX2",0.311855180178609
"_AGTACCAAGGACAAGA-6","Glut-DACH2-6","Ex_DACH2_ZMAT4",0.381486070176176
"_AGTACCAAGGCTGTAG-6","Glut-SATB2-1","Ex_SATB2_FOXP2",0.605694398439961
"_AGTACCAAGGGAGGTG-6","Glut-DACH2-6","Ex_DACH2_ZMAT4",0.50634231824852
"_AGTACCAAGTCCCTAA-6","Glut-DACH2-6","Ex_DACH2_ZMAT4",0.374982263731121
"_AGTACCACAATGAGCG-6","Glut-DACH2-8","Ex_DACH2_ZMAT4",0.523269854327848
"_AGTACCACACTATCCC-6","Glut-DACH2-5","Ex_DACH2_LHX2",0.554608613808644
"_AGTACCATCCCAAGTA-6","Glut-DACH2-5","Ex_DACH2_GRIK4",0.25092891881611
"_AGTACCATCTAGCAAC-6","Glut-DACH2-5","Ex_DACH2_ADAMTS5",0.445674731797818
"_AGTACTGAGACGCATG-6","Glut-DACH2-7","Ex_DACH2_GRIK4",0.360653582331328
"_AGTACTGCAGTTAAAG-6","Glut-DACH2-6","Ex_DACH2_CEMIP",0.537977528057785
"_AGTACTGGTAGAAACT-6","Glut-DACH2-7","Ex_DACH2_LHX2",0.26277363965509
"_AGTACTGTCCTACCGT-6","Glut-DACH2-8","Ex_DACH2_ZMAT4",0.582726187367176
"_AGTAGCTCAATACGAA-6","Glut-DACH2-5","Ex_DACH2_LHX2",0.400310717808475
"_AGTAGCTTCATGTCAG-6","Glut-DACH2-7","Ex_DACH2_ADAMTS5",0.41408426775009
"_AGTAGTCAGAACTTCC-6","Glut-DACH2-7","Ex_DACH2_ADAMTS5",0.383472161477531
"_AGTAGTCGTAGACAGC-6","Glut-SATB2-1","Ex_SATB2_SOX6",0.521195440083357
"_AGTAGTCTCCTAACAG-6","Glut-DACH2-7","Ex_DACH2_GRIK4",0.33606591164662
"_AGTAGTCTCTTGCGCT-6","Glut-SATB2-1","Ex_SATB2_SOX6",0.466964220872508
"_AGTCAACAGTGGAAAG-6","Glut-DACH2-8","Ex_DACH2_ZMAT4",0.62140621574409
"_AGTCAACCAGGCAATG-6","Glut-DACH2-6","Ex_DACH2_CEMIP",0.460260910090905
"_AGTCAACGTAGGATAT-6","Glut-SATB2-1","Ex_SATB2_FOXP2",0.515176416120315
"_AGTCACACACGTGTGC-6","Glut-DACH2-7","Ex_DACH2_NR4A3",0.337903460228218
"_AGTCACAGTCTCTCCA-6","Glut-DACH2-7","Ex_DACH2_ADAMTS5",0.374185789803336
"_AGTCATGAGCGATCGA-6","Glut-DACH2-6","Ex_DACH2_CEMIP",0.603310402559139
"_AGTCATGTCGTTCCCA-6","Glut-DACH2-7","Ex_DACH2_GRIK4",0.298254073424207
"_AGTCTCCAGTGTAGAT-6","Glut-DACH2-6","Ex_DACH2_CEMIP",0.381993933505718
"_AGTCTCCCAGTCAACT-6","Glut-DACH2-5","Ex_DACH2_NR4A3",0.247540402525
"_AGTCTCCCATCTGCGG-6","Glut-DACH2-6","Ex_DACH2_CEMIP",0.384007022446178
"_AGTCTCCGTAGTACGG-6","Glut-DACH2-8","Ex_DACH2_ZMAT4",0.547183310157547
"_AGTGACTAGACGCCAA-6","Glut-DACH2-5","Ex_DACH2_LHX2",0.410096910361747
"_AGTGACTGTCCACGCA-6","Glut-SATB2-1","Ex_SATB2_SOX6",0.515552432448969
"_AGTGATCTCTCAACCC-6","Glut-DACH2-8","Ex_DACH2_ZMAT4",0.533466758720887
"_AGTGCCGGTCGCTCGA-6","Glut-DACH2-7","Ex_DACH2_GRIK4",0.556020315167669
"_AGTGCCGTCCTGCCAT-6","Glut-DACH2-8","Ex_DACH2_ZMAT4",0.52362755707359
"_AGTGTTGCACAGTATC-6","Glut-DACH2-7","Ex_DACH2_GRIK4",0.343590565346666
"_AGTGTTGGTTGCATAC-6","Glut-DACH2-5","Ex_DACH2_ADAMTS5",0.419046149218181
"_AGTTAGCGTCGGCTAC-6","Glut-DACH2-6","Ex_DACH2_CEMIP",0.5932729059453
"_AGTTAGCTCCACTGGG-6","Glut-DACH2-7","Ex_DACH2_LHX2",0.277235390169571
"_AGTTCCCCAGTTGTCA-6","Glut-DACH2-5","Ex_DACH2_LHX2",0.4525132893127
"_AGTTCCCGTGCTCTCT-6","Glut-DACH2-7","Ex_DACH2_GRIK4",0.365279762160345
"_AGTTCGATCTGGCTGG-6","Glut-DACH2-6","Ex_DACH2_CEMIP",0.55606673236741
"_AGTTCGATCTTTACAC-6","Glut-DACH2-5","Ex_DACH2_ADAMTS5",0.361041583084669
"_ATACCGATCCCGTGAG-6","Glut-DACH2-7","Ex_DACH2_GRIK4",0.313181192053132
"_ATACCTTAGCTGGCCT-6","Glut-DACH2-7","Ex_DACH2_ADAMTS5",0.348188413005545
"_ATACCTTCAGAGTGAC-6","Glut-DACH2-7","Ex_DACH2_GRIK4",0.409594928426479
"_ATAGACCCAATTGCCA-6","Glut-DACH2-6","Ex_DACH2_CEMIP",0.612596360247736
"_ATAGACCGTCAACGCC-6","Glut-DACH2-6","Ex_DACH2_CEMIP",0.498986676315171
"_ATAGACCGTCAGTCTA-6","Glut-DACH2-7","Ex_DACH2_GRIK4",0.360114248871749
"_ATAGACCTCGACCACG-6","Glut-DACH2-6","Ex_DACH2_CEMIP",0.240615672394057
"_ATAGAGAGTCCTGTTC-6","Glut-SATB2-1","Ex_SATB2_FOXP2",0.546364838610111
"_ATAGAGAGTTATGGTC-6","Glut-DACH2-6","Ex_DACH2_CEMIP",0.673644688745085
"_ATAGAGATCTCCTGTG-6","Glut-DACH2-5","Ex_DACH2_LHX2",0.413059556655427
"_ATAGAGATCTTTGGAG-6","Glut-DACH2-8","Ex_DACH2_ZMAT4",0.641051516426529
"_ATAGGCTAGAATAGTC-6","Glut-DACH2-7","Ex_DACH2_MGAT4C",0.343302313926692
"_ATAGGCTGTGTCTTCC-6","Glut-SATB2-1","Ex_SATB2_SOX6",0.495876755457839
"_ATAGGCTTCTTACTGT-6","Glut-DACH2-5","Ex_DACH2_LHX2",0.528059736531925
"_ATATCCTAGGGTGGGA-6","Glut-DACH2-8","Ex_DACH2_ZMAT4",0.661655214720564
"_ATATCCTAGTATGGAT-6","Glut-DACH2-6","Ex_DACH2_CEMIP",0.432972139038497
"_ATATCCTTCACTGAAC-6","Glut-DACH2-5","Ex_DACH2_ADAMTS5",0.300711191211847
"_ATCACAGAGAAGAGCA-6","Glut-SATB2-1","Ex_SATB2_FOXP2",0.420903836663685
"_ATCACAGAGATCGCCC-6","Glut-DACH2-7","Ex_DACH2_GRIK4",0.352790631022158
"_ATCACAGAGTCTAGAA-6","Glut-DACH2-7","Ex_DACH2_GRIK4",0.347185232909083
"_ATCACAGCATACAGGG-6","Glut-DACH2-6","Ex_DACH2_CEMIP",0.326994549953959
"_ATCACAGGTATTCTCT-6","Glut-DACH2-8","Ex_DACH2_ZMAT4",0.553887957084888
"_ATCACAGTCTGAATCG-6","Glut-DACH2-5","Ex_DACH2_ADAMTS5",0.45941783187892
"_ATCACGAAGGCTTCCG-6","Glut-DACH2-8","Ex_DACH2_ZMAT4",0.425660535021951
"_ATCACGACAGGGCTTC-6","Glut-DACH2-7","Ex_DACH2_GRIK4",0.533721482306284
"_ATCACGAGTAACGATA-6","Glut-DACH2-5","Ex_DACH2_ADAMTS5",0.497492243470465
"_ATCACGATCGACATTG-6","Glut-DACH2-5","Ex_DACH2_ADAMTS5",0.43295268548822
"_ATCACTTAGGTACCTT-6","Glut-DACH2-7","Ex_DACH2_ADAMTS5",0.38100614541921
"_ATCACTTTCAAAGAAC-6","Glut-DACH2-8","Ex_DACH2_ZMAT4",0.584300767498216
"_ATCACTTTCTTAAGGC-6","Glut-DACH2-5","Ex_DACH2_ADAMTS5",0.522898249250697
"_ATCAGGTGTACCGGAA-6","Glut-DACH2-8","Ex_DACH2_ZMAT4",0.621405308871539
"_ATCAGGTTCAATCCGA-6","Glut-DACH2-8","Ex_DACH2_ZMAT4",0.291509868225387
"_ATCATTCAGGTAGTCG-6","Glut-DACH2-8","Ex_DACH2_ZMAT4",0.568907381694422
"_ATCATTCCATCCGTGG-6","Glut-DACH2-6","Ex_DACH2_ZMAT4",0.397524577739325
"_ATCATTCGTAGGTGCA-6","Glut-DACH2-7","Ex_DACH2_ZMAT4",0.292694532372006
"_ATCATTCTCGACGCTG-6","Glut-DACH2-7","Ex_DACH2_ADAMTS5",0.213889450184824
"_ATCCACCGTTAATGAG-6","Glut-DACH2-7","Ex_DACH2_ADAMTS5",0.413302544725751
"_ATCCACCGTTTCGCTC-6","Glut-SATB2-1","Ex_SATB2_SOX6",0.541146742540045
"_ATCCACCTCTGAATCG-6","Glut-DACH2-6","Ex_DACH2_CEMIP",0.451481249930256
"_ATCCATTCAGAAGTTA-6","Glut-DACH2-8","Ex_DACH2_ZMAT4",0.564824039975193
"_ATCCATTGTGTGTTTG-6","Glut-DACH2-7","Ex_DACH2_GRIK4",0.37742585062374
"_ATCCATTGTTACCGTA-6","Glut-DACH2-6","Ex_DACH2_CEMIP",0.590715388063852
"_ATCCATTTCGGCATAT-6","Glut-DACH2-7","Ex_DACH2_CEMIP",0.19494151793539
"_ATCCCTGAGTGGGAAA-6","Glut-DACH2-5","Ex_DACH2_LHX2",0.404594529178713
"_ATCCCTGCACCAGCCA-6","Glut-DACH2-5","Ex_DACH2_ADAMTS5",0.487691460543717
"_ATCCCTGCATGGGCAA-6","Glut-DACH2-7","Ex_DACH2_GRIK4",0.483863932192726
"_ATCCCTGGTAATGATG-6","Glut-DACH2-6","Ex_DACH2_CEMIP",0.640621133036346
"_ATCCCTGGTAGACAAT-6","Glut-DACH2-7","Ex_DACH2_GRIK4",0.396633546002828
"_ATCCGTCAGACCATTC-6","Glut-DACH2-5","Ex_DACH2_LHX2",0.328560986833559
"_ATCCGTCAGGCATCGA-6","Glut-DACH2-7","Ex_DACH2_NR4A3",0.415811389617711
"_ATCCGTCTCAAACGTC-6","Glut-DACH2-5","Ex_DACH2_ADAMTS5",0.575191790906177
"_ATCCGTCTCTTGTGCC-6","Glut-DACH2-5","Ex_DACH2_LHX2",0.358472796587589
"_ATCCTATAGTCGAGGT-6","Glut-SATB2-1","Ex_SATB2_FOXP2",0.655552303376796
"_ATCCTATGTTGCGTAT-6","Glut-SATB2-1","Ex_SATB2_FOXP2",0.462462112661055
"_ATCCTATTCACCCTGT-6","Glut-DACH2-8","Ex_DACH2_ZMAT4",0.582085631562264
"_ATCGCCTCAAATGGAT-6","Glut-SATB2-1","Ex_SATB2_ZNF385B",0.668457518963411
"_ATCGCCTCAATCGTCA-6","Glut-DACH2-6","Ex_DACH2_CEMIP",0.417936204522701
"_ATCGGATAGGATAATC-6","Glut-SATB2-1","Ex_SATB2_SOX6",0.217361903898435
"_ATCGGATGTGATACAA-6","Glut-DACH2-7","Ex_DACH2_ADAMTS5",0.354696240015982
"_ATCGGCGGTACCTTCC-6","Glut-SATB2-1","Ex_SATB2_SOX6",0.514621844885368
"_ATCGGCGTCCACGTAA-6","Glut-DACH2-1","Ex_DACH2_GRIK4",0.469207181580872
"_ATCGTAGAGGATGAGA-6","Glut-DACH2-8","Ex_DACH2_ZMAT4",0.637876602501274
"_ATCGTAGCAGATCACT-6","Glut-DACH2-7","Ex_DACH2_GRIK4",0.396495520830122
"_ATCGTAGCAGCGCTTG-6","Glut-DACH2-7","Ex_DACH2_LHX2",0.254301066471947
"_ATCGTAGTCCAACCGG-6","Glut-DACH2-5","Ex_DACH2_ADAMTS5",0.261897857772973
"_ATCGTCCCAACGGCTC-6","Glut-DACH2-5","Ex_DACH2_ADAMTS5",0.255961932033103
"_ATCGTCCCACCCTATC-6","Glut-DACH2-7","Ex_DACH2_ADAMTS5",0.318902192634837
"_ATCGTCCGTTCTCCAC-6","Glut-DACH2-5","Ex_DACH2_ADAMTS5",0.429693719075932
"_ATCGTGACACACGTGC-6","Glut-DACH2-7","Ex_DACH2_GRIK4",0.313825314795254
"_ATCGTGAGTACTCAAC-6","Glut-DACH2-7","Ex_DACH2_ADAMTS5",0.465303171475658
"_ATCGTGATCCGAGTGC-6","Glut-SATB2-1","Ex_SATB2_ZNF385B",0.698481632441073
"_ATCTCTAAGATTGCGG-6","Glut-DACH2-7","Ex_DACH2_GRIK4",0.372712993316117
"_ATCTCTACATGAATAG-6","Glut-DACH2-7","Ex_DACH2_ADAMTS5",0.414015121229587
"_ATCTCTACATGACAAA-6","Glut-DACH2-7","Ex_DACH2_GRIK4",0.453434286975801
"_ATCTCTAGTAAGATAC-6","Glut-DACH2-5","Ex_DACH2_LHX2",0.517255113027456
"_ATCTCTATCCGCTTAC-6","Glut-SATB2-1","Ex_SATB2_SOX6",0.586218264999001
"_ATCTTCAAGGGATCGT-6","Glut-SATB2-1","Ex_SATB2_SOX6",0.536024721303129
"_ATCTTCATCGGCAGTC-6","Glut-DACH2-6","Ex_DACH2_CEMIP",0.666195161154253
"_ATGAAAGAGGAACGCT-6","Glut-DACH2-7","Ex_DACH2_LHX2",0.533466977866518
"_ATGAAAGAGTAACGTA-6","Glut-DACH2-7","Ex_DACH2_ADAMTS5",0.348862610589801
"_ATGAAAGGTCGAGCTC-6","Glut-DACH2-8","Ex_DACH2_CEMIP",0.495761875842358
"_ATGAAAGGTTGCTCGG-6","Glut-DACH2-8","Ex_DACH2_ZMAT4",0.653657421186114
"_ATGAAAGTCGGCCTTT-6","Glut-DACH2-6","Ex_DACH2_CEMIP",0.367022951146093
"_ATGAAAGTCTCTGCCA-6","Glut-DACH2-8","Ex_DACH2_ZMAT4",0.575231758235035
"_ATGAAAGTCTGTTCAT-6","Glut-DACH2-5","Ex_DACH2_LHX2",0.547477787775893
"_ATGACCACAGATAAAC-6","Glut-DACH2-5","Ex_DACH2_LHX2",0.485462360999826
"_ATGAGGGGTTGGAGGT-6","Glut-DACH2-6","Ex_DACH2_ZMAT4",0.258600137327818
"_ATGAGGGTCGTGGACC-6","Glut-DACH2-5","Ex_DACH2_NR4A3",0.365439362669296
"_ATGAGTCAGCGTCTCG-6","Glut-DACH2-7","Ex_DACH2_GRIK4",0.315651107733445
"_ATGAGTCAGTCTAGCT-6","Glut-DACH2-7","Ex_DACH2_GRIK4",0.331503789371215
"_ATGAGTCCAAATCGTC-6","Glut-DACH2-5","Ex_DACH2_ADAMTS5",0.532351494371852
"_ATGAGTCGTATCGAGG-6","Glut-SATB2-1","Ex_SATB2_ZNF385B",0.716871860942255
"_ATGAGTCGTGTACGCC-6","Glut-DACH2-7","Ex_DACH2_GRIK4",0.420011928228118
"_ATGAGTCTCAACTGGT-6","Glut-DACH2-5","Ex_DACH2_ADAMTS5",0.554138531883151
"_ATGAGTCTCAGACAAA-6","Glut-SATB2-1","Ex_SATB2_FOXP2",0.477266835842111
"_ATGAGTCTCCGCAAAT-6","Glut-DACH2-6","Ex_DACH2_ZMAT4",0.401559086303862
"_ATGCATGAGGGCAGTT-6","Glut-DACH2-6","Ex_DACH2_CEMIP",0.342553247746337
"_ATGCATGCACTATGTG-6","Glut-DACH2-5","Ex_DACH2_NR4A3",0.373351065060917
"_ATGCATGTCAAGGAGC-6","Glut-DACH2-7","Ex_DACH2_GRIK4",0.252115337741332
"_ATGCATGTCACGATAC-6","Glut-DACH2-5","Ex_DACH2_LHX2",0.441657237124681
"_ATGCCTCTCATGAGAA-6","Glut-DACH2-8","Ex_DACH2_ZMAT4",0.617565750953933
"_ATGCGATAGACTTCCA-6","Glut-DACH2-8","Ex_DACH2_ZMAT4",0.566791684111042
"_ATGCGATAGCAGTAAT-6","Glut-SATB2-1","Ex_SATB2_FOXP2",0.655624300985569
"_ATGCGATCAAAGTGTA-6","Glut-SATB2-1","Ex_SATB2_SOX6",0.519588328159374
"_ATGGATCCACACGGAA-6","Glut-DACH2-6","Ex_DACH2_ZMAT4",0.313125573932917
"_ATGGATCGTCTTAGTG-6","Glut-DACH2-6","Ex_DACH2_CEMIP",0.666989429457463
"_ATGGGAGTCGTGGCGT-6","Glut-DACH2-8","Ex_DACH2_ZMAT4",0.578580159734429
"_ATGGGTTCAGCCCAGT-6","Glut-DACH2-7","Ex_DACH2_GRIK4",0.347914645691183
"_ATGGGTTCATAGTCAC-6","Glut-DACH2-8","Ex_DACH2_ZMAT4",0.594150083922385
"_ATGGTTGCAGAAGCTG-6","Glut-DACH2-7","Ex_DACH2_GRIK4",0.403466180680642
"_ATGGTTGCATGTAACC-6","Glut-DACH2-7","Ex_DACH2_ADAMTS5",0.34970578417712
"_ATGGTTGGTCTCGGAC-6","Glut-DACH2-6","Ex_DACH2_CEMIP",0.652793751799661
"_ATGGTTGGTGGCAGAT-6","Glut-DACH2-8","Ex_DACH2_ZMAT4",0.598355944753851
"_ATGGTTGTCAGGTAAA-6","Glut-DACH2-7","Ex_DACH2_GRIK4",0.322866519612566
"_ATGTCCCAGGCTTAGG-6","Glut-DACH2-8","Ex_DACH2_ZMAT4",0.523263499349877
"_ATGTCCCGTACAGGTG-6","Glut-DACH2-7","Ex_DACH2_GRIK4",0.238395951041848
"_ATGTCCCGTCGTGCCA-6","Glut-DACH2-5","Ex_DACH2_ADAMTS5",0.321052663848572
"_ATGTCCCGTGGTCTCG-6","Glut-DACH2-8","Ex_DACH2_ZMAT4",0.602090658968442
"_ATGTCCCTCGTCGATA-6","Glut-DACH2-6","Ex_DACH2_CEMIP",0.676399199200948
"_ATGTCTTCAGTTAAAG-6","Glut-DACH2-6","Ex_DACH2_ZMAT4",0.363892411157311
"_ATGTCTTCATGGCCAC-6","Glut-DACH2-8","Ex_DACH2_ZMAT4",0.561466740357175
"_ATTACCTAGCACCGTC-6","Glut-DACH2-6","Ex_DACH2_CEMIP",0.627645173915373
"_ATTACCTAGGTCATAA-6","Glut-DACH2-8","Ex_DACH2_ZMAT4",0.59388319680904
"_ATTACTCCAAGTGGTG-6","Glut-DACH2-7","Ex_DACH2_ADAMTS5",0.358274730052931
"_ATTACTCCAATTCGTG-6","Glut-DACH2-6","Ex_DACH2_CEMIP",0.375363373749414
"_ATTACTCCAGCCGTTG-6","Glut-DACH2-5","Ex_DACH2_LHX2",0.306148163573038
"_ATTACTCGTTATTCTC-6","Glut-DACH2-6","Ex_DACH2_CEMIP",0.457561228998491
"_ATTATCCAGTCTGCAT-6","Glut-DACH2-5","Ex_DACH2_LHX2",0.253621626986492
"_ATTATCCTCAGTAGGG-6","Glut-DACH2-5","Ex_DACH2_LHX2",0.27593230220774
"_ATTATCCTCTAGTGAC-6","Glut-DACH2-7","Ex_DACH2_ADAMTS5",0.364046112920897
"_ATTATCCTCTCGTGAA-6","Glut-DACH2-7","Ex_DACH2_ADAMTS5",0.46983627300409
"_ATTCACTAGGACCCAA-6","Glut-DACH2-5","Ex_DACH2_LHX2",0.476541554658338
"_ATTCACTAGTTGCGCC-6","Glut-DACH2-6","Ex_DACH2_CEMIP",0.248970030050323
"_ATTCACTGTGATACCT-6","Glut-DACH2-7","Ex_DACH2_ADAMTS5",0.346736922915429
"_ATTCAGGAGAGTTGTA-6","Glut-DACH2-8","Ex_DACH2_ZMAT4",0.44039814202921
"_ATTCAGGCAGGACTTT-6","Glut-SATB2-1","Ex_SATB2_FOXP2",0.452962587007728
"_ATTCAGGCATTGGCAT-6","Glut-DACH2-6","Ex_DACH2_CEMIP",0.298342317818967
"_ATTCAGGTCGGTTCAA-6","Glut-DACH2-5","Ex_DACH2_ADAMTS5",0.515996476625226
"_ATTCATCCAAGTGGCA-6","Glut-SATB2-1","Ex_SATB2_FOXP2",0.557952526708125
"_ATTCATCCACTTCTCG-6","Glut-DACH2-7","Ex_DACH2_LHX2",0.500528300306809
"_ATTCATCTCAAGCCCG-6","Glut-DACH2-7","Ex_DACH2_LHX2",0.536108185592486
"_ATTCCATAGCACTCGC-6","Glut-DACH2-8","Ex_DACH2_ZMAT4",0.640044904556658
"_ATTCCATCAGTCTTCC-6","Glut-DACH2-6","Ex_DACH2_ZMAT4",0.555092992893487
"_ATTCCATTCCTTGAAG-6","Glut-DACH2-8","Ex_DACH2_ZMAT4",0.545642754052179
"_ATTCCCGCATTAAGCC-6","Glut-DACH2-8","Ex_DACH2_ZMAT4",0.576453791218243
"_ATTCCCGGTACAAGTA-6","Glut-DACH2-6","Ex_DACH2_CEMIP",0.483082203998573
"_ATTCCCGTCGTTAGAC-6","Glut-DACH2-5","Ex_DACH2_LHX2",0.357063933459131
"_ATTCCTAAGTATGCAA-6","Glut-DACH2-6","Ex_DACH2_ZMAT4",0.407233317234867
"_ATTCCTAGTGTTCCTC-6","Glut-SATB2-1","Ex_SATB2_FOXP2",0.485337570782539
"_ATTCCTATCGGCCCAA-6","Glut-DACH2-5","Ex_DACH2_ADAMTS5",0.321230035947395
"_ATTCGTTCAGCTACAT-6","Glut-SATB2-1","Ex_SATB2_ZNF385B",0.619547107506574
"_ATTCGTTCATCGAACT-6","Glut-DACH2-7","Ex_DACH2_LHX2",0.35957220300915
"_ATTCGTTGTACCACGC-6","Glut-DACH2-6","Ex_DACH2_CEMIP",0.411968105530319
"_ATTCTACCAGGCATGA-6","Glut-SATB2-1","Ex_SATB2_SOX6",0.521408153133915
"_ATTCTTGTCTCGGTAA-6","Glut-DACH2-5","Ex_DACH2_GRIK4",0.35516116773371
"_ATTGGGTAGGCGATAC-6","Glut-DACH2-7","Ex_DACH2_ADAMTS5",0.317345636857557
"_ATTGTTCAGGGAGATA-6","Glut-SATB2-1","Ex_SATB2_SOX6",0.495583583194428
"_ATTGTTCCAATGTCAC-6","Glut-DACH2-6","Ex_DACH2_CEMIP",0.603304130821863
"_ATTGTTCCAGATCACT-6","Glut-DACH2-5","Ex_DACH2_LHX2",0.494516173152858
"_ATTGTTCGTAAGTCAA-6","Glut-DACH2-7","Ex_DACH2_ADAMTS5",0.52932246315671
"_ATTGTTCTCCTCACGT-6","Glut-DACH2-5","Ex_DACH2_GRIK4",0.322764001074298
"_ATTGTTCTCTGGTGGC-6","Glut-DACH2-6","Ex_DACH2_CEMIP",0.424716419283725
"_ATTTACCTCCAAATGC-6","Glut-DACH2-7","Ex_DACH2_ADAMTS5",0.348527814141455
"_ATTTCACCAACAGAGC-6","Glut-DACH2-7","Ex_DACH2_LHX2",0.475229928658673
"_ATTTCACTCTGTACAG-6","Glut-DACH2-8","Ex_DACH2_ZMAT4",0.606706261307467
"_ATTTCTGAGCGAGGAG-6","Glut-DACH2-7","Ex_DACH2_GRIK4",0.431452578479821
"_ATTTCTGGTAAGGCCA-6","Glut-DACH2-6","Ex_DACH2_CEMIP",0.762103019161984
"_ATTTCTGGTAGAAACT-6","Glut-DACH2-7","Ex_DACH2_LHX2",0.55913977101005
"_ATTTCTGGTTGACGGA-6","Glut-DACH2-7","Ex_DACH2_GRIK4",0.277248770746425
"_ATTTCTGTCACCCTGT-6","Glut-DACH2-7","Ex_DACH2_GRIK4",0.397124628766873
"_CAAAGAAAGTAGAATC-6","Glut-DACH2-6","Ex_DACH2_CEMIP",0.601702088211049
"_CAAAGAACAAAGACTA-6","Glut-DACH2-7","Ex_DACH2_MGAT4C",0.316682789030534
"_CAACAACGTGTCCGTG-6","Glut-DACH2-5","Ex_DACH2_ADAMTS5",0.55919884348392
"_CAACAGTTCATACGGT-6","Glut-DACH2-6","Ex_DACH2_ZMAT4",0.35808409631266
"_CAACCAACACAATGTC-6","Glut-DACH2-6","Ex_DACH2_CEMIP",0.407117923300329
"_CAACCAACAGCGACAA-6","Glut-DACH2-5","Ex_DACH2_GRIK4",0.289469125459455
"_CAACCAAGTCACCACG-6","Glut-SATB2-1","Ex_SATB2_FOXP2",0.286177698931543
"_CAACCAATCACTGCTC-6","Glut-DACH2-5","Ex_DACH2_ADAMTS5",0.466670767775102
"_CAACCAATCTTGGGCG-6","Glut-DACH2-5","Ex_DACH2_GRIK4",0.317538451230154
"_CAACCTCAGAAACCCG-6","Glut-DACH2-7","Ex_DACH2_NR4A3",0.810718642973756
"_CAACCTCAGATACCAA-6","Glut-DACH2-7","Ex_DACH2_GRIK4",0.364762613560032
"_CAACCTCGTACGAGCA-6","Glut-DACH2-6","Ex_DACH2_ZMAT4",0.419879202864689
"_CAACGATAGAGAAGGT-6","Glut-DACH2-6","Ex_DACH2_CEMIP",0.704763967697048
"_CAACGATGTTAAGACA-6","Glut-DACH2-7","Ex_DACH2_GRIK4",0.454828949954436
"_CAACGATTCAGAGTTC-6","Glut-DACH2-6","Ex_DACH2_GRIK4",0.314865978946322
"_CAACGATTCGAACGCC-6","Glut-DACH2-8","Ex_DACH2_ZMAT4",0.60292354423682
"_CAACGATTCTCGTCAC-6","Glut-SATB2-1","Ex_SATB2_SOX6",0.483592078452185
"_CAACGGCCACACTTAG-6","Glut-DACH2-7","Ex_DACH2_ADAMTS5",0.316516856791581
"_CAACGGCCACGCAAAG-6","Glut-DACH2-6","Ex_DACH2_CEMIP",0.585279008063226
"_CAACGGCCATGACTGT-6","Glut-DACH2-6","Ex_DACH2_CEMIP",0.673606183946401
"_CAACGGCGTAGGGTAC-6","Glut-DACH2-8","Ex_DACH2_ZMAT4",0.57292675537102
"_CAACGGCGTCTAGGTT-6","Glut-SATB2-1","Ex_SATB2_OVOA",0.397603676768209
"_CAACGGCGTGGTCAAG-6","Glut-DACH2-6","Ex_DACH2_CEMIP",0.678547409705824
"_CAAGACTAGCAACAAT-6","Glut-DACH2-5","Ex_DACH2_LHX2",0.302654123706059
"_CAAGACTAGGCCTTCG-6","Glut-DACH2-7","Ex_DACH2_GRIK4",0.476392671851941
"_CAAGACTAGTATTGCC-6","Glut-DACH2-7","Ex_DACH2_LHX2",0.348131684926785
"_CAAGACTGTAGATTAG-6","Glut-DACH2-5","Ex_DACH2_ADAMTS5",0.552220116583697
"_CAAGAGGAGACCTTTG-6","Glut-DACH2-6","Ex_DACH2_CEMIP",0.588627477433575
"_CAAGAGGGTCCCTCAT-6","Glut-DACH2-6","Ex_DACH2_ZMAT4",0.477280175110911
"_CAAGAGGTCAGGTGTT-6","Glut-DACH2-8","Ex_DACH2_ZMAT4",0.612265996455636
"_CAAGAGGTCCCGGTAG-6","Glut-DACH2-7","Ex_DACH2_LHX2",0.35508790333953
"_CAAGAGGTCTCTCTAA-6","Glut-DACH2-5","Ex_DACH2_LHX2",0.504890537703061
"_CAAGCTAAGTCAGCGA-6","Glut-DACH2-5","Ex_DACH2_ADAMTS5",0.646010527533915
"_CAAGCTAGTCAACACT-6","Glut-DACH2-1","Ex_DACH2_ADAMTS5",0.351651089393612
"_CAAGCTATCGCAACAT-6","Glut-DACH2-5","Ex_DACH2_ADAMTS5",0.339793192424934
"_CAAGGGAGTCGAGTGA-6","Glut-DACH2-7","Ex_DACH2_GRIK4",0.339597791564407
"_CAAGGGATCACCGACG-6","Glut-DACH2-5","Ex_DACH2_LHX2",0.5325968578618
"_CAAGGGATCGCTACAA-6","Glut-DACH2-7","Ex_DACH2_GRIK4",0.348387930816373
"_CAAGGGATCTTCCAGC-6","Glut-SATB2-1","Ex_SATB2_ZNF385B",0.762495671698333
"_CAATACGAGATGCCGA-6","Glut-DACH2-5","Ex_DACH2_GRIK4",0.306293237465639
"_CAATACGTCGTCGACG-6","Glut-DACH2-5","Ex_DACH2_GRIK4",0.294577061679074
"_CAATACGTCTATCGGA-6","Glut-DACH2-8","Ex_SATB2_FOXP2",0.253657393903088
"_CAATCGACAGCAGTCC-6","Glut-DACH2-7","Ex_DACH2_CEMIP",0.264055265408297
"_CAATGACCACGTCTCT-6","Glut-DACH2-6","Ex_DACH2_ZMAT4",0.336450294555048
"_CAATTTCCACCTCTAC-6","Glut-SATB2-1","Ex_SATB2_SOX6",0.561989375824805
"_CAATTTCCACGAGGAT-6","Glut-DACH2-7","Ex_DACH2_ADAMTS5",0.250280892804406
"_CAATTTCCACTAACCA-6","Glut-DACH2-5","Ex_DACH2_LHX2",0.526545475820992
"_CAATTTCCAGGATCTT-6","Glut-DACH2-5","Ex_DACH2_LHX2",0.426805763463195
"_CACAACAGTAATGCGG-6","Glut-DACH2-6","Ex_DACH2_CEMIP",0.73787090065393
"_CACAACAGTAGGCAGT-6","Glut-DACH2-5","Ex_DACH2_ADAMTS5",0.328795233444764
"_CACAACAGTAGTTCCA-6","Glut-DACH2-1","Ex_DACH2_ADAMTS5",0.330698730677571
"_CACACAAAGCCTCATA-6","Glut-DACH2-6","Ex_DACH2_ZMAT4",0.64329416469679
"_CACACAACACAGTGAG-6","Glut-DACH2-5","Ex_DACH2_ADAMTS5",0.393275315985186
"_CACACAACAGCCCACA-6","Glut-DACH2-7","Ex_DACH2_GRIK4",0.36610094235969
"_CACAGATAGAGGTCAC-6","Glut-DACH2-7","Ex_DACH2_ADAMTS5",0.341603520836755
"_CACAGATGTTGAGGAC-6","Glut-SATB2-1","Ex_SATB2_FOXP2",0.483938850305954
"_CACAGATGTTGCTTGA-6","Glut-SATB2-1","Ex_SATB2_FOXP2",0.542341446020632
"_CACAGGCAGGCCCAAA-6","Glut-DACH2-7","Ex_DACH2_GRIK4",0.363423112230925
"_CACATGAGTCGTTGCG-6","Glut-DACH2-6","Ex_DACH2_CEMIP",0.752990079568496
"_CACATGATCGTAGCCG-6","Glut-DACH2-6","Ex_DACH2_CEMIP",0.726858661078232
"_CACATGATCTCCTGCA-6","Glut-DACH2-8","Ex_DACH2_ZMAT4",0.617694876442021
"_CACCAAAGTAACGCGA-6","Glut-DACH2-7","Ex_DACH2_GRIK4",0.297961803912018
"_CACCAAATCATCTACT-6","Glut-DACH2-6","Ex_DACH2_ZMAT4",0.525362143454903
"_CACCAAATCGTAGTCA-6","Glut-DACH2-7","Ex_DACH2_GRIK4",0.476528426602429
"_CACCAAATCGTTAGTG-6","Glut-SATB2-1","Ex_SATB2_FOXP2",0.384402203064315
"_CACCGTTAGTCAGAGC-6","Glut-DACH2-6","Ex_DACH2_CEMIP",0.595656661081647
"_CACCGTTCAAGTGGAC-6","Glut-DACH2-6","Ex_DACH2_CEMIP",0.364974704748417
"_CACCGTTCACAAGTTC-6","Glut-DACH2-7","Ex_DACH2_GRIK4",0.243375718513188
"_CACCGTTGTAAGGCTG-6","Glut-DACH2-6","Ex_DACH2_ZMAT4",0.501961217055497
"_CACCGTTGTCGAGTGA-6","Glut-DACH2-7","Ex_DACH2_LHX2",0.491897259840993
"_CACCGTTGTTCGGCGT-6","Glut-DACH2-7","Ex_DACH2_NR4A3",0.373462326253011
"_CACCGTTTCCCAGTGG-6","Glut-DACH2-7","Ex_DACH2_ADAMTS5",0.322819278024534
"_CACGGGTAGCTATCTG-6","Glut-DACH2-5","Ex_DACH2_LHX2",0.522620785753165
"_CACGGGTAGGCGCTTC-6","Glut-SATB2-1","Ex_SATB2_SOX6",0.524944616722312
"_CACGGGTAGTTTGGCT-6","Glut-DACH2-6","Ex_DACH2_CEMIP",0.48729129403188
"_CACGGGTCAGAACTAA-6","Glut-DACH2-5","Ex_DACH2_ADAMTS5",0.338429879597759
"_CACGGGTGTGTCCTAA-6","Glut-SATB2-1","Ex_SATB2_SOX6",0.507471617226285
"_CACGGGTTCACATTGG-6","Glut-SATB2-1","Ex_SATB2_SOX6",0.398114078601451
"_CACGTGGAGTCAGCGA-6","Glut-DACH2-6","Ex_DACH2_CEMIP",0.755464129176839
"_CACGTGGGTAGACGGT-6","Glut-DACH2-6","Ex_DACH2_ZMAT4",0.468641752721647
"_CACGTGGTCAAAGAAC-6","Glut-DACH2-5","Ex_DACH2_ADAMTS5",0.364438719512539
"_CACGTTCGTAGGTAGC-6","Glut-SATB2-1","Ex_SATB2_OVOA",0.30034178221085
"_CACGTTCGTCAAACGG-6","Glut-DACH2-5","Ex_DACH2_LHX2",0.509412826705947
"_CACGTTCTCGACATAC-6","Glut-DACH2-5","Ex_DACH2_ADAMTS5",0.37264286282163
"_CACGTTCTCTATTGTC-6","Glut-DACH2-7","Ex_DACH2_MGAT4C",0.360971337875933
"_CACTAAGGTTTGGCTA-6","Glut-DACH2-5","Ex_DACH2_ADAMTS5",0.378174012390737
"_CACTGAAAGGTTTGAA-6","Glut-DACH2-8","Ex_DACH2_ZMAT4",0.663293008925846
"_CACTGAACAGAGTGTG-6","Glut-SATB2-1","Ex_SATB2_FOXP2",0.383364412989844
"_CACTGAAGTCCTGGGT-6","Glut-DACH2-8","Ex_DACH2_ZMAT4",0.587280834508142
"_CACTGAAGTTCCACGG-6","Glut-DACH2-5","Ex_DACH2_ADAMTS5",0.386159881918854
"_CACTGGGAGCGATTCT-6","Glut-DACH2-6","Ex_DACH2_CEMIP",0.528151540641198
"_CACTGGGCACACGCCA-6","Glut-DACH2-7","Ex_DACH2_ADAMTS5",0.30647860850332
"_CACTGTCTCATCTCTA-6","Glut-SATB2-1","Ex_SATB2_ZNF385B",0.759258718846469
"_CAGAGCCCAATCAGCT-6","Glut-DACH2-7","Ex_DACH2_GRIK4",0.355458580023125
"_CAGAGCCTCACCCTGT-6","Glut-DACH2-8","Ex_SATB2_FOXP2",0.244371265853205
"_CAGAGCCTCTATGTGG-6","Glut-DACH2-8","Ex_DACH2_ZMAT4",0.634530160646076
"_CAGATACAGGACTGGT-6","Glut-DACH2-7","Ex_DACH2_NR4A3",0.341736486127063
"_CAGATACAGGGCCCTT-6","Glut-DACH2-6","Ex_DACH2_CEMIP",0.430727233172494
"_CAGATACCACAACGTT-6","Glut-DACH2-5","Ex_DACH2_ADAMTS5",0.546469293247481
"_CAGATACGTTGCCGCA-6","Glut-DACH2-5","Ex_DACH2_ADAMTS5",0.48773617410085
"_CAGATACTCTGACAGT-6","Glut-DACH2-8","Ex_DACH2_ZMAT4",0.514522149894917
"_CAGATCAAGAGTGACC-6","Glut-DACH2-5","Ex_DACH2_LHX2",0.515820742839891
"_CAGATCAAGTATAGAC-6","Glut-DACH2-7","Ex_DACH2_NR4A3",0.398409788121376
"_CAGATCAGTTTCGCTC-6","Glut-DACH2-7","Ex_DACH2_ZMAT4",0.164027740684357
"_CAGATCATCAACACCA-6","Glut-SATB2-1","Ex_SATB2_FOXP2",0.465591977636721
"_CAGATCATCTCTGGTC-6","Glut-DACH2-1","Ex_DACH2_NR4A3",0.526787811962991
"_CAGATTGAGAATCGCG-6","Glut-SATB2-1","Ex_SATB2_SOX6",0.558382282223144
"_CAGATTGCAACCTAAC-6","Glut-DACH2-5","Ex_DACH2_LHX2",0.338851078571076
"_CAGATTGCACAGTGAG-6","Glut-DACH2-5","Ex_DACH2_GRIK4",0.337493643215603
"_CAGATTGCAGGCTTGC-6","Glut-DACH2-5","Ex_DACH2_LHX2",0.299356958033631
"_CAGATTGCATCTTTCA-6","Glut-DACH2-6","Ex_DACH2_CEMIP",0.555712558853619
"_CAGATTGGTGTCACAT-6","Glut-DACH2-6","Ex_DACH2_CEMIP",0.519621252288538
"_CAGCAATTCTTTGGAG-6","Glut-DACH2-6","Ex_DACH2_CEMIP",0.399284115152805
"_CAGCACGAGGGAGGCA-6","Glut-DACH2-7","Ex_DACH2_LHX2",0.465317026324294
"_CAGCACGGTTGTTTGG-6","Glut-DACH2-6","Ex_DACH2_CEMIP",0.638003164345426
"_CAGCACGTCGTAGCCG-6","Glut-DACH2-7","Ex_DACH2_GRIK4",0.363972614046954
"_CAGCAGCAGACCGTTT-6","Glut-DACH2-7","Ex_DACH2_GRIK4",0.328587152755722
"_CAGCAGCAGACTCTAC-6","Glut-DACH2-5","Ex_DACH2_ADAMTS5",0.389064802919614
"_CAGCCAGAGTATAGAC-6","Glut-DACH2-6","Ex_DACH2_CEMIP",0.386108591415672
"_CAGCCAGCACATTCTT-6","Glut-DACH2-7","Ex_DACH2_ADAMTS5",0.358638938604277
"_CAGCCAGGTATAGGAT-6","Glut-SATB2-1","Ex_SATB2_SOX6",0.469666959380007
"_CAGCCAGGTCATAGTC-6","Glut-DACH2-5","Ex_DACH2_GRIK4",0.336611444546809
"_CAGCCAGTCGACCAAT-6","Glut-DACH2-6","Ex_DACH2_CEMIP",0.546625753379725
"_CAGCCAGTCGTGCTCT-6","Glut-SATB2-1","Ex_SATB2_SOX6",0.505518957867625
"_CAGCGTGCACATGTTG-6","Glut-SATB2-1","Ex_SATB2_ZNF385B",0.637474763686358
"_CAGCGTGGTAATGTGA-6","Glut-DACH2-5","Ex_DACH2_ADAMTS5",0.591575080556195
"_CAGCGTGGTGCCTACG-6","Glut-SATB2-1","Ex_SATB2_ZNF385B",0.699954567380972
"_CAGGCCAAGGCTTAGG-6","Glut-DACH2-5","Ex_DACH2_ADAMTS5",0.500380086979917
"_CAGGCCACATAACCCA-6","Glut-SATB2-1","Ex_SATB2_FOXP2",0.453503319764418
"_CAGGCCATCGTTTACT-6","Glut-DACH2-6","Ex_DACH2_CEMIP",0.511965366303973
"_CAGGGCTAGCTTGTTG-6","Glut-SATB2-1","Ex_SATB2_FOXP2",0.559518707797645
"_CAGGGCTGTAACGGTG-6","Glut-DACH2-6","Ex_DACH2_CEMIP",0.372076310274105
"_CAGGGCTGTACTCGTA-6","Glut-DACH2-5","Ex_DACH2_LHX2",0.37911127623726
"_CAGGTATCACTCTGCT-6","Glut-DACH2-6","Ex_DACH2_CEMIP",0.659259257169566
"_CAGGTATCATAATCCG-6","Glut-DACH2-6","Ex_DACH2_CEMIP",0.516224384357944
"_CAGGTATTCAATCAGC-6","Glut-DACH2-7","Ex_DACH2_ADAMTS5",0.431983236720948
"_CAGGTATTCGCAGTTA-6","Glut-DACH2-8","Ex_DACH2_ZMAT4",0.476413103360081
"_CAGTGCGGTCGCACGT-6","Glut-DACH2-6","Ex_DACH2_CEMIP",0.7335213410351
"_CAGTTAGAGGGTAGCT-6","Glut-DACH2-6","Ex_DACH2_CEMIP",0.632065785104653
"_CAGTTAGGTACAGTTC-6","Glut-SATB2-1","Ex_SATB2_SOX6",0.477039683435988
"_CAGTTAGGTCCCTGTT-6","Glut-SATB2-1","Ex_SATB2_SOX6",0.506242557740207
"_CAGTTAGTCCTCAGAA-6","Glut-DACH2-5","Ex_DACH2_GRIK4",0.254057733702094
"_CAGTTAGTCCTTCGAC-6","Glut-DACH2-6","Ex_DACH2_CEMIP",0.626595962078401
"_CAGTTCCAGTTCTCTT-6","Glut-SATB2-1","Ex_SATB2_FOXP2",0.537456300451675
"_CAGTTCCCACATACTG-6","Glut-DACH2-7","Ex_DACH2_ADAMTS5",0.241448062280319
"_CAGTTCCGTGAAGCGT-6","Glut-DACH2-5","Ex_DACH2_ADAMTS5",0.492616226516381
"_CAGTTCCTCTGTCCCA-6","Glut-DACH2-5","Ex_DACH2_LHX2",0.475323688655085
"_CATAAGCCAAGTCGTT-6","Glut-DACH2-5","Ex_DACH2_ADAMTS5",0.535406957450627
"_CATAAGCCAGCAGGAT-6","Glut-DACH2-6","Ex_DACH2_ZMAT4",0.384526332140318
"_CATAAGCGTGCTTCAA-6","Glut-SATB2-1","Ex_SATB2_SOX6",0.251643091509094
"_CATACCCGTAAGCTCT-6","Glut-DACH2-6","Ex_DACH2_CEMIP",0.333337151842913
"_CATACTTGTCCGGACT-6","Glut-DACH2-5","Ex_DACH2_LHX2",0.36370340083081
"_CATACTTGTGGATCAG-6","Glut-DACH2-7","Ex_DACH2_ADAMTS5",0.378011071453706
"_CATACTTGTGTATCCA-6","Glut-DACH2-5","Ex_DACH2_ADAMTS5",0.422588586980452
"_CATACTTGTTGCAAGG-6","Glut-DACH2-8","Ex_DACH2_ZMAT4",0.558902252275586
"_CATACTTTCCTCTCTT-6","Glut-DACH2-7","Ex_DACH2_GRIK4",0.452416562704617
"_CATAGACAGAAACCCG-6","Glut-DACH2-7","Ex_DACH2_GRIK4",0.371323364991931
"_CATAGACAGCTACTAC-6","Glut-DACH2-6","Ex_DACH2_CEMIP",0.670823796188063
"_CATAGACGTTAGGGAC-6","Glut-DACH2-1","Ex_DACH2_ADAMTS5",0.306753772607241
"_CATAGACTCCTCTAGC-6","Glut-DACH2-8","Ex_DACH2_ZMAT4",0.548358471880109
"_CATAGACTCGCTAAAC-6","Glut-SATB2-1","Ex_SATB2_SOX6",0.423389671959656
"_CATAGACTCGGCTGGT-6","Glut-DACH2-6","Ex_DACH2_CEMIP",0.587283180481071
"_CATCAAGAGCGAGTAC-6","Glut-DACH2-LMANsh","Ex_DACH2_LHX2",0.558921097060222
"_CATCAAGGTCCAGCAC-6","Glut-DACH2-5","Ex_DACH2_ADAMTS5",0.323839389766979
"_CATCCACCACGGATCC-6","Glut-SATB2-1","Ex_SATB2_FOXP2",0.533642688366958
"_CATCCACCAGACCGCT-6","Glut-DACH2-7","Ex_DACH2_ADAMTS5",0.234826096454325
"_CATCCACGTTCACCGG-6","Glut-DACH2-7","Ex_DACH2_ADAMTS5",0.315153327972836
"_CATCCCACAAATCAGA-6","Glut-DACH2-7","Ex_DACH2_GRIK4",0.468362692253519
"_CATCCCAGTGTCATTG-6","Glut-DACH2-8","Ex_DACH2_ZMAT4",0.601332775898316
"_CATCCCATCACCTGGG-6","Glut-DACH2-7","Ex_DACH2_GRIK4",0.332428023610371
"_CATCCCATCCGCTAGG-6","Glut-DACH2-5","Ex_DACH2_LHX2",0.455754074108731
"_CATCGCTCAACACGAG-6","Glut-DACH2-6","Ex_DACH2_ZMAT4",0.409449241829003
"_CATCGCTCAATCTCTT-6","Glut-SATB2-1","Ex_SATB2_SOX6",0.553227712811403
"_CATCGCTCACTGTGTA-6","Glut-DACH2-6","Ex_DACH2_ZMAT4",0.503867920012402
"_CATCGCTTCAAAGGAT-6","Glut-DACH2-5","Ex_DACH2_LHX2",0.404209675795096
"_CATCGCTTCACCATGA-6","Glut-DACH2-8","Ex_DACH2_ZMAT4",0.642154217732928
"_CATCGGGCAACAACAA-6","Glut-DACH2-5","Ex_DACH2_LHX2",0.501901039863106
"_CATCGGGCAAGACCTT-6","Glut-SATB2-1","Ex_SATB2_FOXP2",0.506622425167402
"_CATCGGGCAATTGCTG-6","Glut-DACH2-5","Ex_DACH2_ADAMTS5",0.343966437678866
"_CATCGGGTCGCAGATT-6","Glut-SATB2-1","Ex_SATB2_SOX6",0.510161006919103
"_CATCGTCCAACCGACC-6","Glut-DACH2-7","Ex_DACH2_GRIK4",0.452822985746934
"_CATCGTCGTAAGCAAT-6","Glut-DACH2-7","Ex_DACH2_GRIK4",0.358043305202107
"_CATGAGTCATCCGATA-6","Glut-DACH2-7","Ex_DACH2_CEMIP",0.219919666157513
"_CATGCAAAGACTCATC-6","Glut-DACH2-6","Ex_DACH2_ZMAT4",0.25090536514102
"_CATGCAAAGCCATATC-6","Glut-DACH2-6","Ex_DACH2_CEMIP",0.74956503302779
"_CATGCAAGTACCTAGT-6","Glut-DACH2-6","Ex_DACH2_ZMAT4",0.423655685036498
"_CATGCGGAGACTGTTC-6","Glut-DACH2-5","Ex_DACH2_LHX2",0.427744130681062
"_CATGCGGCAAAGGCGT-6","Glut-SATB2-1","Ex_SATB2_SOX6",0.470171780399356
"_CATGCGGGTAACCAGG-6","Glut-DACH2-7","Ex_DACH2_GRIK4",0.329808980351836
"_CATGCGGGTAAGATCA-6","Glut-DACH2-7","Ex_DACH2_GRIK4",0.37540189189851
"_CATGCTCAGCGCTGCT-6","Glut-DACH2-5","Ex_DACH2_LHX2",0.493291971740357
"_CATGCTCAGGGATCAC-6","Glut-DACH2-LMANsh","Ex_DACH2_LHX2",0.529659665347438
"_CATGCTCCAATTCTTC-6","Glut-DACH2-7","Ex_SATB2_SOX6",0.247035379418403
"_CATGCTCTCATTTGCT-6","Glut-DACH2-7","Ex_DACH2_GRIK4",0.378092235577369
"_CATGCTCTCTTGGAAC-6","Glut-SATB2-1","Ex_SATB2_FOXP2",0.504231690180255
"_CATGGATAGAGCCGTA-6","Glut-DACH2-5","Ex_DACH2_ADAMTS5",0.359257343761378
"_CATGGATAGCATGAAT-6","Glut-SATB2-1","Ex_SATB2_SOX6",0.559487752231532
"_CATGGATAGCCTGTGC-6","Glut-DACH2-8","Ex_DACH2_ZMAT4",0.597767881718583
"_CATGGATCATGACCCG-6","Glut-DACH2-8","Ex_DACH2_ZMAT4",0.58304208634906
"_CATGGTACAGTCAGCC-6","Glut-DACH2-5","Ex_DACH2_ADAMTS5",0.30901971751838
"_CATTCATAGGAGAGTA-6","Glut-DACH2-7","Ex_DACH2_LHX2",0.32094873369888
"_CATTCATCATCACGGC-6","Glut-DACH2-6","Ex_DACH2_CEMIP",0.208981416545593
"_CATTCATGTGAGTGAC-6","Glut-DACH2-7","Ex_DACH2_GRIK4",0.51183054279922
"_CATTCATTCGGTGTTA-6","Glut-DACH2-5","Ex_DACH2_LHX2",0.480085501612767
"_CATTCCGCATCGTTCC-6","Glut-DACH2-6","Ex_DACH2_CEMIP",0.46722594085138
"_CATTCCGGTGTATTCG-6","Glut-DACH2-7","Ex_DACH2_GRIK4",0.473803288589671
"_CATTCTAAGGTAAGAG-6","Glut-DACH2-6","Ex_DACH2_ZMAT4",0.500054429041495
"_CATTCTACATGCCATA-6","Glut-SATB2-1","Ex_SATB2_SOX6",0.479242729310565
"_CATTGAGCAGACCTGC-6","Glut-DACH2-5","Ex_DACH2_ADAMTS5",0.465518883130204
"_CATTGAGCATCTGGGC-6","Glut-SATB2-1","Ex_SATB2_FOXP2",0.509675890702451
"_CATTGCCAGACAACAT-6","Glut-DACH2-5","Ex_DACH2_LHX2",0.339926890269672
"_CATTGCCCACAAGGTG-6","Glut-DACH2-8","Ex_DACH2_ZMAT4",0.603465817938716
"_CATTGTTAGACCAAGC-6","Glut-DACH2-7","Ex_DACH2_ADAMTS5",0.310447136968136
"_CATTGTTCATCAGCTA-6","Glut-DACH2-7","Ex_DACH2_LHX2",0.283351338294181
"_CATTTCACAAATAAGC-6","Glut-DACH2-8","Ex_DACH2_ZMAT4",0.500870494712354
"_CATTTCAGTCCAAAGG-6","Glut-DACH2-7","Ex_DACH2_ADAMTS5",0.300544293869064
"_CATTTCATCGAAGTGG-6","Glut-SATB2-1","Ex_SATB2_FOXP2",0.547813174203827
"_CCAAGCGAGATACTGA-6","Glut-DACH2-5","Ex_DACH2_LHX2",0.470340461207505
"_CCAATGACAGATACTC-6","Glut-DACH2-LMANco","Ex_SATB2_SOX6",0.386354283345926
"_CCAATGACATGGGTTT-6","Glut-DACH2-6","Ex_DACH2_CEMIP",0.294582822161861
"_CCAATGAGTACAGAAT-6","Glut-DACH2-8","Ex_DACH2_ZMAT4",0.670962417189258
"_CCAATGAGTTCATCGA-6","Glut-DACH2-7","Ex_DACH2_GRIK4",0.334238589351752
"_CCAATGATCTCCATAT-6","Glut-SATB2-1","Ex_SATB2_ZNF385B",0.635067733954197
"_CCAATTTCATGCCATA-6","Glut-DACH2-5","Ex_DACH2_LHX2",0.279899163132898
"_CCAATTTTCGTGACTA-6","Glut-DACH2-5","Ex_DACH2_ADAMTS5",0.406250613289062
"_CCACAAACAGGGTCTC-6","Glut-SATB2-1","Ex_SATB2_FOXP2",0.485707172525612
"_CCACAAAGTAACACGG-6","Glut-DACH2-6","Ex_DACH2_ADAMTS5",0.268726215635919
"_CCACACTAGAAGCGGG-6","Glut-DACH2-5","Ex_DACH2_ADAMTS5",0.357529634722543
"_CCACACTAGGTTCACT-6","Glut-SATB2-1","Ex_SATB2_SOX6",0.600943288457381
"_CCACACTCAAGCTCTA-6","Glut-DACH2-8","Ex_DACH2_ZMAT4",0.647557286990489
"_CCACACTCATGAGATA-6","Glut-DACH2-7","Ex_DACH2_GRIK4",0.420060183127903
"_CCACACTGTAACACCT-6","Glut-DACH2-7","Ex_DACH2_GRIK4",0.405607160755227
"_CCACACTGTGACTAAA-6","Glut-DACH2-6","Ex_DACH2_CEMIP",0.488069328803104
"_CCACACTGTTCTCCTG-6","Glut-SATB2-1","Ex_SATB2_ZNF385B",0.752243955838795
"_CCACACTTCGCAGAGA-6","Glut-DACH2-8","Ex_DACH2_ZMAT4",0.530732880980981
"_CCACCATAGGTTAGTA-6","Glut-DACH2-6","Ex_DACH2_CEMIP",0.602527316048879
"_CCACCATGTATCCCTC-6","Glut-DACH2-8","Ex_DACH2_ZMAT4",0.583172347553899
"_CCACCATTCACATCAG-6","Glut-SATB2-1","Ex_SATB2_ZNF385B",0.755870197684073
"_CCACCATTCTTAGTTC-6","Glut-DACH2-5","Ex_DACH2_ADAMTS5",0.603527720457161
"_CCACGAGGTGGTCTCG-6","Glut-DACH2-8","Ex_DACH2_ZMAT4",0.667676160378751
"_CCACGAGTCTCGTGAA-6","Glut-DACH2-7","Ex_DACH2_NR4A3",0.290360286314383
"_CCACGTTCAGGTGGAT-6","Glut-DACH2-7","Ex_DACH2_NR4A3",0.618782915944222
"_CCACGTTTCCCGAATA-6","Glut-DACH2-6","Ex_DACH2_CEMIP",0.680355888757509
"_CCACGTTTCTTACACT-6","Glut-DACH2-8","Ex_DACH2_ZMAT4",0.61701755058539
"_CCACTTGAGCCATTCA-6","Glut-DACH2-7","Ex_DACH2_NR4A3",0.354045375365518
"_CCACTTGCAATAACGA-6","Glut-DACH2-5","Ex_DACH2_GRIK4",0.348425388792553
"_CCACTTGCATGGACAG-6","Glut-DACH2-5","Ex_DACH2_ADAMTS5",0.610053523587253
"_CCATAAGAGGTCCCGT-6","Glut-SATB2-1","Ex_SATB2_SOX6",0.484953883390573
"_CCATAAGGTCTTCGAA-6","Glut-DACH2-6","Ex_DACH2_CEMIP",0.689524273637944
"_CCATAAGTCATTGCCC-6","Glut-DACH2-5","Ex_DACH2_ADAMTS5",0.489846116092668
"_CCATCACCACTCCGGA-6","Glut-DACH2-5","Ex_DACH2_LHX2",0.543036409370648
"_CCATCACCATGTGGCC-6","Glut-SATB2-1","Ex_SATB2_SOX6",0.587635077696764
"_CCCAACTGTGAGACGT-6","Glut-DACH2-6","Ex_DACH2_CEMIP",0.453446782532239
"_CCCAACTGTTCCGTTC-6","Glut-DACH2-6","Ex_DACH2_CEMIP",0.169470733777333
"_CCCAACTTCAACTTTC-6","Glut-DACH2-7","Ex_DACH2_GRIK4",0.371726163988407
"_CCCAACTTCCGATCTC-6","Glut-DACH2-8","Ex_DACH2_ZMAT4",0.592487272500944
"_CCCAACTTCGGTAGGA-6","Glut-DACH2-7","Ex_DACH2_ADAMTS5",0.308692278523171
"_CCCAACTTCTCGGGAC-6","Glut-DACH2-8","Ex_DACH2_ZMAT4",0.710981569806828
"_CCCAACTTCTTTACAC-6","Glut-DACH2-8","Ex_DACH2_ZMAT4",0.501235082999683
"_CCCATTGAGAAACACT-6","Glut-DACH2-8","Ex_DACH2_ZMAT4",0.598218825131355
"_CCCATTGAGCCTCTCT-6","Glut-SATB2-1","Ex_SATB2_SOX6",0.519392641380994
"_CCCATTGAGTGTTGAA-6","Glut-DACH2-7","Ex_DACH2_GRIK4",0.404210389146353
"_CCCATTGCACAATGAA-6","Glut-DACH2-7","Ex_DACH2_ADAMTS5",0.333335504386134
"_CCCATTGCACACCTAA-6","Glut-SATB2-1","Ex_SATB2_SOX6",0.372629609459547
"_CCCATTGGTGTGTACT-6","Glut-DACH2-5","Ex_DACH2_LHX2",0.417481275858126
"_CCCATTGTCTACTCAT-6","Glut-DACH2-5","Ex_DACH2_ADAMTS5",0.446645403714358
"_CCCGAAGCAGAGTGAC-6","Glut-DACH2-5","Ex_DACH2_ADAMTS5",0.528431437171825
"_CCCGAAGGTCGTATGT-6","Glut-DACH2-6","Ex_DACH2_CEMIP",0.493465386255074
"_CCCTAACCATACCAGT-6","Glut-DACH2-7","Ex_DACH2_ADAMTS5",0.287161309319061
"_CCCTCAAAGTGAGTTA-6","Glut-SATB2-1","Ex_SATB2_FOXP2",0.576930560158826
"_CCCTCAAGTCTTCCGT-6","Glut-DACH2-7","Ex_DACH2_ADAMTS5",0.367691809000224
"_CCCTCTCCAAGCGAGT-6","Glut-DACH2-7","Ex_DACH2_NR4A3",0.199995001551394
"_CCCTCTCTCGGTGAAG-6","Glut-DACH2-7","Ex_DACH2_ADAMTS5",0.513599131528867
"_CCCTCTCTCGGTTCAA-6","Glut-SATB2-1","Ex_SATB2_FOXP2",0.525682068401981
"_CCCTGATAGGACCCAA-6","Glut-DACH2-7","Ex_DACH2_NR4A3",0.289712870414234
"_CCCTGATCAGCCGTTG-6","Glut-DACH2-7","Ex_DACH2_LHX2",0.254943580748881
"_CCCTGATCATGGCGCT-6","Glut-DACH2-5","Ex_DACH2_LHX2",0.507044466288184
"_CCCTGATGTCTCAGGC-6","Glut-DACH2-7","Ex_DACH2_GRIK4",0.326208867716261
"_CCCTGATTCAGTCATG-6","Glut-DACH2-6","Ex_DACH2_CEMIP",0.473351588502175
"_CCCTTAGAGGGAGGGT-6","Glut-DACH2-5","Ex_DACH2_LHX2",0.433783594414712
"_CCCTTAGCATCTCAAG-6","Glut-SATB2-1","Ex_SATB2_SOX6",0.478610444281881
"_CCCTTAGTCTGTGCAA-6","Glut-DACH2-6","Ex_SATB2_FOXP2",0.234431036529993
"_CCGAACGTCATAGAGA-6","Glut-DACH2-5","Ex_DACH2_LHX2",0.502291060783303
"_CCGAACGTCGAAGGAC-6","Glut-DACH2-6","Ex_DACH2_CEMIP",0.610221991920119
"_CCGATCTAGACTGAGC-6","Glut-SATB2-1","Ex_SATB2_FOXP2",0.472347943674422
"_CCGATCTAGTGCAACG-6","Glut-DACH2-6","Ex_DACH2_CEMIP",0.500929123981542
"_CCGATCTGTGACCGAA-6","Glut-DACH2-7","Ex_DACH2_GRIK4",0.439408347882162
"_CCGATGGGTAGGTACG-6","Glut-DACH2-7","Ex_DACH2_GRIK4",0.242863016988109
"_CCGATGGGTGGAACCA-6","Glut-DACH2-7","Ex_DACH2_ADAMTS5",0.475017794936458
"_CCGATGGTCGGTGTTA-6","Glut-DACH2-6","Ex_DACH2_CEMIP",0.462603759805038
"_CCGCAAGAGTCGGGAT-6","Glut-DACH2-1","Ex_DACH2_LHX2",0.482476564459491
"_CCGCAAGGTCGGCACT-6","Glut-DACH2-5","Ex_DACH2_ADAMTS5",0.486656203326512
"_CCGCAAGGTTAGAGTA-6","Glut-DACH2-8","Ex_DACH2_ZMAT4",0.636185685564447
"_CCGCAAGTCACTTTGT-6","Glut-DACH2-5","Ex_DACH2_LHX2",0.50707220536814
"_CCGGACATCCCTCTAG-6","Glut-DACH2-5","Ex_DACH2_LHX2",0.403067471468092
"_CCGGGTAAGTGTTCAC-6","Glut-DACH2-6","Ex_DACH2_ZMAT4",0.323969209575282
"_CCGGGTACACTCAAGT-6","Glut-DACH2-7","Ex_DACH2_CEMIP",0.29777721672874
"_CCGGGTACAGTGTATC-6","Glut-DACH2-7","Ex_DACH2_GRIK4",0.515351135586484
"_CCGGGTAGTACCCACG-6","Glut-DACH2-6","Ex_DACH2_CEMIP",0.394846100048817
"_CCGGGTAGTACGCTTA-6","Glut-DACH2-6","Ex_DACH2_ZMAT4",0.425466628258084
"_CCGGTAGAGAGGCGGA-6","Glut-SATB2-1","Ex_SATB2_FOXP2",0.512506782022621
"_CCGGTAGAGTCGGCAA-6","Glut-DACH2-7","Ex_DACH2_ADAMTS5",0.415799907636412
"_CCGGTAGCATGGGAAC-6","Glut-DACH2-6","Ex_DACH2_CEMIP",0.783890582366688
"_CCGGTGAGTAGGGAGG-6","Glut-DACH2-7","Ex_DACH2_LHX2",0.300691005762925
"_CCGGTGATCACGGTCG-6","Glut-DACH2-6","Ex_DACH2_CEMIP",0.312999987949184
"_CCGTGAGTCATCCTGC-6","Glut-DACH2-5","Ex_DACH2_ADAMTS5",0.378275123030171
"_CCGTTCAAGACCAAGC-6","Glut-DACH2-6","Ex_DACH2_ZMAT4",0.391728973000603
"_CCGTTCAAGGATACCG-6","Glut-SATB2-1","Ex_SATB2_SOX6",0.499146326984062
"_CCTAACCAGGTTAAAC-6","Glut-DACH2-5","Ex_DACH2_LHX2",0.531715900788415
"_CCTAACCCATAACAGA-6","Glut-DACH2-1","Ex_DACH2_GRIK4",0.27182413713623
"_CCTAACCTCCCTCGAT-6","Glut-DACH2-6","Ex_DACH2_ITGA9",0.312399504189789
"_CCTAACCTCTCTTAAC-6","Glut-DACH2-7","Ex_DACH2_GRIK4",0.430168231083055
"_CCTAACCTCTGAGAAA-6","Glut-SATB2-1","Ex_SATB2_SOX6",0.453585606964117
"_CCTAAGAAGGTGCAGT-6","Glut-DACH2-7","Ex_DACH2_NR4A3",0.706005769736103
"_CCTAAGACACCAGACC-6","Glut-DACH2-6","Ex_DACH2_ZMAT4",0.316727264275718
"_CCTAAGACACTTCAAG-6","Glut-DACH2-7","Ex_DACH2_LHX2",0.330399310267739
"_CCTAAGAGTGGCTACC-6","Glut-DACH2-7","Ex_DACH2_LHX2",0.488831681753829
"_CCTAAGAGTGTGAATA-6","Glut-DACH2-1","Ex_DACH2_GRIK4",0.42446999953596
"_CCTAAGAGTGTGACCC-6","Glut-DACH2-6","Ex_DACH2_CEMIP",0.320785281998945
"_CCTAAGATCTGGGATT-6","Glut-DACH2-6","Ex_DACH2_ZMAT4",0.431583700683976
"_CCTACGTCAAGTGACG-6","Glut-DACH2-5","Ex_DACH2_ADAMTS5",0.29360532718425
"_CCTACGTCAGATAAAC-6","Glut-DACH2-8","Ex_DACH2_CEMIP",0.33663636437747
"_CCTACGTCAGCACACC-6","Glut-DACH2-6","Ex_DACH2_CEMIP",0.790259816802574
"_CCTATCGAGCTCGTGC-6","Glut-DACH2-5","Ex_DACH2_ADAMTS5",0.491707314959124
"_CCTATCGAGGGTTGCA-6","Glut-DACH2-7","Ex_DACH2_GRIK4",0.285634234942072
"_CCTATCGAGTCACGCC-6","Glut-DACH2-7","Ex_DACH2_ADAMTS5",0.492919078651399
"_CCTATCGCACAGCATT-6","Glut-DACH2-6","Ex_DACH2_CEMIP",0.539788495833354
"_CCTATCGCACGCTGAC-6","Glut-DACH2-6","Ex_DACH2_CEMIP",0.594272046592242
"_CCTATCGCAGCTGAAG-6","Glut-DACH2-6","Ex_DACH2_CEMIP",0.677624154806735
"_CCTCAACAGAGATCGC-6","Glut-DACH2-7","Ex_DACH2_ADAMTS5",0.393901293929162
"_CCTCAACAGCCTGAAG-6","Glut-DACH2-5","Ex_DACH2_LHX2",0.274943107434306
"_CCTCAACAGGTCCTGC-6","Glut-DACH2-6","Ex_DACH2_CEMIP",0.412747943383874
"_CCTCAACCACGCGTGT-6","Glut-DACH2-7","Ex_DACH2_LHX2",0.351149153868046
"_CCTCAACCATCCTAAG-6","Glut-DACH2-7","Ex_DACH2_NR4A3",0.544200963726021
"_CCTCACATCAAACGTC-6","Glut-DACH2-7","Ex_DACH2_GRIK4",0.302351195071384
"_CCTCACATCCGTGTAA-6","Glut-DACH2-5","Ex_DACH2_ADAMTS5",0.241657914929317
"_CCTCACATCGAGCCTG-6","Glut-SATB2-1","Ex_SATB2_FOXP2",0.620465679035085
"_CCTCAGTAGAAGTCCG-6","Glut-DACH2-6","Ex_DACH2_CEMIP",0.513815751359675
"_CCTCAGTAGACCAAAT-6","Glut-SATB2-1","Ex_SATB2_FOXP2",0.220268069967684
"_CCTCAGTGTCTCCTGT-6","Glut-DACH2-6","Ex_DACH2_CEMIP",0.340396204300809
"_CCTCAGTGTTTACCTT-6","Glut-DACH2-6","Ex_DACH2_CEMIP",0.386340815552055
"_CCTCAGTGTTTAGACC-6","Glut-DACH2-7","Ex_DACH2_ADAMTS5",0.340643736644042
"_CCTCATGAGACGCAGT-6","Glut-DACH2-8","Ex_DACH2_ZMAT4",0.632634483661518
"_CCTCATGCAGTCTCTC-6","Glut-DACH2-7","Ex_DACH2_ADAMTS5",0.392831117362429
"_CCTCATGTCACTGTTT-6","Glut-DACH2-6","Ex_DACH2_ITGA9",0.276170446694633
"_CCTCATGTCGGTGCAC-6","Glut-DACH2-6","Ex_DACH2_CEMIP",0.387639003676437
"_CCTCCAACACCACTGG-6","Glut-DACH2-6","Ex_DACH2_CEMIP",0.645517458516609
"_CCTCCAACACGCAAAG-6","Glut-DACH2-7","Ex_DACH2_GRIK4",0.324052880725258
"_CCTCCAAGTCTTCCGT-6","Glut-DACH2-5","Ex_DACH2_GRIK4",0.2756898840999
"_CCTCCAAGTGTCTAAC-6","Glut-DACH2-5","Ex_DACH2_ADAMTS5",0.580712309463481
"_CCTCCAAGTTGAGAGC-6","Glut-DACH2-6","Ex_DACH2_CEMIP",0.706624929415715
"_CCTCCTCAGAAATTGC-6","Glut-DACH2-6","Ex_DACH2_CEMIP",0.730970895515091
"_CCTCCTCTCACAACCA-6","Glut-DACH2-6","Ex_DACH2_CEMIP",0.284749210596677
"_CCTCTAGAGAGCCCAA-6","Glut-DACH2-8","Ex_DACH2_ZMAT4",0.645781722346971
"_CCTCTAGAGATAGCTA-6","Glut-DACH2-6","Ex_DACH2_CEMIP",0.278728461650879
"_CCTCTCCAGCTGCGAA-6","Glut-DACH2-5","Ex_DACH2_GRIK4",0.320711882315694
"_CCTCTCCAGTGGATTA-6","Glut-DACH2-6","Ex_DACH2_CEMIP",0.3505365966994
"_CCTCTCCGTACCGGCT-6","Glut-DACH2-7","Ex_DACH2_GRIK4",0.356664524378237
"_CCTCTCCTCAAAGGAT-6","Glut-DACH2-6","Ex_DACH2_CEMIP",0.543215155395581
"_CCTCTCCTCAGTAGGG-6","Glut-DACH2-5","Ex_DACH2_GRIK4",0.325114373490267
"_CCTGCATAGCGCCTTG-6","Glut-SATB2-1","Ex_SATB2_FOXP2",0.476207320511742
"_CCTGCATTCGAACACT-6","Glut-SATB2-1","Ex_SATB2_FOXP2",0.44370508735943
"_CCTGTTGCATTGCCTC-6","Glut-DACH2-5","Ex_DACH2_ADAMTS5",0.589428311896678
"_CCTGTTGGTCCTTGTC-6","Glut-DACH2-7","Ex_DACH2_GRIK4",0.333632833913616
"_CCTTCAGAGGAGTCTG-6","Glut-DACH2-7","Ex_DACH2_ADAMTS5",0.355483706044263
"_CCTTCAGAGGGTTGCA-6","Glut-SATB2-1","Ex_SATB2_FOXP2",0.476473963686905
"_CCTTCAGAGTCGGCAA-6","Glut-SATB2-1","Ex_SATB2_SOX6",0.539390807442981
"_CCTTCAGGTCACCTTC-6","Glut-DACH2-2","Ex_DACH2_ADAMTS5",0.298559924932137
"_CCTTCAGGTCGCTGCA-6","Glut-SATB2-1","Ex_SATB2_SOX6",0.538038543392697
"_CCTTGTGAGAATTGCA-6","Glut-DACH2-7","Ex_DACH2_ADAMTS5",0.364540373997175
"_CCTTGTGCAAAGGTTA-6","Glut-DACH2-7","Ex_DACH2_ADAMTS5",0.239090129925845
"_CCTTGTGCAATGGCAG-6","Glut-SATB2-1","Ex_SATB2_SOX6",0.535517851903917
"_CCTTTGGTCCATTTGT-6","Glut-DACH2-8","Ex_DACH2_ZMAT4",0.606992228434269
"_CCTTTGGTCCTGATAG-6","Glut-DACH2-6","Ex_DACH2_CEMIP",0.483646008629543
"_CGAAGGACACCCAACG-6","Glut-DACH2-7","Ex_DACH2_GRIK4",0.307099389110809
"_CGAAGGACACTGCGAC-6","Glut-DACH2-7","Ex_DACH2_GRIK4",0.35271825915985
"_CGAAGGATCTTCGACC-6","Glut-DACH2-7","Ex_DACH2_LHX2",0.498928410470969
"_CGAAGTTAGAATCGAT-6","Glut-DACH2-6","Ex_DACH2_CEMIP",0.436865377689893
"_CGAAGTTAGATGCCGA-6","Glut-SATB2-1","Ex_SATB2_SOX6",0.54922925980172
"_CGAAGTTCATAGAGGC-6","Glut-DACH2-5","Ex_DACH2_ADAMTS5",0.50770061214718
"_CGAATTGCAAACCACT-6","Glut-DACH2-5","Ex_DACH2_LHX2",0.503016084345987
"_CGAATTGCACATACGT-6","Glut-DACH2-5","Ex_DACH2_ADAMTS5",0.433680918469396
"_CGAATTGTCACAACCA-6","Glut-DACH2-5","Ex_DACH2_ADAMTS5",0.365897551784433
"_CGACAGCAGACTCATC-6","Glut-DACH2-6","Ex_DACH2_CEMIP",0.729306752344688
"_CGACAGCAGGCTCCCA-6","Glut-DACH2-8","Ex_DACH2_ZMAT4",0.590334070183333
"_CGACAGCCAGCGAACA-6","Glut-DACH2-7","Ex_DACH2_ADAMTS5",0.240236551694872
"_CGACAGCGTGAGTAGC-6","Glut-DACH2-6","Ex_DACH2_CEMIP",0.557477630936423
"_CGACAGCTCTAAGCGT-6","Glut-SATB2-1","Ex_SATB2_FOXP2",0.579060351296444
"_CGACAGCTCTGGAAGG-6","Glut-DACH2-6","Ex_DACH2_CEMIP",0.720420989079593
"_CGAGAAGCACAAACGG-6","Glut-DACH2-7","Ex_DACH2_ADAMTS5",0.414107055258653
"_CGAGAAGGTTCCGCTT-6","Glut-DACH2-7","Ex_DACH2_CEMIP",0.208584804573651
"_CGAGGAAGTTGGACTT-6","Glut-DACH2-6","Ex_DACH2_CEMIP",0.479774025334358
"_CGAGGAATCCTGGGAC-6","Glut-DACH2-7","Ex_DACH2_GRIK4",0.37125627714854
"_CGAGGAATCTAAGGAA-6","Glut-SATB2-1","Ex_SATB2_ZNF385B",0.573681589741888
"_CGAGGCTAGCGTCTCG-6","Glut-DACH2-7","Ex_DACH2_GRIK4",0.321065794058948
"_CGAGGCTCATGTCAGT-6","Glut-DACH2-5","Ex_DACH2_LHX2",0.542610743177101
"_CGAGGCTGTCCAGCCA-6","Glut-SATB2-1","Ex_SATB2_SOX6",0.495258734770546
"_CGAGGCTGTCGCACAC-6","Glut-DACH2-5","Ex_DACH2_GRIK4",0.368433592319417
"_CGAGGCTTCAAGCCGC-6","Glut-DACH2-7","Ex_DACH2_ADAMTS5",0.350295773503271
"_CGAGGCTTCCGTGCGA-6","Glut-SATB2-1","Ex_SATB2_SOX6",0.530308581530423
"_CGAGGCTTCGCATGAT-6","Glut-SATB2-1","Ex_SATB2_SOX6",0.521010481848643
"_CGAGTGCTCCGAGGCT-6","Glut-DACH2-8","Ex_DACH2_ZMAT4",0.626554795440899
"_CGAGTGCTCCGAGTGC-6","Glut-DACH2-6","Ex_DACH2_CEMIP",0.64930147149836
"_CGAGTTAGTAGGCAGT-6","Glut-DACH2-5","Ex_DACH2_ADAMTS5",0.55358579065371
"_CGATCGGAGATGTTAG-6","Glut-DACH2-6","Ex_DACH2_CEMIP",0.498665546685451
"_CGATCGGCAATTCACG-6","Glut-DACH2-6","Ex_DACH2_CEMIP",0.218805164774463
"_CGATCGGCACGAGGTA-6","Glut-DACH2-8","Ex_DACH2_ZMAT4",0.485571468414229
"_CGATCGGTCAACACCA-6","Glut-DACH2-4","Ex_DACH2_ZMAT4",0.178228864299265
"_CGATCGGTCAAGTTGC-6","Glut-DACH2-7","Ex_DACH2_ADAMTS5",0.345891233169301
"_CGATCGGTCACATCAG-6","Glut-DACH2-7","Ex_DACH2_GRIK4",0.41625578592304
"_CGATCGGTCTCGGCTT-6","Glut-SATB2-1","Ex_SATB2_SOX6",0.498865503798936
"_CGATGCGGTATCGTGT-6","Glut-DACH2-6","Ex_DACH2_CEMIP",0.653998045666874
"_CGATGCGGTTATCTGG-6","Glut-DACH2-5","Ex_DACH2_GRIK4",0.238517686963676
"_CGATGCGTCCTACTGC-6","Glut-DACH2-6","Ex_DACH2_CEMIP",0.37368578333701
"_CGATGGCCATATGGCT-6","Glut-DACH2-7","Ex_DACH2_GRIK4",0.419872190356397
"_CGCAGGTCACGCGCTA-6","Glut-DACH2-7","Ex_DACH2_GRIK4",0.337941708436695
"_CGCAGGTCATGACGGA-6","Glut-DACH2-7","Ex_DACH2_MGAT4C",0.299752413233546
"_CGCAGGTTCCTGCTAC-6","Glut-DACH2-5","Ex_DACH2_ADAMTS5",0.428730179846826
"_CGCAGGTTCTAGCCAA-6","Glut-DACH2-6","Ex_DACH2_CEMIP",0.277126455310229
"_CGCAGGTTCTTAGCTT-6","Glut-DACH2-7","Ex_DACH2_GRIK4",0.300143848815268
"_CGCATAACAGGCTCTG-6","Glut-DACH2-6","Ex_DACH2_CEMIP",0.705492540330167
"_CGCATGGTCTTTACAC-6","Glut-DACH2-5","Ex_DACH2_NR4A3",0.654581086478214
"_CGCCAGAGTTGGCCTG-6","Glut-DACH2-6","Ex_DACH2_CEMIP",0.274618860140717
"_CGCCATTCACACGCCA-6","Glut-DACH2-5","Ex_DACH2_ADAMTS5",0.424457491482783
"_CGCCATTTCCCAGGCA-6","Glut-DACH2-7","Ex_DACH2_MGAT4C",0.269451242552085
"_CGCGTGAAGGCCTGAA-6","Glut-DACH2-7","Ex_DACH2_MGAT4C",0.37397137900109
"_CGCGTGATCTTCTGGC-6","Glut-DACH2-6","Ex_DACH2_CEMIP",0.521392533124136
"_CGGAACCAGCTCCACG-6","Glut-DACH2-5","Ex_DACH2_ADAMTS5",0.422341591947551
"_CGGAACCCACTCAGAT-6","Glut-DACH2-6","Ex_DACH2_CEMIP",0.68763345595556
"_CGGAACCGTGATATAG-6","Glut-SATB2-1","Ex_SATB2_FOXP2",0.285273736298046
"_CGGAACCGTTTGGGTT-6","Glut-DACH2-7","Ex_DACH2_GRIK4",0.305370653130041
"_CGGAACCTCATTGTTC-6","Glut-DACH2-5","Ex_DACH2_LHX2",0.51738118012642
"_CGGAACCTCTCTTAAC-6","Glut-DACH2-5","Ex_DACH2_LHX2",0.445662961731819
"_CGGAATTAGATCGCCC-6","Glut-DACH2-6","Ex_DACH2_CEMIP",0.713051736000355
"_CGGAATTAGTTACGTC-6","Glut-SATB2-1","Ex_SATB2_SOX6",0.531583165580446
"_CGGAATTCAATAGTAG-6","Glut-DACH2-7","Ex_DACH2_ADAMTS5",0.205803086041235
"_CGGAATTGTAGGAGGG-6","Glut-DACH2-7","Ex_DACH2_ADAMTS5",0.387969396562138
"_CGGAATTGTGTCTAAC-6","Glut-DACH2-7","Ex_DACH2_GRIK4",0.332564780351706
"_CGGAATTGTTCCGCAG-6","Glut-DACH2-6","Ex_DACH2_CEMIP",0.606974505448064
"_CGGAATTTCAGACATC-6","Glut-DACH2-5","Ex_DACH2_ADAMTS5",0.359443458806544
"_CGGAATTTCAGACCTA-6","Glut-DACH2-6","Ex_DACH2_CEMIP",0.6559242077459
"_CGGAATTTCTCATTAC-6","Glut-SATB2-1","Ex_SATB2_SOX6",0.405150851314842
"_CGGACACCAAATCAAG-6","Glut-DACH2-8","Ex_DACH2_ZMAT4",0.619469076087014
"_CGGACACCAATTCACG-6","Glut-DACH2-8","Ex_DACH2_ZMAT4",0.522129448516926
"_CGGACACTCGATTCCC-6","Glut-DACH2-5","Ex_DACH2_ADAMTS5",0.269656041011552
"_CGGACACTCGCTACGG-6","Glut-DACH2-7","Ex_DACH2_MGAT4C",0.321755818276606
"_CGGAGAAAGTACCGGA-6","Glut-DACH2-7","Ex_DACH2_GRIK4",0.375736178669421
"_CGGAGAATCGTGCAGC-6","Glut-DACH2-5","Ex_DACH2_NR4A3",0.329721595532085
"_CGGAGAATCTATCGCC-6","Glut-DACH2-5","Ex_DACH2_LHX2",0.469279064655205
"_CGGCAGTCAAGAAACT-6","Glut-SATB2-1","Ex_SATB2_SOX6",0.515946760856491
"_CGGGACTAGCTGGAGT-6","Glut-SATB2-1","Ex_SATB2_SOX6",0.479977811668552
"_CGGGACTAGGTTCTAC-6","Glut-SATB2-1","Ex_SATB2_SOX6",0.565963281562826
"_CGGGACTCACGATTCA-6","Glut-DACH2-5","Ex_DACH2_GRIK4",0.31128719715511
"_CGGGCATAGGCCCAAA-6","Glut-DACH2-7","Ex_DACH2_ADAMTS5",0.268017756592618
"_CGGGCATGTTCTCCCA-6","Glut-DACH2-1","Ex_DACH2_ADAMTS5",0.369487692533317
"_CGGGCATTCGAGAGAC-6","Glut-DACH2-LMANco","Ex_DACH2_ZMAT4",0.556815038306094
"_CGGGTCAAGCACGGAT-6","Glut-SATB2-1","Ex_SATB2_SOX6",0.275407453221922
"_CGGGTCAAGGGACTGT-6","Glut-DACH2-5","Ex_DACH2_GRIK4",0.296057624389585
"_CGGGTCACACGACAGA-6","Glut-DACH2-7","Ex_DACH2_NR4A3",0.515394127744915
"_CGGGTCACACTCCTTG-6","Glut-SATB2-1","Ex_SATB2_ZNF385B",0.687919554298486
"_CGGGTCAGTTTGAACC-6","Glut-SATB2-1","Ex_SATB2_OVOA",0.204646149182275
"_CGGGTGTAGAGCGACT-6","Glut-DACH2-8","Ex_DACH2_ZMAT4",0.366193947460857
"_CGGGTGTCACGGCGTT-6","Glut-DACH2-5","Ex_DACH2_ADAMTS5",0.642183261954744
"_CGGGTGTCATTGAGGG-6","Glut-DACH2-6","Ex_DACH2_CEMIP",0.656705986944037
"_CGGGTGTGTACAAGTA-6","Glut-DACH2-6","Ex_DACH2_CEMIP",0.549012357453723
"_CGGGTGTTCAGACAAA-6","Glut-SATB2-1","Ex_SATB2_FOXP2",0.447002722519906
"_CGGGTGTTCAGCTGAT-6","Glut-DACH2-5","Ex_DACH2_ADAMTS5",0.467307656021694
"_CGGGTGTTCTCCCTAG-6","Glut-DACH2-7","Ex_DACH2_GRIK4",0.313842025763263
"_CGGTCAGTCAACGCTA-6","Glut-SATB2-1","Ex_SATB2_FOXP2",0.502561291823061
"_CGTAAGTAGCAGCAGT-6","Glut-DACH2-6","Ex_DACH2_CEMIP",0.680651656693811
"_CGTAAGTCATCTTCGC-6","Glut-SATB2-1","Ex_SATB2_SOX6",0.53523600739333
"_CGTAAGTTCACGGACC-6","Glut-DACH2-7","Ex_DACH2_GRIK4",0.270275901504658
"_CGTAAGTTCGGACTTA-6","Glut-DACH2-7","Ex_DACH2_ADAMTS5",0.317609180216503
"_CGTAGTAAGATGTTGA-6","Glut-DACH2-7","Ex_DACH2_GRIK4",0.291516251358752
"_CGTAGTAGTTAAGGGC-6","Glut-DACH2-6","Ex_DACH2_CEMIP",0.485574216346791
"_CGTAGTAGTTCAGCGC-6","Glut-DACH2-6","Ex_DACH2_CEMIP",0.619692908740399
"_CGTAGTATCGAGGCAA-6","Glut-SATB2-1","Ex_SATB2_SOX6",0.559748381279645
"_CGTCAAAAGCTGACTT-6","Glut-DACH2-7","Ex_DACH2_GRIK4",0.387079144263942
"_CGTCAAATCTAGAACC-6","Glut-DACH2-8","Ex_DACH2_ZMAT4",0.630806980091593
"_CGTCCATAGTAATACG-6","Glut-DACH2-6","Ex_DACH2_CEMIP",0.393067829430884
"_CGTGCTTTCGGTCAGC-6","Glut-DACH2-8","Ex_DACH2_ZMAT4",0.550727819641893
"_CGTGTCTCATCCAACA-6","Glut-DACH2-5","Ex_DACH2_ADAMTS5",0.399905141277143
"_CGTGTCTCATTGGCAT-6","Glut-DACH2-6","Ex_DACH2_CEMIP",0.707073004813341
"_CGTTAGACAGCACGAA-6","Glut-SATB2-1","Ex_SATB2_SOX6",0.542967268174126
"_CGTTAGACATTGTGCA-6","Glut-DACH2-5","Ex_DACH2_ADAMTS5",0.397595933438687
"_CGTTAGATCTGGACCG-6","Glut-DACH2-1","Ex_DACH2_LHX2",0.330199718126061
"_CGTTCTGCAGCTGTAT-6","Glut-SATB2-1","Ex_SATB2_ZNF385B",0.689400971890803
"_CGTTGGGGTCATGACT-6","Glut-DACH2-5","Ex_DACH2_LHX2",0.414107269948847
"_CGTTGGGGTGATTGGG-6","Glut-DACH2-5","Ex_DACH2_LHX2",0.269592305860163
"_CGTTGGGTCTCCGTGT-6","Glut-DACH2-6","Ex_DACH2_CEMIP",0.708773648699287
"_CTAACCCAGCGACTTT-6","Glut-DACH2-8","Ex_DACH2_ZMAT4",0.589397563597873
"_CTAACCCAGTCTTGGT-6","Glut-DACH2-6","Ex_DACH2_CEMIP",0.426188483686116
"_CTAACCCGTCCTTGTC-6","Glut-SATB2-1","Ex_SATB2_SOX6",0.549594369315621
"_CTAACTTTCATTGGTG-6","Glut-DACH2-6","Ex_DACH2_ZMAT4",0.50638367094336
"_CTAACTTTCCCAGGCA-6","Glut-SATB2-1","Ex_SATB2_SOX6",0.489275842354888
"_CTAACTTTCGGTAGAG-6","Glut-DACH2-5","Ex_DACH2_ADAMTS5",0.348278245019683
"_CTAACTTTCTGTGTGA-6","Glut-DACH2-5","Ex_DACH2_LHX2",0.275844489456898
"_CTAAGTGAGAAGTATC-6","Glut-DACH2-7","Ex_DACH2_CEMIP",0.215119419297476
"_CTAAGTGAGCAATTAG-6","Glut-SATB2-1","Ex_SATB2_FOXP2",0.505554014061272
"_CTAAGTGCAGTCCCGA-6","Glut-DACH2-5","Ex_DACH2_LHX2",0.397782489120342
"_CTAAGTGGTGCCTAAT-6","Glut-DACH2-5","Ex_DACH2_ADAMTS5",0.600067657276617
"_CTACAGAGTGAGAACC-6","Glut-DACH2-7","Ex_DACH2_LHX2",0.521184708001749
"_CTACATTCAGTTACCA-6","Glut-SATB2-1","Ex_SATB2_FOXP2",0.549289126881988
"_CTACCCAAGTCTCGTA-6","Glut-DACH2-6","Ex_DACH2_CEMIP",0.417855497111289
"_CTACCCACATTGAAAG-6","Glut-DACH2-6","Ex_DACH2_ZMAT4",0.379930675996166
"_CTACCCAGTAACAGTA-6","Glut-SATB2-1","Ex_SATB2_SOX6",0.493880503930008
"_CTACCCAGTCACCTTC-6","Glut-SATB2-1","Ex_SATB2_FOXP2",0.508002402296766
"_CTACCCATCCTACGAA-6","Glut-DACH2-6","Ex_DACH2_CEMIP",0.625746600851728
"_CTACCTGAGACGAGCT-6","Glut-DACH2-6","Ex_DACH2_CEMIP",0.553901849784189
"_CTACCTGAGAGTGACC-6","Glut-DACH2-6","Ex_DACH2_CEMIP",0.618920570926342
"_CTACCTGCAGCTTTCC-6","Glut-SATB2-1","Ex_SATB2_FOXP2",0.473342424710263
"_CTACCTGCATGAAGCG-6","Glut-DACH2-5","Ex_DACH2_LHX2",0.451182538559573
"_CTACCTGGTCACAGTT-6","Glut-DACH2-5","Ex_DACH2_ADAMTS5",0.422355929263673
"_CTACGGGCACCGGCTA-6","Glut-SATB2-1","Ex_SATB2_SOX6",0.481820834716467
"_CTACGGGGTGCTCTCT-6","Glut-DACH2-5","Ex_DACH2_GRIK4",0.275736472877642
"_CTACGGGTCCTGATAG-6","Glut-DACH2-7","Ex_DACH2_ADAMTS5",0.366450264868538
"_CTACTATAGTTTCGAC-6","Glut-DACH2-5","Ex_DACH2_ADAMTS5",0.437410662214797
"_CTACTATTCAGGAGAC-6","Glut-SATB2-1","Ex_SATB2_SOX6",0.539258177057072
"_CTACTATTCGACGACC-6","Glut-DACH2-5","Ex_DACH2_GRIK4",0.300025873099728
"_CTAGACACATTGCCTC-6","Glut-DACH2-6","Ex_DACH2_CEMIP",0.758193822282091
"_CTAGACAGTGGGCTTC-6","Glut-DACH2-8","Ex_DACH2_ZMAT4",0.684091218836956
"_CTAGACATCCGCAACG-6","Glut-DACH2-7","Ex_DACH2_GRIK4",0.410311198303473
"_CTAGGTACAACGACAG-6","Glut-DACH2-6","Ex_DACH2_CEMIP",0.38162703639786
"_CTAGGTAGTCCCGGTA-6","Glut-DACH2-7","Ex_DACH2_GRIK4",0.373125667451662
"_CTAGGTATCCCAAGTA-6","Glut-DACH2-7","Ex_DACH2_ADAMTS5",0.340590588041497
"_CTATAGGAGTTGCCCG-6","Glut-DACH2-7","Ex_DACH2_ADAMTS5",0.414633384680728
"_CTATAGGCATGTGACT-6","Glut-DACH2-8","Ex_DACH2_ZMAT4",0.532776052952604
"_CTATCCGGTTATGACC-6","Glut-DACH2-7","Ex_DACH2_ADAMTS5",0.429125004128355
"_CTATCCGTCACTGATG-6","Glut-DACH2-7","Ex_DACH2_ADAMTS5",0.47772780678175
"_CTATCTAAGGGTAGCT-6","Glut-DACH2-6","Ex_DACH2_CEMIP",0.386653215471838
"_CTATCTACATTCTGTT-6","Glut-SATB2-1","Ex_SATB2_FOXP2",0.431228127592544
"_CTATCTAGTCCAGTTA-6","Glut-DACH2-5","Ex_DACH2_LHX2",0.411997657422012
"_CTATCTAGTCCCTGAG-6","Glut-DACH2-6","Ex_DACH2_ZMAT4",0.417197868705813
"_CTATCTATCCTTCTAA-6","Glut-DACH2-7","Ex_DACH2_GRIK4",0.327963698486091
"_CTCAACCAGTGGCGAT-6","Glut-DACH2-5","Ex_DACH2_LHX2",0.469646436324272
"_CTCAACCCAACTACGT-6","Glut-DACH2-6","Ex_DACH2_CEMIP",0.262354501505096
"_CTCAACCGTAGGCAGT-6","Glut-SATB2-1","Ex_SATB2_FOXP2",0.529791617600678
"_CTCAACCGTTACGTAC-6","Glut-DACH2-LMANsh","Ex_DACH2_ADAMTS5",0.332852084954778
"_CTCAACCTCGGACTTA-6","Glut-DACH2-7","Ex_DACH2_GRIK4",0.464054397515134
"_CTCAAGAAGCTTCGTA-6","Glut-DACH2-5","Ex_DACH2_LHX2",0.384845753500767
"_CTCAAGAAGGGTAGCT-6","Glut-SATB2-1","Ex_SATB2_FOXP2",0.489038638909837
"_CTCAAGACAATGAGCG-6","Glut-DACH2-6","Ex_DACH2_CEMIP",0.481547822739475
"_CTCAATTTCTGTCCCA-6","Glut-DACH2-1","Ex_DACH2_NR4A3",0.837800399572865
"_CTCACTGCATGACTCA-6","Glut-DACH2-6","Ex_DACH2_CEMIP",0.524975228433328
"_CTCAGAATCATCGCCT-6","Glut-DACH2-7","Ex_DACH2_ADAMTS5",0.338143354581756
"_CTCAGGGAGTAGCATA-6","Glut-SATB2-1","Ex_SATB2_SOX6",0.533349597713093
"_CTCAGGGAGTCGCCAC-6","Glut-DACH2-5","Ex_DACH2_ADAMTS5",0.673219594368636
"_CTCAGTCAGGAGCTGT-6","Glut-DACH2-5","Ex_DACH2_ADAMTS5",0.423243849118116
"_CTCAGTCGTAGCTGTT-6","Glut-DACH2-5","Ex_DACH2_LHX2",0.507439389860768
"_CTCATCGCAACGCCCA-6","Glut-SATB2-1","Ex_SATB2_FOXP2",0.468631713463318
"_CTCATCGGTACAAAGT-6","Glut-DACH2-6","Ex_DACH2_CEMIP",0.676302552758317
"_CTCATCGTCCACAGCG-6","Glut-DACH2-6","Ex_DACH2_CEMIP",0.470550386006889
"_CTCATCGTCCCGAGAC-6","Glut-DACH2-5","Ex_DACH2_LHX2",0.520183206391791
"_CTCATGCAGGTCCAGA-6","Glut-SATB2-1","Ex_SATB2_SOX6",0.502557685790959
"_CTCATGCCAAGCGATG-6","Glut-DACH2-7","Ex_DACH2_GRIK4",0.30390363686019
"_CTCATGCCACAGAAGC-6","Glut-SATB2-1","Ex_SATB2_SOX6",0.584602834120039
"_CTCATTAGTAGTACGG-6","Glut-DACH2-8","Ex_DACH2_ZMAT4",0.657738406232142
"_CTCCAACAGATACAGT-6","Glut-DACH2-8","Ex_DACH2_ZMAT4",0.615392039863033
"_CTCCAACCACCAAAGG-6","Glut-DACH2-5","Ex_DACH2_LHX2",0.372257547110498
"_CTCCAACTCCCTCAAC-6","Glut-DACH2-5","Ex_DACH2_LHX2",0.362094559316219
"_CTCCAACTCGGCCAAC-6","Glut-DACH2-1","Ex_DACH2_ADAMTS5",0.461043688788077
"_CTCCAACTCGGTGTAT-6","Glut-DACH2-6","Ex_DACH2_CEMIP",0.339518641903789
"_CTCCACAGTAGTTCCA-6","Glut-DACH2-6","Ex_DACH2_CEMIP",0.344172471578525
"_CTCCACAGTCGCCACA-6","Glut-SATB2-1","Ex_SATB2_FOXP2",0.387731268218661
"_CTCCATGGTAAGATCA-6","Glut-DACH2-5","Ex_DACH2_NR4A3",0.641111925524156
"_CTCCATGGTTAGGCTT-6","Glut-DACH2-7","Ex_DACH2_ADAMTS5",0.315744984266108
"_CTCCCAAAGAAGCGAA-6","Glut-DACH2-6","Ex_DACH2_ZMAT4",0.377752855227358
"_CTCCCAATCTCGTCAC-6","Glut-DACH2-1","Ex_DACH2_NR4A3",0.879025294856381
"_CTCCCTCAGGCAGTCA-6","Glut-SATB2-1","Ex_SATB2_ZNF385B",0.772707434574467
"_CTCCCTCAGGTAATCA-6","Glut-DACH2-6","Ex_DACH2_ITGA9",0.355044035537973
"_CTCCCTCCAAGACGAC-6","Glut-DACH2-5","Ex_DACH2_LHX2",0.527830599369122
"_CTCCCTCTCCCGTTCA-6","Glut-DACH2-5","Ex_DACH2_GRIK4",0.273169022304791
"_CTCCGATCACCCATAA-6","Glut-SATB2-1","Ex_SATB2_SOX6",0.520716365484636
"_CTCCGATGTCCCTCAT-6","Glut-SATB2-1","Ex_SATB2_SOX6",0.488144825632218
"_CTCCGATGTGCATTAC-6","Glut-DACH2-7","Ex_DACH2_CEMIP",0.245464662813111
"_CTCCGATTCTATCGGA-6","Glut-DACH2-6","Ex_DACH2_CEMIP",0.238325324154114
"_CTCCTCCGTTTAGAGA-6","Glut-DACH2-5","Ex_DACH2_ADAMTS5",0.283484695867415
"_CTCCTTTAGATACATG-6","Glut-DACH2-6","Ex_DACH2_CEMIP",0.380768624782116
"_CTCCTTTAGTTGTCGT-6","Glut-DACH2-8","Ex_DACH2_ZMAT4",0.598479120755419
"_CTCCTTTCAGATCATC-6","Glut-DACH2-6","Ex_DACH2_CEMIP",0.330683795624396
"_CTCCTTTGTCATCCCT-6","Glut-DACH2-6","Ex_DACH2_CEMIP",0.345915092117746
"_CTCCTTTGTCCGGCAT-6","Glut-DACH2-7","Ex_DACH2_ADAMTS5",0.179991327968985
"_CTCCTTTGTGTTCAGT-6","Glut-DACH2-5","Ex_DACH2_LHX2",0.453603972485328
"_CTCGAGGGTACGATCT-6","Glut-DACH2-6","Ex_DACH2_CEMIP",0.603963631296251
"_CTCGAGGGTATCCCTC-6","Glut-DACH2-7","Ex_DACH2_GRIK4",0.295532630701256
"_CTCGAGGTCCCTCATG-6","Glut-DACH2-7","Ex_DACH2_GRIK4",0.297461018564563
"_CTCGAGGTCTGTTGGA-6","Glut-DACH2-6","Ex_DACH2_ZMAT4",0.4658930732412
"_CTCTCAGCATGACGTT-6","Glut-DACH2-7","Ex_DACH2_ADAMTS5",0.321068307436544
"_CTCTCAGTCCATACTT-6","Glut-SATB2-1","Ex_SATB2_FOXP2",0.544876698616432
"_CTCTCGACATACCATG-6","Glut-DACH2-6","Ex_DACH2_CEMIP",0.407312521795911
"_CTCTGGTCAGAGGAAA-6","Glut-DACH2-8","Ex_DACH2_ZMAT4",0.649018012440248
"_CTCTGGTTCTATTGTC-6","Glut-DACH2-5","Ex_DACH2_LHX2",0.270490372953053
"_CTGAATGCAGGATGAC-6","Glut-DACH2-8","Ex_DACH2_ZMAT4",0.567558698484997
"_CTGAATGGTATCCCTC-6","Glut-DACH2-7","Ex_DACH2_GRIK4",0.316430036103163
"_CTGAATGGTCCGAAAG-6","Glut-DACH2-7","Ex_DACH2_ADAMTS5",0.323859467851522
"_CTGAGCGAGTAAGGGA-6","Glut-DACH2-7","Ex_DACH2_GRIK4",0.478780057976093
"_CTGAGCGGTATTCTCT-6","Glut-DACH2-7","Ex_DACH2_LHX2",0.402877779038679
"_CTGAGCGTCTGCTAGA-6","Glut-DACH2-6","Ex_DACH2_ZMAT4",0.367449106431167
"_CTGAGGCAGACTCCGC-6","Glut-DACH2-8","Ex_DACH2_ZMAT4",0.378858505571759
"_CTGAGGCAGAGCATCG-6","Glut-DACH2-7","Ex_DACH2_GRIK4",0.342537118955317
"_CTGAGGCAGGAAACGA-6","Glut-DACH2-5","Ex_DACH2_LHX2",0.34814336121327
"_CTGAGGCCATGCCATA-6","Glut-DACH2-7","Ex_DACH2_ADAMTS5",0.439229946543841
"_CTGAGGCGTCCGTACG-6","Glut-DACH2-8","Ex_DACH2_ZMAT4",0.664387825378232
"_CTGAGGCGTCTGATCA-6","Glut-DACH2-5","Ex_DACH2_LHX2",0.503027497038081
"_CTGAGGCTCGCTCTCA-6","Glut-DACH2-8","Ex_DACH2_ZMAT4",0.521705305034039
"_CTGATCCCAGCAGTAG-6","Glut-DACH2-6","Ex_DACH2_CEMIP",0.421803654079023
"_CTGATCCCATGCCGGT-6","Glut-DACH2-6","Ex_DACH2_CEMIP",0.372211084010404
"_CTGATCCGTCGTCAGC-6","Glut-DACH2-7","Ex_DACH2_GRIK4",0.361328411767457
"_CTGATCCGTTATTCTC-6","Glut-DACH2-7","Ex_DACH2_GRIK4",0.256858919670227
"_CTGATCCTCAGTCAGT-6","Glut-DACH2-5","Ex_DACH2_LHX2",0.467901901524497
"_CTGATCCTCGCCTTGT-6","Glut-DACH2-6","Ex_DACH2_ZMAT4",0.398703870004254
"_CTGCAGGAGGAAACGA-6","Glut-DACH2-7","Ex_DACH2_ADAMTS5",0.332047830062999
"_CTGCAGGAGGCGCTCT-6","Glut-DACH2-7","Ex_DACH2_GRIK4",0.347541751763452
"_CTGCAGGAGTAAACGT-6","Glut-SATB2-1","Ex_SATB2_FOXP2",0.449275030579935
"_CTGCAGGGTATTCCTT-6","Glut-DACH2-5","Ex_DACH2_ADAMTS5",0.32961813840705
"_CTGCATCTCACTCTTA-6","Glut-DACH2-6","Ex_DACH2_CEMIP",0.694950966704176
"_CTGCCATAGCTGCCTG-6","Glut-DACH2-1","Ex_DACH2_ADAMTS5",0.269616359597324
"_CTGCCATGTCCTTGTC-6","Glut-SATB2-1","Ex_SATB2_ZNF385B",0.710298079780128
"_CTGCCATTCAGTCAGT-6","Glut-DACH2-7","Ex_DACH2_ADAMTS5",0.346018978286499
"_CTGCCTAAGACTGTTC-6","Glut-DACH2-5","Ex_DACH2_ADAMTS5",0.263690322919002
"_CTGCCTACAGGCTATT-6","Glut-SATB2-1","Ex_SATB2_SOX6",0.49210692090205
"_CTGCCTAGTGCACATT-6","Glut-DACH2-5","Ex_DACH2_NR4A3",0.422663362918426
"_CTGCCTATCAGAGCAG-6","Glut-DACH2-7","Ex_DACH2_MGAT4C",0.24651058578419
"_CTGCCTATCAGCTGAT-6","Glut-SATB2-1","Ex_SATB2_ZNF385B",0.672962445780943
"_CTGCCTATCGTGTTCC-6","Glut-DACH2-6","Ex_DACH2_CEMIP",0.49310765096938
"_CTGCTCAAGACTTAAG-6","Glut-DACH2-7","Ex_DACH2_ADAMTS5",0.383056322008121
"_CTGCTCACAGACCAAG-6","Glut-DACH2-7","Ex_DACH2_MGAT4C",0.336995848718623
"_CTGCTCAGTAGAAACT-6","Glut-DACH2-6","Ex_DACH2_CEMIP",0.387906648230595
"_CTGCTCATCTTAGTTC-6","Glut-DACH2-6","Ex_DACH2_ZMAT4",0.395677408024052
"_CTGGCAGAGTCCTGTA-6","Glut-DACH2-5","Ex_DACH2_LHX2",0.464374621435483
"_CTGGCAGAGTGGATTA-6","Glut-DACH2-7","Ex_DACH2_GRIK4",0.382069506429819
"_CTGGCAGCAAGTCATC-6","Glut-DACH2-5","Ex_DACH2_ADAMTS5",0.289278287623946
"_CTGGCAGGTACCATAC-6","Glut-DACH2-5","Ex_DACH2_ADAMTS5",0.642677348379877
"_CTGGCAGTCAGTCACA-6","Glut-DACH2-8","Ex_DACH2_ZMAT4",0.510399578187537
"_CTGGTCTCAGAAGTTA-6","Glut-SATB2-1","Ex_SATB2_SOX6",0.442918487699921
"_CTGGTCTGTATGTCCA-6","Glut-DACH2-7","Ex_DACH2_GRIK4",0.360284112363089
"_CTGGTCTTCATGGGAG-6","Glut-SATB2-1","Ex_SATB2_SOX6",0.489518443597547
"_CTGGTCTTCTCACTCG-6","Glut-DACH2-5","Ex_DACH2_ADAMTS5",0.57424531754553
"_CTGTACCCAAAGTATG-6","Glut-DACH2-7","Ex_DACH2_ADAMTS5",0.269333585107277
"_CTGTACCGTCCCGGTA-6","Glut-DACH2-6","Ex_DACH2_CEMIP",0.223805294876615
"_CTGTACCTCAGGACGA-6","Glut-DACH2-6","Ex_DACH2_CEMIP",0.713881637443476
"_CTGTACCTCTCCCAAC-6","Glut-DACH2-7","Ex_DACH2_ADAMTS5",0.357400032452026
"_CTGTAGACACGAAGAC-6","Glut-DACH2-6","Ex_DACH2_CEMIP",0.388469747502911
"_CTGTAGATCTTCGGAA-6","Glut-DACH2-5","Ex_DACH2_ADAMTS5",0.511404101576156
"_CTGTATTAGAGCTGAC-6","Glut-DACH2-5","Ex_DACH2_LHX2",0.479254423014379
"_CTGTATTGTTCGCGTG-6","Glut-SATB2-1","Ex_SATB2_SOX6",0.419750940643715
"_CTGTCGTAGCAGGGAG-6","Glut-SATB2-1","Ex_SATB2_SOX6",0.514555166885275
"_CTGTCGTCAGGTCTCG-6","Glut-DACH2-5","Ex_DACH2_LHX2",0.476990248543582
"_CTGTGAACAGGTCCCA-6","Glut-DACH2-6","Ex_DACH2_CEMIP",0.332265390694065
"_CTGTGAACATGGCTAT-6","Glut-DACH2-6","Ex_DACH2_CEMIP",0.684722787530699
"_CTGTGGGCAGGTCTCG-6","Glut-DACH2-5","Ex_DACH2_LHX2",0.35828813382713
"_CTGTGGGGTTTACTTC-6","Glut-DACH2-7","Ex_DACH2_ADAMTS5",0.403657807565019
"_CTGTGGGTCTAGCCTC-6","Glut-DACH2-6","Ex_DACH2_CEMIP",0.576092923524822
"_CTTACCGAGTTTGAGA-6","Glut-DACH2-6","Ex_DACH2_CEMIP",0.570902246734583
"_CTTACCGGTCCACAGC-6","Glut-DACH2-7","Ex_DACH2_ADAMTS5",0.424036559435586
"_CTTACCGTCACTAGCA-6","Glut-DACH2-5","Ex_DACH2_LHX2",0.324404624565899
"_CTTAGGACACTAGGCC-6","Glut-DACH2-7","Ex_DACH2_ADAMTS5",0.384259700791631
"_CTTAGGACAGCGGTCT-6","Glut-DACH2-6","Ex_DACH2_CEMIP",0.523382456546287
"_CTTAGGACAGGGATAC-6","Glut-DACH2-8","Ex_DACH2_ZMAT4",0.689467319073486
"_CTTAGGAGTTCACCGG-6","Glut-DACH2-6","Ex_DACH2_CEMIP",0.760243722923358
"_CTTAGGATCCGCCTAT-6","Glut-DACH2-8","Ex_DACH2_ZMAT4",0.543958157590224
"_CTTCCGAAGCTGTTAC-6","Glut-SATB2-1","Ex_SATB2_SOX6",0.495013533301024
"_CTTCCGAAGCTTTGTG-6","Glut-DACH2-7","Ex_DACH2_ADAMTS5",0.32805722214841
"_CTTCCGACATTATGCG-6","Glut-DACH2-5","Ex_DACH2_ADAMTS5",0.29205280074465
"_CTTCCGATCATTATCC-6","Glut-DACH2-7","Ex_DACH2_LHX2",0.369908766102163
"_CTTCCGATCGGTAGAG-6","Glut-DACH2-6","Ex_DACH2_CEMIP",0.286925754780065
"_CTTCGGTAGCGGTAGT-6","Glut-DACH2-7","Ex_DACH2_GRIK4",0.409924272508227
"_CTTCGGTCAGGCGATA-6","Glut-SATB2-1","Ex_SATB2_SOX6",0.494799530452659
"_CTTCTAAGTCTCTCCA-6","Glut-DACH2-7","Ex_DACH2_ADAMTS5",0.245083307461539
"_CTTCTCTAGTCCCGAC-6","Glut-DACH2-5","Ex_DACH2_LHX2",0.465718385155298
"_CTTCTCTCAGTTAGGG-6","Glut-DACH2-6","Ex_DACH2_CEMIP",0.554164631400883
"_CTTCTCTGTTGTCTAG-6","Glut-DACH2-5","Ex_DACH2_LHX2",0.509107100989132
"_CTTCTCTTCGCCGATG-6","Glut-DACH2-6","Ex_DACH2_CEMIP",0.689412561798288
"_CTTGAGAAGCGGTAGT-6","Glut-DACH2-6","Ex_DACH2_CEMIP",0.54670646263842
"_CTTGAGAGTACGACTT-6","Glut-DACH2-8","Ex_DACH2_ZMAT4",0.575026144065727
"_CTTGAGAGTGAATTAG-6","Glut-DACH2-6","Ex_DACH2_CEMIP",0.65684110727942
"_CTTGATTGTACGTACT-6","Glut-DACH2-1","Ex_DACH2_ADAMTS5",0.447425503178615
"_CTTGATTGTCGATTAC-6","Glut-DACH2-8","Ex_DACH2_ZMAT4",0.61489010797862
"_CTTGATTGTTAATGAG-6","Glut-SATB2-1","Ex_SATB2_FOXP2",0.474792636380296
"_CTTTCAACAGCAAGAC-6","Glut-SATB2-1","Ex_SATB2_SOX6",0.516140769110767
"_CTTTCAAGTTGCCAAT-6","Glut-DACH2-5","Ex_DACH2_ADAMTS5",0.480832052823362
"_CTTTCAATCAGTCCGG-6","Glut-SATB2-1","Ex_SATB2_ZNF385B",0.698784407490992
"_CTTTCGGAGTCTGGTT-6","Glut-DACH2-7","Ex_DACH2_MGAT4C",0.328297211384497
"_CTTTCGGAGTTATGGA-6","Glut-DACH2-8","Ex_DACH2_ZMAT4",0.589267064496324
"_CTTTCGGCAAGCTGTT-6","Glut-DACH2-5","Ex_DACH2_ADAMTS5",0.476608084017222
"_CTTTCGGCATAATGCC-6","Glut-DACH2-5","Ex_DACH2_LHX2",0.519189800315109
"_CTTTCGGCATTGACCA-6","Glut-DACH2-6","Ex_DACH2_CEMIP",0.188497272882269
"_GAAACCTAGGCATCGA-6","Glut-DACH2-5","Ex_DACH2_LHX2",0.333430336271641
"_GAAACCTCAATTTCTC-6","Glut-DACH2-7","Ex_DACH2_GRIK4",0.266814259895125
"_GAAACCTCATAATGAG-6","Glut-SATB2-1","Ex_DACH2_GRIK4",0.545681987531058
"_GAAACCTGTTGTGTAC-6","Glut-DACH2-6","Ex_DACH2_ZMAT4",0.509205501905341
"_GAAATGAGTAGGCTGA-6","Glut-DACH2-7","Ex_DACH2_ADAMTS5",0.47651318905851
"_GAAATGATCAATCGGT-6","Glut-DACH2-7","Ex_DACH2_CEMIP",0.247744520270136
"_GAAATGATCATGCCGG-6","Glut-DACH2-6","Ex_DACH2_ZMAT4",0.456165011115414
"_GAACACTAGGCTCTCG-6","Glut-DACH2-5","Ex_DACH2_LHX2",0.273969400419325
"_GAACACTCACAATGTC-6","Glut-DACH2-5","Ex_DACH2_ADAMTS5",0.315698929697695
"_GAACACTGTATACCTG-6","Glut-DACH2-6","Ex_DACH2_CEMIP",0.306324443552594
"_GAACACTTCTGCATAG-6","Glut-DACH2-7","Ex_DACH2_ADAMTS5",0.291374099366677
"_GAACGTTCAAACGAGC-6","Glut-DACH2-7","Ex_DACH2_ITGA9",0.369068267264479
"_GAACGTTGTAAGGAGA-6","Glut-SATB2-1","Ex_SATB2_SOX6",0.518524666032312
"_GAACGTTTCAAGGAGC-6","Glut-DACH2-8","Ex_DACH2_ZMAT4",0.613885708104593
"_GAACTGTAGAAATCCA-6","Glut-DACH2-5","Ex_DACH2_LHX2",0.477898715104076
"_GAACTGTGTACCCAGC-6","Glut-DACH2-8","Ex_DACH2_ZMAT4",0.639250939376725
"_GAACTGTGTCACCGAC-6","Glut-DACH2-6","Ex_DACH2_CEMIP",0.523566748245071
"_GAAGAATCAGGTCTCG-6","Glut-DACH2-7","Ex_DACH2_GRIK4",0.407661797865917
"_GAAGAATGTGCTTCAA-6","Glut-DACH2-6","Ex_DACH2_ZMAT4",0.480422887704027
"_GAAGAATGTTCTCCCA-6","Glut-SATB2-1","Ex_SATB2_SOX6",0.275287043087615
"_GAAGAATGTTGCGAAG-6","Glut-DACH2-7","Ex_DACH2_ADAMTS5",0.462901280896735
"_GAAGCCCCACGCGGTT-6","Glut-DACH2-5","Ex_DACH2_ADAMTS5",0.453536946896173
"_GAAGCCCCATGGAAGC-6","Glut-DACH2-7","Ex_DACH2_ADAMTS5",0.450707418143703
"_GAAGCCCGTGGATACG-6","Glut-DACH2-6","Ex_DACH2_CEMIP",0.726875905618227
"_GAAGCCCGTTCCACGG-6","Glut-DACH2-1","Ex_DACH2_GRIK4",0.377426961765305
"_GAAGCCCTCGAAGTGG-6","Glut-DACH2-7","Ex_DACH2_ADAMTS5",0.366619411865442
"_GAAGCGAAGCTCCGAC-6","Glut-DACH2-7","Ex_DACH2_GRIK4",0.358327946425743
"_GAAGCGACAGCTGAGA-6","Glut-DACH2-LMANsh","Ex_DACH2_ADAMTS5",0.463970427666837
"_GAAGGACGTACCGCGT-6","Glut-DACH2-8","Ex_DACH2_ZMAT4",0.651813895305041
"_GAAGGACGTATCGGTT-6","Glut-DACH2-5","Ex_DACH2_LHX2",0.510191788939714
"_GAAGGACGTGGTCTAT-6","Glut-DACH2-7","Ex_DACH2_GRIK4",0.31396699372347
"_GAAGGGTGTATGAGGC-6","Glut-DACH2-7","Ex_DACH2_GRIK4",0.342618762732713
"_GAAGTAAAGCGTCTCG-6","Glut-DACH2-8","Ex_DACH2_ZMAT4",0.566246807661869
"_GAAGTAAAGTCTAACC-6","Glut-DACH2-5","Ex_DACH2_LHX2",0.550455769295453
"_GAAGTAACATCATTGG-6","Glut-DACH2-1","Ex_DACH2_GRIK4",0.393576938044826
"_GAAGTAAGTAGAGATT-6","Glut-DACH2-6","Ex_DACH2_CEMIP",0.457533979545095
"_GAAGTAAGTGATACAA-6","Glut-DACH2-8","Ex_DACH2_ZMAT4",0.613503182146463
"_GAAGTAAGTTGAGAGC-6","Glut-SATB2-1","Ex_SATB2_SOX6",0.524244575565325
"_GAATAGAAGGACAGTC-6","Glut-DACH2-7","Ex_DACH2_GRIK4",0.352981697289828
"_GAATAGAGTCCCTGTT-6","Glut-DACH2-5","Ex_DACH2_LHX2",0.318333514583144
"_GAATCACCAGCATACT-6","Glut-DACH2-6","Ex_DACH2_CEMIP",0.583911569898459
"_GAATCACTCAGTGTGT-6","Glut-DACH2-7","Ex_DACH2_GRIK4",0.443529816224771
"_GAATCACTCTGCGATA-6","Glut-SATB2-1","Ex_SATB2_SOX6",0.565227852898299
"_GAATCGTAGGCGTCCT-6","Glut-DACH2-5","Ex_DACH2_ADAMTS5",0.650634861613695
"_GAATCGTGTCCCTCAT-6","Glut-DACH2-6","Ex_DACH2_CEMIP",0.606502531186178
"_GAATCGTGTTCAATCG-6","Glut-DACH2-6","Ex_DACH2_ZMAT4",0.346994306004049
"_GAATCGTTCACGGGCT-6","Glut-SATB2-1","Ex_SATB2_FOXP2",0.384854514236108
"_GAATCGTTCCGCACGA-6","Glut-DACH2-7","Ex_DACH2_GRIK4",0.44428734388649
"_GACACGCCAAGGATGC-6","Glut-DACH2-7","Ex_DACH2_ADAMTS5",0.263207313160277
"_GACACGCGTAACGTTC-6","Glut-DACH2-6","Ex_DACH2_ZMAT4",0.420792342216973
"_GACACGCGTTGCGTAT-6","Glut-DACH2-6","Ex_DACH2_CEMIP",0.381907694493594
"_GACACGCTCTACGGGC-6","Glut-DACH2-5","Ex_DACH2_ADAMTS5",0.240412055234979
"_GACAGCCAGACAGTCG-6","Glut-SATB2-1","Ex_SATB2_SOX6",0.558271371792999
"_GACAGCCGTCACCTTC-6","Glut-DACH2-7","Ex_DACH2_MGAT4C",0.283051574771165
"_GACAGCCGTCTACGTA-6","Glut-DACH2-5","Ex_DACH2_ADAMTS5",0.417950795982526
"_GACAGCCGTGGCACTC-6","Glut-DACH2-5","Ex_DACH2_LHX2",0.465167128119553
"_GACATCAAGATCCCAT-6","Glut-DACH2-6","Ex_DACH2_CEMIP",0.655259746911006
"_GACATCACAGATTCGT-6","Glut-DACH2-6","Ex_DACH2_CEMIP",0.710921238899446
"_GACATCACAGTCTGGC-6","Glut-DACH2-7","Ex_DACH2_GRIK4",0.36592358578149
"_GACCAATCACGGCCAT-6","Glut-DACH2-5","Ex_DACH2_ADAMTS5",0.417754164907852
"_GACCAATCAGCGACCT-6","Glut-DACH2-6","Ex_DACH2_CEMIP",0.680606928762786
"_GACCAATCAGGCGAAT-6","Glut-DACH2-7","Ex_DACH2_NR4A3",0.485662769901318
"_GACCAATTCATGCGGC-6","Glut-SATB2-1","Ex_SATB2_OVOA",0.338246731220652
"_GACCCAGAGGGTTTCT-6","Glut-DACH2-8","Ex_DACH2_ZMAT4",0.579243185265838
"_GACCCAGGTCGTACTA-6","Glut-DACH2-8","Ex_DACH2_ZMAT4",0.597594491295745
"_GACCCAGTCCGACAGC-6","Glut-DACH2-7","Ex_DACH2_NR4A3",0.746355486229002
"_GACCCTTAGATTGATG-6","Glut-DACH2-5","Ex_DACH2_ADAMTS5",0.318058686301086
"_GACCCTTCAAATGAAC-6","Glut-DACH2-8","Ex_DACH2_ZMAT4",0.454463887971707
"_GACCCTTGTCACCGAC-6","Glut-DACH2-8","Ex_DACH2_ZMAT4",0.658574827035257
"_GACCGTGAGCTGGCTC-6","Glut-DACH2-6","Ex_DACH2_CEMIP",0.498432930493448
"_GACCGTGTCTCTCGAC-6","Glut-DACH2-5","Ex_DACH2_ADAMTS5",0.46644527213517
"_GACCTTCTCCAATCCC-6","Glut-DACH2-2","Ex_DACH2_ADAMTS5",0.347698663263199
"_GACCTTCTCTTTCCGG-6","Glut-DACH2-8","Ex_DACH2_ZMAT4",0.529863875538025
"_GACGCTGTCATTGCGA-6","Glut-SATB2-1","Ex_SATB2_SOX6",0.486283061881759
"_GACGCTGTCCATCCGT-6","Glut-DACH2-6","Ex_DACH2_CEMIP",0.576604044834565
"_GACGTTACACCGTGCA-6","Glut-DACH2-7","Ex_DACH2_LHX2",0.570505293066353
"_GACGTTACAGGTATGG-6","Glut-DACH2-6","Ex_DACH2_ZMAT4",0.545132041080876
"_GACGTTAGTATGGAAT-6","Glut-DACH2-6","Ex_DACH2_CEMIP",0.267574096570613
"_GACGTTATCCGAGTGC-6","Glut-DACH2-6","Ex_DACH2_CEMIP",0.68471649476367
"_GACGTTATCCGATGTA-6","Glut-SATB2-1","Ex_SATB2_FOXP2",0.485154850003934
"_GACTATGTCATACGGT-6","Glut-DACH2-6","Ex_DACH2_CEMIP",0.699820448310169
"_GACTCAAAGCACCCAC-6","Glut-DACH2-5","Ex_DACH2_LHX2",0.371189001730807
"_GACTCTCAGGTGCAGT-6","Glut-DACH2-5","Ex_DACH2_LHX2",0.255573180250332
"_GACTCTCTCCGACATA-6","Glut-DACH2-LMANsh","Ex_DACH2_ADAMTS5",0.392493600743056
"_GACTCTCTCGCTGCGA-6","Glut-DACH2-7","Ex_DACH2_GRIK4",0.380398695658152
"_GACTGATCAAGTGGAC-6","Glut-DACH2-6","Ex_DACH2_CEMIP",0.509289813747666
"_GACTTCCCATTGTCGA-6","Glut-DACH2-7","Ex_DACH2_LHX2",0.416468959932923
"_GACTTCCGTACAGCGA-6","Glut-DACH2-6","Ex_DACH2_CEMIP",0.650311054395134
"_GACTTCCGTCAAAGAT-6","Glut-DACH2-7","Ex_DACH2_ADAMTS5",0.326352241135064
"_GACTTCCTCCATTTCA-6","Glut-DACH2-5","Ex_DACH2_LHX2",0.468103981760479
"_GACTTCCTCTGTGTGA-6","Glut-DACH2-7","Ex_DACH2_ADAMTS5",0.262647234347224
"_GAGAAATAGACCTTTG-6","Glut-DACH2-5","Ex_DACH2_ADAMTS5",0.329318058248473
"_GAGAAATGTGCTTATG-6","Glut-DACH2-7","Ex_DACH2_GRIK4",0.357574534037174
"_GAGACCCAGGAAAGAC-6","Glut-SATB2-1","Ex_SATB2_FOXP2",0.593439865331047
"_GAGACCCTCGAAATCC-6","Glut-DACH2-8","Ex_DACH2_ZMAT4",0.562713314741743
"_GAGACCCTCGGCTTCT-6","Glut-DACH2-5","Ex_DACH2_LHX2",0.514275609770287
"_GAGACTTAGTACCATC-6","Glut-SATB2-1","Ex_SATB2_SOX6",0.48895261976994
"_GAGACTTCAAACTAGA-6","Glut-DACH2-7","Ex_DACH2_GRIK4",0.390829967305764
"_GAGAGGTAGAAGCGGG-6","Glut-DACH2-7","Ex_DACH2_GRIK4",0.381547700947161
"_GAGAGGTAGCTAATGA-6","Glut-DACH2-5","Ex_DACH2_ADAMTS5",0.436758433707152
"_GAGAGGTTCCGGTAGC-6","Glut-DACH2-5","Ex_DACH2_ADAMTS5",0.734661180194971
"_GAGATGGAGTAACCTC-6","Glut-DACH2-5","Ex_DACH2_LHX2",0.481616705038782
"_GAGCCTGCAGAGTTGG-6","Glut-DACH2-6","Ex_DACH2_ZMAT4",0.388386504171534
"_GAGCCTGCATGTGCCG-6","Glut-DACH2-1","Ex_DACH2_GRIK4",0.258022141319628
"_GAGCCTGGTACGGTTT-6","Glut-DACH2-7","Ex_DACH2_GRIK4",0.335395051455335
"_GAGCTGCAGACATCAA-6","Glut-DACH2-7","Ex_DACH2_ADAMTS5",0.432558306234305
"_GAGCTGCCAATGCTCA-6","Glut-DACH2-7","Ex_DACH2_GRIK4",0.278554414112468
"_GAGCTGCGTGAACCGA-6","Glut-DACH2-5","Ex_DACH2_ADAMTS5",0.352400247672357
"_GAGCTGCTCAATCTCT-6","Glut-DACH2-1","Ex_DACH2_ADAMTS5",0.291390712742294
"_GAGGCAAGTAGAGACC-6","Glut-DACH2-7","Ex_DACH2_ADAMTS5",0.336127934405251
"_GAGGCAATCCTTGGAA-6","Glut-DACH2-7","Ex_DACH2_GRIK4",0.252746723808319
"_GAGGCCTAGGACTATA-6","Glut-DACH2-7","Ex_DACH2_GRIK4",0.375461621420728
"_GAGGCCTAGTCTTCGA-6","Glut-DACH2-5","Ex_DACH2_ADAMTS5",0.568293905109055
"_GAGGCCTCAGCTGTAT-6","Glut-DACH2-5","Ex_DACH2_ADAMTS5",0.482513582187668
"_GAGGCCTTCCGACAGC-6","Glut-DACH2-5","Ex_DACH2_LHX2",0.42230283782864
"_GAGGCCTTCGAGAACG-6","Glut-SATB2-1","Ex_SATB2_FOXP2",0.481667973843672
"_GAGGGATAGACGACTG-6","Glut-DACH2-6","Ex_DACH2_CEMIP",0.708504574619084
"_GAGGGATAGCTGGTGA-6","Glut-DACH2-5","Ex_DACH2_GRIK4",0.271279280290168
"_GAGGGATCAACCAATC-6","Glut-DACH2-5","Ex_DACH2_LHX2",0.272531655614297
"_GAGGGATCATACCAGT-6","Glut-DACH2-7","Ex_DACH2_NR4A3",0.292340372724878
"_GAGGGATGTCCCACGA-6","Glut-DACH2-LMANsh","Ex_DACH2_LHX2",0.525600699703221
"_GAGGGTACAAGACCTT-6","Glut-DACH2-6","Ex_DACH2_CEMIP",0.60638572765831
"_GAGGGTACACTAAACC-6","Glut-DACH2-LMANsh","Ex_DACH2_LHX2",0.467582859432058
"_GAGGGTAGTGATATAG-6","Glut-SATB2-1","Ex_SATB2_OVOA",0.35016539019071
"_GAGGGTATCAAGAATG-6","Glut-DACH2-5","Ex_DACH2_ADAMTS5",0.391633121910425
"_GAGTCATCAATCCTAG-6","Glut-DACH2-6","Ex_DACH2_CEMIP",0.460071892176591
"_GAGTCATCACGGGCTT-6","Glut-DACH2-6","Ex_DACH2_CEMIP",0.49716711726578
"_GAGTCATGTCTTGGTA-6","Glut-SATB2-1","Ex_SATB2_FOXP2",0.544487146485551
"_GAGTCTAAGGCGAACT-6","Glut-DACH2-6","Ex_DACH2_CEMIP",0.739399566811876
"_GAGTCTAAGGTACAGC-6","Glut-DACH2-5","Ex_DACH2_ADAMTS5",0.492629989892337
"_GAGTCTACAATCGTCA-6","Glut-DACH2-5","Ex_DACH2_ADAMTS5",0.287980334828812
"_GAGTGAGAGGGCATGT-6","Glut-DACH2-5","Ex_DACH2_ADAMTS5",0.333198741185123
"_GAGTGAGCAATAACCC-6","Glut-DACH2-5","Ex_DACH2_ADAMTS5",0.52255787433899
"_GAGTGAGTCTCGTGAA-6","Glut-SATB2-1","Ex_SATB2_SOX6",0.499847970393538
"_GAGTGTTAGTGAGGTC-6","Glut-DACH2-8","Ex_DACH2_ZMAT4",0.445364108250206
"_GAGTGTTCACAAGCCC-6","Glut-SATB2-1","Ex_SATB2_SOX6",0.603204492437705
"_GAGTTACCAAGCTGTT-6","Glut-DACH2-5","Ex_DACH2_LHX2",0.511774188489307
"_GAGTTACCAGCTTCCT-6","Glut-DACH2-7","Ex_DACH2_GRIK4",0.344947953165819
"_GAGTTACGTAGCCAGA-6","Glut-DACH2-8","Ex_DACH2_ZMAT4",0.449471314889542
"_GAGTTACGTTTCGACA-6","Glut-DACH2-6","Ex_DACH2_ZMAT4",0.42434929815457
"_GAGTTACTCGCCTAGG-6","Glut-DACH2-7","Ex_DACH2_GRIK4",0.333484828663742
"_GAGTTACTCTGGGCCA-6","Glut-DACH2-5","Ex_DACH2_ADAMTS5",0.400741450884025
"_GAGTTGTGTTATAGAG-6","Glut-DACH2-7","Ex_DACH2_ADAMTS5",0.382243229800898
"_GAGTTTGAGCTACTGT-6","Glut-DACH2-5","Ex_DACH2_ADAMTS5",0.299009877687401
"_GAGTTTGGTAACGGTG-6","Glut-DACH2-7","Ex_DACH2_ADAMTS5",0.355441137475501
"_GATAGAATCCTGTACC-6","Glut-DACH2-5","Ex_DACH2_LHX2",0.351068340659901
"_GATAGAATCCTTATAC-6","Glut-SATB2-1","Ex_SATB2_FOXP2",0.565363859902101
"_GATAGAATCTGTCGCT-6","Glut-DACH2-7","Ex_DACH2_GRIK4",0.397631768005344
"_GATAGCTAGACCTCAT-6","Glut-DACH2-5","Ex_DACH2_LHX2",0.267909470312043
"_GATAGCTGTGTCGATT-6","Glut-SATB2-1","Ex_SATB2_FOXP2",0.461467963792018
"_GATCACAAGTCATAGA-6","Glut-DACH2-6","Ex_DACH2_CEMIP",0.41972960574807
"_GATCACACAAGACCTT-6","Glut-DACH2-5","Ex_DACH2_LHX2",0.383539091302789
"_GATCACACAGGTGACA-6","Glut-DACH2-6","Ex_DACH2_CEMIP",0.532433466265986
"_GATCACAGTGTATTCG-6","Glut-SATB2-1","Ex_SATB2_FOXP2",0.504121073217816
"_GATCACATCCATAGAC-6","Glut-SATB2-1","Ex_SATB2_SOX6",0.446614163161251
"_GATCAGTCATTAAAGG-6","Glut-DACH2-7","Ex_DACH2_ADAMTS5",0.404302505542113
"_GATCAGTGTATGGGAC-6","Glut-DACH2-7","Ex_DACH2_ADAMTS5",0.448236920973374
"_GATCAGTGTGATTCTG-6","Glut-DACH2-6","Ex_DACH2_CEMIP",0.719683718817897
"_GATCAGTGTTCCTACC-6","Glut-SATB2-1","Ex_SATB2_SOX6",0.426204012511454
"_GATCATGAGGAGGTTC-6","Glut-DACH2-6","Ex_DACH2_ITGA9",0.252892162963166
"_GATCATGCAATTGCAC-6","Glut-DACH2-5","Ex_DACH2_NR4A3",0.35543070740021
"_GATCATGCACAACGCC-6","Glut-DACH2-5","Ex_DACH2_LHX2",0.463626117137203
"_GATCATGCATCGGAAG-6","Glut-DACH2-5","Ex_DACH2_LHX2",0.4864547209856
"_GATCATGGTGACCTGC-6","Glut-DACH2-6","Ex_DACH2_CEMIP",0.656633869280374
"_GATCATGGTTCTCCTG-6","Glut-DACH2-5","Ex_DACH2_ADAMTS5",0.460024861790887
"_GATCATGTCATCCTGC-6","Glut-DACH2-5","Ex_DACH2_ADAMTS5",0.418163780396051
"_GATCATGTCTGTAAGC-6","Glut-DACH2-5","Ex_DACH2_LHX2",0.376307941968037
"_GATCCCTGTCTAGGCC-6","Glut-DACH2-8","Ex_DACH2_CEMIP",0.40145816982507
"_GATCGTACAAGTGCTT-6","Glut-DACH2-8","Ex_DACH2_ZMAT4",0.617492178508637
"_GATCGTACATTGAAGA-6","Glut-DACH2-8","Ex_DACH2_ZMAT4",0.701881207022482
"_GATCGTAGTGCAATGG-6","Glut-DACH2-8","Ex_DACH2_ZMAT4",0.607933805512015
"_GATGACTAGCCTGAAG-6","Glut-DACH2-5","Ex_DACH2_ADAMTS5",0.488549071446558
"_GATGACTAGGCCTGCT-6","Glut-DACH2-8","Ex_DACH2_ZMAT4",0.595695224112128
"_GATGACTTCGCAACAT-6","Glut-SATB2-1","Ex_SATB2_SOX6",0.564019683177612
"_GATGAGGGTTAAACAG-6","Glut-DACH2-5","Ex_DACH2_LHX2",0.310396661092515
"_GATGATCAGCGGCTCT-6","Glut-DACH2-7","Ex_DACH2_NR4A3",0.538309513421648
"_GATGATCAGTGACCTT-6","Glut-DACH2-5","Ex_DACH2_LHX2",0.333336909596402
"_GATGCTAAGCCGGATA-6","Glut-DACH2-7","Ex_DACH2_ADAMTS5",0.456545441407095
"_GATGCTACAGGACGAT-6","Glut-DACH2-8","Ex_DACH2_ZMAT4",0.527192367219073
"_GATGTTGAGGTCATAA-6","Glut-DACH2-5","Ex_DACH2_ADAMTS5",0.292914166959279
"_GATGTTGGTTAGTCGT-6","Glut-DACH2-7","Ex_DACH2_NR4A3",0.762675318314559
"_GATGTTGTCCAAGCCG-6","Glut-DACH2-7","Ex_DACH2_GRIK4",0.341018757616772
"_GATGTTGTCCCATGGG-6","Glut-DACH2-5","Ex_DACH2_ADAMTS5",0.588514505813773
"_GATTCGAAGACCTTTG-6","Glut-DACH2-5","Ex_DACH2_ADAMTS5",0.311828833283858
"_GATTCGAGTTGCTCCT-6","Glut-DACH2-7","Ex_DACH2_ZMAT4",0.22272566299848
"_GATTCTTAGCCAACCC-6","Glut-DACH2-5","Ex_DACH2_ADAMTS5",0.248877608715127
"_GATTCTTAGTAGCCAG-6","Glut-DACH2-6","Ex_DACH2_CEMIP",0.568315006241544
"_GATTCTTCACTTCAAG-6","Glut-DACH2-7","Ex_DACH2_ADAMTS5",0.16200540017023
"_GATTCTTCATATGCGT-6","Glut-DACH2-7","Ex_DACH2_LHX2",0.513899878986944
"_GATTCTTTCCTCATAT-6","Glut-DACH2-8","Ex_DACH2_ZMAT4",0.613849837250742
"_GATTGGTAGCACTCTA-6","Glut-DACH2-7","Ex_DACH2_NR4A3",0.264503063445182
"_GATTGGTCAATGCAAA-6","Glut-DACH2-5","Ex_DACH2_LHX2",0.474728170211301
"_GATTGGTCACGTGAGA-6","Glut-DACH2-7","Ex_DACH2_LHX2",0.19604637165958
"_GATTGGTCATTGAGGG-6","Glut-DACH2-5","Ex_DACH2_LHX2",0.44964537268418
"_GATTGGTTCTTCTTCC-6","Glut-DACH2-6","Ex_DACH2_ZMAT4",0.44941633498617
"_GATTTCTAGACTTCAC-6","Glut-DACH2-5","Ex_DACH2_ADAMTS5",0.398302269927195
"_GATTTCTAGCAGATAT-6","Glut-DACH2-6","Ex_DACH2_CEMIP",0.405320815412103
"_GATTTCTAGCCGAATG-6","Glut-DACH2-6","Ex_DACH2_CEMIP",0.26919837553032
"_GATTTCTAGGTGCTTT-6","Glut-DACH2-7","Ex_DACH2_ADAMTS5",0.474682175867006
"_GATTTCTCAGCAGTAG-6","Glut-DACH2-7","Ex_DACH2_GRIK4",0.424860098557628
"_GATTTCTGTAGGTAGC-6","Glut-DACH2-8","Ex_DACH2_ZMAT4",0.527592100060616
"_GATTTCTGTGTCACAT-6","Glut-DACH2-7","Ex_DACH2_ADAMTS5",0.43721318918067
"_GATTTCTTCGCATAGT-6","Glut-SATB2-1","Ex_SATB2_SOX6",0.455406226566658
"_GCAACATAGAGCAGTC-6","Glut-DACH2-7","Ex_DACH2_ADAMTS5",0.326026758269687
"_GCAACCGAGCATCAAA-6","Glut-DACH2-5","Ex_DACH2_LHX2",0.247158163635956
"_GCACATAAGTAACCTC-6","Glut-DACH2-LMANsh","Ex_DACH2_LHX2",0.365801450238092
"_GCACATATCCTACTGC-6","Glut-DACH2-5","Ex_DACH2_GRIK4",0.347299616054978
"_GCACATATCTTGGTGA-6","Glut-DACH2-8","Ex_DACH2_ZMAT4",0.619019694382908
"_GCACGGTCACTTGAGT-6","Glut-DACH2-7","Ex_DACH2_ADAMTS5",0.360232184589391
"_GCACGGTGTGTCATGT-6","Glut-DACH2-6","Ex_DACH2_CEMIP",0.667595873582165
"_GCACGGTTCGCTAAAC-6","Glut-SATB2-1","Ex_SATB2_SOX6",0.488730792280938
"_GCACGTGAGTCGGCCT-6","Glut-DACH2-6","Ex_DACH2_ZMAT4",0.395868796613821
"_GCACTAATCCCTCGAT-6","Glut-DACH2-6","Ex_DACH2_ZMAT4",0.514417296574144
"_GCAGCCACAAACAGGC-6","Glut-DACH2-7","Ex_DACH2_GRIK4",0.451049056535146
"_GCAGCCACACTCGATA-6","Glut-DACH2-6","Ex_DACH2_ZMAT4",0.477238158558833
"_GCAGCCACAGATACCT-6","Glut-DACH2-7","Ex_DACH2_ADAMTS5",0.261839463886818
"_GCAGCCAGTTACGTAC-6","Glut-SATB2-1","Ex_SATB2_SOX6",0.47838915247388
"_GCAGCTGGTAGCTGAG-6","Glut-DACH2-7","Ex_DACH2_ADAMTS5",0.350156679984461
"_GCAGCTGTCACCCTTG-6","Glut-SATB2-1","Ex_SATB2_FOXP2",0.556206007082376
"_GCAGGCTAGTTGTAGA-6","Glut-DACH2-7","Ex_DACH2_LHX2",0.307229274121497
"_GCAGGCTTCATCACAG-6","Glut-DACH2-8","Ex_DACH2_ZMAT4",0.276340412643756
"_GCAGGCTTCCCTCTTT-6","Glut-DACH2-5","Ex_DACH2_GRIK4",0.267677643399475
"_GCAGTTACACTATCCC-6","Glut-DACH2-6","Ex_DACH2_CEMIP",0.73888867443683
"_GCAGTTATCGTAGGAG-6","Glut-DACH2-LMANco","Ex_DACH2_ZMAT4",0.401022698413412
"_GCAGTTATCTTACGGA-6","Glut-DACH2-1","Ex_DACH2_GRIK4",0.442430071896741
"_GCATCGGCATTGCCTC-6","Glut-SATB2-1","Ex_SATB2_SOX6",0.554858235740919
"_GCATCGGTCGCTGACG-6","Glut-DACH2-5","Ex_DACH2_ADAMTS5",0.405681699954392
"_GCATCGGTCTTGGTCC-6","Glut-DACH2-5","Ex_DACH2_LHX2",0.554098406225082
"_GCATCTCGTAGCTCGC-6","Glut-SATB2-1","Ex_DACH2_GRIK4",0.314122363946349
"_GCATCTCGTTTCTATC-6","Glut-DACH2-1","Ex_DACH2_GRIK4",0.456889167413651
"_GCATCTCTCGTCGCTT-6","Glut-DACH2-5","Ex_DACH2_LHX2",0.46229648537113
"_GCATCTCTCTTCTGTA-6","Glut-SATB2-1","Ex_SATB2_SOX6",0.513850523187907
"_GCATGATGTAGACGGT-6","Glut-DACH2-6","Ex_DACH2_CEMIP",0.735671643626732
"_GCATGATTCGTAGCCG-6","Glut-DACH2-8","Ex_DACH2_ZMAT4",0.53744289414828
"_GCATTAGAGATGTTCC-6","Glut-DACH2-5","Ex_DACH2_GRIK4",0.279188425327707
"_GCATTAGCAAGTGGAC-6","Glut-DACH2-8","Ex_DACH2_ZMAT4",0.623826105721203
"_GCATTAGGTATGAGAT-6","Glut-DACH2-6","Ex_DACH2_CEMIP",0.400182340863063
"_GCCAACGAGCTCCATA-6","Glut-DACH2-6","Ex_DACH2_ZMAT4",0.526622956106185
"_GCCAACGCATACCAGT-6","Glut-DACH2-5","Ex_DACH2_NR4A3",0.673651109430525
"_GCCAACGGTCTACACA-6","Glut-DACH2-7","Ex_DACH2_LHX2",0.281137641195608
"_GCCAGCAAGACATAGT-6","Glut-DACH2-6","Ex_DACH2_CEMIP",0.530856384481305
"_GCCAGCACAAGTAGTA-6","Glut-DACH2-5","Ex_DACH2_ADAMTS5",0.497974163462175
"_GCCAGCAGTCTTTATC-6","Glut-DACH2-7","Ex_DACH2_GRIK4",0.463040213864401
"_GCCAGCAGTTCGAACT-6","Glut-DACH2-7","Ex_DACH2_GRIK4",0.473875042028788
"_GCCAGCATCATTGCCC-6","Glut-DACH2-8","Ex_DACH2_CEMIP",0.339139195625408
"_GCCAGGTAGTATGCAA-6","Glut-SATB2-1","Ex_SATB2_SOX6",0.521698623281891
"_GCCAGGTGTGTTGCCG-6","Glut-DACH2-7","Ex_DACH2_ADAMTS5",0.372995858692707
"_GCCAGTGAGTGTAGTA-6","Glut-DACH2-7","Ex_DACH2_ADAMTS5",0.391800407022253
"_GCCAGTGCAACAAGAT-6","Glut-DACH2-5","Ex_DACH2_ADAMTS5",0.435173579264854
"_GCCAGTGGTAGCACAG-6","Glut-DACH2-7","Ex_DACH2_ZMAT4",0.315884153666373
"_GCCAGTGTCCGTGTCT-6","Glut-DACH2-5","Ex_DACH2_LHX2",0.519004075497194
"_GCCAGTGTCCTCTAGC-6","Glut-DACH2-5","Ex_DACH2_LHX2",0.484785633262645
"_GCCATGGCACTGGCGT-6","Glut-DACH2-5","Ex_DACH2_LHX2",0.541046942173795
"_GCCATGGTCACCATAG-6","Glut-SATB2-1","Ex_SATB2_SOX6",0.490967184239916
"_GCCATTCAGCATGTTC-6","Glut-DACH2-8","Ex_DACH2_ZMAT4",0.55805321602514
"_GCCATTCCATGCAGCC-6","Glut-DACH2-7","Ex_DACH2_LHX2",0.363829059936334
"_GCCATTCGTCGGTGTC-6","Glut-DACH2-7","Ex_DACH2_GRIK4",0.359358520619527
"_GCCATTCGTGCACATT-6","Glut-DACH2-8","Ex_DACH2_ZMAT4",0.525465690928629
"_GCCATTCTCAAACCTG-6","Glut-DACH2-7","Ex_DACH2_CEMIP",0.275788290005104
"_GCCATTCTCGTAGCTA-6","Glut-DACH2-6","Ex_DACH2_CEMIP",0.344435356473356
"_GCCCAGAAGAACGCGT-6","Glut-DACH2-7","Ex_DACH2_GRIK4",0.32813048866351
"_GCCCAGATCGCAACAT-6","Glut-DACH2-6","Ex_DACH2_ZMAT4",0.43207431176804
"_GCCCGAAAGCACCTGC-6","Glut-DACH2-5","Ex_DACH2_LHX2",0.280351711582478
"_GCCCGAAAGGATCACG-6","Glut-DACH2-6","Ex_DACH2_CEMIP",0.551290438468388
"_GCCCGAAGTTAAGGGC-6","Glut-DACH2-7","Ex_DACH2_GRIK4",0.172878237979915
"_GCCCGAAGTTTGCAGT-6","Glut-DACH2-5","Ex_DACH2_LHX2",0.525304493070389
"_GCCGATGAGCATTGAA-6","Glut-DACH2-8","Ex_DACH2_CEMIP",0.717639550345109
"_GCCGATGCACATGAAA-6","Glut-DACH2-5","Ex_DACH2_LHX2",0.465289156831625
"_GCCGATGGTACGTAGG-6","Glut-DACH2-7","Ex_DACH2_ADAMTS5",0.35015121598312
"_GCCGTGACACTGTGAT-6","Glut-DACH2-7","Ex_DACH2_GRIK4",0.393195607206837
"_GCCGTGACATTCTTCA-6","Glut-DACH2-LMANsh","Ex_DACH2_LHX2",0.403347789316167
"_GCCGTGAGTCTTTCTA-6","Glut-DACH2-7","Ex_DACH2_ADAMTS5",0.40058394300885
"_GCCGTGATCCGGCAAC-6","Glut-DACH2-8","Ex_DACH2_ZMAT4",0.620245645756237
"_GCCGTGATCGCTGACG-6","Glut-SATB2-1","Ex_SATB2_SOX6",0.415109251477095
"_GCCGTGATCGTTAGTG-6","Glut-DACH2-6","Ex_DACH2_CEMIP",0.639389889485976
"_GCCTGTTCAGTCCGTG-6","Glut-DACH2-5","Ex_DACH2_ADAMTS5",0.606652143221421
"_GCGAGAAGTCATGACT-6","Glut-DACH2-7","Ex_DACH2_GRIK4",0.440832977387645
"_GCGAGAATCGTTGTTT-6","Glut-DACH2-7","Ex_DACH2_GRIK4",0.352241059049734
"_GCGAGAATCTTGGTCC-6","Glut-DACH2-8","Ex_DACH2_ZMAT4",0.405361934842876
"_GCGGAAAAGTCATGGG-6","Glut-DACH2-7","Ex_DACH2_GRIK4",0.377730813887487
"_GCGGAAACAAGTGGCA-6","Glut-DACH2-6","Ex_DACH2_CEMIP",0.365912248620233
"_GCGGAAACATGGCTAT-6","Glut-DACH2-7","Ex_DACH2_GRIK4",0.452111640584078
"_GCGGAAAGTCGTTCAA-6","Glut-DACH2-6","Ex_DACH2_CEMIP",0.419175245046753
"_GCGGAAAGTGGCTACC-6","Glut-DACH2-7","Ex_DACH2_ADAMTS5",0.418468097685494
"_GCGGAAAGTTAGAAGT-6","Glut-DACH2-7","Ex_DACH2_GRIK4",0.437290293947749
"_GCGGAAATCCACCTCA-6","Glut-DACH2-6","Ex_DACH2_CEMIP",0.734398217012579
"_GCGGATCAGCAGGTCA-6","Glut-DACH2-7","Ex_DACH2_GRIK4",0.437047022284827
"_GCGGATCAGCATCAGG-6","Glut-DACH2-6","Ex_DACH2_ZMAT4",0.448209014563767
"_GCGGATCGTCAGGTGA-6","Glut-DACH2-6","Ex_DACH2_CEMIP",0.41444722386286
"_GCGGATCGTTGGGTTT-6","Glut-SATB2-1","Ex_SATB2_FOXP2",0.512299708392322
"_GCGGATCTCAAATGAG-6","Glut-DACH2-5","Ex_DACH2_LHX2",0.454783544260394
"_GCGTGCACAAGCTACT-6","Glut-DACH2-7","Ex_DACH2_ADAMTS5",0.345703616963153
"_GCGTGCATCAACGCTA-6","Glut-DACH2-7","Ex_DACH2_LHX2",0.459880926302984
"_GCGTGCATCACCTGTC-6","Glut-DACH2-7","Ex_DACH2_GRIK4",0.389926684914491
"_GCGTGCATCACGATCA-6","Glut-DACH2-8","Ex_DACH2_ZMAT4",0.525756879590409
"_GCGTGCATCCGGGACT-6","Glut-DACH2-5","Ex_DACH2_GRIK4",0.377337731625645
"_GCGTTTCAGGCTATCT-6","Glut-DACH2-7","Ex_DACH2_ADAMTS5",0.500668638595513
"_GCGTTTCGTTATGTGC-6","Glut-DACH2-5","Ex_DACH2_LHX2",0.428395230533751
"_GCTACAATCGCCAGAC-6","Glut-DACH2-8","Ex_DACH2_ZMAT4",0.614092023804727
"_GCTACCTAGTAAATGC-6","Glut-DACH2-5","Ex_DACH2_ADAMTS5",0.334103204807574
"_GCTACCTCAACAGCTT-6","Glut-DACH2-6","Ex_DACH2_CEMIP",0.330262701346648
"_GCTACCTCACGTATAC-6","Glut-DACH2-6","Ex_DACH2_CEMIP",0.359233220101942
"_GCTACCTGTAATACCC-6","Glut-DACH2-5","Ex_DACH2_ADAMTS5",0.379060088759935
"_GCTACCTGTGTTGAGG-6","Glut-DACH2-1","Ex_DACH2_GRIK4",0.359500013548361
"_GCTACCTTCACCGGGT-6","Glut-DACH2-7","Ex_DACH2_ADAMTS5",0.370840382352765
"_GCTCAAATCAAGTTGC-6","Glut-DACH2-5","Ex_DACH2_ADAMTS5",0.341917744913194
"_GCTCAAATCCATCTAT-6","Glut-DACH2-5","Ex_DACH2_ADAMTS5",0.399448864024551
"_GCTGAATAGTCGGCCT-6","Glut-DACH2-8","Ex_DACH2_ZMAT4",0.551455784955268
"_GCTGAATCAGGCACTC-6","Glut-DACH2-6","Ex_DACH2_ZMAT4",0.432026034241323
"_GCTGAATGTCTAGATC-6","Glut-DACH2-5","Ex_DACH2_ADAMTS5",0.562248803410863
"_GCTGAATGTGTCATCA-6","Glut-DACH2-5","Ex_DACH2_ADAMTS5",0.480712135020457
"_GCTGAATGTTGCCGCA-6","Glut-DACH2-5","Ex_DACH2_LHX2",0.531989669573589
"_GCTGCAGCAAAGCACG-6","Glut-DACH2-6","Ex_DACH2_CEMIP",0.449432211629105
"_GCTGCAGCAAGGTTGG-6","Glut-DACH2-6","Ex_DACH2_CEMIP",0.65194678598818
"_GCTGCAGCAGCGTTGC-6","Glut-DACH2-5","Ex_DACH2_ADAMTS5",0.455523373794707
"_GCTGCAGGTGGCACTC-6","Glut-DACH2-6","Ex_DACH2_ITGA9",0.29640630964799
"_GCTGGGTGTGGTCTAT-6","Glut-DACH2-8","Ex_DACH2_ZMAT4",0.563356677907907
"_GCTGGGTTCATGTCTT-6","Glut-SATB2-1","Ex_SATB2_SOX6",0.495870307617996
"_GCTTCACAGGACATCG-6","Glut-DACH2-6","Ex_DACH2_CEMIP",0.740698856331962
"_GCTTCACCAAGGTACG-6","Glut-DACH2-6","Ex_DACH2_CEMIP",0.338990055180411
"_GCTTCACCATGGGATG-6","Glut-SATB2-1","Ex_SATB2_SOX6",0.325154964585127
"_GCTTGGGAGGGCCTCT-6","Glut-DACH2-6","Ex_DACH2_ZMAT4",0.392778838162445
"_GCTTGGGCAAATACGA-6","Glut-DACH2-8","Ex_DACH2_ZMAT4",0.559794144546752
"_GCTTGGGCACTACGGC-6","Glut-DACH2-7","Ex_DACH2_GRIK4",0.424239242354571
"_GCTTGGGCATAACCCA-6","Glut-DACH2-5","Ex_DACH2_LHX2",0.504263482686175
"_GCTTTCGGTAGAATGT-6","Glut-DACH2-7","Ex_DACH2_NR4A3",0.338083987173682
"_GCTTTCGGTCAACCTA-6","Glut-DACH2-6","Ex_DACH2_CEMIP",0.655040984224404
"_GCTTTCGGTGTGTCGC-6","Glut-DACH2-7","Ex_DACH2_GRIK4",0.324843128839923
"_GCTTTCGTCCGAGTGC-6","Glut-DACH2-7","Ex_DACH2_NR4A3",0.246458748079681
"_GGAACCCCACAACGTT-6","Glut-DACH2-7","Ex_DACH2_LHX2",0.338676714795438
"_GGAACCCCACCTGAAT-6","Glut-DACH2-6","Ex_DACH2_CEMIP",0.328377149075374
"_GGAACCCGTTTCTATC-6","Glut-DACH2-8","Ex_DACH2_ZMAT4",0.645986096291151
"_GGAAGTGAGACGCAGT-6","Glut-DACH2-5","Ex_DACH2_ADAMTS5",0.473364964049383
"_GGAAGTGCATAACTCG-6","Glut-DACH2-8","Ex_DACH2_ZMAT4",0.63174697507292
"_GGAAGTGGTTATAGCC-6","Glut-DACH2-6","Ex_DACH2_CEMIP",0.400926005388242
"_GGAAGTGTCCCGAGAC-6","Glut-DACH2-7","Ex_DACH2_GRIK4",0.418929555610591
"_GGAATCTGTGGAAATT-6","Glut-DACH2-7","Ex_DACH2_ADAMTS5",0.427862900570552
"_GGAATCTTCAAGCTTG-6","Glut-DACH2-7","Ex_DACH2_GRIK4",0.355538895152233
"_GGAATCTTCTGCCTGT-6","Glut-DACH2-7","Ex_DACH2_NR4A3",0.668273635452879
"_GGAATGGCAGTTCTAG-6","Glut-DACH2-6","Ex_DACH2_CEMIP",0.353591060385055
"_GGACGTCAGTCCCAGC-6","Glut-DACH2-5","Ex_DACH2_ADAMTS5",0.319928806678938
"_GGACGTCGTCCCTGAG-6","Glut-DACH2-5","Ex_DACH2_ADAMTS5",0.249931136960259
"_GGACGTCTCCGAACGC-6","Glut-DACH2-5","Ex_DACH2_ADAMTS5",0.281897153568146
"_GGACGTCTCCGTGTGG-6","Glut-DACH2-7","Ex_DACH2_ADAMTS5",0.350971063554037
"_GGACGTCTCTGAGAGG-6","Glut-DACH2-5","Ex_DACH2_LHX2",0.546300504312419
"_GGAGAACGTCACCCTT-6","Glut-SATB2-1","Ex_SATB2_ZNF385B",0.741355286543042
"_GGAGAACTCCGCTAGG-6","Glut-DACH2-5","Ex_DACH2_LHX2",0.431267197267246
"_GGAGAACTCGTTTACT-6","Glut-DACH2-6","Ex_DACH2_CEMIP",0.288155469147584
"_GGAGATGCACTTGAGT-6","Glut-DACH2-8","Ex_DACH2_ZMAT4",0.672795555657892
"_GGAGATGGTCGCACGT-6","Glut-DACH2-7","Ex_DACH2_ADAMTS5",0.353408621844337
"_GGAGATGTCGACCAAT-6","Glut-DACH2-5","Ex_DACH2_ADAMTS5",0.51650515057132
"_GGAGCAAGTCATAAAG-6","Glut-DACH2-5","Ex_DACH2_ADAMTS5",0.474986445416017
"_GGAGCAAGTGGCGCTT-6","Glut-DACH2-8","Ex_DACH2_ZMAT4",0.61775222774611
"_GGAGCAAGTGGTTTAC-6","Glut-SATB2-1","Ex_SATB2_FOXP2",0.527284546784654
"_GGAGCAAGTTGTTGAC-6","Glut-DACH2-5","Ex_DACH2_LHX2",0.294024171335522
"_GGAGCAATCCCTTGGT-6","Glut-DACH2-7","Ex_DACH2_LHX2",0.438062563727259
"_GGAGGATAGATCCGAG-6","Glut-DACH2-7","Ex_DACH2_GRIK4",0.524562200417487
"_GGAGGATAGTGCTCAT-6","Glut-DACH2-7","Ex_DACH2_ADAMTS5",0.323252646344404
"_GGAGGATGTCATCGCG-6","Glut-DACH2-5","Ex_DACH2_ADAMTS5",0.512212734018091
"_GGAGGTAAGGTAAGTT-6","Glut-DACH2-7","Ex_DACH2_ADAMTS5",0.211025614305308
"_GGAGGTACAGCTATTG-6","Glut-DACH2-5","Ex_DACH2_ADAMTS5",0.573470396329679
"_GGAGGTATCTCATTTG-6","Glut-DACH2-7","Ex_DACH2_MGAT4C",0.318288986661661
"_GGATCTAAGACTCTTG-6","Glut-DACH2-5","Ex_DACH2_LHX2",0.569719897323934
"_GGATCTAAGCCTAGGA-6","Glut-DACH2-6","Ex_DACH2_CEMIP",0.613765068112217
"_GGATCTACATGTGCTA-6","Glut-DACH2-5","Ex_DACH2_LHX2",0.503675330397762
"_GGATCTATCGATACAC-6","Glut-DACH2-6","Ex_DACH2_CEMIP",0.539121285052469
"_GGATGTTAGAGGTTAT-6","Glut-DACH2-8","Ex_DACH2_ZMAT4",0.632968950298593
"_GGATGTTAGCTGGCCT-6","Glut-DACH2-6","Ex_DACH2_CEMIP",0.620950909617492
"_GGATGTTCACCGTGGT-6","Glut-DACH2-7","Ex_DACH2_ADAMTS5",0.384174085496199
"_GGATGTTCACCTAAAC-6","Glut-DACH2-7","Ex_DACH2_GRIK4",0.434858276417978
"_GGCACGTCAAGGGCAT-6","Glut-DACH2-7","Ex_DACH2_GRIK4",0.271793523382676
"_GGCACGTTCGTGGGTC-6","Glut-DACH2-7","Ex_DACH2_GRIK4",0.381740553820679
"_GGCAGTCAGGTTACAA-6","Glut-DACH2-7","Ex_DACH2_ADAMTS5",0.371794841732355
"_GGCAGTCCACGGCTAC-6","Glut-DACH2-7","Ex_DACH2_GRIK4",0.334033557171978
"_GGCAGTCCATACATCG-6","Glut-DACH2-7","Ex_DACH2_ADAMTS5",0.317644548044771
"_GGCGTCATCCTTGACC-6","Glut-DACH2-8","Ex_DACH2_ZMAT4",0.722406742007704
"_GGCGTCATCGAGATGG-6","Glut-DACH2-7","Ex_DACH2_ADAMTS5",0.343871888703713
"_GGCTTGGCAACACGTT-6","Glut-DACH2-7","Ex_DACH2_GRIK4",0.508753282297433
"_GGCTTGGCACGGCACT-6","Glut-DACH2-7","Ex_DACH2_ADAMTS5",0.400152495745698
"_GGCTTGGGTACAACGG-6","Glut-DACH2-8","Ex_DACH2_ZMAT4",0.659064337196008
"_GGCTTGGGTGCTAGCC-6","Glut-DACH2-7","Ex_DACH2_ADAMTS5",0.446955049054934
"_GGCTTGGGTGGCTACC-6","Glut-DACH2-7","Ex_DACH2_GRIK4",0.32014599524118
"_GGCTTTCAGCCAAGTG-6","Glut-DACH2-5","Ex_DACH2_ADAMTS5",0.467899250134069
"_GGCTTTCCAATACCTG-6","Glut-DACH2-7","Ex_DACH2_GRIK4",0.401761331488907
"_GGCTTTCCACGACGTC-6","Glut-DACH2-8","Ex_DACH2_ZMAT4",0.556390947970039
"_GGCTTTCCACGCTTAA-6","Glut-DACH2-LMANsh","Ex_DACH2_LHX2",0.334070907582607
"_GGCTTTCGTGTGACCC-6","Glut-DACH2-8","Ex_DACH2_ZMAT4",0.589960983056333
"_GGGAAGTAGACTTGTC-6","Glut-DACH2-5","Ex_DACH2_ADAMTS5",0.375812704815579
"_GGGAAGTTCATAGCAC-6","Glut-DACH2-7","Ex_DACH2_GRIK4",0.313041451939466
"_GGGACAAGTAACACCT-6","Glut-DACH2-8","Ex_DACH2_ZMAT4",0.583478079522507
"_GGGACAAGTGCCTACG-6","Glut-DACH2-6","Ex_DACH2_CEMIP",0.399828851403804
"_GGGACAATCTGTAAGC-6","Glut-DACH2-5","Ex_DACH2_ADAMTS5",0.344222319007912
"_GGGACCTAGCATCCTA-6","Glut-SATB2-1","Ex_SATB2_SOX6",0.559435100043699
"_GGGACCTTCTAGTACG-6","Glut-DACH2-5","Ex_DACH2_LHX2",0.355867773473295
"_GGGACTCAGAACTGAT-6","Glut-DACH2-5","Ex_DACH2_LHX2",0.511026737465141
"_GGGAGATAGCCAAGCA-6","Glut-DACH2-7","Ex_DACH2_GRIK4",0.390723724685566
"_GGGAGATAGCTATCCA-6","Glut-DACH2-6","Ex_DACH2_CEMIP",0.405778987828338
"_GGGAGATGTGGGCTTC-6","Glut-DACH2-6","Ex_DACH2_CEMIP",0.553833995737006
"_GGGAGATTCACACGAT-6","Glut-DACH2-6","Ex_DACH2_CEMIP",0.258587749102212
"_GGGAGTACAACAGTGG-6","Glut-DACH2-5","Ex_DACH2_LHX2",0.329405507307284
"_GGGAGTACACATATGC-6","Glut-DACH2-8","Ex_DACH2_ZMAT4",0.603483075605776
"_GGGAGTAGTGGATCAG-6","Glut-DACH2-7","Ex_DACH2_ADAMTS5",0.333856171913863
"_GGGAGTATCACCCTTG-6","Glut-DACH2-8","Ex_DACH2_ZMAT4",0.636482114464418
"_GGGATCCGTCGAGTTT-6","Glut-DACH2-2","Ex_DACH2_GRIK4",0.332945119664156
"_GGGATCCGTGTCCCTT-6","Glut-DACH2-6","Ex_DACH2_CEMIP",0.616199387123912
"_GGGATGACACTGATTG-6","Glut-DACH2-8","Ex_DACH2_ZMAT4",0.512349180221701
"_GGGATGACACTGTTCC-6","Glut-DACH2-8","Ex_DACH2_ZMAT4",0.62005676253335
"_GGGCCATCACAGGATG-6","Glut-DACH2-1","Ex_DACH2_ADAMTS5",0.311039218998674
"_GGGCCATGTTACCTTT-6","Glut-DACH2-7","Ex_DACH2_GRIK4",0.30443852502323
"_GGGCGTTAGCAAGTCG-6","Glut-DACH2-8","Ex_DACH2_ZMAT4",0.655779129907427
"_GGGCGTTGTCGCGGTT-6","Glut-DACH2-6","Ex_DACH2_CEMIP",0.695847717510915
"_GGGCGTTTCAGTGTGT-6","Glut-DACH2-5","Ex_DACH2_ADAMTS5",0.477543876683608
"_GGGCTACCATCCAATG-6","Glut-DACH2-6","Ex_DACH2_CEMIP",0.638095947120988
"_GGGCTCAAGCACCAGA-6","Glut-DACH2-5","Ex_DACH2_ADAMTS5",0.42321123675886
"_GGGCTCACAGCGGTCT-6","Glut-DACH2-5","Ex_DACH2_ADAMTS5",0.355320074742427
"_GGGCTCAGTCAAACGG-6","Glut-DACH2-6","Ex_DACH2_CEMIP",0.595856314033078
"_GGGTAGACATGACTAC-6","Glut-SATB2-1","Ex_SATB2_ZNF385B",0.683808834622113
"_GGGTAGATCACTGGTA-6","Glut-DACH2-5","Ex_DACH2_GRIK4",0.279682468659231
"_GGGTATTAGGTTTGAA-6","Glut-DACH2-6","Ex_DACH2_CEMIP",0.676564479227379
"_GGGTATTCAGACGATG-6","Glut-DACH2-7","Ex_DACH2_CEMIP",0.222378412963398
"_GGGTATTGTCCTACAA-6","Glut-DACH2-5","Ex_DACH2_ADAMTS5",0.435842781457174
"_GGGTATTTCACCCTCA-6","Glut-DACH2-5","Ex_DACH2_ADAMTS5",0.348563626092272
"_GGGTCACAGTCATCGT-6","Glut-DACH2-7","Ex_DACH2_GRIK4",0.392551117613811
"_GGGTCACTCGGCATCG-6","Glut-SATB2-1","Ex_SATB2_FOXP2",0.44604784872886
"_GGGTCTGAGCTGGCTC-6","Glut-DACH2-8","Ex_DACH2_ZMAT4",0.467920831949291
"_GGGTCTGCATTCCTAT-6","Glut-DACH2-8","Ex_DACH2_ZMAT4",0.55954556185841
"_GGGTGAACAGCACAGA-6","Glut-DACH2-5","Ex_DACH2_ADAMTS5",0.293393626496297
"_GGGTGAATCCGCACTT-6","Glut-SATB2-1","Ex_SATB2_SOX6",0.537390603005571
"_GGGTGTCTCAAGAAAC-6","Glut-DACH2-7","Ex_DACH2_NR4A3",0.583927782060243
"_GGGTGTCTCCGGTAGC-6","Glut-DACH2-8","Ex_DACH2_ZMAT4",0.472159133754644
"_GGGTTATAGAAGAGCA-6","Glut-DACH2-8","Ex_DACH2_ZMAT4",0.591106637008084
"_GGGTTATGTCGTATTG-6","Glut-DACH2-6","Ex_DACH2_ZMAT4",0.383511821125532
"_GGGTTATGTCTGTAGT-6","Glut-DACH2-6","Ex_DACH2_CEMIP",0.661660460213652
"_GGGTTATTCAGGAAAT-6","Glut-DACH2-6","Ex_DACH2_CEMIP",0.746536279559256
"_GGGTTATTCGAATGCT-6","Glut-DACH2-7","Ex_DACH2_GRIK4",0.320275529537096
"_GGGTTTAAGAACGCGT-6","Glut-DACH2-6","Ex_DACH2_ZMAT4",0.45671422067059
"_GGGTTTAAGGTTGGTG-6","Glut-DACH2-5","Ex_DACH2_LHX2",0.525082431172384
"_GGGTTTAAGTAGAATC-6","Glut-DACH2-7","Ex_DACH2_NR4A3",0.651771939498376
"_GGGTTTACAATGCAAA-6","Glut-DACH2-7","Ex_DACH2_ADAMTS5",0.33670143884017
"_GGGTTTACAGTAACAA-6","Glut-DACH2-8","Ex_DACH2_ZMAT4",0.53584256092356
"_GGGTTTAGTAGGAAAG-6","Glut-DACH2-6","Ex_DACH2_ZMAT4",0.425993994456305
"_GGTAACTGTGGATACG-6","Glut-DACH2-6","Ex_DACH2_ZMAT4",0.396150135380079
"_GGTAACTGTTGTGCAT-6","Glut-DACH2-5","Ex_DACH2_ADAMTS5",0.374642955422525
"_GGTAACTTCGCCACTT-6","Glut-DACH2-5","Ex_DACH2_LHX2",0.506905767291575
"_GGTAATCAGACCTTTG-6","Glut-DACH2-6","Ex_DACH2_CEMIP",0.64562143828298
"_GGTAATCAGCAGGTCA-6","Glut-DACH2-6","Ex_DACH2_CEMIP",0.657263413359997
"_GGTAATCGTAACGCGA-6","Glut-DACH2-7","Ex_DACH2_GRIK4",0.512425271909506
"_GGTAATCGTACTAACC-6","Glut-DACH2-5","Ex_DACH2_ADAMTS5",0.405347012090612
"_GGTAATCTCAATGTCG-6","Glut-DACH2-1","Ex_DACH2_GRIK4",0.245098741873654
"_GGTAATCTCCAAGCTA-6","Glut-DACH2-8","Ex_DACH2_ZMAT4",0.556388928882358
"_GGTAATCTCCCATTCG-6","Glut-DACH2-7","Ex_DACH2_ADAMTS5",0.470043843654908
"_GGTAGAGCATGGAGAC-6","Glut-DACH2-6","Ex_DACH2_CEMIP",0.389826294965796
"_GGTCACGAGGTAGACC-6","Glut-DACH2-5","Ex_DACH2_ADAMTS5",0.27388369092881
"_GGTCACGGTCTAACTG-6","Glut-DACH2-7","Ex_DACH2_NR4A3",0.634716528773666
"_GGTCTGGAGTAAAGCT-6","Glut-DACH2-1","Ex_DACH2_ADAMTS5",0.386495533055174
"_GGTCTGGTCGCGGTAC-6","Glut-DACH2-7","Ex_DACH2_GRIK4",0.397678647964927
"_GGTCTGGTCGCTCTCA-6","Glut-DACH2-7","Ex_DACH2_ADAMTS5",0.259866901465449
"_GGTGAAGAGAGTCAAT-6","Glut-DACH2-6","Ex_DACH2_CEMIP",0.623323795458119
"_GGTGAAGAGTCACGCC-6","Glut-DACH2-6","Ex_DACH2_CEMIP",0.708630484905791
"_GGTGAAGCACCGGTCA-6","Glut-DACH2-5","Ex_DACH2_LHX2",0.513543305957539
"_GGTGATTAGGCTTAGG-6","Glut-DACH2-5","Ex_DACH2_ADAMTS5",0.471019071130043
"_GGTGATTAGTTGGAAT-6","Glut-DACH2-7","Ex_DACH2_ADAMTS5",0.459328706120929
"_GGTGATTCATCTGTTT-6","Glut-DACH2-7","Ex_DACH2_NR4A3",0.767488149101381
"_GGTGATTGTCTACGTA-6","Glut-DACH2-8","Ex_DACH2_CEMIP",0.381931455331815
"_GGTGATTTCATGCTAG-6","Glut-DACH2-1","Ex_DACH2_LHX2",0.288478186480665
"_GGTGGCTAGCCATGCC-6","Glut-DACH2-5","Ex_DACH2_LHX2",0.312360969640464
"_GGTGGCTCACACCGAC-6","Glut-SATB2-1","Ex_SATB2_SOX6",0.595425863665339
"_GGTGGCTGTGGGTCAA-6","Glut-SATB2-1","Ex_SATB2_ZNF385B",0.746127364772269
"_GGTGGCTTCGACGCTG-6","Glut-SATB2-1","Ex_SATB2_SOX6",0.481075716885871
"_GGTGTCGAGGTTGTTC-6","Glut-DACH2-LMANsh","Ex_DACH2_LHX2",0.47758556513091
"_GGTGTCGCACGTCTCT-6","Glut-DACH2-6","Ex_DACH2_CEMIP",0.471393858524112
"_GGTGTCGCAGCGAACA-6","Glut-DACH2-8","Ex_DACH2_ZMAT4",0.586619977105334
"_GGTGTCGGTCGTCATA-6","Glut-DACH2-6","Ex_DACH2_CEMIP",0.461391460078614
"_GGTGTCGTCATTGCCC-6","Glut-DACH2-6","Ex_DACH2_CEMIP",0.306001540265675
"_GGTGTTAAGCAGCCTC-6","Glut-DACH2-6","Ex_DACH2_CEMIP",0.682323365075328
"_GGTGTTATCGAGATGG-6","Glut-SATB2-1","Ex_SATB2_FOXP2",0.560528320892218
"_GGTGTTATCGTAGGAG-6","Glut-DACH2-5","Ex_DACH2_NR4A3",0.419712387971781
"_GGTTAACAGCCTCATA-6","Glut-DACH2-7","Ex_DACH2_ADAMTS5",0.184313347412407
"_GGTTAACCATTGGATC-6","Glut-SATB2-1","Ex_SATB2_SOX6",0.446767375596234
"_GGTTAACTCTACGCGG-6","Glut-DACH2-7","Ex_DACH2_LHX2",0.420959400356824
"_GGTTAACTCTCTCCGA-6","Glut-SATB2-1","Ex_SATB2_FOXP2",0.488492313931801
"_GGTTCTCAGGTGCTGA-6","Glut-DACH2-6","Ex_DACH2_CEMIP",0.368104821128661
"_GGTTCTCCACTTCAGA-6","Glut-DACH2-5","Ex_DACH2_ADAMTS5",0.606274815447745
"_GGTTCTCCAGGCTACC-6","Glut-DACH2-6","Ex_DACH2_CEMIP",0.41374113184346
"_GGTTCTCCATAGCACT-6","Glut-DACH2-5","Ex_DACH2_ADAMTS5",0.427322030510453
"_GGTTCTCGTTAGTCGT-6","Glut-DACH2-5","Ex_DACH2_LHX2",0.478627447367886
"_GGTTCTCTCTGAGGTT-6","Glut-DACH2-6","Ex_DACH2_CEMIP",0.378799713512895
"_GTAACACAGACGATAT-6","Glut-DACH2-6","Ex_DACH2_ZMAT4",0.32772086108416
"_GTAACCAAGGTAAAGG-6","Glut-DACH2-5","Ex_DACH2_GRIK4",0.321839145870121
"_GTAACCAAGTAGGTTA-6","Glut-DACH2-6","Ex_DACH2_CEMIP",0.364276126633177
"_GTAACCACAACAGATA-6","Glut-DACH2-7","Ex_DACH2_GRIK4",0.37785675025377
"_GTAACCAGTATCCTTT-6","Glut-DACH2-5","Ex_DACH2_LHX2",0.371704590551674
"_GTAACCAGTGTGTACT-6","Glut-DACH2-8","Ex_DACH2_CEMIP",0.29948151230881
"_GTAAGTCGTGCTTCAA-6","Glut-DACH2-1","Ex_DACH2_GRIK4",0.345489291174199
"_GTAATCGCACAAGTGG-6","Glut-SATB2-1","Ex_SATB2_SOX6",0.501309146959474
"_GTAATCGCAGATTTCG-6","Glut-DACH2-6","Ex_DACH2_CEMIP",0.470493795285384
"_GTAATCGGTGAGGATC-6","Glut-DACH2-5","Ex_DACH2_LHX2",0.503947410610668
"_GTAATCGTCAAACGTC-6","Glut-DACH2-6","Ex_DACH2_CEMIP",0.475145118443474
"_GTAATCGTCCCTCTCC-6","Glut-DACH2-7","Ex_DACH2_LHX2",0.398957458942264
"_GTAATCGTCCTTCTTC-6","Glut-DACH2-8","Ex_DACH2_ZMAT4",0.610446937248795
"_GTAATCGTCTGGCTGG-6","Glut-DACH2-5","Ex_DACH2_ADAMTS5",0.423622944722827
"_GTAATGCAGATTAGAC-6","Glut-DACH2-7","Ex_DACH2_GRIK4",0.487326700709216
"_GTAATGCGTAGCTTAC-6","Glut-DACH2-6","Ex_DACH2_ZMAT4",0.459012003107507
"_GTACAACAGGGTGGGA-6","Glut-DACH2-5","Ex_DACH2_LHX2",0.35218738529746
"_GTACAACCACTGAGGA-6","Glut-DACH2-6","Ex_DACH2_CEMIP",0.411114679346839
"_GTACAACCAGTAACAA-6","Glut-DACH2-6","Ex_DACH2_CEMIP",0.728796140018322
"_GTACAGTCATGTGTCA-6","Glut-DACH2-6","Ex_DACH2_CEMIP",0.598335323632136
"_GTACAGTGTGGTTTGT-6","Glut-DACH2-7","Ex_DACH2_ADAMTS5",0.291785563147474
"_GTACAGTGTTACCTTT-6","Glut-DACH2-7","Ex_DACH2_ADAMTS5",0.486249148604698
"_GTAGAAAAGTAATTGG-6","Glut-DACH2-5","Ex_DACH2_ADAMTS5",0.443882887726215
"_GTAGAAACAACAGAGC-6","Glut-DACH2-7","Ex_DACH2_GRIK4",0.46227506248144
"_GTAGAAAGTACTAAGA-6","Glut-DACH2-6","Ex_DACH2_CEMIP",0.701800073487291
"_GTAGAGGAGACCTGGA-6","Glut-DACH2-8","Ex_DACH2_ZMAT4",0.506431905635554
"_GTAGAGGCAAAGAGTT-6","Glut-DACH2-7","Ex_DACH2_GRIK4",0.255123331506067
"_GTAGAGGGTTCAAGGG-6","Glut-DACH2-7","Ex_DACH2_GRIK4",0.44691165659669
"_GTAGAGGTCAGGGTAG-6","Glut-DACH2-LMANco","Ex_DACH2_ZMAT4",0.363916849371553
"_GTAGATCAGATCGGTG-6","Glut-DACH2-6","Ex_DACH2_CEMIP",0.466573108290778
"_GTAGATCCATTCCTAT-6","Glut-DACH2-6","Ex_DACH2_CEMIP",0.708318505484674
"_GTAGATCGTGGAATGC-6","Glut-DACH2-8","Ex_DACH2_ZMAT4",0.640986091288099
"_GTAGATCGTTTGGAAA-6","Glut-DACH2-6","Ex_DACH2_CEMIP",0.313079954678945
"_GTAGCTACAAGTCCAT-6","Glut-SATB2-1","Ex_SATB2_FOXP2",0.388843958820139
"_GTAGCTAGTGTTCAGT-6","Glut-DACH2-5","Ex_DACH2_ADAMTS5",0.533120960041972
"_GTAGCTATCCCGAGAC-6","Glut-DACH2-6","Ex_DACH2_ZMAT4",0.388282931167904
"_GTAGCTATCTGGACCG-6","Glut-SATB2-1","Ex_SATB2_ZNF385B",0.683601165764783
"_GTAGGAGGTCAACACT-6","Glut-DACH2-6","Ex_DACH2_CEMIP",0.376069780580251
"_GTAGGAGGTGTGAGCA-6","Glut-DACH2-8","Ex_DACH2_ZMAT4",0.374644374340193
"_GTAGGTTGTTGGGCCT-6","Glut-DACH2-7","Ex_DACH2_GRIK4",0.346163760714152
"_GTAGGTTTCCCATACC-6","Glut-DACH2-6","Ex_DACH2_CEMIP",0.738077346164108
"_GTAGTACAGACCGCCT-6","Glut-DACH2-7","Ex_DACH2_GRIK4",0.345496842663632
"_GTAGTACCAAAGAGTT-6","Glut-DACH2-8","Ex_DACH2_ZMAT4",0.507704561157352
"_GTATTGGAGATAGCAT-6","Glut-DACH2-8","Ex_DACH2_ZMAT4",0.607071026911441
"_GTATTGGCAGCCGGTT-6","Glut-SATB2-1","Ex_SATB2_FOXP2",0.476323064823638
"_GTATTGGGTGGGAGAG-6","Glut-DACH2-7","Ex_DACH2_ADAMTS5",0.345732422652082
"_GTATTGGGTGTTTCTT-6","Glut-DACH2-5","Ex_DACH2_ADAMTS5",0.251390669344853
"_GTATTGGGTTAGGCTT-6","Glut-DACH2-6","Ex_DACH2_CEMIP",0.548440890048071
"_GTATTGGTCATAGGCT-6","Glut-DACH2-6","Ex_DACH2_ZMAT4",0.465794575536592
"_GTATTTCCAGCCTATA-6","Glut-SATB2-1","Ex_SATB2_SOX6",0.477526848798872
"_GTCAAACCAGACAAGC-6","Glut-DACH2-5","Ex_DACH2_ADAMTS5",0.285281489758342
"_GTCAAACTCCTGATAG-6","Glut-SATB2-1","Ex_SATB2_FOXP2",0.426011699868637
"_GTCAAGTAGTAGAGTT-6","Glut-DACH2-6","Ex_DACH2_CEMIP",0.652102140344184
"_GTCAAGTGTTGGACTT-6","Glut-DACH2-6","Ex_DACH2_CEMIP",0.671652000396631
"_GTCACGGCAAATGGTA-6","Glut-DACH2-5","Ex_DACH2_ADAMTS5",0.386904531911867
"_GTCACGGCACTTACAG-6","Glut-DACH2-7","Ex_DACH2_ADAMTS5",0.329915418218321
"_GTCACGGGTCTAACTG-6","Glut-SATB2-1","Ex_SATB2_FOXP2",0.586887113419632
"_GTCACTCCAAGTATCC-6","Glut-DACH2-5","Ex_DACH2_LHX2",0.350684294966627
"_GTCACTCCAATTCACG-6","Glut-DACH2-8","Ex_DACH2_ZMAT4",0.566990983046342
"_GTCAGCGAGATGAATC-6","Glut-DACH2-1","Ex_DACH2_GRIK4",0.326946506372964
"_GTCAGCGCACTGAGGA-6","Glut-DACH2-6","Ex_DACH2_CEMIP",0.38891770886813
"_GTCAGCGGTAGGTAGC-6","Glut-DACH2-7","Ex_DACH2_GRIK4",0.349196680541053
"_GTCATCCAGAGAAGGT-6","Glut-DACH2-7","Ex_DACH2_MGAT4C",0.317548957498934
"_GTCATCCAGTCAGCGA-6","Glut-DACH2-6","Ex_DACH2_CEMIP",0.618269361095739
"_GTCATCCTCTACCCAC-6","Glut-DACH2-5","Ex_DACH2_ADAMTS5",0.321041109327684
"_GTCATGACAGATCCTA-6","Glut-DACH2-6","Ex_DACH2_CEMIP",0.538295151169257
"_GTCATGAGTACGCTTA-6","Glut-DACH2-7","Ex_DACH2_GRIK4",0.474782278046003
"_GTCATGATCAACCGAT-6","Glut-DACH2-5","Ex_DACH2_LHX2",0.3845773938052
"_GTCATGATCGTAGAGG-6","Glut-DACH2-6","Ex_DACH2_CEMIP",0.563802291930068
"_GTCATTTGTAACTGCT-6","Glut-DACH2-7","Ex_DACH2_ADAMTS5",0.535453548188978
"_GTCATTTGTACAAGCG-6","Glut-DACH2-5","Ex_DACH2_LHX2",0.57879366724746
"_GTCATTTGTTTACCTT-6","Glut-DACH2-8","Ex_DACH2_ZMAT4",0.553852117515574
"_GTCATTTTCGGCATAT-6","Glut-SATB2-1","Ex_SATB2_SOX6",0.264399312588684
"_GTCATTTTCTCCTGTG-6","Glut-DACH2-7","Ex_DACH2_ADAMTS5",0.413772503467403
"_GTCCACTAGACCAGAC-6","Glut-DACH2-7","Ex_DACH2_ADAMTS5",0.402944862825786
"_GTCCACTTCATCACTT-6","Glut-DACH2-LMANsh","Ex_DACH2_ADAMTS5",0.300072928273084
"_GTCCCATAGTCTTCGA-6","Glut-DACH2-5","Ex_DACH2_ADAMTS5",0.464235866630237
"_GTCCCATCAAACGAGC-6","Glut-DACH2-5","Ex_DACH2_ADAMTS5",0.341771576872197
"_GTCCCATGTATCTCTT-6","Glut-DACH2-5","Ex_DACH2_LHX2",0.54953681888965
"_GTCCTCAAGAGGCGGA-6","Glut-DACH2-7","Ex_DACH2_GRIK4",0.219383669503903
"_GTCCTCACACTCCGGA-6","Glut-SATB2-1","Ex_SATB2_SOX6",0.474742512989802
"_GTCCTCAGTCATCCGG-6","Glut-DACH2-8","Ex_DACH2_ZMAT4",0.491505558043658
"_GTCGAATCATGCAGCC-6","Glut-DACH2-7","Ex_DACH2_GRIK4",0.398390440268376
"_GTCGAATGTAGATGTA-6","Glut-DACH2-7","Ex_DACH2_LHX2",0.537703902228412
"_GTCGAATGTATCTCTT-6","Glut-DACH2-6","Ex_DACH2_CEMIP",0.62032240586754
"_GTCGAATTCGTAATGC-6","Glut-SATB2-1","Ex_SATB2_SOX6",0.500169001507382
"_GTCGCGACATAACTCG-6","Glut-DACH2-5","Ex_DACH2_LHX2",0.522978048204049
"_GTCGCGATCACCTTGC-6","Glut-DACH2-5","Ex_DACH2_LHX2",0.550535141343231
"_GTCGCGATCAGTGCGC-6","Glut-DACH2-7","Ex_DACH2_LHX2",0.32541430183108
"_GTCGCGATCCGGCAAC-6","Glut-SATB2-1","Ex_SATB2_ZNF385B",0.672142431328545
"_GTCGCGATCCTTATGT-6","Glut-DACH2-6","Ex_DACH2_CEMIP",0.735227660253401
"_GTCGTAAAGAGTCACG-6","Glut-DACH2-8","Ex_DACH2_ZMAT4",0.668124973614116
"_GTCGTAACATAATGAG-6","Glut-DACH2-7","Ex_DACH2_LHX2",0.450187119731064
"_GTCGTAATCGGTCGGT-6","Glut-DACH2-7","Ex_DACH2_GRIK4",0.315626746521202
"_GTCTACCAGCAAATGT-6","Glut-DACH2-7","Ex_DACH2_GRIK4",0.384569572747418
"_GTCTACCCAACGACTT-6","Glut-DACH2-5","Ex_DACH2_ADAMTS5",0.288233067226801
"_GTCTACCCACTAAACC-6","Glut-SATB2-1","Ex_SATB2_SOX6",0.455135893861666
"_GTCTACCTCCTACTGC-6","Glut-DACH2-7","Ex_DACH2_ADAMTS5",0.435867825995922
"_GTCTAGAAGCAAGCCA-6","Glut-DACH2-7","Ex_DACH2_ADAMTS5",0.368259464626966
"_GTCTAGACATGGAATA-6","Glut-DACH2-7","Ex_DACH2_ADAMTS5",0.324517819555851
"_GTCTAGATCACCTCGT-6","Glut-DACH2-6","Ex_DACH2_CEMIP",0.525424258319393
"_GTCTAGATCTCATAGG-6","Glut-DACH2-7","Ex_DACH2_ADAMTS5",0.311759734021294
"_GTCTCACAGGTGCTGA-6","Glut-DACH2-7","Ex_DACH2_GRIK4",0.33803339910478
"_GTCTGTCCAGGACATG-6","Glut-DACH2-5","Ex_DACH2_ADAMTS5",0.287709206077282
"_GTCTGTCCAGTATGAA-6","Glut-DACH2-7","Ex_DACH2_GRIK4",0.301605341341253
"_GTCTGTCCATCCTTCG-6","Glut-DACH2-7","Ex_DACH2_GRIK4",0.369056342463334
"_GTCTGTCGTCGAACAG-6","Glut-DACH2-8","Ex_DACH2_ZMAT4",0.592393216278316
"_GTCTTTAGTCCTGAAT-6","Glut-DACH2-7","Ex_DACH2_NR4A3",0.594976104428993
"_GTGACGCAGAAGAACG-6","Glut-DACH2-5","Ex_DACH2_ADAMTS5",0.462611897784757
"_GTGACGCAGCCGCTTG-6","Glut-DACH2-5","Ex_DACH2_ADAMTS5",0.403738534971512
"_GTGACGCAGGGTATAT-6","Glut-DACH2-8","Ex_DACH2_ZMAT4",0.674332440819689
"_GTGACGCCAAGTCCAT-6","Glut-DACH2-7","Ex_DACH2_GRIK4",0.376511485482302
"_GTGACGCCAGACGCTC-6","Glut-DACH2-6","Ex_DACH2_CEMIP",0.429628721878849
"_GTGACGCGTCCTGTTC-6","Glut-DACH2-5","Ex_DACH2_LHX2",0.523962272859921
"_GTGACGCTCGCTAATG-6","Glut-DACH2-6","Ex_DACH2_CEMIP",0.390588562892268
"_GTGAGCCCAGTAGATA-6","Glut-DACH2-5","Ex_DACH2_LHX2",0.476268925605212
"_GTGAGCCTCACTCACC-6","Glut-SATB2-1","Ex_SATB2_ZNF385B",0.700705087801401
"_GTGAGCCTCGAATGCT-6","Glut-DACH2-8","Ex_DACH2_ZMAT4",0.630669675296701
"_GTGAGCCTCGTTGTTT-6","Glut-DACH2-7","Ex_DACH2_GRIK4",0.518210572120794
"_GTGAGCCTCTCCACTG-6","Glut-DACH2-8","Ex_DACH2_ZMAT4",0.586546923814694
"_GTGAGTTCAAAGACGC-6","Glut-DACH2-8","Ex_DACH2_ZMAT4",0.515959060241094
"_GTGAGTTTCGTTCAGA-6","Glut-DACH2-8","Ex_DACH2_ZMAT4",0.622589896472047
"_GTGATGTAGCGTGAAC-6","Glut-DACH2-6","Ex_DACH2_CEMIP",0.638006477556299
"_GTGATGTGTCGTGCCA-6","Glut-SATB2-1","Ex_SATB2_SOX6",0.594169979829214
"_GTGATGTTCCACTTTA-6","Glut-DACH2-5","Ex_DACH2_LHX2",0.369542359417337
"_GTGCACGAGCACTGGA-6","Glut-DACH2-7","Ex_DACH2_GRIK4",0.437582543020622
"_GTGCACGAGCCTTGAT-6","Glut-DACH2-8","Ex_DACH2_ZMAT4",0.54631638018017
"_GTGCACGCATGGGAAC-6","Glut-DACH2-7","Ex_DACH2_ADAMTS5",0.361925746345693
"_GTGCACGGTGTCATCA-6","Glut-DACH2-5","Ex_DACH2_NR4A3",0.306305590898509
"_GTGCACGGTGTGAGCA-6","Glut-DACH2-5","Ex_DACH2_GRIK4",0.330415708363984
"_GTGCACGTCATCCCGT-6","Glut-DACH2-7","Ex_DACH2_GRIK4",0.294152438366447
"_GTGCACGTCGAGTCTA-6","Glut-DACH2-6","Ex_DACH2_CEMIP",0.51317669502159
"_GTGCACGTCGATCCAA-6","Glut-DACH2-6","Ex_DACH2_CEMIP",0.384518341417477
"_GTGCACGTCGCCTCTA-6","Glut-DACH2-7","Ex_DACH2_GRIK4",0.410617513821235
"_GTGCACGTCTTCCAGC-6","Glut-DACH2-7","Ex_DACH2_ADAMTS5",0.390530572221324
"_GTGCAGCAGCGCCTCA-6","Glut-DACH2-5","Ex_DACH2_LHX2",0.518956430471032
"_GTGCAGCCAAGTCCCG-6","Glut-SATB2-1","Ex_SATB2_SOX6",0.560835318501204
"_GTGCAGCCACCTCAGG-6","Glut-DACH2-6","Ex_DACH2_CEMIP",0.246179831372706
"_GTGCAGCGTAGCTTAC-6","Glut-DACH2-5","Ex_DACH2_ADAMTS5",0.369722723891745
"_GTGCGTGAGCAAATCA-6","Glut-DACH2-1","Ex_DACH2_ADAMTS5",0.36793234243708
"_GTGCGTGGTTGGGTAG-6","Glut-DACH2-6","Ex_DACH2_CEMIP",0.503026826360886
"_GTGCTGGAGACATCCT-6","Glut-SATB2-1","Ex_SATB2_FOXP2",0.602511980756132
"_GTGCTGGAGATGACCG-6","Glut-DACH2-7","Ex_DACH2_GRIK4",0.388358465328774
"_GTGCTGGTCTAGAGCT-6","Glut-DACH2-6","Ex_DACH2_CEMIP",0.507249777994232
"_GTGCTTCAGTCGAGGT-6","Glut-DACH2-7","Ex_DACH2_GRIK4",0.409593115479776
"_GTGCTTCAGTTAGTAG-6","Glut-DACH2-8","Ex_DACH2_ZMAT4",0.575780526238861
"_GTGCTTCGTAGACGTG-6","Glut-DACH2-6","Ex_DACH2_CEMIP",0.61003799184852
"_GTGCTTCGTGTACATC-6","Glut-SATB2-1","Ex_SATB2_SOX6",0.449190512368798
"_GTGCTTCTCACCTCAC-6","Glut-DACH2-3","Ex_DACH2_SLIT2",0.366900677432724
"_GTGCTTCTCCACGTAA-6","Glut-DACH2-6","Ex_DACH2_ZMAT4",0.244178572199459
"_GTGGAAGCAAAGGTTA-6","Glut-DACH2-8","Ex_DACH2_ZMAT4",0.431350644742137
"_GTGGAAGGTTAGAAAC-6","Glut-DACH2-7","Ex_DACH2_ZMAT4",0.229732192344128
"_GTGGAGACAGACGGAT-6","Glut-SATB2-1","Ex_SATB2_ZNF385B",0.66666755561266
"_GTGGAGACATGAGTAA-6","Glut-DACH2-7","Ex_DACH2_GRIK4",0.38487788991246
"_GTGGAGATCGAGAAGC-6","Glut-DACH2-6","Ex_DACH2_CEMIP",0.656962845369579
"_GTGGCGTAGACTCTAC-6","Glut-DACH2-8","Ex_DACH2_ZMAT4",0.633435303420221
"_GTGGCGTGTCATCAGT-6","Glut-DACH2-7","Ex_DACH2_LHX2",0.414097117320172
"_GTGGCGTGTTGTTTGG-6","Glut-DACH2-5","Ex_DACH2_LHX2",0.423938336480781
"_GTGGCGTTCGGAGTAG-6","Glut-DACH2-5","Ex_DACH2_ADAMTS5",0.259778794018329
"_GTGGGAAAGTCATCGT-6","Glut-DACH2-6","Ex_DACH2_CEMIP",0.267651579250812
"_GTGGGAAGTCCTCCAT-6","Glut-DACH2-5","Ex_DACH2_LHX2",0.524644760389403
"_GTGGGAAGTGTTAGCT-6","Glut-DACH2-5","Ex_DACH2_LHX2",0.270558657837991
"_GTGGTTAAGTCCCAAT-6","Glut-DACH2-8","Ex_DACH2_ZMAT4",0.457145869687069
"_GTGGTTAGTGGATACG-6","Glut-SATB2-1","Ex_SATB2_SOX6",0.302016506617095
"_GTGTAACAGCTAGAAT-6","Glut-DACH2-5","Ex_DACH2_LHX2",0.44993747908804
"_GTGTAACAGTCCCAGC-6","Glut-DACH2-7","Ex_DACH2_GRIK4",0.327107726646908
"_GTGTAACTCATCTATC-6","Glut-DACH2-5","Ex_DACH2_ADAMTS5",0.549014789890254
"_GTGTAACTCGGACTTA-6","Glut-DACH2-7","Ex_DACH2_GRIK4",0.491774198450748
"_GTGTCCTCACGTCGGT-6","Glut-DACH2-6","Ex_DACH2_CEMIP",0.532446448568906
"_GTGTCCTTCGCGTAGC-6","Glut-DACH2-6","Ex_DACH2_ZMAT4",0.281731141522484
"_GTGTCCTTCGGTCATA-6","Glut-DACH2-7","Ex_DACH2_GRIK4",0.322534719715474
"_GTGTGATAGCTGTTAC-6","Glut-DACH2-6","Ex_DACH2_CEMIP",0.744161784712205
"_GTGTGATCACTGATTG-6","Glut-DACH2-7","Ex_DACH2_LHX2",0.478661632900271
"_GTGTGATTCACCTACC-6","Glut-DACH2-8","Ex_DACH2_ZMAT4",0.65989219064894
"_GTGTGATTCTGCCCTA-6","Glut-DACH2-5","Ex_DACH2_ADAMTS5",0.501401429089574
"_GTGTGGCAGCAAACAT-6","Glut-DACH2-6","Ex_DACH2_CEMIP",0.34159378016186
"_GTGTGGCCAACGGCCT-6","Glut-DACH2-8","Ex_DACH2_ZMAT4",0.612878287690655
"_GTGTGGCCAGTTCTAG-6","Glut-DACH2-5","Ex_DACH2_LHX2",0.353650869373501
"_GTGTGGCGTTCATCTT-6","Glut-DACH2-8","Ex_DACH2_ZMAT4",0.622968845712272
"_GTGTGGCGTTTACACG-6","Glut-DACH2-6","Ex_DACH2_CEMIP",0.494333814022441
"_GTGTGGCTCTGGCCGA-6","Glut-SATB2-1","Ex_SATB2_SOX6",0.438946211750086
"_GTGTTAGTCCCATAAG-6","Glut-DACH2-7","Ex_DACH2_LHX2",0.390036878687978
"_GTGTTAGTCTACTCAT-6","Glut-DACH2-6","Ex_DACH2_CEMIP",0.333004804210383
"_GTGTTCCTCTCGACGG-6","Glut-DACH2-5","Ex_DACH2_LHX2",0.505459438940226
"_GTTACAGGTCTGTGCG-6","Glut-DACH2-8","Ex_DACH2_ZMAT4",0.585835571233496
"_GTTACAGGTTGGACCC-6","Glut-DACH2-7","Ex_DACH2_GRIK4",0.412223651536088
"_GTTACCCTCCGTGTAA-6","Glut-DACH2-6","Ex_DACH2_CEMIP",0.617320201514904
"_GTTACGACAGCCATTA-6","Glut-DACH2-5","Ex_DACH2_ADAMTS5",0.357536274484129
"_GTTACGAGTTCCGCGA-6","Glut-DACH2-6","Ex_DACH2_CEMIP",0.249797110021738
"_GTTACGATCGAACCAT-6","Glut-SATB2-1","Ex_SATB2_FOXP2",0.392810153873742
"_GTTACGATCTCTGAGA-6","Glut-DACH2-5","Ex_DACH2_ADAMTS5",0.358895947122183
"_GTTAGACGTAGGTCAG-6","Glut-DACH2-7","Ex_DACH2_CEMIP",0.262674170573471
"_GTTAGTGAGCGCCTAC-6","Glut-DACH2-5","Ex_DACH2_ADAMTS5",0.523775417535803
"_GTTAGTGAGCGTCAGA-6","Glut-SATB2-1","Ex_SATB2_SOX6",0.469118102778647
"_GTTAGTGAGGTTGGTG-6","Glut-SATB2-1","Ex_SATB2_ZNF385B",0.700643251731413
"_GTTAGTGCAAGACGAC-6","Glut-DACH2-6","Ex_DACH2_ZMAT4",0.387039924869962
"_GTTAGTGCACACGCCA-6","Glut-DACH2-5","Ex_DACH2_ADAMTS5",0.319884166728496
"_GTTATGGAGTCCCTAA-6","Glut-DACH2-7","Ex_DACH2_ADAMTS5",0.362160715696956
"_GTTATGGAGTGATGGC-6","Glut-DACH2-7","Ex_DACH2_GRIK4",0.357483877589342
"_GTTATGGTCCACGTAA-6","Glut-DACH2-6","Ex_DACH2_CEMIP",0.631724821670958
"_GTTATGGTCTCGTGAA-6","Glut-DACH2-6","Ex_DACH2_ZMAT4",0.457603488167947
"_GTTATGGTCTGCTTTA-6","Glut-DACH2-7","Ex_DACH2_GRIK4",0.46859648177486
"_GTTCATTAGAACAGGA-6","Glut-DACH2-6","Ex_DACH2_CEMIP",0.329512795544387
"_GTTCATTAGCCAAGTG-6","Glut-DACH2-5","Ex_DACH2_ADAMTS5",0.294658996722325
"_GTTCATTTCCACGTCT-6","Glut-DACH2-8","Ex_DACH2_ZMAT4",0.56134824414232
"_GTTCCGTAGCAGGTCA-6","Glut-DACH2-8","Ex_DACH2_ZMAT4",0.585696370925748
"_GTTCCGTGTCGACTTA-6","Glut-DACH2-7","Ex_DACH2_GRIK4",0.439990769814831
"_GTTCCGTGTCTGTGCG-6","Glut-SATB2-1","Ex_SATB2_FOXP2",0.615244110274536
"_GTTCGCTCATAGAGGC-6","Glut-DACH2-6","Ex_DACH2_CEMIP",0.35802279482921
"_GTTCGCTGTCGTCATA-6","Glut-DACH2-6","Ex_DACH2_CEMIP",0.628690573206595
"_GTTCGCTGTTGAGTCT-6","Glut-DACH2-6","Ex_DACH2_CEMIP",0.283615774515024
"_GTTCTATGTGAGTGAC-6","Glut-DACH2-7","Ex_DACH2_ADAMTS5",0.483517008078033
"_GTTCTATTCTCTATGT-6","Glut-DACH2-6","Ex_DACH2_ZMAT4",0.441218005438097
"_GTTGAACTCAACCTTT-6","Glut-DACH2-7","Ex_DACH2_ADAMTS5",0.349955165372041
"_GTTGAACTCCGTGGTG-6","Glut-DACH2-5","Ex_DACH2_LHX2",0.34770951109064
"_GTTGAACTCGGTGAAG-6","Glut-DACH2-6","Ex_DACH2_CEMIP",0.323308723702353
"_GTTGCGGAGGTGCATG-6","Glut-SATB2-1","Ex_SATB2_SOX6",0.456716705607292
"_GTTGCGGAGTAACGAT-6","Glut-DACH2-5","Ex_DACH2_GRIK4",0.254081782894297
"_GTTGCGGCACCCTAGG-6","Glut-DACH2-7","Ex_DACH2_ADAMTS5",0.34122877708238
"_GTTGCGGCAGAGGCAT-6","Glut-DACH2-5","Ex_DACH2_ADAMTS5",0.357979807366295
"_GTTGCGGCAGGTACGA-6","Glut-DACH2-8","Ex_DACH2_ZMAT4",0.635241129522685
"_GTTGCGGGTATAGCTC-6","Glut-SATB2-1","Ex_DACH2_GRIK4",0.253190593638465
"_GTTGCGGGTTCCTAGA-6","Glut-DACH2-5","Ex_DACH2_ADAMTS5",0.345067148149597
"_GTTGCTCAGCACCGTC-6","Glut-DACH2-5","Ex_DACH2_ADAMTS5",0.519757258265553
"_GTTGCTCCAATTGGTC-6","Glut-DACH2-8","Ex_DACH2_ZMAT4",0.497030435481532
"_GTTGCTCGTTTGTTCT-6","Glut-SATB2-1","Ex_SATB2_OVOA",0.364144974725163
"_GTTGCTCTCTGTGCAA-6","Glut-DACH2-8","Ex_DACH2_ZMAT4",0.529373430852341
"_GTTGTAGAGCAACTTC-6","Glut-DACH2-5","Ex_DACH2_LHX2",0.420717556935745
"_GTTGTAGGTTTCACAG-6","Glut-DACH2-7","Ex_DACH2_GRIK4",0.600256018219033
"_GTTGTAGTCACATCAG-6","Glut-DACH2-8","Ex_DACH2_ZMAT4",0.596521733170335
"_GTTGTCCAGCTACTAC-6","Glut-SATB2-1","Ex_SATB2_SOX6",0.504224642774149
"_GTTGTCCAGCTGCCAC-6","Glut-DACH2-8","Ex_DACH2_ZMAT4",0.633852827259212
"_GTTGTCCCAGGATTCT-6","Glut-DACH2-6","Ex_DACH2_CEMIP",0.45010577562465
"_GTTGTCCTCTATTCGT-6","Glut-DACH2-7","Ex_DACH2_GRIK4",0.477486255437508
"_GTTGTGACAACAGTGG-6","Glut-DACH2-7","Ex_DACH2_GRIK4",0.342629059117334
"_GTTTACTAGTAAACGT-6","Glut-SATB2-1","Ex_SATB2_SOX6",0.5591158305158
"_GTTTACTCATTGAAGA-6","Glut-DACH2-8","Ex_DACH2_ZMAT4",0.630066683655207
"_GTTTACTTCCTTCGAC-6","Glut-DACH2-1","Ex_DACH2_ADAMTS5",0.244970137370875
"_GTTTGGACACCGAATT-6","Glut-DACH2-7","Ex_DACH2_GRIK4",0.467908509948861
"_TAACACGAGCGATCGA-6","Glut-DACH2-6","Ex_DACH2_CEMIP",0.530360310136071
"_TAACACGCATGCAGGA-6","Glut-SATB2-1","Ex_SATB2_FOXP2",0.488089035463796
"_TAACCAGCACCATATG-6","Glut-DACH2-5","Ex_DACH2_LHX2",0.545734838655513
"_TAACCAGCAGGCATGA-6","Glut-DACH2-5","Ex_DACH2_LHX2",0.312377087010353
"_TAACCAGGTTGTATGC-6","Glut-DACH2-5","Ex_DACH2_LHX2",0.532895146058454
"_TAACGACAGTGAGTTA-6","Glut-DACH2-7","Ex_DACH2_LHX2",0.390921927470097
"_TAACTTCAGAATCGCG-6","Glut-DACH2-6","Ex_DACH2_CEMIP",0.353745546022882
"_TAACTTCCAACGGGTA-6","Glut-SATB2-1","Ex_SATB2_FOXP2",0.551540156820587
"_TAAGCACAGATGCAGC-6","Glut-DACH2-7","Ex_DACH2_NR4A3",0.450989782649346
"_TAAGCACAGTGAGCCA-6","Glut-DACH2-5","Ex_DACH2_ADAMTS5",0.496166608057975
"_TAAGCACGTACTGCCG-6","Glut-SATB2-1","Ex_SATB2_FOXP2",0.437664985219515
"_TAAGCACTCTCGTTTA-6","Glut-DACH2-7","Ex_DACH2_ADAMTS5",0.320731297169463
"_TAAGCCACACGCTATA-6","Glut-DACH2-5","Ex_DACH2_LHX2",0.377352887021453
"_TAAGCCATCCTTGGAA-6","Glut-DACH2-5","Ex_DACH2_LHX2",0.470795196377711
"_TAAGCGTCAATCTAGC-6","Glut-DACH2-7","Ex_DACH2_NR4A3",0.597392529292423
"_TAAGTCGAGAAAGTCT-6","Glut-DACH2-5","Ex_DACH2_ADAMTS5",0.53871110552715
"_TAAGTCGAGGATAATC-6","Glut-DACH2-5","Ex_DACH2_LHX2",0.260481315566206
"_TAAGTCGCAAGCAGGT-6","Glut-DACH2-6","Ex_DACH2_CEMIP",0.306389459457777
"_TAAGTCGCACCGTCGA-6","Glut-DACH2-7","Ex_DACH2_ADAMTS5",0.247407917027182
"_TAAGTCGCATCAGCGC-6","Glut-DACH2-5","Ex_DACH2_LHX2",0.322858464841453
"_TAATCTCGTTCCCAAA-6","Glut-DACH2-6","Ex_DACH2_CEMIP",0.602383773722992
"_TAATCTCTCACCATGA-6","Glut-DACH2-7","Ex_DACH2_GRIK4",0.28365525679604
"_TAATCTCTCAGATGCT-6","Glut-DACH2-5","Ex_DACH2_LHX2",0.483468983475536
"_TAATTCCCATCTCATT-6","Glut-DACH2-8","Ex_DACH2_ZMAT4",0.664816092390898
"_TACAACGAGTTGTCGT-6","Glut-DACH2-8","Ex_DACH2_ZMAT4",0.763155277399066
"_TACAACGCACGCGTGT-6","Glut-DACH2-LMANco","Ex_DACH2_ZMAT4",0.503222170818187
"_TACACCCAGTGACCTT-6","Glut-DACH2-5","Ex_DACH2_LHX2",0.526547832737647
"_TACACCCGTGATGTAA-6","Glut-DACH2-LMANsh","Ex_DACH2_LHX2",0.435761826571361
"_TACACCCGTGGGACAT-6","Glut-DACH2-8","Ex_DACH2_ZMAT4",0.655639055371883
"_TACACCCTCCCAATAG-6","Glut-DACH2-7","Ex_DACH2_GRIK4",0.307978199424991
"_TACAGGTAGAACTCCT-6","Glut-DACH2-5","Ex_DACH2_ADAMTS5",0.291504301379436
"_TACAGGTAGACGGATC-6","Glut-DACH2-6","Ex_DACH2_ZMAT4",0.26957101470277
"_TACAGGTCACGACGAA-6","Glut-DACH2-8","Ex_DACH2_CEMIP",0.378961130750704
"_TACAGGTCATGGCTGC-6","Glut-DACH2-7","Ex_DACH2_ADAMTS5",0.319115725464464
"_TACAGGTTCAACTCTT-6","Glut-DACH2-LMANsh","Ex_DACH2_LHX2",0.435181422269154
"_TACATTCAGGCTATCT-6","Glut-DACH2-7","Ex_DACH2_GRIK4",0.587333198911831
"_TACATTCAGGGTAGCT-6","Glut-DACH2-1","Ex_DACH2_GRIK4",0.215762069099156
"_TACATTCAGTACGAGC-6","Glut-DACH2-5","Ex_DACH2_LHX2",0.316684393061678
"_TACATTCGTGAGCTCC-6","Glut-DACH2-5","Ex_DACH2_ADAMTS5",0.321802613790421
"_TACATTCTCCATTCGC-6","Glut-DACH2-7","Ex_DACH2_NR4A3",0.309494196151431
"_TACATTCTCGGTTAGT-6","Glut-DACH2-7","Ex_DACH2_GRIK4",0.32507612238472
"_TACCCACAGCTCCGAC-6","Glut-DACH2-5","Ex_DACH2_ADAMTS5",0.57665080914754
"_TACCCACAGGCATCTT-6","Glut-DACH2-5","Ex_DACH2_ADAMTS5",0.321704860575748
"_TACCCACCAAAGCAAT-6","Glut-DACH2-6","Ex_DACH2_ITGA9",0.349893652590265
"_TACCCACCAACGCCCA-6","Glut-DACH2-7","Ex_DACH2_ADAMTS5",0.316726198464787
"_TACCCACCACCGGAAA-6","Glut-DACH2-6","Ex_DACH2_CEMIP",0.40601060801732
"_TACCCACGTATCAGCT-6","Glut-DACH2-6","Ex_DACH2_CEMIP",0.370700726035422
"_TACCCACTCCCTTCCC-6","Glut-DACH2-8","Ex_DACH2_ZMAT4",0.643674420196841
"_TACCCGTGTCACAGAG-6","Glut-DACH2-7","Ex_DACH2_MGAT4C",0.285407673484032
"_TACCGAAGTACAAGCG-6","Glut-DACH2-6","Ex_DACH2_CEMIP",0.737237620567858
"_TACCGAAGTTGTTGCA-6","Glut-DACH2-6","Ex_DACH2_CEMIP",0.47012968257455
"_TACCGGGCACGGCCAT-6","Glut-SATB2-1","Ex_SATB2_FOXP2",0.488779019674836
"_TACCGGGGTTGTTGAC-6","Glut-DACH2-7","Ex_DACH2_NR4A3",0.704127072754589
"_TACCTCGAGAACCCGA-6","Glut-DACH2-5","Ex_DACH2_LHX2",0.327262821774645
"_TACCTCGAGCGGTAGT-6","Glut-SATB2-1","Ex_SATB2_FOXP2",0.483147745254963
"_TACCTCGCAAATTGGA-6","Glut-DACH2-5","Ex_DACH2_LHX2",0.247335635949633
"_TACCTCGCACAAACGG-6","Glut-DACH2-6","Ex_DACH2_ZMAT4",0.452485909969811
"_TACCTCGGTATTCCTT-6","Glut-DACH2-5","Ex_DACH2_LHX2",0.367198856305696
"_TACCTCGTCACACGAT-6","Glut-DACH2-6","Ex_DACH2_CEMIP",0.400352652420464
"_TACCTGCCACCCTAGG-6","Glut-DACH2-7","Ex_DACH2_CEMIP",0.292746098753648
"_TACGCTCAGAAGGTAG-6","Glut-DACH2-6","Ex_DACH2_ZMAT4",0.38469833686211
"_TACGCTCCACCCGTAG-6","Glut-DACH2-7","Ex_DACH2_GRIK4",0.423955665621121
"_TACGCTCGTACAGCGA-6","Glut-DACH2-8","Ex_DACH2_ZMAT4",0.591399603795703
"_TACGGGCGTATCGCGC-6","Glut-DACH2-6","Ex_DACH2_CEMIP",0.668314177816771
"_TACGGTAGTCTGATCA-6","Glut-DACH2-7","Ex_DACH2_ADAMTS5",0.210329760290573
"_TACGTCCAGAAACTGT-6","Glut-DACH2-5","Ex_DACH2_ADAMTS5",0.397179371222168
"_TACGTCCAGGACGCAT-6","Glut-DACH2-7","Ex_DACH2_ADAMTS5",0.340916619312012
"_TACTGCCCACTGTCCT-6","Glut-DACH2-8","Ex_DACH2_ZMAT4",0.34077989339002
"_TACTGCCGTGACTGTT-6","Glut-DACH2-5","Ex_DACH2_ADAMTS5",0.449863983682239
"_TACTGCCTCAGCTCTC-6","Glut-SATB2-1","Ex_SATB2_ZNF385B",0.669201434972104
"_TACTGCCTCTTCGGAA-6","Glut-SATB2-1","Ex_SATB2_SOX6",0.606177787201306
"_TACTTACAGACTAAGT-6","Glut-DACH2-5","Ex_DACH2_ADAMTS5",0.544795950296223
"_TACTTACGTAGAGCTG-6","Glut-SATB2-1","Ex_SATB2_SOX6",0.4661425014225
"_TACTTACTCTATGCCC-6","Glut-DACH2-6","Ex_DACH2_CEMIP",0.324866817990363
"_TACTTACTCTGGCCAG-6","Glut-DACH2-7","Ex_DACH2_LHX2",0.521005115194023
"_TACTTCACAATTTCTC-6","Glut-DACH2-7","Ex_DACH2_ADAMTS5",0.312281648413541
"_TACTTCACACCCTTAC-6","Glut-DACH2-6","Ex_DACH2_ITGA9",0.245661074385608
"_TACTTGTCAAACCGGA-6","Glut-DACH2-7","Ex_DACH2_GRIK4",0.333141035565852
"_TACTTGTCATGAGAAT-6","Glut-DACH2-8","Ex_DACH2_ZMAT4",0.652748617146775
"_TACTTGTGTAGTCGGA-6","Glut-DACH2-6","Ex_DACH2_CEMIP",0.602421149999383
"_TACTTGTGTGACATCT-6","Glut-DACH2-6","Ex_DACH2_CEMIP",0.244979682611793
"_TACTTGTTCATCGCTC-6","Glut-DACH2-7","Ex_DACH2_LHX2",0.334143732494185
"_TAGACCACACGCACCA-6","Glut-DACH2-5","Ex_DACH2_GRIK4",0.296412564060286
"_TAGACCACACTTCAGA-6","Glut-DACH2-7","Ex_DACH2_GRIK4",0.293979938917403
"_TAGACCAGTTAGAGAT-6","Glut-DACH2-8","Ex_DACH2_ZMAT4",0.689271167324479
"_TAGACCAGTTTAAGGA-6","Glut-DACH2-6","Ex_DACH2_CEMIP",0.574212804838806
"_TAGACCATCCACTTCG-6","Glut-DACH2-7","Ex_DACH2_GRIK4",0.383057906612731
"_TAGACCATCGGTAACT-6","Glut-SATB2-1","Ex_SATB2_SOX6",0.516084029626831
"_TAGACTGAGACGCAGT-6","Glut-DACH2-7","Ex_DACH2_GRIK4",0.306668123183031
"_TAGACTGGTCCGTACG-6","Glut-DACH2-7","Ex_DACH2_ADAMTS5",0.232621951500675
"_TAGACTGTCTTTCAGT-6","Glut-SATB2-1","Ex_SATB2_FOXP2",0.598650373273209
"_TAGAGTCCACACGCCA-6","Glut-DACH2-6","Ex_DACH2_CEMIP",0.638880676144313
"_TAGAGTCCATCTGTTT-6","Glut-DACH2-8","Ex_DACH2_CEMIP",0.494553534462774
"_TAGATCGCAGGTCAGA-6","Glut-DACH2-5","Ex_DACH2_NR4A3",0.555288228845265
"_TAGATCGGTTGCCGCA-6","Glut-DACH2-8","Ex_DACH2_ZMAT4",0.584475362895203
"_TAGATCGTCTCAACCC-6","Glut-DACH2-6","Ex_DACH2_CEMIP",0.344615762555358
"_TAGCACAAGCTGTACT-6","Glut-DACH2-5","Ex_DACH2_ADAMTS5",0.3130858194997
"_TAGCACAGTCTGCATA-6","Glut-DACH2-5","Ex_DACH2_LHX2",0.341002287992646
"_TAGCACATCCGACATA-6","Glut-DACH2-LMANsh","Ex_DACH2_ADAMTS5",0.427644202377498
"_TAGGAGGAGCCATATC-6","Glut-DACH2-7","Ex_DACH2_ADAMTS5",0.272817985460181
"_TAGGAGGAGTAGGTTA-6","Glut-DACH2-4","Ex_DACH2_ITGA9",0.282767088658712
"_TAGGAGGAGTGAGTGC-6","Glut-DACH2-8","Ex_DACH2_ZMAT4",0.483749974967878
"_TAGGAGGGTGTTGCCG-6","Glut-DACH2-8","Ex_DACH2_CEMIP",0.34787541859931
"_TAGGAGGGTTCGAACT-6","Glut-DACH2-7","Ex_DACH2_MGAT4C",0.327510207142588
"_TAGGAGGTCAACACCA-6","Glut-DACH2-6","Ex_DACH2_CEMIP",0.536495151647708
"_TAGGAGGTCAGAGCAG-6","Glut-DACH2-7","Ex_DACH2_CEMIP",0.242439070204091
"_TAGGAGGTCCTTGGAA-6","Glut-SATB2-1","Ex_SATB2_SOX6",0.549487735012102
"_TAGGGTTAGTGGCCTC-6","Glut-DACH2-6","Ex_DACH2_CEMIP",0.557081807039568
"_TAGGGTTCACTACACA-6","Glut-DACH2-5","Ex_DACH2_LHX2",0.401370778755642
"_TAGGTACGTCGTCATA-6","Glut-DACH2-7","Ex_DACH2_GRIK4",0.262559211853909
"_TAGGTTGAGCGAAACC-6","Glut-DACH2-7","Ex_DACH2_GRIK4",0.390509828749721
"_TAGGTTGGTCAAACGG-6","Glut-DACH2-7","Ex_DACH2_GRIK4",0.420194886541845
"_TAGTGCACATCAGCGC-6","Glut-DACH2-7","Ex_DACH2_GRIK4",0.361987122356508
"_TAGTGCAGTACGTGAG-6","Glut-DACH2-6","Ex_DACH2_CEMIP",0.495901862698082
"_TATACCTGTAGGACCA-6","Glut-SATB2-1","Ex_SATB2_FOXP2",0.518698120776951
"_TATATCCAGGCAGGTT-6","Glut-DACH2-8","Ex_DACH2_ZMAT4",0.553554698174871
"_TATATCCCACCTCGTT-6","Glut-SATB2-1","Ex_SATB2_SOX6",0.496118768514759
"_TATATCCGTACGATGG-6","Glut-DACH2-5","Ex_DACH2_ADAMTS5",0.430465955906051
"_TATATCCGTTCTAACG-6","Glut-DACH2-5","Ex_DACH2_LHX2",0.494430089865776
"_TATATCCGTTTCGTAG-6","Glut-DACH2-6","Ex_DACH2_CEMIP",0.517006197894769
"_TATATCCTCCAACACA-6","Glut-DACH2-6","Ex_DACH2_CEMIP",0.48721225912402
"_TATCAGGAGAGGGTCT-6","Glut-DACH2-8","Ex_DACH2_ZMAT4",0.440704038403863
"_TATCAGGGTATTCCTT-6","Glut-DACH2-8","Ex_DACH2_ZMAT4",0.622799366205042
"_TATCAGGTCTCCAATT-6","Glut-DACH2-6","Ex_DACH2_ITGA9",0.310045800020405
"_TATCCTAAGCACCCAC-6","Glut-SATB2-1","Ex_SATB2_SOX6",0.555831885785078
"_TATCCTACATGTAACC-6","Glut-DACH2-7","Ex_DACH2_GRIK4",0.348362325140617
"_TATCGCCAGGACGCTA-6","Glut-DACH2-6","Ex_DACH2_CEMIP",0.341100188650544
"_TATCGCCCAGAGGAAA-6","Glut-DACH2-7","Ex_DACH2_GRIK4",0.337050358280836
"_TATCGCCCATGCCGCA-6","Glut-DACH2-6","Ex_DACH2_CEMIP",0.706907710974886
"_TATCGCCGTGATCATC-6","Glut-SATB2-1","Ex_SATB2_SOX6",0.569429209478494
"_TATCTGTAGAGATGCC-6","Glut-DACH2-6","Ex_DACH2_ZMAT4",0.623050541750099
"_TATCTGTCAACGACAG-6","Glut-DACH2-7","Ex_DACH2_LHX2",0.328061315375904
"_TATCTGTGTTGCTCGG-6","Glut-DACH2-7","Ex_DACH2_GRIK4",0.396547793973968
"_TATCTGTTCGCACGAC-6","Glut-DACH2-5","Ex_DACH2_ADAMTS5",0.45256516470749
"_TATCTGTTCGTCCTTG-6","Glut-DACH2-6","Ex_DACH2_CEMIP",0.712675530405388
"_TATCTTGAGCAACCAG-6","Glut-DACH2-5","Ex_DACH2_LHX2",0.477972201557293
"_TATCTTGCATCCTAAG-6","Glut-DACH2-5","Ex_DACH2_ADAMTS5",0.298136707209622
"_TATCTTGGTCCCAAAT-6","Glut-DACH2-8","Ex_DACH2_ZMAT4",0.498012290931837
"_TATGTTCGTGAGAGGG-6","Glut-SATB2-1","Ex_SATB2_ZNF385B",0.727105479312633
"_TATGTTCTCGAAACAA-6","Glut-DACH2-1","Ex_DACH2_LHX2",0.40555827472318
"_TATTCCAAGATGTTCC-6","Glut-DACH2-6","Ex_DACH2_CEMIP",0.360973858800861
"_TATTCCAAGGTCGTGA-6","Glut-DACH2-8","Ex_DACH2_ZMAT4",0.620774636384756
"_TATTCCAGTTCGGCGT-6","Glut-DACH2-7","Ex_DACH2_ADAMTS5",0.224854561849451
"_TATTCCATCCACTTCG-6","Glut-SATB2-1","Ex_SATB2_FOXP2",0.47890842270755
"_TATTGCTAGGATGCGT-6","Glut-DACH2-8","Ex_DACH2_ZMAT4",0.633823475701927
"_TATTGCTGTGGAAGTC-6","Glut-SATB2-1","Ex_SATB2_FOXP2",0.62002856194299
"_TATTGGGGTCGAACGA-6","Glut-DACH2-6","Ex_DACH2_CEMIP",0.250490895520502
"_TATTGGGGTGCTTCAA-6","Glut-DACH2-6","Ex_DACH2_CEMIP",0.648306913343909
"_TATTTCGAGTCAGCCC-6","Glut-DACH2-5","Ex_DACH2_ADAMTS5",0.640878700258982
"_TATTTCGCAGCGCTTG-6","Glut-DACH2-5","Ex_DACH2_LHX2",0.392815993176319
"_TATTTCGTCCACGGAC-6","Glut-DACH2-7","Ex_DACH2_GRIK4",0.291337509228694
"_TATTTCGTCGAACACT-6","Glut-DACH2-8","Ex_DACH2_ZMAT4",0.604169526862004
"_TCAAGACAGCTAAATG-6","Glut-DACH2-8","Ex_DACH2_ZMAT4",0.462782255783547
"_TCAAGACTCCGTGGTG-6","Glut-DACH2-6","Ex_DACH2_CEMIP",0.300776894494741
"_TCAAGCACACCATAAC-6","Glut-SATB2-1","Ex_SATB2_FOXP2",0.454836580631276
"_TCAAGCATCAAAGACA-6","Glut-DACH2-6","Ex_DACH2_CEMIP",0.238523582204822
"_TCAAGCATCCTCTCTT-6","Glut-DACH2-5","Ex_DACH2_GRIK4",0.305003051369539
"_TCAAGTGGTAGTCGTT-6","Glut-DACH2-5","Ex_DACH2_ADAMTS5",0.520787054275098
"_TCAAGTGGTGCCGAAA-6","Glut-DACH2-5","Ex_DACH2_LHX2",0.454958554916384
"_TCAAGTGGTTGACGGA-6","Glut-DACH2-6","Ex_DACH2_CEMIP",0.454285309712498
"_TCAATCTCAGAGTCTT-6","Glut-SATB2-1","Ex_SATB2_FOXP2",0.471614238666629
"_TCAATCTGTCGTTATG-6","Glut-DACH2-6","Ex_DACH2_CEMIP",0.348890842083645
"_TCAATCTGTTCTCACC-6","Glut-DACH2-6","Ex_DACH2_ZMAT4",0.468053390471824
"_TCAATTCCATGCAGCC-6","Glut-DACH2-6","Ex_DACH2_CEMIP",0.599783158310135
"_TCACAAGAGACATCCT-6","Glut-DACH2-7","Ex_DACH2_ADAMTS5",0.306284023456489
"_TCACAAGCACAGTCCG-6","Glut-DACH2-5","Ex_DACH2_GRIK4",0.296534525770978
"_TCACAAGCAGACCAAG-6","Glut-DACH2-8","Ex_DACH2_ZMAT4",0.602668408330174
"_TCACACCCAGATAAAC-6","Glut-DACH2-1","Ex_DACH2_LHX2",0.469278280767662
"_TCACACCGTTCGGGTC-6","Glut-DACH2-5","Ex_DACH2_ADAMTS5",0.586088193087186
"_TCACACCTCGAGTCCG-6","Glut-DACH2-7","Ex_DACH2_GRIK4",0.515913144084467
"_TCACATTCAATCTCTT-6","Glut-DACH2-7","Ex_DACH2_NR4A3",0.725995009261981
"_TCACATTCACTCTCGT-6","Glut-DACH2-5","Ex_DACH2_LHX2",0.395097793924078
"_TCACATTCAGCCATTA-6","Glut-DACH2-5","Ex_DACH2_ADAMTS5",0.285564581777402
"_TCACATTCAGGTCAAG-6","Glut-DACH2-6","Ex_DACH2_CEMIP",0.392043598019007
"_TCACATTCATGACTAC-6","Glut-DACH2-7","Ex_DACH2_LHX2",0.322019289888088
"_TCACATTGTCAAGCGA-6","Glut-DACH2-7","Ex_DACH2_MGAT4C",0.295087615107706
"_TCACATTTCACCACAA-6","Glut-SATB2-1","Ex_SATB2_SOX6",0.264897172403477
"_TCACGCTGTACCGGAA-6","Glut-DACH2-8","Ex_DACH2_ZMAT4",0.582153706006309
"_TCACGCTGTGCCCTTT-6","Glut-DACH2-6","Ex_DACH2_CEMIP",0.613998979261799
"_TCACGGGCACTTACAG-6","Glut-DACH2-8","Ex_DACH2_ZMAT4",0.657438402309153
"_TCACGGGCATCTATCT-6","Glut-DACH2-6","Ex_DACH2_CEMIP",0.587772870816743
"_TCACGGGTCTAGCATG-6","Glut-DACH2-5","Ex_DACH2_LHX2",0.378887066201441
"_TCACTATAGATGACCG-6","Glut-DACH2-8","Ex_DACH2_ZMAT4",0.620211758077022
"_TCACTATTCCCGGTAG-6","Glut-DACH2-5","Ex_DACH2_ADAMTS5",0.40645079484821
"_TCACTATTCTGGTGGC-6","Glut-DACH2-6","Ex_DACH2_CEMIP",0.387411194315468
"_TCACTCGCAAATGCGG-6","Glut-DACH2-7","Ex_DACH2_ADAMTS5",0.346129790275543
"_TCACTCGCACGCGCAT-6","Glut-SATB2-1","Ex_SATB2_SOX6",0.543045337607663
"_TCACTCGCAGCTTTCC-6","Glut-DACH2-5","Ex_DACH2_ADAMTS5",0.484339115941937
"_TCACTCGTCGATTTCT-6","Glut-DACH2-8","Ex_DACH2_ZMAT4",0.580705570433773
"_TCAGCAACATAATGAG-6","Glut-DACH2-7","Ex_DACH2_ADAMTS5",0.31826762891648
"_TCAGCAACATTAAAGG-6","Glut-DACH2-6","Ex_DACH2_CEMIP",0.654512930185114
"_TCAGCAATCTGCTTTA-6","Glut-DACH2-5","Ex_DACH2_ADAMTS5",0.347874888432018
"_TCAGCCTAGCTGGTGA-6","Glut-DACH2-8","Ex_DACH2_ZMAT4",0.605239123284191
"_TCAGCCTAGTGGTTGG-6","Glut-DACH2-8","Ex_DACH2_ZMAT4",0.467477277637637
"_TCAGCCTGTACGAGCA-6","Glut-SATB2-1","Ex_SATB2_FOXP2",0.473004797232985
"_TCAGCCTGTCACCCTT-6","Glut-DACH2-7","Ex_DACH2_GRIK4",0.383144314039876
"_TCAGCCTGTTAAGGGC-6","Glut-DACH2-7","Ex_DACH2_ADAMTS5",0.341797195541604
"_TCAGCCTGTTCGTAAC-6","Glut-SATB2-1","Ex_SATB2_FOXP2",0.588632405163711
"_TCAGCCTTCAACGAGG-6","Glut-DACH2-6","Ex_DACH2_CEMIP",0.359324514384239
"_TCAGGGCAGCGTGAGT-6","Glut-DACH2-7","Ex_DACH2_GRIK4",0.427182768957778
"_TCAGGGCAGCTATCCA-6","Glut-DACH2-7","Ex_DACH2_GRIK4",0.476292805539824
"_TCAGGGCGTATGTCTG-6","Glut-DACH2-7","Ex_DACH2_LHX2",0.457913304240668
"_TCAGGGCGTGAAGCGT-6","Glut-DACH2-7","Ex_DACH2_LHX2",0.417762843596787
"_TCAGGGCGTTGGACCC-6","Glut-DACH2-7","Ex_DACH2_LHX2",0.490110175430598
"_TCAGGGCTCCTCGATC-6","Glut-DACH2-5","Ex_DACH2_LHX2",0.412610016646568
"_TCAGGTATCCGTCACT-6","Glut-DACH2-7","Ex_DACH2_CEMIP",0.162526581290655
"_TCAGGTATCGCATAGT-6","Glut-DACH2-6","Ex_DACH2_CEMIP",0.681052784085634
"_TCAGTCCAGGTTCTTG-6","Glut-DACH2-1","Ex_DACH2_LHX2",0.543014784508448
"_TCAGTCCGTACTTCCC-6","Glut-DACH2-1","Ex_DACH2_NR4A3",0.624867493251619
"_TCAGTCCGTCACTCGG-6","Glut-DACH2-7","Ex_DACH2_ADAMTS5",0.664965347942326
"_TCAGTCCGTTATAGAG-6","Glut-DACH2-5","Ex_DACH2_ADAMTS5",0.281497839848652
"_TCAGTCCTCTCCGAAA-6","Glut-DACH2-5","Ex_DACH2_LHX2",0.379621162743284
"_TCAGTCCTCTGCCTCA-6","Glut-DACH2-8","Ex_DACH2_ZMAT4",0.687352367250457
"_TCAGTGAAGGGAGTGG-6","Glut-DACH2-6","Ex_DACH2_CEMIP",0.612238021418985
"_TCAGTGAGTCCCTGTT-6","Glut-DACH2-8","Ex_DACH2_ZMAT4",0.590045670868584
"_TCAGTTTTCACCGACG-6","Glut-DACH2-5","Ex_DACH2_LHX2",0.397509402658604
"_TCATACTTCGGAGTAG-6","Glut-DACH2-7","Ex_DACH2_ADAMTS5",0.357282850417377
"_TCATATCAGTCACACT-6","Glut-DACH2-7","Ex_DACH2_ADAMTS5",0.38863648074287
"_TCATATCAGTGCCCGT-6","Glut-DACH2-8","Ex_DACH2_ZMAT4",0.631612127606857
"_TCATATCTCCACAGGC-6","Glut-DACH2-7","Ex_DACH2_GRIK4",0.375399293233289
"_TCATCATCACACCTAA-6","Glut-DACH2-6","Ex_DACH2_ZMAT4",0.456176960070059
"_TCATCATCATGCAGCC-6","Glut-DACH2-7","Ex_DACH2_ADAMTS5",0.29713255253683
"_TCATCATGTATTGAGA-6","Glut-DACH2-6","Ex_DACH2_CEMIP",0.7193055851381
"_TCATCATGTTCTCAGA-6","Glut-DACH2-6","Ex_DACH2_CEMIP",0.707616974255023
"_TCATCATTCGCTAATG-6","Glut-DACH2-7","Ex_DACH2_GRIK4",0.458593779525002
"_TCATCATTCGGCGATC-6","Glut-SATB2-1","Ex_SATB2_FOXP2",0.528975244382276
"_TCATCCGAGCTGGCCT-6","Glut-DACH2-7","Ex_DACH2_GRIK4",0.313408868945944
"_TCATCCGCAGCAGTCC-6","Glut-DACH2-7","Ex_DACH2_ADAMTS5",0.278005542297512
"_TCATCCGGTCTGATAC-6","Glut-DACH2-6","Ex_DACH2_CEMIP",0.477763208737154
"_TCATGAGAGACCAAGC-6","Glut-DACH2-6","Ex_DACH2_CEMIP",0.32821848801085
"_TCATGAGTCACCGCTT-6","Glut-DACH2-8","Ex_DACH2_ZMAT4",0.518746177519259
"_TCATGCCAGACAGCTG-6","Glut-DACH2-6","Ex_DACH2_CEMIP",0.38525681586948
"_TCATGCCAGCAACAGC-6","Glut-SATB2-1","Ex_SATB2_SOX6",0.534394186523362
"_TCATGCCGTGTCACAT-6","Glut-DACH2-7","Ex_DACH2_GRIK4",0.32726706988661
"_TCATGGACAGTCACGC-6","Glut-DACH2-7","Ex_DACH2_ADAMTS5",0.342625821079201
"_TCATGTTAGGCCTAAG-6","Glut-DACH2-6","Ex_DACH2_CEMIP",0.692018671245595
"_TCATGTTAGTGTACCT-6","Glut-DACH2-6","Ex_DACH2_CEMIP",0.407660343391362
"_TCATGTTGTAATGCTC-6","Glut-DACH2-5","Ex_DACH2_LHX2",0.374838024868662
"_TCATGTTTCAACACCA-6","Glut-DACH2-1","Ex_DACH2_ADAMTS5",0.320260148106918
"_TCATTACGTACTTGTG-6","Glut-DACH2-LMANsh","Ex_DACH2_LHX2",0.436112095465099
"_TCATTACTCGATGGAG-6","Glut-SATB2-1","Ex_SATB2_SOX6",0.510514884465866
"_TCATTCAAGGTACAGC-6","Glut-DACH2-6","Ex_DACH2_CEMIP",0.51660400758628
"_TCATTCAGTTAAGGAT-6","Glut-DACH2-6","Ex_DACH2_CEMIP",0.322592668104624
"_TCATTCAGTTGACGGA-6","Glut-DACH2-5","Ex_DACH2_LHX2",0.442413072036334
"_TCATTCATCATCGGGC-6","Glut-DACH2-7","Ex_DACH2_LHX2",0.431599690016746
"_TCATTCATCATTCTTG-6","Glut-SATB2-1","Ex_SATB2_SOX6",0.35889674591154
"_TCATTGTAGTTGCCCG-6","Glut-SATB2-1","Ex_SATB2_FOXP2",0.560022341501678
"_TCATTGTCATGAATAG-6","Glut-DACH2-5","Ex_DACH2_LHX2",0.479021674625669
"_TCATTGTTCACATCAG-6","Glut-DACH2-8","Ex_SATB2_FOXP2",0.413764636267646
"_TCATTTGCACTAACCA-6","Glut-DACH2-6","Ex_DACH2_CEMIP",0.527530258918554
"_TCCACCAAGCGCCCAT-6","Glut-DACH2-7","Ex_DACH2_GRIK4",0.292971249959104
"_TCCACCACATACAGAA-6","Glut-DACH2-5","Ex_DACH2_ADAMTS5",0.402669767936959
"_TCCACCACATCTTCGC-6","Glut-DACH2-5","Ex_DACH2_ADAMTS5",0.466412564738529
"_TCCACCAGTGTGATGG-6","Glut-DACH2-8","Ex_DACH2_ZMAT4",0.492535646956158
"_TCCACGTGTACAAAGT-6","Glut-DACH2-8","Ex_DACH2_ZMAT4",0.649335473344455
"_TCCACGTTCGCCAGAC-6","Glut-DACH2-5","Ex_DACH2_LHX2",0.451001264436347
"_TCCACGTTCTGTCTCG-6","Glut-DACH2-6","Ex_DACH2_CEMIP",0.477093906307874
"_TCCAGAAGTGTCCAAT-6","Glut-DACH2-7","Ex_DACH2_GRIK4",0.389599727689579
"_TCCAGAATCTAGCCTC-6","Glut-DACH2-7","Ex_DACH2_ADAMTS5",0.380605425124214
"_TCCATCGAGAAGCTGC-6","Glut-DACH2-7","Ex_DACH2_ADAMTS5",0.474005128094882
"_TCCATCGAGAGTTGCG-6","Glut-DACH2-5","Ex_DACH2_LHX2",0.52412195058952
"_TCCATCGCACGAAGAC-6","Glut-DACH2-7","Ex_DACH2_GRIK4",0.32450935656625
"_TCCATCGCAGACTCTA-6","Glut-DACH2-6","Ex_DACH2_CEMIP",0.617051943953164
"_TCCATCGGTTTGCAGT-6","Glut-DACH2-6","Ex_DACH2_CEMIP",0.384743779511225
"_TCCATCGTCCAACACA-6","Glut-DACH2-5","Ex_DACH2_GRIK4",0.277865608907225
"_TCCATCGTCCGTGCGA-6","Glut-DACH2-8","Ex_DACH2_ZMAT4",0.578931097487483
"_TCCATGCAGATGTAGT-6","Glut-DACH2-7","Ex_DACH2_GRIK4",0.453416189953816
"_TCCATGCCAACTACGT-6","Glut-DACH2-7","Ex_DACH2_GRIK4",0.363516395923849
"_TCCATGCCACGCTTAA-6","Glut-DACH2-7","Ex_DACH2_ADAMTS5",0.32296594908045
"_TCCATGCTCCGGCTTT-6","Glut-DACH2-8","Ex_DACH2_ZMAT4",0.640619678405883
"_TCCATGCTCTCGTGAA-6","Glut-DACH2-8","Ex_DACH2_ZMAT4",0.643258881504023
"_TCCCACAAGCTGAGCA-6","Glut-DACH2-7","Ex_DACH2_LHX2",0.427439346948037
"_TCCCACAAGGTAGACC-6","Glut-DACH2-7","Ex_DACH2_LHX2",0.320495352324616
"_TCCCACAAGTCAGCCC-6","Glut-DACH2-7","Ex_DACH2_ADAMTS5",0.318456158042441
"_TCCCACACACTGTCGG-6","Glut-DACH2-6","Ex_DACH2_CEMIP",0.390890616103171
"_TCCCACAGTGGCCCAT-6","Glut-SATB2-1","Ex_SATB2_FOXP2",0.390406210459451
"_TCCCAGTAGCATCCCG-6","Glut-DACH2-5","Ex_DACH2_LHX2",0.557116356677558
"_TCCCAGTAGTAGACAT-6","Glut-DACH2-6","Ex_DACH2_CEMIP",0.398425084504348
"_TCCCAGTAGTGGACTG-6","Glut-DACH2-5","Ex_DACH2_ADAMTS5",0.292052368444112
"_TCCCAGTGTCCACACG-6","Glut-DACH2-6","Ex_DACH2_CEMIP",0.394587469517417
"_TCCCAGTGTGGTTCTA-6","Glut-DACH2-7","Ex_DACH2_ZMAT4",0.321211756797167
"_TCCCATGAGGAGAATG-6","Glut-DACH2-5","Ex_DACH2_ADAMTS5",0.419817019391978
"_TCCCATGGTCACCCTT-6","Glut-DACH2-7","Ex_DACH2_GRIK4",0.337149375449074
"_TCCCATGGTCCACAGC-6","Glut-DACH2-6","Ex_DACH2_CEMIP",0.405821459014266
"_TCCCATGGTTGCTTGA-6","Glut-DACH2-5","Ex_DACH2_LHX2",0.472865409368271
"_TCCGAAATCATAGACC-6","Glut-DACH2-6","Ex_DACH2_ITGA9",0.30773924474271
"_TCCGAAATCCACGGGT-6","Glut-SATB2-1","Ex_SATB2_ZNF385B",0.775628912019187
"_TCCGAAATCGCCGATG-6","Glut-DACH2-6","Ex_DACH2_CEMIP",0.643146293738044
"_TCCGATCCAGGAATCG-6","Glut-DACH2-8","Ex_DACH2_ZMAT4",0.545518718913167
"_TCCGATCGTTCTTGTT-6","Glut-DACH2-6","Ex_DACH2_ZMAT4",0.415681329448023
"_TCCGGGAAGAACCCGA-6","Glut-DACH2-LMANsh","Ex_DACH2_LHX2",0.555868012294919
"_TCCGGGACACCCTTAC-6","Glut-DACH2-5","Ex_DACH2_GRIK4",0.287520765669917
"_TCCGTGTCATCATTTC-6","Glut-DACH2-8","Ex_DACH2_ZMAT4",0.555772900496272
"_TCCGTGTGTTGAGAGC-6","Glut-DACH2-6","Ex_DACH2_CEMIP",0.395945951177571
"_TCCTAATTCGGCATTA-6","Glut-SATB2-1","Ex_SATB2_FOXP2",0.50484987898778
"_TCCTCCCAGCGTGCCT-6","Glut-DACH2-7","Ex_DACH2_GRIK4",0.445501629585714
"_TCCTCCCCAACCGTAT-6","Glut-DACH2-7","Ex_DACH2_ADAMTS5",0.325332316818681
"_TCCTCGAAGCCTCAAT-6","Glut-DACH2-5","Ex_DACH2_ADAMTS5",0.412615950530231
"_TCCTCGACATCAGCTA-6","Glut-DACH2-7","Ex_DACH2_LHX2",0.547204578946812
"_TCCTCGAGTGACTAAA-6","Glut-DACH2-5","Ex_DACH2_ADAMTS5",0.446988574888429
"_TCCTCGAGTGGGTCAA-6","Glut-DACH2-7","Ex_DACH2_GRIK4",0.398896588052873
"_TCCTCGATCGGCTGTG-6","Glut-DACH2-5","Ex_DACH2_LHX2",0.2516327063697
"_TCCTCGATCTTACCAT-6","Glut-DACH2-8","Ex_DACH2_ZMAT4",0.580265717173325
"_TCCTCTTCAACCGATT-6","Glut-DACH2-6","Ex_DACH2_ITGA9",0.20940098075225
"_TCCTCTTCATCAGCAT-6","Glut-DACH2-5","Ex_DACH2_LHX2",0.406234653306865
"_TCCTGCACAGTTACCA-6","Glut-DACH2-7","Ex_DACH2_CEMIP",0.348980792112852
"_TCCTGCAGTATGAGAT-6","Glut-DACH2-7","Ex_DACH2_GRIK4",0.501906885293254
"_TCCTGCATCAGCGGAA-6","Glut-DACH2-6","Ex_DACH2_CEMIP",0.165430041775337
"_TCCTTCTAGGAACTCG-6","Glut-DACH2-7","Ex_DACH2_ADAMTS5",0.450543215133035
"_TCCTTCTAGGCGAAGG-6","Glut-SATB2-1","Ex_SATB2_SOX6",0.493303438781655
"_TCCTTTCCATATTCGG-6","Glut-DACH2-5","Ex_DACH2_LHX2",0.432633335326386
"_TCCTTTCGTAGGACCA-6","Glut-DACH2-5","Ex_DACH2_LHX2",0.498249492896883
"_TCCTTTCGTGAGGAAA-6","Glut-DACH2-6","Ex_DACH2_CEMIP",0.471150200658618
"_TCGAACAAGCAACCAG-6","Glut-DACH2-7","Ex_DACH2_GRIK4",0.376499491746226
"_TCGAACAAGGAGGCAG-6","Glut-DACH2-6","Ex_DACH2_CEMIP",0.419164721726803
"_TCGAACAGTCTTGCGG-6","Glut-DACH2-5","Ex_DACH2_ADAMTS5",0.380788688124083
"_TCGAACATCACCTCGT-6","Glut-DACH2-1","Ex_DACH2_NR4A3",0.620568893924258
"_TCGAACATCATTCGTT-6","Glut-DACH2-8","Ex_DACH2_ZMAT4",0.506059588984034
"_TCGAAGTCAACTTCTT-6","Glut-DACH2-8","Ex_DACH2_ZMAT4",0.464709115609091
"_TCGAAGTTCACACGAT-6","Glut-DACH2-5","Ex_DACH2_LHX2",0.431790487070506
"_TCGACCTCATCACAGT-6","Glut-DACH2-6","Ex_DACH2_CEMIP",0.518634549275027
"_TCGACGGTCGGAAACG-6","Glut-DACH2-7","Ex_DACH2_LHX2",0.456951365548669
"_TCGATTTGTCACTTCC-6","Glut-DACH2-5","Ex_DACH2_LHX2",0.391057077966766
"_TCGATTTTCCCGTTGT-6","Glut-DACH2-6","Ex_DACH2_CEMIP",0.320475335314746
"_TCGCACTTCAAGGACG-6","Glut-DACH2-5","Ex_DACH2_ADAMTS5",0.487427138663674
"_TCGCAGGAGAGTTGCG-6","Glut-DACH2-6","Ex_DACH2_CEMIP",0.517066044112116
"_TCGCAGGCAGATCCAT-6","Glut-SATB2-1","Ex_SATB2_FOXP2",0.506653486315189
"_TCGCAGGCATCCGTTC-6","Glut-DACH2-8","Ex_DACH2_ZMAT4",0.575362527734965
"_TCGCAGGGTGAGGAAA-6","Glut-DACH2-6","Ex_DACH2_CEMIP",0.351056731005516
"_TCGCTCAGTGTAGTGG-6","Glut-DACH2-7","Ex_DACH2_GRIK4",0.314063603631124
"_TCGCTTGAGACCGCCT-6","Glut-DACH2-5","Ex_DACH2_LHX2",0.33015468314566
"_TCGCTTGCAGGTATGG-6","Glut-DACH2-7","Ex_DACH2_GRIK4",0.451969402368732
"_TCGCTTGGTCGTATTG-6","Glut-DACH2-6","Ex_DACH2_CEMIP",0.590085556419487
"_TCGGATAAGTGCCGAA-6","Glut-DACH2-7","Ex_DACH2_GRIK4",0.246173793756531
"_TCGGATAAGTGGTTGG-6","Glut-DACH2-6","Ex_DACH2_CEMIP",0.371231574500187
"_TCGGATATCTTCCACG-6","Glut-DACH2-7","Ex_DACH2_ADAMTS5",0.323553741444923
"_TCGGGACAGTATGGCG-6","Glut-DACH2-5","Ex_DACH2_ADAMTS5",0.337192991474489
"_TCGGGACGTAAGAACT-6","Glut-DACH2-6","Ex_DACH2_CEMIP",0.525612667961446
"_TCGGGACGTACCTAGT-6","Glut-DACH2-7","Ex_DACH2_GRIK4",0.499265977041071
"_TCGGGACGTCCCTGAG-6","Glut-DACH2-5","Ex_DACH2_LHX2",0.511830847102804
"_TCGGGACTCGAGTGGA-6","Glut-DACH2-7","Ex_DACH2_LHX2",0.39261576526006
"_TCGGGCACACTTGAAC-6","Glut-DACH2-6","Ex_DACH2_CEMIP",0.37615535532704
"_TCGGGCACAGCACGAA-6","Glut-DACH2-6","Ex_DACH2_CEMIP",0.774708487254003
"_TCGGGCAGTTTCGGCG-6","Glut-DACH2-6","Ex_DACH2_CEMIP",0.461759153422213
"_TCGGGCATCTATCGGA-6","Glut-DACH2-8","Ex_DACH2_ZMAT4",0.565889055478886
"_TCGGGTGAGGTTACCT-6","Glut-DACH2-1","Ex_DACH2_ADAMTS5",0.344844574854699
"_TCGGGTGTCACTGTCC-6","Glut-DACH2-6","Ex_DACH2_CEMIP",0.383083550440976
"_TCGGGTGTCATAAGGA-6","Glut-DACH2-7","Ex_DACH2_ADAMTS5",0.25830517456229
"_TCGGTCTAGCGCCCAT-6","Glut-DACH2-6","Ex_DACH2_CEMIP",0.465783522849627
"_TCGGTCTCACGCAAAG-6","Glut-DACH2-5","Ex_DACH2_ADAMTS5",0.393962577992463
"_TCGGTCTGTCCCTCAT-6","Glut-DACH2-8","Ex_DACH2_ZMAT4",0.664768061961224
"_TCGGTCTTCTGTCAGA-6","Glut-DACH2-7","Ex_DACH2_GRIK4",0.307133635604095
"_TCGTAGATCCTATTGT-6","Glut-DACH2-5","Ex_DACH2_GRIK4",0.237576466248802
"_TCGTCCAGTCCTGGTG-6","Glut-DACH2-6","Ex_DACH2_CEMIP",0.709943580070565
"_TCGTGCTAGTGAGTGC-6","Glut-SATB2-1","Ex_SATB2_ZNF385B",0.342409799868441
"_TCGTGCTGTGGTACAG-6","Glut-DACH2-8","Ex_DACH2_ZMAT4",0.347432595624199
"_TCGTGGGGTCACCGCA-6","Glut-DACH2-5","Ex_DACH2_LHX2",0.562326374547451
"_TCGTGGGTCTCCATAT-6","Glut-DACH2-5","Ex_DACH2_ADAMTS5",0.40317592103197
"_TCTAACTAGATCCCAT-6","Glut-DACH2-5","Ex_DACH2_ADAMTS5",0.305497317608069
"_TCTAACTGTAGCGAGT-6","Glut-DACH2-6","Ex_DACH2_CEMIP",0.389408277186319
"_TCTAACTGTGTTGACT-6","Glut-DACH2-5","Ex_DACH2_LHX2",0.507206939194362
"_TCTAACTTCTGGTGGC-6","Glut-DACH2-1","Ex_DACH2_GRIK4",0.331193406844653
"_TCTACATCATTGACCA-6","Glut-DACH2-7","Ex_DACH2_GRIK4",0.326907192957672
"_TCTACCGAGGCTAACG-6","Glut-DACH2-6","Ex_DACH2_ZMAT4",0.269981266234335
"_TCTACCGCAACCAATC-6","Glut-DACH2-7","Ex_DACH2_GRIK4",0.454062817061985
"_TCTACCGTCATTGTTC-6","Glut-DACH2-7","Ex_DACH2_GRIK4",0.442647700098833
"_TCTACCGTCCGTAGTA-6","Glut-DACH2-7","Ex_DACH2_GRIK4",0.534913884411436
"_TCTATACAGACCAACG-6","Glut-DACH2-5","Ex_DACH2_ADAMTS5",0.515960211756561
"_TCTATACCAGCAAGAC-6","Glut-DACH2-7","Ex_DACH2_GRIK4",0.443801720320023
"_TCTATACGTACTTGTG-6","Glut-DACH2-6","Ex_DACH2_ZMAT4",0.357084560100592
"_TCTATCACAACAGCCC-6","Glut-DACH2-8","Ex_DACH2_ZMAT4",0.652668483968978
"_TCTCACGAGGGCAAGG-6","Glut-DACH2-7","Ex_DACH2_ADAMTS5",0.532275684526787
"_TCTCACGCAAGTAGTA-6","Glut-DACH2-6","Ex_DACH2_ZMAT4",0.424541550801505
"_TCTCACGCAGGAACCA-6","Glut-DACH2-5","Ex_DACH2_ADAMTS5",0.423284978580928
"_TCTCACGGTATGGAGC-6","Glut-DACH2-8","Ex_DACH2_CEMIP",0.458429466336881
"_TCTCACGTCCACGAAT-6","Glut-SATB2-1","Ex_SATB2_SOX6",0.569896373694885
"_TCTCACGTCCATCAGA-6","Glut-DACH2-5","Ex_DACH2_LHX2",0.324330212830063
"_TCTCAGCCACAACGTT-6","Glut-DACH2-5","Ex_DACH2_LHX2",0.320737705467514
"_TCTCAGCGTACCTTCC-6","Glut-DACH2-6","Ex_DACH2_CEMIP",0.638823494126857
"_TCTCAGCGTGCAAGAC-6","Glut-SATB2-1","Ex_SATB2_ZNF385B",0.603309928332198
"_TCTCCGAAGCCGCTTG-6","Glut-DACH2-7","Ex_DACH2_ADAMTS5",0.269458550855344
"_TCTCCGAGTATGAAGT-6","Glut-DACH2-6","Ex_DACH2_CEMIP",0.334914554893352
"_TCTCTGGCAGGCGAAT-6","Glut-DACH2-7","Ex_DACH2_ADAMTS5",0.366988785114358
"_TCTCTGGCAGGTCCCA-6","Glut-DACH2-7","Ex_DACH2_ADAMTS5",0.326247274151072
"_TCTCTGGCATAACAGA-6","Glut-DACH2-6","Ex_DACH2_ITGA9",0.246267885585223
"_TCTGCCATCTCCGCAT-6","Glut-DACH2-5","Ex_DACH2_GRIK4",0.263773737046176
"_TCTGGCTGTATGTCAC-6","Glut-SATB2-1","Ex_SATB2_ZNF385B",0.717992951577025
"_TCTGGCTGTTGCTCCT-6","Glut-SATB2-1","Ex_SATB2_FOXP2",0.627658073596412
"_TCTGGCTTCGCAACAT-6","Glut-DACH2-5","Ex_DACH2_GRIK4",0.310255387370012
"_TCTGTCGGTGACTAAA-6","Glut-DACH2-6","Ex_DACH2_CEMIP",0.482862340839317
"_TCTTAGTCAGCTATAC-6","Glut-DACH2-6","Ex_DACH2_CEMIP",0.714952651049016
"_TCTTCCTAGAATTGTG-6","Glut-DACH2-7","Ex_DACH2_LHX2",0.421767073934162
"_TCTTCCTGTAAGATCA-6","Glut-SATB2-1","Ex_SATB2_FOXP2",0.325753852253897
"_TCTTGCGAGACTACGG-6","Glut-DACH2-7","Ex_DACH2_LHX2",0.375503791327733
"_TCTTGCGAGTAAACAC-6","Glut-DACH2-5","Ex_DACH2_LHX2",0.480570597925173
"_TCTTGCGGTCACTACA-6","Glut-DACH2-5","Ex_DACH2_ADAMTS5",0.264112419964063
"_TCTTGCGTCGATCCCT-6","Glut-DACH2-6","Ex_DACH2_CEMIP",0.456045458163438
"_TCTTTGAAGACTACCT-6","Glut-DACH2-7","Ex_DACH2_GRIK4",0.457909986457732
"_TCTTTGACACAAGGTG-6","Glut-DACH2-7","Ex_DACH2_ADAMTS5",0.337323552645149
"_TGAACGTCAGTTGGTT-6","Glut-SATB2-1","Ex_SATB2_FOXP2",0.386141973369283
"_TGAACGTCATATGGCT-6","Glut-DACH2-7","Ex_DACH2_NR4A3",0.289907412459163
"_TGAACGTTCAAGGACG-6","Glut-DACH2-7","Ex_DACH2_LHX2",0.53365423170192
"_TGAATGCAGAGTGAAG-6","Glut-DACH2-1","Ex_DACH2_ADAMTS5",0.518531054098085
"_TGAATGCAGGTACAGC-6","Glut-DACH2-5","Ex_DACH2_ADAMTS5",0.298423784719743
"_TGAATGCTCCCACAGG-6","Glut-DACH2-5","Ex_DACH2_LHX2",0.369471213979191
"_TGACAGTAGGTGCGAT-6","Glut-DACH2-6","Ex_DACH2_CEMIP",0.696840520900683
"_TGACAGTCAAGTGGAC-6","Glut-DACH2-7","Ex_DACH2_GRIK4",0.473913209207483
"_TGACAGTCACCAACAT-6","Glut-DACH2-1","Ex_DACH2_LHX2",0.563860787117294
"_TGACAGTCATAATCGC-6","Glut-DACH2-5","Ex_DACH2_LHX2",0.352575129987941
"_TGACAGTGTTGCTGAT-6","Glut-DACH2-7","Ex_DACH2_GRIK4",0.2645902231527
"_TGACCCTAGGTCCAGA-6","Glut-DACH2-8","Ex_DACH2_ZMAT4",0.477627243285653
"_TGACCCTGTCATCGGC-6","Glut-DACH2-5","Ex_DACH2_LHX2",0.322172831994751
"_TGACCCTTCTCGTGAA-6","Glut-DACH2-5","Ex_DACH2_ADAMTS5",0.285175203527366
"_TGACGCGCAGCAAGAC-6","Glut-DACH2-5","Ex_DACH2_LHX2",0.430057255875438
"_TGACGCGGTGCTGATT-6","Glut-SATB2-1","Ex_SATB2_FOXP2",0.386105271386994
"_TGACGCGTCTGTCTCG-6","Glut-DACH2-6","Ex_DACH2_CEMIP",0.499592342814222
"_TGACTCCAGTAGACAT-6","Glut-DACH2-7","Ex_DACH2_ADAMTS5",0.256238313339002
"_TGAGACTCAACTACGT-6","Glut-SATB2-1","Ex_SATB2_SOX6",0.578642904289643
"_TGAGCATAGATACCAA-6","Glut-DACH2-5","Ex_DACH2_LHX2",0.43121055507012
"_TGAGCATAGCAAATCA-6","Glut-DACH2-5","Ex_DACH2_ADAMTS5",0.348110237982771
"_TGAGCATCAAGAAACT-6","Glut-DACH2-8","Ex_DACH2_ZMAT4",0.519233101028199
"_TGAGCATGTAAGTAGT-6","Glut-DACH2-LMANsh","Ex_DACH2_LHX2",0.526851539372491
"_TGAGCATGTACCCAGC-6","Glut-DACH2-6","Ex_DACH2_ZMAT4",0.523705490449376
"_TGAGCATTCATCACAG-6","Glut-DACH2-5","Ex_DACH2_LHX2",0.402557026437346
"_TGAGCATTCCCGAAAT-6","Glut-DACH2-5","Ex_DACH2_ADAMTS5",0.388810114871398
"_TGAGCGCAGTTCATGC-6","Glut-DACH2-6","Ex_DACH2_CEMIP",0.428987664359125
"_TGAGCGCCATACACCA-6","Glut-DACH2-8","Ex_SATB2_FOXP2",0.479501175746178
"_TGAGCGCTCAGGAACG-6","Glut-SATB2-1","Ex_SATB2_FOXP2",0.437784709024237
"_TGAGGAGAGCGTGTCC-6","Glut-DACH2-7","Ex_DACH2_LHX2",0.432234962487051
"_TGAGGAGCACCCTATC-6","Glut-DACH2-7","Ex_DACH2_ADAMTS5",0.35296984509986
"_TGAGGAGGTGCATCTA-6","Glut-DACH2-5","Ex_DACH2_ADAMTS5",0.619293511951975
"_TGAGGAGGTTACCTGA-6","Glut-DACH2-5","Ex_DACH2_LHX2",0.525097336316246
"_TGAGGGAAGAACTTCC-6","Glut-DACH2-6","Ex_DACH2_ZMAT4",0.258498048923368
"_TGAGGGATCGGCGATC-6","Glut-DACH2-5","Ex_DACH2_ADAMTS5",0.311462846077194
"_TGAGGTTAGGCGACAT-6","Glut-DACH2-5","Ex_DACH2_ADAMTS5",0.342889783005713
"_TGAGGTTAGTCTGCGC-6","Glut-DACH2-6","Ex_DACH2_CEMIP",0.713317346162551
"_TGAGGTTGTCTAACGT-6","Glut-DACH2-6","Ex_DACH2_CEMIP",0.66458629449288
"_TGAGGTTGTCTACTGA-6","Glut-DACH2-7","Ex_DACH2_LHX2",0.430882275539839
"_TGAGGTTGTTCTCTCG-6","Glut-DACH2-8","Ex_DACH2_ZMAT4",0.542818528685108
"_TGAGGTTGTTTGAACC-6","Glut-DACH2-8","Ex_DACH2_ZMAT4",0.656576379482606
"_TGAGTCACAATCGCGC-6","Glut-DACH2-7","Ex_DACH2_MGAT4C",0.310673674296155
"_TGAGTCACAGTCGCAC-6","Glut-DACH2-5","Ex_DACH2_LHX2",0.36416986164893
"_TGAGTCAGTCAACCTA-6","Glut-DACH2-5","Ex_DACH2_LHX2",0.385156522739614
"_TGAGTCATCAGAGCAG-6","Glut-SATB2-1","Ex_SATB2_FOXP2",0.437924787680765
"_TGATCAGGTAGCTCGC-6","Glut-DACH2-6","Ex_DACH2_CEMIP",0.407476476506952
"_TGATCTTAGGTAAGTT-6","Glut-DACH2-7","Ex_DACH2_ADAMTS5",0.262320725438641
"_TGATCTTCAAATGCGG-6","Glut-DACH2-7","Ex_DACH2_ADAMTS5",0.386042045073815
"_TGATCTTGTGGCATCC-6","Glut-DACH2-5","Ex_DACH2_LHX2",0.379981244381162
"_TGATGCAAGTCACAGG-6","Glut-DACH2-7","Ex_DACH2_GRIK4",0.408087747958941
"_TGATGGTAGGCTTAGG-6","Glut-DACH2-7","Ex_DACH2_ADAMTS5",0.354945651683392
"_TGATGGTAGTCGTTAC-6","Glut-DACH2-5","Ex_DACH2_LHX2",0.390286770806188
"_TGATGGTCAGCATACT-6","Glut-DACH2-1","Ex_DACH2_LHX2",0.509034433129906
"_TGATGGTTCTCCACTG-6","Glut-DACH2-8","Ex_DACH2_ZMAT4",0.613898057915054
"_TGATGGTTCTTCTTCC-6","Glut-DACH2-7","Ex_DACH2_LHX2",0.290566548665478
"_TGATTCTAGATACAGT-6","Glut-SATB2-1","Ex_SATB2_FOXP2",0.621544434303014
"_TGATTCTGTATGCAAA-6","Glut-DACH2-6","Ex_DACH2_ZMAT4",0.452507404893754
"_TGATTCTGTTCTTCAT-6","Glut-DACH2-6","Ex_DACH2_CEMIP",0.415987426227131
"_TGATTTCCACACTTAG-6","Glut-DACH2-5","Ex_DACH2_ADAMTS5",0.416290690920424
"_TGATTTCGTCGCGTCA-6","Glut-DACH2-7","Ex_DACH2_ADAMTS5",0.405273890648541
"_TGATTTCGTTATGGTC-6","Glut-DACH2-5","Ex_DACH2_LHX2",0.485713342791353
"_TGCACGGAGATGGTAT-6","Glut-SATB2-1","Ex_SATB2_SOX6",0.482715986829995
"_TGCACGGAGTATGGCG-6","Glut-DACH2-7","Ex_DACH2_GRIK4",0.343770519611435
"_TGCACGGAGTCTAACC-6","Glut-DACH2-7","Ex_DACH2_GRIK4",0.278077938781207
"_TGCACGGCAATAACGA-6","Glut-SATB2-1","Ex_SATB2_FOXP2",0.59260148249266
"_TGCACGGCACAAAGCG-6","Glut-DACH2-5","Ex_DACH2_LHX2",0.520948166525457
"_TGCACGGTCTTTCAGT-6","Glut-DACH2-7","Ex_DACH2_LHX2",0.449741625079552
"_TGCAGATAGGGTTTCT-6","Glut-DACH2-7","Ex_DACH2_GRIK4",0.310829203079584
"_TGCAGATCATCAGCGC-6","Glut-DACH2-8","Ex_DACH2_ZMAT4",0.596959454133429
"_TGCAGATTCCGCTGTT-6","Glut-DACH2-7","Ex_DACH2_ADAMTS5",0.499547277967589
"_TGCAGATTCTTGGTGA-6","Glut-DACH2-8","Ex_DACH2_ZMAT4",0.586948146635943
"_TGCAGGCAGTGTTCAC-6","Glut-DACH2-6","Ex_DACH2_CEMIP",0.636507946579907
"_TGCAGGCCACGAAAGC-6","Glut-DACH2-8","Ex_DACH2_ZMAT4",0.624226007206641
"_TGCAGGCCACGACCTG-6","Glut-DACH2-5","Ex_DACH2_GRIK4",0.357177008796411
"_TGCAGGCCAGAATCGG-6","Glut-SATB2-1","Ex_SATB2_SOX6",0.475000065250882
"_TGCAGGCGTGCCCGTA-6","Glut-DACH2-7","Ex_DACH2_LHX2",0.355419153400648
"_TGCAGGCTCGGTCGAC-6","Glut-DACH2-7","Ex_DACH2_NR4A3",0.627906873152409
"_TGCAGTACAACAGATA-6","Glut-DACH2-6","Ex_DACH2_CEMIP",0.418393839247063
"_TGCAGTACATTAGGCT-6","Glut-DACH2-6","Ex_DACH2_CEMIP",0.300632077809685
"_TGCATCCCACCTTCCA-6","Glut-DACH2-7","Ex_DACH2_NR4A3",0.805857943054946
"_TGCATCCTCCCTCAAC-6","Glut-DACH2-7","Ex_DACH2_ADAMTS5",0.338948011635061
"_TGCATGAAGGCATCGA-6","Glut-SATB2-1","Ex_SATB2_FOXP2",0.537824314126741
"_TGCATGACATTGCCGG-6","Glut-DACH2-5","Ex_DACH2_GRIK4",0.260171244463755
"_TGCATGAGTGACTGTT-6","Glut-DACH2-5","Ex_DACH2_ADAMTS5",0.312130303620503
"_TGCCGAGAGAGAGCGG-6","Glut-DACH2-7","Ex_DACH2_GRIK4",0.399406764257779
"_TGCCGAGCAATGACCT-6","Glut-DACH2-5","Ex_DACH2_ADAMTS5",0.426192698306781
"_TGCCGAGCAATTTCTC-6","Glut-DACH2-7","Ex_DACH2_ADAMTS5",0.300382025352432
"_TGCCGAGCACACACGC-6","Glut-DACH2-7","Ex_DACH2_ADAMTS5",0.290282037316053
"_TGCCGAGTCCGGCAAC-6","Glut-DACH2-6","Ex_DACH2_CEMIP",0.693789002582347
"_TGCGACGAGCCTCATA-6","Glut-DACH2-7","Ex_DACH2_ADAMTS5",0.323112946238694
"_TGCGACGCAAGGCGTA-6","Glut-DACH2-5","Ex_DACH2_LHX2",0.507293817378783
"_TGCGACGGTATAATGG-6","Glut-DACH2-7","Ex_DACH2_GRIK4",0.302149595636222
"_TGCGACGGTTTCGGCG-6","Glut-DACH2-5","Ex_DACH2_ADAMTS5",0.33343115434325
"_TGCGACGTCATCAGTG-6","Glut-DACH2-7","Ex_DACH2_GRIK4",0.229645901283503
"_TGCGACGTCGCCGATG-6","Glut-DACH2-7","Ex_DACH2_ADAMTS5",0.234074388811111
"_TGCGATACAGACCAGA-6","Glut-DACH2-8","Ex_DACH2_ZMAT4",0.563861216225059
"_TGCGATAGTGTAGGAC-6","Glut-DACH2-6","Ex_DACH2_CEMIP",0.587391518541949
"_TGCGATATCCAGCAAT-6","Glut-DACH2-6","Ex_DACH2_CEMIP",0.528964357770022
"_TGCGATATCCCGAGAC-6","Glut-DACH2-5","Ex_DACH2_ADAMTS5",0.315386897425722
"_TGCGGCATCCTCACCA-6","Glut-DACH2-8","Ex_DACH2_ZMAT4",0.597732633344768
"_TGCGGGTAGGAGGTTC-6","Glut-SATB2-1","Ex_SATB2_ZNF385B",0.711326049138889
"_TGCGGGTGTACTTCCC-6","Glut-SATB2-1","Ex_SATB2_SOX6",0.432749691202515
"_TGCTCCAAGATGCTTC-6","Glut-DACH2-8","Ex_DACH2_ZMAT4",0.634240931633341
"_TGCTCCAAGGCACGAT-6","Glut-DACH2-7","Ex_DACH2_ADAMTS5",0.329050571849241
"_TGCTCCAAGGTGGCTA-6","Glut-SATB2-1","Ex_SATB2_SOX6",0.450083333808149
"_TGCTCCACAGAGACTG-6","Glut-DACH2-6","Ex_DACH2_CEMIP",0.602327095547829
"_TGCTCCATCTAAGCGT-6","Glut-DACH2-8","Ex_DACH2_ZMAT4",0.641760701179444
"_TGCTGAACAGTATGAA-6","Glut-DACH2-7","Ex_DACH2_NR4A3",0.482400744446346
"_TGCTGAATCCATCAGA-6","Glut-DACH2-8","Ex_DACH2_ZMAT4",0.499251977277305
"_TGCTGAATCTAGTTCT-6","Glut-SATB2-1","Ex_SATB2_FOXP2",0.516826106158517
"_TGCTTCGCAACTCGTA-6","Glut-SATB2-1","Ex_SATB2_SOX6",0.419716175373917
"_TGCTTCGTCCTGCCAT-6","Glut-DACH2-5","Ex_DACH2_LHX2",0.564882641738638
"_TGGAACTCACAATTCG-6","Glut-DACH2-1","Ex_DACH2_LHX2",0.520290066268622
"_TGGAACTCACCCAACG-6","Glut-SATB2-1","Ex_SATB2_ZNF385B",0.687289354326949
"_TGGAACTGTCTGATAC-6","Glut-DACH2-7","Ex_DACH2_GRIK4",0.367378229003414
"_TGGAACTTCAATGTCG-6","Glut-DACH2-8","Ex_DACH2_ZMAT4",0.580230626513958
"_TGGAACTTCAGCTCTC-6","Glut-DACH2-5","Ex_DACH2_LHX2",0.33314514146805
"_TGGAGAGCACCTTCCA-6","Glut-DACH2-5","Ex_DACH2_GRIK4",0.215188880448097
"_TGGAGAGGTCATCGCG-6","Glut-DACH2-7","Ex_DACH2_GRIK4",0.305274876813664
"_TGGAGAGTCAGAGTGG-6","Glut-DACH2-5","Ex_DACH2_ADAMTS5",0.558910625058317
"_TGGAGAGTCGTGACTA-6","Glut-DACH2-8","Ex_DACH2_ZMAT4",0.629357268772447
"_TGGAGAGTCTGTCCCA-6","Glut-DACH2-5","Ex_DACH2_LHX2",0.434998029358426
"_TGGAGGAAGTGGTTGG-6","Glut-DACH2-6","Ex_DACH2_CEMIP",0.531325114037243
"_TGGAGGACAAAGCAAT-6","Glut-DACH2-5","Ex_DACH2_ADAMTS5",0.456556928659123
"_TGGAGGAGTTTAGAGA-6","Glut-DACH2-7","Ex_DACH2_GRIK4",0.609236077018303
"_TGGATCAAGTATTGCC-6","Glut-DACH2-7","Ex_DACH2_LHX2",0.409681483290059
"_TGGATCACAGAACCGA-6","Glut-DACH2-5","Ex_DACH2_ADAMTS5",0.361545795856819
"_TGGATCACATCGGTTA-6","Glut-DACH2-5","Ex_DACH2_LHX2",0.432818852064959
"_TGGATCACATGACGTT-6","Glut-SATB2-1","Ex_SATB2_FOXP2",0.423798862579384
"_TGGATCATCACTGGGC-6","Glut-DACH2-6","Ex_DACH2_CEMIP",0.527465153528039
"_TGGATCATCCCAGGAC-6","Glut-DACH2-6","Ex_DACH2_ITGA9",0.249344914345393
"_TGGATCATCCGTGGCA-6","Glut-DACH2-6","Ex_DACH2_CEMIP",0.331516308666865
"_TGGATGTCATGGAATA-6","Glut-DACH2-5","Ex_DACH2_LHX2",0.36188470646765
"_TGGATGTTCTGAGATC-6","Glut-DACH2-5","Ex_DACH2_ADAMTS5",0.386372674935359
"_TGGGAAGCAAATTAGG-6","Glut-DACH2-6","Ex_DACH2_ZMAT4",0.450099283292401
"_TGGGAAGCATCTCCCA-6","Glut-DACH2-7","Ex_DACH2_GRIK4",0.343938807725802
"_TGGGAAGCATTAGGCT-6","Glut-DACH2-7","Ex_DACH2_ADAMTS5",0.379285968909927
"_TGGGAAGTCGCCTCTA-6","Glut-DACH2-7","Ex_DACH2_ADAMTS5",0.482626825378617
"_TGGGAGAAGCGAAACC-6","Glut-DACH2-6","Ex_DACH2_CEMIP",0.609129443713878
"_TGGGATTAGGCCTTGC-6","Glut-DACH2-7","Ex_DACH2_LHX2",0.312270241472049
"_TGGGATTAGTGCGCTC-6","Glut-SATB2-1","Ex_SATB2_FOXP2",0.379507931436579
"_TGGGATTGTTTAGACC-6","Glut-DACH2-6","Ex_DACH2_ZMAT4",0.385511289091996
"_TGGGATTTCCAAGGGA-6","Glut-SATB2-1","Ex_SATB2_FOXP2",0.626743979208168
"_TGGGATTTCTTGCGCT-6","Glut-DACH2-8","Ex_DACH2_ZMAT4",0.420924350923902
"_TGGGCGTTCGCAACAT-6","Glut-DACH2-6","Ex_DACH2_CEMIP",0.494159946692044
"_TGGGCTGGTAACACCT-6","Glut-DACH2-7","Ex_DACH2_ADAMTS5",0.415206735685169
"_TGGGCTGTCCAAGCAT-6","Glut-DACH2-1","Ex_DACH2_LHX2",0.48894282804762
"_TGGGTTAAGGGCTAAC-6","Glut-DACH2-5","Ex_DACH2_LHX2",0.339837869956295
"_TGGGTTACAATGGGTG-6","Glut-DACH2-6","Ex_DACH2_CEMIP",0.608626518903212
"_TGGGTTACAGCACGAA-6","Glut-DACH2-7","Ex_DACH2_ADAMTS5",0.343635608120745
"_TGGGTTATCCGCACGA-6","Glut-DACH2-7","Ex_DACH2_ADAMTS5",0.410683613055882
"_TGGTACAAGGTAGACC-6","Glut-DACH2-5","Ex_DACH2_LHX2",0.470192587017498
"_TGGTACAAGGTTGACG-6","Glut-DACH2-8","Ex_DACH2_ZMAT4",0.622564522371815
"_TGGTACACACACTGGC-6","Glut-DACH2-1","Ex_DACH2_ADAMTS5",0.420841485760509
"_TGGTGATAGTCCTACA-6","Glut-DACH2-7","Ex_DACH2_NR4A3",0.289266142518767
"_TGGTGATGTATTCCGA-6","Glut-DACH2-1","Ex_DACH2_ADAMTS5",0.365867688203877
"_TGGTGATGTCTCTCTG-6","Glut-DACH2-7","Ex_DACH2_MGAT4C",0.302812985532208
"_TGGTGATTCACTGATG-6","Glut-DACH2-8","Ex_DACH2_ZMAT4",0.546482388526021
"_TGGTGATTCATTCACT-6","Glut-DACH2-6","Ex_DACH2_CEMIP",0.352726359657245
"_TGGTGATTCCACTAGA-6","Glut-SATB2-1","Ex_SATB2_FOXP2",0.479983404490969
"_TGGTGATTCGATTGGT-6","Glut-DACH2-6","Ex_DACH2_CEMIP",0.658492554892034
"_TGGTGATTCGATTTCT-6","Glut-SATB2-1","Ex_DACH2_GRIK4",0.247827262116033
"_TGGTGATTCTGTGTGA-6","Glut-DACH2-7","Ex_DACH2_GRIK4",0.412787904660535
"_TGGTTAGAGCGATTCT-6","Glut-DACH2-7","Ex_DACH2_GRIK4",0.274727132116797
"_TGGTTAGCACAAGCTT-6","Glut-DACH2-8","Ex_DACH2_ZMAT4",0.599166481145975
"_TGGTTAGCACACCGAC-6","Glut-DACH2-8","Ex_DACH2_ZMAT4",0.63891236956149
"_TGGTTAGGTCATATGC-6","Glut-DACH2-5","Ex_DACH2_ADAMTS5",0.368119478340704
"_TGGTTAGTCCGGACTG-6","Glut-DACH2-7","Ex_DACH2_NR4A3",0.622504758033773
"_TGGTTAGTCTCCGCAT-6","Glut-DACH2-7","Ex_DACH2_ADAMTS5",0.322467513504472
"_TGTAACGCACCCTGAG-6","Glut-DACH2-7","Ex_DACH2_NR4A3",0.381618939193545
"_TGTAACGTCTTACCGC-6","Glut-SATB2-1","Ex_SATB2_ZNF385B",0.347793479527982
"_TGTAAGCAGGTTGAGC-6","Glut-DACH2-5","Ex_DACH2_LHX2",0.46918800193817
"_TGTAAGCCAACTGTGT-6","Glut-DACH2-6","Ex_DACH2_CEMIP",0.428878271563038
"_TGTACAGCATGACGGA-6","Glut-SATB2-1","Ex_SATB2_SOX6",0.473826981489176
"_TGTACAGCATTGTACG-6","Glut-DACH2-5","Ex_DACH2_LHX2",0.455215746710043
"_TGTACAGTCCATTTGT-6","Glut-DACH2-5","Ex_DACH2_LHX2",0.540995036005818
"_TGTAGACCAGACTCTA-6","Glut-DACH2-8","Ex_DACH2_ZMAT4",0.584178042052704
"_TGTAGACCAGGCAATG-6","Glut-DACH2-8","Ex_DACH2_ZMAT4",0.611624878954796
"_TGTAGACTCTAGGCCG-6","Glut-SATB2-1","Ex_SATB2_FOXP2",0.44614277817482
"_TGTCAGAAGCACTTTG-6","Glut-DACH2-6","Ex_DACH2_CEMIP",0.581807614371573
"_TGTCAGACACAGCTGC-6","Glut-SATB2-1","Ex_SATB2_FOXP2",0.553727230474944
"_TGTCCACGTGTCCCTT-6","Glut-DACH2-5","Ex_DACH2_GRIK4",0.289892638493048
"_TGTCCACTCTGAATGC-6","Glut-DACH2-6","Ex_DACH2_ZMAT4",0.417851850416241
"_TGTCCCACAATAGTCC-6","Glut-DACH2-5","Ex_DACH2_ADAMTS5",0.281051779756379
"_TGTCCCACAGAAGTGC-6","Glut-DACH2-8","Ex_DACH2_ZMAT4",0.670822273057477
"_TGTCCCAGTCTGCAAT-6","Glut-DACH2-5","Ex_DACH2_LHX2",0.321777961339322
"_TGTCCCAGTTACAGCT-6","Glut-DACH2-7","Ex_DACH2_ADAMTS5",0.331589984401709
"_TGTCCCATCTTCTTCC-6","Glut-DACH2-7","Ex_DACH2_LHX2",0.480812972188721
"_TGTCCTGGTCTACACA-6","Glut-DACH2-5","Ex_DACH2_ADAMTS5",0.460490496227638
"_TGTGAGTAGCCTTTGA-6","Glut-DACH2-7","Ex_DACH2_ITGA9",0.24364662958088
"_TGTGATGAGGACATCG-6","Glut-DACH2-7","Ex_DACH2_GRIK4",0.398812228112097
"_TGTGATGAGGCCTGAA-6","Glut-DACH2-7","Ex_DACH2_NR4A3",0.289928834806827
"_TGTGATGCAGCTATTG-6","Glut-DACH2-5","Ex_DACH2_LHX2",0.538163945077945
"_TGTGATGCATACCATG-6","Glut-SATB2-1","Ex_SATB2_SOX6",0.471751018198986
"_TGTGCGGCAAACGGCA-6","Glut-DACH2-6","Ex_DACH2_ZMAT4",0.453594511005662
"_TGTGCGGGTAACCAGG-6","Glut-DACH2-1","Ex_DACH2_ADAMTS5",0.301501755295628
"_TGTGCGGGTACCCGAC-6","Glut-DACH2-5","Ex_DACH2_GRIK4",0.319129495189522
"_TGTGCGGGTCCACTCT-6","Glut-DACH2-6","Ex_DACH2_ZMAT4",0.335355250250697
"_TGTGCGGTCAAGCTGT-6","Glut-DACH2-8","Ex_DACH2_ZMAT4",0.636139862975001
"_TGTGGCGGTAGTCACT-6","Glut-DACH2-LMANsh","Ex_DACH2_ADAMTS5",0.363953810345749
"_TGTGGCGTCCGTACGG-6","Glut-DACH2-5","Ex_DACH2_ADAMTS5",0.355683769643062
"_TGTGTGACAACGCCCA-6","Glut-SATB2-1","Ex_SATB2_FOXP2",0.470003979814062
"_TGTGTGACACCCTTGT-6","Glut-DACH2-7","Ex_DACH2_GRIK4",0.580154018922354
"_TGTGTGAGTCTGTCCT-6","Glut-DACH2-7","Ex_DACH2_ADAMTS5",0.440747983193234
"_TGTGTGAGTTGAGTCT-6","Glut-DACH2-6","Ex_DACH2_ZMAT4",0.534193141765301
"_TGTTACTCAAGAATAC-6","Glut-DACH2-7","Ex_DACH2_GRIK4",0.374236471805845
"_TGTTACTGTAGCGCCT-6","Glut-DACH2-5","Ex_DACH2_ADAMTS5",0.47622500986141
"_TGTTACTGTCGGTGTC-6","Glut-DACH2-5","Ex_DACH2_LHX2",0.412996446501619
"_TGTTACTTCGATCCAA-6","Glut-DACH2-6","Ex_DACH2_ZMAT4",0.411849524366026
"_TGTTCATCACGCTATA-6","Glut-DACH2-8","Ex_DACH2_ZMAT4",0.61507193965784
"_TGTTCCGAGACCGCCT-6","Glut-DACH2-5","Ex_DACH2_LHX2",0.324715657008287
"_TGTTCCGAGTGAATAC-6","Glut-DACH2-6","Ex_DACH2_CEMIP",0.273884904403622
"_TGTTCCGCATGTCAGT-6","Glut-DACH2-5","Ex_DACH2_LHX2",0.498442955968615
"_TGTTCCGTCGTTCAGA-6","Glut-DACH2-5","Ex_DACH2_LHX2",0.368178642114027
"_TGTTCTACAGTCGCTG-6","Glut-DACH2-6","Ex_DACH2_ZMAT4",0.328574943108355
"_TGTTCTATCCTTATGT-6","Glut-DACH2-5","Ex_DACH2_LHX2",0.236060797349765
"_TGTTGAGCAGATTTCG-6","Glut-DACH2-5","Ex_DACH2_ADAMTS5",0.565676224984893
"_TGTTTGTAGGCTAGCA-6","Glut-DACH2-8","Ex_DACH2_ZMAT4",0.621861232308398
"_TGTTTGTCACCTCTGT-6","Glut-DACH2-7","Ex_DACH2_ITGA9",0.246037002448343
"_TGTTTGTCAGCAATTC-6","Glut-DACH2-5","Ex_DACH2_ADAMTS5",0.30742902172138
"_TGTTTGTTCATTGTTC-6","Glut-DACH2-6","Ex_DACH2_CEMIP",0.737031961530515
"_TTAATCCAGAATCTAG-6","Glut-DACH2-6","Ex_DACH2_CEMIP",0.687306414745423
"_TTAATCCTCCTTGAAG-6","Glut-SATB2-1","Ex_SATB2_SOX6",0.509585633685162
"_TTACAGGCAAATCAAG-6","Glut-DACH2-5","Ex_DACH2_LHX2",0.376936244233743
"_TTACAGGGTACAGTTC-6","Glut-DACH2-5","Ex_DACH2_LHX2",0.469768470777069
"_TTACAGGGTCTCACGG-6","Glut-DACH2-5","Ex_DACH2_NR4A3",0.638457783298273
"_TTACAGGTCCCGATCT-6","Glut-DACH2-7","Ex_DACH2_GRIK4",0.418083513392328
"_TTACAGGTCGGCTTGG-6","Glut-DACH2-5","Ex_DACH2_ADAMTS5",0.306013826142982
"_TTACCATAGTCTGCAT-6","Glut-DACH2-6","Ex_DACH2_CEMIP",0.392444744121851
"_TTACCATCAACGAGGT-6","Glut-DACH2-5","Ex_DACH2_NR4A3",0.563771915501308
"_TTACCGCAGACGGATC-6","Glut-DACH2-7","Ex_DACH2_GRIK4",0.504107438812212
"_TTACCGCAGTAACCTC-6","Glut-DACH2-6","Ex_DACH2_CEMIP",0.408257936903387
"_TTACCGCGTCACTCTC-6","Glut-DACH2-LMANsh","Ex_DACH2_LHX2",0.544736402515106
"_TTACCGCGTGTACATC-6","Glut-DACH2-7","Ex_DACH2_ADAMTS5",0.309593945516801
"_TTACCGCTCAAAGCCT-6","Glut-DACH2-1","Ex_DACH2_GRIK4",0.295147229337981
"_TTACCGCTCTACGCGG-6","Glut-SATB2-1","Ex_SATB2_FOXP2",0.524355266073444
"_TTACGCCAGTAAACTG-6","Glut-DACH2-8","Ex_DACH2_ZMAT4",0.631081434040449
"_TTACGCCAGTCTGCAT-6","Glut-DACH2-6","Ex_DACH2_CEMIP",0.635436644483033
"_TTACGCCGTATCTTCT-6","Glut-DACH2-5","Ex_DACH2_ADAMTS5",0.433014250966305
"_TTACGCCTCGTCGCTT-6","Glut-DACH2-5","Ex_DACH2_ADAMTS5",0.305319659768233
"_TTACGCCTCTAGTGAC-6","Glut-SATB2-1","Ex_SATB2_SOX6",0.405719718769727
"_TTACGTTAGAGACAAG-6","Glut-DACH2-6","Ex_DACH2_ZMAT4",0.425729209508648
"_TTACGTTAGCTACGTT-6","Glut-DACH2-7","Ex_DACH2_ZMAT4",0.38124604880708
"_TTACGTTTCTTGAACG-6","Glut-DACH2-5","Ex_DACH2_MGAT4C",0.332456185391775
"_TTACTGTCACCACTGG-6","Glut-DACH2-6","Ex_DACH2_ZMAT4",0.538042226674897
"_TTACTGTGTCGAGCAA-6","Glut-DACH2-7","Ex_DACH2_GRIK4",0.437354114832535
"_TTACTGTGTGGCGTAA-6","Glut-DACH2-5","Ex_DACH2_LHX2",0.388282971175681
"_TTAGGCAAGCGCCTTG-6","Glut-DACH2-8","Ex_DACH2_ZMAT4",0.57718521270853
"_TTAGGCATCAAGTCGT-6","Glut-DACH2-7","Ex_DACH2_GRIK4",0.287810562617669
"_TTAGGGTAGCAGGCAT-6","Glut-SATB2-1","Ex_SATB2_SOX6",0.554698364251553
"_TTAGGGTAGGCACAAC-6","Glut-DACH2-2","Ex_DACH2_LHX2",0.406801051316885
"_TTAGGGTCAGCAGTAG-6","Glut-DACH2-1","Ex_DACH2_ADAMTS5",0.19094157272781
"_TTAGGGTGTCACCTTC-6","Glut-DACH2-6","Ex_DACH2_CEMIP",0.550619343526934
"_TTAGGGTTCGAGAAGC-6","Glut-SATB2-1","Ex_SATB2_FOXP2",0.50378970808993
"_TTAGGGTTCTGTGCAA-6","Glut-DACH2-7","Ex_DACH2_ADAMTS5",0.314157220972581
"_TTAGTCTCAGAGGAAA-6","Glut-DACH2-6","Ex_DACH2_CEMIP",0.493780981229938
"_TTAGTCTCAGGTCAAG-6","Glut-SATB2-1","Ex_SATB2_SOX6",0.538535903841836
"_TTAGTCTGTGGCCCAT-6","Glut-DACH2-5","Ex_DACH2_ADAMTS5",0.486244321348577
"_TTATTGCGTCCCTGAG-6","Glut-DACH2-7","Ex_DACH2_ADAMTS5",0.602946129458263
"_TTATTGCTCGACCTAA-6","Glut-DACH2-5","Ex_DACH2_LHX2",0.450639701467955
"_TTCAATCAGAAACTGT-6","Glut-DACH2-8","Ex_DACH2_ZMAT4",0.462518689175242
"_TTCAATCCACTTGAAC-6","Glut-DACH2-8","Ex_DACH2_ZMAT4",0.646864285471778
"_TTCAATCGTACTCCCT-6","Glut-DACH2-1","Ex_DACH2_NR4A3",0.593908607855567
"_TTCAATCGTAGACGGT-6","Glut-DACH2-6","Ex_DACH2_CEMIP",0.467209550894739
"_TTCAATCTCATGTCAG-6","Glut-DACH2-5","Ex_DACH2_LHX2",0.375562462049341
"_TTCACCGAGGTTAAAC-6","Glut-DACH2-5","Ex_DACH2_ADAMTS5",0.576919541393182
"_TTCACCGCAGGAGGTT-6","Glut-DACH2-5","Ex_DACH2_LHX2",0.513172744109959
"_TTCACGCAGCAGTAAT-6","Glut-DACH2-6","Ex_DACH2_ZMAT4",0.360436007479229
"_TTCACGCAGGAGCTGT-6","Glut-DACH2-7","Ex_DACH2_LHX2",0.54414063031858
"_TTCACGCGTGGCTGCT-6","Glut-DACH2-7","Ex_DACH2_GRIK4",0.419368203462249
"_TTCAGGAGTTGTGCCG-6","Glut-DACH2-7","Ex_DACH2_ADAMTS5",0.295594754767499
"_TTCATGTCATAGATCC-6","Glut-DACH2-7","Ex_DACH2_GRIK4",0.408586772780115
"_TTCATGTGTATCGAAA-6","Glut-DACH2-7","Ex_DACH2_GRIK4",0.328710182278885
"_TTCATGTGTGGCTACC-6","Glut-DACH2-7","Ex_DACH2_ADAMTS5",0.366852011164031
"_TTCATGTGTTCAAAGA-6","Glut-DACH2-8","Ex_DACH2_ZMAT4",0.590518480772571
"_TTCATGTGTTTGGGTT-6","Glut-DACH2-7","Ex_DACH2_ZMAT4",0.251522268842626
"_TTCATGTTCGATACGT-6","Glut-SATB2-1","Ex_SATB2_SOX6",0.488556483861929
"_TTCATTGAGGGTTTCT-6","Glut-DACH2-8","Ex_DACH2_CEMIP",0.703207682817167
"_TTCATTGCAACACTAC-6","Glut-DACH2-7","Ex_DACH2_GRIK4",0.511357180025619
"_TTCCAATAGTCATGAA-6","Glut-DACH2-7","Ex_SATB2_SOX6",0.243295672018189
"_TTCCAATGTAACATAG-6","Glut-DACH2-8","Ex_DACH2_ZMAT4",0.506676851678528
"_TTCCAATTCCCGTAAA-6","Glut-DACH2-6","Ex_DACH2_CEMIP",0.406441972835836
"_TTCCACGCAAGTCGTT-6","Glut-SATB2-1","Ex_SATB2_FOXP2",0.480854405612151
"_TTCCACGCAGGCACAA-6","Glut-DACH2-7","Ex_DACH2_GRIK4",0.238476551842593
"_TTCCACGGTGCCCGTA-6","Glut-DACH2-6","Ex_DACH2_CEMIP",0.544297825547813
"_TTCCACGGTTGGTACT-6","Glut-DACH2-7","Ex_DACH2_LHX2",0.386190090164491
"_TTCCGGTGTAGTAAGT-6","Glut-SATB2-1","Ex_SATB2_FOXP2",0.472346164561431
"_TTCCGGTGTTTGTTCT-6","Glut-DACH2-6","Ex_DACH2_CEMIP",0.311793732301782
"_TTCCGGTTCCTTCTTC-6","Glut-DACH2-7","Ex_DACH2_ADAMTS5",0.490985614979268
"_TTCCGTGCACGCGTGT-6","Glut-DACH2-6","Ex_DACH2_CEMIP",0.536009128280297
"_TTCCGTGCAGGCTATT-6","Glut-SATB2-1","Ex_SATB2_SOX6",0.525002290866205
"_TTCCGTGGTCTTGCTC-6","Glut-DACH2-6","Ex_DACH2_CEMIP",0.370687052970293
"_TTCCGTGTCAGTGATC-6","Glut-DACH2-7","Ex_DACH2_SLIT2",0.246190339815317
"_TTCCTAAAGGCTTAGG-6","Glut-DACH2-6","Ex_DACH2_CEMIP",0.519465589528411
"_TTCCTAACAATCTAGC-6","Glut-SATB2-1","Ex_SATB2_SOX6",0.537559966049101
"_TTCCTAACAGACAATA-6","Glut-SATB2-1","Ex_SATB2_SOX6",0.492434663386649
"_TTCCTAAGTCATCGGC-6","Glut-DACH2-6","Ex_DACH2_CEMIP",0.338752949115677
"_TTCCTTCGTACCCACG-6","Glut-DACH2-7","Ex_DACH2_ADAMTS5",0.352534318763397
"_TTCCTTCGTGGTTCTA-6","Glut-DACH2-5","Ex_DACH2_NR4A3",0.331062535534296
"_TTCCTTCTCCTGATAG-6","Glut-DACH2-6","Ex_DACH2_CEMIP",0.635512411495139
"_TTCCTTCTCGCGTCGA-6","Glut-DACH2-6","Ex_DACH2_CEMIP",0.654056055979076
"_TTCGATTCATGACACT-6","Glut-DACH2-7","Ex_DACH2_ADAMTS5",0.380018585215216
"_TTCGATTTCTGCACCT-6","Glut-DACH2-7","Ex_DACH2_ADAMTS5",0.403760554225869
"_TTCGCTGAGGATCATA-6","Glut-DACH2-5","Ex_DACH2_LHX2",0.449403131342843
"_TTCGGTCCACACAGCC-6","Glut-DACH2-7","Ex_DACH2_GRIK4",0.409775284242677
"_TTCGGTCCATGAATCC-6","Glut-DACH2-5","Ex_DACH2_NR4A3",0.29981228830298
"_TTCGGTCGTACGCTAT-6","Glut-DACH2-7","Ex_DACH2_GRIK4",0.364199507144297
"_TTCGGTCGTCGAGCTC-6","Glut-DACH2-6","Ex_DACH2_CEMIP",0.752363079292922
"_TTCTAACCAAACTAGA-6","Glut-DACH2-7","Ex_DACH2_NR4A3",0.404355203019924
"_TTCTAACGTTCCTAGA-6","Glut-SATB2-1","Ex_SATB2_ZNF385B",0.562084806699896
"_TTCTAACTCTGCCTGT-6","Glut-DACH2-5","Ex_DACH2_LHX2",0.351648516345908
"_TTCTCTCCATGTGTCA-6","Glut-DACH2-5","Ex_DACH2_NR4A3",0.518283291431324
"_TTCTCTCGTGCCCGTA-6","Glut-DACH2-7","Ex_DACH2_ADAMTS5",0.343649251764689
"_TTCTCTCTCCCGAGGT-6","Glut-DACH2-7","Ex_DACH2_GRIK4",0.401559541802513
"_TTCTCTCTCCTACCAC-6","Glut-DACH2-7","Ex_DACH2_GRIK4",0.481919541589591
"_TTCTGTATCATCCTGC-6","Glut-DACH2-6","Ex_DACH2_CEMIP",0.831625265803004
"_TTCTTCCAGAGTCGAC-6","Glut-DACH2-7","Ex_DACH2_ADAMTS5",0.570734539340491
"_TTCTTCCAGCTCACTA-6","Glut-DACH2-7","Ex_DACH2_GRIK4",0.410819404160584
"_TTCTTCCAGGCTAGCA-6","Glut-DACH2-5","Ex_DACH2_GRIK4",0.239357996603832
"_TTCTTCCGTACAAGTA-6","Glut-DACH2-5","Ex_DACH2_LHX2",0.300653776140767
"_TTCTTCCTCCACGAAT-6","Glut-DACH2-7","Ex_DACH2_ADAMTS5",0.359497320752089
"_TTCTTGACAGGTCAAG-6","Glut-DACH2-5","Ex_DACH2_ADAMTS5",0.384521119138981
"_TTCTTGATCACACCCT-6","Glut-DACH2-8","Ex_DACH2_ZMAT4",0.626760601474158
"_TTGAACGAGAAACTAC-6","Glut-DACH2-5","Ex_DACH2_GRIK4",0.359743853376456
"_TTGAACGAGGCACGAT-6","Glut-DACH2-7","Ex_DACH2_GRIK4",0.390687964179957
"_TTGAACGCACATATCG-6","Glut-SATB2-1","Ex_SATB2_SOX6",0.554693968777292
"_TTGACCCCACATGAAA-6","Glut-DACH2-7","Ex_DACH2_ADAMTS5",0.357245989261516
"_TTGACCCCATATAGCC-6","Glut-DACH2-5","Ex_DACH2_ADAMTS5",0.510161499941616
"_TTGACCCTCTTCGTGC-6","Glut-DACH2-5","Ex_DACH2_GRIK4",0.308796137526344
"_TTGAGTGGTCCTACAA-6","Glut-DACH2-6","Ex_DACH2_CEMIP",0.395374920829177
"_TTGAGTGTCACAGTGT-6","Glut-DACH2-6","Ex_DACH2_ITGA9",0.388152806294826
"_TTGATGGAGGCCTAAG-6","Glut-DACH2-7","Ex_DACH2_LHX2",0.385271480597641
"_TTGCATTCACGAGGTA-6","Glut-DACH2-5","Ex_DACH2_ADAMTS5",0.319843644583346
"_TTGCATTGTGTGTTTG-6","Glut-DACH2-5","Ex_DACH2_ADAMTS5",0.389164339533728
"_TTGCATTTCAATCCGA-6","Glut-SATB2-1","Ex_SATB2_SOX6",0.458774791029404
"_TTGCATTTCTGGCTGG-6","Glut-DACH2-8","Ex_DACH2_ZMAT4",0.335377465887939
"_TTGCCTGAGGGTTTCT-6","Glut-DACH2-7","Ex_DACH2_ADAMTS5",0.383490319342623
"_TTGCCTGCAACCAGAG-6","Glut-DACH2-6","Ex_DACH2_ZMAT4",0.478764358874546
"_TTGCCTGGTTAAGACA-6","Glut-DACH2-6","Ex_DACH2_CEMIP",0.57628014127889
"_TTGCTGCCACCGAATT-6","Glut-DACH2-7","Ex_DACH2_ADAMTS5",0.500693673681642
"_TTGCTGCCATGGCCCA-6","Glut-DACH2-5","Ex_DACH2_LHX2",0.382933650624249
"_TTGCTGCGTATTGAGA-6","Glut-DACH2-5","Ex_DACH2_LHX2",0.517309549841716
"_TTGCTGCGTCTAATCG-6","Glut-DACH2-5","Ex_DACH2_ADAMTS5",0.27325469244833
"_TTGCTGCTCGTAATGC-6","Glut-DACH2-6","Ex_DACH2_CEMIP",0.667459410485345
"_TTGCTGCTCTGACAGT-6","Glut-DACH2-8","Ex_DACH2_ZMAT4",0.627239300718495
"_TTGGATGAGAAATGGG-6","Glut-DACH2-7","Ex_DACH2_ADAMTS5",0.408662207295994
"_TTGGATGAGCATGCAG-6","Glut-DACH2-7","Ex_DACH2_MGAT4C",0.323754501414725
"_TTGGATGAGTCGGGAT-6","Glut-DACH2-5","Ex_DACH2_ADAMTS5",0.410371484286292
"_TTGGATGTCCTGGGAC-6","Glut-DACH2-7","Ex_DACH2_GRIK4",0.32637687634355
"_TTGGGATAGGTAAGTT-6","Glut-DACH2-6","Ex_DACH2_CEMIP",0.375326153359045
"_TTGGGATCAATAGTAG-6","Glut-SATB2-1","Ex_SATB2_SOX6",0.522637870649252
"_TTGGGATCAGCTAACT-6","Glut-DACH2-7","Ex_DACH2_ADAMTS5",0.366280441159444
"_TTGGGCGAGGCGATAC-6","Glut-SATB2-1","Ex_SATB2_ZNF385B",0.744489456341992
"_TTGGGCGCACTGAGTT-6","Glut-DACH2-1","Ex_DACH2_ADAMTS5",0.419688076624992
"_TTGGGCGGTAACCCGC-6","Glut-DACH2-7","Ex_DACH2_GRIK4",0.303837418586069
"_TTGGGCGGTAGCTAAA-6","Glut-DACH2-5","Ex_DACH2_ADAMTS5",0.619010527811576
"_TTGGGCGGTTTCGTAG-6","Glut-DACH2-6","Ex_DACH2_CEMIP",0.570141238199232
"_TTGGGTAAGTATGAGT-6","Glut-DACH2-6","Ex_DACH2_ZMAT4",0.412892839438776
"_TTGGGTACATACTGTG-6","Glut-DACH2-7","Ex_DACH2_LHX2",0.42144508368865
"_TTGGGTATCAATGTCG-6","Glut-DACH2-6","Ex_DACH2_CEMIP",0.410845564413495
"_TTGGGTATCCATGAGT-6","Glut-DACH2-5","Ex_DACH2_LHX2",0.532549674761267
"_TTGGTTTAGACAAGCC-6","Glut-DACH2-5","Ex_DACH2_LHX2",0.376913227478818
"_TTGGTTTCAATTCTTC-6","Glut-SATB2-1","Ex_SATB2_FOXP2",0.395219238510261
"_TTGGTTTGTGCTGATT-6","Glut-DACH2-6","Ex_DACH2_CEMIP",0.741794405593374
"_TTGGTTTGTTAGGCTT-6","Glut-SATB2-1","Ex_SATB2_SOX6",0.394212004128358
"_TTGGTTTGTTCGCGTG-6","Glut-DACH2-8","Ex_DACH2_ZMAT4",0.622844135881987
"_TTGGTTTTCCGCACGA-6","Glut-DACH2-6","Ex_DACH2_CEMIP",0.675791458654073
"_TTGTGGAAGTTGGAGC-6","Glut-DACH2-5","Ex_DACH2_ADAMTS5",0.514588587098
"_TTGTGGAGTCATACCA-6","Glut-DACH2-7","Ex_DACH2_ADAMTS5",0.244565995350475
"_TTGTGTTAGGCGAAGG-6","Glut-SATB2-1","Ex_SATB2_ZNF385B",0.45205568597522
"_TTGTGTTGTTTAGACC-6","Glut-SATB2-1","Ex_SATB2_SOX6",0.477428680424979
"_TTGTGTTTCTAGACAC-6","Glut-DACH2-7","Ex_DACH2_GRIK4",0.456490480993826
"_TTGTTCAAGCGTATGG-6","Glut-DACH2-7","Ex_DACH2_GRIK4",0.37835838175001
"_TTGTTCACAATAGGGC-6","Glut-SATB2-1","Ex_SATB2_SOX6",0.561098832904361
"_TTGTTCAGTGTCCCTT-6","Glut-DACH2-7","Ex_DACH2_GRIK4",0.367422166243145
"_TTGTTCATCCACGGGT-6","Glut-DACH2-5","Ex_DACH2_ADAMTS5",0.266874073483527
"_TTGTTGTCAAGCTGTT-6","Glut-DACH2-6","Ex_DACH2_CEMIP",0.691307468396407
"_TTGTTTGCAAACGGCA-6","Glut-DACH2-5","Ex_DACH2_ADAMTS5",0.546378277645484
"_TTGTTTGTCTCCAATT-6","Glut-DACH2-7","Ex_DACH2_GRIK4",0.269954802479267
"_TTTACCACAGACACAG-6","Glut-DACH2-6","Ex_DACH2_CEMIP",0.52504382748331
"_TTTACCAGTGTCGCTG-6","Glut-DACH2-6","Ex_DACH2_ZMAT4",0.575790990412275
"_TTTACCAGTTATCCAG-6","Glut-DACH2-6","Ex_DACH2_ZMAT4",0.42896938651198
"_TTTACCATCAAAGAAC-6","Glut-DACH2-5","Ex_DACH2_LHX2",0.543864268367133
"_TTTACCATCCTCTTTC-6","Glut-DACH2-4","Ex_SATB2_SOX6",0.445481170965468
"_TTTACTGCAAAGGGCT-6","Glut-DACH2-6","Ex_DACH2_CEMIP",0.437025104620915
"_TTTACTGCAGTAGAAT-6","Glut-DACH2-7","Ex_DACH2_GRIK4",0.296499029259994
"_TTTACTGTCAAGTTGC-6","Glut-DACH2-7","Ex_DACH2_ITGA9",0.285429115412829
"_TTTACTGTCAGTGCGC-6","Glut-DACH2-5","Ex_DACH2_MGAT4C",0.331542751729485
"_TTTACTGTCCACTTTA-6","Glut-DACH2-5","Ex_DACH2_ADAMTS5",0.27926183933451
"_TTTACTGTCGAACCAT-6","Glut-DACH2-7","Ex_DACH2_GRIK4",0.290184654839803
"_TTTAGTCAGCGAGTCA-6","Glut-DACH2-6","Ex_DACH2_CEMIP",0.69402947415727
"_TTTAGTCCAGCTGCCA-6","Glut-DACH2-8","Ex_DACH2_ZMAT4",0.58757533940232
"_TTTAGTCCATCTATCT-6","Glut-DACH2-6","Ex_DACH2_CEMIP",0.37922816124332
"_TTTAGTCTCGGTAACT-6","Glut-DACH2-5","Ex_DACH2_ADAMTS5",0.404088897867258
"_TTTAGTCTCGTAGGGA-6","Glut-DACH2-7","Ex_DACH2_GRIK4",0.560386362463681
"_TTTAGTCTCGTTGTTT-6","Glut-SATB2-1","Ex_SATB2_SOX6",0.553619848121526
"_TTTATGCAGACATAGT-6","Glut-DACH2-7","Ex_DACH2_GRIK4",0.447082740016843
"_TTTATGCAGCTCTGTA-6","Glut-DACH2-8","Ex_DACH2_ZMAT4",0.51492190015391
"_TTTATGCAGCTGTGCC-6","Glut-SATB2-1","Ex_SATB2_SOX6",0.503224184649682
"_TTTATGCCAGTTGTTG-6","Glut-DACH2-6","Ex_DACH2_ZMAT4",0.384512125318133
"_TTTATGCCATGGCTAT-6","Glut-DACH2-7","Ex_DACH2_GRIK4",0.5745992368542
"_TTTCAGTCAATCGCGC-6","Glut-DACH2-6","Ex_DACH2_CEMIP",0.677857670453854
"_TTTCAGTCATTAGGAA-6","Glut-DACH2-LMANsh","Ex_DACH2_LHX2",0.530485441284309
"_TTTCAGTGTCAGGCAA-6","Glut-DACH2-7","Ex_DACH2_GRIK4",0.34370547691922
"_TTTCAGTGTGTCCATA-6","Glut-DACH2-6","Ex_DACH2_CEMIP",0.434244508969279
"_TTTCATGAGAACAAGG-6","Glut-DACH2-5","Ex_DACH2_LHX2",0.506973285166965
"_TTTCATGGTACGGTTT-6","Glut-DACH2-6","Ex_DACH2_CEMIP",0.48488040681213
"_TTTCATGGTACTCGTA-6","Glut-DACH2-5","Ex_DACH2_LHX2",0.331002983524723
"_TTTCATGGTGGATCAG-6","Glut-DACH2-7","Ex_DACH2_ADAMTS5",0.376154078368526
"_TTTCCTCCAAGTCATC-6","Glut-DACH2-5","Ex_DACH2_ADAMTS5",0.571698553616507
"_TTTCCTCCACTCGATA-6","Glut-DACH2-8","Ex_DACH2_ZMAT4",0.59005068738531
"_TTTCCTCGTCAAGTTC-6","Glut-DACH2-7","Ex_DACH2_GRIK4",0.359727214350272
"_TTTCCTCTCGCTGATA-6","Glut-DACH2-6","Ex_DACH2_ZMAT4",0.605333577290174
"_TTTCCTCTCTGACCCT-6","Glut-DACH2-7","Ex_DACH2_GRIK4",0.25834749322823
"_TTTCGATCAGCGTTTA-6","Glut-DACH2-5","Ex_DACH2_ADAMTS5",0.398359117034353
"_TTTCGATTCGAGTACT-6","Glut-DACH2-6","Ex_DACH2_CEMIP",0.253903500117643
"_TTTCGATTCTCAATCT-6","Glut-DACH2-6","Ex_DACH2_CEMIP",0.609594045243149
"_TTTGACTGTGATTGGG-6","Glut-DACH2-6","Ex_DACH2_ZMAT4",0.383512463994135
"_TTTGACTGTGGGCTCT-6","Glut-DACH2-6","Ex_DACH2_CEMIP",0.712616132336964
"_TTTGATCAGGAGACCT-6","Glut-DACH2-6","Ex_DACH2_CEMIP",0.716539889528958
"_TTTGATCAGTTTGCTG-6","Glut-DACH2-7","Ex_DACH2_ADAMTS5",0.328060919414182
"_TTTGATCCACGACGCT-6","Glut-DACH2-7","Ex_DACH2_ADAMTS5",0.288317030919457
"_TTTGATCCATGTTTGG-6","Glut-DACH2-7","Ex_DACH2_ADAMTS5",0.502976806131837
"_TTTGGAGAGACATAGT-6","Glut-DACH2-6","Ex_DACH2_ZMAT4",0.515112842144954
"_TTTGGAGCATGATCTG-6","Glut-DACH2-5","Ex_DACH2_ADAMTS5",0.328539611407969
"_TTTGGAGGTCAGGTAG-6","Glut-DACH2-6","Ex_DACH2_CEMIP",0.463117187362428
"_TTTGGAGGTCCCTCAT-6","Glut-DACH2-6","Ex_DACH2_CEMIP",0.677179981873271
"_TTTGGAGTCAGAGCGA-6","Glut-DACH2-8","Ex_DACH2_ZMAT4",0.517092529371744
"_TTTGGAGTCATCACAG-6","Glut-DACH2-7","Ex_DACH2_GRIK4",0.298572000111168
"_TTTGGTTAGCTAAACA-6","Glut-DACH2-5","Ex_DACH2_LHX2",0.509030210374952
"_TTTGGTTCACTCGATA-6","Glut-SATB2-1","Ex_SATB2_FOXP2",0.280442073560109
"_TTTGGTTGTCGCCTAG-6","Glut-DACH2-5","Ex_DACH2_ADAMTS5",0.469871633752228
"_TTTGGTTTCGAACCAT-6","Glut-SATB2-1","Ex_SATB2_SOX6",0.498982424985643
"_TTTGGTTTCTCTCTAA-6","Glut-DACH2-7","Ex_DACH2_GRIK4",0.304378882116755
"_TTTGTTGGTCCGTTTC-6","Glut-DACH2-7","Ex_DACH2_LHX2",0.22737201691833
