"cell","query_label","predicted","score"
"SN553_CGCCATTTCCCAGGCA","Ex_Pre_SATB2","Glut-DACH2-2",0.327152738773504
"SN553_TCTATCAAGGCCCACT","Ex_Pre_KCNH7","Glut-DACH2-HVCx",0.528009383925279
"SN553_GTGTCCTCATGCACTA","Ex_Pre_KCNH7","Glut-DACH2-2",0.69894739638571
"SN553_GTTGAACAGCTCCATA","Ex_Pre_KCNH7","Glut-DACH2-HVCx",0.338766489657024
"SN553_GGTAATCCAAAGGAGA","Ex_Pre_SATB2","Glut-DACH2-2",0.655739932252647
"SN553_CGTGTCTGTCATAACC","Ex_Pre_KCNH7","Glut-DACH2-HVCx",0.746116501346859
"SN553_TCGAAGTCACTGTCGG","Ex_Pre_KCNH7","Glut-DACH2-HVCra-Int",0.239934431284377
"SN553_CGGAGAAGTTAGGACG","Ex_Pre_KCNH7","Glut-DACH2-1",0.276231767449401
"SN553_GCATGATCAGAGATTA","Ex_Pre_KCNH7","Glut-CACNA1H-3",0.34570694238097
"SN553_GGTTCTCTCCCGAAAT","Ex_Pre_KCNH7","Glut-DACH2-HVCx",0.642381789241781
"SN553_GACATCAGTATGCGTT","Ex_Pre_KCNH7","Glut-CACNA1H-3",0.277878142721846
"SN553_CTGGCAGTCGAGCACC","Ex_Pre_KCNH7","Glut-CACNA1H-2",0.277375657231828
"SN553_GGTAGAGGTCCGCAGT","Ex_Pre_KCNH7","Glut-DACH2-HVCx",0.281927494327255
"SN553_GGGACCTAGATCGACG","Ex_Pre_KCNH7","Glut-DACH2-HVCx",0.609986399847718
"SN553_TCAGGGCTCTGTCCCA","Ex_TSHZ2_NR4A2","Glut-CACNA1H-2",0.636500430940179
"SN553_ATCGTAGGTAACTAAG","Ex_TSHZ2_NR4A2","Glut-CACNA1H-1",0.623859835201509
"SN553_GAGTCTAAGCCTGTCG","Ex_TSHZ2_NR4A2","Glut-CACNA1H-1",0.766268209894936
"SN553_GCCCGAATCCCATAAG","Ex_CACNA1H_MCTP2","Glut-DACH2-2",0.338736411251566
"SN553_TGGGAGATCAATCAGC","Ex_CACNA1H_MCTP2","Glut-DACH2-2",0.373730816432207
"SN553_TCGGTCTAGATGTTAG","Ex_TSHZ2_NR4A2","Glut-CACNA1H-1",0.67524998007632
"SN553_CTTCTAATCAAGTAAG","Ex_TSHZ2_NR4A2","Glut-CACNA1H-1",0.634943055816072
"SN553_GTGCTTCAGAGAACCC","Ex_TSHZ2_NR4A2","Glut-CACNA1H-1",0.870764590907369
"SN553_TGTAACGAGTACTGGG","Ex_TSHZ2_NR4A2","Glut-DACH2-2",0.461924669083383
"SN553_AATGGAAAGCTCCATA","Ex_TSHZ2_NR4A2","Glut-CACNA1H-1",0.723856986391421
"SN553_GTTATGGCAACGACTT","Ex_TSHZ2_NR4A2","Glut-CACNA1H-1",0.663111173519309
"SN553_TGCAGTATCTAAGCGT","Ex_CACNA1H_MCTP2","Glut-CACNA1H-2",0.373135087786378
"SN553_TCCCATGTCGAAGCAG","Ex_TSHZ2_NR4A2","Glut-DACH2-2",0.695282051894989
"SN553_GGGCGTTTCGTGTGGC","Ex_TSHZ2_NR4A2","Glut-CACNA1H-1",0.66759897863734
"SN553_ATGTCTTCACTACACA","Ex_TSHZ2_NR4A2","Glut-CACNA1H-1",0.491843879173065
"SN553_GTTCGCTGTGATACCT","Ex_TSHZ2_NR4A2","Glut-CACNA1H-1",0.505572721437781
"SN553_ACACAGTTCCATTGGA","Ex_TSHZ2_NR4A2","Glut-CACNA1H-1",0.61919398832093
"SN553_TCTATCAAGTAGAGTT","Ex_TSHZ2_NR4A2","Glut-CACNA1H-1",0.769133923847861
"SN553_GAGTTTGAGCCTCTTC","Ex_TSHZ2_NR4A2","Glut-CACNA1H-1",0.736956171481351
"SN553_AGACAAATCTGAATCG","Ex_TSHZ2_NR4A2","Glut-CACNA1H-1",0.672673605043633
"SN553_TCCGATCGTCACTAGT","Ex_TSHZ2_NR4A2","Glut-CACNA1H-1",0.768002465429225
"SN553_GTTACGATCTGACGCG","Ex_TSHZ2_NR4A2","Glut-CACNA1H-1",0.383204260341872
"SN553_GACCTTCAGCCTTTGA","Ex_TSHZ2_NR4A2","Glut-CACNA1H-1",0.41902673191458
"SN553_AGCTACATCGCAGATT","Ex_TSHZ2_NR4A2","Glut-DACH2-2",0.386533043774228
"SN553_CTACAGACACGACCTG","Ex_DACH2_ITGA9","Glut-DACH2-8",0.604306429113233
"SN553_CATGCTCGTATCAGGG","Ex_DACH2_TAC1","Glut-DACH2-LMANco",0.46300631946638
"SN553_TTCCAATAGCCAGAGT","Ex_DACH2_NR4A3","Glut-DACH2-7",0.811086446140506
"SN553_GGCACGTCAAAGGCTG","Ex_DACH2_ITGA9","Glut-DACH2-8",0.271324256622626
"SN553_AGAACCTCACGTGAGA","Ex_DACH2_LHX2","Glut-DACH2-2",0.694403512694484
"SN553_GAGGCAAAGAGAACCC","Ex_DACH2_ITGA9","Glut-DACH2-8",0.595528080205072
"SN553_CCCTAACAGCTGCCAC","Ex_DACH2_NR4A3","Glut-DACH2-1",0.516156329445274
"SN553_TTCCTCTTCGGATAAA","Ex_DACH2_ITGA9","Glut-DACH2-HVCra-Int",0.244148770413313
"SN553_AACAAAGGTGTTTGCA","Ex_DACH2_ITGA9","Glut-DACH2-2",0.338406196491908
"SN553_CCTCCAAAGAAACTCA","Ex_DACH2_GRIK4","Glut-DACH2-2",0.775841387426267
"SN553_ATCATTCCATGGCGCT","Ex_DACH2_LHX2","Glut-DACH2-2",0.553532619700434
"SN553_GAGAGGTAGGCTCTCG","Ex_DACH2_GRIK4","Glut-DACH2-1",0.282540440876419
"SN553_CTTAGGATCTAAACGC","Ex_DACH2_NR4A3","Glut-DACH2-7",0.662205901448077
"SN553_CACGTTCAGTTGAATG","Ex_DACH2_MGAT4C","Glut-DACH2-2",0.463942442154898
"SN553_TCTAACTTCCGCACTT","Ex_DACH2_ADAMTS5","Glut-DACH2-5",0.505351449805427
"SN553_AAGTGAATCTGGTTGA","Ex_DACH2_ITGA9","Glut-DACH2-8",0.788956363068478
"SN553_CTGTGGGTCTCAACCC","Ex_DACH2_TAC1","Glut-DACH2-8",0.76066728315371
"SN553_CTTCTCTAGAGGTTAT","Ex_DACH2_ZMAT4","Glut-DACH2-8",0.957289509967443
"SN553_ACGGTTATCATGCCAA","Ex_DACH2_TAC1","Glut-DACH2-3",0.5157785157364
"SN553_ACTATCTTCATCACAG","Ex_DACH2_TAC1","Glut-DACH2-8",0.483780373331123
"SN553_AACGGGACACACCTGG","Ex_DACH2_ZMAT4","Glut-DACH2-8",0.881421681707097
"SN553_TATGTTCTCCTCATAT","Ex_DACH2_ADAMTS5","Glut-DACH2-1",0.45940774468504
"SN553_AGTTCGAAGGCTCCCA","Ex_DACH2_ZMAT4","Glut-DACH2-8",0.928319905712999
"SN553_CAGCAGCTCGGATAAA","Ex_DACH2_ZMAT4","Glut-DACH2-8",0.81519178236253
"SN553_GCTACCTTCAAGCTGT","Ex_DACH2_TAC1","Glut-DACH2-LMANco",0.552894662317543
"SN553_TCATTCAAGTCATTGC","Ex_DACH2_LHX2","Glut-DACH2-2",0.811914330117432
"SN553_CAGCAATTCCTCAGAA","Ex_DACH2_TAC1","Glut-DACH2-8",0.749275705551237
"SN553_CATTCATTCTGCACCT","Ex_DACH2_TAC1","Glut-DACH2-LMANco",0.495477783794906
"SN553_GCTTTCGAGCCATTTG","Ex_DACH2_ZMAT4","Glut-DACH2-8",0.978229156670403
"SN553_GTACAGTAGTAGCATA","Ex_DACH2_TAC1","Glut-DACH2-8",0.548841209176078
"SN553_ATTCCTAGTAGTCACT","Ex_DACH2_ZMAT4","Glut-DACH2-8",0.778545468347808
"SN553_GTACAACCAGAGATGC","Ex_DACH2_TAC1","Glut-DACH2-8",0.561709404826829
"SN553_GTCAAGTCACCCTATC","Ex_DACH2_NR4A3","Glut-DACH2-1",0.825440735898406
"SN553_CTCTCAGCATCCTATT","Ex_DACH2_TAC1","Glut-DACH2-8",0.659740133804656
"SN553_AACCCAAGTATAATGG","Ex_DACH2_ZMAT4","Glut-DACH2-8",0.78995018278724
"SN553_GGACGTCAGTAAAGCT","Ex_DACH2_ITGA9","Glut-DACH2-LMANsh",0.243467500923414
"SN553_CGAAGGAAGCTGTTCA","Ex_DACH2_MGAT4C","Glut-DACH2-5",0.281759262233991
"SN553_GCTACCTTCTCATGCC","Ex_DACH2_TAC1","Glut-DACH2-LMANco",0.362255878094163
"SN553_TTAATCCTCGCTGACG","Ex_DACH2_TAC1","Glut-DACH2-LMANco",0.263955909126184
"SN553_AACAACCCACTCCTGT","Ex_DACH2_TAC1","Glut-DACH2-3",0.854742993421348
"SN553_GTGCTGGTCGCCTTGT","Ex_DACH2_ZMAT4","Glut-DACH2-8",0.78633310524604
"SN553_GCGATCGAGGCCACTC","Ex_CACNA1H_MCTP2","Glut-DACH2-2",0.566216752662015
"SN553_TCATATCTCTTCGACC","Ex_DACH2_ZMAT4","Glut-DACH2-8",0.908210288200131
"SN553_GTCATTTGTATCCTTT","Ex_DACH2_TAC1","Glut-DACH2-8",0.635625991763867
"SN553_CCAATGATCTATACTC","Ex_DACH2_ITGA9","Glut-DACH2-8",0.669748089802078
"SN553_ATCCATTTCGTTCAGA","Ex_DACH2_NR4A3","Glut-DACH2-7",0.492405552139996
"SN553_TACCTGCGTGAGGAAA","Ex_DACH2_NR4A3","Glut-DACH2-7",0.578662679801599
"SN553_TCCAGAAAGACAACAT","Ex_DACH2_ADAMTS5","Glut-DACH2-1",0.730909686945052
"SN553_GCAGTTACATGCCGGT","Ex_DACH2_MGAT4C","Glut-DACH2-1",0.65922588591979
"SN553_CATACTTTCCCGTTCA","Ex_DACH2_ADAMTS5","Glut-DACH2-7",0.322909574025207
"SN553_CTGTGAACACTACGGC","Ex_DACH2_ZMAT4","Glut-DACH2-8",0.738079408194003
"SN553_TCCACCACAACAGCCC","Ex_DACH2_LHX2","Glut-DACH2-2",0.797389282160094
"SN553_CTATAGGTCCGCTTAC","Ex_DACH2_TAC1","Glut-DACH2-LMANco",0.549505381702666
"SN553_TACTTGTAGCCTGCCA","Ex_DACH2_ZMAT4","Glut-DACH2-8",0.810865708498223
"SN553_AGAGCCCGTGGGCTCT","Ex_DACH2_NR4A3","Glut-DACH2-7",0.447113213019206
"SN553_AGTCAACTCGCGATCG","Ex_DACH2_ZMAT4","Glut-DACH2-8",0.850922215957757
"SN553_TTTCAGTCAATAGTAG","Ex_DACH2_ITGA9","Glut-DACH2-2",0.457268200329299
"SN553_CTGAGCGAGACTTAAG","Ex_CACNA1H_MCTP2","Glut-DACH2-LMANsh",0.333969401707355
"SN553_CGTAAGTTCCCGAACG","Ex_CACNA1H_MCTP2","Glut-DACH2-2",0.54851544459613
"SN553_TCAGTTTCATGTTACG","Ex_DACH2_LHX2","Glut-DACH2-2",0.613498513006204
"SN553_GCCAGCACACGGTGTC","Ex_DACH2_TAC1","Glut-DACH2-8",0.355457347845303
"SN553_TATATCCCAAAGACTA","Ex_DACH2_ZMAT4","Glut-DACH2-8",0.989283309618287
"SN553_AGAAGCGAGGTTTACC","Ex_DACH2_ADAMTS5","Glut-DACH2-6",0.374558329200665
"SN553_TCAAGACAGAACGCGT","Ex_DACH2_GRIK4","Glut-DACH2-2",0.846689201973483
"SN553_TTACGCCCACTCTAGA","Ex_DACH2_MGAT4C","Glut-DACH2-1",0.474299233008871
"SN553_ACTACGAGTTGCATTG","Ex_DACH2_GRIK4","Glut-DACH2-2",0.465243024714877
"SN553_ACGTACATCTACGGTA","Ex_DACH2_LHX2","Glut-DACH2-2",0.682413590330802
"SN553_TCCACGTTCTTGGCTC","Ex_DACH2_MGAT4C","Glut-DACH2-1",0.803108089327129
"SN553_CGAATTGGTTAAGACA","Ex_DACH2_TAC1","Glut-DACH2-8",0.46222201436846
"SN553_AAATGGATCCACTTCG","Ex_DACH2_ZMAT4","Glut-DACH2-8",0.722817606404874
"SN553_AGACCATTCCACACAA","Ex_DACH2_NR4A3","Glut-DACH2-7",0.790722574742708
"SN553_TGCGGCATCACGATAC","Ex_DACH2_NR4A3","Glut-DACH2-1",0.70588678182031
"SN553_AGACTCACAAGCGCAA","Ex_DACH2_TAC1","Glut-DACH2-LMANco",0.34381493000367
"SN553_TGCACGGGTGGATCGA","Ex_DACH2_TAC1","Glut-DACH2-3",0.449813969861119
"SN553_CAACGGCGTATGCGTT","Ex_DACH2_NR4A3","Glut-DACH2-1",0.913706127725356
"SN553_TGTTTGTCAAGCGAAC","Ex_DACH2_TAC1","Glut-DACH2-2",0.330941615406967
"SN553_CGCCAGATCTCCTGTG","Ex_DACH2_TAC1","Glut-DACH2-3",0.447988074657839
"SN553_ACATGCAGTTACTCAG","Ex_DACH2_LHX2","Glut-DACH2-2",0.767998169211267
"SN553_CTATAGGGTCAACCTA","Ex_DACH2_MGAT4C","Glut-DACH2-1",0.402028598314459
"SN553_TAAGTCGCATCACGGC","Ex_DACH2_NR4A3","Glut-DACH2-7",0.599535604921676
"SN553_GTTAGTGTCATCTACT","Ex_DACH2_ADAMTS5","Glut-DACH2-6",0.63181749287702
"SN553_GCCAGCAAGGTGCATG","Ex_DACH2_TAC1","Glut-DACH2-LMANco",0.404824537758659
"SN553_AACGTCACATCTTTCA","Ex_DACH2_NR4A3","Glut-DACH2-7",0.640085914032936
"SN553_CTACCCAGTGGGACAT","Ex_DACH2_MGAT4C","Glut-DACH2-5",0.40800613757295
"SN553_CACAGATCAACCCTCT","Ex_DACH2_ITGA9","Glut-DACH2-7",0.451927694746179
"SN553_CACTTCGTCATGAGTC","Ex_DACH2_GRIK4","Glut-DACH2-7",0.409193288026539
"SN553_TGACGCGGTCTAATCG","Ex_DACH2_ZMAT4","Glut-DACH2-8",0.918280622104027
"SN553_CAATTTCCAGGGATAC","Ex_DACH2_ITGA9","Glut-DACH2-8",0.818981916367063
"SN553_TCTGGCTAGATTCGAA","Ex_DACH2_TAC1","Glut-DACH2-8",0.439367482079467
"SN553_ACAGAAACACCGGCTA","Ex_DACH2_GRIK4","Glut-DACH2-7",0.529810462901888
"SN553_CGATGCGGTAGCTAAA","Ex_DACH2_LHX2","Glut-DACH2-2",0.440977185267048
"SN553_TGGGATTCAAGTGGGT","Ex_DACH2_NR4A3","Glut-DACH2-1",0.607376736302211
"SN553_GTGCACGTCTCCCAAC","Ex_DACH2_ZMAT4","Glut-DACH2-8",0.825438509299227
"SN553_CTACCTGGTCCAGCGT","Ex_DACH2_TAC1","Glut-DACH2-8",0.592144290044239
"SN553_AGGAATAAGACTTCAC","Ex_DACH2_MGAT4C","Glut-DACH2-5",0.319116206851378
"SN553_GACCAATAGACCTCAT","Ex_DACH2_TAC1","Glut-DACH2-8",0.755366229048785
"SN553_GGGCTCAAGAGTCTTC","Ex_DACH2_NR4A3","Glut-DACH2-2",0.823710386646371
"SN553_CATTGTTTCAAGCCTA","Ex_DACH2_TAC1","Glut-DACH2-3",0.629163358792512
"SN553_CTCCACACAGTATTCG","Ex_DACH2_LHX2","Glut-DACH2-5",0.476500219018578
"SN553_TGCTGAAAGTGAATAC","Ex_DACH2_LHX2","Glut-DACH2-2",0.589043085957136
"SN553_TCCACCATCCATTCGC","Ex_DACH2_ZMAT4","Glut-DACH2-8",0.785329546793155
"SN553_TCACGGGTCAGAATAG","Ex_DACH2_ITGA9","Glut-DACH2-8",0.46370346293299
"SN553_GGTAACTCAAGTGATA","Ex_DACH2_ZMAT4","Glut-DACH2-8",0.857533043231322
"SN553_GGGTGTCTCCGAGATT","Ex_DACH2_NR4A3","Glut-DACH2-1",0.700780002290607
"SN553_GCTGGGTAGAGAGCAA","Ex_DACH2_ITGA9","Glut-DACH2-8",0.618457022143494
"SN553_ACGCACGGTCTCAAGT","Ex_DACH2_TAC1","Glut-DACH2-8",0.629429543106127
"SN553_GTCATCCGTGACACGA","Ex_DACH2_LHX2","Glut-DACH2-2",0.422489127839357
"SN553_AGCCAGCCAGAGAAAG","Ex_DACH2_ITGA9","Glut-DACH2-3",0.544427269468445
"SN553_TCTATACTCCATTGCC","Ex_DACH2_TAC1","Glut-DACH2-8",0.553868602895374
"SN553_GGGAGATCACGTATAC","Ex_DACH2_NR4A3","Glut-DACH2-7",0.755713569717119
"SN553_TTCACGCGTGTGTTTG","Ex_DACH2_TAC1","Glut-DACH2-8",0.394191943578097
"SN553_TAGTGCACAACGCATT","Ex_DACH2_ZMAT4","Glut-DACH2-8",0.746939457490403
"SN553_AAGCGAGCAGGCATGA","Ex_DACH2_ZMAT4","Glut-DACH2-8",0.887787152654164
"SN553_GGAGCAACAGAGGAAA","Ex_DACH2_ADAMTS5","Glut-DACH2-5",0.469243920950312
"SN553_AAAGGTACATAATCCG","Ex_DACH2_GRIK4","Glut-DACH2-5",0.319752775843815
"SN553_TTTCAGTAGAGGCGGA","Ex_DACH2_TAC1","Glut-DACH2-8",0.336551021945221
"SN553_CACTTCGCACAGTCAT","Ex_DACH2_ZMAT4","Glut-DACH2-8",0.904382340783838
"SN553_GTCTAGAGTATACCTG","Ex_DACH2_ITGA9","Glut-DACH2-3",0.404548467924654
"SN553_CCTCAGTTCAGGAAAT","Ex_CACNA1H_MCTP2","Glut-DACH2-2",0.603718721016417
"SN553_TGGGAAGCATTATGCG","Ex_DACH2_LHX2","Glut-DACH2-2",0.484727063553519
"SN553_GGCTTGGGTTTCGACA","Ex_DACH2_TAC1","Glut-DACH2-8",0.876967892265276
"SN553_TCCACCAAGGGTTAAT","Ex_DACH2_TAC1","Glut-DACH2-6",0.207090700050587
"SN553_CACGTGGAGATCCTAC","Ex_DACH2_TAC1","Glut-DACH2-8",0.846376451389718
"SN553_AGTGCCGTCTTCCACG","Ex_DACH2_LHX2","Glut-DACH2-2",0.694861097921797
"SN553_ATTCATCTCCAGTACA","Ex_DACH2_LHX2","Glut-DACH2-2",0.558590407480883
"SN553_AATTCCTGTTCCAGGC","Ex_CACNA1H_MCTP2","Glut-DACH2-2",0.376544044063934
"SN553_CCTGCATCACGCACCA","Ex_DACH2_ZMAT4","Glut-DACH2-8",0.945359839679152
"SN553_GGGTAGAAGTTCCGGC","Ex_DACH2_TAC1","Glut-DACH2-8",0.386714901366071
"SN553_TCACAAGTCGATCCCT","Ex_DACH2_ITGA9","Glut-DACH2-HVCra-Int",0.259097829749169
"SN553_TTCTTCCCATTGAGGG","Ex_DACH2_TAC1","Glut-DACH2-3",0.668146511951878
"SN553_GTCGTAATCTGGGCCA","Ex_DACH2_ZMAT4","Glut-DACH2-8",0.927347936997017
"SN553_TAGTGCACAGAAGCGT","Ex_DACH2_ITGA9","Glut-DACH2-8",0.602358371383603
"SN553_GCGAGAAAGGGTAGCT","Ex_DACH2_ITGA9","Glut-DACH2-7",0.599337484064663
"SN553_GAGTGAGCACTCCTGT","Ex_DACH2_LHX2","Glut-DACH2-2",0.740047763350179
"SN553_CCAATGAGTCACAGTT","Ex_DACH2_NR4A3","Glut-DACH2-1",0.70333107913068
"SN553_GGTAATCAGGGAACAA","Ex_DACH2_ADAMTS5","Glut-DACH2-5",0.755172649416997
"SN553_AAGAACAGTGATGAAT","Ex_DACH2_MGAT4C","Glut-DACH2-7",0.543844859133225
"SN553_GAAGGGTTCGAGAATA","Ex_DACH2_ZMAT4","Glut-DACH2-8",0.777585268461604
"SN553_TCCGAAAAGCCTCAAT","Ex_DACH2_TAC1","Glut-DACH2-LMANco",0.47376657203981
"SN553_CATTGCCGTTTGATCG","Ex_DACH2_MGAT4C","Glut-DACH2-2",0.414371745658183
"SN553_GTTCATTCATGACGTT","Ex_DACH2_ZMAT4","Glut-DACH2-8",0.915523811558415
"SN553_AAGTACCCAACACAAA","Ex_DACH2_TAC1","Glut-DACH2-3",0.608284658661194
"SN553_GGGTGAAAGTCCCAAT","Ex_DACH2_MGAT4C","Glut-DACH2-1",0.431586362324606
"SN553_TCAGCAAAGGAAAGAC","Ex_DACH2_NR4A3","Glut-DACH2-1",0.415853470817934
"SN553_AAGGAATTCACATACG","Ex_DACH2_TAC1","Glut-DACH2-3",0.748759869022199
"SN553_ATTACTCTCACGGGCT","Ex_DACH2_LHX2","Glut-DACH2-2",0.540439188203251
"SN553_CCTCTCCAGCATCAGG","Ex_DACH2_TAC1","Glut-DACH2-8",0.585227454846428
"SN553_AAATGGATCTTTCAGT","Ex_DACH2_ADAMTS5","Glut-DACH2-7",0.629714377684168
"SN553_AGGCATTAGCCACTCG","Ex_DACH2_TAC1","Glut-DACH2-LMANco",0.412899184916408
"SN553_AGCTTCCCAATGTCTG","Ex_DACH2_MGAT4C","Glut-DACH2-2",0.33201678530253
"SN553_CAGTTCCGTGTCCGGT","Ex_DACH2_NR4A3","Glut-DACH2-7",0.595319936973421
"SN553_GATGAGGAGCGATTCT","Ex_DACH2_MGAT4C","Glut-DACH2-2",0.437396130636279
"SN553_CTGGTCTTCGAATGCT","Ex_DACH2_NR4A3","Glut-DACH2-7",0.572652621701304
"SN553_ACTGTGAAGGCACGAT","Ex_DACH2_ITGA9","Glut-DACH2-LMANsh",0.251293173577458
"SN553_TCTGCCAAGGTAAAGG","Ex_DACH2_LHX2","Glut-DACH2-2",0.399906153546165
"SN553_GACAGCCTCGTGGGTC","Ex_DACH2_ITGA9","Glut-DACH2-2",0.336562082675575
"SN553_TACGTCCGTCAGACTT","Ex_DACH2_ZMAT4","Glut-DACH2-8",0.688682069066963
"SN553_ACTGTGATCTGACAGT","Ex_DACH2_ITGA9","Glut-DACH2-8",0.849968707539164
"SN553_AGGGTTTCACTCTAGA","Ex_DACH2_TAC1","Glut-DACH2-LMANco",0.399708360746832
"SN553_AATGGCTCAACGTTAC","Ex_DACH2_ITGA9","Glut-DACH2-6",0.339597475875868
"SN553_CTAACCCTCCTGTTAT","Ex_DACH2_ADAMTS5","Glut-DACH2-5",0.66519426566679
"SN553_ATTGTTCTCCTCCACA","Ex_DACH2_LHX2","Glut-DACH2-2",0.511146967780595
"SN553_CGACAGCAGGTTCTTG","Ex_DACH2_ITGA9","Glut-DACH2-2",0.38904483825967
"SN553_AGCATCATCGCGGTAC","Ex_DACH2_TAC1","Glut-DACH2-8",0.884228570895694
"SN553_TGGGCGTAGGTGATCG","Ex_DACH2_ZMAT4","Glut-DACH2-8",0.500027691920156
"SN553_CGTAATGCAGTTGCGC","Ex_DACH2_ADAMTS5","Glut-DACH2-2",0.51329370607727
"SN553_CTCATTACACCAAATC","Ex_DACH2_ZMAT4","Glut-DACH2-8",0.674202914032597
"SN553_GATAGCTAGGGACAGG","Ex_DACH2_LHX2","Glut-DACH2-2",0.640374440963813
"SN553_GTAGAGGTCCACCTGT","Ex_DACH2_TAC1","Glut-DACH2-3",0.361224787875376
"SN553_CACGGGTGTCATCACA","Ex_DACH2_ZMAT4","Glut-DACH2-8",0.737251790400277
"SN553_AATTCCTGTGAGAGGG","Ex_DACH2_ZMAT4","Glut-DACH2-8",0.853013865710708
"SN553_TTGGGTAGTGTTGATC","Ex_DACH2_TAC1","Glut-DACH2-8",0.725527544158265
"SN553_GATCGTATCCTCAGGG","Ex_DACH2_ZMAT4","Glut-DACH2-8",0.939989284638587
"SN553_CCGTTCAGTTATTCCT","Ex_DACH2_ITGA9","Glut-DACH2-1",0.738695009316806
"SN553_TACGGGCCAGGCTACC","Ex_DACH2_NR4A3","Glut-DACH2-1",0.45114406264098
"SN553_TCTATCACATCCGATA","Ex_DACH2_ADAMTS5","Glut-DACH2-5",0.414232993392881
"SN553_CAGCCAGCAAGACCGA","Ex_DACH2_TAC1","Glut-DACH2-8",0.475341166074301
"SN553_TAAGCACTCTGAACGT","Ex_DACH2_TAC1","Glut-DACH2-3",0.532654921523149
"SN553_AAATGGACATTCGATG","Ex_DACH2_TAC1","Glut-DACH2-3",0.449386703692297
"SN553_TATCGCCCACTGGATT","Ex_DACH2_ADAMTS5","Glut-DACH2-7",0.268417207179149
"SN553_CACAGGCTCATGTCTT","Ex_DACH2_ADAMTS5","Glut-DACH2-8",0.394640698345205
"SN553_TAGACCAGTCCTACGG","Ex_DACH2_NR4A3","Glut-DACH2-1",0.511012634828018
"SN553_TAAGCCAAGAACAGGA","Ex_DACH2_ZMAT4","Glut-DACH2-8",0.898402007488591
"SN553_CTATCCGCATCCGGCA","Ex_DACH2_TAC1","Glut-DACH2-8",0.630563207151955
"SN553_AAAGTCCAGCGAATGC","Ex_CACNA1H_MCTP2","Glut-DACH2-2",0.577619033289102
"SN553_CGTGATATCCTTCTGG","Ex_DACH2_TAC1","Glut-DACH2-8",0.672409412572862
"SN553_TACCCACCAATTGCGT","Ex_DACH2_GRIK4","Glut-DACH2-7",0.409764903114691
"SN553_TAAGCGTTCCGGACGT","Ex_DACH2_ZMAT4","Glut-DACH2-8",0.861331833512151
"SN553_CGTTAGACAAATGGAT","Ex_DACH2_NR4A3","Glut-DACH2-7",0.501477021297683
"SN553_TAATCTCTCTCCGTGT","Ex_DACH2_ITGA9","Glut-DACH2-8",0.75131206152326
"SN553_GGGCCATCAGATTCGT","Ex_DACH2_TAC1","Glut-DACH2-LMANco",0.385760492117231
"SN553_CACGAATCATCGAAGG","Ex_DACH2_TAC1","Glut-DACH2-LMANco",0.516539246095039
"SN553_AGGACGAGTCACTCGG","Ex_DACH2_LHX2","Glut-DACH2-2",0.891110205240971
"SN553_ATCACAGCACTGTGAT","Ex_DACH2_LHX2","Glut-DACH2-2",0.656106529093897
"SN553_CTGCCATGTGCGACAA","Ex_DACH2_TAC1","Glut-DACH2-8",0.750226423171153
"SN553_ATTCTTGAGTACAGCG","Ex_DACH2_MGAT4C","Glut-DACH2-HVCra",0.474305222500456
"SN553_CGTGAATAGCGTGCTC","Ex_DACH2_TAC1","Glut-DACH2-7",0.469625098153811
"SN553_ACATTTCGTGGTCCGT","Ex_DACH2_NR4A3","Glut-DACH2-7",0.289002347957102
"SN553_CTCCCAAAGACCAACG","Ex_DACH2_ITGA9","Glut-DACH2-8",0.568549834440154
"SN553_GTCTTTAAGAAATCCA","Ex_CACNA1H_MCTP2","Glut-DACH2-2",0.499455905318614
"SN553_GTTGCTCAGAGGATCC","Ex_DACH2_NR4A3","Glut-DACH2-7",0.503888526509832
"SN553_AGTGACTAGGGAGAAT","Ex_DACH2_ZMAT4","Glut-DACH2-8",0.839969925098154
"SN553_GCTGGGTGTTCTCTCG","Ex_DACH2_ZMAT4","Glut-DACH2-8",0.818303216151149
"SN553_CGTAATGAGAGCGACT","Ex_DACH2_ADAMTS5","Glut-DACH2-7",0.281659976365499
"SN553_GGGTCTGGTTTCCATT","Ex_DACH2_NR4A3","Glut-DACH2-1",0.701370912952056
"SN553_CTATAGGAGCCAGACA","Ex_DACH2_TAC1","Glut-DACH2-3",0.736426083151681
"SN553_ATTCTACCATCCTTGC","Ex_DACH2_NR4A3","Glut-DACH2-1",0.768292422960937
"SN553_AACCACATCTTGGGCG","Ex_DACH2_ITGA9","Glut-DACH2-7",0.463563321715739
"SN553_GCTTGGGGTTGTGTTG","Ex_DACH2_LHX2","Glut-DACH2-2",0.449059055384803
"SN553_GCACGGTTCCAGCCTT","Ex_DACH2_LHX2","Glut-DACH2-2",0.620925001231127
"SN553_ATTCATCCAAATCGGG","Ex_DACH2_TAC1","Glut-DACH2-LMANco",0.515891430203401
"SN553_GTGTGGCCATTGGATC","Ex_DACH2_ADAMTS5","Glut-DACH2-5",0.615024911875151
"SN553_TCTTTGAAGGTATTGA","Ex_DACH2_NR4A3","Glut-DACH2-7",0.420212780347741
"SN553_AGGCCACAGATACGAT","Ex_DACH2_ITGA9","Glut-DACH2-2",0.285651486842726
"SN553_CATCAAGTCCTATTTG","Ex_DACH2_TAC1","Glut-DACH2-8",0.388779426585248
"SN553_CATGCGGAGTCTGGAG","Ex_DACH2_NR4A3","Glut-DACH2-7",0.711262728411443
"SN553_GTACAGTTCAAGTTGC","Ex_DACH2_MGAT4C","Glut-DACH2-1",0.326968739143188
"SN553_CGATGGCAGCCTGAGA","Ex_DACH2_ZMAT4","Glut-DACH2-3",0.396752887846314
"SN553_AGCCAATAGGGATCGT","Ex_DACH2_ITGA9","Glut-DACH2-8",0.404952858250524
"SN553_CTGCATCCAGCATTGT","Ex_DACH2_ITGA9","Glut-DACH2-8",0.142074489153219
"SN553_CATTTCACACATGAAA","Ex_DACH2_TAC1","Glut-DACH2-8",0.726352442354882
"SN553_TCTAACTTCAAGCTTG","Ex_DACH2_MGAT4C","Glut-DACH2-1",0.292542279907313
"SN553_TCGCACTTCTCCGCAT","Ex_DACH2_LHX2","Glut-DACH2-2",0.71227161252989
"SN553_CACAGGCAGCAACTTC","Ex_DACH2_TAC1","Glut-DACH2-6",0.505019590127347
"SN553_ACTGTGACATCCGTTC","Ex_DACH2_ADAMTS5","Glut-DACH2-2",0.634464318802027
"SN553_TCAGCAACAAGGGTCA","Ex_DACH2_LHX2","Glut-DACH2-2",0.734962607224758
"SN553_GAGAAATTCGGCTATA","Ex_DACH2_TAC1","Glut-DACH2-3",0.460102649138412
"SN553_CAGGCCACATACATCG","Ex_DACH2_GRIK4","Glut-DACH2-7",0.668453156327755
"SN553_TCTATACGTCACAATC","Ex_DACH2_NR4A3","Glut-DACH2-7",0.482033780094204
"SN553_GGCAGTCTCGTGACTA","Ex_DACH2_MGAT4C","Glut-DACH2-2",0.480060297115517
"SN553_CTATAGGTCTCCCATG","Ex_DACH2_NR4A3","Glut-DACH2-7",0.595001441165643
"SN553_AAACGCTGTACGCTTA","Ex_DACH2_GRIK4","Glut-DACH2-5",0.524528384296203
"SN553_TCACACCAGGTTCCAT","Ex_DACH2_ADAMTS5","Glut-DACH2-5",0.575863340705611
"SN553_AGTAGCTTCCTGTACC","Ex_DACH2_TAC1","Glut-DACH2-8",0.738564205530234
"SN553_AAGCGAGCAATCGCCG","Ex_DACH2_MGAT4C","Glut-DACH2-1",0.502989003267605
"SN553_CTGTACCGTCCGGATC","Ex_DACH2_LHX2","Glut-DACH2-2",0.524953651529604
"SN553_GTAATGCTCGCCGAGT","Ex_DACH2_ADAMTS5","Glut-DACH2-5",0.707785454947485
"SN553_AAGATAGGTTCTCAGA","Ex_DACH2_ITGA9","Glut-DACH2-7",0.730167811373855
"SN553_AAAGTCCGTGTGATGG","Ex_DACH2_TAC1","Glut-DACH2-3",0.417601108298054
"SN553_CAACCAATCGAGAAAT","Ex_DACH2_NR4A3","Glut-DACH2-1",0.977316694023668
"SN553_CAGGCCACAAATACGA","Ex_DACH2_TAC1","Glut-DACH2-8",0.617888879280409
"SN553_CCGATCTGTGAATGAT","Ex_DACH2_TAC1","Glut-DACH2-8",0.829615019494281
"SN553_TTGACCCGTGTGCCTG","Ex_DACH2_LHX2","Glut-DACH2-2",0.490092133849877
"SN553_TATTGGGGTGCCTACG","Ex_DACH2_ZMAT4","Glut-DACH2-8",0.682626455151479
"SN553_GTTAGACAGCCTGTGC","Ex_DACH2_ADAMTS5","Glut-DACH2-7",0.723567340400616
"SN553_CTACCTGTCGATAACC","Ex_DACH2_GRIK4","Glut-DACH2-2",0.470462335439764
"SN553_TTCCGTGGTACTTGTG","Ex_DACH2_LHX2","Glut-DACH2-2",0.733164229234041
"SN553_ATAGAGATCAGTGCGC","Ex_DACH2_MGAT4C","Glut-DACH2-7",0.525200435378073
"SN553_AGTTAGCCAGCATACT","Ex_DACH2_TAC1","Glut-DACH2-8",0.545910131036214
"SN553_TCCTTCTGTCACTAGT","Ex_DACH2_TAC1","Glut-DACH2-LMANco",0.450319855998151
"SN553_CCCGGAACAATGGCAG","Ex_DACH2_LHX2","Glut-DACH2-2",0.798298708765901
"SN553_CTAACCCCAGGTGAGT","Ex_DACH2_NR4A3","Glut-DACH2-1",0.910126509242293
"SN553_TCTATACGTCTTAGTG","Ex_CACNA1H_MCTP2","Glut-DACH2-2",0.716546081214096
"SN553_GACCAATTCCTAGCGG","Ex_DACH2_NR4A3","Glut-DACH2-1",0.492729573172323
"SN553_CAAGCTAAGGACACTG","Ex_DACH2_NR4A3","Glut-DACH2-7",0.422186879766595
"SN553_CAAGCTAAGAGCGACT","Ex_DACH2_ITGA9","Glut-DACH2-8",0.940234956167875
"SN553_CTCATCGGTTGCTGAT","Ex_DACH2_TAC1","Glut-DACH2-7",0.319368902667299
"SN553_TAACACGCAGGCATTT","Ex_DACH2_TAC1","Glut-DACH2-LMANco",0.482846309174215
"SN553_CAGCAGCAGCTTTGTG","Ex_DACH2_GRIK4","Glut-DACH2-2",0.489497382140315
"SN553_CAGGTATCACATCCCT","Ex_DACH2_ZMAT4","Glut-DACH2-8",0.942395178443373
"SN553_TCGTGCTTCATCTACT","Ex_DACH2_TAC1","Glut-DACH2-LMANco",0.370040239528578
"SN553_CTGTGAATCTCGACCT","Ex_DACH2_ITGA9","Glut-DACH2-2",0.639707296118517
"SN553_ACACGCGCATCAGCAT","Ex_DACH2_GRIK4","Glut-DACH2-2",0.637516173272952
"SN553_CTGCGAGGTGTCGCTG","Ex_DACH2_ADAMTS5","Glut-DACH2-2",0.531438832674812
"SN553_TTTACGTCACTGTCCT","Ex_DACH2_TAC1","Glut-DACH2-LMANco",0.362634498987458
"SN553_AGGAAATTCCGAGATT","Ex_DACH2_ZMAT4","Glut-DACH2-8",0.939716708565563
"SN553_AGACACTCATGGATCT","Ex_DACH2_ADAMTS5","Glut-DACH2-7",0.417101569426144
"SN553_TGATCAGTCTTGGATG","Ex_DACH2_LHX2","Glut-DACH2-2",0.458723488150513
"SN553_GGTGAAGGTTACCGTA","Ex_DACH2_NR4A3","Glut-DACH2-7",0.678664738746543
"SN553_AAGGAATTCCACGGGT","Ex_DACH2_LHX2","Glut-DACH2-2",0.634391632817006
"SN553_TACAACGAGATCACCT","Ex_DACH2_TAC1","Glut-DACH2-8",0.531069462049542
"SN553_CAAGGGAAGCGAGTCA","Ex_DACH2_MGAT4C","Glut-DACH2-7",0.609748753163776
"SN553_CACATGAAGATTGTGA","Ex_DACH2_TAC1","Glut-DACH2-LMANco",0.431214392036789
"SN553_GTTACAGCACGAAAGC","Ex_DACH2_NR4A3","Glut-DACH2-1",0.606818942505556
"SN553_ATTACCTCATCCTGTC","Ex_DACH2_ADAMTS5","Glut-DACH2-5",0.847874075473696
"SN553_GTAGCTATCGTACACA","Ex_DACH2_TAC1","Glut-DACH2-3",0.760224749081242
"SN553_TTTGATCTCCGTAATG","Ex_DACH2_MGAT4C","Glut-DACH2-2",0.491731700146236
"SN553_TCAGCCTAGATGAACT","Ex_DACH2_ITGA9","Glut-DACH2-2",0.629327528826865
"SN553_CGAGGCTGTCAAGCCC","Ex_DACH2_TAC1","Glut-DACH2-3",0.487807836645091
"SN553_CTCCCTCAGTATGTAG","Ex_DACH2_NR4A3","Glut-DACH2-1",0.563623586923978
"SN553_TGCTGAAGTAGGCAGT","Ex_DACH2_LHX2","Glut-DACH2-2",0.604305446898999
"SN553_CAGTGCGAGGGCAGGA","Ex_DACH2_ZMAT4","Glut-DACH2-8",0.770313158726242
"SN553_ACTTCGCAGAGTATAC","Ex_DACH2_ITGA9","Glut-DACH2-3",0.622831237604941
"SN553_TGTCCTGGTGTCCATA","Ex_DACH2_LHX2","Glut-DACH2-2",0.736527465627739
"SN553_CTAAGTGAGGGTTAGC","Ex_DACH2_TAC1","Glut-DACH2-8",0.536995138762334
"SN553_AGGGTTTCACCTGCTT","Ex_DACH2_ITGA9","Glut-DACH2-8",0.521922907353096
"SN553_GTCTTTAGTTCGTACA","Ex_DACH2_LHX2","Glut-DACH2-2",0.571188418330496
"SN553_AGGTTACCAGGATTCT","Ex_DACH2_TAC1","Glut-DACH2-3",0.695480248370598
"SN553_GCTGCAGGTGACTGAG","Ex_DACH2_ADAMTS5","Glut-DACH2-5",0.524894988941825
"SN553_CATGCTCCAGAGTTGG","Ex_DACH2_TAC1","Glut-DACH2-3",0.56255044343762
"SN553_TTCGCTGCAGCGTTTA","Ex_DACH2_NR4A3","Glut-DACH2-7",0.6659820934269
"SN553_TCACATTTCTGTAACG","Ex_DACH2_ITGA9","Glut-DACH2-4",0.401437803544094
"SN553_CCTTTGGGTGAACCGA","Ex_DACH2_LHX2","Glut-DACH2-5",0.540325677593438
"SN553_CCGGACATCATAGAGA","Ex_DACH2_MGAT4C","Glut-DACH2-5",0.599958015394769
"SN553_GTCCACTTCTGCCCTA","Ex_DACH2_TAC1","Glut-DACH2-8",0.667954260265484
"SN553_GCGATCGGTATCTCGA","Ex_DACH2_NR4A3","Glut-DACH2-1",0.584419531513261
"SN553_CCTTCAGAGGAGGTTC","Ex_DACH2_NR4A3","Glut-DACH2-7",0.709812398593202
"SN553_GCCCAGAGTCTACTGA","Ex_DACH2_MGAT4C","Glut-DACH2-1",0.40357499784221
"SN553_AGGAAATAGCCTTTCC","Ex_DACH2_LHX2","Glut-DACH2-2",0.537266288270044
"SN553_GAGACTTGTGCGTGCT","Ex_DACH2_ZMAT4","Glut-DACH2-8",0.900237710998091
"SN553_TTTGATCAGAGCAGCT","Ex_DACH2_MGAT4C","Glut-DACH2-2",0.435177804387301
"SN553_TCATGAGCAATCGTCA","Ex_DACH2_LHX2","Glut-DACH2-2",0.609880054596547
"SN553_GATCACAGTAGTCTTG","Ex_DACH2_ITGA9","Glut-DACH2-1",0.512914426518027
"SN553_AGGTCTAGTATGACAA","Ex_DACH2_MGAT4C","Glut-DACH2-2",0.427422366712011
"SN553_TCATCCGTCAGTGTTG","Ex_DACH2_GRIK4","Glut-DACH2-7",0.325691887215998
"SN553_CGTGATAAGTGAATAC","Ex_DACH2_ITGA9","Glut-DACH2-2",0.462425865886793
"SN553_TCATCCGTCATCACAG","Ex_DACH2_NR4A3","Glut-DACH2-1",0.674095654146048
"SN553_GAGTTACCAGTCAGAG","Ex_DACH2_TAC1","Glut-DACH2-8",0.468598650074216
"SN553_GTCGTTCGTTTGACAC","Ex_DACH2_TAC1","Glut-DACH2-LMANco",0.40421320363365
"SN553_CCCAACTGTGTCACAT","Ex_DACH2_LHX2","Glut-DACH2-2",0.438065475369228
"SN553_GTTGTAGGTGCATACT","Ex_DACH2_LHX2","Glut-DACH2-5",0.403048191968137
"SN553_GTGACGCCACATTACG","Ex_DACH2_ZMAT4","Glut-DACH2-8",0.724412275352732
"SN553_TTGCTGCTCATGTCTT","Ex_DACH2_GRIK4","Glut-DACH2-1",0.439082285135797
"SN553_TCACTATCACTACAGT","Ex_DACH2_TAC1","Glut-DACH2-8",0.380830042432868
"SN553_GTTCTATAGATACAGT","Ex_DACH2_MGAT4C","Glut-DACH2-5",0.458746632069172
"SN553_TCAGCAAGTCACAATC","Ex_DACH2_GRIK4","Glut-DACH2-5",0.462981508346433
"SN553_CTCCGATGTATCACGT","Ex_DACH2_CEMIP","Glut-DACH2-6",0.735798833210392
"SN553_TAACCAGTCCATTCAT","Ex_DACH2_LHX2","Glut-DACH2-2",0.759314071962007
"SN553_AAGACTCGTCCAGCAC","Ex_DACH2_NR4A3","Glut-DACH2-1",0.707501244680156
"SN553_CGTAAGTTCGAATGCT","Ex_DACH2_MGAT4C","Glut-DACH2-1",0.790860052805213
"SN553_TCAGGGCCACAATCTG","Ex_DACH2_TAC1","Glut-DACH2-8",0.468831515141506
"SN553_AGATCGTGTATGAGGC","Ex_DACH2_GRIK4","Glut-DACH2-7",0.587427209793785
"SN553_TATCTTGGTTAGAGAT","Ex_DACH2_LHX2","Glut-DACH2-2",0.59100570191963
"SN553_CAAGCTATCTTGATTC","Ex_DACH2_TAC1","Glut-DACH2-3",0.600861219830807
"SN553_GCTGCAGAGGTCTGGA","Ex_DACH2_TAC1","Glut-DACH2-8",0.492025869872491
"SN553_TTGTTCACAGAGAATT","Ex_DACH2_ZMAT4","Glut-DACH2-8",0.835098249406376
"SN553_GAGCCTGAGGATGCGT","Ex_DACH2_LHX2","Glut-DACH2-2",0.533841964329407
"SN553_AGAGCAGCAGGAGACT","Ex_DACH2_TAC1","Glut-DACH2-LMANco",0.40852557043737
"SN553_TGCAGTAAGAGAGCAA","Ex_DACH2_ADAMTS5","Glut-DACH2-5",0.526221423636345
"SN553_CTTCTAATCCATTGTT","Ex_DACH2_MGAT4C","Glut-DACH2-1",0.532276940008415
"SN553_CGCAGGTGTATTGAGA","Ex_DACH2_MGAT4C","Glut-DACH2-1",0.840459611786842
"SN553_AACAAAGAGCCTGTGC","Ex_DACH2_ZMAT4","Glut-DACH2-8",0.777766276157392
"SN553_TCTCTGGGTTGTGCCG","Ex_DACH2_LHX2","Glut-DACH2-2",0.748312155470789
"SN553_TTCCGGTCAATTCACG","Ex_DACH2_MGAT4C","Glut-DACH2-5",0.415628075468338
"SN553_GACTGATGTCGGAAAC","Ex_DACH2_ITGA9","Glut-DACH2-2",0.365247942398398
"SN553_TGTTCCGGTGGCATCC","Ex_DACH2_ADAMTS5","Glut-DACH2-5",0.590336809696917
"SN553_CGAAGGAGTAATGCTC","Ex_DACH2_ADAMTS5","Glut-DACH2-5",0.610939312836891
"SN553_GTGTGGCAGGTGCGAT","Ex_DACH2_ITGA9","Glut-DACH2-4",0.43065943809323
"SN553_AAAGTCCAGCAAACAT","Ex_DACH2_ADAMTS5","Glut-DACH2-5",0.499383170437773
"SN553_TAGACTGAGTACAACA","Ex_DACH2_MGAT4C","Glut-DACH2-5",0.299261508390842
"SN553_ACCTACCGTTTACACG","Ex_DACH2_TAC1","Glut-DACH2-8",0.511483096183194
"SN553_TGTGAGTGTTTACCAG","Ex_DACH2_LHX2","Glut-DACH2-2",0.706449887259996
"SN553_CAGTTCCAGGGATGTC","Ex_DACH2_MGAT4C","Glut-DACH2-5",0.486426351635252
"SN553_ACTTAGGCACCTGCGA","Ex_DACH2_LHX2","Glut-DACH2-2",0.643737612981602
"SN553_TATCCTATCCAAGCCG","Ex_DACH2_NR4A3","Glut-DACH2-1",0.739052993732438
"SN553_GGTGATTCATCACGGC","Ex_DACH2_NR4A3","Glut-DACH2-1",0.392874575026537
"SN553_AACAAGATCTGAGCAT","Ex_DACH2_TAC1","Glut-DACH2-3",0.766895175774862
"SN553_GTACAACCACAGTATC","Ex_DACH2_TAC1","Glut-DACH2-2",0.310522133850094
"SN553_AAAGGGCTCCCTCGTA","Ex_DACH2_ADAMTS5","Glut-DACH2-5",0.722826319220308
"SN553_CTTAGGAGTATCACGT","Ex_DACH2_MGAT4C","Glut-DACH2-HVCra",0.462577947532631
"SN553_CTTCGGTAGATGTTCC","Ex_DACH2_TAC1","Glut-DACH2-8",0.6829227567956
"SN553_GTGAGGAGTGATGAAT","Ex_DACH2_TAC1","Glut-DACH2-8",0.513824084708411
"SN553_AGACTCATCGAAATCC","Ex_DACH2_NR4A3","Glut-DACH2-1",0.814771919584383
"SN553_CTACTATAGACTAGAT","Ex_DACH2_TAC1","Glut-DACH2-8",0.715647514374508
"SN553_TGATCTTGTATGGAGC","Ex_DACH2_NR4A3","Glut-DACH2-7",0.492730669379008
"SN553_CTCCACAAGGCTCTAT","Ex_DACH2_TAC1","Glut-DACH2-4",0.278253176446373
"SN553_TTTAGTCCAACTTCTT","Ex_DACH2_TAC1","Glut-DACH2-6",0.338741069143276
"SN553_TGCAGTATCCTTGACC","Ex_DACH2_LHX2","Glut-DACH2-2",0.671054028506435
"SN553_ATAGGCTAGTATGATG","Ex_DACH2_NR4A3","Glut-DACH2-1",0.551107708195265
"SN553_GTCTCACGTCGTGGTC","Ex_DACH2_TAC1","Glut-DACH2-8",0.408872743050208
"SN553_TTGGGATCACCGTGCA","Ex_DACH2_TAC1","Glut-DACH2-8",0.51878044448047
"SN553_CGAGAAGTCGGTTAGT","Ex_DACH2_TAC1","Glut-DACH2-8",0.540697103157301
"SN553_GCTACCTAGTCATGGG","Ex_DACH2_TAC1","Glut-DACH2-6",0.374479118642448
"SN553_TGGATGTCAGAACCGA","Ex_DACH2_NR4A3","Glut-DACH2-1",0.945304557931276
"SN553_CAAGCTACACGGCGTT","Ex_DACH2_ADAMTS5","Glut-DACH2-7",0.465734307756632
"SN553_GTGTGGCAGATTGAGT","Ex_DACH2_TAC1","Glut-DACH2-6",0.323718827629774
"SN553_AGGGTTTAGCCAGTAG","Ex_DACH2_LHX2","Glut-DACH2-2",0.542426919452234
"SN553_CAGGTATCATCGTGCG","Ex_DACH2_LHX2","Glut-DACH2-5",0.491271154744822
"SN553_ATCGGCGGTTTACGAC","Ex_DACH2_NR4A3","Glut-DACH2-2",0.593990825317567
"SN553_TTGCCTGCATTCGATG","Ex_DACH2_TAC1","Glut-DACH2-8",0.370844794426191
"SN553_TGGGCTGTCATCGCCT","Ex_DACH2_NR4A3","Glut-DACH2-1",0.929089302832742
"SN553_TGAGGGACAATCGCAT","Ex_DACH2_NR4A3","Glut-DACH2-1",0.471386727022874
"SN553_CTGAATGCATCCTTCG","Ex_DACH2_TAC1","Glut-DACH2-3",0.582134653549335
"SN553_AAGCCATCAAATACGA","Ex_DACH2_ITGA9","Glut-DACH2-7",0.717174068495122
"SN553_GGGTTATCAGCGGTTC","Ex_DACH2_TAC1","Glut-DACH2-LMANco",0.456420693393364
"SN553_CTTCTAAGTAGATCGG","Ex_DACH2_ADAMTS5","Glut-DACH2-5",0.578244964749325
"SN553_AGAACCTGTCGCGTTG","Ex_DACH2_TAC1","Glut-DACH2-8",0.919373518265179
"SN553_AAAGGTACACTGAGGA","Ex_DACH2_TAC1","Glut-DACH2-LMANco",0.399492756283393
"SN553_TTGCTGCTCTGTCGCT","Ex_DACH2_NR4A3","Glut-DACH2-7",0.421155066579823
"SN553_TTGTGTTTCAGAGTTC","Ex_DACH2_TAC1","Glut-DACH2-3",0.763560744144301
"SN553_ACGTAACCACTGCACG","Ex_DACH2_TAC1","Glut-DACH2-8",0.686221783286215
"SN553_TGTGGCGGTGCCTGAC","Ex_DACH2_ZMAT4","Glut-DACH2-8",0.88155163169476
"SN553_TCGGGCATCGCAGAGA","Ex_DACH2_GRIK4","Glut-DACH2-1",0.472700221575652
"SN553_GTTAGTGTCGTCCTCA","Ex_DACH2_TAC1","Glut-DACH2-LMANco",0.448283798258813
"SN553_ACACAGTCAAACTGCT","Ex_DACH2_ZMAT4","Glut-DACH2-8",0.913851286440063
"SN553_CCTATCGAGAGTCTGG","Ex_DACH2_LHX2","Glut-DACH2-2",0.575316723679268
"SN553_CTCCCTCAGTAGGAAG","Ex_DACH2_LHX2","Glut-DACH2-2",0.498692929003281
"SN553_TGGGCTGGTTCTCCAC","Ex_DACH2_TAC1","Glut-DACH2-6",0.47459758993716
"SN553_AGTGACTGTTGGTACT","Ex_DACH2_NR4A3","Glut-DACH2-5",0.307774483178667
"SN553_TTGGTTTCAGAGGAAA","Ex_DACH2_ADAMTS5","Glut-DACH2-5",0.616140385400006
"SN553_ATTCCATAGTACAGAT","Ex_DACH2_ADAMTS5","Glut-DACH2-6",0.589825912930682
"SN553_TCTGCCAGTGGGCTTC","Ex_DACH2_MGAT4C","Glut-DACH2-7",0.4017683985091
"SN553_GTAGGAGTCCGTGACG","Ex_DACH2_LHX2","Glut-DACH2-2",0.693515493171131
"SN553_CCCTCAAGTAGAGTTA","Ex_DACH2_MGAT4C","Glut-DACH2-2",0.387794122794265
"SN553_TGATCAGAGGCGCTTC","Ex_DACH2_ITGA9","Glut-DACH2-LMANsh",0.247836906876204
"SN553_AGGTTACCAGGCACAA","Ex_DACH2_LHX2","Glut-DACH2-2",0.428481703136927
"SN553_ATCACAGAGTTCGGTT","Ex_DACH2_LHX2","Glut-DACH2-2",0.730699847572504
"SN553_CCACAAAGTTAGGACG","Ex_DACH2_TAC1","Glut-DACH2-8",0.397829873428615
"SN553_ACGATCACATGTCTAG","Ex_DACH2_LHX2","Glut-DACH2-2",0.595659022513048
"SN553_CATGCAACAACGGTAG","Ex_DACH2_ADAMTS5","Glut-DACH2-5",0.626915090701019
"SN553_GATTGGTGTAGGCTGA","Ex_DACH2_ADAMTS5","Glut-DACH2-5",0.30133778928545
"SN553_CCCTGATGTAAGCGGT","Ex_DACH2_TAC1","Glut-DACH2-8",0.544911080411024
"SN553_GTAGATCGTATCGAAA","Ex_DACH2_MGAT4C","Glut-DACH2-1",0.436274876255098
"SN553_TGCGGCAGTACAAAGT","Ex_DACH2_TAC1","Glut-DACH2-8",0.726960876849308
"SN553_TGGGCGTGTGTCCTAA","Ex_DACH2_MGAT4C","Glut-DACH2-2",0.655192382549644
"SN553_CCTACGTTCCGGACGT","Ex_DACH2_LHX2","Glut-DACH2-2",0.754218647896324
"SN553_TCCGATCTCCCTCTTT","Ex_DACH2_ADAMTS5","Glut-DACH2-5",0.643128324117904
"SN553_AGCGCCACAGCGAGTA","Ex_DACH2_LHX2","Glut-DACH2-2",0.773587113572491
"SN553_TGAGCGCCACCGGTCA","Ex_DACH2_GRIK4","Glut-DACH2-2",0.415442034821868
"SN553_CTCAATTCAGGCGTTC","Ex_DACH2_LHX2","Glut-DACH2-2",0.816313123319537
"SN553_GTGGGAAAGATCGCTT","Ex_DACH2_NR4A3","Glut-DACH2-1",0.413294863025421
"SN553_TCACGCTAGAACGTGC","Ex_DACH2_LHX2","Glut-DACH2-2",0.657989468418374
"SN553_TATTGGGGTAACAAGT","Ex_DACH2_MGAT4C","Glut-DACH2-5",0.415225877854447
"SN553_CAGTGCGGTTTGGAAA","Ex_DACH2_NR4A3","Glut-DACH2-7",0.404987483571099
"SN553_GATGACTTCGTTCATT","Ex_DACH2_NR4A3","Glut-DACH2-1",0.815020602123303
"SN553_CGGCAGTCATCGCTAA","Ex_DACH2_TAC1","Glut-DACH2-3",0.609131027405418
"SN553_TGGAACTTCGCATAGT","Ex_DACH2_ADAMTS5","Glut-DACH2-2",0.513997185084393
"SN553_TTGGTTTGTAGTCTTG","Ex_DACH2_ZMAT4","Glut-DACH2-8",0.725085086468971
"SN553_ATCACAGCATAGTCGT","Ex_DACH2_MGAT4C","Glut-DACH2-2",0.496972917229198
"SN553_GTCACTCTCACCACAA","Ex_DACH2_GRIK4","Glut-DACH2-5",0.756177790310022
"SN553_TTTACTGGTGCCTGCA","Ex_DACH2_LHX2","Glut-DACH2-1",0.446387872800646
"SN553_CGTTCTGAGCAAGTCG","Ex_DACH2_TAC1","Glut-DACH2-8",0.608433453968873
"SN553_TCCTTCTGTACACTCA","Ex_DACH2_TAC1","Glut-DACH2-8",0.571458377179318
"SN553_CCGTGAGCAATTCTTC","Ex_DACH2_TAC1","Glut-DACH2-LMANco",0.278781888890448
"SN553_GTGACGCAGGCACAAC","Ex_DACH2_MGAT4C","Glut-DACH2-5",0.508647013090209
"SN553_CGTGATACAGAGATTA","Ex_DACH2_ADAMTS5","Glut-DACH2-7",0.260842839826524
"SN553_ATTTCACGTCCTATAG","Ex_DACH2_MGAT4C","Glut-DACH2-2",0.468633143037716
"SN553_GTAGAAATCCACCTCA","Ex_DACH2_TAC1","Glut-DACH2-8",0.637396086760765
"SN553_CTAACTTCAGAGAAAG","Ex_DACH2_TAC1","Glut-DACH2-8",0.602711800020058
"SN553_CTGTACCAGTTTAGGA","Ex_DACH2_LHX2","Glut-DACH2-1",0.869718660719327
"SN553_AGTGACTTCGTACACA","Ex_DACH2_TAC1","Glut-DACH2-7",0.415674079127267
"SN553_ACGTCCTAGTTGCGCC","Ex_DACH2_MGAT4C","Glut-DACH2-1",0.404065248307781
"SN553_GTCAAGTCACTTGGCG","Ex_DACH2_TAC1","Glut-DACH2-8",0.483399674143891
"SN553_TGTTCTATCTCTTCAA","Ex_DACH2_NR4A3","Glut-DACH2-1",0.4559624014221
"SN553_GTCGCGATCCCGTTGT","Ex_DACH2_TAC1","Glut-DACH2-8",0.54418579282736
"SN553_GTGGCGTTCAAGAGGC","Ex_DACH2_TAC1","Glut-DACH2-8",0.63825652189504
"SN553_TGATGGTGTTTCGTAG","Ex_DACH2_ZMAT4","Glut-DACH2-8",0.686546971021207
"SN553_GGGCCATTCCGTCCTA","Ex_DACH2_GRIK4","Glut-DACH2-2",0.430037809382067
"SN553_TCGGGACGTTGCCAAT","Ex_DACH2_ZMAT4","Glut-DACH2-8",0.923397251420776
"SN553_TCCTAATCAATTCGTG","Ex_DACH2_ITGA9","Glut-DACH2-3",0.609289595147149
"SN553_CAGCACGGTTTCGCTC","Ex_DACH2_NR4A3","Glut-DACH2-1",0.466997857540087
"SN553_TGGTGATTCAAATAGG","Ex_DACH2_TAC1","Glut-DACH2-8",0.726750059701339
"SN553_CGCGTGACATTGAGGG","Ex_DACH2_TAC1","Glut-DACH2-8",0.768324996806728
"SN553_TTCCTAAAGTCACTGT","Ex_DACH2_ITGA9","Glut-DACH2-7",0.466950906427081
"SN553_AGAAGCGAGGTACATA","Ex_DACH2_TAC1","Glut-DACH2-8",0.567995934262902
"SN553_TCGTAGAGTCTCAGGC","Ex_DACH2_TAC1","Glut-DACH2-3",0.772512932109414
"SN553_CCGGGTACAACGGCCT","Ex_DACH2_TAC1","Glut-DACH2-8",0.404310531840871
"SN553_CTCGAGGAGGGAGGTG","Ex_DACH2_TAC1","Glut-DACH2-8",0.723498423434701
"SN553_GAACGTTTCCAAATGC","Ex_DACH2_ITGA9","Glut-DACH2-HVCra-Int",0.270944885612017
"SN553_TCAGTGAGTAGGTCAG","Ex_DACH2_ITGA9","Glut-DACH2-6",0.294050951888996
"SN553_GAGTTGTTCCTAACAG","Ex_DACH2_ZMAT4","Glut-DACH2-8",0.840795737416648
"SN553_ATTCGTTTCCGAGTGC","Ex_DACH2_TAC1","Glut-DACH2-8",0.593704750054394
"SN553_AACAACCGTGTTCGAT","Ex_DACH2_ADAMTS5","Glut-DACH2-3",0.460832312193377
"SN553_TGGCGTGGTGCGTCGT","Ex_DACH2_NR4A3","Glut-DACH2-1",0.496729666889338
"SN553_TGGTTAGAGGGACCAT","Ex_DACH2_ADAMTS5","Glut-DACH2-7",0.398200398636049
"SN553_GATGAGGGTGTACGCC","Ex_DACH2_ZMAT4","Glut-DACH2-8",0.993778470121236
"SN553_CGATCGGGTATGCTAC","Ex_DACH2_LHX2","Glut-DACH2-2",0.636504359640036
"SN553_TATCCTACAAAGGTTA","Ex_DACH2_NR4A3","Glut-DACH2-1",0.477843199373671
"SN553_TGAGCGCTCTACCCAC","Ex_DACH2_ADAMTS5","Glut-DACH2-5",0.473357394649643
"SN553_TACCGAAAGAGCCGAT","Ex_DACH2_MGAT4C","Glut-DACH2-1",0.501052920009497
"SN553_GTGGTTATCGTTTACT","Ex_DACH2_TAC1","Glut-DACH2-LMANco",0.400558016495245
"SN553_TCCAGAAGTGGCACTC","Ex_DACH2_NR4A3","Glut-DACH2-1",0.517634037333396
"SN553_AAGAACACAGGCGTTC","Ex_DACH2_NR4A3","Glut-DACH2-1",0.348895390234863
"SN553_CGACAGCTCACTAGCA","Ex_DACH2_ADAMTS5","Glut-DACH2-2",0.446122319689418
"SN553_CGCCAGAAGATAGTCA","Ex_DACH2_MGAT4C","Glut-DACH2-1",0.389600715357852
"SN553_CTTCAATCAGATCATC","Ex_DACH2_TAC1","Glut-DACH2-LMANco",0.338936955075592
"SN553_CGCCAGACAACTTGCA","Ex_DACH2_ZMAT4","Glut-DACH2-8",0.835214527987865
"SN553_GAGTCTAAGTAGACAT","Ex_DACH2_ITGA9","Glut-DACH2-3",0.536850317030783
"SN553_GAGTCATCATAGCTGT","Ex_DACH2_MGAT4C","Glut-DACH2-1",0.430496408555529
"SN553_GTGGAAGCAGATTTCG","Ex_DACH2_LHX2","Glut-DACH2-2",0.5940668240578
"SN553_ATCAGGTAGACCCTTA","Ex_DACH2_MGAT4C","Glut-DACH2-2",0.475257290055679
"SN553_GCGATCGTCTTCACGC","Ex_DACH2_NR4A3","Glut-DACH2-7",0.797387921169297
"SN553_AACACACAGTGAACAT","Ex_DACH2_ADAMTS5","Glut-DACH2-5",0.419560105084622
"SN553_ACATGCATCGGTAAGG","Ex_DACH2_ADAMTS5","Glut-DACH2-5",0.462634397205967
"SN553_CATCGTCTCTCTGCTG","Ex_DACH2_NR4A3","Glut-DACH2-7",0.75822297913464
"SN553_TCCACCAAGTTGTCGT","Ex_DACH2_ZMAT4","Glut-DACH2-4",0.285789663299022
"SN553_GTGTTAGCAGAGCCCT","Ex_DACH2_ITGA9","Glut-DACH2-8",0.642867577874583
"SN553_CGCCAGAAGATAACAC","Ex_DACH2_ADAMTS5","Glut-DACH2-5",0.393880070131517
"SN553_GTCGTAATCGAGCCTG","Ex_DACH2_LHX2","Glut-DACH2-2",0.669325264841374
"SN553_CCCGGAAGTGATCGTT","Ex_DACH2_MGAT4C","Glut-DACH2-5",0.461519860996761
"SN553_ACCGTTCTCAAGTTGC","Ex_DACH2_TAC1","Glut-DACH2-3",0.333051366920338
"SN553_TCTCCGATCTAGCATG","Ex_DACH2_GRIK4","Glut-DACH2-1",0.384743450675682
"SN553_CAGCCAGGTTCGTAAC","Ex_DACH2_TAC1","Glut-DACH2-8",0.510609130759292
"SN553_GACTCAAAGCTTCATG","Ex_DACH2_NR4A3","Glut-DACH2-1",0.728443301270517
"SN553_GTGCGTGCACCGTGCA","Ex_DACH2_ITGA9","Glut-DACH2-2",0.405470832580568
"SN553_GCACGTGCAGAGTAAT","Ex_DACH2_NR4A3","Glut-DACH2-7",0.264926157401773
"SN553_GCTGAATTCGAGTCTA","Ex_DACH2_NR4A3","Glut-DACH2-1",0.860078361780875
"SN553_AAGGAATGTTCGGACC","Ex_DACH2_NR4A3","Glut-DACH2-7",0.716886392640869
"SN553_GTTGTCCAGACCGTTT","Ex_DACH2_ITGA9","Glut-DACH2-3",0.376729005345081
"SN553_GTGGGAAAGTACAGAT","Ex_DACH2_TAC1","Glut-DACH2-8",0.343366070477793
"SN553_TTACCATAGGGCGAGA","Ex_DACH2_TAC1","Glut-DACH2-3",0.736759593720291
"SN553_TTGTTTGCAACAGATA","Ex_DACH2_TAC1","Glut-DACH2-3",0.60610653422896
"SN553_CGGGACTCATCGTCCT","Ex_DACH2_NR4A3","Glut-DACH2-7",0.515234505518324
"SN553_CGCATGGAGTGCCCGT","Ex_DACH2_MGAT4C","Glut-DACH2-7",0.648697336715241
"SN553_ATCGCCTGTCGCAACC","Ex_DACH2_MGAT4C","Glut-DACH2-2",0.341003843273289
"SN553_TTGTTGTAGGATACAT","Ex_DACH2_TAC1","Glut-DACH2-8",0.585293710138142
"SN553_TGGTACAAGACTTCGT","Ex_DACH2_MGAT4C","Glut-DACH2-2",0.386047468066494
"SN553_ACGCACGAGCAGAAAG","Ex_DACH2_GRIK4","Glut-DACH2-5",0.414384110266836
"SN553_TAGGTACAGGGACTGT","Ex_DACH2_LHX2","Glut-DACH2-2",0.794191127936943
"SN553_TAGGAGGTCAAAGACA","Ex_DACH2_MGAT4C","Glut-DACH2-7",0.357208585129388
"SN553_GGGTTATCATGCCGCA","Ex_DACH2_CEMIP","Glut-DACH2-6",0.84613130508707
"SN553_GGTCTGGTCAGATGCT","Ex_DACH2_NR4A3","Glut-DACH2-1",0.416661494316592
"SN553_TTCTAGTGTTGTATGC","Ex_DACH2_TAC1","Glut-DACH2-3",0.560191481741042
"SN553_TATACCTCATGTGCTA","Ex_DACH2_MGAT4C","Glut-DACH2-2",0.368749288890718
"SN553_AAGGAATGTCGAAGCA","Ex_DACH2_TAC1","Glut-DACH2-3",0.600483219833712
"SN553_GGCGTCATCTCCCAAC","Ex_DACH2_TAC1","Glut-DACH2-3",0.887701970440133
"SN553_GGGACCTAGGCCTAAG","Ex_DACH2_ADAMTS5","Glut-DACH2-5",0.326199957386472
"SN553_AGGTTACAGTATGAGT","Ex_CACNA1H_MCTP2","Glut-DACH2-2",0.375916213043411
"SN553_TCGAACATCTGAGATC","Ex_DACH2_TAC1","Glut-DACH2-8",0.633975659085389
"SN553_CATGGATAGACATCAA","Ex_DACH2_ITGA9","Glut-DACH2-1",0.369461105110143
"SN553_TACCCGTGTCTACACA","Ex_DACH2_TAC1","Glut-DACH2-LMANco",0.305778508949281
"SN553_GCGATCGCATGAAGGC","Ex_DACH2_ITGA9","Glut-DACH2-8",0.425783842390306
"SN553_TTCATGTAGAGGCGGA","Ex_DACH2_NR4A3","Glut-DACH2-1",0.374181067394818
"SN553_TCTTTGAGTGGACTAG","Ex_DACH2_NR4A3","Glut-DACH2-1",0.501800373115583
"SN553_CGGAGAATCCACGTGG","Ex_DACH2_TAC1","Glut-DACH2-8",0.539806776739265
"SN553_TGTAGACCAACAGAGC","Ex_DACH2_NR4A3","Glut-DACH2-7",0.706670241808833
"SN553_TGAGGTTAGCCTCCAG","Ex_DACH2_TAC1","Glut-DACH2-3",0.497718518330558
"SN553_CTTTCAAGTCATCGCG","Ex_DACH2_ZMAT4","Glut-DACH2-8",0.813567454816618
"SN553_CTGAGCGTCACTTCTA","Ex_DACH2_ZMAT4","Glut-DACH2-8",0.857318371701147
"SN553_TTGGGTAGTGGAGAAA","Ex_DACH2_ZMAT4","Glut-DACH2-8",0.788218168078742
"SN553_CAACAGTCAAAGGCTG","Ex_DACH2_TAC1","Glut-DACH2-8",0.537835483225071
"SN553_GTCGAATTCTCTCAAT","Ex_DACH2_MGAT4C","Glut-DACH2-1",0.604245793533971
"SN553_TGATTTCGTCAAGGCA","Ex_DACH2_MGAT4C","Glut-DACH2-2",0.56553199779422
"SN553_GGGTGTCAGAATACAC","Ex_DACH2_MGAT4C","Glut-DACH2-2",0.334554890121809
"SN553_CGTGATACATAGATCC","Ex_DACH2_NR4A3","Glut-DACH2-7",0.41384207890805
"SN553_CCAATTTCAACGATCT","Ex_DACH2_TAC1","Glut-DACH2-8",0.365452140077089
"SN553_GTCTAGACAAACAGGC","Ex_DACH2_TAC1","Glut-DACH2-8",0.398957512056537
"SN553_GTTGTCCAGGGATCTG","Ex_DACH2_LHX2","Glut-DACH2-2",0.528450556431558
"SN553_GTTGTGATCTAGTTCT","Ex_DACH2_ITGA9","Glut-DACH2-8",0.414312726424991
"SN553_AATCACGTCTGAACGT","Ex_DACH2_ZMAT4","Glut-DACH2-6",0.581389144834911
"SN553_CAATCGACACACGGAA","Ex_DACH2_TAC1","Glut-DACH2-LMANco",0.450974784480121
"SN553_ACGGTCGTCTTACGTT","Ex_DACH2_GRIK4","Glut-DACH2-2",0.541452917837846
"SN553_CGAGGCTCAGTCTACA","Ex_DACH2_LHX2","Glut-DACH2-2",0.586777609510289
"SN553_GCATGATAGCATATGA","Ex_DACH2_ADAMTS5","Glut-DACH2-5",0.469588815742305
"SN553_CTGTCGTGTGCACGCT","Ex_DACH2_ADAMTS5","Glut-DACH2-7",0.436809063117269
"SN553_TCCTTCTTCGTAGTGT","Ex_DACH2_ADAMTS5","Glut-DACH2-2",0.517427137545501
"SN553_CTTACCGTCCGCATAA","Ex_DACH2_ITGA9","Glut-DACH2-3",0.28817280764225
"SN553_CCCAACTGTAGAGATT","Ex_DACH2_ADAMTS5","Glut-DACH2-5",0.667080396710335
"SN553_CTTGAGACATTAGGCT","Ex_DACH2_TAC1","Glut-DACH2-8",0.811350778330483
"SN553_AACCCAAAGGTTCTTG","Ex_DACH2_NR4A3","Glut-DACH2-1",0.569000781707496
"SN553_ACCCAAAAGCTCCGAC","Ex_DACH2_LHX2","Glut-DACH2-2",0.739468416566043
"SN553_GGCAGTCGTGGAGAAA","Ex_DACH2_TAC1","Glut-DACH2-8",0.533999847479979
"SN553_TGCGATAGTCAACGCC","Ex_DACH2_ITGA9","Glut-DACH2-6",0.370808868756324
"SN553_CAATACGTCGAGTCTA","Ex_DACH2_ITGA9","Glut-DACH2-3",0.766421181978437
"SN553_TAGACTGAGGTTCACT","Ex_DACH2_ZMAT4","Glut-DACH2-8",0.51265788129761
"SN553_AGAAGCGGTAGTCGTT","Ex_DACH2_LUZP2","Glut-DACH2-2",0.287611957266326
"SN553_TGTACAGTCGCTAATG","Ex_DACH2_ADAMTS5","Glut-DACH2-7",0.477532135475911
"SN553_AATTTCCCAAGACTGG","Ex_DACH2_TAC1","Glut-DACH2-8",0.51240900366369
"SN553_GTAGGAGCAAGTACCT","Ex_DACH2_TAC1","Glut-DACH2-8",0.502213428376573
"SN553_TGGAACTAGTCAGGGT","Ex_DACH2_ZMAT4","Glut-DACH2-8",0.634476659124035
"SN553_ATGATCGGTTGGAGGT","Ex_DACH2_NR4A3","Glut-DACH2-2",0.545588137474046
"SN553_AGTAGCTCAGACGGAT","Ex_DACH2_LHX2","Glut-DACH2-2",0.59329734104832
"SN553_GTCTACCAGGTCTTTG","Ex_DACH2_NR4A3","Glut-DACH2-1",0.59970601133135
"SN553_ATATCCTAGACAGTCG","Ex_DACH2_LHX2","Glut-DACH2-2",0.703079128742282
"SN553_TGCGGCATCTCGCCTA","Ex_DACH2_MGAT4C","Glut-DACH2-1",0.298394695815337
"SN553_CGATGCGAGAGATGCC","Ex_DACH2_MGAT4C","Glut-DACH2-2",0.413763433830675
"SN553_GCCGTGAAGGATGCGT","Ex_DACH2_LHX2","Glut-DACH2-2",0.470349532810766
"SN571_GATGACTCACAAAGCG","Ex_DACH2_CEMIP","Glut-DACH2-6",0.785610048735113
"SN571_ATCAGGTGTCCCTCAT","Ex_DACH2_GRIK4","Glut-DACH2-7",0.614536251442445
"SN571_ATGGGTTTCGTACACA","Ex_DACH2_GRIK4","Glut-DACH2-7",0.465038724662824
"SN571_AGACACTGTGCTCTTC","Ex_BCL6","Glut-DACH2-3",0.84134570574108
"SN571_CGCATAATCTATTTCG","Ex_DACH2_NR4A3","Glut-DACH2-7",0.589599230724629
"SN571_CATTCATAGTACGTCT","Ex_BCL6","Glut-DACH2-6",0.720392549500436
"SN571_TGCTCGTTCCTTCTGG","Ex_DACH2_ZMAT4","Glut-DACH2-3",0.298857702491325
"SN571_ACTATGGAGCACTCAT","Ex_DACH2_GRIK4","Glut-DACH2-1",0.446784669452232
"SN571_GAACACTTCTATGCCC","Ex_DACH2_CEMIP","Glut-DACH2-6",0.854856817462835
"SN571_AGCCAGCCAGTTCCAA","Ex_BCL6","Glut-DACH2-3",0.4895203591554
"SN571_TTACCGCCAGACAATA","Ex_DACH2_ZMAT4","Glut-DACH2-8",0.472755069437502
"SN571_GGCACGTTCATTTGCT","Ex_BCL6","Glut-DACH2-6",0.450477955096237
"SN571_GCAACATTCCATCAGA","Ex_DACH2_ADAMTS5","Glut-DACH2-2",0.441056750375175
"SN571_TGCACGGTCTAAACGC","Ex_DACH2_GRIK4","Glut-DACH2-1",0.380126072556233
"SN571_AGCGATTTCTAAGGAA","Ex_DACH2_ZMAT4","Glut-DACH2-8",0.474351063942458
"SN571_CGTCAAACAAACCGGA","Ex_DACH2_CEMIP","Glut-DACH2-6",0.804199372502779
"SN571_CAGGTATGTCTTACTT","Ex_DACH2_CEMIP","Glut-DACH2-6",0.920450975029868
"SN571_GCTACCTGTGGAGGTT","Ex_DACH2_NR4A3","Glut-DACH2-1",0.786064149760645
"SN571_ACGTTCCTCCCTGGTT","Ex_DACH2_GRIK4","Glut-DACH2-1",0.322856519563465
"SN571_GTACAACCAAGCACAG","Ex_DACH2_NR4A3","Glut-DACH2-7",0.305621438113943
"SN571_TCAGCCTCAGTCCCGA","Ex_BCL6","Glut-DACH2-6",0.642245780648176
"SN571_TTCTGTAGTTGCATGT","Ex_DACH2_ZMAT4","Glut-DACH2-3",0.580047227375382
"SN571_TGAATCGTCTCGTGGG","Ex_DACH2_CEMIP","Glut-DACH2-6",0.853865210706214
"SN571_CTTCCTTCATCTCAAG","Ex_BCL6","Glut-DACH2-6",0.272731100180378
"SN571_TCCCAGTAGTTCTACG","Ex_DACH2_CEMIP","Glut-DACH2-6",0.920348970744386
"SN571_AATTTCCTCTAGAACC","Ex_DACH2_ADAMTS5","Glut-DACH2-7",0.352304502691939
"SN571_AGCGCCACAAACACCT","Ex_BCL6","Glut-DACH2-HVCra",0.868261996029334
"SN571_TGAATCGAGGCCACTC","Ex_DACH2_GRIK4","Glut-DACH2-1",0.454959951409184
"SN571_ACGGGTCTCCTACCGT","Ex_DACH2_CEMIP","Glut-DACH2-6",0.916614405307104
"SN571_GTACAGTTCGCTTGAA","Ex_DACH2_CEMIP","Glut-DACH2-6",0.72405263606831
"SN571_TCCCACAAGCATGCAG","Ex_DACH2_ADAMTS5","Glut-DACH2-5",0.774334710775322
"SN571_GGTGATTGTGTCCATA","Ex_DACH2_LHX2","Glut-DACH2-1",0.419337846503932
"SN571_AGAAGCGGTTGGGCCT","Ex_DACH2_CEMIP","Glut-DACH2-6",0.724352386487028
"SN571_ATCGGATAGGTTCCAT","Ex_DACH2_MGAT4C","Glut-DACH2-7",0.867357653741956
"SN571_TACTTGTTCCAGCACG","Ex_BCL6","Glut-DACH2-HVCx",0.513025349827615
"SN571_GCCCAGATCACTTTGT","Ex_DACH2_CEMIP","Glut-DACH2-6",0.835315660507785
"SN571_CAACAGTAGCTGGAGT","Ex_DACH2_CEMIP","Glut-DACH2-6",0.704560987581766
"SN571_TGACTCCAGTTTCAGC","Ex_BCL6","Glut-DACH2-3",0.292193345631547
"SN571_CACCAAACAACACGAG","Ex_DACH2_MGAT4C","Glut-DACH2-2",0.51175114852714
"SN571_GTTGCGGGTTGCCTAA","Ex_DACH2_RORB","Glut-DACH2-3",0.481742784433154
"SN571_GCTTGGGGTCACTCTC","Ex_DACH2_MGAT4C","Glut-DACH2-1",0.570380420324994
"SN571_TTGGGATAGGGTACGT","Ex_DACH2_ITGA9","Glut-DACH2-6",0.584060471507432
"SN571_TCCAGAAGTGCCGGTT","Ex_DACH2_RORB","Glut-DACH2-3",0.519938209750081
"SN571_AGCCAGCCACTCCGGA","Ex_DACH2_ADAMTS5","Glut-DACH2-5",0.44761577318094
"SN571_GGGTAGATCCATCTAT","Ex_DACH2_ZMAT4","Glut-DACH2-8",0.524140862924425
"SN571_GAGTTACCATCAGCAT","Ex_DACH2_CEMIP","Glut-DACH2-6",0.854629609337988
"SN571_TCTCAGCAGGCGTTGA","Ex_DACH2_CEMIP","Glut-DACH2-6",0.852627129672528
"SN571_TAAGCCAAGTAGGTTA","Ex_DACH2_ZMAT4","Glut-DACH2-8",0.793059188030799
"SN571_GCCCGAACACAGCGCT","Ex_BCL6","Glut-DACH2-HVCx",0.588077551079913
"SN571_ATGAGGGGTTGTTTGG","Ex_BCL6","Glut-DACH2-6",0.906007079129562
"SN571_CGGGTGTAGACATACA","Ex_DACH2_ITGA9","Glut-DACH2-4",0.408806704766056
"SN571_GGGATCCGTGGAACCA","Ex_DACH2_GRIK4","Glut-DACH2-1",0.545128744762422
"SN571_ATGCCTCAGGTGGTTG","Ex_DACH2_CEMIP","Glut-DACH2-6",0.556222836991727
"SN571_CAATGACTCAGACTGT","Ex_DACH2_ADAMTS5","Glut-DACH2-1",0.338341971506651
"SN571_CGAGTGCTCTGAATGC","Ex_DACH2_CEMIP","Glut-DACH2-8",0.545335447374348
"SN571_TCAATTCAGCAAACAT","Ex_BCL6","Glut-DACH2-HVCx",0.422042727443947
"SN571_GTAGATCCATGGCGCT","Ex_BCL6","Glut-DACH2-HVCra",0.668807514386736
"SN571_AGGAGGTTCTTCCACG","Ex_BCL6","Glut-DACH2-HVCx",0.493459961628307
"SN571_CACTGAAGTTCCTTGC","Ex_DACH2_LHX2","Glut-DACH2-2",0.416689518834557
"SN571_TTCTTGACATCCGAGC","Ex_DACH2_ZMAT4","Glut-DACH2-8",0.767524546903548
"SN571_AGCATCACAAATACGA","Ex_DACH2_NR4A3","Glut-DACH2-1",0.453866454633774
"SN571_TTAATCCGTACAGAAT","Ex_DACH2_ADAMTS5","Glut-DACH2-2",0.539821620105225
"SN571_AAGCCATTCCCGTTCA","Ex_DACH2_CEMIP","Glut-DACH2-6",0.874611147709865
"SN571_TAGAGTCCATATCTGG","Ex_DACH2_MGAT4C","Glut-DACH2-1",0.636599849281605
"SN571_GAGCCTGGTCTTGCTC","Ex_DACH2_RORB","Glut-DACH2-3",0.547692975127182
"SN571_CAGATCACAGGACATG","Ex_BCL6","Glut-DACH2-HVCx",0.59101685534651
"SN571_ATTTCACCATCATTGG","Ex_DACH2_ADAMTS5","Glut-DACH2-7",0.571163515794757
"SN571_GTAGAAATCAAGTCGT","Ex_DACH2_ZMAT4","Glut-DACH2-3",0.883627227455053
"SN571_TCATTGTGTCTTACAG","Ex_BCL6","Glut-DACH2-HVCx",0.508414330343341
"SN571_ATCAGGTTCTCTTAAC","Ex_DACH2_CEMIP","Glut-DACH2-6",0.916170049426884
"SN571_AGGAATACACGCACCA","Ex_DACH2_NR4A3","Glut-DACH2-7",0.36824850734232
"SN571_GGTCTGGGTGTTAACC","Ex_DACH2_ZMAT4","Glut-DACH2-3",0.779988348050707
"SN571_GCGGAAAAGCTAGTTC","Ex_DACH2_GRIK4","Glut-DACH2-2",0.473675334215388
"SN571_CTGAATGCAAAGTATG","Ex_DACH2_CEMIP","Glut-DACH2-6",0.764058756903549
"SN571_GTAGATCGTTTACCAG","Ex_DACH2_ADAMTS5","Glut-DACH2-5",0.35496364206069
"SN571_GTGCACGGTTCGGTCG","Ex_DACH2_CEMIP","Glut-DACH2-6",0.537520769615482
"SN571_GATAGCTTCGTAGCTA","Ex_DACH2_ITGA9","Glut-DACH2-4",0.354493142006378
"SN571_GTGCTGGGTACTGACT","Ex_DACH2_LHX2","Glut-DACH2-1",0.516981873035464
"SN571_CTGTCGTAGAGCTGAC","Ex_BCL6","Glut-DACH2-6",0.375149950988081
"SN571_ACAGCCGTCCGTCAAA","Ex_DACH2_CEMIP","Glut-DACH2-6",0.916659022298272
"SN571_TGGTAGTCATAGGTTC","Ex_DACH2_CEMIP","Glut-DACH2-6",0.887664183718191
"SN571_TCATACTAGACCTCCG","Ex_DACH2_GRIK4","Glut-DACH2-2",0.315905278326073
"SN571_GTGTCCTCAGGCGATA","Ex_DACH2_CEMIP","Glut-DACH2-8",0.643251809279738
"SN571_GTAGTACCAAATCGGG","Ex_DACH2_LHX2","Glut-DACH2-2",0.439481903540774
"SN571_ATCCGTCCATGTGACT","Ex_DACH2_ADAMTS5","Glut-DACH2-7",0.268700654790093
"SN571_AGGGAGTGTGTAAACA","Ex_DACH2_RORB","Glut-DACH2-3",0.664962715380011
"SN571_ACAAAGAAGAGGATGA","Ex_DACH2_ZMAT4","Glut-DACH2-8",0.869343616993836
"SN571_CTGTAGAAGGTCTGGA","Ex_DACH2_MGAT4C","Glut-DACH2-7",0.641167915104433
"SN571_ACAAGCTGTTGTCAGT","Ex_DACH2_CEMIP","Glut-DACH2-6",0.675414285431259
"SN571_TTGCCTGTCGAGAAGC","Ex_DACH2_RORB","Glut-DACH2-3",0.564531792694586
"SN571_CTGTGGGAGACCATGG","Ex_DACH2_RORB","Glut-DACH2-3",0.593320806160988
"SN571_CCTGCATAGTTCCAGT","Ex_DACH2_NR4A3","Glut-DACH2-7",0.358428372362152
"SN571_TGCGACGAGGCAGGTT","Ex_DACH2_CEMIP","Glut-DACH2-6",0.711380579596378
"SN571_TCAAGCATCTTGGTGA","Ex_DACH2_NR4A3","Glut-DACH2-1",0.542319155801607
"SN571_TGAATGCCACCGTCTT","Ex_DACH2_ADAMTS5","Glut-DACH2-1",0.509125368973325
"SN571_TTTGGAGAGCCTCCAG","Ex_DACH2_ADAMTS5","Glut-DACH2-6",0.471310516058451
"SN571_GTTTACTGTTGTCTAG","Ex_BCL6","Glut-DACH2-6",0.43954178158208
"SN571_TTACCATCATTACGGT","Ex_DACH2_CEMIP","Glut-DACH2-6",0.762511436297892
"SN571_TATACCTCATAGGCGA","Ex_DACH2_GRIK4","Glut-DACH2-1",0.45411333839542
"SN571_ATGAAAGTCATCTCTA","Ex_DACH2_ADAMTS5","Glut-DACH2-7",0.369620912950126
"SN571_TAACCAGGTAGACGGT","Ex_DACH2_NR4A3","Glut-DACH2-7",0.443402543168735
"SN571_GACGCTGGTTCCACGG","Ex_DACH2_ITGA9","Glut-DACH2-8",0.351438181816814
"SN571_TCGATTTTCCCAACTC","Ex_DACH2_GRIK4","Glut-DACH2-5",0.551753876405984
"SN571_CTCTGGTCAATAGTAG","Ex_DACH2_CEMIP","Glut-DACH2-6",0.900582832830219
"SN571_TGAGTCAGTACGGTTT","Ex_DACH2_CEMIP","Glut-DACH2-6",1
"SN571_TCTACCGTCTAGTTCT","Ex_DACH2_CEMIP","Glut-DACH2-6",0.935066920110483
"SN571_ACATCCCCATCTGCGG","Ex_DACH2_CEMIP","Glut-DACH2-6",0.620433842819986
"SN571_TCACACCCAATTCACG","Ex_BCL6","Glut-DACH2-6",0.455702954722021
"SN571_TCTAACTTCGAGAATA","Ex_DACH2_NR4A3","Glut-DACH2-7",0.524826378247723
"SN571_CTGATCCGTTAGTCGT","Ex_DACH2_CEMIP","Glut-DACH2-6",0.911858033129134
"SN571_TCATACTCAGTATGAA","Ex_DACH2_ADAMTS5","Glut-DACH2-2",0.405049963554383
"SN571_TGATCTTAGCGCTGAA","Ex_DACH2_ZMAT4","Glut-DACH2-8",0.983540334652609
"SN571_TTAGGCATCATGCCCT","Ex_DACH2_ADAMTS5","Glut-DACH2-5",0.73291164044446
"SN571_GATGAGGTCTTTGCAT","Ex_DACH2_NR4A3","Glut-DACH2-2",0.289785328271882
"SN571_TTAATCCTCGAGATGG","Ex_DACH2_ITGA9","Glut-DACH2-7",0.439144492091974
"SN571_GTTCGCTCACAACGTT","Ex_DACH2_ADAMTS5","Glut-DACH2-6",0.410922560329212
"SN571_CATTCATAGCACGTCC","Ex_DACH2_CEMIP","Glut-DACH2-6",0.880025711197489
"SN571_GTCTACCAGGTTGCCC","Ex_DACH2_ADAMTS5","Glut-DACH2-7",0.621222700933146
"SN571_AAGATAGGTACTGACT","Ex_DACH2_CEMIP","Glut-DACH2-6",0.639009097620187
"SN571_TCCTCTTGTTCACCGG","Ex_DACH2_CEMIP","Glut-DACH2-6",0.632515780263083
"SN571_CCACTTGAGGGATCAC","Ex_BCL6","Glut-DACH2-HVCx",0.44550603572151
"SN571_GAGAGGTAGGGATGTC","Ex_DACH2_CEMIP","Glut-DACH2-6",0.540550721047806
"SN571_GATGATCCATGGACAG","Ex_DACH2_GRIK4","Glut-DACH2-1",0.525379578641684
"SN571_TCCTCCCCAAGACGGT","Ex_DACH2_RORB","Glut-DACH2-3",0.593255147067265
"SN571_ACATCCCCAAATCAGA","Ex_DACH2_NR4A3","Glut-DACH2-7",0.574847073240507
"SN571_ACATGCACACCTTCCA","Ex_DACH2_CEMIP","Glut-DACH2-6",0.435420169213168
"SN571_TTCTTGAAGCGCCTTG","Ex_DACH2_ZMAT4","Glut-DACH2-8",0.819328790298437
"SN571_TAAGCCAGTGCAATAA","Ex_DACH2_CEMIP","Glut-DACH2-6",0.89281728164068
"SN571_TTCAGGATCCAGCACG","Ex_DACH2_NR4A3","Glut-DACH2-7",0.602728419163007
"SN571_CCTTTGGGTGTCATTG","Ex_DACH2_RORB","Glut-DACH2-3",0.653260576706051
"SN571_ATCCGTCTCGTGCAGC","Ex_DACH2_CEMIP","Glut-DACH2-6",0.957753328578307
"SN571_AAACGCTCACGTAACT","Ex_DACH2_ITGA9","Glut-DACH2-3",0.595416330898158
"SN571_TCGTGCTTCAGCTTGA","Ex_DACH2_CEMIP","Glut-DACH2-6",0.83209539868788
"SN571_ACTGTGATCAGCGCGT","Ex_DACH2_ZMAT4","Glut-DACH2-3",0.888689741522027
"SN571_TTCACGCAGTCGAGGT","Ex_DACH2_NR4A3","Glut-DACH2-7",0.370635683053615
"SN571_CTGCATCCAAATGATG","Ex_DACH2_ADAMTS5","Glut-DACH2-5",0.482454240509469
"SN571_AATCGACTCTTGAGCA","Ex_DACH2_ADAMTS5","Glut-DACH2-5",0.46857675751161
"SN571_ACTGCAAGTACTCCGG","Ex_DACH2_GRIK4","Glut-DACH2-2",0.504774683514817
"SN571_AGTCTCCGTTTGCAGT","Ex_DACH2_CEMIP","Glut-DACH2-6",0.649320562818283
"SN571_GAGTTACAGCCGAATG","Ex_BCL6","Glut-DACH2-3",0.979217477219967
"SN571_GCTTGGGTCCATATGG","Ex_DACH2_CEMIP","Glut-DACH2-6",0.874087000657646
"SN571_AAGACAACAGACCAAG","Ex_BCL6","Glut-DACH2-3",0.611386678719712
"SN571_GGGACAAGTCGTGGAA","Ex_DACH2_RORB","Glut-DACH2-3",0.438474086758193
"SN571_TCGGGACCACAGCATT","Ex_DACH2_RORB","Glut-DACH2-3",0.668313772719917
"SN571_TTACCGCTCCACGGAC","Ex_DACH2_NR4A3","Glut-DACH2-1",0.687098901449924
"SN571_GCAGCTGAGGATGGCT","Ex_DACH2_ADAMTS5","Glut-DACH2-5",0.38144891681649
"SN571_ATGGTTGTCATTACGG","Ex_DACH2_NR4A3","Glut-DACH2-7",0.617133631384221
"SN571_AGCTTCCTCAAACGTC","Ex_DACH2_RORB","Glut-DACH2-3",0.578058080561799
"SN571_TCCGTGTGTACAGTCT","Ex_DACH2_CEMIP","Glut-DACH2-6",0.995177299854725
"SN571_CATCGTCGTCGACTGC","Ex_CACNA1H_MCTP2","Glut-DACH2-1",0.646113281902927
"SN571_TACAGGTCAGAGGGTT","Ex_DACH2_NR4A3","Glut-DACH2-7",0.595727240096547
"SN571_TGTCCTGAGACTCATC","Ex_DACH2_ZMAT4","Glut-DACH2-8",0.861176789238074
"SN571_CTACCTGAGGGCAAGG","Ex_DACH2_LHX2","Glut-DACH2-2",0.683029971165127
"SN571_TTGATGGAGACTTGTC","Ex_DACH2_RORB","Glut-DACH2-3",0.603799677235851
"SN571_CTCCCTCCAGGTCCCA","Ex_DACH2_ADAMTS5","Glut-DACH2-5",0.671359917628272
"SN571_CTTACCGGTGACTCTA","Ex_DACH2_CEMIP","Glut-DACH2-7",0.358585438005988
"SN571_CTTTCAACACCGTACG","Ex_DACH2_SLIT2","Glut-DACH2-3",0.336748862505667
"SN571_CACAGATTCCGCGGAT","Ex_DACH2_ADAMTS5","Glut-DACH2-5",0.555242054636214
"SN571_TCAGTCCCAGGTGACA","Ex_DACH2_TAC1","Glut-DACH2-3",0.617446499535787
"SN571_GACCCAGTCGTTGCCT","Ex_DACH2_ADAMTS5","Glut-DACH2-7",0.529682001015435
"SN571_GACCTTCAGCCACCGT","Ex_DACH2_ITGA9","Glut-DACH2-6",0.387454346790754
"SN571_AATGGAATCTCGCGTT","Ex_DACH2_RORB","Glut-DACH2-3",0.612539071077998
"SN571_GTGATGTCATAGTCAC","Ex_DACH2_NR4A3","Glut-DACH2-1",0.427254107245665
"SN571_TGAGGAGCAGGTGAGT","Ex_DACH2_RORB","Glut-DACH2-3",0.706995655868985
"SN571_CGTTGGGCAAGTGTCT","Ex_BCL6","Glut-DACH2-HVCx",0.32678620564395
"SN571_AGAAGCGAGGGACAGG","Ex_DACH2_RORB","Glut-DACH2-3",0.549269622024664
"SN571_TCACTCGGTTTCGTGA","Ex_DACH2_TAC1","Glut-DACH2-3",0.556694356732438
"SN571_TGCATGAAGGTCCTGC","Ex_DACH2_CEMIP","Glut-DACH2-6",0.553375889109935
"SN571_TATCGCCTCTGGGAGA","Ex_DACH2_NR4A3","Glut-DACH2-7",0.469869112890186
"SN571_TATTGGGTCTCCACTG","Ex_DACH2_ZMAT4","Glut-DACH2-8",0.808533397143778
"SN571_TTTGTTGAGAGGGTAA","Ex_DACH2_ZMAT4","Glut-DACH2-6",0.656034512756239
"SN571_CGCCAGACACATATCG","Ex_DACH2_CEMIP","Glut-DACH2-8",0.816170686159292
"SN571_ATTCTACAGGTAATCA","Ex_DACH2_CEMIP","Glut-DACH2-6",0.767940146546233
"SN571_ATTCTACGTGATTAGA","Ex_BCL6","Glut-DACH2-HVCx",0.458226999447001
"SN571_TCGTAGACAGTGAGCA","Ex_DACH2_CEMIP","Glut-DACH2-6",0.979679072260931
"SN571_ACTATTCGTCGTGCCA","Ex_DACH2_NR4A3","Glut-DACH2-7",0.817928876434883
"SN571_CCTAACCAGAGTGTTA","Ex_BCL6","Glut-DACH2-6",0.351385354059422
"SN571_AAGCCATGTACGTGAG","Ex_DACH2_NR4A3","Glut-DACH2-7",0.401530852767065
"SN571_CCAATGAGTTTGACAC","Ex_DACH2_ADAMTS5","Glut-DACH2-1",0.583867050693156
"SN571_GTCACGGGTATACAGA","Ex_DACH2_CEMIP","Glut-DACH2-6",0.845375132578096
"SN571_TTTACCACACAATTCG","Ex_DACH2_NR4A3","Glut-DACH2-7",0.740688916004288
"SN571_GTCTACCAGAGTATAC","Ex_DACH2_ZMAT4","Glut-DACH2-5",0.208435889847419
"SN571_CAGTTAGCAGAGTAAT","Ex_DACH2_NR4A3","Glut-DACH2-7",0.722478409634717
"SN571_CTGGTCTAGCGTGCTC","Ex_DACH2_CEMIP","Glut-DACH2-8",0.57868967520669
"SN571_TTGAACGCAATCTGCA","Ex_BCL6","Glut-DACH2-HVCx",0.340962558845051
"SN571_TTGTGGAAGTGGACTG","Ex_BCL6","Glut-DACH2-6",0.433878240666436
"SN571_CATAGACTCTAGGAAA","Ex_DACH2_GRIK4","Glut-DACH2-1",0.664275626892413
"SN571_CACGTGGTCTTACGTT","Ex_DACH2_ADAMTS5","Glut-DACH2-5",0.659675459924678
"SN571_CATAAGCCACGCCACA","Ex_DACH2_ITGA9","Glut-DACH2-3",0.411898537977878
"SN571_TGCGGGTGTTCAGCTA","Ex_DACH2_ADAMTS5","Glut-DACH2-5",0.467970064329443
"SN571_AAACGAATCAGAGTTC","Ex_DACH2_NR4A3","Glut-DACH2-7",0.489206288156086
"SN571_CTGTAGAAGCCTCTCT","Ex_DACH2_MGAT4C","Glut-DACH2-2",0.290095874319334
"SN571_AGCCAGCCACTAGGTT","Ex_DACH2_NR4A3","Glut-DACH2-1",0.51714944246466
"SN571_GTCTGTCAGACTGAGC","Ex_DACH2_CEMIP","Glut-DACH2-6",0.7149352798561
"SN571_CGTAAGTTCGACACCG","Ex_DACH2_ADAMTS5","Glut-DACH2-5",0.467556080289638
"SN571_AATGACCAGGCTGAAC","Ex_BCL6","Glut-DACH2-HVCx",0.421327731985045
"SN571_GATGGAGTCGTCCATC","Ex_DACH2_NR4A3","Glut-DACH2-1",0.561157771128474
"SN571_ATTCACTAGTGCAAAT","Ex_DACH2_NR4A3","Glut-DACH2-7",0.405551453035901
"SN571_TTCGCTGAGTGTAGAT","Ex_DACH2_CEMIP","Glut-DACH2-6",0.844679787491845
"SN571_TCATGCCCAGCTGTAT","Ex_BCL6","Glut-DACH2-6",0.564382182987656
"SN571_TAGATCGCATGGAAGC","Ex_DACH2_RORB","Glut-DACH2-3",0.455205861750014
"SN571_CTCATCGAGCTTGTGT","Ex_DACH2_ZMAT4","Glut-DACH2-6",0.500326318185688
"SN571_GGGTCACTCTTGAACG","Ex_BCL6","Glut-DACH2-4",0.617452401439636
"SN571_CTCTGGTCAACCACAT","Ex_DACH2_NR4A3","Glut-DACH2-1",0.835257488465979
"SN571_ATCTTCAGTACAAACA","Ex_DACH2_RORB","Glut-DACH2-3",0.420072721835082
"SN571_CGGGTGTAGATAGTGT","Ex_BCL6","Glut-DACH2-HVCx",0.495363706996158
"SN571_TCACTCGCACTCTCGT","Ex_DACH2_LHX2","Glut-DACH2-2",0.410517510206179
"SN571_CTGTACCAGCAGTACG","Ex_DACH2_CEMIP","Glut-DACH2-6",0.695819530978923
"SN571_TACCGGGGTAGACAGC","Ex_DACH2_CEMIP","Glut-DACH2-8",0.571832159634168
"SN571_TTACCATAGTCCCGAC","Ex_DACH2_ADAMTS5","Glut-DACH2-5",0.289326957642739
"SN571_ACGTTCCGTGCCTTTC","Ex_DACH2_ADAMTS5","Glut-DACH2-2",0.360120514855495
"SN571_AATGGCTTCCGTGTCT","Ex_DACH2_CEMIP","Glut-DACH2-6",0.762113699273791
"SN571_AGAGCCCAGCCTCAAT","Ex_BCL6","Glut-CACNA1H-3",0.271382764098543
"SN571_GATCATGTCCGAGAAG","Ex_DACH2_ADAMTS5","Glut-DACH2-5",0.664514648023429
"SN571_TAAGCGTCATTGTCGA","Ex_DACH2_CEMIP","Glut-DACH2-6",0.970628983796918
"SN571_CAATCGAAGAATTGTG","Ex_BCL6","Glut-DACH2-3",0.392054955108319
"SN571_TGCACGGGTGATCATC","Ex_DACH2_CEMIP","Glut-DACH2-6",0.81290326787975
"SN571_ATGTCTTTCTGTGTGA","Ex_DACH2_ADAMTS5","Glut-DACH2-4",0.302049462111995
"SN571_AGCCAATCAGAGCCCT","Ex_DACH2_CEMIP","Glut-DACH2-6",0.886419539276808
"SN571_ACGATCACACCATAAC","Ex_DACH2_CEMIP","Glut-DACH2-6",0.642235815082224
"SN571_TAGGGTTAGAAATTCG","Ex_DACH2_LHX2","Glut-DACH2-1",0.56027966538099
"SN571_TTAGGCAAGACCGCCT","Ex_DACH2_CEMIP","Glut-DACH2-6",0.753931395300418
"SN571_CTCTCAGCATGAGGGT","Ex_DACH2_RORB","Glut-DACH2-3",0.49991025311523
"SN571_ACTTAGGGTCACTCAA","Ex_DACH2_NR4A3","Glut-DACH2-5",0.345042003721842
"SN571_CAGCACGGTACCAATC","Ex_DACH2_NR4A3","Glut-DACH2-7",0.711503361173033
"SN571_TACTTACAGAAGCCAC","Ex_DACH2_ADAMTS5","Glut-DACH2-5",0.784155160517088
"SN571_GCCAGTGTCGCATTGA","Ex_DACH2_GRIK4","Glut-DACH2-1",0.564805496331543
"SN571_CATACTTGTTTAAGGA","Ex_DACH2_TAC1","Glut-DACH2-8",0.393501022839954
"SN571_GTAATGCCAGTCGGTC","Ex_BCL6","Glut-DACH2-6",0.631810399563468
"SN571_TTAGGGTTCTAGCCTC","Ex_BCL6","Glut-DACH2-2",0.350314561100506
"SN571_CGCATGGTCATGAGGG","Ex_BCL6","Glut-DACH2-3",0.361350948197631
"SN571_TCTCTGGTCATGAGGG","Ex_DACH2_ZMAT4","Glut-DACH2-4",0.381415092861451
"SN571_CGGAGAAGTCACTAGT","Ex_DACH2_ADAMTS5","Glut-DACH2-5",0.581341880172517
"SN571_TACCGAACACATTACG","Ex_BCL6","Glut-DACH2-1",0.62337793016087
"SN571_CGTAGTATCTTGCAGA","Ex_DACH2_ZMAT4","Glut-DACH2-8",0.576609581086464
"SN571_TGGTGATGTATGCGGA","Ex_DACH2_RORB","Glut-DACH2-3",0.356280310648829
"SN571_TGGAGGAAGTCGGGAT","Ex_DACH2_ADAMTS5","Glut-DACH2-5",0.417741119050424
"SN571_AGATGAAGTGTACGCC","Ex_DACH2_ADAMTS5","Glut-DACH2-7",0.50189692351252
"SN571_TTTGGAGTCATCTGTT","Ex_DACH2_ADAMTS5","Glut-DACH2-2",0.329756036612618
"SN571_CTCCTCCAGGTAGATT","Ex_BCL6","Glut-DACH2-6",0.503929879177883
"SN571_CCACCATCATGGGTTT","Ex_DACH2_LHX2","Glut-DACH2-7",0.457500767699862
"SN571_TATATCCTCAACCTCC","Ex_DACH2_CEMIP","Glut-DACH2-6",0.875851497615198
"SN571_CTGTAGACATACCACA","Ex_BCL6","Glut-DACH2-3",0.328043984739999
"SN571_GCCATGGTCGTCAGAT","Ex_BCL6","Glut-DACH2-1",0.355367398012653
"SN571_TGTAGACTCATCGACA","Ex_DACH2_RORB","Glut-DACH2-3",0.429273901491682
"SN571_CTGCTCACAAACTGCT","Ex_DACH2_ADAMTS5","Glut-DACH2-2",0.529664777048781
"SN571_TACTTACCACCTGCGA","Ex_DACH2_ZMAT4","Glut-DACH2-8",0.607585689712561
"SN571_GGGCTCATCGATTCCC","Ex_DACH2_ADAMTS5","Glut-DACH2-5",0.455809248118557
"SN571_CCGGGTACATGACCCG","Ex_DACH2_RORB","Glut-DACH2-8",0.473817207062893
"SN571_CAAGAGGCACTGGATT","Ex_DACH2_ADAMTS5","Glut-DACH2-7",0.464615759609142
"SN571_CTTGAGAGTACAAAGT","Ex_BCL6","Glut-DACH2-4",0.33150894681205
"SN571_TTCGGTCTCGTGTGAT","Ex_DACH2_CEMIP","Glut-DACH2-6",0.956557373163404
"SN571_ACAGCCGAGCGTCTCG","Ex_DACH2_MGAT4C","Glut-DACH2-2",0.60884852834126
"SN571_GGGACCTAGAGAGCCT","Ex_DACH2_ADAMTS5","Glut-DACH2-8",0.30846555247411
"SN571_ACATCCCTCTAGTACG","Ex_DACH2_ADAMTS5","Glut-DACH2-5",0.705971495317832
"SN571_CACTAAGGTAAGCAAT","Ex_BCL6","Glut-CACNA1H-4",0.516444963427441
"SN571_CTACAGAGTTAATGAG","Ex_DACH2_ADAMTS5","Glut-DACH2-5",0.481292749434541
"SN571_TGCAGATTCCTAGCCT","Ex_BCL6","Glut-DACH2-3",0.783094475616095
"SN571_TCCGAAAAGGTAGCAC","Ex_DACH2_CEMIP","Glut-DACH2-6",0.704602185561912
"SN571_GACTCAAAGTCCCGAC","Ex_DACH2_NR4A3","Glut-DACH2-HVCra",0.433436761070772
"SN571_GCGATCGCAGTGCCTG","Ex_DACH2_ZMAT4","Glut-DACH2-3",0.553897761431893
"SN571_CTGTACCTCTTCCAGC","Ex_BCL6","Glut-DACH2-8",0.535523197150044
"SN571_ATGATCGCATGATAGA","Ex_BCL6","Glut-DACH2-HVCx",0.376655699998048
"SN571_TTAGGCAAGCAAGCCA","Ex_BCL6","Glut-DACH2-3",0.389220824247661
"SN571_TCCCACAAGATAACAC","Ex_DACH2_ADAMTS5","Glut-DACH2-5",0.718794732167231
"SN571_CTCAACCCATAATCCG","Ex_DACH2_NR4A3","Glut-DACH2-1",0.549104603156841
"SN571_TCTTTGAGTTAAGGGC","Ex_DACH2_RORB","Glut-DACH2-3",0.582581409304729
"SN571_GTCGTTCCACGAGGAT","Ex_DACH2_CEMIP","Glut-DACH2-3",0.509943365241927
"SN571_AGTCACATCCGTACGG","Ex_DACH2_ADAMTS5","Glut-DACH2-7",0.402869372291981
"SN571_AGTACCAAGTCTGGAG","Ex_DACH2_ADAMTS5","Glut-DACH2-5",0.475363008160514
"SN571_TTCAATCAGGGCAGGA","Ex_BCL6","Glut-CACNA1H-4",0.695383317900851
"SN571_CGGGTGTCAGTCCGTG","Ex_BCL6","Glut-DACH2-HVCra",0.284687346672012
"SN571_TTCGCTGTCGGCAGTC","Ex_DACH2_GRIK4","Glut-DACH2-2",0.408149192725956
"SN571_AACAACCCACGGTGCT","Ex_DACH2_ADAMTS5","Glut-DACH2-5",0.596583184193584
"SN571_CAATTTCTCTAACACG","Ex_DACH2_ADAMTS5","Glut-DACH2-5",0.479087569530225
"SN571_GTCTCACAGGTCGAGT","Ex_BCL6","Glut-DACH2-3",0.419567064899885
"SN571_CGGAACCTCATGTCTT","Ex_DACH2_TAC1","Glut-DACH2-4",0.387020081262652
"SN571_TCGACGGGTTGGCCGT","Ex_DACH2_RORB","Glut-DACH2-3",0.413367726608704
"SN571_GGAACCCCATTGGCAT","Ex_DACH2_ADAMTS5","Glut-DACH2-5",0.467297494691253
"SN571_AGGAATATCCGTACGG","Ex_DACH2_NR4A3","Glut-DACH2-1",0.466571167215582
"SN571_ACCAAACGTTGAGAGC","Ex_DACH2_ADAMTS5","Glut-DACH2-5",0.677927125034872
"SN571_ATTGGGTTCACGATAC","Ex_DACH2_CEMIP","Glut-DACH2-6",0.73695937781006
"SN571_AGGACTTTCGACATAC","Ex_DACH2_ADAMTS5","Glut-DACH2-1",0.34404623607099
"SN571_AGACAAAAGCCGATTT","Ex_DACH2_ADAMTS5","Glut-DACH2-7",0.511421031336269
"SN571_TTCTAACTCCAAACCA","Ex_DACH2_RORB","Glut-DACH2-3",0.520404787879334
"SN571_TGGAACTCAAGAGAGA","Ex_DACH2_RORB","Glut-DACH2-8",0.445786272468833
"SN571_GAAGTAAAGGAAACGA","Ex_DACH2_ADAMTS5","Glut-DACH2-5",0.416709742838142
"SN571_CCGATCTAGCGATGGT","Ex_DACH2_CEMIP","Glut-DACH2-6",0.342374969432966
"SN571_TAAGTCGGTGCCTGCA","Ex_BCL6","Glut-DACH2-8",0.206057259269228
"SN571_GAGGCCTAGGTAAAGG","Ex_DACH2_ADAMTS5","Glut-DACH2-7",0.438440283782093
"SN571_AGGGAGTGTTCTAAGC","Ex_DACH2_CEMIP","Glut-DACH2-6",0.560819484663169
"SN571_TCTGCCAAGCCACAAG","Ex_BCL6","Glut-DACH2-3",0.416013055052291
"SN571_ACCACAATCAAGTAAG","Ex_DACH2_CEMIP","Glut-DACH2-6",0.400531962030713
"SN571_AATTTCCTCCTGTAAG","Ex_DACH2_CEMIP","Glut-DACH2-6",0.901059518640729
"SN571_GTAGGTTCATCGTGGC","Ex_DACH2_RORB","Glut-DACH2-8",0.324431980615185
"SN571_TCCCAGTTCGGCATCG","Ex_DACH2_RORB","Glut-DACH2-8",0.378307597493308
"SN571_CACCGTTTCTGGCTGG","Ex_DACH2_ZMAT4","Glut-DACH2-8",0.328083645326501
"SN571_CTCCTTTCATCATGAC","Ex_DACH2_RORB","Glut-DACH2-6",0.298857680355143
"SN571_AGATAGACAAAGTATG","Ex_DACH2_ADAMTS5","Glut-DACH2-7",0.427902717828548
"SN571_AGGAATAAGTTGCTCA","Ex_DACH2_NR4A3","Glut-DACH2-7",0.480032015575011
"SN571_ATGAGGGCAATGGCAG","Ex_DACH2_GRIK4","Glut-DACH2-HVCx",0.638820617526967
"SN571_TCTATCACAGGGACTA","Ex_DACH2_LHX2","Glut-DACH2-2",0.527595994083223
"SN571_CCACGAGTCGAACACT","Ex_DACH2_NR4A3","Glut-DACH2-1",0.783449970995891
"SN571_CCGCAAGGTAGGCTGA","Ex_DACH2_RORB","Glut-DACH2-8",0.402635764990772
"SN571_GGGCCATCAGCAGGAT","Ex_DACH2_CEMIP","Glut-DACH2-6",0.793903143607144
"SN571_ACAGGGACATCAGTCA","Ex_DACH2_NR4A3","Glut-DACH2-1",0.508988225139882
"SN571_ATGGAGGCACCAGACC","Ex_DACH2_RORB","Glut-DACH2-3",0.492508394543481
"SN571_GATCACATCTCATTGT","Ex_DACH2_LHX2","Glut-DACH2-1",0.669551701854561
"SN571_GGGACAAGTCCCACGA","Ex_DACH2_ADAMTS5","Glut-DACH2-7",0.376218739580518
"SN571_TTCATGTAGCAGTACG","Ex_DACH2_CEMIP","Glut-DACH2-6",0.729296832744915
"SN571_CAGCACGAGACCAAGC","Ex_BCL6","Glut-DACH2-HVCx",0.611937531126761
"SN571_GCACATATCAAGGAGC","Ex_DACH2_NR4A3","Glut-DACH2-5",0.435171096446965
"SN571_CAATGACGTAGGGTAC","Ex_DACH2_ADAMTS5","Glut-DACH2-2",0.231046990850462
"SN571_CGCATGGTCGTTCTAT","Ex_DACH2_RORB","Glut-DACH2-3",0.590218059636784
"SN571_GTTACAGGTAACTAAG","Ex_DACH2_ZMAT4","Glut-DACH2-6",0.584312163353119
"SN571_GCTACCTTCGGTGAAG","Ex_DACH2_GRIK4","Glut-DACH2-1",0.581346879823111
"SN571_CGTCAAAAGACTGAGC","Ex_DACH2_NR4A3","Glut-DACH2-7",0.622296655822194
"SN571_TTTCCTCTCATACAGC","Ex_DACH2_GRIK4","Glut-DACH2-1",0.486889222376435
"SN571_CTAAGTGGTTCGTGCG","Ex_DACH2_TAC1","Glut-DACH2-8",0.613331904212217
"SN571_GTTGTCCCACCAGCCA","Ex_DACH2_ADAMTS5","Glut-DACH2-7",0.2432722332521
"SN571_CCCTTAGGTGTCGATT","Ex_DACH2_RORB","Glut-DACH2-3",0.60819084575821
"SN571_AACAAGATCACCACAA","Ex_DACH2_ADAMTS5","Glut-DACH2-2",0.345336928513065
"SN571_CTCCTTTGTGGGCTTC","Ex_BCL6","Glut-CACNA1H-2",0.321337040201479
"SN571_GCTCAAAAGGACTAAT","Ex_DACH2_RORB","Glut-DACH2-3",0.627591872288305
"SN571_GTGAGTTCAAGTGTCT","Ex_DACH2_ADAMTS5","Glut-DACH2-5",0.423221977446026
"SN571_TCACTCGGTACCCGCA","Ex_BCL6","Glut-DACH2-6",0.708421508548015
"SN571_CCCTCTCGTACCTTCC","Ex_DACH2_RORB","Glut-DACH2-3",0.6342573271941
"SN571_TCGCTTGCAGGGACTA","Ex_DACH2_ZMAT4","Glut-DACH2-8",0.670448624538058
"SN571_GTGTAACGTGGTGATG","Ex_BCL6","Glut-DACH2-HVCx",0.266627736135898
"SN571_AGAAGTACAAGAATAC","Ex_DACH2_ADAMTS5","Glut-DACH2-5",0.438724913139997
"SN571_CCTTCAGGTAGTGCGA","Ex_DACH2_RORB","Glut-DACH2-3",0.361180004978895
"SN571_CATAAGCGTCCAGCAC","Ex_DACH2_RORB","Glut-DACH2-3",0.5782362555977
"SN571_GCATTAGTCCAAAGGG","Ex_DACH2_ZMAT4","Glut-DACH2-8",0.891860447491126
"SN571_CGGTCAGTCTCATTGT","Ex_DACH2_RORB","Glut-CACNA1H-3",0.213563415693124
"SN571_GCGTGCAGTAGGTACG","Ex_DACH2_GRIK4","Glut-DACH2-1",0.328435586255258
"SN571_GCCCAGATCTTTGCGC","Ex_DACH2_ZMAT4","Glut-DACH2-8",0.821153706002657
"SN571_ACTATGGTCATACGGT","Ex_DACH2_CEMIP","Glut-DACH2-6",0.633271934074459
"SN571_ACCCAAAGTTTGAAAG","Ex_DACH2_RORB","Glut-DACH2-3",0.750981241476828
"SN571_ATATCCTGTATTGGCT","Ex_DACH2_ADAMTS5","Glut-DACH2-7",0.530567313279277
"SN571_CAACAGTTCGTTCCCA","Ex_DACH2_RORB","Glut-DACH2-3",0.393507293407324
"SN571_CATCCCACAGCAGTAG","Ex_DACH2_RORB","Glut-CACNA1H-3",0.289635442116287
"SN571_CAATCGAAGTCGAGGT","Ex_DACH2_RORB","Glut-DACH2-8",0.325095374125042
"SN571_ATTCCCGCACAGTCAT","Ex_DACH2_NR4A3","Glut-DACH2-1",0.273190494828926
"SN571_CAACCTCTCCGTTGGG","Ex_DACH2_ADAMTS5","Glut-DACH2-5",0.414982778607031
"SN571_CTGTGAACAAAGGATT","Ex_DACH2_RORB","Glut-DACH2-3",0.514680406892689
"SN571_CTATCCGTCGTAACCA","Ex_DACH2_CEMIP","Glut-DACH2-6",0.967216742203742
"SN571_ATCGTGATCCTCGATC","Ex_BCL6","Glut-DACH2-3",0.271081009022124
"SN571_AAAGTCCCATGTGCTA","Ex_DACH2_RORB","Glut-DACH2-8",0.431056741418108
"SN571_CTTGAGAGTAGCTGAG","Ex_DACH2_ADAMTS5","Glut-DACH2-1",0.517856244190162
"SN571_AGCGCTGCATCCAACA","Ex_DACH2_RORB","Glut-DACH2-LMANco",0.293358424504155
"SN571_ACCATTTGTTTACGAC","Ex_DACH2_ITGA9","Glut-DACH2-6",0.430684150800818
"SN571_CGTCAAAGTATGCAAA","Ex_DACH2_RORB","Glut-DACH2-3",0.713940823553668
"SN571_ATGCGATCACTGCATA","Ex_DACH2_RORB","Glut-DACH2-5",0.444259079007122
"SN571_TTAGGGTGTGTCTAAC","Ex_DACH2_RORB","Glut-DACH2-3",0.397360513336828
"SN571_TATTGCTCACGTAGAG","Ex_BCL6","Glut-DACH2-4",0.342483814759217
"SN571_ACGGAAGGTGGCCTCA","Ex_BCL6","Glut-DACH2-6",0.383795308144831
"SN571_ATGCCTCAGGGTAGCT","Ex_DACH2_RORB","Glut-DACH2-8",0.368057386439109
"SN571_CACCAAAAGCTCCACG","Ex_DACH2_RORB","Glut-DACH2-7",0.493187574556245
"SN571_CCCGAAGTCACATACG","Ex_DACH2_RORB","Glut-DACH2-4",0.324467883862291
"SN571_GTAGATCGTGCAACAG","Ex_DACH2_RORB","Glut-DACH2-3",0.274545631810806
"SN571_TGCATGAGTTCTCAGA","Ex_DACH2_RORB","Glut-DACH2-HVCra",0.459419564966097
"SN571_TAGCACACATCCAACA","Ex_DACH2_RORB","Glut-DACH2-3",0.448431867524785
"SN571_CATCGGGCATGAGGGT","Ex_DACH2_RORB","Glut-DACH2-3",0.278536123054441
"SN571_ACACTGAAGAGCAAGA","Ex_DACH2_RORB","Glut-CACNA1H-3",0.229210076907753
"SN571_CCTCCAATCTGCGGCA","Ex_DACH2_RORB","Glut-DACH2-2",0.36972817637412
"SN571_ATGGGTTAGAAATCCA","Ex_DACH2_RORB","Glut-DACH2-4",0.205435034809223
"SN571_ACTATTCAGCCGTTAT","Ex_DACH2_RORB","Glut-DACH2-3",0.331781554445007
"SN571_TACTTGTTCACCACAA","Ex_DACH2_RORB","Glut-DACH2-8",0.192159104633287
"SN571_TGATCTTGTCGTTATG","Ex_DACH2_RORB","Glut-DACH2-3",0.248151624868515
"SN571_TGTTTGTAGTCTGGTT","Ex_DACH2_RORB","Glut-CACNA1H-3",0.249325396745963
"SN571_TGACTCCTCAGACATC","Ex_DACH2_RORB","Glut-DACH2-4",0.365659795426721
"SN571_ACATCCCTCGCCAACG","Ex_DACH2_RORB","Glut-CACNA1H-3",0.208036491357512
"SN571_CCTATCGTCGAACCAT","Ex_DACH2_RORB","Glut-DACH2-7",0.455119737226339
"SN571_TTACCATGTCGGTGTC","Ex_DACH2_RORB","Glut-DACH2-8",0.226071358108883
"SN571_TACGGGCTCACGTAGT","Ex_DACH2_RORB","Glut-DACH2-4",0.449650299770168
"SN572_GGGAAGTAGCACCGAA","Ex_Pre_KCNH7","Glut-DACH2-HVCra",0.378740654186416
"SN572_TTACGCCAGTAAACTG","Ex_Pre_KCNH7","Glut-DACH2-1",0.285017530944226
"SN572_GTCTAGAAGTCAATCC","Ex_Pre_KCNH7","Glut-DACH2-1",0.590639220225378
"SN572_GCAACATGTTGCCATA","Ex_Pre_KCNH7","Glut-DACH2-HVCra-Int",0.251765219184526
"SN572_TAAGCACCAACCGATT","Ex_Pre_KCNH7","Glut-DACH2-1",0.320172093108498
"SN572_GGGTAGATCAGCCTTC","Ex_Pre_KCNH7","Glut-DACH2-1",0.426460381369051
"SN572_TCGGGTGTCACTTATC","Ex_Pre_KCNH7","Glut-DACH2-HVCx",0.576518015427752
"SN572_CCCTCAATCTAGGCAT","Ex_Pre_KCNH7","Glut-CACNA1H-3",0.252360994052467
"SN572_CTTGATTGTTGTGTTG","Ex_Pre_KCNH7","Glut-CACNA1H-3",0.261172456552316
"SN572_TTGATGGAGCCTTTGA","Ex_Pre_KCNH7","Glut-CACNA1H-3",0.341047125511809
"SN572_CCCAACTAGGCACAAC","Ex_CACNA1H_LHX9","Glut-CACNA1H-2",0.649571138496538
"SN572_CCTTGTGAGCACGATG","Ex_CACNA1H_LHX9","Glut-CACNA1H-4",0.501433240575038
"SN572_GATCGTATCCATGAGT","Ex_CACNA1H_LHX9","Glut-CACNA1H-2",0.611423312423095
"SN572_CTCACTGGTGAGGAAA","Ex_CACNA1H_LHX9","Glut-CACNA1H-4",0.620136218391907
"SN572_AGGTTACGTTACAGCT","Ex_CACNA1H_LHX9","Glut-CACNA1H-4",0.51871832564032
"SN572_GTCGAATTCAATCCGA","Ex_CACNA1H_LHX9","Glut-CACNA1H-4",0.973039113814473
"SN572_AAGCGTTTCGAGCTGC","Ex_CACNA1H_LHX9","Glut-CACNA1H-4",0.959169832214606
"SN572_CATCCCATCCTCAGAA","Ex_CACNA1H_LHX9","Glut-CACNA1H-4",0.817525905307864
"SN572_CACTTCGAGCCTAGGA","Ex_CACNA1H_LHX9","Glut-CACNA1H-4",0.871821829616211
"SN572_CCCGAAGCACTCATAG","Ex_CACNA1H_LHX9","Glut-CACNA1H-4",0.639282627347873
"SN572_AGAGCAGCAGGTTCAT","Ex_CACNA1H_LHX9","Glut-CACNA1H-2",1
"SN572_GAAGCGACACTGGAAG","Ex_CACNA1H_LHX9","Glut-CACNA1H-4",0.561082172850755
"SN572_ACTTTGTAGCCTGAGA","Ex_CACNA1H_LHX9","Glut-CACNA1H-4",0.98470516625186
"SN572_ATGGGAGCAGATACTC","Ex_CACNA1H_LHX9","Glut-CACNA1H-4",0.836021343518156
"SN572_GCTGGGTGTATGCGTT","Ex_CACNA1H_LHX9","Glut-CACNA1H-4",0.938390489363418
"SN572_GGACGTCGTCCGTTTC","Ex_CACNA1H_LHX9","Glut-CACNA1H-4",0.873172768234702
"SN572_TTGGGTACAAGATGGC","Ex_CACNA1H_LHX9","Glut-CACNA1H-1",0.715813364813386
"SN572_AGCTACAGTCGGTACC","Ex_CACNA1H_PROX1","Glut-DACH2-1",0.348200951340917
"SN572_GTCCCATCACCTATCC","Ex_CACNA1H_LHX9","Glut-CACNA1H-4",0.842300084981859
"SN572_CTGCCTAAGCTTCGTA","Ex_CACNA1H_LHX9","Glut-CACNA1H-4",0.955991471533253
"SN572_GTTACCCCAGTGGTGA","Ex_DACH2_ZMAT4","Glut-DACH2-8",0.468715727701104
"SN572_ACTCCCAAGACATCCT","Ex_DACH2_GRIK4","Glut-DACH2-7",0.652251934255793
"SN572_TGAACGTTCTTTGCAT","Ex_DACH2_CEMIP","Glut-DACH2-3",0.558487350773609
"SN572_ATGGTTGCAGTATACC","Ex_DACH2_CEMIP","Glut-DACH2-3",0.88260631075757
"SN572_CTTCCTTGTGACAGCA","Ex_DACH2_NR4A3","Glut-DACH2-1",0.619332018200324
"SN572_ACCTACCTCTCGGTAA","Ex_DACH2_ITGA9","Glut-DACH2-1",0.856151100441219
"SN572_ATACCTTCAAAGGCAC","Ex_DACH2_MGAT4C","Glut-DACH2-2",0.494006758110284
"SN572_GGAATCTGTCTCAAGT","Ex_DACH2_NR4A3","Glut-DACH2-1",0.575018146726773
"SN572_CCTCACAAGGCTAACG","Ex_DACH2_GRIK4","Glut-DACH2-1",0.859201486070639
"SN572_GGGACTCTCATATGGC","Ex_DACH2_GRIK4","Glut-DACH2-1",0.578423574020782
"SN572_TACAGGTCATGTCAGT","Ex_DACH2_GRIK4","Glut-DACH2-2",0.635064570007053
"SN572_TTTCAGTTCATTACGG","Ex_DACH2_GRIK4","Glut-DACH2-1",0.665259779260059
"SN572_GTAAGTCTCTGAGATC","Ex_DACH2_CEMIP","Glut-DACH2-3",0.602168092199067
"SN572_TAACGACCACGCTGTG","Ex_DACH2_GRIK4","Glut-DACH2-1",0.835261544244588
"SN572_TATTCCAGTATTGACC","Ex_DACH2_ZMAT4","Glut-DACH2-8",0.413510631175625
"SN572_AAACGCTGTCCTTGTC","Ex_DACH2_SLIT2","Glut-DACH2-3",0.842387741272011
"SN572_GACTGATCAGTTGTCA","Ex_DACH2_SLIT2","Glut-DACH2-3",0.950446230879418
"SN572_TATTCCACAGAGGAAA","Ex_DACH2_GRIK4","Glut-DACH2-1",0.9609869238973
"SN572_ACTTAGGAGTAGCATA","Ex_DACH2_ZMAT4","Glut-DACH2-8",0.650889537436707
"SN572_CGGACACAGTTTCGAC","Ex_DACH2_NR4A3","Glut-DACH2-7",0.421801477332293
"SN572_TCAGTTTGTCCCAAAT","Ex_DACH2_GRIK4","Glut-DACH2-1",0.761605645265916
"SN572_TAAGCACAGCCTGAAG","Ex_DACH2_ZMAT4","Glut-DACH2-3",0.482394549453273
"SN572_AACCTGATCGGTCTGG","Ex_DACH2_GRIK4","Glut-DACH2-1",0.879784326201185
"SN572_TTGTTCAGTACCTATG","Ex_DACH2_ZMAT4","Glut-DACH2-6",0.373796501427844
"SN572_GGATCTAAGACTACCT","Ex_DACH2_ADAMTS5","Glut-DACH2-7",0.298028986895985
"SN572_TACCCGTAGACGTCCC","Ex_DACH2_MGAT4C","Glut-DACH2-1",0.929534388163659
"SN572_ACTATTCTCTGCGGCA","Ex_DACH2_CEMIP","Glut-DACH2-3",0.531874992172927
"SN572_TCATGCCTCTGAATCG","Ex_DACH2_LHX2","Glut-DACH2-1",0.567515598127237
"SN572_TGCAGGCGTTTACGAC","Ex_DACH2_ZMAT4","Glut-DACH2-3",0.712874464706606
"SN572_ACTTTCAGTTTGCCGG","Ex_DACH2_NR4A3","Glut-DACH2-1",0.832841161153673
"SN572_GAGAGGTAGCCGCTTG","Ex_DACH2_RORB","Glut-DACH2-3",0.550476106581459
"SN572_AGGAAATTCTAGCCAA","Ex_DACH2_CEMIP","Glut-DACH2-6",0.814170866723585
"SN572_CATTCCGGTGATACCT","Ex_DACH2_SLIT2","Glut-DACH2-6",0.637405552172666
"SN572_AGAAATGCAAGCAGGT","Ex_DACH2_CEMIP","Glut-DACH2-6",0.600299009493372
"SN572_CTACTATTCCGTGGCA","Ex_DACH2_LHX2","Glut-DACH2-2",0.690502390017428
"SN572_CCTCTAGTCTTGAACG","Ex_DACH2_RORB","Glut-DACH2-3",0.500114465897691
"SN572_GTAAGTCTCGGACTGC","Ex_DACH2_MGAT4C","Glut-DACH2-1",0.880356043274349
"SN572_TAATCTCCAGTGTACT","Ex_DACH2_LHX2","Glut-DACH2-1",0.499369911233768
"SN572_ACCCTTGAGGCCTGCT","Ex_DACH2_NR4A3","Glut-DACH2-1",0.860519963664377
"SN572_GCATTAGTCGATACAC","Ex_DACH2_LHX2","Glut-DACH2-1",0.549131538239504
"SN572_TGTGCGGAGCGCACAA","Ex_DACH2_GRIK4","Glut-DACH2-1",0.998921733904202
"SN572_AGAAGCGAGCCGCTTG","Ex_DACH2_NR4A3","Glut-DACH2-1",0.595895582317209
"SN572_AAGTCGTAGCTCCATA","Ex_DACH2_RORB","Glut-DACH2-3",0.604403802720632
"SN572_TCCGGGACAATCCAGT","Ex_DACH2_CEMIP","Glut-DACH2-3",0.93786963671356
"SN572_CAGCAATTCATGCATG","Ex_DACH2_ZMAT4","Glut-DACH2-3",0.395223539950299
"SN572_GTAGATCGTACATACC","Ex_DACH2_NR4A3","Glut-DACH2-1",0.596021143554432
"SN572_CACTGAACAATTGCGT","Ex_DACH2_GRIK4","Glut-DACH2-1",0.80137975779244
"SN572_GATCCCTTCAAAGGTA","Ex_DACH2_NR4A3","Glut-DACH2-1",0.705453557901851
"SN572_TCCATCGAGGTTGTTC","Ex_DACH2_SLIT2","Glut-DACH2-1",0.83352631700129
"SN572_GTAAGTCAGGCGTCCT","Ex_DACH2_GRIK4","Glut-DACH2-1",0.882638520116524
"SN572_TATTGGGAGGAATCGC","Ex_DACH2_SLIT2","Glut-DACH2-3",0.927910957436459
"SN572_CTGCCTACATTGGATC","Ex_DACH2_NR4A3","Glut-DACH2-1",0.915110422344576
"SN572_GCTACAAAGCATGCGA","Ex_DACH2_SLIT2","Glut-DACH2-3",0.992012721013954
"SN572_GGTCACGCAAACACGG","Ex_DACH2_LHX2","Glut-DACH2-1",0.578729854727312
"SN572_ACGCACGCACGCTGAC","Ex_DACH2_SLIT2","Glut-DACH2-3",0.970887314032225
"SN572_CTTGAGAGTGTGGACA","Ex_DACH2_CEMIP","Glut-DACH2-6",0.781329191962448
"SN572_TTTACTGGTGTCTTAG","Ex_DACH2_ZMAT4","Glut-DACH2-6",0.51575163139797
"SN572_CAAGCTAAGCCTAGGA","Ex_DACH2_SLIT2","Glut-DACH2-3",0.996810065134216
"SN572_TAACACGAGGGCAGGA","Ex_DACH2_GRIK4","Glut-DACH2-1",0.606154896954931
"SN572_TCTACATAGTCACGCC","Ex_DACH2_GRIK4","Glut-DACH2-1",0.783658471835211
"SN572_ACCTGAAAGTGCCTCG","Ex_DACH2_LHX2","Glut-DACH2-1",0.741844400751719
"SN572_TCGCACTGTCCCACGA","Ex_DACH2_SLIT2","Glut-DACH2-3",0.395142730568355
"SN572_AAAGGTAAGGTCACTT","Ex_DACH2_NR4A3","Glut-DACH2-7",0.64849871161991
"SN572_AACAAAGTCCCGTGAG","Ex_DACH2_SLIT2","Glut-CACNA1H-4",0.634667368025956
"SN572_GAATCGTTCACATCAG","Ex_DACH2_SLIT2","Glut-DACH2-3",0.987499967001125
"SN572_TTATTGCCAGCGTAGA","Ex_DACH2_RORB","Glut-DACH2-3",0.532206817787664
"SN572_CAGGCCAAGATAGCAT","Ex_DACH2_SLIT2","Glut-DACH2-3",0.936228583785311
"SN572_GCACGTGCACCGTCTT","Ex_DACH2_RORB","Glut-DACH2-3",0.346624455597906
"SN572_ACCAACAGTTGCATAC","Ex_DACH2_GRIK4","Glut-DACH2-1",0.786469994593208
"SN572_CACAGGCGTAGGACCA","Ex_DACH2_RORB","Glut-DACH2-3",0.453783272440346
"SN572_CATACTTTCCACGTAA","Ex_DACH2_MGAT4C","Glut-DACH2-1",0.848023333113104
"SN572_TATCCTAGTGACGTCC","Ex_DACH2_SLIT2","Glut-DACH2-3",0.42427720871762
"SN572_GTTCGCTTCGGTGCAC","Ex_DACH2_CEMIP","Glut-DACH2-8",0.620411852172932
"SN572_TTTCGATTCTTACGTT","Ex_DACH2_SLIT2","Glut-DACH2-3",1
"SN572_TTTCAGTTCTCACGAA","Ex_DACH2_RORB","Glut-DACH2-3",0.581188503753304
"SN572_CCTTTGGCACTTGAGT","Ex_DACH2_CEMIP","Glut-DACH2-6",0.419595133036041
"SN572_ACTTCCGAGACTCTTG","Ex_DACH2_RORB","Glut-DACH2-3",0.491105002050307
"SN572_CTCCAACGTTCCGGTG","Ex_DACH2_ZMAT4","Glut-DACH2-8",0.599616671766616
"SN572_TCAGGTAGTGCAATGG","Ex_DACH2_ZMAT4","Glut-DACH2-7",0.453473031663011
"SN572_TTAGGGTCACACGGTC","Ex_DACH2_GRIK4","Glut-DACH2-1",0.845476890874094
"SN572_ACAAAGATCGGTGTAT","Ex_DACH2_SLIT2","Glut-DACH2-3",0.4647968797238
"SN572_CACTAAGGTATGGAAT","Ex_DACH2_SLIT2","Glut-DACH2-3",0.832000030351043
"SN572_AGGCTGCTCGATGCTA","Ex_DACH2_SLIT2","Glut-CACNA1H-4",0.946221959419896
"SN572_ATCGTCCTCGCAATGT","Ex_DACH2_GRIK4","Glut-DACH2-1",0.902856416170422
"SN572_AACCAACGTCTTGCGG","Ex_DACH2_GRIK4","Glut-DACH2-1",0.477909670522589
"SN572_GAGCTGCGTGTTTACG","Ex_DACH2_GRIK4","Glut-DACH2-1",0.227271488093096
"SN572_GCAACATTCTAGTTCT","Ex_DACH2_CEMIP","Glut-DACH2-2",0.444770648055695
"SN572_GGAATGGTCTTACGTT","Ex_DACH2_CEMIP","Glut-DACH2-3",0.618906242522171
"SN572_AAGATAGTCTTCCTAA","Ex_DACH2_RORB","Glut-DACH2-3",0.633096350522165
"SN572_CTACTATTCGTGGAAG","Ex_DACH2_SLIT2","Glut-DACH2-3",0.966626869594857
"SN572_AATGCCAGTTCGGGTC","Ex_DACH2_NR4A3","Glut-DACH2-1",0.709403468021062
"SN572_TCATATCGTTAACAGA","Ex_DACH2_NR4A3","Glut-DACH2-1",0.602478643108202
"SN572_TAGACCAGTAACAGTA","Ex_DACH2_NR4A3","Glut-DACH2-1",0.813958130403265
"SN572_GTGAGCCAGTAATCCC","Ex_DACH2_NR4A3","Glut-DACH2-1",0.610810874611036
"SN572_GAGGCCTAGTCGAATA","Ex_DACH2_CEMIP","Glut-DACH2-6",0.931184147868686
"SN572_AGCCAATAGAGTACCG","Ex_DACH2_NR4A3","Glut-DACH2-7",0.373886787326114
"SN572_CATACTTCACGATTCA","Ex_DACH2_GRIK4","Glut-DACH2-1",0.598007520925022
"SN572_ACCCAAACATTAGGAA","Ex_DACH2_LHX2","Glut-DACH2-1",0.308817384487727
"SN572_TTCAGGATCGCAGTCG","Ex_DACH2_CEMIP","Glut-DACH2-3",0.551223256668526
"SN572_GGAATGGCAATACGAA","Ex_DACH2_LHX2","Glut-DACH2-1",0.579060870089412
"SN572_AATTTCCCACTACCCT","Ex_DACH2_LHX2","Glut-DACH2-1",0.516204142339433
"SN572_GCAGCCACATTCCTAT","Ex_DACH2_SLIT2","Glut-DACH2-1",0.511428820979563
"SN572_TATCGCCGTCCAGCAC","Ex_DACH2_ITGA9","Glut-DACH2-4",0.715884424366892
"SN572_ATTCGTTCACGAGGAT","Ex_DACH2_SLIT2","Glut-DACH2-3",0.942040837940387
"SN572_GTGGCGTCACGCTGTG","Ex_DACH2_CEMIP","Glut-DACH2-6",0.495624931684055
"SN572_AGGTCTACACTGCTTC","Ex_DACH2_MGAT4C","Glut-DACH2-1",0.89673497942348
"SN572_CTTCCGACATGTCAGT","Ex_DACH2_LHX2","Glut-DACH2-1",0.750258205960541
"SN572_GCATGATTCGCTGTTC","Ex_DACH2_ZMAT4","Glut-DACH2-3",0.891187126251924
"SN572_CCTCTCCCATCGATAC","Ex_DACH2_MGAT4C","Glut-DACH2-2",0.593993325743574
"SN572_CTGGACGTCCTGCTAC","Ex_DACH2_SLIT2","Glut-DACH2-3",0.902408216923576
"SN572_CTGCTCATCTTGGATG","Ex_DACH2_SLIT2","Glut-DACH2-1",0.486269116441236
"SN572_TACCGGGTCCGCTGTT","Ex_DACH2_RORB","Glut-DACH2-3",0.42178288651894
"SN572_TCACATTTCAGGTGTT","Ex_DACH2_CEMIP","Glut-DACH2-6",0.833254400963516
"SN572_GGATGTTGTGGAAATT","Ex_DACH2_GRIK4","Glut-CACNA1H-4",0.933249379836725
"SN572_GCGTGCATCTATTCGT","Ex_DACH2_CEMIP","Glut-DACH2-3",0.538612013108353
"SN572_TAGATCGGTCAACGCC","Ex_DACH2_LHX2","Glut-DACH2-1",0.709373901980571
"SN572_CGATGCGGTGTCCGTG","Ex_DACH2_SLIT2","Glut-DACH2-3",1
"SN572_CCCTAACGTCAGGAGT","Ex_DACH2_CEMIP","Glut-DACH2-3",0.444404565035687
"SN572_ATCTCTACACATACTG","Ex_DACH2_RORB","Glut-DACH2-3",0.594126704018493
"SN572_CGGTCAGCACGGTGTC","Ex_DACH2_MGAT4C","Glut-DACH2-2",0.476917842834966
"SN572_AACAAAGTCACATTGG","Ex_DACH2_NR4A3","Glut-DACH2-1",0.766126023933278
"SN572_CTTGATTGTCAACACT","Ex_DACH2_RORB","Glut-DACH2-3",0.424832295683884
"SN572_TGGGATTCAAGGATGC","Ex_DACH2_ZMAT4","Glut-DACH2-3",0.623486757450776
"SN572_AGAAGCGAGGGTTAAT","Ex_DACH2_CEMIP","Glut-DACH2-1",0.627919147271796
"SN572_AAAGGATAGACCAGAC","Ex_DACH2_NR4A3","Glut-DACH2-1",0.494320046746733
"SN572_AGTCATGGTCTCACGG","Ex_DACH2_MGAT4C","Glut-DACH2-1",0.591851988346098
"SN572_TCACGGGGTTGGATCT","Ex_DACH2_CEMIP","Glut-DACH2-6",0.524214256632676
"SN572_TGTGTGATCTGTCCCA","Ex_DACH2_SLIT2","Glut-DACH2-3",0.943348444966808
"SN572_TGGGATTGTATCTCGA","Ex_DACH2_SLIT2","Glut-DACH2-3",1
"SN572_TTCTAGTCACACCAGC","Ex_DACH2_ZMAT4","Glut-DACH2-3",0.294486437583914
"SN572_TCTCACGAGCCTCTGG","Ex_DACH2_ADAMTS5","Glut-DACH2-5",0.486012393258166
"SN572_TGGGCTGTCATGGGAG","Ex_DACH2_RORB","Glut-DACH2-3",0.689047966318042
"SN572_TCAAGACTCGGTGTTA","Ex_DACH2_ITGA9","Glut-DACH2-7",0.298641474410812
"SN572_TCAGGTAAGTCACTAC","Ex_DACH2_ADAMTS5","Glut-DACH2-1",0.438064579396434
"SN572_ACCCTTGAGGACACTG","Ex_DACH2_SLIT2","Glut-DACH2-3",0.962134797059124
"SN572_ACATCGATCGGAGCAA","Ex_DACH2_CEMIP","Glut-DACH2-6",0.628847981254982
"SN572_CTCATGCAGCAAGGAA","Ex_DACH2_MGAT4C","Glut-DACH2-1",0.858833715991192
"SN572_TGATCTTGTCTACACA","Ex_DACH2_SLIT2","Glut-DACH2-3",0.477393154330618
"SN572_TCACGGGCAATCCTAG","Ex_DACH2_GRIK4","Glut-DACH2-2",0.568629148037709
"SN572_TTGGGTACAGAGATGC","Ex_DACH2_SLIT2","Glut-DACH2-3",1
"SN572_CATGAGTGTCATACCA","Ex_DACH2_SLIT2","Glut-DACH2-3",0.954474509251315
"SN572_AACGAAAAGGAGAATG","Ex_DACH2_ADAMTS5","Glut-DACH2-5",0.716769006999384
"SN572_ATTCAGGCAGGTCCGT","Ex_DACH2_RORB","Glut-DACH2-3",0.59363663976033
"SN572_CAGATCATCGATACGT","Ex_DACH2_NR4A3","Glut-DACH2-1",0.586915726846296
"SN572_TGGTAGTTCTACGGGC","Ex_DACH2_LHX2","Glut-DACH2-1",0.671169982666638
"SN572_GGTAACTAGTTCCAGT","Ex_DACH2_CEMIP","Glut-DACH2-6",0.67263917457226
"SN572_CTTTCAATCACGGAGA","Ex_DACH2_SLIT2","Glut-DACH2-3",0.678529769919318
"SN572_TAAGCACCAATTAGGA","Ex_DACH2_RORB","Glut-DACH2-3",0.488285141185178
"SN572_ATCGCCTCACTTCAAG","Ex_DACH2_MGAT4C","Glut-DACH2-1",0.52319879640585
"SN572_GACCTTCTCGCTTAAG","Ex_DACH2_ADAMTS5","Glut-DACH2-2",0.47193662079827
"SN572_CCACCATAGGATTTCC","Ex_DACH2_GRIK4","Glut-DACH2-1",0.981816868382038
"SN572_TGTGATGTCTGAATCG","Ex_DACH2_MGAT4C","Glut-DACH2-5",0.365136739240737
"SN572_CGCATGGGTTGCATGT","Ex_DACH2_NR4A3","Glut-DACH2-1",0.540864572163092
"SN572_TACAACGAGAACGCGT","Ex_DACH2_GRIK4","Glut-DACH2-1",0.929097391136806
"SN572_TATGTTCGTTGTCTAG","Ex_DACH2_ZMAT4","Glut-DACH2-3",0.556566614741357
"SN572_TTCTAGTAGGGATCAC","Ex_DACH2_NR4A3","Glut-DACH2-1",0.766722054591308
"SN572_TAGACTGGTACAACGG","Ex_DACH2_ZMAT4","Glut-DACH2-3",0.691094650240156
"SN572_TGTTCATCAGTGACCC","Ex_DACH2_SLIT2","Glut-DACH2-6",0.485645019350095
"SN572_CCGTTCATCCATTGTT","Ex_DACH2_ADAMTS5","Glut-DACH2-1",0.702113382856059
"SN572_TTTGGTTCAGGGACTA","Ex_DACH2_SLIT2","Glut-DACH2-1",0.395919266747731
"SN572_AAGCGTTTCGGTAGGA","Ex_DACH2_RORB","Glut-DACH2-3",0.610901966974499
"SN572_GTCCTCATCAAACCTG","Ex_DACH2_ADAMTS5","Glut-DACH2-7",0.465221336771244
"SN572_GACTATGGTCTCAGAT","Ex_DACH2_CEMIP","Glut-DACH2-6",0.828328121175754
"SN572_CATGCAACACATTCTT","Ex_DACH2_NR4A3","Glut-DACH2-1",0.361304259804423
"SN572_GCATCTCTCTGCTAGA","Ex_DACH2_GRIK4","Glut-DACH2-1",0.350911009243696
"SN572_CACTGTCGTTAATGAG","Ex_DACH2_SLIT2","Glut-DACH2-3",0.546435880874955
"SN572_TCGGGACCAGCGTAGA","Ex_DACH2_SLIT2","Glut-DACH2-1",0.586676690969573
"SN572_CGCATGGCAGAAATCA","Ex_DACH2_NR4A3","Glut-DACH2-1",0.890285102221763
"SN572_AACCAACCAATACAGA","Ex_DACH2_ADAMTS5","Glut-DACH2-5",0.449987392233907
"SN572_CAGCCAGCACCTATCC","Ex_DACH2_SLIT2","Glut-DACH2-1",0.625946631412401
"SN572_TTGGGTATCGAGTCTA","Ex_DACH2_GRIK4","Glut-DACH2-1",0.520010614795781
"SN572_GGTGTCGTCTCTCTAA","Ex_DACH2_SLIT2","Glut-DACH2-3",0.959930545885515
"SN572_AACGGGACATAGATCC","Ex_DACH2_ADAMTS5","Glut-DACH2-2",0.537298632575876
"SN572_GCTACCTCATGTAACC","Ex_DACH2_NR4A3","Glut-DACH2-1",0.683726768736261
"SN572_TCAAGCAGTTGCACGC","Ex_DACH2_ZMAT4","Glut-DACH2-3",0.701203017926492
"SN572_AATGCCAGTCATCTAG","Ex_DACH2_MGAT4C","Glut-DACH2-1",0.522777634496238
"SN572_CTATAGGCAAGCACCC","Ex_DACH2_CEMIP","Glut-DACH2-3",0.603908171204651
"SN572_ATAGACCGTTAACAGA","Ex_DACH2_LUZP2","Glut-DACH2-2",0.482764445212812
"SN572_CGACAGCAGGACCCAA","Ex_DACH2_ZMAT4","Glut-DACH2-3",0.822380442848392
"SN572_GATTCTTTCATGGTAC","Ex_DACH2_MGAT4C","Glut-DACH2-1",0.876358972136459
"SN572_GATCGTATCAAGCGTT","Ex_DACH2_MGAT4C","Glut-DACH2-2",0.469074765000587
"SN572_TGATGCATCACCTGTC","Ex_DACH2_ADAMTS5","Glut-DACH2-5",0.606679346503332
"SN572_GAGCTGCTCGGATAAA","Ex_DACH2_ADAMTS5","Glut-DACH2-2",0.447732627835563
"SN572_ATAGGCTAGCGTGAAC","Ex_DACH2_NR4A3","Glut-DACH2-1",0.719465545148112
"SN572_AAACGAAAGCGAACTG","Ex_DACH2_SLIT2","Glut-DACH2-3",0.994193749431967
"SN572_TCCAGAACACCTCGTT","Ex_DACH2_RORB","Glut-DACH2-3",0.48944970986972
"SN572_CATAGACTCCGATGTA","Ex_DACH2_MGAT4C","Glut-DACH2-2",0.574156720691159
"SN572_GTGGTTAGTACTCGCG","Ex_DACH2_MGAT4C","Glut-DACH2-1",0.663356030088893
"SN572_CGAAGTTTCGGAGTAG","Ex_DACH2_ADAMTS5","Glut-DACH2-7",0.365066314731065
"SN572_TCAGTCCTCTTAGTTC","Ex_DACH2_ZMAT4","Glut-DACH2-3",0.565840741770989
"SN572_TAGGAGGTCTCGTTTA","Ex_DACH2_ZMAT4","Glut-DACH2-3",0.761163814603334
"SN572_GGTAATCCATAATCCG","Ex_DACH2_NR4A3","Glut-DACH2-1",0.564473020546418
"SN572_ACCCAAACAAAGGCAC","Ex_DACH2_ADAMTS5","Glut-DACH2-1",0.638707826381196
"SN572_TCGATTTTCGAGTTGT","Ex_DACH2_RORB","Glut-DACH2-3",0.58943404269566
"SN572_TGGAACTAGTAGTCAA","Ex_DACH2_GRIK4","Glut-DACH2-1",0.835682080945805
"SN572_GCAGCTGTCAGAGTGG","Ex_DACH2_RORB","Glut-DACH2-3",0.569180423757202
"SN572_TGCGGCAAGTTGTCGT","Ex_DACH2_CEMIP","Glut-DACH2-6",0.724014693240798
"SN572_TAATCTCAGGCGTTGA","Ex_DACH2_SLIT2","Glut-DACH2-3",1
"SN572_CACAGGCCAGCTCGGT","Ex_DACH2_RORB","Glut-DACH2-3",0.550540390729885
"SN572_GGCAGTCGTAGCGTAG","Ex_DACH2_MGAT4C","Glut-DACH2-1",0.8018279655246
"SN572_GAGAGGTGTACTTCCC","Ex_DACH2_SLIT2","Glut-DACH2-3",0.911019235697847
"SN572_GTCCTCATCAACGCTA","Ex_DACH2_NR4A3","Glut-DACH2-1",0.378013433751972
"SN572_TTTACTGCAGATCACT","Ex_DACH2_ADAMTS5","Glut-DACH2-7",0.348494139972161
"SN572_ATCCGTCAGTGGCCTC","Ex_DACH2_NR4A3","Glut-DACH2-1",0.668707062706677
"SN572_CCAATTTTCTGAGCAT","Ex_DACH2_MGAT4C","Glut-DACH2-2",0.50976627271096
"SN572_CCGTTCATCGGAGCAA","Ex_DACH2_GRIK4","Glut-DACH2-1",0.886503730029742
"SN572_ACTTATCGTTCCGCTT","Ex_DACH2_RORB","Glut-DACH2-3",0.556559944986742
"SN572_ATCGTCCGTACAGTAA","Ex_DACH2_LHX2","Glut-DACH2-1",0.744187884701234
"SN572_CGGAGAACAACCGACC","Ex_DACH2_NR4A3","Glut-DACH2-1",0.541392065207991
"SN572_AATGGAAAGCGGCTCT","Ex_DACH2_SLIT2","Glut-DACH2-3",0.943376737458945
"SN572_CCCGAAGTCTAAGCGT","Ex_DACH2_ADAMTS5","Glut-DACH2-7",0.575292498872471
"SN572_GGTGGCTGTCGTGATT","Ex_DACH2_LUZP2","Glut-DACH2-2",0.538533812212647
"SN572_GACCGTGCAAACGGCA","Ex_DACH2_GRIK4","Glut-DACH2-1",0.586370022489985
"SN572_TGCAGATCACAGAGAC","Ex_DACH2_SLIT2","Glut-DACH2-3",1
"SN572_GATGATCAGTTGGGAC","Ex_DACH2_NR4A3","Glut-DACH2-1",0.809988113223548
"SN572_CGGGCATTCGGACTTA","Ex_DACH2_SLIT2","Glut-DACH2-1",0.851529203460635
"SN572_GGTTCTCGTGTCTCCT","Ex_DACH2_MGAT4C","Glut-DACH2-1",0.715942508673544
"SN572_TGTTGGAGTGGAAATT","Ex_DACH2_RORB","Glut-DACH2-3",0.460799342999782
"SN572_GTGCACGGTGCATGTT","Ex_DACH2_NR4A3","Glut-DACH2-1",0.523790819158966
"SN572_TGACTCCTCCCAACTC","Ex_DACH2_MGAT4C","Glut-DACH2-7",0.414403833784387
"SN572_ATTCCTATCCCAAGTA","Ex_DACH2_ADAMTS5","Glut-DACH2-5",0.669386237683005
"SN572_GTCGTAACAGACAATA","Ex_DACH2_ZMAT4","Glut-DACH2-3",0.55735713678911
"SN572_ATCCGTCAGCCGTCGT","Ex_DACH2_ITGA9","Glut-DACH2-3",0.842137314068331
"SN572_GTCGTAATCGACCAAT","Ex_DACH2_GRIK4","Glut-DACH2-1",0.628347761553993
"SN572_TAGACCACACAGTCAT","Ex_DACH2_LUZP2","Glut-DACH2-1",0.549490686287231
"SN572_ATCGGATGTAATTGGA","Ex_DACH2_NR4A3","Glut-DACH2-1",0.520100061644179
"SN572_CCTAACCCAGAAGTGC","Ex_DACH2_RORB","Glut-DACH2-3",0.552617302776614
"SN572_TCATTTGTCTGCCTGT","Ex_DACH2_SLIT2","Glut-DACH2-3",0.566910528917523
"SN572_AGTCATGTCCCATAGA","Ex_DACH2_RORB","Glut-DACH2-3",0.553389927276142
"SN572_GGGTAGACATCGTGCG","Ex_DACH2_GRIK4","Glut-DACH2-1",0.540734745428898
"SN572_CATAGACCAGCTACAT","Ex_DACH2_ADAMTS5","Glut-DACH2-5",0.840439760923156
"SN572_CTTTCAAAGGATCATA","Ex_DACH2_RORB","Glut-DACH2-3",0.674382268923464
"SN572_CGTTAGACAGCATACT","Ex_DACH2_ADAMTS5","Glut-DACH2-7",0.348300567682657
"SN572_TGGGCGTCATGACAGG","Ex_DACH2_LHX2","Glut-DACH2-2",0.447607211104142
"SN572_ACTATGGCACTGCGAC","Ex_DACH2_RORB","Glut-DACH2-3",0.540212465526999
"SN572_GAGTGAGCAGTTAGGG","Ex_DACH2_ZMAT4","Glut-DACH2-8",0.459300308309949
"SN572_CCTCTAGAGAGGTGCT","Ex_DACH2_ZMAT4","Glut-DACH2-3",0.59182148639451
"SN572_CCGATGGAGCGACAGT","Ex_DACH2_CEMIP","Glut-DACH2-6",0.739872247813716
"SN572_CTCCTTTTCTTCGTAT","Ex_DACH2_NR4A3","Glut-DACH2-1",0.798466565802417
"SN572_CGAGGAACATGGGAAC","Ex_DACH2_NR4A3","Glut-DACH2-1",0.54174690146356
"SN572_GTGCACGTCATGGTAC","Ex_DACH2_ITGA9","Glut-DACH2-1",0.331325642564473
"SN572_ATTCACTAGGGCTTCC","Ex_DACH2_ADAMTS5","Glut-DACH2-5",0.717569800304252
"SN572_TCAATTCGTCAAGCCC","Ex_DACH2_SLIT2","Glut-DACH2-1",0.284503763965197
"SN572_CTGGACGGTACGGGAT","Ex_DACH2_NR4A3","Glut-DACH2-1",0.719142978138628
"SN572_CTGCGAGCAAATAAGC","Ex_DACH2_ZMAT4","Glut-DACH2-8",0.426986166293645
"SN572_ATGGGAGGTCCATAGT","Ex_DACH2_RORB","Glut-DACH2-3",0.544498852050595
"SN572_AGAAGCGTCATGCAGT","Ex_DACH2_ITGA9","Glut-DACH2-1",0.373933762007527
"SN572_TGCACGGTCAGTGTCA","Ex_DACH2_ZMAT4","Glut-DACH2-6",0.567194376407609
"SN572_CCCTCTCCAAGGAGTC","Ex_DACH2_SLIT2","Glut-DACH2-3",0.599815442759855
"SN572_ACCAACAAGAGATCGC","Ex_DACH2_SLIT2","Glut-DACH2-3",1
"SN572_CTATCCGAGGTCTGGA","Ex_DACH2_MGAT4C","Glut-DACH2-1",0.741529853531035
"SN572_ACTTTCAGTTGGACCC","Ex_DACH2_CEMIP","Glut-DACH2-3",0.431313072405083
"SN572_GCAGTTAAGGCTCCCA","Ex_DACH2_RORB","Glut-DACH2-3",0.530630742357712
"SN572_GCCAGCAGTTCGCGTG","Ex_DACH2_ZMAT4","Glut-DACH2-3",0.512038802189998
"SN572_ACAGGGACAGACAAAT","Ex_DACH2_RORB","Glut-DACH2-3",0.696735259662438
"SN572_TCATACTAGTGGAAGA","Ex_DACH2_MGAT4C","Glut-DACH2-1",0.733016539713629
"SN572_CATGCCTAGATCCTAC","Ex_DACH2_RORB","Glut-DACH2-3",0.480255132189484
"SN572_ATGTCCCCATTGCAAC","Ex_DACH2_ADAMTS5","Glut-DACH2-5",0.625656141960143
"SN572_GTTCATTTCCGTGACG","Ex_DACH2_GRIK4","Glut-DACH2-1",0.968218805910851
"SN572_CTCAGAACACACTGGC","Ex_DACH2_LUZP2","Glut-DACH2-2",0.486453834138298
"SN572_TTGATGGAGCCATCCG","Ex_DACH2_CEMIP","Glut-DACH2-8",0.509125605267778
"SN572_AGTCAACGTTGATCGT","Ex_DACH2_LHX2","Glut-DACH2-2",0.702207922166545
"SN572_TAAGTCGAGTGACACG","Ex_DACH2_CEMIP","Glut-DACH2-6",0.880905847306522
"SN572_GCACATAGTACAAAGT","Ex_DACH2_ZMAT4","Glut-DACH2-3",0.878995803518263
"SN572_CTCCACACATCACCAA","Ex_DACH2_SLIT2","Glut-DACH2-3",0.947598537878956
"SN572_ACCGTTCCAATTGCTG","Ex_DACH2_RORB","Glut-DACH2-3",0.441871585500714
"SN572_TTGTTCAAGCTACTGT","Ex_DACH2_ADAMTS5","Glut-DACH2-7",0.503371720358873
"SN572_TACTTGTGTAGTCGGA","Ex_DACH2_MGAT4C","Glut-DACH2-2",0.45329837428611
"SN572_CAATACGTCGTTCGCT","Ex_DACH2_CEMIP","Glut-DACH2-3",0.547078042218793
"SN572_TTGCTGCGTGTTTCTT","Ex_DACH2_SLIT2","Glut-DACH2-3",0.978494873994259
"SN572_CTCAAGAAGCCACCGT","Ex_DACH2_NR4A3","Glut-DACH2-7",0.475955066868167
"SN572_ACTGTCCCAAGCGATG","Ex_DACH2_ADAMTS5","Glut-DACH2-7",0.477711691426513
"SN572_GGGAAGTCACTTCTCG","Ex_DACH2_ZMAT4","Glut-DACH2-3",0.640910600859964
"SN572_AACCACAGTTGCGTAT","Ex_DACH2_CEMIP","Glut-DACH2-6",0.890984760587634
"SN572_TGTTGAGAGGTAAAGG","Ex_DACH2_RORB","Glut-DACH2-3",0.635349222086058
"SN572_TTTGATCCACACCAGC","Ex_DACH2_NR4A3","Glut-DACH2-7",0.807273049511124
"SN572_CTGTCGTCACCGGAAA","Ex_DACH2_MGAT4C","Glut-DACH2-1",0.393048210967062
"SN572_TCGGGCAAGGAACTCG","Ex_DACH2_ADAMTS5","Glut-DACH2-5",0.475169571113547
"SN572_AGTCACACAAGATTGA","Ex_DACH2_SLIT2","Glut-DACH2-3",0.884552721192006
"SN572_GAATAGAGTCTAGTGT","Ex_DACH2_LUZP2","Glut-DACH2-1",0.485045052206809
"SN572_TGTGAGTCATAAGCAA","Ex_DACH2_ADAMTS5","Glut-DACH2-5",0.31832911235595
"SN572_TTACGCCGTTGCTCAA","Ex_DACH2_RORB","Glut-DACH2-3",0.41411399383755
"SN572_CGGCAGTAGAAGCGGG","Ex_DACH2_MGAT4C","Glut-DACH2-2",0.553226632900063
"SN572_GAAGCGACACGCAGTC","Ex_DACH2_LUZP2","Glut-DACH2-1",0.592499002013419
"SN572_ATGACCACAACGATCT","Ex_DACH2_CEMIP","Glut-DACH2-6",0.996072731493794
"SN572_GTGCACGGTGCCTTTC","Ex_DACH2_NR4A3","Glut-DACH2-1",0.844862820553173
"SN572_AATGAAGCACACGGTC","Ex_DACH2_LUZP2","Glut-DACH2-1",0.511209738596207
"SN572_GTAGGAGAGTAAAGCT","Ex_DACH2_MGAT4C","Glut-DACH2-1",0.882534815209464
"SN572_TTCATTGTCTCGCCTA","Ex_DACH2_CEMIP","Glut-DACH2-6",0.928493163333345
"SN572_CATCGGGCACTTTAGG","Ex_DACH2_ZMAT4","Glut-DACH2-3",0.717830601883805
"SN572_GGGCGTTAGTATAACG","Ex_DACH2_CEMIP","Glut-DACH2-3",0.591097146888963
"SN572_TTTCCTCGTCAACCTA","Ex_DACH2_SLIT2","Glut-DACH2-3",0.945240056535939
"SN572_CATAAGCTCCGTTTCG","Ex_DACH2_ADAMTS5","Glut-DACH2-5",0.416737400758383
"SN572_CTCATCGTCTGAGATC","Ex_DACH2_ZMAT4","Glut-DACH2-3",0.730194994605591
"SN572_ATCGTAGCACCACATA","Ex_DACH2_SLIT2","Glut-DACH2-3",0.754161851628827
"SN572_TGAGTCAGTGAGATCG","Ex_DACH2_MGAT4C","Glut-DACH2-2",0.50822166294338
"SN572_TGGGAAGGTCACCGAC","Ex_DACH2_NR4A3","Glut-DACH2-1",0.896808762926947
"SN572_GTGATGTAGTCATCGT","Ex_DACH2_ZMAT4","Glut-DACH2-8",0.847418688108325
"SN572_CGAAGTTAGTCAGAGC","Ex_DACH2_RORB","Glut-DACH2-3",0.524141676621302
"SN572_GATAGCTTCTGCGGAC","Ex_DACH2_NR4A3","Glut-DACH2-1",0.898626564566028
"SN572_ATCGGATGTACTGGGA","Ex_DACH2_SLIT2","Glut-DACH2-3",0.98090442824338
"SN572_GGGTCACAGCGTCGAA","Ex_DACH2_ADAMTS5","Glut-DACH2-5",0.523739381297355
"SN572_GTTTACTTCAAACCCA","Ex_DACH2_ADAMTS5","Glut-DACH2-2",0.300710601445541
"SN572_GAATCACAGCAGCACA","Ex_DACH2_MGAT4C","Glut-DACH2-1",0.830815841924072
"SN572_TTGGGATCAGCCCAGT","Ex_DACH2_MGAT4C","Glut-DACH2-1",0.806625269989722
"SN572_AAGGAATGTTCGTAAC","Ex_DACH2_MGAT4C","Glut-DACH2-1",0.635144490933119
"SN572_AGGTGTTGTAACATGA","Ex_DACH2_GRIK4","Glut-DACH2-1",0.691773532785441
"SN572_TGACAGTAGAAGAACG","Ex_DACH2_MGAT4C","Glut-DACH2-1",0.436984191488868
"SN572_ATGGGAGGTTCTTCAT","Ex_DACH2_ZMAT4","Glut-DACH2-3",0.888712838689875
"SN572_TGCTTCGAGTTATGGA","Ex_DACH2_ADAMTS5","Glut-DACH2-5",0.514191388636263
"SN572_CTTGATTCATCGCTGG","Ex_DACH2_ADAMTS5","Glut-DACH2-5",0.610888432145051
"SN572_GGTCTGGCATGCGGTC","Ex_DACH2_SLIT2","Glut-DACH2-3",0.965010633348123
"SN572_ATCTCTAGTACTCCGG","Ex_DACH2_GRIK4","Glut-DACH2-2",0.390020283625244
"SN572_TGTTACTTCGAGGCAA","Ex_DACH2_SLIT2","Glut-DACH2-3",0.841945557133955
"SN572_GATGTTGAGGTAGACC","Ex_DACH2_SLIT2","Glut-DACH2-3",0.734088025066684
"SN572_GGTTGTAGTCGTCTCT","Ex_DACH2_SLIT2","Glut-DACH2-3",0.983921664418941
"SN572_GAGTTGTAGGTAACTA","Ex_DACH2_SLIT2","Glut-DACH2-3",0.974014173332091
"SN572_ACACTGAGTTCCTTGC","Ex_DACH2_CEMIP","Glut-DACH2-6",0.942450343529057
"SN572_GACCGTGTCGCGTTTC","Ex_DACH2_LUZP2","Glut-DACH2-1",0.55314754850583
"SN572_TAGGAGGGTGTCTCCT","Ex_DACH2_NR4A3","Glut-DACH2-1",0.821474612149102
"SN572_CGGTCAGTCGGATTAC","Ex_DACH2_LUZP2","Glut-DACH2-2",0.497320440967493
"SN572_GAAACCTCAGTATACC","Ex_DACH2_NR4A3","Glut-DACH2-1",0.533354576524163
"SN572_GAATAGATCAACTGAC","Ex_DACH2_SLIT2","Glut-DACH2-3",0.986601574228142
"SN572_GTGAGCCTCGCGGTAC","Ex_DACH2_ADAMTS5","Glut-DACH2-5",0.688204827357532
"SN572_CGAAGTTCAAGCCATT","Ex_DACH2_ITGA9","Glut-DACH2-1",0.35467971975174
"SN572_AGAAGCGTCGCTTACC","Ex_DACH2_GRIK4","Glut-DACH2-7",0.476595755892902
"SN572_TGTAAGCTCTTTGATC","Ex_DACH2_SLIT2","Glut-DACH2-3",0.911314792402409
"SN572_GACTCTCGTTAAGGGC","Ex_DACH2_ADAMTS5","Glut-DACH2-1",0.408557615154278
"SN572_TGCGATAGTAGTGCGA","Ex_DACH2_GRIK4","Glut-DACH2-1",0.857309993239582
"SN572_GGGTAGAAGACGGTTG","Ex_DACH2_CEMIP","Glut-DACH2-6",0.581945041438242
"SN572_TGGATGTGTAGAGATT","Ex_DACH2_CEMIP","Glut-DACH2-3",0.539023055667195
"SN572_CCTTTGGCAAGAGATT","Ex_DACH2_ZMAT4","Glut-DACH2-3",0.471924890873568
"SN572_TATCTTGGTATCTCGA","Ex_DACH2_ADAMTS5","Glut-DACH2-5",0.565444687172926
"SN572_CCTCAGTTCACCTGGG","Ex_DACH2_RORB","Glut-DACH2-3",0.563193146116098
"SN572_TTTAGTCGTCCGGACT","Ex_DACH2_RORB","Glut-DACH2-3",0.461935645451376
"SN572_TCGTGGGTCTCTAGGA","Ex_DACH2_RORB","Glut-DACH2-3",0.447043284249861
"SN572_TTGGATGAGATGTTAG","Ex_DACH2_SLIT2","Glut-DACH2-3",0.348463407715183
"SN572_TTTGACTTCAAACGAA","Ex_DACH2_NR4A3","Glut-DACH2-1",0.738222982414738
"SN572_CGCATGGGTTCGGTCG","Ex_DACH2_LUZP2","Glut-DACH2-2",0.659707815927445
"SN572_TACAACGTCGATGCAT","Ex_DACH2_GRIK4","Glut-DACH2-1",0.821592967345933
"SN572_CCGTAGGTCGCTGACG","Ex_DACH2_SLIT2","Glut-DACH2-3",0.755712227508189
"SN572_ATCATTCAGGACTTCT","Ex_DACH2_NR4A3","Glut-DACH2-1",0.577415567222757
"SN572_CCTCTAGAGAGTCAAT","Ex_DACH2_GRIK4","Glut-DACH2-1",0.486037128356791
"SN572_TACTTCAAGACCGCCT","Ex_DACH2_CEMIP","Glut-DACH2-6",0.873339652386973
"SN572_GTGGAAGGTCGCTGCA","Ex_DACH2_GRIK4","Glut-DACH2-7",0.5885724104738
"SN572_CTATAGGAGCCATTTG","Ex_DACH2_NR4A3","Glut-DACH2-1",0.826549865462544
"SN572_TTATTGCTCAGCACCG","Ex_DACH2_ZMAT4","Glut-DACH2-3",0.616420382445756
"SN572_GAGTTTGTCGACCAAT","Ex_DACH2_CEMIP","Glut-DACH2-7",0.29190088237954
"SN572_GTGTTCCTCGCCGTGA","Ex_DACH2_LUZP2","Glut-DACH2-2",0.579707751339943
"SN572_AATCACGCAACTTCTT","Ex_DACH2_SLIT2","Glut-DACH2-1",0.715485189080942
"SN572_TTGACCCAGTGTTGTC","Ex_DACH2_LUZP2","Glut-DACH2-2",0.667057724461061
"SN239_CGGGCATAGAATCTAG","Ex_Pre_KCNH7","Glut-DACH2-3",0.455977107175441
"SN239_GTACAGTCAAGACTGG","Ex_Pre_KCNH7","Glut-DACH2-1",0.759121144026667
"SN239_TTTGGTTAGCTGAGCA","Ex_Pre_KCNH7","Glut-DACH2-3",0.627824309971752
"SN239_TAACTTCTCAGCAATC","Ex_Pre_KCNH7","Glut-DACH2-1",0.804644975203392
"SN239_TAGCACACATAGTCGT","Ex_Pre_KCNH7","Glut-DACH2-3",0.382070699134556
"SN239_GTGTGATGTTGCCATA","Ex_Pre_KCNH7","Glut-DACH2-1",0.644204746298282
"SN239_GACCCAGCACACCAGC","Ex_Pre_KCNH7","Glut-DACH2-4",0.253288663021418
"SN239_TGTGATGCAATACGCT","Ex_Pre_KCNH7","Glut-DACH2-1",0.313567950964614
"SN239_CTAACCCAGACGACGT","Ex_Pre_KCNH7","Glut-DACH2-2",0.331883866525721
"SN239_ATATCCTCATCCTTGC","Ex_CACNA1H_PROX1","Glut-CACNA1H-2",1
"SN239_TAAGCCACAATATCCG","Ex_CACNA1H_CPA6","Glut-CACNA1H-2",0.996559324952928
"SN239_ACGATCAAGCGCCATC","Ex_CACNA1H_CPA6","Glut-CACNA1H-2",0.962878246647467
"SN239_TCATTACTCACATCAG","Ex_CACNA1H_PROX1","Glut-CACNA1H-2",0.917895152695802
"SN239_CATGCAACATTGCCTC","Ex_CACNA1H_PROX1","Glut-CACNA1H-2",0.765478140167755
"SN239_TTCGCTGCAGCATTGT","Ex_CACNA1H_CPA6","Glut-CACNA1H-2",0.402645417900584
"SN239_CTGCATCTCTCCCTAG","Ex_CACNA1H_KIT","Glut-CACNA1H-2",0.662044492356024
"SN239_ACGGGTCTCTCCGAAA","Ex_CACNA1H_KIT","Glut-CACNA1H-2",0.578439105134262
"SN239_CAGGTATAGGACAACC","Ex_CACNA1H_CPA6","Glut-CACNA1H-2",0.495273475150827
"SN239_TACCGAAAGTCTGCAT","Ex_CACNA1H_PROX1","Glut-CACNA1H-2",0.993285004631988
"SN239_GCAACCGAGCTTTCTT","Ex_CACNA1H_PROX1","Glut-CACNA1H-2",0.999247084532541
"SN239_ACAGCCGAGCACCGAA","Ex_CACNA1H_KIT","Glut-CACNA1H-2",0.930365267887667
"SN239_TATCTTGTCTCTATGT","Ex_CACNA1H_PROX1","Glut-CACNA1H-4",0.712646682552856
"SN239_TTCCTCTAGATCGCCC","Ex_CACNA1H_PROX1","Glut-CACNA1H-2",0.921592513394833
"SN239_TAATCTCGTCGCCACA","Ex_CACNA1H_CPA6","Glut-CACNA1H-2",0.992566691717772
"SN239_CACCAAAAGATAGCAT","Ex_CACNA1H_PROX1","Glut-CACNA1H-2",1
"SN239_CAGCAGCCAGCAATTC","Ex_CACNA1H_KIT","Glut-CACNA1H-4",0.432237547319322
"SN239_GATAGAATCTTCCGTG","Ex_CACNA1H_CPA6","Glut-CACNA1H-1",0.486642840217013
"SN239_GTCAGCGAGGCATGGT","Ex_CACNA1H_MCTP2","Glut-CACNA1H-2",0.94835258224676
"SN239_AGAGAATTCTTGGATG","Ex_CACNA1H_KIT","Glut-CACNA1H-2",0.517477742995133
"SN239_GAATCACAGTTGCATC","Ex_CACNA1H_PROX1","Glut-CACNA1H-4",0.399305817690538
"SN239_ACAGCCGTCTGTGTGA","Ex_CACNA1H_MCTP2","Glut-CACNA1H-2",0.649390159633972
"SN239_GGGAGTACATACTGAC","Ex_CACNA1H_KIT","Glut-CACNA1H-2",0.97167954249493
"SN239_ACAGAAATCCATCGTC","Ex_CACNA1H_CPA6","Glut-CACNA1H-2",0.973498727911866
"SN239_CCACGAGCAGACTGCC","Ex_CACNA1H_KIT","Glut-CACNA1H-1",0.57369350545068
"SN239_TCATGTTTCATTTCGT","Ex_TSHZ2_NR4A2","Glut-CACNA1H-1",0.540182056896961
"SN239_GGGTGAATCATTCGTT","Ex_CACNA1H_PROX1","Glut-DACH2-2",0.557167640762195
"SN239_CTCATTAAGATCCCGC","Ex_CACNA1H_CPA6","Glut-CACNA1H-2",0.996787241406311
"SN239_AAAGTGAGTTGAATCC","Ex_CACNA1H_KIT","Glut-CACNA1H-2",0.950510394140931
"SN239_AGGTCTAAGTTCACTG","Ex_CACNA1H_PROX1","Glut-CACNA1H-2",0.867642161231165
"SN239_AGCATCACAATGGGTG","Ex_CACNA1H_PROX1","Glut-DACH2-2",0.449898633910151
"SN239_AGACCCGGTTAAACAG","Ex_CACNA1H_CPA6","Glut-CACNA1H-2",0.85396690567953
"SN239_GTTGAACGTTCTCTCG","Ex_CACNA1H_KIT","Glut-CACNA1H-2",0.389073057334776
"SN239_TAGACCAGTTACGCCG","Ex_CACNA1H_CPA6","Glut-CACNA1H-2",1
"SN239_CACTAAGCACGAGAAC","Ex_CACNA1H_CPA6","Glut-CACNA1H-2",0.834911039547163
"SN239_AAAGAACTCACGGACC","Ex_TSHZ2_NR4A2","Glut-CACNA1H-1",0.531788216217185
"SN239_CATCAAGTCATACGAC","Ex_CACNA1H_CPA6","Glut-CACNA1H-2",0.413943378965573
"SN239_ATACCTTAGAGGGTAA","Ex_CACNA1H_PROX1","Glut-CACNA1H-2",0.848256056839236
"SN239_AATGCCACAAATAAGC","Ex_CACNA1H_CPA6","Glut-CACNA1H-2",0.437116877846437
"SN239_TCGGATACAATTGAAG","Ex_CACNA1H_CPA6","Glut-CACNA1H-2",0.862394462569705
"SN239_GGGACAACAGTCGAGA","Ex_CACNA1H_KIT","Glut-CACNA1H-2",0.593814722018153
"SN239_TGAGCGCTCTCCGCAT","Ex_CACNA1H_PROX1","Glut-CACNA1H-2",0.515587839838932
"SN239_CAATCGAAGATTGCGG","Ex_CACNA1H_KIT","Glut-CACNA1H-1",0.564925711210547
"SN239_AATGGAAAGTGGTGGT","Ex_CACNA1H_KIT","Glut-CACNA1H-2",0.88286577473736
"SN239_CAGTTCCAGATAGTCA","Ex_CACNA1H_KIT","Glut-CACNA1H-2",0.858167845800008
"SN239_TAGGGTTCACATCCCT","Ex_CACNA1H_PROX1","Glut-DACH2-2",0.288731025418653
"SN239_TTGATGGGTTTACACG","Ex_CACNA1H_PROX1","Glut-CACNA1H-2",0.783273062887586
"SN239_GGGACTCCAAGCGAGT","Ex_CACNA1H_KIT","Glut-CACNA1H-1",0.27390079363661
"SN239_AGTGTTGTCGGACCAC","Ex_CACNA1H_CPA6","Glut-CACNA1H-2",0.439387594641203
"SN239_TGACAGTAGGCTTAGG","Ex_CACNA1H_KIT","Glut-CACNA1H-1",0.640235824229431
"SN239_AGATAGATCCTGGGTG","Ex_CACNA1H_CPA6","Glut-CACNA1H-1",0.475780391794533
"SN239_GGAAGTGAGTCTACCA","Ex_CACNA1H_KIT","Glut-CACNA1H-2",1
"SN239_GCCAACGTCGGCATCG","Ex_CACNA1H_CPA6","Glut-CACNA1H-2",0.483920006907393
"SN239_CATGCCTGTAATACCC","Ex_CACNA1H_PROX1","Glut-CACNA1H-2",0.999471051673473
"SN239_GACTATGAGATGCTAA","Ex_CACNA1H_KIT","Glut-CACNA1H-1",0.503038170191945
"SN239_CATGAGTAGCGAAACC","Ex_CACNA1H_KIT","Glut-CACNA1H-2",0.394971212577141
"SN239_CCACTTGAGCTCCACG","Ex_CACNA1H_KIT","Glut-CACNA1H-2",0.902869545063888
"SN239_GGGTCTGGTTAAAGTG","Ex_CACNA1H_KIT","Glut-CACNA1H-1",0.716138526146016
"SN239_CCTCATGCACCTCGTT","Ex_CACNA1H_CPA6","Glut-CACNA1H-4",0.385409779540499
"SN239_TCAGTCCGTGTGAATA","Ex_CACNA1H_KIT","Glut-CACNA1H-2",0.551215384559335
"SN239_TTCCACGAGGATAATC","Ex_CACNA1H_KIT","Glut-CACNA1H-1",0.474341684939357
"SN239_GTGCGTGGTTATCTGG","Ex_CACNA1H_KIT","Glut-CACNA1H-2",0.493115797727439
"SN239_CTCAAGAAGTAACGTA","Ex_CACNA1H_KIT","Glut-CACNA1H-2",0.686857853381276
"SN239_AGGTCATCAGTCGCTG","Ex_CACNA1H_PROX1","Glut-CACNA1H-2",0.858313389526768
"SN239_ATCGTCCGTTCCTAGA","Ex_CACNA1H_KIT","Glut-CACNA1H-1",0.567778463289637
"SN239_ACGTACAAGCTAGAAT","Ex_CACNA1H_PROX1","Glut-CACNA1H-2",0.890742167755014
"SN239_CTGATCCCAACACGAG","Ex_CACNA1H_PROX1","Glut-CACNA1H-2",0.682178080778637
"SN239_AAGACAAAGTATCTGC","Ex_CACNA1H_CPA6","Glut-CACNA1H-2",0.541484727531586
"SN239_CGTGAATCAAAGGATT","Ex_CACNA1H_CPA6","Glut-CACNA1H-2",0.981673429106908
"SN239_CCCTGATAGTCGGGAT","Ex_CACNA1H_CPA6","Glut-CACNA1H-2",0.996905916157477
"SN239_TCCACGTAGTGTTCAC","Ex_CACNA1H_KIT","Glut-CACNA1H-2",0.857370793428436
"SN239_CCGTGAGCAACTGAAA","Ex_CACNA1H_KIT","Glut-CACNA1H-2",0.887606456922484
"SN239_ATCCTATGTGACTGAG","Ex_CACNA1H_KIT","Glut-CACNA1H-1",0.462051950630229
"SN239_CAATGACGTTGAGGAC","Ex_CACNA1H_CPA6","Glut-CACNA1H-2",0.91004089605723
"SN239_CATCCGTGTCGCACAC","Ex_CACNA1H_KIT","Glut-CACNA1H-2",0.651538770883507
"SN239_CACAGGCAGATGCAGC","Ex_CACNA1H_PROX1","Glut-CACNA1H-2",0.815016388384441
"SN239_CTGCATCTCCAGTGTA","Ex_CACNA1H_KIT","Glut-CACNA1H-1",0.522639439487735
"SN239_TGAGGGACATGACTCA","Ex_CACNA1H_PROX1","Glut-CACNA1H-2",0.279469662757382
"SN239_TAGGTTGAGTCCTGCG","Ex_CACNA1H_PROX1","Glut-CACNA1H-4",0.338534347465584
"SN239_CGGTCAGTCCGCACGA","Ex_CACNA1H_CPA6","Glut-CACNA1H-2",0.781680758495454
"SN239_GGAATCTGTCGAAACG","Ex_CACNA1H_PROX1","Glut-CACNA1H-2",0.545868919680513
"SN239_AATTCCTTCGGCATTA","Ex_CACNA1H_KIT","Glut-CACNA1H-1",0.588292066747345
"SN239_GGGAAGTTCTTAGGAC","Ex_CACNA1H_KIT","Glut-CACNA1H-4",0.48525550383064
"SN239_ATCACAGAGGCCCGTT","Ex_CACNA1H_KIT","Glut-CACNA1H-2",0.377515406985127
"SN239_TCCTCTTGTATGCAAA","Ex_CACNA1H_CPA6","Glut-CACNA1H-4",0.428547473854349
"SN239_GTAGGAGAGAAATTGC","Ex_CACNA1H_KIT","Glut-CACNA1H-2",1
"SN239_CATTCATCATTACGGT","Ex_CACNA1H_PROX1","Glut-CACNA1H-2",0.522398190899371
"SN239_GAACGTTCAGGCCTGT","Ex_CACNA1H_CPA6","Glut-CACNA1H-4",0.377736498208526
"SN239_TTGCATTTCTGCGGAC","Ex_CACNA1H_PROX1","Glut-DACH2-1",0.360423508649248
"SN239_ATGAGTCAGTTGGCGA","Ex_CACNA1H_KIT","Glut-CACNA1H-2",0.992480019099876
"SN239_AGACAGGTCCTTCACG","Ex_TSHZ2_NR4A2","Glut-DACH2-HVCra-Int",0.324357411719648
"SN239_AATCGACAGTATCTGC","Ex_TSHZ2_NR4A2","Glut-CACNA1H-1",0.716719782802935
"SN239_GCGGAAACAATTAGGA","Ex_CACNA1H_PROX1","Glut-CACNA1H-4",0.418622584150404
"SN239_ATGGGTTTCCTGTACC","Ex_CACNA1H_PROX1","Glut-DACH2-2",0.352877997496992
"SN239_GTATTTCCATAATCGC","Ex_CACNA1H_CPA6","Glut-CACNA1H-2",0.47501996034697
"SN239_GAGTTACTCCCAAGTA","Ex_CACNA1H_CPA6","Glut-CACNA1H-2",0.856338557362167
"SN239_GCCGTGATCAAAGGTA","Ex_CACNA1H_KIT","Glut-CACNA1H-1",0.619857779117174
"SN239_AGAGAATAGCGGTATG","Ex_CACNA1H_PROX1","Glut-CACNA1H-4",0.526198354765598
"SN239_GGGTCTGCAGTTGCGC","Ex_CACNA1H_PROX1","Glut-DACH2-2",0.53539655673927
"SN239_GTGAGTTTCCGGTAGC","Ex_CACNA1H_PROX1","Glut-CACNA1H-4",0.821687211154435
"SN239_TCATCATCATCCGGTG","Ex_CACNA1H_PROX1","Glut-CACNA1H-RA",0.27019840034355
"SN239_GGGACTCCAGAAGTTA","Ex_CACNA1H_PROX1","Glut-DACH2-2",0.264240470371074
"SN239_TGGTTAGAGCCTAACT","Ex_CACNA1H_PROX1","Glut-CACNA1H-2",0.534332981569354
"SN239_GACCCAGAGCTGTTAC","Ex_CACNA1H_CPA6","Glut-CACNA1H-2",0.890342500669929
"SN239_GTAGGAGAGTTGCGAG","Ex_CACNA1H_CPA6","Glut-CACNA1H-2",0.992959724690957
"SN239_CTGTATTGTTCGAGCC","Ex_CACNA1H_PROX1","Glut-CACNA1H-2",0.395119123834065
"SN239_CGTGATACACCGTGCA","Ex_CACNA1H_PROX1","Glut-CACNA1H-4",0.39679046680377
"SN239_TGCGATATCTCATAGG","Ex_CACNA1H_PROX1","Glut-CACNA1H-4",0.545976741658072
"SN239_GTATTTCTCGCTATTT","Ex_CACNA1H_PROX1","Glut-CACNA1H-2",0.936014011460109
"SN239_CGGAATTCAAAGGCGT","Ex_CACNA1H_KIT","Glut-CACNA1H-1",0.550575384906887
"SN239_TTGCATTTCAGTGGGA","Ex_CACNA1H_PROX1","Glut-CACNA1H-4",0.661390250293937
"SN239_GGTGTTAAGTTTCAGC","Ex_CACNA1H_CPA6","Glut-CACNA1H-4",0.292728543413201
"SN239_CTTCCTTGTCTTCCGT","Ex_DACH2_ZMAT4","Glut-DACH2-3",0.858708389712893
"SN239_TGAATGCTCTTCTGTA","Ex_DACH2_GRIK4","Glut-DACH2-1",0.884905761671329
"SN239_GTCTTTACAACGATTC","Ex_DACH2_SLIT2","Glut-DACH2-1",0.470090118591618
"SN239_GGCTTTCTCGAACTCA","Ex_DACH2_NR4A3","Glut-DACH2-1",0.709554194241916
"SN239_CCTACGTAGGGCAACT","Ex_DACH2_GRIK4","Glut-DACH2-1",0.785937939503075
"SN239_CGGACACAGACCATAA","Ex_DACH2_SLIT2","Glut-DACH2-3",1
"SN239_CCCAACTCAGGACTTT","Ex_DACH2_NR4A3","Glut-DACH2-1",0.615004893858054
"SN239_GAATAGACAACACAAA","Ex_DACH2_ITGA9","Glut-DACH2-1",0.307852863570985
"SN239_TCATTCATCTACGCGG","Ex_DACH2_GRIK4","Glut-DACH2-1",0.875558709787023
"SN239_TACATTCCACAGTATC","Ex_DACH2_GRIK4","Glut-DACH2-1",0.682414857453014
"SN239_TATCTGTTCCTCTCGA","Ex_DACH2_NR4A3","Glut-DACH2-1",0.66364954448309
"SN239_CTCAGGGAGTATCTGC","Ex_DACH2_NR4A3","Glut-DACH2-1",0.713706002503183
"SN239_CGAAGTTCACTGTCCT","Ex_DACH2_GRIK4","Glut-DACH2-6",0.280055353855911
"SN239_TGTAAGCTCGTACACA","Ex_DACH2_GRIK4","Glut-DACH2-1",0.870631767169058
"SN239_TATTTCGAGTGATTCC","Ex_DACH2_GRIK4","Glut-DACH2-1",0.749927064141474
"SN239_GTATTGGGTCCGAAAG","Ex_DACH2_GRIK4","Glut-DACH2-1",0.725659878710383
"SN239_CGATGGCGTTCTTAGG","Ex_DACH2_SLIT2","Glut-DACH2-1",0.405773664069344
"SN239_CCGAACGCACCGCTGA","Ex_DACH2_GRIK4","Glut-DACH2-1",0.67380541619874
"SN239_CTCTGGTGTTGCTTGA","Ex_DACH2_SLIT2","Glut-DACH2-3",0.968729641088105
"SN239_AACCACAGTGATACCT","Ex_DACH2_SLIT2","Glut-DACH2-4",0.407605090905068
"SN239_CATCCCAGTTAACCTG","Ex_DACH2_ITGA9","Glut-DACH2-4",0.584364144009712
"SN239_ATTTCTGGTTCCGCTT","Ex_DACH2_TAC1","Glut-DACH2-3",0.920738302801379
"SN239_AGCCAGCAGAATCCCT","Ex_DACH2_SLIT2","Glut-DACH2-3",0.974216621191898
"SN239_ATGAAAGCAACCTAAC","Ex_DACH2_SLIT2","Glut-DACH2-3",1
"SN239_AACGTCACATCTTAGG","Ex_DACH2_ITGA9","Glut-DACH2-4",0.436764892368003
"SN239_CGGCAGTGTTGTCCCT","Ex_DACH2_SLIT2","Glut-DACH2-3",1
"SN239_TCGACCTCAACAACAA","Ex_DACH2_GRIK4","Glut-DACH2-1",0.91319204625045
"SN239_GCATGATCACGACCTG","Ex_DACH2_GRIK4","Glut-DACH2-1",0.841630612919521
"SN239_CCCATTGTCATGCATG","Ex_DACH2_SLIT2","Glut-DACH2-3",0.710368070759091
"SN239_TCACGGGTCTAGACCA","Ex_DACH2_SLIT2","Glut-DACH2-4",0.666197159620297
"SN239_GAAGGACGTTTCCATT","Ex_DACH2_ZMAT4","Glut-DACH2-3",0.524099352393706
"SN239_TGACTCCCATCCTTCG","Ex_DACH2_ZMAT4","Glut-DACH2-3",0.979140133044343
"SN239_GCCAGCACAATGTCAC","Ex_DACH2_SLIT2","Glut-DACH2-3",1
"SN239_GCTGGGTAGACCCGCT","Ex_DACH2_SLIT2","Glut-DACH2-3",0.942029383469285
"SN239_CGAATTGAGTAGCAAT","Ex_DACH2_SLIT2","Glut-DACH2-3",0.975825340690251
"SN239_GCGGATCTCTAGTGAC","Ex_DACH2_ZMAT4","Glut-DACH2-3",0.900606533998197
"SN239_AAAGAACAGACGGATC","Ex_DACH2_SLIT2","Glut-DACH2-1",0.636079246472667
"SN239_ACTTATCGTTGCCGAC","Ex_DACH2_GRIK4","Glut-DACH2-1",0.67780840051961
"SN239_GTCATTTGTTATTCCT","Ex_DACH2_ITGA9","Glut-DACH2-4",0.371232265277704
"SN239_GGATCTATCACGACTA","Ex_DACH2_GRIK4","Glut-DACH2-7",0.568079592237027
"SN239_TGATTTCCAGTTGAAA","Ex_DACH2_ITGA9","Glut-DACH2-4",0.736144384097261
"SN239_ACATGCATCGCACGGT","Ex_DACH2_SLIT2","Glut-DACH2-1",0.555912418504914
"SN239_AAGATAGCAAATGCTC","Ex_DACH2_GRIK4","Glut-DACH2-1",0.541519536981162
"SN239_GCCATGGGTACCCAGC","Ex_DACH2_SLIT2","Glut-DACH2-3",1
"SN239_GAAGTAACAAATGAGT","Ex_DACH2_GRIK4","Glut-DACH2-1",0.796060353569697
"SN239_TGATTCTTCGGTCGAC","Ex_DACH2_ZMAT4","Glut-DACH2-3",0.969047427036086
"SN239_AGGGTCCAGTAGAATC","Ex_DACH2_ITGA9","Glut-DACH2-7",0.499398471077431
"SN239_CCACGAGTCCGTGACG","Ex_DACH2_SLIT2","Glut-DACH2-3",0.580526484377098
"SN239_CCATCACAGAGGTATT","Ex_CACNA1H_MCTP2","Glut-DACH2-2",0.278635840094333
"SN239_TCATGCCTCTCCGTGT","Ex_DACH2_GRIK4","Glut-DACH2-2",0.502445441095117
"SN239_CCACGAGTCTTACACT","Ex_DACH2_ITGA9","Glut-DACH2-4",0.497799536315172
"SN239_GCTGGGTCATCAGCGC","Ex_DACH2_GRIK4","Glut-DACH2-1",0.604731060150882
"SN239_CATTCTATCTGCGGAC","Ex_DACH2_SLIT2","Glut-DACH2-1",0.639872470750066
"SN239_GTCAAACCATAATGAG","Ex_DACH2_GRIK4","Glut-DACH2-1",0.669281005772229
"SN239_TCTTAGTCAAGATGTA","Ex_DACH2_GRIK4","Glut-DACH2-1",0.889152318582463
"SN239_CGCAGGTCATATCTCT","Ex_DACH2_SLIT2","Glut-DACH2-4",0.588995579890108
"SN239_TCCATCGCACAAGGTG","Ex_DACH2_ITGA9","Glut-DACH2-4",0.536977151526266
"SN239_ATACCGATCTCGGCTT","Ex_DACH2_GRIK4","Glut-DACH2-1",0.902930424729078
"SN239_TCGCAGGCAACGACAG","Ex_DACH2_GRIK4","Glut-DACH2-1",0.870909041626699
"SN239_GACACGCTCGGACTGC","Ex_DACH2_GRIK4","Glut-DACH2-1",0.316026381627191
"SN239_TCATCATAGTTGTACC","Ex_DACH2_GRIK4","Glut-DACH2-2",0.296673421746788
"SN239_CTCATTAGTCGTATGT","Ex_DACH2_GRIK4","Glut-DACH2-1",0.804896978935316
"SN239_TTTCCTCGTACTCCGG","Ex_DACH2_SLIT2","Glut-DACH2-3",1
"SN239_GAAACCTCAATCAGCT","Ex_DACH2_ZMAT4","Glut-DACH2-3",0.371166761232851
"SN239_ACCTACCCACAGCTGC","Ex_DACH2_GRIK4","Glut-DACH2-1",0.78044433375196
"SN239_AGGTCTACATACAGGG","Ex_DACH2_GRIK4","Glut-DACH2-1",0.486072809950776
"SN239_ATCACTTAGTTGCCCG","Ex_DACH2_ZMAT4","Glut-DACH2-3",0.801509661957293
"SN239_TTGTTTGTCGACCCAG","Ex_DACH2_ITGA9","Glut-DACH2-4",0.721782328625178
"SN239_TAGGTTGGTGTTACTG","Ex_DACH2_ZMAT4","Glut-DACH2-3",0.333886439954841
"SN239_TGTCAGATCTCACGAA","Ex_DACH2_GRIK4","Glut-DACH2-1",0.380585327924083
"SN239_CTGTACCAGGCCCAAA","Ex_DACH2_GRIK4","Glut-DACH2-1",0.921546691219639
"SN239_CCCATTGTCCGAGGCT","Ex_DACH2_SLIT2","Glut-DACH2-3",0.995537487438638
"SN239_CTCCAACTCGCTCTCA","Ex_DACH2_SLIT2","Glut-DACH2-3",0.992911150997421
"SN239_TCCACCATCTCGAACA","Ex_DACH2_ADAMTS5","Glut-DACH2-2",0.378582065125728
"SN239_GTGAGGAAGTAACGAT","Ex_DACH2_SLIT2","Glut-DACH2-3",1
"SN239_CAGATCATCATCCCGT","Ex_DACH2_SLIT2","Glut-DACH2-1",0.661577714163933
"SN239_ACACAGTTCTTTCAGT","Ex_DACH2_SLIT2","Glut-DACH2-3",0.95552650601751
"SN239_TGGGAGAGTACAAAGT","Ex_DACH2_ITGA9","Glut-DACH2-1",0.686007551664549
"SN239_TCCACCACATCTCCCA","Ex_DACH2_RORB","Glut-DACH2-3",0.476688742692072
"SN239_ATGGTTGCAACTACGT","Ex_DACH2_CEMIP","Glut-DACH2-3",0.506525318711383
"SN239_CCTACGTCATGTCGTA","Ex_DACH2_GRIK4","Glut-DACH2-1",0.786475104084318
"SN239_GGTCACGCACTACACA","Ex_DACH2_NR4A3","Glut-DACH2-1",1
"SN239_GAGACCCTCCCGAAAT","Ex_DACH2_RORB","Glut-DACH2-3",0.592067572520479
"SN239_ACTTCGCAGCAACTTC","Ex_DACH2_SLIT2","Glut-DACH2-3",1
"SN239_AGTCAACTCTTTGGAG","Ex_DACH2_GRIK4","Glut-DACH2-7",0.387789179017289
"SN239_TGTTACTTCGAAGAAT","Ex_DACH2_NR4A3","Glut-DACH2-1",0.392424938188396
"SN239_CTGATCCTCTGAATCG","Ex_DACH2_ZMAT4","Glut-DACH2-8",0.300383447794367
"SN239_CGAGGAACACCGAATT","Ex_DACH2_ZMAT4","Glut-DACH2-3",0.983458733695082
"SN239_CTCAAGAAGCATGTTC","Ex_DACH2_ITGA9","Glut-DACH2-4",0.384039926616877
"SN239_GTCCACTCAGACCAAG","Ex_DACH2_SLIT2","Glut-DACH2-3",0.999999999999999
"SN239_ATCAGGTGTCTCTCCA","Ex_DACH2_SLIT2","Glut-DACH2-3",0.980344831053796
"SN239_ACAAAGAAGCGTGCCT","Ex_DACH2_ZMAT4","Glut-DACH2-8",0.846180468076461
"SN239_TCCATGCCATCATCCC","Ex_DACH2_ZMAT4","Glut-DACH2-3",0.883777148711473
"SN239_TTCACGCTCAGCCTTC","Ex_DACH2_ZMAT4","Glut-DACH2-3",0.804923064044008
"SN239_GCTTGGGAGAGCATTA","Ex_DACH2_GRIK4","Glut-DACH2-2",0.663212218087537
"SN239_CCTATCGCAACCACGC","Ex_DACH2_ZMAT4","Glut-DACH2-3",0.778685311360386
"SN239_CGAAGTTCAGGACTTT","Ex_DACH2_TAC1","Glut-DACH2-3",0.524813352036478
"SN239_TCGCACTCAGCTCCTT","Ex_DACH2_RORB","Glut-DACH2-3",0.477296334202129
"SN239_CAATACGGTAGTCCTA","Ex_DACH2_ZMAT4","Glut-DACH2-3",0.985351815763236
"SN239_CATTGTTTCGCCAACG","Ex_DACH2_SLIT2","Glut-DACH2-3",0.945488296266259
"SN239_CTACATTTCCTCACGT","Ex_DACH2_SLIT2","Glut-DACH2-3",0.944566444728986
"SN239_GAACGTTTCCGATGTA","Ex_DACH2_ZMAT4","Glut-DACH2-3",0.935855445529827
"SN239_GGTTGTATCGCGGTAC","Ex_DACH2_ZMAT4","Glut-DACH2-3",0.988665847746271
"SN239_TCGAACACATCTTTCA","Ex_DACH2_CEMIP","Glut-DACH2-3",1
"SN239_ATCAGGTCAGTAGAAT","Ex_DACH2_ZMAT4","Glut-DACH2-3",0.945408232039136
"SN239_TTCCTAACATGCAGCC","Ex_DACH2_CEMIP","Glut-DACH2-3",0.705352953296145
"SN239_CTCAATTTCATCTCTA","Ex_DACH2_RORB","Glut-DACH2-3",0.444942339645692
"SN239_TCTTAGTAGTCTAGAA","Ex_DACH2_CEMIP","Glut-DACH2-3",0.777532502389724
"SN239_AGGGAGTTCTCTCGAC","Ex_DACH2_TAC1","Glut-DACH2-3",0.880398085404405
"SN239_AGGGTTTCAACACAAA","Ex_DACH2_SLIT2","Glut-DACH2-3",0.542607513448707
"SN239_AATGGCTTCACTACTT","Ex_DACH2_RORB","Glut-DACH2-3",0.519822158029972
"SN239_TGCGACGGTACGAAAT","Ex_DACH2_ITGA9","Glut-DACH2-1",0.607394822049932
"SN239_CGCATGGGTCAGCTTA","Ex_DACH2_SLIT2","Glut-CACNA1H-4",0.387431788989108
"SN239_ACTCCCACAGTTAAAG","Ex_DACH2_SLIT2","Glut-DACH2-3",0.985613816846415
"SN239_AATAGAGTCACTGTCC","Ex_CACNA1H_MCTP2","Glut-DACH2-1",0.537912744772192
"SN239_TAACTTCTCTCCCAAC","Ex_DACH2_ZMAT4","Glut-DACH2-3",0.737292911291606
"SN239_CAGAGCCGTTACCCAA","Ex_DACH2_SLIT2","Glut-DACH2-3",0.344535139135992
"SN239_ATACCGACATTCGATG","Ex_DACH2_SLIT2","Glut-DACH2-1",0.779050382059534
"SN239_CTGCCATAGAGCATTA","Ex_CACNA1H_MCTP2","Glut-DACH2-2",0.306231892750594
"SN239_CCTAACCTCTGCGGCA","Ex_DACH2_NR4A3","Glut-DACH2-1",0.735671609241787
"SN239_GTGCAGCAGTACAACA","Ex_DACH2_ITGA9","Glut-DACH2-1",0.520515136361941
"SN239_CCTGTTGAGAAATTCG","Ex_DACH2_GRIK4","Glut-DACH2-1",0.867549488011834
"SN239_AATCACGCACTACTTT","Ex_DACH2_ZMAT4","Glut-DACH2-3",0.676321480966499
"SN239_AGATGAACATGAGATA","Ex_DACH2_ZMAT4","Glut-DACH2-3",0.921562270925711
"SN239_ACGATGTTCCCGTTCA","Ex_DACH2_GRIK4","Glut-DACH2-1",0.828688298460121
"SN239_GTGCAGCTCCTGCCAT","Ex_DACH2_SLIT2","Glut-DACH2-1",0.476522901732334
"SN239_TCCTGCACATGTTTGG","Ex_DACH2_GRIK4","Glut-DACH2-1",0.910249702821673
"SN239_TGTAGACGTTATAGAG","Ex_DACH2_GRIK4","Glut-DACH2-1",0.654666654206439
"SN239_GATAGCTCACCATTCC","Ex_DACH2_RORB","Glut-DACH2-3",0.503694635784668
"SN239_GAACGTTCAAGAGAGA","Ex_DACH2_GRIK4","Glut-DACH2-1",0.805205700407118
"SN239_TCAGTTTGTGGTCTCG","Ex_DACH2_TAC1","Glut-DACH2-3",0.985631765678789
"SN239_ATAGAGAAGGCTCACC","Ex_DACH2_GRIK4","Glut-DACH2-7",0.764227876040001
"SN239_CCTACGTTCGGCTTCT","Ex_DACH2_TAC1","Glut-DACH2-6",0.315736101000758
"SN239_TTCAGGACAAAGGATT","Ex_DACH2_SLIT2","Glut-DACH2-3",1
"SN239_CTCTGGTGTGTTGCCG","Ex_DACH2_CEMIP","Glut-DACH2-3",0.584130995309274
"SN239_GCGTGCACAGGGATAC","Ex_DACH2_SLIT2","Glut-DACH2-3",0.985436895582218
"SN239_GTTTGGAGTTGCCATA","Ex_CACNA1H_MCTP2","Glut-DACH2-2",0.617940151711883
"SN239_AATCACGTCGCTGCGA","Ex_DACH2_SLIT2","Glut-DACH2-1",0.460307487399386
"SN239_GTTTACTGTTCTCTAT","Ex_DACH2_RORB","Glut-DACH2-3",0.642273935813595
"SN239_TAGGTACCAGGTATGG","Ex_DACH2_SLIT2","Glut-DACH2-3",0.988505700363868
"SN239_TCTCTGGAGTCAAGCG","Ex_DACH2_GRIK4","Glut-DACH2-2",0.484579421733901
"SN239_TGGCGTGGTCGCTCGA","Ex_DACH2_NR4A3","Glut-DACH2-1",0.57712904435407
"SN239_TCGCTCACAGAGGGTT","Ex_DACH2_GRIK4","Glut-DACH2-1",0.870679509005719
"SN239_ACTATTCCATGGTACT","Ex_DACH2_ITGA9","Glut-DACH2-4",0.625292895257376
"SN239_AGGGCTCAGGTAGCAC","Ex_DACH2_SLIT2","Glut-DACH2-3",0.999999999999999
"SN239_CAAGCTATCAAGCGTT","Ex_DACH2_GRIK4","Glut-DACH2-1",0.816075643351774
"SN239_TTGCTGCGTTAAACAG","Ex_DACH2_CEMIP","Glut-DACH2-3",0.758516778358987
"SN239_AGTCACAGTTCCGCTT","Ex_DACH2_GRIK4","Glut-DACH2-1",0.93691058652341
"SN239_CGAATTGTCGGCCAAC","Ex_DACH2_SLIT2","Glut-DACH2-3",0.871302597045516
"SN239_GTGTTCCTCATCTGTT","Ex_CACNA1H_MCTP2","Glut-DACH2-3",0.266315710104099
"SN239_GGGTAGATCTCGCTTG","Ex_DACH2_NR4A3","Glut-DACH2-1",0.558312415425672
"SN239_ACTTTGTTCTGTCGCT","Ex_DACH2_SLIT2","Glut-DACH2-3",0.931591741723218
"SN239_CGAGTTAAGTCTTCCC","Ex_DACH2_TAC1","Glut-DACH2-8",0.419322087633529
"SN239_GACAGCCCATTCAGCA","Ex_DACH2_SLIT2","Glut-DACH2-3",0.913103837105822
"SN239_TAAGTCGGTCTACAGT","Ex_DACH2_ITGA9","Glut-DACH2-1",0.593414106129088
"SN239_CTGCAGGCAGATTCGT","Ex_DACH2_ADAMTS5","Glut-DACH2-5",0.474036129174521
"SN239_TTGTGGAGTCTGCATA","Ex_DACH2_SLIT2","Glut-DACH2-4",0.590259021892811
"SN239_GTACAGTTCTGGACTA","Ex_DACH2_ITGA9","Glut-DACH2-4",0.58225194275555
"SN239_CTATCCGTCGCTTGCT","Ex_DACH2_GRIK4","Glut-DACH2-1",0.464536139876768
"SN239_TGTCCTGGTTATCCAG","Ex_DACH2_GRIK4","Glut-DACH2-1",0.733023611468955
"SN239_TAGATCGGTCTCACAA","Ex_DACH2_SLIT2","Glut-DACH2-3",0.955972406040323
"SN239_GGGTTTAAGTTTCGGT","Ex_DACH2_SLIT2","Glut-DACH2-1",0.439517639963353
"SN239_CCGGGTACAGACTGCC","Ex_DACH2_ITGA9","Glut-DACH2-1",0.585693180439037
"SN239_CGTCCATCATGGCCAC","Ex_DACH2_ITGA9","Glut-DACH2-4",0.354927934204403
"SN239_GATCAGTCAGCCTATA","Ex_DACH2_RORB","Glut-DACH2-3",0.575328966997788
"SN239_CATTGTTCATAATCCG","Ex_DACH2_SLIT2","Glut-DACH2-3",1
"SN239_TTCAGGATCTAGCATG","Ex_DACH2_CEMIP","Glut-DACH2-3",0.989537401741244
"SN239_TAACGACGTTATGTGC","Ex_DACH2_GRIK4","Glut-DACH2-1",0.940379587072736
"SN239_TAGATCGTCGCACGAC","Ex_DACH2_SLIT2","Glut-DACH2-4",0.394756802320553
"SN239_CTAACCCCAATTTCTC","Ex_DACH2_RORB","Glut-DACH2-3",0.690270896892314
"SN239_GCATCTCGTTCTCTAT","Ex_DACH2_RORB","Glut-DACH2-3",0.492718511611292
"SN239_ATGTCTTCAGCTGTGC","Ex_DACH2_RORB","Glut-DACH2-3",0.549549558304031
"SN239_CATTGCCTCCAACCAA","Ex_DACH2_RORB","Glut-DACH2-3",0.540709104629772
"SN239_CGAGGAAGTACAGTAA","Ex_DACH2_SLIT2","Glut-CACNA1H-4",0.452749808311681
"SN239_GTCTTTATCATTTCGT","Ex_DACH2_GRIK4","Glut-DACH2-1",0.611601692995226
"SN239_GAGTGAGGTCCTGTCT","Ex_DACH2_RORB","Glut-DACH2-3",0.654033422793
"SN239_GAGAAATAGGTTCACT","Ex_DACH2_RORB","Glut-DACH2-3",0.612665818712197
"SN239_TGGGCTGAGGTTGGAC","Ex_DACH2_ITGA9","Glut-DACH2-4",0.58186804393729
"SN239_CGCATGGCAATCTAGC","Ex_DACH2_GRIK4","Glut-DACH2-1",0.659870632460602
"SN239_ATGTCCCTCGAGAAAT","Ex_DACH2_RORB","Glut-DACH2-3",0.499061071156584
"SN239_AGTTAGCTCTTTGCGC","Ex_DACH2_TAC1","Glut-DACH2-3",0.685851216912652
"SN239_GCCATGGAGTTTCAGC","Ex_DACH2_CEMIP","Glut-DACH2-3",0.801521655889428
"SN239_TCATCATCAACTAGAA","Ex_DACH2_RORB","Glut-DACH2-3",0.498496148087669
"SN239_TTACGTTAGTGGAAAG","Ex_DACH2_GRIK4","Glut-DACH2-7",0.624404185823304
"SN239_TAGGGTTCACTAACCA","Ex_DACH2_TAC1","Glut-DACH2-HVCra-Int",0.303685723762199
"SN239_ACTGTCCAGACCACGA","Ex_DACH2_RORB","Glut-DACH2-3",0.471857886632541
"SN239_CTCCCAAGTTGGTACT","Ex_DACH2_ZMAT4","Glut-DACH2-3",0.918147199053858
"SN239_CCTTTGGGTGGACTAG","Ex_DACH2_GRIK4","Glut-DACH2-7",0.487405156939825
"SN239_CCCTCTCTCCACGAAT","Ex_DACH2_ADAMTS5","Glut-DACH2-2",0.503167234237916
"SN239_CTCCATGCAGAGCGTA","Ex_DACH2_GRIK4","Glut-DACH2-1",0.655288978708357
"SN239_TGGAGGATCTTCACGC","Ex_CACNA1H_MCTP2","Glut-DACH2-3",0.324746107348758
"SN239_AGGTCTACAAAGCTAA","Ex_DACH2_GRIK4","Glut-DACH2-1",0.624088300620401
"SN239_CATTGAGTCCTACTGC","Ex_DACH2_SLIT2","Glut-DACH2-3",0.795339802625465
"SN239_CATCGCTGTGCAAGAC","Ex_DACH2_GRIK4","Glut-DACH2-1",0.77166058924664
"SN239_CAGCAATCATATAGCC","Ex_DACH2_RORB","Glut-DACH2-3",0.504104521691103
"SN239_CCTATCGAGCTGCCAC","Ex_DACH2_SLIT2","Glut-DACH2-3",1
"SN239_AGACAAAGTATCACGT","Ex_DACH2_TAC1","Glut-DACH2-3",0.838523927985637
"SN239_ACTTCGCTCCGAGGCT","Ex_DACH2_MGAT4C","Glut-DACH2-1",0.336556071396504
"SN239_GAAGGGTCAAGTCCCG","Ex_DACH2_SLIT2","Glut-DACH2-3",1
"SN239_GCATCTCCACATATGC","Ex_DACH2_RORB","Glut-DACH2-3",0.480488396460492
"SN239_AGTCAACGTCGCTTAA","Ex_CACNA1H_MCTP2","Glut-DACH2-1",0.282098738502512
"SN239_TATCCTACATAGCACT","Ex_DACH2_RORB","Glut-DACH2-3",0.576726170600798
"SN239_TCAATTCGTGAACTAA","Ex_DACH2_ZMAT4","Glut-DACH2-3",0.710260697713934
"SN239_ACGATCAGTTACACAC","Ex_DACH2_MGAT4C","Glut-DACH2-1",0.570667858958995
"SN239_GATGAGGCAGGGACTA","Ex_DACH2_SLIT2","Glut-DACH2-3",1
"SN239_AGATAGACATATCTCT","Ex_DACH2_RORB","Glut-DACH2-3",0.583698084859328
"SN239_GGCTGTGAGTCACGCC","Ex_DACH2_SLIT2","Glut-DACH2-3",0.909691989216537
"SN239_ATGTCCCCATCTCAAG","Ex_DACH2_SLIT2","Glut-DACH2-3",0.536244960438789
"SN239_TTCCTCTGTGCACGCT","Ex_DACH2_RORB","Glut-DACH2-3",0.512868794809313
"SN239_AAGTCGTCACAGAGAC","Ex_DACH2_ZMAT4","Glut-DACH2-3",0.502918880196499
"SN239_GGTTCTCCATCTTCGC","Ex_DACH2_RORB","Glut-DACH2-3",0.662978679376252
"SN239_CGTTCTGCAAAGCACG","Ex_DACH2_RORB","Glut-DACH2-3",0.476124287544053
"SN239_TTACGTTGTCTGTGAT","Ex_CACNA1H_MCTP2","Glut-DACH2-4",0.198629896396406
"SN239_TCGGGCACACTCGATA","Ex_DACH2_ITGA9","Glut-DACH2-1",0.532905988980048
"SN239_GCACATAGTCTTACTT","Ex_DACH2_ADAMTS5","Glut-DACH2-5",0.551392273952241
"SN239_AGTTCGACACAATTCG","Ex_DACH2_ITGA9","Glut-DACH2-4",0.386100416372124
"SN239_GACTGATGTCACCTTC","Ex_DACH2_NR4A3","Glut-DACH2-1",0.612325703026146
"SN239_TTCCACGGTAGTTCCA","Ex_DACH2_TAC1","Glut-DACH2-3",0.946874589050168
"SN239_TAGACCAGTGTCATGT","Ex_DACH2_SLIT2","Glut-DACH2-3",1
"SN239_CAGCAATCAGCACACC","Ex_DACH2_RORB","Glut-DACH2-3",0.573158977964042
"SN239_CTCCGATTCCTACGAA","Ex_DACH2_TAC1","Glut-DACH2-3",0.725881867332619
"SN239_TATCTGTTCCTTCTGG","Ex_DACH2_NR4A3","Glut-DACH2-HVCra",0.353050149524656
"SN239_TTCATGTGTGGATTTC","Ex_DACH2_ZMAT4","Glut-DACH2-3",0.893756118677115
"SN239_ACTACGATCTCCCAAC","Ex_DACH2_SLIT2","Glut-DACH2-3",0.847571386454269
"SN239_AAGTTCGCAGCACACC","Ex_DACH2_MGAT4C","Glut-DACH2-1",0.405654317642596
"SN239_GTCTGTCAGCACTGGA","Ex_DACH2_GRIK4","Glut-DACH2-1",0.85269974351122
"SN239_CTACAGATCGCATTGA","Ex_DACH2_CEMIP","Glut-DACH2-3",1
"SN239_GCATGATAGGACTTCT","Ex_DACH2_TAC1","Glut-DACH2-3",0.987934926719654
"SN239_GTCTTTAGTAACGGTG","Ex_DACH2_SLIT2","Glut-DACH2-3",1
"SN239_CACCGTTAGGTTAGTA","Ex_DACH2_RORB","Glut-DACH2-3",0.646626082889947
"SN239_GAGACCCTCACCTGGG","Ex_CACNA1H_MCTP2","Glut-DACH2-7",0.288345955888248
"SN239_GCTTCACAGTTAGTAG","Ex_CACNA1H_MCTP2","Glut-DACH2-2",0.500523113113455
"SN239_GACCCAGAGTGGACTG","Ex_DACH2_NR4A3","Glut-DACH2-1",0.877860847758816
"SN239_AGAACCTAGGTCGCCT","Ex_DACH2_RORB","Glut-DACH2-3",0.537306470451334
"SN239_AGCCAATCACAGCCTG","Ex_DACH2_ZMAT4","Glut-DACH2-3",0.772576056873642
"SN239_ACGATGTCAGTATTCG","Ex_DACH2_MGAT4C","Glut-DACH2-1",0.850552950242815
"SN239_GAGGGTACAATAACGA","Ex_DACH2_SLIT2","Glut-DACH2-3",1
"SN239_TACGCTCTCAAACGAA","Ex_DACH2_ZMAT4","Glut-DACH2-8",0.550305685400365
"SN239_GTGCACGCAACACAAA","Ex_DACH2_ITGA9","Glut-DACH2-4",0.308863351617196
"SN239_CCTCCAACAATGCTCA","Ex_DACH2_TAC1","Glut-DACH2-3",0.792909517276309
"SN239_TTGCTGCTCATCCTGC","Ex_DACH2_RORB","Glut-DACH2-3",0.585048049374716
"SN239_GGGATGATCTCCAAGA","Ex_DACH2_MGAT4C","Glut-DACH2-1",0.70191762175833
"SN239_CCGGTAGTCCTACCGT","Ex_DACH2_GRIK4","Glut-DACH2-1",0.497992901370623
"SN239_GACTATGCATCCGTGG","Ex_DACH2_CEMIP","Glut-DACH2-3",0.668544233099851
"SN239_GAGATGGTCCGTACGG","Ex_DACH2_CEMIP","Glut-DACH2-3",0.953250451409794
"SN239_CTGTGGGAGCGACCCT","Ex_DACH2_ITGA9","Glut-DACH2-7",0.31320872583389
"SN239_TGACGCGAGCGAGGAG","Ex_DACH2_SLIT2","Glut-DACH2-3",0.869695354159003
"SN239_TGCTTGCAGTTGAAGT","Ex_DACH2_ZMAT4","Glut-DACH2-3",0.672338815415479
"SN239_ATAGAGACATCCGGCA","Ex_DACH2_SLIT2","Glut-DACH2-3",0.592647206958764
"SN239_GTGTGATTCCCATTCG","Ex_DACH2_GRIK4","Glut-DACH2-1",0.654959844234922
"SN239_TCCTCTTGTTCAGGTT","Ex_DACH2_RORB","Glut-DACH2-3",0.482138896475857
"SN239_CTGTGAAGTCATGGCC","Ex_DACH2_CEMIP","Glut-DACH2-3",0.754457923223573
"SN239_GATGACTCAAGCGAGT","Ex_DACH2_SLIT2","Glut-DACH2-3",1
"SN239_CAACAACCATTGTCGA","Ex_DACH2_RORB","Glut-DACH2-3",0.651224297743611
"SN239_ATTCTTGCACGTAGAG","Ex_DACH2_CEMIP","Glut-DACH2-3",0.761904210548719
"SN239_TTATTGCTCCCGAACG","Ex_DACH2_RORB","Glut-DACH2-3",0.629188202880022
"SN239_GAGTGTTTCCCACAGG","Ex_DACH2_NR4A3","Glut-DACH2-1",0.91978935136554
"SN239_ACCAACACAGCGCGTT","Ex_DACH2_GRIK4","Glut-DACH2-1",0.847302426388419
"SN239_CCACCATCATAACAGA","Ex_DACH2_NR4A3","Glut-DACH2-1",0.712722542813672
"SN239_GGAGGATAGATGCGAC","Ex_DACH2_SLIT2","Glut-DACH2-3",1
"SN239_TTGCATTGTCTAACGT","Ex_DACH2_RORB","Glut-DACH2-3",0.533456993229587
"SN239_CGAATTGGTCCAGCCA","Ex_DACH2_GRIK4","Glut-DACH2-1",0.560038120296471
"SN239_AATGAAGCATTAGGAA","Ex_DACH2_LHX2","Glut-DACH2-2",0.61629654937371
"SN239_CTGGCAGAGTGTTGTC","Ex_DACH2_TAC1","Glut-DACH2-3",0.7275749530281
"SN239_CTCATCGTCACTTGTT","Ex_DACH2_RORB","Glut-DACH2-3",0.453064542570079
"SN239_AGTTCGATCATGGTAC","Ex_DACH2_RORB","Glut-DACH2-3",0.460521666790138
"SN239_GATCAGTGTATCGCGC","Ex_DACH2_RORB","Glut-DACH2-3",0.441374868808408
"SN239_AAGACAATCTACTTCA","Ex_DACH2_RORB","Glut-DACH2-3",0.62679075535549
"SN239_AGCCAATTCTGACAGT","Ex_DACH2_RORB","Glut-DACH2-3",0.568445603103981
"SN239_AATTTCCAGTAGGATT","Ex_DACH2_ADAMTS5","Glut-DACH2-5",0.428404713837138
"SN239_CCTCACATCCTAGCCT","Ex_DACH2_TAC1","Glut-DACH2-3",0.485081554626017
"SN239_CATACTTCAAATCAGA","Ex_DACH2_RORB","Glut-DACH2-3",0.607719582304491
"SN239_AATGAAGTCTCGAACA","Ex_DACH2_SLIT2","Glut-DACH2-3",1
"SN239_TAGGTTGGTACAATAG","Ex_DACH2_SLIT2","Glut-DACH2-3",0.995099498063377
"SN239_CTACGGGCAGCCCAGT","Ex_DACH2_ZMAT4","Glut-DACH2-7",0.478845337622033
"SN239_ATCGATGGTCATCGCG","Ex_DACH2_GRIK4","Glut-DACH2-HVCx",0.722246269609792
"SN239_TAGGTACGTCCTCAGG","Ex_DACH2_CEMIP","Glut-DACH2-6",0.522312481733251
"SN239_CCTCAGTCATGCCGAC","Ex_DACH2_RORB","Glut-DACH2-3",0.512086388055702
"SN239_GGAGCAAAGAGTATAC","Ex_DACH2_GRIK4","Glut-DACH2-1",1
"SN239_CAACAACAGACGAAGA","Ex_DACH2_GRIK4","Glut-DACH2-1",0.510298673706662
"SN239_CAGATTGTCCATGAGT","Ex_DACH2_CEMIP","Glut-DACH2-6",0.629691512081497
"SN239_CTTCGGTCAAGTTTGC","Ex_DACH2_ADAMTS5","Glut-DACH2-5",0.499175004400658
"SN239_TGGAGAGCACGCACCA","Ex_DACH2_GRIK4","Glut-DACH2-1",0.899003636507963
"SN239_TCAGGGCCACAATTCG","Ex_DACH2_NR4A3","Glut-DACH2-7",0.789707508515795
"SN239_CAACAACAGGAACATT","Ex_DACH2_ADAMTS5","Glut-DACH2-7",0.672832308927097
"SN239_ACTATGGCAACCCTCT","Ex_DACH2_RORB","Glut-DACH2-3",0.441147778999213
"SN239_CTTCCTTAGAAGGTAG","Ex_DACH2_RORB","Glut-DACH2-3",0.542446651854175
"SN239_AAGATAGTCGCTTACC","Ex_DACH2_ADAMTS5","Glut-DACH2-5",0.510357380090142
"SN239_GATCATGGTATGGTAA","Ex_DACH2_SLIT2","Glut-DACH2-3",1
"SN239_ATGAGGGCAATGACCT","Ex_DACH2_LHX2","Glut-DACH2-2",0.597846164738331
"SN239_TAACCAGAGGCCTAAG","Ex_DACH2_NR4A3","Glut-DACH2-1",0.614515011116236
"SN239_TATGTTCGTCTCGGAC","Ex_DACH2_TAC1","Glut-DACH2-8",0.368030579039246
"SN239_CTTCAATCAAAGGCTG","Ex_DACH2_RORB","Glut-DACH2-3",0.498939271047997
"SN239_GGTCTGGCAAAGGCGT","Ex_DACH2_ZMAT4","Glut-DACH2-3",0.735855612326505
"SN239_TATCAGGGTTCGGCGT","Ex_DACH2_ADAMTS5","Glut-DACH2-5",0.364557753457782
"SN239_AACCTGAAGTAAGACT","Ex_DACH2_GRIK4","Glut-DACH2-1",0.613324961573931
"SN239_CATTGCCAGCATGAAT","Ex_DACH2_SLIT2","Glut-DACH2-3",0.848124957000547
"SN239_AGGTTGTTCCCTAGGG","Ex_DACH2_RORB","Glut-DACH2-3",0.680638430114068
"SN239_CAAGACTTCTTTGCTA","Ex_DACH2_ADAMTS5","Glut-DACH2-7",0.3642482536866
"SN239_TGACGCGCAGGTAGTG","Ex_DACH2_SLIT2","Glut-CACNA1H-4",0.396015116200923
"SN239_TCATTGTTCGCCTAGG","Ex_DACH2_RORB","Glut-DACH2-3",0.660316978933023
"SN239_CTGAGGCGTGGGTCAA","Ex_DACH2_ZMAT4","Glut-DACH2-3",0.559816032031332
"SN239_TATACCTTCTTCCGTG","Ex_DACH2_RORB","Glut-DACH2-3",0.671127928346538
"SN239_GCGGAAAGTACCCGAC","Ex_DACH2_CEMIP","Glut-DACH2-3",1
"SN239_CAACAACCAAATAGCA","Ex_DACH2_TAC1","Glut-DACH2-3",0.725074121094503
"SN239_ATTACTCGTGGATCGA","Ex_DACH2_GRIK4","Glut-DACH2-7",0.553213550120596
"SN239_TTTAGTCCAGAAACCG","Ex_DACH2_RORB","Glut-DACH2-3",0.568062485350269
"SN239_TACAACGTCCGACGGT","Ex_DACH2_GRIK4","Glut-DACH2-1",0.679764212652094
"SN239_TCACGGGCAGTTGTTG","Ex_DACH2_NR4A3","Glut-DACH2-1",0.890052212993844
"SN239_GTGTCCTCAGTCGCAC","Ex_DACH2_ZMAT4","Glut-DACH2-8",0.632555298665715
"SN239_CTGCCATCAAGAAACT","Ex_DACH2_RORB","Glut-DACH2-3",0.687238090528183
"SN239_GAACGTTAGAGTATAC","Ex_DACH2_MGAT4C","Glut-DACH2-1",0.597608022578773
"SN239_CTGCATCTCTCCCATG","Ex_DACH2_NR4A3","Glut-DACH2-1",0.872558224958981
"SN239_ATTCAGGAGACCGTTT","Ex_DACH2_RORB","Glut-DACH2-3",0.616310636262327
"SN239_CACGTGGAGGGTAGCT","Ex_DACH2_MGAT4C","Glut-DACH2-1",0.831431381357904
"SN239_TGGGATTGTTCCTAAG","Ex_DACH2_RORB","Glut-DACH2-3",0.534298293675272
"SN239_GAAGGGTAGGTCCCGT","Ex_DACH2_ZMAT4","Glut-DACH2-3",0.49830178582932
"SN239_TCATGTTAGTTTGTCG","Ex_DACH2_ITGA9","Glut-DACH2-HVCra-Int",0.329664231882585
"SN239_CACGAATGTATGACAA","Ex_DACH2_RORB","Glut-DACH2-3",0.713232376299384
"SN239_GCACTAATCCTACACC","Ex_DACH2_RORB","Glut-DACH2-3",0.448799786315104
"SN239_TAGTGCATCCGTAGGC","Ex_DACH2_ADAMTS5","Glut-DACH2-5",0.362201813694372
"SN239_GCTGCAGAGCCAAGGT","Ex_DACH2_MGAT4C","Glut-DACH2-1",0.95183643733758
"SN239_CAACCTCAGGCTTAGG","Ex_DACH2_ZMAT4","Glut-DACH2-8",0.430201066919406
"SN239_GCTACCTTCGTTCCCA","Ex_DACH2_RORB","Glut-DACH2-3",0.548191169289907
"SN239_TGCCGAGAGGTGCATG","Ex_DACH2_RORB","Glut-DACH2-3",0.627526996682395
"SN239_GAAGAATCAATTGCCA","Ex_DACH2_SLIT2","Glut-DACH2-3",1
"SN239_CGGGCATAGGGTGAGG","Ex_DACH2_SLIT2","Glut-DACH2-3",0.944713744890074
"SN239_GCCAGCAAGTATGAAC","Ex_DACH2_ZMAT4","Glut-DACH2-8",0.473276755072015
"SN239_AAGAACAGTGTTCATG","Ex_DACH2_RORB","Glut-DACH2-3",0.593998192263159
"SN239_GAAGCGACATCCGGCA","Ex_DACH2_TAC1","Glut-DACH2-3",0.815909096448725
"SN239_TCACGGGCACAAGCAG","Ex_DACH2_MGAT4C","Glut-DACH2-1",0.948682355122218
"SN239_TTCCAATAGTAAAGCT","Ex_DACH2_RORB","Glut-DACH2-3",0.477678391227419
"SN239_GTCGTAACAATCTCTT","Ex_DACH2_RORB","Glut-DACH2-3",0.608670224813792
"SN239_GTGGAGAAGCCTTCTC","Ex_DACH2_RORB","Glut-DACH2-3",0.631195358611127
"SN239_GCACGGTAGTGCCAGA","Ex_DACH2_RORB","Glut-DACH2-3",0.445619422685495
"SN239_GGTTGTACAACGGCCT","Ex_DACH2_RORB","Glut-DACH2-3",0.670408482470328
"SN239_TCTATACCAAATGAGT","Ex_DACH2_NR4A3","Glut-DACH2-1",0.747001579490104
"SN239_GATGCTAAGGAATCGC","Ex_DACH2_SLIT2","Glut-DACH2-3",0.627307188148972
"SN239_CTACCTGGTAATGCGG","Ex_DACH2_SLIT2","Glut-DACH2-3",0.804476186358566
"SN239_ACGGGTCTCCTGTAAG","Ex_DACH2_ITGA9","Glut-DACH2-1",0.464131625792989
"SN239_CCTCAGTTCTCCTGCA","Ex_DACH2_TAC1","Glut-DACH2-4",0.343290358463105
"SN239_GCGGAAAAGGTCGAGT","Ex_DACH2_GRIK4","Glut-DACH2-1",0.774583384678236
"SN239_CAACGATAGGAATGTT","Ex_DACH2_RORB","Glut-DACH2-3",0.5726428701113
"SN239_GATGATCCAGTCAGAG","Ex_DACH2_SLIT2","Glut-DACH2-3",0.870675760145042
"SN239_TGCATCCAGCCTTTCC","Ex_DACH2_RORB","Glut-DACH2-3",0.434432137711928
"SN239_GCGTGCATCTAGACCA","Ex_DACH2_RORB","Glut-DACH2-3",0.589715831686612
"SN239_CCTAAGAAGGATAATC","Ex_DACH2_ZMAT4","Glut-DACH2-8",0.859439836910522
"SN239_TTCATGTCACTGCTTC","Ex_DACH2_RORB","Glut-DACH2-3",0.588299358130805
"SN239_GTCACGGTCCACCTGT","Ex_DACH2_MGAT4C","Glut-DACH2-1",0.552301874504673
"SN239_TAGCACAGTAGAGGAA","Ex_DACH2_RORB","Glut-DACH2-3",0.546792969809253
"SN239_TTGGATGAGATCCAAA","Ex_DACH2_ZMAT4","Glut-DACH2-3",0.610768034177014
"SN239_TGAATCGGTACCGGAA","Ex_DACH2_RORB","Glut-DACH2-3",0.55249457965963
"SN239_CGCGTGATCTACGCGG","Ex_DACH2_NR4A3","Glut-DACH2-HVCra-Int",0.343667366834806
"SN239_GATGCTATCTGGGCAC","Ex_DACH2_ADAMTS5","Glut-DACH2-8",0.259577893150379
"SN239_ACGTTCCAGTCGCTAT","Ex_DACH2_CEMIP","Glut-DACH2-6",0.504597032143822
"SN239_ATGCATGGTTGACGGA","Ex_DACH2_RORB","Glut-DACH2-3",0.596931227050281
"SN239_GCTACAACAGCTATTG","Ex_DACH2_RORB","Glut-DACH2-3",0.5647979309154
"SN239_GTTGCTCAGTAGGCCA","Ex_DACH2_RORB","Glut-DACH2-3",0.593956245914316
"SN239_TAATCTCCATTCTGTT","Ex_DACH2_RORB","Glut-DACH2-3",0.709677145544369
"SN239_AAACGCTAGCTGTCCG","Ex_DACH2_GRIK4","Glut-DACH2-1",0.868183033641901
"SN239_AGAAATGAGTAGGCCA","Ex_DACH2_ZMAT4","Glut-DACH2-3",0.561265359420128
"SN239_TCTCACGCATCACGGC","Ex_DACH2_TAC1","Glut-DACH2-3",0.673050542876542
"SN239_TGGGATTTCAATCAGC","Ex_DACH2_TAC1","Glut-DACH2-3",0.67650621514237
"SN239_AACGAAATCGAACGCC","Ex_DACH2_MGAT4C","Glut-DACH2-1",0.532356172815947
"SN239_GTGCTGGGTGTTCCAA","Ex_DACH2_ZMAT4","Glut-DACH2-6",0.270817689744657
"SN239_GGGTGAACAAGTGGCA","Ex_DACH2_GRIK4","Glut-DACH2-1",0.908824484553749
"SN239_GGGAGATAGCATGGGT","Ex_DACH2_RORB","Glut-DACH2-3",0.477317031917211
"SN239_TAGGTACGTCACCGCA","Ex_DACH2_NR4A3","Glut-DACH2-4",0.43269830763285
"SN239_CTGCAGGTCTGGGTCG","Ex_DACH2_SLIT2","Glut-DACH2-3",0.655599959430125
"SN239_GCCAGCACATGACTAC","Ex_DACH2_ZMAT4","Glut-DACH2-3",0.780593524427976
"SN239_GTCTGTCAGCTTTCTT","Ex_DACH2_NR4A3","Glut-DACH2-1",0.785825496248055
"SN239_TGATGGTCACACCTTC","Ex_DACH2_ITGA9","Glut-DACH2-4",0.428964003631173
"SN239_ATGCATGGTAATCAGA","Ex_DACH2_ITGA9","Glut-DACH2-1",0.550955970085248
"SN239_CGGAACCAGGGTACGT","Ex_DACH2_TAC1","Glut-DACH2-3",1
"SN239_GGGACAATCCCATAAG","Ex_DACH2_GRIK4","Glut-DACH2-1",0.473486739684885
"SN239_TGTTCTACATCTTAGG","Ex_DACH2_SLIT2","Glut-DACH2-2",0.470447637227851
"SN239_TTAGGGTAGCTCCGAC","Ex_DACH2_RORB","Glut-DACH2-3",0.563940784184961
"SN239_GCGAGAATCCGATAGT","Ex_DACH2_RORB","Glut-DACH2-3",0.45179574366513
"SN239_AACCACAAGAAACCCG","Ex_DACH2_LHX2","Glut-DACH2-1",0.508906827501803
"SN239_ACCTGAAAGCACCTGC","Ex_DACH2_RORB","Glut-DACH2-3",0.654837876982807
"SN239_GGTCTGGGTTCCACGG","Ex_DACH2_GRIK4","Glut-DACH2-1",0.908345037126728
"SN239_CAATACGTCTTTCTAG","Ex_DACH2_RORB","Glut-DACH2-3",0.593997663861973
"SN239_CGGGCATCAAGCTACT","Ex_DACH2_RORB","Glut-DACH2-3",0.664056424508293
"SN239_GACAGCCAGTGGCCTC","Ex_DACH2_GRIK4","Glut-DACH2-1",0.566448024664197
"SN239_GGGTATTTCAGCATTG","Ex_DACH2_ADAMTS5","Glut-DACH2-1",0.614823426868806
"SN239_TCTCCGACAGAGGCTA","Ex_DACH2_LUZP2","Glut-DACH2-2",0.648388388073865
"SN239_TGCAGTAGTCGCCACA","Ex_DACH2_ITGA9","Glut-DACH2-4",0.317985031353245
"SN239_ACGGTCGAGCAGCGAT","Ex_DACH2_RORB","Glut-DACH2-3",0.654725802802279
"SN239_TTTGACTGTAACGATA","Ex_DACH2_MGAT4C","Glut-DACH2-1",0.55728021456001
"SN239_AGAAGTATCGTTTACT","Ex_DACH2_RORB","Glut-DACH2-3",0.437463465506221
"SN239_ACATCGATCAGTCTTT","Ex_DACH2_ITGA9","Glut-DACH2-1",0.609894138717139
"SN239_ATGGGTTCATGGCGCT","Ex_DACH2_RORB","Glut-DACH2-3",0.485160655045446
"SN239_CCACGAGCATGACTTG","Ex_DACH2_TAC1","Glut-DACH2-3",0.872619643522505
"SN239_TCATCCGTCCTCAGGG","Ex_DACH2_ZMAT4","Glut-DACH2-8",0.429312152427487
"SN239_ATATCCTGTTTCGTAG","Ex_DACH2_ADAMTS5","Glut-DACH2-7",0.535853818830834
"SN239_GATCGTAAGCATCTTG","Ex_DACH2_NR4A3","Glut-DACH2-1",0.776849933982311
"SN239_CTTCCGACAAAGAACT","Ex_DACH2_GRIK4","Glut-DACH2-1",0.653868710679064
"SN239_AATGAAGCACTTACAG","Ex_DACH2_RORB","Glut-DACH2-3",0.546336073174168
"SN239_AAAGTCCTCACACCGG","Ex_DACH2_TAC1","Glut-DACH2-3",0.829004377896571
"SN239_TAGATCGAGGATATAC","Ex_DACH2_LHX2","Glut-DACH2-2",0.491285016906083
"SN239_GACAGCCTCACCTCTG","Ex_DACH2_TAC1","Glut-DACH2-3",0.681199316719589
"SN239_GTTCGCTAGTTGAAAC","Ex_DACH2_ADAMTS5","Glut-DACH2-5",0.390014463584253
"SN239_CACTAAGGTAACATGA","Ex_DACH2_SLIT2","Glut-DACH2-3",0.570243380935149
"SN239_AGTACTGGTAATGCTC","Ex_DACH2_ITGA9","Glut-DACH2-HVCra-Int",0.294716769255247
"SN239_TTACGTTCACAGACGA","Ex_DACH2_SLIT2","Glut-DACH2-3",0.909659563540784
"SN239_TGTGGCGCATTACGGT","Ex_DACH2_RORB","Glut-DACH2-3",0.511236135907136
"SN239_ACGATCACAGGCTATT","Ex_DACH2_RORB","Glut-DACH2-3",0.452331860538232
"SN239_ACAGAAACAGGCGAAT","Ex_DACH2_GRIK4","Glut-DACH2-7",0.495430622915135
"SN239_CTGTAGATCGCATAGT","Ex_DACH2_ZMAT4","Glut-DACH2-3",0.549183964516378
"SN239_GTCAAACCAAGCTCTA","Ex_DACH2_MGAT4C","Glut-DACH2-1",0.82023918290822
"SN239_CTAACTTAGAAATTGC","Ex_DACH2_ZMAT4","Glut-DACH2-6",0.468780730855551
"SN239_GAATCGTTCTAGCAAC","Ex_DACH2_SLIT2","Glut-DACH2-3",0.922509729533393
"SN239_TCACTATCACTTGAGT","Ex_DACH2_ZMAT4","Glut-DACH2-3",0.769571335020192
"SN239_TCTGTCGCAAATGGTA","Ex_DACH2_RORB","Glut-DACH2-3",0.522703857763911
"SN239_AGATCGTCATAGTCGT","Ex_DACH2_RORB","Glut-DACH2-3",0.512454936816168
"SN239_GGCACGTAGTTTGAGA","Ex_DACH2_SLIT2","Glut-DACH2-1",0.401218670060179
"SN239_GTAGAAACACACAGCC","Ex_DACH2_RORB","Glut-DACH2-3",0.439242184286838
"SN239_TGTCCTGGTTGATGTC","Ex_DACH2_ZMAT4","Glut-DACH2-3",0.617861085127141
"SN239_CATGGTATCGGATAAA","Ex_DACH2_ADAMTS5","Glut-DACH2-5",0.61637254429518
"SN239_TGCGACGAGGCACTAG","Ex_DACH2_ZMAT4","Glut-DACH2-3",0.75746373343855
"SN239_CCCTGATTCTTTCAGT","Ex_DACH2_RORB","Glut-DACH2-3",0.651562964886932
"SN239_CTCCGATCAGGTGACA","Ex_DACH2_RORB","Glut-DACH2-3",0.528502563729112
"SN239_ACCAAACTCTGGCCAG","Ex_DACH2_GRIK4","Glut-DACH2-1",0.524178862588553
"SN239_ACGTAGTTCCTAGCTC","Ex_DACH2_GRIK4","Glut-DACH2-1",0.332049379373877
"SN239_ACTGTCCTCGACGTCG","Ex_DACH2_MGAT4C","Glut-DACH2-1",0.785023565761334
"SN239_TATCTTGTCAGTCATG","Ex_DACH2_ADAMTS5","Glut-DACH2-7",0.670569048132196
"SN239_TCGTCCATCAGTCTTT","Ex_DACH2_ZMAT4","Glut-DACH2-3",0.975158619694279
"SN239_TACCGAAGTTATGACC","Ex_DACH2_SLIT2","Glut-DACH2-1",0.554819206270916
"SN239_GGCACGTTCTTGGGCG","Ex_DACH2_NR4A3","Glut-DACH2-1",0.627137712566063
"SN239_AGATGCTCAAATGAGT","Ex_DACH2_CEMIP","Glut-DACH2-3",0.530597264750893
"SN239_CCTAAGATCTGATGGT","Ex_DACH2_RORB","Glut-DACH2-3",0.541447211266759
"SN239_AAAGGATCAAATTGGA","Ex_DACH2_RORB","Glut-DACH2-3",0.58982226298418
"SN239_TGTTGAGAGGATTTAG","Ex_DACH2_SLIT2","Glut-DACH2-3",1
"SN239_GGTGGCTCATAGAGGC","Ex_DACH2_RORB","Glut-DACH2-3",0.515399844023013
"SN239_AGGAATAGTCAGGAGT","Ex_DACH2_RORB","Glut-DACH2-3",0.507056479254218
"SN239_TGGGCTGCACCAGCTG","Ex_DACH2_MGAT4C","Glut-DACH2-1",0.498249391494894
"SN239_TTTCGATCAGGTCTCG","Ex_DACH2_ADAMTS5","Glut-DACH2-5",0.531775357873548
"SN239_TTGGGTACATCAGCTA","Ex_DACH2_RORB","Glut-DACH2-3",0.495287973055503
"SN239_AAGAACATCCGTGGGT","Ex_DACH2_MGAT4C","Glut-DACH2-1",0.755343470905767
"SN239_TGTCCACCAACTTGGT","Ex_DACH2_GRIK4","Glut-DACH2-7",0.384432298343888
"SN239_TGTTTGTGTTCCGCGA","Ex_DACH2_RORB","Glut-DACH2-3",0.556088726621247
"SN239_TCCGAAAGTGAACTAA","Ex_DACH2_ITGA9","Glut-DACH2-4",0.334213976439881
"SN239_GCGGATCAGAGCCGTA","Ex_DACH2_ZMAT4","Glut-DACH2-3",0.827380135173682
"SN239_GTTGTGACACAGCTTA","Ex_DACH2_SLIT2","Glut-DACH2-3",1
"SN239_AATGGCTAGCGTATAA","Ex_DACH2_MGAT4C","Glut-DACH2-1",0.944761030436208
"SN239_AAGGTAAGTAGATTGA","Ex_DACH2_MGAT4C","Glut-DACH2-4",0.412351338532209
"SN239_CATGGATGTGGGCTCT","Ex_DACH2_RORB","Glut-DACH2-3",0.542612443384475
"SN239_TCGACCTTCTACTATC","Ex_DACH2_NR4A3","Glut-DACH2-1",0.657894886376003
"SN239_TGCGGCAAGGGTCACA","Ex_DACH2_ZMAT4","Glut-DACH2-3",0.537974331037254
"SN239_AATCACGAGGAGTACC","Ex_DACH2_ITGA9","Glut-DACH2-1",0.482380463639008
"SN239_AAGATAGAGGCCCACT","Ex_DACH2_RORB","Glut-DACH2-3",0.594533190333536
"SN239_TCGGGTGGTGGTCCCA","Ex_DACH2_GRIK4","Glut-DACH2-1",0.64127527551187
"SN239_TCTTAGTGTGCTGATT","Ex_DACH2_NR4A3","Glut-DACH2-HVCra-Int",0.410644498914416
"SN239_ATCGTCCTCAGCTTGA","Ex_DACH2_RORB","Glut-DACH2-3",0.636182090888114
"SN239_TACACCCGTCGGTGAA","Ex_DACH2_ZMAT4","Glut-DACH2-8",0.561431881386792
"SN239_TTTGTTGAGAACCCGA","Ex_DACH2_ZMAT4","Glut-DACH2-3",0.883688953805835
"SN239_ACGCACGCAATTTCGG","Ex_DACH2_RORB","Glut-DACH2-3",0.497383038466695
"SN239_CCAAGCGGTAACAAGT","Ex_DACH2_ZMAT4","Glut-DACH2-3",0.863266134145831
"SN239_GACTCTCAGTCAGAGC","Ex_DACH2_SLIT2","Glut-DACH2-3",0.782296071177163
"SN239_CTAGGTATCAAATGAG","Ex_DACH2_RORB","Glut-DACH2-3",0.506843815137354
"SN239_CGTTGGGGTTAAGACA","Ex_DACH2_TAC1","Glut-DACH2-3",0.614967601441691
"SN239_TCTTTGATCTCTTCAA","Ex_DACH2_RORB","Glut-DACH2-3",0.425045241550463
"SN239_TAGTGCAGTATCCTCC","Ex_DACH2_RORB","Glut-DACH2-3",0.492411824640047
"SN239_CTGCATCGTGGCCTCA","Ex_DACH2_NR4A3","Glut-DACH2-1",0.601275691354682
"SN239_ATGTCCCGTATGAGCG","Ex_DACH2_ITGA9","Glut-DACH2-3",0.659582678400957
"SN239_TACCCGTAGAGTAACT","Ex_DACH2_RORB","Glut-DACH2-3",0.60535041747788
"SN239_GGAAGTGTCGGAAGGT","Ex_DACH2_SLIT2","Glut-DACH2-3",0.956078976189739
"SN239_ATGTCCCAGATGATTG","Ex_DACH2_TAC1","Glut-DACH2-4",0.270419206766432
"SN239_CACCAAATCGCTTAAG","Ex_DACH2_ITGA9","Glut-DACH2-HVCra-Int",0.318351313812118
"SN239_ATCCGTCCAACTCATG","Ex_DACH2_MGAT4C","Glut-DACH2-1",0.369799262577834
"SN239_TAGGAGGAGTCTTGGT","Ex_DACH2_ADAMTS5","Glut-DACH2-5",0.707594224261891
"SN239_GTTATGGGTCGGCCTA","Ex_DACH2_RORB","Glut-DACH2-3",0.550481580085339
"SN239_TAGGTACTCAGGCGAA","Ex_DACH2_ADAMTS5","Glut-DACH2-7",0.648982187151232
"SN239_AGAGCAGTCATGGGAG","Ex_DACH2_RORB","Glut-DACH2-3",0.614780974053922
"SN239_TTGTGGATCCCGATCT","Ex_DACH2_RORB","Glut-DACH2-3",0.744701196863679
"SN239_TGGGAAGTCTAGTACG","Ex_DACH2_SLIT2","Glut-DACH2-3",0.974658425456921
"SN239_GTCATCCCATATCTCT","Ex_DACH2_LHX2","Glut-DACH2-2",0.290465494511572
"SN239_CAGTTAGAGGAGGTTC","Ex_DACH2_SLIT2","Glut-DACH2-3",1
"SN239_CACGTGGGTCCATACA","Ex_DACH2_SLIT2","Glut-DACH2-4",0.383597084252067
"SN239_GGGATCCAGAGCAACC","Ex_DACH2_TAC1","Glut-DACH2-3",0.974226405508009
"SN239_TCTCCGAGTAGGTAGC","Ex_DACH2_NR4A3","Glut-DACH2-1",0.553885310116687
"SN239_CTGGCAGCACACCGCA","Ex_DACH2_GRIK4","Glut-DACH2-1",0.468559554258539
"SN239_GTAGTACCAAGAAACT","Ex_DACH2_RORB","Glut-DACH2-3",0.612201070208053
"SN239_TAGGAGGTCATCACCC","Ex_DACH2_RORB","Glut-DACH2-8",0.429820434160774
"SN239_CTCAATTAGCTGCCAC","Ex_DACH2_ZMAT4","Glut-DACH2-6",0.4293509159446
"SN239_ATCGATGGTCACAGAG","Ex_DACH2_TAC1","Glut-DACH2-4",0.49417787651877
"SN239_TGGGATTTCTGGTGGC","Ex_DACH2_SLIT2","Glut-DACH2-3",0.99347334954522
"SN239_GTCACTCCAGGTTCGC","Ex_DACH2_RORB","Glut-DACH2-3",0.622113537163787
"SN239_CTGGACGTCACCTGGG","Ex_DACH2_ZMAT4","Glut-DACH2-8",0.923489843317844
"SN239_GATAGCTTCTCCAATT","Ex_DACH2_ZMAT4","Glut-DACH2-3",0.479508315704073
"SN239_CTGTGGGCACACCAGC","Ex_DACH2_MGAT4C","Glut-DACH2-1",0.918283646978557
"SN239_GACGTTAAGCATAGGC","Ex_DACH2_RORB","Glut-DACH2-3",0.575503989159862
"SN239_AGGACTTTCCGATAAC","Ex_DACH2_ZMAT4","Glut-DACH2-3",0.904537732776199
"SN239_TGTCCACCACCGGTCA","Ex_DACH2_RORB","Glut-DACH2-3",0.471344541550263
"SN239_GTGCAGCGTTTACACG","Ex_DACH2_RORB","Glut-DACH2-3",0.655706156786692
"SN239_TGGGAAGCATGTCAGT","Ex_DACH2_ZMAT4","Glut-DACH2-3",0.963567718215872
"SN239_GCGGAAAGTCCATCTC","Ex_DACH2_TAC1","Glut-DACH2-3",0.763593559811844
"SN239_GTCACGGAGGCCATAG","Ex_DACH2_ITGA9","Glut-DACH2-7",0.46858989561109
"SN239_GTAATGCCAAGAAACT","Ex_DACH2_RORB","Glut-DACH2-3",0.346801518100662
"SN239_AGGTGTTAGTGAGGTC","Ex_DACH2_RORB","Glut-DACH2-3",0.577612044973698
"SN239_GAGTCTAGTCTTCTAT","Ex_DACH2_TAC1","Glut-DACH2-3",0.663486131403422
"SN239_TGCACGGTCGACGTCG","Ex_DACH2_ZMAT4","Glut-DACH2-8",0.478566594838177
"SN239_GTGGTTATCAAGAGTA","Ex_DACH2_RORB","Glut-DACH2-3",0.578113568198942
"SN239_TTCAATCAGAATTCAG","Ex_DACH2_ZMAT4","Glut-DACH2-3",0.571016534459339
"SN239_CCACTTGAGTCTGGAG","Ex_DACH2_TAC1","Glut-DACH2-3",0.797179920099073
"SN239_TCGTCCAGTTTGGAAA","Ex_DACH2_RORB","Glut-DACH2-3",0.447921873658409
"SN239_GATGGAGAGCAGTCTT","Ex_DACH2_RORB","Glut-DACH2-3",0.574363729839071
"SN239_CCTCAACTCCGGCTTT","Ex_DACH2_ZMAT4","Glut-DACH2-8",0.573459916323742
"SN239_ACTGATGCAGCATACT","Ex_DACH2_RORB","Glut-DACH2-3",0.618761018520963
"SN239_AAAGGATCATGTCGTA","Ex_DACH2_MGAT4C","Glut-DACH2-1",0.68806792000113
"SN239_GGTAATCAGAGAGCAA","Ex_DACH2_ZMAT4","Glut-DACH2-3",0.534513418924304
"SN239_GTCACTCAGATGACCG","Ex_DACH2_ITGA9","Glut-DACH2-7",0.517991219207985
"SN239_GGGTAGAAGGTTGCCC","Ex_DACH2_ZMAT4","Glut-DACH2-1",0.565072878528154
"SN239_TCCTCCCAGAGAGGTA","Ex_DACH2_ITGA9","Glut-DACH2-1",0.213793152926533
"SN239_ACTTAGGTCACGAACT","Ex_DACH2_NR4A3","Glut-DACH2-1",0.28943742447954
"SN239_CGGCAGTGTGGCTGCT","Ex_DACH2_ZMAT4","Glut-DACH2-8",0.797882371338796
"SN239_TTCAGGACAGAGTCAG","Ex_DACH2_LHX2","Glut-DACH2-2",0.456851140901847
"SN239_GGGATGATCGCCAACG","Ex_DACH2_ADAMTS5","Glut-DACH2-5",0.531743688607658
"SN239_GCCGTGACAGACCTGC","Ex_DACH2_RORB","Glut-DACH2-3",0.51764237873391
"SN239_TGACTCCAGTGTGTTC","Ex_DACH2_ADAMTS5","Glut-DACH2-7",0.663806898866733
"SN239_GCATCGGTCGTGGACC","Ex_DACH2_RORB","Glut-DACH2-3",0.710008247652738
"SN239_AATGACCCAAGTCATC","Ex_DACH2_ITGA9","Glut-DACH2-3",0.427929204769702
"SN239_CATGGTACAATTGCGT","Ex_DACH2_LHX2","Glut-DACH2-2",0.423523745742643
"SN239_TTGGTTTTCGATTGGT","Ex_DACH2_LUZP2","Glut-DACH2-2",0.510501039476974
"SN239_GTGACGCCATGTAACC","Ex_DACH2_SLIT2","Glut-DACH2-3",1
"SN239_ATGCCTCCAGGTGTTT","Ex_DACH2_ITGA9","Glut-DACH2-1",0.302841172368319
"SN239_CGTTAGACAACACAGG","Ex_DACH2_LHX2","Glut-DACH2-2",0.605062655555561
"SN239_AGGACTTAGAGACAAG","Ex_DACH2_RORB","Glut-DACH2-3",0.556303047484283
"SN239_CACGTGGAGTTGGAAT","Ex_DACH2_ZMAT4","Glut-DACH2-3",0.952378954619475
"SN239_ATCTCTACAATTGAGA","Ex_DACH2_NR4A3","Glut-DACH2-5",0.620085851603461
"SN239_TACTGCCCAGTAGGAC","Ex_DACH2_RORB","Glut-DACH2-3",0.68729862633436
"SN239_TCAGGTAGTGCCTACG","Ex_DACH2_TAC1","Glut-DACH2-3",0.968744011896384
"SN239_GTAGGTTGTTTATGCG","Ex_DACH2_RORB","Glut-DACH2-3",0.677795345354102
"SN239_CGAGGAAAGTAGTCCT","Ex_DACH2_ADAMTS5","Glut-DACH2-7",0.738999100959532
"SN239_ATCGATGTCATGCGGC","Ex_DACH2_ADAMTS5","Glut-DACH2-7",0.454515339278531
"SN239_TTGGTTTGTTGCCATA","Ex_DACH2_LHX2","Glut-DACH2-5",0.425974498973952
"SN239_TCGACGGTCGGCATCG","Ex_DACH2_ZMAT4","Glut-DACH2-3",0.761320565810918
"SN239_TTTACGTCATCCTGTC","Ex_DACH2_SLIT2","Glut-DACH2-1",0.753058341089362
"SN239_TTTGATCAGTGGCAGT","Ex_DACH2_MGAT4C","Glut-DACH2-1",0.389462726341621
"SN239_TTACGCCAGTGAGTGC","Ex_DACH2_RORB","Glut-DACH2-3",0.646868736664376
"SN239_TGCGATATCACAAGAA","Ex_DACH2_TAC1","Glut-DACH2-3",0.766104551907828
"SN239_TTTAGTCCATAAGCGG","Ex_DACH2_LHX2","Glut-DACH2-1",0.780041755588693
"SN239_ATTCTTGTCCGCATAA","Ex_DACH2_LHX2","Glut-DACH2-2",0.547591963237804
"SN239_CTGGCAGTCCGTTGGG","Ex_DACH2_ITGA9","Glut-DACH2-4",0.754359893735905
"SN239_TAAGCGTTCCTACGGG","Ex_DACH2_RORB","Glut-DACH2-3",0.450265607152491
"SN239_GCTACAATCTAGCATG","Ex_DACH2_LHX2","Glut-DACH2-2",0.464251267601359
"SN239_ATTCGTTGTAGGACCA","Ex_DACH2_ADAMTS5","Glut-DACH2-1",0.345642559765191
"SN239_GAAATGAAGCGTGTTT","Ex_DACH2_CEMIP","Glut-DACH2-3",0.504795075219672
"SN239_GCTACCTGTATGAGCG","Ex_DACH2_ZMAT4","Glut-DACH2-8",0.385566041499607
"SN239_ATACCGAAGACCCGCT","Ex_DACH2_NR4A3","Glut-DACH2-1",0.782539873220529
"SN239_TCGCAGGGTGTAGCAG","Ex_DACH2_RORB","Glut-DACH2-3",0.452576521679808
"SN239_CTTGATTCAGACGCTC","Ex_DACH2_RORB","Glut-DACH2-3",0.578628327029939
"SN239_ATGAGTCGTCTAACGT","Ex_DACH2_RORB","Glut-DACH2-3",0.611084531559237
"SN239_AGAACCTAGCACTCAT","Ex_DACH2_SLIT2","Glut-DACH2-1",0.452602239673759
"SN239_GAGACTTAGTTGAAGT","Ex_DACH2_RORB","Glut-DACH2-3",0.584495834271147
"SN239_TCTTAGTCAAGCGATG","Ex_DACH2_ZMAT4","Glut-DACH2-7",0.351636144516328
"SN239_TTTGGAGGTGCCTAAT","Ex_DACH2_MGAT4C","Glut-DACH2-2",0.34909316946649
"SN239_AATGAAGAGGAACATT","Ex_DACH2_NR4A3","Glut-DACH2-1",0.644271088695109
"SN239_AGAAGTAAGGGCAGGA","Ex_DACH2_RORB","Glut-DACH2-3",0.483171611094035
"SN239_ATTACTCGTGGTTTAC","Ex_DACH2_NR4A3","Glut-DACH2-7",0.771647605055371
"SN239_CAATCGAGTAACCCTA","Ex_DACH2_LHX2","Glut-DACH2-2",0.570247317314958
"SN239_GCCCAGATCGCAAGAG","Ex_DACH2_SLIT2","Glut-DACH2-3",0.98227015754099
"SN239_AGGGTCCCACACGGAA","Ex_DACH2_ITGA9","Glut-DACH2-4",0.390772697906266
"SN239_CGAGTGCAGTGGCCTC","Ex_DACH2_NR4A3","Glut-DACH2-1",0.566158969601399
"SN239_AGACAGGAGTACGAGC","Ex_DACH2_SLIT2","Glut-DACH2-3",1
"SN239_ACTTCGCGTCACGTGC","Ex_DACH2_SLIT2","Glut-DACH2-3",0.999999999999999
"SN239_AGACCATAGTTGTAAG","Ex_DACH2_GRIK4","Glut-DACH2-HVCx",0.222388020979473
"SN239_TCACGCTCACACTTAG","Ex_DACH2_LHX2","Glut-DACH2-1",0.45204675483823
"SN239_TCCGTGTGTCGCGGTT","Ex_DACH2_ADAMTS5","Glut-DACH2-5",0.453032266451433
"SN239_TTCGCTGAGTCTGGAG","Ex_DACH2_ITGA9","Glut-DACH2-7",0.532223822543963
"SN239_CAGTGCGGTTGCGAAG","Ex_DACH2_MGAT4C","Glut-DACH2-5",0.549924929504304
"SN239_ATCCATTGTTGGGAAC","Ex_DACH2_ZMAT4","Glut-DACH2-7",0.340843927804582
"SN239_ACGGTTAAGCGCACAA","Ex_DACH2_LHX2","Glut-DACH2-2",0.476565031750404
"SN239_CATTCTAGTGTCGATT","Ex_DACH2_ADAMTS5","Glut-DACH2-7",0.445084410250378
"SN239_TCTTCCTTCCTGTAGA","Ex_DACH2_SLIT2","Glut-DACH2-1",0.334822966991625
"SN239_TCGGATAAGCATACTC","Ex_DACH2_ADAMTS5","Glut-DACH2-7",0.786477921857849
"SN239_GAGTGAGGTCCTGTTC","Ex_DACH2_GRIK4","Glut-DACH2-1",0.64375087472347
"SN239_GGAATGGGTGTATTCG","Ex_DACH2_ZMAT4","Glut-DACH2-3",0.777124958265812
"SN239_TAGCACACATGCCGAC","Ex_DACH2_SLIT2","Glut-DACH2-3",0.928631958388048
"SN239_GGTGGCTGTTGACTGT","Ex_DACH2_RORB","Glut-DACH2-3",0.559318780693029
"SN239_GGCGTCATCAAGAGTA","Ex_DACH2_ADAMTS5","Glut-DACH2-5",0.497436052723023
"SN239_ATAGGCTAGCCAAGTG","Ex_DACH2_SLIT2","Glut-DACH2-3",0.996909859054586
"SN239_AATAGAGAGAGTGGCT","Ex_DACH2_ADAMTS5","Glut-DACH2-5",0.453173368271192
"SN239_AAATGGATCGTCAACA","Ex_DACH2_MGAT4C","Glut-DACH2-7",0.401293066515243
"SN239_CTCAAGACAAGAGGCT","Ex_DACH2_TAC1","Glut-DACH2-3",0.456077747277564
"SN239_AGGTCTACAGAGATGC","Ex_DACH2_RORB","Glut-DACH2-3",0.442329997758459
"SN239_GTGCTGGGTTCTCCAC","Ex_DACH2_LHX2","Glut-DACH2-1",0.611028579841936
"SN239_TCTATCAAGGAGGGTG","Ex_DACH2_ZMAT4","Glut-DACH2-3",0.784681494611658
"SN239_GTCATGACATCTCAAG","Ex_DACH2_MGAT4C","Glut-DACH2-1",0.762248122678689
"SN239_CACGGGTGTGCTCGTG","Ex_DACH2_MGAT4C","Glut-DACH2-HVCra-Int",0.275914608046898
"SN239_ACAACCACACCGCTAG","Ex_DACH2_GRIK4","Glut-DACH2-1",0.5614107893809
"SN239_GAGGCCTAGGCTCAAG","Ex_DACH2_MGAT4C","Glut-DACH2-1",0.451833619702847
"SN239_GTGGCGTAGTGTCATC","Ex_DACH2_ZMAT4","Glut-DACH2-8",0.702377088760071
"SN239_ATGGGAGTCAAACGAA","Ex_DACH2_RORB","Glut-DACH2-3",0.773604298968348
"SN239_TCACAAGGTGAGTAGC","Ex_DACH2_ADAMTS5","Glut-DACH2-5",0.570340905117756
"SN239_GATGAGGCACGTACAT","Ex_DACH2_RORB","Glut-DACH2-3",0.648120029014537
"SN239_AACGTCACAAGATGGC","Ex_DACH2_LHX2","Glut-DACH2-2",0.622098035428861
"SN239_TCTGTCGTCATTTGGG","Ex_DACH2_ZMAT4","Glut-DACH2-3",0.877814259061677
"SN239_GGTCACGTCTGAGTCA","Ex_DACH2_NR4A3","Glut-DACH2-1",0.850133309933071
"SN239_TGGAACTTCGCCTAGG","Ex_DACH2_NR4A3","Glut-DACH2-1",0.513436087395219
"SN239_GTAGATCCAGGGAGAG","Ex_DACH2_MGAT4C","Glut-DACH2-1",0.49647376265708
"SN239_TTCGGTCTCACGTCCT","Ex_DACH2_SLIT2","Glut-DACH2-1",0.585929939569597
"SN239_CAGAGCCGTCGAATGG","Ex_DACH2_ZMAT4","Glut-DACH2-6",0.315778883619264
"SN239_TGCACGGAGGTAGATT","Ex_DACH2_ADAMTS5","Glut-DACH2-7",0.555212701386359
"SN239_GGAGGATCACTAGGCC","Ex_DACH2_ZMAT4","Glut-DACH2-8",0.292027997592299
"SN239_CTCTCGAGTCGAAGCA","Ex_DACH2_RORB","Glut-DACH2-3",0.572471468220494
"SN239_GTTACGATCTCGTTTA","Ex_DACH2_MGAT4C","Glut-DACH2-2",0.423388197841446
"SN239_CGAGAAGGTATTCTCT","Ex_DACH2_LHX2","Glut-DACH2-1",0.49158721974847
"SN239_GTCGCGAGTTAGTCGT","Ex_DACH2_MGAT4C","Glut-DACH2-2",0.217687669496129
"SN239_GGAGATGCAAGGACAC","Ex_DACH2_MGAT4C","Glut-DACH2-7",0.345343091299694
"SN239_ACGGTCGAGTCATAGA","Ex_DACH2_GRIK4","Glut-DACH2-1",0.576130719291813
"SN239_TCACAAGAGAATCGCG","Ex_DACH2_ADAMTS5","Glut-DACH2-7",0.587550693098877
"SN239_TGTGTGATCTCATTGT","Ex_DACH2_ADAMTS5","Glut-DACH2-7",0.436779860764965
"SN239_GTCTCACAGGTCATCT","Ex_DACH2_SLIT2","Glut-DACH2-3",0.631474843579851
"SN239_TCATGCCGTAAGCTCT","Ex_DACH2_GRIK4","Glut-DACH2-1",0.862887360334775
"SN239_AAGTTCGAGTCTGTAC","Ex_DACH2_RORB","Glut-DACH2-3",0.712260551068064
"SN239_AGAAATGAGTCTAGCT","Ex_DACH2_RORB","Glut-DACH2-3",0.541198236147423
"SN239_CTATCTAAGTGCTCGC","Ex_DACH2_CEMIP","Glut-DACH2-6",0.728616151478622
"SN239_TTCCTCTTCTGTTGGA","Ex_DACH2_NR4A3","Glut-DACH2-7",0.44668425816631
"SN239_GTTCCGTGTCCCTAAA","Ex_DACH2_MGAT4C","Glut-DACH2-1",0.602810704483893
"SN239_TGAACGTCACAATCTG","Ex_DACH2_ITGA9","Glut-DACH2-1",0.818196876559368
"SN239_ATCCTATCACGGCTAC","Ex_DACH2_GRIK4","Glut-DACH2-1",0.65677299631198
"SN239_TGCGACGGTAGTAAGT","Ex_DACH2_LHX2","Glut-DACH2-2",0.65460596655138
"SN239_ACGTCCTTCGCGCTGA","Ex_DACH2_LHX2","Glut-DACH2-5",0.407247054760492
"SN239_CCTAACCTCCCTCGTA","Ex_DACH2_GRIK4","Glut-DACH2-1",0.72570439127662
"SN239_GGAATGGGTATCTTCT","Ex_DACH2_MGAT4C","Glut-DACH2-2",0.457717458416482
"SN239_TCGGTCTAGATAACAC","Ex_DACH2_ADAMTS5","Glut-DACH2-1",0.426487105120693
"SN239_ATCACTTGTGATCGTT","Ex_DACH2_SLIT2","Glut-DACH2-3",0.842738655218703
"SN239_GGGTCTGAGTAGAATC","Ex_DACH2_SLIT2","Glut-DACH2-3",0.889424800746507
"SN239_TCGACCTCACAAATGA","Ex_DACH2_LHX2","Glut-DACH2-2",0.516426251754881
"SN239_TGTGATGGTTCGGCCA","Ex_DACH2_SLIT2","Glut-DACH2-1",0.597780279708965
"SN239_CTGTCGTAGTGAGTGC","Ex_DACH2_ADAMTS5","Glut-DACH2-5",0.430159409510326
"SN239_AAGAACAGTGTCGATT","Ex_DACH2_SLIT2","Glut-DACH2-3",0.881563093883964
"SN239_CTGTCGTGTATGTCCA","Ex_DACH2_NR4A3","Glut-DACH2-4",0.333864768599039
"SN239_CGTCAAATCTCGTTTA","Ex_DACH2_LHX2","Glut-DACH2-1",0.474744341878779
"SN239_CGTAAGTTCGTACACA","Ex_DACH2_SLIT2","Glut-DACH2-3",0.911173698396298
"SN239_CAGCGTGCACTCTCGT","Ex_DACH2_GRIK4","Glut-DACH2-1",0.870815970297137
"SN239_ATCATTCTCATCCTAT","Ex_DACH2_GRIK4","Glut-DACH2-1",0.560265935378234
"SN239_ATCGGCGGTTTAGACC","Ex_DACH2_ZMAT4","Glut-DACH2-3",0.508992766725994
"SN239_AGATAGAGTTGTCATG","Ex_DACH2_GRIK4","Glut-DACH2-2",0.486983857516954
"SN239_CTGCTCACAATGCTCA","Ex_DACH2_ZMAT4","Glut-DACH2-3",0.659646145074999
"SN239_CGAGGCTTCTTGGGCG","Ex_DACH2_RORB","Glut-DACH2-3",0.519415811976842
"SN239_TCCATGCTCACCGGGT","Ex_DACH2_RORB","Glut-DACH2-8",0.457687813241974
"SN239_CTACCTGGTCGTCTCT","Ex_DACH2_SLIT2","Glut-DACH2-1",0.656908725394604
"SN239_ACACTGACAGCTTTCC","Ex_DACH2_RORB","Glut-DACH2-3",0.304893038711138
"SN239_ATCACGACAGTATGAA","Ex_DACH2_ZMAT4","Glut-DACH2-3",0.485915291460948
"SN239_GAAGCGAGTGGACTGA","Ex_DACH2_NR4A3","Glut-DACH2-1",0.752029039239529
"SN239_TCGCACTGTGGTCCGT","Ex_DACH2_GRIK4","Glut-DACH2-2",0.657268452683426
"SN239_AAACCCACAAAGGATT","Ex_DACH2_RORB","Glut-DACH2-3",0.399210812739037
"SN254_TGTAAGCGTGAGTTTC","Ex_Pre_SATB2","Glut-CACNA1H-2",0.645746732609117
"SN254_CTGGTCTAGGGACAGG","Ex_Pre_SATB2","Glut-CACNA1H-2",0.384476328941052
"SN254_AACGAAAGTTAGTTCG","Ex_Pre_SATB2","Glut-CACNA1H-3",0.403690945968477
"SN254_TCATTACTCACTCCGT","Ex_Pre_KCNH7","Glut-DACH2-1",0.364897205693362
"SN254_TGGTACACATGTGTCA","Ex_Pre_SATB2","Glut-CACNA1H-2",0.299093313752367
"SN254_ACTCTCGAGGTTGGTG","Ex_Pre_KCNH7","Glut-DACH2-1",0.267743109029457
"SN254_TGACTCCAGGTAGCCA","Ex_Pre_SATB2","Glut-DACH2-2",0.201844914305895
"SN254_TCAGCCTTCATGCTAG","Ex_Pre_SATB2","Glut-CACNA1H-2",0.303427081544301
"SN254_GTCATTTTCTCGACGG","Ex_Pre_SATB2","Glut-CACNA1H-2",0.318681840128181
"SN254_CATTCTAAGCAACTCT","Ex_Pre_KCNH7","Glut-CACNA1H-3",0.186796290831805
"SN254_ATCAGGTTCGAAATCC","Ex_Pre_SATB2","Glut-CACNA1H-2",0.393949715514382
"SN254_TCCGAAAAGGGATCGT","Ex_Pre_SATB2","Glut-CACNA1H-3",0.214020879842515
"SN254_ACGTAACTCATTGGTG","Ex_Pre_KCNH7","Glut-DACH2-HVCx",0.851139514038354
"SN254_ACAGAAACACGGGCTT","Ex_Pre_KCNH7","Glut-DACH2-HVCx",0.532434086332303
"SN254_TGGGATTAGTCGGCCT","Ex_Pre_KCNH7","Glut-CACNA1H-2",0.388856191387164
"SN254_GACCCTTAGACACACG","Ex_Pre_SATB2","Glut-DACH2-2",0.28272012654564
"SN254_TTCTTGAGTTCTTCAT","Ex_Pre_KCNH7","Glut-CACNA1H-3",0.298015882294915
"SN254_TCGCTTGCATGGTACT","Ex_Pre_SATB2","Glut-CACNA1H-2",0.299193733989821
"SN254_CCATCACGTGTCACAT","Ex_Pre_KCNH7","Glut-DACH2-4",0.299962952140985
"SN254_GTGGCGTGTTGTCAGT","Ex_Pre_SATB2","Glut-CACNA1H-2",0.654615608085241
"SN254_ATGAAAGGTGGGTTGA","Ex_Pre_SATB2","Glut-CACNA1H-3",0.54716710767323
"SN254_GGCTGTGCACATTACG","Ex_Pre_KCNH7","Glut-DACH2-6",0.364893794861929
"SN254_TTCTCTCAGGTCCAGA","Ex_Pre_SATB2","Glut-CACNA1H-3",0.441261026652025
"SN254_CTCCCAATCCACATAG","Ex_Pre_KCNH7","Glut-DACH2-4",0.191951290488379
"SN254_ACACCAATCTTGGCTC","Ex_Pre_KCNH7","Glut-DACH2-HVCx",0.668139185629789
"SN254_GTATTGGCAAGGTACG","Ex_Pre_SATB2","Glut-CACNA1H-2",0.312750914326043
"SN254_CTATAGGAGGAATTAC","Ex_Pre_KCNH7","Glut-CACNA1H-3",0.269673024268145
"SN254_CGTTAGAAGCATCCCG","Ex_Pre_KCNH7","Glut-DACH2-HVCx",0.518466835153727
"SN254_CTTCTAAGTGCGTTTA","Ex_Pre_KCNH7","Glut-CACNA1H-3",0.196787685733116
"SN254_TCTCCGATCCAAGAGG","Ex_Pre_SATB2","Glut-CACNA1H-2",0.419855119982066
"SN254_AGCTTCCTCCTTCAGC","Ex_Pre_KCNH7","Glut-DACH2-4",0.209190224237495
"SN254_ATCGTGATCCGAGGCT","Ex_Pre_KCNH7","Glut-CACNA1H-2",0.443434119463641
"SN254_GGTAGAGTCGCAATTG","Ex_Pre_KCNH7","Glut-CACNA1H-2",0.287840718691067
"SN254_ACACCAAGTGTCCAAT","Ex_Pre_KCNH7","Glut-CACNA1H-3",0.276647282793454
"SN254_GGGTATTCATGAATCC","Ex_Pre_KCNH7","Glut-DACH2-HVCra-Int",0.31464485377774
"SN254_ACTGATGTCCGCCTAT","Ex_Pre_KCNH7","Glut-DACH2-2",0.27984898143295
"SN254_TTACTGTAGCTCGTGC","Ex_Pre_KCNH7","Glut-CACNA1H-3",0.225607439916717
"SN254_CCGTGAGAGGTCGAGT","Ex_Pre_KCNH7","Glut-DACH2-4",0.263974936463468
"SN254_ACCACAATCTCGCAGG","Ex_Pre_KCNH7","Glut-CACNA1H-3",0.318454403223351
"SN254_ACATGCAAGAATAACC","Ex_Pre_KCNH7","Glut-DACH2-1",0.436137891597156
"SN254_GTGCTTCAGTGAGGCT","Ex_Pre_KCNH7","Glut-DACH2-6",0.256602555127689
"SN254_TGCCGAGTCCTTGAAG","Ex_Pre_SATB2","Glut-CACNA1H-2",0.236599254436479
"SN254_AGACAAAAGCGTCGAA","Ex_Pre_KCNH7","Glut-DACH2-6",0.375583831389774
"SN254_TCTCTGGCAAATTGGA","Ex_Pre_KCNH7","Glut-DACH2-1",0.413996599673483
"SN254_CCCTTAGTCGAGAGAC","Ex_Pre_KCNH7","Glut-CACNA1H-3",0.276173142872001
"SN254_CAGCACGTCGGCAGTC","Ex_Pre_KCNH7","Glut-DACH2-4",0.30898161377625
"SN254_GGAAGTGGTTACGGAG","Ex_Pre_KCNH7","Glut-DACH2-4",0.526149754247476
"SN254_CTATCCGAGAGTCGAC","Ex_Pre_KCNH7","Glut-CACNA1H-2",0.335669204414836
"SN254_AGAGCAGGTGGCCACT","Ex_Pre_KCNH7","Glut-DACH2-4",0.372412968279474
"SN254_CCAAGCGTCTCTCCGA","Ex_Pre_KCNH7","Glut-CACNA1H-3",0.258557285390558
"SN254_TGTGAGTGTGAAGCTG","Ex_Pre_SATB2","Glut-CACNA1H-2",0.295148312152591
"SN254_AACAGGGCAAAGACTA","Ex_Pre_SATB2","Glut-CACNA1H-3",0.298550339264744
"SN254_CCTCTCCAGAGGCCAT","Ex_Pre_KCNH7","Glut-DACH2-1",0.285006902427781
"SN254_GTGGAAGAGTAATTGG","Ex_Pre_KCNH7","Glut-DACH2-2",0.318957161168008
"SN254_GCGTGCAGTCTCTCAC","Ex_Pre_KCNH7","Glut-CACNA1H-2",0.28505484428578
"SN254_TGTTACTCACTGCTTC","Ex_CACNA1H_LHX9","Glut-CACNA1H-1",0.797219899841554
"SN254_CTCTCGAGTGTGTCGC","Ex_TSHZ2_NR4A2","Glut-CACNA1H-2",0.47341405444247
"SN254_ATCCGTCGTAGGACCA","Ex_CACNA1H_KIT","Glut-CACNA1H-2",0.907072539766605
"SN254_CCCTAACGTCATCGCG","Ex_CACNA1H_LHX9","Glut-CACNA1H-4",0.763825099092071
"SN254_ATCACGAAGTTGCTGT","Ex_CACNA1H_LHX9","Glut-CACNA1H-4",0.512024466835444
"SN254_ATAGAGAGTAGCGCTC","Ex_CACNA1H_PROX1","Glut-CACNA1H-2",0.999120461580487
"SN254_CGGAACCGTACTCGTA","Ex_CACNA1H_KIT","Glut-CACNA1H-1",0.519397940067055
"SN254_ATACCTTGTCCTATAG","Ex_CACNA1H_LHX9","Glut-CACNA1H-4",0.733685637672624
"SN254_CCACGTTCAATGTCAC","Ex_CACNA1H_LHX9","Glut-CACNA1H-4",0.451991381386278
"SN254_TTACTGTAGCATGAAT","Ex_TSHZ2_NR4A2","Glut-CACNA1H-4",0.404406025492837
"SN254_AACCAACGTTGGGAAC","Ex_CACNA1H_LHX9","Glut-CACNA1H-4",0.689636630691187
"SN254_AGTTCCCGTGCAATAA","Ex_TSHZ2_NR4A2","Glut-CACNA1H-1",0.540787130628382
"SN254_AAACGAATCCATTTGT","Ex_CACNA1H_LHX9","Glut-CACNA1H-4",0.709681012373661
"SN254_GTGCGTGGTGACCTGC","Ex_CACNA1H_MCTP2","Glut-CACNA1H-2",1
"SN254_CCTCATGTCGACACCG","Ex_CACNA1H_LHX9","Glut-CACNA1H-4",0.769438889178912
"SN254_TCCTTTCGTGACCGAA","Ex_CACNA1H_PROX1","Glut-CACNA1H-2",0.381241789888712
"SN254_GGGTCACCAGGCAATG","Ex_TSHZ2_NR4A2","Glut-CACNA1H-2",0.4839059413864
"SN254_GGTAACTAGGCATCAG","Ex_CACNA1H_PROX1","Glut-DACH2-2",0.29422971177097
"SN254_TGCAGGCAGGACGGAG","Ex_TSHZ2_NR4A2","Glut-CACNA1H-1",0.781235169150378
"SN254_CTCCATGCAATACGAA","Ex_CACNA1H_PROX1","Glut-CACNA1H-4",0.549621448202371
"SN254_GGCTTGGGTAGCTTAC","Ex_CACNA1H_LHX9","Glut-DACH2-2",0.262247093692794
"SN254_TGGAGGAAGTACAGAT","Ex_CACNA1H_PROX1","Glut-CACNA1H-4",0.698521071136267
"SN254_CCGGACACAACTAGAA","Ex_CACNA1H_PROX1","Glut-CACNA1H-2",0.751984780194407
"SN254_CAAGACTGTCTTACTT","Ex_TSHZ2_NR4A2","Glut-CACNA1H-1",0.767977289948443
"SN254_CTCCGATGTCAGTCGC","Ex_DACH2_ITGA9","Glut-DACH2-4",0.670290193957705
"SN254_TCTAACTTCCTCACTG","Ex_DACH2_CEMIP","Glut-DACH2-6",0.364992460642323
"SN254_GATGTTGGTACTAACC","Ex_BCL6","Glut-DACH2-3",0.809470886463939
"SN254_CTGCCATAGCGCCTCA","Ex_DACH2_CEMIP","Glut-DACH2-8",0.434533377205934
"SN254_TATCAGGTCCAGTTCC","Ex_DACH2_CEMIP","Glut-DACH2-8",0.477848261474088
"SN254_CATGAGTAGGATCACG","Ex_DACH2_SLIT2","Glut-DACH2-3",1
"SN254_CCTCTCCTCCTCACCA","Ex_DACH2_NR4A3","Glut-DACH2-1",0.6408937705501
"SN254_TTCATGTCATCACAGT","Ex_DACH2_LUZP2","Glut-DACH2-3",0.901449389720747
"SN254_CCACCATTCTGTAACG","Ex_DACH2_GRIK4","Glut-DACH2-1",0.472207822711136
"SN254_GTTACAGTCCACCCTA","Ex_DACH2_ITGA9","Glut-DACH2-1",0.352136943052542
"SN254_GACCAATTCACACCCT","Ex_DACH2_ADAMTS5","Glut-DACH2-5",0.497802322365878
"SN254_ATGTCCCAGGGTCACA","Ex_DACH2_ITGA9","Glut-DACH2-1",0.733496961914797
"SN254_AAACCCATCGGACGTC","Ex_DACH2_GRIK4","Glut-DACH2-2",0.512996973377073
"SN254_CTAAGTGGTCTCGCGA","Ex_BCL6","Glut-DACH2-6",0.742695908715594
"SN254_TAATCTCAGACCCTTA","Ex_CACNA1H_MCTP2","Glut-DACH2-2",0.27107094812959
"SN254_TGTACAGCACCTGAAT","Ex_DACH2_SLIT2","Glut-DACH2-3",0.834899266611251
"SN254_TCGCACTGTGGCACTC","Ex_DACH2_ITGA9","Glut-DACH2-4",0.447785414539308
"SN254_ACCCAAAGTCGCTTAA","Ex_DACH2_ZMAT4","Glut-DACH2-3",0.883968986348627
"SN254_GCACTAACACTGTCCT","Ex_DACH2_ITGA9","Glut-DACH2-1",0.363786105096315
"SN254_CCGTAGGCATGTCAGT","Ex_DACH2_SLIT2","Glut-DACH2-3",0.963246782502224
"SN254_AGTCATGGTTGTCCCT","Ex_DACH2_GRIK4","Glut-DACH2-1",0.506192078750905
"SN254_ATTCCATTCTCGTTTA","Ex_DACH2_ZMAT4","Glut-DACH2-3",0.603079262869454
"SN254_CCCTTAGTCCTGGGTG","Ex_DACH2_SLIT2","Glut-DACH2-3",0.989306808889451
"SN254_GCTACCTAGAAACTAC","Ex_DACH2_GRIK4","Glut-DACH2-1",0.91546411196913
"SN254_CCTCATGAGCTCACTA","Ex_DACH2_ZMAT4","Glut-DACH2-3",0.46281233853937
"SN254_ATTGGGTCATGAGAAT","Ex_DACH2_ZMAT4","Glut-DACH2-3",0.65553103910705
"SN254_TCAGTGAAGAATGTTG","Ex_DACH2_ITGA9","Glut-DACH2-1",0.541756224287925
"SN254_CGAGAAGTCGCCATAA","Ex_DACH2_SLIT2","Glut-DACH2-1",0.669789260260209
"SN254_CCGCAAGGTTTCGTTT","Ex_DACH2_ADAMTS5","Glut-DACH2-7",0.75838851226569
"SN254_CGGAATTAGTACAGCG","Ex_DACH2_SLIT2","Glut-DACH2-1",0.4156343827488
"SN254_CCGGACAGTTACCTGA","Ex_DACH2_GRIK4","Glut-DACH2-1",0.799021866888936
"SN254_CTCCGATTCCCTCAAC","Ex_DACH2_GRIK4","Glut-DACH2-1",0.779489807085417
"SN254_ACTGCAATCAGGGATG","Ex_DACH2_ADAMTS5","Glut-DACH2-2",0.560161042799501
"SN254_GCACATACACTCCGGA","Ex_DACH2_SLIT2","Glut-DACH2-3",0.996517915867645
"SN254_CACGTTCAGCCAGAGT","Ex_DACH2_SLIT2","Glut-DACH2-3",0.920430685345468
"SN254_CCTAACCCAAGCACCC","Ex_DACH2_ITGA9","Glut-DACH2-4",0.325634281115748
"SN254_TCAGGGCCATAGTCAC","Ex_CACNA1H_MCTP2","Glut-DACH2-1",0.374468120018148
"SN254_TTCTTCCTCTGGCCAG","Ex_DACH2_LHX2","Glut-DACH2-2",0.573227698557675
"SN254_TTCACGCTCGAATCCA","Ex_DACH2_ZMAT4","Glut-DACH2-3",0.802798052061966
"SN254_CATGAGTAGTCTTGGT","Ex_DACH2_CEMIP","Glut-DACH2-3",0.651610175366756
"SN254_TCATTACCAAGCTGCC","Ex_DACH2_LHX2","Glut-DACH2-1",0.880602288013692
"SN254_GAGAAATGTGTATTCG","Ex_DACH2_TAC1","Glut-DACH2-3",0.53023127400937
"SN254_CTCCTTTGTCATGACT","Ex_CACNA1H_MCTP2","Glut-DACH2-2",0.407568938707761
"SN254_ACGATCAAGGACAGCT","Ex_DACH2_GRIK4","Glut-DACH2-7",0.576345367246979
"SN254_CGGACACTCTAACGCA","Ex_DACH2_RORB","Glut-DACH2-3",0.658827005799706
"SN254_CCACACTTCCATCGTC","Ex_DACH2_MGAT4C","Glut-DACH2-1",0.724638662120997
"SN254_GCTGCAGTCCGTTGAA","Ex_DACH2_ZMAT4","Glut-DACH2-3",0.747316183728957
"SN254_ACCTGTCGTCTTGCTC","Ex_DACH2_ITGA9","Glut-DACH2-LMANsh",0.293972221007764
"SN254_GACATCATCCACAGCG","Ex_DACH2_RORB","Glut-DACH2-3",0.452459351784232
"SN254_TAACACGAGAGGCGTT","Ex_DACH2_GRIK4","Glut-DACH2-1",0.620930926471041
"SN254_GTTGTAGAGATGACAT","Ex_DACH2_ADAMTS5","Glut-DACH2-5",0.451078973059435
"SN254_GTACAACGTGGCGCTT","Ex_DACH2_NR4A3","Glut-DACH2-1",0.412123561962429
"SN254_TGATTCTAGTTGTCAC","Ex_DACH2_ADAMTS5","Glut-DACH2-2",0.367300767603582
"SN254_GTCTACCCACGTATAC","Ex_DACH2_CEMIP","Glut-DACH2-3",0.607722674252405
"SN254_CGTGAATTCACCGCTT","Ex_DACH2_SLIT2","Glut-DACH2-1",0.361944887672219
"SN254_TTCCGGTGTATCCCAA","Ex_CACNA1H_MCTP2","Glut-CACNA1H-2",0.710786311752437
"SN254_TGTCAGAAGGCCTTCG","Ex_DACH2_ADAMTS5","Glut-DACH2-5",0.504449320062048
"SN254_AGGTTGTAGACAGTCG","Ex_DACH2_SLIT2","Glut-DACH2-1",0.427674544453951
"SN254_AGGGTTTTCATACGAC","Ex_DACH2_CEMIP","Glut-DACH2-3",0.791580740625024
"SN254_TCGTCCAAGCTCGACC","Ex_DACH2_SLIT2","Glut-DACH2-4",0.54240362844881
"SN254_TTACTGTGTTCGTACA","Ex_DACH2_RORB","Glut-DACH2-3",0.502475264640307
"SN254_CCCTTAGCATGCACTA","Ex_DACH2_ADAMTS5","Glut-DACH2-7",0.613924950190091
"SN254_GCTTGGGTCACAGTGT","Ex_DACH2_ZMAT4","Glut-DACH2-3",0.376336723412203
"SN254_ACCCTCAGTTGGTGTT","Ex_DACH2_SLIT2","Glut-DACH2-1",0.754609634065085
"SN254_TCGACCTCACAAATGA","Ex_DACH2_ZMAT4","Glut-DACH2-6",0.486012988823449
"SN254_GAATAGAGTTTCAGAC","Ex_DACH2_LHX2","Glut-DACH2-2",0.525221591878585
"SN254_GACATCAGTGTGACCC","Ex_DACH2_CEMIP","Glut-DACH2-3",0.743769976171067
"SN254_GTTGTAGCAAGTATCC","Ex_BCL6","Glut-DACH2-3",0.454450386181332
"SN254_AAACGCTTCTTGCAAG","Ex_DACH2_ZMAT4","Glut-DACH2-3",0.898375932493227
"SN254_CTCATCGGTATGTGTC","Ex_DACH2_SLIT2","Glut-DACH2-3",0.998023780331686
"SN254_TTTAGTCCAGGTCCCA","Ex_BCL6","Glut-DACH2-3",0.919970208678293
"SN254_CAACAGTCACGCAGTC","Ex_DACH2_LHX2","Glut-DACH2-2",0.550551338685539
"SN254_ACATGCACAGAGTTCT","Ex_BCL6","Glut-DACH2-3",0.778515975933913
"SN254_CTGTAGAAGGAACTCG","Ex_DACH2_ITGA9","Glut-DACH2-1",0.534535785113909
"SN254_TGGATGTCACCAGTAT","Ex_DACH2_ADAMTS5","Glut-DACH2-5",0.459396088412322
"SN254_TCGAACAAGGGCCTCT","Ex_DACH2_GRIK4","Glut-DACH2-5",0.427433747719872
"SN254_AGATCGTTCCAGCCTT","Ex_DACH2_ADAMTS5","Glut-DACH2-5",0.672796860454078
"SN254_CGATGGCAGGTCACCC","Ex_DACH2_RORB","Glut-DACH2-3",0.5284111619663
"SN254_CTTGATTTCCCTCGTA","Ex_DACH2_RORB","Glut-DACH2-3",0.72996183284979
"SN254_CATAAGCTCAAACGAA","Ex_DACH2_GRIK4","Glut-DACH2-1",0.445757488538218
"SN254_CTCCTTTAGGAGCTGT","Ex_DACH2_ITGA9","Glut-DACH2-4",0.671855527281681
"SN254_AATCGTGCATATGCGT","Ex_BCL6","Glut-DACH2-3",0.43568561312335
"SN254_CTTCCTTCATGGTACT","Ex_DACH2_NR4A3","Glut-DACH2-1",0.659922187292598
"SN254_GTAAGTCTCGCGATCG","Ex_DACH2_NR4A3","Glut-DACH2-5",0.319830638775374
"SN254_CCGATCTAGATGGGCT","Ex_DACH2_CEMIP","Glut-DACH2-6",0.674034613406386
"SN254_AGAACAAAGCACACCC","Ex_DACH2_ZMAT4","Glut-DACH2-3",0.895666009602963
"SN254_AGTAACCAGTCGAAAT","Ex_DACH2_RORB","Glut-DACH2-3",0.603417772002058
"SN254_GTAGGTTTCGTAGCTA","Ex_CACNA1H_MCTP2","Glut-DACH2-2",0.596474206455995
"SN254_GCGTTTCAGGGAGATA","Ex_DACH2_SLIT2","Glut-DACH2-3",1
"SN254_GGTGTTAGTCCTCCAT","Ex_DACH2_SLIT2","Glut-DACH2-3",0.978957295460474
"SN254_GTCAGCGAGTCCTACA","Ex_CACNA1H_MCTP2","Glut-DACH2-1",0.354132982127774
"SN254_TGGAACTAGTGTTGAA","Ex_DACH2_SLIT2","Glut-DACH2-4",0.334614664844623
"SN254_AATCGACGTACGACAG","Ex_DACH2_GRIK4","Glut-DACH2-1",0.649030015496351
"SN254_TAGACCAAGAGGACTC","Ex_DACH2_GRIK4","Glut-DACH2-5",0.41995345983784
"SN254_AGGCCACGTTCTCCAC","Ex_DACH2_SLIT2","Glut-DACH2-3",0.716141637714267
"SN254_GTATTTCTCTGTGCTC","Ex_DACH2_RORB","Glut-DACH2-3",0.630488750374727
"SN254_TCTTAGTTCCGTTGAA","Ex_CACNA1H_MCTP2","Glut-CACNA1H-2",0.532916308152544
"SN254_TGGGAAGCACCAGGTC","Ex_DACH2_ITGA9","Glut-DACH2-3",0.956569908407775
"SN254_GTTACGACACCCTCTA","Ex_DACH2_RORB","Glut-DACH2-3",0.487825274714952
"SN254_GTTCGCTTCTTAGCTT","Ex_DACH2_ADAMTS5","Glut-DACH2-7",0.303096287349645
"SN254_TCACTCGCAGTTGTCA","Ex_DACH2_ZMAT4","Glut-DACH2-3",0.472749064642963
"SN254_GAGTCATCACAGCCAC","Ex_DACH2_RORB","Glut-DACH2-3",0.50295068683634
"SN254_CATACTTTCAAGCTTG","Ex_DACH2_ZMAT4","Glut-DACH2-6",0.498605040043442
"SN254_GACTATGGTGACGTCC","Ex_DACH2_LHX2","Glut-DACH2-2",0.742025392532882
"SN254_GACACGCGTTCGGGTC","Ex_DACH2_ZMAT4","Glut-DACH2-8",0.519442779771472
"SN254_TGCATGAAGGGCCAAT","Ex_DACH2_ZMAT4","Glut-DACH2-8",0.387362543018397
"SN254_TCCTGCAGTGAGTGAC","Ex_DACH2_NR4A3","Glut-DACH2-7",0.419196836393244
"SN254_CCCTAACTCCGAGCTG","Ex_DACH2_RORB","Glut-DACH2-3",0.514350252326917
"SN254_ACTTCGCCAAGAATAC","Ex_DACH2_NR4A3","Glut-DACH2-7",0.752246997760418
"SN254_TGCGACGTCTGCCTGT","Ex_DACH2_RORB","Glut-DACH2-3",0.469223785069341
"SN254_TATTCCATCTTCTCAA","Ex_CACNA1H_MCTP2","Glut-DACH2-4",0.274742942159379
"SN254_GTCTACCTCTTCCACG","Ex_DACH2_ADAMTS5","Glut-DACH2-6",0.437981611407811
"SN254_GAAGCCCTCGTTCTAT","Ex_DACH2_SLIT2","Glut-DACH2-3",1
"SN254_TTCACCGCAACTCGTA","Ex_DACH2_RORB","Glut-DACH2-3",0.43561046631041
"SN254_ATGAAAGTCTTGAACG","Ex_DACH2_CEMIP","Glut-DACH2-3",0.877290851426828
"SN254_TCATCCGCAGACTGCC","Ex_DACH2_SLIT2","Glut-DACH2-3",0.839987681445884
"SN254_CCTTGTGAGCCTTTCC","Ex_DACH2_RORB","Glut-DACH2-3",0.605736411149839
"SN254_CCTCTAGCAGGAATCG","Ex_DACH2_TAC1","Glut-DACH2-3",0.298883530506974
"SN254_AACCTTTAGATTGCGG","Ex_DACH2_ADAMTS5","Glut-DACH2-2",0.413567932428813
"SN254_TACTTACGTCTTAGTG","Ex_DACH2_ITGA9","Glut-DACH2-4",0.676782933651121
"SN254_TGCTCGTTCGCTCCTA","Ex_DACH2_ZMAT4","Glut-DACH2-6",0.46948345403336
"SN254_ATCGTCCAGATCACTC","Ex_DACH2_GRIK4","Glut-DACH2-1",0.653002342606842
"SN254_CTCAGGGAGTCATCCA","Ex_CACNA1H_MCTP2","Glut-DACH2-2",0.487448779323219
"SN254_ATGCGATAGCCTATCA","Ex_DACH2_RORB","Glut-DACH2-3",0.519671415407597
"SN254_TACCGGGAGGTAAGAG","Ex_DACH2_CEMIP","Glut-DACH2-6",0.864865566189819
"SN254_GTAATCGCACTCCGAG","Ex_DACH2_SLIT2","Glut-DACH2-3",0.990651229227243
"SN254_TGCACGGCAGCTATAC","Ex_DACH2_ZMAT4","Glut-DACH2-6",0.30030642491693
"SN254_GTTCTATGTACAGTTC","Ex_DACH2_GRIK4","Glut-DACH2-1",0.410515740495478
"SN254_TTCACGCCAGAACTTC","Ex_DACH2_NR4A3","Glut-DACH2-2",0.500680103009414
"SN254_TTGCCTGGTTTACTGG","Ex_CACNA1H_MCTP2","Glut-CACNA1H-2",0.279456702751164
"SN254_CTCAATTCACCTCTGT","Ex_DACH2_LHX2","Glut-DACH2-2",0.760962044213753
"SN254_CTCCTCCGTACGGATG","Ex_DACH2_MGAT4C","Glut-DACH2-2",0.643954173302372
"SN254_AATAGAGCACAGTGAG","Ex_DACH2_SLIT2","Glut-DACH2-3",0.961675277505879
"SN254_TAGACCAGTCTGCGCA","Ex_CACNA1H_MCTP2","Glut-DACH2-4",0.255925162816898
"SN254_CTTACCGCACTGTTCC","Ex_DACH2_RORB","Glut-DACH2-3",0.600278032348673
"SN254_GGTAACTAGGTTACCT","Ex_DACH2_GRIK4","Glut-DACH2-1",0.913254153925178
"SN254_CTTCAATTCGTCTACC","Ex_DACH2_ZMAT4","Glut-DACH2-2",0.313108188040838
"SN254_ATTTACCTCCAGTACA","Ex_DACH2_ITGA9","Glut-DACH2-4",0.498106488848785
"SN254_TCGCAGGTCAAATAGG","Ex_BCL6","Glut-DACH2-3",0.866844779236222
"SN254_AAAGTGACATGGAACG","Ex_BCL6","Glut-DACH2-6",0.297178345069423
"SN254_AGTAGCTGTACATTGC","Ex_BCL6","Glut-DACH2-HVCx",0.476209105833293
"SN254_CTTCCTTAGGTTTGAA","Ex_DACH2_MGAT4C","Glut-DACH2-1",0.539169839785166
"SN254_ATTTACCTCTGGTTGA","Ex_DACH2_LHX2","Glut-DACH2-1",0.489017686697516
"SN254_GTTGTAGGTAACAGTA","Ex_DACH2_SLIT2","Glut-DACH2-3",0.619400651216082
"SN254_TCAAGACTCAAGGCTT","Ex_DACH2_ZMAT4","Glut-DACH2-3",0.61340693001649
"SN254_TTTGTTGGTGACTCGC","Ex_DACH2_ZMAT4","Glut-DACH2-6",0.503065884849255
"SN254_CAAGAGGCACCGTGGT","Ex_CACNA1H_MCTP2","Glut-DACH2-HVCx",0.151347224452103
"SN254_AAGACAATCTGGTGGC","Ex_DACH2_LHX2","Glut-DACH2-2",0.608670766064626
"SN254_GAGGCCTAGTTTGAGA","Ex_DACH2_MGAT4C","Glut-DACH2-1",0.638716678366587
"SN254_TCACTCGCAGGCGAAT","Ex_DACH2_CEMIP","Glut-DACH2-3",0.944004436714095
"SN254_GGGACCTCAGAGATGC","Ex_DACH2_SLIT2","Glut-DACH2-3",0.595025214942202
"SN254_ATGGGTTTCGTACCTC","Ex_DACH2_GRIK4","Glut-DACH2-2",0.5003061097694
"SN254_CTAGGTATCTCAACGA","Ex_DACH2_RORB","Glut-DACH2-8",0.407327936605357
"SN254_GAGTGAGTCTGGAAGG","Ex_DACH2_ZMAT4","Glut-DACH2-3",0.962477738227345
"SN254_ATGACCATCGCTACAA","Ex_BCL6","Glut-DACH2-6",0.48799982367561
"SN254_GAGACCCCAACCAATC","Ex_DACH2_TAC1","Glut-DACH2-3",0.674273555455353
"SN254_ACAACCAGTAAGGTCG","Ex_DACH2_LHX2","Glut-DACH2-1",0.39831886271822
"SN254_ATCGTCCCAAACTGCT","Ex_DACH2_ZMAT4","Glut-DACH2-7",0.517376924474529
"SN254_TTGTTTGAGCCATATC","Ex_DACH2_SLIT2","Glut-DACH2-3",0.714899832996054
"SN254_GTAGATCAGCGCCATC","Ex_DACH2_SLIT2","Glut-CACNA1H-4",0.493210481516042
"SN254_CGGAATTGTAGATTGA","Ex_CACNA1H_MCTP2","Glut-DACH2-2",0.367843150896299
"SN254_ACCCAAAAGAATCCCT","Ex_DACH2_CEMIP","Glut-DACH2-3",0.722766551306941
"SN254_TCGCACTAGCTGTGCC","Ex_DACH2_ITGA9","Glut-DACH2-2",0.179100030251696
"SN254_CGGTCAGGTAGACAAT","Ex_DACH2_LHX2","Glut-DACH2-2",0.566706129707412
"SN254_CCCATTGTCACGGTCG","Ex_DACH2_ZMAT4","Glut-DACH2-8",0.426783661439315
"SN254_GAAATGAAGCTTAGTC","Ex_DACH2_RORB","Glut-DACH2-3",0.464447563402154
"SN254_GCGGATCTCTAGACAC","Ex_DACH2_RORB","Glut-DACH2-3",0.488451654490368
"SN254_GTGCGTGAGTCATGCT","Ex_BCL6","Glut-DACH2-3",0.844850747443866
"SN254_GATCCCTAGGCACGAT","Ex_DACH2_TAC1","Glut-DACH2-3",0.702691318148058
"SN254_CTTTCGGTCTTCGGTC","Ex_DACH2_GRIK4","Glut-DACH2-5",0.343665245117046
"SN254_GATCGTAAGATAGCTA","Ex_DACH2_ZMAT4","Glut-DACH2-3",0.813190090505884
"SN254_CTTCTCTTCATTGTGG","Ex_DACH2_LUZP2","Glut-DACH2-2",0.557342717091654
"SN254_TTACGCCAGTCACAGG","Ex_BCL6","Glut-DACH2-HVCx",0.45438885205893
"SN254_AGTCATGCAGAGTCTT","Ex_DACH2_CEMIP","Glut-DACH2-6",0.667380984199761
"SN254_TCATATCGTGAGTTGG","Ex_DACH2_NR4A3","Glut-DACH2-7",0.742283216621783
"SN254_GATGAGGAGTCTACCA","Ex_DACH2_ITGA9","Glut-DACH2-1",0.762593873181493
"SN254_CATGCTCAGTTGGAAT","Ex_DACH2_RORB","Glut-DACH2-3",0.593720964247811
"SN254_CAGTTCCTCGCTCTAC","Ex_DACH2_RORB","Glut-DACH2-3",0.508077047814166
"SN254_ACTATTCTCGGCTCTT","Ex_DACH2_TAC1","Glut-DACH2-2",0.370663588339786
"SN254_GAGTGAGTCGAGAAAT","Ex_DACH2_RORB","Glut-DACH2-3",0.768275577589879
"SN254_CCACACTTCCTTTGAT","Ex_DACH2_RORB","Glut-DACH2-LMANsh",0.253030678776144
"SN254_ACGTTCCTCTAGGCAT","Ex_DACH2_RORB","Glut-DACH2-3",0.493167149704444
"SN254_CCTCAACGTGTTCATG","Ex_DACH2_ITGA9","Glut-DACH2-HVCra-Int",0.243151696889973
"SN254_TCAGGTATCGTCGCTT","Ex_DACH2_RORB","Glut-DACH2-3",0.398708194607281
"SN254_TCTCAGCTCTCTGAGA","Ex_DACH2_ADAMTS5","Glut-DACH2-5",0.575154028369335
"SN254_AGGATCTGTACTCCGG","Ex_DACH2_ZMAT4","Glut-DACH2-3",0.594305852985472
"SN254_TTTACGTTCGCAGTTA","Ex_DACH2_ADAMTS5","Glut-DACH2-5",0.482383048853868
"SN254_TGACTCCTCTCTTGCG","Ex_DACH2_ZMAT4","Glut-DACH2-8",0.362791103687382
"SN254_CGGACACTCATTCGTT","Ex_DACH2_ITGA9","Glut-DACH2-7",0.744174010670442
"SN254_TCATACTTCCACAGGC","Ex_DACH2_MGAT4C","Glut-DACH2-1",0.605160816133431
"SN254_CTTCCTTGTGTCTAAC","Ex_DACH2_ZMAT4","Glut-DACH2-3",0.464148384776228
"SN254_CCATCACCATAAGCAA","Ex_CACNA1H_MCTP2","Glut-DACH2-2",0.226074897349791
"SN254_CACTGAACAAGACGAC","Ex_DACH2_ZMAT4","Glut-DACH2-3",0.833113482000448
"SN254_TAAGTCGTCTCTCGCA","Ex_DACH2_ZMAT4","Glut-DACH2-6",0.64892813117214
"SN254_TACCGAAAGTACAGCG","Ex_DACH2_RORB","Glut-DACH2-3",0.487098836207666
"SN254_ATTCTACCACCGTGCA","Ex_DACH2_ZMAT4","Glut-DACH2-8",0.560875594896257
"SN254_AGATGCTAGAGTCCGA","Ex_DACH2_RORB","Glut-DACH2-8",0.451719689405268
"SN254_ACAGGGATCATAGACC","Ex_DACH2_ADAMTS5","Glut-DACH2-5",0.411659381436921
"SN254_CTCAATTTCTTACTGT","Ex_DACH2_NR4A3","Glut-DACH2-1",0.487601255878009
"SN254_CTTGATTTCTGCCTGT","Ex_DACH2_ZMAT4","Glut-DACH2-3",0.594410464526147
"SN254_ATACTTCCAGTCTCTC","Ex_DACH2_TAC1","Glut-DACH2-3",1
"SN254_GTTTGGATCAGACTGT","Ex_DACH2_LHX2","Glut-DACH2-2",0.675367883075419
"SN254_TCAATTCCAACACGAG","Ex_BCL6","Glut-DACH2-6",0.608894886956777
"SN254_TTGAACGAGCTGAAAT","Ex_DACH2_ZMAT4","Glut-DACH2-3",0.62744504043817
"SN254_CTGTACCGTCAGGAGT","Ex_DACH2_NR4A3","Glut-DACH2-7",0.624486586039892
"SN254_TTTAGTCTCTCGTTTA","Ex_DACH2_ZMAT4","Glut-DACH2-6",0.720606977742547
"SN254_AGTCATGGTCGCATGC","Ex_DACH2_ZMAT4","Glut-DACH2-4",0.340488325329356
"SN254_TGACAGTAGTTGGCGA","Ex_DACH2_CEMIP","Glut-DACH2-3",0.694740934096649
"SN254_TATTCCACACAGTGAG","Ex_DACH2_ADAMTS5","Glut-DACH2-2",0.706835050434055
"SN254_CTCCATGTCCGGACGT","Ex_DACH2_RORB","Glut-DACH2-LMANsh",0.316661491711059
"SN254_CATCGTCAGTGAGGTC","Ex_DACH2_LHX2","Glut-DACH2-1",0.575960744515303
"SN254_GATAGCTCATACAGAA","Ex_DACH2_ADAMTS5","Glut-DACH2-2",0.558739242728501
"SN254_TCGACCTTCTTCCACG","Ex_DACH2_RORB","Glut-DACH2-8",0.50560455036623
"SN254_TCACTATGTTAAGGAT","Ex_DACH2_RORB","Glut-DACH2-3",0.693987952300702
"SN254_TGACAGTAGCGTGCCT","Ex_DACH2_RORB","Glut-DACH2-3",0.458166554197976
"SN254_CCCTCTCGTGGATCAG","Ex_DACH2_RORB","Glut-DACH2-3",0.554898794728078
"SN254_ATTACTCCATCAGCAT","Ex_DACH2_RORB","Glut-DACH2-3",0.443485805076595
"SN254_GGCGTCATCGGAGTAG","Ex_DACH2_LHX2","Glut-DACH2-1",0.489565793109866
"SN254_TGACTCCGTCTGTTAG","Ex_DACH2_ZMAT4","Glut-DACH2-6",0.597569295102886
"SN254_GAGCTGCTCGCTCATC","Ex_DACH2_RORB","Glut-DACH2-3",0.518643589757641
"SN254_TTGAACGTCGATCCAA","Ex_DACH2_MGAT4C","Glut-DACH2-1",0.538537681621987
"SN254_CCTCCTCCAGCGTGCT","Ex_DACH2_MGAT4C","Glut-DACH2-1",0.59417861661342
"SN254_ATAGAGACACGGTGCT","Ex_DACH2_RORB","Glut-DACH2-3",0.447549426989668
"SN254_AAACGAAAGTATAGAC","Ex_DACH2_CEMIP","Glut-DACH2-6",0.672278550533707
"SN254_CAAGGGACAGGCCCTA","Ex_CACNA1H_MCTP2","Glut-CACNA1H-2",0.29689449720741
"SN254_CAGCAGCGTCCCTAAA","Ex_DACH2_GRIK4","Glut-DACH2-1",0.836017245156669
"SN254_ACTGTCCGTTTATGCG","Ex_DACH2_NR4A3","Glut-DACH2-7",0.426129554600725
"SN254_TGTGATGAGGAAAGAC","Ex_DACH2_TAC1","Glut-DACH2-8",0.487513976347426
"SN254_CTTCAATCAACTACGT","Ex_DACH2_CEMIP","Glut-DACH2-3",0.944956096193199
"SN254_CCGTGAGTCGCTTTAT","Ex_CACNA1H_MCTP2","Glut-DACH2-2",0.538359296523765
"SN254_TCTGCCACATTGAGGG","Ex_DACH2_RORB","Glut-DACH2-3",0.441442507762345
"SN254_TCAAGCAAGATTAGTG","Ex_DACH2_SLIT2","Glut-DACH2-3",0.994074593721256
"SN254_TATTGCTCAGGAAGTC","Ex_CACNA1H_MCTP2","Glut-DACH2-3",0.440823222278978
"SN254_TGCAGGCCATCTTCGC","Ex_CACNA1H_MCTP2","Glut-DACH2-1",0.559086306314664
"SN254_GCACATATCAAGGTGG","Ex_DACH2_ITGA9","Glut-DACH2-4",0.345155472277795
"SN254_GCAGCCATCTATCCAT","Ex_DACH2_NR4A3","Glut-DACH2-1",0.322151282073675
"SN254_AGATGAACAATGGGTG","Ex_DACH2_NR4A3","Glut-DACH2-1",0.473881772832272
"SN254_GGACGTCTCACTAGCA","Ex_DACH2_ITGA9","Glut-DACH2-1",0.339591159032228
"SN254_CCACGAGTCCGATAGT","Ex_DACH2_ZMAT4","Glut-DACH2-3",0.424098923110863
"SN254_GAGTGTTCACCACATA","Ex_DACH2_TAC1","Glut-DACH2-3",0.908555055125939
"SN254_ACCCTCAGTAGCGTAG","Ex_DACH2_ITGA9","Glut-DACH2-1",0.58741328856492
"SN254_CACAGATAGGATACGC","Ex_DACH2_MGAT4C","Glut-DACH2-2",0.515465195423079
"SN254_TGCGATATCAACTCTT","Ex_BCL6","Glut-CACNA1H-2",0.251106131217253
"SN254_GCCTGTTCAAGCGGAT","Ex_DACH2_CEMIP","Glut-DACH2-3",0.7990561007137
"SN254_TATCTTGAGGCTAGCA","Ex_DACH2_SLIT2","Glut-DACH2-3",0.811855920514931
"SN254_CGCATGGGTATGTCCA","Ex_DACH2_LUZP2","Glut-DACH2-1",0.601601555935741
"SN254_TGGGCTGAGAAGGTAG","Ex_DACH2_CEMIP","Glut-DACH2-3",0.803183872124
"SN254_AGTAACCCAACGGGTA","Ex_DACH2_ITGA9","Glut-DACH2-2",0.204754250066699
"SN254_GGACGTCAGTGATAAC","Ex_DACH2_RORB","Glut-DACH2-3",0.624855664528445
"SN254_GCTGGGTCAGTCTCTC","Ex_DACH2_ZMAT4","Glut-DACH2-3",0.645282382556814
"SN254_AGCTCAATCCAACCAA","Ex_CACNA1H_MCTP2","Glut-DACH2-2",0.327402074836436
"SN254_TCAGTTTAGGATTACA","Ex_DACH2_ITGA9","Glut-DACH2-3",0.384780301178335
"SN254_GTACAGTTCTAGGCCG","Ex_DACH2_LUZP2","Glut-CACNA1H-4",0.819299967668971
"SN254_TTAGGGTAGACGGAAA","Ex_DACH2_ADAMTS5","Glut-DACH2-7",0.315453853862407
"SN254_TACTTCAAGGTTGGAC","Ex_DACH2_GRIK4","Glut-DACH2-1",0.557801079130329
"SN254_ATTACTCTCGGCTTGG","Ex_DACH2_GRIK4","Glut-DACH2-1",0.47901071879661
"SN254_TAACACGAGTGAGGCT","Ex_DACH2_GRIK4","Glut-DACH2-1",0.626343434823227
"SN254_TTCCTCTAGGAACATT","Ex_DACH2_RORB","Glut-DACH2-3",0.580152232416168
"SN254_CTCACTGAGATGCTGG","Ex_DACH2_MGAT4C","Glut-DACH2-4",0.446902705959489
"SN254_CCCATTGAGCAAGTCG","Ex_DACH2_RORB","Glut-DACH2-3",0.516288564503604
"SN254_ATTCGTTAGGGATCTG","Ex_DACH2_RORB","Glut-DACH2-8",0.407724905598797
"SN254_TGATTTCAGCAATAAC","Ex_DACH2_LHX2","Glut-DACH2-1",0.621053923659855
"SN254_CCATAAGAGTTAGTGA","Ex_DACH2_NR4A3","Glut-DACH2-7",0.621971174205128
"SN254_TCTCAGCCAAAGTGTA","Ex_DACH2_RORB","Glut-DACH2-3",0.381880030631895
"SN254_ACGTAACAGGTAAAGG","Ex_DACH2_ZMAT4","Glut-DACH2-3",0.406718764489089
"SN254_CCTGCATGTTACGATC","Ex_BCL6","Glut-DACH2-6",0.311280798358407
"SN254_TTTCGATCAGACACAG","Ex_DACH2_MGAT4C","Glut-DACH2-7",0.341885690883624
"SN254_CCGGGTAGTCTAGGTT","Ex_DACH2_ZMAT4","Glut-DACH2-3",0.575382943284436
"SN254_TGCAGATCATCATCCC","Ex_DACH2_ZMAT4","Glut-DACH2-6",0.288402510333549
"SN254_TAGATCGAGAAAGCGA","Ex_DACH2_LUZP2","Glut-CACNA1H-4",0.276177163814743
"SN254_ATGGAGGTCACCTGGG","Ex_DACH2_LHX2","Glut-DACH2-1",0.565161326488783
"SN254_CATTCTAAGCACTTTG","Ex_DACH2_CEMIP","Glut-DACH2-3",0.599155345055624
"SN254_TGAGCATCAACGGTAG","Ex_DACH2_RORB","Glut-DACH2-3",0.531376026592975
"SN254_CTTTCAACAGAAATCA","Ex_BCL6","Glut-DACH2-6",0.655760104827822
"SN254_CCACAAAGTTACCTGA","Ex_BCL6","Glut-DACH2-3",0.728247804582466
"SN254_CATGAGTTCTGCGATA","Ex_DACH2_ADAMTS5","Glut-DACH2-3",0.582593108306921
"SN254_TCATGAGAGCGGGTTA","Ex_BCL6","Glut-DACH2-3",0.676326150865885
"SN254_GCCTGTTTCAGCTTGA","Ex_DACH2_ZMAT4","Glut-DACH2-3",0.71022075129785
"SN254_CTAAGTGTCGGTCTAA","Ex_DACH2_GRIK4","Glut-DACH2-2",0.384880603769706
"SN254_GTTCGCTAGATTTGCC","Ex_DACH2_LHX2","Glut-DACH2-1",0.560444361551226
"SN254_ACTGATGTCATTCGTT","Ex_DACH2_LHX2","Glut-DACH2-2",0.570539743887918
"SN254_CTCCACAGTGCATTAC","Ex_DACH2_GRIK4","Glut-DACH2-1",0.685484267321
"SN254_TGTAAGCGTTCATCGA","Ex_DACH2_ZMAT4","Glut-DACH2-3",0.769426272690096
"SN254_GCAACCGGTAGATCCT","Ex_BCL6","Glut-DACH2-1",0.269658604473718
"SN254_ATTCTACGTTATGACC","Ex_CACNA1H_MCTP2","Glut-DACH2-2",0.313266910035506
"SN254_AAGCCATGTTGGTAGG","Ex_CACNA1H_MCTP2","Glut-DACH2-2",0.691530201441543
"SN254_AATAGAGAGTTGTAGA","Ex_DACH2_LUZP2","Glut-DACH2-2",0.255285857002747
"SN254_ACGATCACATAAGCGG","Ex_DACH2_TAC1","Glut-DACH2-3",0.706942244243454
"SN254_AGCCACGAGAGGTCGT","Ex_DACH2_ADAMTS5","Glut-DACH2-2",0.357955645943533
"SN254_GGGTCTGGTAGTCTTG","Ex_DACH2_ZMAT4","Glut-DACH2-3",0.623099938624342
"SN254_TGCGGCACATACCACA","Ex_DACH2_TAC1","Glut-DACH2-3",0.70905476521841
"SN254_GTCTACCAGGATTTGA","Ex_DACH2_ITGA9","Glut-DACH2-4",0.383824226494633
"SN254_GAACTGTCATCTTCGC","Ex_DACH2_ZMAT4","Glut-DACH2-3",0.597738301565759
"SN254_TATCCTAAGTCATGCT","Ex_DACH2_ADAMTS5","Glut-DACH2-7",0.711541112775522
"SN254_AGCTTCCCAATACAGA","Ex_DACH2_GRIK4","Glut-DACH2-1",0.299878689697366
"SN254_AACGAAACAACCGTAT","Ex_DACH2_GRIK4","Glut-DACH2-7",0.427897262212673
"SN254_GACAGCCGTGGCATCC","Ex_DACH2_MGAT4C","Glut-DACH2-1",0.503602030018372
"SN254_GGTAATCCATTGTAGC","Ex_DACH2_ZMAT4","Glut-DACH2-3",0.835757735330533
"SN254_CATCCACGTTAGTTCG","Ex_DACH2_TAC1","Glut-CACNA1H-2",0.206113654822899
"SN254_GAGGCAAGTGATAGAT","Ex_DACH2_LHX2","Glut-DACH2-2",0.694583717547462
"SN254_CCTGTTGTCAAACCTG","Ex_DACH2_ADAMTS5","Glut-DACH2-2",0.444160607884699
"SN254_TGCTCCAGTAACTGCT","Ex_DACH2_NR4A3","Glut-DACH2-4",0.329245483631249
"SN254_TTAGGCAAGGAGCTGT","Ex_DACH2_ZMAT4","Glut-DACH2-8",0.441541300679329
"SN254_GAACTGTAGACCAGCA","Ex_DACH2_RORB","Glut-DACH2-3",0.48357981208342
"SN254_GCTACCTCAAGAGATT","Ex_DACH2_ADAMTS5","Glut-DACH2-2",0.321835495694374
"SN254_TCACGCTGTAGTCTGT","Ex_DACH2_LHX2","Glut-DACH2-2",0.283360632343667
"SN254_TTGTTGTCACCTCTGT","Ex_DACH2_TAC1","Glut-DACH2-3",0.598692965781561
"SN254_CTCCTCCAGCTCGTGC","Ex_DACH2_TAC1","Glut-DACH2-3",0.858056389998988
"SN254_CATCGGGGTCGTTGCG","Ex_DACH2_ADAMTS5","Glut-DACH2-5",0.262772482273279
"SN254_GATGTTGGTTATTCCT","Ex_BCL6","Glut-DACH2-6",0.266550668362842
"SN254_TCCGAAAGTTTCACTT","Ex_DACH2_NR4A3","Glut-DACH2-1",0.382208690815896
"SN254_GCAGTTATCCGTGCGA","Ex_DACH2_LHX2","Glut-DACH2-1",0.485672058833273
"SN254_CCTCTCCAGCCTCCAG","Ex_DACH2_TAC1","Glut-CACNA1H-2",0.244417180489902
"SN254_TCATATCTCAACTTTC","Ex_BCL6","Glut-DACH2-6",0.486662960506462
"SN254_TTTATGCTCGAGAGAC","Ex_DACH2_ZMAT4","Glut-DACH2-6",0.53017908374733
"SN254_GCGAGAACAAGCACCC","Ex_DACH2_NR4A3","Glut-DACH2-2",0.607756317817356
"SN254_TATCAGGGTATTAAGG","Ex_DACH2_RORB","Glut-DACH2-LMANsh",0.333369558906651
"SN254_TCAATTCCAGCGTTGC","Ex_DACH2_SLIT2","Glut-DACH2-1",0.535695377292466
"SN254_ACTTCGCAGCGTCGAA","Ex_DACH2_ADAMTS5","Glut-DACH2-7",0.534096002781771
"SN254_CTTGAGATCTGTACAG","Ex_DACH2_RORB","Glut-DACH2-8",0.400768117685556
"SN254_GCATTAGGTCCCTGAG","Ex_BCL6","Glut-DACH2-1",0.379894679318685
"SN254_AGCGCTGTCTCAACGA","Ex_DACH2_ZMAT4","Glut-DACH2-3",0.482573237093872
"SN254_TTACAGGCAGTTACCA","Ex_DACH2_MGAT4C","Glut-DACH2-1",0.614915518300766
"SN254_TCATTGTAGAACCCGA","Ex_DACH2_CEMIP","Glut-DACH2-4",0.368471153915474
"SN254_GTTACCCAGCTAGATA","Ex_DACH2_ZMAT4","Glut-DACH2-3",0.748455477418624
"SN254_CGATCGGAGGAACGCT","Ex_DACH2_ITGA9","Glut-DACH2-1",0.475842120180269
"SN254_TCATCATCAGGACGAT","Ex_DACH2_TAC1","Glut-DACH2-3",0.742962694613791
"SN254_ATGATCGAGAGAGTGA","Ex_DACH2_CEMIP","Glut-DACH2-6",0.757979626962422
"SN254_CAATACGGTGCAACAG","Ex_DACH2_TAC1","Glut-DACH2-3",0.380529239865831
"SN254_GTCTTTAGTCGCTCGA","Ex_DACH2_LHX2","Glut-DACH2-2",0.44266904006208
"SN254_CGGGACTCACTGCACG","Ex_DACH2_RORB","Glut-DACH2-3",0.44607676095229
"SN254_GTGTGATTCCGTAGTA","Ex_CACNA1H_MCTP2","Glut-DACH2-2",0.392850541631871
"SN254_GGGAAGTCACCGTCGA","Ex_DACH2_RORB","Glut-DACH2-3",0.415903564059951
"SN254_ACATCCCCAGTGTGCC","Ex_DACH2_RORB","Glut-DACH2-3",0.430789933017857
"SN254_TACAACGAGGAAGTAG","Ex_CACNA1H_MCTP2","Glut-DACH2-1",0.370298911828593
"SN254_ACTCTCGGTCCACTTC","Ex_DACH2_NR4A3","Glut-DACH2-1",0.32017708806439
"SN254_ATGTCCCAGGTGCGAT","Ex_DACH2_ITGA9","Glut-DACH2-1",0.207498878953902
"SN254_ATTCACTCACTATGTG","Ex_DACH2_LHX2","Glut-DACH2-1",0.493061463555729
"SN254_CAGTGCGTCCTCAGGG","Ex_DACH2_MGAT4C","Glut-DACH2-2",0.629463741999207
"SN254_ATCTCTACATTGAGCT","Ex_DACH2_LHX2","Glut-DACH2-1",0.477143185242761
"SN254_TGCTTCGAGTTTCTTC","Ex_DACH2_LHX2","Glut-DACH2-1",0.711400591578978
"SN254_CCCTTAGAGGTCCAGA","Ex_DACH2_RORB","Glut-DACH2-3",0.35654296364984
"SN254_AGTACTGTCAAGCGTT","Ex_BCL6","Glut-DACH2-6",0.555528354136668
"SN254_AAACGAAAGTAGTCCT","Ex_DACH2_NR4A3","Glut-DACH2-2",0.441243973999444
"SN254_CCGTGAGTCCGATAGT","Ex_DACH2_ZMAT4","Glut-DACH2-3",0.816988245022256
"SN254_TGTGATGGTTCCTTGC","Ex_DACH2_LHX2","Glut-DACH2-2",0.597005107897564
"SN254_GTCATGACATGACGGA","Ex_DACH2_CEMIP","Glut-DACH2-3",0.676272658964884
"SN254_CACGTGGTCACTTCTA","Ex_CACNA1H_MCTP2","Glut-DACH2-1",0.202133885045259
"SN254_GCGATCGGTTGGGAAC","Ex_CACNA1H_MCTP2","Glut-DACH2-1",0.607957061452129
"SN254_TGTCAGAGTCTGTGAT","Ex_DACH2_ZMAT4","Glut-DACH2-6",0.466656960898033
"SN254_CTACATTGTTTGGCTA","Ex_DACH2_ITGA9","Glut-DACH2-4",0.352469588613333
"SN254_ATCCTATTCCGTATAG","Ex_DACH2_ZMAT4","Glut-DACH2-3",0.526654877453496
"SN254_CGTCAAAAGACTACGG","Ex_DACH2_ZMAT4","Glut-DACH2-3",0.445988209560201
"SN254_GCTGAATCATGGCACC","Ex_DACH2_LHX2","Glut-DACH2-2",0.556081656343
"SN254_GACAGCCCATGGCACC","Ex_DACH2_LUZP2","Glut-DACH2-2",0.509785677201291
"SN254_CAGCGTGTCCACTGGG","Ex_DACH2_CEMIP","Glut-DACH2-3",0.818737633277849
"SN254_CGTGTCTGTCGCATGC","Ex_DACH2_ZMAT4","Glut-DACH2-8",0.545478778772384
"SN254_GAGTTGTTCGGTTGTA","Ex_DACH2_ITGA9","Glut-DACH2-2",0.533717370376097
"SN254_TTCTTGATCTGCGAGC","Ex_DACH2_MGAT4C","Glut-DACH2-1",0.641562970458122
"SN254_CATGCTCGTGACTGTT","Ex_DACH2_LHX2","Glut-DACH2-5",0.376798501247621
"SN254_CTGATCCGTGTCTTGA","Ex_DACH2_RORB","Glut-DACH2-3",0.463337838683872
"SN254_TGAGTCAAGGGTTAAT","Ex_BCL6","Glut-DACH2-3",0.560140768235416
"SN254_TGAACGTGTGATTCTG","Ex_DACH2_MGAT4C","Glut-DACH2-1",0.57673268809336
"SN254_TCATATCTCCAACTGA","Ex_DACH2_LHX2","Glut-DACH2-2",0.612910998276251
"SN254_GTCGCGAAGTAACGAT","Ex_DACH2_RORB","Glut-DACH2-3",0.484074107700105
"SN254_GTAGCTACAGAGTTGG","Ex_DACH2_RORB","Glut-DACH2-3",0.540182607031608
"SN254_AGAAATGCAACGATTC","Ex_DACH2_ZMAT4","Glut-DACH2-3",0.95190249053742
"SN254_ATGAGTCGTGTATACC","Ex_DACH2_GRIK4","Glut-DACH2-2",0.522705778671296
"SN254_TTGCCTGAGTTCTCTT","Ex_DACH2_RORB","Glut-DACH2-3",0.485627188700591
"SN254_TTGTTCACAAGATGGC","Ex_DACH2_MGAT4C","Glut-DACH2-1",0.487051221102737
"SN254_GGATGTTCAAACCGGA","Ex_DACH2_RORB","Glut-DACH2-3",0.357407683132092
"SN254_GAAGCGAGTGATACCT","Ex_DACH2_TAC1","Glut-DACH2-3",0.203902832603178
"SN254_AAGCGTTCAGAGTGAC","Ex_DACH2_ADAMTS5","Glut-DACH2-5",0.600247554427122
"SN254_CCTACGTAGTGGCAGT","Ex_DACH2_MGAT4C","Glut-DACH2-1",0.810881553206414
"SN254_GGGTAGAGTAAGACCG","Ex_DACH2_ITGA9","Glut-DACH2-3",0.800598208236651
"SN254_CCGATGGTCCATAGGT","Ex_DACH2_ADAMTS5","Glut-DACH2-5",0.632924519034318
"SN254_GTAATGCTCGGACTGC","Ex_DACH2_LHX2","Glut-DACH2-1",0.40417486961881
"SN254_TTGCATTCAATCAAGA","Ex_DACH2_ADAMTS5","Glut-DACH2-7",0.293809832139058
"SN254_TCAGGTATCAGGTGTT","Ex_BCL6","Glut-DACH2-6",0.303652386146953
"SN254_GTGCAGCTCATTTGTC","Ex_DACH2_ADAMTS5","Glut-DACH2-7",0.219461965064474
"SN254_GAGTTGTGTTCAAACC","Ex_DACH2_CEMIP","Glut-DACH2-3",0.879069854212424
"SN254_GTAGAAATCTATACTC","Ex_DACH2_MGAT4C","Glut-DACH2-2",0.534960618985996
"SN254_GTCGCGAAGGCTTAGG","Ex_DACH2_SLIT2","Glut-DACH2-4",0.463895215570079
"SN254_ATGCCTCCAATACAGA","Ex_CACNA1H_MCTP2","Glut-DACH2-2",0.381290821312095
"SN254_CGAAGGAGTGACATCT","Ex_CACNA1H_MCTP2","Glut-CACNA1H-2",0.335880624956465
"SN254_TACACCCTCACCATAG","Ex_DACH2_LUZP2","Glut-DACH2-2",0.560468208268748
"SN254_TCACTCGCATGACTCA","Ex_DACH2_TAC1","Glut-DACH2-8",0.224003401600477
"SN254_ACCCTCACAGGGATAC","Ex_DACH2_MGAT4C","Glut-DACH2-2",0.300979346015875
"SN254_AGCCAATAGTCGTCTA","Ex_DACH2_RORB","Glut-DACH2-3",0.359464799033963
"SN254_GTCTGTCTCTGGGCCA","Ex_DACH2_LUZP2","Glut-DACH2-2",0.459942716118839
"SN254_AGGATCTAGAATTTGG","Ex_DACH2_TAC1","Glut-DACH2-3",0.405618137449237
"SN254_GCCGATGCAGACATCT","Ex_DACH2_LHX2","Glut-DACH2-2",0.62453082623505
"SN254_GAGCTGCAGCTCTTCC","Ex_BCL6","Glut-DACH2-6",0.590165535062169
"SN254_AGTACCACACTAACGT","Ex_DACH2_MGAT4C","Glut-DACH2-2",0.385911270833502
"SN254_CAATCGATCTTCGGAA","Ex_DACH2_ZMAT4","Glut-DACH2-3",0.7247142587616
"SN254_AGTGTTGGTCGAGTGA","Ex_BCL6","Glut-DACH2-3",0.533044189574668
"SN254_TTAGGGTCACTTGGCG","Ex_DACH2_ZMAT4","Glut-DACH2-3",0.896261284068162
"SN254_CTTCTAAAGATTGACA","Ex_DACH2_LUZP2","Glut-DACH2-2",0.252182250309197
"SN254_AGTAACCGTCTATGAC","Ex_DACH2_LUZP2","Glut-DACH2-2",0.465271285082535
"SN254_ACTTTCAAGCGAGAAA","Ex_DACH2_TAC1","Glut-DACH2-4",0.258886601881324
"SN254_TCACACCAGGTGATCG","Ex_DACH2_MGAT4C","Glut-DACH2-1",0.632973597960858
"SN254_GTCAAGTCACCAAAGG","Ex_DACH2_MGAT4C","Glut-DACH2-1",0.792076771516656
"SN254_TCTCACGCAACGATCT","Ex_DACH2_NR4A3","Glut-DACH2-7",0.644706315665432
"SN254_ACGTACAGTCCGGATC","Ex_BCL6","Glut-DACH2-3",0.441505360805619
"SN254_TCTTTGACAGCAGATG","Ex_DACH2_GRIK4","Glut-DACH2-1",0.641281122938226
"SN254_CAATTTCTCCTCTTTC","Ex_DACH2_LUZP2","Glut-DACH2-2",0.490058592620106
"SN254_CATGCGGAGAAGCTGC","Ex_DACH2_GRIK4","Glut-DACH2-1",0.583689193735694
"SN254_GTGACGCTCCAGTGCG","Ex_DACH2_LHX2","Glut-DACH2-2",0.53317880165743
"SN254_CACGGGTTCTTTCCAA","Ex_DACH2_LUZP2","Glut-DACH2-2",0.539842258342335
"SN254_TGTACAGCAGCTGTCG","Ex_DACH2_LHX2","Glut-DACH2-2",0.470185001932305
"SN254_AGTGTTGAGCCTGGAA","Ex_DACH2_ZMAT4","Glut-DACH2-3",0.441387855060604
"SN254_ATTCCCGGTTGGCCGT","Ex_BCL6","Glut-DACH2-6",0.450944505456391
"SN254_TGTAAGCAGGGCGAGA","Ex_DACH2_LHX2","Glut-DACH2-2",0.505285196366437
"SN254_GTTGTAGAGCTACAAA","Ex_DACH2_LHX2","Glut-DACH2-2",0.483317316831143
"SN254_TATCCTAAGATGTTGA","Ex_DACH2_LHX2","Glut-DACH2-1",0.367204018854816
"SN254_GTTTGGATCTCTATGT","Ex_CACNA1H_MCTP2","Glut-CACNA1H-4",0.512953277017026
"SN254_TGATTTCAGACATAGT","Ex_DACH2_LUZP2","Glut-DACH2-1",0.538865542512845
"SN254_GGCACGTGTTAGAGAT","Ex_DACH2_MGAT4C","Glut-DACH2-1",0.443835458984718
"SN254_TCTATCAAGGTTGAGC","Ex_DACH2_ZMAT4","Glut-DACH2-4",0.427411742574665
"SN254_CATCCGTCATAAGATG","Ex_DACH2_SLIT2","Glut-DACH2-3",0.794142727037021
"SN254_AGACCCGGTTGTGTAC","Ex_DACH2_ADAMTS5","Glut-DACH2-7",0.41083435032792
"SN254_GTCCTCAGTGGCAACA","Ex_BCL6","Glut-DACH2-3",0.526893961919618
"SN254_TAGATCGTCACCACAA","Ex_DACH2_LUZP2","Glut-DACH2-2",0.435216417483569
"SN254_ACGGGTCGTTGTTGAC","Ex_DACH2_RORB","Glut-DACH2-3",0.443475403070093
"SN254_CTCTCGACATTGCTTT","Ex_DACH2_LUZP2","Glut-DACH2-2",0.405599017738056
"SN254_AGACAGGTCTCATTAC","Ex_DACH2_LUZP2","Glut-DACH2-1",0.464030382900529
"SN254_TGTAAGCGTAACAGTA","Ex_DACH2_ADAMTS5","Glut-DACH2-2",0.352034709885651
"SN254_GGGTGAACACGTAGTT","Ex_DACH2_NR4A3","Glut-DACH2-7",0.284462696086556
"SN254_TTCTCTCGTGTCCGGT","Ex_DACH2_LUZP2","Glut-DACH2-2",0.414956889433296
"SN254_TATCAGGAGAGATGCC","Ex_DACH2_LUZP2","Glut-DACH2-2",0.404985618069811
"SN254_TGACGCGCACGTCTCT","Ex_DACH2_LUZP2","Glut-DACH2-2",0.562215210520617
"SN254_CATACAGAGATCGCCC","Ex_DACH2_LUZP2","Glut-DACH2-1",0.483947724161483
"SN254_TTACTGTAGGGAGGAC","Ex_DACH2_ZMAT4","Glut-DACH2-3",0.641176302970197
"SN254_CTTTCGGAGAATCGCG","Ex_BCL6","Glut-CACNA1H-4",0.386553012605218
"SN254_TCCGTGTTCGGTAAGG","Ex_BCL6","Glut-CACNA1H-2",0.392367344984224
"SN254_GAGACTTCAGTTTGGT","Ex_DACH2_LUZP2","Glut-DACH2-2",0.37996556391587
"SN254_TGTACAGCATATGGCT","Ex_DACH2_TAC1","Glut-DACH2-3",0.766170245480496
"SN254_GAAGGACCAAGACTGG","Ex_DACH2_LUZP2","Glut-DACH2-2",0.50003517303071
"SN254_GAATCGTAGCGCTGCT","Ex_DACH2_LUZP2","Glut-DACH2-2",0.364131044738639
"SN254_TCCATCGGTACAGGTG","Ex_CACNA1H_MCTP2","Glut-CACNA1H-2",0.239622298123248
"SN254_CGTAGTAAGTCTAACC","Ex_DACH2_ZMAT4","Glut-DACH2-3",0.48921717780032
"SN254_TGCGATAAGGTGCCTC","Ex_DACH2_LUZP2","Glut-DACH2-2",0.457322358359505
"SN254_CAAAGAACAGTGTGGA","Ex_DACH2_ADAMTS5","Glut-DACH2-1",0.287320703931658
"SN254_GAATAGAAGGTTTACC","Ex_DACH2_LUZP2","Glut-DACH2-2",0.575614337958225
"SN254_AACAAGAAGTGCACAG","Ex_DACH2_ADAMTS5","Glut-DACH2-2",0.431764890984438
"SN254_TTGATGGTCTAGGAAA","Ex_DACH2_LUZP2","Glut-DACH2-2",0.477998818544425
"SN254_GTCGCGACAGGTGAGT","Ex_DACH2_LUZP2","Glut-DACH2-2",0.502903037400078
"SN254_CGATGCGCAGCATTGT","Ex_DACH2_LUZP2","Glut-DACH2-2",0.251415592419354
"SN254_TGATCTTAGCGGGTTA","Ex_DACH2_LUZP2","Glut-DACH2-2",0.383916122202266
"SN254_CGAAGGAGTGTTCAGT","Ex_DACH2_NR4A3","Glut-DACH2-1",0.598794388075247
"SN254_ACCCAAAAGGACAGCT","Ex_DACH2_LUZP2","Glut-DACH2-2",0.480636826617779
"SN254_CCTAACCAGGTCACAG","Ex_DACH2_LHX2","Glut-DACH2-4",0.437158051562503
"SN254_TAATTCCGTTGCAAGG","Ex_DACH2_GRIK4","Glut-DACH2-1",0.540810169880714
"SN254_TCAGTCCCAAATCCCA","Ex_DACH2_RORB","Glut-DACH2-8",0.388722069682345
"SN254_ATGGGTTTCCTGCCAT","Ex_BCL6","Glut-DACH2-HVCra-Int",0.329365408367656
"SN254_TGAGCATGTGCACAAG","Ex_DACH2_ZMAT4","Glut-DACH2-3",0.357247818827038
"SN254_GCGTGCAAGCTCTATG","Ex_DACH2_GRIK4","Glut-DACH2-7",0.345622731994521
"SN254_CACGTTCGTCGATTAC","Ex_DACH2_LUZP2","Glut-DACH2-1",0.637997403642117
"SN254_AGACCATAGTTTGGCT","Ex_DACH2_LUZP2","Glut-DACH2-1",0.268427637868488
"SN254_CTTCGGTCAATCACGT","Ex_DACH2_MGAT4C","Glut-DACH2-1",0.332094397276081
"SN254_TGTTCTAGTGACTCTA","Ex_DACH2_NR4A3","Glut-DACH2-7",0.488592149525242
"SN254_CGCGTGACAAGGTCGA","Ex_DACH2_GRIK4","Glut-DACH2-1",0.558096213042618
"SN254_AGCGTCGAGTCTGGTT","Ex_DACH2_ITGA9","Glut-DACH2-3",0.788083385192855
"SN254_GGGACTCTCGATACAC","Ex_DACH2_NR4A3","Glut-DACH2-1",0.44957602420929
"SN254_GAAGGACCACACTTAG","Ex_DACH2_LHX2","Glut-DACH2-2",0.474459913668165
"SN439_CAATCGATCCGTTGGG","Ex_Pre_SATB2","Glut-DACH2-2",0.713388152645366
"SN439_AGATCGTAGCACTCTA","Ex_Pre_SATB2","Glut-DACH2-1",0.466289921023057
"SN439_CTCCTTTTCCACTAGA","Ex_Pre_SATB2","Glut-CACNA1H-2",0.454425786554262
"SN439_TCGACGGAGGTAGCAC","Ex_Pre_SATB2","Glut-CACNA1H-2",0.261529660170717
"SN439_GCCAGCATCAAACGTC","Ex_Pre_SATB2","Glut-DACH2-2",0.540282119554302
"SN439_AGGAAATCAATTCTTC","Ex_Pre_SATB2","Glut-CACNA1H-2",0.405728254927818
"SN439_TAGTGCACAATTGCGT","Ex_Pre_SATB2","Glut-CACNA1H-2",0.289844431700239
"SN439_AGCGCCAAGCCAGAGT","Ex_Pre_SATB2","Glut-CACNA1H-3",0.301227436442718
"SN439_GTGCACGCAAATAGCA","Ex_Pre_SATB2","Glut-CACNA1H-3",0.256544096129277
"SN439_GACTCAAGTACGACAG","Ex_Pre_SATB2","Glut-CACNA1H-3",0.285583706190762
"SN439_ACCAAACTCTTACACT","Ex_Pre_KCNH7","Glut-DACH2-HVCra",0.238806862090319
"SN439_CCTGCATAGAGATCGC","Ex_Pre_SATB2","Glut-CACNA1H-2",0.259461992512388
"SN439_CTGATCCTCATTCATC","Ex_Pre_SATB2","Glut-DACH2-4",0.302358934043526
"SN439_CTAAGTGAGTTTGCTG","Ex_Pre_KCNH7","Glut-DACH2-1",0.265062703830545
"SN439_CTGGACGGTGACAGGT","Ex_Pre_SATB2","Glut-DACH2-3",0.300084984721587
"SN439_AAGTCGTTCGGTAGGA","Ex_Pre_KCNH7","Glut-DACH2-1",0.779973520906328
"SN439_TACAACGAGATGTTGA","Ex_Pre_SATB2","Glut-CACNA1H-2",0.310097861819264
"SN439_CCGTAGGGTTAGAAGT","Ex_Pre_KCNH7","Glut-DACH2-1",0.197525012186786
"SN439_TGACGCGGTATTGACC","Ex_Pre_SATB2","Glut-CACNA1H-4",0.68665068138567
"SN439_CGAGAAGGTGTGACCC","Ex_Pre_SATB2","Glut-CACNA1H-2",0.348103015278126
"SN439_ATGGGAGGTCTGTGGC","Ex_Pre_KCNH7","Glut-DACH2-HVCra",0.317962716802128
"SN439_GACTATGCAAGTGACG","Ex_Pre_SATB2","Glut-CACNA1H-2",0.584316534302955
"SN439_AATCGACGTGCCCTTT","Ex_Pre_SATB2","Glut-CACNA1H-3",0.397667979245787
"SN439_GTGAGTTTCAAACCCA","Ex_Pre_SATB2","Glut-DACH2-HVCx",0.278815461632454
"SN439_GATCACAAGAAATTCG","Ex_Pre_KCNH7","Glut-DACH2-1",0.273493133454334
"SN439_TCGAACACAGGATTCT","Ex_Pre_KCNH7","Glut-DACH2-HVCx",0.801294831282063
"SN439_CCAAGCGAGGATCATA","Ex_Pre_SATB2","Glut-CACNA1H-2",0.346352322817277
"SN439_AACAAGATCACGATCA","Ex_Pre_KCNH7","Glut-DACH2-1",0.781515474820539
"SN439_AACCAACAGGCTTAAA","Ex_Pre_KCNH7","Glut-DACH2-1",0.257461803245784
"SN439_AGCATCAAGGTAGACC","Ex_Pre_KCNH7","Glut-CACNA1H-2",0.580422876152516
"SN439_AGCGCCAAGAGTTGTA","Ex_Pre_SATB2","Glut-DACH2-HVCx",0.697636689912202
"SN439_TGCATCCTCCTCATAT","Ex_Pre_KCNH7","Glut-DACH2-6",0.304368155984532
"SN439_ATCACAGTCCTATGGA","Ex_Pre_KCNH7","Glut-CACNA1H-3",0.227600989204421
"SN439_ACTTCCGGTCTTACTT","Ex_Pre_SATB2","Glut-CACNA1H-3",0.285593909090706
"SN439_AAGCGAGTCCGAGATT","Ex_Pre_SATB2","Glut-CACNA1H-3",0.378653246783278
"SN439_GAATCACGTTTGAACC","Ex_Pre_KCNH7","Glut-DACH2-1",0.439833975791957
"SN439_ACCAACAGTCCTGGTG","Ex_Pre_SATB2","Glut-CACNA1H-2",0.809383421312787
"SN439_TGCGATACAGTACTAC","Ex_Pre_SATB2","Glut-CACNA1H-3",0.269311591202752
"SN439_AGCCACGCACTACGGC","Ex_Pre_SATB2","Glut-CACNA1H-2",0.235151671316911
"SN439_ACCATTTCATCCGTTC","Ex_Pre_KCNH7","Glut-DACH2-HVCra-Int",0.23897551430767
"SN439_TCATTACAGTCATACC","Ex_Pre_SATB2","Glut-CACNA1H-3",0.319870032399394
"SN439_TGATGGTTCTCGTCGT","Ex_Pre_SATB2","Glut-CACNA1H-3",0.29010703839342
"SN439_GATGTTGGTCGCTTGG","Ex_Pre_SATB2","Glut-CACNA1H-3",0.26345665848774
"SN439_CAGTGCGAGCGCTTCG","Ex_Pre_SATB2","Glut-DACH2-HVCra-Int",0.253119705535026
"SN439_GTGAGTTAGTAGACCG","Ex_Pre_SATB2","Glut-CACNA1H-2",0.536975977155864
"SN439_ACCTACCCACCAAATC","Ex_Pre_SATB2","Glut-CACNA1H-3",0.402471524897103
"SN439_GTGAGGACAGAAATCA","Ex_Pre_SATB2","Glut-CACNA1H-2",0.238671178573352
"SN439_AGACTCAAGCGATGGT","Ex_Pre_SATB2","Glut-DACH2-1",0.36759854817265
"SN439_CTACGGGTCTCACTCG","Ex_Pre_SATB2","Glut-CACNA1H-3",0.286404013388206
"SN439_CTAACCCCAAATCCCA","Ex_Pre_KCNH7","Glut-CACNA1H-2",0.291845048553795
"SN439_ATGCCTCAGGTTACAA","Ex_Pre_KCNH7","Glut-DACH2-HVCra-Int",0.310538302988764
"SN439_AGGCATTCATCTGGGC","Ex_Pre_KCNH7","Glut-CACNA1H-3",0.345791368746635
"SN439_GTAACACGTGAACGGT","Ex_Pre_SATB2","Glut-DACH2-HVCx",0.309315330305862
"SN439_GTTCATTTCATAGCAC","Ex_Pre_KCNH7","Glut-DACH2-1",0.325176440100186
"SN439_TCGAAGTAGGACTATA","Ex_Pre_SATB2","Glut-CACNA1H-2",0.551217344694526
"SN439_CTAACCCTCGTTCAGA","Ex_Pre_KCNH7","Glut-DACH2-1",0.229385093352597
"SN439_AGACAGGGTTCCGCTT","Ex_Pre_KCNH7","Glut-DACH2-1",0.355155285146573
"SN439_GAGTTGTTCTTTGCGC","Ex_Pre_SATB2","Glut-CACNA1H-2",0.333340507893
"SN439_CTGGCAGTCGGTTAGT","Ex_Pre_KCNH7","Glut-DACH2-HVCra-Int",0.201268054528273
"SN439_TAGACCACAGAACTCT","Ex_Pre_KCNH7","Glut-CACNA1H-2",0.208648279468876
"SN439_AGGTCTACAAATGGTA","Ex_Pre_SATB2","Glut-CACNA1H-3",0.347800207956924
"SN439_CTCCGATGTGCTTCAA","Ex_Pre_KCNH7","Glut-DACH2-HVCra-Int",0.235242009509117
"SN439_CAGCCAGTCTCATTAC","Ex_Pre_SATB2","Glut-CACNA1H-3",0.308812472207494
"SN439_GTGCGTGAGTAACGAT","Ex_Pre_KCNH7","Glut-CACNA1H-3",0.240438904380161
"SN439_AGACCCGAGTAGGAAG","Ex_Pre_KCNH7","Glut-DACH2-HVCx",0.675523198199252
"SN439_GACCAATGTACAAGCG","Ex_Pre_SATB2","Glut-CACNA1H-3",0.271976057500977
"SN439_AACCACATCTTGGAAC","Ex_Pre_KCNH7","Glut-CACNA1H-2",0.305286763685186
"SN439_CTGCATCCATCAGCAT","Ex_Pre_KCNH7","Glut-CACNA1H-3",0.227061078074326
"SN439_TGTAACGTCTATCACT","Ex_Pre_SATB2","Glut-CACNA1H-2",0.497985434308438
"SN439_GTGCTGGTCGGATACT","Ex_Pre_KCNH7","Glut-DACH2-HVCx",0.709670756375399
"SN439_GTTCTATGTCCGAAGA","Ex_Pre_SATB2","Glut-CACNA1H-3",0.29824260620804
"SN439_TTGTTCAAGACGTCCC","Ex_Pre_KCNH7","Glut-CACNA1H-2",0.543763988336718
"SN439_ACTGTCCCAATGTCAC","Ex_Pre_SATB2","Glut-CACNA1H-3",0.374963491241858
"SN439_TAGACCAGTATCTTCT","Ex_Pre_SATB2","Glut-CACNA1H-3",0.281007679038394
"SN439_CGGGTCATCCGCAGTG","Ex_Pre_SATB2","Glut-DACH2-1",0.366031786258811
"SN439_AATGCCAAGGTCTACT","Ex_Pre_KCNH7","Glut-CACNA1H-2",0.375527763967785
"SN439_TACGGGCAGTTACTCG","Ex_Pre_KCNH7","Glut-CACNA1H-3",0.234621858940042
"SN439_ACACAGTAGGTTCTAC","Ex_Pre_SATB2","Glut-CACNA1H-2",0.284817526696652
"SN439_CTACAGAAGTTCCTGA","Ex_Pre_KCNH7","Glut-CACNA1H-2",0.240313362247229
"SN439_TAGGAGGGTATGGGAC","Ex_Pre_KCNH7","Glut-DACH2-HVCx",0.733066054201461
"SN439_TAATTCCTCCATGAGT","Ex_Pre_KCNH7","Glut-DACH2-HVCra-Int",0.257572734737646
"SN439_GTGTGGCTCACTTATC","Ex_Pre_KCNH7","Glut-DACH2-3",0.377516912678172
"SN439_GTGCTTCCAATTCTTC","Ex_Pre_KCNH7","Glut-DACH2-HVCra-Int",0.374571042562658
"SN439_CCAATTTGTTTGAACC","Ex_Pre_SATB2","Glut-CACNA1H-3",0.59871018712188
"SN439_GAAGGACTCGGTGTAT","Ex_Pre_SATB2","Glut-CACNA1H-3",0.326647596803626
"SN439_CGTTGGGGTACCCGAC","Ex_Pre_SATB2","Glut-CACNA1H-3",0.408882561148288
"SN439_AATCACGTCAGTCATG","Ex_Pre_KCNH7","Glut-DACH2-HVCx",0.400278406996337
"SN439_GTCTAGACAATGTCTG","Ex_Pre_SATB2","Glut-CACNA1H-3",0.425922555783666
"SN439_AGCCAATGTGAGATTA","Ex_Pre_SATB2","Glut-CACNA1H-2",0.380354704597051
"SN439_TTGTTCAGTAGCTGAG","Ex_Pre_KCNH7","Glut-DACH2-1",0.525990067408032
"SN439_GCCCAGAAGTTGCTGT","Ex_Pre_KCNH7","Glut-DACH2-HVCx",0.243808243632422
"SN439_CGCAGGTCAGCGCTTG","Ex_Pre_KCNH7","Glut-CACNA1H-3",0.327346816444656
"SN439_TTCGGTCCAGCTATTG","Ex_Pre_KCNH7","Glut-DACH2-1",0.385029580912549
"SN439_GCTTCACCAGTTAAAG","Ex_Pre_SATB2","Glut-CACNA1H-3",0.534490702453266
"SN439_TGAGGGAGTCGATTCA","Ex_Pre_SATB2","Glut-CACNA1H-2",0.291991221126323
"SN439_AGCATCACACGGTGCT","Ex_Pre_KCNH7","Glut-DACH2-HVCx",0.758196255795801
"SN439_TGTGTGAAGACAACTA","Ex_Pre_KCNH7","Glut-CACNA1H-3",0.278003679028922
"SN439_TTAGGCAGTATGCGTT","Ex_Pre_KCNH7","Glut-CACNA1H-3",0.241916874458035
"SN439_TCCAGAAAGTAACCGG","Ex_Pre_SATB2","Glut-CACNA1H-2",0.317367606768625
"SN439_GGTAATCAGCACTCCG","Ex_Pre_KCNH7","Glut-CACNA1H-3",0.273600344290572
"SN439_CATCAAGGTCAACATC","Ex_Pre_KCNH7","Glut-CACNA1H-3",0.269238282373919
"SN439_CCGGTGAAGAAGAACG","Ex_Pre_KCNH7","Glut-DACH2-4",0.324710958302607
"SN439_CAGATTGTCAGTGTGT","Ex_Pre_SATB2","Glut-CACNA1H-2",0.343618304475276
"SN439_ATCGGATCACAGCATT","Ex_Pre_KCNH7","Glut-DACH2-HVCra-Int",0.177932115959702
"SN439_TCTCCGACAGTGGCTC","Ex_Pre_KCNH7","Glut-CACNA1H-2",0.327422080897766
"SN439_GGGAAGTTCCGCGATG","Ex_Pre_KCNH7","Glut-CACNA1H-3",0.175244017825328
"SN439_TGTTCTACACCCTAGG","Ex_Pre_KCNH7","Glut-CACNA1H-3",0.303266662699793
"SN439_CCGTGAGCACAAATCC","Ex_Pre_KCNH7","Glut-CACNA1H-3",0.196260139121297
"SN439_AGTGCCGGTAAGAACT","Ex_Pre_SATB2","Glut-CACNA1H-3",0.25237642953143
"SN439_CACTGGGTCACGATAC","Ex_Pre_SATB2","Glut-DACH2-2",0.348633557494393
"SN439_CAGCAATGTCAAATCC","Ex_Pre_KCNH7","Glut-DACH2-2",0.300892748082366
"SN439_GTTATGGAGGAGGGTG","Ex_Pre_KCNH7","Glut-CACNA1H-3",0.337394789580794
"SN439_GTCATTTTCGTAGTGT","Ex_Pre_KCNH7","Glut-CACNA1H-2",0.262320671069041
"SN439_CTGAGCGGTGGAATGC","Ex_Pre_KCNH7","Glut-CACNA1H-3",0.29963842850128
"SN439_CCTACGTTCCTTCTTC","Ex_CACNA1H_PROX1","Glut-CACNA1H-4",0.554922147036138
"SN439_TTCGCTGGTCGGTACC","Ex_CACNA1H_CPA6","Glut-CACNA1H-2",0.99141421091251
"SN439_GAGACTTGTGAGGCAT","Ex_CACNA1H_KIT","Glut-CACNA1H-2",0.471910446441781
"SN439_ACATTTCCACCCTTGT","Ex_CACNA1H_PROX1","Glut-CACNA1H-4",0.703298486576895
"SN439_TGACAGTCAGGTGACA","Ex_CACNA1H_CPA6","Glut-CACNA1H-2",0.961137202276549
"SN439_AGATCGTTCCGATAAC","Ex_CACNA1H_KIT","Glut-CACNA1H-2",0.718382516103125
"SN439_GAGGCAACACCTGATA","Ex_CACNA1H_PROX1","Glut-CACNA1H-4",0.700773831233816
"SN439_CGTAATGAGGTAAGTT","Ex_CACNA1H_PROX1","Glut-CACNA1H-2",0.656462851897165
"SN439_CATAAGCTCACGACTA","Ex_CACNA1H_KIT","Glut-CACNA1H-2",0.834012211446343
"SN439_TTCTCTCTCGCGTTTC","Ex_CACNA1H_PROX1","Glut-CACNA1H-2",0.992571151858227
"SN439_GGTAGAGCACTACAGT","Ex_CACNA1H_PROX1","Glut-DACH2-2",0.626134242178269
"SN439_GTTTACTTCCTTCTTC","Ex_CACNA1H_CPA6","Glut-CACNA1H-2",0.94059457451419
"SN439_GTTCTATGTCACTCTC","Ex_CACNA1H_KIT","Glut-CACNA1H-2",0.801093659512083
"SN439_GCAGCCATCTCGGTCT","Ex_CACNA1H_PROX1","Glut-CACNA1H-4",0.62462633441852
"SN439_CTAGGTAGTCACCGCA","Ex_CACNA1H_CPA6","Glut-CACNA1H-2",0.99333705290759
"SN439_AGTCTCCTCAATCCGA","Ex_CACNA1H_PROX1","Glut-CACNA1H-2",0.664934599745668
"SN439_TCGCACTGTATGTGTC","Ex_CACNA1H_PROX1","Glut-CACNA1H-2",1
"SN439_TCACGCTCAGATTTCG","Ex_CACNA1H_KIT","Glut-CACNA1H-2",0.821478684678918
"SN439_CCACTTGTCCATGCAA","Ex_CACNA1H_PROX1","Glut-CACNA1H-2",0.679923044241127
"SN439_GCACATATCGTAGTGT","Ex_CACNA1H_PROX1","Glut-CACNA1H-2",0.612391048598343
"SN439_ATTCTTGTCTACGGTA","Ex_CACNA1H_CPA6","Glut-CACNA1H-2",0.994688049356043
"SN439_TCATGCCGTCTGATCA","Ex_CACNA1H_PROX1","Glut-CACNA1H-2",1
"SN439_TACCCGTTCCAACCAA","Ex_CACNA1H_PROX1","Glut-CACNA1H-4",0.354172120590428
"SN439_TATATCCGTCCATCTC","Ex_CACNA1H_CPA6","Glut-CACNA1H-2",0.987550052016531
"SN439_CGTAATGAGGTACAGC","Ex_CACNA1H_KIT","Glut-CACNA1H-1",0.630536764347627
"SN439_GACCCAGGTCCGGATC","Ex_CACNA1H_PROX1","Glut-CACNA1H-2",0.728838334230757
"SN439_GGCAGTCTCAAACGTC","Ex_CACNA1H_KIT","Glut-CACNA1H-2",0.54663776399971
"SN439_CTCATCGGTATCAGGG","Ex_CACNA1H_KIT","Glut-CACNA1H-2",0.867959932523313
"SN439_CAGTTAGTCATTACTC","Ex_CACNA1H_PROX1","Glut-CACNA1H-2",0.885466035682583
"SN439_CTCAGGGTCACAGAGG","Ex_CACNA1H_CPA6","Glut-CACNA1H-2",0.613238826032871
"SN439_CCACAAAAGCTGTTCA","Ex_CACNA1H_CPA6","Glut-CACNA1H-2",0.654447054049856
"SN439_GTCATTTCATCGTGCG","Ex_CACNA1H_KIT","Glut-CACNA1H-1",0.297081888678362
"SN439_CATTGAGTCGCCTTTG","Ex_CACNA1H_CPA6","Glut-CACNA1H-2",0.994380687529211
"SN439_CTAGGTAGTAGAGACC","Ex_CACNA1H_PROX1","Glut-CACNA1H-2",0.990498274291838
"SN439_ATCGCCTCACCGGCTA","Ex_CACNA1H_PROX1","Glut-CACNA1H-2",0.975939364021298
"SN439_TGAGGGACATTGACAC","Ex_CACNA1H_PROX1","Glut-CACNA1H-2",1
"SN439_TTCAGGATCAGAGTTC","Ex_CACNA1H_PROX1","Glut-CACNA1H-2",0.859249746090976
"SN439_AATCACGAGCACCCAC","Ex_CACNA1H_CPA6","Glut-CACNA1H-2",0.995656049760595
"SN439_TGAATGCTCGCTGCGA","Ex_CACNA1H_PROX1","Glut-CACNA1H-2",1
"SN439_TAACGACGTCAAAGCG","Ex_CACNA1H_KIT","Glut-CACNA1H-1",0.554633039863798
"SN439_TCAAGTGGTCACCACG","Ex_CACNA1H_KIT","Glut-CACNA1H-2",0.776535232245018
"SN439_AAAGGGCTCGTTGTGA","Ex_CACNA1H_PROX1","Glut-CACNA1H-2",0.756686834509803
"SN439_TCGCTTGGTCGTATTG","Ex_CACNA1H_PROX1","Glut-CACNA1H-4",0.624711982745232
"SN439_AGCGTATTCTATTGTC","Ex_CACNA1H_PROX1","Glut-CACNA1H-4",0.507928386081407
"SN439_TTTCACATCACATTGG","Ex_CACNA1H_PROX1","Glut-DACH2-2",0.615443813513129
"SN439_AACCTGACAGCGATTT","Ex_CACNA1H_PROX1","Glut-CACNA1H-4",0.679646584862874
"SN439_GATGACTTCTACCACC","Ex_CACNA1H_PROX1","Glut-CACNA1H-2",0.620936350026887
"SN439_GCTACCTCAAGACGAC","Ex_CACNA1H_CPA6","Glut-CACNA1H-2",1
"SN439_ATCCGTCTCTAGACCA","Ex_CACNA1H_CPA6","Glut-CACNA1H-2",1
"SN439_TAACACGGTGCGTTTA","Ex_CACNA1H_PROX1","Glut-CACNA1H-2",1
"SN439_TCTTTGAGTTTACCAG","Ex_CACNA1H_CPA6","Glut-CACNA1H-2",0.967377745099824
"SN439_TCCTAATTCAACTCTT","Ex_CACNA1H_PROX1","Glut-CACNA1H-2",0.856441026894847
"SN439_TAACACGAGTAGCAAT","Ex_CACNA1H_PROX1","Glut-CACNA1H-2",0.962133765166543
"SN439_CGCCAGAGTCCCTCAT","Ex_TSHZ2_NR4A2","Glut-CACNA1H-1",0.672174287794025
"SN439_CAAGGGAGTTGCCATA","Ex_CACNA1H_CPA6","Glut-CACNA1H-2",0.991060545359466
"SN439_GGGTTATCACGCACCA","Ex_CACNA1H_PROX1","Glut-CACNA1H-2",0.990094390016679
"SN439_AGTACTGCATAGGTAA","Ex_CACNA1H_KIT","Glut-CACNA1H-2",0.871567221379297
"SN439_CAACCAAAGTCATGGG","Ex_CACNA1H_PROX1","Glut-CACNA1H-2",0.999202436914587
"SN439_GCAACATCAGTCGCAC","Ex_CACNA1H_CPA6","Glut-CACNA1H-2",0.726268035743753
"SN439_CTCCATGTCGACGACC","Ex_CACNA1H_PROX1","Glut-CACNA1H-2",0.804145089839373
"SN439_TGGGCGTTCTCCGTGT","Ex_CACNA1H_KIT","Glut-CACNA1H-2",0.993144315938849
"SN439_ATCTCTATCTTCTCAA","Ex_CACNA1H_CPA6","Glut-CACNA1H-2",0.994683425232084
"SN439_TCAGTTTGTCTTACTT","Ex_CACNA1H_PROX1","Glut-CACNA1H-2",0.838137311987334
"SN439_AGGAATATCACCGGTG","Ex_CACNA1H_PROX1","Glut-CACNA1H-2",0.988576480500214
"SN439_TCGACCTGTGCTGCAC","Ex_CACNA1H_KIT","Glut-CACNA1H-2",0.989057639595596
"SN439_ACCAAACGTTGCTCAA","Ex_CACNA1H_PROX1","Glut-CACNA1H-2",1
"SN439_GTTGTAGCACAGCGCT","Ex_CACNA1H_KIT","Glut-CACNA1H-4",0.50836254223488
"SN439_CGCCATTAGCGATGCA","Ex_CACNA1H_KIT","Glut-CACNA1H-1",0.499619865525875
"SN439_GAACTGTCACGAAGAC","Ex_CACNA1H_CPA6","Glut-CACNA1H-2",0.696361590794302
"SN439_CTTACCGCACTGCACG","Ex_CACNA1H_KIT","Glut-CACNA1H-1",0.384502758495807
"SN439_TCGTCCACATTGCCTC","Ex_CACNA1H_PROX1","Glut-CACNA1H-4",0.754621486939024
"SN439_ACTGCAAGTATGTCTG","Ex_CACNA1H_KIT","Glut-CACNA1H-1",0.532644144710492
"SN439_GGGAAGTAGTCGGCAA","Ex_CACNA1H_KIT","Glut-CACNA1H-4",0.568891300929571
"SN439_AGGTCATTCCAAGCAT","Ex_CACNA1H_KIT","Glut-CACNA1H-2",0.970130772879936
"SN439_AGGCTGCAGAGTAACT","Ex_CACNA1H_KIT","Glut-CACNA1H-4",0.401974571042089
"SN439_CGGTCAGCATTCTTCA","Ex_CACNA1H_KIT","Glut-CACNA1H-2",0.805011265001911
"SN439_CTCAGGGCATCTTCGC","Ex_CACNA1H_KIT","Glut-CACNA1H-2",0.418065981815719
"SN439_CACAGGCGTGCGCTCA","Ex_CACNA1H_KIT","Glut-CACNA1H-1",0.666407689651753
"SN439_GCGAGAAGTCTGTCCT","Ex_CACNA1H_KIT","Glut-CACNA1H-2",0.937272224888239
"SN439_TACCCACAGACTTCGT","Ex_CACNA1H_PROX1","Glut-CACNA1H-2",0.903591110887058
"SN439_TTGAGTGTCCTTCAGC","Ex_CACNA1H_PROX1","Glut-CACNA1H-2",0.498871921003542
"SN439_CTCATGCAGTCTAGAA","Ex_CACNA1H_CPA6","Glut-CACNA1H-2",0.918439946486759
"SN439_AACGAAAGTTGCGAAG","Ex_CACNA1H_CPA6","Glut-CACNA1H-2",0.967937406936353
"SN439_CCTTCAGGTAGCTGAG","Ex_CACNA1H_KIT","Glut-CACNA1H-2",0.755375877493713
"SN439_TGAATCGAGGCCTAGA","Ex_CACNA1H_CPA6","Glut-CACNA1H-2",0.753105136315621
"SN439_TGCGGGTCACTTGAAC","Ex_CACNA1H_KIT","Glut-CACNA1H-2",0.937828720998126
"SN439_AGCCAATAGGAAGAAC","Ex_CACNA1H_CPA6","Glut-CACNA1H-2",0.936788683715564
"SN439_TATCTTGCACTCTGCT","Ex_CACNA1H_KIT","Glut-CACNA1H-2",0.89204537484254
"SN439_GGTCTGGGTATGGTAA","Ex_CACNA1H_PROX1","Glut-CACNA1H-2",0.438398719374542
"SN439_CGTTAGAGTCACTTAG","Ex_CACNA1H_CPA6","Glut-CACNA1H-2",0.994096211339151
"SN439_CATTGTTCAATCCAGT","Ex_CACNA1H_PROX1","Glut-CACNA1H-2",0.984289719669117
"SN439_GGGAGTAAGGTTCCAT","Ex_CACNA1H_PROX1","Glut-CACNA1H-2",0.607496574044436
"SN439_TGCTGAATCGCTTACC","Ex_CACNA1H_CPA6","Glut-CACNA1H-2",0.995901991726064
"SN439_TCACGGGGTACGAGCA","Ex_CACNA1H_CPA6","Glut-CACNA1H-4",0.389565620747293
"SN439_AGGTGTTGTACCTAGT","Ex_CACNA1H_PROX1","Glut-CACNA1H-4",0.685733787509402
"SN439_GAGTTACGTTCGTACA","Ex_CACNA1H_KIT","Glut-DACH2-2",0.43107342199408
"SN439_TCCGATCAGGATCACG","Ex_CACNA1H_PROX1","Glut-CACNA1H-4",0.391330654111896
"SN439_GGGCTACTCCGCAAAT","Ex_CACNA1H_KIT","Glut-CACNA1H-1",0.604426627552121
"SN439_CACCAAACAAGAGTGC","Ex_CACNA1H_KIT","Glut-CACNA1H-2",0.98415013350759
"SN439_CTCCACAGTCTAGGCC","Ex_CACNA1H_PROX1","Glut-CACNA1H-4",0.362807022160367
"SN439_AAAGGTAAGTATGCAA","Ex_CACNA1H_PROX1","Glut-CACNA1H-2",1
"SN439_GCTTGGGTCTGCTTAT","Ex_CACNA1H_CPA6","Glut-CACNA1H-2",0.562876954787434
"SN439_CTGGCAGCAACAGCTT","Ex_CACNA1H_KIT","Glut-CACNA1H-2",0.603407132473046
"SN439_GCACTAAGTGAGCTCC","Ex_CACNA1H_KIT","Glut-CACNA1H-1",0.569891444277342
"SN439_ATAGACCGTATCGTTG","Ex_CACNA1H_KIT","Glut-CACNA1H-2",0.660578171186764
"SN439_GTCTCACGTCGTACAT","Ex_CACNA1H_KIT","Glut-CACNA1H-2",0.516207304462985
"SN439_ATATCCTCAAGCACAG","Ex_CACNA1H_KIT","Glut-CACNA1H-2",0.963963357122666
"SN439_ATACTTCAGTGTACAA","Ex_CACNA1H_KIT","Glut-CACNA1H-2",0.917452341610715
"SN439_GCATGATCACTTGGCG","Ex_CACNA1H_CPA6","Glut-CACNA1H-2",1
"SN439_GTCTAGACATCGAGCC","Ex_CACNA1H_KIT","Glut-CACNA1H-2",0.946390962526973
"SN439_AGACTCACAATAGGAT","Ex_CACNA1H_KIT","Glut-CACNA1H-2",0.592426491328388
"SN439_CTGTGGGTCTAACACG","Ex_CACNA1H_KIT","Glut-CACNA1H-2",0.58718557034369
"SN439_TTCCGTGCACGCACCA","Ex_CACNA1H_KIT","Glut-CACNA1H-1",0.489396075565104
"SN439_CGCCATTCAACGGGTA","Ex_CACNA1H_KIT","Glut-CACNA1H-2",0.999290656018342
"SN439_ACCATTTGTAGCGAGT","Ex_CACNA1H_PROX1","Glut-CACNA1H-2",0.999241601931098
"SN439_TCTATCAAGGCATCGA","Ex_CACNA1H_KIT","Glut-CACNA1H-2",0.794944252739868
"SN439_ACCCTTGTCCAGTGCG","Ex_CACNA1H_KIT","Glut-CACNA1H-2",0.98614184043514
"SN439_ACGCACGGTCTACATG","Ex_CACNA1H_KIT","Glut-CACNA1H-2",0.67064066967195
"SN439_CCCATTGCATTGAAGA","Ex_CACNA1H_PROX1","Glut-CACNA1H-2",0.803670110270922
"SN439_GTTACAGAGCCAGAGT","Ex_CACNA1H_PROX1","Glut-DACH2-2",0.647234909565102
"SN439_CATGGTATCACACCGG","Ex_CACNA1H_CPA6","Glut-CACNA1H-4",0.574742883279662
"SN439_TGGGAAGTCTTAAGGC","Ex_CACNA1H_KIT","Glut-CACNA1H-2",0.783677164711346
"SN439_TACTGCCCACGAGGAT","Ex_CACNA1H_PROX1","Glut-CACNA1H-2",0.983935678256308
"SN439_ATCGTCCAGAACTCCT","Ex_CACNA1H_PROX1","Glut-CACNA1H-2",1
"SN439_ACCTACCCATAGAATG","Ex_CACNA1H_PROX1","Glut-CACNA1H-4",0.605581233591262
"SN439_CCTCAACTCAGCAATC","Ex_CACNA1H_KIT","Glut-CACNA1H-2",1
"SN439_AGATCCAAGAGTGACC","Ex_CACNA1H_PROX1","Glut-CACNA1H-2",0.453554743176231
"SN439_CGTCCATAGCCAGACA","Ex_CACNA1H_PROX1","Glut-CACNA1H-4",0.618375840942803
"SN439_TTCCAATTCATCACCC","Ex_CACNA1H_KIT","Glut-CACNA1H-2",0.943516644792515
"SN439_AACCACACAAGAGTAT","Ex_CACNA1H_KIT","Glut-CACNA1H-4",0.596310217959699
"SN439_TCATGCCAGCGTGTCC","Ex_CACNA1H_PROX1","Glut-CACNA1H-4",0.479010384386972
"SN439_GTCACTCAGAGGATGA","Ex_CACNA1H_KIT","Glut-CACNA1H-4",0.561527243055718
"SN439_GCCTGTTGTAGCGATG","Ex_CACNA1H_PROX1","Glut-DACH2-2",0.56521695505865
"SN439_GTGAGGAGTCAGACTT","Ex_CACNA1H_KIT","Glut-CACNA1H-4",0.597254749486201
"SN439_TTACGTTGTAAGCGGT","Ex_CACNA1H_KIT","Glut-CACNA1H-2",0.746256801733612
"SN439_CAAGAGGGTTCACGAT","Ex_CACNA1H_KIT","Glut-CACNA1H-2",0.450206679609285
"SN439_GTAATGCCAATCGAAA","Ex_CACNA1H_KIT","Glut-CACNA1H-2",0.506301210256499
"SN439_AGGAAATAGCTGGCTC","Ex_CACNA1H_KIT","Glut-CACNA1H-2",0.3934947292136
"SN439_GATTTCTCAAGAATAC","Ex_CACNA1H_CPA6","Glut-CACNA1H-2",0.451940442309943
"SN439_GCACTAATCAAGGTGG","Ex_CACNA1H_KIT","Glut-CACNA1H-1",0.340450746311222
"SN439_TCCGGGAGTGCTGCAC","Ex_CACNA1H_KIT","Glut-CACNA1H-2",0.424042473661185
"SN439_AGGGTGAAGAGTTGTA","Ex_CACNA1H_KIT","Glut-CACNA1H-2",0.984537595554106
"SN439_ATTCAGGCAGACCAAG","Ex_CACNA1H_PROX1","Glut-CACNA1H-2",0.656097222928493
"SN439_CATCGTCCATTACTCT","Ex_CACNA1H_KIT","Glut-CACNA1H-2",0.958028067146782
"SN439_GAGGCAAAGGTCGAGT","Ex_CACNA1H_KIT","Glut-DACH2-2",0.64400956247256
"SN439_CATCGGGCAGCAGTCC","Ex_CACNA1H_CPA6","Glut-CACNA1H-2",0.987613675969513
"SN439_ATGTCCCAGCGAGGAG","Ex_CACNA1H_KIT","Glut-CACNA1H-2",0.992138530849743
"SN439_TCGCAGGTCATCAGTG","Ex_CACNA1H_PROX1","Glut-CACNA1H-2",0.906916581628516
"SN439_CTTCCGACACGACAGA","Ex_CACNA1H_PROX1","Glut-CACNA1H-4",0.660935714027504
"SN439_TCATTCAGTAATTAGG","Ex_CACNA1H_CPA6","Glut-CACNA1H-2",0.520284189900317
"SN439_TCTTCCTTCTAGAACC","Ex_TSHZ2_NR4A2","Glut-CACNA1H-1",0.443779569345745
"SN439_ATGGATCAGATTAGCA","Ex_CACNA1H_CPA6","Glut-CACNA1H-2",0.798436210156041
"SN439_TCCATGCTCGGAGTGA","Ex_CACNA1H_PROX1","Glut-CACNA1H-2",0.984064543929234
"SN439_ACACGCGCATACCAGT","Ex_CACNA1H_CPA6","Glut-CACNA1H-2",0.542822016189189
"SN439_TGAGCGCTCGGCTATA","Ex_CACNA1H_PROX1","Glut-CACNA1H-4",0.572527609408847
"SN439_TAAGTCGGTCGAGTTT","Ex_CACNA1H_CPA6","Glut-CACNA1H-2",0.788789966986843
"SN439_GGGACTCGTTCACCGG","Ex_CACNA1H_PROX1","Glut-CACNA1H-2",0.97889862548884
"SN439_AGGGAGTTCGCAATGT","Ex_CACNA1H_KIT","Glut-CACNA1H-1",0.668237647131127
"SN439_CGCCATTTCTTAGGAC","Ex_CACNA1H_PROX1","Glut-CACNA1H-2",0.567623755861518
"SN439_TTCAGGATCTTCGGAA","Ex_CACNA1H_PROX1","Glut-CACNA1H-2",0.980873688387265
"SN439_GTTGTAGTCTGGCTGG","Ex_CACNA1H_PROX1","Glut-CACNA1H-2",0.316525490040122
"SN439_GGGTCTGCAACACTAC","Ex_CACNA1H_PROX1","Glut-CACNA1H-2",0.834248883466952
"SN439_AGGCATTGTTGCCGCA","Ex_CACNA1H_PROX1","Glut-CACNA1H-2",0.490699430388553
"SN439_TGTAACGCACCCAATA","Ex_CACNA1H_CPA6","Glut-CACNA1H-4",0.589224574702547
"SN439_GCTGCAGCACGAAAGC","Ex_CACNA1H_KIT","Glut-CACNA1H-2",0.351813915429903
"SN439_CAAAGAAGTGGCCCAT","Ex_CACNA1H_KIT","Glut-CACNA1H-2",0.808414359657191
"SN439_TCGTCCATCCCTCTAG","Ex_CACNA1H_KIT","Glut-CACNA1H-2",0.929359590836881
"SN439_AAGACAAGTGGGCTTC","Ex_CACNA1H_CPA6","Glut-CACNA1H-2",0.978196384296307
"SN439_TGCACGGTCGCAATGT","Ex_CACNA1H_PROX1","Glut-CACNA1H-2",1
"SN439_AGCATCAGTCTGTGCG","Ex_CACNA1H_PROX1","Glut-CACNA1H-2",0.388172015918008
"SN439_TGGAGAGAGAGAGTGA","Ex_CACNA1H_PROX1","Glut-CACNA1H-2",1
"SN439_TGCAGGCCACGCTGCA","Ex_CACNA1H_KIT","Glut-CACNA1H-2",0.804353739664455
"SN439_TTAGGGTGTGAGGCAT","Ex_CACNA1H_PROX1","Glut-CACNA1H-2",0.807441735841161
"SN439_TCAGCAAAGAGACAAG","Ex_CACNA1H_PROX1","Glut-CACNA1H-2",0.439972951754085
"SN439_AGTGTTGAGCAAGTGC","Ex_CACNA1H_PROX1","Glut-DACH2-1",0.304843432030194
"SN439_CTCAGTCGTCGACTTA","Ex_CACNA1H_PROX1","Glut-CACNA1H-2",0.962586059584146
"SN439_ACAAAGAAGGCATCAG","Ex_CACNA1H_KIT","Glut-CACNA1H-1",0.639445984283302
"SN439_TGTCAGAGTCGAGATG","Ex_CACNA1H_PROX1","Glut-CACNA1H-2",0.993661121366251
"SN439_CGTAAGTTCAAATGAG","Ex_CACNA1H_KIT","Glut-CACNA1H-4",0.306214987538278
"SN439_GTTACGATCCTCTCGA","Ex_CACNA1H_CPA6","Glut-CACNA1H-2",0.793437067513997
"SN439_GCGGAAACAAATGATG","Ex_CACNA1H_PROX1","Glut-CACNA1H-4",0.521355630599793
"SN439_CAACCAAAGCGGTATG","Ex_CACNA1H_KIT","Glut-CACNA1H-2",0.716751786384417
"SN439_TTGCGTCCAGGTGTTT","Ex_CACNA1H_CPA6","Glut-CACNA1H-1",0.637840701627448
"SN439_TGGGTTAAGCTCGACC","Ex_CACNA1H_KIT","Glut-CACNA1H-1",0.481881309079498
"SN439_CCGGTGAGTTAGAAAC","Ex_CACNA1H_KIT","Glut-CACNA1H-2",1
"SN439_GTTGCGGAGGTTGTTC","Ex_CACNA1H_PROX1","Glut-CACNA1H-2",0.996449331858516
"SN439_AGACTCACATCATGAC","Ex_CACNA1H_PROX1","Glut-CACNA1H-4",0.693850258066007
"SN439_CAGATCAGTGTGTTTG","Ex_CACNA1H_PROX1","Glut-CACNA1H-2",0.657415567012483
"SN439_ATTCTACGTCGCCTAG","Ex_CACNA1H_PROX1","Glut-CACNA1H-2",0.910362630212586
"SN439_CGTTGGGGTCATACCA","Ex_TSHZ2_NR4A2","Glut-CACNA1H-1",0.769484146681757
"SN439_GCTACCTCATGGCTGC","Ex_CACNA1H_CPA6","Glut-CACNA1H-2",1
"SN439_GACCAATTCATTGCTT","Ex_CACNA1H_PROX1","Glut-CACNA1H-2",0.676200382843387
"SN439_GTCACTCGTTGTGCCG","Ex_CACNA1H_PROX1","Glut-DACH2-2",0.364728204970542
"SN439_AGCTACAGTATCAGCT","Ex_CACNA1H_PROX1","Glut-CACNA1H-2",1
"SN439_CATGGTAAGAAAGTCT","Ex_CACNA1H_KIT","Glut-CACNA1H-1",0.510712436291207
"SN439_CGACAGCAGAGCGACT","Ex_CACNA1H_KIT","Glut-CACNA1H-2",0.521921420576321
"SN439_CACCAAAAGTCTGTAC","Ex_CACNA1H_CPA6","Glut-CACNA1H-2",0.954756715777845
"SN439_CAGTTAGCAGGGAGAG","Ex_CACNA1H_PROX1","Glut-CACNA1H-2",1
"SN439_GCATGATAGAACGTGC","Ex_CACNA1H_KIT","Glut-CACNA1H-2",0.527074559419532
"SN439_CGAGGCTTCGGCAGTC","Ex_CACNA1H_PROX1","Glut-CACNA1H-2",0.984489348844661
"SN439_TTGTGTTTCCTTTGAT","Ex_CACNA1H_KIT","Glut-CACNA1H-1",0.31419508004938
"SN439_TCCATCGAGCCTCCAG","Ex_CACNA1H_PROX1","Glut-CACNA1H-4",0.552276927978878
"SN439_GAGAAATCATCAGTGT","Ex_CACNA1H_CPA6","Glut-CACNA1H-2",1
"SN439_TCTGGCTAGTTCTCTT","Ex_CACNA1H_PROX1","Glut-CACNA1H-4",0.634622768278543
"SN439_GCGTGCAAGCGCTGAA","Ex_CACNA1H_PROX1","Glut-CACNA1H-2",0.865186424356056
"SN439_TTGGATGTCTACTGCC","Ex_CACNA1H_CPA6","Glut-CACNA1H-2",1
"SN439_CAGCCAGTCTGGTGGC","Ex_CACNA1H_KIT","Glut-CACNA1H-2",0.721994234979519
"SN439_CAATGACTCGAAGAAT","Ex_CACNA1H_PROX1","Glut-CACNA1H-2",0.518630875431363
"SN439_TAGGTTGGTATTCTCT","Ex_CACNA1H_PROX1","Glut-CACNA1H-2",0.978200850816714
"SN439_TTTGTTGGTAGGGAGG","Ex_CACNA1H_KIT","Glut-CACNA1H-2",0.85897940438599
"SN439_CCACGTTGTGTTTGCA","Ex_CACNA1H_PROX1","Glut-CACNA1H-4",0.701152399998
"SN439_CATAGACCAGGTAGTG","Ex_CACNA1H_KIT","Glut-CACNA1H-1",0.705012168260342
"SN439_CACAGGCAGGATTTGA","Ex_CACNA1H_PROX1","Glut-CACNA1H-4",0.560733578476721
"SN439_AAGTGAACAATTTCTC","Ex_CACNA1H_PROX1","Glut-CACNA1H-4",0.346527498678283
"SN439_CATCAAGCACAGTACT","Ex_CACNA1H_PROX1","Glut-CACNA1H-2",0.750235519023568
"SN439_GCCCAGACAGGTTTAC","Ex_CACNA1H_PROX1","Glut-CACNA1H-4",0.262022668579944
"SN439_TTAGGGTGTTATTCTC","Ex_CACNA1H_KIT","Glut-CACNA1H-1",0.7174661063585
"SN439_TCACGCTGTCCAATCA","Ex_CACNA1H_KIT","Glut-CACNA1H-2",1
"SN439_GGCTGTGCATCGCTGG","Ex_CACNA1H_PROX1","Glut-CACNA1H-2",0.556099767768385
"SN439_TAGAGTCCATGGCGCT","Ex_CACNA1H_PROX1","Glut-CACNA1H-2",0.410012211646438
"SN439_CCTATCGCATGGCGCT","Ex_CACNA1H_CPA6","Glut-CACNA1H-2",0.996261371662431
"SN439_CGCCAGACAAATGGCG","Ex_CACNA1H_PROX1","Glut-CACNA1H-4",0.465215583817909
"SN439_AGCCACGCACAACATC","Ex_CACNA1H_PROX1","Glut-CACNA1H-2",0.555855561560808
"SN439_GATCATGAGTCCGTCG","Ex_CACNA1H_PROX1","Glut-CACNA1H-4",0.512768513508568
"SN439_GGGACTCCAAGGACAC","Ex_CACNA1H_CPA6","Glut-CACNA1H-2",0.997450481817041
"SN439_CCTCCTCTCTACGCAA","Ex_CACNA1H_PROX1","Glut-DACH2-2",0.390696254661114
"SN439_GAAATGAAGCGTCTCG","Ex_CACNA1H_PROX1","Glut-CACNA1H-2",0.627192392052941
"SN439_GGCTGTGTCAGAGTGG","Ex_CACNA1H_KIT","Glut-CACNA1H-2",0.87112578406536
"SN439_GGAAGTGGTTACACAC","Ex_CACNA1H_KIT","Glut-CACNA1H-1",0.500494969728702
"SN439_ACATCGATCATTGTGG","Ex_CACNA1H_KIT","Glut-CACNA1H-2",0.594971358615702
"SN439_ATTTCTGTCTAGGAAA","Ex_CACNA1H_PROX1","Glut-CACNA1H-2",0.426005900828562
"SN439_GCAGCTGTCAAGTGGG","Ex_CACNA1H_CPA6","Glut-CACNA1H-2",0.997495887231999
"SN439_AGGTCTACACTACGGC","Ex_CACNA1H_KIT","Glut-CACNA1H-2",0.991750757740315
"SN439_TGAGGAGAGACTACGG","Ex_CACNA1H_PROX1","Glut-CACNA1H-2",0.689778120611859
"SN439_GACTATGCAACTACGT","Ex_CACNA1H_PROX1","Glut-CACNA1H-4",0.767955968082358
"SN439_GCTTCACGTAGATGTA","Ex_CACNA1H_PROX1","Glut-CACNA1H-2",0.621096695643611
"SN439_AGGTGTTAGGAAGAAC","Ex_CACNA1H_PROX1","Glut-CACNA1H-2",0.949522997184286
"SN439_TAACACGAGGTCACTT","Ex_CACNA1H_KIT","Glut-CACNA1H-1",0.629824255192577
"SN439_CTCCCAAAGGTCATAA","Ex_CACNA1H_CPA6","Glut-CACNA1H-2",0.784909412802319
"SN439_GTGCTTCAGTAACAGT","Ex_CACNA1H_KIT","Glut-CACNA1H-2",0.456651051191187
"SN439_CACACAACAGCGCTTG","Ex_TSHZ2_NR4A2","Glut-CACNA1H-1",0.774127504568469
"SN439_CAGGGCTCATGCAGGA","Ex_CACNA1H_PROX1","Glut-CACNA1H-2",0.991323753822532
"SN439_GTGCACGAGGTGAGAA","Ex_CACNA1H_PROX1","Glut-DACH2-2",0.35553320692311
"SN439_CTGTATTCAGGAATAT","Ex_CACNA1H_KIT","Glut-CACNA1H-2",0.999265886649633
"SN439_GGGATGAAGATAGTGT","Ex_CACNA1H_PROX1","Glut-CACNA1H-4",0.640470903548221
"SN439_GGGCTACTCCTCTTTC","Ex_CACNA1H_KIT","Glut-CACNA1H-4",0.692754471200291
"SN439_CGATGGCAGATGAATC","Ex_CACNA1H_PROX1","Glut-CACNA1H-2",0.923399173037305
"SN439_GTTGAACGTAGGGTAC","Ex_CACNA1H_PROX1","Glut-DACH2-2",0.573300069774305
"SN439_ACGTTCCCAAGACGGT","Ex_CACNA1H_PROX1","Glut-CACNA1H-2",0.948547344032381
"SN439_CCGGACAAGGTTCATC","Ex_CACNA1H_CPA6","Glut-CACNA1H-2",0.996700391151296
"SN439_TCAGCCTAGCGTCTGC","Ex_CACNA1H_PROX1","Glut-CACNA1H-2",0.980034588124434
"SN439_AATGGAATCGCAGTTA","Ex_CACNA1H_PROX1","Glut-CACNA1H-4",0.411488900392677
"SN439_AAGGAATCAGGGTTGA","Ex_CACNA1H_CPA6","Glut-CACNA1H-2",0.561921867975629
"SN439_TTCCAATGTACCGTCG","Ex_CACNA1H_PROX1","Glut-CACNA1H-2",0.911672589187529
"SN439_AGGAATATCTCCTACG","Ex_CACNA1H_KIT","Glut-CACNA1H-2",0.815985014214632
"SN439_AGGATCTCAAGAGTTA","Ex_CACNA1H_PROX1","Glut-CACNA1H-2",0.991766109575521
"SN439_TGTACAGAGATTAGAC","Ex_CACNA1H_PROX1","Glut-CACNA1H-2",0.273558535222853
"SN439_ACCAACATCCTGGTCT","Ex_CACNA1H_KIT","Glut-CACNA1H-4",0.653822005634708
"SN439_TCCTCCCTCCGGCAAC","Ex_CACNA1H_PROX1","Glut-CACNA1H-4",0.363300622302899
"SN439_GCAACATGTTAGCGGA","Ex_CACNA1H_KIT","Glut-CACNA1H-4",0.670673772780541
"SN439_TACGGTACAGTTGTCA","Ex_CACNA1H_PROX1","Glut-DACH2-2",0.350380075501478
"SN439_TGGTTAGGTAGAATGT","Ex_CACNA1H_KIT","Glut-CACNA1H-1",0.474127536842271
"SN439_CTACTATGTAATGATG","Ex_CACNA1H_KIT","Glut-CACNA1H-2",0.725606811421865
"SN439_TAAGCGTAGTGTACCT","Ex_CACNA1H_CPA6","Glut-CACNA1H-4",0.685081842089028
"SN439_CCGCAAGGTTCTCGTC","Ex_CACNA1H_CPA6","Glut-CACNA1H-2",0.856710037461008
"SN439_CGTTAGAGTAGAGTTA","Ex_CACNA1H_PROX1","Glut-CACNA1H-2",0.655169118911493
"SN439_CCTCAACGTCGATTAC","Ex_CACNA1H_KIT","Glut-CACNA1H-1",0.525595793249949
"SN439_CTGCGAGAGTTTCAGC","Ex_CACNA1H_KIT","Glut-CACNA1H-2",0.640969666084319
"SN439_GTGGTTATCGGCATCG","Ex_CACNA1H_PROX1","Glut-DACH2-2",0.446727963363853
"SN439_TAGATCGGTCCTACAA","Ex_CACNA1H_KIT","Glut-CACNA1H-2",0.889244235839385
"SN439_TAGATCGCAACTGAAA","Ex_CACNA1H_CPA6","Glut-CACNA1H-2",0.531996705474279
"SN439_GCATTAGAGCCTGAGA","Ex_CACNA1H_PROX1","Glut-CACNA1H-4",0.301061005127314
"SN439_CATGCCTAGCCTCTTC","Ex_CACNA1H_CPA6","Glut-CACNA1H-2",0.990729661317422
"SN439_ATTTCTGAGCGTCTCG","Ex_CACNA1H_PROX1","Glut-CACNA1H-4",0.331369941406222
"SN439_TCTACATGTGTTAAAG","Ex_CACNA1H_KIT","Glut-CACNA1H-2",0.946677932028587
"SN439_CTGTCGTGTGGGCTCT","Ex_CACNA1H_PROX1","Glut-CACNA1H-2",0.928601916057087
"SN439_GATGCTAGTCGAGATG","Ex_CACNA1H_PROX1","Glut-CACNA1H-2",0.542071490569465
"SN439_GGAATGGGTTGCGGCT","Ex_CACNA1H_PROX1","Glut-CACNA1H-2",0.601711278011502
"SN439_CTCCTTTTCGAGTACT","Ex_CACNA1H_KIT","Glut-CACNA1H-2",0.934410026311494
"SN439_TGGAACTGTGTCCATA","Ex_CACNA1H_PROX1","Glut-CACNA1H-2",0.278899974555047
"SN439_GAGATGGGTGGTACAG","Ex_CACNA1H_PROX1","Glut-CACNA1H-2",0.994166915265819
"SN439_ATGGGTTTCCCGGTAG","Ex_CACNA1H_CPA6","Glut-CACNA1H-2",0.962734401676638
"SN439_TTCAATCAGAAGCCTG","Ex_CACNA1H_CPA6","Glut-CACNA1H-2",0.95825510274007
"SN439_TACCCACAGACGGATC","Ex_CACNA1H_KIT","Glut-CACNA1H-2",0.345774506621432
"SN439_CATCCACAGCAGGCTA","Ex_CACNA1H_CPA6","Glut-CACNA1H-4",0.652183463524805
"SN439_TCCTAATTCTGAATCG","Ex_CACNA1H_PROX1","Glut-CACNA1H-4",0.570521945475335
"SN439_AGGTGTTAGCAAACAT","Ex_CACNA1H_CPA6","Glut-CACNA1H-2",0.997564279558712
"SN439_TCTTGCGAGTGTACAA","Ex_CACNA1H_PROX1","Glut-CACNA1H-4",0.343567045468083
"SN439_GTCATGATCAGCTGTA","Ex_CACNA1H_PROX1","Glut-CACNA1H-4",0.510037960957178
"SN439_TTGATGGAGGGCGAGA","Ex_CACNA1H_PROX1","Glut-DACH2-3",0.314290843838619
"SN439_CTATAGGAGTCGAAAT","Ex_CACNA1H_KIT","Glut-CACNA1H-2",0.830831341947868
"SN439_TTCAGGACAGAGGAAA","Ex_CACNA1H_PROX1","Glut-CACNA1H-2",0.441619264841625
"SN439_AATTTCCTCACCCTGT","Ex_CACNA1H_KIT","Glut-CACNA1H-2",0.247105766218156
"SN439_CGGCAGTAGAAGATCT","Ex_CACNA1H_CPA6","Glut-CACNA1H-2",0.942265929625895
"SN439_AGTACTGAGTGTAGAT","Ex_CACNA1H_PROX1","Glut-CACNA1H-2",0.975630112111483
"SN439_CATCCGTTCGAGTGGA","Ex_CACNA1H_CPA6","Glut-CACNA1H-2",0.827462605577374
"SN439_AAAGGGCGTAACATAG","Ex_CACNA1H_KIT","Glut-CACNA1H-2",0.532815988997168
"SN439_TCATGCCCATACATCG","Ex_CACNA1H_PROX1","Glut-DACH2-2",0.444659121577275
"SN439_TTTGTTGAGCGTGTCC","Ex_CACNA1H_KIT","Glut-CACNA1H-1",0.737947645118428
"SN439_AGGTGTTTCTTTCTAG","Ex_CACNA1H_CPA6","Glut-CACNA1H-2",0.653399390356766
"SN439_AACAAAGAGACTGTTC","Ex_CACNA1H_CPA6","Glut-CACNA1H-2",0.557920192956753
"SN439_CCGGTGAAGCGTCAGA","Ex_CACNA1H_CPA6","Glut-CACNA1H-4",0.508232624835092
"SN439_GCACGTGAGATTAGCA","Ex_CACNA1H_PROX1","Glut-CACNA1H-2",0.434362353691882
"SN439_CACTAAGCATCGGAAG","Ex_CACNA1H_PROX1","Glut-CACNA1H-2",0.958868253999958
"SN439_GTCGCGAAGGCCTGCT","Ex_CACNA1H_PROX1","Glut-DACH2-2",0.410292778103845
"SN439_AGGATCTTCGTACCTC","Ex_CACNA1H_CPA6","Glut-CACNA1H-2",0.338937589846837
"SN439_TCCGATCTCATCTCTA","Ex_CACNA1H_CPA6","Glut-DACH2-6",0.295895472233502
"SN439_AAGTTCGTCGCGTCGA","Ex_CACNA1H_PROX1","Glut-CACNA1H-2",0.681014938490778
"SN439_ATCAGGTGTCCACTCT","Ex_DACH2_GRIK4","Glut-DACH2-1",0.787679904763456
"SN439_GCAGTTATCTCGGTCT","Ex_DACH2_ITGA9","Glut-DACH2-1",0.494047117602374
"SN439_GTAGCTAAGAAATTGC","Ex_DACH2_LHX2","Glut-DACH2-1",0.643990782813544
"SN439_GCATGATCACCTAAAC","Ex_CACNA1H_MCTP2","Glut-CACNA1H-4",0.496387338807862
"SN439_TACCCGTTCGGCTTCT","Ex_DACH2_ITGA9","Glut-DACH2-4",0.577573786535038
"SN439_AACCAACTCTCTTCAA","Ex_DACH2_MGAT4C","Glut-DACH2-7",0.535616199315016
"SN439_TTCTCTCCAGCTAACT","Ex_DACH2_LHX2","Glut-DACH2-1",0.762582702310594
"SN439_TGATGCATCATTGCGA","Ex_CACNA1H_MCTP2","Glut-CACNA1H-4",0.420267786533421
"SN439_TTACGCCCAATGTTGC","Ex_DACH2_ITGA9","Glut-DACH2-LMANsh",0.377082381115733
"SN439_GAACTGTTCGCCATAA","Ex_DACH2_ITGA9","Glut-DACH2-3",0.770247703126839
"SN439_GGCACGTTCAAGTGTC","Ex_DACH2_ITGA9","Glut-DACH2-3",0.91838386799257
"SN439_TTTACGTGTCAGTCTA","Ex_CACNA1H_MCTP2","Glut-DACH2-2",0.560109180816508
"SN439_TCATTCAAGCATTGAA","Ex_CACNA1H_MCTP2","Glut-CACNA1H-2",0.723137971759398
"SN439_GTCTAGAGTACCAATC","Ex_CACNA1H_MCTP2","Glut-CACNA1H-4",0.511487135637524
"SN439_CACAACAGTAATGCTC","Ex_DACH2_LHX2","Glut-DACH2-2",0.78840339608382
"SN439_CTAACTTAGCTCCCTT","Ex_CACNA1H_MCTP2","Glut-DACH2-2",0.29627310242887
"SN439_TTAGGGTCAGTATACC","Ex_DACH2_RORB","Glut-DACH2-3",0.558449423496712
"SN439_CAACAACCAAGTAGTA","Ex_DACH2_GRIK4","Glut-DACH2-7",0.479302309997418
"SN439_GTCAAACAGAATTGTG","Ex_DACH2_ITGA9","Glut-DACH2-4",0.50699854954958
"SN439_CCTCTAGTCTACTGAG","Ex_CACNA1H_MCTP2","Glut-CACNA1H-4",0.476520298228933
"SN439_GCCATTCAGTCGTTAC","Ex_DACH2_NR4A3","Glut-DACH2-1",0.366040883532066
"SN439_TCTGGCTAGATGTTCC","Ex_DACH2_ITGA9","Glut-DACH2-1",0.469725748016015
"SN439_AACGGGACAAATCAGA","Ex_CACNA1H_MCTP2","Glut-DACH2-2",0.598104798700143
"SN439_TGAGCGCTCAGCTGAT","Ex_DACH2_GRIK4","Glut-DACH2-7",0.412934969508597
"SN439_TACGGGCGTGATACAA","Ex_CACNA1H_MCTP2","Glut-DACH2-2",0.58593633140467
"SN439_CCCAACTTCGACTCCT","Ex_CACNA1H_MCTP2","Glut-DACH2-2",0.50374714882857
"SN439_ATCCACCAGTACGAGC","Ex_DACH2_GRIK4","Glut-DACH2-2",0.336464165821955
"SN439_CAAGGGAAGCGCCTCA","Ex_DACH2_ITGA9","Glut-DACH2-4",0.387833809647118
"SN439_TTACGTTAGAAACTGT","Ex_DACH2_NR4A3","Glut-DACH2-7",0.922637827446748
"SN439_CGGTCAGGTAATACCC","Ex_DACH2_ITGA9","Glut-DACH2-HVCra",0.642110476386161
"SN439_ACTTTGTCAACCACGC","Ex_DACH2_ITGA9","Glut-DACH2-7",0.343625254912463
"SN439_TGATGCACAGAGTGAC","Ex_CACNA1H_MCTP2","Glut-DACH2-2",0.565332387975165
"SN439_GAAGGGTCACAACGAG","Ex_DACH2_ITGA9","Glut-DACH2-4",0.481499928091203
"SN439_TCACGCTTCCTCGATC","Ex_DACH2_TAC1","Glut-DACH2-3",0.668563951556512
"SN439_TGCGACGCACATACTG","Ex_DACH2_ITGA9","Glut-CACNA1H-4",0.433745641686477
"SN439_CACCGTTAGTTCAACC","Ex_DACH2_GRIK4","Glut-DACH2-1",0.815551196335894
"SN439_ATTTACCGTAGGTTTC","Ex_DACH2_SLIT2","Glut-DACH2-1",0.677957114566807
"SN439_GCCAACGGTGAATTGA","Ex_DACH2_ITGA9","Glut-DACH2-4",0.327444921567502
"SN439_ACATCCCGTTCGAACT","Ex_DACH2_LHX2","Glut-DACH2-1",0.677924369134726
"SN439_TCAGCAACATGTCGTA","Ex_DACH2_LHX2","Glut-DACH2-2",0.662857063409394
"SN439_TATGTTCCACATGGTT","Ex_DACH2_GRIK4","Glut-DACH2-2",0.284214539976134
"SN439_TCAGTCCCAATGGCAG","Ex_CACNA1H_MCTP2","Glut-DACH2-1",0.509076630741535
"SN439_CACATGAAGGCACGAT","Ex_DACH2_LHX2","Glut-DACH2-3",0.33669566881137
"SN439_TAATTCCCACTTGTGA","Ex_DACH2_ITGA9","Glut-DACH2-8",0.443169931866228
"SN439_GAATCACGTACGTAGG","Ex_DACH2_TAC1","Glut-DACH2-3",0.30162190328752
"SN439_TCTACATAGATCGCCC","Ex_DACH2_GRIK4","Glut-DACH2-1",0.67069028396845
"SN439_CTTAGGACAGTTAAAG","Ex_DACH2_NR4A3","Glut-DACH2-1",0.648761620235485
"SN439_CACGTTCCATGCCGGT","Ex_DACH2_LHX2","Glut-DACH2-1",0.726518077863307
"SN439_CCTGTTGAGCACTCCG","Ex_DACH2_TAC1","Glut-DACH2-8",0.657626931375349
"SN439_CCTCTAGCAACCCTCT","Ex_DACH2_LHX2","Glut-DACH2-1",0.489338683825761
"SN439_CTCTGGTCATCAGTCA","Ex_DACH2_LHX2","Glut-DACH2-2",0.446747527509525
"SN439_CATGAGTTCGAGTGGA","Ex_DACH2_ITGA9","Glut-DACH2-2",0.49627487534741
"SN439_GGTTCTCTCGACATCA","Ex_DACH2_MGAT4C","Glut-DACH2-1",0.45416050293808
"SN439_GTGACGCTCCGTGCGA","Ex_DACH2_RORB","Glut-DACH2-3",0.449186792792339
"SN439_AGACACTCAGATTAAG","Ex_DACH2_ITGA9","Glut-DACH2-4",0.566580567631957
"SN439_GGGTCACGTGTTTACG","Ex_DACH2_MGAT4C","Glut-DACH2-1",0.493583704762957
"SN439_ACTACGAAGGTAGGCT","Ex_DACH2_TAC1","Glut-DACH2-3",0.476573639816907
"SN439_TCCTTTCGTCCAGCAC","Ex_DACH2_NR4A3","Glut-DACH2-1",0.984850016960718
"SN439_TGCTTCGGTCGGCCTA","Ex_DACH2_ITGA9","Glut-DACH2-4",0.71996501689616
"SN439_AGTGACTCAACCCTAA","Ex_DACH2_MGAT4C","Glut-DACH2-1",0.371307176797928
"SN439_CATTGAGGTCTGCAAT","Ex_CACNA1H_MCTP2","Glut-DACH2-2",0.602487376913504
"SN439_GAGTGTTCAGCCGTTG","Ex_CACNA1H_MCTP2","Glut-CACNA1H-2",0.512189310868847
"SN439_GGTGATTTCGGTCGGT","Ex_DACH2_GRIK4","Glut-DACH2-1",0.911162889103575
"SN439_TCCACCAAGCTCAGAG","Ex_DACH2_NR4A3","Glut-DACH2-1",0.441850123979591
"SN439_TTAATCCAGGTTGGTG","Ex_DACH2_LHX2","Glut-CACNA1H-2",0.428073183319811
"SN439_TTGGTTTCAAGTTCCA","Ex_DACH2_TAC1","Glut-DACH2-3",0.574872207635846
"SN439_CAACAACCATGAATAG","Ex_DACH2_GRIK4","Glut-DACH2-1",0.511980443462047
"SN439_TCCATCGCAGGAATAT","Ex_DACH2_TAC1","Glut-DACH2-3",0.277016482831901
"SN439_TCCATCGGTTATGGTC","Ex_DACH2_TAC1","Glut-DACH2-8",0.606236228838562
"SN439_GTTGTAGCATTAAAGG","Ex_DACH2_GRIK4","Glut-DACH2-1",0.393400653136084
"SN439_TTAGTCTTCTATTCGT","Ex_DACH2_ITGA9","Glut-DACH2-3",0.920233634789362
"SN439_TTTCGATCAAGGACAC","Ex_DACH2_ITGA9","Glut-DACH2-2",0.757558587282468
"SN439_TTCAATCGTTATTCCT","Ex_DACH2_LHX2","Glut-DACH2-2",0.439085570440865
"SN439_ATGCGATAGTCTACCA","Ex_CACNA1H_MCTP2","Glut-DACH2-2",0.391808634181876
"SN439_CATCGCTTCCCTCTAG","Ex_DACH2_ITGA9","Glut-DACH2-4",0.760013441466716
"SN439_AGTTCGAAGCCAGTAG","Ex_DACH2_MGAT4C","Glut-DACH2-2",0.516314696366348
"SN439_CTTCTAATCCTATTGT","Ex_DACH2_LHX2","Glut-DACH2-2",0.680785990920444
"SN439_GTACAACTCTGCCCTA","Ex_DACH2_ADAMTS5","Glut-DACH2-7",0.801566923300872
"SN439_GGAGAACCACTACCGG","Ex_DACH2_ZMAT4","Glut-DACH2-8",0.594689379307797
"SN439_CCCTTAGAGACCGTTT","Ex_DACH2_ITGA9","Glut-DACH2-1",0.579196901890943
"SN439_AATTTCCTCATTGTGG","Ex_DACH2_LHX2","Glut-DACH2-2",0.712615546141933
"SN439_TTAGTCTGTTCGGGTC","Ex_DACH2_GRIK4","Glut-DACH2-2",0.601407439055714
"SN439_ACACAGTGTGCAATAA","Ex_DACH2_RORB","Glut-DACH2-3",0.549767265194186
"SN439_TCCGATCCACTCATAG","Ex_DACH2_ITGA9","Glut-DACH2-3",0.669450348245325
"SN439_AGTCAACGTTGTCAGT","Ex_CACNA1H_MCTP2","Glut-DACH2-3",0.393382961490382
"SN439_CAGGTATCATACGCAT","Ex_DACH2_CEMIP","Glut-DACH2-6",0.67774977564379
"SN439_GTTTACTAGCTGGCCT","Ex_DACH2_ADAMTS5","Glut-DACH2-2",0.570761140954007
"SN439_CCTAAGACACTATCCC","Ex_DACH2_ITGA9","Glut-DACH2-4",0.637493373330606
"SN439_AACTTCTCACCAGACC","Ex_DACH2_NR4A3","Glut-DACH2-2",0.405581363494737
"SN439_CCTTTGGGTGAGTAAT","Ex_DACH2_ADAMTS5","Glut-DACH2-2",0.456402546267082
"SN439_TCCATCGCAGTTCACA","Ex_CACNA1H_MCTP2","Glut-DACH2-2",0.602475521007792
"SN439_CTGAATGGTACAGGTG","Ex_DACH2_NR4A3","Glut-DACH2-1",0.50478684067936
"SN439_CATTCATTCAGACCGC","Ex_DACH2_RORB","Glut-DACH2-3",0.4096846137
"SN439_TGCTGAAAGTAGCCAG","Ex_DACH2_RORB","Glut-DACH2-3",0.530685232147231
"SN439_CATCGCTAGCATGTTC","Ex_DACH2_NR4A3","Glut-DACH2-1",0.632878647350237
"SN439_CTCCTCCTCCCATTTA","Ex_DACH2_ADAMTS5","Glut-DACH2-5",0.521017709337382
"SN439_GAAGGACTCTCCCTAG","Ex_DACH2_MGAT4C","Glut-DACH2-HVCra-Int",0.307653880540751
"SN439_TTGTTTGCACTCCACT","Ex_DACH2_NR4A3","Glut-DACH2-7",0.671262857888724
"SN439_AAAGAACAGCTTAGTC","Ex_DACH2_TAC1","Glut-DACH2-3",0.748019870644927
"SN439_TGTTGAGGTTGCACGC","Ex_CACNA1H_MCTP2","Glut-DACH2-1",0.35782494656466
"SN439_AAGTTCGCATGGACAG","Ex_DACH2_GRIK4","Glut-DACH2-1",0.44135796440102
"SN439_TCGACGGCACTCTCGT","Ex_DACH2_ITGA9","Glut-DACH2-3",0.694936840011261
"SN439_CCTCTAGGTGGGTTGA","Ex_DACH2_TAC1","Glut-DACH2-3",0.472229347147609
"SN439_AATCGTGGTCTAGTGT","Ex_DACH2_ITGA9","Glut-DACH2-2",0.658091289200362
"SN439_GGGACAAGTGATTCTG","Ex_DACH2_ITGA9","Glut-DACH2-1",0.42787498408005
"SN439_AGGCTGCGTGGAATGC","Ex_DACH2_SLIT2","Glut-DACH2-1",0.613724271664555
"SN439_CAACAACTCGACGCGT","Ex_DACH2_ITGA9","Glut-DACH2-4",0.577164083826775
"SN439_GTCACGGAGATGCGAC","Ex_DACH2_RORB","Glut-DACH2-3",0.514940540625371
"SN439_CTTACCGTCCACGGGT","Ex_DACH2_LHX2","Glut-DACH2-1",0.547368245838848
"SN439_CTGAGGCAGTAGGAAG","Ex_DACH2_ITGA9","Glut-DACH2-4",0.636849586188233
"SN439_CCTTCAGTCGCCGAAC","Ex_CACNA1H_MCTP2","Glut-DACH2-2",0.683908010478436
"SN439_TCGCTTGAGGAAGAAC","Ex_DACH2_LUZP2","Glut-DACH2-2",0.525195256757046
"SN439_ATGGTTGTCAAGATAG","Ex_DACH2_RORB","Glut-DACH2-3",0.547618864320574
"SN439_TGAGACTGTTGGGATG","Ex_DACH2_NR4A3","Glut-DACH2-1",0.384021511291895
"SN439_TAGATCGAGATTGGGC","Ex_CACNA1H_MCTP2","Glut-CACNA1H-2",0.816418001404265
"SN439_AGTCACAGTTAGAAAC","Ex_CACNA1H_MCTP2","Glut-DACH2-2",0.467255322942674
"SN439_GATGATCTCCATTGCC","Ex_CACNA1H_MCTP2","Glut-CACNA1H-2",0.947119456194516
"SN439_CCGGTAGAGAAACTAC","Ex_DACH2_SLIT2","Glut-DACH2-1",0.412426015486048
"SN439_CTAAGTGGTCGGCACT","Ex_CACNA1H_MCTP2","Glut-DACH2-3",0.300420495853575
"SN439_TCTATCAGTCTGTAAC","Ex_DACH2_LHX2","Glut-DACH2-2",0.586351562530929
"SN439_AAAGTCCTCTTTCGAT","Ex_DACH2_LHX2","Glut-DACH2-1",0.427488258316977
"SN439_TGACTCCTCATAGAGA","Ex_DACH2_GRIK4","Glut-DACH2-1",0.538433502099508
"SN439_GTCATCCTCGAGTGGA","Ex_DACH2_TAC1","Glut-DACH2-3",0.667814004496613
"SN439_GTGCACGGTCTTGGTA","Ex_DACH2_TAC1","Glut-DACH2-3",0.799393386728017
"SN439_TGGAACTCAGATTAAG","Ex_DACH2_ADAMTS5","Glut-DACH2-1",0.345203606756869
"SN439_CACGGGTTCTCTTAAC","Ex_DACH2_MGAT4C","Glut-DACH2-2",0.572282369932945
"SN439_TACCGGGTCATAGCAC","Ex_DACH2_ITGA9","Glut-CACNA1H-1",0.229062884862599
"SN439_GAGACCCTCCGCGAGT","Ex_CACNA1H_MCTP2","Glut-CACNA1H-4",0.61310886187495
"SN439_ACTTCCGTCACCCTCA","Ex_DACH2_ITGA9","Glut-DACH2-4",0.475364034737615
"SN439_CTCGAGGTCGCTTACC","Ex_DACH2_TAC1","Glut-DACH2-3",0.76069644975714
"SN439_TCATACTTCCGTCAAA","Ex_DACH2_TAC1","Glut-DACH2-3",0.462680784322257
"SN439_CTCCTTTTCTAACGCA","Ex_DACH2_TAC1","Glut-DACH2-3",0.56387041318777
"SN439_CCTCCAACAGGCTCTG","Ex_CACNA1H_MCTP2","Glut-DACH2-2",0.575424706846353
"SN439_AAACGCTGTCCTCAGG","Ex_DACH2_NR4A3","Glut-DACH2-1",0.750016436028735
"SN439_AGGAATACAGCTTTGA","Ex_DACH2_TAC1","Glut-DACH2-3",0.682765465273042
"SN439_CAGATCACACCGTGGT","Ex_DACH2_MGAT4C","Glut-DACH2-2",0.519881774435259
"SN439_GTCATCCTCCGAGTGC","Ex_DACH2_ADAMTS5","Glut-DACH2-5",0.651615738779266
"SN439_GGTGATTGTTGGGTTT","Ex_DACH2_NR4A3","Glut-DACH2-1",0.552213646999344
"SN439_GGTTGTACAATGGCAG","Ex_DACH2_ITGA9","Glut-DACH2-4",0.443983434194373
"SN439_CACGGGTTCTTCCACG","Ex_DACH2_TAC1","Glut-DACH2-3",0.72926519839942
"SN439_CTCCAACCATGTAACC","Ex_DACH2_GRIK4","Glut-DACH2-1",0.360697354683527
"SN439_TCCCACATCAACACGT","Ex_DACH2_NR4A3","Glut-DACH2-1",0.866601785916046
"SN439_CTGTACCTCCGTCACT","Ex_DACH2_GRIK4","Glut-DACH2-1",0.528060538369777
"SN439_ATTCCATGTCTAATCG","Ex_DACH2_LHX2","Glut-DACH2-1",0.750856698196517
"SN439_GTTCCGTGTTATAGCC","Ex_DACH2_ITGA9","Glut-DACH2-4",0.449261791504538
"SN439_ATGTCCCGTGACTGTT","Ex_DACH2_ITGA9","Glut-DACH2-1",0.341442299977679
"SN439_CGTGAATGTGCCTGCA","Ex_CACNA1H_MCTP2","Glut-DACH2-2",0.527064887983444
"SN439_CCTCTAGCATACGCAT","Ex_DACH2_LHX2","Glut-DACH2-2",0.790672885431941
"SN439_TCAGGGCTCACAAGGG","Ex_DACH2_LHX2","Glut-DACH2-1",0.508466984135326
"SN439_CTACGGGCAGTTACCA","Ex_CACNA1H_MCTP2","Glut-DACH2-2",0.273387624054797
"SN439_CAACGGCTCTCATTGT","Ex_CACNA1H_MCTP2","Glut-DACH2-2",0.620475807172966
"SN439_GACACGCCATCTGCGG","Ex_DACH2_GRIK4","Glut-DACH2-1",0.805207881080489
"SN439_TTATTGCTCTGATTCT","Ex_CACNA1H_MCTP2","Glut-CACNA1H-1",0.32315531080531
"SN439_GTGGAAGGTAAGCAAT","Ex_DACH2_NR4A3","Glut-DACH2-7",0.597587930140175
"SN439_GGTTAACAGGAGAATG","Ex_DACH2_ITGA9","Glut-DACH2-4",0.688517946610447
"SN439_TTCTAACCAGGCATGA","Ex_DACH2_LHX2","Glut-DACH2-2",0.812120350858147
"SN439_CATTGTTGTAGTCTGT","Ex_DACH2_LHX2","Glut-DACH2-1",0.454942692019991
"SN439_GTGTGATGTTGTGGAG","Ex_CACNA1H_MCTP2","Glut-CACNA1H-2",0.960449817951333
"SN439_CATAAGCAGGTGGCTA","Ex_CACNA1H_MCTP2","Glut-CACNA1H-2",0.689947926471626
"SN439_TTGACCCGTCGGTGAA","Ex_CACNA1H_MCTP2","Glut-CACNA1H-2",0.397311909899287
"SN439_TGTAACGGTGTTCATG","Ex_DACH2_NR4A3","Glut-DACH2-2",0.562258999318367
"SN439_GCTTCACAGATCGGTG","Ex_DACH2_ITGA9","Glut-DACH2-3",0.905885279554823
"SN439_TTCACCGGTGTCATCA","Ex_DACH2_TAC1","Glut-DACH2-3",0.823623031161361
"SN439_TGGATGTTCTTCGACC","Ex_DACH2_RORB","Glut-DACH2-3",0.528531898969883
"SN439_TCACACCAGTTCTACG","Ex_DACH2_LHX2","Glut-DACH2-2",0.672230802978815
"SN439_GGAGCAAAGGCGAACT","Ex_DACH2_TAC1","Glut-DACH2-3",0.549086739886634
"SN439_GGTGATTGTCGCACGT","Ex_DACH2_LHX2","Glut-DACH2-2",0.469116972863707
"SN439_CCTTCAGAGAAGCGAA","Ex_DACH2_MGAT4C","Glut-DACH2-2",0.372399436348992
"SN439_ATCCTATTCTGGTTGA","Ex_CACNA1H_MCTP2","Glut-DACH2-2",0.337179394818021
"SN439_ATGGGAGTCCTTTAGT","Ex_DACH2_TAC1","Glut-DACH2-3",0.262892674150743
"SN439_CTTCTAATCGAACGGA","Ex_CACNA1H_MCTP2","Glut-DACH2-2",0.576848239425243
"SN439_CCACACTGTTTGTTGG","Ex_DACH2_LUZP2","Glut-DACH2-2",0.515282753738366
"SN439_CCTATCGCACTCGATA","Ex_DACH2_TAC1","Glut-DACH2-3",0.637207945973469
"SN439_CCCTCTCCACACGCCA","Ex_DACH2_RORB","Glut-DACH2-3",0.383304321009808
"SN439_GATCCCTCACAAGCCC","Ex_DACH2_MGAT4C","Glut-DACH2-2",0.478667035624207
"SN439_CGAAGGAAGTGCCTCG","Ex_CACNA1H_MCTP2","Glut-DACH2-2",0.423518831190636
"SN439_GATCCCTAGGGATGTC","Ex_DACH2_TAC1","Glut-DACH2-8",0.470033974048407
"SN439_TGTAACGCACGGTAGA","Ex_DACH2_TAC1","Glut-DACH2-3",0.817823714634173
"SN439_CAACGATAGAAACCCG","Ex_DACH2_ADAMTS5","Glut-DACH2-7",0.564041575603216
"SN439_CTATCTAAGACAGCGT","Ex_CACNA1H_MCTP2","Glut-DACH2-3",0.437544381836932
"SN439_TCAAGTGGTGGCTTGC","Ex_DACH2_LHX2","Glut-DACH2-2",0.612408505259218
"SN439_ATGTCTTGTCGTAATC","Ex_DACH2_LHX2","Glut-DACH2-2",0.760806498216313
"SN439_ATCGTGACATTCATCT","Ex_DACH2_LHX2","Glut-DACH2-2",0.81957793632282
"SN439_CACATGATCTATTTCG","Ex_DACH2_LHX2","Glut-DACH2-2",0.540543305245039
"SN439_TTCGATTGTGATGTAA","Ex_DACH2_RORB","Glut-DACH2-3",0.46340458021826
"SN439_AACGAAAGTGTCTAAC","Ex_DACH2_MGAT4C","Glut-DACH2-1",0.410703971611714
"SN439_ACACAGTGTTCTCTCG","Ex_DACH2_LHX2","Glut-DACH2-2",0.65332596835107
"SN439_CCATAAGGTCTGTGGC","Ex_CACNA1H_MCTP2","Glut-CACNA1H-2",0.501889317907222
"SN439_CACGTTCAGCTTGTTG","Ex_DACH2_ITGA9","Glut-DACH2-3",0.962285279265424
"SN439_ACCCAAAAGGATATGT","Ex_DACH2_LHX2","Glut-DACH2-1",0.495407209800222
"SN439_ACCACAATCGAGAAGC","Ex_CACNA1H_MCTP2","Glut-CACNA1H-2",0.29028948367799
"SN439_GCTGCAGCACGCGTGT","Ex_DACH2_ZMAT4","Glut-DACH2-6",0.626416310297266
"SN439_GAGAGGTTCAGCTTGA","Ex_DACH2_RORB","Glut-DACH2-3",0.639168162562417
"SN439_GGTCACGGTGTCTTAG","Ex_DACH2_LHX2","Glut-DACH2-2",0.553092347818276
"SN439_ATCCATTAGCAATTCC","Ex_CACNA1H_MCTP2","Glut-DACH2-3",0.287019679721321
"SN439_TCGGGCAAGCCGAATG","Ex_CACNA1H_MCTP2","Glut-CACNA1H-4",0.848618061172296
"SN439_ATTCCTAGTAGGTTTC","Ex_CACNA1H_MCTP2","Glut-DACH2-2",0.395142389218477
"SN439_GTGGAAGGTGTGATGG","Ex_CACNA1H_MCTP2","Glut-CACNA1H-4",0.779664744938248
"SN439_TAGGTTGGTAGGCTCC","Ex_DACH2_LHX2","Glut-DACH2-1",0.56812482162339
"SN439_AGCCAGCTCGCTGTTC","Ex_DACH2_TAC1","Glut-DACH2-3",0.627249582935001
"SN439_CTCCTCCTCTAAGGAA","Ex_DACH2_MGAT4C","Glut-DACH2-1",0.680942260458489
"SN439_GAATCGTCATTCACAG","Ex_CACNA1H_MCTP2","Glut-CACNA1H-2",0.521779766248401
"SN439_TGAGGTTGTTAAGAAC","Ex_CACNA1H_MCTP2","Glut-DACH2-1",0.206651703198221
"SN439_TCTAACTCACATCATG","Ex_DACH2_LHX2","Glut-DACH2-2",0.337323473144851
"SN439_TGTTCCGTCCTTCTAA","Ex_DACH2_ITGA9","Glut-DACH2-3",0.685420504013893
"SN439_CCGGACAAGGGAGGAC","Ex_CACNA1H_MCTP2","Glut-CACNA1H-2",0.470057435180234
"SN439_CTCAACCCAGAGGTTG","Ex_CACNA1H_MCTP2","Glut-CACNA1H-2",0.622318387613163
"SN439_TAAGTCGGTGTCTTAG","Ex_DACH2_ITGA9","Glut-DACH2-7",0.558917883624869
"SN439_CTCATCGAGTAGGATT","Ex_DACH2_MGAT4C","Glut-DACH2-2",0.522403853484592
"SN439_AAGGTAAGTGCGTTTA","Ex_CACNA1H_MCTP2","Glut-DACH2-2",0.702054544396463
"SN439_AATTTCCAGCGGTATG","Ex_DACH2_ITGA9","Glut-DACH2-4",0.454808560973098
"SN439_ACGGGTCAGCAGATAT","Ex_CACNA1H_MCTP2","Glut-CACNA1H-2",0.29368250600572
"SN439_GTTACGAAGTGCAGCA","Ex_DACH2_MGAT4C","Glut-DACH2-1",0.734161260780032
"SN439_AAGATAGGTTACCCAA","Ex_CACNA1H_MCTP2","Glut-CACNA1H-4",0.420363282093043
"SN439_CGAATTGTCCTCATAT","Ex_DACH2_LHX2","Glut-DACH2-1",0.555718481674459
"SN439_AATGACCAGCTAATCC","Ex_DACH2_MGAT4C","Glut-DACH2-1",0.593751053421896
"SN439_TTTACTGAGTGCTACT","Ex_DACH2_LHX2","Glut-DACH2-2",0.745559084067588
"SN439_CTGAATGTCTGACCCT","Ex_DACH2_GRIK4","Glut-DACH2-1",0.535051395731264
"SN439_TGCGGCATCTTCTGGC","Ex_DACH2_LHX2","Glut-DACH2-1",0.362204611533448
"SN439_CGGGTCAAGGAAAGAC","Ex_DACH2_MGAT4C","Glut-DACH2-1",0.641096234315017
"SN439_CGGACACCATGTCAGT","Ex_DACH2_MGAT4C","Glut-DACH2-2",0.567287230084635
"SN439_AGAACCTGTCGCAGTC","Ex_DACH2_MGAT4C","Glut-DACH2-2",0.595420940620266
"SN439_ATGCGATGTCACCCTT","Ex_DACH2_RORB","Glut-DACH2-3",0.454489213264893
"SN439_CTGTCGTGTGCAATAA","Ex_DACH2_TAC1","Glut-DACH2-3",0.44130799370187
"SN439_TGTGAGTTCTCAACGA","Ex_DACH2_RORB","Glut-DACH2-3",0.475030561693862
"SN439_TCGGGCATCATGAGGG","Ex_DACH2_GRIK4","Glut-DACH2-1",0.705040631812633
"SN439_CAGGTATCATCGTGCG","Ex_DACH2_ADAMTS5","Glut-DACH2-5",0.346229118734632
"SN439_GGCTTTCTCCATAGGT","Ex_DACH2_MGAT4C","Glut-DACH2-1",0.630807544486911
"SN439_GGGTCTGCAATAGTCC","Ex_CACNA1H_MCTP2","Glut-CACNA1H-2",0.464989594198055
"SN439_GGAGCAATCGGAAACG","Ex_CACNA1H_MCTP2","Glut-DACH2-2",0.571054398751483
"SN439_AGCATCACAGTGCCTG","Ex_DACH2_TAC1","Glut-DACH2-3",0.829412847312527
"SN439_TCTATCAGTCCCTGAG","Ex_DACH2_ITGA9","Glut-DACH2-1",0.754884982789274
"SN439_AGAAGTAGTTCAGCTA","Ex_DACH2_MGAT4C","Glut-DACH2-2",0.483982425122824
"SN439_GCACATAGTTCCATTT","Ex_DACH2_RORB","Glut-DACH2-3",0.482102341341484
"SN439_GGCTGTGGTTACAGCT","Ex_CACNA1H_MCTP2","Glut-CACNA1H-2",0.800901189141071
"SN439_TATATCCGTCTATGAC","Ex_DACH2_NR4A3","Glut-DACH2-1",0.494140662091301
"SN439_GGTCACGGTCCCGCAA","Ex_DACH2_MGAT4C","Glut-DACH2-HVCra-Int",0.370922125489154
"SN439_CACGAATAGGCAATGC","Ex_DACH2_LHX2","Glut-DACH2-1",0.60846970390839
"SN439_GATTCGAAGACTGTTC","Ex_DACH2_LHX2","Glut-DACH2-2",0.744501556566164
"SN439_AAAGAACGTATCCTCC","Ex_DACH2_TAC1","Glut-DACH2-3",0.662311626415577
"SN439_TTACGTTAGCTAGATA","Ex_DACH2_TAC1","Glut-DACH2-3",0.715501562534986
"SN439_ACAGAAATCGAGCCAC","Ex_DACH2_MGAT4C","Glut-DACH2-2",0.362157008882105
"SN439_CTCTGGTCACATCATG","Ex_CACNA1H_MCTP2","Glut-CACNA1H-2",0.223935233219337
"SN439_CCGTTCACACCAGGTC","Ex_DACH2_LHX2","Glut-DACH2-2",0.829874415401647
"SN439_TTCGGTCTCCACGGAC","Ex_DACH2_GRIK4","Glut-DACH2-2",0.285668437784841
"SN439_TTGTTCACAGCACAGA","Ex_DACH2_MGAT4C","Glut-DACH2-HVCra",0.47780672007456
"SN439_TTCCGGTCACTACACA","Ex_CACNA1H_MCTP2","Glut-DACH2-2",0.235359045503863
"SN439_CTCCAACTCTGCGATA","Ex_CACNA1H_MCTP2","Glut-DACH2-2",0.558160791798905
"SN439_ATGGGTTCAAACACCT","Ex_DACH2_LHX2","Glut-DACH2-2",0.505869564876163
"SN439_CAGGCCATCTCGGGAC","Ex_DACH2_GRIK4","Glut-DACH2-7",0.669379487838089
"SN439_CCCTAACCAAGTAGTA","Ex_DACH2_RORB","Glut-DACH2-3",0.477822515287806
"SN439_GTCTACCTCGGTCACG","Ex_DACH2_ZMAT4","Glut-DACH2-6",0.447463085287969
"SN439_TATGTTCGTTGCTGAT","Ex_DACH2_LHX2","Glut-DACH2-2",0.510090008113624
"SN439_CTTCCGACATGCCGAC","Ex_CACNA1H_MCTP2","Glut-DACH2-3",0.257997769124325
"SN439_CTAGGTAGTCTGTAAC","Ex_DACH2_SLIT2","Glut-DACH2-1",0.45827167694528
"SN439_GAATCGTAGTGGCAGT","Ex_DACH2_TAC1","Glut-DACH2-8",0.407988594702237
"SN439_ACTGTCCGTAGGACCA","Ex_DACH2_MGAT4C","Glut-DACH2-1",0.690324706310825
"SN439_GAGGCAACAGTAGAAT","Ex_DACH2_LHX2","Glut-DACH2-2",0.518247897834907
"SN439_GTATTTCCAGACAAGC","Ex_DACH2_RORB","Glut-DACH2-3",0.424297848298367
"SN439_TTACCGCAGCTACTGT","Ex_DACH2_LHX2","Glut-DACH2-2",0.410384037721579
"SN439_TGTCAGACAGTACTAC","Ex_DACH2_MGAT4C","Glut-DACH2-1",0.414045603162086
"SN439_CCACGAGTCGGAATGG","Ex_DACH2_LHX2","Glut-DACH2-2",0.671797963498851
"SN439_TCTCTGGGTTTACCTT","Ex_CACNA1H_MCTP2","Glut-DACH2-3",0.199762911225869
"SN439_CATGCAAAGACGCCAA","Ex_CACNA1H_MCTP2","Glut-CACNA1H-2",0.496048659485678
"SN439_TACTTGTGTCAACGCC","Ex_DACH2_LHX2","Glut-DACH2-2",0.561422361293118
"SN439_TGCGACGCACCAGTAT","Ex_CACNA1H_MCTP2","Glut-CACNA1H-2",0.494243829959975
"SN439_AGCGATTAGTTGTCGT","Ex_DACH2_TAC1","Glut-DACH2-3",0.665838709374669
"SN439_CTCAATTCAGATACCT","Ex_DACH2_GRIK4","Glut-DACH2-1",0.602872060221713
"SN439_ACAGCCGAGAGGTTAT","Ex_CACNA1H_MCTP2","Glut-CACNA1H-2",0.473450604709832
"SN439_TTTGTTGCAGAGGGTT","Ex_DACH2_TAC1","Glut-DACH2-3",0.341570254934323
"SN439_CGTCAAAAGAGAGCAA","Ex_DACH2_LHX2","Glut-DACH2-1",0.638849189482024
"SN439_CATGCTCAGATGCCGA","Ex_DACH2_LHX2","Glut-DACH2-2",0.420868731098223
"SN439_CCTGCATGTACGTAGG","Ex_DACH2_RORB","Glut-DACH2-3",0.537075360649861
"SN439_CGTGCTTCAACCGCCA","Ex_DACH2_TAC1","Glut-DACH2-8",0.356427455202644
"SN439_CGAGGCTAGCCGCACT","Ex_DACH2_GRIK4","Glut-DACH2-2",0.605451266807082
"SN439_AGGAATAGTTAAAGTG","Ex_CACNA1H_MCTP2","Glut-DACH2-HVCx",0.511136969756677
"SN439_GCATCGGTCTATACGG","Ex_DACH2_RORB","Glut-DACH2-3",0.403549311329203
"SN439_CGTAATGTCAAGAGTA","Ex_DACH2_TAC1","Glut-DACH2-3",0.25905219366854
"SN439_GGTTGTACAGTTGTCA","Ex_DACH2_MGAT4C","Glut-DACH2-2",0.476647099649585
"SN439_TCCCAGTTCTCTTCAA","Ex_DACH2_MGAT4C","Glut-DACH2-1",0.505353885245806
"SN439_GCTGGGTTCCGATCTC","Ex_DACH2_TAC1","Glut-DACH2-3",0.92927374714124
"SN439_TCGGGCAGTGGCCCAT","Ex_DACH2_MGAT4C","Glut-DACH2-1",0.430249606557187
"SN439_GTACAACGTTACCTTT","Ex_DACH2_ITGA9","Glut-DACH2-2",0.451005176372508
"SN439_GTCTACCTCCAACCAA","Ex_DACH2_LHX2","Glut-DACH2-2",0.579229611975261
"SN439_TAGGAGGAGCGGTAGT","Ex_DACH2_ADAMTS5","Glut-DACH2-7",0.370976773250071
"SN439_CGCCATTAGCAGAAAG","Ex_CACNA1H_MCTP2","Glut-DACH2-2",0.637319046467609
"SN439_GTTACCCAGCGAGTAC","Ex_DACH2_ITGA9","Glut-DACH2-4",0.384737249212905
"SN439_CGGAACCCAAGTTCGT","Ex_DACH2_GRIK4","Glut-DACH2-2",0.432852029655876
"SN439_TCCACCATCATGGGAG","Ex_DACH2_MGAT4C","Glut-DACH2-7",0.556821738048198
"SN439_CTTCGGTAGCATCAAA","Ex_DACH2_LHX2","Glut-CACNA1H-2",0.33778239618247
"SN439_GGTAACTGTGAGAACC","Ex_DACH2_ITGA9","Glut-DACH2-HVCra-Int",0.377521290620177
"SN439_CTTCGGTGTTCCACGG","Ex_DACH2_LHX2","Glut-DACH2-2",0.406337876826243
"SN439_GCATTAGAGTTTGTCG","Ex_DACH2_ITGA9","Glut-DACH2-1",0.581615244453233
"SN439_CGTAAGTTCGCAGTCG","Ex_DACH2_ITGA9","Glut-DACH2-1",0.436473724551064
"SN439_ACTATTCTCAATGCAC","Ex_CACNA1H_MCTP2","Glut-CACNA1H-2",0.717817367481507
"SN439_ATGAAAGTCTGTCCCA","Ex_DACH2_LHX2","Glut-DACH2-1",0.470250840562932
"SN439_CAAGGGAAGCTTTGTG","Ex_DACH2_TAC1","Glut-DACH2-8",0.488489689368842
"SN439_TGGGCGTAGACATCCT","Ex_DACH2_LHX2","Glut-DACH2-2",0.697439551647409
"SN439_ATTCAGGAGACCTGGA","Ex_DACH2_TAC1","Glut-DACH2-3",0.688070769654735
"SN439_AACCTGAAGTGACCTT","Ex_CACNA1H_MCTP2","Glut-DACH2-2",0.360861890702601
"SN439_CCGAACGGTGTGTACT","Ex_DACH2_TAC1","Glut-DACH2-8",0.354265521589403
"SN439_AGACAGGTCAGAGCGA","Ex_DACH2_ITGA9","Glut-DACH2-4",0.337755474958495
"SN439_CACGGGTCATCTTAGG","Ex_CACNA1H_MCTP2","Glut-CACNA1H-2",0.837733356170751
"SN439_GGGTGTCAGCCAGAGT","Ex_DACH2_ADAMTS5","Glut-DACH2-7",0.339068701485268
"SN439_ATGCCTCAGTGAGTGC","Ex_DACH2_GRIK4","Glut-DACH2-1",0.420821372041559
"SN439_TAATTCCGTAACTTCG","Ex_DACH2_TAC1","Glut-DACH2-3",0.644261131775443
"SN439_CATAAGCCACGGTGCT","Ex_DACH2_LHX2","Glut-DACH2-2",0.471482838177032
"SN439_CCCTAACTCAGCATTG","Ex_DACH2_MGAT4C","Glut-DACH2-1",0.689428184527543
"SN439_CGGGACTCAAAGGCTG","Ex_DACH2_NR4A3","Glut-DACH2-1",0.613888137106698
"SN439_GCAGCTGGTCATCACA","Ex_DACH2_GRIK4","Glut-DACH2-7",0.322591915694489
"SN439_AGTTAGCTCTCGAGTA","Ex_DACH2_LHX2","Glut-DACH2-1",0.538842837252056
"SN439_CAGGTATCATTGGCAT","Ex_DACH2_LHX2","Glut-DACH2-2",0.751592285142011
"SN439_TCCGTGTCAGCTGTTA","Ex_DACH2_LHX2","Glut-DACH2-1",0.750141274903562
"SN439_TACCCGTCACAGCTGC","Ex_CACNA1H_MCTP2","Glut-DACH2-2",0.589621388049494
"SN439_ATTGTTCCAGAGTTCT","Ex_DACH2_LHX2","Glut-DACH2-1",0.430980785788811
"SN439_TTTATGCAGTGTGTTC","Ex_DACH2_LHX2","Glut-DACH2-2",0.595373379172632
"SN439_TCTGGCTAGCACTAAA","Ex_DACH2_LHX2","Glut-DACH2-2",0.735873347839982
"SN439_CTTAGGACAATTGAGA","Ex_DACH2_MGAT4C","Glut-DACH2-1",0.447693325200887
"SN439_AGACCCGAGCGTGTTT","Ex_CACNA1H_MCTP2","Glut-CACNA1H-4",0.7988606759129
"SN439_ATCACGAAGTAATCCC","Ex_DACH2_RORB","Glut-DACH2-3",0.55424370618977
"SN439_CTAGACAGTCGAACAG","Ex_DACH2_LHX2","Glut-DACH2-2",0.512164635076342
"SN439_ACAAGCTTCGTTACCC","Ex_DACH2_ITGA9","Glut-DACH2-8",0.492207788270746
"SN439_ATTTACCAGAGGTGCT","Ex_DACH2_ITGA9","Glut-DACH2-3",0.657845290926437
"SN439_TTGTGGAGTACGTGTT","Ex_DACH2_LHX2","Glut-DACH2-1",0.547782729936424
"SN439_GTCGAATTCGAAGTGG","Ex_CACNA1H_MCTP2","Glut-CACNA1H-2",0.637165335744729
"SN439_GAGTCTAGTTGGCCGT","Ex_DACH2_LHX2","Glut-DACH2-1",0.562734937135424
"SN439_TTACGTTAGGTTTGAA","Ex_DACH2_GRIK4","Glut-DACH2-1",0.668749488879722
"SN439_AGGCCACGTAGAATAC","Ex_DACH2_MGAT4C","Glut-DACH2-2",0.312514343127086
"SN439_CCTAACCTCAAATGCC","Ex_CACNA1H_MCTP2","Glut-CACNA1H-2",0.794302850922082
"SN439_CATAAGCCAATGCAGG","Ex_CACNA1H_MCTP2","Glut-CACNA1H-4",0.392841901937893
"SN439_GGTAGAGAGGTACCTT","Ex_DACH2_ITGA9","Glut-DACH2-3",0.709342330533757
"SN439_AACAGGGCAATGTCAC","Ex_DACH2_GRIK4","Glut-DACH2-1",0.359513702013565
"SN439_ACAGAAATCGACATTG","Ex_DACH2_TAC1","Glut-DACH2-3",0.522048153801429
"SN439_CGTCCATGTGGCTCTG","Ex_CACNA1H_MCTP2","Glut-DACH2-2",0.640540317864334
"SN439_CTCTCGAGTATCGAGG","Ex_DACH2_LHX2","Glut-DACH2-2",0.52791446948536
"SN439_CGTGAATAGATTAGTG","Ex_CACNA1H_MCTP2","Glut-DACH2-2",0.242330600331472
"SN439_CATCGGGCACAAGCTT","Ex_DACH2_TAC1","Glut-DACH2-3",0.206871649600612
"SN439_GAGTGAGTCCACTTCG","Ex_DACH2_NR4A3","Glut-DACH2-1",0.455486020705111
"SN439_TAGAGTCTCAGAGTGG","Ex_DACH2_ADAMTS5","Glut-DACH2-7",0.477311447697552
"SN439_TTAGGCAGTCCTTGTC","Ex_DACH2_RORB","Glut-DACH2-3",0.512524193421165
"SN439_GATTGGTTCCTGTAGA","Ex_DACH2_MGAT4C","Glut-DACH2-2",0.402004494034053
"SN439_TACTTGTAGCCTTTCC","Ex_CACNA1H_MCTP2","Glut-CACNA1H-4",0.591773305631096
"SN439_ACTGCAAAGGTAAGAG","Ex_CACNA1H_MCTP2","Glut-DACH2-2",0.510245265727314
"SN439_CATGGATGTGACAGGT","Ex_DACH2_ITGA9","Glut-DACH2-4",0.557945512793795
"SN439_TCGGATATCACCTGGG","Ex_DACH2_TAC1","Glut-DACH2-3",0.509391174608308
"SN439_GTAGCTAAGAGTACCG","Ex_CACNA1H_MCTP2","Glut-DACH2-2",0.614494687838473
"SN439_CTACTATAGAGGTCAC","Ex_CACNA1H_MCTP2","Glut-CACNA1H-2",0.54025280108461
"SN439_TTTGACTAGATTGATG","Ex_DACH2_LHX2","Glut-DACH2-2",0.641784387247502
"SN439_TGAATGCGTGGGATTG","Ex_DACH2_LHX2","Glut-DACH2-1",0.560389860133427
"SN439_CGTAAGTTCACAACCA","Ex_DACH2_GRIK4","Glut-DACH2-1",0.372124006568344
"SN439_AAGTACCGTCCTCAGG","Ex_CACNA1H_MCTP2","Glut-DACH2-2",0.478107490697665
"SN439_TTGCTGCGTAGTTAGA","Ex_DACH2_ADAMTS5","Glut-DACH2-6",0.489826001331834
"SN439_TTACTGTGTAGCGTTT","Ex_DACH2_TAC1","Glut-DACH2-3",0.830032729188028
"SN439_TGAGGTTTCCATCCGT","Ex_DACH2_ITGA9","Glut-DACH2-1",0.471359460031927
"SN439_GATTCTTAGAATTCAG","Ex_DACH2_TAC1","Glut-DACH2-3",0.520501307250444
"SN439_GTGTGGCTCTCTAAGG","Ex_DACH2_LHX2","Glut-DACH2-1",0.452771128812412
"SN439_ACCAAACTCACCACAA","Ex_DACH2_ADAMTS5","Glut-DACH2-1",0.269271288928802
"SN439_CGCCAGACAGCTCGGT","Ex_DACH2_LHX2","Glut-DACH2-1",0.683156183467755
"SN439_TCATTACGTGTTCCTC","Ex_DACH2_TAC1","Glut-DACH2-3",0.314990627062083
"SN439_ATTTCACGTTGACGGA","Ex_CACNA1H_MCTP2","Glut-CACNA1H-2",0.42274483863274
"SN439_CTCCCTCAGGTGAGCT","Ex_DACH2_GRIK4","Glut-DACH2-1",0.516337572963438
"SN439_AGATAGAGTCCTGTCT","Ex_DACH2_RORB","Glut-DACH2-3",0.490259045187678
"SN439_CCTACGTCAACATCGT","Ex_DACH2_LHX2","Glut-DACH2-2",0.657625453270018
"SN439_ATACCTTTCCTGGTCT","Ex_DACH2_ADAMTS5","Glut-DACH2-7",0.757645669731546
"SN439_ATCGGATGTTGTTGAC","Ex_DACH2_NR4A3","Glut-DACH2-2",0.434257681705902
"SN439_GCGGATCCAGCACACC","Ex_DACH2_LHX2","Glut-DACH2-2",0.529507786684213
"SN439_AGGACTTGTTATCTTC","Ex_DACH2_LHX2","Glut-DACH2-2",0.506705215600928
"SN439_TGCTTGCCAGCTGTCG","Ex_DACH2_ZMAT4","Glut-DACH2-4",0.667762442835951
"SN439_CAGCACGAGTTCCGGC","Ex_DACH2_LHX2","Glut-DACH2-1",0.323279293648939
"SN439_TATTGGGAGTACGTCT","Ex_DACH2_RORB","Glut-DACH2-3",0.492062980927253
"SN439_GATCGTACAAGATGGC","Ex_DACH2_LHX2","Glut-DACH2-2",0.71605610728184
"SN439_ATGCGATTCTCGAGTA","Ex_DACH2_LHX2","Glut-DACH2-2",0.469805352171621
"SN439_TCACTCGGTAACATAG","Ex_DACH2_ITGA9","Glut-DACH2-6",0.274689072930634
"SN439_AGACCATAGACACACG","Ex_DACH2_ITGA9","Glut-DACH2-2",0.706672513417965
"SN439_TGAGGGACAGGAGGTT","Ex_DACH2_MGAT4C","Glut-DACH2-2",0.585189958369914
"SN439_AGGGCTCTCGTCTAAG","Ex_DACH2_LHX2","Glut-DACH2-2",0.585091569265345
"SN439_ACGATGTTCGATTCCC","Ex_DACH2_TAC1","Glut-DACH2-3",0.654923608116111
"SN439_GCCATGGAGCGCCATC","Ex_DACH2_ITGA9","Glut-DACH2-1",0.653866072209356
"SN439_ACAAGCTGTGACACGA","Ex_DACH2_LHX2","Glut-DACH2-2",0.462894951455153
"SN439_GTCTAGATCTGTAAGC","Ex_CACNA1H_MCTP2","Glut-DACH2-2",0.418452241402719
"SN439_TTTATGCGTTGATGTC","Ex_DACH2_TAC1","Glut-DACH2-3",0.609148497050124
"SN439_GGCAGTCCACGGGTAA","Ex_CACNA1H_MCTP2","Glut-CACNA1H-2",0.399632387778026
"SN439_AGAGAATAGCCTCAAT","Ex_DACH2_ITGA9","Glut-CACNA1H-2",0.380916847789598
"SN439_AGGTCATTCATTGCGA","Ex_CACNA1H_MCTP2","Glut-DACH2-3",0.426530822635729
"SN439_ATTCTTGCATTCGATG","Ex_DACH2_LHX2","Glut-DACH2-2",0.420124582969028
"SN439_AATCACGTCGCATTGA","Ex_CACNA1H_MCTP2","Glut-CACNA1H-2",0.2976454232399
"SN439_AGAAATGGTATGTCTG","Ex_DACH2_MGAT4C","Glut-DACH2-1",0.324983655305152
"SN439_TACGTCCCATGGCACC","Ex_DACH2_LHX2","Glut-DACH2-2",0.450383994379605
"SN439_AGTCATGGTGTGTACT","Ex_DACH2_TAC1","Glut-DACH2-8",0.328039950360503
"SN439_CGAGTTACACTGCTTC","Ex_DACH2_LHX2","Glut-DACH2-1",0.348661652708078
"SN439_CTATCTATCGTGGACC","Ex_CACNA1H_MCTP2","Glut-DACH2-2",0.671680219513884
"SN439_CGGCAGTTCCGTGTAA","Ex_DACH2_NR4A3","Glut-DACH2-1",0.308678195368584
"SN439_CACTGGGAGGCACGAT","Ex_DACH2_MGAT4C","Glut-DACH2-2",0.339141183687413
"SN439_TTGGGTAGTACCAGAG","Ex_DACH2_TAC1","Glut-DACH2-3",0.662894341424539
"SN439_TCTATACTCGTAGCTA","Ex_DACH2_LHX2","Glut-DACH2-2",0.546589858911315
"SN439_TGTACAGAGAGGGCGA","Ex_DACH2_TAC1","Glut-DACH2-6",0.237718329155196
"SN439_CACGTGGGTTGACTAC","Ex_DACH2_TAC1","Glut-DACH2-3",0.783113468336371
"SN439_TTCTCTCAGATCGCCC","Ex_DACH2_MGAT4C","Glut-DACH2-1",0.423606033094093
"SN439_GTCCTCACAGAGATTA","Ex_DACH2_LHX2","Glut-DACH2-2",0.657794567372089
"SN439_ATGCATGCATACACCA","Ex_DACH2_RORB","Glut-DACH2-8",0.383814112100125
"SN439_ATGGGAGCATGGAATA","Ex_DACH2_LHX2","Glut-DACH2-2",0.405440209005737
"SN439_AGGCATTAGTGTAGAT","Ex_DACH2_TAC1","Glut-DACH2-3",0.346211486347427
"SN439_TACAACGGTTCGGTCG","Ex_DACH2_TAC1","Glut-DACH2-6",0.387122529260401
"SN439_CCGATGGCACACCTGG","Ex_DACH2_TAC1","Glut-DACH2-3",0.467514082846593
"SN439_CTGTGAAAGCCTCTGG","Ex_DACH2_TAC1","Glut-DACH2-3",0.635314786928794
"SN439_GATGTTGGTGCGTCGT","Ex_DACH2_TAC1","Glut-DACH2-3",0.370759344961675
"SN439_TCTTTGATCGTGCATA","Ex_DACH2_TAC1","Glut-DACH2-3",0.91164919082225
"SN439_ATCCACCCAGGCACTC","Ex_DACH2_LHX2","Glut-DACH2-1",0.531169380419138
"SN439_CCTCAACTCGGAACTT","Ex_DACH2_NR4A3","Glut-DACH2-1",0.8153670501527
"SN439_ACACCAACAAGACGGT","Ex_DACH2_LHX2","Glut-DACH2-2",0.646641680407673
"SN439_GCAACCGTCGCGCTGA","Ex_DACH2_NR4A3","Glut-DACH2-1",0.380163439443204
"SN439_CGAGGCTGTCAACCTA","Ex_DACH2_TAC1","Glut-DACH2-3",0.393866155970597
"SN439_TGGGAAGAGCACACAG","Ex_DACH2_RORB","Glut-DACH2-3",0.492838578435961
"SN439_AAAGGATAGCCAGAGT","Ex_DACH2_ADAMTS5","Glut-DACH2-1",0.344118692527831
"SN439_TGGATGTAGACGATAT","Ex_DACH2_TAC1","Glut-DACH2-3",0.372166043983273
"SN439_CGGACACAGCCTTGAT","Ex_CACNA1H_MCTP2","Glut-DACH2-2",0.461615001738281
"SN439_TCAAGTGCAGCGCGTT","Ex_DACH2_TAC1","Glut-DACH2-HVCra-Int",0.203060408575569
"SN439_CAAGGGAGTCGCTCGA","Ex_DACH2_LHX2","Glut-DACH2-2",0.54961568352842
"SN439_ACGGAAGTCTATTGTC","Ex_DACH2_RORB","Glut-DACH2-3",0.611401272226302
"SN439_GTCGTAAGTGGACTAG","Ex_DACH2_ITGA9","Glut-DACH2-1",0.360228156714882
"SN439_CCCTTAGGTGTAGCAG","Ex_DACH2_ADAMTS5","Glut-DACH2-5",0.51761761702266
"SN439_CAATGACGTCTTGTCC","Ex_DACH2_ITGA9","Glut-DACH2-3",0.738361060518778
"SN439_GAACGTTTCACTCGAA","Ex_DACH2_LHX2","Glut-DACH2-2",0.639109541051945
"SN439_CCGTGAGAGAAACTGT","Ex_DACH2_LHX2","Glut-DACH2-7",0.33365625019226
"SN439_TGAGGGATCCACGTGG","Ex_DACH2_TAC1","Glut-DACH2-3",0.236217320769206
"SN439_AAGGAATCAGACAAGC","Ex_DACH2_LHX2","Glut-DACH2-2",0.403043407804723
"SN439_AGCCAATAGAAGCGCT","Ex_DACH2_MGAT4C","Glut-CACNA1H-2",0.611286600518393
"SN439_GGGTTATCACAGCATT","Ex_DACH2_LHX2","Glut-DACH2-1",0.339860188352462
"SN439_CGGGTCATCCGAAATC","Ex_DACH2_ADAMTS5","Glut-DACH2-7",0.520688536580877
"SN439_CCATCACAGCGTCGAA","Ex_DACH2_LHX2","Glut-DACH2-2",0.419532039361957
"SN439_GTTGAACAGAATTGCA","Ex_DACH2_TAC1","Glut-DACH2-7",0.302781138318233
"SN439_CTGAGCGTCATTCTTG","Ex_DACH2_RORB","Glut-DACH2-3",0.390446644896346
"SN288_ACCACAATCACTGATG","Ex_Pre_SATB2","Glut-DACH2-4",0.253224221142134
"SN288_GTAATGCAGAGATCGC","Ex_Pre_SATB2","Glut-DACH2-1",0.250151742350507
"SN288_CATGGATCAGTAACCT","Ex_Pre_SATB2","Glut-CACNA1H-3",0.294579786019609
"SN288_GTCCTCATCCACAGCG","Ex_Pre_KCNH7","Glut-DACH2-HVCx",0.243619768460409
"SN288_GTAACCAAGACGACTG","Ex_Pre_KCNH7","Glut-DACH2-3",0.707096833506532
"SN288_CCAAGCGTCATACGAC","Ex_Pre_SATB2","Glut-CACNA1H-3",0.248061568547054
"SN288_TAAGCCAAGTAGGCCA","Ex_Pre_KCNH7","Glut-CACNA1H-2",0.222548428545849
"SN288_GCCAGCACAAATCAAG","Ex_Pre_SATB2","Glut-DACH2-2",0.339724452140267
"SN288_TGTTCTAAGACCATTC","Ex_Pre_KCNH7","Glut-DACH2-HVCx",0.602341070410499
"SN288_GTGCGTGTCAAGCCAT","Ex_Pre_KCNH7","Glut-DACH2-1",0.372615647279393
"SN288_GTATTGGAGAAACACT","Ex_Pre_KCNH7","Glut-CACNA1H-2",0.236164541269494
"SN288_GAGTCATAGGTTCTAC","Ex_Pre_SATB2","Glut-CACNA1H-3",0.220064104915781
"SN288_TTTACTGTCATGAGGG","Ex_Pre_KCNH7","Glut-DACH2-HVCx",0.522991758164923
"SN288_TGGGTTATCCCTTTGG","Ex_Pre_KCNH7","Glut-DACH2-3",0.760300260890317
"SN288_CGGCAGTCACTAGTAC","Ex_Pre_KCNH7","Glut-DACH2-6",0.324269788098778
"SN288_TCTACCGAGAGTTGTA","Ex_Pre_KCNH7","Glut-CACNA1H-3",0.341349027690875
"SN288_TAACGACCATGTAACC","Ex_Pre_KCNH7","Glut-DACH2-6",0.320803707659857
"SN288_AGGTCTATCGTTAGTG","Ex_Pre_KCNH7","Glut-DACH2-HVCx",0.278847948053875
"SN288_GGGATGAAGGAACATT","Ex_Pre_KCNH7","Glut-DACH2-4",0.569213234441552
"SN288_CTACAGAAGTTGTCAC","Ex_Pre_KCNH7","Glut-CACNA1H-3",0.218066025337733
"SN288_CTACCTGCATTCCTAT","Ex_Pre_SATB2","Glut-CACNA1H-3",0.23148892169611
"SN288_TCACACCTCCGATAAC","Ex_Pre_KCNH7","Glut-DACH2-HVCra-Int",0.207008845819711
"SN288_TTGCGTCTCGGAGTAG","Ex_Pre_KCNH7","Glut-DACH2-4",0.485634126474731
"SN288_CTACAGACAACACAAA","Ex_Pre_KCNH7","Glut-CACNA1H-2",0.178344309554922
"SN288_AGGACTTCATCCTATT","Ex_Pre_KCNH7","Glut-CACNA1H-3",0.308081309922889
"SN288_CAACCTCGTATGTCAC","Ex_Pre_KCNH7","Glut-DACH2-2",0.316832768850142
"SN288_CTCTGGTCATTGCTGA","Ex_Pre_KCNH7","Glut-CACNA1H-3",0.271579175348256
"SN288_GTCCTCAAGATGCTGG","Ex_Pre_KCNH7","Glut-CACNA1H-3",0.250442490472086
"SN288_CCAATGAGTCCAGCAC","Ex_Pre_KCNH7","Glut-CACNA1H-2",0.24794091842811
"SN288_ACCGTTCCAGCGTGCT","Ex_Pre_SATB2","Glut-DACH2-2",0.479941564619758
"SN288_CTGCTCAGTTGCCTAA","Ex_Pre_SATB2","Glut-CACNA1H-3",0.381811877761701
"SN288_CTCTCAGTCTCTCTAA","Ex_Pre_KCNH7","Glut-DACH2-4",0.507102692835164
"SN288_AGGCCACAGAAGTCTA","Ex_Pre_KCNH7","Glut-DACH2-4",0.273269928960909
"SN288_ACATGCAAGAGACAAG","Ex_Pre_SATB2","Glut-CACNA1H-2",0.321978728703395
"SN288_GAATAGATCCACAAGT","Ex_Pre_KCNH7","Glut-DACH2-2",0.269788613239526
"SN288_GTTGTGATCACAGAGG","Ex_Pre_KCNH7","Glut-CACNA1H-2",0.231602885343621
"SN288_GGGCTACTCATTGCTT","Ex_Pre_KCNH7","Glut-DACH2-4",0.201087565097784
"SN288_CGTCAAAGTCTGCGCA","Ex_Pre_KCNH7","Glut-CACNA1H-3",0.350104051872607
"SN288_CTCAAGACACATACGT","Ex_Pre_KCNH7","Glut-DACH2-2",0.218992305695974
"SN288_TCTACCGAGACGCCAA","Ex_Pre_SATB2","Glut-CACNA1H-3",0.557225683519379
"SN288_CTACTATAGTCAATCC","Ex_DACH2_LHX2","Glut-DACH2-1",0.365122497686364
"SN288_CGAGAAGTCCTCTGCA","Ex_DACH2_GRIK4","Glut-DACH2-7",0.518622252091403
"SN288_ATCTCTACACTAGTAC","Ex_DACH2_ADAMTS5","Glut-DACH2-7",0.68923768779023
"SN288_GATAGAAAGTATGGAT","Ex_DACH2_SLIT2","Glut-DACH2-3",1
"SN288_TATCCTACACGTACAT","Ex_DACH2_NR4A3","Glut-DACH2-1",0.633435325635856
"SN288_GCTTCACGTATCTCTT","Ex_DACH2_GRIK4","Glut-DACH2-1",0.841630993002912
"SN288_GTTTACTGTTGACTAC","Ex_DACH2_ADAMTS5","Glut-DACH2-2",0.450930040406014
"SN288_TCGCTCAGTCGGCTAC","Ex_DACH2_SLIT2","Glut-DACH2-3",1
"SN288_CCGTGAGCAATAGTAG","Ex_DACH2_ZMAT4","Glut-DACH2-8",0.503682851479615
"SN288_GGTCTGGAGTGGTTGG","Ex_DACH2_SLIT2","Glut-DACH2-3",0.562777966524408
"SN288_GTCCTCACAGCATTGT","Ex_DACH2_CEMIP","Glut-DACH2-6",0.915036825413061
"SN288_ACCCTCACACTATCCC","Ex_DACH2_LHX2","Glut-DACH2-2",0.513562478608621
"SN288_TTCAATCCACCGTGCA","Ex_DACH2_CEMIP","Glut-DACH2-6",0.549354945479652
"SN288_TAACGACTCATTGCGA","Ex_DACH2_ADAMTS5","Glut-DACH2-5",0.441312949724553
"SN288_AACCAACCACTTGAAC","Ex_DACH2_SLIT2","Glut-DACH2-1",0.4589937310458
"SN288_AGACAGGAGTCATCCA","Ex_DACH2_NR4A3","Glut-DACH2-1",0.802253602596866
"SN288_TGCTTGCAGAGTGTTA","Ex_DACH2_CEMIP","Glut-DACH2-3",0.772748423753241
"SN288_CCACCATTCCCAGGCA","Ex_DACH2_ADAMTS5","Glut-DACH2-7",0.538123231292162
"SN288_GAGAAATCAAGAGTAT","Ex_DACH2_MGAT4C","Glut-DACH2-7",0.579333388669371
"SN288_TCATTGTGTTCCTAAG","Ex_DACH2_RORB","Glut-DACH2-3",0.545769103828944
"SN288_ATTACTCTCTAAGAAG","Ex_DACH2_SLIT2","Glut-DACH2-3",0.992273000068268
"SN288_CCTCAACTCGTAGAGG","Ex_DACH2_ITGA9","Glut-DACH2-8",0.320377388083712
"SN288_AATAGAGGTTACTCAG","Ex_DACH2_ZMAT4","Glut-DACH2-6",0.862147663158514
"SN288_TTAATCCAGCCTATCA","Ex_DACH2_RORB","Glut-DACH2-3",0.450540235562882
"SN288_GAATCACGTCTACGAT","Ex_DACH2_ZMAT4","Glut-DACH2-3",0.858540842944514
"SN288_GCCTGTTCACCTAAAC","Ex_DACH2_NR4A3","Glut-DACH2-7",0.475061239385644
"SN288_CAACCTCGTTGAAGTA","Ex_DACH2_GRIK4","Glut-DACH2-1",0.8652770853156
"SN288_GCCATTCTCCAGCAAT","Ex_DACH2_CEMIP","Glut-DACH2-3",0.660471434657626
"SN288_CATCGCTCAATAGGGC","Ex_DACH2_ADAMTS5","Glut-DACH2-7",0.391776543781738
"SN288_ACAGCCGAGCTTCTAG","Ex_DACH2_SLIT2","Glut-DACH2-3",0.992848422375661
"SN288_TGCATCCGTTGGAGAC","Ex_DACH2_CEMIP","Glut-DACH2-6",0.96479935116393
"SN288_TCGTGGGTCTCTGACC","Ex_DACH2_CEMIP","Glut-DACH2-6",0.756981994669133
"SN288_TGATTCTAGTTATGGA","Ex_DACH2_CEMIP","Glut-DACH2-6",0.751500976175814
"SN288_TCTTCCTGTGTTGACT","Ex_DACH2_SLIT2","Glut-DACH2-3",0.611607279386196
"SN288_TGTGCGGGTCATGGCC","Ex_DACH2_TAC1","Glut-DACH2-3",0.550999272804929
"SN288_AACGTCAAGCACTCGC","Ex_DACH2_RORB","Glut-DACH2-3",0.446374507295239
"SN288_GAGGGTATCAACTACG","Ex_DACH2_RORB","Glut-DACH2-8",0.377125128157464
"SN288_GAGATGGTCGAACGCC","Ex_DACH2_CEMIP","Glut-DACH2-6",0.744348016047329
"SN288_TCTTAGTGTTATTCCT","Ex_DACH2_RORB","Glut-DACH2-3",0.348440601843857
"SN288_ATTCATCAGTTCCGGC","Ex_DACH2_ZMAT4","Glut-DACH2-6",0.427879376777156
"SN288_TATCAGGCAGGTGGAT","Ex_DACH2_CEMIP","Glut-DACH2-3",0.453290791238778
"SN288_CGAGTGCAGAGGTTAT","Ex_DACH2_RORB","Glut-DACH2-3",0.673890504897169
"SN288_GTGACGCGTATTGACC","Ex_DACH2_ADAMTS5","Glut-DACH2-2",0.733903192781685
"SN288_CGAGGCTCAGAGGGTT","Ex_DACH2_CEMIP","Glut-DACH2-6",0.839267142511132
"SN288_GCCGATGTCTGGCCAG","Ex_DACH2_RORB","Glut-DACH2-3",0.468019918728507
"SN288_ATAGAGATCGTTCCCA","Ex_DACH2_NR4A3","Glut-DACH2-1",0.586269609322333
"SN288_ATGCATGCAAATACGA","Ex_DACH2_CEMIP","Glut-DACH2-4",0.342618162608449
"SN288_GCTTTCGAGGTGGTTG","Ex_DACH2_RORB","Glut-DACH2-3",0.326379368099671
"SN288_AGCGTCGCACCGCTGA","Ex_DACH2_ZMAT4","Glut-DACH2-5",0.420247854789481
"SN288_GTCAAACGTCAGGCAA","Ex_DACH2_MGAT4C","Glut-DACH2-2",0.414702548545904
"SN288_CTGCTCAGTCGCATGC","Ex_DACH2_ZMAT4","Glut-DACH2-6",0.500752044102396
"SN288_GTTCATTGTGTCCAAT","Ex_DACH2_CEMIP","Glut-DACH2-6",0.762695390328197
"SN288_CAGTTAGCAATCCTAG","Ex_DACH2_ADAMTS5","Glut-DACH2-2",0.502807260503875
"SN288_AGACACTGTCGTATGT","Ex_DACH2_GRIK4","Glut-DACH2-2",0.451104296106185
"SN288_AGGGCCTTCGGAACTT","Ex_DACH2_SLIT2","Glut-DACH2-3",0.906320620532861
"SN288_GTTCGCTAGTGCTACT","Ex_DACH2_CEMIP","Glut-DACH2-6",0.97779829762601
"SN288_TCGGTCTCAAGTGACG","Ex_DACH2_SLIT2","Glut-DACH2-3",0.916810134385961
"SN288_TTAGGGTAGACCAGAC","Ex_DACH2_ZMAT4","Glut-DACH2-6",0.601096846667592
"SN288_ATGGGTTCATCTAACG","Ex_DACH2_ADAMTS5","Glut-DACH2-5",0.709201092830788
"SN288_AGACCCGCACCACATA","Ex_DACH2_SLIT2","Glut-DACH2-3",0.962492066978121
"SN288_ATTCTTGGTCGCATCG","Ex_DACH2_ZMAT4","Glut-DACH2-6",0.736867569220408
"SN288_GATAGAAGTGGATCGA","Ex_DACH2_MGAT4C","Glut-DACH2-5",0.32916807355514
"SN288_ATACTTCTCGTACACA","Ex_BCL6","Glut-DACH2-2",0.323113737603296
"SN288_AAACCCAAGCCTTCTC","Ex_DACH2_RORB","Glut-DACH2-LMANsh",0.393209462810763
"SN288_CCACCATGTGTACATC","Ex_DACH2_ZMAT4","Glut-DACH2-3",0.770305679694658
"SN288_GTTTGGAGTGATACCT","Ex_DACH2_GRIK4","Glut-DACH2-1",0.410017187728652
"SN288_AGGGTCCTCCCATACC","Ex_DACH2_LHX2","Glut-DACH2-2",0.509060512045883
"SN288_CCTGCATCACGAGAAC","Ex_DACH2_RORB","Glut-DACH2-3",0.36588666292126
"SN288_CCTCATGCACCGGTCA","Ex_BCL6","Glut-CACNA1H-3",0.263954347675749
"SN288_GAACTGTTCCTCTAAT","Ex_DACH2_RORB","Glut-DACH2-LMANsh",0.433095942431903
"SN288_TGGATCAGTATGGTAA","Ex_DACH2_RORB","Glut-DACH2-3",0.484756153498571
"SN288_TGCATGACACCGTCGA","Ex_DACH2_ADAMTS5","Glut-DACH2-6",0.487516327130105
"SN288_ACAAAGAGTTGGGCCT","Ex_DACH2_ADAMTS5","Glut-DACH2-7",0.430578366207383
"SN288_AACCTGAAGCTAGTTC","Ex_DACH2_RORB","Glut-DACH2-8",0.34747996830384
"SN288_TTTACCAGTCGGCACT","Ex_DACH2_SLIT2","Glut-DACH2-3",0.955225884820116
"SN288_CACTGTCTCGGTGAAG","Ex_DACH2_SLIT2","Glut-DACH2-3",0.385306213666817
"SN288_TTGAACGAGCTCTTCC","Ex_DACH2_CEMIP","Glut-DACH2-6",0.752228910168761
"SN288_GATCGTAAGTCATACC","Ex_DACH2_CEMIP","Glut-DACH2-6",0.543981742678919
"SN288_GTCGTTCCAGCCCAGT","Ex_DACH2_MGAT4C","Glut-DACH2-HVCra-Int",0.321133815349426
"SN288_TGTAACGAGGTAGACC","Ex_DACH2_SLIT2","Glut-DACH2-2",0.608486786366658
"SN288_CACGGGTTCCATAGAC","Ex_DACH2_MGAT4C","Glut-DACH2-2",0.464570646245284
"SN288_CCGGTGAGTTTCGGCG","Ex_DACH2_SLIT2","Glut-DACH2-3",0.741385632294101
"SN288_AAAGGTACAAGTAGTA","Ex_DACH2_GRIK4","Glut-DACH2-1",0.374214608997483
"SN288_AGACAAATCATTTGGG","Ex_DACH2_CEMIP","Glut-DACH2-6",0.800242169164135
"SN288_GGGTGAAGTTGTCAGT","Ex_DACH2_RORB","Glut-DACH2-3",0.570246214827447
"SN288_GCACGGTTCTTGGGCG","Ex_DACH2_CEMIP","Glut-DACH2-6",0.581600075363903
"SN288_ATCTTCAAGCCGATAG","Ex_DACH2_ADAMTS5","Glut-DACH2-5",0.425218744153182
"SN288_TCAATTCTCAAGTGGG","Ex_DACH2_SLIT2","Glut-DACH2-1",0.422765997599563
"SN288_ACGTAACTCTGCTTAT","Ex_DACH2_RORB","Glut-DACH2-3",0.300202480789235
"SN288_GTCTAGAGTCATCAGT","Ex_DACH2_ADAMTS5","Glut-DACH2-5",0.681850807707788
"SN288_GTGCAGCGTGGCTTGC","Ex_DACH2_ADAMTS5","Glut-DACH2-4",0.269053124778699
"SN288_ACCAAACCAACCGTAT","Ex_DACH2_MGAT4C","Glut-DACH2-1",0.704362473187122
"SN288_ATTCCTAGTTTACTGG","Ex_DACH2_RORB","Glut-DACH2-3",0.394577979356941
"SN288_CACATGAGTGTAGTGG","Ex_DACH2_GRIK4","Glut-DACH2-1",0.746279121886024
"SN288_CCACCATGTATCGATC","Ex_DACH2_NR4A3","Glut-DACH2-7",0.38222132084048
"SN288_TGGTGATTCCAGCAAT","Ex_DACH2_ITGA9","Glut-DACH2-4",0.275825074772339
"SN288_CAGCGTGGTCAGTTTG","Ex_DACH2_ADAMTS5","Glut-DACH2-7",0.453222571375489
"SN288_TACGGGCTCAGACCTA","Ex_DACH2_CEMIP","Glut-DACH2-3",0.588023022764323
"SN288_TGCCGAGAGTACCCTA","Ex_DACH2_RORB","Glut-DACH2-LMANsh",0.384941240181793
"SN288_CATCGGGGTACTGAGG","Ex_DACH2_RORB","Glut-DACH2-3",0.477107237031882
"SN288_ACCCTTGAGTCAGGGT","Ex_DACH2_CEMIP","Glut-DACH2-3",0.887689346683675
"SN288_CATGCTCGTTACACAC","Ex_DACH2_CEMIP","Glut-DACH2-6",0.900158733052327
"SN288_AGAGCAGCAAGTATCC","Ex_DACH2_CEMIP","Glut-DACH2-3",0.682194277325053
"SN288_TAGTGCATCTCGTTTA","Ex_DACH2_GRIK4","Glut-DACH2-2",0.396170429993791
"SN288_TCCCATGGTCGCATTA","Ex_DACH2_RORB","Glut-DACH2-8",0.227840630203682
"SN288_TCGCTCAAGTGAGCCA","Ex_DACH2_ZMAT4","Glut-DACH2-6",0.359995467047973
"SN288_TCACAAGTCGTTGCCT","Ex_DACH2_NR4A3","Glut-DACH2-1",0.529012688228049
"SN288_ATGCATGGTCAAAGTA","Ex_DACH2_RORB","Glut-DACH2-3",0.408639062065543
"SN288_ATCACGATCCTGGTCT","Ex_DACH2_ZMAT4","Glut-DACH2-6",0.565299645677117
"SN288_TGATTTCTCCCTCGAT","Ex_DACH2_RORB","Glut-DACH2-3",0.325913379735202
"SN288_CGCCAGATCATCGCTC","Ex_DACH2_ITGA9","Glut-DACH2-3",0.402816025942347
"SN288_CTCCTCCCAGGAGACT","Ex_DACH2_CEMIP","Glut-DACH2-6",0.49899000889782
"SN288_TATTGGGCAACAACAA","Ex_DACH2_ZMAT4","Glut-DACH2-6",0.374521227215323
"SN288_CATACAGAGTATTAGG","Ex_DACH2_CEMIP","Glut-DACH2-6",0.749169969435499
"SN288_AGGATCTTCGAGAACG","Ex_DACH2_ZMAT4","Glut-DACH2-6",0.401162141093639
"SN288_CGGGACTGTTCTCTAT","Ex_DACH2_RORB","Glut-DACH2-LMANsh",0.29400548314363
"SN288_TCAGGTATCGCCAGTG","Ex_DACH2_GRIK4","Glut-DACH2-2",0.365184668806904
"SN288_CTCACTGCAATTGCCA","Ex_DACH2_GRIK4","Glut-DACH2-1",0.666521955764443
"SN288_TCCTCGAAGGACGCTA","Ex_DACH2_ZMAT4","Glut-DACH2-3",0.661354531503003
"SN288_GTCCACTTCCACAAGT","Ex_DACH2_GRIK4","Glut-DACH2-1",0.887104073812623
"SN288_TTTGACTGTTGTCATG","Ex_DACH2_CEMIP","Glut-DACH2-6",0.807318188819157
"SN288_GTGAGGAGTTGATCGT","Ex_DACH2_ADAMTS5","Glut-DACH2-7",0.371187167710709
"SN288_CCAATGAAGGACAGCT","Ex_DACH2_ZMAT4","Glut-DACH2-3",0.384415246051894
"SN288_GGGATGAAGCGCCTCA","Ex_DACH2_MGAT4C","Glut-DACH2-1",0.871660957289346
"SN288_GGTGTTAGTACGGATG","Ex_DACH2_NR4A3","Glut-DACH2-7",0.465840810978128
"SN288_CGGCAGTAGAAGATCT","Ex_DACH2_CEMIP","Glut-DACH2-6",0.799546797711715
"SN288_CCACCATAGAAGATCT","Ex_DACH2_MGAT4C","Glut-DACH2-1",0.581064019685725
"SN288_AAAGGGCTCGAACACT","Ex_DACH2_GRIK4","Glut-DACH2-2",0.390817209051983
"SN288_TTGATGGCAAGTGGGT","Ex_DACH2_GRIK4","Glut-DACH2-2",0.633856418926739
"SN288_AGAAATGTCCAACCGG","Ex_DACH2_ITGA9","Glut-DACH2-7",0.384113783486417
"SN288_AATCGACAGCTATCTG","Ex_DACH2_ZMAT4","Glut-DACH2-7",0.529730865826457
"SN288_AGACAAAGTCAATCTG","Ex_DACH2_CEMIP","Glut-DACH2-6",0.709002326535427
"SN288_ATCGTCCTCATCCTGC","Ex_DACH2_CEMIP","Glut-DACH2-6",0.543660256155544
"SN288_AACAGGGTCCACGTAA","Ex_DACH2_ADAMTS5","Glut-DACH2-2",0.378632734533974
"SN288_ACGTCCTAGGCTGTAG","Ex_DACH2_MGAT4C","Glut-DACH2-5",0.529126256872286
"SN288_GTAATGCTCATTCACT","Ex_DACH2_ZMAT4","Glut-DACH2-3",0.313594907323062
"SN288_TCAATCTAGTTACGGG","Ex_DACH2_NR4A3","Glut-DACH2-1",0.47552042532296
"SN288_TTCTCTCTCGAGTCTA","Ex_DACH2_ZMAT4","Glut-DACH2-6",0.413415899448301
"SN288_GGGTGAACACCAGTTA","Ex_DACH2_ADAMTS5","Glut-DACH2-7",0.505666203753855
"SN288_ACTGATGCAATGGCCC","Ex_DACH2_CEMIP","Glut-DACH2-6",0.54680285525092
"SN288_CAATGACCAAGATGGC","Ex_DACH2_RORB","Glut-DACH2-3",0.324069521029697
"SN288_ATTCACTTCTCCTACG","Ex_BCL6","Glut-DACH2-HVCra-Int",0.263355356583155
"SN288_TGAGGGAAGTCTACCA","Ex_DACH2_GRIK4","Glut-DACH2-2",0.357979029548098
"SN288_GACTCAACAGTATGAA","Ex_DACH2_CEMIP","Glut-DACH2-6",0.420026944065299
"SN288_TGTTCCGCAATTGCGT","Ex_DACH2_CEMIP","Glut-DACH2-6",0.408595109895879
"SN288_GTTACCCAGTTCATGC","Ex_DACH2_RORB","Glut-DACH2-3",0.313943326201431
"SN288_TACTTACGTCATAAAG","Ex_DACH2_SLIT2","Glut-DACH2-3",0.876425914456949
"SN288_TTCTAACAGAGCATTA","Ex_DACH2_CEMIP","Glut-DACH2-6",0.536309125222886
"SN288_AGCCAGCAGACTAAGT","Ex_DACH2_ZMAT4","Glut-DACH2-3",0.464045338845268
"SN288_GTCCTCACACTAACCA","Ex_DACH2_RORB","Glut-DACH2-3",0.386852721966707
"SN288_TCAATTCTCCGAGGCT","Ex_DACH2_RORB","Glut-DACH2-3",0.275499169445778
"SN288_ACGATCATCGAATCCA","Ex_DACH2_ZMAT4","Glut-DACH2-3",0.77237128917266
"SN288_AAGTTCGAGGTAATCA","Ex_DACH2_GRIK4","Glut-DACH2-1",0.373464624986069
"SN288_GGCACGTGTCGTATTG","Ex_DACH2_TAC1","Glut-DACH2-3",0.735451425163829
"SN288_ATTTCACTCGCACGGT","Ex_DACH2_ITGA9","Glut-DACH2-3",0.557849893376866
"SN288_GGATGTTAGTGCGTCC","Ex_DACH2_CEMIP","Glut-DACH2-6",0.450560818945116
"SN288_GTTGTCCGTTGAAGTA","Ex_DACH2_RORB","Glut-DACH2-8",0.307885925875128
"SN288_AGGATAATCTCCTACG","Ex_DACH2_GRIK4","Glut-DACH2-1",0.274538139088409
"SN288_TAGACCACATCGGCCA","Ex_DACH2_LHX2","Glut-DACH2-2",0.463313212914395
"SN288_AAGTCGTTCACTTGTT","Ex_DACH2_RORB","Glut-DACH2-8",0.376944600437649
"SN288_GCCCGAACAGACGCTC","Ex_DACH2_NR4A3","Glut-DACH2-1",0.939516236228374
"SN288_GGGACTCGTTTACACG","Ex_DACH2_CEMIP","Glut-DACH2-6",0.675643922877111
"SN288_TCAGCAATCTGAGAAA","Ex_DACH2_RORB","Glut-DACH2-LMANsh",0.264627103006326
"SN288_CGAGGAAGTACCCGAC","Ex_DACH2_RORB","Glut-DACH2-3",0.347558175933062
"SN288_CGATCGGAGATAGTGT","Ex_DACH2_ADAMTS5","Glut-DACH2-7",0.393627003711972
"SN288_CAACCTCGTGGATGAC","Ex_DACH2_CEMIP","Glut-DACH2-6",0.76245707679094
"SN288_CTACATTGTCTTGAGT","Ex_DACH2_CEMIP","Glut-DACH2-6",0.481255221257845
"SN288_ATTCGTTCATGAAAGT","Ex_DACH2_ADAMTS5","Glut-DACH2-5",0.519569167919217
"SN288_TGCAGTATCCTTTGAT","Ex_DACH2_ZMAT4","Glut-DACH2-4",0.397306063855482
"SN288_TTGTTCAAGTCCTGTA","Ex_DACH2_CEMIP","Glut-DACH2-3",0.390431153911538
"SN288_CGGGACTTCCGTATAG","Ex_DACH2_LHX2","Glut-DACH2-2",0.409849344955306
"SN288_ATTCTACCAGCGACCT","Ex_DACH2_RORB","Glut-DACH2-3",0.526887617707118
"SN288_GAGCCTGAGAAACCAT","Ex_DACH2_ZMAT4","Glut-DACH2-6",0.439201459711471
"SN288_TTGTGGACACGTACAT","Ex_DACH2_GRIK4","Glut-DACH2-1",0.373932799017625
"SN288_TTGGATGAGAAACCCG","Ex_DACH2_ITGA9","Glut-DACH2-6",0.297418360399952
"SN288_CACCAAAAGTTGCGCC","Ex_DACH2_NR4A3","Glut-DACH2-1",0.371908376053233
"SN288_TACCGGGCAATAGGGC","Ex_DACH2_TAC1","Glut-DACH2-3",0.784355283534709
"SN288_ATACTTCGTCGATTTG","Ex_DACH2_SLIT2","Glut-DACH2-3",0.671279864705242
"SN288_CGTGATAGTAATGTGA","Ex_DACH2_RORB","Glut-DACH2-3",0.352119468043645
"SN288_ACCATTTTCGGAATGG","Ex_DACH2_RORB","Glut-DACH2-8",0.334135194355379
"SN288_TCGTGCTGTGTGTTTG","Ex_DACH2_RORB","Glut-DACH2-3",0.349015129352403
"SN288_CAGGTATTCATGTCAG","Ex_DACH2_LHX2","Glut-DACH2-5",0.540267885851672
"SN288_ACTGCAACAATCGTCA","Ex_DACH2_ITGA9","Glut-DACH2-3",0.534444956639646
"SN288_GTATTTCAGGGTCTTT","Ex_DACH2_ZMAT4","Glut-DACH2-3",0.484200197060718
"SN288_GGGAGATCAGCCTATA","Ex_DACH2_GRIK4","Glut-DACH2-1",0.797630112666788
"SN288_AGGATCTGTCGAGCTC","Ex_DACH2_CEMIP","Glut-DACH2-6",0.416725091476686
"SN288_TCGCTTGAGCAGCCCT","Ex_DACH2_NR4A3","Glut-DACH2-1",0.345155899878177
"SN288_TAGACTGAGACTCCGC","Ex_DACH2_ADAMTS5","Glut-DACH2-1",0.350156479904686
"SN288_ATGCGATCATGTGCTA","Ex_DACH2_ZMAT4","Glut-DACH2-3",0.565098441549948
"SN288_AGGTGTTCAGACTCTA","Ex_DACH2_ADAMTS5","Glut-DACH2-7",0.426194068162666
"SN288_GTCATTTTCCACAGCG","Ex_DACH2_CEMIP","Glut-DACH2-6",0.530481355944496
"SN288_GCACATATCCCATAAG","Ex_DACH2_MGAT4C","Glut-DACH2-2",0.428145199831467
"SN288_CCCGGAATCTCAGGCG","Ex_DACH2_ZMAT4","Glut-DACH2-HVCra",0.300267474653646
"SN288_AGGTAGGCAAACACGG","Ex_DACH2_GRIK4","Glut-DACH2-2",0.372826472758854
"SN288_GAAGGACGTTAGCTAC","Ex_DACH2_ITGA9","Glut-DACH2-4",0.584585068321616
"SN288_GCTGGGTCAAGACAAT","Ex_DACH2_CEMIP","Glut-DACH2-3",0.555017341393112
"SN288_CTACCTGCATGGAAGC","Ex_DACH2_CEMIP","Glut-DACH2-6",0.853345684259393
"SN288_TGTGTGATCGCTTAAG","Ex_DACH2_ADAMTS5","Glut-DACH2-5",0.414652120845926
"SN288_TTCAGGATCGCTTGCT","Ex_DACH2_SLIT2","Glut-DACH2-3",0.278826307200608
"SN288_CGGAGAAAGCCAGTAG","Ex_DACH2_ITGA9","Glut-DACH2-2",0.315296474945056
"SN288_CCTCTCCTCGCCGTGA","Ex_DACH2_CEMIP","Glut-DACH2-6",0.337492003295328
"SN288_GACAGCCGTGAAGCGT","Ex_DACH2_RORB","Glut-DACH2-8",0.236626295140134
"SN288_CGAAGGAGTGGACCTC","Ex_DACH2_CEMIP","Glut-DACH2-6",0.414564944887647
"SN288_ATCGGCGCATCGTGGC","Ex_DACH2_MGAT4C","Glut-DACH2-2",0.441620596380252
"SN288_TGTCCACTCTTCTTCC","Ex_DACH2_ADAMTS5","Glut-DACH2-LMANsh",0.188948873513093
"SN288_CGTGATATCTCGAACA","Ex_DACH2_ADAMTS5","Glut-DACH2-5",0.425468593663046
"SN288_TTCAATCGTAGTGCGA","Ex_DACH2_NR4A3","Glut-DACH2-2",0.411421539490927
"SN288_AGACCCGGTACTCGAT","Ex_DACH2_ZMAT4","Glut-DACH2-3",0.630551307294835
"SN288_CAGATACAGCCATCCG","Ex_DACH2_SLIT2","Glut-DACH2-3",0.743138003241167
"SN288_TCATTACGTACCGGCT","Ex_DACH2_RORB","Glut-DACH2-3",0.309537793596503
"SN288_AGGTTGTCATAACAGA","Ex_DACH2_GRIK4","Glut-DACH2-1",0.401667158090582
"SN288_AAATGGATCCGCAAAT","Ex_DACH2_RORB","Glut-DACH2-LMANsh",0.233190703509691
"SN288_TTCTAACCAGTAGATA","Ex_DACH2_RORB","Glut-DACH2-3",0.76848751182043
"SN288_AGAGAATAGCCGATAG","Ex_DACH2_RORB","Glut-DACH2-8",0.435994436399803
"SN288_TTGGATGGTAGCGTAG","Ex_DACH2_CEMIP","Glut-DACH2-6",0.347443857717296
"SN288_ACGTACAGTGTTCAGT","Ex_DACH2_ADAMTS5","Glut-DACH2-7",0.500907553431676
"SN288_CGAGTGCCAGAAGCTG","Ex_DACH2_RORB","Glut-DACH2-8",0.331174674734472
"SN288_GGCGTCATCTTAGTTC","Ex_DACH2_RORB","Glut-DACH2-3",0.258423595083534
"SN288_ACGGGTCCAAGGTCGA","Ex_DACH2_CEMIP","Glut-DACH2-4",0.584473071094842
"SN288_CGCGTGAGTGTACGCC","Ex_DACH2_RORB","Glut-DACH2-3",0.22802254200729
"SN288_TTCCGGTCACCAAAGG","Ex_DACH2_ZMAT4","Glut-DACH2-3",0.36555178393325
"SN288_TCAGGTATCGATTCCC","Ex_DACH2_NR4A3","Glut-DACH2-5",0.488486149735027
"SN288_AGATAGAAGGTCCGAA","Ex_DACH2_CEMIP","Glut-DACH2-6",0.698631522789739
"SN288_AACCCAATCCCGAGAC","Ex_DACH2_CEMIP","Glut-DACH2-6",0.553601097666438
"SN288_AAGATAGAGAGCAGTC","Ex_DACH2_GRIK4","Glut-DACH2-1",0.632285840462654
"SN288_GGAGCAAGTCTAGGTT","Ex_DACH2_ADAMTS5","Glut-DACH2-2",0.377957708754577
"SN288_GCCAACGCATGTCAGT","Ex_DACH2_NR4A3","Glut-DACH2-5",0.326762931475789
"SN288_GCCCAGATCGGCTGAC","Ex_DACH2_RORB","Glut-DACH2-LMANco",0.325497472482715
"SN288_GTTACAGAGAGTATAC","Ex_DACH2_RORB","Glut-CACNA1H-3",0.235678937171734
"SN288_TACGGGCTCGCCAACG","Ex_DACH2_ITGA9","Glut-CACNA1H-RA",0.213631786864294
"SN288_TTCCTTCGTCGATTAC","Ex_DACH2_ADAMTS5","Glut-DACH2-7",0.465379869705423
"SN288_TTGTTTGGTTCTCGTC","Ex_DACH2_ADAMTS5","Glut-DACH2-1",0.308422592330113
"SN288_TGAGCGCAGATTGAGT","Ex_DACH2_RORB","Glut-DACH2-8",0.231982853464974
"SN288_TAATTCCTCAAGGAGC","Ex_DACH2_RORB","Glut-DACH2-LMANsh",0.307672373017315
"SN288_TGTTGGAGTGTCATGT","Ex_DACH2_GRIK4","Glut-DACH2-2",0.261908488941306
"SN288_AGTAGCTTCTTGGTGA","Ex_DACH2_GRIK4","Glut-DACH2-1",0.526712119044995
"SN288_CCGGGTAGTGCGTGCT","Ex_DACH2_CEMIP","Glut-DACH2-3",0.779552782548749
"SN288_AAAGTCCTCATTTGCT","Ex_DACH2_ZMAT4","Glut-DACH2-6",0.585246656580099
"SN288_CATGGATCACCAGGTC","Ex_DACH2_CEMIP","Glut-DACH2-6",0.288319169648696
"SN288_GACTGATCACCTGCGA","Ex_DACH2_CEMIP","Glut-DACH2-6",0.535965433037832
"SN288_TCACGGGAGTAGACAT","Ex_DACH2_ITGA9","Glut-DACH2-7",0.249756130648303
"SN311_GAGGCAAAGGTGAGAA","Ex_Pre_SATB2","Glut-CACNA1H-2",0.377613481510863
"SN311_AGGCTGCGTGCTCTCT","Ex_Pre_SATB2","Glut-DACH2-1",0.652164256261126
"SN311_CCATCACGTTGGACTT","Ex_Pre_KCNH7","Glut-DACH2-1",0.471183375208105
"SN311_TACGCTCTCCAACTGA","Ex_Pre_SATB2","Glut-CACNA1H-3",0.332388499807649
"SN311_GCTACAATCGCAGTTA","Ex_Pre_KCNH7","Glut-CACNA1H-2",0.303712382740594
"SN311_GATTGGTGTAACACCT","Ex_Pre_KCNH7","Glut-CACNA1H-3",0.222881225016266
"SN311_CCCGAAGCAGAGAGGG","Ex_Pre_KCNH7","Glut-DACH2-HVCx",0.816137091258673
"SN311_GATTCGAAGGCTGGAT","Ex_Pre_KCNH7","Glut-DACH2-1",0.346559985793809
"SN311_GCTTTCGGTTCCGTTC","Ex_Pre_SATB2","Glut-CACNA1H-3",0.270986947164247
"SN311_AGGAAATTCCTAACAG","Ex_Pre_KCNH7","Glut-DACH2-HVCx",0.417098537439836
"SN311_CCCTAACCACCCTCTA","Ex_Pre_KCNH7","Glut-CACNA1H-2",0.271413364648607
"SN311_CTATCTACACCATATG","Ex_Pre_KCNH7","Glut-DACH2-HVCx",0.24952689705705
"SN311_TCATATCAGTTCTACG","Ex_Pre_KCNH7","Glut-DACH2-HVCx",0.389847782411357
"SN311_GTCTACCAGCAAGCCA","Ex_Pre_KCNH7","Glut-DACH2-1",0.265869379429945
"SN311_CGAGGCTCAACACAGG","Ex_Pre_SATB2","Glut-CACNA1H-3",0.357249090575569
"SN311_TCCAGAATCTACGGGC","Ex_Pre_KCNH7","Glut-DACH2-HVCx",0.792140770745602
"SN311_TGCAGTAAGATACTGA","Ex_Pre_KCNH7","Glut-DACH2-HVCx",0.704775768517545
"SN311_TGAGGGAAGGCCACCT","Ex_Pre_KCNH7","Glut-DACH2-1",0.288803044411477
"SN311_GCCCGAATCGGCTCTT","Ex_Pre_KCNH7","Glut-CACNA1H-3",0.271819458304509
"SN311_AAGACAAGTAGTGTGG","Ex_Pre_KCNH7","Glut-CACNA1H-3",0.177715901654577
"SN311_ACACCAATCGACCATA","Ex_Pre_KCNH7","Glut-DACH2-HVCx",0.629015080452311
"SN311_GCTTGGGCAATATCCG","Ex_Pre_KCNH7","Glut-DACH2-HVCx",0.752873585872774
"SN311_AAACGCTAGTCGGCCT","Ex_Pre_KCNH7","Glut-DACH2-1",0.24823271201639
"SN311_ATCGTCCCAGGATCTT","Ex_Pre_KCNH7","Glut-DACH2-6",0.345388000420009
"SN311_GATTTCTCAGTCTACA","Ex_Pre_KCNH7","Glut-DACH2-3",0.648682349014295
"SN311_GCAGCTGCATGGAACG","Ex_Pre_KCNH7","Glut-DACH2-HVCx",0.46735223517321
"SN311_TTGTGTTCACGCCAGT","Ex_Pre_KCNH7","Glut-DACH2-3",0.738110605707616
"SN311_GGCTTTCGTATTGAGA","Ex_Pre_KCNH7","Glut-DACH2-HVCx",0.738444660280758
"SN311_TTTGGAGTCGTTCCCA","Ex_Pre_SATB2","Glut-CACNA1H-2",0.291837805321531
"SN311_AGACCCGGTCGAAACG","Ex_Pre_KCNH7","Glut-DACH2-4",0.254362829292185
"SN311_ATCGTCCGTTACCCAA","Ex_Pre_KCNH7","Glut-CACNA1H-3",0.466313461712819
"SN311_CTGCATCTCCTATTGT","Ex_Pre_SATB2","Glut-CACNA1H-3",0.282965720345803
"SN311_GATGTTGTCCCGAGAC","Ex_Pre_SATB2","Glut-CACNA1H-3",0.271207620531096
"SN311_TTTCATGGTATTTCGG","Ex_Pre_KCNH7","Glut-DACH2-HVCx",0.760612076367242
"SN311_ACTTAGGTCGAGAAGC","Ex_Pre_KCNH7","Glut-DACH2-HVCx",0.461703916483797
"SN311_TCGGATAAGTTCCGTA","Ex_Pre_SATB2","Glut-DACH2-HVCx",0.19676079001343
"SN311_CCTATCGAGCGGTAAC","Ex_Pre_KCNH7","Glut-DACH2-HVCra-Int",0.249047530467943
"SN311_TCTTCCTAGTAATACG","Ex_Pre_KCNH7","Glut-CACNA1H-3",0.230653412938064
"SN311_CCTACGTGTGATGGCA","Ex_Pre_SATB2","Glut-CACNA1H-3",0.287995220487253
"SN311_TGGGATTAGCGCTTCG","Ex_Pre_SATB2","Glut-CACNA1H-3",0.460781498997465
"SN311_TATCAGGCATAACTCG","Ex_Pre_KCNH7","Glut-DACH2-3",0.457030690731765
"SN311_TTCCGGTCAATCAGCT","Ex_Pre_KCNH7","Glut-DACH2-3",0.346754588782607
"SN311_GTCACTCAGCTAGCCC","Ex_Pre_KCNH7","Glut-CACNA1H-3",0.284600541879748
"SN311_ACACCAATCGATACTG","Ex_Pre_KCNH7","Glut-DACH2-6",0.339578801479028
"SN311_GGGAGATGTGCATGTT","Ex_Pre_SATB2","Glut-CACNA1H-3",0.322275941709872
"SN311_GATGTTGCACTATCCC","Ex_Pre_KCNH7","Glut-DACH2-HVCra-Int",0.245068113154838
"SN311_TTTCACATCGCTACAA","Ex_Pre_KCNH7","Glut-CACNA1H-3",0.277267912253595
"SN311_GGTAACTCACCGTACG","Ex_Pre_KCNH7","Glut-DACH2-HVCra-Int",0.3840504047291
"SN311_ACCGTTCCATGGCACC","Ex_Pre_SATB2","Glut-CACNA1H-3",0.196619171538607
"SN311_TTCTAACTCTTGGTCC","Ex_Pre_SATB2","Glut-DACH2-HVCx",0.222949274417485
"SN311_GTTGTAGGTAGTCCTA","Ex_Pre_KCNH7","Glut-DACH2-4",0.232292832679834
"SN311_CTTTCGGGTACTCCCT","Ex_Pre_SATB2","Glut-CACNA1H-3",0.286766666923207
"SN311_CTGAATGAGGGAGGTG","Ex_Pre_KCNH7","Glut-DACH2-6",0.892620915719318
"SN311_TGTCAGATCAAACCTG","Ex_Pre_KCNH7","Glut-DACH2-HVCra-Int",0.181399253695155
"SN311_TCCTTCTAGGACACTG","Ex_Pre_SATB2","Glut-CACNA1H-2",0.261406474856473
"SN311_TGGATCATCCAACCGG","Ex_Pre_KCNH7","Glut-DACH2-4",0.248114017922254
"SN311_TGGGCTGCAAATGATG","Ex_Pre_SATB2","Glut-CACNA1H-3",0.30679420004916
"SN311_CCTATCGGTGCCTAAT","Ex_Pre_SATB2","Glut-CACNA1H-3",0.393767549683229
"SN311_AACAAAGGTCGCAGTC","Ex_Pre_KCNH7","Glut-CACNA1H-3",0.33121124423486
"SN311_TGATCTTAGACCTTTG","Ex_Pre_KCNH7","Glut-CACNA1H-3",0.227543477050554
"SN311_TGGATCATCATCGCCT","Ex_Pre_KCNH7","Glut-DACH2-4",0.273305710779479
"SN311_CGTTGGGTCCGAGATT","Ex_Pre_KCNH7","Glut-DACH2-HVCx",0.384154915327953
"SN311_AACCACACAAGTGATA","Ex_Pre_KCNH7","Glut-DACH2-HVCx",0.517420326444101
"SN311_GCCAACGGTTCTAACG","Ex_Pre_KCNH7","Glut-DACH2-HVCx",0.290216744999586
"SN311_GAACTGTAGTGAATAC","Ex_Pre_KCNH7","Glut-DACH2-HVCra-Int",0.291223950366813
"SN311_TGGGAAGTCACCCTCA","Ex_Pre_KCNH7","Glut-DACH2-HVCx",0.868580143736703
"SN311_TCGGGTGGTCGCAGTC","Ex_Pre_KCNH7","Glut-DACH2-4",0.331371185242636
"SN311_CAAGGGAAGTGCGTCC","Ex_Pre_SATB2","Glut-CACNA1H-3",0.347907506473693
"SN311_CTTACCGGTCGTTCAA","Ex_Pre_KCNH7","Glut-CACNA1H-3",0.174192499086163
"SN311_CTTAGGATCTGGGTCG","Ex_Pre_KCNH7","Glut-DACH2-HVCx",0.234225481669141
"SN311_GTCGAATTCTCCAAGA","Ex_Pre_KCNH7","Glut-DACH2-HVCx",0.276666879685437
"SN311_TAAGCACGTGAGAGGG","Ex_Pre_KCNH7","Glut-DACH2-HVCx",0.760690083619468
"SN311_GCGTGCAGTGCCGGTT","Ex_Pre_KCNH7","Glut-DACH2-6",0.283434092722051
"SN311_CCGTGAGAGGGCAAGG","Ex_Pre_KCNH7","Glut-DACH2-6",0.183073488971725
"SN311_AGGAAATGTGTGAATA","Ex_Pre_KCNH7","Glut-CACNA1H-3",0.253290977114638
"SN311_TAACCAGTCCACTGAA","Ex_Pre_SATB2","Glut-CACNA1H-3",0.302334299829067
"SN311_CATTCCGTCGTTGTTT","Ex_Pre_KCNH7","Glut-DACH2-HVCx",0.738046778853373
"SN311_GCGAGAAGTGTTACTG","Ex_Pre_KCNH7","Glut-CACNA1H-3",0.344892452090117
"SN311_GGGAGATCACCTGTCT","Ex_Pre_KCNH7","Glut-DACH2-HVCx",0.252805869220349
"SN311_TACAACGAGCTAGCCC","Ex_Pre_KCNH7","Glut-DACH2-4",0.241562092578631
"SN311_GTTGAACCATCGAAGG","Ex_Pre_KCNH7","Glut-DACH2-4",0.295482787671825
"SN311_TTGCGTCGTCAGACGA","Ex_Pre_SATB2","Glut-CACNA1H-3",0.270021753550657
"SN311_CGGGTGTTCGGAGTAG","Ex_Pre_KCNH7","Glut-DACH2-HVCx",0.305777958486259
"SN311_TGAGCATGTGCCGTTG","Ex_Pre_SATB2","Glut-CACNA1H-3",0.42352936279231
"SN311_ACAAGCTCATTCCTAT","Ex_DACH2_SLIT2","Glut-DACH2-3",0.592976678607283
"SN311_ACCTACCCACACACTA","Ex_DACH2_CEMIP","Glut-DACH2-6",0.454532499490375
"SN311_CCCATTGCATACTTTC","Ex_DACH2_SLIT2","Glut-DACH2-3",0.949508282082847
"SN311_ATCACGACATCGCTCT","Ex_DACH2_ITGA9","Glut-DACH2-2",0.410652280911558
"SN311_CATTCCGTCCTCATAT","Ex_DACH2_CEMIP","Glut-DACH2-6",0.596296052011803
"SN311_AACCACATCGTAACTG","Ex_DACH2_CEMIP","Glut-DACH2-6",0.653495751651692
"SN311_CCCTTAGCACTGGCCA","Ex_DACH2_ITGA9","Glut-DACH2-4",0.333862931627303
"SN311_GCAACATAGGATATAC","Ex_DACH2_NR4A3","Glut-DACH2-1",0.567756614735748
"SN311_TTGTTCAAGTTGCCCG","Ex_DACH2_ZMAT4","Glut-DACH2-3",0.434820671800198
"SN311_GGCAGTCCATCAGCTA","Ex_DACH2_RORB","Glut-DACH2-3",0.594855545350342
"SN311_AGAACCTTCATTGCGA","Ex_DACH2_ZMAT4","Glut-DACH2-8",0.567498364938692
"SN311_TTTCCTCGTGCCTTCT","Ex_BCL6","Glut-DACH2-3",0.490412734800233
"SN311_TTGCTGCCAGATCACT","Ex_DACH2_CEMIP","Glut-DACH2-6",0.703625040739529
"SN311_TCTCAGCTCGACCACG","Ex_DACH2_CEMIP","Glut-DACH2-3",0.720956434724659
"SN311_AAAGAACAGTATTGCC","Ex_DACH2_ITGA9","Glut-DACH2-4",0.427174606696397
"SN311_TCAGTCCCACCGGTCA","Ex_DACH2_GRIK4","Glut-DACH2-5",0.401301630009449
"SN311_GGCTTTCAGCTCCACG","Ex_DACH2_ZMAT4","Glut-DACH2-3",0.749610331172419
"SN311_TGGGATTGTACTAACC","Ex_DACH2_GRIK4","Glut-DACH2-2",0.454462022129702
"SN311_TCAGGGCGTCTTGAAC","Ex_DACH2_GRIK4","Glut-DACH2-1",0.369137865632466
"SN311_CTTTCAATCTACCAGA","Ex_DACH2_ZMAT4","Glut-DACH2-3",0.427536212026807
"SN311_ACTATTCCAAATCCCA","Ex_DACH2_RORB","Glut-DACH2-3",0.505297902332038
"SN311_ATCACGACAAGCCTGC","Ex_DACH2_RORB","Glut-DACH2-3",0.494913091305306
"SN311_CAACCTCGTGCCGGTT","Ex_CACNA1H_MCTP2","Glut-DACH2-2",0.393584057443414
"SN311_CGAGAAGGTTTCGCTC","Ex_DACH2_GRIK4","Glut-DACH2-1",0.981639035480328
"SN311_TCACAAGTCCATTGTT","Ex_DACH2_GRIK4","Glut-DACH2-1",0.438130918445318
"SN311_AAGCGAGCAGGAATCG","Ex_DACH2_GRIK4","Glut-DACH2-7",0.680482389633112
"SN311_TCGACCTTCACTTGGA","Ex_DACH2_GRIK4","Glut-DACH2-7",0.503251896713834
"SN311_AATGGCTCAGGAATAT","Ex_DACH2_CEMIP","Glut-DACH2-6",0.699749604158529
"SN311_ATCCGTCTCGAGTGGA","Ex_DACH2_RORB","Glut-DACH2-3",0.61865809045064
"SN311_TTTCACACACCCTATC","Ex_DACH2_NR4A3","Glut-DACH2-1",0.861502640964273
"SN311_GAAGGGTTCTGTCGTC","Ex_DACH2_RORB","Glut-DACH2-3",0.543698911680348
"SN311_GTCACTCAGACTGTTC","Ex_DACH2_ZMAT4","Glut-DACH2-8",0.58190455765382
"SN311_ACATCGATCACCATCC","Ex_DACH2_ZMAT4","Glut-DACH2-3",0.425501803747693
"SN311_GAGACTTCACTAACGT","Ex_DACH2_CEMIP","Glut-DACH2-3",0.98868691790477
"SN311_ATGCGATGTGTACGCC","Ex_DACH2_ITGA9","Glut-DACH2-3",0.420524317073516
"SN311_AAAGTGACAGTCGCAC","Ex_DACH2_GRIK4","Glut-DACH2-7",0.408477967201235
"SN311_AGTACCACAATCTGCA","Ex_DACH2_ADAMTS5","Glut-DACH2-7",0.522334127988979
"SN311_ACAAAGATCATTGCTT","Ex_DACH2_RORB","Glut-DACH2-3",0.551458537861123
"SN311_TTCCTAATCCTCTTTC","Ex_DACH2_GRIK4","Glut-DACH2-1",0.508809691161319
"SN311_CTCCGATAGGTCACCC","Ex_DACH2_GRIK4","Glut-DACH2-2",0.526811048094701
"SN311_TCAGTCCCAACTCATG","Ex_DACH2_RORB","Glut-DACH2-3",0.552761178382775
"SN311_TTACGTTCACAAGCAG","Ex_DACH2_CEMIP","Glut-DACH2-6",0.57792091935429
"SN311_CCCTGATAGAAGCCAC","Ex_DACH2_GRIK4","Glut-DACH2-1",0.818213178440149
"SN311_CCAATTTAGCACTCCG","Ex_DACH2_RORB","Glut-DACH2-3",0.644766720485581
"SN311_TGACGCGGTAATGATG","Ex_DACH2_RORB","Glut-DACH2-3",0.518127141107243
"SN311_TATTGCTAGTTCGCAT","Ex_DACH2_GRIK4","Glut-DACH2-1",0.773346224900404
"SN311_CTTCGGTCATCGAACT","Ex_DACH2_NR4A3","Glut-DACH2-1",0.529702183175524
"SN311_CAATGACTCGTGTCAA","Ex_DACH2_CEMIP","Glut-DACH2-6",0.83303824585444
"SN311_CCTCCTCAGTCAATCC","Ex_DACH2_CEMIP","Glut-DACH2-6",0.802985531886842
"SN311_TTCCGTGCACGTACAT","Ex_DACH2_RORB","Glut-DACH2-3",0.546623689994323
"SN311_CCCTAACTCCGTGACG","Ex_DACH2_CEMIP","Glut-DACH2-3",0.632925261266768
"SN311_CGGAATTAGTCATCCA","Ex_DACH2_SLIT2","Glut-DACH2-4",0.798436062511355
"SN311_ACACTGAAGATACGAT","Ex_DACH2_RORB","Glut-DACH2-3",0.579132723907091
"SN311_ATCTCTAAGACGCCAA","Ex_DACH2_RORB","Glut-DACH2-3",0.564419316492051
"SN311_GTCATTTTCCACCTGT","Ex_DACH2_RORB","Glut-DACH2-3",0.352449560119282
"SN311_GTAGTACTCCACTGGG","Ex_DACH2_RORB","Glut-DACH2-3",0.49626776462227
"SN311_ACTACGATCCAAACCA","Ex_DACH2_NR4A3","Glut-DACH2-1",0.87129192890015
"SN311_GTGCTGGCACTATCCC","Ex_DACH2_NR4A3","Glut-DACH2-5",0.336918491863664
"SN311_ATTACTCAGAACTCCT","Ex_DACH2_RORB","Glut-DACH2-3",0.467305547798415
"SN311_GTCAGCGGTCAGACTT","Ex_DACH2_ITGA9","Glut-DACH2-7",0.357208808886811
"SN311_AGAACAAGTCAGGCAA","Ex_DACH2_CEMIP","Glut-DACH2-3",0.505263013276824
"SN311_GTCATCCCAACTGAAA","Ex_DACH2_CEMIP","Glut-DACH2-7",0.31991147962787
"SN311_TCACAAGTCATCTACT","Ex_DACH2_RORB","Glut-DACH2-3",0.498973513946686
"SN311_AACAAAGGTAGGTTTC","Ex_DACH2_ITGA9","Glut-DACH2-4",0.300881715718758
"SN311_CACTGGGCATTCGGGC","Ex_DACH2_GRIK4","Glut-DACH2-1",0.391944650785836
"SN311_CAGTTAGAGCATTTGC","Ex_DACH2_CEMIP","Glut-DACH2-6",0.80528471210264
"SN311_CCCTCAAAGAGGTATT","Ex_DACH2_RORB","Glut-DACH2-3",0.549663743194789
"SN311_GTCTAGATCTTGGTCC","Ex_DACH2_CEMIP","Glut-DACH2-6",0.709232889455509
"SN311_CAAAGAACAGTCTACA","Ex_DACH2_CEMIP","Glut-DACH2-3",0.35524523308071
"SN311_TTCACGCTCGTTACCC","Ex_DACH2_CEMIP","Glut-DACH2-6",0.692136675800868
"SN311_CTGCTCACATTCAGGT","Ex_DACH2_CEMIP","Glut-DACH2-6",0.469371227247456
"SN311_GCAACCGCAGGACGAT","Ex_DACH2_RORB","Glut-DACH2-3",0.594428633175346
"SN311_AAAGTCCCACAGTACT","Ex_DACH2_RORB","Glut-DACH2-3",0.350974029090821
"SN311_AAGATAGCAAATGGCG","Ex_DACH2_SLIT2","Glut-DACH2-3",0.795417093392477
"SN311_TCACTATGTATTTCGG","Ex_DACH2_CEMIP","Glut-DACH2-6",0.770417550718164
"SN311_TGATCTTGTTTCGACA","Ex_DACH2_ITGA9","Glut-DACH2-4",0.609618097387592
"SN311_AGATGAACACGCAAAG","Ex_DACH2_SLIT2","Glut-DACH2-3",0.726801295383172
"SN311_GGTTGTAGTACAAGCG","Ex_DACH2_ZMAT4","Glut-DACH2-8",0.373589334705027
"SN311_CGTGATAGTCATTCCC","Ex_DACH2_RORB","Glut-DACH2-3",0.525838265952851
"SN311_GAACTGTCATAATCGC","Ex_DACH2_CEMIP","Glut-DACH2-3",0.515848924500095
"SN311_CCGTTCAGTGGCTGCT","Ex_DACH2_RORB","Glut-DACH2-3",0.508259526207926
"SN311_AAAGAACAGGCTAAAT","Ex_DACH2_CEMIP","Glut-DACH2-7",0.676167829834645
"SN311_CGTTGGGGTGACGCCT","Ex_BCL6","Glut-DACH2-3",0.623586848438773
"SN311_CATGCCTGTTGTGCAT","Ex_DACH2_ZMAT4","Glut-DACH2-3",0.486089157807281
"SN311_TCATATCAGGTTCACT","Ex_DACH2_NR4A3","Glut-DACH2-1",0.697427364006501
"SN311_ACCCTCAAGATGTTGA","Ex_DACH2_CEMIP","Glut-DACH2-6",0.582958480256228
"SN311_TCAGTGATCGGTCGAC","Ex_DACH2_CEMIP","Glut-DACH2-6",0.80356417294696
"SN311_CCGGGTATCGTGGACC","Ex_DACH2_NR4A3","Glut-DACH2-1",0.597588716339781
"SN311_AACGGGAGTTGGACTT","Ex_DACH2_SLIT2","Glut-DACH2-3",0.806075629605849
"SN311_GGAGATGTCGATACTG","Ex_DACH2_GRIK4","Glut-DACH2-7",0.494853923989857
"SN311_CTCTCGAGTATTGGCT","Ex_DACH2_SLIT2","Glut-DACH2-8",0.323102195183476
"SN311_ATACCGAGTCCCGGTA","Ex_DACH2_CEMIP","Glut-DACH2-3",0.430836546986181
"SN311_TCTATCAAGCGTTCAT","Ex_DACH2_ZMAT4","Glut-DACH2-4",0.399116993325039
"SN311_CAATCGATCTCCTGCA","Ex_DACH2_SLIT2","Glut-DACH2-3",0.961731494650562
"SN311_CATGGATTCAATCCGA","Ex_DACH2_LHX2","Glut-DACH2-1",0.742828403217461
"SN311_AGGGAGTAGTGCACTT","Ex_DACH2_ADAMTS5","Glut-DACH2-1",0.353467776232352
"SN311_TCTTTGATCCGAGAAG","Ex_DACH2_ZMAT4","Glut-DACH2-3",0.645361438304526
"SN311_AGAAGCGGTTCTCGCT","Ex_DACH2_ITGA9","Glut-DACH2-4",0.509880984157451
"SN311_TCTTTGATCAAGTTGC","Ex_DACH2_RORB","Glut-DACH2-3",0.529143820319205
"SN311_CTCCAACAGAACTCCT","Ex_DACH2_CEMIP","Glut-DACH2-6",0.624483690567032
"SN311_TGTGCGGCATTCGGGC","Ex_DACH2_GRIK4","Glut-DACH2-1",0.983756179469734
"SN311_CGAAGTTCAGGCTACC","Ex_DACH2_RORB","Glut-DACH2-8",0.392494258943166
"SN311_GGGATCCGTAAGCGGT","Ex_DACH2_SLIT2","Glut-DACH2-3",0.731035242198373
"SN311_CGGACACAGCCGTTGC","Ex_DACH2_CEMIP","Glut-DACH2-6",0.626385909595979
"SN311_TACGCTCGTGTATTCG","Ex_DACH2_RORB","Glut-DACH2-3",0.519357151248631
"SN311_GATAGAACAAGCGCAA","Ex_DACH2_MGAT4C","Glut-DACH2-7",0.500507140695999
"SN311_GATTTCTCAATAACGA","Ex_DACH2_SLIT2","Glut-DACH2-3",1
"SN311_TTCACCGAGATACAGT","Ex_DACH2_ZMAT4","Glut-DACH2-3",0.457679355120869
"SN311_CCGCAAGCACAGAGCA","Ex_DACH2_CEMIP","Glut-DACH2-6",0.45104355220819
"SN311_TTCTTGATCCAGTGCG","Ex_DACH2_ADAMTS5","Glut-DACH2-2",0.320422927274707
"SN311_TTTACTGAGGGCCAAT","Ex_DACH2_RORB","Glut-DACH2-3",0.386451000117771
"SN311_TACAACGTCACTGGGC","Ex_DACH2_RORB","Glut-DACH2-3",0.585083742943641
"SN311_ACCATTTAGACGAAGA","Ex_DACH2_RORB","Glut-DACH2-3",0.496356970707877
"SN311_GTCCTCACAGACCTAT","Ex_DACH2_CEMIP","Glut-DACH2-6",0.796511635440787
"SN311_ACAGAAACAAGCGATG","Ex_DACH2_GRIK4","Glut-DACH2-2",0.265662827088805
"SN311_CCTCAGTGTCATACCA","Ex_DACH2_RORB","Glut-DACH2-3",0.434777868737745
"SN311_GATCCCTGTATGTCCA","Ex_DACH2_RORB","Glut-DACH2-3",0.511369351985637
"SN311_TCGTAGACAAAGCACG","Ex_DACH2_CEMIP","Glut-DACH2-6",0.639141506083844
"SN311_GTAATGCTCAGACCTA","Ex_DACH2_RORB","Glut-DACH2-3",0.430028934454096
"SN311_TGAATCGTCGCTTTAT","Ex_DACH2_RORB","Glut-DACH2-3",0.681223588113179
"SN311_GCCTGTTCACCCTAGG","Ex_DACH2_ITGA9","Glut-DACH2-7",0.444714228015863
"SN311_AGTGCCGCACTGAGTT","Ex_DACH2_SLIT2","Glut-DACH2-3",0.958316935779306
"SN311_CTCCGATAGAGCAGCT","Ex_DACH2_SLIT2","Glut-DACH2-3",0.57460121060018
"SN311_TCGGGACGTGAGTAGC","Ex_DACH2_CEMIP","Glut-DACH2-6",0.751674868384065
"SN311_TGAGTCACATACACCA","Ex_DACH2_RORB","Glut-DACH2-3",0.586945040321243
"SN311_AAGATAGCACGACCTG","Ex_DACH2_CEMIP","Glut-DACH2-3",0.435286324122152
"SN311_CATCGTCAGGGTACGT","Ex_DACH2_RORB","Glut-DACH2-3",0.528567264280205
"SN311_TTAGGCACACGCCAGT","Ex_DACH2_ZMAT4","Glut-DACH2-3",0.351894016775162
"SN311_TCTCCGATCGATGCTA","Ex_DACH2_RORB","Glut-DACH2-3",0.52957910947165
"SN311_GCACATATCAAGAGGC","Ex_DACH2_RORB","Glut-DACH2-3",0.45568402619406
"SN311_CAGCAATAGCTCAGAG","Ex_DACH2_CEMIP","Glut-DACH2-6",0.685218197064817
"SN311_GACAGCCGTCTGATAC","Ex_DACH2_SLIT2","Glut-DACH2-3",0.89891190741976
"SN311_CAAGAGGAGAGAGAAC","Ex_DACH2_CEMIP","Glut-DACH2-6",0.479318900666995
"SN311_TAACCAGTCAGTGCGC","Ex_DACH2_ZMAT4","Glut-DACH2-3",0.434169741079275
"SN311_GCTTCACTCGTTCAGA","Ex_DACH2_ZMAT4","Glut-DACH2-6",0.519297778847379
"SN311_ACTTCCGTCTTACACT","Ex_DACH2_SLIT2","Glut-DACH2-3",0.904078316891073
"SN311_AGGTGTTTCGCACGGT","Ex_DACH2_ZMAT4","Glut-DACH2-8",0.539448395583492
"SN311_GTGCACGGTGTGATGG","Ex_DACH2_ZMAT4","Glut-DACH2-3",0.461605035210094
"SN311_GATAGCTGTAACCAGG","Ex_DACH2_CEMIP","Glut-DACH2-6",0.440915948009773
"SN311_GCTTCACGTGACTGTT","Ex_DACH2_CEMIP","Glut-DACH2-6",0.405324289151322
"SN311_GTAGGTTGTTTCGTTT","Ex_DACH2_GRIK4","Glut-DACH2-1",0.757967406218403
"SN311_TGCAGTACATAGACTC","Ex_DACH2_RORB","Glut-DACH2-3",0.481138718842934
"SN311_CCTACGTTCTTGAACG","Ex_DACH2_CEMIP","Glut-DACH2-6",0.969475312028073
"SN311_GCGTGCATCCGCAAAT","Ex_DACH2_CEMIP","Glut-DACH2-6",0.788815452822062
"SN311_AGTCTCCAGTGGTGGT","Ex_DACH2_RORB","Glut-DACH2-3",0.507378964379529
"SN311_GTGAGCCTCCGTTGGG","Ex_DACH2_ZMAT4","Glut-DACH2-3",0.911313923791135
"SN311_AGAACCTAGCGTATAA","Ex_DACH2_RORB","Glut-DACH2-3",0.519747493842627
"SN311_TCATTCATCTCGTCGT","Ex_DACH2_SLIT2","Glut-DACH2-3",0.947023210339515
"SN311_TACTTGTAGCAGCAGT","Ex_DACH2_RORB","Glut-DACH2-3",0.54268610141497
"SN311_TAGGGTTAGATGCGAC","Ex_DACH2_ITGA9","Glut-DACH2-3",0.922512208595728
"SN311_AGAACCTTCTTCGACC","Ex_DACH2_CEMIP","Glut-DACH2-3",0.709754299947476
"SN311_TCGCTCAAGGGCAATC","Ex_DACH2_CEMIP","Glut-DACH2-6",0.344018282532803
"SN311_GGTTCTCCAAATAGCA","Ex_DACH2_RORB","Glut-DACH2-3",0.471781405022305
"SN311_TATCTTGCATAGAATG","Ex_DACH2_RORB","Glut-DACH2-3",0.633696697508941
"SN311_AGGACGACAGTCGCAC","Ex_DACH2_CEMIP","Glut-DACH2-6",0.673391730722149
"SN311_CATGGATAGCCTTTGA","Ex_DACH2_CEMIP","Glut-DACH2-6",0.818772535820106
"SN311_AACGAAAAGTCCCAGC","Ex_DACH2_RORB","Glut-DACH2-3",0.477660998652241
"SN311_TCGGGCACACAGCATT","Ex_DACH2_RORB","Glut-DACH2-3",0.523759568438658
"SN311_TTCCACGAGGGCAAGG","Ex_DACH2_ITGA9","Glut-DACH2-3",0.445375932263131
"SN311_GAGTTTGGTCCTCAGG","Ex_DACH2_RORB","Glut-DACH2-3",0.605158165318876
"SN311_AGGGTCCTCCTCCACA","Ex_DACH2_TAC1","Glut-DACH2-8",0.743015300352623
"SN311_GTACAGTAGTATGATG","Ex_DACH2_GRIK4","Glut-DACH2-7",0.764799321521478
"SN311_TGATGCAGTGCTAGCC","Ex_DACH2_ITGA9","Glut-DACH2-3",0.564538964925219
"SN311_GACCAATAGGTAATCA","Ex_DACH2_GRIK4","Glut-DACH2-1",0.371846363863289
"SN311_GTGGAAGGTCTGTGAT","Ex_DACH2_ZMAT4","Glut-DACH2-8",0.784800653768213
"SN311_CAGTGCGAGGCAATGC","Ex_DACH2_RORB","Glut-DACH2-3",0.55479938223985
"SN311_TGACTCCAGCCTCAGC","Ex_DACH2_MGAT4C","Glut-DACH2-1",0.817714979664082
"SN311_TCCACGTGTATGAGGC","Ex_DACH2_SLIT2","Glut-DACH2-3",0.981801030768462
"SN311_TACCCGTTCTCCGTGT","Ex_DACH2_RORB","Glut-DACH2-3",0.602044822156101
"SN311_GAGGCAACACCATAAC","Ex_DACH2_ZMAT4","Glut-DACH2-3",0.815865439943496
"SN311_TGTGCGGTCTCATGCC","Ex_DACH2_RORB","Glut-DACH2-3",0.504254679124699
"SN311_CGTTCTGTCTCCGCAT","Ex_DACH2_CEMIP","Glut-DACH2-3",0.592007365696831
"SN311_AGGTAGGGTCAGTTTG","Ex_DACH2_CEMIP","Glut-DACH2-6",0.823197545072993
"SN311_GCCATTCGTCGGTACC","Ex_DACH2_CEMIP","Glut-DACH2-6",0.959278460350277
"SN311_CATCCACTCAAGGCTT","Ex_DACH2_ITGA9","Glut-DACH2-4",0.739358743266821
"SN311_GGACGTCCAGAGTTCT","Ex_DACH2_RORB","Glut-DACH2-3",0.580581770927249
"SN311_ACGGTTACATCGCCTT","Ex_DACH2_ZMAT4","Glut-DACH2-3",0.565950428961245
"SN311_TGCAGATTCAGTCTTT","Ex_DACH2_ZMAT4","Glut-DACH2-3",0.765173024474589
"SN311_TTGCATTAGACTCAAA","Ex_DACH2_ADAMTS5","Glut-DACH2-2",0.442230876272682
"SN311_AGTGCCGTCTGGCCAG","Ex_DACH2_ZMAT4","Glut-DACH2-3",0.80768725984225
"SN311_TTGAACGAGTGCTCGC","Ex_DACH2_ITGA9","Glut-DACH2-6",0.42730952698601
"SN311_GGGTCACTCCGTAATG","Ex_DACH2_ITGA9","Glut-DACH2-4",0.344845801621329
"SN311_AACGAAATCCCTCTCC","Ex_DACH2_NR4A3","Glut-DACH2-1",0.62427782376993
"SN311_TGCTCGTCACAGAGAC","Ex_DACH2_ADAMTS5","Glut-DACH2-7",0.763681284532703
"SN311_TGCAGATCATTCTTCA","Ex_DACH2_ADAMTS5","Glut-DACH2-5",0.498149804204054
"SN311_TCACTCGAGAGGACTC","Ex_DACH2_RORB","Glut-DACH2-3",0.553727045181664
"SN311_CTGCAGGTCGCGTTTC","Ex_DACH2_SLIT2","Glut-DACH2-3",0.9506710215428
"SN311_CCGGTGACAGTCAGCC","Ex_DACH2_NR4A3","Glut-DACH2-1",0.422798046991291
"SN311_GAAACCTTCATACGGT","Ex_DACH2_ADAMTS5","Glut-DACH2-7",0.777088861627107
"SN311_ATCACTTAGGTTGCCC","Ex_DACH2_ZMAT4","Glut-DACH2-3",0.988604203075116
"SN311_CATCGTCAGATTGTGA","Ex_DACH2_RORB","Glut-DACH2-3",0.607468453903397
"SN311_TTTCAGTCAGGCACTC","Ex_DACH2_ADAMTS5","Glut-DACH2-2",0.396445717484775
"SN311_CCTGTTGTCGAGCTGC","Ex_DACH2_SLIT2","Glut-DACH2-4",0.365821995432659
"SN311_TTCTGTAAGGAAGTCC","Ex_DACH2_CEMIP","Glut-DACH2-3",0.910965141791064
"SN311_TCAGGGCGTAACAGGC","Ex_DACH2_ADAMTS5","Glut-DACH2-4",0.274490154187216
"SN311_CGTTAGAAGCCTATCA","Ex_DACH2_RORB","Glut-DACH2-3",0.582928445640718
"SN311_ACGATGTTCGTAGTGT","Ex_DACH2_ZMAT4","Glut-DACH2-3",0.939882831495105
"SN311_CTCCGATAGCGGGTTA","Ex_DACH2_ITGA9","Glut-DACH2-4",0.341842092966773
"SN311_TTCCTAAAGTTAACGA","Ex_DACH2_RORB","Glut-DACH2-3",0.509219969664987
"SN311_TGATGGTAGGCATCGA","Ex_DACH2_LHX2","Glut-DACH2-1",0.557081631365973
"SN311_ATTGGGTGTCTCTCCA","Ex_DACH2_RORB","Glut-DACH2-3",0.585302872677835
"SN311_GAGCTGCGTTGACGGA","Ex_DACH2_NR4A3","Glut-DACH2-1",0.813923187825666
"SN311_ATCGTCCTCGGACGTC","Ex_DACH2_ITGA9","Glut-DACH2-3",0.604551974576756
"SN311_TGGATCATCGACATCA","Ex_DACH2_RORB","Glut-DACH2-3",0.427360305498322
"SN311_TAGACTGTCAGCGGAA","Ex_DACH2_ZMAT4","Glut-DACH2-6",0.610692724669185
"SN311_GTTATGGGTCATAACC","Ex_DACH2_CEMIP","Glut-DACH2-6",0.593151015112842
"SN311_CATGCAAGTCGGAACA","Ex_DACH2_ADAMTS5","Glut-DACH2-5",0.628024850539519
"SN311_GCCAGGTAGAAATTCG","Ex_DACH2_ITGA9","Glut-DACH2-3",1
"SN311_GGTTGTACACGAAAGC","Ex_DACH2_CEMIP","Glut-DACH2-6",0.918204424941113
"SN311_TACAGGTGTACAGGTG","Ex_DACH2_ADAMTS5","Glut-DACH2-7",0.504513414750348
"SN311_TTCATGTCAGTAACCT","Ex_DACH2_NR4A3","Glut-DACH2-1",0.845439077657229
"SN311_GTTATGGAGCAGATAT","Ex_DACH2_ZMAT4","Glut-DACH2-3",0.656002937264193
"SN311_AGCTACACAGTTGAAA","Ex_DACH2_GRIK4","Glut-DACH2-7",0.61997812495127
"SN311_CCTCAACAGGATGGCT","Ex_DACH2_RORB","Glut-DACH2-3",0.651794152430856
"SN311_GCAGGCTGTATAGCTC","Ex_DACH2_ZMAT4","Glut-DACH2-3",0.928769966937469
"SN311_ATACCGAGTCTTGAGT","Ex_DACH2_SLIT2","Glut-DACH2-4",0.499395168537309
"SN311_ACCACAATCCTACCGT","Ex_DACH2_RORB","Glut-DACH2-3",0.505100775545815
"SN311_CATGAGTCACATATGC","Ex_DACH2_ADAMTS5","Glut-DACH2-1",0.267973431202068
"SN311_GACAGCCGTTAATCGC","Ex_DACH2_MGAT4C","Glut-DACH2-1",0.796359645030641
"SN311_GTAGAAAAGGGCAACT","Ex_DACH2_GRIK4","Glut-DACH2-1",0.397238072512791
"SN311_TAAGTCGCAGCCTACG","Ex_DACH2_MGAT4C","Glut-DACH2-1",0.659035823967203
"SN311_AGAGAGCGTAGCTTGT","Ex_DACH2_RORB","Glut-DACH2-3",0.574534177221602
"SN311_CTGCATCCAGTAACCT","Ex_DACH2_ZMAT4","Glut-DACH2-3",0.504459291476097
"SN311_CTGCTCAAGGAGAATG","Ex_DACH2_NR4A3","Glut-DACH2-7",0.68174095286323
"SN311_TCACTCGCACAGTCGC","Ex_DACH2_ADAMTS5","Glut-DACH2-7",0.633518978001218
"SN311_TGTCCTGCAGTATGAA","Ex_DACH2_CEMIP","Glut-DACH2-6",0.744189910471914
"SN311_GGTAATCTCAACGCTA","Ex_DACH2_CEMIP","Glut-DACH2-6",0.825785180254449
"SN311_GGAACCCGTAGGCTGA","Ex_DACH2_MGAT4C","Glut-DACH2-1",0.824716763385991
"SN311_ACTATCTTCGCGGACT","Ex_DACH2_CEMIP","Glut-DACH2-3",0.588422365542606
"SN311_GTTGTCCCAATCTAGC","Ex_DACH2_ZMAT4","Glut-DACH2-3",0.807988411759416
"SN311_TGTGATGCAGCTGTGC","Ex_DACH2_SLIT2","Glut-DACH2-3",0.329920864684521
"SN311_ATCACGAAGAGCTGCA","Ex_DACH2_ZMAT4","Glut-DACH2-3",0.527614397780094
"SN311_AGGGAGTGTAGTGGCA","Ex_DACH2_RORB","Glut-DACH2-3",0.516885260474735
"SN311_GGCGTCACACCACTGG","Ex_DACH2_CEMIP","Glut-DACH2-6",0.620177541226562
"SN311_GGTGTCGCAAGGCAAC","Ex_DACH2_RORB","Glut-DACH2-3",0.590020263660666
"SN311_GATGACTCAAGGATGC","Ex_DACH2_NR4A3","Glut-DACH2-1",0.667220775208879
"SN311_ATGTCTTAGCCAGTAG","Ex_DACH2_ITGA9","Glut-DACH2-4",0.500924438894926
"SN311_GTTAGACGTCGAACGA","Ex_DACH2_RORB","Glut-DACH2-3",0.489612923645541
"SN311_TGGGAGAAGCTGACAG","Ex_DACH2_RORB","Glut-DACH2-3",0.563665194637014
"SN311_GTCTCACAGCATTGTC","Ex_DACH2_CEMIP","Glut-DACH2-6",0.537213706731916
"SN311_CAGAGCCAGGAATCGC","Ex_DACH2_ADAMTS5","Glut-DACH2-7",0.623827767316011
"SN311_ACCTGAACACCCAAGC","Ex_DACH2_ITGA9","Glut-DACH2-3",0.619159741692261
"SN311_AAAGGGCAGGCATGGT","Ex_DACH2_ITGA9","Glut-DACH2-8",0.684483148209316
"SN311_TGCCGAGAGAGGTTTA","Ex_DACH2_ITGA9","Glut-DACH2-7",0.308909620856801
"SN311_TTGTTTGAGTCGGCCT","Ex_DACH2_RORB","Glut-DACH2-3",0.663653506707949
"SN311_GTCGTTCTCTTCTGTA","Ex_DACH2_RORB","Glut-DACH2-3",0.494387716114789
"SN311_ACAGGGATCTGGCCGA","Ex_DACH2_CEMIP","Glut-DACH2-6",0.987375091533704
"SN311_TATCGCCCATGTACGT","Ex_DACH2_ZMAT4","Glut-DACH2-3",0.641607435228724
"SN311_CGATGGCCAAGAAATC","Ex_DACH2_NR4A3","Glut-DACH2-1",0.609690326029957
"SN311_TGACCCTGTTAGGAGC","Ex_DACH2_LHX2","Glut-DACH2-2",0.472386718505832
"SN311_ATTCTTGTCGGATACT","Ex_DACH2_CEMIP","Glut-DACH2-3",0.411495621369522
"SN311_TGTAAGCAGAGTGTTA","Ex_DACH2_GRIK4","Glut-DACH2-7",0.618576330518021
"SN311_AGCGCTGCAATCACGT","Ex_DACH2_RORB","Glut-DACH2-3",0.597752413844612
"SN311_GGATCTAAGTGGGAAA","Ex_DACH2_RORB","Glut-DACH2-3",0.590881561517258
"SN311_GTCGTAAAGCATTGAA","Ex_DACH2_NR4A3","Glut-DACH2-1",0.583765178422056
"SN311_AGAGAGCCAGTCGGAA","Ex_DACH2_SLIT2","Glut-DACH2-3",0.823127776279477
"SN311_GTAATGCTCACAGAGG","Ex_DACH2_RORB","Glut-DACH2-3",0.559077091256759
"SN311_GATAGAATCGTGAGAG","Ex_DACH2_GRIK4","Glut-DACH2-1",0.481546663400652
"SN311_ATAGGCTTCATCGGGC","Ex_DACH2_RORB","Glut-DACH2-3",0.548994117326204
"SN311_CTCCGATCATAATCGC","Ex_DACH2_NR4A3","Glut-DACH2-7",0.774324452992012
"SN311_CATTGCCTCAAACCTG","Ex_DACH2_NR4A3","Glut-DACH2-7",0.571040023184478
"SN311_CTACTATTCACATTGG","Ex_DACH2_ADAMTS5","Glut-DACH2-5",0.725004816937789
"SN311_GAGATGGGTTCCCACT","Ex_DACH2_CEMIP","Glut-DACH2-1",0.599019690639047
"SN311_TTTGATCCAGAGGAAA","Ex_DACH2_LHX2","Glut-DACH2-1",0.414731481369803
"SN311_CGATGCGTCCTTATCA","Ex_DACH2_NR4A3","Glut-DACH2-1",0.800410028197292
"SN311_CACTGTCTCGTGTGAT","Ex_DACH2_GRIK4","Glut-DACH2-7",0.63453726499658
"SN311_GTGAGCCTCTTAGGAC","Ex_DACH2_NR4A3","Glut-DACH2-1",0.530775299646047
"SN311_TCCCACAGTCGAGTTT","Ex_DACH2_CEMIP","Glut-DACH2-3",0.457393300251306
"SN311_ATTGGGTCAGGATTCT","Ex_DACH2_NR4A3","Glut-DACH2-1",0.597223025044287
"SN311_CCCTGATCAATGACCT","Ex_DACH2_ZMAT4","Glut-DACH2-3",0.869605576298872
"SN311_TGAGCGCCACCTTCCA","Ex_DACH2_RORB","Glut-DACH2-3",0.407447235297679
"SN311_TCATGTTTCCCATTTA","Ex_DACH2_GRIK4","Glut-DACH2-1",0.734389811734734
"SN311_GGGAAGTGTCATAAAG","Ex_DACH2_ADAMTS5","Glut-DACH2-2",0.398299040707182
"SN311_CGAGGAACACACCGCA","Ex_DACH2_LHX2","Glut-DACH2-1",0.407630809036914
"SN311_TGAGGGAAGCCAAGCA","Ex_DACH2_RORB","Glut-DACH2-3",0.574332994017141
"SN311_GCGAGAATCTCTCAAT","Ex_DACH2_ADAMTS5","Glut-DACH2-7",0.336434522788851
"SN311_GAAGTAAGTCGGTACC","Ex_DACH2_ADAMTS5","Glut-DACH2-5",0.401640260443995
"SN311_GGTGTTAGTGTCCACG","Ex_DACH2_RORB","Glut-DACH2-3",0.587308247070996
"SN311_GTGTCCTTCGTAACTG","Ex_DACH2_ITGA9","Glut-DACH2-7",0.682948119120756
"SN311_GAGGGTATCCCTAGGG","Ex_DACH2_CEMIP","Glut-DACH2-3",0.597133787445445
"SN311_TACGCTCGTAGGACTG","Ex_DACH2_CEMIP","Glut-DACH2-6",0.513159109981812
"SN311_GAAGCCCGTGTGGTCC","Ex_DACH2_RORB","Glut-DACH2-3",0.596953343965278
"SN311_GTCGTAAAGGACTTCT","Ex_DACH2_RORB","Glut-DACH2-3",0.411470880216137
"SN311_CGTGTCTAGTTCATCG","Ex_DACH2_RORB","Glut-DACH2-3",0.524908049584238
"SN311_GTTACGATCAGCGTCG","Ex_DACH2_GRIK4","Glut-DACH2-7",0.449016351675375
"SN311_CGTGCTTAGCTAGATA","Ex_DACH2_GRIK4","Glut-DACH2-7",0.61304507861053
"SN311_AGTTCCCAGCTAAGTA","Ex_DACH2_RORB","Glut-DACH2-3",0.55647548349971
"SN311_CTGCAGGCACCGGCTA","Ex_DACH2_RORB","Glut-DACH2-3",0.450312726435156
"SN311_TATACCTAGCGTTACT","Ex_DACH2_ADAMTS5","Glut-DACH2-5",0.364097605876089
"SN311_AGTTAGCCACAGCATT","Ex_DACH2_CEMIP","Glut-DACH2-6",1
"SN311_CAACGGCCAAGTGGAC","Ex_DACH2_ADAMTS5","Glut-DACH2-7",0.648423284143154
"SN311_TTGGATGGTCTGTGAT","Ex_DACH2_ADAMTS5","Glut-DACH2-1",0.444337965720263
"SN311_GGCTTGGGTTACCTGA","Ex_DACH2_NR4A3","Glut-DACH2-7",0.772511471500389
"SN311_TTACTGTTCATCTACT","Ex_DACH2_NR4A3","Glut-DACH2-1",0.484337652991009
"SN311_TCATGTTGTCGCCTAG","Ex_DACH2_ADAMTS5","Glut-DACH2-5",0.556755392695858
"SN311_GGAACCCGTTCTTGTT","Ex_DACH2_NR4A3","Glut-DACH2-7",0.786700367859257
"SN311_TTCTCTCTCAACCTTT","Ex_DACH2_ZMAT4","Glut-DACH2-3",0.913990585258505
"SN311_AGGGTCCCAGGCCCTA","Ex_DACH2_ADAMTS5","Glut-DACH2-5",0.542156438130525
"SN311_ATGGGTTTCGACATTG","Ex_DACH2_LHX2","Glut-DACH2-5",0.617725515200351
"SN311_TGTTTGTAGGATATAC","Ex_DACH2_CEMIP","Glut-DACH2-6",0.537506943329647
"SN311_GGTGTTACAATACGCT","Ex_DACH2_CEMIP","Glut-DACH2-6",0.466184824161356
"SN311_GTAGATCTCGCAAGAG","Ex_DACH2_RORB","Glut-DACH2-3",0.540156734962146
"SN311_CTAGGTAGTCTTACTT","Ex_DACH2_ADAMTS5","Glut-DACH2-2",0.275577449120683
"SN311_ATCGTCCGTTTGGGAG","Ex_DACH2_RORB","Glut-DACH2-3",0.466391564122061
"SN311_GCGTTTCGTAAGGTCG","Ex_DACH2_RORB","Glut-DACH2-3",0.48101773455039
"SN311_TCTCTGGGTGCAGTGA","Ex_DACH2_ADAMTS5","Glut-DACH2-7",0.27380590312412
"SN311_GCGTTTCCAGAAACCG","Ex_DACH2_CEMIP","Glut-DACH2-3",0.34370530617645
"SN311_ATGAGGGGTAGCGCCT","Ex_DACH2_ZMAT4","Glut-DACH2-3",0.534862057707008
"SN311_ACTATTCAGGGTGAAA","Ex_DACH2_LHX2","Glut-DACH2-1",0.4533843222577
"SN311_GGTGGCTAGCGCATCC","Ex_DACH2_RORB","Glut-DACH2-3",0.602718644579443
"SN311_GTGGAAGCACCAGACC","Ex_DACH2_NR4A3","Glut-DACH2-7",0.729576074292627
"SN311_CTCCGATAGGACCCAA","Ex_DACH2_NR4A3","Glut-DACH2-7",0.835236348474286
"SN311_GAAATGAGTGACTATC","Ex_DACH2_ADAMTS5","Glut-DACH2-5",0.354793625421975
"SN311_AACGAAACAGTCGGAA","Ex_DACH2_ITGA9","Glut-DACH2-4",0.515030196629449
"SN311_GTTGCGGGTAGTTACC","Ex_DACH2_RORB","Glut-DACH2-3",0.636976067388956
"SN311_CCTCACAAGTTTCGAC","Ex_DACH2_NR4A3","Glut-DACH2-1",0.747970654602991
"SN311_TCAAGTGAGTTTCGAC","Ex_DACH2_ZMAT4","Glut-DACH2-3",0.310594614658431
"SN311_CTACATTGTCCGAAAG","Ex_DACH2_ADAMTS5","Glut-DACH2-5",0.75109443266613
"SN311_AAGATAGGTGCAACAG","Ex_DACH2_CEMIP","Glut-DACH2-6",0.371976860022313
"SN311_TGCTCGTGTATCAGGG","Ex_DACH2_GRIK4","Glut-DACH2-2",0.38440637554573
"SN311_ATCGTGAAGTCGTTAC","Ex_DACH2_RORB","Glut-DACH2-3",0.638545997033988
"SN311_ACTCTCGAGCCAAGTG","Ex_DACH2_ITGA9","Glut-DACH2-4",0.284095663584866
"SN311_CCGATCTCAAATACGA","Ex_DACH2_NR4A3","Glut-DACH2-7",0.28410203361573
"SN311_TTGATGGTCCTGTTGC","Ex_DACH2_LHX2","Glut-DACH2-2",0.499987557917053
"SN311_GGGTCACGTGTAAATG","Ex_DACH2_GRIK4","Glut-DACH2-1",0.516018636222663
"SN311_ATGGAGGCAGTAACAA","Ex_DACH2_ADAMTS5","Glut-DACH2-2",0.314848039492536
"SN311_CAGGGCTAGTAGTCAA","Ex_DACH2_CEMIP","Glut-DACH2-3",0.636602349545821
"SN311_GAGGGATCAAGATCCT","Ex_DACH2_ADAMTS5","Glut-DACH2-1",0.336620662659263
"SN311_GCTGGGTGTGCGGATA","Ex_DACH2_RORB","Glut-DACH2-3",0.623297473272756
"SN311_CAAGACTAGATGTTCC","Ex_DACH2_ADAMTS5","Glut-DACH2-5",0.381680723928777
"SN311_CGGAGAAAGTGCACCC","Ex_DACH2_MGAT4C","Glut-DACH2-1",0.574450715015447
"SN311_ACATCCCAGACTTGTC","Ex_DACH2_NR4A3","Glut-DACH2-7",0.566444332807986
"SN311_GCCAGGTAGATGAATC","Ex_DACH2_MGAT4C","Glut-DACH2-1",0.6325433576569
"SN311_TACGTCCAGAGGTCAC","Ex_DACH2_NR4A3","Glut-DACH2-1",0.682577189321538
"SN311_GGGTCACCAAGTATCC","Ex_DACH2_RORB","Glut-DACH2-3",0.510561190047777
"SN311_CCCTTAGCAAACTCGT","Ex_DACH2_NR4A3","Glut-DACH2-5",0.452116333641077
"SN311_CTTCAATGTGGCAGAT","Ex_DACH2_NR4A3","Glut-DACH2-1",0.824717575228896
"SN311_TGCAGGCGTTTGTTCT","Ex_DACH2_MGAT4C","Glut-DACH2-1",0.545954118547567
"SN311_AGTACCAGTGCTGTCG","Ex_DACH2_LHX2","Glut-DACH2-1",0.392418495107656
"SN311_ATTGGGTTCGTCTACC","Ex_DACH2_NR4A3","Glut-DACH2-1",0.813508934364181
"SN311_GGTGATTGTCCAGCGT","Ex_DACH2_ZMAT4","Glut-DACH2-3",0.468398835152781
"SN311_GGGTAGAAGGGACCAT","Ex_DACH2_ADAMTS5","Glut-DACH2-5",0.555097365970411
"SN311_GAGTTACGTACTAAGA","Ex_DACH2_NR4A3","Glut-DACH2-1",0.523748563340536
"SN311_TTCATGTTCCGCTGTT","Ex_DACH2_ADAMTS5","Glut-DACH2-5",0.316025197746123
"SN311_CGGGTGTTCCGTTTCG","Ex_DACH2_NR4A3","Glut-DACH2-1",0.385008876959957
"SN311_ACACCAAGTGTTCGAT","Ex_DACH2_NR4A3","Glut-DACH2-1",0.619618432287006
"SN311_CTAAGTGCACTCATAG","Ex_DACH2_ZMAT4","Glut-DACH2-7",0.474914949193236
"SN311_GGGCCATAGCTAGAGC","Ex_DACH2_ADAMTS5","Glut-DACH2-2",0.424454438311834
"SN311_ATTCCATGTTACGCCG","Ex_DACH2_CEMIP","Glut-DACH2-6",0.323066130296173
"SN311_CAGCAGCGTGTCCAAT","Ex_DACH2_ADAMTS5","Glut-DACH2-7",0.758860433522564
"SN311_AGTCATGAGTGAGTTA","Ex_DACH2_ADAMTS5","Glut-DACH2-7",0.324510651399731
"SN311_TCGTAGATCCGGACGT","Ex_DACH2_ADAMTS5","Glut-DACH2-5",0.717208685068721
"SN311_CAGATTGAGTGGCAGT","Ex_DACH2_CEMIP","Glut-DACH2-7",0.412351650287799
"SN311_GATCGTATCGCTGACG","Ex_DACH2_ADAMTS5","Glut-DACH2-2",0.275854204809481
"SN311_TCACTCGGTACAGAGC","Ex_DACH2_ZMAT4","Glut-DACH2-8",0.437952125587106
"SN311_GCATTAGCAATTGCCA","Ex_DACH2_NR4A3","Glut-DACH2-7",0.506301437612132
"SN311_TTGGGCGCATCGTTCC","Ex_DACH2_ADAMTS5","Glut-DACH2-6",0.333408151408221
"SN311_CAAAGAAAGGAAGAAC","Ex_DACH2_CEMIP","Glut-DACH2-6",0.777894859368713
"SN311_GACCGTGGTGAGGATC","Ex_DACH2_NR4A3","Glut-DACH2-1",0.42943098490861
"SN311_CGAGTTAGTCGGTGTC","Ex_DACH2_ADAMTS5","Glut-DACH2-6",0.377119131115499
"SN311_TTTGGTTGTGACCGTC","Ex_DACH2_LHX2","Glut-DACH2-1",0.899969355607622
"SN311_CCGATGGTCGAGAAAT","Ex_DACH2_ADAMTS5","Glut-DACH2-1",0.458272192993006
"SN311_CAGGGCTCAACGGTAG","Ex_DACH2_MGAT4C","Glut-DACH2-1",0.764310637896455
"SN311_GTAGAGGGTCGCATCG","Ex_DACH2_ADAMTS5","Glut-DACH2-2",0.402362930310935
"SN311_CGTAGTACAGCAGTAG","Ex_DACH2_ADAMTS5","Glut-DACH2-7",0.418693748177355
"SN311_AATCGTGTCTACTTCA","Ex_DACH2_GRIK4","Glut-DACH2-1",0.531552813428359
"SN311_GGGTAGATCCGTTTCG","Ex_DACH2_GRIK4","Glut-DACH2-2",0.378646369457484
"SN311_AACTTCTGTTAAGGAT","Ex_DACH2_ADAMTS5","Glut-DACH2-5",0.650591670493905
"SN311_GTGCAGCCAGCGAACA","Ex_DACH2_RORB","Glut-DACH2-3",0.538363962980386
"SN311_TCACTCGCAGATCATC","Ex_DACH2_NR4A3","Glut-DACH2-7",0.553053530847376
"SN311_GTGCGTGTCGACCATA","Ex_DACH2_NR4A3","Glut-DACH2-7",0.574237972693001
"SN311_ACGATCACAGCAGTGA","Ex_DACH2_ITGA9","Glut-DACH2-4",0.25803269232775
"SN311_GTCATGATCACTACGA","Ex_DACH2_NR4A3","Glut-DACH2-7",0.705671224801627
"SN311_CCACTTGAGTATTAGG","Ex_DACH2_ADAMTS5","Glut-DACH2-5",0.498356774385691
"SN311_AACAGGGTCCTATTTG","Ex_DACH2_ITGA9","Glut-DACH2-4",0.657367917743425
"SN311_AGACAAAAGTTAACAG","Ex_DACH2_ADAMTS5","Glut-DACH2-7",0.193290093214272
"SN311_TCATGAGAGAGGGTAA","Ex_DACH2_NR4A3","Glut-DACH2-1",0.484874233066522
"SN311_CAGCCAGTCGTGACTA","Ex_DACH2_NR4A3","Glut-DACH2-7",0.653368845433536
"SN311_GAGCCTGGTTTGCCGG","Ex_DACH2_ZMAT4","Glut-DACH2-6",0.401589931773274
"SN311_TCAGGGCGTTGAAGTA","Ex_DACH2_ADAMTS5","Glut-DACH2-7",0.774012353135454
"SN311_TTGGGATGTCCAGCGT","Ex_DACH2_ADAMTS5","Glut-DACH2-5",0.549462365347648
"SN311_AATGAAGCAACGATCT","Ex_DACH2_RORB","Glut-DACH2-3",0.533674503541353
"SN311_AAGTCGTGTACCGTGC","Ex_DACH2_ZMAT4","Glut-DACH2-8",0.634264491754776
"SN311_ACGATGTGTGCGACAA","Ex_DACH2_NR4A3","Glut-DACH2-1",0.604798635135807
"SN311_TAGTGCATCGTAGGAG","Ex_DACH2_NR4A3","Glut-DACH2-7",0.471471161530828
"SN311_TGCGGGTGTACCTAGT","Ex_DACH2_CEMIP","Glut-DACH2-6",0.858901137022276
"SN311_TCCAGAAGTCTCGGGT","Ex_DACH2_CEMIP","Glut-DACH2-3",0.678035406698336
"SN311_TAATCTCCAGTTTGGT","Ex_DACH2_MGAT4C","Glut-DACH2-1",0.69490189042952
"SN311_ATTCCCGGTGATCATC","Ex_DACH2_TAC1","Glut-DACH2-LMANco",0.234073929663082
"SN311_TAGAGTCGTCGATGCC","Ex_DACH2_NR4A3","Glut-DACH2-1",0.371312929619527
"SN311_CTGAGCGTCTCCGCAT","Ex_DACH2_CEMIP","Glut-DACH2-6",0.670363070820872
"SN311_CTTGAGATCTCCAAGA","Ex_DACH2_ADAMTS5","Glut-DACH2-5",0.438108380871992
"SN311_GGGTCTGGTAGTATAG","Ex_DACH2_RORB","Glut-DACH2-3",0.504333386117168
"SN311_TGACAGTCAACGACTT","Ex_DACH2_NR4A3","Glut-DACH2-1",0.804773678029321
"SN311_ACAGCCGAGCTGGTGA","Ex_DACH2_CEMIP","Glut-DACH2-6",0.961426595662282
"SN311_CGTCCATAGGTTGCCC","Ex_DACH2_GRIK4","Glut-DACH2-1",0.677485102360717
"SN311_AGGGTTTCACAACATC","Ex_DACH2_RORB","Glut-DACH2-3",0.518896037001537
"SN311_TCTGCCATCATTTCGT","Ex_DACH2_GRIK4","Glut-DACH2-1",0.759404349364643
"SN311_ATAGGCTCACTTACAG","Ex_DACH2_RORB","Glut-CACNA1H-2",0.269199613522065
"SN311_TCGCTTGTCCACCTGT","Ex_DACH2_NR4A3","Glut-DACH2-7",0.609688764023704
"SN311_GTGTTCCCAAGGATGC","Ex_DACH2_ADAMTS5","Glut-DACH2-7",0.688458209677245
"SN311_TCAAGACTCCGCTTAC","Ex_DACH2_NR4A3","Glut-DACH2-7",0.681705366935884
"SN311_CTGAGGCAGTATAGAC","Ex_DACH2_RORB","Glut-DACH2-3",0.724778135915415
"SN311_CATCAAGCAAATCAAG","Ex_DACH2_CEMIP","Glut-DACH2-3",0.891581349309399
"SN311_AAGTCGTGTTGTGCAT","Ex_DACH2_RORB","Glut-DACH2-3",0.549366558997318
"SN311_GGCAGTCGTTCGGACC","Ex_DACH2_CEMIP","Glut-DACH2-6",0.667116540461266
"SN311_CATTGAGCAGACAAGC","Ex_DACH2_ZMAT4","Glut-DACH2-6",0.479696754240187
"SN311_CACAACAAGATGTTCC","Ex_DACH2_NR4A3","Glut-DACH2-7",0.678956642606135
"SN311_ACACGCGGTTGTGTAC","Ex_DACH2_RORB","Glut-DACH2-1",0.338040670504812
"SN311_TGACGCGCACCCTTGT","Ex_DACH2_RORB","Glut-DACH2-HVCra-Int",0.214966244847106
"SN311_TTGCCTGAGTTGAAGT","Ex_DACH2_MGAT4C","Glut-DACH2-2",0.449148525846911
"SN311_ATCACGATCGCAATGT","Ex_DACH2_RORB","Glut-DACH2-HVCx",0.498758598281507
"SN311_CGTTCTGGTCCGGACT","Ex_DACH2_RORB","Glut-CACNA1H-3",0.303327103312707
"SN311_GAGGCCTAGCGCACAA","Ex_DACH2_RORB","Glut-CACNA1H-2",0.283310766146082
"SN444_AAACGAAAGCGCTGCT","Ex_Pre_KCNH7","Glut-CACNA1H-2",0.406370751278818
"SN444_AAGTTCGTCTGCCTGT","Ex_Pre_SATB2","Glut-DACH2-HVCra",0.577518040117492
"SN444_CAGCAGCCACATGACT","Ex_Pre_KCNH7","Glut-DACH2-HVCra-Int",0.220146262077191
"SN444_AATCGACTCAACTCTT","Ex_Pre_KCNH7","Glut-DACH2-6",0.485698944027995
"SN444_TTTGGTTGTAGATTAG","Ex_Pre_KCNH7","Glut-CACNA1H-4",0.489741467833563
"SN444_TTCATTGCATACCACA","Ex_Pre_SATB2","Glut-CACNA1H-3",0.341937648696047
"SN444_GTGAGCCCAACCGACC","Ex_Pre_SATB2","Glut-CACNA1H-4",0.383573222380677
"SN444_AACCAACAGGTCATTC","Ex_Pre_SATB2","Glut-CACNA1H-2",0.349952665112334
"SN444_TGTTACTTCTTCGGTC","Ex_Pre_KCNH7","Glut-DACH2-1",0.227765584203987
"SN444_CACGAATCAACCGACC","Ex_Pre_KCNH7","Glut-DACH2-HVCx",0.661496942178288
"SN444_CTGAATGCAGCTGAAG","Ex_Pre_KCNH7","Glut-DACH2-6",0.84022727078002
"SN444_AGAACCTTCGTGCATA","Ex_Pre_SATB2","Glut-CACNA1H-3",0.384016517141869
"SN444_CACTTCGGTGAGCCAA","Ex_Pre_SATB2","Glut-DACH2-HVCra-Int",0.230885769143909
"SN444_ATTTACCTCACGTAGT","Ex_Pre_SATB2","Glut-CACNA1H-3",0.295263645602967
"SN444_ATAGGCTTCTCCTGAC","Ex_Pre_KCNH7","Glut-DACH2-HVCx",0.279815705782766
"SN444_CAGTTAGGTTCCTTGC","Ex_Pre_KCNH7","Glut-CACNA1H-3",0.410281059381337
"SN444_CGTTAGATCGCCATAA","Ex_Pre_SATB2","Glut-CACNA1H-3",0.296491072202046
"SN444_TCCCATGCATCCTGTC","Ex_Pre_SATB2","Glut-DACH2-HVCra-Int",0.229391552536568
"SN444_GGAGAACTCCAGCCTT","Ex_Pre_KCNH7","Glut-DACH2-6",0.772293422120164
"SN444_GGTGTCGGTGATATAG","Ex_Pre_KCNH7","Glut-DACH2-3",0.623324074170976
"SN444_ACGATGTTCAACACGT","Ex_Pre_SATB2","Glut-CACNA1H-3",0.334978358920579
"SN444_CTCCATGCAGACGATG","Ex_Pre_SATB2","Glut-CACNA1H-3",0.325433312883612
"SN444_TGATTCTGTCCTCCAT","Ex_Pre_KCNH7","Glut-DACH2-HVCx",0.846953150794498
"SN444_CTTGAGAAGAAGAGCA","Ex_Pre_SATB2","Glut-CACNA1H-3",0.251205277567609
"SN444_GGAATCTCAAGGCGTA","Ex_Pre_KCNH7","Glut-DACH2-3",0.289035190106353
"SN444_TGGAACTTCTAGCCTC","Ex_Pre_KCNH7","Glut-DACH2-HVCx",0.695096943874698
"SN444_CAGCGTGTCGCTTTAT","Ex_Pre_SATB2","Glut-DACH2-HVCra-Int",0.297906074377424
"SN444_ACCCTTGAGCTTAAGA","Ex_Pre_KCNH7","Glut-CACNA1H-3",0.247854092722817
"SN444_AGGTTGTCATGGACAG","Ex_Pre_SATB2","Glut-CACNA1H-3",0.24953851921896
"SN444_AGTCACATCAATCCGA","Ex_Pre_SATB2","Glut-CACNA1H-2",0.371160441215222
"SN444_ACATGCAGTATTGGCT","Ex_Pre_KCNH7","Glut-CACNA1H-3",0.311650767312217
"SN444_TGATCTTCAATTGGTC","Ex_Pre_KCNH7","Glut-DACH2-6",0.373621213174169
"SN444_GCCCGAATCAACGCTA","Ex_Pre_SATB2","Glut-CACNA1H-3",0.324902452475519
"SN444_TGTTCTAGTAATGTGA","Ex_Pre_KCNH7","Glut-DACH2-4",0.328263503784828
"SN444_TGTAAGCTCAGACCTA","Ex_Pre_SATB2","Glut-CACNA1H-2",0.222358586353992
"SN444_TCTGGCTCAGGGTTGA","Ex_Pre_KCNH7","Glut-DACH2-HVCx",0.49815560142061
"SN444_ATTTCACCATAATGCC","Ex_Pre_KCNH7","Glut-CACNA1H-3",0.314850990067769
"SN444_AGAACAATCGTCGCTT","Ex_Pre_KCNH7","Glut-CACNA1H-3",0.35993072729639
"SN444_GTTATGGTCTCTGAGA","Ex_Pre_KCNH7","Glut-DACH2-HVCx",0.335236901643163
"SN444_GACTCTCTCGCCTTTG","Ex_Pre_KCNH7","Glut-DACH2-HVCra-Int",0.240688796531115
"SN444_GAGTTTGCAGTAGTGG","Ex_Pre_KCNH7","Glut-CACNA1H-3",0.219568866785365
"SN444_AATGGCTTCGGTTCAA","Ex_Pre_KCNH7","Glut-CACNA1H-2",0.257766864726176
"SN444_TTGAACGCATTGCTGA","Ex_Pre_KCNH7","Glut-DACH2-HVCx",0.208929424578372
"SN444_TCGGTCTGTAGACAGC","Ex_Pre_KCNH7","Glut-CACNA1H-3",0.241596001581117
"SN444_ACTTAGGTCGGCCAAC","Ex_Pre_SATB2","Glut-CACNA1H-3",0.361369963229105
"SN444_CTCAGTCTCCAGTGCG","Ex_Pre_KCNH7","Glut-CACNA1H-4",0.405587318581453
"SN444_ATACTTCTCGAGAACG","Ex_Pre_KCNH7","Glut-DACH2-HVCx",0.547425875615079
"SN444_GTCTACCTCTACGGGC","Ex_Pre_KCNH7","Glut-CACNA1H-3",0.336180295511684
"SN444_CATGAGTGTCGCTTGG","Ex_Pre_KCNH7","Glut-DACH2-4",0.206798543451197
"SN444_AGGTCATCATTCAGGT","Ex_Pre_KCNH7","Glut-CACNA1H-3",0.260054259125321
"SN444_TTAGGCAGTGCGGATA","Ex_Pre_KCNH7","Glut-CACNA1H-3",0.280924912698691
"SN444_CGGGTGTAGTCTCCTC","Ex_Pre_KCNH7","Glut-CACNA1H-3",0.249588258427571
"SN444_AGTCACAAGAAGGCTC","Ex_Pre_KCNH7","Glut-DACH2-6",0.281507183711
"SN444_TCCGAAAGTTGGACTT","Ex_Pre_KCNH7","Glut-CACNA1H-2",0.231337539460966
"SN444_TCTTTGATCTGAATCG","Ex_Pre_SATB2","Glut-DACH2-1",0.291281507143994
"SN444_CTAACTTTCACTCACC","Ex_Pre_KCNH7","Glut-DACH2-4",0.289401007721025
"SN444_GACAGCCAGCGGTAGT","Ex_Pre_KCNH7","Glut-DACH2-HVCra-Int",0.175897729958602
"SN444_CTGAGCGAGCGACTGA","Ex_Pre_KCNH7","Glut-DACH2-6",0.542965135893406
"SN444_ATCGTGAAGGCTCACC","Ex_Pre_KCNH7","Glut-DACH2-2",0.282089913654384
"SN444_GAGTGTTGTACACGTT","Ex_CACNA1H_MCTP2","Glut-DACH2-2",0.628748675350706
"SN444_CTCCACACATTGACTG","Ex_TSHZ2_NR4A2","Glut-CACNA1H-1",0.578271098910778
"SN444_CAAGCTACACCTGCAG","Ex_CACNA1H_MCTP2","Glut-DACH2-2",0.60480613589859
"SN444_GTCGTTCCAATCTAGC","Ex_CACNA1H_MCTP2","Glut-DACH2-2",0.641556566255247
"SN444_CGGAATTCATCACAGT","Ex_CACNA1H_PROX1","Glut-CACNA1H-2",0.763068029703313
"SN444_CCAAGCGGTCACATTG","Ex_DACH2_GRIK4","Glut-DACH2-1",0.86817509890638
"SN444_GTTAGACCATTACGGT","Ex_DACH2_ITGA9","Glut-DACH2-4",0.821694140843263
"SN444_CCTCAACAGCGCACAA","Ex_DACH2_SLIT2","Glut-DACH2-3",0.975984785579756
"SN444_CCCTCTCGTGATGGCA","Ex_DACH2_SLIT2","Glut-DACH2-3",0.96727878494095
"SN444_CAACCTCCAGTCAGTT","Ex_DACH2_GRIK4","Glut-DACH2-2",0.440079474965178
"SN444_TACGTCCTCATAGACC","Ex_DACH2_GRIK4","Glut-DACH2-1",0.596792809487305
"SN444_TTCCACGTCTTAGGAC","Ex_DACH2_ITGA9","Glut-DACH2-6",0.308310377477906
"SN444_GATGACTAGATCGCCC","Ex_DACH2_SLIT2","Glut-DACH2-3",0.374039477562994
"SN444_CCGTTCAAGTCATGAA","Ex_DACH2_GRIK4","Glut-DACH2-2",0.514920636882567
"SN444_ATGAAAGTCAGCTGTA","Ex_DACH2_CEMIP","Glut-DACH2-6",0.460177314087324
"SN444_CCCTAACCAAGCCTGC","Ex_DACH2_SLIT2","Glut-DACH2-3",0.904349563353959
"SN444_CACATGAGTCTACGTA","Ex_DACH2_GRIK4","Glut-DACH2-7",0.858339151305834
"SN444_CCATAAGAGTTACTCG","Ex_DACH2_RORB","Glut-DACH2-3",0.541705305818394
"SN444_CTCCCTCGTTGTTTGG","Ex_DACH2_ADAMTS5","Glut-DACH2-5",0.663712818609687
"SN444_TGTCCCACAGTCAGTT","Ex_DACH2_CEMIP","Glut-DACH2-6",0.582515844816996
"SN444_ATACCGACAAATGCTC","Ex_DACH2_SLIT2","Glut-DACH2-1",0.468071127257801
"SN444_CATCGTCTCACCGGGT","Ex_DACH2_SLIT2","Glut-DACH2-3",0.969709760013958
"SN444_TCCGATCCACACACTA","Ex_DACH2_ZMAT4","Glut-DACH2-8",0.523974576984344
"SN444_CGTTGGGTCACTCCGT","Ex_DACH2_RORB","Glut-DACH2-3",0.53748799342714
"SN444_TTGGTTTTCCCGTAAA","Ex_DACH2_RORB","Glut-DACH2-3",0.559639328652881
"SN444_TAAGCCAGTCTCCTGT","Ex_DACH2_CEMIP","Glut-DACH2-6",0.78584432650037
"SN444_AAAGTCCTCCCTCGAT","Ex_DACH2_RORB","Glut-DACH2-3",0.446339358393933
"SN444_ATATCCTAGGACTTCT","Ex_DACH2_SLIT2","Glut-DACH2-3",0.773550585852433
"SN444_TTTCGATAGAAACTGT","Ex_DACH2_GRIK4","Glut-DACH2-1",0.769387101580674
"SN444_CCACCATCAATCCTTT","Ex_DACH2_ADAMTS5","Glut-DACH2-5",0.715811748413782
"SN444_TAGACCACATGTCGTA","Ex_DACH2_RORB","Glut-DACH2-3",0.473103775372428
"SN444_TCCATCGAGACTCAAA","Ex_DACH2_CEMIP","Glut-DACH2-3",0.687287587290777
"SN444_GAGTGTTCATACACCA","Ex_DACH2_GRIK4","Glut-DACH2-1",0.97611567389419
"SN444_AGACCATGTTCTCCCA","Ex_DACH2_CEMIP","Glut-DACH2-6",0.7795059527898
"SN444_ATAGACCGTCGCCACA","Ex_DACH2_RORB","Glut-DACH2-3",0.484057789186212
"SN444_CGTTGGGTCTGGCCAG","Ex_DACH2_RORB","Glut-DACH2-3",0.350130168915569
"SN444_ACACAGTTCGTTCTGC","Ex_DACH2_ZMAT4","Glut-DACH2-3",0.75939183616397
"SN444_GGTCTGGTCTTGTGCC","Ex_DACH2_RORB","Glut-DACH2-3",0.675048970228142
"SN444_TCCTCTTGTCATCCGG","Ex_DACH2_NR4A3","Glut-DACH2-1",0.866139840914715
"SN444_AATCACGGTACAGAAT","Ex_DACH2_NR4A3","Glut-DACH2-7",0.911969006349912
"SN444_GTGCAGCGTAGCACGA","Ex_DACH2_SLIT2","Glut-DACH2-3",0.945863309303903
"SN444_TTTGGAGGTGTCATCA","Ex_DACH2_ITGA9","Glut-DACH2-4",0.873429685086665
"SN444_GAACACTTCGCTGATA","Ex_DACH2_ITGA9","Glut-DACH2-4",0.62707284277445
"SN444_TTCGCTGAGTTTCGAC","Ex_DACH2_CEMIP","Glut-DACH2-3",0.582077862992037
"SN444_GACCCAGAGATAGCAT","Ex_DACH2_SLIT2","Glut-DACH2-3",1
"SN444_AGAGAGCAGGGATCAC","Ex_DACH2_RORB","Glut-DACH2-3",0.490636130105222
"SN444_TCACGGGCACGGAAGT","Ex_DACH2_CEMIP","Glut-DACH2-6",0.995279727356658
"SN444_GTCAGCGGTCATCAGT","Ex_DACH2_SLIT2","Glut-CACNA1H-4",0.357638830317869
"SN444_TCTTTGAGTCTGTTAG","Ex_DACH2_CEMIP","Glut-DACH2-8",0.506818232650206
"SN444_ATTCCATCAAAGCAAT","Ex_DACH2_RORB","Glut-DACH2-3",0.65877052300848
"SN444_AACCTTTCAGCAGAAC","Ex_DACH2_CEMIP","Glut-DACH2-6",0.648702523335715
"SN444_ACTATTCGTACTCCGG","Ex_DACH2_MGAT4C","Glut-DACH2-1",0.638882089744981
"SN444_CAGAGCCCAAGAGTTA","Ex_DACH2_CEMIP","Glut-DACH2-6",0.876679281562541
"SN444_CTTGAGAAGACCAAGC","Ex_DACH2_MGAT4C","Glut-DACH2-1",0.362837323005158
"SN444_TATTTCGAGCACCAGA","Ex_DACH2_RORB","Glut-DACH2-3",0.452412472261854
"SN444_AATGGAAGTGTGTCGC","Ex_DACH2_RORB","Glut-DACH2-3",0.471839877318082
"SN444_GTGTGATGTACGCTTA","Ex_DACH2_CEMIP","Glut-DACH2-6",0.670600658879062
"SN444_CAGGGCTTCTTCCGTG","Ex_DACH2_CEMIP","Glut-DACH2-6",0.546955795496909
"SN444_CTGCATCGTGCTGCAC","Ex_DACH2_ITGA9","Glut-DACH2-3",0.428846986933745
"SN444_TTCCTAATCGCCGATG","Ex_DACH2_SLIT2","Glut-DACH2-1",0.51469921266797
"SN444_TTCTCTCGTGGCCACT","Ex_DACH2_ZMAT4","Glut-DACH2-6",0.390958747613005
"SN444_GTCACTCTCGTGTCAA","Ex_DACH2_ITGA9","Glut-DACH2-3",0.710160976383212
"SN444_AGACCCGTCTCAACCC","Ex_DACH2_ITGA9","Glut-DACH2-3",0.434293086514484
"SN444_CATTGAGGTAGTGGCA","Ex_DACH2_SLIT2","Glut-DACH2-3",0.876781131607585
"SN444_AGGTCTAAGGGACACT","Ex_DACH2_GRIK4","Glut-DACH2-1",0.530947513018178
"SN444_CCGTTCATCCGAAATC","Ex_DACH2_RORB","Glut-DACH2-3",0.490039848323423
"SN444_TCCCACACATGAAGGC","Ex_DACH2_ADAMTS5","Glut-DACH2-4",0.307943184619389
"SN444_ATGCGATGTTAACAGA","Ex_DACH2_RORB","Glut-DACH2-3",0.452686225248446
"SN444_CTTGAGACAGTGGTGA","Ex_DACH2_RORB","Glut-DACH2-3",0.435079754309015
"SN444_GGGATCCTCTAGATCG","Ex_DACH2_CEMIP","Glut-DACH2-8",0.636020379374679
"SN444_CCACGAGCAGACCTAT","Ex_DACH2_SLIT2","Glut-DACH2-3",0.781780488578884
"SN444_GCCATGGAGCCTGAAG","Ex_DACH2_GRIK4","Glut-DACH2-5",0.378770536379046
"SN444_CCCAACTTCGTGGACC","Ex_DACH2_SLIT2","Glut-DACH2-4",0.416719968612034
"SN444_TAGACTGGTTCGGTAT","Ex_DACH2_SLIT2","Glut-DACH2-3",0.537617234693647
"SN444_CTTCCGAGTCCATCTC","Ex_DACH2_SLIT2","Glut-DACH2-3",1
"SN444_CAGATACAGGGAGGTG","Ex_DACH2_CEMIP","Glut-DACH2-6",0.893474561184293
"SN444_TCAAGCATCTGAACGT","Ex_DACH2_NR4A3","Glut-DACH2-7",0.650803258352499
"SN444_GTCCTCACAGACGGAT","Ex_DACH2_MGAT4C","Glut-DACH2-1",0.739526614404348
"SN444_TTGTTGTTCTCTGAGA","Ex_DACH2_ITGA9","Glut-DACH2-8",0.698867386061116
"SN444_CTACTATAGAGTTGTA","Ex_DACH2_MGAT4C","Glut-DACH2-1",0.485965840985114
"SN444_CTCCATGAGACTTAAG","Ex_DACH2_RORB","Glut-DACH2-3",0.490716299590329
"SN444_CTCAATTTCTCGAACA","Ex_DACH2_RORB","Glut-DACH2-3",0.559933396109977
"SN444_TTTATGCCAGCTACCG","Ex_DACH2_SLIT2","Glut-DACH2-3",0.848270026412134
"SN444_ACGTAGTAGATGGCGT","Ex_DACH2_LHX2","Glut-DACH2-1",0.530150212903027
"SN444_TTGTGGAAGTGAGCCA","Ex_DACH2_ITGA9","Glut-DACH2-4",0.303555057240677
"SN444_TTCTAGTGTACAAACA","Ex_DACH2_ITGA9","Glut-DACH2-3",0.849165658143706
"SN444_CATGCAAGTCGTGGTC","Ex_DACH2_RORB","Glut-DACH2-3",0.486820042287502
"SN444_TATTTCGTCGGTCTAA","Ex_DACH2_GRIK4","Glut-DACH2-7",0.460126702212666
"SN444_TGTGAGTGTGCAAGAC","Ex_DACH2_SLIT2","Glut-DACH2-3",0.981071976071758
"SN444_CACAGATGTCTGTAAC","Ex_DACH2_CEMIP","Glut-DACH2-6",0.883019341181063
"SN444_GGGTCACTCATGTCTT","Ex_DACH2_GRIK4","Glut-DACH2-2",0.556717174934013
"SN444_ACCACAACAGCGCGTT","Ex_DACH2_ITGA9","Glut-DACH2-4",0.399868564072246
"SN444_ACTGATGGTCCTTTGC","Ex_DACH2_RORB","Glut-DACH2-3",0.383127193368085
"SN444_TGCGATAAGGCCTAAG","Ex_DACH2_SLIT2","Glut-DACH2-4",0.291099800949781
"SN444_GACTCAAAGACTACCT","Ex_DACH2_RORB","Glut-DACH2-3",0.544128970339808
"SN444_AGATGCTCAACTTGCA","Ex_DACH2_ZMAT4","Glut-DACH2-3",0.958350358058165
"SN444_TTTATGCTCAACCTTT","Ex_DACH2_CEMIP","Glut-DACH2-6",0.796775956408279
"SN444_CAGAGCCGTAGTGCGA","Ex_DACH2_ITGA9","Glut-DACH2-7",0.439981463700161
"SN444_TTAATCCAGTCAGAGC","Ex_DACH2_RORB","Glut-DACH2-3",0.457674502552566
"SN444_CGGGCATGTCGCAGTC","Ex_DACH2_ZMAT4","Glut-DACH2-3",0.534435507970678
"SN444_CATAAGCTCGTTGCCT","Ex_DACH2_CEMIP","Glut-DACH2-3",0.743605085279448
"SN444_AGTAGCTAGGCTGGAT","Ex_DACH2_ZMAT4","Glut-DACH2-8",0.346841688939595
"SN444_AAGAACAAGGTAGATT","Ex_DACH2_CEMIP","Glut-DACH2-6",1
"SN444_CATCCGTGTTAGAAAC","Ex_DACH2_CEMIP","Glut-DACH2-6",0.900961394582425
"SN444_CTGGCAGTCATCTATC","Ex_DACH2_ITGA9","Glut-DACH2-4",0.500258492974193
"SN444_TCACGCTCAGCAGGAT","Ex_DACH2_RORB","Glut-DACH2-3",0.445646522650463
"SN444_ATTCACTAGATAACAC","Ex_DACH2_RORB","Glut-DACH2-3",0.533905445518092
"SN444_TGGAGAGGTAGCGCCT","Ex_DACH2_ADAMTS5","Glut-DACH2-6",0.663463064785265
"SN444_ATCCACCTCGAGCTGC","Ex_DACH2_CEMIP","Glut-DACH2-3",0.855304800225785
"SN444_TGGAGAGAGGTGGTTG","Ex_DACH2_GRIK4","Glut-DACH2-1",0.922895831583551
"SN444_GAATCACAGGAGAATG","Ex_DACH2_ZMAT4","Glut-DACH2-8",0.551130063719009
"SN444_TATACCTGTCTCAAGT","Ex_DACH2_MGAT4C","Glut-DACH2-7",0.34050660134097
"SN444_GAACTGTAGTCAGAGC","Ex_DACH2_NR4A3","Glut-DACH2-5",0.803402360501182
"SN444_GCGATCGTCCGACATA","Ex_DACH2_SLIT2","Glut-DACH2-3",1
"SN444_CAATCGAGTAGGCTCC","Ex_DACH2_RORB","Glut-DACH2-3",0.695524088161202
"SN444_CATGCTCAGATTGGGC","Ex_DACH2_RORB","Glut-DACH2-3",0.436982374630115
"SN444_TGATCTTGTATCATGC","Ex_DACH2_CEMIP","Glut-DACH2-6",0.542255462167179
"SN444_TAACACGGTAGCTGAG","Ex_DACH2_CEMIP","Glut-DACH2-6",0.716785360326253
"SN444_ACCACAACACGCGTGT","Ex_DACH2_GRIK4","Glut-DACH2-1",0.830960777027269
"SN444_TATTGCTTCTAATTCC","Ex_DACH2_ADAMTS5","Glut-DACH2-2",0.407152258647318
"SN444_ATAGGCTAGCGTCGAA","Ex_DACH2_NR4A3","Glut-DACH2-5",0.384849012616753
"SN444_TTGTTGTCAAATGAAC","Ex_DACH2_CEMIP","Glut-DACH2-6",0.556063342402823
"SN444_TGTTGAGTCTGCAGCG","Ex_DACH2_CEMIP","Glut-DACH2-6",0.715580121088004
"SN444_CCAAGCGAGATGGCGT","Ex_DACH2_SLIT2","Glut-DACH2-3",0.948643685914697
"SN444_ATGGATCGTTATCCAG","Ex_DACH2_CEMIP","Glut-DACH2-6",0.764202883065398
"SN444_CGAGGAATCTAGCCTC","Ex_DACH2_CEMIP","Glut-DACH2-6",0.528560492878426
"SN444_CGTGCTTGTAGGCTGA","Ex_DACH2_RORB","Glut-DACH2-3",0.594823944524826
"SN444_AGTGTTGAGTACTGTC","Ex_DACH2_CEMIP","Glut-DACH2-6",0.732652746236842
"SN444_GTCGCGAGTGATACTC","Ex_DACH2_CEMIP","Glut-DACH2-6",0.846139807088038
"SN444_CGGCAGTCAGTCAACT","Ex_DACH2_SLIT2","Glut-DACH2-3",0.843959838805488
"SN444_TGGTACATCGTGGCTG","Ex_DACH2_ZMAT4","Glut-DACH2-8",0.879615969022268
"SN444_CGAGTGCCATTGCCTC","Ex_DACH2_GRIK4","Glut-DACH2-1",0.597702931172483
"SN444_ATCCCTGTCATCCTAT","Ex_DACH2_RORB","Glut-DACH2-3",0.522454745402163
"SN444_AATCGACGTAGGCAGT","Ex_DACH2_ZMAT4","Glut-DACH2-3",0.337702582676078
"SN444_ATCTTCACATAATCCG","Ex_DACH2_RORB","Glut-DACH2-3",0.512009718869664
"SN444_TCGGATAAGCAAGCCA","Ex_DACH2_RORB","Glut-DACH2-3",0.489785151075819
"SN444_TTGCATTTCTTCACAT","Ex_DACH2_ITGA9","Glut-DACH2-3",0.619536106670578
"SN444_TCATGGATCTACTCAT","Ex_DACH2_RORB","Glut-DACH2-3",0.357293278220206
"SN444_TCCATCGTCTCTTCAA","Ex_DACH2_RORB","Glut-DACH2-3",0.482063620377201
"SN444_TTCTTGACATAATCCG","Ex_DACH2_ADAMTS5","Glut-DACH2-2",0.35976553206226
"SN444_GGGTATTTCCTGGGAC","Ex_DACH2_ZMAT4","Glut-DACH2-3",0.376185454729353
"SN444_AAGCATCTCTTGCAAG","Ex_DACH2_CEMIP","Glut-DACH2-3",0.871882532986973
"SN444_CATGGTAGTACGGGAT","Ex_DACH2_ITGA9","Glut-DACH2-6",0.40163095367859
"SN444_TGACGCGTCTAAGGAA","Ex_DACH2_RORB","Glut-DACH2-3",0.504529422466865
"SN444_CCTGCATGTGACACAG","Ex_DACH2_ZMAT4","Glut-DACH2-6",0.432573515429176
"SN444_GTCAAGTCACATTGTG","Ex_DACH2_SLIT2","Glut-DACH2-3",0.86794998537647
"SN444_GTAGCTAGTGGATCAG","Ex_DACH2_MGAT4C","Glut-DACH2-HVCra-Int",0.309933400212372
"SN444_GTGCTGGTCATGGATC","Ex_DACH2_ADAMTS5","Glut-DACH2-5",0.5566912292538
"SN444_CGTGAATGTGTTCAGT","Ex_DACH2_GRIK4","Glut-DACH2-7",0.782473150867946
"SN444_TCTCAGCAGGAACATT","Ex_DACH2_CEMIP","Glut-DACH2-6",0.817056958104332
"SN444_AAAGGTATCGCGAAGA","Ex_DACH2_ITGA9","Glut-DACH2-HVCra-Int",0.292862888774945
"SN444_CTCTCAGCACACAGAG","Ex_DACH2_NR4A3","Glut-DACH2-7",0.696979536981465
"SN444_TTCGGTCCACACGCCA","Ex_DACH2_RORB","Glut-DACH2-3",0.576246833966569
"SN444_ATCGGATAGTAGACCG","Ex_DACH2_CEMIP","Glut-DACH2-6",0.804119455661635
"SN444_CATACTTAGTGCACCC","Ex_DACH2_ADAMTS5","Glut-DACH2-5",0.612639539775504
"SN444_TGAGGAGTCGAAGCAG","Ex_DACH2_RORB","Glut-DACH2-3",0.489666244757264
"SN444_CTCGAGGGTGATCATC","Ex_DACH2_CEMIP","Glut-DACH2-6",0.55394976716199
"SN444_CACTGGGCAGATACTC","Ex_DACH2_LHX2","Glut-DACH2-1",0.665584187944798
"SN444_CACTGAATCGGATTAC","Ex_CACNA1H_MCTP2","Glut-CACNA1H-2",0.704436671875605
"SN444_TTTCACAGTCAGTCTA","Ex_DACH2_ZMAT4","Glut-DACH2-8",0.509803690326414
"SN444_ATTCCTAAGGACAGCT","Ex_DACH2_ADAMTS5","Glut-DACH2-5",0.70350343037394
"SN444_TTACGCCAGTGATCGG","Ex_DACH2_CEMIP","Glut-DACH2-6",0.78000285112057
"SN444_AGCCAGCGTCTAACTG","Ex_DACH2_RORB","Glut-DACH2-3",0.606555572442722
"SN444_TTTCAGTCATTCTCTA","Ex_DACH2_ITGA9","Glut-DACH2-2",0.695282513542229
"SN444_GTAGGTTAGTCTGCGC","Ex_DACH2_RORB","Glut-DACH2-3",0.40698956368086
"SN444_AAGTTCGGTAACAGTA","Ex_DACH2_CEMIP","Glut-DACH2-6",0.591512273855497
"SN444_GTGGGAACAGTCGTTA","Ex_DACH2_GRIK4","Glut-DACH2-7",0.242026408159905
"SN444_TCTATACTCTTTGGAG","Ex_DACH2_NR4A3","Glut-DACH2-1",0.43438146535437
"SN444_GCGTGCATCACTGTTT","Ex_DACH2_RORB","Glut-DACH2-3",0.535531054957431
"SN444_TAGCACAAGAGAAGGT","Ex_DACH2_SLIT2","Glut-DACH2-3",0.785337037636264
"SN444_CTTCTCTTCCTACGGG","Ex_DACH2_ZMAT4","Glut-DACH2-3",0.52927457740382
"SN444_ACGCACGCAAGAGATT","Ex_DACH2_ADAMTS5","Glut-DACH2-6",0.446634708775671
"SN444_CGGTCAGCATCCGGTG","Ex_BCL6","Glut-DACH2-3",0.868247921157513
"SN444_ATAGAGAGTCCGGTGT","Ex_DACH2_NR4A3","Glut-DACH2-5",0.552845820700021
"SN444_GGTGAAGCATTGACAC","Ex_DACH2_CEMIP","Glut-DACH2-6",0.626965633584064
"SN444_GCTTCACTCTCCGATC","Ex_DACH2_SLIT2","Glut-DACH2-3",1
"SN444_CTACGGGGTGCCTTCT","Ex_DACH2_LHX2","Glut-DACH2-1",0.714128112600439
"SN444_CCTCCAAGTATTTCGG","Ex_DACH2_RORB","Glut-DACH2-3",0.541640997274577
"SN444_TAGATCGAGGATATGT","Ex_DACH2_RORB","Glut-DACH2-3",0.496003808301484
"SN444_CGCAGGTAGTAACGAT","Ex_DACH2_CEMIP","Glut-DACH2-6",0.74332509170971
"SN444_CTCTCGATCGTAGGGA","Ex_DACH2_RORB","Glut-DACH2-3",0.499963904605988
"SN444_AATAGAGAGGCTTAGG","Ex_DACH2_SLIT2","Glut-DACH2-3",0.80521327850515
"SN444_CTATCTACATTAGGCT","Ex_DACH2_ADAMTS5","Glut-DACH2-5",0.514718323774321
"SN444_TGATCTTGTTTCCATT","Ex_DACH2_SLIT2","Glut-DACH2-3",0.932293396066033
"SN444_TCGAACACATTCACCC","Ex_DACH2_ADAMTS5","Glut-DACH2-7",0.581760149553217
"SN444_CCACTTGAGCCGTTGC","Ex_DACH2_CEMIP","Glut-DACH2-6",0.824681433596254
"SN444_GACACGCGTCTCGACG","Ex_DACH2_MGAT4C","Glut-DACH2-1",0.72831829020114
"SN444_CGTAAGTTCAGTAGGG","Ex_DACH2_GRIK4","Glut-DACH2-1",0.748647768276617
"SN444_GACTCTCTCCCGTAAA","Ex_DACH2_SLIT2","Glut-DACH2-3",0.95377816137329
"SN444_CAATACGCATAATGAG","Ex_DACH2_NR4A3","Glut-DACH2-7",0.773160201838929
"SN444_GTACAGTTCACTGAAC","Ex_DACH2_MGAT4C","Glut-DACH2-2",0.407775726901437
"SN444_GAAGAATTCCACAAGT","Ex_DACH2_RORB","Glut-DACH2-3",0.542255978450722
"SN444_TTGTGGATCTTTACAC","Ex_DACH2_RORB","Glut-DACH2-3",0.487359387965012
"SN444_AGGTTGTAGCTAGATA","Ex_DACH2_CEMIP","Glut-DACH2-6",0.49451462239901
"SN444_TAAGCGTAGCAGTACG","Ex_DACH2_ADAMTS5","Glut-DACH2-8",0.302925314540428
"SN444_GTTGCGGTCAACGCTA","Ex_DACH2_CEMIP","Glut-DACH2-3",0.533956192355275
"SN444_TAGGTTGGTACAGTTC","Ex_DACH2_GRIK4","Glut-DACH2-1",0.575240560261981
"SN444_TTCTTGAGTATGCTAC","Ex_DACH2_CEMIP","Glut-DACH2-6",0.729762940025308
"SN444_GGTTAACAGACGGTCA","Ex_DACH2_NR4A3","Glut-DACH2-7",0.35784721955516
"SN444_GTAGGAGCAGAGTCTT","Ex_DACH2_ADAMTS5","Glut-DACH2-1",0.573076790018148
"SN444_TCACAAGCATGGCTGC","Ex_DACH2_LHX2","Glut-DACH2-2",0.625792727109433
"SN444_CTGTACCTCAGGAACG","Ex_DACH2_CEMIP","Glut-DACH2-6",0.55769622802296
"SN444_ATGTCTTAGCTCCGAC","Ex_DACH2_SLIT2","Glut-DACH2-3",0.660665915748516
"SN444_GTGAGGATCACAACCA","Ex_DACH2_SLIT2","Glut-DACH2-3",0.968790358051556
"SN444_AGGGTGACATACAGGG","Ex_DACH2_MGAT4C","Glut-DACH2-HVCra",0.501344804787804
"SN444_TTCGCTGCAGAGTTGG","Ex_DACH2_NR4A3","Glut-DACH2-7",0.822718235020584
"SN444_AGTACCATCCCTCTAG","Ex_DACH2_TAC1","Glut-DACH2-8",0.478826826382595
"SN444_GTCGTAAAGGTCTACT","Ex_DACH2_GRIK4","Glut-DACH2-1",0.573332077350703
"SN444_ACTCTCGGTCATCTAG","Ex_DACH2_GRIK4","Glut-DACH2-7",0.428706771692748
"SN444_CAACCAAAGTAGTCAA","Ex_DACH2_GRIK4","Glut-DACH2-1",0.937061801533173
"SN444_TGTGCGGCACGCCACA","Ex_DACH2_NR4A3","Glut-DACH2-7",0.743638273520255
"SN444_TGGATGTGTGTCATTG","Ex_DACH2_SLIT2","Glut-DACH2-3",0.832571709231507
"SN444_GGGAGTACACGCAAAG","Ex_DACH2_SLIT2","Glut-DACH2-3",0.941285619089291
"SN444_AGTAACCAGTAGTCTC","Ex_DACH2_SLIT2","Glut-DACH2-3",0.987293487134053
"SN444_CGTTCTGGTCATCCGG","Ex_DACH2_SLIT2","Glut-DACH2-3",0.920950827262682
"SN444_ATCGTGATCATGGATC","Ex_DACH2_CEMIP","Glut-DACH2-HVCra",0.61779150114038
"SN444_GATGCTAAGGTCGTAG","Ex_DACH2_RORB","Glut-DACH2-3",0.512559419047202
"SN444_ATACCGAAGTATTAGG","Ex_DACH2_MGAT4C","Glut-DACH2-1",0.885526684561994
"SN444_ACCGTTCGTGCGGTAA","Ex_DACH2_ITGA9","Glut-DACH2-4",0.393563111795421
"SN444_ACACAGTCACAAGCTT","Ex_DACH2_RORB","Glut-DACH2-3",0.496073449604886
"SN444_TGTTCTACAGAGATGC","Ex_DACH2_SLIT2","Glut-DACH2-3",0.962093704484599
"SN444_GAGACCCAGATTCGAA","Ex_DACH2_CEMIP","Glut-DACH2-3",0.523025787430169
"SN444_ATGATCGAGAATCTAG","Ex_DACH2_ADAMTS5","Glut-DACH2-5",0.46774485970614
"SN444_CGGACACAGTATTAGG","Ex_DACH2_MGAT4C","Glut-DACH2-1",0.906201660411501
"SN444_GAACTGTGTGTCATGT","Ex_DACH2_GRIK4","Glut-DACH2-7",0.552351184815086
"SN444_CGTTCTGAGACGCTCC","Ex_DACH2_RORB","Glut-DACH2-3",0.488717325717993
"SN444_CCTAAGATCGACCATA","Ex_DACH2_ZMAT4","Glut-DACH2-6",0.472768235774893
"SN444_AAGTTCGGTAGCCAGA","Ex_DACH2_ZMAT4","Glut-DACH2-3",0.709058162387893
"SN444_CGAGAAGGTGTTCGTA","Ex_DACH2_TAC1","Glut-DACH2-3",0.503243283146829
"SN444_CAGGCCACAGTGTGGA","Ex_DACH2_LHX2","Glut-DACH2-2",0.714764170536514
"SN444_TGCCGAGTCCGATAAC","Ex_DACH2_RORB","Glut-DACH2-3",0.547873664137848
"SN444_AGGTCATGTCCGACGT","Ex_DACH2_CEMIP","Glut-DACH2-6",0.587957516932727
"SN444_TTTCGATGTTACAGCT","Ex_DACH2_ITGA9","Glut-DACH2-4",0.482739876404875
"SN444_TCATGTTAGACTACGG","Ex_DACH2_CEMIP","Glut-DACH2-6",0.691153036285536
"SN444_AGGTGTTAGCGAGTCA","Ex_DACH2_SLIT2","Glut-DACH2-3",0.868610375663848
"SN444_GCCCAGAAGTTGAATG","Ex_DACH2_ADAMTS5","Glut-DACH2-5",0.495815218739156
"SN444_ATTCCTAAGAGGTCGT","Ex_DACH2_ZMAT4","Glut-DACH2-8",0.480505983344069
"SN444_CGGGACTTCGAGAATA","Ex_DACH2_RORB","Glut-DACH2-3",0.62356182602468
"SN444_GACCGTGCAGGAAGTC","Ex_DACH2_RORB","Glut-DACH2-3",0.553069538473353
"SN444_GGGTTTATCAGCCCAG","Ex_DACH2_MGAT4C","Glut-DACH2-1",0.809791978637415
"SN444_CACAGGCAGTGCACTT","Ex_DACH2_SLIT2","Glut-DACH2-3",0.535453852984114
"SN444_TCGAAGTGTTAATGAG","Ex_DACH2_CEMIP","Glut-DACH2-4",0.346576571006707
"SN444_GATGGAGCACTGGCCA","Ex_DACH2_SLIT2","Glut-DACH2-3",0.94324457948952
"SN444_CATACAGAGTTTAGGA","Ex_DACH2_NR4A3","Glut-DACH2-7",0.759900926417994
"SN444_CAGCAATAGCTAGATA","Ex_DACH2_ADAMTS5","Glut-DACH2-5",0.800965152740358
"SN444_GTGGAAGCAGGGAATC","Ex_DACH2_SLIT2","Glut-DACH2-3",1
"SN444_CTGGTCTCAGGTTTAC","Ex_DACH2_ITGA9","Glut-DACH2-1",0.445507615985886
"SN444_AACAAGACATCACCAA","Ex_DACH2_MGAT4C","Glut-DACH2-1",0.33294237735601
"SN444_AACGTCACATCGGTTA","Ex_DACH2_LHX2","Glut-DACH2-1",0.589633099584636
"SN444_CTCCGATAGCGAACTG","Ex_DACH2_RORB","Glut-DACH2-3",0.566146106721407
"SN444_CTCCCAAGTTAGAGAT","Ex_DACH2_ADAMTS5","Glut-DACH2-5",0.689440278369905
"SN444_AAGCCATAGTACAGCG","Ex_DACH2_ITGA9","Glut-DACH2-3",0.634285324610988
"SN444_AGATAGAGTCAGCTTA","Ex_DACH2_ADAMTS5","Glut-DACH2-5",0.751798486440452
"SN444_TGACAGTCACTAGTAC","Ex_DACH2_RORB","Glut-DACH2-3",0.528221129069363
"SN444_TGCAGATTCGCAGTCG","Ex_DACH2_ADAMTS5","Glut-DACH2-5",0.720532808276848
"SN444_CGTGCTTGTATTGACC","Ex_DACH2_RORB","Glut-DACH2-8",0.439072579535462
"SN444_CCCTTAGAGTTCCTGA","Ex_DACH2_ADAMTS5","Glut-DACH2-7",0.555365130322435
"SN444_GTGCAGCCAGTCAGAG","Ex_DACH2_RORB","Glut-DACH2-3",0.424398198339852
"SN444_CGCGTGAGTTTCGTGA","Ex_DACH2_SLIT2","Glut-DACH2-3",0.916821751777387
"SN444_GTTGAACCACGACGAA","Ex_DACH2_RORB","Glut-DACH2-3",0.49176459185218
"SN444_CTGTATTAGAGTCGAC","Ex_DACH2_TAC1","Glut-DACH2-3",0.41818439504039
"SN444_TTCTTGAAGTCACGAG","Ex_DACH2_LHX2","Glut-DACH2-5",0.421349311966687
"SN444_AGCGATTTCTCCGTGT","Ex_DACH2_ZMAT4","Glut-DACH2-3",0.481379784174866
"SN444_TAGACTGGTGAGCTCC","Ex_DACH2_RORB","Glut-DACH2-3",0.357727113896067
"SN444_GTCAAGTAGATGATTG","Ex_DACH2_LHX2","Glut-DACH2-1",0.773398886360411
"SN444_GAGCCTGAGCAAGTCG","Ex_DACH2_RORB","Glut-DACH2-3",0.507012116190961
"SN444_ACCATTTAGCGTATAA","Ex_DACH2_ITGA9","Glut-DACH2-4",0.394095091555457
"SN444_TCTACCGCAGAAGCGT","Ex_DACH2_ITGA9","Glut-DACH2-HVCx",0.186227482561287
"SN444_TCCAGAAAGGTCATAA","Ex_DACH2_TAC1","Glut-DACH2-3",0.687197635466665
"SN444_TCACGCTAGTCGCTAT","Ex_DACH2_TAC1","Glut-DACH2-3",0.525917557814064
"SN444_TACTTCAGTTTGCCGG","Ex_DACH2_ADAMTS5","Glut-DACH2-2",0.362358233773489
"SN444_CCACAAACATGGTACT","Ex_DACH2_GRIK4","Glut-DACH2-1",0.88414859290437
"SN444_GATGACTAGAAAGTCT","Ex_DACH2_CEMIP","Glut-DACH2-6",0.933639524138394
"SN444_AAGACAAGTCTAGATC","Ex_DACH2_CEMIP","Glut-DACH2-6",0.921617892831136
"SN444_ATGAGGGAGGCAGGTT","Ex_DACH2_GRIK4","Glut-DACH2-1",0.453144437986696
"SN444_GGGCGTTGTGATATAG","Ex_DACH2_SLIT2","Glut-DACH2-3",0.38590362690127
"SN444_CGTTCTGAGTGATAGT","Ex_DACH2_GRIK4","Glut-DACH2-1",0.324930922468451
"SN444_TGCCGAGTCTTAGTTC","Ex_DACH2_RORB","Glut-DACH2-8",0.491397545122399
"SN444_AGGGTCCGTATCGATC","Ex_DACH2_SLIT2","Glut-DACH2-3",0.74911603894806
"SN444_TATCTTGTCATGTCAG","Ex_DACH2_ADAMTS5","Glut-DACH2-5",0.576939452118528
"SN444_TTGGGCGAGATGACAT","Ex_DACH2_MGAT4C","Glut-DACH2-5",0.449782533861289
"SN444_GCCGATGAGCAATTAG","Ex_DACH2_ZMAT4","Glut-DACH2-8",0.609759724565638
"SN444_CTCTGGTCAAGAGGTC","Ex_DACH2_MGAT4C","Glut-DACH2-7",0.768730509122549
"SN444_CGTAATGTCTTTGCGC","Ex_DACH2_ADAMTS5","Glut-DACH2-LMANsh",0.291559996148782
"SN444_CGTCAAAGTTCTCTAT","Ex_DACH2_RORB","Glut-DACH2-3",0.563393585368517
"SN444_CTCTCGAAGGTTCATC","Ex_DACH2_GRIK4","Glut-DACH2-1",0.543856687824471
"SN444_CAGATACGTGGGTATG","Ex_DACH2_ADAMTS5","Glut-DACH2-5",0.301903424185008
"SN444_AGTCTCCAGGTCCAGA","Ex_DACH2_TAC1","Glut-DACH2-3",0.43903597268563
"SN444_GTGCAGCAGTAGGAAG","Ex_DACH2_RORB","Glut-DACH2-3",0.337856931410017
"SN444_TCATGCCTCAATCCGA","Ex_DACH2_CEMIP","Glut-DACH2-6",0.556834470169589
"SN444_GTGTGATTCCAACTGA","Ex_DACH2_RORB","Glut-DACH2-8",0.313071744394449
"SN444_CATCCGTGTATTAAGG","Ex_DACH2_TAC1","Glut-DACH2-3",0.585037152662437
"SN444_GATCAGTCAACACGTT","Ex_DACH2_ADAMTS5","Glut-DACH2-5",0.329260996459476
"SN444_ATGCGATGTGGGACAT","Ex_DACH2_NR4A3","Glut-DACH2-7",0.278491406228902
"SN444_TAGACTGGTGTTCGTA","Ex_DACH2_LHX2","Glut-DACH2-2",0.694555681986856
"SN444_ATCGTGAGTCATCCGG","Ex_DACH2_NR4A3","Glut-DACH2-1",0.402676385262075
"SN444_ATGCGATTCTTCGATT","Ex_DACH2_RORB","Glut-DACH2-3",0.322866029566285
"SN444_AATCACGTCTTGTTAC","Ex_DACH2_ADAMTS5","Glut-DACH2-1",0.27158388695169
"SN444_TGCTTGCGTATGCGTT","Ex_DACH2_ITGA9","Glut-DACH2-3",0.730908163766462
"SN444_ACTCTCGGTGCGTCGT","Ex_DACH2_SLIT2","Glut-DACH2-3",0.978871320986037
"SN444_CTTCTCTAGGGTCAAC","Ex_DACH2_MGAT4C","Glut-DACH2-1",0.742725969351343
"SN444_GAGTGAGGTCAGTTTG","Ex_DACH2_ADAMTS5","Glut-DACH2-6",0.518124013660803
"SN444_TCACTCGCAAGGTACG","Ex_DACH2_ZMAT4","Glut-DACH2-3",0.75889725945759
"SN444_TCACATTAGGATTTAG","Ex_DACH2_RORB","Glut-DACH2-3",0.576818421912066
"SN444_ACTTCCGTCAAGGTGG","Ex_DACH2_MGAT4C","Glut-DACH2-1",0.52592604453506
"SN444_CATTGCCCACTCGATA","Ex_DACH2_LUZP2","Glut-DACH2-1",0.834237777073847
"SN444_CGTGTCTTCGAAGGAC","Ex_DACH2_ADAMTS5","Glut-DACH2-2",0.560869029400612
"SN444_CCCTTAGCATGCAGGA","Ex_DACH2_GRIK4","Glut-DACH2-5",0.554611547999365
"SN444_TCCGATCGTACAGTTC","Ex_DACH2_RORB","Glut-DACH2-3",0.328393107060217
"SN444_GTGACGCAGGAGGTTC","Ex_DACH2_ADAMTS5","Glut-DACH2-1",0.424923368650988
"SN389_GTTAGACAGCGTCAAG","Ex_Pre_KCNH7","Glut-CACNA1H-2",0.405082780898582
"SN389_GCATTAGAGGATACCG","Ex_Pre_SATB2","Glut-CACNA1H-3",0.249216824285518
"SN389_AATGACCGTTACACAC","Ex_Pre_SATB2","Glut-CACNA1H-3",0.250689142908682
"SN389_TCCCAGTCAACGATCT","Ex_Pre_KCNH7","Glut-CACNA1H-3",0.241958186578821
"SN389_TCCAGAACATAACTCG","Ex_Pre_KCNH7","Glut-DACH2-HVCx",0.293713308483956
"SN389_AGGATCTTCAACTTTC","Ex_Pre_KCNH7","Glut-DACH2-HVCra-Int",0.246348939010273
"SN389_GCGGAAAGTGCTGATT","Ex_Pre_KCNH7","Glut-DACH2-HVCx",0.319460281899829
"SN389_GTTGCTCCAAAGGCTG","Ex_Pre_SATB2","Glut-CACNA1H-3",0.380937844785784
"SN389_GTGATGTAGAGCTTTC","Ex_Pre_SATB2","Glut-DACH2-HVCra",0.598046137503137
"SN389_CCTTGTGGTGATTCAC","Ex_Pre_KCNH7","Glut-DACH2-HVCx",0.299116682904457
"SN389_CAGTTCCCACACCGAC","Ex_Pre_KCNH7","Glut-CACNA1H-3",0.320767218172509
"SN389_CAAGAGGTCCGAGAAG","Ex_Pre_KCNH7","Glut-DACH2-HVCx",0.386702206933884
"SN389_AAGGAATAGAGCGACT","Ex_Pre_KCNH7","Glut-CACNA1H-3",0.304708247867186
"SN389_GCCGTGATCTACGCAA","Ex_Pre_SATB2","Glut-CACNA1H-3",0.314555807262673
"SN389_GGGATGAAGTGTACAA","Ex_Pre_SATB2","Glut-DACH2-HVCx",0.393252517314609
"SN389_CACTGAAGTGATACTC","Ex_Pre_SATB2","Glut-CACNA1H-3",0.340620303362848
"SN389_AAGCCATGTCATCCGG","Ex_Pre_KCNH7","Glut-CACNA1H-3",0.291661384067183
"SN389_AGGGTGACACAACCGC","Ex_Pre_KCNH7","Glut-CACNA1H-3",0.301936617066033
"SN389_TTACTGTGTACGGGAT","Ex_Pre_SATB2","Glut-CACNA1H-3",0.265799191567695
"SN389_AAGGTAAAGAAGCGGG","Ex_Pre_KCNH7","Glut-CACNA1H-3",0.264374217866645
"SN389_GAATCGTAGCTGGCTC","Ex_Pre_KCNH7","Glut-CACNA1H-3",0.294259108747976
"SN389_GGATGTTAGGCTCTAT","Ex_Pre_KCNH7","Glut-DACH2-HVCx",0.714433859699945
"SN389_GTGATGTTCGCTAATG","Ex_Pre_SATB2","Glut-CACNA1H-3",0.405457186745174
"SN389_GAAGGACAGAATCTAG","Ex_Pre_SATB2","Glut-CACNA1H-3",0.287144565506415
"SN389_CACATGACAGGCACTC","Ex_Pre_KCNH7","Glut-CACNA1H-3",0.345871975612887
"SN389_AAGGAATGTCCAAGAG","Ex_Pre_KCNH7","Glut-CACNA1H-3",0.317489904642542
"SN389_CCGTAGGAGTGCCGAA","Ex_Pre_KCNH7","Glut-CACNA1H-3",0.311036341251567
"SN389_CATGCCTTCCATTCAT","Ex_Pre_KCNH7","Glut-CACNA1H-3",0.288528180552659
"SN389_GAACACTGTAGTATAG","Ex_Pre_KCNH7","Glut-DACH2-HVCx",0.544081160712998
"SN389_AATTCCTAGACGTCGA","Ex_Pre_KCNH7","Glut-CACNA1H-3",0.328457597987012
"SN389_GTCCCATCAGAGGGTT","Ex_Pre_KCNH7","Glut-CACNA1H-3",0.260698290596695
"SN389_CATCGTCGTCGCGTTG","Ex_Pre_KCNH7","Glut-CACNA1H-3",0.273031248426671
"SN389_AGGTCTATCGCCAATA","Ex_Pre_SATB2","Glut-CACNA1H-3",0.286705059476618
"SN389_CTGCGAGTCCAAGCTA","Ex_Pre_SATB2","Glut-CACNA1H-3",0.236090021365954
"SN389_TGCTCGTAGTTGGCGA","Ex_Pre_KCNH7","Glut-DACH2-HVCx",0.327499303793873
"SN389_CAATACGTCGATACTG","Ex_Pre_SATB2","Glut-CACNA1H-3",0.256671868384023
"SN389_CAGGTATAGTATGAGT","Ex_Pre_KCNH7","Glut-CACNA1H-3",0.368072026153428
"SN389_CAGATACAGCGTCAAG","Ex_Pre_KCNH7","Glut-DACH2-1",0.182015029752034
"SN389_GAACGTTGTCGTTCAA","Ex_Pre_KCNH7","Glut-DACH2-HVCx",0.243890853912927
"SN389_CGCATAAAGTCGCCAC","Ex_Pre_SATB2","Glut-CACNA1H-3",0.357814710361794
"SN389_CTACTATCATGACAAA","Ex_Pre_KCNH7","Glut-DACH2-HVCx",0.273374959637376
"SN389_TGTCCACCAGCAGATG","Ex_Pre_SATB2","Glut-CACNA1H-3",0.351930432697176
"SN389_CAACAGTGTAGCTTAC","Ex_Pre_KCNH7","Glut-DACH2-HVCx",0.281478679538359
"SN389_GTGTTAGTCCACGTCT","Ex_Pre_KCNH7","Glut-CACNA1H-3",0.301474076553158
"SN389_GTGCTTCAGTTTGGCT","Ex_Pre_KCNH7","Glut-DACH2-HVCx",0.808709634535488
"SN389_GCTGGGTTCGATTCCC","Ex_Pre_SATB2","Glut-CACNA1H-3",0.330055169319859
"SN389_CATTCATCAACGGTAG","Ex_Pre_KCNH7","Glut-DACH2-HVCx",0.574074906690654
"SN389_ACGTTCCAGTGGACTG","Ex_Pre_KCNH7","Glut-CACNA1H-3",0.327376866674333
"SN389_CACGTTCGTATGAGCG","Ex_Pre_KCNH7","Glut-CACNA1H-3",0.408356840642485
"SN389_GACATCATCATCGCCT","Ex_Pre_KCNH7","Glut-CACNA1H-3",0.320608968161537
"SN389_AGAGAATGTACATACC","Ex_DACH2_ITGA9","Glut-DACH2-3",0.887244924699116
"SN389_TACCTCGCACAAGCCC","Ex_DACH2_GRIK4","Glut-DACH2-5",0.596129481086159
"SN389_ATTATCCTCTCCGATC","Ex_DACH2_GRIK4","Glut-DACH2-7",0.430626075384946
"SN389_GTTCATTAGACGCCCT","Ex_DACH2_GRIK4","Glut-DACH2-2",0.643782189928625
"SN389_AGACAGGTCTGGTCAA","Ex_DACH2_SLIT2","Glut-DACH2-4",0.271593244681921
"SN389_ACCTGTCAGCCTCAAT","Ex_DACH2_GRIK4","Glut-DACH2-1",0.436911507130858
"SN389_CTGGTCTCAAGAATGT","Ex_DACH2_ADAMTS5","Glut-DACH2-6",0.498200897282046
"SN389_CCTAAGATCCTAACAG","Ex_DACH2_ZMAT4","Glut-DACH2-8",0.919668311125526
"SN389_GAATAGATCTGCTTTA","Ex_DACH2_ZMAT4","Glut-DACH2-3",0.313811782252116
"SN389_CCTAAGATCGGCTGGT","Ex_DACH2_ZMAT4","Glut-DACH2-8",0.768669779850251
"SN389_CTTACCGTCGACGTCG","Ex_DACH2_ZMAT4","Glut-DACH2-3",0.641086512007496
"SN389_GGGCTCATCCACAAGT","Ex_DACH2_GRIK4","Glut-DACH2-7",0.400983293411348
"SN389_TGTACAGAGGTAAGTT","Ex_DACH2_ZMAT4","Glut-DACH2-8",0.920459729636245
"SN389_GTGTCCTAGTCGGCCT","Ex_DACH2_ZMAT4","Glut-DACH2-8",0.382565035332779
"SN389_CCACGAGCAGGATGAC","Ex_DACH2_GRIK4","Glut-DACH2-2",0.543023480665296
"SN389_GCTGGGTTCGATACAC","Ex_DACH2_NR4A3","Glut-DACH2-1",0.610099885651061
"SN389_TATCTTGGTTCGGGTC","Ex_DACH2_ITGA9","Glut-DACH2-4",0.633311003203565
"SN389_CTGAATGGTTGGATCT","Ex_BCL6","Glut-DACH2-HVCx",0.455077813195234
"SN389_TGATGCAAGACGGTCA","Ex_DACH2_ZMAT4","Glut-DACH2-8",0.864175647850287
"SN389_AGAGAATCAGTGAGCA","Ex_DACH2_ZMAT4","Glut-DACH2-8",0.575205814636368
"SN389_GCCAACGTCTGAGGTT","Ex_DACH2_GRIK4","Glut-DACH2-7",0.450861792651376
"SN389_TGATTCTAGCCTATCA","Ex_DACH2_ZMAT4","Glut-DACH2-3",0.966668121358167
"SN389_CGAAGTTAGACATACA","Ex_DACH2_ZMAT4","Glut-DACH2-4",0.339417364470051
"SN389_ATGAGGGTCGTTTACT","Ex_DACH2_ZMAT4","Glut-DACH2-6",0.384998771364451
"SN389_TTTCATGAGCCTCAGC","Ex_DACH2_ADAMTS5","Glut-DACH2-HVCx",0.538496666965493
"SN389_TTCACGCCAACCACAT","Ex_DACH2_LHX2","Glut-DACH2-2",0.412767517858995
"SN389_TGATTTCAGCAACAAT","Ex_DACH2_ADAMTS5","Glut-DACH2-5",0.492337646860898
"SN389_GTGGAGACAAATACGA","Ex_DACH2_ZMAT4","Glut-DACH2-8",0.881560086188619
"SN389_CAACCTCGTACGTTCA","Ex_BCL6","Glut-DACH2-6",0.205549376615644
"SN389_CAGCAGCCACCGGTCA","Ex_DACH2_ZMAT4","Glut-DACH2-6",0.385069904537268
"SN389_CTGTGGGTCTAGCATG","Ex_DACH2_GRIK4","Glut-DACH2-7",0.857362066235199
"SN389_TGAGCGCTCAGAGTGG","Ex_DACH2_ITGA9","Glut-DACH2-4",0.491108595618306
"SN389_CTACGGGTCTCGCGTT","Ex_DACH2_GRIK4","Glut-DACH2-7",0.529510534694475
"SN389_CGTGAATAGGGCAGTT","Ex_DACH2_ZMAT4","Glut-DACH2-6",0.526241778851252
"SN389_TCCTTTCGTTAGTCGT","Ex_DACH2_GRIK4","Glut-DACH2-1",0.780911933466626
"SN389_GTAGCTACAGGTCCCA","Ex_DACH2_SLIT2","Glut-DACH2-3",0.300688477678911
"SN389_CCCTGATAGCTAAGTA","Ex_DACH2_ADAMTS5","Glut-DACH2-5",0.599392929370205
"SN389_TTACAGGAGATGTAGT","Ex_DACH2_ITGA9","Glut-DACH2-3",0.458135334285756
"SN389_ATAGACCGTACAGTTC","Ex_DACH2_ITGA9","Glut-DACH2-3",0.704112878716577
"SN389_ATCGATGCATTGAAGA","Ex_DACH2_ADAMTS5","Glut-DACH2-5",0.574553623335444
"SN389_CAAGGGACAAACTAAG","Ex_DACH2_ADAMTS5","Glut-DACH2-7",0.582629579143467
"SN389_ATGCCTCCAGATAAAC","Ex_DACH2_NR4A3","Glut-DACH2-1",0.662834732298976
"SN389_GGAGGTATCATGCCAA","Ex_DACH2_GRIK4","Glut-DACH2-7",0.602466519075837
"SN389_ATGAAAGCATATGAAG","Ex_DACH2_ITGA9","Glut-DACH2-3",0.348344813361373
"SN389_CACTGGGTCTATCGCC","Ex_BCL6","Glut-DACH2-HVCx",0.429284777553955
"SN389_CCATAAGAGTGTAGTA","Ex_DACH2_GRIK4","Glut-DACH2-7",0.53514926178228
"SN389_TATCGCCAGCTGAAGC","Ex_DACH2_ZMAT4","Glut-DACH2-3",0.54894422454424
"SN389_TGGTGATGTTAAGTCC","Ex_DACH2_ZMAT4","Glut-DACH2-3",0.454697400744184
"SN389_ATGAGTCCAGTAGTGG","Ex_BCL6","Glut-DACH2-HVCra",0.855334294895138
"SN389_CACTGAACATGAATAG","Ex_BCL6","Glut-DACH2-3",0.374678846123079
"SN389_AGCCACGAGAATGTTG","Ex_DACH2_ZMAT4","Glut-DACH2-6",0.558223794088264
"SN389_GTGTAACCACAAGCCC","Ex_DACH2_ADAMTS5","Glut-DACH2-5",0.638660635874562
"SN389_GCTGCAGTCCACGGGT","Ex_DACH2_ITGA9","Glut-DACH2-4",0.458635802702389
"SN389_TTGATGGCAAACGAGC","Ex_DACH2_ZMAT4","Glut-DACH2-8",0.860814987441412
"SN389_TCAATCTCAAGCTGCC","Ex_DACH2_ADAMTS5","Glut-DACH2-5",0.404418751479971
"SN389_ATCCCTGCAGTGAGCA","Ex_DACH2_ITGA9","Glut-DACH2-3",0.499880038760448
"SN389_GTCAGCGGTCTAGTGT","Ex_DACH2_ZMAT4","Glut-DACH2-8",0.856197968313853
"SN389_CGAGAAGCACGGCTAC","Ex_DACH2_ADAMTS5","Glut-DACH2-7",0.537599371963197
"SN389_AACGTCATCTCTGACC","Ex_DACH2_ADAMTS5","Glut-DACH2-5",0.582071895053147
"SN389_ACTTAGGCAGGTATGG","Ex_DACH2_MGAT4C","Glut-DACH2-7",0.388849734415786
"SN389_GGGTGTCTCAGGTGTT","Ex_DACH2_LHX2","Glut-DACH2-2",0.567387916826609
"SN389_GGGACAACAGACCATT","Ex_DACH2_LHX2","Glut-DACH2-4",0.247403508718609
"SN389_AACAAAGAGGTCCCTG","Ex_DACH2_ADAMTS5","Glut-DACH2-7",0.556736176189795
"SN389_TGGTAGTCAAGGGCAT","Ex_DACH2_ADAMTS5","Glut-DACH2-7",0.572401902300638
"SN389_ATGCGATTCGGTAACT","Ex_DACH2_ADAMTS5","Glut-DACH2-5",0.59020075826018
"SN389_TTGGGATCACAGCGCT","Ex_DACH2_ADAMTS5","Glut-DACH2-7",0.755778688093845
"SN389_GAGACCCTCGTCGCTT","Ex_DACH2_LHX2","Glut-DACH2-1",0.454897507411354
"SN389_ACGCACGAGGAGCAAA","Ex_BCL6","Glut-DACH2-HVCra",0.886968744186226
"SN389_AACAAAGGTCTGTGTA","Ex_BCL6","Glut-DACH2-HVCra",0.373303132450883
"SN389_GTTGCTCAGGAAGTCC","Ex_DACH2_LHX2","Glut-DACH2-2",0.435399967027645
"SN389_GCACATAGTCCTACAA","Ex_DACH2_ADAMTS5","Glut-DACH2-7",0.681145290394309
"SN389_ATCCGTCTCCAAGCCG","Ex_DACH2_ITGA9","Glut-DACH2-3",0.751252724247902
"SN389_AGAGCCCCACCTGAAT","Ex_DACH2_GRIK4","Glut-DACH2-1",0.369256536560588
"SN389_ATCCCTGGTCGGCACT","Ex_DACH2_LHX2","Glut-DACH2-1",0.354329191989727
"SN389_TTCATTGTCACTGTTT","Ex_DACH2_ADAMTS5","Glut-DACH2-7",0.764751679026059
"SN389_GTCGTAACATCGGATT","Ex_DACH2_ADAMTS5","Glut-DACH2-7",0.684424292506877
"SN389_TATCTGTGTAGCCCTG","Ex_DACH2_LHX2","Glut-DACH2-1",0.402716078119268
"SN389_CAACAACGTAGGCTCC","Ex_DACH2_ADAMTS5","Glut-DACH2-7",0.504328637848402
"SN389_TGAGCATAGTTTAGGA","Ex_DACH2_ZMAT4","Glut-DACH2-8",0.468454544754313
"SN389_CTGCCATTCGAATGCT","Ex_DACH2_MGAT4C","Glut-DACH2-7",0.520646530439858
"SN389_TACCTCGAGCGCCCAT","Ex_DACH2_ADAMTS5","Glut-DACH2-7",0.358424508077287
"SN389_CTCTCAGAGTCACTAC","Ex_DACH2_GRIK4","Glut-DACH2-HVCx",0.320084172123758
"SN389_GATCGTACAGCAGGAT","Ex_DACH2_CEMIP","Glut-DACH2-6",0.435939155288444
"SN389_CCGTGAGCAAAGGATT","Ex_DACH2_LHX2","Glut-DACH2-2",0.304734643964499
"SN389_TCTGTCGTCGTGTGAT","Ex_DACH2_GRIK4","Glut-DACH2-5",0.715180987275331
"SN389_AGATCGTTCCGTACGG","Ex_DACH2_ZMAT4","Glut-DACH2-3",0.992947072140768
"SN389_TTGCCTGAGCGAGTCA","Ex_DACH2_ADAMTS5","Glut-DACH2-2",0.312152002901718
"SN389_CAACGGCAGCCGTTGC","Ex_DACH2_MGAT4C","Glut-DACH2-7",0.375703231865312
"SN389_TTCATGTCATTGACTG","Ex_DACH2_LHX2","Glut-DACH2-1",0.454268585434426
"SN389_CCTAAGAGTAGCTTAC","Ex_DACH2_TAC1","Glut-DACH2-LMANco",0.386262331450119
"SN389_AGACAGGAGAATAGTC","Ex_DACH2_LHX2","Glut-DACH2-5",0.197632010134066
"SN389_CAAGGGACAGGCATGA","Ex_DACH2_ADAMTS5","Glut-DACH2-5",0.587807468895618
"SN389_CTCATCGCATCGTGGC","Ex_DACH2_NR4A3","Glut-DACH2-1",0.336560543710186
"SN389_CAAGGGACACTGGAAG","Ex_DACH2_ADAMTS5","Glut-DACH2-5",0.49370304850953
"SN389_CTACATTGTGCCTGCA","Ex_DACH2_LHX2","Glut-CACNA1H-3",0.360363382953865
"SN389_TAGATCGAGTCGAGGT","Ex_DACH2_ADAMTS5","Glut-DACH2-5",0.505743506710976
"SN389_AGCCAATGTGTGATGG","Ex_DACH2_ADAMTS5","Glut-DACH2-5",0.635304841714062
"SN389_ATCCACCTCGCCGAGT","Ex_DACH2_LHX2","Glut-DACH2-5",0.392594581614759
"SN389_TCAGCCTAGTCGCCAC","Ex_DACH2_ADAMTS5","Glut-DACH2-5",0.642104552464394
"SN389_CGGAGAAGTCGATTTG","Ex_DACH2_NR4A3","Glut-DACH2-5",0.38835268325907
"SN389_CGCCATTGTCGATTCA","Ex_DACH2_LHX2","Glut-DACH2-6",0.433162642514008
"SN389_GTTGTCCAGGGAGTGG","Ex_BCL6","Glut-DACH2-HVCx",0.367319625051615
"SN389_TGTCCTGCAACTAGAA","Ex_DACH2_ADAMTS5","Glut-DACH2-7",0.281324085224187
"SN389_AGATAGAGTCGCGTCA","Ex_DACH2_ADAMTS5","Glut-DACH2-7",0.407904021174675
"SN428_CCAATGAAGCGGACAT","Ex_Pre_SATB2","Glut-DACH2-2",0.654199591413944
"SN428_AGTAACCCAGTTCTAG","Ex_Pre_SATB2","Glut-DACH2-4",0.491231036188327
"SN428_CAACCTCCAAGAATGT","Ex_Pre_SATB2","Glut-CACNA1H-3",0.214922261335531
"SN428_CAAAGAACAGCTATTG","Ex_Pre_SATB2","Glut-DACH2-HVCra-Int",0.354930443770679
"SN428_GCATGATAGAAATGGG","Ex_Pre_SATB2","Glut-DACH2-2",0.559335549798413
"SN428_GCAGGCTCAGGCATTT","Ex_Pre_SATB2","Glut-CACNA1H-2",0.369507021754501
"SN428_ATTCCTAAGCGTTCAT","Ex_Pre_KCNH7","Glut-DACH2-6",0.397847468314896
"SN428_CGAGGAAAGGAACTAT","Ex_Pre_SATB2","Glut-CACNA1H-2",0.571036788939256
"SN428_TTCCTTCCACACCTAA","Ex_Pre_KCNH7","Glut-DACH2-HVCx",0.759885185112176
"SN428_TCACACCGTGACCTGC","Ex_Pre_KCNH7","Glut-DACH2-6",0.424424167984996
"SN428_GACTCAACATTGACAC","Ex_Pre_SATB2","Glut-CACNA1H-3",0.320750674866978
"SN428_CAATGACCACGGCGTT","Ex_Pre_SATB2","Glut-CACNA1H-3",0.337481046223769
"SN428_TTCAATCCACATCATG","Ex_Pre_KCNH7","Glut-DACH2-HVCra-Int",0.192140529739114
"SN428_TAGAGTCCAGATCCAT","Ex_Pre_SATB2","Glut-CACNA1H-3",0.315010939627828
"SN428_CTACTATAGCACCGTC","Ex_Pre_SATB2","Glut-CACNA1H-3",0.337183401380259
"SN428_GGGACCTTCTGGGCAC","Ex_Pre_SATB2","Glut-DACH2-HVCx",0.271065441587114
"SN428_CGGACACAGGCCCACT","Ex_Pre_SATB2","Glut-DACH2-1",0.344596496550559
"SN428_TTGCTGCAGAATCGAT","Ex_Pre_KCNH7","Glut-CACNA1H-3",0.315621375612082
"SN428_TTCTAGTAGCGCACAA","Ex_Pre_SATB2","Glut-CACNA1H-2",0.271168495365572
"SN428_CTCACTGCAGGCGAAT","Ex_Pre_KCNH7","Glut-DACH2-HVCx",0.70565397765614
"SN428_GATCCCTGTTCGGCCA","Ex_Pre_KCNH7","Glut-DACH2-HVCx",0.657087866008079
"SN428_TCATGAGTCTTGGATG","Ex_Pre_SATB2","Glut-DACH2-HVCx",0.496724693843705
"SN428_GTTCGCTTCTCTTAAC","Ex_Pre_SATB2","Glut-CACNA1H-3",0.356423832659429
"SN428_GACAGCCCAAGTATCC","Ex_Pre_KCNH7","Glut-DACH2-HVCra-Int",0.175303067397481
"SN428_ATTTCACGTTGCCATA","Ex_Pre_KCNH7","Glut-DACH2-HVCx",0.186558928574038
"SN428_CATTCATTCGACGACC","Ex_Pre_SATB2","Glut-CACNA1H-3",0.240112315772277
"SN428_TGTGGCGTCAAGTTGC","Ex_Pre_SATB2","Glut-DACH2-HVCra-Int",0.233586993478274
"SN428_GTAGATCTCCAAGAGG","Ex_Pre_KCNH7","Glut-DACH2-HVCx",0.807289346069679
"SN428_ACACCAAGTCCACACG","Ex_Pre_KCNH7","Glut-DACH2-4",0.201516784273057
"SN428_ATACTTCTCCAGCAAT","Ex_Pre_SATB2","Glut-DACH2-2",0.683765913833883
"SN428_AGCTACACAAGTGACG","Ex_Pre_SATB2","Glut-DACH2-4",0.214887730612152
"SN428_CCTACGTCAATAGTCC","Ex_Pre_KCNH7","Glut-DACH2-HVCx",0.55680142018994
"SN428_CAATGACCATAGGCGA","Ex_Pre_SATB2","Glut-DACH2-2",0.260249041815641
"SN428_AAGACAAAGGAGAGGC","Ex_Pre_KCNH7","Glut-DACH2-HVCx",0.559415338676243
"SN428_AGAAGTAGTATGGTTC","Ex_Pre_KCNH7","Glut-DACH2-HVCx",0.361136181342048
"SN428_TTACTGTTCGGCTGGT","Ex_Pre_KCNH7","Glut-CACNA1H-3",0.267827906484941
"SN428_GAATCGTTCCTCCACA","Ex_Pre_KCNH7","Glut-DACH2-6",0.547377504124717
"SN428_AGAGCCCGTCAGACTT","Ex_Pre_SATB2","Glut-DACH2-HVCra-Int",0.283340245575285
"SN428_CATTTCAGTGTAGGAC","Ex_Pre_SATB2","Glut-CACNA1H-3",0.30864252978788
"SN428_TTGCTGCTCGGTCACG","Ex_Pre_SATB2","Glut-DACH2-4",0.18348307006904
"SN428_AAAGGATGTTAATGAG","Ex_Pre_SATB2","Glut-CACNA1H-3",0.391799883849992
"SN428_AAGCCATAGTCATACC","Ex_Pre_SATB2","Glut-CACNA1H-2",0.259079514097853
"SN428_CATCGGGCAATAGGGC","Ex_Pre_KCNH7","Glut-DACH2-6",0.182682611486875
"SN428_CCAATTTTCCGATAAC","Ex_Pre_SATB2","Glut-DACH2-4",0.209989686682187
"SN428_TTCCGTGCACAACCGC","Ex_Pre_SATB2","Glut-DACH2-HVCx",0.340641931324565
"SN428_CGTCAAAGTCTGATAC","Ex_Pre_KCNH7","Glut-DACH2-6",0.453105444005093
"SN428_CAGGCCAGTACGTGAG","Ex_Pre_KCNH7","Glut-DACH2-6",0.830326444157492
"SN428_GGTCTGGGTGTTGACT","Ex_Pre_KCNH7","Glut-DACH2-HVCx",0.370324888245729
"SN428_TGCTTCGTCACTTGGA","Ex_Pre_SATB2","Glut-DACH2-2",0.355946297588466
"SN428_CCCGAAGGTCGGTAAG","Ex_Pre_SATB2","Glut-DACH2-HVCra-Int",0.235942870808908
"SN428_CAGTGCGGTAGTCGGA","Ex_Pre_KCNH7","Glut-CACNA1H-3",0.326265428915739
"SN428_TTGAGTGTCTTGAACG","Ex_Pre_SATB2","Glut-CACNA1H-3",0.296786629376042
"SN428_GCATGATCAAGCACAG","Ex_Pre_KCNH7","Glut-CACNA1H-3",0.295165633614196
"SN428_ATGCCTCCACATGTTG","Ex_Pre_SATB2","Glut-CACNA1H-3",0.294416590147104
"SN428_AGGCATTCACGACGAA","Ex_Pre_KCNH7","Glut-DACH2-HVCx",0.278644440594556
"SN428_CCCGAAGTCAGGCGAA","Ex_Pre_KCNH7","Glut-DACH2-HVCx",0.469977513556109
"SN428_ACTATCTGTAGCCCTG","Ex_Pre_KCNH7","Glut-DACH2-HVCx",0.297638502391787
"SN428_GCTACCTGTTCGATTG","Ex_Pre_KCNH7","Glut-DACH2-HVCx",0.814819682574651
"SN428_CACTTCGCACAAGTTC","Ex_Pre_KCNH7","Glut-DACH2-HVCx",0.719876478288532
"SN428_ACTTCCGAGTACTGTC","Ex_Pre_KCNH7","Glut-DACH2-HVCx",0.729727069332827
"SN428_TACCTGCGTGCTCGTG","Ex_Pre_SATB2","Glut-DACH2-2",0.272484547918564
"SN428_TGTTTGTAGGGCAACT","Ex_Pre_SATB2","Glut-CACNA1H-2",0.297177152079899
"SN428_TACAACGAGTACAGAT","Ex_Pre_KCNH7","Glut-DACH2-6",0.465192849400491
"SN428_AAATGGAAGACCAAGC","Ex_Pre_SATB2","Glut-DACH2-4",0.209581432556147
"SN428_CCGAACGTCGGTTAGT","Ex_Pre_SATB2","Glut-CACNA1H-2",0.232138921639755
"SN428_TGTTTGTTCACTCCGT","Ex_Pre_KCNH7","Glut-DACH2-HVCx",0.248993459328331
"SN428_TCGTGGGAGGTTACCT","Ex_Pre_SATB2","Glut-CACNA1H-3",0.34429479975558
"SN428_TACAACGCACCTATCC","Ex_Pre_SATB2","Glut-DACH2-HVCra-Int",0.188658972003662
"SN428_AACAACCGTCTGATCA","Ex_Pre_KCNH7","Glut-CACNA1H-3",0.275110208879037
"SN428_GAAGAATCATAGTCGT","Ex_Pre_KCNH7","Glut-DACH2-6",0.386034231604697
"SN428_TCAGTCCTCCGAACGC","Ex_Pre_KCNH7","Glut-DACH2-HVCx",0.465450551483034
"SN428_GGCGTCAGTACCCGAC","Ex_Pre_SATB2","Glut-DACH2-4",0.260584641880975
"SN428_AAGACAAAGGTAGCAC","Ex_Pre_KCNH7","Glut-CACNA1H-3",0.254322903694869
"SN428_GTTCGCTGTACGATCT","Ex_Pre_KCNH7","Glut-CACNA1H-2",0.292334585527072
"SN428_ACATCGATCCGCAACG","Ex_Pre_KCNH7","Glut-CACNA1H-3",0.324039726781345
"SN428_GGGACCTAGAAGCCTG","Ex_Pre_SATB2","Glut-CACNA1H-3",0.245943678366157
"SN428_ATGAGGGCAAGCCATT","Ex_Pre_SATB2","Glut-CACNA1H-3",0.307387699748871
"SN428_TGTCCCAGTGACATCT","Ex_Pre_SATB2","Glut-CACNA1H-3",0.314598567729746
"SN428_GGAAGTGGTTCTCCCA","Ex_Pre_KCNH7","Glut-CACNA1H-3",0.196555805141253
"SN428_CCGAACGGTCGTTATG","Ex_Pre_SATB2","Glut-CACNA1H-3",0.378127691813453
"SN428_CTAGGTAGTAGCGTAG","Ex_Pre_SATB2","Glut-CACNA1H-3",0.287398350068278
"SN428_TCTACATTCGATTGGT","Ex_Pre_KCNH7","Glut-DACH2-4",0.284982519110516
"SN428_AGGTCATGTGGGCTCT","Ex_Pre_KCNH7","Glut-DACH2-HVCra-Int",0.267341440352251
"SN428_GAGAAATGTTGGCTAT","Ex_Pre_KCNH7","Glut-DACH2-4",0.284222199727769
"SN428_TAGCACAAGTTGCCCG","Ex_Pre_KCNH7","Glut-CACNA1H-3",0.286179189971472
"SN428_GCACGTGTCGGTCGAC","Ex_Pre_KCNH7","Glut-DACH2-HVCx",0.238276591246473
"SN428_TTCTTGAAGGCAGGTT","Ex_Pre_KCNH7","Glut-CACNA1H-3",0.201804959834136
"SN428_GTAGAAACAACTTGCA","Ex_Pre_KCNH7","Glut-CACNA1H-2",0.335359089060382
"SN428_CAACGGCGTACTGACT","Ex_Pre_KCNH7","Glut-CACNA1H-3",0.238056645073026
"SN428_GTGGAAGAGTTCGCAT","Ex_Pre_SATB2","Glut-CACNA1H-3",0.314121022520352
"SN428_CGAGGAAAGGATTTGA","Ex_Pre_KCNH7","Glut-CACNA1H-3",0.209901976886914
"SN428_TCTTTGAGTGGTACAG","Ex_Pre_SATB2","Glut-CACNA1H-2",0.290867047810884
"SN428_GTAATCGGTTGGACTT","Ex_Pre_SATB2","Glut-CACNA1H-2",0.180435345050799
"SN428_GCCCGAATCATTTCGT","Ex_Pre_KCNH7","Glut-DACH2-1",0.424706379654868
"SN428_ACACAGTAGTCCCGAC","Ex_Pre_SATB2","Glut-CACNA1H-3",0.382131835296559
"SN428_TAACACGCACAACCGC","Ex_Pre_KCNH7","Glut-DACH2-4",0.348239423915548
"SN428_ATATCCTGTGCGGTAA","Ex_Pre_KCNH7","Glut-CACNA1H-3",0.33879012149473
"SN428_CAAAGAACATCGTTCC","Ex_Pre_KCNH7","Glut-CACNA1H-3",0.245309806251862
"SN428_TGTGGCGGTATGTCCA","Ex_Pre_KCNH7","Glut-CACNA1H-3",0.323564819754378
"SN428_CTTCAATTCACTTTGT","Ex_Pre_SATB2","Glut-CACNA1H-3",0.219697894620841
"SN428_TGTTCCGCAGAACTAA","Ex_Pre_SATB2","Glut-CACNA1H-3",0.371639431489689
"SN428_CTCAAGATCTCTCGAC","Ex_Pre_KCNH7","Glut-DACH2-HVCx",0.201967980060323
"SN428_AATGAAGTCTTACGGA","Ex_Pre_KCNH7","Glut-DACH2-HVCx",0.365446933184697
"SN428_AACGGGACAGGTGAGT","Ex_Pre_SATB2","Glut-DACH2-HVCx",0.260666443076213
"SN428_GCGATCGGTTGTTGAC","Ex_Pre_SATB2","Glut-DACH2-4",0.232768405213612
"SN428_GACTCAAAGGTTTGAA","Ex_Pre_SATB2","Glut-CACNA1H-3",0.227315755298559
"SN428_ATGAGGGTCGGCATCG","Ex_Pre_SATB2","Glut-CACNA1H-3",0.320940913279576
"SN428_TTGGATGCACGACAAG","Ex_Pre_KCNH7","Glut-DACH2-HVCx",0.244323341088544
"SN428_GGGTGAATCAACCTTT","Ex_Pre_SATB2","Glut-DACH2-1",0.278328534501931
"SN428_CATTGCCCAATTGTGC","Ex_Pre_KCNH7","Glut-DACH2-4",0.201475970458592
"SN428_ATACCTTGTGTGTGGA","Ex_Pre_KCNH7","Glut-CACNA1H-2",0.240815984162209
"SN428_GGTCTGGGTCTGTAGT","Ex_Pre_KCNH7","Glut-CACNA1H-2",0.244155823471406
"SN428_AGGCTGCGTGCTGATT","Ex_Pre_KCNH7","Glut-DACH2-LMANsh",0.266036063564312
"SN428_CCTCTCCGTTACCCAA","Ex_Pre_SATB2","Glut-CACNA1H-3",0.277055221959438
"SN428_GTCGCGACAACAGTGG","Ex_Pre_SATB2","Glut-DACH2-HVCx",0.28075008056382
"SN428_GTCAGCGTCTTAGTTC","Ex_Pre_KCNH7","Glut-DACH2-HVCx",0.380926622384629
"SN428_TCACTATGTATACAGA","Ex_Pre_KCNH7","Glut-DACH2-2",0.243468910976405
"SN428_GGAGCAAGTGATTGGG","Ex_Pre_SATB2","Glut-DACH2-1",0.209688621005533
"SN428_CCACAAAGTGTTCATG","Ex_Pre_KCNH7","Glut-DACH2-HVCx",0.588837844047587
"SN428_ACTTTGTTCTGTGCGG","Ex_Pre_SATB2","Glut-DACH2-2",0.247059334271693
"SN428_AAGTGAACACGGTGAA","Ex_Pre_SATB2","Glut-CACNA1H-3",0.248535447868583
"SN428_CGTGTCTAGGGTACAC","Ex_Pre_KCNH7","Glut-DACH2-4",0.223808771921261
"SN428_CCTATCGGTGTGAGCA","Ex_Pre_SATB2","Glut-CACNA1H-3",0.210171755963644
"SN428_TGTTTGTGTCGAGATG","Ex_Pre_SATB2","Glut-CACNA1H-3",0.423412433149796
"SN428_CCAATTTCAGTCGAGA","Ex_CACNA1H_MCTP2","Glut-CACNA1H-4",0.618809085329751
"SN428_GATAGCTTCTGCGATA","Ex_CACNA1H_MCTP2","Glut-CACNA1H-4",0.369750879774247
"SN428_TCGCACTAGTGTCATC","Ex_CACNA1H_MCTP2","Glut-CACNA1H-4",0.588873056245562
"SN428_GAAGTAATCGTGTGAT","Ex_CACNA1H_MCTP2","Glut-CACNA1H-4",0.6780838718277
"SN428_GCTACAACAGTTGGTT","Ex_TSHZ2_NR4A2","Glut-CACNA1H-1",0.709536556536114
"SN428_GGTGATTCAGCGGATA","Ex_TSHZ2_NR4A2","Glut-CACNA1H-1",0.685016826875675
"SN428_GTGGGAACATAGATCC","Ex_TSHZ2_NR4A2","Glut-CACNA1H-1",0.782049151045757
"SN428_GGGTGAAAGACGGTCA","Ex_TSHZ2_NR4A2","Glut-CACNA1H-1",0.836934207436036
"SN428_AGGGTCCGTCTTTCAT","Ex_CACNA1H_MCTP2","Glut-CACNA1H-2",0.454469195127462
"SN428_ATCGTAGGTTAACCTG","Ex_CACNA1H_MCTP2","Glut-CACNA1H-2",0.545897861907121
"SN428_CCCGAAGTCTCCTGAC","Ex_CACNA1H_MCTP2","Glut-CACNA1H-4",0.640880656858238
"SN428_GAAATGATCCTCTCGA","Ex_TSHZ2_NR4A2","Glut-CACNA1H-1",0.779119001236884
"SN428_GGGTTTAAGACTTAAG","Ex_CACNA1H_MCTP2","Glut-CACNA1H-2",0.306511222856471
"SN428_CTCCGATGTTGTTGAC","Ex_TSHZ2_NR4A2","Glut-CACNA1H-1",0.721690787465257
"SN428_CCCGAAGGTCTACGAT","Ex_TSHZ2_NR4A2","Glut-CACNA1H-1",0.758141329470624
"SN428_ACACCAATCTCAGGCG","Ex_TSHZ2_NR4A2","Glut-CACNA1H-1",0.718115605571956
"SN428_CCATCACGTTGTCTAG","Ex_CACNA1H_MCTP2","Glut-CACNA1H-4",0.433041465325528
"SN428_TGTTGGAAGGGCAAGG","Ex_TSHZ2_NR4A2","Glut-CACNA1H-1",0.665928784937918
"SN428_TCTGCCAAGTCATGCT","Ex_CACNA1H_MCTP2","Glut-CACNA1H-2",0.290693273266992
"SN428_CTACAGAGTCAGATTC","Ex_CACNA1H_MCTP2","Glut-DACH2-2",0.603957084529962
"SN428_TTGGTTTGTAGATGTA","Ex_CACNA1H_MCTP2","Glut-DACH2-2",0.668186626718849
"SN428_AGCTTCCGTCTTCCGT","Ex_TSHZ2_NR4A2","Glut-CACNA1H-1",0.603911909388433
"SN428_TTCTGTAGTATAGGAT","Ex_TSHZ2_NR4A2","Glut-CACNA1H-1",0.83823322691436
"SN428_GGTGATTCAATAACGA","Ex_CACNA1H_MCTP2","Glut-CACNA1H-2",0.448778530746839
"SN428_TTCTTCCCATGTGTCA","Ex_CACNA1H_MCTP2","Glut-CACNA1H-4",0.538904195753415
"SN428_TATCAGGTCGCTGTTC","Ex_TSHZ2_NR4A2","Glut-CACNA1H-1",0.602503797266523
"SN428_CACAGATAGTCCTGCG","Ex_TSHZ2_NR4A2","Glut-CACNA1H-1",0.755183234637522
"SN428_GTGCTTCAGGCTCTAT","Ex_CACNA1H_MCTP2","Glut-CACNA1H-4",0.702929888801671
"SN428_TGTCCTGTCCGGTTCT","Ex_TSHZ2_NR4A2","Glut-CACNA1H-1",0.716437566081899
"SN428_GCAGCCAAGACCTCAT","Ex_TSHZ2_NR4A2","Glut-CACNA1H-1",0.664788746092575
"SN428_AGCATCAAGTGCGTCC","Ex_TSHZ2_NR4A2","Glut-CACNA1H-1",0.70496745970348
"SN428_TTACAGGGTCCGACGT","Ex_TSHZ2_NR4A2","Glut-CACNA1H-1",0.897445534714833
"SN428_GTAGCTATCGGTTAGT","Ex_TSHZ2_NR4A2","Glut-CACNA1H-1",0.74172872580865
"SN428_GTATTTCGTTCCACGG","Ex_TSHZ2_NR4A2","Glut-CACNA1H-1",0.740639249677357
"SN428_AGGATCTCATCGATCA","Ex_DACH2_CEMIP","Glut-DACH2-6",0.551663485261372
"SN428_TCAATCTCAATTTCTC","Ex_DACH2_LHX2","Glut-DACH2-2",0.73658491447321
"SN428_CATAAGCAGCTGCGAA","Ex_DACH2_GRIK4","Glut-DACH2-2",0.570827014919248
"SN428_TCGAAGTAGGAACTAT","Ex_CACNA1H_MCTP2","Glut-DACH2-2",0.534009954765616
"SN428_ATGGTTGGTGGTAACG","Ex_DACH2_GRIK4","Glut-DACH2-2",0.392585112667794
"SN428_CATCCACTCATCACCC","Ex_DACH2_LHX2","Glut-DACH2-2",0.704055090114723
"SN428_CTCACTGTCTCGCCTA","Ex_DACH2_GRIK4","Glut-DACH2-2",0.685079801113626
"SN428_ATCTCTAAGTGAACAT","Ex_DACH2_NR4A3","Glut-DACH2-HVCra",0.433970175306909
"SN428_CAAGAGGCAGCGGATA","Ex_DACH2_LHX2","Glut-DACH2-2",0.655128325019813
"SN428_GAGGCCTTCGGAATTC","Ex_DACH2_ZMAT4","Glut-DACH2-8",0.963590980756545
"SN428_TTCATTGCAACCCTAA","Ex_DACH2_CEMIP","Glut-DACH2-6",0.751825369518849
"SN428_GACTTCCAGGAAACGA","Ex_DACH2_CEMIP","Glut-DACH2-8",0.83641484956256
"SN428_TACATTCTCAACGAGG","Ex_DACH2_CEMIP","Glut-DACH2-6",0.734206634408389
"SN428_CTTTCGGGTCTTGTCC","Ex_DACH2_ITGA9","Glut-DACH2-2",0.315737317937888
"SN428_TTACCGCGTCCACAGC","Ex_DACH2_GRIK4","Glut-DACH2-2",0.468283385209976
"SN428_GTTGCGGTCCTCACCA","Ex_DACH2_ITGA9","Glut-CACNA1H-1",0.396668471544939
"SN428_GGTTAACGTATGCGTT","Ex_DACH2_MGAT4C","Glut-DACH2-7",0.550328262877803
"SN428_TGGATCAAGCCTTTGA","Ex_DACH2_ADAMTS5","Glut-DACH2-7",0.744353120966519
"SN428_CTGGCAGCATGGGTTT","Ex_DACH2_MGAT4C","Glut-DACH2-2",0.509649790958525
"SN428_TTATTGCGTAATCAGA","Ex_DACH2_ITGA9","Glut-DACH2-2",0.515888304632254
"SN428_ACTCCCAGTCCAGGTC","Ex_DACH2_NR4A3","Glut-DACH2-7",0.598937755928594
"SN428_GAAACCTTCCGGTAGC","Ex_DACH2_CEMIP","Glut-DACH2-6",0.414863602588787
"SN428_TCATTTGCAAAGAACT","Ex_DACH2_CEMIP","Glut-DACH2-6",0.597361348192583
"SN428_GTAACACCATGTCAGT","Ex_DACH2_ITGA9","Glut-DACH2-8",0.333096972767233
"SN428_CAGCAATCACCCTATC","Ex_DACH2_ITGA9","Glut-DACH2-8",0.427651266870389
"SN428_CAGCGTGCACCCATAA","Ex_DACH2_CEMIP","Glut-DACH2-6",0.667312285470964
"SN428_AACGGGACATTCAGCA","Ex_DACH2_NR4A3","Glut-DACH2-7",0.484545252549759
"SN428_AGACCCGCATCCTTGC","Ex_DACH2_CEMIP","Glut-DACH2-6",0.874711924879487
"SN428_GGTCACGTCTGGCCAG","Ex_DACH2_GRIK4","Glut-DACH2-7",0.444084978028055
"SN428_CGCCATTTCCTGTTGC","Ex_DACH2_CEMIP","Glut-DACH2-6",0.723128495637449
"SN428_TCCTGCACATGCCGAC","Ex_DACH2_CEMIP","Glut-DACH2-6",0.96793267824157
"SN428_GCCAACGCACATCATG","Ex_DACH2_CEMIP","Glut-DACH2-6",1
"SN428_CCTCCTCGTTGCCGAC","Ex_DACH2_CEMIP","Glut-DACH2-6",0.738781195640383
"SN428_TGCGATATCAGGGATG","Ex_DACH2_LHX2","Glut-DACH2-2",0.742946404582476
"SN428_GAGGCAAAGATAGCTA","Ex_DACH2_CEMIP","Glut-DACH2-6",0.58295265732371
"SN428_TGATCAGCAGTTGGTT","Ex_CACNA1H_MCTP2","Glut-DACH2-2",0.578134670623823
"SN428_CGGTCAGAGACTTGTC","Ex_DACH2_MGAT4C","Glut-DACH2-HVCra",0.374911319904555
"SN428_TGAGCGCCAAGTCCCG","Ex_DACH2_CEMIP","Glut-DACH2-6",0.989397690453496
"SN428_GCTTTCGGTTTGAAAG","Ex_DACH2_GRIK4","Glut-DACH2-2",0.602533900372322
"SN428_TCTATACCATCCGTGG","Ex_DACH2_ITGA9","Glut-DACH2-HVCra-Int",0.228475677072006
"SN428_CATACAGGTAGCTAAA","Ex_DACH2_CEMIP","Glut-DACH2-6",0.753272208913047
"SN428_ATCCACCTCGTAACAC","Ex_DACH2_CEMIP","Glut-DACH2-6",0.800397752348322
"SN428_CTGATCCCACCGGCTA","Ex_DACH2_MGAT4C","Glut-DACH2-HVCx",0.411761635368796
"SN428_CTCGAGGCATCCAATG","Ex_DACH2_CEMIP","Glut-DACH2-6",0.85359814262739
"SN428_AAACCCATCACCCATC","Ex_DACH2_CEMIP","Glut-DACH2-6",0.593480946193071
"SN428_GGGACAAAGATTAGCA","Ex_DACH2_ITGA9","Glut-DACH2-8",0.5969890221434
"SN428_TGCTCGTTCAAAGAAC","Ex_DACH2_CEMIP","Glut-DACH2-6",0.854260724155206
"SN428_TCCAGAAGTTCCACGG","Ex_DACH2_ZMAT4","Glut-DACH2-8",0.770055335525743
"SN428_GTCATTTAGTATGCAA","Ex_DACH2_GRIK4","Glut-DACH2-7",0.459833173359612
"SN428_TTGTTCAAGCACCGAA","Ex_DACH2_CEMIP","Glut-DACH2-6",0.822768846352721
"SN428_ATTTCTGTCGTAACCA","Ex_DACH2_CEMIP","Glut-DACH2-6",0.471945292293717
"SN428_AGCGCTGTCCTTTAGT","Ex_DACH2_TAC1","Glut-DACH2-8",0.30187216682494
"SN428_TAGACCATCAAGAGGC","Ex_DACH2_ITGA9","Glut-DACH2-8",0.360396980899379
"SN428_CATTGTTAGAGTCACG","Ex_DACH2_MGAT4C","Glut-DACH2-2",0.369686840103703
"SN428_CTTACCGGTACTGGGA","Ex_DACH2_LHX2","Glut-DACH2-2",0.527473299649072
"SN428_TCAGTGAGTCCCTAAA","Ex_DACH2_CEMIP","Glut-DACH2-6",0.946604853242652
"SN428_CACAGGCCACCGTCTT","Ex_DACH2_NR4A3","Glut-DACH2-HVCra-Int",0.402082221233287
"SN428_AACCACACAATACGCT","Ex_DACH2_ADAMTS5","Glut-DACH2-6",0.539218476445886
"SN428_GGTCTGGGTTCGGCCA","Ex_DACH2_ZMAT4","Glut-DACH2-8",0.481277353374552
"SN428_ATGCGATAGACTCATC","Ex_DACH2_ZMAT4","Glut-DACH2-8",0.786283069434812
"SN428_TTGCTGCAGTTTGTCG","Ex_DACH2_ZMAT4","Glut-DACH2-8",0.777049553643415
"SN428_TCTATACTCACTTGTT","Ex_DACH2_CEMIP","Glut-DACH2-6",0.759049595319772
"SN428_ATTACTCTCCATCACC","Ex_DACH2_CEMIP","Glut-DACH2-6",0.849611819180811
"SN428_GAGGCAAAGTATGGAT","Ex_DACH2_ITGA9","Glut-DACH2-8",0.75158806883218
"SN428_GAGTTTGGTGAATGAT","Ex_DACH2_TAC1","Glut-DACH2-8",0.438865950235654
"SN428_ACGGGTCTCGGCCCAA","Ex_DACH2_ITGA9","Glut-DACH2-3",0.326799723969925
"SN428_ACTCCCAGTGCGGCTT","Ex_CACNA1H_MCTP2","Glut-DACH2-2",0.437480865184809
"SN428_AGACAGGCATCGAACT","Ex_DACH2_ITGA9","Glut-DACH2-LMANsh",0.297873645742495
"SN428_TCATTACAGGACCCAA","Ex_DACH2_ITGA9","Glut-DACH2-2",0.660378916064979
"SN428_AGCTACAGTCACTAGT","Ex_DACH2_CEMIP","Glut-DACH2-6",0.795545042483415
"SN428_TGTAGACCAGCTAACT","Ex_DACH2_CEMIP","Glut-DACH2-6",0.978705123441681
"SN428_ACTATCTTCAGACCGC","Ex_DACH2_GRIK4","Glut-DACH2-1",0.521984815096122
"SN428_CTCAACCGTGTGCTTA","Ex_CACNA1H_MCTP2","Glut-DACH2-2",0.711727983712544
"SN428_ATCCATTGTGAACGGT","Ex_DACH2_GRIK4","Glut-DACH2-2",0.73427203303431
"SN428_GATCATGAGATTGACA","Ex_DACH2_NR4A3","Glut-DACH2-1",0.865700276361934
"SN428_GTAGATCGTACTCCCT","Ex_DACH2_GRIK4","Glut-DACH2-2",0.531860867638762
"SN428_TTTCACATCAATGCAC","Ex_DACH2_CEMIP","Glut-DACH2-6",0.892043482588572
"SN428_CTACAGATCTCTATAC","Ex_DACH2_CEMIP","Glut-DACH2-6",0.545779284594924
"SN428_GTACAGTTCTGAATCG","Ex_DACH2_NR4A3","Glut-DACH2-5",0.510106878462059
"SN428_AGGGTCCAGCTGGCTC","Ex_DACH2_ITGA9","Glut-DACH2-8",0.485510165253786
"SN428_TCAGCCTCACTTGGGC","Ex_DACH2_ITGA9","Glut-DACH2-1",0.615235493972584
"SN428_AGACAAAAGCTTGTTG","Ex_DACH2_TAC1","Glut-DACH2-LMANco",0.355234380698404
"SN428_AGGTTACAGACGAAGA","Ex_DACH2_ZMAT4","Glut-DACH2-8",0.850760270850648
"SN428_AGACAGGAGCAGCCTC","Ex_DACH2_CEMIP","Glut-DACH2-6",0.724091471764468
"SN428_ATGGATCGTAATCAAG","Ex_DACH2_ADAMTS5","Glut-DACH2-7",0.444614134887456
"SN428_ACAGGGATCCTGTACC","Ex_DACH2_CEMIP","Glut-DACH2-6",0.784332154846667
"SN428_TTGGATGCATGAGATA","Ex_DACH2_ADAMTS5","Glut-DACH2-7",0.682437098578109
"SN428_TATATCCCAAGATCCT","Ex_DACH2_ZMAT4","Glut-DACH2-8",0.76203094865069
"SN428_TAGCACACACTCAAGT","Ex_DACH2_MGAT4C","Glut-DACH2-2",0.556021288448844
"SN428_CTCCTCCCAACAAAGT","Ex_DACH2_ADAMTS5","Glut-DACH2-7",0.871996773119384
"SN428_GAGAAATAGGCAGCTA","Ex_DACH2_CEMIP","Glut-DACH2-6",0.751803810842417
"SN428_GACAGCCTCAATGTCG","Ex_DACH2_CEMIP","Glut-DACH2-6",0.950970190320014
"SN428_GTAGAAAGTCTGATAC","Ex_DACH2_TAC1","Glut-DACH2-LMANco",0.433974722428686
"SN428_CGGAGAAGTTGTCATG","Ex_DACH2_ITGA9","Glut-DACH2-7",0.627036231770736
"SN428_GACCCAGTCACGAGGA","Ex_DACH2_LHX2","Glut-DACH2-2",0.696555253916694
"SN428_TTGGATGCATAATGCC","Ex_DACH2_ZMAT4","Glut-DACH2-8",0.901092363767965
"SN428_CGGAACCAGGCTCTCG","Ex_DACH2_CEMIP","Glut-DACH2-6",0.986042291238567
"SN428_GATCGTAAGGAGAATG","Ex_DACH2_LHX2","Glut-DACH2-2",0.718127129276083
"SN428_AGTCTCCCATAGAGGC","Ex_DACH2_LHX2","Glut-DACH2-HVCx",0.35351342547385
"SN428_CACTGAAAGTTACGAA","Ex_DACH2_ITGA9","Glut-DACH2-8",0.556825808768679
"SN428_ACCTGAAGTATTCTCT","Ex_DACH2_ITGA9","Glut-DACH2-8",0.768939840827378
"SN428_AAAGGGCCACGGTGTC","Ex_DACH2_ZMAT4","Glut-DACH2-8",1
"SN428_AAGTGAAAGGGCCTCT","Ex_DACH2_ITGA9","Glut-DACH2-4",0.262811616607171
"SN428_TGCCGAGCACTCCACT","Ex_DACH2_MGAT4C","Glut-DACH2-1",0.622705415121607
"SN428_TCCTTCTGTATCACGT","Ex_DACH2_TAC1","Glut-DACH2-LMANco",0.387820143717837
"SN428_CTTTCAAGTGATAGTA","Ex_DACH2_ZMAT4","Glut-DACH2-8",0.758241576728585
"SN428_TTCGCTGTCTGTCTCG","Ex_DACH2_ITGA9","Glut-DACH2-3",0.633920188653065
"SN428_TTTCCTCAGGGAGGGT","Ex_DACH2_MGAT4C","Glut-DACH2-5",0.452404361100389
"SN428_TCCCAGTGTCTGTCCT","Ex_DACH2_NR4A3","Glut-DACH2-HVCra-Int",0.277464261201006
"SN428_TAGACTGAGGCCTTGC","Ex_DACH2_ITGA9","Glut-DACH2-8",0.453882111746859
"SN428_TCACAAGAGCTGCCTG","Ex_DACH2_CEMIP","Glut-DACH2-6",0.829707944632693
"SN428_TGTTTGTAGGAAGAAC","Ex_DACH2_GRIK4","Glut-DACH2-2",0.547100304311351
"SN428_GAGTGAGCAATACGAA","Ex_DACH2_NR4A3","Glut-DACH2-7",0.381127488882941
"SN428_TGTTACTAGATTAGAC","Ex_DACH2_LHX2","Glut-DACH2-2",0.707578878386201
"SN428_CACTGGGCATATACCG","Ex_DACH2_CEMIP","Glut-DACH2-6",0.806175084395356
"SN428_TTTCGATGTTGGGATG","Ex_DACH2_TAC1","Glut-DACH2-8",0.367841881193863
"SN428_CCTTTGGGTGATGTAA","Ex_DACH2_CEMIP","Glut-DACH2-6",0.868495550053494
"SN428_CCGGTAGAGTAACGTA","Ex_DACH2_CEMIP","Glut-DACH2-6",0.652302567125337
"SN428_AAGGTAACATAGAAAC","Ex_DACH2_TAC1","Glut-DACH2-8",0.777544854547664
"SN428_CATTGCCTCCATCTAT","Ex_DACH2_TAC1","Glut-DACH2-8",0.380514916904873
"SN428_GAAGTAATCCGGCTTT","Ex_DACH2_TAC1","Glut-DACH2-8",0.828283304471115
"SN428_TCCCATGGTTAGTTCG","Ex_DACH2_CEMIP","Glut-DACH2-6",0.964514071700428
"SN428_ATTATCCAGATTCGAA","Ex_DACH2_CEMIP","Glut-DACH2-6",0.742299230506825
"SN428_GCACATATCATAGGCT","Ex_CACNA1H_MCTP2","Glut-DACH2-2",0.420675432909136
"SN428_TTAGTCTAGGTATAGT","Ex_DACH2_ADAMTS5","Glut-DACH2-5",0.665538788427554
"SN428_ACAAAGACAAAGCGTG","Ex_DACH2_ITGA9","Glut-DACH2-4",0.285055234682656
"SN428_TTCAGGAGTACTCGAT","Ex_DACH2_CEMIP","Glut-DACH2-6",0.777588261425245
"SN428_TCCCACAGTATTCCTT","Ex_DACH2_NR4A3","Glut-DACH2-7",0.852068510078646
"SN428_CGAGGCTCATCTCAAG","Ex_DACH2_ADAMTS5","Glut-DACH2-7",0.749051296459782
"SN428_GCAACATGTCGCATTA","Ex_DACH2_MGAT4C","Glut-DACH2-5",0.380521354156468
"SN428_TCATTGTAGCACCAGA","Ex_DACH2_NR4A3","Glut-DACH2-7",0.892092847757832
"SN428_ATCAGGTCATGGCGCT","Ex_DACH2_LHX2","Glut-DACH2-2",0.646700573284295
"SN428_CTTTCAAGTTATTCCT","Ex_DACH2_ITGA9","Glut-DACH2-8",0.593218628066765
"SN428_CTCCATGAGGTGCTGA","Ex_DACH2_ITGA9","Glut-DACH2-6",0.464041022384833
"SN428_GCACTAATCGATGCAT","Ex_DACH2_CEMIP","Glut-DACH2-6",0.853652601193503
"SN428_GCCCGAAGTAAGTTAG","Ex_DACH2_TAC1","Glut-DACH2-8",0.693188972864697
"SN428_ATGACCATCCTCTCTT","Ex_DACH2_LHX2","Glut-DACH2-2",0.735583261764646
"SN428_CTTCCGACATGACGAG","Ex_DACH2_GRIK4","Glut-DACH2-7",0.279677968641074
"SN428_ATGTCTTTCTAGTTCT","Ex_DACH2_ITGA9","Glut-DACH2-HVCra",0.389098318890615
"SN428_TTGATGGAGGTTTGAA","Ex_DACH2_GRIK4","Glut-DACH2-5",0.586673319455427
"SN428_TTCCTCTGTTCGTTCC","Ex_DACH2_NR4A3","Glut-DACH2-7",0.523691541132023
"SN428_ATTCTACAGGTCCCTG","Ex_DACH2_TAC1","Glut-DACH2-6",0.427063560184805
"SN428_GAGGGATGTACGAAAT","Ex_DACH2_CEMIP","Glut-DACH2-6",0.897597994703358
"SN428_ATCGTAGTCCATTTGT","Ex_DACH2_ZMAT4","Glut-DACH2-8",0.932935319980616
"SN428_GTCATGATCATGAAAG","Ex_DACH2_TAC1","Glut-DACH2-8",0.42876785717999
"SN428_TCGACCTGTCCTATAG","Ex_DACH2_ITGA9","Glut-DACH2-HVCx",0.454017146092966
"SN428_CTCATGCAGAGATGCC","Ex_DACH2_CEMIP","Glut-DACH2-6",0.889937262736841
"SN428_CTTAGGAAGGCACGAT","Ex_DACH2_TAC1","Glut-DACH2-LMANco",0.307046553718139
"SN428_GTGAGGAAGGACAACC","Ex_DACH2_ZMAT4","Glut-DACH2-8",0.604875761346503
"SN428_CTTCTCTCAGTGCGCT","Ex_DACH2_ADAMTS5","Glut-DACH2-5",0.459019762386905
"SN428_TTCATGTCAAAGGCTG","Ex_DACH2_TAC1","Glut-DACH2-3",0.741337201353193
"SN428_AAGCGTTAGCGTGCCT","Ex_DACH2_CEMIP","Glut-DACH2-6",0.960196359944107
"SN428_GAGTGTTGTATACCCA","Ex_DACH2_LHX2","Glut-DACH2-2",0.640096467717295
"SN428_TATCCTATCGTTCATT","Ex_DACH2_TAC1","Glut-DACH2-6",0.536116111114647
"SN428_ACTCCCAGTCCCTGTT","Ex_DACH2_ADAMTS5","Glut-DACH2-5",0.46825067733424
"SN428_TCGGGCATCATCTACT","Ex_DACH2_CEMIP","Glut-DACH2-6",0.684406454107782
"SN428_TTTGGTTCAAATCAAG","Ex_DACH2_TAC1","Glut-DACH2-8",0.385168800720514
"SN428_TAGGGTTGTCGTTCAA","Ex_DACH2_NR4A3","Glut-DACH2-5",0.512870706560129
"SN428_TTCCAATGTCTACGAT","Ex_DACH2_TAC1","Glut-DACH2-8",0.45475653171458
"SN428_CTGTGAATCTAGTTCT","Ex_DACH2_ITGA9","Glut-DACH2-8",0.67170512049317
"SN428_TACCTCGTCGTAACAC","Ex_DACH2_CEMIP","Glut-DACH2-6",0.848320935477418
"SN428_CACAGGCTCCAACTGA","Ex_DACH2_GRIK4","Glut-DACH2-7",0.318139281032458
"SN428_AGTGCCGGTCATCCGG","Ex_DACH2_GRIK4","Glut-DACH2-7",0.354213098503009
"SN428_CTACTATTCGTCTACC","Ex_DACH2_TAC1","Glut-DACH2-8",0.587088513877495
"SN428_AAGATAGTCCTCATAT","Ex_DACH2_MGAT4C","Glut-DACH2-2",0.293095108612958
"SN428_AAACGAACAAGTCATC","Ex_DACH2_ITGA9","Glut-DACH2-8",0.435925443515843
"SN428_AGAAGTAGTGCGAGTA","Ex_DACH2_GRIK4","Glut-DACH2-5",0.654915875090449
"SN428_GCTTTCGAGAGCAAGA","Ex_DACH2_TAC1","Glut-DACH2-LMANco",0.438874004077631
"SN428_GAGTCATGTTGTGGCC","Ex_DACH2_CEMIP","Glut-DACH2-6",0.82296706888843
"SN428_TCCGAAACACTTCCTG","Ex_DACH2_NR4A3","Glut-DACH2-7",0.494115386337891
"SN428_CTCAGTCAGCAACTCT","Ex_DACH2_GRIK4","Glut-DACH2-1",0.410381533607301
"SN428_CCCGGAAGTCTTGAAC","Ex_DACH2_ZMAT4","Glut-DACH2-8",0.725159823526106
"SN428_CTGAGCGCATAGATCC","Ex_DACH2_ZMAT4","Glut-DACH2-LMANsh",0.33549579507361
"SN428_ATACCGAAGTATGTAG","Ex_DACH2_ZMAT4","Glut-DACH2-8",0.956867308475134
"SN428_AGTGATCCAGGAACCA","Ex_DACH2_GRIK4","Glut-DACH2-2",0.743356555018694
"SN428_GGTGATTAGACTTCGT","Ex_DACH2_CEMIP","Glut-DACH2-6",0.921335799582349
"SN428_ATACTTCCAGTGAGCA","Ex_DACH2_TAC1","Glut-DACH2-6",0.360266085178784
"SN428_CTATAGGGTCGATGCC","Ex_DACH2_CEMIP","Glut-DACH2-6",0.980822768636378
"SN428_GGGAAGTAGGACGCAT","Ex_DACH2_NR4A3","Glut-DACH2-5",0.280118883296144
"SN428_AGCCAGCGTCTGCCTT","Ex_DACH2_LHX2","Glut-DACH2-2",0.424269682368944
"SN428_ACGTTCCAGATAACGT","Ex_DACH2_CEMIP","Glut-DACH2-6",0.431488369863963
"SN428_GTGTGATTCGTAATGC","Ex_DACH2_GRIK4","Glut-DACH2-7",0.701691497579975
"SN428_CCTAACCAGGAGAGGC","Ex_DACH2_CEMIP","Glut-DACH2-6",0.537723960477993
"SN428_CCATAAGAGTAGCCAG","Ex_DACH2_ZMAT4","Glut-DACH2-8",0.780648267192414
"SN428_GTGCTGGCAAATCAAG","Ex_DACH2_LHX2","Glut-DACH2-2",0.660537346052379
"SN428_TCCGTGTTCCTGTAAG","Ex_DACH2_ITGA9","Glut-DACH2-6",0.527995535327229
"SN428_TAACGACTCCGTGGCA","Ex_DACH2_ITGA9","Glut-DACH2-4",0.53560594104549
"SN428_TGTTCATCATCCGTGG","Ex_CACNA1H_MCTP2","Glut-DACH2-2",0.347199879499224
"SN428_TTCAATCGTCTCGGAC","Ex_DACH2_NR4A3","Glut-DACH2-7",0.598666213659787
"SN428_GATCACACAGACGATG","Ex_DACH2_NR4A3","Glut-DACH2-1",0.403930510633637
"SN428_AGGGCCTGTAAGACCG","Ex_DACH2_CEMIP","Glut-DACH2-6",0.557312666564755
"SN428_GCGTTTCGTAGCGCTC","Ex_DACH2_TAC1","Glut-DACH2-8",0.294211439527068
"SN428_ATTTCTGTCACAGAGG","Ex_DACH2_TAC1","Glut-DACH2-LMANco",0.629544469835299
"SN428_AAAGGGCGTAAGGTCG","Ex_DACH2_CEMIP","Glut-DACH2-6",0.892757362841468
"SN428_CGAGTGCTCTACGCGG","Ex_DACH2_LHX2","Glut-DACH2-2",0.472608437917125
"SN428_ATTACTCCAGGCGATA","Ex_DACH2_ITGA9","Glut-DACH2-3",0.393814212472484
"SN428_TCGGGTGAGTGATAGT","Ex_DACH2_CEMIP","Glut-DACH2-6",0.784831270226927
"SN428_TCCCACAGTGTTCAGT","Ex_DACH2_TAC1","Glut-DACH2-8",0.374805285623588
"SN428_CCACGAGCACTCCTGT","Ex_DACH2_ITGA9","Glut-DACH2-8",0.450402261250283
"SN428_TCATGTTGTCAATGGG","Ex_DACH2_LHX2","Glut-DACH2-2",0.619043021522584
"SN428_TTGTGGATCGTCGACG","Ex_DACH2_MGAT4C","Glut-DACH2-7",0.382546296761953
"SN428_CAGCGTGCATCATTTC","Ex_DACH2_ADAMTS5","Glut-DACH2-7",0.653417124801869
"SN428_AATTCCTCAACTACGT","Ex_DACH2_TAC1","Glut-DACH2-8",0.453887235521248
"SN428_AGGTGTTCATGGTGGA","Ex_DACH2_NR4A3","Glut-DACH2-1",0.800413659576098
"SN428_TATTTCGCAGAGCTAG","Ex_DACH2_ITGA9","Glut-DACH2-7",0.772498761409859
"SN428_CAAGGGAAGGTTAGTA","Ex_DACH2_TAC1","Glut-DACH2-8",0.600271487540185
"SN428_CTCTGGTGTGGTCTAT","Ex_DACH2_MGAT4C","Glut-DACH2-1",0.343708389818229
"SN428_TATCCTATCTCAATCT","Ex_DACH2_TAC1","Glut-DACH2-LMANco",0.397231683032187
"SN428_TCGGATAGTTACCTTT","Ex_DACH2_GRIK4","Glut-DACH2-1",0.351343560967185
"SN428_CCGTAGGAGCGAGTAC","Ex_DACH2_ITGA9","Glut-DACH2-7",0.434113264343732
"SN428_CATGAGTTCGGCTATA","Ex_DACH2_TAC1","Glut-DACH2-6",0.336669665049523
"SN428_TTTGGAGTCGCGCTGA","Ex_DACH2_ITGA9","Glut-CACNA1H-1",0.337781573502514
"SN428_CATTCATAGCAGATAT","Ex_DACH2_ADAMTS5","Glut-DACH2-5",0.43597314073294
"SN428_TGTTCATGTAACATCC","Ex_DACH2_ADAMTS5","Glut-DACH2-7",0.796663244944551
"SN428_TCCGTGTTCGCCATAA","Ex_DACH2_ZMAT4","Glut-DACH2-8",0.792870155593841
"SN428_CTTCGGTCAATCTAGC","Ex_DACH2_TAC1","Glut-DACH2-3",0.65466674653999
"SN428_TAGGTACAGAGATCGC","Ex_DACH2_MGAT4C","Glut-DACH2-5",0.575893147740776
"SN428_AGCCACGTCCTTTAGT","Ex_DACH2_TAC1","Glut-DACH2-8",0.328147364058364
"SN428_GATTGGTTCGACACCG","Ex_DACH2_NR4A3","Glut-DACH2-1",0.748549317205375
"SN428_ACTTTCAAGCTGTCCG","Ex_DACH2_ADAMTS5","Glut-DACH2-7",0.41580165674814
"SN428_CATACCCGTGAGACCA","Ex_DACH2_CEMIP","Glut-DACH2-6",0.594497887269302
"SN428_TGTGTGAAGCTGACAG","Ex_DACH2_CEMIP","Glut-DACH2-6",0.820584534739969
"SN428_TATCTTGGTGATTCTG","Ex_DACH2_CEMIP","Glut-DACH2-6",0.740351979514397
"SN428_AGACCATAGAGTGGCT","Ex_DACH2_ADAMTS5","Glut-DACH2-6",0.605242450428681
"SN428_GGACGTCTCCGCAAAT","Ex_DACH2_ITGA9","Glut-DACH2-6",0.507711078338782
"SN428_CAATACGTCGTCTACC","Ex_DACH2_TAC1","Glut-DACH2-8",0.430741392201973
"SN428_CCACTTGTCACCATAG","Ex_DACH2_NR4A3","Glut-DACH2-7",0.67969916121021
"SN428_TGATCTTCATGACAAA","Ex_DACH2_ITGA9","Glut-DACH2-3",0.397893944985032
"SN428_GTGTGATAGTTGCGAG","Ex_DACH2_TAC1","Glut-DACH2-LMANco",0.271238736333944
"SN428_CGTAATGGTCTGTAGT","Ex_DACH2_MGAT4C","Glut-DACH2-5",0.381208577604104
"SN428_ACGCACGCAAGAATAC","Ex_DACH2_TAC1","Glut-DACH2-6",0.389689151570668
"SN428_GTATTTCCAGGCGAAT","Ex_DACH2_MGAT4C","Glut-DACH2-2",0.519393542452248
"SN428_TGATGGTTCGTAGCTA","Ex_DACH2_ITGA9","Glut-DACH2-2",0.47761317650578
"SN428_CGGAACCAGTAGAATC","Ex_DACH2_CEMIP","Glut-DACH2-6",0.635139751100971
"SN428_TTACGTTCAATGAACA","Ex_DACH2_CEMIP","Glut-DACH2-6",0.746582978302245
"SN428_GGCTGTGCATGTAACC","Ex_DACH2_MGAT4C","Glut-DACH2-2",0.593543731667666
"SN428_AGACCCGGTTCGGCGT","Ex_DACH2_MGAT4C","Glut-DACH2-5",0.633880780951722
"SN428_TGCGGGTCACTGCTTC","Ex_DACH2_CEMIP","Glut-DACH2-6",0.586804758328394
"SN428_TTACTGTCAAGGTCTT","Ex_DACH2_NR4A3","Glut-DACH2-1",0.716874977386829
"SN428_ACTGCAACACTGGAAG","Ex_DACH2_TAC1","Glut-DACH2-3",0.666053968869994
"SN428_TCTCACGGTTTGGCTA","Ex_DACH2_CEMIP","Glut-DACH2-6",0.883658176884327
"SN428_AACAAGACACACAGCC","Ex_DACH2_ADAMTS5","Glut-DACH2-7",0.772539899072136
"SN428_TCTCAGCCAGATCATC","Ex_DACH2_ADAMTS5","Glut-DACH2-7",0.710491218319326
"SN428_GAAGAATCACGGTGAA","Ex_DACH2_CEMIP","Glut-DACH2-6",0.85593889684527
"SN428_GTACAACTCTCTGAGA","Ex_DACH2_ADAMTS5","Glut-DACH2-5",0.466253472674763
"SN428_GAGACTTTCCGATAGT","Ex_DACH2_TAC1","Glut-DACH2-8",0.635493738542279
"SN428_AGGGCCTGTTATTCTC","Ex_DACH2_ADAMTS5","Glut-DACH2-5",0.34116140086087
"SN428_TAGCACAGTAGGCAGT","Ex_DACH2_ADAMTS5","Glut-DACH2-7",0.465190769081415
"SN428_CGGAGAACACATACTG","Ex_DACH2_NR4A3","Glut-DACH2-1",0.804474510987592
"SN428_TCGTAGATCGCATAGT","Ex_DACH2_TAC1","Glut-DACH2-6",0.439061595043648
"SN428_GTCCTCACAGTATACC","Ex_DACH2_TAC1","Glut-DACH2-8",0.513668961036894
"SN428_TCATGAGTCGGTCATA","Ex_DACH2_LHX2","Glut-DACH2-2",0.337638698422409
"SN428_ACTATTCTCACGGACC","Ex_DACH2_ITGA9","Glut-DACH2-6",0.589926725332141
"SN428_TCGATTTAGGTTGGAC","Ex_DACH2_TAC1","Glut-DACH2-8",0.341735926969523
"SN428_GGTCTGGGTACGAAAT","Ex_DACH2_TAC1","Glut-DACH2-LMANco",0.482694438056638
"SN428_TGTGATGGTTTCACAG","Ex_DACH2_ZMAT4","Glut-DACH2-8",0.871957620773808
"SN428_GAGGCCTTCACCCTGT","Ex_DACH2_TAC1","Glut-DACH2-LMANco",0.334125235035373
"SN428_GTCTGTCTCTGCGGAC","Ex_CACNA1H_MCTP2","Glut-DACH2-4",0.266613409809491
"SN428_GTCTAGATCTCGCAGG","Ex_DACH2_ZMAT4","Glut-DACH2-8",0.799213890384931
"SN428_AGGGAGTAGGTTGACG","Ex_DACH2_CEMIP","Glut-DACH2-6",0.80315873512911
"SN428_TCAGTCCTCATTGCCC","Ex_DACH2_CEMIP","Glut-DACH2-6",0.58133442773695
"SN428_TGGAACTTCAATCTCT","Ex_DACH2_LHX2","Glut-DACH2-2",0.650760352346069
"SN428_TATCAGGAGCGACCCT","Ex_DACH2_TAC1","Glut-DACH2-3",0.54370156053081
"SN428_GGGCTACCACGACAGA","Ex_DACH2_ITGA9","Glut-DACH2-3",0.794454650194746
"SN428_TCTCAGCTCCATACTT","Ex_DACH2_TAC1","Glut-DACH2-8",0.610851500867355
"SN428_GTCTCACAGGCACTAG","Ex_DACH2_CEMIP","Glut-DACH2-6",0.786992759514094
"SN428_CTTAGGAGTATACGGG","Ex_DACH2_NR4A3","Glut-DACH2-7",0.758260031144239
"SN428_TGTACAGAGGACAGCT","Ex_DACH2_CEMIP","Glut-DACH2-6",0.780611969368079
"SN428_GGGTGTCGTGAATTAG","Ex_DACH2_CEMIP","Glut-DACH2-6",0.449405359036361
"SN428_GGGTAGAAGCGGGTTA","Ex_DACH2_ADAMTS5","Glut-DACH2-5",0.408998686574984
"SN428_GGCTTTCGTGACTCTA","Ex_DACH2_LHX2","Glut-DACH2-2",0.329070347171027
"SN428_TTCCGGTGTGTCTTGA","Ex_DACH2_TAC1","Glut-DACH2-3",0.614834507571912
"SN428_GGTGTCGGTATGAAGT","Ex_DACH2_CEMIP","Glut-DACH2-6",0.780582680962857
"SN428_AACCTTTAGCAGTAAT","Ex_DACH2_LHX2","Glut-DACH2-2",0.635204096679062
"SN428_ATCGGATGTTCTGACA","Ex_BCL6","Glut-DACH2-4",0.460734330830226
"SN428_GGCTGTGCAGACCCGT","Ex_DACH2_GRIK4","Glut-DACH2-2",0.461073978136829
"SN428_GGACGTCCAACCGGAA","Ex_DACH2_ITGA9","Glut-DACH2-8",0.329123493821382
"SN428_GCGGATCGTAGCACAG","Ex_DACH2_TAC1","Glut-DACH2-8",0.415060535386599
"SN428_CCTGCATCAGATTAAG","Ex_DACH2_TAC1","Glut-DACH2-8",0.545145462612929
"SN428_TCGATTTGTGTTGAGG","Ex_DACH2_ITGA9","Glut-DACH2-3",0.673722251933168
"SN428_GCATCGGCAGCGGATA","Ex_DACH2_NR4A3","Glut-DACH2-5",0.435281578546973
"SN428_AGTGCCGAGGAAGTAG","Ex_DACH2_TAC1","Glut-DACH2-6",0.422613653063107
"SN428_AATGACCTCTATGCCC","Ex_DACH2_ADAMTS5","Glut-DACH2-7",0.314401286057195
"SN428_ATCGGATTCCTACACC","Ex_DACH2_LHX2","Glut-DACH2-2",0.488803700080256
"SN428_CTTTCAATCGGCTTCT","Ex_DACH2_ADAMTS5","Glut-DACH2-6",0.32769385139185
"SN428_TACCGAAGTTGCCTAA","Ex_DACH2_CEMIP","Glut-DACH2-6",0.631460929667035
"SN428_TCAAGCAGTACTCAAC","Ex_DACH2_ITGA9","Glut-DACH2-6",0.317568233263892
"SN428_ACAGAAACATTGTCGA","Ex_DACH2_ADAMTS5","Glut-DACH2-5",0.461006599886411
"SN428_CCCTGATTCACTGATG","Ex_DACH2_NR4A3","Glut-DACH2-7",0.67990043380508
"SN428_CATAGACAGCGTCTGC","Ex_DACH2_TAC1","Glut-DACH2-8",0.406953438205573
"SN428_ACACAGTTCGCCGAGT","Ex_DACH2_GRIK4","Glut-DACH2-5",0.363372077261657
"SN428_TCGAACAAGACGACTG","Ex_CACNA1H_MCTP2","Glut-DACH2-2",0.294951287445059
"SN428_TCTAACTGTGTCATGT","Ex_DACH2_NR4A3","Glut-DACH2-7",0.59964541915942
"SN428_TGGCGTGCAACTTCTT","Ex_DACH2_LHX2","Glut-DACH2-2",0.446416650461551
"SN428_TCTAACTTCAAGCCCG","Ex_DACH2_ADAMTS5","Glut-DACH2-5",0.463415790531843
"SN428_GAGTTGTAGGCGATAC","Ex_DACH2_ITGA9","Glut-DACH2-2",0.244781113650849
"SN428_TCACAAGGTTAGTTCG","Ex_DACH2_ITGA9","Glut-DACH2-8",0.656511651214103
"SN428_CGGGTGTAGCTGACCC","Ex_DACH2_GRIK4","Glut-DACH2-2",0.440523027083987
"SN428_ATGTCCCCAGGGACTA","Ex_DACH2_NR4A3","Glut-DACH2-7",0.785631704803966
"SN428_AGTCAACGTCACAGTT","Ex_DACH2_ADAMTS5","Glut-DACH2-5",0.537659162416133
"SN428_CTCCTTTGTAATGCTC","Ex_DACH2_TAC1","Glut-DACH2-8",0.491716910850149
"SN428_GGGTCACAGGGCTAAC","Ex_DACH2_ADAMTS5","Glut-DACH2-7",0.639469232624306
"SN428_TGTGCGGGTCTTTCAT","Ex_DACH2_NR4A3","Glut-DACH2-7",0.713798550422132
"SN428_CGGACACAGGTCTTTG","Ex_DACH2_ADAMTS5","Glut-DACH2-5",0.613991866401597
"SN428_CATGCCTGTAGCTGAG","Ex_DACH2_ZMAT4","Glut-DACH2-8",0.876020414003002
"SN428_CGAAGTTAGTGCTCAT","Ex_DACH2_ADAMTS5","Glut-DACH2-5",0.329072183925252
"SN428_TCATATCGTTATGGTC","Ex_DACH2_TAC1","Glut-DACH2-LMANco",0.364125203237207
"SN428_GATAGAAGTTCAACGT","Ex_DACH2_TAC1","Glut-DACH2-LMANco",0.225736349673
"SN428_CTTACCGTCGACATTG","Ex_DACH2_CEMIP","Glut-DACH2-8",0.578719668660771
"SN428_CTCATCGGTGATCGTT","Ex_DACH2_TAC1","Glut-DACH2-3",0.267072812149042
"SN428_TCTATACCACCCTATC","Ex_DACH2_ADAMTS5","Glut-DACH2-7",0.499045982156478
"SN428_AAGTACCCATCGTGCG","Ex_DACH2_ADAMTS5","Glut-DACH2-7",0.783443500860606
"SN428_CGCGTGAAGCAGTCTT","Ex_DACH2_TAC1","Glut-DACH2-6",0.28570806907725
"SN428_AGAAGCGCAGCGGATA","Ex_DACH2_ITGA9","Glut-DACH2-3",0.344092149354699
"SN428_GGAATCTTCCTCGATC","Ex_DACH2_NR4A3","Glut-DACH2-5",0.431894669874163
"SN428_AGAAGTAGTCCTTTGC","Ex_DACH2_ADAMTS5","Glut-DACH2-2",0.271454968613239
"SN428_GTCATTTGTCTGCGCA","Ex_DACH2_ADAMTS5","Glut-DACH2-7",0.606556149815688
"SN428_CTCATGCCACGAAGAC","Ex_DACH2_TAC1","Glut-DACH2-LMANco",0.402423604187816
"SN428_TCTAACTAGGATCATA","Ex_DACH2_TAC1","Glut-DACH2-8",0.343348594479169
"SN428_TCAGCAAAGAAACTCA","Ex_DACH2_NR4A3","Glut-DACH2-1",0.562344816659587
"SN428_TGTTGAGGTAGCACGA","Ex_DACH2_TAC1","Glut-DACH2-LMANco",0.372908651299019
"SN428_GACCGTGCACACCTAA","Ex_DACH2_ADAMTS5","Glut-DACH2-7",0.280690264522322
"SN428_GTAACACGTGCCGTTG","Ex_DACH2_TAC1","Glut-DACH2-8",0.426465337091233
"SN428_ATCACAGGTGTCCGTG","Ex_DACH2_LHX2","Glut-DACH2-1",0.481114173138371
"SN428_TGACGCGCAGTCTACA","Ex_DACH2_ADAMTS5","Glut-DACH2-7",0.289473970148206
"SN428_TCAGCCTTCGTCGACG","Ex_DACH2_ADAMTS5","Glut-DACH2-7",0.644635152113112
"SN428_CACGGGTGTCATTCCC","Ex_DACH2_MGAT4C","Glut-DACH2-7",0.431834338472566
"SN428_GTGCTGGCAATGGCAG","Ex_DACH2_GRIK4","Glut-DACH2-1",0.476209901026388
"SN428_AGATAGAAGTTAGTAG","Ex_DACH2_NR4A3","Glut-DACH2-1",0.401996201336089
"SN428_TTGGGTAGTTTATGCG","Ex_DACH2_GRIK4","Glut-DACH2-2",0.361173585893962
"SN428_CCCTCTCTCCGAGGCT","Ex_DACH2_GRIK4","Glut-DACH2-1",0.49621346268755
"SN428_AGGTTACCAGAGGTTG","Ex_DACH2_MGAT4C","Glut-DACH2-7",0.260355901213642
"SN428_TTCCTAATCGAGAGAC","Ex_DACH2_LHX2","Glut-DACH2-2",0.628680728718531
"SN428_GCAGCTGTCGTGTGGC","Ex_DACH2_LHX2","Glut-DACH2-2",0.573862843399838
"SN428_GAGTTACCACACGGAA","Ex_DACH2_ITGA9","Glut-DACH2-1",0.246554856843784
"SN428_AGAGAATAGTCGGGAT","Ex_DACH2_MGAT4C","Glut-DACH2-2",0.333699990395514
"SN428_AACGAAACACTCTGCT","Ex_DACH2_ITGA9","Glut-DACH2-3",0.395095627358001
"SN428_CAATACGTCGTGCGAC","Ex_DACH2_ZMAT4","Glut-DACH2-8",0.326797970806352
"SN428_GCCGATGCAGCTGAAG","Ex_DACH2_GRIK4","Glut-DACH2-7",0.595039029943225
"SN428_AGGCCACGTACCGCGT","Ex_DACH2_ADAMTS5","Glut-DACH2-5",0.608790747404019
"SN428_GTGTCCTTCGCCTATC","Ex_DACH2_TAC1","Glut-DACH2-8",0.693534420938652
"SN428_ATGAAAGCAAGGTTGG","Ex_DACH2_ADAMTS5","Glut-DACH2-7",0.75657236894672
"SN428_TCACAAGGTAGGGTAC","Ex_DACH2_ITGA9","Glut-DACH2-2",0.630406039312634
"SN428_CACACAAGTAATGTGA","Ex_DACH2_ADAMTS5","Glut-DACH2-5",0.625521897662373
"SN428_CTTCCTTAGTCTGGTT","Ex_DACH2_ITGA9","Glut-DACH2-8",0.737940210648369
"SN428_TTTGATCGTGATTGGG","Ex_DACH2_MGAT4C","Glut-DACH2-5",0.420989247038727
"SN428_CAGAGCCAGGTTCTAC","Ex_DACH2_ADAMTS5","Glut-DACH2-1",0.510581359190179
"SN428_AAGCATCAGTAGAGTT","Ex_DACH2_TAC1","Glut-DACH2-8",0.48184422670683
"SN428_TGAGGAGGTACGGTTT","Ex_DACH2_TAC1","Glut-DACH2-3",0.493278195913758
"SN428_CGAGGAATCGTTCCTG","Ex_DACH2_ADAMTS5","Glut-DACH2-5",0.462267596534095
"SN428_GCCAGTGAGGGTTGCA","Ex_DACH2_NR4A3","Glut-DACH2-1",0.402664060630575
"SN428_ATCGTAGAGCACTGGA","Ex_DACH2_ZMAT4","Glut-DACH2-8",0.612333621751236
"SN428_ACGGAAGAGGGCTTCC","Ex_DACH2_GRIK4","Glut-DACH2-5",0.539148830795815
"SN428_AACAGGGTCTCACCCA","Ex_DACH2_NR4A3","Glut-DACH2-1",0.832269076284032
"SN428_ACCACAATCGAACCAT","Ex_DACH2_LHX2","Glut-DACH2-2",0.540959961028597
"SN428_CCTTTGGCACTGCATA","Ex_DACH2_ITGA9","Glut-DACH2-8",0.280398327219035
"SN428_TGGTTAGAGAGTGTTA","Ex_DACH2_ITGA9","Glut-DACH2-3",0.491986038213754
"SN428_CGAGTTAGTGACCTGC","Ex_DACH2_ADAMTS5","Glut-DACH2-7",0.403130731384521
"SN428_GTTACGATCCATCTCG","Ex_DACH2_ADAMTS5","Glut-DACH2-7",0.472935389232057
"SN428_GGCGTCAGTTCACGAT","Ex_DACH2_ITGA9","Glut-DACH2-6",0.409351597800348
"SN428_AGTGATCAGGTATAGT","Ex_DACH2_TAC1","Glut-DACH2-3",0.376321063569421
"SN428_TGCGGCACACAGTCGC","Ex_DACH2_NR4A3","Glut-DACH2-7",0.517913736126093
"SN428_CTGCGAGAGAGCGACT","Ex_DACH2_MGAT4C","Glut-DACH2-1",0.314361203042424
"SN428_TGGGTTAAGCCGGATA","Ex_DACH2_NR4A3","Glut-DACH2-7",0.597350241161646
"SN428_CATGGATCATCGGAGA","Ex_DACH2_ITGA9","Glut-DACH2-3",0.923378084525508
"SN428_ACCGTTCTCCACTGAA","Ex_DACH2_NR4A3","Glut-DACH2-1",0.731393717607344
"SN428_GGGCTCACAACAGAGC","Ex_DACH2_CEMIP","Glut-DACH2-6",0.679449526560078
"SN428_GTTGAACCAGAGGACT","Ex_DACH2_MGAT4C","Glut-DACH2-HVCra-Int",0.406619347707472
"SN428_AATGCCATCCATCTGC","Ex_DACH2_ITGA9","Glut-DACH2-HVCra-Int",0.427299285331441
"SN428_ATGAGGGAGTTGTACC","Ex_DACH2_LHX2","Glut-DACH2-2",0.581319883575812
"SN428_GTCTTTACATGGCGCT","Ex_DACH2_CEMIP","Glut-DACH2-8",0.848031538446623
"SN428_GGTTAACTCTGGGCCA","Ex_DACH2_TAC1","Glut-DACH2-LMANco",0.290707504140969
"SN428_GATAGAAAGAAGCGGG","Ex_DACH2_ITGA9","Glut-DACH2-3",0.825982161846535
"SN428_GCATTAGAGCCTCGTG","Ex_DACH2_ADAMTS5","Glut-DACH2-7",0.47192858108299
"SN428_TCGGGTGAGATACAGT","Ex_DACH2_ZMAT4","Glut-DACH2-8",0.800803356436118
"SN428_ATCCGTCGTTGCATGT","Ex_DACH2_CEMIP","Glut-DACH2-2",0.262840553736108
"SN438_CTAACCCAGCACAAAT","Ex_Pre_KCNH7","Glut-DACH2-HVCx",0.605727478573211
"SN438_GTCAAGTAGGTTGGAC","Ex_Pre_KCNH7","Glut-CACNA1H-3",0.234730517630226
"SN438_CTCATTACAATACCTG","Ex_Pre_KCNH7","Glut-DACH2-HVCx",0.535433189556167
"SN438_TGTGCGGTCAAGGCTT","Ex_Pre_KCNH7","Glut-DACH2-HVCx",0.485528364053001
"SN438_CAACAGTTCGTGGGTC","Ex_Pre_KCNH7","Glut-DACH2-HVCx",0.705552119291435
"SN438_ATCCTATCAAGGGCAT","Ex_Pre_SATB2","Glut-DACH2-HVCra-Int",0.334411803747711
"SN438_GTAATCGTCAGTGATC","Ex_Pre_KCNH7","Glut-DACH2-HVCra",0.518694194673075
"SN438_TCCCATGTCTGTCCCA","Ex_Pre_SATB2","Glut-DACH2-HVCra-Int",0.325903358508655
"SN438_TTGCTGCTCATTTACC","Ex_Pre_SATB2","Glut-CACNA1H-3",0.2942363910606
"SN438_CTCCCTCGTTGTGTTG","Ex_Pre_KCNH7","Glut-DACH2-HVCx",0.799862608713184
"SN438_AGGCATTAGCCTATCA","Ex_Pre_SATB2","Glut-CACNA1H-3",0.335097262977251
"SN438_TGTAGACAGCGCCTCA","Ex_Pre_KCNH7","Glut-DACH2-HVCx",0.761153247191382
"SN438_GCACGTGCAGCGCGTT","Ex_Pre_SATB2","Glut-CACNA1H-3",0.277831690529671
"SN438_TACTTACGTCTCCTGT","Ex_Pre_SATB2","Glut-CACNA1H-3",0.377430612156877
"SN438_ATCCATTAGGCACTCC","Ex_Pre_SATB2","Glut-DACH2-6",0.341377912102142
"SN438_CCCAACTCAGATTCGT","Ex_Pre_SATB2","Glut-CACNA1H-3",0.302734610198926
"SN438_ACTATCTAGTTTAGGA","Ex_Pre_SATB2","Glut-DACH2-HVCx",0.605038003881848
"SN438_CATACAGAGGGAACAA","Ex_Pre_KCNH7","Glut-DACH2-HVCx",0.785507054595292
"SN438_GACCGTGTCTAGACAC","Ex_Pre_KCNH7","Glut-DACH2-HVCx",0.780081487826468
"SN438_CATTTCAAGCCATCCG","Ex_Pre_SATB2","Glut-DACH2-4",0.216633008445769
"SN438_TCGAACATCGTGGAAG","Ex_Pre_SATB2","Glut-CACNA1H-3",0.263988388463145
"SN438_CTACTATGTAGCCCTG","Ex_Pre_KCNH7","Glut-CACNA1H-3",0.226636721172093
"SN438_AGGGCCTCAAGTTTGC","Ex_Pre_SATB2","Glut-DACH2-HVCra-Int",0.246312689154688
"SN438_GCCAGGTAGCGCCTTG","Ex_Pre_SATB2","Glut-DACH2-4",0.263510004554729
"SN438_GCTGCAGGTACTCCGG","Ex_Pre_SATB2","Glut-DACH2-HVCra-Int",0.26052640317228
"SN438_TGGGTTACACCTGCTT","Ex_Pre_KCNH7","Glut-DACH2-HVCx",0.435870024514328
"SN438_CCTGTTGGTCGACTTA","Ex_Pre_KCNH7","Glut-DACH2-6",0.191800097766791
"SN438_TCGGATAGTACAATAG","Ex_Pre_KCNH7","Glut-DACH2-HVCx",0.259851553457578
"SN438_TGAACGTTCTGCGGGT","Ex_Pre_KCNH7","Glut-DACH2-HVCx",0.577122168064696
"SN438_AATGGCTTCTATACTC","Ex_Pre_KCNH7","Glut-DACH2-HVCx",0.575062167833974
"SN438_ATACCGAGTCGATGCC","Ex_Pre_KCNH7","Glut-CACNA1H-2",0.199982178228854
"SN438_ACTTAGGGTATGGAAT","Ex_Pre_KCNH7","Glut-DACH2-HVCx",0.791611320814235
"SN438_TATGTTCCAACCCTAA","Ex_Pre_KCNH7","Glut-DACH2-HVCra-Int",0.219679085169371
"SN438_CTACGGGCACGCGCAT","Ex_Pre_KCNH7","Glut-DACH2-6",0.295060397773152
"SN438_ACGTAACCATCGATAC","Ex_Pre_SATB2","Glut-CACNA1H-3",0.381667629271051
"SN438_CATCCCAGTTTAGTCG","Ex_Pre_KCNH7","Glut-DACH2-1",0.221633251982063
"SN438_GCACTAAGTCATGGCC","Ex_Pre_KCNH7","Glut-DACH2-HVCra-Int",0.210176625685544
"SN438_CCAATGAAGCCTGAAG","Ex_Pre_SATB2","Glut-CACNA1H-3",0.346968019690653
"SN438_GGGATCCTCTGGACCG","Ex_Pre_KCNH7","Glut-DACH2-6",0.32790854369936
"SN438_GCTCAAAGTTCGGTCG","Ex_Pre_SATB2","Glut-DACH2-2",0.347406756744867
"SN438_ACACAGTAGCAGCGAT","Ex_Pre_KCNH7","Glut-CACNA1H-3",0.271440186162904
"SN438_GAGACCCGTTCTCGTC","Ex_Pre_SATB2","Glut-CACNA1H-3",0.338113955846788
"SN438_CTTCCGAGTCGAGTGA","Ex_Pre_KCNH7","Glut-DACH2-HVCx",0.416540179485977
"SN438_ATTCAGGCATGTTCGA","Ex_Pre_KCNH7","Glut-DACH2-6",0.404811017795322
"SN438_GTTGAACCAAGTTCCA","Ex_Pre_KCNH7","Glut-CACNA1H-3",0.276952353134704
"SN438_TCATTCATCACTGGTA","Ex_Pre_SATB2","Glut-CACNA1H-3",0.305067387918072
"SN438_TTAGGCAAGGGTACAC","Ex_Pre_SATB2","Glut-CACNA1H-3",0.243114240192197
"SN438_AGACAGGTCCGTATGA","Ex_Pre_KCNH7","Glut-CACNA1H-3",0.269734658745961
"SN438_CAGGCCAAGCTGACTT","Ex_Pre_KCNH7","Glut-DACH2-6",0.282778422031239
"SN438_ATCGTGAGTTCCGCAG","Ex_Pre_SATB2","Glut-CACNA1H-3",0.370126691173982
"SN438_ATTATCCAGCTGGTGA","Ex_Pre_SATB2","Glut-CACNA1H-3",0.301671895514165
"SN438_TGTTCCGGTCGAGCTC","Ex_Pre_SATB2","Glut-DACH2-3",0.3680651397111
"SN438_TGCGATACATCGGAAG","Ex_Pre_KCNH7","Glut-DACH2-HVCx",0.257235698302139
"SN438_ATACCGAGTTAAACAG","Ex_Pre_KCNH7","Glut-DACH2-HVCx",0.352888270707925
"SN438_TCGCAGGCACCCTATC","Ex_Pre_SATB2","Glut-DACH2-1",0.407641671343123
"SN438_AATGGAATCGCGTTTC","Ex_Pre_KCNH7","Glut-CACNA1H-3",0.312723401261405
"SN438_CTGGACGAGTGGCAGT","Ex_Pre_KCNH7","Glut-DACH2-6",0.206185783659203
"SN438_TGCTTCGAGGCTTTCA","Ex_Pre_KCNH7","Glut-CACNA1H-2",0.336464160493459
"SN438_TGATTCTGTGGATGAC","Ex_Pre_KCNH7","Glut-CACNA1H-3",0.366340994552035
"SN438_ATCCACCAGTCTTGGT","Ex_Pre_KCNH7","Glut-DACH2-HVCx",0.69396424423587
"SN438_CTGCTCAAGCTGCCTG","Ex_Pre_KCNH7","Glut-DACH2-HVCx",0.356289090995536
"SN438_CTCAAGAGTGTGAATA","Ex_Pre_SATB2","Glut-CACNA1H-2",0.230874980051087
"SN438_CTGTACCAGTAGGAAG","Ex_Pre_KCNH7","Glut-DACH2-2",0.155261408219243
"SN438_CGAGTGCAGGAACGCT","Ex_DACH2_GRIK4","Glut-DACH2-7",0.420949744913807
"SN438_ACAAAGATCAACTACG","Ex_BCL6","Glut-DACH2-3",0.829942514440925
"SN438_GATGATCTCTCGAACA","Ex_DACH2_CEMIP","Glut-DACH2-6",0.751932810767155
"SN438_ACTGCAAGTAAGATCA","Ex_DACH2_CEMIP","Glut-DACH2-6",0.800101098735906
"SN438_CTGAATGTCCGATAAC","Ex_DACH2_ZMAT4","Glut-DACH2-8",0.942365224152436
"SN438_ACTGCAATCCTGATAG","Ex_DACH2_ZMAT4","Glut-DACH2-8",0.885678812184304
"SN438_CCTCAACCAGTTAAAG","Ex_BCL6","Glut-DACH2-HVCra",0.364918168213904
"SN438_CAGGCCATCACACGAT","Ex_DACH2_ADAMTS5","Glut-DACH2-8",0.329606082085185
"SN438_AGATAGATCCAGTACA","Ex_DACH2_NR4A3","Glut-DACH2-7",0.586220326589859
"SN438_TGTCCTGTCCTCTCTT","Ex_BCL6","Glut-DACH2-3",0.543271652043862
"SN438_GAGACTTTCACCATGA","Ex_DACH2_CEMIP","Glut-DACH2-6",0.843468357412426
"SN438_CTGCCTAAGCTTCGTA","Ex_DACH2_ZMAT4","Glut-DACH2-3",0.48999027841956
"SN438_TCCCACAAGTGTCATC","Ex_DACH2_CEMIP","Glut-DACH2-6",0.714527721371748
"SN438_TCCTCTTGTACCCACG","Ex_DACH2_GRIK4","Glut-DACH2-1",0.483474181578455
"SN438_TGGATCAGTTTACTGG","Ex_DACH2_CEMIP","Glut-DACH2-6",0.83028186497868
"SN438_TTCCACGGTGGTGATG","Ex_BCL6","Glut-DACH2-HVCra",0.34840955981686
"SN438_TATCCTATCCAACCGG","Ex_BCL6","Glut-DACH2-3",0.461124865828213
"SN438_ACTACGACAAGCACAG","Ex_BCL6","Glut-DACH2-6",0.34073097919714
"SN438_TCACTATCACCTGCAG","Ex_DACH2_CEMIP","Glut-DACH2-3",0.529964855480126
"SN438_AAGCCATCATCGCTCT","Ex_DACH2_ADAMTS5","Glut-DACH2-7",0.582200390899849
"SN438_GCCCAGATCGTCGCTT","Ex_DACH2_CEMIP","Glut-DACH2-6",0.711398859787423
"SN438_TACGTCCTCCCAATAG","Ex_DACH2_ITGA9","Glut-DACH2-8",0.674238497508223
"SN438_TCATGGACATAATGCC","Ex_DACH2_CEMIP","Glut-DACH2-6",0.868098494880019
"SN438_TGAGGTTTCTGGGCCA","Ex_DACH2_GRIK4","Glut-DACH2-1",0.465245392184333
"SN438_CTTCGGTAGCCTGACC","Ex_BCL6","Glut-DACH2-6",0.864688631242146
"SN438_AGTAACCTCATTACCT","Ex_DACH2_LHX2","Glut-DACH2-1",0.530455864376888
"SN438_CGACAGCTCCAGCTCT","Ex_DACH2_ITGA9","Glut-DACH2-3",0.919163191891822
"SN438_CCGCAAGTCACTAGCA","Ex_DACH2_CEMIP","Glut-DACH2-6",0.952054612813045
"SN438_GGGAGTAAGACCAAAT","Ex_DACH2_CEMIP","Glut-DACH2-6",0.977023543959724
"SN438_CATTCTACACAGTGAG","Ex_DACH2_NR4A3","Glut-DACH2-1",0.605237247243493
"SN438_AGTGCCGAGTGTAGTA","Ex_BCL6","Glut-DACH2-HVCra",0.913960004226905
"SN438_GGGTATTCACCTATCC","Ex_DACH2_CEMIP","Glut-DACH2-6",0.7066657543709
"SN438_CGGAATTAGTGAGGTC","Ex_DACH2_ZMAT4","Glut-DACH2-8",0.872873804359602
"SN438_TCATTCAAGCTGAAGC","Ex_BCL6","Glut-DACH2-3",0.70108568904752
"SN438_AAGCGTTAGCATATGA","Ex_BCL6","Glut-DACH2-HVCra",0.901574842465975
"SN438_GGGATCCCACCAGCCA","Ex_DACH2_CEMIP","Glut-DACH2-6",0.884679008445715
"SN438_TGCGACGCATTCACAG","Ex_DACH2_ZMAT4","Glut-DACH2-3",0.985716102280579
"SN438_CATAGACGTATCTCGA","Ex_DACH2_CEMIP","Glut-DACH2-6",0.971195616097425
"SN438_CTGAGGCAGCAAACAT","Ex_BCL6","Glut-DACH2-3",0.460934841905148
"SN438_ATGGGTTTCGCTTAAG","Ex_BCL6","Glut-DACH2-3",0.362282776855295
"SN438_CCTTCAGTCACTGCTC","Ex_BCL6","Glut-DACH2-6",0.540463503076057
"SN438_TGACCCTCAAACTCTG","Ex_BCL6","Glut-DACH2-6",0.394047099336669
"SN438_TGATCAGAGCAGAAAG","Ex_DACH2_ADAMTS5","Glut-DACH2-7",0.396593010268304
"SN438_GTTGTGACAAGGACAC","Ex_DACH2_GRIK4","Glut-DACH2-5",0.630767982880491
"SN438_TGGATCACAATCTGCA","Ex_DACH2_CEMIP","Glut-DACH2-6",0.966659305660907
"SN438_GTCCTCACAGCGGTCT","Ex_DACH2_TAC1","Glut-DACH2-8",0.752317596973488
"SN438_GAAGGACCACATGTTG","Ex_BCL6","Glut-DACH2-3",0.553802071097717
"SN438_GGGACCTAGCAAGTCG","Ex_DACH2_LHX2","Glut-DACH2-1",0.854584532975011
"SN438_TACACCCGTTTCACTT","Ex_DACH2_CEMIP","Glut-DACH2-6",0.524035634152121
"SN438_AGCGTATAGAAGTCAT","Ex_DACH2_ZMAT4","Glut-DACH2-3",0.971593478686189
"SN438_GCGTGCAGTGTCTTCC","Ex_BCL6","Glut-DACH2-HVCra",0.420199928406855
"SN438_CCATCACTCCTAGCTC","Ex_DACH2_NR4A3","Glut-DACH2-7",0.490343988358846
"SN438_GTCACTCTCGCGTGCA","Ex_BCL6","Glut-DACH2-3",0.565022368047987
"SN438_GAATCGTAGGGTGAGG","Ex_DACH2_NR4A3","Glut-DACH2-1",0.498597329162821
"SN438_GTCGAATAGGCGTCCT","Ex_DACH2_ZMAT4","Glut-DACH2-8",0.932057097182468
"SN438_CTTCGGTAGGCTTTCA","Ex_DACH2_CEMIP","Glut-DACH2-6",0.892578728294978
"SN438_TCGACGGCAAGGTCAG","Ex_DACH2_ZMAT4","Glut-DACH2-3",0.466644029277187
"SN438_CTGAGCGTCCCTCATG","Ex_BCL6","Glut-DACH2-3",0.62138276377989
"SN438_CGTTAGACAACCCTCT","Ex_DACH2_CEMIP","Glut-DACH2-6",0.873783394476866
"SN438_GAAGCGAAGTAGCTCT","Ex_BCL6","Glut-DACH2-HVCra",0.816678825519502
"SN438_AGCGCCACAAACCATC","Ex_BCL6","Glut-DACH2-HVCra",0.852475335226751
"SN438_TGTGCGGGTCCGGCAT","Ex_DACH2_CEMIP","Glut-DACH2-6",0.575835189245664
"SN438_GTGGCGTGTGGTCCGT","Ex_DACH2_ITGA9","Glut-DACH2-3",0.692863057489322
"SN438_CTGCAGGCAGGCTATT","Ex_DACH2_ZMAT4","Glut-DACH2-6",0.37550771247067
"SN438_TACCTCGCACTTCCTG","Ex_DACH2_CEMIP","Glut-DACH2-6",1
"SN438_CATACTTTCACACCCT","Ex_DACH2_NR4A3","Glut-DACH2-1",0.783005902894612
"SN438_GATCATGTCCATCTAT","Ex_DACH2_CEMIP","Glut-DACH2-8",0.605877287465334
"SN438_GTTGTAGTCGAAGCCC","Ex_DACH2_ZMAT4","Glut-DACH2-8",0.920089980116136
"SN438_GAGGGATCACCTGAAT","Ex_DACH2_TAC1","Glut-DACH2-3",0.806040883987697
"SN438_ATCGGATTCGAATGCT","Ex_BCL6","Glut-DACH2-6",0.436348232289897
"SN438_CGGACACTCACAAGGG","Ex_DACH2_CEMIP","Glut-DACH2-6",0.901671683389662
"SN438_CTCCTCCAGTGTTCAC","Ex_BCL6","Glut-DACH2-6",0.566891653214774
"SN438_GGCTTTCGTGAACGGT","Ex_DACH2_ADAMTS5","Glut-DACH2-5",0.719238003471593
"SN438_AGTCTCCTCGCACTCT","Ex_BCL6","Glut-DACH2-HVCra",0.789799884257064
"SN438_GGGACAATCATCACAG","Ex_DACH2_NR4A3","Glut-DACH2-7",0.596012649787518
"SN438_AGTGACTCAGTAACCT","Ex_DACH2_TAC1","Glut-DACH2-8",0.384472746660936
"SN438_GTGGAGACAGGAGGAG","Ex_DACH2_GRIK4","Glut-DACH2-7",0.739227206686472
"SN438_TCAAGCAAGTTTCAGC","Ex_DACH2_ADAMTS5","Glut-DACH2-5",0.406661222675652
"SN438_TCGCTTGTCCACCTCA","Ex_DACH2_ZMAT4","Glut-DACH2-8",0.784344351376498
"SN438_GGTGAAGAGAGAACCC","Ex_BCL6","Glut-DACH2-6",0.497060512570687
"SN438_TTTCGATCACTAGTAC","Ex_DACH2_MGAT4C","Glut-DACH2-7",0.658943231259131
"SN438_AAGCCATGTCTCACGG","Ex_DACH2_ADAMTS5","Glut-DACH2-6",0.370032628951459
"SN438_GATGTTGAGGCGTTAG","Ex_BCL6","Glut-DACH2-6",0.456938930710227
"SN438_ACATGCAGTCTGTGGC","Ex_BCL6","Glut-DACH2-3",0.889051181001897
"SN438_TACCGAAAGGCTTCCG","Ex_BCL6","Glut-DACH2-HVCra",0.651395153288469
"SN438_CTTGATTAGTTGTCAC","Ex_BCL6","Glut-DACH2-HVCra",0.8877554794996
"SN438_TTCCTCTAGGAGTACC","Ex_BCL6","Glut-DACH2-6",0.276857675383728
"SN438_TGGAACTTCTTGTGCC","Ex_DACH2_CEMIP","Glut-DACH2-6",0.866880952809831
"SN438_TCGAAGTAGAAGTGTT","Ex_DACH2_LHX2","Glut-DACH2-1",0.862996235470845
"SN438_TGATCTTTCAGCCTCT","Ex_DACH2_CEMIP","Glut-DACH2-6",0.638612134983017
"SN438_GTTACAGGTGATCATC","Ex_DACH2_TAC1","Glut-DACH2-8",0.76405124688679
"SN438_CCTCCAAGTCGAAGCA","Ex_DACH2_CEMIP","Glut-DACH2-6",0.941031764525023
"SN438_ACACAGTCAACCCGCA","Ex_DACH2_TAC1","Glut-DACH2-6",0.564290046264169
"SN438_GGGTTTAGTCGTCTCT","Ex_DACH2_TAC1","Glut-DACH2-8",0.76104472711139
"SN438_ATGAGTCGTCCCGTGA","Ex_DACH2_ITGA9","Glut-DACH2-8",0.765055083948289
"SN438_GTGACGCCAACGGGTA","Ex_BCL6","Glut-DACH2-3",0.965135638906532
"SN438_AGGACGAAGCCTGAGA","Ex_DACH2_CEMIP","Glut-DACH2-1",0.477796391671753
"SN438_ACACAGTTCAGGCGAA","Ex_DACH2_TAC1","Glut-DACH2-8",0.581149837827862
"SN438_AATCGTGAGATTGAGT","Ex_DACH2_ADAMTS5","Glut-DACH2-5",0.567842632401837
"SN438_TGATCTTAGTAGGGTC","Ex_DACH2_GRIK4","Glut-DACH2-7",0.756478148715124
"SN438_CGTAAGTAGCCTCTGG","Ex_DACH2_LHX2","Glut-DACH2-7",0.449053567573088
"SN438_GAGTTTGCAAACCATC","Ex_DACH2_GRIK4","Glut-DACH2-7",0.855059919038407
"SN438_AACGGGAAGATGCTGG","Ex_BCL6","Glut-DACH2-HVCra",0.90808780972721
"SN438_TCATGTTGTAGACGGT","Ex_BCL6","Glut-DACH2-HVCra",0.727260525145762
"SN438_TTGTTCAAGAATCGTA","Ex_BCL6","Glut-DACH2-HVCra",0.90312167552083
"SN438_GTCCACTTCTTGGATG","Ex_DACH2_TAC1","Glut-DACH2-3",0.592893036582281
"SN438_AAAGGTAAGACTTCAC","Ex_BCL6","Glut-DACH2-6",0.432084442636304
"SN438_ACCTGTCGTTGTCCCT","Ex_BCL6","Glut-DACH2-HVCx",0.496677897663315
"SN438_CCGATCTCAGCACACC","Ex_BCL6","Glut-DACH2-1",0.282388964119811
"SN438_TTGAACGTCCTCTTTC","Ex_DACH2_CEMIP","Glut-DACH2-6",0.849552093957507
"SN438_GTCAGCGCACTTGGGC","Ex_DACH2_TAC1","Glut-DACH2-3",0.836009933139023
"SN438_CTATAGGCATATAGCC","Ex_BCL6","Glut-DACH2-3",0.553594556162747
"SN438_GAGTCATAGGTCATTC","Ex_DACH2_ADAMTS5","Glut-DACH2-7",0.56202128078188
"SN438_GCAACCGGTAATGTGA","Ex_DACH2_CEMIP","Glut-DACH2-6",0.977249655372044
"SN438_ACTATGGGTAGGACCA","Ex_BCL6","Glut-DACH2-3",0.979209018642434
"SN438_GAGTCATGTTGCCGAC","Ex_DACH2_ITGA9","Glut-DACH2-2",0.392329016396644
"SN438_AACAAAGAGACTTAAG","Ex_BCL6","Glut-DACH2-3",0.789481912084657
"SN438_TCTACCGTCCGGCAGT","Ex_BCL6","Glut-DACH2-6",0.344843225091785
"SN438_ACTGATGAGCTGTCCG","Ex_DACH2_CEMIP","Glut-DACH2-7",0.45947348996341
"SN438_ATTTCTGCAGTTAGGG","Ex_DACH2_ADAMTS5","Glut-DACH2-5",0.654137828031658
"SN438_ATCAGGTCAGACATCT","Ex_BCL6","Glut-DACH2-1",0.552202442045914
"SN438_GAGGGTAGTTCGTACA","Ex_DACH2_GRIK4","Glut-DACH2-5",0.374813101468217
"SN438_GTAACACCAAAGCAAT","Ex_DACH2_ZMAT4","Glut-DACH2-8",0.599883155585465
"SN438_ACCTGAACATCGGAGA","Ex_BCL6","Glut-DACH2-HVCx",0.342810560429438
"SN438_AGGCCACCACTTCAGA","Ex_DACH2_ZMAT4","Glut-DACH2-8",0.709129817197035
"SN438_GCAACATCAAGAGATT","Ex_BCL6","Glut-DACH2-HVCra",0.871843812212321
"SN438_TACCCGTAGACGCATG","Ex_DACH2_ZMAT4","Glut-DACH2-8",0.503183703881722
"SN438_ATGGAGGGTAGAGGAA","Ex_DACH2_TAC1","Glut-DACH2-8",0.534976801691326
"SN438_ACCCTTGGTACCCAGC","Ex_BCL6","Glut-DACH2-6",0.737872841984336
"SN438_CATCAAGTCCTTATAC","Ex_BCL6","Glut-DACH2-3",0.84444011229293
"SN438_TACCCGTGTTGATGTC","Ex_BCL6","Glut-DACH2-6",0.524265183365065
"SN438_CAAAGAATCTCCTGAC","Ex_DACH2_LHX2","Glut-DACH2-2",0.493546764144774
"SN438_GACTGATGTCATCGGC","Ex_BCL6","Glut-DACH2-HVCra",0.560915634532687
"SN438_TGAGGGAAGGTAGGCT","Ex_DACH2_ITGA9","Glut-DACH2-8",0.705534140651197
"SN438_GTTCGCTAGCCATTCA","Ex_DACH2_MGAT4C","Glut-DACH2-HVCra-Int",0.339785997824354
"SN438_CCTCCTCGTTCCGTTC","Ex_DACH2_ITGA9","Glut-DACH2-3",0.828755337193448
"SN438_TCGAAGTGTCTACATG","Ex_DACH2_CEMIP","Glut-DACH2-6",0.683739508328884
"SN438_TTCAATCCAATGAAAC","Ex_BCL6","Glut-DACH2-3",0.941180468320923
"SN438_CTCAAGAGTACCGTGC","Ex_BCL6","Glut-DACH2-HVCra",0.920333656128434
"SN438_CAATTTCCATACTGTG","Ex_DACH2_LHX2","Glut-DACH2-1",0.727040740594869
"SN438_TTCGGTCGTCTGTCCT","Ex_DACH2_CEMIP","Glut-DACH2-6",0.812170383499334
"SN438_GGTGAAGAGCGCTTCG","Ex_DACH2_ITGA9","Glut-DACH2-8",0.615231706737563
"SN438_CAACGATGTTGATGTC","Ex_DACH2_TAC1","Glut-DACH2-8",0.579782204127088
"SN438_ACGTAGTTCGCGGTAC","Ex_DACH2_ITGA9","Glut-DACH2-3",0.762605591576983
"SN438_CAAGGGAGTGCATACT","Ex_DACH2_ADAMTS5","Glut-DACH2-7",0.542761896089832
"SN438_TTACTGTGTAGTGATA","Ex_BCL6","Glut-DACH2-HVCx",0.373262205381341
"SN438_CTCAACCTCATCACAG","Ex_DACH2_NR4A3","Glut-DACH2-1",0.656347622291335
"SN438_TGCATGAAGTCGTCTA","Ex_BCL6","Glut-DACH2-HVCra",0.877441858143864
"SN438_GGGCGTTTCTCGTTTA","Ex_DACH2_GRIK4","Glut-DACH2-1",0.638687143044123
"SN438_CAAGCTAGTACGACTT","Ex_DACH2_ADAMTS5","Glut-DACH2-5",0.612323191799303
"SN438_TCCGTGTGTGACATCT","Ex_DACH2_TAC1","Glut-DACH2-3",0.43739481413777
"SN438_TGGGAAGAGGGCTTCC","Ex_DACH2_TAC1","Glut-DACH2-3",0.902051261326448
"SN438_AATGCCAAGGCAGCTA","Ex_BCL6","Glut-DACH2-3",0.875030662698361
"SN438_ATAGAGATCTGCTTTA","Ex_BCL6","Glut-DACH2-HVCra",0.818365600024162
"SN438_TTACGCCAGAAGCCTG","Ex_BCL6","Glut-DACH2-HVCx",0.36901663100616
"SN438_ATTCCCGGTCTTGTCC","Ex_DACH2_ADAMTS5","Glut-DACH2-5",0.568298041503345
"SN438_TAGTGCACAACAGATA","Ex_DACH2_ZMAT4","Glut-DACH2-8",0.881997482994397
"SN438_CTCCATGTCAGCAATC","Ex_DACH2_TAC1","Glut-DACH2-8",0.384021363286751
"SN438_TCCAGAACATGACTTG","Ex_DACH2_ITGA9","Glut-DACH2-3",0.771636714814212
"SN438_ACATCCCCAGGGTCTC","Ex_DACH2_TAC1","Glut-DACH2-6",0.511503500401897
"SN438_TCTATACGTCACCGAC","Ex_BCL6","Glut-DACH2-3",0.715596612165497
"SN438_GTTACGAGTCTGTCCT","Ex_BCL6","Glut-DACH2-3",0.562791966697399
"SN438_GATGTTGGTAGAAACT","Ex_DACH2_TAC1","Glut-DACH2-3",0.481193932355182
"SN438_CACGTTCCAGGAATAT","Ex_BCL6","Glut-DACH2-4",0.288199123795922
"SN438_CGGACACGTTTGGGTT","Ex_DACH2_CEMIP","Glut-DACH2-6",0.87437087738798
"SN438_CGTCCATTCGCAGAGA","Ex_DACH2_GRIK4","Glut-DACH2-1",0.735185201651749
"SN438_GGAATGGCACAAACGG","Ex_DACH2_NR4A3","Glut-DACH2-1",0.694044848576708
"SN438_TCATTTGGTAGTTCCA","Ex_DACH2_CEMIP","Glut-DACH2-6",0.987084301813809
"SN438_GCCATTCCATGGTGGA","Ex_BCL6","Glut-DACH2-HVCra",0.778590902177123
"SN438_ATATCCTTCGACACCG","Ex_DACH2_TAC1","Glut-DACH2-8",0.404886884631985
"SN438_ACCATTTAGTGATAGT","Ex_DACH2_ADAMTS5","Glut-DACH2-7",0.509572756754602
"SN438_AATGGCTGTCGCTGCA","Ex_DACH2_ADAMTS5","Glut-DACH2-6",0.465145222109646
"SN438_GGAGATGAGAAGCCTG","Ex_DACH2_CEMIP","Glut-DACH2-1",0.319168454147734
"SN438_ACTATCTTCCAAGCAT","Ex_BCL6","Glut-DACH2-6",0.617283808826275
"SN438_TCAAGTGGTCATCCCT","Ex_BCL6","Glut-DACH2-6",0.483066348841865
"SN438_TCCACGTGTTAAGGGC","Ex_BCL6","Glut-DACH2-6",0.541341058168725
"SN438_CACCAAACAGTATGAA","Ex_DACH2_ADAMTS5","Glut-DACH2-5",0.565616374659035
"SN438_CACTGTCCACCAATTG","Ex_DACH2_CEMIP","Glut-DACH2-4",0.366675555539033
"SN438_ATAGAGAAGGCACTAG","Ex_DACH2_ADAMTS5","Glut-DACH2-5",0.599161396770529
"SN438_GCTGGGTAGCTAGCCC","Ex_DACH2_TAC1","Glut-DACH2-3",0.525252607794737
"SN438_GGCTTGGGTGTCATTG","Ex_DACH2_TAC1","Glut-DACH2-3",0.629244616179814
"SN438_AACAACCAGACCAACG","Ex_BCL6","Glut-DACH2-3",0.536602373295534
"SN438_GAAACCTTCACACCCT","Ex_DACH2_ITGA9","Glut-DACH2-5",0.472960360980067
"SN438_CATGCAATCCAAAGGG","Ex_DACH2_TAC1","Glut-DACH2-8",0.604281020364363
"SN438_CGCCAGATCGAGTGAG","Ex_DACH2_ZMAT4","Glut-DACH2-8",0.550875640319289
"SN438_AGGACTTAGGCACGAT","Ex_BCL6","Glut-DACH2-HVCra",0.324130668541507
"SN438_GTGGGAAAGCAATAGT","Ex_DACH2_ZMAT4","Glut-DACH2-3",0.871658196589492
"SN438_GGAGAACAGGATTACA","Ex_BCL6","Glut-DACH2-HVCx",0.221032277307403
"SN438_TACTTACTCCTCTAGC","Ex_DACH2_ZMAT4","Glut-DACH2-8",0.933185299141823
"SN438_TTTGGAGGTTTGGAGG","Ex_BCL6","Glut-DACH2-HVCx",0.451378412376497
"SN438_ATACCTTGTTACGGAG","Ex_DACH2_TAC1","Glut-DACH2-3",0.54490960567199
"SN438_AGTCACATCGGAACTT","Ex_DACH2_GRIK4","Glut-DACH2-1",0.544017458763057
"SN438_CATCGCTAGTCTGCAT","Ex_DACH2_CEMIP","Glut-DACH2-6",0.937469707277472
"SN438_TTGAACGGTGTCCGTG","Ex_DACH2_GRIK4","Glut-DACH2-5",0.483421517954101
"SN438_GCCAACGTCAAGGAGC","Ex_BCL6","Glut-DACH2-6",0.223956833827918
"SN438_CTTCCTTAGAATAACC","Ex_DACH2_GRIK4","Glut-DACH2-2",0.333767742539051
"SN438_GCATCTCGTAGACGTG","Ex_DACH2_CEMIP","Glut-DACH2-3",0.415524985097873
"SN438_GAGTTACCAGGCCTGT","Ex_BCL6","Glut-DACH2-6",0.755559469365999
"SN438_TAAGCGTGTGGGACAT","Ex_DACH2_TAC1","Glut-DACH2-3",0.316411414299512
"SN438_AAGGTAAAGATGCTGG","Ex_DACH2_LHX2","Glut-DACH2-2",0.334954178998726
"SN438_CAAGGGACATTAAAGG","Ex_DACH2_ITGA9","Glut-DACH2-6",0.184293909051251
"SN438_TCCATCGCATCTGTTT","Ex_DACH2_LUZP2","Glut-DACH2-HVCra",0.531357986306784
"SN438_ACGATGTGTCTTCCGT","Ex_BCL6","Glut-DACH2-8",0.242204428990346
"SN438_CTCTCAGAGTGAATAC","Ex_DACH2_ZMAT4","Glut-DACH2-8",0.683614901493353
"SN438_GAGGCAACACACACTA","Ex_BCL6","Glut-DACH2-6",0.27747017933742
"SN438_CAAAGAAAGCACACCC","Ex_DACH2_RORB","Glut-DACH2-3",0.303827497717728
"SN532_ATTCTTGGTGTACGCC","Ex_Pre_SATB2","Glut-DACH2-2",0.718524994512398
"SN532_CACGGGTTCGAAGTGG","Ex_Pre_SATB2","Glut-DACH2-2",0.61959697999571
"SN532_ACGGGTCTCCTAGCTC","Ex_Pre_SATB2","Glut-DACH2-2",0.669968551135315
"SN532_TCCTCTTTCTAAGGAA","Ex_Pre_SATB2","Glut-DACH2-2",0.692733590306839
"SN532_GAGACTTGTTACAGCT","Ex_Pre_SATB2","Glut-DACH2-2",0.645397610197876
"SN532_TTACTGTGTGCACGCT","Ex_Pre_SATB2","Glut-CACNA1H-3",0.333158457580575
"SN532_CGCAGGTCAACCGCCA","Ex_Pre_SATB2","Glut-DACH2-2",0.76516393380969
"SN532_TGTTCATTCACCTTGC","Ex_Pre_SATB2","Glut-DACH2-2",0.624374039663835
"SN532_AGAAATGAGGCATGGT","Ex_Pre_SATB2","Glut-DACH2-1",0.322465963943297
"SN532_ATCACTTCACATGTTG","Ex_Pre_SATB2","Glut-CACNA1H-3",0.235205341001516
"SN532_GATGATCGTTGTCAGT","Ex_Pre_KCNH7","Glut-DACH2-HVCx",0.606129138035717
"SN532_TCCATGCCACTTCATT","Ex_Pre_KCNH7","Glut-CACNA1H-3",0.179160487352521
"SN532_TCATTGTGTTAGGCCC","Ex_Pre_SATB2","Glut-DACH2-2",0.349740263761128
"SN532_CATTGTTGTTATAGAG","Ex_Pre_KCNH7","Glut-CACNA1H-3",0.296059007761748
"SN532_GACCTTCCAACTTCTT","Ex_Pre_KCNH7","Glut-DACH2-HVCx",0.171838932395904
"SN532_AGAACCTTCCTTACCG","Ex_Pre_KCNH7","Glut-DACH2-HVCra-Int",0.190238160067311
"SN532_CAGCAATCAATCTCGA","Ex_Pre_SATB2","Glut-CACNA1H-3",0.295399856743308
"SN532_TTCGGTCTCCTTCTGG","Ex_Pre_SATB2","Glut-CACNA1H-3",0.399496418482315
"SN532_TACTTACCAATGAAAC","Ex_Pre_KCNH7","Glut-DACH2-HVCx",0.377233253112834
"SN532_CCACTTGAGACAAGCC","Ex_Pre_SATB2","Glut-CACNA1H-3",0.360909591252572
"SN532_GTAACCAAGTTCCGGC","Ex_Pre_SATB2","Glut-DACH2-1",0.373611463694998
"SN532_GCCATGGGTTACAGCT","Ex_Pre_KCNH7","Glut-DACH2-HVCx",0.270698279199598
"SN532_GTAGAAACAGTGCGCT","Ex_Pre_KCNH7","Glut-DACH2-HVCx",0.685381353751319
"SN532_AAGTGAAGTTATGGTC","Ex_Pre_SATB2","Glut-DACH2-2",0.319265675942858
"SN532_ACACTGACAGCGGATA","Ex_Pre_SATB2","Glut-DACH2-HVCx",0.30716549005104
"SN532_CTCCACACAACGGGTA","Ex_Pre_SATB2","Glut-DACH2-2",0.360936475203217
"SN532_AGACAGGTCACTTCTA","Ex_Pre_SATB2","Glut-CACNA1H-3",0.286651569563512
"SN532_CGTGCTTCACGGCGTT","Ex_Pre_SATB2","Glut-DACH2-2",0.276178539385313
"SN532_GTCTGTCGTGAGTGAC","Ex_Pre_KCNH7","Glut-DACH2-HVCx",0.522412000700562
"SN532_CCCAACTCATGATCTG","Ex_Pre_SATB2","Glut-CACNA1H-3",0.233737182876112
"SN532_CAACGATAGACGGAAA","Ex_Pre_SATB2","Glut-CACNA1H-3",0.399768175544706
"SN532_ACACTGAAGTACCATC","Ex_Pre_SATB2","Glut-DACH2-HVCra-Int",0.26697435735555
"SN532_AGCTCAACAAACGGCA","Ex_Pre_KCNH7","Glut-DACH2-4",0.361316081947327
"SN532_GGGTCTGTCGAAGCCC","Ex_Pre_SATB2","Glut-CACNA1H-3",0.318271064632521
"SN532_TACTTGTCACGTGTGC","Ex_Pre_KCNH7","Glut-CACNA1H-3",0.346527657030933
"SN532_GTAATCGGTCCGCAGT","Ex_Pre_KCNH7","Glut-DACH2-HVCx",0.210611077208152
"SN532_TTACGCCGTGATAGAT","Ex_Pre_SATB2","Glut-CACNA1H-3",0.326661242031554
"SN532_GTAGTACAGGTTACAA","Ex_Pre_SATB2","Glut-CACNA1H-3",0.344017397042484
"SN532_AGTGACTGTGTTCGTA","Ex_Pre_SATB2","Glut-DACH2-2",0.388213853820593
"SN532_TGATCTTAGGTAGGCT","Ex_Pre_SATB2","Glut-CACNA1H-3",0.323682201288107
"SN532_TCAGCAAGTTTAGACC","Ex_Pre_SATB2","Glut-CACNA1H-3",0.251596994214332
"SN532_GTACAACTCGCCGTGA","Ex_Pre_SATB2","Glut-CACNA1H-3",0.339862037727055
"SN532_TTCAGGAAGGATGGCT","Ex_Pre_SATB2","Glut-CACNA1H-3",0.224784133979647
"SN532_TTGTGTTGTTCGGACC","Ex_Pre_KCNH7","Glut-CACNA1H-3",0.252652663922273
"SN532_CGGGTGTTCTTACTGT","Ex_Pre_KCNH7","Glut-CACNA1H-3",0.222352182593367
"SN532_TGAACGTGTGGATTTC","Ex_Pre_SATB2","Glut-CACNA1H-3",0.210123800741538
"SN532_CGTTCTGTCCCAAGTA","Ex_Pre_KCNH7","Glut-CACNA1H-3",0.303377219089948
"SN532_TTGATGGTCGATGGAG","Ex_Pre_SATB2","Glut-CACNA1H-3",0.326174642709049
"SN532_GTGACGCTCTAACACG","Ex_Pre_KCNH7","Glut-CACNA1H-3",0.295399238308318
"SN532_CCAAGCGAGGGACACT","Ex_Pre_KCNH7","Glut-CACNA1H-3",0.361695160527002
"SN532_TTGGTTTAGAATACAC","Ex_Pre_SATB2","Glut-CACNA1H-3",0.307545230467491
"SN532_GTGAGGAGTAAGGTCG","Ex_Pre_SATB2","Glut-CACNA1H-3",0.353907312286037
"SN532_TGCATGAGTGCAACAG","Ex_Pre_KCNH7","Glut-CACNA1H-3",0.387624356348133
"SN532_ACCATTTTCCAGTGCG","Ex_Pre_SATB2","Glut-DACH2-1",0.216522849998789
"SN532_AGAGCAGCAGAGAGGG","Ex_Pre_SATB2","Glut-CACNA1H-3",0.230649445321981
"SN532_GTCAAACAGAGGTCGT","Ex_Pre_SATB2","Glut-DACH2-2",0.287324173201264
"SN532_ATCGTCCCATGGATCT","Ex_Pre_SATB2","Glut-CACNA1H-3",0.303212067442618
"SN532_GGGATCCAGATCCCAT","Ex_Pre_SATB2","Glut-CACNA1H-3",0.331283857054293
"SN532_TAACCAGAGCTCGTGC","Ex_Pre_KCNH7","Glut-DACH2-3",0.309212534188486
"SN532_GCTTCACGTGACACGA","Ex_Pre_SATB2","Glut-CACNA1H-2",0.276358475201473
"SN532_AATAGAGCACTTGACA","Ex_Pre_SATB2","Glut-CACNA1H-2",0.293310041231144
"SN532_GAGTTACTCTTTGGAG","Ex_Pre_KCNH7","Glut-DACH2-4",0.202842196929428
"SN532_TCAATTCTCAGATGCT","Ex_CACNA1H_MCTP2","Glut-DACH2-2",0.504013365422093
"SN532_CTAGACAGTTTAGAGA","Ex_CACNA1H_MCTP2","Glut-CACNA1H-2",0.360946507327136
"SN532_TTCCGTGCACGGGTAA","Ex_CACNA1H_MCTP2","Glut-CACNA1H-2",0.580994707981753
"SN532_ACTTTCACATGACAAA","Ex_CACNA1H_MCTP2","Glut-DACH2-2",0.62404916895243
"SN532_GGGCCATGTTGAATCC","Ex_CACNA1H_MCTP2","Glut-CACNA1H-2",0.316848544830899
"SN532_CGATCGGTCAAACCTG","Ex_TSHZ2_NR4A2","Glut-CACNA1H-1",0.526708608274531
"SN532_AGAACCTGTGGGACAT","Ex_TSHZ2_NR4A2","Glut-CACNA1H-1",0.455571282366307
"SN532_ACACTGAAGTCACACT","Ex_TSHZ2_NR4A2","Glut-CACNA1H-1",0.784253167910808
"SN532_CCGCAAGCACACCTGG","Ex_TSHZ2_NR4A2","Glut-CACNA1H-1",0.780828420518373
"SN532_TACGTCCAGCAGCCCT","Ex_CACNA1H_MCTP2","Glut-CACNA1H-4",0.818483364433707
"SN532_TATTGCTCACGACTAT","Ex_CACNA1H_MCTP2","Glut-CACNA1H-2",0.406745192154833
"SN532_TGCGATACATGCCGAC","Ex_TSHZ2_NR4A2","Glut-CACNA1H-1",0.775063031001871
"SN532_TTAGGCACAGATCACT","Ex_CACNA1H_MCTP2","Glut-DACH2-2",0.650186821098267
"SN532_CCTCAGTAGTAGTCAA","Ex_TSHZ2_NR4A2","Glut-CACNA1H-1",0.701887675679323
"SN532_TTACGTTAGAAAGTCT","Ex_CACNA1H_MCTP2","Glut-DACH2-2",0.526981477504728
"SN532_TCGAAGTAGACTTAAG","Ex_CACNA1H_MCTP2","Glut-CACNA1H-1",0.381827803443186
"SN532_GCGAGAAAGGGCAGTT","Ex_TSHZ2_NR4A2","Glut-CACNA1H-1",0.703243067821949
"SN532_GTTGTGACATAACCCA","Ex_TSHZ2_NR4A2","Glut-CACNA1H-1",0.814042781684757
"SN532_CATCCCATCGTACCTC","Ex_TSHZ2_NR4A2","Glut-CACNA1H-1",0.25900887144964
"SN532_TTGCATTTCCACTTTA","Ex_CACNA1H_MCTP2","Glut-CACNA1H-1",0.223053959775511
"SN532_GACATCAAGGTGATCG","Ex_TSHZ2_NR4A2","Glut-CACNA1H-1",0.778296610921099
"SN532_CCGTTCAGTTGTGTAC","Ex_TSHZ2_NR4A2","Glut-CACNA1H-1",0.71894190554553
"SN532_CCACCATCACTACTTT","Ex_CACNA1H_MCTP2","Glut-DACH2-2",0.505137869714426
"SN532_TCTATCAAGCTGTGCC","Ex_CACNA1H_MCTP2","Glut-CACNA1H-4",0.367192802800067
"SN532_AGTGCCGTCCGAAGGA","Ex_TSHZ2_NR4A2","Glut-CACNA1H-1",0.759869666818894
"SN532_GCGAGAAGTACGGATG","Ex_TSHZ2_NR4A2","Glut-CACNA1H-1",0.82429284043217
"SN532_GACACGCGTATGTCTG","Ex_TSHZ2_NR4A2","Glut-CACNA1H-1",0.719764163723091
"SN532_GCAACCGGTAAGCGGT","Ex_TSHZ2_NR4A2","Glut-CACNA1H-1",0.842674238214969
"SN532_TCCGGGATCCACGGAC","Ex_CACNA1H_MCTP2","Glut-CACNA1H-4",0.362205547589742
"SN532_CTGGTCTGTGTGATGG","Ex_TSHZ2_NR4A2","Glut-CACNA1H-1",0.720266230723571
"SN532_AACGTCAAGAGCACTG","Ex_TSHZ2_NR4A2","Glut-CACNA1H-1",0.808381591128011
"SN532_CGTCCATCAGGAACCA","Ex_CACNA1H_MCTP2","Glut-DACH2-2",0.447862705324896
"SN532_TCCCACATCACCCTCA","Ex_TSHZ2_NR4A2","Glut-CACNA1H-1",0.672258499873739
"SN532_TTGGATGCAGGAACCA","Ex_CACNA1H_MCTP2","Glut-CACNA1H-1",0.706561837758998
"SN532_TGTAGACTCAGAGTGG","Ex_TSHZ2_NR4A2","Glut-CACNA1H-1",0.736961141698422
"SN532_GGAGAACGTTGACGGA","Ex_TSHZ2_NR4A2","Glut-CACNA1H-1",0.809479474288774
"SN532_AATCACGAGGAACTCG","Ex_TSHZ2_NR4A2","Glut-CACNA1H-1",0.810049743948432
"SN532_TGAACGTAGCAGTACG","Ex_CACNA1H_MCTP2","Glut-CACNA1H-1",0.492368038334621
"SN532_CTACCCATCTTTGCGC","Ex_TSHZ2_NR4A2","Glut-CACNA1H-1",0.731448058134603
"SN532_GTTGTAGTCGCCGAGT","Ex_TSHZ2_NR4A2","Glut-CACNA1H-1",0.651214117071225
"SN532_GATCCCTAGAGGATGA","Ex_TSHZ2_NR4A2","Glut-CACNA1H-1",0.77737711011486
"SN532_GAGTTTGAGCAGGGAG","Ex_CACNA1H_MCTP2","Glut-DACH2-2",0.589330185161792
"SN532_AGGACTTGTCGGCTAC","Ex_TSHZ2_NR4A2","Glut-CACNA1H-1",0.783438417252538
"SN532_CGGTCAGAGTCATTGC","Ex_CACNA1H_MCTP2","Glut-DACH2-2",0.355120772016352
"SN532_CTCAATTGTAGTAAGT","Ex_TSHZ2_NR4A2","Glut-CACNA1H-1",0.544996040295907
"SN532_GAATAGACAACAGATA","Ex_TSHZ2_NR4A2","Glut-CACNA1H-1",0.815792303796561
"SN532_CGTTCTGAGGGCGAGA","Ex_TSHZ2_NR4A2","Glut-CACNA1H-1",0.817764956547959
"SN532_CAACGGCAGCATATGA","Ex_TSHZ2_NR4A2","Glut-CACNA1H-1",0.394905598943607
"SN532_GTGACGCTCAAGTTGC","Ex_CACNA1H_MCTP2","Glut-CACNA1H-4",0.490504838756445
"SN532_TATTGGGTCCACGGAC","Ex_TSHZ2_NR4A2","Glut-CACNA1H-1",0.781222727770104
"SN532_ATTCCATGTCTCTCTG","Ex_CACNA1H_MCTP2","Glut-CACNA1H-4",0.493012768465303
"SN532_CCCTCTCGTAAGTAGT","Ex_TSHZ2_NR4A2","Glut-CACNA1H-1",0.742625938967598
"SN532_TGCAGGCCAAAGGCGT","Ex_CACNA1H_MCTP2","Glut-CACNA1H-1",0.749826076312186
"SN532_GTCTGTCGTCAAACGG","Ex_CACNA1H_MCTP2","Glut-DACH2-2",0.566024623687503
"SN532_ACTCCCAGTACTGAGG","Ex_TSHZ2_NR4A2","Glut-CACNA1H-1",0.685598715665131
"SN532_AAACGCTAGTTTCGGT","Ex_TSHZ2_NR4A2","Glut-CACNA1H-1",0.832018795113662
"SN532_AAAGGGCAGATGCGAC","Ex_TSHZ2_NR4A2","Glut-CACNA1H-1",0.738718958369149
"SN532_CAAGCTACAAATCGGG","Ex_TSHZ2_NR4A2","Glut-CACNA1H-1",0.635105482999285
"SN532_ATTTCACTCGGCCCAA","Ex_TSHZ2_NR4A2","Glut-CACNA1H-1",0.731336543117216
"SN532_CTGAATGAGGTGGCTA","Ex_TSHZ2_NR4A2","Glut-CACNA1H-1",0.679978800124338
"SN532_CCATCACCATCGTGCG","Ex_TSHZ2_NR4A2","Glut-CACNA1H-1",0.79692403714667
"SN532_CGTGCTTAGCCTAACT","Ex_TSHZ2_NR4A2","Glut-CACNA1H-1",0.79960666980789
"SN532_TTGCGTCCACTTGAGT","Ex_CACNA1H_MCTP2","Glut-CACNA1H-4",0.502144588079839
"SN532_AACGGGATCTGGCCAG","Ex_TSHZ2_NR4A2","Glut-CACNA1H-1",0.788263856579298
"SN532_TCATGGAAGTCAAGCG","Ex_TSHZ2_NR4A2","Glut-CACNA1H-1",0.72389516270377
"SN532_AAGTCGTGTTACCGTA","Ex_CACNA1H_MCTP2","Glut-CACNA1H-2",0.471223473560187
"SN532_GTTGCTCGTGCTCTCT","Ex_TSHZ2_NR4A2","Glut-CACNA1H-1",0.773197959490226
"SN532_TAGAGTCTCTGCGTCT","Ex_CACNA1H_MCTP2","Glut-CACNA1H-2",0.432549285685714
"SN532_GCCGATGGTCCAAATC","Ex_TSHZ2_NR4A2","Glut-CACNA1H-1",0.694465807865107
"SN532_GTTATGGAGGAATTAC","Ex_CACNA1H_MCTP2","Glut-DACH2-2",0.485810041937727
"SN532_GGTGTCGTCTACCCAC","Ex_TSHZ2_NR4A2","Glut-CACNA1H-1",0.306441676323272
"SN532_CCGATCTTCAAGAGTA","Ex_TSHZ2_NR4A2","Glut-CACNA1H-1",0.759944468664649
"SN532_CTGTATTAGGACTGGT","Ex_CACNA1H_MCTP2","Glut-DACH2-2",0.650665468144488
"SN532_CCGCAAGGTTTGGGTT","Ex_CACNA1H_MCTP2","Glut-DACH2-LMANsh",0.286788900357413
"SN532_CATAGACTCTTGCAAG","Ex_CACNA1H_MCTP2","Glut-DACH2-2",0.706417266771526
"SN532_CAAGCTAAGCCTTTGA","Ex_DACH2_ITGA9","Glut-DACH2-2",0.564408235236506
"SN532_TGTTCATAGCGACATG","Ex_DACH2_NR4A3","Glut-DACH2-1",0.789055909323673
"SN532_CCTCTCCTCTTGGAAC","Ex_DACH2_ITGA9","Glut-DACH2-2",0.346023511551523
"SN532_AAGACAATCACCACAA","Ex_DACH2_ZMAT4","Glut-DACH2-8",0.89173084986435
"SN532_TAAGTCGAGAGAGTTT","Ex_CACNA1H_MCTP2","Glut-DACH2-2",0.637245603316388
"SN532_CACTTCGCAAATAGCA","Ex_DACH2_ITGA9","Glut-DACH2-2",0.269237975456374
"SN532_TCCTCTTGTTGGGAAC","Ex_DACH2_ITGA9","Glut-DACH2-LMANsh",0.302630071611869
"SN532_TCCTTCTCAGCCCACA","Ex_DACH2_NR4A3","Glut-DACH2-2",0.350382532100609
"SN532_GCATTAGCAGCGACAA","Ex_DACH2_ITGA9","Glut-DACH2-2",0.416876272427539
"SN532_CTACAGATCGAGATAA","Ex_CACNA1H_MCTP2","Glut-CACNA1H-2",0.388494096689028
"SN532_TTGAACGCACGTCTCT","Ex_DACH2_ITGA9","Glut-DACH2-2",0.477861167697753
"SN532_TCTGCCATCCGCAACG","Ex_DACH2_TAC1","Glut-DACH2-8",0.742821409979499
"SN532_TTCTTCCAGTCATACC","Ex_DACH2_ZMAT4","Glut-DACH2-8",0.851570973361303
"SN532_CCAATTTCACAACGCC","Ex_DACH2_ITGA9","Glut-DACH2-8",0.473621392472806
"SN532_CGGGACTAGGCCTAAG","Ex_DACH2_TAC1","Glut-DACH2-6",0.503889213629759
"SN532_ACACCAACAAATACAG","Ex_DACH2_GRIK4","Glut-DACH2-2",0.560772066786326
"SN532_GTGTGGCAGTCGGCCT","Ex_DACH2_ITGA9","Glut-DACH2-8",0.427563677620647
"SN532_CCGTTCACAAAGGTTA","Ex_DACH2_GRIK4","Glut-DACH2-2",0.566968584698499
"SN532_CTAGACATCGCAACAT","Ex_DACH2_NR4A3","Glut-DACH2-2",0.728054963474816
"SN532_CCTCAGTGTACGTACT","Ex_DACH2_LHX2","Glut-DACH2-HVCra-Int",0.368220904230167
"SN532_GCCAGCATCCTTATAC","Ex_DACH2_GRIK4","Glut-DACH2-1",0.336194897528201
"SN532_TACCCGTAGATCACCT","Ex_DACH2_ADAMTS5","Glut-DACH2-7",0.393512434319146
"SN532_TCATTTGTCAACTTTC","Ex_DACH2_ITGA9","Glut-DACH2-4",0.325160563200879
"SN532_TCTCAGCAGCTGGTGA","Ex_DACH2_ITGA9","Glut-DACH2-2",0.642632587913936
"SN532_GGTAACTGTGTCCTAA","Ex_CACNA1H_MCTP2","Glut-DACH2-2",0.589754060802379
"SN532_GAGCCTGTCAGACTGT","Ex_DACH2_CEMIP","Glut-DACH2-6",0.751948497415249
"SN532_TCAATTCCACAACGTT","Ex_DACH2_NR4A3","Glut-DACH2-1",0.943409893321398
"SN532_GAACGTTAGTTCTCTT","Ex_DACH2_CEMIP","Glut-DACH2-6",0.953317370179997
"SN532_TAAGCCATCCGGACTG","Ex_DACH2_ZMAT4","Glut-DACH2-8",0.711767500073518
"SN532_AAGCATCCAACGTATC","Ex_DACH2_TAC1","Glut-DACH2-3",0.660877508020827
"SN532_TTTCATGTCAGACTGT","Ex_DACH2_ZMAT4","Glut-DACH2-8",0.738896336006303
"SN532_CCCTCTCAGTGGCCTC","Ex_DACH2_TAC1","Glut-DACH2-8",0.596155522028264
"SN532_CTTTCAATCTCCAATT","Ex_DACH2_CEMIP","Glut-DACH2-6",0.847060465335162
"SN532_GATGATCAGCTGTTAC","Ex_DACH2_ZMAT4","Glut-DACH2-8",0.694778271371812
"SN532_TGCGATACACGAAAGC","Ex_DACH2_GRIK4","Glut-DACH2-1",0.42444848353868
"SN532_GGGACTCCAGAGGGTT","Ex_DACH2_ITGA9","Glut-DACH2-2",0.372452891629933
"SN532_ACACAGTAGGACAGTC","Ex_DACH2_ITGA9","Glut-DACH2-4",0.295531963247614
"SN532_GACGCTGAGCCTTTGA","Ex_DACH2_ITGA9","Glut-DACH2-1",0.312332304900918
"SN532_CCACGTTAGGTTCCGC","Ex_CACNA1H_MCTP2","Glut-DACH2-2",0.657510046677874
"SN532_CCTGTTGGTAACCAGG","Ex_CACNA1H_MCTP2","Glut-DACH2-2",0.578602287221224
"SN532_ATGAAAGGTGCATGTT","Ex_DACH2_ITGA9","Glut-DACH2-8",0.410307797920084
"SN532_GTAGTACTCGACGAGA","Ex_DACH2_ITGA9","Glut-DACH2-2",0.372831019012597
"SN532_GCATCTCTCCGACGGT","Ex_DACH2_ITGA9","Glut-DACH2-3",0.62313547603861
"SN532_CATAGACCATTGTGCA","Ex_DACH2_GRIK4","Glut-DACH2-2",0.633251269323832
"SN532_TTCACGCTCCTCACGT","Ex_DACH2_GRIK4","Glut-DACH2-2",0.67084917620501
"SN532_CGCAGGTTCACGGGCT","Ex_DACH2_ITGA9","Glut-DACH2-HVCra-Int",0.266382367109389
"SN532_GATGTTGCACCCTAGG","Ex_DACH2_NR4A3","Glut-DACH2-7",0.504891114797084
"SN532_AGTGACTCACAGTATC","Ex_DACH2_TAC1","Glut-DACH2-LMANco",0.414115156580641
"SN532_GCTACCTTCGACCACG","Ex_DACH2_TAC1","Glut-DACH2-8",0.698051262687635
"SN532_GAAACCTCAGTTAAAG","Ex_DACH2_TAC1","Glut-DACH2-8",0.562011774308365
"SN532_GTGGAGATCTTCCAGC","Ex_DACH2_ITGA9","Glut-DACH2-1",0.373176346385354
"SN532_TACCGAATCATGGTAC","Ex_DACH2_GRIK4","Glut-DACH2-2",0.548430203840074
"SN532_CTCCATGGTGCCCACA","Ex_CACNA1H_MCTP2","Glut-DACH2-2",0.612848581861039
"SN532_TCATTCAGTACTAAGA","Ex_DACH2_ITGA9","Glut-DACH2-2",0.252245606614194
"SN532_GTTTACTTCCTCATAT","Ex_DACH2_ZMAT4","Glut-DACH2-8",0.929173526710236
"SN532_AAAGAACGTGTGATGG","Ex_DACH2_CEMIP","Glut-DACH2-6",0.815012219898531
"SN532_TTCACCGGTCTACTGA","Ex_DACH2_LHX2","Glut-DACH2-2",0.692175217699993
"SN532_GTCATTTAGCACGTCC","Ex_DACH2_GRIK4","Glut-DACH2-2",0.68670990687738
"SN532_AGACAGGTCCTCTCTT","Ex_DACH2_ITGA9","Glut-DACH2-8",0.408060869719769
"SN532_AAGCGAGCACAACATC","Ex_DACH2_NR4A3","Glut-DACH2-2",0.69032444323164
"SN532_CCACAAAGTATTGAGA","Ex_DACH2_TAC1","Glut-DACH2-HVCra",0.366649445467797
"SN532_TCGCTCATCCTTATCA","Ex_DACH2_ITGA9","Glut-DACH2-2",0.477953552097763
"SN532_TCTAACTAGTCACTCA","Ex_DACH2_ZMAT4","Glut-DACH2-8",0.524508597728277
"SN532_TCACACCGTCATGCAT","Ex_DACH2_GRIK4","Glut-DACH2-1",0.413863269487887
"SN532_GTACAACCATATACCG","Ex_DACH2_ITGA9","Glut-DACH2-8",0.527803940168081
"SN532_CTCTCGAAGTCCTGCG","Ex_DACH2_TAC1","Glut-DACH2-8",0.710744629058183
"SN532_TCCGGGATCCTCCACA","Ex_CACNA1H_MCTP2","Glut-DACH2-2",0.527183217519353
"SN532_GCATCTCCACTGAGGA","Ex_DACH2_ZMAT4","Glut-DACH2-8",0.830785535652665
"SN532_GAGACCCCACGCTTAA","Ex_DACH2_ITGA9","Glut-DACH2-1",0.284451345297497
"SN532_GAACACTAGCAATAAC","Ex_CACNA1H_MCTP2","Glut-CACNA1H-2",0.174447092865237
"SN532_CCCTCTCAGTGGATTA","Ex_DACH2_GRIK4","Glut-DACH2-2",0.582720562632754
"SN532_CCACGTTAGCAGGCAT","Ex_CACNA1H_MCTP2","Glut-DACH2-2",0.263803558982667
"SN532_CTAAGTGCAGGACAGT","Ex_DACH2_ITGA9","Glut-DACH2-2",0.452500610407434
"SN532_AGTGTTGGTTCGATTG","Ex_DACH2_ITGA9","Glut-DACH2-HVCx",0.270908878526773
"SN532_CGGAATTTCTCTCGCA","Ex_DACH2_LHX2","Glut-DACH2-2",0.702300454656165
"SN532_ACACAGTTCACGAACT","Ex_DACH2_ITGA9","Glut-DACH2-8",0.440786920442558
"SN532_TTTACTGCAAGCACAG","Ex_DACH2_MGAT4C","Glut-DACH2-5",0.413419642854226
"SN532_CCCTCAAGTACGAAAT","Ex_DACH2_ZMAT4","Glut-DACH2-8",0.903381000080624
"SN532_TCAATCTGTATGCTTG","Ex_DACH2_GRIK4","Glut-DACH2-2",0.710496268636141
"SN532_GAGGGTACACCGTACG","Ex_DACH2_ADAMTS5","Glut-DACH2-7",0.39716838104232
"SN532_TGTTCCGGTGCATTAC","Ex_DACH2_ITGA9","Glut-DACH2-LMANco",0.37970755682047
"SN532_TCCAGAAGTCCCTGTT","Ex_DACH2_ITGA9","Glut-DACH2-8",0.277674183336732
"SN532_GTTATGGCAGCTGCCA","Ex_DACH2_ZMAT4","Glut-DACH2-8",0.937298127889088
"SN532_TTCTCTCGTTTCGACA","Ex_DACH2_GRIK4","Glut-DACH2-2",0.792839209792285
"SN532_TAGGAGGCAATAACCC","Ex_DACH2_CEMIP","Glut-DACH2-1",0.601683335854352
"SN532_CCCTGATCAAATCGGG","Ex_DACH2_TAC1","Glut-DACH2-6",0.25049503772489
"SN532_TCTTCCTAGGTCATTC","Ex_DACH2_TAC1","Glut-DACH2-6",0.525527663728466
"SN532_GAATAGAAGCAGCGAT","Ex_DACH2_TAC1","Glut-DACH2-8",0.344337250676824
"SN532_GGTTCTCCATCTTTCA","Ex_DACH2_ITGA9","Glut-DACH2-8",0.817767673472836
"SN532_ACCATTTCATGCCGAC","Ex_DACH2_ITGA9","Glut-DACH2-2",0.266514000415451
"SN532_CAAGCTAAGTAAATGC","Ex_DACH2_ZMAT4","Glut-DACH2-8",0.780999493912007
"SN532_CCTTTGGAGCCAAGGT","Ex_DACH2_TAC1","Glut-DACH2-8",0.528402083828137
"SN532_GTATTGGTCGTTCCTG","Ex_DACH2_LHX2","Glut-DACH2-2",0.584606821502051
"SN532_AACCCAAAGTTTGCTG","Ex_DACH2_ZMAT4","Glut-DACH2-8",0.715133047245728
"SN532_AGAGAATCACATCATG","Ex_DACH2_ITGA9","Glut-DACH2-6",0.217718484214465
"SN532_TATTTCGAGCTCGAAG","Ex_CACNA1H_MCTP2","Glut-DACH2-2",0.647673690425855
"SN532_GTTGCTCGTTAAGAAC","Ex_DACH2_MGAT4C","Glut-DACH2-HVCra-Int",0.329781958121427
"SN532_AATGGAATCGAGATGG","Ex_DACH2_ITGA9","Glut-DACH2-4",0.260076759050159
"SN532_CATAAGCGTGCAACGA","Ex_DACH2_TAC1","Glut-DACH2-3",0.528130049735551
"SN532_GGATCTAGTGCACAAG","Ex_DACH2_ZMAT4","Glut-DACH2-8",0.740149758341751
"SN532_TCACTATCATGAGATA","Ex_DACH2_GRIK4","Glut-DACH2-2",0.565315027557273
"SN532_TACTTGTGTCAGTCGC","Ex_DACH2_LHX2","Glut-DACH2-5",0.595103216849062
"SN532_AAGCGTTAGTGGCCTC","Ex_DACH2_ADAMTS5","Glut-DACH2-5",0.576405285589979
"SN532_TACCTCGCATGAGATA","Ex_DACH2_MGAT4C","Glut-DACH2-7",0.299044611591454
"SN532_ACTGTGACAAGACGAC","Ex_DACH2_TAC1","Glut-DACH2-6",0.409202650116384
"SN532_TCCCAGTTCTGGCCGA","Ex_DACH2_CEMIP","Glut-DACH2-6",0.698777678218852
"SN532_AAAGGTATCGGTTCAA","Ex_DACH2_TAC1","Glut-DACH2-8",0.34056797478968
"SN532_CTGCCATAGGTCGCCT","Ex_DACH2_MGAT4C","Glut-DACH2-2",0.414313567485801
"SN532_CTCTGGTTCGTTAGAC","Ex_DACH2_LHX2","Glut-DACH2-2",0.713271781478451
"SN532_AGGCATTCATGGTGGA","Ex_DACH2_ZMAT4","Glut-DACH2-8",0.984544812788247
"SN532_GGGCCATAGGTGCCAA","Ex_DACH2_MGAT4C","Glut-DACH2-2",0.401227219504626
"SN532_GTGAGGAAGTGATAAC","Ex_DACH2_LHX2","Glut-DACH2-2",0.646403041175461
"SN532_GATCATGCAGTCTTCC","Ex_DACH2_ITGA9","Glut-DACH2-8",0.430485116155355
"SN532_GGAACCCGTTAGGAGC","Ex_DACH2_LHX2","Glut-DACH2-5",0.483450974252295
"SN532_GCACGGTAGTTCACTG","Ex_DACH2_MGAT4C","Glut-DACH2-5",0.578222589711433
"SN532_TAACGACTCATACGGT","Ex_DACH2_ITGA9","Glut-DACH2-2",0.395122933949982
"SN532_GAAGTAACACTTCTCG","Ex_DACH2_CEMIP","Glut-DACH2-6",0.590351633944886
"SN532_GTCATCCTCTGTTCAT","Ex_DACH2_GRIK4","Glut-DACH2-1",0.305522088351323
"SN532_AGATCCAGTAGCGCCT","Ex_DACH2_GRIK4","Glut-DACH2-2",0.646575330062511
"SN532_CCCGAAGTCAGCTCTC","Ex_DACH2_ITGA9","Glut-DACH2-6",0.737934202888058
"SN532_CCGTGAGCATCTTTCA","Ex_DACH2_LHX2","Glut-DACH2-2",0.827962081285251
"SN532_AGGGCCTGTCTATGAC","Ex_DACH2_MGAT4C","Glut-DACH2-5",0.40946713458907
"SN532_CGTTAGATCTAACGGT","Ex_DACH2_NR4A3","Glut-DACH2-5",0.623495169897794
"SN532_AGCGCTGCAACCTATG","Ex_DACH2_ITGA9","Glut-DACH2-2",0.393713242354865
"SN532_AGATCCATCGTCGACG","Ex_DACH2_TAC1","Glut-DACH2-8",0.370096930349319
"SN532_GTGTGGCAGATTAGCA","Ex_DACH2_LHX2","Glut-DACH2-1",0.447641786819774
"SN532_TGTGAGTAGCGGTAAC","Ex_DACH2_GRIK4","Glut-DACH2-2",0.798519500278481
"SN532_GCAGCCACATGACGTT","Ex_DACH2_GRIK4","Glut-DACH2-2",0.596709879337003
"SN532_ATCCGTCCACTCATAG","Ex_DACH2_TAC1","Glut-DACH2-6",0.451842681843117
"SN532_GAGACCCAGCCTGTGC","Ex_DACH2_NR4A3","Glut-DACH2-7",0.415276533244964
"SN532_CAGGGCTCAAATTGCC","Ex_DACH2_TAC1","Glut-DACH2-8",0.393675544632011
"SN532_CCATAAGTCAGTGTCA","Ex_DACH2_TAC1","Glut-DACH2-8",0.624695176765339
"SN532_TCATTCAAGTCTCGTA","Ex_DACH2_CEMIP","Glut-DACH2-6",0.476520899565593
"SN532_ACTGTCCGTCAACCAT","Ex_DACH2_GRIK4","Glut-DACH2-2",0.354241345975192
"SN532_ACCAAACAGACTACCT","Ex_DACH2_ITGA9","Glut-DACH2-2",0.387963857455316
"SN532_GTAAGTCCACAAGCCC","Ex_DACH2_TAC1","Glut-DACH2-6",0.324939542724324
"SN532_GACCCTTCAACAGCCC","Ex_DACH2_TAC1","Glut-DACH2-6",0.6016563313096
"SN532_CATTGCCAGAGGGTCT","Ex_DACH2_CEMIP","Glut-DACH2-6",0.810452841874936
"SN532_TATTTCGGTTACCCAA","Ex_DACH2_MGAT4C","Glut-DACH2-7",0.618504869163731
"SN532_TCCTCTTGTCACTACA","Ex_DACH2_TAC1","Glut-DACH2-6",0.40751897345204
"SN532_GGAAGTGAGACATACA","Ex_DACH2_MGAT4C","Glut-DACH2-7",0.279727499178765
"SN532_ACTGCAAGTTACGGAG","Ex_DACH2_TAC1","Glut-DACH2-8",0.486463530725089
"SN532_GTGGGAAAGAATTGTG","Ex_DACH2_LHX2","Glut-DACH2-2",0.640968702735253
"SN532_TGCGACGAGCCGGATA","Ex_DACH2_GRIK4","Glut-DACH2-2",0.676272846982954
"SN532_TTTACTGTCTCAACGA","Ex_DACH2_GRIK4","Glut-DACH2-2",0.70811138538376
"SN532_CGCATAACAATTTCGG","Ex_DACH2_ITGA9","Glut-DACH2-6",0.252152217284408
"SN532_GCGGATCCATCTGTTT","Ex_DACH2_ITGA9","Glut-DACH2-8",0.300665683430983
"SN532_CACGTGGCAACTCGAT","Ex_DACH2_TAC1","Glut-DACH2-8",0.582522575096998
"SN532_ATCGCCTGTGTGTGGA","Ex_DACH2_TAC1","Glut-DACH2-3",0.59830080976702
"SN532_GTGGTTAAGCTGTGCC","Ex_DACH2_ITGA9","Glut-DACH2-8",0.573894703865691
"SN532_TTAGGCATCTCTGCTG","Ex_DACH2_ITGA9","Glut-DACH2-4",0.473145108159609
"SN532_TTCCAATAGGATACCG","Ex_DACH2_ITGA9","Glut-DACH2-8",0.76438462189527
"SN532_CTGATCCTCCTCTAAT","Ex_DACH2_ITGA9","Glut-DACH2-6",0.614565428946429
"SN532_AGGTCTAAGTTGCTCA","Ex_DACH2_ITGA9","Glut-DACH2-8",0.679042696140352
"SN532_TCATTACCAGCTGAGA","Ex_DACH2_TAC1","Glut-DACH2-8",0.577928391962981
"SN532_TTTCACAGTCTTGAGT","Ex_DACH2_ITGA9","Glut-DACH2-8",0.215920898975069
"SN532_TAGGTTGTCATACAGC","Ex_DACH2_TAC1","Glut-DACH2-3",0.373176482337952
"SN532_GACCTTCGTTCTTGCC","Ex_DACH2_ITGA9","Glut-DACH2-8",0.620114683473456
"SN532_AGCGCTGGTACACGTT","Ex_DACH2_NR4A3","Glut-DACH2-1",0.371227701421519
"SN532_GGTCACGCAAGGTCTT","Ex_DACH2_LHX2","Glut-DACH2-2",0.733532548926555
"SN532_CTCCCAATCTATCCAT","Ex_DACH2_TAC1","Glut-DACH2-3",0.525178643085831
"SN532_AGTGATCGTCGACTTA","Ex_CACNA1H_MCTP2","Glut-DACH2-2",0.627321211650691
"SN532_ATTCAGGCAGTCTGGC","Ex_DACH2_MGAT4C","Glut-DACH2-7",0.382177089847741
"SN532_AGGGTTTAGGCTTAAA","Ex_DACH2_LHX2","Glut-DACH2-1",0.686214799741146
"SN532_TTTCATGTCGACACCG","Ex_DACH2_TAC1","Glut-DACH2-6",0.252953444719738
"SN532_GCCAACGCAAGATTGA","Ex_DACH2_MGAT4C","Glut-DACH2-7",0.260886637185694
"SN532_TCAATCTGTAGAGTTA","Ex_DACH2_MGAT4C","Glut-DACH2-7",0.410580561038852
"SN532_GACGCTGCAAGATGGC","Ex_DACH2_ITGA9","Glut-DACH2-2",0.700570974836324
"SN532_AGTAGTCAGAGAGTGA","Ex_DACH2_NR4A3","Glut-DACH2-1",0.479709082279562
"SN532_ATCCCTGAGTTCCATG","Ex_DACH2_GRIK4","Glut-DACH2-1",0.561825755232069
"SN532_TACCTCGCATTGCCGG","Ex_DACH2_TAC1","Glut-DACH2-LMANco",0.361515449074151
"SN532_TCCGTGTGTATAGCTC","Ex_DACH2_ITGA9","Glut-DACH2-8",0.426061272176061
"SN532_ATCCCTGAGAGTGGCT","Ex_CACNA1H_MCTP2","Glut-DACH2-2",0.164223602738467
"SN532_TATCTGTGTAATCAGA","Ex_DACH2_ITGA9","Glut-DACH2-2",0.43944237865281
"SN532_TCCCAGTGTCATGGCC","Ex_DACH2_NR4A3","Glut-DACH2-2",0.46386842305302
"SN532_CTTTCAAGTTTCGCTC","Ex_DACH2_LHX2","Glut-DACH2-2",0.485443946639278
"SN532_AATCGTGTCGCCTAGG","Ex_DACH2_TAC1","Glut-DACH2-8",0.767915664770213
"SN532_AAGACAAAGTGCACCC","Ex_DACH2_MGAT4C","Glut-DACH2-7",0.38597648445648
"SN532_TACGCTCCAACACGTT","Ex_DACH2_ZMAT4","Glut-DACH2-8",0.876249143646615
"SN532_ACCATTTCAGACAAAT","Ex_DACH2_GRIK4","Glut-DACH2-7",0.489556221779719
"SN532_TCCATCGCAGGTTCAT","Ex_DACH2_CEMIP","Glut-DACH2-6",0.640798927381743
"SN532_AATGGAAAGAATCGAT","Ex_DACH2_ITGA9","Glut-DACH2-2",0.578732401574618
"SN532_CGATGCGAGGCGATAC","Ex_DACH2_GRIK4","Glut-DACH2-2",0.539302134223352
"SN532_AATCACGGTCCAAGAG","Ex_DACH2_NR4A3","Glut-DACH2-1",0.880061908315301
"SN532_TCACATTAGTGGAATT","Ex_DACH2_LHX2","Glut-DACH2-2",0.64463963639856
"SN532_AATGCCAGTAATGCGG","Ex_DACH2_GRIK4","Glut-DACH2-7",0.7176095839535
"SN532_CGTGATAGTTCGAACT","Ex_DACH2_TAC1","Glut-DACH2-6",0.498705544831234
"SN532_GATAGCTCATACCACA","Ex_DACH2_NR4A3","Glut-DACH2-7",0.44836094255113
"SN532_GGCACGTCAGAACTAA","Ex_DACH2_ITGA9","Glut-DACH2-8",0.218154186156169
"SN532_GAGATGGTCCAAGCCG","Ex_DACH2_ADAMTS5","Glut-DACH2-5",0.662946912893678
"SN532_TTGCTGCTCCACTTCG","Ex_DACH2_TAC1","Glut-DACH2-6",0.42649702234149
"SN532_GTACAGTCAGAACTCT","Ex_DACH2_ZMAT4","Glut-DACH2-8",0.896506942052359
"SN532_TTGCTGCTCTCCGTGT","Ex_DACH2_TAC1","Glut-DACH2-8",0.673437821498653
"SN532_ATTGTTCGTTTCGTGA","Ex_DACH2_ADAMTS5","Glut-DACH2-7",0.287871371259988
"SN532_GAGGGTAAGACCTCAT","Ex_DACH2_ITGA9","Glut-DACH2-3",0.671893565219213
"SN532_ATGTCCCGTTGCCGAC","Ex_DACH2_TAC1","Glut-DACH2-8",0.711834766171635
"SN532_TGTTCATAGCGGCTCT","Ex_DACH2_MGAT4C","Glut-DACH2-2",0.337171146552195
"SN532_GGGTTATTCTGGGAGA","Ex_DACH2_TAC1","Glut-DACH2-LMANsh",0.251342592755582
"SN532_CGATGGCAGATTAGCA","Ex_DACH2_TAC1","Glut-DACH2-8",0.751899158421884
"SN532_AGCCAGCCAAGTGGGT","Ex_DACH2_GRIK4","Glut-DACH2-2",0.401448629954715
"SN532_CTGTAGAAGCATCCTA","Ex_DACH2_TAC1","Glut-DACH2-8",0.646117369458574
"SN532_TATCTGTAGCCAGACA","Ex_DACH2_ITGA9","Glut-DACH2-8",0.542260777443854
"SN532_TTCCAATAGGTTGTTC","Ex_DACH2_ADAMTS5","Glut-DACH2-7",0.722585261584353
"SN532_TGCATCCGTTACACAC","Ex_DACH2_ITGA9","Glut-DACH2-2",0.483075103219293
"SN532_TACACCCAGGACTATA","Ex_DACH2_ITGA9","Glut-DACH2-8",0.580150315857717
"SN532_CCCTCAAAGAGATTCA","Ex_DACH2_TAC1","Glut-DACH2-8",0.410890676780965
"SN532_AACCCAATCTCTGACC","Ex_CACNA1H_MCTP2","Glut-DACH2-2",0.543495326698922
"SN532_TCATTTGCATGGAAGC","Ex_DACH2_NR4A3","Glut-DACH2-1",0.424555355765664
"SN532_CATCAAGAGCTAGTTC","Ex_DACH2_ITGA9","Glut-DACH2-2",0.301092782718904
"SN532_TGGGATTTCGAGATAA","Ex_DACH2_ITGA9","Glut-DACH2-2",0.622997650384021
"SN532_ATGAGGGTCTTACCAT","Ex_DACH2_LHX2","Glut-DACH2-2",0.557620581562153
"SN532_AACACACTCAACTACG","Ex_DACH2_ITGA9","Glut-DACH2-1",0.236734496234724
"SN532_GGGACCTCAATTGCCA","Ex_DACH2_TAC1","Glut-DACH2-8",0.714855185038444
"SN532_TAGACTGAGACAGCGT","Ex_DACH2_TAC1","Glut-DACH2-6",0.52293354851713
"SN532_GTAGTACTCCTGTAGA","Ex_DACH2_ITGA9","Glut-DACH2-4",0.387546766803508
"SN532_ATGGTTGCACGACGTC","Ex_DACH2_LHX2","Glut-DACH2-2",0.437311296712091
"SN532_GTTTGGACACACAGAG","Ex_DACH2_ZMAT4","Glut-DACH2-8",0.564888485348351
"SN532_CGGAACCTCTATCCAT","Ex_DACH2_TAC1","Glut-DACH2-3",0.529831202065383
"SN532_GAAGCGAAGGACGGAG","Ex_DACH2_TAC1","Glut-DACH2-7",0.558575235122037
"SN532_CATACCCTCAGTCACA","Ex_DACH2_ADAMTS5","Glut-DACH2-6",0.502676141363773
"SN532_CTCAGTCTCGGATAAA","Ex_DACH2_ITGA9","Glut-DACH2-8",0.81582526542014
"SN532_ATTCGTTAGTCATGCT","Ex_DACH2_ITGA9","Glut-DACH2-8",0.543550233008569
"SN532_TCCATCGCATACCGTA","Ex_DACH2_LHX2","Glut-DACH2-2",0.446658286737926
"SN532_GCGAGAAAGCTCGTGC","Ex_DACH2_CEMIP","Glut-DACH2-8",0.300661498830467
"SN532_CTCTCGACAGTAACAA","Ex_DACH2_TAC1","Glut-DACH2-6",0.427711125636916
"SN532_TGCACGGAGTCCTGCG","Ex_DACH2_TAC1","Glut-DACH2-8",0.55597496588853
"SN532_GGATCTAAGGCTATCT","Ex_DACH2_GRIK4","Glut-DACH2-2",0.639849210458233
"SN532_CCTCTCCGTAACTAAG","Ex_DACH2_CEMIP","Glut-DACH2-6",0.471601876998896
"SN532_CGGACACCACTGCATA","Ex_DACH2_MGAT4C","Glut-DACH2-1",0.344142229736735
"SN532_AGCATCAAGATAGGGA","Ex_DACH2_MGAT4C","Glut-DACH2-1",0.448707027241603
"SN532_TGAATCGCATCCGTTC","Ex_DACH2_ITGA9","Glut-DACH2-8",0.435380139690852
"SN532_AGGAAATAGGTTCCAT","Ex_DACH2_ITGA9","Glut-DACH2-8",0.381710868130714
"SN532_GAGGCCTTCTTTCAGT","Ex_DACH2_ITGA9","Glut-DACH2-2",0.319143170904871
"SN532_AGATGAACACTACAGT","Ex_DACH2_ITGA9","Glut-DACH2-3",0.544881560819839
"SN532_TGTGGCGCAGACATCT","Ex_DACH2_TAC1","Glut-DACH2-8",0.378272331088763
"SN532_ACAACCAAGACGCTCC","Ex_DACH2_GRIK4","Glut-DACH2-2",0.793693459090191
"SN532_AGGAGGTAGCGTTCCG","Ex_DACH2_ITGA9","Glut-DACH2-8",0.314755087561184
"SN532_GTGAGCCAGGAAGTAG","Ex_DACH2_ZMAT4","Glut-DACH2-8",0.897284653454013
"SN532_GCCAACGGTCCGGTGT","Ex_DACH2_TAC1","Glut-DACH2-8",0.749129422125096
"SN532_ATTCTACTCATTACCT","Ex_DACH2_MGAT4C","Glut-DACH2-7",0.644745466638152
"SN532_CTAACTTCACATTCGA","Ex_DACH2_GRIK4","Glut-DACH2-2",0.782487573419929
"SN532_GTTGTGACAGTCGCAC","Ex_DACH2_ZMAT4","Glut-DACH2-8",0.98079155560092
"SN532_TGGAGAGAGGTTTGAA","Ex_DACH2_ZMAT4","Glut-DACH2-4",0.336532117273519
"SN532_TACCCGTTCCAGTACA","Ex_DACH2_TAC1","Glut-DACH2-3",0.321761996812666
"SN532_CAGTTCCCAACACTAC","Ex_DACH2_TAC1","Glut-DACH2-8",0.69576744539225
"SN532_ACACCAAAGAAGTCCG","Ex_DACH2_ITGA9","Glut-DACH2-8",0.391125482354755
"SN532_AATTTCCCAGGTCAAG","Ex_DACH2_MGAT4C","Glut-DACH2-5",0.621167690084597
"SN532_TGAGCATAGATCACCT","Ex_DACH2_ZMAT4","Glut-DACH2-8",0.949642041100738
"SN532_CGCATGGAGCCTGAAG","Ex_DACH2_MGAT4C","Glut-DACH2-7",0.335990321216901
"SN532_CACGTGGAGTAGCAAT","Ex_DACH2_NR4A3","Glut-DACH2-7",0.537483668944685
"SN532_TCGCAGGTCGGTATGT","Ex_DACH2_ITGA9","Glut-DACH2-2",0.73486972118778
"SN532_CGAGAAGAGAACTTCC","Ex_DACH2_TAC1","Glut-DACH2-8",0.40610744097527
"SN532_TGATCTTTCCTCCACA","Ex_DACH2_TAC1","Glut-DACH2-8",0.404948586848017
"SN532_CCGGACACACAGCTGC","Ex_DACH2_MGAT4C","Glut-DACH2-7",0.45882009543481
"SN532_TGAGGTTGTACCTATG","Ex_DACH2_CEMIP","Glut-DACH2-6",0.795741123837949
"SN532_TAGAGTCCACTCCCTA","Ex_DACH2_TAC1","Glut-DACH2-8",0.421947054549395
"SN532_GACGCTGGTCACATTG","Ex_DACH2_MGAT4C","Glut-DACH2-7",0.5044845793064
"SN532_CGCATGGTCTGCACCT","Ex_DACH2_GRIK4","Glut-DACH2-7",0.438654899591708
"SN532_CTGCCTATCGCTAAAC","Ex_DACH2_ZMAT4","Glut-DACH2-8",0.780027668897501
"SN532_CAGCAGCTCTGTGCAA","Ex_DACH2_LHX2","Glut-DACH2-2",0.64239610670786
"SN532_GTGATGTTCTGGCCGA","Ex_DACH2_NR4A3","Glut-DACH2-2",0.510323691784044
"SN532_AGTCAACCACGACAAG","Ex_DACH2_MGAT4C","Glut-DACH2-HVCra-Int",0.285555884020686
"SN532_TCGACCTTCTCCCATG","Ex_DACH2_ITGA9","Glut-DACH2-HVCra",0.374362002835326
"SN532_CGAAGTTAGCGTCTCG","Ex_DACH2_ZMAT4","Glut-DACH2-8",0.916063612650722
"SN532_CCCTTAGGTATGACAA","Ex_DACH2_ITGA9","Glut-DACH2-4",0.274893792617139
"SN532_GAGGCAATCGGACCAC","Ex_DACH2_GRIK4","Glut-DACH2-2",0.587770884712846
"SN532_AAAGAACGTTATAGAG","Ex_DACH2_MGAT4C","Glut-DACH2-7",0.492541758554046
"SN532_GAGTTACGTACTGGGA","Ex_DACH2_GRIK4","Glut-DACH2-1",0.502886770403289
"SN532_ATGAGTCTCTCTCTTC","Ex_DACH2_ADAMTS5","Glut-DACH2-7",0.497490710847237
"SN532_TTCATTGTCCCAGGCA","Ex_DACH2_ITGA9","Glut-DACH2-8",0.702262249563886
"SN532_CTCCACACAGTATTCG","Ex_DACH2_ITGA9","Glut-DACH2-1",0.207110578043415
"SN532_AGCATCAGTGTTAGCT","Ex_DACH2_ZMAT4","Glut-DACH2-8",0.763216830938118
"SN532_AGCTACACACGCGCAT","Ex_DACH2_ITGA9","Glut-DACH2-2",0.330618000824364
"SN532_CACGTTCTCAGTGTCA","Ex_DACH2_TAC1","Glut-DACH2-8",0.534531865316795
"SN532_CAGCCAGGTCTGTCAA","Ex_DACH2_TAC1","Glut-DACH2-8",0.560059686060867
"SN532_CACTAAGTCTATTCGT","Ex_DACH2_CEMIP","Glut-DACH2-6",0.862207607186375
"SN532_TTGAACGTCGCAATGT","Ex_DACH2_ZMAT4","Glut-DACH2-8",0.974980545349859
"SN532_CTACCCACATCGAGCC","Ex_DACH2_ZMAT4","Glut-DACH2-8",0.694833513211309
"SN532_CCCATTGCAGGTCAAG","Ex_DACH2_TAC1","Glut-DACH2-8",0.419615705745054
"SN532_GGCTTGGTCATTACCT","Ex_DACH2_MGAT4C","Glut-DACH2-HVCra-Int",0.370372787633669
"SN532_GATCAGTCACGGCACT","Ex_DACH2_ADAMTS5","Glut-DACH2-5",0.585801292204112
"SN532_CGTGAATAGCGTGTCC","Ex_DACH2_ZMAT4","Glut-DACH2-8",0.864684072639158
"SN532_CTAACTTGTGACGTCC","Ex_DACH2_ADAMTS5","Glut-DACH2-5",0.743938532440631
"SN532_GGGCGTTTCTATACGG","Ex_DACH2_NR4A3","Glut-DACH2-7",0.399673250763962
"SN532_CTTCTCTGTTACGTAC","Ex_DACH2_TAC1","Glut-DACH2-8",0.460130996980693
"SN532_CAACGATAGATACTGA","Ex_DACH2_TAC1","Glut-DACH2-6",0.513576032222304
"SN532_AACGTCAGTAGCGAGT","Ex_DACH2_ITGA9","Glut-DACH2-3",0.530883456122473
"SN532_TCCCAGTGTATCAGCT","Ex_DACH2_GRIK4","Glut-DACH2-2",0.52970597112089
"SN532_CGGCAGTTCACACGAT","Ex_DACH2_ITGA9","Glut-DACH2-8",0.325928588631357
"SN532_GCCGATGAGATCCAAA","Ex_DACH2_MGAT4C","Glut-DACH2-2",0.378019180629142
"SN532_AGGCTGCTCCACGTAA","Ex_DACH2_ZMAT4","Glut-DACH2-8",0.909167037213301
"SN532_GTAGCTAAGGTTTACC","Ex_DACH2_NR4A3","Glut-DACH2-7",0.561723028139842
"SN532_ACGATGTTCTAGAACC","Ex_DACH2_NR4A3","Glut-DACH2-HVCra",0.249368671869468
"SN532_TACGGGCCAAGTCGTT","Ex_DACH2_ADAMTS5","Glut-DACH2-7",0.525527679901312
"SN532_CACTGGGTCATAGCAC","Ex_DACH2_ZMAT4","Glut-DACH2-8",0.951104375644665
"SN532_ATGCGATAGGAGTACC","Ex_DACH2_ITGA9","Glut-DACH2-2",0.387166721425299
"SN532_CTCCACAAGTTGCATC","Ex_DACH2_CEMIP","Glut-DACH2-6",0.758909967411168
"SN532_CGCATAACAATCGCCG","Ex_DACH2_TAC1","Glut-DACH2-8",0.586826019961872
"SN532_AGAAATGGTGGCTCTG","Ex_DACH2_TAC1","Glut-DACH2-8",0.817200469529468
"SN532_GGAATGGCAGACCAGA","Ex_DACH2_CEMIP","Glut-DACH2-4",0.28559987421213
"SN532_GAGATGGCAGACCAGA","Ex_DACH2_ZMAT4","Glut-DACH2-8",0.825929806829704
"SN532_GCTGAATCACTACTTT","Ex_DACH2_ADAMTS5","Glut-DACH2-2",0.564345482157109
"SN532_TCGACCTTCCTTATCA","Ex_DACH2_NR4A3","Glut-DACH2-1",0.419968007253647
"SN532_GGGTGAAAGCAACTCT","Ex_DACH2_CEMIP","Glut-DACH2-6",0.846072905560875
"SN532_TGAGTCAGTCAGCTTA","Ex_DACH2_NR4A3","Glut-DACH2-7",0.497445673179823
"SN532_TCATATCTCCGATGTA","Ex_DACH2_ITGA9","Glut-DACH2-8",0.561437213505585
"SN532_ACTTAGGAGGTAAGAG","Ex_DACH2_CEMIP","Glut-DACH2-6",0.849950220157329
"SN532_TTTCACATCATGGTAC","Ex_DACH2_GRIK4","Glut-DACH2-2",0.474081301062409
"SN532_GGACGTCGTACGGATG","Ex_DACH2_ZMAT4","Glut-DACH2-8",0.728743388388396
"SN532_GTCATCCTCGAGTGGA","Ex_DACH2_NR4A3","Glut-DACH2-7",0.445443759809496
"SN532_GATCACACAGTATACC","Ex_DACH2_NR4A3","Glut-DACH2-7",0.633913464107208
"SN532_CCCTGATTCCATATGG","Ex_DACH2_ZMAT4","Glut-DACH2-8",0.917471636214151
"SN532_TTTACGTAGGGCCCTT","Ex_DACH2_ZMAT4","Glut-DACH2-8",0.897965898735943
"SN532_GGCAGTCCAGCGCTTG","Ex_DACH2_CEMIP","Glut-DACH2-6",0.793399496546679
"SN532_CTAGACAAGTACAGCG","Ex_DACH2_ITGA9","Glut-DACH2-8",0.632123874552334
"SN532_TAGGTACTCATACGAC","Ex_DACH2_ZMAT4","Glut-DACH2-8",0.895836191127934
"SN532_CTAGGTACAGGATTCT","Ex_DACH2_NR4A3","Glut-DACH2-7",0.44140669437656
"SN532_GACATCACAACTACGT","Ex_DACH2_GRIK4","Glut-DACH2-1",0.393818711098303
"SN532_AATCACGAGCACCCAC","Ex_DACH2_MGAT4C","Glut-DACH2-2",0.385226037585031
"SN532_TCATTACCAAAGACGC","Ex_DACH2_NR4A3","Glut-DACH2-7",0.405430202129773
"SN532_GTAACACTCCCGAGGT","Ex_DACH2_MGAT4C","Glut-DACH2-7",0.436269866738706
"SN532_TCTCACGTCTTCTGTA","Ex_DACH2_MGAT4C","Glut-DACH2-5",0.34599590762238
"SN532_GATGTTGGTGGTCCCA","Ex_DACH2_ZMAT4","Glut-DACH2-8",0.868466597110589
"SN532_GACCGTGGTCAATCTG","Ex_DACH2_ITGA9","Glut-DACH2-2",0.39486537891671
"SN532_ATACTTCGTGACAGGT","Ex_DACH2_TAC1","Glut-DACH2-8",0.344254430541365
"SN532_AGTACTGGTCGCGTTG","Ex_DACH2_LHX2","Glut-DACH2-2",0.639781926201513
"SN532_TCACAAGCACCGGAAA","Ex_CACNA1H_MCTP2","Glut-DACH2-2",0.686631125262286
"SN532_CGGGCATAGTTTCGAC","Ex_DACH2_ZMAT4","Glut-DACH2-8",0.817905445208372
"SN532_AAAGTCCAGGATTTCC","Ex_DACH2_GRIK4","Glut-DACH2-2",0.69276313574806
"SN532_CTTCTAACATGCTGCG","Ex_DACH2_ITGA9","Glut-DACH2-3",0.482170401913366
"SN532_GTCATGACACTCCGAG","Ex_DACH2_TAC1","Glut-DACH2-8",0.731920585705389
"SN532_CTGAGGCTCGAAGTGG","Ex_DACH2_CEMIP","Glut-DACH2-6",0.474106370606865
"SN532_GACTCAATCTATACTC","Ex_DACH2_MGAT4C","Glut-DACH2-2",0.604958139387719
"SN532_TCAGTTTCACATAACC","Ex_DACH2_ZMAT4","Glut-DACH2-8",0.950908930000302
"SN532_CACGTTCAGCTGCCAC","Ex_DACH2_ZMAT4","Glut-DACH2-8",0.498064589656665
"SN532_ATCCCTGTCGTTCAGA","Ex_DACH2_ZMAT4","Glut-DACH2-8",0.761691649795215
"SN532_CTCATTAAGGTCGCCT","Ex_DACH2_NR4A3","Glut-DACH2-7",0.375374254283953
"SN532_CCCTTAGTCAGAGTGG","Ex_DACH2_NR4A3","Glut-DACH2-7",0.508236286188534
"SN532_CCGTTCAAGGTTCCGC","Ex_DACH2_ADAMTS5","Glut-DACH2-7",0.573756417382973
"SN532_TACACCCGTTGCGGAA","Ex_DACH2_ITGA9","Glut-DACH2-2",0.45923835110267
"SN532_GTGGTTAGTGAGCCAA","Ex_DACH2_ITGA9","Glut-DACH2-8",0.390410258435993
"SN532_ACCCTCAGTCAGGTAG","Ex_DACH2_TAC1","Glut-DACH2-8",0.844996378360847
"SN532_CCTCTAGGTCTTGCGG","Ex_DACH2_ITGA9","Glut-DACH2-4",0.420988441889459
"SN532_AGAGCCCAGAACAGGA","Ex_DACH2_MGAT4C","Glut-DACH2-2",0.372467430807576
"SN532_TTACGCCTCTAGTGTG","Ex_DACH2_NR4A3","Glut-DACH2-1",0.364553439299711
"SN532_CTTCGGTGTTTCAGAC","Ex_DACH2_LHX2","Glut-DACH2-2",0.494627411542338
"SN532_AACGTCAAGCGATGAC","Ex_DACH2_ITGA9","Glut-DACH2-6",0.427074337929339
"SN532_CGAGTTAGTTAAAGTG","Ex_DACH2_GRIK4","Glut-DACH2-2",0.485306925199556
"SN532_TTACAGGTCATTACCT","Ex_DACH2_TAC1","Glut-DACH2-6",0.421602020991832
"SN532_AGCATCATCGGTCATA","Ex_DACH2_MGAT4C","Glut-DACH2-2",0.441990767546367
"SN532_CGTTCTGCAATATCCG","Ex_DACH2_TAC1","Glut-DACH2-8",0.479256712876451
"SN532_GGGAGTAGTCGTCAGC","Ex_DACH2_ZMAT4","Glut-DACH2-8",0.635394669973059
"SN532_TGTTCATCAAACCGGA","Ex_DACH2_TAC1","Glut-DACH2-8",0.364728131422132
"SN532_GTCGTAAGTGGGCTTC","Ex_DACH2_ZMAT4","Glut-DACH2-8",0.899788301585962
"SN532_TCAGCAACAGAGTCTT","Ex_DACH2_TAC1","Glut-DACH2-8",0.673138301205742
"SN532_GTCACTCGTCCAGGTC","Ex_DACH2_LHX2","Glut-DACH2-2",0.642045220047799
"SN532_ATCGGCGTCCTAGAGT","Ex_DACH2_ITGA9","Glut-DACH2-4",0.304257570273638
"SN532_GCCAGCAAGGTCTTTG","Ex_DACH2_TAC1","Glut-DACH2-6",0.419367685308762
"SN532_GCAGTTAAGGACTATA","Ex_DACH2_CEMIP","Glut-DACH2-6",0.482554543162026
"SN532_AACACACTCAGGACAG","Ex_DACH2_TAC1","Glut-DACH2-6",0.403957918821086
"SN532_CAACGGCCATCGTGGC","Ex_DACH2_TAC1","Glut-DACH2-8",0.795056539026736
"SN532_CTGCGAGCAAGTGCAG","Ex_DACH2_CEMIP","Glut-DACH2-6",0.829503266033131
"SN532_TGTCCCAAGCCGGAAT","Ex_DACH2_CEMIP","Glut-DACH2-6",0.418414539294122
"SN532_AGAAGCGAGTGCGCTC","Ex_DACH2_TAC1","Glut-DACH2-6",0.420573906009052
"SN532_CTCAGAACAATTTCGG","Ex_DACH2_ITGA9","Glut-DACH2-8",0.527855895258525
"SN532_TTGGATGGTTGTTGCA","Ex_DACH2_ADAMTS5","Glut-DACH2-5",0.332766515995256
"SN532_TATTTCGTCGATTTCT","Ex_DACH2_MGAT4C","Glut-DACH2-1",0.472474598164533
"SN532_CAGTGCGGTGAGTAGC","Ex_DACH2_MGAT4C","Glut-DACH2-2",0.554277892703428
"SN532_AGAACCTGTGCTGTCG","Ex_DACH2_NR4A3","Glut-DACH2-2",0.324744555573719
"SN532_CACGTGGGTATCGCGC","Ex_DACH2_TAC1","Glut-DACH2-8",0.458571345343114
"SN532_TTGATGGGTATTTCGG","Ex_DACH2_ITGA9","Glut-DACH2-8",0.460029545455179
"SN532_AACCTGACACTGCGTG","Ex_DACH2_TAC1","Glut-DACH2-8",0.578781910745277
"SN532_TAACCAGAGACCAAGC","Ex_DACH2_GRIK4","Glut-DACH2-1",0.421016384533776
"SN532_AGGGCCTTCGCTTAAG","Ex_DACH2_MGAT4C","Glut-DACH2-7",0.400973067880881
"SN532_AGAACCTGTACACTCA","Ex_DACH2_ITGA9","Glut-DACH2-3",0.782492421228512
"SN532_TAGCACATCGGCCTTT","Ex_DACH2_TAC1","Glut-DACH2-6",0.373366407332762
"SN532_CTTACCGGTCTCCTGT","Ex_DACH2_TAC1","Glut-DACH2-8",0.713107952719479
"SN532_ACTTAGGTCTGAATCG","Ex_DACH2_TAC1","Glut-DACH2-3",0.364097992281775
"SN532_GACTGATCATAGTCAC","Ex_DACH2_TAC1","Glut-DACH2-8",0.715035663836412
"SN532_GAGAGGTGTAGCTGAG","Ex_DACH2_NR4A3","Glut-DACH2-2",0.456206316410065
"SN532_GACCGTGAGAGGTCGT","Ex_DACH2_GRIK4","Glut-DACH2-2",0.620395835695164
"SN532_TGAGCATCATCGAACT","Ex_DACH2_TAC1","Glut-DACH2-8",0.545709115089394
"SN532_CACTGAAGTCATCGCG","Ex_DACH2_GRIK4","Glut-DACH2-2",0.603886372195063
"SN532_GTCATCCCACTATCCC","Ex_DACH2_NR4A3","Glut-DACH2-2",0.595122086619581
"SN532_ATGTCCCGTACCAATC","Ex_DACH2_TAC1","Glut-DACH2-LMANco",0.402831447262077
"SN532_TCCTAATAGTGGGAAA","Ex_DACH2_ADAMTS5","Glut-DACH2-5",0.410068490703911
"SN532_GAGTCATCACCCGTAG","Ex_DACH2_NR4A3","Glut-DACH2-7",0.768800182921123
"SN532_GCTTTCGGTAAGTTAG","Ex_DACH2_TAC1","Glut-DACH2-8",0.476028962465304
"SN532_TCTATACTCGTCAACA","Ex_DACH2_ITGA9","Glut-DACH2-2",0.405974547154526
"SN532_TCATTGTTCTAGTACG","Ex_DACH2_GRIK4","Glut-DACH2-2",0.455151985303545
"SN532_TTCTTGATCCAGGACC","Ex_DACH2_ADAMTS5","Glut-DACH2-5",0.714728586061915
"SN532_ACGGGTCCAAATCAAG","Ex_DACH2_TAC1","Glut-DACH2-8",0.647726415945223
"SN532_TTCCGTGGTCACTCAA","Ex_DACH2_NR4A3","Glut-DACH2-2",0.308157685933547
"SN532_TGTCCTGTCACCCTTG","Ex_DACH2_ZMAT4","Glut-DACH2-8",0.71888839380335
"SN532_TGCCGAGGTGAGAACC","Ex_DACH2_NR4A3","Glut-DACH2-1",0.836951956119258
"SN532_TTTGATCTCGCTGCGA","Ex_DACH2_ADAMTS5","Glut-DACH2-5",0.475331356521256
"SN532_GTCGCGAGTTGCTAGT","Ex_DACH2_GRIK4","Glut-DACH2-1",0.322379219632186
"SN532_AGCATCAGTATGTGTC","Ex_DACH2_MGAT4C","Glut-DACH2-HVCra-Int",0.450928756640615
"SN532_TCACACCCAATTTCCT","Ex_DACH2_ZMAT4","Glut-DACH2-8",0.857679319577418
"SN532_ATTGTTCAGGCGATAC","Ex_DACH2_ITGA9","Glut-DACH2-8",0.51492772247844
"SN532_GCTTTCGCAATGTCAC","Ex_DACH2_CEMIP","Glut-DACH2-6",0.65516430522426
"SN532_GGAGGTACAGATACCT","Ex_DACH2_TAC1","Glut-DACH2-6",0.418173896025348
"SN532_TTCCTTCAGTTTCGAC","Ex_DACH2_MGAT4C","Glut-DACH2-2",0.494710438106932
"SN532_GTCAGCGTCCGCTGTT","Ex_DACH2_MGAT4C","Glut-DACH2-2",0.421580467505938
"SN532_AGGGTGAGTCTCCTGT","Ex_DACH2_MGAT4C","Glut-DACH2-7",0.586469165336518
"SN532_TTAATCCCATGAATCC","Ex_DACH2_ITGA9","Glut-DACH2-3",0.575441720678072
"SN532_GCAGTTATCGATAACC","Ex_DACH2_ITGA9","Glut-DACH2-8",0.671422316782412
"SN532_TAACTTCAGAAGCTCG","Ex_DACH2_ZMAT4","Glut-DACH2-8",0.360358344018221
"SN532_GAGTTGTGTATTGACC","Ex_DACH2_NR4A3","Glut-DACH2-1",0.518008719423341
"SN532_GTCTACCGTCAAGCGA","Ex_DACH2_ZMAT4","Glut-DACH2-8",0.749085366760504
"SN532_GATCAGTTCATCACCC","Ex_DACH2_TAC1","Glut-DACH2-8",0.411159029509826
"SN532_AACGGGACAGCGACAA","Ex_DACH2_ITGA9","Glut-DACH2-8",0.577298557573181
"SN532_GAGGCCTGTCGCAGTC","Ex_DACH2_TAC1","Glut-DACH2-8",0.608403744842682
"SN532_TCGGATAGTATCGGTT","Ex_DACH2_ZMAT4","Glut-DACH2-8",0.594440351102038
"SN532_CGATGGCCAACGGGTA","Ex_DACH2_MGAT4C","Glut-DACH2-HVCra-Int",0.334505029780192
"SN532_TCGTCCACATCCCGTT","Ex_DACH2_ITGA9","Glut-DACH2-2",0.223323688333729
"SN532_GGGTTTATCATGCCGG","Ex_DACH2_ADAMTS5","Glut-DACH2-7",0.446104126310258
"SN532_GAGCCTGTCCTATTTG","Ex_DACH2_TAC1","Glut-DACH2-8",0.551573646341646
"SN532_CTTCAATAGGGTTAAT","Ex_DACH2_GRIK4","Glut-DACH2-1",0.371450672814043
"SN532_AGCGTATAGACTGAGC","Ex_DACH2_ZMAT4","Glut-DACH2-8",0.820340604357875
"SN532_AAACGCTCAAATCGGG","Ex_DACH2_LHX2","Glut-DACH2-2",0.646601912055737
"SN532_CATTCTAAGCCGCTTG","Ex_DACH2_TAC1","Glut-DACH2-LMANco",0.572007591806911
"SN532_CGAATTGTCCGATGCG","Ex_DACH2_ITGA9","Glut-DACH2-2",0.700272651246394
"SN532_CACGAATTCGAAACAA","Ex_DACH2_ITGA9","Glut-DACH2-2",0.686849831472613
"SN532_ATTCAGGTCCGTACGG","Ex_DACH2_MGAT4C","Glut-DACH2-2",0.417926789101367
"SN532_CCTCAACGTGTTGAGG","Ex_DACH2_ADAMTS5","Glut-DACH2-7",0.549678986825327
"SN532_CTGTACCCACGTGTGC","Ex_DACH2_ZMAT4","Glut-DACH2-8",0.915523705203499
"SN532_ATCGTCCGTCGCAGTC","Ex_DACH2_ZMAT4","Glut-DACH2-8",0.879130597258568
"SN532_GACTATGAGAGCTGAC","Ex_DACH2_TAC1","Glut-DACH2-3",0.639523902542317
"SN532_TTTACGTGTCCTGGGT","Ex_DACH2_MGAT4C","Glut-DACH2-7",0.29704125161001
"SN532_GGTCTGGAGCTCGGCT","Ex_DACH2_ZMAT4","Glut-DACH2-8",0.630482102947951
"SN532_CATCGCTTCATTTGGG","Ex_DACH2_TAC1","Glut-DACH2-8",0.638348910834521
"SN532_GGTGGCTTCTGAACGT","Ex_DACH2_NR4A3","Glut-DACH2-7",0.828218768857861
"SN532_TATTCCAAGAGTGTTA","Ex_DACH2_TAC1","Glut-DACH2-3",0.296663074848469
"SN532_CTCAGGGGTTGACTAC","Ex_DACH2_ITGA9","Glut-DACH2-8",0.81654014546797
"SN532_CCTACGTAGACCCGCT","Ex_DACH2_ADAMTS5","Glut-DACH2-2",0.316012572855583
"SN532_TCTACCGAGAGGGTGG","Ex_DACH2_TAC1","Glut-DACH2-8",0.327580141360005
"SN532_ACAGCCGGTAGACAAT","Ex_DACH2_ZMAT4","Glut-DACH2-8",0.614392606625547
"SN532_TTCCTAACAGAACATA","Ex_DACH2_TAC1","Glut-DACH2-6",0.362537398712035
"SN532_ACGGGTCTCGTACCTC","Ex_DACH2_TAC1","Glut-DACH2-8",0.413069567498772
"SN532_GAGGGATCAACCCTAA","Ex_DACH2_TAC1","Glut-DACH2-6",0.419607714680848
"SN532_TGGGAAGAGTTGCCCG","Ex_DACH2_TAC1","Glut-DACH2-6",0.367191295139877
"SN532_CCTCTCCAGGTCATTC","Ex_DACH2_ITGA9","Glut-DACH2-8",0.411340119750359
"SN532_AAGCCATTCGACCACG","Ex_DACH2_GRIK4","Glut-DACH2-7",0.670690064443318
"SN532_AGAGCAGTCATTGAGC","Ex_DACH2_ITGA9","Glut-DACH2-HVCra",0.395237271998632
"SN532_CGCCATTAGCGTTAGG","Ex_DACH2_ADAMTS5","Glut-DACH2-5",0.585650288987579
"SN532_CACCAAACATACTTTC","Ex_DACH2_GRIK4","Glut-DACH2-2",0.406215470702842
"SN532_CTGGCAGGTTGGACCC","Ex_DACH2_MGAT4C","Glut-DACH2-2",0.473529188445889
"SN532_GACAGCCCAGTCTCTC","Ex_DACH2_TAC1","Glut-DACH2-3",0.657119108856697
"SN532_TGATTCTAGTTGGAAT","Ex_DACH2_ITGA9","Glut-DACH2-8",0.600529724651053
"SN532_AAGTTCGTCACCTTGC","Ex_DACH2_TAC1","Glut-DACH2-3",0.683286239513034
"SN532_ACACTGATCCCATAAG","Ex_DACH2_ITGA9","Glut-DACH2-6",0.385122055071122
"SN532_CATTGTTCAGCCGTTG","Ex_DACH2_TAC1","Glut-DACH2-8",0.526037111471807
"SN532_AGCGCTGTCTGCTGAA","Ex_DACH2_ZMAT4","Glut-DACH2-6",0.355242046623485
"SN532_TCGTGGGGTGTGCTTA","Ex_DACH2_ITGA9","Glut-DACH2-2",0.754918473531797
"SN532_TCATTACAGCTGCGAA","Ex_DACH2_TAC1","Glut-DACH2-8",0.492246268011701
"SN532_AAGCATCAGTGCCCGT","Ex_DACH2_ITGA9","Glut-DACH2-8",0.687516263785385
"SN532_GTCCACTAGAAGCTCG","Ex_DACH2_ADAMTS5","Glut-DACH2-5",0.604300840159681
"SN532_CTATAGGTCTCGGTCT","Ex_DACH2_TAC1","Glut-DACH2-8",0.47624987950218
"SN532_GGGTAGATCGTTCCTG","Ex_DACH2_TAC1","Glut-DACH2-6",0.294021026497194
"SN532_AGCGATTTCATAAGGA","Ex_DACH2_NR4A3","Glut-DACH2-1",0.527597097769404
"SN532_GATTCTTGTACGTAGG","Ex_DACH2_ADAMTS5","Glut-DACH2-5",0.502881307187479
"SN532_CTCAGAAGTAGCACAG","Ex_DACH2_TAC1","Glut-DACH2-7",0.361477169665238
"SN532_CAACGATTCATAGGCT","Ex_DACH2_ITGA9","Glut-DACH2-3",0.680449714040506
"SN532_ATTCCCGAGCCTAGGA","Ex_DACH2_ITGA9","Glut-DACH2-2",0.542110942104003
"SN532_CGGGCATTCCCAAGCG","Ex_DACH2_ADAMTS5","Glut-DACH2-2",0.399272174336387
"SN532_GCGGATCTCTGGGATT","Ex_DACH2_CEMIP","Glut-DACH2-6",0.560108922971625
"SN532_GTCAGCGTCACCTTAT","Ex_DACH2_TAC1","Glut-DACH2-8",0.766996702296556
"SN532_CGCCATTGTGCCTGCA","Ex_DACH2_ADAMTS5","Glut-DACH2-5",0.62652647291215
"SN532_CAGCAATTCTCAGGCG","Ex_DACH2_ZMAT4","Glut-DACH2-8",0.923759260078951
"SN532_TGTTGGAAGACATGCG","Ex_DACH2_ZMAT4","Glut-DACH2-8",0.881270488674086
"SN532_CGTGATACATGTTCGA","Ex_DACH2_NR4A3","Glut-DACH2-7",0.463586781678384
"SN532_CTTCCTTTCGATTTCT","Ex_DACH2_GRIK4","Glut-DACH2-1",0.379452904105487
"SN532_CGAATTGGTGTTTGCA","Ex_DACH2_TAC1","Glut-DACH2-8",0.576708598135051
"SN532_ACTTTGTCAGGTTCAT","Ex_DACH2_TAC1","Glut-DACH2-6",0.587843832812193
"SN532_TAAGCCAGTCGGATTT","Ex_DACH2_ZMAT4","Glut-DACH2-8",0.893358492534876
"SN532_ATGAGGGAGTAGAGTT","Ex_DACH2_ZMAT4","Glut-DACH2-8",0.500726609570801
"SN532_CTACCCAGTCACTACA","Ex_DACH2_ITGA9","Glut-DACH2-8",0.352911136888643
"SN532_ACCTGAAAGAGGTCGT","Ex_DACH2_ITGA9","Glut-DACH2-2",0.554770294998028
"SN532_CTTTCGGGTAGGCTGA","Ex_DACH2_ADAMTS5","Glut-DACH2-7",0.502204299134627
"SN532_TATATCCCAGACCAGA","Ex_DACH2_ITGA9","Glut-DACH2-8",0.166162173911426
"SN532_GGTCTGGGTCTGTTAG","Ex_DACH2_TAC1","Glut-DACH2-8",0.443415432901046
"SN532_GTGCGTGAGCTGAGCA","Ex_DACH2_NR4A3","Glut-DACH2-7",0.383619732453434
"SN532_CCTTCAGTCAGTGTGT","Ex_DACH2_TAC1","Glut-DACH2-8",0.723914403546916
"SN532_AGCGATTGTCCTCATC","Ex_DACH2_ITGA9","Glut-DACH2-2",0.389267236983757
"SN532_ATTCATCCATCTATCT","Ex_DACH2_GRIK4","Glut-DACH2-1",0.284797409052478
"SN532_AGTGACTGTCCCGGTA","Ex_DACH2_ADAMTS5","Glut-DACH2-5",0.518851064961191
"SN532_CACCGTTAGAAATCCA","Ex_DACH2_ZMAT4","Glut-DACH2-8",0.736485200568264
"SN532_GAGAGGTGTGTTCATG","Ex_DACH2_GRIK4","Glut-DACH2-1",0.674018344461265
"SN532_CAGAGCCTCTCAAAGC","Ex_DACH2_ZMAT4","Glut-DACH2-8",0.852133107761335
"SN532_GCCAGTGCATATCTGG","Ex_DACH2_ITGA9","Glut-DACH2-3",0.460603287045388
"SN532_TACAGGTAGAATGTTG","Ex_DACH2_LHX2","Glut-DACH2-2",0.584877491140886
"SN532_TCGACCTAGCCGGATA","Ex_DACH2_CEMIP","Glut-DACH2-6",0.428012056355318
"SN532_CGAATTGAGCCAAGCA","Ex_DACH2_LHX2","Glut-DACH2-2",0.415983729948507
"SN532_TCATTCAGTCCCACGA","Ex_DACH2_ITGA9","Glut-DACH2-2",0.559780167845533
"SN532_GGGACCTGTACAGAAT","Ex_DACH2_TAC1","Glut-DACH2-6",0.359344255134601
"SN532_GTTAGACAGCCTCAAT","Ex_DACH2_ADAMTS5","Glut-DACH2-5",0.55482593457495
"SN532_ACATCCCCAATGAAAC","Ex_DACH2_TAC1","Glut-DACH2-8",0.304159464835907
"SN532_TTAGGGTAGCATACTC","Ex_DACH2_ADAMTS5","Glut-DACH2-7",0.590109633308526
"SN532_AAAGAACTCCATAAGC","Ex_DACH2_MGAT4C","Glut-DACH2-1",0.406546609164683
"SN532_GAGCCTGAGCCAGACA","Ex_DACH2_TAC1","Glut-DACH2-8",0.927377388271098
"SN532_TCGGATAGTATGGTAA","Ex_DACH2_GRIK4","Glut-DACH2-2",0.541931081600365
"SN532_GTCATCCTCGCTTGCT","Ex_DACH2_GRIK4","Glut-DACH2-2",0.447755276776327
"SN532_CGCATGGGTCCAACGC","Ex_DACH2_ITGA9","Glut-DACH2-3",0.575679224348745
"SN532_TGTGGCGCAGCCCAGT","Ex_DACH2_NR4A3","Glut-DACH2-7",0.318244004716122
"SN532_CTGAGGCAGGTCGTAG","Ex_DACH2_NR4A3","Glut-DACH2-7",0.517611261997267
"SN532_ACTGTGATCGGAGTGA","Ex_DACH2_ZMAT4","Glut-DACH2-8",0.809358071992638
"SN532_TCATTGTTCCATTTGT","Ex_DACH2_ITGA9","Glut-DACH2-6",0.307936133473589
"SN532_TTTACCACAAATGGCG","Ex_DACH2_MGAT4C","Glut-DACH2-3",0.237946140634676
"SN532_GTGACGCCACAGACGA","Ex_DACH2_MGAT4C","Glut-DACH2-2",0.533765547526424
"SN532_GGGTTATAGAGCAGCT","Ex_DACH2_ZMAT4","Glut-DACH2-8",0.552090707884348
"SN532_GTCATGATCTCGCAGG","Ex_DACH2_ZMAT4","Glut-DACH2-4",0.314783726162247
"SN532_AGGTTACGTCTGATCA","Ex_DACH2_ITGA9","Glut-DACH2-HVCra-Int",0.231267856082542
"SN532_AGGATAAGTATAGCTC","Ex_DACH2_TAC1","Glut-DACH2-8",0.690716427032398
"SN532_AGCGCTGGTACAGGTG","Ex_DACH2_ITGA9","Glut-DACH2-8",0.9618806522129
"SN532_TTCCGGTTCTTCCACG","Ex_DACH2_GRIK4","Glut-DACH2-2",0.362859818968527
"SN532_GCCAGCAAGGTTCTTG","Ex_DACH2_LHX2","Glut-DACH2-2",0.5491056878903
"SN532_GGGACTCTCTCGAACA","Ex_DACH2_ZMAT4","Glut-DACH2-8",0.961451329265289
"SN532_ACTGTGAAGAGGCTGT","Ex_DACH2_GRIK4","Glut-DACH2-2",0.753364497520622
"SN532_TGTTACTTCAACGTGT","Ex_DACH2_GRIK4","Glut-DACH2-2",0.682938940070859
"SN532_ACATCGAGTAACAGGC","Ex_DACH2_TAC1","Glut-DACH2-8",0.622804455662109
"SN532_TGCATGAGTGGAAGTC","Ex_DACH2_NR4A3","Glut-DACH2-2",0.490832023059321
"SN532_TATCTGTAGTCAACAA","Ex_DACH2_ADAMTS5","Glut-DACH2-2",0.565526098341531
"SN532_GTGGGAAAGACCGCCT","Ex_DACH2_NR4A3","Glut-DACH2-2",0.485822570811472
"SN532_CAGCACGCAAGCTGCC","Ex_DACH2_NR4A3","Glut-DACH2-7",0.552424699987104
"SN532_GGAGATGTCTTTCGAT","Ex_DACH2_ZMAT4","Glut-DACH2-8",0.697819005601789
"SN532_TCTCCGACATGCAGGA","Ex_DACH2_TAC1","Glut-DACH2-3",0.603766683131191
"SN532_CATGCAAAGAGCAAGA","Ex_DACH2_NR4A3","Glut-DACH2-7",0.39758213995349
"SN532_CAATCGAGTACGAAAT","Ex_DACH2_ITGA9","Glut-DACH2-8",0.182445912013246
"SN532_AGGACTTCAACAAGAT","Ex_DACH2_MGAT4C","Glut-DACH2-2",0.306432066165265
"SN532_AGTACTGGTTGTGCAT","Ex_DACH2_GRIK4","Glut-DACH2-2",0.574399418534815
"SN532_ATGAGGGTCGGTAAGG","Ex_DACH2_ITGA9","Glut-DACH2-2",0.357485554650989
"SN532_TAACACGTCCCAATAG","Ex_DACH2_TAC1","Glut-DACH2-3",0.569228096385042
"SN532_CTAGGTAAGTAACGAT","Ex_DACH2_NR4A3","Glut-DACH2-2",0.330629232408239
"SN532_TACCTGCTCATAAGGA","Ex_DACH2_TAC1","Glut-DACH2-3",0.654620327938852
"SN532_GTTAGTGAGGTAGACC","Ex_DACH2_MGAT4C","Glut-DACH2-HVCra-Int",0.419444243876828
"SN532_CAACCAAGTGGGTTGA","Ex_DACH2_ITGA9","Glut-DACH2-8",0.276894501323104
"SN532_GTAGGTTCAATGTCTG","Ex_DACH2_NR4A3","Glut-DACH2-7",0.639620728860444
"SN532_AGTTCGATCTGAGAGG","Ex_DACH2_NR4A3","Glut-DACH2-7",0.395041851873862
"SN532_AGAGCAGAGCTATCCA","Ex_DACH2_LHX2","Glut-DACH2-2",0.585094289707831
"SN532_CACAGGCTCTCATTTG","Ex_DACH2_ADAMTS5","Glut-DACH2-5",0.644710686657935
"SN532_CTCAAGATCCACGTGG","Ex_DACH2_NR4A3","Glut-DACH2-7",0.711136307237071
"SN532_TGTTCTAAGTCACGAG","Ex_DACH2_MGAT4C","Glut-DACH2-1",0.397001642275927
"SN532_GAGACTTAGCCAAGTG","Ex_DACH2_MGAT4C","Glut-DACH2-2",0.35243548260078
"SN532_CTCTCAGAGAGTGTTA","Ex_DACH2_ITGA9","Glut-DACH2-8",0.274805038651129
"SN532_TAAGCGTAGAATCCCT","Ex_DACH2_MGAT4C","Glut-DACH2-1",0.361871250770506
"SN532_TTACAGGAGAGTCGAC","Ex_DACH2_ADAMTS5","Glut-DACH2-7",0.622769179602312
"SN532_TGTGCGGAGACTGTTC","Ex_DACH2_GRIK4","Glut-DACH2-1",0.438572549541387
"SN532_GGGTATTGTCCTGAAT","Ex_DACH2_ITGA9","Glut-DACH2-8",0.496971483562974
"SN532_CGATCGGAGTCCGCGT","Ex_DACH2_GRIK4","Glut-DACH2-1",0.544232298551683
"SN532_ATACCTTAGATAACGT","Ex_DACH2_TAC1","Glut-DACH2-3",0.49848834795993
"SN532_GCACGTGTCGATACTG","Ex_DACH2_ADAMTS5","Glut-DACH2-7",0.470879656845594
"SN532_GGTGAAGTCCGCGATG","Ex_DACH2_NR4A3","Glut-DACH2-2",0.537788010917073
"SN532_TCACTCGTCGACGTCG","Ex_DACH2_MGAT4C","Glut-DACH2-7",0.3739136636356
"SN532_TCGGGTGGTCTAACGT","Ex_DACH2_TAC1","Glut-DACH2-LMANco",0.323042193444343
"SN532_TGCCGAGAGTGAGTGC","Ex_DACH2_GRIK4","Glut-DACH2-2",0.61147334722726
"SN532_TCAGTCCAGGATGAGA","Ex_DACH2_ADAMTS5","Glut-DACH2-6",0.355893630414292
"SN532_CGTCAAAGTTTGCCGG","Ex_DACH2_MGAT4C","Glut-DACH2-1",0.37073548668911
"SN532_GCATTAGTCTGGCCTT","Ex_DACH2_TAC1","Glut-DACH2-6",0.478852720859887
"SN532_ACTGTCCGTCCAAATC","Ex_DACH2_LHX2","Glut-DACH2-2",0.588947287655423
"SN532_TCACGCTGTGCGTCGT","Ex_DACH2_ZMAT4","Glut-DACH2-6",0.441517686069215
"SN532_GAATAGAGTACGTAGG","Ex_DACH2_TAC1","Glut-DACH2-6",0.576298009547435
"SN532_TAGGAGGCAACCGTAT","Ex_DACH2_GRIK4","Glut-DACH2-2",0.503497840345784
"SN532_ATTTACCTCGTGAGAG","Ex_DACH2_ADAMTS5","Glut-DACH2-7",0.426793988986173
"SN532_TCCGAAAGTGCAATAA","Ex_DACH2_MGAT4C","Glut-DACH2-7",0.267377225703402
"SN532_TACGGGCAGTATTAGG","Ex_DACH2_ADAMTS5","Glut-DACH2-7",0.679068237420936
"SN532_TGGGCGTGTTAGGCCC","Ex_DACH2_TAC1","Glut-DACH2-6",0.521501274599309
"SN532_TAGGGTTTCCGATGTA","Ex_DACH2_ITGA9","Glut-DACH2-1",0.213073034492472
"SN532_GTTTACTCACACCTGG","Ex_DACH2_TAC1","Glut-DACH2-8",0.275223318274365
"SN532_TACTTACGTGCATGAG","Ex_DACH2_ITGA9","Glut-DACH2-8",0.385857059927867
"SN532_GAGCCTGGTCGGCACT","Ex_DACH2_MGAT4C","Glut-DACH2-HVCra-Int",0.406962534108472
"SN532_CAACGATGTACCTATG","Ex_DACH2_ITGA9","Glut-DACH2-3",0.867610565676366
"SN532_TGGATCAGTCGAATGG","Ex_DACH2_ADAMTS5","Glut-DACH2-5",0.54328491593597
"SN532_TAACTTCCAAGTCGTT","Ex_DACH2_TAC1","Glut-DACH2-8",0.467381568087046
"SN532_GGAATCTTCCTACTGC","Ex_DACH2_GRIK4","Glut-DACH2-1",0.493783605815001
"SN532_GGGTCTGGTGGGAGAG","Ex_DACH2_ADAMTS5","Glut-DACH2-5",0.608472644732157
"SN532_AGCTTCCAGTTGAAAC","Ex_DACH2_GRIK4","Glut-DACH2-2",0.5143638645552
"SN532_GAGGGATAGGTAGTCG","Ex_DACH2_ITGA9","Glut-DACH2-8",0.432228694900814
"SN532_CGTTCTGGTTGCGAAG","Ex_DACH2_ITGA9","Glut-DACH2-3",0.465779782721976
"SN532_AGACACTGTTGTCTAG","Ex_DACH2_NR4A3","Glut-DACH2-1",0.283076983382981
"SN532_ATTACCTCATACAGAA","Ex_DACH2_MGAT4C","Glut-DACH2-7",0.367091292062334
"SN532_CGGTCAGAGGATTCCT","Ex_DACH2_ZMAT4","Glut-DACH2-8",0.795644440323328
"SN532_TCAATCTAGTGTTCCA","Ex_DACH2_GRIK4","Glut-DACH2-2",0.51784529870075
"SN532_CCTACGTTCGGCTTCT","Ex_DACH2_ADAMTS5","Glut-DACH2-7",0.623629309768743
"SN532_AGCCACGGTCGCACGT","Ex_DACH2_LHX2","Glut-DACH2-2",0.788180879992389
"SN532_GTTGTCCTCAGACATC","Ex_DACH2_LHX2","Glut-DACH2-2",0.704914959255846
"SN532_CAGAGCCGTACAGAAT","Ex_DACH2_ADAMTS5","Glut-DACH2-7",0.523932343276222
"SN532_GGTAGAGGTCGAAGCA","Ex_DACH2_MGAT4C","Glut-DACH2-7",0.559986962948269
"SN532_CCGTAGGTCGCCTCTA","Ex_DACH2_GRIK4","Glut-DACH2-1",0.453773440729141
"SN532_ACTATCTTCGTAGTGT","Ex_DACH2_NR4A3","Glut-CACNA1H-3",0.259995786083266
"SN532_CGAAGGAGTGAGATCG","Ex_DACH2_ADAMTS5","Glut-DACH2-5",0.553171640971539
"SN532_GGGTTTACAGGGCTTC","Ex_DACH2_ITGA9","Glut-DACH2-8",0.666624181215353
"SN532_GAGGCAATCTAGGCAT","Ex_DACH2_ADAMTS5","Glut-DACH2-5",0.585547138138384
"SN532_TCCGGGAAGGGTAATT","Ex_DACH2_ZMAT4","Glut-DACH2-8",0.566633373195604
"SN532_TTACTGTAGGTCACAG","Ex_DACH2_ZMAT4","Glut-DACH2-8",0.624617245854985
"SN532_TTGTGGATCGCGTTTC","Ex_DACH2_TAC1","Glut-DACH2-3",0.505512689401547
"SN532_TCTGTCGGTTGCTTGA","Ex_DACH2_MGAT4C","Glut-DACH2-2",0.389732734402418
"SN532_TCTACCGGTTTATGCG","Ex_DACH2_ITGA9","Glut-DACH2-3",0.699029082433149
"SN532_TGACCCTTCGTCGGGT","Ex_DACH2_ITGA9","Glut-DACH2-8",0.812742599097237
"SN532_TAAGTCGAGACGCCCT","Ex_DACH2_ITGA9","Glut-DACH2-3",0.654422247335224
"SN532_TTTAGTCTCATCTACT","Ex_DACH2_ZMAT4","Glut-DACH2-6",0.652957076865898
"SN532_TGTACAGTCTACTATC","Ex_DACH2_MGAT4C","Glut-DACH2-2",0.403836043359366
"SN532_GAGGCAACATGGCTGC","Ex_DACH2_ITGA9","Glut-DACH2-8",0.403179518871471
"SN532_GTGTGGCCAACACAGG","Ex_DACH2_TAC1","Glut-DACH2-8",0.575107964092115
"SN532_TCGGGACCACTGGACC","Ex_DACH2_ZMAT4","Glut-DACH2-8",0.812804630870856
"SN532_GGTGTCGAGTGTGTTC","Ex_DACH2_LHX2","Glut-DACH2-1",0.851582310280185
"SN532_AATCGACCAAGACGAC","Ex_DACH2_ZMAT4","Glut-DACH2-8",0.691473691482808
"SN532_AAACGAATCGCTAATG","Ex_DACH2_ITGA9","Glut-DACH2-1",0.292190450639456
"SN532_CAGAGCCAGAAGTCCG","Ex_DACH2_ITGA9","Glut-DACH2-3",0.510111836305687
"SN532_TCGAAGTGTTAAGGGC","Ex_DACH2_ITGA9","Glut-DACH2-6",0.410582752832298
"SN532_GTAGTACAGGGTACGT","Ex_DACH2_TAC1","Glut-DACH2-3",0.488014102937278
"SN532_GTAGAGGTCACGAGGA","Ex_DACH2_TAC1","Glut-DACH2-3",0.409246606767565
"SN532_ATTCTTGGTACCTAGT","Ex_DACH2_ADAMTS5","Glut-DACH2-7",0.303524075734902
"SN532_CATGAGTGTCTACGAT","Ex_DACH2_ZMAT4","Glut-DACH2-6",0.557229863341857
"SN532_AGCATCAGTTAAGCAA","Ex_DACH2_TAC1","Glut-DACH2-8",0.598682333731648
"SN532_ATGCGATTCATTCGGA","Ex_DACH2_ZMAT4","Glut-DACH2-6",0.444041957099351
"SN532_AAAGTCCCAATGACCT","Ex_DACH2_ADAMTS5","Glut-DACH2-5",0.627564531265375
"SN532_TAGAGTCGTTCTTGCC","Ex_DACH2_ITGA9","Glut-DACH2-8",0.705504481233002
"SN532_CGGAATTGTTTGTTGG","Ex_DACH2_NR4A3","Glut-DACH2-7",0.572285419385453
"SN532_ACTTTCATCGAGTGAG","Ex_DACH2_GRIK4","Glut-DACH2-2",0.503424779209949
"SN532_CGTAATGAGCAATAGT","Ex_DACH2_ADAMTS5","Glut-DACH2-2",0.607359441319487
"SN532_GTCATGACACAGCCAC","Ex_DACH2_ITGA9","Glut-DACH2-3",0.489287740252765
"SN532_ACTATCTTCTGATTCT","Ex_DACH2_GRIK4","Glut-DACH2-2",0.510636259901994
"SN532_TTAATCCCATACTGAC","Ex_DACH2_TAC1","Glut-DACH2-6",0.574793914350089
"SN532_TCAGGTATCGGTGAAG","Ex_DACH2_GRIK4","Glut-DACH2-1",0.543820045212216
"SN532_TCTTTGATCGGCCCAA","Ex_DACH2_MGAT4C","Glut-DACH2-2",0.686797018503547
"SN532_AATGAAGCAAGTACCT","Ex_DACH2_GRIK4","Glut-DACH2-1",0.535034176099266
"SN532_AGATGAATCAACCCGG","Ex_DACH2_TAC1","Glut-DACH2-3",0.392497030526116
"SN532_GTCAAGTGTAGGACTG","Ex_DACH2_GRIK4","Glut-DACH2-2",0.481438176303615
"SN532_AGGATCTTCCAGCAAT","Ex_DACH2_LHX2","Glut-DACH2-2",0.721618641269363
"SN532_GTGACGCTCCGAGATT","Ex_DACH2_LHX2","Glut-DACH2-2",0.715735554514856
"SN532_CAGAGCCGTTTGGGAG","Ex_DACH2_MGAT4C","Glut-DACH2-2",0.410234035763221
"SN532_CATGCGGCAAACCATC","Ex_DACH2_ITGA9","Glut-DACH2-3",0.34943444074237
"SN532_TGATGGTCACTCCTTG","Ex_DACH2_ITGA9","Glut-DACH2-8",0.385660902474584
"SN532_TAATTCCCACTGCACG","Ex_DACH2_ITGA9","Glut-DACH2-8",0.510706506184348
"SN532_CGTGTCTGTTAGCGGA","Ex_DACH2_CEMIP","Glut-DACH2-6",0.560811493206874
"SN532_CCACAAAAGATTACCC","Ex_DACH2_ADAMTS5","Glut-DACH2-1",0.296819105495414
"SN532_CGAGGAACATGCAGCC","Ex_DACH2_LHX2","Glut-DACH2-2",0.726918617888309
"SN532_AGATGAAAGCCACTCG","Ex_DACH2_ZMAT4","Glut-DACH2-8",0.545976178286266
"SN532_AGTGACTGTCGTAATC","Ex_DACH2_MGAT4C","Glut-DACH2-HVCra-Int",0.537160604323823
"SN532_TGGCGTGCAAAGTGTA","Ex_DACH2_TAC1","Glut-DACH2-8",0.610468085443618
"SN532_AAGAACACAGGTGACA","Ex_DACH2_GRIK4","Glut-DACH2-2",0.522121980920898
"SN532_AACAAGAGTATCTCGA","Ex_DACH2_ITGA9","Glut-DACH2-8",0.527362168485488
"SN532_GTGTGATCATGAGGGT","Ex_DACH2_ITGA9","Glut-DACH2-2",0.36402441635882
"SN532_GACCGTGTCTGCATGA","Ex_DACH2_ITGA9","Glut-DACH2-3",0.542336387354225
"SN532_TCCTCTTGTACTCGCG","Ex_DACH2_ITGA9","Glut-DACH2-8",0.542234442038133
"SN532_CTCCAACAGAGAGTGA","Ex_DACH2_ZMAT4","Glut-DACH2-8",0.691195052994004
"SN532_AGACAGGAGGTAATCA","Ex_DACH2_LHX2","Glut-DACH2-2",0.448463059292783
"SN532_GGTAGAGTCGTCCTCA","Ex_DACH2_TAC1","Glut-DACH2-8",0.626118389318347
"SN532_TCTACCGAGGCATCGA","Ex_DACH2_TAC1","Glut-DACH2-8",0.479395030707926
"SN532_AGACACTTCGACGTCG","Ex_DACH2_LHX2","Glut-DACH2-2",0.618914167177532
"SN532_CTGCCTAAGTGCCAGA","Ex_DACH2_ITGA9","Glut-DACH2-8",0.283098772798376
"SN532_CTGTCGTAGGTATTGA","Ex_DACH2_ZMAT4","Glut-DACH2-8",0.791781422487145
"SN532_GTGAGGATCCAGTACA","Ex_DACH2_ADAMTS5","Glut-DACH2-5",0.671379128268369
"SN532_TCTATACAGGTCATCT","Ex_DACH2_MGAT4C","Glut-DACH2-2",0.565244509849234
"SN532_AGGTCTAGTTCGGTTA","Ex_DACH2_ITGA9","Glut-DACH2-8",0.215854005414197
"SN532_TACAGGTAGCTCTATG","Ex_DACH2_ADAMTS5","Glut-DACH2-HVCra-Int",0.166186081286372
"SN532_TGGTTAGAGAAGCTGC","Ex_DACH2_MGAT4C","Glut-DACH2-1",0.407427331129383
"SN532_ATCCCTGAGCAGGGAG","Ex_DACH2_ITGA9","Glut-DACH2-7",0.248474569341742
"SN532_TTCTAACGTTGACGGA","Ex_DACH2_ZMAT4","Glut-DACH2-8",0.677810886958239
"SN532_GTTCATTCAAATCAGA","Ex_DACH2_MGAT4C","Glut-DACH2-HVCra-Int",0.3927788616335
"SN532_TGAATGCCATCTAGAC","Ex_DACH2_TAC1","Glut-DACH2-8",0.367728476425758
"SN532_TGCGGCAAGTTACGTC","Ex_DACH2_ADAMTS5","Glut-DACH2-2",0.30064228139948
"SN532_CTCAGAAAGCTGTGCC","Ex_DACH2_TAC1","Glut-DACH2-8",0.295114038600346
"SN532_GTGTTAGTCTAGCATG","Ex_DACH2_TAC1","Glut-DACH2-3",0.384950587926181
"SN532_ATACCGAGTTCGGTAT","Ex_DACH2_TAC1","Glut-DACH2-6",0.449634513044445
"SN532_TTAATCCGTGCCGTTG","Ex_DACH2_ITGA9","Glut-DACH2-1",0.336916730226751
"SN532_CTGCCTAGTCAGGTAG","Ex_DACH2_ZMAT4","Glut-DACH2-8",0.390216897854611
"SN532_GGGTGAAGTCATCAGT","Ex_DACH2_ADAMTS5","Glut-DACH2-7",0.272237733138571
"SN532_AAACGAATCATAAGGA","Ex_DACH2_ITGA9","Glut-DACH2-8",0.616059992629325
"SN532_TCATATCCATCCGGCA","Ex_DACH2_ITGA9","Glut-DACH2-3",0.423980893542531
"SN532_ACTGTGAAGTGGTTAA","Ex_DACH2_LHX2","Glut-DACH2-2",0.441378678857887
"SN532_TCAGTGAAGCTACTAC","Ex_DACH2_MGAT4C","Glut-DACH2-1",0.336198971521881
"SN532_GTTGCTCGTTGCTTGA","Ex_DACH2_ZMAT4","Glut-DACH2-8",0.589966456717212
"SN532_ATCCGTCTCGAAGTGG","Ex_DACH2_ADAMTS5","Glut-DACH2-HVCra-Int",0.401767949565071
"SN532_ATTCCATAGTGCCCGT","Ex_DACH2_ITGA9","Glut-DACH2-8",0.319900353129943
"SN532_AGGTGTTGTATCACGT","Ex_DACH2_LHX2","Glut-DACH2-2",0.635676663617422
"SN532_AATCGACGTACAGCGA","Ex_DACH2_NR4A3","Glut-DACH2-1",0.284064833281231
"SN532_TCAGGGCGTTAGCGGA","Ex_DACH2_ITGA9","Glut-DACH2-3",0.465524550524411
"SN532_TTATTGCAGAGGATGA","Ex_DACH2_NR4A3","Glut-DACH2-7",0.6804919756749
"SN532_CGTTCTGAGCTCCATA","Ex_DACH2_ITGA9","Glut-DACH2-8",0.57912408252788
"SN532_GAAGCCCTCAAGTAAG","Ex_DACH2_TAC1","Glut-DACH2-3",0.48115138417057
"SN532_TGCGGGTTCCAAGCCG","Ex_DACH2_MGAT4C","Glut-DACH2-1",0.395044939297564
"SN532_GTCCTCAAGGTTGGTG","Ex_DACH2_NR4A3","Glut-DACH2-7",0.50475628874898
"SN532_CGTAAGTCAACTCATG","Ex_DACH2_NR4A3","Glut-DACH2-7",0.313480737607459
"SN532_CAAGGGAAGTATCTGC","Ex_DACH2_MGAT4C","Glut-DACH2-HVCra-Int",0.301308444783615
"SN532_TAGGTACTCTCACGAA","Ex_DACH2_TAC1","Glut-DACH2-8",0.344820473562609
"SN532_ACCTGTCGTTCGGGTC","Ex_DACH2_NR4A3","Glut-DACH2-7",0.466825347754513
"SN532_TTGAACGTCCGTTGGG","Ex_DACH2_ITGA9","Glut-DACH2-7",0.397183310352427
"SN532_GACCGTGGTTATAGAG","Ex_DACH2_TAC1","Glut-DACH2-8",0.517419505712575
"SN532_CCTAACCCACGGAAGT","Ex_DACH2_ADAMTS5","Glut-DACH2-7",0.651182401385856
"SN532_CTCATGCAGCTGTGCC","Ex_CACNA1H_MCTP2","Glut-CACNA1H-4",0.411071960234143
"SN532_AGTGCCGTCCACGGAC","Ex_DACH2_TAC1","Glut-DACH2-8",0.430763976868928
"SN532_GGGATCCCATCCGTGG","Ex_DACH2_TAC1","Glut-DACH2-6",0.410658244066579
"SN532_TGCAGATCATCAGTGT","Ex_DACH2_ITGA9","Glut-DACH2-8",0.460169592227449
"SN532_GCGAGAATCGCCACTT","Ex_DACH2_TAC1","Glut-DACH2-8",0.767096528663125
"SN532_AGATAGAAGCTCTATG","Ex_DACH2_ADAMTS5","Glut-DACH2-5",0.409698088579473
"SN532_TCTTGCGTCGTCGGGT","Ex_DACH2_ITGA9","Glut-DACH2-6",0.338895422856129
"SN532_ACTCCCAGTATAGGGC","Ex_DACH2_GRIK4","Glut-DACH2-2",0.574316297869556
"SN532_CTGGCAGGTGAGCCAA","Ex_DACH2_TAC1","Glut-DACH2-8",0.734978139045063
"SN532_GATAGAATCCTACGGG","Ex_DACH2_TAC1","Glut-DACH2-8",0.478515363405185
"SN532_AAAGGGCCATGACTCA","Ex_DACH2_ADAMTS5","Glut-DACH2-7",0.204487439787229
"SN532_AAGTACCGTCAAAGCG","Ex_DACH2_MGAT4C","Glut-DACH2-7",0.30397091800428
"SN532_TCTGGCTCAACTGTGT","Ex_DACH2_MGAT4C","Glut-DACH2-2",0.471108065389907
"SN532_GACTCAAAGGAGAGTA","Ex_DACH2_ADAMTS5","Glut-DACH2-7",0.699475591392233
"SN532_TCTTAGTGTAAGTTAG","Ex_DACH2_ADAMTS5","Glut-DACH2-5",0.765635957614916
"SN532_CACGTTCGTATGGTAA","Ex_DACH2_NR4A3","Glut-DACH2-7",0.774918539142379
"SN532_ACGGAAGTCGACGCGT","Ex_DACH2_ITGA9","Glut-DACH2-3",0.256549989016206
"SN532_GTCGAATAGCGAATGC","Ex_DACH2_ADAMTS5","Glut-DACH2-7",0.381960209480382
"SN532_TCATCCGCAAGAGAGA","Ex_DACH2_ITGA9","Glut-DACH2-3",0.360944254661966
"SN532_CTTAGGACACTGCGTG","Ex_DACH2_MGAT4C","Glut-DACH2-1",0.452554563992336
"SN532_TATATCCGTACGAGTG","Ex_DACH2_NR4A3","Glut-DACH2-7",0.256879854334271
"SN532_ACAGCCGTCAGTCTTT","Ex_DACH2_NR4A3","Glut-DACH2-7",0.357794914726983
"SN532_TTATTGCAGCAGGCTA","Ex_DACH2_ADAMTS5","Glut-DACH2-7",0.482054090072114
"SN532_CGGAATTCAACACAAA","Ex_DACH2_TAC1","Glut-CACNA1H-4",0.229245620614665
"SN532_AAACGAATCAGAGCGA","Ex_DACH2_ITGA9","Glut-DACH2-8",0.649565900739962
"SN532_TTCCGTGGTTACCGTA","Ex_DACH2_TAC1","Glut-DACH2-6",0.617792819135234
"SN532_AGCTCAATCGGCGATC","Ex_DACH2_ADAMTS5","Glut-DACH2-7",0.454813125452961
"SN532_TGTGGCGAGCTGACCC","Ex_DACH2_MGAT4C","Glut-DACH2-5",0.479133691534794
"SN532_TTTCGATGTATGCGTT","Ex_DACH2_ADAMTS5","Glut-DACH2-5",0.326381787441525
"SN532_TCATGAGTCGGTGCAC","Ex_DACH2_ADAMTS5","Glut-DACH2-5",0.438726747797803
"SN532_TGGATGTGTTAGGCCC","Ex_DACH2_MGAT4C","Glut-DACH2-2",0.385300009764134
"SN532_TTGTTGTAGAGTGTGC","Ex_DACH2_ZMAT4","Glut-DACH2-8",0.538553063786856
"SN532_AGTCACAGTTGCATTG","Ex_DACH2_TAC1","Glut-DACH2-6",0.542721229441766
"SN532_TGTTGGAGTACGCGTC","Ex_DACH2_ITGA9","Glut-DACH2-8",0.246476585367775
"SN532_TGAGCGCGTAGCTCGC","Ex_DACH2_LHX2","Glut-DACH2-2",0.79957746234602
"SN532_TAGCACAAGTGTACCT","Ex_DACH2_MGAT4C","Glut-DACH2-2",0.283905389594026
"SN532_GTCAAACTCACGATCA","Ex_DACH2_GRIK4","Glut-DACH2-2",0.229927570969815
"SN532_AATGACCGTCACCGCA","Ex_DACH2_TAC1","Glut-DACH2-8",0.339506300830219
"SN532_TGTGCGGTCGGTCATA","Ex_DACH2_ITGA9","Glut-DACH2-8",0.296037506261076
"SN532_TCTCTGGTCTCACTCG","Ex_DACH2_LHX2","Glut-DACH2-2",0.44095933661592
"SN532_CAGTTCCGTAGATTAG","Ex_DACH2_ADAMTS5","Glut-DACH2-5",0.281540593764001
"SN532_AAGAACACACCAGTTA","Ex_DACH2_ITGA9","Glut-DACH2-3",0.889457523597429
"SN532_CACGTGGTCTGCCCTA","Ex_DACH2_TAC1","Glut-DACH2-8",0.367435296836681
"SN532_AGTCATGCAGATCATC","Ex_DACH2_MGAT4C","Glut-DACH2-2",0.330595512012121
"SN532_GACCCTTAGGGAGGAC","Ex_DACH2_TAC1","Glut-DACH2-8",0.593158947139043
"SN532_GTGACGCTCTTAGCAG","Ex_DACH2_NR4A3","Glut-DACH2-2",0.36531416935209
"SN532_TCATGTTGTCACGTGC","Ex_DACH2_ADAMTS5","Glut-DACH2-7",0.368030861375436
"SN532_GAGTGAGCAGCGTTGC","Ex_DACH2_TAC1","Glut-DACH2-8",0.529562932585433
"SN532_CCTTGTGAGTGAGCCA","Ex_DACH2_ZMAT4","Glut-DACH2-8",0.402683829635943
"SN532_AGGAAATTCGGCAGTC","Ex_DACH2_MGAT4C","Glut-DACH2-5",0.308757001496213
"SN532_TGGTGATAGTGCTAGG","Ex_DACH2_LHX2","Glut-DACH2-2",0.550173153252017
"SN532_GTGCAGCTCCACCTCA","Ex_DACH2_NR4A3","Glut-DACH2-7",0.803079122664823
"SN532_GAGTCATCAGTTAGAA","Ex_DACH2_ADAMTS5","Glut-DACH2-6",0.504702484647503
"SN532_TAGAGTCTCGCCTAGG","Ex_DACH2_GRIK4","Glut-CACNA1H-3",0.273804747567741
"SN532_CTATAGGTCAAGTGGG","Ex_DACH2_ADAMTS5","Glut-DACH2-5",0.49222570286256
"SN532_TGTGAGTTCGCATAGT","Ex_DACH2_ZMAT4","Glut-DACH2-8",0.619577019649485
"SN532_GAGCCTGTCCATTGGA","Ex_DACH2_MGAT4C","Glut-DACH2-1",0.390290013391115
"SN532_CTCTCAGCACTGCACG","Ex_DACH2_TAC1","Glut-DACH2-8",0.348839133484985
"SN532_CGTGATAAGTGATAGT","Ex_DACH2_ITGA9","Glut-CACNA1H-2",0.232548087372972
"SN532_AGTCACACAAGTGACG","Ex_DACH2_ADAMTS5","Glut-DACH2-2",0.395598052273212
"SN532_TTGGGATCACAAACGG","Ex_DACH2_LHX2","Glut-DACH2-2",0.71653114880185
"SN532_TGTGATGAGAGCTGCA","Ex_DACH2_NR4A3","Glut-DACH2-7",0.636780540626773
"SN532_TCGCTTGTCATAGAGA","Ex_DACH2_ITGA9","Glut-DACH2-3",0.279858439873287
"SN532_ACGGAAGCAGACGGAT","Ex_DACH2_ITGA9","Glut-DACH2-1",0.41619223734553
"SN532_AGTACTGAGGTTCCGC","Ex_DACH2_ITGA9","Glut-DACH2-3",0.273456652509767
"SN532_CTGTCGTGTACTCAAC","Ex_DACH2_CEMIP","Glut-DACH2-6",0.749727866936776
"SN532_CATGCAAAGGGCAGAG","Ex_DACH2_ITGA9","Glut-DACH2-4",0.371683194804167
"SN532_GTAACCAAGGGAGGAC","Ex_DACH2_ITGA9","Glut-DACH2-3",0.692918918177577
"SN532_CACGAATAGCCATATC","Ex_DACH2_ITGA9","Glut-DACH2-7",0.235971786526366
"SN532_GTAATCGAGTCACACT","Ex_DACH2_ADAMTS5","Glut-DACH2-5",0.470053323333474
"SN532_GTAACACCACTTGAAC","Ex_DACH2_ZMAT4","Glut-DACH2-8",0.596133732456896
"SN532_AAAGTGAGTCAAAGAT","Ex_DACH2_ITGA9","Glut-DACH2-3",0.250416563605958
"SN532_ATCGTGAAGTGCACCC","Ex_DACH2_ITGA9","Glut-DACH2-3",0.704576964903901
"SN532_AGTTAGCTCGTTCATT","Ex_DACH2_TAC1","Glut-DACH2-3",0.164901404623141
"SN532_CCTCAACGTGTAGGAC","Ex_DACH2_ZMAT4","Glut-DACH2-8",0.169498442940745
"SN532_GATTGGTTCATGGATC","Ex_DACH2_CEMIP","Glut-DACH2-1",0.241192995470695
"SN532_TCAAGTGAGTACTCGT","Ex_DACH2_TAC1","Glut-DACH2-8",0.402077673789557
"SN532_GTCTAGACATAGAGGC","Ex_DACH2_ZMAT4","Glut-DACH2-8",0.291329306601094
"SN532_TACCTGCGTCTGTAGT","Ex_DACH2_TAC1","Glut-DACH2-3",0.648523187755343
"SN532_TATATCCTCCGTAATG","Ex_DACH2_NR4A3","Glut-DACH2-7",0.360724703218635
"SN532_GTAATCGCATACAGCT","Ex_DACH2_ITGA9","Glut-DACH2-3",0.316550312418964
"SN532_CTCATTAAGGTCCGAA","Ex_DACH2_MGAT4C","Glut-DACH2-7",0.333281809286401
"SN532_GTGTTCCGTTAATGAG","Ex_DACH2_TAC1","Glut-DACH2-8",0.365258649055886
"SN532_ATTCATCCATAGATGA","Ex_DACH2_MGAT4C","Glut-DACH2-1",0.406004174410179
"SN532_TCTATCAAGAGGTATT","Ex_DACH2_ITGA9","Glut-DACH2-1",0.254190052139806
"SN532_GCGGAAATCGATGGAG","Ex_DACH2_TAC1","Glut-DACH2-6",0.467072473943798
"SN532_AGAGCCCGTCGACTGC","Ex_DACH2_ITGA9","Glut-DACH2-2",0.161889290668462
"SN540_CCATCACAGGTAATCA","Ex_Pre_KCNH7","Glut-DACH2-HVCx",0.439661986169018
"SN540_CTAGACAAGTTCATGC","Ex_Pre_SATB2","Glut-DACH2-6",0.614459923021712
"SN540_TTGCCTGTCTCTAGGA","Ex_Pre_SATB2","Glut-DACH2-6",0.321317751404913
"SN540_CGATGCGAGTTCCATG","Ex_Pre_KCNH7","Glut-DACH2-HVCx",0.685919159053965
"SN540_TCTTCCTTCTCACGAA","Ex_Pre_KCNH7","Glut-DACH2-HVCx",0.348312344371442
"SN540_AGCTACAAGGCCTTCG","Ex_Pre_KCNH7","Glut-DACH2-HVCx",0.761133807824881
"SN540_GGGTATTAGCAAGGAA","Ex_Pre_KCNH7","Glut-DACH2-6",0.913202290385545
"SN540_GATTGGTTCCACGTGG","Ex_Pre_KCNH7","Glut-CACNA1H-3",0.222071460084594
"SN540_GTCTTTATCGTGGACC","Ex_Pre_SATB2","Glut-CACNA1H-3",0.297606263712051
"SN540_GACCCTTTCGCCAGAC","Ex_Pre_KCNH7","Glut-DACH2-HVCra-Int",0.171657290972566
"SN540_TGAATGCTCTAGTGTG","Ex_Pre_KCNH7","Glut-DACH2-1",0.41935412585815
"SN540_CCGAACGTCGGACCAC","Ex_Pre_KCNH7","Glut-DACH2-6",0.314307000061291
"SN540_TGGAACTTCACTGCTC","Ex_Pre_SATB2","Glut-CACNA1H-3",0.276134381481686
"SN540_TTGTTTGCATAGCACT","Ex_Pre_SATB2","Glut-DACH2-HVCra",0.612333734269088
"SN540_TCGCTTGTCCAATCCC","Ex_Pre_SATB2","Glut-CACNA1H-3",0.253805640575676
"SN540_GGTCACGGTTGTTGCA","Ex_Pre_SATB2","Glut-CACNA1H-3",0.266277103294345
"SN540_CCCATTGAGTCATCCA","Ex_Pre_KCNH7","Glut-DACH2-6",0.498775244981581
"SN540_CTTCCTTGTCGACTTA","Ex_Pre_SATB2","Glut-CACNA1H-3",0.316613552213895
"SN540_GGAGAACGTCAGGAGT","Ex_Pre_KCNH7","Glut-DACH2-6",0.895287729293676
"SN540_CGTCCATTCCCGAACG","Ex_Pre_KCNH7","Glut-DACH2-HVCra",0.770244849464754
"SN540_CTGCCTAGTTAACAGA","Ex_Pre_SATB2","Glut-CACNA1H-3",0.217258912313966
"SN540_AACAAGAAGCGATGCA","Ex_Pre_SATB2","Glut-CACNA1H-2",0.279690379229908
"SN540_TCGACCTTCGAACGGA","Ex_Pre_KCNH7","Glut-DACH2-6",0.57283089835452
"SN540_GTCATCCGTGGGATTG","Ex_Pre_KCNH7","Glut-DACH2-HVCra",0.66602805425649
"SN540_CAGATTGTCCATGAGT","Ex_Pre_KCNH7","Glut-CACNA1H-3",0.302894715958681
"SN540_CCACACTGTAGTATAG","Ex_Pre_SATB2","Glut-DACH2-HVCra",0.601729483644733
"SN540_TGCAGTACATTGTCGA","Ex_Pre_KCNH7","Glut-DACH2-HVCx",0.158029445523184
"SN540_GTCTTTACATACTTTC","Ex_Pre_KCNH7","Glut-CACNA1H-3",0.300645562963022
"SN540_GCTTTCGAGAATCGCG","Ex_Pre_KCNH7","Glut-DACH2-HVCx",0.667457117929433
"SN540_TTCCTAATCCGTGTCT","Ex_Pre_KCNH7","Glut-DACH2-HVCra-Int",0.217012274500558
"SN540_TATTGGGGTCGCCTAG","Ex_Pre_KCNH7","Glut-DACH2-HVCx",0.555164167584617
"SN540_AATTTCCTCGAATCCA","Ex_Pre_SATB2","Glut-CACNA1H-2",0.314702112473555
"SN540_GGAGGATCACAGAGAC","Ex_Pre_KCNH7","Glut-CACNA1H-3",0.334764514530585
"SN540_TCAAGACAGCCTAGGA","Ex_Pre_KCNH7","Glut-CACNA1H-3",0.253493388139445
"SN540_GTTGTCCTCACGGACC","Ex_Pre_KCNH7","Glut-CACNA1H-3",0.244278576490751
"SN540_TGTGCGGAGACCATTC","Ex_Pre_KCNH7","Glut-CACNA1H-3",0.226324715156474
"SN540_TCCATGCGTAGCGCTC","Ex_Pre_KCNH7","Glut-CACNA1H-2",0.266013427811185
"SN540_TCCCAGTTCTTACTGT","Ex_Pre_KCNH7","Glut-DACH2-6",0.315298458166386
"SN540_ATTCAGGTCAAGAGTA","Ex_Pre_KCNH7","Glut-CACNA1H-3",0.320408441208545
"SN540_GTGTTCCAGGAAGAAC","Ex_Pre_KCNH7","Glut-DACH2-HVCx",0.800046356704829
"SN540_CTGCAGGAGGGAACAA","Ex_Pre_KCNH7","Glut-DACH2-6",0.336718891141451
"SN540_CCTACGTCAACCGCCA","Ex_Pre_KCNH7","Glut-CACNA1H-4",0.369303146298555
"SN540_TTCGCTGGTAGATTGA","Ex_Pre_SATB2","Glut-DACH2-4",0.257334342384147
"SN540_TCAATCTTCGTGCGAC","Ex_Pre_KCNH7","Glut-DACH2-HVCx",0.735940115852086
"SN540_TCAGTTTGTCTATGAC","Ex_Pre_KCNH7","Glut-DACH2-HVCra-Int",0.270079100047401
"SN540_TACCTGCAGGGAGGCA","Ex_Pre_SATB2","Glut-CACNA1H-3",0.255724177922228
"SN540_TCGAACAGTGGTCCCA","Ex_Pre_SATB2","Glut-DACH2-8",0.320046488581137
"SN540_TGAGGGAAGGCTAGCA","Ex_Pre_KCNH7","Glut-CACNA1H-3",0.331523710137193
"SN540_ACTCCCATCGGACAAG","Ex_Pre_KCNH7","Glut-DACH2-6",0.578225200146614
"SN540_CTCGAGGCAATTTCTC","Ex_Pre_KCNH7","Glut-DACH2-6",0.559078229463515
"SN540_AGTACCAAGTCTAGAA","Ex_Pre_KCNH7","Glut-DACH2-HVCra",0.518510945407359
"SN540_AACCAACCAGTCTACA","Ex_Pre_KCNH7","Glut-CACNA1H-3",0.359920305278863
"SN540_CATGGATGTGGGCTTC","Ex_Pre_KCNH7","Glut-DACH2-HVCx",0.569501061131413
"SN540_TTGGGTACACCAGACC","Ex_Pre_KCNH7","Glut-CACNA1H-3",0.29639581345745
"SN540_AATCGACGTACAAACA","Ex_Pre_SATB2","Glut-CACNA1H-3",0.350781395545761
"SN540_CGGGTCAGTGTCCAAT","Ex_Pre_KCNH7","Glut-DACH2-4",0.198656495732311
"SN540_ATCGGATTCTCATTAC","Ex_Pre_SATB2","Glut-CACNA1H-3",0.305061780885935
"SN540_ACGTTCCTCCAGCACG","Ex_Pre_KCNH7","Glut-DACH2-HVCx",0.72729234690256
"SN540_TAACTTCAGAGTGACC","Ex_Pre_KCNH7","Glut-DACH2-HVCx",0.80494698035859
"SN540_TAGAGTCTCACTCGAA","Ex_Pre_KCNH7","Glut-DACH2-6",0.231525304305498
"SN540_GACTTCCGTCCGACGT","Ex_Pre_SATB2","Glut-CACNA1H-3",0.28817960071607
"SN540_CGTAATGGTAGATGTA","Ex_Pre_SATB2","Glut-CACNA1H-3",0.302122785747554
"SN540_GCATTAGGTGAGATCG","Ex_Pre_SATB2","Glut-CACNA1H-3",0.352253924413271
"SN540_ATTATCCAGATCGCCC","Ex_Pre_KCNH7","Glut-CACNA1H-3",0.311266138904576
"SN540_ACTCTCGCAGGGATAC","Ex_Pre_KCNH7","Glut-CACNA1H-3",0.382001537583978
"SN540_TCGCAGGGTCTTGCTC","Ex_Pre_SATB2","Glut-CACNA1H-3",0.326930743703166
"SN540_CTGTCGTTCATGACAC","Ex_Pre_KCNH7","Glut-CACNA1H-3",0.269645769572211
"SN540_GGAGGTACAAGGCCTC","Ex_Pre_KCNH7","Glut-DACH2-HVCx",0.741119143534175
"SN540_CTTGAGATCACAGTGT","Ex_Pre_KCNH7","Glut-CACNA1H-2",0.237306899136458
"SN540_TTATTGCAGGAACGAA","Ex_Pre_KCNH7","Glut-DACH2-6",0.431549388598346
"SN540_GATAGAAAGGTCCAGA","Ex_Pre_KCNH7","Glut-DACH2-HVCx",0.273999905834003
"SN540_TTCCGGTCAGCTACTA","Ex_Pre_KCNH7","Glut-CACNA1H-3",0.208565432748202
"SN540_CACTTCGAGCGTTACT","Ex_Pre_KCNH7","Glut-CACNA1H-3",0.289458127057443
"SN540_GTTTGGAAGGTGCCTC","Ex_Pre_KCNH7","Glut-DACH2-HVCra",0.497899023750645
"SN540_GAATCGTCACGGTGTC","Ex_Pre_KCNH7","Glut-DACH2-6",0.363845428264097
"SN540_TCTTGCGAGGCATTTC","Ex_Pre_KCNH7","Glut-DACH2-HVCra-Int",0.321578211423843
"SN540_GGAATCTGTGCCCACA","Ex_Pre_KCNH7","Glut-CACNA1H-3",0.323737714007661
"SN540_AGCTCAACACGGTCTG","Ex_Pre_KCNH7","Glut-DACH2-HVCra-Int",0.31082141503307
"SN540_TGACGCGAGGGTCACA","Ex_Pre_KCNH7","Glut-DACH2-HVCx",0.4623422398787
"SN540_TCATGCCCAGACCCGT","Ex_Pre_KCNH7","Glut-CACNA1H-3",0.185196788303352
"SN540_AGACTCATCTTTGCAT","Ex_Pre_KCNH7","Glut-CACNA1H-3",0.237522147899133
"SN540_TCTTAGTCAAGACGAC","Ex_Pre_KCNH7","Glut-DACH2-6",0.722740229936111
"SN540_CAAGACTGTTAGAAGT","Ex_Pre_SATB2","Glut-CACNA1H-3",0.240929069387134
"SN540_GTGCGTGGTACGGTTT","Ex_Pre_KCNH7","Glut-CACNA1H-3",0.346838042503205
"SN540_AGCCAATCATGACAAA","Ex_Pre_KCNH7","Glut-DACH2-2",0.249145638149372
"SN540_CTAGGTAGTAAGCAAT","Ex_Pre_KCNH7","Glut-DACH2-4",0.313612325888488
"SN540_GGAGGTACATCTGCGG","Ex_Pre_KCNH7","Glut-DACH2-6",0.357357943671437
"SN540_CCAATGATCGCGTGAC","Ex_Pre_KCNH7","Glut-DACH2-6",0.304957734368479
"SN540_TGTGGCGCAGGAGACT","Ex_Pre_KCNH7","Glut-CACNA1H-3",0.32049083648983
"SN540_TGTTCCGTCTTTGCGC","Ex_Pre_SATB2","Glut-DACH2-6",0.361531091531058
"SN540_ATTTCACGTGCGAGTA","Ex_Pre_KCNH7","Glut-DACH2-HVCra-Int",0.205169397388872
"SN540_GCTTTCGGTGTGGACA","Ex_Pre_KCNH7","Glut-CACNA1H-3",0.281142914971713
"SN540_AGCCACGCACGTGTGC","Ex_Pre_KCNH7","Glut-DACH2-6",0.351065146484422
"SN540_GGGTCTGAGTTTCTTC","Ex_Pre_KCNH7","Glut-CACNA1H-4",0.195753262742264
"SN540_AGGCATTAGCGTGAAC","Ex_Pre_KCNH7","Glut-DACH2-HVCra-Int",0.239844070541838
"SN540_TCACGCTGTCAAACGG","Ex_Pre_KCNH7","Glut-DACH2-6",0.268353503865117
"SN540_ATGGGAGAGAACTCCT","Ex_Pre_KCNH7","Glut-DACH2-HVCx",0.811499389513779
"SN540_ATTCCCGCACTGGAAG","Ex_Pre_KCNH7","Glut-CACNA1H-3",0.424587589593716
"SN540_GTAGTACAGGACAAGA","Ex_Pre_SATB2","Glut-CACNA1H-3",0.382092629877272
"SN540_TGTTCCGAGGTAGATT","Ex_Pre_KCNH7","Glut-CACNA1H-3",0.450212100921871
"SN540_CTGTATTGTCAAAGAT","Ex_Pre_SATB2","Glut-DACH2-HVCx",0.219093357763027
"SN540_GGGTCTGAGCAAGGAA","Ex_Pre_KCNH7","Glut-DACH2-HVCra-Int",0.244543626214614
"SN540_TGGGAGAGTCATATGC","Ex_Pre_KCNH7","Glut-CACNA1H-3",0.25325608731109
"SN540_TCTGCCAGTAACGATA","Ex_Pre_KCNH7","Glut-CACNA1H-3",0.380157530517487
"SN540_AGCATCACACAGTGTT","Ex_Pre_KCNH7","Glut-DACH2-HVCra-Int",0.187195097864357
"SN540_TATCTTGGTCTACGTA","Ex_Pre_KCNH7","Glut-DACH2-HVCx",0.36423039002208
"SN540_AAAGGGCTCCTGATAG","Ex_Pre_KCNH7","Glut-DACH2-6",0.683838751514981
"SN540_TGCTCCAGTTAGAAGT","Ex_Pre_KCNH7","Glut-CACNA1H-3",0.255062457180013
"SN540_TAGCACAAGAGGGCGA","Ex_Pre_KCNH7","Glut-CACNA1H-3",0.37271468439774
"SN540_AGTGACTAGAGATTCA","Ex_Pre_KCNH7","Glut-CACNA1H-3",0.261832224249033
"SN540_CCTACGTTCACAGAGG","Ex_Pre_SATB2","Glut-CACNA1H-3",0.284317455680552
"SN540_GCAACCGTCGTAGTCA","Ex_Pre_KCNH7","Glut-DACH2-6",0.278378124116296
"SN540_ACCGTTCAGGTTGTTC","Ex_Pre_KCNH7","Glut-DACH2-6",0.288178614116905
"SN540_GGCTGTGTCAGGGTAG","Ex_Pre_KCNH7","Glut-DACH2-6",0.539496074299251
"SN540_GTGAGGAAGGCGTTGA","Ex_Pre_KCNH7","Glut-CACNA1H-3",0.405726260665435
"SN540_TTGTGGAAGCAAGGAA","Ex_Pre_KCNH7","Glut-DACH2-HVCx",0.845656773359192
"SN540_CAATGACAGCTCACTA","Ex_DACH2_ZMAT4","Glut-DACH2-6",0.652292382909775
"SN540_TCAGCCTCAGTTGCGC","Ex_DACH2_CEMIP","Glut-DACH2-6",0.856590441182275
"SN540_ATGAGTCTCACCATAG","Ex_DACH2_ZMAT4","Glut-DACH2-8",0.548999252940791
"SN540_CAGTTAGCATAATCCG","Ex_DACH2_CEMIP","Glut-DACH2-6",0.619586725283025
"SN540_AGTAGCTAGTCGGCAA","Ex_BCL6","Glut-DACH2-HVCra",0.342865679312021
"SN540_ACGTTCCAGCTAAACA","Ex_BCL6","Glut-DACH2-3",0.297683715828059
"SN540_ATTTCACTCCGCACTT","Ex_DACH2_CEMIP","Glut-DACH2-6",0.82218439338348
"SN540_TCACATTCACTGAGTT","Ex_BCL6","Glut-DACH2-HVCra",0.579818313806313
"SN540_CATTCATAGTACCCTA","Ex_DACH2_CEMIP","Glut-DACH2-6",0.953500004443093
"SN540_TAAGCCACACAAGGTG","Ex_DACH2_CEMIP","Glut-DACH2-3",0.730967660674765
"SN540_AAGCATCCATCAGTCA","Ex_DACH2_CEMIP","Glut-DACH2-6",0.540759265642013
"SN540_GTCATGACAAACACCT","Ex_DACH2_CEMIP","Glut-DACH2-6",0.727895659990627
"SN540_GTTGCTCTCCTTATAC","Ex_BCL6","Glut-DACH2-HVCx",0.330947600858969
"SN540_ACAAGCTTCCTTATGT","Ex_DACH2_GRIK4","Glut-DACH2-7",0.57496468751677
"SN540_TCACATTCACCCTAGG","Ex_DACH2_LHX2","Glut-DACH2-7",0.529355385953328
"SN540_GAACGTTTCTTAAGGC","Ex_BCL6","Glut-DACH2-HVCra",0.305543799362814
"SN540_GCAGCCAAGCGCCTAC","Ex_DACH2_CEMIP","Glut-DACH2-6",0.984460065568432
"SN540_ACTATTCAGTAGGATT","Ex_DACH2_CEMIP","Glut-DACH2-6",0.923979337583943
"SN540_GGGACCTAGCCTCTCT","Ex_BCL6","Glut-DACH2-3",0.518828668983376
"SN540_GATAGAACATGCCGAC","Ex_BCL6","Glut-DACH2-HVCx",0.449565863762031
"SN540_GAAGAATTCCTTGACC","Ex_BCL6","Glut-DACH2-6",0.382673098563034
"SN540_TATCTGTAGTGAGTTA","Ex_BCL6","Glut-DACH2-HVCra",0.551116500969481
"SN540_GTAATGCCAGAGGTAC","Ex_DACH2_ZMAT4","Glut-DACH2-8",0.41305895747795
"SN540_ACTTTGTCACATAGCT","Ex_DACH2_ZMAT4","Glut-DACH2-8",0.728303126669521
"SN540_TCACGCTCATAGTCAC","Ex_BCL6","Glut-DACH2-HVCx",0.574354524194531
"SN540_ACATCGAGTCGCATGC","Ex_DACH2_GRIK4","Glut-DACH2-7",0.458413440725418
"SN540_GACAGCCCACTTGTCC","Ex_DACH2_GRIK4","Glut-DACH2-1",0.604573487239453
"SN540_ATTCCCGCAACAGCCC","Ex_DACH2_LHX2","Glut-DACH2-1",0.597381124995068
"SN540_AACCATGCATTGTAGC","Ex_BCL6","Glut-DACH2-HVCx",0.43201890914825
"SN540_ACAGGGACAGCAAGAC","Ex_DACH2_ZMAT4","Glut-DACH2-3",0.806096801068905
"SN540_TCATGGAGTGACTGAG","Ex_BCL6","Glut-DACH2-HVCra",0.887299275255074
"SN540_TCATACTTCGGCGATC","Ex_BCL6","Glut-DACH2-3",0.669660416300183
"SN540_GTCATTTCAGTTACCA","Ex_DACH2_CEMIP","Glut-DACH2-6",1
"SN540_ACGTAGTTCGCTAAAC","Ex_DACH2_CEMIP","Glut-DACH2-6",0.742228926508511
"SN540_ATTGTTCAGAAAGTCT","Ex_BCL6","Glut-DACH2-HVCx",0.363208195573192
"SN540_TCATCCGGTAGATCGG","Ex_DACH2_CEMIP","Glut-DACH2-6",0.565753921894582
"SN540_CGGAATTCACTTGAGT","Ex_DACH2_ZMAT4","Glut-DACH2-3",0.950373924852997
"SN540_GACTCAAAGGTAACTA","Ex_BCL6","Glut-DACH2-6",0.570787544697266
"SN540_TCTTGCGGTCCGCAGT","Ex_DACH2_CEMIP","Glut-DACH2-6",0.897782418859025
"SN540_TTCTGTAAGACATATG","Ex_DACH2_ZMAT4","Glut-DACH2-6",0.574429787134007
"SN540_ACTTCCGCACCTCGTT","Ex_BCL6","Glut-DACH2-4",0.3000547161288
"SN540_TATGTTCTCCGGTTCT","Ex_DACH2_ZMAT4","Glut-DACH2-6",0.722076304963948
"SN540_TCATCATCAGACACAG","Ex_DACH2_CEMIP","Glut-DACH2-6",0.920818989365858
"SN540_TCATGAGTCACCTGGG","Ex_BCL6","Glut-DACH2-3",0.93613977416774
"SN540_ATACCGACATAATGCC","Ex_DACH2_CEMIP","Glut-DACH2-6",0.727316862416576
"SN540_AGACCATTCGCTTTAT","Ex_BCL6","Glut-DACH2-HVCra",0.919252958941124
"SN540_AACACACCATGGCTGC","Ex_BCL6","Glut-DACH2-3",0.409249504685915
"SN540_CACAGGCTCCGCTGTT","Ex_BCL6","Glut-DACH2-HVCra",0.94618837026357
"SN540_CGATGGCGTGGGTTGA","Ex_DACH2_ZMAT4","Glut-DACH2-6",0.669738212462382
"SN540_TACAACGAGATAACAC","Ex_DACH2_CEMIP","Glut-DACH2-6",0.978799205811545
"SN540_GACTCAATCGAGCCTG","Ex_BCL6","Glut-DACH2-HVCra",0.520428944456267
"SN540_ATTCACTCACGGCGTT","Ex_DACH2_ADAMTS5","Glut-DACH2-7",0.528136340188943
"SN540_AATGAAGGTCTTCTAT","Ex_DACH2_GRIK4","Glut-DACH2-1",0.548109667870024
"SN540_GCCGATGCAATGACCT","Ex_DACH2_ADAMTS5","Glut-DACH2-6",0.582563124477428
"SN540_GGAACCCTCGATGCAT","Ex_DACH2_CEMIP","Glut-DACH2-6",0.760195193424381
"SN540_ACTTCGCTCCCTGGTT","Ex_BCL6","Glut-DACH2-HVCx",0.460815015949975
"SN540_TCACGGGAGTGACCTT","Ex_DACH2_CEMIP","Glut-DACH2-6",0.772897634559751
"SN540_GTGTGGCGTGGCCTCA","Ex_DACH2_CEMIP","Glut-DACH2-6",0.960507954741423
"SN540_TCACGGGAGTTCGCAT","Ex_DACH2_ZMAT4","Glut-DACH2-8",0.562496591225183
"SN540_CTAACCCTCTCACCCA","Ex_DACH2_CEMIP","Glut-DACH2-6",0.69214302590703
"SN540_GAGCTGCTCTGTCGCT","Ex_DACH2_ZMAT4","Glut-DACH2-8",0.575065037251063
"SN540_CGACAGCGTAGTCTGT","Ex_DACH2_CEMIP","Glut-DACH2-6",0.940415445460156
"SN540_GCGGATCCAGCGTGCT","Ex_BCL6","Glut-DACH2-HVCx",0.572825331283029
"SN540_TTCCTTCCAACGTAAA","Ex_BCL6","Glut-DACH2-HVCra",0.483746694201204
"SN540_CTCCTTTTCCATAGGT","Ex_DACH2_CEMIP","Glut-DACH2-6",0.55255912877319
"SN540_ACTACGAAGTAGAATC","Ex_BCL6","Glut-DACH2-HVCra",0.930940100065346
"SN540_GGAGATGAGTAAACTG","Ex_DACH2_LHX2","Glut-DACH2-1",0.8044393362555
"SN540_ATTCTTGCAGGTTACT","Ex_BCL6","Glut-DACH2-HVCx",0.389341063872898
"SN540_CCGGGTACATCCTCAC","Ex_DACH2_NR4A3","Glut-DACH2-1",0.299145291902098
"SN540_TCCTTCTGTTATCCAG","Ex_DACH2_ADAMTS5","Glut-DACH2-7",0.773457579177273
"SN540_GCTGCAGAGAAAGTCT","Ex_DACH2_CEMIP","Glut-DACH2-6",0.863575319643866
"SN540_GTTAGACGTTCGGTCG","Ex_DACH2_ZMAT4","Glut-DACH2-3",0.918945729916039
"SN540_GAGTTGTGTCCTACAA","Ex_DACH2_LHX2","Glut-DACH2-1",0.351661096781257
"SN540_AGGCCACTCCACGTCT","Ex_BCL6","Glut-DACH2-HVCx",0.398426338449853
"SN540_TTGTTTGTCCCGAACG","Ex_BCL6","Glut-DACH2-3",0.535731125030788
"SN540_ACTTTCATCCTCTAGC","Ex_DACH2_CEMIP","Glut-DACH2-6",0.967979557220476
"SN540_CGCATAACACAATCTG","Ex_BCL6","Glut-DACH2-6",0.70499487045605
"SN540_GGGTAGATCTTACGTT","Ex_BCL6","Glut-DACH2-6",0.364890895693486
"SN540_TTAGGCAGTCGAACGA","Ex_DACH2_CEMIP","Glut-DACH2-6",0.93224085381454
"SN540_CATTGAGTCGGCTATA","Ex_DACH2_GRIK4","Glut-DACH2-7",0.71861271161279
"SN540_TATCGCCAGAAGTCAT","Ex_BCL6","Glut-DACH2-6",0.382499886545121
"SN540_CCGTTCATCTATCGCC","Ex_BCL6","Glut-DACH2-3",0.853857707363208
"SN540_GATCATGTCAATGCAC","Ex_BCL6","Glut-DACH2-HVCx",0.425302665184929
"SN540_AGCCAATAGATCGCTT","Ex_DACH2_ADAMTS5","Glut-DACH2-6",0.604036629420314
"SN540_TACAACGTCGCGTTTC","Ex_DACH2_CEMIP","Glut-DACH2-6",0.831017996095865
"SN540_CTCCGATTCATAGACC","Ex_BCL6","Glut-DACH2-HVCx",0.438273987019712
"SN540_TACAGGTGTTCGGGTC","Ex_DACH2_CEMIP","Glut-DACH2-6",0.936537759953402
"SN540_AGGGCCTAGGATCACG","Ex_DACH2_CEMIP","Glut-DACH2-6",0.799826065891284
"SN540_CTACATTAGTGGTCAG","Ex_DACH2_CEMIP","Glut-DACH2-6",0.880758624129125
"SN540_GCAACCGCACAGTGAG","Ex_BCL6","Glut-DACH2-HVCx",0.465289047603663
"SN540_TAGGTACCATCCGATA","Ex_BCL6","Glut-DACH2-3",0.48269358620126
"SN540_ACCACAAAGTTTCAGC","Ex_DACH2_NR4A3","Glut-DACH2-7",0.637684324558384
"SN540_AATGACCGTATAGGGC","Ex_DACH2_ZMAT4","Glut-DACH2-6",0.406961966224884
"SN540_TCACGGGGTAACCCTA","Ex_DACH2_CEMIP","Glut-DACH2-6",0.990322899256341
"SN540_TGAGGGACATAAGCAA","Ex_BCL6","Glut-DACH2-3",0.408159572971996
"SN540_GATCAGTAGCGACTGA","Ex_DACH2_CEMIP","Glut-DACH2-6",0.816100936246739
"SN540_TACCCACTCCATTTGT","Ex_DACH2_CEMIP","Glut-DACH2-6",0.597271555938417
"SN540_CTCCTCCCAAGGTCAG","Ex_DACH2_CEMIP","Glut-DACH2-6",0.981270322761549
"SN540_CATCGGGAGATCGACG","Ex_DACH2_ADAMTS5","Glut-DACH2-HVCx",0.432161467948126
"SN540_ACTGTGACAGCGACAA","Ex_DACH2_CEMIP","Glut-DACH2-6",1
"SN540_CTATCCGTCCTTGGAA","Ex_BCL6","Glut-DACH2-HVCx",0.504726997301552
"SN540_GCTTGGGAGCCAGAGT","Ex_DACH2_CEMIP","Glut-DACH2-6",0.899008863935969
"SN540_CAGCGTGTCCTATTTG","Ex_BCL6","Glut-DACH2-6",0.451930985430969
"SN540_CCACCATGTTCTTCAT","Ex_DACH2_LHX2","Glut-DACH2-1",0.893666383110905
"SN540_GAGTCATGTCTAACGT","Ex_DACH2_ZMAT4","Glut-DACH2-6",0.552615861064765
"SN540_TGTGCGGCAGAACTAA","Ex_DACH2_ZMAT4","Glut-DACH2-8",0.819196890799135
"SN540_TCACGCTCAAGACGGT","Ex_DACH2_ZMAT4","Glut-DACH2-3",0.748446754475959
"SN540_ACTATCTAGTCCGCCA","Ex_DACH2_CEMIP","Glut-DACH2-6",0.504708460099736
"SN540_TTTAGTCCAAGTACCT","Ex_DACH2_CEMIP","Glut-DACH2-3",0.795781053358678
"SN540_GCAGCTGCACAGTCCG","Ex_BCL6","Glut-DACH2-HVCx",0.417008148788784
"SN540_TCAGCCTCATGTGGTT","Ex_BCL6","Glut-DACH2-3",0.498999573778285
"SN540_CCACCATTCCCATTTA","Ex_DACH2_CEMIP","Glut-DACH2-6",0.981653918709516
"SN540_CTGGCAGTCTATACGG","Ex_DACH2_ZMAT4","Glut-DACH2-6",0.524236698355074
"SN540_AGCATCATCTGTCTCG","Ex_BCL6","Glut-DACH2-HVCra",0.597145430469291
"SN540_CTTCTAATCAGAACCT","Ex_DACH2_CEMIP","Glut-DACH2-6",0.936738527619373
"SN540_GTGTCCTGTAAGTAGT","Ex_DACH2_ZMAT4","Glut-DACH2-6",0.866115326563963
"SN540_CCACCATGTGGACCAA","Ex_DACH2_ZMAT4","Glut-DACH2-8",0.38229580401913
"SN540_AGGACTTGTCCACTCT","Ex_DACH2_NR4A3","Glut-DACH2-1",0.555422819929861
"SN540_CCAAGCGTCCTAGCCT","Ex_BCL6","Glut-DACH2-HVCx",0.58299491828787
"SN540_CATGAGTAGGGAGTTC","Ex_DACH2_CEMIP","Glut-DACH2-6",0.789115847117412
"SN540_ACCTGTCCACAAGCCC","Ex_DACH2_ZMAT4","Glut-DACH2-8",0.873378196432086
"SN540_ATGTCCCGTACAGCGA","Ex_BCL6","Glut-CACNA1H-2",0.303825656723043
"SN540_AATGACCGTACACTCA","Ex_DACH2_CEMIP","Glut-DACH2-6",0.484601510239609
"SN540_CCCGAAGCAACTTGCA","Ex_DACH2_CEMIP","Glut-DACH2-6",0.855693840214102
"SN540_CGTTCTGCATGGACAG","Ex_DACH2_ZMAT4","Glut-DACH2-6",0.454661618105011
"SN540_GGGCTACTCGTTCTGC","Ex_DACH2_CEMIP","Glut-DACH2-6",0.945108441178845
"SN540_AGACACTGTCTCACGG","Ex_BCL6","Glut-DACH2-HVCx",0.466403111394959
"SN540_CACTGAATCCGCTTAC","Ex_BCL6","Glut-DACH2-6",0.833277997548177
"SN540_CCGATGGCAATGGGTG","Ex_DACH2_CEMIP","Glut-DACH2-6",0.984368030015165
"SN540_AGGAGGTTCGACCAAT","Ex_BCL6","Glut-DACH2-3",0.342172111059095
"SN540_CAGATACCAGGCAATG","Ex_BCL6","Glut-DACH2-HVCra",0.872367475845517
"SN540_ACTTTCAAGGACGCAT","Ex_DACH2_CEMIP","Glut-DACH2-6",0.963446693058996
"SN540_GTAACCAGTGCAATGG","Ex_BCL6","Glut-DACH2-HVCx",0.555131083975493
"SN540_GTTCATTAGGGAGTTC","Ex_DACH2_ADAMTS5","Glut-DACH2-1",0.351882720307395
"SN540_TCCACGTAGGCCGCTT","Ex_BCL6","Glut-DACH2-3",0.847501666326273
"SN540_CTATAGGCACGGTGAA","Ex_DACH2_CEMIP","Glut-DACH2-6",0.602220072824282
"SN540_TGGAACTCAACGGGTA","Ex_DACH2_ZMAT4","Glut-DACH2-6",0.670214528859196
"SN540_TCAGCCTGTATCTTCT","Ex_DACH2_ADAMTS5","Glut-DACH2-7",0.279833365741198
"SN540_GCCCGAACATGATCTG","Ex_BCL6","Glut-DACH2-3",0.693685012545639
"SN540_TATGTTCCAACAGTGG","Ex_DACH2_ZMAT4","Glut-DACH2-8",0.843998183894148
"SN540_CGCATAACAGCTACCG","Ex_BCL6","Glut-DACH2-HVCra",0.901750368239631
"SN540_TACATTCGTACAATAG","Ex_BCL6","Glut-DACH2-HVCra",0.722901131561849
"SN540_TGGCGTGCAACTCGAT","Ex_DACH2_ZMAT4","Glut-DACH2-6",0.451278051959852
"SN540_GATCACATCAGTCAGT","Ex_DACH2_LHX2","Glut-DACH2-1",0.862664408726066
"SN540_TCCACCATCGGATAAA","Ex_DACH2_GRIK4","Glut-DACH2-1",0.524644211270349
"SN540_ATCCCTGAGTCGGGAT","Ex_BCL6","Glut-DACH2-6",0.432791071713905
"SN540_TCTGGCTCAAGTCGTT","Ex_DACH2_GRIK4","Glut-DACH2-7",0.701844177644993
"SN540_GGTGATTGTCGATTCA","Ex_BCL6","Glut-DACH2-6",0.557335024616249
"SN540_GAACACTAGTTTCGAC","Ex_DACH2_CEMIP","Glut-DACH2-6",0.995759768058958
"SN540_TTGAACGGTTTCACTT","Ex_DACH2_CEMIP","Glut-DACH2-6",0.834819664344794
"SN540_ACACAGTTCACTAGCA","Ex_DACH2_CEMIP","Glut-DACH2-6",0.939582523821234
"SN540_TCCATGCTCCGCGGAT","Ex_BCL6","Glut-DACH2-HVCx",0.479275674202377
"SN540_GCAACATCATGTAACC","Ex_DACH2_GRIK4","Glut-DACH2-1",0.604729238799748
"SN540_ATCGATGCAAACCACT","Ex_BCL6","Glut-DACH2-3",0.415604928598588
"SN540_GATAGAACAATCGCAT","Ex_BCL6","Glut-DACH2-HVCx",0.426852272909941
"SN540_TGACGCGTCAGCTCTC","Ex_BCL6","Glut-DACH2-3",0.827472475189126
"SN540_CCCTCTCCAGGTGTGA","Ex_DACH2_CEMIP","Glut-DACH2-6",0.931906469762932
"SN540_TGGGCTGGTGCTTATG","Ex_BCL6","Glut-DACH2-1",0.305005656669537
"SN540_CGTGAATAGTTCCTGA","Ex_BCL6","Glut-DACH2-HVCra",0.895224324723792
"SN540_GTGGAGAGTTGCATCA","Ex_DACH2_LHX2","Glut-DACH2-1",0.282154901475323
"SN540_AACCTGATCGCGGTAC","Ex_DACH2_GRIK4","Glut-DACH2-2",0.567948266274976
"SN540_CCCATTGCACTCCGGA","Ex_DACH2_ZMAT4","Glut-DACH2-8",0.841055428280664
"SN540_GTGTGATGTTCTCAGA","Ex_BCL6","Glut-DACH2-HVCx",0.418409207599341
"SN540_AAACGAATCACCTACC","Ex_DACH2_LHX2","Glut-DACH2-1",0.548350436181391
"SN540_TGTGAGTAGATTGACA","Ex_BCL6","Glut-DACH2-3",0.684663197339335
"SN540_TCGAACACATCGATGT","Ex_BCL6","Glut-DACH2-HVCra",0.896413130118352
"SN540_CTGCCTACAGTCCCGA","Ex_BCL6","Glut-DACH2-6",0.676062724059062
"SN540_CCTTCAGTCGCATAGT","Ex_DACH2_CEMIP","Glut-DACH2-6",0.675345669762452
"SN540_TCTATACTCCGCAAAT","Ex_DACH2_CEMIP","Glut-DACH2-6",0.811081516517689
"SN540_CAGCCAGTCACGGAGA","Ex_DACH2_CEMIP","Glut-DACH2-6",0.855672891148089
"SN540_GCCCGAAGTTAGCTAC","Ex_BCL6","Glut-DACH2-3",0.556000213337113
"SN540_GTACAGTGTCAAAGTA","Ex_DACH2_ZMAT4","Glut-DACH2-3",0.953241192635076
"SN540_CATTGTTTCGGCTGTG","Ex_BCL6","Glut-DACH2-HVCx",0.361941864661091
"SN540_TAGGTTGGTCTTGCGG","Ex_DACH2_LHX2","Glut-DACH2-1",0.905131052558808
"SN540_TTCACCGGTAACTTCG","Ex_DACH2_ZMAT4","Glut-DACH2-8",0.674347077464655
"SN540_TCATACTTCCGTGACG","Ex_BCL6","Glut-DACH2-3",0.51252211078346
"SN540_TTAATCCTCAAGTTGC","Ex_DACH2_ADAMTS5","Glut-DACH2-5",0.745419778195601
"SN540_TCAGCCTAGACCTCAT","Ex_DACH2_NR4A3","Glut-DACH2-5",0.486070742657377
"SN540_AAGTTCGAGACCCTTA","Ex_DACH2_CEMIP","Glut-DACH2-6",0.93167355955217
"SN540_TGAATCGCATAGACTC","Ex_DACH2_CEMIP","Glut-DACH2-6",0.940374712960121
"SN540_TACCCGTAGTCATGAA","Ex_DACH2_CEMIP","Glut-DACH2-6",0.908041464737217
"SN540_GGGAGATGTATTGACC","Ex_DACH2_ZMAT4","Glut-DACH2-8",0.666025604939799
"SN540_CACTGGGCAGAAATCA","Ex_BCL6","Glut-DACH2-HVCx",0.466817028873374
"SN540_TCACGGGGTCAAAGAT","Ex_DACH2_CEMIP","Glut-DACH2-6",0.760670319299979
"SN540_CGTGATAAGGTTAAAC","Ex_BCL6","Glut-DACH2-HVCx",0.412981771775785
"SN540_CTCGAGGTCTGTACAG","Ex_DACH2_ZMAT4","Glut-DACH2-6",0.672151413094446
"SN540_CTCATTATCGTAACCA","Ex_DACH2_CEMIP","Glut-DACH2-6",0.880578870330416
"SN540_CGCCAGATCACCTCTG","Ex_DACH2_CEMIP","Glut-DACH2-6",0.856977581564059
"SN540_AAGCGAGCATAGGTTC","Ex_DACH2_ZMAT4","Glut-DACH2-6",0.740541861825615
"SN540_TCCTCGACATCGCTAA","Ex_BCL6","Glut-DACH2-HVCra",0.301365772341699
"SN540_TTGATGGAGATGCCGA","Ex_DACH2_CEMIP","Glut-DACH2-6",0.988365427159111
"SN540_TAACTTCTCGCACTCT","Ex_DACH2_CEMIP","Glut-DACH2-6",0.858401753609657
"SN540_TGTTCTACAGCGATTT","Ex_DACH2_CEMIP","Glut-DACH2-6",0.765646267942879
"SN540_TATCTTGAGCTGAGCA","Ex_BCL6","Glut-DACH2-3",0.546675398935486
"SN540_AGGAATACAATAGTAG","Ex_BCL6","Glut-DACH2-HVCra",0.852077980120789
"SN540_CATTCCGAGGCGTCCT","Ex_DACH2_CEMIP","Glut-DACH2-6",0.774720597242282
"SN540_TATTTCGAGTCCCGGT","Ex_DACH2_CEMIP","Glut-DACH2-6",0.990171464869913
"SN540_CTGGACGAGAACGTGC","Ex_BCL6","Glut-DACH2-3",0.531569565029296
"SN540_CTTTCAAGTATGAGGC","Ex_BCL6","Glut-DACH2-HVCx",0.689477130164388
"SN540_AGATCGTGTCCTACGG","Ex_BCL6","Glut-DACH2-6",0.712091377476164
"SN540_GTAGAAAAGTTGGAGC","Ex_DACH2_CEMIP","Glut-DACH2-6",0.662562274802321
"SN540_AGAGAGCAGTGTCATC","Ex_DACH2_CEMIP","Glut-DACH2-6",0.826273484000885
"SN540_CATGCAACAGTTTGGT","Ex_DACH2_ADAMTS5","Glut-DACH2-7",0.465117109200896
"SN540_TTGCATTGTCACTAGT","Ex_DACH2_ZMAT4","Glut-DACH2-8",0.859334812922853
"SN540_ATCACAGCACGACGTC","Ex_DACH2_CEMIP","Glut-DACH2-6",0.55443138070462
"SN540_GCACATAGTTTGTTCT","Ex_DACH2_CEMIP","Glut-DACH2-6",0.989125786915596
"SN540_GTTTACTGTTGAGAGC","Ex_DACH2_CEMIP","Glut-DACH2-6",0.749583780301168
"SN540_ATTCATCCACAAGTTC","Ex_BCL6","Glut-DACH2-HVCx",0.316524551890006
"SN540_TCGGGACAGACTCCGC","Ex_BCL6","Glut-DACH2-HVCra",0.880010428452953
"SN540_GTGCGTGCAGATCCAT","Ex_BCL6","Glut-DACH2-6",0.648257325697767
"SN540_AGGCTGCAGTTAACAG","Ex_DACH2_ZMAT4","Glut-DACH2-6",0.558863358681803
"SN540_CGAGGAATCAGTGTTG","Ex_DACH2_ZMAT4","Glut-DACH2-6",0.60487805467367
"SN540_CACGGGTTCTAAGAAG","Ex_BCL6","Glut-DACH2-HVCra",0.881963571245986
"SN540_CTTCTAATCGCCCAGA","Ex_BCL6","Glut-DACH2-HVCx",0.259361974922654
"SN540_GGGTCACCATCCTATT","Ex_BCL6","Glut-DACH2-HVCx",0.444340780920622
"SN540_CCGATCTAGATGAACT","Ex_DACH2_CEMIP","Glut-DACH2-6",0.976490751366023
"SN540_TTGTTCAAGTCCCAAT","Ex_BCL6","Glut-DACH2-HVCx",0.316711434320317
"SN540_AGTAGTCAGATGCTGG","Ex_DACH2_GRIK4","Glut-DACH2-7",0.534604422490136
"SN540_TCGGGCATCTCCATAT","Ex_BCL6","Glut-DACH2-HVCra",0.511498893442
"SN540_CACGAATAGGGAGGCA","Ex_DACH2_LHX2","Glut-DACH2-1",0.287634693733438
"SN540_ACTGCAAGTCTCGGGT","Ex_DACH2_CEMIP","Glut-DACH2-6",0.679755091394028
"SN540_TGGCGTGAGGGTTTCT","Ex_DACH2_GRIK4","Glut-DACH2-1",0.592546866249153
"SN540_AACGTCAAGCTCGGCT","Ex_BCL6","Glut-DACH2-3",0.736913780887841
"SN540_TCAGTTTCACCCGTAG","Ex_DACH2_CEMIP","Glut-DACH2-6",0.917037640989361
"SN540_ACATGCATCCCAGGCA","Ex_DACH2_CEMIP","Glut-DACH2-6",0.959229695211845
"SN540_TTTATGCCATCTCGTC","Ex_BCL6","Glut-DACH2-6",0.794666896080237
"SN540_CGGAACCTCATGACAC","Ex_DACH2_SLIT2","Glut-CACNA1H-4",0.440258340478943
"SN540_GCCGTGATCGCCGATG","Ex_DACH2_ZMAT4","Glut-DACH2-8",0.751119493294479
"SN540_GTCATCCTCTCGCCTA","Ex_DACH2_CEMIP","Glut-DACH2-6",0.755551751498313
"SN540_ATTATCCTCCGATGCG","Ex_DACH2_ADAMTS5","Glut-DACH2-HVCra-Int",0.236548341235697
"SN540_GGAGATGTCCTGTACC","Ex_DACH2_CEMIP","Glut-DACH2-6",0.569453884142483
"SN540_TCACTATAGACGCCCT","Ex_BCL6","Glut-DACH2-3",0.551360411609034
"SN540_AGGGAGTTCCCTCTTT","Ex_DACH2_ZMAT4","Glut-DACH2-8",0.567580386786472
"SN540_TTATTGCTCCCTCTAG","Ex_DACH2_GRIK4","Glut-DACH2-1",0.402949992533216
"SN540_ACCATTTAGATACATG","Ex_DACH2_GRIK4","Glut-DACH2-1",0.680746375947393
"SN540_ACAACCAGTACCTTCC","Ex_BCL6","Glut-DACH2-HVCra",0.71203084489221
"SN540_AGACCATTCTCTTGCG","Ex_DACH2_CEMIP","Glut-DACH2-6",0.657068258270326
"SN540_TCAAGCAGTACTTGTG","Ex_DACH2_CEMIP","Glut-DACH2-6",0.71848435270174
"SN540_GCTTTCGTCGGATTAC","Ex_DACH2_ADAMTS5","Glut-DACH2-2",0.579401546595157
"SN540_TCTCAGCCATCGATGT","Ex_BCL6","Glut-DACH2-6",0.40700720415144
"SN540_GACGTTATCTATCGTT","Ex_DACH2_CEMIP","Glut-DACH2-6",0.970497879701134
"SN540_GCATCGGCATTCACAG","Ex_DACH2_ZMAT4","Glut-DACH2-6",0.59691846552921
"SN540_TCGAACATCCTCTCGA","Ex_DACH2_ADAMTS5","Glut-DACH2-6",0.432132006830058
"SN540_ACAGGGATCAGCGGAA","Ex_BCL6","Glut-DACH2-3",0.543210598953361
"SN540_GTAGAGGGTACAGAAT","Ex_DACH2_SLIT2","Glut-DACH2-4",0.568929475082342
"SN540_ATAGGCTAGCCTCAAT","Ex_DACH2_ZMAT4","Glut-DACH2-6",0.652381534673073
"SN540_AAGGTAACAATGGCCC","Ex_DACH2_GRIK4","Glut-DACH2-7",0.558624126227151
"SN540_TTTGTTGCACTCTCGT","Ex_DACH2_SLIT2","Glut-DACH2-3",0.468125041032563
"SN540_CATTGAGTCTGAGTCA","Ex_BCL6","Glut-DACH2-6",0.240793818730411
"SN540_CTACAGAAGATGGCAC","Ex_DACH2_GRIK4","Glut-DACH2-7",0.753207686491931
"SN540_CTCCATGCACTTGTCC","Ex_DACH2_ITGA9","Glut-DACH2-1",0.413364456425469
"SN540_GTCGTAAAGCTATCTG","Ex_DACH2_GRIK4","Glut-DACH2-1",0.565438612223841
"SN540_CACAGGCAGGCAATGC","Ex_DACH2_ADAMTS5","Glut-DACH2-7",0.895122588779778
"SN540_CTGAGGCTCAAACGTC","Ex_DACH2_ADAMTS5","Glut-DACH2-7",0.466215637720719
"SN540_TGGAACTGTAGTCTTG","Ex_BCL6","Glut-DACH2-6",0.637786012515134
"SN540_TAATTCCCAAGCACAG","Ex_DACH2_LHX2","Glut-DACH2-2",0.587282608324945
"SN540_GTAGGTTCATAAGATG","Ex_BCL6","Glut-DACH2-HVCx",0.446335754235251
"SN540_CATAAGCAGTACAGCG","Ex_BCL6","Glut-DACH2-6",0.276772988600628
"SN540_CGGTCAGGTCTTGAAC","Ex_BCL6","Glut-DACH2-HVCx",0.488189215954495
"SN540_CCTCCAACAGACCATT","Ex_BCL6","Glut-DACH2-3",0.723974220302839
"SN540_AGAAGCGGTGAGTTGG","Ex_DACH2_CEMIP","Glut-DACH2-6",0.989825291755743
"SN540_CATTCATAGAGCAGTC","Ex_BCL6","Glut-DACH2-HVCra",0.828843671682261
"SN540_CGTGATAAGCATGCAG","Ex_DACH2_ZMAT4","Glut-DACH2-3",0.936205451911023
"SN540_CAGCAATCACAGCATT","Ex_DACH2_GRIK4","Glut-DACH2-2",0.607435316915711
"SN540_TCGTGGGTCCTGGGTG","Ex_DACH2_GRIK4","Glut-DACH2-2",0.463751551402027
"SN540_TGTCAGACATCCGGCA","Ex_DACH2_NR4A3","Glut-DACH2-7",0.580359031552292
"SN540_AGTAGCTAGGGAGGTG","Ex_BCL6","Glut-DACH2-1",0.606781506015465
"SN540_GTCACTCTCTGAATCG","Ex_BCL6","Glut-DACH2-HVCra",0.880163492790627
"SN540_ACCTACCTCGTGCTCT","Ex_DACH2_CEMIP","Glut-DACH2-1",0.550953115778251
"SN540_TTGGGTAAGGAAGAAC","Ex_BCL6","Glut-DACH2-HVCra",0.933413219602956
"SN540_CACAGGCAGCGCGTTC","Ex_BCL6","Glut-DACH2-3",0.419605956984845
"SN540_ATGAGTCCATCTCGTC","Ex_BCL6","Glut-DACH2-1",0.335833980779876
"SN540_CGAGAAGGTGATTGGG","Ex_BCL6","Glut-DACH2-6",0.412874457873275
"SN540_CTTCAATCACCCTTGT","Ex_DACH2_LHX2","Glut-DACH2-1",0.542596449982061
"SN540_ATGGGAGCAGTTTGGT","Ex_DACH2_CEMIP","Glut-DACH2-6",0.81902830174548
"SN540_AGTGACTGTCAAAGTA","Ex_BCL6","Glut-DACH2-HVCra",0.294615732375846
"SN540_TCAGCAACAAGGCTTT","Ex_BCL6","Glut-DACH2-HVCra",0.487493625725526
"SN540_CCACTTGCAGCTGAGA","Ex_BCL6","Glut-DACH2-3",0.797589726258242
"SN540_GACTCTCCAAGTCGTT","Ex_DACH2_CEMIP","Glut-DACH2-6",0.948923103785231
"SN540_GTGGTTATCTGGGATT","Ex_DACH2_CEMIP","Glut-DACH2-6",0.880880076710648
"SN540_GAAGAATCACTTCAAG","Ex_DACH2_ADAMTS5","Glut-DACH2-5",0.476777140047754
"SN540_AGGTGTTCAGACCAAG","Ex_DACH2_ZMAT4","Glut-DACH2-6",0.532612842117106
"SN540_CACTGGGCATACCACA","Ex_BCL6","Glut-DACH2-HVCra",0.684345413500069
"SN540_ATCCATTCAGCTAACT","Ex_BCL6","Glut-DACH2-1",0.467613016947288
"SN540_TGCTGAACATCTCATT","Ex_DACH2_GRIK4","Glut-DACH2-1",0.211449886693932
"SN540_TTCGCTGTCCTTCACG","Ex_DACH2_ZMAT4","Glut-DACH2-6",0.371638267090141
"SN540_GATCAGTCACCATATG","Ex_DACH2_CEMIP","Glut-DACH2-6",0.9946991087209
"SN540_CAATTTCCAAGCTGTT","Ex_DACH2_CEMIP","Glut-DACH2-6",0.748180004551758
"SN540_CATGCTCAGGTTGCCC","Ex_BCL6","Glut-DACH2-6",0.630174170525545
"SN540_ATGCCTCGTATGAAGT","Ex_BCL6","Glut-DACH2-HVCx",0.46688460177928
"SN540_TCCGAAAAGCGTCTGC","Ex_BCL6","Glut-DACH2-HVCx",0.522140417407932
"SN540_GGAGGATGTGCTTCAA","Ex_BCL6","Glut-DACH2-HVCx",0.673656626969178
"SN540_ACCTGTCAGCGCATCC","Ex_DACH2_CEMIP","Glut-DACH2-6",0.775865272281598
"SN540_GCCATTCTCCTCTCGA","Ex_DACH2_GRIK4","Glut-DACH2-7",0.825849545777027
"SN540_GTTACAGAGTCCCAGC","Ex_DACH2_CEMIP","Glut-DACH2-6",0.927490562629652
"SN540_GCACGGTAGCTGCGAA","Ex_DACH2_GRIK4","Glut-DACH2-1",0.70143628775708
"SN540_TGCGATACACTACGGC","Ex_DACH2_CEMIP","Glut-DACH2-6",0.417435829965379
"SN540_ATACCTTAGCCTAGGA","Ex_DACH2_CEMIP","Glut-DACH2-6",0.786426177807836
"SN540_CGTAAGTGTTGGCTAT","Ex_DACH2_ADAMTS5","Glut-DACH2-5",0.48604415717668
"SN540_TTCGATTCAGCGACCT","Ex_DACH2_LHX2","Glut-DACH2-1",0.484720701669566
"SN540_TTAATCCCAGGCCCTA","Ex_DACH2_CEMIP","Glut-DACH2-6",0.603799541577278
"SN540_TAACCAGCAGCTACTA","Ex_DACH2_CEMIP","Glut-DACH2-6",0.596922835622484
"SN540_CAGAGCCGTCCATACA","Ex_DACH2_ZMAT4","Glut-DACH2-8",0.764561162275827
"SN540_GTTCCGTGTCGAGCAA","Ex_DACH2_GRIK4","Glut-DACH2-2",0.696406501642628
"SN540_TTGAGTGAGTTTCGGT","Ex_BCL6","Glut-DACH2-HVCra",0.720630233606013
"SN540_TCCTCCCAGCGCTGAA","Ex_DACH2_LHX2","Glut-DACH2-1",0.472481607913988
"SN540_GCCAACGGTGCTTATG","Ex_DACH2_NR4A3","Glut-DACH2-5",0.651437726734841
"SN540_TACCTGCTCCATGCAA","Ex_DACH2_CEMIP","Glut-DACH2-6",0.658454728366609
"SN540_TGTCCCACACAAAGCG","Ex_BCL6","Glut-DACH2-HVCra",0.858534494218399
"SN540_AATCGTGGTGATTGGG","Ex_DACH2_CEMIP","Glut-DACH2-6",0.911317535714841
"SN540_TATATCCCAATTGCAC","Ex_BCL6","Glut-DACH2-HVCra",0.857281851142486
"SN540_TGTACAGAGAGATCGC","Ex_DACH2_CEMIP","Glut-DACH2-6",0.973357406708384
"SN540_TGGAACTCAAATTAGG","Ex_DACH2_GRIK4","Glut-DACH2-2",0.435261460849961
"SN540_GTGCAGCAGTGCCCGT","Ex_BCL6","Glut-DACH2-1",0.518526308879523
"SN540_TGATCTTGTAGGACTG","Ex_BCL6","Glut-DACH2-HVCra",0.610443104950287
"SN540_GTCAAACGTCGAATGG","Ex_DACH2_CEMIP","Glut-DACH2-6",0.765965914481993
"SN540_GCACTAAAGCTGCCAC","Ex_DACH2_CEMIP","Glut-DACH2-6",0.958449324887744
"SN540_ATGCATGCATGCCGGT","Ex_DACH2_GRIK4","Glut-DACH2-1",0.593354376059344
"SN540_GTCATCCCATGGCCCA","Ex_DACH2_ZMAT4","Glut-DACH2-8",0.507226316516829
"SN540_ATCACAGCAGAGGTAC","Ex_BCL6","Glut-DACH2-HVCra",0.524146820200813
"SN540_AAGTTCGGTAGACAAT","Ex_DACH2_ZMAT4","Glut-DACH2-8",0.590761279070334
"SN540_TGACCCTGTGTCATTG","Ex_BCL6","Glut-CACNA1H-4",0.498237824887649
"SN540_GGAAGTGTCGCACTCT","Ex_BCL6","Glut-DACH2-HVCx",0.446888369237156
"SN540_TGAGCGCAGGGCTAAC","Ex_DACH2_GRIK4","Glut-DACH2-1",0.582441137706034
"SN540_GATTTCTCAATCTGCA","Ex_DACH2_LHX2","Glut-DACH2-1",0.832313290297127
"SN540_TTTCGATGTTTCGCTC","Ex_DACH2_ADAMTS5","Glut-DACH2-7",0.78412194462068
"SN540_ACATGCAAGCGCCATC","Ex_BCL6","Glut-DACH2-6",0.594812446678429
"SN540_ACAGGGATCGCGATCG","Ex_BCL6","Glut-DACH2-6",0.585825661629675
"SN540_CGGACACGTGGAACAC","Ex_DACH2_ZMAT4","Glut-DACH2-6",0.781580452551248
"SN540_CCTAAGAGTGGCCCAT","Ex_BCL6","Glut-DACH2-HVCra",0.874051292932975
"SN540_CTCTCGAAGAGTGTTA","Ex_BCL6","Glut-DACH2-3",0.223516377077768
"SN540_ATCGTAGCAAGACAAT","Ex_BCL6","Glut-DACH2-HVCra",0.338615613203704
"SN540_GAATCACAGATACTGA","Ex_BCL6","Glut-DACH2-6",0.554042087066371
"SN540_CACGAATAGCTAAGTA","Ex_BCL6","Glut-DACH2-HVCra",0.396309896490257
"SN540_CGAATTGAGCCACAAG","Ex_BCL6","Glut-DACH2-3",0.388050263378742
"SN540_CGCAGGTCATTCCTCG","Ex_DACH2_GRIK4","Glut-DACH2-1",0.431458867323108
"SN540_CGAATTGAGCAAATGT","Ex_BCL6","Glut-DACH2-HVCx",0.276892112042575
"SN540_CCCTAACTCTACGGTA","Ex_DACH2_ZMAT4","Glut-DACH2-8",0.666880523772672
"SN540_GAGGCAAAGCACTTTG","Ex_DACH2_CEMIP","Glut-DACH2-6",0.686216139808754
"SN540_CTAACCCCATATACCG","Ex_DACH2_ZMAT4","Glut-DACH2-3",0.761264123245439
"SN540_TTCCAATAGATGCGAC","Ex_DACH2_ZMAT4","Glut-DACH2-8",0.560813829300551
"SN540_CACACAAGTCTATGAC","Ex_DACH2_ZMAT4","Glut-DACH2-6",0.762465752629895
"SN540_GGGTGTCTCGACCAAT","Ex_BCL6","Glut-DACH2-HVCx",0.481696752237859
"SN540_ACGGAAGGTCGTTCAA","Ex_DACH2_CEMIP","Glut-DACH2-6",0.816924743260747
"SN540_TGCAGGCTCAACGAGG","Ex_BCL6","Glut-DACH2-6",0.434388211321026
"SN540_CCCATTGGTTAGTCGT","Ex_BCL6","Glut-DACH2-HVCx",0.54664264929147
"SN540_ACTCCCAAGTGCAGGT","Ex_DACH2_CEMIP","Glut-DACH2-6",0.637740575545317
"SN540_TAGACCACACGCAAAG","Ex_BCL6","Glut-DACH2-HVCx",0.396745710246766
"SN540_CTTCCGATCTATCGGA","Ex_BCL6","Glut-DACH2-1",0.302331590428428
"SN540_ATCACGAAGTGATTCC","Ex_BCL6","Glut-DACH2-HVCra",0.870398949487397
"SN540_AGCATCATCCCTCATG","Ex_DACH2_LHX2","Glut-DACH2-1",0.323820741947891
"SN540_CGTCAAATCCCAGGCA","Ex_DACH2_ADAMTS5","Glut-DACH2-5",0.43595825034721
"SN540_ACCTGAATCTGTGCTC","Ex_BCL6","Glut-DACH2-HVCra",0.891047377450198
"SN540_GGGATGACAGACCTGC","Ex_BCL6","Glut-DACH2-6",0.39196471167238
"SN540_AGATGAATCCTTCTAA","Ex_BCL6","Glut-DACH2-HVCra",0.876116896820493
"SN540_TCAAGTGCAACTAGAA","Ex_DACH2_CEMIP","Glut-DACH2-6",0.986096864266869
"SN540_GTGAGCCCACCACTGG","Ex_DACH2_CEMIP","Glut-DACH2-6",0.847359675353565
"SN540_CATCCACAGACAAGCC","Ex_BCL6","Glut-DACH2-HVCra",0.805990840791776
"SN540_AAATGGACACGCTGCA","Ex_BCL6","Glut-DACH2-HVCx",0.33462058110724
"SN540_TTGTTGTGTCTGGTTA","Ex_BCL6","Glut-DACH2-6",0.410384513827221
"SN540_AGGCCACGTGGGTCAA","Ex_DACH2_ADAMTS5","Glut-DACH2-5",0.58438885008036
"SN540_CCAATTTCACTGTGTA","Ex_DACH2_GRIK4","Glut-DACH2-1",0.439547001926192
"SN540_CGGAATTCAGCGTAGA","Ex_DACH2_ADAMTS5","Glut-DACH2-2",0.35453359080685
"SN540_GTAAGTCCACCTTCGT","Ex_DACH2_ADAMTS5","Glut-DACH2-5",0.539075188252225
"SN540_CCATCACCAGAGTTCT","Ex_BCL6","Glut-DACH2-HVCra",0.600799394490635
"SN540_TGGGAAGTCTTTCAGT","Ex_BCL6","Glut-DACH2-HVCx",0.287831206655592
"SN540_CTTCTCTTCATTTGGG","Ex_DACH2_ADAMTS5","Glut-DACH2-7",0.562084105142194
"SN540_TCCCATGTCATCCTAT","Ex_DACH2_CEMIP","Glut-DACH2-6",0.866323156774938
"SN540_TCAATTCCAGGAATAT","Ex_DACH2_CEMIP","Glut-DACH2-6",0.934738593655473
"SN540_CATCGCTCAGTTTCAG","Ex_BCL6","Glut-DACH2-6",0.295769533715436
"SN540_ATGGATCGTCTCTCCA","Ex_BCL6","Glut-DACH2-6",0.442717646469716
"SN540_GGACGTCAGGACAGCT","Ex_DACH2_LHX2","Glut-DACH2-1",0.906037151146099
"SN540_TGGCGTGCATGTGGCC","Ex_BCL6","Glut-DACH2-6",0.379895205479738
"SN540_TACCGAAAGGCTCTCG","Ex_DACH2_LHX2","Glut-DACH2-1",0.86765159120021
"SN540_ACTGATGTCTTACTGT","Ex_DACH2_CEMIP","Glut-DACH2-6",0.639776332833237
"SN540_CGCCAGATCGAGAATA","Ex_BCL6","Glut-CACNA1H-3",0.330357185868094
"SN540_AAAGGTATCCAGGACC","Ex_DACH2_ADAMTS5","Glut-DACH2-5",0.535097844877514
"SN540_TCAATCTGTTTAAGGA","Ex_DACH2_CEMIP","Glut-DACH2-6",0.989068958623251
"SN540_CTCCGATAGGATTTCC","Ex_BCL6","Glut-DACH2-6",0.572408092728544
"SN540_ACTGTGAGTGCGCTCA","Ex_DACH2_LHX2","Glut-DACH2-1",0.590904339602493
"SN540_GGGCTACCAGATACCT","Ex_DACH2_CEMIP","Glut-DACH2-3",0.621470635302826
"SN540_GCAACCGTCCTACACC","Ex_BCL6","Glut-DACH2-4",0.36623837355195
"SN540_CCCTCAAGTATCGGTT","Ex_BCL6","Glut-DACH2-HVCx",0.430470970437388
"SN540_GGGTGTCCAGAATCGG","Ex_DACH2_CEMIP","Glut-DACH2-6",0.780161959670931
"SN540_ACGTCCTGTCATATGC","Ex_BCL6","Glut-DACH2-6",0.517398658534558
"SN540_ATTCTTGGTCAGTCTA","Ex_BCL6","Glut-DACH2-6",0.68663210000916
"SN540_CAGCGTGCACTATGTG","Ex_BCL6","Glut-DACH2-HVCra",0.743856393797701
"SN540_GTAATCGCAAGGGTCA","Ex_BCL6","Glut-DACH2-6",0.688936718149808
"SN540_TAAGCGTGTCCAGCCA","Ex_DACH2_CEMIP","Glut-DACH2-6",0.93674603740718
"SN540_CAGATTGGTTTCACTT","Ex_BCL6","Glut-DACH2-6",0.510608570141998
"SN540_TGTGGCGGTTCAGCGC","Ex_BCL6","Glut-DACH2-1",0.402375836509736
"SN540_GTTATGGAGCTGCGAA","Ex_DACH2_LHX2","Glut-DACH2-1",0.865147847186608
"SN540_GTCAAGTTCGGACTTA","Ex_BCL6","Glut-DACH2-HVCra",0.277437101566887
"SN540_TTCTTCCTCCGCACGA","Ex_DACH2_ADAMTS5","Glut-DACH2-5",0.363091346964976
"SN540_TATTGGGGTGCTCTTC","Ex_DACH2_ZMAT4","Glut-DACH2-3",0.384573119198177
"SN540_TACGTCCTCATACGGT","Ex_DACH2_ADAMTS5","Glut-DACH2-7",0.792353085054783
"SN540_TCTGTCGCACTCACTC","Ex_DACH2_LHX2","Glut-DACH2-1",0.635987028848396
"SN540_AAACCCACAGCAAGAC","Ex_DACH2_CEMIP","Glut-DACH2-6",0.685793502837821
"SN540_CAATCGAAGCACCGTC","Ex_DACH2_LHX2","Glut-DACH2-1",0.682303611375747
"SN540_CTGATCCCATATGCGT","Ex_BCL6","Glut-DACH2-HVCx",0.277464909322448
"SN540_CTGAATGCACTTTAGG","Ex_DACH2_CEMIP","Glut-DACH2-6",0.886618111788073
"SN540_TAACCAGGTTAAGAAC","Ex_BCL6","Glut-DACH2-HVCra",0.663768825915075
"SN540_ATGAGGGTCTTCGTAT","Ex_DACH2_GRIK4","Glut-DACH2-1",0.401860507649205
"SN540_ATTGTTCCAGTGTGGA","Ex_BCL6","Glut-DACH2-HVCra",0.89562465481455
"SN540_AACCACAAGAATTGCA","Ex_BCL6","Glut-DACH2-1",0.39869228242777
"SN540_GGTCTGGAGGCCCAAA","Ex_BCL6","Glut-DACH2-6",0.329971552863406
"SN540_GTCTGTCTCCTGCTAC","Ex_BCL6","Glut-DACH2-6",0.320735897707299
"SN540_GTGGGAAGTCAACACT","Ex_DACH2_ADAMTS5","Glut-DACH2-5",0.608276895684736
"SN540_TCTGGCTGTCCCTGAG","Ex_DACH2_LHX2","Glut-DACH2-1",0.377892413456409
"SN540_AACTTCTGTTCGAAGG","Ex_DACH2_LHX2","Glut-DACH2-1",0.545652587868231
"SN540_TGTGATGTCCCAATAG","Ex_DACH2_GRIK4","Glut-DACH2-1",0.430144091925632
"SN540_AAGAACATCGTGCACG","Ex_DACH2_CEMIP","Glut-DACH2-6",0.74602495246781
"SN540_CTCCCAAGTGAGCTCC","Ex_DACH2_ZMAT4","Glut-DACH2-6",0.369755686195128
"SN540_CAAGAGGTCTGCGGGT","Ex_BCL6","Glut-DACH2-HVCx",0.45900752909876
"SN540_CTTCCGACAGGTTACT","Ex_BCL6","Glut-DACH2-1",0.207083715441244
"SN540_CAGTTAGGTGGTCTAT","Ex_BCL6","Glut-DACH2-3",0.275893745441537
"SN540_AATGGCTCATGAGGGT","Ex_DACH2_MGAT4C","Glut-DACH2-1",0.247459208203371
"SN540_ACACCAACAAGAGGTC","Ex_DACH2_GRIK4","Glut-DACH2-1",0.567151748003691
"SN540_AGTTCGAAGGTTCTTG","Ex_BCL6","Glut-DACH2-HVCra",0.886264311349489
"SN540_CCATCACCATTCTCTA","Ex_BCL6","Glut-DACH2-6",0.9621311584763
"SN540_AGGGAGTAGACATAGT","Ex_DACH2_GRIK4","Glut-DACH2-7",0.716471109370802
"SN540_ATTCCATTCACTGTTT","Ex_DACH2_CEMIP","Glut-DACH2-6",0.904475440766575
"SN540_GTTGTCCCATGGACAG","Ex_BCL6","Glut-DACH2-HVCx",0.204106942023297
"SN540_TCCATCGCAACGACTT","Ex_BCL6","Glut-DACH2-6",0.830391416288639
"SN540_AGGAAATTCGTGGACC","Ex_DACH2_ITGA9","Glut-DACH2-1",0.692596100542615
"SN540_AGTAACCGTTAGAAGT","Ex_DACH2_ZMAT4","Glut-DACH2-3",0.460075610050898
"SN540_GTGGAGAGTGTCCCTT","Ex_DACH2_CEMIP","Glut-DACH2-6",0.806168149846861
"SN540_TTTCATGGTTTCTTAC","Ex_DACH2_ZMAT4","Glut-DACH2-3",0.622067131320892
"SN540_AGTCAACAGGGTGAGG","Ex_BCL6","Glut-DACH2-HVCx",0.408696729581057
"SN540_TCCTTCTTCAGTGGGA","Ex_DACH2_CEMIP","Glut-DACH2-6",0.630815817919312
"SN540_CATCCCATCGAACGCC","Ex_DACH2_ZMAT4","Glut-DACH2-8",0.692423979206136
"SN540_TACGCTCAGGATACAT","Ex_DACH2_ADAMTS5","Glut-DACH2-HVCx",0.645370178889931
"SN540_GGGAAGTAGGTGCTGA","Ex_BCL6","Glut-DACH2-HVCx",0.561607764353717
"SN540_GTTGTCCCATAGGTTC","Ex_DACH2_LHX2","Glut-DACH2-1",0.751092923600673
"SN540_GTAATCGCAACGCATT","Ex_DACH2_ADAMTS5","Glut-DACH2-5",0.421484026671548
"SN540_AGTCAACGTGATACAA","Ex_DACH2_GRIK4","Glut-DACH2-1",0.45105042885982
"SN540_CAACGGCAGGGCTGAT","Ex_DACH2_CEMIP","Glut-DACH2-6",0.96823986537186
"SN540_GTTTACTGTGATCATC","Ex_BCL6","Glut-DACH2-6",0.404773277334153
"SN540_GACCGTGAGTCAGGGT","Ex_DACH2_ZMAT4","Glut-DACH2-8",0.6413625474082
"SN540_AACACACAGAAGCTGC","Ex_DACH2_ADAMTS5","Glut-DACH2-2",0.465523708054886
"SN540_TGCCGAGTCACCATCC","Ex_DACH2_CEMIP","Glut-DACH2-6",0.921142822895938
"SN540_CGCCAGACAAAGCTAA","Ex_DACH2_GRIK4","Glut-DACH2-7",0.655700754166912
"SN540_TTGTGGAAGCAATTCC","Ex_BCL6","Glut-DACH2-HVCx",0.587779690261934
"SN540_CTGGACGAGGGCGAAG","Ex_BCL6","Glut-DACH2-HVCra",0.822983085977173
"SN540_GAGATGGAGCAGTCTT","Ex_BCL6","Glut-DACH2-HVCx",0.515550257592846
"SN540_AGGTTACTCACAGTGT","Ex_BCL6","Glut-DACH2-3",0.665089911997024
"SN540_TAGATCGAGAAGTCAT","Ex_BCL6","Glut-DACH2-HVCx",0.482687349386685
"SN540_AGGTTACTCTGAATGC","Ex_BCL6","Glut-DACH2-6",0.30552985667169
"SN540_AACAACCCAAGGGTCA","Ex_DACH2_CEMIP","Glut-DACH2-6",0.909241621921831
"SN540_GTGACGCTCTAGTCAG","Ex_BCL6","Glut-DACH2-HVCx",0.48523181241302
"SN540_CGAATTGAGTATGGCG","Ex_DACH2_CEMIP","Glut-DACH2-6",0.954321593365606
"SN540_CCCGGAAAGTAGGGTC","Ex_DACH2_CEMIP","Glut-DACH2-3",0.685413342981558
"SN540_ACTGCAACAGAACTAA","Ex_DACH2_GRIK4","Glut-DACH2-7",0.318501663851297
"SN540_ACTTTGTTCGCTGTCT","Ex_BCL6","Glut-DACH2-6",0.281780843717535
"SN540_TTCAATCAGAGGTTTA","Ex_DACH2_ADAMTS5","Glut-DACH2-5",0.426628141445701
"SN540_CTGGCAGCAGCAAGAC","Ex_DACH2_CEMIP","Glut-DACH2-6",0.859558593311074
"SN540_GATTCGACAGGTAGTG","Ex_BCL6","Glut-DACH2-HVCx",0.582978890858753
"SN540_AGGTTGTAGTATTAGG","Ex_BCL6","Glut-DACH2-HVCx",0.333587273640939
"SN540_TGGTGATAGTCGGGAT","Ex_DACH2_LHX2","Glut-DACH2-1",0.727712476205594
"SN540_CGGGCATCAGCTACTA","Ex_BCL6","Glut-DACH2-HVCra",0.366325984621481
"SN540_ATCGATGTCCATCTAT","Ex_DACH2_CEMIP","Glut-DACH2-3",0.553921123654077
"SN540_GGGCTACGTTGACTGT","Ex_DACH2_GRIK4","Glut-DACH2-1",0.634148509719358
"SN540_CATACAGGTAACATGA","Ex_DACH2_GRIK4","Glut-DACH2-7",0.624311024073243
"SN540_AGAAGCGGTCGACTTA","Ex_BCL6","Glut-DACH2-1",0.261988716070791
"SN540_ACAAGCTTCCTAGAGT","Ex_DACH2_ADAMTS5","Glut-DACH2-5",0.709612914253144
"SN540_ATGGATCCATACCACA","Ex_DACH2_ZMAT4","Glut-DACH2-8",0.448781740907746
"SN540_CTCCCAAAGATTGATG","Ex_BCL6","Glut-DACH2-6",0.782113629147514
"SN540_TAATCTCTCGGCTGGT","Ex_DACH2_ADAMTS5","Glut-DACH2-5",0.46952985289331
"SN540_TGTGGCGAGGGTCTTT","Ex_DACH2_CEMIP","Glut-DACH2-6",0.839041956609379
"SN540_GTGAGTTAGCTACAAA","Ex_DACH2_CEMIP","Glut-DACH2-6",0.855475214416583
"SN540_GATCAGTTCGGCCCAA","Ex_BCL6","Glut-DACH2-6",0.685723096453851
"SN540_ATCGTAGCACCCGTAG","Ex_DACH2_ADAMTS5","Glut-DACH2-5",0.727413303753941
"SN540_GAGATGGTCTTGGTGA","Ex_BCL6","Glut-DACH2-6",0.251925082989264
"SN540_TCGAACAGTTATTCCT","Ex_DACH2_MGAT4C","Glut-DACH2-1",0.438098982508318
"SN540_CCGTGAGGTCAGCGTC","Ex_DACH2_ADAMTS5","Glut-DACH2-5",0.479714778638929
"SN540_AGTTAGCGTTAAGAAC","Ex_BCL6","Glut-DACH2-HVCx",0.24276568370167
"SN540_CCGTGAGGTGAGTAAT","Ex_BCL6","Glut-DACH2-HVCra",0.823918963035514
"SN540_CAAAGAACACCGCTGA","Ex_BCL6","Glut-DACH2-HVCx",0.677631289670691
"SN540_CCGGACATCTAACGGT","Ex_DACH2_ADAMTS5","Glut-DACH2-5",0.670221989288268
"SN540_ACCAACATCGACACTA","Ex_DACH2_ADAMTS5","Glut-DACH2-7",0.74004395953128
"SN540_AGTACCATCGAAGGAC","Ex_BCL6","Glut-DACH2-6",0.38418080606028
"SN540_ACTTCCGAGGAGGCAG","Ex_DACH2_ADAMTS5","Glut-DACH2-6",0.335355444687617
"SN540_CCTTCAGAGAGTGACC","Ex_BCL6","Glut-DACH2-3",0.502103940010367
"SN540_AGGTCTATCCAAACCA","Ex_DACH2_ADAMTS5","Glut-DACH2-2",0.460198045764355
"SN540_CAATACGCATCGATGT","Ex_DACH2_ADAMTS5","Glut-DACH2-7",0.494312921537705
"SN540_TCAGTGAGTGGATCGA","Ex_DACH2_CEMIP","Glut-DACH2-6",0.861499562728966
"SN540_CAGATACTCGCCATAA","Ex_DACH2_ADAMTS5","Glut-DACH2-5",0.639663350857908
"SN540_GGATCTAGTAGTGCGA","Ex_BCL6","Glut-DACH2-HVCra",0.923272538709915
"SN540_CTCATGCAGGCTCTCG","Ex_BCL6","Glut-DACH2-HVCx",0.514464711181286
"SN540_AGACAGGTCGCGTCGA","Ex_DACH2_CEMIP","Glut-DACH2-3",0.416920251331934
"SN540_GTTGCTCGTCATAACC","Ex_DACH2_LHX2","Glut-DACH2-1",0.809531374076475
"SN540_TCATGAGTCGCGGACT","Ex_DACH2_ADAMTS5","Glut-DACH2-5",0.474347243783025
"SN540_CTCAATTCACCAATTG","Ex_DACH2_ADAMTS5","Glut-DACH2-5",0.443754495582182
"SN540_CCGTGAGCACGAAAGC","Ex_DACH2_ZMAT4","Glut-DACH2-6",0.699852107312911
"SN540_ATGGTTGAGCTTACGT","Ex_DACH2_ZMAT4","Glut-DACH2-8",0.527867297866331
"SN540_TGGCGTGTCCCAAGTA","Ex_DACH2_CEMIP","Glut-DACH2-6",0.481087599875575
"SN540_GGCGTCAGTGCAAGAC","Ex_DACH2_ADAMTS5","Glut-DACH2-6",0.305669533639036
"SN540_GCACTAAAGGATACCG","Ex_DACH2_LHX2","Glut-DACH2-1",0.875512366391001
"SN540_GAGTCATTCGCATTGA","Ex_DACH2_ZMAT4","Glut-DACH2-6",0.715011507227974
"SN540_TCGCACTGTACAAGCG","Ex_BCL6","Glut-DACH2-6",0.270417494785385
"SN540_TTTCACAGTAGCACGA","Ex_DACH2_LHX2","Glut-DACH2-2",0.528190556460777
"SN540_AGGTTACGTTCGGTCG","Ex_DACH2_CEMIP","Glut-DACH2-6",0.497570807632733
"SN540_CTCCATGTCTGCGAGC","Ex_BCL6","Glut-DACH2-HVCra",0.439374798763861
"SN540_TTGGATGCAAGGTCGA","Ex_BCL6","Glut-DACH2-HVCx",0.301398613531059
"SN540_TACTGCCTCTGAGAGG","Ex_DACH2_ADAMTS5","Glut-DACH2-2",0.366508574888929
"SN540_GAGGGTAGTCATCCGG","Ex_BCL6","Glut-DACH2-6",0.401021711551448
"SN540_GCTGCAGTCCATTCAT","Ex_DACH2_GRIK4","Glut-DACH2-1",0.502203242257782
"SN540_CCTGTTGCACGGAAGT","Ex_BCL6","Glut-DACH2-6",0.330446695802003
"SN540_GCTGCAGCACTACCGG","Ex_DACH2_CEMIP","Glut-DACH2-6",0.724906757853825
"SN540_TTCCTAAAGCGTCGAA","Ex_DACH2_ZMAT4","Glut-DACH2-8",0.935989268374171
"SN540_GTCAAGTTCTGCGTCT","Ex_DACH2_CEMIP","Glut-DACH2-6",0.887185693184417
"SN540_GGTCTGGCAATATCCG","Ex_DACH2_LHX2","Glut-DACH2-1",0.847768108637657
"SN540_CTCCTCCAGTGTGTTC","Ex_DACH2_LHX2","Glut-DACH2-1",0.903957835837759
"SN540_ATTATCCAGCAACCAG","Ex_DACH2_ADAMTS5","Glut-DACH2-5",0.649890520453952
"SN540_GTAAGTCGTAACCCGC","Ex_DACH2_ZMAT4","Glut-DACH2-6",0.48962272096313
"SN540_CGTAGTACATTGAGGG","Ex_DACH2_ADAMTS5","Glut-DACH2-7",0.495132219652028
"SN540_CTCAGGGGTTGTCCCT","Ex_DACH2_ADAMTS5","Glut-DACH2-5",0.538895451849578
"SN540_CTCCGATTCATAAGGA","Ex_DACH2_CEMIP","Glut-DACH2-6",0.868938913430303
"SN540_ATACCGACAATATCCG","Ex_DACH2_CEMIP","Glut-DACH2-6",0.684278666056667
"SN540_GTTTGGAGTGTCCATA","Ex_DACH2_ADAMTS5","Glut-DACH2-7",0.369611759572047
"SN540_GGGTGTCGTAAGACCG","Ex_BCL6","Glut-DACH2-HVCra",0.887468477126957
"SN540_GCCGTGAAGATCCCAT","Ex_DACH2_ZMAT4","Glut-DACH2-8",0.938711971293326
"SN540_TACCGGGGTCGTGTTA","Ex_DACH2_CEMIP","Glut-DACH2-6",0.80772305680737
"SN540_GAGCCTGCATGGCCCA","Ex_DACH2_CEMIP","Glut-DACH2-6",0.795014065636388
"SN540_GAATCACGTGCATTAC","Ex_DACH2_LHX2","Glut-DACH2-1",0.344499388129798
"SN540_ACCCTCAGTATGAAGT","Ex_BCL6","Glut-CACNA1H-2",0.322414638526295
"SN540_GCCAGTGAGATGTTAG","Ex_DACH2_ADAMTS5","Glut-DACH2-7",0.585166508041884
"SN540_CTGATCCGTACCATAC","Ex_DACH2_ADAMTS5","Glut-DACH2-7",0.780509320678706
"SN540_TGCGGGTAGAATCGTA","Ex_BCL6","Glut-DACH2-3",0.215643330785709
"SN540_GCCAGGTCAATCTCGA","Ex_BCL6","Glut-DACH2-3",0.291366249984452
"SN540_GCGGATCCACGTGTGC","Ex_DACH2_LHX2","Glut-DACH2-2",0.380683612348255
"SN540_GAGTTGTGTCGAGCAA","Ex_DACH2_CEMIP","Glut-DACH2-6",0.940716739317975
"SN540_CACGGGTAGTTGAAAC","Ex_DACH2_ADAMTS5","Glut-DACH2-5",0.597125353680839
"SN540_AGCGATTCACTTCTCG","Ex_DACH2_LHX2","Glut-DACH2-2",0.331362828374273
"SN540_GGTGGCTCATAAGATG","Ex_DACH2_GRIK4","Glut-DACH2-1",0.623730925780144
"SN540_AGGAGGTCAGAAACCG","Ex_DACH2_CEMIP","Glut-DACH2-6",0.710655917543236
"SN540_ACGGTTAGTGTTTGCA","Ex_BCL6","Glut-DACH2-HVCra",0.673256829070074
"SN540_CGTCCATAGCTTACGT","Ex_DACH2_CEMIP","Glut-DACH2-6",0.608913333350032
"SN540_TCCGGGAGTCCGGATC","Ex_DACH2_ADAMTS5","Glut-DACH2-2",0.400457498941701
"SN540_TCAATCTAGCCATTGT","Ex_DACH2_GRIK4","Glut-DACH2-2",0.588172180756878
"SN540_CTTGATTAGATCACCT","Ex_DACH2_CEMIP","Glut-DACH2-6",0.931473359904659
"SN540_GGTGATTTCACATCAG","Ex_DACH2_LHX2","Glut-DACH2-2",0.30447833178176
"SN540_GAACACTTCACGGTCG","Ex_DACH2_ADAMTS5","Glut-DACH2-2",0.359609791042801
"SN540_GGGTCTGTCGTGTCAA","Ex_DACH2_ZMAT4","Glut-DACH2-6",0.600064316119011
"SN540_ATCAGGTGTAGTCCTA","Ex_DACH2_ADAMTS5","Glut-DACH2-7",0.470526680230205
"SN540_TCTCCGAGTTGGTGTT","Ex_DACH2_LHX2","Glut-DACH2-2",0.526821981625902
"SN540_ACAGAAATCGCTAGCG","Ex_BCL6","Glut-DACH2-HVCra",0.681183826152227
"SN540_TTACGTTCAGTCACGC","Ex_DACH2_ADAMTS5","Glut-DACH2-7",0.542738314043113
"SN540_GATGAGGTCCGTATAG","Ex_BCL6","Glut-DACH2-HVCra-Int",0.210826099786094
"SN540_ACTCCCAGTAAGATTG","Ex_BCL6","Glut-DACH2-HVCra",0.435025945450961
"SN540_CAACAACCAGGAATCG","Ex_DACH2_GRIK4","Glut-DACH2-1",0.413620804192169
"SN540_TTCGATTTCAAGCCAT","Ex_DACH2_ZMAT4","Glut-DACH2-6",0.769229143413407
"SN540_CGAGGCTTCTGGGCAC","Ex_DACH2_LHX2","Glut-DACH2-2",0.292625563606223
"SN540_TCATCCGCATGGGTTT","Ex_DACH2_ZMAT4","Glut-DACH2-8",0.533980749413423
"SN540_GAGAGGTGTGTCCTAA","Ex_DACH2_CEMIP","Glut-DACH2-6",0.909239366424174
"SN540_GAAGTAATCCACGTGG","Ex_DACH2_LHX2","Glut-DACH2-1",0.95820638796053
"SN540_GTGTTAGCATCTCATT","Ex_DACH2_ZMAT4","Glut-DACH2-6",0.484884587736396
"SN540_GGAACCCTCATTACGG","Ex_DACH2_ZMAT4","Glut-DACH2-6",0.745487902259955
"SN540_TTGGTTTAGGATGAGA","Ex_DACH2_CEMIP","Glut-DACH2-6",0.949503237555312
"SN540_ATGCGATAGCTGCCTG","Ex_BCL6","Glut-DACH2-HVCx",0.482268558045172
"SN540_ACTGTGACAGCAGTGA","Ex_BCL6","Glut-DACH2-HVCx",0.350172689889398
"SN540_CGTTAGATCTGTGCGG","Ex_DACH2_GRIK4","Glut-DACH2-1",0.480044853919516
"SN540_GTCTTTATCACGGTCG","Ex_BCL6","Glut-DACH2-HVCra",0.325244409589836
"SN540_GTAGAAAAGCAAGCCA","Ex_DACH2_GRIK4","Glut-DACH2-1",0.586337388641216
"SN540_GTATTTCAGGTCACTT","Ex_DACH2_CEMIP","Glut-DACH2-6",0.899034570398764
"SN540_TCTTCCTGTACTCGAT","Ex_DACH2_LHX2","Glut-DACH2-1",0.22463513786211
"SN540_CTTTCAAGTGCCTTTC","Ex_BCL6","Glut-DACH2-HVCra",0.568895600186324
"SN540_AAAGTGACAACCTATG","Ex_BCL6","Glut-DACH2-2",0.408736678576869
"SN540_GACCCAGAGCCGTCGT","Ex_DACH2_GRIK4","Glut-DACH2-7",0.657758231476836
"SN540_CTGTACCGTATCCTTT","Ex_DACH2_CEMIP","Glut-DACH2-6",0.409289952140591
"SN540_GCGTTTCTCCTTTAGT","Ex_DACH2_ZMAT4","Glut-DACH2-8",0.767756141927087
"SN540_ACACCAACAAGGTCGA","Ex_DACH2_LUZP2","Glut-DACH2-2",0.300555636436994
"SN540_TCTATCAAGGCTCTCG","Ex_BCL6","Glut-DACH2-HVCx",0.378911906985382
"SN540_TTGACCCAGCATGAAT","Ex_DACH2_ADAMTS5","Glut-DACH2-5",0.472964006661661
"SN555_TCACTCGGTTCTGAGT","Ex_Pre_SATB2","Glut-CACNA1H-2",0.614094801490076
"SN555_AGGTCTAGTATATGGA","Ex_Pre_KCNH7","Glut-DACH2-1",0.631879856786558
"SN555_GGGATCCGTAGATCCT","Ex_Pre_SATB2","Glut-CACNA1H-4",0.523386081792918
"SN555_TGATCTTGTAACAAGT","Ex_Pre_SATB2","Glut-CACNA1H-2",0.306372469107334
"SN555_CATCGCTAGTTGCTGT","Ex_Pre_SATB2","Glut-CACNA1H-2",0.396830536543555
"SN555_TGGTGATAGGTACAAT","Ex_Pre_KCNH7","Glut-CACNA1H-2",0.248694602553974
"SN555_GCATCTCGTGCCTAAT","Ex_Pre_SATB2","Glut-CACNA1H-3",0.337608937933639
"SN555_GTAACCAAGTAATTGG","Ex_Pre_KCNH7","Glut-CACNA1H-2",0.558750475645774
"SN555_GGGTAGATCGTTCAGA","Ex_Pre_KCNH7","Glut-DACH2-HVCx",0.626487508267058
"SN555_TGGATCATCAATCTTC","Ex_Pre_KCNH7","Glut-CACNA1H-2",0.86133555780262
"SN555_TATCTTGTCTCCCAAC","Ex_Pre_SATB2","Glut-DACH2-1",0.246006509678934
"SN555_TGAGGAGAGGATAATC","Ex_Pre_KCNH7","Glut-DACH2-HVCx",0.531554571773241
"SN555_ACTTCCGGTATGCGGA","Ex_Pre_KCNH7","Glut-DACH2-1",0.301436926271223
"SN555_CTGTGGGCATAAGCAA","Ex_Pre_KCNH7","Glut-DACH2-HVCra-Int",0.214140347791299
"SN555_CTTTCAAGTTAGGAGC","Ex_Pre_KCNH7","Glut-DACH2-HVCx",0.622008525082841
"SN555_CACCAAAGTTCGTAAC","Ex_Pre_KCNH7","Glut-DACH2-1",0.365257074993727
"SN555_AGCCAGCCAGTCAGAG","Ex_Pre_KCNH7","Glut-CACNA1H-3",0.317225831021854
"SN555_TCGACGGGTCTGCGCA","Ex_Pre_KCNH7","Glut-DACH2-4",0.293467434587739
"SN555_GCGATCGCACCCGTAG","Ex_Pre_KCNH7","Glut-CACNA1H-2",0.364268787563774
"SN555_CCTATCGGTGCACATT","Ex_CACNA1H_KIT","Glut-CACNA1H-1",0.607474914993927
"SN555_ATCCACCCAGACCGCT","Ex_CACNA1H_KIT","Glut-CACNA1H-1",0.449969036131709
"SN555_GTCACTCAGCGATTCT","Ex_CACNA1H_KIT","Glut-CACNA1H-4",0.772051035158793
"SN555_ATTTACCGTTAAGGAT","Ex_CACNA1H_KIT","Glut-CACNA1H-2",0.40540105657459
"SN555_AGAACAATCCCGATCT","Ex_CACNA1H_PROX1","Glut-CACNA1H-2",0.971090170779301
"SN555_TCAGCAACACCAATTG","Ex_CACNA1H_CPA6","Glut-CACNA1H-2",0.96969456208747
"SN555_TTAATCCCACTACACA","Ex_CACNA1H_KIT","Glut-CACNA1H-2",0.397694605350682
"SN555_TTCAATCTCGTAGTCA","Ex_CACNA1H_KIT","Glut-CACNA1H-1",0.518382237134618
"SN555_AACCTGACATTAAGCC","Ex_CACNA1H_LHX9","Glut-CACNA1H-4",0.91337156347778
"SN555_AGGTTACAGGCTTTCA","Ex_CACNA1H_PROX1","Glut-CACNA1H-2",0.968375060836525
"SN555_AATGGAAAGGATATGT","Ex_CACNA1H_KIT","Glut-CACNA1H-1",0.448943226425704
"SN555_TGCGATAGTTTCAGAC","Ex_CACNA1H_KIT","Glut-CACNA1H-1",0.448238703537879
"SN555_CATACCCCATACAGGG","Ex_CACNA1H_PROX1","Glut-CACNA1H-2",0.84913744297119
"SN555_TGAGGGACATAAGCGG","Ex_CACNA1H_KIT","Glut-CACNA1H-2",0.758764703521274
"SN555_CTGAATGTCCTTGGAA","Ex_CACNA1H_KIT","Glut-CACNA1H-4",0.524144098444917
"SN555_CATTCTATCCTAGCCT","Ex_CACNA1H_KIT","Glut-CACNA1H-1",0.561131373103208
"SN555_AGACAAAGTTATCCAG","Ex_CACNA1H_KIT","Glut-CACNA1H-2",0.417533033358736
"SN555_ACCTGTCGTAATCAGA","Ex_CACNA1H_KIT","Glut-CACNA1H-1",0.363571216223771
"SN555_TATTTCGGTTGTCATG","Ex_CACNA1H_PROX1","Glut-CACNA1H-2",0.993462003477618
"SN555_TTACCGCTCCTTGAAG","Ex_CACNA1H_KIT","Glut-CACNA1H-4",0.507171221969584
"SN555_CAGCACGGTTGTGCAT","Ex_CACNA1H_KIT","Glut-CACNA1H-2",0.694795963326626
"SN555_TCTTCCTCAGCCGTCA","Ex_CACNA1H_PROX1","Glut-CACNA1H-2",0.737960395413883
"SN555_ACTGTCCGTCCGTTTC","Ex_CACNA1H_PROX1","Glut-CACNA1H-2",0.716106887839629
"SN555_ATTCTTGTCCTGGGAC","Ex_CACNA1H_KIT","Glut-CACNA1H-2",0.81751129259236
"SN555_GCACGGTTCGCTACAA","Ex_CACNA1H_KIT","Glut-CACNA1H-2",0.591666093326288
"SN555_TCGTAGAGTTTGCAGT","Ex_CACNA1H_KIT","Glut-CACNA1H-1",0.36389017512522
"SN555_TGATGCAAGCAATAAC","Ex_CACNA1H_KIT","Glut-CACNA1H-4",0.307666255704868
"SN555_TACAACGTCGAGCACC","Ex_CACNA1H_KIT","Glut-CACNA1H-4",0.291926239824075
"SN555_GCAACATAGGAACGAA","Ex_CACNA1H_KIT","Glut-CACNA1H-4",0.695401374866536
"SN555_AATGGAAGTCCATAGT","Ex_CACNA1H_CPA6","Glut-CACNA1H-2",0.494641119383202
"SN555_ATAGAGACAGTTGCGC","Ex_CACNA1H_KIT","Glut-CACNA1H-4",0.349744419699819
"SN555_GCCAACGAGTTGCTCA","Ex_CACNA1H_PROX1","Glut-CACNA1H-2",1
"SN555_CGTTGGGAGGTGCCTC","Ex_CACNA1H_KIT","Glut-CACNA1H-4",0.602633267400061
"SN555_AGTAGTCTCAAAGACA","Ex_CACNA1H_LHX9","Glut-CACNA1H-2",0.693121247573562
"SN555_TACGCTCTCTACCACC","Ex_CACNA1H_KIT","Glut-CACNA1H-2",0.99899714744285
"SN555_TGTAGACAGGATCACG","Ex_CACNA1H_PROX1","Glut-CACNA1H-2",0.999999999999999
"SN555_CATTGAGGTTCGTACA","Ex_CACNA1H_KIT","Glut-CACNA1H-4",0.467097320858854
"SN555_ATTCCTACATTCGGGC","Ex_CACNA1H_PROX1","Glut-CACNA1H-2",1
"SN555_CAGATACCATACACCA","Ex_CACNA1H_KIT","Glut-CACNA1H-2",0.698944155535455
"SN555_TCATGTTCACGACTAT","Ex_CACNA1H_PROX1","Glut-DACH2-2",0.607875256754737
"SN555_TCCTCCCGTGGTAACG","Ex_CACNA1H_KIT","Glut-CACNA1H-2",0.526589246767033
"SN555_GCATTAGGTGTTAGCT","Ex_CACNA1H_KIT","Glut-CACNA1H-2",0.999166336670794
"SN555_TAACCAGTCTATACGG","Ex_CACNA1H_KIT","Glut-CACNA1H-2",0.738740807637752
"SN555_ACCTGTCAGTGATTCC","Ex_CACNA1H_KIT","Glut-CACNA1H-1",0.416499123048621
"SN555_CTTGATTCAAGCACAG","Ex_CACNA1H_PROX1","Glut-CACNA1H-2",1
"SN555_AAGTACCTCTTCGTAT","Ex_CACNA1H_PROX1","Glut-CACNA1H-2",0.791648199889953
"SN555_ACCTACCAGTAATTGG","Ex_CACNA1H_KIT","Glut-CACNA1H-2",0.902461571772874
"SN555_TCCTCCCAGGGACAGG","Ex_CACNA1H_CPA6","Glut-CACNA1H-2",0.910308734354567
"SN555_GTCTTTACATGCGGTC","Ex_CACNA1H_PROX1","Glut-CACNA1H-2",0.892860827024678
"SN555_TCATTCAGTATCGATC","Ex_CACNA1H_PROX1","Glut-CACNA1H-2",0.976735725853147
"SN555_CATTCTAGTGCTATTG","Ex_CACNA1H_PROX1","Glut-CACNA1H-2",1
"SN555_ACTTTGTGTCATCCCT","Ex_CACNA1H_PROX1","Glut-CACNA1H-2",0.396790158881055
"SN555_TAGACTGTCCAAGAGG","Ex_CACNA1H_KIT","Glut-CACNA1H-1",0.631851107302699
"SN555_TAGGGTTCACTAGGCC","Ex_CACNA1H_PROX1","Glut-CACNA1H-2",0.911421426386582
"SN555_GCACGGTCATCGTGGC","Ex_CACNA1H_KIT","Glut-CACNA1H-2",0.498875587992138
"SN555_ATCGATGTCCCTCATG","Ex_CACNA1H_LHX9","Glut-CACNA1H-4",0.453494732077142
"SN555_AGTCATGCACACCAGC","Ex_CACNA1H_KIT","Glut-CACNA1H-2",0.729501691684959
"SN555_CAAGGGAGTATCACCA","Ex_CACNA1H_PROX1","Glut-DACH2-2",0.651887130469997
"SN555_TAAGCACTCGGATAAA","Ex_CACNA1H_PROX1","Glut-CACNA1H-2",0.674151131539664
"SN555_CTTAGGAGTATCTCTT","Ex_CACNA1H_PROX1","Glut-CACNA1H-2",1
"SN555_TCTTAGTCAGCAGATG","Ex_CACNA1H_LHX9","Glut-CACNA1H-4",0.846175278377298
"SN555_GGGACAAAGCACCGAA","Ex_CACNA1H_PROX1","Glut-CACNA1H-2",0.981551145810949
"SN555_AGAACAAGTTGGGAAC","Ex_CACNA1H_PROX1","Glut-CACNA1H-2",0.612621497482912
"SN555_CGTTCTGTCACCTTGC","Ex_CACNA1H_PROX1","Glut-CACNA1H-2",0.936700978268739
"SN555_TCTGTCGTCCCTCAAC","Ex_CACNA1H_PROX1","Glut-CACNA1H-2",0.994665201685611
"SN555_ATTCTACAGTACTGGG","Ex_CACNA1H_KIT","Glut-CACNA1H-2",0.999326231959176
"SN555_CGATGCGGTGAAAGTT","Ex_CACNA1H_PROX1","Glut-CACNA1H-4",0.519691367644133
"SN555_TTTCGATCAAACAGGC","Ex_CACNA1H_KIT","Glut-CACNA1H-1",0.619164008648064
"SN555_GTAATGCTCTAGGCAT","Ex_CACNA1H_KIT","Glut-CACNA1H-2",0.397980419793437
"SN555_TGTCAGAGTCAGTTTG","Ex_CACNA1H_CPA6","Glut-CACNA1H-2",1
"SN555_TCGTAGATCCCATACC","Ex_CACNA1H_KIT","Glut-CACNA1H-1",0.659358358920684
"SN555_ACTTTCATCCGCAAAT","Ex_CACNA1H_KIT","Glut-CACNA1H-2",0.98971430912202
"SN555_GAACGTTTCGCGCTGA","Ex_CACNA1H_PROX1","Glut-CACNA1H-2",0.999144092315083
"SN555_GTGCGTGGTTATGTCG","Ex_CACNA1H_KIT","Glut-CACNA1H-2",0.412551164323471
"SN555_TGCGATACAGGAGGTT","Ex_CACNA1H_KIT","Glut-CACNA1H-2",0.990360955228285
"SN555_GCGGATCCAAGAAACT","Ex_CACNA1H_CPA6","Glut-CACNA1H-2",1
"SN555_CCACCATAGTGATAGT","Ex_CACNA1H_KIT","Glut-CACNA1H-2",1
"SN555_ATTCCTAAGTGCTAGG","Ex_CACNA1H_LHX9","Glut-CACNA1H-4",0.969427982632489
"SN555_ACGTAACGTCGATTTG","Ex_CACNA1H_KIT","Glut-CACNA1H-4",0.557813719354473
"SN555_CCACAAAAGAAGCTGC","Ex_CACNA1H_KIT","Glut-CACNA1H-2",0.706095449179491
"SN555_TTCACCGCAGTCCGTG","Ex_CACNA1H_KIT","Glut-CACNA1H-1",0.667748735521817
"SN555_CTCGAGGAGTGGTGAC","Ex_CACNA1H_PROX1","Glut-CACNA1H-2",0.524165825106959
"SN555_CGAGTTAGTGAACGGT","Ex_CACNA1H_KIT","Glut-CACNA1H-2",0.642961744839451
"SN555_TGATTTCTCTTTACAC","Ex_CACNA1H_KIT","Glut-CACNA1H-1",0.486460881345955
"SN555_GGCACGTAGAGTCGAC","Ex_CACNA1H_PROX1","Glut-CACNA1H-4",0.579546884026994
"SN555_GTTCCGTGTCTTCAAG","Ex_CACNA1H_KIT","Glut-CACNA1H-2",0.999999999999999
"SN555_AGTCATGCACGCAGTC","Ex_CACNA1H_CPA6","Glut-CACNA1H-2",1
"SN555_ACATGCACACCGTCTT","Ex_CACNA1H_PROX1","Glut-DACH2-2",0.2711501359806
"SN555_TGTCCACGTTCGAGCC","Ex_CACNA1H_KIT","Glut-CACNA1H-4",0.573640847380013
"SN555_CGTCCATAGATCACCT","Ex_CACNA1H_CPA6","Glut-CACNA1H-2",1
"SN555_GTAAGTCGTAGGACCA","Ex_CACNA1H_PROX1","Glut-CACNA1H-2",0.999156970899472
"SN555_AGGACTTCATCTGCGG","Ex_CACNA1H_KIT","Glut-CACNA1H-1",0.542178921164935
"SN555_CTCAGGGTCCGGACTG","Ex_CACNA1H_KIT","Glut-CACNA1H-1",0.622497940151094
"SN555_AGCATCAGTCGCATCG","Ex_CACNA1H_PROX1","Glut-CACNA1H-2",0.999015460636958
"SN555_CCCTAACCAGACTGCC","Ex_CACNA1H_CPA6","Glut-CACNA1H-2",0.845460826805618
"SN555_GTCATCCGTCAGTCCG","Ex_CACNA1H_KIT","Glut-CACNA1H-1",0.465673547994446
"SN555_CGGAGAAAGCTCGGCT","Ex_CACNA1H_KIT","Glut-CACNA1H-2",0.713037068882031
"SN555_CTAACCCGTATGCTAC","Ex_CACNA1H_LHX9","Glut-CACNA1H-1",0.519923425268794
"SN555_ATACCGAGTATCCCAA","Ex_CACNA1H_KIT","Glut-CACNA1H-2",0.989742686605363
"SN555_GGGATCCGTCTTCCGT","Ex_CACNA1H_KIT","Glut-CACNA1H-2",0.606923957811437
"SN555_TGAGGAGCAGTAGTTC","Ex_CACNA1H_KIT","Glut-CACNA1H-2",0.724385317471331
"SN555_TTCATGTTCTGAGAAA","Ex_CACNA1H_PROX1","Glut-CACNA1H-2",1
"SN555_TCCGATCAGCCTATTG","Ex_CACNA1H_CPA6","Glut-CACNA1H-2",0.751968551157437
"SN555_TACTTCAGTGTCGCTG","Ex_CACNA1H_PROX1","Glut-CACNA1H-2",0.99909493019692
"SN555_GACACGCAGGGTACGT","Ex_CACNA1H_KIT","Glut-CACNA1H-1",0.6846701845773
"SN555_TTCAATCCAACACGTT","Ex_CACNA1H_KIT","Glut-CACNA1H-2",0.989789803371728
"SN555_ACTGCAACAGGATGAC","Ex_CACNA1H_KIT","Glut-CACNA1H-2",0.874498988100715
"SN555_GCATCTCGTACACTCA","Ex_CACNA1H_CPA6","Glut-CACNA1H-2",1
"SN555_GGTCTGGGTTCGAAGG","Ex_CACNA1H_CPA6","Glut-CACNA1H-2",0.656343125418366
"SN555_GGGAGTACAGACCAAG","Ex_CACNA1H_CPA6","Glut-CACNA1H-2",0.999999999999999
"SN555_CTGGACGTCCATCTAT","Ex_CACNA1H_KIT","Glut-CACNA1H-2",0.814037768950846
"SN555_CGGGTGTGTCATAAAG","Ex_CACNA1H_CPA6","Glut-CACNA1H-2",0.987826366046687
"SN555_TCTATCAGTAGGGAGG","Ex_CACNA1H_LHX9","Glut-CACNA1H-4",0.917309961464072
"SN555_ATCGGATAGTGCCAGA","Ex_CACNA1H_PROX1","Glut-CACNA1H-2",1
"SN555_AGAACAAGTGATTGGG","Ex_CACNA1H_CPA6","Glut-CACNA1H-2",0.984950567493515
"SN555_AGGGTGACACTGCACG","Ex_CACNA1H_KIT","Glut-CACNA1H-2",0.6016517871742
"SN555_CGAAGTTTCGGCACTG","Ex_CACNA1H_PROX1","Glut-CACNA1H-4",0.560568383467519
"SN555_GAAGCGAGTATACGGG","Ex_CACNA1H_KIT","Glut-CACNA1H-2",0.87716469795768
"SN555_CCTCAGTCAGACAAAT","Ex_CACNA1H_PROX1","Glut-CACNA1H-2",0.365275126954901
"SN555_ACTTCGCTCATTACGG","Ex_CACNA1H_PROX1","Glut-CACNA1H-2",1
"SN555_GACCTTCCATTCGGGC","Ex_CACNA1H_KIT","Glut-CACNA1H-1",0.544621971119254
"SN555_GGGCTACTCATTCATC","Ex_CACNA1H_CPA6","Glut-CACNA1H-2",0.739323386692283
"SN555_TTTGATCAGAGCATTA","Ex_CACNA1H_KIT","Glut-CACNA1H-2",0.875798016771755
"SN555_CATACTTAGGGCAAGG","Ex_CACNA1H_CPA6","Glut-CACNA1H-2",1
"SN555_TGTGATGCAAAGCTCT","Ex_CACNA1H_KIT","Glut-CACNA1H-4",0.633559877317561
"SN555_TGTTGGAGTGACTCTA","Ex_CACNA1H_PROX1","Glut-DACH2-2",0.660264635026352
"SN555_TCACGGGGTGATGGCA","Ex_CACNA1H_CPA6","Glut-CACNA1H-2",0.926399184241584
"SN555_CATACTTGTTAGAGTA","Ex_CACNA1H_KIT","Glut-CACNA1H-2",0.800586140972249
"SN555_TCAAGACCAACCAACT","Ex_CACNA1H_PROX1","Glut-CACNA1H-2",0.620948102501599
"SN555_TCCGAAACAGGTCCCA","Ex_CACNA1H_PROX1","Glut-CACNA1H-2",0.993949483536332
"SN555_GATCATGTCTACGGTA","Ex_CACNA1H_PROX1","Glut-CACNA1H-2",1
"SN555_CCGGACACAAGAGGTC","Ex_CACNA1H_PROX1","Glut-DACH2-1",0.306113804673848
"SN555_AGATAGACAAGTTCCA","Ex_CACNA1H_KIT","Glut-CACNA1H-2",1
"SN555_CTACCTGCAGGTCCCA","Ex_CACNA1H_KIT","Glut-CACNA1H-2",0.657616283649686
"SN555_TGCCGAGGTACGACTT","Ex_CACNA1H_KIT","Glut-CACNA1H-2",0.965863067557742
"SN555_GGCTTGGTCAAGCCAT","Ex_CACNA1H_CPA6","Glut-CACNA1H-2",0.558394609956641
"SN555_TTTCGATGTTCTTAGG","Ex_CACNA1H_CPA6","Glut-CACNA1H-2",0.956652049327068
"SN555_CGTGAATGTTGTAAAG","Ex_CACNA1H_KIT","Glut-CACNA1H-1",0.620324697105298
"SN555_ATATCCTGTTGGGACA","Ex_CACNA1H_PROX1","Glut-DACH2-2",0.711968750897202
"SN555_TTACTGTTCTTAGTTC","Ex_CACNA1H_CPA6","Glut-CACNA1H-2",0.983862504912441
"SN555_AGGATCTGTGGCGTAA","Ex_CACNA1H_CPA6","Glut-CACNA1H-2",0.808176954394743
"SN555_CCTCTCCGTCTGTTAG","Ex_CACNA1H_CPA6","Glut-CACNA1H-2",0.367515282390156
"SN555_ATTCAGGTCGAGTGAG","Ex_CACNA1H_CPA6","Glut-CACNA1H-2",1
"SN555_GAATAGAGTATTGGCT","Ex_CACNA1H_PROX1","Glut-CACNA1H-2",0.999298384832671
"SN555_CGGCAGTTCGAGTACT","Ex_CACNA1H_CPA6","Glut-CACNA1H-2",0.997490935826097
"SN555_GATAGAATCAACTGGT","Ex_CACNA1H_PROX1","Glut-CACNA1H-2",1
"SN555_TAACACGTCAGTCCGG","Ex_CACNA1H_KIT","Glut-CACNA1H-4",0.689399943414979
"SN555_CTTTCAAGTGATGTAA","Ex_CACNA1H_PROX1","Glut-CACNA1H-2",1
"SN555_TGATTTCTCCCAAGCG","Ex_CACNA1H_LHX9","Glut-CACNA1H-2",0.510989439020666
"SN555_TCAAGTGTCAAAGAAC","Ex_CACNA1H_PROX1","Glut-CACNA1H-2",0.509940374661364
"SN555_GAGACTTGTAGAGGAA","Ex_CACNA1H_PROX1","Glut-DACH2-2",0.336325428098067
"SN555_TATCTTGGTGCCTATA","Ex_CACNA1H_CPA6","Glut-CACNA1H-2",0.999093311285849
"SN555_ACTTTGTCACGTCTCT","Ex_CACNA1H_KIT","Glut-CACNA1H-2",0.998803140906305
"SN555_CCCATTGTCCAGCCTT","Ex_CACNA1H_CPA6","Glut-CACNA1H-2",0.921253771254122
"SN555_AGGAGGTTCATGAGAA","Ex_CACNA1H_LHX9","Glut-CACNA1H-1",0.671987106655108
"SN555_TGTTACTAGCTCACTA","Ex_CACNA1H_KIT","Glut-CACNA1H-2",0.737160024220912
"SN555_TTCCACGGTAGTATAG","Ex_CACNA1H_PROX1","Glut-CACNA1H-2",0.999399453079922
"SN555_AACAGGGTCGAGATGG","Ex_CACNA1H_PROX1","Glut-CACNA1H-2",0.789072912409725
"SN555_GGGAGTAAGCGCAATG","Ex_CACNA1H_KIT","Glut-CACNA1H-2",0.988271171452289
"SN555_AGGGCCTAGGTCGAGT","Ex_CACNA1H_CPA6","Glut-CACNA1H-2",1
"SN555_TTGGGTACATGTCGTA","Ex_CACNA1H_KIT","Glut-CACNA1H-4",0.866365656707863
"SN555_CCGATGGGTAGCTCGC","Ex_CACNA1H_CPA6","Glut-CACNA1H-2",0.429705167521409
"SN555_ATGAGGGTCCTATGGA","Ex_CACNA1H_LHX9","Glut-CACNA1H-4",0.901643025377305
"SN555_AGCCAATTCTCTTCAA","Ex_CACNA1H_PROX1","Glut-CACNA1H-2",1
"SN555_TATCCTACAACGACAG","Ex_CACNA1H_KIT","Glut-CACNA1H-1",0.59366164913466
"SN555_TTGGGATCATGTCTAG","Ex_CACNA1H_PROX1","Glut-CACNA1H-2",0.970042329186774
"SN555_TAAGCACGTACGAAAT","Ex_CACNA1H_KIT","Glut-CACNA1H-2",0.97516508649425
"SN555_AAGTTCGCAAGAGAGA","Ex_CACNA1H_KIT","Glut-CACNA1H-1",0.453717452177336
"SN555_TACCCACCATATCTGG","Ex_CACNA1H_KIT","Glut-CACNA1H-1",0.572827147836832
"SN555_GACCCTTCACAAATCC","Ex_CACNA1H_KIT","Glut-CACNA1H-2",0.986043564264749
"SN555_CATGCTCTCGCCACTT","Ex_CACNA1H_KIT","Glut-CACNA1H-2",0.999193951061746
"SN555_ATCGTAGGTCAATCTG","Ex_CACNA1H_PROX1","Glut-CACNA1H-2",1
"SN555_TGGATGTTCCTGCTAC","Ex_CACNA1H_PROX1","Glut-DACH2-2",0.587688917381809
"SN555_GTCCACTGTCTACAAC","Ex_CACNA1H_PROX1","Glut-CACNA1H-2",0.972614188238019
"SN555_GGACGTCGTATCGCAT","Ex_CACNA1H_KIT","Glut-CACNA1H-2",0.617209947590596
"SN555_TCATGGAGTTAAGCAA","Ex_CACNA1H_CPA6","Glut-CACNA1H-2",0.874028379592514
"SN555_TACACCCCACAAGCCC","Ex_CACNA1H_CPA6","Glut-CACNA1H-2",1
"SN555_GGAATGGCACAGACGA","Ex_CACNA1H_PROX1","Glut-CACNA1H-2",0.769574289857689
"SN555_TTTAGTCTCAAGGACG","Ex_CACNA1H_KIT","Glut-CACNA1H-2",0.913488653494795
"SN555_TGCTGAATCTATACGG","Ex_CACNA1H_KIT","Glut-CACNA1H-2",0.88972951394602
"SN555_ACTTCGCCATGGCCCA","Ex_CACNA1H_PROX1","Glut-CACNA1H-4",0.535572422345253
"SN555_CCGGTGACAGAATCGG","Ex_CACNA1H_PROX1","Glut-DACH2-2",0.371181472113401
"SN555_ACGGGTCTCCCAGGCA","Ex_CACNA1H_KIT","Glut-CACNA1H-2",0.937642421083924
"SN555_GTAGGTTGTTCAGCTA","Ex_CACNA1H_PROX1","Glut-CACNA1H-2",0.448169945696375
"SN555_TTCTAACTCTTTGATC","Ex_CACNA1H_CPA6","Glut-CACNA1H-4",0.587637966568604
"SN555_ACATTTCTCACAGTGT","Ex_CACNA1H_CPA6","Glut-CACNA1H-2",0.989963617589169
"SN555_GGGCTCAGTATCGTTG","Ex_CACNA1H_PROX1","Glut-CACNA1H-2",0.959710885148688
"SN555_GAATAGAGTCGGTAAG","Ex_CACNA1H_PROX1","Glut-CACNA1H-2",0.972537164832571
"SN555_CTATAGGTCTTCCACG","Ex_CACNA1H_KIT","Glut-CACNA1H-2",0.869881341916297
"SN555_TTCACCGAGGTTTGAA","Ex_CACNA1H_PROX1","Glut-CACNA1H-2",0.933302331119066
"SN555_GAGTGTTTCGCCGAGT","Ex_CACNA1H_LHX9","Glut-CACNA1H-4",0.982391181045203
"SN555_CGCCAGACATAGGAGC","Ex_CACNA1H_KIT","Glut-CACNA1H-4",0.655542206777734
"SN555_CTACATTAGCTAAACA","Ex_CACNA1H_PROX1","Glut-CACNA1H-2",0.93146457334704
"SN555_CCTCATGCAGTCGGAA","Ex_CACNA1H_PROX1","Glut-CACNA1H-2",0.710023958154984
"SN555_TGATTTCCAGCATCTA","Ex_CACNA1H_PROX1","Glut-CACNA1H-4",0.447351336770007
"SN555_AAAGGGCAGAAGGATG","Ex_CACNA1H_PROX1","Glut-CACNA1H-2",0.715474368863527
"SN555_TATTCCAAGACCTTTG","Ex_CACNA1H_KIT","Glut-CACNA1H-2",0.999063691003368
"SN555_AATGGAAAGTACCATC","Ex_CACNA1H_PROX1","Glut-CACNA1H-4",0.81509503509183
"SN555_TGTCCACCAGGTCCCA","Ex_CACNA1H_PROX1","Glut-CACNA1H-2",0.429048045712848
"SN555_TGGGCGTGTCCTGGTG","Ex_CACNA1H_KIT","Glut-CACNA1H-2",0.963902675506502
"SN555_GTTGCTCCACAGTACT","Ex_CACNA1H_PROX1","Glut-DACH2-2",0.320963180608517
"SN555_GGAGATGAGTTTGTCG","Ex_CACNA1H_LHX9","Glut-CACNA1H-4",0.743768101632681
"SN555_GTTGCGGGTATTGGCT","Ex_CACNA1H_KIT","Glut-CACNA1H-2",0.559779398452661
"SN555_CCTCAACTCCACGTAA","Ex_CACNA1H_PROX1","Glut-CACNA1H-4",0.764616612219289
"SN555_ATGTCCCTCCTTCGAC","Ex_CACNA1H_PROX1","Glut-DACH2-2",0.326000111588884
"SN555_CAGGTATCACTTGTCC","Ex_CACNA1H_KIT","Glut-CACNA1H-2",0.497997143524147
"SN555_AAAGTGACACGACGCT","Ex_CACNA1H_CPA6","Glut-CACNA1H-2",0.991057016752563
"SN555_GTCCTCACAAAGGCGT","Ex_CACNA1H_KIT","Glut-CACNA1H-2",0.88895524306228
"SN555_TTTGATCCACAATGCT","Ex_CACNA1H_LHX9","Glut-CACNA1H-4",0.938570564758705
"SN555_CTAACCCCACGACGAA","Ex_CACNA1H_PROX1","Glut-CACNA1H-4",0.603902657082743
"SN555_GTAGCTACAGACCAGA","Ex_CACNA1H_CPA6","Glut-CACNA1H-2",0.977494994543745
"SN555_TATCCTAAGCACCGAA","Ex_CACNA1H_CPA6","Glut-CACNA1H-2",0.990791895816182
"SN555_TTCTAGTTCGCTTGCT","Ex_CACNA1H_KIT","Glut-CACNA1H-2",0.992740327365968
"SN555_CTGGACGCATAATCCG","Ex_CACNA1H_KIT","Glut-CACNA1H-2",0.946609743376488
"SN555_GGTAGAGTCTGACCCT","Ex_CACNA1H_CPA6","Glut-CACNA1H-2",0.704947268588393
"SN555_AGGGTTTAGCCTAGGA","Ex_CACNA1H_PROX1","Glut-CACNA1H-4",0.713324548344345
"SN555_CATGGATTCGTTCTCG","Ex_CACNA1H_KIT","Glut-CACNA1H-2",0.993412064854342
"SN555_CAGCAGCTCCGTGGTG","Ex_CACNA1H_PROX1","Glut-CACNA1H-4",0.590360076426454
"SN555_GTGAGTTTCTACTGCC","Ex_CACNA1H_PROX1","Glut-DACH2-2",0.655330024287677
"SN555_CGGACACGTATGCGGA","Ex_CACNA1H_KIT","Glut-CACNA1H-2",0.769046126557289
"SN555_GATGCTATCATAAGGA","Ex_CACNA1H_KIT","Glut-CACNA1H-2",0.741250633745304
"SN555_GTTTGGATCGCCGATG","Ex_CACNA1H_PROX1","Glut-DACH2-1",0.667737903789474
"SN555_GAGTTTGTCTCAACCC","Ex_CACNA1H_PROX1","Glut-CACNA1H-4",0.788495123971202
"SN555_CTTCGGTAGTCGTTAC","Ex_CACNA1H_KIT","Glut-CACNA1H-2",0.406849781835362
"SN555_TACGCTCGTATCCTCC","Ex_CACNA1H_PROX1","Glut-CACNA1H-4",0.46663081127569
"SN555_GTCAAGTAGTGCACAG","Ex_CACNA1H_CPA6","Glut-CACNA1H-2",0.382272310613437
"SN555_GCGGAAATCCTCTTTC","Ex_CACNA1H_PROX1","Glut-CACNA1H-2",0.785217536476853
"SN555_CGAATTGCATTACGGT","Ex_CACNA1H_PROX1","Glut-CACNA1H-4",0.457944086959553
"SN555_GGGTAGAGTCCAGGTC","Ex_CACNA1H_CPA6","Glut-CACNA1H-1",0.475225004244018
"SN555_GTCCTCAAGGTATTGA","Ex_CACNA1H_PROX1","Glut-DACH2-2",0.458113016057252
"SN555_AGCGTATTCCGTAGTA","Ex_CACNA1H_KIT","Glut-CACNA1H-2",0.77066853344074
"SN555_TGCTTCGTCGAAACAA","Ex_CACNA1H_PROX1","Glut-DACH2-1",0.520940202278546
"SN555_GCTCAAATCGCGGTAC","Ex_CACNA1H_PROX1","Glut-CACNA1H-2",0.970437194815794
"SN555_TGTTCCGTCCTAGCGG","Ex_CACNA1H_KIT","Glut-CACNA1H-2",0.987761067267406
"SN555_GAATCACAGAACTCCT","Ex_CACNA1H_CPA6","Glut-CACNA1H-2",1
"SN555_TGAGGAGTCTCGCGTT","Ex_CACNA1H_PROX1","Glut-CACNA1H-2",0.901106049597073
"SN555_GGGCCATGTGCTCCGA","Ex_CACNA1H_PROX1","Glut-CACNA1H-2",1
"SN555_ATAGACCGTACGATCT","Ex_CACNA1H_PROX1","Glut-CACNA1H-2",0.737899398389861
"SN555_CCCTCAATCATGAGTC","Ex_CACNA1H_KIT","Glut-CACNA1H-2",0.483393706578006
"SN555_GGAGCAACAGTGTACT","Ex_CACNA1H_KIT","Glut-CACNA1H-2",0.987665281996307
"SN555_CCCTAACCATACTGAC","Ex_CACNA1H_KIT","Glut-CACNA1H-2",0.629867497376608
"SN555_CATCCACTCAGTGATC","Ex_CACNA1H_CPA6","Glut-CACNA1H-2",0.994379811789565
"SN555_TCAGGTAGTATGAGCG","Ex_CACNA1H_KIT","Glut-CACNA1H-4",0.498756784455544
"SN555_AGAGCAGCACATGGTT","Ex_CACNA1H_KIT","Glut-CACNA1H-2",0.999121646553191
"SN555_CAGCAATCAATGAACA","Ex_CACNA1H_CPA6","Glut-CACNA1H-2",0.93388419921949
"SN555_CGCGTGAGTATGCGTT","Ex_CACNA1H_PROX1","Glut-CACNA1H-2",0.85855444055378
"SN555_GACGCTGGTTTGGGAG","Ex_CACNA1H_LHX9","Glut-CACNA1H-1",0.589587258391867
"SN555_AATTCCTCACTCGATA","Ex_CACNA1H_KIT","Glut-CACNA1H-2",0.502536145750367
"SN555_AGACACTGTGTCCCTT","Ex_CACNA1H_KIT","Glut-CACNA1H-2",0.991676639949075
"SN555_TTGGGATAGGCCTAGA","Ex_CACNA1H_KIT","Glut-CACNA1H-2",0.956879866246627
"SN555_TCAGGTAAGAGCGACT","Ex_CACNA1H_KIT","Glut-CACNA1H-2",0.834222510949246
"SN555_TATACCTCAGCCCAGT","Ex_CACNA1H_KIT","Glut-CACNA1H-2",0.986923480698272
"SN555_GGGTTATTCGTCAACA","Ex_CACNA1H_KIT","Glut-CACNA1H-1",0.329818423168103
"SN555_TTGTGGACACTTTATC","Ex_CACNA1H_KIT","Glut-CACNA1H-2",0.768605833137245
"SN555_ATTGTTCTCTTTGGAG","Ex_CACNA1H_KIT","Glut-CACNA1H-2",0.456758641829115
"SN555_AAAGGGCAGCATGGGT","Ex_CACNA1H_PROX1","Glut-DACH2-2",0.627921788808445
"SN555_TGTCCCAAGGTAAGGA","Ex_CACNA1H_KIT","Glut-CACNA1H-2",0.646480421456168
"SN555_CGCCAGATCCTAAACG","Ex_CACNA1H_PROX1","Glut-CACNA1H-2",0.992386239128682
"SN555_ATTATCCAGGCGTTGA","Ex_CACNA1H_PROX1","Glut-CACNA1H-2",0.89824613215766
"SN555_CTCCATGAGGTTCCGC","Ex_CACNA1H_KIT","Glut-CACNA1H-2",0.98839565900862
"SN555_CGAAGTTCAGCACGAA","Ex_CACNA1H_PROX1","Glut-CACNA1H-2",0.99129912819417
"SN555_CTCCCTCGTCTACATG","Ex_CACNA1H_PROX1","Glut-CACNA1H-4",0.707047943201126
"SN555_TCGTCCATCTCGGGAC","Ex_CACNA1H_PROX1","Glut-CACNA1H-2",0.997420131343306
"SN555_GGGATGACAGAGTCTT","Ex_CACNA1H_CPA6","Glut-CACNA1H-2",0.966068804042082
"SN555_CTCTCAGTCTGCGGCA","Ex_CACNA1H_PROX1","Glut-CACNA1H-2",0.992568350024571
"SN555_GGTAGAGTCCGTGGCA","Ex_CACNA1H_KIT","Glut-CACNA1H-2",0.783081625291077
"SN555_CAACCAAGTCGAAACG","Ex_CACNA1H_PROX1","Glut-DACH2-2",0.341795418051006
"SN555_CAGCGTGCAATTAGGA","Ex_CACNA1H_CPA6","Glut-CACNA1H-1",0.444200667239738
"SN555_ATCCACCAGGCAGGTT","Ex_CACNA1H_PROX1","Glut-CACNA1H-2",0.998750444248034
"SN555_GTTACGATCGGAGTAG","Ex_CACNA1H_PROX1","Glut-CACNA1H-2",0.455779335417237
"SN555_ATTCGTTGTCAATGGG","Ex_CACNA1H_CPA6","Glut-CACNA1H-2",0.995963699647134
"SN555_GCTTCACAGCACCTGC","Ex_CACNA1H_PROX1","Glut-CACNA1H-4",0.560568811331386
"SN555_TCGACGGTCGGACCAC","Ex_CACNA1H_PROX1","Glut-CACNA1H-2",0.674151764018508
"SN555_TCGGTCTCACTTGGGC","Ex_CACNA1H_LHX9","Glut-DACH2-1",0.253547749241624
"SN555_TCTCTGGCACGTCGGT","Ex_CACNA1H_LHX9","Glut-CACNA1H-1",0.580724165545934
"SN555_TCCCACATCCACATAG","Ex_CACNA1H_LHX9","Glut-CACNA1H-4",0.71351915885848
"SN555_TCACACCAGCACGGAT","Ex_CACNA1H_KIT","Glut-CACNA1H-2",0.476541419432326
"SN555_GAATCGTAGGAGGGTG","Ex_CACNA1H_KIT","Glut-CACNA1H-2",0.999132071892126
"SN555_CAACGATAGACTCTAC","Ex_CACNA1H_KIT","Glut-CACNA1H-2",0.978277712217507
"SN555_ATACTTCAGATCCAAA","Ex_CACNA1H_KIT","Glut-CACNA1H-2",0.902331184939867
"SN555_GTGCACGCACAACGCC","Ex_CACNA1H_PROX1","Glut-CACNA1H-4",0.374640851137192
"SN555_GCCCGAAGTGGAACAC","Ex_CACNA1H_KIT","Glut-CACNA1H-2",0.998286883546602
"SN555_GTTGCTCTCGGTAGAG","Ex_CACNA1H_KIT","Glut-CACNA1H-2",0.912702064157984
"SN555_GCAACCGGTTTACCTT","Ex_CACNA1H_PROX1","Glut-CACNA1H-2",0.992282258479996
"SN555_AAACCCAGTTCCGCTT","Ex_CACNA1H_PROX1","Glut-CACNA1H-2",0.575107415227944
"SN555_CGGAGAAGTAGATGTA","Ex_CACNA1H_CPA6","Glut-CACNA1H-2",0.992633974858454
"SN555_GAGTCTAAGGACAGTC","Ex_CACNA1H_CPA6","Glut-CACNA1H-1",0.547386439692855
"SN555_TCCACCAGTCCCGTGA","Ex_CACNA1H_PROX1","Glut-CACNA1H-2",0.49199089492799
"SN555_TTGGTTTAGGGAGGTG","Ex_CACNA1H_KIT","Glut-CACNA1H-1",0.516060634924543
"SN555_CAGCAATGTCCAGCAC","Ex_CACNA1H_CPA6","Glut-CACNA1H-2",1
"SN555_CGTGAATAGGGCTAAC","Ex_CACNA1H_CPA6","Glut-CACNA1H-2",0.692313372543157
"SN555_CGCATAAGTACCAATC","Ex_CACNA1H_KIT","Glut-CACNA1H-1",0.694044231455822
"SN555_ACGGAAGCAGTCCCGA","Ex_CACNA1H_PROX1","Glut-CACNA1H-2",1
"SN555_CTGCGAGTCTCCAATT","Ex_CACNA1H_LHX9","Glut-CACNA1H-4",0.875718749252025
"SN555_GGTGTCGCAGGAGGAG","Ex_CACNA1H_CPA6","Glut-CACNA1H-2",1
"SN555_CCGTAGGAGAGACAAG","Ex_CACNA1H_PROX1","Glut-CACNA1H-2",0.965004298888515
"SN555_GGGCTCATCGACGAGA","Ex_CACNA1H_KIT","Glut-CACNA1H-2",0.62942003523607
"SN555_CAACCAAAGAGTTGTA","Ex_CACNA1H_PROX1","Glut-CACNA1H-2",0.825673599137469
"SN555_CGATCGGGTCCCTAAA","Ex_CACNA1H_KIT","Glut-CACNA1H-2",0.839453678664488
"SN555_TCATGGAAGAGCCCAA","Ex_CACNA1H_PROX1","Glut-CACNA1H-2",0.765514067007539
"SN555_TAAGCGTGTTTGATCG","Ex_CACNA1H_PROX1","Glut-CACNA1H-2",0.381947205653761
"SN555_AGGCTGCAGCAGGCAT","Ex_CACNA1H_PROX1","Glut-CACNA1H-2",0.250129071684039
"SN555_ACCCAAAAGTGCACTT","Ex_CACNA1H_KIT","Glut-CACNA1H-2",0.741642527676442
"SN555_GATAGAACAAAGCAAT","Ex_CACNA1H_LHX9","Glut-CACNA1H-4",0.67920734316805
"SN555_TTTGGAGAGAGTGTGC","Ex_CACNA1H_CPA6","Glut-CACNA1H-1",0.46301186231782
"SN555_TCTTGCGGTTTGCAGT","Ex_CACNA1H_PROX1","Glut-CACNA1H-2",0.909708054689849
"SN555_TTCTTGATCCACGTGG","Ex_CACNA1H_LHX9","Glut-CACNA1H-2",0.848357286872151
"SN555_TACCGGGGTGAGATTA","Ex_CACNA1H_PROX1","Glut-CACNA1H-2",0.39978576238463
"SN555_CCGCAAGGTTAGAGTA","Ex_CACNA1H_KIT","Glut-CACNA1H-2",0.873632970387601
"SN555_CTACCTGAGCACTTTG","Ex_CACNA1H_PROX1","Glut-CACNA1H-2",0.592117717340316
"SN555_TCATGAGGTGTTGCCG","Ex_CACNA1H_PROX1","Glut-DACH2-2",0.360463297830628
"SN555_TAAGCACGTTCGGACC","Ex_CACNA1H_CPA6","Glut-CACNA1H-2",0.458045799868896
"SN555_GATTCGACAGAGCTAG","Ex_CACNA1H_PROX1","Glut-DACH2-2",0.311508929103736
"SN555_TTCGGTCCATTACTCT","Ex_CACNA1H_CPA6","Glut-CACNA1H-2",0.999999999999999
"SN555_GTGGGAAGTCTGTAGT","Ex_CACNA1H_PROX1","Glut-CACNA1H-2",0.52997576620524
"SN555_ACTCTCGTCAACGCTA","Ex_CACNA1H_KIT","Glut-CACNA1H-4",0.70556463823796
"SN555_CATGGATAGTGATGGC","Ex_CACNA1H_KIT","Glut-CACNA1H-1",0.389628765974855
"SN555_GGTCTGGGTCGTTGCG","Ex_CACNA1H_PROX1","Glut-CACNA1H-4",0.820831811806415
"SN555_TCGTCCACATGTTACG","Ex_CACNA1H_PROX1","Glut-CACNA1H-2",0.982384761515864
"SN555_TCCATGCCAGGTTCCG","Ex_CACNA1H_KIT","Glut-CACNA1H-2",0.468407033994133
"SN555_ATCGTCCCAATTTCTC","Ex_CACNA1H_PROX1","Glut-CACNA1H-4",0.413258315003795
"SN555_AAGTACCGTTACGGAG","Ex_CACNA1H_KIT","Glut-CACNA1H-4",0.727491234670714
"SN555_TGTCCCATCACCGGTG","Ex_CACNA1H_PROX1","Glut-CACNA1H-2",0.679505656914498
"SN555_ATGCATGGTACTAACC","Ex_CACNA1H_PROX1","Glut-CACNA1H-2",0.492779973801515
"SN555_TCGGGCACAGTCTGGC","Ex_CACNA1H_CPA6","Glut-CACNA1H-2",0.52958097944821
"SN555_TGCGATAGTCATCTAG","Ex_CACNA1H_LHX9","Glut-CACNA1H-4",0.955371174027053
"SN555_AAGCCATGTCACATTG","Ex_CACNA1H_KIT","Glut-CACNA1H-4",0.61566014588951
"SN555_CTGCCTAAGTCTGTAC","Ex_CACNA1H_KIT","Glut-CACNA1H-2",0.99928451261117
"SN555_ACACTGACAGAGCCCT","Ex_CACNA1H_PROX1","Glut-CACNA1H-4",0.508561763606806
"SN555_AAACGAATCGGACGTC","Ex_CACNA1H_KIT","Glut-CACNA1H-2",0.970609932933517
"SN555_TGGTTAGGTAGACGGT","Ex_CACNA1H_MCTP2","Glut-DACH2-2",0.566570606144604
"SN555_CTACGGGAGACGGATC","Ex_CACNA1H_CPA6","Glut-CACNA1H-4",0.428338567193713
"SN555_GTTCATTCACGGTCTG","Ex_CACNA1H_PROX1","Glut-CACNA1H-2",0.830081971055785
"SN555_GTGAGGAGTCGCACGT","Ex_CACNA1H_PROX1","Glut-CACNA1H-2",0.955401383740792
"SN555_TTACTGTCATCAGCTA","Ex_CACNA1H_LHX9","Glut-CACNA1H-2",0.891697354996123
"SN555_CGTTCTGCATCGTGCG","Ex_CACNA1H_LHX9","Glut-CACNA1H-4",0.90188055455175
"SN555_AGACAAAAGTCTCCTC","Ex_CACNA1H_KIT","Glut-CACNA1H-1",0.606142449178659
"SN555_CTACCTGCATGGCTGC","Ex_CACNA1H_CPA6","Glut-CACNA1H-1",0.384654846222052
"SN555_GTTAGTGTCAGCGCGT","Ex_CACNA1H_PROX1","Glut-CACNA1H-2",0.482344409430316
"SN555_TGAGTCAGTCGCGGTT","Ex_CACNA1H_LHX9","Glut-CACNA1H-4",0.964051531995323
"SN555_GATCACACAGCTACTA","Ex_CACNA1H_LHX9","Glut-CACNA1H-4",0.932922708977296
"SN555_ATTTCACAGAAACCAT","Ex_CACNA1H_CPA6","Glut-CACNA1H-2",1
"SN555_CTCCAACTCTCACTCG","Ex_CACNA1H_PROX1","Glut-CACNA1H-2",0.535768585086575
"SN555_AATCGTGCAGAGTGTG","Ex_CACNA1H_PROX1","Glut-CACNA1H-2",0.315940719231928
"SN555_ATTCCCGTCCTACTGC","Ex_CACNA1H_LHX9","Glut-CACNA1H-4",0.836375963149637
"SN555_GAGTCATGTAAGGAGA","Ex_CACNA1H_CPA6","Glut-CACNA1H-2",0.820653909393775
"SN555_GTCGTTCTCTCATGGA","Ex_CACNA1H_PROX1","Glut-DACH2-2",0.619109635167133
"SN555_ATACCTTCATCCGAAT","Ex_CACNA1H_KIT","Glut-CACNA1H-1",0.558050420647624
"SN555_CAGCGTGGTACGAGCA","Ex_CACNA1H_CPA6","Glut-CACNA1H-2",0.995949565322611
"SN555_TGTTTGTTCCTGTTGC","Ex_CACNA1H_KIT","Glut-CACNA1H-2",0.96931017269796
"SN555_TCGCACTTCTTGATTC","Ex_CACNA1H_KIT","Glut-CACNA1H-4",0.401637187915819
"SN555_TCATTTGAGTCGCCCA","Ex_CACNA1H_KIT","Glut-CACNA1H-4",0.719891994240827
"SN555_GAAGTAAGTTGAGGAC","Ex_CACNA1H_PROX1","Glut-DACH2-2",0.637648503551566
"SN555_TAAGCACAGTTACTCG","Ex_CACNA1H_PROX1","Glut-DACH2-2",0.633491130068438
"SN555_GGTGGCTCACATAGCT","Ex_CACNA1H_PROX1","Glut-CACNA1H-4",0.433004504730035
"SN555_ACTTTCAGTCTAGGCC","Ex_CACNA1H_CPA6","Glut-CACNA1H-2",0.971424982171497
"SN555_CCAAGCGGTCGCATGC","Ex_CACNA1H_PROX1","Glut-DACH2-2",0.503700298235588
"SN555_AGGACTTCAAGTGGTG","Ex_CACNA1H_PROX1","Glut-CACNA1H-2",0.514716449821999
"SN555_CAGCACGAGGATAATC","Ex_CACNA1H_PROX1","Glut-CACNA1H-2",0.999140564280168
"SN555_AGGAGGTTCACCGGTG","Ex_CACNA1H_PROX1","Glut-CACNA1H-2",0.42305978634042
"SN555_AGTGATCGTTAAACCC","Ex_CACNA1H_KIT","Glut-CACNA1H-4",0.535957252522134
"SN555_TTGTTCACAAGTGGTG","Ex_CACNA1H_KIT","Glut-CACNA1H-2",0.771978977854791
"SN555_GTTAGACGTGCAGTGA","Ex_CACNA1H_KIT","Glut-CACNA1H-2",0.999319115794999
"SN555_ACATGCACAAACTAAG","Ex_CACNA1H_KIT","Glut-CACNA1H-1",0.506163048317929
"SN555_GATAGCTGTCACATTG","Ex_CACNA1H_KIT","Glut-CACNA1H-2",0.779466968387329
"SN555_ATGAGTCTCACTGGGC","Ex_CACNA1H_PROX1","Glut-DACH2-2",0.544310965518155
"SN555_CATGCGGTCACCTCTG","Ex_CACNA1H_KIT","Glut-CACNA1H-2",0.970599941075346
"SN555_GTTCATTCAGGCAATG","Ex_CACNA1H_PROX1","Glut-DACH2-2",0.390585020872133
"SN555_GAGTCTACAGATACCT","Ex_CACNA1H_LHX9","Glut-CACNA1H-2",0.55763973845286
"SN555_AAGCGTTTCGAACCAT","Ex_CACNA1H_PROX1","Glut-CACNA1H-2",0.502209576306066
"SN555_AGTTCGATCTTGGAAC","Ex_CACNA1H_KIT","Glut-CACNA1H-2",0.343365294270824
"SN555_TGAGCATTCTCACGAA","Ex_CACNA1H_PROX1","Glut-DACH2-2",0.400115755064351
"SN555_TCTCACGCAAGCTGCC","Ex_CACNA1H_PROX1","Glut-CACNA1H-2",0.496219691135185
"SN555_GAGAAATGTCACGCTG","Ex_CACNA1H_KIT","Glut-CACNA1H-2",0.999148191784137
"SN555_AAGATAGCAACGATTC","Ex_CACNA1H_PROX1","Glut-CACNA1H-4",0.592631912358685
"SN555_TTACGTTAGTTTCGGT","Ex_CACNA1H_PROX1","Glut-CACNA1H-4",0.44761896210717
"SN555_AGGCCACTCCACGTGG","Ex_CACNA1H_CPA6","Glut-CACNA1H-4",0.880534297866505
"SN555_AGCATCAAGCAGCCCT","Ex_CACNA1H_PROX1","Glut-CACNA1H-2",0.785455990806448
"SN555_TGATGCACACTAACGT","Ex_CACNA1H_PROX1","Glut-CACNA1H-2",0.428345546140926
"SN555_GATTTCTGTGTGGTCC","Ex_CACNA1H_CPA6","Glut-CACNA1H-2",0.951152812367817
"SN555_GACTCAAGTGGCCTCA","Ex_CACNA1H_PROX1","Glut-DACH2-3",0.289954701404773
"SN555_CTAACCCGTCAAGCCC","Ex_CACNA1H_CPA6","Glut-CACNA1H-2",0.596012153106922
"SN555_TCCCAGTGTAGTCACT","Ex_CACNA1H_LHX9","Glut-CACNA1H-2",0.911191322643368
"SN555_AAAGTGACAGTTCTAG","Ex_CACNA1H_PROX1","Glut-CACNA1H-4",0.626776176317439
"SN555_GATTGGTAGTAAACGT","Ex_CACNA1H_PROX1","Glut-CACNA1H-4",0.434378914422046
"SN555_ATAGACCTCTATTTCG","Ex_CACNA1H_PROX1","Glut-CACNA1H-2",0.980140608253842
"SN555_CAATACGTCGCAGAGA","Ex_CACNA1H_KIT","Glut-CACNA1H-2",0.823328710133033
"SN555_GGGTGAATCTGTAAGC","Ex_CACNA1H_PROX1","Glut-CACNA1H-2",0.552880412891661
"SN555_GTGGGAAAGTGGCCTC","Ex_CACNA1H_LHX9","Glut-CACNA1H-4",0.947921897472823
"SN555_GTAGGTTGTGAGATTA","Ex_CACNA1H_PROX1","Glut-CACNA1H-4",0.696951773552733
"SN555_GCTTGGGCAAAGTGTA","Ex_CACNA1H_CPA6","Glut-CACNA1H-2",0.680026895412524
"SN555_AAATGGATCGAGTGAG","Ex_CACNA1H_PROX1","Glut-CACNA1H-2",1
"SN555_CCTCATGTCTCACGAA","Ex_CACNA1H_LHX9","Glut-CACNA1H-4",0.635048114286731
"SN555_ACGATCAGTACTTGTG","Ex_CACNA1H_KIT","Glut-CACNA1H-2",0.989924053402072
"SN555_CCCAACTAGAGAGCGG","Ex_CACNA1H_KIT","Glut-CACNA1H-2",0.560593457752583
"SN555_TGAATCGCAAGCCATT","Ex_CACNA1H_PROX1","Glut-CACNA1H-2",0.999198246584936
"SN555_AGCTACACACTAGAGG","Ex_CACNA1H_PROX1","Glut-CACNA1H-4",0.458892348166785
"SN555_CAATACGTCGGAAACG","Ex_CACNA1H_KIT","Glut-CACNA1H-2",0.999065426498893
"SN555_GTCGTTCCATCCGATA","Ex_CACNA1H_PROX1","Glut-CACNA1H-2",0.999205266232922
"SN555_GCCCAGAAGAGGACTC","Ex_CACNA1H_PROX1","Glut-CACNA1H-2",0.969143873676492
"SN555_CATTGCCGTCGGTACC","Ex_CACNA1H_CPA6","Glut-CACNA1H-1",0.518402760624247
"SN555_TGCGGGTCAAGCAGGT","Ex_CACNA1H_PROX1","Glut-DACH2-2",0.232525770084591
"SN555_ATCGTGAAGGTAGGCT","Ex_CACNA1H_KIT","Glut-CACNA1H-2",0.850953323555584
"SN555_CGAGGCTCAGGTCAAG","Ex_CACNA1H_PROX1","Glut-CACNA1H-2",0.363217294881766
"SN555_AGGTTACCAGCTGAGA","Ex_CACNA1H_PROX1","Glut-CACNA1H-2",0.916856537104616
"SN555_GTACAGTAGCAGCCCT","Ex_CACNA1H_LHX9","Glut-CACNA1H-4",0.724208019369769
"SN555_AATGCCAGTATGTCTG","Ex_CACNA1H_KIT","Glut-CACNA1H-2",0.567593059481577
"SN555_TCGATTTTCGGCCTTT","Ex_CACNA1H_PROX1","Glut-CACNA1H-2",0.999186740799458
"SN555_AGAGAATGTACAGAGC","Ex_CACNA1H_KIT","Glut-CACNA1H-2",0.957577371409068
"SN555_ATTCACTAGTTGAAGT","Ex_CACNA1H_PROX1","Glut-CACNA1H-2",0.274416256378558
"SN555_CCACTTGAGCAGTACG","Ex_CACNA1H_PROX1","Glut-CACNA1H-2",0.992833048937711
"SN555_GTGGGAAGTAGTATAG","Ex_CACNA1H_KIT","Glut-CACNA1H-2",0.978097094957433
"SN555_TGTGATGAGCTTCGTA","Ex_CACNA1H_KIT","Glut-CACNA1H-4",0.655017231973946
"SN555_CATTCATAGGATGTTA","Ex_CACNA1H_PROX1","Glut-CACNA1H-2",0.341157715837631
"SN555_AATGACCCAGCATGCC","Ex_CACNA1H_KIT","Glut-DACH2-2",0.375625410226938
"SN555_CCCAACTGTGCTATTG","Ex_CACNA1H_PROX1","Glut-CACNA1H-2",0.99033243579088
"SN555_GCATGATAGGCAGTCA","Ex_CACNA1H_PROX1","Glut-CACNA1H-2",0.578937186246284
"SN555_TGGAGAGTCCTCAGGG","Ex_CACNA1H_KIT","Glut-CACNA1H-2",0.563461354913416
"SN555_TCACACCAGAACGCGT","Ex_CACNA1H_KIT","Glut-CACNA1H-2",0.654735802870613
"SN555_CAGATACTCTGGCCAG","Ex_CACNA1H_PROX1","Glut-CACNA1H-2",0.673149213946582
"SN555_TGAGCATTCGCAATTG","Ex_CACNA1H_PROX1","Glut-CACNA1H-2",0.999226150374576
"SN555_AGGGAGTAGATGGCGT","Ex_CACNA1H_PROX1","Glut-CACNA1H-2",0.63983870379455
"SN555_AAGACAAAGGTCATCT","Ex_CACNA1H_CPA6","Glut-CACNA1H-1",0.260897616517883
"SN555_GCAGGCTGTGAGGAAA","Ex_CACNA1H_PROX1","Glut-CACNA1H-2",0.792586324163866
"SN555_TTTGGTTGTGAAAGTT","Ex_CACNA1H_PROX1","Glut-CACNA1H-2",0.999257596364424
"SN555_AGGACTTTCATTTCGT","Ex_CACNA1H_LHX9","Glut-CACNA1H-4",0.76657879449643
"SN555_TTGATGGGTGAGAACC","Ex_CACNA1H_KIT","Glut-CACNA1H-4",0.758090271676825
"SN555_TTTGACTTCAGTGCGC","Ex_CACNA1H_PROX1","Glut-CACNA1H-2",0.758947950140511
"SN555_GGGCGTTGTCCTTTGC","Ex_CACNA1H_KIT","Glut-CACNA1H-2",0.712271797310926
"SN555_ATTCCATAGGGTCACA","Ex_CACNA1H_PROX1","Glut-CACNA1H-2",0.452602425294449
"SN555_CTGCATCTCCCAAGTA","Ex_CACNA1H_KIT","Glut-CACNA1H-2",0.998838664816999
"SN555_TTGTTGTCACTGCGAC","Ex_CACNA1H_LHX9","Glut-CACNA1H-4",0.967478965915282
"SN555_TCTTAGTTCTGCATAG","Ex_CACNA1H_LHX9","Glut-CACNA1H-4",0.914272258429257
"SN555_TCCATGCAGCGCTGCT","Ex_CACNA1H_KIT","Glut-CACNA1H-2",0.753555831930263
"SN555_TACAGGTCAGAACTTC","Ex_CACNA1H_PROX1","Glut-DACH2-2",0.524684299598557
"SN555_GTAGGTTAGTTGCGCC","Ex_CACNA1H_PROX1","Glut-CACNA1H-4",0.607662273836077
"SN555_CACAGATGTTTCGATG","Ex_CACNA1H_CPA6","Glut-CACNA1H-2",0.999449057435088
"SN555_TGCAGATCAGAGTGTG","Ex_CACNA1H_PROX1","Glut-DACH2-2",0.430877683748373
"SN555_TCCATCGGTTTGATCG","Ex_CACNA1H_LHX9","Glut-CACNA1H-4",0.698750413921222
"SN555_ACCTGTCGTCTCTCTG","Ex_CACNA1H_CPA6","Glut-CACNA1H-2",0.427860256606662
"SN555_CCGGTGAAGTTGGACG","Ex_CACNA1H_KIT","Glut-CACNA1H-4",0.695205280048667
"SN555_CATACAGTCCTTTAGT","Ex_CACNA1H_LHX9","Glut-CACNA1H-4",0.865822009484897
"SN555_CCAAGCGCAGGTCCCA","Ex_CACNA1H_LHX9","Glut-CACNA1H-4",0.586425830221718
"SN555_TCATTGTGTGCCTTCT","Ex_CACNA1H_KIT","Glut-DACH2-HVCx",0.586984820399145
"SN555_AAGCGAGTCACTGATG","Ex_CACNA1H_PROX1","Glut-CACNA1H-4",0.688550754359162
"SN555_TCCTCTTCAAACCACT","Ex_CACNA1H_PROX1","Glut-DACH2-2",0.287217143750325
"SN555_TGTAAGCTCGCAGTGC","Ex_CACNA1H_LHX9","Glut-CACNA1H-2",0.86127616929243
"SN555_TTTCGATGTCCAGAAG","Ex_CACNA1H_PROX1","Glut-DACH2-2",0.599760977248784
"SN555_AGACCCGTCCGTGTGG","Ex_CACNA1H_PROX1","Glut-CACNA1H-2",0.538488295800426
"SN555_TGCATGAGTACAGAGC","Ex_CACNA1H_PROX1","Glut-CACNA1H-2",0.989561220650555
"SN555_GAACACTGTAACTTCG","Ex_CACNA1H_PROX1","Glut-CACNA1H-2",0.513738426084421
"SN555_CTCTGGTAGCACGATG","Ex_CACNA1H_PROX1","Glut-DACH2-2",0.512785163311202
"SN555_CTAACCCTCACTGGTA","Ex_CACNA1H_PROX1","Glut-CACNA1H-2",0.267862864816276
"SN555_GTCACTCTCAGCATTG","Ex_CACNA1H_PROX1","Glut-CACNA1H-2",0.265575465612743
"SN555_TGTTACTCACTTGAGT","Ex_TSHZ2_NR4A2","Glut-CACNA1H-2",1
"SN555_CAATACGAGAAGGGAT","Ex_CACNA1H_PROX1","Glut-CACNA1H-2",0.997053674238283
"SN555_ACCCAAAGTTATTCTC","Ex_CACNA1H_MCTP2","Glut-DACH2-2",0.493655665296122
"SN555_GACTTCCTCCTACGGG","Ex_CACNA1H_MCTP2","Glut-CACNA1H-2",0.840994320847032
"SN555_ACGGGTCTCTGTCCCA","Ex_CACNA1H_MCTP2","Glut-DACH2-2",0.342308570219408
"SN555_AGAAATGTCTGGGCCA","Ex_CACNA1H_MCTP2","Glut-DACH2-2",0.40524361180688
"SN555_GTAATCGTCTTTCTAG","Ex_DACH2_LHX2","Glut-DACH2-5",0.511202241715565
"SN555_TCCTCTTAGTGCTACT","Ex_CACNA1H_MCTP2","Glut-DACH2-3",0.352682043880086
"SN555_TACCTGCAGGTACAGC","Ex_DACH2_LHX2","Glut-DACH2-2",0.794146647855777
"SN555_TGCTCGTTCTTCGTAT","Ex_CACNA1H_MCTP2","Glut-DACH2-2",0.433086446907089
"SN555_GAAGCCCAGCTGTTAC","Ex_CACNA1H_MCTP2","Glut-DACH2-2",0.569588884136561
"SN555_AACCTGATCGACTCCT","Ex_DACH2_ITGA9","Glut-CACNA1H-2",0.276044912469126
"SN555_CTGGCAGGTACACGTT","Ex_DACH2_NR4A3","Glut-DACH2-1",0.81386548567399
"SN555_AACAAAGCACAACGTT","Ex_CACNA1H_MCTP2","Glut-CACNA1H-2",0.545165804854515
"SN555_TCTAACTTCCACTTCG","Ex_DACH2_MGAT4C","Glut-DACH2-HVCra",0.400730009748559
"SN555_ACCGTTCCAGGCACTC","Ex_CACNA1H_MCTP2","Glut-DACH2-2",0.403449628950527
"SN555_GTTAGACTCGCGATCG","Ex_CACNA1H_MCTP2","Glut-DACH2-1",0.326161645517691
"SN555_TACAACGCATGATGCT","Ex_DACH2_TAC1","Glut-DACH2-3",0.934372660562529
"SN555_TTGAGTGCAATACGCT","Ex_CACNA1H_MCTP2","Glut-DACH2-2",0.562986202890366
"SN555_AGTAGTCGTAAGGCTG","Ex_CACNA1H_MCTP2","Glut-DACH2-3",0.383581488604708
"SN555_AATGGCTAGTTCAACC","Ex_CACNA1H_MCTP2","Glut-CACNA1H-4",0.663314179770322
"SN555_TAATTCCAGCTTTCTT","Ex_DACH2_MGAT4C","Glut-DACH2-1",0.458539555021579
"SN555_TCCTTCTTCTTGTGCC","Ex_CACNA1H_MCTP2","Glut-DACH2-2",0.479985335450081
"SN555_GCTGCAGCATTGTGCA","Ex_CACNA1H_MCTP2","Glut-DACH2-2",0.548970738523104
"SN555_CTACCTGGTGTGCCTG","Ex_DACH2_LHX2","Glut-DACH2-2",0.774754925985634
"SN555_CTAAGTGTCTAAACGC","Ex_CACNA1H_MCTP2","Glut-DACH2-2",0.657959372149673
"SN555_AGTTAGCAGAATGTTG","Ex_CACNA1H_MCTP2","Glut-DACH2-2",0.496837777157986
"SN555_TTTCAGTCACTAGTAC","Ex_BCL6","Glut-DACH2-3",0.510011046592099
"SN555_TCACATTCATGGCTGC","Ex_DACH2_LHX2","Glut-DACH2-2",0.751273573806787
"SN555_GGGATGATCCCAGGAC","Ex_CACNA1H_MCTP2","Glut-DACH2-2",0.39709362876331
"SN555_CATTCCGGTAGTACGG","Ex_CACNA1H_MCTP2","Glut-DACH2-2",0.662032785576021
"SN555_GGAATCTCATGGAGAC","Ex_CACNA1H_MCTP2","Glut-DACH2-3",0.475370921471989
"SN555_CTCTGGTTCACGATCA","Ex_DACH2_MGAT4C","Glut-DACH2-1",0.490207117679096
"SN555_GCATCGGCACTGTGAT","Ex_DACH2_LHX2","Glut-DACH2-2",0.860799327509342
"SN555_ATTCATCAGAAAGTCT","Ex_CACNA1H_MCTP2","Glut-CACNA1H-4",0.693738385498884
"SN555_AAAGTGACACCTCTAC","Ex_DACH2_MGAT4C","Glut-DACH2-1",0.515743806461288
"SN555_TCATATCTCAGTGGGA","Ex_CACNA1H_MCTP2","Glut-CACNA1H-2",0.646003585822898
"SN555_TCGAAGTAGACTTAAG","Ex_DACH2_TAC1","Glut-DACH2-3",0.959027306980724
"SN555_TACCGGGTCAACTACG","Ex_CACNA1H_MCTP2","Glut-CACNA1H-1",0.303159765349399
"SN555_CCACTTGCACCAGCTG","Ex_DACH2_MGAT4C","Glut-DACH2-1",0.60352160303282
"SN555_AAACGCTGTTTCGTAG","Ex_BCL6","Glut-DACH2-3",0.36277240432037
"SN555_GTTATGGAGGTTTGAA","Ex_DACH2_MGAT4C","Glut-DACH2-HVCra",0.361221917169776
"SN555_GAAATGATCAGACCGC","Ex_CACNA1H_MCTP2","Glut-DACH2-LMANsh",0.30663271400196
"SN555_TAGGAGGTCCACTTCG","Ex_DACH2_GRIK4","Glut-DACH2-2",0.552487584230061
"SN555_GAGAAATGTCTACGTA","Ex_DACH2_NR4A3","Glut-DACH2-1",0.685778163101545
"SN555_GACAGCCCACTTGACA","Ex_DACH2_LUZP2","Glut-DACH2-1",0.459184428984132
"SN555_ATGGATCCAACAGCTT","Ex_CACNA1H_MCTP2","Glut-CACNA1H-4",0.591547870108057
"SN555_GCCATTCCAAATCCCA","Ex_DACH2_MGAT4C","Glut-DACH2-HVCra",0.457709572055407
"SN555_TGAGCATTCAAGCGTT","Ex_CACNA1H_MCTP2","Glut-DACH2-2",0.373236455854471
"SN555_TAGCACAGTACCCGAC","Ex_DACH2_TAC1","Glut-DACH2-8",0.777384866681545
"SN555_CCGTAGGGTGATAGTA","Ex_CACNA1H_MCTP2","Glut-DACH2-2",0.487983271762072
"SN555_GCTCAAATCGTAGTGT","Ex_CACNA1H_MCTP2","Glut-DACH2-3",0.460922778429378
"SN555_TTATTGCGTTGGGATG","Ex_CACNA1H_MCTP2","Glut-CACNA1H-2",0.527171282996803
"SN555_TGGAGGACACTACTTT","Ex_DACH2_ADAMTS5","Glut-DACH2-7",0.400996541930863
"SN555_AGATCGTTCATCTCTA","Ex_DACH2_LHX2","Glut-DACH2-5",0.571357696680801
"SN555_GGTGGCTAGACAGCGT","Ex_CACNA1H_MCTP2","Glut-DACH2-2",0.627674873862677
"SN555_AGGCTGCTCTTCACAT","Ex_DACH2_NR4A3","Glut-DACH2-1",0.8463722613497
"SN555_TCTAACTCACATATGC","Ex_DACH2_LHX2","Glut-DACH2-2",0.681721474924968
"SN555_TACAGGTTCCTCTCTT","Ex_CACNA1H_MCTP2","Glut-CACNA1H-2",0.97598527951113
"SN555_TTAGGCATCTAGTCAG","Ex_DACH2_TAC1","Glut-DACH2-3",0.764987329347376
"SN555_ACATTTCCAGTAACAA","Ex_BCL6","Glut-DACH2-3",0.50650319988317
"SN555_CTACGGGCATGCCATA","Ex_DACH2_TAC1","Glut-DACH2-3",0.904002022942774
"SN555_CTCCCTCCAGACCAGA","Ex_DACH2_ITGA9","Glut-DACH2-2",0.636190584439713
"SN555_CTCATCGCACCTGAAT","Ex_DACH2_TAC1","Glut-DACH2-3",0.891353604451525
"SN555_GGGTATTTCCATCTGC","Ex_CACNA1H_MCTP2","Glut-DACH2-1",0.417551935602898
"SN555_GGATCTAGTATCTTCT","Ex_DACH2_TAC1","Glut-DACH2-3",0.974512506077102
"SN555_CGTTCTGGTTGCTCAA","Ex_CACNA1H_MCTP2","Glut-CACNA1H-4",0.903659022382348
"SN555_CCCTCAACAGACCGCT","Ex_DACH2_LUZP2","Glut-DACH2-1",0.709358826541729
"SN555_ACAAGCTCACAATGCT","Ex_DACH2_MGAT4C","Glut-DACH2-2",0.481661944085541
"SN555_CCACAAACAAACACGG","Ex_DACH2_LHX2","Glut-DACH2-2",0.763585192166598
"SN555_AAAGGTAGTAGTCCTA","Ex_CACNA1H_MCTP2","Glut-CACNA1H-4",0.771031582053271
"SN555_CCACTTGGTGACAGGT","Ex_CACNA1H_MCTP2","Glut-DACH2-2",0.689916421500593
"SN555_TCTTCCTGTATGTCAC","Ex_DACH2_TAC1","Glut-DACH2-8",0.39663094961934
"SN555_TCCTAATTCCGTTGAA","Ex_CACNA1H_MCTP2","Glut-DACH2-2",0.351453286101943
"SN555_TCTGTCGCACCTAAAC","Ex_CACNA1H_MCTP2","Glut-CACNA1H-2",0.39721797909919
"SN555_GTCATTTCACTCCCTA","Ex_DACH2_TAC1","Glut-DACH2-3",0.701333055005383
"SN555_AACGAAATCGACGCTG","Ex_CACNA1H_MCTP2","Glut-CACNA1H-2",0.911335037265562
"SN555_CAGTTAGAGAGGTGCT","Ex_CACNA1H_MCTP2","Glut-DACH2-2",0.327920037389051
"SN555_CTTCCTTCACTAGGTT","Ex_DACH2_NR4A3","Glut-DACH2-1",0.60990877902728
"SN555_GTCTGTCAGTGCGCTC","Ex_CACNA1H_MCTP2","Glut-DACH2-3",0.449593261705084
"SN555_CAACCAACAGTAGATA","Ex_DACH2_NR4A3","Glut-DACH2-1",0.902431246143277
"SN555_GTTGCGGGTGCGACAA","Ex_DACH2_GRIK4","Glut-DACH2-2",0.674918688305568
"SN555_GGTTAACGTGGCTACC","Ex_DACH2_LHX2","Glut-DACH2-2",0.764603466013643
"SN555_TGAGCGCAGCAATTCC","Ex_CACNA1H_MCTP2","Glut-DACH2-2",0.370665404857451
"SN555_ATAGACCGTACGCTAT","Ex_DACH2_GRIK4","Glut-DACH2-1",0.576632423387174
"SN555_ATATCCTCAACTCGAT","Ex_CACNA1H_MCTP2","Glut-CACNA1H-2",0.780670043469936
"SN555_TCTACCGGTCACCGCA","Ex_DACH2_LHX2","Glut-DACH2-2",0.545597757545689
"SN555_TGCACGGCAAGAGGTC","Ex_CACNA1H_MCTP2","Glut-DACH2-2",0.619234451197113
"SN555_CTTAGGATCCCGATCT","Ex_DACH2_ITGA9","Glut-DACH2-2",0.519453650138433
"SN555_AGTAGCTTCCCTCGTA","Ex_DACH2_LHX2","Glut-DACH2-2",0.688709126526132
"SN555_GTAACACAGCGGATCA","Ex_CACNA1H_MCTP2","Glut-DACH2-2",0.54266668710908
"SN555_CGAGGAATCCGGTAAT","Ex_CACNA1H_MCTP2","Glut-DACH2-2",0.505171531882599
"SN555_GGTGTTAGTTCTTGTT","Ex_CACNA1H_MCTP2","Glut-DACH2-2",0.50634786460736
"SN555_CGGTCAGAGGATATGT","Ex_CACNA1H_MCTP2","Glut-DACH2-2",0.360629648870847
"SN555_GTTAGTGTCAGTCACA","Ex_DACH2_LHX2","Glut-DACH2-1",0.603872814252257
"SN555_AGACACTCATTAGGAA","Ex_DACH2_TAC1","Glut-DACH2-3",0.800347772029374
"SN555_TTGCATTTCTAAGCCA","Ex_DACH2_LUZP2","Glut-DACH2-2",0.641814004061547
"SN555_CTCAGGGCATACCACA","Ex_DACH2_LHX2","Glut-DACH2-2",0.826512429526968
"SN555_ACATGCAAGTATGGAT","Ex_DACH2_LHX2","Glut-DACH2-1",0.589474592016835
"SN555_TTGGTTTCAAACCATC","Ex_DACH2_LHX2","Glut-DACH2-2",0.797910059629963
"SN555_GGAATGGAGGATTCCT","Ex_CACNA1H_MCTP2","Glut-CACNA1H-2",0.713126517380001
"SN555_GGTAATCAGCAGGTCA","Ex_CACNA1H_MCTP2","Glut-DACH2-2",0.508395878725216
"SN555_TCCCACAAGAACTCCT","Ex_DACH2_LHX2","Glut-DACH2-2",0.510006437600902
"SN555_CAACCAACAGAGTAAT","Ex_DACH2_LUZP2","Glut-CACNA1H-4",0.367213309301067
"SN555_TTTACCACAGATCACT","Ex_DACH2_MGAT4C","Glut-DACH2-7",0.459608183932325
"SN555_GGGTCACTCTGAGAGG","Ex_DACH2_LHX2","Glut-DACH2-2",0.760166045842123
"SN555_TCACTCGCAACTTGCA","Ex_DACH2_LHX2","Glut-DACH2-1",0.404795948695967
"SN555_ACTTTCATCGTTGTTT","Ex_DACH2_ZMAT4","Glut-DACH2-8",0.347459470955973
"SN555_CGTCAAAGTGAATTAG","Ex_DACH2_GRIK4","Glut-DACH2-2",0.733527709338964
"SN555_AACAAGAAGCTCTATG","Ex_DACH2_NR4A3","Glut-DACH2-1",0.362245930810296
"SN555_ACTCCCATCAAGTCGT","Ex_CACNA1H_MCTP2","Glut-DACH2-2",0.319549027391739
"SN555_GCTCAAAGTATCAGCT","Ex_DACH2_LHX2","Glut-DACH2-2",0.635681456096849
"SN555_TTTCAGTAGCAGCACA","Ex_DACH2_LHX2","Glut-DACH2-2",0.676133274274723
"SN555_CCCTCTCGTTCCGCAG","Ex_DACH2_NR4A3","Glut-DACH2-1",0.737790243775373
"SN555_GCGTTTCCAAGAAATC","Ex_DACH2_LHX2","Glut-DACH2-2",0.753950218390926
"SN555_TTGCCTGTCACGACTA","Ex_DACH2_TAC1","Glut-DACH2-3",0.442931741492162
"SN555_TTCTTGAGTCAGTCGC","Ex_CACNA1H_MCTP2","Glut-DACH2-2",0.231120922951971
"SN555_TCCTGCAGTTGATCGT","Ex_DACH2_TAC1","Glut-DACH2-7",0.404740804962165
"SN555_TCCATGCTCAGCTTCC","Ex_DACH2_MGAT4C","Glut-DACH2-5",0.405832329251377
"SN555_TGCGATATCTGTCAGA","Ex_CACNA1H_MCTP2","Glut-DACH2-2",0.729715833223331
"SN555_AGCGCCATCCTCTCGA","Ex_DACH2_TAC1","Glut-DACH2-3",0.565095233702317
"SN555_TGCATCCCAATCTCTT","Ex_DACH2_LHX2","Glut-DACH2-2",0.826171261221952
"SN555_AAATGGAAGTGGTTGG","Ex_CACNA1H_MCTP2","Glut-DACH2-3",0.504141675524949
"SN555_ATCGGCGGTTCCGCGA","Ex_DACH2_TAC1","Glut-DACH2-3",0.960134135984958
"SN555_CTCTGGTGTACCATAC","Ex_DACH2_LHX2","Glut-DACH2-2",0.503943667734275
"SN555_ACCCTCAGTGCAACGA","Ex_DACH2_ADAMTS5","Glut-DACH2-5",0.575389439890947
"SN555_ATGGGAGCATCGCTGG","Ex_DACH2_TAC1","Glut-DACH2-2",0.375434489098865
"SN555_GATCGTACAGCGTGCT","Ex_DACH2_NR4A3","Glut-DACH2-1",0.57148662559694
"SN555_CGGGCATTCTACACTT","Ex_DACH2_LHX2","Glut-DACH2-1",0.319561030611965
"SN555_TTTCATGTCCAGTACA","Ex_CACNA1H_MCTP2","Glut-CACNA1H-2",0.668888821762973
"SN555_CCTTCAGGTGTAAATG","Ex_CACNA1H_MCTP2","Glut-CACNA1H-2",0.774593651040408
"SN555_GTAACCATCACTCTTA","Ex_DACH2_LUZP2","Glut-DACH2-1",0.897936535231034
"SN555_GACACGCAGGCACAAC","Ex_DACH2_MGAT4C","Glut-DACH2-HVCra",0.421293471557073
"SN555_ACTACGACAACAAAGT","Ex_DACH2_LHX2","Glut-DACH2-2",0.753617022898272
"SN555_TTGTTTGGTGCACATT","Ex_DACH2_TAC1","Glut-DACH2-3",0.523537973733615
"SN555_TACCCACCATACAGAA","Ex_BCL6","Glut-DACH2-3",0.740656435450188
"SN555_AGAGCAGGTGATGAAT","Ex_DACH2_LHX2","Glut-DACH2-2",0.781929201587021
"SN555_GTTTACTAGGTCGACA","Ex_DACH2_TAC1","Glut-DACH2-3",0.741531735584634
"SN555_ACCACAACATCAGCGC","Ex_CACNA1H_MCTP2","Glut-DACH2-3",0.354219763246986
"SN555_GAGACTTTCGTAACCA","Ex_DACH2_TAC1","Glut-DACH2-3",0.37273803985176
"SN555_ACTCTCGCATCCGCGA","Ex_DACH2_LHX2","Glut-DACH2-2",0.800955076501288
"SN555_TTGGTTTTCTCTGCCA","Ex_CACNA1H_MCTP2","Glut-DACH2-2",0.513523577110809
"SN555_AGATAGAAGCACGATG","Ex_DACH2_GRIK4","Glut-DACH2-1",0.549061214369807
"SN555_AAGAACAAGGTAGACC","Ex_CACNA1H_MCTP2","Glut-DACH2-2",0.513439327275676
"SN555_CGTTAGACAGATTAAG","Ex_DACH2_LHX2","Glut-DACH2-2",0.606829973777429
"SN555_CACGAATCAATACAGA","Ex_CACNA1H_MCTP2","Glut-CACNA1H-2",0.598177143695876
"SN555_CCTCACATCAGAGTTC","Ex_DACH2_LUZP2","Glut-DACH2-1",0.704776683971614
"SN555_ACGCACGTCTTAGCAG","Ex_CACNA1H_MCTP2","Glut-DACH2-3",0.350876037389925
"SN555_AGTCATGAGTGCAAAT","Ex_DACH2_NR4A3","Glut-DACH2-1",0.527099600184418
"SN555_CAGGCCAAGTTGCTCA","Ex_BCL6","Glut-DACH2-HVCra",0.259766677232205
"SN555_GTGCGTGAGCCAGACA","Ex_BCL6","Glut-CACNA1H-4",0.693338589756565
"SN555_GGTTCTCCATTGACCA","Ex_DACH2_LHX2","Glut-DACH2-2",0.6164633405371
"SN555_GCTACAAGTCAAAGTA","Ex_DACH2_LHX2","Glut-DACH2-2",0.773588995867091
"SN555_TCCATGCCACTAGTAC","Ex_DACH2_TAC1","Glut-DACH2-3",0.840028028387239
"SN555_ATCGCCTGTCAACGCC","Ex_CACNA1H_MCTP2","Glut-DACH2-2",0.339603233418278
"SN555_TTTACGTCAGCGCGTT","Ex_CACNA1H_MCTP2","Glut-CACNA1H-2",0.567839913082182
"SN555_GTCACTCCATTCGATG","Ex_DACH2_TAC1","Glut-DACH2-3",0.715272871573094
"SN555_TCGCTTGTCAGTCATG","Ex_DACH2_TAC1","Glut-DACH2-3",0.838607005464362
"SN555_GATCAGTGTATATGGA","Ex_CACNA1H_MCTP2","Glut-DACH2-2",0.497148601849197
"SN555_CTCAATTAGTTACGTC","Ex_DACH2_LHX2","Glut-DACH2-2",0.5191829498683
"SN555_TCATGAGTCAACCGAT","Ex_DACH2_MGAT4C","Glut-DACH2-1",0.497399437337448
"SN555_CCTCTAGTCTTGGATG","Ex_DACH2_TAC1","Glut-DACH2-3",0.857453015726523
"SN555_AAACGCTCAGTCAGAG","Ex_CACNA1H_MCTP2","Glut-DACH2-2",0.249511022911865
"SN555_GAGAAATTCTCATTGT","Ex_CACNA1H_MCTP2","Glut-DACH2-2",0.447566954228883
"SN555_ACTGTCCTCCCAAGCG","Ex_DACH2_LHX2","Glut-DACH2-2",0.82588169538545
"SN555_TCGCACTTCCGAGGCT","Ex_DACH2_LUZP2","Glut-DACH2-3",0.446204176514177
"SN555_CTCCGATCACGGTGTC","Ex_DACH2_LHX2","Glut-DACH2-1",0.510121318351906
"SN555_GTCGTAACATGCCGAC","Ex_CACNA1H_MCTP2","Glut-CACNA1H-2",0.720966511681968
"SN555_GGGTGTCAGGCCTGAA","Ex_CACNA1H_MCTP2","Glut-DACH2-2",0.324611151273752
"SN555_ATACCGAGTCACTGAT","Ex_CACNA1H_MCTP2","Glut-CACNA1H-2",0.839337925925277
"SN555_CATTGCCGTATCCTTT","Ex_CACNA1H_MCTP2","Glut-CACNA1H-2",0.471732929004537
"SN555_ATTTACCGTACTCCCT","Ex_CACNA1H_MCTP2","Glut-DACH2-3",0.336938721974088
"SN555_TGAATCGGTCTCCTGT","Ex_DACH2_LHX2","Glut-DACH2-2",0.60317742617558
"SN555_ACTGATGGTCTGATAC","Ex_DACH2_NR4A3","Glut-DACH2-1",0.781364949081172
"SN555_CCACCATTCGTACACA","Ex_DACH2_NR4A3","Glut-DACH2-1",0.586622180250295
"SN555_TCATTACCAGAACGCA","Ex_DACH2_LUZP2","Glut-DACH2-1",0.745566599100899
"SN555_AGTCTCCGTTGTGCCG","Ex_DACH2_TAC1","Glut-DACH2-4",0.378592590007279
"SN555_GGAGAACAGCTATCCA","Ex_DACH2_TAC1","Glut-DACH2-8",0.431641708044101
"SN555_GGAATCTCATCCCACT","Ex_CACNA1H_MCTP2","Glut-CACNA1H-2",0.84212477075742
"SN555_TGATCAGTCACCACAA","Ex_DACH2_TAC1","Glut-DACH2-LMANco",0.430597897019397
"SN555_AGTACCATCATCGGGC","Ex_DACH2_LHX2","Glut-DACH2-2",0.832112882237352
"SN555_CCACGTTTCAAGCTGT","Ex_DACH2_LHX2","Glut-DACH2-2",0.490359657070193
"SN555_TCATTGTAGTTTCAGC","Ex_DACH2_NR4A3","Glut-DACH2-7",0.346477329914118
"SN555_AGTGTTGCAGTGGCTC","Ex_BCL6","Glut-DACH2-3",0.404048428903609
"SN555_GGAATGGTCTGACGCG","Ex_DACH2_TAC1","Glut-DACH2-8",0.555864265811775
"SN555_TTAATCCCATGGTGGA","Ex_CACNA1H_MCTP2","Glut-DACH2-3",0.395817222521989
"SN555_TATTGCTCATCGGAGA","Ex_CACNA1H_MCTP2","Glut-DACH2-2",0.270354586752071
"SN555_GACAGCCAGACATACA","Ex_DACH2_MGAT4C","Glut-DACH2-1",0.564428552824461
"SN555_ATCCTATAGACCAACG","Ex_DACH2_LHX2","Glut-DACH2-2",0.506459730386116
"SN555_TAACGACTCACCATCC","Ex_DACH2_TAC1","Glut-DACH2-3",0.955293670782831
"SN555_CATGGATCATCGAACT","Ex_DACH2_TAC1","Glut-DACH2-3",0.684301188816178
"SN555_CTACAGATCGCTGTCT","Ex_DACH2_LHX2","Glut-DACH2-2",0.765603514288979
"SN555_TGTACAGAGCTGGCCT","Ex_DACH2_NR4A3","Glut-DACH2-1",0.480169123575444
"SN555_TATTTCGAGTCATAGA","Ex_CACNA1H_MCTP2","Glut-CACNA1H-2",0.321210749308704
"SN555_TGTACAGGTGTTGACT","Ex_CACNA1H_MCTP2","Glut-CACNA1H-2",0.45265108962391
"SN555_TTGCTGCAGAATCTAG","Ex_DACH2_LHX2","Glut-DACH2-2",0.734981479832688
"SN555_CGAGTGCCACATGTTG","Ex_DACH2_TAC1","Glut-DACH2-HVCra-Int",0.247664831925645
"SN555_TCAAGTGCAGCAGTCC","Ex_DACH2_NR4A3","Glut-DACH2-1",0.375039636176406
"SN555_GGGAGTATCTACTGCC","Ex_CACNA1H_MCTP2","Glut-DACH2-2",0.437589669210506
"SN555_ATTCCCGTCTGCGAGC","Ex_DACH2_TAC1","Glut-DACH2-3",0.542876307349603
"SN555_AGGTTACCAAGCGCTC","Ex_DACH2_TAC1","Glut-DACH2-LMANco",0.25117135018671
"SN555_TCGATTTGTGGTAATA","Ex_DACH2_LHX2","Glut-DACH2-2",0.719056816316156
"SN555_CATAGACTCCGTAGTA","Ex_CACNA1H_MCTP2","Glut-CACNA1H-2",0.493146157038585
"SN555_CCGGTAGTCGCTCATC","Ex_BCL6","Glut-DACH2-3",0.395071902441159
"SN555_TCCCAGTCAAGCGCTC","Ex_DACH2_LHX2","Glut-DACH2-2",0.725967645489554
"SN555_TACTTGTTCTGCCTGT","Ex_DACH2_LHX2","Glut-DACH2-2",0.612001867925684
"SN555_AGCCAGCTCTTTGCGC","Ex_DACH2_MGAT4C","Glut-DACH2-7",0.554780038031599
"SN555_TTGCCTGTCTGTGCAA","Ex_DACH2_GRIK4","Glut-DACH2-1",0.636015963315636
"SN555_TGGATCATCGTAGTCA","Ex_DACH2_MGAT4C","Glut-DACH2-2",0.3657605106266
"SN555_CTTGAGAGTACTCGTA","Ex_DACH2_LHX2","Glut-DACH2-2",0.576772267644961
"SN555_GCCTGTTGTAGATTAG","Ex_DACH2_ADAMTS5","Glut-DACH2-7",0.592345381401829
"SN555_TTCTGTAGTATAGGGC","Ex_DACH2_LHX2","Glut-DACH2-2",0.849094579806096
"SN555_TCCTTTCAGTAAGGGA","Ex_DACH2_TAC1","Glut-DACH2-3",0.617471215022194
"SN555_CACAACAGTACCGTCG","Ex_DACH2_LHX2","Glut-DACH2-1",0.631377227460968
"SN555_TCAGGGCAGAAGCTCG","Ex_DACH2_LHX2","Glut-DACH2-2",0.687510454153495
"SN555_CACTGTCTCGCGCCAA","Ex_DACH2_LHX2","Glut-DACH2-2",0.492077136450285
"SN555_TACCCACGTAGGTCAG","Ex_DACH2_TAC1","Glut-DACH2-3",0.995336450120556
"SN555_TCTATACGTAATACCC","Ex_DACH2_LUZP2","Glut-DACH2-1",0.583330840914602
"SN555_ATGGATCGTTCGGACC","Ex_DACH2_LUZP2","Glut-DACH2-1",0.612714733856159
"SN555_TCATGAGTCGGCTGAC","Ex_DACH2_TAC1","Glut-DACH2-3",0.555824251722731
"SN555_ACTTAGGGTTGTGTTG","Ex_CACNA1H_MCTP2","Glut-DACH2-3",0.56942246658515
"SN555_AGCCAATGTCACCGCA","Ex_DACH2_ADAMTS5","Glut-DACH2-1",0.533461664326413
"SN555_AATAGAGTCTAAGCCA","Ex_DACH2_TAC1","Glut-DACH2-3",0.68599628846943
"SN555_GAAATGAGTAGCCCTG","Ex_DACH2_LHX2","Glut-DACH2-1",0.703410954786144
"SN555_GTCTACCTCGGTAGAG","Ex_BCL6","Glut-DACH2-6",0.378823184316907
"SN555_CAACAACAGGAACGTC","Ex_DACH2_NR4A3","Glut-DACH2-1",0.610218532857924
"SN555_CTACGGGAGTCAATCC","Ex_DACH2_TAC1","Glut-DACH2-8",0.309532236019041
"SN555_TTACCGCAGAAGGTAG","Ex_CACNA1H_MCTP2","Glut-DACH2-HVCx",0.400118990689347
"SN555_AAAGAACAGACCAGCA","Ex_CACNA1H_MCTP2","Glut-CACNA1H-2",0.674056220573389
"SN555_CGATGGCCAGAGCTAG","Ex_CACNA1H_MCTP2","Glut-DACH2-2",0.271288630402908
"SN555_TAGCACAAGCGTACAG","Ex_CACNA1H_MCTP2","Glut-DACH2-2",0.257148496087963
"SN555_GATGCTAAGCCATATC","Ex_DACH2_TAC1","Glut-DACH2-8",0.479800532847363
"SN555_GTATTGGGTGCAGTGA","Ex_DACH2_ADAMTS5","Glut-DACH2-5",0.538562204485694
"SN555_AGGTGTTAGCTAATGA","Ex_DACH2_TAC1","Glut-DACH2-3",0.926861830516696
"SN555_AACGAAAAGCTAAACA","Ex_DACH2_LHX2","Glut-DACH2-3",0.366156893874175
"SN555_CTCAATTGTCTACTGA","Ex_BCL6","Glut-DACH2-3",0.82398873337803
"SN555_TTCCTCTTCGAGATGG","Ex_DACH2_LHX2","Glut-DACH2-2",0.802210622322193
"SN555_TTACTGTGTTACGATC","Ex_DACH2_LHX2","Glut-DACH2-2",0.632378785713822
"SN555_TTGTTTGCAACCCGCA","Ex_DACH2_MGAT4C","Glut-DACH2-2",0.427649072356742
"SN555_ACAAGCTAGGGACACT","Ex_CACNA1H_MCTP2","Glut-DACH2-2",0.566786294738453
"SN555_GTCGAATTCCTTATGT","Ex_DACH2_LHX2","Glut-DACH2-2",0.548266788176399
"SN555_GTCCCATTCAGCAGAG","Ex_DACH2_LUZP2","Glut-DACH2-1",0.77302689668127
"SN555_TTACGTTGTCGAGATG","Ex_CACNA1H_MCTP2","Glut-DACH2-2",0.271914008454622
"SN555_GTCGTTCAGATGCCGA","Ex_CACNA1H_MCTP2","Glut-DACH2-2",0.65244956604341
"SN555_CTATAGGAGTAATTGG","Ex_DACH2_ADAMTS5","Glut-DACH2-2",0.431915533702293
"SN555_TGCTGAACAGCGACCT","Ex_DACH2_LUZP2","Glut-DACH2-1",0.451835277897971
"SN555_ATCATTCGTTTGGAAA","Ex_CACNA1H_MCTP2","Glut-CACNA1H-2",0.524799426919659
"SN555_GGGCTACCAGCCTTCT","Ex_DACH2_MGAT4C","Glut-DACH2-HVCra-Int",0.316716006850373
"SN555_TTGCGTCTCGCTCTAC","Ex_DACH2_TAC1","Glut-DACH2-3",0.869065818969968
"SN555_GATGACTTCTATTGTC","Ex_DACH2_LHX2","Glut-DACH2-3",0.465757649483451
"SN555_ACAGAAATCCGTGTGG","Ex_DACH2_LUZP2","Glut-DACH2-1",0.492916674178132
"SN555_CTCTCAGAGTAGTCTC","Ex_BCL6","Glut-CACNA1H-4",0.582228897519494
"SN555_TTAGTCTAGCATTGTC","Ex_DACH2_TAC1","Glut-DACH2-3",0.836147973744571
"SN555_ACAGAAATCCTCTCTT","Ex_DACH2_LHX2","Glut-DACH2-2",0.644467133935273
"SN555_CCGGGTACATTGCCTC","Ex_DACH2_LUZP2","Glut-DACH2-1",0.58981793771723
"SN555_CGTCCATTCCGATCTC","Ex_DACH2_LUZP2","Glut-DACH2-2",0.462239562353395
"SN555_GTTATGGGTAGCTAAA","Ex_CACNA1H_MCTP2","Glut-DACH2-2",0.711397246250368
"SN555_TCCTGCACATCCTATT","Ex_DACH2_LUZP2","Glut-DACH2-1",0.687647853387644
"SN555_AATCGACAGGCCCACT","Ex_DACH2_NR4A3","Glut-DACH2-1",0.736288177827654
"SN555_TGCAGATCAGAGCCCT","Ex_DACH2_TAC1","Glut-DACH2-HVCra",0.332426681075382
"SN555_TGTAGACAGACTAAGT","Ex_BCL6","Glut-DACH2-3",0.439864370227197
"SN555_CAATGACAGAGTCAGC","Ex_DACH2_TAC1","Glut-DACH2-8",0.527841659817054
"SN555_TGCGACGCAGCATGCC","Ex_DACH2_NR4A3","Glut-DACH2-1",0.613283085819704
"SN555_TTCCACGCATGTTCAG","Ex_DACH2_LHX2","Glut-DACH2-2",0.592447333128695
"SN555_GGTAGAGAGACGGTTG","Ex_DACH2_TAC1","Glut-DACH2-3",0.727906946559576
"SN555_GTGATGTAGCGACTGA","Ex_DACH2_TAC1","Glut-DACH2-3",0.807002484427464
"SN555_TCGCTCATCGATTGAC","Ex_DACH2_TAC1","Glut-DACH2-8",0.462456855535771
"SN555_CTTAGGAGTCACCGCA","Ex_CACNA1H_MCTP2","Glut-DACH2-2",0.463838107947358
"SN555_TGGGAAGAGCAAATGT","Ex_CACNA1H_MCTP2","Glut-DACH2-LMANsh",0.157954740039166
"SN555_GTAGGTTCACGTACAT","Ex_DACH2_LHX2","Glut-DACH2-1",0.617301709741166
"SN555_CACCGTTGTGGTGATG","Ex_DACH2_LHX2","Glut-DACH2-2",0.665886538324926
"SN555_CGCATAACAGCCTTCT","Ex_DACH2_LUZP2","Glut-DACH2-1",0.542985210042266
"SN555_CACTGGGTCGCCGAGT","Ex_DACH2_LUZP2","Glut-DACH2-1",0.858811927433889
"SN555_CGTCAAAGTGCCGGTT","Ex_DACH2_LHX2","Glut-DACH2-2",0.600195533615897
"SN555_TTCGCTGTCCTGCTAC","Ex_DACH2_LUZP2","Glut-DACH2-1",0.767735632435497
"SN555_TCATACTCACCGTCTT","Ex_DACH2_LUZP2","Glut-DACH2-1",0.586257680176463
"SN555_TGCATGAGTGAGATAT","Ex_CACNA1H_MCTP2","Glut-DACH2-2",0.44447799367957
"SN555_TTAGGCAAGACCCTTA","Ex_CACNA1H_MCTP2","Glut-CACNA1H-2",0.318209196988212
"SN555_TCCACGTAGCCTTTCC","Ex_DACH2_TAC1","Glut-DACH2-3",0.581466507965662
"SN555_CCATCACTCGTCGACG","Ex_DACH2_LUZP2","Glut-DACH2-1",0.611232162118073
"SN555_GCTACAACACACACTA","Ex_CACNA1H_MCTP2","Glut-CACNA1H-2",0.726899370375613
"SN555_CAGCGTGCATCTCGTC","Ex_DACH2_LUZP2","Glut-DACH2-1",0.729502641460515
"SN555_AAACCCAAGGGCAGGA","Ex_DACH2_LUZP2","Glut-DACH2-1",0.759156770127557
"SN555_TGTGCGGAGCCAAGCA","Ex_DACH2_LUZP2","Glut-DACH2-2",0.649446061247717
"SN555_CTGCCTACACAAACGG","Ex_DACH2_NR4A3","Glut-DACH2-1",0.750680219710848
"SN555_TGGGAGAAGCCGAACA","Ex_DACH2_NR4A3","Glut-DACH2-1",0.694030432329551
"SN555_TTCCGGTAGCTCACTA","Ex_DACH2_LUZP2","Glut-DACH2-1",0.346375112984297
"SN555_TAGTGCAAGAACGTGC","Ex_DACH2_LHX2","Glut-DACH2-2",0.825249941009271
"SN555_ATCCCTGGTGCCTAAT","Ex_DACH2_LUZP2","Glut-DACH2-1",0.772300340268692
"SN555_GAGGCCTGTGGGTTGA","Ex_DACH2_NR4A3","Glut-DACH2-1",0.743994672502449
"SN555_TACTTCATCCAAATGC","Ex_CACNA1H_MCTP2","Glut-CACNA1H-2",0.524114108278903
"SN555_CATTGTTAGTCCCGAC","Ex_DACH2_TAC1","Glut-DACH2-8",0.54204080421959
"SN555_TGCTCGTGTCGGTGAA","Ex_DACH2_LHX2","Glut-DACH2-2",0.717364720529106
"SN555_GAATAGACATACAGAA","Ex_DACH2_TAC1","Glut-DACH2-3",0.408521820681724
"SN555_ACATGCAGTCGTTGCG","Ex_CACNA1H_MCTP2","Glut-DACH2-3",0.3572159994039
"SN555_CAGATCACAAGTATCC","Ex_DACH2_LUZP2","Glut-DACH2-1",0.57744650304529
"SN555_TCTCCGATCTCTCTAA","Ex_CACNA1H_MCTP2","Glut-CACNA1H-2",0.70989804658863
"SN555_GGTCTGGAGCATTGTC","Ex_DACH2_LUZP2","Glut-DACH2-1",0.736922419612093
"SN555_GGAATCTGTGATGTAA","Ex_DACH2_LUZP2","Glut-DACH2-1",0.537380568688254
"SN555_TCACACCGTGGTTCTA","Ex_CACNA1H_MCTP2","Glut-CACNA1H-2",0.707793138138768
"SN555_TACACCCCAAGACCTT","Ex_DACH2_LHX2","Glut-DACH2-2",0.642686437433346
"SN555_GAAGTAATCGTGGTAT","Ex_DACH2_NR4A3","Glut-DACH2-7",0.415098091391595
"SN555_GGGCCATAGCCTTCTC","Ex_DACH2_MGAT4C","Glut-DACH2-7",0.521627880142464
"SN555_CACAGATAGGTTGACG","Ex_CACNA1H_MCTP2","Glut-DACH2-3",0.337274198436463
"SN555_CTTAGGATCGGTGTAT","Ex_DACH2_LUZP2","Glut-DACH2-1",0.440995160068485
"SN555_AGTAGTCCATTGTAGC","Ex_DACH2_TAC1","Glut-DACH2-3",0.552473297019003
"SN555_CAGCAATGTGAGATAT","Ex_DACH2_LHX2","Glut-DACH2-2",0.777720528743084
"SN555_AGGATCTTCGGTGAAG","Ex_DACH2_MGAT4C","Glut-DACH2-1",0.347345307035188
"SN555_CTCACTGAGGTGCTTT","Ex_CACNA1H_MCTP2","Glut-CACNA1H-4",0.587888325482206
"SN555_TGCGGCAAGTGAGGTC","Ex_CACNA1H_MCTP2","Glut-DACH2-2",0.508745493160378
"SN555_TCGGTCTGTTGGGAAC","Ex_BCL6","Glut-CACNA1H-4",0.482356774207132
"SN555_CATGCGGGTACTCGTA","Ex_CACNA1H_MCTP2","Glut-DACH2-3",0.373675986734166
"SN555_TCAGGTATCGATTCCC","Ex_DACH2_LHX2","Glut-DACH2-2",0.680408452412814
"SN555_TTTCAGTCACATGTTG","Ex_DACH2_LUZP2","Glut-DACH2-1",0.647227958751858
"SN555_CCCTCTCCACCAGCGT","Ex_DACH2_LHX2","Glut-DACH2-2",0.753934156671765
"SN555_AACCAACCATGCAGGA","Ex_DACH2_LHX2","Glut-DACH2-2",0.401770513755056
"SN555_TAGGGTTTCCTTATAC","Ex_DACH2_NR4A3","Glut-DACH2-1",0.724042424515394
"SN555_GATGAGGTCCAAACCA","Ex_DACH2_LHX2","Glut-DACH2-2",0.563184835479122
"SN555_CACTGTCTCTTTGGAG","Ex_DACH2_TAC1","Glut-DACH2-3",0.570671585286036
"SN555_GTCGAATGTCTTGAAC","Ex_DACH2_TAC1","Glut-DACH2-8",0.582624688429427
"SN555_GGCGTCATCGTTCTGC","Ex_DACH2_LUZP2","Glut-DACH2-1",0.881997819407515
"SN555_GAGCTGCCACCAATTG","Ex_DACH2_LHX2","Glut-DACH2-2",0.707662444995724
"SN555_CTGTGAAGTGGTTTGT","Ex_DACH2_LHX2","Glut-DACH2-2",0.516114693321324
"SN555_GTGTAACTCGGCTTCT","Ex_DACH2_ADAMTS5","Glut-DACH2-2",0.479777355466488
"SN555_TCGCACTTCATTTACC","Ex_DACH2_LUZP2","Glut-DACH2-1",0.897993718834595
"SN555_AGAACAATCATAGCAC","Ex_BCL6","Glut-DACH2-1",0.698313910781374
"SN555_TGGTAGTGTAACGTTC","Ex_CACNA1H_MCTP2","Glut-DACH2-2",0.607659935909963
"SN555_CCTCATGCAAAGTATG","Ex_DACH2_TAC1","Glut-DACH2-3",0.414993917998801
"SN555_GAAACCTTCCAACACA","Ex_DACH2_LHX2","Glut-DACH2-3",0.555471334899211
"SN555_TCAGCAACACGACCTG","Ex_DACH2_LHX2","Glut-DACH2-1",0.522991990779639
"SN555_TAGACCAGTGAATATG","Ex_DACH2_LUZP2","Glut-DACH2-1",0.704747477901808
"SN555_AATGACCGTAATGCGG","Ex_DACH2_NR4A3","Glut-DACH2-1",0.565120652776417
"SN555_CTTTCGGCAATCAAGA","Ex_CACNA1H_MCTP2","Glut-CACNA1H-4",0.708620227103596
"SN555_GAGGGATGTCAAAGCG","Ex_DACH2_MGAT4C","Glut-DACH2-1",0.748609127573347
"SN555_TAGGGTTGTATGGAGC","Ex_CACNA1H_MCTP2","Glut-DACH2-1",0.616063608202856
"SN555_TAGGGTTCACTACCGG","Ex_DACH2_LUZP2","Glut-DACH2-1",0.449149337903195
"SN555_CTCAAGATCAAATGAG","Ex_DACH2_NR4A3","Glut-DACH2-1",0.819838821011667
"SN555_CATCCACAGCAGGGAG","Ex_BCL6","Glut-DACH2-3",0.360233542719113
"SN555_TTGAACGGTTACACAC","Ex_DACH2_LHX2","Glut-DACH2-2",0.537049007364637
"SN555_TTCTTGATCTGGGCAC","Ex_CACNA1H_MCTP2","Glut-CACNA1H-4",0.368007418093526
"SN555_GTCTGTCTCGCCTATC","Ex_DACH2_TAC1","Glut-DACH2-3",0.934190958879735
"SN555_CGTAGTATCTGGGATT","Ex_DACH2_LHX2","Glut-DACH2-2",0.641474197062473
"SN555_CGAGTGCTCGCAAGAG","Ex_DACH2_LHX2","Glut-DACH2-1",0.509987047618215
"SN555_TGTACAGCACGATAGG","Ex_DACH2_LHX2","Glut-DACH2-2",0.452501851550625
"SN555_TGGATGTGTATCGTTG","Ex_CACNA1H_MCTP2","Glut-CACNA1H-4",0.598511555640613
"SN555_GATTCGACATCCTAAG","Ex_DACH2_TAC1","Glut-DACH2-3",0.456796261854983
"SN555_GACTCTCGTCCTGTTC","Ex_BCL6","Glut-DACH2-1",0.580970927921
"SN555_CTCCGATCATCTAACG","Ex_CACNA1H_MCTP2","Glut-DACH2-2",0.481658886981192
"SN555_CCACGTTGTATCGCGC","Ex_DACH2_TAC1","Glut-DACH2-3",0.762100766377058
"SN555_AACCACAGTGTCATTG","Ex_DACH2_TAC1","Glut-DACH2-3",0.535702478838093
"SN555_CGACAGCGTACGAAAT","Ex_BCL6","Glut-DACH2-3",0.490583237473644
"SN555_GAAATGACAATCGAAA","Ex_DACH2_LUZP2","Glut-DACH2-2",0.523975075454226
"SN555_GAAATGAAGGCTAGCA","Ex_DACH2_NR4A3","Glut-DACH2-7",0.262261850769149
"SN555_GATGCTACAAAGACGC","Ex_DACH2_NR4A3","Glut-DACH2-1",0.769837016936266
"SN555_AGTCTCCAGGCATGCA","Ex_DACH2_LUZP2","Glut-DACH2-1",0.594204743941819
"SN555_ATTCTACGTGTGTTTG","Ex_DACH2_LUZP2","Glut-DACH2-1",0.601221104276936
"SN555_AAGCATCCATGTGACT","Ex_DACH2_MGAT4C","Glut-DACH2-1",0.505264874883917
"SN555_GAGCCTGCATAGCACT","Ex_DACH2_LHX2","Glut-DACH2-5",0.407558825784442
"SN555_GAATCACAGACGGATC","Ex_DACH2_LHX2","Glut-DACH2-3",0.35465543910783
"SN555_CCCTAACGTTTACACG","Ex_DACH2_LUZP2","Glut-DACH2-3",0.558351163128088
"SN555_TGCTCCATCTTACTGT","Ex_DACH2_LUZP2","Glut-DACH2-1",0.62136206415617
"SN555_GTCACGGGTGACGTCC","Ex_DACH2_LHX2","Glut-DACH2-2",0.701664397035814
"SN555_GCTGCAGAGCATGGGT","Ex_DACH2_ADAMTS5","Glut-DACH2-1",0.646021547192864
"SN555_TTAGGCAGTAGGACCA","Ex_DACH2_TAC1","Glut-DACH2-3",0.679776461166548
"SN555_AGGTGTTAGGGCAATC","Ex_CACNA1H_MCTP2","Glut-DACH2-2",0.566394464386653
"SN555_AGCCACGGTTAATCGC","Ex_DACH2_LHX2","Glut-DACH2-2",0.714483224807582
"SN555_AAACGAATCAGTAGGG","Ex_DACH2_LHX2","Glut-DACH2-2",0.776312151599612
"SN555_TGATGCAGTCTACATG","Ex_CACNA1H_MCTP2","Glut-DACH2-HVCx",0.43421668030472
"SN555_AAGTGAACAATCCTTT","Ex_DACH2_LHX2","Glut-DACH2-1",0.35197466732258
"SN555_AGCCAGCAGGTCCGAA","Ex_DACH2_LUZP2","Glut-DACH2-1",0.695807270083633
"SN555_CTGCAGGTCTTACCGC","Ex_CACNA1H_MCTP2","Glut-DACH2-2",0.609447517149349
"SN555_TGAGGTTTCACCGGGT","Ex_DACH2_LUZP2","Glut-DACH2-1",0.893620947230142
"SN555_CTGCCTAGTGAAGCTG","Ex_DACH2_LHX2","Glut-DACH2-2",0.713217688395402
"SN555_GTGAGGACAACTCGTA","Ex_BCL6","Glut-DACH2-3",0.408830248693684
"SN555_TCTATACGTGGCCACT","Ex_BCL6","Glut-DACH2-3",0.258205061766049
"SN555_GGGTCTGTCTCGGCTT","Ex_DACH2_LHX2","Glut-DACH2-2",0.688443844034999
"SN555_GACATCATCTCCTGCA","Ex_DACH2_LHX2","Glut-DACH2-2",0.808367768012718
"SN555_GATAGAACATGGCCCA","Ex_DACH2_MGAT4C","Glut-DACH2-HVCra-Int",0.483297695326511
"SN555_CTGCCATTCCAGTTCC","Ex_DACH2_LUZP2","Glut-DACH2-1",0.376620556565551
"SN555_GCTGGGTCAACACGTT","Ex_CACNA1H_MCTP2","Glut-DACH2-2",0.65894300620535
"SN555_ACGTAGTAGCGCCCAT","Ex_CACNA1H_MCTP2","Glut-DACH2-2",0.59023625890214
"SN555_TTCTAGTCAGTCGAGA","Ex_CACNA1H_MCTP2","Glut-CACNA1H-4",0.452606500860241
"SN555_AAGCGTTAGTCTTGGT","Ex_DACH2_ITGA9","Glut-DACH2-7",0.533445995054754
"SN555_GTTCTATGTCCGAAAG","Ex_DACH2_LHX2","Glut-DACH2-2",0.66667182518048
"SN555_CGATGCGAGGGTAATT","Ex_CACNA1H_MCTP2","Glut-DACH2-2",0.598212802599791
"SN555_CTCAATTTCCGATGCG","Ex_DACH2_LUZP2","Glut-DACH2-1",0.267176669440715
"SN555_ATGCCTCTCTACGCGG","Ex_DACH2_ADAMTS5","Glut-DACH2-2",0.38542187800289
"SN555_CTCTCGATCTTGCAGA","Ex_BCL6","Glut-CACNA1H-2",0.270603864731159
"SN555_GAGAAATCACAAAGCG","Ex_DACH2_LHX2","Glut-DACH2-2",0.567049493486779
"SN555_ATTCGTTAGCGTCGAA","Ex_DACH2_LHX2","Glut-DACH2-2",0.54373336197068
"SN555_GAAGTAATCGAGTGGA","Ex_DACH2_LHX2","Glut-DACH2-2",0.757353068303417
"SN555_ACGGTTAGTACAAACA","Ex_BCL6","Glut-DACH2-3",0.27097542275717
"SN555_CCTATCGTCACTGTTT","Ex_DACH2_LHX2","Glut-DACH2-2",0.839769973641221
"SN555_CAACCAACATGAGGGT","Ex_DACH2_LUZP2","Glut-DACH2-1",0.641854209736586
"SN555_AGTACCATCGTGAGAG","Ex_BCL6","Glut-DACH2-HVCra",0.343023062838292
"SN555_AACGGGACACTGCGAC","Ex_DACH2_LUZP2","Glut-DACH2-1",0.623150905082775
"SN555_TTCACCGGTCTAGTGT","Ex_DACH2_TAC1","Glut-DACH2-3",0.460722255148265
"SN555_ACCTGAACAGGCGAAT","Ex_CACNA1H_MCTP2","Glut-CACNA1H-4",0.488803987641772
"SN555_GGGATGAGTACTCCGG","Ex_DACH2_LUZP2","Glut-DACH2-1",0.592313781254666
"SN555_TGATGCACACTGTGAT","Ex_BCL6","Glut-DACH2-3",0.491617241407403
"SN555_CTCCAACAGCAGTCTT","Ex_DACH2_LUZP2","Glut-DACH2-2",0.453598388907137
"SN555_CTGAATGCAGTGGGTA","Ex_DACH2_LUZP2","Glut-DACH2-1",0.766088230281072
"SN555_CAGATCAGTGTAACGG","Ex_CACNA1H_MCTP2","Glut-DACH2-2",0.522893602049072
"SN555_AGTGCCGAGCTAGAAT","Ex_CACNA1H_MCTP2","Glut-DACH2-2",0.672421026458412
"SN555_ATTACCTCAAAGGTTA","Ex_BCL6","Glut-DACH2-3",0.422139436207474
"SN555_GCAACCGCATGACTCA","Ex_DACH2_LUZP2","Glut-DACH2-1",0.871018210696359
"SN555_GGTGAAGGTGGATCGA","Ex_DACH2_NR4A3","Glut-DACH2-HVCra",0.409672392712872
"SN555_TCATTTGGTGATCGTT","Ex_DACH2_LUZP2","Glut-DACH2-1",0.716016345939403
"SN555_ATGGAGGAGTCATAGA","Ex_DACH2_LUZP2","Glut-DACH2-1",0.470394507415564
"SN555_TCGGGCAAGTAAGCAT","Ex_DACH2_TAC1","Glut-DACH2-3",0.730355480122388
"SN555_TTACCGCGTCATCCGG","Ex_DACH2_LHX2","Glut-DACH2-1",0.754595866994491
"SN555_TCATTGTAGCTTCTAG","Ex_DACH2_ADAMTS5","Glut-DACH2-5",0.614506157437844
"SN555_CTACCCAGTCACCTTC","Ex_DACH2_TAC1","Glut-DACH2-8",0.465568387070584
"SN555_AGTCAACAGGGAGTGG","Ex_DACH2_NR4A3","Glut-DACH2-2",0.455443006358258
"SN555_CACGGGTGTGTCCATA","Ex_DACH2_LHX2","Glut-DACH2-2",0.642124219035791
"SN555_GTTACAGCACCTCGTT","Ex_DACH2_NR4A3","Glut-DACH2-1",0.822787022195388
"SN555_TGCGACGTCGGTCTAA","Ex_DACH2_MGAT4C","Glut-DACH2-1",0.747648184063671
"SN555_TGTGAGTTCTTAGGAC","Ex_DACH2_GRIK4","Glut-DACH2-2",0.644555735085795
"SN555_TCGCACTCACAATGCT","Ex_DACH2_LHX2","Glut-DACH2-2",0.70545844443355
"SN555_TCGATTTCAGATCCAT","Ex_CACNA1H_MCTP2","Glut-CACNA1H-2",0.577013794606959
"SN555_GGGACTCCATGGCTGC","Ex_DACH2_MGAT4C","Glut-DACH2-1",0.453914341117966
"SN555_GCAGCCAGTTGCCTAA","Ex_DACH2_TAC1","Glut-DACH2-8",0.732570361979788
"SN555_AGTGATCGTCTTACTT","Ex_DACH2_LHX2","Glut-DACH2-2",0.825993088167935
"SN555_AACAGGGAGGCTGTAG","Ex_DACH2_TAC1","Glut-DACH2-3",0.908734824920235
"SN555_GGGCTCATCTAGTCAG","Ex_DACH2_TAC1","Glut-DACH2-3",0.789835458592067
"SN555_CCGAACGGTATACAGA","Ex_DACH2_LUZP2","Glut-DACH2-2",0.541510156850514
"SN555_GTTGTCCGTCTGTAGT","Ex_DACH2_LUZP2","Glut-DACH2-1",0.874494482354559
"SN555_TCTAACTCAGCCGTTG","Ex_BCL6","Glut-DACH2-2",0.270395575681078
"SN555_CGTAATGGTCGCATGC","Ex_CACNA1H_MCTP2","Glut-CACNA1H-2",0.58108643300912
"SN555_CGACAGCAGTGCTAGG","Ex_DACH2_LUZP2","Glut-DACH2-2",0.632981616783464
"SN555_ACAGAAAGTTCCACGG","Ex_DACH2_LUZP2","Glut-DACH2-3",0.728524558585626
"SN555_AACCCAACACATGGTT","Ex_DACH2_LUZP2","Glut-DACH2-1",0.867805241410601
"SN555_GGATCTAGTCCAGAAG","Ex_DACH2_LHX2","Glut-DACH2-2",0.683285592698212
"SN555_TTTGTTGAGCCATGCC","Ex_DACH2_TAC1","Glut-DACH2-8",0.557846369786169
"SN555_CTTAGGAAGAATAGTC","Ex_CACNA1H_MCTP2","Glut-CACNA1H-2",0.588000001828106
"SN555_TGATTTCTCGGCTTGG","Ex_CACNA1H_MCTP2","Glut-CACNA1H-4",0.508300261078083
"SN555_CTCCGATCAGTGTGGA","Ex_DACH2_LUZP2","Glut-DACH2-1",0.847844411124445
"SN555_CTCATTAAGGAGAGGC","Ex_DACH2_LHX2","Glut-DACH2-3",0.421567079930715
"SN555_CCAAGCGCAGACCAGA","Ex_CACNA1H_MCTP2","Glut-DACH2-2",0.547057213649469
"SN555_GGTCACGGTTTGATCG","Ex_DACH2_LUZP2","Glut-DACH2-1",0.791062142928363
"SN555_TGTGATGAGACGACGT","Ex_DACH2_LUZP2","Glut-DACH2-1",0.913585556259786
"SN555_TAACTTCGTAGACGGT","Ex_DACH2_LUZP2","Glut-DACH2-HVCx",0.549500293638692
"SN555_GATAGAATCCGTGGGT","Ex_CACNA1H_MCTP2","Glut-DACH2-3",0.419956906029139
"SN555_GAACACTCACGCGCAT","Ex_DACH2_LHX2","Glut-DACH2-1",0.73115090479031
"SN555_GTTTACTGTTAAACAG","Ex_DACH2_LHX2","Glut-DACH2-2",0.821305613821545
"SN555_CGGGTCAGTCGCAACC","Ex_DACH2_LUZP2","Glut-DACH2-1",0.416205496385955
"SN555_TGCTTCGCAATACCCA","Ex_DACH2_LUZP2","Glut-DACH2-1",0.927260973566408
"SN555_GGGAGTAAGTGCCAGA","Ex_DACH2_LUZP2","Glut-DACH2-1",0.268712741569039
"SN555_CTCCAACTCATTTGCT","Ex_DACH2_LHX2","Glut-DACH2-2",0.557100367529184
"SN555_GTTCGCTTCGTCTAAG","Ex_DACH2_LHX2","Glut-DACH2-2",0.48445461461614
"SN555_CTGCTCAGTGACTGTT","Ex_DACH2_TAC1","Glut-DACH2-3",0.647135351268298
"SN555_CATACAGAGGGTTAAT","Ex_BCL6","Glut-CACNA1H-4",0.277965084172109
"SN555_TTCCGGTGTGAATAAC","Ex_DACH2_NR4A3","Glut-DACH2-1",0.878490756812389
"SN555_GTAATGCTCCATCGTC","Ex_CACNA1H_MCTP2","Glut-DACH2-1",0.470711874175883
"SN555_ATTGGGTTCATGAGAA","Ex_BCL6","Glut-DACH2-3",0.419934192120172
"SN555_GGCACGTAGGAATCGC","Ex_BCL6","Glut-DACH2-3",0.384655173182134
"SN555_GCAGGCTTCCAACTAG","Ex_DACH2_NR4A3","Glut-CACNA1H-4",0.78580219410237
"SN555_TCAGCAATCTCTCCGA","Ex_DACH2_LUZP2","Glut-DACH2-2",0.446054117839105
"SN555_GACAGCCGTTAGAGTA","Ex_DACH2_LHX2","Glut-DACH2-2",0.80696391597945
"SN555_TGATCAGCAGTAACCT","Ex_DACH2_LHX2","Glut-DACH2-2",0.411341479086126
"SN555_TGCGGGTCAATGGGTG","Ex_DACH2_TAC1","Glut-DACH2-8",0.563180346148051
"SN555_AGCGCCATCGTAGCCG","Ex_DACH2_LHX2","Glut-DACH2-2",0.778433497124138
"SN555_GCAGCTGAGGGTTAAT","Ex_BCL6","Glut-CACNA1H-4",0.484913473027901
"SN555_GGCTTTCCAAGCTCTA","Ex_CACNA1H_MCTP2","Glut-CACNA1H-2",0.616115262750711
"SN555_AAGCGAGAGTGCACTT","Ex_DACH2_LUZP2","Glut-DACH2-1",0.750216590592305
"SN555_TGACAGTGTGAATAAC","Ex_DACH2_MGAT4C","Glut-DACH2-1",0.424463142183088
"SN555_TCTTGCGAGGGTGAGG","Ex_BCL6","Glut-DACH2-3",0.416247480297049
"SN555_CTGCCTAAGCACTAGG","Ex_DACH2_LHX2","Glut-DACH2-2",0.724523740439262
"SN555_GAGTCATAGTTGCCCG","Ex_DACH2_LUZP2","Glut-DACH2-1",0.82908221358277
"SN555_CGTCCATGTAGACAGC","Ex_CACNA1H_MCTP2","Glut-CACNA1H-2",0.418019249789009
"SN555_CCAATTTGTTTACGAC","Ex_DACH2_NR4A3","Glut-DACH2-1",0.72305962099147
"SN555_CAACGGCCAATCCTTT","Ex_DACH2_LUZP2","Glut-DACH2-1",0.544066585735215
"SN555_AAGCCATCAGGCTACC","Ex_CACNA1H_MCTP2","Glut-DACH2-1",0.257893621147992
"SN555_GGTGATTAGTAGATCA","Ex_DACH2_LUZP2","Glut-DACH2-1",0.419656931093948
"SN555_CACTGAATCTACGCGG","Ex_DACH2_LHX2","Glut-DACH2-2",0.830740527301618
"SN555_CTGCCATGTATGGAAT","Ex_CACNA1H_MCTP2","Glut-CACNA1H-2",0.59363224247217
"SN555_TTACGCCGTTACCCTC","Ex_DACH2_LUZP2","Glut-DACH2-1",0.877956823259424
"SN555_CTCAAGATCGCCAACG","Ex_DACH2_TAC1","Glut-DACH2-3",0.819640302318725
"SN555_GAACGTTTCTCGGGAC","Ex_CACNA1H_MCTP2","Glut-CACNA1H-2",0.953857529318573
"SN555_TACACCCCACACGTGC","Ex_DACH2_MGAT4C","Glut-DACH2-1",0.738190442754504
"SN555_TGATTTCGTAGTATAG","Ex_DACH2_LHX2","Glut-DACH2-2",0.678992942757025
"SN555_TTCTTGACATACTGTG","Ex_CACNA1H_MCTP2","Glut-DACH2-2",0.482391687756384
"SN555_AACGGGACATCGGATT","Ex_DACH2_MGAT4C","Glut-DACH2-1",0.845459865678704
"SN555_AGGAATACACCGTGAC","Ex_DACH2_NR4A3","Glut-DACH2-1",0.595478803405801
"SN555_ACTTCCGTCACGTCCT","Ex_DACH2_LUZP2","Glut-DACH2-1",0.81952602430358
"SN555_TAATCTCAGCTATCCA","Ex_DACH2_NR4A3","Glut-DACH2-1",0.59612886349514
"SN555_TGGTACAAGACCAACG","Ex_DACH2_LHX2","Glut-DACH2-2",0.499278612388078
"SN555_GGGTTATGTTCCGTTC","Ex_DACH2_LUZP2","Glut-DACH2-1",0.566116726494915
"SN555_AACGGGAAGCGTGAGT","Ex_DACH2_TAC1","Glut-DACH2-3",0.61121389633206
"SN555_AGCTACAAGGTCGACA","Ex_DACH2_LHX2","Glut-DACH2-2",0.508843202505362
"SN555_TTTACGTTCAAGGTGG","Ex_DACH2_LHX2","Glut-DACH2-2",0.839766734102075
"SN555_TCGTCCAAGCTCCATA","Ex_DACH2_TAC1","Glut-DACH2-3",0.715813401343902
"SN555_TGTGTGATCTGCGAGC","Ex_DACH2_LHX2","Glut-DACH2-2",0.787013389094087
"SN555_AATTTCCGTACATTGC","Ex_DACH2_LUZP2","Glut-DACH2-1",0.438274055734259
"SN555_GATTCGAGTAATCAGA","Ex_DACH2_TAC1","Glut-DACH2-3",0.42848016321919
"SN555_GTGTCCTCAATCCTAG","Ex_DACH2_LUZP2","Glut-DACH2-1",0.582543759276273
"SN555_GGAGGTATCGGTCATA","Ex_CACNA1H_MCTP2","Glut-CACNA1H-2",0.577855842183208
"SN555_ATACTTCGTTGCTAGT","Ex_DACH2_TAC1","Glut-DACH2-3",0.986503951857075
"SN555_TGTACAGTCGAAGCAG","Ex_DACH2_LHX2","Glut-DACH2-2",0.690574943746911
"SN555_AGACCCGCAGCAGATG","Ex_DACH2_LUZP2","Glut-DACH2-1",0.650337247310558
"SN555_GTCAGCGAGTGGTGAC","Ex_DACH2_LUZP2","Glut-DACH2-1",0.766818620526301
"SN555_ATCCGTCCATCACCAA","Ex_DACH2_LUZP2","Glut-DACH2-1",0.81130238863032
"SN555_TACTTACGTATTGGCT","Ex_DACH2_LUZP2","Glut-DACH2-1",0.888347112419693
"SN555_TAACGACGTCACTCTC","Ex_DACH2_MGAT4C","Glut-DACH2-1",0.771714222161363
"SN555_GCCGATGAGCAATTCC","Ex_DACH2_TAC1","Glut-DACH2-8",0.533337507720663
"SN555_TGAGCATCATCATCCC","Ex_CACNA1H_MCTP2","Glut-CACNA1H-2",0.970099100306248
"SN555_TTGGATGTCACACCGG","Ex_DACH2_NR4A3","Glut-DACH2-1",0.726523188027536
"SN555_TGACTCCAGATAACAC","Ex_DACH2_LUZP2","Glut-DACH2-1",0.487227298119458
"SN555_ACACCAACATAGGTTC","Ex_DACH2_LUZP2","Glut-DACH2-1",0.555987158485074
"SN555_TGACAGTCACGATAGG","Ex_DACH2_NR4A3","Glut-DACH2-1",0.597098352629023
"SN555_CTACAGATCTTACCGC","Ex_DACH2_LUZP2","Glut-DACH2-1",0.836521557388632
"SN555_CACTGGGCAATCCTTT","Ex_DACH2_LUZP2","Glut-DACH2-1",0.779887464960302
"SN555_TTCCTTCCAGAATGTA","Ex_BCL6","Glut-DACH2-3",0.29062977398461
"SN555_ATCGGATGTATGAAGT","Ex_DACH2_LHX2","Glut-DACH2-2",0.734215209126476
"SN555_AACAAGATCGCAGTTA","Ex_BCL6","Glut-DACH2-3",0.560688826717488
"SN555_GTGACGCGTAGGACCA","Ex_DACH2_TAC1","Glut-DACH2-3",0.491884895881847
"SN555_CTGCCTACACCCTAAA","Ex_DACH2_NR4A3","Glut-DACH2-1",0.397385491636183
"SN555_TCGACGGGTTCCAGGC","Ex_CACNA1H_MCTP2","Glut-DACH2-2",0.606970225835148
"SN555_TTCCGTGCATAATCCG","Ex_CACNA1H_MCTP2","Glut-CACNA1H-2",0.661285123646992
"SN555_TCAGTGATCAAGTCGT","Ex_BCL6","Glut-DACH2-3",0.409333484149492
"SN555_CTCGAGGAGTCGGGAT","Ex_DACH2_LHX2","Glut-DACH2-1",0.504773948370383
"SN555_CTTCTCTTCTGGAAGG","Ex_DACH2_LUZP2","Glut-DACH2-1",0.833356556209125
"SN555_TCGTGGGCAGTTGGTT","Ex_DACH2_LUZP2","Glut-DACH2-1",0.430043396088882
"SN555_TATGTTCGTCAGTCGC","Ex_CACNA1H_MCTP2","Glut-DACH2-2",0.669417828362106
"SN555_GATGAGGTCCTTCACG","Ex_DACH2_NR4A3","Glut-DACH2-1",0.641338208714627
"SN555_CGTTAGAAGCTGACTT","Ex_CACNA1H_MCTP2","Glut-CACNA1H-2",0.778175352059645
"SN555_TTGCATTGTGCATGAG","Ex_DACH2_LUZP2","Glut-DACH2-1",0.887773605626443
"SN555_CATCCCATCGCTGCGA","Ex_DACH2_MGAT4C","Glut-DACH2-5",0.351163634130844
"SN555_ACTTCCGGTCTCAGGC","Ex_DACH2_LHX2","Glut-DACH2-1",0.7582777823805
"SN555_GTTCGCTTCTAAGCGT","Ex_DACH2_LHX2","Glut-DACH2-2",0.608599065476585
"SN555_TGGTGATCAAAGAACT","Ex_DACH2_ADAMTS5","Glut-DACH2-1",0.333006662447651
"SN555_TACCCGTAGCTCCCTT","Ex_BCL6","Glut-DACH2-6",0.737125218986902
"SN555_TGGGATTTCGGAATGG","Ex_DACH2_LUZP2","Glut-DACH2-1",0.639431782214097
"SN555_GTAACCATCTCACCCA","Ex_DACH2_GRIK4","Glut-DACH2-1",0.696859045322033
"SN555_AGGAGGTCACAGTACT","Ex_DACH2_LHX2","Glut-DACH2-1",0.532525914932261
"SN555_AGGTTACCATGCAGCC","Ex_DACH2_LHX2","Glut-DACH2-2",0.493627131184637
"SN555_GTAGAGGTCGACCCAG","Ex_DACH2_NR4A3","Glut-DACH2-HVCra-Int",0.334948822914347
"SN555_GGGTAGAAGCACTCCG","Ex_BCL6","Glut-DACH2-3",0.64588659190778
"SN555_GTGCTGGAGTCGAATA","Ex_DACH2_TAC1","Glut-DACH2-8",0.521368522987224
"SN555_GGGAGTACAGACAAGC","Ex_DACH2_MGAT4C","Glut-DACH2-1",0.814639322369153
"SN555_ACGTACAAGTTGCTCA","Ex_DACH2_LUZP2","Glut-DACH2-1",0.527028665946865
"SN555_GTGTCCTCAGGTCCCA","Ex_DACH2_SLIT2","Glut-DACH2-1",0.470234113774964
"SN555_TTGAGTGTCTTCGTAT","Ex_BCL6","Glut-DACH2-HVCra",0.350458647895871
"SN555_ATTTCACAGATTGTGA","Ex_DACH2_LUZP2","Glut-DACH2-1",0.770913845866959
"SN555_ATGTCTTGTCGTGATT","Ex_DACH2_LUZP2","Glut-DACH2-1",0.743198993582386
"SN555_TGCAGATAGAGTACCG","Ex_DACH2_TAC1","Glut-DACH2-3",0.558267324621337
"SN555_ATTTCTGCAAGTGACG","Ex_DACH2_ADAMTS5","Glut-DACH2-5",0.373791425877845
"SN555_AGTCAACCATAGTCGT","Ex_BCL6","Glut-DACH2-3",0.404259425220248
"SN555_ACGGTTATCTATGTGG","Ex_BCL6","Glut-DACH2-3",0.363390828256963
"SN555_TTCCTAATCATGGGAG","Ex_CACNA1H_MCTP2","Glut-CACNA1H-2",0.783741147272575
"SN555_TATCAGGGTAACGGTG","Ex_DACH2_LUZP2","Glut-DACH2-2",0.547495672770389
"SN555_AGGAGGTCATTCTTCA","Ex_DACH2_GRIK4","Glut-DACH2-7",0.379455793594264
"SN555_GTGCTGGTCTCTCGAC","Ex_DACH2_NR4A3","Glut-DACH2-1",0.565398763298926
"SN555_TCCGATCCAACTGCTA","Ex_DACH2_LUZP2","Glut-DACH2-2",0.543131151782722
"SN555_AATCGACGTGAGGCAT","Ex_DACH2_TAC1","Glut-DACH2-3",0.92430829230412
"SN555_TATCCTACAATCAGCT","Ex_DACH2_LHX2","Glut-DACH2-2",0.804166572278001
"SN555_GTACAACAGCGTTCCG","Ex_BCL6","Glut-DACH2-3",0.604413958632718
"SN555_CATGGATAGGTGCCTC","Ex_DACH2_LHX2","Glut-DACH2-2",0.535779904577727
"SN555_GTAGGTTGTCTACAGT","Ex_BCL6","Glut-DACH2-3",0.449786480751389
"SN555_GACGCTGGTGAAGCGT","Ex_DACH2_LUZP2","Glut-DACH2-3",0.587047446761873
"SN555_CATCAAGAGGTCTTTG","Ex_CACNA1H_MCTP2","Glut-DACH2-2",0.417885039709868
"SN555_AGGCATTCAGAGTCAG","Ex_DACH2_LUZP2","Glut-DACH2-1",0.596710665844231
"SN555_CGGAGAAAGTCACACT","Ex_DACH2_LHX2","Glut-DACH2-2",0.553505640091619
"SN555_TTCACCGTCCTCCACA","Ex_DACH2_TAC1","Glut-DACH2-8",0.472039734045774
"SN555_ACCTGTCAGCAAGTCG","Ex_DACH2_LUZP2","Glut-DACH2-2",0.496241846541195
"SN555_ATGGTTGAGAGAGAAC","Ex_DACH2_LHX2","Glut-DACH2-2",0.604772317320552
"SN555_AAGACAAGTTGCAACT","Ex_DACH2_LUZP2","Glut-DACH2-1",0.519571833668039
"SN555_CCACGTTGTTGTCCCT","Ex_DACH2_LHX2","Glut-DACH2-2",0.531902747285489
"SN555_CTCTCGATCCGTGACG","Ex_DACH2_LHX2","Glut-DACH2-2",0.679689283665309
"SN555_TGAGTCAAGGAAAGAC","Ex_DACH2_LHX2","Glut-DACH2-2",0.760684080207181
"SN555_TGTTCTACACTCGATA","Ex_BCL6","Glut-DACH2-6",0.692928312549922
"SN555_TCGACGGAGTTCCAGT","Ex_DACH2_MGAT4C","Glut-DACH2-HVCra",0.422100915258052
"SN555_ATGGGTTGTGCTATTG","Ex_DACH2_NR4A3","Glut-DACH2-HVCra",0.434174228361135
"SN555_AGTGACTGTTGCACGC","Ex_DACH2_LHX2","Glut-DACH2-2",0.480340778968194
"SN555_GCATCTCGTTTCAGAC","Ex_DACH2_MGAT4C","Glut-DACH2-1",0.670636098844866
"SN555_TTACAGGGTGGATCAG","Ex_DACH2_LUZP2","Glut-DACH2-1",0.784285687806733
"SN555_TGTAAGCGTCATACCA","Ex_DACH2_LHX2","Glut-DACH2-2",0.369008999607325
"SN555_AACGGGAGTGTCTTGA","Ex_DACH2_TAC1","Glut-DACH2-3",0.876047457353727
"SN555_AGGCTGCGTAATGCTC","Ex_DACH2_LUZP2","Glut-DACH2-1",0.748647797423694
"SN555_GTTAGACCATAGAATG","Ex_DACH2_GRIK4","Glut-DACH2-1",0.813289141063909
"SN555_TTGGGATAGGCACTAG","Ex_CACNA1H_MCTP2","Glut-DACH2-2",0.489093499383028
"SN555_CGCGTGACAGCTATTG","Ex_DACH2_LHX2","Glut-DACH2-2",0.560795418834471
"SN555_GGCGTCAGTGAACGGT","Ex_DACH2_LUZP2","Glut-DACH2-1",0.577131512448723
"SN555_TCCTTCTAGCCGTAAG","Ex_DACH2_MGAT4C","Glut-DACH2-1",0.633781972980463
"SN555_GCCAGGTTCCCGAACG","Ex_DACH2_LUZP2","Glut-DACH2-1",0.806090893738089
"SN555_AGACAGGTCTTCTAAC","Ex_DACH2_LUZP2","Glut-CACNA1H-4",0.481217424965923
"SN555_TCACTCGAGCAGCGAT","Ex_DACH2_MGAT4C","Glut-DACH2-2",0.657043590841675
"SN555_TGAGGAGTCGCCAATA","Ex_DACH2_ADAMTS5","Glut-DACH2-5",0.514339601829541
"SN555_TGCTGAATCGAGTGGA","Ex_BCL6","Glut-DACH2-3",0.488595162732358
"SN555_CGTAGTATCTTACCGC","Ex_DACH2_LHX2","Glut-DACH2-2",0.632428666433848
"SN555_TGAGTCAGTAGGTTTC","Ex_BCL6","Glut-DACH2-3",0.275779786842832
"SN555_GATTTCTGTATGAAAC","Ex_DACH2_LUZP2","Glut-DACH2-2",0.525779231305331
"SN555_TGACCCTTCTGAGAAA","Ex_DACH2_LUZP2","Glut-DACH2-1",0.451656603005539
"SN555_TGAATCGAGATAACGT","Ex_DACH2_LHX2","Glut-DACH2-2",0.572055248134188
"SN555_GGGACCTTCTCAGGCG","Ex_DACH2_MGAT4C","Glut-DACH2-1",0.450905371519056
"SN555_TCATCATGTGATACTC","Ex_DACH2_LHX2","Glut-DACH2-5",0.51030918116445
"SN555_CCTCACACAATTGCGT","Ex_DACH2_LHX2","Glut-DACH2-2",0.807491153690208
"SN555_GGGTCACTCCATACAG","Ex_DACH2_NR4A3","Glut-DACH2-1",0.450308060867443
"SN555_GCTTCACAGGCGAAGG","Ex_DACH2_TAC1","Glut-DACH2-3",0.555200560411416
"SN555_CGAGTTATCTGGGATT","Ex_DACH2_LHX2","Glut-DACH2-2",0.756630811076491
"SN555_TGACGCGAGAGCGACT","Ex_DACH2_LUZP2","Glut-DACH2-1",0.670047814753538
"SN555_ACCTGAAAGAGAGTGA","Ex_DACH2_NR4A3","Glut-DACH2-1",0.593459662385502
"SN555_GTGCTTCAGTAGACAT","Ex_DACH2_LUZP2","Glut-DACH2-1",0.382347816447921
"SN555_CTTCCGAGTAGTCGGA","Ex_BCL6","Glut-CACNA1H-4",0.299710916123609
"SN555_CCACACTCATAGTCAC","Ex_DACH2_LHX2","Glut-DACH2-2",0.772092038035588
"SN555_AGGGTCCCAAGAGTTA","Ex_DACH2_TAC1","Glut-DACH2-3",0.629292985233394
"SN555_TCCTTTCTCGCGCTGA","Ex_BCL6","Glut-DACH2-6",0.477954212176029
"SN555_TCTAACTTCATGTCTT","Ex_DACH2_LUZP2","Glut-DACH2-1",0.673363246744515
"SN555_GCCCAGACAAGAATGT","Ex_DACH2_ZMAT4","Glut-DACH2-2",0.406524750979986
"SN555_ACCAAACAGCTGAGTG","Ex_DACH2_LUZP2","Glut-DACH2-1",0.814124279383758
"SN555_AGGGTCCGTTCAAGTC","Ex_DACH2_LUZP2","Glut-DACH2-2",0.602960536125787
"SN555_TCTCACGCAAATGCGG","Ex_DACH2_LUZP2","Glut-DACH2-1",0.641746872361321
"SN555_TCAGCAACATCTCGTC","Ex_DACH2_LUZP2","Glut-DACH2-1",0.653544672388196
"SN555_TTCGGTCTCGGCTTCT","Ex_BCL6","Glut-CACNA1H-4",0.606161312301659
"SN555_GTGGAGAGTTGCCGCA","Ex_DACH2_LUZP2","Glut-DACH2-1",0.54053718741225
"SN555_TAACGACAGAGATCGC","Ex_DACH2_LUZP2","Glut-DACH2-2",0.531058183538031
"SN555_GATGACTAGTGAGGTC","Ex_DACH2_NR4A3","Glut-DACH2-1",0.735002023098249
"SN555_GGGAAGTGTGATAGTA","Ex_DACH2_LUZP2","Glut-DACH2-1",0.524843625104422
"SN555_GGGACCTTCAAGGTGG","Ex_CACNA1H_MCTP2","Glut-DACH2-2",0.547713974980054
"SN555_CTGTCGTCAGAAGTGC","Ex_DACH2_LUZP2","Glut-DACH2-1",0.827714726758993
"SN555_GCATCGGCAACGAGGT","Ex_DACH2_LUZP2","Glut-DACH2-1",0.691512453775444
"SN555_GTTACAGCACTGGATT","Ex_DACH2_LHX2","Glut-DACH2-1",0.373734569924163
"SN555_TCAAGTGAGGATCACG","Ex_DACH2_ADAMTS5","Glut-DACH2-5",0.51993179463802
"SN555_GGCTTTCCAAAGGAGA","Ex_DACH2_LHX2","Glut-DACH2-2",0.57739532635973
"SN555_AACACACAGAGCATCG","Ex_DACH2_LUZP2","Glut-DACH2-1",0.679510365813376
"SN555_TGATTTCCATATAGCC","Ex_DACH2_LUZP2","Glut-DACH2-2",0.469334474987646
"SN555_AGGACGATCGAAGCCC","Ex_DACH2_LUZP2","Glut-DACH2-1",0.290872858309766
"SN555_ACTTCCGAGAAGCGCT","Ex_CACNA1H_MCTP2","Glut-CACNA1H-2",0.753981434206382
"SN555_TGCTTCGAGAAGGGAT","Ex_DACH2_LHX2","Glut-DACH2-2",0.387017793012289
"SN555_TTGTTGTAGCCTTGAT","Ex_BCL6","Glut-CACNA1H-4",0.330661425373724
"SN555_ACTTCCGGTTACCTGA","Ex_DACH2_LHX2","Glut-DACH2-2",0.780198298443785
"SN555_CCGGGTAAGCCACAAG","Ex_CACNA1H_MCTP2","Glut-DACH2-5",0.464521246855251
"SN555_TGTAAGCCACGCGTCA","Ex_BCL6","Glut-DACH2-3",0.320113423023838
"SN555_GGGCTCAAGAGAGTGA","Ex_DACH2_TAC1","Glut-DACH2-8",0.261150471644556
"SN555_CTGAGGCGTAGAGGAA","Ex_CACNA1H_MCTP2","Glut-DACH2-3",0.276921231215254
"SN555_GGTGGCTTCTTCTGTA","Ex_DACH2_LUZP2","Glut-DACH2-1",0.741115666298554
"SN555_TCGACGGAGGTCGTAG","Ex_DACH2_LUZP2","Glut-DACH2-1",0.702269383272504
"SN555_GTGACGCCAACCAACT","Ex_DACH2_LUZP2","Glut-DACH2-2",0.20258772476772
"SN555_AATGAAGCACCTCGTT","Ex_BCL6","Glut-CACNA1H-4",0.380400295219222
"SN555_TGAGGTTGTGTTGCCG","Ex_DACH2_LUZP2","Glut-DACH2-1",0.745985653649459
"SN555_GTTAGACAGTCATAGA","Ex_BCL6","Glut-CACNA1H-4",0.611519749003246
"SN555_CATCAAGAGCGGTATG","Ex_DACH2_MGAT4C","Glut-DACH2-HVCra",0.536950125713074
"SN555_TGTGTGAAGGCACGAT","Ex_DACH2_LHX2","Glut-DACH2-2",0.460068662580406
"SN555_TGCGGGTAGATAGTCA","Ex_BCL6","Glut-DACH2-3",0.558208605121053
"SN555_CGTAGTAAGTGGACGT","Ex_BCL6","Glut-CACNA1H-2",0.309565379704128
"SN555_GGTCTGGCAAGGGCAT","Ex_DACH2_LUZP2","Glut-DACH2-1",0.73198224802622
"SN555_ATTACTCAGCTCAGAG","Ex_DACH2_ITGA9","Glut-DACH2-7",0.558269998893896
"SN555_CGGCAGTTCAATCCGA","Ex_DACH2_LUZP2","Glut-DACH2-2",0.552971206315163
"SN555_CGGGTGTTCAGACAAA","Ex_DACH2_ADAMTS5","Glut-DACH2-5",0.657190133889546
"SN555_TCATCATAGCTGAAAT","Ex_DACH2_NR4A3","Glut-DACH2-1",0.471916151949564
"SN555_GTGTTCCTCAGTCATG","Ex_DACH2_MGAT4C","Glut-DACH2-2",0.447416070787153
"SN555_TCGTGGGGTTGTTGTG","Ex_CACNA1H_MCTP2","Glut-CACNA1H-4",0.342907629428963
"SN555_AGTACTGGTCGCTGCA","Ex_DACH2_LHX2","Glut-DACH2-2",0.618447778523919
"SN555_GGGTATTTCTCTGGTC","Ex_BCL6","Glut-CACNA1H-4",0.319918815396587
"SN555_TTGCCTGCACTGTGTA","Ex_DACH2_LUZP2","Glut-DACH2-1",0.535914735486364
"SN555_CACTGTCAGCTCGGCT","Ex_DACH2_LHX2","Glut-DACH2-2",0.680068999327989
"SN555_ATCAGGTCACTAGGTT","Ex_CACNA1H_MCTP2","Glut-CACNA1H-4",0.627599129828721
"SN555_TCCCATGGTCTTGTCC","Ex_CACNA1H_MCTP2","Glut-DACH2-1",0.407194957345094
"SN555_AACCAACAGTCAGCGA","Ex_BCL6","Glut-DACH2-3",0.539696277133591
"SN555_AACAAAGTCTCGAGTA","Ex_DACH2_TAC1","Glut-DACH2-8",0.489274935965376
"SN555_AGAGAGCAGGTAGTCG","Ex_DACH2_LHX2","Glut-DACH2-2",0.671688957519631
"SN555_ACTTCGCCAATTAGGA","Ex_BCL6","Glut-CACNA1H-2",0.70056225617073
"SN555_GAAGCCCGTCTTCATT","Ex_DACH2_TAC1","Glut-DACH2-8",0.694619192978102
"SN555_GGCACGTGTTCCAGGC","Ex_DACH2_NR4A3","Glut-DACH2-1",0.581000665113671
"SN555_CTCATGCCACTGTCGG","Ex_BCL6","Glut-DACH2-HVCra",0.320214101878935
"SN555_GAAGCGAAGCCTGTCG","Ex_DACH2_LHX2","Glut-DACH2-2",0.47882107023016
"SN555_AACTTCTCACGGTAGA","Ex_DACH2_LUZP2","Glut-DACH2-2",0.540890798883013
"SN555_TCGCACTTCCGGCTTT","Ex_DACH2_LHX2","Glut-DACH2-2",0.476877239957654
"SN555_GGGCCATCAACTGCTA","Ex_DACH2_LUZP2","Glut-DACH2-2",0.441635696008605
"SN555_CGGGTGTGTTGTCCCT","Ex_DACH2_LUZP2","Glut-DACH2-2",0.552780097279284
"SN555_CTGCGAGTCTGAACGT","Ex_CACNA1H_MCTP2","Glut-DACH2-3",0.471934005126603
"SN555_CTCATCGGTAGAGGAA","Ex_DACH2_LUZP2","Glut-DACH2-2",0.407719019276522
"SN555_ACAACCAGTTGCGAAG","Ex_DACH2_LHX2","Glut-DACH2-1",0.39425601363183
"SN555_TTTCAGTAGTTCCAGT","Ex_DACH2_LUZP2","Glut-DACH2-1",0.537613807507929
"SN555_TAGACTGTCTACCACC","Ex_DACH2_LUZP2","Glut-DACH2-2",0.381605864591622
"SN555_AGGCATTAGTGGTGGT","Ex_DACH2_LUZP2","Glut-DACH2-1",0.628887711994417
"SN555_GCATTAGAGCGCCGTT","Ex_DACH2_LHX2","Glut-DACH2-2",0.685029146417051
"SN555_CTTGATTAGGTGCTAG","Ex_DACH2_LHX2","Glut-DACH2-2",0.563814972907568
"SN555_ATCGTAGAGAGAATCT","Ex_BCL6","Glut-CACNA1H-2",0.46891655306579
"SN555_GGGTGAACAGGATGAC","Ex_DACH2_LUZP2","Glut-DACH2-4",0.476610288034113
"SN555_TGAGACTCACAGAAGC","Ex_DACH2_MGAT4C","Glut-DACH2-1",0.773571864044282
"SN555_CCTCAGTAGGTTGGTG","Ex_DACH2_LUZP2","Glut-DACH2-3",0.440749628315146
"SN555_AGGGAGTGTCACGACC","Ex_DACH2_LUZP2","Glut-DACH2-1",0.759112827683385
"SN555_AGTAGCTCATAGAAAC","Ex_DACH2_NR4A3","Glut-DACH2-1",0.898872565619168
"SN555_GTTTACTAGAGAGTTT","Ex_DACH2_LHX2","Glut-DACH2-2",0.86902221869898
"SN555_GAGTGAGAGAGCTGAC","Ex_DACH2_LUZP2","Glut-DACH2-2",0.393393666258863
"SN555_TTGGTTTCATTAGGAA","Ex_DACH2_LUZP2","Glut-DACH2-3",0.346210832312717
"SN555_TCTCAGCAGATGCCGA","Ex_BCL6","Glut-DACH2-HVCx",0.276406078350489
"SN555_AGGCTGCTCGCTGACG","Ex_DACH2_LUZP2","Glut-DACH2-2",0.493095485177982
"SN555_ACAGGGAGTGGGACAT","Ex_DACH2_LUZP2","Glut-DACH2-1",0.518866881024548
"SN555_TCCATGCTCCCTCGTA","Ex_DACH2_NR4A3","Glut-CACNA1H-2",0.455309768927872
"SN555_GGAATCTCAGCGACCT","Ex_CACNA1H_MCTP2","Glut-CACNA1H-2",0.891945145048987
"SN555_CCTCAACAGAACGTGC","Ex_DACH2_NR4A3","Glut-DACH2-1",0.461580740871154
"SN555_CGTCAAAAGGTTGACG","Ex_DACH2_TAC1","Glut-DACH2-3",1
"SN555_GAGTGAGCAGGTGTTT","Ex_DACH2_LUZP2","Glut-DACH2-1",0.588707368080184
"SN555_TTCGCTGAGACGACTG","Ex_DACH2_LHX2","Glut-DACH2-1",0.584107333275034
"SN555_AGAGAGCTCGATTTCT","Ex_DACH2_NR4A3","Glut-DACH2-1",0.502476676015208
"SN555_ACGCACGCAGTCGAGA","Ex_DACH2_NR4A3","Glut-DACH2-2",0.402129767787099
"SN555_GCACGGTGTTTGAAAG","Ex_DACH2_MGAT4C","Glut-DACH2-7",0.515823856874911
"SN555_GTGTAACAGCCTGACC","Ex_DACH2_LUZP2","Glut-CACNA1H-2",0.75271865308773
"SN555_CTAAGTGAGTTTAGGA","Ex_DACH2_LUZP2","Glut-DACH2-3",0.433642853245879
"SN555_GCATCTCTCGGTTAGT","Ex_DACH2_LUZP2","Glut-DACH2-HVCx",0.311351641032835
"SN555_GCTGCAGGTTCTTAGG","Ex_DACH2_LHX2","Glut-DACH2-2",0.562536441552813
"SN555_TCCTCGATCCCTCTTT","Ex_DACH2_LUZP2","Glut-CACNA1H-4",0.538959263377041
"SN555_CATGCGGTCCGTAATG","Ex_DACH2_LUZP2","Glut-DACH2-2",0.499976716551687
"SN555_CCACGTTAGAAATCCA","Ex_DACH2_LUZP2","Glut-DACH2-2",0.496395987511135
"SN555_CTACATTTCATCGCAA","Ex_DACH2_TAC1","Glut-DACH2-3",0.919965049621793
"SN555_GAAGGGTAGCCATATC","Ex_DACH2_TAC1","Glut-DACH2-3",0.674385422742639
"SN555_GACCCTTTCCGTGGTG","Ex_DACH2_MGAT4C","Glut-DACH2-1",0.465022754766759
"SN555_TCGCTTGTCGTTAGTG","Ex_DACH2_LUZP2","Glut-CACNA1H-4",0.469028468008174
"SN555_AGGTCTAGTCTACAGT","Ex_DACH2_NR4A3","Glut-DACH2-1",0.723665013839019
"SN555_AGAAGTAAGCGTTAGG","Ex_DACH2_LHX2","Glut-DACH2-5",0.450920748293077
"SN555_AGCGTCGGTTCGAAGG","Ex_DACH2_TAC1","Glut-DACH2-3",0.897510583810696
"SN555_TTTGGAGAGCCTGAGA","Ex_DACH2_LUZP2","Glut-DACH2-1",0.731347237415602
"SN555_ACTATGGGTACGATTC","Ex_BCL6","Glut-CACNA1H-4",0.260602049682858
"SN555_TCGTCCATCTATTCGT","Ex_DACH2_NR4A3","Glut-DACH2-7",0.446734903316699
"SN555_CGCGTGATCCAAGCTA","Ex_DACH2_LUZP2","Glut-DACH2-1",0.733919211894016
"SN555_CCCAACTTCTCATGGA","Ex_BCL6","Glut-DACH2-3",0.204148334949347
"SN555_TTGTTCAGTTGTAGCT","Ex_BCL6","Glut-CACNA1H-4",0.636283990509061
"SN555_ATATCCTTCCTGCCAT","Ex_DACH2_LUZP2","Glut-DACH2-1",0.437125072648124
"SN555_CATGCGGCAGTTGCGC","Ex_BCL6","Glut-DACH2-3",0.399297667394646
"SN555_TCCACGTGTCGTGATT","Ex_DACH2_LUZP2","Glut-DACH2-2",0.443408624479491
"SN555_TTGATGGTCAACGTGT","Ex_DACH2_LUZP2","Glut-DACH2-1",0.487126582062969
"SN555_ATTCAGGAGACTAAGT","Ex_DACH2_LUZP2","Glut-DACH2-1",0.549039749780718
"SN555_TACTTGTTCGAGTACT","Ex_DACH2_LHX2","Glut-DACH2-2",0.484935103632573
"SN555_TCATGAGAGCTAGAAT","Ex_DACH2_SLIT2","Glut-DACH2-3",0.507955560034044
"SN555_TACGCTCAGACCACGA","Ex_CACNA1H_MCTP2","Glut-DACH2-2",0.392856598842552
"SN555_AGGTTACCAACATACC","Ex_DACH2_NR4A3","Glut-DACH2-1",0.850460700190347
"SN555_TTCCGGTAGGGAGAAT","Ex_DACH2_LUZP2","Glut-DACH2-1",0.546416937861022
"SN555_ACGGTTAAGAAATGGG","Ex_DACH2_LUZP2","Glut-DACH2-2",0.438226823218561
"SN555_TATTGGGCATCCGAAT","Ex_DACH2_NR4A3","Glut-DACH2-1",0.675705411280456
"SN555_TACCGGGAGAAGCGCT","Ex_BCL6","Glut-DACH2-HVCx",0.198199331519186
"SN555_TACTTCATCCGATAAC","Ex_DACH2_LUZP2","Glut-DACH2-3",0.453559816471535
"SN555_ACATCGAGTAACCAGG","Ex_BCL6","Glut-CACNA1H-4",0.83536404888611
"SN555_GGGAGTACAATTGCCA","Ex_BCL6","Glut-DACH2-3",0.752260310962126
"SN555_TGTTCCGCAATAGTGA","Ex_BCL6","Glut-CACNA1H-4",0.617916927786279
"SN555_TGTTACTAGTTTGAGA","Ex_CACNA1H_MCTP2","Glut-CACNA1H-2",0.565812304319868
"SN555_CAGCGTGTCCCTCTCC","Ex_BCL6","Glut-DACH2-3",0.348548211244172
"SN555_AACCCAATCTATCGCC","Ex_DACH2_LUZP2","Glut-CACNA1H-4",0.28542513242721
"SN555_GGTAATCTCACTTTGT","Ex_DACH2_LUZP2","Glut-DACH2-2",0.544371228678719
"SN555_GTAGGAGTCTACCACC","Ex_DACH2_LUZP2","Glut-DACH2-2",0.47338022230561
"SN555_TCACATTAGGAAGTGA","Ex_DACH2_LHX2","Glut-DACH2-2",0.520501936668223
"SN555_GCATGATAGAAGTCCG","Ex_DACH2_LUZP2","Glut-DACH2-1",0.547589209278594
"SN555_GCGATCGCAGAGCCCT","Ex_DACH2_MGAT4C","Glut-DACH2-HVCra-Int",0.429888153805153
"SN555_GGGTCACAGACCAGAC","Ex_DACH2_LUZP2","Glut-DACH2-HVCx",0.575359463844002
"SN555_GGTCTGGAGAGTCAAT","Ex_DACH2_LUZP2","Glut-DACH2-2",0.547729329948663
"SN555_CGTGATAGTTGCTCGG","Ex_BCL6","Glut-DACH2-6",0.43335759806949
"SN555_TTACCGCAGAGACAAG","Ex_BCL6","Glut-DACH2-3",1
"SN555_AGAACCTTCAAGCGTT","Ex_BCL6","Glut-DACH2-6",0.453987542690079
"SN555_TGGGAAGCAATGAAAC","Ex_DACH2_LHX2","Glut-DACH2-2",0.374600201901467
"SN555_AATGGAAAGTCTGGAG","Ex_DACH2_LUZP2","Glut-DACH2-2",0.429374097300183
"SN555_AGGAATAGTCATCTAG","Ex_DACH2_LUZP2","Glut-DACH2-1",0.60361790225118
"SN555_TGTGCGGAGTGTAGTA","Ex_DACH2_NR4A3","Glut-DACH2-1",0.750313593000483
"SN555_TTGCGTCGTCAAGGCA","Ex_DACH2_ADAMTS5","Glut-DACH2-2",0.494222313053734
"SN555_GATGAGGCAATGTCAC","Ex_BCL6","Glut-DACH2-6",0.417519391018818
"SN555_GCAGCTGTCGCGTGAC","Ex_BCL6","Glut-DACH2-HVCx",0.383893709295257
"SN555_CTTTCGGAGGGCTTCC","Ex_BCL6","Glut-DACH2-3",0.439282648452299
"SN555_ATCCCTGGTATGAAGT","Ex_DACH2_LUZP2","Glut-DACH2-1",0.704736567286907
"SN555_GCTTGGGGTAGGCTGA","Ex_DACH2_LUZP2","Glut-DACH2-2",0.350416767223257
"SN555_AACCACAGTCGATTAC","Ex_DACH2_LUZP2","Glut-DACH2-1",0.623427425183709
"SN555_GGCGTCACAGAGCTAG","Ex_DACH2_LUZP2","Glut-DACH2-1",0.503457012741582
"SN555_ATTCCCGAGCACGGAT","Ex_DACH2_LUZP2","Glut-DACH2-1",0.361340013945142
"SN555_TACGCTCAGATAGCTA","Ex_BCL6","Glut-DACH2-3",0.306091704730823
"SN555_GTCTAGATCATTGTTC","Ex_DACH2_LUZP2","Glut-CACNA1H-2",0.754988166409356
"SN555_CGTTCTGGTTGAATCC","Ex_DACH2_LUZP2","Glut-DACH2-2",0.543513544400917
"SN555_ACACGCGCAATTGAGA","Ex_BCL6","Glut-DACH2-5",0.519352432552665
"SN555_TTCCGGTCAGCTGTTA","Ex_CACNA1H_MCTP2","Glut-DACH2-2",0.651711734383705
"SN555_TCGTAGATCAACACCA","Ex_DACH2_GRIK4","Glut-CACNA1H-4",0.69125636817703
"SN555_AGTTAGCCATGATAGA","Ex_DACH2_LUZP2","Glut-DACH2-2",0.495066483902027
"SN555_GTCTGTCGTCAAGCGA","Ex_DACH2_LUZP2","Glut-DACH2-2",0.484368230874384
"SN555_CCAAGCGCAATCGTCA","Ex_DACH2_LUZP2","Glut-CACNA1H-2",0.693169943152125
"SN555_TTTACGTGTAGTGGCA","Ex_DACH2_LHX2","Glut-DACH2-2",0.53688293659194
"SN555_CTGGTCTGTTGTTGTG","Ex_BCL6","Glut-DACH2-3",0.716420155310896
"SN555_CCCTAACTCTAGCATG","Ex_DACH2_ADAMTS5","Glut-DACH2-5",0.67135571992211
"SN555_ACGATGTGTCATCCGG","Ex_BCL6","Glut-DACH2-HVCx",0.312302253161005
"SN555_ATGAGGGTCAGTCTTT","Ex_DACH2_LUZP2","Glut-DACH2-1",0.672035649577806
"SN555_TGTCCCAGTGTTCGAT","Ex_DACH2_LHX2","Glut-DACH2-1",0.399357002691116
"SN555_TGGGAGACAGGCTATT","Ex_BCL6","Glut-CACNA1H-4",0.479178784585858
"SN555_TCAGTGATCGGAAACG","Ex_CACNA1H_MCTP2","Glut-DACH2-2",0.583063422322262
"SN555_AGAGAGCGTCCCTCAT","Ex_DACH2_LHX2","Glut-DACH2-1",0.448788984437425
"SN555_TCGGGACAGTTGCTGT","Ex_DACH2_LUZP2","Glut-DACH2-1",0.618900866412041
"SN555_ATCCACCGTTTCGCTC","Ex_BCL6","Glut-DACH2-3",0.458501655948329
"SN555_GGGATGAAGGTACAAT","Ex_DACH2_LUZP2","Glut-DACH2-2",0.536804403201091
"SN555_AGCGTCGGTTAGAAAC","Ex_DACH2_TAC1","Glut-DACH2-7",0.198614765093602
"SN555_TCTCAGCGTCGTTATG","Ex_DACH2_LUZP2","Glut-DACH2-2",0.454542891754503
"SN555_GAGACCCGTCGTTCAA","Ex_BCL6","Glut-DACH2-3",0.451971270617274
"SN531_GATCGTACACTCATAG","Ex_Pre_SATB2","Glut-CACNA1H-4",0.886319306815384
"SN531_GCTTGGGAGACAACAT","Ex_Pre_SATB2","Glut-DACH2-1",0.557740881697324
"SN531_CTATAGGCACGACAAG","Ex_Pre_KCNH7","Glut-DACH2-1",0.858869328211518
"SN531_AGCGCTGGTAACCCTA","Ex_Pre_KCNH7","Glut-DACH2-1",0.453116325339874
"SN531_GATCGTAGTCTTCGAA","Ex_Pre_SATB2","Glut-CACNA1H-4",0.872493713691278
"SN531_CTACGGGGTTCAACGT","Ex_Pre_KCNH7","Glut-DACH2-1",0.925210033751334
"SN531_ATGTCCCGTACCACGC","Ex_Pre_KCNH7","Glut-DACH2-5",0.591313845816018
"SN531_GCGGATCAGACTTCGT","Ex_Pre_KCNH7","Glut-DACH2-1",0.522083610773555
"SN531_TTACCGCAGGTAGGCT","Ex_Pre_KCNH7","Glut-CACNA1H-2",0.686044626155718
"SN531_AAGCCATTCCTACGAA","Ex_Pre_KCNH7","Glut-CACNA1H-3",0.192590874081661
"SN531_GTTCTATGTGATTCTG","Ex_Pre_SATB2","Glut-CACNA1H-4",0.633164271505666
"SN531_ACAACCACACATCATG","Ex_Pre_KCNH7","Glut-DACH2-HVCra-Int",0.255784517731111
"SN531_TAGCACAAGGATACGC","Ex_Pre_KCNH7","Glut-CACNA1H-4",0.543878787406161
"SN531_GTAGAAAGTTAGGGTG","Ex_Pre_KCNH7","Glut-CACNA1H-4",0.166518735739178
"SN531_CCACGAGAGTCATTGC","Ex_Pre_KCNH7","Glut-DACH2-HVCx",0.662193408460527
"SN531_CGTGTCTTCGAGATGG","Ex_Pre_KCNH7","Glut-CACNA1H-4",0.460600495504532
"SN531_GATGGAGTCTTTGATC","Ex_Pre_KCNH7","Glut-DACH2-1",0.45464154438385
"SN531_GCAACATAGCTAAGTA","Ex_Pre_KCNH7","Glut-CACNA1H-4",0.290634517399914
"SN531_AGAGCCCAGAGCCATG","Ex_Pre_KCNH7","Glut-CACNA1H-3",0.343296888466004
"SN531_TTCATGTTCGATTGGT","Ex_Pre_KCNH7","Glut-CACNA1H-3",0.332494530824871
"SN531_ATCAGGTAGTCGCCCA","Ex_Pre_KCNH7","Glut-DACH2-HVCra-Int",0.228770413642816
"SN531_CGTTAGATCGGCCTTT","Ex_Pre_KCNH7","Glut-DACH2-1",0.45222766764575
"SN531_TCATTACTCTGGTTGA","Ex_Pre_KCNH7","Glut-CACNA1H-4",0.358650418504847
"SN531_ACATCGACAGGCGTTC","Ex_Pre_KCNH7","Glut-CACNA1H-3",0.227170765354287
"SN531_CATGCAAAGACGCAGT","Ex_Pre_KCNH7","Glut-DACH2-1",0.513176187513573
"SN531_CAGATCAGTTCGTTCC","Ex_Pre_KCNH7","Glut-DACH2-1",0.191155179233659
"SN531_CGAGGCTCATTGAAAG","Ex_Pre_KCNH7","Glut-CACNA1H-3",0.311822417917361
"SN531_CATCGGGGTGAGTTGG","Ex_Pre_KCNH7","Glut-CACNA1H-3",0.251586459198534
"SN531_GACTCTCCATGAGATA","Ex_Pre_KCNH7","Glut-CACNA1H-3",0.331430075096984
"SN531_CGGAGAAAGCTGACAG","Ex_Pre_KCNH7","Glut-DACH2-2",0.306636388283085
"SN531_AGAGAGCCAAATCCCA","Ex_Pre_KCNH7","Glut-CACNA1H-3",0.263760651337309
"SN531_GATTCGAGTCTTAGTG","Ex_Pre_KCNH7","Glut-CACNA1H-3",0.304941295549132
"SN531_TATCTGTAGTATGCAA","Ex_Pre_KCNH7","Glut-DACH2-HVCx",0.784093341501083
"SN531_ATGGATCTCGATGCAT","Ex_Pre_KCNH7","Glut-DACH2-4",0.289865938138058
"SN531_GTGTGATGTCCGAAGA","Ex_Pre_KCNH7","Glut-DACH2-HVCx",0.591259020728837
"SN531_AGCTTCCGTTAACCTG","Ex_Pre_KCNH7","Glut-CACNA1H-3",0.313480144865363
"SN531_TGACAGTAGCGATTCT","Ex_CACNA1H_LHX9","Glut-CACNA1H-2",0.999413766023638
"SN531_TTACCATAGTCTACCA","Ex_CACNA1H_LHX9","Glut-CACNA1H-4",0.806659427915905
"SN531_GCATCTCGTCGTCTCT","Ex_CACNA1H_LHX9","Glut-CACNA1H-2",0.680641687834438
"SN531_GACCCTTCATCGAGCC","Ex_CACNA1H_LHX9","Glut-CACNA1H-2",0.995910327457792
"SN531_TCATTCATCACTTTGT","Ex_CACNA1H_LHX9","Glut-CACNA1H-2",0.99338055210884
"SN531_CTCCACAGTCCACAGC","Ex_CACNA1H_LHX9","Glut-CACNA1H-4",0.936263450477082
"SN531_ACCAAACAGATGTTAG","Ex_CACNA1H_LHX9","Glut-CACNA1H-4",0.837894343693027
"SN531_CCATAAGTCACTGGTA","Ex_CACNA1H_LHX9","Glut-CACNA1H-4",0.91044054070704
"SN531_GGTAACTCAACGGGTA","Ex_CACNA1H_LHX9","Glut-CACNA1H-4",0.713942379379663
"SN531_CACAGGCTCGCTAGCG","Ex_CACNA1H_LHX9","Glut-CACNA1H-4",0.504333440980238
"SN531_CCGCAAGAGCCGATCC","Ex_CACNA1H_KIT","Glut-CACNA1H-2",0.903889429165346
"SN531_CTATAGGAGGCATGGT","Ex_CACNA1H_LHX9","Glut-CACNA1H-4",0.592477893077224
"SN531_CTCTCAGAGAAGCCTG","Ex_CACNA1H_PROX1","Glut-CACNA1H-2",0.979505785404117
"SN531_GTCCACTAGATTGAGT","Ex_CACNA1H_LHX9","Glut-CACNA1H-4",0.913127429557362
"SN531_TACCTGCGTTTCGTAG","Ex_CACNA1H_PROX1","Glut-CACNA1H-4",0.421822602757738
"SN531_ACAGAAACATCCGTGG","Ex_CACNA1H_LHX9","Glut-CACNA1H-4",0.756215140268786
"SN531_TCCTTCTAGAACGTGC","Ex_CACNA1H_CPA6","Glut-CACNA1H-2",0.93689807011406
"SN531_CCAAGCGTCCCATTTA","Ex_CACNA1H_PROX1","Glut-CACNA1H-2",1
"SN531_TCATGAGGTATGTCCA","Ex_CACNA1H_LHX9","Glut-CACNA1H-4",0.796547993792546
"SN531_CCACCATCAAATTAGG","Ex_CACNA1H_PROX1","Glut-CACNA1H-2",0.999228889962535
"SN531_ACCAAACGTAGAATAC","Ex_CACNA1H_LHX9","Glut-CACNA1H-4",0.812168406980976
"SN531_CTGGTCTCAACTGTGT","Ex_CACNA1H_PROX1","Glut-CACNA1H-2",0.763677426700722
"SN531_TGATTCTGTACGACTT","Ex_CACNA1H_PROX1","Glut-CACNA1H-2",0.808632506083395
"SN531_AACCAACAGGTCATCT","Ex_CACNA1H_LHX9","Glut-CACNA1H-4",0.908669782926242
"SN531_GTACAGTCAGAGATTA","Ex_CACNA1H_PROX1","Glut-CACNA1H-2",0.992768702203923
"SN531_CTCCACAGTAGAATAC","Ex_CACNA1H_KIT","Glut-CACNA1H-2",0.86776580027596
"SN531_AGAACAACAAGGTCTT","Ex_CACNA1H_LHX9","Glut-CACNA1H-1",0.780713332794014
"SN531_ATCCCTGTCATTCATC","Ex_CACNA1H_LHX9","Glut-CACNA1H-2",0.380394776570612
"SN531_TTGCTGCCACTTGTGA","Ex_CACNA1H_PROX1","Glut-CACNA1H-2",0.993353354223167
"SN531_TATACCTCATCCTTCG","Ex_CACNA1H_LHX9","Glut-CACNA1H-2",0.996010884157109
"SN531_GTGCAGCTCCCTTGGT","Ex_CACNA1H_PROX1","Glut-CACNA1H-2",0.991974981446428
"SN531_GGGTGAAGTGCATACT","Ex_CACNA1H_LHX9","Glut-CACNA1H-1",0.879402117548616
"SN531_AGGATAATCTTCCCGA","Ex_CACNA1H_KIT","Glut-DACH2-HVCx",0.373102283908299
"SN531_CCACTTGGTCCTCCTA","Ex_CACNA1H_KIT","Glut-CACNA1H-2",1
"SN531_TGACCCTTCTGAGGTT","Ex_CACNA1H_KIT","Glut-CACNA1H-4",0.846241066287589
"SN531_TCACTCGGTACAACGG","Ex_CACNA1H_PROX1","Glut-CACNA1H-2",0.914542269138263
"SN531_GGTAACTAGAGCGACT","Ex_CACNA1H_PROX1","Glut-CACNA1H-4",0.740142616595807
"SN531_AAAGTGATCATCGACA","Ex_CACNA1H_LHX9","Glut-CACNA1H-4",0.777474642367737
"SN531_GCACTAAAGCTCTATG","Ex_CACNA1H_LHX9","Glut-CACNA1H-4",0.741839262064933
"SN531_GGAGCAAAGGGAGGCA","Ex_CACNA1H_LHX9","Glut-CACNA1H-2",1
"SN531_AAGTGAAAGGAGTACC","Ex_CACNA1H_LHX9","Glut-CACNA1H-4",0.912449268142058
"SN531_TCCCACAGTAACGATA","Ex_CACNA1H_KIT","Glut-CACNA1H-4",0.431086290137494
"SN531_AGGTAGGAGGCTCCCA","Ex_CACNA1H_LHX9","Glut-CACNA1H-4",0.865708070683396
"SN531_TTTATGCCACTATCGA","Ex_CACNA1H_LHX9","Glut-CACNA1H-4",0.83946876331588
"SN531_AGTAGCTCACATACGT","Ex_CACNA1H_LHX9","Glut-CACNA1H-4",0.669670290408428
"SN531_ACTTAGGCATTGCCGG","Ex_CACNA1H_PROX1","Glut-CACNA1H-2",0.992624055155871
"SN531_CGAAGGATCGTCCTTG","Ex_CACNA1H_KIT","Glut-DACH2-HVCx",0.498575137893595
"SN531_GGTTAACCATCCAACA","Ex_CACNA1H_KIT","Glut-CACNA1H-4",0.497249487629315
"SN531_TACAACGTCTTCGGAA","Ex_CACNA1H_LHX9","Glut-CACNA1H-1",0.635361476997057
"SN531_TAACGACTCCATTTCA","Ex_CACNA1H_LHX9","Glut-CACNA1H-2",0.356093888942743
"SN531_GGAGATGGTGTGGACA","Ex_CACNA1H_PROX1","Glut-CACNA1H-2",0.99524552036187
"SN531_ATCTTCAGTCCCTGAG","Ex_CACNA1H_PROX1","Glut-CACNA1H-2",0.998460975972534
"SN531_CATCCGTAGCCTAGGA","Ex_CACNA1H_PROX1","Glut-CACNA1H-4",0.72698316262947
"SN531_ATCCACCCAGCAGTCC","Ex_CACNA1H_LHX9","Glut-CACNA1H-2",1
"SN531_CCAATGAAGCAGGCAT","Ex_CACNA1H_LHX9","Glut-CACNA1H-2",0.868598255592778
"SN531_CAACCTCTCTCGCAGG","Ex_CACNA1H_LHX9","Glut-CACNA1H-4",0.439912000163844
"SN531_CCTGCATCAATTGGTC","Ex_CACNA1H_LHX9","Glut-CACNA1H-1",0.537963910082168
"SN531_CAGGCCAGTCGTTATG","Ex_CACNA1H_LHX9","Glut-CACNA1H-2",0.756467734899267
"SN531_TTTCCTCAGTGCGCTC","Ex_CACNA1H_PROX1","Glut-CACNA1H-2",0.62965110099182
"SN531_ACCTACCGTCGGTGTC","Ex_CACNA1H_PROX1","Glut-CACNA1H-4",0.496842913204222
"SN531_AATGACCGTCGTCAGC","Ex_CACNA1H_PROX1","Glut-DACH2-2",0.445693248078969
"SN531_CTGTATTGTCATAAAG","Ex_CACNA1H_LHX9","Glut-CACNA1H-1",0.709409033185353
"SN531_GACAGCCGTGGAGGTT","Ex_CACNA1H_LHX9","Glut-CACNA1H-4",0.618407062849102
"SN531_TTGTTCATCGGTGTAT","Ex_CACNA1H_LHX9","Glut-CACNA1H-4",0.833287082417195
"SN531_GAACGTTTCCAAATGC","Ex_CACNA1H_LHX9","Glut-CACNA1H-2",0.85312662714625
"SN531_AGGGCTCCACAAAGTA","Ex_CACNA1H_PROX1","Glut-CACNA1H-4",0.5404243664815
"SN531_AGGGCTCCAAGTGATA","Ex_CACNA1H_KIT","Glut-DACH2-2",0.289574827628444
"SN531_GTAGAAATCTTTCCGG","Ex_CACNA1H_KIT","Glut-CACNA1H-4",0.832227628978976
"SN531_ATCTTCATCAGACCTA","Ex_CACNA1H_KIT","Glut-CACNA1H-4",0.763752279473824
"SN531_TCACTCGCAGAGTCAG","Ex_CACNA1H_LHX9","Glut-CACNA1H-4",0.944271023805373
"SN531_AGACTCAGTGGGCTTC","Ex_CACNA1H_LHX9","Glut-CACNA1H-2",0.854694391658132
"SN531_CCTCATGTCCGTCACT","Ex_CACNA1H_PROX1","Glut-CACNA1H-4",0.783928980984283
"SN531_CTATCCGTCGGTGCAC","Ex_CACNA1H_KIT","Glut-CACNA1H-4",0.751725823292362
"SN531_TACGGTACACTATCCC","Ex_CACNA1H_CPA6","Glut-CACNA1H-2",0.795051412151072
"SN531_TAGCACAAGGATTACA","Ex_CACNA1H_LHX9","Glut-CACNA1H-4",0.598395230989767
"SN531_GGGCCATCAGCGCGTT","Ex_CACNA1H_KIT","Glut-CACNA1H-1",0.550775695647236
"SN531_AAAGAACAGTGGGAAA","Ex_CACNA1H_PROX1","Glut-CACNA1H-2",0.989209429083432
"SN531_CGCATAAGTCCAGCGT","Ex_CACNA1H_LHX9","Glut-CACNA1H-2",0.477238433720044
"SN531_TCAGGTATCGCTCCTA","Ex_CACNA1H_LHX9","Glut-CACNA1H-2",0.982052991385727
"SN531_AGCCAATGTATGCAAA","Ex_CACNA1H_KIT","Glut-CACNA1H-2",0.300364105762584
"SN531_CCAAGCGAGGGTAATT","Ex_CACNA1H_CPA6","Glut-CACNA1H-2",0.997368419174994
"SN531_CTCAATTCAGAACGCA","Ex_CACNA1H_LHX9","Glut-CACNA1H-1",0.468238436659087
"SN531_GTCTAGATCATGACAC","Ex_CACNA1H_PROX1","Glut-CACNA1H-2",0.825982639491558
"SN531_GTTGAACCACAAGCCC","Ex_CACNA1H_LHX9","Glut-CACNA1H-4",0.767514272294116
"SN531_GCTTTCGGTCTACAGT","Ex_CACNA1H_LHX9","Glut-CACNA1H-4",0.931339417757661
"SN531_GGTGTCGGTCTTCCGT","Ex_CACNA1H_LHX9","Glut-CACNA1H-4",0.88714725392216
"SN531_CATTCATGTCTTCTAT","Ex_CACNA1H_PROX1","Glut-CACNA1H-2",0.734054276742667
"SN531_TTTACCATCAAGCCGC","Ex_CACNA1H_PROX1","Glut-CACNA1H-2",0.846213874913413
"SN531_AGGCATTGTTGGTGTT","Ex_CACNA1H_LHX9","Glut-CACNA1H-2",1
"SN531_CATGCCTTCAGGAGAC","Ex_CACNA1H_LHX9","Glut-CACNA1H-4",0.829049402299597
"SN531_ACATCCCCATCAGCAT","Ex_CACNA1H_PROX1","Glut-DACH2-1",0.498399970346147
"SN531_AATGGCTGTACAGGTG","Ex_CACNA1H_PROX1","Glut-CACNA1H-2",0.990583498420142
"SN531_CGCGTGAAGCGCCGTT","Ex_CACNA1H_LHX9","Glut-CACNA1H-4",0.909405231387817
"SN531_AACCTTTAGAACAAGG","Ex_CACNA1H_PROX1","Glut-CACNA1H-2",0.780696670997576
"SN531_CAGCCAGGTGACACGA","Ex_CACNA1H_LHX9","Glut-CACNA1H-4",0.968003036743602
"SN531_GGACGTCGTTCCAGGC","Ex_CACNA1H_PROX1","Glut-CACNA1H-2",0.998163209114381
"SN531_GTAGATCAGCGCCATC","Ex_CACNA1H_PROX1","Glut-DACH2-2",0.554635572323357
"SN531_CCACAAAAGCACGGAT","Ex_CACNA1H_LHX9","Glut-CACNA1H-4",0.801060409144621
"SN531_AAGATAGCATAGCACT","Ex_CACNA1H_LHX9","Glut-CACNA1H-4",0.803543696056916
"SN531_TCCTTCTAGGTAGCAC","Ex_CACNA1H_PROX1","Glut-CACNA1H-2",0.953603401422411
"SN531_AGGGTGAAGCATGAAT","Ex_CACNA1H_LHX9","Glut-CACNA1H-2",0.489276896630092
"SN531_TTCATGTGTCCACAGC","Ex_CACNA1H_LHX9","Glut-CACNA1H-2",1
"SN531_ATTCATCCAGCTGTTA","Ex_CACNA1H_PROX1","Glut-CACNA1H-2",0.999352013335344
"SN531_TGTCCCAAGGTCACTT","Ex_CACNA1H_LHX9","Glut-CACNA1H-1",0.417803348112337
"SN531_GACTATGCAGCTTTCC","Ex_CACNA1H_LHX9","Glut-CACNA1H-4",0.919740428989293
"SN531_AATGGCTGTTTCGCTC","Ex_CACNA1H_KIT","Glut-CACNA1H-2",1
"SN531_ACAAAGATCTTTGCAT","Ex_CACNA1H_LHX9","Glut-CACNA1H-4",0.905807709601899
"SN531_GTTGTAGCAAACGGCA","Ex_CACNA1H_LHX9","Glut-CACNA1H-1",0.625914623905714
"SN531_CGTTAGATCCAAGCTA","Ex_CACNA1H_LHX9","Glut-CACNA1H-4",0.952424940565179
"SN531_TTCTCTCAGGACATCG","Ex_CACNA1H_PROX1","Glut-CACNA1H-2",0.729403162594396
"SN531_GCGATCGAGACATGCG","Ex_CACNA1H_PROX1","Glut-CACNA1H-4",0.805074754614273
"SN531_CACAGGCTCACCTTGC","Ex_CACNA1H_KIT","Glut-CACNA1H-2",0.987643508014162
"SN531_TTACTGTAGCTAGCCC","Ex_CACNA1H_PROX1","Glut-CACNA1H-2",0.999057189472056
"SN531_TGCTCCAAGCGTTGTT","Ex_CACNA1H_LHX9","Glut-CACNA1H-2",0.849990286015134
"SN531_TGGGCTGTCGAGTGGA","Ex_CACNA1H_LHX9","Glut-CACNA1H-2",0.636132566075607
"SN531_GTCGTAATCTACTTCA","Ex_CACNA1H_LHX9","Glut-CACNA1H-1",0.460199235983632
"SN531_ATTATCCTCGGATAAA","Ex_CACNA1H_LHX9","Glut-CACNA1H-4",0.963880449150919
"SN531_TGGAACTCACTGTCGG","Ex_CACNA1H_LHX9","Glut-CACNA1H-2",1
"SN531_CATTCTAAGACAACTA","Ex_CACNA1H_PROX1","Glut-CACNA1H-2",0.999073406442113
"SN531_TGCACGGTCATTGCCC","Ex_CACNA1H_PROX1","Glut-CACNA1H-2",0.994570471659871
"SN531_ACTCCCAAGAGGTCGT","Ex_CACNA1H_LHX9","Glut-CACNA1H-4",0.96459901451188
"SN531_TGCGACGAGCTGACCC","Ex_CACNA1H_PROX1","Glut-CACNA1H-2",0.999043702664559
"SN531_TAAGTCGGTCCAAGAG","Ex_CACNA1H_PROX1","Glut-CACNA1H-2",0.60443282023309
"SN531_ATCTCTAGTCCGGATC","Ex_CACNA1H_LHX9","Glut-CACNA1H-2",0.960926259264006
"SN531_ACTACGAGTGCCGTAC","Ex_CACNA1H_LHX9","Glut-CACNA1H-2",0.993982712591698
"SN531_GTGCGTGCAAGTGCAG","Ex_CACNA1H_LHX9","Glut-CACNA1H-4",0.860168333630917
"SN531_TCGGGCAGTGAATGAT","Ex_CACNA1H_PROX1","Glut-CACNA1H-2",0.894249257824124
"SN531_GCTTGGGTCTCCCATG","Ex_CACNA1H_LHX9","Glut-CACNA1H-4",0.778637096471887
"SN531_ATCCATTAGTGATCGG","Ex_CACNA1H_LHX9","Glut-CACNA1H-4",0.595909406947874
"SN531_CTGCCATCAGGTAGTG","Ex_CACNA1H_LHX9","Glut-CACNA1H-4",0.704423995260662
"SN531_TGATGCAAGTTCCGTA","Ex_CACNA1H_KIT","Glut-CACNA1H-1",0.523996911330536
"SN531_CTTGAGATCACGTCCT","Ex_CACNA1H_KIT","Glut-CACNA1H-2",0.365320018104415
"SN531_GTGGCGTCAATCGTCA","Ex_CACNA1H_PROX1","Glut-CACNA1H-2",0.408829782353403
"SN531_TAGCACATCGCCAGAC","Ex_CACNA1H_CPA6","Glut-CACNA1H-2",0.999010906803669
"SN531_TAGCACATCTCTGGTC","Ex_CACNA1H_PROX1","Glut-DACH2-2",0.304372701880133
"SN531_GACTCAATCTGGACCG","Ex_CACNA1H_LHX9","Glut-CACNA1H-2",0.660219888546089
"SN531_TACCGAAGTTTCTTAC","Ex_CACNA1H_LHX9","Glut-CACNA1H-2",0.843107819341807
"SN531_GGGCTCAAGGCAGCTA","Ex_CACNA1H_LHX9","Glut-CACNA1H-2",0.496147124682077
"SN531_GTGATGTGTGTCGATT","Ex_CACNA1H_LHX9","Glut-CACNA1H-2",1
"SN531_TGTAGACCAGGAGGAG","Ex_CACNA1H_PROX1","Glut-CACNA1H-2",0.963392735444795
"SN531_AACCACAGTCATCGGC","Ex_CACNA1H_KIT","Glut-CACNA1H-2",0.973440219075734
"SN531_TTTGATCCAACGGTAG","Ex_CACNA1H_KIT","Glut-CACNA1H-2",0.366358776427411
"SN531_ATCCCTGGTACCAGAG","Ex_CACNA1H_LHX9","Glut-CACNA1H-4",0.753279539343739
"SN531_CATGCAATCGCTTTAT","Ex_CACNA1H_LHX9","Glut-CACNA1H-4",0.957461933431902
"SN531_GAGTTACAGACGACGT","Ex_CACNA1H_LHX9","Glut-CACNA1H-2",0.906271559934807
"SN531_CATTGCCTCTTCTAAC","Ex_CACNA1H_LHX9","Glut-CACNA1H-4",0.91539023787957
"SN531_CTATCTAAGTTTAGGA","Ex_CACNA1H_LHX9","Glut-CACNA1H-4",0.807645120330725
"SN531_TCGGATACAGCGGTTC","Ex_CACNA1H_PROX1","Glut-CACNA1H-4",0.604011137345185
"SN531_GTCATGAAGTGCTCGC","Ex_CACNA1H_LHX9","Glut-CACNA1H-4",0.367528513205771
"SN531_CTCAACCGTCTACTGA","Ex_CACNA1H_LHX9","Glut-CACNA1H-2",0.997446515548854
"SN531_GCTTCACTCCGTGGTG","Ex_CACNA1H_LHX9","Glut-CACNA1H-4",0.606292471300675
"SN531_GTAAGTCCACTGCATA","Ex_CACNA1H_LHX9","Glut-CACNA1H-2",0.739597852825298
"SN531_ACGGGTCGTATCCTCC","Ex_CACNA1H_PROX1","Glut-DACH2-3",0.160882620134316
"SN531_CACGTGGGTACGATGG","Ex_CACNA1H_PROX1","Glut-CACNA1H-2",0.993273473803243
"SN531_TACCCACGTCGAATTC","Ex_CACNA1H_LHX9","Glut-CACNA1H-4",0.856061886856212
"SN531_CGCGTGAGTGACTCTA","Ex_CACNA1H_LHX9","Glut-CACNA1H-4",0.530341511764866
"SN531_CATGCAATCGACATTG","Ex_CACNA1H_PROX1","Glut-CACNA1H-4",0.696460825737893
"SN531_ATGTCCCAGACGCCAA","Ex_CACNA1H_LHX9","Glut-CACNA1H-4",0.876181885273525
"SN531_GATTCTTAGGCCCAAA","Ex_CACNA1H_PROX1","Glut-CACNA1H-2",0.998688857296752
"SN531_GAGGCCTAGCTCGTGC","Ex_CACNA1H_PROX1","Glut-CACNA1H-4",0.276474148764146
"SN531_TCATGGATCTTGGGCG","Ex_CACNA1H_PROX1","Glut-DACH2-2",0.255587280732856
"SN531_CATCGTCTCGCTGACG","Ex_CACNA1H_LHX9","Glut-CACNA1H-4",0.952485505482524
"SN531_TGCTCCACATTAGGCT","Ex_CACNA1H_PROX1","Glut-CACNA1H-2",0.632203552125265
"SN531_TCTCACGTCCAGTACA","Ex_CACNA1H_LHX9","Glut-CACNA1H-2",0.690591584499948
"SN531_ATTTCTGCAGCTGAGA","Ex_CACNA1H_LHX9","Glut-CACNA1H-2",0.375419671320896
"SN531_ACGTCCTGTTATTCCT","Ex_CACNA1H_KIT","Glut-DACH2-4",0.355624340279379
"SN531_TTCGCTGAGGTTGCCC","Ex_CACNA1H_LHX9","Glut-CACNA1H-4",0.945980750336975
"SN531_CGATCGGAGAGAGTTT","Ex_CACNA1H_KIT","Glut-CACNA1H-2",0.540068159352043
"SN531_TGTTACTCACGGAAGT","Ex_CACNA1H_LHX9","Glut-CACNA1H-2",0.519959303187661
"SN531_CGAAGTTAGCAGCCCT","Ex_CACNA1H_LHX9","Glut-CACNA1H-4",0.956549032520842
"SN531_GGTAACTAGGATTCAA","Ex_CACNA1H_LHX9","Glut-CACNA1H-4",0.485120559881588
"SN531_GATTCGACACCAGTTA","Ex_CACNA1H_LHX9","Glut-CACNA1H-4",0.843849244042017
"SN531_ACCACAAGTCTGGTTA","Ex_CACNA1H_LHX9","Glut-CACNA1H-4",0.96349210949365
"SN531_TGCATGAAGACTGTTC","Ex_CACNA1H_LHX9","Glut-CACNA1H-4",0.899034415261482
"SN531_TCTGCCAGTGGTAACG","Ex_CACNA1H_LHX9","Glut-CACNA1H-4",0.800217066805352
"SN531_TGTTTGTAGGTGGTTG","Ex_CACNA1H_LHX9","Glut-CACNA1H-4",0.806161600926981
"SN531_ATGGATCAGATCCTAC","Ex_CACNA1H_LHX9","Glut-CACNA1H-2",0.579357780451179
"SN531_ATATCCTCATCTTTCA","Ex_CACNA1H_PROX1","Glut-CACNA1H-2",0.991747803309633
"SN531_AAAGTGAGTATCGTGT","Ex_CACNA1H_PROX1","Glut-CACNA1H-4",0.45827662983496
"SN531_ATGAAAGCAATGAAAC","Ex_CACNA1H_KIT","Glut-CACNA1H-2",0.427967015675174
"SN531_CCCGAAGGTCAGACGA","Ex_CACNA1H_LHX9","Glut-CACNA1H-4",0.65950140319115
"SN531_AGGGTGATCACTAGCA","Ex_CACNA1H_PROX1","Glut-CACNA1H-2",0.912182937848279
"SN531_GATGGAGGTTGCAAGG","Ex_CACNA1H_LHX9","Glut-CACNA1H-4",0.900159284742013
"SN531_TTCAATCTCATGCCGG","Ex_CACNA1H_LHX9","Glut-CACNA1H-4",0.932636023434001
"SN531_GAATAGAGTTAGGGTG","Ex_CACNA1H_LHX9","Glut-CACNA1H-2",0.671281018317139
"SN531_GCCAACGAGAATCGCG","Ex_CACNA1H_KIT","Glut-CACNA1H-2",0.999396722149041
"SN531_CCTCCAAAGATAACGT","Ex_CACNA1H_LHX9","Glut-DACH2-1",0.468143453329609
"SN531_CTCATGCGTAACCCGC","Ex_CACNA1H_KIT","Glut-CACNA1H-4",0.611070335970263
"SN531_CAGAGCCTCCACTTCG","Ex_CACNA1H_LHX9","Glut-CACNA1H-4",0.807656449105749
"SN531_GCAGCTGGTTGCTCGG","Ex_CACNA1H_LHX9","Glut-CACNA1H-4",0.844914492574865
"SN531_GCTGAATTCGTCGGGT","Ex_CACNA1H_LHX9","Glut-CACNA1H-4",0.819746905085328
"SN531_TGTAACGTCAGAGTTC","Ex_CACNA1H_PROX1","Glut-CACNA1H-2",0.998742741114009
"SN531_GGCACGTGTTTCGGCG","Ex_CACNA1H_LHX9","Glut-CACNA1H-4",0.892366102501228
"SN531_CCTACGTTCCCATACC","Ex_CACNA1H_LHX9","Glut-CACNA1H-4",0.665923981208984
"SN531_GATAGCTAGTATCTGC","Ex_CACNA1H_LHX9","Glut-CACNA1H-4",0.81841648223864
"SN531_TGTCCTGGTGTGTCCG","Ex_CACNA1H_LHX9","Glut-CACNA1H-2",0.340287607970891
"SN531_GAGCTGCGTTCGGTTA","Ex_CACNA1H_LHX9","Glut-CACNA1H-4",0.942952976664657
"SN531_TTTACGTAGCGTGCCT","Ex_CACNA1H_LHX9","Glut-CACNA1H-4",0.916546482865105
"SN531_GAGCCTGCAGGTGTTT","Ex_CACNA1H_LHX9","Glut-CACNA1H-2",0.917513444337757
"SN531_CCTACGTAGGATGCGT","Ex_CACNA1H_PROX1","Glut-CACNA1H-2",0.990304849185032
"SN531_GGGACAAGTACGATCT","Ex_CACNA1H_LHX9","Glut-CACNA1H-2",0.495029725563653
"SN531_GCTACAAGTTGTCATG","Ex_CACNA1H_PROX1","Glut-CACNA1H-2",0.987805726615445
"SN531_GGCTTTCAGCTCATAC","Ex_CACNA1H_PROX1","Glut-CACNA1H-2",0.991437751846316
"SN531_GACTGATTCTACGGTA","Ex_CACNA1H_PROX1","Glut-CACNA1H-4",0.475463077592196
"SN531_AAGTGAAGTCCCGTGA","Ex_CACNA1H_LHX9","Glut-CACNA1H-4",0.895700370489266
"SN531_GCTTTCGTCCATACAG","Ex_CACNA1H_PROX1","Glut-CACNA1H-4",0.268679992867482
"SN531_GTTACAGGTGGCGCTT","Ex_CACNA1H_LHX9","Glut-CACNA1H-2",0.806236627370476
"SN531_GGAGGTAGTCTGTAAC","Ex_CACNA1H_KIT","Glut-CACNA1H-4",0.798311665872565
"SN531_TCCTGCATCGGCATCG","Ex_CACNA1H_LHX9","Glut-CACNA1H-4",0.718602142450507
"SN531_AAGAACAGTGCAACAG","Ex_TSHZ2_NR4A2","Glut-DACH2-3",0.789069727754625
"SN531_AGGAAATGTTCAAGTC","Ex_CACNA1H_LHX9","Glut-CACNA1H-2",0.735234630625608
"SN531_ACAGAAATCTCAATCT","Ex_CACNA1H_KIT","Glut-CACNA1H-2",0.80386355885846
"SN531_CGAAGGAGTCGTGGTC","Ex_CACNA1H_PROX1","Glut-CACNA1H-2",1
"SN531_TGATGGTAGCTGTTAC","Ex_CACNA1H_LHX9","Glut-DACH2-1",0.483176242693781
"SN531_TTTCGATCAGGACATG","Ex_CACNA1H_LHX9","Glut-CACNA1H-2",0.910243199652998
"SN531_TTCACGCTCTCACGAA","Ex_CACNA1H_LHX9","Glut-CACNA1H-4",0.959968994369112
"SN531_GGGACCTAGTCTGCAT","Ex_CACNA1H_PROX1","Glut-CACNA1H-2",0.992673996484472
"SN531_TTCTAACGTAGCGTCC","Ex_CACNA1H_LHX9","Glut-CACNA1H-2",0.685839595739955
"SN531_GTTGCGGTCCGTGTCT","Ex_CACNA1H_LHX9","Glut-CACNA1H-4",0.356852326934292
"SN531_GCAACATTCGCCGATG","Ex_TSHZ2_NR4A2","Glut-CACNA1H-1",0.513524199403978
"SN531_CCGATCTCATGGGCAA","Ex_CACNA1H_PROX1","Glut-CACNA1H-2",0.988833752086919
"SN531_AATTTCCGTACCGCGT","Ex_CACNA1H_LHX9","Glut-CACNA1H-4",0.882466505917695
"SN531_CGAGAAGCACAGTACT","Ex_CACNA1H_LHX9","Glut-CACNA1H-4",0.781424500955962
"SN531_AACCACAGTCGTTATG","Ex_CACNA1H_LHX9","Glut-CACNA1H-4",0.571770613750464
"SN531_GCTACAACATGTTTGG","Ex_CACNA1H_KIT","Glut-CACNA1H-2",0.898373393168799
"SN531_GGTCTGGTCTGCTTTA","Ex_CACNA1H_LHX9","Glut-CACNA1H-4",0.935993137089849
"SN531_TTCTAACGTACTAAGA","Ex_CACNA1H_PROX1","Glut-CACNA1H-2",0.979342804000721
"SN531_TTGCTGCCAAGCGATG","Ex_CACNA1H_PROX1","Glut-CACNA1H-2",0.481406992665366
"SN531_GTGAGGAAGTGCACTT","Ex_CACNA1H_KIT","Glut-CACNA1H-2",0.999194872333745
"SN531_CAAAGAAAGCTTCTAG","Ex_CACNA1H_KIT","Glut-CACNA1H-2",0.824622483576566
"SN531_TACCGGGCAACAGATA","Ex_CACNA1H_LHX9","Glut-CACNA1H-4",0.877934481406479
"SN531_TCCTGCAAGATACATG","Ex_CACNA1H_LHX9","Glut-DACH2-3",0.781057973793569
"SN531_TTGGGTAAGACTAAGT","Ex_CACNA1H_KIT","Glut-CACNA1H-2",0.960127722622973
"SN531_TATCAGGTCTAGGCAT","Ex_CACNA1H_CPA6","Glut-CACNA1H-2",0.971993953498678
"SN531_TTTGATCTCACAATGC","Ex_CACNA1H_LHX9","Glut-CACNA1H-1",0.670884066762761
"SN531_GGGTCTGTCGTTAGAC","Ex_CACNA1H_LHX9","Glut-CACNA1H-4",0.773493716928004
"SN531_TTCCACGAGTGAGTTA","Ex_CACNA1H_PROX1","Glut-DACH2-2",0.339337731261734
"SN531_TTAATCCGTACGAAAT","Ex_CACNA1H_LHX9","Glut-CACNA1H-1",0.567831054539046
"SN531_ATGTCTTGTAACCAGG","Ex_CACNA1H_LHX9","Glut-CACNA1H-4",0.582769793681929
"SN531_TTAGGCACAATTTCCT","Ex_CACNA1H_LHX9","Glut-CACNA1H-4",0.918531727107591
"SN531_CGAGGCTTCGGATTAC","Ex_CACNA1H_LHX9","Glut-CACNA1H-4",0.818681539802152
"SN531_AGACTCAAGCTTTGTG","Ex_CACNA1H_LHX9","Glut-CACNA1H-4",0.500411473491479
"SN531_GCACGTGCAGTTGTCA","Ex_CACNA1H_LHX9","Glut-CACNA1H-4",0.91638742353972
"SN531_CTCTCAGGTTTGTGGT","Ex_CACNA1H_KIT","Glut-CACNA1H-2",0.988579467571916
"SN531_CTCGAGGAGGTTATAG","Ex_CACNA1H_PROX1","Glut-DACH2-3",0.204595138796072
"SN531_TGCAGATAGTCTGTAC","Ex_CACNA1H_LHX9","Glut-CACNA1H-4",0.728329756857276
"SN531_TTCCTCTTCCATTTCA","Ex_CACNA1H_CPA6","Glut-CACNA1H-2",0.9909847491455
"SN531_AACCCAATCACATTGG","Ex_CACNA1H_KIT","Glut-DACH2-1",0.312299522209359
"SN531_AGACAAACACAGCGCT","Ex_CACNA1H_LHX9","Glut-CACNA1H-4",0.913397265853515
"SN531_GTGCACGCACATCATG","Ex_CACNA1H_LHX9","Glut-CACNA1H-4",0.766880343131406
"SN531_AGACAAATCAATCCGA","Ex_CACNA1H_LHX9","Glut-CACNA1H-4",0.768340559165275
"SN531_GCAGTTAGTCAGATTC","Ex_CACNA1H_LHX9","Glut-CACNA1H-4",0.361031447098215
"SN531_CGAGAAGCAGGTGTTT","Ex_CACNA1H_LHX9","Glut-CACNA1H-4",0.882281409683372
"SN531_CGATGGCCATGCTGCG","Ex_CACNA1H_CPA6","Glut-CACNA1H-2",0.989763410036532
"SN531_TGATCAGAGCATTTGC","Ex_CACNA1H_LHX9","Glut-CACNA1H-4",0.958014012903385
"SN531_ACATGCAGTTAAGGGC","Ex_CACNA1H_LHX9","Glut-CACNA1H-2",0.790022071661713
"SN531_TTCTCTCGTGTATTGC","Ex_CACNA1H_LHX9","Glut-CACNA1H-4",0.760504181963579
"SN531_CGAGTTAGTTCGAAGG","Ex_CACNA1H_LHX9","Glut-CACNA1H-4",0.606308618060375
"SN531_ACCAACAAGGGTACAC","Ex_CACNA1H_LHX9","Glut-CACNA1H-4",0.473821916360378
"SN531_CTACCTGAGTTGAAGT","Ex_CACNA1H_LHX9","Glut-CACNA1H-4",0.937393406979085
"SN531_CTACAGAGTCCGGATC","Ex_CACNA1H_PROX1","Glut-DACH2-2",0.607877871148605
"SN531_TTCCTTCCACAAAGCG","Ex_CACNA1H_LHX9","Glut-CACNA1H-4",0.692399287218347
"SN531_GATGATCCAAAGACTA","Ex_CACNA1H_PROX1","Glut-DACH2-3",0.224135356631093
"SN531_GCTCAAACAATCTCTT","Ex_CACNA1H_LHX9","Glut-CACNA1H-4",0.875647421006246
"SN531_TGTTTGTAGGGCGAAG","Ex_CACNA1H_PROX1","Glut-CACNA1H-2",0.992626467147561
"SN531_AGAGAATAGCTGGCTC","Ex_CACNA1H_PROX1","Glut-CACNA1H-2",0.986705871768895
"SN531_GGGAGATTCGCAGTCG","Ex_CACNA1H_LHX9","Glut-CACNA1H-2",0.929048796404703
"SN531_AACACACCACATGAAA","Ex_CACNA1H_PROX1","Glut-DACH2-2",0.231679824263181
"SN531_GTCTCACCAACGATCT","Ex_CACNA1H_LHX9","Glut-CACNA1H-4",0.910927918154387
"SN531_GACCAATCATTCTCTA","Ex_CACNA1H_LHX9","Glut-CACNA1H-4",0.652498719240026
"SN531_GTGCAGCGTATTAAGG","Ex_CACNA1H_LHX9","Glut-CACNA1H-4",0.397661651323114
"SN531_TACATTCCAGTCGGAA","Ex_CACNA1H_LHX9","Glut-CACNA1H-4",0.493738665695005
"SN531_GAAGAATCAAGCGAAC","Ex_CACNA1H_LHX9","Glut-CACNA1H-4",0.339429973579981
"SN531_TCATGAGAGGGTTAAT","Ex_CACNA1H_PROX1","Glut-CACNA1H-2",0.911106482405251
"SN531_CTCCGATAGGTCACTT","Ex_CACNA1H_PROX1","Glut-CACNA1H-2",0.853994148667488
"SN531_GAGTCTAGTACTCCGG","Ex_CACNA1H_LHX9","Glut-CACNA1H-4",0.319810970029946
"SN531_GCTCAAATCTACCAGA","Ex_CACNA1H_KIT","Glut-CACNA1H-2",0.991835843826476
"SN531_GTTGCGGCACAATCTG","Ex_CACNA1H_PROX1","Glut-CACNA1H-2",0.871422651517777
"SN531_TCGGGCAGTAATACCC","Ex_CACNA1H_LHX9","Glut-CACNA1H-4",0.850454272798888
"SN531_ACTGATGTCGACGCGT","Ex_CACNA1H_PROX1","Glut-DACH2-2",0.223184465810808
"SN531_ATTGTTCAGTGGATAT","Ex_CACNA1H_PROX1","Glut-CACNA1H-2",0.283423113453625
"SN531_GAGCCTGCACATTGTG","Ex_CACNA1H_LHX9","Glut-CACNA1H-2",0.611857754252541
"SN531_TGAGCGCAGGATTCCT","Ex_CACNA1H_LHX9","Glut-CACNA1H-4",0.917191250362679
"SN531_GGTTGTAAGATTCGCT","Ex_CACNA1H_LHX9","Glut-CACNA1H-4",0.96094363345161
"SN531_AGGCCACAGGTTAAAC","Ex_CACNA1H_PROX1","Glut-DACH2-3",0.31894490213105
"SN531_TGTAACGTCCTTGAAG","Ex_CACNA1H_PROX1","Glut-DACH2-2",0.375379289350909
"SN531_CCACTTGTCACTGGTA","Ex_CACNA1H_PROX1","Glut-CACNA1H-2",0.714016173433276
"SN531_TGTTGAGGTGCCCAGT","Ex_TSHZ2_NR4A2","Glut-CACNA1H-4",0.583642253596083
"SN531_GCGTGCAAGACTACCT","Ex_CACNA1H_PROX1","Glut-CACNA1H-2",0.894758620380835
"SN531_CTCCAACGTCAGATTC","Ex_CACNA1H_PROX1","Glut-DACH2-2",0.376597776059561
"SN531_ACTCTCGGTCTGCATA","Ex_CACNA1H_PROX1","Glut-DACH2-1",0.239981492787857
"SN531_TCTACCGAGGTGCCTC","Ex_CACNA1H_LHX9","Glut-CACNA1H-4",0.849384745313973
"SN531_TCATACTAGTGGAAGA","Ex_CACNA1H_PROX1","Glut-DACH2-2",0.400387587620518
"SN531_TTTAGTCTCTTCGGAA","Ex_CACNA1H_PROX1","Glut-CACNA1H-2",0.982114142879068
"SN531_GTCGAATAGGGAGAAT","Ex_CACNA1H_LHX9","Glut-CACNA1H-2",0.645998055453142
"SN531_GTCACGGAGCCTGTGC","Ex_CACNA1H_LHX9","Glut-CACNA1H-4",0.772004023150858
"SN531_GAAACCTAGGCTCCCA","Ex_CACNA1H_PROX1","Glut-CACNA1H-2",0.67008252994729
"SN531_CAACGATGTTCGGCTG","Ex_CACNA1H_LHX9","Glut-CACNA1H-4",0.987254885999586
"SN531_TCGGGCATCGGAAGGT","Ex_CACNA1H_LHX9","Glut-CACNA1H-4",0.793434828765329
"SN531_GCACGTGAGTCTCTGA","Ex_TSHZ2_NR4A2","Glut-CACNA1H-1",0.448812435886886
"SN531_ATAGAGAAGGGAACAA","Ex_CACNA1H_LHX9","Glut-CACNA1H-2",0.929031552200384
"SN531_GTCGAATCAGCACAAG","Ex_CACNA1H_LHX9","Glut-CACNA1H-4",0.62758149942505
"SN531_TACCGGGGTCACAATC","Ex_CACNA1H_PROX1","Glut-CACNA1H-2",0.573386505611583
"SN531_TGATTCTTCGCTTACC","Ex_CACNA1H_LHX9","Glut-CACNA1H-4",0.743279080214455
"SN531_ATCGTGAAGGTTACCT","Ex_CACNA1H_LHX9","Glut-CACNA1H-4",0.534275898271661
"SN531_GTCAGCGGTGGATGAC","Ex_CACNA1H_PROX1","Glut-CACNA1H-4",0.397316542311402
"SN531_GGCGTCAAGAGTGTTA","Ex_CACNA1H_LHX9","Glut-CACNA1H-2",0.212922608327693
"SN531_TGCAGATTCATCTATC","Ex_CACNA1H_PROX1","Glut-DACH2-1",0.234983231715495
"SN531_AGGCCACGTTGCAACT","Ex_CACNA1H_MCTP2","Glut-DACH2-3",0.475861459773837
"SN531_TCATTCACATCCTTGC","Ex_DACH2_LHX2","Glut-DACH2-1",0.872555978278601
"SN531_TCATTGTCAGGTATGG","Ex_DACH2_ZMAT4","Glut-DACH2-1",0.661050492670907
"SN531_GGGCCATCATCATCTT","Ex_DACH2_SLIT2","Glut-DACH2-1",0.354812801777657
"SN531_ACCCAAACAGGTCCCA","Ex_DACH2_SLIT2","Glut-DACH2-3",0.988462340676603
"SN531_ACCCTCATCAAATGCC","Ex_DACH2_GRIK4","Glut-DACH2-1",0.920115598409816
"SN531_GAACACTAGCGACATG","Ex_DACH2_GRIK4","Glut-DACH2-1",0.394019096587181
"SN531_GAAACCTGTTTACGAC","Ex_DACH2_GRIK4","Glut-DACH2-1",0.730758440553839
"SN531_TACCCGTGTTGCAACT","Ex_DACH2_NR4A3","Glut-DACH2-1",0.500137438461022
"SN531_TTACGCCGTATTTCTC","Ex_DACH2_MGAT4C","Glut-DACH2-7",0.338228929404436
"SN531_GTATTGGAGCTATCTG","Ex_BCL6","Glut-DACH2-3",0.979204791842505
"SN531_CTCACTGCAACCCTCT","Ex_DACH2_SLIT2","Glut-DACH2-3",1
"SN531_TTCACGCGTTGCCATA","Ex_DACH2_ITGA9","Glut-DACH2-3",0.955655092461103
"SN531_AGCATCAAGGCATTTC","Ex_DACH2_GRIK4","Glut-DACH2-2",0.619057172223345
"SN531_CGAATTGCAACCCTCT","Ex_DACH2_NR4A3","Glut-DACH2-1",0.800925139922301
"SN531_GCTACAAGTGAGACCA","Ex_CACNA1H_MCTP2","Glut-DACH2-1",0.472695587095054
"SN531_GACCGTGCACCATAAC","Ex_CACNA1H_MCTP2","Glut-CACNA1H-2",0.520175813108912
"SN531_TAGGTTGCATGTGTCA","Ex_BCL6","Glut-DACH2-3",0.972374193792652
"SN531_ATTCATCCAACTACGT","Ex_DACH2_SLIT2","Glut-DACH2-3",1
"SN531_CCATAAGCAACAAGTA","Ex_DACH2_SLIT2","Glut-DACH2-3",0.493757917402923
"SN531_GCCTGTTAGACCACGA","Ex_DACH2_GRIK4","Glut-DACH2-7",0.563927138715252
"SN531_TCGCTTGTCCATAGGT","Ex_BCL6","Glut-DACH2-3",0.812572026880097
"SN531_CCACGTTTCAACGAGG","Ex_DACH2_SLIT2","Glut-DACH2-3",0.96420216319813
"SN531_ACCAAACGTAACAGTA","Ex_DACH2_CEMIP","Glut-DACH2-1",0.365043977065919
"SN531_GAGAAATTCTTACGGA","Ex_DACH2_SLIT2","Glut-CACNA1H-4",0.767337445503647
"SN531_CCTGCATCATAACCCA","Ex_DACH2_MGAT4C","Glut-DACH2-1",0.458021385860806
"SN531_TCGCAGGCATGAATCC","Ex_DACH2_GRIK4","Glut-DACH2-1",0.723802458062963
"SN531_TGTAGACAGGGAGTTC","Ex_DACH2_LHX2","Glut-DACH2-2",0.506064078048361
"SN531_ATCTCTAGTGACAGGT","Ex_DACH2_ITGA9","Glut-DACH2-3",0.850794704393704
"SN531_CCGGTGAGTTAATCGC","Ex_DACH2_ITGA9","Glut-DACH2-1",0.928081090539276
"SN531_CTACCCAGTTCCGCAG","Ex_DACH2_NR4A3","Glut-DACH2-1",0.419202996347082
"SN531_ACCAACAAGAAGATCT","Ex_DACH2_LHX2","Glut-DACH2-1",0.759731760755086
"SN531_CCTCTCCAGCTCCATA","Ex_DACH2_SLIT2","Glut-DACH2-3",0.512849213286272
"SN531_GAAGCCCGTTGGACTT","Ex_DACH2_SLIT2","Glut-DACH2-3",1
"SN531_ATTCCATTCACCTCTG","Ex_BCL6","Glut-DACH2-3",0.608491738207877
"SN531_TTCTAACAGCTGACCC","Ex_BCL6","Glut-DACH2-HVCx",0.313118900574979
"SN531_GGGACAATCGCCTCTA","Ex_BCL6","Glut-DACH2-3",0.806011877658093
"SN531_GGTTAACGTTGACTAC","Ex_DACH2_SLIT2","Glut-DACH2-3",0.971614275615414
"SN531_CTCCGATAGTTACGTC","Ex_DACH2_GRIK4","Glut-DACH2-1",0.516630251113665
"SN531_GTAAGTCTCCGGCAGT","Ex_BCL6","Glut-DACH2-3",0.781576944168781
"SN531_GTTGAACTCTTAGCTT","Ex_DACH2_ITGA9","Glut-DACH2-1",0.665711408520444
"SN531_GTGCACGAGTAAACGT","Ex_DACH2_SLIT2","Glut-DACH2-3",1
"SN531_ACCATTTGTATTCCTT","Ex_DACH2_NR4A3","Glut-DACH2-1",0.720429743073251
"SN531_GAATAGACAACAGCTT","Ex_DACH2_SLIT2","Glut-DACH2-1",0.515933738071935
"SN531_CCATCACGTACGCTAT","Ex_DACH2_LUZP2","Glut-CACNA1H-4",0.759624562661886
"SN531_TGGAACTGTCTCCCTA","Ex_DACH2_GRIK4","Glut-DACH2-1",0.926228402165651
"SN531_AACCCAATCGGTGCAC","Ex_DACH2_SLIT2","Glut-DACH2-3",1
"SN531_GCACGGTCAAGCGAAC","Ex_DACH2_SLIT2","Glut-DACH2-3",0.975739045894922
"SN531_TTAATCCCACGCTGTG","Ex_BCL6","Glut-DACH2-3",0.790147304686117
"SN531_CGAAGGAAGTGGCGAT","Ex_DACH2_SLIT2","Glut-CACNA1H-4",0.971875474611549
"SN531_CTTAGGAGTGGGCTCT","Ex_DACH2_ITGA9","Glut-DACH2-4",0.7146700296
"SN531_CATGGTAAGTTGGCTT","Ex_DACH2_SLIT2","Glut-CACNA1H-2",0.271811077714272
"SN531_TACTGCCTCCTCATAT","Ex_DACH2_SLIT2","Glut-CACNA1H-4",0.837832637729777
"SN531_CACTAAGTCATGACAC","Ex_DACH2_SLIT2","Glut-DACH2-3",0.981972488133582
"SN531_TCCACCACAGCTACAT","Ex_DACH2_NR4A3","Glut-DACH2-1",0.865440114809652
"SN531_TCATGTTCAACTGCCG","Ex_DACH2_LUZP2","Glut-DACH2-1",0.528575034268242
"SN531_TCAGCCTTCCGAAATC","Ex_BCL6","Glut-CACNA1H-4",0.550686424701275
"SN531_GCATCGGAGGCTTCCG","Ex_BCL6","Glut-DACH2-3",0.399733260616225
"SN531_TACCGAAAGGTGATAT","Ex_DACH2_GRIK4","Glut-DACH2-1",0.647374373549336
"SN531_GTGGCGTGTCTCACAA","Ex_DACH2_SLIT2","Glut-DACH2-3",0.860020811259639
"SN531_GATTCTTGTCCACACG","Ex_BCL6","Glut-DACH2-6",0.414018458710394
"SN531_TAACGACAGTGGAAAG","Ex_DACH2_GRIK4","Glut-DACH2-1",0.603514878868109
"SN531_AGGTAGGAGGGAGGAC","Ex_DACH2_GRIK4","Glut-DACH2-1",0.961556654725358
"SN531_TCAGCAAAGTGTAGAT","Ex_DACH2_SLIT2","Glut-CACNA1H-4",0.590032554418146
"SN531_TATCTGTCACGAGAAC","Ex_DACH2_SLIT2","Glut-DACH2-1",0.624637443900844
"SN531_TCTTCCTCAGAACATA","Ex_DACH2_GRIK4","Glut-DACH2-1",0.836481964459676
"SN531_AGAACCTCAAGGCAAC","Ex_DACH2_ITGA9","Glut-DACH2-1",0.454084817948969
"SN531_CGGGTGTTCATTATCC","Ex_BCL6","Glut-DACH2-3",0.983516006681389
"SN531_CATTGCCCAATAACCC","Ex_DACH2_ITGA9","Glut-DACH2-1",0.728401313529985
"SN531_TTAGGCATCAGCCTTC","Ex_DACH2_ITGA9","Glut-DACH2-3",0.894885977399313
"SN531_GCGGAAACATGGGCAA","Ex_BCL6","Glut-DACH2-3",0.452654797738118
"SN531_CAATCGAAGTCTAACC","Ex_DACH2_LUZP2","Glut-DACH2-2",0.460949804015002
"SN531_CTGATCCAGTGCTAGG","Ex_BCL6","Glut-DACH2-1",0.411379061063518
"SN531_CTCCTCCTCGCCAACG","Ex_DACH2_LUZP2","Glut-DACH2-1",0.481114488766527
"SN531_TGCTCGTAGTCAGCCC","Ex_DACH2_SLIT2","Glut-DACH2-3",0.746618058939564
"SN531_TCGCTCATCAGAGTTC","Ex_BCL6","Glut-DACH2-3",0.386378604470256
"SN531_TTACGCCGTTCGTAAC","Ex_DACH2_SLIT2","Glut-DACH2-3",0.688870908857725
"SN531_TTTGGTTGTTCAAGTC","Ex_DACH2_ZMAT4","Glut-DACH2-4",0.299268215681577
"SN531_ACTATCTGTCTGTAAC","Ex_DACH2_ADAMTS5","Glut-DACH2-5",0.66352232011122
"SN531_AGGATCTAGCCACAAG","Ex_DACH2_ITGA9","Glut-DACH2-7",0.634304349139953
"SN531_GGTAATCCAGACCATT","Ex_CACNA1H_MCTP2","Glut-DACH2-1",0.457975944982854
"SN531_TATGTTCAGCGCAATG","Ex_DACH2_SLIT2","Glut-DACH2-4",0.357473251915083
"SN531_TGAGTCACAGCTATAC","Ex_DACH2_MGAT4C","Glut-DACH2-1",0.483541522170089
"SN531_TCCCACAGTTGTAAAG","Ex_DACH2_ZMAT4","Glut-DACH2-3",1
"SN531_CGTCCATAGATCCAAA","Ex_DACH2_ITGA9","Glut-DACH2-3",1
"SN531_TCGACGGGTCCTCCAT","Ex_DACH2_LHX2","Glut-DACH2-1",0.598976622043741
"SN531_CACAACATCGCTTAAG","Ex_DACH2_LUZP2","Glut-CACNA1H-4",0.855085742822674
"SN531_ATGGGTTCAACAAAGT","Ex_CACNA1H_MCTP2","Glut-DACH2-1",0.347042319234272
"SN531_ATACTTCCACTCTCGT","Ex_DACH2_SLIT2","Glut-DACH2-3",0.434933158974581
"SN531_GGGTATTTCTGCATAG","Ex_DACH2_ITGA9","Glut-DACH2-3",0.619690894449884
"SN531_CAGGGCTTCTACGCGG","Ex_DACH2_ITGA9","Glut-DACH2-4",0.461682196715606
"SN531_GAATCACCAAGTCATC","Ex_DACH2_SLIT2","Glut-DACH2-3",0.976102065455522
"SN531_AGAAATGTCGCTTGAA","Ex_BCL6","Glut-DACH2-3",0.944081155915646
"SN531_GACCCAGCAGATCATC","Ex_DACH2_SLIT2","Glut-DACH2-3",1
"SN531_ACTTCGCCACGCGCAT","Ex_DACH2_SLIT2","Glut-CACNA1H-4",0.428163126354779
"SN531_TGTAACGTCGGTCTAA","Ex_DACH2_SLIT2","Glut-CACNA1H-4",0.988597586601565
"SN531_TTGGGTACATTGCAAC","Ex_BCL6","Glut-CACNA1H-4",0.325932439114944
"SN531_TACTGCCTCCCATGGG","Ex_BCL6","Glut-DACH2-3",0.438205829532119
"SN531_GGTGTCGAGGCCTGCT","Ex_DACH2_GRIK4","Glut-DACH2-1",0.687165420691977
"SN531_GTAATCGCAAGTGTCT","Ex_DACH2_SLIT2","Glut-DACH2-3",1
"SN531_CGGCAGTAGGCGTTGA","Ex_DACH2_ITGA9","Glut-DACH2-3",1
"SN531_GTTGAACGTCTACACA","Ex_DACH2_NR4A3","Glut-DACH2-1",0.77170181550878
"SN531_CGGACACCAGAGGCAT","Ex_BCL6","Glut-DACH2-3",0.686926761362474
"SN531_AGTACCATCCTCATAT","Ex_DACH2_SLIT2","Glut-CACNA1H-4",0.989929991188421
"SN531_CATGCAACATAGCTGT","Ex_BCL6","Glut-DACH2-6",0.281691868684184
"SN531_CTATCCGGTTCCTAAG","Ex_DACH2_ITGA9","Glut-DACH2-1",0.524159659107436
"SN531_TATCGCCAGCACCTGC","Ex_DACH2_SLIT2","Glut-DACH2-3",0.673930270952734
"SN531_GATGATCGTCACCCTT","Ex_DACH2_SLIT2","Glut-DACH2-3",1
"SN531_CAGTTAGCATATGGCT","Ex_DACH2_SLIT2","Glut-CACNA1H-4",0.396952424265478
"SN531_CCGGACATCCTCACCA","Ex_DACH2_MGAT4C","Glut-DACH2-1",0.700456249815411
"SN531_GGGAGTAAGTTGGCTT","Ex_BCL6","Glut-DACH2-HVCra",0.354116738766924
"SN531_GGCGTCATCGCGTGAC","Ex_DACH2_LHX2","Glut-DACH2-1",0.515363979082673
"SN531_TATTTCGCAATTTCGG","Ex_DACH2_MGAT4C","Glut-DACH2-1",0.703582302510067
"SN531_ACTATCTCAGCAATTC","Ex_DACH2_SLIT2","Glut-CACNA1H-4",0.803638658313144
"SN531_GTAGGTTCACTACACA","Ex_DACH2_ZMAT4","Glut-DACH2-3",0.891205385348733
"SN531_CCCATTGTCTACTGAG","Ex_DACH2_GRIK4","Glut-DACH2-1",0.891043797749936
"SN531_TAGGTACCAACTAGAA","Ex_BCL6","Glut-DACH2-3",0.240772308560331
"SN531_CTACCTGCAACCTATG","Ex_DACH2_LUZP2","Glut-CACNA1H-4",0.268483211258572
"SN531_TTCTTGAGTACGAGTG","Ex_DACH2_MGAT4C","Glut-DACH2-1",0.777223217774463
"SN531_TGTGTGACACGTAGAG","Ex_DACH2_SLIT2","Glut-CACNA1H-4",0.683048089072843
"SN531_AGGTCTAAGTAGTGCG","Ex_DACH2_SLIT2","Glut-DACH2-1",0.742348955701852
"SN531_TTGCGTCCAATAGTAG","Ex_BCL6","Glut-DACH2-6",0.503806935540303
"SN531_GGGAAGTCATCCGTGG","Ex_DACH2_ZMAT4","Glut-DACH2-3",0.703542236808824
"SN531_GTGGAAGTCCACTGAA","Ex_BCL6","Glut-DACH2-HVCx",0.38339565284119
"SN531_CATACAGAGTGACACG","Ex_DACH2_GRIK4","Glut-DACH2-1",0.650602257536282
"SN531_CCTCAGTAGCATCAAA","Ex_DACH2_GRIK4","Glut-DACH2-7",0.531530542383631
"SN531_GTTGAACAGTCGCGAA","Ex_BCL6","Glut-DACH2-3",0.358339016033634
"SN531_GATTGGTAGTGTTGTC","Ex_DACH2_MGAT4C","Glut-DACH2-1",0.796543431260409
"SN531_CTATAGGCAACTTGCA","Ex_DACH2_MGAT4C","Glut-DACH2-2",0.446818251812052
"SN531_GGTTGTATCGAGCCAC","Ex_BCL6","Glut-DACH2-3",0.625597330612784
"SN531_CAGATCACAACCGGAA","Ex_BCL6","Glut-CACNA1H-4",0.307892817761271
"SN531_CCTAAGAAGCCTGTCG","Ex_DACH2_SLIT2","Glut-CACNA1H-4",0.620950781909121
"SN531_CTAGGTAGTTTGGAGG","Ex_BCL6","Glut-CACNA1H-4",0.707186727606671
"SN531_TCCTAATAGTGGTTCT","Ex_DACH2_LHX2","Glut-DACH2-1",0.661466552243822
"SN531_TTTGATCAGACTTCAC","Ex_BCL6","Glut-DACH2-3",0.487007112639739
"SN531_GATGACTTCTCATGGA","Ex_DACH2_LUZP2","Glut-CACNA1H-4",0.984231383004858
"SN531_AGGTGTTCAACCAGAG","Ex_DACH2_SLIT2","Glut-CACNA1H-4",0.301505205873224
"SN531_ATGCCTCGTCCCAAAT","Ex_BCL6","Glut-DACH2-3",0.311331367788473
"SN531_TACCCACTCGATGCTA","Ex_DACH2_LUZP2","Glut-DACH2-1",0.469587071098237
"SN531_GAGGCAACAGCTTTGA","Ex_DACH2_SLIT2","Glut-DACH2-3",0.568470581657756
"SN531_TAAGCACCATAGCACT","Ex_DACH2_GRIK4","Glut-DACH2-1",0.486302293029366
"SN531_ATGCCTCGTCATATGC","Ex_BCL6","Glut-CACNA1H-4",0.492849661162181
"SN531_AGTCATGAGAGTCTTC","Ex_BCL6","Glut-DACH2-3",0.983903786925283
"SN531_GATCAGTGTTGGGATG","Ex_DACH2_ZMAT4","Glut-DACH2-3",0.506111837280308
"SN531_AACAAAGCACGACGTC","Ex_BCL6","Glut-DACH2-6",0.544114674103353
"SN531_CGAGAAGTCTGGCCGA","Ex_DACH2_SLIT2","Glut-DACH2-1",0.598331839763828
"SN531_GAAGCCCTCTTCCACG","Ex_DACH2_NR4A3","Glut-DACH2-1",0.555865418584574
"SN531_AGGATCTAGCATGATA","Ex_DACH2_SLIT2","Glut-DACH2-3",0.958799265917729
"SN531_AGTCTCCAGTACTGGG","Ex_BCL6","Glut-DACH2-3",0.52120275163301
"SN531_CCAATTTTCGCAGTTA","Ex_BCL6","Glut-CACNA1H-4",0.581282146000306
"SN531_CGGAACCTCCTCAGAA","Ex_DACH2_SLIT2","Glut-DACH2-2",0.63729158559617
"SN531_ACAGCCGGTCCACTCT","Ex_DACH2_LUZP2","Glut-DACH2-2",0.66919617864138
"SN531_CGGACACTCGTTCTGC","Ex_DACH2_ITGA9","Glut-DACH2-1",0.841927840706315
"SN531_ACCAAACAGACCAGCA","Ex_DACH2_NR4A3","Glut-DACH2-1",0.779885272775424
"SN531_TACGCTCAGATTACCC","Ex_DACH2_LUZP2","Glut-DACH2-1",0.745010132243821
"SN531_GGAAGTGTCGTTACCC","Ex_BCL6","Glut-DACH2-1",0.492993902119964
"SN531_CATTTCAGTCTACATG","Ex_DACH2_GRIK4","Glut-DACH2-1",0.398955283183655
"SN531_ACGGGTCTCCCAAGCG","Ex_DACH2_ZMAT4","Glut-DACH2-3",1
"SN531_AGAGAATAGCCTGGAA","Ex_DACH2_ITGA9","Glut-DACH2-4",0.452534896584184
"SN531_AAAGGGCAGGAGAGGC","Ex_DACH2_GRIK4","Glut-DACH2-1",0.626257491114942
"SN531_CGTGATAGTCGTCTCT","Ex_DACH2_ZMAT4","Glut-DACH2-3",0.547155222494641
"SN531_TCCCATGCACGCCACA","Ex_BCL6","Glut-DACH2-HVCx",0.385880838407282
"SN531_GACTTCCGTTCATCGA","Ex_DACH2_ADAMTS5","Glut-DACH2-7",0.684464057661156
"SN531_ACTATGGAGGAGATAG","Ex_DACH2_ZMAT4","Glut-DACH2-3",0.887409748751424
"SN531_GTGTGATAGACTACCT","Ex_DACH2_MGAT4C","Glut-DACH2-1",0.488248286019704
"SN531_TTCTAGTCAGCAATTC","Ex_DACH2_ITGA9","Glut-DACH2-1",0.772389512833612
"SN531_AGTTCGATCTCCGTGT","Ex_DACH2_SLIT2","Glut-CACNA1H-4",0.488163441749366
"SN531_TTAGTCTCAGTTAGGG","Ex_DACH2_LUZP2","Glut-DACH2-1",0.845445315933677
"SN531_CAAGAGGAGTGACACG","Ex_DACH2_MGAT4C","Glut-DACH2-7",0.694031274189035
"SN531_GCGGAAAAGTGACCTT","Ex_BCL6","Glut-CACNA1H-4",0.743763927194313
"SN531_GCACGGTTCCGCAACG","Ex_DACH2_SLIT2","Glut-DACH2-3",1
"SN531_ACCCTCAAGACCCTTA","Ex_BCL6","Glut-DACH2-3",0.292887470984552
"SN531_CTTCAATGTTCAGGTT","Ex_DACH2_LUZP2","Glut-DACH2-1",0.895274402068104
"SN531_GCATCGGTCAGGACAG","Ex_DACH2_SLIT2","Glut-CACNA1H-4",0.479689992357304
"SN531_GGACGTCTCACTGTCC","Ex_DACH2_SLIT2","Glut-DACH2-3",1
"SN531_ATGTCCCGTCGATTAC","Ex_BCL6","Glut-DACH2-3",0.59341071313254
"SN531_AGTTCCCCAGTAGTGG","Ex_DACH2_SLIT2","Glut-DACH2-3",0.842788636236661
"SN531_TCATACTTCTCCCATG","Ex_DACH2_SLIT2","Glut-DACH2-2",0.376630653849865
"SN531_TTTCACATCTTCCCAG","Ex_DACH2_SLIT2","Glut-DACH2-3",0.396793286648072
"SN531_TTAGGGTGTGGGCTCT","Ex_BCL6","Glut-DACH2-HVCx",0.357270343633047
"SN531_TACTTACTCCCAGCGA","Ex_DACH2_NR4A3","Glut-DACH2-1",0.877138508054395
"SN531_AGCCACGAGCATAGGC","Ex_BCL6","Glut-DACH2-3",0.315051682949281
"SN531_TTACCGCGTATGACAA","Ex_DACH2_ITGA9","Glut-DACH2-1",0.628387759976797
"SN531_ATTATCCCAGTGGTGA","Ex_DACH2_NR4A3","Glut-DACH2-1",0.735931190113608
"SN531_GTTCATTCATCATTGG","Ex_DACH2_SLIT2","Glut-DACH2-HVCra",0.392572823365321
"SN531_CATGGATTCGATAACC","Ex_DACH2_SLIT2","Glut-DACH2-3",0.799814832552591
"SN531_GGTAATCCACCGTGGT","Ex_BCL6","Glut-DACH2-6",0.706516883679261
"SN531_GCCAGTGAGGTCTACT","Ex_DACH2_LUZP2","Glut-CACNA1H-4",0.750057775124723
"SN531_AGATCCAGTGACATCT","Ex_BCL6","Glut-DACH2-3",0.958927127389595
"SN531_ACTTCCGAGATGAAGG","Ex_DACH2_SLIT2","Glut-DACH2-3",0.92673978972169
"SN531_TTGTGGACACCTGTCT","Ex_DACH2_NR4A3","Glut-DACH2-1",0.392826518543473
"SN531_GGTCTGGCACCTGATA","Ex_DACH2_ITGA9","Glut-DACH2-3",1
"SN531_CTATCCGAGGACGGAG","Ex_DACH2_ITGA9","Glut-DACH2-4",0.423785186773647
"SN531_AACAACCAGGGATCGT","Ex_DACH2_SLIT2","Glut-CACNA1H-4",0.844675401176267
"SN531_CGGAGAATCTTCTCAA","Ex_DACH2_LUZP2","Glut-DACH2-1",0.522806334800576
"SN531_CATGCAAGTGTCCGGT","Ex_BCL6","Glut-CACNA1H-4",0.311799657195917
"SN531_ACCATTTGTTAGCTAC","Ex_DACH2_SLIT2","Glut-DACH2-1",0.357415897256223
"SN531_ATTCCCGTCCTTCACG","Ex_DACH2_ITGA9","Glut-DACH2-4",0.392433128787856
"SN531_AGGAATAAGCGTATAA","Ex_DACH2_SLIT2","Glut-DACH2-3",0.933490616691089
"SN531_AGTTCCCGTCCCTCAT","Ex_CACNA1H_MCTP2","Glut-DACH2-1",0.726985421885778
"SN531_GTGAGCCGTTACAGCT","Ex_DACH2_LUZP2","Glut-DACH2-1",0.698903211978597
"SN531_GAGGCCTTCCACTTCG","Ex_DACH2_SLIT2","Glut-CACNA1H-4",0.465912788999863
"SN531_TCGGGCAGTAACAGGC","Ex_DACH2_NR4A3","Glut-DACH2-1",0.522769007081879
"SN531_TGCTGAAGTTCGAGCC","Ex_DACH2_ITGA9","Glut-DACH2-1",0.497558970411572
"SN531_GTCGTTCGTAGACGGT","Ex_DACH2_LUZP2","Glut-CACNA1H-4",0.846753083292021
"SN531_AGTAGCTTCATCCTGC","Ex_DACH2_MGAT4C","Glut-DACH2-1",0.569705461652854
"SN531_ATGCATGCATCTAACG","Ex_BCL6","Glut-DACH2-6",0.79577623528482
"SN531_CATGGTAGTTTCACAG","Ex_BCL6","Glut-DACH2-HVCx",0.181553774830989
"SN531_CCACTTGCAAAGGCGT","Ex_DACH2_LUZP2","Glut-DACH2-1",0.495888271836984
"SN531_AGAAATGCATGAGGGT","Ex_DACH2_GRIK4","Glut-DACH2-2",0.47785154554001
"SN531_TAGGTACAGGGCTTCC","Ex_DACH2_GRIK4","Glut-DACH2-1",0.482731197944234
"SN531_GCTACAAAGGCGTTAG","Ex_DACH2_SLIT2","Glut-DACH2-3",1
"SN531_ACCGTTCGTAATTAGG","Ex_DACH2_SLIT2","Glut-DACH2-3",0.984364846032901
"SN531_ATTCTACCAACAACAA","Ex_DACH2_NR4A3","Glut-DACH2-1",0.617795174357687
"SN531_TGCGATATCGTTCTGC","Ex_DACH2_SLIT2","Glut-DACH2-1",0.520728450772312
"SN531_TGTTTGTTCTCAGAAC","Ex_DACH2_ITGA9","Glut-DACH2-4",0.221832525254763
"SN531_ATCGCCTAGTTACGTC","Ex_DACH2_MGAT4C","Glut-DACH2-1",0.624372300606987
"SN531_TTCGATTGTTGCGGCT","Ex_BCL6","Glut-DACH2-6",0.280500308238707
"SN531_TCTTAGTGTTGCGTAT","Ex_DACH2_GRIK4","Glut-DACH2-1",0.967189869079061
"SN531_CCGGGTATCAGACATC","Ex_DACH2_ITGA9","Glut-DACH2-3",0.92455258276751
"SN531_CCTCTAGAGAATGTTG","Ex_DACH2_LHX2","Glut-DACH2-1",0.708351216771157
"SN531_ACGGGTCTCGATTGGT","Ex_DACH2_SLIT2","Glut-CACNA1H-4",0.983681364075777
"SN531_TGTTTGTGTGTAACGG","Ex_BCL6","Glut-DACH2-HVCra",0.348353706328052
"SN531_GTTTACTCAGCAAGAC","Ex_DACH2_SLIT2","Glut-DACH2-3",0.826014098734214
"SN531_TATCCTATCAAGTAAG","Ex_DACH2_GRIK4","Glut-DACH2-1",0.855566994064369
"SN531_TCCCAGTCATAGAGGC","Ex_BCL6","Glut-DACH2-3",0.819343838323806
"SN531_CTCTGGTTCCTTCTGG","Ex_DACH2_ITGA9","Glut-DACH2-4",0.542511821334284
"SN531_TCGACGGGTGGTCAAG","Ex_DACH2_LHX2","Glut-DACH2-1",0.571722609383604
"SN531_TCTACCGAGCTCGGCT","Ex_DACH2_GRIK4","Glut-DACH2-1",0.679332242524196
"SN531_TGGTAGTCACTAACCA","Ex_BCL6","Glut-DACH2-3",0.531497160049929
"SN531_ATCGATGCACGTCGGT","Ex_DACH2_SLIT2","Glut-CACNA1H-4",0.711494909575418
"SN531_AATCGACAGAGAGTTT","Ex_DACH2_SLIT2","Glut-CACNA1H-4",0.980420756182477
"SN531_GTGGAGAGTCATAAAG","Ex_BCL6","Glut-DACH2-3",0.392427905260577
"SN531_TGCTTGCTCTTCTGTA","Ex_DACH2_SLIT2","Glut-DACH2-3",0.843647171544159
"SN531_TTTGACTGTACTCAAC","Ex_DACH2_MGAT4C","Glut-DACH2-1",0.618244631068544
"SN531_CTCCATGGTCTCTCCA","Ex_DACH2_MGAT4C","Glut-DACH2-5",0.438260903769756
"SN531_ACGGAAGCAGCTCGGT","Ex_DACH2_GRIK4","Glut-DACH2-1",0.820407617641596
"SN531_GTCACGGCAATCTAGC","Ex_DACH2_LUZP2","Glut-DACH2-2",0.303002052876369
"SN531_GACAGCCGTAACACCT","Ex_DACH2_LUZP2","Glut-DACH2-1",0.771986493818532
"SN531_GTTTGGAGTCCTCCAT","Ex_DACH2_MGAT4C","Glut-DACH2-1",0.926273057275931
"SN531_GTTGTGAAGACATCAA","Ex_CACNA1H_MCTP2","Glut-CACNA1H-4",0.406457151910574
"SN531_GATTCGACACAAGGTG","Ex_DACH2_SLIT2","Glut-CACNA1H-4",0.499368520315631
"SN531_ATTCGTTCATGACTAC","Ex_DACH2_LUZP2","Glut-DACH2-2",0.419331351156799
"SN531_GATAGAAAGGATGGCT","Ex_DACH2_LUZP2","Glut-DACH2-3",0.749682949910342
"SN531_ATACCTTTCGCGATCG","Ex_DACH2_NR4A3","Glut-DACH2-1",0.542431918055336
"SN531_TGCTTGCCAACAAAGT","Ex_DACH2_MGAT4C","Glut-DACH2-1",0.379900631261261
"SN531_GAGTCATAGCCTAACT","Ex_DACH2_SLIT2","Glut-CACNA1H-4",0.660575991079203
"SN531_GGCACGTTCTATACGG","Ex_DACH2_SLIT2","Glut-DACH2-3",0.741525279676468
"SN531_TCTAACTCAAATGATG","Ex_DACH2_MGAT4C","Glut-DACH2-1",0.478378021469465
"SN531_TGCAGGCGTTGGCCTG","Ex_DACH2_SLIT2","Glut-DACH2-3",1
"SN531_AACTTCTCACCCAATA","Ex_DACH2_NR4A3","Glut-CACNA1H-RA",0.336115609965276
"SN531_AGGAATATCACCCTGT","Ex_DACH2_CEMIP","Glut-DACH2-6",0.535945498245237
"SN531_GTAAGTCCATGGGTCC","Ex_DACH2_SLIT2","Glut-DACH2-1",0.586250918892834
"SN531_TTCAGGAAGATTCGAA","Ex_DACH2_SLIT2","Glut-DACH2-3",1
"SN531_CATCCACCAAGGTACG","Ex_DACH2_ZMAT4","Glut-DACH2-3",0.477651689661915
"SN531_TGTGTGATCACCTTGC","Ex_DACH2_ADAMTS5","Glut-DACH2-5",0.817638603788108
"SN531_CGTTGGGCACACCTTC","Ex_DACH2_MGAT4C","Glut-DACH2-7",0.659355303906429
"SN531_AGGACTTAGATGTTAG","Ex_DACH2_GRIK4","Glut-DACH2-1",0.550668076725168
"SN531_TTCCTTCCAATGAAAC","Ex_DACH2_ADAMTS5","Glut-DACH2-5",0.737753722429857
"SN531_GGGAGATGTAGTTACC","Ex_DACH2_LUZP2","Glut-DACH2-1",0.516221705417094
"SN531_TTCCAATTCGGCCCAA","Ex_DACH2_LUZP2","Glut-DACH2-1",0.332483289703533
"SN531_ATGCATGCAACAGCTT","Ex_DACH2_SLIT2","Glut-DACH2-3",0.991352904006518
"SN531_CCGGTAGCACAACGTT","Ex_DACH2_GRIK4","Glut-DACH2-7",0.547327730022373
"SN531_CGTTAGAAGCCTTTGA","Ex_DACH2_LHX2","Glut-DACH2-1",0.537200490447161
"SN531_GCTGAATGTTCGTACA","Ex_DACH2_SLIT2","Glut-DACH2-6",0.380888407519044
"SN531_TAGGAGGTCTCCTGTG","Ex_DACH2_SLIT2","Glut-DACH2-3",1
"SN531_ACTGATGTCTGATGGT","Ex_DACH2_LUZP2","Glut-DACH2-2",0.525991410598683
"SN531_GTTATGGCAGGTCTCG","Ex_DACH2_LUZP2","Glut-DACH2-2",0.311579379448277
"SN531_CCACGAGCAGGACAGT","Ex_DACH2_ADAMTS5","Glut-DACH2-5",0.674257168106452
"SN531_CCTCACAGTTCTTAGG","Ex_DACH2_GRIK4","Glut-DACH2-1",0.665737516542478
"SN531_TCTACCGTCGTAGTGT","Ex_CACNA1H_MCTP2","Glut-CACNA1H-4",0.51382493361983
"SN531_TGTCAGACAAATGAGT","Ex_DACH2_ITGA9","Glut-DACH2-1",0.339324840459623
"SN531_GAGACCCAGTCGAGGT","Ex_DACH2_SLIT2","Glut-CACNA1H-4",0.911039365047138
"SN531_GTAGATCGTGTGATGG","Ex_DACH2_SLIT2","Glut-DACH2-3",0.989484110151926
"SN531_TAGTGCAAGTTCTCTT","Ex_BCL6","Glut-DACH2-3",0.763346379668892
"SN531_ATCACGAGTCGAACAG","Ex_DACH2_SLIT2","Glut-DACH2-1",0.678743828481021
"SN531_GCAACATCATCCGGTG","Ex_DACH2_MGAT4C","Glut-DACH2-2",0.46651527855542
"SN531_GACCCTTTCTCGTGAA","Ex_DACH2_LHX2","Glut-DACH2-1",0.54427213274709
"SN531_CTCCGATCATGTACGT","Ex_BCL6","Glut-DACH2-3",0.391854398713688
"SN531_CACAACACATGCGGTC","Ex_DACH2_GRIK4","Glut-DACH2-1",0.792692989234772
"SN531_CAGGGCTAGTAGTCCT","Ex_DACH2_LUZP2","Glut-CACNA1H-4",0.562210817735636
"SN531_TCGGGACGTCAAGCCC","Ex_DACH2_ITGA9","Glut-DACH2-4",0.565969860536158
"SN531_CCTTCAGCAATAGAGT","Ex_BCL6","Glut-DACH2-3",0.642568291536601
"SN531_GAATCGTGTGCCTTCT","Ex_DACH2_GRIK4","Glut-DACH2-1",0.900325278818374
"SN531_CAGCACGTCAAGCCCG","Ex_DACH2_NR4A3","Glut-DACH2-1",0.396797542167059
"SN531_ACAAAGAGTTGGACCC","Ex_DACH2_SLIT2","Glut-CACNA1H-4",0.933243013178577
"SN531_AGAAGCGCAGTCTCTC","Ex_DACH2_LUZP2","Glut-DACH2-2",0.507186893730762
"SN531_TTCAATCAGGAAAGAC","Ex_BCL6","Glut-DACH2-3",0.392048565014066
"SN531_TTCATTGGTAGCTTGT","Ex_DACH2_SLIT2","Glut-DACH2-3",0.820990540629537
"SN531_AACAACCGTTGCATAC","Ex_DACH2_NR4A3","Glut-DACH2-1",0.645974571647849
"SN531_AGGGTTTAGAGTGTGC","Ex_DACH2_LUZP2","Glut-DACH2-1",0.39930637361548
"SN531_GTCTACCTCGCAGTTA","Ex_BCL6","Glut-DACH2-2",0.518353940529033
"SN531_CCGGGTATCTGCGTCT","Ex_DACH2_ITGA9","Glut-DACH2-4",0.713886056359577
"SN531_GATAGAATCGCAGTCG","Ex_DACH2_SLIT2","Glut-CACNA1H-4",0.66189797172991
"SN531_ACCGTTCTCTGAGATC","Ex_DACH2_MGAT4C","Glut-DACH2-7",0.456721769312332
"SN531_GTGGAGATCGTGAGAG","Ex_BCL6","Glut-DACH2-3",0.301010441289484
"SN531_TCACATTGTTCGAGCC","Ex_DACH2_LUZP2","Glut-DACH2-2",0.544641541639601
"SN531_GTCTACCCAGACAATA","Ex_DACH2_SLIT2","Glut-DACH2-3",1
"SN531_GCAGCTGCACTGGCGT","Ex_BCL6","Glut-DACH2-3",0.78404447125897
"SN531_TTCACCGGTAACGTTC","Ex_BCL6","Glut-DACH2-3",0.56426375459848
"SN531_AGGTCTAGTCCACTTC","Ex_BCL6","Glut-DACH2-3",0.669185752256513
"SN531_TGATTTCAGGCGCTCT","Ex_DACH2_LUZP2","Glut-CACNA1H-4",0.603710739318467
"SN531_AGTCACAAGATTACCC","Ex_DACH2_LUZP2","Glut-DACH2-2",0.496286727708632
"SN531_TTGTGTTGTGACAGGT","Ex_DACH2_SLIT2","Glut-CACNA1H-4",0.503735272539254
"SN531_CCTTGTGAGTGAGTGC","Ex_DACH2_SLIT2","Glut-DACH2-3",0.980662222649825
"SN531_AGCCAGCCAACGAGGT","Ex_DACH2_GRIK4","Glut-DACH2-1",0.612669895478726
"SN531_GTAGTACAGATAACGT","Ex_BCL6","Glut-DACH2-3",0.781287188222597
"SN531_GTAACCAAGTCCGCCA","Ex_DACH2_MGAT4C","Glut-DACH2-1",0.618381554736229
"SN531_TGTTCCGTCAAAGCCT","Ex_DACH2_LUZP2","Glut-DACH2-1",0.467102643885237
"SN531_GAGTTGTCAGTCACGC","Ex_BCL6","Glut-DACH2-3",0.228522299310476
"SN531_AGATCGTCATGAATCC","Ex_DACH2_LHX2","Glut-DACH2-3",0.41628322584251
"SN531_AGAAATGCACGTCGGT","Ex_DACH2_MGAT4C","Glut-DACH2-1",0.81453722176749
"SN531_GTAGAGGGTCCGATCG","Ex_DACH2_SLIT2","Glut-DACH2-3",1
"SN531_TCTGTCGGTGGATCAG","Ex_DACH2_ITGA9","Glut-DACH2-1",0.498391311509848
"SN531_GAACACTTCACATACG","Ex_DACH2_LUZP2","Glut-DACH2-2",0.370538916034282
"SN531_TGAACGTCACGGATCC","Ex_DACH2_LUZP2","Glut-DACH2-2",0.479247926289833
"SN531_TTAATCCCAGCGTTTA","Ex_DACH2_LUZP2","Glut-DACH2-3",0.315980837764231
"SN531_ACATCCCCAGAAGTTA","Ex_DACH2_NR4A3","Glut-DACH2-7",0.700043020752781
"SN531_AGTTCCCTCTCACGAA","Ex_DACH2_LUZP2","Glut-DACH2-2",0.507268033993529
"SN531_ACTTTGTAGTGGAAGA","Ex_DACH2_SLIT2","Glut-DACH2-3",1
"SN531_CGCCATTAGCAGCCTC","Ex_DACH2_MGAT4C","Glut-DACH2-1",0.683672763623333
"SN531_CTCAGGGTCGCGTCGA","Ex_DACH2_SLIT2","Glut-DACH2-1",0.39752077079795
"SN531_GCCCAGAGTCAACGCC","Ex_BCL6","Glut-DACH2-3",0.691170462021966
"SN531_GGGCCATGTGCGGATA","Ex_DACH2_SLIT2","Glut-CACNA1H-4",0.732202009601006
"SN531_GATCAGTTCTTAAGGC","Ex_DACH2_ADAMTS5","Glut-DACH2-5",0.515084295918978
"SN531_CGTGAATTCTCCGATC","Ex_BCL6","Glut-DACH2-3",0.715289776210282
"SN531_TGCGACGGTCATCGCG","Ex_DACH2_LUZP2","Glut-DACH2-1",0.621515385531453
"SN531_AGAGAGCAGATTGAGT","Ex_DACH2_LUZP2","Glut-DACH2-1",0.62511054214261
"SN531_ACCTGTCCACCCAAGC","Ex_DACH2_GRIK4","Glut-DACH2-1",0.702893610771896
"SN531_CACTGTCTCTACTATC","Ex_DACH2_LUZP2","Glut-DACH2-2",0.421349311200596
"SN531_CAACGATGTCGTTGCG","Ex_DACH2_MGAT4C","Glut-DACH2-1",0.611865701520468
"SN531_TTGGGCGGTGAGACGT","Ex_DACH2_SLIT2","Glut-DACH2-3",0.855904417136336
"SN531_GCTTCACCACGGTGAA","Ex_DACH2_LHX2","Glut-DACH2-2",0.61131092127996
"SN531_ATTGGGTAGCATTTGC","Ex_CACNA1H_MCTP2","Glut-CACNA1H-2",0.790107545282306
"SN531_TGTTCCGTCTGGGCGT","Ex_DACH2_SLIT2","Glut-DACH2-3",1
"SN531_AACCAACCAGCTGTGC","Ex_DACH2_LUZP2","Glut-DACH2-2",0.394963331454741
"SN531_GCGATCGCAGGAATAT","Ex_DACH2_LUZP2","Glut-DACH2-2",0.411457556019783
"SN531_ACGTAACCACCGCTAG","Ex_DACH2_LUZP2","Glut-DACH2-2",0.555827837801547
"SN531_ATCGATGGTCTCACAA","Ex_DACH2_ITGA9","Glut-DACH2-3",0.869537702856839
"SN531_ATACCGAGTGACTAAA","Ex_DACH2_MGAT4C","Glut-DACH2-2",0.539825605691531
"SN531_TGGGTTAGTTCCGCAG","Ex_DACH2_MGAT4C","Glut-DACH2-2",0.415627709365473
"SN531_TCTAACTCAATTGGTC","Ex_DACH2_LUZP2","Glut-DACH2-1",0.682096712555894
"SN531_CTGCTCATCTCAACCC","Ex_DACH2_SLIT2","Glut-DACH2-3",0.836401904423946
"SN531_TCTCAGCTCGGTAACT","Ex_DACH2_ADAMTS5","Glut-DACH2-5",0.546404539104146
"SN531_GTGGAGATCGTGGCGT","Ex_CACNA1H_MCTP2","Glut-DACH2-1",0.69612203498043
"SN531_AAAGTGAAGTCATGCT","Ex_DACH2_GRIK4","Glut-DACH2-2",0.420238846650824
"SN531_TGACAGTCACAACCGC","Ex_DACH2_LUZP2","Glut-DACH2-1",0.64594706288762
"SN531_ACGTAGTGTTTAGACC","Ex_DACH2_SLIT2","Glut-DACH2-3",0.477961680549241
"SN531_TCGGATATCTGAGAGG","Ex_DACH2_LUZP2","Glut-CACNA1H-4",0.960023981271551
"SN531_CTTCCGAAGGGAGAAT","Ex_BCL6","Glut-DACH2-3",0.997167656482919
"SN531_CTCATGCAGCTCCATA","Ex_DACH2_ADAMTS5","Glut-DACH2-5",0.340792963330725
"SN531_ACAGAAAGTAGTAAGT","Ex_DACH2_LUZP2","Glut-CACNA1H-4",0.991486711193688
"SN531_CAGTGCGTCCACTAGA","Ex_DACH2_NR4A3","Glut-DACH2-1",0.432543321032091
"SN531_TGAGGAGGTTCGGACC","Ex_DACH2_SLIT2","Glut-CACNA1H-4",0.710937792066194
"SN531_TTTATGCTCGTAATGC","Ex_DACH2_ADAMTS5","Glut-DACH2-5",0.680219900172792
"SN531_TCCTCCCAGCGACTAG","Ex_DACH2_SLIT2","Glut-DACH2-3",0.997493591803038
"SN531_CCAATTTTCGAAGGAC","Ex_DACH2_LUZP2","Glut-DACH2-2",0.560541950031929
"SN531_GTCTTTACATTGGATC","Ex_DACH2_LHX2","Glut-DACH2-3",0.865042393566225
"SN531_ATTCCCGCAGGTCCGT","Ex_DACH2_ZMAT4","Glut-DACH2-3",1
"SN531_AACCATGAGGTCCGAA","Ex_DACH2_SLIT2","Glut-CACNA1H-4",0.849134044247941
"SN531_GTCCTCATCGAGAGCA","Ex_DACH2_NR4A3","Glut-DACH2-1",0.732355050064671
"SN531_CTAACCCTCGTACACA","Ex_DACH2_MGAT4C","Glut-DACH2-1",0.747640693134276
"SN531_CGAGGCTCACGAAAGC","Ex_BCL6","Glut-DACH2-3",0.580546287462386
"SN531_ATCCGTCGTAGTGCGA","Ex_CACNA1H_MCTP2","Glut-CACNA1H-4",0.525649451926022
"SN531_AACGGGAGTGTGTCCG","Ex_DACH2_ITGA9","Glut-DACH2-4",0.504264338984007
"SN531_ATCTCTATCGGTATGT","Ex_DACH2_LHX2","Glut-DACH2-1",0.30362372201609
"SN531_AAAGTGAGTATGTCCA","Ex_CACNA1H_MCTP2","Glut-CACNA1H-2",0.393534915952391
"SN531_TGAGCATGTTCGTTCC","Ex_DACH2_LUZP2","Glut-DACH2-2",0.485262517261248
"SN531_GGCTGTGGTATACCCA","Ex_DACH2_ADAMTS5","Glut-DACH2-5",0.567214514670628
"SN531_ACGATCACAAGAGGCT","Ex_DACH2_MGAT4C","Glut-DACH2-1",0.767538584561939
"SN531_TATTGGGAGTAGGATT","Ex_DACH2_ITGA9","Glut-DACH2-3",1
"SN531_TGGAGGACATCCGCGA","Ex_DACH2_MGAT4C","Glut-DACH2-1",0.628098458449469
"SN531_ATTGTTCCAGATGCGA","Ex_DACH2_SLIT2","Glut-DACH2-3",0.877713121712789
"SN531_TCGATTTGTCGTATGT","Ex_DACH2_LUZP2","Glut-DACH2-1",0.393406382515954
"SN531_TCAGTTTGTTCTCTCG","Ex_DACH2_LUZP2","Glut-DACH2-1",0.587468569532469
"SN531_AGATGAAGTAGAATAC","Ex_DACH2_LUZP2","Glut-DACH2-1",0.49795545104723
"SN531_ACGGGTCGTTGTGCCG","Ex_DACH2_MGAT4C","Glut-DACH2-2",0.456556178069631
"SN531_GACCCAGTCTACGCGG","Ex_DACH2_LHX2","Glut-DACH2-2",0.380566693345737
"SN531_GTTACCCCACATACGT","Ex_BCL6","Glut-DACH2-6",0.399657972159239
"SN531_CATCGCTTCCATCTCG","Ex_DACH2_SLIT2","Glut-DACH2-1",0.352698439096815
"SN531_AATGAAGCACAGTCCG","Ex_DACH2_GRIK4","Glut-DACH2-1",0.719278104210438
"SN531_CGAGTGCAGGGCGAAG","Ex_BCL6","Glut-CACNA1H-2",0.351449067560834
"SN531_CACGTGGTCTGCTCTG","Ex_DACH2_NR4A3","Glut-DACH2-1",0.60376260475727
"SN531_GTCACTCAGGCTGTAG","Ex_DACH2_LUZP2","Glut-DACH2-1",0.825031111189315
"SN531_CTACTATAGACCCTTA","Ex_DACH2_SLIT2","Glut-DACH2-3",0.988761407928115
"SN531_CCTCACAGTACTCCGG","Ex_DACH2_LHX2","Glut-DACH2-1",0.586798156414256
"SN531_TAGGGTTGTTTACACG","Ex_DACH2_LUZP2","Glut-DACH2-2",0.397164820178463
"SN531_CTGGTCTCAAGAAATC","Ex_DACH2_SLIT2","Glut-DACH2-3",0.798620676352152
"SN531_TGCACGGCAACCGTGC","Ex_DACH2_LUZP2","Glut-DACH2-1",0.467859286176048
"SN531_GTGAGTTTCTTTGCAT","Ex_DACH2_SLIT2","Glut-DACH2-3",1
"SN531_ACGGGTCGTATCCCTC","Ex_DACH2_LHX2","Glut-DACH2-1",0.787144168669351
"SN531_GCACTAAGTGTTTACG","Ex_BCL6","Glut-DACH2-6",0.434302530611413
"SN531_GCACTAATCGAGCCAC","Ex_DACH2_LHX2","Glut-DACH2-2",0.348367622079323
"SN531_TGAGTCATCCTGTTAT","Ex_DACH2_LHX2","Glut-DACH2-4",0.26413080280319
"SN531_AGCTTCCCAGGCAATG","Ex_DACH2_LHX2","Glut-DACH2-2",0.532161897255785
"SN531_TGCTCGTTCGGTCTGG","Ex_DACH2_LUZP2","Glut-CACNA1H-4",0.942722845281541
"SN531_GCTCAAACATGGATCT","Ex_DACH2_GRIK4","Glut-DACH2-1",0.807175829652489
"SN531_GCGTTTCTCCACGTGG","Ex_DACH2_LUZP2","Glut-DACH2-2",0.553692599236229
"SN531_ATTCGTTTCTGCGGCA","Ex_DACH2_MGAT4C","Glut-DACH2-5",0.529378842925161
"SN531_TCGAACATCGTTTACT","Ex_DACH2_MGAT4C","Glut-DACH2-1",0.692464513732824
"SN531_TTGGTTTGTGTGTCGC","Ex_DACH2_NR4A3","Glut-DACH2-7",0.481389943152739
"SN531_CACATGATCTGCTGAA","Ex_DACH2_MGAT4C","Glut-DACH2-2",0.374459165749646
"SN531_CAAAGAAGTGCTGCAC","Ex_DACH2_ADAMTS5","Glut-DACH2-2",0.410083910944837
"SN531_TACTTGTCACACCTAA","Ex_DACH2_GRIK4","Glut-DACH2-1",0.944199824858757
"SN531_ATCGTGAGTGTACGCC","Ex_BCL6","Glut-CACNA1H-2",0.237448562408426
"SN531_TTCGCTGTCCAGTGCG","Ex_DACH2_GRIK4","Glut-DACH2-1",0.847764718912472
"SN531_TGTGTGAAGAGGGTCT","Ex_DACH2_MGAT4C","Glut-DACH2-1",0.861196236245624
"SN531_AGGGTTTGTAGGCAAC","Ex_DACH2_ADAMTS5","Glut-DACH2-5",0.47423506715142
"SN531_TGCGGCAAGTGTACAA","Ex_DACH2_LUZP2","Glut-DACH2-2",0.467641425164956
"SN531_CAGGTATCATCGAGCC","Ex_DACH2_LHX2","Glut-DACH2-1",0.578017173367243
"SN531_ATTATCCTCCACTGGG","Ex_DACH2_LUZP2","Glut-DACH2-2",0.521579517992988
"SN531_TGAATCGCATGACTTG","Ex_DACH2_LHX2","Glut-DACH2-1",0.323662916888342
"SN531_GAGTTGTTCGCCGATG","Ex_DACH2_LUZP2","Glut-DACH2-3",0.383001787834367
"SN531_GCGAGAAAGCGTGAGT","Ex_DACH2_MGAT4C","Glut-DACH2-2",0.382073599160474
"SN531_TACATTCGTGCCTGAC","Ex_DACH2_LUZP2","Glut-DACH2-2",0.485036941520333
"SN531_AAAGGGCTCGTCACCT","Ex_DACH2_LHX2","Glut-DACH2-2",0.464687770645952
"SN531_TTCTGTACACAAGGTG","Ex_DACH2_LUZP2","Glut-DACH2-2",0.51228912716747
"SN531_CGAAGTTAGGTGCGAT","Ex_DACH2_LUZP2","Glut-DACH2-2",0.510305734305893
"SN531_GGTGGCTCATTCTCTA","Ex_DACH2_ITGA9","Glut-DACH2-4",0.531472425678513
"SN531_AAGGAATCAGCATACT","Ex_DACH2_LUZP2","Glut-DACH2-2",0.571769051547181
"SN531_CTTGATTGTGCAACAG","Ex_BCL6","Glut-DACH2-3",0.55211178937995
"SN531_CCACGAGGTTGCATGT","Ex_DACH2_LUZP2","Glut-CACNA1H-4",0.560942602473385
"SN531_ATCCGTCTCGGTGTAT","Ex_DACH2_MGAT4C","Glut-DACH2-1",0.430176445497628
"SN531_GAGTCTATCCCGAGAC","Ex_DACH2_SLIT2","Glut-CACNA1H-4",0.993377174710117
"SN531_CATTCATCAAACTAAG","Ex_DACH2_LUZP2","Glut-DACH2-2",0.494182572696261
"SN531_GAGGCAATCTGAGAGG","Ex_DACH2_ADAMTS5","Glut-DACH2-5",0.724504471167894
"SN531_GAGGCCTGTTCCAGGC","Ex_DACH2_SLIT2","Glut-DACH2-3",0.806189877179526
"SN531_ACAAAGAGTGACTCGC","Ex_BCL6","Glut-DACH2-3",0.386959233373483
"SN531_GGTTGTAGTAAGCTCT","Ex_BCL6","Glut-CACNA1H-3",0.336587288240249
"SN531_AGCCAATGTATCACGT","Ex_BCL6","Glut-CACNA1H-2",0.40077857879767
"SN531_AGGCTGCCAATGCAAA","Ex_DACH2_LUZP2","Glut-DACH2-2",0.456004240051423
"SN531_CTTCTAAAGACGCCCT","Ex_DACH2_LUZP2","Glut-DACH2-2",0.439765828414197
"SN531_GTCACGGAGTGCACTT","Ex_DACH2_LUZP2","Glut-DACH2-2",0.468408211268308
"SN531_GGAGATGTCGACGCGT","Ex_DACH2_LUZP2","Glut-DACH2-1",0.479364260182486
"SN531_GACTCTCAGATGGTCG","Ex_DACH2_LUZP2","Glut-DACH2-1",0.591825608446805
"SN531_CATAGACTCCCTCTCC","Ex_DACH2_LUZP2","Glut-DACH2-2",0.480421712270018
"SN531_GCTGAATAGAAGGGAT","Ex_DACH2_ADAMTS5","Glut-DACH2-5",0.381341454605758
"SN531_ATTCCTAAGCCATTGT","Ex_DACH2_LUZP2","Glut-DACH2-2",0.431119486091171
"SN531_CGTGAATGTCACAGTT","Ex_DACH2_SLIT2","Glut-CACNA1H-4",0.964540359932491
"SN531_AGTCTCCTCTTGCAAG","Ex_DACH2_LUZP2","Glut-DACH2-2",0.457109878141
"SN531_ATTCGTTGTAGGTGCA","Ex_DACH2_LUZP2","Glut-DACH2-2",0.415871355959314
"SN531_CCGGTAGGTAGCGTAG","Ex_DACH2_SLIT2","Glut-DACH2-2",0.416126089917581
"SN531_GGAATCTCAGCGCGTT","Ex_DACH2_GRIK4","Glut-DACH2-1",0.502454127954798
"SN531_CGCATGGCAGCTACCG","Ex_DACH2_SLIT2","Glut-DACH2-3",1
"SN531_TCGACGGCAATTCGTG","Ex_DACH2_MGAT4C","Glut-DACH2-1",0.542332138386414
"SN531_CAACAACGTGGTCCCA","Ex_DACH2_SLIT2","Glut-DACH2-3",1
"SN531_GATGATCCATGTGTCA","Ex_DACH2_SLIT2","Glut-DACH2-3",0.671656930540427
"SN531_CTGAGCGGTTATAGCC","Ex_DACH2_NR4A3","Glut-DACH2-1",0.502295369118113
"SN531_AACCCAAGTGTCCCTT","Ex_DACH2_ITGA9","Glut-DACH2-1",0.453850481911124
"SN531_CTCTCAGAGTAGCATA","Ex_DACH2_GRIK4","Glut-DACH2-1",0.408931020345693
"SN531_AGGATAAGTATGACAA","Ex_BCL6","Glut-DACH2-3",0.477730034290549
"SN531_CCCTCAATCGCGTTTC","Ex_DACH2_SLIT2","Glut-DACH2-3",0.989698508237894
"SN531_GGGTCTGGTTCAGCGC","Ex_DACH2_NR4A3","Glut-DACH2-7",0.357991812233093
"SN531_GGAAGTGTCAATGCAC","Ex_DACH2_LHX2","Glut-DACH2-2",0.409027068335147
"SN531_CTCTCGAGTGGCCTCA","Ex_BCL6","Glut-DACH2-6",0.664578284970346
"SN531_TTGTTCAGTGCAGATG","Ex_CACNA1H_MCTP2","Glut-DACH2-1",0.120436584464765
"SN531_CGTCAAATCAACGAGG","Ex_DACH2_ADAMTS5","Glut-DACH2-2",0.385375602546201
"SN531_ATGAGTCTCGTCCTTG","Ex_DACH2_LUZP2","Glut-DACH2-2",0.472824998259105
"SN531_GTCACTCGTGTAACGG","Ex_DACH2_LUZP2","Glut-DACH2-2",0.62707850081505
"SN531_TTGAACGTCATTCCTA","Ex_DACH2_SLIT2","Glut-DACH2-2",0.346569747998118
"SN531_AGGGTCCTCTGAATCG","Ex_DACH2_SLIT2","Glut-DACH2-3",0.855429758993721
"SN531_ATCGTAGGTAATTGGA","Ex_DACH2_ADAMTS5","Glut-DACH2-2",0.340667726608235
"SN531_TCGGGCAGTGGAAATT","Ex_BCL6","Glut-DACH2-3",0.369915171600836
"SN531_CTTTCGGGTTTGATCG","Ex_DACH2_SLIT2","Glut-DACH2-3",0.589992219594082
"SN531_GCCATGGGTTTCAGAC","Ex_DACH2_ITGA9","Glut-DACH2-1",0.584136388151402
"SN531_AAAGGTAAGGCGCTCT","Ex_DACH2_SLIT2","Glut-DACH2-3",0.962442684994703
"SN531_TACCTGCGTCCCTAAA","Ex_DACH2_GRIK4","Glut-DACH2-1",0.400334576771747
"SN531_AGACAGGTCCCTCAAC","Ex_DACH2_MGAT4C","Glut-DACH2-1",0.69953241690336
"SN531_TTGGGATAGTGGAAAG","Ex_DACH2_MGAT4C","Glut-DACH2-7",0.494592655335255
"SN531_AAGATAGGTCAGACGA","Ex_DACH2_LUZP2","Glut-CACNA1H-4",0.710565883597721
"SN531_CATGCTCCAGAGTAAT","Ex_DACH2_LUZP2","Glut-DACH2-1",0.39333104572611
"SN531_CAGCAATGTGATTAGA","Ex_DACH2_LUZP2","Glut-DACH2-2",0.478226311645038
"SN531_TCCTCTTCACAATGAA","Ex_DACH2_LUZP2","Glut-DACH2-1",0.247046005923763
"SN531_CCGGGTACATTCGGGC","Ex_DACH2_ITGA9","Glut-DACH2-4",0.778015815212649
"SN531_CTAAGTGGTCGTATTG","Ex_DACH2_MGAT4C","Glut-DACH2-1",0.632679250871294
"SN531_ACCTGTCCACGTCATA","Ex_DACH2_SLIT2","Glut-DACH2-3",0.701171301452523
"SN531_CGTAAGTGTCTCTCCA","Ex_DACH2_LUZP2","Glut-DACH2-2",0.390418018464189
"SN531_CGGGTCATCACGAACT","Ex_DACH2_LHX2","Glut-DACH2-1",0.511956595144475
"SN531_ATTATCCAGTAGTGCG","Ex_DACH2_LHX2","Glut-DACH2-1",0.631777645499238
"SN531_CGCATGGTCTTGCAAG","Ex_DACH2_LUZP2","Glut-DACH2-2",0.493643238167968
"SN531_CATGGTATCCGTAGTA","Ex_DACH2_SLIT2","Glut-DACH2-3",0.590578312590753
"SN531_CACGGGTAGGTGGTTG","Ex_DACH2_LUZP2","Glut-CACNA1H-4",0.455153214678935
"SN531_AGGGTTTGTTGCATAC","Ex_BCL6","Glut-DACH2-6",0.404219085186072
"SN531_CATGGTAAGAATCGTA","Ex_DACH2_SLIT2","Glut-DACH2-3",0.756530966888671
"SN531_GCAGTTACAATCTCTT","Ex_DACH2_LUZP2","Glut-DACH2-2",0.501065206783524
"SN531_TCGTAGAGTATTTCCT","Ex_DACH2_SLIT2","Glut-CACNA1H-4",0.29881697727268
"SN531_CGGGTGTGTTGTGCCG","Ex_DACH2_ITGA9","Glut-DACH2-3",0.612903172117573
"SN531_AGATAGAAGACATGCG","Ex_DACH2_ADAMTS5","Glut-DACH2-5",0.620359675896248
"SN531_TCAAGCACAAGTTGGG","Ex_DACH2_RORB","Glut-DACH2-3",0.447373446025659
"SN531_CGTGAATTCATCGCAA","Ex_DACH2_GRIK4","Glut-DACH2-1",0.552818697729891
"SN531_CCGGTAGCATCATTTC","Ex_DACH2_LUZP2","Glut-DACH2-2",0.588683405466992
"SN531_TGAGGTTAGAGCAGTC","Ex_DACH2_LUZP2","Glut-CACNA1H-4",0.586962579779542
"SN531_AGGATAAAGACCTGGA","Ex_DACH2_LUZP2","Glut-CACNA1H-2",0.82733841919937
"SN531_TCTACCGAGACCACGA","Ex_DACH2_LUZP2","Glut-DACH2-2",0.470291656376649
"SN531_CCGGACAAGAGAGTGA","Ex_BCL6","Glut-DACH2-3",0.409672603875739
"SN531_AAGCGTTAGGCTTTCA","Ex_DACH2_MGAT4C","Glut-DACH2-1",0.462659399105344
"SN531_TGAGGGAGTACCACGC","Ex_DACH2_SLIT2","Glut-DACH2-3",0.866824444645774
"SN531_ACCTGTCTCGCGCTGA","Ex_BCL6","Glut-DACH2-3",0.466112940222341
"SN531_CGTAGTAGTTATCTGG","Ex_DACH2_LUZP2","Glut-CACNA1H-2",0.478495193162628
"SN531_CGTTCTGAGCCTCGTG","Ex_DACH2_LUZP2","Glut-DACH2-2",0.342758410439999
"SN531_TCGACGGGTTAGAGAT","Ex_DACH2_MGAT4C","Glut-DACH2-2",0.436491570943806
"SN531_TAGTGCAAGGACTAAT","Ex_BCL6","Glut-DACH2-2",0.397798138892883
"SN554_TCTCACGTCTGCTTTA","Ex_Pre_KCNH7","Glut-DACH2-1",0.570913008232756
"SN554_CACTGTCCATACATCG","Ex_Pre_KCNH7","Glut-CACNA1H-4",0.465371033633341
"SN554_TTGGATGGTCCTTTGC","Ex_Pre_KCNH7","Glut-DACH2-1",0.41381842705409
"SN554_TCGGGACGTCTGCATA","Ex_Pre_KCNH7","Glut-DACH2-1",0.776943931899471
"SN554_GGTGAAGTCCGGACTG","Ex_Pre_KCNH7","Glut-DACH2-1",0.679054431000679
"SN554_CTTCGGTGTGTGTGTT","Ex_Pre_KCNH7","Glut-DACH2-1",0.57092230543759
"SN554_CAGGGCTGTCTCAAGT","Ex_Pre_KCNH7","Glut-DACH2-1",0.662234818900691
"SN554_GACCTTCGTGCGCTCA","Ex_Pre_KCNH7","Glut-DACH2-6",0.418589986130529
"SN554_GTGGAAGAGGTTCAGG","Ex_Pre_KCNH7","Glut-DACH2-1",0.352548158588838
"SN554_CAGCGTGAGCCAAGCA","Ex_Pre_KCNH7","Glut-CACNA1H-4",0.540535934142194
"SN554_ATGAAAGGTGACGCCT","Ex_Pre_KCNH7","Glut-DACH2-1",0.501820591218549
"SN554_CGGTCAGAGTTGTCGT","Ex_Pre_KCNH7","Glut-DACH2-1",0.438042335761376
"SN554_CCCGAAGTCTTGGATG","Ex_Pre_KCNH7","Glut-DACH2-HVCra-Int",0.257477533585243
"SN554_CGCATAACACATAGCT","Ex_Pre_KCNH7","Glut-DACH2-HVCra-Int",0.224576931696446
"SN554_ATTATCCTCCCAAGTA","Ex_Pre_KCNH7","Glut-CACNA1H-3",0.265323560208727
"SN554_TGCAGTAAGTCAGCCC","Ex_Pre_KCNH7","Glut-DACH2-HVCx",0.711085722604764
"SN554_TTGAGTGCATGACTCA","Ex_CACNA1H_LHX9","Glut-CACNA1H-4",0.928034910416501
"SN554_AGATAGAGTCACTTCC","Ex_CACNA1H_LHX9","Glut-CACNA1H-1",0.746551187253874
"SN554_TGAATCGAGTAAGAGG","Ex_CACNA1H_LHX9","Glut-CACNA1H-1",0.706875823300912
"SN554_TTGGGTATCCAAGCAT","Ex_CACNA1H_LHX9","Glut-CACNA1H-1",0.527459079536265
"SN554_CCAAGCGGTGTGTCGC","Ex_CACNA1H_LHX9","Glut-CACNA1H-1",0.783576741385625
"SN554_GTTGAACGTTCAGTAC","Ex_CACNA1H_LHX9","Glut-CACNA1H-1",0.647158523137826
"SN554_TACCCGTAGACAGCGT","Ex_CACNA1H_LHX9","Glut-CACNA1H-1",0.704658013196227
"SN554_CACGAATTCCGAAGGA","Ex_CACNA1H_LHX9","Glut-CACNA1H-4",0.869016404285904
"SN554_ATACTTCCACATTGTG","Ex_CACNA1H_LHX9","Glut-CACNA1H-4",0.910892997487643
"SN554_TATCGCCGTCACTCAA","Ex_CACNA1H_LHX9","Glut-CACNA1H-4",0.936043869768231
"SN554_AGTGATCTCGCAAGAG","Ex_CACNA1H_LHX9","Glut-CACNA1H-4",0.926233194146326
"SN554_CGAAGGACAACGCATT","Ex_CACNA1H_LHX9","Glut-CACNA1H-1",0.712372647394462
"SN554_GCAGTTATCATCTCTA","Ex_CACNA1H_LHX9","Glut-CACNA1H-1",0.578267565670084
"SN554_TGGTTAGGTCCACGCA","Ex_CACNA1H_LHX9","Glut-CACNA1H-1",0.577092740678617
"SN554_CCAAGCGAGCTACAAA","Ex_CACNA1H_LHX9","Glut-CACNA1H-2",0.997070979736488
"SN554_GAACTGTAGAATGTTG","Ex_CACNA1H_LHX9","Glut-CACNA1H-4",0.934283534655481
"SN554_CAACCAACAAATACGA","Ex_CACNA1H_LHX9","Glut-CACNA1H-4",0.935389588263826
"SN554_TCCAGAAAGCATGATA","Ex_CACNA1H_LHX9","Glut-CACNA1H-4",0.983017843620837
"SN554_AGTGTTGCAAGTTGGG","Ex_CACNA1H_LHX9","Glut-DACH2-1",0.426102550884854
"SN554_GCCAACGGTAACGGTG","Ex_CACNA1H_LHX9","Glut-CACNA1H-1",0.599110031821121
"SN554_CGATGCGAGAAGTCCG","Ex_CACNA1H_LHX9","Glut-CACNA1H-4",0.909959811407071
"SN554_TGTAGACTCGATGGAG","Ex_CACNA1H_LHX9","Glut-CACNA1H-4",0.844323036802904
"SN554_TTTCCTCCATTGACAC","Ex_CACNA1H_LHX9","Glut-CACNA1H-4",0.981270076732807
"SN554_GGCTGTGCAGTCTCTC","Ex_CACNA1H_LHX9","Glut-CACNA1H-2",0.596713886368457
"SN554_GGGTCTGGTAGAGCTG","Ex_CACNA1H_LHX9","Glut-CACNA1H-1",0.809178296389207
"SN554_CATCGCTAGGCCTTCG","Ex_CACNA1H_LHX9","Glut-CACNA1H-4",0.604934614340485
"SN554_AGGAGGTGTACAGAAT","Ex_CACNA1H_LHX9","Glut-CACNA1H-1",0.617535907894128
"SN554_CTTGATTTCGGCACTG","Ex_CACNA1H_LHX9","Glut-CACNA1H-4",0.952743570081389
"SN554_GTAGAAACACAAGCAG","Ex_CACNA1H_LHX9","Glut-CACNA1H-4",0.920604084572298
"SN554_CACGTTCTCGGTGCAC","Ex_CACNA1H_LHX9","Glut-CACNA1H-4",0.989556497355412
"SN554_TTGGATGCAGAGAGGG","Ex_CACNA1H_LHX9","Glut-CACNA1H-1",0.505894988525632
"SN554_CTGAGGCTCCTTATGT","Ex_CACNA1H_LHX9","Glut-CACNA1H-4",0.926289273611148
"SN554_GGGACAATCTGTCTCG","Ex_CACNA1H_LHX9","Glut-CACNA1H-4",0.776019218335184
"SN554_CCCGGAATCTAGTGAC","Ex_CACNA1H_LHX9","Glut-CACNA1H-1",0.595211128783623
"SN554_GCTTTCGAGACCATAA","Ex_CACNA1H_LHX9","Glut-CACNA1H-4",0.856183015876935
"SN554_CATAAGCCATGACTGT","Ex_CACNA1H_LHX9","Glut-CACNA1H-4",0.909358446957727
"SN554_AAGCGTTAGGTAGATT","Ex_CACNA1H_LHX9","Glut-CACNA1H-1",0.783092236170682
"SN554_CAATGACTCAGTGTGT","Ex_CACNA1H_LHX9","Glut-CACNA1H-4",0.930074297011629
"SN554_AGAAGTATCCAACTGA","Ex_CACNA1H_LHX9","Glut-CACNA1H-4",0.64722169121587
"SN554_AAGTTCGGTTACCGTA","Ex_CACNA1H_PROX1","Glut-CACNA1H-4",0.523746920433496
"SN554_TAGGTACCAACTTCTT","Ex_CACNA1H_LHX9","Glut-CACNA1H-1",0.562217395583698
"SN554_ACCATTTCACGATAGG","Ex_CACNA1H_LHX9","Glut-CACNA1H-4",0.956611330288398
"SN554_CGGCAGTGTGAAGCGT","Ex_CACNA1H_LHX9","Glut-CACNA1H-2",0.916960982989529
"SN554_ATCACAGTCAAGATAG","Ex_CACNA1H_LHX9","Glut-CACNA1H-4",0.96448360287922
"SN554_CATCCACCATTGTGCA","Ex_CACNA1H_LHX9","Glut-CACNA1H-2",0.465006340318024
"SN554_CCTCTAGCATTATGCG","Ex_CACNA1H_LHX9","Glut-CACNA1H-1",0.64522711638068
"SN554_GTCTCACTCAGCACCG","Ex_CACNA1H_LHX9","Glut-CACNA1H-4",0.913866895121255
"SN554_TACTTACCACAAATCC","Ex_CACNA1H_LHX9","Glut-CACNA1H-4",0.970267342557968
"SN554_GTCTTTAGTTGCAACT","Ex_CACNA1H_LHX9","Glut-CACNA1H-4",0.632268578262422
"SN554_GGAATCTTCTCACCCA","Ex_CACNA1H_LHX9","Glut-CACNA1H-4",0.830550063823654
"SN554_CACAGGCTCGAACCAT","Ex_CACNA1H_LHX9","Glut-CACNA1H-1",0.575288596940016
"SN554_GCGAGAACAAGTATCC","Ex_CACNA1H_LHX9","Glut-CACNA1H-4",0.528052659407266
"SN554_TCTTCCTCATTAGGCT","Ex_CACNA1H_LHX9","Glut-CACNA1H-1",0.625518212235897
"SN554_TAGGAGGAGTGGTTCT","Ex_CACNA1H_LHX9","Glut-CACNA1H-4",0.987931113355125
"SN554_CGCCAGATCCACACCT","Ex_CACNA1H_LHX9","Glut-CACNA1H-2",0.741463089563664
"SN554_ACACTGACACTGGAAG","Ex_CACNA1H_LHX9","Glut-CACNA1H-1",0.606387959084616
"SN554_TTGGATGTCTGAGAAA","Ex_CACNA1H_LHX9","Glut-CACNA1H-4",0.9364079634161
"SN554_AGTTCCCCAGACAAAT","Ex_CACNA1H_LHX9","Glut-CACNA1H-1",0.781114654594971
"SN554_GCAGCTGGTTCGGCGT","Ex_CACNA1H_LHX9","Glut-CACNA1H-4",0.928684023429248
"SN554_AGGACGATCTGCGTCT","Ex_CACNA1H_LHX9","Glut-CACNA1H-2",0.552889530616616
"SN554_CTGTATTGTATCGTAC","Ex_CACNA1H_LHX9","Glut-CACNA1H-4",0.954851559003776
"SN554_ATGAGTCCATCCGTGG","Ex_CACNA1H_LHX9","Glut-CACNA1H-4",0.498945786329241
"SN554_TGCGGCACATACCAGT","Ex_CACNA1H_LHX9","Glut-CACNA1H-2",0.995982182397865
"SN554_ATTCTTGTCCATGCAA","Ex_CACNA1H_LHX9","Glut-CACNA1H-4",0.902847080066628
"SN554_TCCTAATTCCTTCTTC","Ex_CACNA1H_LHX9","Glut-CACNA1H-2",0.923311283091934
"SN554_TGTTGGATCGTAACCA","Ex_CACNA1H_LHX9","Glut-CACNA1H-2",0.554945432337037
"SN554_ATGCATGAGGAGACCT","Ex_CACNA1H_LHX9","Glut-CACNA1H-2",1
"SN554_TTCATTGAGTCCCGGT","Ex_CACNA1H_LHX9","Glut-CACNA1H-4",0.979134034411881
"SN554_ATGGATCGTACCGGCT","Ex_CACNA1H_LHX9","Glut-CACNA1H-4",0.976599305198533
"SN554_ATCACTTGTACGACTT","Ex_CACNA1H_LHX9","Glut-CACNA1H-2",0.827142114231999
"SN554_TCAGTCCTCTACACAG","Ex_CACNA1H_LHX9","Glut-CACNA1H-2",0.583340522987777
"SN554_CTACATTAGATGGCGT","Ex_CACNA1H_LHX9","Glut-CACNA1H-1",0.638999949699113
"SN554_GGTAGAGGTTAAACCC","Ex_CACNA1H_LHX9","Glut-CACNA1H-4",0.975377168477181
"SN554_AAATGGATCTCCTACG","Ex_CACNA1H_LHX9","Glut-CACNA1H-4",0.940856398624211
"SN554_GTAAGTCTCATGCAGT","Ex_CACNA1H_LHX9","Glut-CACNA1H-4",0.984532424399134
"SN554_ATATCCTCAAGTATAG","Ex_CACNA1H_LHX9","Glut-CACNA1H-1",0.629633941715206
"SN554_AGTAACCGTATCAGGG","Ex_CACNA1H_LHX9","Glut-CACNA1H-4",0.984793328455815
"SN554_GCGGATCTCAAGTAAG","Ex_CACNA1H_LHX9","Glut-CACNA1H-2",0.446682394951961
"SN554_TGTCCCACACCACATA","Ex_CACNA1H_PROX1","Glut-CACNA1H-4",0.605352057585636
"SN554_GGGTCACCAGCCGTCA","Ex_CACNA1H_LHX9","Glut-CACNA1H-2",1
"SN554_TGTAGACTCGACATCA","Ex_CACNA1H_LHX9","Glut-CACNA1H-4",0.865868956671446
"SN554_ATGGGAGCACGCGTCA","Ex_CACNA1H_LHX9","Glut-CACNA1H-1",0.685624770200314
"SN554_CCATCACTCCAGGACC","Ex_CACNA1H_LHX9","Glut-CACNA1H-4",0.947700216202296
"SN554_GACGCTGGTTGGGTAG","Ex_CACNA1H_LHX9","Glut-CACNA1H-4",0.965265252654887
"SN554_ATCGTCCCACCTTCCA","Ex_CACNA1H_LHX9","Glut-CACNA1H-1",0.507336694155332
"SN554_AAAGGGCCAAGATTGA","Ex_CACNA1H_LHX9","Glut-CACNA1H-1",0.625651621915773
"SN554_TCAGTTTCAGTGTGGA","Ex_CACNA1H_LHX9","Glut-CACNA1H-1",0.539743224528049
"SN554_AGTGATCAGAGTTGAT","Ex_CACNA1H_LHX9","Glut-CACNA1H-4",0.621607240057044
"SN554_ACTATGGAGGTTGTTC","Ex_CACNA1H_LHX9","Glut-CACNA1H-1",0.571218064020236
"SN554_GCCAGGTGTGTATTGC","Ex_CACNA1H_LHX9","Glut-CACNA1H-4",0.702638900071642
"SN554_CTGTGAACAGAAGTTA","Ex_CACNA1H_LHX9","Glut-CACNA1H-1",0.468298126416514
"SN554_CCGTTCAGTTGTACGT","Ex_CACNA1H_LHX9","Glut-CACNA1H-1",0.565069139965237
"SN554_GATGTTGCACGGTGAA","Ex_CACNA1H_LHX9","Glut-CACNA1H-4",0.934136632657576
"SN554_TGAGGTTCAAACTGCT","Ex_CACNA1H_LHX9","Glut-CACNA1H-4",0.985042074298353
"SN554_CCGGGTAGTACAGTCT","Ex_CACNA1H_LHX9","Glut-CACNA1H-4",0.937905175387533
"SN554_GTCTCACAGAGAGCGG","Ex_CACNA1H_LHX9","Glut-CACNA1H-4",0.559820555374739
"SN554_GACTCTCAGGTTGACG","Ex_CACNA1H_LHX9","Glut-CACNA1H-4",0.942139429114586
"SN554_GAATAGAGTGATTCAC","Ex_CACNA1H_LHX9","Glut-CACNA1H-1",0.782020683035478
"SN554_AGATCCATCGTCGACG","Ex_CACNA1H_LHX9","Glut-CACNA1H-1",0.818345251884649
"SN554_GACGCTGCAGCGATTT","Ex_CACNA1H_LHX9","Glut-CACNA1H-4",0.666352692338069
"SN554_CTCCCTCCAAATGCTC","Ex_CACNA1H_LHX9","Glut-CACNA1H-2",0.508691834481169
"SN554_CTCTGGTCACCAATTG","Ex_CACNA1H_LHX9","Glut-CACNA1H-4",0.557703834690881
"SN554_TCGACCTCACTTGACA","Ex_CACNA1H_LHX9","Glut-CACNA1H-4",0.556252003792385
"SN554_GAAGCGACAAGCACAG","Ex_CACNA1H_LHX9","Glut-CACNA1H-1",0.45359067971617
"SN554_GCTACCTTCAGCTCTC","Ex_CACNA1H_LHX9","Glut-CACNA1H-4",0.788580782300316
"SN554_GAGTTACGTGGTCTCG","Ex_CACNA1H_LHX9","Glut-DACH2-2",0.521136309572249
"SN554_GGACGTCTCAGGACAG","Ex_CACNA1H_LHX9","Glut-CACNA1H-4",0.951567727668486
"SN554_AGACCATCATGGATCT","Ex_CACNA1H_LHX9","Glut-CACNA1H-2",0.995326333289591
"SN554_CGGAATTTCATGAGAA","Ex_CACNA1H_LHX9","Glut-CACNA1H-4",0.658092074770818
"SN554_GGAGATGCAACGAGGT","Ex_CACNA1H_LHX9","Glut-CACNA1H-4",0.547581561244882
"SN554_ACAGGGAAGGTTAAAC","Ex_CACNA1H_LHX9","Glut-CACNA1H-2",0.948215852396874
"SN554_CTTAGGACAATACCCA","Ex_CACNA1H_LHX9","Glut-CACNA1H-2",0.964023344068526
"SN554_TGTAGACTCCGGTTCT","Ex_CACNA1H_LHX9","Glut-CACNA1H-4",0.953836748544631
"SN554_TAGGGTTAGGGCTGAT","Ex_CACNA1H_LHX9","Glut-CACNA1H-2",0.862976493357408
"SN554_AATCGTGAGATGCGAC","Ex_CACNA1H_LHX9","Glut-CACNA1H-4",0.935488613932264
"SN554_AAGACTCCACACCTTC","Ex_CACNA1H_LHX9","Glut-CACNA1H-2",0.904727491116809
"SN554_CCAATTTAGTCATCCA","Ex_TSHZ2_NR4A2","Glut-CACNA1H-1",0.628104862879744
"SN554_TTTGTTGGTGGAACAC","Ex_CACNA1H_LHX9","Glut-DACH2-HVCx",0.66740729775682
"SN554_GACGCTGCAAGTTCCA","Ex_CACNA1H_LHX9","Glut-CACNA1H-4",0.421874212668756
"SN554_TCATATCCAACCGCTG","Ex_CACNA1H_LHX9","Glut-CACNA1H-4",0.889588369620152
"SN554_AAGACTCGTAGTACGG","Ex_CACNA1H_LHX9","Glut-CACNA1H-1",0.585101421347338
"SN554_TATGTTCAGCTCGACC","Ex_CACNA1H_LHX9","Glut-CACNA1H-4",0.74770026539542
"SN554_CGAGGCTGTCGTATGT","Ex_CACNA1H_LHX9","Glut-CACNA1H-4",0.810727511968835
"SN554_GGTTGTACAAAGGGTC","Ex_CACNA1H_LHX9","Glut-CACNA1H-2",0.99719735455408
"SN554_GCACGTGGTTCTCCCA","Ex_CACNA1H_LHX9","Glut-CACNA1H-2",0.73526988437057
"SN554_ATCCGTCTCGCAACAT","Ex_CACNA1H_LHX9","Glut-CACNA1H-4",0.763793896631584
"SN554_GCGATCGTCCCATACC","Ex_CACNA1H_LHX9","Glut-CACNA1H-4",0.932036385988196
"SN554_ACTGTCCGTGGTGATG","Ex_CACNA1H_LHX9","Glut-CACNA1H-4",0.912858662819942
"SN554_CGAGAAGTCATTGGTG","Ex_CACNA1H_LHX9","Glut-CACNA1H-4",0.883224041221892
"SN554_ACCCAAAAGTAGTCTC","Ex_CACNA1H_LHX9","Glut-CACNA1H-2",0.59521594157966
"SN554_AGTGTTGCAGCGGTCT","Ex_CACNA1H_LHX9","Glut-DACH2-2",0.456333654281044
"SN554_ACACGCGTCGATGCTA","Ex_CACNA1H_LHX9","Glut-CACNA1H-4",0.933313976574423
"SN554_GTGCGTGGTTGTGTAC","Ex_TSHZ2_NR4A2","Glut-CACNA1H-1",0.618231007777491
"SN554_CTTCTCTGTGAAGCTG","Ex_CACNA1H_LHX9","Glut-CACNA1H-4",0.94465235664513
"SN554_CACGGGTCAAGCAGGT","Ex_CACNA1H_LHX9","Glut-DACH2-3",0.516008625969505
"SN554_GGTCTGGAGGCGCTCT","Ex_TSHZ2_NR4A2","Glut-DACH2-HVCx",0.353040180713613
"SN554_TATCAGGGTGGATCGA","Ex_CACNA1H_LHX9","Glut-CACNA1H-4",0.891826880338551
"SN554_CCATAAGGTAGGCAAC","Ex_CACNA1H_LHX9","Glut-CACNA1H-2",0.999320981464546
"SN554_GCACGGTCATCACGGC","Ex_TSHZ2_NR4A2","Glut-CACNA1H-1",0.597476005514813
"SN554_CAGCAATTCTCTCCGA","Ex_CACNA1H_LHX9","Glut-CACNA1H-2",1
"SN554_GGAATGGGTACCGTGC","Ex_CACNA1H_LHX9","Glut-CACNA1H-4",0.681247598612409
"SN554_GTCAAGTGTGTCTTAG","Ex_CACNA1H_LHX9","Glut-CACNA1H-4",0.947704378930519
"SN554_TGACAGTGTACCGTCG","Ex_TSHZ2_NR4A2","Glut-CACNA1H-2",0.521637048016053
"SN554_AATGGCTAGCCAGACA","Ex_DACH2_LHX2","Glut-DACH2-1",0.497513808571678
"SN554_GTGATGTTCCATATGG","Ex_DACH2_RORB","Glut-DACH2-3",0.652231558035138
"SN554_CCAATTTCACCTCTGT","Ex_DACH2_SLIT2","Glut-DACH2-1",0.829376535799565
"SN554_AGTGTTGTCACCACAA","Ex_DACH2_GRIK4","Glut-DACH2-1",0.968500995908815
"SN554_AAAGGTACACTGAATC","Ex_DACH2_ITGA9","Glut-DACH2-7",0.288945790327122
"SN554_ATGTCCCTCGAAATCC","Ex_DACH2_GRIK4","Glut-DACH2-1",0.676643684873522
"SN554_GAGACCCTCTGTAAGC","Ex_DACH2_MGAT4C","Glut-DACH2-1",0.743701035726578
"SN554_GGTGTCGCAAACCATC","Ex_DACH2_ZMAT4","Glut-DACH2-4",0.647743199967858
"SN554_TACCTGCTCGTCCTCA","Ex_DACH2_ZMAT4","Glut-DACH2-6",0.359932532347286
"SN554_TCACGCTCAAGCTGTT","Ex_DACH2_LUZP2","Glut-DACH2-1",0.407425984991597
"SN554_TACGGGCCACAGAAGC","Ex_DACH2_ZMAT4","Glut-DACH2-8",0.469648247219839
"SN554_GTTATGGAGAACAGGA","Ex_DACH2_MGAT4C","Glut-DACH2-1",0.905923398279369
"SN554_AAAGTCCTCCGGTTCT","Ex_DACH2_LUZP2","Glut-DACH2-1",0.661893749478962
"SN554_GAGAAATCACTATCCC","Ex_DACH2_SLIT2","Glut-DACH2-1",0.842507765724794
"SN554_GCAACATCATGGGCAA","Ex_DACH2_MGAT4C","Glut-DACH2-1",0.689508905046324
"SN554_CCTATCGGTCCTCATC","Ex_DACH2_LHX2","Glut-DACH2-1",0.838790651487985
"SN554_CAGATTGTCATCACCC","Ex_DACH2_RORB","Glut-DACH2-3",0.470569008888945
"SN554_TCACGGGCATCGTTCC","Ex_DACH2_ITGA9","Glut-DACH2-4",0.225201018723981
"SN554_GTTGTGACAACTCGTA","Ex_DACH2_GRIK4","Glut-DACH2-1",0.866391868925383
"SN554_CTGGTCTGTCGAGTTT","Ex_DACH2_GRIK4","Glut-DACH2-1",0.698129970370104
"SN554_GACTATGAGACCTGGA","Ex_DACH2_MGAT4C","Glut-DACH2-1",0.561091392374464
"SN554_TGGTGATCAGCCTTCT","Ex_DACH2_MGAT4C","Glut-DACH2-1",0.560231815635765
"SN554_CTTCGGTTCACAGTGT","Ex_DACH2_NR4A3","Glut-DACH2-1",0.918535510887908
"SN554_AACCACACAAAGCAAT","Ex_DACH2_RORB","Glut-DACH2-3",0.49662616993839
"SN554_CCGATGGCAGAGAGGG","Ex_DACH2_MGAT4C","Glut-DACH2-1",0.626426844988273
"SN554_CCGTGAGAGATCCTAC","Ex_DACH2_SLIT2","Glut-DACH2-1",0.889262358052495
"SN554_TTCACGCTCTGATGGT","Ex_DACH2_GRIK4","Glut-DACH2-1",0.849293890738245
"SN554_CACACAACACAAGCAG","Ex_DACH2_GRIK4","Glut-DACH2-2",0.423877415091217
"SN554_ACTATGGGTTAGGCCC","Ex_DACH2_MGAT4C","Glut-DACH2-1",0.888596023072125
"SN554_AGTAACCAGGTCCGAA","Ex_DACH2_MGAT4C","Glut-DACH2-2",0.46961333505649
"SN554_GCCAGCAGTGTGATGG","Ex_DACH2_NR4A3","Glut-DACH2-1",0.773562976504979
"SN554_GTTGTCCGTAATGCTC","Ex_DACH2_ZMAT4","Glut-DACH2-4",0.318653856537884
"SN554_CCGTTCATCGAACACT","Ex_DACH2_MGAT4C","Glut-DACH2-1",0.594554119911403
"SN554_CACATGATCAAACGAA","Ex_DACH2_GRIK4","Glut-DACH2-1",0.580323047885536
"SN554_CACGAATTCATTGCGA","Ex_BCL6","Glut-DACH2-3",0.673337035894133
"SN554_CACACAAGTTCCCACT","Ex_DACH2_MGAT4C","Glut-DACH2-1",0.589248631841701
"SN554_CTCTGGTTCCTCTTTC","Ex_DACH2_GRIK4","Glut-DACH2-1",0.881463606759363
"SN554_TACACCCGTGCCGGTT","Ex_DACH2_ZMAT4","Glut-DACH2-6",0.356555682504845
"SN554_GTAGGTTGTCAAGCGA","Ex_DACH2_ITGA9","Glut-DACH2-1",0.707218257052689
"SN554_TTACGCCAGATAGCTA","Ex_DACH2_MGAT4C","Glut-DACH2-1",0.493638577041653
"SN554_CTACGGGGTGCCTATA","Ex_DACH2_GRIK4","Glut-DACH2-1",0.876115463497462
"SN554_TTGTTCAGTAAGCAAT","Ex_DACH2_GRIK4","Glut-DACH2-1",0.763876167020125
"SN554_GATTTCTTCGCATTGA","Ex_DACH2_ITGA9","Glut-DACH2-1",0.461581068635557
"SN554_ATCACGATCGTCGACG","Ex_BCL6","Glut-DACH2-3",0.970183096579166
"SN554_AATGGCTCAAACACCT","Ex_DACH2_MGAT4C","Glut-DACH2-1",0.610656843006272
"SN554_AGCCAATCAGCGTACC","Ex_DACH2_ITGA9","Glut-DACH2-7",0.413588452227423
"SN554_CGGAGAATCTATACTC","Ex_DACH2_ZMAT4","Glut-DACH2-4",0.520506576490183
"SN554_GGGCTACGTTACCTTT","Ex_DACH2_MGAT4C","Glut-DACH2-2",0.516024978691388
"SN554_CATAGACTCTCAAAGC","Ex_BCL6","Glut-DACH2-3",0.702499572241782
"SN554_TCCTTTCTCCATAAGC","Ex_DACH2_RORB","Glut-DACH2-3",0.498806060228985
"SN554_TCACACCGTGGTCCGT","Ex_DACH2_LUZP2","Glut-DACH2-2",0.558563048576093
"SN554_GCTTCACCAAATCAAG","Ex_DACH2_NR4A3","Glut-DACH2-1",0.724491148429602
"SN554_GCCGATGTCCACCTCA","Ex_DACH2_NR4A3","Glut-DACH2-1",0.967871626644246
"SN554_TATCTTGCATCCAATG","Ex_DACH2_MGAT4C","Glut-DACH2-1",0.720428240759929
"SN554_AGCTTCCAGACTACCT","Ex_DACH2_RORB","Glut-DACH2-3",0.547660366331871
"SN554_CATAAGCCAGGAGGTT","Ex_DACH2_LUZP2","Glut-DACH2-2",0.502497538002936
"SN554_TGCTTCGTCCACAAGT","Ex_DACH2_LHX2","Glut-DACH2-1",0.507227354635793
"SN554_TACGGTATCATGGAGG","Ex_DACH2_SLIT2","Glut-DACH2-1",0.731748040742708
"SN554_TAGGTTGCAAGACCTT","Ex_DACH2_SLIT2","Glut-DACH2-1",0.769957935848966
"SN554_GTAATCGGTTACGATC","Ex_DACH2_NR4A3","Glut-DACH2-1",0.614194391365468
"SN554_TTGCCTGCAACAGATA","Ex_DACH2_RORB","Glut-DACH2-3",0.542284052703226
"SN554_GAGTCTAGTAGGAGTC","Ex_DACH2_RORB","Glut-DACH2-3",0.492563285878412
"SN554_TACCGAACATGGGAAC","Ex_DACH2_ZMAT4","Glut-DACH2-8",0.397781290429988
"SN554_GGATCTATCGAGAAGC","Ex_DACH2_MGAT4C","Glut-DACH2-1",0.651961512102059
"SN554_ATTCTTGAGTCACAGG","Ex_DACH2_LUZP2","Glut-CACNA1H-4",0.458400564404266
"SN554_CTCCAACAGAACCCGA","Ex_DACH2_SLIT2","Glut-DACH2-1",0.766511860869822
"SN554_GAGGCCTGTCATGCAT","Ex_DACH2_LHX2","Glut-DACH2-1",0.606266113771605
"SN554_ACGGTTAAGTGTTGTC","Ex_DACH2_SLIT2","Glut-DACH2-3",0.924223572776155
"SN554_GCCAGCATCCAAGCTA","Ex_BCL6","Glut-DACH2-3",0.681623163768011
"SN554_AGTCAACGTTAAACAG","Ex_DACH2_LUZP2","Glut-DACH2-2",0.508815367947879
"SN554_ACATCCCTCTCCTGTG","Ex_DACH2_LUZP2","Glut-CACNA1H-4",0.538213714897706
"SN554_AGTTCCCAGCCATTGT","Ex_BCL6","Glut-DACH2-3",0.692190558221001
"SN554_CGTAATGCAAGGGCAT","Ex_DACH2_LUZP2","Glut-DACH2-1",0.53566685595102
"SN554_TGACCCTAGCGCCGTT","Ex_DACH2_SLIT2","Glut-DACH2-1",0.561490816819456
"SN554_ACTTCGCGTGACACGA","Ex_DACH2_GRIK4","Glut-DACH2-1",0.918772158257929
"SN554_TATTGGGCATGTGCCG","Ex_DACH2_LUZP2","Glut-DACH2-2",0.334486507369656
"SN554_TTGGGCGCATTGTGCA","Ex_DACH2_MGAT4C","Glut-DACH2-1",0.86467488138782
"SN554_CAATGACGTAGCGTCC","Ex_DACH2_ADAMTS5","Glut-DACH2-2",0.317512870348992
"SN554_AGGAATAGTCGATTAC","Ex_DACH2_LUZP2","Glut-DACH2-2",0.501561386038602
"SN554_TCGCTTGCAACAGTGG","Ex_DACH2_NR4A3","Glut-DACH2-1",0.880412395485987
"SN554_TCCAGAATCCATATGG","Ex_DACH2_SLIT2","Glut-DACH2-1",0.32504564224158
"SN554_ATTATCCCAAGAAATC","Ex_DACH2_NR4A3","Glut-DACH2-1",0.909519127694375
"SN554_GAGAGGTGTGGGTTGA","Ex_DACH2_ZMAT4","Glut-DACH2-3",0.789533891462578
"SN554_TTCTAACAGTCGCCCA","Ex_DACH2_LUZP2","Glut-DACH2-1",0.636392294409729
"SN554_ACACCAACATTCCTCG","Ex_DACH2_LUZP2","Glut-CACNA1H-4",0.358372903696059
"SN554_CTCATTACAAGAGGTC","Ex_DACH2_MGAT4C","Glut-DACH2-2",0.535998518889189
"SN554_GGTGTCGCAGCTGTGC","Ex_DACH2_NR4A3","Glut-DACH2-1",0.716977963333287
"SN554_TACCGAATCTGGCTGG","Ex_DACH2_MGAT4C","Glut-DACH2-1",0.617375166273302
"SN554_AGTCATGGTACCTATG","Ex_DACH2_NR4A3","Glut-DACH2-1",0.74169318339985
"SN554_TTCTCTCAGCCGTCGT","Ex_DACH2_ADAMTS5","Glut-DACH2-1",0.510545651148346
"SN554_AGGACTTCAACGTAAA","Ex_BCL6","Glut-DACH2-3",0.976877791683495
"SN554_TACAGGTAGCCGATCC","Ex_DACH2_MGAT4C","Glut-DACH2-1",0.445985690411952
"SN554_CATTCTACAAGTGCAG","Ex_DACH2_ZMAT4","Glut-DACH2-3",0.553032513205874
"SN554_TTAGGGTAGATTGGGC","Ex_DACH2_ZMAT4","Glut-DACH2-3",0.897824242956656
"SN554_GCCAGTGGTAGGTTTC","Ex_DACH2_ADAMTS5","Glut-DACH2-5",0.651997582098637
"SN554_GACATCACATCACCAA","Ex_DACH2_GRIK4","Glut-DACH2-1",0.568223016992819
"SN554_GTGAGTTTCTCAGAAC","Ex_DACH2_GRIK4","Glut-DACH2-1",0.596243414384634
"SN554_GAAGAATTCGACATAC","Ex_DACH2_ADAMTS5","Glut-DACH2-5",0.462673341942975
"SN554_GAAGCGATCATCGCTC","Ex_DACH2_MGAT4C","Glut-DACH2-1",0.496947830037337
"SN554_CGTAAGTCATCAGCAT","Ex_DACH2_MGAT4C","Glut-DACH2-1",0.74618758942299
"SN554_GTCCACTAGGTCGTGA","Ex_DACH2_MGAT4C","Glut-DACH2-1",0.810790709720766
"SN554_GCCAGGTAGGTTCATC","Ex_DACH2_SLIT2","Glut-DACH2-1",0.851690057983958
"SN554_ACATGCAAGCAACAAT","Ex_DACH2_LUZP2","Glut-DACH2-2",0.650900727890564
"SN554_TGGTAGTTCAGCCCAG","Ex_DACH2_ADAMTS5","Glut-DACH2-5",0.452176142763202
"SN554_GGTCTGGAGACTTGTC","Ex_DACH2_ZMAT4","Glut-DACH2-8",0.943610477102388
"SN554_GACGCTGGTAGGAGGG","Ex_DACH2_MGAT4C","Glut-DACH2-1",0.526447729454144
"SN554_TGTGTGATCACAGTGT","Ex_DACH2_MGAT4C","Glut-DACH2-1",0.861319868731582
"SN554_TCCGATCAGAGGACTC","Ex_DACH2_LHX2","Glut-DACH2-1",0.493134845158742
"SN554_TCTGCCAAGCAACTTC","Ex_DACH2_GRIK4","Glut-DACH2-1",0.764557617320962
"SN554_ATTTACCGTCCAAAGG","Ex_DACH2_MGAT4C","Glut-DACH2-1",0.915268978798162
"SN554_TCAGGGCAGAAATTGC","Ex_DACH2_GRIK4","Glut-DACH2-1",0.807118475863816
"SN554_TCTCACGTCCCAATAG","Ex_DACH2_LUZP2","Glut-DACH2-1",0.572971348696663
"SN554_ATCTCTAGTTTCTATC","Ex_DACH2_LHX2","Glut-DACH2-1",0.803484546318641
"SN554_TATCCTACAATGACCT","Ex_DACH2_ZMAT4","Glut-DACH2-3",0.627525532373739
"SN554_TGATGGTTCCTCTAAT","Ex_DACH2_ADAMTS5","Glut-DACH2-2",0.39315564058351
"SN554_TGCTCGTAGTATGGCG","Ex_DACH2_MGAT4C","Glut-DACH2-1",0.852196574735726
"SN554_CCTCCTCGTGACCTGC","Ex_DACH2_NR4A3","Glut-DACH2-1",0.650206381938194
"SN554_TATTTCGGTTCAAAGA","Ex_DACH2_MGAT4C","Glut-DACH2-1",0.672531464297761
"SN554_GAGGCAATCAACCGAT","Ex_DACH2_SLIT2","Glut-DACH2-1",0.81341093624192
"SN554_TGTGGCGGTGAATAAC","Ex_DACH2_GRIK4","Glut-DACH2-1",0.449095348441728
"SN554_CTTCCTTTCGGACCAC","Ex_DACH2_NR4A3","Glut-DACH2-1",0.458197502893703
"SN554_CCTCCTCGTTGCAACT","Ex_DACH2_LHX2","Glut-DACH2-2",0.553331146630304
"SN554_GAACACTAGGGAGATA","Ex_DACH2_MGAT4C","Glut-DACH2-1",0.451624863181434
"SN554_TGCTTGCTCTGAGGTT","Ex_DACH2_MGAT4C","Glut-DACH2-1",0.523889133134537
"SN554_ACAGCCGGTCCAGCCA","Ex_DACH2_LUZP2","Glut-DACH2-2",0.56357159839205
"SN554_GTGTGATAGATCGACG","Ex_DACH2_LUZP2","Glut-DACH2-1",0.702019653025742
"SN554_AACCATGCATGTCAGT","Ex_DACH2_LUZP2","Glut-DACH2-2",0.469661958253828
"SN554_TTCTTCCAGCAAACAT","Ex_DACH2_LUZP2","Glut-DACH2-2",0.343967356424583
"SN554_TCCCATGGTCCACACG","Ex_DACH2_LUZP2","Glut-CACNA1H-4",0.699374024111887
"SN554_ATCCACCCAGGAAGTC","Ex_DACH2_LUZP2","Glut-DACH2-1",0.486010423871478
"SN554_CAGCACGTCGCAATTG","Ex_DACH2_LUZP2","Glut-DACH2-1",0.767169660536611
"SN554_ACTACGACAGAGTGTG","Ex_DACH2_MGAT4C","Glut-DACH2-2",0.710081707826365
"SN554_AAACCCATCTTCGACC","Ex_DACH2_NR4A3","Glut-DACH2-7",0.455809924930054
"SN554_CAGTTCCTCCTACACC","Ex_DACH2_MGAT4C","Glut-DACH2-1",0.94516080732994
"SN554_TATGTTCGTGTACGCC","Ex_DACH2_ADAMTS5","Glut-DACH2-2",0.549544497045295
"SN554_TCATTCAGTCGAGATG","Ex_DACH2_ITGA9","Glut-DACH2-3",0.5643107451854
"SN554_ATGTCTTCACTTTATC","Ex_DACH2_LUZP2","Glut-DACH2-2",0.337419718280008
"SN554_TGTGGCGCAACACTAC","Ex_DACH2_NR4A3","Glut-DACH2-1",0.684248282744784
"SN554_TTACGCCAGACAGCTG","Ex_DACH2_LUZP2","Glut-DACH2-2",0.515810451383927
"SN554_GTGAGCCTCAAGTTGC","Ex_DACH2_NR4A3","Glut-DACH2-1",0.941336502351629
"SN554_GAGGCAACATGTCAGT","Ex_DACH2_LUZP2","Glut-DACH2-1",0.405406093522536
"SN554_GTAGAGGTCTACCCAC","Ex_DACH2_GRIK4","Glut-DACH2-1",0.909913066204109
"SN554_ACTTCCGCAATTCACG","Ex_DACH2_LUZP2","Glut-DACH2-1",0.640891692661927
"SN554_TTTGATCGTCCGTTTC","Ex_DACH2_ZMAT4","Glut-DACH2-4",0.34966448018787
"SN554_GTCTAGAAGGTACATA","Ex_DACH2_NR4A3","Glut-DACH2-1",0.828566430770161
"SN554_TGTGTGAGTAGATTGA","Ex_DACH2_MGAT4C","Glut-DACH2-2",0.521809633889989
"SN554_TGGTAGTGTCTAATCG","Ex_BCL6","Glut-DACH2-3",0.579522975558761
"SN554_GCCAGGTCAAACTCGT","Ex_DACH2_NR4A3","Glut-DACH2-1",0.588040336539321
"SN554_AGTCTCCGTTGGTACT","Ex_DACH2_LUZP2","Glut-DACH2-2",0.581396509901141
"SN554_GAGTCTAGTTCTCTCG","Ex_DACH2_ITGA9","Glut-DACH2-1",0.705240566983173
"SN554_CACCGTTTCAGGACAG","Ex_DACH2_MGAT4C","Glut-DACH2-1",0.654887784130911
"SN554_CAACGGCCAACCCTAA","Ex_DACH2_LUZP2","Glut-DACH2-2",0.495967022333252
"SN554_GACTATGAGCGACTGA","Ex_DACH2_RORB","Glut-DACH2-3",0.593429827248838
"SN554_TATTGGGGTCCAACGC","Ex_DACH2_LUZP2","Glut-DACH2-2",0.482504109433637
"SN554_ACTCCCAAGAAGCGCT","Ex_DACH2_SLIT2","Glut-DACH2-1",0.409919852185968
"SN554_GTTGTCCTCCATCTCG","Ex_DACH2_ITGA9","Glut-DACH2-1",0.703876908720468
"SN554_GAGATGGAGGGTACAC","Ex_DACH2_RORB","Glut-DACH2-3",0.667484852587292
"SN554_GTTCCGTAGTTGTCAC","Ex_DACH2_GRIK4","Glut-DACH2-1",0.975952961224319
"SN554_ATCACTTAGCCGTAAG","Ex_DACH2_LUZP2","Glut-DACH2-2",0.349156153450337
"SN554_GTGTGGCCACAATCTG","Ex_DACH2_NR4A3","Glut-DACH2-1",0.751575527079462
"SN554_GGCGTCAGTTCGAGCC","Ex_DACH2_NR4A3","Glut-DACH2-1",0.602874815477622
"SN554_ACGATCAAGCATATGA","Ex_DACH2_LUZP2","Glut-DACH2-1",0.446682797955849
"SN554_ATGAGTCCAACAGCCC","Ex_DACH2_LUZP2","Glut-DACH2-2",0.313218892603111
"SN554_CGAAGTTAGAAGGTAG","Ex_BCL6","Glut-DACH2-3",0.978958430651565
"SN554_TCATTACGTAGTACGG","Ex_DACH2_SLIT2","Glut-DACH2-6",0.316228292938902
"SN554_AGCCAATCATGAAGGC","Ex_DACH2_LUZP2","Glut-DACH2-2",0.539824532728955
"SN554_CTGTGAAAGGCTGTAG","Ex_DACH2_GRIK4","Glut-DACH2-1",0.544149741652493
"SN554_TACCCACCAAATCGGG","Ex_DACH2_LHX2","Glut-DACH2-1",0.763202932591005
"SN554_TACCTCGGTGTTACTG","Ex_DACH2_MGAT4C","Glut-DACH2-1",0.942239396011684
"SN554_ATGAGTCAGATTGATG","Ex_DACH2_SLIT2","Glut-DACH2-3",0.826486232286851
"SN554_AGGGCTCCACCTCTAC","Ex_BCL6","Glut-DACH2-3",0.596605186894928
"SN554_TCTAACTCAAGCGCAA","Ex_DACH2_RORB","Glut-DACH2-3",0.610810327898084
"SN554_GCAACCGCATCTCGTC","Ex_DACH2_MGAT4C","Glut-DACH2-2",0.546917050786912
"SN554_CTCAATTCAGGGCTTC","Ex_DACH2_NR4A3","Glut-DACH2-1",0.795756174085886
"SN554_AGAACCTAGTGCTCGC","Ex_DACH2_MGAT4C","Glut-DACH2-1",0.780047430885372
"SN554_AGTCAACGTTCTGACA","Ex_DACH2_SLIT2","Glut-DACH2-1",0.909067230962972
"SN554_CTAACCCAGTTGGAAT","Ex_DACH2_ZMAT4","Glut-DACH2-8",0.652311662413984
"SN554_TCATGGAAGGTAAGAG","Ex_BCL6","Glut-DACH2-3",0.47048167948468
"SN554_TAGCACAGTGCAGTGA","Ex_DACH2_SLIT2","Glut-DACH2-3",0.729565945882853
"SN554_GTAAGTCCAGCTATTG","Ex_DACH2_MGAT4C","Glut-DACH2-1",0.681294403865437
"SN554_TGGATCACATGCTGCG","Ex_DACH2_NR4A3","Glut-DACH2-1",0.463266731727151
"SN554_AAACGCTGTTGGGATG","Ex_DACH2_LUZP2","Glut-DACH2-2",0.502727299331689
"SN554_GTTCTATTCATCAGTG","Ex_BCL6","Glut-DACH2-3",0.771284653303121
"SN554_GATCACATCCTTCGAC","Ex_DACH2_RORB","Glut-DACH2-8",0.367215180387245
"SN554_CCACCATTCTGTGTGA","Ex_DACH2_NR4A3","Glut-DACH2-1",0.570969667688308
"SN554_TACGGGCGTACCCGCA","Ex_DACH2_MGAT4C","Glut-DACH2-1",0.726246966711946
"SN554_GAGGGATTCTGCGGAC","Ex_DACH2_LUZP2","Glut-DACH2-1",0.617688565747702
"SN554_GTTCCGTTCAAGTGTC","Ex_DACH2_ADAMTS5","Glut-DACH2-5",0.526501367682663
"SN554_TATCTTGTCGCAGTTA","Ex_DACH2_GRIK4","Glut-DACH2-1",0.787969281859954
"SN554_CTCAATTCAGTTTCAG","Ex_DACH2_LUZP2","Glut-DACH2-2",0.482694837259856
"SN554_AACCACATCTGGCCTT","Ex_DACH2_NR4A3","Glut-DACH2-1",0.897695563877367
"SN554_TTCAATCAGTCCGTCG","Ex_DACH2_RORB","Glut-DACH2-3",0.522919949096931
"SN554_TCGCAGGTCTGCGATA","Ex_DACH2_MGAT4C","Glut-DACH2-1",0.693704113220182
"SN554_GATTCGAGTAGTCGGA","Ex_DACH2_MGAT4C","Glut-DACH2-1",0.780248282561574
"SN554_AGAGAATCAATACCTG","Ex_DACH2_LUZP2","Glut-DACH2-2",0.413141766516734
"SN554_CTCCACAGTACCTAGT","Ex_DACH2_LUZP2","Glut-DACH2-2",0.602140788847453
"SN554_GTGGAGAAGACTACGG","Ex_DACH2_LUZP2","Glut-DACH2-1",0.487264472427548
"SN554_ACCACAAAGCATAGGC","Ex_DACH2_ADAMTS5","Glut-DACH2-2",0.4281564386464
"SN554_GGTCTGGCAGCCCAGT","Ex_DACH2_LUZP2","Glut-DACH2-1",0.807542142060407
"SN554_CTCAAGACAGGATCTT","Ex_DACH2_MGAT4C","Glut-DACH2-1",0.526355232367564
"SN554_TCAGGGCAGCTGGTGA","Ex_DACH2_GRIK4","Glut-DACH2-1",0.938150364491003
"SN554_ATGGAGGCATCGATAC","Ex_DACH2_LUZP2","Glut-DACH2-2",0.493276320549133
"SN554_AGGACGAGTGCAGATG","Ex_DACH2_MGAT4C","Glut-DACH2-1",0.433574516494573
"SN554_TCATACTAGCACTGGA","Ex_DACH2_MGAT4C","Glut-DACH2-2",0.550527136767845
"SN554_GGAAGTGAGCTTTCCC","Ex_DACH2_MGAT4C","Glut-DACH2-7",0.539531727675751
"SN554_ACACTGATCGTCGCTT","Ex_DACH2_GRIK4","Glut-DACH2-1",0.703310382616182
"SN554_CGATGGCGTGGTAATA","Ex_DACH2_MGAT4C","Glut-DACH2-1",0.854766442870081
"SN554_CAAGGGATCCCGGTAG","Ex_DACH2_MGAT4C","Glut-DACH2-1",0.710143375307309
"SN554_CCGTGAGCAGGCGAAT","Ex_DACH2_SLIT2","Glut-DACH2-3",0.432881091336419
"SN554_TCGGGACAGGGCAGTT","Ex_DACH2_SLIT2","Glut-CACNA1H-4",0.732763350442466
"SN554_TCATGAGCAGCTGGTC","Ex_DACH2_MGAT4C","Glut-DACH2-2",0.65073967576785
"SN554_GAGTTACCACCCTAAA","Ex_DACH2_MGAT4C","Glut-DACH2-1",0.546293573006346
"SN554_GGTTGTAGTCGAAACG","Ex_DACH2_NR4A3","Glut-DACH2-1",0.713626534352076
"SN554_AAACGCTGTAGACAGC","Ex_BCL6","Glut-DACH2-6",0.451543950893073
"SN554_TTGACCCCATTGAGCT","Ex_DACH2_LUZP2","Glut-DACH2-2",0.578281614003989
"SN554_CAACGATCAATGAACA","Ex_DACH2_LUZP2","Glut-DACH2-2",0.509873426328469
"SN554_TTGTTGTAGGACAACC","Ex_DACH2_MGAT4C","Glut-DACH2-1",0.528316557174417
"SN554_GTGCACGGTTCGCGTG","Ex_DACH2_MGAT4C","Glut-DACH2-1",0.876589069190091
"SN554_AGTCACAGTGCCCTTT","Ex_DACH2_MGAT4C","Glut-DACH2-2",0.5596546168898
"SN554_AATGACCAGTCGAATA","Ex_DACH2_LUZP2","Glut-DACH2-1",0.520511060584312
"SN554_AGGATAAAGTGTACAA","Ex_DACH2_MGAT4C","Glut-DACH2-1",0.929857794519247
"SN554_TCGTGCTGTGCTTCAA","Ex_DACH2_MGAT4C","Glut-DACH2-2",0.545332805176026
"SN554_GAATCGTAGGCCCGTT","Ex_DACH2_LUZP2","Glut-DACH2-1",0.529131795871536
"SN554_GGAGAACAGCTCGTGC","Ex_DACH2_MGAT4C","Glut-DACH2-1",0.57728060133049
"SN554_TCTCTGGAGCCGAACA","Ex_DACH2_LHX2","Glut-DACH2-1",0.557135275365377
"SN554_GGAGCAAAGAATTGTG","Ex_DACH2_ZMAT4","Glut-DACH2-8",0.666153642712574
"SN554_ATCCTATCACTCCACT","Ex_DACH2_LUZP2","Glut-DACH2-2",0.497875317897737
"SN554_TGTTCATTCCGCAAAT","Ex_DACH2_GRIK4","Glut-DACH2-2",0.485726454031313
"SN554_CCTAAGAAGTCAATCC","Ex_DACH2_LUZP2","Glut-DACH2-2",0.485186377948281
"SN554_AACACACTCATAGAGA","Ex_DACH2_SLIT2","Glut-DACH2-3",0.731342102370255
"SN554_GATTGGTGTAATGCTC","Ex_DACH2_LUZP2","Glut-DACH2-2",0.57368716242284
"SN554_CAACAGTTCAAGCCTA","Ex_DACH2_MGAT4C","Glut-DACH2-1",0.675994354883808
"SN554_AGCGTCGCACCTCGTT","Ex_DACH2_SLIT2","Glut-DACH2-1",0.834376329993167
"SN554_GGTAGAGGTTCGGCGT","Ex_DACH2_LUZP2","Glut-DACH2-2",0.517050389956172
"SN554_AGGGCCTAGACCCGCT","Ex_DACH2_NR4A3","Glut-DACH2-1",0.897210466298338
"SN554_CCACCATCAAGGATGC","Ex_DACH2_NR4A3","Glut-DACH2-1",0.608791341162458
"SN554_GTTCCGTCATGTGCTA","Ex_DACH2_LUZP2","Glut-DACH2-2",0.335827730320832
"SN554_GTGAGGACAGAACTTC","Ex_DACH2_MGAT4C","Glut-DACH2-1",0.843678924192075
"SN554_ATCGCCTGTACAAGTA","Ex_DACH2_MGAT4C","Glut-DACH2-1",0.755305739052158
"SN554_GTTCGCTTCAACCTTT","Ex_DACH2_LUZP2","Glut-DACH2-2",0.56676361251632
"SN554_CTCACTGTCTCGGTAA","Ex_DACH2_LUZP2","Glut-DACH2-2",0.412178994340105
"SN554_AGGTTGTGTCGCGTCA","Ex_DACH2_MGAT4C","Glut-DACH2-1",0.636628201006005
"SN554_TTTCCTCGTAGGAAAG","Ex_DACH2_NR4A3","Glut-DACH2-1",0.700247384734564
"SN554_GAACACTAGGTCTACT","Ex_DACH2_LUZP2","Glut-DACH2-2",0.432768871205098
"SN554_TCTAACTTCAACGTGT","Ex_DACH2_LUZP2","Glut-DACH2-1",0.401249599436301
"SN554_TGTCCACGTCGCAGTC","Ex_DACH2_LUZP2","Glut-DACH2-2",0.619674305521061
"SN554_TGTCAGATCGCCTTTG","Ex_DACH2_LUZP2","Glut-DACH2-2",0.541108538157653
"SN554_TGAGGTTTCACCGGGT","Ex_DACH2_SLIT2","Glut-CACNA1H-4",0.595060446068818
"SN554_TCAATCTCAAGTGGGT","Ex_DACH2_SLIT2","Glut-DACH2-1",0.928937033396118
"SN554_AATCACGGTTTGTTCT","Ex_DACH2_MGAT4C","Glut-DACH2-1",0.611449882610083
"SN554_GACATCAAGCTGGCCT","Ex_DACH2_LUZP2","Glut-DACH2-1",0.436754776860166
"SN554_ACCCAAATCAGTGTTG","Ex_DACH2_LUZP2","Glut-DACH2-2",0.437436442444196
"SN554_TTCATGTCAATTGAAG","Ex_DACH2_MGAT4C","Glut-DACH2-1",0.798981206792537
"SN554_TTACGTTTCTTCTGTA","Ex_DACH2_ADAMTS5","Glut-DACH2-5",0.46827023418655
"SN554_GACTCTCAGTTCCGGC","Ex_DACH2_LUZP2","Glut-DACH2-2",0.477602016575742
"SN554_TTCGGTCGTTCCGCGA","Ex_DACH2_NR4A3","Glut-DACH2-1",0.851800267206755
"SN554_TACAACGCACCCTTGT","Ex_DACH2_MGAT4C","Glut-DACH2-1",0.551575386656132
"SN554_AGGGCTCCACATGGTT","Ex_DACH2_LUZP2","Glut-DACH2-2",0.536767204464826
"SN554_ACCCTTGCAGAAATTG","Ex_DACH2_ADAMTS5","Glut-DACH2-5",0.646512540811926
"SN554_GGGTAGATCCAAAGGG","Ex_DACH2_GRIK4","Glut-DACH2-1",0.523819488492399
"SN554_CCCTTAGGTCATGCAT","Ex_DACH2_SLIT2","Glut-DACH2-1",0.713685670299378
"SN554_GTCTACCCATAAGCAA","Ex_DACH2_LHX2","Glut-DACH2-2",0.461178366726372
"SN554_TACAGGTAGATCCTAC","Ex_DACH2_LUZP2","Glut-DACH2-2",0.41890076883678
"SN554_ATTCGTTGTCAAACGG","Ex_DACH2_LHX2","Glut-DACH2-1",0.492430354914598
"SN554_GATAGAACACGTAGTT","Ex_DACH2_LUZP2","Glut-DACH2-2",0.443599648078321
"SN554_GACGCTGTCCGTATAG","Ex_DACH2_MGAT4C","Glut-DACH2-1",0.860064667162905
"SN554_CAGAGCCCATGACTGT","Ex_DACH2_NR4A3","Glut-DACH2-1",0.370701506230569
"SN554_TCGGGCATCGGAGATG","Ex_DACH2_ADAMTS5","Glut-DACH2-1",0.459681549123854
"SN554_GTCGCGATCGTCCTCA","Ex_DACH2_LHX2","Glut-DACH2-5",0.504446700442389
"SN554_GCCATGGGTACCGTCG","Ex_DACH2_SLIT2","Glut-DACH2-3",0.775366157807392
"SN554_ACGATCACAAGGCTTT","Ex_DACH2_NR4A3","Glut-DACH2-1",0.446538998117964
"SN554_ATGTCTTGTTCCGCTT","Ex_DACH2_GRIK4","Glut-DACH2-1",0.803558256108854
"SN554_AGTGCCGTCGTGGCTG","Ex_DACH2_SLIT2","Glut-DACH2-1",0.6812646176718
"SN554_GGTGTTAAGGGAGAAT","Ex_DACH2_NR4A3","Glut-DACH2-1",0.841484766068522
"SN554_ATGTCTTGTGATTAGA","Ex_DACH2_MGAT4C","Glut-DACH2-1",0.559512136331592
"SN554_GACCAATTCAGACATC","Ex_DACH2_NR4A3","Glut-DACH2-1",0.843937923982515
"SN554_GTTGTAGCATTAAGCC","Ex_DACH2_NR4A3","Glut-DACH2-1",0.631100675328222
"SN554_TATCTGTGTCGCATTA","Ex_DACH2_NR4A3","Glut-DACH2-1",0.473490689228751
"SN554_GTGGGAACACAAAGCG","Ex_DACH2_LUZP2","Glut-DACH2-1",0.562639986889166
"SN554_GGGAGATCAGAAGCGT","Ex_DACH2_LUZP2","Glut-DACH2-2",0.524853806930656
"SN554_GACCCTTAGCTAGAAT","Ex_DACH2_SLIT2","Glut-DACH2-3",0.461239210336006
"SN554_TCATGCCTCCGAGGCT","Ex_DACH2_NR4A3","Glut-DACH2-1",0.775972658540649
"SN554_ATCGCCTCAGAGATTA","Ex_DACH2_LUZP2","Glut-DACH2-2",0.508790575154237
"SN554_TGATTTCAGAGCAAGA","Ex_DACH2_LUZP2","Glut-DACH2-1",0.492496304277809
"SN554_CGACAGCTCATGTCTT","Ex_DACH2_LUZP2","Glut-DACH2-2",0.554841104939167
"SN554_ACGTTCCTCTCTCGAC","Ex_DACH2_MGAT4C","Glut-DACH2-1",0.57189974878132
"SN554_CGAATTGAGGAGGCAG","Ex_DACH2_LHX2","Glut-DACH2-2",0.615804141298051
"SN554_TAGAGTCAGATGGCGT","Ex_DACH2_SLIT2","Glut-CACNA1H-4",0.527754605610472
"SN554_ATCGTAGCAGGCGTTC","Ex_DACH2_LUZP2","Glut-DACH2-2",0.457916718814791
"SN554_ACGTCCTTCTGCCTGT","Ex_DACH2_NR4A3","Glut-DACH2-1",0.543889834957747
"SN554_GTCCACTGTCCAGCGT","Ex_DACH2_LUZP2","Glut-DACH2-2",0.484558332092421
"SN554_AGAAGTATCGCGTCGA","Ex_DACH2_ITGA9","Glut-DACH2-HVCra-Int",0.42220591635954
"SN554_TGAATCGAGCTCTGTA","Ex_DACH2_SLIT2","Glut-DACH2-1",0.876279182182128
"SN554_CGCATGGCATGCGGTC","Ex_DACH2_LUZP2","Glut-DACH2-2",0.486616864273161
"SN554_CTCCGATGTCCAGCCA","Ex_DACH2_LUZP2","Glut-DACH2-2",0.530527911371
"SN554_TGGAACTCACCATAAC","Ex_DACH2_LUZP2","Glut-DACH2-2",0.50254249812282
"SN554_TGTAAGCAGTAGCCAG","Ex_DACH2_NR4A3","Glut-DACH2-1",0.689194206519022
"SN554_GAGTTTGCAGCACCCA","Ex_DACH2_LUZP2","Glut-DACH2-1",0.593307662590258
"SN554_CTACCTGGTGCTTCAA","Ex_DACH2_LUZP2","Glut-DACH2-2",0.557107112473844
"SN554_GGGTGAATCGAGAAAT","Ex_DACH2_LUZP2","Glut-DACH2-2",0.396199876944442
"SN554_CTAAGTGCACGCCACA","Ex_DACH2_MGAT4C","Glut-DACH2-1",0.63416319403883
"SN554_ATTCCCGCATGACTTG","Ex_DACH2_SLIT2","Glut-DACH2-3",0.484298192456126
"SN554_AAAGGGCGTAGAGACC","Ex_DACH2_MGAT4C","Glut-DACH2-1",0.563843466614918
"SN554_CAACAGTTCACCTCGT","Ex_DACH2_LUZP2","Glut-DACH2-1",0.815436700638033
"SN554_AACGAAACACGCGCAT","Ex_DACH2_LUZP2","Glut-DACH2-2",0.464798160033629
"SN554_TCACTCGCACCCTGAG","Ex_DACH2_LUZP2","Glut-DACH2-2",0.408826765754969
"SN554_AGGATCTCACTGATTG","Ex_DACH2_RORB","Glut-DACH2-3",0.648078900612508
"SN554_TTTCGATGTAGCGAGT","Ex_DACH2_MGAT4C","Glut-DACH2-1",0.64367384021953
"SN554_AGGCTGCTCAAACGAA","Ex_DACH2_MGAT4C","Glut-DACH2-1",0.670173488361831
"SN554_GGGACTCGTCCTGGGT","Ex_DACH2_LUZP2","Glut-DACH2-1",0.50690325949362
"SN554_GTCATTTAGCCGTTAT","Ex_DACH2_LUZP2","Glut-DACH2-2",0.562916243148136
"SN554_GCGTTTCTCAAGAAAC","Ex_DACH2_NR4A3","Glut-DACH2-1",0.775723727781391
"SN554_TCTCTGGTCATGCGGC","Ex_DACH2_LUZP2","Glut-DACH2-1",0.590088457616145
"SN554_CCTAAGACACCCTATC","Ex_DACH2_RORB","Glut-DACH2-3",0.479513350903304
"SN554_CTTAGGATCGATGGAG","Ex_DACH2_NR4A3","Glut-DACH2-1",0.72999033708566
"SN554_GCCATTCAGACCAGCA","Ex_DACH2_MGAT4C","Glut-DACH2-1",0.823940338286454
"SN554_TTGAGTGGTTTCGGCG","Ex_DACH2_SLIT2","Glut-DACH2-1",0.794261753535036
"SN554_GGGATCCTCACACGAT","Ex_DACH2_ADAMTS5","Glut-DACH2-7",0.346724891855326
"SN554_TCCTCGACAATCTCTT","Ex_DACH2_MGAT4C","Glut-DACH2-1",0.633681106445948
"SN554_ATTGTTCTCTGTCGCT","Ex_DACH2_LUZP2","Glut-DACH2-1",0.534042485050712
"SN554_TAGGTACGTCACAGAG","Ex_DACH2_ITGA9","Glut-DACH2-3",0.720000816138168
"SN554_TGCGATACAATGCAGG","Ex_DACH2_LUZP2","Glut-CACNA1H-4",0.547640430915514
"SN554_CAAGACTCAATACAGA","Ex_DACH2_LUZP2","Glut-DACH2-2",0.640607645661884
"SN554_GTCACGGCATCACCAA","Ex_DACH2_MGAT4C","Glut-DACH2-1",0.519715828554917
"SN554_TTGGGCGTCTTACGGA","Ex_DACH2_ZMAT4","Glut-DACH2-3",0.97964544620775
"SN554_CGTCAAATCGCACTCT","Ex_DACH2_LUZP2","Glut-CACNA1H-2",0.334747581974247
"SN554_AATTTCCCAATCGTCA","Ex_DACH2_NR4A3","Glut-DACH2-1",0.90967163762142
"SN554_GTGGTTAAGACATATG","Ex_DACH2_LUZP2","Glut-DACH2-2",0.549744966009948
"SN554_GCACGGTGTAAGGCTG","Ex_DACH2_LUZP2","Glut-DACH2-2",0.521099199738133
"SN554_TCGCTTGTCCGAGAAG","Ex_DACH2_LHX2","Glut-DACH2-1",0.512818903287283
"SN554_CAAGACTCACGGTGTC","Ex_DACH2_LUZP2","Glut-DACH2-2",0.486830398671556
"SN554_GTGGAAGGTTATCCAG","Ex_DACH2_LHX2","Glut-DACH2-1",0.892979523974662
"SN554_CTTCAATCACTGCGAC","Ex_DACH2_SLIT2","Glut-CACNA1H-4",0.793873371322405
"SN554_GGTTGTACATCCGGTG","Ex_DACH2_LUZP2","Glut-DACH2-2",0.535352955667698
"SN554_TCTCACGCAGGCTTGC","Ex_DACH2_ADAMTS5","Glut-DACH2-5",0.794142388095315
"SN554_GTAGATCAGCCTGAGA","Ex_DACH2_LUZP2","Glut-DACH2-2",0.455454411772428
"SN554_TTCACGCCATTCAGGT","Ex_DACH2_MGAT4C","Glut-DACH2-1",0.794785531149581
"SN554_TACCTGCGTCCTACAA","Ex_DACH2_NR4A3","Glut-DACH2-1",0.83374192728056
"SN554_AGGGAGTGTGGATGAC","Ex_DACH2_MGAT4C","Glut-DACH2-2",0.528306056655654
"SN554_GGAATCTCACTTCCTG","Ex_DACH2_RORB","Glut-DACH2-3",0.593777746754549
"SN554_CGGAACCCAAGCAATA","Ex_DACH2_NR4A3","Glut-DACH2-1",0.726617194918392
"SN554_ATCGCCTCAGAGTTGG","Ex_DACH2_LUZP2","Glut-DACH2-2",0.578722336708183
"SN554_GAGTGAGGTAGGCAAC","Ex_DACH2_RORB","Glut-DACH2-3",0.408845333103497
"SN554_TCTACATCACAACATC","Ex_DACH2_LUZP2","Glut-DACH2-2",0.511311594697606
"SN554_TGTGCGGGTCGATGCC","Ex_DACH2_LUZP2","Glut-DACH2-2",0.602082444557444
"SN554_GGCTTGGAGTTTGTCG","Ex_DACH2_ADAMTS5","Glut-DACH2-7",0.525936139097191
"SN554_CCACACTGTCACTCGG","Ex_DACH2_ITGA9","Glut-DACH2-1",0.529632823566222
"SN554_AGACAAATCAAGGAGC","Ex_BCL6","Glut-DACH2-3",0.529086625578662
"SN554_TCCTAATAGGATGTTA","Ex_DACH2_LUZP2","Glut-DACH2-1",0.587096143162701
"SN554_AACGTCATCGCATGAT","Ex_DACH2_LUZP2","Glut-DACH2-1",0.5170227467966
"SN554_CTACAGATCTGCTGAA","Ex_DACH2_LUZP2","Glut-DACH2-2",0.478358453073393
"SN554_CCGATGGCAAAGGCAC","Ex_DACH2_ZMAT4","Glut-DACH2-1",0.322007753728905
"SN554_CTTCTCTAGTAAGAGG","Ex_DACH2_LUZP2","Glut-DACH2-2",0.348376471943848
"SN554_TTAGGGTTCGACACTA","Ex_DACH2_LUZP2","Glut-DACH2-2",0.374520518550226
"SN554_GTGTTAGAGCCATATC","Ex_DACH2_LHX2","Glut-DACH2-2",0.551664571807085
"SN554_GTATTTCGTAACATCC","Ex_BCL6","Glut-DACH2-3",0.73339050472374
"SN554_TGTAACGCACCAAAGG","Ex_DACH2_GRIK4","Glut-DACH2-1",0.545028251136198
"SN554_ATAGGCTTCCGTAGTA","Ex_DACH2_TAC1","Glut-DACH2-3",0.449815133717547
"SN554_ATCTTCATCTGCGGAC","Ex_DACH2_NR4A3","Glut-DACH2-1",0.572076059161256
"SN554_TGTCAGAAGAGAAGGT","Ex_DACH2_SLIT2","Glut-DACH2-3",0.669205769087344
"SN554_ATCTCTAAGAAGATCT","Ex_DACH2_LUZP2","Glut-DACH2-2",0.491757549962237
"SN554_AGCCAGCGTACAGGTG","Ex_DACH2_ZMAT4","Glut-DACH2-3",0.994600914024095
"SN554_AGGAATATCGGTCGAC","Ex_DACH2_MGAT4C","Glut-DACH2-1",0.750689009958797
"SN554_CCATCACAGTAGTGCG","Ex_DACH2_NR4A3","Glut-DACH2-1",0.702410481904818
"SN554_TCAAGACGTCCATAGT","Ex_DACH2_MGAT4C","Glut-DACH2-1",0.621480013696755
"SN554_TCGGGTGTCAGACCGC","Ex_DACH2_MGAT4C","Glut-DACH2-1",0.673104586704832
"SN554_TTCAGGATCTGCGTCT","Ex_DACH2_LUZP2","Glut-DACH2-2",0.361155026896419
"SN554_GTCGAATAGGGCTTCC","Ex_DACH2_MGAT4C","Glut-DACH2-1",0.813233605470158
"SN554_CAACAGTGTGTTGATC","Ex_DACH2_MGAT4C","Glut-DACH2-1",0.483024428057895
"SN554_AAGCCATGTATTCCGA","Ex_BCL6","Glut-DACH2-3",0.919405279318225
"SN554_AGCGCCATCACAACCA","Ex_DACH2_MGAT4C","Glut-DACH2-1",0.574260397507823
"SN554_CGCATAATCCCGATCT","Ex_DACH2_MGAT4C","Glut-DACH2-1",0.661757363420434
"SN554_CCTCACACATACCGTA","Ex_DACH2_ADAMTS5","Glut-DACH2-5",0.703402481765744
"SN554_CGTGAATAGTAGTCAA","Ex_DACH2_GRIK4","Glut-DACH2-2",0.560829382878558
"SN554_CCCTCTCCAGCAGTCC","Ex_DACH2_LUZP2","Glut-DACH2-2",0.537061985923159
"SN554_AACGTCATCACGTCCT","Ex_DACH2_LUZP2","Glut-DACH2-2",0.513443658598826
"SN554_AAATGGACATAACTCG","Ex_DACH2_LUZP2","Glut-DACH2-1",0.513484508253383
"SN554_GACCCAGGTAACGCGA","Ex_DACH2_LUZP2","Glut-DACH2-1",0.650512184194953
"SN554_ACCTGTCCAGCGAGTA","Ex_DACH2_RORB","Glut-DACH2-8",0.396518112978834
"SN554_GCCAGGTAGGTCGCCT","Ex_DACH2_LUZP2","Glut-DACH2-1",0.481379952987541
"SN554_TCGCTTGTCACTGTTT","Ex_DACH2_LUZP2","Glut-DACH2-2",0.604478457243694
"SN554_CGATGGCAGATGAACT","Ex_BCL6","Glut-DACH2-3",0.526009954340068
"SN554_GTAGTACTCGGTGCAC","Ex_DACH2_GRIK4","Glut-DACH2-1",0.836605994890957
"SN554_TAGGGTTAGCCTGGAA","Ex_DACH2_MGAT4C","Glut-DACH2-1",0.820339109920526
"SN554_CCGCAAGGTACCTATG","Ex_DACH2_LUZP2","Glut-DACH2-1",0.531410632649984
"SN554_TTAGGGTTCTCGCAGG","Ex_DACH2_LUZP2","Glut-DACH2-1",0.537186804616787
"SN554_TGGATGTAGGCGCTCT","Ex_DACH2_ZMAT4","Glut-DACH2-3",0.327228019805611
"SN554_CAATGACCAGCGTACC","Ex_DACH2_LUZP2","Glut-CACNA1H-4",0.333809521448561
"SN554_ATGGGAGCACGCTGTG","Ex_DACH2_LUZP2","Glut-CACNA1H-4",0.509793752259525
"SN554_AGGACTTCACTTTATC","Ex_DACH2_LUZP2","Glut-DACH2-2",0.500777760445066
"SN554_CATCGTCGTCTCAGGC","Ex_DACH2_MGAT4C","Glut-DACH2-1",0.71366273627372
"SN554_CAGTGCGTCTGATTCT","Ex_DACH2_MGAT4C","Glut-DACH2-1",0.516125755313666
"SN554_ATATCCTAGGGAGTTC","Ex_DACH2_LUZP2","Glut-DACH2-1",0.635223294883444
"SN554_ACGTAACCATTCAGCA","Ex_DACH2_LUZP2","Glut-CACNA1H-4",0.270295690558867
"SN554_TGGTGATCAGTAACGG","Ex_BCL6","Glut-DACH2-3",0.992356242630765
"SN554_CTCAATTTCGTAACCA","Ex_DACH2_LUZP2","Glut-DACH2-1",0.526369201038769
"SN554_GCACATAGTAATACCC","Ex_DACH2_ADAMTS5","Glut-DACH2-5",0.672103834006159
"SN554_GTCCCATTCAGCCCAG","Ex_DACH2_LUZP2","Glut-DACH2-2",0.390920426549235
"SN554_CTGGCAGCACACAGAG","Ex_DACH2_SLIT2","Glut-DACH2-1",0.400952128299221
"SN554_TCGTCCACATCGCCTT","Ex_DACH2_LUZP2","Glut-DACH2-2",0.567211148507899
"SN554_CTCCATGGTGACTCGC","Ex_DACH2_GRIK4","Glut-DACH2-1",0.728818558144611
"SN554_TATTGCTAGGTTACAA","Ex_DACH2_LUZP2","Glut-DACH2-1",0.556033888412753
"SN554_TGGCGTGTCTAGACCA","Ex_DACH2_LUZP2","Glut-DACH2-2",0.527107139854017
"SN554_CGTAATGAGGTTCTAC","Ex_DACH2_LUZP2","Glut-DACH2-2",0.494103887847301
"SN554_ATGTCTTGTGAGACCA","Ex_DACH2_MGAT4C","Glut-DACH2-1",0.530556177295171
"SN554_ATGCGATTCCGCAAAT","Ex_DACH2_NR4A3","Glut-DACH2-1",0.87170325380363
"SN554_AATCACGAGCGCCTTG","Ex_DACH2_LUZP2","Glut-DACH2-2",0.325781980860945
"SN554_TCTCACGCAAATTAGG","Ex_DACH2_LUZP2","Glut-DACH2-2",0.419552116151252
"SN554_CTGAGCGAGCACTAAA","Ex_DACH2_GRIK4","Glut-DACH2-1",0.904426757466312
"SN554_TGTCCTGTCTTGCAAG","Ex_DACH2_LUZP2","Glut-CACNA1H-4",0.324576885658861
"SN554_TCACGCTTCAGCGTCG","Ex_DACH2_SLIT2","Glut-DACH2-1",0.375201750156555
"SN554_GAGTTGTGTTCGAAGG","Ex_BCL6","Glut-DACH2-3",0.980112761978768
"SN554_AAGACTCAGTAACAGT","Ex_DACH2_ZMAT4","Glut-DACH2-3",0.928822565749184
"SN554_GGTGTCGGTGCTTATG","Ex_DACH2_GRIK4","Glut-DACH2-1",0.845700503912151
"SN554_GCGGAAATCGGTGTAT","Ex_DACH2_LUZP2","Glut-DACH2-2",0.555977341964346
"SN554_GAAGCGAGTGGCACTC","Ex_DACH2_MGAT4C","Glut-DACH2-1",0.583558415834228
"SN554_AATCGACAGGCATGCA","Ex_DACH2_LUZP2","Glut-DACH2-2",0.407741703079789
"SN554_TACCCACTCTGCGATA","Ex_DACH2_NR4A3","Glut-DACH2-1",0.280364785303538
"SN554_CACTAAGCAACGGTAG","Ex_DACH2_GRIK4","Glut-DACH2-1",0.563562652820558
"SN554_CGAAGGAGTCTAATCG","Ex_DACH2_LUZP2","Glut-DACH2-1",0.47502595651122
"SN554_GTGACGCTCTCGTTTA","Ex_DACH2_LUZP2","Glut-DACH2-2",0.475203299736972
"SN554_GGCAGTCGTGATTCAC","Ex_DACH2_LUZP2","Glut-DACH2-1",0.505221747955478
"SN554_TACCTGCGTATGGGAC","Ex_DACH2_MGAT4C","Glut-DACH2-1",0.619885913213252
"SN554_AAAGGGCGTAGCTTAC","Ex_DACH2_MGAT4C","Glut-DACH2-1",0.627733897571094
"SN554_TCCACGTGTGCCCAGT","Ex_DACH2_MGAT4C","Glut-DACH2-2",0.515218404538608
"SN554_CGAGTGCAGGTCACAG","Ex_DACH2_NR4A3","Glut-DACH2-1",0.67096377622527
"SN554_CGTTCTGAGTAGCATA","Ex_DACH2_MGAT4C","Glut-DACH2-1",0.581339587079398
"SN554_ATCCTATAGTAGATCA","Ex_DACH2_ITGA9","Glut-DACH2-4",0.518745862744974
"SN554_TTTGGAGGTAGGACTG","Ex_DACH2_LUZP2","Glut-DACH2-2",0.546778551824861
"SN554_TCGGGACAGGACAGCT","Ex_DACH2_MGAT4C","Glut-DACH2-1",0.644305921271966
"SN554_CCCTCTCAGATCCCGC","Ex_BCL6","Glut-DACH2-3",0.686037301640916
"SN554_AGGAGGTAGAAGTCAT","Ex_DACH2_LHX2","Glut-DACH2-1",0.615917335001226
"SN554_CATACTTTCGGACAAG","Ex_DACH2_ITGA9","Glut-DACH2-7",0.340938289041548
"SN554_GTGGAGACATTGACCA","Ex_DACH2_GRIK4","Glut-DACH2-1",0.681599755215883
"SN554_GTGCTGGAGCTGCCAC","Ex_DACH2_MGAT4C","Glut-DACH2-1",0.715046923917297
"SN554_AGGAAATTCTCGGTAA","Ex_DACH2_MGAT4C","Glut-DACH2-1",0.548429006547658
"SN554_CGGGTGTCAGATTCGT","Ex_DACH2_ADAMTS5","Glut-DACH2-5",0.516924005073832
"SN554_GAGTGTTCACCCTAAA","Ex_DACH2_LUZP2","Glut-DACH2-2",0.455296263497556
"SN554_AGTAGTCAGAGGTATT","Ex_DACH2_GRIK4","Glut-DACH2-1",0.975715461274146
"SN554_GGATGTTAGCATCAAA","Ex_DACH2_LUZP2","Glut-CACNA1H-4",0.390708622465326
"SN554_TATCTGTGTTATCTGG","Ex_DACH2_MGAT4C","Glut-DACH2-1",0.696165338582198
"SN554_GACCAATGTTGTGTTG","Ex_DACH2_LUZP2","Glut-DACH2-2",0.45348771880104
"SN554_ACCACAATCGCCGAAC","Ex_DACH2_LHX2","Glut-DACH2-1",0.483608907497572
"SN554_GAGGCAAGTGGCTGCT","Ex_DACH2_SLIT2","Glut-CACNA1H-4",0.547199970567851
"SN554_CCCATTGAGCCGTCGT","Ex_DACH2_LUZP2","Glut-DACH2-2",0.360812948294448
"SN554_TCATGGAAGGGCTGAT","Ex_DACH2_LUZP2","Glut-DACH2-2",0.364157691248887
"SN554_ACGGGTCGTATGGGAC","Ex_DACH2_NR4A3","Glut-DACH2-1",0.833672728852624
"SN554_GACCGTGTCAACTGAC","Ex_DACH2_LUZP2","Glut-DACH2-1",0.431860357148243
"SN554_CCACAAATCATACGAC","Ex_DACH2_MGAT4C","Glut-DACH2-1",0.698776179208606
"SN554_ACTATTCAGGTTGTTC","Ex_DACH2_LUZP2","Glut-DACH2-2",0.605601063862982
"SN554_CAGCAATAGTTGCGAG","Ex_DACH2_LUZP2","Glut-DACH2-2",0.45652892692029
"SN554_TGGTAGTTCTCTGCCA","Ex_DACH2_ZMAT4","Glut-DACH2-3",0.771366150797856
"SN554_TGCTCGTGTCGCATTA","Ex_DACH2_LUZP2","Glut-DACH2-2",0.518720522143325
"SN554_TGCAGTACACACGTGC","Ex_BCL6","Glut-CACNA1H-4",0.552954859638111
"SN554_TTCTAACAGGCCATAG","Ex_DACH2_MGAT4C","Glut-DACH2-1",0.595206648407588
"SN554_AGCTACAAGATAGTGT","Ex_DACH2_ADAMTS5","Glut-DACH2-1",0.584259965841416
"SN554_CCAATTTGTACCATAC","Ex_DACH2_NR4A3","Glut-DACH2-1",0.589048817926007
"SN554_CCGCAAGCAGCACACC","Ex_DACH2_LUZP2","Glut-DACH2-2",0.567852241769642
"SN554_TGCTGAAGTGAACGGT","Ex_DACH2_LUZP2","Glut-CACNA1H-4",0.421248066507792
"SN554_CAGGCCAAGGTCGACA","Ex_DACH2_LUZP2","Glut-DACH2-1",0.526908612928415
"SN554_AAGACTCTCTTCGGTC","Ex_DACH2_LUZP2","Glut-DACH2-2",0.480026496786483
"SN554_AGCTACACAGATGCGA","Ex_DACH2_SLIT2","Glut-DACH2-3",0.717539807787436
"SN554_GCAGGCTCATCTAACG","Ex_DACH2_LUZP2","Glut-DACH2-2",0.377054210781958
"SN554_CAATGACTCCGACAGC","Ex_DACH2_LUZP2","Glut-DACH2-2",0.559136213278712
"SN554_CATCCACCAAGATGGC","Ex_DACH2_LUZP2","Glut-DACH2-2",0.472472660916839
"SN554_TACGGGCAGGGAGTTC","Ex_DACH2_ZMAT4","Glut-DACH2-1",0.39633725355209
"SN554_GTGTCCTAGAACCGCA","Ex_DACH2_LUZP2","Glut-DACH2-1",0.531058192188914
"SN554_ATAGACCGTTGAGGAC","Ex_DACH2_NR4A3","Glut-DACH2-1",0.489021672018294
"SN554_GGGCGTTTCTAGTGAC","Ex_DACH2_LUZP2","Glut-DACH2-2",0.444842067143679
"SN554_CGAAGTTTCGCAATGT","Ex_DACH2_ZMAT4","Glut-DACH2-8",0.733123269187149
"SN554_ATAGGCTAGTAAACAC","Ex_DACH2_GRIK4","Glut-DACH2-1",0.814640375408676
"SN554_AACAAAGAGCTTTCTT","Ex_DACH2_LUZP2","Glut-DACH2-2",0.495179061312691
"SN554_TACCCGTCACCCAATA","Ex_DACH2_ITGA9","Glut-DACH2-7",0.564850648570592
"SN554_TCTATACTCCAAACCA","Ex_DACH2_LUZP2","Glut-DACH2-2",0.562434158141595
"SN554_AGAACCTGTGTCTCCT","Ex_DACH2_MGAT4C","Glut-DACH2-1",0.556193959809947
"SN554_GAGTTGTTCATTTCGT","Ex_DACH2_ZMAT4","Glut-DACH2-3",0.670578700633076
"SN554_TCATCATAGAAGCGGG","Ex_DACH2_SLIT2","Glut-DACH2-6",0.306974347196144
"SN554_AACCCAAGTATCACGT","Ex_DACH2_LUZP2","Glut-DACH2-2",0.604967798322527
"SN554_TGACGCGAGCGTTGTT","Ex_DACH2_LUZP2","Glut-DACH2-2",0.5011024118345
"SN554_TAATCTCTCAGCAATC","Ex_DACH2_LUZP2","Glut-DACH2-2",0.392536460416965
"SN554_CCGTGAGCAACATCGT","Ex_DACH2_LUZP2","Glut-DACH2-1",0.663926083319169
"SN554_AATCGACTCTGGAGAG","Ex_DACH2_MGAT4C","Glut-DACH2-2",0.590059191051736
"SN554_GTTGTCCGTCTAGTGT","Ex_DACH2_NR4A3","Glut-DACH2-1",0.755350244227573
"SN554_TTTACTGGTTGTATGC","Ex_DACH2_LUZP2","Glut-DACH2-2",0.55325771758609
"SN554_ATTGTTCGTAGCGAGT","Ex_DACH2_LUZP2","Glut-DACH2-2",0.460516796105726
"SN554_CTCCACATCGGCCAAC","Ex_DACH2_LUZP2","Glut-CACNA1H-4",0.891761345724146
"SN554_TTCTTGATCTGTTCAT","Ex_BCL6","Glut-DACH2-3",0.985560162866376
"SN554_TAGACTGAGGCATCAG","Ex_DACH2_LUZP2","Glut-DACH2-1",0.470461816278513
"SN554_TCAGTGACAGGTGACA","Ex_DACH2_MGAT4C","Glut-DACH2-1",0.576982652371097
"SN554_AGGGTTTCAGAAGCTG","Ex_DACH2_LUZP2","Glut-DACH2-2",0.559936201591808
"SN554_ACCGTTCCATTGACAC","Ex_BCL6","Glut-CACNA1H-4",0.5323273124483
"SN554_ATGGGAGTCGATCCAA","Ex_DACH2_LUZP2","Glut-DACH2-2",0.460329190934238
"SN554_GTTGCTCCAATACAGA","Ex_DACH2_NR4A3","Glut-DACH2-1",0.867842548662239
"SN554_GCGAGAATCGAGTACT","Ex_DACH2_ITGA9","Glut-DACH2-1",0.68717815387796
"SN554_CTGGACGAGGCGATAC","Ex_DACH2_LUZP2","Glut-DACH2-1",0.500199782831203
"SN554_ATCATTCGTAGCTGTT","Ex_DACH2_LUZP2","Glut-DACH2-2",0.406109125303851
"SN554_AGCGATTCAGGTTCGC","Ex_DACH2_MGAT4C","Glut-DACH2-1",0.789915146790083
"SN554_CTCCTCCAGGATACCG","Ex_DACH2_ADAMTS5","Glut-DACH2-2",0.375723570880305
"SN554_GTGTTAGAGTTGGACG","Ex_DACH2_MGAT4C","Glut-DACH2-1",0.697842522485828
"SN554_CAGCGTGGTCCTGGTG","Ex_DACH2_LUZP2","Glut-DACH2-1",0.406580487550647
"SN554_CGTAATGCATTGGATC","Ex_DACH2_SLIT2","Glut-DACH2-3",0.49906623826198
"SN554_GGTGGCTTCGAGAACG","Ex_DACH2_LUZP2","Glut-DACH2-1",0.644713801002128
"SN554_CGTGATATCACCACAA","Ex_DACH2_LHX2","Glut-DACH2-1",0.46904627126084
"SN554_CACTGAAGTTCGTAAC","Ex_DACH2_RORB","Glut-DACH2-3",0.380485603912449
"SN554_GACCTTCGTCCTACGG","Ex_DACH2_LUZP2","Glut-CACNA1H-4",0.737178229724376
"SN554_AGACAGGCAATACGAA","Ex_DACH2_LUZP2","Glut-DACH2-2",0.454484369922796
"SN554_CGATGGCGTCTGATAC","Ex_DACH2_LUZP2","Glut-DACH2-1",0.511162244420407
"SN554_TTCCTTCCATTGCTGA","Ex_DACH2_RORB","Glut-DACH2-3",0.434498020129978
"SN554_GTAGATCAGATAACGT","Ex_DACH2_LUZP2","Glut-DACH2-2",0.527472589269098
"SN554_GTCTTTATCAAAGCCT","Ex_DACH2_LUZP2","Glut-DACH2-2",0.523463905027775
"SN554_CGGGCATCACCAGTAT","Ex_DACH2_LUZP2","Glut-DACH2-1",0.814443849544604
"SN554_GCCTGTTTCGTTCTAT","Ex_DACH2_NR4A3","Glut-DACH2-1",0.499327438426696
"SN554_CCTCATGAGCTAGATA","Ex_BCL6","Glut-DACH2-6",0.591004279207476
"SN554_TGCAGGCCACAAACGG","Ex_DACH2_LUZP2","Glut-DACH2-2",0.543505973456368
"SN554_GACCTTCGTTCGTACA","Ex_DACH2_LUZP2","Glut-CACNA1H-4",0.895152002928735
"SN554_AGAGCAGAGTCACGAG","Ex_DACH2_LUZP2","Glut-DACH2-2",0.589373256452932
"SN554_CAGCGTGTCGGCAGTC","Ex_DACH2_NR4A3","Glut-DACH2-1",0.85929710046374
"SN554_CATGCAAGTCAAAGCG","Ex_DACH2_NR4A3","Glut-DACH2-1",0.749230303326236
"SN554_AATCACGCAGAAATCA","Ex_DACH2_LUZP2","Glut-DACH2-1",0.378670538722837
"SN554_GTATTTCGTGATGAAT","Ex_DACH2_NR4A3","Glut-DACH2-1",0.942735442999705
"SN554_TCCCAGTAGTTGGAAT","Ex_DACH2_ADAMTS5","Glut-DACH2-5",0.440100626101641
"SN554_TCAAGTGGTTGGGATG","Ex_DACH2_LUZP2","Glut-DACH2-1",0.589333454396304
"SN554_ACCAACAGTTACGATC","Ex_DACH2_NR4A3","Glut-DACH2-1",0.498200195275749
"SN554_ACTTTGTAGATACCAA","Ex_DACH2_SLIT2","Glut-DACH2-3",0.280049671538603
"SN554_ACTCCCAGTGAGCAGT","Ex_DACH2_LUZP2","Glut-DACH2-2",0.410690137120671
"SN554_TATTTCGCAAAGGATT","Ex_DACH2_LUZP2","Glut-DACH2-2",0.598929761543268
"SN554_TGCGGGTCACAAAGTA","Ex_DACH2_ADAMTS5","Glut-DACH2-7",0.634647102406956
"SN554_CTCCTCCCATTAGGCT","Ex_DACH2_ADAMTS5","Glut-DACH2-5",0.489108622651674
"SN554_AAGATAGCATGTACGT","Ex_DACH2_RORB","Glut-DACH2-3",0.445305729901342
"SN554_ACATGCACATGTAACC","Ex_DACH2_LUZP2","Glut-DACH2-2",0.468569306456904
"SN554_TCATTGTGTTTCGTGA","Ex_DACH2_SLIT2","Glut-DACH2-6",0.344123944019312
"SN554_GTCGTAACAAGTTCCA","Ex_DACH2_LUZP2","Glut-DACH2-1",0.72778853449462
"SN554_CGCCAGAAGTAACCGG","Ex_DACH2_MGAT4C","Glut-DACH2-LMANsh",0.355130052658005
"SN554_CATGAGTGTTGCCGAC","Ex_DACH2_LUZP2","Glut-DACH2-2",0.569137096656761
"SN554_AACCACAAGAGTGGCT","Ex_DACH2_MGAT4C","Glut-DACH2-1",0.865420024528025
"SN554_CACGTGGGTCACGACC","Ex_DACH2_LUZP2","Glut-DACH2-2",0.528667952691134
"SN554_TATTTCGTCCGGTAGC","Ex_DACH2_LUZP2","Glut-DACH2-1",0.584908065956408
"SN554_TGCCGAGCAAGCGAGT","Ex_DACH2_MGAT4C","Glut-DACH2-2",0.377363181508728
"SN554_GTTTGGAGTCTCACAA","Ex_DACH2_LUZP2","Glut-DACH2-2",0.520495496748622
"SN554_TCACTCGTCCGTGGGT","Ex_DACH2_MGAT4C","Glut-DACH2-5",0.361845277455103
"SN554_TGGGCGTCATTGACCA","Ex_DACH2_LUZP2","Glut-DACH2-2",0.443032652753305
"SN554_AGAGCAGAGTCCGCCA","Ex_DACH2_ADAMTS5","Glut-DACH2-7",0.862563613156804
"SN554_GTTGAACGTTGGGTAG","Ex_DACH2_NR4A3","Glut-DACH2-1",0.842111993742611
"SN554_GACCCTTGTAATTGGA","Ex_DACH2_NR4A3","Glut-DACH2-1",0.528160023627437
"SN554_TACGTCCAGGTATTGA","Ex_DACH2_SLIT2","Glut-DACH2-8",0.494488661915164
"SN554_GGTGAAGCAGCCGGTT","Ex_DACH2_RORB","Glut-DACH2-3",0.440510775150188
"SN554_TGTGCGGGTTATGTGC","Ex_DACH2_SLIT2","Glut-CACNA1H-4",0.776044482409886
"SN554_CAGATTGTCATTACGG","Ex_DACH2_LUZP2","Glut-DACH2-2",0.519943003650591
"SN554_GTGATGTGTTGACTAC","Ex_DACH2_MGAT4C","Glut-DACH2-1",0.667574839845401
"SN554_CAATTTCAGGGACAGG","Ex_DACH2_LUZP2","Glut-DACH2-1",0.59325162341966
"SN554_TGATGGTCAGTACTAC","Ex_DACH2_LUZP2","Glut-DACH2-2",0.543035004493401
"SN554_TCCTCGAAGTGCCCGT","Ex_DACH2_LUZP2","Glut-DACH2-1",0.511950141935465
"SN554_CCCGAAGAGTAGATCA","Ex_DACH2_LUZP2","Glut-DACH2-2",0.370205311864355
"SN554_ATCTCTACACTCAAGT","Ex_DACH2_LUZP2","Glut-DACH2-2",0.393128737795907
"SN554_CTACTATCATCGGAAG","Ex_DACH2_MGAT4C","Glut-DACH2-2",0.522649452554837
"SN554_TATCTTGCAAACGAGC","Ex_DACH2_LUZP2","Glut-DACH2-2",0.465487086065386
"SN554_TGTTCATGTCATCACA","Ex_DACH2_LUZP2","Glut-DACH2-2",0.447468802442538
"SN554_GATCAGTTCCCAGTGG","Ex_DACH2_LUZP2","Glut-DACH2-2",0.485431865293501
"SN554_TTACCGCCATAGAGGC","Ex_DACH2_ZMAT4","Glut-DACH2-3",0.598749047988248
"SN554_AAACCCAAGCGCCGTT","Ex_DACH2_NR4A3","Glut-DACH2-1",0.489002525128864
"SN554_AGACCATCAATCTAGC","Ex_DACH2_MGAT4C","Glut-DACH2-1",0.624390414254915
"SN554_GCAGCCATCATTACCT","Ex_DACH2_RORB","Glut-DACH2-3",0.68329170611798
"SN554_TGCGGCACAGCGATTT","Ex_DACH2_ADAMTS5","Glut-DACH2-5",0.576304674210934
"SN554_ATCACGAGTATAGCTC","Ex_DACH2_LUZP2","Glut-DACH2-2",0.547774285111148
"SN554_GGTGAAGGTAACGATA","Ex_DACH2_LUZP2","Glut-DACH2-2",0.496289594224265
"SN554_TTCTCTCCAGAGACTG","Ex_DACH2_LUZP2","Glut-DACH2-1",0.529416457625155
"SN554_CAAGGGACAGTTGCGC","Ex_DACH2_RORB","Glut-DACH2-3",0.379547953249967
"SN554_ATGTCTTCAAGCAGGT","Ex_DACH2_LUZP2","Glut-DACH2-2",0.534909028269568
"SN554_TATCGCCCAAACTAAG","Ex_DACH2_ZMAT4","Glut-DACH2-3",0.786538521618095
"SN554_TGAGTCAAGCGTGTTT","Ex_DACH2_LUZP2","Glut-DACH2-2",0.52712163698516
"SN554_TGCTTCGCAGTTCACA","Ex_DACH2_ADAMTS5","Glut-DACH2-2",0.33012697270315
"SN554_TCTTTGAAGCCTGAGA","Ex_DACH2_LUZP2","Glut-DACH2-2",0.366473737086985
"SN554_AACAGGGAGCATGAAT","Ex_DACH2_LUZP2","Glut-DACH2-2",0.634478885400929
"SN554_GTGGTTAGTACCCGAC","Ex_DACH2_RORB","Glut-DACH2-3",0.300818981575992
"SN554_ACGTAACTCATTGTGG","Ex_DACH2_LUZP2","Glut-DACH2-2",0.585820035898515
"SN554_CCTGCATCAGCTATAC","Ex_DACH2_NR4A3","Glut-DACH2-1",0.819963538625404
"SN554_GCGAGAACATCAGTGT","Ex_DACH2_LUZP2","Glut-DACH2-2",0.466623457641709
"SN554_AGGCATTAGGACGGAG","Ex_DACH2_RORB","Glut-DACH2-8",0.353014884302914
"SN554_CAAAGAATCGCTGACG","Ex_DACH2_LUZP2","Glut-DACH2-2",0.327283938286931
"SN554_AGAGAGCAGGATTTAG","Ex_DACH2_ITGA9","Glut-DACH2-3",0.653249026574591
"SN554_GTCACGGGTGGGAGAG","Ex_DACH2_LUZP2","Glut-DACH2-2",0.603565875986223
"SN554_GATCCCTAGCTCTATG","Ex_DACH2_RORB","Glut-DACH2-3",0.656315163906435
"SN554_ATGATCGTCGTGAGAG","Ex_DACH2_ZMAT4","Glut-DACH2-3",0.60393238943814
"SN554_CTCCTTTCATTCACCC","Ex_DACH2_RORB","Glut-CACNA1H-3",0.246784822969469
"SN554_CATACCCAGCTGTCCG","Ex_DACH2_RORB","Glut-DACH2-5",0.405935734901482
"SN554_AGATCGTGTCGCGGTT","Ex_DACH2_LUZP2","Glut-DACH2-1",0.265213495774348
"SN554_CGCAGGTGTCTTACAG","Ex_DACH2_MGAT4C","Glut-DACH2-2",0.333991664238048
"SN554_CGAGTGCTCCGCAACG","Ex_DACH2_RORB","Glut-CACNA1H-2",0.150931735324683
"SN554_CAACGATAGGGCTAAC","Ex_DACH2_LUZP2","Glut-DACH2-1",0.493422807839595
"SN554_TTACGTTAGTCCCAGC","Ex_DACH2_RORB","Glut-DACH2-8",0.248391835929204
"SN554_TAGGAGGGTCTCGACG","Ex_DACH2_MGAT4C","Glut-DACH2-1",0.309312313543191
"SN554_TGGTGATTCGCCATAA","Ex_DACH2_ADAMTS5","Glut-DACH2-5",0.578841958833844
"SN554_GGTGTCGAGTATTGCC","Ex_DACH2_RORB","Glut-DACH2-3",0.695192869210184
"SN554_GTGTCCTGTAGGTCAG","Ex_DACH2_NR4A3","Glut-DACH2-1",0.28276660686595
"SN554_GGTAACTAGTTGTACC","Ex_DACH2_RORB","Glut-DACH2-4",0.332568414167922
"SN554_CCACAAAGTGGAGAAA","Ex_DACH2_LUZP2","Glut-DACH2-1",0.50046555498231
"SN554_TAAGCGTCAACATACC","Ex_DACH2_RORB","Glut-DACH2-LMANco",0.566597807409487
"SN554_AAAGAACGTCTTTCTA","Ex_DACH2_RORB","Glut-DACH2-3",0.528365854196512
"SN429_AGATGCTTCACTTCTA","Ex_Pre_KCNH7","Glut-DACH2-4",0.418661943592655
"SN429_TTTCACATCGTGCTCT","Ex_Pre_SATB2","Glut-CACNA1H-2",0.461660443518971
"SN429_TCTATACCACGACGAA","Ex_Pre_KCNH7","Glut-DACH2-1",0.861994905219864
"SN429_TGGGAGAAGACTGAGC","Ex_Pre_KCNH7","Glut-DACH2-1",0.311254576286817
"SN429_CACTGAAGTCCGGTGT","Ex_Pre_KCNH7","Glut-CACNA1H-4",0.82471837024292
"SN429_CCACGTTTCTACGCAA","Ex_Pre_KCNH7","Glut-DACH2-4",0.241170955856348
"SN429_GGGACTCTCTTCGGAA","Ex_Pre_KCNH7","Glut-DACH2-1",0.301053230083728
"SN429_GTCAAACGTGTTGATC","Ex_Pre_KCNH7","Glut-DACH2-3",0.624026323233876
"SN429_CGAAGTTTCAAAGGTA","Ex_Pre_KCNH7","Glut-CACNA1H-2",0.214160120929463
"SN429_GCTTTCGAGAAGCCTG","Ex_Pre_KCNH7","Glut-DACH2-1",0.400677176858193
"SN429_TCCGAAACAGGAGGAG","Ex_Pre_KCNH7","Glut-DACH2-1",0.524790690939285
"SN429_CGTTAGACAACCGTGC","Ex_Pre_KCNH7","Glut-DACH2-1",0.670148091840019
"SN429_GACATCACAACCGGAA","Ex_Pre_KCNH7","Glut-DACH2-1",0.238259753809605
"SN429_ACGCACGGTCGCATCG","Ex_Pre_KCNH7","Glut-DACH2-1",0.233243531553919
"SN429_CGTAGTAAGACATCAA","Ex_Pre_KCNH7","Glut-DACH2-1",0.245566243763714
"SN429_ACGATCATCGGTAAGG","Ex_Pre_KCNH7","Glut-DACH2-1",0.585894208475505
"SN429_ATTCCCGCATCGATAC","Ex_Pre_KCNH7","Glut-DACH2-1",0.325860019882791
"SN429_TTGTTTGCATATTCGG","Ex_Pre_KCNH7","Glut-DACH2-4",0.259503342590024
"SN429_GATTGGTCAAGGACAC","Ex_Pre_KCNH7","Glut-DACH2-1",0.3451673618946
"SN429_CAGTTCCCATCAGTGT","Ex_Pre_KCNH7","Glut-DACH2-4",0.392866375685624
"SN429_AGGTAGGAGAGTCAAT","Ex_Pre_KCNH7","Glut-DACH2-1",0.320628782821123
"SN429_CCCTTAGCAAGCTGTT","Ex_Pre_KCNH7","Glut-DACH2-4",0.453025433723089
"SN429_TCACGGGGTCTGTCCT","Ex_Pre_SATB2","Glut-DACH2-HVCx",0.305213568245432
"SN429_ATTCAGGGTTAGGGTG","Ex_Pre_KCNH7","Glut-DACH2-4",0.358646705173828
"SN429_CCGGTGAAGCCTTGAT","Ex_Pre_SATB2","Glut-CACNA1H-2",0.467732297519062
"SN429_GGGATCCCATGCCGCA","Ex_Pre_KCNH7","Glut-CACNA1H-3",0.263525591334012
"SN429_ACCTGAATCCCGAACG","Ex_Pre_KCNH7","Glut-DACH2-2",0.341611169530228
"SN429_TATCGCCCAGTCTACA","Ex_Pre_KCNH7","Glut-CACNA1H-3",0.274955583467314
"SN429_AGGTTGTAGAGGCTGT","Ex_Pre_KCNH7","Glut-DACH2-HVCra",0.170492693992846
"SN429_ACGGGTCTCTATACTC","Ex_Pre_KCNH7","Glut-DACH2-2",0.270440169597909
"SN429_TCTCAGCGTGTGGTCC","Ex_Pre_SATB2","Glut-CACNA1H-2",0.337792152764694
"SN429_GAACTGTAGCGACCCT","Ex_Pre_KCNH7","Glut-DACH2-4",0.274306917692921
"SN429_CCGATGGAGATTGACA","Ex_Pre_KCNH7","Glut-DACH2-6",0.418545536214213
"SN429_CTCCACAGTGCTGCAC","Ex_Pre_KCNH7","Glut-DACH2-1",0.476526311294984
"SN429_CGAGAAGTCTCGCGTT","Ex_Pre_KCNH7","Glut-CACNA1H-3",0.247991081647675
"SN429_TCGGTCTGTGGCAGAT","Ex_Pre_SATB2","Glut-CACNA1H-2",0.312449113887856
"SN429_CCTCAACGTGTGCTTA","Ex_Pre_KCNH7","Glut-CACNA1H-3",0.397354057837036
"SN429_CGTAATGAGCCGTTAT","Ex_Pre_KCNH7","Glut-DACH2-2",0.242488786042113
"SN429_GTGCTTCAGGCCTAAG","Ex_Pre_KCNH7","Glut-DACH2-1",0.270428740964715
"SN429_GTCACGGAGTAGTCCT","Ex_Pre_KCNH7","Glut-CACNA1H-2",0.259769472992779
"SN429_ATGGGAGTCGACCCAG","Ex_Pre_KCNH7","Glut-DACH2-4",0.448850069195961
"SN429_CTCGAGGAGCGTCTGC","Ex_Pre_KCNH7","Glut-DACH2-2",0.256462112152042
"SN429_ATCGCCTCACATATGC","Ex_Pre_KCNH7","Glut-DACH2-1",0.232510050858137
"SN429_CAACCTCAGAGAACCC","Ex_Pre_KCNH7","Glut-DACH2-4",0.272003410216139
"SN429_GGGTCACCACTTACAG","Ex_Pre_KCNH7","Glut-DACH2-4",0.325257773923434
"SN429_TGTGCGGGTCAAGTTC","Ex_Pre_KCNH7","Glut-DACH2-1",0.229693854337077
"SN429_AGCTCAATCTAAGCCA","Ex_Pre_KCNH7","Glut-DACH2-1",0.273862612202989
"SN429_TGATCTTAGTTGCTGT","Ex_Pre_KCNH7","Glut-DACH2-4",0.180821574075896
"SN429_CCGCAAGCATAGAAAC","Ex_Pre_KCNH7","Glut-CACNA1H-3",0.288810566693664
"SN429_AGAGCAGGTGTAAACA","Ex_Pre_KCNH7","Glut-DACH2-1",0.462240158486704
"SN429_GTGGAAGCAACCAATC","Ex_Pre_KCNH7","Glut-DACH2-2",0.251463306653497
"SN429_ATCGGATAGGCGTTGA","Ex_Pre_KCNH7","Glut-DACH2-4",0.358823873329895
"SN429_CCACCATAGGTGCGAT","Ex_Pre_KCNH7","Glut-DACH2-1",0.48336887445763
"SN429_TAGATCGTCACCTTGC","Ex_Pre_KCNH7","Glut-DACH2-3",0.52430842458039
"SN429_CGGGTCACATCGGAAG","Ex_Pre_KCNH7","Glut-DACH2-1",0.539753009952856
"SN429_GTCTGTCCATAATGCC","Ex_Pre_KCNH7","Glut-DACH2-2",0.289103370373104
"SN429_CACAGATCACGTAGTT","Ex_CACNA1H_KIT","Glut-CACNA1H-2",0.746919718048724
"SN429_AGAGAATCATCCTTGC","Ex_CACNA1H_KIT","Glut-CACNA1H-2",0.978885479210467
"SN429_TCCGGGAAGTTCTCTT","Ex_CACNA1H_KIT","Glut-CACNA1H-2",0.685269236568672
"SN429_TTCCTAACACTACCCT","Ex_CACNA1H_PROX1","Glut-CACNA1H-2",1
"SN429_GACTGATTCCATTTCA","Ex_CACNA1H_CPA6","Glut-CACNA1H-2",1
"SN429_CGTCCATGTAAGATCA","Ex_CACNA1H_CPA6","Glut-CACNA1H-2",0.944617838006034
"SN429_CTGTGGGTCATAGCAC","Ex_CACNA1H_PROX1","Glut-CACNA1H-2",0.814830418997264
"SN429_TCTAACTTCTTGCAGA","Ex_CACNA1H_PROX1","Glut-CACNA1H-2",1
"SN429_GATGAGGCATGGGCAA","Ex_CACNA1H_CPA6","Glut-CACNA1H-2",1
"SN429_TTCTAGTGTCCGCAGT","Ex_CACNA1H_KIT","Glut-CACNA1H-2",0.465490687482209
"SN429_ACCTACCTCTGAGCAT","Ex_CACNA1H_KIT","Glut-CACNA1H-2",0.885291066667241
"SN429_CTGCCTACAAGGATGC","Ex_CACNA1H_PROX1","Glut-CACNA1H-2",1
"SN429_GTGCACGCACGGCACT","Ex_CACNA1H_CPA6","Glut-CACNA1H-2",0.641559261140741
"SN429_AACAAGACATCATTGG","Ex_CACNA1H_KIT","Glut-CACNA1H-2",0.746063936581538
"SN429_ATAGGCTAGCCTAACT","Ex_CACNA1H_KIT","Glut-CACNA1H-2",0.893896438221425
"SN429_AGGCATTTCCTCTTTC","Ex_CACNA1H_CPA6","Glut-CACNA1H-2",0.982971646220865
"SN429_TGACTCCTCTCTTCAA","Ex_CACNA1H_PROX1","Glut-DACH2-2",0.54388554302841
"SN429_GGGCGTTAGAGTTGTA","Ex_CACNA1H_CPA6","Glut-CACNA1H-2",0.994728729953525
"SN429_TCTCCGAGTCGGTGTC","Ex_CACNA1H_PROX1","Glut-CACNA1H-2",1
"SN429_GGCAGTCAGCATCAAA","Ex_CACNA1H_CPA6","Glut-CACNA1H-2",0.969675935343723
"SN429_CCATCACGTAGTGATA","Ex_CACNA1H_PROX1","Glut-CACNA1H-4",0.471993244827766
"SN429_ATCGTAGGTTACCTGA","Ex_CACNA1H_PROX1","Glut-CACNA1H-4",0.550758121806
"SN429_ACGTTCCAGCGTGCTC","Ex_CACNA1H_PROX1","Glut-CACNA1H-2",0.811280104814551
"SN429_GACTCTCTCCGTGACG","Ex_CACNA1H_PROX1","Glut-CACNA1H-2",0.999165989323179
"SN429_GTAGAGGTCGTCTACC","Ex_CACNA1H_CPA6","Glut-CACNA1H-2",1
"SN429_ATTGGGTGTGCAAGAC","Ex_CACNA1H_KIT","Glut-CACNA1H-2",0.984418995611282
"SN429_CGGTCAGAGTCTCCTC","Ex_CACNA1H_KIT","Glut-CACNA1H-1",0.36000244239108
"SN429_TAGATCGAGTGCAGCA","Ex_CACNA1H_CPA6","Glut-CACNA1H-2",0.929485703190215
"SN429_TTTCATGCAGAATGTA","Ex_CACNA1H_KIT","Glut-CACNA1H-2",0.415079639319781
"SN429_TTTCACACAATTTCTC","Ex_CACNA1H_KIT","Glut-CACNA1H-2",0.691559338838166
"SN429_AATGGAAGTCATCACA","Ex_CACNA1H_PROX1","Glut-CACNA1H-2",0.999225690202139
"SN429_ACGGAAGCAGTCGTTA","Ex_CACNA1H_CPA6","Glut-CACNA1H-2",1
"SN429_CTTTCAAGTCTTTATC","Ex_CACNA1H_PROX1","Glut-CACNA1H-2",0.764606050661997
"SN429_GAAATGATCATTTGGG","Ex_CACNA1H_CPA6","Glut-CACNA1H-2",1
"SN429_CGATCGGGTTGCAAGG","Ex_CACNA1H_CPA6","Glut-CACNA1H-2",0.995092892023206
"SN429_GTTGAACTCGCATTAG","Ex_CACNA1H_CPA6","Glut-CACNA1H-2",0.991600858144249
"SN429_TACTTGTAGCTCCATA","Ex_CACNA1H_PROX1","Glut-CACNA1H-2",0.559395137470864
"SN429_GACTATGCATGGTGGA","Ex_CACNA1H_KIT","Glut-CACNA1H-2",0.873271424611634
"SN429_AAGTGAAAGACTAGAT","Ex_CACNA1H_KIT","Glut-CACNA1H-2",0.962067070382233
"SN429_ATCACGAGTTATCCAG","Ex_CACNA1H_PROX1","Glut-CACNA1H-4",0.422886938994639
"SN429_TACTGCCTCTGAGCAT","Ex_CACNA1H_PROX1","Glut-CACNA1H-2",1
"SN429_GGATGTTTCTAAGAAG","Ex_CACNA1H_PROX1","Glut-DACH2-2",0.59941422965942
"SN429_TGCAGGCCACTCCTTG","Ex_CACNA1H_KIT","Glut-CACNA1H-2",0.844950422507644
"SN429_ATTCCATGTGAAGCTG","Ex_CACNA1H_PROX1","Glut-CACNA1H-2",0.938592658540265
"SN429_CATTCATTCACTTGTT","Ex_CACNA1H_CPA6","Glut-CACNA1H-2",0.999999999999999
"SN429_ATCCACCGTGGACCAA","Ex_CACNA1H_PROX1","Glut-CACNA1H-2",0.989568611446583
"SN429_CACAGGCGTGTATTGC","Ex_CACNA1H_CPA6","Glut-CACNA1H-2",1
"SN429_GATCGTATCAGACCTA","Ex_CACNA1H_PROX1","Glut-CACNA1H-2",0.998824562085767
"SN429_AATCGTGGTCCGTTTC","Ex_CACNA1H_PROX1","Glut-CACNA1H-2",0.999999999999999
"SN429_CGACAGCGTACAGAAT","Ex_CACNA1H_CPA6","Glut-CACNA1H-2",1
"SN429_CTGCTCACATTGAAGA","Ex_CACNA1H_CPA6","Glut-CACNA1H-2",1
"SN429_ACTGTGAAGCTGGCCT","Ex_CACNA1H_KIT","Glut-CACNA1H-2",0.964786387654666
"SN429_AGGTTGTGTCCACTCT","Ex_CACNA1H_PROX1","Glut-CACNA1H-2",0.920524725870632
"SN429_CATGCGGTCATTGTTC","Ex_CACNA1H_PROX1","Glut-CACNA1H-2",0.787461109970786
"SN429_AATTCCTCAGACAATA","Ex_CACNA1H_PROX1","Glut-DACH2-2",0.406769487777628
"SN429_CTCTCGAGTATGCGTT","Ex_CACNA1H_PROX1","Glut-CACNA1H-2",0.975994492412763
"SN429_TCACACCGTAGGCAAC","Ex_CACNA1H_KIT","Glut-CACNA1H-2",0.380150639395465
"SN429_TACTTCACAATCAGCT","Ex_CACNA1H_KIT","Glut-CACNA1H-2",0.990397238876487
"SN429_CATCCCACAAACGTGG","Ex_CACNA1H_KIT","Glut-CACNA1H-2",0.999254150294401
"SN429_TACCTGCAGAAGCCTG","Ex_CACNA1H_KIT","Glut-CACNA1H-2",0.63711386617297
"SN429_TCGATTTCAAGGGCAT","Ex_CACNA1H_KIT","Glut-CACNA1H-1",0.54196451625462
"SN429_CACTGTCGTTGTACGT","Ex_CACNA1H_CPA6","Glut-CACNA1H-2",1
"SN429_CTCCCAACATACCAGT","Ex_CACNA1H_KIT","Glut-CACNA1H-2",0.794313216802292
"SN429_GAGACTTAGGTTCACT","Ex_CACNA1H_PROX1","Glut-CACNA1H-2",0.545932315179288
"SN429_AACGAAAGTTGGCTAT","Ex_CACNA1H_PROX1","Glut-CACNA1H-4",0.635323975517293
"SN429_CTGAATGGTCATCAGT","Ex_CACNA1H_KIT","Glut-CACNA1H-2",0.948867849987195
"SN429_GTCATCCTCTTTGCGC","Ex_CACNA1H_CPA6","Glut-CACNA1H-2",1
"SN429_ATCGTCCGTGGTAACG","Ex_CACNA1H_PROX1","Glut-CACNA1H-2",0.615693607140567
"SN429_ATAGGCTAGGTGAGCT","Ex_CACNA1H_KIT","Glut-CACNA1H-2",0.926665499612456
"SN429_ATTTCACAGCGAAACC","Ex_CACNA1H_CPA6","Glut-CACNA1H-2",1
"SN429_TCGTCCACATAAGATG","Ex_CACNA1H_PROX1","Glut-CACNA1H-2",0.969124880527636
"SN429_ACGTAACTCTCTATGT","Ex_CACNA1H_CPA6","Glut-CACNA1H-2",0.958835979634386
"SN429_CATGGATCAGACCAAG","Ex_CACNA1H_PROX1","Glut-CACNA1H-2",0.999276644520487
"SN429_GTAAGTCGTCAGCGTC","Ex_CACNA1H_PROX1","Glut-CACNA1H-2",0.985388448528741
"SN429_ATGTCTTCACTCATAG","Ex_CACNA1H_PROX1","Glut-CACNA1H-2",1
"SN429_AAAGAACGTCGATGCC","Ex_CACNA1H_KIT","Glut-CACNA1H-2",0.768363625258884
"SN429_TCGGGCAGTGACTGAG","Ex_CACNA1H_CPA6","Glut-CACNA1H-2",0.993837927012092
"SN429_AGTGCCGCACTGAGGA","Ex_CACNA1H_PROX1","Glut-CACNA1H-2",0.88471891022671
"SN429_ACAGAAAAGTGCCAGA","Ex_CACNA1H_CPA6","Glut-CACNA1H-2",0.963644148142723
"SN429_CTTTCAACAGGGCTTC","Ex_CACNA1H_KIT","Glut-CACNA1H-2",0.702766584211662
"SN429_GTTCATTGTATTGGCT","Ex_CACNA1H_PROX1","Glut-CACNA1H-2",0.491055957086254
"SN429_TGCAGTAGTACGCGTC","Ex_CACNA1H_CPA6","Glut-CACNA1H-2",0.99930496676325
"SN429_GTAATCGTCTGTGCGG","Ex_CACNA1H_CPA6","Glut-CACNA1H-2",0.924164141327012
"SN429_GGTGAAGAGATCCCAT","Ex_CACNA1H_PROX1","Glut-DACH2-2",0.507096948586502
"SN429_CCTAAGATCGCTTGAA","Ex_CACNA1H_PROX1","Glut-DACH2-2",0.563935144300131
"SN429_CTGTCGTCATATTCGG","Ex_CACNA1H_PROX1","Glut-CACNA1H-2",1
"SN429_GGAGGATGTCCAAATC","Ex_CACNA1H_PROX1","Glut-DACH2-2",0.383865646365492
"SN429_TGAGACTCAACCCTCT","Ex_CACNA1H_KIT","Glut-CACNA1H-2",0.704526187147502
"SN429_CTGCATCGTATGCGTT","Ex_CACNA1H_KIT","Glut-CACNA1H-1",0.568672427244018
"SN429_TCAGCAATCTCAACGA","Ex_CACNA1H_KIT","Glut-CACNA1H-2",0.794031373205056
"SN429_GGAAGTGAGATACGAT","Ex_CACNA1H_CPA6","Glut-CACNA1H-2",1
"SN429_ATCATTCAGGCCGCTT","Ex_CACNA1H_PROX1","Glut-DACH2-2",0.656180717903029
"SN429_ATGTCCCAGCTGACCC","Ex_CACNA1H_KIT","Glut-CACNA1H-2",0.933004191773433
"SN429_AGGGCCTCAGTAGAGC","Ex_CACNA1H_KIT","Glut-CACNA1H-2",0.906768489669197
"SN429_ACACTGAAGAGGCGGA","Ex_CACNA1H_PROX1","Glut-CACNA1H-2",0.991489822621866
"SN429_CTACATTTCCATACAG","Ex_CACNA1H_CPA6","Glut-CACNA1H-2",0.974818350591313
"SN429_GGGAAGTCATGTACGT","Ex_CACNA1H_KIT","Glut-CACNA1H-2",0.982563240727424
"SN429_ACTATCTGTGCCTTTC","Ex_CACNA1H_KIT","Glut-CACNA1H-2",0.290950149246105
"SN429_AGGGCCTGTTTCAGAC","Ex_CACNA1H_KIT","Glut-CACNA1H-2",0.451972339867617
"SN429_GTAGATCTCTCTGCTG","Ex_CACNA1H_CPA6","Glut-CACNA1H-2",1
"SN429_ATGCATGGTGGGCTTC","Ex_CACNA1H_PROX1","Glut-CACNA1H-2",0.984312187582177
"SN429_TGGAACTAGCTGAAGC","Ex_CACNA1H_KIT","Glut-CACNA1H-2",0.675521950649713
"SN429_TCATCCGCAATACAGA","Ex_CACNA1H_PROX1","Glut-CACNA1H-2",1
"SN429_TCATGGACATCGTCCT","Ex_CACNA1H_KIT","Glut-CACNA1H-2",0.779022307642602
"SN429_CAGATCATCATGCGGC","Ex_CACNA1H_PROX1","Glut-CACNA1H-4",0.527270954513691
"SN429_AGACACTAGGGCAGTT","Ex_CACNA1H_CPA6","Glut-CACNA1H-2",0.75625635518321
"SN429_CAAGACTTCTAGTCAG","Ex_CACNA1H_CPA6","Glut-CACNA1H-2",0.984209816714765
"SN429_AAAGGATTCCAAGCTA","Ex_CACNA1H_PROX1","Glut-CACNA1H-4",0.190321407018641
"SN429_TAGGGTTCAAACTGCT","Ex_CACNA1H_KIT","Glut-CACNA1H-2",0.96615714856784
"SN429_CGAGAAGTCATTTCCA","Ex_CACNA1H_PROX1","Glut-CACNA1H-2",0.968988058692329
"SN429_AGGTCATTCCATCTAT","Ex_CACNA1H_PROX1","Glut-CACNA1H-4",0.630051875658758
"SN429_CTGGACGCACATGACT","Ex_CACNA1H_PROX1","Glut-CACNA1H-2",0.350718721678427
"SN429_GTAACCATCGAACACT","Ex_CACNA1H_PROX1","Glut-CACNA1H-2",0.872173171180675
"SN429_TTACAGGGTGACTAAA","Ex_CACNA1H_KIT","Glut-CACNA1H-2",0.520063538511845
"SN429_TCCCACATCTACTGAG","Ex_CACNA1H_PROX1","Glut-CACNA1H-2",0.999108470374385
"SN429_AATGGCTTCCACCCTA","Ex_CACNA1H_PROX1","Glut-CACNA1H-2",0.894046022926742
"SN429_TCCTAATCAGTGCCTG","Ex_CACNA1H_CPA6","Glut-CACNA1H-2",0.999999999999999
"SN429_TTTGGAGAGTGGACTG","Ex_CACNA1H_PROX1","Glut-CACNA1H-2",1
"SN429_AACCCAAGTATCGTGT","Ex_CACNA1H_PROX1","Glut-DACH2-2",0.610289096882767
"SN429_ATGGATCCAATTGCAC","Ex_CACNA1H_PROX1","Glut-DACH2-2",0.547119856991966
"SN429_GATAGCTGTTTAGACC","Ex_CACNA1H_KIT","Glut-CACNA1H-2",0.670975663064094
"SN429_CTCTGGTGTTGTATGC","Ex_CACNA1H_KIT","Glut-CACNA1H-1",0.632796416558105
"SN429_CTCAGTCTCTGCCCTA","Ex_CACNA1H_KIT","Glut-CACNA1H-2",0.537839521777521
"SN429_TTCTTCCGTATTTCGG","Ex_CACNA1H_PROX1","Glut-CACNA1H-2",0.465489526771802
"SN429_CTAGGTAAGTAAACGT","Ex_CACNA1H_CPA6","Glut-CACNA1H-2",0.99924033583269
"SN429_TTTATGCGTGTGAGCA","Ex_CACNA1H_CPA6","Glut-CACNA1H-2",1
"SN429_ACAGAAAAGTTCGGTT","Ex_CACNA1H_CPA6","Glut-CACNA1H-2",0.616675288205606
"SN429_ATGGATCCAGTCAGCC","Ex_CACNA1H_PROX1","Glut-DACH2-2",0.433105537905887
"SN429_GACTATGGTTCGGCCA","Ex_CACNA1H_KIT","Glut-CACNA1H-2",0.891558381895296
"SN429_CTTGATTGTAATCAGA","Ex_CACNA1H_PROX1","Glut-CACNA1H-2",0.999151975804416
"SN429_GGGTATTTCCGATCGG","Ex_CACNA1H_KIT","Glut-CACNA1H-2",0.895638755489157
"SN429_ACTGATGAGTTGCGCC","Ex_CACNA1H_CPA6","Glut-CACNA1H-2",1
"SN429_GGGAGTAGTGAGTGAC","Ex_CACNA1H_KIT","Glut-CACNA1H-4",0.764392720599343
"SN429_ATGCGATCAACGATTC","Ex_CACNA1H_PROX1","Glut-CACNA1H-2",0.996926871852682
"SN429_TCGACCTTCAGCATTG","Ex_CACNA1H_PROX1","Glut-CACNA1H-2",0.551760719203684
"SN429_CAAAGAATCAGGTAAA","Ex_CACNA1H_PROX1","Glut-CACNA1H-2",0.757447243094761
"SN429_GTTTACTGTGGATCGA","Ex_CACNA1H_CPA6","Glut-CACNA1H-2",0.759914225161545
"SN429_AAACGCTGTCGATTCA","Ex_CACNA1H_KIT","Glut-CACNA1H-2",0.913429873367322
"SN429_GGGAGTAGTAACATGA","Ex_CACNA1H_CPA6","Glut-CACNA1H-2",0.69831961810028
"SN429_ACGTCCTCATGGCGCT","Ex_CACNA1H_KIT","Glut-CACNA1H-2",0.920007443654552
"SN429_GCAGGCTAGTAGTCAA","Ex_CACNA1H_KIT","Glut-CACNA1H-2",0.540118590205345
"SN429_CCTCAACAGCACTCGC","Ex_CACNA1H_PROX1","Glut-CACNA1H-2",0.99341867900944
"SN429_GCCCGAAGTGAATTAG","Ex_CACNA1H_CPA6","Glut-CACNA1H-2",0.883283415686083
"SN429_CGGAGAACATCGCTGG","Ex_CACNA1H_PROX1","Glut-CACNA1H-2",0.987434287694524
"SN429_TTTCCTCGTACGGCAA","Ex_CACNA1H_KIT","Glut-CACNA1H-2",0.983171154060625
"SN429_CAACAACGTGCCTGCA","Ex_CACNA1H_KIT","Glut-CACNA1H-2",1
"SN429_AGCTCAATCCGAGGCT","Ex_CACNA1H_CPA6","Glut-CACNA1H-2",0.922497900777466
"SN429_CAACAACAGGGATCTG","Ex_CACNA1H_CPA6","Glut-CACNA1H-2",0.997059561854805
"SN429_GCAGCCAAGAAGAGCA","Ex_CACNA1H_KIT","Glut-CACNA1H-2",0.805549164310706
"SN429_CGGCAGTCAGAGTCAG","Ex_CACNA1H_PROX1","Glut-DACH2-2",0.659353744453997
"SN429_CTTCTCTCAGCCTTCT","Ex_CACNA1H_PROX1","Glut-CACNA1H-2",0.994044326666763
"SN429_AATGGAACAGAGAGGG","Ex_CACNA1H_KIT","Glut-CACNA1H-2",0.891582614872493
"SN429_TGTTTGTCATTCTGTT","Ex_CACNA1H_PROX1","Glut-CACNA1H-2",0.999278597353301
"SN429_TCATGAGTCACCGGGT","Ex_CACNA1H_CPA6","Glut-CACNA1H-2",0.934737108376575
"SN429_AGGTCTAAGACAACTA","Ex_CACNA1H_KIT","Glut-CACNA1H-2",0.84348139650729
"SN429_CGGAGAACATACCACA","Ex_CACNA1H_KIT","Glut-CACNA1H-2",0.510226456687989
"SN429_TCAGTGATCAGCAGAG","Ex_CACNA1H_CPA6","Glut-CACNA1H-2",0.993722329835996
"SN429_TGACCCTCAGACAATA","Ex_CACNA1H_PROX1","Glut-CACNA1H-2",0.95794708945811
"SN429_TGTGATGAGGTTGCCC","Ex_CACNA1H_PROX1","Glut-CACNA1H-2",1
"SN429_AGCCAATGTGATTCTG","Ex_CACNA1H_PROX1","Glut-DACH2-2",0.589970916128734
"SN429_GCAACATTCTGGTGCG","Ex_CACNA1H_KIT","Glut-CACNA1H-2",0.952373929059666
"SN429_GCAGTTAGTAGGTTTC","Ex_CACNA1H_PROX1","Glut-CACNA1H-4",0.37523436176046
"SN429_CAACGGCAGGGATCAC","Ex_CACNA1H_PROX1","Glut-CACNA1H-2",0.532715048501997
"SN429_TAGATCGGTATGATCC","Ex_CACNA1H_CPA6","Glut-CACNA1H-2",1
"SN429_TGCTGAAGTATCAAGA","Ex_CACNA1H_KIT","Glut-CACNA1H-2",0.701082681434728
"SN429_GTGTGGCAGTGCAGGT","Ex_CACNA1H_PROX1","Glut-DACH2-1",0.319625846346816
"SN429_CCGGTGAAGATCCGAG","Ex_CACNA1H_KIT","Glut-DACH2-2",0.564458470068108
"SN429_AACCACATCCTCAGGG","Ex_CACNA1H_KIT","Glut-CACNA1H-2",0.999204032402911
"SN429_GCAGCTGCACCCTTGT","Ex_CACNA1H_CPA6","Glut-CACNA1H-2",1
"SN429_GTGGTTAAGTCGCCCA","Ex_CACNA1H_PROX1","Glut-CACNA1H-2",0.999025579523063
"SN429_CGTAATGCACGCAAAG","Ex_CACNA1H_PROX1","Glut-CACNA1H-2",0.999252558906275
"SN429_CTGGACGGTGTGGTCC","Ex_CACNA1H_CPA6","Glut-CACNA1H-2",1
"SN429_GTTACGAAGATACCAA","Ex_CACNA1H_CPA6","Glut-CACNA1H-2",0.571429438063155
"SN429_ATTCCATCAGTCAGCC","Ex_CACNA1H_PROX1","Glut-CACNA1H-4",0.330422552308769
"SN429_AACCTGACAAGTTGGG","Ex_CACNA1H_CPA6","Glut-CACNA1H-2",0.942546621413243
"SN429_GCATGATGTCTGTGCG","Ex_CACNA1H_PROX1","Glut-CACNA1H-2",0.989244676679429
"SN429_GGGAGATAGTCGTTAC","Ex_CACNA1H_PROX1","Glut-CACNA1H-2",0.999255801037546
"SN429_CTCTCAGGTCTTGTCC","Ex_CACNA1H_KIT","Glut-CACNA1H-2",0.631506265277915
"SN429_TGTCCTGCACTTCCTG","Ex_CACNA1H_PROX1","Glut-CACNA1H-2",0.993990866771224
"SN429_TGATGCAAGGTATAGT","Ex_CACNA1H_PROX1","Glut-CACNA1H-2",0.974371116488027
"SN429_CCTTTGGGTTCAAGGG","Ex_CACNA1H_KIT","Glut-CACNA1H-2",0.99936342214369
"SN429_GACTTCCCATACAGGG","Ex_CACNA1H_KIT","Glut-CACNA1H-2",0.40321127776772
"SN429_TCTCTGGTCGACGTCG","Ex_CACNA1H_PROX1","Glut-CACNA1H-4",0.36486020558439
"SN429_GGGACTCGTGCGGTAA","Ex_CACNA1H_CPA6","Glut-CACNA1H-2",0.653649337223639
"SN429_GAATCACAGTATGAGT","Ex_CACNA1H_PROX1","Glut-DACH2-2",0.324883138925527
"SN429_TCATCCGCAGCCCAGT","Ex_CACNA1H_PROX1","Glut-DACH2-2",0.231707314600911
"SN429_TGGCGTGCACCAGACC","Ex_CACNA1H_KIT","Glut-CACNA1H-2",0.679449879552489
"SN429_CTTTCAATCAACCCGG","Ex_CACNA1H_KIT","Glut-CACNA1H-2",0.993657087877626
"SN429_TAGGTTGCAATAGAGT","Ex_CACNA1H_PROX1","Glut-CACNA1H-2",0.99336131965026
"SN429_TAGAGTCTCGCCTATC","Ex_CACNA1H_KIT","Glut-CACNA1H-4",0.54416465134016
"SN429_AAGCGTTTCATGCTAG","Ex_CACNA1H_CPA6","Glut-CACNA1H-2",0.647237315003432
"SN429_GCAGCCAAGTTTCGGT","Ex_CACNA1H_PROX1","Glut-CACNA1H-2",0.961661809083628
"SN429_TTGTTGTTCCCATAAG","Ex_CACNA1H_KIT","Glut-CACNA1H-2",0.531329961194593
"SN429_GCAGGCTTCTGTTCAT","Ex_CACNA1H_PROX1","Glut-CACNA1H-2",0.968442594134407
"SN429_ATTCTACTCATAGAGA","Ex_CACNA1H_KIT","Glut-CACNA1H-2",0.98946937297735
"SN429_AAAGGTAAGCGACTAG","Ex_CACNA1H_PROX1","Glut-CACNA1H-4",0.529984841127891
"SN429_GGTCTGGTCTTAGGAC","Ex_CACNA1H_KIT","Glut-CACNA1H-2",0.868487339808775
"SN429_TAAGCCAGTCTTGCTC","Ex_CACNA1H_PROX1","Glut-DACH2-2",0.607742598548835
"SN429_CAGAGCCCAACTACGT","Ex_CACNA1H_PROX1","Glut-CACNA1H-2",0.999258229328196
"SN429_TCGACCTGTACCAGAG","Ex_CACNA1H_PROX1","Glut-CACNA1H-2",0.740588693875786
"SN429_CGAAGTTGTGCCCTTT","Ex_CACNA1H_PROX1","Glut-CACNA1H-4",0.621663790485138
"SN429_GACTGATCAGCGTACC","Ex_CACNA1H_KIT","Glut-CACNA1H-2",0.993480162290417
"SN429_AGAACAAAGTATGACA","Ex_CACNA1H_PROX1","Glut-CACNA1H-4",0.562302367713948
"SN429_CCGTAGGAGTGGACTG","Ex_CACNA1H_PROX1","Glut-CACNA1H-2",1
"SN429_ACTCCCAAGTTGGAGC","Ex_CACNA1H_PROX1","Glut-DACH2-2",0.575372895324277
"SN429_GGGTCTGCAACAACAA","Ex_CACNA1H_KIT","Glut-CACNA1H-2",0.999629742021057
"SN429_TTGCCTGAGTGGAATT","Ex_CACNA1H_KIT","Glut-CACNA1H-2",0.893764734378868
"SN429_CCCTTAGGTTGTTGAC","Ex_CACNA1H_KIT","Glut-CACNA1H-2",0.723274008405406
"SN429_CGTCCATAGGTTATAG","Ex_CACNA1H_KIT","Glut-CACNA1H-2",0.642452244318074
"SN429_GAGGGTATCAAGATAG","Ex_CACNA1H_CPA6","Glut-CACNA1H-2",0.999350994357431
"SN429_CAACAACCAAAGCACG","Ex_CACNA1H_PROX1","Glut-CACNA1H-2",0.812866888507607
"SN429_TTTACTGGTACTCAAC","Ex_CACNA1H_KIT","Glut-CACNA1H-2",0.780410189456257
"SN429_AGGTGTTAGGGAGGTG","Ex_CACNA1H_CPA6","Glut-CACNA1H-2",1
"SN429_CAAGACTGTGTATCCA","Ex_CACNA1H_CPA6","Glut-CACNA1H-4",0.441982388246686
"SN429_CCGTGAGCACGACGAA","Ex_CACNA1H_CPA6","Glut-CACNA1H-2",0.681470170128433
"SN429_GGACGTCAGTCTGGAG","Ex_CACNA1H_CPA6","Glut-CACNA1H-2",1
"SN429_GGAGAACAGTAGGATT","Ex_CACNA1H_PROX1","Glut-CACNA1H-2",0.698418317055673
"SN429_TGGATCAGTTATGTGC","Ex_CACNA1H_PROX1","Glut-CACNA1H-2",1
"SN429_CTGAGGCGTCAGGCAA","Ex_CACNA1H_CPA6","Glut-CACNA1H-2",0.87701620230376
"SN429_GGAAGTGGTCGCCTAG","Ex_CACNA1H_PROX1","Glut-DACH2-2",0.521931455552446
"SN429_TTCCAATTCTAAGAAG","Ex_CACNA1H_PROX1","Glut-CACNA1H-2",0.815648042273091
"SN429_TGTGTGACATCACAGT","Ex_CACNA1H_PROX1","Glut-CACNA1H-2",0.999461975298521
"SN429_CACCAAAGTATCGCGC","Ex_CACNA1H_PROX1","Glut-CACNA1H-4",0.449028541399644
"SN429_GTCTGTCCATCTGTTT","Ex_CACNA1H_CPA6","Glut-CACNA1H-2",1
"SN429_CCGATGGCATCATCTT","Ex_CACNA1H_KIT","Glut-CACNA1H-2",0.94629164863484
"SN429_GATGAGGTCTTGAGCA","Ex_CACNA1H_PROX1","Glut-CACNA1H-2",0.759026916713662
"SN429_TCGAACATCCTGTTAT","Ex_CACNA1H_KIT","Glut-CACNA1H-2",0.990868842027763
"SN429_ATCACGAAGAAACTGT","Ex_CACNA1H_PROX1","Glut-DACH2-2",0.361046806384662
"SN429_CGATCGGAGAGTCACG","Ex_CACNA1H_PROX1","Glut-DACH2-1",0.579481721161707
"SN429_TCAGGTAAGTCTAGCT","Ex_CACNA1H_PROX1","Glut-DACH2-3",0.372920720008058
"SN429_GCCAGCAGTGTCATCA","Ex_CACNA1H_PROX1","Glut-DACH2-2",0.652207411170345
"SN429_TTTCGATCATGCAGCC","Ex_CACNA1H_PROX1","Glut-DACH2-2",0.4710052003796
"SN429_GACCTTCTCAGCCTTC","Ex_CACNA1H_PROX1","Glut-DACH2-2",0.204157645421412
"SN429_AAACCCATCATTCTTG","Ex_CACNA1H_PROX1","Glut-DACH2-1",0.437368329359253
"SN429_CCGGTAGGTTGTTGAC","Ex_CACNA1H_PROX1","Glut-DACH2-2",0.269137363567791
"SN429_TCATTCAGTAACGCGA","Ex_CACNA1H_PROX1","Glut-CACNA1H-2",0.99335673760307
"SN429_CCTAACCAGGGAACAA","Ex_CACNA1H_PROX1","Glut-CACNA1H-4",0.492388830698987
"SN429_GTGTTCCTCCATTCAT","Ex_CACNA1H_PROX1","Glut-DACH2-2",0.567661064865123
"SN429_CCCTCTCTCGGAGCAA","Ex_CACNA1H_PROX1","Glut-CACNA1H-2",0.957288480410334
"SN429_TGTTCTACACTGATTG","Ex_CACNA1H_PROX1","Glut-DACH2-2",0.317710888065125
"SN429_AAGCATCGTACGATCT","Ex_CACNA1H_KIT","Glut-CACNA1H-2",0.808375011735387
"SN429_TAACTTCAGCGATGCA","Ex_CACNA1H_KIT","Glut-CACNA1H-4",0.519652338864276
"SN429_CTTAGGAGTAATGTGA","Ex_CACNA1H_PROX1","Glut-CACNA1H-2",0.933778433917675
"SN429_TGCTTGCAGCGCCGTT","Ex_CACNA1H_CPA6","Glut-CACNA1H-2",0.962348714450988
"SN429_CTTGAGAAGCGACCCT","Ex_CACNA1H_PROX1","Glut-CACNA1H-2",0.316122766725452
"SN429_TGGGTTACATTGCCGG","Ex_CACNA1H_PROX1","Glut-CACNA1H-2",0.547797862987336
"SN429_CGTTGGGGTTCCGCAG","Ex_CACNA1H_CPA6","Glut-CACNA1H-2",1
"SN429_CCACGAGGTCGCAACC","Ex_CACNA1H_KIT","Glut-CACNA1H-4",0.703371818266521
"SN429_GCACTAAAGTACAGAT","Ex_CACNA1H_PROX1","Glut-CACNA1H-4",0.197528048010897
"SN429_TAGTGCACAACTCATG","Ex_CACNA1H_PROX1","Glut-CACNA1H-2",0.934419482098291
"SN429_AACCTGATCGAGTACT","Ex_CACNA1H_PROX1","Glut-CACNA1H-2",0.972405760830476
"SN429_TCGGGTGGTGTTAAAG","Ex_CACNA1H_KIT","Glut-CACNA1H-2",0.942089922641698
"SN429_GGGCTACAGCATCAAA","Ex_CACNA1H_CPA6","Glut-CACNA1H-2",0.993695452760131
"SN429_ATGAGTCGTGAGAACC","Ex_CACNA1H_KIT","Glut-CACNA1H-2",0.999392134486269
"SN429_GGTGATTGTGGGAGAG","Ex_CACNA1H_PROX1","Glut-CACNA1H-2",0.884216542159897
"SN429_ATGGTTGAGCTCATAC","Ex_CACNA1H_PROX1","Glut-DACH2-2",0.47557377087058
"SN429_CTAACTTGTCTGTGGC","Ex_CACNA1H_KIT","Glut-CACNA1H-2",0.677739782590615
"SN429_TTTATGCGTGTGTGTT","Ex_CACNA1H_PROX1","Glut-CACNA1H-2",0.973112166183009
"SN429_TATCAGGGTTGTGCCG","Ex_CACNA1H_PROX1","Glut-DACH2-2",0.394704494167044
"SN429_CGGGTCATCGCAAGAG","Ex_CACNA1H_PROX1","Glut-DACH2-2",0.722712621725053
"SN429_TTCTTGACACGGTAGA","Ex_CACNA1H_PROX1","Glut-CACNA1H-2",0.908401416810014
"SN429_TCCAGAATCGGCACTG","Ex_CACNA1H_PROX1","Glut-CACNA1H-2",0.330847605269075
"SN429_GTCAAGTGTAGATCGG","Ex_CACNA1H_PROX1","Glut-DACH2-2",0.266203897840026
"SN429_TATTGGGAGCCTCATA","Ex_CACNA1H_KIT","Glut-CACNA1H-2",0.785629226749339
"SN429_CGCAGGTAGAGGTTTA","Ex_CACNA1H_PROX1","Glut-CACNA1H-2",0.221556742238029
"SN429_TTCAGGATCTCCGAAA","Ex_CACNA1H_PROX1","Glut-DACH2-1",0.27857952150791
"SN429_ATTACTCAGGAAAGGT","Ex_CACNA1H_PROX1","Glut-DACH2-2",0.384022109958674
"SN429_AACCACAAGGTGATAT","Ex_CACNA1H_PROX1","Glut-DACH2-2",0.273301327715145
"SN429_TCCTCGAAGTCATGAA","Ex_CACNA1H_CPA6","Glut-CACNA1H-2",0.284126897775687
"SN429_CATTGAGTCTAGCCAA","Ex_CACNA1H_KIT","Glut-CACNA1H-2",0.510344018174847
"SN429_TCGGGTGGTGAGTCAG","Ex_CACNA1H_KIT","Glut-CACNA1H-2",0.543212021176063
"SN429_TATCTTGCATGACCCG","Ex_DACH2_MGAT4C","Glut-DACH2-1",0.7696281535284
"SN429_GCAGTTACATATCTGG","Ex_CACNA1H_MCTP2","Glut-CACNA1H-2",0.490540940963592
"SN429_TTGTGTTGTGTAGTGG","Ex_DACH2_GRIK4","Glut-DACH2-7",0.817844770309283
"SN429_ATCCACCCATGTACGT","Ex_CACNA1H_MCTP2","Glut-CACNA1H-4",0.651607942741456
"SN429_CTGCAGGTCAAGAGGC","Ex_CACNA1H_MCTP2","Glut-DACH2-2",0.326066139832774
"SN429_TCCATCGAGTGCACTT","Ex_DACH2_ITGA9","Glut-DACH2-6",0.717574371596767
"SN429_TAGACTGTCGCCTCTA","Ex_DACH2_ITGA9","Glut-DACH2-4",0.545651267625655
"SN429_TTTCGATAGAAACTCA","Ex_CACNA1H_MCTP2","Glut-DACH2-2",0.589608623640381
"SN429_GTAATCGTCTTCGGAA","Ex_DACH2_LUZP2","Glut-DACH2-1",0.578026265713118
"SN429_AAGACAACAACGTAAA","Ex_DACH2_ITGA9","Glut-DACH2-4",0.668013149711649
"SN429_ACCTGAAAGACGAGCT","Ex_DACH2_NR4A3","Glut-DACH2-1",0.616781672709972
"SN429_GCCATGGGTGTTTACG","Ex_DACH2_SLIT2","Glut-CACNA1H-4",0.378270550424688
"SN429_ATCACAGAGGTACAGC","Ex_DACH2_SLIT2","Glut-DACH2-3",0.995174146260743
"SN429_CGCATAATCAAAGGAT","Ex_DACH2_ITGA9","Glut-DACH2-7",0.389716990732351
"SN429_AACAAGAAGGAACGTC","Ex_CACNA1H_MCTP2","Glut-CACNA1H-2",0.603815241930581
"SN429_TCAGTTTGTACCATAC","Ex_DACH2_SLIT2","Glut-DACH2-3",0.712185131901182
"SN429_GAGTTACGTACGTAGG","Ex_DACH2_SLIT2","Glut-DACH2-3",0.990852785546894
"SN429_TGCACGGCAGCACCCA","Ex_DACH2_ZMAT4","Glut-DACH2-8",0.41478649112132
"SN429_GAGACTTTCCATACAG","Ex_DACH2_SLIT2","Glut-CACNA1H-4",0.428080295466394
"SN429_GAAGAATAGCGGTAGT","Ex_DACH2_ITGA9","Glut-DACH2-7",0.550633274680881
"SN429_AACACACAGGACCCAA","Ex_DACH2_SLIT2","Glut-DACH2-3",1
"SN429_TGCTGAAAGCCGATTT","Ex_DACH2_LHX2","Glut-DACH2-2",0.374816718282588
"SN429_GAAATGAGTCCAGCAC","Ex_DACH2_SLIT2","Glut-DACH2-3",0.994361429000466
"SN429_ACTTCGCGTGGCCACT","Ex_DACH2_SLIT2","Glut-DACH2-3",0.964263763516141
"SN429_CACACAACAATCGCGC","Ex_DACH2_MGAT4C","Glut-DACH2-1",0.774860967810958
"SN429_ATCCCTGAGAGTAACT","Ex_CACNA1H_MCTP2","Glut-CACNA1H-2",0.37066616130947
"SN429_CTCATGCCATGTTCAG","Ex_DACH2_MGAT4C","Glut-DACH2-1",0.435999701800824
"SN429_CGCAGGTAGCATGAAT","Ex_DACH2_ITGA9","Glut-DACH2-4",0.58557710594077
"SN429_TCCACCAGTCTTGCTC","Ex_DACH2_GRIK4","Glut-DACH2-1",0.660083150795665
"SN429_GGTGGCTCAAATTGCC","Ex_DACH2_NR4A3","Glut-DACH2-1",0.426528570401896
"SN429_ATGAAAGGTGTTAAAG","Ex_DACH2_GRIK4","Glut-DACH2-1",0.48407019101513
"SN429_TGGATGTAGGGCTAAC","Ex_DACH2_LUZP2","Glut-DACH2-1",0.725735069688386
"SN429_GACAGCCAGATGCGAC","Ex_DACH2_MGAT4C","Glut-DACH2-2",0.738754726516421
"SN429_TCACGCTAGCCATTCA","Ex_CACNA1H_MCTP2","Glut-DACH2-2",0.388612488668555
"SN429_AATGAAGCACAGCATT","Ex_DACH2_SLIT2","Glut-DACH2-3",0.925612251967418
"SN429_GTAGAAAAGGTAGCCA","Ex_DACH2_MGAT4C","Glut-DACH2-1",0.40974974149825
"SN429_TTACTGTAGGTCATTC","Ex_DACH2_SLIT2","Glut-DACH2-3",1
"SN429_CAAGACTAGATGTTGA","Ex_CACNA1H_MCTP2","Glut-CACNA1H-4",0.654768512660894
"SN429_AACCTGACAGTCTACA","Ex_DACH2_MGAT4C","Glut-DACH2-2",0.37805264251654
"SN429_GTTCTATCACCGTGGT","Ex_DACH2_MGAT4C","Glut-DACH2-1",0.573629870107276
"SN429_GCCTGTTCATCCTTCG","Ex_DACH2_GRIK4","Glut-DACH2-7",0.329103440150847
"SN429_GGTGATTAGTACAGAT","Ex_DACH2_GRIK4","Glut-DACH2-1",0.420006997556765
"SN429_CATTCTAAGGTACCTT","Ex_DACH2_NR4A3","Glut-DACH2-2",0.360611128740492
"SN429_CTCCTCCAGTCGTCTA","Ex_CACNA1H_MCTP2","Glut-CACNA1H-4",0.417351790415695
"SN429_AGAAGTAGTGTAAACA","Ex_DACH2_ITGA9","Glut-DACH2-4",0.572111066478429
"SN429_CGCCATTTCGGTGTAT","Ex_CACNA1H_MCTP2","Glut-DACH2-3",0.377827272244094
"SN429_TGAGTCAAGAATGTTG","Ex_DACH2_LUZP2","Glut-DACH2-2",0.585230698769311
"SN429_CGAGGAAAGGCTCAAG","Ex_DACH2_ITGA9","Glut-DACH2-4",0.386872633175344
"SN429_GACCAATGTGGATGAC","Ex_DACH2_LUZP2","Glut-DACH2-2",0.713450691664997
"SN429_GTGAGGATCTTCGGAA","Ex_DACH2_NR4A3","Glut-DACH2-1",0.583798193704165
"SN429_GTAAGTCGTTTCAGAC","Ex_DACH2_ITGA9","Glut-DACH2-1",0.363034297350928
"SN429_TGATGCAGTATGAGCG","Ex_DACH2_ITGA9","Glut-DACH2-3",0.793493018138442
"SN429_CGCCATTTCACCATGA","Ex_DACH2_GRIK4","Glut-DACH2-7",0.641622923369325
"SN429_TCCTTCTTCGACCATA","Ex_DACH2_LUZP2","Glut-DACH2-2",0.621441826168234
"SN429_AGTGCCGAGTCATTGC","Ex_DACH2_MGAT4C","Glut-DACH2-1",0.858115976345369
"SN429_TAGGGTTAGAGTGACC","Ex_CACNA1H_MCTP2","Glut-DACH2-3",0.372721997385648
"SN429_TCATCCGAGTAGCTCT","Ex_DACH2_SLIT2","Glut-DACH2-1",0.843280112013043
"SN429_TTTGGTTTCCTATTTG","Ex_DACH2_LUZP2","Glut-DACH2-2",0.649186890323745
"SN429_TGTGCGGGTTCTTCAT","Ex_DACH2_SLIT2","Glut-DACH2-3",0.976798328223967
"SN429_TAGGTACCAAGCCATT","Ex_DACH2_MGAT4C","Glut-DACH2-1",0.70022152412008
"SN429_ACCACAAGTAGAAACT","Ex_DACH2_ZMAT4","Glut-DACH2-3",0.788410389765057
"SN429_CCTCACAAGTCACGAG","Ex_CACNA1H_MCTP2","Glut-CACNA1H-2",0.849995727876258
"SN429_CTTCGGTAGCTCCGAC","Ex_DACH2_SLIT2","Glut-DACH2-3",0.648911822463832
"SN429_CCGATGGTCACCTACC","Ex_DACH2_NR4A3","Glut-DACH2-7",0.472729432933526
"SN429_CCAAGCGAGGCTAGCA","Ex_CACNA1H_MCTP2","Glut-CACNA1H-2",0.80177017353983
"SN429_GGTCACGTCACGATCA","Ex_DACH2_MGAT4C","Glut-DACH2-1",0.577315481793823
"SN429_GTTGTAGAGCAGAAAG","Ex_DACH2_LUZP2","Glut-DACH2-1",0.430778034579403
"SN429_AACCATGCAGGCGAAT","Ex_DACH2_SLIT2","Glut-DACH2-3",0.984731715064109
"SN429_ACTTCCGAGGTTTACC","Ex_DACH2_SLIT2","Glut-DACH2-3",0.800339090779076
"SN429_ATGACCACAGCCTATA","Ex_DACH2_ZMAT4","Glut-DACH2-3",0.386335524696381
"SN429_TTTGGAGCACCGCTGA","Ex_CACNA1H_MCTP2","Glut-CACNA1H-2",0.43708109838704
"SN429_GATTTCTAGCAAATCA","Ex_DACH2_SLIT2","Glut-DACH2-1",0.541662375425948
"SN429_CAGGGCTCAGTGTGGA","Ex_CACNA1H_MCTP2","Glut-CACNA1H-4",0.503495724382972
"SN429_CCTTTGGGTGATACAA","Ex_DACH2_SLIT2","Glut-DACH2-3",0.653586874441263
"SN429_CCTGTTGAGCGTCAAG","Ex_DACH2_ITGA9","Glut-DACH2-2",0.238790636285599
"SN429_CAACCTCTCTGTGTGA","Ex_DACH2_MGAT4C","Glut-DACH2-1",0.550339668908671
"SN429_TTCATGTGTCGATTTG","Ex_DACH2_SLIT2","Glut-DACH2-3",0.993161015293896
"SN429_TTTCATGAGGTCACCC","Ex_DACH2_MGAT4C","Glut-DACH2-1",0.496362971558491
"SN429_AGCTCAAAGAGAGCAA","Ex_DACH2_SLIT2","Glut-CACNA1H-4",0.66357610327976
"SN429_TGAGCATTCCCAATAG","Ex_DACH2_SLIT2","Glut-DACH2-3",0.891009326157607
"SN429_GGCTGTGTCCCTGGTT","Ex_DACH2_ZMAT4","Glut-DACH2-3",0.575581052250677
"SN429_GAAGTAAGTGGAACAC","Ex_DACH2_MGAT4C","Glut-DACH2-5",0.421141773459796
"SN429_GCAGTTAGTGTAGTGG","Ex_DACH2_GRIK4","Glut-DACH2-1",0.424912798789498
"SN429_GCCATGGGTTATAGCC","Ex_DACH2_SLIT2","Glut-DACH2-3",0.821058495885008
"SN429_TATTCCAAGCTTTCCC","Ex_DACH2_NR4A3","Glut-DACH2-1",0.483487632674932
"SN429_CCTTGTGGTCCTCCTA","Ex_DACH2_LUZP2","Glut-DACH2-2",0.513437460903648
"SN429_TCCATCGTCTCGTGAA","Ex_DACH2_LUZP2","Glut-DACH2-1",0.603008930030545
"SN429_AGCTTCCTCGAAGCCC","Ex_DACH2_LUZP2","Glut-DACH2-1",0.461266444691084
"SN429_GTGACGCCATCCTGTC","Ex_DACH2_MGAT4C","Glut-DACH2-2",0.53144783885284
"SN429_TAGTGCAAGTATGAAC","Ex_DACH2_GRIK4","Glut-DACH2-7",0.481218686429572
"SN429_GCGTGCAAGGGTGGGA","Ex_DACH2_NR4A3","Glut-DACH2-7",0.498502178623699
"SN429_TCACTATAGGACGCTA","Ex_DACH2_ZMAT4","Glut-DACH2-4",0.626188485636383
"SN429_AACGAAAAGTCGGGAT","Ex_DACH2_GRIK4","Glut-DACH2-7",0.432479074541611
"SN429_TGAATCGAGACTACCT","Ex_DACH2_ITGA9","Glut-DACH2-1",0.56808387267554
"SN429_GCCAGCAAGGCTCTAT","Ex_DACH2_ADAMTS5","Glut-DACH2-5",0.586168613582804
"SN429_TCTACCGGTTGACTGT","Ex_DACH2_LHX2","Glut-DACH2-1",0.549483032158284
"SN429_GTGCTGGGTCTGTCCT","Ex_CACNA1H_MCTP2","Glut-CACNA1H-2",0.927934134652203
"SN429_ACGATCAGTGCATTAC","Ex_CACNA1H_MCTP2","Glut-DACH2-3",0.437198383473541
"SN429_TTCCGTGTCAACTGAC","Ex_DACH2_LUZP2","Glut-DACH2-2",0.416488875816299
"SN429_TCACTATCAACCGCCA","Ex_DACH2_SLIT2","Glut-DACH2-2",0.382842064756907
"SN429_TTACCATGTCTCAGGC","Ex_CACNA1H_MCTP2","Glut-DACH2-3",0.295463573091362
"SN429_TCACGCTTCACCGGTG","Ex_DACH2_GRIK4","Glut-DACH2-1",0.816453847678994
"SN429_CTCATTATCCGGCAGT","Ex_DACH2_NR4A3","Glut-DACH2-1",0.72644648294047
"SN429_CATTTCAGTTTCTATC","Ex_DACH2_SLIT2","Glut-DACH2-3",0.803431764083033
"SN429_CAAGACTTCTACCTTA","Ex_CACNA1H_MCTP2","Glut-CACNA1H-2",0.650564442766348
"SN429_TCATTCAGTTGGTACT","Ex_DACH2_SLIT2","Glut-DACH2-1",0.645347860636457
"SN429_TGCAGGCGTGTATACC","Ex_DACH2_SLIT2","Glut-DACH2-1",0.456370219587975
"SN429_GACTCTCAGCTACGTT","Ex_DACH2_NR4A3","Glut-DACH2-1",0.447723340522405
"SN429_AAGTGAAAGTTAACAG","Ex_DACH2_LUZP2","Glut-DACH2-2",0.726694052073228
"SN429_CCCTCAAAGAGATTCA","Ex_DACH2_GRIK4","Glut-DACH2-1",0.79548827668962
"SN429_AGGATCTCAATAGAGT","Ex_DACH2_MGAT4C","Glut-DACH2-1",0.582815726922835
"SN429_CGCCAGACACGTATAC","Ex_DACH2_SLIT2","Glut-CACNA1H-4",0.95340838291226
"SN429_AGAAGTATCCCTGGTT","Ex_DACH2_SLIT2","Glut-DACH2-1",0.460169033738093
"SN429_CTCAATTGTAGTCGTT","Ex_CACNA1H_MCTP2","Glut-CACNA1H-2",0.408610780722371
"SN429_GGCTTGGCAACTTCTT","Ex_DACH2_LUZP2","Glut-DACH2-1",0.482034849241602
"SN429_AAAGGGCTCCTAGCTC","Ex_DACH2_MGAT4C","Glut-DACH2-2",0.535339293813234
"SN429_CATGAGTGTACTGCGC","Ex_DACH2_ITGA9","Glut-DACH2-4",0.411176748211293
"SN429_GGCAGTCTCATGGCCG","Ex_DACH2_ZMAT4","Glut-DACH2-3",0.361830853256451
"SN429_GGCAGTCAGGAGCTGT","Ex_DACH2_SLIT2","Glut-CACNA1H-4",0.87048068741351
"SN429_CATCGGGGTTTGTTCT","Ex_DACH2_SLIT2","Glut-DACH2-3",0.57517985282518
"SN429_TCAAGCACATAGTCGT","Ex_CACNA1H_MCTP2","Glut-CACNA1H-4",0.354452827670413
"SN429_GGGTTATCAACAAAGT","Ex_DACH2_SLIT2","Glut-DACH2-3",0.952351375004331
"SN429_CTGTGAACAATGAAAC","Ex_DACH2_ITGA9","Glut-DACH2-6",0.458008692247624
"SN429_GGCTTTCCAGTGTACT","Ex_DACH2_LUZP2","Glut-DACH2-1",0.666905286455891
"SN429_AGGATCTAGTGGCAGT","Ex_DACH2_ITGA9","Glut-DACH2-4",0.371132399462205
"SN429_CATTCCGTCTCGACGG","Ex_DACH2_LUZP2","Glut-CACNA1H-4",0.649527924116762
"SN429_TGCAGATTCTCTTCAA","Ex_DACH2_NR4A3","Glut-DACH2-1",0.45918710164247
"SN429_GGCAGTCTCTTAAGGC","Ex_DACH2_MGAT4C","Glut-DACH2-1",0.650413805468653
"SN429_CATACTTAGCATCTTG","Ex_DACH2_LUZP2","Glut-DACH2-2",0.64720051525597
"SN429_CGGAGAATCCCTCTCC","Ex_DACH2_SLIT2","Glut-DACH2-1",0.422615657813043
"SN429_AGGTAGGAGAAGTCAT","Ex_DACH2_MGAT4C","Glut-DACH2-5",0.454587625649094
"SN429_GATCATGTCGCCAATA","Ex_DACH2_SLIT2","Glut-DACH2-3",0.889275749970655
"SN429_CGGAGAAAGGGCATGT","Ex_DACH2_SLIT2","Glut-CACNA1H-4",0.629022904548185
"SN429_ATGCCTCCAAATGGAT","Ex_DACH2_SLIT2","Glut-CACNA1H-4",0.800591953217402
"SN429_AGAAATGTCACCTTGC","Ex_DACH2_MGAT4C","Glut-DACH2-1",0.590503985134872
"SN429_GGTGAAGAGCTCACTA","Ex_DACH2_NR4A3","Glut-DACH2-1",0.751851065982663
"SN429_CATACTTGTGCGGTAA","Ex_DACH2_LUZP2","Glut-DACH2-2",0.563486088750321
"SN429_AGGCATTTCCTGGGTG","Ex_DACH2_ITGA9","Glut-DACH2-1",0.434958137574561
"SN429_GAGGCCTGTGTCCTAA","Ex_DACH2_ITGA9","Glut-DACH2-4",0.533889347514931
"SN429_GTGTGGCAGCTGTTCA","Ex_DACH2_SLIT2","Glut-CACNA1H-4",1
"SN429_ATGAGGGTCAACCCGG","Ex_DACH2_SLIT2","Glut-DACH2-1",0.599156113734505
"SN429_TAGGTACAGATAGGGA","Ex_DACH2_ITGA9","Glut-DACH2-3",0.324069114655742
"SN429_TGCTCCATCGAAGTGG","Ex_DACH2_LUZP2","Glut-DACH2-1",0.557147321529299
"SN429_CGGGACTCAGGTACGA","Ex_DACH2_ITGA9","Glut-DACH2-1",0.573391300633995
"SN429_TCTCAGCTCGAGCACC","Ex_DACH2_SLIT2","Glut-CACNA1H-4",0.863994838382851
"SN429_CGGAGAATCCGCACGA","Ex_DACH2_MGAT4C","Glut-DACH2-1",0.486389101231935
"SN429_CAGATTGGTGCATACT","Ex_DACH2_LHX2","Glut-DACH2-2",0.616575058630543
"SN429_GTTTGGAAGACTTCAC","Ex_DACH2_ITGA9","Glut-DACH2-1",0.443790144028645
"SN429_CAGCAATTCCACAGCG","Ex_DACH2_LUZP2","Glut-DACH2-2",0.476591914909682
"SN429_TCAAGTGGTAGTACGG","Ex_DACH2_MGAT4C","Glut-DACH2-7",0.449696841705861
"SN429_CGGCAGTCATCCAACA","Ex_DACH2_ITGA9","Glut-DACH2-7",0.204483963095994
"SN429_TCCCATGAGGACCCAA","Ex_DACH2_MGAT4C","Glut-DACH2-1",0.856557759614816
"SN429_AATGCCAAGTGGTGAC","Ex_DACH2_LUZP2","Glut-DACH2-2",0.538203526174809
"SN429_AGGTTACCAGGGCTTC","Ex_DACH2_SLIT2","Glut-DACH2-3",0.830984200618303
"SN429_ATTACTCCAGCCGTCA","Ex_DACH2_SLIT2","Glut-DACH2-3",0.983693785605707
"SN429_CGGACACCAGCTTTGA","Ex_DACH2_MGAT4C","Glut-DACH2-1",0.430933511261552
"SN429_GCCATGGGTAGATTGA","Ex_DACH2_SLIT2","Glut-DACH2-3",0.891040166596347
"SN429_ATTCCATAGGTGATCG","Ex_DACH2_MGAT4C","Glut-DACH2-1",0.466535074619208
"SN429_GACAGCCCAGGATTCT","Ex_CACNA1H_MCTP2","Glut-DACH2-3",0.27811397089445
"SN429_ACACCAAGTCGACTTA","Ex_DACH2_ITGA9","Glut-DACH2-4",0.46692104696369
"SN429_TCCCATGAGGCCCGTT","Ex_CACNA1H_MCTP2","Glut-CACNA1H-2",0.367939422873781
"SN429_CTTCCTTAGGTTCCGC","Ex_DACH2_SLIT2","Glut-DACH2-3",0.985380746250758
"SN429_AACACACTCTCATTGT","Ex_DACH2_GRIK4","Glut-DACH2-1",0.385727208223318
"SN429_GCTACCTGTTGCTGAT","Ex_DACH2_SLIT2","Glut-DACH2-3",0.933292937483091
"SN429_ACTGTGAAGTAAACTG","Ex_DACH2_SLIT2","Glut-DACH2-1",0.721527501104911
"SN429_GAGCCTGGTCCGGCAT","Ex_CACNA1H_MCTP2","Glut-DACH2-3",0.320158141200291
"SN429_CTACAGAGTGGCTCTG","Ex_CACNA1H_MCTP2","Glut-DACH2-3",0.441892820802423
"SN429_GTAGATCTCTGTCCGT","Ex_DACH2_MGAT4C","Glut-DACH2-2",0.457002064231871
"SN429_GGTGATTGTATACGGG","Ex_DACH2_SLIT2","Glut-DACH2-1",0.659081819243617
"SN429_TCACGGGGTGGATCGA","Ex_CACNA1H_MCTP2","Glut-CACNA1H-2",0.339941910918952
"SN429_TTTAGTCAGACGGAAA","Ex_DACH2_SLIT2","Glut-DACH2-2",0.498928908487912
"SN429_AGATGAAGTACCAATC","Ex_DACH2_LUZP2","Glut-DACH2-1",0.575227692135262
"SN429_TGCGACGAGGGCCTCT","Ex_DACH2_SLIT2","Glut-DACH2-1",0.540634992578275
"SN429_ATAGACCAGATGCTGG","Ex_DACH2_LUZP2","Glut-DACH2-2",0.719082270218157
"SN429_CTGAGCGCAGCCGTTG","Ex_CACNA1H_MCTP2","Glut-CACNA1H-2",0.467320271540176
"SN429_AGACACTGTCTGCCTT","Ex_DACH2_GRIK4","Glut-DACH2-7",0.482655129562133
"SN429_CCCAACTAGCCTATTG","Ex_DACH2_LUZP2","Glut-DACH2-2",0.672807855732031
"SN429_TTTCAGTCACCCTAAA","Ex_DACH2_SLIT2","Glut-DACH2-1",0.502891232722975
"SN429_CCTTGTGTCTTCGGAA","Ex_DACH2_GRIK4","Glut-DACH2-1",0.973259701733999
"SN429_GTTGTAGCAGCTACTA","Ex_DACH2_SLIT2","Glut-DACH2-3",0.592188485711484
"SN429_TCATGCCTCCGCGAGT","Ex_DACH2_MGAT4C","Glut-DACH2-2",0.551398532179504
"SN429_TGCCGAGGTCGTGCCA","Ex_DACH2_SLIT2","Glut-DACH2-3",0.924801897090681
"SN429_CCTCATGTCTTACCAT","Ex_DACH2_LUZP2","Glut-DACH2-2",0.654336981939365
"SN429_TTCCGTGGTCACGTGC","Ex_DACH2_SLIT2","Glut-CACNA1H-4",0.923731088744686
"SN429_AAGATAGTCTGCGATA","Ex_DACH2_LUZP2","Glut-DACH2-2",0.557230218040075
"SN429_CTCAGAAGTACAAGTA","Ex_DACH2_ITGA9","Glut-DACH2-4",0.786431740685187
"SN429_TCCTAATAGAGGCGGA","Ex_DACH2_GRIK4","Glut-DACH2-1",0.534182297934783
"SN429_AGACAAAAGCACCGTC","Ex_DACH2_MGAT4C","Glut-DACH2-1",0.784802607847351
"SN429_ATGGGTTTCTAACGCA","Ex_DACH2_LUZP2","Glut-DACH2-2",0.603126442564747
"SN429_GGGATGATCACACCGG","Ex_DACH2_GRIK4","Glut-DACH2-1",0.714742027021522
"SN429_AGGCATTTCCACAGGC","Ex_DACH2_GRIK4","Glut-DACH2-1",0.740582886264897
"SN429_TATACCTAGAAGATCT","Ex_DACH2_MGAT4C","Glut-DACH2-1",0.903646965736991
"SN429_CTGTACCGTCACCGAC","Ex_DACH2_GRIK4","Glut-DACH2-1",0.526375687432331
"SN429_GGCTTGGTCCTCAGAA","Ex_DACH2_SLIT2","Glut-DACH2-1",0.592612415727735
"SN429_TGATCAGCATAGACTC","Ex_DACH2_MGAT4C","Glut-DACH2-5",0.45789309321941
"SN429_GCGGAAATCAACCTCC","Ex_DACH2_NR4A3","Glut-DACH2-1",0.679025076354626
"SN429_TCCCACAAGGGCAATC","Ex_DACH2_MGAT4C","Glut-DACH2-2",0.505447372438663
"SN429_CCGTTCAGTACAAACA","Ex_DACH2_MGAT4C","Glut-DACH2-4",0.365919447028883
"SN429_GGGAGATAGTCGTCTA","Ex_DACH2_GRIK4","Glut-DACH2-1",0.519368867970834
"SN429_AGTCTCCAGGTACCTT","Ex_DACH2_LUZP2","Glut-DACH2-1",0.670749463636402
"SN429_ATCACAGCAGGTGGAT","Ex_DACH2_SLIT2","Glut-DACH2-3",0.82265067396033
"SN429_CGCCAGATCGTGAGAG","Ex_DACH2_SLIT2","Glut-DACH2-3",0.486048999817146
"SN429_ACTTTCACATCACAGT","Ex_DACH2_NR4A3","Glut-DACH2-1",0.681723799042834
"SN429_ACTTCCGTCATCGCTC","Ex_DACH2_SLIT2","Glut-CACNA1H-4",0.498639158960394
"SN429_AGCATCACATGTTCGA","Ex_DACH2_GRIK4","Glut-DACH2-1",0.689845843740174
"SN429_TTGTGTTCATGACGAG","Ex_DACH2_ITGA9","Glut-DACH2-4",0.504605908711025
"SN429_CAACGGCTCTAGTACG","Ex_DACH2_GRIK4","Glut-DACH2-1",0.6913920765853
"SN429_ATGACCATCCCGAGTG","Ex_DACH2_MGAT4C","Glut-DACH2-1",0.40883994262503
"SN429_TGACAGTCACTACACA","Ex_DACH2_SLIT2","Glut-DACH2-3",0.937319472731533
"SN429_TACTTGTGTATCGCAT","Ex_DACH2_MGAT4C","Glut-DACH2-1",0.622434857557217
"SN429_TTCATGTTCATCAGTG","Ex_DACH2_SLIT2","Glut-DACH2-3",0.797309325445264
"SN429_AGCGCCATCGCATGAT","Ex_DACH2_GRIK4","Glut-DACH2-2",0.291426055015881
"SN429_TGGTACATCTTGCGCT","Ex_DACH2_ITGA9","Glut-DACH2-4",0.394245744203992
"SN429_ATTGTTCAGAGGATGA","Ex_DACH2_MGAT4C","Glut-DACH2-1",0.884591560218468
"SN429_GAGTGTTGTTCTCGCT","Ex_DACH2_GRIK4","Glut-DACH2-HVCra",0.269069307843234
"SN429_GCATCGGAGAATTTGG","Ex_DACH2_SLIT2","Glut-CACNA1H-4",0.862618792267318
"SN429_ATTCTTGTCGTTATCT","Ex_DACH2_LUZP2","Glut-DACH2-1",0.516394619353478
"SN429_TACAACGAGGTTCATC","Ex_DACH2_SLIT2","Glut-DACH2-2",0.663245260236244
"SN429_CTACCCACAAATTGCC","Ex_DACH2_SLIT2","Glut-DACH2-3",0.853919154288419
"SN429_GCATTAGGTGATAGTA","Ex_DACH2_MGAT4C","Glut-DACH2-1",0.785692463054053
"SN429_CCACACTAGATGACAT","Ex_DACH2_SLIT2","Glut-DACH2-3",0.949631757828582
"SN429_TAACACGCAACTCCCT","Ex_DACH2_MGAT4C","Glut-DACH2-2",0.666244845559578
"SN429_TAACCAGAGCCATTTG","Ex_DACH2_NR4A3","Glut-DACH2-2",0.413226151602248
"SN429_TACCCACTCAGTGATC","Ex_DACH2_LHX2","Glut-DACH2-2",0.597203733293584
"SN429_GTGCACGGTAAGCAAT","Ex_DACH2_LUZP2","Glut-DACH2-1",0.518792881568871
"SN429_CGAGAAGCAGACGATG","Ex_DACH2_GRIK4","Glut-DACH2-1",0.883877040417476
"SN429_ATCCGTCGTATGTCAC","Ex_DACH2_SLIT2","Glut-DACH2-3",0.672834456399067
"SN429_ACTTTCAAGGCTATCT","Ex_DACH2_GRIK4","Glut-DACH2-1",0.650151420450564
"SN429_CAATCGAAGACGCTCC","Ex_DACH2_MGAT4C","Glut-DACH2-1",0.847241789007697
"SN429_TTGCGTCCAACTCGTA","Ex_DACH2_MGAT4C","Glut-DACH2-1",0.664394049537733
"SN429_CGATCGGCAGGCCTGT","Ex_DACH2_GRIK4","Glut-DACH2-1",0.954937582675055
"SN429_GGTAGAGTCTCAGAAC","Ex_DACH2_MGAT4C","Glut-DACH2-2",0.613003655026108
"SN429_GCAGGCTAGCGTACAG","Ex_DACH2_ITGA9","Glut-DACH2-4",0.414432671357656
"SN429_AATGCCAGTAACACGG","Ex_DACH2_GRIK4","Glut-DACH2-1",0.68347560289327
"SN429_GGGTCACGTACTCGAT","Ex_DACH2_LUZP2","Glut-DACH2-1",0.529825516229638
"SN429_GACACGCAGATGGTCG","Ex_DACH2_LUZP2","Glut-DACH2-1",0.489207001690096
"SN429_TTGATGGTCTCGAGTA","Ex_CACNA1H_MCTP2","Glut-CACNA1H-4",0.780241592002727
"SN429_TCTACCGAGTTGTACC","Ex_DACH2_ITGA9","Glut-DACH2-4",0.635144621348406
"SN429_GTAGGTTTCAGCTTGA","Ex_DACH2_GRIK4","Glut-DACH2-1",0.58600724157034
"SN429_TGCGACGTCTTCTGGC","Ex_CACNA1H_MCTP2","Glut-DACH2-1",0.270847807346388
"SN429_TGAATCGCACAATGAA","Ex_CACNA1H_MCTP2","Glut-CACNA1H-2",0.673321173077968
"SN429_GTAGGTTCAGCAGGAT","Ex_CACNA1H_MCTP2","Glut-DACH2-3",0.448929769515483
"SN429_CATCCCAAGGCTAGCA","Ex_DACH2_GRIK4","Glut-DACH2-5",0.248780884301027
"SN429_CATGGTAGTTGGAGGT","Ex_DACH2_MGAT4C","Glut-DACH2-1",0.810760120979262
"SN429_GGATCTATCTGTGCAA","Ex_DACH2_LUZP2","Glut-DACH2-2",0.435805404647424
"SN429_GGTGTTATCCGCATAA","Ex_DACH2_SLIT2","Glut-DACH2-1",0.453468461001448
"SN429_CTGCCATAGCTGTGCC","Ex_DACH2_GRIK4","Glut-DACH2-1",0.6087810543651
"SN429_ATCCCTGAGTGATAGT","Ex_DACH2_MGAT4C","Glut-DACH2-1",0.404922424307172
"SN429_ATTCTACCATGTTCGA","Ex_DACH2_LHX2","Glut-DACH2-1",0.356214190067442
"SN429_TTACCGCCACATCATG","Ex_DACH2_LUZP2","Glut-DACH2-1",0.494769871522149
"SN429_TCAGCAACACACCGCA","Ex_DACH2_SLIT2","Glut-DACH2-3",0.951994036593749
"SN429_GCTTCACCAAAGCACG","Ex_DACH2_MGAT4C","Glut-DACH2-1",0.829168537087303
"SN429_GCCATGGTCAAGCGTT","Ex_DACH2_ITGA9","Glut-DACH2-3",0.925265668500977
"SN429_ACCCAAACAGTAGATA","Ex_DACH2_ITGA9","Glut-DACH2-4",0.545778644268868
"SN429_TGAACGTCACACCTAA","Ex_DACH2_NR4A3","Glut-DACH2-1",0.526809322752517
"SN429_AGGACTTCATCTTTCA","Ex_DACH2_SLIT2","Glut-CACNA1H-4",0.980434764576944
"SN429_AGTTCGACAGGCCTGT","Ex_DACH2_MGAT4C","Glut-DACH2-1",0.873305111573001
"SN429_CTCCCAATCAGTCCGG","Ex_DACH2_SLIT2","Glut-DACH2-3",0.972212662171467
"SN429_GCCCGAACAGAGGAAA","Ex_DACH2_MGAT4C","Glut-DACH2-1",0.638903384272289
"SN429_GGAGATGTCACTCACC","Ex_DACH2_LHX2","Glut-DACH2-2",0.499465617287154
"SN429_AAACCCACATTGCTTT","Ex_DACH2_ITGA9","Glut-DACH2-1",0.338930461243317
"SN429_GCAACATTCCCTCGTA","Ex_DACH2_LUZP2","Glut-DACH2-1",0.554718847834371
"SN429_CAACCTCGTGGTCAAG","Ex_DACH2_NR4A3","Glut-DACH2-1",0.493070554936022
"SN429_TCAAGACTCAGTGTCA","Ex_DACH2_MGAT4C","Glut-DACH2-5",0.832210603539375
"SN429_AACCACACATAGACTC","Ex_DACH2_SLIT2","Glut-DACH2-4",0.41925431574323
"SN429_TCAAGTGTCTGGGTCG","Ex_DACH2_GRIK4","Glut-DACH2-1",0.853340421821753
"SN429_TTCACGCAGCTGCCTG","Ex_DACH2_MGAT4C","Glut-DACH2-5",0.341393667434938
"SN429_CACTGAAAGTCCCGGT","Ex_DACH2_SLIT2","Glut-DACH2-3",0.706808777964448
"SN429_AAAGAACAGCAATAAC","Ex_DACH2_SLIT2","Glut-DACH2-3",0.947076388142995
"SN429_CGGTCAGAGTGGTTGG","Ex_DACH2_SLIT2","Glut-DACH2-3",0.428650989422301
"SN429_TATTGGGTCGCTACAA","Ex_DACH2_LHX2","Glut-DACH2-1",0.619508714747811
"SN429_CGCCAGATCTGCGGAC","Ex_DACH2_SLIT2","Glut-DACH2-1",0.559004731474151
"SN429_GCCGATGGTAGATCCT","Ex_DACH2_SLIT2","Glut-DACH2-3",0.977990061891699
"SN429_TGAGCGCAGCCATGCC","Ex_DACH2_LUZP2","Glut-DACH2-2",0.458945691226652
"SN429_TATCGCCGTGATACAA","Ex_DACH2_SLIT2","Glut-DACH2-1",0.62032743727139
"SN429_TGAATCGCATCACAGT","Ex_DACH2_ITGA9","Glut-DACH2-4",0.375256577903455
"SN429_ACTTCGCAGGGCTTCC","Ex_DACH2_LUZP2","Glut-DACH2-2",0.485000538907412
"SN429_CAAAGAAGTAGCCAGA","Ex_DACH2_SLIT2","Glut-DACH2-3",0.944640821216067
"SN429_ATCCGTCTCTCTGCTG","Ex_DACH2_GRIK4","Glut-DACH2-1",0.369784144490452
"SN429_ACGATCACAAGCACAG","Ex_DACH2_NR4A3","Glut-DACH2-1",0.555285835459124
"SN429_TGCGGCAGTAGAGCTG","Ex_DACH2_LUZP2","Glut-DACH2-1",0.471210890345502
"SN429_TTACCATGTTCTCCAC","Ex_DACH2_SLIT2","Glut-DACH2-3",0.609667005495452
"SN429_TCACTATAGGCAGTCA","Ex_DACH2_ITGA9","Glut-DACH2-4",0.683240163851133
"SN429_AGTTAGCAGCCTATCA","Ex_DACH2_LUZP2","Glut-DACH2-2",0.570144553526777
"SN429_CTAGACAGTGCTGCAC","Ex_DACH2_MGAT4C","Glut-DACH2-1",0.768534958527456
"SN429_GCTACAATCTCGCTTG","Ex_DACH2_LUZP2","Glut-DACH2-2",0.485042078681971
"SN429_CTGTACCTCTTTCGAT","Ex_DACH2_NR4A3","Glut-DACH2-1",0.898395333828905
"SN429_TTCTTCCCACGACAGA","Ex_DACH2_ITGA9","Glut-DACH2-1",0.36736163588323
"SN429_TCGCAGGCAGTCACGC","Ex_DACH2_SLIT2","Glut-DACH2-3",0.94392607175067
"SN429_CCTTGTGAGGAAAGTG","Ex_DACH2_MGAT4C","Glut-DACH2-1",0.624021854868316
"SN429_TATCCTAAGTCAAGCG","Ex_DACH2_NR4A3","Glut-DACH2-1",0.773188604104821
"SN429_AGTTAGCTCCTTCTGG","Ex_DACH2_NR4A3","Glut-DACH2-1",0.682410120564474
"SN429_ATACCTTGTATCGATC","Ex_DACH2_NR4A3","Glut-DACH2-1",0.370185443551512
"SN429_AGGACGACACTCGATA","Ex_DACH2_LUZP2","Glut-DACH2-1",0.431356415688158
"SN429_TTCCGTGGTCGGCCTA","Ex_DACH2_LUZP2","Glut-DACH2-2",0.703171319610602
"SN429_CCCAACTAGTGCACCC","Ex_DACH2_MGAT4C","Glut-DACH2-2",0.419796942395285
"SN429_TGCTCGTGTGATAGAT","Ex_DACH2_GRIK4","Glut-DACH2-2",0.41039979528906
"SN429_CCGGGTATCCACAAGT","Ex_DACH2_MGAT4C","Glut-DACH2-1",0.348822372333117
"SN429_AAAGAACAGGCGAAGG","Ex_DACH2_SLIT2","Glut-DACH2-3",0.930603926146824
"SN429_AGCCAGCAGAGGATGA","Ex_DACH2_SLIT2","Glut-DACH2-3",0.595872144859052
"SN429_GAGTGTTCAGACCTAT","Ex_DACH2_LUZP2","Glut-DACH2-1",0.511503731792835
"SN429_CGGAATTCAGAGTAAT","Ex_DACH2_LHX2","Glut-DACH2-1",0.607736129834446
"SN429_GAGTCATTCGTTCCCA","Ex_DACH2_GRIK4","Glut-DACH2-HVCx",0.715481313383818
"SN429_CTACCCATCGCACGAC","Ex_DACH2_LUZP2","Glut-DACH2-2",0.689106276134917
"SN429_AAGGTAACATGCAGCC","Ex_DACH2_MGAT4C","Glut-DACH2-1",0.700511300664352
"SN429_TCAAGACCAAACTAAG","Ex_DACH2_LUZP2","Glut-DACH2-1",0.574776652598021
"SN429_AGCTCAAGTTAACCTG","Ex_DACH2_SLIT2","Glut-CACNA1H-4",0.747065597639762
"SN429_GCCAGTGTCTGGAGAG","Ex_DACH2_ITGA9","Glut-DACH2-1",0.624285833881219
"SN429_TCCGGGATCTGCGGAC","Ex_DACH2_LUZP2","Glut-DACH2-2",0.619019948294838
"SN429_CAATCGAGTAGAGATT","Ex_DACH2_SLIT2","Glut-DACH2-2",0.370307402933864
"SN429_GCCGTGAGTTGGACTT","Ex_DACH2_MGAT4C","Glut-DACH2-1",0.843547125326332
"SN429_AGCCAATAGGCACCAA","Ex_DACH2_ITGA9","Glut-DACH2-3",0.720638018957411
"SN429_TACCTGCGTCTGTGGC","Ex_DACH2_SLIT2","Glut-DACH2-3",0.901050515094479
"SN429_ATACCGAGTGATACTC","Ex_CACNA1H_MCTP2","Glut-CACNA1H-2",0.610265707668927
"SN429_GCTACCTAGCTACGTT","Ex_DACH2_MGAT4C","Glut-DACH2-2",0.500689950604339
"SN429_TCCTTCTGTCGAGTTT","Ex_DACH2_SLIT2","Glut-DACH2-3",0.814662757765002
"SN429_GCGTTTCGTGAGTAAT","Ex_DACH2_MGAT4C","Glut-DACH2-4",0.297659449424172
"SN429_TGCGGCATCTGCCCTA","Ex_CACNA1H_MCTP2","Glut-DACH2-3",0.293187279444796
"SN429_TGTTTGTAGGGACTGT","Ex_DACH2_SLIT2","Glut-CACNA1H-4",0.339719489352113
"SN429_CACCGTTGTTCACCGG","Ex_DACH2_LHX2","Glut-DACH2-2",0.469131120522014
"SN429_CATTTCAGTCACTTCC","Ex_DACH2_NR4A3","Glut-DACH2-1",0.523160293108785
"SN429_AGAACCTAGCGTGCCT","Ex_DACH2_MGAT4C","Glut-DACH2-1",0.705219285906519
"SN429_AGATCGTTCAATCCAG","Ex_DACH2_MGAT4C","Glut-DACH2-2",0.500762672118491
"SN429_TCACATTGTTGTATGC","Ex_DACH2_MGAT4C","Glut-DACH2-1",0.54235251756135
"SN429_TAACGACGTTGCCGAC","Ex_DACH2_LUZP2","Glut-DACH2-2",0.611965287955559
"SN429_TTTGTTGCAAATGATG","Ex_DACH2_LUZP2","Glut-DACH2-1",0.50519196024219
"SN429_CCCTTAGCAGAAATTG","Ex_DACH2_LUZP2","Glut-DACH2-2",0.417259875244529
"SN429_GTTATGGCACTGGCGT","Ex_DACH2_LUZP2","Glut-DACH2-1",0.600593965031263
"SN429_AGTACCAAGATAGCTA","Ex_DACH2_SLIT2","Glut-DACH2-3",0.726832647765853
"SN429_CCGCAAGGTCACCGCA","Ex_CACNA1H_MCTP2","Glut-DACH2-2",0.638146711391969
"SN429_CTGCCTAGTACGGGAT","Ex_DACH2_NR4A3","Glut-DACH2-1",0.435643298904625
"SN429_CAAGCTATCTGGTGGC","Ex_DACH2_LUZP2","Glut-DACH2-2",0.526486167266567
"SN429_AGGGCCTTCATCAGTG","Ex_DACH2_GRIK4","Glut-DACH2-2",0.483148257881418
"SN429_CGAGGCTCACACCTAA","Ex_DACH2_NR4A3","Glut-DACH2-1",0.32555351717821
"SN429_AGAAGCGAGACATGCG","Ex_DACH2_SLIT2","Glut-DACH2-1",0.577003395653162
"SN429_GGCTTTCAGTTAGAAC","Ex_DACH2_ITGA9","Glut-DACH2-1",0.638082839672908
"SN429_GGGACAAGTCCGGATC","Ex_DACH2_ITGA9","Glut-DACH2-4",0.382514667808514
"SN429_ACAAGCTTCGTGTTCC","Ex_DACH2_SLIT2","Glut-DACH2-3",0.675044627230236
"SN429_GGTTAACAGCTCAGAG","Ex_DACH2_LUZP2","Glut-DACH2-2",0.573237538913764
"SN429_AGCGTATAGACCAAGC","Ex_DACH2_LUZP2","Glut-DACH2-1",0.494033416090647
"SN429_GAGAAATGTCACTACA","Ex_DACH2_MGAT4C","Glut-DACH2-1",0.673921421026578
"SN429_GTAATCGGTTGGGACA","Ex_DACH2_LUZP2","Glut-DACH2-1",0.53344369658768
"SN429_GTAGGAGTCGCAGTCG","Ex_DACH2_MGAT4C","Glut-DACH2-2",0.424614118090717
"SN429_TCACTCGCAGCCTACG","Ex_DACH2_NR4A3","Glut-DACH2-1",0.635815281406674
"SN429_AGAGCCCTCGATGCTA","Ex_DACH2_GRIK4","Glut-DACH2-1",0.888139169708839
"SN429_CTGGCAGTCACATCAG","Ex_DACH2_NR4A3","Glut-DACH2-2",0.506267075098318
"SN429_CGCATGGCATGACCCG","Ex_DACH2_SLIT2","Glut-DACH2-3",0.784437448552182
"SN429_AGACTCAAGATAGTCA","Ex_DACH2_MGAT4C","Glut-DACH2-1",0.574299645570417
"SN429_GCTGAATAGTACGAGC","Ex_DACH2_SLIT2","Glut-DACH2-3",1
"SN429_ATCGGATCAAAGGCGT","Ex_DACH2_MGAT4C","Glut-DACH2-1",0.623329166278072
"SN429_CAATTTCTCTGAGAGG","Ex_DACH2_LUZP2","Glut-DACH2-2",0.52723621101531
"SN429_GTTCATTTCCGGTAGC","Ex_DACH2_MGAT4C","Glut-DACH2-1",0.560739052718146
"SN429_GGTAGAGGTGTTGACT","Ex_DACH2_MGAT4C","Glut-DACH2-2",0.606477711874578
"SN429_CAGCAGCTCGTGAGAG","Ex_DACH2_MGAT4C","Glut-DACH2-1",0.366195365399705
"SN429_TCGTGCTTCCTACGGG","Ex_DACH2_SLIT2","Glut-DACH2-3",0.996439314015273
"SN429_GTTCATTAGCCGAATG","Ex_DACH2_LUZP2","Glut-DACH2-2",0.479125006558047
"SN429_CGAAGGATCGTTTACT","Ex_CACNA1H_MCTP2","Glut-CACNA1H-4",0.358125919106108
"SN429_CCTCAGTCAAAGGCTG","Ex_CACNA1H_MCTP2","Glut-DACH2-1",0.484803058184786
"SN429_TAGATCGTCCGTGGGT","Ex_DACH2_LUZP2","Glut-DACH2-1",0.5348977064608
"SN429_ATCGCCTTCCATTGTT","Ex_DACH2_LHX2","Glut-DACH2-1",0.437833428997058
"SN429_CATGGATCAACTGCCG","Ex_DACH2_MGAT4C","Glut-DACH2-1",0.53531151801241
"SN429_AAAGGGCCAATGCAAA","Ex_DACH2_LHX2","Glut-DACH2-2",0.695804816844729
"SN429_TGTACAGCACCTGAAT","Ex_DACH2_MGAT4C","Glut-DACH2-1",0.589386853153477
"SN429_CTACCTGTCCGTGGGT","Ex_DACH2_MGAT4C","Glut-DACH2-1",0.595453478020397
"SN429_CTCCCTCTCCTTGACC","Ex_DACH2_LUZP2","Glut-DACH2-2",0.606314282190189
"SN429_CGAATTGGTTGACTGT","Ex_DACH2_LHX2","Glut-DACH2-2",0.67646176920907
"SN429_ACGATGTCAAATACGA","Ex_DACH2_LUZP2","Glut-DACH2-2",0.464148043191878
"SN429_TTTATGCCAAGTGGGT","Ex_DACH2_MGAT4C","Glut-DACH2-1",0.432496338572729
"SN429_ACGGTCGCAACGATCT","Ex_DACH2_LUZP2","Glut-DACH2-1",0.667482674441416
"SN429_CAATACGGTAACTAAG","Ex_DACH2_SLIT2","Glut-CACNA1H-4",0.660748050239554
"SN429_GTCACTCCATGGTACT","Ex_DACH2_LUZP2","Glut-DACH2-2",0.599493121167638
"SN429_ATGGATCCAGACAAGC","Ex_DACH2_LUZP2","Glut-DACH2-1",0.479410429357034
"SN429_CCCGGAAAGCATCTTG","Ex_DACH2_SLIT2","Glut-DACH2-3",0.720643495757197
"SN429_ACATGCAAGATCCGAG","Ex_DACH2_LUZP2","Glut-DACH2-2",0.510595124856733
"SN429_TGATGCAAGCGGTATG","Ex_DACH2_LHX2","Glut-DACH2-2",0.499316944081827
"SN429_ACCTGAAGTGAGACCA","Ex_DACH2_LUZP2","Glut-DACH2-2",0.502997106936162
"SN429_GAGGGTACATGCGGTC","Ex_DACH2_SLIT2","Glut-DACH2-1",0.59267850409986
"SN429_CAGATACTCTCCATAT","Ex_DACH2_LUZP2","Glut-DACH2-2",0.511959751206908
"SN429_CTGAGGCTCTTGTGCC","Ex_DACH2_LHX2","Glut-DACH2-2",0.437330282087014
"SN429_GGGCTCATCACCCTGT","Ex_DACH2_MGAT4C","Glut-DACH2-2",0.572336604542473
"SN429_CTAGACAAGAGGGCGA","Ex_DACH2_GRIK4","Glut-DACH2-1",0.661278018169167
"SN429_GGGACCTGTACGTAGG","Ex_DACH2_ADAMTS5","Glut-DACH2-1",0.42397596185846
"SN429_TACATTCAGGGCAGAG","Ex_DACH2_LUZP2","Glut-DACH2-2",0.589010323703971
"SN429_TAGTGCAGTTGGAGAC","Ex_DACH2_MGAT4C","Glut-DACH2-1",0.472647868818188
"SN429_ACTCTCGTCCCGAGGT","Ex_DACH2_LUZP2","Glut-DACH2-1",0.605302217787414
"SN429_CTTTCGGAGATGGGCT","Ex_DACH2_LUZP2","Glut-DACH2-2",0.573059887746914
"SN429_CTGATCCCACCAAATC","Ex_DACH2_SLIT2","Glut-DACH2-3",0.886022221129668
"SN429_TCTATACTCGGACTGC","Ex_DACH2_LHX2","Glut-DACH2-2",0.28583118642072
"SN429_TTATTGCGTCAACCTA","Ex_DACH2_MGAT4C","Glut-DACH2-1",0.74126406382577
"SN429_CGCGTGAGTTGCGGAA","Ex_DACH2_LUZP2","Glut-DACH2-2",0.508273662333518
"SN429_CCATAAGAGCTCATAC","Ex_DACH2_MGAT4C","Glut-DACH2-2",0.560347560950458
"SN429_TGCGATAAGGACCCAA","Ex_DACH2_LUZP2","Glut-CACNA1H-4",0.358006495280854
"SN429_CATCGGGTCATTGCCC","Ex_CACNA1H_MCTP2","Glut-DACH2-3",0.199026452309439
"SN429_GTGTGGCTCAGTAGGG","Ex_DACH2_MGAT4C","Glut-DACH2-2",0.426100805871635
"SN429_CATGAGTTCTCCTGTG","Ex_DACH2_GRIK4","Glut-DACH2-1",0.752691940929218
"SN429_CCACGAGAGTCGCCCA","Ex_DACH2_LUZP2","Glut-DACH2-2",0.535468237876683
"SN429_GGAGCAAAGGTCACAG","Ex_DACH2_LUZP2","Glut-DACH2-1",0.67121372266263
"SN429_CACACAAGTTCTCCAC","Ex_DACH2_LHX2","Glut-DACH2-1",0.335709081096397
"SN429_CCCTTAGGTCTGGTTA","Ex_DACH2_LUZP2","Glut-DACH2-2",0.38340177346051
"SN429_TCCACGTAGTAAACGT","Ex_DACH2_NR4A3","Glut-DACH2-1",0.566116160148368
"SN429_GAAATGACACCATTCC","Ex_DACH2_MGAT4C","Glut-DACH2-1",0.651662032243338
"SN429_GTCGAATTCCGAGATT","Ex_DACH2_LUZP2","Glut-DACH2-2",0.597078906948986
"SN429_TTGGGTACACTGTCCT","Ex_DACH2_MGAT4C","Glut-DACH2-1",0.738385710160857
"SN429_ATTCATCCAACCAACT","Ex_DACH2_LUZP2","Glut-DACH2-2",0.496210815310488
"SN429_CTCCCTCAGACTGGGT","Ex_DACH2_SLIT2","Glut-CACNA1H-4",0.77989865917425
"SN429_CATTCTAGTGGATGAC","Ex_DACH2_GRIK4","Glut-DACH2-1",0.69106583761812
"SN429_TTCCTCTTCGGAGCAA","Ex_DACH2_LUZP2","Glut-DACH2-2",0.527388583276791
"SN429_AATAGAGTCGCTTGAA","Ex_DACH2_GRIK4","Glut-DACH2-1",0.559342786374342
"SN429_GCCAACGCATAGGAGC","Ex_DACH2_LUZP2","Glut-DACH2-2",0.463891848023523
"SN429_GGGATGAGTGATTAGA","Ex_CACNA1H_MCTP2","Glut-CACNA1H-4",0.558461330993272
"SN429_TTCATTGTCTATACTC","Ex_DACH2_SLIT2","Glut-DACH2-3",0.473451145747198
"SN429_GAAGCGATCTGCGATA","Ex_DACH2_MGAT4C","Glut-DACH2-1",0.388635943334283
"SN429_GTAAGTCCACGCCACA","Ex_DACH2_LUZP2","Glut-DACH2-2",0.331731766304581
"SN429_CGAGGAACAGAAACCG","Ex_DACH2_ITGA9","Glut-DACH2-4",0.711841142440601
"SN429_AGTCATGAGTTAGAAC","Ex_DACH2_MGAT4C","Glut-DACH2-5",0.471836461268411
"SN429_TGGTTAGCAAAGAGTT","Ex_DACH2_LUZP2","Glut-DACH2-2",0.537918277835859
"SN429_TGTAACGGTAGCGTCC","Ex_DACH2_GRIK4","Glut-DACH2-7",0.249142229145409
"SN429_GGAACCCTCATGGTAC","Ex_DACH2_LUZP2","Glut-DACH2-2",0.388008701694701
"SN429_AGGATAAAGGACCCAA","Ex_DACH2_LUZP2","Glut-DACH2-2",0.552515779566052
"SN429_GCCAGCAGTTACGTAC","Ex_DACH2_NR4A3","Glut-CACNA1H-2",0.826052779397533
"SN429_GTCTTTATCCACCTCA","Ex_CACNA1H_MCTP2","Glut-DACH2-3",0.429573699824106
"SN429_GGGTGTCAGGTTATAG","Ex_DACH2_LUZP2","Glut-DACH2-1",0.462392474553978
"SN429_AATTCCTAGGCTTAGG","Ex_DACH2_LUZP2","Glut-DACH2-2",0.654916361195545
"SN429_TCGCTCAAGTTTAGGA","Ex_DACH2_LUZP2","Glut-DACH2-1",0.322046626618464
"SN429_TTGCGTCGTTGCATCA","Ex_DACH2_MGAT4C","Glut-DACH2-1",0.681188847933093
"SN429_TTGCCTGGTGACACAG","Ex_DACH2_LUZP2","Glut-DACH2-2",0.612346714466667
"SN429_GTCGTTCGTATGCGTT","Ex_DACH2_ZMAT4","Glut-DACH2-1",0.440576047840284
"SN429_GGAGATGCAATTGCTG","Ex_DACH2_MGAT4C","Glut-DACH2-1",0.538427365132242
"SN429_GAGTCATGTTCCGTTC","Ex_DACH2_LUZP2","Glut-DACH2-2",0.420921255773862
"SN429_CGAGAAGTCTAGCCAA","Ex_DACH2_MGAT4C","Glut-DACH2-2",0.484428133506688
"SN429_GTGGAAGAGCTATCTG","Ex_DACH2_LUZP2","Glut-DACH2-2",0.563951902834756
