"cell","query_label","predicted","score"
"_AAACCCATCCCAATAG-1","Glut-CACNA1H-1","Ex_CACNA1H_LHX9",0.92908362826344
"_AAACGAACAAGAGGCT-1","Glut-CACNA1H-1","Ex_CACNA1H_LHX9",0.922063873985487
"_AAACGCTCAGAGACTG-1","Glut-CACNA1H-4","Ex_DACH2_SLIT2",0.495214509791396
"_AAAGAACCAGCTGTGC-1","Glut-CACNA1H-RA","Ex_CACNA1H_LHX9",0.754557392148105
"_AAAGGATGTTGCCTAA-1","Glut-CACNA1H-RA","Ex_CACNA1H_LHX9",0.627620721105561
"_AAAGGATGTTTGGAAA-1","Glut-CACNA1H-RA","Ex_CACNA1H_LHX9",0.544030182882007
"_AAAGGGCTCTTGTTAC-1","Glut-CACNA1H-RA","Ex_CACNA1H_LHX9",0.52580157958839
"_AAAGTCCCATAGGCGA-1","Glut-CACNA1H-4","Ex_DACH2_SLIT2",0.842405069557877
"_AAAGTCCGTTAACCTG-1","Glut-CACNA1H-2","Ex_CACNA1H_LHX9",0.927771936871288
"_AAAGTCCGTTTGCAGT-1","Glut-CACNA1H-RA","Ex_CACNA1H_LHX9",0.661441802657886
"_AAAGTGAAGTTGAAGT-1","Glut-CACNA1H-RA","Ex_CACNA1H_LHX9",0.559180859583608
"_AAAGTGAGTAAGGTCG-1","Glut-CACNA1H-RA","Ex_TSHZ2_NR4A2",0.493701015855009
"_AAAGTGAGTCCGGCAT-1","Glut-CACNA1H-RA","Ex_CACNA1H_LHX9",0.700707277108723
"_AAATGGACACTTCAAG-1","Glut-CACNA1H-1","Ex_CACNA1H_LHX9",0.903501934320864
"_AAATGGATCTGCATGA-1","Glut-CACNA1H-RA","Ex_CACNA1H_LHX9",0.429900272164621
"_AACAAAGGTTTGGAGG-1","Glut-DACH2-1","Ex_DACH2_MGAT4C",0.488091727086839
"_AACAACCGTGTTCCAA-1","Glut-CACNA1H-RA","Ex_CACNA1H_LHX9",0.693827031874408
"_AACAAGAAGGCGCTCT-1","Glut-CACNA1H-1","Ex_CACNA1H_LHX9",0.842390197557584
"_AACAAGAAGGTGATAT-1","Glut-CACNA1H-2","Ex_DACH2_SLIT2",0.556919160409748
"_AACACACAGGTCCGAA-1","Glut-CACNA1H-RA","Ex_CACNA1H_LHX9",0.452439189399972
"_AACAGGGAGCACACCC-1","Glut-CACNA1H-1","Ex_CACNA1H_LHX9",0.765513426178606
"_AACAGGGCAGCTAACT-1","Glut-CACNA1H-RA","Ex_CACNA1H_LHX9",0.647926649544964
"_AACAGGGTCACAAGAA-1","Glut-CACNA1H-1","Ex_CACNA1H_LHX9",0.540997550351989
"_AACAGGGTCTAGTTCT-1","Glut-CACNA1H-RA","Ex_CACNA1H_LHX9",0.645176514854437
"_AACCACAGTGGTACAG-1","Glut-CACNA1H-2","Ex_CACNA1H_LHX9",0.879004473567755
"_AACCATGTCGGCTGGT-1","Glut-CACNA1H-RA","Ex_CACNA1H_LHX9",0.711283373325857
"_AACCCAAGTGGCAGAT-1","Glut-CACNA1H-RA","Ex_CACNA1H_LHX9",0.576977953345868
"_AACCCAAGTTATGTGC-1","Glut-CACNA1H-RA","Ex_CACNA1H_LHX9",0.369826013722044
"_AACCTGATCCCGTGTT-1","Glut-CACNA1H-1","Ex_CACNA1H_LHX9",0.942197379749795
"_AACGAAAGTGCATTAC-1","Glut-CACNA1H-RA","Ex_CACNA1H_LHX9",0.475522744575368
"_AACGAAATCAAACCCA-1","Glut-CACNA1H-RA","Ex_CACNA1H_LHX9",0.574229452555051
"_AACGGGAAGACTGTTC-1","Glut-CACNA1H-RA","Ex_CACNA1H_LHX9",0.61722460231117
"_AACGGGAGTACTGCCG-1","Glut-CACNA1H-RA","Ex_CACNA1H_LHX9",0.681480768093176
"_AACGTCAAGATCCCGC-1","Glut-CACNA1H-1","Ex_CACNA1H_LHX9",0.905187951825604
"_AACGTCAGTCGTTGCG-1","Glut-CACNA1H-RA","Ex_CACNA1H_LHX9",0.58068285900157
"_AACTTCTCAAACACGG-1","Glut-CACNA1H-RA","Ex_CACNA1H_LHX9",0.651319775867392
"_AACTTCTCAGCGTATT-1","Glut-CACNA1H-RA","Ex_CACNA1H_LHX9",0.798726792177789
"_AACTTCTTCTATTGTC-1","Glut-CACNA1H-1","Ex_CACNA1H_LHX9",0.882429580495421
"_AAGAACAAGCTAGATA-1","Glut-CACNA1H-2","Ex_CACNA1H_LHX9",0.617937587238127
"_AAGAACAAGGTGGCTA-1","Glut-CACNA1H-1","Ex_CACNA1H_LHX9",0.918817828270492
"_AAGAACACACATGTTG-1","Glut-CACNA1H-1","Ex_CACNA1H_LHX9",0.776784166918235
"_AAGACAACAAGGCAAC-1","Glut-CACNA1H-1","Ex_CACNA1H_LHX9",0.904392202651781
"_AAGACTCTCGATGCAT-1","Glut-CACNA1H-RA","Ex_CACNA1H_LHX9",0.683145420967326
"_AAGCATCTCGGCTATA-1","Glut-CACNA1H-2","Ex_CACNA1H_LHX9",0.955256652643542
"_AAGCCATAGGGACACT-1","Glut-CACNA1H-RA","Ex_CACNA1H_LHX9",0.575613010652553
"_AAGCGTTGTAACAGTA-1","Glut-CACNA1H-RA","Ex_CACNA1H_LHX9",0.553439935552984
"_AAGGAATAGCTTTCCC-1","Glut-CACNA1H-2","Ex_CACNA1H_LHX9",0.785991567044673
"_AAGGAATAGTGATGGC-1","Glut-CACNA1H-4","Ex_CACNA1H_LHX9",1
"_AAGGAATGTCGAATTC-1","Glut-CACNA1H-RA","Ex_CACNA1H_LHX9",0.825413410418563
"_AAGGAATGTTATGACC-1","Glut-CACNA1H-RA","Ex_CACNA1H_LHX9",0.710734544742484
"_AAGGTAAAGGTCATTC-1","Glut-CACNA1H-RA","Ex_CACNA1H_LHX9",0.67667116652937
"_AAGGTAATCAAGGACG-1","Glut-CACNA1H-4","Ex_CACNA1H_LHX9",0.972143850416371
"_AAGTCGTGTGAGACCA-1","Glut-CACNA1H-4","Ex_DACH2_SLIT2",0.560543425110575
"_AAGTCGTTCTACTTCA-1","Glut-CACNA1H-1","Ex_DACH2_NR4A3",0.708326522699672
"_AAGTCGTTCTGCCTCA-1","Glut-CACNA1H-1","Ex_CACNA1H_LHX9",0.721491774145759
"_AAGTGAAAGGACAGTC-1","Glut-CACNA1H-RA","Ex_CACNA1H_LHX9",0.602443691919763
"_AAGTGAAAGTAGTGCG-1","Glut-CACNA1H-2","Ex_CACNA1H_LHX9",0.79654096233243
"_AAGTTCGGTGTTATCG-1","Glut-CACNA1H-RA","Ex_CACNA1H_LHX9",0.568852555456083
"_AATAGAGTCCATCACC-1","Glut-CACNA1H-1","Ex_CACNA1H_LHX9",0.959819792215853
"_AATCACGGTCTCCCTA-1","Glut-CACNA1H-RA","Ex_CACNA1H_LHX9",0.535504679749391
"_AATCGACCAAAGCGTG-1","Glut-CACNA1H-RA","Ex_CACNA1H_LHX9",0.622536395660673
"_AATCGACGTCCCGTGA-1","Glut-CACNA1H-1","Ex_CACNA1H_LHX9",0.9121673420961
"_AATCGACTCATGAAAG-1","Glut-CACNA1H-RA","Ex_CACNA1H_LHX9",0.75214256760864
"_AATCGTGAGGGCAGTT-1","Glut-CACNA1H-2","Ex_CACNA1H_LHX9",0.950053146302693
"_AATCGTGAGTATTGCC-1","Glut-CACNA1H-RA","Ex_CACNA1H_LHX9",0.757434929053704
"_AATCGTGGTCGTCGGT-1","Glut-CACNA1H-4","Ex_DACH2_SLIT2",0.86068973474984
"_AATCGTGGTGGGCTTC-1","Glut-CACNA1H-1","Ex_CACNA1H_LHX9",0.77888603976463
"_AATCGTGTCTCGGCTT-1","Glut-CACNA1H-RA","Ex_CACNA1H_LHX9",0.67292380251978
"_AATGACCAGATCCAAA-1","Glut-CACNA1H-RA","Ex_CACNA1H_LHX9",0.596231916979777
"_AATGACCTCATTTGTC-1","Glut-CACNA1H-1","Ex_CACNA1H_LHX9",0.783571864436492
"_AATGCCACACGTACTA-1","Glut-CACNA1H-3","Ex_CACNA1H_LHX9",0.594360413798148
"_AATGCCAGTATGCGGA-1","Glut-CACNA1H-RA","Ex_CACNA1H_LHX9",0.723824914888011
"_AATGCCATCGATGGAG-1","Glut-CACNA1H-RA","Ex_CACNA1H_LHX9",0.646557902477296
"_AATGGCTGTACGACAG-1","Glut-CACNA1H-RA","Ex_CACNA1H_LHX9",0.596480536550398
"_AATTCCTTCTCCTGTG-1","Glut-CACNA1H-1","Ex_CACNA1H_LHX9",0.939185916323751
"_AATTTCCCACTTCAGA-1","Glut-CACNA1H-RA","Ex_CACNA1H_LHX9",0.543088079464141
"_AATTTCCTCAAACCCA-1","Glut-CACNA1H-RA","Ex_CACNA1H_LHX9",0.598835411178469
"_ACAAAGACACTCCGAG-1","Glut-CACNA1H-RA","Ex_CACNA1H_LHX9",0.670518923153297
"_ACAACCAGTCCAGCAC-1","Glut-CACNA1H-RA","Ex_CACNA1H_LHX9",0.629339611546978
"_ACAAGCTAGAGGATCC-1","Glut-CACNA1H-1","Ex_CACNA1H_LHX9",0.708693266827258
"_ACACCAAAGCGAATGC-1","Glut-CACNA1H-1","Ex_CACNA1H_LHX9",0.964342648462321
"_ACACGCGTCTAGAGCT-1","Glut-CACNA1H-RA","Ex_CACNA1H_LHX9",0.493545673498041
"_ACACTGATCGACGATT-1","Glut-CACNA1H-RA","Ex_CACNA1H_LHX9",0.635412454577226
"_ACAGCCGTCCGTTTCG-1","Glut-CACNA1H-1","Ex_CACNA1H_LHX9",0.810207375103959
"_ACAGGGAGTATAATGG-1","Glut-CACNA1H-RA","Ex_CACNA1H_LHX9",0.803305145545278
"_ACAGGGATCCTACGGG-1","Glut-CACNA1H-RA","Ex_CACNA1H_LHX9",0.698957171716818
"_ACATCCCCAAGCTGCC-1","Glut-CACNA1H-RA","Ex_CACNA1H_LHX9",0.465020543960676
"_ACATCCCCAGCTCATA-1","Glut-CACNA1H-RA","Ex_CACNA1H_LHX9",0.58117125462674
"_ACATCCCGTCATCCCT-1","Glut-CACNA1H-RA","Ex_CACNA1H_LHX9",0.504626869757685
"_ACATCGAAGCGATTCT-1","Glut-CACNA1H-RA","Ex_CACNA1H_LHX9",0.730992380012985
"_ACATTTCGTTATTCCT-1","Glut-CACNA1H-RA","Ex_CACNA1H_LHX9",0.581698578861021
"_ACCAAACTCTGAACGT-1","Glut-CACNA1H-RA","Ex_CACNA1H_LHX9",0.741345668058614
"_ACCATTTGTAGAGACC-1","Glut-CACNA1H-1","Ex_CACNA1H_LHX9",0.859958472079101
"_ACCATTTGTATAGGGC-1","Glut-CACNA1H-RA","Ex_CACNA1H_LHX9",0.507146981140451
"_ACCATTTTCAAGGTGG-1","Glut-CACNA1H-RA","Ex_CACNA1H_LHX9",0.613111465207821
"_ACCCAAAAGACCACGA-1","Glut-CACNA1H-RA","Ex_CACNA1H_LHX9",0.891979905700051
"_ACCCAAATCATCAGTG-1","Glut-CACNA1H-RA","Ex_CACNA1H_LHX9",0.739527601724468
"_ACCCTCACATGGAATA-1","Glut-CACNA1H-RA","Ex_CACNA1H_LHX9",0.735529118312882
"_ACCCTTGAGAATCGTA-1","Glut-CACNA1H-RA","Ex_CACNA1H_LHX9",0.527125606190021
"_ACCGTTCTCACATTGG-1","Glut-CACNA1H-RA","Ex_CACNA1H_LHX9",0.495516141168656
"_ACCGTTCTCGGAAACG-1","Glut-CACNA1H-RA","Ex_CACNA1H_LHX9",0.610439514172764
"_ACCGTTCTCTATTTCG-1","Glut-CACNA1H-RA","Ex_CACNA1H_LHX9",0.698750031289813
"_ACCTACCAGCTCGACC-1","Glut-CACNA1H-RA","Ex_CACNA1H_LHX9",0.670521973102375
"_ACCTACCTCGCTTGCT-1","Glut-CACNA1H-RA","Ex_CACNA1H_LHX9",0.673872181185433
"_ACCTGAACAATCTCTT-1","Glut-CACNA1H-1","Ex_CACNA1H_LHX9",0.882880383017797
"_ACCTGTCAGCCAAGGT-1","Glut-CACNA1H-2","Ex_CACNA1H_LHX9",0.877888376638847
"_ACCTGTCAGGTTATAG-1","Glut-CACNA1H-4","Ex_DACH2_SLIT2",0.744679964447524
"_ACGATGTGTGCATTAC-1","Glut-CACNA1H-RA","Ex_CACNA1H_LHX9",0.478342780857612
"_ACGCACGCAACACACT-1","Glut-CACNA1H-RA","Ex_CACNA1H_LHX9",0.652518613822239
"_ACGGAAGAGGAACGCT-1","Glut-CACNA1H-RA","Ex_CACNA1H_LHX9",0.704219281987947
"_ACGGAAGAGTACCGGA-1","Glut-CACNA1H-1","Ex_CACNA1H_LHX9",0.832368474936453
"_ACGGGTCTCTGTCGTC-1","Glut-CACNA1H-RA","Ex_CACNA1H_LHX9",0.593996290051969
"_ACGGTCGCATGACGTT-1","Glut-CACNA1H-RA","Ex_CACNA1H_LHX9",0.695290323666929
"_ACGGTTAAGACAGTCG-1","Glut-CACNA1H-RA","Ex_CACNA1H_LHX9",0.462837047513969
"_ACGTAACTCTGGTCAA-1","Glut-CACNA1H-RA","Ex_CACNA1H_LHX9",0.568028268166755
"_ACGTACAAGGGCCCTT-1","Glut-CACNA1H-RA","Ex_CACNA1H_LHX9",0.711627930936374
"_ACGTACATCTGCTAGA-1","Glut-CACNA1H-RA","Ex_CACNA1H_LHX9",0.7203032208698
"_ACGTAGTTCGTGGCGT-1","Glut-CACNA1H-2","Ex_CACNA1H_LHX9",0.96671811430291
"_ACGTCCTAGCCTGAAG-1","Glut-CACNA1H-RA","Ex_TSHZ2_NR4A2",0.39525569836039
"_ACGTCCTTCGCTACAA-1","Glut-CACNA1H-4","Ex_DACH2_SLIT2",0.843896342682237
"_ACTATCTCAGGATCTT-1","Glut-CACNA1H-RA","Ex_CACNA1H_LHX9",0.735677549376083
"_ACTATCTGTCCTACAA-1","Glut-CACNA1H-RA","Ex_CACNA1H_LHX9",0.454369684829246
"_ACTATCTGTCTCAAGT-1","Glut-CACNA1H-RA","Ex_CACNA1H_LHX9",0.708340549034496
"_ACTATGGAGAAGCGGG-1","Glut-CACNA1H-2","Ex_CACNA1H_LHX9",0.932975299818461
"_ACTATTCCATGGTACT-1","Glut-CACNA1H-RA","Ex_CACNA1H_LHX9",0.858415208510522
"_ACTATTCTCGACCCAG-1","Glut-CACNA1H-RA","Ex_CACNA1H_LHX9",0.6026419568038
"_ACTGCAACAAGATCCT-1","Glut-CACNA1H-1","Ex_CACNA1H_LHX9",0.961775834542932
"_ACTGCAACATATGGCT-1","Glut-CACNA1H-RA","Ex_CACNA1H_LHX9",0.525280802699396
"_ACTGTCCGTGTTCCTC-1","Glut-CACNA1H-4","Ex_CACNA1H_LHX9",1
"_ACTGTGAAGCTCACTA-1","Glut-CACNA1H-RA","Ex_TSHZ2_NR4A2",0.5026792916158
"_ACTGTGACACTGTTCC-1","Glut-CACNA1H-RA","Ex_CACNA1H_LHX9",0.58623981901788
"_ACTGTGATCGCGCTGA-1","Glut-CACNA1H-RA","Ex_CACNA1H_LHX9",0.705407857014328
"_ACTTAGGCATGGAGAC-1","Glut-CACNA1H-2","Ex_CACNA1H_LHX9",0.507560537867837
"_ACTTAGGGTAAGTTAG-1","Glut-CACNA1H-RA","Ex_CACNA1H_LHX9",0.542023726472459
"_ACTTAGGGTTGTGGCC-1","Glut-CACNA1H-RA","Ex_CACNA1H_LHX9",0.588108103050473
"_ACTTATCGTTTGACAC-1","Glut-CACNA1H-RA","Ex_CACNA1H_LHX9",0.627870686064534
"_ACTTCCGTCCACACCT-1","Glut-CACNA1H-1","Ex_DACH2_NR4A3",0.718831923867537
"_ACTTCCGTCTCCGTGT-1","Glut-CACNA1H-2","Ex_CACNA1H_LHX9",0.507503891408468
"_ACTTTGTAGACCGTTT-1","Glut-CACNA1H-RA","Ex_CACNA1H_LHX9",0.497222241906939
"_AGAACAACAGCGTGCT-1","Glut-CACNA1H-RA","Ex_CACNA1H_LHX9",0.572721117560772
"_AGAACAAGTTCAAAGA-1","Glut-CACNA1H-4","Ex_DACH2_SLIT2",0.810469333360962
"_AGAAGCGTCAGACAAA-1","Glut-CACNA1H-RA","Ex_CACNA1H_LHX9",0.678238537468741
"_AGAAGTAAGTTTGTCG-1","Glut-CACNA1H-2","Ex_CACNA1H_LHX9",0.887437503358384
"_AGAAGTAGTCAAATCC-1","Glut-CACNA1H-RA","Ex_CACNA1H_LHX9",0.490602521292148
"_AGACAAAGTCGTGCCA-1","Glut-CACNA1H-RA","Ex_CACNA1H_LHX9",0.775157880502491
"_AGACAAATCAAGCCTA-1","Glut-CACNA1H-1","Ex_CACNA1H_LHX9",0.689442192796124
"_AGACACTTCATGCATG-1","Glut-CACNA1H-1","Ex_CACNA1H_LHX9",0.77486303259743
"_AGACACTTCTACAGGT-1","Glut-CACNA1H-RA","Ex_CACNA1H_LHX9",0.698395531866351
"_AGACCATAGATTGTGA-1","Glut-CACNA1H-4","Ex_DACH2_SLIT2",0.665079574125413
"_AGACCATAGGGAGTGG-1","Glut-CACNA1H-2","Ex_CACNA1H_LHX9",0.890233362121381
"_AGACCATCAATCCTTT-1","Glut-CACNA1H-2","Ex_CACNA1H_LHX9",0.855989315839334
"_AGACCCGCAACACACT-1","Glut-CACNA1H-2","Ex_CACNA1H_LHX9",0.950009439284604
"_AGACCCGGTATCTTCT-1","Glut-CACNA1H-RA","Ex_CACNA1H_LHX9",0.575806476762387
"_AGACCCGGTCAAGCCC-1","Glut-CACNA1H-RA","Ex_CACNA1H_LHX9",0.7324093972218
"_AGAGAATAGACAAGCC-1","Glut-CACNA1H-RA","Ex_CACNA1H_LHX9",0.60532809107332
"_AGAGAATCATTCGGGC-1","Glut-CACNA1H-RA","Ex_CACNA1H_LHX9",0.568797053602231
"_AGAGAGCGTGTGCCTG-1","Glut-CACNA1H-RA","Ex_CACNA1H_LHX9",0.556107770513717
"_AGAGAGCGTTGGTAGG-1","Glut-CACNA1H-RA","Ex_CACNA1H_LHX9",0.645952229699239
"_AGAGCAGAGGCTCAAG-1","Glut-CACNA1H-RA","Ex_CACNA1H_LHX9",0.543411588616341
"_AGAGCAGCACCTATCC-1","Glut-CACNA1H-RA","Ex_CACNA1H_LHX9",0.768499979421268
"_AGAGCCCGTTTCCAAG-1","Glut-CACNA1H-RA","Ex_CACNA1H_LHX9",0.529176269387695
"_AGATCGTAGCAAATGT-1","Glut-CACNA1H-4","Ex_DACH2_SLIT2",0.629153704105403
"_AGATGAACAAGGGTCA-1","Glut-CACNA1H-RA","Ex_CACNA1H_LHX9",0.665427250711086
"_AGATGAATCTTTCCGG-1","Glut-CACNA1H-RA","Ex_CACNA1H_LHX9",0.384755810808205
"_AGATGCTAGATCCGAG-1","Glut-CACNA1H-4","Ex_DACH2_SLIT2",0.674932928381671
"_AGATGCTCAGTCAGTT-1","Glut-CACNA1H-RA","Ex_CACNA1H_LHX9",0.558108694978207
"_AGATGCTGTCGGTAAG-1","Glut-CACNA1H-RA","Ex_CACNA1H_LHX9",0.71574485649069
"_AGATGCTTCTCAGAAC-1","Glut-CACNA1H-2","Ex_CACNA1H_LHX9",0.835361324435667
"_AGCATCAAGATCGCCC-1","Glut-CACNA1H-RA","Ex_CACNA1H_LHX9",0.633331734882669
"_AGCATCAAGGTCCCGT-1","Glut-CACNA1H-RA","Ex_CACNA1H_LHX9",0.645005460452817
"_AGCATCAAGGTTTGAA-1","Glut-CACNA1H-1","Ex_CACNA1H_LHX9",0.946735325437806
"_AGCCAATCAGAACATA-1","Glut-CACNA1H-RA","Ex_CACNA1H_LHX9",0.506334706963905
"_AGCCAATTCCTCATAT-1","Glut-CACNA1H-1","Ex_CACNA1H_LHX9",0.654668559889879
"_AGCCACGGTGCCCAGT-1","Glut-CACNA1H-RA","Ex_CACNA1H_LHX9",0.820584767683461
"_AGCCAGCAGAGCCCAA-1","Glut-CACNA1H-RA","Ex_CACNA1H_LHX9",0.624638489692877
"_AGCGCCAAGCCTGAAG-1","Glut-CACNA1H-RA","Ex_TSHZ2_NR4A2",0.431068157262519
"_AGCGCCACAGCCGGTT-1","Glut-CACNA1H-2","Ex_CACNA1H_LHX9",0.653192293947178
"_AGCGCTGCAGTGTGGA-1","Glut-CACNA1H-RA","Ex_CACNA1H_LHX9",0.535745512489564
"_AGCGTATGTACCGTCG-1","Glut-CACNA1H-RA","Ex_CACNA1H_LHX9",0.527773229161574
"_AGCTACATCAAAGCCT-1","Glut-DACH2-2","Ex_DACH2_ADAMTS5",0.678136799115217
"_AGCTCAAAGCCGAACA-1","Glut-CACNA1H-RA","Ex_CACNA1H_LHX9",0.652041800141612
"_AGCTCAAGTGGAAATT-1","Glut-CACNA1H-RA","Ex_CACNA1H_LHX9",0.64732071630118
"_AGCTTCCCAGAACTAA-1","Glut-CACNA1H-2","Ex_CACNA1H_LHX9",0.680202189121287
"_AGGAAATAGCGAGGAG-1","Glut-CACNA1H-RA","Ex_CACNA1H_LHX9",0.620288969377199
"_AGGAAATCACAACGCC-1","Glut-CACNA1H-RA","Ex_CACNA1H_LHX9",0.572751067812095
"_AGGAATAAGTAACAGT-1","Glut-CACNA1H-RA","Ex_CACNA1H_LHX9",0.514259978459444
"_AGGAATACAGTTAGGG-1","Glut-CACNA1H-RA","Ex_CACNA1H_LHX9",0.491687457454981
"_AGGAATATCGCCCAGA-1","Glut-CACNA1H-RA","Ex_CACNA1H_LHX9",0.474613959553743
"_AGGAATATCGGTCAGC-1","Glut-CACNA1H-1","Ex_CACNA1H_LHX9",0.942057648087085
"_AGGACTTCACTCCACT-1","Glut-CACNA1H-RA","Ex_CACNA1H_LHX9",0.516281589364736
"_AGGACTTCATGGCTGC-1","Glut-CACNA1H-RA","Ex_CACNA1H_LHX9",0.786205729408938
"_AGGACTTGTTATTCCT-1","Glut-CACNA1H-2","Ex_CACNA1H_LHX9",0.798132056305003
"_AGGACTTTCGAGAGCA-1","Glut-CACNA1H-RA","Ex_CACNA1H_LHX9",0.578279214748108
"_AGGATAACAGCACACC-1","Glut-CACNA1H-RA","Ex_CACNA1H_LHX9",0.740939511868592
"_AGGCATTCATTGAAGA-1","Glut-CACNA1H-RA","Ex_CACNA1H_LHX9",0.655216682409624
"_AGGCATTGTCGTCATA-1","Glut-CACNA1H-RA","Ex_CACNA1H_LHX9",0.691734924352508
"_AGGCATTTCGGACTGC-1","Glut-CACNA1H-1","Ex_CACNA1H_LHX9",0.936470436083882
"_AGGCCACAGTCATTGC-1","Glut-CACNA1H-4","Ex_DACH2_SLIT2",0.783992398730793
"_AGGCCACCATGACTGT-1","Glut-CACNA1H-1","Ex_CACNA1H_LHX9",0.744702512988204
"_AGGCCACGTGTCTTCC-1","Glut-CACNA1H-RA","Ex_CACNA1H_LHX9",0.543204172987631
"_AGGCCACTCACGAACT-1","Glut-CACNA1H-RA","Ex_CACNA1H_LHX9",0.699077602883834
"_AGGCCACTCGACCCAG-1","Glut-CACNA1H-RA","Ex_CACNA1H_LHX9",0.621679752501009
"_AGGCTGCAGGTGCATG-1","Glut-CACNA1H-RA","Ex_CACNA1H_LHX9",0.627918497230436
"_AGGCTGCTCACTTGGA-1","Glut-CACNA1H-RA","Ex_CACNA1H_LHX9",0.919541287878742
"_AGGGCCTTCTGGAAGG-1","Glut-CACNA1H-1","Ex_CACNA1H_LHX9",1
"_AGGGCTCTCTTCGTAT-1","Glut-CACNA1H-RA","Ex_CACNA1H_LHX9",0.486108676189008
"_AGGGTCCTCCATACTT-1","Glut-CACNA1H-RA","Ex_CACNA1H_LHX9",0.748045429377463
"_AGGGTGATCCGTACGG-1","Glut-CACNA1H-2","Ex_CACNA1H_LHX9",0.941623973760497
"_AGGGTTTGTTAATCGC-1","Glut-CACNA1H-RA","Ex_CACNA1H_LHX9",0.802981269631299
"_AGGTCATTCTACGGGC-1","Glut-CACNA1H-1","Ex_CACNA1H_LHX9",0.922428611011726
"_AGGTCTAAGGGTTGCA-1","Glut-CACNA1H-1","Ex_CACNA1H_LHX9",0.867011189958671
"_AGGTCTACAAACCATC-1","Glut-CACNA1H-RA","Ex_CACNA1H_LHX9",0.727699035088928
"_AGGTCTAGTATGTCAC-1","Glut-CACNA1H-RA","Ex_CACNA1H_LHX9",0.718614571725358
"_AGGTGTTCAAAGGAGA-1","Glut-CACNA1H-RA","Ex_CACNA1H_LHX9",0.568101301536891
"_AGGTGTTCACTCGATA-1","Glut-CACNA1H-4","Ex_DACH2_SLIT2",0.494931905865165
"_AGGTGTTCAGATTTCG-1","Glut-CACNA1H-RA","Ex_CACNA1H_LHX9",0.728882477627152
"_AGGTGTTTCCCATGGG-1","Glut-CACNA1H-4","Ex_DACH2_SLIT2",0.541467203322306
"_AGGTTACCACAGAGAC-1","Glut-CACNA1H-RA","Ex_CACNA1H_LHX9",0.724335853181124
"_AGGTTACCACTAACCA-1","Glut-CACNA1H-1","Ex_CACNA1H_LHX9",0.925987108228425
"_AGGTTGTCAGCTGTCG-1","Glut-CACNA1H-1","Ex_CACNA1H_LHX9",0.894711125131435
"_AGGTTGTCATGAGTAA-1","Glut-CACNA1H-RA","Ex_CACNA1H_LHX9",0.809059052030576
"_AGGTTGTGTGCACGCT-1","Glut-CACNA1H-RA","Ex_CACNA1H_LHX9",0.497107633533531
"_AGTAACCGTGATAGTA-1","Glut-CACNA1H-RA","Ex_CACNA1H_LHX9",0.833330818105617
"_AGTAACCGTGTGAGCA-1","Glut-CACNA1H-RA","Ex_CACNA1H_LHX9",0.513478999140955
"_AGTACCAAGACAGCTG-1","Glut-CACNA1H-RA","Ex_CACNA1H_LHX9",0.528279839160043
"_AGTACCAAGTAAGAGG-1","Glut-CACNA1H-4","Ex_CACNA1H_LHX9",0.944040705373583
"_AGTACTGAGGTAGATT-1","Glut-CACNA1H-RA","Ex_CACNA1H_LHX9",0.526497296287949
"_AGTACTGAGTTAGAAC-1","Glut-CACNA1H-RA","Ex_CACNA1H_LHX9",0.629674453589711
"_AGTACTGCACTGCGAC-1","Glut-CACNA1H-RA","Ex_CACNA1H_LHX9",0.647703707607206
"_AGTAGCTGTGGAATGC-1","Glut-CACNA1H-2","Ex_CACNA1H_LHX9",0.850454717194868
"_AGTAGCTTCTGCATGA-1","Glut-CACNA1H-RA","Ex_CACNA1H_LHX9",0.631248579532833
"_AGTAGTCCAGAACATA-1","Glut-CACNA1H-1","Ex_TSHZ2_NR4A2",0.383547899360155
"_AGTAGTCGTAGGCTCC-1","Glut-CACNA1H-1","Ex_CACNA1H_LHX9",0.704436208144623
"_AGTCACAAGAGTGGCT-1","Glut-CACNA1H-RA","Ex_CACNA1H_LHX9",0.569674233610055
"_AGTCACAGTCCGTACG-1","Glut-CACNA1H-RA","Ex_CACNA1H_LHX9",0.504297502425428
"_AGTCATGCAGACTCTA-1","Glut-CACNA1H-RA","Ex_CACNA1H_LHX9",0.559020364922376
"_AGTCTCCAGCAAGTGC-1","Glut-CACNA1H-RA","Ex_CACNA1H_LHX9",0.468002369417996
"_AGTCTCCCATGGAGAC-1","Glut-CACNA1H-1","Ex_CACNA1H_LHX9",0.589520675489467
"_AGTCTCCGTCAGGCAA-1","Glut-CACNA1H-RA","Ex_CACNA1H_LHX9",0.557280390604144
"_AGTGCCGCAACCTAAC-1","Glut-CACNA1H-4","Ex_CACNA1H_LHX9",0.993882464845483
"_AGTGTTGAGAATCGTA-1","Glut-CACNA1H-RA","Ex_CACNA1H_LHX9",0.717498721582273
"_AGTTAGCAGTAAGGGA-1","Glut-CACNA1H-RA","Ex_CACNA1H_LHX9",0.614623793541498
"_AGTTAGCCATAAGCGG-1","Glut-CACNA1H-RA","Ex_CACNA1H_LHX9",0.534831624966556
"_AGTTCGAAGTTGGACG-1","Glut-CACNA1H-RA","Ex_CACNA1H_LHX9",0.504245099699366
"_AGTTCGATCTGTCCGT-1","Glut-CACNA1H-RA","Ex_CACNA1H_LHX9",0.813177240964843
"_ATACCGAAGGTGATAT-1","Glut-CACNA1H-RA","Ex_CACNA1H_LHX9",0.596620188367462
"_ATAGAGAAGCGATCGA-1","Glut-CACNA1H-RA","Ex_CACNA1H_LHX9",0.637909332017293
"_ATAGGCTAGATTAGCA-1","Glut-CACNA1H-RA","Ex_CACNA1H_LHX9",0.516091617155258
"_ATAGGCTGTTCCGTTC-1","Glut-CACNA1H-RA","Ex_CACNA1H_LHX9",0.575852170496498
"_ATAGGCTGTTCGCGTG-1","Glut-CACNA1H-RA","Ex_CACNA1H_LHX9",0.670726407866908
"_ATATCCTCACCCGTAG-1","Glut-CACNA1H-RA","Ex_CACNA1H_LHX9",0.64674697860786
"_ATCACAGCAGCTACCG-1","Glut-CACNA1H-1","Ex_CACNA1H_LHX9",0.72005260875601
"_ATCACGAAGGGTAGCT-1","Glut-CACNA1H-1","Ex_CACNA1H_LHX9",0.886948693929207
"_ATCACGAGTGACGTCC-1","Glut-CACNA1H-RA","Ex_CACNA1H_LHX9",0.601119448225664
"_ATCATTCGTGGTACAG-1","Glut-CACNA1H-RA","Ex_CACNA1H_LHX9",0.745093107532699
"_ATCCACCCAGTTACCA-1","Glut-CACNA1H-1","Ex_DACH2_NR4A3",0.493195069848919
"_ATCCCTGCAGCACAAG-1","Glut-CACNA1H-RA","Ex_CACNA1H_LHX9",0.551538856763869
"_ATCCCTGGTCAACATC-1","Glut-CACNA1H-RA","Ex_CACNA1H_LHX9",0.466470382808284
"_ATCCTATAGCTTTCCC-1","Glut-CACNA1H-RA","Ex_CACNA1H_LHX9",0.534280070783623
"_ATCCTATGTCCGATCG-1","Glut-CACNA1H-RA","Ex_CACNA1H_LHX9",0.569463232051538
"_ATCGATGGTAGCTCGC-1","Glut-CACNA1H-RA","Ex_CACNA1H_LHX9",0.596308988647977
"_ATCGATGGTGGCGCTT-1","Glut-CACNA1H-RA","Ex_CACNA1H_LHX9",0.670224218066847
"_ATCGATGTCGGCATAT-1","Glut-CACNA1H-RA","Ex_CACNA1H_LHX9",0.614113055534062
"_ATCGATGTCGGTGTTA-1","Glut-CACNA1H-RA","Ex_CACNA1H_LHX9",0.444938469199687
"_ATCGCCTCAACCGACC-1","Glut-CACNA1H-4","Ex_CACNA1H_LHX9",0.593724447198164
"_ATCGTCCAGTAGACCG-1","Glut-CACNA1H-RA","Ex_CACNA1H_LHX9",0.531133015622725
"_ATCGTGACAAAGGCTG-1","Glut-CACNA1H-RA","Ex_CACNA1H_LHX9",0.801101691326286
"_ATCGTGACAATGTCTG-1","Glut-CACNA1H-RA","Ex_CACNA1H_LHX9",0.555590982346735
"_ATCGTGACAGCTGTGC-1","Glut-CACNA1H-RA","Ex_CACNA1H_LHX9",0.625944393322093
"_ATCTCTACAATCTAGC-1","Glut-CACNA1H-RA","Ex_CACNA1H_LHX9",0.483735805442563
"_ATCTCTACAATGCTCA-1","Glut-CACNA1H-RA","Ex_CACNA1H_LHX9",0.562340698689596
"_ATCTCTACAGATCACT-1","Glut-CACNA1H-RA","Ex_TSHZ2_NR4A2",0.487769276248473
"_ATGAGGGCAGTCTGGC-1","Glut-CACNA1H-4","Ex_CACNA1H_LHX9",0.923302746206421
"_ATGATCGGTTGCATCA-1","Glut-CACNA1H-2","Ex_CACNA1H_LHX9",0.882294958318149
"_ATGCATGGTCATCAGT-1","Glut-CACNA1H-RA","Ex_CACNA1H_LHX9",0.716293624086166
"_ATGCATGTCGAGTGAG-1","Glut-CACNA1H-1","Ex_CACNA1H_LHX9",0.677922129543726
"_ATGGAGGGTATGGGAC-1","Glut-CACNA1H-4","Ex_DACH2_SLIT2",0.699606522705702
"_ATGGAGGTCCCTCGTA-1","Glut-CACNA1H-RA","Ex_CACNA1H_LHX9",0.620612955862429
"_ATGGATCGTTGATGTC-1","Glut-CACNA1H-RA","Ex_CACNA1H_LHX9",0.491214500956222
"_ATGGGAGTCGTAGCCG-1","Glut-CACNA1H-RA","Ex_CACNA1H_LHX9",0.69596496907411
"_ATGGGTTAGGCAGTCA-1","Glut-CACNA1H-RA","Ex_CACNA1H_LHX9",0.698854674965247
"_ATGGGTTTCCGGACTG-1","Glut-CACNA1H-RA","Ex_CACNA1H_LHX9",0.549009496278633
"_ATGTCCCAGGGATGTC-1","Glut-CACNA1H-RA","Ex_CACNA1H_LHX9",0.789924158762688
"_ATGTCTTGTAGCGATG-1","Glut-CACNA1H-RA","Ex_CACNA1H_LHX9",0.548090789779652
"_ATTACCTGTTCTGAGT-1","Glut-CACNA1H-RA","Ex_CACNA1H_LHX9",0.71673453653242
"_ATTCATCCAGAGGACT-1","Glut-CACNA1H-RA","Ex_CACNA1H_LHX9",0.531467140074455
"_ATTCATCGTCGTGGTC-1","Glut-CACNA1H-RA","Ex_CACNA1H_LHX9",0.705419698691106
"_ATTCATCTCTCATTTG-1","Glut-CACNA1H-RA","Ex_CACNA1H_LHX9",0.555807810170552
"_ATTCCATAGCCTGAGA-1","Glut-CACNA1H-RA","Ex_CACNA1H_LHX9",0.566972978368027
"_ATTCCATGTGGAACAC-1","Glut-CACNA1H-RA","Ex_CACNA1H_LHX9",0.613584977072155
"_ATTCCCGCAATTTCCT-1","Glut-CACNA1H-4","Ex_CACNA1H_LHX9",0.612176903524752
"_ATTCGTTTCTAAGGAA-1","Glut-CACNA1H-RA","Ex_CACNA1H_LHX9",0.488311676552566
"_ATTCTACAGACAGCTG-1","Glut-CACNA1H-1","Ex_CACNA1H_LHX9",0.808426567034886
"_ATTCTACAGACCCTTA-1","Glut-CACNA1H-RA","Ex_CACNA1H_LHX9",0.649582141382973
"_ATTCTACAGTGCCGAA-1","Glut-CACNA1H-RA","Ex_CACNA1H_LHX9",0.836828156346127
"_ATTGTTCTCCTTCTTC-1","Glut-CACNA1H-1","Ex_CACNA1H_LHX9",0.32889887926146
"_ATTTACCCACGTAACT-1","Glut-CACNA1H-RA","Ex_CACNA1H_LHX9",0.708210946329707
"_ATTTACCGTAACAGTA-1","Glut-CACNA1H-1","Ex_CACNA1H_LHX9",0.97945379583526
"_ATTTCACGTTTGGAGG-1","Glut-CACNA1H-RA","Ex_CACNA1H_LHX9",0.765900467553271
"_ATTTCTGAGTTGTACC-1","Glut-CACNA1H-RA","Ex_CACNA1H_LHX9",0.377100647216349
"_ATTTCTGTCGTAGGGA-1","Glut-CACNA1H-1","Ex_CACNA1H_LHX9",0.879374699987137
"_CAAAGAAAGAAGCCTG-1","Glut-CACNA1H-2","Ex_CACNA1H_LHX9",0.971714903346212
"_CAAAGAACATGTTCAG-1","Glut-CACNA1H-1","Ex_CACNA1H_LHX9",0.978740214512922
"_CAACCAAAGGCTAAAT-1","Glut-CACNA1H-RA","Ex_CACNA1H_LHX9",0.696557436227903
"_CAACCAACAGGCGATA-1","Glut-CACNA1H-2","Ex_CACNA1H_LHX9",0.713501614135004
"_CAACCTCCAGTTAGGG-1","Glut-CACNA1H-RA","Ex_CACNA1H_LHX9",0.588063051083322
"_CAACCTCGTCATAGTC-1","Glut-CACNA1H-RA","Ex_CACNA1H_LHX9",0.63124716638202
"_CAACCTCTCAGTGTGT-1","Glut-CACNA1H-1","Ex_CACNA1H_LHX9",0.815231977076211
"_CAACGATGTCAGGAGT-1","Glut-CACNA1H-4","Ex_DACH2_SLIT2",0.720892180313017
"_CAACGATTCTCGTTTA-1","Glut-CACNA1H-RA","Ex_CACNA1H_LHX9",0.634534478369115
"_CAACGGCCATGACTTG-1","Glut-CACNA1H-1","Ex_CACNA1H_LHX9",0.571958175524412
"_CAACGGCGTGGGCTTC-1","Glut-CACNA1H-3","Ex_CACNA1H_LHX9",0.630115840582805
"_CAACGGCTCCGTGGCA-1","Glut-CACNA1H-1","Ex_CACNA1H_LHX9",0.889748326778314
"_CAACGGCTCGTCTCAC-1","Glut-CACNA1H-2","Ex_CACNA1H_LHX9",0.554715280874623
"_CAAGCTATCCAACCGG-1","Glut-CACNA1H-RA","Ex_CACNA1H_LHX9",0.765683023492405
"_CAATACGCAATTGCGT-1","Glut-CACNA1H-1","Ex_CACNA1H_LHX9",0.884273946539662
"_CAATACGGTTCCTTGC-1","Glut-CACNA1H-RA","Ex_CACNA1H_LHX9",0.695806856723003
"_CAATCGAAGAGGATGA-1","Glut-CACNA1H-RA","Ex_CACNA1H_LHX9",0.428283494286609
"_CAATCGATCAATCTCT-1","Glut-CACNA1H-RA","Ex_CACNA1H_LHX9",0.691744134145697
"_CAATCGATCCGACGGT-1","Glut-CACNA1H-1","Ex_CACNA1H_LHX9",0.435543922237623
"_CAATTTCCACCTCAGG-1","Glut-CACNA1H-RA","Ex_CACNA1H_LHX9",0.505989600267912
"_CAATTTCTCGGCATAT-1","Glut-CACNA1H-RA","Ex_CACNA1H_LHX9",0.85146825473236
"_CACAACAAGTAAGAGG-1","Glut-CACNA1H-RA","Ex_CACNA1H_LHX9",0.671480386859489
"_CACAACACATGTCTAG-1","Glut-CACNA1H-2","Ex_CACNA1H_LHX9",0.798871718172103
"_CACAACAGTCTGCCTT-1","Glut-CACNA1H-1","Ex_CACNA1H_LHX9",0.630639929943642
"_CACAACATCGGAGTGA-1","Glut-CACNA1H-RA","Ex_CACNA1H_LHX9",0.493113795332346
"_CACACAAAGTTGGCTT-1","Glut-CACNA1H-2","Ex_CACNA1H_LHX9",0.654164553825326
"_CACACAAGTGAGTAGC-1","Glut-CACNA1H-2","Ex_CACNA1H_LHX9",0.932990764376914
"_CACAGATCAACCCTAA-1","Glut-CACNA1H-RA","Ex_CACNA1H_LHX9",0.643241471782145
"_CACAGATCATCGAAGG-1","Glut-CACNA1H-1","Ex_DACH2_NR4A3",0.663897294416033
"_CACAGATGTTGTGGCC-1","Glut-CACNA1H-1","Ex_CACNA1H_LHX9",0.600668063949959
"_CACAGGCAGATTGATG-1","Glut-CACNA1H-2","Ex_CACNA1H_LHX9",0.907070511129121
"_CACAGGCTCACAAGAA-1","Glut-CACNA1H-RA","Ex_CACNA1H_LHX9",0.509382743970338
"_CACATGAAGGCGTTAG-1","Glut-CACNA1H-2","Ex_CACNA1H_LHX9",0.867406004213513
"_CACCAAAGTCTACGAT-1","Glut-CACNA1H-1","Ex_CACNA1H_LHX9",0.935044045662107
"_CACCGTTAGCGTGAAC-1","Glut-CACNA1H-RA","Ex_CACNA1H_LHX9",0.695261896569718
"_CACCGTTAGTCCTGTA-1","Glut-CACNA1H-RA","Ex_CACNA1H_LHX9",0.677388626909311
"_CACCGTTCACATATGC-1","Glut-CACNA1H-2","Ex_CACNA1H_LHX9",0.733159812458554
"_CACGAATTCACCTCGT-1","Glut-CACNA1H-RA","Ex_CACNA1H_LHX9",0.587690258078158
"_CACGGGTAGCTGTACT-1","Glut-CACNA1H-RA","Ex_CACNA1H_LHX9",0.555312345472138
"_CACGGGTCATGTGCTA-1","Glut-CACNA1H-RA","Ex_CACNA1H_LHX9",0.718565343282696
"_CACGGGTGTCAGGCAA-1","Glut-CACNA1H-RA","Ex_CACNA1H_LHX9",0.735221634505235
"_CACGTTCGTTTAGACC-1","Glut-CACNA1H-1","Ex_CACNA1H_LHX9",0.890436956038352
"_CACTAAGCAAGAGCTG-1","Glut-CACNA1H-RA","Ex_CACNA1H_LHX9",0.425245626180665
"_CACTAAGGTAGAGACC-1","Glut-CACNA1H-RA","Ex_CACNA1H_LHX9",0.587081881337811
"_CACTAAGGTTTCGCTC-1","Glut-CACNA1H-RA","Ex_CACNA1H_LHX9",0.537430186766315
"_CACTAAGTCGGATACT-1","Glut-CACNA1H-RA","Ex_CACNA1H_LHX9",0.61231219117085
"_CACTAAGTCTGCAGCG-1","Glut-CACNA1H-1","Ex_CACNA1H_LHX9",0.946543880711654
"_CACTGAATCAAGTGTC-1","Glut-CACNA1H-1","Ex_CACNA1H_LHX9",0.99171091428531
"_CACTGAATCCGTATGA-1","Glut-CACNA1H-RA","Ex_CACNA1H_LHX9",0.54548792758667
"_CACTGGGAGTGAATAC-1","Glut-CACNA1H-RA","Ex_CACNA1H_LHX9",0.663738460425199
"_CACTGGGGTGTAGCAG-1","Glut-CACNA1H-RA","Ex_CACNA1H_LHX9",0.633526884274281
"_CACTGTCCAATTGGTC-1","Glut-CACNA1H-2","Ex_CACNA1H_LHX9",0.915565444303783
"_CACTGTCTCACAGTGT-1","Glut-CACNA1H-1","Ex_CACNA1H_LHX9",0.659324958649851
"_CACTTCGCAGTAACAA-1","Glut-CACNA1H-RA","Ex_CACNA1H_LHX9",0.620865145620645
"_CACTTCGGTAACTTCG-1","Glut-CACNA1H-2","Ex_CACNA1H_LHX9",0.910983152072234
"_CAGAGCCCATCGTTCC-1","Glut-CACNA1H-RA","Ex_CACNA1H_LHX9",0.480777238545061
"_CAGATCACAAGATCCT-1","Glut-CACNA1H-RA","Ex_CACNA1H_LHX9",0.595928369959876
"_CAGATCACAGGCGATA-1","Glut-CACNA1H-1","Ex_CACNA1H_LHX9",0.892247895979865
"_CAGATCAGTACAAACA-1","Glut-CACNA1H-RA","Ex_CACNA1H_LHX9",0.864384460381697
"_CAGATTGGTTTCGACA-1","Glut-CACNA1H-RA","Ex_CACNA1H_LHX9",0.463375045622593
"_CAGATTGTCCTCACTG-1","Glut-CACNA1H-RA","Ex_CACNA1H_LHX9",0.690986683018272
"_CAGCAATGTCCGATCG-1","Glut-CACNA1H-RA","Ex_CACNA1H_LHX9",0.913576110486685
"_CAGCAATTCGGCTTCT-1","Glut-CACNA1H-RA","Ex_CACNA1H_LHX9",0.555381825197024
"_CAGCAGCAGCGAATGC-1","Glut-DACH2-HVCra-Pre","Ex_DACH2_MGAT4C",0.602148048650238
"_CAGCAGCCAGTTCCAA-1","Glut-CACNA1H-RA","Ex_CACNA1H_LHX9",0.443441501784946
"_CAGGGCTAGACCAGCA-1","Glut-CACNA1H-1","Ex_CACNA1H_LHX9",0.961065484942792
"_CAGGGCTAGCTGCGAA-1","Glut-CACNA1H-RA","Ex_CACNA1H_LHX9",0.719991275051695
"_CAGGTATTCCATTCAT-1","Glut-CACNA1H-1","Ex_CACNA1H_LHX9",0.79989797234258
"_CAGTTAGCATGGATCT-1","Glut-CACNA1H-RA","Ex_BCL6",0.617232312966099
"_CAGTTCCAGACTAAGT-1","Glut-CACNA1H-RA","Ex_CACNA1H_LHX9",0.543419175031127
"_CAGTTCCCAGTTTCAG-1","Glut-CACNA1H-RA","Ex_CACNA1H_LHX9",0.564045797386838
"_CATAAGCTCAGCACCG-1","Glut-CACNA1H-4","Ex_DACH2_SLIT2",0.45211187679918
"_CATACAGAGTCATGAA-1","Glut-CACNA1H-RA","Ex_CACNA1H_LHX9",0.787396308921567
"_CATACAGCAATCTCGA-1","Glut-CACNA1H-RA","Ex_CACNA1H_LHX9",0.453145215239669
"_CATACAGCAGGCCCTA-1","Glut-CACNA1H-RA","Ex_CACNA1H_LHX9",0.58532650000013
"_CATACCCGTACCATAC-1","Glut-CACNA1H-RA","Ex_CACNA1H_LHX9",0.568900744434577
"_CATACCCGTATGAAGT-1","Glut-CACNA1H-2","Ex_DACH2_SLIT2",0.539264148265159
"_CATACCCTCAGTGTGT-1","Glut-CACNA1H-1","Ex_CACNA1H_LHX9",0.94472476259723
"_CATACTTAGGTCATTC-1","Glut-CACNA1H-2","Ex_CACNA1H_LHX9",0.708305459278244
"_CATAGACCACTGATTG-1","Glut-CACNA1H-RA","Ex_CACNA1H_LHX9",0.71675518915858
"_CATAGACGTCATGACT-1","Glut-CACNA1H-RA","Ex_CACNA1H_LHX9",0.70182132888412
"_CATAGACTCGGAGATG-1","Glut-CACNA1H-1","Ex_CACNA1H_LHX9",0.950895226487058
"_CATCAAGAGATAGTCA-1","Glut-CACNA1H-RA","Ex_CACNA1H_LHX9",0.388882227985298
"_CATCAAGAGCCTCCAG-1","Glut-CACNA1H-RA","Ex_CACNA1H_LHX9",0.515999544644156
"_CATCCACTCGAGAGCA-1","Glut-CACNA1H-RA","Ex_CACNA1H_LHX9",0.890371173026441
"_CATCCACTCGTTGTAG-1","Glut-CACNA1H-RA","Ex_CACNA1H_LHX9",0.493314008010176
"_CATCCACTCTCAAAGC-1","Glut-CACNA1H-2","Ex_CACNA1H_LHX9",0.755212714401115
"_CATCCCAAGCTATCCA-1","Glut-CACNA1H-2","Ex_CACNA1H_LHX9",0.708137308329402
"_CATCCCAAGGGTCAAC-1","Glut-CACNA1H-RA","Ex_CACNA1H_LHX9",0.546856529241718
"_CATCCGTAGAACCGCA-1","Glut-CACNA1H-2","Ex_CACNA1H_LHX9",0.658950973769359
"_CATCCGTTCATTGTTC-1","Glut-CACNA1H-4","Ex_CACNA1H_LHX9",0.532841548510689
"_CATCGGGCAGCGTTGC-1","Glut-CACNA1H-RA","Ex_CACNA1H_LHX9",0.445720945391101
"_CATCGTCTCAGCGCGT-1","Glut-CACNA1H-RA","Ex_CACNA1H_LHX9",0.664652257789571
"_CATGCGGCAACAGATA-1","Glut-CACNA1H-RA","Ex_CACNA1H_LHX9",0.698801178967058
"_CATGCGGTCTTACGTT-1","Glut-CACNA1H-RA","Ex_CACNA1H_LHX9",0.661430479877899
"_CATGCTCTCCGAGATT-1","Glut-CACNA1H-1","Ex_CACNA1H_LHX9",0.8199726125825
"_CATGGATTCGCAATGT-1","Glut-CACNA1H-RA","Ex_CACNA1H_LHX9",0.656474582004928
"_CATGGTACAGTGCGCT-1","Glut-CACNA1H-2","Ex_CACNA1H_LHX9",0.519616390728033
"_CATTCATGTACCTATG-1","Glut-CACNA1H-4","Ex_DACH2_SLIT2",0.642481111894506
"_CATTCATGTCTCTCTG-1","Glut-CACNA1H-4","Ex_DACH2_SLIT2",0.860948572095095
"_CATTCCGCAGGTCCCA-1","Glut-CACNA1H-1","Ex_CACNA1H_LHX9",0.6087768649555
"_CATTCCGGTGAATTAG-1","Glut-CACNA1H-RA","Ex_CACNA1H_LHX9",0.837128077220216
"_CATTCTAGTCTGCGCA-1","Glut-CACNA1H-RA","Ex_CACNA1H_LHX9",0.732785651983415
"_CATTCTATCTCATTTG-1","Glut-CACNA1H-RA","Ex_CACNA1H_LHX9",0.71336735419108
"_CATTGAGCAACGAGGT-1","Glut-CACNA1H-RA","Ex_CACNA1H_LHX9",0.646524705348784
"_CATTGTTGTACCTTCC-1","Glut-CACNA1H-RA","Ex_CACNA1H_LHX9",0.434968318043477
"_CATTGTTGTGAAGCGT-1","Glut-CACNA1H-RA","Ex_CACNA1H_LHX9",0.495802489490367
"_CATTGTTTCGTGCGAC-1","Glut-CACNA1H-RA","Ex_CACNA1H_LHX9",0.576970513065127
"_CCAATGATCAAGGCTT-1","Glut-CACNA1H-RA","Ex_CACNA1H_LHX9",0.604062998796087
"_CCACAAAGTTTGGCTA-1","Glut-CACNA1H-RA","Ex_CACNA1H_LHX9",0.543589062718421
"_CCACACTGTCCAGCGT-1","Glut-CACNA1H-1","Ex_CACNA1H_LHX9",0.902168507323338
"_CCACACTTCCAGCTCT-1","Glut-CACNA1H-RA","Ex_CACNA1H_LHX9",0.58037109518232
"_CCACCATGTAGTCCTA-1","Glut-CACNA1H-RA","Ex_CACNA1H_LHX9",0.686069039533037
"_CCACCATGTCTTACTT-1","Glut-CACNA1H-RA","Ex_CACNA1H_LHX9",0.579490963174394
"_CCACGAGCACATATGC-1","Glut-CACNA1H-1","Ex_TSHZ2_NR4A2",0.425121170145311
"_CCATAAGAGTTCGGTT-1","Glut-CACNA1H-RA","Ex_CACNA1H_LHX9",0.715852565741392
"_CCCATTGCAGAGGCAT-1","Glut-CACNA1H-RA","Ex_CACNA1H_LHX9",0.544416152284412
"_CCCATTGTCCCGAGTG-1","Glut-CACNA1H-1","Ex_CACNA1H_LHX9",0.85724102251919
"_CCCGGAAAGCGGTAAC-1","Glut-CACNA1H-RA","Ex_CACNA1H_LHX9",0.556112396632698
"_CCCGGAACAAGTCGTT-1","Glut-CACNA1H-RA","Ex_CACNA1H_LHX9",0.710488827549257
"_CCCGGAAGTTCGTGCG-1","Glut-CACNA1H-RA","Ex_CACNA1H_LHX9",0.684198518075317
"_CCCTCAACAAGCCATT-1","Glut-CACNA1H-4","Ex_CACNA1H_LHX9",1
"_CCCTCTCAGAGCAGAA-1","Glut-CACNA1H-2","Ex_CACNA1H_LHX9",0.452842241674087
"_CCCTCTCTCCTGTTGC-1","Glut-CACNA1H-1","Ex_CACNA1H_LHX9",0.93653019955804
"_CCCTTAGAGCTGACCC-1","Glut-CACNA1H-RA","Ex_CACNA1H_LHX9",0.577690782035675
"_CCCTTAGTCGGTCATA-1","Glut-CACNA1H-2","Ex_CACNA1H_LHX9",0.542704863407667
"_CCGATCTGTTTGGAGG-1","Glut-CACNA1H-RA","Ex_CACNA1H_LHX9",0.399393624960557
"_CCGATCTTCGGACAAG-1","Glut-CACNA1H-1","Ex_CACNA1H_LHX9",0.630891094685151
"_CCGGACAAGGCTTAGG-1","Glut-CACNA1H-2","Ex_CACNA1H_LHX9",0.481390621390548
"_CCGGGTACAGGTCCGT-1","Glut-CACNA1H-RA","Ex_CACNA1H_LHX9",0.537911044825544
"_CCGGGTAGTGCCCACA-1","Glut-CACNA1H-RA","Ex_CACNA1H_LHX9",0.523357490902315
"_CCGGTAGAGCAGTCTT-1","Glut-CACNA1H-1","Ex_CACNA1H_LHX9",0.962662192701606
"_CCGGTGAAGATGATTG-1","Glut-CACNA1H-RA","Ex_CACNA1H_LHX9",0.385725809381952
"_CCGTAGGCACTGGCGT-1","Glut-CACNA1H-4","Ex_DACH2_SLIT2",0.72295396414011
"_CCGTGAGGTTCTCCCA-1","Glut-CACNA1H-1","Ex_CACNA1H_LHX9",0.898043907036561
"_CCGTGAGTCGAATCCA-1","Glut-CACNA1H-1","Ex_CACNA1H_LHX9",0.674417889042153
"_CCTAACCCAGGTAGTG-1","Glut-CACNA1H-RA","Ex_CACNA1H_LHX9",0.523816256501104
"_CCTAACCTCTACAGGT-1","Glut-CACNA1H-RA","Ex_CACNA1H_LHX9",0.618979617194596
"_CCTACGTAGCAGAAAG-1","Glut-DACH2-4","Ex_DACH2_ITGA9",0.580200323198698
"_CCTACGTGTGACCGTC-1","Glut-CACNA1H-1","Ex_CACNA1H_LHX9",0.847286186041125
"_CCTCAACCAAACTCGT-1","Glut-CACNA1H-RA","Ex_CACNA1H_LHX9",0.601125516003813
"_CCTCACAAGCCTGGAA-1","Glut-CACNA1H-1","Ex_CACNA1H_LHX9",0.896131041879383
"_CCTCACATCGTCGGGT-1","Glut-CACNA1H-RA","Ex_CACNA1H_LHX9",0.677495654650896
"_CCTCAGTAGCAAGGAA-1","Glut-CACNA1H-RA","Ex_CACNA1H_LHX9",0.519153383616583
"_CCTCAGTCAAGTGACG-1","Glut-CACNA1H-RA","Ex_CACNA1H_LHX9",0.718157043152423
"_CCTCAGTCAGTCAACT-1","Glut-CACNA1H-RA","Ex_CACNA1H_LHX9",0.583993953221804
"_CCTCATGAGCCTCAGC-1","Glut-CACNA1H-2","Ex_CACNA1H_LHX9",0.91416101105367
"_CCTCATGCAGAATTCC-1","Glut-CACNA1H-RA","Ex_CACNA1H_LHX9",0.573593715661294
"_CCTCATGTCGTGTTCC-1","Glut-CACNA1H-RA","Ex_CACNA1H_LHX9",0.68479418427531
"_CCTCATGTCTAGTGTG-1","Glut-CACNA1H-2","Ex_CACNA1H_LHX9",0.719766945215247
"_CCTCCAAAGAGGACTC-1","Glut-CACNA1H-RA","Ex_CACNA1H_LHX9",0.607735881590015
"_CCTCTAGCAGGCTTGC-1","Glut-CACNA1H-2","Ex_CACNA1H_LHX9",0.663163085804294
"_CCTCTCCAGCGGATCA-1","Glut-CACNA1H-4","Ex_DACH2_SLIT2",0.863304240732063
"_CCTCTCCCATGGACAG-1","Glut-CACNA1H-RA","Ex_CACNA1H_LHX9",0.709717252341937
"_CCTCTCCGTTGTGTAC-1","Glut-CACNA1H-RA","Ex_CACNA1H_LHX9",0.670880353401114
"_CCTGCATAGGATATAC-1","Glut-CACNA1H-RA","Ex_CACNA1H_LHX9",0.4719420541565
"_CCTGCATTCCATCAGA-1","Glut-CACNA1H-4","Ex_DACH2_SLIT2",0.590438925639776
"_CCTGCATTCTCGACCT-1","Glut-CACNA1H-RA","Ex_CACNA1H_LHX9",0.704725929575214
"_CCTTCAGAGCAGATAT-1","Glut-CACNA1H-4","Ex_DACH2_SLIT2",0.681957716691906
"_CCTTCAGGTCATACCA-1","Glut-CACNA1H-RA","Ex_CACNA1H_LHX9",0.625691230717477
"_CCTTGTGCAGCTACCG-1","Glut-CACNA1H-1","Ex_CACNA1H_LHX9",0.810124244815706
"_CGAAGGAGTATCACGT-1","Glut-CACNA1H-1","Ex_CACNA1H_LHX9",0.984034799068108
"_CGAAGGATCTAAGCGT-1","Glut-CACNA1H-RA","Ex_CACNA1H_LHX9",0.677524232445075
"_CGAAGTTCAGCGCGTT-1","Glut-CACNA1H-RA","Ex_CACNA1H_LHX9",0.593548218807074
"_CGAATTGCAAAGTGTA-1","Glut-CACNA1H-2","Ex_CACNA1H_LHX9",0.721635981140836
"_CGAATTGCACGACGAA-1","Glut-CACNA1H-2","Ex_CACNA1H_LHX9",0.905053013251006
"_CGACAGCGTCGAGATG-1","Glut-CACNA1H-RA","Ex_CACNA1H_LHX9",0.524408321536974
"_CGAGAAGAGTGCCCGT-1","Glut-CACNA1H-RA","Ex_CACNA1H_LHX9",0.58342175240653
"_CGAGAAGGTTTAGACC-1","Glut-CACNA1H-RA","Ex_CACNA1H_LHX9",0.564896635704571
"_CGAGGAAAGGCATCTT-1","Glut-CACNA1H-2","Ex_CACNA1H_LHX9",0.800712149870846
"_CGAGGCTAGCCATGCC-1","Glut-CACNA1H-RA","Ex_CACNA1H_LHX9",0.61494313166269
"_CGAGGCTCACGGCGTT-1","Glut-CACNA1H-4","Ex_CACNA1H_LHX9",0.794227699601711
"_CGAGTGCAGGCCTGCT-1","Glut-CACNA1H-RA","Ex_CACNA1H_LHX9",0.617822584881015
"_CGAGTTATCCGATAAC-1","Glut-CACNA1H-RA","Ex_CACNA1H_LHX9",0.645982057281959
"_CGATCGGGTCCAGAAG-1","Glut-CACNA1H-2","Ex_CACNA1H_LHX9",0.936570769677983
"_CGATGCGAGTAAGACT-1","Glut-DACH2-1","Ex_DACH2_MGAT4C",0.686225570431742
"_CGATGCGCATCCCACT-1","Glut-CACNA1H-1","Ex_CACNA1H_LHX9",0.942969547184604
"_CGCAGGTAGAGTAACT-1","Glut-CACNA1H-1","Ex_CACNA1H_LHX9",0.414340426568194
"_CGCATAAAGCTTCTAG-1","Glut-CACNA1H-RA","Ex_CACNA1H_LHX9",0.749021965351876
"_CGCCAGAAGTAAGGGA-1","Glut-CACNA1H-RA","Ex_TSHZ2_NR4A2",0.432277585362555
"_CGCCAGATCCGATAAC-1","Glut-CACNA1H-2","Ex_CACNA1H_LHX9",0.435596522927175
"_CGGAGAACAGCAATTC-1","Glut-CACNA1H-2","Ex_CACNA1H_LHX9",0.94068026221489
"_CGGCAGTCAAGTCCCG-1","Glut-CACNA1H-RA","Ex_CACNA1H_LHX9",0.749020172597966
"_CGGGACTGTCGTCGGT-1","Glut-CACNA1H-RA","Ex_CACNA1H_LHX9",0.70702126838494
"_CGGGACTTCGCATAGT-1","Glut-CACNA1H-2","Ex_CACNA1H_LHX9",0.898381497356862
"_CGGGACTTCGCTGATA-1","Glut-CACNA1H-RA","Ex_CACNA1H_LHX9",0.54879916656246
"_CGGGCATCATATCTGG-1","Glut-CACNA1H-RA","Ex_CACNA1H_LHX9",0.569271399164474
"_CGGGTGTAGAGCGACT-1","Glut-CACNA1H-RA","Ex_CACNA1H_LHX9",0.388049574720465
"_CGGTCAGGTATCGTTG-1","Glut-CACNA1H-RA","Ex_CACNA1H_LHX9",0.490885855162647
"_CGGTCAGTCTGGACCG-1","Glut-CACNA1H-RA","Ex_CACNA1H_LHX9",0.644120488154196
"_CGTAAGTCAGTCCCGA-1","Glut-CACNA1H-RA","Ex_CACNA1H_LHX9",0.636235185396597
"_CGTAATGCAATTGTGC-1","Glut-CACNA1H-2","Ex_DACH2_NR4A3",0.616930809413552
"_CGTAGTAGTCCAGTTA-1","Glut-CACNA1H-1","Ex_CACNA1H_LHX9",0.855260808765872
"_CGTAGTATCGACCAAT-1","Glut-CACNA1H-RA","Ex_CACNA1H_LHX9",0.554928680716089
"_CGTCCATGTGCACATT-1","Glut-CACNA1H-RA","Ex_CACNA1H_LHX9",0.771566450878767
"_CGTGAATAGGACTTCT-1","Glut-CACNA1H-RA","Ex_CACNA1H_LHX9",0.646691167084957
"_CGTGAATTCGTGTGAT-1","Glut-CACNA1H-1","Ex_CACNA1H_LHX9",0.67833667589135
"_CGTGATAAGACATATG-1","Glut-CACNA1H-1","Ex_CACNA1H_LHX9",0.948176620881116
"_CGTGATAGTACACTCA-1","Glut-CACNA1H-RA","Ex_CACNA1H_LHX9",0.703634938803918
"_CGTGATAGTCTTGAAC-1","Glut-CACNA1H-RA","Ex_CACNA1H_LHX9",0.748212896566911
"_CGTGCTTCAGGGCTTC-1","Glut-CACNA1H-RA","Ex_CACNA1H_LHX9",0.541910239585114
"_CGTGCTTGTACTCGTA-1","Glut-CACNA1H-RA","Ex_CACNA1H_LHX9",0.843232660329705
"_CGTGCTTGTGAAAGTT-1","Glut-CACNA1H-RA","Ex_CACNA1H_LHX9",0.553149445580438
"_CGTGCTTGTTCACGAT-1","Glut-CACNA1H-4","Ex_DACH2_SLIT2",0.841462204989587
"_CGTGCTTTCACTCCGT-1","Glut-CACNA1H-RA","Ex_CACNA1H_LHX9",0.590900813211993
"_CGTGCTTTCCATCCGT-1","Glut-CACNA1H-RA","Ex_CACNA1H_LHX9",0.722251418559195
"_CGTTGGGCATCGCTCT-1","Glut-CACNA1H-2","Ex_CACNA1H_LHX9",0.857543161683333
"_CTAACTTAGTTGAAGT-1","Glut-CACNA1H-RA","Ex_CACNA1H_LHX9",0.521896612164804
"_CTAACTTCAAGTTTGC-1","Glut-CACNA1H-RA","Ex_CACNA1H_LHX9",0.616279301185091
"_CTAACTTGTCGAGTTT-1","Glut-CACNA1H-RA","Ex_CACNA1H_LHX9",0.508823729587231
"_CTAAGTGTCCCTTGTG-1","Glut-CACNA1H-RA","Ex_CACNA1H_LHX9",0.53072216039258
"_CTACCCAAGCCGTCGT-1","Glut-CACNA1H-RA","Ex_CACNA1H_LHX9",0.661951822620007
"_CTACGGGTCCATTCAT-1","Glut-CACNA1H-RA","Ex_CACNA1H_LHX9",0.672035607577573
"_CTACTATCAAGCTGCC-1","Glut-CACNA1H-2","Ex_CACNA1H_LHX9",0.4647111534149
"_CTACTATTCAAACCTG-1","Glut-CACNA1H-RA","Ex_CACNA1H_LHX9",0.525438153116875
"_CTACTATTCTTCCACG-1","Glut-CACNA1H-RA","Ex_CACNA1H_LHX9",0.557088480354482
"_CTAGGTATCTGTCAGA-1","Glut-CACNA1H-RA","Ex_CACNA1H_LHX9",0.744385554233071
"_CTATAGGGTCATACCA-1","Glut-CACNA1H-RA","Ex_CACNA1H_LHX9",0.556377720401513
"_CTATAGGTCTGCATAG-1","Glut-CACNA1H-RA","Ex_CACNA1H_LHX9",0.54936172852273
"_CTATCCGCAAGCTGCC-1","Glut-CACNA1H-RA","Ex_CACNA1H_LHX9",0.457991261991379
"_CTATCCGGTATGCTAC-1","Glut-CACNA1H-RA","Ex_CACNA1H_LHX9",0.656619323535595
"_CTCAACCTCCGCTAGG-1","Glut-CACNA1H-RA","Ex_CACNA1H_LHX9",0.532041325940102
"_CTCAACCTCTCTCGAC-1","Glut-CACNA1H-RA","Ex_CACNA1H_LHX9",0.484413604697208
"_CTCAATTCAGTTGGTT-1","Glut-CACNA1H-4","Ex_DACH2_SLIT2",0.791196110750223
"_CTCAATTGTCCGGCAT-1","Glut-CACNA1H-RA","Ex_CACNA1H_LHX9",0.625806146550368
"_CTCAATTTCTGCGTCT-1","Glut-CACNA1H-RA","Ex_CACNA1H_LHX9",0.504593872910075
"_CTCAGGGCACTTTATC-1","Glut-CACNA1H-RA","Ex_CACNA1H_LHX9",0.701853886698341
"_CTCAGGGGTTTATGCG-1","Glut-CACNA1H-3","Ex_CACNA1H_LHX9",0.927258052888679
"_CTCAGGGTCCATAGAC-1","Glut-CACNA1H-4","Ex_DACH2_SLIT2",0.60293216917145
"_CTCAGTCGTCTCAGAT-1","Glut-CACNA1H-1","Ex_CACNA1H_LHX9",0.861396255408196
"_CTCAGTCGTGGCACTC-1","Glut-CACNA1H-4","Ex_DACH2_SLIT2",0.70364124626189
"_CTCATCGCACGCCAGT-1","Glut-CACNA1H-1","Ex_CACNA1H_LHX9",0.627269098729072
"_CTCATGCAGGACAGCT-1","Glut-CACNA1H-RA","Ex_CACNA1H_LHX9",0.363284333484335
"_CTCATGCCAAAGCTCT-1","Glut-CACNA1H-1","Ex_CACNA1H_LHX9",0.813859915046201
"_CTCATGCGTTAGAAAC-1","Glut-CACNA1H-RA","Ex_CACNA1H_LHX9",0.738606744140288
"_CTCATGCTCCATTTCA-1","Glut-CACNA1H-RA","Ex_CACNA1H_LHX9",0.759623403502677
"_CTCATGCTCCCGATCT-1","Glut-CACNA1H-RA","Ex_CACNA1H_LHX9",0.675554893530694
"_CTCATTACAGTCGCTG-1","Glut-CACNA1H-RA","Ex_CACNA1H_LHX9",0.522207440634784
"_CTCATTACATGACTCA-1","Glut-CACNA1H-RA","Ex_CACNA1H_LHX9",0.698937530999292
"_CTCCAACGTCTTACAG-1","Glut-CACNA1H-4","Ex_CACNA1H_LHX9",0.530491339617189
"_CTCCACAGTTGCTCGG-1","Glut-CACNA1H-RA","Ex_CACNA1H_LHX9",0.678712806807681
"_CTCCACAGTTGGTACT-1","Glut-CACNA1H-RA","Ex_CACNA1H_LHX9",0.443467274900314
"_CTCCATGCACAAATGA-1","Glut-CACNA1H-2","Ex_CACNA1H_LHX9",0.860610836147781
"_CTCCCTCCATATCTCT-1","Glut-CACNA1H-RA","Ex_CACNA1H_LHX9",0.54672612188277
"_CTCCCTCTCGTCCTCA-1","Glut-CACNA1H-4","Ex_DACH2_SLIT2",0.539777234941173
"_CTCCTCCAGAACTGAT-1","Glut-CACNA1H-4","Ex_DACH2_SLIT2",0.828343222279259
"_CTCCTTTGTGAATAAC-1","Glut-CACNA1H-RA","Ex_CACNA1H_LHX9",0.553097904842842
"_CTCGAGGCACTGAGTT-1","Glut-CACNA1H-1","Ex_CACNA1H_LHX9",0.813390569290086
"_CTCTGGTCACTGCGAC-1","Glut-CACNA1H-2","Ex_CACNA1H_LHX9",0.932589161271488
"_CTGAATGTCATCACAG-1","Glut-CACNA1H-1","Ex_CACNA1H_LHX9",0.974292634137227
"_CTGAGCGAGTTACGTC-1","Glut-CACNA1H-RA","Ex_CACNA1H_LHX9",0.671215043525652
"_CTGAGGCCAGTCGTTA-1","Glut-CACNA1H-RA","Ex_CACNA1H_LHX9",0.588923456582228
"_CTGAGGCTCACCTTAT-1","Glut-CACNA1H-RA","Ex_CACNA1H_LHX9",0.434831454642517
"_CTGATCCCATCTTAGG-1","Glut-CACNA1H-RA","Ex_CACNA1H_LHX9",0.535986601787265
"_CTGCAGGCAGAGGCAT-1","Glut-CACNA1H-RA","Ex_CACNA1H_LHX9",0.494713777430156
"_CTGCAGGGTACTGCGC-1","Glut-CACNA1H-2","Ex_CACNA1H_LHX9",0.601704555286816
"_CTGCCATAGTCATGCT-1","Glut-CACNA1H-RA","Ex_CACNA1H_LHX9",0.617112997116016
"_CTGCCTATCCAGTACA-1","Glut-CACNA1H-RA","Ex_CACNA1H_LHX9",0.910757926925335
"_CTGCGAGTCACTGTCC-1","Glut-CACNA1H-RA","Ex_CACNA1H_LHX9",0.802400563252204
"_CTGCTCAAGAATCCCT-1","Glut-CACNA1H-RA","Ex_CACNA1H_LHX9",0.575083104402563
"_CTGCTCAGTTCTCACC-1","Glut-CACNA1H-2","Ex_CACNA1H_LHX9",0.761050821124411
"_CTGCTCATCACGAACT-1","Glut-CACNA1H-4","Ex_DACH2_SLIT2",0.724755030387384
"_CTGGACGCATACTTTC-1","Glut-CACNA1H-RA","Ex_CACNA1H_LHX9",0.638416769848949
"_CTGGACGGTAGCTCGC-1","Glut-CACNA1H-RA","Ex_CACNA1H_LHX9",0.530863101641403
"_CTGGACGGTGACTGAG-1","Glut-CACNA1H-1","Ex_CACNA1H_LHX9",0.608753819308346
"_CTGGCAGAGAGTTCGG-1","Glut-CACNA1H-RA","Ex_CACNA1H_LHX9",0.518575998582212
"_CTGGTCTTCTGTGCAA-1","Glut-DACH2-3","Ex_DACH2_SLIT2",0.870966587923841
"_CTGTACCTCAGTGCGC-1","Glut-CACNA1H-RA","Ex_CACNA1H_LHX9",0.747296479462064
"_CTGTAGACAACATCGT-1","Glut-CACNA1H-RA","Ex_CACNA1H_LHX9",0.805487047907439
"_CTGTAGACAAGTCCAT-1","Glut-CACNA1H-RA","Ex_CACNA1H_LHX9",0.525057988135906
"_CTGTATTAGTCCGTCG-1","Glut-CACNA1H-RA","Ex_CACNA1H_LHX9",0.715596178836136
"_CTGTATTCATAGGAGC-1","Glut-CACNA1H-RA","Ex_CACNA1H_LHX9",0.469904875750681
"_CTGTCGTCAATCTCGA-1","Glut-CACNA1H-1","Ex_CACNA1H_LHX9",0.571130421162049
"_CTGTCGTTCGAGTACT-1","Glut-CACNA1H-RA","Ex_CACNA1H_LHX9",0.64642969694919
"_CTTAGGAAGGTCGCCT-1","Glut-CACNA1H-4","Ex_DACH2_SLIT2",0.825106985784571
"_CTTAGGACAGCGCTTG-1","Glut-CACNA1H-RA","Ex_CACNA1H_LHX9",0.595792120528479
"_CTTAGGATCTAACGCA-1","Glut-CACNA1H-1","Ex_CACNA1H_LHX9",0.881539629807198
"_CTTCAATAGGATGAGA-1","Glut-CACNA1H-RA","Ex_CACNA1H_LHX9",0.576819342983516
"_CTTCCTTTCTGCGGAC-1","Glut-CACNA1H-RA","Ex_CACNA1H_LHX9",0.703036707504516
"_CTTCTAAAGGTGCCAA-1","Glut-CACNA1H-RA","Ex_CACNA1H_LHX9",0.619343689167911
"_CTTGATTAGATGAATC-1","Glut-CACNA1H-RA","Ex_CACNA1H_LHX9",0.772005500144462
"_CTTGATTGTGTGTCCG-1","Glut-CACNA1H-1","Ex_CACNA1H_LHX9",0.917596327444455
"_CTTTCAAGTGAGGATC-1","Glut-CACNA1H-4","Ex_DACH2_SLIT2",0.782728694910695
"_CTTTCAATCTCAACCC-1","Glut-CACNA1H-RA","Ex_CACNA1H_LHX9",0.708791854400806
"_CTTTCAATCTGCTAGA-1","Glut-CACNA1H-RA","Ex_CACNA1H_LHX9",0.785942431482011
"_CTTTCGGAGGCCACCT-1","Glut-CACNA1H-RA","Ex_CACNA1H_LHX9",0.675365426407278
"_GAAACCTGTCTGTGGC-1","Glut-CACNA1H-RA","Ex_CACNA1H_LHX9",0.409534630339456
"_GAAACCTTCTGCTAGA-1","Glut-CACNA1H-RA","Ex_CACNA1H_LHX9",0.712068004833932
"_GAAATGAAGTTACGAA-1","Glut-CACNA1H-RA","Ex_CACNA1H_LHX9",0.66644111140812
"_GAAATGATCCGCTGTT-1","Glut-CACNA1H-3","Ex_CACNA1H_LHX9",0.952632015137744
"_GAACACTGTGCTCTCT-1","Glut-CACNA1H-RA","Ex_CACNA1H_LHX9",0.724928188336286
"_GAAGAATTCAAAGAAC-1","Glut-CACNA1H-RA","Ex_CACNA1H_LHX9",0.520657694724697
"_GAAGAATTCCCATTTA-1","Glut-CACNA1H-1","Ex_CACNA1H_LHX9",0.905389283942496
"_GAAGCCCGTGCCTTTC-1","Glut-CACNA1H-RA","Ex_CACNA1H_LHX9",0.630041683652067
"_GAAGGACCACCTTCGT-1","Glut-CACNA1H-RA","Ex_CACNA1H_LHX9",0.603083051776449
"_GAAGGACGTCGAATGG-1","Glut-CACNA1H-1","Ex_CACNA1H_LHX9",0.923461438629541
"_GAAGGACGTGGCCCAT-1","Glut-CACNA1H-1","Ex_CACNA1H_LHX9",0.852884399266894
"_GAAGGACTCAACGAGG-1","Glut-CACNA1H-RA","Ex_CACNA1H_LHX9",0.524917363975366
"_GAAGGGTAGGTGCTTT-1","Glut-CACNA1H-RA","Ex_CACNA1H_LHX9",0.433429803182567
"_GAAGGGTCACGTCATA-1","Glut-CACNA1H-1","Ex_TSHZ2_NR4A2",0.509393789711836
"_GAATAGAAGATACGAT-1","Glut-CACNA1H-2","Ex_CACNA1H_LHX9",0.606856322777079
"_GAATAGAAGGATATGT-1","Glut-CACNA1H-RA","Ex_CACNA1H_LHX9",0.541956419487863
"_GAATAGAAGTCGCTAT-1","Glut-CACNA1H-RA","Ex_CACNA1H_LHX9",0.595074301590628
"_GAATAGAAGTCGTTAC-1","Glut-CACNA1H-RA","Ex_CACNA1H_LHX9",0.579753727361734
"_GAATCACAGGGCTTCC-1","Glut-CACNA1H-2","Ex_CACNA1H_LHX9",0.798407694773038
"_GAATCACTCCATTTCA-1","Glut-CACNA1H-RA","Ex_CACNA1H_LHX9",0.728097736213914
"_GAATCACTCGACTCCT-1","Glut-CACNA1H-RA","Ex_CACNA1H_LHX9",0.606405785354171
"_GACACGCAGATACGAT-1","Glut-CACNA1H-RA","Ex_CACNA1H_LHX9",0.632291495274031
"_GACACGCAGGCACTCC-1","Glut-CACNA1H-RA","Ex_CACNA1H_LHX9",0.674100835015694
"_GACACGCAGTTGCGCC-1","Glut-CACNA1H-1","Ex_CACNA1H_LHX9",0.861395488563675
"_GACAGCCCAAGTAGTA-1","Glut-CACNA1H-RA","Ex_CACNA1H_LHX9",0.536013011332374
"_GACAGCCTCGATGCTA-1","Glut-CACNA1H-RA","Ex_CACNA1H_LHX9",0.587465483146992
"_GACCAATCAAGGCTTT-1","Glut-CACNA1H-2","Ex_CACNA1H_LHX9",0.941915680388291
"_GACCGTGAGAGCAACC-1","Glut-CACNA1H-RA","Ex_CACNA1H_LHX9",0.749145641180827
"_GACCGTGAGGCAGGGA-1","Glut-CACNA1H-2","Ex_CACNA1H_LHX9",0.893425976672163
"_GACCGTGGTGCCAAGA-1","Glut-CACNA1H-RA","Ex_CACNA1H_LHX9",0.800214154114514
"_GACGCTGCAAAGTGTA-1","Glut-CACNA1H-RA","Ex_CACNA1H_LHX9",0.551750444947003
"_GACGCTGGTCTGTGAT-1","Glut-CACNA1H-2","Ex_CACNA1H_LHX9",0.946080786743462
"_GACGCTGGTTAAACAG-1","Glut-CACNA1H-RA","Ex_CACNA1H_LHX9",0.686034448935713
"_GACTATGCACTTGTCC-1","Glut-CACNA1H-RA","Ex_CACNA1H_LHX9",0.707670803770207
"_GACTATGTCTATCGCC-1","Glut-CACNA1H-RA","Ex_CACNA1H_LHX9",0.524009226820268
"_GACTCAATCTTAGCCC-1","Glut-CACNA1H-RA","Ex_CACNA1H_LHX9",0.743956578715298
"_GACTCTCGTCGTATGT-1","Glut-CACNA1H-RA","Ex_CACNA1H_LHX9",0.754350375670884
"_GACTTCCAGGATCACG-1","Glut-CACNA1H-RA","Ex_CACNA1H_LHX9",0.67483309444187
"_GACTTCCCATGGCTAT-1","Glut-CACNA1H-RA","Ex_CACNA1H_LHX9",0.573833706427115
"_GAGACCCAGCCTCGTG-1","Glut-CACNA1H-RA","Ex_CACNA1H_LHX9",0.669325802778507
"_GAGACCCGTCCCTGAG-1","Glut-CACNA1H-RA","Ex_CACNA1H_LHX9",0.578191329130796
"_GAGACTTGTTTACGAC-1","Glut-CACNA1H-RA","Ex_CACNA1H_LHX9",0.580016592477209
"_GAGACTTTCCACATAG-1","Glut-CACNA1H-RA","Ex_CACNA1H_LHX9",0.658213945737249
"_GAGAGGTGTTACCCTC-1","Glut-CACNA1H-1","Ex_CACNA1H_LHX9",0.85968985042895
"_GAGATGGGTATCGGTT-1","Glut-CACNA1H-1","Ex_CACNA1H_LHX9",0.946930349927345
"_GAGCCTGAGCCGATCC-1","Glut-CACNA1H-RA","Ex_CACNA1H_LHX9",0.741923131146888
"_GAGCCTGAGTGCAACG-1","Glut-CACNA1H-RA","Ex_CACNA1H_LHX9",0.711278688837699
"_GAGGCAATCGGCTTGG-1","Glut-CACNA1H-1","Ex_CACNA1H_LHX9",0.744365206170636
"_GAGGGTACAGCTCTGG-1","Glut-CACNA1H-4","Ex_DACH2_SLIT2",0.873277334369393
"_GAGGGTATCTTGGTCC-1","Glut-CACNA1H-RA","Ex_CACNA1H_LHX9",0.596648332136874
"_GAGTCTACAGCTTTGA-1","Glut-CACNA1H-RA","Ex_CACNA1H_LHX9",0.615145393341415
"_GAGTGAGAGAAATGGG-1","Glut-CACNA1H-RA","Ex_CACNA1H_LHX9",0.591006879637037
"_GAGTGAGTCGACGAGA-1","Glut-CACNA1H-RA","Ex_CACNA1H_LHX9",0.501041717590515
"_GAGTGTTGTCCTCCAT-1","Glut-CACNA1H-4","Ex_DACH2_SLIT2",0.859221071413273
"_GAGTTACAGCATCCCG-1","Glut-CACNA1H-RA","Ex_CACNA1H_LHX9",0.605632504474271
"_GAGTTACCAGGTGTTT-1","Glut-CACNA1H-RA","Ex_CACNA1H_LHX9",0.504840371478458
"_GAGTTACGTACGTAGG-1","Glut-CACNA1H-1","Ex_DACH2_NR4A3",0.791955507172747
"_GAGTTACGTCGTTGGC-1","Glut-CACNA1H-RA","Ex_CACNA1H_LHX9",0.54811212422585
"_GAGTTGTCAACGCCCA-1","Glut-CACNA1H-RA","Ex_CACNA1H_LHX9",0.526310357855455
"_GATAGCTCAAATACGA-1","Glut-CACNA1H-RA","Ex_CACNA1H_LHX9",0.604000510715592
"_GATAGCTTCCACTAGA-1","Glut-CACNA1H-1","Ex_CACNA1H_LHX9",0.594250045513961
"_GATCATGCATTGAAAG-1","Glut-CACNA1H-3","Ex_CACNA1H_LHX9",0.76567338314938
"_GATCATGTCCGTTTCG-1","Glut-CACNA1H-3","Ex_CACNA1H_LHX9",0.824527492691804
"_GATCCCTCAATCCTTT-1","Glut-CACNA1H-4","Ex_DACH2_SLIT2",0.74088998439439
"_GATCCCTCACCTGCGA-1","Glut-CACNA1H-1","Ex_CACNA1H_LHX9",0.937806131616363
"_GATCGTACAGACAAAT-1","Glut-CACNA1H-RA","Ex_CACNA1H_LHX9",0.6666749515756
"_GATCGTACATGGCTAT-1","Glut-CACNA1H-1","Ex_CACNA1H_LHX9",0.961605041526966
"_GATGACTCACACACGC-1","Glut-CACNA1H-RA","Ex_CACNA1H_LHX9",0.71174315796618
"_GATGCTAAGGTGCTAG-1","Glut-CACNA1H-2","Ex_CACNA1H_LHX9",0.850215299211806
"_GATGCTAGTAGGTACG-1","Glut-CACNA1H-RA","Ex_CACNA1H_LHX9",0.423041576476066
"_GATGCTATCTTGATTC-1","Glut-CACNA1H-4","Ex_DACH2_SLIT2",0.793508772919109
"_GATGGAGCATATTCGG-1","Glut-CACNA1H-1","Ex_CACNA1H_LHX9",0.947581768878762
"_GATGGAGGTGTTCGTA-1","Glut-CACNA1H-RA","Ex_CACNA1H_LHX9",0.55586360910563
"_GATGGAGTCGTAACAC-1","Glut-DACH2-1","Ex_DACH2_MGAT4C",0.306640775050741
"_GATTCGACACGCTGCA-1","Glut-CACNA1H-RA","Ex_CACNA1H_LHX9",0.730813313874709
"_GATTCTTAGTAGAGTT-1","Glut-CACNA1H-RA","Ex_CACNA1H_LHX9",0.774569992941877
"_GATTGGTCAGATTCGT-1","Glut-CACNA1H-RA","Ex_CACNA1H_LHX9",0.617133782216741
"_GATTGGTTCCAGCCTT-1","Glut-CACNA1H-RA","Ex_CACNA1H_LHX9",0.549346851857172
"_GATTTCTCAGTAGGAC-1","Glut-CACNA1H-3","Ex_CACNA1H_LHX9",0.526384966664433
"_GCAACCGCACCAGTTA-1","Glut-CACNA1H-RA","Ex_CACNA1H_LHX9",0.714080112711842
"_GCAACCGCATTCGGGC-1","Glut-CACNA1H-1","Ex_CACNA1H_LHX9",0.839116724966134
"_GCAACCGTCGAGTGAG-1","Glut-CACNA1H-RA","Ex_CACNA1H_LHX9",0.705894949265918
"_GCAACCGTCTGACGCG-1","Glut-CACNA1H-RA","Ex_CACNA1H_LHX9",0.497838638145827
"_GCACATACAACCGTGC-1","Glut-CACNA1H-RA","Ex_CACNA1H_LHX9",0.717007140031498
"_GCACGGTAGTGATAAC-1","Glut-CACNA1H-RA","Ex_CACNA1H_LHX9",0.590331827276247
"_GCACGGTTCAGGAAGC-1","Glut-CACNA1H-RA","Ex_CACNA1H_LHX9",0.52098745661333
"_GCACGTGCACGGGCTT-1","Glut-CACNA1H-RA","Ex_CACNA1H_LHX9",0.541587058578917
"_GCACGTGCATTGGCAT-1","Glut-CACNA1H-RA","Ex_CACNA1H_LHX9",0.521943205812302
"_GCACGTGGTACTGGGA-1","Glut-CACNA1H-RA","Ex_CACNA1H_LHX9",0.418872483255487
"_GCACTAAAGGACTAAT-1","Glut-CACNA1H-RA","Ex_CACNA1H_LHX9",0.533634791741588
"_GCAGCCACAACTGATC-1","Glut-CACNA1H-1","Ex_CACNA1H_LHX9",0.935208878096315
"_GCAGCCATCACTACGA-1","Glut-CACNA1H-RA","Ex_CACNA1H_LHX9",0.678354113006484
"_GCAGCTGGTCAGCGTC-1","Glut-CACNA1H-RA","Ex_CACNA1H_LHX9",0.664447187398469
"_GCAGGCTGTTTCGATG-1","Glut-CACNA1H-RA","Ex_CACNA1H_LHX9",0.759885974210475
"_GCAGGCTTCCAACCGG-1","Glut-CACNA1H-2","Ex_CACNA1H_LHX9",0.903811495493846
"_GCATCGGTCATTACGG-1","Glut-CACNA1H-1","Ex_CACNA1H_LHX9",0.968567832116768
"_GCATCTCGTCTCGGGT-1","Glut-DACH2-HVCra-Pre","Ex_DACH2_ITGA9",0.370358410228914
"_GCATGATCACAGTACT-1","Glut-CACNA1H-RA","Ex_CACNA1H_LHX9",0.489331412787028
"_GCATGATCATCCGTGG-1","Glut-CACNA1H-RA","Ex_CACNA1H_LHX9",0.601953327572673
"_GCATGATGTAGATTAG-1","Glut-CACNA1H-1","Ex_CACNA1H_LHX9",0.843751898349533
"_GCATTAGGTCATGCAT-1","Glut-CACNA1H-RA","Ex_CACNA1H_LHX9",0.474350257302145
"_GCCAGCAAGGTGCATG-1","Glut-CACNA1H-RA","Ex_CACNA1H_LHX9",0.406859221995662
"_GCCAGCAGTGGAATGC-1","Glut-CACNA1H-RA","Ex_CACNA1H_LHX9",0.454098068618987
"_GCCAGGTGTAACATAG-1","Glut-CACNA1H-RA","Ex_CACNA1H_LHX9",0.792140063369129
"_GCCAGGTTCACACCGG-1","Glut-CACNA1H-RA","Ex_CACNA1H_LHX9",0.694279966887219
"_GCCATGGAGGTTACAA-1","Glut-CACNA1H-1","Ex_CACNA1H_LHX9",0.821949192943733
"_GCCATGGCACTTCATT-1","Glut-CACNA1H-RA","Ex_CACNA1H_LHX9",0.528511467325031
"_GCCATGGTCCTCTGCA-1","Glut-CACNA1H-4","Ex_DACH2_SLIT2",0.754186826352304
"_GCCATTCTCAGCTAGT-1","Glut-CACNA1H-2","Ex_CACNA1H_LHX9",0.401474145783495
"_GCCCAGACAAGCACCC-1","Glut-CACNA1H-4","Ex_CACNA1H_LHX9",0.542348247846982
"_GCCGATGAGTAACAGT-1","Glut-CACNA1H-1","Ex_CACNA1H_LHX9",0.641670621755249
"_GCCGATGCATCGGATT-1","Glut-CACNA1H-RA","Ex_CACNA1H_LHX9",0.87110427074004
"_GCCGATGGTGTCCGTG-1","Glut-CACNA1H-2","Ex_CACNA1H_LHX9",0.894479991064742
"_GCCGATGTCCTTACCG-1","Glut-CACNA1H-RA","Ex_CACNA1H_LHX9",0.653303047051732
"_GCCGATGTCTCATAGG-1","Glut-CACNA1H-RA","Ex_CACNA1H_LHX9",0.651146436140532
"_GCCTGTTCACGACGTC-1","Glut-CACNA1H-RA","Ex_CACNA1H_LHX9",0.627200690607575
"_GCGATCGAGGCGACAT-1","Glut-CACNA1H-1","Ex_CACNA1H_LHX9",0.857904544350233
"_GCGATCGCAATCGAAA-1","Glut-CACNA1H-2","Ex_CACNA1H_LHX9",0.873059805148284
"_GCGGAAAAGCAAGTGC-1","Glut-CACNA1H-RA","Ex_CACNA1H_LHX9",0.663856501013284
"_GCGGAAACAAATGAAC-1","Glut-CACNA1H-1","Ex_CACNA1H_LHX9",0.815140508362527
"_GCGGAAAGTACGTAGG-1","Glut-CACNA1H-RA","Ex_CACNA1H_LHX9",0.674585645732583
"_GCGGATCAGTGTACAA-1","Glut-CACNA1H-RA","Ex_CACNA1H_LHX9",0.635024259305854
"_GCGGATCCAGGTCAAG-1","Glut-CACNA1H-RA","Ex_CACNA1H_LHX9",0.90127707136226
"_GCGGATCTCATCCTGC-1","Glut-CACNA1H-RA","Ex_CACNA1H_LHX9",0.491307078809849
"_GCGTGCAGTACAATAG-1","Glut-CACNA1H-1","Ex_CACNA1H_LHX9",0.776341575200253
"_GCGTTTCTCGATACGT-1","Glut-CACNA1H-RA","Ex_CACNA1H_LHX9",0.532308112783701
"_GCTACAAAGACTGGGT-1","Glut-CACNA1H-RA","Ex_CACNA1H_LHX9",0.444083310947436
"_GCTACAAAGCTCGAAG-1","Glut-CACNA1H-1","Ex_CACNA1H_LHX9",0.963357379082947
"_GCTACAAGTATGAAAC-1","Glut-CACNA1H-RA","Ex_CACNA1H_LHX9",0.704955875167883
"_GCTACAATCCCGAGAC-1","Glut-CACNA1H-RA","Ex_CACNA1H_LHX9",0.487762424000158
"_GCTACCTGTGGGCTTC-1","Glut-CACNA1H-1","Ex_CACNA1H_LHX9",0.541279637506868
"_GCTACCTTCAAGTGGG-1","Glut-CACNA1H-RA","Ex_CACNA1H_LHX9",0.600496561331351
"_GCTGGGTAGATAGTGT-1","Glut-CACNA1H-2","Ex_CACNA1H_LHX9",0.464905601374539
"_GCTTGGGAGAGTGTGC-1","Glut-CACNA1H-RA","Ex_CACNA1H_LHX9",0.671011516047405
"_GCTTGGGCACATCATG-1","Glut-CACNA1H-RA","Ex_CACNA1H_LHX9",0.567342319128138
"_GCTTGGGTCCGGACTG-1","Glut-CACNA1H-RA","Ex_CACNA1H_LHX9",0.546728638696822
"_GCTTTCGTCCATAGGT-1","Glut-CACNA1H-RA","Ex_CACNA1H_LHX9",0.745286644541798
"_GGAAGTGTCACTCTTA-1","Glut-CACNA1H-RA","Ex_CACNA1H_LHX9",0.491244334047962
"_GGAAGTGTCTGTGCGG-1","Glut-CACNA1H-RA","Ex_CACNA1H_LHX9",0.531452109829255
"_GGAATCTAGAGGTTAT-1","Glut-CACNA1H-RA","Ex_CACNA1H_LHX9",0.583002783992895
"_GGAATGGGTTCCACAA-1","Glut-CACNA1H-3","Ex_BCL6",0.33014553036491
"_GGACGTCGTTGCCGAC-1","Glut-CACNA1H-RA","Ex_CACNA1H_LHX9",0.481872276074758
"_GGAGATGAGTAAACAC-1","Glut-CACNA1H-RA","Ex_CACNA1H_LHX9",0.48178402526012
"_GGAGATGGTCGCGTCA-1","Glut-CACNA1H-RA","Ex_CACNA1H_LHX9",0.580148454599944
"_GGAGCAAAGCGTCGAA-1","Glut-CACNA1H-1","Ex_CACNA1H_LHX9",0.99100438783651
"_GGAGCAACATGAATAG-1","Glut-CACNA1H-RA","Ex_CACNA1H_LHX9",0.642773721891752
"_GGAGGATCATGGAGAC-1","Glut-CACNA1H-RA","Ex_CACNA1H_LHX9",0.771729272191415
"_GGAGGTAAGGTAGCCA-1","Glut-CACNA1H-RA","Ex_CACNA1H_LHX9",0.582583925944681
"_GGAGGTATCGTGAGAG-1","Glut-CACNA1H-RA","Ex_CACNA1H_LHX9",0.626220403356722
"_GGATCTATCTGGAAGG-1","Glut-CACNA1H-RA","Ex_CACNA1H_LHX9",0.718331616778626
"_GGATGTTAGGCAGTCA-1","Glut-CACNA1H-RA","Ex_CACNA1H_LHX9",0.645829289537071
"_GGCACGTGTCTAACTG-1","Glut-CACNA1H-RA","Ex_CACNA1H_LHX9",0.666934509938153
"_GGCAGTCAGCAAGTGC-1","Glut-CACNA1H-RA","Ex_CACNA1H_LHX9",0.712518455451647
"_GGCAGTCAGTACCCTA-1","Glut-CACNA1H-RA","Ex_CACNA1H_LHX9",0.699268924801747
"_GGCGTCAAGAAACTCA-1","Glut-CACNA1H-RA","Ex_CACNA1H_LHX9",0.478611479352512
"_GGCGTCAAGCATCCTA-1","Glut-CACNA1H-2","Ex_CACNA1H_LHX9",0.846802943809812
"_GGCGTCAAGCGGGTAT-1","Glut-CACNA1H-RA","Ex_CACNA1H_LHX9",0.797275863439527
"_GGCGTCACAACAGAGC-1","Glut-CACNA1H-RA","Ex_CACNA1H_LHX9",0.531943382198883
"_GGCTGTGAGCCTTGAT-1","Glut-CACNA1H-1","Ex_CACNA1H_LHX9",0.687911708393634
"_GGCTGTGCAGTGGGTA-1","Glut-CACNA1H-2","Ex_CACNA1H_LHX9",0.830239347780489
"_GGCTGTGTCGCTCCTA-1","Glut-CACNA1H-RA","Ex_CACNA1H_LHX9",0.4583026124588
"_GGCTTGGAGACACACG-1","Glut-CACNA1H-RA","Ex_CACNA1H_LHX9",0.743188231262734
"_GGCTTGGCAGGTGTTT-1","Glut-CACNA1H-2","Ex_CACNA1H_LHX9",0.94405649725377
"_GGCTTTCGTCGGCACT-1","Glut-CACNA1H-2","Ex_CACNA1H_LHX9",0.915094580315241
"_GGGAAGTAGGTTGCCC-1","Glut-DACH2-2","Ex_DACH2_MGAT4C",0.333269631048375
"_GGGACAATCTAGGCCG-1","Glut-CACNA1H-2","Ex_CACNA1H_LHX9",0.836839251616149
"_GGGACCTCAAGGTCTT-1","Glut-CACNA1H-RA","Ex_CACNA1H_LHX9",0.385352156359644
"_GGGACCTCATTATGCG-1","Glut-CACNA1H-RA","Ex_CACNA1H_LHX9",0.523688854382808
"_GGGACCTGTTCTATCT-1","Glut-CACNA1H-RA","Ex_CACNA1H_LHX9",0.597475662165686
"_GGGACTCTCACGGAGA-1","Glut-CACNA1H-RA","Ex_CACNA1H_LHX9",0.646521287117219
"_GGGAGATAGTTTGGCT-1","Glut-CACNA1H-3","Ex_CACNA1H_LHX9",0.890214920593592
"_GGGAGATGTATGGAGC-1","Glut-CACNA1H-3","Ex_CACNA1H_LHX9",0.909489457631722
"_GGGAGTACATTGTAGC-1","Glut-CACNA1H-RA","Ex_CACNA1H_LHX9",0.618920602975398
"_GGGATCCTCCACGGAC-1","Glut-CACNA1H-1","Ex_CACNA1H_LHX9",0.658002010096418
"_GGGCCATCAATAGAGT-1","Glut-CACNA1H-RA","Ex_CACNA1H_LHX9",0.505581870750091
"_GGGCCATGTACCGGAA-1","Glut-CACNA1H-4","Ex_DACH2_SLIT2",0.669967158478317
"_GGGCCATGTTCAACGT-1","Glut-CACNA1H-RA","Ex_CACNA1H_LHX9",0.419233621425387
"_GGGCGTTGTGCTGTCG-1","Glut-CACNA1H-RA","Ex_CACNA1H_LHX9",0.45579216235355
"_GGGCTACAGTCATACC-1","Glut-CACNA1H-4","Ex_DACH2_SLIT2",0.760342009227686
"_GGGCTACGTTCCGGTG-1","Glut-CACNA1H-RA","Ex_CACNA1H_LHX9",0.635915380370216
"_GGGCTACTCCGACAGC-1","Glut-CACNA1H-1","Ex_CACNA1H_LHX9",0.934621629363396
"_GGGCTCACAATCAAGA-1","Glut-CACNA1H-4","Ex_CACNA1H_LHX9",0.456786635741596
"_GGGTAGACACCTAAAC-1","Glut-CACNA1H-RA","Ex_CACNA1H_LHX9",0.427133028014568
"_GGGTAGACATCGATGT-1","Glut-CACNA1H-RA","Ex_CACNA1H_LHX9",0.539536105004625
"_GGGTCACGTCAATCTG-1","Glut-CACNA1H-1","Ex_CACNA1H_LHX9",0.890003486604009
"_GGGTCACGTCATATGC-1","Glut-CACNA1H-1","Ex_CACNA1H_LHX9",0.594672899961149
"_GGGTCACTCTTCCACG-1","Glut-CACNA1H-RA","Ex_CACNA1H_LHX9",0.55719067377117
"_GGGTCTGGTAGCGAGT-1","Glut-CACNA1H-1","Ex_CACNA1H_LHX9",0.673967064772399
"_GGGTGAATCTTCTGGC-1","Glut-CACNA1H-RA","Ex_CACNA1H_LHX9",0.566038339226149
"_GGGTGTCAGCACACAG-1","Glut-CACNA1H-2","Ex_CACNA1H_LHX9",0.617134164609888
"_GGGTGTCTCTCAAAGC-1","Glut-CACNA1H-RA","Ex_CACNA1H_LHX9",0.522710033301998
"_GGGTTATAGCTTGTGT-1","Glut-CACNA1H-RA","Ex_CACNA1H_LHX9",0.688630737807743
"_GGGTTTATCGTTCAGA-1","Glut-CACNA1H-1","Ex_CACNA1H_LHX9",0.742064899947911
"_GGTAATCTCATGAGTC-1","Glut-CACNA1H-RA","Ex_CACNA1H_LHX9",0.514633423467474
"_GGTAGAGCAGCTTTCC-1","Glut-CACNA1H-1","Ex_CACNA1H_LHX9",0.661376672180269
"_GGTAGAGGTTGAATCC-1","Glut-CACNA1H-1","Ex_CACNA1H_LHX9",0.541560430266216
"_GGTCTGGAGCCGATAG-1","Glut-CACNA1H-2","Ex_CACNA1H_LHX9",0.913351004421034
"_GGTCTGGAGCGTGCCT-1","Glut-CACNA1H-4","Ex_CACNA1H_LHX9",0.867254391785123
"_GGTCTGGTCCTCACTG-1","Glut-CACNA1H-RA","Ex_CACNA1H_LHX9",0.405718586203132
"_GGTGAAGCAGGAATCG-1","Glut-CACNA1H-4","Ex_DACH2_SLIT2",0.679292995425981
"_GGTGAAGGTGGTGATG-1","Glut-CACNA1H-RA","Ex_CACNA1H_LHX9",0.636792689913709
"_GGTGATTCATGGAATA-1","Glut-CACNA1H-1","Ex_CACNA1H_LHX9",0.770419060177077
"_GGTGTCGCACGATTCA-1","Glut-CACNA1H-RA","Ex_CACNA1H_LHX9",0.565854719305596
"_GGTGTTACATGCTGCG-1","Glut-CACNA1H-RA","Ex_CACNA1H_LHX9",0.476456815149487
"_GGTGTTAGTCTCGGGT-1","Glut-CACNA1H-RA","Ex_CACNA1H_LHX9",0.582237597213168
"_GGTTAACAGAATCGCG-1","Glut-CACNA1H-RA","Ex_CACNA1H_LHX9",0.721087445837728
"_GGTTAACGTATCTCTT-1","Glut-CACNA1H-RA","Ex_CACNA1H_LHX9",0.682991441906574
"_GGTTCTCGTGAGACCA-1","Glut-CACNA1H-RA","Ex_CACNA1H_LHX9",0.519529836439434
"_GGTTCTCTCCCTAGGG-1","Glut-CACNA1H-RA","Ex_CACNA1H_LHX9",0.507886584697582
"_GGTTGTACAGAGTAAT-1","Glut-CACNA1H-RA","Ex_CACNA1H_LHX9",0.551243687077342
"_GTAACACTCATTTCGT-1","Glut-CACNA1H-RA","Ex_CACNA1H_LHX9",0.716099183490283
"_GTAACCAAGTCAGCCC-1","Glut-CACNA1H-RA","Ex_CACNA1H_LHX9",0.730799940075517
"_GTAACCAGTCACAGTT-1","Glut-CACNA1H-RA","Ex_CACNA1H_LHX9",0.798467068483309
"_GTAACCATCATTTGCT-1","Glut-CACNA1H-RA","Ex_CACNA1H_LHX9",0.587778210625167
"_GTAATGCTCGATACAC-1","Glut-CACNA1H-1","Ex_CACNA1H_LHX9",0.823771501165309
"_GTAATGCTCGGCTATA-1","Glut-CACNA1H-RA","Ex_CACNA1H_LHX9",0.561149768768835
"_GTACAACCATCCAACA-1","Glut-CACNA1H-RA","Ex_CACNA1H_LHX9",0.564344242487184
"_GTACAACTCGGCTTCT-1","Glut-CACNA1H-2","Ex_CACNA1H_LHX9",0.952818359960909
"_GTACAGTGTATGGGAC-1","Glut-CACNA1H-RA","Ex_CACNA1H_LHX9",0.654853015341138
"_GTAGAAAAGCAGATAT-1","Glut-CACNA1H-RA","Ex_CACNA1H_LHX9",0.661221535501245
"_GTAGAAAGTTTGTGGT-1","Glut-CACNA1H-1","Ex_CACNA1H_LHX9",0.808010707488408
"_GTAGAGGAGTATGCAA-1","Glut-CACNA1H-3","Ex_TSHZ2_NR4A2",0.601685561948286
"_GTAGAGGAGTTCATGC-1","Glut-CACNA1H-3","Ex_CACNA1H_LHX9",0.900272440673794
"_GTAGAGGGTGAATATG-1","Glut-CACNA1H-1","Ex_CACNA1H_LHX9",0.523355115388933
"_GTAGAGGTCGGATAAA-1","Glut-CACNA1H-1","Ex_CACNA1H_LHX9",0.940113033625344
"_GTAGATCGTTCAACGT-1","Glut-CACNA1H-RA","Ex_CACNA1H_LHX9",0.560755169652485
"_GTAGCTAAGACTTGTC-1","Glut-CACNA1H-RA","Ex_CACNA1H_LHX9",0.740529932271748
"_GTAGGAGCATCATTTC-1","Glut-CACNA1H-3","Ex_CACNA1H_LHX9",0.897204610104387
"_GTAGGTTCATCCGATA-1","Glut-CACNA1H-RA","Ex_CACNA1H_LHX9",0.391550742062391
"_GTAGGTTTCTCTAAGG-1","Glut-CACNA1H-4","Ex_DACH2_SLIT2",0.827656302496063
"_GTAGTACTCCCAGTGG-1","Glut-CACNA1H-1","Ex_CACNA1H_LHX9",0.802225841443618
"_GTATTGGTCTTGGAAC-1","Glut-CACNA1H-RA","Ex_CACNA1H_LHX9",0.755617012694813
"_GTATTTCAGTGAGTGC-1","Glut-CACNA1H-RA","Ex_CACNA1H_LHX9",0.517024507269912
"_GTATTTCGTAAGCAAT-1","Glut-CACNA1H-4","Ex_CACNA1H_LHX9",0.574441347280144
"_GTCAAACTCAGCTTGA-1","Glut-CACNA1H-RA","Ex_CACNA1H_LHX9",0.857708310362696
"_GTCAAGTAGGCCATAG-1","Glut-CACNA1H-2","Ex_CACNA1H_LHX9",0.933797525413118
"_GTCAAGTCAGAGCGTA-1","Glut-CACNA1H-RA","Ex_CACNA1H_LHX9",0.610969766839175
"_GTCAAGTTCACTTGTT-1","Glut-CACNA1H-RA","Ex_CACNA1H_LHX9",0.466719748843518
"_GTCAAGTTCCGTTGGG-1","Glut-CACNA1H-RA","Ex_CACNA1H_LHX9",0.511887770430971
"_GTCAAGTTCTTCCCGA-1","Glut-CACNA1H-RA","Ex_CACNA1H_LHX9",0.815659466797058
"_GTCACGGTCTGCGAGC-1","Glut-CACNA1H-RA","Ex_CACNA1H_LHX9",0.553408577537627
"_GTCAGCGAGTGGTGAC-1","Glut-CACNA1H-RA","Ex_CACNA1H_LHX9",0.794703558753062
"_GTCAGCGGTAGACTGG-1","Glut-CACNA1H-RA","Ex_CACNA1H_LHX9",0.512585896441596
"_GTCATCCTCAGCATTG-1","Glut-CACNA1H-1","Ex_CACNA1H_LHX9",0.901584745725637
"_GTCATGAAGGTAAGTT-1","Glut-CACNA1H-RA","Ex_CACNA1H_LHX9",0.558687834065614
"_GTCATTTGTCCACGCA-1","Glut-CACNA1H-RA","Ex_CACNA1H_LHX9",0.802504141380419
"_GTCGAATCATGTCGTA-1","Glut-CACNA1H-4","Ex_CACNA1H_LHX9",0.517318174480435
"_GTCGCGACAGTGAGCA-1","Glut-CACNA1H-RA","Ex_CACNA1H_LHX9",0.797906281653026
"_GTCGTAAAGATGCGAC-1","Glut-CACNA1H-4","Ex_DACH2_SLIT2",0.657621920487844
"_GTCGTTCAGGGCTAAC-1","Glut-CACNA1H-RA","Ex_CACNA1H_LHX9",0.485164388899142
"_GTCGTTCCACAGTCGC-1","Glut-CACNA1H-RA","Ex_TSHZ2_NR4A2",0.451385689330014
"_GTCGTTCCACTCCTGT-1","Glut-CACNA1H-1","Ex_CACNA1H_KIT",0.381974613948401
"_GTCGTTCGTCAAATCC-1","Glut-CACNA1H-RA","Ex_CACNA1H_LHX9",0.772011482429542
"_GTCTAGATCCTACCAC-1","Glut-CACNA1H-2","Ex_CACNA1H_LHX9",0.493325036192622
"_GTCTCACAGCCGATCC-1","Glut-CACNA1H-RA","Ex_CACNA1H_LHX9",0.814480281059256
"_GTCTCACGTGCAACAG-1","Glut-CACNA1H-1","Ex_CACNA1H_LHX9",0.861293891147722
"_GTCTGTCTCTGACAGT-1","Glut-CACNA1H-RA","Ex_CACNA1H_LHX9",0.552391649085713
"_GTCTTTATCCGTGTAA-1","Glut-CACNA1H-RA","Ex_CACNA1H_LHX9",0.469795449386635
"_GTGAGCCTCGCATAGT-1","Glut-CACNA1H-RA","Ex_CACNA1H_LHX9",0.665371993802417
"_GTGAGGACAAGAGTGC-1","Glut-CACNA1H-1","Ex_CACNA1H_LHX9",0.967715272705084
"_GTGAGTTGTAGGTAGC-1","Glut-CACNA1H-RA","Ex_CACNA1H_LHX9",0.554179459700563
"_GTGAGTTTCGCTTACC-1","Glut-CACNA1H-RA","Ex_CACNA1H_LHX9",0.44104490446093
"_GTGCACGAGTGGTTGG-1","Glut-CACNA1H-RA","Ex_CACNA1H_LHX9",0.496546333986954
"_GTGCAGCAGTACAGCG-1","Glut-CACNA1H-RA","Ex_CACNA1H_LHX9",0.563645235417829
"_GTGCAGCTCGCCAGAC-1","Glut-CACNA1H-1","Ex_CACNA1H_LHX9",0.930572594934625
"_GTGCAGCTCTGCCTCA-1","Glut-CACNA1H-RA","Ex_CACNA1H_LHX9",0.606432054410157
"_GTGCAGCTCTGCCTGT-1","Glut-CACNA1H-RA","Ex_CACNA1H_LHX9",0.822042504259373
"_GTGCGTGGTCCACGCA-1","Glut-CACNA1H-RA","Ex_CACNA1H_LHX9",0.643568984805311
"_GTGCGTGGTGGGACAT-1","Glut-CACNA1H-1","Ex_CACNA1H_LHX9",0.852999858868389
"_GTGCTGGCAAGGACAC-1","Glut-CACNA1H-RA","Ex_CACNA1H_LHX9",0.911091215184129
"_GTGCTGGCAGTCAGTT-1","Glut-CACNA1H-RA","Ex_CACNA1H_LHX9",0.670946329454685
"_GTGGAGACAAACAGGC-1","Glut-CACNA1H-2","Ex_CACNA1H_LHX9",0.898282603762046
"_GTGGAGACAAGTTTGC-1","Glut-CACNA1H-RA","Ex_CACNA1H_LHX9",0.687179677850824
"_GTGGAGAGTTCAGGTT-1","Glut-CACNA1H-RA","Ex_CACNA1H_LHX9",0.738271061053758
"_GTGGAGATCCTATTGT-1","Glut-CACNA1H-RA","Ex_CACNA1H_LHX9",0.616061830486713
"_GTGGCGTCACCGTGCA-1","Glut-CACNA1H-4","Ex_DACH2_SLIT2",0.637359706493735
"_GTGGCGTGTCCAATCA-1","Glut-CACNA1H-RA","Ex_CACNA1H_LHX9",0.542900243349864
"_GTGGCGTTCTATCGGA-1","Glut-CACNA1H-2","Ex_CACNA1H_LHX9",0.909322224410164
"_GTGGCGTTCTTGCAAG-1","Glut-CACNA1H-1","Ex_CACNA1H_LHX9",0.859503710830606
"_GTGGGAATCTTGTGCC-1","Glut-CACNA1H-RA","Ex_CACNA1H_LHX9",0.800221364551936
"_GTGGTTAAGTAGAGTT-1","Glut-CACNA1H-RA","Ex_CACNA1H_LHX9",0.675468641915519
"_GTGTAACGTATGTCTG-1","Glut-CACNA1H-1","Ex_CACNA1H_LHX9",0.978694332999293
"_GTGTAACGTCGTCAGC-1","Glut-CACNA1H-4","Ex_DACH2_SLIT2",0.819627422554075
"_GTGTAACTCTTACCGC-1","Glut-CACNA1H-RA","Ex_CACNA1H_LHX9",0.630811963461696
"_GTGTCCTTCAACACGT-1","Glut-CACNA1H-RA","Ex_CACNA1H_LHX9",0.5014126838177
"_GTGTCCTTCTATGTGG-1","Glut-CACNA1H-RA","Ex_CACNA1H_LHX9",0.652323857842102
"_GTGTGGCTCATTGCGA-1","Glut-CACNA1H-2","Ex_CACNA1H_LHX9",0.827725815393422
"_GTGTTAGAGCCTCATA-1","Glut-CACNA1H-RA","Ex_CACNA1H_LHX9",0.633702494124123
"_GTGTTAGAGGTCTGGA-1","Glut-DACH2-2","Ex_DACH2_MGAT4C",0.51554302266967
"_GTGTTCCGTGAGATTA-1","Glut-CACNA1H-RA","Ex_CACNA1H_LHX9",0.594332838426083
"_GTGTTCCGTTACGCCG-1","Glut-CACNA1H-RA","Ex_CACNA1H_LHX9",0.567485424739876
"_GTGTTCCTCCGATCGG-1","Glut-DACH2-3","Ex_DACH2_SLIT2",0.902420444011009
"_GTTACGAAGCAGTACG-1","Glut-CACNA1H-RA","Ex_CACNA1H_LHX9",0.495873257553498
"_GTTACGACAGCGAACA-1","Glut-CACNA1H-RA","Ex_CACNA1H_LHX9",0.41337343410895
"_GTTACGAGTTATTCTC-1","Glut-CACNA1H-RA","Ex_CACNA1H_LHX9",0.760870896824688
"_GTTAGACAGTCCCGGT-1","Glut-CACNA1H-RA","Ex_CACNA1H_LHX9",0.610761390913844
"_GTTAGACAGTTGGAAT-1","Glut-CACNA1H-RA","Ex_CACNA1H_LHX9",0.604537025004284
"_GTTAGTGCACTGATTG-1","Glut-CACNA1H-RA","Ex_CACNA1H_LHX9",0.676562009107083
"_GTTAGTGGTACCTTCC-1","Glut-CACNA1H-RA","Ex_CACNA1H_LHX9",0.439192420804284
"_GTTAGTGTCTTCCACG-1","Glut-CACNA1H-RA","Ex_CACNA1H_LHX9",0.648597777459407
"_GTTATGGGTAGAGGAA-1","Glut-CACNA1H-RA","Ex_CACNA1H_LHX9",0.643591093906365
"_GTTCGCTAGGTAAGTT-1","Glut-CACNA1H-RA","Ex_CACNA1H_LHX9",0.631881515279494
"_GTTCTATAGTTGCCTA-1","Glut-CACNA1H-RA","Ex_CACNA1H_LHX9",0.448510194029304
"_GTTCTATCACCTTCCA-1","Glut-CACNA1H-2","Ex_CACNA1H_LHX9",0.792471057605588
"_GTTCTATCACGCGCAT-1","Glut-CACNA1H-RA","Ex_CACNA1H_LHX9",0.717862014633734
"_GTTGAACCACACCTTC-1","Glut-CACNA1H-RA","Ex_CACNA1H_LHX9",0.615179508977329
"_GTTGCGGCAGCGGATA-1","Glut-CACNA1H-RA","Ex_CACNA1H_LHX9",0.793493160704904
"_GTTGCGGTCCATCAGA-1","Glut-CACNA1H-1","Ex_CACNA1H_LHX9",0.586220879500362
"_GTTGCTCGTCGTTTCC-1","Glut-CACNA1H-RA","Ex_CACNA1H_LHX9",0.807210934130418
"_GTTGCTCTCCCATTTA-1","Glut-CACNA1H-RA","Ex_CACNA1H_LHX9",0.648586272628867
"_GTTGTAGAGGGCGAGA-1","Glut-CACNA1H-RA","Ex_CACNA1H_LHX9",0.595341226857673
"_GTTGTAGGTCTAGTGT-1","Glut-CACNA1H-RA","Ex_CACNA1H_LHX9",0.630121993199639
"_GTTGTAGGTGCCCAGT-1","Glut-CACNA1H-RA","Ex_CACNA1H_LHX9",0.694984947062565
"_GTTGTAGTCAATGTCG-1","Glut-CACNA1H-1","Ex_CACNA1H_LHX9",0.810097789008597
"_GTTGTAGTCATGCTAG-1","Glut-CACNA1H-1","Ex_CACNA1H_LHX9",0.98189360712408
"_GTTGTAGTCGCTTACC-1","Glut-CACNA1H-RA","Ex_CACNA1H_LHX9",0.498801865188092
"_GTTGTCCCACTCGATA-1","Glut-CACNA1H-RA","Ex_CACNA1H_LHX9",0.783515459395552
"_GTTGTGAGTTACGCCG-1","Glut-CACNA1H-RA","Ex_CACNA1H_LHX9",0.622145488940009
"_GTTTGGAAGGTGTGAC-1","Glut-CACNA1H-RA","Ex_CACNA1H_LHX9",0.406872890889394
"_GTTTGGAGTAACCCTA-1","Glut-CACNA1H-RA","Ex_CACNA1H_LHX9",0.749590047363821
"_GTTTGGATCCTCTGCA-1","Glut-CACNA1H-RA","Ex_CACNA1H_LHX9",0.721614004170559
"_TAACCAGAGCGTTGTT-1","Glut-CACNA1H-RA","Ex_CACNA1H_LHX9",0.668314071201207
"_TAACCAGGTCTTACAG-1","Glut-CACNA1H-2","Ex_CACNA1H_LHX9",0.884208370900885
"_TAACGACGTATAGGAT-1","Glut-CACNA1H-RA","Ex_CACNA1H_LHX9",0.664310164577302
"_TAACGACGTCCAAAGG-1","Glut-CACNA1H-RA","Ex_CACNA1H_LHX9",0.531923895390036
"_TAACTTCCAGCACACC-1","Glut-CACNA1H-RA","Ex_CACNA1H_LHX9",0.399095496156471
"_TAACTTCGTGCGACAA-1","Glut-CACNA1H-RA","Ex_CACNA1H_LHX9",0.621202407756616
"_TAACTTCGTGCTTCAA-1","Glut-CACNA1H-RA","Ex_CACNA1H_LHX9",0.537997530549335
"_TAACTTCGTGGTCTGC-1","Glut-CACNA1H-RA","Ex_CACNA1H_LHX9",0.533004035614987
"_TAAGCCACACAAGCAG-1","Glut-CACNA1H-RA","Ex_CACNA1H_LHX9",0.656889813696112
"_TAAGCGTGTCTACACA-1","Glut-CACNA1H-RA","Ex_CACNA1H_LHX9",0.745356014002473
"_TAATCTCCAAACTAGA-1","Glut-CACNA1H-RA","Ex_CACNA1H_LHX9",0.554089422899944
"_TAATTCCTCGGAATTC-1","Glut-CACNA1H-RA","Ex_CACNA1H_LHX9",0.654045187993708
"_TACACCCAGAACTCCT-1","Glut-CACNA1H-2","Ex_CACNA1H_LHX9",0.859692508227456
"_TACACCCGTAGAGACC-1","Glut-CACNA1H-2","Ex_CACNA1H_LHX9",0.831915473986907
"_TACAGGTCATCTATCT-1","Glut-DACH2-1","Ex_DACH2_NR4A3",0.952073812362975
"_TACATTCTCTATACTC-1","Glut-CACNA1H-RA","Ex_CACNA1H_LHX9",0.498044198636641
"_TACCCACGTTGAGTCT-1","Glut-CACNA1H-RA","Ex_CACNA1H_LHX9",0.576091429826222
"_TACCGAACATAGACTC-1","Glut-CACNA1H-RA","Ex_CACNA1H_LHX9",0.497584019157759
"_TACCTCGCAGAACGCA-1","Glut-CACNA1H-RA","Ex_CACNA1H_LHX9",0.53494214949302
"_TACCTGCAGCCATTCA-1","Glut-CACNA1H-RA","Ex_CACNA1H_LHX9",0.625221456626141
"_TACCTGCCACGCACCA-1","Glut-CACNA1H-RA","Ex_CACNA1H_LHX9",0.755540126316293
"_TACGCTCCACTAAACC-1","Glut-CACNA1H-4","Ex_DACH2_SLIT2",0.829397280934617
"_TACGCTCCACTGTTCC-1","Glut-CACNA1H-RA","Ex_CACNA1H_LHX9",0.565083245940474
"_TACGGTAGTGTTACTG-1","Glut-CACNA1H-4","Ex_DACH2_SLIT2",0.495775919122271
"_TACTTACAGCTGGCTC-1","Glut-CACNA1H-RA","Ex_CACNA1H_LHX9",0.644478232860356
"_TACTTACGTATGGAAT-1","Glut-CACNA1H-RA","Ex_CACNA1H_LHX9",0.601106268151729
"_TACTTACGTTATAGCC-1","Glut-CACNA1H-RA","Ex_CACNA1H_LHX9",0.469254581436192
"_TACTTGTGTCCTGGGT-1","Glut-CACNA1H-1","Ex_TSHZ2_NR4A2",0.513118708016044
"_TACTTGTTCGTGCAGC-1","Glut-CACNA1H-RA","Ex_CACNA1H_LHX9",0.42296330517477
"_TAGACTGGTTTGACAC-1","Glut-CACNA1H-RA","Ex_CACNA1H_LHX9",0.550228828174763
"_TAGACTGTCCTCCACA-1","Glut-DACH2-2","Ex_DACH2_LUZP2",0.325132978365111
"_TAGATCGAGAGGTATT-1","Glut-CACNA1H-RA","Ex_CACNA1H_LHX9",0.398897029197706
"_TAGATCGGTGTCATGT-1","Glut-CACNA1H-RA","Ex_CACNA1H_LHX9",0.465223430824552
"_TAGCACAAGCCACCGT-1","Glut-CACNA1H-1","Ex_CACNA1H_LHX9",0.877090832411018
"_TAGCACACACTACGGC-1","Glut-CACNA1H-RA","Ex_CACNA1H_LHX9",0.688916289920849
"_TAGGAGGGTGAATTAG-1","Glut-CACNA1H-RA","Ex_CACNA1H_LHX9",0.610282908840214
"_TAGGTACGTCTTCAAG-1","Glut-CACNA1H-2","Ex_CACNA1H_LHX9",0.88283033673786
"_TAGGTACTCGTTATCT-1","Glut-CACNA1H-RA","Ex_CACNA1H_LHX9",0.711227139171224
"_TAGGTTGAGTCAACAA-1","Glut-CACNA1H-RA","Ex_CACNA1H_LHX9",0.492492344439567
"_TAGGTTGCAGCCTATA-1","Glut-CACNA1H-RA","Ex_CACNA1H_LHX9",0.669826121513804
"_TAGTGCAAGAGAGTTT-1","Glut-CACNA1H-RA","Ex_CACNA1H_LHX9",0.593144959267077
"_TATATCCCACCAGCTG-1","Glut-CACNA1H-RA","Ex_CACNA1H_LHX9",0.658800192683803
"_TATCCTAAGGCCCGTT-1","Glut-CACNA1H-1","Ex_CACNA1H_LHX9",0.680901339674469
"_TATCGCCCAGTAGAAT-1","Glut-CACNA1H-RA","Ex_CACNA1H_LHX9",0.5701188302877
"_TATCTGTTCCGCACGA-1","Glut-CACNA1H-RA","Ex_CACNA1H_LHX9",0.651227531644689
"_TATGTTCGTCCCACGA-1","Glut-CACNA1H-1","Ex_DACH2_NR4A3",0.750749425310177
"_TATTCCAAGCGAATGC-1","Glut-CACNA1H-RA","Ex_CACNA1H_LHX9",0.531685907481417
"_TATTGCTAGCTTAAGA-1","Glut-CACNA1H-2","Ex_CACNA1H_LHX9",0.848435357435861
"_TATTGCTTCACTTGTT-1","Glut-CACNA1H-2","Ex_CACNA1H_LHX9",0.914773044097107
"_TATTTCGCAGCTATTG-1","Glut-CACNA1H-RA","Ex_CACNA1H_LHX9",0.518533689064008
"_TCAAGACTCACCGCTT-1","Glut-CACNA1H-2","Ex_CACNA1H_LHX9",0.843089071680475
"_TCAAGACTCCCTTTGG-1","Glut-CACNA1H-RA","Ex_CACNA1H_LHX9",0.621776366146998
"_TCAAGCAAGTTCCGTA-1","Glut-CACNA1H-4","Ex_CACNA1H_LHX9",1
"_TCAAGCACAAATACGA-1","Glut-CACNA1H-RA","Ex_CACNA1H_LHX9",0.653114193302032
"_TCAAGCACATCGAACT-1","Glut-CACNA1H-RA","Ex_CACNA1H_LHX9",0.594558611941534
"_TCAAGCATCTATCACT-1","Glut-CACNA1H-RA","Ex_CACNA1H_LHX9",0.480126068328971
"_TCAAGTGAGAGCGACT-1","Glut-CACNA1H-RA","Ex_CACNA1H_LHX9",0.701097325475965
"_TCAATTCAGCGTGCTC-1","Glut-CACNA1H-1","Ex_CACNA1H_LHX9",0.854008793839171
"_TCAATTCTCTCGTTTA-1","Glut-CACNA1H-1","Ex_CACNA1H_LHX9",0.652403961007987
"_TCACAAGAGTTCCATG-1","Glut-CACNA1H-RA","Ex_CACNA1H_LHX9",0.486809805792599
"_TCACAAGAGTTTCGAC-1","Glut-CACNA1H-RA","Ex_CACNA1H_LHX9",0.728376479522136
"_TCACAAGCACTCTCGT-1","Glut-CACNA1H-RA","Ex_CACNA1H_LHX9",0.689138579639167
"_TCACAAGCAGGACTTT-1","Glut-CACNA1H-RA","Ex_CACNA1H_LHX9",0.685155879270423
"_TCACAAGCAGGCACTC-1","Glut-CACNA1H-RA","Ex_CACNA1H_LHX9",0.72111880748389
"_TCACAAGTCTCATGGA-1","Glut-CACNA1H-RA","Ex_CACNA1H_LHX9",0.459104832924046
"_TCACACCCACCACATA-1","Glut-CACNA1H-RA","Ex_CACNA1H_LHX9",0.762852778733502
"_TCACACCGTCGCACAC-1","Glut-CACNA1H-2","Ex_CACNA1H_LHX9",0.774273613004549
"_TCACACCTCTCGCAGG-1","Glut-CACNA1H-RA","Ex_CACNA1H_LHX9",0.675851581122717
"_TCACGCTCAACGGTAG-1","Glut-CACNA1H-RA","Ex_CACNA1H_LHX9",0.629960420936876
"_TCACGCTCATGTGTCA-1","Glut-CACNA1H-2","Ex_CACNA1H_LHX9",0.34720991191603
"_TCACGGGGTAGGTACG-1","Glut-CACNA1H-1","Ex_CACNA1H_LHX9",0.961575042911424
"_TCACTCGCACCCGTAG-1","Glut-CACNA1H-1","Ex_CACNA1H_LHX9",0.566797059189147
"_TCACTCGGTCAATGGG-1","Glut-CACNA1H-1","Ex_CACNA1H_LHX9",0.91858623728137
"_TCAGCAAAGTAGGTTA-1","Glut-CACNA1H-1","Ex_CACNA1H_LHX9",0.754263029374711
"_TCAGCCTAGGGATGTC-1","Glut-CACNA1H-4","Ex_DACH2_SLIT2",0.858647443211694
"_TCAGCCTGTAGATTGA-1","Glut-CACNA1H-RA","Ex_CACNA1H_LHX9",0.488790682638984
"_TCAGCCTTCACTCACC-1","Glut-CACNA1H-RA","Ex_CACNA1H_LHX9",0.586785654558516
"_TCAGGTAGTACGATCT-1","Glut-CACNA1H-RA","Ex_CACNA1H_LHX9",0.73698105795922
"_TCAGTGACATGGTGGA-1","Glut-CACNA1H-4","Ex_DACH2_SLIT2",0.679045706993739
"_TCAGTGAGTGCATTTG-1","Glut-CACNA1H-RA","Ex_CACNA1H_LHX9",0.575809500875979
"_TCAGTTTAGGGCTGAT-1","Glut-CACNA1H-1","Ex_CACNA1H_LHX9",0.561915106756597
"_TCATATCGTAGCACGA-1","Glut-CACNA1H-RA","Ex_CACNA1H_LHX9",0.494515221931675
"_TCATATCTCCGAGAAG-1","Glut-CACNA1H-RA","Ex_CACNA1H_LHX9",0.576335395692562
"_TCATCATAGGACAGCT-1","Glut-CACNA1H-RA","Ex_CACNA1H_LHX9",0.565288721114218
"_TCATCATAGTTCAACC-1","Glut-CACNA1H-4","Ex_DACH2_SLIT2",0.833519146607461
"_TCATCATTCGACCATA-1","Glut-CACNA1H-2","Ex_CACNA1H_LHX9",0.944221423430422
"_TCATGAGAGGTCGTGA-1","Glut-CACNA1H-1","Ex_CACNA1H_LHX9",0.583466778662281
"_TCATGAGCAATTCTCT-1","Glut-CACNA1H-4","Ex_CACNA1H_LHX9",0.988990962876368
"_TCATGAGGTCAAGCCC-1","Glut-DACH2-1","Ex_DACH2_SLIT2",0.527059193873114
"_TCATGAGGTCCCTCAT-1","Glut-CACNA1H-1","Ex_CACNA1H_LHX9",0.797347221342289
"_TCATGCCAGCGATGGT-1","Glut-CACNA1H-4","Ex_CACNA1H_LHX9",0.613520333779291
"_TCATGGACAAGCGGAT-1","Glut-CACNA1H-RA","Ex_CACNA1H_LHX9",0.82424713042549
"_TCATGGACAGTCTGGC-1","Glut-CACNA1H-RA","Ex_CACNA1H_LHX9",0.615194391262929
"_TCATGTTGTATCCTCC-1","Glut-CACNA1H-1","Ex_CACNA1H_LHX9",0.668838424461894
"_TCATTACAGGTAGGCT-1","Glut-CACNA1H-RA","Ex_CACNA1H_LHX9",0.496764681501692
"_TCATTCAAGACAACAT-1","Glut-CACNA1H-2","Ex_CACNA1H_LHX9",0.971143629105734
"_TCATTCACACACACTA-1","Glut-CACNA1H-RA","Ex_CACNA1H_LHX9",0.802114547725825
"_TCATTCACATTCTCCG-1","Glut-CACNA1H-RA","Ex_CACNA1H_LHX9",0.820990553982073
"_TCATTGTCAGAAGCTG-1","Glut-CACNA1H-RA","Ex_CACNA1H_LHX9",0.723033499874922
"_TCATTGTCAGAATTCC-1","Glut-CACNA1H-RA","Ex_CACNA1H_LHX9",0.529739200222072
"_TCCACGTAGTCTTCGA-1","Glut-CACNA1H-RA","Ex_CACNA1H_LHX9",0.729481836965853
"_TCCAGAACAGGTCAGA-1","Glut-DACH2-1","Ex_DACH2_GRIK4",0.312428692213688
"_TCCATGCGTACGACAG-1","Glut-CACNA1H-1","Ex_CACNA1H_LHX9",0.742157044984668
"_TCCATGCGTCCAGCCA-1","Glut-CACNA1H-RA","Ex_CACNA1H_LHX9",0.800595361348863
"_TCCATGCGTGTTAACC-1","Glut-CACNA1H-RA","Ex_CACNA1H_LHX9",0.53609388486641
"_TCCATGCTCTTAGCTT-1","Glut-CACNA1H-RA","Ex_CACNA1H_LHX9",0.535868350293524
"_TCCCACAAGGAGAATG-1","Glut-CACNA1H-1","Ex_CACNA1H_LHX9",0.688961753813556
"_TCCCACAGTAAGATTG-1","Glut-CACNA1H-RA","Ex_TSHZ2_NR4A2",0.436747345762851
"_TCCCACAGTGGGTTGA-1","Glut-CACNA1H-1","Ex_CACNA1H_LHX9",0.92616083530499
"_TCCCACATCGCGATCG-1","Glut-CACNA1H-RA","Ex_CACNA1H_LHX9",0.674856737356092
"_TCCCAGTAGAGGCGGA-1","Glut-CACNA1H-1","Ex_CACNA1H_LHX9",0.691212974222481
"_TCCCAGTAGCAGGGAG-1","Glut-CACNA1H-2","Ex_CACNA1H_LHX9",0.515975455123779
"_TCCCAGTTCTATTGTC-1","Glut-CACNA1H-4","Ex_DACH2_SLIT2",0.727514696598145
"_TCCCATGGTACTGACT-1","Glut-CACNA1H-RA","Ex_CACNA1H_LHX9",0.708473773839719
"_TCCGATCCAGCTATAC-1","Glut-CACNA1H-RA","Ex_CACNA1H_LHX9",0.690678783850263
"_TCCGGGAAGTGGATTA-1","Glut-CACNA1H-RA","Ex_CACNA1H_LHX9",0.514364104647358
"_TCCGGGATCGAGAGAC-1","Glut-CACNA1H-RA","Ex_CACNA1H_LHX9",0.618132738149628
"_TCCGTGTCAAAGCGTG-1","Glut-CACNA1H-2","Ex_CACNA1H_LHX9",0.818903593886985
"_TCCGTGTGTTTACTTC-1","Glut-CACNA1H-2","Ex_CACNA1H_LHX9",0.873807986744802
"_TCCTCGAAGAGTCTGG-1","Glut-CACNA1H-RA","Ex_CACNA1H_LHX9",0.551067391844795
"_TCCTCGAGTTCTCCAC-1","Glut-CACNA1H-1","Ex_DACH2_NR4A3",0.433582322291525
"_TCCTCGATCAGCTTGA-1","Glut-CACNA1H-RA","Ex_CACNA1H_LHX9",0.602334746773121
"_TCCTCTTCAACGAGGT-1","Glut-CACNA1H-RA","Ex_CACNA1H_LHX9",0.369138466175754
"_TCCTCTTGTGGAGGTT-1","Glut-CACNA1H-1","Ex_CACNA1H_LHX9",0.810926765238128
"_TCCTGCACACTATCGA-1","Glut-CACNA1H-RA","Ex_CACNA1H_LHX9",0.567387164598828
"_TCCTGCAGTAGGGTAC-1","Glut-CACNA1H-4","Ex_CACNA1H_LHX9",0.892215404294511
"_TCCTTTCGTAGCTCGC-1","Glut-CACNA1H-RA","Ex_CACNA1H_LHX9",0.665439106831671
"_TCCTTTCGTATAGGGC-1","Glut-CACNA1H-2","Ex_CACNA1H_LHX9",0.849108729502954
"_TCGAAGTTCAGATTGC-1","Glut-CACNA1H-1","Ex_CACNA1H_LHX9",0.943957106660693
"_TCGACCTGTCCTGAAT-1","Glut-CACNA1H-RA","Ex_CACNA1H_LHX9",0.520603926344268
"_TCGATTTAGCCTCTCT-1","Glut-CACNA1H-RA","Ex_CACNA1H_LHX9",0.585737657402631
"_TCGATTTAGGGCGAGA-1","Glut-CACNA1H-RA","Ex_CACNA1H_LHX9",0.510398510486919
"_TCGATTTGTACATTGC-1","Glut-CACNA1H-RA","Ex_CACNA1H_LHX9",0.752089003654606
"_TCGATTTTCGTTTACT-1","Glut-CACNA1H-1","Ex_CACNA1H_LHX9",0.857588192473279
"_TCGATTTTCTGACGCG-1","Glut-CACNA1H-1","Ex_CACNA1H_LHX9",0.683006778257446
"_TCGCAGGGTCTAGGCC-1","Glut-CACNA1H-1","Ex_TSHZ2_NR4A2",0.545409736068913
"_TCGCTCAGTTGGGATG-1","Glut-CACNA1H-3","Ex_CACNA1H_LHX9",0.613258395893751
"_TCGGGACAGCTCACTA-1","Glut-CACNA1H-RA","Ex_CACNA1H_LHX9",0.423034518401659
"_TCGGGACGTAGGGTAC-1","Glut-CACNA1H-RA","Ex_CACNA1H_LHX9",0.648407565400383
"_TCGGGCAGTCTACACA-1","Glut-CACNA1H-RA","Ex_CACNA1H_LHX9",0.647842102398667
"_TCGGGCATCAGCTTCC-1","Glut-CACNA1H-RA","Ex_CACNA1H_LHX9",0.510296850924271
"_TCGGGTGAGGATATAC-1","Glut-CACNA1H-2","Ex_CACNA1H_LHX9",0.700287869822143
"_TCGGGTGCACTAACCA-1","Glut-CACNA1H-RA","Ex_CACNA1H_LHX9",0.431524809820919
"_TCGGGTGTCGTGCTCT-1","Glut-CACNA1H-RA","Ex_CACNA1H_LHX9",0.6723106195702
"_TCGGTCTTCTCATGCC-1","Glut-CACNA1H-RA","Ex_CACNA1H_LHX9",0.672396266165285
"_TCGTCCAAGCTTAGTC-1","Glut-CACNA1H-1","Ex_CACNA1H_LHX9",0.843100676505899
"_TCGTCCAAGTCGCGAA-1","Glut-CACNA1H-RA","Ex_CACNA1H_LHX9",0.864900537075555
"_TCGTCCATCTGTCCCA-1","Glut-CACNA1H-RA","Ex_CACNA1H_LHX9",0.563748445346013
"_TCGTGCTAGACCGCCT-1","Glut-CACNA1H-RA","Ex_CACNA1H_LHX9",0.712422969919506
"_TCGTGCTCAGCTGTGC-1","Glut-CACNA1H-RA","Ex_CACNA1H_LHX9",0.531618056767708
"_TCGTGCTTCAACTTTC-1","Glut-CACNA1H-2","Ex_CACNA1H_LHX9",0.841846136318909
"_TCGTGCTTCCATTGTT-1","Glut-CACNA1H-RA","Ex_CACNA1H_LHX9",0.627875443982375
"_TCTAACTCAATTAGGA-1","Glut-CACNA1H-RA","Ex_CACNA1H_LHX9",0.645676744977546
"_TCTAACTCAATTGAGA-1","Glut-CACNA1H-RA","Ex_CACNA1H_LHX9",0.534869842945561
"_TCTAACTGTCGTTTCC-1","Glut-CACNA1H-RA","Ex_CACNA1H_LHX9",0.637127424988655
"_TCTAACTTCGTTCCCA-1","Glut-CACNA1H-RA","Ex_CACNA1H_LHX9",0.585679622462732
"_TCTAACTTCTATGCCC-1","Glut-CACNA1H-RA","Ex_CACNA1H_LHX9",0.678166881190527
"_TCTACATCAAGCCCAC-1","Glut-CACNA1H-2","Ex_CACNA1H_LHX9",0.894726383053694
"_TCTACATCAGACTGCC-1","Glut-CACNA1H-RA","Ex_CACNA1H_LHX9",0.683478829208007
"_TCTACATGTCACAGTT-1","Glut-CACNA1H-RA","Ex_CACNA1H_LHX9",0.625856131438808
"_TCTACATGTCTTACAG-1","Glut-CACNA1H-RA","Ex_CACNA1H_LHX9",0.474706147481524
"_TCTATACTCAAACTGC-1","Glut-CACNA1H-4","Ex_CACNA1H_LHX9",0.568809056596488
"_TCTCAGCTCGTTAGAC-1","Glut-CACNA1H-4","Ex_DACH2_SLIT2",0.77109259690674
"_TCTCCGAAGGTCTGGA-1","Glut-CACNA1H-RA","Ex_CACNA1H_LHX9",0.607505345535216
"_TCTCCGACACTCGATA-1","Glut-CACNA1H-2","Ex_CACNA1H_LHX9",0.543152946599897
"_TCTCTGGTCAGACTGT-1","Glut-CACNA1H-RA","Ex_CACNA1H_LHX9",0.531759897984637
"_TCTGCCAGTCGTGTTA-1","Glut-CACNA1H-RA","Ex_CACNA1H_LHX9",0.649953018553798
"_TCTGCCAGTGATACTC-1","Glut-CACNA1H-4","Ex_CACNA1H_LHX9",0.562019044822221
"_TCTGGCTCACAAATAG-1","Glut-CACNA1H-RA","Ex_CACNA1H_LHX9",0.486101508043775
"_TCTGGCTGTGGCCACT-1","Glut-CACNA1H-1","Ex_CACNA1H_LHX9",0.834150313305623
"_TCTGTCGAGCATCGAG-1","Glut-CACNA1H-RA","Ex_CACNA1H_LHX9",0.616699697234753
"_TCTTAGTGTGGAATGC-1","Glut-CACNA1H-1","Ex_CACNA1H_LHX9",0.665168339064165
"_TCTTCCTCAGGGTTGA-1","Glut-CACNA1H-RA","Ex_CACNA1H_LHX9",0.477433533664458
"_TCTTGCGAGATGGCAC-1","Glut-CACNA1H-RA","Ex_CACNA1H_LHX9",0.615251973490773
"_TCTTGCGTCAAGATAG-1","Glut-CACNA1H-1","Ex_CACNA1H_LHX9",0.852411726338355
"_TCTTTGAGTAGCGTAG-1","Glut-CACNA1H-RA","Ex_CACNA1H_LHX9",0.560452067934499
"_TGAACGTTCGGAGTGA-1","Glut-CACNA1H-RA","Ex_CACNA1H_LHX9",0.725464112696314
"_TGAATCGAGAACAGGA-1","Glut-CACNA1H-RA","Ex_CACNA1H_LHX9",0.670957216563897
"_TGAATCGAGGCCACTC-1","Glut-CACNA1H-RA","Ex_CACNA1H_LHX9",0.5159292351396
"_TGAATGCAGGATGTTA-1","Glut-CACNA1H-RA","Ex_CACNA1H_LHX9",0.585642969633858
"_TGAATGCTCGCAATTG-1","Glut-CACNA1H-RA","Ex_CACNA1H_LHX9",0.62131756116667
"_TGACAGTGTCAGTCCG-1","Glut-CACNA1H-RA","Ex_CACNA1H_LHX9",0.570768509162894
"_TGACAGTGTTCTTAGG-1","Glut-CACNA1H-RA","Ex_CACNA1H_LHX9",0.690027147006661
"_TGACCCTAGTCTAACC-1","Glut-CACNA1H-RA","Ex_CACNA1H_LHX9",0.574011371749958
"_TGACCCTAGTGCGACA-1","Glut-CACNA1H-RA","Ex_CACNA1H_LHX9",0.504250367592561
"_TGACGCGCATCAGCAT-1","Glut-CACNA1H-4","Ex_DACH2_SLIT2",0.646981576789903
"_TGACTCCCAAAGGCTG-1","Glut-CACNA1H-RA","Ex_CACNA1H_LHX9",0.571683344742224
"_TGAGACTAGAGTGTTA-1","Glut-CACNA1H-RA","Ex_CACNA1H_LHX9",0.77703126711049
"_TGAGACTGTCGGTAAG-1","Glut-CACNA1H-RA","Ex_CACNA1H_LHX9",0.663381408794276
"_TGAGACTGTGATAGAT-1","Glut-CACNA1H-RA","Ex_CACNA1H_LHX9",0.80095486688185
"_TGAGCATAGATACAGT-1","Glut-CACNA1H-RA","Ex_CACNA1H_LHX9",0.557973070627254
"_TGAGCATCAGACAAAT-1","Glut-CACNA1H-RA","Ex_CACNA1H_LHX9",0.603057436022587
"_TGAGCATGTCGCACAC-1","Glut-CACNA1H-1","Ex_CACNA1H_LHX9",0.837846541805096
"_TGAGGAGCACCACTGG-1","Glut-CACNA1H-RA","Ex_CACNA1H_LHX9",0.517263593435143
"_TGAGGGAAGCGACTAG-1","Glut-CACNA1H-2","Ex_CACNA1H_LHX9",0.833479840725679
"_TGAGGGACATCGAACT-1","Glut-CACNA1H-RA","Ex_CACNA1H_LHX9",0.678256746327494
"_TGAGGGATCCATGATG-1","Glut-CACNA1H-1","Ex_CACNA1H_LHX9",0.868002061078886
"_TGAGGTTAGCTAAACA-1","Glut-CACNA1H-RA","Ex_CACNA1H_LHX9",0.485550445122882
"_TGAGGTTCAGTGCGCT-1","Glut-CACNA1H-RA","Ex_CACNA1H_LHX9",0.815751168796739
"_TGAGGTTGTTTACGTG-1","Glut-CACNA1H-4","Ex_DACH2_SLIT2",0.779021883318172
"_TGAGTCACAGGATGAC-1","Glut-CACNA1H-1","Ex_CACNA1H_LHX9",0.878146056045147
"_TGATCAGAGATCCCAT-1","Glut-CACNA1H-2","Ex_CACNA1H_LHX9",0.943862506518845
"_TGATCAGGTTAACCTG-1","Glut-CACNA1H-RA","Ex_CACNA1H_LHX9",0.701246606483623
"_TGATCTTCATGACGGA-1","Glut-CACNA1H-RA","Ex_CACNA1H_LHX9",0.493393814999276
"_TGATCTTGTGTCATGT-1","Glut-CACNA1H-2","Ex_CACNA1H_LHX9",0.935418053543354
"_TGATCTTTCTGGCCTT-1","Glut-CACNA1H-RA","Ex_CACNA1H_LHX9",0.589154860445558
"_TGATGCAAGAGGTATT-1","Glut-CACNA1H-3","Ex_CACNA1H_LHX9",0.613875805324523
"_TGATGCAAGAGTCAAT-1","Glut-CACNA1H-RA","Ex_CACNA1H_LHX9",0.866577079584241
"_TGATGCAAGCAGGTCA-1","Glut-CACNA1H-RA","Ex_CACNA1H_LHX9",0.690298866235635
"_TGATGCACATTGGATC-1","Glut-CACNA1H-RA","Ex_CACNA1H_LHX9",0.581170964009448
"_TGATGGTCAGTGCCTG-1","Glut-CACNA1H-RA","Ex_CACNA1H_LHX9",0.685396923558313
"_TGATGGTCATGGCCCA-1","Glut-CACNA1H-RA","Ex_CACNA1H_LHX9",0.505015394971119
"_TGATTTCTCCACTGAA-1","Glut-CACNA1H-2","Ex_CACNA1H_LHX9",0.78533378288055
"_TGCAGATCACAACATC-1","Glut-CACNA1H-RA","Ex_CACNA1H_LHX9",0.626329266508944
"_TGCAGATCACGTACTA-1","Glut-CACNA1H-RA","Ex_CACNA1H_LHX9",0.550718510984078
"_TGCAGGCAGATACCAA-1","Glut-CACNA1H-RA","Ex_CACNA1H_LHX9",0.67444808870758
"_TGCAGGCGTATTTCTC-1","Glut-CACNA1H-RA","Ex_CACNA1H_LHX9",0.669437349574546
"_TGCAGGCTCTACTATC-1","Glut-CACNA1H-RA","Ex_CACNA1H_LHX9",0.712325906195898
"_TGCATCCAGTGGTTGG-1","Glut-CACNA1H-1","Ex_CACNA1H_LHX9",0.968067279129822
"_TGCATCCCAGCTATAC-1","Glut-CACNA1H-2","Ex_CACNA1H_LHX9",0.534701932259683
"_TGCCGAGGTCCCAAAT-1","Glut-CACNA1H-RA","Ex_CACNA1H_LHX9",0.540457165731229
"_TGCGACGAGTAACAGT-1","Glut-CACNA1H-RA","Ex_CACNA1H_LHX9",0.615491669822817
"_TGCGACGAGTGGAAAG-1","Glut-CACNA1H-RA","Ex_CACNA1H_LHX9",0.590653434924971
"_TGCGATAAGACCTTTG-1","Glut-CACNA1H-RA","Ex_CACNA1H_LHX9",0.559477403681628
"_TGCTCGTCAATACGAA-1","Glut-CACNA1H-RA","Ex_CACNA1H_LHX9",0.7100547047394
"_TGCTCGTGTCTTGGTA-1","Glut-CACNA1H-RA","Ex_CACNA1H_LHX9",0.637711478927423
"_TGCTCGTTCAATCGGT-1","Glut-CACNA1H-RA","Ex_CACNA1H_LHX9",0.700224178338275
"_TGCTGAAAGTCCGCCA-1","Glut-CACNA1H-RA","Ex_CACNA1H_LHX9",0.80584194009502
"_TGCTTCGAGAAAGTCT-1","Glut-CACNA1H-RA","Ex_CACNA1H_LHX9",0.556701867784235
"_TGGAACTGTTGTATGC-1","Glut-CACNA1H-RA","Ex_CACNA1H_LHX9",0.700389008122175
"_TGGAACTTCTCAGAAC-1","Glut-CACNA1H-RA","Ex_CACNA1H_LHX9",0.680005463662684
"_TGGAGGAAGTTACGTC-1","Glut-CACNA1H-2","Ex_CACNA1H_LHX9",0.959343503453224
"_TGGAGGAAGTTCACTG-1","Glut-CACNA1H-RA","Ex_CACNA1H_LHX9",0.439365750722479
"_TGGAGGATCGTACCTC-1","Glut-CACNA1H-RA","Ex_CACNA1H_LHX9",0.401160416409637
"_TGGAGGATCTAGTGAC-1","Glut-CACNA1H-2","Ex_CACNA1H_LHX9",0.931377133016184
"_TGGATGTAGCTGTTAC-1","Glut-CACNA1H-RA","Ex_CACNA1H_LHX9",0.688273327007896
"_TGGCGTGCAATCGAAA-1","Glut-CACNA1H-4","Ex_CACNA1H_LHX9",0.825478735443562
"_TGGCGTGCATTGACAC-1","Glut-CACNA1H-2","Ex_CACNA1H_LHX9",0.611836244640329
"_TGGGAAGAGTCTTGGT-1","Glut-CACNA1H-RA","Ex_TSHZ2_NR4A2",0.487904384522678
"_TGGGAAGTCGAGAAAT-1","Glut-CACNA1H-RA","Ex_CACNA1H_LHX9",0.640676103820248
"_TGGGAAGTCTCGCTTG-1","Glut-CACNA1H-2","Ex_DACH2_SLIT2",0.486721092069148
"_TGGGAGAAGACGGTTG-1","Glut-CACNA1H-RA","Ex_CACNA1H_LHX9",0.549791676342439
"_TGGGAGATCCCATACC-1","Glut-CACNA1H-RA","Ex_CACNA1H_LHX9",0.721485019935402
"_TGGGCTGAGATTGGGC-1","Glut-CACNA1H-RA","Ex_CACNA1H_LHX9",0.757170305672416
"_TGGTACAGTCGAGATG-1","Glut-CACNA1H-RA","Ex_CACNA1H_LHX9",0.588751415308577
"_TGGTAGTGTAGTATAG-1","Glut-CACNA1H-1","Ex_CACNA1H_LHX9",0.879986976647968
"_TGGTAGTGTCGCGGTT-1","Glut-CACNA1H-RA","Ex_CACNA1H_LHX9",0.668342643002659
"_TGGTAGTTCTGGTGCG-1","Glut-CACNA1H-1","Ex_CACNA1H_LHX9",0.548747559718252
"_TGGTGATGTATCTTCT-1","Glut-DACH2-3","Ex_DACH2_SLIT2",0.576697496006087
"_TGGTTAGCACTAGTAC-1","Glut-CACNA1H-RA","Ex_CACNA1H_LHX9",0.89597948411969
"_TGGTTAGTCTTACACT-1","Glut-CACNA1H-RA","Ex_CACNA1H_LHX9",0.729098884417689
"_TGTAAGCAGGAGTATT-1","Glut-CACNA1H-RA","Ex_CACNA1H_LHX9",0.685327851700408
"_TGTAAGCAGTAATCCC-1","Glut-CACNA1H-RA","Ex_CACNA1H_LHX9",0.479760650296396
"_TGTACAGCAGAGTTGG-1","Glut-CACNA1H-4","Ex_DACH2_SLIT2",0.736268140971292
"_TGTACAGCATATGGCT-1","Glut-CACNA1H-RA","Ex_CACNA1H_LHX9",0.798456519582585
"_TGTAGACTCTCGCTCA-1","Glut-CACNA1H-1","Ex_CACNA1H_LHX9",0.842679526186779
"_TGTCCACTCACACCCT-1","Glut-CACNA1H-1","Ex_CACNA1H_LHX9",0.709403050044537
"_TGTCCTGTCATTACTC-1","Glut-CACNA1H-RA","Ex_CACNA1H_LHX9",0.656416782954411
"_TGTGAGTAGCTGAAGC-1","Glut-CACNA1H-RA","Ex_CACNA1H_LHX9",0.482634869479223
"_TGTGAGTTCGAGTCTA-1","Glut-CACNA1H-4","Ex_DACH2_SLIT2",0.730151796912717
"_TGTGATGGTGAAAGTT-1","Glut-CACNA1H-1","Ex_CACNA1H_LHX9",1
"_TGTGGCGCACGTGTGC-1","Glut-CACNA1H-1","Ex_DACH2_NR4A3",0.815332602116082
"_TGTGTGACAAGCTGTT-1","Glut-CACNA1H-RA","Ex_CACNA1H_LHX9",0.624266043310974
"_TGTTCATAGGCTTAAA-1","Glut-CACNA1H-2","Ex_CACNA1H_LHX9",0.93542872383394
"_TGTTCATCATAGCTGT-1","Glut-CACNA1H-4","Ex_DACH2_SLIT2",0.81339720195993
"_TGTTCATGTTAGCGGA-1","Glut-CACNA1H-RA","Ex_CACNA1H_LHX9",0.54924415437665
"_TGTTCATTCCACACAA-1","Glut-CACNA1H-RA","Ex_CACNA1H_LHX9",0.629151270889917
"_TGTTCCGTCCCTTGGT-1","Glut-CACNA1H-4","Ex_DACH2_SLIT2",0.674786397795991
"_TGTTCTAAGGTGCTTT-1","Glut-CACNA1H-RA","Ex_CACNA1H_LHX9",0.591409707456029
"_TGTTGAGGTGCGGATA-1","Glut-CACNA1H-RA","Ex_CACNA1H_LHX9",0.706836481722062
"_TGTTGGACACTGCGAC-1","Glut-CACNA1H-RA","Ex_CACNA1H_LHX9",0.502883011105019
"_TGTTTGTAGTTGAAGT-1","Glut-CACNA1H-RA","Ex_CACNA1H_LHX9",0.582200957385807
"_TGTTTGTTCACGTCCT-1","Glut-CACNA1H-1","Ex_CACNA1H_LHX9",0.829738407176609
"_TGTTTGTTCGCCTATC-1","Glut-CACNA1H-RA","Ex_CACNA1H_LHX9",0.798925542332929
"_TTAATCCAGGAGGTTC-1","Glut-CACNA1H-4","Ex_DACH2_SLIT2",0.720244305936187
"_TTACCATAGGTTGACG-1","Glut-CACNA1H-RA","Ex_CACNA1H_LHX9",0.831460307888328
"_TTACCATCATAGATCC-1","Glut-CACNA1H-1","Ex_CACNA1H_LHX9",0.861640626355729
"_TTACCGCAGATACATG-1","Glut-CACNA1H-2","Ex_CACNA1H_LHX9",0.957370594952676
"_TTACGCCCAAGGTCGA-1","Glut-CACNA1H-RA","Ex_CACNA1H_LHX9",0.530983799376491
"_TTACGTTGTCAGGCAA-1","Glut-CACNA1H-RA","Ex_CACNA1H_LHX9",0.574353495389495
"_TTACGTTTCGTTTACT-1","Glut-CACNA1H-1","Ex_CACNA1H_LHX9",0.88829909053707
"_TTACTGTTCCGAGAAG-1","Glut-CACNA1H-RA","Ex_CACNA1H_LHX9",0.586387035243469
"_TTATTGCAGAGTAACT-1","Glut-CACNA1H-RA","Ex_CACNA1H_LHX9",0.665193491924213
"_TTATTGCAGGTCCCTG-1","Glut-CACNA1H-RA","Ex_CACNA1H_LHX9",0.562109097581558
"_TTCAATCCAGCACGAA-1","Glut-CACNA1H-1","Ex_DACH2_NR4A3",0.845064796077523
"_TTCACCGAGGTACTGG-1","Glut-CACNA1H-RA","Ex_CACNA1H_LHX9",0.582842896601055
"_TTCACCGTCTCTCTAA-1","Glut-CACNA1H-RA","Ex_CACNA1H_LHX9",0.60105234224695
"_TTCATGTCATGCCATA-1","Glut-CACNA1H-RA","Ex_CACNA1H_LHX9",0.477463629144687
"_TTCATTGGTACTTCCC-1","Glut-CACNA1H-RA","Ex_CACNA1H_LHX9",0.598421135309447
"_TTCATTGGTGGTACAG-1","Glut-CACNA1H-RA","Ex_CACNA1H_LHX9",0.522189023938976
"_TTCCAATGTTCACCGG-1","Glut-CACNA1H-RA","Ex_CACNA1H_LHX9",0.736883596848558
"_TTCCAATTCCACAGCG-1","Glut-CACNA1H-RA","Ex_CACNA1H_LHX9",0.583401793234186
"_TTCCAATTCCTAGAGT-1","Glut-CACNA1H-2","Ex_CACNA1H_LHX9",0.78213673858565
"_TTCCAATTCTGTCAGA-1","Glut-CACNA1H-RA","Ex_CACNA1H_LHX9",0.52299952804927
"_TTCCACGAGGGATCGT-1","Glut-CACNA1H-RA","Ex_CACNA1H_LHX9",0.419132100075307
"_TTCCACGCATAGAATG-1","Glut-CACNA1H-RA","Ex_CACNA1H_LHX9",0.593662745835012
"_TTCCACGGTGTTTCTT-1","Glut-CACNA1H-2","Ex_CACNA1H_LHX9",0.875807434638698
"_TTCCGGTCACAAATAG-1","Glut-CACNA1H-1","Ex_CACNA1H_LHX9",0.888500011046006
"_TTCCGTGAGCTGTCCG-1","Glut-CACNA1H-RA","Ex_CACNA1H_LHX9",0.563807308192639
"_TTCCGTGGTAACAAGT-1","Glut-CACNA1H-RA","Ex_CACNA1H_LHX9",0.425401722984834
"_TTCCTAAAGCATACTC-1","Glut-CACNA1H-RA","Ex_CACNA1H_LHX9",0.628171148511673
"_TTCCTAAAGCTACTGT-1","Glut-CACNA1H-2","Ex_CACNA1H_LHX9",0.837150714269413
"_TTCCTCTTCGATACAC-1","Glut-CACNA1H-RA","Ex_CACNA1H_LHX9",0.543257680348286
"_TTCCTTCAGCACTAGG-1","Glut-CACNA1H-4","Ex_CACNA1H_LHX9",0.521645818398626
"_TTCCTTCCAGATACCT-1","Glut-CACNA1H-RA","Ex_CACNA1H_LHX9",0.440997703593963
"_TTCCTTCCATTCCTAT-1","Glut-CACNA1H-1","Ex_CACNA1H_LHX9",0.83084933382146
"_TTCCTTCCATTCTGTT-1","Glut-CACNA1H-RA","Ex_CACNA1H_LHX9",0.532744420172573
"_TTCCTTCGTTTCACTT-1","Glut-CACNA1H-RA","Ex_CACNA1H_LHX9",0.75327314064443
"_TTCGATTAGAGAACCC-1","Glut-CACNA1H-RA","Ex_CACNA1H_LHX9",0.50650020888512
"_TTCGCTGAGACGGTCA-1","Glut-CACNA1H-RA","Ex_CACNA1H_LHX9",0.586577418907311
"_TTCGGTCAGCTAGATA-1","Glut-CACNA1H-RA","Ex_CACNA1H_LHX9",0.72911432250431
"_TTCGGTCGTCTCACAA-1","Glut-CACNA1H-RA","Ex_CACNA1H_LHX9",0.672204885742096
"_TTCGGTCTCTCTCCGA-1","Glut-CACNA1H-RA","Ex_CACNA1H_LHX9",0.699982349163147
"_TTCTAGTAGTAGGCCA-1","Glut-CACNA1H-RA","Ex_CACNA1H_LHX9",0.706166176425671
"_TTCTCTCAGGCCTAGA-1","Glut-CACNA1H-RA","Ex_CACNA1H_LHX9",0.547431755357712
"_TTCTCTCCATTCCTCG-1","Glut-CACNA1H-1","Ex_CACNA1H_LHX9",0.944210734980092
"_TTCTGTATCTCATGGA-1","Glut-CACNA1H-4","Ex_DACH2_SLIT2",0.693931437097622
"_TTCTTGACATACATCG-1","Glut-CACNA1H-RA","Ex_CACNA1H_LHX9",0.666953928765073
"_TTGAACGGTCTCACGG-1","Glut-CACNA1H-1","Ex_TSHZ2_NR4A2",0.706905520368768
"_TTGAACGGTTAAACAG-1","Glut-CACNA1H-2","Ex_CACNA1H_LHX9",0.953179446446365
"_TTGCATTCACAATTCG-1","Glut-CACNA1H-RA","Ex_CACNA1H_LHX9",0.882825184874495
"_TTGCATTGTCGCGGTT-1","Glut-CACNA1H-RA","Ex_CACNA1H_LHX9",0.492380241902685
"_TTGCATTTCTTGTGCC-1","Glut-CACNA1H-RA","Ex_CACNA1H_LHX9",0.480378181356898
"_TTGCCTGAGAGGATGA-1","Glut-CACNA1H-RA","Ex_CACNA1H_LHX9",0.758023746320142
"_TTGCCTGGTAGACGTG-1","Glut-CACNA1H-RA","Ex_CACNA1H_LHX9",0.517510240486129
"_TTGCGTCCACACCGAC-1","Glut-CACNA1H-RA","Ex_CACNA1H_LHX9",0.51090409182928
"_TTGCGTCCACTTGAAC-1","Glut-CACNA1H-RA","Ex_TSHZ2_NR4A2",0.397922432839726
"_TTGCTGCGTAGCTGTT-1","Glut-CACNA1H-RA","Ex_CACNA1H_LHX9",0.815188188000795
"_TTGCTGCGTTTACTGG-1","Glut-CACNA1H-RA","Ex_CACNA1H_LHX9",0.864341822961381
"_TTGCTGCTCCGTGGCA-1","Glut-CACNA1H-RA","Ex_CACNA1H_LHX9",0.693051560361957
"_TTGGATGCAATCGAAA-1","Glut-CACNA1H-RA","Ex_CACNA1H_LHX9",0.697178236865444
"_TTGGGATCACGTACAT-1","Glut-CACNA1H-RA","Ex_CACNA1H_LHX9",0.682567458405692
"_TTGGGATTCCCGAGAC-1","Glut-CACNA1H-RA","Ex_CACNA1H_LHX9",0.65463005071001
"_TTGGGCGGTTCCAAAC-1","Glut-CACNA1H-RA","Ex_CACNA1H_LHX9",0.610337711653594
"_TTGGTTTTCCTATGGA-1","Glut-CACNA1H-2","Ex_CACNA1H_LHX9",0.779679027739402
"_TTGGTTTTCTGGGCCA-1","Glut-CACNA1H-1","Ex_CACNA1H_LHX9",0.881926280024186
"_TTGTGGAAGTGCAAAT-1","Glut-CACNA1H-RA","Ex_CACNA1H_LHX9",0.806407814802064
"_TTGTGGACATTAGGAA-1","Glut-CACNA1H-RA","Ex_CACNA1H_LHX9",0.707551758072868
"_TTGTGTTCATAAGCGG-1","Glut-CACNA1H-RA","Ex_CACNA1H_LHX9",0.816119349872089
"_TTGTGTTGTGACATCT-1","Glut-CACNA1H-RA","Ex_CACNA1H_LHX9",0.540047159099529
"_TTGTTCAAGCTAGCCC-1","Glut-CACNA1H-RA","Ex_CACNA1H_LHX9",0.57234712111269
"_TTTACCATCAAGAAAC-1","Glut-CACNA1H-RA","Ex_CACNA1H_LHX9",0.741059259264705
"_TTTACCATCCCGAGTG-1","Glut-CACNA1H-RA","Ex_CACNA1H_LHX9",0.491406247292937
"_TTTACGTAGGCTAACG-1","Glut-CACNA1H-3","Ex_CACNA1H_LHX9",0.697124386251562
"_TTTACGTAGGGAGATA-1","Glut-CACNA1H-RA","Ex_CACNA1H_LHX9",0.714438203494505
"_TTTACGTCAGAGGTAC-1","Glut-CACNA1H-1","Ex_CACNA1H_LHX9",0.981904755934917
"_TTTACGTCATATCTCT-1","Glut-CACNA1H-1","Ex_CACNA1H_LHX9",0.456389816102745
"_TTTACTGCACCAAATC-1","Glut-CACNA1H-RA","Ex_CACNA1H_LHX9",0.448757357907639
"_TTTACTGTCGCCAGTG-1","Glut-CACNA1H-RA","Ex_CACNA1H_LHX9",0.504728764960078
"_TTTATGCAGGGCAGTT-1","Glut-CACNA1H-RA","Ex_CACNA1H_LHX9",0.781184074334572
"_TTTCACACAGTGTACT-1","Glut-CACNA1H-RA","Ex_CACNA1H_LHX9",0.439822290904697
"_TTTCACAGTCATAACC-1","Glut-CACNA1H-RA","Ex_CACNA1H_LHX9",0.756379551629663
"_TTTCACAGTGATACCT-1","Glut-CACNA1H-RA","Ex_CACNA1H_LHX9",0.592855966609939
"_TTTCATGAGAAACCCG-1","Glut-CACNA1H-1","Ex_CACNA1H_LHX9",0.666721241650018
"_TTTCCTCAGTCCTGCG-1","Glut-CACNA1H-RA","Ex_CACNA1H_LHX9",0.432496047586285
"_TTTCGATAGAGGTGCT-1","Glut-CACNA1H-1","Ex_CACNA1H_LHX9",0.539407526813328
"_TTTCGATCATAGAATG-1","Glut-CACNA1H-RA","Ex_CACNA1H_LHX9",0.553550898464159
"_TTTGACTGTCTTGCGG-1","Glut-CACNA1H-2","Ex_CACNA1H_LHX9",0.960125758550648
"_TTTGGAGCATGGCCCA-1","Glut-CACNA1H-RA","Ex_CACNA1H_LHX9",0.651641343699143
"_TTTGGTTAGTTCCGTA-1","Glut-CACNA1H-RA","Ex_CACNA1H_LHX9",0.757365921900724
"_TTTGTTGAGTCATGCT-1","Glut-CACNA1H-RA","Ex_CACNA1H_LHX9",0.707837412892361
"_AAACCCACACTGGCGT-2","Glut-CACNA1H-3","Ex_CACNA1H_LHX9",0.846322219244589
"_AAACCCAGTAGAGGAA-2","Glut-CACNA1H-1","Ex_CACNA1H_LHX9",0.96209233002194
"_AAACCCAGTCTACGTA-2","Glut-CACNA1H-2","Ex_DACH2_NR4A3",0.385914876184475
"_AAACCCATCTTACACT-2","Glut-CACNA1H-2","Ex_CACNA1H_LHX9",0.640789672995649
"_AAACGAAGTTGCTAGT-2","Glut-CACNA1H-2","Ex_CACNA1H_LHX9",0.786792916508933
"_AAACGAATCTGGCTGG-2","Glut-CACNA1H-3","Ex_DACH2_NR4A3",0.485095492177591
"_AAACGCTAGATGGTAT-2","Glut-CACNA1H-2","Ex_Pre_KCNH7",0.412997929473476
"_AAACGCTCACGAAAGC-2","Glut-CACNA1H-4","Ex_CACNA1H_LHX9",0.926882148388681
"_AAAGAACCACTTGACA-2","Glut-CACNA1H-1","Ex_CACNA1H_LHX9",0.916706919044829
"_AAAGAACCACTTTAGG-2","Glut-CACNA1H-3","Ex_TSHZ2_NR4A2",0.4312114117855
"_AAAGAACTCGCACTCT-2","Glut-CACNA1H-4","Ex_CACNA1H_LHX9",0.978910695012665
"_AAAGAACTCGGCGATC-2","Glut-CACNA1H-4","Ex_CACNA1H_LHX9",0.867744840488158
"_AAAGGATCAGCTACAT-2","Glut-DACH2-1","Ex_DACH2_MGAT4C",0.532695319790985
"_AAAGGATGTGCGTTTA-2","Glut-CACNA1H-3","Ex_CACNA1H_LHX9",0.95697401409205
"_AAAGGGCCAACTGATC-2","Glut-CACNA1H-2","Ex_CACNA1H_LHX9",0.495140336057782
"_AAAGGTATCATTGCCC-2","Glut-CACNA1H-2","Ex_CACNA1H_LHX9",0.456769238996437
"_AAAGGTATCGGCTTCT-2","Glut-CACNA1H-2","Ex_CACNA1H_LHX9",0.558871803993792
"_AAAGTCCGTATGCGTT-2","Glut-CACNA1H-1","Ex_CACNA1H_LHX9",0.937948409172023
"_AAAGTGAGTCCTTAAG-2","Glut-DACH2-2","Ex_DACH2_LHX2",0.489272886169567
"_AAAGTGATCGAGTACT-2","Glut-CACNA1H-1","Ex_CACNA1H_LHX9",0.924934645542526
"_AAAGTGATCTGATTCT-2","Glut-CACNA1H-2","Ex_CACNA1H_LHX9",0.875208542268669
"_AAATGGAAGGTAGGCT-2","Glut-CACNA1H-1","Ex_CACNA1H_LHX9",0.88800017332058
"_AAATGGAAGGTAGTAT-2","Glut-CACNA1H-1","Ex_CACNA1H_LHX9",0.914726381663692
"_AAATGGATCAAGTGTC-2","Glut-CACNA1H-3","Ex_CACNA1H_LHX9",0.964961114371364
"_AACAAAGAGCGGATCA-2","Glut-CACNA1H-1","Ex_CACNA1H_LHX9",0.892523430645434
"_AACACACAGCATGGGT-2","Glut-CACNA1H-1","Ex_Pre_KCNH7",0.462674053457344
"_AACACACCAAAGACGC-2","Glut-CACNA1H-2","Ex_CACNA1H_LHX9",0.576595746764432
"_AACACACTCCACTGGG-2","Glut-CACNA1H-2","Ex_CACNA1H_LHX9",0.629109771139034
"_AACAGGGGTGAGATTA-2","Glut-CACNA1H-2","Ex_CACNA1H_LHX9",0.715337896453712
"_AACAGGGGTTGTATGC-2","Glut-CACNA1H-1","Ex_CACNA1H_LHX9",0.933208262899379
"_AACAGGGTCTACCAGA-2","Glut-CACNA1H-3","Ex_CACNA1H_LHX9",0.94190756857693
"_AACCAACCAGTGAGCA-2","Glut-CACNA1H-4","Ex_CACNA1H_LHX9",0.988734840435942
"_AACCACACAGACTGCC-2","Glut-CACNA1H-2","Ex_CACNA1H_LHX9",0.454066860495172
"_AACCACAGTTCGGCGT-2","Glut-CACNA1H-1","Ex_CACNA1H_LHX9",0.862810455758579
"_AACCATGAGAACGTGC-2","Glut-CACNA1H-3","Ex_CACNA1H_LHX9",0.736863812893352
"_AACCTGAAGTGGATAT-2","Glut-CACNA1H-3","Ex_CACNA1H_LHX9",0.823422398319264
"_AACCTTTAGCTCATAC-2","Glut-CACNA1H-2","Ex_CACNA1H_LHX9",0.525444484772105
"_AACCTTTAGGCTCACC-2","Glut-CACNA1H-1","Ex_CACNA1H_LHX9",0.84334812472468
"_AACCTTTCATTAAGCC-2","Glut-CACNA1H-1","Ex_CACNA1H_LHX9",0.933925037853408
"_AACGAAACAGGTATGG-2","Glut-CACNA1H-1","Ex_CACNA1H_LHX9",0.975444433794263
"_AACGGGACAAGCGGAT-2","Glut-CACNA1H-1","Ex_CACNA1H_LHX9",0.439540507079704
"_AACGGGACACACCGAC-2","Glut-CACNA1H-2","Ex_CACNA1H_LHX9",0.384073226490886
"_AACGGGAGTAGCGAGT-2","Glut-CACNA1H-2","Ex_CACNA1H_LHX9",0.539009428836404
"_AACGGGAGTTGTGTAC-2","Glut-CACNA1H-1","Ex_CACNA1H_LHX9",0.819274072328454
"_AACGGGATCATGAGTC-2","Glut-CACNA1H-1","Ex_CACNA1H_LHX9",0.892425656851459
"_AACGGGATCCGTCCTA-2","Glut-CACNA1H-1","Ex_CACNA1H_LHX9",0.883529365180804
"_AACGTCAAGAGAGTTT-2","Glut-CACNA1H-2","Ex_CACNA1H_LHX9",0.672676527699965
"_AACGTCAGTAGGTAGC-2","Glut-CACNA1H-1","Ex_CACNA1H_LHX9",0.738631900332176
"_AACGTCATCAAACGAA-2","Glut-CACNA1H-3","Ex_CACNA1H_LHX9",0.953263978825933
"_AAGAACAGTCGCCACA-2","Glut-CACNA1H-2","Ex_CACNA1H_LHX9",0.316034355770701
"_AAGAACATCCATTCGC-2","Glut-CACNA1H-3","Ex_CACNA1H_LHX9",0.903064999594446
"_AAGACAACACTCGATA-2","Glut-CACNA1H-1","Ex_CACNA1H_LHX9",0.950277422004692
"_AAGACAACACTCTGCT-2","Glut-CACNA1H-1","Ex_CACNA1H_LHX9",0.920762102547432
"_AAGACAATCACCGCTT-2","Glut-CACNA1H-1","Ex_DACH2_NR4A3",0.466212917393471
"_AAGACAATCACGTCCT-2","Glut-CACNA1H-RA","Ex_CACNA1H_LHX9",0.740483546705585
"_AAGACTCTCACTGTTT-2","Glut-CACNA1H-1","Ex_CACNA1H_LHX9",0.875029610097678
"_AAGATAGGTTTCACAG-2","Glut-CACNA1H-2","Ex_CACNA1H_LHX9",0.638535136599414
"_AAGCATCCAAGATCCT-2","Glut-CACNA1H-2","Ex_CACNA1H_LHX9",0.62502988534052
"_AAGCCATAGGGATGTC-2","Glut-CACNA1H-2","Ex_CACNA1H_LHX9",0.847381056541677
"_AAGCCATAGTGGCAGT-2","Glut-CACNA1H-4","Ex_CACNA1H_LHX9",0.97536141299616
"_AAGCCATTCAGTGTGT-2","Glut-CACNA1H-1","Ex_CACNA1H_LHX9",0.982918989747143
"_AAGCGAGAGACATATG-2","Glut-CACNA1H-2","Ex_CACNA1H_LHX9",0.634024707217735
"_AAGCGAGAGCAGCACA-2","Glut-CACNA1H-3","Ex_CACNA1H_LHX9",0.837479456697407
"_AAGCGAGAGGAGCTGT-2","Glut-CACNA1H-2","Ex_CACNA1H_LHX9",0.55992980248567
"_AAGCGTTAGTTCCGTA-2","Glut-CACNA1H-2","Ex_CACNA1H_LHX9",0.733363490485019
"_AAGCGTTGTAGTCTGT-2","Glut-CACNA1H-2","Ex_CACNA1H_LHX9",0.441301872038766
"_AAGGAATAGACCAGCA-2","Glut-CACNA1H-2","Ex_DACH2_NR4A3",0.517420218505085
"_AAGGAATCAGAGATTA-2","Glut-CACNA1H-1","Ex_CACNA1H_LHX9",0.91998191764071
"_AAGGAATCAGGTTCCG-2","Glut-CACNA1H-2","Ex_DACH2_NR4A3",0.351316598113567
"_AAGGAATGTCAGGCAA-2","Glut-CACNA1H-2","Ex_Pre_SATB2",0.273275483924707
"_AAGTACCAGTAAGCAT-2","Glut-CACNA1H-3","Ex_CACNA1H_LHX9",0.92426846778847
"_AAGTACCCACAATTCG-2","Glut-CACNA1H-2","Ex_CACNA1H_LHX9",0.662741845995262
"_AAGTACCGTACGTAGG-2","Glut-CACNA1H-3","Ex_CACNA1H_LHX9",0.358844870114979
"_AAGTGAACATCTCAAG-2","Glut-CACNA1H-3","Ex_CACNA1H_LHX9",0.885647388335966
"_AAGTTCGAGAACGCGT-2","Glut-CACNA1H-2","Ex_Pre_SATB2",0.437567803970253
"_AAGTTCGCAAGTGGCA-2","Glut-CACNA1H-3","Ex_CACNA1H_LHX9",0.87186471246187
"_AAGTTCGGTCAACCTA-2","Glut-CACNA1H-2","Ex_CACNA1H_LHX9",0.401495995920551
"_AAGTTCGTCCATACTT-2","Glut-CACNA1H-1","Ex_CACNA1H_LHX9",0.453862614510489
"_AAGTTCGTCTGAATCG-2","Glut-CACNA1H-1","Ex_CACNA1H_LHX9",0.922588424263665
"_AAGTTCGTCTTCGGTC-2","Glut-CACNA1H-3","Ex_CACNA1H_LHX9",0.390115541084659
"_AATAGAGCATGGCACC-2","Glut-CACNA1H-4","Ex_CACNA1H_LHX9",0.974580607655081
"_AATAGAGTCCCGTGAG-2","Glut-CACNA1H-2","Ex_CACNA1H_LHX9",0.499527717837519
"_AATAGAGTCGAAGGAC-2","Glut-CACNA1H-2","Ex_CACNA1H_LHX9",0.518805117275287
"_AATCACGCACTTTAGG-2","Glut-CACNA1H-2","Ex_CACNA1H_LHX9",0.888536252130552
"_AATCACGGTCGTGTTA-2","Glut-CACNA1H-1","Ex_CACNA1H_LHX9",0.9123152195525
"_AATCACGGTGGTCTTA-2","Glut-CACNA1H-3","Ex_CACNA1H_LHX9",0.944438382092455
"_AATCGACAGGGCGAAG-2","Glut-DACH2-4","Ex_DACH2_ITGA9",0.753814045957496
"_AATCGACCACAATTCG-2","Glut-CACNA1H-1","Ex_CACNA1H_LHX9",0.960690988879997
"_AATCGACTCAGATTGC-2","Glut-CACNA1H-3","Ex_CACNA1H_LHX9",0.799611000554173
"_AATCGACTCAGGAAAT-2","Glut-CACNA1H-2","Ex_CACNA1H_LHX9",0.740974785921466
"_AATCGTGCATCAGTGT-2","Glut-CACNA1H-1","Ex_CACNA1H_LHX9",0.893211552975703
"_AATGAAGGTTGCAACT-2","Glut-DACH2-2","Ex_DACH2_NR4A3",0.722261577616118
"_AATGCCAAGGATCACG-2","Glut-CACNA1H-3","Ex_CACNA1H_LHX9",0.820806922870088
"_AATGCCATCTAGACAC-2","Glut-CACNA1H-3","Ex_CACNA1H_LHX9",0.704778640891499
"_AATGGAAGTATCATGC-2","Glut-CACNA1H-2","Ex_CACNA1H_LHX9",0.658913984127237
"_AATGGAATCAAAGACA-2","Glut-CACNA1H-3","Ex_CACNA1H_LHX9",0.948661367793548
"_AATGGCTAGAAGTCAT-2","Glut-CACNA1H-2","Ex_CACNA1H_LHX9",0.523374448374539
"_AATGGCTAGCAGTAAT-2","Glut-CACNA1H-2","Ex_CACNA1H_LHX9",0.373999692051994
"_AATGGCTGTAACACCT-2","Glut-CACNA1H-2","Ex_CACNA1H_LHX9",0.877477115826408
"_AATGGCTGTACGACAG-2","Glut-CACNA1H-2","Ex_Pre_KCNH7",0.34561967084021
"_AATGGCTGTGTAAATG-2","Glut-CACNA1H-2","Ex_CACNA1H_LHX9",0.470284939753515
"_AATTCCTTCACAAGGG-2","Glut-CACNA1H-3","Ex_CACNA1H_LHX9",0.352021942627677
"_AATTTCCAGGAACGCT-2","Glut-CACNA1H-3","Ex_CACNA1H_LHX9",0.808278652580206
"_AATTTCCTCAATCTTC-2","Glut-CACNA1H-3","Ex_CACNA1H_LHX9",0.884414025857909
"_ACAAAGACAATAAGGT-2","Glut-CACNA1H-4","Ex_CACNA1H_LHX9",0.997692066331723
"_ACAACCAAGGGCCAAT-2","Glut-DACH2-2","Ex_DACH2_SLIT2",0.33772619657018
"_ACAACCACATACACCA-2","Glut-CACNA1H-1","Ex_CACNA1H_LHX9",0.824313597002232
"_ACACCAACAACTGATC-2","Glut-CACNA1H-1","Ex_CACNA1H_LHX9",0.902436214043686
"_ACACCAACACCATAAC-2","Glut-CACNA1H-3","Ex_CACNA1H_LHX9",0.761916993889443
"_ACACGCGAGACCTCAT-2","Glut-CACNA1H-1","Ex_CACNA1H_LHX9",0.883493930162262
"_ACACTGAAGGTCGTAG-2","Glut-CACNA1H-2","Ex_CACNA1H_LHX9",0.717316989357188
"_ACACTGACAAAGGGCT-2","Glut-CACNA1H-3","Ex_Pre_SATB2",0.504701264434752
"_ACACTGATCAGCTAGT-2","Glut-CACNA1H-2","Ex_CACNA1H_LHX9",0.478512071476882
"_ACACTGATCTGGAGAG-2","Glut-CACNA1H-2","Ex_TSHZ2_NR4A2",0.61641512775616
"_ACAGAAACATCGGATT-2","Glut-CACNA1H-4","Ex_CACNA1H_LHX9",0.97265271627033
"_ACAGAAAGTGGCACTC-2","Glut-CACNA1H-4","Ex_CACNA1H_LHX9",0.958289392469817
"_ACAGAAAGTTGGCTAT-2","Glut-CACNA1H-2","Ex_CACNA1H_LHX9",0.757775282600736
"_ACAGCCGGTAGATCCT-2","Glut-CACNA1H-2","Ex_CACNA1H_LHX9",0.612865526469265
"_ACAGCCGGTGCTGTCG-2","Glut-CACNA1H-1","Ex_CACNA1H_LHX9",0.956783957226437
"_ACAGCCGTCTACCCAC-2","Glut-CACNA1H-2","Ex_CACNA1H_LHX9",0.481636097150712
"_ACAGGGAAGAGCACTG-2","Glut-CACNA1H-1","Ex_CACNA1H_LHX9",0.844716758938733
"_ACAGGGAAGGTAGGCT-2","Glut-CACNA1H-2","Ex_CACNA1H_LHX9",0.452767835967258
"_ACAGGGACAAGTGCAG-2","Glut-CACNA1H-3","Ex_CACNA1H_LHX9",0.918981649577357
"_ACAGGGATCCTACACC-2","Glut-CACNA1H-3","Ex_CACNA1H_LHX9",0.923887650455628
"_ACATCCCAGCGAACTG-2","Glut-CACNA1H-2","Ex_CACNA1H_LHX9",0.470682588760378
"_ACATCCCCAAATCGTC-2","Glut-CACNA1H-3","Ex_CACNA1H_LHX9",0.866819186970189
"_ACATCCCCAGCGTTTA-2","Glut-CACNA1H-1","Ex_CACNA1H_LHX9",0.897135452961308
"_ACATCGAAGGCCCAAA-2","Glut-CACNA1H-1","Ex_CACNA1H_LHX9",0.897742058512784
"_ACATGCAAGATTGATG-2","Glut-CACNA1H-1","Ex_CACNA1H_LHX9",0.983632866986862
"_ACATGCATCTACACAG-2","Glut-CACNA1H-1","Ex_CACNA1H_LHX9",0.950043112747534
"_ACATTTCAGATGACAT-2","Glut-CACNA1H-2","Ex_CACNA1H_LHX9",0.677821755984832
"_ACATTTCAGTGAGTTA-2","Glut-CACNA1H-4","Ex_CACNA1H_LHX9",0.982538860493106
"_ACATTTCCACCGGTCA-2","Glut-CACNA1H-2","Ex_DACH2_NR4A3",0.817499590625741
"_ACCAAACTCGCAGTGC-2","Glut-CACNA1H-1","Ex_CACNA1H_LHX9",0.890509914827526
"_ACCAAACTCGTTGTTT-2","Glut-CACNA1H-2","Ex_CACNA1H_LHX9",0.57097990971574
"_ACCAACAAGTCTCTGA-2","Glut-CACNA1H-3","Ex_CACNA1H_LHX9",0.815654182255186
"_ACCAACAGTCTCACAA-2","Glut-CACNA1H-2","Ex_CACNA1H_LHX9",0.823816299436208
"_ACCACAAAGAAACACT-2","Glut-CACNA1H-2","Ex_CACNA1H_LHX9",0.482037140195763
"_ACCACAAAGAGTAACT-2","Glut-DACH2-1","Ex_DACH2_LUZP2",0.330051819180969
"_ACCACAACAACACTAC-2","Glut-CACNA1H-2","Ex_DACH2_NR4A3",0.389493746206
"_ACCATTTCAATAGAGT-2","Glut-CACNA1H-2","Ex_CACNA1H_LHX9",0.508931288181005
"_ACCATTTCACTCATAG-2","Glut-CACNA1H-2","Ex_CACNA1H_LHX9",0.552311030252033
"_ACCCAAAAGAATAACC-2","Glut-CACNA1H-2","Ex_CACNA1H_LHX9",0.719399027043569
"_ACCCAAAAGGGATGTC-2","Glut-CACNA1H-2","Ex_CACNA1H_MCTP2",0.279399091062401
"_ACCCAAAAGGGCAGGA-2","Glut-CACNA1H-4","Ex_CACNA1H_LHX9",1
"_ACCCAAACACCTTCCA-2","Glut-CACNA1H-2","Ex_CACNA1H_LHX9",0.437387873774298
"_ACCCAAAGTCTCCCTA-2","Glut-CACNA1H-1","Ex_CACNA1H_LHX9",0.848661563941464
"_ACCCTCAGTCATAAAG-2","Glut-CACNA1H-4","Ex_CACNA1H_LHX9",0.971267012679368
"_ACCCTTGAGTTGGAGC-2","Glut-CACNA1H-3","Ex_CACNA1H_LHX9",0.768210274341969
"_ACCGTTCTCCTCTAAT-2","Glut-CACNA1H-2","Ex_CACNA1H_LHX9",0.490594346660493
"_ACCGTTCTCGATTGAC-2","Glut-DACH2-HVCra-Pre","Ex_DACH2_MGAT4C",0.425692453135812
"_ACCGTTCTCGCTGTCT-2","Glut-CACNA1H-2","Ex_CACNA1H_LHX9",0.837859480290542
"_ACCTACCCACAAGCAG-2","Glut-CACNA1H-1","Ex_CACNA1H_LHX9",0.775259240097681
"_ACCTGAACATCGAGCC-2","Glut-CACNA1H-1","Ex_CACNA1H_LHX9",0.88766140425077
"_ACCTGTCAGATTGATG-2","Glut-CACNA1H-1","Ex_CACNA1H_LHX9",0.941699882941598
"_ACCTGTCAGGATGCGT-2","Glut-CACNA1H-1","Ex_CACNA1H_LHX9",0.632395656242309
"_ACCTGTCTCCTACACC-2","Glut-CACNA1H-2","Ex_CACNA1H_LHX9",0.58942977816733
"_ACCTGTCTCGGTGCAC-2","Glut-CACNA1H-1","Ex_CACNA1H_LHX9",0.76490793295207
"_ACGATCATCATTTCCA-2","Glut-CACNA1H-1","Ex_CACNA1H_LHX9",0.523161055404071
"_ACGATCATCCCTCGAT-2","Glut-CACNA1H-2","Ex_CACNA1H_LHX9",0.668433151276336
"_ACGATCATCGTTCCTG-2","Glut-CACNA1H-2","Ex_CACNA1H_LHX9",0.388514914821445
"_ACGATGTGTAAGGCCA-2","Glut-CACNA1H-4","Ex_CACNA1H_LHX9",0.980539984660389
"_ACGCACGAGAGCTTTC-2","Glut-CACNA1H-1","Ex_CACNA1H_LHX9",0.88013224044908
"_ACGCACGAGTCCTGCG-2","Glut-CACNA1H-1","Ex_CACNA1H_LHX9",0.982162667354657
"_ACGGAAGAGGCAGGGA-2","Glut-CACNA1H-2","Ex_CACNA1H_LHX9",0.628914373735841
"_ACGGAAGCAGGTGACA-2","Glut-CACNA1H-4","Ex_CACNA1H_LHX9",0.989129572260056
"_ACGGGTCAGCCAAGGT-2","Glut-CACNA1H-3","Ex_DACH2_NR4A3",0.557075052592822
"_ACGGGTCTCCTTCAGC-2","Glut-CACNA1H-1","Ex_CACNA1H_LHX9",0.924960952234661
"_ACGGTCGAGGTTACAA-2","Glut-CACNA1H-2","Ex_CACNA1H_LHX9",0.297702282448181
"_ACGGTTAAGCAGGCAT-2","Glut-CACNA1H-2","Ex_CACNA1H_LHX9",0.666142434781623
"_ACGGTTACACAGTCAT-2","Glut-CACNA1H-2","Ex_CACNA1H_LHX9",0.748080341488401
"_ACGGTTATCAGTGTGT-2","Glut-CACNA1H-2","Ex_CACNA1H_LHX9",0.545793153390592
"_ACGTAACCAAGTGACG-2","Glut-CACNA1H-1","Ex_CACNA1H_LHX9",0.89921800982956
"_ACGTAACTCTGGCCAG-2","Glut-CACNA1H-1","Ex_CACNA1H_LHX9",0.924754566080693
"_ACGTACAAGAGGCCAT-2","Glut-CACNA1H-1","Ex_CACNA1H_LHX9",0.948746762518116
"_ACGTACACACAAGTGG-2","Glut-CACNA1H-RA","Ex_CACNA1H_LHX9",0.662275211219808
"_ACGTACACACGTACTA-2","Glut-DACH2-3","Ex_DACH2_SLIT2",0.752354421818442
"_ACGTACATCCAGTGTA-2","Glut-CACNA1H-1","Ex_CACNA1H_LHX9",0.872424340406807
"_ACGTAGTGTCCATACA-2","Glut-CACNA1H-2","Ex_CACNA1H_LHX9",0.799898394927934
"_ACGTAGTTCACAGAGG-2","Glut-CACNA1H-2","Ex_Pre_KCNH7",0.319353518329815
"_ACGTCCTCAATAGTGA-2","Glut-CACNA1H-1","Ex_DACH2_NR4A3",0.500058635123666
"_ACGTCCTCACCTCAGG-2","Glut-CACNA1H-2","Ex_DACH2_NR4A3",0.772915189110978
"_ACGTCCTTCACCACAA-2","Glut-CACNA1H-2","Ex_CACNA1H_LHX9",0.796262687188767
"_ACGTTCCCATGGCGCT-2","Glut-CACNA1H-3","Ex_CACNA1H_LHX9",0.676504518647066
"_ACGTTCCTCCGTTGAA-2","Glut-CACNA1H-1","Ex_CACNA1H_LHX9",0.67313968227589
"_ACTACGACAGTCTCTC-2","Glut-CACNA1H-2","Ex_CACNA1H_LHX9",0.491045369559964
"_ACTATCTAGGTCATCT-2","Glut-CACNA1H-1","Ex_CACNA1H_LHX9",0.922234733842982
"_ACTATCTTCGTCACCT-2","Glut-DACH2-2","Ex_DACH2_MGAT4C",0.42831222680764
"_ACTATGGAGCGCATCC-2","Glut-CACNA1H-1","Ex_CACNA1H_LHX9",0.944906403078916
"_ACTATGGTCTGACAGT-2","Glut-CACNA1H-1","Ex_CACNA1H_LHX9",0.955766620419488
"_ACTATTCCAATAGAGT-2","Glut-CACNA1H-3","Ex_CACNA1H_LHX9",0.844405039362682
"_ACTATTCCACGTCTCT-2","Glut-CACNA1H-2","Ex_CACNA1H_LHX9",0.789647138032118
"_ACTATTCCACTACACA-2","Glut-CACNA1H-1","Ex_CACNA1H_LHX9",0.767212914037111
"_ACTCCCAGTGTCTAAC-2","Glut-CACNA1H-2","Ex_CACNA1H_LHX9",0.60518034660703
"_ACTCTCGAGCGCATCC-2","Glut-CACNA1H-2","Ex_CACNA1H_LHX9",0.684583859388729
"_ACTCTCGCACGCACCA-2","Glut-CACNA1H-2","Ex_CACNA1H_LHX9",0.427548428446312
"_ACTGATGGTCTAGATC-2","Glut-CACNA1H-2","Ex_CACNA1H_LHX9",0.557572784492939
"_ACTGATGGTGGTATGG-2","Glut-CACNA1H-1","Ex_Pre_KCNH7",0.524530935778307
"_ACTGCAAAGCCTCAGC-2","Glut-CACNA1H-3","Ex_CACNA1H_LHX9",0.862407049469419
"_ACTGTCCAGCATGAAT-2","Glut-CACNA1H-1","Ex_CACNA1H_LHX9",0.943593187527985
"_ACTGTCCAGCCTATTG-2","Glut-CACNA1H-2","Ex_CACNA1H_LHX9",0.331716669661839
"_ACTGTGATCGCTACGG-2","Glut-CACNA1H-3","Ex_CACNA1H_LHX9",0.68627329001187
"_ACTTAGGCACTGCGAC-2","Glut-CACNA1H-3","Ex_CACNA1H_LHX9",0.581293963116635
"_ACTTATCAGTTGGGAC-2","Glut-CACNA1H-2","Ex_CACNA1H_LHX9",0.88459184432437
"_ACTTCCGAGAGAGAAC-2","Glut-CACNA1H-3","Ex_CACNA1H_LHX9",0.49569509039935
"_ACTTCCGGTATGCGGA-2","Glut-CACNA1H-1","Ex_CACNA1H_LHX9",0.991210505286695
"_ACTTCCGGTCAGATTC-2","Glut-CACNA1H-2","Ex_CACNA1H_LHX9",0.660834615162353
"_ACTTCCGGTGGTTTAC-2","Glut-CACNA1H-2","Ex_CACNA1H_LHX9",0.507643815421673
"_ACTTCCGTCCGAGATT-2","Glut-CACNA1H-2","Ex_CACNA1H_LHX9",0.241899271571647
"_ACTTTCAAGTCTGGTT-2","Glut-CACNA1H-4","Ex_CACNA1H_LHX9",0.944758146664537
"_ACTTTGTGTCAAAGAT-2","Glut-CACNA1H-1","Ex_CACNA1H_LHX9",0.972004792099559
"_ACTTTGTGTTGCCGCA-2","Glut-CACNA1H-2","Ex_CACNA1H_LHX9",0.538914063948649
"_ACTTTGTTCCAAGCCG-2","Glut-CACNA1H-2","Ex_CACNA1H_LHX9",0.384877899999536
"_AGAACAAAGTCCCAGC-2","Glut-CACNA1H-1","Ex_CACNA1H_LHX9",0.910968053832309
"_AGAACAACATGTGGTT-2","Glut-CACNA1H-4","Ex_CACNA1H_LHX9",1
"_AGAACAAGTACGAGTG-2","Glut-CACNA1H-1","Ex_CACNA1H_LHX9",0.933278595103454
"_AGAACAATCACCATCC-2","Glut-CACNA1H-3","Ex_CACNA1H_LHX9",0.816272426005583
"_AGAACAATCTAGCAAC-2","Glut-CACNA1H-2","Ex_CACNA1H_LHX9",0.297149420558102
"_AGAACCTGTCTCGACG-2","Glut-CACNA1H-1","Ex_CACNA1H_LHX9",0.464802122977078
"_AGAAGCGAGACGCATG-2","Glut-CACNA1H-3","Ex_CACNA1H_LHX9",0.834348022272616
"_AGAAGCGCACAATGTC-2","Glut-CACNA1H-1","Ex_CACNA1H_LHX9",0.767566469106844
"_AGAAGTAAGAGTCGAC-2","Glut-CACNA1H-1","Ex_CACNA1H_LHX9",0.952826936846005
"_AGAAGTAAGGGAGTGG-2","Glut-CACNA1H-2","Ex_CACNA1H_LHX9",0.89329366101186
"_AGAAGTACAAACTGCT-2","Glut-CACNA1H-3","Ex_CACNA1H_LHX9",0.948048093389505
"_AGACAAAAGCTCGGCT-2","Glut-CACNA1H-2","Ex_CACNA1H_LHX9",0.322805860553198
"_AGACAAACATGGCTAT-2","Glut-CACNA1H-1","Ex_CACNA1H_LHX9",0.971008628409101
"_AGACAAATCATTACGG-2","Glut-CACNA1H-2","Ex_CACNA1H_LHX9",0.670233090408761
"_AGACACTCAAGAAACT-2","Glut-CACNA1H-1","Ex_CACNA1H_LHX9",0.717798723415773
"_AGACACTGTCGAGCAA-2","Glut-CACNA1H-1","Ex_CACNA1H_LHX9",0.947242844235675
"_AGACACTTCCAGGACC-2","Glut-CACNA1H-1","Ex_CACNA1H_LHX9",0.939009909117614
"_AGACACTTCCTCGATC-2","Glut-CACNA1H-3","Ex_Pre_KCNH7",0.22387135034867
"_AGACACTTCGTGGACC-2","Glut-CACNA1H-1","Ex_CACNA1H_LHX9",0.952511460812493
"_AGACAGGAGCGGTAGT-2","Glut-CACNA1H-4","Ex_CACNA1H_LHX9",0.508438731431631
"_AGACAGGCACCCTGAG-2","Glut-CACNA1H-2","Ex_CACNA1H_LHX9",0.287605559746549
"_AGACAGGTCATTGCCC-2","Glut-CACNA1H-1","Ex_CACNA1H_LHX9",0.953774025980446
"_AGACAGGTCCTACGGG-2","Glut-CACNA1H-1","Ex_CACNA1H_LHX9",0.830727196812505
"_AGACCATCACGCTATA-2","Glut-CACNA1H-1","Ex_CACNA1H_LHX9",0.883391492107736
"_AGACCATGTTAAGAAC-2","Glut-CACNA1H-2","Ex_DACH2_NR4A3",0.448969280719562
"_AGACCATGTTCGGCTG-2","Glut-CACNA1H-1","Ex_CACNA1H_LHX9",0.954808414330992
"_AGACCATGTTTGGGAG-2","Glut-CACNA1H-1","Ex_CACNA1H_LHX9",0.938529746367431
"_AGACCCGCAAACAGGC-2","Glut-DACH2-1","Ex_DACH2_MGAT4C",0.350952860451825
"_AGACCCGCACATAACC-2","Glut-CACNA1H-3","Ex_CACNA1H_LHX9",0.837058091386481
"_AGACCCGGTAGTTCCA-2","Glut-CACNA1H-2","Ex_CACNA1H_LHX9",0.727295865583757
"_AGACCCGGTGAAGCTG-2","Glut-CACNA1H-3","Ex_CACNA1H_LHX9",0.381660189858947
"_AGACCCGGTGTCGATT-2","Glut-CACNA1H-4","Ex_CACNA1H_LHX9",0.975747076081874
"_AGACCCGTCGACATCA-2","Glut-CACNA1H-1","Ex_CACNA1H_LHX9",0.931970563784769
"_AGACCCGTCTTTCCGG-2","Glut-CACNA1H-2","Ex_CACNA1H_LHX9",0.619447099621886
"_AGACTCAAGCGAACTG-2","Glut-CACNA1H-4","Ex_CACNA1H_LHX9",0.979539956354058
"_AGACTCAAGTTTCGGT-2","Glut-CACNA1H-2","Ex_CACNA1H_LHX9",0.586099723983217
"_AGACTCAGTGAACTAA-2","Glut-CACNA1H-1","Ex_CACNA1H_LHX9",0.982735047849827
"_AGAGAATAGACTTGTC-2","Glut-CACNA1H-2","Ex_Pre_SATB2",0.476404842736804
"_AGAGAATAGGGCTAAC-2","Glut-CACNA1H-2","Ex_CACNA1H_LHX9",0.583355983890778
"_AGAGAATTCAGGACGA-2","Glut-CACNA1H-1","Ex_CACNA1H_LHX9",0.9910541313912
"_AGAGAGCGTAAGTTAG-2","Glut-CACNA1H-4","Ex_CACNA1H_LHX9",0.998508306627717
"_AGAGCCCAGGTCGCCT-2","Glut-CACNA1H-2","Ex_CACNA1H_LHX9",0.445126740599652
"_AGAGCCCCAAACAGGC-2","Glut-CACNA1H-2","Ex_CACNA1H_LHX9",0.741751730169127
"_AGAGCCCTCTCCAAGA-2","Glut-CACNA1H-2","Ex_CACNA1H_LHX9",0.516652751666369
"_AGATAGAGTCCAGCAC-2","Glut-CACNA1H-1","Ex_CACNA1H_LHX9",0.885829475729323
"_AGATCGTGTGAGTCAG-2","Glut-CACNA1H-1","Ex_DACH2_NR4A3",0.48760975126045
"_AGATCGTTCAACCTTT-2","Glut-CACNA1H-RA","Ex_CACNA1H_LHX9",0.72999961123249
"_AGATGAAAGGCGATAC-2","Glut-CACNA1H-1","Ex_CACNA1H_LHX9",0.938616229673682
"_AGATGAATCAACTCTT-2","Glut-CACNA1H-1","Ex_CACNA1H_LHX9",0.594209163811488
"_AGCCAATGTCGAGCAA-2","Glut-CACNA1H-2","Ex_CACNA1H_LHX9",0.61792941840876
"_AGCCACGCAATCGAAA-2","Glut-CACNA1H-2","Ex_CACNA1H_LHX9",0.61791373495556
"_AGCCAGCAGGCCTGAA-2","Glut-CACNA1H-3","Ex_CACNA1H_LHX9",0.898548959466164
"_AGCCAGCCAGACCTGC-2","Glut-CACNA1H-2","Ex_TSHZ2_NR4A2",0.295536581129307
"_AGCCAGCGTTGCATCA-2","Glut-CACNA1H-1","Ex_CACNA1H_LHX9",0.726453818575752
"_AGCGATTGTACGCTAT-2","Glut-CACNA1H-1","Ex_CACNA1H_LHX9",0.784497028275303
"_AGCGATTTCTAGTGAC-2","Glut-CACNA1H-2","Ex_CACNA1H_LHX9",0.736659345306142
"_AGCGCCACAAGATGGC-2","Glut-DACH2-1","Ex_DACH2_MGAT4C",0.527506226502088
"_AGCGCCAGTAGTCACT-2","Glut-CACNA1H-4","Ex_CACNA1H_LHX9",0.926635234592349
"_AGCGCCATCTGCGTCT-2","Glut-CACNA1H-1","Ex_CACNA1H_LHX9",0.593429311226539
"_AGCGCTGTCAACCGAT-2","Glut-CACNA1H-4","Ex_CACNA1H_LHX9",1
"_AGCGTATGTCGTCATA-2","Glut-CACNA1H-2","Ex_CACNA1H_LHX9",0.692800489031978
"_AGCTACACAAATAAGC-2","Glut-CACNA1H-1","Ex_CACNA1H_LHX9",0.905040781339173
"_AGCTACAGTATCGTTG-2","Glut-CACNA1H-3","Ex_CACNA1H_LHX9",0.392910188302955
"_AGCTACAGTGGGACAT-2","Glut-CACNA1H-2","Ex_CACNA1H_LHX9",0.384402424811851
"_AGCTACATCAGACAAA-2","Glut-CACNA1H-2","Ex_Pre_SATB2",0.356797930655223
"_AGCTCAAAGCTTAGTC-2","Glut-CACNA1H-1","Ex_CACNA1H_LHX9",0.935193173190291
"_AGCTCAAGTCTGGTTA-2","Glut-CACNA1H-2","Ex_CACNA1H_LHX9",0.748316974449259
"_AGCTTCCAGAGTGACC-2","Glut-CACNA1H-2","Ex_CACNA1H_LHX9",0.783112325306634
"_AGCTTCCAGGTCACTT-2","Glut-CACNA1H-2","Ex_DACH2_NR4A3",0.357180553903202
"_AGCTTCCCACATTACG-2","Glut-CACNA1H-1","Ex_CACNA1H_LHX9",0.889270714112233
"_AGCTTCCGTCGCATCG-2","Glut-CACNA1H-1","Ex_CACNA1H_LHX9",0.926744357920039
"_AGGAAATCAGCTGTAT-2","Glut-CACNA1H-3","Ex_CACNA1H_LHX9",0.50070837333565
"_AGGACTTCAGAACCGA-2","Glut-CACNA1H-2","Ex_CACNA1H_LHX9",0.650545026310056
"_AGGAGGTCACCTGATA-2","Glut-CACNA1H-2","Ex_CACNA1H_LHX9",0.716802547718429
"_AGGAGGTGTACTGACT-2","Glut-CACNA1H-2","Ex_CACNA1H_LHX9",0.85464678138425
"_AGGAGGTTCTAGCATG-2","Glut-CACNA1H-3","Ex_CACNA1H_LHX9",0.938545121128757
"_AGGATAATCATTGCCC-2","Glut-CACNA1H-2","Ex_Pre_KCNH7",0.38510566885803
"_AGGATAATCTGTGCTC-2","Glut-CACNA1H-2","Ex_CACNA1H_LHX9",0.901215051922513
"_AGGATCTCAATCTGCA-2","Glut-CACNA1H-2","Ex_CACNA1H_LHX9",0.724821591145686
"_AGGATCTTCAGGGATG-2","Glut-CACNA1H-2","Ex_CACNA1H_LHX9",0.847489760819511
"_AGGCATTAGGCAGTCA-2","Glut-CACNA1H-3","Ex_CACNA1H_LHX9",0.927268939482345
"_AGGCATTTCTCAATCT-2","Glut-CACNA1H-2","Ex_DACH2_NR4A3",0.398075910088996
"_AGGCTGCAGCGATCGA-2","Glut-CACNA1H-3","Ex_CACNA1H_LHX9",0.917330748205138
"_AGGCTGCTCGGAACTT-2","Glut-CACNA1H-2","Ex_CACNA1H_LHX9",0.531679531504666
"_AGGGAGTAGGTATTGA-2","Glut-CACNA1H-4","Ex_CACNA1H_MCTP2",0.377090878910796
"_AGGGCCTAGTGGCGAT-2","Glut-CACNA1H-3","Ex_CACNA1H_LHX9",0.949774020083329
"_AGGGCCTTCATGCATG-2","Glut-CACNA1H-1","Ex_CACNA1H_LHX9",0.898368102794996
"_AGGGTCCCACTTGTCC-2","Glut-CACNA1H-2","Ex_CACNA1H_LHX9",0.343337125697527
"_AGGGTGAAGTGTTCAC-2","Glut-CACNA1H-3","Ex_CACNA1H_LHX9",0.752011535976261
"_AGGGTGACAAAGTGTA-2","Glut-CACNA1H-2","Ex_CACNA1H_LHX9",0.743987844492697
"_AGGGTGACAGCAATTC-2","Glut-CACNA1H-RA","Ex_CACNA1H_LHX9",0.882189837403438
"_AGGGTGAGTATGGTAA-2","Glut-CACNA1H-2","Ex_Pre_SATB2",0.383149719417602
"_AGGGTGAGTCAACACT-2","Glut-CACNA1H-1","Ex_CACNA1H_LHX9",0.933983022145151
"_AGGGTTTCAGGAACCA-2","Glut-CACNA1H-1","Ex_CACNA1H_LHX9",0.859421250144019
"_AGGTAGGCAAGTCATC-2","Glut-CACNA1H-1","Ex_CACNA1H_LHX9",0.879486938972402
"_AGGTAGGCAATACCTG-2","Glut-CACNA1H-1","Ex_CACNA1H_LHX9",0.767833495618557
"_AGGTAGGGTGAGCTCC-2","Glut-CACNA1H-4","Ex_CACNA1H_LHX9",0.948094171125714
"_AGGTCATCACGTAACT-2","Glut-CACNA1H-2","Ex_CACNA1H_LHX9",0.538787450682057
"_AGGTCATCATGCTGCG-2","Glut-CACNA1H-3","Ex_CACNA1H_LHX9",0.840461621268287
"_AGGTCTATCGATACTG-2","Glut-CACNA1H-2","Ex_CACNA1H_LHX9",0.518257188065183
"_AGGTCTATCTACTATC-2","Glut-CACNA1H-1","Ex_CACNA1H_LHX9",0.946103516257571
"_AGGTGTTAGAAGCTCG-2","Glut-CACNA1H-4","Ex_CACNA1H_LHX9",0.973634989371251
"_AGGTGTTAGCAAATGT-2","Glut-CACNA1H-2","Ex_CACNA1H_LHX9",0.795963800168811
"_AGGTGTTCAAAGCTCT-2","Glut-DACH2-1","Ex_DACH2_MGAT4C",0.768506589091167
"_AGGTGTTGTCTCAGAT-2","Glut-CACNA1H-1","Ex_CACNA1H_LHX9",0.769079462354724
"_AGGTGTTTCGGTAGGA-2","Glut-CACNA1H-2","Ex_CACNA1H_LHX9",0.58620716438937
"_AGGTTACAGTATTAGG-2","Glut-DACH2-1","Ex_DACH2_MGAT4C",0.871062334436901
"_AGGTTGTAGATCGCCC-2","Glut-CACNA1H-2","Ex_CACNA1H_LHX9",0.310962578790242
"_AGGTTGTCACACTGGC-2","Glut-CACNA1H-2","Ex_CACNA1H_LHX9",0.565622652788435
"_AGGTTGTCAGCAAGAC-2","Glut-CACNA1H-4","Ex_CACNA1H_LHX9",0.973265582492142
"_AGTAACCGTGCGGATA-2","Glut-CACNA1H-1","Ex_CACNA1H_LHX9",0.907423978407928
"_AGTAACCGTTGTCTAG-2","Glut-CACNA1H-2","Ex_CACNA1H_LHX9",0.371363593171303
"_AGTACCAAGGGATCGT-2","Glut-CACNA1H-1","Ex_CACNA1H_LHX9",0.936310099078958
"_AGTACCACACGCTGTG-2","Glut-CACNA1H-4","Ex_CACNA1H_LHX9",0.978238127224967
"_AGTACTGAGTAATCCC-2","Glut-CACNA1H-1","Ex_CACNA1H_LHX9",0.875470439934946
"_AGTACTGCAATCGAAA-2","Glut-CACNA1H-1","Ex_CACNA1H_LHX9",0.851410570124223
"_AGTACTGTCTACCACC-2","Glut-CACNA1H-2","Ex_DACH2_SLIT2",0.657050485239025
"_AGTAGCTTCAACTCTT-2","Glut-CACNA1H-4","Ex_DACH2_SLIT2",0.528689275564303
"_AGTAGTCAGCACGATG-2","Glut-CACNA1H-3","Ex_CACNA1H_LHX9",0.905843067435268
"_AGTAGTCCAGAGTAAT-2","Glut-CACNA1H-4","Ex_CACNA1H_LHX9",0.984537896517431
"_AGTCAACAGTTGAATG-2","Glut-DACH2-1","Ex_DACH2_SLIT2",0.643962327801939
"_AGTCAACCATCTAACG-2","Glut-CACNA1H-4","Ex_CACNA1H_LHX9",0.998600171635255
"_AGTCAACTCGCCTAGG-2","Glut-CACNA1H-2","Ex_TSHZ2_NR4A2",0.662723517265499
"_AGTCACAGTTTCCATT-2","Glut-CACNA1H-2","Ex_CACNA1H_LHX9",0.343714676174702
"_AGTCACATCCAATGCA-2","Glut-CACNA1H-2","Ex_CACNA1H_LHX9",0.555455000944377
"_AGTCATGCAACCCGCA-2","Glut-CACNA1H-2","Ex_CACNA1H_LHX9",0.495337482002752
"_AGTCATGCACGATTCA-2","Glut-CACNA1H-2","Ex_CACNA1H_LHX9",0.310399958592872
"_AGTCATGGTGAATTAG-2","Glut-CACNA1H-2","Ex_CACNA1H_LHX9",0.583265507325901
"_AGTCATGTCGAGCCTG-2","Glut-CACNA1H-1","Ex_CACNA1H_LHX9",0.998179322775691
"_AGTCTCCCACCGCTGA-2","Glut-CACNA1H-2","Ex_Pre_SATB2",0.310657634666222
"_AGTCTCCGTGACTATC-2","Glut-CACNA1H-4","Ex_CACNA1H_LHX9",0.998750529827118
"_AGTCTCCTCCCAAGCG-2","Glut-CACNA1H-2","Ex_CACNA1H_LHX9",0.735086756099668
"_AGTGACTAGATTCGAA-2","Glut-CACNA1H-2","Ex_CACNA1H_LHX9",0.545852976182799
"_AGTGACTAGGTGGTTG-2","Glut-CACNA1H-2","Ex_CACNA1H_LHX9",0.890888786643114
"_AGTGACTTCAGTCCGG-2","Glut-DACH2-1","Ex_DACH2_MGAT4C",0.597736398957288
"_AGTGTTGCAAATCAGA-2","Glut-CACNA1H-1","Ex_CACNA1H_LHX9",0.930968680001961
"_AGTGTTGCATGGATCT-2","Glut-CACNA1H-2","Ex_CACNA1H_LHX9",0.661485407012703
"_AGTGTTGGTTTGCAGT-2","Glut-CACNA1H-2","Ex_CACNA1H_LHX9",0.397921583639058
"_AGTTAGCCATTCAGGT-2","Glut-CACNA1H-1","Ex_CACNA1H_LHX9",0.929616250424577
"_AGTTAGCGTATGAGAT-2","Glut-CACNA1H-4","Ex_CACNA1H_LHX9",0.794758755729176
"_AGTTCCCAGGTTGTTC-2","Glut-CACNA1H-2","Ex_CACNA1H_LHX9",0.417062071745083
"_AGTTCCCTCCGAAGGA-2","Glut-CACNA1H-2","Ex_CACNA1H_LHX9",0.638343633714111
"_AGTTCGAAGCACTCAT-2","Glut-CACNA1H-1","Ex_CACNA1H_LHX9",0.930163987012743
"_AGTTCGAGTAGCACGA-2","Glut-CACNA1H-2","Ex_CACNA1H_LHX9",0.35537930018834
"_AGTTCGATCAACTGGT-2","Glut-DACH2-1","Ex_DACH2_MGAT4C",0.841088971541755
"_ATACCGAAGAGGCGGA-2","Glut-CACNA1H-4","Ex_CACNA1H_LHX9",0.97260512922886
"_ATACCGACATGGCTAT-2","Glut-CACNA1H-1","Ex_CACNA1H_LHX9",0.907050494380866
"_ATACCTTGTCACCCTT-2","Glut-CACNA1H-2","Ex_CACNA1H_LHX9",0.468823228891138
"_ATACCTTTCAGCTTGA-2","Glut-CACNA1H-2","Ex_CACNA1H_LHX9",0.613993768615084
"_ATACTTCCATACAGCT-2","Glut-CACNA1H-1","Ex_CACNA1H_LHX9",0.941003364930885
"_ATAGAGATCAGACAAA-2","Glut-CACNA1H-1","Ex_CACNA1H_LHX9",0.871341375420872
"_ATAGGCTAGCACTCAT-2","Glut-CACNA1H-2","Ex_CACNA1H_LHX9",0.506932269791397
"_ATAGGCTGTCAAGTTC-2","Glut-CACNA1H-1","Ex_CACNA1H_LHX9",0.925125253185257
"_ATAGGCTTCGCTCTCA-2","Glut-CACNA1H-1","Ex_CACNA1H_LHX9",0.892784351955733
"_ATAGGCTTCTCTGAGA-2","Glut-CACNA1H-1","Ex_CACNA1H_LHX9",0.91108531771955
"_ATATCCTTCGTAGTCA-2","Glut-DACH2-1","Ex_DACH2_MGAT4C",0.701652549132403
"_ATCACAGGTAACATGA-2","Glut-CACNA1H-2","Ex_CACNA1H_LHX9",0.817782180758582
"_ATCACAGTCCTGTAAG-2","Glut-CACNA1H-3","Ex_CACNA1H_LHX9",0.69211910844167
"_ATCACAGTCTACTATC-2","Glut-CACNA1H-4","Ex_CACNA1H_LHX9",0.607848973786599
"_ATCACGAGTTTGAACC-2","Glut-CACNA1H-1","Ex_CACNA1H_LHX9",0.872107240797406
"_ATCAGGTGTCGCGTCA-2","Glut-CACNA1H-2","Ex_CACNA1H_LHX9",0.815227682751995
"_ATCAGGTGTCTCTCAC-2","Glut-CACNA1H-4","Ex_CACNA1H_LHX9",0.999999999999999
"_ATCATTCGTTCGAGCC-2","Glut-CACNA1H-4","Ex_CACNA1H_LHX9",0.977500448218176
"_ATCATTCTCGAGTACT-2","Glut-CACNA1H-2","Ex_CACNA1H_LHX9",0.586531387560788
"_ATCCACCCAGAGAATT-2","Glut-CACNA1H-4","Ex_CACNA1H_LHX9",0.993942087795572
"_ATCCATTAGCCGTTAT-2","Glut-CACNA1H-2","Ex_CACNA1H_LHX9",0.846796361357005
"_ATCCATTCAAGCCTGC-2","Glut-CACNA1H-1","Ex_CACNA1H_LHX9",0.91207040568336
"_ATCCCTGTCGCCTAGG-2","Glut-CACNA1H-3","Ex_CACNA1H_LHX9",0.873321427672336
"_ATCCGTCCATCCTGTC-2","Glut-CACNA1H-2","Ex_CACNA1H_LHX9",0.55296905329879
"_ATCCGTCGTGAGCCAA-2","Glut-CACNA1H-2","Ex_DACH2_ITGA9",0.335094484268394
"_ATCCTATTCTACACAG-2","Glut-CACNA1H-1","Ex_CACNA1H_LHX9",0.859916672980344
"_ATCGATGCAGATACTC-2","Glut-CACNA1H-4","Ex_CACNA1H_LHX9",0.679381259529789
"_ATCGCCTAGACTTCCA-2","Glut-CACNA1H-2","Ex_CACNA1H_LHX9",0.857422741985456
"_ATCGGATCACAATTCG-2","Glut-CACNA1H-1","Ex_CACNA1H_LHX9",0.671023104025162
"_ATCGGATGTCGTACTA-2","Glut-CACNA1H-3","Ex_CACNA1H_LHX9",0.935921275548622
"_ATCGGCGCAGTCGAGA-2","Glut-CACNA1H-2","Ex_CACNA1H_LHX9",0.771655154009929
"_ATCGTAGAGTCATGGG-2","Glut-CACNA1H-1","Ex_CACNA1H_LHX9",0.926974906721057
"_ATCGTAGCATGGGTCC-2","Glut-CACNA1H-1","Ex_CACNA1H_LHX9",0.826735793201766
"_ATCGTAGGTGTTGATC-2","Glut-CACNA1H-3","Ex_CACNA1H_LHX9",0.432354948951079
"_ATCGTCCGTTGTGCAT-2","Glut-CACNA1H-1","Ex_CACNA1H_LHX9",0.960776737893161
"_ATCGTCCTCAAGCTGT-2","Glut-CACNA1H-1","Ex_CACNA1H_LHX9",0.835037014402781
"_ATCGTGAAGATTTGCC-2","Glut-CACNA1H-3","Ex_CACNA1H_LHX9",0.57403111751077
"_ATCGTGAGTACCACGC-2","Glut-CACNA1H-1","Ex_CACNA1H_LHX9",0.954321991766625
"_ATCGTGAGTCCACGCA-2","Glut-CACNA1H-1","Ex_CACNA1H_LHX9",0.938364464804406
"_ATCGTGAGTTAGAAAC-2","Glut-CACNA1H-3","Ex_CACNA1H_LHX9",0.724359030329373
"_ATCGTGATCATCCTGC-2","Glut-DACH2-1","Ex_DACH2_SLIT2",0.517582933083888
"_ATCTCTATCAGACAAA-2","Glut-CACNA1H-2","Ex_CACNA1H_LHX9",0.422539650444643
"_ATCTTCATCAACTGGT-2","Glut-CACNA1H-1","Ex_CACNA1H_LHX9",0.817534651055632
"_ATCTTCATCTTTACAC-2","Glut-CACNA1H-1","Ex_CACNA1H_LHX9",0.880817136189591
"_ATGAAAGTCGGAAACG-2","Glut-CACNA1H-1","Ex_CACNA1H_LHX9",0.962227760604346
"_ATGAAAGTCGTAACAC-2","Glut-DACH2-1","Ex_DACH2_NR4A3",0.588894528871483
"_ATGACCACAGAATCGG-2","Glut-CACNA1H-4","Ex_CACNA1H_LHX9",0.975797069894471
"_ATGACCACAGACGATG-2","Glut-CACNA1H-1","Ex_CACNA1H_LHX9",0.983223411816011
"_ATGAGGGAGCACACCC-2","Glut-CACNA1H-3","Ex_CACNA1H_LHX9",0.380458323708572
"_ATGAGGGCACGCGTCA-2","Glut-CACNA1H-2","Ex_CACNA1H_LHX9",0.494080934540932
"_ATGAGGGGTTCTGAGT-2","Glut-CACNA1H-1","Ex_CACNA1H_LHX9",0.814189241249366
"_ATGAGGGTCTAGTACG-2","Glut-CACNA1H-3","Ex_CACNA1H_LHX9",0.89788532495373
"_ATGAGTCAGGAGAATG-2","Glut-CACNA1H-1","Ex_CACNA1H_LHX9",0.914280446945162
"_ATGAGTCCATGACTGT-2","Glut-CACNA1H-2","Ex_CACNA1H_LHX9",0.844030532927748
"_ATGAGTCGTCTACGTA-2","Glut-CACNA1H-3","Ex_CACNA1H_LHX9",0.878794026420292
"_ATGAGTCGTGAGAGGG-2","Glut-CACNA1H-3","Ex_DACH2_NR4A3",0.379844677139822
"_ATGAGTCTCCTTCTAA-2","Glut-CACNA1H-2","Ex_CACNA1H_LHX9",0.799431334838415
"_ATGATCGAGCCATCCG-2","Glut-CACNA1H-2","Ex_DACH2_NR4A3",0.565392860202446
"_ATGATCGCAAGTGGAC-2","Glut-CACNA1H-1","Ex_CACNA1H_LHX9",0.931909442062003
"_ATGATCGGTGGATGAC-2","Glut-CACNA1H-2","Ex_CACNA1H_LHX9",0.513635786236922
"_ATGCATGCACAACGAG-2","Glut-CACNA1H-1","Ex_CACNA1H_LHX9",0.904764473457618
"_ATGCATGGTCTACGTA-2","Glut-CACNA1H-2","Ex_CACNA1H_LHX9",0.923694073242373
"_ATGCATGTCGTAACTG-2","Glut-CACNA1H-3","Ex_CACNA1H_LHX9",0.431111401831644
"_ATGCCTCGTTAGTCGT-2","Glut-CACNA1H-3","Ex_CACNA1H_LHX9",0.899685610326592
"_ATGCGATGTCATCGCG-2","Glut-CACNA1H-1","Ex_CACNA1H_LHX9",0.54213977731082
"_ATGGAGGCACAGTACT-2","Glut-CACNA1H-1","Ex_CACNA1H_LHX9",0.833815877380166
"_ATGGATCGTCAGGTAG-2","Glut-CACNA1H-1","Ex_CACNA1H_LHX9",0.934445786624853
"_ATGGATCGTGAACCGA-2","Glut-CACNA1H-3","Ex_CACNA1H_LHX9",0.585699321056962
"_ATGGATCGTGCACATT-2","Glut-CACNA1H-2","Ex_CACNA1H_LHX9",0.734146010577659
"_ATGGATCTCCACTGGG-2","Glut-CACNA1H-4","Ex_CACNA1H_LHX9",0.818947791674797
"_ATGGGAGAGGGAGGGT-2","Glut-CACNA1H-1","Ex_CACNA1H_LHX9",0.652637522605166
"_ATGGGAGAGTGCCCGT-2","Glut-CACNA1H-3","Ex_CACNA1H_LHX9",0.904697964044014
"_ATGGGAGTCTCGGGAC-2","Glut-CACNA1H-2","Ex_CACNA1H_LHX9",0.961274246051518
"_ATGGGAGTCTGCGGGT-2","Glut-CACNA1H-4","Ex_CACNA1H_LHX9",0.99206263208304
"_ATGGTTGAGGCAGTCA-2","Glut-DACH2-1","Ex_DACH2_MGAT4C",0.684659941426665
"_ATGTCCCCAATGAACA-2","Glut-CACNA1H-2","Ex_CACNA1H_LHX9",0.517815563668859
"_ATGTCCCTCTTCTGGC-2","Glut-CACNA1H-2","Ex_CACNA1H_LHX9",0.632433352844935
"_ATTACCTAGCTTCGTA-2","Glut-CACNA1H-2","Ex_CACNA1H_LHX9",0.752427128097513
"_ATTACCTAGTTGTACC-2","Glut-CACNA1H-3","Ex_CACNA1H_LHX9",0.810003106517825
"_ATTACCTAGTTTCGAC-2","Glut-CACNA1H-1","Ex_CACNA1H_LHX9",0.867660291125713
"_ATTACCTCATCATTGG-2","Glut-CACNA1H-2","Ex_CACNA1H_LHX9",0.797022738953444
"_ATTACCTTCGTGTGGC-2","Glut-CACNA1H-1","Ex_CACNA1H_LHX9",0.927458743776884
"_ATTACTCAGAGGACTC-2","Glut-CACNA1H-1","Ex_CACNA1H_LHX9",0.91825664586215
"_ATTACTCAGATACCAA-2","Glut-CACNA1H-1","Ex_CACNA1H_LHX9",0.52806052817416
"_ATTATCCGTCTACGTA-2","Glut-CACNA1H-1","Ex_DACH2_NR4A3",0.371476081042252
"_ATTCACTCAAAGTATG-2","Glut-CACNA1H-1","Ex_CACNA1H_LHX9",0.874372191951825
"_ATTCACTCAATGCTCA-2","Glut-DACH2-1","Ex_DACH2_GRIK4",0.305965420225257
"_ATTCACTGTGACTCGC-2","Glut-CACNA1H-3","Ex_CACNA1H_LHX9",0.905877944575168
"_ATTCACTTCACCTCAC-2","Glut-DACH2-1","Ex_DACH2_MGAT4C",0.504848058480447
"_ATTCAGGAGCCAAGGT-2","Glut-CACNA1H-3","Ex_CACNA1H_LHX9",0.842695695795907
"_ATTCATCAGCTGACTT-2","Glut-CACNA1H-2","Ex_CACNA1H_LHX9",0.539432264361067
"_ATTCATCCAGTACTAC-2","Glut-CACNA1H-4","Ex_CACNA1H_LHX9",1
"_ATTCATCGTCTGTGGC-2","Glut-CACNA1H-2","Ex_CACNA1H_LHX9",0.718609466163628
"_ATTCCATAGCGTATGG-2","Glut-CACNA1H-1","Ex_CACNA1H_LHX9",0.872438097553919
"_ATTCCATCACTTCATT-2","Glut-CACNA1H-2","Ex_Pre_SATB2",0.288417183635724
"_ATTCCATCAGCTGCCA-2","Glut-CACNA1H-4","Ex_CACNA1H_LHX9",1
"_ATTCCATCATATGAAG-2","Glut-CACNA1H-2","Ex_CACNA1H_LHX9",0.399606611629415
"_ATTCCATTCGCGTGCA-2","Glut-CACNA1H-2","Ex_CACNA1H_LHX9",0.633866501861126
"_ATTCCCGAGTAATTGG-2","Glut-CACNA1H-2","Ex_CACNA1H_LHX9",0.886312897111518
"_ATTCCCGGTTCCACAA-2","Glut-CACNA1H-2","Ex_CACNA1H_LHX9",0.63124635586931
"_ATTCCCGTCAATCAGC-2","Glut-CACNA1H-1","Ex_CACNA1H_LHX9",0.890452432724496
"_ATTCCTATCGGTCAGC-2","Glut-CACNA1H-3","Ex_CACNA1H_LHX9",0.890196308934079
"_ATTCGTTAGCACGATG-2","Glut-CACNA1H-3","Ex_DACH2_NR4A3",0.436513262173725
"_ATTCTACCAAGAATGT-2","Glut-CACNA1H-1","Ex_CACNA1H_LHX9",0.936081807291842
"_ATTCTACGTGTCACAT-2","Glut-CACNA1H-2","Ex_CACNA1H_LHX9",0.907323747705568
"_ATTCTACTCTAAACGC-2","Glut-CACNA1H-2","Ex_CACNA1H_LHX9",0.62841084433196
"_ATTCTTGCAGCGTACC-2","Glut-CACNA1H-1","Ex_CACNA1H_LHX9",0.885798068622791
"_ATTCTTGCATCCGTGG-2","Glut-CACNA1H-1","Ex_CACNA1H_LHX9",0.889449770032086
"_ATTCTTGGTGAGCTCC-2","Glut-CACNA1H-1","Ex_CACNA1H_LHX9",0.908932854881278
"_ATTCTTGTCCTTCACG-2","Glut-CACNA1H-2","Ex_CACNA1H_LHX9",0.770584726803778
"_ATTGGGTAGTGGACGT-2","Glut-CACNA1H-1","Ex_CACNA1H_LHX9",0.887251682923741
"_ATTGGGTCATGACTGT-2","Glut-CACNA1H-1","Ex_CACNA1H_LHX9",0.953739882443444
"_ATTGGGTGTGCCCTTT-2","Glut-CACNA1H-2","Ex_CACNA1H_LHX9",0.444288942468592
"_ATTTACCCACTGCGAC-2","Glut-CACNA1H-2","Ex_CACNA1H_LHX9",0.453134545881541
"_ATTTACCCAGCGTTTA-2","Glut-CACNA1H-3","Ex_CACNA1H_LHX9",0.940582249065092
"_ATTTACCTCGCTGCGA-2","Glut-CACNA1H-1","Ex_CACNA1H_LHX9",0.94188620833239
"_ATTTACCTCGGAAACG-2","Glut-CACNA1H-1","Ex_TSHZ2_NR4A2",0.517663716500483
"_ATTTACCTCGTGCTCT-2","Glut-CACNA1H-1","Ex_CACNA1H_LHX9",0.863176055072234
"_ATTTCACAGCACTCAT-2","Glut-CACNA1H-3","Ex_CACNA1H_LHX9",0.862735242022347
"_ATTTCACCAGGCGTTC-2","Glut-CACNA1H-2","Ex_CACNA1H_LHX9",0.46971886633897
"_ATTTCACTCACCTGGG-2","Glut-CACNA1H-3","Ex_CACNA1H_LHX9",0.411514205008524
"_ATTTCTGAGAATCTAG-2","Glut-CACNA1H-1","Ex_CACNA1H_LHX9",0.739520384183942
"_ATTTCTGCAACAGCTT-2","Glut-CACNA1H-1","Ex_CACNA1H_LHX9",0.851223151768826
"_ATTTCTGCAGCCATTA-2","Glut-CACNA1H-2","Ex_CACNA1H_LHX9",0.403012871158737
"_ATTTCTGTCTCTGGTC-2","Glut-CACNA1H-1","Ex_CACNA1H_LHX9",0.92134495317633
"_CAAAGAAAGCCTATTG-2","Glut-CACNA1H-2","Ex_CACNA1H_LHX9",0.352116699167085
"_CAAAGAAAGGATGCGT-2","Glut-CACNA1H-3","Ex_CACNA1H_LHX9",0.517262826750375
"_CAAAGAATCAGGGATG-2","Glut-CACNA1H-1","Ex_CACNA1H_LHX9",0.768346811844606
"_CAAAGAATCTCACTCG-2","Glut-CACNA1H-2","Ex_CACNA1H_LHX9",0.754983510955361
"_CAACAACCATCGTGGC-2","Glut-CACNA1H-2","Ex_CACNA1H_LHX9",0.453619343621885
"_CAACAACTCTGTTGGA-2","Glut-CACNA1H-1","Ex_CACNA1H_LHX9",0.973822672877975
"_CAACAGTAGAGGCGTT-2","Glut-CACNA1H-1","Ex_CACNA1H_LHX9",0.821273054654242
"_CAACAGTCAGGATGAC-2","Glut-DACH2-1","Ex_DACH2_GRIK4",0.498266759387774
"_CAACAGTGTGGCTGCT-2","Glut-CACNA1H-1","Ex_CACNA1H_LHX9",0.836032471090422
"_CAACCAAAGAGCCATG-2","Glut-CACNA1H-2","Ex_CACNA1H_LHX9",0.494843937787981
"_CAACCAAAGGATACGC-2","Glut-CACNA1H-2","Ex_CACNA1H_LHX9",0.660379159858877
"_CAACCTCTCAAGTGTC-2","Glut-CACNA1H-2","Ex_CACNA1H_LHX9",0.213694901591165
"_CAACCTCTCGTGGTAT-2","Glut-CACNA1H-1","Ex_CACNA1H_LHX9",0.536861677240739
"_CAACGATCACAATCTG-2","Glut-CACNA1H-2","Ex_CACNA1H_LHX9",0.852914182479962
"_CAACGATGTAACGATA-2","Glut-CACNA1H-1","Ex_CACNA1H_LHX9",0.52853846413626
"_CAACGATTCTGCTAGA-2","Glut-CACNA1H-1","Ex_CACNA1H_LHX9",0.807291581806071
"_CAACGGCAGAAATGGG-2","Glut-CACNA1H-2","Ex_CACNA1H_LHX9",0.427359797256673
"_CAACGGCCAACGCATT-2","Glut-CACNA1H-1","Ex_CACNA1H_LHX9",0.923209850830905
"_CAACGGCGTAGCGTCC-2","Glut-CACNA1H-1","Ex_CACNA1H_LHX9",0.6465364585883
"_CAACGGCGTGCTCGTG-2","Glut-CACNA1H-2","Ex_CACNA1H_LHX9",0.617725143184798
"_CAAGACTAGCCAAGCA-2","Glut-CACNA1H-2","Ex_CACNA1H_LHX9",0.260176334816283
"_CAAGACTGTCCTGTTC-2","Glut-CACNA1H-2","Ex_Pre_SATB2",0.280371959019551
"_CAAGACTGTTGTTGCA-2","Glut-CACNA1H-3","Ex_Pre_KCNH7",0.44427706536654
"_CAAGCTAAGCCATTTG-2","Glut-CACNA1H-3","Ex_CACNA1H_LHX9",0.837196582638572
"_CAAGGGAAGAGGCTGT-2","Glut-CACNA1H-3","Ex_CACNA1H_LHX9",0.935172435788569
"_CAAGGGAAGATACTGA-2","Glut-CACNA1H-3","Ex_CACNA1H_LHX9",0.671111030977466
"_CAAGGGACAGTCCCGA-2","Glut-CACNA1H-1","Ex_DACH2_NR4A3",0.725887310226122
"_CAAGGGAGTGGAAGTC-2","Glut-CACNA1H-3","Ex_CACNA1H_LHX9",0.943327396390422
"_CAATACGAGGTTGGTG-2","Glut-CACNA1H-4","Ex_DACH2_SLIT2",0.589658420292984
"_CAATACGGTATACGGG-2","Glut-CACNA1H-1","Ex_CACNA1H_LHX9",0.912571796914665
"_CAATCGATCGGACTTA-2","Glut-CACNA1H-3","Ex_CACNA1H_LHX9",0.818395072874303
"_CAATCGATCTGCTTAT-2","Glut-CACNA1H-2","Ex_Pre_SATB2",0.312675570217183
"_CAATGACAGAGTCTGG-2","Glut-DACH2-1","Ex_DACH2_NR4A3",0.363648325052177
"_CAATGACCAGAGGCAT-2","Glut-CACNA1H-1","Ex_CACNA1H_LHX9",0.454378260448971
"_CAATGACGTAACAAGT-2","Glut-CACNA1H-2","Ex_CACNA1H_LHX9",0.832111167528894
"_CAATGACGTAACCAGG-2","Glut-CACNA1H-1","Ex_CACNA1H_LHX9",0.641998186189178
"_CAATGACGTCACTCAA-2","Glut-CACNA1H-1","Ex_CACNA1H_LHX9",0.827464982018413
"_CAATTTCAGTCTTCGA-2","Glut-CACNA1H-4","Ex_CACNA1H_LHX9",0.892281011932112
"_CAATTTCTCTTAGCTT-2","Glut-CACNA1H-2","Ex_CACNA1H_LHX9",0.842716896376777
"_CACAACACACCTATCC-2","Glut-CACNA1H-2","Ex_CACNA1H_LHX9",0.542147950783104
"_CACAACAGTACTCGTA-2","Glut-CACNA1H-2","Ex_CACNA1H_LHX9",0.512102326714251
"_CACAACAGTCATTGCA-2","Glut-CACNA1H-1","Ex_CACNA1H_LHX9",0.949661006668784
"_CACACAACAATGGCCC-2","Glut-CACNA1H-1","Ex_CACNA1H_LHX9",0.775580698654869
"_CACACAAGTGGGCTCT-2","Glut-CACNA1H-1","Ex_CACNA1H_LHX9",0.932552934805821
"_CACACAAGTGTGTGGA-2","Glut-CACNA1H-3","Ex_CACNA1H_LHX9",0.910522081065964
"_CACACAATCACACCCT-2","Glut-CACNA1H-4","Ex_CACNA1H_LHX9",0.996995376378889
"_CACACAATCCACGAAT-2","Glut-CACNA1H-1","Ex_CACNA1H_LHX9",0.866496021799599
"_CACACAATCGCTACGG-2","Glut-CACNA1H-3","Ex_CACNA1H_LHX9",0.932079796155346
"_CACAGATAGGAGTATT-2","Glut-CACNA1H-2","Ex_CACNA1H_LHX9",0.804821617496556
"_CACAGGCCACTGAGGA-2","Glut-CACNA1H-1","Ex_CACNA1H_LHX9",0.679470113029217
"_CACAGGCGTGACACGA-2","Glut-CACNA1H-2","Ex_CACNA1H_LHX9",0.651639971734156
"_CACATGAAGAGTTCGG-2","Glut-CACNA1H-1","Ex_CACNA1H_LHX9",0.9761257131412
"_CACATGATCTGTGTGA-2","Glut-CACNA1H-3","Ex_CACNA1H_LHX9",0.44348918008995
"_CACCAAAAGCACTAGG-2","Glut-CACNA1H-2","Ex_CACNA1H_LHX9",0.75791878509656
"_CACCGTTAGCGGCTCT-2","Glut-CACNA1H-2","Ex_CACNA1H_LHX9",0.718266208133401
"_CACGAATAGGAAGTGA-2","Glut-CACNA1H-1","Ex_CACNA1H_LHX9",0.946488603801127
"_CACGAATCAGTCGAGA-2","Glut-CACNA1H-1","Ex_CACNA1H_LHX9",0.953828052797899
"_CACGAATGTCATAACC-2","Glut-CACNA1H-1","Ex_CACNA1H_LHX9",0.899910956800666
"_CACGAATGTTAGAAGT-2","Glut-CACNA1H-RA","Ex_Pre_KCNH7",0.481242731456774
"_CACGGGTGTTCTAAGC-2","Glut-CACNA1H-2","Ex_TSHZ2_NR4A2",0.279772836704323
"_CACGTGGCAAGCACAG-2","Glut-CACNA1H-1","Ex_CACNA1H_LHX9",0.495928617225449
"_CACGTGGCAGTTAAAG-2","Glut-CACNA1H-1","Ex_CACNA1H_LHX9",0.969230568243898
"_CACGTGGGTCCAGTTA-2","Glut-CACNA1H-2","Ex_CACNA1H_LHX9",0.588789391263297
"_CACGTGGGTGCTTCAA-2","Glut-CACNA1H-1","Ex_DACH2_NR4A3",0.443029935417481
"_CACGTGGGTTGTTGCA-2","Glut-CACNA1H-2","Ex_CACNA1H_LHX9",0.404118941949269
"_CACGTGGTCCCATTTA-2","Glut-CACNA1H-2","Ex_DACH2_NR4A3",0.623692738366812
"_CACGTTCCACTGCGAC-2","Glut-CACNA1H-1","Ex_DACH2_NR4A3",0.742840421402061
"_CACTAAGAGACCTCAT-2","Glut-CACNA1H-1","Ex_CACNA1H_LHX9",0.590572486987504
"_CACTAAGCAGCTTCGG-2","Glut-CACNA1H-3","Ex_CACNA1H_LHX9",0.844657102112778
"_CACTAAGCATGAAAGT-2","Glut-CACNA1H-3","Ex_CACNA1H_LHX9",0.954417663627559
"_CACTGAATCTAGACAC-2","Glut-CACNA1H-2","Ex_CACNA1H_LHX9",0.881118860045619
"_CACTGAATCTCCGCAT-2","Glut-CACNA1H-3","Ex_CACNA1H_LHX9",0.77209439713386
"_CACTGGGAGATACGAT-2","Glut-CACNA1H-4","Ex_DACH2_SLIT2",0.441361754876601
"_CACTTCGAGCTCATAC-2","Glut-CACNA1H-1","Ex_CACNA1H_LHX9",0.873171465166064
"_CAGAGCCGTGTTCAGT-2","Glut-CACNA1H-2","Ex_CACNA1H_LHX9",0.664403134809086
"_CAGATACCAGGAGGTT-2","Glut-CACNA1H-4","Ex_CACNA1H_LHX9",0.838603887192699
"_CAGATACCATGACACT-2","Glut-CACNA1H-1","Ex_CACNA1H_LHX9",0.994127417724681
"_CAGATACGTACGGTTT-2","Glut-CACNA1H-2","Ex_CACNA1H_LHX9",0.681278175916227
"_CAGATCAAGCACACCC-2","Glut-CACNA1H-3","Ex_CACNA1H_LHX9",0.447656264665062
"_CAGATCAAGTAGTCCT-2","Glut-CACNA1H-1","Ex_CACNA1H_LHX9",0.83155280966324
"_CAGATCATCAAGCTTG-2","Glut-CACNA1H-1","Ex_CACNA1H_LHX9",0.942169434960417
"_CAGATCATCAGCGGAA-2","Glut-CACNA1H-3","Ex_CACNA1H_LHX9",0.861431903484992
"_CAGATTGCATTGGATC-2","Glut-CACNA1H-2","Ex_CACNA1H_LHX9",0.77989748137018
"_CAGCAATTCCGCACTT-2","Glut-CACNA1H-2","Ex_Pre_SATB2",0.371843794892314
"_CAGCACGCAACCGATT-2","Glut-CACNA1H-2","Ex_CACNA1H_LHX9",0.572503297586977
"_CAGCACGCACGCCAGT-2","Glut-CACNA1H-1","Ex_CACNA1H_LHX9",1
"_CAGCACGTCCCGAAAT-2","Glut-CACNA1H-2","Ex_DACH2_NR4A3",0.68544660349983
"_CAGCACGTCTTGAGCA-2","Glut-CACNA1H-2","Ex_CACNA1H_LHX9",0.78680984603446
"_CAGCAGCAGACGGAAA-2","Glut-CACNA1H-3","Ex_CACNA1H_LHX9",0.921149837460426
"_CAGCAGCGTTACCTTT-2","Glut-CACNA1H-2","Ex_CACNA1H_LHX9",0.612975552303086
"_CAGCCAGCACGTCGTG-2","Glut-CACNA1H-1","Ex_CACNA1H_LHX9",0.864128689162876
"_CAGCGTGAGTGATAGT-2","Glut-DACH2-1","Ex_DACH2_SLIT2",0.287752191495888
"_CAGGCCAAGACCAAGC-2","Glut-CACNA1H-1","Ex_CACNA1H_LHX9",0.94838891630552
"_CAGGCCAAGTACAACA-2","Glut-CACNA1H-1","Ex_DACH2_NR4A3",0.483553668675201
"_CAGGCCACAAGCTGCC-2","Glut-CACNA1H-4","Ex_CACNA1H_LHX9",0.996886443137577
"_CAGGCCACACGCGGTT-2","Glut-CACNA1H-3","Ex_CACNA1H_LHX9",0.529879815739973
"_CAGGCCAGTCGTTCAA-2","Glut-CACNA1H-1","Ex_CACNA1H_LHX9",0.957753016488753
"_CAGGCCATCACTACTT-2","Glut-CACNA1H-2","Ex_CACNA1H_LHX9",0.902956833782662
"_CAGGGCTTCTGCCTGT-2","Glut-CACNA1H-1","Ex_CACNA1H_LHX9",1
"_CAGGTATCAGTCGGAA-2","Glut-CACNA1H-4","Ex_CACNA1H_LHX9",0.997304210264594
"_CAGTGCGCAAGAGGCT-2","Glut-CACNA1H-4","Ex_CACNA1H_LHX9",0.984996450100223
"_CAGTTAGAGTAGGTTA-2","Glut-CACNA1H-2","Ex_CACNA1H_LHX9",0.590813411032454
"_CAGTTAGCACGACGAA-2","Glut-DACH2-1","Ex_DACH2_MGAT4C",0.699758880645168
"_CAGTTAGCAGGTGTGA-2","Glut-CACNA1H-3","Ex_CACNA1H_LHX9",0.947005362485734
"_CAGTTAGGTTATCCAG-2","Glut-CACNA1H-4","Ex_CACNA1H_LHX9",0.999999999999999
"_CAGTTAGTCACCTACC-2","Glut-CACNA1H-2","Ex_CACNA1H_LHX9",0.834216984216344
"_CAGTTAGTCCTACGGG-2","Glut-CACNA1H-1","Ex_CACNA1H_LHX9",0.929349825827285
"_CAGTTCCAGGAATCGC-2","Glut-CACNA1H-2","Ex_DACH2_NR4A3",0.400118769023676
"_CAGTTCCCACGTCGTG-2","Glut-CACNA1H-2","Ex_CACNA1H_LHX9",0.716079528436847
"_CAGTTCCCATAGGTTC-2","Glut-CACNA1H-1","Ex_CACNA1H_LHX9",0.944236853562626
"_CAGTTCCTCATACGGT-2","Glut-CACNA1H-3","Ex_CACNA1H_LHX9",0.750925075043774
"_CATACCCGTCGCTTAA-2","Glut-CACNA1H-1","Ex_CACNA1H_LHX9",0.951588902325138
"_CATACCCTCCTAGCTC-2","Glut-CACNA1H-3","Ex_CACNA1H_LHX9",0.749082862512407
"_CATACTTAGCTGAAGC-2","Glut-CACNA1H-2","Ex_CACNA1H_LHX9",0.325896619278318
"_CATACTTAGGTCCCGT-2","Glut-CACNA1H-2","Ex_CACNA1H_LHX9",0.57731288215987
"_CATACTTAGGTTAGTA-2","Glut-CACNA1H-1","Ex_CACNA1H_LHX9",0.898140411195388
"_CATAGACCATTCTTCA-2","Glut-CACNA1H-2","Ex_CACNA1H_LHX9",0.507564178416598
"_CATAGACTCGCGATCG-2","Glut-CACNA1H-1","Ex_CACNA1H_LHX9",0.87184388211802
"_CATCAAGAGCATCCCG-2","Glut-CACNA1H-2","Ex_CACNA1H_LHX9",0.364570646697552
"_CATCAAGCAGCAGACA-2","Glut-CACNA1H-2","Ex_CACNA1H_LHX9",0.801366661765697
"_CATCAAGCAGTCACGC-2","Glut-DACH2-3","Ex_DACH2_SLIT2",0.51277387988546
"_CATCAAGTCAAGTGTC-2","Glut-CACNA1H-2","Ex_CACNA1H_LHX9",0.600811523518442
"_CATCAAGTCGCCAATA-2","Glut-DACH2-1","Ex_DACH2_SLIT2",0.573879374326344
"_CATCCACCAACAGCTT-2","Glut-CACNA1H-2","Ex_CACNA1H_LHX9",0.548093640429219
"_CATCCCAAGCTTGTGT-2","Glut-CACNA1H-1","Ex_CACNA1H_LHX9",0.986240872227695
"_CATCCCATCACCTTAT-2","Glut-CACNA1H-2","Ex_CACNA1H_LHX9",0.676535516053772
"_CATCCCATCGTTCTGC-2","Glut-CACNA1H-2","Ex_CACNA1H_LHX9",0.393408180977809
"_CATCCGTAGGTAAGGA-2","Glut-CACNA1H-1","Ex_CACNA1H_LHX9",0.90013332127151
"_CATCCGTGTTTATGCG-2","Glut-CACNA1H-1","Ex_CACNA1H_LHX9",0.78134764942467
"_CATCGGGAGGTAGCCA-2","Glut-CACNA1H-4","Ex_CACNA1H_LHX9",0.969300814358743
"_CATCGGGGTCTACGTA-2","Glut-CACNA1H-1","Ex_CACNA1H_LHX9",0.77088997121235
"_CATCGTCAGAGAAGGT-2","Glut-CACNA1H-1","Ex_CACNA1H_LHX9",0.959879861075706
"_CATGAGTAGTAATCCC-2","Glut-CACNA1H-2","Ex_CACNA1H_LHX9",0.43933893992222
"_CATGAGTGTCCCACGA-2","Glut-CACNA1H-3","Ex_CACNA1H_LHX9",0.898549663093219
"_CATGCAACACGCTGTG-2","Glut-CACNA1H-2","Ex_CACNA1H_LHX9",0.58437868371655
"_CATGCAAGTGTTACTG-2","Glut-CACNA1H-4","Ex_CACNA1H_LHX9",0.890111913134934
"_CATGCAATCTGTGTGA-2","Glut-CACNA1H-3","Ex_CACNA1H_LHX9",0.870377014105169
"_CATGCGGGTCAAACGG-2","Glut-DACH2-3","Ex_DACH2_MGAT4C",0.429053907590368
"_CATGCGGTCTTACACT-2","Glut-DACH2-1","Ex_DACH2_SLIT2",0.33615345026927
"_CATGGTATCGTCGGGT-2","Glut-CACNA1H-2","Ex_TSHZ2_NR4A2",0.323126630135781
"_CATTCATCAACGATTC-2","Glut-CACNA1H-1","Ex_CACNA1H_LHX9",0.813823553017088
"_CATTCATCAATAGTCC-2","Glut-CACNA1H-2","Ex_CACNA1H_LHX9",0.419843164452239
"_CATTCCGAGCTAGATA-2","Glut-CACNA1H-2","Ex_CACNA1H_LHX9",0.495842509307116
"_CATTCCGTCGCTACGG-2","Glut-CACNA1H-1","Ex_CACNA1H_LHX9",0.881271125862397
"_CATTCTACAGTGTGCC-2","Glut-CACNA1H-2","Ex_CACNA1H_LHX9",0.397628326711766
"_CATTGAGAGACAACAT-2","Glut-CACNA1H-2","Ex_CACNA1H_LHX9",0.565631728224257
"_CATTGAGAGGTTCTTG-2","Glut-CACNA1H-1","Ex_CACNA1H_LHX9",0.884840810495646
"_CATTGAGCATAATCGC-2","Glut-CACNA1H-2","Ex_CACNA1H_LHX9",0.404302228344691
"_CATTGCCCAGGTAGTG-2","Glut-CACNA1H-2","Ex_CACNA1H_LHX9",0.673681703056748
"_CATTGCCGTTGTATGC-2","Glut-CACNA1H-1","Ex_CACNA1H_LHX9",0.914253881681371
"_CATTGTTAGTCATCGT-2","Glut-CACNA1H-2","Ex_CACNA1H_LHX9",0.754066978444684
"_CATTTCAGTCGTCATA-2","Glut-CACNA1H-3","Ex_CACNA1H_LHX9",0.856894904422915
"_CATTTCATCAGTCACA-2","Glut-CACNA1H-4","Ex_CACNA1H_LHX9",0.992098283024171
"_CCAAGCGAGAGCAGCT-2","Glut-CACNA1H-1","Ex_CACNA1H_LHX9",0.882471107384244
"_CCAAGCGGTATACCTG-2","Glut-CACNA1H-RA","Ex_Pre_KCNH7",0.585971254519962
"_CCAAGCGGTTCATCGA-2","Glut-CACNA1H-2","Ex_CACNA1H_LHX9",0.583620625794455
"_CCAAGCGTCCTAGAGT-2","Glut-CACNA1H-1","Ex_CACNA1H_LHX9",0.812635369593028
"_CCAATGAGTATTTCGG-2","Glut-CACNA1H-3","Ex_CACNA1H_LHX9",0.440448004672134
"_CCAATGAGTGAGACGT-2","Glut-CACNA1H-2","Ex_CACNA1H_LHX9",0.494312159227899
"_CCAATGATCGATACAC-2","Glut-CACNA1H-1","Ex_CACNA1H_LHX9",0.934842116035615
"_CCAATTTCATGGGATG-2","Glut-CACNA1H-2","Ex_CACNA1H_LHX9",0.815089941394476
"_CCAATTTGTTCAGCTA-2","Glut-CACNA1H-4","Ex_DACH2_SLIT2",0.550656741255085
"_CCACAAATCTACTGAG-2","Glut-CACNA1H-2","Ex_CACNA1H_LHX9",0.494016316639842
"_CCACACTGTTAGGCTT-2","Glut-CACNA1H-2","Ex_CACNA1H_LHX9",0.757413294862525
"_CCACACTTCCATTTAC-2","Glut-CACNA1H-4","Ex_CACNA1H_LHX9",0.997167316254152
"_CCACCATAGAGCCGTA-2","Glut-CACNA1H-RA","Ex_CACNA1H_LHX9",0.873497910805546
"_CCACGAGCATCTGTTT-2","Glut-CACNA1H-2","Ex_CACNA1H_LHX9",0.720790099627486
"_CCACGTTGTAGGGAGG-2","Glut-CACNA1H-2","Ex_CACNA1H_LHX9",0.572329917277436
"_CCACTTGCAACTTCTT-2","Glut-CACNA1H-3","Ex_CACNA1H_LHX9",0.936258699611256
"_CCACTTGCATCTTTCA-2","Glut-CACNA1H-2","Ex_CACNA1H_LHX9",0.587648846562065
"_CCACTTGCATGTGCCG-2","Glut-CACNA1H-3","Ex_CACNA1H_LHX9",0.692851100603102
"_CCACTTGGTTCCGCGA-2","Glut-CACNA1H-1","Ex_CACNA1H_LHX9",0.886730593142931
"_CCATAAGCAGCCTACG-2","Glut-CACNA1H-4","Ex_CACNA1H_LHX9",0.983343314036895
"_CCATAAGGTGCGAACA-2","Glut-CACNA1H-3","Ex_CACNA1H_LHX9",0.872335137768349
"_CCATAAGGTGTGCCTG-2","Glut-CACNA1H-4","Ex_CACNA1H_LHX9",0.966060242981382
"_CCATCACGTTTCTATC-2","Glut-CACNA1H-1","Ex_CACNA1H_LHX9",0.950219983092703
"_CCCATTGGTACGATGG-2","Glut-CACNA1H-3","Ex_CACNA1H_LHX9",0.358255212572225
"_CCCATTGGTTAATCGC-2","Glut-CACNA1H-1","Ex_Pre_KCNH7",0.349426437623362
"_CCCATTGTCTCGACGG-2","Glut-CACNA1H-2","Ex_CACNA1H_LHX9",0.483381099298789
"_CCCGAAGAGACGCATG-2","Glut-CACNA1H-2","Ex_Pre_KCNH7",0.371717107705769
"_CCCGAAGAGTACGTCT-2","Glut-CACNA1H-2","Ex_CACNA1H_LHX9",0.668680644961102
"_CCCGAAGGTCTGTGTA-2","Glut-CACNA1H-2","Ex_CACNA1H_LHX9",0.545236877749315
"_CCCGGAAAGGGCAAGG-2","Glut-CACNA1H-1","Ex_CACNA1H_LHX9",0.572087578687485
"_CCCGGAACAAGTTCCA-2","Glut-CACNA1H-2","Ex_CACNA1H_LHX9",0.502789978505682
"_CCCGGAAGTAGTCTGT-2","Glut-CACNA1H-1","Ex_CACNA1H_LHX9",0.874933884200147
"_CCCGGAAGTGCGGTAA-2","Glut-CACNA1H-3","Ex_CACNA1H_LHX9",0.709076062670959
"_CCCTCAAAGTCAATCC-2","Glut-CACNA1H-2","Ex_CACNA1H_LHX9",0.53735925333591
"_CCCTCAAAGTCCCAAT-2","Glut-CACNA1H-1","Ex_CACNA1H_LHX9",0.895258198870011
"_CCCTCAAGTTTAGAGA-2","Glut-CACNA1H-2","Ex_CACNA1H_LHX9",0.508490124473652
"_CCCTCTCGTAAGTTAG-2","Glut-CACNA1H-3","Ex_CACNA1H_LHX9",0.86493023505988
"_CCCTCTCGTTCGTTCC-2","Glut-CACNA1H-1","Ex_CACNA1H_LHX9",0.894271357601824
"_CCCTGATCAAGCGGAT-2","Glut-CACNA1H-2","Ex_CACNA1H_LHX9",0.334247371322874
"_CCCTGATCAGCGTACC-2","Glut-CACNA1H-3","Ex_CACNA1H_LHX9",0.80638553294917
"_CCCTGATGTGCAATAA-2","Glut-CACNA1H-2","Ex_CACNA1H_LHX9",0.445041768570469
"_CCCTGATGTGGCTGAA-2","Glut-CACNA1H-2","Ex_CACNA1H_LHX9",0.398930434203752
"_CCCTTAGAGGACTATA-2","Glut-CACNA1H-1","Ex_CACNA1H_LHX9",0.943815540313834
"_CCCTTAGCATCAGCAT-2","Glut-CACNA1H-2","Ex_CACNA1H_LHX9",0.55789033521404
"_CCCTTAGGTGAGCTCC-2","Glut-CACNA1H-2","Ex_CACNA1H_LHX9",0.321896803873468
"_CCGAACGGTATCTTCT-2","Glut-CACNA1H-1","Ex_CACNA1H_LHX9",0.85690692560966
"_CCGAACGGTCCATAGT-2","Glut-CACNA1H-3","Ex_CACNA1H_LHX9",0.501704938772385
"_CCGAACGTCTCTGACC-2","Glut-CACNA1H-1","Ex_CACNA1H_LHX9",0.817904151668281
"_CCGATGGAGACTACCT-2","Glut-CACNA1H-1","Ex_CACNA1H_LHX9",0.985010795600433
"_CCGATGGCACTAACGT-2","Glut-CACNA1H-2","Ex_CACNA1H_LHX9",0.613783530564227
"_CCGATGGCAGGATCTT-2","Glut-CACNA1H-1","Ex_CACNA1H_LHX9",0.905180852506846
"_CCGCAAGAGCCGGAAT-2","Glut-CACNA1H-2","Ex_CACNA1H_LHX9",0.826149510047186
"_CCGCAAGGTAACAGGC-2","Glut-CACNA1H-2","Ex_CACNA1H_LHX9",0.925193660839026
"_CCGCAAGGTGAGCTCC-2","Glut-CACNA1H-3","Ex_TSHZ2_NR4A2",0.545508765072114
"_CCGGACAGTGTCCCTT-2","Glut-CACNA1H-1","Ex_CACNA1H_LHX9",0.69249723331877
"_CCGGGTACAAACACCT-2","Glut-CACNA1H-2","Ex_CACNA1H_LHX9",0.554834088214567
"_CCGGGTAGTCATTCCC-2","Glut-CACNA1H-3","Ex_CACNA1H_LHX9",0.78212448739972
"_CCGGGTAGTTCGGCCA-2","Glut-CACNA1H-3","Ex_Pre_KCNH7",0.445190213737035
"_CCGGTAGAGGGATCGT-2","Glut-CACNA1H-2","Ex_CACNA1H_LHX9",0.934707111529782
"_CCGGTAGCATCGGAAG-2","Glut-CACNA1H-2","Ex_CACNA1H_LHX9",0.625031195439581
"_CCGGTAGGTCAACACT-2","Glut-CACNA1H-2","Ex_CACNA1H_LHX9",0.565873333892461
"_CCGGTGAAGTCTGTAC-2","Glut-CACNA1H-2","Ex_CACNA1H_LHX9",0.624945997203741
"_CCGGTGACACTGCATA-2","Glut-CACNA1H-1","Ex_CACNA1H_LHX9",0.819947960938523
"_CCGTAGGGTCCGAAGA-2","Glut-CACNA1H-3","Ex_CACNA1H_LHX9",0.525410087836287
"_CCGTGAGTCGAGAAGC-2","Glut-CACNA1H-1","Ex_CACNA1H_LHX9",0.977944322708681
"_CCGTTCACAGAGAGGG-2","Glut-CACNA1H-2","Ex_CACNA1H_LHX9",0.861577943212082
"_CCGTTCAGTCCAAGAG-2","Glut-CACNA1H-2","Ex_CACNA1H_LHX9",0.916869628808437
"_CCTAAGACACAACGCC-2","Glut-CACNA1H-1","Ex_CACNA1H_LHX9",0.749110105140994
"_CCTAAGACACTACAGT-2","Glut-CACNA1H-2","Ex_DACH2_NR4A3",0.555286705801325
"_CCTAAGAGTACGAGCA-2","Glut-CACNA1H-3","Ex_Pre_KCNH7",0.394376785113714
"_CCTAAGATCGAAGTGG-2","Glut-CACNA1H-1","Ex_CACNA1H_LHX9",0.899688117092356
"_CCTACGTGTCCAATCA-2","Glut-CACNA1H-RA","Ex_CACNA1H_LHX9",0.767914936525543
"_CCTACGTTCTGGCTGG-2","Glut-CACNA1H-3","Ex_CACNA1H_LHX9",0.985072406291163
"_CCTCAACGTATTTCCT-2","Glut-CACNA1H-1","Ex_CACNA1H_LHX9",0.95950686198359
"_CCTCAACGTGCACATT-2","Glut-CACNA1H-1","Ex_CACNA1H_LHX9",0.961030766070821
"_CCTCAACGTGCTTCAA-2","Glut-CACNA1H-1","Ex_CACNA1H_LHX9",0.937430762779001
"_CCTCAACTCTACGCAA-2","Glut-CACNA1H-2","Ex_CACNA1H_LHX9",0.777897941189332
"_CCTCACACATCGGAGA-2","Glut-CACNA1H-3","Ex_DACH2_NR4A3",0.612245282397023
"_CCTCAGTAGTTACGTC-2","Glut-CACNA1H-RA","Ex_CACNA1H_LHX9",0.529746879898041
"_CCTCAGTCAGGGTCTC-2","Glut-CACNA1H-1","Ex_CACNA1H_LHX9",0.923977946268666
"_CCTCATGGTCAGATTC-2","Glut-CACNA1H-2","Ex_CACNA1H_LHX9",0.405118244923896
"_CCTCCAAAGAAATCCA-2","Glut-CACNA1H-2","Ex_CACNA1H_LHX9",0.495286387809213
"_CCTCCAAAGCTTAGTC-2","Glut-CACNA1H-1","Ex_CACNA1H_LHX9",0.913828794962993
"_CCTCCAATCGACCCAG-2","Glut-CACNA1H-2","Ex_CACNA1H_LHX9",0.472676158148305
"_CCTCCTCAGAATGTTG-2","Glut-CACNA1H-2","Ex_CACNA1H_LHX9",0.520567181491313
"_CCTCCTCAGTATTGCC-2","Glut-CACNA1H-4","Ex_CACNA1H_LHX9",0.947189575801464
"_CCTCCTCGTCATTGCA-2","Glut-CACNA1H-1","Ex_CACNA1H_LHX9",0.962183695867647
"_CCTCTAGTCGCAAGAG-2","Glut-CACNA1H-3","Ex_CACNA1H_LHX9",0.539403427797413
"_CCTCTCCCACGTAGTT-2","Glut-CACNA1H-2","Ex_CACNA1H_LHX9",0.692429450000029
"_CCTCTCCGTACGAGTG-2","Glut-CACNA1H-3","Ex_CACNA1H_LHX9",0.919829436610178
"_CCTGCATAGACTTCGT-2","Glut-CACNA1H-1","Ex_CACNA1H_LHX9",0.756217132782782
"_CCTGCATCAGCAATTC-2","Glut-CACNA1H-1","Ex_CACNA1H_LHX9",0.949965194280284
"_CCTGCATTCTAGTCAG-2","Glut-CACNA1H-2","Ex_TSHZ2_NR4A2",0.437323885553232
"_CCTGTTGAGAGGTCGT-2","Glut-CACNA1H-1","Ex_CACNA1H_LHX9",0.975011229705427
"_CCTGTTGGTTGCCGAC-2","Glut-CACNA1H-1","Ex_CACNA1H_LHX9",0.960766613839459
"_CCTTCAGGTAAGATTG-2","Glut-CACNA1H-3","Ex_CACNA1H_LHX9",0.723279775189721
"_CCTTGTGAGTGCGTCC-2","Glut-CACNA1H-3","Ex_CACNA1H_LHX9",0.651025547941231
"_CCTTTGGAGCTGTCCG-2","Glut-CACNA1H-2","Ex_CACNA1H_LHX9",0.410646241950714
"_CCTTTGGCACATATCG-2","Glut-CACNA1H-1","Ex_CACNA1H_LHX9",0.867951899119114
"_CCTTTGGCACATTACG-2","Glut-CACNA1H-1","Ex_CACNA1H_LHX9",0.957860436022675
"_CCTTTGGGTCCGGCAT-2","Glut-CACNA1H-2","Ex_CACNA1H_LHX9",0.565613788274994
"_CGAAGGACAAGCCATT-2","Glut-CACNA1H-3","Ex_CACNA1H_LHX9",0.940644006264317
"_CGAATTGGTATCGAAA-2","Glut-CACNA1H-1","Ex_CACNA1H_LHX9",0.77031230344824
"_CGAATTGGTCGAATTC-2","Glut-CACNA1H-2","Ex_CACNA1H_LHX9",0.613282070564921
"_CGAATTGGTGCCTACG-2","Glut-CACNA1H-3","Ex_CACNA1H_LHX9",0.951286214896568
"_CGACAGCTCATCGTAG-2","Glut-CACNA1H-4","Ex_CACNA1H_LHX9",0.90934464187347
"_CGAGAAGTCCGTGGCA-2","Glut-CACNA1H-1","Ex_CACNA1H_LHX9",0.708684286908247
"_CGAGAAGTCCTCGCAT-2","Glut-CACNA1H-3","Ex_CACNA1H_LHX9",0.893406531702309
"_CGAGGAAAGTTCCTGA-2","Glut-CACNA1H-2","Ex_CACNA1H_LHX9",0.415151001249192
"_CGAGGAACAAAGTATG-2","Glut-CACNA1H-2","Ex_CACNA1H_LHX9",0.594491493083214
"_CGAGTGCAGAATCGCG-2","Glut-CACNA1H-2","Ex_CACNA1H_LHX9",0.634179121343842
"_CGAGTGCAGGCATGGT-2","Glut-CACNA1H-2","Ex_CACNA1H_LHX9",0.815565242171617
"_CGAGTGCCAACAGTGG-2","Glut-CACNA1H-3","Ex_CACNA1H_LHX9",0.363911466354201
"_CGAGTGCCATGACAAA-2","Glut-CACNA1H-2","Ex_CACNA1H_LHX9",0.643054064464315
"_CGAGTTAAGTAGAATC-2","Glut-CACNA1H-3","Ex_CACNA1H_LHX9",0.919081373220249
"_CGAGTTACAAACTGCT-2","Glut-CACNA1H-2","Ex_CACNA1H_LHX9",0.495038849859865
"_CGATGCGAGCCGTCGT-2","Glut-CACNA1H-3","Ex_CACNA1H_LHX9",0.642753325876358
"_CGATGCGCAACGGCTC-2","Glut-CACNA1H-1","Ex_CACNA1H_LHX9",0.96831794761106
"_CGATGCGTCACATTGG-2","Glut-CACNA1H-2","Ex_CACNA1H_LHX9",0.392248443563756
"_CGATGGCAGTAGTCAA-2","Glut-CACNA1H-1","Ex_CACNA1H_LHX9",0.87051164503185
"_CGATGGCTCCTTCAGC-2","Glut-CACNA1H-1","Ex_CACNA1H_LHX9",0.815180169803217
"_CGATGGCTCGACTCCT-2","Glut-CACNA1H-1","Ex_CACNA1H_LHX9",0.961572626111901
"_CGCAGGTGTAGAAACT-2","Glut-CACNA1H-1","Ex_DACH2_NR4A3",0.464782958185977
"_CGCAGGTGTCATCAGT-2","Glut-CACNA1H-2","Ex_CACNA1H_LHX9",0.389353070492163
"_CGCATAAAGCCATCCG-2","Glut-CACNA1H-1","Ex_CACNA1H_LHX9",0.835251241595366
"_CGCATAAAGGCATGGT-2","Glut-CACNA1H-4","Ex_CACNA1H_LHX9",0.97867733700674
"_CGCATAAAGGCATTTC-2","Glut-CACNA1H-2","Ex_DACH2_NR4A3",0.447433400874568
"_CGCATAAAGGGTTGCA-2","Glut-CACNA1H-3","Ex_CACNA1H_LHX9",0.913085539389038
"_CGCATAAGTGACTAAA-2","Glut-CACNA1H-3","Ex_CACNA1H_LHX9",0.951882406356655
"_CGCATGGAGCCGAATG-2","Glut-CACNA1H-1","Ex_CACNA1H_LHX9",0.994679640424228
"_CGCATGGCAGTGCCTG-2","Glut-CACNA1H-1","Ex_CACNA1H_LHX9",0.943944509635264
"_CGCATGGTCGGACCAC-2","Glut-CACNA1H-3","Ex_DACH2_NR4A3",0.530174833760389
"_CGCCAGAAGGAAGTGA-2","Glut-CACNA1H-2","Ex_CACNA1H_LHX9",0.435016716317499
"_CGCCAGAGTGAGATTA-2","Glut-CACNA1H-4","Ex_CACNA1H_LHX9",0.980633815844711
"_CGCCAGATCTCACCCA-2","Glut-CACNA1H-2","Ex_DACH2_SLIT2",0.536579041663967
"_CGCCATTGTGTGGTCC-2","Glut-CACNA1H-1","Ex_CACNA1H_LHX9",0.389488684096454
"_CGCCATTTCGTAGTCA-2","Glut-CACNA1H-2","Ex_CACNA1H_LHX9",0.374024547734428
"_CGCGTGAAGTGTAGAT-2","Glut-CACNA1H-1","Ex_CACNA1H_LHX9",0.927179445830934
"_CGCGTGAGTCAAGGCA-2","Glut-DACH2-4","Ex_DACH2_ITGA9",0.784721571012136
"_CGGAACCAGCTAATCC-2","Glut-CACNA1H-2","Ex_CACNA1H_LHX9",0.369555881351872
"_CGGAACCTCACTGGTA-2","Glut-CACNA1H-3","Ex_CACNA1H_LHX9",0.527745640287411
"_CGGAATTAGCAAGCCA-2","Glut-CACNA1H-3","Ex_CACNA1H_LHX9",0.908542855032751
"_CGGAATTAGTCATGGG-2","Glut-CACNA1H-2","Ex_DACH2_NR4A3",0.348277568756329
"_CGGAATTCAACCAATC-2","Glut-CACNA1H-2","Ex_CACNA1H_LHX9",0.279207051614154
"_CGGAATTCAATCCTTT-2","Glut-CACNA1H-2","Ex_CACNA1H_LHX9",0.258706702609526
"_CGGAATTCACGGTGTC-2","Glut-CACNA1H-2","Ex_CACNA1H_LHX9",0.607526020157799
"_CGGAATTTCGCAGTTA-2","Glut-CACNA1H-1","Ex_CACNA1H_LHX9",0.774566966608851
"_CGGACACTCGACGATT-2","Glut-CACNA1H-3","Ex_CACNA1H_LHX9",0.851509664609661
"_CGGACACTCTCCTGCA-2","Glut-CACNA1H-4","Ex_CACNA1H_LHX9",0.986558985234023
"_CGGAGAAAGCTGGCCT-2","Glut-DACH2-1","Ex_DACH2_GRIK4",0.406014961362201
"_CGGAGAACATCCGGCA-2","Glut-CACNA1H-1","Ex_CACNA1H_LHX9",0.952201971639623
"_CGGAGAAGTTACTCAG-2","Glut-CACNA1H-2","Ex_CACNA1H_LHX9",0.607301097309882
"_CGGAGAATCTAAGCCA-2","Glut-CACNA1H-2","Ex_CACNA1H_LHX9",0.786213295842987
"_CGGCAGTGTAGCGTCC-2","Glut-CACNA1H-1","Ex_CACNA1H_LHX9",0.728218338760445
"_CGGCAGTGTATGCTTG-2","Glut-CACNA1H-2","Ex_CACNA1H_LHX9",0.788405169132497
"_CGGGACTGTCCTTGTC-2","Glut-CACNA1H-2","Ex_TSHZ2_NR4A2",0.500450867379358
"_CGGGACTTCTCGTCGT-2","Glut-DACH2-1","Ex_DACH2_MGAT4C",0.554332637730029
"_CGGGTCAAGAGTCGAC-2","Glut-CACNA1H-1","Ex_CACNA1H_LHX9",0.560600203225966
"_CGGGTGTCAGGAGGTT-2","Glut-CACNA1H-2","Ex_CACNA1H_LHX9",0.623077559287274
"_CGGTCAGAGAGCCATG-2","Glut-CACNA1H-4","Ex_CACNA1H_LHX9",0.935720060845201
"_CGGTCAGGTATCTTCT-2","Glut-CACNA1H-4","Ex_CACNA1H_LHX9",0.991945418572428
"_CGTAAGTAGGAGAATG-2","Glut-CACNA1H-3","Ex_CACNA1H_LHX9",0.306906707400287
"_CGTAAGTAGTCCTACA-2","Glut-CACNA1H-1","Ex_CACNA1H_LHX9",0.889702690794148
"_CGTAAGTTCCAGCTCT-2","Glut-CACNA1H-2","Ex_CACNA1H_LHX9",0.598454352606086
"_CGTAGTAAGCTCGTGC-2","Glut-CACNA1H-1","Ex_CACNA1H_LHX9",0.92692079824006
"_CGTAGTATCATTGCGA-2","Glut-CACNA1H-2","Ex_CACNA1H_LHX9",0.694152147183541
"_CGTCAAAAGCTTACGT-2","Glut-CACNA1H-2","Ex_DACH2_NR4A3",0.821412596977512
"_CGTCAAACACACCTTC-2","Glut-CACNA1H-3","Ex_CACNA1H_LHX9",0.508190135518183
"_CGTCAAAGTGCATCTA-2","Glut-CACNA1H-2","Ex_CACNA1H_LHX9",0.86256360127117
"_CGTGAATAGAGGTCAC-2","Glut-CACNA1H-3","Ex_CACNA1H_LHX9",0.815117349518439
"_CGTGAATCATCGGCCA-2","Glut-CACNA1H-2","Ex_CACNA1H_LHX9",0.56042936963835
"_CGTGAATTCAGGAACG-2","Glut-CACNA1H-1","Ex_CACNA1H_LHX9",0.911471292522588
"_CGTGATAAGCTTGTGT-2","Glut-CACNA1H-2","Ex_CACNA1H_LHX9",0.340534953414293
"_CGTGATACATAGTCGT-2","Glut-CACNA1H-4","Ex_CACNA1H_LHX9",0.98059495654874
"_CGTGCTTAGCATGCAG-2","Glut-CACNA1H-1","Ex_CACNA1H_LHX9",0.83196581628134
"_CGTGCTTCAATTGCCA-2","Glut-CACNA1H-1","Ex_CACNA1H_LHX9",0.979465526087981
"_CGTGCTTCAGCAAGAC-2","Glut-CACNA1H-1","Ex_CACNA1H_LHX9",0.803093471596119
"_CGTGCTTGTGGTCCCA-2","Glut-CACNA1H-1","Ex_CACNA1H_LHX9",0.56287027274717
"_CGTGCTTTCGAAGCCC-2","Glut-CACNA1H-1","Ex_CACNA1H_LHX9",0.965735099801368
"_CGTGCTTTCGGAGCAA-2","Glut-CACNA1H-2","Ex_Pre_KCNH7",0.377819641992151
"_CGTGTCTGTAGGGTAC-2","Glut-CACNA1H-1","Ex_CACNA1H_LHX9",0.763276531902716
"_CGTGTCTGTTGCTTGA-2","Glut-CACNA1H-2","Ex_CACNA1H_LHX9",0.839570569333169
"_CGTGTCTTCAAGATAG-2","Glut-CACNA1H-1","Ex_CACNA1H_LHX9",0.891777463846211
"_CGTGTCTTCCCGTAAA-2","Glut-CACNA1H-1","Ex_CACNA1H_LHX9",0.916057395462137
"_CGTTGGGAGGACTGGT-2","Glut-CACNA1H-1","Ex_CACNA1H_LHX9",0.96237471260841
"_CGTTGGGCAAGCAATA-2","Glut-CACNA1H-1","Ex_CACNA1H_LHX9",0.946518692375964
"_CGTTGGGCACCAGCGT-2","Glut-CACNA1H-3","Ex_CACNA1H_LHX9",0.614321339060217
"_CGTTGGGGTTGCGAAG-2","Glut-CACNA1H-3","Ex_CACNA1H_LHX9",0.962322925905792
"_CGTTGGGTCACTCTTA-2","Glut-CACNA1H-3","Ex_CACNA1H_LHX9",0.883576396094781
"_CTAACCCAGAGCAGAA-2","Glut-CACNA1H-1","Ex_CACNA1H_LHX9",0.88854045831819
"_CTAACCCTCCCGTGTT-2","Glut-CACNA1H-1","Ex_CACNA1H_LHX9",0.917959875797473
"_CTAACCCTCCCTGGTT-2","Glut-CACNA1H-1","Ex_CACNA1H_LHX9",0.875925426394012
"_CTAACTTAGATGGCAC-2","Glut-CACNA1H-2","Ex_CACNA1H_LHX9",0.638422559807343
"_CTAACTTTCGACATAC-2","Glut-CACNA1H-1","Ex_CACNA1H_LHX9",0.899435167009722
"_CTAAGTGAGAACGCGT-2","Glut-CACNA1H-3","Ex_CACNA1H_LHX9",0.920781427486233
"_CTAAGTGGTCGAAACG-2","Glut-CACNA1H-1","Ex_CACNA1H_LHX9",0.862651463448628
"_CTACAGAAGGCTAACG-2","Glut-CACNA1H-1","Ex_CACNA1H_LHX9",0.675513545809147
"_CTACAGAGTGAGACGT-2","Glut-CACNA1H-3","Ex_CACNA1H_LHX9",0.728975461289598
"_CTACATTCAGCAGTTT-2","Glut-CACNA1H-1","Ex_CACNA1H_LHX9",0.912213471715193
"_CTACCCACACGTATAC-2","Glut-CACNA1H-2","Ex_CACNA1H_LHX9",0.804314616325625
"_CTACCTGAGGTGCATG-2","Glut-CACNA1H-2","Ex_CACNA1H_LHX9",0.647653936407638
"_CTACGGGAGAAGTCAT-2","Glut-CACNA1H-2","Ex_CACNA1H_LHX9",0.921611668736733
"_CTACGGGCAAGCAATA-2","Glut-CACNA1H-1","Ex_CACNA1H_LHX9",0.795580521520177
"_CTAGACAAGAGGATGA-2","Glut-CACNA1H-3","Ex_CACNA1H_LHX9",0.876535960052886
"_CTAGGTAAGGTGGTTG-2","Glut-CACNA1H-2","Ex_CACNA1H_LHX9",0.420566909853318
"_CTAGGTATCTAGCATG-2","Glut-CACNA1H-2","Ex_Pre_SATB2",0.366977675977506
"_CTATAGGAGAGTGTGC-2","Glut-CACNA1H-2","Ex_DACH2_SLIT2",0.48186190231944
"_CTATAGGGTACGGGAT-2","Glut-CACNA1H-3","Ex_CACNA1H_LHX9",0.330715618149177
"_CTATAGGGTCAGGTGA-2","Glut-CACNA1H-2","Ex_CACNA1H_LHX9",0.442540620224423
"_CTATAGGGTTTCGTGA-2","Glut-CACNA1H-3","Ex_CACNA1H_LHX9",0.639429272935373
"_CTATCTAAGATGAATC-2","Glut-CACNA1H-2","Ex_Pre_SATB2",0.365051178168297
"_CTATCTACAAACTCGT-2","Glut-CACNA1H-1","Ex_CACNA1H_LHX9",0.995080690658393
"_CTATCTACATCAGTGT-2","Glut-CACNA1H-2","Ex_CACNA1H_LHX9",0.779455516314481
"_CTATCTAGTAGGTTTC-2","Glut-CACNA1H-2","Ex_CACNA1H_LHX9",0.419681457659308
"_CTATCTATCCTGCCAT-2","Glut-CACNA1H-2","Ex_CACNA1H_LHX9",0.901287484630819
"_CTCAACCGTCATCAGT-2","Glut-CACNA1H-2","Ex_TSHZ2_NR4A2",0.56441938513321
"_CTCAACCTCGAATGCT-2","Glut-CACNA1H-2","Ex_Pre_KCNH7",0.296788383230446
"_CTCACTGGTTGGGACA-2","Glut-CACNA1H-2","Ex_DACH2_NR4A3",0.477385370913024
"_CTCAGAATCCCATAAG-2","Glut-CACNA1H-3","Ex_CACNA1H_LHX9",0.909178309515651
"_CTCAGGGCAACGACAG-2","Glut-CACNA1H-1","Ex_CACNA1H_LHX9",0.94880016157259
"_CTCAGGGGTCGTTGGC-2","Glut-CACNA1H-1","Ex_CACNA1H_LHX9",0.914946980411557
"_CTCATCGAGAAGGGAT-2","Glut-CACNA1H-1","Ex_CACNA1H_LHX9",0.920384406175271
"_CTCATCGTCTCGTGAA-2","Glut-CACNA1H-3","Ex_TSHZ2_NR4A2",0.722423263392717
"_CTCATGCAGCGCCGTT-2","Glut-CACNA1H-3","Ex_CACNA1H_LHX9",0.459174128495695
"_CTCATGCAGCGTCTCG-2","Glut-DACH2-1","Ex_DACH2_MGAT4C",0.451620201705982
"_CTCATGCAGTCTCTGA-2","Glut-CACNA1H-4","Ex_CACNA1H_LHX9",0.992037000684943
"_CTCATGCGTAGTGCGA-2","Glut-CACNA1H-1","Ex_TSHZ2_NR4A2",0.332951604462745
"_CTCATGCTCTACGCAA-2","Glut-CACNA1H-1","Ex_CACNA1H_LHX9",0.857465181571653
"_CTCATTATCGTCGCTT-2","Glut-CACNA1H-1","Ex_CACNA1H_LHX9",0.955481684255344
"_CTCCAACAGACCTCCG-2","Glut-CACNA1H-1","Ex_CACNA1H_LHX9",0.941323940930111
"_CTCCAACAGAGCCATG-2","Glut-CACNA1H-1","Ex_CACNA1H_LHX9",0.922962379771119
"_CTCCAACGTCCGGTGT-2","Glut-CACNA1H-2","Ex_CACNA1H_LHX9",0.657157713753757
"_CTCCACATCGAAATCC-2","Glut-CACNA1H-3","Ex_CACNA1H_LHX9",0.78155337908597
"_CTCCCAACACTGGAAG-2","Glut-CACNA1H-2","Ex_CACNA1H_LHX9",0.42918253115755
"_CTCCCTCAGCCATCCG-2","Glut-CACNA1H-1","Ex_CACNA1H_LHX9",0.778769965776366
"_CTCCCTCCATGGCTAT-2","Glut-CACNA1H-1","Ex_CACNA1H_LHX9",0.811975319422074
"_CTCCCTCGTACGTTCA-2","Glut-CACNA1H-2","Ex_CACNA1H_LHX9",0.825090987751578
"_CTCCCTCGTCGGAACA-2","Glut-CACNA1H-2","Ex_CACNA1H_LHX9",0.540790384094545
"_CTCCGATAGGTGGCTA-2","Glut-CACNA1H-3","Ex_DACH2_NR4A3",0.365739862329788
"_CTCCGATGTATTCCGA-2","Glut-CACNA1H-2","Ex_DACH2_NR4A3",0.877191403649844
"_CTCCGATTCACCCTGT-2","Glut-CACNA1H-2","Ex_TSHZ2_NR4A2",0.477357388244495
"_CTCCTTTAGTTGTCAC-2","Glut-CACNA1H-4","Ex_CACNA1H_LHX9",0.972136030086357
"_CTCCTTTTCATTCTTG-2","Glut-CACNA1H-2","Ex_CACNA1H_LHX9",0.724916163448897
"_CTCGAGGCAATCCAGT-2","Glut-CACNA1H-2","Ex_Pre_SATB2",0.490989180904205
"_CTCTCAGGTCATCCGG-2","Glut-CACNA1H-3","Ex_CACNA1H_LHX9",0.634916157108609
"_CTCTCGAGTCTGATAC-2","Glut-CACNA1H-3","Ex_CACNA1H_LHX9",0.905817048457882
"_CTCTGGTAGGTGGCTA-2","Glut-CACNA1H-3","Ex_CACNA1H_LHX9",0.789702423235612
"_CTCTGGTGTACGTGTT-2","Glut-CACNA1H-1","Ex_CACNA1H_LHX9",0.872169127310477
"_CTCTGGTGTCTGTAGT-2","Glut-CACNA1H-3","Ex_CACNA1H_LHX9",0.784461212851939
"_CTCTGGTGTTCGGTTA-2","Glut-CACNA1H-4","Ex_CACNA1H_LHX9",0.997592642897902
"_CTGAATGCAGAGGAAA-2","Glut-CACNA1H-4","Ex_CACNA1H_LHX9",0.983310260921787
"_CTGAGCGAGACAACAT-2","Glut-CACNA1H-2","Ex_CACNA1H_LHX9",0.409917490200922
"_CTGAGCGGTTATTCTC-2","Glut-CACNA1H-1","Ex_CACNA1H_LHX9",0.879436368591526
"_CTGAGGCCAACACAAA-2","Glut-CACNA1H-1","Ex_CACNA1H_LHX9",0.84317350989723
"_CTGAGGCCACGTAGTT-2","Glut-CACNA1H-3","Ex_CACNA1H_LHX9",0.456473623124722
"_CTGATCCAGGGACACT-2","Glut-CACNA1H-4","Ex_CACNA1H_LHX9",0.928959596134608
"_CTGATCCCAAGCACCC-2","Glut-CACNA1H-2","Ex_CACNA1H_LHX9",0.576922083021862
"_CTGATCCGTATCAGCT-2","Glut-CACNA1H-1","Ex_CACNA1H_LHX9",0.917627475424236
"_CTGCAGGCACGATTCA-2","Glut-CACNA1H-3","Ex_CACNA1H_LHX9",0.513832735342984
"_CTGCCTAGTCTTACAG-2","Glut-CACNA1H-4","Ex_CACNA1H_LHX9",0.984266244759876
"_CTGCGAGTCATTACTC-2","Glut-CACNA1H-3","Ex_DACH2_NR4A3",0.33927696471175
"_CTGCTCACAGCAGTCC-2","Glut-CACNA1H-2","Ex_CACNA1H_LHX9",0.275344893986622
"_CTGCTCAGTCTTCATT-2","Glut-CACNA1H-1","Ex_CACNA1H_LHX9",0.817601404795338
"_CTGCTCATCATACGAC-2","Glut-CACNA1H-2","Ex_CACNA1H_LHX9",0.74020508605872
"_CTGCTCATCTTTCGAT-2","Glut-CACNA1H-1","Ex_CACNA1H_LHX9",0.960628326607004
"_CTGGCAGCAATTTCTC-2","Glut-CACNA1H-1","Ex_CACNA1H_LHX9",0.792176211188083
"_CTGGCAGGTTGGCCTG-2","Glut-CACNA1H-2","Ex_CACNA1H_LHX9",0.734646345025273
"_CTGGCAGTCGCGCTGA-2","Glut-CACNA1H-3","Ex_Pre_KCNH7",0.443734458606003
"_CTGTACCGTCTTGAAC-2","Glut-CACNA1H-2","Ex_CACNA1H_LHX9",0.739922676175967
"_CTGTAGACACTACACA-2","Glut-CACNA1H-1","Ex_CACNA1H_LHX9",0.876962350842454
"_CTGTAGAGTTTCGTAG-2","Glut-CACNA1H-1","Ex_CACNA1H_LHX9",0.886159406916801
"_CTGTCGTGTACTCCCT-2","Glut-CACNA1H-3","Ex_CACNA1H_LHX9",0.783172887406414
"_CTGTGAACACTGCTTC-2","Glut-CACNA1H-4","Ex_CACNA1H_LHX9",0.975029315205371
"_CTGTGAAGTCTCGACG-2","Glut-CACNA1H-3","Ex_CACNA1H_LHX9",0.948150011188606
"_CTGTGAAGTGAGTAGC-2","Glut-DACH2-1","Ex_DACH2_MGAT4C",0.279144946445631
"_CTGTGAAGTGTTCGTA-2","Glut-CACNA1H-2","Ex_CACNA1H_LHX9",0.55956706875907
"_CTGTGGGAGAAGGCTC-2","Glut-CACNA1H-2","Ex_DACH2_NR4A3",0.779220895441932
"_CTGTGGGAGTGCAGGT-2","Glut-CACNA1H-4","Ex_CACNA1H_LHX9",0.993636009142258
"_CTGTGGGAGTTACGGG-2","Glut-CACNA1H-1","Ex_CACNA1H_LHX9",0.851812499230357
"_CTGTGGGGTAATTGGA-2","Glut-CACNA1H-2","Ex_CACNA1H_LHX9",0.852404579160774
"_CTGTGGGGTACAGCGA-2","Glut-DACH2-1","Ex_DACH2_MGAT4C",0.339655672421092
"_CTTACCGCATCTCGTC-2","Glut-CACNA1H-2","Ex_DACH2_NR4A3",0.492760046342564
"_CTTACCGGTCGTCATA-2","Glut-CACNA1H-2","Ex_CACNA1H_LHX9",0.342132237819773
"_CTTACCGGTTCGTACA-2","Glut-CACNA1H-3","Ex_CACNA1H_LHX9",0.888773331426686
"_CTTAGGAAGGACTATA-2","Glut-CACNA1H-2","Ex_CACNA1H_LHX9",0.764689903158832
"_CTTAGGAGTGAATGTA-2","Glut-CACNA1H-2","Ex_CACNA1H_LHX9",0.638661040593623
"_CTTAGGAGTTCAGCTA-2","Glut-CACNA1H-1","Ex_CACNA1H_LHX9",0.861258320849919
"_CTTCCGACAGCTATTG-2","Glut-CACNA1H-2","Ex_DACH2_NR4A3",0.350416672611141
"_CTTCCGATCAAGAGGC-2","Glut-CACNA1H-1","Ex_CACNA1H_LHX9",0.937857812809329
"_CTTCGGTAGGCGCTTC-2","Glut-CACNA1H-3","Ex_CACNA1H_LHX9",0.909136326541613
"_CTTCGGTGTAGTCTGT-2","Glut-CACNA1H-1","Ex_CACNA1H_LHX9",0.9784200797134
"_CTTCTAAAGCTGCCAC-2","Glut-CACNA1H-2","Ex_CACNA1H_LHX9",0.976400061643623
"_CTTCTAAAGTCTCTGA-2","Glut-CACNA1H-2","Ex_CACNA1H_LHX9",0.675123289638263
"_CTTCTAAGTAGTGATA-2","Glut-DACH2-1","Ex_DACH2_GRIK4",0.433809675573971
"_CTTCTCTGTACGCGTC-2","Glut-CACNA1H-1","Ex_CACNA1H_LHX9",0.803404417259263
"_CTTCTCTGTGCAGGAT-2","Glut-DACH2-1","Ex_DACH2_SLIT2",0.315407986155962
"_CTTCTCTTCGTGTGAT-2","Glut-CACNA1H-1","Ex_CACNA1H_LHX9",0.888105648820923
"_CTTGAGAAGTCTTCGA-2","Glut-CACNA1H-1","Ex_CACNA1H_LHX9",0.713426536398234
"_CTTGAGAGTCTCCTGT-2","Glut-CACNA1H-1","Ex_CACNA1H_LHX9",0.641049004635768
"_CTTGAGAGTGGCCCAT-2","Glut-CACNA1H-3","Ex_CACNA1H_LHX9",0.961005646200037
"_CTTGATTAGGAAAGTG-2","Glut-CACNA1H-3","Ex_CACNA1H_LHX9",0.91659858996539
"_CTTGATTCACCTGATA-2","Glut-CACNA1H-1","Ex_CACNA1H_LHX9",0.921842720077104
"_CTTGATTGTAGTTAGA-2","Glut-CACNA1H-1","Ex_CACNA1H_LHX9",0.955383457419424
"_CTTGATTGTCTGCATA-2","Glut-CACNA1H-3","Ex_TSHZ2_NR4A2",0.489598062005126
"_CTTTCAAAGAGTATAC-2","Glut-CACNA1H-4","Ex_CACNA1H_LHX9",0.986119912148112
"_CTTTCAAAGGCATCTT-2","Glut-CACNA1H-2","Ex_CACNA1H_LHX9",0.493187667995966
"_CTTTCAAGTCGTTGCG-2","Glut-CACNA1H-4","Ex_CACNA1H_LHX9",0.978160758590529
"_CTTTCGGAGATGCTAA-2","Glut-CACNA1H-2","Ex_CACNA1H_LHX9",0.668970231172389
"_CTTTCGGAGGCAGGTT-2","Glut-CACNA1H-2","Ex_CACNA1H_LHX9",0.437196263720741
"_CTTTCGGTCGAGAACG-2","Glut-CACNA1H-2","Ex_CACNA1H_LHX9",0.302229054091452
"_GAAACCTTCTAAGAAG-2","Glut-CACNA1H-3","Ex_CACNA1H_LHX9",0.410710937722635
"_GAACACTAGTCACGCC-2","Glut-CACNA1H-1","Ex_CACNA1H_LHX9",0.964624480848907
"_GAACACTAGTGACACG-2","Glut-CACNA1H-2","Ex_CACNA1H_LHX9",0.862715035325723
"_GAACACTGTTGCTTGA-2","Glut-CACNA1H-2","Ex_CACNA1H_LHX9",0.506427911067542
"_GAACGTTCACGTAGTT-2","Glut-CACNA1H-2","Ex_CACNA1H_LHX9",0.765499997412484
"_GAACGTTCACTAGGTT-2","Glut-CACNA1H-2","Ex_TSHZ2_NR4A2",0.308531072846328
"_GAACTGTGTTCGTACA-2","Glut-CACNA1H-1","Ex_CACNA1H_LHX9",0.670196167977717
"_GAACTGTTCGGTCTAA-2","Glut-CACNA1H-2","Ex_TSHZ2_NR4A2",0.292954408247628
"_GAAGAATCAACTGCCG-2","Glut-CACNA1H-1","Ex_CACNA1H_LHX9",0.871458156440441
"_GAAGAATGTTACCCAA-2","Glut-CACNA1H-2","Ex_CACNA1H_LHX9",0.743472298026962
"_GAAGAATTCGTGTCAA-2","Glut-CACNA1H-3","Ex_CACNA1H_LHX9",0.587841060259418
"_GAAGCCCCAGGGAGAG-2","Glut-CACNA1H-2","Ex_CACNA1H_LHX9",0.332740544543305
"_GAAGCCCGTCTTGAGT-2","Glut-CACNA1H-4","Ex_CACNA1H_LHX9",0.949710968772619
"_GAAGCCCGTTTCACTT-2","Glut-CACNA1H-2","Ex_CACNA1H_LHX9",0.721116080867508
"_GAAGCGAAGGCGATAC-2","Glut-CACNA1H-1","Ex_CACNA1H_LHX9",0.95670049208222
"_GAAGGACGTTCTCCCA-2","Glut-CACNA1H-3","Ex_CACNA1H_LHX9",0.977517094060385
"_GAAGGGTAGAGGATCC-2","Glut-CACNA1H-4","Ex_CACNA1H_LHX9",0.976890509935618
"_GAAGGGTCACTAGGCC-2","Glut-CACNA1H-3","Ex_CACNA1H_LHX9",0.956234054363228
"_GAAGGGTCATAATGCC-2","Glut-CACNA1H-2","Ex_CACNA1H_LHX9",0.808290577101956
"_GAAGGGTGTACTTGTG-2","Glut-CACNA1H-2","Ex_CACNA1H_LHX9",0.818119984457666
"_GAATAGACAGGTAGTG-2","Glut-CACNA1H-1","Ex_CACNA1H_LHX9",0.919504895899467
"_GAATAGAGTCTGTCCT-2","Glut-CACNA1H-2","Ex_CACNA1H_LHX9",0.610398845934585
"_GAATAGAGTGACACAG-2","Glut-CACNA1H-1","Ex_CACNA1H_LHX9",0.99412064506136
"_GAATAGAGTTTAGACC-2","Glut-DACH2-4","Ex_DACH2_ITGA9",0.712518811990133
"_GAATCACCAATCGTCA-2","Glut-CACNA1H-2","Ex_DACH2_NR4A3",0.36326585513759
"_GAATCACTCTGTGCGG-2","Glut-CACNA1H-1","Ex_CACNA1H_LHX9",0.859762420982726
"_GAATCGTAGAGGGCGA-2","Glut-CACNA1H-2","Ex_DACH2_NR4A3",0.793801880031992
"_GAATCGTAGATGAATC-2","Glut-CACNA1H-4","Ex_CACNA1H_LHX9",0.914761956980429
"_GAATCGTGTCTGTGAT-2","Glut-CACNA1H-1","Ex_CACNA1H_LHX9",0.901404781067052
"_GAATCGTTCCGGACGT-2","Glut-CACNA1H-1","Ex_CACNA1H_LHX9",0.900374898781441
"_GACACGCTCCTGTAGA-2","Glut-CACNA1H-3","Ex_CACNA1H_LHX9",0.901466068326329
"_GACAGCCAGGATATAC-2","Glut-CACNA1H-2","Ex_CACNA1H_LHX9",0.5728938029804
"_GACAGCCAGGCCCACT-2","Glut-CACNA1H-4","Ex_CACNA1H_LHX9",0.880528194751681
"_GACAGCCAGGGCTTCC-2","Glut-CACNA1H-1","Ex_CACNA1H_LHX9",0.972250809646369
"_GACAGCCCACGCGCTA-2","Glut-CACNA1H-1","Ex_CACNA1H_LHX9",0.307746747663369
"_GACAGCCGTCATGCAT-2","Glut-CACNA1H-1","Ex_CACNA1H_LHX9",0.846219220604344
"_GACAGCCGTGTGGTCC-2","Glut-CACNA1H-2","Ex_Pre_SATB2",0.314900988593862
"_GACATCAAGTAAGACT-2","Glut-CACNA1H-1","Ex_CACNA1H_LHX9",0.946564518919265
"_GACCAATGTGATACCT-2","Glut-CACNA1H-2","Ex_CACNA1H_LHX9",0.351703723299856
"_GACCAATTCAGAGCGA-2","Glut-CACNA1H-3","Ex_CACNA1H_LHX9",0.446841119882412
"_GACCCAGCATCGTGCG-2","Glut-CACNA1H-2","Ex_CACNA1H_LHX9",0.728148214594908
"_GACCCAGGTTAAGACA-2","Glut-CACNA1H-2","Ex_TSHZ2_NR4A2",0.410070925658496
"_GACCCAGTCGCGCCAA-2","Glut-CACNA1H-1","Ex_CACNA1H_LHX9",0.905761267328633
"_GACCCTTAGCGCATCC-2","Glut-CACNA1H-1","Ex_CACNA1H_LHX9",0.807052553514465
"_GACCCTTTCCATCTAT-2","Glut-CACNA1H-2","Ex_CACNA1H_LHX9",0.48334687206762
"_GACCGTGAGTAGAGTT-2","Glut-CACNA1H-1","Ex_CACNA1H_LHX9",0.944919616189474
"_GACCGTGAGTAGGGTC-2","Glut-CACNA1H-4","Ex_CACNA1H_LHX9",0.98029783256574
"_GACCGTGGTACCCACG-2","Glut-CACNA1H-2","Ex_Pre_KCNH7",0.338512329425277
"_GACCGTGGTTCCACAA-2","Glut-CACNA1H-3","Ex_CACNA1H_LHX9",0.727175627236275
"_GACCGTGTCACTGTTT-2","Glut-CACNA1H-1","Ex_CACNA1H_LHX9",0.90259387388965
"_GACCGTGTCTTTCCAA-2","Glut-CACNA1H-3","Ex_CACNA1H_LHX9",0.8629589860109
"_GACCTTCTCTAAGAAG-2","Glut-CACNA1H-3","Ex_CACNA1H_LHX9",0.895027548245261
"_GACGCTGGTACGGTTT-2","Glut-CACNA1H-2","Ex_TSHZ2_NR4A2",0.287998578199849
"_GACGCTGGTAGCTGTT-2","Glut-CACNA1H-1","Ex_CACNA1H_LHX9",0.325136047307863
"_GACGCTGGTGTTCAGT-2","Glut-CACNA1H-2","Ex_CACNA1H_LHX9",0.83381643082875
"_GACGCTGTCAAGCCAT-2","Glut-CACNA1H-3","Ex_CACNA1H_LHX9",0.908128060744821
"_GACGCTGTCTAAGCGT-2","Glut-CACNA1H-2","Ex_CACNA1H_LHX9",0.528561530465333
"_GACGTTAAGGCGAAGG-2","Glut-CACNA1H-3","Ex_CACNA1H_LHX9",0.880161288728653
"_GACGTTAGTATCTCGA-2","Glut-CACNA1H-2","Ex_CACNA1H_LHX9",0.528670812566339
"_GACTATGAGATGTAGT-2","Glut-CACNA1H-1","Ex_CACNA1H_LHX9",0.834555213125139
"_GACTATGGTACAGAAT-2","Glut-CACNA1H-3","Ex_CACNA1H_LHX9",0.541827869108792
"_GACTCAAAGCTACAAA-2","Glut-CACNA1H-2","Ex_CACNA1H_LHX9",0.514198306378133
"_GACTCAAAGTACCGGA-2","Glut-CACNA1H-1","Ex_CACNA1H_LHX9",0.725314367742196
"_GACTCAAAGTCAGCGA-2","Glut-CACNA1H-4","Ex_CACNA1H_LHX9",0.998197217944737
"_GACTCTCCATCAGCAT-2","Glut-CACNA1H-2","Ex_CACNA1H_LHX9",0.670219903119768
"_GACTTCCCAGTTGTTG-2","Glut-CACNA1H-2","Ex_DACH2_NR4A3",0.359225462728143
"_GACTTCCGTTTCGACA-2","Glut-CACNA1H-1","Ex_CACNA1H_LHX9",0.702165837005921
"_GAGAAATAGCGTGCTC-2","Glut-CACNA1H-2","Ex_CACNA1H_LHX9",0.374647580018877
"_GAGACCCAGAGCGACT-2","Glut-CACNA1H-4","Ex_CACNA1H_LHX9",0.957925019414409
"_GAGACTTAGCGCCTCA-2","Glut-CACNA1H-1","Ex_CACNA1H_LHX9",0.862673859478151
"_GAGACTTAGGTACCTT-2","Glut-CACNA1H-1","Ex_CACNA1H_LHX9",0.781150967691594
"_GAGACTTAGGTCCCTG-2","Glut-CACNA1H-3","Ex_CACNA1H_LHX9",0.444669136845782
"_GAGACTTGTCATCCCT-2","Glut-CACNA1H-2","Ex_CACNA1H_LHX9",0.719498221006106
"_GAGAGGTAGGTTCCAT-2","Glut-CACNA1H-4","Ex_CACNA1H_LHX9",0.62841034786396
"_GAGATGGAGTGGATTA-2","Glut-CACNA1H-3","Ex_CACNA1H_LHX9",0.802564168307081
"_GAGATGGGTGGCCCAT-2","Glut-CACNA1H-3","Ex_CACNA1H_LHX9",0.940223353320104
"_GAGCCTGGTCGTCGGT-2","Glut-CACNA1H-1","Ex_CACNA1H_LHX9",0.930790854687317
"_GAGCTGCAGGGAGTGG-2","Glut-CACNA1H-3","Ex_CACNA1H_LHX9",0.384953404367187
"_GAGCTGCGTTGCCAAT-2","Glut-CACNA1H-1","Ex_CACNA1H_LHX9",0.822519127188966
"_GAGGCAAAGACAACAT-2","Glut-CACNA1H-3","Ex_CACNA1H_LHX9",0.887079434998266
"_GAGGCAAAGGATGGCT-2","Glut-CACNA1H-2","Ex_CACNA1H_LHX9",0.813837414090233
"_GAGGCAATCAAGTTGC-2","Glut-CACNA1H-1","Ex_CACNA1H_LHX9",0.903885441992946
"_GAGGGATGTGACACGA-2","Glut-CACNA1H-3","Ex_CACNA1H_LHX9",0.745016512566134
"_GAGGGATTCCGGCTTT-2","Glut-CACNA1H-3","Ex_CACNA1H_LHX9",0.943746936063339
"_GAGGGATTCTATACTC-2","Glut-CACNA1H-4","Ex_CACNA1H_LHX9",0.967555693906447
"_GAGGGTAAGTGCCCGT-2","Glut-CACNA1H-1","Ex_CACNA1H_LHX9",0.885721462032943
"_GAGGGTACACATTCTT-2","Glut-CACNA1H-2","Ex_CACNA1H_LHX9",0.687082247000542
"_GAGTCATTCTCGTCAC-2","Glut-CACNA1H-2","Ex_CACNA1H_LHX9",0.580238066372738
"_GAGTGAGAGGATTCCT-2","Glut-CACNA1H-2","Ex_CACNA1H_LHX9",0.731474941307201
"_GAGTGAGCATCAGCGC-2","Glut-CACNA1H-2","Ex_CACNA1H_LHX9",0.816054242369269
"_GAGTGAGCATCTCGTC-2","Glut-CACNA1H-3","Ex_CACNA1H_LHX9",0.487546514458691
"_GAGTGAGCATCTTAGG-2","Glut-CACNA1H-3","Ex_CACNA1H_LHX9",0.469409608857652
"_GAGTGAGGTGCAGTGA-2","Glut-CACNA1H-2","Ex_CACNA1H_LHX9",0.993305644011016
"_GAGTGAGTCGAGATGG-2","Glut-CACNA1H-2","Ex_CACNA1H_LHX9",0.76175096479701
"_GAGTGAGTCTGAGAGG-2","Glut-CACNA1H-2","Ex_CACNA1H_LHX9",0.489755478548073
"_GAGTGTTCACTCATAG-2","Glut-CACNA1H-1","Ex_CACNA1H_LHX9",0.955815932542596
"_GAGTTACAGCATCTTG-2","Glut-CACNA1H-2","Ex_DACH2_NR4A3",0.334876137541443
"_GAGTTACAGTCTAGAA-2","Glut-CACNA1H-1","Ex_CACNA1H_LHX9",0.887898858767414
"_GAGTTACCAGGCTATT-2","Glut-CACNA1H-1","Ex_CACNA1H_LHX9",0.754900239371807
"_GAGTTGTAGTGCGACA-2","Glut-CACNA1H-3","Ex_CACNA1H_LHX9",0.91979769969032
"_GAGTTGTGTCGTACTA-2","Glut-CACNA1H-3","Ex_CACNA1H_LHX9",0.98625080000321
"_GAGTTTGGTGTTAAAG-2","Glut-CACNA1H-3","Ex_CACNA1H_LHX9",0.508398065375894
"_GATAGAAGTAGCGAGT-2","Glut-CACNA1H-3","Ex_TSHZ2_NR4A2",0.506734469789638
"_GATAGAAGTCCGTACG-2","Glut-CACNA1H-2","Ex_CACNA1H_LHX9",0.837969953626793
"_GATAGAATCCACTGGG-2","Glut-CACNA1H-2","Ex_CACNA1H_LHX9",0.61972661573921
"_GATAGCTAGACCGTTT-2","Glut-CACNA1H-3","Ex_CACNA1H_LHX9",0.878305983772351
"_GATCACACATATACCG-2","Glut-CACNA1H-2","Ex_CACNA1H_LHX9",0.840249642199619
"_GATCACACATCGGTTA-2","Glut-CACNA1H-2","Ex_CACNA1H_LHX9",0.670151652324555
"_GATCACAGTACGGTTT-2","Glut-CACNA1H-3","Ex_Pre_KCNH7",0.283248604843253
"_GATCAGTAGGAACGTC-2","Glut-CACNA1H-1","Ex_CACNA1H_LHX9",0.809984806911451
"_GATCAGTCATCGTGCG-2","Glut-CACNA1H-3","Ex_CACNA1H_LHX9",0.562811456950441
"_GATCAGTGTGAAAGTT-2","Glut-CACNA1H-3","Ex_CACNA1H_LHX9",0.914533664722344
"_GATCCCTCAGCTCTGG-2","Glut-CACNA1H-3","Ex_CACNA1H_LHX9",0.788802029624825
"_GATCGTAAGACATCCT-2","Glut-CACNA1H-4","Ex_CACNA1H_LHX9",0.402236390494703
"_GATCGTACAACGACTT-2","Glut-DACH2-1","Ex_DACH2_MGAT4C",0.433054414494683
"_GATCGTAGTGGATACG-2","Glut-CACNA1H-3","Ex_CACNA1H_LHX9",0.800734058277171
"_GATGACTAGAGTGGCT-2","Glut-CACNA1H-3","Ex_CACNA1H_LHX9",0.964727261402092
"_GATGACTCAAGGTCAG-2","Glut-CACNA1H-2","Ex_CACNA1H_LHX9",0.617290387592075
"_GATGAGGCAAACTAAG-2","Glut-CACNA1H-2","Ex_CACNA1H_LHX9",0.329346614322186
"_GATGAGGGTCAAATCC-2","Glut-CACNA1H-2","Ex_CACNA1H_LHX9",0.499305269829372
"_GATGATCAGTTGTAGA-2","Glut-CACNA1H-2","Ex_CACNA1H_LHX9",0.723983073710347
"_GATGCTAAGAGATGCC-2","Glut-CACNA1H-3","Ex_DACH2_NR4A3",0.340650224423313
"_GATGCTAAGGGTTGCA-2","Glut-CACNA1H-2","Ex_CACNA1H_LHX9",0.716520222956453
"_GATGGAGAGGCCTGAA-2","Glut-CACNA1H-3","Ex_CACNA1H_LHX9",0.444792462685545
"_GATGGAGTCAGCGGAA-2","Glut-CACNA1H-3","Ex_CACNA1H_LHX9",0.867496541646146
"_GATGTTGGTCGCCTAG-2","Glut-CACNA1H-3","Ex_CACNA1H_LHX9",0.879712625137221
"_GATGTTGTCGTTCAGA-2","Glut-CACNA1H-3","Ex_CACNA1H_LHX9",0.671013710717613
"_GATTCGACAATCTCGA-2","Glut-CACNA1H-1","Ex_TSHZ2_NR4A2",0.240175309278388
"_GATTCGACAGAAGTGC-2","Glut-CACNA1H-3","Ex_CACNA1H_LHX9",0.892344492808961
"_GATTCTTAGCTTACGT-2","Glut-CACNA1H-1","Ex_CACNA1H_LHX9",0.906827130537079
"_GATTCTTCAAACGTGG-2","Glut-CACNA1H-2","Ex_CACNA1H_LHX9",0.512132502657852
"_GATTGGTGTCACAGAG-2","Glut-CACNA1H-3","Ex_CACNA1H_LHX9",0.806164966376684
"_GATTTCTAGCGATGGT-2","Glut-CACNA1H-1","Ex_CACNA1H_LHX9",0.894231863028479
"_GATTTCTGTGTTCCAA-2","Glut-CACNA1H-3","Ex_CACNA1H_LHX9",0.855246330423298
"_GATTTCTGTTGAGAGC-2","Glut-CACNA1H-1","Ex_CACNA1H_LHX9",0.959139287270206
"_GCAACATAGAGGCGGA-2","Glut-CACNA1H-1","Ex_DACH2_NR4A3",0.527487162673923
"_GCAACATAGTAGTCAA-2","Glut-CACNA1H-3","Ex_CACNA1H_LHX9",0.893956352322464
"_GCAACATGTAGTTACC-2","Glut-CACNA1H-2","Ex_CACNA1H_LHX9",0.500582318455701
"_GCAACATGTTGGGCCT-2","Glut-CACNA1H-1","Ex_CACNA1H_LHX9",0.332932663588011
"_GCAACCGTCCGCCTAT-2","Glut-DACH2-1","Ex_DACH2_MGAT4C",0.368780206210586
"_GCACATAAGAGTCGAC-2","Glut-CACNA1H-1","Ex_CACNA1H_LHX9",0.750609231331518
"_GCACATATCTGTCTCG-2","Glut-CACNA1H-1","Ex_CACNA1H_LHX9",0.948854751938612
"_GCACGGTAGCACTTTG-2","Glut-CACNA1H-3","Ex_CACNA1H_LHX9",0.90657870912028
"_GCACGGTAGGTGCTTT-2","Glut-CACNA1H-3","Ex_DACH2_NR4A3",0.289213484277068
"_GCACGGTCACGACGAA-2","Glut-CACNA1H-3","Ex_CACNA1H_LHX9",0.868942225470682
"_GCACGGTTCATTTCGT-2","Glut-CACNA1H-RA","Ex_CACNA1H_LHX9",0.800232639626491
"_GCACGGTTCGCGGTAC-2","Glut-CACNA1H-2","Ex_CACNA1H_LHX9",0.904566703884124
"_GCACGTGCAGCCGGTT-2","Glut-CACNA1H-2","Ex_CACNA1H_LHX9",0.695523170246489
"_GCACGTGGTGCAGATG-2","Glut-CACNA1H-1","Ex_CACNA1H_LHX9",0.961048961274949
"_GCAGCCATCCTTCTAA-2","Glut-CACNA1H-2","Ex_CACNA1H_LHX9",0.436871532582053
"_GCAGCTGAGGGAGGTG-2","Glut-CACNA1H-2","Ex_CACNA1H_LHX9",0.502197556248419
"_GCAGCTGAGGGCGAGA-2","Glut-CACNA1H-4","Ex_CACNA1H_LHX9",0.995487764691744
"_GCAGCTGAGTAGGAAG-2","Glut-CACNA1H-4","Ex_CACNA1H_LHX9",1
"_GCAGCTGCATACAGAA-2","Glut-CACNA1H-3","Ex_CACNA1H_LHX9",0.897663798566624
"_GCAGCTGGTTGCGGAA-2","Glut-CACNA1H-2","Ex_CACNA1H_LHX9",0.765484337950665
"_GCAGGCTAGTGCACAG-2","Glut-CACNA1H-1","Ex_CACNA1H_LHX9",0.818784983913661
"_GCAGGCTCACACACGC-2","Glut-CACNA1H-1","Ex_CACNA1H_LHX9",0.920265433003527
"_GCAGTTAGTTGTGCAT-2","Glut-CACNA1H-1","Ex_CACNA1H_LHX9",0.92500047839062
"_GCATCGGCAAGTGGCA-2","Glut-CACNA1H-3","Ex_CACNA1H_LHX9",0.495750360920954
"_GCATCGGGTATTCCTT-2","Glut-CACNA1H-1","Ex_TSHZ2_NR4A2",0.554451140244355
"_GCATCTCCAAAGACGC-2","Glut-DACH2-1","Ex_DACH2_LUZP2",0.310297756543627
"_GCATGATAGCCTATTG-2","Glut-CACNA1H-3","Ex_CACNA1H_LHX9",0.94103392869994
"_GCATTAGAGCGAGAAA-2","Glut-CACNA1H-2","Ex_CACNA1H_LHX9",0.553518465456931
"_GCATTAGCACCGTGGT-2","Glut-CACNA1H-2","Ex_CACNA1H_LHX9",0.641861595527518
"_GCATTAGGTGTTACTG-2","Glut-CACNA1H-4","Ex_CACNA1H_LHX9",0.902501865632996
"_GCCAACGTCGAACGCC-2","Glut-CACNA1H-3","Ex_CACNA1H_LHX9",0.896700067372114
"_GCCAGCAGTATCGTGT-2","Glut-CACNA1H-3","Ex_CACNA1H_LHX9",0.737922027372084
"_GCCAGCATCGGATACT-2","Glut-CACNA1H-2","Ex_CACNA1H_LHX9",0.694878381496034
"_GCCAGGTAGAAACTGT-2","Glut-CACNA1H-4","Ex_DACH2_SLIT2",0.572173205317108
"_GCCAGGTAGGGACCAT-2","Glut-CACNA1H-1","Ex_CACNA1H_LHX9",0.736887398327911
"_GCCAGGTCAATACAGA-2","Glut-CACNA1H-2","Ex_CACNA1H_LHX9",0.325176252568726
"_GCCAGGTCACATTCTT-2","Glut-CACNA1H-1","Ex_CACNA1H_LHX9",0.839799043933775
"_GCCAGGTTCCGCTTAC-2","Glut-CACNA1H-1","Ex_CACNA1H_LHX9",0.982590201610166
"_GCCAGTGAGGTGCTGA-2","Glut-CACNA1H-2","Ex_CACNA1H_LHX9",0.421988763996305
"_GCCAGTGGTCGCGGTT-2","Glut-CACNA1H-1","Ex_CACNA1H_LHX9",0.504422714760578
"_GCCATGGTCATCACAG-2","Glut-CACNA1H-1","Ex_CACNA1H_LHX9",0.903112882828442
"_GCCATTCAGATGCCGA-2","Glut-CACNA1H-2","Ex_DACH2_NR4A3",0.724464702373008
"_GCCATTCCATCATCCC-2","Glut-CACNA1H-2","Ex_CACNA1H_LHX9",0.863892281862069
"_GCCCAGAAGAGCTGAC-2","Glut-CACNA1H-3","Ex_Pre_KCNH7",0.393425526201594
"_GCCCAGAAGGTCCCTG-2","Glut-CACNA1H-1","Ex_CACNA1H_LHX9",0.908953607234149
"_GCCCGAACATGTTTGG-2","Glut-CACNA1H-2","Ex_CACNA1H_LHX9",0.495419172871512
"_GCCGTGAGTTCGAGCC-2","Glut-CACNA1H-1","Ex_CACNA1H_LHX9",0.929947128069217
"_GCCGTGATCTTGAACG-2","Glut-CACNA1H-4","Ex_DACH2_SLIT2",0.720783473884088
"_GCCTGTTCATGAAGCG-2","Glut-CACNA1H-1","Ex_CACNA1H_LHX9",0.950655711037469
"_GCGATCGAGGAATTAC-2","Glut-CACNA1H-2","Ex_CACNA1H_LHX9",0.774848279029482
"_GCGATCGCATGATCTG-2","Glut-CACNA1H-2","Ex_CACNA1H_LHX9",0.878516647156219
"_GCGGATCAGAAGGTAG-2","Glut-CACNA1H-2","Ex_CACNA1H_LHX9",0.634607890447182
"_GCGGATCAGGCCTTCG-2","Glut-CACNA1H-2","Ex_Pre_SATB2",0.260089118555356
"_GCGGATCCACCGTCGA-2","Glut-CACNA1H-3","Ex_CACNA1H_LHX9",0.86083106530724
"_GCGGATCCACCTCGTT-2","Glut-CACNA1H-1","Ex_CACNA1H_LHX9",0.926095633520137
"_GCGGATCCACGCTATA-2","Glut-CACNA1H-2","Ex_CACNA1H_LHX9",0.34104495320021
"_GCGGATCCATCCGGTG-2","Glut-CACNA1H-1","Ex_CACNA1H_LHX9",0.374593777238244
"_GCGGATCTCAGTGTCA-2","Glut-CACNA1H-2","Ex_CACNA1H_LHX9",0.81112246025598
"_GCGTGCACAATTGAAG-2","Glut-CACNA1H-2","Ex_CACNA1H_LHX9",0.848323100527268
"_GCGTGCATCGGATACT-2","Glut-CACNA1H-2","Ex_CACNA1H_LHX9",0.230444215589678
"_GCGTTTCAGATAACGT-2","Glut-CACNA1H-2","Ex_CACNA1H_LHX9",0.792212070163898
"_GCGTTTCCATAATGAG-2","Glut-CACNA1H-2","Ex_Pre_KCNH7",0.390697932419697
"_GCTACAACACAAATAG-2","Glut-CACNA1H-4","Ex_CACNA1H_LHX9",0.971929598879303
"_GCTACAACAGTCCCGA-2","Glut-CACNA1H-3","Ex_CACNA1H_LHX9",0.861566891617398
"_GCTACAATCGACGACC-2","Glut-CACNA1H-1","Ex_CACNA1H_LHX9",0.91345774693255
"_GCTACCTAGCATCAGG-2","Glut-CACNA1H-4","Ex_CACNA1H_LHX9",0.970810994170183
"_GCTACCTAGTCTTCCC-2","Glut-CACNA1H-1","Ex_TSHZ2_NR4A2",0.52546389051718
"_GCTACCTGTTGCCAAT-2","Glut-CACNA1H-1","Ex_CACNA1H_LHX9",0.540320040270822
"_GCTGAATGTCTTCCGT-2","Glut-CACNA1H-2","Ex_CACNA1H_LHX9",0.659970612215577
"_GCTGAATTCCCGTTCA-2","Glut-CACNA1H-2","Ex_CACNA1H_LHX9",0.649091402487944
"_GCTGAATTCGATTTCT-2","Glut-CACNA1H-2","Ex_CACNA1H_LHX9",0.609029965326501
"_GCTGAATTCTGCTAGA-2","Glut-CACNA1H-2","Ex_CACNA1H_LHX9",0.722844591275209
"_GCTGCAGAGAAGATCT-2","Glut-CACNA1H-2","Ex_CACNA1H_LHX9",0.369266047722769
"_GCTGCAGCAAGTTGGG-2","Glut-CACNA1H-2","Ex_CACNA1H_LHX9",0.461745589832927
"_GCTGCAGGTTGGACTT-2","Glut-CACNA1H-1","Ex_CACNA1H_LHX9",0.883951060157998
"_GCTGGGTCAGACAAGC-2","Glut-CACNA1H-3","Ex_CACNA1H_LHX9",0.888718892456058
"_GCTGGGTTCCATCTGC-2","Glut-CACNA1H-3","Ex_CACNA1H_LHX9",0.884873988955756
"_GCTTCACTCAAACGTC-2","Glut-CACNA1H-1","Ex_CACNA1H_LHX9",0.852593139752494
"_GCTTGGGGTCGGCCTA-2","Glut-CACNA1H-1","Ex_CACNA1H_LHX9",0.847579042664841
"_GCTTGGGTCCGTAGTA-2","Glut-CACNA1H-2","Ex_CACNA1H_LHX9",0.491921542737328
"_GCTTTCGCAAGACCTT-2","Glut-CACNA1H-RA","Ex_CACNA1H_LHX9",0.700668792219239
"_GCTTTCGCATCGTTCC-2","Glut-CACNA1H-2","Ex_DACH2_NR4A3",0.563418689002653
"_GCTTTCGTCCAGGACC-2","Glut-CACNA1H-2","Ex_Pre_SATB2",0.418120762299315
"_GGAACCCCATTGTAGC-2","Glut-CACNA1H-1","Ex_CACNA1H_LHX9",0.909620889316729
"_GGAAGTGAGCAATAGT-2","Glut-CACNA1H-3","Ex_TSHZ2_NR4A2",0.34524912221386
"_GGAAGTGGTCTTTCAT-2","Glut-CACNA1H-3","Ex_CACNA1H_LHX9",0.841058436000994
"_GGAATCTGTACTAAGA-2","Glut-CACNA1H-2","Ex_CACNA1H_LHX9",0.40194073837679
"_GGAATCTGTGGGAGAG-2","Glut-CACNA1H-3","Ex_CACNA1H_LHX9",0.939168851570618
"_GGACGTCAGATGCAGC-2","Glut-CACNA1H-2","Ex_CACNA1H_LHX9",0.655160531586701
"_GGAGAACAGTGCAAAT-2","Glut-CACNA1H-3","Ex_CACNA1H_LHX9",0.836593877849984
"_GGAGATGGTTAGGAGC-2","Glut-CACNA1H-1","Ex_CACNA1H_LHX9",0.927640644692499
"_GGAGCAATCAAGGTGG-2","Glut-CACNA1H-1","Ex_CACNA1H_LHX9",0.948552944147676
"_GGAGGATAGTCTACCA-2","Glut-CACNA1H-2","Ex_CACNA1H_LHX9",0.928515006202256
"_GGAGGATGTAAGATTG-2","Glut-CACNA1H-1","Ex_CACNA1H_LHX9",0.951420506867064
"_GGAGGATGTGTTTACG-2","Glut-CACNA1H-1","Ex_CACNA1H_LHX9",0.592018659110058
"_GGAGGTAAGTATGATG-2","Glut-CACNA1H-2","Ex_CACNA1H_LHX9",0.472899879973315
"_GGAGGTATCAAGGACG-2","Glut-CACNA1H-3","Ex_Pre_KCNH7",0.287548838261878
"_GGATCTAAGCCTGCCA-2","Glut-CACNA1H-1","Ex_CACNA1H_LHX9",0.887884968138752
"_GGATCTACAGTGAGCA-2","Glut-DACH2-2","Ex_DACH2_MGAT4C",0.534855891951502
"_GGATGTTAGCCTATCA-2","Glut-CACNA1H-2","Ex_CACNA1H_LHX9",0.512585222711263
"_GGATGTTCAAAGCTAA-2","Glut-CACNA1H-4","Ex_DACH2_SLIT2",0.535318882411235
"_GGATGTTGTGCATACT-2","Glut-CACNA1H-3","Ex_CACNA1H_LHX9",0.53341131838408
"_GGCACGTCAATACCTG-2","Glut-CACNA1H-3","Ex_DACH2_NR4A3",0.437515320831344
"_GGCACGTTCGCTAATG-2","Glut-CACNA1H-1","Ex_CACNA1H_LHX9",0.972350335953091
"_GGCAGTCAGAGGGCGA-2","Glut-CACNA1H-3","Ex_CACNA1H_LHX9",0.922329220410275
"_GGCGTCAAGCTACTAC-2","Glut-CACNA1H-3","Ex_CACNA1H_LHX9",0.734800598526054
"_GGCGTCAAGGCTTAAA-2","Glut-CACNA1H-1","Ex_CACNA1H_LHX9",0.91889429554911
"_GGCGTCACACGACAGA-2","Glut-CACNA1H-1","Ex_CACNA1H_LHX9",0.916341345294517
"_GGCTGTGCACATTCTT-2","Glut-CACNA1H-2","Ex_CACNA1H_LHX9",0.390480325406074
"_GGCTGTGTCATGCCGG-2","Glut-CACNA1H-1","Ex_CACNA1H_LHX9",0.417131416293288
"_GGCTGTGTCCCTGGTT-2","Glut-CACNA1H-2","Ex_CACNA1H_LHX9",0.828005513343156
"_GGCTTGGCACAATGTC-2","Glut-CACNA1H-1","Ex_CACNA1H_LHX9",0.932048474751205
"_GGCTTGGGTTAGTCGT-2","Glut-CACNA1H-2","Ex_CACNA1H_LHX9",0.630182687791208
"_GGCTTTCAGCTGCCAC-2","Glut-CACNA1H-4","Ex_CACNA1H_LHX9",0.974596001731439
"_GGCTTTCGTAAGCGGT-2","Glut-CACNA1H-3","Ex_DACH2_NR4A3",0.459482649092226
"_GGGACAAGTACGTAGG-2","Glut-CACNA1H-3","Ex_CACNA1H_LHX9",0.939397977985764
"_GGGACCTCAGTGGCTC-2","Glut-CACNA1H-3","Ex_CACNA1H_LHX9",0.826572982294579
"_GGGACCTGTGATTGGG-2","Glut-CACNA1H-1","Ex_CACNA1H_LHX9",0.954217956269556
"_GGGAGATAGTCGCCAC-2","Glut-CACNA1H-3","Ex_CACNA1H_LHX9",0.853234167917328
"_GGGAGATCACAACGCC-2","Glut-CACNA1H-3","Ex_CACNA1H_LHX9",0.929633883108448
"_GGGAGATGTTCTAACG-2","Glut-CACNA1H-3","Ex_CACNA1H_LHX9",0.943232974514089
"_GGGAGTAAGAGCACTG-2","Glut-CACNA1H-2","Ex_CACNA1H_LHX9",0.457289985420362
"_GGGAGTAAGGACAACC-2","Glut-CACNA1H-1","Ex_CACNA1H_LHX9",0.946406048040524
"_GGGAGTAGTACCCGAC-2","Glut-CACNA1H-3","Ex_Pre_KCNH7",0.343693221022476
"_GGGATCCCAGGCGTTC-2","Glut-CACNA1H-2","Ex_CACNA1H_LHX9",0.77204355393663
"_GGGATCCGTAGATCCT-2","Glut-CACNA1H-2","Ex_CACNA1H_LHX9",0.481346298250089
"_GGGATGAAGCTAGTTC-2","Glut-CACNA1H-2","Ex_CACNA1H_LHX9",0.561209517759006
"_GGGATGAGTGGTCTGC-2","Glut-CACNA1H-3","Ex_CACNA1H_LHX9",0.873168403769518
"_GGGATGAGTTACCCTC-2","Glut-CACNA1H-3","Ex_CACNA1H_LHX9",0.932736685466232
"_GGGCCATCAATCAGCT-2","Glut-CACNA1H-3","Ex_CACNA1H_LHX9",0.900060348652453
"_GGGCGTTAGCGATTCT-2","Glut-CACNA1H-3","Ex_CACNA1H_LHX9",0.410966595219048
"_GGGCTACAGCAAATCA-2","Glut-CACNA1H-1","Ex_CACNA1H_LHX9",0.912675896377263
"_GGGCTACCACGCGTCA-2","Glut-CACNA1H-3","Ex_CACNA1H_LHX9",0.347922570354866
"_GGGCTACCAGCGTAGA-2","Glut-CACNA1H-2","Ex_CACNA1H_LHX9",0.821352274010665
"_GGGCTCAGTTGCCAAT-2","Glut-CACNA1H-1","Ex_DACH2_NR4A3",0.479138122676103
"_GGGTAGAAGCTTTCTT-2","Glut-CACNA1H-2","Ex_CACNA1H_LHX9",0.861445249586497
"_GGGTAGACATAGATCC-2","Glut-CACNA1H-1","Ex_CACNA1H_LHX9",0.831835317284721
"_GGGTAGAGTTGCTCGG-2","Glut-CACNA1H-1","Ex_CACNA1H_LHX9",0.959806450769935
"_GGGTAGATCATCTGTT-2","Glut-CACNA1H-4","Ex_CACNA1H_LHX9",0.942351405954626
"_GGGTATTTCGGTGCAC-2","Glut-CACNA1H-2","Ex_CACNA1H_LHX9",0.907691250053761
"_GGGTCACCATATACCG-2","Glut-CACNA1H-1","Ex_CACNA1H_LHX9",0.9566237046424
"_GGGTCACCATCACGGC-2","Glut-CACNA1H-1","Ex_CACNA1H_LHX9",0.974787581327501
"_GGGTCTGCAAGCCCAC-2","Glut-CACNA1H-1","Ex_CACNA1H_LHX9",0.975168581604976
"_GGGTCTGGTAGCACGA-2","Glut-CACNA1H-1","Ex_CACNA1H_LHX9",0.936456155303523
"_GGGTGAACAAACCACT-2","Glut-CACNA1H-2","Ex_CACNA1H_LHX9",0.869865244562899
"_GGGTGAAGTTTCGGCG-2","Glut-CACNA1H-2","Ex_CACNA1H_LHX9",0.813823995689838
"_GGGTGTCAGAGCTTTC-2","Glut-CACNA1H-3","Ex_CACNA1H_LHX9",0.924141601899665
"_GGGTGTCTCATGAGGG-2","Glut-CACNA1H-2","Ex_CACNA1H_LHX9",0.786512985939318
"_GGGTGTCTCTGACCCT-2","Glut-CACNA1H-3","Ex_CACNA1H_LHX9",0.949773190446294
"_GGGTTATCATCTTAGG-2","Glut-CACNA1H-1","Ex_CACNA1H_LHX9",0.942816014331488
"_GGTAATCGTGATACTC-2","Glut-CACNA1H-3","Ex_CACNA1H_LHX9",0.900006918082999
"_GGTAGAGAGTAGCTCT-2","Glut-CACNA1H-2","Ex_CACNA1H_LHX9",0.590014084827396
"_GGTAGAGGTTGTGTAC-2","Glut-CACNA1H-3","Ex_CACNA1H_LHX9",0.788061167818039
"_GGTCACGCAGGCTTGC-2","Glut-DACH2-2","Ex_DACH2_MGAT4C",0.434660355211371
"_GGTCTGGAGACAACTA-2","Glut-CACNA1H-3","Ex_CACNA1H_LHX9",0.672242391611405
"_GGTCTGGTCGTTCCTG-2","Glut-CACNA1H-2","Ex_CACNA1H_LHX9",0.848098306474141
"_GGTCTGGTCTATCGCC-2","Glut-CACNA1H-2","Ex_CACNA1H_LHX9",0.619794598644683
"_GGTGAAGCATGAGATA-2","Glut-CACNA1H-2","Ex_CACNA1H_LHX9",0.712348198101847
"_GGTGAAGGTAGTTAGA-2","Glut-CACNA1H-1","Ex_CACNA1H_LHX9",0.898286093372067
"_GGTGATTGTGGAATGC-2","Glut-CACNA1H-3","Ex_CACNA1H_LHX9",0.588428960551379
"_GGTGATTTCCCATAAG-2","Glut-CACNA1H-2","Ex_CACNA1H_LHX9",0.576110686666092
"_GGTGATTTCCCGATCT-2","Glut-CACNA1H-2","Ex_CACNA1H_LHX9",0.405092466618393
"_GGTGATTTCTGCCTCA-2","Glut-CACNA1H-3","Ex_CACNA1H_LHX9",0.827545689646502
"_GGTGGCTGTATCGTAC-2","Glut-CACNA1H-2","Ex_CACNA1H_LHX9",0.706841808734816
"_GGTGTTAAGATGCCGA-2","Glut-CACNA1H-2","Ex_CACNA1H_LHX9",0.537999966409815
"_GGTGTTAAGCGCAATG-2","Glut-CACNA1H-4","Ex_CACNA1H_LHX9",0.981697808770327
"_GGTGTTACACCCATAA-2","Glut-CACNA1H-1","Ex_CACNA1H_LHX9",0.888222416445441
"_GGTGTTATCAGGGTAG-2","Glut-CACNA1H-2","Ex_CACNA1H_LHX9",0.403497570738441
"_GGTGTTATCCCGAAAT-2","Glut-CACNA1H-3","Ex_DACH2_NR4A3",0.543400744254945
"_GGTTAACGTTGGACTT-2","Glut-CACNA1H-1","Ex_CACNA1H_LHX9",1
"_GGTTAACTCTCCGCAT-2","Glut-CACNA1H-1","Ex_CACNA1H_LHX9",0.83090356867542
"_GGTTAACTCTTCGTGC-2","Glut-CACNA1H-1","Ex_CACNA1H_LHX9",0.981612919024492
"_GGTTCTCTCGACACTA-2","Glut-CACNA1H-3","Ex_TSHZ2_NR4A2",0.307604659590839
"_GGTTGTAGTGTGAATA-2","Glut-CACNA1H-1","Ex_CACNA1H_LHX9",0.841973964133149
"_GTAACACGTACCTATG-2","Glut-CACNA1H-2","Ex_CACNA1H_LHX9",0.268973804508426
"_GTAACACTCCTTCGAC-2","Glut-CACNA1H-3","Ex_DACH2_SLIT2",0.408072733975853
"_GTAACCAAGGAATTAC-2","Glut-CACNA1H-2","Ex_CACNA1H_LHX9",0.88377683822741
"_GTAACCAGTGGTGATG-2","Glut-CACNA1H-1","Ex_CACNA1H_LHX9",0.927833040042066
"_GTAAGTCAGGAGCAAA-2","Glut-CACNA1H-4","Ex_CACNA1H_LHX9",0.954379143934772
"_GTAAGTCAGTTGGAGC-2","Glut-CACNA1H-3","Ex_CACNA1H_LHX9",0.934012798222747
"_GTAAGTCCAATGAAAC-2","Glut-CACNA1H-2","Ex_CACNA1H_LHX9",0.897506252613978
"_GTAAGTCCACGGTCTG-2","Glut-CACNA1H-1","Ex_CACNA1H_LHX9",0.907811554826016
"_GTAAGTCGTCTTGAGT-2","Glut-CACNA1H-1","Ex_CACNA1H_LHX9",0.876433085673609
"_GTAATCGCACGGCCAT-2","Glut-CACNA1H-3","Ex_CACNA1H_LHX9",0.950661259899706
"_GTAATCGCAGTCAGCC-2","Glut-CACNA1H-2","Ex_CACNA1H_LHX9",0.462738192549128
"_GTAATCGGTCAGCGTC-2","Glut-CACNA1H-2","Ex_TSHZ2_NR4A2",0.323965334641981
"_GTAATCGGTGAGACCA-2","Glut-CACNA1H-2","Ex_CACNA1H_LHX9",0.583293070258536
"_GTAATGCAGACGAGCT-2","Glut-DACH2-2","Ex_DACH2_MGAT4C",0.383063448561233
"_GTAATGCCAGACCATT-2","Glut-CACNA1H-1","Ex_CACNA1H_LHX9",0.928275097320469
"_GTAATGCGTTTGCAGT-2","Glut-CACNA1H-2","Ex_CACNA1H_LHX9",0.274039687685841
"_GTACAACCATGAAGCG-2","Glut-CACNA1H-3","Ex_CACNA1H_LHX9",0.801962508909196
"_GTACAACGTTGCGGCT-2","Glut-CACNA1H-2","Ex_CACNA1H_LHX9",0.49119640260452
"_GTAGAGGGTGTCTTAG-2","Glut-CACNA1H-1","Ex_CACNA1H_LHX9",0.827309675396651
"_GTAGATCCAAAGTGTA-2","Glut-CACNA1H-2","Ex_CACNA1H_LHX9",0.852795073592791
"_GTAGATCCAATCGCAT-2","Glut-CACNA1H-2","Ex_CACNA1H_LHX9",0.490279351401902
"_GTAGATCGTCCTACAA-2","Glut-CACNA1H-2","Ex_DACH2_ITGA9",0.46439576513109
"_GTAGCTAAGTGCTCGC-2","Glut-CACNA1H-4","Ex_CACNA1H_LHX9",0.918608071112924
"_GTAGCTAGTTCCACAA-2","Glut-CACNA1H-2","Ex_CACNA1H_LHX9",0.805196980847341
"_GTAGGAGGTCGGCCTA-2","Glut-CACNA1H-2","Ex_DACH2_NR4A3",0.671477877320082
"_GTAGTACAGTAACGAT-2","Glut-CACNA1H-2","Ex_CACNA1H_LHX9",0.351526765692243
"_GTAGTACGTATCCCAA-2","Glut-DACH2-1","Ex_DACH2_GRIK4",0.57404243981732
"_GTATTGGTCTGCTTTA-2","Glut-CACNA1H-3","Ex_TSHZ2_NR4A2",0.300057621668955
"_GTATTTCCATGCAGGA-2","Glut-CACNA1H-1","Ex_CACNA1H_LHX9",0.828201846377854
"_GTATTTCGTAGACACG-2","Glut-CACNA1H-1","Ex_CACNA1H_LHX9",0.96186717084235
"_GTATTTCGTCGTGCCA-2","Glut-CACNA1H-2","Ex_CACNA1H_LHX9",0.724272850206401
"_GTATTTCGTTTGACAC-2","Glut-CACNA1H-3","Ex_CACNA1H_LHX9",0.864645473736258
"_GTATTTCTCGACATAC-2","Glut-CACNA1H-1","Ex_CACNA1H_LHX9",0.892505468543196
"_GTCAAACAGTCTTGGT-2","Glut-CACNA1H-2","Ex_CACNA1H_LHX9",0.568335350162979
"_GTCAAACCAACCGATT-2","Glut-CACNA1H-1","Ex_CACNA1H_LHX9",0.928058251853451
"_GTCAAGTCAAGAAATC-2","Glut-CACNA1H-1","Ex_CACNA1H_LHX9",0.985338999908218
"_GTCAAGTCAAGTATAG-2","Glut-CACNA1H-4","Ex_CACNA1H_LHX9",0.896912510964759
"_GTCACGGCAGAGTGAC-2","Glut-CACNA1H-1","Ex_CACNA1H_LHX9",0.911939172572194
"_GTCACGGGTCGTGCCA-2","Glut-CACNA1H-2","Ex_Pre_SATB2",0.486821478062933
"_GTCACTCCACAACGAG-2","Glut-CACNA1H-2","Ex_CACNA1H_LHX9",0.454526661230197
"_GTCACTCGTCACGTGC-2","Glut-CACNA1H-2","Ex_CACNA1H_LHX9",0.744901766034463
"_GTCATCCAGTTCGGTT-2","Glut-CACNA1H-2","Ex_CACNA1H_LHX9",0.416805153093159
"_GTCATCCCAGGTAGTG-2","Glut-CACNA1H-2","Ex_CACNA1H_LHX9",0.649640116485316
"_GTCATCCGTTTCCAAG-2","Glut-CACNA1H-1","Ex_CACNA1H_LHX9",0.911315096543518
"_GTCATCCTCCGATCTC-2","Glut-CACNA1H-4","Ex_CACNA1H_LHX9",0.974248654088613
"_GTCATGATCCAACCAA-2","Glut-CACNA1H-2","Ex_CACNA1H_LHX9",0.641520949008559
"_GTCATTTAGGCTCTAT-2","Glut-CACNA1H-2","Ex_Pre_SATB2",0.325704186161126
"_GTCCCATCATCGCCTT-2","Glut-CACNA1H-1","Ex_CACNA1H_LHX9",0.914096355104919
"_GTCCCATGTCAGGTAG-2","Glut-CACNA1H-1","Ex_CACNA1H_LHX9",0.879009029294149
"_GTCCCATGTGGTCTCG-2","Glut-CACNA1H-2","Ex_CACNA1H_LHX9",0.77985395896114
"_GTCCCATGTTTGTGGT-2","Glut-DACH2-1","Ex_DACH2_SLIT2",0.517560613179064
"_GTCCCATTCGCTGATA-2","Glut-CACNA1H-1","Ex_CACNA1H_LHX9",0.904570690931601
"_GTCCTCAAGAGTCAAT-2","Glut-CACNA1H-2","Ex_CACNA1H_LHX9",0.780010597871557
"_GTCCTCACACGTACAT-2","Glut-CACNA1H-1","Ex_CACNA1H_LHX9",0.955037145457841
"_GTCGCGAAGGCCCAAA-2","Glut-CACNA1H-1","Ex_CACNA1H_LHX9",0.885887168314232
"_GTCGCGAGTCTGTCCT-2","Glut-CACNA1H-1","Ex_CACNA1H_LHX9",0.945406691815956
"_GTCGCGAGTGAGTTTC-2","Glut-CACNA1H-1","Ex_CACNA1H_LHX9",0.932987560851996
"_GTCGCGATCCCTCATG-2","Glut-CACNA1H-4","Ex_CACNA1H_LHX9",1
"_GTCGTTCAGAAAGCGA-2","Glut-CACNA1H-3","Ex_CACNA1H_LHX9",0.938151694102372
"_GTCGTTCTCATTGTGG-2","Glut-CACNA1H-1","Ex_CACNA1H_LHX9",0.857265672624477
"_GTCTAGACACTTCAGA-2","Glut-CACNA1H-1","Ex_CACNA1H_LHX9",0.952892929648737
"_GTCTAGAGTCGGATTT-2","Glut-CACNA1H-1","Ex_CACNA1H_LHX9",0.862223794470804
"_GTCTAGATCCCGGTAG-2","Glut-CACNA1H-2","Ex_CACNA1H_LHX9",0.383781487269235
"_GTCTCACAGGGAACAA-2","Glut-CACNA1H-2","Ex_CACNA1H_LHX9",0.541985568145575
"_GTCTCACCAGAGCGTA-2","Glut-CACNA1H-3","Ex_CACNA1H_LHX9",0.506327374406856
"_GTCTCACCATAATGAG-2","Glut-CACNA1H-RA","Ex_Pre_KCNH7",0.562065488379677
"_GTCTCACGTCAGGTAG-2","Glut-CACNA1H-2","Ex_CACNA1H_LHX9",0.661941555722904
"_GTCTCACGTCGCTGCA-2","Glut-CACNA1H-1","Ex_CACNA1H_LHX9",0.957776565819478
"_GTCTCACTCCTCAGAA-2","Glut-CACNA1H-3","Ex_CACNA1H_LHX9",0.956877378703017
"_GTCTGTCCATTATGCG-2","Glut-CACNA1H-1","Ex_CACNA1H_LHX9",0.655990908083332
"_GTCTGTCGTGTTCCAA-2","Glut-CACNA1H-1","Ex_CACNA1H_LHX9",0.949820261651914
"_GTGACGCAGAATCTAG-2","Glut-CACNA1H-2","Ex_CACNA1H_LHX9",1
"_GTGACGCCATAAGCAA-2","Glut-CACNA1H-1","Ex_CACNA1H_LHX9",0.85324858419063
"_GTGAGCCAGAATACAC-2","Glut-CACNA1H-2","Ex_CACNA1H_LHX9",0.785192230147214
"_GTGAGGACACGCGTCA-2","Glut-CACNA1H-2","Ex_CACNA1H_LHX9",0.731281517072803
"_GTGAGGAGTCGTACAT-2","Glut-CACNA1H-2","Ex_CACNA1H_LHX9",0.331394308154323
"_GTGAGTTCATGAGGGT-2","Glut-CACNA1H-RA","Ex_CACNA1H_LHX9",0.881760153587827
"_GTGAGTTGTATGCGTT-2","Glut-CACNA1H-3","Ex_DACH2_NR4A3",0.471764941364145
"_GTGAGTTGTTCGGACC-2","Glut-CACNA1H-4","Ex_CACNA1H_LHX9",0.967132901404901
"_GTGATGTCATCCGGTG-2","Glut-CACNA1H-1","Ex_CACNA1H_LHX9",0.913723535224633
"_GTGATGTTCACGGAGA-2","Glut-CACNA1H-1","Ex_CACNA1H_LHX9",0.962186715964697
"_GTGCACGCAGCGGATA-2","Glut-CACNA1H-3","Ex_CACNA1H_LHX9",0.642473263106977
"_GTGCACGTCTAACACG-2","Glut-CACNA1H-1","Ex_CACNA1H_LHX9",0.893713648817037
"_GTGCAGCCAATTCTTC-2","Glut-DACH2-1","Ex_DACH2_ADAMTS5",0.382680163611931
"_GTGCAGCTCACACCCT-2","Glut-CACNA1H-1","Ex_CACNA1H_LHX9",0.80978538712104
"_GTGCAGCTCGCTCTAC-2","Glut-CACNA1H-2","Ex_CACNA1H_LHX9",0.741453136196259
"_GTGCAGCTCTTTGCGC-2","Glut-CACNA1H-1","Ex_CACNA1H_LHX9",0.974160212399306
"_GTGCGTGAGAATACAC-2","Glut-CACNA1H-3","Ex_CACNA1H_LHX9",0.664826342820386
"_GTGCGTGAGGGTACGT-2","Glut-CACNA1H-2","Ex_CACNA1H_LHX9",0.638325698929677
"_GTGCGTGGTGGCACTC-2","Glut-CACNA1H-3","Ex_CACNA1H_LHX9",0.648573638819845
"_GTGCGTGGTTGTTGTG-2","Glut-CACNA1H-1","Ex_CACNA1H_LHX9",0.937333715238077
"_GTGCTGGAGAGAGCGG-2","Glut-CACNA1H-3","Ex_CACNA1H_LHX9",0.895517441398214
"_GTGCTGGCACCGGCTA-2","Glut-CACNA1H-2","Ex_CACNA1H_LHX9",0.485268453755751
"_GTGCTTCCAGAACTCT-2","Glut-CACNA1H-3","Ex_CACNA1H_LHX9",0.838747970156465
"_GTGCTTCGTCGCCACA-2","Glut-CACNA1H-2","Ex_CACNA1H_LHX9",0.674459758633038
"_GTGGAAGAGACTGGGT-2","Glut-DACH2-1","Ex_DACH2_MGAT4C",0.415913655482488
"_GTGGAAGCACCGTGAC-2","Glut-CACNA1H-2","Ex_CACNA1H_LHX9",0.562141610437134
"_GTGGAGAAGCGCAATG-2","Glut-CACNA1H-1","Ex_CACNA1H_LHX9",0.656930672081865
"_GTGGCGTAGATGCCGA-2","Glut-CACNA1H-3","Ex_CACNA1H_LHX9",0.948930261803238
"_GTGGCGTCAGAGGGTT-2","Glut-CACNA1H-3","Ex_CACNA1H_LHX9",0.681129285517781
"_GTGGCGTCATCCTTCG-2","Glut-CACNA1H-4","Ex_CACNA1H_LHX9",0.965598948358158
"_GTGGCGTGTCTGTGAT-2","Glut-CACNA1H-2","Ex_Pre_SATB2",0.260391957732021
"_GTGGCGTGTGGGTATG-2","Glut-CACNA1H-1","Ex_CACNA1H_LHX9",0.896908180936104
"_GTGGGAAAGGGAGAAT-2","Glut-CACNA1H-1","Ex_CACNA1H_LHX9",0.945003172474553
"_GTGGGAAAGTCGAATA-2","Glut-CACNA1H-3","Ex_DACH2_NR4A3",0.418537949729163
"_GTGGGAAGTTAACAGA-2","Glut-CACNA1H-2","Ex_CACNA1H_LHX9",0.312180870246244
"_GTGGTTAGTCAAGTTC-2","Glut-CACNA1H-1","Ex_DACH2_NR4A3",0.654423738636465
"_GTGTAACTCGGAGTAG-2","Glut-CACNA1H-2","Ex_CACNA1H_LHX9",0.774017972515195
"_GTGTCCTCAACATCGT-2","Glut-CACNA1H-1","Ex_CACNA1H_LHX9",0.984148862309721
"_GTGTCCTCACAGCATT-2","Glut-CACNA1H-3","Ex_CACNA1H_LHX9",0.331044277246991
"_GTGTCCTGTGCTCTCT-2","Glut-CACNA1H-4","Ex_CACNA1H_LHX9",0.925384268551809
"_GTGTGATAGTTGCTCA-2","Glut-CACNA1H-3","Ex_CACNA1H_LHX9",0.890930804103578
"_GTGTGGCAGTACAGCG-2","Glut-CACNA1H-2","Ex_CACNA1H_LHX9",0.267778257766279
"_GTGTGGCAGTTGTCAC-2","Glut-CACNA1H-2","Ex_CACNA1H_LHX9",0.763900800571344
"_GTGTGGCGTCACAGTT-2","Glut-CACNA1H-1","Ex_CACNA1H_LHX9",0.989353749214719
"_GTGTTAGAGAAACTAC-2","Glut-CACNA1H-2","Ex_CACNA1H_LHX9",0.362361657496758
"_GTGTTAGAGGATTTAG-2","Glut-CACNA1H-3","Ex_CACNA1H_LHX9",0.725272609201629
"_GTGTTAGCAGGGCTTC-2","Glut-CACNA1H-4","Ex_CACNA1H_LHX9",0.980963882120072
"_GTGTTAGGTCTCCCTA-2","Glut-CACNA1H-2","Ex_CACNA1H_LHX9",0.752087289035802
"_GTGTTAGGTGAGTTGG-2","Glut-CACNA1H-2","Ex_CACNA1H_LHX9",0.535187654446177
"_GTGTTAGGTGCCTAAT-2","Glut-CACNA1H-4","Ex_CACNA1H_LHX9",0.996002441660405
"_GTGTTCCCAGCAGGAT-2","Glut-CACNA1H-2","Ex_CACNA1H_LHX9",0.538032415055604
"_GTTACAGGTTGATCGT-2","Glut-CACNA1H-2","Ex_CACNA1H_LHX9",0.382878229941579
"_GTTACAGTCATGAGAA-2","Glut-CACNA1H-1","Ex_CACNA1H_LHX9",0.77425917285241
"_GTTACGAAGAGAGCAA-2","Glut-CACNA1H-2","Ex_CACNA1H_LHX9",0.458116271805607
"_GTTACGAGTCACTCTC-2","Glut-CACNA1H-2","Ex_CACNA1H_LHX9",0.396449679452705
"_GTTAGACAGTATAACG-2","Glut-CACNA1H-3","Ex_CACNA1H_LHX9",0.858828043392616
"_GTTAGACGTCGCGTTG-2","Glut-CACNA1H-1","Ex_CACNA1H_LHX9",0.965362034969602
"_GTTAGACGTTCTATCT-2","Glut-CACNA1H-2","Ex_CACNA1H_LHX9",0.786788556977698
"_GTTAGACTCACTCGAA-2","Glut-CACNA1H-4","Ex_CACNA1H_LHX9",0.988947252054834
"_GTTAGTGCAACGACAG-2","Glut-CACNA1H-2","Ex_CACNA1H_LHX9",0.504397755409572
"_GTTAGTGCACCGTCGA-2","Glut-CACNA1H-1","Ex_CACNA1H_LHX9",0.899386676954951
"_GTTATGGCAAGGCGTA-2","Glut-CACNA1H-3","Ex_CACNA1H_LHX9",0.66046714538553
"_GTTATGGCATGGGCAA-2","Glut-CACNA1H-1","Ex_CACNA1H_LHX9",0.852402951497215
"_GTTCATTCAACTCCCT-2","Glut-CACNA1H-4","Ex_CACNA1H_LHX9",0.993844749662845
"_GTTCATTGTCGACTTA-2","Glut-DACH2-3","Ex_DACH2_SLIT2",0.43202034899212
"_GTTCCGTGTGGCGTAA-2","Glut-CACNA1H-3","Ex_DACH2_NR4A3",0.49430268309207
"_GTTCCGTTCCCTATTA-2","Glut-CACNA1H-4","Ex_CACNA1H_LHX9",0.938166849957451
"_GTTCGCTCACTACCGG-2","Glut-CACNA1H-4","Ex_CACNA1H_LHX9",0.983978485103088
"_GTTCGCTGTGGCGTAA-2","Glut-CACNA1H-2","Ex_CACNA1H_LHX9",0.776036129442722
"_GTTCGCTTCCGCAACG-2","Glut-CACNA1H-1","Ex_CACNA1H_LHX9",0.986822798235762
"_GTTCTATAGCCTGTGC-2","Glut-CACNA1H-1","Ex_CACNA1H_LHX9",0.929467376803815
"_GTTCTATGTCGCGGTT-2","Glut-CACNA1H-3","Ex_CACNA1H_LHX9",0.889240574855822
"_GTTCTATGTTAGGGAC-2","Glut-CACNA1H-1","Ex_CACNA1H_LHX9",0.974359683039165
"_GTTGAACAGACTGTTC-2","Glut-CACNA1H-2","Ex_TSHZ2_NR4A2",0.280195225639371
"_GTTGCGGCAGCAAGAC-2","Glut-CACNA1H-3","Ex_DACH2_NR4A3",0.448866899828301
"_GTTGCGGCAGCAGACA-2","Glut-CACNA1H-3","Ex_CACNA1H_LHX9",0.80772322192256
"_GTTGCGGGTAATTAGG-2","Glut-CACNA1H-1","Ex_CACNA1H_LHX9",0.82758825967225
"_GTTGCTCCATCTTCGC-2","Glut-CACNA1H-2","Ex_CACNA1H_LHX9",0.370352179637738
"_GTTGTAGCAAATGGTA-2","Glut-CACNA1H-2","Ex_CACNA1H_LHX9",0.624690856979544
"_GTTGTAGCAACGGCTC-2","Glut-CACNA1H-1","Ex_CACNA1H_LHX9",0.879075378255161
"_GTTGTAGGTTGGATCT-2","Glut-CACNA1H-1","Ex_CACNA1H_LHX9",0.951012938210035
"_GTTGTAGTCACGGGCT-2","Glut-CACNA1H-2","Ex_CACNA1H_LHX9",0.846790934242531
"_GTTGTAGTCCAACTAG-2","Glut-CACNA1H-3","Ex_CACNA1H_LHX9",0.822995435520333
"_GTTGTAGTCCAAGCCG-2","Glut-CACNA1H-2","Ex_CACNA1H_LHX9",0.420566525610896
"_GTTGTCCAGTGCAGGT-2","Glut-CACNA1H-1","Ex_DACH2_NR4A3",0.610966646914137
"_GTTGTCCCACTACGGC-2","Glut-CACNA1H-2","Ex_CACNA1H_LHX9",0.680060913885033
"_GTTTACTGTACTTGTG-2","Glut-CACNA1H-2","Ex_CACNA1H_LHX9",0.787559811685527
"_GTTTACTGTCATTGCA-2","Glut-CACNA1H-4","Ex_CACNA1H_LHX9",0.774406601076596
"_GTTTGGAAGGCCGCTT-2","Glut-CACNA1H-3","Ex_Pre_KCNH7",0.322584224717317
"_GTTTGGAGTTCCTACC-2","Glut-CACNA1H-2","Ex_CACNA1H_LHX9",0.920151602837894
"_TAACACGCATGAGATA-2","Glut-CACNA1H-3","Ex_CACNA1H_LHX9",0.561935310431833
"_TAACACGGTCGAATTC-2","Glut-CACNA1H-4","Ex_CACNA1H_LHX9",1
"_TAACACGGTGAGCGAT-2","Glut-CACNA1H-1","Ex_CACNA1H_LHX9",0.814983633122657
"_TAACACGTCTCTTGCG-2","Glut-CACNA1H-1","Ex_CACNA1H_LHX9",0.980327567967494
"_TAACCAGGTTATCTGG-2","Glut-CACNA1H-2","Ex_CACNA1H_LHX9",0.415056070407913
"_TAACGACCATCCTATT-2","Glut-CACNA1H-2","Ex_CACNA1H_LHX9",0.451697251667585
"_TAACGACTCGGTGCAC-2","Glut-CACNA1H-1","Ex_CACNA1H_LHX9",0.918350665303149
"_TAACTTCCAAGCTGTT-2","Glut-CACNA1H-4","Ex_CACNA1H_LHX9",0.965094003898798
"_TAACTTCGTTGTGGCC-2","Glut-CACNA1H-1","Ex_CACNA1H_LHX9",0.96333703999837
"_TAACTTCTCAGACAAA-2","Glut-CACNA1H-3","Ex_CACNA1H_LHX9",0.882490144521219
"_TAAGCACCACGGATCC-2","Glut-CACNA1H-2","Ex_CACNA1H_LHX9",0.593948510683261
"_TAAGCACTCCCATAGA-2","Glut-CACNA1H-3","Ex_CACNA1H_LHX9",0.917734614954214
"_TAAGCCACAGCTTTCC-2","Glut-CACNA1H-1","Ex_CACNA1H_LHX9",0.834960781664847
"_TAAGCCACAGTCTACA-2","Glut-CACNA1H-4","Ex_CACNA1H_LHX9",0.979082007313299
"_TAAGCCAGTCGGCTAC-2","Glut-CACNA1H-2","Ex_CACNA1H_LHX9",0.726149077669108
"_TAAGCCAGTGATTAGA-2","Glut-CACNA1H-2","Ex_CACNA1H_LHX9",0.930573474413859
"_TAAGCCAGTGTCCACG-2","Glut-CACNA1H-4","Ex_CACNA1H_LHX9",0.923448432876904
"_TAAGCCATCGTTAGAC-2","Glut-CACNA1H-3","Ex_CACNA1H_LHX9",0.655731095683507
"_TAAGCCATCTACGGGC-2","Glut-CACNA1H-1","Ex_CACNA1H_LHX9",0.828202714163831
"_TAAGCGTAGAGGCGGA-2","Glut-CACNA1H-1","Ex_CACNA1H_LHX9",0.872750133602897
"_TAAGCGTAGCCTGTGC-2","Glut-CACNA1H-1","Ex_CACNA1H_LHX9",0.971553587764065
"_TAAGCGTAGTTCTCTT-2","Glut-CACNA1H-1","Ex_CACNA1H_LHX9",0.932058853840443
"_TAAGCGTCAGCTGCCA-2","Glut-CACNA1H-1","Ex_CACNA1H_LHX9",0.732263074665816
"_TAAGCGTGTGACAGGT-2","Glut-CACNA1H-3","Ex_CACNA1H_LHX9",0.935961484280481
"_TAAGTCGGTAGATCCT-2","Glut-CACNA1H-1","Ex_CACNA1H_LHX9",0.906559331918439
"_TAAGTCGTCGCCATAA-2","Glut-CACNA1H-2","Ex_CACNA1H_LHX9",0.576255806409673
"_TAATCTCCAGACAAGC-2","Glut-CACNA1H-1","Ex_CACNA1H_LHX9",0.848956257162318
"_TAATCTCCAGGACAGT-2","Glut-CACNA1H-2","Ex_Pre_SATB2",0.315274556032439
"_TAATCTCGTAAGGCCA-2","Glut-CACNA1H-2","Ex_CACNA1H_LHX9",0.493009177674768
"_TAATCTCTCAGTAGGG-2","Glut-DACH2-1","Ex_DACH2_SLIT2",0.708557396214069
"_TAATTCCAGGATTTAG-2","Glut-CACNA1H-2","Ex_CACNA1H_LHX9",0.470024087584132
"_TAATTCCGTGTCTCCT-2","Glut-CACNA1H-2","Ex_CACNA1H_LHX9",0.39570307290077
"_TACAACGGTCAGTCTA-2","Glut-CACNA1H-1","Ex_CACNA1H_LHX9",0.949802088363602
"_TACAACGTCGTCACCT-2","Glut-CACNA1H-1","Ex_CACNA1H_LHX9",0.946548434553605
"_TACACCCAGACGAGCT-2","Glut-CACNA1H-3","Ex_CACNA1H_LHX9",0.802931484900529
"_TACAGGTCAAGGTACG-2","Glut-CACNA1H-3","Ex_CACNA1H_LHX9",0.789533899576982
"_TACAGGTCAAGTTTGC-2","Glut-CACNA1H-2","Ex_CACNA1H_LHX9",0.820392286235223
"_TACAGGTGTTAAGTCC-2","Glut-CACNA1H-3","Ex_TSHZ2_NR4A2",0.383412639702612
"_TACAGGTTCCCTGGTT-2","Glut-CACNA1H-2","Ex_CACNA1H_LHX9",0.52089351465837
"_TACATTCTCTCTCCGA-2","Glut-CACNA1H-1","Ex_CACNA1H_LHX9",0.803938184818153
"_TACCCACTCTTCGTGC-2","Glut-DACH2-HVCra-Pre","Ex_DACH2_MGAT4C",0.454851776551617
"_TACCGAATCCGTGGGT-2","Glut-CACNA1H-1","Ex_CACNA1H_LHX9",0.931849404818936
"_TACCGGGAGTAACCGG-2","Glut-CACNA1H-1","Ex_CACNA1H_LHX9",0.901822682395618
"_TACCGGGAGTATGGAT-2","Glut-CACNA1H-1","Ex_CACNA1H_LHX9",0.844694850532493
"_TACCGGGTCTTGGAAC-2","Glut-DACH2-1","Ex_DACH2_GRIK4",0.460041789485186
"_TACCTGCGTATGCAAA-2","Glut-DACH2-1","Ex_DACH2_MGAT4C",0.853549526214048
"_TACCTGCGTTGGTAGG-2","Glut-CACNA1H-1","Ex_CACNA1H_LHX9",0.938552291324515
"_TACGCTCCACCTCTAC-2","Glut-CACNA1H-2","Ex_CACNA1H_LHX9",0.401470631712195
"_TACGCTCGTAACATCC-2","Glut-CACNA1H-1","Ex_CACNA1H_LHX9",0.972036221590231
"_TACGCTCGTAGTGCGA-2","Glut-CACNA1H-1","Ex_CACNA1H_LHX9",0.883927187174841
"_TACGCTCGTTGACTAC-2","Glut-CACNA1H-2","Ex_CACNA1H_LHX9",0.53278592759116
"_TACGGTAAGAGTCTGG-2","Glut-CACNA1H-1","Ex_CACNA1H_LHX9",0.911914971996775
"_TACGGTAGTGTAGCAG-2","Glut-CACNA1H-1","Ex_CACNA1H_LHX9",0.831780876696049
"_TACGGTAGTTCGGTTA-2","Glut-CACNA1H-2","Ex_CACNA1H_LHX9",0.390367158131466
"_TACGGTATCACGATAC-2","Glut-CACNA1H-1","Ex_CACNA1H_LHX9",0.921766731277523
"_TACGGTATCGATAACC-2","Glut-CACNA1H-2","Ex_CACNA1H_LHX9",0.812834119445798
"_TACGTCCCAGACGATG-2","Glut-CACNA1H-2","Ex_CACNA1H_LHX9",0.478453972082608
"_TACGTCCGTATACAGA-2","Glut-CACNA1H-2","Ex_CACNA1H_LHX9",0.821815985785433
"_TACGTCCGTTGGCCTG-2","Glut-CACNA1H-2","Ex_CACNA1H_LHX9",0.705875779687154
"_TACGTCCTCTACACTT-2","Glut-CACNA1H-4","Ex_CACNA1H_LHX9",0.986265899406627
"_TACTTACAGACAGCGT-2","Glut-CACNA1H-2","Ex_CACNA1H_LHX9",0.526414987144963
"_TACTTACAGATGTAGT-2","Glut-CACNA1H-1","Ex_CACNA1H_LHX9",0.978930648043789
"_TACTTACAGATTGTGA-2","Glut-CACNA1H-1","Ex_CACNA1H_LHX9",0.912785902622679
"_TACTTACCATCCTCAC-2","Glut-CACNA1H-2","Ex_CACNA1H_LHX9",0.242172425813961
"_TACTTCACAACTGATC-2","Glut-CACNA1H-2","Ex_CACNA1H_LHX9",0.488002420401647
"_TACTTCACACAACGAG-2","Glut-CACNA1H-2","Ex_CACNA1H_LHX9",0.692959577031754
"_TACTTCATCTTTGATC-2","Glut-CACNA1H-1","Ex_CACNA1H_LHX9",0.951457884623384
"_TACTTGTAGCGTTGTT-2","Glut-CACNA1H-2","Ex_CACNA1H_LHX9",0.376826923489896
"_TACTTGTAGGTAAGTT-2","Glut-CACNA1H-1","Ex_CACNA1H_LHX9",0.589505808093865
"_TACTTGTCATATGAAG-2","Glut-CACNA1H-3","Ex_CACNA1H_LHX9",0.951975711946662
"_TAGACCAAGCTGACAG-2","Glut-CACNA1H-3","Ex_CACNA1H_LHX9",0.788191252554475
"_TAGACCACACGACAGA-2","Glut-CACNA1H-4","Ex_CACNA1H_LHX9",0.988280279393606
"_TAGACCACATATCTGG-2","Glut-CACNA1H-3","Ex_CACNA1H_LHX9",0.901867789914145
"_TAGACCACATGGGTTT-2","Glut-CACNA1H-3","Ex_DACH2_NR4A3",0.414831009033361
"_TAGACTGAGGATGGCT-2","Glut-DACH2-1","Ex_DACH2_GRIK4",0.521773204749421
"_TAGAGTCTCGTGCTCT-2","Glut-CACNA1H-2","Ex_CACNA1H_LHX9",0.895157704622727
"_TAGATCGAGCCAACCC-2","Glut-CACNA1H-3","Ex_CACNA1H_LHX9",0.926831313105754
"_TAGATCGGTCACAATC-2","Glut-CACNA1H-2","Ex_CACNA1H_LHX9",0.796172283969954
"_TAGATCGTCCAACTAG-2","Glut-CACNA1H-4","Ex_DACH2_SLIT2",0.533209262581042
"_TAGCACAAGGCATCGA-2","Glut-CACNA1H-2","Ex_CACNA1H_LHX9",0.474478584339122
"_TAGGAGGCAGGCTATT-2","Glut-CACNA1H-1","Ex_CACNA1H_LHX9",0.998536391906085
"_TAGGAGGTCACGTCCT-2","Glut-CACNA1H-1","Ex_CACNA1H_LHX9",0.501729954294696
"_TAGGAGGTCTGCTCTG-2","Glut-CACNA1H-2","Ex_DACH2_SLIT2",0.522490227874403
"_TAGGGTTAGTGGACTG-2","Glut-CACNA1H-1","Ex_CACNA1H_LHX9",0.996668262915174
"_TAGGGTTCATGCAGCC-2","Glut-CACNA1H-4","Ex_CACNA1H_LHX9",0.707713127172903
"_TAGGGTTGTCCTTGTC-2","Glut-CACNA1H-1","Ex_CACNA1H_LHX9",0.939750318438938
"_TAGGGTTGTTGGATCT-2","Glut-CACNA1H-1","Ex_CACNA1H_LHX9",0.975136719228916
"_TAGGTACCAAAGTATG-2","Glut-CACNA1H-2","Ex_CACNA1H_LHX9",0.824172961826632
"_TAGGTACCACAATGAA-2","Glut-CACNA1H-3","Ex_CACNA1H_LHX9",0.789864854245259
"_TAGGTTGTCTATCACT-2","Glut-CACNA1H-3","Ex_CACNA1H_LHX9",0.923395920877123
"_TAGTGCACACGTCATA-2","Glut-CACNA1H-2","Ex_CACNA1H_LHX9",0.478839857045619
"_TAGTGCATCCATCACC-2","Glut-CACNA1H-2","Ex_CACNA1H_LHX9",0.802454135252213
"_TAGTGCATCCGTCACT-2","Glut-CACNA1H-2","Ex_CACNA1H_LHX9",0.77200880066133
"_TATACCTAGGAGTACC-2","Glut-CACNA1H-1","Ex_CACNA1H_LHX9",0.837199111685565
"_TATACCTCATCTCGTC-2","Glut-CACNA1H-3","Ex_CACNA1H_LHX9",0.85478386997447
"_TATACCTGTATCGATC-2","Glut-CACNA1H-3","Ex_CACNA1H_LHX9",0.831566262574613
"_TATCAGGCAACAGCTT-2","Glut-CACNA1H-1","Ex_CACNA1H_LHX9",0.932102062566096
"_TATCGCCCATCCTGTC-2","Glut-CACNA1H-4","Ex_CACNA1H_LHX9",0.967484776023568
"_TATCGCCGTTAATGAG-2","Glut-CACNA1H-2","Ex_CACNA1H_LHX9",0.797505206485273
"_TATCGCCTCGTTCAGA-2","Glut-CACNA1H-1","Ex_CACNA1H_LHX9",0.76603932820603
"_TATCGCCTCGTTCATT-2","Glut-CACNA1H-2","Ex_CACNA1H_LHX9",0.594565888936127
"_TATCGCCTCTAGCCTC-2","Glut-CACNA1H-4","Ex_CACNA1H_LHX9",1
"_TATCTTGAGGCGAAGG-2","Glut-CACNA1H-1","Ex_CACNA1H_LHX9",0.880662116241329
"_TATCTTGCAACTACGT-2","Glut-CACNA1H-2","Ex_CACNA1H_LHX9",0.453219037153552
"_TATCTTGCACGTCGGT-2","Glut-CACNA1H-3","Ex_CACNA1H_LHX9",0.686027964419372
"_TATCTTGCAGAGGACT-2","Glut-CACNA1H-1","Ex_CACNA1H_LHX9",0.841596747947365
"_TATCTTGGTTAGTTCG-2","Glut-CACNA1H-2","Ex_CACNA1H_LHX9",0.978093126203771
"_TATCTTGTCCTCACGT-2","Glut-CACNA1H-3","Ex_CACNA1H_LHX9",0.861174563861481
"_TATGTTCAGCCGATCC-2","Glut-CACNA1H-2","Ex_CACNA1H_LHX9",0.489239081522606
"_TATGTTCCAACTCGAT-2","Glut-CACNA1H-2","Ex_CACNA1H_LHX9",0.788496157434983
"_TATGTTCCATGGGCAA-2","Glut-CACNA1H-2","Ex_CACNA1H_LHX9",0.354274793351066
"_TATTCCATCGCTCTCA-2","Glut-CACNA1H-2","Ex_CACNA1H_LHX9",0.418452332950009
"_TATTGCTAGAATTGTG-2","Glut-CACNA1H-3","Ex_CACNA1H_LHX9",0.913989002389039
"_TATTGCTAGCGTTCCG-2","Glut-CACNA1H-2","Ex_CACNA1H_LHX9",0.718541738438261
"_TATTGCTAGTATCCTG-2","Glut-CACNA1H-3","Ex_Pre_SATB2",0.509671788560963
"_TATTGCTGTAGTGCGA-2","Glut-CACNA1H-2","Ex_DACH2_NR4A3",0.262849358942152
"_TATTGGGGTGGGAGAG-2","Glut-CACNA1H-2","Ex_CACNA1H_LHX9",0.840353325969428
"_TATTTCGAGTGGAATT-2","Glut-CACNA1H-1","Ex_CACNA1H_LHX9",0.998251598622
"_TATTTCGCACAAAGTA-2","Glut-CACNA1H-3","Ex_CACNA1H_LHX9",0.729125638223802
"_TATTTCGGTAAGATTG-2","Glut-CACNA1H-4","Ex_DACH2_SLIT2",0.571689852779259
"_TATTTCGGTCGGATTT-2","Glut-CACNA1H-1","Ex_CACNA1H_LHX9",0.926483243722323
"_TATTTCGTCTCAAAGC-2","Glut-CACNA1H-3","Ex_CACNA1H_LHX9",0.37959165590336
"_TCAAGACAGCCAGACA-2","Glut-CACNA1H-2","Ex_CACNA1H_LHX9",0.580512802213542
"_TCAAGACAGGGTGGGA-2","Glut-CACNA1H-2","Ex_CACNA1H_LHX9",0.473089045332207
"_TCAAGACAGGTTCTTG-2","Glut-CACNA1H-1","Ex_CACNA1H_LHX9",0.981961218199606
"_TCAAGCAAGCCTATCA-2","Glut-CACNA1H-1","Ex_CACNA1H_LHX9",0.951870020417825
"_TCAAGCAAGTAGTCTC-2","Glut-CACNA1H-3","Ex_CACNA1H_LHX9",0.847846875890426
"_TCAAGCACAATTGGTC-2","Glut-CACNA1H-2","Ex_CACNA1H_LHX9",0.6745015355138
"_TCAAGCACACAAAGTA-2","Glut-CACNA1H-1","Ex_CACNA1H_LHX9",0.929800159230214
"_TCAAGTGAGCTGACCC-2","Glut-CACNA1H-1","Ex_CACNA1H_LHX9",0.93546030772787
"_TCAATCTAGGCCACTC-2","Glut-CACNA1H-1","Ex_CACNA1H_LHX9",0.924757013920984
"_TCAATCTCAAGTTCGT-2","Glut-CACNA1H-4","Ex_CACNA1H_LHX9",0.971859476970316
"_TCAATCTGTGTAAACA-2","Glut-CACNA1H-4","Ex_CACNA1H_LHX9",0.986068225249875
"_TCAATTCAGGTACATA-2","Glut-CACNA1H-1","Ex_CACNA1H_LHX9",0.602790224530117
"_TCAATTCGTATCCTTT-2","Glut-CACNA1H-3","Ex_CACNA1H_LHX9",0.838259039530272
"_TCAATTCTCTAGAACC-2","Glut-CACNA1H-3","Ex_CACNA1H_LHX9",0.882348326754606
"_TCACAAGAGCGACATG-2","Glut-CACNA1H-3","Ex_CACNA1H_LHX9",0.906662047590667
"_TCACACCAGGAGAATG-2","Glut-CACNA1H-4","Ex_CACNA1H_LHX9",0.97576108179564
"_TCACATTCAGGTCTCG-2","Glut-CACNA1H-4","Ex_CACNA1H_LHX9",0.95061904168562
"_TCACATTGTACTCCGG-2","Glut-CACNA1H-2","Ex_CACNA1H_LHX9",0.809101275291436
"_TCACGCTAGGTACATA-2","Glut-CACNA1H-4","Ex_CACNA1H_LHX9",0.6506655282796
"_TCACTATAGCAAATGT-2","Glut-CACNA1H-2","Ex_CACNA1H_LHX9",0.80460120193306
"_TCACTATAGTGGGAAA-2","Glut-CACNA1H-3","Ex_CACNA1H_LHX9",0.907081841186578
"_TCACTATGTGATTAGA-2","Glut-CACNA1H-3","Ex_CACNA1H_LHX9",0.407353787528158
"_TCACTCGCAGTTTCAG-2","Glut-CACNA1H-2","Ex_CACNA1H_LHX9",0.474682250917984
"_TCACTCGGTCGGAACA-2","Glut-CACNA1H-2","Ex_Pre_SATB2",0.302819920740197
"_TCAGCAACAACAAGTA-2","Glut-CACNA1H-3","Ex_TSHZ2_NR4A2",0.395692970824849
"_TCAGCAACACGGAAGT-2","Glut-CACNA1H-1","Ex_CACNA1H_LHX9",0.850336323505596
"_TCAGCCTAGGAACGTC-2","Glut-CACNA1H-1","Ex_CACNA1H_LHX9",0.912913092919638
"_TCAGCCTGTCCTCATC-2","Glut-CACNA1H-1","Ex_DACH2_NR4A3",0.858489764733316
"_TCAGCCTTCGAGATGG-2","Glut-CACNA1H-1","Ex_CACNA1H_LHX9",0.956278714775626
"_TCAGGGCAGAGAATCT-2","Glut-CACNA1H-4","Ex_CACNA1H_LHX9",1
"_TCAGGGCCAAACCACT-2","Glut-CACNA1H-3","Ex_CACNA1H_LHX9",0.707679970775667
"_TCAGGGCGTCCAACGC-2","Glut-CACNA1H-4","Ex_CACNA1H_LHX9",0.98141941562375
"_TCAGGGCTCTTCCAGC-2","Glut-CACNA1H-1","Ex_CACNA1H_LHX9",0.910003585778365
"_TCAGTCCCACCTCGTT-2","Glut-CACNA1H-4","Ex_CACNA1H_LHX9",1
"_TCAGTCCTCCGTAATG-2","Glut-CACNA1H-2","Ex_DACH2_NR4A3",0.448729338011324
"_TCAGTTTAGCAATAGT-2","Glut-CACNA1H-3","Ex_CACNA1H_LHX9",0.900805489687528
"_TCAGTTTAGGTGGGTT-2","Glut-CACNA1H-2","Ex_CACNA1H_LHX9",0.514290326931688
"_TCAGTTTAGTAGTCAA-2","Glut-CACNA1H-4","Ex_CACNA1H_LHX9",0.986367581986713
"_TCAGTTTAGTTCCGTA-2","Glut-CACNA1H-3","Ex_CACNA1H_LHX9",0.882706319632476
"_TCATACTGTTCTCTCG-2","Glut-CACNA1H-3","Ex_CACNA1H_LHX9",0.41710155759245
"_TCATACTTCTCCTGTG-2","Glut-CACNA1H-1","Ex_CACNA1H_LHX9",0.864878382888202
"_TCATATCAGTGCACTT-2","Glut-CACNA1H-4","Ex_CACNA1H_LHX9",0.974383432521288
"_TCATATCTCCGATCTC-2","Glut-CACNA1H-1","Ex_CACNA1H_LHX9",0.769684668054264
"_TCATATCTCTGGTGCG-2","Glut-CACNA1H-2","Ex_CACNA1H_LHX9",0.540229057502713
"_TCATCATCAGAGGTTG-2","Glut-CACNA1H-2","Ex_CACNA1H_LHX9",0.415782108864468
"_TCATGAGTCGCATTGA-2","Glut-CACNA1H-RA","Ex_DACH2_SLIT2",0.267207221536783
"_TCATGCCAGCTAAGTA-2","Glut-CACNA1H-2","Ex_CACNA1H_LHX9",0.885625586404805
"_TCATGCCTCTTCCAGC-2","Glut-CACNA1H-3","Ex_CACNA1H_LHX9",0.901565789192254
"_TCATGGAAGATGCGAC-2","Glut-CACNA1H-1","Ex_CACNA1H_LHX9",0.871543573050985
"_TCATGGAAGCACACCC-2","Glut-DACH2-1","Ex_DACH2_MGAT4C",0.51736112252672
"_TCATGGATCAATCGGT-2","Glut-CACNA1H-1","Ex_CACNA1H_LHX9",0.849554825429682
"_TCATGGATCTTCGGAA-2","Glut-CACNA1H-1","Ex_CACNA1H_LHX9",0.976530863368356
"_TCATGTTGTCAGACGA-2","Glut-CACNA1H-1","Ex_CACNA1H_LHX9",0.953539281797465
"_TCATTACCACTTGAGT-2","Glut-CACNA1H-2","Ex_CACNA1H_LHX9",0.670954799479556
"_TCATTACTCTTGATTC-2","Glut-CACNA1H-1","Ex_CACNA1H_LHX9",0.974343157821607
"_TCATTCACATAATCGC-2","Glut-CACNA1H-1","Ex_CACNA1H_LHX9",0.742830967313765
"_TCATTGTCACCTGCGA-2","Glut-CACNA1H-3","Ex_CACNA1H_LHX9",0.752183804645192
"_TCATTTGAGTTCCGGC-2","Glut-CACNA1H-2","Ex_CACNA1H_LHX9",0.962580636064085
"_TCCACGTTCCATTGGA-2","Glut-CACNA1H-2","Ex_CACNA1H_LHX9",0.747584200133714
"_TCCAGAACATAATGCC-2","Glut-CACNA1H-1","Ex_DACH2_NR4A3",0.485629270008092
"_TCCAGAAGTCCAGTTA-2","Glut-CACNA1H-2","Ex_DACH2_NR4A3",0.665564059709663
"_TCCAGAAGTCCTCATC-2","Glut-CACNA1H-2","Ex_CACNA1H_LHX9",0.836637823419275
"_TCCATCGCAATCTGCA-2","Glut-CACNA1H-1","Ex_DACH2_NR4A3",0.466638777075302
"_TCCATCGCAGTGCGCT-2","Glut-CACNA1H-1","Ex_DACH2_NR4A3",0.486550142537566
"_TCCATCGGTAACCCGC-2","Glut-DACH2-1","Ex_DACH2_GRIK4",0.478241499996679
"_TCCATCGGTGCCCAGT-2","Glut-CACNA1H-2","Ex_Pre_SATB2",0.331058221943732
"_TCCATGCGTGCAAGAC-2","Glut-CACNA1H-1","Ex_CACNA1H_LHX9",0.937462893340245
"_TCCATGCTCCCTGTTG-2","Glut-CACNA1H-3","Ex_CACNA1H_LHX9",0.88407530394611
"_TCCCACAAGGTCCGAA-2","Glut-CACNA1H-1","Ex_CACNA1H_LHX9",0.931912798035527
"_TCCCACACAACACAAA-2","Glut-CACNA1H-2","Ex_CACNA1H_LHX9",0.386840969042445
"_TCCCACACACAGCATT-2","Glut-CACNA1H-2","Ex_CACNA1H_LHX9",0.419125674898269
"_TCCCACACAGCGTGCT-2","Glut-CACNA1H-2","Ex_CACNA1H_LHX9",0.805505706097598
"_TCCCACACATTGCCGG-2","Glut-CACNA1H-2","Ex_CACNA1H_LHX9",0.44229749034245
"_TCCCAGTAGCTAAGTA-2","Glut-DACH2-3","Ex_DACH2_SLIT2",0.338829753789809
"_TCCCAGTGTAGACGTG-2","Glut-CACNA1H-2","Ex_CACNA1H_LHX9",0.445995446084287
"_TCCCAGTGTCGTACAT-2","Glut-CACNA1H-2","Ex_CACNA1H_LHX9",0.555588789477459
"_TCCCATGGTTAGTTCG-2","Glut-CACNA1H-2","Ex_CACNA1H_LHX9",0.498841248009753
"_TCCGAAAGTCAACCTA-2","Glut-CACNA1H-2","Ex_DACH2_NR4A3",0.531846943914915
"_TCCGATCAGTTTGAGA-2","Glut-CACNA1H-2","Ex_CACNA1H_LHX9",0.742819852135316
"_TCCGATCCAAGGCGTA-2","Glut-CACNA1H-1","Ex_CACNA1H_LHX9",0.891016345551584
"_TCCGATCTCCGCACGA-2","Glut-CACNA1H-3","Ex_CACNA1H_LHX9",0.885975195449969
"_TCCGATCTCTCCAAGA-2","Glut-CACNA1H-2","Ex_CACNA1H_LHX9",0.29338248376899
"_TCCGGGAGTCAGACGA-2","Glut-CACNA1H-3","Ex_CACNA1H_LHX9",0.762422350339946
"_TCCGGGAGTTGCATTG-2","Glut-CACNA1H-1","Ex_CACNA1H_LHX9",0.953092397511775
"_TCCGGGATCGCGTGCA-2","Glut-CACNA1H-3","Ex_CACNA1H_LHX9",0.927824645248271
"_TCCGTGTCAGGTGGAT-2","Glut-CACNA1H-3","Ex_CACNA1H_LHX9",0.71258843251554
"_TCCTAATTCCCTAGGG-2","Glut-CACNA1H-1","Ex_CACNA1H_LHX9",0.934644014120707
"_TCCTCCCAGAAGCGAA-2","Glut-CACNA1H-2","Ex_CACNA1H_MCTP2",0.294212564839161
"_TCCTCCCCAAGTGGAC-2","Glut-CACNA1H-1","Ex_Pre_KCNH7",0.538215216094096
"_TCCTCGAAGTCCCGAC-2","Glut-CACNA1H-2","Ex_CACNA1H_LHX9",0.578872711779621
"_TCCTCGACAAGCACAG-2","Glut-CACNA1H-1","Ex_CACNA1H_LHX9",0.905982235842714
"_TCCTCGACAAGCTACT-2","Glut-CACNA1H-2","Ex_CACNA1H_LHX9",0.751812408172777
"_TCCTCTTAGAGTCTGG-2","Glut-CACNA1H-1","Ex_CACNA1H_LHX9",0.936018549669011
"_TCCTCTTAGCGGGTAT-2","Glut-CACNA1H-3","Ex_CACNA1H_LHX9",0.769782544213399
"_TCCTCTTGTCCGTTTC-2","Glut-CACNA1H-1","Ex_CACNA1H_LHX9",0.960803776555299
"_TCCTGCAAGCACTCGC-2","Glut-CACNA1H-1","Ex_CACNA1H_LHX9",0.923325615007011
"_TCCTGCACACATGACT-2","Glut-CACNA1H-1","Ex_CACNA1H_LHX9",0.982821457385674
"_TCCTGCAGTGACCTGC-2","Glut-CACNA1H-2","Ex_CACNA1H_LHX9",0.879797722126457
"_TCCTTCTAGTTGGGAC-2","Glut-CACNA1H-1","Ex_CACNA1H_LHX9",0.884661957646456
"_TCCTTCTCAACGGCCT-2","Glut-CACNA1H-2","Ex_CACNA1H_LHX9",0.499775417722257
"_TCCTTCTGTACAAGCG-2","Glut-CACNA1H-4","Ex_DACH2_SLIT2",0.801531740686561
"_TCCTTCTTCACCCTTG-2","Glut-CACNA1H-2","Ex_CACNA1H_LHX9",0.630920720742229
"_TCCTTCTTCGAGCTGC-2","Glut-CACNA1H-1","Ex_CACNA1H_LHX9",0.919526751651856
"_TCCTTTCAGATAGCAT-2","Glut-CACNA1H-2","Ex_DACH2_NR4A3",0.658826804245003
"_TCCTTTCGTGCTTATG-2","Glut-CACNA1H-1","Ex_CACNA1H_LHX9",0.845673985259254
"_TCCTTTCTCCATTGTT-2","Glut-CACNA1H-2","Ex_CACNA1H_LHX9",0.536985668886938
"_TCCTTTCTCGTTCCTG-2","Glut-CACNA1H-2","Ex_CACNA1H_LHX9",0.620861095251583
"_TCGAACAGTGGACTGA-2","Glut-CACNA1H-1","Ex_CACNA1H_LHX9",0.978707625714899
"_TCGAACATCCGGACTG-2","Glut-CACNA1H-1","Ex_CACNA1H_LHX9",0.990369544246197
"_TCGAACATCGAGTACT-2","Glut-CACNA1H-2","Ex_CACNA1H_LHX9",0.520803449662515
"_TCGAAGTCAACACAGG-2","Glut-CACNA1H-3","Ex_CACNA1H_LHX9",0.883339501720212
"_TCGAAGTGTAACTGCT-2","Glut-CACNA1H-2","Ex_CACNA1H_LHX9",0.429195112205385
"_TCGAAGTGTGGTCTCG-2","Glut-CACNA1H-4","Ex_CACNA1H_LHX9",0.972515500539289
"_TCGAAGTTCCCAGTGG-2","Glut-CACNA1H-1","Ex_CACNA1H_LHX9",0.828969902802722
"_TCGACCTAGTCACTGT-2","Glut-CACNA1H-3","Ex_CACNA1H_LHX9",0.850360379188158
"_TCGACGGCACGCGTGT-2","Glut-CACNA1H-2","Ex_CACNA1H_LHX9",0.549436265678773
"_TCGACGGCAGGAATCG-2","Glut-CACNA1H-1","Ex_CACNA1H_LHX9",0.794967718440706
"_TCGATTTTCAGACCTA-2","Glut-CACNA1H-3","Ex_CACNA1H_LHX9",0.933646797916808
"_TCGCAGGAGGTTCTTG-2","Glut-CACNA1H-3","Ex_CACNA1H_LHX9",0.791813517102332
"_TCGCAGGCAGAGAGGG-2","Glut-CACNA1H-3","Ex_CACNA1H_LHX9",0.895182317201865
"_TCGCAGGGTGGACAGT-2","Glut-CACNA1H-3","Ex_CACNA1H_LHX9",0.933362542065267
"_TCGCAGGGTGTATTCG-2","Glut-CACNA1H-2","Ex_CACNA1H_LHX9",0.916446671955389
"_TCGCAGGTCACCTGGG-2","Glut-CACNA1H-4","Ex_CACNA1H_LHX9",0.952156803701361
"_TCGCAGGTCCCATGGG-2","Glut-CACNA1H-2","Ex_DACH2_NR4A3",0.471966282733612
"_TCGCTCACATCGTGCG-2","Glut-CACNA1H-1","Ex_CACNA1H_LHX9",0.887054090932345
"_TCGCTCATCTGTCAGA-2","Glut-CACNA1H-3","Ex_CACNA1H_LHX9",0.941410421735655
"_TCGCTTGTCTTCGGTC-2","Glut-CACNA1H-4","Ex_CACNA1H_LHX9",0.989264311451984
"_TCGGATAAGGTTTACC-2","Glut-CACNA1H-2","Ex_CACNA1H_LHX9",0.566951455534167
"_TCGGATAAGTAAGACT-2","Glut-CACNA1H-1","Ex_CACNA1H_LHX9",0.741416304954977
"_TCGGATACATGTGCTA-2","Glut-CACNA1H-2","Ex_CACNA1H_LHX9",0.751724763226727
"_TCGGATAGTCTCCTGT-2","Glut-CACNA1H-1","Ex_DACH2_NR4A3",0.584284230583187
"_TCGGATAGTTCCCACT-2","Glut-CACNA1H-1","Ex_CACNA1H_LHX9",0.893132256604361
"_TCGGATATCGAGAAAT-2","Glut-CACNA1H-3","Ex_CACNA1H_LHX9",0.504606299575213
"_TCGGGACCAGACGATG-2","Glut-DACH2-1","Ex_DACH2_MGAT4C",0.247818212885945
"_TCGGGACGTGTGCCTG-2","Glut-CACNA1H-2","Ex_CACNA1H_LHX9",0.40819842748468
"_TCGGGACTCAACTGGT-2","Glut-CACNA1H-3","Ex_CACNA1H_LHX9",0.860642359688839
"_TCGGGACTCGTTTACT-2","Glut-CACNA1H-4","Ex_CACNA1H_LHX9",0.992699084321442
"_TCGGGCACAAGGCGTA-2","Glut-CACNA1H-4","Ex_CACNA1H_LHX9",0.988599961769377
"_TCGGGCAGTGGCTACC-2","Glut-CACNA1H-1","Ex_CACNA1H_LHX9",0.859571504202849
"_TCGGGCATCACTTCTA-2","Glut-CACNA1H-2","Ex_CACNA1H_LHX9",0.437361865573574
"_TCGGGCATCCACGGGT-2","Glut-CACNA1H-2","Ex_DACH2_NR4A3",0.431601251219349
"_TCGGGTGCAAATGCTC-2","Glut-CACNA1H-1","Ex_CACNA1H_LHX9",0.842107255500045
"_TCGGTCTAGACGACTG-2","Glut-CACNA1H-2","Ex_CACNA1H_LHX9",0.685869056769817
"_TCGTAGAGTCCAGCCA-2","Glut-CACNA1H-2","Ex_CACNA1H_LHX9",0.79829104075448
"_TCGTCCACAACCACGC-2","Glut-CACNA1H-2","Ex_CACNA1H_LHX9",0.618308641110814
"_TCGTCCATCTAGGCCG-2","Glut-CACNA1H-1","Ex_DACH2_NR4A3",0.645490590577893
"_TCGTGCTGTTGTGTTG-2","Glut-CACNA1H-2","Ex_CACNA1H_LHX9",0.568333309889623
"_TCGTGGGAGACCATTC-2","Glut-CACNA1H-1","Ex_CACNA1H_LHX9",0.81271750364645
"_TCGTGGGCAAGGCCTC-2","Glut-CACNA1H-4","Ex_CACNA1H_LHX9",0.975744388906501
"_TCGTGGGCATCCGAGC-2","Glut-DACH2-4","Ex_DACH2_ITGA9",0.65167091461885
"_TCTAACTGTAGTCGGA-2","Glut-CACNA1H-1","Ex_CACNA1H_LHX9",0.965327513930976
"_TCTAACTGTGAATGTA-2","Glut-CACNA1H-2","Ex_DACH2_NR4A3",0.281070653140791
"_TCTAACTTCATGAAAG-2","Glut-CACNA1H-2","Ex_Pre_KCNH7",0.319511404886225
"_TCTACATGTGCACAAG-2","Glut-CACNA1H-2","Ex_CACNA1H_LHX9",0.500403880491522
"_TCTACATTCAAATAGG-2","Glut-CACNA1H-1","Ex_CACNA1H_LHX9",0.992410857389274
"_TCTACCGAGCCGGAAT-2","Glut-DACH2-2","Ex_DACH2_MGAT4C",0.550808002692532
"_TCTACCGTCTCGCAGG-2","Glut-CACNA1H-1","Ex_CACNA1H_LHX9",0.680627815003217
"_TCTATACAGGTTATAG-2","Glut-CACNA1H-3","Ex_DACH2_NR4A3",0.556018342242688
"_TCTATACCACCGTCGA-2","Glut-CACNA1H-2","Ex_CACNA1H_LHX9",0.708965491451716
"_TCTATCAGTTGGCCGT-2","Glut-CACNA1H-3","Ex_DACH2_NR4A3",0.369910779713023
"_TCTCACGTCTCATTGT-2","Glut-CACNA1H-1","Ex_CACNA1H_LHX9",0.853299215869415
"_TCTCAGCAGGACCCAA-2","Glut-CACNA1H-1","Ex_CACNA1H_LHX9",0.553111646366078
"_TCTCAGCGTCGCCTAG-2","Glut-CACNA1H-2","Ex_CACNA1H_LHX9",0.740519503118154
"_TCTCCGAAGCGTCTGC-2","Glut-CACNA1H-2","Ex_CACNA1H_LHX9",0.773113026022159
"_TCTCCGATCGCCATAA-2","Glut-CACNA1H-1","Ex_CACNA1H_LHX9",0.737722130456951
"_TCTCTGGAGTATGAAC-2","Glut-CACNA1H-1","Ex_CACNA1H_LHX9",0.800719505674785
"_TCTGGCTCACTTGGGC-2","Glut-CACNA1H-2","Ex_CACNA1H_LHX9",0.590813214430249
"_TCTGGCTTCCGCAAAT-2","Glut-CACNA1H-1","Ex_CACNA1H_LHX9",0.90263877133519
"_TCTGTCGGTTCCATTT-2","Glut-CACNA1H-2","Ex_CACNA1H_LHX9",0.333953445094215
"_TCTGTCGTCAAGTCTG-2","Glut-CACNA1H-4","Ex_CACNA1H_LHX9",0.981103689842506
"_TCTTAGTGTGAGCGAT-2","Glut-CACNA1H-2","Ex_CACNA1H_LHX9",0.339767914212265
"_TCTTAGTTCGCATGAT-2","Glut-CACNA1H-2","Ex_CACNA1H_LHX9",0.737055806231928
"_TCTTAGTTCTGAGGTT-2","Glut-DACH2-1","Ex_DACH2_MGAT4C",0.649767658102354
"_TCTTCCTGTTGTGGCC-2","Glut-CACNA1H-2","Ex_Pre_KCNH7",0.283379781203919
"_TCTTCCTGTTTGTTCT-2","Glut-CACNA1H-2","Ex_CACNA1H_LHX9",0.942021562857733
"_TCTTTGAAGCAATAAC-2","Glut-CACNA1H-1","Ex_CACNA1H_LHX9",0.84891166201696
"_TCTTTGAAGCACCGTC-2","Glut-CACNA1H-3","Ex_CACNA1H_LHX9",0.7490453373817
"_TCTTTGAAGCGTACAG-2","Glut-CACNA1H-1","Ex_CACNA1H_LHX9",0.930579153953861
"_TCTTTGACATTGCCGG-2","Glut-CACNA1H-4","Ex_CACNA1H_LHX9",0.993843421670252
"_TCTTTGAGTCATTCCC-2","Glut-CACNA1H-1","Ex_CACNA1H_LHX9",0.788548604213375
"_TCTTTGAGTTGCATGT-2","Glut-CACNA1H-1","Ex_CACNA1H_LHX9",0.93262848982793
"_TCTTTGATCACCATGA-2","Glut-CACNA1H-1","Ex_CACNA1H_LHX9",0.719213774643695
"_TGAACGTAGAAGGGAT-2","Glut-CACNA1H-3","Ex_CACNA1H_LHX9",0.801030278160857
"_TGAACGTGTACTAACC-2","Glut-CACNA1H-2","Ex_CACNA1H_LHX9",0.624457291138377
"_TGAACGTGTCACCCTT-2","Glut-CACNA1H-1","Ex_CACNA1H_LHX9",0.814197782255956
"_TGAATCGAGTCATTGC-2","Glut-CACNA1H-1","Ex_CACNA1H_LHX9",0.788997287792255
"_TGAATCGCATCGGAAG-2","Glut-CACNA1H-3","Ex_CACNA1H_LHX9",0.963712452497439
"_TGAATCGGTGCCGGTT-2","Glut-CACNA1H-1","Ex_CACNA1H_LHX9",0.872810793710119
"_TGAATCGTCCGTAGGC-2","Glut-CACNA1H-1","Ex_CACNA1H_LHX9",0.783944201178504
"_TGAATCGTCGCTGATA-2","Glut-CACNA1H-1","Ex_CACNA1H_LHX9",0.829689938427918
"_TGAATGCAGCCGCACT-2","Glut-CACNA1H-3","Ex_CACNA1H_LHX9",0.826522361554646
"_TGAATGCCAGACGGAT-2","Glut-CACNA1H-1","Ex_CACNA1H_LHX9",0.871160427269607
"_TGAATGCCATCAGCAT-2","Glut-CACNA1H-2","Ex_Pre_SATB2",0.326290725223929
"_TGAATGCGTATTGACC-2","Glut-CACNA1H-2","Ex_DACH2_NR4A3",0.694583984648635
"_TGACCCTAGAATTGTG-2","Glut-CACNA1H-3","Ex_CACNA1H_LHX9",0.881169573431611
"_TGACGCGAGGTGCCAA-2","Glut-CACNA1H-2","Ex_CACNA1H_LHX9",0.934668403945266
"_TGACTCCGTGTAAACA-2","Glut-CACNA1H-4","Ex_CACNA1H_LHX9",0.955453448495822
"_TGAGACTAGTCCTGCG-2","Glut-CACNA1H-4","Ex_CACNA1H_LHX9",1
"_TGAGACTTCAACTGGT-2","Glut-CACNA1H-4","Ex_CACNA1H_LHX9",1
"_TGAGCATAGGTACTGG-2","Glut-CACNA1H-2","Ex_CACNA1H_LHX9",0.538494442135211
"_TGAGCATGTAGCTGCC-2","Glut-CACNA1H-4","Ex_DACH2_SLIT2",0.470864141558956
"_TGAGCGCAGCACCCAC-2","Glut-CACNA1H-1","Ex_CACNA1H_LHX9",1
"_TGAGCGCCACCGTCGA-2","Glut-CACNA1H-1","Ex_CACNA1H_LHX9",0.940390478097553
"_TGAGCGCCAGGACATG-2","Glut-CACNA1H-3","Ex_CACNA1H_LHX9",0.894187225621951
"_TGAGCGCGTTCCGTTC-2","Glut-CACNA1H-2","Ex_CACNA1H_LHX9",0.602218705682431
"_TGAGGAGCACGAAAGC-2","Glut-CACNA1H-3","Ex_CACNA1H_LHX9",0.47634650192478
"_TGAGGAGCATGCCGCA-2","Glut-CACNA1H-2","Ex_CACNA1H_LHX9",0.761254125919622
"_TGAGGAGGTGCCTAAT-2","Glut-CACNA1H-3","Ex_Pre_KCNH7",0.366862464194686
"_TGAGGGACAACAGAGC-2","Glut-CACNA1H-4","Ex_CACNA1H_LHX9",0.9910627199088
"_TGAGGTTAGAGAGCGG-2","Glut-CACNA1H-1","Ex_CACNA1H_LHX9",0.918897262433077
"_TGAGGTTCACGGATCC-2","Glut-CACNA1H-3","Ex_CACNA1H_LHX9",0.874995163968529
"_TGAGGTTGTGTCCCTT-2","Glut-CACNA1H-2","Ex_CACNA1H_LHX9",0.546467192973389
"_TGAGTCAAGTCTTCGA-2","Glut-CACNA1H-1","Ex_CACNA1H_LHX9",0.848026275240711
"_TGAGTCACACCAGTAT-2","Glut-CACNA1H-4","Ex_CACNA1H_LHX9",0.610081162101122
"_TGAGTCAGTGGATCAG-2","Glut-CACNA1H-1","Ex_CACNA1H_LHX9",0.950354406405221
"_TGAGTCAGTGGGATTG-2","Glut-CACNA1H-1","Ex_CACNA1H_LHX9",0.888367478374313
"_TGAGTCAGTTCGGTTA-2","Glut-CACNA1H-3","Ex_TSHZ2_NR4A2",0.340216438964488
"_TGATCAGCAGGTTACT-2","Glut-CACNA1H-1","Ex_CACNA1H_LHX9",0.933891447063457
"_TGATCAGGTTGCATAC-2","Glut-CACNA1H-3","Ex_CACNA1H_LHX9",0.854418081673554
"_TGATCAGTCTAAGAAG-2","Glut-CACNA1H-1","Ex_CACNA1H_LHX9",0.976299661615665
"_TGATCTTAGTAATCCC-2","Glut-CACNA1H-1","Ex_CACNA1H_LHX9",0.848998667177931
"_TGATCTTCAAATCAGA-2","Glut-CACNA1H-2","Ex_CACNA1H_LHX9",0.604227226543351
"_TGATCTTGTAGTGATA-2","Glut-CACNA1H-1","Ex_CACNA1H_LHX9",0.927666664071674
"_TGATCTTTCATCCTAT-2","Glut-CACNA1H-4","Ex_CACNA1H_LHX9",0.987155903149024
"_TGATCTTTCGAGAATA-2","Glut-CACNA1H-RA","Ex_CACNA1H_LHX9",0.729626260636611
"_TGATGCAAGTGGAAGA-2","Glut-CACNA1H-1","Ex_CACNA1H_LHX9",0.958598147727784
"_TGATGCACAGACCTGC-2","Glut-CACNA1H-2","Ex_CACNA1H_LHX9",0.579402816106553
"_TGATGCAGTCGCAGTC-2","Glut-CACNA1H-2","Ex_CACNA1H_LHX9",0.577978752534036
"_TGATGGTAGCAAGGAA-2","Glut-CACNA1H-2","Ex_CACNA1H_LHX9",0.537944187654431
"_TGATGGTAGGCTTCCG-2","Glut-CACNA1H-3","Ex_CACNA1H_LHX9",0.623371822027961
"_TGATGGTCATGAGAAT-2","Glut-CACNA1H-2","Ex_Pre_KCNH7",0.28114082365416
"_TGATGGTGTAGCCCTG-2","Glut-CACNA1H-4","Ex_CACNA1H_LHX9",1
"_TGATTCTAGGTACTGG-2","Glut-DACH2-1","Ex_DACH2_MGAT4C",0.514942940773366
"_TGATTTCAGGCGACAT-2","Glut-CACNA1H-3","Ex_CACNA1H_LHX9",0.892905633897457
"_TGATTTCGTGTCATGT-2","Glut-CACNA1H-2","Ex_CACNA1H_LHX9",0.592021055255357
"_TGCAGATCAGCAGTTT-2","Glut-CACNA1H-4","Ex_CACNA1H_LHX9",0.985694974196985
"_TGCAGATTCGGACCAC-2","Glut-CACNA1H-1","Ex_CACNA1H_LHX9",0.859241209341403
"_TGCAGGCAGCACTCCG-2","Glut-CACNA1H-3","Ex_CACNA1H_LHX9",0.667881195193462
"_TGCAGGCGTTGCAAGG-2","Glut-CACNA1H-1","Ex_CACNA1H_LHX9",0.525794003740921
"_TGCAGTATCTGGTTGA-2","Glut-CACNA1H-1","Ex_CACNA1H_LHX9",0.888711770265134
"_TGCATCCAGGACTTCT-2","Glut-CACNA1H-4","Ex_CACNA1H_LHX9",0.961332734698009
"_TGCATCCAGGCCTTCG-2","Glut-CACNA1H-4","Ex_CACNA1H_LHX9",1
"_TGCATCCGTTAGGCCC-2","Glut-CACNA1H-4","Ex_DACH2_SLIT2",0.675050870120509
"_TGCATGACATCGTTCC-2","Glut-CACNA1H-1","Ex_CACNA1H_LHX9",0.735483340683156
"_TGCCGAGAGGTCACAG-2","Glut-CACNA1H-3","Ex_CACNA1H_LHX9",0.882388822172027
"_TGCCGAGGTTAAACAG-2","Glut-CACNA1H-4","Ex_CACNA1H_LHX9",0.934128708768832
"_TGCCGAGTCGCCGTGA-2","Glut-CACNA1H-2","Ex_CACNA1H_LHX9",0.734579346081003
"_TGCGACGCACGCGCTA-2","Glut-CACNA1H-2","Ex_CACNA1H_LHX9",0.656059023645077
"_TGCGATAAGAGGGTAA-2","Glut-CACNA1H-4","Ex_CACNA1H_LHX9",0.981319942090106
"_TGCGATAGTAGCGTTT-2","Glut-CACNA1H-1","Ex_CACNA1H_LHX9",0.920013205710616
"_TGCGGCACAATCGCCG-2","Glut-CACNA1H-1","Ex_CACNA1H_LHX9",0.963039654231553
"_TGCGGCAGTACCCGAC-2","Glut-CACNA1H-1","Ex_CACNA1H_LHX9",0.811778578699778
"_TGCGGCAGTAGGCAGT-2","Glut-CACNA1H-3","Ex_DACH2_NR4A3",0.567121353069849
"_TGCGGCATCAAGCCGC-2","Glut-CACNA1H-1","Ex_CACNA1H_LHX9",0.894133869129119
"_TGCGGCATCTGGGTCG-2","Glut-CACNA1H-2","Ex_CACNA1H_LHX9",0.832178697376604
"_TGCGGGTAGGACACTG-2","Glut-CACNA1H-3","Ex_CACNA1H_LHX9",0.848134522757005
"_TGCGGGTTCAACTTTC-2","Glut-CACNA1H-1","Ex_CACNA1H_LHX9",0.811709782259636
"_TGCGGGTTCAATCCAG-2","Glut-CACNA1H-3","Ex_CACNA1H_LHX9",0.856554516201551
"_TGCGGGTTCGCTTGAA-2","Glut-CACNA1H-3","Ex_CACNA1H_LHX9",0.415877204275559
"_TGCTCCAGTGAGTTGG-2","Glut-CACNA1H-1","Ex_CACNA1H_LHX9",0.912738161570994
"_TGCTCGTAGACCTCAT-2","Glut-CACNA1H-2","Ex_CACNA1H_LHX9",0.792335186625322
"_TGCTCGTGTCTGATAC-2","Glut-CACNA1H-1","Ex_CACNA1H_LHX9",0.904789159624896
"_TGCTTCGAGGTGAGCT-2","Glut-CACNA1H-3","Ex_CACNA1H_LHX9",0.43691580254972
"_TGCTTCGTCCGAGATT-2","Glut-CACNA1H-4","Ex_CACNA1H_LHX9",0.987558167297183
"_TGCTTGCAGCGGCTCT-2","Glut-CACNA1H-3","Ex_CACNA1H_LHX9",0.92764667612859
"_TGCTTGCAGTTTCGAC-2","Glut-CACNA1H-3","Ex_TSHZ2_NR4A2",0.529480786835334
"_TGCTTGCCAAGAATAC-2","Glut-CACNA1H-1","Ex_CACNA1H_LHX9",0.542082411902522
"_TGCTTGCGTAGAGATT-2","Glut-CACNA1H-4","Ex_CACNA1H_LHX9",0.981102908439843
"_TGCTTGCTCAAGTTGC-2","Glut-CACNA1H-2","Ex_CACNA1H_LHX9",0.62897387170199
"_TGGAACTGTATGCGGA-2","Glut-CACNA1H-1","Ex_CACNA1H_LHX9",0.857894782425114
"_TGGAACTGTGCGAGTA-2","Glut-CACNA1H-4","Ex_CACNA1H_LHX9",0.964575035002533
"_TGGAACTGTTCAGTAC-2","Glut-CACNA1H-2","Ex_Pre_SATB2",0.275302060165841
"_TGGAGAGAGGATGGCT-2","Glut-CACNA1H-3","Ex_CACNA1H_LHX9",0.855063465448502
"_TGGAGAGCATTGCAAC-2","Glut-CACNA1H-2","Ex_CACNA1H_LHX9",0.63811679953233
"_TGGAGAGGTATTGACC-2","Glut-CACNA1H-3","Ex_CACNA1H_LHX9",0.707438132728695
"_TGGAGGAAGTTCGCAT-2","Glut-DACH2-1","Ex_DACH2_MGAT4C",0.557046481687641
"_TGGAGGAAGTTTCTTC-2","Glut-CACNA1H-4","Ex_CACNA1H_LHX9",0.982022519790003
"_TGGAGGACAGCCGTCA-2","Glut-CACNA1H-4","Ex_CACNA1H_LHX9",0.827193799440376
"_TGGAGGATCCATAGGT-2","Glut-CACNA1H-1","Ex_CACNA1H_LHX9",0.956997894115722
"_TGGAGGATCTGGCCAG-2","Glut-CACNA1H-2","Ex_CACNA1H_LHX9",0.428649353176042
"_TGGATCAAGAGAGGTA-2","Glut-CACNA1H-4","Ex_CACNA1H_LHX9",0.933813570013745
"_TGGATCAAGCAACAGC-2","Glut-CACNA1H-1","Ex_CACNA1H_LHX9",0.794343630143647
"_TGGATCACATCACCAA-2","Glut-CACNA1H-2","Ex_DACH2_NR4A3",0.287310759830192
"_TGGATCAGTTAGGGTG-2","Glut-CACNA1H-2","Ex_CACNA1H_LHX9",0.48918080306967
"_TGGATGTAGCAAACAT-2","Glut-CACNA1H-1","Ex_CACNA1H_LHX9",0.628008045007386
"_TGGATGTAGGCGTTAG-2","Glut-CACNA1H-2","Ex_Pre_KCNH7",0.31399038890778
"_TGGATGTCAAGAAACT-2","Glut-CACNA1H-2","Ex_CACNA1H_LHX9",0.393182021824174
"_TGGATGTCAATAGAGT-2","Glut-CACNA1H-2","Ex_DACH2_NR4A3",0.74654040450813
"_TGGATGTGTCGACGCT-2","Glut-CACNA1H-1","Ex_CACNA1H_LHX9",0.993336625260544
"_TGGCGTGAGAGCATAT-2","Glut-CACNA1H-3","Ex_CACNA1H_LHX9",0.956903352422714
"_TGGGAAGAGTCGAATA-2","Glut-CACNA1H-1","Ex_CACNA1H_LHX9",0.907569002870665
"_TGGGAAGGTTTGGGAG-2","Glut-CACNA1H-2","Ex_CACNA1H_LHX9",0.682374958534773
"_TGGGAAGTCAGCAATC-2","Glut-CACNA1H-2","Ex_TSHZ2_NR4A2",0.341091219102331
"_TGGGAGAAGATAGTGT-2","Glut-CACNA1H-2","Ex_CACNA1H_LHX9",0.587169868177658
"_TGGGAGAAGTTACGTC-2","Glut-CACNA1H-3","Ex_CACNA1H_LHX9",0.95791329752479
"_TGGGAGATCCACGTGG-2","Glut-CACNA1H-1","Ex_CACNA1H_LHX9",0.857633582408316
"_TGGGATTTCAAGAATG-2","Glut-CACNA1H-1","Ex_CACNA1H_LHX9",0.91146846883972
"_TGGGATTTCCATGCAA-2","Glut-CACNA1H-1","Ex_CACNA1H_LHX9",0.809106204023193
"_TGGGCGTCACAGCTGC-2","Glut-CACNA1H-3","Ex_CACNA1H_LHX9",0.865024063184058
"_TGGGCGTCATGAATCC-2","Glut-CACNA1H-1","Ex_CACNA1H_LHX9",0.941935321475547
"_TGGGCGTTCGGTTGTA-2","Glut-CACNA1H-1","Ex_TSHZ2_NR4A2",0.450529506690477
"_TGGGCTGTCGGTCACG-2","Glut-CACNA1H-4","Ex_CACNA1H_LHX9",0.998410869910791
"_TGGGTTATCATGAAAG-2","Glut-CACNA1H-2","Ex_Pre_SATB2",0.267490949444954
"_TGGTACAAGATCCTAC-2","Glut-CACNA1H-1","Ex_CACNA1H_LHX9",0.896226373415435
"_TGGTACATCGACCAAT-2","Glut-CACNA1H-2","Ex_CACNA1H_LHX9",0.535955466200817
"_TGGTGATCAACCGTAT-2","Glut-CACNA1H-1","Ex_CACNA1H_LHX9",0.921476680267619
"_TGGTGATGTATCTCGA-2","Glut-CACNA1H-2","Ex_CACNA1H_LHX9",0.394856657552086
"_TGGTGATGTCTGTAAC-2","Glut-CACNA1H-4","Ex_CACNA1H_LHX9",0.976815687255901
"_TGGTGATGTTGCCGCA-2","Glut-CACNA1H-1","Ex_DACH2_NR4A3",0.614864336218
"_TGGTGATTCTGACCCT-2","Glut-CACNA1H-4","Ex_CACNA1H_LHX9",0.992092580288829
"_TGGTTAGAGTCATAGA-2","Glut-CACNA1H-2","Ex_CACNA1H_LHX9",0.637003774159156
"_TGGTTAGGTGGACCAA-2","Glut-CACNA1H-1","Ex_CACNA1H_LHX9",0.851598671926829
"_TGTAACGGTTATTCTC-2","Glut-CACNA1H-1","Ex_CACNA1H_LHX9",0.494655820241558
"_TGTAACGTCAGCGGAA-2","Glut-CACNA1H-1","Ex_CACNA1H_LHX9",0.96077500436704
"_TGTAACGTCTAGAACC-2","Glut-CACNA1H-2","Ex_CACNA1H_LHX9",0.829309033320256
"_TGTAAGCAGACGACTG-2","Glut-CACNA1H-1","Ex_DACH2_NR4A3",0.76932465719706
"_TGTAAGCAGTTCCGGC-2","Glut-CACNA1H-3","Ex_CACNA1H_LHX9",0.840160177643392
"_TGTAAGCTCGCTGACG-2","Glut-CACNA1H-1","Ex_CACNA1H_LHX9",0.958971262736768
"_TGTACAGAGGTCACCC-2","Glut-CACNA1H-1","Ex_CACNA1H_LHX9",0.927484106406791
"_TGTACAGCAAACCACT-2","Glut-CACNA1H-1","Ex_CACNA1H_LHX9",0.974571088077535
"_TGTACAGTCTTGGAAC-2","Glut-CACNA1H-1","Ex_CACNA1H_LHX9",0.734103486461272
"_TGTAGACCAAGGTCTT-2","Glut-CACNA1H-1","Ex_CACNA1H_LHX9",0.861522765587066
"_TGTAGACTCTCAACGA-2","Glut-CACNA1H-1","Ex_CACNA1H_LHX9",0.839279965232301
"_TGTCAGAAGTGCCCGT-2","Glut-CACNA1H-1","Ex_CACNA1H_LHX9",0.924019895263282
"_TGTCAGAGTGTTAAAG-2","Glut-CACNA1H-1","Ex_CACNA1H_LHX9",0.961394732837725
"_TGTCAGATCGTAGGAG-2","Glut-CACNA1H-2","Ex_Pre_SATB2",0.4888187593567
"_TGTCCCAGTCACAGTT-2","Glut-CACNA1H-2","Ex_CACNA1H_LHX9",0.51850346261136
"_TGTCCCAGTCACCTTC-2","Glut-CACNA1H-3","Ex_CACNA1H_LHX9",0.855931310218498
"_TGTCCCATCGATACGT-2","Glut-CACNA1H-4","Ex_CACNA1H_LHX9",0.985624600521063
"_TGTCCTGCACGTACTA-2","Glut-CACNA1H-4","Ex_CACNA1H_LHX9",0.982023046317023
"_TGTCCTGGTCTGTAGT-2","Glut-CACNA1H-2","Ex_CACNA1H_LHX9",0.487658092022193
"_TGTCCTGGTGTCATTG-2","Glut-CACNA1H-2","Ex_CACNA1H_LHX9",0.310168858381805
"_TGTGAGTAGTGTACAA-2","Glut-CACNA1H-3","Ex_CACNA1H_LHX9",0.858363423338467
"_TGTGAGTTCATCCCGT-2","Glut-CACNA1H-2","Ex_CACNA1H_LHX9",0.818022816573145
"_TGTGATGCAAAGGAGA-2","Glut-CACNA1H-1","Ex_CACNA1H_LHX9",0.875729374763504
"_TGTGATGCAGGCTACC-2","Glut-CACNA1H-3","Ex_CACNA1H_LHX9",0.89433278695838
"_TGTGATGTCTGGTTGA-2","Glut-CACNA1H-2","Ex_CACNA1H_LHX9",0.741288611306458
"_TGTGCGGCACGTTGGC-2","Glut-CACNA1H-4","Ex_CACNA1H_LHX9",0.857257763698231
"_TGTGCGGCACTCCTTG-2","Glut-CACNA1H-4","Ex_CACNA1H_LHX9",0.971866384631241
"_TGTGCGGTCAAGTGGG-2","Glut-CACNA1H-1","Ex_CACNA1H_LHX9",0.944529886507452
"_TGTGCGGTCATGAGGG-2","Glut-CACNA1H-3","Ex_CACNA1H_LHX9",0.835521432868176
"_TGTGCGGTCGACCTAA-2","Glut-CACNA1H-2","Ex_CACNA1H_LHX9",0.39321213206917
"_TGTGGCGGTACTTCCC-2","Glut-CACNA1H-1","Ex_CACNA1H_LHX9",0.90600084700272
"_TGTGTGAAGCAGATAT-2","Glut-CACNA1H-1","Ex_CACNA1H_LHX9",0.744972172667739
"_TGTGTGACAAGGCGTA-2","Glut-CACNA1H-2","Ex_CACNA1H_LHX9",0.628699931052399
"_TGTGTGAGTGTCCACG-2","Glut-CACNA1H-2","Ex_CACNA1H_LHX9",0.348808749769933
"_TGTTACTAGTTGCTCA-2","Glut-CACNA1H-3","Ex_CACNA1H_LHX9",0.925976593850106
"_TGTTACTGTTGTGCAT-2","Glut-CACNA1H-2","Ex_CACNA1H_LHX9",0.280082666716814
"_TGTTCATAGATGTAGT-2","Glut-CACNA1H-1","Ex_CACNA1H_LHX9",0.862153086261145
"_TGTTCCGGTCAGTCCG-2","Glut-CACNA1H-3","Ex_CACNA1H_LHX9",0.754498652641024
"_TGTTCCGGTCGAAACG-2","Glut-CACNA1H-1","Ex_CACNA1H_LHX9",0.990761714310745
"_TGTTCCGGTCTGGTTA-2","Glut-CACNA1H-2","Ex_CACNA1H_LHX9",0.82585373089231
"_TGTTCTACAAATCCCA-2","Glut-CACNA1H-3","Ex_CACNA1H_LHX9",0.912813249756688
"_TGTTCTACAAGCTACT-2","Glut-CACNA1H-2","Ex_CACNA1H_LHX9",0.629405233192605
"_TGTTGAGCAGTATACC-2","Glut-CACNA1H-3","Ex_CACNA1H_LHX9",0.930588783720818
"_TGTTGAGCATCTTTCA-2","Glut-CACNA1H-3","Ex_CACNA1H_LHX9",0.958751190779509
"_TGTTGAGGTACAGTCT-2","Glut-CACNA1H-2","Ex_DACH2_NR4A3",0.429901590723248
"_TGTTGGACAAGTATCC-2","Glut-CACNA1H-1","Ex_CACNA1H_LHX9",0.880472165744032
"_TGTTGGACAGACTCTA-2","Glut-CACNA1H-2","Ex_CACNA1H_LHX9",0.424695779248602
"_TGTTGGAGTTGCAAGG-2","Glut-CACNA1H-4","Ex_CACNA1H_LHX9",0.947316922643819
"_TGTTTGTAGCTAGAGC-2","Glut-CACNA1H-1","Ex_CACNA1H_LHX9",0.8885508719302
"_TGTTTGTTCAGACAAA-2","Glut-CACNA1H-1","Ex_CACNA1H_LHX9",0.942742209211076
"_TTAATCCCAAAGGCAC-2","Glut-CACNA1H-1","Ex_CACNA1H_LHX9",0.99285395891771
"_TTAATCCTCCGTGGCA-2","Glut-CACNA1H-1","Ex_CACNA1H_LHX9",0.911812763107954
"_TTAATCCTCCTTTGAT-2","Glut-CACNA1H-2","Ex_TSHZ2_NR4A2",0.49920044445374
"_TTAATCCTCGTCGCTT-2","Glut-CACNA1H-3","Ex_CACNA1H_LHX9",0.691711235902764
"_TTACAGGAGTCAATCC-2","Glut-CACNA1H-4","Ex_CACNA1H_LHX9",0.636441211566339
"_TTACAGGGTACGCGTC-2","Glut-CACNA1H-1","Ex_CACNA1H_LHX9",0.960017291780144
"_TTACCATAGTTCGGTT-2","Glut-CACNA1H-4","Ex_CACNA1H_LHX9",0.990168098178005
"_TTACCATAGTTGCGCC-2","Glut-CACNA1H-1","Ex_CACNA1H_LHX9",0.79425383525492
"_TTACCATCAGGACAGT-2","Glut-CACNA1H-2","Ex_Pre_KCNH7",0.478572730095458
"_TTACCATGTTGGCTAT-2","Glut-CACNA1H-3","Ex_CACNA1H_LHX9",0.38210869948561
"_TTACCGCGTCGGAACA-2","Glut-CACNA1H-2","Ex_CACNA1H_LHX9",0.365126675221279
"_TTACGCCAGGACTATA-2","Glut-CACNA1H-2","Ex_DACH2_NR4A3",0.460280509532984
"_TTACGCCAGGCGAACT-2","Glut-CACNA1H-1","Ex_CACNA1H_LHX9",0.915022926816093
"_TTACGCCGTAGGGTAC-2","Glut-CACNA1H-2","Ex_CACNA1H_LHX9",0.352307844301115
"_TTACGCCTCTCGAGTA-2","Glut-CACNA1H-1","Ex_CACNA1H_LHX9",0.971469846319115
"_TTACGCCTCTTGGCTC-2","Glut-CACNA1H-2","Ex_CACNA1H_LHX9",0.909471283047225
"_TTACTGTCAGAACGCA-2","Glut-CACNA1H-2","Ex_CACNA1H_LHX9",0.488746700687163
"_TTACTGTGTACGACTT-2","Glut-DACH2-1","Ex_DACH2_NR4A3",0.444796123846541
"_TTAGGCAAGCCATTTG-2","Glut-CACNA1H-3","Ex_CACNA1H_LHX9",0.78398705229715
"_TTAGTCTGTCTGTGAT-2","Glut-CACNA1H-4","Ex_CACNA1H_LHX9",1
"_TTAGTCTTCCCGAATA-2","Glut-CACNA1H-2","Ex_CACNA1H_LHX9",0.861773200621731
"_TTATTGCAGAGACAAG-2","Glut-CACNA1H-2","Ex_CACNA1H_LHX9",0.470397156645268
"_TTATTGCCAAACTCTG-2","Glut-CACNA1H-2","Ex_CACNA1H_LHX9",0.652795001083079
"_TTCACCGTCGACGAGA-2","Glut-CACNA1H-4","Ex_CACNA1H_LHX9",0.979195881653949
"_TTCACGCTCAATCTTC-2","Glut-CACNA1H-1","Ex_CACNA1H_LHX9",0.876401779775953
"_TTCATGTAGTTTCGGT-2","Glut-CACNA1H-1","Ex_CACNA1H_LHX9",0.938669372882302
"_TTCATGTCACAACGAG-2","Glut-CACNA1H-2","Ex_CACNA1H_LHX9",0.659183898316289
"_TTCATGTCAGTTTCAG-2","Glut-CACNA1H-2","Ex_CACNA1H_LHX9",0.37094536282067
"_TTCATGTTCGACCAAT-2","Glut-CACNA1H-1","Ex_CACNA1H_LHX9",0.929965191661085
"_TTCATGTTCGTTGCCT-2","Glut-CACNA1H-2","Ex_CACNA1H_LHX9",0.43632693386121
"_TTCATGTTCTACACAG-2","Glut-CACNA1H-1","Ex_CACNA1H_LHX9",0.911171708596476
"_TTCATTGAGAGTCACG-2","Glut-CACNA1H-1","Ex_CACNA1H_LHX9",0.863451498733767
"_TTCATTGAGTTCATCG-2","Glut-CACNA1H-2","Ex_CACNA1H_LHX9",0.641293198229677
"_TTCCAATTCGGCATTA-2","Glut-CACNA1H-2","Ex_Pre_SATB2",0.368135139818367
"_TTCCACGGTTGCCGCA-2","Glut-CACNA1H-1","Ex_CACNA1H_LHX9",0.978732974774971
"_TTCCGGTAGGGCTGAT-2","Glut-CACNA1H-3","Ex_CACNA1H_LHX9",0.96615611492335
"_TTCCGGTGTTATAGCC-2","Glut-CACNA1H-2","Ex_CACNA1H_LHX9",0.33131347271519
"_TTCCGGTTCATGGTAC-2","Glut-CACNA1H-4","Ex_CACNA1H_LHX9",0.995621257792088
"_TTCCGTGTCTCTGAGA-2","Glut-CACNA1H-3","Ex_DACH2_NR4A3",0.654811453654698
"_TTCCTCTAGATGGGCT-2","Glut-CACNA1H-2","Ex_CACNA1H_LHX9",0.680985992829224
"_TTCCTCTTCATTGCGA-2","Glut-CACNA1H-1","Ex_CACNA1H_LHX9",0.923669476406761
"_TTCCTCTTCGTTCTGC-2","Glut-DACH2-1","Ex_DACH2_SLIT2",0.440914978654579
"_TTCGATTTCCCAGCGA-2","Glut-CACNA1H-3","Ex_DACH2_NR4A3",0.501655099920415
"_TTCGCTGGTGCGGCTT-2","Glut-CACNA1H-4","Ex_CACNA1H_LHX9",1
"_TTCGCTGGTTTCCATT-2","Glut-CACNA1H-3","Ex_CACNA1H_LHX9",0.927601716608236
"_TTCGGTCGTTGATGTC-2","Glut-CACNA1H-1","Ex_CACNA1H_LHX9",0.935419274319839
"_TTCTAACTCGAAACAA-2","Glut-CACNA1H-2","Ex_CACNA1H_LHX9",0.855828016445271
"_TTCTAGTAGAACCCGA-2","Glut-CACNA1H-2","Ex_CACNA1H_LHX9",0.286502048660208
"_TTCTAGTAGGTCGTGA-2","Glut-CACNA1H-2","Ex_CACNA1H_LHX9",0.698297141048058
"_TTCTAGTGTCGACTTA-2","Glut-CACNA1H-1","Ex_CACNA1H_LHX9",0.933805898980605
"_TTCTAGTGTGGATCGA-2","Glut-CACNA1H-1","Ex_CACNA1H_LHX9",0.917739479574335
"_TTCTGTAAGTTCTCTT-2","Glut-CACNA1H-2","Ex_CACNA1H_LHX9",0.691091417790945
"_TTCTTCCAGGCGAACT-2","Glut-CACNA1H-2","Ex_CACNA1H_LHX9",0.447928027930438
"_TTCTTCCCAGCGTGAA-2","Glut-CACNA1H-1","Ex_CACNA1H_LHX9",0.833958418909961
"_TTCTTCCGTCCTGGTG-2","Glut-CACNA1H-2","Ex_CACNA1H_LHX9",0.847087067877117
"_TTCTTCCGTGGCCCAT-2","Glut-CACNA1H-1","Ex_CACNA1H_LHX9",0.416233872828279
"_TTCTTGAAGTGGTGGT-2","Glut-CACNA1H-3","Ex_CACNA1H_LHX9",0.913520279718779
"_TTCTTGACACAATCTG-2","Glut-CACNA1H-3","Ex_CACNA1H_LHX9",0.650753950969162
"_TTCTTGAGTTACACTG-2","Glut-CACNA1H-1","Ex_CACNA1H_LHX9",0.706310942808058
"_TTCTTGAGTTCCATTT-2","Glut-CACNA1H-4","Ex_CACNA1H_LHX9",0.9447540137379
"_TTGAACGCAGATCCTA-2","Glut-DACH2-HVCra-Pre","Ex_DACH2_MGAT4C",0.415343693772165
"_TTGAACGTCATCGCAA-2","Glut-CACNA1H-3","Ex_CACNA1H_LHX9",0.881799503233526
"_TTGACCCAGTAACGAT-2","Glut-CACNA1H-1","Ex_CACNA1H_LHX9",0.980628866677102
"_TTGACCCAGTTGGCTT-2","Glut-CACNA1H-2","Ex_CACNA1H_LHX9",0.733673929378003
"_TTGACCCCATAGAGGC-2","Glut-CACNA1H-2","Ex_CACNA1H_LHX9",0.583349444213248
"_TTGAGTGCAAGCCCAC-2","Glut-CACNA1H-3","Ex_CACNA1H_LHX9",0.921048594676649
"_TTGATGGCAGGAGACT-2","Glut-CACNA1H-2","Ex_CACNA1H_LHX9",0.365583423479916
"_TTGATGGGTGAATGTA-2","Glut-CACNA1H-3","Ex_CACNA1H_LHX9",0.899205808663708
"_TTGATGGTCTGCTTTA-2","Glut-CACNA1H-2","Ex_TSHZ2_NR4A2",0.340072718511965
"_TTGCATTCAAATGATG-2","Glut-CACNA1H-2","Ex_CACNA1H_LHX9",0.586037807555587
"_TTGCATTCATCTCGTC-2","Glut-CACNA1H-3","Ex_CACNA1H_LHX9",0.839522768982256
"_TTGCATTTCAGACCGC-2","Glut-CACNA1H-2","Ex_CACNA1H_LHX9",0.456843814502049
"_TTGCCTGAGTGGAATT-2","Glut-CACNA1H-4","Ex_DACH2_GRIK4",0.556315861229979
"_TTGCCTGCACATACTG-2","Glut-CACNA1H-3","Ex_DACH2_NR4A3",0.647931245403206
"_TTGCCTGGTATCCTCC-2","Glut-CACNA1H-2","Ex_CACNA1H_LHX9",0.86858330118548
"_TTGCCTGTCGAGTGAG-2","Glut-CACNA1H-2","Ex_CACNA1H_LHX9",0.383360454245734
"_TTGCGTCTCCGTTGGG-2","Glut-CACNA1H-2","Ex_CACNA1H_LHX9",0.763202681999791
"_TTGCTGCAGTATTAGG-2","Glut-CACNA1H-3","Ex_CACNA1H_LHX9",0.365174460327824
"_TTGCTGCCAGATCCTA-2","Glut-CACNA1H-2","Ex_CACNA1H_LHX9",0.884149174851636
"_TTGGATGAGCATCTTG-2","Glut-CACNA1H-2","Ex_CACNA1H_LHX9",0.787704879540527
"_TTGGATGCAAGTGGGT-2","Glut-CACNA1H-1","Ex_CACNA1H_LHX9",0.927401286983119
"_TTGGATGCACGACAGA-2","Glut-CACNA1H-4","Ex_CACNA1H_LHX9",1
"_TTGGATGCAGCGACAA-2","Glut-CACNA1H-2","Ex_CACNA1H_LHX9",0.823577293815408
"_TTGGATGCATATAGCC-2","Glut-CACNA1H-1","Ex_CACNA1H_LHX9",0.917814675701047
"_TTGGATGGTTGTGCAT-2","Glut-CACNA1H-2","Ex_CACNA1H_LHX9",0.504065233479245
"_TTGGATGTCACCTTGC-2","Glut-CACNA1H-2","Ex_CACNA1H_LHX9",0.584676597668012
"_TTGGGATAGTCGTTAC-2","Glut-CACNA1H-3","Ex_CACNA1H_LHX9",0.383302938593489
"_TTGGGATTCGAACGGA-2","Glut-CACNA1H-1","Ex_CACNA1H_LHX9",0.876429124276066
"_TTGGGCGAGAGCAGCT-2","Glut-CACNA1H-3","Ex_CACNA1H_LHX9",0.901246928186485
"_TTGGGCGCAAGTTGGG-2","Glut-CACNA1H-4","Ex_CACNA1H_LHX9",0.989117307121147
"_TTGGGTACACACAGCC-2","Glut-CACNA1H-4","Ex_CACNA1H_LHX9",0.983730288226349
"_TTGGTTTCAGCATCTA-2","Glut-CACNA1H-4","Ex_CACNA1H_LHX9",1
"_TTGGTTTGTCACGTGC-2","Glut-CACNA1H-1","Ex_CACNA1H_LHX9",0.918658609719963
"_TTGTGGATCAGCACCG-2","Glut-CACNA1H-1","Ex_CACNA1H_LHX9",0.963196103256311
"_TTGTGGATCGCAACAT-2","Glut-CACNA1H-1","Ex_TSHZ2_NR4A2",0.283360705958135
"_TTGTGTTGTCAGTCTA-2","Glut-CACNA1H-3","Ex_CACNA1H_LHX9",0.936675253037112
"_TTGTGTTGTCCACATA-2","Glut-CACNA1H-1","Ex_CACNA1H_LHX9",0.918093144958897
"_TTGTGTTGTTAAGACA-2","Glut-CACNA1H-2","Ex_CACNA1H_LHX9",0.751251367929711
"_TTGTTCACAGAGGAAA-2","Glut-CACNA1H-1","Ex_CACNA1H_LHX9",0.922177754385302
"_TTGTTCACATGTGGTT-2","Glut-DACH2-2","Ex_DACH2_MGAT4C",0.375974044438631
"_TTGTTCAGTCAACCTA-2","Glut-CACNA1H-1","Ex_CACNA1H_LHX9",0.976306123375934
"_TTGTTCAGTTTACACG-2","Glut-CACNA1H-2","Ex_CACNA1H_LHX9",0.652090446769957
"_TTGTTCATCCGGTTCT-2","Glut-CACNA1H-2","Ex_DACH2_NR4A3",0.457705919834322
"_TTGTTGTCAGCTGTAT-2","Glut-CACNA1H-1","Ex_CACNA1H_LHX9",0.791317249619579
"_TTGTTGTCATGCAGCC-2","Glut-CACNA1H-2","Ex_CACNA1H_LHX9",0.661798830819809
"_TTGTTGTGTACTCCCT-2","Glut-CACNA1H-1","Ex_CACNA1H_LHX9",0.985507875134207
"_TTGTTGTGTTGGCCGT-2","Glut-CACNA1H-2","Ex_CACNA1H_LHX9",0.814842447541384
"_TTTACCACAACAACAA-2","Glut-CACNA1H-1","Ex_CACNA1H_LHX9",0.934090481071658
"_TTTACCACACGCAGTC-2","Glut-CACNA1H-2","Ex_DACH2_NR4A3",0.510148661863684
"_TTTACGTAGGTGCCAA-2","Glut-CACNA1H-3","Ex_CACNA1H_LHX9",0.274609297182398
"_TTTAGTCCAATGCAAA-2","Glut-CACNA1H-1","Ex_CACNA1H_LHX9",0.955605017798766
"_TTTAGTCTCTCCACTG-2","Glut-CACNA1H-RA","Ex_Pre_KCNH7",0.586064678818884
"_TTTATGCAGGAACGAA-2","Glut-CACNA1H-2","Ex_CACNA1H_LHX9",0.508550943908508
"_TTTCACAAGGCGCTTC-2","Glut-CACNA1H-3","Ex_CACNA1H_LHX9",0.785493506100737
"_TTTCACAAGGGCAGGA-2","Glut-CACNA1H-3","Ex_CACNA1H_LHX9",0.931403913606639
"_TTTCACAAGGTCCCGT-2","Glut-CACNA1H-1","Ex_CACNA1H_LHX9",0.939165204151381
"_TTTCAGTAGGAACGTC-2","Glut-DACH2-1","Ex_DACH2_GRIK4",0.441864537236615
"_TTTCAGTCAAGTTCCA-2","Glut-DACH2-1","Ex_DACH2_MGAT4C",0.350066837700219
"_TTTCAGTGTAGTCCTA-2","Glut-CACNA1H-1","Ex_CACNA1H_LHX9",0.91582650552772
"_TTTCAGTTCCCAAGTA-2","Glut-CACNA1H-2","Ex_CACNA1H_LHX9",0.847120381411958
"_TTTCATGCAATTGAGA-2","Glut-CACNA1H-3","Ex_CACNA1H_LHX9",0.660573290401956
"_TTTCCTCTCAAGTAAG-2","Glut-CACNA1H-4","Ex_CACNA1H_LHX9",0.974808434144244
"_TTTCGATAGTATGATG-2","Glut-CACNA1H-1","Ex_CACNA1H_LHX9",0.927109170268504
"_TTTCGATTCCAACTGA-2","Glut-CACNA1H-1","Ex_CACNA1H_LHX9",0.895458039645822
"_TTTGACTAGAACTTCC-2","Glut-CACNA1H-2","Ex_DACH2_NR4A3",0.867873292695078
"_TTTGACTCAAAGAACT-2","Glut-CACNA1H-2","Ex_CACNA1H_LHX9",0.403593227249734
"_TTTGACTGTGAGACCA-2","Glut-CACNA1H-1","Ex_CACNA1H_LHX9",0.858223162715749
"_TTTGATCCACCACTGG-2","Glut-CACNA1H-1","Ex_CACNA1H_LHX9",0.920332253878365
"_TTTGATCTCGGTCAGC-2","Glut-CACNA1H-1","Ex_DACH2_NR4A3",0.423887315463669
"_TTTGATCTCTGCACCT-2","Glut-CACNA1H-1","Ex_CACNA1H_LHX9",0.920608155940384
"_TTTGGAGGTAGGTTTC-2","Glut-CACNA1H-3","Ex_CACNA1H_LHX9",0.905696079915006
"_TTTGGAGGTCTTAGTG-2","Glut-CACNA1H-2","Ex_CACNA1H_LHX9",0.576484430362113
"_TTTGGAGTCCAAACCA-2","Glut-DACH2-4","Ex_DACH2_ITGA9",0.399564360761426
"_TTTGGTTTCGGCCCAA-2","Glut-CACNA1H-1","Ex_CACNA1H_LHX9",0.931514655657558
"_TTTGTTGAGTCTTCGA-2","Glut-CACNA1H-2","Ex_CACNA1H_LHX9",0.325832116204064
"_TTTGTTGCAGGTTCGC-2","Glut-CACNA1H-3","Ex_CACNA1H_LHX9",0.950048207684755
"_TTTGTTGGTATTCCGA-2","Glut-CACNA1H-3","Ex_Pre_KCNH7",0.548568946908026
"_TTTGTTGGTTATGTCG-2","Glut-DACH2-1","Ex_DACH2_MGAT4C",0.474337930556811
"_AAACCCATCACAGTGT-3","Glut-DACH2-HVCra","Ex_DACH2_GRIK4",0.566521423936406
"_AAACCCATCCAAAGGG-3","Glut-DACH2-HVCra-Pre","Ex_DACH2_NR4A3",0.785365172123356
"_AAACGAAGTACGATCT-3","Glut-DACH2-HVCra-Pre","Ex_DACH2_GRIK4",0.688608903733757
"_AAACGAAGTCCAAAGG-3","Glut-DACH2-HVCra-Pre","Ex_DACH2_GRIK4",0.367535919725207
"_AAACGCTCAGCTAACT-3","Glut-DACH2-HVCra","Ex_BCL6",0.786680996783967
"_AAAGAACCATGATAGA-3","Glut-DACH2-HVCra","Ex_BCL6",0.772752486819618
"_AAAGAACGTTCAGCGC-3","Glut-DACH2-HVCra","Ex_BCL6",0.309078786036524
"_AAAGGATAGTTCTACG-3","Glut-DACH2-HVCra-Pre","Ex_DACH2_GRIK4",0.599975064146274
"_AAAGGATGTTAACCTG-3","Glut-DACH2-HVCra","Ex_DACH2_GRIK4",0.312906100263583
"_AAAGGGCCACGACAGA-3","Glut-DACH2-HVCra","Ex_BCL6",0.575689728816351
"_AAAGGGCTCCACGGGT-3","Glut-DACH2-HVCra-Pre","Ex_DACH2_LUZP2",0.303458286165186
"_AAAGGTAAGTTACGAA-3","Glut-DACH2-HVCra-Pre","Ex_DACH2_GRIK4",0.414943979117223
"_AAAGGTACAGAGGACT-3","Glut-DACH2-HVCra","Ex_BCL6",0.578683138527858
"_AAAGGTACAGGAGACT-3","Glut-DACH2-2","Ex_DACH2_LHX2",0.417134809302938
"_AAAGGTACATTGAGGG-3","Glut-DACH2-2","Ex_DACH2_LUZP2",0.406883437422825
"_AAAGTCCCAAAGAACT-3","Glut-DACH2-HVCra-Pre","Ex_DACH2_MGAT4C",0.503185098632244
"_AAAGTGATCGCGGACT-3","Glut-DACH2-HVCra","Ex_BCL6",0.701825297348891
"_AAATGGAAGATCCAAA-3","Glut-DACH2-HVCra-Pre","Ex_DACH2_GRIK4",0.468758269805954
"_AAATGGAGTAATGTGA-3","Glut-DACH2-HVCra-Pre","Ex_DACH2_LHX2",0.399215154786161
"_AAATGGAGTCTGTGGC-3","Glut-DACH2-HVCra","Ex_BCL6",0.711909189312267
"_AAATGGATCGGACTGC-3","Glut-DACH2-HVCra","Ex_BCL6",0.40564471155738
"_AACAAAGGTGCAACGA-3","Glut-DACH2-2","Ex_DACH2_MGAT4C",0.411425157837608
"_AACAACCAGTTGAAGT-3","Glut-DACH2-2","Ex_DACH2_LUZP2",0.401322718104431
"_AACAACCGTATGTCTG-3","Glut-DACH2-HVCx","Ex_Pre_KCNH7",0.537736405034635
"_AACAAGAAGGTAGTCG-3","Glut-DACH2-2","Ex_DACH2_LHX2",0.401780604139703
"_AACAAGACACACACTA-3","Glut-DACH2-HVCra","Ex_BCL6",0.726013097567789
"_AACAAGACACGTCATA-3","Glut-DACH2-2","Ex_DACH2_LHX2",0.4080016804657
"_AACAAGACATGTGCTA-3","Glut-DACH2-1","Ex_DACH2_NR4A3",0.973781370318997
"_AACAAGAGTAAGAACT-3","Glut-DACH2-2","Ex_DACH2_GRIK4",0.329933227951193
"_AACAAGATCCGGGACT-3","Glut-DACH2-HVCra-Pre","Ex_DACH2_NR4A3",0.459834175363938
"_AACAAGATCTCTAAGG-3","Glut-DACH2-2","Ex_DACH2_NR4A3",0.40486200183506
"_AACAAGATCTGGCCTT-3","Glut-DACH2-2","Ex_DACH2_MGAT4C",0.582359433830366
"_AACAAGATCTGGTGCG-3","Glut-DACH2-HVCra-Pre","Ex_DACH2_GRIK4",0.567124245339633
"_AACACACAGAACGCGT-3","Glut-DACH2-HVCra","Ex_BCL6",0.688346648573753
"_AACACACAGGTACAGC-3","Glut-DACH2-HVCx","Ex_Pre_KCNH7",0.728282895143025
"_AACACACGTCCTTGTC-3","Glut-DACH2-HVCra-Pre","Ex_DACH2_ITGA9",0.447201771824228
"_AACACACGTGTCTTCC-3","Glut-DACH2-HVCra","Ex_DACH2_MGAT4C",0.293086893467117
"_AACACACTCGGCATCG-3","Glut-DACH2-HVCra","Ex_BCL6",0.729495432354349
"_AACACACTCGTGCGAC-3","Glut-DACH2-HVCra","Ex_BCL6",0.706845287372699
"_AACCAACGTGGAGGTT-3","Glut-DACH2-2","Ex_DACH2_MGAT4C",0.406893722666667
"_AACCATGCACCCTTGT-3","Glut-DACH2-HVCra","Ex_BCL6",0.698074193658168
"_AACCATGGTGTAAATG-3","Glut-DACH2-HVCra-Pre","Ex_DACH2_MGAT4C",0.451242475964551
"_AACCATGTCCGTGTAA-3","Glut-DACH2-2","Ex_DACH2_LHX2",0.378316053522241
"_AACCCAAAGGTAAGAG-3","Glut-DACH2-HVCra-Pre","Ex_DACH2_LHX2",0.466498373554427
"_AACCCAAAGTAGAGTT-3","Glut-DACH2-HVCra-Pre","Ex_DACH2_LHX2",0.435618883347093
"_AACCCAAAGTGCTACT-3","Glut-DACH2-2","Ex_DACH2_GRIK4",0.314175193127349
"_AACCCAACAGGAAGTC-3","Glut-DACH2-HVCra","Ex_BCL6",0.459176861829563
"_AACCCAAGTTATGGTC-3","Glut-DACH2-2","Ex_DACH2_LHX2",0.464693548201398
"_AACCCAATCTCACGAA-3","Glut-DACH2-HVCra-Pre","Ex_DACH2_GRIK4",0.394903045409998
"_AACCTGAAGGAGCTGT-3","Glut-DACH2-HVCra-Pre","Ex_DACH2_LHX2",0.491767286106024
"_AACCTGACAGTCAACT-3","Glut-DACH2-HVCra","Ex_BCL6",0.235937534475411
"_AACCTGAGTTTCGACA-3","Glut-DACH2-2","Ex_DACH2_LHX2",0.523080169622233
"_AACCTGATCGCACGGT-3","Glut-DACH2-HVCx","Ex_Pre_KCNH7",0.660408686178612
"_AACCTTTGTTAGTTCG-3","Glut-DACH2-HVCx","Ex_Pre_KCNH7",0.687448694354594
"_AACCTTTTCAACTGAC-3","Glut-DACH2-HVCra","Ex_BCL6",0.412844746972152
"_AACCTTTTCCGTGACG-3","Glut-DACH2-2","Ex_DACH2_MGAT4C",0.456348458826424
"_AACGAAAAGAGATCGC-3","Glut-DACH2-HVCra-Pre","Ex_DACH2_MGAT4C",0.365292047786033
"_AACGAAAAGAGTCAAT-3","Glut-DACH2-HVCra","Ex_BCL6",0.771100364175187
"_AACGAAACATTCATCT-3","Glut-DACH2-HVCra","Ex_BCL6",0.854428484584735
"_AACGAAATCGCTTGCT-3","Glut-DACH2-HVCx","Ex_Pre_KCNH7",0.567874163018627
"_AACGAAATCTTTCTAG-3","Glut-DACH2-HVCra-Pre","Ex_DACH2_GRIK4",0.459339288546071
"_AACGGGAAGCTGAGCA-3","Glut-DACH2-HVCra","Ex_BCL6",0.795113962897092
"_AACGGGACAAGTATAG-3","Glut-DACH2-HVCra","Ex_BCL6",0.415388966403139
"_AACGGGACACGTTCGG-3","Glut-DACH2-HVCx","Ex_DACH2_ITGA9",0.46713422589413
"_AACGGGACATGTGTCA-3","Glut-DACH2-2","Ex_DACH2_NR4A3",0.300253435177602
"_AACGTCAAGGAACGAA-3","Glut-DACH2-HVCra","Ex_DACH2_GRIK4",0.51963291330385
"_AACGTCAAGGGCATGT-3","Glut-DACH2-2","Ex_DACH2_LHX2",0.621535126334251
"_AACTTCTCATAGACTC-3","Glut-DACH2-2","Ex_DACH2_MGAT4C",0.270051700240081
"_AACTTCTGTCGCTGCA-3","Glut-DACH2-2","Ex_DACH2_LHX2",0.36459710439752
"_AAGAACAGTGTGACCC-3","Glut-DACH2-HVCra-Pre","Ex_DACH2_MGAT4C",0.406357971013984
"_AAGACAAGTACTTCCC-3","Glut-DACH2-2","Ex_DACH2_GRIK4",0.365161003706402
"_AAGACTCGTGGGTTGA-3","Glut-DACH2-HVCra","Ex_BCL6",0.793667561218889
"_AAGACTCTCCCTCTCC-3","Glut-DACH2-HVCra-Pre","Ex_DACH2_MGAT4C",0.573019609640443
"_AAGACTCTCTCACCCA-3","Glut-DACH2-HVCx","Ex_DACH2_ITGA9",0.54115287505184
"_AAGCATCCAACACTAC-3","Glut-DACH2-HVCra","Ex_BCL6",0.818551085133096
"_AAGCATCCAGGTGAGT-3","Glut-DACH2-HVCra-Pre","Ex_DACH2_GRIK4",0.309478628321253
"_AAGCATCGTATCGTAC-3","Glut-DACH2-2","Ex_DACH2_LHX2",0.359554096522072
"_AAGCCATAGCCTGGAA-3","Glut-DACH2-1","Ex_DACH2_GRIK4",0.494502131300514
"_AAGCCATTCAGGGATG-3","Glut-DACH2-HVCra","Ex_BCL6",0.809355529389597
"_AAGCGAGAGGTACAAT-3","Glut-DACH2-HVCx","Ex_DACH2_ITGA9",0.439780523332186
"_AAGCGAGCATCCGAGC-3","Glut-DACH2-HVCx","Ex_Pre_KCNH7",0.694462979731389
"_AAGCGAGGTCCAAGAG-3","Glut-DACH2-HVCx","Ex_DACH2_ITGA9",0.774111510115344
"_AAGCGAGTCTATCACT-3","Glut-DACH2-HVCra-Pre","Ex_DACH2_GRIK4",0.454177671211183
"_AAGCGTTTCGAGCCTG-3","Glut-DACH2-HVCra","Ex_BCL6",0.48949675558415
"_AAGGAATAGCCTCTTC-3","Glut-DACH2-HVCra","Ex_BCL6",0.657927630017947
"_AAGGAATAGGCGAACT-3","Glut-DACH2-HVCra-Pre","Ex_DACH2_LHX2",0.372676821426693
"_AAGGAATAGGCTCTAT-3","Glut-DACH2-HVCra-Pre","Ex_BCL6",0.405578093768037
"_AAGGAATCACGGATCC-3","Glut-DACH2-HVCra-Pre","Ex_DACH2_MGAT4C",0.345059965975979
"_AAGGAATGTCATCGCG-3","Glut-DACH2-HVCra","Ex_BCL6",0.503998676662423
"_AAGGAATGTGAAGCGT-3","Glut-DACH2-HVCra-Pre","Ex_BCL6",0.319805482037149
"_AAGGAATTCACTGTCC-3","Glut-DACH2-HVCx","Ex_Pre_KCNH7",0.627553006679504
"_AAGGTAAAGTCAGCCC-3","Glut-DACH2-HVCra","Ex_BCL6",0.620035461525923
"_AAGGTAACAGGTTCCG-3","Glut-DACH2-2","Ex_DACH2_LHX2",0.467104639371188
"_AAGGTAATCCATCCGT-3","Glut-DACH2-HVCra","Ex_BCL6",0.562720952155786
"_AAGGTAATCCATCTCG-3","Glut-DACH2-HVCra","Ex_BCL6",0.891221060977134
"_AAGGTAATCCTTTGAT-3","Glut-DACH2-HVCra","Ex_BCL6",0.807774872218772
"_AAGGTAATCGGCTGGT-3","Glut-DACH2-HVCra","Ex_BCL6",0.684497724674782
"_AAGTACCAGGCCTTCG-3","Glut-DACH2-HVCra","Ex_DACH2_LHX2",0.466316045406402
"_AAGTACCCAGACACCC-3","Glut-DACH2-HVCra","Ex_BCL6",0.80938828512827
"_AAGTACCCAGTATACC-3","Glut-DACH2-HVCx","Ex_Pre_KCNH7",0.384617266483115
"_AAGTCGTAGATAGTGT-3","Glut-DACH2-4","Ex_DACH2_NR4A3",0.313126263781323
"_AAGTCGTGTGCAGTGA-3","Glut-DACH2-2","Ex_DACH2_NR4A3",0.868414094634031
"_AAGTCGTTCCTGTTGC-3","Glut-DACH2-HVCra-Pre","Ex_BCL6",0.495080537739835
"_AAGTGAAAGAGGTGCT-3","Glut-DACH2-HVCra","Ex_BCL6",0.709154093872844
"_AAGTGAAAGGTTACAA-3","Glut-DACH2-HVCra","Ex_BCL6",0.662097676204884
"_AATCACGCAACGAGGT-3","Glut-DACH2-HVCx","Ex_Pre_KCNH7",0.648708888479406
"_AATCACGTCATCACCC-3","Glut-DACH2-HVCra","Ex_BCL6",0.786103460416528
"_AATCGACAGTGAGGCT-3","Glut-DACH2-HVCra-Pre","Ex_BCL6",0.519359750823206
"_AATCGTGCAATAACCC-3","Glut-DACH2-2","Ex_DACH2_NR4A3",0.437046814979484
"_AATCGTGCAGTAACGG-3","Glut-DACH2-2","Ex_DACH2_MGAT4C",0.602642788569653
"_AATCGTGGTACTCCCT-3","Glut-DACH2-2","Ex_DACH2_LHX2",0.518985937490862
"_AATGAAGCAAAGTGTA-3","Glut-DACH2-1","Ex_DACH2_MGAT4C",0.614153676377153
"_AATGAAGCAATACCCA-3","Glut-DACH2-HVCra-Pre","Ex_DACH2_LUZP2",0.282390959783773
"_AATGAAGTCAAACGTC-3","Glut-DACH2-1","Ex_DACH2_MGAT4C",0.513632454999254
"_AATGACCCAAGTGCTT-3","Glut-DACH2-HVCx","Ex_Pre_KCNH7",0.722820070511985
"_AATGACCCACCGTCGA-3","Glut-DACH2-3","Ex_DACH2_ZMAT4",0.566606916118845
"_AATGACCCACTATGTG-3","Glut-DACH2-HVCx","Ex_DACH2_ITGA9",0.500902969408218
"_AATGACCCAGAGCCCT-3","Glut-DACH2-2","Ex_DACH2_LHX2",0.413924170576492
"_AATGACCCATACCGTA-3","Glut-DACH2-HVCra-Pre","Ex_DACH2_MGAT4C",0.563481611981631
"_AATGACCCATCCAATG-3","Glut-DACH2-HVCx","Ex_BCL6",0.778330557668008
"_AATGACCTCTAGCAAC-3","Glut-DACH2-2","Ex_DACH2_LUZP2",0.380275316230809
"_AATGCCAAGCCTAACT-3","Glut-DACH2-HVCx","Ex_Pre_KCNH7",0.662927382505057
"_AATGCCACACCTCTAC-3","Glut-DACH2-HVCx","Ex_Pre_KCNH7",0.334044520499588
"_AATGCCATCGATACTG-3","Glut-DACH2-HVCx","Ex_Pre_KCNH7",0.468494170884497
"_AATGGAAGTTAGAAGT-3","Glut-DACH2-HVCra","Ex_BCL6",0.731525452300608
"_AATGGCTAGAATCCCT-3","Glut-DACH2-HVCra","Ex_BCL6",0.759391972369617
"_AATGGCTCAATGCAAA-3","Glut-DACH2-2","Ex_DACH2_LHX2",0.465338316653945
"_AATGGCTCATAAGCAA-3","Glut-DACH2-5","Ex_DACH2_ADAMTS5",0.709611482034579
"_AATTCCTAGAGTGAAG-3","Glut-DACH2-HVCra-Pre","Ex_DACH2_NR4A3",0.711002237523353
"_AATTCCTCAGCTGTCG-3","Glut-DACH2-HVCx","Ex_DACH2_ITGA9",0.597746650686422
"_AATTTCCCATCCTGTC-3","Glut-DACH2-HVCra-Pre","Ex_DACH2_LHX2",0.332242231389561
"_ACAAAGACAATCAGCT-3","Glut-DACH2-HVCra","Ex_BCL6",0.507816778607771
"_ACAAAGACATGTGGTT-3","Glut-DACH2-2","Ex_DACH2_GRIK4",0.43930036892296
"_ACAAAGAGTACGAGTG-3","Glut-DACH2-HVCra","Ex_BCL6",0.819164664034144
"_ACAAAGATCTATCGGA-3","Glut-DACH2-HVCra","Ex_BCL6",0.65818617115265
"_ACAACCAGTACGCTAT-3","Glut-DACH2-HVCra-Pre","Ex_DACH2_GRIK4",0.476043554691582
"_ACAACCATCTCATAGG-3","Glut-DACH2-2","Ex_DACH2_GRIK4",0.377323962812371
"_ACAAGCTCATGAGAAT-3","Glut-DACH2-HVCra-Pre","Ex_DACH2_GRIK4",0.600326971996046
"_ACAAGCTGTTGCGGCT-3","Glut-DACH2-1","Ex_DACH2_NR4A3",0.838606753498582
"_ACACAGTAGCATACTC-3","Glut-DACH2-HVCra-Pre","Ex_DACH2_GRIK4",0.215739309249825
"_ACACAGTCAAATGGAT-3","Glut-DACH2-3","Ex_DACH2_SLIT2",0.858537757119192
"_ACACAGTCAACCGCCA-3","Glut-DACH2-1","Ex_DACH2_NR4A3",0.408746570350173
"_ACACAGTGTACCTTCC-3","Glut-DACH2-HVCra","Ex_BCL6",0.44224598480331
"_ACACAGTGTTAAACCC-3","Glut-DACH2-HVCra-Pre","Ex_DACH2_MGAT4C",0.477553393179013
"_ACACCAAGTGCTGATT-3","Glut-DACH2-HVCra","Ex_BCL6",0.82259885622632
"_ACACCAATCCATCCGT-3","Glut-DACH2-HVCra-Pre","Ex_Pre_KCNH7",0.23508267930149
"_ACACGCGGTCTTCAAG-3","Glut-DACH2-HVCra","Ex_BCL6",0.705495379973988
"_ACACTGACACATGTTG-3","Glut-DACH2-3","Ex_DACH2_SLIT2",0.565860021913872
"_ACACTGATCCGTGTCT-3","Glut-DACH2-HVCra","Ex_BCL6",0.688244225569435
"_ACAGAAAAGGTCGAGT-3","Glut-DACH2-HVCra","Ex_BCL6",0.835373810664901
"_ACAGAAAGTACCGTCG-3","Glut-DACH2-HVCra-Pre","Ex_DACH2_MGAT4C",0.34280448321843
"_ACAGCCGCAACCAGAG-3","Glut-DACH2-HVCx","Ex_DACH2_ITGA9",0.497593460567417
"_ACAGCCGGTATCGATC-3","Glut-DACH2-HVCx","Ex_Pre_KCNH7",0.700178581699741
"_ACAGCCGTCAAGTCTG-3","Glut-DACH2-HVCra","Ex_BCL6",0.767377256792766
"_ACAGCCGTCTTACCAT-3","Glut-DACH2-HVCra-Pre","Ex_DACH2_LHX2",0.502076430812811
"_ACAGGGACAGACCAGA-3","Glut-DACH2-HVCra-Pre","Ex_DACH2_GRIK4",0.464163187271291
"_ACAGGGATCCTTACCG-3","Glut-DACH2-1","Ex_DACH2_MGAT4C",0.671357341082038
"_ACATCCCAGGCTAGCA-3","Glut-DACH2-HVCra","Ex_BCL6",0.459698521573973
"_ACATCCCCACAGACGA-3","Glut-DACH2-HVCx","Ex_Pre_KCNH7",0.669966980784163
"_ACATCCCCACCAGGTC-3","Glut-DACH2-2","Ex_DACH2_LHX2",0.346911115402261
"_ACATCCCGTGCAGTGA-3","Glut-DACH2-HVCra-Pre","Ex_DACH2_MGAT4C",0.671934502872146
"_ACATCGAAGCTCTTCC-3","Glut-DACH2-HVCra","Ex_BCL6",0.621065547786581
"_ACATCGACAACCGGAA-3","Glut-DACH2-HVCra-Pre","Ex_DACH2_LHX2",0.366868775403128
"_ACATCGAGTGCGAGTA-3","Glut-DACH2-HVCra","Ex_BCL6",0.856586236942637
"_ACATCGATCTCTCGAC-3","Glut-DACH2-HVCra","Ex_BCL6",0.602031004290933
"_ACATGCACACTGCGAC-3","Glut-DACH2-2","Ex_DACH2_LHX2",0.454603103223228
"_ACATGCACATTGCCTC-3","Glut-DACH2-HVCra-Pre","Ex_DACH2_GRIK4",0.470018976846117
"_ACATGCAGTAATCAAG-3","Glut-DACH2-HVCra","Ex_BCL6",0.600204067833667
"_ACATGCAGTGCCCACA-3","Glut-DACH2-HVCra-Pre","Ex_DACH2_NR4A3",0.828144517216548
"_ACATGCATCCCTATTA-3","Glut-DACH2-HVCra","Ex_BCL6",0.631328690735853
"_ACATGCATCCTATGGA-3","Glut-DACH2-HVCx","Ex_Pre_KCNH7",0.598806162735682
"_ACATTTCAGCATCTTG-3","Glut-DACH2-HVCx","Ex_Pre_KCNH7",0.667066540283488
"_ACATTTCCAAGAAACT-3","Glut-DACH2-2","Ex_DACH2_MGAT4C",0.469684354831505
"_ACCAAACCACTGTCGG-3","Glut-DACH2-HVCx","Ex_Pre_KCNH7",0.675926703573608
"_ACCAAACGTCAAGCGA-3","Glut-DACH2-HVCra","Ex_BCL6",0.725922112108126
"_ACCAAACTCTGGAGAG-3","Glut-DACH2-HVCra","Ex_BCL6",0.776486064997448
"_ACCAACAAGACCAAAT-3","Glut-DACH2-HVCx","Ex_Pre_KCNH7",0.508759386545989
"_ACCAACAAGTTGGAGC-3","Glut-DACH2-HVCra-Pre","Ex_DACH2_MGAT4C",0.328568421360348
"_ACCAACACAACCTAAC-3","Glut-DACH2-3","Ex_DACH2_SLIT2",0.797009634423569
"_ACCACAAAGCCTGGAA-3","Glut-DACH2-HVCra-Pre","Ex_DACH2_GRIK4",0.547728581868612
"_ACCACAACAATAACGA-3","Glut-DACH2-HVCx","Ex_BCL6",0.441765675611707
"_ACCACAAGTTCCTAAG-3","Glut-DACH2-HVCx","Ex_BCL6",0.42530470849981
"_ACCACAATCTAGAGCT-3","Glut-DACH2-HVCra","Ex_DACH2_MGAT4C",0.520898816164931
"_ACCATTTTCGTCGATA-3","Glut-DACH2-1","Ex_DACH2_GRIK4",0.686381807745477
"_ACCCAAACACACGCCA-3","Glut-DACH2-HVCx","Ex_Pre_KCNH7",0.452617758884947
"_ACCCTCAGTGGATCAG-3","Glut-DACH2-HVCx","Ex_BCL6",0.552754972632981
"_ACCCTTGGTAGAGATT-3","Glut-DACH2-2","Ex_DACH2_GRIK4",0.393922288640576
"_ACCCTTGGTAGCGTCC-3","Glut-DACH2-HVCra","Ex_BCL6",0.910367194721991
"_ACCCTTGGTAGGAGGG-3","Glut-DACH2-5","Ex_DACH2_LHX2",0.524455883855965
"_ACCGTTCAGAACGTGC-3","Glut-DACH2-HVCra","Ex_DACH2_GRIK4",0.703265304751013
"_ACCGTTCGTCGGAAAC-3","Glut-DACH2-HVCra","Ex_BCL6",0.906052621592074
"_ACCGTTCGTCGTGATT-3","Glut-DACH2-HVCra-Pre","Ex_DACH2_GRIK4",0.498207856295996
"_ACCGTTCGTGACATCT-3","Glut-DACH2-HVCx","Ex_BCL6",0.492038286999095
"_ACCGTTCGTGTGTCGC-3","Glut-DACH2-2","Ex_DACH2_NR4A3",0.309098647126455
"_ACCGTTCTCGCAACAT-3","Glut-DACH2-HVCra","Ex_BCL6",0.589751342750903
"_ACCTACCAGGTGGGTT-3","Glut-DACH2-HVCx","Ex_BCL6",0.880819300761476
"_ACCTACCTCTCCCATG-3","Glut-DACH2-HVCra","Ex_BCL6",0.755706378572952
"_ACCTGAAAGGGCATGT-3","Glut-DACH2-HVCra-Pre","Ex_DACH2_MGAT4C",0.563382114709402
"_ACCTGAACACAACGAG-3","Glut-DACH2-HVCra-Pre","Ex_DACH2_GRIK4",0.438601164203259
"_ACCTGAAGTATGGTTC-3","Glut-DACH2-HVCra-Pre","Ex_DACH2_GRIK4",0.566134213466603
"_ACCTGTCTCTTGGTGA-3","Glut-DACH2-HVCra-Pre","Ex_DACH2_MGAT4C",0.339413034347607
"_ACGATCAAGGTATCTC-3","Glut-DACH2-HVCra","Ex_DACH2_LHX2",0.408906726060322
"_ACGATCAAGTTCAACC-3","Glut-DACH2-HVCra","Ex_BCL6",0.717241782885999
"_ACGATCATCCCTCGAT-3","Glut-DACH2-HVCra","Ex_BCL6",0.843721595296058
"_ACGATGTAGAACGTGC-3","Glut-DACH2-HVCra","Ex_BCL6",0.544166071600557
"_ACGATGTAGGTTCACT-3","Glut-DACH2-HVCra-Pre","Ex_DACH2_MGAT4C",0.4383091846584
"_ACGGAAGCATGAATCC-3","Glut-DACH2-2","Ex_DACH2_LUZP2",0.334598402263985
"_ACGGGTCAGCCTGAGA-3","Glut-DACH2-HVCra","Ex_BCL6",0.733590513827804
"_ACGGGTCCAGATGCGA-3","Glut-DACH2-HVCx","Ex_DACH2_ITGA9",0.690314286878543
"_ACGGGTCCAGCGTATT-3","Glut-DACH2-HVCra-Pre","Ex_DACH2_LHX2",0.488779977091632
"_ACGGGTCCAGGCTCTG-3","Glut-DACH2-HVCra-Pre","Ex_DACH2_GRIK4",0.299006057301571
"_ACGGGTCTCTCGCGTT-3","Glut-DACH2-HVCra-Pre","Ex_DACH2_LHX2",0.584923921016629
"_ACGGTCGAGCAGCAGT-3","Glut-DACH2-2","Ex_DACH2_LHX2",0.447688452132475
"_ACGGTCGCAAGCGCAA-3","Glut-DACH2-HVCra-Pre","Ex_DACH2_MGAT4C",0.292486764362703
"_ACGGTCGGTAGCGTTT-3","Glut-DACH2-2","Ex_DACH2_MGAT4C",0.342066393958561
"_ACGGTCGGTCGACTTA-3","Glut-DACH2-HVCra-Pre","Ex_DACH2_GRIK4",0.443647175496341
"_ACGGTTAAGAAGTCCG-3","Glut-DACH2-HVCra-Pre","Ex_DACH2_ITGA9",0.632974277909356
"_ACGGTTAAGATACAGT-3","Glut-DACH2-HVCra-Pre","Ex_DACH2_GRIK4",0.428496655313466
"_ACGGTTAAGCTGCCAC-3","Glut-DACH2-HVCx","Ex_Pre_KCNH7",0.669231173005517
"_ACGGTTAAGTTCACTG-3","Glut-DACH2-HVCra","Ex_BCL6",0.647833367435377
"_ACGGTTACAGACCCGT-3","Glut-DACH2-HVCra","Ex_BCL6",0.717427089279436
"_ACGTAACCAACCTAAC-3","Glut-DACH2-7","Ex_DACH2_NR4A3",0.455021161504752
"_ACGTAACTCGAAGCCC-3","Glut-DACH2-HVCra-Pre","Ex_DACH2_GRIK4",0.595472753699386
"_ACGTACAAGGAGAGGC-3","Glut-DACH2-HVCra-Pre","Ex_DACH2_LHX2",0.433523775391149
"_ACGTACATCTCCAATT-3","Glut-DACH2-HVCx","Ex_Pre_KCNH7",0.393359286903897
"_ACGTAGTCAGTGACCC-3","Glut-DACH2-HVCra","Ex_BCL6",0.683369109505709
"_ACGTCCTTCACCTGGG-3","Glut-DACH2-HVCra","Ex_BCL6",0.794606074411241
"_ACGTTCCGTGGTCCGT-3","Glut-DACH2-HVCra","Ex_BCL6",0.528075427162093
"_ACGTTCCGTTACCTGA-3","Glut-DACH2-1","Ex_DACH2_NR4A3",0.951429176033145
"_ACTATCTGTTTCGTGA-3","Glut-DACH2-HVCra","Ex_BCL6",0.678034608565702
"_ACTATGGAGTAATACG-3","Glut-DACH2-HVCx","Ex_Pre_KCNH7",0.703144198137594
"_ACTATGGCACGCGGTT-3","Glut-DACH2-HVCra-Pre","Ex_DACH2_MGAT4C",0.577682741134744
"_ACTATGGGTGGTATGG-3","Glut-DACH2-2","Ex_DACH2_LHX2",0.547774143817711
"_ACTATTCAGACTGTTC-3","Glut-DACH2-HVCra","Ex_BCL6",0.462293470969818
"_ACTATTCAGGAGTACC-3","Glut-DACH2-HVCra","Ex_BCL6",0.67893973907846
"_ACTATTCCAAGGAGTC-3","Glut-DACH2-HVCx","Ex_Pre_KCNH7",0.628656123634062
"_ACTATTCCACAAGGTG-3","Glut-DACH2-2","Ex_DACH2_LUZP2",0.29938642837182
"_ACTATTCCATGTAACC-3","Glut-DACH2-2","Ex_DACH2_LUZP2",0.345896150493428
"_ACTATTCGTTGCAAGG-3","Glut-DACH2-HVCra","Ex_BCL6",0.355213138437353
"_ACTCCCAGTGATACAA-3","Glut-DACH2-HVCra-Pre","Ex_DACH2_GRIK4",0.683796578539307
"_ACTCCCATCCTACGGG-3","Glut-DACH2-HVCx","Ex_DACH2_ITGA9",0.416568448074392
"_ACTCTCGAGACTCATC-3","Glut-DACH2-HVCra-Pre","Ex_DACH2_NR4A3",0.387212704835719
"_ACTCTCGGTGGATCAG-3","Glut-DACH2-HVCra","Ex_BCL6",0.79993335900482
"_ACTGATGAGTCTACCA-3","Glut-DACH2-HVCra","Ex_BCL6",0.642713158567601
"_ACTGCAAGTGAGTTTC-3","Glut-DACH2-HVCra-Pre","Ex_DACH2_GRIK4",0.394378298864872
"_ACTGTCCAGTATAGAC-3","Glut-DACH2-HVCra-Pre","Ex_DACH2_GRIK4",0.591248798329419
"_ACTGTCCCACAGCGCT-3","Glut-DACH2-2","Ex_DACH2_LHX2",0.510156488584821
"_ACTGTCCGTTAAGCAA-3","Glut-DACH2-HVCra","Ex_BCL6",0.583762984893266
"_ACTGTGACACTCCCTA-3","Glut-DACH2-HVCra","Ex_BCL6",0.662731304513199
"_ACTGTGACATGATAGA-3","Glut-DACH2-2","Ex_DACH2_LHX2",0.635537988285795
"_ACTTAGGCACGCTGAC-3","Glut-DACH2-HVCra","Ex_BCL6",0.694160409078556
"_ACTTAGGTCTCGCAGG-3","Glut-DACH2-HVCx","Ex_BCL6",0.500181385160234
"_ACTTATCAGTCTAGCT-3","Glut-DACH2-HVCra","Ex_DACH2_GRIK4",0.322721621416595
"_ACTTATCTCACAAGGG-3","Glut-DACH2-HVCra","Ex_BCL6",0.693463766436774
"_ACTTCCGAGCCGTTAT-3","Glut-DACH2-HVCra","Ex_BCL6",0.855717035845507
"_ACTTCGCCAAATAAGC-3","Glut-DACH2-HVCra","Ex_BCL6",0.405335195541422
"_ACTTCGCTCATTCATC-3","Glut-DACH2-HVCra-Pre","Ex_DACH2_LHX2",0.386323260731687
"_ACTTTCAGTACAGAAT-3","Glut-DACH2-HVCra-Pre","Ex_DACH2_MGAT4C",0.518010780149622
"_ACTTTGTAGTAGTCAA-3","Glut-DACH2-2","Ex_DACH2_LHX2",0.513172883359251
"_ACTTTGTAGTGTACCT-3","Glut-DACH2-HVCra-Pre","Ex_DACH2_LHX2",0.464641314972238
"_ACTTTGTGTTGGCCGT-3","Glut-DACH2-HVCra-Pre","Ex_DACH2_GRIK4",0.280667737320846
"_AGAACAACAACTAGAA-3","Glut-DACH2-5","Ex_DACH2_ADAMTS5",0.856522905188857
"_AGAACAAGTATCCTTT-3","Glut-DACH2-HVCra-Pre","Ex_DACH2_LHX2",0.475838139418024
"_AGAACAAGTCGCAACC-3","Glut-DACH2-HVCra","Ex_BCL6",0.840471490612268
"_AGAACCTCAGTGGGTA-3","Glut-DACH2-HVCra-Pre","Ex_DACH2_GRIK4",0.584956980109287
"_AGAACCTTCTCGTTTA-3","Glut-DACH2-HVCra-Pre","Ex_DACH2_GRIK4",0.499720643726246
"_AGAAGCGAGCTTGTGT-3","Glut-DACH2-2","Ex_DACH2_LHX2",0.511671327877569
"_AGAAGCGCATTCGATG-3","Glut-DACH2-HVCra-Pre","Ex_DACH2_MGAT4C",0.410961742934105
"_AGAAGCGGTATGCGTT-3","Glut-DACH2-2","Ex_DACH2_MGAT4C",0.267581571496641
"_AGAAGCGGTGGTTTAC-3","Glut-DACH2-2","Ex_DACH2_LHX2",0.408221169539249
"_AGAAGCGTCACCTGTC-3","Glut-DACH2-HVCx","Ex_Pre_KCNH7",0.606857450983238
"_AGAAGCGTCCTCCACA-3","Glut-DACH2-HVCra-Pre","Ex_DACH2_LUZP2",0.393466578786878
"_AGAAGCGTCGCTCCTA-3","Glut-DACH2-HVCra-Pre","Ex_DACH2_GRIK4",0.437393782187273
"_AGAAGTAAGTCACAGG-3","Glut-DACH2-HVCra","Ex_BCL6",0.696217257159129
"_AGAAGTACATCTAACG-3","Glut-DACH2-HVCra","Ex_DACH2_GRIK4",0.369580866945815
"_AGAAGTACATTCAGCA-3","Glut-DACH2-HVCra-Pre","Ex_DACH2_LUZP2",0.434001179524208
"_AGAAGTAGTTTCCATT-3","Glut-DACH2-HVCra","Ex_BCL6",0.606184950267569
"_AGAAGTATCGTGACTA-3","Glut-DACH2-2","Ex_DACH2_MGAT4C",0.449262079124276
"_AGAAGTATCGTGGAAG-3","Glut-DACH2-HVCra-Pre","Ex_DACH2_LHX2",0.455111965979944
"_AGACAAAAGGTGCGAT-3","Glut-DACH2-HVCra","Ex_BCL6",0.624876850012063
"_AGACACTCACATTACG-3","Glut-DACH2-2","Ex_DACH2_LHX2",0.443503875283253
"_AGACACTTCGACGAGA-3","Glut-DACH2-HVCra","Ex_BCL6",0.860348375825227
"_AGACAGGAGAGGTATT-3","Glut-DACH2-HVCra","Ex_BCL6",0.738537671354798
"_AGACAGGAGCAGGCAT-3","Glut-DACH2-HVCra","Ex_BCL6",0.852551107642522
"_AGACAGGAGTTGCCCG-3","Glut-DACH2-HVCra","Ex_BCL6",0.829233699069835
"_AGACAGGCATGAAAGT-3","Glut-DACH2-HVCx","Ex_BCL6",0.707716765978483
"_AGACAGGTCACTGAAC-3","Glut-DACH2-HVCx","Ex_Pre_KCNH7",0.416520724675122
"_AGACCATAGCGGACAT-3","Glut-DACH2-HVCra-Pre","Ex_DACH2_LHX2",0.527653570201274
"_AGACCATAGCGTGTTT-3","Glut-DACH2-HVCra","Ex_BCL6",0.814494617617627
"_AGACCATCAGGTCAAG-3","Glut-DACH2-HVCra","Ex_BCL6",0.883292651946425
"_AGACCCGAGCGCCTCA-3","Glut-DACH2-2","Ex_DACH2_LHX2",0.357042098891043
"_AGACCCGAGGTGCTTT-3","Glut-DACH2-HVCra","Ex_DACH2_GRIK4",0.579083811747578
"_AGACCCGCAGGCTACC-3","Glut-DACH2-HVCra-Pre","Ex_DACH2_GRIK4",0.479525573831271
"_AGACCCGCATAAGCAA-3","Glut-DACH2-HVCra","Ex_DACH2_MGAT4C",0.325305559023949
"_AGACTCAAGTGACACG-3","Glut-DACH2-HVCra","Ex_BCL6",0.719203011368263
"_AGACTCATCAGTAGGG-3","Glut-DACH2-HVCra-Pre","Ex_DACH2_MGAT4C",0.452604002501266
"_AGACTCATCCACGTCT-3","Glut-DACH2-HVCra","Ex_BCL6",0.741753412721093
"_AGACTCATCGGCTGGT-3","Glut-DACH2-HVCra","Ex_BCL6",0.890493765476358
"_AGAGAATAGAGCAGCT-3","Glut-DACH2-5","Ex_DACH2_LHX2",0.496238273160694
"_AGAGAATCAAGTCCAT-3","Glut-DACH2-HVCra","Ex_BCL6",0.727482277915165
"_AGAGAGCAGAGTGAAG-3","Glut-DACH2-2","Ex_DACH2_GRIK4",0.39841364597603
"_AGAGCAGAGAGGCCAT-3","Glut-DACH2-1","Ex_DACH2_NR4A3",0.779747181765992
"_AGAGCAGAGTTCATCG-3","Glut-DACH2-1","Ex_DACH2_MGAT4C",0.328619784319303
"_AGAGCCCAGCTGGTGA-3","Glut-DACH2-HVCx","Ex_Pre_KCNH7",0.65237822618819
"_AGAGCCCGTTGCAACT-3","Glut-DACH2-HVCra-Pre","Ex_DACH2_ADAMTS5",0.194753662962712
"_AGATAGACAACATCGT-3","Glut-DACH2-HVCra-Pre","Ex_DACH2_GRIK4",0.438686024019371
"_AGATCGTAGTAGGATT-3","Glut-DACH2-2","Ex_DACH2_LHX2",0.485025649694089
"_AGATGAAAGTGAATAC-3","Glut-DACH2-HVCra-Pre","Ex_DACH2_MGAT4C",0.384336510741487
"_AGATGAACAGTAGGAC-3","Glut-DACH2-HVCra","Ex_BCL6",0.635311007927368
"_AGATGAATCGCAGTCG-3","Glut-DACH2-HVCra-Pre","Ex_BCL6",0.41163649329361
"_AGATGCTAGTGGACGT-3","Glut-DACH2-HVCra","Ex_BCL6",0.787107172075562
"_AGATGCTCATCAGCGC-3","Glut-DACH2-1","Ex_DACH2_GRIK4",0.877514666134183
"_AGATGCTTCAGCCTTC-3","Glut-DACH2-HVCra-Pre","Ex_DACH2_LHX2",0.487876060634379
"_AGATGCTTCGTAGTGT-3","Glut-DACH2-5","Ex_DACH2_MGAT4C",0.352454115533013
"_AGCATCAAGCCTGTCG-3","Glut-DACH2-HVCra","Ex_BCL6",0.795091617233844
"_AGCATCAGTCTCTCCA-3","Glut-DACH2-HVCra","Ex_DACH2_GRIK4",0.299654278195128
"_AGCATCATCCCAGTGG-3","Glut-DACH2-HVCra-Pre","Ex_DACH2_GRIK4",0.491199387620154
"_AGCCAATTCACCATAG-3","Glut-DACH2-2","Ex_DACH2_LHX2",0.434780388125739
"_AGCCAATTCTGTCAGA-3","Glut-DACH2-HVCra","Ex_BCL6",0.82176211265299
"_AGCCAATTCTTGGATG-3","Glut-DACH2-HVCx","Ex_Pre_KCNH7",0.508263668243889
"_AGCCACGTCTAGACCA-3","Glut-DACH2-1","Ex_DACH2_NR4A3",0.679713639053908
"_AGCCAGCAGCCATGCC-3","Glut-DACH2-HVCra-Pre","Ex_DACH2_LHX2",0.493626788773118
"_AGCCAGCCAATCTGCA-3","Glut-DACH2-4","Ex_DACH2_ITGA9",0.644474268601504
"_AGCCAGCGTATTCTCT-3","Glut-DACH2-HVCra-Pre","Ex_BCL6",0.367814687240294
"_AGCCAGCTCAGCGCGT-3","Glut-DACH2-5","Ex_DACH2_LHX2",0.471549136799724
"_AGCGATTAGAAGCTCG-3","Glut-DACH2-HVCra","Ex_BCL6",0.685205481172505
"_AGCGATTAGCTGACCC-3","Glut-DACH2-HVCra-Pre","Ex_DACH2_MGAT4C",0.419153367798563
"_AGCGATTCACGGTAGA-3","Glut-DACH2-HVCra-Pre","Ex_DACH2_GRIK4",0.446490950201876
"_AGCGATTCATGCGTGC-3","Glut-DACH2-HVCra-Pre","Ex_BCL6",0.516031869710165
"_AGCGATTGTTCAAACC-3","Glut-DACH2-HVCra","Ex_BCL6",0.94698774241881
"_AGCGCCAAGAATAGTC-3","Glut-DACH2-4","Ex_DACH2_ITGA9",0.324210404968044
"_AGCGCCAAGACATGCG-3","Glut-DACH2-HVCx","Ex_Pre_KCNH7",0.715060275015839
"_AGCGCCAGTGTCTCCT-3","Glut-DACH2-HVCra-Pre","Ex_DACH2_GRIK4",0.378465422067145
"_AGCGCCAGTTACGCCG-3","Glut-DACH2-HVCra-Pre","Ex_DACH2_GRIK4",0.360839302021616
"_AGCGCTGAGAATCGTA-3","Glut-DACH2-4","Ex_DACH2_ITGA9",0.283487688600382
"_AGCGTATCAAGGTTGG-3","Glut-DACH2-2","Ex_DACH2_GRIK4",0.543959955623254
"_AGCGTATCAATCGCCG-3","Glut-DACH2-HVCx","Ex_Pre_KCNH7",0.682570110302802
"_AGCGTATGTCCTGGGT-3","Glut-DACH2-HVCra-Pre","Ex_DACH2_NR4A3",0.258290466011661
"_AGCGTATGTTCCTAGA-3","Glut-DACH2-HVCx","Ex_Pre_KCNH7",0.644969124900791
"_AGCGTATTCGCGATCG-3","Glut-DACH2-HVCra-Pre","Ex_DACH2_GRIK4",0.672201317868046
"_AGCGTCGCAACCTAAC-3","Glut-DACH2-HVCx","Ex_Pre_KCNH7",0.39809538919093
"_AGCTTCCGTGATTCTG-3","Glut-DACH2-HVCra","Ex_BCL6",0.25031579451528
"_AGGAAATAGGGACCAT-3","Glut-DACH2-HVCra-Pre","Ex_DACH2_MGAT4C",0.326358403089944
"_AGGAAATGTAGAGACC-3","Glut-DACH2-2","Ex_DACH2_LHX2",0.611775378108406
"_AGGACGAGTCGAGCAA-3","Glut-DACH2-HVCra","Ex_DACH2_GRIK4",0.499552640062026
"_AGGACTTCAGCCTATA-3","Glut-DACH2-2","Ex_DACH2_GRIK4",0.448642535494628
"_AGGACTTTCATGGCCG-3","Glut-DACH2-4","Ex_DACH2_ITGA9",0.502405224498481
"_AGGAGGTAGTGGAATT-3","Glut-DACH2-2","Ex_DACH2_LHX2",0.443447604686741
"_AGGAGGTCAAGACGAC-3","Glut-DACH2-HVCra-Pre","Ex_DACH2_LHX2",0.307939654508527
"_AGGAGGTGTCGTTTCC-3","Glut-DACH2-HVCra-Pre","Ex_DACH2_LUZP2",0.502971630304192
"_AGGAGGTTCATGCATG-3","Glut-DACH2-HVCx","Ex_Pre_KCNH7",0.479183413329008
"_AGGATAAAGGAAAGAC-3","Glut-DACH2-2","Ex_DACH2_MGAT4C",0.50248152966388
"_AGGATAACAAGGCTTT-3","Glut-DACH2-HVCra","Ex_Pre_KCNH7",0.282854997652215
"_AGGATAAGTTGAGGAC-3","Glut-DACH2-2","Ex_DACH2_LHX2",0.453325459843754
"_AGGATAATCACCGGGT-3","Glut-DACH2-HVCra-Pre","Ex_BCL6",0.382764246197039
"_AGGATCTCAACCACGC-3","Glut-DACH2-HVCra-Pre","Ex_DACH2_NR4A3",0.447540346543241
"_AGGATCTTCGCAATGT-3","Glut-DACH2-HVCra","Ex_BCL6",0.877110311449695
"_AGGATCTTCGGATACT-3","Glut-DACH2-HVCra","Ex_BCL6",0.80874412110685
"_AGGCATTCATCGGCCA-3","Glut-DACH2-1","Ex_DACH2_GRIK4",0.38901887124288
"_AGGCATTGTGAGATCG-3","Glut-DACH2-HVCra-Pre","Ex_BCL6",0.466230444830539
"_AGGCATTTCCCGATCT-3","Glut-DACH2-HVCra-Pre","Ex_DACH2_LHX2",0.425800848302276
"_AGGCCACAGAGGGTGG-3","Glut-DACH2-HVCra","Ex_BCL6",0.526068122555333
"_AGGCCACAGGGTTTCT-3","Glut-DACH2-HVCra","Ex_BCL6",0.626705554335432
"_AGGCTGCAGGACTAAT-3","Glut-DACH2-HVCra-Pre","Ex_DACH2_MGAT4C",0.748169212384411
"_AGGCTGCCACAAAGTA-3","Glut-DACH2-HVCra-Pre","Ex_DACH2_LUZP2",0.336910261766026
"_AGGCTGCCATGTCAGT-3","Glut-DACH2-HVCra-Pre","Ex_DACH2_GRIK4",0.550750390159442
"_AGGCTGCGTTGTTGAC-3","Glut-DACH2-HVCra-Pre","Ex_DACH2_LHX2",0.447045262898111
"_AGGGAGTAGATGCGAC-3","Glut-DACH2-1","Ex_DACH2_MGAT4C",0.732331034284645
"_AGGGAGTAGTTTCTTC-3","Glut-DACH2-HVCra","Ex_BCL6",0.882693003616469
"_AGGGCCTAGTAATTGG-3","Glut-DACH2-4","Ex_DACH2_NR4A3",0.469492740715688
"_AGGGCCTCACCTGAAT-3","Glut-DACH2-HVCx","Ex_Pre_KCNH7",0.494825819812684
"_AGGGCCTTCGCGTAGC-3","Glut-DACH2-2","Ex_DACH2_LHX2",0.398789343565611
"_AGGGTCCGTACGAGTG-3","Glut-DACH2-4","Ex_DACH2_ITGA9",0.390697204349354
"_AGGGTGAAGAAGCTGC-3","Glut-DACH2-HVCra","Ex_BCL6",0.668824562918344
"_AGGGTGAAGAGCAGTC-3","Glut-DACH2-2","Ex_DACH2_LHX2",0.487047840571231
"_AGGGTGACACAAGCAG-3","Glut-DACH2-HVCra","Ex_BCL6",0.81194644471104
"_AGGGTTTAGCCAAGTG-3","Glut-DACH2-HVCra","Ex_BCL6",0.78629244015482
"_AGGGTTTGTGACTGTT-3","Glut-DACH2-HVCra","Ex_BCL6",0.576501771452141
"_AGGTAGGGTAAGTTAG-3","Glut-DACH2-2","Ex_DACH2_NR4A3",0.689153857557115
"_AGGTAGGGTACCCAGC-3","Glut-DACH2-HVCx","Ex_Pre_KCNH7",0.410677144326251
"_AGGTAGGGTAGATCGG-3","Glut-DACH2-HVCra-Pre","Ex_DACH2_MGAT4C",0.375844005804294
"_AGGTAGGGTATCCCTC-3","Glut-DACH2-HVCra","Ex_BCL6",0.701011992076708
"_AGGTAGGTCCTCCACA-3","Glut-DACH2-2","Ex_DACH2_LHX2",0.624484522737513
"_AGGTCATCACAGCATT-3","Glut-DACH2-HVCra-Pre","Ex_DACH2_MGAT4C",0.298444770352904
"_AGGTCATGTTGGTACT-3","Glut-DACH2-HVCra","Ex_BCL6",0.696346372215022
"_AGGTCTAAGAGTTCGG-3","Glut-DACH2-HVCra-Pre","Ex_DACH2_GRIK4",0.49567055980217
"_AGGTCTAGTCAAGTTC-3","Glut-DACH2-HVCra","Ex_BCL6",0.561446066225046
"_AGGTCTATCGGCTGTG-3","Glut-DACH2-2","Ex_DACH2_GRIK4",0.271978858716683
"_AGGTGTTAGGGTAGCT-3","Glut-DACH2-HVCra-Pre","Ex_DACH2_MGAT4C",0.256640230174064
"_AGGTGTTGTGTCTTAG-3","Glut-DACH2-HVCra","Ex_BCL6",0.759013775448861
"_AGGTGTTTCATTGCTT-3","Glut-DACH2-HVCra","Ex_BCL6",0.59069090282005
"_AGGTTACAGCTGTTCA-3","Glut-DACH2-HVCra-Pre","Ex_DACH2_GRIK4",0.479536271060184
"_AGGTTACGTTTGTTCT-3","Glut-DACH2-HVCra","Ex_BCL6",0.809882500611808
"_AGGTTACTCCTGGGTG-3","Glut-DACH2-HVCx","Ex_DACH2_ITGA9",0.412399126028293
"_AGGTTGTTCCTGTTAT-3","Glut-DACH2-HVCra-Pre","Ex_DACH2_MGAT4C",0.324644525385515
"_AGTAACCCATCCAACA-3","Glut-DACH2-HVCra-Pre","Ex_DACH2_MGAT4C",0.298555401518938
"_AGTACCACATACACCA-3","Glut-DACH2-HVCx","Ex_BCL6",0.770856343353611
"_AGTACCAGTCATAAAG-3","Glut-DACH2-HVCx","Ex_Pre_KCNH7",0.691909200567719
"_AGTACTGCAGGAATCG-3","Glut-DACH2-HVCra","Ex_BCL6",0.770424749098858
"_AGTACTGTCACGTCCT-3","Glut-DACH2-HVCra","Ex_BCL6",0.690624883727539
"_AGTAGCTCAACAGTGG-3","Glut-DACH2-2","Ex_DACH2_GRIK4",0.503938645650218
"_AGTAGCTCATTGAGCT-3","Glut-DACH2-HVCx","Ex_DACH2_ITGA9",0.567662188353704
"_AGTAGCTGTAATGTGA-3","Glut-DACH2-HVCra-Pre","Ex_DACH2_MGAT4C",0.651247759094028
"_AGTAGTCAGCTAATGA-3","Glut-DACH2-HVCx","Ex_Pre_KCNH7",0.559669483275838
"_AGTAGTCTCGGTATGT-3","Glut-DACH2-HVCra-Pre","Ex_DACH2_MGAT4C",0.359676481804823
"_AGTCAACAGTTCAACC-3","Glut-DACH2-2","Ex_DACH2_MGAT4C",0.400496799229785
"_AGTCAACGTCACTGAT-3","Glut-DACH2-HVCra-Pre","Ex_DACH2_GRIK4",0.451670140531206
"_AGTCAACGTCGAATTC-3","Glut-DACH2-HVCra","Ex_BCL6",0.615903408474014
"_AGTCAACGTGAACGGT-3","Glut-DACH2-HVCra-Pre","Ex_DACH2_LHX2",0.493202547995868
"_AGTCAACTCGGTGTAT-3","Glut-DACH2-HVCx","Ex_Pre_KCNH7",0.582395316807372
"_AGTCACAAGGTTACCT-3","Glut-DACH2-HVCra","Ex_BCL6",0.92711741962415
"_AGTCACACAAAGAACT-3","Glut-DACH2-HVCx","Ex_Pre_KCNH7",0.673093921952552
"_AGTCACAGTTCCAGGC-3","Glut-DACH2-HVCra-Pre","Ex_DACH2_LHX2",0.432558628574461
"_AGTCACATCACTAGCA-3","Glut-DACH2-HVCra","Ex_DACH2_ADAMTS5",0.367762300217017
"_AGTCTCCCAACACTAC-3","Glut-DACH2-HVCra","Ex_BCL6",0.733714191457998
"_AGTCTCCCAGCATCTA-3","Glut-DACH2-HVCra","Ex_BCL6",0.881389834326536
"_AGTCTCCGTGTCCGGT-3","Glut-DACH2-2","Ex_DACH2_LHX2",0.338086084151443
"_AGTCTCCTCAGAGTTC-3","Glut-DACH2-HVCra-Pre","Ex_DACH2_GRIK4",0.472391520763846
"_AGTCTCCTCCCTGTTG-3","Glut-DACH2-HVCx","Ex_DACH2_ADAMTS5",0.385082652089327
"_AGTGATCAGCCTCAAT-3","Glut-DACH2-HVCra","Ex_BCL6",0.766671021153295
"_AGTGATCAGGCCTAAG-3","Glut-DACH2-HVCra-Pre","Ex_BCL6",0.591103033733481
"_AGTGCCGAGAAGAGCA-3","Glut-DACH2-HVCra","Ex_DACH2_SLIT2",0.341079942620077
"_AGTGCCGGTAGATCGG-3","Glut-DACH2-HVCra","Ex_BCL6",0.604682862048308
"_AGTGTTGGTACCCGCA-3","Glut-DACH2-HVCra-Pre","Ex_DACH2_MGAT4C",0.582394309425585
"_AGTGTTGGTTAGGACG-3","Glut-DACH2-HVCra","Ex_DACH2_GRIK4",0.537085514016493
"_AGTTAGCAGATCCGAG-3","Glut-DACH2-HVCra-Pre","Ex_DACH2_GRIK4",0.456864178720576
"_AGTTAGCCATAGAGGC-3","Glut-DACH2-HVCx","Ex_BCL6",0.804411231362908
"_AGTTAGCGTGAGCGAT-3","Glut-DACH2-HVCra-Pre","Ex_DACH2_LHX2",0.34825977798647
"_AGTTAGCGTTGGGTTT-3","Glut-DACH2-HVCra-Pre","Ex_DACH2_LUZP2",0.271238314456949
"_AGTTAGCTCCATCAGA-3","Glut-DACH2-HVCra","Ex_BCL6",0.645355065931534
"_AGTTAGCTCCCATTTA-3","Glut-DACH2-HVCra-Pre","Ex_BCL6",0.341173698483996
"_AGTTCCCAGATGACAT-3","Glut-DACH2-HVCra","Ex_BCL6",0.607755451040555
"_AGTTCCCCAGGCACTC-3","Glut-DACH2-2","Ex_DACH2_LHX2",0.475086210630504
"_AGTTCCCCATGACACT-3","Glut-DACH2-HVCra-Pre","Ex_DACH2_MGAT4C",0.650059973401799
"_AGTTCCCGTCCTTAAG-3","Glut-DACH2-HVCra","Ex_BCL6",0.375457707388445
"_AGTTCGATCGACGCTG-3","Glut-DACH2-HVCra","Ex_BCL6",0.56261696570936
"_ATACCGACAAGAATGT-3","Glut-DACH2-HVCx","Ex_Pre_KCNH7",0.595691293114479
"_ATACCTTAGATCCCGC-3","Glut-DACH2-HVCra","Ex_BCL6",0.56928974737529
"_ATACCTTCAAGCCATT-3","Glut-DACH2-HVCra","Ex_BCL6",0.492122808437636
"_ATACTTCAGCAAATCA-3","Glut-DACH2-HVCx","Ex_DACH2_ITGA9",0.485644151329651
"_ATACTTCCAAATAGCA-3","Glut-DACH2-HVCra","Ex_BCL6",0.702150578315023
"_ATACTTCCAGCAATTC-3","Glut-DACH2-2","Ex_DACH2_MGAT4C",0.330595847657171
"_ATAGACCAGATGTTAG-3","Glut-DACH2-HVCra","Ex_BCL6",0.705893698295907
"_ATAGACCAGGCCCACT-3","Glut-DACH2-HVCx","Ex_Pre_KCNH7",0.572075139203353
"_ATAGACCCAGCTACAT-3","Glut-DACH2-HVCra","Ex_BCL6",0.380743709956689
"_ATAGACCCATTGAAGA-3","Glut-DACH2-HVCra-Pre","Ex_DACH2_ITGA9",0.466692968678577
"_ATAGGCTAGGCTCAAG-3","Glut-DACH2-HVCra","Ex_BCL6",0.784260098471917
"_ATAGGCTCAGGCTATT-3","Glut-DACH2-HVCra-Pre","Ex_DACH2_MGAT4C",0.354033519293268
"_ATATCCTAGGTTCACT-3","Glut-DACH2-HVCra","Ex_BCL6",0.712889672347969
"_ATATCCTCAGGCGATA-3","Glut-DACH2-HVCra-Pre","Ex_DACH2_MGAT4C",0.320208257828089
"_ATATCCTGTCTCGGAC-3","Glut-DACH2-HVCra-Pre","Ex_DACH2_MGAT4C",0.278016485324197
"_ATCACAGGTGCCTACG-3","Glut-DACH2-HVCra-Pre","Ex_DACH2_LUZP2",0.283356048759349
"_ATCACAGTCCTTTGAT-3","Glut-DACH2-2","Ex_DACH2_MGAT4C",0.472097840381257
"_ATCACGAAGGCTAAAT-3","Glut-DACH2-HVCra-Pre","Ex_DACH2_GRIK4",0.499916543019135
"_ATCACGAGTGAGCAGT-3","Glut-DACH2-HVCra","Ex_BCL6",0.718665831328188
"_ATCACGATCATCGCTC-3","Glut-DACH2-HVCra","Ex_BCL6",0.854753757504005
"_ATCACGATCGTCAGAT-3","Glut-DACH2-HVCra","Ex_BCL6",0.78241820369741
"_ATCACTTGTACGTGTT-3","Glut-DACH2-HVCra","Ex_BCL6",0.873194846158713
"_ATCACTTGTGGTCTTA-3","Glut-DACH2-2","Ex_DACH2_LHX2",0.54642459625656
"_ATCACTTTCACAGTGT-3","Glut-DACH2-2","Ex_DACH2_LHX2",0.258691515207086
"_ATCACTTTCACGGGCT-3","Glut-DACH2-HVCra","Ex_BCL6",0.613254298876439
"_ATCAGGTGTCTAACGT-3","Glut-DACH2-HVCra","Ex_BCL6",0.56481458188493
"_ATCAGGTTCAGACCGC-3","Glut-DACH2-HVCra-Pre","Ex_DACH2_GRIK4",0.269693337832677
"_ATCATTCAGTGATTCC-3","Glut-DACH2-HVCx","Ex_Pre_KCNH7",0.735183939064542
"_ATCATTCCAGGAAGTC-3","Glut-DACH2-HVCra-Pre","Ex_DACH2_GRIK4",0.324399874883963
"_ATCATTCCATAGGAGC-3","Glut-DACH2-HVCx","Ex_BCL6",0.662555193670119
"_ATCATTCGTCGCTTGG-3","Glut-DACH2-2","Ex_DACH2_GRIK4",0.435129024348366
"_ATCCACCAGAGCTTTC-3","Glut-DACH2-HVCra-Pre","Ex_DACH2_GRIK4",0.403180070938652
"_ATCCACCAGAGTCACG-3","Glut-DACH2-2","Ex_DACH2_GRIK4",0.473635234127563
"_ATCCACCAGTAAGAGG-3","Glut-DACH2-HVCra","Ex_BCL6",0.836193753087755
"_ATCCACCGTTTGCCGG-3","Glut-DACH2-HVCra","Ex_DACH2_LHX2",0.370549289766614
"_ATCCATTAGGACAACC-3","Glut-DACH2-1","Ex_DACH2_NR4A3",0.659689233753186
"_ATCCATTAGGTCATTC-3","Glut-DACH2-HVCra","Ex_BCL6",0.748697026921659
"_ATCCATTAGTCATACC-3","Glut-DACH2-HVCra-Pre","Ex_DACH2_GRIK4",0.540186381014414
"_ATCCATTCAACCGCCA-3","Glut-DACH2-2","Ex_DACH2_GRIK4",0.443470846319531
"_ATCCATTCAGATCCAT-3","Glut-DACH2-4","Ex_DACH2_MGAT4C",0.263598748579878
"_ATCCCTGCACATATGC-3","Glut-DACH2-HVCra-Pre","Ex_DACH2_MGAT4C",0.623772396101733
"_ATCCCTGCATGCCGGT-3","Glut-DACH2-HVCra-Pre","Ex_DACH2_MGAT4C",0.518207010303937
"_ATCCCTGTCACACCCT-3","Glut-DACH2-2","Ex_DACH2_MGAT4C",0.591332085247048
"_ATCCGTCAGCGACTAG-3","Glut-DACH2-HVCra-Pre","Ex_DACH2_GRIK4",0.460370417433258
"_ATCCGTCGTAAGAACT-3","Glut-DACH2-2","Ex_DACH2_NR4A3",0.512931148753026
"_ATCCGTCGTCACATTG-3","Glut-DACH2-HVCra","Ex_BCL6",0.633904991964731
"_ATCCTATCACCGCTGA-3","Glut-DACH2-HVCra","Ex_BCL6",0.731668182756926
"_ATCGATGGTCAAGGCA-3","Glut-DACH2-2","Ex_DACH2_LUZP2",0.523548772285278
"_ATCGCCTAGATGACAT-3","Glut-DACH2-HVCra","Ex_BCL6",0.77487962727505
"_ATCGCCTAGCGGCTCT-3","Glut-DACH2-HVCra","Ex_BCL6",0.712468266011085
"_ATCGCCTCACTGCACG-3","Glut-DACH2-2","Ex_DACH2_NR4A3",0.446104850085439
"_ATCGCCTGTCATCGCG-3","Glut-DACH2-2","Ex_DACH2_LHX2",0.493719802399848
"_ATCGGATCAAGAGTGC-3","Glut-DACH2-2","Ex_DACH2_GRIK4",0.588783075760439
"_ATCGGATCACACCAGC-3","Glut-DACH2-2","Ex_DACH2_MGAT4C",0.539911052248383
"_ATCGGCGCATCTGCGG-3","Glut-DACH2-HVCra","Ex_BCL6",0.475713861222484
"_ATCGGCGGTCGACGCT-3","Glut-DACH2-1","Ex_DACH2_GRIK4",0.830183432561331
"_ATCGTAGAGCGTTCCG-3","Glut-DACH2-HVCra-Pre","Ex_DACH2_GRIK4",0.508311609330291
"_ATCGTAGAGTTGAATG-3","Glut-DACH2-HVCra-Pre","Ex_DACH2_MGAT4C",0.336495240282401
"_ATCGTAGGTACTGTTG-3","Glut-DACH2-HVCra-Pre","Ex_DACH2_NR4A3",0.394270312072887
"_ATCGTAGGTTACACAC-3","Glut-DACH2-HVCra-Pre","Ex_DACH2_MGAT4C",0.492222661464498
"_ATCGTAGTCCCGTGAG-3","Glut-DACH2-HVCra-Pre","Ex_DACH2_ITGA9",0.373747870957349
"_ATCGTCCCAGGGACTA-3","Glut-DACH2-2","Ex_DACH2_LHX2",0.46434199337907
"_ATCGTCCTCCGTCCTA-3","Glut-DACH2-2","Ex_DACH2_LUZP2",0.367387469289951
"_ATCGTGACAAGTTCGT-3","Glut-DACH2-HVCra-Pre","Ex_DACH2_MGAT4C",0.547004367488672
"_ATCTCTATCCCAATAG-3","Glut-DACH2-2","Ex_DACH2_MGAT4C",0.482863642587951
"_ATCTTCAAGACATACA-3","Glut-DACH2-2","Ex_DACH2_LHX2",0.717903998487324
"_ATCTTCAGTGAACGGT-3","Glut-DACH2-HVCx","Ex_Pre_KCNH7",0.510848971786647
"_ATCTTCAGTTCGAGCC-3","Glut-DACH2-1","Ex_DACH2_NR4A3",0.754582661257827
"_ATGAAAGCACCCTGTT-3","Glut-DACH2-HVCra","Ex_BCL6",0.863382359720638
"_ATGAAAGGTTGATCGT-3","Glut-DACH2-1","Ex_DACH2_NR4A3",0.837578575586545
"_ATGACCATCTTGGTCC-3","Glut-DACH2-HVCra","Ex_DACH2_GRIK4",0.584402690400716
"_ATGAGGGAGACGCATG-3","Glut-DACH2-HVCra","Ex_BCL6",0.486027502394176
"_ATGAGGGAGGTCTACT-3","Glut-DACH2-2","Ex_DACH2_LHX2",0.55744383024469
"_ATGAGGGCAAGAAACT-3","Glut-DACH2-HVCx","Ex_DACH2_ITGA9",0.586283305229059
"_ATGAGGGCAGGTGACA-3","Glut-DACH2-HVCra-Pre","Ex_DACH2_GRIK4",0.408204788417926
"_ATGAGTCAGACGGATC-3","Glut-DACH2-HVCra","Ex_BCL6",0.534292999148454
"_ATGAGTCGTGACGTCC-3","Glut-DACH2-HVCra","Ex_BCL6",0.5596995655114
"_ATGATCGGTCCTGTCT-3","Glut-DACH2-2","Ex_DACH2_LHX2",0.645457721063759
"_ATGATCGTCGACTCCT-3","Glut-DACH2-HVCra-Pre","Ex_DACH2_MGAT4C",0.447687790824721
"_ATGCATGCAGAACTAA-3","Glut-DACH2-1","Ex_DACH2_NR4A3",0.471724419370104
"_ATGCATGTCTCAGGCG-3","Glut-DACH2-HVCra","Ex_DACH2_GRIK4",0.392853203275937
"_ATGCGATAGAGCACTG-3","Glut-DACH2-HVCra","Ex_BCL6",0.682667252966081
"_ATGCGATGTACTGCGC-3","Glut-DACH2-HVCra-Pre","Ex_DACH2_LUZP2",0.394747746527029
"_ATGCGATTCATTTGGG-3","Glut-DACH2-HVCra","Ex_BCL6",0.678640128897472
"_ATGGAGGAGGTTAGTA-3","Glut-DACH2-2","Ex_DACH2_LHX2",0.532516098434447
"_ATGGAGGGTTACACAC-3","Glut-DACH2-HVCra-Pre","Ex_DACH2_GRIK4",0.335267949770137
"_ATGGAGGTCACGATCA-3","Glut-DACH2-2","Ex_DACH2_SLIT2",0.351941605485142
"_ATGGATCAGCTGGCCT-3","Glut-DACH2-2","Ex_DACH2_LHX2",0.489787658319606
"_ATGGATCCACGCTGCA-3","Glut-DACH2-HVCra-Pre","Ex_DACH2_MGAT4C",0.348010906310245
"_ATGGATCTCGCTTTAT-3","Glut-DACH2-HVCra","Ex_BCL6",0.544838355829998
"_ATGGGAGAGAGACAAG-3","Glut-DACH2-HVCra-Pre","Ex_DACH2_GRIK4",0.480622048976943
"_ATGGGAGAGGTATCTC-3","Glut-DACH2-HVCra-Pre","Ex_DACH2_GRIK4",0.458756733159452
"_ATGGGAGCAAGATCCT-3","Glut-DACH2-HVCra","Ex_BCL6",0.616576224718293
"_ATGGGAGTCTTTGCAT-3","Glut-DACH2-HVCra-Pre","Ex_Pre_KCNH7",0.183211537286054
"_ATGGGTTAGTCATGGG-3","Glut-DACH2-2","Ex_DACH2_GRIK4",0.551677867027682
"_ATGGGTTAGTGCAACG-3","Glut-DACH2-HVCra-Pre","Ex_DACH2_SLIT2",0.398175614336326
"_ATGGGTTCAGTCAACT-3","Glut-DACH2-2","Ex_DACH2_ADAMTS5",0.546878923186451
"_ATGGTTGAGGCCTGAA-3","Glut-DACH2-2","Ex_DACH2_LHX2",0.488164141809011
"_ATGGTTGAGGTATAGT-3","Glut-DACH2-HVCra","Ex_BCL6",0.818790118345115
"_ATGTCTTCAACCACGC-3","Glut-DACH2-HVCra-Pre","Ex_DACH2_MGAT4C",0.588135457033966
"_ATGTCTTCACAGTCAT-3","Glut-DACH2-HVCra","Ex_BCL6",0.514785920198969
"_ATGTCTTCACGCTATA-3","Glut-DACH2-HVCra","Ex_BCL6",0.733753248111658
"_ATGTCTTGTTCCGCTT-3","Glut-DACH2-HVCra","Ex_BCL6",0.620082192733122
"_ATTACCTTCCTCTGCA-3","Glut-DACH2-HVCx","Ex_DACH2_ZMAT4",0.369392221174329
"_ATTACTCAGTGCTAGG-3","Glut-DACH2-HVCra-Pre","Ex_DACH2_LHX2",0.609694232969217
"_ATTACTCCAGAGGTTG-3","Glut-DACH2-HVCra-Pre","Ex_DACH2_GRIK4",0.343429458280438
"_ATTACTCTCCAATCTT-3","Glut-DACH2-HVCra","Ex_DACH2_GRIK4",0.434025933729729
"_ATTATCCAGAGGCTGT-3","Glut-DACH2-HVCra","Ex_BCL6",0.625857009434872
"_ATTATCCCAGGATCTT-3","Glut-DACH2-HVCra-Pre","Ex_DACH2_MGAT4C",0.322765483156584
"_ATTATCCGTTGGCCGT-3","Glut-DACH2-2","Ex_DACH2_MGAT4C",0.313536956138817
"_ATTATCCTCTACCTTA-3","Glut-DACH2-HVCra","Ex_DACH2_GRIK4",0.276028122777575
"_ATTCACTAGTCGTTAC-3","Glut-DACH2-HVCx","Ex_Pre_KCNH7",0.71351350268773
"_ATTCACTCAACATCGT-3","Glut-DACH2-HVCra","Ex_BCL6",0.746978763505859
"_ATTCACTCAGATTAAG-3","Glut-DACH2-2","Ex_DACH2_LHX2",0.424916866352513
"_ATTCACTGTATCGTGT-3","Glut-DACH2-HVCra","Ex_BCL6",0.759679810553315
"_ATTCACTGTTCCTTGC-3","Glut-DACH2-2","Ex_DACH2_LUZP2",0.314558452122576
"_ATTCAGGTCCATACTT-3","Glut-DACH2-HVCra-Pre","Ex_DACH2_NR4A3",0.223391685554962
"_ATTCAGGTCTCACGAA-3","Glut-DACH2-2","Ex_DACH2_LHX2",0.456035844071904
"_ATTCATCGTGGTCTTA-3","Glut-DACH2-4","Ex_DACH2_ITGA9",0.44637503370092
"_ATTCCATAGTAACGAT-3","Glut-DACH2-HVCra-Pre","Ex_DACH2_LUZP2",0.389442387539385
"_ATTCCATAGTAATACG-3","Glut-DACH2-HVCra-Pre","Ex_DACH2_LHX2",0.352301012659528
"_ATTCCATAGTGCAGGT-3","Glut-DACH2-HVCra","Ex_BCL6",0.752677739077183
"_ATTCCATGTATTCCTT-3","Glut-DACH2-HVCra-Pre","Ex_DACH2_MGAT4C",0.335660138973342
"_ATTCCATTCATCGGGC-3","Glut-DACH2-HVCx","Ex_Pre_KCNH7",0.404960170137211
"_ATTCCATTCTAGACCA-3","Glut-DACH2-HVCra-Pre","Ex_DACH2_MGAT4C",0.314703416893322
"_ATTCCCGGTCGTATTG-3","Glut-DACH2-HVCx","Ex_Pre_KCNH7",0.381086382615903
"_ATTCCTAAGACTAAGT-3","Glut-DACH2-HVCra","Ex_DACH2_MGAT4C",0.367051189400391
"_ATTCCTATCTTGGGCG-3","Glut-DACH2-HVCra","Ex_BCL6",0.675751713282768
"_ATTCGTTGTCTAGTGT-3","Glut-DACH2-1","Ex_DACH2_MGAT4C",0.362867313601554
"_ATTCTACAGCACCTGC-3","Glut-DACH2-HVCra-Pre","Ex_DACH2_MGAT4C",0.649215224125745
"_ATTCTACGTGCTTATG-3","Glut-DACH2-HVCra-Pre","Ex_DACH2_LUZP2",0.409567218056365
"_ATTCTACTCCAGTGCG-3","Glut-DACH2-HVCra","Ex_BCL6",0.524504244033131
"_ATTCTTGGTGGCCACT-3","Glut-DACH2-2","Ex_DACH2_MGAT4C",0.429723973223347
"_ATTCTTGGTTCGGACC-3","Glut-DACH2-4","Ex_DACH2_ITGA9",0.480181937647055
"_ATTCTTGGTTCGGCCA-3","Glut-DACH2-HVCra","Ex_BCL6",0.695588512625959
"_ATTCTTGGTTGGCCTG-3","Glut-DACH2-HVCx","Ex_Pre_KCNH7",0.651091281923208
"_ATTCTTGTCGCTGATA-3","Glut-DACH2-HVCra","Ex_BCL6",0.755174323323885
"_ATTGGGTGTAGGATAT-3","Glut-DACH2-4","Ex_DACH2_NR4A3",0.533930298341129
"_ATTGGGTGTTGGTGTT-3","Glut-DACH2-2","Ex_DACH2_LHX2",0.443279174946596
"_ATTGTTCAGCATCAAA-3","Glut-DACH2-HVCx","Ex_BCL6",0.366522289265524
"_ATTGTTCAGCCTTTCC-3","Glut-DACH2-HVCra-Pre","Ex_DACH2_GRIK4",0.332596266084796
"_ATTGTTCGTACAGGTG-3","Glut-DACH2-2","Ex_DACH2_GRIK4",0.453542404994633
"_ATTGTTCTCGCAGTGC-3","Glut-DACH2-HVCra-Pre","Ex_DACH2_GRIK4",0.411290711038891
"_ATTTACCAGGAGTCTG-3","Glut-DACH2-HVCx","Ex_Pre_KCNH7",0.552205943188237
"_ATTTCACAGCTCGTGC-3","Glut-DACH2-HVCx","Ex_DACH2_ITGA9",0.32480754329737
"_ATTTCTGAGCCGGAAT-3","Glut-DACH2-HVCra-Pre","Ex_BCL6",0.315665334668333
"_ATTTCTGAGGATGGCT-3","Glut-DACH2-HVCra-Pre","Ex_DACH2_NR4A3",0.658709403708404
"_ATTTCTGGTACCGGAA-3","Glut-DACH2-1","Ex_DACH2_GRIK4",0.736069771726956
"_ATTTCTGTCGCTTACC-3","Glut-DACH2-HVCra","Ex_BCL6",0.430033131313498
"_CAAAGAACAATTGCTG-3","Glut-DACH2-HVCra","Ex_BCL6",0.604903180336646
"_CAAAGAACATCCGTTC-3","Glut-DACH2-HVCra","Ex_BCL6",0.608132305517864
"_CAAAGAACATCTCAAG-3","Glut-DACH2-HVCra-Pre","Ex_DACH2_LHX2",0.464418684387026
"_CAACAACCACCGTCTT-3","Glut-DACH2-4","Ex_DACH2_ITGA9",0.422817638537592
"_CAACAACGTACGGCAA-3","Glut-DACH2-HVCx","Ex_Pre_KCNH7",0.380005435607197
"_CAACAGTCAGGGACTA-3","Glut-DACH2-2","Ex_DACH2_LHX2",0.590255006795747
"_CAACCAAAGACCACGA-3","Glut-DACH2-HVCra-Pre","Ex_DACH2_GRIK4",0.463112322112827
"_CAACCAAGTGGGTCAA-3","Glut-DACH2-2","Ex_DACH2_GRIK4",0.408232120115807
"_CAACCAATCCACCTGT-3","Glut-DACH2-2","Ex_DACH2_MGAT4C",0.478548003168404
"_CAACCTCCAAGTCCAT-3","Glut-DACH2-HVCra-Pre","Ex_DACH2_LUZP2",0.491144852251095
"_CAACCTCCAATACCCA-3","Glut-DACH2-HVCra-Pre","Ex_DACH2_GRIK4",0.321180517034634
"_CAACGGCAGGCGTCCT-3","Glut-DACH2-HVCx","Ex_Pre_KCNH7",0.502722253717881
"_CAACGGCCACTACCGG-3","Glut-DACH2-HVCra-Pre","Ex_DACH2_LHX2",0.456554617138287
"_CAAGAGGAGAGTGTTA-3","Glut-DACH2-HVCx","Ex_Pre_KCNH7",0.585039886583074
"_CAAGAGGAGGGTGGGA-3","Glut-DACH2-HVCra","Ex_BCL6",0.717149476293882
"_CAAGAGGCACCCTTAC-3","Glut-DACH2-HVCra-Pre","Ex_DACH2_LHX2",0.639642388352444
"_CAAGAGGCAGGTTTAC-3","Glut-DACH2-HVCra","Ex_BCL6",0.59092118967681
"_CAAGAGGCATTATGCG-3","Glut-DACH2-2","Ex_DACH2_MGAT4C",0.507220742860843
"_CAAGCTACAAACGGCA-3","Glut-DACH2-2","Ex_DACH2_LHX2",0.533008392948188
"_CAAGCTACAATCAGCT-3","Glut-DACH2-1","Ex_DACH2_MGAT4C",0.783916931569583
"_CAAGCTAGTATACCCA-3","Glut-DACH2-2","Ex_DACH2_MGAT4C",0.730553340912375
"_CAAGGGACACTTCAAG-3","Glut-DACH2-HVCra-Pre","Ex_DACH2_MGAT4C",0.431693679111343
"_CAATACGGTTGCATCA-3","Glut-DACH2-HVCra-Pre","Ex_DACH2_MGAT4C",0.289282959587552
"_CAATACGTCCTAGCGG-3","Glut-DACH2-4","Ex_DACH2_ITGA9",0.570087450532619
"_CAATCGAAGAAGTCCG-3","Glut-DACH2-HVCra","Ex_BCL6",0.79088712278213
"_CAATCGACACATAACC-3","Glut-DACH2-HVCra-Pre","Ex_DACH2_LUZP2",0.317459768022265
"_CAATCGATCAGCACCG-3","Glut-DACH2-HVCra-Pre","Ex_DACH2_GRIK4",0.450256634130822
"_CAATGACCACGCAGTC-3","Glut-DACH2-HVCx","Ex_Pre_KCNH7",0.593820953239329
"_CAATTTCGTAGCACAG-3","Glut-DACH2-HVCra-Pre","Ex_DACH2_GRIK4",0.415923636171642
"_CAATTTCGTTCTCACC-3","Glut-DACH2-HVCx","Ex_Pre_KCNH7",0.631989662240291
"_CAATTTCTCTGGAGAG-3","Glut-DACH2-HVCra-Pre","Ex_DACH2_MGAT4C",0.671892110393665
"_CACAACAAGGTGCCAA-3","Glut-DACH2-1","Ex_DACH2_NR4A3",0.475150492705616
"_CACAACATCTAAGGAA-3","Glut-DACH2-HVCra-Pre","Ex_DACH2_MGAT4C",0.318714386959327
"_CACACAAAGGAGGTTC-3","Glut-DACH2-2","Ex_DACH2_LUZP2",0.30830814815967
"_CACACAACAATCCTTT-3","Glut-DACH2-2","Ex_DACH2_MGAT4C",0.382789618890506
"_CACACAAGTATGGGAC-3","Glut-DACH2-HVCx","Ex_Pre_KCNH7",0.325010709704765
"_CACACAATCCATTTGT-3","Glut-DACH2-4","Ex_DACH2_ITGA9",0.776818934943792
"_CACAGATCACGACAAG-3","Glut-DACH2-HVCra","Ex_BCL6",0.512642797711699
"_CACAGGCAGTATTAGG-3","Glut-DACH2-HVCra-Pre","Ex_DACH2_GRIK4",0.489917437682148
"_CACATGAAGCTCCCTT-3","Glut-DACH2-HVCra","Ex_BCL6",0.691984338977447
"_CACATGAAGGTCATCT-3","Glut-DACH2-HVCra-Pre","Ex_DACH2_MGAT4C",0.35228935868992
"_CACATGAAGGTGCGAT-3","Glut-DACH2-HVCra-Pre","Ex_DACH2_MGAT4C",0.55618942522511
"_CACCAAAAGCAGTAAT-3","Glut-DACH2-2","Ex_DACH2_LHX2",0.368557176275114
"_CACCAAACACTGATTG-3","Glut-DACH2-2","Ex_DACH2_GRIK4",0.321073498634377
"_CACGAATAGCTAATGA-3","Glut-DACH2-3","Ex_DACH2_ZMAT4",0.455813473988258
"_CACGAATGTCGCCACA-3","Glut-DACH2-HVCx","Ex_DACH2_ITGA9",0.382563191508823
"_CACGAATGTCTCAAGT-3","Glut-DACH2-HVCra","Ex_BCL6",0.655716735684075
"_CACGAATTCAAGGAGC-3","Glut-DACH2-2","Ex_DACH2_MGAT4C",0.254924977856189
"_CACGAATTCACGATAC-3","Glut-DACH2-2","Ex_DACH2_GRIK4",0.445343967362375
"_CACGAATTCCACGTGG-3","Glut-DACH2-HVCra","Ex_BCL6",0.784879851935522
"_CACGGGTAGACTGTTC-3","Glut-DACH2-HVCx","Ex_Pre_KCNH7",0.371870760821315
"_CACGTGGGTATGCGGA-3","Glut-DACH2-HVCra-Pre","Ex_DACH2_LHX2",0.513306710801658
"_CACGTTCTCCCAGTGG-3","Glut-DACH2-HVCra","Ex_BCL6",0.525001149059026
"_CACTAAGAGATAACGT-3","Glut-DACH2-HVCra","Ex_BCL6",0.849598140221282
"_CACTAAGCACCAACAT-3","Glut-DACH2-HVCra-Pre","Ex_DACH2_GRIK4",0.380048408186441
"_CACTAAGGTAGAATAC-3","Glut-DACH2-HVCra","Ex_BCL6",0.563969122762851
"_CACTAAGTCACGAGGA-3","Glut-DACH2-HVCx","Ex_DACH2_ITGA9",0.410661577456833
"_CACTAAGTCGGTAGGA-3","Glut-DACH2-HVCra-Pre","Ex_DACH2_GRIK4",0.39825225216853
"_CACTGAAAGTAGGTTA-3","Glut-DACH2-4","Ex_DACH2_ITGA9",0.670813417760929
"_CACTGAACAATCACGT-3","Glut-DACH2-HVCra-Pre","Ex_DACH2_LUZP2",0.353508632471648
"_CACTGGGGTATGGAGC-3","Glut-DACH2-4","Ex_DACH2_ITGA9",0.72128974802236
"_CACTGGGGTCTATGAC-3","Glut-DACH2-HVCra","Ex_BCL6",0.532766181946194
"_CACTGGGTCCAAAGGG-3","Glut-DACH2-2","Ex_DACH2_LHX2",0.580892143332633
"_CACTGGGTCGAATGCT-3","Glut-DACH2-HVCra","Ex_BCL6",0.593697850082393
"_CACTGTCCAGCAGACA-3","Glut-DACH2-HVCra","Ex_BCL6",0.550709104531728
"_CACTGTCTCTTACCGC-3","Glut-DACH2-HVCra-Pre","Ex_DACH2_LHX2",0.375320027604193
"_CAGAGCCCAGATGCGA-3","Glut-DACH2-HVCra","Ex_BCL6",0.707281668868335
"_CAGAGCCTCCCGTGAG-3","Glut-DACH2-HVCra","Ex_DACH2_MGAT4C",0.571482307342116
"_CAGAGCCTCTTGGTCC-3","Glut-DACH2-HVCra","Ex_BCL6",0.690716280216542
"_CAGATACGTCTCAAGT-3","Glut-DACH2-HVCra","Ex_BCL6",0.880245331308664
"_CAGATACGTGTTGAGG-3","Glut-DACH2-HVCx","Ex_Pre_KCNH7",0.286722950073808
"_CAGATACTCTTCCCGA-3","Glut-DACH2-HVCra","Ex_BCL6",0.703709933052661
"_CAGATCAAGCACAAAT-3","Glut-DACH2-HVCra","Ex_BCL6",0.542649835905936
"_CAGATCAGTCTCAGGC-3","Glut-DACH2-2","Ex_DACH2_LHX2",0.369491449782914
"_CAGATTGAGACTCAAA-3","Glut-DACH2-2","Ex_DACH2_LHX2",0.472117775965931
"_CAGATTGAGCATAGGC-3","Glut-DACH2-HVCx","Ex_Pre_KCNH7",0.679778956382883
"_CAGATTGAGCCGATTT-3","Glut-DACH2-HVCra","Ex_BCL6",0.83618488943503
"_CAGATTGAGTAAGCAT-3","Glut-DACH2-HVCra","Ex_BCL6",0.712187348948369
"_CAGCAATGTACCCGAC-3","Glut-DACH2-HVCra-Pre","Ex_DACH2_LHX2",0.301303235657388
"_CAGCAATTCCTATTTG-3","Glut-DACH2-HVCra","Ex_BCL6",0.646130410021811
"_CAGCACGAGCCGATTT-3","Glut-DACH2-HVCx","Ex_Pre_KCNH7",0.621560333068079
"_CAGCACGAGGAATCGC-3","Glut-DACH2-HVCra-Pre","Ex_DACH2_GRIK4",0.460737495940605
"_CAGCACGCACCCAAGC-3","Glut-DACH2-HVCra-Pre","Ex_DACH2_GRIK4",0.373072522512239
"_CAGCACGCAGTTACCA-3","Glut-DACH2-HVCra","Ex_BCL6",0.749196515938585
"_CAGCACGTCCATACTT-3","Glut-DACH2-HVCra","Ex_BCL6",0.851002843902918
"_CAGCAGCAGATCACCT-3","Glut-DACH2-HVCx","Ex_Pre_KCNH7",0.424210583073995
"_CAGCAGCAGGCCACCT-3","Glut-DACH2-HVCra","Ex_BCL6",0.785430774305829
"_CAGCAGCCATGGCTGC-3","Glut-DACH2-HVCra-Pre","Ex_BCL6",0.389293806338376
"_CAGCAGCTCCGTTGAA-3","Glut-DACH2-HVCra-Pre","Ex_DACH2_GRIK4",0.545812576596731
"_CAGCAGCTCTAGCCAA-3","Glut-DACH2-HVCra-Pre","Ex_DACH2_MGAT4C",0.516375662090785
"_CAGCCAGTCGGTCAGC-3","Glut-DACH2-HVCra","Ex_BCL6",0.835060997273435
"_CAGCGTGAGGTAGTAT-3","Glut-DACH2-HVCx","Ex_Pre_KCNH7",0.49332893409237
"_CAGCGTGGTTATTCTC-3","Glut-DACH2-HVCra-Pre","Ex_DACH2_GRIK4",0.266443001816723
"_CAGGCCAAGTAAAGCT-3","Glut-DACH2-HVCra-Pre","Ex_DACH2_MGAT4C",0.512342764831538
"_CAGGCCACAGCACAAG-3","Glut-DACH2-HVCra-Pre","Ex_DACH2_GRIK4",0.377314064678763
"_CAGGCCAGTGCGGTAA-3","Glut-DACH2-HVCra","Ex_BCL6",0.732581169412177
"_CAGGGCTAGCTGTTCA-3","Glut-DACH2-HVCra","Ex_BCL6",0.562780037267893
"_CAGGTATAGCCTGAGA-3","Glut-DACH2-HVCra","Ex_BCL6",0.512658192334815
"_CAGGTATCAATCAGCT-3","Glut-DACH2-2","Ex_DACH2_LHX2",0.568023309448236
"_CAGTGCGAGGTCACCC-3","Glut-DACH2-HVCx","Ex_Pre_KCNH7",0.715072898126011
"_CAGTGCGTCACTTCTA-3","Glut-DACH2-HVCra","Ex_BCL6",0.75166551275576
"_CAGTTAGCACCGTCGA-3","Glut-DACH2-2","Ex_DACH2_GRIK4",0.380702813081465
"_CAGTTAGCAGTTACCA-3","Glut-DACH2-HVCra","Ex_BCL6",0.705031270578476
"_CAGTTAGGTACCATAC-3","Glut-DACH2-HVCra-Pre","Ex_DACH2_GRIK4",0.463676574706278
"_CAGTTAGGTCAAGGCA-3","Glut-DACH2-HVCra","Ex_DACH2_GRIK4",0.394357031632773
"_CAGTTAGTCGTAGTCA-3","Glut-DACH2-HVCra","Ex_BCL6",0.816092269237633
"_CAGTTCCGTCCTGTCT-3","Glut-DACH2-1","Ex_DACH2_GRIK4",0.775129060814773
"_CATACAGCACCCAAGC-3","Glut-DACH2-HVCra","Ex_BCL6",0.821811069168973
"_CATACAGCAGCGCGTT-3","Glut-DACH2-HVCra","Ex_DACH2_MGAT4C",0.436556410509161
"_CATACCCTCTACACAG-3","Glut-DACH2-HVCra-Pre","Ex_DACH2_GRIK4",0.594974405227461
"_CATACTTAGACCAGAC-3","Glut-DACH2-HVCra","Ex_BCL6",0.657304237214679
"_CATACTTAGCAGATAT-3","Glut-DACH2-1","Ex_DACH2_GRIK4",0.680325311107544
"_CATACTTAGCTGACCC-3","Glut-DACH2-HVCra-Pre","Ex_DACH2_MGAT4C",0.57092590695231
"_CATACTTTCATTACCT-3","Glut-DACH2-HVCra","Ex_BCL6",0.700739068026933
"_CATACTTTCTGCGGCA-3","Glut-DACH2-2","Ex_DACH2_MGAT4C",0.478868790059707
"_CATCCACAGTCATCCA-3","Glut-DACH2-HVCra","Ex_BCL6",0.701459897281704
"_CATCCACGTCGTTCAA-3","Glut-DACH2-HVCra","Ex_BCL6",0.663508787301012
"_CATCCACGTGCATTAC-3","Glut-DACH2-4","Ex_DACH2_ITGA9",0.726402051956474
"_CATCCACTCTGAGGTT-3","Glut-DACH2-HVCx","Ex_Pre_KCNH7",0.458256205551899
"_CATCCACTCTGCGAGC-3","Glut-DACH2-HVCra","Ex_BCL6",0.828425846984272
"_CATCCCAAGGTTGAGC-3","Glut-DACH2-HVCra-Pre","Ex_DACH2_GRIK4",0.619238496242515
"_CATCCCAGTCGAAGCA-3","Glut-DACH2-HVCra","Ex_BCL6",0.772106642463213
"_CATCCCAGTTGGCCGT-3","Glut-DACH2-HVCra","Ex_BCL6",0.845920350056253
"_CATCCCATCATTCCTA-3","Glut-DACH2-HVCra-Pre","Ex_DACH2_MGAT4C",0.365609364025073
"_CATCCCATCCCGTAAA-3","Glut-DACH2-HVCx","Ex_Pre_KCNH7",0.544998136118198
"_CATCCGTAGGCAGTCA-3","Glut-DACH2-HVCra","Ex_BCL6",0.440981525984145
"_CATCGCTAGCCTCGTG-3","Glut-DACH2-HVCra-Pre","Ex_DACH2_LUZP2",0.455588034005687
"_CATCGCTCATCCGTTC-3","Glut-DACH2-HVCra-Pre","Ex_DACH2_LUZP2",0.272660065574918
"_CATCGCTTCACTCCGT-3","Glut-DACH2-2","Ex_DACH2_GRIK4",0.413713839231074
"_CATCGCTTCATTACGG-3","Glut-DACH2-HVCx","Ex_Pre_KCNH7",0.710085180512538
"_CATCGGGAGGGAGGCA-3","Glut-DACH2-HVCx","Ex_Pre_KCNH7",0.38593110200979
"_CATCGGGCATTCATCT-3","Glut-DACH2-HVCx","Ex_BCL6",0.365956600604412
"_CATCGTCAGTCAATCC-3","Glut-DACH2-HVCx","Ex_Pre_KCNH7",0.650726270541519
"_CATGCAAAGCGCCATC-3","Glut-DACH2-HVCra","Ex_BCL6",0.809253418030227
"_CATGCAACACTACAGT-3","Glut-DACH2-HVCra","Ex_BCL6",0.884089259829483
"_CATGCAATCAAAGGTA-3","Glut-DACH2-HVCra","Ex_BCL6",0.766430625104615
"_CATGCCTCAGGGTCTC-3","Glut-DACH2-HVCra","Ex_BCL6",0.891866780556985
"_CATGCGGTCGTAGCCG-3","Glut-DACH2-HVCra-Pre","Ex_DACH2_MGAT4C",0.233259497332091
"_CATGGATCACTCCTGT-3","Glut-DACH2-HVCra","Ex_BCL6",0.654239116005698
"_CATGGATCATACAGAA-3","Glut-DACH2-HVCra","Ex_BCL6",0.858466336625736
"_CATGGTACAACTCGTA-3","Glut-DACH2-HVCra-Pre","Ex_DACH2_MGAT4C",0.359947279001892
"_CATGGTACAGAGAGGG-3","Glut-DACH2-HVCx","Ex_Pre_KCNH7",0.583533702659991
"_CATGGTACATGAAAGT-3","Glut-DACH2-2","Ex_DACH2_LHX2",0.430797439609876
"_CATGGTAGTGCCTGAC-3","Glut-DACH2-HVCra","Ex_BCL6",0.727382160286207
"_CATGGTATCTCATAGG-3","Glut-DACH2-HVCra","Ex_BCL6",0.685625610433741
"_CATTCCGAGAGTTCGG-3","Glut-DACH2-HVCra","Ex_DACH2_ADAMTS5",0.233313058492125
"_CATTCCGAGATCACTC-3","Glut-DACH2-HVCra","Ex_BCL6",0.753272744541282
"_CATTCCGCATTCTGTT-3","Glut-DACH2-HVCra","Ex_BCL6",0.733805572490089
"_CATTCTAAGATGATTG-3","Glut-DACH2-HVCra-Pre","Ex_DACH2_LHX2",0.536692316291657
"_CATTCTAAGGGTCAAC-3","Glut-DACH2-HVCx","Ex_DACH2_ITGA9",0.461887652974115
"_CATTGAGAGTAGAATC-3","Glut-DACH2-HVCra-Pre","Ex_DACH2_MGAT4C",0.456159194568256
"_CATTGAGCACGGGCTT-3","Glut-DACH2-HVCra-Pre","Ex_DACH2_GRIK4",0.446628174486128
"_CATTGAGGTCCTGGGT-3","Glut-DACH2-2","Ex_DACH2_LHX2",0.272320849389658
"_CATTGCCGTCATCACA-3","Glut-DACH2-HVCra","Ex_DACH2_GRIK4",0.30783937646809
"_CATTGCCGTGTCGCTG-3","Glut-DACH2-HVCra-Pre","Ex_DACH2_MGAT4C",0.509399405100423
"_CATTGCCTCCATATGG-3","Glut-DACH2-HVCra","Ex_BCL6",0.382407313477115
"_CATTGTTAGGATACGC-3","Glut-DACH2-2","Ex_DACH2_LHX2",0.387701007776371
"_CATTGTTCACTACAGT-3","Glut-DACH2-HVCx","Ex_Pre_KCNH7",0.720639206965124
"_CATTGTTGTGGCCTCA-3","Glut-DACH2-1","Ex_DACH2_GRIK4",0.49721607416199
"_CATTGTTTCTTGGATG-3","Glut-DACH2-HVCx","Ex_Pre_KCNH7",0.409070712473466
"_CATTTCAGTCTTTATC-3","Glut-DACH2-HVCra","Ex_BCL6",0.635601576109699
"_CATTTCAGTTCCTTGC-3","Glut-DACH2-1","Ex_DACH2_MGAT4C",0.575600053872873
"_CCAAGCGAGCAACCAG-3","Glut-DACH2-HVCra","Ex_BCL6",0.710095824857691
"_CCAAGCGCAAGAAACT-3","Glut-DACH2-HVCra-Pre","Ex_DACH2_GRIK4",0.453026885989237
"_CCAAGCGCAATCGCCG-3","Glut-DACH2-HVCra","Ex_BCL6",0.379086643560361
"_CCAAGCGCACGTGAGA-3","Glut-DACH2-HVCra-Pre","Ex_DACH2_LHX2",0.450343252427218
"_CCAATGAGTGAATTGA-3","Glut-DACH2-HVCra","Ex_DACH2_GRIK4",0.401279673021294
"_CCAATGATCCACCTCA-3","Glut-DACH2-2","Ex_DACH2_LHX2",0.613204754507058
"_CCAATTTCAGTTGGTT-3","Glut-DACH2-HVCx","Ex_Pre_KCNH7",0.731745660106353
"_CCACAAAAGACCAAGC-3","Glut-DACH2-2","Ex_DACH2_LHX2",0.422537870459852
"_CCACAAACATCGTGCG-3","Glut-DACH2-HVCx","Ex_Pre_KCNH7",0.688860579321774
"_CCACAAATCTCTGACC-3","Glut-DACH2-2","Ex_DACH2_LHX2",0.428304854299592
"_CCACACTAGGTGGTTG-3","Glut-DACH2-HVCx","Ex_BCL6",0.778695955450732
"_CCACACTCAGGATCTT-3","Glut-DACH2-HVCra","Ex_BCL6",0.619405347552359
"_CCACACTTCACATCAG-3","Glut-DACH2-HVCra","Ex_BCL6",0.864806588458634
"_CCACCATAGGTCTACT-3","Glut-DACH2-HVCra","Ex_BCL6",0.828146764462772
"_CCACCATCAGGACATG-3","Glut-DACH2-HVCra","Ex_DACH2_MGAT4C",0.19270121188416
"_CCACCATTCTTTCGAT-3","Glut-DACH2-HVCra-Pre","Ex_DACH2_LHX2",0.566842901343775
"_CCACGAGCAGCGTATT-3","Glut-DACH2-HVCra-Pre","Ex_DACH2_SLIT2",0.589025310440517
"_CCACGTTGTAACCCTA-3","Glut-DACH2-HVCra","Ex_BCL6",0.602644001777315
"_CCACGTTGTAGCCAGA-3","Glut-DACH2-HVCra-Pre","Ex_DACH2_GRIK4",0.362646758977468
"_CCACGTTGTGACTGAG-3","Glut-DACH2-HVCra-Pre","Ex_DACH2_LHX2",0.502005061252856
"_CCACGTTGTTTCACTT-3","Glut-DACH2-HVCx","Ex_Pre_KCNH7",0.349353314038033
"_CCACGTTTCGCCAGTG-3","Glut-DACH2-HVCra-Pre","Ex_DACH2_LHX2",0.480028996983163
"_CCACTTGCAATGCTCA-3","Glut-DACH2-HVCra-Pre","Ex_DACH2_MGAT4C",0.463033161883492
"_CCACTTGGTGTCCTAA-3","Glut-DACH2-HVCra-Pre","Ex_DACH2_LHX2",0.531134894578215
"_CCATAAGGTGAGTTGG-3","Glut-DACH2-HVCra","Ex_DACH2_GRIK4",0.314310789839608
"_CCATCACCAAGTCCCG-3","Glut-DACH2-HVCx","Ex_Pre_KCNH7",0.66145329507922
"_CCATCACGTGAGGAAA-3","Glut-DACH2-4","Ex_DACH2_ITGA9",0.683445177233314
"_CCATCACGTGCCCTTT-3","Glut-DACH2-HVCra","Ex_BCL6",0.792535128514214
"_CCATCACGTTGACTAC-3","Glut-DACH2-HVCx","Ex_DACH2_ITGA9",0.423069205490627
"_CCATCACGTTGTGCCG-3","Glut-DACH2-HVCra","Ex_BCL6",0.735837208372597
"_CCCAACTGTACCAGAG-3","Glut-DACH2-2","Ex_DACH2_MGAT4C",0.473585799519557
"_CCCAACTGTGTATACC-3","Glut-DACH2-HVCra","Ex_BCL6",0.580156188687924
"_CCCGAAGAGTACAGAT-3","Glut-DACH2-HVCra","Ex_BCL6",0.890238853460743
"_CCCGAAGTCTTACCGC-3","Glut-DACH2-HVCra-Pre","Ex_DACH2_LHX2",0.571316380065864
"_CCCGGAAGTACAGTCT-3","Glut-DACH2-HVCra-Pre","Ex_DACH2_GRIK4",0.606534170772692
"_CCCGGAAGTGGAAATT-3","Glut-DACH2-HVCra","Ex_BCL6",0.765720435778502
"_CCCTAACTCACCATCC-3","Glut-DACH2-HVCra-Pre","Ex_DACH2_GRIK4",0.330760662498077
"_CCCTCTCAGATACGAT-3","Glut-DACH2-HVCra","Ex_BCL6",0.735896677832184
"_CCCTGATTCCCATACC-3","Glut-DACH2-HVCra-Pre","Ex_DACH2_GRIK4",0.27096307098113
"_CCCTTAGAGTGGTGGT-3","Glut-DACH2-2","Ex_DACH2_MGAT4C",0.270355299447682
"_CCCTTAGCAATACGCT-3","Glut-DACH2-HVCra","Ex_BCL6",0.436951660493275
"_CCCTTAGGTCCATAGT-3","Glut-DACH2-HVCra","Ex_BCL6",0.565273366728789
"_CCCTTAGTCAAGTGGG-3","Glut-DACH2-HVCx","Ex_BCL6",0.519354236430093
"_CCGAACGTCTTAGCCC-3","Glut-DACH2-1","Ex_DACH2_GRIK4",0.634808175627502
"_CCGATCTCAAGACTGG-3","Glut-DACH2-HVCx","Ex_BCL6",0.387611068467823
"_CCGATCTCAAGGGCAT-3","Glut-DACH2-HVCra","Ex_BCL6",0.55224779678965
"_CCGATCTGTTCATCTT-3","Glut-DACH2-HVCra-Pre","Ex_DACH2_MGAT4C",0.469368041638597
"_CCGATCTTCTCTAGGA-3","Glut-DACH2-HVCra-Pre","Ex_DACH2_LHX2",0.503031251325793
"_CCGATGGAGGGTAATT-3","Glut-DACH2-HVCra-Pre","Ex_DACH2_MGAT4C",0.477077341557846
"_CCGATGGAGGTTACAA-3","Glut-DACH2-HVCra","Ex_BCL6",0.712756918115179
"_CCGATGGCAATGTCTG-3","Glut-DACH2-HVCra","Ex_BCL6",0.739727806079815
"_CCGATGGCACGCTTAA-3","Glut-DACH2-HVCx","Ex_Pre_KCNH7",0.338792965090042
"_CCGATGGGTATCGAGG-3","Glut-DACH2-HVCra","Ex_BCL6",0.936652721188357
"_CCGCAAGCAAGAGGCT-3","Glut-DACH2-HVCra","Ex_BCL6",0.686412360478369
"_CCGCAAGCACAGCTGC-3","Glut-DACH2-HVCra","Ex_BCL6",0.727934159313567
"_CCGCAAGGTACACTCA-3","Glut-DACH2-HVCra","Ex_DACH2_GRIK4",0.356398607946643
"_CCGCAAGGTACGGGAT-3","Glut-DACH2-HVCra","Ex_BCL6",0.849120032523162
"_CCGGACAAGAGTCAGC-3","Glut-DACH2-HVCra","Ex_BCL6",0.737433442382905
"_CCGGACAAGCCAGACA-3","Glut-DACH2-HVCra","Ex_BCL6",0.680261595635319
"_CCGGACAAGGATATAC-3","Glut-DACH2-HVCx","Ex_Pre_KCNH7",0.483158116848338
"_CCGGACACATGTGGTT-3","Glut-DACH2-2","Ex_DACH2_NR4A3",0.402067900232577
"_CCGGACAGTCCGGTCA-3","Glut-DACH2-HVCra","Ex_BCL6",0.862597777628535
"_CCGGGTACATGTACGT-3","Glut-DACH2-HVCx","Ex_DACH2_ITGA9",0.326004435727609
"_CCGGGTAGTGAATTGA-3","Glut-DACH2-HVCra-Pre","Ex_BCL6",0.380577229869421
"_CCGGGTATCACAATGC-3","Glut-DACH2-4","Ex_BCL6",0.452625355283996
"_CCGGGTATCACCTGGG-3","Glut-DACH2-2","Ex_DACH2_LHX2",0.512397913535691
"_CCGGGTATCACGAACT-3","Glut-DACH2-HVCra","Ex_BCL6",0.759794915843571
"_CCGGTAGGTAACGGTG-3","Glut-DACH2-2","Ex_DACH2_MGAT4C",0.484542519735931
"_CCGGTAGTCGTTCTGC-3","Glut-DACH2-HVCra-Pre","Ex_DACH2_MGAT4C",0.348614544535958
"_CCGGTGATCGTTCCTG-3","Glut-DACH2-4","Ex_DACH2_ITGA9",0.63286755238566
"_CCGTAGGAGATGGCAC-3","Glut-DACH2-HVCra-Pre","Ex_DACH2_GRIK4",0.378478696445721
"_CCGTAGGTCTCCAATT-3","Glut-DACH2-HVCra-Pre","Ex_DACH2_LHX2",0.432437519657836
"_CCGTGAGCATCCTATT-3","Glut-DACH2-HVCra-Pre","Ex_DACH2_GRIK4",0.499470761024414
"_CCGTGAGGTCCACAGC-3","Glut-DACH2-2","Ex_DACH2_GRIK4",0.645054875119558
"_CCGTGAGGTCTTGCGG-3","Glut-DACH2-HVCra-Pre","Ex_DACH2_LHX2",0.391811597985204
"_CCGTTCACACGGCGTT-3","Glut-DACH2-HVCra-Pre","Ex_DACH2_MGAT4C",0.498878427572527
"_CCTAACCCACAATGCT-3","Glut-DACH2-HVCra","Ex_BCL6",0.645068877794241
"_CCTAAGACACGGATCC-3","Glut-DACH2-HVCx","Ex_Pre_KCNH7",0.807976004574879
"_CCTAAGACAGCTGTAT-3","Glut-DACH2-1","Ex_DACH2_MGAT4C",0.650876510798666
"_CCTAAGATCTAGCCTC-3","Glut-DACH2-HVCra-Pre","Ex_BCL6",0.476633853595356
"_CCTAAGATCTTCACAT-3","Glut-DACH2-HVCra-Pre","Ex_DACH2_LHX2",0.386992047459504
"_CCTACGTAGCGTACAG-3","Glut-DACH2-HVCra-Pre","Ex_DACH2_LHX2",0.542069295656533
"_CCTACGTCAAATCGGG-3","Glut-DACH2-HVCra","Ex_BCL6",0.704233005687733
"_CCTACGTTCATGGTAC-3","Glut-DACH2-HVCra-Pre","Ex_DACH2_GRIK4",0.303018750438104
"_CCTATCGCAAGAGGTC-3","Glut-DACH2-4","Ex_DACH2_ITGA9",0.421362495157301
"_CCTATCGCAGCGTATT-3","Glut-DACH2-HVCx","Ex_DACH2_NR4A3",0.321003584880246
"_CCTCAACCACACCTTC-3","Glut-DACH2-HVCx","Ex_DACH2_ITGA9",0.315731164399611
"_CCTCAACCAGACACCC-3","Glut-DACH2-2","Ex_DACH2_LUZP2",0.397726455162325
"_CCTCAACCAGTGCCTG-3","Glut-DACH2-HVCra-Pre","Ex_DACH2_GRIK4",0.339263079068285
"_CCTCAACGTCATGGCC-3","Glut-DACH2-HVCra-Pre","Ex_DACH2_GRIK4",0.716130289778498
"_CCTCAACTCTATGCCC-3","Glut-DACH2-HVCra","Ex_BCL6",0.839005871326999
"_CCTCAACTCTCGGCTT-3","Glut-DACH2-HVCra","Ex_BCL6",0.647804266580062
"_CCTCACACACGAAGAC-3","Glut-DACH2-HVCra","Ex_BCL6",0.736394064466757
"_CCTCACATCGTAGGGA-3","Glut-DACH2-1","Ex_DACH2_GRIK4",0.767312994643279
"_CCTCAGTAGCGAGGAG-3","Glut-DACH2-HVCra","Ex_BCL6",0.51880580287612
"_CCTCAGTAGCGCATCC-3","Glut-DACH2-2","Ex_DACH2_LHX2",0.470193535157742
"_CCTCAGTAGGATGGCT-3","Glut-DACH2-2","Ex_DACH2_MGAT4C",0.559127000548594
"_CCTCAGTAGTGGAATT-3","Glut-DACH2-1","Ex_DACH2_MGAT4C",0.551551237711959
"_CCTCCAACAGTGGCTC-3","Glut-DACH2-HVCra","Ex_BCL6",0.810782749130613
"_CCTCCAACATTGGCAT-3","Glut-DACH2-HVCra-Pre","Ex_DACH2_MGAT4C",0.351482470066831
"_CCTCCAAGTACGAGCA-3","Glut-DACH2-HVCra-Pre","Ex_BCL6",0.297182760588057
"_CCTCCAAGTGTAGGAC-3","Glut-DACH2-2","Ex_DACH2_GRIK4",0.243902212196176
"_CCTCCTCAGATGAACT-3","Glut-DACH2-2","Ex_DACH2_GRIK4",0.427148542653842
"_CCTCCTCAGCTTGTGT-3","Glut-DACH2-HVCra-Pre","Ex_DACH2_GRIK4",0.453125105802774
"_CCTCCTCTCTGTGCTC-3","Glut-DACH2-HVCra","Ex_DACH2_GRIK4",0.23051262365616
"_CCTCTAGAGCAAACAT-3","Glut-DACH2-HVCra-Pre","Ex_DACH2_GRIK4",0.424025452177813
"_CCTCTAGAGTAAGAGG-3","Glut-DACH2-HVCx","Ex_BCL6",0.575884343580168
"_CCTCTAGCAATAGAGT-3","Glut-DACH2-HVCx","Ex_BCL6",0.389150839715024
"_CCTCTAGCACGAGAAC-3","Glut-DACH2-HVCx","Ex_Pre_KCNH7",0.435101618900659
"_CCTCTAGTCGACACTA-3","Glut-DACH2-HVCra-Pre","Ex_DACH2_MGAT4C",0.493203405238041
"_CCTCTCCCACCGGTCA-3","Glut-DACH2-HVCra-Pre","Ex_DACH2_GRIK4",0.384348234451433
"_CCTCTCCCACTTGGGC-3","Glut-DACH2-HVCra","Ex_DACH2_MGAT4C",0.460754736795542
"_CCTCTCCCATCCTAAG-3","Glut-DACH2-HVCra","Ex_BCL6",0.742911583091014
"_CCTCTCCCATTGCCTC-3","Glut-DACH2-HVCra-Pre","Ex_DACH2_GRIK4",0.469051696948678
"_CCTGCATGTGTTAGCT-3","Glut-DACH2-HVCra","Ex_BCL6",0.767085369673579
"_CCTGTTGCAAGAGATT-3","Glut-DACH2-HVCra-Pre","Ex_DACH2_LHX2",0.483050136331747
"_CCTGTTGCAAGGACAC-3","Glut-DACH2-HVCra","Ex_BCL6",0.665185195359767
"_CCTGTTGCATGCGTGC-3","Glut-DACH2-HVCra-Pre","Ex_DACH2_NR4A3",0.280481411103063
"_CCTGTTGGTCCCGCAA-3","Glut-DACH2-2","Ex_DACH2_MGAT4C",0.344449104688091
"_CCTGTTGTCCTGGTCT-3","Glut-DACH2-HVCra-Pre","Ex_DACH2_LHX2",0.440783548238993
"_CCTTCAGAGCACGATG-3","Glut-DACH2-1","Ex_DACH2_GRIK4",0.261049256282594
"_CCTTCAGAGTTAGTAG-3","Glut-DACH2-HVCra","Ex_BCL6",0.84085165911353
"_CCTTCAGGTGGTGATG-3","Glut-DACH2-1","Ex_DACH2_MGAT4C",0.362231683339323
"_CCTTCAGTCCACGTAA-3","Glut-DACH2-HVCra","Ex_DACH2_GRIK4",0.416122274916643
"_CCTTCAGTCTCCGTGT-3","Glut-DACH2-HVCra-Pre","Ex_DACH2_GRIK4",0.494615487130061
"_CCTTGTGAGTGTAGTA-3","Glut-DACH2-HVCra","Ex_BCL6",0.713282808807087
"_CCTTGTGTCATCACAG-3","Glut-DACH2-HVCra-Pre","Ex_DACH2_MGAT4C",0.294456625111671
"_CCTTTGGAGAGCTGCA-3","Glut-DACH2-HVCra-Pre","Ex_DACH2_GRIK4",0.417689637973596
"_CCTTTGGAGTCAACAA-3","Glut-DACH2-2","Ex_DACH2_MGAT4C",0.29589209521622
"_CCTTTGGGTCGTGGAA-3","Glut-DACH2-HVCra","Ex_BCL6",0.567886238579056
"_CGAAGGACAAGAATAC-3","Glut-DACH2-HVCra-Pre","Ex_DACH2_GRIK4",0.449345038581915
"_CGAAGGACAGACAAGC-3","Glut-DACH2-1","Ex_DACH2_MGAT4C",0.805115217452028
"_CGAAGGATCCAGTGTA-3","Glut-DACH2-HVCra-Pre","Ex_DACH2_GRIK4",0.408237002560639
"_CGAAGTTCATCCTTGC-3","Glut-DACH2-HVCra-Pre","Ex_DACH2_LUZP2",0.306103785939079
"_CGAAGTTTCAACCTCC-3","Glut-DACH2-HVCra-Pre","Ex_Pre_KCNH7",0.403783306142081
"_CGAAGTTTCTTCGTGC-3","Glut-DACH2-2","Ex_DACH2_LHX2",0.569643710697589
"_CGAATTGAGCTCAGAG-3","Glut-DACH2-HVCra","Ex_BCL6",0.750373755568711
"_CGAATTGTCGATTCCC-3","Glut-DACH2-HVCx","Ex_Pre_KCNH7",0.516916171528607
"_CGACAGCAGAACGTGC-3","Glut-DACH2-HVCra","Ex_BCL6",0.796701495135508
"_CGACAGCAGTTCCGTA-3","Glut-DACH2-4","Ex_DACH2_ITGA9",0.516985717196415
"_CGACAGCCAAAGGATT-3","Glut-DACH2-HVCra","Ex_BCL6",0.247942633431398
"_CGACAGCGTTGTGGCC-3","Glut-DACH2-HVCra","Ex_BCL6",0.64938645668935
"_CGACAGCTCTCCACTG-3","Glut-DACH2-HVCra-Pre","Ex_DACH2_LUZP2",0.257788148307256
"_CGAGAAGTCACTGTCC-3","Glut-DACH2-HVCra","Ex_BCL6",0.473508759113301
"_CGAGAAGTCGTCGACG-3","Glut-DACH2-HVCra-Pre","Ex_DACH2_LHX2",0.46985589725409
"_CGAGGCTGTCTGTGCG-3","Glut-DACH2-HVCra","Ex_BCL6",0.595949281385395
"_CGAGTTAAGTAAAGCT-3","Glut-DACH2-HVCra-Pre","Ex_DACH2_MGAT4C",0.536736179512131
"_CGAGTTACAATCACGT-3","Glut-DACH2-3","Ex_DACH2_ADAMTS5",0.435590406055107
"_CGAGTTAGTAGAGATT-3","Glut-DACH2-HVCra","Ex_BCL6",0.349827146772183
"_CGAGTTAGTCAAAGTA-3","Glut-DACH2-HVCra-Pre","Ex_DACH2_LHX2",0.484959102697606
"_CGATCGGCAGCTCTGG-3","Glut-DACH2-HVCra","Ex_BCL6",0.521866828282184
"_CGATCGGTCTGAGATC-3","Glut-DACH2-HVCra","Ex_BCL6",0.692462222397284
"_CGATGCGTCTATCGGA-3","Glut-DACH2-HVCx","Ex_BCL6",0.353719860767641
"_CGATGGCGTTCCAGGC-3","Glut-DACH2-HVCra","Ex_BCL6",0.761756302354499
"_CGCATAAAGTAAACGT-3","Glut-DACH2-HVCra-Pre","Ex_BCL6",0.325221961839932
"_CGCATAACACAAAGCG-3","Glut-DACH2-HVCra","Ex_BCL6",0.651912421845214
"_CGCATAACACCGTCTT-3","Glut-DACH2-HVCra","Ex_BCL6",0.837268591052628
"_CGCATAACATGGCGCT-3","Glut-DACH2-HVCra-Pre","Ex_BCL6",0.530919004350027
"_CGCATAAGTCGTCTCT-3","Glut-DACH2-HVCx","Ex_Pre_KCNH7",0.339565231613671
"_CGCATGGAGATTGATG-3","Glut-DACH2-HVCx","Ex_Pre_KCNH7",0.660851749164198
"_CGCATGGCAGGAGACT-3","Glut-DACH2-HVCra","Ex_BCL6",0.815391671822111
"_CGCATGGTCGAACCTA-3","Glut-DACH2-HVCra","Ex_BCL6",0.73589864792805
"_CGCATGGTCTGCCCTA-3","Glut-DACH2-HVCra","Ex_BCL6",0.826208611576192
"_CGCCAGAAGATCGCTT-3","Glut-DACH2-HVCra-Pre","Ex_DACH2_MGAT4C",0.387064879684471
"_CGCCAGACATCACAGT-3","Glut-DACH2-HVCra-Pre","Ex_DACH2_MGAT4C",0.410168217350693
"_CGCCAGATCCTCACTG-3","Glut-DACH2-HVCra","Ex_DACH2_MGAT4C",0.550737748432527
"_CGCCAGATCGATGGAG-3","Glut-DACH2-HVCra","Ex_BCL6",0.826854257016111
"_CGCCATTCAGATCACT-3","Glut-DACH2-HVCra-Pre","Ex_DACH2_MGAT4C",0.34482204368898
"_CGCGTGAAGACCACGA-3","Glut-DACH2-HVCra-Pre","Ex_DACH2_MGAT4C",0.739785998472184
"_CGCGTGACAGAGTTCT-3","Glut-DACH2-HVCx","Ex_Pre_KCNH7",0.476627834281369
"_CGGAACCAGATCCTAC-3","Glut-DACH2-HVCra","Ex_BCL6",0.635193627959465
"_CGGAACCCACGCCAGT-3","Glut-DACH2-HVCra-Pre","Ex_DACH2_GRIK4",0.477801893980942
"_CGGAACCGTCATTCCC-3","Glut-DACH2-HVCra","Ex_BCL6",0.73628406200351
"_CGGACACCAATACAGA-3","Glut-DACH2-HVCra","Ex_BCL6",0.730798005823379
"_CGGAGAACAAATCAGA-3","Glut-DACH2-HVCra-Pre","Ex_BCL6",0.397192724532612
"_CGGAGAACACCCGTAG-3","Glut-DACH2-HVCra","Ex_BCL6",0.375758373250465
"_CGGAGAACACGGGTAA-3","Glut-DACH2-HVCra","Ex_BCL6",0.290264486146483
"_CGGAGAACATGCCATA-3","Glut-DACH2-HVCra","Ex_BCL6",0.382888703040142
"_CGGAGAAGTGTATTCG-3","Glut-DACH2-HVCra","Ex_DACH2_GRIK4",0.557117764362694
"_CGGCAGTTCAGGACGA-3","Glut-DACH2-HVCra-Pre","Ex_DACH2_GRIK4",0.456974484879286
"_CGGCAGTTCTAGCAAC-3","Glut-DACH2-HVCra-Pre","Ex_DACH2_NR4A3",0.622248536459237
"_CGGCAGTTCTAGTTCT-3","Glut-DACH2-HVCx","Ex_Pre_KCNH7",0.673328332167631
"_CGGGACTAGGGCTTCC-3","Glut-DACH2-HVCra","Ex_BCL6",0.874579157041703
"_CGGGCATAGGCCCAAA-3","Glut-DACH2-HVCra-Pre","Ex_DACH2_GRIK4",0.451276554360357
"_CGGGCATCAGACGGAT-3","Glut-DACH2-HVCra","Ex_BCL6",0.422030250045646
"_CGGGCATGTACAGAGC-3","Glut-DACH2-1","Ex_DACH2_MGAT4C",0.652276114642308
"_CGGGCATGTGCTCTTC-3","Glut-DACH2-HVCra","Ex_BCL6",0.713367009231283
"_CGGGCATGTGCTGCAC-3","Glut-DACH2-HVCra","Ex_BCL6",0.776667027082172
"_CGGGTCAAGACCAGAC-3","Glut-DACH2-HVCx","Ex_BCL6",0.532406230005978
"_CGGGTCAGTCCCTGAG-3","Glut-DACH2-HVCra-Pre","Ex_DACH2_MGAT4C",0.539274125489419
"_CGGGTCATCTGTGCTC-3","Glut-DACH2-HVCx","Ex_Pre_KCNH7",0.307524967223238
"_CGGGTGTCATGACGTT-3","Glut-DACH2-HVCx","Ex_BCL6",0.748310968708134
"_CGGGTGTTCAATCAGC-3","Glut-DACH2-1","Ex_DACH2_MGAT4C",0.541412118172516
"_CGGGTGTTCCCATTTA-3","Glut-DACH2-2","Ex_DACH2_LHX2",0.522194493784522
"_CGGTCAGAGGTTAGTA-3","Glut-DACH2-HVCra-Pre","Ex_DACH2_LHX2",0.531344472667835
"_CGGTCAGAGTCTTGGT-3","Glut-DACH2-HVCra-Pre","Ex_DACH2_LHX2",0.400740169795293
"_CGGTCAGCATCTCGTC-3","Glut-DACH2-HVCra-Pre","Ex_DACH2_GRIK4",0.612188379614304
"_CGGTCAGTCTCCTGTG-3","Glut-DACH2-HVCra-Pre","Ex_DACH2_GRIK4",0.515417469740746
"_CGTAAGTAGCGCATCC-3","Glut-DACH2-HVCra","Ex_BCL6",0.666779070896294
"_CGTAAGTGTGAATGAT-3","Glut-DACH2-2","Ex_DACH2_MGAT4C",0.430500029642441
"_CGTAAGTTCGCGCCAA-3","Glut-DACH2-HVCra","Ex_BCL6",0.757781636692549
"_CGTAATGGTGTTAAAG-3","Glut-DACH2-2","Ex_DACH2_GRIK4",0.374929288044318
"_CGTAGTAAGCAGAAAG-3","Glut-DACH2-1","Ex_DACH2_GRIK4",0.465840057177392
"_CGTAGTACAGATGCGA-3","Glut-DACH2-2","Ex_DACH2_GRIK4",0.561000681787709
"_CGTAGTACAGGTTCAT-3","Glut-DACH2-HVCra","Ex_BCL6",0.631394432082715
"_CGTAGTATCCCGTTCA-3","Glut-DACH2-2","Ex_DACH2_MGAT4C",0.508877635967449
"_CGTCAAAAGTCTGGAG-3","Glut-DACH2-HVCra","Ex_BCL6",0.830847161618375
"_CGTCAAAGTGGGCTCT-3","Glut-DACH2-HVCra","Ex_BCL6",0.86907203837365
"_CGTCAAATCACGGGAA-3","Glut-DACH2-HVCra-Pre","Ex_DACH2_GRIK4",0.619290663178826
"_CGTCCATAGTATTCCG-3","Glut-DACH2-HVCx","Ex_Pre_KCNH7",0.656181918026069
"_CGTCCATCAAATACGA-3","Glut-DACH2-HVCra-Pre","Ex_DACH2_MGAT4C",0.574750198175443
"_CGTCCATCAACTCGAT-3","Glut-DACH2-HVCra","Ex_BCL6",0.834678478706591
"_CGTCCATCAGAGATGC-3","Glut-DACH2-HVCra","Ex_DACH2_NR4A3",0.459492666336755
"_CGTCCATTCGTTCTGC-3","Glut-DACH2-2","Ex_DACH2_GRIK4",0.423419338649341
"_CGTGAATAGAATTCAG-3","Glut-DACH2-2","Ex_DACH2_LUZP2",0.44898037948824
"_CGTGAATAGGCATCTT-3","Glut-DACH2-HVCra","Ex_BCL6",0.703749015385117
"_CGTGAATAGTGCACCC-3","Glut-DACH2-HVCra-Pre","Ex_DACH2_GRIK4",0.449379162902717
"_CGTGAATCAAGTTCCA-3","Glut-DACH2-HVCra","Ex_BCL6",0.813101186728866
"_CGTGAATCACTATGTG-3","Glut-DACH2-1","Ex_DACH2_ITGA9",0.37967211861476
"_CGTGAATGTCCCGCAA-3","Glut-DACH2-HVCra","Ex_BCL6",0.438463236511974
"_CGTGAATTCTCCGAGG-3","Glut-DACH2-HVCx","Ex_Pre_KCNH7",0.691801587431437
"_CGTGCTTCATAACGGG-3","Glut-DACH2-HVCra","Ex_BCL6",0.403612409954754
"_CGTGTCTAGGTGCTGA-3","Glut-DACH2-HVCx","Ex_Pre_KCNH7",0.603001513186089
"_CGTTAGACAAAGAGTT-3","Glut-DACH2-HVCx","Ex_Pre_KCNH7",0.68296634088575
"_CGTTAGACAACGGCCT-3","Glut-DACH2-HVCra-Pre","Ex_DACH2_LHX2",0.425106045120857
"_CGTTAGACATCCGTGG-3","Glut-DACH2-HVCra-Pre","Ex_DACH2_NR4A3",0.620328410257425
"_CGTTAGAGTCCTCCTA-3","Glut-DACH2-2","Ex_DACH2_LHX2",0.469251297428429
"_CGTTAGATCTCGAGTA-3","Glut-DACH2-HVCra","Ex_BCL6",0.778019017094211
"_CGTTCTGCATCACAGT-3","Glut-DACH2-HVCra-Pre","Ex_DACH2_LHX2",0.452612408335998
"_CGTTCTGGTAGGGAGG-3","Glut-DACH2-HVCx","Ex_Pre_KCNH7",0.718770991054631
"_CGTTGGGAGTACAGAT-3","Glut-DACH2-HVCra","Ex_Pre_KCNH7",0.425618634350797
"_CTAACCCCACGCTGAC-3","Glut-DACH2-HVCx","Ex_DACH2_ITGA9",0.707717086617886
"_CTAACCCCACTGCGAC-3","Glut-DACH2-HVCra-Pre","Ex_DACH2_MGAT4C",0.663651425545918
"_CTAACCCCAGTCTACA-3","Glut-DACH2-2","Ex_DACH2_MGAT4C",0.488264157823615
"_CTAACCCGTACAAACA-3","Glut-DACH2-HVCra-Pre","Ex_DACH2_MGAT4C",0.511689209287348
"_CTAACCCTCCTGGGTG-3","Glut-DACH2-HVCra-Pre","Ex_DACH2_GRIK4",0.422384871407842
"_CTAAGTGAGTGTTCCA-3","Glut-DACH2-2","Ex_DACH2_LHX2",0.580143059718078
"_CTAAGTGTCTACTCAT-3","Glut-DACH2-2","Ex_DACH2_LHX2",0.587560490068115
"_CTACAGAAGGATTTCC-3","Glut-DACH2-HVCra-Pre","Ex_DACH2_MGAT4C",0.479243402205272
"_CTACAGAAGTAATACG-3","Glut-DACH2-2","Ex_DACH2_LHX2",0.442466894315533
"_CTACAGACAGAATGTA-3","Glut-DACH2-HVCx","Ex_Pre_KCNH7",0.599584368801887
"_CTACAGACATATCGGT-3","Glut-DACH2-HVCra","Ex_BCL6",0.606616211197253
"_CTACAGATCAAGCCGC-3","Glut-DACH2-2","Ex_DACH2_LUZP2",0.502840717704812
"_CTACAGATCTAGGCCG-3","Glut-DACH2-HVCra-Pre","Ex_DACH2_MGAT4C",0.387141618688388
"_CTACATTCACCAGTAT-3","Glut-DACH2-HVCra-Pre","Ex_DACH2_GRIK4",0.42311265252398
"_CTACATTGTACACGTT-3","Glut-DACH2-2","Ex_DACH2_MGAT4C",0.399927974164283
"_CTACCTGAGGTCCTGC-3","Glut-DACH2-2","Ex_DACH2_MGAT4C",0.294083624264632
"_CTACCTGCATTCTGTT-3","Glut-DACH2-HVCra-Pre","Ex_DACH2_NR4A3",0.439522767576135
"_CTACGGGCAGCTCATA-3","Glut-DACH2-HVCra-Pre","Ex_DACH2_LHX2",0.614879510162249
"_CTACGGGTCCGGCAGT-3","Glut-DACH2-HVCra","Ex_BCL6",0.88626729214293
"_CTACTATAGCGGTATG-3","Glut-DACH2-HVCra-Pre","Ex_DACH2_GRIK4",0.304755913599064
"_CTACTATAGCGTGAGT-3","Glut-DACH2-HVCra-Pre","Ex_DACH2_MGAT4C",0.383370191206467
"_CTACTATCAACTAGAA-3","Glut-DACH2-HVCra-Pre","Ex_DACH2_MGAT4C",0.350161795654371
"_CTACTATGTAGACGTG-3","Glut-DACH2-HVCra-Pre","Ex_DACH2_LHX2",0.581759578053705
"_CTACTATGTAGGCAAC-3","Glut-DACH2-2","Ex_DACH2_LHX2",0.458582000588737
"_CTACTATTCGCCTTGT-3","Glut-DACH2-HVCra","Ex_DACH2_MGAT4C",0.452840744069105
"_CTAGACACAAACTGCT-3","Glut-DACH2-HVCra","Ex_BCL6",0.58174347289902
"_CTAGACACACTGCTTC-3","Glut-DACH2-HVCra","Ex_DACH2_GRIK4",0.382824613420256
"_CTAGACAGTCGTCTCT-3","Glut-DACH2-1","Ex_DACH2_MGAT4C",0.581969630992578
"_CTAGACATCCCTGGTT-3","Glut-DACH2-2","Ex_DACH2_NR4A3",0.662156460172938
"_CTAGGTACAATCGCAT-3","Glut-DACH2-HVCra","Ex_BCL6",0.799195905504427
"_CTAGGTAGTACCGGAA-3","Glut-DACH2-1","Ex_DACH2_NR4A3",0.628226659734011
"_CTAGGTAGTTTCGTTT-3","Glut-DACH2-HVCra","Ex_BCL6",0.773997360647852
"_CTATAGGAGGACAGCT-3","Glut-DACH2-2","Ex_DACH2_MGAT4C",0.478453541928455
"_CTATAGGAGTCGAAAT-3","Glut-DACH2-HVCra-Pre","Ex_DACH2_MGAT4C",0.350692010848352
"_CTATCCGTCTGAGAAA-3","Glut-DACH2-HVCx","Ex_Pre_KCNH7",0.602335549969175
"_CTATCTACACCGTACG-3","Glut-DACH2-2","Ex_DACH2_LUZP2",0.325883433371105
"_CTATCTAGTGCCTAAT-3","Glut-DACH2-HVCx","Ex_Pre_KCNH7",0.522005472225947
"_CTATCTATCCTACACC-3","Glut-DACH2-2","Ex_DACH2_LHX2",0.298440283770284
"_CTCAACCAGCATTTCG-3","Glut-DACH2-2","Ex_DACH2_GRIK4",0.378818569773
"_CTCAACCAGTCTACCA-3","Glut-DACH2-HVCra-Pre","Ex_DACH2_LHX2",0.406857560831304
"_CTCAACCCATACACCA-3","Glut-DACH2-HVCx","Ex_Pre_KCNH7",0.589623672616814
"_CTCAACCCATCCGGTG-3","Glut-DACH2-HVCra","Ex_BCL6",0.765011436367293
"_CTCAACCGTACGGGAT-3","Glut-DACH2-HVCra","Ex_BCL6",0.679539100247679
"_CTCAACCGTTGGGCCT-3","Glut-DACH2-HVCx","Ex_Pre_KCNH7",0.752788245628241
"_CTCAAGAAGAGTATAC-3","Glut-DACH2-HVCra-Pre","Ex_DACH2_MGAT4C",0.390243179181819
"_CTCAAGACAGTTGTCA-3","Glut-DACH2-4","Ex_DACH2_ITGA9",0.460397160659468
"_CTCAAGAGTAGTGGCA-3","Glut-DACH2-HVCra","Ex_BCL6",0.738520319360766
"_CTCAAGAGTGTGCTTA-3","Glut-DACH2-HVCx","Ex_Pre_KCNH7",0.696651776270986
"_CTCAATTCACGGATCC-3","Glut-DACH2-HVCra-Pre","Ex_DACH2_LHX2",0.499295457103421
"_CTCAATTCACGGTGAA-3","Glut-DACH2-HVCra-Pre","Ex_DACH2_LHX2",0.414384391790318
"_CTCAATTGTAAGATAC-3","Glut-DACH2-HVCx","Ex_BCL6",0.639854583916246
"_CTCAATTGTCTACAGT-3","Glut-DACH2-HVCra","Ex_BCL6",0.3442237292024
"_CTCACTGCAAGCCATT-3","Glut-DACH2-HVCra-Pre","Ex_DACH2_LHX2",0.35968986484685
"_CTCACTGCATAACTCG-3","Glut-DACH2-HVCra","Ex_BCL6",0.722483852015295
"_CTCAGAAAGCACAAAT-3","Glut-DACH2-HVCra","Ex_BCL6",0.774706117360897
"_CTCAGAAAGGGATGTC-3","Glut-DACH2-2","Ex_DACH2_LHX2",0.442770806033041
"_CTCAGAAAGTAAATGC-3","Glut-DACH2-2","Ex_DACH2_LHX2",0.461961704658636
"_CTCAGAACAACAGTGG-3","Glut-DACH2-HVCx","Ex_Pre_KCNH7",0.72650489560669
"_CTCAGAACAACTAGAA-3","Glut-DACH2-HVCx","Ex_BCL6",0.375944006152672
"_CTCAGAACATCATCTT-3","Glut-DACH2-HVCra","Ex_BCL6",0.659875847390086
"_CTCAGAACATTCCTAT-3","Glut-DACH2-HVCx","Ex_Pre_KCNH7",0.694947709967856
"_CTCAGGGCAGACAAAT-3","Glut-DACH2-HVCra","Ex_BCL6",0.731937833942441
"_CTCAGGGCAGGTTTAC-3","Glut-DACH2-HVCra-Pre","Ex_DACH2_MGAT4C",0.433560812420127
"_CTCAGTCAGAGTACCG-3","Glut-DACH2-HVCra-Pre","Ex_DACH2_GRIK4",0.62821671107616
"_CTCAGTCAGTAGAATC-3","Glut-DACH2-HVCx","Ex_BCL6",0.82309298637914
"_CTCAGTCCAGACGGAT-3","Glut-DACH2-2","Ex_DACH2_MGAT4C",0.453211696888438
"_CTCAGTCCAGCGGTTC-3","Glut-DACH2-2","Ex_DACH2_GRIK4",0.475321726763215
"_CTCAGTCTCGTGAGAG-3","Glut-DACH2-HVCra-Pre","Ex_DACH2_LHX2",0.598469035834172
"_CTCATCGAGGAAACGA-3","Glut-DACH2-HVCx","Ex_Pre_KCNH7",0.373474131139779
"_CTCATCGCACTTCAGA-3","Glut-DACH2-HVCra","Ex_BCL6",0.333911492454092
"_CTCATCGCAGACCGCT-3","Glut-DACH2-HVCra-Pre","Ex_DACH2_GRIK4",0.412833419554667
"_CTCATCGTCCATCAGA-3","Glut-DACH2-HVCra-Pre","Ex_DACH2_MGAT4C",0.485442756390564
"_CTCATGCAGACCATTC-3","Glut-DACH2-HVCra","Ex_BCL6",0.680133785569883
"_CTCATGCGTATTGACC-3","Glut-DACH2-2","Ex_DACH2_LUZP2",0.398780202754611
"_CTCATTAAGTTCGCAT-3","Glut-DACH2-HVCra-Pre","Ex_DACH2_LHX2",0.447666264351969
"_CTCATTATCGGCTATA-3","Glut-DACH2-HVCra-Pre","Ex_DACH2_LHX2",0.404870105741585
"_CTCCAACAGTGGAAGA-3","Glut-DACH2-HVCra-Pre","Ex_DACH2_NR4A3",0.362064335742177
"_CTCCAACCAATTGCTG-3","Glut-DACH2-HVCra-Pre","Ex_DACH2_MGAT4C",0.494112149139254
"_CTCCAACTCCTCACTG-3","Glut-DACH2-HVCra","Ex_BCL6",0.698970916405974
"_CTCCAACTCGTCGACG-3","Glut-DACH2-HVCra-Pre","Ex_DACH2_NR4A3",0.405141639023187
"_CTCCACAAGCCTTGAT-3","Glut-DACH2-HVCra-Pre","Ex_BCL6",0.394346816755939
"_CTCCATGGTGGAACAC-3","Glut-DACH2-4","Ex_DACH2_ITGA9",0.795253830214108
"_CTCCCAACACCTGCTT-3","Glut-DACH2-HVCra-Pre","Ex_DACH2_LHX2",0.561015237670462
"_CTCCCAAGTGACACAG-3","Glut-DACH2-HVCra-Pre","Ex_DACH2_MGAT4C",0.437818734250226
"_CTCCCAATCTTGGTGA-3","Glut-DACH2-HVCra","Ex_BCL6",0.75906971622907
"_CTCCGATAGCACTCCG-3","Glut-DACH2-2","Ex_DACH2_LHX2",0.384084715947276
"_CTCCGATAGGGTGAAA-3","Glut-DACH2-2","Ex_DACH2_MGAT4C",0.660464350469628
"_CTCCGATAGTTGCCCG-3","Glut-DACH2-HVCra-Pre","Ex_BCL6",0.56560717548306
"_CTCCGATCAAAGGATT-3","Glut-DACH2-HVCra","Ex_BCL6",0.807776187973975
"_CTCCGATTCATCCCGT-3","Glut-DACH2-HVCra","Ex_BCL6",0.703208602145003
"_CTCCTCCCACAATGTC-3","Glut-DACH2-HVCra","Ex_BCL6",0.580233562698199
"_CTCCTCCCAGGTTACT-3","Glut-DACH2-HVCra-Pre","Ex_DACH2_GRIK4",0.335612088706356
"_CTCCTCCTCGGCCCAA-3","Glut-DACH2-4","Ex_DACH2_ITGA9",0.643704015516338
"_CTCCTTTAGACTAGAT-3","Glut-DACH2-HVCra-Pre","Ex_DACH2_MGAT4C",0.493890312496717
"_CTCCTTTGTAGCGCCT-3","Glut-DACH2-HVCra","Ex_BCL6",0.72606101148696
"_CTCGAGGGTAGTACGG-3","Glut-DACH2-HVCra","Ex_BCL6",0.581506862046542
"_CTCGAGGTCAATCAGC-3","Glut-DACH2-HVCra","Ex_BCL6",0.639467305444912
"_CTCTCAGCAGCTGAAG-3","Glut-DACH2-HVCra-Pre","Ex_DACH2_MGAT4C",0.343417416439203
"_CTCTCAGGTACAAAGT-3","Glut-DACH2-HVCra-Pre","Ex_DACH2_GRIK4",0.405624371790782
"_CTCTCAGGTAGACAGC-3","Glut-DACH2-HVCra-Pre","Ex_DACH2_GRIK4",0.366639297806009
"_CTCTCAGGTAGTTACC-3","Glut-DACH2-HVCra","Ex_BCL6",0.460009906152585
"_CTCTCAGTCGCTGTTC-3","Glut-DACH2-2","Ex_DACH2_GRIK4",0.546023296078344
"_CTCTCGAGTCCTGTTC-3","Glut-DACH2-1","Ex_DACH2_MGAT4C",0.557927669746822
"_CTCTCGAGTTAAACAG-3","Glut-DACH2-HVCra-Pre","Ex_DACH2_MGAT4C",0.561740626697321
"_CTCTCGATCGCTACAA-3","Glut-DACH2-2","Ex_DACH2_GRIK4",0.76374451294548
"_CTCTGGTAGGTCTACT-3","Glut-DACH2-HVCra-Pre","Ex_DACH2_MGAT4C",0.374083478447617
"_CTCTGGTAGTGTACAA-3","Glut-DACH2-2","Ex_DACH2_LUZP2",0.330342910532796
"_CTCTGGTCAAGCGATG-3","Glut-DACH2-2","Ex_DACH2_MGAT4C",0.321847725692163
"_CTCTGGTCAGAGACTG-3","Glut-DACH2-HVCra-Pre","Ex_DACH2_MGAT4C",0.326490188633238
"_CTCTGGTGTTCGGTTA-3","Glut-DACH2-2","Ex_DACH2_LHX2",0.385962426705628
"_CTCTGGTTCCTGTAAG-3","Glut-DACH2-2","Ex_DACH2_GRIK4",0.542492365100702
"_CTGAATGGTAGGAGGG-3","Glut-DACH2-HVCx","Ex_Pre_KCNH7",0.400254119119319
"_CTGAATGGTAGGGTAC-3","Glut-DACH2-HVCra-Pre","Ex_DACH2_GRIK4",0.318917882877348
"_CTGAATGGTCCCTAAA-3","Glut-DACH2-HVCra","Ex_BCL6",0.776436163040792
"_CTGAATGGTGGACTAG-3","Glut-DACH2-HVCra","Ex_BCL6",0.508551043980981
"_CTGAATGTCGCCAGTG-3","Glut-DACH2-HVCra","Ex_BCL6",0.799013386113805
"_CTGAGCGAGATCACCT-3","Glut-DACH2-HVCx","Ex_Pre_KCNH7",0.584838621133816
"_CTGAGCGAGCATTGAA-3","Glut-DACH2-1","Ex_DACH2_NR4A3",0.934246534192604
"_CTGAGCGGTAAGCTCT-3","Glut-DACH2-HVCra-Pre","Ex_DACH2_NR4A3",0.352051026058172
"_CTGAGCGGTTGCTGAT-3","Glut-DACH2-HVCx","Ex_BCL6",0.51133698598194
"_CTGAGCGTCCCAGGCA-3","Glut-DACH2-HVCra","Ex_BCL6",0.906231978045256
"_CTGAGGCGTTCTCCCA-3","Glut-DACH2-HVCra-Pre","Ex_DACH2_LHX2",0.280555417665693
"_CTGAGGCTCCCGTAAA-3","Glut-DACH2-HVCra-Pre","Ex_BCL6",0.62285395273682
"_CTGAGGCTCCGAACGC-3","Glut-DACH2-2","Ex_DACH2_LHX2",0.43939223163369
"_CTGATCCCAAGAATAC-3","Glut-DACH2-HVCra","Ex_BCL6",0.803497695704138
"_CTGATCCTCTGCGGCA-3","Glut-DACH2-HVCra","Ex_BCL6",0.849348861498407
"_CTGCAGGCAGTTTCGA-3","Glut-DACH2-HVCra","Ex_BCL6",0.731954948753621
"_CTGCAGGTCTTGTGCC-3","Glut-DACH2-2","Ex_DACH2_LHX2",0.590061341937679
"_CTGCCATGTCAGCGTC-3","Glut-DACH2-HVCra","Ex_BCL6",0.775983490802917
"_CTGCCATTCGTGGCGT-3","Glut-DACH2-2","Ex_DACH2_LHX2",0.575377239854501
"_CTGCCTACAATCTCGA-3","Glut-DACH2-HVCra","Ex_BCL6",0.734018540400318
"_CTGCCTACAGCACGAA-3","Glut-DACH2-HVCra","Ex_BCL6",0.536121134758492
"_CTGCCTACAGCCGTCA-3","Glut-DACH2-HVCra-Pre","Ex_DACH2_GRIK4",0.432290279952711
"_CTGCGAGAGATGCGAC-3","Glut-DACH2-HVCra-Pre","Ex_DACH2_GRIK4",0.483361349825317
"_CTGCGAGAGCAATAGT-3","Glut-DACH2-HVCra","Ex_BCL6",0.713399668779896
"_CTGCGAGCACTAGGTT-3","Glut-DACH2-HVCx","Ex_Pre_KCNH7",0.673727783333542
"_CTGCGAGGTCAGACGA-3","Glut-DACH2-HVCx","Ex_Pre_KCNH7",0.465907054330928
"_CTGCTCAAGAAGTCAT-3","Glut-DACH2-HVCra","Ex_DACH2_LHX2",0.292157314356961
"_CTGCTCACAGCGACAA-3","Glut-DACH2-HVCra","Ex_BCL6",0.890696811176325
"_CTGCTCATCGCAGATT-3","Glut-DACH2-HVCra-Pre","Ex_DACH2_MGAT4C",0.257957127621049
"_CTGGACGAGATGCGAC-3","Glut-DACH2-HVCra","Ex_BCL6",0.516724891868648
"_CTGGCAGGTAGCGTCC-3","Glut-DACH2-HVCra","Ex_BCL6",0.732992136669245
"_CTGGCAGGTGGGAGAG-3","Glut-DACH2-2","Ex_DACH2_GRIK4",0.262128373302448
"_CTGGTCTAGCTACAAA-3","Glut-DACH2-HVCx","Ex_BCL6",0.864894340280522
"_CTGGTCTCAGAGTCAG-3","Glut-DACH2-HVCra-Pre","Ex_DACH2_LHX2",0.416802944619133
"_CTGTACCCACCGAATT-3","Glut-DACH2-2","Ex_DACH2_GRIK4",0.344414862145075
"_CTGTACCCATGTTCGA-3","Glut-DACH2-HVCra","Ex_BCL6",0.914344553600144
"_CTGTACCGTGCAGTGA-3","Glut-DACH2-HVCra-Pre","Ex_DACH2_GRIK4",0.41483137746155
"_CTGTAGAGTAACTGCT-3","Glut-DACH2-2","Ex_DACH2_LHX2",0.42062045931081
"_CTGTATTAGCGACATG-3","Glut-DACH2-HVCra","Ex_BCL6",0.808958972823731
"_CTGTATTAGGTATCTC-3","Glut-DACH2-HVCra-Pre","Ex_DACH2_MGAT4C",0.534641922441233
"_CTGTATTAGTGCTACT-3","Glut-DACH2-HVCra-Pre","Ex_DACH2_MGAT4C",0.315774215616261
"_CTGTATTGTGTCTCCT-3","Glut-DACH2-HVCra-Pre","Ex_DACH2_ITGA9",0.20277946396015
"_CTGTATTTCCCAGTGG-3","Glut-DACH2-2","Ex_DACH2_LUZP2",0.334219258993795
"_CTGTATTTCGCAGTCG-3","Glut-DACH2-HVCra-Pre","Ex_DACH2_GRIK4",0.328516116714666
"_CTGTATTTCTGCTAGA-3","Glut-DACH2-2","Ex_DACH2_MGAT4C",0.284746328140362
"_CTGTCGTGTTACGGAG-3","Glut-DACH2-HVCx","Ex_BCL6",0.801098260197329
"_CTGTGAACAACGGTAG-3","Glut-DACH2-HVCra","Ex_BCL6",0.798438266956754
"_CTGTGAACATCGAGCC-3","Glut-DACH2-HVCra-Pre","Ex_DACH2_MGAT4C",0.376829549639935
"_CTGTGAACATGAAGCG-3","Glut-DACH2-1","Ex_DACH2_GRIK4",0.618496884133182
"_CTGTGAAGTAATCAGA-3","Glut-DACH2-HVCra-Pre","Ex_DACH2_LHX2",0.371288920236739
"_CTGTGAAGTCTCGGAC-3","Glut-DACH2-2","Ex_DACH2_NR4A3",0.491001069911628
"_CTGTGAATCGTTCCCA-3","Glut-DACH2-2","Ex_DACH2_LHX2",0.522411016912333
"_CTGTGGGCACGGAAGT-3","Glut-DACH2-2","Ex_DACH2_LUZP2",0.309778850702488
"_CTGTGGGGTCAGACTT-3","Glut-DACH2-HVCra","Ex_BCL6",0.658494617304037
"_CTGTGGGTCTAACGCA-3","Glut-DACH2-1","Ex_DACH2_MGAT4C",0.63048587553703
"_CTTACCGGTAGCGCTC-3","Glut-DACH2-2","Ex_DACH2_LHX2",0.467888753404157
"_CTTACCGGTCGTGCCA-3","Glut-DACH2-2","Ex_DACH2_NR4A3",0.332231111179167
"_CTTAGGAGTAAGGTCG-3","Glut-DACH2-2","Ex_DACH2_LHX2",0.495881031526743
"_CTTCAATCAAATGAAC-3","Glut-DACH2-HVCra","Ex_BCL6",0.556882282902303
"_CTTCAATCACGTACTA-3","Glut-DACH2-2","Ex_DACH2_GRIK4",0.295265697310936
"_CTTCCGAAGGAACTAT-3","Glut-DACH2-HVCx","Ex_Pre_KCNH7",0.633737676842241
"_CTTCCGAGTACCGGCT-3","Glut-DACH2-HVCra","Ex_BCL6",0.830435238482108
"_CTTCCTTAGTTGTCGT-3","Glut-DACH2-HVCra-Pre","Ex_DACH2_GRIK4",0.352559594483759
"_CTTCCTTCACACACGC-3","Glut-DACH2-HVCra","Ex_DACH2_GRIK4",0.420156329533503
"_CTTCGGTGTAACTAAG-3","Glut-DACH2-1","Ex_DACH2_MGAT4C",0.750192361508022
"_CTTCGGTTCACCATAG-3","Glut-DACH2-HVCra","Ex_BCL6",0.627357593409359
"_CTTCTAAAGACCTTTG-3","Glut-DACH2-HVCra","Ex_BCL6",0.424344097037676
"_CTTCTAATCGCCAACG-3","Glut-DACH2-HVCra-Pre","Ex_DACH2_MGAT4C",0.499369980630087
"_CTTCTAATCGCTGTCT-3","Glut-DACH2-HVCx","Ex_Pre_KCNH7",0.584309555179458
"_CTTCTCTCACCCTTGT-3","Glut-DACH2-HVCra-Pre","Ex_DACH2_GRIK4",0.653382738561924
"_CTTCTCTCACTTGGGC-3","Glut-DACH2-HVCra-Pre","Ex_DACH2_GRIK4",0.64794928504688
"_CTTCTCTCATCGTGGC-3","Glut-DACH2-HVCra-Pre","Ex_DACH2_MGAT4C",0.371850408888909
"_CTTCTCTTCTTCTCAA-3","Glut-DACH2-HVCx","Ex_Pre_KCNH7",0.604494822405556
"_CTTGAGAAGCCAACCC-3","Glut-DACH2-HVCx","Ex_BCL6",0.477008531093153
"_CTTGAGAAGCTGTTCA-3","Glut-DACH2-2","Ex_DACH2_LHX2",0.521685130504506
"_CTTGAGAAGTGCAACG-3","Glut-DACH2-HVCra-Pre","Ex_DACH2_MGAT4C",0.451931343919449
"_CTTGAGACAACTTGCA-3","Glut-DACH2-HVCra","Ex_BCL6",0.874667032340794
"_CTTGAGACACACAGCC-3","Glut-DACH2-5","Ex_DACH2_ADAMTS5",0.586840332778625
"_CTTGAGACAGCTACAT-3","Glut-DACH2-HVCra","Ex_DACH2_GRIK4",0.370487048356886
"_CTTGATTCAAATGATG-3","Glut-DACH2-HVCx","Ex_DACH2_ITGA9",0.443767485213878
"_CTTTCAAAGCTGGAGT-3","Glut-DACH2-HVCra","Ex_BCL6",0.534570437859222
"_CTTTCAATCGATTTCT-3","Glut-DACH2-HVCra","Ex_DACH2_LHX2",0.297410636253023
"_CTTTCGGCAAATTGGA-3","Glut-DACH2-HVCra","Ex_BCL6",0.553402823126014
"_CTTTCGGGTCGAACAG-3","Glut-DACH2-HVCra-Pre","Ex_DACH2_MGAT4C",0.497872940419425
"_GAAACCTCAATAGGGC-3","Glut-DACH2-2","Ex_DACH2_MGAT4C",0.523948367200718
"_GAAACCTGTAATGCTC-3","Glut-DACH2-HVCra","Ex_BCL6",0.719313069576471
"_GAAACCTGTAGGTAGC-3","Glut-DACH2-HVCx","Ex_Pre_KCNH7",0.725526498602765
"_GAAACCTTCCCTTCCC-3","Glut-DACH2-HVCra","Ex_BCL6",0.641086419160268
"_GAAATGAAGAGTCAAT-3","Glut-DACH2-HVCra","Ex_BCL6",0.572358433289722
"_GAAATGACAGGCGAAT-3","Glut-DACH2-HVCra-Pre","Ex_DACH2_GRIK4",0.521605223675996
"_GAAATGATCGGTCTAA-3","Glut-DACH2-HVCra","Ex_BCL6",0.659964542892185
"_GAACGTTCAGCATACT-3","Glut-DACH2-HVCra","Ex_BCL6",0.663312866530499
"_GAACGTTGTAGTTACC-3","Glut-DACH2-HVCra","Ex_BCL6",0.61490400073194
"_GAACGTTGTGTACGCC-3","Glut-DACH2-HVCx","Ex_Pre_KCNH7",0.61312448253288
"_GAACTGTTCCCAGTGG-3","Glut-DACH2-2","Ex_DACH2_GRIK4",0.504631846130108
"_GAACTGTTCGACGTCG-3","Glut-DACH2-1","Ex_DACH2_NR4A3",0.594857647899138
"_GAAGAATCACCGTCGA-3","Glut-DACH2-HVCra","Ex_BCL6",0.698809880684909
"_GAAGCCCCACCCATAA-3","Glut-DACH2-HVCx","Ex_DACH2_ITGA9",0.447518286661763
"_GAAGCCCTCGGAATGG-3","Glut-DACH2-HVCx","Ex_Pre_KCNH7",0.657624599514593
"_GAAGCGAAGATGGTCG-3","Glut-DACH2-HVCra-Pre","Ex_DACH2_LHX2",0.429847254110703
"_GAAGCGAAGCGCTTCG-3","Glut-DACH2-4","Ex_DACH2_ITGA9",0.803711383629541
"_GAAGCGACACAGAGCA-3","Glut-DACH2-HVCx","Ex_Pre_KCNH7",0.597963579168156
"_GAAGCGACAGGAGACT-3","Glut-DACH2-HVCra","Ex_BCL6",0.804463122568315
"_GAAGCGATCATCCTGC-3","Glut-DACH2-HVCra-Pre","Ex_DACH2_MGAT4C",0.403441576329021
"_GAAGGACAGATCGCTT-3","Glut-DACH2-2","Ex_DACH2_LHX2",0.393672784895443
"_GAAGGACAGTCACGAG-3","Glut-DACH2-2","Ex_DACH2_LHX2",0.438416980707849
"_GAAGGACCAGTCCCGA-3","Glut-DACH2-HVCra-Pre","Ex_DACH2_MGAT4C",0.520739209065296
"_GAAGGACTCCCGTTGT-3","Glut-DACH2-HVCra-Pre","Ex_DACH2_MGAT4C",0.58029598631982
"_GAAGGACTCTATACGG-3","Glut-DACH2-HVCra-Pre","Ex_DACH2_LHX2",0.589675870236543
"_GAAGGGTGTAGTGCGA-3","Glut-DACH2-HVCra","Ex_BCL6",0.857574187421658
"_GAAGGGTTCAGCCTTC-3","Glut-DACH2-HVCx","Ex_DACH2_ZMAT4",0.451368394296842
"_GAAGTAAAGAACTTCC-3","Glut-DACH2-HVCra","Ex_BCL6",0.767619062354712
"_GAAGTAACACCTGCAG-3","Glut-DACH2-HVCx","Ex_BCL6",0.355282928490997
"_GAAGTAACACGGTGTC-3","Glut-DACH2-HVCra-Pre","Ex_DACH2_MGAT4C",0.509366759348429
"_GAAGTAACAGTCAGAG-3","Glut-DACH2-2","Ex_DACH2_GRIK4",0.359189604342637
"_GAAGTAATCAGGCGAA-3","Glut-DACH2-HVCra","Ex_DACH2_GRIK4",0.371601069537386
"_GAATAGAAGGATGGCT-3","Glut-DACH2-HVCra","Ex_BCL6",0.712270813411876
"_GAATAGATCATCGCAA-3","Glut-DACH2-2","Ex_DACH2_LHX2",0.493690181826682
"_GAATCGTAGACTGAGC-3","Glut-DACH2-HVCra-Pre","Ex_BCL6",0.465022305860632
"_GAATCGTCAACGGCCT-3","Glut-DACH2-7","Ex_DACH2_MGAT4C",0.494438324579766
"_GAATCGTCAGTAGAAT-3","Glut-DACH2-HVCra","Ex_BCL6",0.676203851502786
"_GAATCGTTCTCGCGTT-3","Glut-DACH2-2","Ex_DACH2_LHX2",0.637117887714637
"_GACACGCAGACGAAGA-3","Glut-DACH2-2","Ex_DACH2_LUZP2",0.483203625295052
"_GACACGCAGGGATCAC-3","Glut-DACH2-HVCra-Pre","Ex_DACH2_SLIT2",0.390834431156368
"_GACACGCGTCCGACGT-3","Glut-DACH2-2","Ex_DACH2_LHX2",0.391148441788671
"_GACAGCCCAAGATCCT-3","Glut-DACH2-1","Ex_DACH2_LHX2",0.361458597169923
"_GACATCAAGAATTTGG-3","Glut-DACH2-HVCra","Ex_DACH2_GRIK4",0.369702563901806
"_GACATCACACGCGGTT-3","Glut-DACH2-HVCra","Ex_BCL6",0.421118870493703
"_GACCAATCACTACCGG-3","Glut-DACH2-HVCx","Ex_DACH2_ITGA9",0.482319660226742
"_GACCAATCAGGAGGAG-3","Glut-DACH2-1","Ex_DACH2_MGAT4C",0.377456169539744
"_GACCAATTCTCAGGCG-3","Glut-DACH2-HVCra-Pre","Ex_DACH2_MGAT4C",0.443664130757046
"_GACCCAGAGGTCATTC-3","Glut-DACH2-HVCx","Ex_DACH2_ITGA9",0.625091157464402
"_GACCCAGCACCCTAGG-3","Glut-DACH2-HVCra-Pre","Ex_DACH2_MGAT4C",0.262976697690796
"_GACCCAGCAGAATCGG-3","Glut-DACH2-HVCra","Ex_BCL6",0.769400085141603
"_GACCCAGGTCTACTGA-3","Glut-DACH2-2","Ex_DACH2_LHX2",0.487112935631267
"_GACCCTTCACCTATCC-3","Glut-DACH2-HVCra","Ex_BCL6",0.504085597081748
"_GACCCTTGTTGTGCAT-3","Glut-DACH2-HVCra","Ex_BCL6",0.87062108275368
"_GACCCTTGTTTACACG-3","Glut-DACH2-HVCra","Ex_BCL6",0.735320406760204
"_GACCGTGCATTCACCC-3","Glut-DACH2-HVCra-Pre","Ex_DACH2_LHX2",0.469026533711225
"_GACCGTGGTCTGTCAA-3","Glut-DACH2-HVCra-Pre","Ex_DACH2_LHX2",0.468567466431202
"_GACCGTGTCAATCGGT-3","Glut-DACH2-HVCra","Ex_BCL6",0.785943491285937
"_GACCTTCAGGTCACAG-3","Glut-DACH2-HVCra-Pre","Ex_DACH2_MGAT4C",0.418830661624621
"_GACCTTCTCGCAGTTA-3","Glut-DACH2-1","Ex_DACH2_GRIK4",0.439928494760382
"_GACCTTCTCTGCCTCA-3","Glut-DACH2-2","Ex_DACH2_LHX2",0.272196560062263
"_GACGCTGAGACCATAA-3","Glut-DACH2-HVCra","Ex_BCL6",0.827851263099481
"_GACGTTAAGACGCAGT-3","Glut-DACH2-2","Ex_DACH2_LHX2",0.603794241971334
"_GACGTTATCGACCCAG-3","Glut-DACH2-3","Ex_DACH2_SLIT2",0.601933960527314
"_GACGTTATCTGAACGT-3","Glut-DACH2-HVCra","Ex_BCL6",0.682297542311152
"_GACTATGAGTTGAATG-3","Glut-DACH2-HVCx","Ex_DACH2_ITGA9",0.369063911299412
"_GACTCAAGTTGGCTAT-3","Glut-DACH2-HVCra","Ex_BCL6",0.317162395809397
"_GACTCAATCGCTGATA-3","Glut-DACH2-HVCra-Pre","Ex_DACH2_MGAT4C",0.38296955718216
"_GACTCTCCAGACATCT-3","Glut-DACH2-HVCra-Pre","Ex_DACH2_MGAT4C",0.530640508497866
"_GACTCTCGTCTAATCG-3","Glut-DACH2-HVCra-Pre","Ex_DACH2_GRIK4",0.459201612950484
"_GACTCTCGTCTTCATT-3","Glut-DACH2-HVCra","Ex_BCL6",0.843427951976367
"_GACTGATGTAGCCAGA-3","Glut-DACH2-HVCx","Ex_DACH2_ZMAT4",0.388445597469183
"_GACTGATTCTTGGGCG-3","Glut-DACH2-HVCra","Ex_BCL6",0.548030082656615
"_GACTTCCAGCCAAGGT-3","Glut-DACH2-HVCx","Ex_Pre_KCNH7",0.650495507618192
"_GACTTCCCAACCTAAC-3","Glut-DACH2-HVCra","Ex_BCL6",0.721001552300058
"_GACTTCCGTGTGAGCA-3","Glut-DACH2-HVCra-Pre","Ex_DACH2_GRIK4",0.516223456575597
"_GAGAAATAGGGTCAAC-3","Glut-DACH2-HVCra","Ex_BCL6",0.510808771027795
"_GAGAAATCACCCTTGT-3","Glut-DACH2-HVCra","Ex_BCL6",0.880999857061477
"_GAGAAATCACCTGAAT-3","Glut-DACH2-HVCra","Ex_DACH2_MGAT4C",0.411549623585308
"_GAGACTTAGCGATTCT-3","Glut-DACH2-HVCra-Pre","Ex_DACH2_GRIK4",0.413496387224422
"_GAGACTTCATTCTCCG-3","Glut-DACH2-HVCra","Ex_BCL6",0.551308462003469
"_GAGACTTTCTATCGGA-3","Glut-DACH2-2","Ex_DACH2_LUZP2",0.381143439337566
"_GAGAGGTGTGTTTCTT-3","Glut-DACH2-HVCra","Ex_BCL6",0.849673342335935
"_GAGATGGAGGAGAGGC-3","Glut-DACH2-HVCra","Ex_BCL6",0.833625452579287
"_GAGATGGGTGCCTTCT-3","Glut-DACH2-HVCra","Ex_BCL6",0.772850706292467
"_GAGCCTGAGTGAGTGC-3","Glut-DACH2-1","Ex_DACH2_GRIK4",0.489751790990944
"_GAGCCTGGTTAAGAAC-3","Glut-DACH2-2","Ex_DACH2_LHX2",0.391972963065205
"_GAGCTGCCAAACACGG-3","Glut-DACH2-HVCra","Ex_DACH2_GRIK4",0.318467525752382
"_GAGCTGCCAGATCACT-3","Glut-DACH2-HVCra","Ex_BCL6",0.389468640774505
"_GAGCTGCCAGGAATAT-3","Glut-DACH2-HVCx","Ex_Pre_KCNH7",0.658077258453721
"_GAGCTGCGTGGACCTC-3","Glut-DACH2-HVCx","Ex_Pre_KCNH7",0.383553394706421
"_GAGGCAAAGAAAGCGA-3","Glut-DACH2-HVCra","Ex_BCL6",0.696095284837218
"_GAGGCAAAGGGCAACT-3","Glut-DACH2-1","Ex_DACH2_GRIK4",0.57494606279697
"_GAGGCAAAGGTTGTTC-3","Glut-DACH2-HVCra-Pre","Ex_DACH2_LHX2",0.528004632734365
"_GAGGCAACAAACCATC-3","Glut-DACH2-2","Ex_DACH2_LUZP2",0.401607091046955
"_GAGGCAACACGCTTAA-3","Glut-DACH2-HVCra-Pre","Ex_DACH2_GRIK4",0.402252229292338
"_GAGGCAACAGCCGTCA-3","Glut-DACH2-HVCra-Pre","Ex_DACH2_GRIK4",0.412513669336298
"_GAGGCCTAGGCTGTAG-3","Glut-DACH2-HVCra","Ex_BCL6",0.877924263183008
"_GAGGCCTCAACTAGAA-3","Glut-DACH2-HVCx","Ex_Pre_KCNH7",0.560472137632224
"_GAGGCCTGTTGCGGCT-3","Glut-DACH2-HVCra","Ex_BCL6",0.880395681753471
"_GAGGCCTTCCCTCGAT-3","Glut-DACH2-HVCra","Ex_BCL6",0.563025885090556
"_GAGGCCTTCTCCTACG-3","Glut-DACH2-HVCx","Ex_DACH2_ITGA9",0.566259177434259
"_GAGGGATCAAACACCT-3","Glut-DACH2-HVCra-Pre","Ex_DACH2_LHX2",0.468658602020486
"_GAGGGATTCCATTTCA-3","Glut-DACH2-HVCra","Ex_BCL6",0.711194921129101
"_GAGGGTATCATCACAG-3","Glut-DACH2-2","Ex_DACH2_MGAT4C",0.480042775240233
"_GAGGGTATCGGTAACT-3","Glut-DACH2-HVCra","Ex_BCL6",0.822943336274334
"_GAGTCATAGAGGGTGG-3","Glut-DACH2-HVCra","Ex_BCL6",0.621665826023054
"_GAGTCATCATACAGAA-3","Glut-DACH2-HVCx","Ex_DACH2_ITGA9",0.434528634802321
"_GAGTCATGTGACATCT-3","Glut-DACH2-2","Ex_DACH2_MGAT4C",0.458091836643367
"_GAGTCTACAGTGTGGA-3","Glut-DACH2-HVCra","Ex_BCL6",0.530100617407392
"_GAGTGAGAGACCGTTT-3","Glut-DACH2-2","Ex_DACH2_LUZP2",0.319367630561912
"_GAGTGAGCACATGTTG-3","Glut-DACH2-HVCra-Pre","Ex_DACH2_LUZP2",0.399048836483923
"_GAGTGAGTCGTTGTGA-3","Glut-DACH2-HVCra","Ex_BCL6",0.443952563545113
"_GAGTGTTAGCCTGAAG-3","Glut-DACH2-2","Ex_DACH2_LHX2",0.48245647347231
"_GAGTGTTGTATGGAGC-3","Glut-DACH2-HVCx","Ex_BCL6",0.536917264720831
"_GAGTGTTGTCTTCCGT-3","Glut-DACH2-HVCx","Ex_Pre_KCNH7",0.466808703886776
"_GAGTGTTGTGAAAGTT-3","Glut-DACH2-HVCra","Ex_BCL6",0.879583774334472
"_GAGTGTTGTTGCATGT-3","Glut-DACH2-HVCx","Ex_BCL6",0.881594844234408
"_GAGTTACCAGAGGTAC-3","Glut-DACH2-HVCx","Ex_Pre_KCNH7",0.721324936870957
"_GAGTTACGTGCCCACA-3","Glut-DACH2-HVCra-Pre","Ex_DACH2_LHX2",0.451206124422019
"_GAGTTACTCAGGTAAA-3","Glut-DACH2-2","Ex_DACH2_LUZP2",0.350366062178045
"_GAGTTGTAGTAGCAAT-3","Glut-DACH2-HVCra","Ex_BCL6",0.596704106326907
"_GAGTTGTAGTCAATCC-3","Glut-DACH2-HVCra","Ex_BCL6",0.80738044138188
"_GAGTTGTCAATTGCGT-3","Glut-DACH2-HVCra-Pre","Ex_DACH2_MGAT4C",0.386367272451673
"_GAGTTGTGTATCGAAA-3","Glut-DACH2-HVCra","Ex_BCL6",0.693522526462033
"_GAGTTGTGTCTACATG-3","Glut-DACH2-HVCra","Ex_BCL6",0.507200305657435
"_GAGTTGTTCAAGTCTG-3","Glut-DACH2-HVCra","Ex_BCL6",0.325895494705202
"_GAGTTTGCAGAACTTC-3","Glut-DACH2-HVCra-Pre","Ex_DACH2_GRIK4",0.390341846312969
"_GAGTTTGGTCCAGGTC-3","Glut-DACH2-HVCx","Ex_Pre_KCNH7",0.657566575991328
"_GAGTTTGTCGATTCCC-3","Glut-DACH2-2","Ex_DACH2_LHX2",0.363359473721627
"_GAGTTTGTCGTGCTCT-3","Glut-DACH2-HVCra","Ex_BCL6",0.783013147840169
"_GATAGAACACAAATCC-3","Glut-DACH2-HVCra","Ex_DACH2_TAC1",0.247643622384971
"_GATAGAACATGAAAGT-3","Glut-DACH2-HVCra","Ex_BCL6",0.810656596575385
"_GATAGAAGTGGCTTAT-3","Glut-DACH2-HVCra-Pre","Ex_DACH2_GRIK4",0.503923381855329
"_GATAGAATCCACTTCG-3","Glut-DACH2-HVCra-Pre","Ex_DACH2_GRIK4",0.421787416177234
"_GATAGCTGTTCGAAGG-3","Glut-DACH2-4","Ex_DACH2_ITGA9",0.508285019947683
"_GATCACAGTAAGACCG-3","Glut-DACH2-HVCx","Ex_BCL6",0.606547255082946
"_GATCACATCAGAATAG-3","Glut-DACH2-HVCra","Ex_BCL6",0.814437429821532
"_GATCACATCCAAACCA-3","Glut-DACH2-HVCx","Ex_Pre_KCNH7",0.508043462749768
"_GATCACATCTCATTGT-3","Glut-DACH2-HVCra-Pre","Ex_DACH2_LHX2",0.420643724286785
"_GATCAGTCAGGAGACT-3","Glut-DACH2-HVCra-Pre","Ex_DACH2_MGAT4C",0.377613447196654
"_GATCAGTGTTGTCATG-3","Glut-DACH2-HVCra-Pre","Ex_DACH2_MGAT4C",0.394951759419408
"_GATCATGAGGAATGTT-3","Glut-DACH2-HVCra-Pre","Ex_DACH2_GRIK4",0.450210190910028
"_GATCATGCAAACCATC-3","Glut-DACH2-2","Ex_DACH2_LHX2",0.547607603016169
"_GATCATGCAAGCCTGC-3","Glut-DACH2-2","Ex_DACH2_LUZP2",0.416789367330507
"_GATCCCTAGTCGGGAT-3","Glut-DACH2-4","Ex_DACH2_MGAT4C",0.22744811647736
"_GATCCCTCACGATTCA-3","Glut-DACH2-2","Ex_DACH2_LHX2",0.524396559996858
"_GATCGTAAGGCTAAAT-3","Glut-DACH2-HVCra-Pre","Ex_DACH2_LHX2",0.395218774603045
"_GATCGTAGTGAGATTA-3","Glut-DACH2-HVCra","Ex_BCL6",0.684999732719505
"_GATCGTAGTGCCCACA-3","Glut-DACH2-HVCra-Pre","Ex_DACH2_GRIK4",0.408496453759295
"_GATCGTAGTTGATGTC-3","Glut-DACH2-2","Ex_DACH2_LHX2",0.568332704344412
"_GATCGTAGTTGTGGCC-3","Glut-DACH2-2","Ex_DACH2_GRIK4",0.397680333142573
"_GATGACTAGACGCCCT-3","Glut-DACH2-HVCra-Pre","Ex_DACH2_LUZP2",0.273457645971563
"_GATGACTTCTCTAGGA-3","Glut-DACH2-HVCra","Ex_BCL6",0.549198687528786
"_GATGAGGGTAAGACCG-3","Glut-DACH2-2","Ex_DACH2_LHX2",0.504043045488546
"_GATGATCAGATGGTAT-3","Glut-DACH2-5","Ex_DACH2_ADAMTS5",0.674462397349489
"_GATGATCAGTCTCCTC-3","Glut-DACH2-HVCra-Pre","Ex_DACH2_NR4A3",0.490529671117855
"_GATGCTACAGCTCTGG-3","Glut-DACH2-HVCra-Pre","Ex_DACH2_GRIK4",0.39869093818599
"_GATGCTATCCTTGGAA-3","Glut-DACH2-HVCra","Ex_BCL6",0.819736638838753
"_GATGGAGAGCCGCACT-3","Glut-DACH2-HVCra","Ex_BCL6",0.82066237522121
"_GATGGAGCATCTCGTC-3","Glut-DACH2-HVCx","Ex_Pre_KCNH7",0.589381473181426
"_GATGGAGTCTACTATC-3","Glut-DACH2-HVCra","Ex_BCL6",0.658099965833679
"_GATGTTGAGCGCAATG-3","Glut-DACH2-HVCra","Ex_DACH2_GRIK4",0.320701873956644
"_GATGTTGCAGACGCTC-3","Glut-DACH2-2","Ex_DACH2_LHX2",0.505252830972058
"_GATGTTGGTGCATGTT-3","Glut-DACH2-HVCra-Pre","Ex_DACH2_MGAT4C",0.501607796924953
"_GATTCGATCTCCAAGA-3","Glut-DACH2-HVCx","Ex_BCL6",0.547591200973061
"_GATTCTTGTATGGTAA-3","Glut-DACH2-HVCx","Ex_Pre_KCNH7",0.734896290323248
"_GATTCTTTCGGCTGGT-3","Glut-DACH2-2","Ex_DACH2_MGAT4C",0.420877222951159
"_GATTGGTCATCACCAA-3","Glut-DACH2-2","Ex_DACH2_NR4A3",0.761871331474738
"_GATTGGTGTCAGTCTA-3","Glut-DACH2-HVCx","Ex_Pre_KCNH7",0.295841024365258
"_GATTGGTGTCCGGTGT-3","Glut-DACH2-2","Ex_DACH2_LHX2",0.359236622567924
"_GATTGGTTCCCTTCCC-3","Glut-DACH2-2","Ex_DACH2_GRIK4",0.283185142988947
"_GATTTCTCAATGTTGC-3","Glut-DACH2-HVCra-Pre","Ex_DACH2_GRIK4",0.326472039117092
"_GATTTCTCACCCTGTT-3","Glut-DACH2-2","Ex_DACH2_GRIK4",0.416350206015351
"_GCAACATAGAGGCTGT-3","Glut-DACH2-HVCra","Ex_BCL6",0.659422990747555
"_GCAACATAGCACCAGA-3","Glut-DACH2-HVCra-Pre","Ex_DACH2_NR4A3",0.482204596256099
"_GCAACATCAGATCATC-3","Glut-DACH2-HVCra-Pre","Ex_DACH2_LHX2",0.407595991122939
"_GCAACATGTAGCGCTC-3","Glut-DACH2-HVCx","Ex_BCL6",0.832082908274612
"_GCAACATGTGTGTACT-3","Glut-DACH2-HVCx","Ex_BCL6",0.669287849022313
"_GCAACATTCCCGTAAA-3","Glut-DACH2-HVCra","Ex_BCL6",0.585001557756693
"_GCACATAAGAAGGTAG-3","Glut-DACH2-2","Ex_DACH2_NR4A3",0.354126202403864
"_GCACATAAGCACTCGC-3","Glut-DACH2-HVCx","Ex_Pre_KCNH7",0.415235574221009
"_GCACATAAGTCGAATA-3","Glut-DACH2-HVCx","Ex_BCL6",0.458479471688311
"_GCACGGTAGAGTGTTA-3","Glut-DACH2-2","Ex_DACH2_LHX2",0.553328637875377
"_GCACGTGAGTTTGAGA-3","Glut-DACH2-HVCx","Ex_Pre_KCNH7",0.566532495650506
"_GCACGTGCACTAAACC-3","Glut-DACH2-HVCra","Ex_BCL6",0.765428470792382
"_GCACGTGTCCCAGCGA-3","Glut-DACH2-HVCra","Ex_BCL6",0.712637548274274
"_GCACGTGTCGGCATCG-3","Glut-DACH2-HVCra","Ex_DACH2_LHX2",0.459441609244247
"_GCACTAAGTAACGATA-3","Glut-DACH2-HVCra-Pre","Ex_DACH2_MGAT4C",0.506688062844304
"_GCACTAATCGTTCCTG-3","Glut-DACH2-2","Ex_DACH2_LUZP2",0.419518448611704
"_GCAGCTGAGACTAAGT-3","Glut-DACH2-4","Ex_DACH2_ITGA9",0.329184957638434
"_GCAGCTGAGTCTACCA-3","Glut-DACH2-HVCra","Ex_DACH2_LUZP2",0.311855088325438
"_GCAGCTGGTGTACGCC-3","Glut-DACH2-HVCra-Pre","Ex_DACH2_GRIK4",0.28249000305728
"_GCAGCTGTCCACATAG-3","Glut-DACH2-HVCra","Ex_DACH2_MGAT4C",0.386668989887126
"_GCAGGCTAGGCTCTAT-3","Glut-DACH2-4","Ex_DACH2_ITGA9",0.705257678997679
"_GCAGGCTCAACTCCAA-3","Glut-DACH2-HVCra-Pre","Ex_DACH2_GRIK4",0.475801486587666
"_GCAGTTAGTATTGGCT-3","Glut-DACH2-4","Ex_DACH2_ADAMTS5",0.308686793097117
"_GCATCGGAGGTTCCAT-3","Glut-DACH2-HVCra","Ex_BCL6",0.727521561306577
"_GCATCGGCATGACCCG-3","Glut-DACH2-4","Ex_DACH2_ITGA9",0.747895032021286
"_GCATCGGTCAGGGATG-3","Glut-DACH2-HVCra-Pre","Ex_DACH2_LHX2",0.608128246911524
"_GCATCTCCAGAAATTG-3","Glut-DACH2-2","Ex_DACH2_MGAT4C",0.326714097182042
"_GCATCTCTCAAGCCTA-3","Glut-DACH2-HVCra","Ex_BCL6",0.629623518607946
"_GCATCTCTCTTGGTGA-3","Glut-DACH2-HVCra-Pre","Ex_DACH2_GRIK4",0.432841620359377
"_GCATGATCACCGGCTA-3","Glut-DACH2-2","Ex_DACH2_MGAT4C",0.433477618988749
"_GCATGATGTCGTATTG-3","Glut-DACH2-HVCra-Pre","Ex_DACH2_LUZP2",0.285946763134131
"_GCATGATGTTAATCGC-3","Glut-DACH2-1","Ex_DACH2_MGAT4C",0.619086724412099
"_GCATGATTCACTGGTA-3","Glut-DACH2-HVCx","Ex_BCL6",0.72453592916172
"_GCATGATTCGCAACAT-3","Glut-DACH2-2","Ex_DACH2_GRIK4",0.428640465339281
"_GCATTAGAGACGCTCC-3","Glut-DACH2-HVCx","Ex_Pre_KCNH7",0.662022864180119
"_GCATTAGGTGACGTCC-3","Glut-DACH2-HVCra","Ex_BCL6",0.767219640927893
"_GCATTAGTCGTCAAAC-3","Glut-DACH2-HVCx","Ex_Pre_KCNH7",0.444525812902589
"_GCCAGCAAGCGTGAAC-3","Glut-DACH2-HVCra","Ex_BCL6",0.364394728400497
"_GCCAGCAAGGAGGGTG-3","Glut-DACH2-HVCra","Ex_BCL6",0.35308601392521
"_GCCAGCAAGGGTATAT-3","Glut-DACH2-1","Ex_DACH2_GRIK4",0.393060821190201
"_GCCAGCATCTATGTGG-3","Glut-DACH2-2","Ex_DACH2_LHX2",0.481052352766348
"_GCCAGGTAGCCTCACG-3","Glut-DACH2-HVCra","Ex_BCL6",0.613481835976109
"_GCCAGGTAGCGTCTGC-3","Glut-DACH2-HVCra","Ex_BCL6",0.600161255502217
"_GCCAGTGGTATGCTAC-3","Glut-DACH2-HVCra","Ex_BCL6",0.563781977411844
"_GCCAGTGTCATGTCAG-3","Glut-DACH2-HVCra-Pre","Ex_DACH2_GRIK4",0.454659918463847
"_GCCATGGAGACATCAA-3","Glut-DACH2-2","Ex_DACH2_LUZP2",0.403597834576542
"_GCCATGGTCGGATAAA-3","Glut-DACH2-HVCx","Ex_Pre_KCNH7",0.253858366232194
"_GCCATTCAGGTGCTAG-3","Glut-DACH2-3","Ex_DACH2_ZMAT4",0.410713181537307
"_GCCATTCCAGCCCACA-3","Glut-DACH2-2","Ex_DACH2_MGAT4C",0.652185977509561
"_GCCCAGAAGTCCGCGT-3","Glut-DACH2-HVCra-Pre","Ex_DACH2_GRIK4",0.593590607112934
"_GCCCAGAGTACAGTAA-3","Glut-DACH2-2","Ex_DACH2_LHX2",0.541605243713541
"_GCCCAGAGTCTAGATC-3","Glut-DACH2-HVCra","Ex_DACH2_LHX2",0.27888062192277
"_GCCCGAAAGTCTCCTC-3","Glut-DACH2-HVCra","Ex_BCL6",0.444532074609416
"_GCCCGAACAATTGGTC-3","Glut-DACH2-HVCra","Ex_BCL6",0.623972726401995
"_GCCCGAACATAGATGA-3","Glut-DACH2-HVCx","Ex_Pre_KCNH7",0.322495788331254
"_GCCCGAAGTTCTCCCA-3","Glut-DACH2-HVCra-Pre","Ex_DACH2_GRIK4",0.414416957482459
"_GCCCGAATCTTCCTAA-3","Glut-DACH2-HVCra-Pre","Ex_DACH2_MGAT4C",0.655562245322401
"_GCCGATGCATATCTCT-3","Glut-DACH2-HVCra","Ex_BCL6",0.869384457396369
"_GCCGATGTCCTTCACG-3","Glut-DACH2-HVCra-Pre","Ex_DACH2_GRIK4",0.446721633946738
"_GCCGTGATCTCCGAGG-3","Glut-DACH2-4","Ex_DACH2_ITGA9",0.341361376179132
"_GCCTGTTCATTGAAAG-3","Glut-DACH2-HVCx","Ex_BCL6",0.765802279804024
"_GCCTGTTTCGGTTAGT-3","Glut-DACH2-HVCx","Ex_DACH2_ITGA9",0.345640582881843
"_GCGAGAAAGTGTAGTA-3","Glut-DACH2-HVCra-Pre","Ex_DACH2_LHX2",0.418795984438833
"_GCGAGAACATGAAAGT-3","Glut-DACH2-HVCra","Ex_BCL6",0.797187539973312
"_GCGAGAAGTCTACAGT-3","Glut-DACH2-HVCra","Ex_BCL6",0.749856827682362
"_GCGATCGGTCCGAAGA-3","Glut-DACH2-HVCra","Ex_BCL6",0.645047933608574
"_GCGATCGTCAATCGGT-3","Glut-DACH2-HVCra","Ex_BCL6",0.715469820859811
"_GCGGAAATCGTTAGTG-3","Glut-DACH2-HVCra","Ex_BCL6",0.491431442099857
"_GCGGATCGTAGCGAGT-3","Glut-DACH2-HVCra-Pre","Ex_BCL6",0.697763790002982
"_GCGGATCGTGAATATG-3","Glut-DACH2-HVCra-Pre","Ex_DACH2_MGAT4C",0.259713192416845
"_GCGTGCACATGTCTAG-3","Glut-DACH2-HVCra","Ex_BCL6",0.828603943805881
"_GCGTGCATCATTGAGC-3","Glut-DACH2-HVCx","Ex_DACH2_ITGA9",0.401206086790517
"_GCGTTTCAGGGTTAAT-3","Glut-DACH2-HVCra","Ex_BCL6",0.526591826032604
"_GCTACAAAGTATAGAC-3","Glut-DACH2-HVCra","Ex_BCL6",0.638423348176379
"_GCTACAAGTGGCACTC-3","Glut-DACH2-HVCra","Ex_BCL6",0.475117255802378
"_GCTACAATCAAGCCTA-3","Glut-DACH2-HVCra","Ex_BCL6",0.486763118762647
"_GCTACCTTCACCCTTG-3","Glut-DACH2-HVCx","Ex_Pre_KCNH7",0.719735556382767
"_GCTACCTTCTCTGCCA-3","Glut-DACH2-HVCra-Pre","Ex_DACH2_MGAT4C",0.662106223723918
"_GCTCAAAAGTATTGCC-3","Glut-DACH2-HVCra-Pre","Ex_DACH2_GRIK4",0.28013828475102
"_GCTCAAAGTCATCGGC-3","Glut-DACH2-2","Ex_DACH2_MGAT4C",0.250606730583655
"_GCTCAAAGTGACAACG-3","Glut-DACH2-HVCx","Ex_Pre_KCNH7",0.400779877791795
"_GCTCAAAGTTCTCAGA-3","Glut-DACH2-HVCra","Ex_BCL6",0.906086455867439
"_GCTGAATCAATTTCCT-3","Glut-DACH2-HVCra","Ex_BCL6",0.770891717192074
"_GCTGCAGGTGAACTAA-3","Glut-DACH2-HVCra","Ex_BCL6",0.515734284194397
"_GCTGGGTGTTACGTAC-3","Glut-DACH2-HVCra","Ex_BCL6",0.645243713222867
"_GCTTCACCATGAATAG-3","Glut-DACH2-2","Ex_DACH2_MGAT4C",0.476270537616032
"_GCTTCACGTATCAGCT-3","Glut-DACH2-HVCra-Pre","Ex_DACH2_GRIK4",0.492463813514278
"_GCTTCACTCTTCGTAT-3","Glut-DACH2-HVCra","Ex_BCL6",0.528730115283402
"_GCTTGGGGTGTTCATG-3","Glut-DACH2-HVCx","Ex_Pre_KCNH7",0.586369015163704
"_GCTTGGGGTTACCCTC-3","Glut-DACH2-2","Ex_DACH2_LHX2",0.53863219682898
"_GCTTGGGGTTCGGACC-3","Glut-DACH2-HVCx","Ex_DACH2_ITGA9",0.391945129379903
"_GCTTTCGAGGCTTCCG-3","Glut-DACH2-2","Ex_DACH2_GRIK4",0.731935808365146
"_GCTTTCGCAGTCAGAG-3","Glut-DACH2-HVCx","Ex_BCL6",0.462907041396113
"_GCTTTCGGTTTACCAG-3","Glut-DACH2-HVCx","Ex_BCL6",0.613929381852281
"_GCTTTCGTCTACACTT-3","Glut-DACH2-HVCra-Pre","Ex_DACH2_MGAT4C",0.556336083986138
"_GGAACCCCATACTGTG-3","Glut-DACH2-2","Ex_DACH2_LHX2",0.520592499277621
"_GGAACCCGTAAGGCCA-3","Glut-DACH2-2","Ex_DACH2_LHX2",0.527279360235777
"_GGAAGTGCACTACCGG-3","Glut-DACH2-HVCra","Ex_BCL6",0.500038105469303
"_GGAAGTGGTATTCCGA-3","Glut-DACH2-HVCra","Ex_BCL6",0.738376277833756
"_GGAAGTGTCACTCTTA-3","Glut-DACH2-2","Ex_DACH2_LHX2",0.472689610783255
"_GGAAGTGTCCGTATAG-3","Glut-DACH2-HVCra","Ex_BCL6",0.480548234077292
"_GGAATCTCAATCTCTT-3","Glut-DACH2-HVCra","Ex_BCL6",0.649487115821671
"_GGAATCTCAGAGTTGG-3","Glut-DACH2-HVCx","Ex_BCL6",0.465499171328539
"_GGAATCTTCTGAGGCC-3","Glut-DACH2-HVCra-Pre","Ex_DACH2_LUZP2",0.433048069205277
"_GGACGTCAGGCACGAT-3","Glut-DACH2-HVCx","Ex_BCL6",0.712126146486815
"_GGACGTCGTGACACAG-3","Glut-DACH2-HVCx","Ex_DACH2_ITGA9",0.384080055409275
"_GGAGAACCATGCGGTC-3","Glut-DACH2-2","Ex_DACH2_LHX2",0.465919811847758
"_GGAGATGAGGGAGTTC-3","Glut-DACH2-3","Ex_DACH2_ITGA9",0.459142615180569
"_GGAGATGCAGCGAGTA-3","Glut-DACH2-HVCra","Ex_BCL6",0.782685974951377
"_GGAGCAAAGCACTTTG-3","Glut-DACH2-HVCx","Ex_DACH2_ITGA9",0.358017544294287
"_GGAGGATAGCGCATCC-3","Glut-DACH2-HVCra-Pre","Ex_DACH2_MGAT4C",0.648524562187319
"_GGAGGATGTCGATTAC-3","Glut-DACH2-2","Ex_DACH2_MGAT4C",0.36050195990296
"_GGAGGTACACGCGCAT-3","Glut-DACH2-HVCra","Ex_BCL6",0.807518384114471
"_GGAGGTACACTTGGCG-3","Glut-DACH2-HVCra-Pre","Ex_DACH2_LUZP2",0.44415486900557
"_GGATCTAAGTGGTTAA-3","Glut-DACH2-2","Ex_DACH2_LUZP2",0.294906412043554
"_GGATCTATCATTCCTA-3","Glut-DACH2-HVCra","Ex_BCL6",0.667801129763678
"_GGATCTATCTAGAGCT-3","Glut-DACH2-HVCra","Ex_BCL6",0.856786663145268
"_GGATGTTAGCTTCATG-3","Glut-DACH2-2","Ex_DACH2_LHX2",0.581397992457358
"_GGATGTTTCTATCACT-3","Glut-DACH2-HVCra-Pre","Ex_DACH2_MGAT4C",0.429576749398742
"_GGCACGTAGGACAGCT-3","Glut-DACH2-HVCra","Ex_BCL6",0.808996306205361
"_GGCACGTAGGTTGGTG-3","Glut-DACH2-2","Ex_DACH2_MGAT4C",0.781274140381384
"_GGCACGTCACAGCCAC-3","Glut-DACH2-HVCra-Pre","Ex_DACH2_LHX2",0.391242409471226
"_GGCAGTCAGCTCGAAG-3","Glut-DACH2-HVCra","Ex_DACH2_GRIK4",0.452066407293896
"_GGCAGTCCAAATCGGG-3","Glut-DACH2-HVCra","Ex_BCL6",0.758516827516834
"_GGCGTCAAGGATGGCT-3","Glut-DACH2-2","Ex_DACH2_NR4A3",0.872878575690622
"_GGCGTCACAACTCGTA-3","Glut-DACH2-4","Ex_DACH2_ITGA9",0.418593143189915
"_GGCGTCACACCTGCGA-3","Glut-DACH2-HVCra","Ex_BCL6",0.645031932920835
"_GGCTGTGCAAAGTGTA-3","Glut-DACH2-HVCra-Pre","Ex_DACH2_MGAT4C",0.574195534867011
"_GGCTGTGCAATATCCG-3","Glut-DACH2-HVCra","Ex_BCL6",0.266076634479801
"_GGCTGTGTCCACGAAT-3","Glut-DACH2-HVCra","Ex_BCL6",0.71294293063507
"_GGCTTGGCAAGAGGCT-3","Glut-DACH2-4","Ex_DACH2_ITGA9",0.707105024461478
"_GGCTTGGGTGGGCTTC-3","Glut-DACH2-HVCra-Pre","Ex_DACH2_GRIK4",0.382357523352094
"_GGCTTGGTCCGTATGA-3","Glut-DACH2-HVCra-Pre","Ex_DACH2_MGAT4C",0.380309878231796
"_GGCTTTCTCCATACTT-3","Glut-DACH2-2","Ex_DACH2_LHX2",0.371498242309276
"_GGGAAGTAGCACTCCG-3","Glut-DACH2-HVCra","Ex_BCL6",0.8293680807207
"_GGGAAGTCACGATAGG-3","Glut-DACH2-HVCra-Pre","Ex_DACH2_GRIK4",0.465801251585515
"_GGGAAGTCATCCGGTG-3","Glut-DACH2-HVCx","Ex_Pre_KCNH7",0.61142362790521
"_GGGAAGTGTTCAAGTC-3","Glut-DACH2-2","Ex_DACH2_MGAT4C",0.47300115534428
"_GGGAAGTTCTACTTCA-3","Glut-DACH2-1","Ex_DACH2_MGAT4C",0.516144962857758
"_GGGACAACACTCTCGT-3","Glut-DACH2-3","Ex_DACH2_NR4A3",0.39222830198617
"_GGGACAAGTCTCACGG-3","Glut-DACH2-HVCx","Ex_DACH2_ITGA9",0.590656692713738
"_GGGACAAGTTTGCAGT-3","Glut-DACH2-HVCra","Ex_BCL6",0.912224422836322
"_GGGACCTCAGAGAAAG-3","Glut-DACH2-HVCra-Pre","Ex_DACH2_GRIK4",0.552522227542736
"_GGGACCTGTACGCGTC-3","Glut-DACH2-HVCra-Pre","Ex_DACH2_LHX2",0.596549288473461
"_GGGACCTGTATGTCCA-3","Glut-DACH2-HVCx","Ex_Pre_KCNH7",0.656354718943934
"_GGGACCTGTCTTCATT-3","Glut-DACH2-HVCra-Pre","Ex_DACH2_NR4A3",0.311658678190019
"_GGGACTCGTGACAGGT-3","Glut-DACH2-2","Ex_DACH2_MGAT4C",0.324545898306846
"_GGGACTCGTGAGCGAT-3","Glut-DACH2-HVCra","Ex_BCL6",0.823678685885038
"_GGGACTCTCTCTCAAT-3","Glut-DACH2-HVCra","Ex_BCL6",0.831416082133147
"_GGGAGATCACGACAGA-3","Glut-DACH2-2","Ex_DACH2_GRIK4",0.431911916847767
"_GGGAGATGTGCCTGCA-3","Glut-DACH2-HVCx","Ex_Pre_KCNH7",0.55974336419584
"_GGGAGATGTGTCCAAT-3","Glut-DACH2-2","Ex_DACH2_LUZP2",0.637005724317737
"_GGGAGATTCTAGACAC-3","Glut-DACH2-4","Ex_DACH2_NR4A3",0.443836931401439
"_GGGAGTACAGAACTCT-3","Glut-DACH2-HVCx","Ex_Pre_KCNH7",0.503582614720477
"_GGGAGTACATGTCGTA-3","Glut-DACH2-HVCra","Ex_BCL6",0.786039283678352
"_GGGATGAAGTAGCTCT-3","Glut-DACH2-HVCra-Pre","Ex_DACH2_MGAT4C",0.385113939563236
"_GGGCCATAGGAGGGTG-3","Glut-DACH2-2","Ex_DACH2_LHX2",0.314006051507442
"_GGGCCATGTCTATGAC-3","Glut-DACH2-HVCra","Ex_DACH2_LHX2",0.317144676330214
"_GGGCCATTCTATCCAT-3","Glut-DACH2-2","Ex_DACH2_GRIK4",0.389721097296001
"_GGGCGTTAGAAGGGAT-3","Glut-DACH2-HVCra","Ex_BCL6",0.600883950471958
"_GGGCGTTAGAGCACTG-3","Glut-DACH2-HVCra","Ex_BCL6",0.769610205895598
"_GGGCGTTCAGGTGAGT-3","Glut-DACH2-2","Ex_DACH2_GRIK4",0.396539710793226
"_GGGCGTTCATGAGTAA-3","Glut-DACH2-HVCra-Pre","Ex_DACH2_MGAT4C",0.383203583278724
"_GGGCGTTGTGCATGAG-3","Glut-DACH2-HVCx","Ex_Pre_KCNH7",0.676930906004409
"_GGGCGTTGTGCGGCTT-3","Glut-DACH2-HVCra","Ex_BCL6",0.778769786936148
"_GGGCGTTTCTAGGAAA-3","Glut-DACH2-HVCra-Pre","Ex_BCL6",0.425977910451246
"_GGGCTCAAGAAACTGT-3","Glut-DACH2-HVCra-Pre","Ex_DACH2_GRIK4",0.406180809966726
"_GGGCTCACAATTTCGG-3","Glut-DACH2-HVCra-Pre","Ex_DACH2_LUZP2",0.256924645347183
"_GGGCTCACAGAAATTG-3","Glut-DACH2-HVCra","Ex_BCL6",0.575817178279908
"_GGGCTCAGTACGGCAA-3","Glut-DACH2-HVCra-Pre","Ex_DACH2_GRIK4",0.328917726036064
"_GGGTAGAGTCGAGATG-3","Glut-DACH2-HVCx","Ex_Pre_KCNH7",0.582220352144847
"_GGGTAGAGTGCAACGA-3","Glut-DACH2-HVCra-Pre","Ex_DACH2_ITGA9",0.391210226065063
"_GGGTATTCAAGCTGTT-3","Glut-DACH2-HVCra-Pre","Ex_DACH2_GRIK4",0.42220958074389
"_GGGTATTCACACTGGC-3","Glut-DACH2-HVCra","Ex_BCL6",0.749459453838822
"_GGGTATTCACGACGAA-3","Glut-DACH2-2","Ex_DACH2_NR4A3",0.262102792189276
"_GGGTATTGTAGCTGTT-3","Glut-DACH2-HVCra","Ex_BCL6",0.631266776070672
"_GGGTCACGTACCGTCG-3","Glut-DACH2-HVCra","Ex_BCL6",0.896769969907399
"_GGGTCACGTGTTGCCG-3","Glut-DACH2-2","Ex_DACH2_LUZP2",0.324892856443236
"_GGGTCTGAGATAACGT-3","Glut-DACH2-HVCra-Pre","Ex_DACH2_LUZP2",0.336767189712433
"_GGGTCTGGTGATAGAT-3","Glut-DACH2-HVCra","Ex_BCL6",0.305425518932522
"_GGGTCTGTCATTACGG-3","Glut-DACH2-HVCra","Ex_BCL6",0.388593511358141
"_GGGTCTGTCCGTGCGA-3","Glut-DACH2-2","Ex_DACH2_LUZP2",0.242677970857926
"_GGGTCTGTCTCTGCTG-3","Glut-DACH2-HVCra-Pre","Ex_DACH2_MGAT4C",0.432840643509411
"_GGGTGAACATCTGCGG-3","Glut-DACH2-HVCra","Ex_BCL6",0.627509553449367
"_GGGTGAATCACAGAGG-3","Glut-DACH2-HVCra-Pre","Ex_DACH2_LHX2",0.454467584842872
"_GGGTGAATCGGCTTGG-3","Glut-DACH2-HVCx","Ex_DACH2_ITGA9",0.469914509603053
"_GGGTGTCAGCTCGAAG-3","Glut-DACH2-HVCra","Ex_BCL6",0.672978918723062
"_GGGTGTCAGTGCCAGA-3","Glut-DACH2-HVCra-Pre","Ex_DACH2_MGAT4C",0.596962882177653
"_GGGTGTCCATTGCCGG-3","Glut-DACH2-HVCra","Ex_BCL6",0.69342614055158
"_GGGTGTCGTAAGGCTG-3","Glut-DACH2-1","Ex_DACH2_GRIK4",0.591284566365283
"_GGGTGTCGTATGGAAT-3","Glut-DACH2-HVCx","Ex_BCL6",0.70540121244156
"_GGGTTATCAGCGGATA-3","Glut-DACH2-HVCx","Ex_BCL6",0.483030340389711
"_GGGTTATGTACAAGCG-3","Glut-DACH2-HVCra","Ex_BCL6",0.750191772840387
"_GGGTTATTCACTCACC-3","Glut-DACH2-2","Ex_DACH2_LHX2",0.421875182535523
"_GGGTTTACAAGCGGAT-3","Glut-DACH2-HVCra","Ex_BCL6",0.884753079143238
"_GGGTTTAGTGAATATG-3","Glut-DACH2-HVCra-Pre","Ex_DACH2_GRIK4",0.827069643911855
"_GGTAACTCAAACACCT-3","Glut-DACH2-2","Ex_DACH2_LHX2",0.504404097236769
"_GGTAACTGTCCTATAG-3","Glut-DACH2-4","Ex_DACH2_ITGA9",0.797810618651314
"_GGTAACTGTTATAGAG-3","Glut-DACH2-2","Ex_DACH2_GRIK4",0.48488477453159
"_GGTAACTTCGCTGCGA-3","Glut-DACH2-2","Ex_DACH2_LHX2",0.589991222715812
"_GGTAACTTCTGAATCG-3","Glut-DACH2-2","Ex_DACH2_GRIK4",0.295388793557719
"_GGTAACTTCTTAGCCC-3","Glut-DACH2-HVCx","Ex_Pre_KCNH7",0.55405677812842
"_GGTAATCCACAGCCTG-3","Glut-DACH2-HVCra","Ex_BCL6",0.498380333756837
"_GGTAATCGTAACAGGC-3","Glut-DACH2-HVCra","Ex_BCL6",0.691675701897168
"_GGTAATCGTGATGTAA-3","Glut-DACH2-HVCx","Ex_Pre_KCNH7",0.444132399808764
"_GGTAATCTCTCAACCC-3","Glut-DACH2-HVCra","Ex_BCL6",0.893807997265666
"_GGTAGAGCAGAGGACT-3","Glut-DACH2-2","Ex_DACH2_LHX2",0.636387159494591
"_GGTAGAGCAGCTGTCG-3","Glut-DACH2-HVCra","Ex_BCL6",0.690441874573138
"_GGTAGAGGTCGGAACA-3","Glut-DACH2-HVCra","Ex_BCL6",0.922345232247801
"_GGTAGAGTCCTTTAGT-3","Glut-DACH2-HVCra","Ex_BCL6",0.777617245717998
"_GGTCACGAGTAACCGG-3","Glut-DACH2-HVCra","Ex_BCL6",0.689219101490846
"_GGTCTGGAGTAGGAAG-3","Glut-DACH2-HVCra","Ex_BCL6",0.842161737362784
"_GGTCTGGCAATCAGCT-3","Glut-DACH2-HVCx","Ex_DACH2_ITGA9",0.648979147528989
"_GGTCTGGGTCGGAAAC-3","Glut-DACH2-HVCra-Pre","Ex_DACH2_LHX2",0.441413441084747
"_GGTGAAGAGATGCTTC-3","Glut-DACH2-1","Ex_DACH2_MGAT4C",0.565719303667189
"_GGTGATTGTTGTGCAT-3","Glut-DACH2-2","Ex_DACH2_LHX2",0.443659405111129
"_GGTGGCTAGCGTCGAA-3","Glut-DACH2-HVCx","Ex_Pre_KCNH7",0.492253170422953
"_GGTGGCTGTCACTCTC-3","Glut-DACH2-HVCra","Ex_BCL6",0.537048843894911
"_GGTGGCTGTCCTTTGC-3","Glut-DACH2-2","Ex_DACH2_MGAT4C",0.306156233359314
"_GGTGGCTGTGGACAGT-3","Glut-DACH2-4","Ex_DACH2_NR4A3",0.311983791271374
"_GGTGGCTTCACCATCC-3","Glut-DACH2-1","Ex_DACH2_GRIK4",0.494136819019242
"_GGTGTCGAGTCGAAAT-3","Glut-DACH2-HVCra-Pre","Ex_DACH2_MGAT4C",0.303093346939462
"_GGTGTCGCACGCAAAG-3","Glut-DACH2-HVCra","Ex_BCL6",0.892771051774862
"_GGTGTCGTCTTTGCTA-3","Glut-DACH2-4","Ex_DACH2_ITGA9",0.536039090561841
"_GGTGTTACAGTATTCG-3","Glut-DACH2-HVCra-Pre","Ex_DACH2_LHX2",0.392706010750697
"_GGTGTTATCTGAACGT-3","Glut-DACH2-HVCra","Ex_BCL6",0.654024023304759
"_GGTTAACCATCTAGAC-3","Glut-DACH2-2","Ex_DACH2_LHX2",0.387620080852321
"_GGTTAACGTCTATGAC-3","Glut-DACH2-HVCra-Pre","Ex_DACH2_MGAT4C",0.648158770805629
"_GGTTAACGTCTGCAAT-3","Glut-DACH2-HVCra-Pre","Ex_DACH2_GRIK4",0.785353646597708
"_GGTTCTCAGTACCATC-3","Glut-DACH2-HVCra-Pre","Ex_DACH2_MGAT4C",0.31561500779759
"_GGTTGTAGTCACAATC-3","Glut-DACH2-2","Ex_DACH2_LHX2",0.553081752169704
"_GGTTGTAGTCCAAATC-3","Glut-DACH2-HVCx","Ex_Pre_KCNH7",0.552432289695575
"_GGTTGTAGTTCCACAA-3","Glut-DACH2-2","Ex_DACH2_LHX2",0.376917728001647
"_GTAACACAGAGGTGCT-3","Glut-DACH2-HVCx","Ex_BCL6",0.453758877198118
"_GTAACACCACTTGACA-3","Glut-DACH2-2","Ex_DACH2_GRIK4",0.50944827160042
"_GTAACACGTCATTCCC-3","Glut-DACH2-HVCx","Ex_DACH2_ITGA9",0.463008216256772
"_GTAACACTCGTTTACT-3","Glut-DACH2-2","Ex_DACH2_LHX2",0.589476489995084
"_GTAACCAAGATGGTAT-3","Glut-DACH2-2","Ex_DACH2_LUZP2",0.323518341888244
"_GTAACCAGTAGGCAAC-3","Glut-DACH2-HVCra-Pre","Ex_DACH2_MGAT4C",0.488606951894193
"_GTAAGTCGTAGCTTGT-3","Glut-DACH2-HVCra-Pre","Ex_DACH2_MGAT4C",0.559045099737931
"_GTAAGTCGTTGGATCT-3","Glut-DACH2-HVCra-Pre","Ex_DACH2_GRIK4",0.356983703139625
"_GTAAGTCTCACACCCT-3","Glut-DACH2-HVCra","Ex_BCL6",0.707561138294849
"_GTAATCGGTCACTCTC-3","Glut-DACH2-HVCra","Ex_BCL6",0.554687357738334
"_GTAATCGGTGCATTTG-3","Glut-DACH2-HVCra-Pre","Ex_DACH2_GRIK4",0.578808794003495
"_GTAATCGGTGCGGTAA-3","Glut-DACH2-HVCra","Ex_BCL6",0.65872315337366
"_GTAATCGTCGCGATCG-3","Glut-DACH2-HVCra-Pre","Ex_DACH2_GRIK4",0.465476438899935
"_GTAATCGTCTCTGAGA-3","Glut-DACH2-HVCra","Ex_BCL6",0.886649554222898
"_GTAATGCAGTGCGACA-3","Glut-DACH2-HVCx","Ex_BCL6",0.716362456514759
"_GTAATGCGTCCACGCA-3","Glut-DACH2-HVCra-Pre","Ex_DACH2_MGAT4C",0.473469161942839
"_GTAATGCGTGCTTATG-3","Glut-DACH2-5","Ex_DACH2_LHX2",0.560549489203511
"_GTAATGCTCACCTGTC-3","Glut-DACH2-HVCra","Ex_BCL6",0.635100450004332
"_GTAATGCTCTTCTAAC-3","Glut-DACH2-HVCra","Ex_BCL6",0.921637022798376
"_GTACAACCAGACAAGC-3","Glut-DACH2-HVCra","Ex_BCL6",0.506863947686041
"_GTACAACGTGTCCCTT-3","Glut-DACH2-HVCra","Ex_BCL6",0.486238561131601
"_GTACAGTAGTTGCCCG-3","Glut-DACH2-HVCra-Pre","Ex_DACH2_GRIK4",0.485654083471312
"_GTACAGTGTAGAATAC-3","Glut-DACH2-HVCra-Pre","Ex_DACH2_GRIK4",0.540510560687909
"_GTAGAAAAGACAGCTG-3","Glut-DACH2-HVCra","Ex_BCL6",0.778623159930304
"_GTAGAAAAGTCATGAA-3","Glut-DACH2-2","Ex_DACH2_LHX2",0.383392329537426
"_GTAGAAACATAGCTGT-3","Glut-DACH2-HVCra-Pre","Ex_DACH2_LHX2",0.522725892299527
"_GTAGAAAGTGATAGAT-3","Glut-DACH2-HVCra-Pre","Ex_DACH2_MGAT4C",0.734126159399169
"_GTAGAAAGTTCCCAAA-3","Glut-DACH2-HVCx","Ex_BCL6",0.783121111853897
"_GTAGAAATCTATCGCC-3","Glut-DACH2-HVCra-Pre","Ex_DACH2_NR4A3",0.486750484513888
"_GTAGAGGGTATGGAGC-3","Glut-DACH2-HVCra","Ex_BCL6",0.656799025431003
"_GTAGAGGGTTACCTGA-3","Glut-DACH2-HVCx","Ex_Pre_KCNH7",0.706223479680655
"_GTAGAGGTCCTACCAC-3","Glut-DACH2-HVCra","Ex_BCL6",0.726562726897289
"_GTAGAGGTCGTCGACG-3","Glut-DACH2-HVCra-Pre","Ex_DACH2_MGAT4C",0.35129689642078
"_GTAGATCGTAATGCGG-3","Glut-DACH2-HVCx","Ex_DACH2_ITGA9",0.41061518506906
"_GTAGCTACACTCACTC-3","Glut-DACH2-HVCra-Pre","Ex_DACH2_LHX2",0.443417872303763
"_GTAGCTACATGCACTA-3","Glut-DACH2-2","Ex_DACH2_MGAT4C",0.285350717576143
"_GTAGCTAGTCTAGGTT-3","Glut-DACH2-2","Ex_DACH2_LUZP2",0.245581869058541
"_GTAGCTATCGCCAGTG-3","Glut-DACH2-4","Ex_DACH2_ITGA9",0.381083978897953
"_GTAGGTTAGGTGGTTG-3","Glut-DACH2-HVCra-Pre","Ex_DACH2_GRIK4",0.530169417716577
"_GTAGGTTCAGACCAAG-3","Glut-DACH2-HVCx","Ex_Pre_KCNH7",0.731362634592357
"_GTAGTACGTTATCCAG-3","Glut-DACH2-HVCra","Ex_BCL6",0.392513096660611
"_GTATTGGAGCTCGCAC-3","Glut-DACH2-HVCx","Ex_BCL6",0.762833303142139
"_GTATTGGGTCGGCCTA-3","Glut-DACH2-HVCx","Ex_BCL6",0.479542160964946
"_GTATTTCAGATGCAGC-3","Glut-DACH2-HVCx","Ex_BCL6",0.754693162909195
"_GTATTTCTCTATCGCC-3","Glut-DACH2-HVCra","Ex_BCL6",0.819888012089361
"_GTCAAACCATAGGCGA-3","Glut-DACH2-HVCra-Pre","Ex_DACH2_GRIK4",0.684431890674585
"_GTCAAGTTCATTGAGC-3","Glut-DACH2-HVCra-Pre","Ex_DACH2_MGAT4C",0.384166335405261
"_GTCACGGAGATTCGAA-3","Glut-DACH2-HVCra-Pre","Ex_DACH2_MGAT4C",0.474647213708272
"_GTCACTCAGCCATTCA-3","Glut-DACH2-HVCx","Ex_Pre_KCNH7",0.691644739829824
"_GTCACTCAGGACAAGA-3","Glut-DACH2-HVCra-Pre","Ex_DACH2_GRIK4",0.511644283528724
"_GTCACTCAGTTGCCCG-3","Glut-DACH2-HVCra","Ex_BCL6",0.600875400398388
"_GTCACTCTCGTTCCTG-3","Glut-DACH2-2","Ex_DACH2_GRIK4",0.31391953134514
"_GTCACTCTCTACCTTA-3","Glut-DACH2-2","Ex_DACH2_NR4A3",0.233240939847863
"_GTCAGCGCACCCTAGG-3","Glut-DACH2-HVCra","Ex_BCL6",0.561977120960561
"_GTCAGCGGTCATGACT-3","Glut-DACH2-2","Ex_DACH2_GRIK4",0.351476686398816
"_GTCATCCAGCGGGTAT-3","Glut-DACH2-HVCra-Pre","Ex_DACH2_GRIK4",0.296895075574888
"_GTCATCCGTATATGGA-3","Glut-DACH2-HVCra","Ex_BCL6",0.80091279383823
"_GTCATGACAATCTAGC-3","Glut-DACH2-1","Ex_CACNA1H_MCTP2",0.331968672624049
"_GTCATGAGTATGTCCA-3","Glut-DACH2-HVCra","Ex_BCL6",0.756461181541096
"_GTCATTTGTGTTCGAT-3","Glut-DACH2-HVCx","Ex_Pre_KCNH7",0.495326919165158
"_GTCCACTCACATGGTT-3","Glut-DACH2-HVCra","Ex_BCL6",0.199760116804214
"_GTCCACTCATCCGTGG-3","Glut-DACH2-HVCra","Ex_BCL6",0.374975471789153
"_GTCCACTGTATTAAGG-3","Glut-DACH2-HVCra-Pre","Ex_BCL6",0.567727537983105
"_GTCCACTTCTTCTGTA-3","Glut-DACH2-3","Ex_DACH2_ZMAT4",0.434983559398493
"_GTCCCATCAAGTTGGG-3","Glut-DACH2-HVCra-Pre","Ex_DACH2_LHX2",0.543578960440584
"_GTCCCATCACACGCCA-3","Glut-DACH2-HVCra","Ex_BCL6",0.629683055945922
"_GTCCCATGTCAACCAT-3","Glut-DACH2-1","Ex_DACH2_MGAT4C",0.489440615866816
"_GTCCCATTCGCTCTCA-3","Glut-DACH2-HVCra","Ex_BCL6",0.834255406607699
"_GTCCTCAAGCAGCCCT-3","Glut-DACH2-HVCra","Ex_BCL6",0.497208208487257
"_GTCCTCACATTGCCGG-3","Glut-DACH2-1","Ex_DACH2_LHX2",0.384947325869316
"_GTCCTCAGTCATCGGC-3","Glut-DACH2-HVCra","Ex_BCL6",0.651750741916685
"_GTCGAATGTACAAGTA-3","Glut-DACH2-HVCx","Ex_Pre_KCNH7",0.408444812312692
"_GTCGAATTCGCGTGCA-3","Glut-DACH2-HVCra-Pre","Ex_DACH2_GRIK4",0.512709468165614
"_GTCGCGACAATACCTG-3","Glut-DACH2-HVCx","Ex_Pre_KCNH7",0.614884722308175
"_GTCGCGACACCCGTAG-3","Glut-DACH2-2","Ex_DACH2_LHX2",0.428945941833983
"_GTCGCGAGTGGCACTC-3","Glut-DACH2-HVCra","Ex_BCL6",0.671406684908471
"_GTCGTAAAGCCGAACA-3","Glut-DACH2-2","Ex_DACH2_LHX2",0.459786027428653
"_GTCGTAAGTCTGTAAC-3","Glut-DACH2-2","Ex_DACH2_GRIK4",0.389796700708411
"_GTCGTAATCTCAGGCG-3","Glut-DACH2-1","Ex_DACH2_NR4A3",0.44178679358134
"_GTCGTAATCTTGAACG-3","Glut-DACH2-HVCx","Ex_Pre_KCNH7",0.346823208076898
"_GTCGTTCGTAATTAGG-3","Glut-DACH2-2","Ex_DACH2_NR4A3",0.259920675515791
"_GTCGTTCGTATCCCTC-3","Glut-DACH2-HVCra","Ex_BCL6",0.594553220230704
"_GTCTACCCACATATCG-3","Glut-DACH2-HVCra","Ex_BCL6",0.525713403217204
"_GTCTAGACACACACTA-3","Glut-DACH2-HVCra-Pre","Ex_DACH2_GRIK4",0.513683500477229
"_GTCTAGAGTAGACTGG-3","Glut-DACH2-2","Ex_DACH2_LHX2",0.473414078419407
"_GTCTAGAGTAGAGACC-3","Glut-DACH2-HVCra-Pre","Ex_DACH2_LHX2",0.636856051645176
"_GTCTCACAGCACTCTA-3","Glut-DACH2-HVCra","Ex_BCL6",0.814324975739777
"_GTCTCACGTGGAACAC-3","Glut-DACH2-2","Ex_DACH2_LHX2",0.509971340680444
"_GTCTCACTCTTACGGA-3","Glut-DACH2-HVCra","Ex_BCL6",0.819735121376842
"_GTCTGTCGTAATTGGA-3","Glut-DACH2-HVCra","Ex_BCL6",0.637007031865735
"_GTCTGTCGTCCAAAGG-3","Glut-DACH2-1","Ex_DACH2_MGAT4C",0.804136301122173
"_GTCTGTCGTTCTCTCG-3","Glut-DACH2-HVCra-Pre","Ex_BCL6",0.264164114795589
"_GTCTTTAAGAGTACCG-3","Glut-DACH2-HVCra","Ex_BCL6",0.475081103227198
"_GTCTTTACAAACCGGA-3","Glut-DACH2-HVCra","Ex_BCL6",0.743569833759909
"_GTCTTTAGTACTGCGC-3","Glut-DACH2-HVCra","Ex_BCL6",0.861528130413051
"_GTCTTTATCCCAAGTA-3","Glut-DACH2-HVCra-Pre","Ex_DACH2_GRIK4",0.404483487621603
"_GTGACGCCAAACTAAG-3","Glut-DACH2-HVCx","Ex_Pre_KCNH7",0.490434926836653
"_GTGACGCTCCATCAGA-3","Glut-DACH2-HVCra","Ex_BCL6",0.829663290133319
"_GTGAGCCCAAGCGGAT-3","Glut-DACH2-HVCra-Pre","Ex_DACH2_MGAT4C",0.406173254666541
"_GTGAGCCCAGCGTGAA-3","Glut-DACH2-HVCx","Ex_DACH2_ITGA9",0.587096618979548
"_GTGAGCCGTTCTCCAC-3","Glut-DACH2-HVCra","Ex_BCL6",0.773618986480117
"_GTGAGCCTCATCGCAA-3","Glut-DACH2-HVCra","Ex_BCL6",0.772680700147224
"_GTGAGGAAGATAACGT-3","Glut-DACH2-HVCra-Pre","Ex_DACH2_NR4A3",0.569278674599207
"_GTGAGGAAGCGTATAA-3","Glut-DACH2-HVCra-Pre","Ex_DACH2_MGAT4C",0.262990386922055
"_GTGAGGAAGGCCTGCT-3","Glut-DACH2-HVCra-Pre","Ex_DACH2_MGAT4C",0.439259215943646
"_GTGAGGAAGTAACGAT-3","Glut-DACH2-HVCra","Ex_BCL6",0.848641085761482
"_GTGAGGAAGTCTGTAC-3","Glut-DACH2-HVCra","Ex_BCL6",0.773818848980585
"_GTGAGGATCGCTGATA-3","Glut-DACH2-HVCra","Ex_DACH2_MGAT4C",0.338035197642673
"_GTGAGTTAGTAAACGT-3","Glut-DACH2-2","Ex_DACH2_MGAT4C",0.845082805238102
"_GTGAGTTGTGATTGGG-3","Glut-DACH2-HVCra","Ex_BCL6",0.544666704646197
"_GTGAGTTTCGCATAGT-3","Glut-DACH2-2","Ex_DACH2_GRIK4",0.418345846564132
"_GTGAGTTTCGTTCTGC-3","Glut-DACH2-HVCra-Pre","Ex_DACH2_MGAT4C",0.633508373473295
"_GTGATGTAGATTCGCT-3","Glut-DACH2-1","Ex_DACH2_NR4A3",0.497844453394256
"_GTGATGTCAGGTCCGT-3","Glut-DACH2-HVCx","Ex_BCL6",0.41629089061866
"_GTGATGTGTACATTGC-3","Glut-DACH2-1","Ex_DACH2_GRIK4",0.522188839230707
"_GTGATGTGTAGTAAGT-3","Glut-DACH2-HVCra-Pre","Ex_DACH2_GRIK4",0.60529350304034
"_GTGCACGAGTGAGCCA-3","Glut-DACH2-2","Ex_DACH2_LHX2",0.433466119786766
"_GTGCACGTCATCTGTT-3","Glut-DACH2-HVCra","Ex_BCL6",0.714296910514126
"_GTGCAGCAGCCAACCC-3","Glut-DACH2-2","Ex_DACH2_LHX2",0.452513420133784
"_GTGCAGCCAGCTTTCC-3","Glut-DACH2-2","Ex_DACH2_MGAT4C",0.562367258358336
"_GTGCAGCGTATGTCTG-3","Glut-DACH2-HVCra","Ex_BCL6",0.738528832075885
"_GTGCAGCTCACCGGGT-3","Glut-DACH2-HVCra","Ex_BCL6",0.630488699152753
"_GTGCAGCTCGTGGACC-3","Glut-DACH2-HVCra","Ex_BCL6",0.784427118975747
"_GTGCTGGCATATCTGG-3","Glut-DACH2-5","Ex_DACH2_ADAMTS5",0.911669619000524
"_GTGCTTCGTGAGGCAT-3","Glut-DACH2-2","Ex_DACH2_LHX2",0.735979633282089
"_GTGCTTCGTTCTTCAT-3","Glut-DACH2-HVCx","Ex_Pre_KCNH7",0.63614020184965
"_GTGCTTCTCTCTGCTG-3","Glut-DACH2-HVCra","Ex_BCL6",0.530623739724237
"_GTGGAAGGTACGAAAT-3","Glut-DACH2-HVCx","Ex_BCL6",0.691410766670792
"_GTGGAGAGTAATCAGA-3","Glut-DACH2-HVCra","Ex_BCL6",0.725871292761997
"_GTGGAGAGTCTAACTG-3","Glut-DACH2-HVCx","Ex_Pre_KCNH7",0.613902591822929
"_GTGGAGATCCTTCACG-3","Glut-DACH2-HVCra-Pre","Ex_DACH2_GRIK4",0.337274283565182
"_GTGGAGATCGCAATGT-3","Glut-DACH2-HVCra-Pre","Ex_DACH2_GRIK4",0.505034903014608
"_GTGGCGTAGATCGCTT-3","Glut-DACH2-HVCra","Ex_BCL6",0.861717364831619
"_GTGGCGTAGGGTTAAT-3","Glut-DACH2-HVCra","Ex_BCL6",0.692446074075898
"_GTGGCGTTCACTACTT-3","Glut-DACH2-2","Ex_DACH2_NR4A3",0.260629751120719
"_GTGGGAAAGAGGCGGA-3","Glut-DACH2-2","Ex_DACH2_GRIK4",0.207137423080002
"_GTGGGAAAGCCGTCGT-3","Glut-DACH2-1","Ex_DACH2_MGAT4C",0.614148359513299
"_GTGGTTACAAACCACT-3","Glut-DACH2-HVCra","Ex_BCL6",0.477612803422787
"_GTGTAACCAATTCTCT-3","Glut-DACH2-HVCra-Pre","Ex_DACH2_LHX2",0.384916530820166
"_GTGTAACCATGGGTCC-3","Glut-DACH2-HVCra","Ex_BCL6",0.454486547674648
"_GTGTAACCATTGTACG-3","Glut-DACH2-HVCx","Ex_Pre_KCNH7",0.604340287236605
"_GTGTAACTCAGGAACG-3","Glut-DACH2-HVCra","Ex_BCL6",0.560880224051514
"_GTGTAACTCTGAATGC-3","Glut-DACH2-HVCra-Pre","Ex_DACH2_GRIK4",0.729563275721033
"_GTGTCCTGTGCCTTCT-3","Glut-DACH2-HVCra","Ex_BCL6",0.597925035047026
"_GTGTCCTTCACCTCGT-3","Glut-DACH2-2","Ex_DACH2_LHX2",0.27640367014813
"_GTGTGATCAGTAGAGC-3","Glut-DACH2-HVCra","Ex_BCL6",0.717292513326057
"_GTGTGATGTACGTGAG-3","Glut-DACH2-HVCra","Ex_BCL6",0.49581988219538
"_GTGTGATGTTATAGAG-3","Glut-DACH2-HVCx","Ex_Pre_KCNH7",0.631652263712531
"_GTGTGATTCTCAGTCC-3","Glut-DACH2-HVCra","Ex_BCL6",0.717491940911156
"_GTGTGGCCACTCCCTA-3","Glut-DACH2-HVCra-Pre","Ex_DACH2_GRIK4",0.387288531909392
"_GTGTTAGAGGCATCGA-3","Glut-DACH2-HVCra-Pre","Ex_DACH2_GRIK4",0.37177011112263
"_GTGTTAGAGGTCATTC-3","Glut-DACH2-4","Ex_DACH2_ITGA9",0.602122196687805
"_GTGTTAGCACTCAGAT-3","Glut-DACH2-HVCra-Pre","Ex_DACH2_GRIK4",0.263523996396287
"_GTGTTCCTCAAGAGTA-3","Glut-DACH2-HVCx","Ex_BCL6",0.564928798718089
"_GTTACAGTCGTCCTCA-3","Glut-DACH2-2","Ex_DACH2_LHX2",0.292500633335293
"_GTTACAGTCTTCCAGC-3","Glut-DACH2-HVCra","Ex_BCL6",0.68261004772985
"_GTTACCCGTAGCGATG-3","Glut-DACH2-HVCra","Ex_BCL6",0.302648690566256
"_GTTACCCGTCTAACGT-3","Glut-DACH2-HVCra","Ex_DACH2_MGAT4C",0.3711921668693
"_GTTACGAAGAAACTCA-3","Glut-DACH2-HVCra-Pre","Ex_DACH2_MGAT4C",0.356840237002729
"_GTTACGAAGCATGATA-3","Glut-DACH2-HVCra-Pre","Ex_DACH2_GRIK4",0.415681342289743
"_GTTACGACACCGTACG-3","Glut-DACH2-HVCra","Ex_BCL6",0.831460729711096
"_GTTACGAGTGTATACC-3","Glut-DACH2-HVCx","Ex_Pre_KCNH7",0.559570196701878
"_GTTAGACAGAGACAAG-3","Glut-DACH2-HVCra","Ex_BCL6",0.647425878974371
"_GTTAGACAGTAGGGTC-3","Glut-DACH2-2","Ex_DACH2_LUZP2",0.516259131473802
"_GTTAGACAGTCGTTAC-3","Glut-DACH2-1","Ex_DACH2_NR4A3",0.803448470964474
"_GTTATGGTCTAGTGAC-3","Glut-DACH2-2","Ex_DACH2_GRIK4",0.37861234828209
"_GTTCATTCATTGGGAG-3","Glut-DACH2-HVCra-Pre","Ex_DACH2_GRIK4",0.328706734858629
"_GTTCATTGTAGGAAAG-3","Glut-DACH2-HVCx","Ex_Pre_KCNH7",0.597715598995388
"_GTTCATTGTCTATGAC-3","Glut-DACH2-HVCra-Pre","Ex_DACH2_GRIK4",0.360260057582456
"_GTTCATTGTTCTCGCT-3","Glut-DACH2-2","Ex_DACH2_LUZP2",0.391659790819748
"_GTTCATTGTTGTCAGT-3","Glut-DACH2-HVCra-Pre","Ex_DACH2_GRIK4",0.418209047159979
"_GTTCATTTCATTACCT-3","Glut-DACH2-HVCx","Ex_Pre_KCNH7",0.765526776069209
"_GTTCATTTCCATCGTC-3","Glut-DACH2-HVCra-Pre","Ex_DACH2_MGAT4C",0.448948991951023
"_GTTCATTTCGAGTCCG-3","Glut-DACH2-HVCra","Ex_BCL6",0.781939168847856
"_GTTCCGTAGAATAGTC-3","Glut-DACH2-HVCra-Pre","Ex_DACH2_NR4A3",0.322033648789735
"_GTTCCGTAGTGGCGAT-3","Glut-DACH2-HVCx","Ex_Pre_KCNH7",0.354337048337107
"_GTTCGCTCACTATCGA-3","Glut-DACH2-HVCra","Ex_BCL6",0.531370384680888
"_GTTCTATAGCCGTAAG-3","Glut-DACH2-HVCra","Ex_BCL6",0.642545279556913
"_GTTCTATAGGATACCG-3","Glut-DACH2-HVCx","Ex_DACH2_ITGA9",0.650612824299762
"_GTTCTATAGGTGCATG-3","Glut-DACH2-2","Ex_DACH2_MGAT4C",0.400456205248676
"_GTTCTATCAAACACGG-3","Glut-DACH2-HVCra-Pre","Ex_DACH2_GRIK4",0.577701407510596
"_GTTCTATCAAGACCGA-3","Glut-DACH2-2","Ex_DACH2_LHX2",0.46314211347764
"_GTTCTATCACTGGAAG-3","Glut-DACH2-HVCra","Ex_BCL6",0.761555619022095
"_GTTCTATTCCTGCCAT-3","Glut-DACH2-HVCra","Ex_BCL6",0.716337806220938
"_GTTGAACAGGCACTCC-3","Glut-DACH2-HVCra-Pre","Ex_DACH2_GRIK4",0.335299278925445
"_GTTGCGGCACAAGGTG-3","Glut-DACH2-HVCra","Ex_BCL6",0.823466882144564
"_GTTGCTCAGTAGCTCT-3","Glut-DACH2-HVCra-Pre","Ex_DACH2_LHX2",0.415218650165855
"_GTTGCTCCACGTCGTG-3","Glut-DACH2-HVCra","Ex_BCL6",0.641270351750009
"_GTTGCTCTCAGTGTGT-3","Glut-DACH2-HVCra","Ex_BCL6",0.649183303562032
"_GTTGTAGAGCCTGTCG-3","Glut-DACH2-HVCra-Pre","Ex_DACH2_LHX2",0.395311529347958
"_GTTGTAGTCATTCATC-3","Glut-DACH2-HVCra","Ex_BCL6",0.415495312193251
"_GTTGTCCGTATCGAAA-3","Glut-DACH2-HVCra","Ex_BCL6",0.820513520968659
"_GTTGTGAGTACCCGAC-3","Glut-DACH2-HVCx","Ex_Pre_KCNH7",0.663267701452842
"_GTTGTGATCCGCCTAT-3","Glut-DACH2-HVCra-Pre","Ex_DACH2_MGAT4C",0.435403149134422
"_GTTGTGATCGAGTTGT-3","Glut-DACH2-1","Ex_DACH2_MGAT4C",0.473319869228971
"_GTTTACTAGTGAGTGC-3","Glut-DACH2-2","Ex_DACH2_LUZP2",0.289037262177159
"_GTTTACTCACATATGC-3","Glut-DACH2-HVCra","Ex_BCL6",0.710992814761728
"_GTTTGGAAGAGATCGC-3","Glut-DACH2-HVCra","Ex_BCL6",0.722689866992552
"_GTTTGGAGTCGTTGCG-3","Glut-DACH2-HVCra","Ex_BCL6",0.68547024623418
"_GTTTGGAGTGAGCGAT-3","Glut-DACH2-HVCra-Pre","Ex_DACH2_GRIK4",0.443745659763664
"_GTTTGGATCGACACCG-3","Glut-DACH2-HVCra","Ex_DACH2_NR4A3",0.636237631484546
"_TAACACGAGATTCGCT-3","Glut-DACH2-HVCra-Pre","Ex_DACH2_MGAT4C",0.476780692955673
"_TAACACGAGCCTTTCC-3","Glut-DACH2-HVCra-Pre","Ex_DACH2_MGAT4C",0.619513318759917
"_TAACACGCAGCGTGAA-3","Glut-DACH2-HVCx","Ex_Pre_KCNH7",0.533958790853626
"_TAACACGTCAGACCCG-3","Glut-DACH2-HVCra","Ex_BCL6",0.601014503799923
"_TAACACGTCCACAAGT-3","Glut-DACH2-HVCra","Ex_BCL6",0.81373318488465
"_TAACCAGGTGCAACAG-3","Glut-DACH2-HVCra-Pre","Ex_DACH2_MGAT4C",0.699138900916132
"_TAACTTCAGAATCGAT-3","Glut-DACH2-2","Ex_DACH2_LHX2",0.319658589648287
"_TAACTTCGTAGACACG-3","Glut-DACH2-HVCra","Ex_BCL6",0.693532944031799
"_TAACTTCGTCGCAACC-3","Glut-DACH2-HVCra-Pre","Ex_DACH2_GRIK4",0.33757961217072
"_TAAGCACAGAGTGGCT-3","Glut-DACH2-HVCra-Pre","Ex_DACH2_MGAT4C",0.568977813137983
"_TAAGCACGTACCATAC-3","Glut-DACH2-2","Ex_DACH2_GRIK4",0.42391575767527
"_TAAGCACGTTAAGGAT-3","Glut-DACH2-HVCra","Ex_BCL6",0.492215982130936
"_TAAGCCAAGAAACCAT-3","Glut-DACH2-2","Ex_DACH2_MGAT4C",0.436706658822795
"_TAAGCCAAGGCTAGCA-3","Glut-DACH2-HVCra-Pre","Ex_DACH2_MGAT4C",0.545311844756713
"_TAAGCGTAGTAGACAT-3","Glut-DACH2-HVCx","Ex_Pre_KCNH7",0.314661882412461
"_TAAGCGTAGTAGGTTA-3","Glut-DACH2-HVCra","Ex_BCL6",0.775403927047206
"_TAAGCGTTCAACACCA-3","Glut-DACH2-HVCra-Pre","Ex_DACH2_LHX2",0.568395146396268
"_TAAGCGTTCCTGTAGA-3","Glut-DACH2-HVCx","Ex_Pre_KCNH7",0.49010376418242
"_TAATCTCCATGAATCC-3","Glut-DACH2-2","Ex_DACH2_LHX2",0.549671355173863
"_TAATTCCCACCTCTAC-3","Glut-DACH2-HVCra","Ex_DACH2_MGAT4C",0.329578927539163
"_TACAACGCACTGGATT-3","Glut-DACH2-HVCra-Pre","Ex_DACH2_MGAT4C",0.488168953134231
"_TACACCCCAAGCACAG-3","Glut-DACH2-HVCra","Ex_BCL6",0.672301159113468
"_TACACCCCACGACGTC-3","Glut-DACH2-HVCra","Ex_BCL6",0.649383299247907
"_TACAGGTTCCCTTTGG-3","Glut-DACH2-HVCra","Ex_BCL6",0.800613634842445
"_TACATTCTCCTCTTTC-3","Glut-DACH2-HVCra","Ex_BCL6",0.510214980263183
"_TACCCACAGAACGCGT-3","Glut-DACH2-HVCx","Ex_Pre_KCNH7",0.481747433819722
"_TACCCACAGATGCCGA-3","Glut-DACH2-HVCra","Ex_BCL6",0.685431055881109
"_TACCCACCATCGGAGA-3","Glut-DACH2-HVCra","Ex_BCL6",0.705919444433787
"_TACCCGTAGCTACTGT-3","Glut-DACH2-2","Ex_DACH2_LHX2",0.428578914295961
"_TACCCGTGTACACTCA-3","Glut-DACH2-HVCra","Ex_BCL6",0.74187369306901
"_TACCCGTTCATCAGTG-3","Glut-DACH2-HVCra-Pre","Ex_DACH2_MGAT4C",0.447115316677345
"_TACCCGTTCTCTTAAC-3","Glut-DACH2-4","Ex_DACH2_ITGA9",0.490927698552482
"_TACCGAAGTCACATTG-3","Glut-DACH2-HVCra-Pre","Ex_DACH2_GRIK4",0.463135447243469
"_TACCGAAGTTAAGTCC-3","Glut-DACH2-HVCra","Ex_BCL6",0.508836978653281
"_TACCGGGAGCGGTAGT-3","Glut-DACH2-2","Ex_DACH2_LUZP2",0.354648520047649
"_TACCGGGAGCGTGAGT-3","Glut-DACH2-HVCra","Ex_BCL6",0.758609304290216
"_TACCGGGGTGACACAG-3","Glut-DACH2-HVCra","Ex_BCL6",0.732852993741441
"_TACCGGGGTTGGGCCT-3","Glut-DACH2-2","Ex_DACH2_NR4A3",0.41051507023498
"_TACCGGGGTTTAGACC-3","Glut-DACH2-HVCx","Ex_Pre_KCNH7",0.726445820436823
"_TACCTCGAGTGAGTGC-3","Glut-DACH2-HVCx","Ex_Pre_KCNH7",0.629041423429615
"_TACCTCGCACCTCTGT-3","Glut-DACH2-HVCra-Pre","Ex_DACH2_NR4A3",0.44096720869269
"_TACCTCGTCATGAAAG-3","Glut-DACH2-2","Ex_DACH2_LHX2",0.53763039372712
"_TACCTGCAGGGTACGT-3","Glut-DACH2-4","Ex_DACH2_ITGA9",0.456376200731478
"_TACCTGCAGTCACGAG-3","Glut-DACH2-HVCra","Ex_BCL6",0.463913613026897
"_TACCTGCCAAGTAGTA-3","Glut-DACH2-HVCra-Pre","Ex_DACH2_MGAT4C",0.480853578418358
"_TACCTGCGTCGCAGTC-3","Glut-DACH2-HVCra-Pre","Ex_DACH2_GRIK4",0.53638028370309
"_TACCTGCGTTGCTAGT-3","Glut-DACH2-2","Ex_DACH2_MGAT4C",0.507563494981944
"_TACCTGCTCCGTATGA-3","Glut-DACH2-HVCra-Pre","Ex_DACH2_GRIK4",0.493293907670229
"_TACCTGCTCCTGTTAT-3","Glut-DACH2-2","Ex_DACH2_LHX2",0.433122540427868
"_TACGCTCAGACTCTAC-3","Glut-DACH2-HVCra","Ex_BCL6",0.861914864244868
"_TACGCTCCAGCAGACA-3","Glut-DACH2-HVCx","Ex_Pre_KCNH7",0.621326145203237
"_TACGCTCCATACTTTC-3","Glut-DACH2-HVCra-Pre","Ex_DACH2_MGAT4C",0.529894114613185
"_TACGCTCGTTCTCTAT-3","Glut-DACH2-HVCra","Ex_BCL6",0.647962618101207
"_TACGCTCTCGTAGTCA-3","Glut-DACH2-HVCx","Ex_BCL6",0.474725124635448
"_TACGCTCTCTAGCCTC-3","Glut-DACH2-HVCra","Ex_BCL6",0.938655582231123
"_TACGGTAAGTATTGCC-3","Glut-DACH2-HVCra","Ex_BCL6",0.679335236045762
"_TACGGTACACGATAGG-3","Glut-DACH2-HVCx","Ex_Pre_KCNH7",0.732029669622028
"_TACGGTAGTCGCATCG-3","Glut-DACH2-HVCra-Pre","Ex_DACH2_GRIK4",0.328338123952367
"_TACGGTATCGGCATCG-3","Glut-DACH2-HVCra-Pre","Ex_DACH2_GRIK4",0.391995302164061
"_TACGGTATCGTGCAGC-3","Glut-DACH2-HVCra","Ex_BCL6",0.830631485069577
"_TACGTCCCAAGAGAGA-3","Glut-DACH2-1","Ex_DACH2_GRIK4",0.629640177699354
"_TACGTCCTCGGTTGTA-3","Glut-DACH2-1","Ex_DACH2_ITGA9",0.376324658738954
"_TACTTACCAGAACCGA-3","Glut-DACH2-HVCra","Ex_BCL6",0.776915107825544
"_TACTTCAAGTAGACAT-3","Glut-DACH2-HVCra-Pre","Ex_DACH2_GRIK4",0.295109311361633
"_TACTTCAAGTGGAAAG-3","Glut-DACH2-HVCra-Pre","Ex_DACH2_LHX2",0.435511513676657
"_TACTTCACAGGTCCGT-3","Glut-DACH2-HVCra","Ex_BCL6",0.796142326838899
"_TACTTCAGTGGTACAG-3","Glut-DACH2-HVCra-Pre","Ex_DACH2_LHX2",0.43401233428175
"_TACTTGTCAGCTGCCA-3","Glut-DACH2-2","Ex_DACH2_MGAT4C",0.54818158634378
"_TAGACCATCACAGTGT-3","Glut-DACH2-HVCra-Pre","Ex_DACH2_GRIK4",0.510794316988219
"_TAGACTGCATGACAAA-3","Glut-DACH2-HVCra","Ex_BCL6",0.363281382833642
"_TAGACTGGTCATAGTC-3","Glut-DACH2-3","Ex_DACH2_ZMAT4",0.354243153243428
"_TAGAGTCAGAGCAGTC-3","Glut-DACH2-HVCra","Ex_BCL6",0.854660934038696
"_TAGAGTCAGAGCGACT-3","Glut-DACH2-HVCx","Ex_DACH2_ITGA9",0.304669895935287
"_TAGAGTCAGATCACCT-3","Glut-DACH2-HVCra","Ex_BCL6",0.827414891764125
"_TAGAGTCCAAGAGTAT-3","Glut-DACH2-HVCra","Ex_BCL6",0.688854972894572
"_TAGAGTCTCTTCCAGC-3","Glut-DACH2-HVCx","Ex_Pre_KCNH7",0.330780693278988
"_TAGATCGAGCGTGTTT-3","Glut-DACH2-HVCra","Ex_BCL6",0.713417273000602
"_TAGATCGAGTCTTCGA-3","Glut-DACH2-HVCx","Ex_BCL6",0.624100099007871
"_TAGATCGAGTTGGGAC-3","Glut-DACH2-2","Ex_DACH2_GRIK4",0.637378060883415
"_TAGATCGCATCCCACT-3","Glut-DACH2-HVCx","Ex_Pre_KCNH7",0.623945652373686
"_TAGATCGGTGTCCCTT-3","Glut-DACH2-HVCra","Ex_BCL6",0.872703591202777
"_TAGATCGGTTTGTTCT-3","Glut-DACH2-2","Ex_DACH2_GRIK4",0.607550434540412
"_TAGATCGTCATAAGGA-3","Glut-DACH2-4","Ex_DACH2_MGAT4C",0.315374715340583
"_TAGATCGTCTGGCCGA-3","Glut-DACH2-HVCx","Ex_BCL6",0.871764832797003
"_TAGCACACACTGGACC-3","Glut-DACH2-HVCra","Ex_BCL6",0.751374978989016
"_TAGCACACATAGAAAC-3","Glut-DACH2-HVCx","Ex_Pre_KCNH7",0.471148573402916
"_TAGCACAGTATCCTCC-3","Glut-DACH2-HVCx","Ex_Pre_KCNH7",0.42570106901016
"_TAGCACATCATAAGGA-3","Glut-DACH2-HVCx","Ex_Pre_KCNH7",0.54644460289989
"_TAGCACATCCGTACGG-3","Glut-DACH2-2","Ex_DACH2_LHX2",0.505869206171087
"_TAGGAGGCAACACTAC-3","Glut-DACH2-2","Ex_DACH2_GRIK4",0.505398615613448
"_TAGGAGGCAGCAGTAG-3","Glut-DACH2-HVCra","Ex_BCL6",0.824671755599125
"_TAGGAGGGTTTGCCGG-3","Glut-DACH2-HVCra","Ex_BCL6",0.748033426332179
"_TAGGGTTAGTCAGCCC-3","Glut-DACH2-HVCra-Pre","Ex_DACH2_LUZP2",0.283492978901806
"_TAGGTTGAGAGAGGGC-3","Glut-DACH2-HVCra-Pre","Ex_DACH2_GRIK4",0.459021430464147
"_TAGGTTGAGGATGCGT-3","Glut-DACH2-2","Ex_DACH2_LUZP2",0.35884490235635
"_TAGGTTGGTAAGACCG-3","Glut-DACH2-2","Ex_DACH2_MGAT4C",0.383116659411201
"_TAGGTTGGTGAGAACC-3","Glut-DACH2-HVCra-Pre","Ex_DACH2_MGAT4C",0.328565946057009
"_TAGGTTGTCGCCGTGA-3","Glut-DACH2-HVCra","Ex_BCL6",0.872982324054676
"_TAGTGCAGTGCATTAC-3","Glut-DACH2-1","Ex_DACH2_MGAT4C",0.559725819962153
"_TATACCTAGCATGCAG-3","Glut-DACH2-2","Ex_DACH2_MGAT4C",0.480188350531344
"_TATACCTAGCTCAGAG-3","Glut-DACH2-HVCx","Ex_DACH2_ITGA9",0.488345806099577
"_TATACCTGTTGGGATG-3","Glut-DACH2-HVCra","Ex_BCL6",0.537463994639333
"_TATACCTTCGGCTGGT-3","Glut-DACH2-HVCra-Pre","Ex_DACH2_MGAT4C",0.705427774060728
"_TATATCCTCATCAGTG-3","Glut-DACH2-2","Ex_DACH2_GRIK4",0.35627704845094
"_TATATCCTCGAATGCT-3","Glut-DACH2-HVCra","Ex_BCL6",0.835979924482421
"_TATCCTACAAGGATGC-3","Glut-DACH2-HVCra","Ex_BCL6",0.556837379545766
"_TATCCTAGTAATTAGG-3","Glut-DACH2-5","Ex_DACH2_ADAMTS5",0.444009818789525
"_TATCGCCAGTTGTACC-3","Glut-DACH2-HVCra","Ex_BCL6",0.697161159317182
"_TATCTGTTCCGGACGT-3","Glut-DACH2-2","Ex_DACH2_MGAT4C",0.313211293763653
"_TATCTTGAGAGGTCGT-3","Glut-DACH2-HVCra","Ex_BCL6",0.334804879072161
"_TATCTTGCAAGGTCGA-3","Glut-DACH2-HVCra-Pre","Ex_BCL6",0.276457486284622
"_TATCTTGCATTGAGGG-3","Glut-DACH2-4","Ex_DACH2_ITGA9",0.61272528969555
"_TATCTTGTCAACCTTT-3","Glut-DACH2-HVCra","Ex_BCL6",0.807302728887761
"_TATGTTCAGCAAATGT-3","Glut-DACH2-HVCra-Pre","Ex_DACH2_LHX2",0.648882193144824
"_TATGTTCAGCACCCAC-3","Glut-DACH2-HVCra","Ex_DACH2_MGAT4C",0.365108072765168
"_TATGTTCAGCATTTGC-3","Glut-DACH2-HVCra","Ex_BCL6",0.744018824733418
"_TATGTTCAGTTACTCG-3","Glut-DACH2-2","Ex_DACH2_LHX2",0.594422015235193
"_TATGTTCCAAGCCCAC-3","Glut-DACH2-HVCx","Ex_Pre_KCNH7",0.808415626226691
"_TATGTTCGTGGCCACT-3","Glut-DACH2-HVCx","Ex_Pre_KCNH7",0.520804958468104
"_TATGTTCGTTTGTTCT-3","Glut-DACH2-HVCra-Pre","Ex_BCL6",0.389961163812984
"_TATTCCAAGTGAATAC-3","Glut-DACH2-HVCra-Pre","Ex_DACH2_GRIK4",0.454184938844444
"_TATTCCATCGTCCTTG-3","Glut-DACH2-HVCra","Ex_BCL6",0.669992836416052
"_TATTGCTCACCCTATC-3","Glut-DACH2-HVCra","Ex_BCL6",0.593942083770692
"_TATTGCTTCCGTGTAA-3","Glut-DACH2-HVCra","Ex_BCL6",0.753641443812637
"_TATTGGGGTACACGCC-3","Glut-DACH2-2","Ex_DACH2_LUZP2",0.283028937208322
"_TATTGGGTCCCTGTTG-3","Glut-DACH2-HVCra","Ex_BCL6",0.827634263179027
"_TATTTCGAGCCTCTGG-3","Glut-DACH2-HVCx","Ex_Pre_KCNH7",0.32567254828629
"_TATTTCGAGTAAGCAT-3","Glut-DACH2-2","Ex_DACH2_GRIK4",0.441367865741011
"_TATTTCGAGTACAACA-3","Glut-DACH2-HVCra-Pre","Ex_DACH2_MGAT4C",0.582602947678948
"_TATTTCGGTATCGGTT-3","Glut-DACH2-HVCra-Pre","Ex_DACH2_GRIK4",0.365964836997215
"_TCAAGACAGGACAACC-3","Glut-DACH2-HVCra","Ex_BCL6",0.54367451735166
"_TCAAGACAGTATTCCG-3","Glut-DACH2-HVCx","Ex_Pre_KCNH7",0.734846613869888
"_TCAAGACCACAGTCGC-3","Glut-DACH2-HVCra-Pre","Ex_DACH2_MGAT4C",0.656414482298731
"_TCAAGACGTAACTTCG-3","Glut-DACH2-HVCx","Ex_Pre_KCNH7",0.642593029334904
"_TCAAGACGTCCTCATC-3","Glut-DACH2-HVCra","Ex_BCL6",0.82463695399027
"_TCAAGACGTGGCCACT-3","Glut-DACH2-HVCra-Pre","Ex_DACH2_LHX2",0.648336266761685
"_TCAAGCAAGGTTCATC-3","Glut-DACH2-HVCra-Pre","Ex_DACH2_GRIK4",0.44342131910728
"_TCAAGCAAGTACTGTC-3","Glut-DACH2-HVCra","Ex_BCL6",0.750283259248194
"_TCAAGCACATCACCAA-3","Glut-DACH2-HVCra","Ex_BCL6",0.599048309826785
"_TCAAGCATCCTTGGAA-3","Glut-DACH2-HVCra-Pre","Ex_DACH2_ADAMTS5",0.382253421831722
"_TCAAGTGAGCCATTTG-3","Glut-DACH2-HVCra","Ex_BCL6",0.781677595087588
"_TCAAGTGAGTAACGTA-3","Glut-DACH2-HVCra","Ex_BCL6",0.807304262864029
"_TCAAGTGCAGGGTTGA-3","Glut-DACH2-HVCra-Pre","Ex_DACH2_GRIK4",0.337420146721169
"_TCAAGTGTCAGTGTGT-3","Glut-DACH2-HVCra-Pre","Ex_DACH2_LHX2",0.397509677434647
"_TCAAGTGTCGCTTTAT-3","Glut-DACH2-HVCra","Ex_BCL6",0.752366170115771
"_TCAATCTAGAGTGTGC-3","Glut-DACH2-HVCra-Pre","Ex_DACH2_MGAT4C",0.227147305903991
"_TCAATCTAGATTAGCA-3","Glut-DACH2-HVCra-Pre","Ex_DACH2_GRIK4",0.487464421717319
"_TCAATCTGTATCGTGT-3","Glut-DACH2-2","Ex_DACH2_LHX2",0.513447112185455
"_TCACACCAGGGCATGT-3","Glut-DACH2-HVCra-Pre","Ex_DACH2_GRIK4",0.344261302200118
"_TCACACCCAGGTGTGA-3","Glut-DACH2-HVCra-Pre","Ex_DACH2_GRIK4",0.917996546676505
"_TCACACCGTGTTTCTT-3","Glut-DACH2-2","Ex_DACH2_LUZP2",0.397757720551831
"_TCACACCTCTCAGAAC-3","Glut-DACH2-1","Ex_DACH2_MGAT4C",0.644735101783645
"_TCACACCTCTTGAACG-3","Glut-DACH2-HVCx","Ex_BCL6",0.440089022743919
"_TCACATTAGCTACAAA-3","Glut-DACH2-HVCra","Ex_BCL6",0.590447882105892
"_TCACATTAGGTACTGG-3","Glut-DACH2-HVCra","Ex_BCL6",0.600477519865854
"_TCACATTCATGATAGA-3","Glut-DACH2-1","Ex_DACH2_GRIK4",0.463640386232189
"_TCACGCTAGCCACAAG-3","Glut-DACH2-HVCra","Ex_BCL6",0.495355634414613
"_TCACGGGAGATAACGT-3","Glut-DACH2-HVCra-Pre","Ex_DACH2_GRIK4",0.432832068869108
"_TCACGGGGTTCATCGA-3","Glut-DACH2-HVCra-Pre","Ex_DACH2_GRIK4",0.42012931843667
"_TCACTATCATGAGAAT-3","Glut-DACH2-2","Ex_DACH2_GRIK4",0.380792766019848
"_TCACTATGTTCCGCGA-3","Glut-DACH2-HVCra-Pre","Ex_DACH2_GRIK4",0.251900944944751
"_TCACTATTCTAGAACC-3","Glut-DACH2-HVCra","Ex_BCL6",0.732528075194619
"_TCACTATTCTGCGGGT-3","Glut-DACH2-HVCra","Ex_BCL6",0.484095267347021
"_TCACTCGCAGGTTCCG-3","Glut-DACH2-HVCx","Ex_Pre_KCNH7",0.451740953619643
"_TCAGCAAAGATTGATG-3","Glut-DACH2-HVCra-Pre","Ex_DACH2_GRIK4",0.2921444449704
"_TCAGCAAAGCTGTGCC-3","Glut-DACH2-HVCra-Pre","Ex_DACH2_GRIK4",0.364213317887702
"_TCAGCAAAGGCATTTC-3","Glut-DACH2-HVCra","Ex_BCL6",0.661835606978471
"_TCAGCAAAGGTACTGG-3","Glut-DACH2-HVCra","Ex_Pre_KCNH7",0.278231640139147
"_TCAGCAATCTAGTGTG-3","Glut-DACH2-HVCra","Ex_DACH2_GRIK4",0.409861299122122
"_TCAGCCTGTGAGCGAT-3","Glut-DACH2-HVCra","Ex_BCL6",0.815565084006336
"_TCAGCCTGTGATATAG-3","Glut-DACH2-HVCra","Ex_BCL6",0.547662719538239
"_TCAGGGCCAGGGTCTC-3","Glut-DACH2-HVCra","Ex_BCL6",0.646538520291385
"_TCAGTCCCAGCTTCCT-3","Glut-DACH2-HVCra-Pre","Ex_DACH2_LUZP2",0.457607494946272
"_TCAGTGAGTCGTATTG-3","Glut-DACH2-HVCra","Ex_BCL6",0.8314584734949
"_TCAGTGATCTAACGCA-3","Glut-DACH2-HVCra","Ex_BCL6",0.83313201009996
"_TCATACTCACCCTTGT-3","Glut-DACH2-1","Ex_DACH2_MGAT4C",0.64771286045673
"_TCATACTGTGCGACAA-3","Glut-DACH2-HVCra","Ex_BCL6",0.83074869562334
"_TCATATCAGGTAGGCT-3","Glut-DACH2-HVCra-Pre","Ex_DACH2_MGAT4C",0.339098326412682
"_TCATATCAGTGTCATC-3","Glut-DACH2-HVCra-Pre","Ex_DACH2_GRIK4",0.370330166815144
"_TCATATCCATAAGATG-3","Glut-DACH2-1","Ex_DACH2_MGAT4C",0.774630103039732
"_TCATATCGTAGGTCAG-3","Glut-DACH2-4","Ex_DACH2_NR4A3",0.584529797600597
"_TCATATCGTGAATTAG-3","Glut-DACH2-HVCra","Ex_BCL6",0.86892626309887
"_TCATCATAGACGTCCC-3","Glut-DACH2-7","Ex_DACH2_NR4A3",0.483671704540051
"_TCATCATCAGGAATAT-3","Glut-DACH2-HVCx","Ex_Pre_KCNH7",0.728477756859631
"_TCATCATGTATGGGAC-3","Glut-DACH2-3","Ex_DACH2_ZMAT4",0.404281435388443
"_TCATGAGGTGCTTATG-3","Glut-DACH2-2","Ex_DACH2_MGAT4C",0.494247686002579
"_TCATGAGTCGGAGTGA-3","Glut-DACH2-HVCx","Ex_Pre_KCNH7",0.736875871377807
"_TCATGCCAGCCGGAAT-3","Glut-DACH2-HVCra","Ex_BCL6",0.793515829928989
"_TCATGCCGTAACGGTG-3","Glut-DACH2-HVCra","Ex_BCL6",0.804008295314686
"_TCATGGATCGATTTCT-3","Glut-DACH2-HVCra","Ex_BCL6",0.639850595779114
"_TCATGGATCTGAACGT-3","Glut-DACH2-HVCra","Ex_BCL6",0.794410783678219
"_TCATGGATCTGATTCT-3","Glut-DACH2-HVCra","Ex_BCL6",0.701555703529384
"_TCATGTTGTCCAGTTA-3","Glut-DACH2-HVCx","Ex_DACH2_ITGA9",0.541641620609181
"_TCATTACGTCTACAAC-3","Glut-DACH2-HVCra","Ex_BCL6",0.764935693451575
"_TCATTCAGTGGATACG-3","Glut-DACH2-1","Ex_DACH2_MGAT4C",0.429892693390387
"_TCATTCATCGTAGCTA-3","Glut-DACH2-2","Ex_DACH2_LHX2",0.704765702388834
"_TCATTCATCTTACCGC-3","Glut-DACH2-HVCra","Ex_BCL6",0.647989146902248
"_TCATTGTAGCTCGTGC-3","Glut-DACH2-2","Ex_DACH2_LHX2",0.423087382142873
"_TCATTGTCATCGTTCC-3","Glut-DACH2-HVCra","Ex_BCL6",0.81987025084565
"_TCATTGTTCCGATGTA-3","Glut-DACH2-HVCra","Ex_BCL6",0.77013963979353
"_TCCACCATCGTAGGAG-3","Glut-DACH2-HVCra-Pre","Ex_DACH2_LUZP2",0.344078720923653
"_TCCACGTCAAACTGCT-3","Glut-DACH2-HVCra","Ex_BCL6",0.761454943199061
"_TCCACGTGTCAACATC-3","Glut-DACH2-2","Ex_DACH2_LHX2",0.450198062341081
"_TCCACGTGTTAAGAAC-3","Glut-DACH2-1","Ex_DACH2_NR4A3",0.781022693483486
"_TCCAGAAAGAGTTCGG-3","Glut-DACH2-HVCra","Ex_BCL6",0.905029704077631
"_TCCAGAAGTCGTGATT-3","Glut-DACH2-HVCra-Pre","Ex_DACH2_GRIK4",0.534346257458923
"_TCCAGAATCAATGTCG-3","Glut-DACH2-HVCra","Ex_BCL6",0.420804767928449
"_TCCAGAATCCGAGGCT-3","Glut-DACH2-HVCra","Ex_DACH2_MGAT4C",0.405304578163295
"_TCCATCGAGCCTCATA-3","Glut-DACH2-2","Ex_DACH2_GRIK4",0.522473372669246
"_TCCATCGCACGTACTA-3","Glut-DACH2-HVCra-Pre","Ex_DACH2_MGAT4C",0.427949504868094
"_TCCATCGGTAACACGG-3","Glut-DACH2-HVCra-Pre","Ex_DACH2_LHX2",0.56293811988733
"_TCCATGCAGCAACCAG-3","Glut-DACH2-HVCra-Pre","Ex_DACH2_GRIK4",0.421028489035817
"_TCCATGCCAGTCGCAC-3","Glut-DACH2-5","Ex_DACH2_ADAMTS5",0.457892516390088
"_TCCATGCGTGCATTTG-3","Glut-DACH2-HVCra-Pre","Ex_DACH2_LUZP2",0.3157439313228
"_TCCCACATCTTGCAGA-3","Glut-DACH2-2","Ex_DACH2_MGAT4C",0.609464608220694
"_TCCCATGAGTGAACAT-3","Glut-DACH2-2","Ex_DACH2_NR4A3",0.757630914252952
"_TCCCATGTCTTCTAAC-3","Glut-DACH2-HVCra-Pre","Ex_DACH2_GRIK4",0.39544380041306
"_TCCGAAAAGACATAGT-3","Glut-DACH2-HVCx","Ex_BCL6",0.774711950402028
"_TCCGAAACAGACTGCC-3","Glut-DACH2-HVCra","Ex_BCL6",0.644536341186999
"_TCCGATCCAGGACATG-3","Glut-DACH2-HVCra","Ex_BCL6",0.615989769418999
"_TCCGGGACAGCCGTTG-3","Glut-DACH2-HVCx","Ex_Pre_KCNH7",0.43282957712017
"_TCCGGGACAGCTCATA-3","Glut-DACH2-HVCra-Pre","Ex_DACH2_GRIK4",0.367228824029578
"_TCCGGGATCAAGTAAG-3","Glut-DACH2-HVCra-Pre","Ex_DACH2_MGAT4C",0.342253194823564
"_TCCGTGTTCCGCAACG-3","Glut-DACH2-2","Ex_DACH2_NR4A3",0.814654341409416
"_TCCTAATGTCTCACAA-3","Glut-DACH2-HVCx","Ex_Pre_KCNH7",0.339378665347012
"_TCCTAATTCACTACTT-3","Glut-DACH2-HVCra","Ex_BCL6",0.319375714552367
"_TCCTAATTCCAACTAG-3","Glut-DACH2-2","Ex_DACH2_LUZP2",0.388283913498382
"_TCCTCCCTCGAACGCC-3","Glut-DACH2-2","Ex_DACH2_LHX2",0.569837543186901
"_TCCTCGAAGGATTCAA-3","Glut-DACH2-2","Ex_DACH2_GRIK4",0.2632859360617
"_TCCTCGAAGGCATTTC-3","Glut-DACH2-HVCra-Pre","Ex_DACH2_GRIK4",0.327577181400744
"_TCCTCGAAGGTCCCTG-3","Glut-DACH2-1","Ex_DACH2_NR4A3",0.413184335065903
"_TCCTCGATCGCTTTAT-3","Glut-DACH2-2","Ex_DACH2_NR4A3",0.472585280841779
"_TCCTCTTAGGCTGAAC-3","Glut-DACH2-HVCra","Ex_BCL6",0.768099925755172
"_TCCTCTTCACAGACGA-3","Glut-DACH2-HVCra-Pre","Ex_DACH2_LHX2",0.433152271750945
"_TCCTGCAAGGCCATAG-3","Glut-DACH2-HVCra-Pre","Ex_DACH2_GRIK4",0.464135363971505
"_TCCTGCAAGGTCATCT-3","Glut-DACH2-HVCra","Ex_BCL6",0.497254624454848
"_TCCTGCATCAGGGTAG-3","Glut-DACH2-HVCra","Ex_BCL6",0.687481619596678
"_TCCTTCTAGCGTGCCT-3","Glut-DACH2-2","Ex_DACH2_MGAT4C",0.473780334494366
"_TCCTTCTAGGTCATAA-3","Glut-DACH2-HVCx","Ex_Pre_KCNH7",0.691091828408209
"_TCCTTCTGTAACCCTA-3","Glut-DACH2-HVCra","Ex_DACH2_MGAT4C",0.258154846372168
"_TCCTTCTGTATTCCGA-3","Glut-DACH2-HVCra-Pre","Ex_DACH2_GRIK4",0.524282941784668
"_TCCTTCTTCATTACGG-3","Glut-DACH2-4","Ex_DACH2_ZMAT4",0.354524966175821
"_TCCTTTCCAAGCTGTT-3","Glut-DACH2-HVCra","Ex_BCL6",0.275646024532639
"_TCCTTTCCACATTCGA-3","Glut-DACH2-HVCra-Pre","Ex_DACH2_GRIK4",0.404000279492728
"_TCCTTTCGTTGTGCAT-3","Glut-DACH2-2","Ex_DACH2_GRIK4",0.267821470198733
"_TCGAACAAGAGAGTGA-3","Glut-DACH2-HVCx","Ex_DACH2_ITGA9",0.451597604750426
"_TCGAAGTAGATGGGCT-3","Glut-DACH2-HVCra","Ex_BCL6",0.809221448231581
"_TCGAAGTCAGAGGTTG-3","Glut-DACH2-HVCra-Pre","Ex_DACH2_MGAT4C",0.577140162140173
"_TCGAAGTGTGCCTAAT-3","Glut-DACH2-HVCra-Pre","Ex_DACH2_GRIK4",0.327938262839518
"_TCGAAGTGTTCGAACT-3","Glut-DACH2-HVCra-Pre","Ex_DACH2_LHX2",0.578620030635448
"_TCGAAGTTCAAGCCTA-3","Glut-DACH2-2","Ex_DACH2_LUZP2",0.366233014010819
"_TCGACCTGTCGCGGTT-3","Glut-DACH2-HVCx","Ex_Pre_KCNH7",0.618468509229907
"_TCGACCTTCGTAGTGT-3","Glut-DACH2-HVCra","Ex_DACH2_GRIK4",0.243353006501492
"_TCGATTTAGGTCACAG-3","Glut-DACH2-HVCra-Pre","Ex_DACH2_MGAT4C",0.486726400464198
"_TCGATTTCACTACTTT-3","Glut-DACH2-3","Ex_DACH2_ITGA9",0.618138361163993
"_TCGATTTCATAACCCA-3","Glut-DACH2-HVCra-Pre","Ex_DACH2_MGAT4C",0.368887709082952
"_TCGATTTCATGTTCGA-3","Glut-DACH2-HVCra","Ex_DACH2_GRIK4",0.58468085444888
"_TCGATTTTCGCTTTAT-3","Glut-DACH2-HVCra","Ex_BCL6",0.698634730713345
"_TCGCACTGTGTCTTAG-3","Glut-DACH2-HVCra-Pre","Ex_DACH2_LHX2",0.454926397608786
"_TCGCACTGTGTGAATA-3","Glut-DACH2-HVCra","Ex_BCL6",0.856509646164901
"_TCGCAGGAGACGTCCC-3","Glut-DACH2-HVCra","Ex_BCL6",0.823505406596695
"_TCGCAGGAGCCAAGTG-3","Glut-DACH2-2","Ex_DACH2_GRIK4",0.462766049885084
"_TCGCAGGCACAATGCT-3","Glut-DACH2-2","Ex_DACH2_GRIK4",0.572063720398848
"_TCGCTCAAGGTACAAT-3","Glut-DACH2-4","Ex_DACH2_ITGA9",0.496906875590685
"_TCGCTCAGTAGCGTTT-3","Glut-DACH2-HVCra","Ex_DACH2_GRIK4",0.410016262949044
"_TCGCTCAGTCCAGTTA-3","Glut-DACH2-HVCra","Ex_BCL6",0.522401211880213
"_TCGCTTGAGAGTTGTA-3","Glut-DACH2-HVCra-Pre","Ex_DACH2_LHX2",0.441127570436103
"_TCGCTTGAGGGCTGAT-3","Glut-DACH2-HVCx","Ex_Pre_KCNH7",0.646103309847506
"_TCGCTTGCATATCTCT-3","Glut-DACH2-HVCra-Pre","Ex_DACH2_MGAT4C",0.471654137171243
"_TCGCTTGGTCTTTCTA-3","Glut-DACH2-2","Ex_DACH2_GRIK4",0.484007083950341
"_TCGCTTGTCCAATGCA-3","Glut-DACH2-HVCra","Ex_DACH2_GRIK4",0.394665560554842
"_TCGGATAAGTGCCTCG-3","Glut-DACH2-HVCra","Ex_BCL6",0.772597120233586
"_TCGGATATCCAAATGC-3","Glut-DACH2-HVCra","Ex_DACH2_MGAT4C",0.483374204755265
"_TCGGATATCTTCTTCC-3","Glut-DACH2-HVCra","Ex_BCL6",0.63490794405489
"_TCGGGACTCCTGGGTG-3","Glut-DACH2-2","Ex_DACH2_GRIK4",0.374668672614123
"_TCGGGCACAGGCACAA-3","Glut-DACH2-HVCra","Ex_BCL6",0.722462528093447
"_TCGGGCATCTACACAG-3","Glut-DACH2-HVCra","Ex_BCL6",0.575560141984447
"_TCGGGCATCTCTAGGA-3","Glut-DACH2-HVCra","Ex_BCL6",0.691652295239424
"_TCGGGTGAGAGTCCGA-3","Glut-DACH2-2","Ex_DACH2_LUZP2",0.315120507644913
"_TCGGGTGAGGAGATAG-3","Glut-DACH2-2","Ex_DACH2_LHX2",0.537146471215795
"_TCGGGTGGTACTGGGA-3","Glut-DACH2-HVCra","Ex_BCL6",0.604033681657049
"_TCGGGTGTCGTTTACT-3","Glut-DACH2-HVCra","Ex_BCL6",0.380989344800979
"_TCGGTCTGTGGTTTAC-3","Glut-DACH2-HVCra-Pre","Ex_DACH2_GRIK4",0.481118189095419
"_TCGGTCTGTTATGGTC-3","Glut-DACH2-HVCra","Ex_BCL6",0.590925358398971
"_TCGGTCTTCGACACCG-3","Glut-DACH2-HVCra","Ex_BCL6",0.869796868226307
"_TCGGTCTTCGAGTCCG-3","Glut-DACH2-HVCra","Ex_BCL6",0.746555311852748
"_TCGGTCTTCGTAATGC-3","Glut-DACH2-HVCra","Ex_BCL6",0.746516603257412
"_TCGTAGAGTTTCACAG-3","Glut-DACH2-2","Ex_DACH2_LHX2",0.426283440993226
"_TCGTCCAAGGCTCTCG-3","Glut-DACH2-6","Ex_DACH2_ITGA9",0.377943164997612
"_TCGTGGGCACTGCACG-3","Glut-DACH2-HVCx","Ex_Pre_KCNH7",0.554970626416009
"_TCTAACTCAGGTACGA-3","Glut-DACH2-2","Ex_DACH2_ADAMTS5",0.191877970047206
"_TCTAACTGTTTGGAAA-3","Glut-DACH2-HVCra-Pre","Ex_DACH2_MGAT4C",0.628952942336981
"_TCTACATTCGACCTAA-3","Glut-DACH2-4","Ex_DACH2_ITGA9",0.32282791618956
"_TCTACCGAGAGGCGTT-3","Glut-DACH2-HVCra-Pre","Ex_DACH2_NR4A3",0.565443585141208
"_TCTACCGAGTACGAGC-3","Glut-DACH2-HVCra","Ex_BCL6",0.544329870977883
"_TCTACCGGTTAACAGA-3","Glut-DACH2-HVCra-Pre","Ex_DACH2_MGAT4C",0.532728162140449
"_TCTACCGTCACTCTTA-3","Glut-DACH2-HVCra-Pre","Ex_DACH2_NR4A3",0.653195557104901
"_TCTATACAGATTGTGA-3","Glut-DACH2-HVCra","Ex_DACH2_GRIK4",0.355268106414027
"_TCTATACGTAACACGG-3","Glut-DACH2-HVCra","Ex_BCL6",0.653424424647713
"_TCTATACTCGTGCAGC-3","Glut-DACH2-4","Ex_DACH2_ITGA9",0.734258261675038
"_TCTATCAAGTCCCGGT-3","Glut-DACH2-HVCra-Pre","Ex_DACH2_LHX2",0.558864865053146
"_TCTATCACACCCAAGC-3","Glut-DACH2-HVCra","Ex_BCL6",0.799765154576604
"_TCTATCAGTTACACAC-3","Glut-DACH2-2","Ex_DACH2_MGAT4C",0.339171223662658
"_TCTATCAGTTGTTTGG-3","Glut-DACH2-HVCra","Ex_BCL6",0.645775404322944
"_TCTCACGGTCAGTTTG-3","Glut-DACH2-HVCra","Ex_BCL6",0.676763843241046
"_TCTCACGGTCGAAACG-3","Glut-DACH2-2","Ex_DACH2_LHX2",0.565047833882396
"_TCTCACGTCCTATTGT-3","Glut-DACH2-HVCra","Ex_DACH2_MGAT4C",0.430967447976832
"_TCTCAGCCAATTGAAG-3","Glut-DACH2-HVCra-Pre","Ex_DACH2_GRIK4",0.501133674511117
"_TCTCAGCCATGAAGCG-3","Glut-DACH2-HVCra","Ex_DACH2_MGAT4C",0.383146679533943
"_TCTCAGCTCAGGAACG-3","Glut-DACH2-HVCx","Ex_Pre_KCNH7",0.705019226638566
"_TCTCCGATCTCTGACC-3","Glut-DACH2-HVCx","Ex_Pre_KCNH7",0.707914202746194
"_TCTGCCAAGGTATTGA-3","Glut-DACH2-HVCra","Ex_BCL6",0.743091497534291
"_TCTGCCACATGGTGGA-3","Glut-DACH2-2","Ex_DACH2_MGAT4C",0.580546959633793
"_TCTGGCTAGCGTCAGA-3","Glut-DACH2-HVCra-Pre","Ex_DACH2_NR4A3",0.37779785136357
"_TCTGGCTAGGCCATAG-3","Glut-DACH2-HVCra-Pre","Ex_BCL6",0.68175807103191
"_TCTGGCTAGGCCGCTT-3","Glut-DACH2-HVCra","Ex_BCL6",0.428046673744954
"_TCTGGCTAGGTCATCT-3","Glut-DACH2-HVCx","Ex_Pre_KCNH7",0.737274140203168
"_TCTGTCGCACATAACC-3","Glut-DACH2-HVCra","Ex_BCL6",0.793618182175203
"_TCTGTCGGTCTGCAAT-3","Glut-DACH2-HVCra-Pre","Ex_DACH2_LHX2",0.457499157972603
"_TCTTAGTCAACGTAAA-3","Glut-DACH2-HVCx","Ex_Pre_KCNH7",0.697795549066408
"_TCTTCCTTCAACCTCC-3","Glut-DACH2-HVCra","Ex_BCL6",0.765128435978085
"_TCTTCCTTCTAGTACG-3","Glut-DACH2-HVCra","Ex_BCL6",0.504799760315066
"_TCTTTGAAGTTCATCG-3","Glut-DACH2-HVCra","Ex_BCL6",0.825384763007021
"_TCTTTGAGTCAATGGG-3","Glut-DACH2-2","Ex_DACH2_NR4A3",0.339081634762423
"_TCTTTGAGTTCTCCTG-3","Glut-DACH2-HVCra","Ex_BCL6",0.695198946213164
"_TGAACGTAGCTGTTCA-3","Glut-DACH2-HVCra","Ex_BCL6",0.804340876529568
"_TGAACGTCAAATGCTC-3","Glut-DACH2-HVCra","Ex_BCL6",0.656460650942658
"_TGAATCGCATCAGTCA-3","Glut-DACH2-HVCra-Pre","Ex_DACH2_NR4A3",0.845818649578011
"_TGAATCGGTTACCCTC-3","Glut-DACH2-HVCra","Ex_BCL6",0.749402127443877
"_TGAATCGTCCGGCAAC-3","Glut-DACH2-HVCx","Ex_BCL6",0.381620229793391
"_TGAATGCAGCACGTCC-3","Glut-DACH2-HVCra","Ex_BCL6",0.828042758122801
"_TGAATGCAGTACTCGT-3","Glut-DACH2-HVCx","Ex_Pre_KCNH7",0.607326025122044
"_TGAATGCCAAGCTACT-3","Glut-DACH2-HVCra","Ex_BCL6",0.522289262309112
"_TGAATGCGTGACAGCA-3","Glut-DACH2-HVCra","Ex_DACH2_GRIK4",0.72913548199917
"_TGAATGCTCTCAACGA-3","Glut-DACH2-2","Ex_DACH2_LHX2",0.409539930951223
"_TGAATGCTCTGAGAGG-3","Glut-DACH2-HVCra","Ex_BCL6",0.768773180579934
"_TGACAGTAGCAGATAT-3","Glut-DACH2-HVCx","Ex_DACH2_ITGA9",0.539922411224169
"_TGACAGTAGCATCCCG-3","Glut-DACH2-2","Ex_DACH2_LHX2",0.364335116450865
"_TGACAGTCAACCTAAC-3","Glut-DACH2-HVCra","Ex_BCL6",0.782384093290161
"_TGACAGTTCAGGGTAG-3","Glut-DACH2-HVCx","Ex_BCL6",0.258887339717659
"_TGACAGTTCGCTGATA-3","Glut-DACH2-HVCra-Pre","Ex_DACH2_MGAT4C",0.571700253997576
"_TGACCCTAGGGCCTCT-3","Glut-DACH2-HVCra-Pre","Ex_DACH2_MGAT4C",0.485191740993042
"_TGACCCTGTGTCATGT-3","Glut-DACH2-HVCra-Pre","Ex_DACH2_GRIK4",0.61780105648669
"_TGACGCGCAAGAGGTC-3","Glut-DACH2-HVCx","Ex_Pre_KCNH7",0.662953615669107
"_TGACGCGCATATGGCT-3","Glut-DACH2-HVCra","Ex_BCL6",0.673535807488496
"_TGACGCGGTTAGAAAC-3","Glut-DACH2-HVCra","Ex_BCL6",0.783073432745263
"_TGACTCCCATGGCTGC-3","Glut-DACH2-1","Ex_DACH2_NR4A3",0.906560500252213
"_TGACTCCGTAGGAAAG-3","Glut-DACH2-HVCra","Ex_BCL6",0.700147745829063
"_TGACTCCGTGGGTATG-3","Glut-DACH2-HVCra-Pre","Ex_DACH2_GRIK4",0.275196404068253
"_TGAGACTAGATGAACT-3","Glut-DACH2-HVCra","Ex_BCL6",0.561117686473242
"_TGAGACTAGGCTTCCG-3","Glut-DACH2-HVCra-Pre","Ex_DACH2_MGAT4C",0.529009265078055
"_TGAGCATCATCCTTGC-3","Glut-DACH2-HVCra","Ex_BCL6",0.600775380913894
"_TGAGCATGTGGCAACA-3","Glut-DACH2-HVCra-Pre","Ex_DACH2_GRIK4",0.58823896144852
"_TGAGCATTCGTAGTGT-3","Glut-DACH2-HVCra-Pre","Ex_DACH2_GRIK4",0.67780350815622
"_TGAGCGCAGCGCCCAT-3","Glut-DACH2-HVCra-Pre","Ex_DACH2_MGAT4C",0.430447176000348
"_TGAGGAGGTCGACGCT-3","Glut-DACH2-HVCra","Ex_BCL6",0.594633128104556
"_TGAGGAGTCTCTCAAT-3","Glut-DACH2-HVCx","Ex_BCL6",0.522633183641875
"_TGAGGGAAGCCTGAGA-3","Glut-DACH2-HVCra-Pre","Ex_DACH2_MGAT4C",0.52913010581922
"_TGAGGGACAGCTATAC-3","Glut-DACH2-HVCra","Ex_BCL6",0.59976475358444
"_TGAGGTTCAAGCCATT-3","Glut-DACH2-HVCra","Ex_BCL6",0.688157570138369
"_TGAGTCAAGGTCACTT-3","Glut-DACH2-HVCx","Ex_Pre_KCNH7",0.466014388477669
"_TGAGTCACACCAGCTG-3","Glut-DACH2-1","Ex_DACH2_NR4A3",0.982253035357951
"_TGAGTCATCTCCTACG-3","Glut-DACH2-HVCra-Pre","Ex_DACH2_LUZP2",0.43238770666724
"_TGATCAGCAACCGCCA-3","Glut-DACH2-HVCx","Ex_Pre_KCNH7",0.617208224998097
"_TGATCAGGTTCCCACT-3","Glut-DACH2-2","Ex_DACH2_MGAT4C",0.362829216100997
"_TGATCAGGTTCTAAGC-3","Glut-DACH2-HVCra","Ex_BCL6",0.580056549017613
"_TGATCAGTCGGTCTGG-3","Glut-DACH2-2","Ex_DACH2_GRIK4",0.430989917523986
"_TGATCAGTCGTTAGAC-3","Glut-DACH2-HVCra","Ex_BCL6",0.650603479498855
"_TGATCTTGTTGCTCCT-3","Glut-DACH2-1","Ex_DACH2_MGAT4C",0.698036885579503
"_TGATGCAAGTCGCCCA-3","Glut-DACH2-HVCra-Pre","Ex_DACH2_GRIK4",0.575619857618545
"_TGATGCATCAGCAATC-3","Glut-DACH2-2","Ex_DACH2_LHX2",0.530526694292104
"_TGATGGTGTTGTAAAG-3","Glut-DACH2-HVCx","Ex_BCL6",0.885955442159102
"_TGATGGTGTTTCTTAC-3","Glut-DACH2-HVCra","Ex_DACH2_LHX2",0.366880733438689
"_TGATGGTTCACCCATC-3","Glut-DACH2-HVCra","Ex_BCL6",0.7383856411948
"_TGATGGTTCAGTGTCA-3","Glut-DACH2-HVCra-Pre","Ex_DACH2_GRIK4",0.460672918565794
"_TGATTCTCACGACGCT-3","Glut-DACH2-HVCra-Pre","Ex_DACH2_MGAT4C",0.352770208301103
"_TGATTCTGTAGAGACC-3","Glut-DACH2-HVCra-Pre","Ex_DACH2_MGAT4C",0.368811763107707
"_TGATTCTGTAGAGCTG-3","Glut-DACH2-7","Ex_DACH2_NR4A3",0.31038369457012
"_TGATTCTTCCGTAATG-3","Glut-DACH2-2","Ex_DACH2_MGAT4C",0.345984822924554
"_TGATTTCCACATGACT-3","Glut-DACH2-HVCra","Ex_BCL6",0.497542323663977
"_TGATTTCGTAAGCAAT-3","Glut-DACH2-HVCra","Ex_BCL6",0.424958915789735
"_TGATTTCGTACTGCGC-3","Glut-DACH2-HVCra-Pre","Ex_DACH2_LHX2",0.430617507979058
"_TGATTTCGTCATAAAG-3","Glut-DACH2-HVCra-Pre","Ex_DACH2_MGAT4C",0.487508367039558
"_TGATTTCGTCTTCAAG-3","Glut-DACH2-HVCra","Ex_DACH2_MGAT4C",0.292682294286657
"_TGCACGGCAACTGTGT-3","Glut-DACH2-HVCra","Ex_BCL6",0.306314687219101
"_TGCAGGCAGCGTACAG-3","Glut-DACH2-2","Ex_DACH2_LHX2",0.415421972668142
"_TGCAGGCGTCTTTCTA-3","Glut-DACH2-HVCra-Pre","Ex_DACH2_LHX2",0.511436477221083
"_TGCAGTAAGCCGTTGC-3","Glut-DACH2-2","Ex_DACH2_LHX2",0.565788203359498
"_TGCAGTACACAAATCC-3","Glut-DACH2-HVCra","Ex_BCL6",0.776017961047107
"_TGCAGTACATAACCCA-3","Glut-DACH2-HVCra","Ex_BCL6",0.670335012169888
"_TGCAGTAGTAGGAGGG-3","Glut-DACH2-HVCra-Pre","Ex_DACH2_GRIK4",0.425035443601465
"_TGCATGATCCGTTTCG-3","Glut-DACH2-2","Ex_DACH2_NR4A3",0.411125905669104
"_TGCCGAGGTCCACGCA-3","Glut-DACH2-2","Ex_DACH2_MGAT4C",0.524556515602474
"_TGCGACGCAAGTATCC-3","Glut-DACH2-HVCx","Ex_DACH2_ITGA9",0.395776789554232
"_TGCGACGGTCTTCAAG-3","Glut-DACH2-HVCra","Ex_BCL6",0.808341808772318
"_TGCGACGTCTACACAG-3","Glut-DACH2-HVCra-Pre","Ex_DACH2_GRIK4",0.373243845913978
"_TGCGATAAGGAAAGGT-3","Glut-DACH2-HVCx","Ex_Pre_KCNH7",0.730344567495438
"_TGCGATAGTGCGGCTT-3","Glut-DACH2-2","Ex_DACH2_LHX2",0.60086863229331
"_TGCGATATCACATTGG-3","Glut-DACH2-HVCra-Pre","Ex_BCL6",0.480127788019802
"_TGCGGCAAGTCCGCGT-3","Glut-DACH2-HVCx","Ex_Pre_KCNH7",0.715185084394282
"_TGCGGCACATGTGTCA-3","Glut-DACH2-HVCra","Ex_BCL6",0.253142803646939
"_TGCGGCAGTCAAGCGA-3","Glut-DACH2-HVCra-Pre","Ex_DACH2_GRIK4",0.498320188823066
"_TGCGGCATCAACACGT-3","Glut-DACH2-HVCra","Ex_BCL6",0.747392905054859
"_TGCTCCACAAACCATC-3","Glut-DACH2-HVCra","Ex_BCL6",0.577354043867627
"_TGCTCCAGTATTCTCT-3","Glut-DACH2-HVCra","Ex_BCL6",0.691798147872945
"_TGCTCCAGTGCGTGCT-3","Glut-DACH2-2","Ex_DACH2_ADAMTS5",0.32418346337756
"_TGCTCCAGTTATGTCG-3","Glut-DACH2-HVCra-Pre","Ex_DACH2_GRIK4",0.442801967255841
"_TGCTCGTAGTAACGAT-3","Glut-DACH2-HVCra-Pre","Ex_DACH2_GRIK4",0.33328004919853
"_TGCTCGTAGTTGCCCG-3","Glut-DACH2-HVCra","Ex_BCL6",0.733455330782768
"_TGCTCGTCACATAACC-3","Glut-DACH2-2","Ex_DACH2_LHX2",0.615300396905007
"_TGCTCGTGTTAGAAAC-3","Glut-DACH2-HVCx","Ex_BCL6",0.864452001642743
"_TGCTCGTGTTCACCGG-3","Glut-DACH2-HVCra","Ex_BCL6",0.769935516660025
"_TGCTCGTTCATGAGGG-3","Glut-DACH2-HVCra-Pre","Ex_DACH2_GRIK4",0.533459416473028
"_TGCTGAAAGTGAACAT-3","Glut-DACH2-HVCra","Ex_BCL6",0.944781553480398
"_TGCTGAATCGAGAGAC-3","Glut-DACH2-HVCra","Ex_BCL6",0.902229149069122
"_TGCTGAATCTCGCTCA-3","Glut-DACH2-2","Ex_DACH2_MGAT4C",0.401788155945147
"_TGCTTCGAGATGAACT-3","Glut-DACH2-HVCra","Ex_BCL6",0.834055399749901
"_TGCTTCGCAAGCGGAT-3","Glut-DACH2-2","Ex_DACH2_GRIK4",0.409986640703692
"_TGCTTGCAGCGCCTAC-3","Glut-DACH2-HVCra","Ex_BCL6",0.761777485848225
"_TGCTTGCCACTCAAGT-3","Glut-DACH2-2","Ex_DACH2_MGAT4C",0.4874528078651
"_TGGAGAGAGGCACAAC-3","Glut-DACH2-HVCra","Ex_DACH2_GRIK4",0.440646244850662
"_TGGAGAGCAATGACCT-3","Glut-DACH2-HVCra-Pre","Ex_DACH2_GRIK4",0.430366883631271
"_TGGAGAGCATGCAGCC-3","Glut-DACH2-HVCx","Ex_Pre_KCNH7",0.524831569437523
"_TGGAGGAAGGTGCTTT-3","Glut-DACH2-HVCra","Ex_BCL6",0.775641409701468
"_TGGATCAAGGACCCAA-3","Glut-DACH2-HVCra-Pre","Ex_DACH2_MGAT4C",0.431689716089802
"_TGGATCAAGGCACGAT-3","Glut-DACH2-HVCra-Pre","Ex_DACH2_GRIK4",0.31962443369598
"_TGGATCACAAAGGGTC-3","Glut-DACH2-2","Ex_DACH2_LHX2",0.336025105738438
"_TGGATCACATGGCCCA-3","Glut-DACH2-HVCra-Pre","Ex_DACH2_LHX2",0.425378880671558
"_TGGATCAGTAACATGA-3","Glut-DACH2-HVCra","Ex_BCL6",0.565241413712252
"_TGGCGTGAGCGTGCCT-3","Glut-DACH2-HVCra-Pre","Ex_DACH2_GRIK4",0.652922434254719
"_TGGCGTGCACCCATAA-3","Glut-DACH2-HVCra","Ex_BCL6",0.446714112430563
"_TGGCGTGGTCGAGCTC-3","Glut-DACH2-2","Ex_DACH2_LHX2",0.391719067990998
"_TGGCGTGGTGTCTTCC-3","Glut-DACH2-HVCra-Pre","Ex_DACH2_NR4A3",0.801167111300088
"_TGGGAGACAAACTAGA-3","Glut-DACH2-HVCra","Ex_BCL6",0.84712335213769
"_TGGGATTCAATTTCGG-3","Glut-DACH2-HVCx","Ex_Pre_KCNH7",0.616053939199482
"_TGGGATTTCAACTTTC-3","Glut-DACH2-HVCra","Ex_BCL6",0.85137118104379
"_TGGGCGTCAAGAGCTG-3","Glut-DACH2-HVCra","Ex_BCL6",0.88525059293852
"_TGGGCTGCACGTCATA-3","Glut-DACH2-3","Ex_DACH2_ITGA9",0.479894030194393
"_TGGGCTGCACGTCGTG-3","Glut-DACH2-HVCra","Ex_Pre_KCNH7",0.641314472727715
"_TGGGCTGTCACGAACT-3","Glut-DACH2-HVCx","Ex_DACH2_ITGA9",0.379816166812974
"_TGGGCTGTCCTGGGTG-3","Glut-DACH2-HVCra","Ex_BCL6",0.745745784799607
"_TGGGCTGTCGCGTGCA-3","Glut-DACH2-HVCra-Pre","Ex_DACH2_GRIK4",0.561059181122419
"_TGGGCTGTCTTCCCGA-3","Glut-DACH2-HVCra","Ex_BCL6",0.805371770953641
"_TGGGTTAGTACTAGCT-3","Glut-DACH2-HVCx","Ex_Pre_KCNH7",0.582708145442596
"_TGGGTTAGTGGCTTGC-3","Glut-DACH2-HVCx","Ex_Pre_KCNH7",0.669829874829951
"_TGGTACAAGGCATCTT-3","Glut-DACH2-2","Ex_DACH2_LHX2",0.410791570305158
"_TGGTACAAGGTAGTAT-3","Glut-DACH2-HVCra","Ex_BCL6",0.813116362511174
"_TGGTACAGTATGATCC-3","Glut-DACH2-HVCra-Pre","Ex_DACH2_MGAT4C",0.308933652442863
"_TGGTACAGTGCAACAG-3","Glut-DACH2-HVCra","Ex_BCL6",0.614414071635418
"_TGGTACATCTCGACGG-3","Glut-DACH2-HVCra-Pre","Ex_DACH2_MGAT4C",0.571258087184238
"_TGGTGATCAGCTGTAT-3","Glut-DACH2-HVCra-Pre","Ex_DACH2_LUZP2",0.358600136456508
"_TGGTGATGTCGCACAC-3","Glut-DACH2-2","Ex_DACH2_MGAT4C",0.554615181062408
"_TGGTGATGTTTCGGCG-3","Glut-DACH2-2","Ex_DACH2_MGAT4C",0.411816727373152
"_TGTAACGCACCTTCCA-3","Glut-DACH2-HVCra","Ex_BCL6",0.601605007070099
"_TGTAACGTCTTAAGGC-3","Glut-DACH2-HVCra","Ex_BCL6",0.732366633147524
"_TGTAAGCAGCGAGAAA-3","Glut-DACH2-2","Ex_DACH2_LHX2",0.507910893816
"_TGTACAGGTGAATTAG-3","Glut-DACH2-HVCra-Pre","Ex_CACNA1H_KIT",0.327184422138836
"_TGTACAGTCTCGCCTA-3","Glut-DACH2-1","Ex_DACH2_NR4A3",0.76693949901245
"_TGTAGACAGAGTATAC-3","Glut-DACH2-HVCra-Pre","Ex_DACH2_GRIK4",0.437772124810179
"_TGTAGACAGCAGGCAT-3","Glut-DACH2-HVCra","Ex_BCL6",0.77373837878264
"_TGTAGACGTACCGTGC-3","Glut-DACH2-HVCra","Ex_BCL6",0.660263901283333
"_TGTAGACGTCTGTAGT-3","Glut-DACH2-HVCra","Ex_BCL6",0.682876261650125
"_TGTAGACTCGAAGCAG-3","Glut-DACH2-HVCra-Pre","Ex_DACH2_GRIK4",0.639872022430038
"_TGTCAGAAGATGCTGG-3","Glut-DACH2-HVCx","Ex_Pre_KCNH7",0.71680054405377
"_TGTCAGAAGGATACGC-3","Glut-DACH2-1","Ex_DACH2_GRIK4",0.385318456700154
"_TGTCAGAAGGGAGGAC-3","Glut-DACH2-HVCra","Ex_BCL6",0.755104402900945
"_TGTCAGACACGTAGTT-3","Glut-DACH2-HVCra","Ex_BCL6",0.305099410009232
"_TGTCAGAGTGTTTGCA-3","Glut-DACH2-HVCra-Pre","Ex_DACH2_MGAT4C",0.448929808500932
"_TGTCAGATCCTCACGT-3","Glut-DACH2-HVCra","Ex_DACH2_GRIK4",0.545830176833645
"_TGTCCACCAAGCGCTC-3","Glut-DACH2-2","Ex_DACH2_GRIK4",0.415174358516156
"_TGTCCACGTATGTCAC-3","Glut-DACH2-2","Ex_DACH2_GRIK4",0.582997682672417
"_TGTCCACGTCAAATCC-3","Glut-DACH2-HVCra","Ex_BCL6",0.595919325433816
"_TGTCCACTCGAGCCTG-3","Glut-DACH2-HVCra","Ex_BCL6",0.584138870000254
"_TGTCCACTCTTAGCCC-3","Glut-DACH2-5","Ex_DACH2_MGAT4C",0.357416174131662
"_TGTCCTGTCAACCTCC-3","Glut-DACH2-HVCra-Pre","Ex_DACH2_MGAT4C",0.400861716885879
"_TGTGAGTAGGCACTAG-3","Glut-DACH2-HVCra","Ex_BCL6",0.758774732600294
"_TGTGAGTAGGTGCCTC-3","Glut-DACH2-HVCra-Pre","Ex_DACH2_GRIK4",0.389797734529213
"_TGTGATGAGCACCAGA-3","Glut-DACH2-2","Ex_DACH2_GRIK4",0.456952289944436
"_TGTGATGCATGAAGCG-3","Glut-DACH2-HVCra-Pre","Ex_BCL6",0.397226819377861
"_TGTGATGGTATCGGTT-3","Glut-DACH2-HVCra-Pre","Ex_DACH2_GRIK4",0.361787077709929
"_TGTGCGGTCAAACTGC-3","Glut-DACH2-2","Ex_DACH2_LHX2",0.490798085322927
"_TGTGGCGGTACCGCGT-3","Glut-DACH2-2","Ex_DACH2_GRIK4",0.274437943766205
"_TGTGGCGTCATGGGAG-3","Glut-DACH2-HVCra","Ex_BCL6",0.777366634114706
"_TGTGGCGTCTTCCCAG-3","Glut-DACH2-1","Ex_DACH2_ITGA9",0.395316001979519
"_TGTGTGAAGCAATAGT-3","Glut-DACH2-HVCra","Ex_BCL6",0.480116840886444
"_TGTGTGACAAACTGCT-3","Glut-DACH2-HVCra-Pre","Ex_BCL6",0.284295119145742
"_TGTGTGACAATACGCT-3","Glut-DACH2-HVCra","Ex_BCL6",0.745183745355538
"_TGTGTGACAATCGCGC-3","Glut-DACH2-HVCra-Pre","Ex_BCL6",0.428497442990845
"_TGTTACTAGTTCCATG-3","Glut-DACH2-HVCra-Pre","Ex_DACH2_ITGA9",0.442269308241925
"_TGTTCATTCTCCTGCA-3","Glut-DACH2-HVCra","Ex_BCL6",0.802478034700491
"_TGTTCATTCTCTAGGA-3","Glut-DACH2-2","Ex_DACH2_LUZP2",0.408854493914171
"_TGTTCCGAGAATAGTC-3","Glut-DACH2-HVCra","Ex_BCL6",0.692739837132126
"_TGTTCCGCAACAGCCC-3","Glut-DACH2-1","Ex_DACH2_LHX2",0.467976304310274
"_TGTTCCGGTCGTTCAA-3","Glut-DACH2-2","Ex_DACH2_LHX2",0.663008917480402
"_TGTTCTAAGTATGACA-3","Glut-DACH2-HVCra","Ex_DACH2_GRIK4",0.439271138678257
"_TGTTCTAGTATACAGA-3","Glut-DACH2-HVCra-Pre","Ex_DACH2_MGAT4C",0.363929247449631
"_TGTTCTATCAAATGCC-3","Glut-DACH2-HVCra-Pre","Ex_DACH2_GRIK4",0.461067456960355
"_TGTTCTATCATGTCAG-3","Glut-DACH2-2","Ex_DACH2_LHX2",0.409777880226924
"_TGTTCTATCGCTTACC-3","Glut-DACH2-HVCx","Ex_Pre_KCNH7",0.53209092084391
"_TGTTGAGCAAATCAAG-3","Glut-DACH2-4","Ex_DACH2_ITGA9",0.713743712383699
"_TGTTGGACACGTGTGC-3","Glut-DACH2-HVCra-Pre","Ex_DACH2_LHX2",0.418291368556719
"_TGTTTGTCAGATCACT-3","Glut-DACH2-HVCx","Ex_Pre_KCNH7",0.675680845222989
"_TGTTTGTTCCCATGGG-3","Glut-DACH2-HVCra-Pre","Ex_DACH2_MGAT4C",0.486761113932251
"_TGTTTGTTCCTACACC-3","Glut-DACH2-HVCra","Ex_BCL6",0.289360789901264
"_TTAATCCAGCCTGAGA-3","Glut-DACH2-HVCra-Pre","Ex_DACH2_MGAT4C",0.65526984525852
"_TTAATCCCACTCCGGA-3","Glut-DACH2-HVCra","Ex_BCL6",0.667232280735522
"_TTAATCCCATAACAGA-3","Glut-DACH2-2","Ex_DACH2_LUZP2",0.597946752907733
"_TTAATCCTCAATCGGT-3","Glut-DACH2-2","Ex_DACH2_GRIK4",0.342601441923966
"_TTACAGGAGGAACGAA-3","Glut-DACH2-2","Ex_DACH2_LHX2",0.439036459431653
"_TTACAGGAGTCAATCC-3","Glut-DACH2-2","Ex_DACH2_LHX2",0.37072826364056
"_TTACAGGGTCACCTTC-3","Glut-DACH2-HVCra","Ex_BCL6",0.774921085611885
"_TTACCATCAATCCAGT-3","Glut-DACH2-2","Ex_DACH2_GRIK4",0.509904521211737
"_TTACCGCGTGACGTCC-3","Glut-DACH2-HVCx","Ex_BCL6",0.391906973357382
"_TTACCGCTCCGCGATG-3","Glut-DACH2-HVCra-Pre","Ex_DACH2_LHX2",0.408048527870204
"_TTACGCCCAGCGTGAA-3","Glut-DACH2-HVCx","Ex_Pre_KCNH7",0.637125264667623
"_TTACGCCTCCAGGACC-3","Glut-DACH2-HVCra","Ex_DACH2_LHX2",0.359995894882937
"_TTACGTTAGGGTCTTT-3","Glut-DACH2-HVCra","Ex_DACH2_GRIK4",0.500132698127813
"_TTACGTTTCTTAGCTT-3","Glut-DACH2-1","Ex_DACH2_MGAT4C",0.556209203693696
"_TTACTGTAGAGCATAT-3","Glut-DACH2-2","Ex_DACH2_GRIK4",0.348641841041289
"_TTACTGTCAAGTTCCA-3","Glut-DACH2-2","Ex_DACH2_LHX2",0.330558500255034
"_TTACTGTGTGCTCCGA-3","Glut-DACH2-HVCra","Ex_DACH2_LHX2",0.362919743576054
"_TTAGGCAAGACGCCAA-3","Glut-DACH2-2","Ex_DACH2_LHX2",0.398004093620684
"_TTAGGCAAGCTTGTGT-3","Glut-DACH2-2","Ex_DACH2_MGAT4C",0.433922143183468
"_TTAGGCAAGGCCTGAA-3","Glut-DACH2-2","Ex_DACH2_GRIK4",0.382264071156931
"_TTAGGCAGTGCTCTTC-3","Glut-DACH2-HVCx","Ex_BCL6",0.868126368981092
"_TTAGGCAGTTAGAAAC-3","Glut-DACH2-HVCx","Ex_BCL6",0.569118778097214
"_TTAGGCATCGCGTGAC-3","Glut-DACH2-3","Ex_DACH2_ITGA9",0.490598979888005
"_TTAGGGTAGCACCAGA-3","Glut-DACH2-5","Ex_DACH2_ADAMTS5",0.628833237577572
"_TTAGGGTAGCTAAACA-3","Glut-DACH2-HVCra-Pre","Ex_DACH2_LHX2",0.30478936070299
"_TTAGGGTAGGCCTTGC-3","Glut-DACH2-HVCra","Ex_BCL6",0.84379898702624
"_TTAGGGTAGTGGGAAA-3","Glut-DACH2-3","Ex_DACH2_SLIT2",0.584018029490056
"_TTAGGGTGTGAGGATC-3","Glut-DACH2-HVCra-Pre","Ex_DACH2_LHX2",0.427134135115276
"_TTAGTCTAGTCCCAGC-3","Glut-DACH2-2","Ex_DACH2_LHX2",0.285865130290291
"_TTAGTCTGTTGCTCGG-3","Glut-DACH2-HVCra","Ex_BCL6",0.762385662864562
"_TTATTGCAGCCGCTTG-3","Glut-DACH2-2","Ex_DACH2_NR4A3",0.729530708755194
"_TTATTGCGTATGGTAA-3","Glut-DACH2-HVCra","Ex_DACH2_MGAT4C",0.480804797265237
"_TTATTGCGTCTCTCTG-3","Glut-DACH2-HVCx","Ex_DACH2_ITGA9",0.520620357551864
"_TTATTGCGTTAGCTAC-3","Glut-DACH2-HVCra-Pre","Ex_DACH2_GRIK4",0.372144574389637
"_TTCAATCGTCAAGTTC-3","Glut-DACH2-HVCra-Pre","Ex_DACH2_GRIK4",0.539662300374885
"_TTCAATCGTTCAGTAC-3","Glut-DACH2-HVCra","Ex_BCL6",0.559632568986968
"_TTCACCGCATGACAGG-3","Glut-DACH2-HVCra","Ex_BCL6",0.624794363509673
"_TTCACGCAGGATGTTA-3","Glut-DACH2-HVCra","Ex_BCL6",0.722367311861499
"_TTCACGCCAAGATGGC-3","Glut-DACH2-2","Ex_DACH2_SLIT2",0.400473488250979
"_TTCACGCCAGCTGGTC-3","Glut-DACH2-HVCra","Ex_BCL6",0.840927717553792
"_TTCACGCGTGCCTTTC-3","Glut-DACH2-HVCra","Ex_BCL6",0.592034095879063
"_TTCACGCTCCTCTAGC-3","Glut-DACH2-HVCx","Ex_BCL6",0.863845428350342
"_TTCAGGACAAACCACT-3","Glut-DACH2-HVCx","Ex_Pre_KCNH7",0.367447618971837
"_TTCAGGACATGTGTCA-3","Glut-DACH2-HVCra","Ex_BCL6",0.782074409703371
"_TTCATGTCATGAGGGT-3","Glut-DACH2-HVCra-Pre","Ex_DACH2_LHX2",0.437822305074798
"_TTCATGTTCATGGCCG-3","Glut-DACH2-HVCra-Pre","Ex_BCL6",0.613514372043737
"_TTCATTGAGATCACCT-3","Glut-DACH2-HVCra-Pre","Ex_DACH2_GRIK4",0.522703900975256
"_TTCATTGCACAACGAG-3","Glut-DACH2-3","Ex_DACH2_ZMAT4",0.635599474680134
"_TTCATTGCACGGAAGT-3","Glut-DACH2-HVCx","Ex_Pre_KCNH7",0.569868197113579
"_TTCATTGCACGGTCTG-3","Glut-DACH2-HVCra-Pre","Ex_DACH2_LHX2",0.446579872256199
"_TTCATTGCAGCGACCT-3","Glut-DACH2-HVCra","Ex_BCL6",0.762847507862212
"_TTCATTGCATGAAGCG-3","Glut-DACH2-2","Ex_DACH2_MGAT4C",0.376338806353371
"_TTCATTGGTCCGGATC-3","Glut-DACH2-HVCra-Pre","Ex_DACH2_GRIK4",0.80545753085552
"_TTCATTGGTGCGAGTA-3","Glut-DACH2-HVCra","Ex_BCL6",0.883545459631132
"_TTCATTGTCAGAACCT-3","Glut-DACH2-HVCx","Ex_Pre_KCNH7",0.681636717138015
"_TTCCAATCAGTGAGCA-3","Glut-DACH2-HVCra","Ex_BCL6",0.429827880089054
"_TTCCACGAGAACGTGC-3","Glut-DACH2-2","Ex_DACH2_LHX2",0.535770780823524
"_TTCCACGTCTTCTGGC-3","Glut-DACH2-HVCra","Ex_BCL6",0.818534695901367
"_TTCCGGTAGGTCTACT-3","Glut-DACH2-2","Ex_DACH2_LHX2",0.452346632099521
"_TTCCGGTCAGTAACAA-3","Glut-DACH2-HVCra","Ex_DACH2_GRIK4",0.401369934662765
"_TTCCGGTGTAACCCGC-3","Glut-DACH2-1","Ex_DACH2_MGAT4C",0.588171291762366
"_TTCCGTGAGAGGATCC-3","Glut-DACH2-2","Ex_DACH2_LHX2",0.64161928492849
"_TTCCGTGCAGCGTATT-3","Glut-DACH2-HVCx","Ex_BCL6",0.413569956615236
"_TTCCGTGTCGACGCTG-3","Glut-DACH2-HVCx","Ex_Pre_KCNH7",0.693476985812502
"_TTCCTAAAGATACATG-3","Glut-DACH2-HVCra","Ex_BCL6",0.847993339154445
"_TTCCTAACACGAAGAC-3","Glut-DACH2-HVCra","Ex_DACH2_GRIK4",0.406804495228275
"_TTCCTAACACTGCATA-3","Glut-DACH2-HVCra","Ex_BCL6",0.367698493978252
"_TTCCTAAGTGGCCTCA-3","Glut-DACH2-HVCra","Ex_BCL6",0.773046358954272
"_TTCCTTCAGAAACCCG-3","Glut-DACH2-HVCra-Pre","Ex_DACH2_GRIK4",0.572242595618119
"_TTCCTTCGTAGTGATA-3","Glut-DACH2-HVCra","Ex_BCL6",0.788740988954689
"_TTCCTTCTCATTTGCT-3","Glut-DACH2-HVCra","Ex_BCL6",0.711361190365581
"_TTCGATTAGTTACGAA-3","Glut-DACH2-HVCra-Pre","Ex_DACH2_MGAT4C",0.458619479382086
"_TTCGATTCAACCGTGC-3","Glut-DACH2-HVCra-Pre","Ex_DACH2_LHX2",0.592660635513688
"_TTCGATTGTCGTACTA-3","Glut-DACH2-2","Ex_DACH2_LHX2",0.41397590417854
"_TTCGCTGAGGAGCAAA-3","Glut-DACH2-HVCx","Ex_DACH2_ITGA9",0.442901657120986
"_TTCGCTGAGGTAAGTT-3","Glut-DACH2-2","Ex_DACH2_GRIK4",0.382279878888213
"_TTCGCTGGTGCTGCAC-3","Glut-DACH2-HVCra-Pre","Ex_DACH2_GRIK4",0.354734481301799
"_TTCGCTGGTTCTGAGT-3","Glut-DACH2-HVCra","Ex_BCL6",0.308696961738882
"_TTCGGTCCATGAGATA-3","Glut-DACH2-HVCra-Pre","Ex_DACH2_GRIK4",0.570347759143127
"_TTCTAACAGGCCGCTT-3","Glut-DACH2-1","Ex_DACH2_ITGA9",0.352190200182402
"_TTCTAACCAACTGAAA-3","Glut-DACH2-1","Ex_DACH2_LHX2",0.587412122207062
"_TTCTAACCACGTGAGA-3","Glut-DACH2-2","Ex_DACH2_GRIK4",0.341266546043982
"_TTCTAACGTAGACACG-3","Glut-DACH2-2","Ex_DACH2_MGAT4C",0.438558108518098
"_TTCTAACGTCGCATGC-3","Glut-DACH2-HVCra-Pre","Ex_DACH2_MGAT4C",0.633135642897362
"_TTCTAACGTCGGTGAA-3","Glut-DACH2-HVCx","Ex_Pre_KCNH7",0.728790857316869
"_TTCTAACTCTGAGCAT-3","Glut-DACH2-HVCx","Ex_Pre_KCNH7",0.769112979712821
"_TTCTAGTGTGGCAGAT-3","Glut-DACH2-2","Ex_DACH2_LHX2",0.545447666012877
"_TTCTAGTGTGGGAGAG-3","Glut-DACH2-HVCra","Ex_BCL6",0.689811838031942
"_TTCTCTCGTACGACAG-3","Glut-DACH2-HVCx","Ex_Pre_KCNH7",0.720332571071959
"_TTCTCTCTCTTAGCAG-3","Glut-DACH2-2","Ex_DACH2_MGAT4C",0.340250169788843
"_TTCTGTACACAAATCC-3","Glut-DACH2-HVCx","Ex_Pre_KCNH7",0.476264129466707
"_TTCTGTATCTTTGGAG-3","Glut-DACH2-HVCra","Ex_BCL6",0.724419725895643
"_TTCTTCCCATGTTCGA-3","Glut-DACH2-HVCra-Pre","Ex_DACH2_GRIK4",0.482865552526116
"_TTCTTGACAGAGCTAG-3","Glut-DACH2-HVCra-Pre","Ex_DACH2_LHX2",0.459372483892619
"_TTCTTGAGTAACGTTC-3","Glut-DACH2-HVCra-Pre","Ex_DACH2_MGAT4C",0.607718767759975
"_TTCTTGAGTCCAGTTA-3","Glut-DACH2-2","Ex_DACH2_MGAT4C",0.419471052187559
"_TTCTTGATCCGGACTG-3","Glut-DACH2-2","Ex_DACH2_GRIK4",0.455666791280759
"_TTCTTGATCCTACCGT-3","Glut-DACH2-HVCra-Pre","Ex_DACH2_GRIK4",0.348899649769971
"_TTCTTGATCTCATGGA-3","Glut-DACH2-HVCra","Ex_BCL6",0.762464945806511
"_TTGACCCAGAAACCAT-3","Glut-DACH2-2","Ex_DACH2_GRIK4",0.423514714078916
"_TTGACCCAGATGTTCC-3","Glut-DACH2-4","Ex_DACH2_ITGA9",0.692813644118488
"_TTGACCCAGCGGCTCT-3","Glut-DACH2-HVCra","Ex_BCL6",0.696756733829467
"_TTGACCCCAGCACAAG-3","Glut-DACH2-1","Ex_DACH2_MGAT4C",0.565875939975779
"_TTGAGTGCAAGAGAGA-3","Glut-DACH2-HVCra-Pre","Ex_DACH2_MGAT4C",0.303026682249178
"_TTGAGTGTCTCTGCTG-3","Glut-DACH2-HVCx","Ex_Pre_KCNH7",0.368809487361415
"_TTGATGGAGAGAGCGG-3","Glut-DACH2-HVCra-Pre","Ex_DACH2_GRIK4",0.550233644265211
"_TTGATGGAGCCGTCGT-3","Glut-DACH2-HVCra-Pre","Ex_DACH2_GRIK4",0.331956980439329
"_TTGATGGAGGAACTCG-3","Glut-DACH2-HVCra-Pre","Ex_DACH2_LHX2",0.416340238568402
"_TTGATGGAGGGCAAGG-3","Glut-DACH2-2","Ex_DACH2_GRIK4",0.390475199037973
"_TTGATGGCACGTACAT-3","Glut-DACH2-HVCra","Ex_BCL6",0.630790518004439
"_TTGCATTCACTAACCA-3","Glut-DACH2-HVCx","Ex_Pre_KCNH7",0.626044818143518
"_TTGCGTCCAACTGGTT-3","Glut-DACH2-HVCra-Pre","Ex_DACH2_GRIK4",0.258152623871474
"_TTGCTGCAGGTAGGCT-3","Glut-DACH2-2","Ex_DACH2_MGAT4C",0.351831452245701
"_TTGCTGCAGTCGCTAT-3","Glut-DACH2-HVCra-Pre","Ex_DACH2_LHX2",0.452276428342348
"_TTGGATGAGACACACG-3","Glut-DACH2-2","Ex_DACH2_GRIK4",0.616670276619583
"_TTGGATGAGAGGGTCT-3","Glut-DACH2-HVCx","Ex_BCL6",0.910051711160739
"_TTGGATGAGGCATCTT-3","Glut-DACH2-HVCra","Ex_BCL6",0.853415429725717
"_TTGGATGTCTAGACCA-3","Glut-DACH2-1","Ex_DACH2_MGAT4C",0.355986394118461
"_TTGGGATCATGGAAGC-3","Glut-DACH2-1","Ex_DACH2_NR4A3",0.681531271093428
"_TTGGGCGGTGCCGTAC-3","Glut-DACH2-HVCra","Ex_BCL6",0.714980811330302
"_TTGGGCGTCAATCCAG-3","Glut-DACH2-HVCra-Pre","Ex_DACH2_MGAT4C",0.471685736275011
"_TTGGGCGTCCGATGCG-3","Glut-DACH2-HVCra-Pre","Ex_DACH2_LHX2",0.571981759536518
"_TTGGGTAGTTTACCTT-3","Glut-DACH2-HVCra","Ex_BCL6",0.725135715549977
"_TTGGGTATCGTCAACA-3","Glut-DACH2-HVCra","Ex_DACH2_GRIK4",0.36238737350184
"_TTGGTTTAGACTCATC-3","Glut-DACH2-HVCx","Ex_Pre_KCNH7",0.759098675663464
"_TTGGTTTAGCTGACTT-3","Glut-DACH2-HVCx","Ex_Pre_KCNH7",0.652838560102285
"_TTGGTTTGTGCTAGCC-3","Glut-DACH2-HVCra","Ex_BCL6",0.725078531837772
"_TTGGTTTGTTCGTACA-3","Glut-DACH2-HVCx","Ex_DACH2_ITGA9",0.351313312662395
"_TTGGTTTTCCGTAGGC-3","Glut-DACH2-HVCra","Ex_BCL6",0.809084273231839
"_TTGGTTTTCGAACCTA-3","Glut-DACH2-HVCra","Ex_BCL6",0.746979499959924
"_TTGTGGAAGTATCTGC-3","Glut-DACH2-HVCra-Pre","Ex_BCL6",0.682320893793218
"_TTGTGGATCCCAGGCA-3","Glut-DACH2-2","Ex_DACH2_GRIK4",0.407097251197892
"_TTGTGTTGTGTCTTAG-3","Glut-DACH2-2","Ex_DACH2_LHX2",0.436683648830444
"_TTGTGTTTCCGAGGCT-3","Glut-DACH2-HVCra","Ex_BCL6",0.782862093847555
"_TTGTTCATCACCTCAC-3","Glut-DACH2-2","Ex_DACH2_LHX2",0.44268290777981
"_TTGTTGTAGGCGATAC-3","Glut-DACH2-5","Ex_DACH2_MGAT4C",0.636421369958812
"_TTGTTGTAGGTGGCTA-3","Glut-DACH2-HVCra","Ex_DACH2_GRIK4",0.405849213733134
"_TTGTTGTCAAACCACT-3","Glut-DACH2-HVCra-Pre","Ex_DACH2_MGAT4C",0.427614025863349
"_TTGTTGTCAGGATCTT-3","Glut-DACH2-2","Ex_DACH2_NR4A3",0.882112230816363
"_TTGTTGTGTATGCTTG-3","Glut-DACH2-HVCra-Pre","Ex_DACH2_GRIK4",0.440687613708886
"_TTGTTTGAGAAGGGAT-3","Glut-DACH2-HVCra","Ex_BCL6",0.774174657930297
"_TTGTTTGCAACCGTAT-3","Glut-DACH2-HVCra-Pre","Ex_DACH2_MGAT4C",0.410993383480326
"_TTGTTTGTCGTAGAGG-3","Glut-DACH2-HVCra-Pre","Ex_DACH2_LUZP2",0.527160546990428
"_TTTACCAGTGACAGCA-3","Glut-DACH2-HVCx","Ex_Pre_KCNH7",0.499254656573801
"_TTTACCATCTCGAACA-3","Glut-DACH2-HVCra","Ex_BCL6",0.737795460352487
"_TTTACGTGTGAATAAC-3","Glut-DACH2-2","Ex_DACH2_GRIK4",0.539457147693681
"_TTTACTGAGTCCCTAA-3","Glut-DACH2-HVCra","Ex_DACH2_MGAT4C",0.353570892452942
"_TTTACTGGTCCGATCG-3","Glut-DACH2-HVCx","Ex_Pre_KCNH7",0.597950888916043
"_TTTACTGTCTTCGGAA-3","Glut-DACH2-2","Ex_DACH2_NR4A3",0.445989680031303
"_TTTAGTCAGTAGAATC-3","Glut-DACH2-2","Ex_DACH2_NR4A3",0.245516500845098
"_TTTAGTCCATACTTTC-3","Glut-DACH2-HVCra-Pre","Ex_DACH2_MGAT4C",0.46265186641331
"_TTTATGCCAGCTCGGT-3","Glut-DACH2-HVCra","Ex_BCL6",0.795394467329079
"_TTTATGCGTGATTCTG-3","Glut-DACH2-HVCra-Pre","Ex_DACH2_GRIK4",0.428137576476679
"_TTTCACAAGGACAGCT-3","Glut-DACH2-1","Ex_DACH2_NR4A3",0.980145909315635
"_TTTCAGTAGCCACCGT-3","Glut-DACH2-2","Ex_DACH2_LHX2",0.372709377395078
"_TTTCAGTAGGACAACC-3","Glut-DACH2-7","Ex_DACH2_GRIK4",0.478527901716345
"_TTTCAGTAGTCTGGAG-3","Glut-DACH2-HVCra","Ex_BCL6",0.553605608204228
"_TTTCAGTCACAAAGTA-3","Glut-DACH2-HVCra-Pre","Ex_DACH2_SLIT2",0.440418549271981
"_TTTCAGTCACTAAACC-3","Glut-DACH2-HVCra","Ex_BCL6",0.639539225631847
"_TTTCAGTGTGATGTAA-3","Glut-DACH2-HVCra-Pre","Ex_DACH2_MGAT4C",0.407638920235593
"_TTTCAGTGTGGCCACT-3","Glut-DACH2-5","Ex_DACH2_LHX2",0.478345513018807
"_TTTCAGTTCATTTGCT-3","Glut-DACH2-HVCra","Ex_DACH2_GRIK4",0.356808584610996
"_TTTCATGAGACCGCCT-3","Glut-DACH2-HVCra","Ex_BCL6",0.65855473941436
"_TTTCATGAGTAGGCCA-3","Glut-DACH2-HVCx","Ex_Pre_KCNH7",0.719275771150639
"_TTTCATGCACAGTATC-3","Glut-DACH2-2","Ex_DACH2_LUZP2",0.327569017642706
"_TTTCCTCAGCCTGAAG-3","Glut-DACH2-HVCra-Pre","Ex_DACH2_MGAT4C",0.539806678101931
"_TTTCCTCAGTCGAGGT-3","Glut-DACH2-HVCx","Ex_Pre_KCNH7",0.666344442697892
"_TTTCCTCTCCCTGGTT-3","Glut-DACH2-HVCra","Ex_BCL6",0.837239547191827
"_TTTCGATCAATAAGGT-3","Glut-DACH2-HVCra","Ex_BCL6",0.405454609199525
"_TTTGACTAGCGATGCA-3","Glut-DACH2-HVCx","Ex_Pre_KCNH7",0.667033275329163
"_TTTGACTCAGACCTAT-3","Glut-DACH2-HVCra","Ex_BCL6",0.744349308173622
"_TTTGACTGTCTAACTG-3","Glut-DACH2-3","Ex_DACH2_SLIT2",0.342042728895471
"_TTTGACTGTTCCATTT-3","Glut-DACH2-HVCra","Ex_BCL6",0.759477647992967
"_TTTGATCAGTATGGAT-3","Glut-DACH2-4","Ex_DACH2_ITGA9",0.737901431684717
"_TTTGGAGTCTAGCATG-3","Glut-DACH2-2","Ex_DACH2_LHX2",0.571374474666071
"_TTTGGTTAGAGCTTTC-3","Glut-DACH2-HVCra","Ex_BCL6",0.824881005521047
"_TTTGGTTAGCCTTTCC-3","Glut-DACH2-HVCra-Pre","Ex_DACH2_MGAT4C",0.454098945856386
"_TTTGGTTCAATTGAAG-3","Glut-DACH2-HVCra-Pre","Ex_DACH2_MGAT4C",0.384778892085995
"_TTTGGTTTCTCGCTCA-3","Glut-DACH2-HVCra-Pre","Ex_DACH2_MGAT4C",0.313875813352136
"_TTTGTTGTCGATTCCC-3","Glut-DACH2-2","Ex_DACH2_MGAT4C",0.314613600110381
"_AAACCCACAAGCGCTC-4","Glut-DACH2-2","Ex_DACH2_ADAMTS5",0.820629600700257
"_AAACCCACACTTCAAG-4","Glut-DACH2-4","Ex_DACH2_ITGA9",0.333520331384449
"_AAACCCACATAGATGA-4","Glut-DACH2-1","Ex_DACH2_MGAT4C",0.783686482888436
"_AAACCCAGTAACATCC-4","Glut-DACH2-1","Ex_DACH2_MGAT4C",0.671670318851041
"_AAACGAAGTCGCACGT-4","Glut-DACH2-2","Ex_DACH2_MGAT4C",0.621857473842722
"_AAACGCTAGTTGTAGA-4","Glut-DACH2-3","Ex_DACH2_SLIT2",0.922073926805759
"_AAACGCTTCGAAGCCC-4","Glut-DACH2-3","Ex_DACH2_ZMAT4",0.388696317556152
"_AAAGAACCAGACTGCC-4","Glut-DACH2-3","Ex_DACH2_ZMAT4",0.62431198001735
"_AAAGAACTCGACACCG-4","Glut-DACH2-3","Ex_DACH2_SLIT2",0.706799804559076
"_AAAGAACTCTTTCAGT-4","Glut-DACH2-HVCra-Pre","Ex_DACH2_MGAT4C",0.69878418095475
"_AAAGGATAGTTGGCTT-4","Glut-DACH2-2","Ex_DACH2_MGAT4C",0.49567800351198
"_AAAGGATCAGGTTTAC-4","Glut-DACH2-3","Ex_DACH2_SLIT2",0.923047562543763
"_AAAGGGCAGATTGTGA-4","Glut-DACH2-3","Ex_DACH2_SLIT2",0.971192709105326
"_AAAGGGCGTAGGAAAG-4","Glut-DACH2-3","Ex_DACH2_SLIT2",0.817595673906456
"_AAAGGTAAGCACTCAT-4","Glut-DACH2-7","Ex_DACH2_GRIK4",0.408317318580616
"_AAAGGTAAGTTGCCCG-4","Glut-DACH2-3","Ex_DACH2_SLIT2",0.882884627044098
"_AAAGGTACAAACACGG-4","Glut-DACH2-1","Ex_DACH2_GRIK4",0.412859222986908
"_AAATGGAAGTGACACG-4","Glut-DACH2-2","Ex_DACH2_MGAT4C",0.320723292743644
"_AACAAAGAGCAATAGT-4","Glut-DACH2-4","Ex_DACH2_ITGA9",0.349700406309337
"_AACAAAGCAAAGCGTG-4","Glut-DACH2-3","Ex_DACH2_SLIT2",0.870338360792143
"_AACAACCGTGGAACAC-4","Glut-DACH2-1","Ex_DACH2_MGAT4C",0.751505435723099
"_AACAAGAAGGTCACTT-4","Glut-DACH2-4","Ex_DACH2_NR4A3",0.508815753353183
"_AACAAGACAGAAGCGT-4","Glut-DACH2-1","Ex_DACH2_SLIT2",0.40794499265103
"_AACAAGAGTGGCTCTG-4","Glut-DACH2-1","Ex_DACH2_GRIK4",0.57440586692712
"_AACAGGGAGCTTCATG-4","Glut-DACH2-1","Ex_DACH2_NR4A3",0.761683424338273
"_AACAGGGAGTAAATGC-4","Glut-DACH2-3","Ex_DACH2_MGAT4C",0.569590936038899
"_AACAGGGCACATTACG-4","Glut-DACH2-2","Ex_DACH2_MGAT4C",0.73677303145235
"_AACAGGGCACGAAGAC-4","Glut-DACH2-1","Ex_DACH2_NR4A3",0.272482241867558
"_AACCAACCACTTGTGA-4","Glut-DACH2-2","Ex_DACH2_MGAT4C",0.471186490476601
"_AACCAACCAGGTAGTG-4","Glut-DACH2-5","Ex_DACH2_ADAMTS5",0.784809538779086
"_AACCACAAGGAGATAG-4","Glut-DACH2-1","Ex_DACH2_GRIK4",0.301042503692663
"_AACCACAGTGAGCCAA-4","Glut-DACH2-1","Ex_DACH2_NR4A3",0.712698140425693
"_AACCATGAGACCAGAC-4","Glut-DACH2-1","Ex_DACH2_MGAT4C",0.572515892441278
"_AACCATGAGACTAGAT-4","Glut-DACH2-4","Ex_DACH2_ITGA9",0.647598918654561
"_AACCATGTCGCTTGCT-4","Glut-DACH2-1","Ex_DACH2_GRIK4",0.406894546613935
"_AACCCAATCGTAGTGT-4","Glut-DACH2-3","Ex_DACH2_SLIT2",0.382586467925324
"_AACCTGAAGACTCGAG-4","Glut-DACH2-4","Ex_DACH2_ZMAT4",0.412604607974852
"_AACCTTTGTCTGTTAG-4","Glut-DACH2-2","Ex_DACH2_MGAT4C",0.539437688045982
"_AACCTTTTCAAGATAG-4","Glut-DACH2-3","Ex_DACH2_ZMAT4",0.686616968506512
"_AACGAAAAGGAAGTAG-4","Glut-DACH2-5","Ex_DACH2_ADAMTS5",0.666955255916398
"_AACGAAAGTCAGTCGC-4","Glut-DACH2-3","Ex_DACH2_ZMAT4",0.530579311951191
"_AACGAAAGTTGCATGT-4","Glut-DACH2-2","Ex_DACH2_MGAT4C",0.604254776466501
"_AACGAAATCAACGCTA-4","Glut-DACH2-3","Ex_DACH2_SLIT2",0.817215497611045
"_AACGGGATCACACCCT-4","Glut-DACH2-2","Ex_DACH2_LUZP2",0.324996389926651
"_AACGTCAAGGAACGCT-4","Glut-DACH2-1","Ex_DACH2_MGAT4C",0.924502175489023
"_AACGTCACAAGTGGAC-4","Glut-DACH2-3","Ex_DACH2_SLIT2",0.61403111870725
"_AACGTCACACAGAGAC-4","Glut-DACH2-2","Ex_DACH2_LHX2",0.493935543317742
"_AACTTCTGTCTCAGAT-4","Glut-DACH2-2","Ex_DACH2_ADAMTS5",0.530520105559707
"_AACTTCTGTGTAGCAG-4","Glut-DACH2-1","Ex_DACH2_MGAT4C",0.784816031100202
"_AAGAACAAGGTCCGAA-4","Glut-DACH2-3","Ex_DACH2_CEMIP",0.690419513972743
"_AAGAACATCTGTCCGT-4","Glut-DACH2-2","Ex_DACH2_MGAT4C",0.312618866229363
"_AAGACAACAGAGATGC-4","Glut-DACH2-2","Ex_DACH2_GRIK4",0.498672731102433
"_AAGACAACATGGGCAA-4","Glut-DACH2-1","Ex_DACH2_MGAT4C",0.670404457880755
"_AAGACAAGTGACTCGC-4","Glut-DACH2-4","Ex_DACH2_ITGA9",0.491618238650811
"_AAGACAATCTTCCACG-4","Glut-DACH2-1","Ex_DACH2_MGAT4C",0.662070740284832
"_AAGACTCCAACAGAGC-4","Glut-DACH2-1","Ex_DACH2_MGAT4C",0.765632058768988
"_AAGACTCTCGCAGAGA-4","Glut-DACH2-1","Ex_DACH2_MGAT4C",0.735099883480898
"_AAGATAGGTAGCTTTG-4","Glut-DACH2-1","Ex_DACH2_MGAT4C",0.503124043684413
"_AAGATAGGTTCTCGTC-4","Glut-DACH2-1","Ex_DACH2_MGAT4C",0.823025338584724
"_AAGCATCAGTGAGGCT-4","Glut-DACH2-3","Ex_DACH2_CEMIP",0.581647193780983
"_AAGCATCCAATAGAGT-4","Glut-DACH2-2","Ex_DACH2_MGAT4C",0.537602240632454
"_AAGCATCCATAGGTAA-4","Glut-DACH2-1","Ex_DACH2_GRIK4",0.517830998884981
"_AAGCATCGTTAAGACA-4","Glut-DACH2-3","Ex_DACH2_SLIT2",0.721690090293531
"_AAGCATCTCATGGGAG-4","Glut-DACH2-2","Ex_DACH2_LHX2",0.304700952552354
"_AAGCCATAGCCGGATA-4","Glut-DACH2-2","Ex_DACH2_MGAT4C",0.353316014784035
"_AAGCCATCAACACACT-4","Glut-DACH2-2","Ex_DACH2_LHX2",0.519989617441375
"_AAGCCATTCGATTTCT-4","Glut-DACH2-4","Ex_DACH2_ITGA9",0.519712061241702
"_AAGCCATTCGGAACTT-4","Glut-DACH2-5","Ex_DACH2_ADAMTS5",0.600249429869861
"_AAGCGAGAGAGGTTAT-4","Glut-DACH2-3","Ex_DACH2_SLIT2",0.925801058381167
"_AAGCGAGAGTAACAGT-4","Glut-DACH2-4","Ex_DACH2_ITGA9",0.69671234821792
"_AAGCGAGCAACTGGTT-4","Glut-DACH2-1","Ex_DACH2_MGAT4C",0.808864483392068
"_AAGGAATCAAATTAGG-4","Glut-DACH2-1","Ex_DACH2_MGAT4C",0.850729023798853
"_AAGGAATGTGTAACGG-4","Glut-DACH2-3","Ex_DACH2_SLIT2",0.804899103437851
"_AAGGTAAAGATACAGT-4","Glut-DACH2-4","Ex_DACH2_ITGA9",0.705108363309944
"_AAGGTAAGTAAGGCCA-4","Glut-DACH2-1","Ex_DACH2_NR4A3",0.983310888960159
"_AAGGTAAGTTGGGATG-4","Glut-DACH2-1","Ex_DACH2_MGAT4C",0.351383304281701
"_AAGTACCAGTCCTACA-4","Glut-DACH2-3","Ex_DACH2_SLIT2",0.914169016852125
"_AAGTACCCAATCCAGT-4","Glut-DACH2-3","Ex_DACH2_SLIT2",0.941952756761353
"_AAGTACCGTATGAGCG-4","Glut-DACH2-4","Ex_DACH2_ZMAT4",0.315320792442841
"_AAGTACCTCTCGGTCT-4","Glut-DACH2-3","Ex_DACH2_SLIT2",0.940452348402071
"_AAGTCGTCATCTTTCA-4","Glut-DACH2-1","Ex_DACH2_MGAT4C",0.709964764614026
"_AAGTGAACAAGAAATC-4","Glut-DACH2-1","Ex_DACH2_MGAT4C",0.616315877631057
"_AAGTGAATCCCGTTGT-4","Glut-DACH2-3","Ex_DACH2_SLIT2",0.664476289274439
"_AATAGAGCAGAAGTTA-4","Glut-DACH2-4","Ex_DACH2_ITGA9",0.3295409898496
"_AATAGAGCATCGTCCT-4","Glut-DACH2-3","Ex_DACH2_SLIT2",0.692733709637408
"_AATAGAGGTTAGTTCG-4","Glut-DACH2-3","Ex_DACH2_SLIT2",0.480133440103639
"_AATCACGAGGGCCTCT-4","Glut-DACH2-1","Ex_DACH2_MGAT4C",0.630249194499629
"_AATCGACAGGTGCAGT-4","Glut-DACH2-3","Ex_DACH2_SLIT2",1
"_AATCGACAGTGAGGCT-4","Glut-DACH2-3","Ex_DACH2_SLIT2",0.878908636903452
"_AATCGTGAGTCTGCAT-4","Glut-DACH2-1","Ex_DACH2_MGAT4C",0.654484040366701
"_AATCGTGCATCTTTCA-4","Glut-DACH2-1","Ex_DACH2_MGAT4C",0.742142462024337
"_AATCGTGGTGTTGCCG-4","Glut-DACH2-1","Ex_DACH2_MGAT4C",0.79422071575434
"_AATGAAGCAGACCAGA-4","Glut-DACH2-3","Ex_DACH2_SLIT2",0.753698850479691
"_AATGAAGCATTGAGCT-4","Glut-DACH2-2","Ex_DACH2_ADAMTS5",0.246265055253334
"_AATGAAGGTGTTCCTC-4","Glut-DACH2-3","Ex_DACH2_ZMAT4",0.570025237197876
"_AATGAAGTCCAGCAAT-4","Glut-DACH2-3","Ex_DACH2_SLIT2",0.460308544892851
"_AATGACCTCACCGACG-4","Glut-DACH2-1","Ex_DACH2_NR4A3",0.681814212901034
"_AATGCCAAGTACTCGT-4","Glut-DACH2-3","Ex_DACH2_ADAMTS5",0.352945148837035
"_AATGCCAGTGCCAAGA-4","Glut-DACH2-1","Ex_DACH2_MGAT4C",0.685089417328915
"_AATGGAAAGATAGCTA-4","Glut-DACH2-2","Ex_DACH2_LHX2",0.367248179221788
"_AATGGAATCCTAGCCT-4","Glut-DACH2-2","Ex_DACH2_MGAT4C",0.582658577798222
"_AATGGCTCACGGCACT-4","Glut-DACH2-2","Ex_DACH2_MGAT4C",0.290891486147056
"_AATGGCTCAGCGACCT-4","Glut-DACH2-1","Ex_DACH2_MGAT4C",0.700582893199968
"_AATGGCTCATTCAGCA-4","Glut-DACH2-2","Ex_DACH2_MGAT4C",0.36326080883323
"_AATGGCTTCGTGGAAG-4","Glut-DACH2-3","Ex_DACH2_SLIT2",0.802443729950776
"_AATGGCTTCTTAAGGC-4","Glut-DACH2-2","Ex_DACH2_ADAMTS5",0.435879239708007
"_AATTCCTCAGCACCCA-4","Glut-DACH2-2","Ex_DACH2_ADAMTS5",0.600222498441262
"_AATTTCCAGTATAACG-4","Glut-DACH2-2","Ex_DACH2_MGAT4C",0.528181892653095
"_AATTTCCCAGACACCC-4","Glut-DACH2-4","Ex_DACH2_ITGA9",0.59891336353613
"_AATTTCCGTACCGCGT-4","Glut-DACH2-1","Ex_DACH2_GRIK4",0.457788783680245
"_ACAAAGATCCAAGAGG-4","Glut-DACH2-4","Ex_DACH2_ITGA9",0.504129626629856
"_ACAACCATCCCGGTAG-4","Glut-DACH2-1","Ex_DACH2_LHX2",0.355015156187735
"_ACAAGCTCAAGAGCTG-4","Glut-DACH2-1","Ex_DACH2_MGAT4C",0.34717102754667
"_ACAAGCTCAGTAGAGC-4","Glut-DACH2-1","Ex_DACH2_GRIK4",0.853976263463155
"_ACAAGCTTCAATCCAG-4","Glut-DACH2-3","Ex_DACH2_SLIT2",0.700512837258126
"_ACACAGTGTAACGATA-4","Glut-DACH2-HVCra-Pre","Ex_DACH2_ITGA9",0.410624630787187
"_ACACAGTTCTAGCCAA-4","Glut-DACH2-1","Ex_DACH2_NR4A3",0.689804593499845
"_ACACAGTTCTGAATCG-4","Glut-DACH2-3","Ex_DACH2_SLIT2",0.933042013537451
"_ACACCAAGTTCCGGTG-4","Glut-DACH2-4","Ex_DACH2_ITGA9",0.328653875898172
"_ACACGCGCACATTACG-4","Glut-DACH2-3","Ex_DACH2_SLIT2",0.969300197765825
"_ACACGCGTCAGAACCT-4","Glut-DACH2-3","Ex_DACH2_SLIT2",0.416701458345143
"_ACACGCGTCCTTATAC-4","Glut-DACH2-HVCra-Pre","Ex_DACH2_MGAT4C",0.634623975900808
"_ACACTGAAGACCAGAC-4","Glut-DACH2-1","Ex_DACH2_MGAT4C",0.787689709156099
"_ACACTGAGTCTCGACG-4","Glut-DACH2-1","Ex_DACH2_MGAT4C",0.483856906044197
"_ACAGCCGTCCTGCCAT-4","Glut-DACH2-2","Ex_DACH2_MGAT4C",0.374452297807851
"_ACAGGGATCGGACTTA-4","Glut-DACH2-1","Ex_DACH2_GRIK4",0.355372285264775
"_ACATCCCAGATTGCGG-4","Glut-DACH2-3","Ex_DACH2_SLIT2",0.548666118365287
"_ACATCCCAGGCGCTTC-4","Glut-DACH2-5","Ex_DACH2_ADAMTS5",0.939791733224171
"_ACATCCCAGGTTCTAC-4","Glut-DACH2-5","Ex_DACH2_ADAMTS5",0.845261291488811
"_ACATCCCGTGCTCGTG-4","Glut-DACH2-2","Ex_DACH2_ADAMTS5",0.579968059777477
"_ACATCCCGTTTCTATC-4","Glut-DACH2-3","Ex_DACH2_SLIT2",0.913040889391329
"_ACATTTCAGCGTATAA-4","Glut-DACH2-2","Ex_DACH2_LUZP2",0.30660385987431
"_ACATTTCCACCCTATC-4","Glut-DACH2-1","Ex_DACH2_MGAT4C",0.793107394388255
"_ACCAACAAGGCACTAG-4","Glut-DACH2-3","Ex_DACH2_SLIT2",0.808210373382588
"_ACCACAAAGACTGTTC-4","Glut-DACH2-2","Ex_DACH2_ADAMTS5",0.580345241022931
"_ACCACAAGTCACTGAT-4","Glut-DACH2-5","Ex_DACH2_ADAMTS5",0.277011101979158
"_ACCACAAGTTGCGTAT-4","Glut-DACH2-3","Ex_DACH2_SLIT2",0.852086924698417
"_ACCACAATCCAACCGG-4","Glut-DACH2-5","Ex_DACH2_NR4A3",0.518443646192643
"_ACCATTTAGAAGCCTG-4","Glut-DACH2-1","Ex_DACH2_MGAT4C",0.409637534755592
"_ACCATTTAGTCCCGGT-4","Glut-DACH2-3","Ex_DACH2_SLIT2",0.34834963903842
"_ACCCAAAAGAAACACT-4","Glut-DACH2-1","Ex_DACH2_MGAT4C",0.636086364499645
"_ACCCAAAGTCCAGAAG-4","Glut-DACH2-1","Ex_DACH2_MGAT4C",0.743106418259113
"_ACCCAAAGTGTGTCCG-4","Glut-DACH2-2","Ex_DACH2_ADAMTS5",0.357224446108253
"_ACCCAAATCACTGTTT-4","Glut-DACH2-3","Ex_DACH2_ZMAT4",0.734108725626163
"_ACCCTCAAGCAGTAAT-4","Glut-DACH2-1","Ex_DACH2_MGAT4C",0.531395098870061
"_ACCCTCACAATACAGA-4","Glut-DACH2-2","Ex_DACH2_GRIK4",0.361720755409399
"_ACCCTCACACTAGGCC-4","Glut-DACH2-3","Ex_DACH2_CEMIP",0.38003213261129
"_ACCCTCATCCTGATAG-4","Glut-DACH2-3","Ex_DACH2_CEMIP",0.546842146429934
"_ACCCTTGAGATACTGA-4","Glut-DACH2-2","Ex_DACH2_LHX2",0.295427304296548
"_ACCCTTGTCATTTGTC-4","Glut-DACH2-2","Ex_DACH2_LUZP2",0.402331700172855
"_ACCGTTCTCGCTACGG-4","Glut-DACH2-3","Ex_DACH2_SLIT2",0.651372750130499
"_ACCTACCAGGGACTGT-4","Glut-DACH2-5","Ex_DACH2_ADAMTS5",0.495554360187275
"_ACCTACCCAGCACACC-4","Glut-DACH2-1","Ex_DACH2_MGAT4C",0.748623736963741
"_ACCTACCGTAATCAGA-4","Glut-DACH2-1","Ex_DACH2_GRIK4",0.363849224865224
"_ACCTACCTCCGGTTCT-4","Glut-DACH2-3","Ex_DACH2_SLIT2",0.845314635341169
"_ACCTACCTCTAGGAAA-4","Glut-DACH2-3","Ex_DACH2_SLIT2",0.54212771580485
"_ACCTGAACACTTGAAC-4","Glut-DACH2-2","Ex_DACH2_GRIK4",0.395994352230143
"_ACCTGAAGTTCCACAA-4","Glut-DACH2-3","Ex_DACH2_SLIT2",0.757369178700104
"_ACCTGAATCTGCTTAT-4","Glut-DACH2-3","Ex_DACH2_NR4A3",0.427349688788264
"_ACCTGTCGTAGCGAGT-4","Glut-DACH2-1","Ex_DACH2_MGAT4C",0.520940658830007
"_ACGATCACACAACCGC-4","Glut-DACH2-1","Ex_DACH2_MGAT4C",0.609319476356917
"_ACGATCACAGGTGTGA-4","Glut-DACH2-1","Ex_DACH2_GRIK4",0.281083935713596
"_ACGATGTGTCCACGCA-4","Glut-DACH2-4","Ex_DACH2_SLIT2",0.470790859186799
"_ACGCACGTCCCGAGTG-4","Glut-DACH2-1","Ex_DACH2_NR4A3",0.368215409170671
"_ACGGAAGCATATCTCT-4","Glut-DACH2-5","Ex_DACH2_ADAMTS5",0.778514391215775
"_ACGGAAGGTTGTCCCT-4","Glut-DACH2-3","Ex_DACH2_SLIT2",0.855056862521499
"_ACGGTTACACAGCCAC-4","Glut-DACH2-3","Ex_DACH2_SLIT2",0.906638309712924
"_ACGGTTACACTCTGCT-4","Glut-DACH2-3","Ex_DACH2_SLIT2",0.826418153199909
"_ACGGTTAGTCCAGTTA-4","Glut-DACH2-3","Ex_DACH2_ZMAT4",0.574108594076467
"_ACGTAACAGTCATTGC-4","Glut-DACH2-2","Ex_DACH2_MGAT4C",0.470695373684098
"_ACGTAACGTTGTACGT-4","Glut-DACH2-3","Ex_DACH2_SLIT2",0.818532663264783
"_ACGTAACTCTGGAGAG-4","Glut-DACH2-3","Ex_DACH2_SLIT2",0.758501825428077
"_ACGTACAGTGAGTCAG-4","Glut-DACH2-1","Ex_DACH2_GRIK4",0.58329434401613
"_ACGTAGTGTTTGCAGT-4","Glut-DACH2-1","Ex_DACH2_SLIT2",0.304378630343481
"_ACGTCCTGTCTTCTAT-4","Glut-DACH2-3","Ex_DACH2_SLIT2",0.911218013267659
"_ACGTCCTTCCAAGCCG-4","Glut-DACH2-3","Ex_DACH2_SLIT2",0.664345109374656
"_ACGTCCTTCCTTATAC-4","Glut-DACH2-3","Ex_DACH2_SLIT2",0.896957692789783
"_ACGTTCCAGGCACCAA-4","Glut-DACH2-1","Ex_DACH2_SLIT2",0.379588893255097
"_ACGTTCCCAACTCGTA-4","Glut-DACH2-1","Ex_DACH2_MGAT4C",0.576753229269455
"_ACGTTCCCACCCTTGT-4","Glut-DACH2-1","Ex_DACH2_MGAT4C",0.668552884429614
"_ACGTTCCCACTTTATC-4","Glut-DACH2-1","Ex_DACH2_NR4A3",0.766471602133749
"_ACGTTCCTCTTCTGTA-4","Glut-DACH2-1","Ex_DACH2_MGAT4C",0.503123319394131
"_ACTACGAGTAACACCT-4","Glut-DACH2-3","Ex_DACH2_ADAMTS5",0.302288268857406
"_ACTATCTCAGAAGTGC-4","Glut-DACH2-1","Ex_DACH2_GRIK4",0.546293532653847
"_ACTATCTGTTCGGTCG-4","Glut-DACH2-2","Ex_DACH2_MGAT4C",0.555612648761784
"_ACTATCTGTTTACTGG-4","Glut-DACH2-3","Ex_DACH2_SLIT2",0.811203129811037
"_ACTATGGAGTTGGCTT-4","Glut-DACH2-1","Ex_DACH2_ITGA9",0.359298505738823
"_ACTATGGCAATTGGTC-4","Glut-DACH2-2","Ex_DACH2_MGAT4C",0.436526209373258
"_ACTATGGGTAATGATG-4","Glut-DACH2-3","Ex_DACH2_SLIT2",0.510655338480871
"_ACTATGGGTTTCGTGA-4","Glut-DACH2-1","Ex_DACH2_NR4A3",0.963562891104432
"_ACTATGGTCTGCATGA-4","Glut-DACH2-3","Ex_DACH2_SLIT2",0.71188211127606
"_ACTCCCACAACTGGTT-4","Glut-DACH2-4","Ex_DACH2_ITGA9",0.355985373324336
"_ACTCCCAGTGGACAGT-4","Glut-DACH2-1","Ex_DACH2_MGAT4C",0.504044095734216
"_ACTCCCAGTGGCTACC-4","Glut-DACH2-4","Ex_DACH2_SLIT2",0.379702377468987
"_ACTCCCATCATCGTAG-4","Glut-DACH2-3","Ex_DACH2_ZMAT4",0.460024378845765
"_ACTCTCGAGTTGCTGT-4","Glut-DACH2-3","Ex_DACH2_SLIT2",0.728167845557343
"_ACTCTCGGTGCCTGCA-4","Glut-DACH2-4","Ex_DACH2_NR4A3",0.540056344989126
"_ACTGATGAGCCAAGGT-4","Glut-DACH2-2","Ex_DACH2_ADAMTS5",0.437660115822947
"_ACTGATGCAACGGGTA-4","Glut-DACH2-3","Ex_DACH2_SLIT2",0.917294093497724
"_ACTGATGGTGAACGGT-4","Glut-DACH2-2","Ex_DACH2_LHX2",0.561251946646827
"_ACTGATGTCCGACGGT-4","Glut-DACH2-2","Ex_DACH2_MGAT4C",0.370662655336519
"_ACTGCAAAGCAGATAT-4","Glut-DACH2-3","Ex_DACH2_ZMAT4",0.417910078327046
"_ACTGCAATCTGCGGCA-4","Glut-DACH2-3","Ex_DACH2_SLIT2",0.841009766026836
"_ACTGTCCAGAGCAAGA-4","Glut-DACH2-1","Ex_DACH2_ADAMTS5",0.484863203793811
"_ACTTAGGCACTACAGT-4","Glut-DACH2-4","Ex_DACH2_ITGA9",0.779232409537037
"_ACTTAGGCAGGGTTGA-4","Glut-DACH2-3","Ex_DACH2_SLIT2",0.864650923381027
"_ACTTAGGGTACTAGCT-4","Glut-DACH2-1","Ex_DACH2_NR4A3",0.866684987002073
"_ACTTATCCAATTTCCT-4","Glut-DACH2-4","Ex_DACH2_ITGA9",0.489011295068508
"_ACTTCCGGTAACATCC-4","Glut-DACH2-1","Ex_DACH2_MGAT4C",0.63933821227808
"_ACTTCGCAGTTCTCTT-4","Glut-DACH2-2","Ex_DACH2_MGAT4C",0.561855267973023
"_ACTTTGTCACCACATA-4","Glut-DACH2-3","Ex_DACH2_SLIT2",0.669179271892362
"_ACTTTGTGTCATAGTC-4","Glut-DACH2-4","Ex_DACH2_GRIK4",0.328643628630298
"_ACTTTGTGTCATCCCT-4","Glut-DACH2-2","Ex_DACH2_MGAT4C",0.685992584830957
"_ACTTTGTGTGCACATT-4","Glut-DACH2-4","Ex_DACH2_ITGA9",0.601764844897466
"_ACTTTGTGTGTGTACT-4","Glut-DACH2-4","Ex_DACH2_NR4A3",0.441875149404412
"_ACTTTGTTCGAGAACG-4","Glut-DACH2-4","Ex_DACH2_ITGA9",0.666713060945829
"_AGAACAAAGATGAATC-4","Glut-DACH2-4","Ex_DACH2_ITGA9",0.665541792686678
"_AGAACAAAGTGTACAA-4","Glut-DACH2-3","Ex_DACH2_SLIT2",0.901827704103137
"_AGAACAACATGTGACT-4","Glut-DACH2-3","Ex_DACH2_SLIT2",0.841017469051925
"_AGAACAATCAGTGGGA-4","Glut-DACH2-1","Ex_DACH2_MGAT4C",0.414545508561177
"_AGAACAATCCGGTAAT-4","Glut-DACH2-2","Ex_DACH2_MGAT4C",0.484629860138286
"_AGAACCTGTTAGCGGA-4","Glut-DACH2-2","Ex_DACH2_LHX2",0.554442648696577
"_AGAACCTTCATAGAGA-4","Glut-DACH2-4","Ex_DACH2_ITGA9",0.506901086231581
"_AGAAGCGCACTTGAGT-4","Glut-DACH2-3","Ex_DACH2_SLIT2",0.456807018541948
"_AGAAGCGCAGACCCGT-4","Glut-DACH2-3","Ex_DACH2_MGAT4C",0.555731579113467
"_AGAAGCGGTCGGAACA-4","Glut-DACH2-3","Ex_DACH2_SLIT2",0.954199279597837
"_AGAAGCGTCCAACTAG-4","Glut-DACH2-3","Ex_DACH2_SLIT2",0.752073125436555
"_AGAAGCGTCCCAGGAC-4","Glut-DACH2-1","Ex_DACH2_MGAT4C",0.321614814467442
"_AGAAGTAAGCGGGTTA-4","Glut-DACH2-3","Ex_DACH2_SLIT2",0.994461221408843
"_AGAAGTACAAGTGACG-4","Glut-DACH2-5","Ex_DACH2_ADAMTS5",0.766065382163139
"_AGAAGTAGTCGTTGGC-4","Glut-DACH2-3","Ex_DACH2_CEMIP",0.517005991323227
"_AGAAGTATCCACCTCA-4","Glut-DACH2-2","Ex_DACH2_ADAMTS5",0.405806676791797
"_AGACAAATCCACGAAT-4","Glut-DACH2-HVCra-Pre","Ex_DACH2_MGAT4C",0.496935791262781
"_AGACACTAGGGTCAAC-4","Glut-DACH2-3","Ex_DACH2_ZMAT4",0.451595954010179
"_AGACACTAGTAACCGG-4","Glut-DACH2-1","Ex_DACH2_MGAT4C",0.392419414277378
"_AGACACTCATACTTTC-4","Glut-DACH2-4","Ex_DACH2_ITGA9",0.23872269756476
"_AGACACTGTGCTCGTG-4","Glut-DACH2-2","Ex_DACH2_MGAT4C",0.649542832975974
"_AGACCATGTCTCACGG-4","Glut-DACH2-1","Ex_DACH2_MGAT4C",0.561724460476632
"_AGACCATGTGGCATCC-4","Glut-DACH2-1","Ex_DACH2_MGAT4C",0.869320621308309
"_AGACCATTCAGTCATG-4","Glut-DACH2-1","Ex_DACH2_GRIK4",0.727199429479264
"_AGACCCGAGGTCGACA-4","Glut-DACH2-4","Ex_DACH2_ITGA9",0.474741527059323
"_AGACCCGCACGACCTG-4","Glut-DACH2-2","Ex_DACH2_MGAT4C",0.544126564726048
"_AGACCCGTCGAAGGAC-4","Glut-DACH2-3","Ex_DACH2_SLIT2",0.663331327538645
"_AGAGAATAGAATTGCA-4","Glut-DACH2-3","Ex_DACH2_ZMAT4",0.454998082960393
"_AGAGAGCCAGCGACAA-4","Glut-DACH2-3","Ex_DACH2_CEMIP",0.814373331107394
"_AGAGAGCGTAAGGTCG-4","Glut-DACH2-3","Ex_DACH2_SLIT2",0.921232346049636
"_AGAGCAGCATCGCCTT-4","Glut-DACH2-3","Ex_DACH2_SLIT2",0.795193764445253
"_AGAGCCCCAGTAACCT-4","Glut-DACH2-2","Ex_DACH2_MGAT4C",0.65858187419323
"_AGATCCATCAGAGCAG-4","Glut-DACH2-1","Ex_DACH2_MGAT4C",0.475654743956326
"_AGATCGTAGATACATG-4","Glut-DACH2-4","Ex_DACH2_ITGA9",0.63270688399716
"_AGATCGTAGATTGATG-4","Glut-DACH2-1","Ex_DACH2_MGAT4C",0.702557683070106
"_AGATCGTCAATTGCGT-4","Glut-DACH2-5","Ex_DACH2_ADAMTS5",0.705764762896643
"_AGATCGTGTTCGGACC-4","Glut-DACH2-2","Ex_DACH2_MGAT4C",0.790850261911915
"_AGATGAAAGAGTGGCT-4","Glut-DACH2-1","Ex_DACH2_MGAT4C",0.49878416949675
"_AGCATCACAATGTCTG-4","Glut-DACH2-1","Ex_DACH2_MGAT4C",0.56929031721919
"_AGCATCAGTAATTGGA-4","Glut-DACH2-3","Ex_DACH2_CEMIP",0.576665157305615
"_AGCATCAGTAGTATAG-4","Glut-DACH2-4","Ex_DACH2_NR4A3",0.49552618533432
"_AGCATCAGTGTATCCA-4","Glut-DACH2-1","Ex_DACH2_MGAT4C",0.762880672395769
"_AGCATCATCGCTTTAT-4","Glut-DACH2-HVCra-Pre","Ex_DACH2_MGAT4C",0.524844712073241
"_AGCCAGCCAGACCGCT-4","Glut-DACH2-3","Ex_DACH2_SLIT2",0.94659628645525
"_AGCCAGCGTCGGCACT-4","Glut-DACH2-2","Ex_DACH2_LHX2",0.5067789515574
"_AGCCAGCTCACATTGG-4","Glut-DACH2-3","Ex_DACH2_SLIT2",0.772378155487239
"_AGCCAGCTCTGGGAGA-4","Glut-DACH2-4","Ex_DACH2_ITGA9",0.586158337961002
"_AGCGATTCAACCTATG-4","Glut-DACH2-1","Ex_DACH2_MGAT4C",0.326105388076732
"_AGCGATTGTCTGTAAC-4","Glut-DACH2-2","Ex_DACH2_GRIK4",0.351261107235009
"_AGCGATTGTTTGGCTA-4","Glut-DACH2-3","Ex_DACH2_ZMAT4",0.404375313925518
"_AGCGCCACAGCTAACT-4","Glut-DACH2-2","Ex_DACH2_MGAT4C",0.394388283328586
"_AGCGCCAGTCCGGTCA-4","Glut-DACH2-3","Ex_DACH2_MGAT4C",0.414272145880025
"_AGCGCCAGTCGCACAC-4","Glut-DACH2-2","Ex_DACH2_MGAT4C",0.607923163239845
"_AGCGCCATCTCGTGGG-4","Glut-DACH2-3","Ex_DACH2_SLIT2",0.787308967495803
"_AGCGCTGAGCGCGTTC-4","Glut-DACH2-2","Ex_DACH2_MGAT4C",0.551006663896345
"_AGCGCTGAGGCATGGT-4","Glut-DACH2-2","Ex_DACH2_MGAT4C",0.661460570091283
"_AGCGCTGAGGTATAGT-4","Glut-DACH2-3","Ex_DACH2_ZMAT4",0.365336054214106
"_AGCGCTGCACCGTCTT-4","Glut-DACH2-1","Ex_DACH2_MGAT4C",0.753892601603909
"_AGCGCTGTCGTGGGAA-4","Glut-DACH2-1","Ex_DACH2_GRIK4",0.309809022268136
"_AGCGTATGTAGTCCTA-4","Glut-DACH2-1","Ex_DACH2_MGAT4C",0.778446741185766
"_AGCGTATTCGTGCAGC-4","Glut-DACH2-1","Ex_DACH2_NR4A3",0.281449895841487
"_AGCTACAGTAGAGGAA-4","Glut-DACH2-1","Ex_DACH2_MGAT4C",0.364146911787955
"_AGCTCAACACGACAAG-4","Glut-DACH2-3","Ex_DACH2_SLIT2",0.940910237706546
"_AGCTCAAGTGCGAGTA-4","Glut-DACH2-3","Ex_DACH2_ZMAT4",0.561702217646604
"_AGCTTCCAGCCGCACT-4","Glut-DACH2-3","Ex_DACH2_SLIT2",0.93682035358436
"_AGCTTCCAGCTACAAA-4","Glut-DACH2-3","Ex_DACH2_SLIT2",0.816499288204059
"_AGCTTCCCAATCAGCT-4","Glut-DACH2-2","Ex_DACH2_MGAT4C",0.522994293624343
"_AGGAAATAGTAAGAGG-4","Glut-DACH2-3","Ex_DACH2_SLIT2",0.617169752408602
"_AGGAAATGTTCTTCAT-4","Glut-DACH2-3","Ex_DACH2_SLIT2",0.788415673061445
"_AGGAAATTCCGATGCG-4","Glut-DACH2-3","Ex_DACH2_SLIT2",0.766393535372405
"_AGGAATAGTTCTATCT-4","Glut-DACH2-1","Ex_DACH2_NR4A3",0.994188584394162
"_AGGACGAGTATTGGCT-4","Glut-DACH2-2","Ex_DACH2_GRIK4",0.460016806077976
"_AGGAGGTCAGGGCTTC-4","Glut-DACH2-2","Ex_DACH2_MGAT4C",0.451255405854897
"_AGGAGGTCAGTTTGGT-4","Glut-DACH2-3","Ex_DACH2_SLIT2",0.717759579637017
"_AGGAGGTGTCCACATA-4","Glut-DACH2-2","Ex_DACH2_GRIK4",0.305852585820304
"_AGGATAATCCGGTAGC-4","Glut-DACH2-3","Ex_DACH2_CEMIP",0.903471578966294
"_AGGCATTAGCAGCACA-4","Glut-DACH2-1","Ex_DACH2_LHX2",0.422837407790804
"_AGGCATTGTCGACGCT-4","Glut-DACH2-3","Ex_DACH2_SLIT2",0.586545987766834
"_AGGCCACCAGAGCTAG-4","Glut-DACH2-3","Ex_DACH2_SLIT2",0.758081143080646
"_AGGCCACGTATCTCGA-4","Glut-DACH2-4","Ex_DACH2_SLIT2",0.378269138457838
"_AGGCTGCCAATTTCCT-4","Glut-DACH2-3","Ex_DACH2_SLIT2",0.634948958884258
"_AGGGAGTAGCGTCTGC-4","Glut-DACH2-1","Ex_DACH2_MGAT4C",0.740122573470328
"_AGGGAGTAGTGATAAC-4","Glut-DACH2-4","Ex_DACH2_MGAT4C",0.453559213468647
"_AGGGAGTTCAGCGTCG-4","Glut-DACH2-2","Ex_DACH2_MGAT4C",0.325584238995289
"_AGGGAGTTCATGCAGT-4","Glut-DACH2-3","Ex_DACH2_SLIT2",0.830747437804717
"_AGGGCCTCAAGTGGTG-4","Glut-DACH2-3","Ex_DACH2_SLIT2",0.914861628912958
"_AGGGCCTCAGCGCTTG-4","Glut-DACH2-1","Ex_DACH2_MGAT4C",0.726367052462835
"_AGGGCCTGTATAGGAT-4","Glut-DACH2-1","Ex_DACH2_GRIK4",0.319889825079103
"_AGGGCCTGTGGTTCTA-4","Glut-DACH2-HVCra-Pre","Ex_DACH2_ITGA9",0.396279149957339
"_AGGGCCTTCGTAGGGA-4","Glut-DACH2-2","Ex_DACH2_MGAT4C",0.430990530041154
"_AGGGCTCGTTGACGGA-4","Glut-DACH2-1","Ex_DACH2_MGAT4C",0.710494090894084
"_AGGGTCCAGCTCATAC-4","Glut-DACH2-3","Ex_DACH2_SLIT2",0.965615940447029
"_AGGGTCCCACGGCGTT-4","Glut-DACH2-3","Ex_DACH2_CEMIP",0.566152819806555
"_AGGGTCCGTAATCAGA-4","Glut-DACH2-1","Ex_DACH2_MGAT4C",0.841983727709653
"_AGGGTCCGTGACACAG-4","Glut-DACH2-4","Ex_DACH2_ITGA9",0.555045899074498
"_AGGGTCCTCCAACTGA-4","Glut-DACH2-5","Ex_DACH2_ADAMTS5",0.352033894624296
"_AGGGTCCTCTCGGCTT-4","Glut-DACH2-1","Ex_DACH2_LUZP2",0.436982734109166
"_AGGGTGAAGGCAGGGA-4","Glut-DACH2-2","Ex_DACH2_MGAT4C",0.533113198863283
"_AGGGTGAGTTAGTCGT-4","Glut-DACH2-1","Ex_DACH2_MGAT4C",0.563655566981939
"_AGGGTTTAGTCATGGG-4","Glut-DACH2-3","Ex_DACH2_SLIT2",0.924845546219853
"_AGGTAGGGTCACTCAA-4","Glut-DACH2-1","Ex_DACH2_MGAT4C",0.724752575854359
"_AGGTCTAAGTCACTAC-4","Glut-DACH2-3","Ex_DACH2_SLIT2",0.915313963988349
"_AGGTCTAGTACCGTGC-4","Glut-DACH2-1","Ex_DACH2_MGAT4C",0.801277440026837
"_AGGTCTATCCTACGGG-4","Glut-DACH2-5","Ex_DACH2_ADAMTS5",0.659698609729997
"_AGGTGTTCAAGACTGG-4","Glut-DACH2-4","Ex_DACH2_ITGA9",0.669487773926949
"_AGGTGTTGTGGATACG-4","Glut-DACH2-3","Ex_DACH2_SLIT2",0.848450253143407
"_AGGTGTTGTTTGAAAG-4","Glut-DACH2-3","Ex_DACH2_SLIT2",0.341333149021575
"_AGGTTGTAGAGCACTG-4","Glut-DACH2-2","Ex_DACH2_LHX2",0.505609337099958
"_AGGTTGTGTCCAAGAG-4","Glut-DACH2-1","Ex_DACH2_MGAT4C",0.604324976007428
"_AGTAACCAGCTATCCA-4","Glut-DACH2-2","Ex_DACH2_NR4A3",0.540674180796785
"_AGTAACCAGGCGCTCT-4","Glut-DACH2-2","Ex_DACH2_MGAT4C",0.497689791642405
"_AGTACCACATTGGATC-4","Glut-DACH2-1","Ex_DACH2_MGAT4C",0.646276715756397
"_AGTACTGAGCTCCCTT-4","Glut-DACH2-1","Ex_DACH2_MGAT4C",0.703544955994403
"_AGTACTGTCTTCGTAT-4","Glut-DACH2-3","Ex_DACH2_SLIT2",0.735092537089072
"_AGTAGCTCAGCATGCC-4","Glut-DACH2-4","Ex_DACH2_MGAT4C",0.302450366001289
"_AGTAGCTTCCAAACCA-4","Glut-DACH2-3","Ex_DACH2_SLIT2",0.364255353379376
"_AGTAGTCAGGATTTAG-4","Glut-DACH2-4","Ex_DACH2_ITGA9",0.656727985417037
"_AGTAGTCCACGACGTC-4","Glut-DACH2-1","Ex_DACH2_MGAT4C",0.407508161808114
"_AGTAGTCCAGTCGGTC-4","Glut-DACH2-3","Ex_DACH2_GRIK4",0.245773817566389
"_AGTAGTCCAGTGTGGA-4","Glut-DACH2-2","Ex_DACH2_MGAT4C",0.36302733225836
"_AGTAGTCCATCATGAC-4","Glut-DACH2-1","Ex_DACH2_LUZP2",0.497483395765294
"_AGTAGTCTCCATAGAC-4","Glut-DACH2-3","Ex_DACH2_SLIT2",0.935432237321682
"_AGTAGTCTCCCACAGG-4","Glut-DACH2-2","Ex_DACH2_LUZP2",0.360511676392092
"_AGTAGTCTCCTTCTAA-4","Glut-DACH2-1","Ex_DACH2_MGAT4C",0.569229079025592
"_AGTCATGAGCGTGTCC-4","Glut-DACH2-2","Ex_DACH2_LUZP2",0.283398816055574
"_AGTCATGAGTTACTCG-4","Glut-DACH2-HVCra-Pre","Ex_DACH2_LHX2",0.603826175418841
"_AGTCATGGTGCGACAA-4","Glut-DACH2-1","Ex_DACH2_LHX2",0.311341333266493
"_AGTCATGGTGGCCACT-4","Glut-DACH2-3","Ex_DACH2_SLIT2",0.897450821697019
"_AGTCATGTCCTACGAA-4","Glut-DACH2-3","Ex_DACH2_SLIT2",0.361329798275379
"_AGTCTCCAGCCTGAGA-4","Glut-DACH2-4","Ex_DACH2_ITGA9",0.356586345363202
"_AGTCTCCAGGCGCTCT-4","Glut-DACH2-4","Ex_DACH2_ITGA9",0.364024285029399
"_AGTCTCCAGTTTCGAC-4","Glut-DACH2-1","Ex_DACH2_MGAT4C",0.446973537100451
"_AGTGACTAGAATCTAG-4","Glut-DACH2-1","Ex_DACH2_MGAT4C",0.399688290014172
"_AGTGACTCACAAGTGG-4","Glut-DACH2-1","Ex_DACH2_GRIK4",0.498878406063033
"_AGTGACTTCTCATAGG-4","Glut-DACH2-3","Ex_DACH2_SLIT2",0.540462146059251
"_AGTGATCGTACCCACG-4","Glut-DACH2-1","Ex_DACH2_GRIK4",0.433981569249006
"_AGTGATCGTAGAATAC-4","Glut-DACH2-3","Ex_DACH2_SLIT2",0.876015356165295
"_AGTGATCTCACCCTTG-4","Glut-DACH2-3","Ex_DACH2_SLIT2",0.910892560593283
"_AGTGCCGCAACCAACT-4","Glut-DACH2-1","Ex_DACH2_NR4A3",0.328070396257198
"_AGTGCCGGTATGCAAA-4","Glut-DACH2-1","Ex_DACH2_GRIK4",0.432653756922091
"_AGTGCCGGTTGACTGT-4","Glut-DACH2-1","Ex_DACH2_MGAT4C",0.538534486210545
"_AGTGCCGTCTCTGCCA-4","Glut-DACH2-2","Ex_DACH2_LHX2",0.384368362329495
"_AGTGTTGCAACTTGCA-4","Glut-DACH2-2","Ex_DACH2_MGAT4C",0.640583652485477
"_AGTGTTGGTTGAGAGC-4","Glut-DACH2-1","Ex_DACH2_MGAT4C",0.845637456998638
"_AGTTAGCCAGAGAGGG-4","Glut-DACH2-4","Ex_DACH2_ITGA9",0.680427542190744
"_AGTTAGCTCACGAACT-4","Glut-DACH2-5","Ex_DACH2_ADAMTS5",0.907554306721584
"_AGTTAGCTCTCAATCT-4","Glut-DACH2-2","Ex_DACH2_ADAMTS5",0.340733561086568
"_AGTTCCCAGCATTTGC-4","Glut-DACH2-3","Ex_DACH2_SLIT2",0.668501321365149
"_AGTTCGAGTACAGAAT-4","Glut-DACH2-3","Ex_DACH2_SLIT2",0.532522094236447
"_AGTTCGAGTGAACTAA-4","Glut-DACH2-4","Ex_DACH2_ITGA9",0.55534074898303
"_ATACCGAAGAATGTTG-4","Glut-DACH2-3","Ex_DACH2_SLIT2",0.626457037297319
"_ATACCGAAGACTCTTG-4","Glut-DACH2-5","Ex_DACH2_ADAMTS5",0.762240957716376
"_ATACCGACACCTGTCT-4","Glut-DACH2-2","Ex_DACH2_GRIK4",0.453251889867926
"_ATACCGAGTGGGCTTC-4","Glut-DACH2-4","Ex_DACH2_ITGA9",0.551098815486217
"_ATACCGATCAACCTTT-4","Glut-DACH2-2","Ex_DACH2_LHX2",0.266930181748746
"_ATACCTTCAGGTATGG-4","Glut-DACH2-1","Ex_DACH2_MGAT4C",0.825909693227849
"_ATACTTCAGGATTACA-4","Glut-DACH2-1","Ex_DACH2_MGAT4C",0.649884660325475
"_ATAGACCCATCGCTCT-4","Glut-DACH2-3","Ex_DACH2_SLIT2",0.583942119120248
"_ATAGACCTCTTTGCTA-4","Glut-DACH2-2","Ex_DACH2_ADAMTS5",0.818209458610655
"_ATAGAGAGTTCCGCTT-4","Glut-DACH2-3","Ex_DACH2_SLIT2",0.913977597520408
"_ATAGAGATCGCTATTT-4","Glut-DACH2-5","Ex_DACH2_ADAMTS5",0.709725194260847
"_ATAGAGATCTAGTGAC-4","Glut-DACH2-3","Ex_DACH2_SLIT2",0.967796914507242
"_ATAGGCTCAGGAGGTT-4","Glut-DACH2-1","Ex_DACH2_NR4A3",0.869531540913234
"_ATAGGCTGTATGCGTT-4","Glut-DACH2-3","Ex_DACH2_SLIT2",0.980905425228331
"_ATAGGCTGTCAGTTTG-4","Glut-DACH2-2","Ex_DACH2_MGAT4C",0.469353341034599
"_ATATCCTAGTAAGACT-4","Glut-DACH2-3","Ex_DACH2_ZMAT4",0.519499010924964
"_ATATCCTGTTACGATC-4","Glut-DACH2-3","Ex_DACH2_SLIT2",0.838685392418224
"_ATCACAGAGGAAAGAC-4","Glut-DACH2-5","Ex_DACH2_ADAMTS5",0.316131748147815
"_ATCACAGCAACAAGTA-4","Glut-DACH2-3","Ex_DACH2_SLIT2",0.582582564327267
"_ATCAGGTGTTCACGAT-4","Glut-DACH2-5","Ex_DACH2_ADAMTS5",0.495620979488589
"_ATCATTCAGCACGGAT-4","Glut-DACH2-5","Ex_DACH2_ADAMTS5",0.688774036535462
"_ATCATTCGTTACACAC-4","Glut-DACH2-2","Ex_DACH2_ADAMTS5",0.276732939382466
"_ATCATTCGTTGCTCGG-4","Glut-DACH2-2","Ex_DACH2_GRIK4",0.688843926661117
"_ATCATTCTCCTTCTGG-4","Glut-DACH2-2","Ex_DACH2_LHX2",0.354273316916695
"_ATCCACCAGAATAGTC-4","Glut-DACH2-1","Ex_DACH2_MGAT4C",0.876684322824154
"_ATCCACCAGTGATAGT-4","Glut-DACH2-2","Ex_DACH2_MGAT4C",0.626278786371507
"_ATCCATTAGAGGGCGA-4","Glut-DACH2-4","Ex_DACH2_ITGA9",0.635132498675175
"_ATCCATTTCCCAGTGG-4","Glut-DACH2-3","Ex_DACH2_SLIT2",0.513179571957794
"_ATCCCTGGTAGCTAAA-4","Glut-DACH2-4","Ex_DACH2_ZMAT4",0.448187909695281
"_ATCCCTGGTCACTCGG-4","Glut-DACH2-5","Ex_DACH2_ADAMTS5",0.87513801061557
"_ATCCTATAGTTTGTCG-4","Glut-DACH2-1","Ex_DACH2_MGAT4C",0.828206590304324
"_ATCCTATGTCGAGCAA-4","Glut-DACH2-1","Ex_DACH2_ITGA9",0.458705225275486
"_ATCGATGCAGTTTGGT-4","Glut-DACH2-1","Ex_DACH2_MGAT4C",0.373518728124304
"_ATCGCCTAGCATGTTC-4","Glut-DACH2-2","Ex_DACH2_MGAT4C",0.454162016801981
"_ATCGCCTCAAGGATGC-4","Glut-DACH2-3","Ex_DACH2_SLIT2",0.909340154879473
"_ATCGCCTTCCGCTGTT-4","Glut-DACH2-3","Ex_DACH2_SLIT2",0.67858756058285
"_ATCGCCTTCGTCTACC-4","Glut-DACH2-3","Ex_DACH2_SLIT2",0.495229390860027
"_ATCGGATCATGTGGCC-4","Glut-DACH2-1","Ex_DACH2_NR4A3",0.730525316223428
"_ATCGGCGCACAGCTTA-4","Glut-DACH2-3","Ex_DACH2_SLIT2",0.372919316889403
"_ATCGGCGTCACGACTA-4","Glut-DACH2-3","Ex_DACH2_SLIT2",0.389471651752656
"_ATCGGCGTCCGATCGG-4","Glut-DACH2-1","Ex_DACH2_MGAT4C",0.56847292856612
"_ATCGGCGTCCTTCACG-4","Glut-DACH2-1","Ex_DACH2_GRIK4",0.333484945760659
"_ATCGTAGCAATAGTGA-4","Glut-DACH2-1","Ex_DACH2_MGAT4C",0.791455686171204
"_ATCGTCCAGATGAAGG-4","Glut-DACH2-1","Ex_DACH2_MGAT4C",0.604393725821522
"_ATCGTCCCAAGGACAC-4","Glut-DACH2-2","Ex_DACH2_MGAT4C",0.419823374959097
"_ATCGTCCGTATACGGG-4","Glut-DACH2-2","Ex_DACH2_LHX2",0.328378381492815
"_ATCGTCCGTGAGCCAA-4","Glut-DACH2-3","Ex_DACH2_SLIT2",0.511017083994519
"_ATCGTCCGTTTGGCTA-4","Glut-DACH2-1","Ex_DACH2_NR4A3",0.84975983339486
"_ATCGTGAGTGTCTTAG-4","Glut-DACH2-1","Ex_DACH2_NR4A3",0.588934639798665
"_ATCTCTACACCTGCGA-4","Glut-DACH2-2","Ex_DACH2_GRIK4",0.436106009910737
"_ATCTCTAGTGCAACAG-4","Glut-DACH2-5","Ex_DACH2_ADAMTS5",0.606094351212068
"_ATGAAAGAGAAAGCGA-4","Glut-DACH2-1","Ex_DACH2_MGAT4C",0.565480637085056
"_ATGAAAGCAGGTTCCG-4","Glut-DACH2-3","Ex_DACH2_SLIT2",0.901162315940986
"_ATGAAAGTCCCTAGGG-4","Glut-DACH2-3","Ex_DACH2_SLIT2",0.637438352507216
"_ATGACCAGTGACAGGT-4","Glut-DACH2-3","Ex_DACH2_SLIT2",0.880710225754707
"_ATGAGGGAGGATATAC-4","Glut-DACH2-3","Ex_DACH2_SLIT2",0.769378403279005
"_ATGAGGGTCGAAGCCC-4","Glut-DACH2-1","Ex_DACH2_MGAT4C",0.854099097919474
"_ATGAGTCCAGTAGTGG-4","Glut-DACH2-2","Ex_DACH2_LUZP2",0.314274410950692
"_ATGAGTCGTCAGTCGC-4","Glut-DACH2-3","Ex_DACH2_ZMAT4",0.427400937372589
"_ATGAGTCTCATTCTTG-4","Glut-DACH2-1","Ex_DACH2_GRIK4",0.886264680970801
"_ATGATCGCAACCTATG-4","Glut-DACH2-1","Ex_DACH2_ADAMTS5",0.812511367214838
"_ATGATCGCAAGACAAT-4","Glut-DACH2-1","Ex_DACH2_MGAT4C",0.619604782630908
"_ATGATCGCACTCATAG-4","Glut-DACH2-3","Ex_DACH2_SLIT2",0.533394310314026
"_ATGATCGTCCTGGGTG-4","Glut-DACH2-3","Ex_DACH2_SLIT2",0.592569792670155
"_ATGATCGTCGGTAACT-4","Glut-DACH2-3","Ex_DACH2_SLIT2",0.78569925108762
"_ATGATCGTCTCCAATT-4","Glut-DACH2-3","Ex_DACH2_SLIT2",0.668895073184961
"_ATGCATGGTCGTATGT-4","Glut-DACH2-3","Ex_DACH2_SLIT2",0.587075502098041
"_ATGCCTCCAACACGTT-4","Glut-DACH2-3","Ex_DACH2_ITGA9",0.267924127193155
"_ATGCCTCGTAGTATAG-4","Glut-DACH2-1","Ex_DACH2_NR4A3",0.44279470485102
"_ATGCGATAGGCCATAG-4","Glut-DACH2-HVCra-Pre","Ex_DACH2_ITGA9",0.461997626476766
"_ATGCGATAGTGATCGG-4","Glut-DACH2-1","Ex_DACH2_NR4A3",0.812726625394454
"_ATGCGATGTACGCTTA-4","Glut-DACH2-4","Ex_DACH2_ITGA9",0.668618297095614
"_ATGCGATGTCAACACT-4","Glut-DACH2-HVCra-Pre","Ex_DACH2_ADAMTS5",0.254734704277804
"_ATGGAGGAGCGGATCA-4","Glut-DACH2-4","Ex_DACH2_SLIT2",0.342800097246404
"_ATGGAGGAGTAATTGG-4","Glut-DACH2-1","Ex_DACH2_GRIK4",0.467328977955272
"_ATGGAGGCATGTGTCA-4","Glut-DACH2-2","Ex_DACH2_MGAT4C",0.595432758340867
"_ATGGAGGGTCGCAACC-4","Glut-DACH2-3","Ex_DACH2_ZMAT4",0.52512241320805
"_ATGGGAGAGGGCCAAT-4","Glut-DACH2-1","Ex_DACH2_NR4A3",0.471564549645743
"_ATGGGAGCACGCAGTC-4","Glut-DACH2-1","Ex_DACH2_MGAT4C",0.835456389506978
"_ATGGGAGCATGCACTA-4","Glut-DACH2-4","Ex_DACH2_ITGA9",0.636421343416674
"_ATGGGTTAGCGGTATG-4","Glut-DACH2-HVCra-Pre","Ex_DACH2_MGAT4C",0.523092440322455
"_ATGGGTTAGTGCCGAA-4","Glut-DACH2-1","Ex_DACH2_MGAT4C",0.433781836868176
"_ATGGTTGAGAAAGCGA-4","Glut-DACH2-2","Ex_DACH2_MGAT4C",0.621952129029256
"_ATGGTTGAGTAGTCAA-4","Glut-DACH2-1","Ex_DACH2_MGAT4C",0.62081018693699
"_ATGGTTGCAGGTTTAC-4","Glut-DACH2-1","Ex_DACH2_MGAT4C",0.661162817002398
"_ATGGTTGGTTCAAGTC-4","Glut-DACH2-1","Ex_DACH2_NR4A3",0.842040469828194
"_ATGGTTGTCCGGTAGC-4","Glut-DACH2-2","Ex_DACH2_GRIK4",0.459877226924046
"_ATGTCCCAGTTGTCAC-4","Glut-DACH2-1","Ex_DACH2_MGAT4C",0.686370245997239
"_ATGTCCCCATAGATGA-4","Glut-DACH2-3","Ex_DACH2_SLIT2",0.911578730234079
"_ATGTCCCGTCACCGAC-4","Glut-DACH2-4","Ex_DACH2_ITGA9",0.577823322752447
"_ATGTCCCGTTCAGCGC-4","Glut-DACH2-2","Ex_DACH2_MGAT4C",0.461667705756661
"_ATGTCTTCATACCGTA-4","Glut-DACH2-3","Ex_DACH2_SLIT2",0.682304154354293
"_ATTACCTGTGTCCACG-4","Glut-DACH2-5","Ex_DACH2_MGAT4C",0.475522518419461
"_ATTACTCCACAGCCAC-4","Glut-DACH2-4","Ex_DACH2_NR4A3",0.609837792036983
"_ATTACTCCAGCTGTCG-4","Glut-DACH2-2","Ex_DACH2_ADAMTS5",0.337301384439577
"_ATTATCCTCTGTAAGC-4","Glut-DACH2-1","Ex_DACH2_MGAT4C",0.933349540679788
"_ATTCACTAGCAAGCCA-4","Glut-DACH2-3","Ex_DACH2_SLIT2",0.800528216479068
"_ATTCACTAGTTACGTC-4","Glut-DACH2-4","Ex_DACH2_ITGA9",0.666082305366961
"_ATTCACTCAGTGTATC-4","Glut-DACH2-1","Ex_DACH2_ADAMTS5",0.666290155152112
"_ATTCACTGTATAATGG-4","Glut-DACH2-2","Ex_DACH2_MGAT4C",0.380677640443596
"_ATTCACTTCACGAGGA-4","Glut-DACH2-3","Ex_DACH2_SLIT2",0.917477009012694
"_ATTCAGGAGAACAAGG-4","Glut-DACH2-3","Ex_DACH2_SLIT2",0.854687289073503
"_ATTCAGGCAGACACCC-4","Glut-DACH2-1","Ex_DACH2_NR4A3",0.354490074322559
"_ATTCATCAGATGCCGA-4","Glut-DACH2-1","Ex_DACH2_MGAT4C",0.315026874087053
"_ATTCATCAGGGTAGCT-4","Glut-DACH2-1","Ex_DACH2_MGAT4C",0.815363255833394
"_ATTCCATAGCAATAAC-4","Glut-DACH2-3","Ex_DACH2_SLIT2",0.729478399412473
"_ATTCCATCACTCTAGA-4","Glut-DACH2-4","Ex_DACH2_ADAMTS5",0.367669088277722
"_ATTCCCGAGAGCGACT-4","Glut-DACH2-1","Ex_DACH2_MGAT4C",0.711166616054129
"_ATTCCCGGTAGCTTTG-4","Glut-DACH2-1","Ex_DACH2_ADAMTS5",0.581630884360639
"_ATTCCCGGTTCTCCAC-4","Glut-DACH2-3","Ex_DACH2_SLIT2",0.918284365445696
"_ATTCCCGTCAATCCGA-4","Glut-DACH2-2","Ex_DACH2_MGAT4C",0.472700121268517
"_ATTCCTACAACCGATT-4","Glut-DACH2-1","Ex_DACH2_MGAT4C",0.74263505503289
"_ATTCCTAGTCTTCCGT-4","Glut-DACH2-3","Ex_DACH2_CEMIP",0.305245373557887
"_ATTCCTATCTTGCAGA-4","Glut-DACH2-2","Ex_DACH2_MGAT4C",0.677780940517232
"_ATTCGTTGTATTCTCT-4","Glut-DACH2-3","Ex_DACH2_SLIT2",0.775734886710042
"_ATTCTACCAGGTCAGA-4","Glut-DACH2-3","Ex_DACH2_SLIT2",0.671740862768539
"_ATTCTTGGTAACTAAG-4","Glut-DACH2-3","Ex_DACH2_SLIT2",0.45240237986343
"_ATTCTTGGTCAAAGCG-4","Glut-DACH2-2","Ex_DACH2_NR4A3",0.334090569583505
"_ATTCTTGGTTGGATCT-4","Glut-DACH2-1","Ex_DACH2_GRIK4",0.535507197486751
"_ATTCTTGTCGCAATTG-4","Glut-DACH2-3","Ex_DACH2_SLIT2",0.978176973815177
"_ATTGGGTTCCCTCTCC-4","Glut-DACH2-5","Ex_DACH2_ADAMTS5",0.688206459758225
"_ATTGTTCAGAATCGAT-4","Glut-DACH2-3","Ex_DACH2_SLIT2",0.904836603717722
"_ATTGTTCAGGCTTAAA-4","Glut-DACH2-2","Ex_DACH2_MGAT4C",0.350008905791191
"_ATTGTTCAGTGTAGTA-4","Glut-DACH2-1","Ex_DACH2_NR4A3",0.868070780858133
"_ATTGTTCCAGCTATAC-4","Glut-DACH2-4","Ex_DACH2_ITGA9",0.582042310933895
"_ATTGTTCGTCGGTACC-4","Glut-DACH2-1","Ex_DACH2_MGAT4C",0.607350841604936
"_ATTTACCCATACACCA-4","Glut-DACH2-3","Ex_DACH2_SLIT2",0.638031557836987
"_ATTTACCGTGTCCGTG-4","Glut-DACH2-3","Ex_DACH2_ZMAT4",0.415867078064023
"_ATTTACCTCGAGAGAC-4","Glut-DACH2-1","Ex_DACH2_MGAT4C",0.814030531208599
"_ATTTCACAGTATGCAA-4","Glut-DACH2-2","Ex_DACH2_MGAT4C",0.449668235860076
"_ATTTCACAGTCAATCC-4","Glut-DACH2-8","Ex_DACH2_ZMAT4",0.860128049101127
"_ATTTCACGTCGTGTTA-4","Glut-DACH2-1","Ex_DACH2_MGAT4C",0.818493032940101
"_ATTTCTGAGTCTGCGC-4","Glut-DACH2-3","Ex_DACH2_CEMIP",0.798748554345761
"_ATTTCTGCAGCTGGTC-4","Glut-DACH2-3","Ex_DACH2_SLIT2",0.946737838431802
"_ATTTCTGGTGGGACAT-4","Glut-DACH2-3","Ex_DACH2_CEMIP",0.513296143264443
"_CAAAGAACAGCGGTTC-4","Glut-DACH2-2","Ex_DACH2_MGAT4C",0.372777032858512
"_CAAAGAATCTGGTGGC-4","Glut-DACH2-2","Ex_DACH2_MGAT4C",0.55015114078508
"_CAACAACCAGCTTTCC-4","Glut-DACH2-1","Ex_DACH2_MGAT4C",0.688863059890508
"_CAACAACGTACACTCA-4","Glut-DACH2-3","Ex_DACH2_SLIT2",0.897550800202266
"_CAACAACGTCCGGTCA-4","Glut-DACH2-1","Ex_DACH2_MGAT4C",0.753188419680943
"_CAACAGTCATACATCG-4","Glut-DACH2-1","Ex_DACH2_MGAT4C",0.30225976209217
"_CAACCAAAGCTCTATG-4","Glut-DACH2-1","Ex_DACH2_MGAT4C",0.491940635648149
"_CAACCAACAGCCCAGT-4","Glut-DACH2-3","Ex_DACH2_SLIT2",0.871042319175908
"_CAACCAACAGCTGCCA-4","Glut-DACH2-4","Ex_DACH2_ZMAT4",0.337438653535074
"_CAACCAAGTTAGCGGA-4","Glut-DACH2-1","Ex_DACH2_NR4A3",0.539895241578248
"_CAACCTCAGGTACAGC-4","Glut-DACH2-1","Ex_DACH2_GRIK4",0.479584338538454
"_CAACCTCCAGTAACGG-4","Glut-DACH2-3","Ex_DACH2_SLIT2",0.762972732734043
"_CAACGATTCCTTCGAC-4","Glut-DACH2-2","Ex_DACH2_MGAT4C",0.303654013034322
"_CAACGGCAGACATAGT-4","Glut-DACH2-2","Ex_DACH2_MGAT4C",0.59944518709649
"_CAACGGCAGCTGAAAT-4","Glut-DACH2-3","Ex_DACH2_SLIT2",0.757754364644269
"_CAACGGCAGGGTTAGC-4","Glut-DACH2-2","Ex_DACH2_ADAMTS5",0.306243972186712
"_CAACGGCTCGCCTTTG-4","Glut-DACH2-1","Ex_DACH2_MGAT4C",0.843593358815929
"_CAAGACTAGACGCTCC-4","Glut-DACH2-2","Ex_DACH2_MGAT4C",0.450955950494372
"_CAAGACTAGGGAACAA-4","Glut-DACH2-3","Ex_DACH2_SLIT2",0.401153079331207
"_CAAGACTCAGCAGTTT-4","Glut-DACH2-3","Ex_DACH2_SLIT2",0.92458386624939
"_CAAGACTGTACAATAG-4","Glut-DACH2-3","Ex_DACH2_ZMAT4",0.545417461250533
"_CAAGACTGTACCGCGT-4","Glut-DACH2-2","Ex_DACH2_LHX2",0.384226132769343
"_CAAGAGGTCGTCTCAC-4","Glut-DACH2-3","Ex_DACH2_SLIT2",0.649958095757639
"_CAAGCTATCAGGGATG-4","Glut-DACH2-3","Ex_DACH2_SLIT2",0.617601590052714
"_CAAGGGAAGGATTCAA-4","Glut-DACH2-4","Ex_DACH2_ITGA9",0.496651904399957
"_CAAGGGACATGAGGGT-4","Glut-DACH2-3","Ex_DACH2_SLIT2",0.962016118833864
"_CAAGGGATCAGCTGTA-4","Glut-DACH2-3","Ex_DACH2_SLIT2",0.324592006293366
"_CAATACGCAAGGATGC-4","Glut-DACH2-3","Ex_DACH2_SLIT2",0.49183615495356
"_CAATCGAGTCTAACTG-4","Glut-DACH2-3","Ex_DACH2_SLIT2",0.93887802522472
"_CAATGACAGGCATGCA-4","Glut-DACH2-2","Ex_DACH2_MGAT4C",0.367210029810359
"_CAATGACCATCAGCTA-4","Glut-DACH2-5","Ex_DACH2_GRIK4",0.356900328720412
"_CAATTTCCACGCAGTC-4","Glut-DACH2-3","Ex_DACH2_SLIT2",0.869880500141336
"_CAATTTCGTAGTGGCA-4","Glut-DACH2-1","Ex_DACH2_SLIT2",0.414033612288292
"_CAATTTCTCTAAGCCA-4","Glut-DACH2-3","Ex_DACH2_ZMAT4",0.544451307739638
"_CACAACAGTTTGTTGG-4","Glut-DACH2-4","Ex_DACH2_SLIT2",0.400521245609996
"_CACACAACAGAGGTAC-4","Glut-DACH2-1","Ex_DACH2_MGAT4C",0.534316774363883
"_CACAGATTCAAGGACG-4","Glut-DACH2-1","Ex_DACH2_MGAT4C",0.481156146814083
"_CACAGGCAGAGGTCAC-4","Glut-DACH2-2","Ex_DACH2_MGAT4C",0.393974289892039
"_CACATGACAGGATTCT-4","Glut-DACH2-3","Ex_DACH2_SLIT2",0.314986260021193
"_CACATGACATATGAAG-4","Glut-DACH2-2","Ex_DACH2_MGAT4C",0.40455977038977
"_CACCAAACAATGCTCA-4","Glut-DACH2-2","Ex_DACH2_MGAT4C",0.414479721508294
"_CACCAAAGTTCTAACG-4","Glut-DACH2-2","Ex_DACH2_MGAT4C",0.317203736524911
"_CACCGTTGTAGCTGAG-4","Glut-DACH2-3","Ex_DACH2_ZMAT4",0.87047747330734
"_CACGAATAGTGGTGGT-4","Glut-DACH2-3","Ex_DACH2_SLIT2",0.877785879749483
"_CACGAATGTCCTATAG-4","Glut-DACH2-2","Ex_DACH2_ADAMTS5",0.477649590251701
"_CACGGGTAGCATTGTC-4","Glut-DACH2-1","Ex_DACH2_MGAT4C",0.806310799394248
"_CACGGGTAGGTACTGG-4","Glut-DACH2-1","Ex_DACH2_NR4A3",0.894256566341899
"_CACGGGTTCTGCGATA-4","Glut-DACH2-3","Ex_DACH2_SLIT2",0.965512976129394
"_CACGTGGGTCGTCAGC-4","Glut-DACH2-1","Ex_DACH2_GRIK4",0.646124685729659
"_CACGTGGGTGTTGACT-4","Glut-DACH2-3","Ex_DACH2_SLIT2",0.87874684221509
"_CACGTTCCAACGACTT-4","Glut-DACH2-3","Ex_DACH2_SLIT2",0.539313920120126
"_CACGTTCGTCGCAACC-4","Glut-DACH2-3","Ex_DACH2_ZMAT4",0.233584874616023
"_CACGTTCTCATTGCTT-4","Glut-DACH2-1","Ex_DACH2_MGAT4C",0.521808904434698
"_CACGTTCTCTAGACAC-4","Glut-DACH2-3","Ex_DACH2_CEMIP",0.794635276975502
"_CACTAAGAGTCGGGAT-4","Glut-DACH2-3","Ex_DACH2_SLIT2",0.775087785733808
"_CACTGAACAGCTGGTC-4","Glut-DACH2-4","Ex_DACH2_ITGA9",0.566777150656584
"_CACTGGGTCTATTTCG-4","Glut-DACH2-1","Ex_DACH2_GRIK4",0.372135763953956
"_CACTGTCTCATTGAGC-4","Glut-DACH2-1","Ex_DACH2_MGAT4C",0.489710970922932
"_CACTGTCTCTTCGACC-4","Glut-DACH2-3","Ex_DACH2_SLIT2",0.826474099421784
"_CACTTCGGTCTCACGG-4","Glut-DACH2-3","Ex_DACH2_SLIT2",0.908715542141144
"_CACTTCGGTGTTGACT-4","Glut-DACH2-2","Ex_DACH2_MGAT4C",0.395638934518612
"_CAGAGCCAGGCTGTAG-4","Glut-DACH2-3","Ex_DACH2_ZMAT4",0.558497613258986
"_CAGATACAGAAGTGTT-4","Glut-DACH2-3","Ex_DACH2_SLIT2",0.610682776496784
"_CAGATACAGCTCTTCC-4","Glut-DACH2-2","Ex_DACH2_ADAMTS5",0.435521936375774
"_CAGATCAAGAGGTCAC-4","Glut-DACH2-3","Ex_DACH2_SLIT2",0.644305100490297
"_CAGATCAAGTCATGAA-4","Glut-DACH2-1","Ex_DACH2_NR4A3",0.523645801375526
"_CAGATCATCGACGATT-4","Glut-DACH2-2","Ex_DACH2_ADAMTS5",0.256096008216226
"_CAGATTGTCACGGGCT-4","Glut-DACH2-1","Ex_DACH2_LUZP2",0.382185797204446
"_CAGATTGTCCAGCTCT-4","Glut-DACH2-3","Ex_DACH2_CEMIP",0.491045517666965
"_CAGCAATAGCCTGTGC-4","Glut-DACH2-1","Ex_DACH2_GRIK4",0.525587321791498
"_CAGCAATAGGCTCTCG-4","Glut-DACH2-2","Ex_DACH2_MGAT4C",0.579641737133806
"_CAGCAATGTAGAATAC-4","Glut-DACH2-1","Ex_DACH2_MGAT4C",0.75738710133522
"_CAGCAATTCGGCATAT-4","Glut-DACH2-1","Ex_DACH2_MGAT4C",0.619199885327721
"_CAGCCAGCACTCTCGT-4","Glut-DACH2-3","Ex_DACH2_ZMAT4",0.671036375637144
"_CAGCCAGTCCCGTGAG-4","Glut-DACH2-3","Ex_DACH2_SLIT2",0.864445841473017
"_CAGCGTGGTTTCGTAG-4","Glut-DACH2-1","Ex_DACH2_MGAT4C",0.797275049347894
"_CAGGCCACACCGTACG-4","Glut-DACH2-2","Ex_DACH2_ADAMTS5",0.798533373579706
"_CAGGGCTGTGAGCTCC-4","Glut-DACH2-3","Ex_DACH2_SLIT2",0.90388458533937
"_CAGGTATCAATCCTTT-4","Glut-DACH2-2","Ex_DACH2_ADAMTS5",0.450866664908962
"_CAGGTATGTCCACATA-4","Glut-DACH2-3","Ex_DACH2_SLIT2",0.917868802965212
"_CAGTGCGAGAATACAC-4","Glut-DACH2-3","Ex_DACH2_SLIT2",0.962038248034682
"_CAGTGCGGTTCCGCGA-4","Glut-DACH2-2","Ex_DACH2_MGAT4C",0.477246066838181
"_CAGTGCGTCAAGTAAG-4","Glut-DACH2-3","Ex_DACH2_SLIT2",0.862956890301068
"_CAGTTAGGTGATCATC-4","Glut-DACH2-1","Ex_DACH2_MGAT4C",0.447401505570782
"_CAGTTAGGTTCAAACC-4","Glut-DACH2-2","Ex_DACH2_MGAT4C",0.413788353344267
"_CATAAGCTCGACCATA-4","Glut-DACH2-1","Ex_DACH2_LHX2",0.399062295335895
"_CATACAGGTATCGTTG-4","Glut-DACH2-3","Ex_DACH2_SLIT2",0.842500801132714
"_CATACAGTCATAGAGA-4","Glut-DACH2-1","Ex_DACH2_NR4A3",0.426809329743531
"_CATACCCAGTGCTAGG-4","Glut-DACH2-1","Ex_DACH2_GRIK4",0.5927189003695
"_CATACCCCACTATCGA-4","Glut-DACH2-3","Ex_DACH2_SLIT2",0.931786171252315
"_CATACCCGTGTTCGAT-4","Glut-DACH2-1","Ex_DACH2_MGAT4C",0.741366990369415
"_CATACCCTCCCTTGTG-4","Glut-DACH2-3","Ex_DACH2_SLIT2",0.791240078768291
"_CATACCCTCTTGGTGA-4","Glut-DACH2-5","Ex_DACH2_ADAMTS5",0.606066164608363
"_CATACTTAGTAGCTCT-4","Glut-DACH2-4","Ex_DACH2_SLIT2",0.572661413073748
"_CATACTTTCTTACGTT-4","Glut-DACH2-1","Ex_DACH2_SLIT2",0.323592521417577
"_CATAGACAGGGTGGGA-4","Glut-DACH2-3","Ex_DACH2_SLIT2",0.871040415096378
"_CATAGACAGGTAGGCT-4","Glut-DACH2-3","Ex_DACH2_ZMAT4",0.713444418356302
"_CATCAAGAGGTGAGCT-4","Glut-DACH2-1","Ex_DACH2_MGAT4C",0.849512801254824
"_CATCAAGGTAATGTGA-4","Glut-DACH2-1","Ex_DACH2_MGAT4C",0.708636740733975
"_CATCAAGGTTCGGTCG-4","Glut-DACH2-1","Ex_DACH2_GRIK4",0.504805539424989
"_CATCAAGTCGGACCAC-4","Glut-DACH2-4","Ex_DACH2_ITGA9",0.47069272965046
"_CATCAAGTCTGAGCAT-4","Glut-DACH2-1","Ex_DACH2_MGAT4C",0.362771265589158
"_CATCCCAAGGGAGTTC-4","Glut-DACH2-3","Ex_DACH2_SLIT2",0.849870759044164
"_CATCCCAGTACGTTCA-4","Glut-DACH2-3","Ex_DACH2_SLIT2",0.661460233399212
"_CATCCGTAGACCATGG-4","Glut-DACH2-2","Ex_DACH2_LHX2",0.578135836946131
"_CATCCGTCAGATCCAT-4","Glut-DACH2-1","Ex_DACH2_GRIK4",0.468604078219677
"_CATCCGTTCACCCATC-4","Glut-DACH2-1","Ex_DACH2_MGAT4C",0.371314370071725
"_CATCGCTCAGCCCAGT-4","Glut-DACH2-4","Ex_DACH2_ITGA9",0.617895870594862
"_CATCGCTGTAGGGAGG-4","Glut-DACH2-4","Ex_DACH2_ITGA9",0.537894529065791
"_CATCGCTGTCGTTGGC-4","Glut-DACH2-1","Ex_DACH2_MGAT4C",0.779621872190696
"_CATCGGGTCAAGGCTT-4","Glut-DACH2-3","Ex_DACH2_SLIT2",0.923190284602139
"_CATCGGGTCACCCATC-4","Glut-DACH2-2","Ex_DACH2_MGAT4C",0.622834078445123
"_CATCGTCAGGATGAGA-4","Glut-DACH2-3","Ex_DACH2_ZMAT4",0.514093913758988
"_CATCGTCAGGTACATA-4","Glut-DACH2-3","Ex_DACH2_SLIT2",0.891774299419154
"_CATCGTCCATAACTCG-4","Glut-DACH2-1","Ex_DACH2_GRIK4",0.43388790693923
"_CATCGTCTCGACTCCT-4","Glut-DACH2-2","Ex_DACH2_GRIK4",0.386810771064601
"_CATGAGTAGCTTTCTT-4","Glut-DACH2-2","Ex_DACH2_MGAT4C",0.567618134537959
"_CATGAGTGTCAACATC-4","Glut-DACH2-HVCra-Pre","Ex_DACH2_MGAT4C",0.307467632133414
"_CATGAGTGTGCTTCAA-4","Glut-DACH2-3","Ex_DACH2_SLIT2",0.500481646344685
"_CATGCAAGTTCCCAAA-4","Glut-DACH2-1","Ex_DACH2_MGAT4C",0.779011759062468
"_CATGCAATCGAAATCC-4","Glut-DACH2-2","Ex_DACH2_MGAT4C",0.352225301080677
"_CATGCCTAGCAGCCCT-4","Glut-DACH2-2","Ex_DACH2_GRIK4",0.504765511632635
"_CATGCCTAGGAACGCT-4","Glut-DACH2-2","Ex_DACH2_LHX2",0.276214850340239
"_CATGCCTTCCGATAGT-4","Glut-DACH2-3","Ex_DACH2_ZMAT4",0.771456555113415
"_CATGCCTTCTATCACT-4","Glut-DACH2-1","Ex_DACH2_MGAT4C",0.297524077414615
"_CATGCGGAGCTATCCA-4","Glut-DACH2-3","Ex_DACH2_SLIT2",0.855006059185092
"_CATGCGGAGGAAGTAG-4","Glut-DACH2-4","Ex_DACH2_ITGA9",0.712894261184544
"_CATGCGGAGTTCACTG-4","Glut-DACH2-1","Ex_DACH2_MGAT4C",0.77363498089254
"_CATGCGGGTACCGCGT-4","Glut-DACH2-1","Ex_DACH2_NR4A3",0.589541983098361
"_CATGCGGTCACTGGGC-4","Glut-DACH2-3","Ex_DACH2_SLIT2",0.642654406984783
"_CATGCGGTCGGACCAC-4","Glut-DACH2-1","Ex_DACH2_MGAT4C",0.286591353533778
"_CATGCGGTCTTTCTAG-4","Glut-DACH2-1","Ex_DACH2_MGAT4C",0.899300287295155
"_CATGCTCCACACACGC-4","Glut-DACH2-3","Ex_DACH2_ITGA9",0.349706343962831
"_CATGCTCTCCTATTGT-4","Glut-DACH2-1","Ex_DACH2_MGAT4C",0.652058321627672
"_CATGGATAGCCATATC-4","Glut-DACH2-3","Ex_DACH2_SLIT2",0.608080040943153
"_CATGGATTCTGAACGT-4","Glut-DACH2-4","Ex_DACH2_ITGA9",0.317511343045813
"_CATGGTACAGCACGAA-4","Glut-DACH2-1","Ex_DACH2_MGAT4C",0.843812848520095
"_CATTCATCAAGGATGC-4","Glut-DACH2-1","Ex_DACH2_MGAT4C",0.732649722897041
"_CATTCATCAAGTATCC-4","Glut-DACH2-1","Ex_DACH2_MGAT4C",0.81372742274654
"_CATTCATGTTCCGCTT-4","Glut-DACH2-3","Ex_DACH2_SLIT2",0.792295380916148
"_CATTCATTCATCCCGT-4","Glut-DACH2-1","Ex_DACH2_LHX2",0.525357741151801
"_CATTCATTCCTCTAAT-4","Glut-DACH2-1","Ex_DACH2_MGAT4C",0.546196975453266
"_CATTCCGAGTATTCCG-4","Glut-DACH2-1","Ex_DACH2_NR4A3",0.415440483374114
"_CATTCTAAGCACTGGA-4","Glut-DACH2-3","Ex_DACH2_SLIT2",0.903659904529045
"_CATTGAGAGTGGAAAG-4","Glut-DACH2-3","Ex_DACH2_SLIT2",0.566383117524979
"_CATTGAGTCCTTCTAA-4","Glut-DACH2-2","Ex_DACH2_MGAT4C",0.669732411612533
"_CATTGCCCAAGCACAG-4","Glut-DACH2-2","Ex_DACH2_MGAT4C",0.598163304732814
"_CATTGCCGTCAAAGTA-4","Glut-DACH2-1","Ex_DACH2_MGAT4C",0.499435532744906
"_CATTGCCTCTGGTGCG-4","Glut-DACH2-2","Ex_DACH2_MGAT4C",0.527422562246599
"_CATTGTTGTTCAGCTA-4","Glut-DACH2-3","Ex_DACH2_SLIT2",0.613313314435048
"_CATTGTTTCTGGTTGA-4","Glut-DACH2-2","Ex_DACH2_MGAT4C",0.477683482802652
"_CATTTCAAGGCGCTCT-4","Glut-DACH2-2","Ex_DACH2_MGAT4C",0.460469414722687
"_CCAAGCGAGACATAGT-4","Glut-DACH2-1","Ex_DACH2_MGAT4C",0.686627135712149
"_CCAAGCGCACCCTGAG-4","Glut-DACH2-2","Ex_DACH2_NR4A3",0.443770790352696
"_CCAATGACACCAGCCA-4","Glut-DACH2-2","Ex_DACH2_GRIK4",0.542158217826084
"_CCAATGATCTGAGCAT-4","Glut-DACH2-3","Ex_DACH2_SLIT2",0.957925177873176
"_CCAATGATCTTCGTAT-4","Glut-DACH2-5","Ex_DACH2_ADAMTS5",0.415453616189321
"_CCAATTTAGCACAAAT-4","Glut-DACH2-1","Ex_DACH2_GRIK4",0.609573981873151
"_CCAATTTAGGAAGTGA-4","Glut-DACH2-3","Ex_DACH2_SLIT2",0.858418268213753
"_CCAATTTTCTCGTGGG-4","Glut-DACH2-3","Ex_DACH2_SLIT2",0.892198633675273
"_CCACAAACAACACGAG-4","Glut-DACH2-3","Ex_DACH2_SLIT2",0.416737309865758
"_CCACAAAGTGCTGTCG-4","Glut-DACH2-3","Ex_DACH2_SLIT2",0.881989327105503
"_CCACACTAGCCATCCG-4","Glut-DACH2-3","Ex_DACH2_SLIT2",0.744206467447029
"_CCACACTTCAGGAAAT-4","Glut-DACH2-2","Ex_DACH2_ADAMTS5",0.35455900297226
"_CCACACTTCTGGCCTT-4","Glut-DACH2-2","Ex_DACH2_LUZP2",0.334261296486989
"_CCACCATCAACAGATA-4","Glut-DACH2-1","Ex_DACH2_MGAT4C",0.620419319582841
"_CCACCATGTCTACGAT-4","Glut-DACH2-2","Ex_DACH2_MGAT4C",0.603861792290164
"_CCACGAGAGTCATCGT-4","Glut-DACH2-1","Ex_DACH2_MGAT4C",0.742143565401614
"_CCACGTTCAGCTCCTT-4","Glut-DACH2-5","Ex_DACH2_ADAMTS5",0.494136475182418
"_CCACTTGGTCCAGTTA-4","Glut-DACH2-3","Ex_DACH2_ZMAT4",0.564515175410767
"_CCACTTGTCAGCTAGT-4","Glut-DACH2-3","Ex_DACH2_SLIT2",0.671383990811432
"_CCACTTGTCGTGCACG-4","Glut-DACH2-2","Ex_DACH2_ADAMTS5",0.543988196104969
"_CCACTTGTCTGCTCTG-4","Glut-DACH2-3","Ex_DACH2_SLIT2",0.793140168348789
"_CCATAAGCATCGAACT-4","Glut-DACH2-1","Ex_DACH2_LHX2",0.51799164468366
"_CCATCACGTAACAAGT-4","Glut-DACH2-3","Ex_DACH2_SLIT2",0.884440872386665
"_CCATCACTCAACCTCC-4","Glut-DACH2-2","Ex_DACH2_ADAMTS5",0.787870398512154
"_CCATCACTCGGCTGAC-4","Glut-DACH2-5","Ex_DACH2_GRIK4",0.412756130223219
"_CCCAACTAGGATTCAA-4","Glut-DACH2-3","Ex_DACH2_SLIT2",0.913150831264878
"_CCCAACTCATTAGGCT-4","Glut-DACH2-2","Ex_DACH2_GRIK4",0.746211920843238
"_CCCAACTGTAGCTAAA-4","Glut-DACH2-1","Ex_DACH2_GRIK4",0.312168747992391
"_CCCAACTGTCGTTTCC-4","Glut-DACH2-3","Ex_DACH2_SLIT2",0.878155187899653
"_CCCAACTGTTCTCTCG-4","Glut-DACH2-3","Ex_DACH2_ZMAT4",0.433127723835937
"_CCCATTGGTACAGCGA-4","Glut-DACH2-1","Ex_DACH2_MGAT4C",0.688348673739777
"_CCCATTGGTGGAACCA-4","Glut-DACH2-4","Ex_DACH2_GRIK4",0.231352375034531
"_CCCATTGTCGAGTCCG-4","Glut-DACH2-1","Ex_DACH2_MGAT4C",0.654136930691925
"_CCCGAAGCAACCGACC-4","Glut-DACH2-2","Ex_DACH2_MGAT4C",0.390187217844684
"_CCCGAAGCAATCGCGC-4","Glut-DACH2-3","Ex_DACH2_SLIT2",0.607968773276095
"_CCCGGAATCTTGATTC-4","Glut-DACH2-4","Ex_DACH2_SLIT2",0.394938762732846
"_CCCTAACCATTGACTG-4","Glut-DACH2-2","Ex_DACH2_GRIK4",0.733825037067796
"_CCCTAACGTAGACAAT-4","Glut-DACH2-3","Ex_DACH2_SLIT2",0.525399027310378
"_CCCTAACGTCCAACGC-4","Glut-DACH2-3","Ex_DACH2_NR4A3",0.711265222007871
"_CCCTAACTCCCGAGAC-4","Glut-DACH2-1","Ex_DACH2_MGAT4C",0.501515902663524
"_CCCTCAAAGCTCAGAG-4","Glut-DACH2-3","Ex_DACH2_SLIT2",0.675610099295716
"_CCCTCAAAGGCCTAAG-4","Glut-DACH2-1","Ex_DACH2_GRIK4",0.497722528267348
"_CCCTCTCAGACATCCT-4","Glut-DACH2-2","Ex_DACH2_ADAMTS5",0.398707326753159
"_CCCTCTCGTGTTTACG-4","Glut-DACH2-4","Ex_DACH2_ITGA9",0.737717171290748
"_CCCTGATCAATCCAGT-4","Glut-DACH2-1","Ex_DACH2_LHX2",0.509164498566872
"_CCCTGATGTGATTAGA-4","Glut-DACH2-3","Ex_DACH2_SLIT2",0.786601503327423
"_CCCTTAGAGACCAACG-4","Glut-DACH2-2","Ex_DACH2_GRIK4",0.482571762589493
"_CCCTTAGTCGCGTTTC-4","Glut-DACH2-1","Ex_DACH2_MGAT4C",0.842450294532752
"_CCCTTAGTCTGGTCAA-4","Glut-DACH2-2","Ex_DACH2_ADAMTS5",0.378251803259966
"_CCGAACGTCGTTCCTG-4","Glut-DACH2-2","Ex_DACH2_MGAT4C",0.790407152670215
"_CCGATGGCATCGGAAG-4","Glut-DACH2-5","Ex_DACH2_LHX2",0.385187067552906
"_CCGATGGGTTGGACTT-4","Glut-DACH2-1","Ex_DACH2_MGAT4C",0.720302484470272
"_CCGATGGTCACTACGA-4","Glut-DACH2-5","Ex_DACH2_ADAMTS5",0.77943628821076
"_CCGCAAGGTCTCCCTA-4","Glut-DACH2-2","Ex_DACH2_MGAT4C",0.378356228035705
"_CCGGACAAGGTGTGAC-4","Glut-DACH2-1","Ex_DACH2_MGAT4C",0.549563557022297
"_CCGGGTACAGTTCCAA-4","Glut-DACH2-2","Ex_DACH2_LHX2",0.406150234108173
"_CCGGTAGAGTGATGGC-4","Glut-DACH2-3","Ex_DACH2_ITGA9",0.341375136412947
"_CCGGTGACAGTCCCGA-4","Glut-DACH2-1","Ex_DACH2_MGAT4C",0.510885911898257
"_CCGTTCAAGAGGCTGT-4","Glut-DACH2-3","Ex_DACH2_ZMAT4",0.378673076322075
"_CCGTTCAAGTCACTGT-4","Glut-DACH2-3","Ex_DACH2_SLIT2",0.369331308745362
"_CCGTTCATCGATACTG-4","Glut-DACH2-3","Ex_DACH2_CEMIP",0.636294107971213
"_CCTAACCAGCTGACCC-4","Glut-DACH2-5","Ex_DACH2_ADAMTS5",0.754036292687748
"_CCTAACCAGTACAACA-4","Glut-DACH2-5","Ex_DACH2_ADAMTS5",0.540992787665698
"_CCTAACCGTGTCATGT-4","Glut-DACH2-1","Ex_DACH2_MGAT4C",0.3666056243155
"_CCTAACCGTTCGGTAT-4","Glut-DACH2-1","Ex_DACH2_NR4A3",0.888011460772657
"_CCTAACCTCGACGTCG-4","Glut-DACH2-3","Ex_DACH2_SLIT2",0.895314527647443
"_CCTAAGAAGATAGCAT-4","Glut-DACH2-4","Ex_DACH2_ITGA9",0.522110176664637
"_CCTAAGAAGCTGAAGC-4","Glut-DACH2-1","Ex_DACH2_NR4A3",0.803865118628962
"_CCTAAGAAGGCATTTC-4","Glut-DACH2-5","Ex_DACH2_ADAMTS5",0.674536858780612
"_CCTAAGACAGATCCTA-4","Glut-DACH2-1","Ex_DACH2_MGAT4C",0.647197183700914
"_CCTAAGAGTACTGAGG-4","Glut-DACH2-3","Ex_DACH2_SLIT2",0.730594122042333
"_CCTAAGAGTCCTTGTC-4","Glut-DACH2-1","Ex_DACH2_ADAMTS5",0.392122219606908
"_CCTAAGAGTGAGGATC-4","Glut-DACH2-3","Ex_DACH2_SLIT2",0.595797786603984
"_CCTACGTAGCAACAGC-4","Glut-DACH2-1","Ex_DACH2_GRIK4",0.826868972646275
"_CCTACGTCAATAACGA-4","Glut-DACH2-3","Ex_DACH2_SLIT2",0.921282154130697
"_CCTATCGAGGCAGGTT-4","Glut-DACH2-4","Ex_DACH2_ITGA9",0.542882938421674
"_CCTATCGAGTAAGACT-4","Glut-DACH2-1","Ex_DACH2_MGAT4C",0.537461373263935
"_CCTATCGTCAGTGGGA-4","Glut-DACH2-4","Ex_DACH2_ITGA9",0.581736275466633
"_CCTATCGTCATTGTGG-4","Glut-DACH2-1","Ex_DACH2_MGAT4C",0.646797577792847
"_CCTCAACAGAGATGCC-4","Glut-DACH2-2","Ex_DACH2_GRIK4",0.267242693582039
"_CCTCAACAGCACCGAA-4","Glut-DACH2-3","Ex_DACH2_SLIT2",0.593643232562454
"_CCTCACAGTACGGCAA-4","Glut-DACH2-3","Ex_DACH2_SLIT2",0.798889147067884
"_CCTCACAGTCTCTCAC-4","Glut-DACH2-3","Ex_DACH2_SLIT2",0.932127761583163
"_CCTCAGTAGAAAGCGA-4","Glut-DACH2-4","Ex_DACH2_ITGA9",0.536478682497581
"_CCTCAGTGTGCGAACA-4","Glut-DACH2-5","Ex_DACH2_ADAMTS5",0.815634551489089
"_CCTCAGTTCACCTGTC-4","Glut-DACH2-1","Ex_DACH2_ADAMTS5",0.417781130227665
"_CCTCAGTTCCGAGAAG-4","Glut-DACH2-1","Ex_DACH2_MGAT4C",0.816078925287241
"_CCTCATGAGTTGCGCC-4","Glut-DACH2-2","Ex_DACH2_MGAT4C",0.307264989696167
"_CCTCATGCAACAGCTT-4","Glut-DACH2-1","Ex_DACH2_NR4A3",0.822687733535369
"_CCTCATGGTGATGAAT-4","Glut-DACH2-3","Ex_DACH2_SLIT2",0.72363274125662
"_CCTCATGGTTACAGCT-4","Glut-DACH2-3","Ex_DACH2_ZMAT4",0.780318404500095
"_CCTCATGTCTACAGGT-4","Glut-DACH2-2","Ex_DACH2_GRIK4",0.459677219366485
"_CCTCCTCCAATCCTAG-4","Glut-DACH2-3","Ex_DACH2_SLIT2",0.807345282601397
"_CCTCCTCTCTCCCAAC-4","Glut-DACH2-3","Ex_DACH2_SLIT2",0.655981970358754
"_CCTCTAGAGATTGTGA-4","Glut-DACH2-2","Ex_DACH2_LHX2",0.509244030574038
"_CCTCTAGCAAAGACTA-4","Glut-DACH2-1","Ex_DACH2_NR4A3",0.815138587992486
"_CCTCTAGTCGCAGTTA-4","Glut-DACH2-3","Ex_DACH2_SLIT2",0.50361354740757
"_CCTCTAGTCGCTTTAT-4","Glut-DACH2-3","Ex_DACH2_SLIT2",0.978558907831604
"_CCTCTCCAGACTAAGT-4","Glut-DACH2-1","Ex_DACH2_MGAT4C",0.399856589757425
"_CCTCTCCAGCCTCTTC-4","Glut-DACH2-2","Ex_DACH2_GRIK4",0.382448526323688
"_CCTCTCCCAATCTGCA-4","Glut-DACH2-1","Ex_DACH2_MGAT4C",0.74988247260868
"_CCTCTCCCACTGGAAG-4","Glut-DACH2-1","Ex_DACH2_NR4A3",0.903292637666229
"_CCTCTCCGTGAGTAAT-4","Glut-DACH2-1","Ex_DACH2_MGAT4C",0.380242671136949
"_CCTCTCCTCGAGCCAC-4","Glut-DACH2-1","Ex_DACH2_MGAT4C",0.238788363512646
"_CCTGCATCACATCATG-4","Glut-DACH2-3","Ex_DACH2_SLIT2",0.765158816415155
"_CCTGCATGTAGTCCTA-4","Glut-DACH2-3","Ex_DACH2_SLIT2",0.932666054181258
"_CCTGTTGCAAGAAATC-4","Glut-DACH2-3","Ex_DACH2_SLIT2",0.699546849096382
"_CCTGTTGGTGTAGCAG-4","Glut-DACH2-4","Ex_DACH2_ITGA9",0.453823338335432
"_CCTTCAGGTTAAAGTG-4","Glut-DACH2-1","Ex_DACH2_MGAT4C",0.815361826326453
"_CCTTCAGGTTCAGCTA-4","Glut-DACH2-2","Ex_DACH2_GRIK4",0.630104822449093
"_CCTTGTGTCGATGCTA-4","Glut-DACH2-1","Ex_DACH2_NR4A3",0.753259288984444
"_CCTTGTGTCGTCAAAC-4","Glut-DACH2-4","Ex_DACH2_ITGA9",0.548907599153532
"_CCTTTGGTCCGTGTCT-4","Glut-DACH2-1","Ex_DACH2_MGAT4C",0.704778478480046
"_CGAAGGAAGCCTTTGA-4","Glut-DACH2-4","Ex_DACH2_ITGA9",0.500258510486405
"_CGAAGGAAGTGTAGAT-4","Glut-DACH2-1","Ex_BCL6",0.406716449583389
"_CGAAGGATCATCCCGT-4","Glut-DACH2-3","Ex_DACH2_ZMAT4",0.896224585126377
"_CGAAGTTGTCCTCATC-4","Glut-DACH2-3","Ex_DACH2_SLIT2",0.445580889327408
"_CGAAGTTTCATCGTAG-4","Glut-DACH2-2","Ex_DACH2_LHX2",0.569392989486945
"_CGAATTGAGGCATGCA-4","Glut-DACH2-1","Ex_DACH2_MGAT4C",0.725685360910454
"_CGAATTGAGTACTGGG-4","Glut-DACH2-2","Ex_DACH2_MGAT4C",0.483119023860552
"_CGAATTGGTGGACAGT-4","Glut-DACH2-1","Ex_DACH2_MGAT4C",0.669810159808385
"_CGAATTGGTTGCCAAT-4","Glut-DACH2-1","Ex_DACH2_MGAT4C",0.662657507301224
"_CGAATTGTCACACGAT-4","Glut-DACH2-2","Ex_DACH2_LUZP2",0.333965593831041
"_CGAATTGTCTGCATAG-4","Glut-DACH2-4","Ex_DACH2_SLIT2",0.432408170619804
"_CGACAGCAGAAATGGG-4","Glut-DACH2-2","Ex_DACH2_MGAT4C",0.34431092131619
"_CGACAGCGTCAACGCC-4","Glut-DACH2-4","Ex_DACH2_ITGA9",0.405583569109843
"_CGAGAAGGTGGTACAG-4","Glut-DACH2-1","Ex_DACH2_GRIK4",0.820604650597486
"_CGAGGAAAGGGCATGT-4","Glut-DACH2-3","Ex_DACH2_ZMAT4",0.7541484078135
"_CGAGGCTAGCTTACGT-4","Glut-DACH2-3","Ex_DACH2_SLIT2",0.334293980467963
"_CGAGGCTTCATTACTC-4","Glut-DACH2-3","Ex_DACH2_SLIT2",0.991410383302114
"_CGAGTGCTCACCATAG-4","Glut-DACH2-1","Ex_DACH2_GRIK4",0.391791500351182
"_CGATCGGAGAGTGTGC-4","Glut-DACH2-3","Ex_DACH2_SLIT2",0.750411213259872
"_CGATCGGCACTGCTTC-4","Glut-DACH2-4","Ex_DACH2_ZMAT4",0.787317071115646
"_CGATCGGGTATCAGCT-4","Glut-DACH2-3","Ex_DACH2_SLIT2",0.435674621863072
"_CGCAGGTCATCGCTAA-4","Glut-DACH2-3","Ex_DACH2_SLIT2",0.815602277957313
"_CGCAGGTTCAGGCGAA-4","Glut-DACH2-5","Ex_DACH2_ADAMTS5",0.673331249039217
"_CGCATAACATTCGGGC-4","Glut-DACH2-1","Ex_DACH2_MGAT4C",0.460445520484208
"_CGCATAATCCACTAGA-4","Glut-DACH2-3","Ex_DACH2_SLIT2",0.742590884099566
"_CGCATGGCAGTCACGC-4","Glut-DACH2-1","Ex_DACH2_MGAT4C",0.389945966550063
"_CGCATGGCATCGCTCT-4","Glut-DACH2-3","Ex_DACH2_SLIT2",0.718869494532198
"_CGCCAGATCACAAGAA-4","Glut-DACH2-3","Ex_DACH2_SLIT2",0.76840611831886
"_CGCCAGATCCCAGCGA-4","Glut-DACH2-3","Ex_DACH2_SLIT2",0.761607100173842
"_CGCCAGATCGAGTCTA-4","Glut-DACH2-1","Ex_DACH2_GRIK4",0.397830816446858
"_CGCCATTAGGGAACAA-4","Glut-DACH2-3","Ex_DACH2_SLIT2",0.483892096745168
"_CGCCATTCAACTCCAA-4","Glut-DACH2-4","Ex_DACH2_ITGA9",0.756806026533994
"_CGCCATTTCCTACACC-4","Glut-DACH2-1","Ex_DACH2_MGAT4C",0.623003821741383
"_CGCGTGACAACTCCCT-4","Glut-DACH2-4","Ex_DACH2_ITGA9",0.718410273089186
"_CGGAACCGTTGCGTAT-4","Glut-DACH2-4","Ex_DACH2_ITGA9",0.708989531529378
"_CGGAATTAGGATAATC-4","Glut-DACH2-1","Ex_DACH2_MGAT4C",0.764070085196098
"_CGGAATTGTCGCACAC-4","Glut-DACH2-4","Ex_DACH2_ITGA9",0.305641568330901
"_CGGAGAACATTCACAG-4","Glut-DACH2-3","Ex_DACH2_SLIT2",0.555353791926698
"_CGGAGAAGTCGACTTA-4","Glut-DACH2-3","Ex_DACH2_SLIT2",0.831550182951538
"_CGGAGAAGTCTTTATC-4","Glut-DACH2-2","Ex_DACH2_MGAT4C",0.621802173203129
"_CGGAGAAGTGTTCGTA-4","Glut-DACH2-2","Ex_DACH2_GRIK4",0.317025046590896
"_CGGCAGTCAAGAGTTA-4","Glut-DACH2-3","Ex_DACH2_SLIT2",0.897030083592574
"_CGGCAGTCAGTGAGCA-4","Glut-DACH2-3","Ex_DACH2_ZMAT4",0.346431476430042
"_CGGCAGTTCTACCCAC-4","Glut-DACH2-5","Ex_DACH2_ADAMTS5",0.659489694529805
"_CGGGACTAGGCATTTC-4","Glut-DACH2-1","Ex_DACH2_GRIK4",0.269175558110189
"_CGGGACTAGGGTACGT-4","Glut-DACH2-3","Ex_DACH2_SLIT2",0.897316720252964
"_CGGGACTCACCGGTCA-4","Glut-DACH2-3","Ex_DACH2_CEMIP",0.861510111858404
"_CGGGCATCAGACCCGT-4","Glut-DACH2-4","Ex_DACH2_ZMAT4",0.54730364837889
"_CGGGCATCATGGGTTT-4","Glut-DACH2-3","Ex_DACH2_ZMAT4",0.431488177554534
"_CGGGTCACACAGTCGC-4","Glut-DACH2-4","Ex_DACH2_ITGA9",0.569835802491171
"_CGGGTCAGTGACAACG-4","Glut-DACH2-3","Ex_DACH2_SLIT2",0.901636491498825
"_CGGGTCATCCCATGGG-4","Glut-DACH2-1","Ex_DACH2_MGAT4C",0.434584294588363
"_CGGGTCATCCCGAATA-4","Glut-DACH2-1","Ex_DACH2_GRIK4",0.374662679335053
"_CGGGTGTAGCAAACAT-4","Glut-DACH2-4","Ex_DACH2_ITGA9",0.645720348856335
"_CGGGTGTGTTACCTGA-4","Glut-DACH2-3","Ex_DACH2_SLIT2",0.689841428429885
"_CGGTCAGGTTGGAGGT-4","Glut-DACH2-5","Ex_DACH2_ADAMTS5",0.833542060933206
"_CGGTCAGTCGGCAGTC-4","Glut-DACH2-2","Ex_DACH2_GRIK4",0.398722923032641
"_CGTAAGTTCGATTGGT-4","Glut-DACH2-4","Ex_DACH2_ITGA9",0.455597093876978
"_CGTAATGAGAGATTCA-4","Glut-DACH2-1","Ex_DACH2_MGAT4C",0.846121381131895
"_CGTAATGAGGGCCCTT-4","Glut-DACH2-2","Ex_DACH2_MGAT4C",0.595700999314907
"_CGTAATGTCGTGTCAA-4","Glut-DACH2-1","Ex_DACH2_MGAT4C",0.67851842788034
"_CGTAATGTCTGTCTCG-4","Glut-DACH2-2","Ex_DACH2_MGAT4C",0.340463009938203
"_CGTAGTAGTGGTCTAT-4","Glut-DACH2-3","Ex_DACH2_SLIT2",0.874704234501208
"_CGTCAAATCAGCTGTA-4","Glut-DACH2-3","Ex_DACH2_SLIT2",0.603811010696683
"_CGTCAAATCCATTTAC-4","Glut-DACH2-1","Ex_DACH2_MGAT4C",0.834577463250196
"_CGTCCATAGAATAGTC-4","Glut-DACH2-4","Ex_DACH2_ITGA9",0.287180160660571
"_CGTCCATAGCTCCACG-4","Glut-DACH2-1","Ex_DACH2_NR4A3",0.516878796413794
"_CGTCCATAGGAGAGGC-4","Glut-DACH2-2","Ex_DACH2_MGAT4C",0.446768631660199
"_CGTCCATGTGAACCGA-4","Glut-DACH2-3","Ex_DACH2_SLIT2",0.925219511824569
"_CGTGAATCAATTGCCA-4","Glut-DACH2-1","Ex_DACH2_NR4A3",0.737527183238954
"_CGTGAATCAGAGAAAG-4","Glut-DACH2-3","Ex_DACH2_ZMAT4",0.621649308324024
"_CGTGAATTCTGGGTCG-4","Glut-DACH2-4","Ex_DACH2_NR4A3",0.400237943170361
"_CGTGATACAAGGGTCA-4","Glut-DACH2-1","Ex_DACH2_GRIK4",0.315327690166712
"_CGTGCTTTCTTTGCTA-4","Glut-DACH2-7","Ex_DACH2_ADAMTS5",0.436155883316887
"_CGTGTCTAGCACCTGC-4","Glut-DACH2-2","Ex_DACH2_MGAT4C",0.572346244762722
"_CGTGTCTAGTTGGCTT-4","Glut-DACH2-1","Ex_DACH2_NR4A3",0.559543528913174
"_CGTGTCTTCGGTCATA-4","Glut-DACH2-1","Ex_DACH2_NR4A3",0.374652487495641
"_CGTTCTGCATAATGAG-4","Glut-DACH2-2","Ex_DACH2_MGAT4C",0.547211922863016
"_CGTTCTGTCACCTCGT-4","Glut-DACH2-1","Ex_DACH2_GRIK4",0.574686158027523
"_CGTTGGGGTATAGCTC-4","Glut-DACH2-4","Ex_DACH2_ITGA9",0.691125862763573
"_CGTTGGGTCATTGCGA-4","Glut-DACH2-2","Ex_DACH2_GRIK4",0.405328155938901
"_CTAACCCTCCGATAAC-4","Glut-DACH2-1","Ex_DACH2_MGAT4C",0.925181715323502
"_CTAACCCTCGCCAGTG-4","Glut-DACH2-4","Ex_DACH2_MGAT4C",0.276175196474648
"_CTAACTTCATAGCACT-4","Glut-DACH2-2","Ex_DACH2_GRIK4",0.291658763135152
"_CTAACTTGTGTGTCCG-4","Glut-DACH2-3","Ex_DACH2_SLIT2",0.498558502666272
"_CTAACTTTCGGTAGGA-4","Glut-DACH2-1","Ex_DACH2_MGAT4C",0.883293650850683
"_CTAAGTGAGAAGCCAC-4","Glut-DACH2-2","Ex_DACH2_GRIK4",0.360218069243003
"_CTAAGTGGTGGATCAG-4","Glut-DACH2-HVCra-Pre","Ex_DACH2_MGAT4C",0.292549095419343
"_CTAAGTGGTTCCGCAG-4","Glut-DACH2-1","Ex_DACH2_MGAT4C",0.73234306217604
"_CTAAGTGTCCGGACGT-4","Glut-DACH2-2","Ex_DACH2_ADAMTS5",0.424850355849122
"_CTAAGTGTCGCAATTG-4","Glut-DACH2-1","Ex_DACH2_GRIK4",0.452784779409894
"_CTAAGTGTCGCTACGG-4","Glut-DACH2-2","Ex_DACH2_MGAT4C",0.678409895380066
"_CTACAGAAGATAGGGA-4","Glut-DACH2-1","Ex_DACH2_MGAT4C",0.626105917573881
"_CTACAGAAGCCGTCGT-4","Glut-DACH2-1","Ex_DACH2_MGAT4C",0.634873091219798
"_CTACATTCACAAGCCC-4","Glut-DACH2-1","Ex_DACH2_MGAT4C",0.597716025678593
"_CTACATTCATAATGCC-4","Glut-DACH2-5","Ex_DACH2_ADAMTS5",0.653892776308449
"_CTACATTGTTCCCACT-4","Glut-DACH2-1","Ex_DACH2_MGAT4C",0.589577586755852
"_CTACCCAAGAAGTCCG-4","Glut-DACH2-1","Ex_DACH2_MGAT4C",0.610695228468638
"_CTACCCAAGTTGCGCC-4","Glut-DACH2-2","Ex_DACH2_MGAT4C",0.390674204787559
"_CTACCCACACAATCTG-4","Glut-DACH2-1","Ex_DACH2_MGAT4C",0.517441561538358
"_CTACCCAGTAGCGTCC-4","Glut-DACH2-4","Ex_DACH2_ITGA9",0.653285129475908
"_CTACCCATCCATCTCG-4","Glut-DACH2-2","Ex_DACH2_MGAT4C",0.738283884728269
"_CTACCTGAGCTACAAA-4","Glut-DACH2-1","Ex_DACH2_NR4A3",0.944330823500635
"_CTACCTGTCCGCAAAT-4","Glut-DACH2-5","Ex_DACH2_ADAMTS5",0.432746659844432
"_CTACGGGAGGAGATAG-4","Glut-DACH2-4","Ex_DACH2_ITGA9",0.620466525889167
"_CTACGGGTCTAGGAAA-4","Glut-DACH2-1","Ex_DACH2_MGAT4C",0.644136217985515
"_CTAGACAAGACGGAAA-4","Glut-DACH2-3","Ex_DACH2_SLIT2",0.868777459363154
"_CTAGACAAGTGGTTCT-4","Glut-DACH2-5","Ex_DACH2_ADAMTS5",0.804502557753332
"_CTAGACAGTCACTCTC-4","Glut-DACH2-2","Ex_DACH2_LHX2",0.543722789932319
"_CTAGACATCATCGGGC-4","Glut-DACH2-2","Ex_DACH2_GRIK4",0.472136430638678
"_CTAGGTAAGATTGCGG-4","Glut-DACH2-3","Ex_DACH2_SLIT2",0.597674357078115
"_CTATAGGAGACTCCGC-4","Glut-DACH2-4","Ex_DACH2_ITGA9",0.41057623574851
"_CTATAGGGTTCGAAGG-4","Glut-DACH2-3","Ex_DACH2_SLIT2",0.626370228842623
"_CTATAGGTCAAATAGG-4","Glut-DACH2-2","Ex_DACH2_GRIK4",0.503439024936019
"_CTATCTACACACTGGC-4","Glut-DACH2-1","Ex_DACH2_MGAT4C",0.745218948131655
"_CTATCTAGTCTCAAGT-4","Glut-DACH2-2","Ex_DACH2_MGAT4C",0.636618812292879
"_CTATCTAGTTCAGCTA-4","Glut-DACH2-3","Ex_DACH2_SLIT2",0.789092066074426
"_CTATCTATCCGATCTC-4","Glut-DACH2-1","Ex_DACH2_GRIK4",0.586824780677797
"_CTATCTATCTGGGCGT-4","Glut-DACH2-1","Ex_DACH2_NR4A3",0.69009313952087
"_CTCAACCAGGTCGTCC-4","Glut-DACH2-2","Ex_DACH2_MGAT4C",0.548833097038214
"_CTCAACCGTACCGTCG-4","Glut-DACH2-2","Ex_DACH2_ADAMTS5",0.499047347760617
"_CTCAACCGTGACCGTC-4","Glut-DACH2-3","Ex_DACH2_SLIT2",0.783451527475446
"_CTCAAGAAGAAAGCGA-4","Glut-DACH2-2","Ex_DACH2_MGAT4C",0.633055895625557
"_CTCAAGACAGATACCT-4","Glut-DACH2-5","Ex_DACH2_ADAMTS5",0.847210060643807
"_CTCAAGATCGGCCTTT-4","Glut-DACH2-3","Ex_DACH2_SLIT2",0.466911370546352
"_CTCAATTAGAGTCTTC-4","Glut-DACH2-3","Ex_DACH2_SLIT2",0.843431247063101
"_CTCAATTAGTTACTCG-4","Glut-DACH2-1","Ex_DACH2_MGAT4C",0.956479575089453
"_CTCAATTAGTTTCGAC-4","Glut-DACH2-2","Ex_DACH2_MGAT4C",0.753009097580535
"_CTCAATTCAACATCGT-4","Glut-DACH2-3","Ex_DACH2_CEMIP",0.420343005967476
"_CTCAGAAAGACGAAGA-4","Glut-DACH2-1","Ex_DACH2_MGAT4C",0.517960585635433
"_CTCAGAAAGCGAGGAG-4","Glut-DACH2-2","Ex_DACH2_MGAT4C",0.399550610004838
"_CTCAGAAAGGTAAGTT-4","Glut-DACH2-1","Ex_DACH2_SLIT2",0.432741136967282
"_CTCAGAAGTGTTCGTA-4","Glut-DACH2-1","Ex_DACH2_ADAMTS5",0.313213772357991
"_CTCAGGGGTCCCTGTT-4","Glut-DACH2-1","Ex_DACH2_LHX2",0.490638341499271
"_CTCAGGGTCATTTGGG-4","Glut-DACH2-3","Ex_DACH2_SLIT2",0.858991777441759
"_CTCAGGGTCCTAGCGG-4","Glut-DACH2-3","Ex_DACH2_SLIT2",0.886644166691794
"_CTCAGGGTCTAAGCCA-4","Glut-DACH2-2","Ex_DACH2_MGAT4C",0.526157956758647
"_CTCAGTCGTCTGTAAC-4","Glut-DACH2-2","Ex_DACH2_MGAT4C",0.675104764603002
"_CTCAGTCGTGGTGATG-4","Glut-DACH2-3","Ex_DACH2_SLIT2",0.91770206480195
"_CTCAGTCTCGGCTCTT-4","Glut-DACH2-3","Ex_DACH2_SLIT2",0.845086388003942
"_CTCATCGCAGACCGCT-4","Glut-DACH2-5","Ex_DACH2_ADAMTS5",0.551909089489252
"_CTCATGCCACTGTCGG-4","Glut-DACH2-3","Ex_DACH2_SLIT2",0.915072871758075
"_CTCATGCGTTCCTAAG-4","Glut-DACH2-1","Ex_DACH2_MGAT4C",0.693058405961494
"_CTCATTACACGCTGTG-4","Glut-DACH2-3","Ex_DACH2_CEMIP",0.931278722512098
"_CTCCAACGTACTAACC-4","Glut-DACH2-5","Ex_DACH2_ADAMTS5",0.73138994243936
"_CTCCAACGTATTTCTC-4","Glut-DACH2-1","Ex_DACH2_MGAT4C",0.58921358849534
"_CTCCAACGTGTGCCTG-4","Glut-DACH2-1","Ex_DACH2_MGAT4C",0.657367325935756
"_CTCCAACGTTGCGTAT-4","Glut-DACH2-1","Ex_DACH2_GRIK4",0.498599452229772
"_CTCCACAAGGGTCTTT-4","Glut-DACH2-3","Ex_DACH2_SLIT2",0.8362302696028
"_CTCCATGAGCAAGTGC-4","Glut-DACH2-2","Ex_DACH2_ADAMTS5",0.274157459853073
"_CTCCCTCAGTGCCGAA-4","Glut-DACH2-2","Ex_DACH2_MGAT4C",0.523741832327859
"_CTCCCTCTCTGAATCG-4","Glut-DACH2-3","Ex_DACH2_SLIT2",0.9299461660272
"_CTCCGATCAAGACAAT-4","Glut-DACH2-3","Ex_DACH2_SLIT2",0.952407845340801
"_CTCCGATTCATAGAGA-4","Glut-DACH2-4","Ex_DACH2_ITGA9",0.666358376697257
"_CTCCTCCAGTCCTGCG-4","Glut-DACH2-3","Ex_DACH2_SLIT2",0.95807214746673
"_CTCCTCCCATGTCGTA-4","Glut-DACH2-2","Ex_DACH2_MGAT4C",0.343603234727344
"_CTCCTCCTCCAGCTCT-4","Glut-DACH2-1","Ex_DACH2_MGAT4C",0.565998120024906
"_CTCCTTTAGACCAACG-4","Glut-DACH2-2","Ex_DACH2_MGAT4C",0.575371680071835
"_CTCCTTTCATCGGATT-4","Glut-DACH2-2","Ex_DACH2_LHX2",0.602484770033211
"_CTCCTTTTCGCTAATG-4","Glut-DACH2-3","Ex_DACH2_SLIT2",0.969881857909514
"_CTCGAGGAGTTAACAG-4","Glut-DACH2-1","Ex_DACH2_MGAT4C",0.565396405316267
"_CTCGAGGGTGTGAGCA-4","Glut-DACH2-2","Ex_DACH2_MGAT4C",0.516416252874513
"_CTCTCAGTCTACTCAT-4","Glut-DACH2-1","Ex_DACH2_ADAMTS5",0.515874138641118
"_CTCTGGTTCATTGTGG-4","Glut-DACH2-1","Ex_DACH2_MGAT4C",0.47288645167288
"_CTGAATGCATGTGCCG-4","Glut-DACH2-3","Ex_DACH2_SLIT2",0.879696307965642
"_CTGAATGTCGGTTAGT-4","Glut-DACH2-3","Ex_DACH2_SLIT2",0.667471421580401
"_CTGAGCGGTACTTCCC-4","Glut-DACH2-3","Ex_DACH2_SLIT2",0.557680762742026
"_CTGAGCGGTTGCTGAT-4","Glut-DACH2-1","Ex_DACH2_MGAT4C",0.606836791887012
"_CTGAGGCAGCTGGTGA-4","Glut-DACH2-1","Ex_DACH2_MGAT4C",0.521370795225609
"_CTGAGGCGTCAAAGCG-4","Glut-DACH2-1","Ex_DACH2_MGAT4C",0.490275935606761
"_CTGATCCTCGATGGAG-4","Glut-DACH2-4","Ex_DACH2_ITGA9",0.664393936247645
"_CTGCAGGCAAATTGGA-4","Glut-DACH2-1","Ex_DACH2_SLIT2",0.283768678423436
"_CTGCAGGCATCTTAGG-4","Glut-DACH2-3","Ex_DACH2_CEMIP",0.826241886531952
"_CTGCAGGCATTCACCC-4","Glut-DACH2-1","Ex_DACH2_LHX2",0.380761900694892
"_CTGCAGGTCCGCAGTG-4","Glut-DACH2-1","Ex_DACH2_MGAT4C",0.687697687032233
"_CTGCATCAGGTTACCT-4","Glut-DACH2-1","Ex_DACH2_MGAT4C",0.939022605893563
"_CTGCCATAGTCCGCCA-4","Glut-DACH2-1","Ex_DACH2_MGAT4C",0.363970317226356
"_CTGCCATCAGATTAAG-4","Glut-DACH2-3","Ex_DACH2_SLIT2",0.849183403134656
"_CTGCCATTCGCTCCTA-4","Glut-DACH2-4","Ex_DACH2_ITGA9",0.581004062249032
"_CTGCCTACAGAGGTTG-4","Glut-DACH2-2","Ex_DACH2_MGAT4C",0.670688453501382
"_CTGCCTAGTATCATGC-4","Glut-DACH2-1","Ex_DACH2_MGAT4C",0.548264602299265
"_CTGCCTATCACCATGA-4","Glut-DACH2-3","Ex_DACH2_SLIT2",0.867649536993378
"_CTGCCTATCCCGAAAT-4","Glut-DACH2-3","Ex_DACH2_SLIT2",0.489780650368594
"_CTGCGAGAGGACCCAA-4","Glut-DACH2-3","Ex_DACH2_SLIT2",0.900799016280075
"_CTGCGAGCACCTCGTT-4","Glut-DACH2-3","Ex_DACH2_SLIT2",0.895175413157441
"_CTGCGAGGTAAGGCCA-4","Glut-DACH2-1","Ex_DACH2_MGAT4C",0.64048543559131
"_CTGCGAGGTGTACGCC-4","Glut-DACH2-3","Ex_DACH2_ITGA9",0.36807338043822
"_CTGCTCACAGGTTCAT-4","Glut-DACH2-3","Ex_DACH2_SLIT2",0.89699525667808
"_CTGGACGAGGCTTAAA-4","Glut-DACH2-4","Ex_DACH2_ITGA9",0.34772230822832
"_CTGGACGTCGAGGCAA-4","Glut-DACH2-4","Ex_DACH2_ITGA9",0.654988276774892
"_CTGGTCTAGATTAGCA-4","Glut-DACH2-1","Ex_DACH2_GRIK4",0.600630721430637
"_CTGGTCTAGGCGAAGG-4","Glut-DACH2-4","Ex_DACH2_NR4A3",0.690057024943033
"_CTGGTCTGTCTTTATC-4","Glut-DACH2-3","Ex_DACH2_SLIT2",0.921952317961908
"_CTGGTCTTCATGAGTC-4","Glut-DACH2-4","Ex_DACH2_SLIT2",0.344835050114188
"_CTGTACCCAGGAATCG-4","Glut-DACH2-3","Ex_DACH2_SLIT2",0.935080602648262
"_CTGTAGATCAGGTGTT-4","Glut-DACH2-1","Ex_DACH2_MGAT4C",0.877861548661452
"_CTGTAGATCGATTTCT-4","Glut-DACH2-1","Ex_DACH2_ITGA9",0.312025020464097
"_CTGTATTAGGGTACGT-4","Glut-DACH2-1","Ex_DACH2_GRIK4",0.494748419181827
"_CTGTATTCACTGTGAT-4","Glut-DACH2-4","Ex_DACH2_ITGA9",0.255440421629818
"_CTGTATTTCTACGGTA-4","Glut-DACH2-1","Ex_DACH2_MGAT4C",0.498263110551725
"_CTGTCGTAGAGTCAGC-4","Glut-DACH2-4","Ex_DACH2_MGAT4C",0.332393543238275
"_CTGTCGTAGATAACAC-4","Glut-DACH2-3","Ex_DACH2_SLIT2",0.494137430765351
"_CTGTCGTCACAGAGAC-4","Glut-DACH2-3","Ex_DACH2_SLIT2",0.457185805297756
"_CTGTCGTCAGCCTACG-4","Glut-DACH2-1","Ex_DACH2_MGAT4C",0.489615085557804
"_CTGTCGTCAGGTATGG-4","Glut-DACH2-2","Ex_DACH2_MGAT4C",0.26508635631839
"_CTGTCGTTCCATTTAC-4","Glut-DACH2-2","Ex_DACH2_ADAMTS5",0.582164290868944
"_CTGTGGGAGTTCCAGT-4","Glut-DACH2-3","Ex_DACH2_SLIT2",0.902614847202516
"_CTGTGGGCAGTCTTCC-4","Glut-DACH2-3","Ex_DACH2_SLIT2",0.937134021861412
"_CTTACCGCACCCTCTA-4","Glut-DACH2-2","Ex_DACH2_MGAT4C",0.761489078485902
"_CTTACCGCATGCAGCC-4","Glut-DACH2-2","Ex_DACH2_MGAT4C",0.659747401541948
"_CTTAGGACAGAACGCA-4","Glut-DACH2-3","Ex_DACH2_SLIT2",0.742313081188913
"_CTTAGGACATTCTCTA-4","Glut-DACH2-1","Ex_DACH2_MGAT4C",0.485942431275769
"_CTTAGGAGTGCCCGTA-4","Glut-DACH2-1","Ex_DACH2_MGAT4C",0.357655422421541
"_CTTCAATAGGATACAT-4","Glut-DACH2-3","Ex_DACH2_GRIK4",0.391050427011946
"_CTTCAATTCAGTGTCA-4","Glut-DACH2-3","Ex_DACH2_SLIT2",0.79916900092483
"_CTTCCGAAGGTGCTTT-4","Glut-DACH2-3","Ex_DACH2_CEMIP",0.733724137025471
"_CTTCCGACACGAGAAC-4","Glut-DACH2-1","Ex_DACH2_GRIK4",0.250264515689426
"_CTTCCGACATCCTCAC-4","Glut-DACH2-4","Ex_DACH2_SLIT2",0.601973289131934
"_CTTCCTTGTTCGAAGG-4","Glut-DACH2-7","Ex_DACH2_MGAT4C",0.705792352618029
"_CTTCCTTTCAAAGACA-4","Glut-DACH2-3","Ex_DACH2_SLIT2",0.98858851635152
"_CTTCGGTTCCGTATGA-4","Glut-DACH2-1","Ex_DACH2_GRIK4",0.415331554191077
"_CTTCGGTTCTCCCATG-4","Glut-DACH2-4","Ex_DACH2_NR4A3",0.274845649364489
"_CTTCTAACAGATCACT-4","Glut-DACH2-2","Ex_DACH2_LUZP2",0.378844742350327
"_CTTCTAATCGCCTTTG-4","Glut-DACH2-2","Ex_DACH2_MGAT4C",0.313002981964833
"_CTTGAGAGTACTAGCT-4","Glut-DACH2-4","Ex_Pre_KCNH7",0.276102060666887
"_CTTGAGAGTATCACCA-4","Glut-DACH2-4","Ex_DACH2_NR4A3",0.452856386577902
"_CTTGAGATCCTGGTCT-4","Glut-DACH2-2","Ex_DACH2_MGAT4C",0.350975335626935
"_CTTGATTAGCATCAGG-4","Glut-DACH2-HVCra-Pre","Ex_DACH2_GRIK4",0.254328880537783
"_CTTGATTCACTACTTT-4","Glut-DACH2-3","Ex_DACH2_CEMIP",0.515001938748023
"_CTTGATTTCAGCATTG-4","Glut-DACH2-1","Ex_DACH2_MGAT4C",0.734706176078393
"_CTTTCGGAGCATAGGC-4","Glut-DACH2-2","Ex_DACH2_MGAT4C",0.501973491893958
"_GAAACCTCATCGCCTT-4","Glut-DACH2-3","Ex_DACH2_SLIT2",0.794096380227031
"_GAAACCTCATGACACT-4","Glut-DACH2-1","Ex_DACH2_MGAT4C",0.453329237799525
"_GAAACCTCATGGCTGC-4","Glut-DACH2-3","Ex_DACH2_SLIT2",0.683275370375533
"_GAAACCTGTTGTTGTG-4","Glut-DACH2-4","Ex_DACH2_ITGA9",0.369097333408893
"_GAAACCTTCAAACTGC-4","Glut-DACH2-3","Ex_DACH2_SLIT2",0.7375048761667
"_GAAACCTTCAGTGTTG-4","Glut-DACH2-1","Ex_DACH2_MGAT4C",0.70274545623055
"_GAAATGAAGATGCGAC-4","Glut-DACH2-1","Ex_DACH2_GRIK4",0.504251119889604
"_GAAATGAAGCTAGTTC-4","Glut-DACH2-3","Ex_DACH2_SLIT2",0.409063672691777
"_GAAATGAAGGCACCAA-4","Glut-DACH2-1","Ex_DACH2_GRIK4",0.315037050682305
"_GAAATGAGTCAGGTGA-4","Glut-DACH2-2","Ex_DACH2_ADAMTS5",0.314059397312533
"_GAACACTAGGATTTGA-4","Glut-DACH2-3","Ex_DACH2_SLIT2",0.819983124943267
"_GAACACTAGGTCATTC-4","Glut-DACH2-3","Ex_DACH2_SLIT2",0.95455208560268
"_GAACACTAGTGATAAC-4","Glut-DACH2-1","Ex_DACH2_MGAT4C",0.545334035069238
"_GAACGTTTCTGTACAG-4","Glut-DACH2-4","Ex_DACH2_MGAT4C",0.330297165496575
"_GAACGTTTCTTTCGAT-4","Glut-DACH2-2","Ex_DACH2_MGAT4C",0.487060291633934
"_GAACTGTAGAGCAGAA-4","Glut-DACH2-4","Ex_DACH2_ITGA9",0.671463485598156
"_GAACTGTAGGGCAACT-4","Glut-DACH2-1","Ex_DACH2_MGAT4C",0.618815867054113
"_GAACTGTGTGCCTGCA-4","Glut-DACH2-2","Ex_DACH2_ADAMTS5",0.413231485569365
"_GAAGCCCCAGGTTCGC-4","Glut-DACH2-1","Ex_DACH2_GRIK4",0.531622758967653
"_GAAGCGAAGCGCCCAT-4","Glut-DACH2-3","Ex_DACH2_SLIT2",0.86914967560954
"_GAAGCGACAAGTACCT-4","Glut-DACH2-3","Ex_DACH2_SLIT2",0.797163843466421
"_GAAGCGATCCGTCCTA-4","Glut-DACH2-1","Ex_DACH2_MGAT4C",0.612246665983639
"_GAAGGGTAGCACCGTC-4","Glut-DACH2-HVCra-Pre","Ex_DACH2_MGAT4C",0.499616474215109
"_GAAGGGTAGGTTCATC-4","Glut-DACH2-3","Ex_DACH2_SLIT2",0.730704420499122
"_GAAGGGTAGTTCATGC-4","Glut-DACH2-1","Ex_DACH2_NR4A3",0.907374702784638
"_GAAGGGTTCACTACTT-4","Glut-DACH2-1","Ex_DACH2_MGAT4C",0.469626262975573
"_GAAGGGTTCGGAGCAA-4","Glut-DACH2-3","Ex_DACH2_SLIT2",0.585342451842805
"_GAAGTAACAAGGGTCA-4","Glut-DACH2-3","Ex_DACH2_SLIT2",0.502927343172771
"_GAAGTAATCTCAGTCC-4","Glut-DACH2-3","Ex_DACH2_SLIT2",0.911267182999975
"_GAATCACGTATCGTAC-4","Glut-DACH2-3","Ex_DACH2_SLIT2",0.949650365714519
"_GAATCGTAGACTCCGC-4","Glut-DACH2-1","Ex_DACH2_MGAT4C",0.468605511275212
"_GACATCAAGGGTATAT-4","Glut-DACH2-1","Ex_DACH2_MGAT4C",0.607354688778487
"_GACATCATCTGCGAGC-4","Glut-DACH2-3","Ex_DACH2_SLIT2",0.740270999491327
"_GACCAATAGAATACAC-4","Glut-DACH2-1","Ex_DACH2_GRIK4",0.390121591324897
"_GACCAATCAACCCTCT-4","Glut-DACH2-3","Ex_DACH2_SLIT2",0.914343307322818
"_GACCAATGTACTCGCG-4","Glut-DACH2-3","Ex_DACH2_SLIT2",0.913425357891344
"_GACCAATTCTACCTTA-4","Glut-DACH2-2","Ex_DACH2_GRIK4",0.666468620740019
"_GACCCAGGTATGGAAT-4","Glut-DACH2-3","Ex_DACH2_SLIT2",0.895276768883196
"_GACCCAGTCACGAGGA-4","Glut-DACH2-1","Ex_DACH2_MGAT4C",0.600045235307242
"_GACCCTTAGTGCAACG-4","Glut-DACH2-3","Ex_DACH2_SLIT2",0.775179833322221
"_GACCCTTAGTTGCCTA-4","Glut-DACH2-1","Ex_DACH2_MGAT4C",0.626660007699116
"_GACCCTTCAACCGTGC-4","Glut-DACH2-2","Ex_DACH2_MGAT4C",0.355116401628016
"_GACCCTTCACGATAGG-4","Glut-DACH2-3","Ex_DACH2_SLIT2",0.739948994957189
"_GACCCTTCAGAACTCT-4","Glut-DACH2-5","Ex_DACH2_ADAMTS5",0.631115503299697
"_GACCGTGCAGCACAAG-4","Glut-DACH2-2","Ex_DACH2_LHX2",0.457964672919431
"_GACCGTGTCACGATAC-4","Glut-DACH2-1","Ex_DACH2_MGAT4C",0.663468942854661
"_GACGTTACACTTCCTG-4","Glut-DACH2-1","Ex_DACH2_GRIK4",0.424667510899072
"_GACGTTAGTGATGAAT-4","Glut-DACH2-2","Ex_DACH2_LUZP2",0.329722059874859
"_GACGTTAGTGCCTTCT-4","Glut-DACH2-3","Ex_DACH2_SLIT2",0.418378764232976
"_GACTATGCAGTGAGCA-4","Glut-DACH2-1","Ex_DACH2_LHX2",0.344760900637553
"_GACTCAACAAACTGCT-4","Glut-DACH2-3","Ex_DACH2_SLIT2",0.843969859827443
"_GACTCTCGTGCACAAG-4","Glut-DACH2-4","Ex_DACH2_ITGA9",0.640781693524246
"_GACTGATAGAAGCCTG-4","Glut-DACH2-2","Ex_DACH2_ADAMTS5",0.259552819007949
"_GACTGATGTGCTTATG-4","Glut-DACH2-2","Ex_DACH2_MGAT4C",0.368122371036206
"_GACTGATGTGGCTCTG-4","Glut-DACH2-3","Ex_DACH2_SLIT2",0.535326282637585
"_GACTTCCAGTACCCTA-4","Glut-DACH2-2","Ex_DACH2_MGAT4C",0.636825595574326
"_GACTTCCTCTTGGCTC-4","Glut-DACH2-3","Ex_DACH2_SLIT2",0.890938665729657
"_GAGACCCCAACAACAA-4","Glut-DACH2-4","Ex_DACH2_ITGA9",0.542889746998811
"_GAGACCCTCTCAACCC-4","Glut-DACH2-1","Ex_DACH2_MGAT4C",0.620487279000312
"_GAGACTTAGAACAAGG-4","Glut-DACH2-3","Ex_DACH2_SLIT2",0.907309185935803
"_GAGACTTGTGGATCGA-4","Glut-DACH2-1","Ex_DACH2_NR4A3",0.986570492488168
"_GAGAGGTCAAACGTGG-4","Glut-DACH2-3","Ex_DACH2_SLIT2",0.877972405899926
"_GAGAGGTCATCTTTCA-4","Glut-DACH2-3","Ex_DACH2_SLIT2",0.790258854569047
"_GAGATGGCACCAGCCA-4","Glut-DACH2-2","Ex_DACH2_GRIK4",0.666897826187964
"_GAGATGGCAGGCCTGT-4","Glut-DACH2-1","Ex_DACH2_MGAT4C",0.638870088930627
"_GAGATGGTCTAGTCAG-4","Glut-DACH2-3","Ex_DACH2_SLIT2",0.483152429595125
"_GAGCCTGAGCTATCCA-4","Glut-DACH2-2","Ex_DACH2_GRIK4",0.343814447921037
"_GAGCCTGAGTCGCGAA-4","Glut-DACH2-2","Ex_DACH2_MGAT4C",0.528973909181088
"_GAGCTGCGTGACAGGT-4","Glut-DACH2-3","Ex_DACH2_SLIT2",0.911942503381566
"_GAGCTGCTCTGGTGGC-4","Glut-DACH2-5","Ex_DACH2_ADAMTS5",0.684445461755302
"_GAGGCAACACGTACTA-4","Glut-DACH2-5","Ex_DACH2_ADAMTS5",0.713294102795887
"_GAGGCAATCGGAGCAA-4","Glut-DACH2-1","Ex_DACH2_MGAT4C",0.661037577943868
"_GAGGCCTGTAAGATTG-4","Glut-DACH2-5","Ex_DACH2_ADAMTS5",0.76350251387109
"_GAGGCCTGTATCGGTT-4","Glut-DACH2-3","Ex_DACH2_SLIT2",0.810822797583656
"_GAGGGATTCAACACCA-4","Glut-DACH2-1","Ex_DACH2_NR4A3",0.78621780315893
"_GAGGGATTCGTGAGAG-4","Glut-DACH2-5","Ex_DACH2_ADAMTS5",0.885527335822049
"_GAGGGTAAGACCTTTG-4","Glut-DACH2-3","Ex_DACH2_SLIT2",0.946510123191704
"_GAGGGTAAGTTGGCTT-4","Glut-DACH2-3","Ex_DACH2_GRIK4",0.392052903868655
"_GAGGGTAGTGACTATC-4","Glut-DACH2-4","Ex_DACH2_ITGA9",0.51454318382403
"_GAGGGTATCGATTGAC-4","Glut-DACH2-1","Ex_DACH2_MGAT4C",0.837427091017418
"_GAGGGTATCGTTCGCT-4","Glut-DACH2-1","Ex_DACH2_NR4A3",0.875956146118588
"_GAGGGTATCTCCGTGT-4","Glut-DACH2-3","Ex_DACH2_SLIT2",0.93456674285533
"_GAGTCATCAAGCCCAC-4","Glut-DACH2-2","Ex_DACH2_ADAMTS5",0.492063064548869
"_GAGTCTACACGGCCAT-4","Glut-DACH2-1","Ex_DACH2_MGAT4C",0.687387153352995
"_GAGTCTAGTCATGCAT-4","Glut-DACH2-1","Ex_DACH2_GRIK4",0.286482260251236
"_GAGTCTAGTCTTGAAC-4","Glut-DACH2-3","Ex_DACH2_SLIT2",0.479365663995494
"_GAGTCTATCCGTGACG-4","Glut-DACH2-3","Ex_DACH2_SLIT2",0.669590462563819
"_GAGTCTATCGCAATGT-4","Glut-DACH2-1","Ex_DACH2_MGAT4C",0.549730257165732
"_GAGTGAGAGCGGTATG-4","Glut-DACH2-1","Ex_DACH2_NR4A3",0.922609033935615
"_GAGTGAGGTACAGAAT-4","Glut-DACH2-3","Ex_DACH2_SLIT2",0.611465652885927
"_GAGTGAGGTCCAGCAC-4","Glut-DACH2-2","Ex_DACH2_LHX2",0.546438622281194
"_GAGTGTTAGATAGTCA-4","Glut-DACH2-3","Ex_DACH2_SLIT2",0.870041916133818
"_GAGTGTTCAGGTGACA-4","Glut-DACH2-2","Ex_DACH2_LHX2",0.595423839822686
"_GAGTGTTCATGACACT-4","Glut-DACH2-2","Ex_DACH2_MGAT4C",0.611404214684383
"_GAGTGTTGTGACGTCC-4","Glut-DACH2-3","Ex_DACH2_SLIT2",0.584906467748234
"_GAGTGTTGTGATTAGA-4","Glut-DACH2-1","Ex_DACH2_MGAT4C",0.752752444498612
"_GAGTGTTGTTGTGTAC-4","Glut-DACH2-1","Ex_DACH2_MGAT4C",0.478511002564384
"_GAGTGTTTCCTCACTG-4","Glut-DACH2-1","Ex_DACH2_NR4A3",0.933274488155144
"_GAGTTTGCACTTGTCC-4","Glut-DACH2-1","Ex_DACH2_GRIK4",0.710316650492154
"_GAGTTTGCAGGCACTC-4","Glut-DACH2-5","Ex_DACH2_ADAMTS5",0.411645175946359
"_GATAGAAGTGAGATAT-4","Glut-DACH2-2","Ex_DACH2_LHX2",0.59917216057861
"_GATAGCTAGTACTGGG-4","Glut-DACH2-2","Ex_DACH2_MGAT4C",0.656374572870951
"_GATAGCTTCCACATAG-4","Glut-DACH2-1","Ex_DACH2_MGAT4C",0.542741729801169
"_GATCACAGTGAATATG-4","Glut-DACH2-1","Ex_DACH2_ADAMTS5",0.569057920244864
"_GATCAGTTCGGCTATA-4","Glut-DACH2-1","Ex_DACH2_MGAT4C",0.742941191927921
"_GATCATGTCAACCTTT-4","Glut-DACH2-1","Ex_DACH2_MGAT4C",0.548470687733851
"_GATCCCTAGGTTAGTA-4","Glut-DACH2-2","Ex_DACH2_MGAT4C",0.467214446597782
"_GATCCCTCACGCTATA-4","Glut-DACH2-1","Ex_DACH2_MGAT4C",0.580094009065083
"_GATCCCTCATTAAAGG-4","Glut-DACH2-4","Ex_DACH2_ITGA9",0.753871687576804
"_GATCGTACAACCCTAA-4","Glut-DACH2-2","Ex_DACH2_MGAT4C",0.367493947430686
"_GATCGTAGTGATACTC-4","Glut-DACH2-1","Ex_DACH2_MGAT4C",0.515263981349134
"_GATGACTAGTCTGCGC-4","Glut-DACH2-3","Ex_DACH2_SLIT2",0.497830984806783
"_GATGACTCATCAGTCA-4","Glut-DACH2-3","Ex_DACH2_ZMAT4",0.573401437744071
"_GATGACTCATTGCAAC-4","Glut-DACH2-2","Ex_DACH2_GRIK4",0.530081703328361
"_GATGAGGGTCCAGTTA-4","Glut-DACH2-3","Ex_DACH2_SLIT2",0.969132090685046
"_GATGAGGGTTAGAAAC-4","Glut-DACH2-1","Ex_DACH2_NR4A3",0.504112860475491
"_GATGATCGTATTCCTT-4","Glut-DACH2-3","Ex_DACH2_SLIT2",0.740948757633845
"_GATGATCGTCGATTCA-4","Glut-DACH2-2","Ex_DACH2_MGAT4C",0.335919154898319
"_GATGATCTCGCCACTT-4","Glut-DACH2-1","Ex_DACH2_GRIK4",0.640003280055219
"_GATGCTACACCATAAC-4","Glut-DACH2-3","Ex_DACH2_SLIT2",0.822848732708085
"_GATGCTAGTATGGTTC-4","Glut-DACH2-2","Ex_DACH2_GRIK4",0.332000622764911
"_GATGCTAGTCTTCGAA-4","Glut-DACH2-5","Ex_DACH2_ADAMTS5",0.876098911468415
"_GATGGAGGTTTACTGG-4","Glut-DACH2-5","Ex_DACH2_ADAMTS5",0.683080871216442
"_GATGTTGAGTACGAGC-4","Glut-DACH2-3","Ex_DACH2_SLIT2",0.934661570420984
"_GATTCGAAGAAAGTCT-4","Glut-DACH2-1","Ex_DACH2_ADAMTS5",0.524748879983008
"_GATTCTTGTCGAGTGA-4","Glut-DACH2-1","Ex_DACH2_MGAT4C",0.507127149462024
"_GATTCTTGTTCCGCTT-4","Glut-DACH2-3","Ex_DACH2_NR4A3",0.553498109101406
"_GATTGGTCAACAGATA-4","Glut-DACH2-1","Ex_DACH2_NR4A3",0.971114342146348
"_GATTGGTCAGCTTCCT-4","Glut-DACH2-3","Ex_DACH2_SLIT2",0.978031702084162
"_GATTGGTCATCCGATA-4","Glut-DACH2-2","Ex_DACH2_MGAT4C",0.318138622798216
"_GATTGGTGTCACGTGC-4","Glut-DACH2-3","Ex_DACH2_SLIT2",0.984030244240283
"_GATTGGTTCCGAAGGA-4","Glut-DACH2-2","Ex_DACH2_LHX2",0.756996580741782
"_GATTTCTAGTTGGGAC-4","Glut-DACH2-3","Ex_DACH2_SLIT2",0.540539676839546
"_GATTTCTCAAAGCACG-4","Glut-DACH2-1","Ex_DACH2_MGAT4C",0.744718599053857
"_GATTTCTCAATTGCGT-4","Glut-DACH2-2","Ex_DACH2_MGAT4C",0.64957351188607
"_GATTTCTTCGTCCATC-4","Glut-DACH2-1","Ex_DACH2_MGAT4C",0.446563995308516
"_GCAACATAGAGCACTG-4","Glut-DACH2-1","Ex_DACH2_MGAT4C",0.755064675756455
"_GCAACATAGGTTGCCC-4","Glut-DACH2-3","Ex_DACH2_ZMAT4",0.815125807459402
"_GCAACATTCTGCATGA-4","Glut-DACH2-1","Ex_DACH2_MGAT4C",0.743928891508354
"_GCAACCGCAGTCGGAA-4","Glut-DACH2-3","Ex_DACH2_SLIT2",0.891685309221782
"_GCACATAAGATAACAC-4","Glut-DACH2-3","Ex_DACH2_SLIT2",0.957335546360675
"_GCACATATCAACTACG-4","Glut-DACH2-3","Ex_DACH2_SLIT2",0.611508187352054
"_GCACGGTAGCGCTGAA-4","Glut-DACH2-3","Ex_DACH2_SLIT2",0.888842691212428
"_GCACGGTAGGTTGAGC-4","Glut-DACH2-3","Ex_DACH2_ZMAT4",0.452153941295289
"_GCACGGTCAGACCTGC-4","Glut-DACH2-3","Ex_DACH2_SLIT2",0.42122797575889
"_GCACGGTTCAAAGGTA-4","Glut-DACH2-1","Ex_DACH2_MGAT4C",0.788276141784909
"_GCACGGTTCAGTCACA-4","Glut-DACH2-5","Ex_DACH2_LHX2",0.375808802188472
"_GCACGGTTCATGTCTT-4","Glut-DACH2-4","Ex_DACH2_ITGA9",0.511365533607971
"_GCACGGTTCTACCTTA-4","Glut-DACH2-3","Ex_DACH2_ZMAT4",0.811339266378115
"_GCACGTGGTTACGATC-4","Glut-DACH2-3","Ex_DACH2_SLIT2",0.709781921383908
"_GCACGTGTCAGCTCTC-4","Glut-DACH2-1","Ex_DACH2_MGAT4C",0.79599370247395
"_GCACGTGTCCGATAAC-4","Glut-DACH2-3","Ex_DACH2_SLIT2",0.75444681311127
"_GCACGTGTCCTACTGC-4","Glut-DACH2-3","Ex_DACH2_SLIT2",0.426971647858401
"_GCACTAAGTAGTCCTA-4","Glut-DACH2-1","Ex_DACH2_LUZP2",0.379759751716516
"_GCACTAAGTCGTCATA-4","Glut-DACH2-5","Ex_DACH2_MGAT4C",0.674687645185526
"_GCAGCCACATTATGCG-4","Glut-DACH2-2","Ex_DACH2_MGAT4C",0.463230370647764
"_GCAGCCAGTTTACCTT-4","Glut-DACH2-3","Ex_DACH2_SLIT2",0.960866399228601
"_GCAGCCATCGTTCGCT-4","Glut-DACH2-4","Ex_DACH2_ZMAT4",0.399230568740481
"_GCAGCTGAGACCCGCT-4","Glut-DACH2-2","Ex_DACH2_MGAT4C",0.401746975948302
"_GCAGCTGGTGTACAGG-4","Glut-DACH2-3","Ex_DACH2_SLIT2",0.954546934611563
"_GCAGCTGTCAAGTCTG-4","Glut-DACH2-5","Ex_DACH2_ADAMTS5",0.813751083772029
"_GCAGGCTGTGACACGA-4","Glut-DACH2-3","Ex_DACH2_SLIT2",0.607827378851085
"_GCAGTTACAGTGGGTA-4","Glut-DACH2-4","Ex_DACH2_MGAT4C",0.303962140764199
"_GCAGTTAGTCGTGGAA-4","Glut-DACH2-1","Ex_DACH2_MGAT4C",0.637797162395212
"_GCAGTTATCACGAGGA-4","Glut-DACH2-4","Ex_DACH2_ITGA9",0.67583976532043
"_GCATCGGCATGGACAG-4","Glut-DACH2-2","Ex_DACH2_MGAT4C",0.349496306605838
"_GCATCGGGTTCCACAA-4","Glut-DACH2-HVCra-Pre","Ex_DACH2_MGAT4C",0.404964055581073
"_GCATCGGTCCACAGGC-4","Glut-DACH2-2","Ex_DACH2_MGAT4C",0.487820262039243
"_GCATCGGTCCACTTCG-4","Glut-DACH2-3","Ex_DACH2_ZMAT4",0.819196067467716
"_GCATCTCTCCTGTAGA-4","Glut-DACH2-1","Ex_DACH2_MGAT4C",0.719436125092041
"_GCATGATCAAGAGTGC-4","Glut-DACH2-3","Ex_DACH2_SLIT2",0.969802468871234
"_GCATGATCAATTCGTG-4","Glut-DACH2-3","Ex_DACH2_SLIT2",0.857711297190128
"_GCATGATCACAAACGG-4","Glut-DACH2-2","Ex_DACH2_MGAT4C",0.394159233684535
"_GCATTAGCATCTGGGC-4","Glut-DACH2-2","Ex_DACH2_GRIK4",0.295723384224814
"_GCCAGCAAGTAACCGG-4","Glut-DACH2-1","Ex_DACH2_MGAT4C",0.792294725513868
"_GCCAGCAGTAAGCGGT-4","Glut-DACH2-2","Ex_DACH2_MGAT4C",0.320184129429533
"_GCCAGCAGTCAAATCC-4","Glut-DACH2-2","Ex_DACH2_GRIK4",0.478679962315211
"_GCCAGCATCCGGTTCT-4","Glut-DACH2-1","Ex_DACH2_GRIK4",0.504334349483063
"_GCCAGGTAGTGAGTGC-4","Glut-DACH2-1","Ex_DACH2_MGAT4C",0.243294365989353
"_GCCAGGTCAGAGGTTG-4","Glut-DACH2-3","Ex_DACH2_SLIT2",0.927684097915493
"_GCCAGGTCAGCGTATT-4","Glut-DACH2-3","Ex_DACH2_SLIT2",0.935575073736433
"_GCCAGGTCATGACGAG-4","Glut-DACH2-3","Ex_DACH2_SLIT2",0.779939525691658
"_GCCAGGTCATGGCCAC-4","Glut-DACH2-3","Ex_DACH2_SLIT2",0.72677861662932
"_GCCAGGTTCACGACTA-4","Glut-DACH2-4","Ex_DACH2_ITGA9",0.369318726323136
"_GCCATGGGTAGGTCAG-4","Glut-DACH2-3","Ex_DACH2_SLIT2",0.396534514074127
"_GCCATGGGTCTCGCGA-4","Glut-DACH2-2","Ex_DACH2_MGAT4C",0.698668660795146
"_GCCATGGGTGATGTAA-4","Glut-DACH2-1","Ex_DACH2_LHX2",0.645543532521143
"_GCCATGGTCCAGCAAT-4","Glut-DACH2-4","Ex_DACH2_ITGA9",0.46906973582446
"_GCCATTCCAAATTAGG-4","Glut-DACH2-3","Ex_DACH2_SLIT2",0.64082549006808
"_GCCATTCGTCCAATCA-4","Glut-DACH2-2","Ex_DACH2_LHX2",0.47478418067373
"_GCCCAGATCTGTCAGA-4","Glut-DACH2-4","Ex_DACH2_SLIT2",0.281889684046222
"_GCCCGAAAGCTTTGTG-4","Glut-DACH2-3","Ex_DACH2_SLIT2",0.782476005838005
"_GCCCGAACACCGTGGT-4","Glut-DACH2-2","Ex_DACH2_ADAMTS5",0.401219583678411
"_GCCCGAACACTATCCC-4","Glut-DACH2-3","Ex_DACH2_SLIT2",0.920104914066419
"_GCCCGAATCCCTGGTT-4","Glut-DACH2-4","Ex_DACH2_SLIT2",0.358665915332386
"_GCCGTGACACTGGCGT-4","Glut-DACH2-3","Ex_DACH2_ZMAT4",0.471220191822739
"_GCCGTGAGTGTACGCC-4","Glut-DACH2-3","Ex_DACH2_SLIT2",0.667111031373602
"_GCCGTGATCAGCTCTC-4","Glut-DACH2-3","Ex_DACH2_SLIT2",0.980787014795287
"_GCCGTGATCCCGATCT-4","Glut-DACH2-3","Ex_DACH2_SLIT2",0.784131865239247
"_GCCGTGATCTGGGCAC-4","Glut-DACH2-1","Ex_DACH2_MGAT4C",0.392405667934366
"_GCCGTGATCTGGTCAA-4","Glut-DACH2-3","Ex_DACH2_SLIT2",0.896312701329882
"_GCGAGAAAGGCCTGCT-4","Glut-DACH2-5","Ex_DACH2_ADAMTS5",0.769814019809044
"_GCGAGAACAACCGGAA-4","Glut-DACH2-2","Ex_DACH2_MGAT4C",0.338374522334376
"_GCGAGAACAGTGTACT-4","Glut-DACH2-2","Ex_DACH2_NR4A3",0.403573410886285
"_GCGAGAACATAATGCC-4","Glut-DACH2-3","Ex_DACH2_ITGA9",0.386532794824965
"_GCGAGAAGTGGATACG-4","Glut-DACH2-1","Ex_DACH2_MGAT4C",0.747062112740994
"_GCGAGAAGTGGCAACA-4","Glut-DACH2-1","Ex_DACH2_MGAT4C",0.634523458581705
"_GCGAGAATCATAAGGA-4","Glut-DACH2-4","Ex_DACH2_ITGA9",0.512677138253954
"_GCGATCGGTGGTCAAG-4","Glut-DACH2-1","Ex_DACH2_MGAT4C",0.559234960636664
"_GCGATCGTCCATCTAT-4","Glut-DACH2-1","Ex_DACH2_MGAT4C",0.897364212660767
"_GCGATCGTCGGACCAC-4","Glut-DACH2-3","Ex_DACH2_SLIT2",0.340118289125875
"_GCGGAAAAGGTTCATC-4","Glut-DACH2-5","Ex_DACH2_ADAMTS5",0.860837680143918
"_GCGGAAAAGTGTTCCA-4","Glut-DACH2-2","Ex_DACH2_MGAT4C",0.487843596878213
"_GCGGAAAGTACCCGAC-4","Glut-DACH2-1","Ex_DACH2_MGAT4C",0.888087013389825
"_GCGGAAAGTATACCTG-4","Glut-DACH2-7","Ex_DACH2_MGAT4C",0.444379100859964
"_GCGGAAATCCTTGACC-4","Glut-DACH2-1","Ex_DACH2_MGAT4C",0.812789891341328
"_GCGGAAATCTCCGAGG-4","Glut-DACH2-2","Ex_DACH2_GRIK4",0.479808956688599
"_GCGGATCTCGAAATCC-4","Glut-DACH2-1","Ex_DACH2_MGAT4C",0.689931850739518
"_GCGTGCAGTCGATTAC-4","Glut-DACH2-3","Ex_DACH2_SLIT2",0.606829276569631
"_GCGTTTCAGCCGAATG-4","Glut-DACH2-3","Ex_DACH2_SLIT2",0.946195359394948
"_GCGTTTCGTCTTACAG-4","Glut-DACH2-3","Ex_DACH2_SLIT2",0.933319370422224
"_GCTACAAAGGGAGGCA-4","Glut-DACH2-1","Ex_DACH2_MGAT4C",0.843912715163045
"_GCTACAAAGTAACCGG-4","Glut-DACH2-1","Ex_DACH2_MGAT4C",0.836112135418863
"_GCTACAATCCTGGCTT-4","Glut-DACH2-2","Ex_DACH2_ADAMTS5",0.68760895720667
"_GCTACCTCAAGTTTGC-4","Glut-DACH2-2","Ex_DACH2_ADAMTS5",0.488830016860399
"_GCTACCTCATGCAGGA-4","Glut-DACH2-2","Ex_DACH2_LHX2",0.373787961349421
"_GCTACCTGTATCCCAA-4","Glut-DACH2-2","Ex_DACH2_GRIK4",0.806692430734416
"_GCTCAAAAGCTCGCAC-4","Glut-DACH2-1","Ex_DACH2_NR4A3",0.876117608850674
"_GCTCAAAGTGGCAGAT-4","Glut-DACH2-2","Ex_DACH2_ADAMTS5",0.573238790286168
"_GCTCAAAGTTGCGAAG-4","Glut-DACH2-3","Ex_DACH2_SLIT2",0.830656366930552
"_GCTGAATCATCCGTTC-4","Glut-DACH2-1","Ex_DACH2_MGAT4C",0.401906403372834
"_GCTGAATGTCCTCCAT-4","Glut-DACH2-3","Ex_DACH2_SLIT2",0.872022542248526
"_GCTGCAGTCTCGCCTA-4","Glut-DACH2-1","Ex_DACH2_MGAT4C",0.832143259140656
"_GCTGGGTAGTAGTCTC-4","Glut-DACH2-3","Ex_DACH2_NR4A3",0.436950984412298
"_GCTGGGTCAGCAGATG-4","Glut-DACH2-1","Ex_DACH2_MGAT4C",0.747782856436922
"_GCTGGGTGTTAGGACG-4","Glut-DACH2-4","Ex_DACH2_ITGA9",0.698327913856164
"_GCTTCACAGTTGCGCC-4","Glut-DACH2-3","Ex_DACH2_SLIT2",0.977534767092818
"_GCTTCACTCAGGGATG-4","Glut-DACH2-3","Ex_DACH2_SLIT2",0.787470914543376
"_GCTTCACTCTAGCAAC-4","Glut-DACH2-3","Ex_DACH2_SLIT2",0.307716389447326
"_GCTTGGGCATCGCTAA-4","Glut-DACH2-3","Ex_DACH2_SLIT2",0.956434632591083
"_GCTTGGGGTGAGCCAA-4","Glut-DACH2-2","Ex_DACH2_MGAT4C",0.458254051965065
"_GCTTTCGAGCAATTCC-4","Glut-DACH2-2","Ex_DACH2_MGAT4C",0.464255792980353
"_GCTTTCGCAGCTCCTT-4","Glut-DACH2-1","Ex_DACH2_MGAT4C",0.771133450778189
"_GGAACCCAGTGTCATC-4","Glut-DACH2-2","Ex_DACH2_LHX2",0.405350775188303
"_GGAACCCCACAGTGTT-4","Glut-DACH2-3","Ex_DACH2_SLIT2",0.948910060669239
"_GGAACCCCAGGGATAC-4","Glut-DACH2-4","Ex_DACH2_ITGA9",0.456068943804253
"_GGAACCCGTACTTGTG-4","Glut-DACH2-3","Ex_DACH2_SLIT2",0.910923584267603
"_GGAAGTGAGTGCAAAT-4","Glut-DACH2-3","Ex_DACH2_SLIT2",0.658023040265224
"_GGAAGTGCAGACCTGC-4","Glut-DACH2-1","Ex_DACH2_MGAT4C",0.596602076938287
"_GGAAGTGCATCCGATA-4","Glut-DACH2-1","Ex_DACH2_GRIK4",0.628652850038025
"_GGAATCTAGGTTGGAC-4","Glut-DACH2-1","Ex_DACH2_MGAT4C",0.629593150479598
"_GGAATCTTCGCCTAGG-4","Glut-DACH2-3","Ex_DACH2_SLIT2",0.917143239962003
"_GGACGTCAGGTAGTCG-4","Glut-DACH2-1","Ex_DACH2_MGAT4C",0.604745551578763
"_GGAGAACGTCTCGGGT-4","Glut-DACH2-1","Ex_DACH2_MGAT4C",0.566840249125941
"_GGAGCAAGTTACCTTT-4","Glut-DACH2-3","Ex_DACH2_SLIT2",0.334502169777339
"_GGAGCAATCCCGGTAG-4","Glut-DACH2-1","Ex_DACH2_MGAT4C",0.735531137270443
"_GGAGGATCAAGTTTGC-4","Glut-DACH2-2","Ex_DACH2_LHX2",0.607305898956339
"_GGAGGATGTTAGTTCG-4","Glut-DACH2-3","Ex_DACH2_SLIT2",0.945630227326742
"_GGAGGTAAGACAAGCC-4","Glut-DACH2-HVCra-Pre","Ex_DACH2_MGAT4C",0.48975281760618
"_GGAGGTACACTAGAGG-4","Glut-DACH2-2","Ex_DACH2_MGAT4C",0.59713072865716
"_GGATCTAAGTCCTGCG-4","Glut-DACH2-HVCra-Pre","Ex_DACH2_MGAT4C",0.536576646138866
"_GGATCTAAGTGAGCCA-4","Glut-DACH2-1","Ex_DACH2_MGAT4C",0.676058963538732
"_GGATCTACAACCGTGC-4","Glut-DACH2-3","Ex_DACH2_SLIT2",0.545987097878739
"_GGATGTTGTCAAACGG-4","Glut-DACH2-3","Ex_DACH2_ZMAT4",0.374368455109961
"_GGCACGTTCGTTCCTG-4","Glut-DACH2-3","Ex_DACH2_SLIT2",0.437988619922495
"_GGCAGTCGTCGAGATG-4","Glut-DACH2-1","Ex_DACH2_GRIK4",0.295269846502694
"_GGCAGTCGTGCCTATA-4","Glut-DACH2-7","Ex_BCL6",0.357850367396138
"_GGCGTCAAGTTGGCTT-4","Glut-DACH2-1","Ex_DACH2_MGAT4C",0.329630444144943
"_GGCTGTGCATTGTGCA-4","Glut-DACH2-1","Ex_DACH2_MGAT4C",0.447376578298227
"_GGCTGTGGTATGAGAT-4","Glut-DACH2-2","Ex_DACH2_MGAT4C",0.549335211825159
"_GGCTGTGGTTGGGTAG-4","Glut-DACH2-2","Ex_DACH2_MGAT4C",0.691038246051634
"_GGCTGTGTCAGCTTCC-4","Glut-DACH2-1","Ex_DACH2_MGAT4C",0.607519489275285
"_GGCTTGGAGGGCAACT-4","Glut-DACH2-3","Ex_DACH2_SLIT2",0.903213637674277
"_GGCTTGGTCCACTGAA-4","Glut-DACH2-3","Ex_DACH2_SLIT2",0.87809036621274
"_GGCTTGGTCGCATAGT-4","Glut-DACH2-3","Ex_DACH2_SLIT2",0.828057405453485
"_GGGACAACACTAGAGG-4","Glut-DACH2-4","Ex_DACH2_ITGA9",0.477711833210811
"_GGGACAAGTGACCTGC-4","Glut-DACH2-3","Ex_DACH2_SLIT2",0.411180084433283
"_GGGACCTAGTGGCGAT-4","Glut-DACH2-1","Ex_DACH2_MGAT4C",0.66960933167785
"_GGGACCTCAAACTCGT-4","Glut-DACH2-3","Ex_DACH2_SLIT2",0.441979327713868
"_GGGACCTCACAAAGCG-4","Glut-DACH2-3","Ex_DACH2_ADAMTS5",0.259390576142321
"_GGGAGATTCATACAGC-4","Glut-DACH2-2","Ex_DACH2_LUZP2",0.330960618109744
"_GGGATCCCAAATGAGT-4","Glut-DACH2-2","Ex_DACH2_GRIK4",0.462663673049641
"_GGGATCCCACTACAGT-4","Glut-DACH2-1","Ex_DACH2_MGAT4C",0.3970898493411
"_GGGATCCCATCGGTTA-4","Glut-DACH2-2","Ex_DACH2_ADAMTS5",0.474818447844965
"_GGGATCCGTAACGTTC-4","Glut-DACH2-5","Ex_DACH2_ADAMTS5",0.395556545433958
"_GGGATCCTCCTGCTAC-4","Glut-DACH2-2","Ex_DACH2_MGAT4C",0.456540631157324
"_GGGATGAAGATTCGAA-4","Glut-DACH2-3","Ex_DACH2_CEMIP",0.438436819403209
"_GGGATGAGTCGATTCA-4","Glut-DACH2-2","Ex_DACH2_MGAT4C",0.441636596936528
"_GGGCCATAGAAAGTCT-4","Glut-DACH2-3","Ex_DACH2_SLIT2",0.911312656830272
"_GGGCCATGTAGCTAAA-4","Glut-DACH2-1","Ex_DACH2_GRIK4",0.631343567389515
"_GGGCCATGTCCAGGTC-4","Glut-DACH2-1","Ex_DACH2_GRIK4",0.329610434975615
"_GGGCCATGTTTGGAGG-4","Glut-DACH2-1","Ex_DACH2_MGAT4C",0.581452121917348
"_GGGCTACGTGGCGCTT-4","Glut-DACH2-5","Ex_DACH2_NR4A3",0.541899802108315
"_GGGTAGAGTCCGCAGT-4","Glut-DACH2-1","Ex_DACH2_MGAT4C",0.620791134965579
"_GGGTATTAGATGTTAG-4","Glut-DACH2-3","Ex_DACH2_ZMAT4",0.711224241352785
"_GGGTATTAGCCGATAG-4","Glut-DACH2-3","Ex_DACH2_SLIT2",0.768687716012682
"_GGGTCACGTACCCGAC-4","Glut-DACH2-3","Ex_DACH2_SLIT2",0.91605837926884
"_GGGTCACGTTAGAAAC-4","Glut-DACH2-2","Ex_DACH2_MGAT4C",0.325450261083702
"_GGGTCTGAGCACCAGA-4","Glut-DACH2-2","Ex_DACH2_MGAT4C",0.682225596597628
"_GGGTCTGGTAGAGTTA-4","Glut-DACH2-1","Ex_DACH2_GRIK4",0.59930431628658
"_GGGTCTGTCACCTCGT-4","Glut-DACH2-3","Ex_DACH2_SLIT2",0.783573881364383
"_GGGTGTCAGGCCTAAG-4","Glut-DACH2-4","Ex_DACH2_ITGA9",0.46522841326721
"_GGGTTATTCACTGTCC-4","Glut-DACH2-2","Ex_DACH2_LUZP2",0.526920731778496
"_GGGTTTACACCTGTCT-4","Glut-DACH2-4","Ex_DACH2_ITGA9",0.578897233903204
"_GGTAACTAGGTTCAGG-4","Glut-DACH2-3","Ex_DACH2_SLIT2",0.556777989215024
"_GGTAACTAGTTGCCCG-4","Glut-DACH2-1","Ex_DACH2_MGAT4C",0.534867014389438
"_GGTAACTCAGACCAGA-4","Glut-DACH2-1","Ex_DACH2_MGAT4C",0.792545504040262
"_GGTAACTCATCGGTTA-4","Glut-DACH2-3","Ex_CACNA1H_MCTP2",0.406437424370027
"_GGTAACTGTGTAAACA-4","Glut-DACH2-3","Ex_DACH2_CEMIP",0.953427724708923
"_GGTAGAGAGGCAGGGA-4","Glut-DACH2-4","Ex_DACH2_ITGA9",0.583909684635658
"_GGTAGAGCATGGAGAC-4","Glut-DACH2-2","Ex_DACH2_MGAT4C",0.512482041725061
"_GGTAGAGGTTGCTCGG-4","Glut-DACH2-3","Ex_DACH2_SLIT2",0.896610115484928
"_GGTAGAGTCGTCAACA-4","Glut-DACH2-4","Ex_DACH2_ITGA9",0.457627024977535
"_GGTCACGAGCGTTCAT-4","Glut-DACH2-3","Ex_DACH2_SLIT2",0.942080764946494
"_GGTCACGCATCCCGTT-4","Glut-DACH2-3","Ex_DACH2_ZMAT4",0.477818177763565
"_GGTCTGGTCTGAACGT-4","Glut-DACH2-1","Ex_DACH2_ITGA9",0.383453315450206
"_GGTGATTTCCTAAACG-4","Glut-DACH2-3","Ex_DACH2_ZMAT4",0.36769678109016
"_GGTGGCTAGCACGTCC-4","Glut-DACH2-4","Ex_DACH2_ITGA9",0.528740248714447
"_GGTGGCTAGCGACTAG-4","Glut-DACH2-2","Ex_DACH2_LHX2",0.562198653111887
"_GGTGGCTTCAACCGAT-4","Glut-DACH2-3","Ex_DACH2_SLIT2",0.785662929824164
"_GGTGTCGAGAAGTGTT-4","Glut-DACH2-3","Ex_DACH2_SLIT2",0.446292226024533
"_GGTGTCGCACGTCGTG-4","Glut-DACH2-3","Ex_DACH2_ITGA9",0.442570318187431
"_GGTGTCGTCTGTCTCG-4","Glut-DACH2-3","Ex_DACH2_SLIT2",0.664964488476056
"_GGTGTCGTCTTGCGCT-4","Glut-DACH2-2","Ex_DACH2_MGAT4C",0.468040104895577
"_GGTGTTAGTAGTGGCA-4","Glut-DACH2-1","Ex_DACH2_ADAMTS5",0.861168322262713
"_GGTGTTAGTGCCTTTC-4","Glut-DACH2-1","Ex_DACH2_GRIK4",0.379302008661457
"_GGTTAACAGAATAACC-4","Glut-DACH2-1","Ex_DACH2_MGAT4C",0.591074305681369
"_GGTTCTCAGCGGGTAT-4","Glut-DACH2-1","Ex_DACH2_NR4A3",0.663912191353392
"_GGTTCTCCAGACAAAT-4","Glut-DACH2-1","Ex_DACH2_MGAT4C",0.502591470256791
"_GGTTCTCGTCCGAAGA-4","Glut-DACH2-2","Ex_DACH2_MGAT4C",0.535071236073033
"_GGTTCTCGTCTAGTGT-4","Glut-DACH2-2","Ex_DACH2_MGAT4C",0.699161919641797
"_GGTTGTAGTCTACACA-4","Glut-DACH2-1","Ex_DACH2_MGAT4C",0.541376895003085
"_GGTTGTAGTGGATCAG-4","Glut-DACH2-4","Ex_DACH2_ITGA9",0.386364493132832
"_GTAACACGTCGGTAAG-4","Glut-DACH2-1","Ex_DACH2_GRIK4",0.676701566589919
"_GTAAGTCTCACAGAGG-4","Glut-DACH2-3","Ex_DACH2_ZMAT4",0.543663276816483
"_GTAAGTCTCCCGTAAA-4","Glut-DACH2-3","Ex_DACH2_SLIT2",0.856518447507047
"_GTAATCGCACACGCCA-4","Glut-DACH2-2","Ex_DACH2_LHX2",0.267009685254806
"_GTAATCGGTAACCCTA-4","Glut-DACH2-1","Ex_DACH2_GRIK4",0.616762326136513
"_GTAATGCAGATGGTCG-4","Glut-DACH2-2","Ex_DACH2_MGAT4C",0.384764296014267
"_GTAATGCAGCGTGCCT-4","Glut-DACH2-1","Ex_DACH2_MGAT4C",0.700597108197334
"_GTAATGCAGGTTGTTC-4","Glut-DACH2-5","Ex_DACH2_ADAMTS5",0.752984144005604
"_GTAATGCCAGGTCTCG-4","Glut-DACH2-3","Ex_DACH2_SLIT2",0.969935026484742
"_GTAATGCTCGCCTTGT-4","Glut-DACH2-3","Ex_DACH2_SLIT2",0.798954882183602
"_GTAATGCTCTCAGTCC-4","Glut-DACH2-2","Ex_DACH2_MGAT4C",0.543968816882757
"_GTACAACAGACGGATC-4","Glut-DACH2-4","Ex_DACH2_ITGA9",0.537057537608034
"_GTACAACAGCGTTCAT-4","Glut-DACH2-3","Ex_DACH2_SLIT2",0.515713652332757
"_GTACAGTAGTGAATAC-4","Glut-DACH2-HVCra-Pre","Ex_DACH2_MGAT4C",0.517488488881038
"_GTACAGTGTCGTACAT-4","Glut-DACH2-4","Ex_DACH2_ITGA9",0.57648835724349
"_GTACAGTTCCGATGCG-4","Glut-DACH2-1","Ex_DACH2_GRIK4",0.471709431733204
"_GTAGAAACAAGGCGTA-4","Glut-DACH2-3","Ex_DACH2_CEMIP",0.418460560922402
"_GTAGAAACACTATGTG-4","Glut-DACH2-3","Ex_DACH2_SLIT2",0.443874433472248
"_GTAGAGGAGATCCTAC-4","Glut-DACH2-1","Ex_DACH2_MGAT4C",0.472063978025794
"_GTAGAGGAGGTCTTTG-4","Glut-DACH2-2","Ex_DACH2_LHX2",0.587912894166793
"_GTAGATCGTGATTCTG-4","Glut-DACH2-1","Ex_DACH2_MGAT4C",0.608465986283364
"_GTAGATCTCTCCGTGT-4","Glut-DACH2-3","Ex_DACH2_SLIT2",0.905746534679638
"_GTAGCTACAGCGACAA-4","Glut-DACH2-2","Ex_DACH2_SLIT2",0.390710717524039
"_GTAGGAGCATCGAAGG-4","Glut-DACH2-3","Ex_DACH2_SLIT2",0.824506591273833
"_GTAGGTTCACCATTCC-4","Glut-DACH2-1","Ex_DACH2_MGAT4C",0.727762674552719
"_GTAGGTTCACGTACTA-4","Glut-DACH2-1","Ex_DACH2_MGAT4C",0.315013717491046
"_GTAGGTTTCATTACTC-4","Glut-DACH2-5","Ex_DACH2_MGAT4C",0.277296576543224
"_GTATTGGAGTGCTCAT-4","Glut-DACH2-4","Ex_DACH2_ITGA9",0.521197753435971
"_GTATTGGGTATCAGCT-4","Glut-DACH2-HVCra-Pre","Ex_DACH2_GRIK4",0.401954434887794
"_GTATTTCAGCGAACTG-4","Glut-DACH2-4","Ex_DACH2_ITGA9",0.751817687357398
"_GTCAAACAGGTGATCG-4","Glut-DACH2-3","Ex_DACH2_SLIT2",0.892684224084608
"_GTCAAACCATATGGCT-4","Glut-DACH2-4","Ex_DACH2_ITGA9",0.592019026047487
"_GTCAAACTCCGGTAGC-4","Glut-DACH2-1","Ex_DACH2_MGAT4C",0.463962258011922
"_GTCAAGTAGCTAGATA-4","Glut-DACH2-2","Ex_DACH2_ADAMTS5",0.812310001882614
"_GTCACGGGTCGTTGCG-4","Glut-DACH2-3","Ex_DACH2_ZMAT4",0.491454141978604
"_GTCACGGTCCACGGGT-4","Glut-DACH2-3","Ex_DACH2_SLIT2",0.747449515282461
"_GTCACTCAGCCTGTCG-4","Glut-DACH2-3","Ex_DACH2_SLIT2",0.505392796114481
"_GTCACTCCACGTAGAG-4","Glut-DACH2-2","Ex_DACH2_LHX2",0.432936666688758
"_GTCACTCTCTACACAG-4","Glut-DACH2-3","Ex_DACH2_SLIT2",0.719015890712765
"_GTCAGCGGTAGTGGCA-4","Glut-DACH2-3","Ex_DACH2_SLIT2",0.841402452688439
"_GTCAGCGGTTTCACAG-4","Glut-DACH2-1","Ex_DACH2_MGAT4C",0.825489979331514
"_GTCATCCAGACCGTTT-4","Glut-DACH2-1","Ex_DACH2_MGAT4C",0.319499538131449
"_GTCATGAGTGCTGCAC-4","Glut-DACH2-3","Ex_DACH2_SLIT2",0.841061226478284
"_GTCCACTCACAAGCAG-4","Glut-DACH2-1","Ex_DACH2_MGAT4C",0.364320933616884
"_GTCCACTGTCTGCGCA-4","Glut-DACH2-2","Ex_DACH2_MGAT4C",0.37345163389684
"_GTCCACTTCGCAGTGC-4","Glut-DACH2-2","Ex_DACH2_MGAT4C",0.498709885164185
"_GTCCCATCACAGAAGC-4","Glut-DACH2-2","Ex_DACH2_LHX2",0.326631706448672
"_GTCGAATAGATGACAT-4","Glut-DACH2-2","Ex_DACH2_LHX2",0.417610513884452
"_GTCGAATAGTAGTCCT-4","Glut-DACH2-1","Ex_DACH2_GRIK4",0.445813952498118
"_GTCGAATCACGCACCA-4","Glut-DACH2-4","Ex_DACH2_ITGA9",0.573186291878356
"_GTCGAATCATGAGTAA-4","Glut-DACH2-3","Ex_DACH2_CEMIP",0.925721082140159
"_GTCGAATGTCCATACA-4","Glut-DACH2-4","Ex_DACH2_SLIT2",0.480378066238261
"_GTCGCGAAGGTACCTT-4","Glut-DACH2-3","Ex_DACH2_SLIT2",0.674739753392908
"_GTCGCGATCGAGAAGC-4","Glut-DACH2-1","Ex_DACH2_MGAT4C",0.753307058482719
"_GTCGCGATCTTCGATT-4","Glut-DACH2-2","Ex_DACH2_MGAT4C",0.363260772365116
"_GTCGTAAAGTGGAAAG-4","Glut-DACH2-3","Ex_DACH2_ZMAT4",0.38476749091642
"_GTCGTAAGTACTGGGA-4","Glut-DACH2-1","Ex_DACH2_MGAT4C",0.611472176397191
"_GTCGTAATCGTTGTTT-4","Glut-DACH2-2","Ex_DACH2_GRIK4",0.336534399665895
"_GTCGTTCAGTCACAGG-4","Glut-DACH2-3","Ex_DACH2_SLIT2",0.687684587406396
"_GTCGTTCCATCGTGCG-4","Glut-DACH2-3","Ex_DACH2_ZMAT4",0.665145984495189
"_GTCTACCGTATGAGCG-4","Glut-DACH2-3","Ex_DACH2_SLIT2",0.629058316989044
"_GTCTCACCACGGAAGT-4","Glut-DACH2-3","Ex_DACH2_SLIT2",0.95555680125161
"_GTCTCACGTGCATCTA-4","Glut-DACH2-2","Ex_DACH2_GRIK4",0.368106244340811
"_GTCTGTCCAAGAGCTG-4","Glut-DACH2-3","Ex_DACH2_SLIT2",0.862752256189095
"_GTCTTTAAGTTACTCG-4","Glut-DACH2-3","Ex_DACH2_SLIT2",0.776959907115087
"_GTCTTTACAAATACAG-4","Glut-DACH2-1","Ex_DACH2_NR4A3",1
"_GTCTTTAGTCGTACTA-4","Glut-DACH2-1","Ex_DACH2_GRIK4",0.833621820604781
"_GTCTTTAGTGAAGCTG-4","Glut-DACH2-2","Ex_DACH2_ADAMTS5",0.433382889623858
"_GTCTTTATCGTGGCTG-4","Glut-DACH2-3","Ex_DACH2_SLIT2",0.609500474522524
"_GTCTTTATCTTAGTTC-4","Glut-DACH2-2","Ex_DACH2_LHX2",0.583714226902236
"_GTGACGCGTAGCTCGC-4","Glut-DACH2-1","Ex_DACH2_ADAMTS5",0.69428583952626
"_GTGACGCGTCCTGTTC-4","Glut-DACH2-3","Ex_DACH2_SLIT2",0.866021041856928
"_GTGACGCTCTTCCCGA-4","Glut-DACH2-3","Ex_DACH2_SLIT2",0.925518489523776
"_GTGAGCCAGGACAAGA-4","Glut-DACH2-5","Ex_DACH2_ADAMTS5",0.86015118176091
"_GTGAGCCGTTTACCTT-4","Glut-DACH2-1","Ex_DACH2_MGAT4C",0.858040018067765
"_GTGAGCCTCCCAGCGA-4","Glut-DACH2-1","Ex_DACH2_GRIK4",0.355183256918941
"_GTGAGGAAGCGTCAAG-4","Glut-DACH2-HVCra-Pre","Ex_DACH2_MGAT4C",0.665928098925686
"_GTGAGGAGTCAGGTAG-4","Glut-DACH2-3","Ex_DACH2_SLIT2",0.690844840997071
"_GTGAGGATCGCCAATA-4","Glut-DACH2-1","Ex_DACH2_NR4A3",0.551953481209771
"_GTGAGTTAGGTTATAG-4","Glut-DACH2-3","Ex_DACH2_SLIT2",0.815881180247125
"_GTGAGTTCAGGCGTTC-4","Glut-DACH2-1","Ex_DACH2_MGAT4C",0.783318591016593
"_GTGAGTTGTGGTCAAG-4","Glut-DACH2-4","Ex_DACH2_ITGA9",0.688074391113865
"_GTGAGTTTCCACAGCG-4","Glut-DACH2-5","Ex_DACH2_ADAMTS5",0.781386801958248
"_GTGATGTGTGATCGTT-4","Glut-DACH2-1","Ex_DACH2_GRIK4",0.629565958807526
"_GTGCACGAGGGTCACA-4","Glut-DACH2-1","Ex_DACH2_ADAMTS5",0.813568976642213
"_GTGCACGAGTCCGCGT-4","Glut-DACH2-1","Ex_DACH2_MGAT4C",0.810095609423138
"_GTGCACGCATATAGCC-4","Glut-DACH2-5","Ex_DACH2_LHX2",0.406258561036417
"_GTGCGTGCATCGGTTA-4","Glut-DACH2-2","Ex_DACH2_GRIK4",0.614857284955694
"_GTGCTGGAGACGATAT-4","Glut-DACH2-3","Ex_DACH2_SLIT2",0.571960470491357
"_GTGCTGGGTACCCAGC-4","Glut-DACH2-2","Ex_DACH2_MGAT4C",0.527278179024282
"_GTGCTGGGTGCCGTAC-4","Glut-DACH2-1","Ex_DACH2_GRIK4",0.425565658736533
"_GTGCTTCCATGTCAGT-4","Glut-DACH2-3","Ex_DACH2_CEMIP",0.672056725148643
"_GTGCTTCTCCTCTGCA-4","Glut-DACH2-3","Ex_DACH2_SLIT2",0.393556063453912
"_GTGGAAGAGGTAAGGA-4","Glut-DACH2-1","Ex_DACH2_ADAMTS5",0.291296478177213
"_GTGGAAGGTACGGATG-4","Glut-DACH2-3","Ex_DACH2_ZMAT4",0.432779545743772
"_GTGGAGAAGGAGGCAG-4","Glut-DACH2-2","Ex_DACH2_GRIK4",0.330304675793472
"_GTGGCGTTCCTTTGAT-4","Glut-DACH2-5","Ex_DACH2_ADAMTS5",0.486346096644571
"_GTGGGAACATTCGGGC-4","Glut-DACH2-1","Ex_DACH2_MGAT4C",0.573847101337451
"_GTGGGAAGTCTCAGAT-4","Glut-DACH2-3","Ex_DACH2_SLIT2",0.946717338049484
"_GTGGTTAAGATTAGCA-4","Glut-DACH2-1","Ex_DACH2_MGAT4C",0.788580225239951
"_GTGGTTAAGTAAACAC-4","Glut-DACH2-1","Ex_DACH2_NR4A3",0.918030597718552
"_GTGGTTAAGTCAGCCC-4","Glut-DACH2-1","Ex_DACH2_MGAT4C",0.851300812130912
"_GTGGTTACAGTAGAAT-4","Glut-DACH2-1","Ex_DACH2_GRIK4",0.392764714032172
"_GTGGTTATCGTAGCCG-4","Glut-DACH2-5","Ex_DACH2_ADAMTS5",0.762210739535148
"_GTGGTTATCTTTACAC-4","Glut-DACH2-1","Ex_DACH2_MGAT4C",0.444240296204731
"_GTGTAACTCTTGTGCC-4","Glut-DACH2-1","Ex_DACH2_NR4A3",0.815293504873156
"_GTGTCCTCATGAGTAA-4","Glut-DACH2-2","Ex_DACH2_MGAT4C",0.689834625862759
"_GTGTCCTGTCCAATCA-4","Glut-DACH2-4","Ex_DACH2_ITGA9",0.640126896678824
"_GTGTCCTTCGGCGATC-4","Glut-DACH2-1","Ex_DACH2_MGAT4C",0.609136742426475
"_GTGTGATGTACGCTTA-4","Glut-DACH2-2","Ex_DACH2_MGAT4C",0.549201798940118
"_GTGTGATGTCCGGTCA-4","Glut-DACH2-2","Ex_DACH2_LUZP2",0.409989976267021
"_GTGTGGCAGAAGTCCG-4","Glut-DACH2-3","Ex_DACH2_CEMIP",0.770837198210647
"_GTGTGGCAGATTGATG-4","Glut-DACH2-3","Ex_DACH2_SLIT2",0.883221872503441
"_GTGTGGCCAACGATTC-4","Glut-DACH2-4","Ex_DACH2_ITGA9",0.710757008026748
"_GTGTGGCCAGTGCCTG-4","Glut-DACH2-2","Ex_DACH2_LHX2",0.672470423797145
"_GTGTTAGCACTAGAGG-4","Glut-DACH2-3","Ex_DACH2_SLIT2",0.80149604248596
"_GTGTTAGGTGTGGACA-4","Glut-DACH2-1","Ex_DACH2_MGAT4C",0.703537496506087
"_GTGTTAGTCGATGCAT-4","Glut-DACH2-3","Ex_DACH2_SLIT2",0.803076458885197
"_GTGTTCCCACGGAAGT-4","Glut-DACH2-3","Ex_DACH2_SLIT2",0.962345245810352
"_GTGTTCCGTCCTTTGC-4","Glut-DACH2-1","Ex_DACH2_MGAT4C",0.890967700451625
"_GTTACAGGTTGCTCCT-4","Glut-DACH2-3","Ex_DACH2_SLIT2",0.914640308881078
"_GTTACAGTCACCATGA-4","Glut-DACH2-3","Ex_DACH2_CEMIP",0.383682547254215
"_GTTACAGTCTCATTTG-4","Glut-DACH2-3","Ex_DACH2_SLIT2",0.824448272118678
"_GTTACGAAGGTGCGAT-4","Glut-DACH2-4","Ex_DACH2_ITGA9",0.640896217363978
"_GTTACGAAGTTGCCTA-4","Glut-DACH2-4","Ex_DACH2_ITGA9",0.623393876100427
"_GTTACGACACAAGTTC-4","Glut-DACH2-1","Ex_DACH2_GRIK4",0.387356630148209
"_GTTACGAGTCTACTGA-4","Glut-DACH2-2","Ex_DACH2_LHX2",0.511623143352304
"_GTTACGATCCCATTCG-4","Glut-DACH2-3","Ex_DACH2_CEMIP",0.486374006537654
"_GTTAGACAGTGACCTT-4","Glut-DACH2-5","Ex_DACH2_ADAMTS5",0.801306172279432
"_GTTAGACGTCACTACA-4","Glut-DACH2-3","Ex_DACH2_SLIT2",0.94683550387789
"_GTTAGACGTCTGTCAA-4","Glut-DACH2-2","Ex_DACH2_MGAT4C",0.570351939250787
"_GTTAGACTCAGATGCT-4","Glut-DACH2-1","Ex_DACH2_MGAT4C",0.614659163891878
"_GTTAGTGGTTGGCCGT-4","Glut-DACH2-3","Ex_DACH2_SLIT2",0.680824575424344
"_GTTAGTGTCTGTACAG-4","Glut-DACH2-3","Ex_DACH2_SLIT2",0.884096130864619
"_GTTATGGCATGACCCG-4","Glut-DACH2-1","Ex_DACH2_NR4A3",0.503717238921618
"_GTTATGGTCCGTAGGC-4","Glut-DACH2-2","Ex_DACH2_MGAT4C",0.625768906971316
"_GTTCATTCACCGGCTA-4","Glut-DACH2-2","Ex_DACH2_LHX2",0.510703622031712
"_GTTCATTTCGATGCTA-4","Glut-DACH2-3","Ex_DACH2_SLIT2",0.888823462250971
"_GTTCATTTCGCAATTG-4","Glut-DACH2-4","Ex_DACH2_ITGA9",0.564961912880969
"_GTTCCGTAGAAATCCA-4","Glut-DACH2-4","Ex_DACH2_ITGA9",0.71996457183489
"_GTTCCGTAGACTACGG-4","Glut-DACH2-1","Ex_DACH2_ADAMTS5",0.336272929090087
"_GTTCCGTAGTAACGTA-4","Glut-DACH2-3","Ex_DACH2_SLIT2",0.756210395093608
"_GTTCGCTTCTCTGAGA-4","Glut-DACH2-1","Ex_DACH2_NR4A3",0.828971278759264
"_GTTCTATCAACCGTGC-4","Glut-DACH2-3","Ex_DACH2_SLIT2",0.829038131113864
"_GTTCTATCATGACTCA-4","Glut-DACH2-3","Ex_DACH2_SLIT2",0.776686053154609
"_GTTGAACCAGTCAACT-4","Glut-DACH2-3","Ex_DACH2_NR4A3",0.482891861072784
"_GTTGCTCGTACTGACT-4","Glut-DACH2-4","Ex_DACH2_ITGA9",0.47792316090582
"_GTTGTAGTCAATCAGC-4","Glut-DACH2-1","Ex_DACH2_MGAT4C",0.493428863651117
"_GTTGTCCTCGCGATCG-4","Glut-DACH2-3","Ex_DACH2_SLIT2",0.607945477165504
"_GTTTACTAGACTTGTC-4","Glut-DACH2-2","Ex_DACH2_LHX2",0.433864623644494
"_GTTTACTCAAGGTACG-4","Glut-DACH2-1","Ex_DACH2_NR4A3",0.797151892653231
"_GTTTACTCATCCGAAT-4","Glut-DACH2-3","Ex_DACH2_SLIT2",0.973423075828941
"_GTTTGGACAGACAATA-4","Glut-DACH2-3","Ex_DACH2_SLIT2",0.963691505891961
"_GTTTGGACATGTGGCC-4","Glut-DACH2-3","Ex_DACH2_SLIT2",0.683404916263862
"_GTTTGGAGTAACTTCG-4","Glut-DACH2-1","Ex_DACH2_GRIK4",0.384464167194133
"_GTTTGGATCCTGTACC-4","Glut-DACH2-3","Ex_DACH2_SLIT2",0.891464719384567
"_TAACACGAGTTTAGGA-4","Glut-DACH2-2","Ex_DACH2_GRIK4",0.365837432593501
"_TAACACGTCCTCTCGA-4","Glut-DACH2-3","Ex_DACH2_SLIT2",0.874514259474063
"_TAACCAGGTCGCGTCA-4","Glut-DACH2-3","Ex_DACH2_SLIT2",0.854706742613204
"_TAACTTCAGCAGCAGT-4","Glut-DACH2-3","Ex_DACH2_SLIT2",0.921381713102466
"_TAACTTCAGTTTGTCG-4","Glut-DACH2-2","Ex_DACH2_ADAMTS5",0.445824784036785
"_TAACTTCCAATTCGTG-4","Glut-DACH2-1","Ex_DACH2_MGAT4C",0.813106620005599
"_TAACTTCCACGTACTA-4","Glut-DACH2-3","Ex_DACH2_CEMIP",0.505836179282849
"_TAACTTCCATAAGCGG-4","Glut-DACH2-3","Ex_DACH2_SLIT2",0.476342073189772
"_TAACTTCGTGGTAACG-4","Glut-DACH2-2","Ex_DACH2_MGAT4C",0.312806444592745
"_TAAGCACGTCGCAACC-4","Glut-DACH2-1","Ex_DACH2_MGAT4C",0.501900996845831
"_TAAGCCAAGACTCTTG-4","Glut-DACH2-1","Ex_DACH2_MGAT4C",0.787397492329173
"_TAAGCCAGTGCACATT-4","Glut-DACH2-4","Ex_DACH2_ITGA9",0.594452167250422
"_TAAGCCATCCAGCTCT-4","Glut-DACH2-3","Ex_DACH2_SLIT2",0.508511986255137
"_TAAGCGTAGAAACTCA-4","Glut-DACH2-4","Ex_DACH2_MGAT4C",0.373282398233921
"_TAAGCGTAGGAAAGTG-4","Glut-DACH2-3","Ex_DACH2_SLIT2",0.674607629824
"_TAAGCGTAGTTGCATC-4","Glut-DACH2-1","Ex_DACH2_GRIK4",0.475023478305612
"_TAAGCGTGTTAAGGAT-4","Glut-DACH2-4","Ex_DACH2_ZMAT4",0.394952725367973
"_TAAGTCGGTGATTGGG-4","Glut-DACH2-3","Ex_DACH2_SLIT2",0.923554450297774
"_TAATCTCCACTGGCGT-4","Glut-DACH2-4","Ex_DACH2_ITGA9",0.655693776997023
"_TAATCTCCAGCAGTCC-4","Glut-DACH2-4","Ex_DACH2_SLIT2",0.339456832018805
"_TAATCTCTCAAGAGGC-4","Glut-DACH2-3","Ex_DACH2_SLIT2",0.425425380567467
"_TAATCTCTCCGTGGGT-4","Glut-DACH2-1","Ex_DACH2_MGAT4C",0.662009529249891
"_TACAACGCACAAGCAG-4","Glut-DACH2-1","Ex_DACH2_MGAT4C",0.502847311811622
"_TACAACGCAGTTGGTT-4","Glut-DACH2-3","Ex_DACH2_ZMAT4",0.434144036114657
"_TACAACGCATAAGCGG-4","Glut-DACH2-1","Ex_DACH2_NR4A3",0.350850780806994
"_TACAACGTCAACTTTC-4","Glut-DACH2-3","Ex_DACH2_SLIT2",0.947541786224048
"_TACACCCCAAACCACT-4","Glut-DACH2-3","Ex_DACH2_SLIT2",0.939734906999059
"_TACACCCCAAACCGGA-4","Glut-DACH2-1","Ex_DACH2_MGAT4C",0.673046773466537
"_TACACCCCATAGAATG-4","Glut-DACH2-4","Ex_DACH2_ITGA9",0.547709017789974
"_TACACCCTCAGCGCAC-4","Glut-DACH2-4","Ex_DACH2_ITGA9",0.623724212616127
"_TACAGGTCACTGCACG-4","Glut-DACH2-1","Ex_DACH2_MGAT4C",0.625459626060542
"_TACAGGTGTCCGGACT-4","Glut-DACH2-2","Ex_DACH2_GRIK4",0.539460121726903
"_TACAGGTTCCTTCACG-4","Glut-DACH2-4","Ex_DACH2_ITGA9",0.570043094050021
"_TACATTCCACGTTGGC-4","Glut-DACH2-3","Ex_DACH2_SLIT2",0.50775795213967
"_TACATTCGTCCCGGTA-4","Glut-DACH2-3","Ex_DACH2_SLIT2",0.933608368459403
"_TACCCACGTAATGCTC-4","Glut-DACH2-1","Ex_DACH2_MGAT4C",0.722111328960144
"_TACCCACGTGTCATTG-4","Glut-DACH2-1","Ex_DACH2_LUZP2",0.324244405537891
"_TACCCGTAGGCCTTGC-4","Glut-DACH2-1","Ex_DACH2_MGAT4C",0.359703673482557
"_TACCCGTAGGTGGTTG-4","Glut-DACH2-3","Ex_DACH2_SLIT2",0.73103055089583
"_TACCCGTCACTCAAGT-4","Glut-DACH2-1","Ex_DACH2_MGAT4C",0.823103255434354
"_TACCCGTCACTGGCCA-4","Glut-DACH2-3","Ex_DACH2_SLIT2",0.829749212405046
"_TACCCGTGTCCGGATC-4","Glut-DACH2-2","Ex_DACH2_MGAT4C",0.69026740300904
"_TACCGAAAGTTTCTTC-4","Glut-DACH2-1","Ex_DACH2_MGAT4C",0.72732628516948
"_TACCGGGCAGGTATGG-4","Glut-DACH2-1","Ex_DACH2_MGAT4C",0.448818968023551
"_TACCGGGTCGCTGATA-4","Glut-DACH2-1","Ex_DACH2_ITGA9",0.269918583218476
"_TACCTCGAGACGGTCA-4","Glut-DACH2-3","Ex_DACH2_SLIT2",0.97592238350313
"_TACCTCGAGCTTGTGT-4","Glut-DACH2-3","Ex_DACH2_SLIT2",0.601213393656247
"_TACCTCGCAAGGTTGG-4","Glut-DACH2-3","Ex_DACH2_SLIT2",0.517889122428506
"_TACCTCGCACAAGGTG-4","Glut-DACH2-4","Ex_DACH2_ITGA9",0.489862976980042
"_TACCTGCAGCGCAATG-4","Glut-DACH2-3","Ex_DACH2_SLIT2",0.850987664651135
"_TACCTGCCAAGCGATG-4","Glut-DACH2-3","Ex_DACH2_SLIT2",0.720232651515098
"_TACCTGCCACGTCTCT-4","Glut-DACH2-2","Ex_DACH2_ADAMTS5",0.361338432605716
"_TACGCTCAGAATTCAG-4","Glut-DACH2-4","Ex_DACH2_SLIT2",0.349972032449226
"_TACGCTCGTAAGGTCG-4","Glut-DACH2-3","Ex_DACH2_SLIT2",0.728163632382164
"_TACGCTCTCCTGTAAG-4","Glut-DACH2-1","Ex_DACH2_NR4A3",0.426036896341149
"_TACGCTCTCGATACTG-4","Glut-DACH2-2","Ex_DACH2_MGAT4C",0.363334949793566
"_TACGGGCAGGACCCAA-4","Glut-DACH2-1","Ex_Pre_KCNH7",0.769146975284494
"_TACGGGCTCATTGCCC-4","Glut-DACH2-1","Ex_DACH2_NR4A3",1
"_TACGGGCTCCTTGGAA-4","Glut-DACH2-5","Ex_DACH2_ADAMTS5",0.637033215511043
"_TACGGTAAGAACCGCA-4","Glut-DACH2-2","Ex_DACH2_MGAT4C",0.493831992062448
"_TACGGTACAGATGCGA-4","Glut-DACH2-1","Ex_DACH2_GRIK4",0.531285643362497
"_TACGGTACAGCGACCT-4","Glut-DACH2-2","Ex_DACH2_MGAT4C",0.487042169013714
"_TACGGTATCACTGGTA-4","Glut-DACH2-1","Ex_DACH2_GRIK4",0.379009650720155
"_TACGTCCCAACAAGAT-4","Glut-DACH2-1","Ex_DACH2_MGAT4C",0.595297305627039
"_TACGTCCCACCCGTAG-4","Glut-DACH2-1","Ex_DACH2_MGAT4C",0.444276798633208
"_TACGTCCCATCGGCCA-4","Glut-DACH2-2","Ex_DACH2_LUZP2",0.302179916380782
"_TACGTCCGTCACATTG-4","Glut-DACH2-1","Ex_DACH2_MGAT4C",0.757191778691185
"_TACTGCCGTTATCTGG-4","Glut-DACH2-1","Ex_DACH2_NR4A3",0.991997183345211
"_TACTTACAGTAAACTG-4","Glut-DACH2-2","Ex_DACH2_MGAT4C",0.610730223781221
"_TACTTACCACGGGCTT-4","Glut-DACH2-3","Ex_DACH2_ZMAT4",0.561949664693179
"_TACTTACTCCATTTAC-4","Glut-DACH2-1","Ex_DACH2_MGAT4C",0.623026055390604
"_TACTTACTCCGACGGT-4","Glut-DACH2-3","Ex_DACH2_SLIT2",0.501912926759181
"_TACTTACTCTAGGCAT-4","Glut-DACH2-2","Ex_DACH2_MGAT4C",0.265323366240084
"_TACTTCAAGGCTGAAC-4","Glut-DACH2-3","Ex_DACH2_SLIT2",0.84035165096325
"_TACTTCAAGTGCCAGA-4","Glut-DACH2-2","Ex_DACH2_MGAT4C",0.29658761527586
"_TACTTCATCTGCTTTA-4","Glut-DACH2-2","Ex_DACH2_MGAT4C",0.530284794664716
"_TACTTGTGTGGTCTGC-4","Glut-DACH2-3","Ex_DACH2_SLIT2",0.851627660935238
"_TACTTGTTCCCATAAG-4","Glut-DACH2-3","Ex_DACH2_SLIT2",0.983211371582202
"_TAGACCAAGCTGTCCG-4","Glut-DACH2-2","Ex_DACH2_GRIK4",0.265391998018065
"_TAGACTGTCTTACGTT-4","Glut-DACH2-4","Ex_DACH2_ITGA9",0.607586069279885
"_TAGAGTCAGAGCATCG-4","Glut-DACH2-4","Ex_DACH2_ITGA9",0.608201506073742
"_TAGAGTCAGGTTCCGC-4","Glut-DACH2-3","Ex_DACH2_SLIT2",0.948940459934158
"_TAGATCGAGGGAGTTC-4","Glut-DACH2-3","Ex_DACH2_ZMAT4",0.478667981689774
"_TAGATCGGTCCTCCTA-4","Glut-DACH2-2","Ex_DACH2_MGAT4C",0.488298926789146
"_TAGATCGTCGTTAGAC-4","Glut-DACH2-4","Ex_DACH2_ITGA9",0.539712932892517
"_TAGATCGTCTGTCGCT-4","Glut-DACH2-3","Ex_DACH2_CEMIP",0.594116817518166
"_TAGCACAAGTAGTCCT-4","Glut-DACH2-3","Ex_DACH2_SLIT2",0.935585491810644
"_TAGCACACAGGAGGAG-4","Glut-DACH2-3","Ex_DACH2_SLIT2",0.736083458603033
"_TAGCACAGTCTGTGAT-4","Glut-DACH2-1","Ex_DACH2_MGAT4C",0.453444608767331
"_TAGCACAGTTCATCTT-4","Glut-DACH2-2","Ex_DACH2_GRIK4",0.427911935414686
"_TAGCACATCGTGCATA-4","Glut-DACH2-3","Ex_DACH2_SLIT2",0.352354274840762
"_TAGGAGGGTGATAGAT-4","Glut-DACH2-1","Ex_DACH2_MGAT4C",0.759765705137781
"_TAGGGTTCATTGCAAC-4","Glut-DACH2-4","Ex_DACH2_MGAT4C",0.237189923849505
"_TAGGTACCAAGCTACT-4","Glut-DACH2-1","Ex_DACH2_MGAT4C",0.719959940808967
"_TAGGTACCACAGCGCT-4","Glut-DACH2-4","Ex_DACH2_ITGA9",0.404066501252338
"_TAGTGCAAGCCGCTTG-4","Glut-DACH2-1","Ex_DACH2_MGAT4C",0.799487346962845
"_TAGTGCAAGGAAGTGA-4","Glut-DACH2-3","Ex_DACH2_SLIT2",0.919889649677409
"_TATACCTAGGAGATAG-4","Glut-DACH2-2","Ex_DACH2_ADAMTS5",0.450117453781778
"_TATACCTGTTTGTTGG-4","Glut-DACH2-3","Ex_DACH2_CEMIP",0.740115300623992
"_TATATCCAGGGTACGT-4","Glut-DACH2-7","Ex_DACH2_NR4A3",0.366638147451871
"_TATATCCAGTGCACTT-4","Glut-DACH2-3","Ex_DACH2_SLIT2",0.892937918134799
"_TATATCCCAACGGTAG-4","Glut-DACH2-1","Ex_DACH2_MGAT4C",0.485607237663696
"_TATATCCGTCGTATGT-4","Glut-DACH2-4","Ex_DACH2_ITGA9",0.73146657754891
"_TATCAGGGTCGTTGGC-4","Glut-DACH2-3","Ex_DACH2_CEMIP",0.691226568301378
"_TATCCTAAGCCAAGTG-4","Glut-DACH2-1","Ex_DACH2_MGAT4C",0.541111417628442
"_TATCCTAAGGAAGTCC-4","Glut-DACH2-2","Ex_DACH2_MGAT4C",0.695098611459636
"_TATCCTAAGGTGCTGA-4","Glut-DACH2-4","Ex_DACH2_SLIT2",0.525188436392601
"_TATCGCCCATAGGTAA-4","Glut-DACH2-3","Ex_DACH2_SLIT2",0.491608023854315
"_TATCGCCGTATGTCTG-4","Glut-DACH2-3","Ex_DACH2_SLIT2",0.434545844922458
"_TATCGCCTCTCATGCC-4","Glut-DACH2-1","Ex_DACH2_NR4A3",0.842216090103914
"_TATCTTGCACTGTCCT-4","Glut-DACH2-2","Ex_DACH2_LHX2",0.361171596928083
"_TATGTTCGTCTGTAGT-4","Glut-DACH2-2","Ex_DACH2_MGAT4C",0.422088616555643
"_TATTCCAAGTAGTCTC-4","Glut-DACH2-2","Ex_DACH2_MGAT4C",0.540685706836892
"_TATTGCTTCTCGGGAC-4","Glut-DACH2-1","Ex_DACH2_MGAT4C",0.674928459061458
"_TATTGGGAGTGATTCC-4","Glut-DACH2-3","Ex_DACH2_SLIT2",0.533277984053902
"_TATTGGGGTTCTCTCG-4","Glut-DACH2-1","Ex_DACH2_GRIK4",0.55681263804642
"_TATTTCGCACAAAGTA-4","Glut-DACH2-2","Ex_DACH2_LHX2",0.508743908543193
"_TATTTCGCAGCGCTTG-4","Glut-DACH2-3","Ex_DACH2_SLIT2",0.971058398002034
"_TATTTCGTCAATCTCT-4","Glut-DACH2-2","Ex_DACH2_LHX2",0.491851219570636
"_TCAAGACGTCATAGTC-4","Glut-DACH2-1","Ex_DACH2_MGAT4C",0.516591328508184
"_TCAAGACGTTTGATCG-4","Glut-DACH2-2","Ex_DACH2_LHX2",0.319655097324579
"_TCAAGCAAGTCATGGG-4","Glut-DACH2-3","Ex_DACH2_ZMAT4",0.709495222391135
"_TCAAGCAAGTGTTCCA-4","Glut-DACH2-3","Ex_DACH2_SLIT2",0.930171073690359
"_TCAAGCAGTCGATTAC-4","Glut-DACH2-1","Ex_DACH2_LUZP2",0.36798286112347
"_TCAAGCATCTCACCCA-4","Glut-DACH2-1","Ex_DACH2_MGAT4C",0.817234670132209
"_TCAAGTGAGGGTATAT-4","Glut-DACH2-3","Ex_DACH2_SLIT2",0.583499352281313
"_TCAAGTGGTCCAAAGG-4","Glut-DACH2-2","Ex_DACH2_MGAT4C",0.503597071485484
"_TCAATCTGTGAGTTTC-4","Glut-DACH2-3","Ex_DACH2_SLIT2",0.824928890106461
"_TCAATCTGTTAGCGGA-4","Glut-DACH2-1","Ex_DACH2_MGAT4C",0.56526559762136
"_TCAATTCGTTCTGAGT-4","Glut-DACH2-3","Ex_DACH2_SLIT2",0.83916193410023
"_TCAATTCGTTGAATCC-4","Glut-DACH2-3","Ex_DACH2_SLIT2",0.885659528102645
"_TCACAAGCACAAGCTT-4","Glut-DACH2-2","Ex_DACH2_MGAT4C",0.704012934754707
"_TCACAAGGTTGGCCGT-4","Glut-DACH2-3","Ex_DACH2_SLIT2",0.850445975733264
"_TCACAAGTCCCGAGGT-4","Glut-DACH2-3","Ex_DACH2_SLIT2",0.912216947940598
"_TCACACCCACTATCCC-4","Glut-DACH2-2","Ex_DACH2_LUZP2",0.288061057996075
"_TCACACCTCATCACCC-4","Glut-DACH2-5","Ex_DACH2_ADAMTS5",0.915468029573261
"_TCACACCTCCGTGGCA-4","Glut-DACH2-3","Ex_DACH2_SLIT2",0.802070412482618
"_TCACATTAGTCATCCA-4","Glut-DACH2-3","Ex_DACH2_SLIT2",0.667490201547629
"_TCACATTCACGCTTAA-4","Glut-DACH2-1","Ex_DACH2_MGAT4C",0.425165221593579
"_TCACATTGTCACAGAG-4","Glut-DACH2-1","Ex_DACH2_NR4A3",0.295256609797186
"_TCACGCTAGTAAACTG-4","Glut-DACH2-1","Ex_DACH2_MGAT4C",0.366651709768911
"_TCACGGGGTACGGTTT-4","Glut-DACH2-2","Ex_DACH2_MGAT4C",0.390196909598587
"_TCACTATGTACCTAAC-4","Glut-DACH2-5","Ex_DACH2_ADAMTS5",0.427308538877925
"_TCACTATTCATGAGTC-4","Glut-DACH2-2","Ex_DACH2_GRIK4",0.456650655158141
"_TCACTCGTCAAGGACG-4","Glut-DACH2-3","Ex_DACH2_SLIT2",0.636016470570666
"_TCAGCAATCATAAGGA-4","Glut-DACH2-4","Ex_DACH2_ITGA9",0.68269630361308
"_TCAGCAATCTGGTTGA-4","Glut-DACH2-2","Ex_DACH2_MGAT4C",0.481986672634995
"_TCAGCCTAGCCGCACT-4","Glut-DACH2-3","Ex_DACH2_ZMAT4",0.723341581168369
"_TCAGCCTAGGTTTGAA-4","Glut-DACH2-1","Ex_DACH2_MGAT4C",0.639142545290877
"_TCAGCCTCAGCGTATT-4","Glut-DACH2-1","Ex_DACH2_MGAT4C",0.703619452360296
"_TCAGCCTCAGCTACAT-4","Glut-DACH2-1","Ex_DACH2_NR4A3",0.974261592109329
"_TCAGCCTCATAGAGGC-4","Glut-DACH2-5","Ex_DACH2_ADAMTS5",0.752971248781315
"_TCAGCCTTCTCTTCAA-4","Glut-DACH2-3","Ex_DACH2_SLIT2",0.771547003762999
"_TCAGGGCAGAACTTCC-4","Glut-DACH2-4","Ex_DACH2_ITGA9",0.283317274741941
"_TCAGGGCAGCAAGTGC-4","Glut-DACH2-1","Ex_DACH2_GRIK4",0.50266260773463
"_TCAGGGCGTACTGCGC-4","Glut-DACH2-3","Ex_DACH2_SLIT2",0.949491996962194
"_TCAGGGCTCGTGTGGC-4","Glut-DACH2-3","Ex_DACH2_SLIT2",0.747396554275573
"_TCAGGTAAGACCATAA-4","Glut-DACH2-1","Ex_DACH2_MGAT4C",0.602199627287551
"_TCAGGTAAGCCATATC-4","Glut-DACH2-3","Ex_DACH2_SLIT2",0.706744757239717
"_TCAGTCCAGCCTAGGA-4","Glut-DACH2-3","Ex_DACH2_ZMAT4",0.462283915572943
"_TCAGTCCAGCTTAAGA-4","Glut-DACH2-1","Ex_DACH2_GRIK4",0.226557672517843
"_TCAGTCCAGGTCATCT-4","Glut-DACH2-HVCra-Pre","Ex_DACH2_GRIK4",0.384808575140539
"_TCAGTGATCTCTCAAT-4","Glut-DACH2-3","Ex_DACH2_SLIT2",0.632474985667048
"_TCAGTTTCAAATACAG-4","Glut-DACH2-4","Ex_DACH2_ITGA9",0.600948000493139
"_TCAGTTTTCGTGGAAG-4","Glut-DACH2-1","Ex_DACH2_NR4A3",0.962126461512771
"_TCATATCCACGCCAGT-4","Glut-DACH2-3","Ex_DACH2_SLIT2",0.849476073661039
"_TCATATCGTCATAGTC-4","Glut-DACH2-3","Ex_DACH2_ZMAT4",0.558866405106761
"_TCATATCGTGAATTAG-4","Glut-DACH2-2","Ex_DACH2_GRIK4",0.65783872538544
"_TCATCATAGGCCTAAG-4","Glut-DACH2-2","Ex_DACH2_MGAT4C",0.680473597140985
"_TCATCCGAGATCGACG-4","Glut-DACH2-3","Ex_DACH2_SLIT2",0.565471076847637
"_TCATCCGAGGTAGACC-4","Glut-DACH2-3","Ex_DACH2_SLIT2",0.696422801132088
"_TCATCCGAGTCATGAA-4","Glut-DACH2-1","Ex_DACH2_MGAT4C",0.826296337071265
"_TCATCCGCAACTGCTA-4","Glut-DACH2-3","Ex_DACH2_SLIT2",0.757198087975894
"_TCATCCGGTATGTCCA-4","Glut-DACH2-3","Ex_DACH2_SLIT2",0.925223085809352
"_TCATCCGTCGTACACA-4","Glut-DACH2-3","Ex_DACH2_SLIT2",0.704401413707215
"_TCATGCCCAAGAGCTG-4","Glut-DACH2-4","Ex_DACH2_SLIT2",0.475755905976978
"_TCATGCCCACATGGTT-4","Glut-DACH2-3","Ex_DACH2_SLIT2",0.774862666269097
"_TCATGCCCACGCTGTG-4","Glut-DACH2-5","Ex_DACH2_LHX2",0.374127135483284
"_TCATGCCTCGCCTCTA-4","Glut-DACH2-4","Ex_DACH2_NR4A3",0.67473700305891
"_TCATGGAAGGGTTAAT-4","Glut-DACH2-1","Ex_DACH2_ADAMTS5",0.560678539267682
"_TCATGGAGTAGAAACT-4","Glut-DACH2-1","Ex_DACH2_GRIK4",0.639879901545814
"_TCATGTTAGTCTAACC-4","Glut-DACH2-1","Ex_DACH2_MGAT4C",0.682917755889182
"_TCATGTTCAGAAACCG-4","Glut-DACH2-1","Ex_DACH2_MGAT4C",0.302660303359494
"_TCATGTTGTACATACC-4","Glut-DACH2-3","Ex_DACH2_SLIT2",0.38157276261143
"_TCATGTTTCCTCAGGG-4","Glut-DACH2-1","Ex_DACH2_NR4A3",0.818258757393061
"_TCATTACCATAGGAGC-4","Glut-DACH2-1","Ex_DACH2_MGAT4C",0.576651787887729
"_TCATTACGTTCGGGTC-4","Glut-DACH2-3","Ex_DACH2_SLIT2",0.663966993632821
"_TCATTCAAGATAGCAT-4","Glut-DACH2-3","Ex_DACH2_CEMIP",0.739726806537438
"_TCATTGTAGAATAGTC-4","Glut-DACH2-1","Ex_DACH2_NR4A3",0.847277320899589
"_TCCACGTAGGGATGTC-4","Glut-DACH2-1","Ex_DACH2_MGAT4C",0.66178198989955
"_TCCAGAAAGCTGACCC-4","Glut-DACH2-1","Ex_DACH2_MGAT4C",0.683432681108085
"_TCCATCGAGTGGTTCT-4","Glut-DACH2-3","Ex_DACH2_SLIT2",0.537107249902359
"_TCCATCGTCATTTGTC-4","Glut-DACH2-2","Ex_DACH2_GRIK4",0.378345024790898
"_TCCATCGTCGAGATAA-4","Glut-DACH2-2","Ex_DACH2_GRIK4",0.38901334656286
"_TCCATGCTCGCTTGAA-4","Glut-DACH2-2","Ex_DACH2_ADAMTS5",0.253200401951434
"_TCCCACAAGCCTGGAA-4","Glut-DACH2-2","Ex_DACH2_GRIK4",0.277569659568354
"_TCCCACAGTCGTGATT-4","Glut-DACH2-4","Ex_DACH2_ITGA9",0.681259530575669
"_TCCCAGTCACATCATG-4","Glut-DACH2-1","Ex_DACH2_MGAT4C",0.757403020161246
"_TCCCATGAGACATCAA-4","Glut-DACH2-3","Ex_DACH2_ZMAT4",0.553659526679977
"_TCCCATGAGAGGCGGA-4","Glut-DACH2-1","Ex_DACH2_MGAT4C",0.813205815199263
"_TCCCATGAGGCCCGTT-4","Glut-DACH2-1","Ex_DACH2_MGAT4C",0.880320979642244
"_TCCCATGAGGTTAGTA-4","Glut-DACH2-1","Ex_DACH2_GRIK4",0.486149411730924
"_TCCCATGCAAATCAAG-4","Glut-DACH2-4","Ex_DACH2_ITGA9",0.657097286181693
"_TCCCATGCAGAGGTTG-4","Glut-DACH2-4","Ex_DACH2_MGAT4C",0.381715780895239
"_TCCCATGGTGGGATTG-4","Glut-DACH2-1","Ex_DACH2_NR4A3",0.651257220127013
"_TCCCATGGTGGGTATG-4","Glut-DACH2-2","Ex_DACH2_MGAT4C",0.340175289423616
"_TCCCATGTCATCGACA-4","Glut-DACH2-2","Ex_DACH2_MGAT4C",0.602186733809284
"_TCCGAAAAGCTCAGAG-4","Glut-DACH2-2","Ex_DACH2_GRIK4",0.358891809763892
"_TCCGAAAGTGTTCATG-4","Glut-DACH2-2","Ex_DACH2_LUZP2",0.384525164870602
"_TCCGAAATCATCCTGC-4","Glut-DACH2-1","Ex_DACH2_MGAT4C",0.646655626867543
"_TCCGAAATCTCCGCAT-4","Glut-DACH2-1","Ex_DACH2_LUZP2",0.299594223731598
"_TCCGATCTCTGTAAGC-4","Glut-DACH2-1","Ex_DACH2_MGAT4C",0.672320505131864
"_TCCGGGATCTGGCCTT-4","Glut-DACH2-4","Ex_DACH2_NR4A3",0.634146903784659
"_TCCTAATAGTCGAAAT-4","Glut-DACH2-3","Ex_DACH2_SLIT2",0.875660722336364
"_TCCTAATCACTTCTCG-4","Glut-DACH2-3","Ex_DACH2_SLIT2",0.468271800624094
"_TCCTAATCATGCACTA-4","Glut-DACH2-2","Ex_TSHZ2_NR4A2",0.317650709879462
"_TCCTAATCATTGTAGC-4","Glut-DACH2-3","Ex_DACH2_SLIT2",0.754984957335372
"_TCCTCCCAGGACTGGT-4","Glut-DACH2-3","Ex_DACH2_SLIT2",0.901369402332058
"_TCCTCCCCATGAAGGC-4","Glut-DACH2-5","Ex_DACH2_ADAMTS5",0.824369504976634
"_TCCTCCCGTAGTAAGT-4","Glut-DACH2-1","Ex_DACH2_MGAT4C",0.816313768267697
"_TCCTCGACAAAGCTAA-4","Glut-DACH2-1","Ex_DACH2_MGAT4C",0.749705600407977
"_TCCTCGACATGACTAC-4","Glut-DACH2-5","Ex_DACH2_ADAMTS5",0.517720768483825
"_TCCTCGATCGAGTACT-4","Glut-DACH2-3","Ex_DACH2_SLIT2",0.917135266488985
"_TCCTCGATCGTGTCAA-4","Glut-DACH2-1","Ex_DACH2_MGAT4C",0.839462222654503
"_TCCTCTTAGAGCTTTC-4","Glut-DACH2-3","Ex_DACH2_SLIT2",0.839119372287023
"_TCCTCTTAGCTGTTCA-4","Glut-DACH2-3","Ex_DACH2_SLIT2",0.96438416619665
"_TCCTCTTAGTGGATTA-4","Glut-DACH2-3","Ex_DACH2_SLIT2",0.588101858150172
"_TCCTCTTCATCATCCC-4","Glut-DACH2-1","Ex_DACH2_MGAT4C",0.713041518971243
"_TCCTTCTAGTAGACCG-4","Glut-DACH2-3","Ex_DACH2_ZMAT4",0.492176447374531
"_TCCTTCTGTGCTGATT-4","Glut-DACH2-2","Ex_DACH2_GRIK4",0.248608170292143
"_TCCTTTCCAATGCAGG-4","Glut-DACH2-3","Ex_DACH2_SLIT2",0.67708411647565
"_TCCTTTCCAGCTACTA-4","Glut-DACH2-2","Ex_DACH2_GRIK4",0.418811919445723
"_TCGACCTCAGAGTGTG-4","Glut-DACH2-4","Ex_DACH2_ITGA9",0.399150186742844
"_TCGACCTCAGTGCCTG-4","Glut-DACH2-3","Ex_DACH2_SLIT2",0.888946806876875
"_TCGACCTCATTAGGAA-4","Glut-DACH2-4","Ex_DACH2_ITGA9",0.771839953816062
"_TCGACGGCATCGCCTT-4","Glut-DACH2-2","Ex_DACH2_MGAT4C",0.592697391359349
"_TCGACGGGTGCATCTA-4","Glut-DACH2-3","Ex_DACH2_SLIT2",0.949789940750276
"_TCGATTTCATTGTGCA-4","Glut-DACH2-2","Ex_DACH2_ADAMTS5",0.368039874773209
"_TCGATTTTCTTCGCTG-4","Glut-DACH2-3","Ex_DACH2_SLIT2",0.717586290333283
"_TCGCACTAGCGACCCT-4","Glut-DACH2-1","Ex_DACH2_GRIK4",0.494144150802385
"_TCGCACTCACGCAAAG-4","Glut-DACH2-2","Ex_DACH2_LHX2",0.380259247968494
"_TCGCAGGTCCTACACC-4","Glut-DACH2-2","Ex_DACH2_MGAT4C",0.396628724201405
"_TCGCTCACAACACTAC-4","Glut-DACH2-1","Ex_DACH2_MGAT4C",0.719184024792809
"_TCGCTCATCCATATGG-4","Glut-DACH2-3","Ex_DACH2_SLIT2",0.885189543473977
"_TCGCTTGAGTGGATAT-4","Glut-DACH2-1","Ex_DACH2_NR4A3",0.810096407650979
"_TCGCTTGCACTTGTGA-4","Glut-DACH2-5","Ex_DACH2_ADAMTS5",0.483721309804681
"_TCGGATAAGTGGAAGA-4","Glut-DACH2-4","Ex_DACH2_ITGA9",0.418759520358134
"_TCGGATAGTACCAGAG-4","Glut-DACH2-1","Ex_DACH2_GRIK4",0.786797123890681
"_TCGGATAGTGAGGATC-4","Glut-DACH2-3","Ex_DACH2_SLIT2",0.930921842881328
"_TCGGGACCACGTCGTG-4","Glut-DACH2-3","Ex_DACH2_ZMAT4",0.258113054781219
"_TCGGGCACAGGTTTAC-4","Glut-DACH2-1","Ex_DACH2_MGAT4C",0.643280277241309
"_TCGGGTGCATGGCTAT-4","Glut-DACH2-5","Ex_DACH2_ADAMTS5",0.434491694880398
"_TCGGTCTAGCATCCTA-4","Glut-DACH2-3","Ex_DACH2_SLIT2",0.792220094808641
"_TCGGTCTGTCTGCCTT-4","Glut-DACH2-4","Ex_DACH2_ITGA9",0.681866616377931
"_TCGGTCTGTTGTCAGT-4","Glut-DACH2-2","Ex_DACH2_MGAT4C",0.460976433177411
"_TCGTCCAAGTATGAAC-4","Glut-DACH2-2","Ex_DACH2_MGAT4C",0.455923531356484
"_TCGTCCAGTACCGGAA-4","Glut-DACH2-3","Ex_DACH2_SLIT2",0.487352748514609
"_TCGTCCAGTTGTTGAC-4","Glut-DACH2-4","Ex_DACH2_ITGA9",0.811900014821131
"_TCGTGCTAGAGCAACC-4","Glut-DACH2-3","Ex_DACH2_SLIT2",0.432344931979811
"_TCGTGGGCACCTGCAG-4","Glut-DACH2-2","Ex_DACH2_GRIK4",0.385395416618474
"_TCTAACTCATGGGTCC-4","Glut-DACH2-3","Ex_DACH2_ZMAT4",0.462716439343624
"_TCTAACTGTTAAACAG-4","Glut-DACH2-5","Ex_DACH2_ADAMTS5",0.562148282183406
"_TCTATACTCGCATGAT-4","Glut-DACH2-3","Ex_DACH2_SLIT2",0.494854039786564
"_TCTCACGTCCCAAGTA-4","Glut-DACH2-4","Ex_DACH2_ITGA9",0.702767139005795
"_TCTCACGTCCTAACAG-4","Glut-DACH2-1","Ex_DACH2_MGAT4C",0.731268872278689
"_TCTCACGTCTCGCGTT-4","Glut-DACH2-1","Ex_DACH2_MGAT4C",0.707095656522451
"_TCTCAGCAGTGTGTTC-4","Glut-DACH2-8","Ex_DACH2_SLIT2",0.548498932192184
"_TCTCAGCTCATGTCTT-4","Glut-DACH2-2","Ex_DACH2_MGAT4C",0.39056409964302
"_TCTCTGGGTCTCAGGC-4","Glut-DACH2-3","Ex_DACH2_SLIT2",0.725752918384395
"_TCTCTGGTCAAGATAG-4","Glut-DACH2-1","Ex_DACH2_MGAT4C",0.566876173910736
"_TCTCTGGTCACAATGC-4","Glut-DACH2-1","Ex_DACH2_MGAT4C",0.756722278431159
"_TCTGCCACAGCAGAAC-4","Glut-DACH2-4","Ex_DACH2_ZMAT4",0.340329552975928
"_TCTGCCAGTATTCCGA-4","Glut-DACH2-1","Ex_DACH2_GRIK4",0.363890982699667
"_TCTGCCATCGGTGAAG-4","Glut-DACH2-5","Ex_DACH2_ADAMTS5",0.785963989221858
"_TCTGGCTAGCGTTCAT-4","Glut-DACH2-3","Ex_DACH2_SLIT2",0.928819156934724
"_TCTGGCTCAACTGCTA-4","Glut-DACH2-1","Ex_DACH2_MGAT4C",0.575203310500809
"_TCTGGCTCAGCACAGA-4","Glut-DACH2-3","Ex_DACH2_SLIT2",0.907982463772951
"_TCTGGCTTCATCGACA-4","Glut-DACH2-3","Ex_DACH2_SLIT2",0.424541360127703
"_TCTGGCTTCTCTATGT-4","Glut-DACH2-2","Ex_DACH2_GRIK4",0.355131575173828
"_TCTTCCTCAGCAGTCC-4","Glut-DACH2-5","Ex_DACH2_ADAMTS5",0.566963838447982
"_TCTTGCGAGCGCCTAC-4","Glut-DACH2-HVCra-Pre","Ex_DACH2_MGAT4C",0.386558989084855
"_TCTTGCGAGTAGCATA-4","Glut-DACH2-2","Ex_DACH2_MGAT4C",0.72503074744489
"_TCTTTGAAGATCGCCC-4","Glut-DACH2-3","Ex_DACH2_SLIT2",0.866916128456499
"_TCTTTGAAGCCTGTGC-4","Glut-DACH2-1","Ex_DACH2_GRIK4",0.345858546463946
"_TGAACGTTCACGAGGA-4","Glut-DACH2-3","Ex_DACH2_SLIT2",0.672504066413461
"_TGAACGTTCTATTCGT-4","Glut-DACH2-2","Ex_DACH2_MGAT4C",0.338223289438558
"_TGAATCGAGCTCTGTA-4","Glut-DACH2-1","Ex_DACH2_GRIK4",0.463418380007553
"_TGAATCGGTACCGTCG-4","Glut-DACH2-3","Ex_DACH2_SLIT2",0.56887143480681
"_TGAATCGTCACCTTGC-4","Glut-DACH2-2","Ex_DACH2_MGAT4C",0.429499399421811
"_TGAATCGTCCGTGCGA-4","Glut-DACH2-2","Ex_DACH2_MGAT4C",0.439167890644628
"_TGAATGCGTGGTCAAG-4","Glut-DACH2-3","Ex_DACH2_ZMAT4",0.642674031861569
"_TGAATGCGTGTCCTAA-4","Glut-DACH2-3","Ex_DACH2_SLIT2",0.904925565208606
"_TGAATGCGTTGGGCCT-4","Glut-DACH2-1","Ex_DACH2_MGAT4C",0.729147768954311
"_TGAATGCTCATCGGGC-4","Glut-DACH2-1","Ex_DACH2_MGAT4C",0.50492925501063
"_TGACAGTCATAGATGA-4","Glut-DACH2-1","Ex_DACH2_GRIK4",0.475552130389284
"_TGACAGTGTTTGTTCT-4","Glut-DACH2-1","Ex_DACH2_NR4A3",0.544032552315649
"_TGACCCTAGCTTACGT-4","Glut-DACH2-1","Ex_DACH2_MGAT4C",0.655904551225933
"_TGACCCTGTACGCTAT-4","Glut-DACH2-1","Ex_DACH2_MGAT4C",0.353522761717103
"_TGACCCTGTGAGTGAC-4","Glut-DACH2-1","Ex_DACH2_ITGA9",0.34055895191505
"_TGACCCTTCGAGAAAT-4","Glut-DACH2-3","Ex_DACH2_SLIT2",0.423247490521225
"_TGACGCGGTAGGACCA-4","Glut-DACH2-5","Ex_DACH2_MGAT4C",0.537690768208253
"_TGACGCGGTTACTCAG-4","Glut-DACH2-3","Ex_DACH2_SLIT2",0.791504668661644
"_TGACGCGTCCCGAGAC-4","Glut-DACH2-3","Ex_DACH2_MGAT4C",0.519445445249316
"_TGACGCGTCTTGTGCC-4","Glut-DACH2-4","Ex_DACH2_SLIT2",0.414897115600444
"_TGACTCCAGTCCGCCA-4","Glut-DACH2-2","Ex_DACH2_GRIK4",0.586420484718105
"_TGAGACTCATTGAAAG-4","Glut-DACH2-2","Ex_DACH2_MGAT4C",0.434746184197547
"_TGAGACTTCTCATTGT-4","Glut-DACH2-3","Ex_DACH2_SLIT2",0.909577562658997
"_TGAGCATAGGTCGCCT-4","Glut-DACH2-7","Ex_DACH2_MGAT4C",0.550722917137661
"_TGAGCGCCACTCCACT-4","Glut-DACH2-1","Ex_DACH2_MGAT4C",0.766174159242119
"_TGAGGAGGTCGGAAAC-4","Glut-DACH2-1","Ex_DACH2_NR4A3",0.469336260622899
"_TGAGGGACATGGAATA-4","Glut-DACH2-2","Ex_DACH2_MGAT4C",0.679185231416993
"_TGAGGGAGTAGTCGTT-4","Glut-DACH2-3","Ex_DACH2_SLIT2",0.602315941631341
"_TGAGGTTAGCCTGACC-4","Glut-DACH2-3","Ex_DACH2_ZMAT4",0.58286402933271
"_TGAGGTTGTAGGTGCA-4","Glut-DACH2-4","Ex_DACH2_ITGA9",0.709155787406075
"_TGAGGTTTCAATCTTC-4","Glut-DACH2-1","Ex_DACH2_NR4A3",0.932423200879342
"_TGAGTCACATGCAGGA-4","Glut-DACH2-3","Ex_DACH2_SLIT2",0.954093826548637
"_TGATCAGAGGAAGTCC-4","Glut-DACH2-3","Ex_DACH2_SLIT2",0.742034215407467
"_TGATCAGAGTAGCCAG-4","Glut-DACH2-1","Ex_DACH2_MGAT4C",0.494509017109114
"_TGATCAGCACATATCG-4","Glut-DACH2-3","Ex_DACH2_CEMIP",0.772959413432437
"_TGATCAGCATGTGGCC-4","Glut-DACH2-3","Ex_DACH2_SLIT2",0.922281475653677
"_TGATCAGGTGACACGA-4","Glut-DACH2-3","Ex_DACH2_SLIT2",0.703503301254506
"_TGATCTTAGCTAGTTC-4","Glut-DACH2-2","Ex_DACH2_MGAT4C",0.334240137305043
"_TGATCTTTCATTTCCA-4","Glut-DACH2-3","Ex_DACH2_CEMIP",0.529128626360771
"_TGATGGTGTTGTGCAT-4","Glut-DACH2-1","Ex_DACH2_MGAT4C",0.668861120638554
"_TGATTCTGTGAAAGTT-4","Glut-DACH2-3","Ex_DACH2_SLIT2",0.492705332574909
"_TGATTTCAGGGTAATT-4","Glut-DACH2-2","Ex_DACH2_ADAMTS5",0.525685959106145
"_TGCACGGTCCAACCAA-4","Glut-DACH2-1","Ex_DACH2_MGAT4C",0.850762765733904
"_TGCAGATGTCCCAAAT-4","Glut-DACH2-3","Ex_DACH2_SLIT2",0.534883604660935
"_TGCAGATTCAGGTGTT-4","Glut-DACH2-4","Ex_DACH2_ITGA9",0.423860505904941
"_TGCAGATTCGCATGAT-4","Glut-DACH2-2","Ex_DACH2_MGAT4C",0.321496159909645
"_TGCAGGCAGTTGCGAG-4","Glut-DACH2-1","Ex_DACH2_MGAT4C",0.507399116683269
"_TGCAGTACACACACTA-4","Glut-DACH2-2","Ex_DACH2_MGAT4C",0.588361550290343
"_TGCAGTAGTTGCCAAT-4","Glut-DACH2-1","Ex_DACH2_MGAT4C",0.854768435813772
"_TGCATCCTCCCAAGTA-4","Glut-DACH2-1","Ex_DACH2_MGAT4C",0.363909178586772
"_TGCATGACAAAGGGCT-4","Glut-DACH2-2","Ex_DACH2_MGAT4C",0.66683588669641
"_TGCATGATCAAGTTGC-4","Glut-DACH2-1","Ex_DACH2_NR4A3",0.955288391851253
"_TGCCGAGCATAACCCA-4","Glut-DACH2-3","Ex_DACH2_SLIT2",0.621584159798725
"_TGCCGAGTCTGTTCAT-4","Glut-DACH2-3","Ex_DACH2_ZMAT4",0.52123242643642
"_TGCGACGTCGTGGACC-4","Glut-DACH2-5","Ex_DACH2_ADAMTS5",0.754676068611213
"_TGCGACGTCTAGCAAC-4","Glut-DACH2-1","Ex_DACH2_GRIK4",0.703958651545633
"_TGCGATAGTTGTAAAG-4","Glut-DACH2-3","Ex_DACH2_SLIT2",0.641491228730063
"_TGCGGCAAGACGATAT-4","Glut-DACH2-1","Ex_DACH2_MGAT4C",0.409780037953591
"_TGCGGCAGTACTGACT-4","Glut-DACH2-3","Ex_DACH2_SLIT2",0.857446330453562
"_TGCGGGTAGACTTCCA-4","Glut-DACH2-3","Ex_DACH2_SLIT2",0.747294483498025
"_TGCGGGTCACTACCCT-4","Glut-DACH2-4","Ex_DACH2_ITGA9",0.674030197823079
"_TGCGGGTGTGGTCTTA-4","Glut-DACH2-4","Ex_DACH2_ITGA9",0.553023997977221
"_TGCTCCAGTACAAAGT-4","Glut-DACH2-1","Ex_DACH2_MGAT4C",0.404965792452402
"_TGCTCGTAGCCAAGCA-4","Glut-DACH2-3","Ex_DACH2_SLIT2",0.980943428286711
"_TGCTCGTAGCCATTTG-4","Glut-DACH2-1","Ex_DACH2_ADAMTS5",0.526021024860888
"_TGCTCGTAGTGCTCGC-4","Glut-DACH2-5","Ex_DACH2_ADAMTS5",0.897669531263424
"_TGCTGAACACAGCATT-4","Glut-DACH2-2","Ex_DACH2_ADAMTS5",0.38763910436481
"_TGCTGAACATTACGGT-4","Glut-DACH2-3","Ex_DACH2_SLIT2",0.726184111840703
"_TGCTGAAGTCCTTGTC-4","Glut-DACH2-3","Ex_DACH2_SLIT2",0.683670627438356
"_TGCTGAAGTGTAGTGG-4","Glut-DACH2-2","Ex_DACH2_MGAT4C",0.55344391182111
"_TGCTTCGAGTCATACC-4","Glut-DACH2-3","Ex_DACH2_ZMAT4",0.359736496489863
"_TGCTTCGAGTCTGGAG-4","Glut-DACH2-1","Ex_DACH2_MGAT4C",0.377148649952936
"_TGCTTCGAGTTACGAA-4","Glut-DACH2-5","Ex_DACH2_ADAMTS5",0.831997240923324
"_TGCTTCGGTTTACTGG-4","Glut-DACH2-1","Ex_DACH2_LUZP2",0.347908309397923
"_TGCTTCGTCCACAGCG-4","Glut-DACH2-4","Ex_DACH2_ITGA9",0.46499716240759
"_TGCTTGCGTGTCTTAG-4","Glut-DACH2-2","Ex_DACH2_GRIK4",0.491208495072973
"_TGGAACTAGAAGAGCA-4","Glut-DACH2-2","Ex_DACH2_MGAT4C",0.443567463922409
"_TGGAACTAGGGATCGT-4","Glut-DACH2-3","Ex_DACH2_SLIT2",0.889731554285001
"_TGGAACTGTAAGGTCG-4","Glut-DACH2-3","Ex_DACH2_SLIT2",0.64907205297474
"_TGGAACTGTGATATAG-4","Glut-DACH2-3","Ex_DACH2_SLIT2",0.947126879068047
"_TGGAACTTCTAGTACG-4","Glut-DACH2-3","Ex_DACH2_SLIT2",0.795771467680173
"_TGGAACTTCTTGGCTC-4","Glut-DACH2-1","Ex_DACH2_NR4A3",0.967987625895554
"_TGGAGAGAGCCTGCCA-4","Glut-DACH2-2","Ex_DACH2_NR4A3",0.406875219227178
"_TGGAGAGCAACAAGAT-4","Glut-DACH2-1","Ex_DACH2_GRIK4",0.668975596765896
"_TGGAGAGCACGTTGGC-4","Glut-DACH2-5","Ex_DACH2_ADAMTS5",0.904356492258143
"_TGGAGAGGTCGGAAAC-4","Glut-DACH2-2","Ex_DACH2_MGAT4C",0.495259365377475
"_TGGAGAGTCGTCGCTT-4","Glut-DACH2-1","Ex_DACH2_MGAT4C",0.649812415680096
"_TGGAGGAAGTCCTACA-4","Glut-DACH2-2","Ex_DACH2_LHX2",0.34513530481412
"_TGGAGGACATCTTTCA-4","Glut-DACH2-4","Ex_DACH2_MGAT4C",0.281988264459525
"_TGGATGTAGAATCTAG-4","Glut-DACH2-1","Ex_DACH2_MGAT4C",0.75277298527381
"_TGGATGTCAAACACCT-4","Glut-DACH2-2","Ex_DACH2_MGAT4C",0.62798121366297
"_TGGATGTGTGTACGCC-4","Glut-DACH2-1","Ex_DACH2_NR4A3",0.994657255272699
"_TGGATGTGTTCCGTTC-4","Glut-DACH2-1","Ex_DACH2_MGAT4C",0.457919616743802
"_TGGCGTGAGGTATCTC-4","Glut-DACH2-2","Ex_DACH2_LHX2",0.457859564628097
"_TGGCGTGCAATTTCTC-4","Glut-DACH2-1","Ex_DACH2_MGAT4C",0.690854731431906
"_TGGGAAGCACATAGCT-4","Glut-DACH2-2","Ex_DACH2_MGAT4C",0.383362577378845
"_TGGGAAGTCCCAAGTA-4","Glut-DACH2-3","Ex_DACH2_SLIT2",0.831925556420657
"_TGGGAGAAGTGTCATC-4","Glut-DACH2-2","Ex_DACH2_MGAT4C",0.403680286517113
"_TGGGAGATCAAGCCCG-4","Glut-DACH2-1","Ex_DACH2_MGAT4C",0.691979264756834
"_TGGGATTCACAACGCC-4","Glut-DACH2-3","Ex_DACH2_NR4A3",0.844735539074754
"_TGGGATTCAGTGGCTC-4","Glut-DACH2-1","Ex_DACH2_MGAT4C",0.702413933347608
"_TGGGCGTTCCGTCCTA-4","Glut-DACH2-3","Ex_DACH2_SLIT2",0.600272933693925
"_TGGGCTGAGGCGAAGG-4","Glut-DACH2-1","Ex_DACH2_MGAT4C",0.888186678955153
"_TGGGCTGCATACAGGG-4","Glut-DACH2-2","Ex_DACH2_ADAMTS5",0.543410223990023
"_TGGGCTGGTTGCGGAA-4","Glut-DACH2-3","Ex_DACH2_SLIT2",0.499585011659962
"_TGGTACAGTTCCTTGC-4","Glut-DACH2-5","Ex_DACH2_ADAMTS5",0.794018165098097
"_TGGTACATCCATTCGC-4","Glut-DACH2-1","Ex_DACH2_LHX2",0.457488346383534
"_TGGTACATCTTGGGCG-4","Glut-DACH2-3","Ex_DACH2_SLIT2",0.893319545187624
"_TGGTAGTAGCGTATGG-4","Glut-DACH2-1","Ex_DACH2_MGAT4C",0.680254398823971
"_TGGTAGTTCCGGTTCT-4","Glut-DACH2-3","Ex_DACH2_SLIT2",0.590733969301769
"_TGGTAGTTCGAGAAGC-4","Glut-DACH2-3","Ex_DACH2_SLIT2",0.613078307797392
"_TGGTGATCAATGACCT-4","Glut-DACH2-2","Ex_DACH2_MGAT4C",0.347358315582182
"_TGGTTAGAGCGATCGA-4","Glut-DACH2-1","Ex_DACH2_GRIK4",0.454339280586079
"_TGGTTAGAGTCATACC-4","Glut-DACH2-2","Ex_DACH2_ADAMTS5",0.385871588080585
"_TGGTTAGGTGTCTTCC-4","Glut-DACH2-3","Ex_DACH2_SLIT2",0.758530199278143
"_TGGTTAGTCAAGAAAC-4","Glut-DACH2-4","Ex_DACH2_ITGA9",0.64145616969073
"_TGTAACGCATAGATGA-4","Glut-DACH2-4","Ex_DACH2_ITGA9",0.528403579303071
"_TGTAACGTCCCGTTCA-4","Glut-DACH2-3","Ex_DACH2_SLIT2",0.609508280160255
"_TGTAAGCGTAGTGTGG-4","Glut-DACH2-1","Ex_DACH2_NR4A3",0.403421585715095
"_TGTAAGCTCCGCACGA-4","Glut-DACH2-3","Ex_DACH2_SLIT2",0.938900553690623
"_TGTAAGCTCGTCAACA-4","Glut-DACH2-1","Ex_DACH2_MGAT4C",0.814520644040919
"_TGTACAGTCTCATTGT-4","Glut-DACH2-1","Ex_DACH2_NR4A3",0.803043568671359
"_TGTAGACCAAAGCTCT-4","Glut-DACH2-HVCx","Ex_DACH2_ITGA9",0.687789209254255
"_TGTAGACCAACTCGAT-4","Glut-DACH2-2","Ex_DACH2_LHX2",0.449042044499371
"_TGTAGACTCGCTGTTC-4","Glut-DACH2-2","Ex_DACH2_LHX2",0.302228351666289
"_TGTCCACAGACCATTC-4","Glut-DACH2-1","Ex_DACH2_NR4A3",0.986294150967979
"_TGTCCTGAGATGCGAC-4","Glut-DACH2-2","Ex_DACH2_MGAT4C",0.413399650052371
"_TGTCCTGCAGTAACAA-4","Glut-DACH2-3","Ex_DACH2_SLIT2",0.951476630864173
"_TGTCCTGGTCATCCCT-4","Glut-DACH2-3","Ex_DACH2_CEMIP",0.493510368897075
"_TGTGATGAGGAGACCT-4","Glut-DACH2-1","Ex_DACH2_SLIT2",0.380172392884461
"_TGTGCGGAGATCACTC-4","Glut-DACH2-3","Ex_DACH2_SLIT2",0.84040528219385
"_TGTGCGGAGGCAGGGA-4","Glut-DACH2-2","Ex_DACH2_GRIK4",0.417094289567004
"_TGTGGCGAGAGAGCGG-4","Glut-DACH2-1","Ex_DACH2_NR4A3",0.475165067462107
"_TGTGGCGCAGGGAATC-4","Glut-DACH2-3","Ex_DACH2_SLIT2",0.838211491341385
"_TGTTACTGTGTTCATG-4","Glut-DACH2-2","Ex_DACH2_MGAT4C",0.465178994503769
"_TGTTCCGAGCGAACTG-4","Glut-DACH2-3","Ex_DACH2_SLIT2",0.757791854461084
"_TGTTCCGCATTAGGCT-4","Glut-DACH2-2","Ex_DACH2_MGAT4C",0.444878118587864
"_TGTTCTAAGTACTGGG-4","Glut-DACH2-4","Ex_DACH2_ITGA9",0.541463660490302
"_TGTTCTACAAAGAGTT-4","Glut-DACH2-2","Ex_DACH2_LHX2",0.626282218746795
"_TGTTCTAGTATGCTTG-4","Glut-DACH2-3","Ex_DACH2_SLIT2",0.572140618520627
"_TGTTCTATCCTACAAG-4","Glut-DACH2-4","Ex_DACH2_NR4A3",0.659860799637862
"_TGTTGGACAATCACGT-4","Glut-DACH2-2","Ex_DACH2_GRIK4",0.332780139621714
"_TGTTGGACAGACGCTC-4","Glut-DACH2-1","Ex_DACH2_MGAT4C",0.746726240078072
"_TGTTTGTAGACGGTCA-4","Glut-DACH2-2","Ex_DACH2_ADAMTS5",0.472156815880447
"_TGTTTGTAGGTACAGC-4","Glut-DACH2-2","Ex_DACH2_LHX2",0.506913842598454
"_TGTTTGTTCAGGAGAC-4","Glut-DACH2-4","Ex_DACH2_SLIT2",0.443693493111436
"_TGTTTGTTCGGCGATC-4","Glut-DACH2-2","Ex_DACH2_MGAT4C",0.726254475807913
"_TTAATCCAGACAGTCG-4","Glut-DACH2-1","Ex_DACH2_GRIK4",0.756648284325463
"_TTAATCCAGAGTTGAT-4","Glut-DACH2-3","Ex_DACH2_SLIT2",0.783166202633823
"_TTAATCCAGTAGTCCT-4","Glut-DACH2-5","Ex_DACH2_ADAMTS5",0.878937762898396
"_TTACAGGAGCCTTGAT-4","Glut-DACH2-1","Ex_DACH2_MGAT4C",0.750948678753438
"_TTACAGGAGCGAATGC-4","Glut-DACH2-2","Ex_DACH2_LHX2",0.425268853596793
"_TTACAGGAGGGCCCTT-4","Glut-DACH2-3","Ex_DACH2_SLIT2",0.934392377944104
"_TTACAGGGTGCACATT-4","Glut-DACH2-1","Ex_DACH2_LUZP2",0.541369781383785
"_TTACCATGTCTTACTT-4","Glut-DACH2-2","Ex_DACH2_MGAT4C",0.413155114617073
"_TTACCGCAGTACCCTA-4","Glut-DACH2-3","Ex_DACH2_SLIT2",0.514542435256138
"_TTACCGCCAATTGAAG-4","Glut-DACH2-3","Ex_DACH2_CEMIP",0.821764191306347
"_TTACCGCCAGTCACGC-4","Glut-DACH2-3","Ex_DACH2_ZMAT4",0.474483583187352
"_TTACGCCCAAGGATGC-4","Glut-DACH2-2","Ex_DACH2_MGAT4C",0.303919183946793
"_TTACGCCTCTCAATCT-4","Glut-DACH2-3","Ex_DACH2_SLIT2",0.980758996300794
"_TTACGTTAGGTAAACT-4","Glut-DACH2-1","Ex_DACH2_MGAT4C",0.878682901254386
"_TTACGTTGTCATCCCT-4","Glut-DACH2-2","Ex_DACH2_LHX2",0.597936388071364
"_TTACGTTGTCCACTCT-4","Glut-DACH2-3","Ex_DACH2_SLIT2",0.851859990911735
"_TTACTGTAGGATGGCT-4","Glut-DACH2-3","Ex_DACH2_CEMIP",0.674065880794049
"_TTAGGGTAGGAGGTTC-4","Glut-DACH2-3","Ex_DACH2_SLIT2",0.875967935468007
"_TTAGGGTTCACGATCA-4","Glut-DACH2-3","Ex_DACH2_ZMAT4",0.61088860100195
"_TTAGTCTAGAACGCGT-4","Glut-DACH2-3","Ex_DACH2_ITGA9",0.33440436867678
"_TTCAATCCAAGGGTCA-4","Glut-DACH2-3","Ex_DACH2_ZMAT4",0.712766245808261
"_TTCAATCCATCGAGCC-4","Glut-DACH2-4","Ex_DACH2_GRIK4",0.367616830999599
"_TTCAATCGTCGCATGC-4","Glut-DACH2-2","Ex_DACH2_LHX2",0.523598881695021
"_TTCAATCTCAGTCCGG-4","Glut-DACH2-1","Ex_DACH2_MGAT4C",0.426392146836575
"_TTCACCGGTGAGTTGG-4","Glut-DACH2-5","Ex_DACH2_GRIK4",0.337637403693189
"_TTCACCGTCCGAGATT-4","Glut-DACH2-3","Ex_DACH2_SLIT2",0.936043255345297
"_TTCACGCAGCTAAACA-4","Glut-DACH2-1","Ex_DACH2_LHX2",0.373863167352041
"_TTCACGCAGTCATAGA-4","Glut-DACH2-1","Ex_DACH2_GRIK4",0.466106611759789
"_TTCAGGAGTACTGGGA-4","Glut-DACH2-1","Ex_DACH2_MGAT4C",0.646462366707212
"_TTCAGGATCAGGAGAC-4","Glut-DACH2-1","Ex_DACH2_MGAT4C",0.726815416383814
"_TTCCAATGTGATCATC-4","Glut-DACH2-3","Ex_DACH2_SLIT2",0.746385362666301
"_TTCCAATTCTACTGAG-4","Glut-DACH2-2","Ex_DACH2_MGAT4C",0.512033072137569
"_TTCCACGCATAATGAG-4","Glut-DACH2-3","Ex_DACH2_SLIT2",0.873913898862862
"_TTCCACGGTAGACGGT-4","Glut-DACH2-1","Ex_DACH2_NR4A3",0.296976372285145
"_TTCCGTGCAATTGCAC-4","Glut-DACH2-3","Ex_DACH2_SLIT2",0.940991713124072
"_TTCCTAATCTCACGAA-4","Glut-DACH2-3","Ex_DACH2_SLIT2",0.90179947105945
"_TTCCTCTCAGCATTGT-4","Glut-DACH2-5","Ex_DACH2_ADAMTS5",0.767382583039903
"_TTCCTCTGTTTCGTGA-4","Glut-DACH2-1","Ex_DACH2_MGAT4C",0.323246814839657
"_TTCCTTCCAAAGGAGA-4","Glut-DACH2-1","Ex_Pre_KCNH7",0.35640718541609
"_TTCGATTCACACAGCC-4","Glut-DACH2-2","Ex_DACH2_MGAT4C",0.530318481004068
"_TTCGCTGAGCGACAGT-4","Glut-DACH2-2","Ex_DACH2_GRIK4",0.595250341737691
"_TTCGCTGCACAGCATT-4","Glut-DACH2-4","Ex_DACH2_ITGA9",0.48913891547836
"_TTCGCTGGTCAGCGTC-4","Glut-DACH2-3","Ex_DACH2_SLIT2",0.906147465710478
"_TTCTAACTCTAGCCAA-4","Glut-DACH2-1","Ex_DACH2_MGAT4C",0.551338920595868
"_TTCTAGTAGTCTGGAG-4","Glut-DACH2-3","Ex_DACH2_SLIT2",0.588411586565112
"_TTCTAGTTCAGATGCT-4","Glut-DACH2-1","Ex_DACH2_NR4A3",0.916999007181226
"_TTCTAGTTCATTCACT-4","Glut-DACH2-1","Ex_DACH2_MGAT4C",0.317023108042953
"_TTCTAGTTCTTTGCAT-4","Glut-DACH2-2","Ex_DACH2_GRIK4",0.79511158113301
"_TTCTCTCAGGTACATA-4","Glut-DACH2-2","Ex_DACH2_MGAT4C",0.630695332434751
"_TTCTCTCCAGCAGGAT-4","Glut-DACH2-4","Ex_DACH2_ITGA9",0.4598307969305
"_TTCTCTCGTCTTGCTC-4","Glut-DACH2-1","Ex_DACH2_ADAMTS5",0.81066848612506
"_TTCTCTCTCCGCACGA-4","Glut-DACH2-2","Ex_DACH2_MGAT4C",0.767936066700381
"_TTCTCTCTCGGACTTA-4","Glut-DACH2-2","Ex_DACH2_NR4A3",0.295257188637004
"_TTCTTCCCATTCCTCG-4","Glut-DACH2-4","Ex_DACH2_NR4A3",0.544805045277849
"_TTCTTCCGTATGTCCA-4","Glut-DACH2-5","Ex_DACH2_ADAMTS5",0.682257015976111
"_TTCTTGAAGTCGCCCA-4","Glut-DACH2-4","Ex_DACH2_ITGA9",0.583186375758939
"_TTCTTGATCAAACTGC-4","Glut-DACH2-1","Ex_DACH2_NR4A3",0.805552919059974
"_TTGAACGTCTAGAGCT-4","Glut-DACH2-1","Ex_DACH2_MGAT4C",0.753394908982338
"_TTGACCCAGGGACAGG-4","Glut-DACH2-3","Ex_DACH2_NR4A3",0.47214660527455
"_TTGAGTGAGTTAGTAG-4","Glut-DACH2-2","Ex_DACH2_MGAT4C",0.403238523953278
"_TTGATGGAGTTGGAGC-4","Glut-DACH2-1","Ex_DACH2_MGAT4C",0.631755220269826
"_TTGCATTAGGTTGACG-4","Glut-DACH2-1","Ex_DACH2_GRIK4",0.370739344535816
"_TTGCATTCACCAGACC-4","Glut-DACH2-3","Ex_DACH2_SLIT2",0.920915782642793
"_TTGCATTTCATGACAC-4","Glut-DACH2-1","Ex_DACH2_MGAT4C",0.575480757055937
"_TTGCCTGTCGCATTGA-4","Glut-DACH2-4","Ex_DACH2_ITGA9",0.558128094920568
"_TTGCGTCGTCACCGAC-4","Glut-DACH2-3","Ex_DACH2_CEMIP",0.36065740332521
"_TTGCTGCAGCCTTTCC-4","Glut-DACH2-1","Ex_DACH2_MGAT4C",0.747682904103236
"_TTGCTGCCAATAGTGA-4","Glut-DACH2-4","Ex_DACH2_ITGA9",0.675219165949677
"_TTGCTGCCAGCTGTGC-4","Glut-DACH2-1","Ex_DACH2_GRIK4",0.353889439507679
"_TTGCTGCGTCTGCATA-4","Glut-DACH2-HVCra-Pre","Ex_DACH2_ITGA9",0.508786275758218
"_TTGGATGGTTAAGTCC-4","Glut-DACH2-3","Ex_DACH2_SLIT2",0.542006475065202
"_TTGGGATAGGCTGGAT-4","Glut-DACH2-3","Ex_DACH2_SLIT2",0.797183462125513
"_TTGGGATAGGTCACCC-4","Glut-DACH2-3","Ex_DACH2_SLIT2",0.954832669606709
"_TTGGGATGTCGAACGA-4","Glut-DACH2-2","Ex_DACH2_MGAT4C",0.528115250584323
"_TTGGGATTCAAGCGTT-4","Glut-DACH2-1","Ex_DACH2_MGAT4C",0.479040639792623
"_TTGGGCGAGGGTTTCT-4","Glut-DACH2-2","Ex_DACH2_MGAT4C",0.258439457947808
"_TTGGGTACACTCTAGA-4","Glut-DACH2-3","Ex_DACH2_SLIT2",0.928796262324932
"_TTGGGTAGTAGTCCTA-4","Glut-DACH2-3","Ex_DACH2_SLIT2",0.671283814990423
"_TTGGGTATCCCACAGG-4","Glut-DACH2-3","Ex_DACH2_SLIT2",0.311561412955404
"_TTGGTTTCAGGGACTA-4","Glut-DACH2-3","Ex_DACH2_SLIT2",0.925898389627055
"_TTGTGGAAGATTAGAC-4","Glut-DACH2-5","Ex_DACH2_ADAMTS5",0.634199927820794
"_TTGTGGAAGCATTGAA-4","Glut-DACH2-4","Ex_DACH2_ITGA9",0.379874439320768
"_TTGTGTTAGAGTATAC-4","Glut-DACH2-3","Ex_DACH2_SLIT2",0.874526399943155
"_TTGTTCAAGACGCTCC-4","Glut-DACH2-1","Ex_DACH2_GRIK4",0.379597974567544
"_TTGTTGTAGAGTCTGG-4","Glut-DACH2-1","Ex_DACH2_MGAT4C",0.634670754465211
"_TTGTTGTGTATCGTGT-4","Glut-DACH2-3","Ex_DACH2_SLIT2",0.778905386058847
"_TTGTTGTTCGAGTCTA-4","Glut-DACH2-4","Ex_DACH2_GRIK4",0.395360239648257
"_TTGTTGTTCTTCGGTC-4","Glut-DACH2-3","Ex_DACH2_CEMIP",0.41008259334391
"_TTGTTTGAGGAGCAAA-4","Glut-DACH2-2","Ex_DACH2_ADAMTS5",0.528120005331864
"_TTGTTTGGTAGACAAT-4","Glut-DACH2-2","Ex_DACH2_LHX2",0.52346668163099
"_TTGTTTGGTGAGCTCC-4","Glut-DACH2-4","Ex_DACH2_ITGA9",0.691153342759354
"_TTTACCAAGCACGATG-4","Glut-DACH2-1","Ex_DACH2_GRIK4",0.467573592591231
"_TTTACGTAGGCATGGT-4","Glut-DACH2-3","Ex_DACH2_SLIT2",0.735070355759558
"_TTTACGTAGGTTGCCC-4","Glut-DACH2-3","Ex_DACH2_CEMIP",0.794365983780048
"_TTTACTGTCTCGTGAA-4","Glut-DACH2-3","Ex_DACH2_SLIT2",0.842869438104116
"_TTTAGTCCAGGTAGTG-4","Glut-DACH2-1","Ex_DACH2_LHX2",0.431040316371345
"_TTTAGTCGTTACCCAA-4","Glut-DACH2-1","Ex_DACH2_NR4A3",0.308626088988353
"_TTTATGCCATGAAAGT-4","Glut-DACH2-1","Ex_CACNA1H_MCTP2",0.367881531781091
"_TTTCACACACGAGAAC-4","Glut-DACH2-2","Ex_DACH2_GRIK4",0.480500838267004
"_TTTCAGTAGTTCCGTA-4","Glut-DACH2-3","Ex_DACH2_SLIT2",0.905892751540475
"_TTTCAGTGTAACACCT-4","Glut-DACH2-2","Ex_DACH2_LHX2",0.351631386236688
"_TTTCAGTGTCGAATTC-4","Glut-DACH2-3","Ex_DACH2_CEMIP",0.799260192472169
"_TTTCAGTTCCTTCGAC-4","Glut-DACH2-1","Ex_DACH2_NR4A3",0.90248403934843
"_TTTCATGAGACCAGAC-4","Glut-DACH2-1","Ex_DACH2_MGAT4C",0.631641382020244
"_TTTCATGAGTAGGAAG-4","Glut-DACH2-3","Ex_DACH2_SLIT2",0.728801338086883
"_TTTCATGCACCCTGTT-4","Glut-DACH2-3","Ex_DACH2_CEMIP",0.503741114557368
"_TTTCATGGTCTTTCTA-4","Glut-DACH2-2","Ex_DACH2_ADAMTS5",0.719181029114713
"_TTTCCTCGTATCTCTT-4","Glut-DACH2-2","Ex_DACH2_MGAT4C",0.819646561924286
"_TTTCGATAGACTTCAC-4","Glut-DACH2-2","Ex_DACH2_ADAMTS5",0.775024075915825
"_TTTCGATCAACAGCCC-4","Glut-DACH2-3","Ex_DACH2_SLIT2",0.882653579903279
"_TTTCGATGTGAATTAG-4","Glut-DACH2-3","Ex_DACH2_SLIT2",0.40389338146131
"_TTTCGATGTGACTCGC-4","Glut-DACH2-2","Ex_DACH2_LHX2",0.389065108172658
"_TTTGACTAGTAAACTG-4","Glut-DACH2-2","Ex_DACH2_MGAT4C",0.430707065742594
"_TTTGACTCACACGGAA-4","Glut-DACH2-3","Ex_DACH2_SLIT2",0.53081507411974
"_TTTGACTTCGAGGCAA-4","Glut-DACH2-1","Ex_DACH2_NR4A3",0.622068238744691
"_TTTGATCTCATTCGTT-4","Glut-DACH2-2","Ex_DACH2_LHX2",0.309367802044859
"_TTTGGAGAGGAAAGAC-4","Glut-DACH2-3","Ex_DACH2_CEMIP",0.784787377230182
"_TTTGGAGCAGATCCAT-4","Glut-DACH2-4","Ex_DACH2_ITGA9",0.30297539871012
"_TTTGGAGGTCCACAGC-4","Glut-DACH2-3","Ex_DACH2_CEMIP",0.355051082250671
"_TTTGGAGGTCTACAGT-4","Glut-DACH2-2","Ex_DACH2_MGAT4C",0.287199125364775
"_TTTGGTTCATGGTGGA-4","Glut-DACH2-2","Ex_DACH2_MGAT4C",0.525306269021657
"_TTTGGTTGTCCCTCAT-4","Glut-DACH2-4","Ex_DACH2_ITGA9",0.812707523614527
"_TTTGTTGAGGCCATAG-4","Glut-DACH2-4","Ex_DACH2_ITGA9",0.524640841906589
"_AAACCCAAGTAGACAT-5","Glut-DACH2-LMANsh","Ex_DACH2_GRIK4",0.496329404223174
"_AAACCCAAGTAGGATT-5","Glut-DACH2-LMANsh","Ex_DACH2_ADAMTS5",0.217938519113775
"_AAACCCAGTGACTATC-5","Glut-DACH2-LMANsh","Ex_DACH2_LHX2",0.545247565586943
"_AAACCCAGTGATACAA-5","Glut-DACH2-7","Ex_DACH2_CEMIP",0.413772353031892
"_AAACCCAGTTAATCGC-5","Glut-DACH2-8","Ex_DACH2_CEMIP",0.482217903758817
"_AAACCCATCGAATCCA-5","Glut-DACH2-LMANsh","Ex_DACH2_GRIK4",0.429701369315057
"_AAACGAAAGAGACAAG-5","Glut-DACH2-5","Ex_DACH2_GRIK4",0.459380719977729
"_AAACGAAGTATGTCAC-5","Glut-DACH2-LMANsh","Ex_DACH2_LHX2",0.476507735301117
"_AAACGAATCTAGGAAA-5","Glut-DACH2-8","Ex_DACH2_CEMIP",0.628454227152523
"_AAACGCTGTGGCACTC-5","Glut-DACH2-LMANsh","Ex_DACH2_ADAMTS5",0.388334261221525
"_AAAGAACGTATCACGT-5","Glut-DACH2-LMANco","Ex_DACH2_CEMIP",0.80675126642804
"_AAAGGATCATTGTAGC-5","Glut-DACH2-LMANco","Ex_DACH2_CEMIP",0.314342345129315
"_AAAGGATGTCCAATCA-5","Glut-DACH2-LMANco","Ex_BCL6",0.339220670680785
"_AAAGGGCCAAATTGGA-5","Glut-DACH2-LMANco","Ex_DACH2_CEMIP",0.728024963343964
"_AAAGGGCCAGCTGCCA-5","Glut-DACH2-8","Ex_DACH2_CEMIP",0.538059590564722
"_AAAGGGCTCAGACAAA-5","Glut-DACH2-LMANsh","Ex_DACH2_ADAMTS5",0.672622712440385
"_AAAGGTAAGGCTAAAT-5","Glut-DACH2-LMANsh","Ex_DACH2_GRIK4",0.733365998687153
"_AAAGTCCAGATCGGTG-5","Glut-DACH2-LMANco","Ex_DACH2_CEMIP",0.535910131728843
"_AAAGTCCCATCGATAC-5","Glut-DACH2-LMANco","Ex_BCL6",0.465581913983114
"_AAAGTCCGTCATTCCC-5","Glut-DACH2-LMANco","Ex_DACH2_ZMAT4",0.258703697938834
"_AAAGTCCTCAACCCGG-5","Glut-DACH2-LMANco","Ex_DACH2_TAC1",0.271726187835205
"_AAAGTGACAGTTACCA-5","Glut-DACH2-8","Ex_DACH2_CEMIP",0.481875684987803
"_AAAGTGACATGGAAGC-5","Glut-DACH2-LMANsh","Ex_DACH2_GRIK4",0.29361221627635
"_AAAGTGATCGAGTACT-5","Glut-DACH2-LMANsh","Ex_DACH2_LHX2",0.439514556110796
"_AAATGGAAGGGTGAAA-5","Glut-DACH2-LMANsh","Ex_DACH2_ADAMTS5",0.366304869130183
"_AAATGGATCCCGTGTT-5","Glut-DACH2-LMANsh","Ex_DACH2_ZMAT4",0.475283501303667
"_AACAACCCAATGGCCC-5","Glut-DACH2-8","Ex_DACH2_ZMAT4",0.643680195234751
"_AACAACCCACAGTACT-5","Glut-DACH2-8","Ex_DACH2_ZMAT4",0.755534462703586
"_AACAACCTCACCGCTT-5","Glut-DACH2-LMANsh","Ex_DACH2_LHX2",0.601444072114275
"_AACAAGAGTTACTCAG-5","Glut-DACH2-LMANsh","Ex_DACH2_ITGA9",0.306271680509937
"_AACAAGATCAGACCTA-5","Glut-DACH2-6","Ex_DACH2_CEMIP",0.809964579681448
"_AACAAGATCGAACTCA-5","Glut-DACH2-LMANsh","Ex_DACH2_GRIK4",0.331643603312576
"_AACACACCAATTGCAC-5","Glut-DACH2-LMANsh","Ex_DACH2_LHX2",0.511901189892432
"_AACACACGTTTACGAC-5","Glut-DACH2-LMANsh","Ex_DACH2_LHX2",0.537873153874474
"_AACAGGGAGAGTCACG-5","Glut-DACH2-8","Ex_DACH2_ZMAT4",0.631814678676666
"_AACAGGGGTCTTGAAC-5","Glut-DACH2-6","Ex_DACH2_CEMIP",0.596439046521477
"_AACCAACGTTTCCCAC-5","Glut-DACH2-LMANsh","Ex_DACH2_GRIK4",0.393336014630823
"_AACCAACTCAGGTGTT-5","Glut-DACH2-LMANsh","Ex_DACH2_NR4A3",0.343513669480133
"_AACCACAAGACTTCCA-5","Glut-DACH2-LMANsh","Ex_DACH2_GRIK4",0.499514334083231
"_AACCATGAGAATGTTG-5","Glut-DACH2-LMANco","Ex_DACH2_CEMIP",0.789084118844741
"_AACCATGCATGCTGCG-5","Glut-DACH2-LMANsh","Ex_DACH2_LHX2",0.349744109604441
"_AACCATGGTCTGCGCA-5","Glut-DACH2-LMANsh","Ex_DACH2_LHX2",0.538853445431589
"_AACCATGGTGTCCGTG-5","Glut-DACH2-LMANsh","Ex_DACH2_ADAMTS5",0.47793274241163
"_AACCATGTCTGGACTA-5","Glut-DACH2-LMANsh","Ex_DACH2_LHX2",0.340729091976462
"_AACCCAAGTAGCTCGC-5","Glut-DACH2-8","Ex_DACH2_ZMAT4",0.537753541697417
"_AACCTGACAGACACCC-5","Glut-DACH2-LMANsh","Ex_DACH2_LHX2",0.514599499719875
"_AACCTGATCATGAGTC-5","Glut-DACH2-LMANco","Ex_BCL6",0.442348538170161
"_AACGAAACATTGAAAG-5","Glut-DACH2-LMANsh","Ex_DACH2_LHX2",0.458860322429889
"_AACGAAAGTCCACATA-5","Glut-DACH2-6","Ex_DACH2_CEMIP",0.903982650301452
"_AACGGGAAGCACCGAA-5","Glut-DACH2-LMANsh","Ex_DACH2_LHX2",0.565186332591608
"_AACGGGAGTAGCACGA-5","Glut-DACH2-LMANco","Ex_DACH2_CEMIP",0.714614760001892
"_AACGTCAGTACCATAC-5","Glut-DACH2-LMANsh","Ex_DACH2_ADAMTS5",0.461863622760547
"_AACGTCATCGGTCTGG-5","Glut-DACH2-LMANco","Ex_DACH2_CEMIP",0.531702515207491
"_AACTTCTCATTGCTGA-5","Glut-DACH2-5","Ex_DACH2_ADAMTS5",0.448825604267464
"_AACTTCTGTTAGGCCC-5","Glut-DACH2-LMANsh","Ex_DACH2_MGAT4C",0.40835395506991
"_AAGAACACACCGGTCA-5","Glut-DACH2-LMANsh","Ex_DACH2_RORB",0.359323311791558
"_AAGAACACACTTCAGA-5","Glut-DACH2-LMANco","Ex_DACH2_CEMIP",0.62476536087915
"_AAGAACAGTAACAGGC-5","Glut-DACH2-LMANsh","Ex_DACH2_ADAMTS5",0.667115714080387
"_AAGAACAGTAAGATCA-5","Glut-DACH2-LMANsh","Ex_DACH2_ADAMTS5",0.491389391985606
"_AAGACAATCGCTACGG-5","Glut-DACH2-LMANco","Ex_DACH2_CEMIP",0.620215234393214
"_AAGACAATCGTGCTCT-5","Glut-DACH2-6","Ex_DACH2_CEMIP",0.560490290109611
"_AAGACTCCACGTCATA-5","Glut-DACH2-6","Ex_DACH2_CEMIP",0.940320246951571
"_AAGACTCCATCGTGCG-5","Glut-DACH2-LMANsh","Ex_DACH2_LHX2",0.47303667943887
"_AAGACTCGTTCGAGCC-5","Glut-DACH2-6","Ex_DACH2_CEMIP",0.868080384973281
"_AAGACTCTCAGCATTG-5","Glut-DACH2-LMANsh","Ex_DACH2_NR4A3",0.459555523405583
"_AAGATAGAGGTAGGCT-5","Glut-DACH2-LMANsh","Ex_DACH2_LHX2",0.349387541994311
"_AAGATAGTCCGTGTAA-5","Glut-DACH2-8","Ex_DACH2_CEMIP",0.695729294608355
"_AAGATAGTCTGGCTGG-5","Glut-DACH2-8","Ex_DACH2_CEMIP",0.505774348278241
"_AAGCATCAGGTGCCTC-5","Glut-DACH2-LMANco","Ex_DACH2_CEMIP",0.295564840148512
"_AAGCATCCAGGACTTT-5","Glut-DACH2-LMANsh","Ex_DACH2_LHX2",0.47695173340585
"_AAGCCATAGCAATTCC-5","Glut-DACH2-LMANsh","Ex_DACH2_LHX2",0.355919586562553
"_AAGCCATCACATGGTT-5","Glut-DACH2-LMANsh","Ex_DACH2_GRIK4",0.289141348635461
"_AAGCGAGAGGTCCCGT-5","Glut-DACH2-8","Ex_DACH2_CEMIP",0.70588963086223
"_AAGCGAGAGTTGCGAG-5","Glut-DACH2-8","Ex_DACH2_CEMIP",0.530832394244211
"_AAGCGAGCAACAAGTA-5","Glut-DACH2-LMANco","Ex_DACH2_CEMIP",0.805068659301533
"_AAGCGTTAGAAGAACG-5","Glut-DACH2-LMANsh","Ex_DACH2_ITGA9",0.457002043879097
"_AAGCGTTAGCGTTCCG-5","Glut-DACH2-LMANco","Ex_DACH2_CEMIP",0.846999757081747
"_AAGCGTTCATAGGCGA-5","Glut-DACH2-LMANsh","Ex_DACH2_NR4A3",0.336805602880636
"_AAGGAATTCAATGCAC-5","Glut-DACH2-LMANsh","Ex_DACH2_LHX2",0.261652635563258
"_AAGGTAACAACGTATC-5","Glut-DACH2-8","Ex_DACH2_CEMIP",0.628546704680152
"_AAGGTAACAATTCTTC-5","Glut-DACH2-LMANco","Ex_DACH2_CEMIP",0.541109500449057
"_AAGGTAAGTTGTTGAC-5","Glut-DACH2-1","Ex_DACH2_GRIK4",0.497074468662732
"_AAGTACCCATGTGTCA-5","Glut-DACH2-8","Ex_DACH2_CEMIP",0.510214248555711
"_AAGTACCGTCGTCTCT-5","Glut-DACH2-LMANco","Ex_DACH2_CEMIP",0.481879172456809
"_AAGTACCTCGCTCATC-5","Glut-DACH2-LMANco","Ex_DACH2_CEMIP",0.500490273022078
"_AAGTCGTAGAGGCGTT-5","Glut-DACH2-LMANsh","Ex_DACH2_LHX2",0.462295502917979
"_AAGTCGTTCCATTTCA-5","Glut-DACH2-5","Ex_DACH2_LHX2",0.632329675555549
"_AAGTGAACAAAGGCAC-5","Glut-DACH2-LMANco","Ex_BCL6",0.306972580017145
"_AAGTGAAGTAGCCCTG-5","Glut-DACH2-8","Ex_DACH2_ZMAT4",0.534681121275606
"_AAGTTCGAGTGTGTTC-5","Glut-DACH2-LMANsh","Ex_DACH2_LHX2",0.394173020836956
"_AAGTTCGTCTGAGAAA-5","Glut-DACH2-6","Ex_DACH2_CEMIP",0.832384534661117
"_AATAGAGCAAATACGA-5","Glut-DACH2-LMANco","Ex_DACH2_CEMIP",0.53531514604036
"_AATAGAGCAGACACAG-5","Glut-DACH2-LMANco","Ex_DACH2_RORB",0.277819259307876
"_AATAGAGGTCGACTTA-5","Glut-DACH2-LMANsh","Ex_DACH2_GRIK4",0.327748166713834
"_AATAGAGTCGTGGCGT-5","Glut-DACH2-LMANsh","Ex_DACH2_LHX2",0.42954097268126
"_AATCACGAGTGTAGAT-5","Glut-DACH2-LMANsh","Ex_DACH2_ADAMTS5",0.484757767218402
"_AATCACGGTTACCGTA-5","Glut-DACH2-LMANsh","Ex_DACH2_LHX2",0.3882612902
"_AATCACGTCCACTTCG-5","Glut-DACH2-LMANsh","Ex_DACH2_LHX2",0.273830356944334
"_AATCGACAGAGGATGA-5","Glut-DACH2-LMANsh","Ex_DACH2_LHX2",0.44697852967961
"_AATCGACAGGGTTGCA-5","Glut-DACH2-LMANco","Ex_DACH2_ZMAT4",0.602850295922646
"_AATCGACAGTAGTCCT-5","Glut-DACH2-LMANsh","Ex_DACH2_RORB",0.291017708379439
"_AATCGACGTCCACATA-5","Glut-DACH2-LMANsh","Ex_DACH2_ITGA9",0.404698840166611
"_AATCGTGAGAATCTAG-5","Glut-DACH2-LMANco","Ex_DACH2_CEMIP",0.858141617090547
"_AATCGTGTCCTACAAG-5","Glut-DACH2-LMANsh","Ex_DACH2_GRIK4",0.328247045420568
"_AATGAAGCACAAATCC-5","Glut-DACH2-LMANco","Ex_Pre_KCNH7",0.247005218096929
"_AATGAAGGTACGGCAA-5","Glut-DACH2-6","Ex_DACH2_CEMIP",0.979053967037959
"_AATGAAGTCAACCTCC-5","Glut-DACH2-LMANsh","Ex_DACH2_RORB",0.313353557395407
"_AATGACCGTCAACACT-5","Glut-DACH2-LMANco","Ex_DACH2_CEMIP",0.470487349816358
"_AATGACCTCATTGCCC-5","Glut-DACH2-LMANsh","Ex_DACH2_RORB",0.330531284247609
"_AATGCCAAGCAAGGAA-5","Glut-DACH2-LMANsh","Ex_DACH2_ITGA9",0.350564588814461
"_AATGCCACAATAAGGT-5","Glut-DACH2-LMANsh","Ex_DACH2_GRIK4",0.391982774610709
"_AATGCCATCCATGAGT-5","Glut-DACH2-LMANco","Ex_DACH2_ZMAT4",0.600618905757152
"_AATGGAACAGACAAGC-5","Glut-DACH2-LMANsh","Ex_DACH2_GRIK4",0.422840908809206
"_AATGGAACAGGTTCCG-5","Glut-DACH2-8","Ex_DACH2_ADAMTS5",0.336884324170536
"_AATGGAAGTTTGTTCT-5","Glut-DACH2-8","Ex_DACH2_ZMAT4",0.556872786335912
"_AATGGAATCGAGTTGT-5","Glut-DACH2-LMANsh","Ex_DACH2_LHX2",0.523384399059033
"_AATGGCTCATCCTAAG-5","Glut-DACH2-LMANco","Ex_DACH2_CEMIP",0.749949627852784
"_AATGGCTCATGGGAAC-5","Glut-DACH2-LMANsh","Ex_DACH2_LHX2",0.413083030854116
"_AATGGCTTCGAGTGGA-5","Glut-DACH2-LMANsh","Ex_DACH2_ADAMTS5",0.468820802727032
"_AATTCCTGTAGTTCCA-5","Glut-DACH2-LMANco","Ex_DACH2_CEMIP",0.694588231191718
"_AATTTCCCAAGGACAC-5","Glut-DACH2-6","Ex_DACH2_CEMIP",0.684817107177318
"_AATTTCCCACCCTCTA-5","Glut-DACH2-8","Ex_DACH2_ZMAT4",0.795894894431322
"_AATTTCCTCCGCTGTT-5","Glut-DACH2-LMANco","Ex_DACH2_CEMIP",0.602352155074485
"_AATTTCCTCTTTGCTA-5","Glut-DACH2-LMANco","Ex_DACH2_RORB",0.269271292850124
"_ACAAAGATCGTAGCTA-5","Glut-DACH2-LMANco","Ex_DACH2_CEMIP",0.619340403065625
"_ACAACCAAGAACCCGA-5","Glut-DACH2-6","Ex_DACH2_CEMIP",0.821852081883666
"_ACAAGCTAGAAACTCA-5","Glut-DACH2-LMANsh","Ex_DACH2_GRIK4",0.55931039780255
"_ACAAGCTGTCCACTTC-5","Glut-DACH2-6","Ex_DACH2_CEMIP",0.931066227298962
"_ACAAGCTGTGACACAG-5","Glut-DACH2-LMANco","Ex_DACH2_CEMIP",0.623571522486022
"_ACAAGCTTCCTCACCA-5","Glut-DACH2-LMANsh","Ex_DACH2_GRIK4",0.321946318260927
"_ACACAGTCAGCTACAT-5","Glut-DACH2-LMANsh","Ex_DACH2_ADAMTS5",0.545683007726837
"_ACACCAACAATTGAGA-5","Glut-DACH2-LMANsh","Ex_DACH2_LHX2",0.368831098874673
"_ACACCAATCCACGTCT-5","Glut-DACH2-LMANsh","Ex_DACH2_MGAT4C",0.49161892228204
"_ACACGCGCAATTGTGC-5","Glut-DACH2-8","Ex_DACH2_ZMAT4",0.704445406733173
"_ACACGCGCAGCCCACA-5","Glut-DACH2-7","Ex_DACH2_NR4A3",0.690412565681826
"_ACACGCGGTCGGTACC-5","Glut-DACH2-6","Ex_DACH2_CEMIP",0.932072947722339
"_ACAGAAAAGCAATAAC-5","Glut-DACH2-LMANco","Ex_DACH2_RORB",0.23952264454776
"_ACAGAAACAATAACGA-5","Glut-DACH2-8","Ex_DACH2_ZMAT4",0.640404928895548
"_ACAGAAACATCCTTGC-5","Glut-DACH2-LMANsh","Ex_DACH2_LHX2",0.455314032719939
"_ACAGGGACAATCTGCA-5","Glut-DACH2-LMANco","Ex_DACH2_ZMAT4",0.775087899240569
"_ACAGGGATCTGATGGT-5","Glut-DACH2-LMANco","Ex_DACH2_CEMIP",0.539575168865132
"_ACATCCCCAACTCGTA-5","Glut-DACH2-LMANco","Ex_Pre_KCNH7",0.255236210626149
"_ACATCCCGTGTTGATC-5","Glut-DACH2-LMANsh","Ex_DACH2_LHX2",0.351395553929738
"_ACATCCCTCAATCCGA-5","Glut-DACH2-LMANsh","Ex_DACH2_LHX2",0.474430074136899
"_ACATCGAAGAATGTTG-5","Glut-DACH2-LMANsh","Ex_DACH2_LHX2",0.521493244370572
"_ACATCGAAGCGGGTAT-5","Glut-DACH2-5","Ex_DACH2_ADAMTS5",0.640319137919036
"_ACATCGACAATCGCAT-5","Glut-DACH2-5","Ex_DACH2_LHX2",0.346973980431364
"_ACATCGACACACCGAC-5","Glut-DACH2-LMANsh","Ex_DACH2_GRIK4",0.399206538605067
"_ACATCGAGTTGCACGC-5","Glut-DACH2-8","Ex_DACH2_ZMAT4",0.853016973421814
"_ACATCGATCACGGTCG-5","Glut-DACH2-LMANco","Ex_DACH2_TAC1",0.288296855983801
"_ACATCGATCATCTGTT-5","Glut-DACH2-5","Ex_DACH2_ADAMTS5",0.525796442082191
"_ACATGCACACCCTGAG-5","Glut-DACH2-LMANsh","Ex_DACH2_ADAMTS5",0.309407701173727
"_ACATTTCGTGAGCCAA-5","Glut-DACH2-LMANco","Ex_DACH2_CEMIP",0.830554887489927
"_ACCAAACCAGGAAGTC-5","Glut-DACH2-LMANsh","Ex_DACH2_GRIK4",0.335195781619097
"_ACCAAACGTGCCGAAA-5","Glut-DACH2-6","Ex_DACH2_CEMIP",1
"_ACCAAACTCGGTGAAG-5","Glut-DACH2-6","Ex_DACH2_CEMIP",0.748351781632478
"_ACCACAAGTGCACATT-5","Glut-DACH2-LMANco","Ex_CACNA1H_LHX9",0.753906647160596
"_ACCACAAGTTCCTAGA-5","Glut-DACH2-LMANsh","Ex_DACH2_LHX2",0.381079936574924
"_ACCACAATCACATACG-5","Glut-DACH2-8","Ex_DACH2_CEMIP",0.643087097917239
"_ACCATTTCACTCCGAG-5","Glut-DACH2-8","Ex_DACH2_CEMIP",0.618522527990372
"_ACCATTTGTTGTATGC-5","Glut-DACH2-LMANsh","Ex_DACH2_GRIK4",0.44862422985922
"_ACCATTTGTTTAGACC-5","Glut-DACH2-LMANco","Ex_BCL6",0.285400806660417
"_ACCCAAAGTATAGCTC-5","Glut-DACH2-LMANsh","Ex_DACH2_LHX2",0.224652350635268
"_ACCCTCACATCAGCAT-5","Glut-DACH2-8","Ex_DACH2_ZMAT4",0.671815798237698
"_ACCCTCATCATCACCC-5","Glut-DACH2-LMANco","Ex_DACH2_ZMAT4",0.738250361714061
"_ACCCTTGAGAGGTGCT-5","Glut-DACH2-6","Ex_DACH2_CEMIP",0.421759072084849
"_ACCCTTGGTCCTCATC-5","Glut-DACH2-LMANco","Ex_BCL6",0.261845614784323
"_ACCCTTGTCCTTGAAG-5","Glut-DACH2-LMANsh","Ex_DACH2_LHX2",0.461439965282736
"_ACCCTTGTCTTTGATC-5","Glut-DACH2-8","Ex_DACH2_ZMAT4",0.766790381375209
"_ACCGTTCGTCAGCGTC-5","Glut-DACH2-LMANco","Ex_DACH2_CEMIP",0.816657736606659
"_ACCTACCGTTCTCAGA-5","Glut-DACH2-LMANsh","Ex_DACH2_RORB",0.313010460533107
"_ACCTGAATCAAACTGC-5","Glut-DACH2-LMANsh","Ex_DACH2_LHX2",0.579469092813079
"_ACCTGTCCAGAAGTGC-5","Glut-DACH2-LMANsh","Ex_DACH2_LHX2",0.421725487454998
"_ACCTGTCCATACACCA-5","Glut-DACH2-LMANco","Ex_BCL6",0.20567990906625
"_ACCTGTCGTCATCAGT-5","Glut-DACH2-8","Ex_DACH2_ZMAT4",0.625441437506431
"_ACGATCAAGTGAGTTA-5","Glut-DACH2-LMANsh","Ex_DACH2_LHX2",0.285992835949969
"_ACGATGTCAAAGAACT-5","Glut-DACH2-LMANco","Ex_DACH2_CEMIP",0.560263986991143
"_ACGATGTCACAGCCAC-5","Glut-DACH2-LMANsh","Ex_DACH2_GRIK4",0.326690413020557
"_ACGATGTCACTTCAAG-5","Glut-DACH2-8","Ex_DACH2_ZMAT4",0.747888932128451
"_ACGATGTGTTAAGGGC-5","Glut-DACH2-6","Ex_DACH2_CEMIP",0.461604315507757
"_ACGCACGGTGATTCTG-5","Glut-DACH2-8","Ex_DACH2_ZMAT4",0.656902081403704
"_ACGGAAGAGAGAATCT-5","Glut-DACH2-LMANsh","Ex_DACH2_RORB",0.277188999611752
"_ACGGAAGTCTGGTGCG-5","Glut-DACH2-6","Ex_DACH2_CEMIP",0.935814017878113
"_ACGGGTCGTCACGACC-5","Glut-DACH2-LMANco","Ex_DACH2_TAC1",0.250753758825981
"_ACGGTCGCAAGATTGA-5","Glut-DACH2-LMANco","Ex_DACH2_CEMIP",0.253573430205741
"_ACGGTCGTCGTAACTG-5","Glut-DACH2-8","Ex_DACH2_ZMAT4",0.749009032542654
"_ACGGTTAAGGTGGGTT-5","Glut-DACH2-7","Ex_DACH2_NR4A3",0.549303281405466
"_ACGGTTAGTCTGCGCA-5","Glut-DACH2-8","Ex_DACH2_CEMIP",0.55263862502157
"_ACGGTTATCGAGTGAG-5","Glut-DACH2-8","Ex_DACH2_ZMAT4",0.790527269547586
"_ACGTAACAGCATTTCG-5","Glut-DACH2-6","Ex_DACH2_CEMIP",0.505496116282042
"_ACGTAACGTGTCTTAG-5","Glut-DACH2-LMANsh","Ex_DACH2_LHX2",0.33392431230417
"_ACGTAACGTTGGTACT-5","Glut-DACH2-LMANco","Ex_DACH2_CEMIP",0.427865797508808
"_ACGTACAAGGATCATA-5","Glut-DACH2-8","Ex_DACH2_ZMAT4",0.661024103592722
"_ACGTACAAGGTAAGTT-5","Glut-DACH2-LMANsh","Ex_DACH2_LHX2",0.374730468365109
"_ACGTACAAGTGCACCC-5","Glut-DACH2-8","Ex_DACH2_ZMAT4",0.585215013006196
"_ACGTAGTCAGACCTGC-5","Glut-DACH2-LMANco","Ex_DACH2_TAC1",0.297144392172147
"_ACGTCCTAGAGATGCC-5","Glut-DACH2-8","Ex_DACH2_ZMAT4",0.767993488593686
"_ACTACGAGTAGGATAT-5","Glut-DACH2-LMANsh","Ex_DACH2_LHX2",0.451406168504222
"_ACTACGATCAGGAACG-5","Glut-DACH2-LMANco","Ex_DACH2_CEMIP",0.691355329475835
"_ACTACGATCTGTGCAA-5","Glut-DACH2-LMANco","Ex_Pre_KCNH7",0.259467909624021
"_ACTATCTCATCCGTGG-5","Glut-DACH2-LMANco","Ex_DACH2_ZMAT4",0.565161279920074
"_ACTATCTTCGTTATCT-5","Glut-DACH2-LMANsh","Ex_DACH2_GRIK4",0.351198667446251
"_ACTATTCAGACCTGGA-5","Glut-DACH2-LMANsh","Ex_DACH2_ADAMTS5",0.567599115074046
"_ACTATTCGTCGAAACG-5","Glut-DACH2-LMANco","Ex_DACH2_CEMIP",0.368477714828517
"_ACTCCCAGTACCTGTA-5","Glut-DACH2-8","Ex_DACH2_CEMIP",0.456676406117088
"_ACTCTCGCAGTGTATC-5","Glut-DACH2-8","Ex_DACH2_ZMAT4",0.465762414765175
"_ACTGATGAGGGTTAGC-5","Glut-DACH2-5","Ex_DACH2_LHX2",0.518091525401555
"_ACTGATGTCTCCTGTG-5","Glut-DACH2-LMANco","Ex_DACH2_CEMIP",0.792115240086157
"_ACTGCAACACGCGGTT-5","Glut-DACH2-LMANsh","Ex_DACH2_GRIK4",0.473220387269534
"_ACTGCAAGTCAAAGAT-5","Glut-DACH2-LMANco","Ex_BCL6",0.31131490139555
"_ACTGTCCGTCCTGGGT-5","Glut-DACH2-LMANsh","Ex_DACH2_ZMAT4",0.771252678904713
"_ACTGTCCGTGGTATGG-5","Glut-DACH2-8","Ex_DACH2_ZMAT4",0.710447406975218
"_ACTGTCCTCTAGTACG-5","Glut-DACH2-8","Ex_DACH2_ZMAT4",0.687390646313594
"_ACTGTGAAGTTACGGG-5","Glut-DACH2-LMANsh","Ex_DACH2_LHX2",0.3833733519983
"_ACTGTGACATGCCGAC-5","Glut-DACH2-LMANsh","Ex_DACH2_GRIK4",0.235794478415615
"_ACTTAGGAGTAGTGCG-5","Glut-DACH2-LMANsh","Ex_DACH2_NR4A3",0.566886371764157
"_ACTTAGGTCCTGTTGC-5","Glut-DACH2-LMANco","Ex_DACH2_CEMIP",0.552335262151625
"_ACTTATCCACCGGTCA-5","Glut-DACH2-LMANsh","Ex_DACH2_RORB",0.28073516161968
"_ACTTATCGTGTTCCTC-5","Glut-DACH2-LMANco","Ex_DACH2_ZMAT4",0.432882227428455
"_ACTTATCGTTTGGCTA-5","Glut-DACH2-LMANco","Ex_BCL6",0.277262940395512
"_ACTTCCGAGTCCTGTA-5","Glut-DACH2-LMANco","Ex_DACH2_CEMIP",0.604663300776181
"_ACTTCCGTCGGTAGGA-5","Glut-DACH2-8","Ex_DACH2_CEMIP",0.629549582445511
"_ACTTTGTGTCCCAAAT-5","Glut-DACH2-LMANco","Ex_DACH2_CEMIP",0.688443356015222
"_AGAAATGAGGGTACAC-5","Glut-DACH2-8","Ex_DACH2_ZMAT4",0.538022935895711
"_AGAAATGGTGGTCTTA-5","Glut-DACH2-8","Ex_DACH2_ZMAT4",0.613842545249546
"_AGAACAAAGCCTAGGA-5","Glut-DACH2-6","Ex_DACH2_CEMIP",0.59147663227211
"_AGAACAAGTTTAGACC-5","Glut-DACH2-LMANco","Ex_DACH2_ZMAT4",0.381852614838086
"_AGAACAATCGTTCTGC-5","Glut-DACH2-8","Ex_DACH2_GRIK4",0.738407822624203
"_AGAACAATCTTCGCTG-5","Glut-DACH2-LMANsh","Ex_DACH2_GRIK4",0.404415726515845
"_AGAACCTAGACCAGAC-5","Glut-DACH2-LMANsh","Ex_DACH2_RORB",0.266101233973629
"_AGAACCTTCTCACGAA-5","Glut-DACH2-LMANsh","Ex_DACH2_GRIK4",0.539876547345432
"_AGAAGCGAGTCTAGAA-5","Glut-DACH2-LMANco","Ex_DACH2_ZMAT4",0.7168418307387
"_AGAAGCGCAGTATTCG-5","Glut-DACH2-LMANco","Ex_BCL6",0.424369133990829
"_AGAAGCGGTTCTCCTG-5","Glut-DACH2-LMANco","Ex_Pre_KCNH7",0.277920992841875
"_AGAAGCGTCACCATGA-5","Glut-DACH2-8","Ex_DACH2_ZMAT4",0.757659895055309
"_AGAAGCGTCTTTCCGG-5","Glut-DACH2-LMANco","Ex_DACH2_RORB",0.232792191991948
"_AGAAGTACACGCAAAG-5","Glut-DACH2-LMANco","Ex_DACH2_CEMIP",0.5321548192369
"_AGAAGTAGTCTTGGTA-5","Glut-DACH2-LMANco","Ex_DACH2_CEMIP",0.701374023004401
"_AGACACTCACTACGGC-5","Glut-DACH2-LMANsh","Ex_DACH2_NR4A3",0.443890809462876
"_AGACACTCATCAGCTA-5","Glut-DACH2-LMANco","Ex_DACH2_CEMIP",0.685312192952703
"_AGACACTGTCGCTCGA-5","Glut-DACH2-8","Ex_DACH2_ZMAT4",0.779104745107002
"_AGACACTTCGTCCTTG-5","Glut-DACH2-LMANsh","Ex_DACH2_ADAMTS5",0.5919389028179
"_AGACAGGAGGTGCTTT-5","Glut-DACH2-LMANsh","Ex_DACH2_LHX2",0.387706702926873
"_AGACAGGAGTACCCTA-5","Glut-DACH2-LMANsh","Ex_DACH2_LHX2",0.455225736001426
"_AGACAGGCATGGAAGC-5","Glut-DACH2-LMANco","Ex_DACH2_ZMAT4",0.257629364113219
"_AGACAGGTCTAGTACG-5","Glut-DACH2-8","Ex_DACH2_ZMAT4",0.689622919235346
"_AGACCATCAAATCGGG-5","Glut-DACH2-LMANsh","Ex_DACH2_NR4A3",0.460476968491707
"_AGACCATCATCTAACG-5","Glut-DACH2-7","Ex_DACH2_NR4A3",0.299767063767371
"_AGACCATTCGACATAC-5","Glut-DACH2-LMANco","Ex_DACH2_TAC1",0.249448498945992
"_AGACCCGCACTGTGAT-5","Glut-DACH2-LMANco","Ex_DACH2_CEMIP",0.430719158357218
"_AGACCCGGTTGAAGTA-5","Glut-DACH2-8","Ex_DACH2_CEMIP",0.605674387228877
"_AGACCCGTCCATCTCG-5","Glut-DACH2-8","Ex_DACH2_ZMAT4",0.545656937961393
"_AGACTCAAGGAGTCTG-5","Glut-DACH2-8","Ex_DACH2_CEMIP",0.660516729459822
"_AGACTCAAGGGTTAAT-5","Glut-DACH2-LMANco","Ex_DACH2_CEMIP",0.489312671029264
"_AGACTCACATGACTGT-5","Glut-DACH2-6","Ex_DACH2_CEMIP",1
"_AGAGAATAGACCAAGC-5","Glut-DACH2-LMANsh","Ex_DACH2_LHX2",0.490883134468013
"_AGAGAATCACATTACG-5","Glut-DACH2-LMANsh","Ex_DACH2_LHX2",0.356401149765138
"_AGAGAATTCCACCCTA-5","Glut-DACH2-LMANsh","Ex_DACH2_ITGA9",0.387899733665327
"_AGAGAGCAGGAGATAG-5","Glut-DACH2-LMANco","Ex_DACH2_CEMIP",0.554881317264261
"_AGAGAGCGTGTAGTGG-5","Glut-DACH2-LMANco","Ex_BCL6",0.353089089623744
"_AGAGAGCGTTAAACAG-5","Glut-DACH2-1","Ex_DACH2_LHX2",0.543506134405591
"_AGAGAGCTCACGACTA-5","Glut-DACH2-LMANco","Ex_DACH2_CEMIP",0.467604226919131
"_AGAGAGCTCTTCTAAC-5","Glut-DACH2-LMANsh","Ex_DACH2_GRIK4",0.314112090895279
"_AGAGCAGCAAAGGCTG-5","Glut-DACH2-8","Ex_DACH2_CEMIP",0.432420562009396
"_AGAGCAGTCCGAGGCT-5","Glut-DACH2-LMANco","Ex_DACH2_CEMIP",0.660736068445545
"_AGAGCAGTCGAAGTGG-5","Glut-DACH2-LMANco","Ex_DACH2_CEMIP",0.377226303673305
"_AGAGCAGTCTTTGCGC-5","Glut-DACH2-LMANsh","Ex_DACH2_ADAMTS5",0.335719963865684
"_AGAGCCCTCCGATCGG-5","Glut-DACH2-LMANco","Ex_DACH2_RORB",0.293788056526643
"_AGAGCCCTCGTTCGCT-5","Glut-DACH2-LMANco","Ex_DACH2_TAC1",0.292192145713205
"_AGATAGACAAATCAAG-5","Glut-DACH2-6","Ex_DACH2_CEMIP",0.657475731820052
"_AGATAGATCCCAGGAC-5","Glut-DACH2-LMANsh","Ex_DACH2_NR4A3",0.254621783235619
"_AGATCCAGTCTGTCAA-5","Glut-DACH2-LMANsh","Ex_DACH2_GRIK4",0.446152625562891
"_AGATCCAGTGCCTAAT-5","Glut-DACH2-LMANco","Ex_DACH2_ZMAT4",0.459580635140301
"_AGATCCATCCGGACGT-5","Glut-DACH2-8","Ex_DACH2_ZMAT4",0.473417840212072
"_AGATCGTAGTCGTTAC-5","Glut-DACH2-8","Ex_DACH2_ZMAT4",0.6795863258851
"_AGATCGTCAACCTATG-5","Glut-DACH2-LMANco","Ex_DACH2_CEMIP",0.806490583614876
"_AGATCGTCAGACAATA-5","Glut-DACH2-LMANco","Ex_DACH2_CEMIP",0.729789063506952
"_AGATCGTGTCAAATCC-5","Glut-DACH2-8","Ex_DACH2_CEMIP",0.4990532322242
"_AGATGAACACGCTATA-5","Glut-DACH2-LMANsh","Ex_DACH2_ADAMTS5",0.388236176616818
"_AGATGAACATTGAGGG-5","Glut-DACH2-LMANsh","Ex_DACH2_RORB",0.243497828865713
"_AGATGAAGTACTGACT-5","Glut-DACH2-LMANsh","Ex_DACH2_ADAMTS5",0.306491188491853
"_AGATGAATCGACCTAA-5","Glut-DACH2-LMANsh","Ex_Pre_KCNH7",0.362320503384105
"_AGATGCTTCGCTGATA-5","Glut-DACH2-LMANsh","Ex_DACH2_ZMAT4",0.312447173922108
"_AGCATCACATGCACTA-5","Glut-DACH2-LMANsh","Ex_DACH2_LHX2",0.434248462906992
"_AGCCAATCAAATTGCC-5","Glut-DACH2-8","Ex_DACH2_CEMIP",0.748366515379329
"_AGCCAATCAACATCGT-5","Glut-DACH2-LMANsh","Ex_Pre_KCNH7",0.44540300892952
"_AGCCAATCACTCGATA-5","Glut-DACH2-LMANco","Ex_DACH2_CEMIP",0.587562571850208
"_AGCCAATTCACTTTGT-5","Glut-DACH2-LMANsh","Ex_DACH2_ADAMTS5",0.380337798931543
"_AGCCACGAGCTCTTCC-5","Glut-DACH2-LMANsh","Ex_DACH2_GRIK4",0.533540220995853
"_AGCCACGCAAGTATAG-5","Glut-DACH2-LMANco","Ex_DACH2_CEMIP",0.698874049659329
"_AGCCACGGTGAATAAC-5","Glut-DACH2-LMANsh","Ex_DACH2_LHX2",0.341469670771451
"_AGCCAGCCAGAATTCC-5","Glut-DACH2-8","Ex_DACH2_CEMIP",0.521448447879526
"_AGCCAGCTCCGAGATT-5","Glut-DACH2-7","Ex_DACH2_NR4A3",0.456485501447611
"_AGCGATTGTTCACGAT-5","Glut-DACH2-LMANco","Ex_BCL6",0.367051137242732
"_AGCGCCACAGAGTTGG-5","Glut-DACH2-8","Ex_DACH2_CEMIP",0.772091314385269
"_AGCGCCAGTTTCGTTT-5","Glut-DACH2-LMANsh","Ex_DACH2_LHX2",0.50031892391865
"_AGCGCCATCGCTGATA-5","Glut-DACH2-LMANco","Ex_DACH2_CEMIP",0.623673060029445
"_AGCGCCATCGTGCAGC-5","Glut-DACH2-LMANco","Ex_DACH2_CEMIP",0.665833581968628
"_AGCGCTGAGCGAACTG-5","Glut-DACH2-LMANsh","Ex_DACH2_LHX2",0.410519301982963
"_AGCGCTGGTATCGAGG-5","Glut-DACH2-LMANsh","Ex_DACH2_LHX2",0.398234841081797
"_AGCGCTGGTCGTATTG-5","Glut-DACH2-LMANsh","Ex_DACH2_NR4A3",0.34803120958727
"_AGCGCTGTCGACATTG-5","Glut-DACH2-8","Ex_DACH2_ZMAT4",0.698481123785643
"_AGCGTATAGCAATAGT-5","Glut-DACH2-LMANsh","Ex_DACH2_GRIK4",0.359408979588563
"_AGCGTATTCACCTTGC-5","Glut-DACH2-LMANco","Ex_DACH2_CEMIP",0.684563888961474
"_AGCGTCGAGCCTCTGG-5","Glut-DACH2-8","Ex_DACH2_ZMAT4",0.521137055840732
"_AGCGTCGCAGGTGAGT-5","Glut-DACH2-8","Ex_DACH2_ZMAT4",0.519057144229303
"_AGCTACACACAAGGTG-5","Glut-DACH2-LMANco","Ex_DACH2_CEMIP",0.249325435588739
"_AGCTACAGTGTCCATA-5","Glut-DACH2-LMANco","Ex_DACH2_TAC1",0.292617665837311
"_AGCTCAATCACGAGGA-5","Glut-DACH2-LMANco","Ex_DACH2_CEMIP",0.842405481753473
"_AGCTCAATCATTACTC-5","Glut-DACH2-LMANco","Ex_Pre_KCNH7",0.289042081699972
"_AGCTTCCCATCCTTGC-5","Glut-DACH2-LMANsh","Ex_DACH2_GRIK4",0.227393339255283
"_AGCTTCCTCAGTCCGG-5","Glut-DACH2-LMANco","Ex_DACH2_CEMIP",0.482716793391051
"_AGGAAATCAAGGCAAC-5","Glut-DACH2-LMANsh","Ex_DACH2_ADAMTS5",0.379815910348704
"_AGGAAATCAGAAGTTA-5","Glut-DACH2-LMANco","Ex_DACH2_CEMIP",0.731905633298861
"_AGGAAATGTGACTATC-5","Glut-DACH2-8","Ex_DACH2_CEMIP",0.407098606219799
"_AGGAATAAGATCACTC-5","Glut-DACH2-LMANsh","Ex_DACH2_LHX2",0.385715838311413
"_AGGACGACACTTCTCG-5","Glut-DACH2-7","Ex_DACH2_NR4A3",0.508386709009183
"_AGGACTTAGCTTTCTT-5","Glut-DACH2-8","Ex_DACH2_ZMAT4",0.650036068511772
"_AGGACTTAGGGTGGGA-5","Glut-DACH2-LMANco","Ex_DACH2_ZMAT4",0.753712048409304
"_AGGACTTCAAAGGTTA-5","Glut-DACH2-LMANsh","Ex_DACH2_LHX2",0.514954378399309
"_AGGACTTCAGTCCGTG-5","Glut-DACH2-LMANco","Ex_DACH2_CEMIP",0.742672533223307
"_AGGAGGTCACGGTCTG-5","Glut-DACH2-LMANsh","Ex_DACH2_LHX2",0.370520048606526
"_AGGAGGTCAGCTACCG-5","Glut-DACH2-LMANco","Ex_DACH2_CEMIP",0.648207299612186
"_AGGAGGTGTGTTATCG-5","Glut-DACH2-LMANco","Ex_DACH2_ZMAT4",0.563094025387375
"_AGGAGGTTCCTACCGT-5","Glut-DACH2-5","Ex_DACH2_LHX2",0.31264760227518
"_AGGATAACAGGAGGTT-5","Glut-DACH2-LMANsh","Ex_DACH2_ADAMTS5",0.794809160899527
"_AGGATAAGTTCTTCAT-5","Glut-DACH2-LMANco","Ex_DACH2_TAC1",0.27910452918172
"_AGGATCTGTAACACCT-5","Glut-DACH2-LMANsh","Ex_DACH2_LHX2",0.349086402377624
"_AGGATCTGTAGTGATA-5","Glut-DACH2-LMANco","Ex_Pre_KCNH7",0.289621105195109
"_AGGCATTAGTTGGAAT-5","Glut-DACH2-LMANco","Ex_DACH2_CEMIP",0.476215979113882
"_AGGCATTGTGTATTCG-5","Glut-DACH2-8","Ex_DACH2_ZMAT4",0.493805316537621
"_AGGCATTTCAAAGAAC-5","Glut-DACH2-LMANsh","Ex_DACH2_LHX2",0.563854095725231
"_AGGCATTTCCCTTCCC-5","Glut-DACH2-LMANco","Ex_DACH2_CEMIP",0.342584614084821
"_AGGCCACTCGACGAGA-5","Glut-DACH2-LMANco","Ex_DACH2_ZMAT4",0.537604217953883
"_AGGCTGCTCAGACCCG-5","Glut-DACH2-LMANsh","Ex_DACH2_RORB",0.399797554799935
"_AGGCTGCTCAGGGTAG-5","Glut-DACH2-LMANco","Ex_DACH2_RORB",0.260474137122547
"_AGGGAGTCAGAGGCTA-5","Glut-DACH2-LMANco","Ex_DACH2_ZMAT4",0.313648926078067
"_AGGGAGTTCGGTCTGG-5","Glut-DACH2-LMANco","Ex_DACH2_CEMIP",0.490103529409932
"_AGGGAGTTCTACTCAT-5","Glut-DACH2-LMANsh","Ex_DACH2_LHX2",0.390399747538997
"_AGGGCCTAGCAACAAT-5","Glut-DACH2-LMANsh","Ex_DACH2_ADAMTS5",0.732361545968693
"_AGGGCCTAGTATTGCC-5","Glut-DACH2-LMANco","Ex_DACH2_CEMIP",0.504812376634777
"_AGGGCCTCATACCACA-5","Glut-DACH2-LMANsh","Ex_DACH2_GRIK4",0.306269700229291
"_AGGGCCTCATCGATGT-5","Glut-DACH2-1","Ex_DACH2_GRIK4",0.473968297279589
"_AGGGCCTTCTGCGAGC-5","Glut-DACH2-LMANco","Ex_BCL6",0.373829069362103
"_AGGGCTCCAATGAACA-5","Glut-DACH2-8","Ex_DACH2_ZMAT4",0.598426741342913
"_AGGGCTCGTCATCGGC-5","Glut-DACH2-LMANsh","Ex_DACH2_ADAMTS5",0.660314535526047
"_AGGGTCCCATGACACT-5","Glut-DACH2-LMANsh","Ex_DACH2_MGAT4C",0.342199332091337
"_AGGGTCCGTCCCTGTT-5","Glut-DACH2-6","Ex_DACH2_CEMIP",0.983655099233084
"_AGGGTGACAGAGTTCT-5","Glut-DACH2-LMANco","Ex_DACH2_CEMIP",0.52359324402488
"_AGGGTTTAGAAACTAC-5","Glut-DACH2-LMANsh","Ex_DACH2_GRIK4",0.338494686567367
"_AGGGTTTAGGTACCTT-5","Glut-DACH2-LMANsh","Ex_DACH2_LHX2",0.49935498083841
"_AGGGTTTCAGGCCTGT-5","Glut-DACH2-LMANco","Ex_DACH2_CEMIP",0.692886575592152
"_AGGGTTTCATGGACAG-5","Glut-DACH2-LMANco","Ex_DACH2_RORB",0.297240059180416
"_AGGTAGGAGCTGTACT-5","Glut-DACH2-6","Ex_DACH2_CEMIP",0.755361692537384
"_AGGTAGGGTACCTATG-5","Glut-DACH2-5","Ex_DACH2_NR4A3",0.267549093544237
"_AGGTCATTCCGTCACT-5","Glut-DACH2-LMANco","Ex_DACH2_CEMIP",0.478995168736169
"_AGGTCTATCCGTTGGG-5","Glut-DACH2-LMANsh","Ex_DACH2_ADAMTS5",0.484105721558138
"_AGGTGTTAGCTCCCTT-5","Glut-DACH2-LMANsh","Ex_DACH2_LHX2",0.247403649591842
"_AGGTGTTCACTTTATC-5","Glut-DACH2-6","Ex_DACH2_CEMIP",0.467926705753818
"_AGGTGTTCATCGCTAA-5","Glut-DACH2-LMANsh","Ex_DACH2_ZMAT4",0.262075602225285
"_AGGTGTTCATTGAGCT-5","Glut-DACH2-8","Ex_CACNA1H_PROX1",0.273344339293607
"_AGGTTACAGTTGCGCC-5","Glut-DACH2-LMANco","Ex_BCL6",0.267345498871302
"_AGGTTGTGTGCCTTTC-5","Glut-DACH2-LMANco","Ex_DACH2_CEMIP",0.417984246142125
"_AGTAACCCACAAAGCG-5","Glut-DACH2-LMANsh","Ex_DACH2_LHX2",0.409923807668227
"_AGTAACCGTATTTCGG-5","Glut-DACH2-LMANco","Ex_DACH2_CEMIP",0.841096540026951
"_AGTAACCTCCCTATTA-5","Glut-DACH2-5","Ex_DACH2_GRIK4",0.328665667825535
"_AGTACCAAGGCTCCCA-5","Glut-DACH2-LMANsh","Ex_DACH2_LHX2",0.468159378859198
"_AGTACCAGTGGCGTAA-5","Glut-DACH2-LMANsh","Ex_DACH2_GRIK4",0.372332483529567
"_AGTACCATCCATCTCG-5","Glut-DACH2-LMANsh","Ex_DACH2_GRIK4",0.435959589497058
"_AGTACTGCAAGACGGT-5","Glut-DACH2-6","Ex_DACH2_CEMIP",0.737932673278854
"_AGTACTGCAAGCAGGT-5","Glut-DACH2-8","Ex_DACH2_ZMAT4",0.540272311239308
"_AGTACTGGTGGTCTTA-5","Glut-DACH2-LMANsh","Ex_DACH2_GRIK4",0.343297864758503
"_AGTACTGGTGTTGAGG-5","Glut-DACH2-LMANsh","Ex_DACH2_LHX2",0.456361074220729
"_AGTAGCTGTCGACGCT-5","Glut-DACH2-LMANsh","Ex_DACH2_NR4A3",0.199296336225905
"_AGTAGTCTCGTAGCTA-5","Glut-DACH2-LMANsh","Ex_DACH2_LHX2",0.28993298122504
"_AGTCAACGTGCTGATT-5","Glut-DACH2-LMANsh","Ex_DACH2_GRIK4",0.259632077899483
"_AGTCAACTCAACGTGT-5","Glut-DACH2-6","Ex_DACH2_CEMIP",0.793241992813036
"_AGTCAACTCTACTTCA-5","Glut-DACH2-LMANco","Ex_DACH2_CEMIP",0.659651149229146
"_AGTCACAGTATGGTAA-5","Glut-DACH2-LMANco","Ex_DACH2_CEMIP",0.439892495178295
"_AGTCACAGTTTATGCG-5","Glut-DACH2-LMANco","Ex_BCL6",0.341718591429746
"_AGTCACATCCCTCTCC-5","Glut-DACH2-8","Ex_DACH2_ZMAT4",0.652278105268018
"_AGTCATGTCATAGCAC-5","Glut-DACH2-LMANco","Ex_Pre_KCNH7",0.227012687191165
"_AGTCTCCCAATACCCA-5","Glut-DACH2-LMANsh","Ex_DACH2_GRIK4",0.486166095731371
"_AGTGACTCACATACGT-5","Glut-DACH2-8","Ex_DACH2_ZMAT4",0.552414505732899
"_AGTGACTGTCCAGGTC-5","Glut-DACH2-LMANsh","Ex_DACH2_LHX2",0.525706564100609
"_AGTGATCGTCAATGGG-5","Glut-DACH2-LMANsh","Ex_DACH2_ZMAT4",0.444869531045226
"_AGTGCCGCACTGAGGA-5","Glut-DACH2-8","Ex_DACH2_ZMAT4",0.453980030791843
"_AGTGCCGTCACCTTGC-5","Glut-DACH2-LMANsh","Ex_DACH2_LHX2",0.490288236255128
"_AGTGTTGAGGCTCTCG-5","Glut-DACH2-8","Ex_DACH2_ZMAT4",0.651160807895764
"_AGTTAGCAGCAACAAT-5","Glut-DACH2-8","Ex_DACH2_ZMAT4",0.723163864843759
"_AGTTCCCAGTAACGAT-5","Glut-DACH2-LMANco","Ex_DACH2_TAC1",0.280851617316773
"_AGTTCCCCAAGTTTGC-5","Glut-DACH2-LMANco","Ex_DACH2_RORB",0.259682580842604
"_AGTTCCCCACGCGCTA-5","Glut-DACH2-LMANco","Ex_DACH2_CEMIP",0.465445755522789
"_AGTTCCCCATAGCTGT-5","Glut-DACH2-LMANsh","Ex_DACH2_GRIK4",0.284057924033101
"_AGTTCCCGTGGAACCA-5","Glut-DACH2-LMANsh","Ex_DACH2_ADAMTS5",0.316667817147456
"_AGTTCCCTCATTACGG-5","Glut-DACH2-LMANco","Ex_BCL6",0.237830315226218
"_AGTTCCCTCGTCCATC-5","Glut-DACH2-LMANsh","Ex_DACH2_GRIK4",0.356571259616149
"_AGTTCCCTCTGTGCTC-5","Glut-DACH2-LMANsh","Ex_DACH2_LHX2",0.461995562164801
"_AGTTCGACAGTCTCTC-5","Glut-DACH2-LMANsh","Ex_DACH2_LHX2",0.371951735188066
"_ATACCTTCAACCGTAT-5","Glut-DACH2-LMANco","Ex_BCL6",0.275189539364132
"_ATACCTTCAGCACGAA-5","Glut-DACH2-LMANsh","Ex_DACH2_ADAMTS5",0.567306217810051
"_ATACCTTCATACTGTG-5","Glut-DACH2-6","Ex_DACH2_CEMIP",0.932419816571406
"_ATACCTTGTGGTACAG-5","Glut-DACH2-LMANsh","Ex_DACH2_GRIK4",0.446010824014818
"_ATACCTTTCTACGCAA-5","Glut-DACH2-LMANco","Ex_DACH2_CEMIP",0.650555910797941
"_ATACTTCGTAGGACCA-5","Glut-DACH2-6","Ex_DACH2_CEMIP",1
"_ATACTTCGTTTACACG-5","Glut-DACH2-LMANco","Ex_BCL6",0.573140674408078
"_ATACTTCTCCTGTAGA-5","Glut-DACH2-LMANco","Ex_DACH2_CEMIP",0.784480759338743
"_ATACTTCTCGCTACGG-5","Glut-DACH2-5","Ex_DACH2_GRIK4",0.522900228233297
"_ATAGAGACACAAGCCC-5","Glut-DACH2-LMANco","Ex_DACH2_CEMIP",0.771473458697393
"_ATAGGCTAGACTCAAA-5","Glut-DACH2-LMANsh","Ex_DACH2_ADAMTS5",0.643386247406061
"_ATAGGCTCAGCGGTCT-5","Glut-DACH2-LMANco","Ex_DACH2_CEMIP",0.825199314189501
"_ATAGGCTTCCCGAGAC-5","Glut-DACH2-LMANsh","Ex_DACH2_LHX2",0.511268752056044
"_ATATCCTCATAAGATG-5","Glut-DACH2-LMANco","Ex_DACH2_CEMIP",0.581119424548153
"_ATATCCTTCGACGAGA-5","Glut-DACH2-LMANsh","Ex_DACH2_RORB",0.293774071527511
"_ATCACAGCAACTGATC-5","Glut-DACH2-LMANsh","Ex_DACH2_LHX2",0.284736155309249
"_ATCACAGGTCGAACAG-5","Glut-DACH2-LMANsh","Ex_DACH2_LHX2",0.403038361710554
"_ATCACAGGTCTGCAAT-5","Glut-DACH2-LMANco","Ex_DACH2_CEMIP",0.356707231953461
"_ATCACAGTCCCATACC-5","Glut-DACH2-LMANsh","Ex_DACH2_GRIK4",0.333733531204778
"_ATCACAGTCCGCCTAT-5","Glut-DACH2-5","Ex_DACH2_NR4A3",0.468292014424832
"_ATCACAGTCGGAGTAG-5","Glut-DACH2-8","Ex_DACH2_ZMAT4",0.676346092858167
"_ATCACGAAGATCCTAC-5","Glut-DACH2-8","Ex_DACH2_ZMAT4",0.706674446863478
"_ATCACGAAGCTAGATA-5","Glut-DACH2-LMANco","Ex_DACH2_CEMIP",0.809644430099529
"_ATCACGAAGCTCATAC-5","Glut-DACH2-LMANsh","Ex_DACH2_GRIK4",0.546885597575131
"_ATCACGACAATATCCG-5","Glut-DACH2-6","Ex_DACH2_CEMIP",0.961038411223089
"_ATCACGACACCGTGGT-5","Glut-DACH2-LMANsh","Ex_DACH2_LHX2",0.37063284053932
"_ATCACGAGTCGTTGCG-5","Glut-DACH2-LMANco","Ex_DACH2_CEMIP",0.831093058435978
"_ATCACGATCCGAACGC-5","Glut-DACH2-8","Ex_DACH2_ZMAT4",0.514681018443793
"_ATCACGATCGGTCAGC-5","Glut-DACH2-LMANco","Ex_DACH2_CEMIP",0.56577674645492
"_ATCACTTAGACATAAC-5","Glut-DACH2-LMANsh","Ex_DACH2_GRIK4",0.344570657572076
"_ATCATTCTCGGTAGGA-5","Glut-DACH2-6","Ex_DACH2_CEMIP",0.811064913252662
"_ATCCACCAGACTCGAG-5","Glut-DACH2-LMANsh","Ex_DACH2_LHX2",0.353448661023557
"_ATCCACCCACTGAATC-5","Glut-DACH2-LMANsh","Ex_DACH2_LHX2",0.332136636487711
"_ATCCACCCAGCTGTTA-5","Glut-DACH2-8","Ex_DACH2_ZMAT4",0.530853617089072
"_ATCCACCCATCCAACA-5","Glut-DACH2-LMANsh","Ex_DACH2_RORB",0.320860904106642
"_ATCCACCTCTTCCTAA-5","Glut-DACH2-LMANsh","Ex_DACH2_GRIK4",0.33000337493323
"_ATCCATTGTTTGGGTT-5","Glut-DACH2-LMANco","Ex_DACH2_CEMIP",0.730389039527706
"_ATCCATTTCTATTTCG-5","Glut-DACH2-5","Ex_DACH2_GRIK4",0.515758871539601
"_ATCCCTGTCGCCGATG-5","Glut-DACH2-LMANco","Ex_DACH2_CEMIP",0.630339957416681
"_ATCCCTGTCGTGCTCT-5","Glut-DACH2-LMANco","Ex_DACH2_CEMIP",0.651422585118989
"_ATCCGTCCATGAGATA-5","Glut-DACH2-LMANsh","Ex_DACH2_LHX2",0.371576310910964
"_ATCCGTCGTCGCTTGG-5","Glut-DACH2-LMANsh","Ex_DACH2_GRIK4",0.365410768867627
"_ATCCGTCGTTGCTCCT-5","Glut-DACH2-LMANsh","Ex_DACH2_ITGA9",0.383957863269388
"_ATCCTATCACAGTCGC-5","Glut-DACH2-LMANsh","Ex_DACH2_GRIK4",0.35875399505428
"_ATCCTATTCACTGGTA-5","Glut-DACH2-LMANsh","Ex_DACH2_GRIK4",0.359635104362955
"_ATCGATGAGAGTCGAC-5","Glut-DACH2-8","Ex_DACH2_ZMAT4",0.774862231198488
"_ATCGATGAGATGCTGG-5","Glut-DACH2-LMANsh","Ex_DACH2_LHX2",0.339139937590484
"_ATCGATGCACCCAACG-5","Glut-DACH2-8","Ex_DACH2_CEMIP",0.65061473344136
"_ATCGCCTCACAGTGAG-5","Glut-DACH2-LMANsh","Ex_DACH2_LHX2",0.451206606074256
"_ATCGGATCACGGTCTG-5","Glut-DACH2-5","Ex_DACH2_GRIK4",0.52798346187791
"_ATCGGATGTACGTTCA-5","Glut-DACH2-1","Ex_DACH2_GRIK4",0.439962372409012
"_ATCGGCGTCCTAGCCT-5","Glut-DACH2-LMANsh","Ex_DACH2_GRIK4",0.306452521501189
"_ATCGTAGAGGTCCCGT-5","Glut-DACH2-LMANsh","Ex_DACH2_LHX2",0.521597328815095
"_ATCGTCCGTGCCGTTG-5","Glut-DACH2-LMANco","Ex_DACH2_CEMIP",0.740433846823112
"_ATCGTCCTCGAAGTGG-5","Glut-DACH2-LMANco","Ex_DACH2_RORB",0.231783952936582
"_ATCTCTAAGACAGCTG-5","Glut-DACH2-LMANsh","Ex_DACH2_ADAMTS5",0.316381801841435
"_ATCTCTACAAGCCATT-5","Glut-DACH2-LMANsh","Ex_DACH2_GRIK4",0.475339644105101
"_ATCTTCAAGGCGATAC-5","Glut-DACH2-LMANsh","Ex_DACH2_NR4A3",0.355386390172199
"_ATCTTCAAGGGCGAAG-5","Glut-DACH2-LMANco","Ex_DACH2_CEMIP",0.643445948992267
"_ATCTTCACACGACCTG-5","Glut-DACH2-6","Ex_DACH2_CEMIP",1
"_ATCTTCACACGCTATA-5","Glut-DACH2-LMANco","Ex_DACH2_CEMIP",0.669516856999168
"_ATCTTCAGTATACCCA-5","Glut-DACH2-LMANco","Ex_DACH2_CEMIP",0.412907088830508
"_ATGAAAGAGTACGAGC-5","Glut-DACH2-LMANco","Ex_DACH2_ZMAT4",0.644543706510671
"_ATGAAAGAGTTCCAGT-5","Glut-DACH2-LMANco","Ex_BCL6",0.237276775916984
"_ATGAAAGCACCTGAAT-5","Glut-DACH2-LMANsh","Ex_DACH2_GRIK4",0.505483611318111
"_ATGAAAGCATGGGCAA-5","Glut-DACH2-LMANsh","Ex_DACH2_ADAMTS5",0.354407291124407
"_ATGACCAGTACTTGTG-5","Glut-DACH2-LMANco","Ex_DACH2_CEMIP",0.434842368999204
"_ATGACCAGTAGCGTTT-5","Glut-DACH2-LMANsh","Ex_DACH2_LHX2",0.344488855181268
"_ATGACCATCGGTAAGG-5","Glut-DACH2-8","Ex_DACH2_ZMAT4",0.506911783996662
"_ATGAGGGTCTGTCGCT-5","Glut-DACH2-LMANsh","Ex_DACH2_ADAMTS5",0.266103817040369
"_ATGATCGAGTGGATAT-5","Glut-DACH2-LMANco","Ex_DACH2_CEMIP",0.500134270188799
"_ATGATCGGTGACGTCC-5","Glut-DACH2-6","Ex_DACH2_CEMIP",0.917843868865542
"_ATGCATGAGCGTTACT-5","Glut-DACH2-LMANco","Ex_DACH2_ZMAT4",0.431151474873602
"_ATGCATGCAACACTAC-5","Glut-DACH2-LMANsh","Ex_DACH2_NR4A3",0.284551164289178
"_ATGCATGGTAGCTGCC-5","Glut-DACH2-LMANsh","Ex_DACH2_ADAMTS5",0.256782157148314
"_ATGCATGGTTGGACTT-5","Glut-DACH2-LMANco","Ex_DACH2_CEMIP",0.441327730288466
"_ATGCATGTCGTTCCTG-5","Glut-DACH2-6","Ex_DACH2_CEMIP",0.757174762970021
"_ATGCCTCAGACGCATG-5","Glut-DACH2-LMANsh","Ex_DACH2_LHX2",0.319946745741039
"_ATGCCTCGTAGTTAGA-5","Glut-DACH2-LMANsh","Ex_DACH2_ADAMTS5",0.534999851502669
"_ATGCCTCTCGCTTTAT-5","Glut-DACH2-LMANsh","Ex_DACH2_LHX2",0.444834040407153
"_ATGCGATTCGTTACCC-5","Glut-DACH2-6","Ex_DACH2_CEMIP",0.512249382947445
"_ATGGAGGAGAGAGCAA-5","Glut-DACH2-LMANco","Ex_DACH2_ZMAT4",0.492315849730152
"_ATGGAGGAGCGTGAAC-5","Glut-DACH2-8","Ex_DACH2_ZMAT4",0.587046907420668
"_ATGGAGGTCAGGAGAC-5","Glut-DACH2-LMANsh","Ex_DACH2_RORB",0.258635310912126
"_ATGGAGGTCCGTTGAA-5","Glut-DACH2-LMANsh","Ex_DACH2_NR4A3",0.279191347848098
"_ATGGATCAGGGCGAAG-5","Glut-DACH2-LMANco","Ex_BCL6",0.409725095702535
"_ATGGATCCATCATCCC-5","Glut-DACH2-LMANsh","Ex_DACH2_LHX2",0.37562775542089
"_ATGGATCGTAACCAGG-5","Glut-DACH2-LMANsh","Ex_DACH2_LHX2",0.423672820382425
"_ATGGGAGCACTCAGAT-5","Glut-DACH2-LMANsh","Ex_DACH2_ADAMTS5",0.386173594548503
"_ATGGGAGTCTCCTGTG-5","Glut-DACH2-LMANsh","Ex_DACH2_LHX2",0.37949307480186
"_ATGGGTTTCTTCACGC-5","Glut-DACH2-LMANsh","Ex_DACH2_LHX2",0.483717456690645
"_ATGGTTGCAGTGACCC-5","Glut-DACH2-LMANco","Ex_BCL6",0.384647854688145
"_ATGGTTGGTACAAGTA-5","Glut-DACH2-LMANsh","Ex_DACH2_LHX2",0.407572743886126
"_ATGGTTGTCTCCTACG-5","Glut-DACH2-6","Ex_DACH2_CEMIP",0.515751772694737
"_ATGTCCCTCACTGCTC-5","Glut-DACH2-LMANsh","Ex_DACH2_RORB",0.31986298867529
"_ATGTCCCTCCGTGTAA-5","Glut-DACH2-8","Ex_DACH2_ZMAT4",0.575742051595111
"_ATGTCTTAGATCACTC-5","Glut-DACH2-LMANsh","Ex_DACH2_ADAMTS5",0.541785626250579
"_ATGTCTTCACGAAAGC-5","Glut-DACH2-LMANsh","Ex_DACH2_LHX2",0.388244942313388
"_ATTACTCGTGTGAATA-5","Glut-DACH2-LMANsh","Ex_DACH2_LHX2",0.409659285185703
"_ATTACTCTCGTTAGTG-5","Glut-DACH2-LMANsh","Ex_DACH2_GRIK4",0.288467723534962
"_ATTATCCCAGATCCAT-5","Glut-DACH2-LMANco","Ex_DACH2_ZMAT4",0.520082268994173
"_ATTATCCCATACTGAC-5","Glut-DACH2-1","Ex_DACH2_GRIK4",0.365619911368865
"_ATTCACTGTCTGTAGT-5","Glut-DACH2-6","Ex_DACH2_CEMIP",0.909455129135306
"_ATTCACTGTTGCGAAG-5","Glut-DACH2-8","Ex_DACH2_ZMAT4",0.512732829352361
"_ATTCAGGCACTTGACA-5","Glut-DACH2-LMANsh","Ex_DACH2_LHX2",0.468042871776509
"_ATTCAGGTCACTGCTC-5","Glut-DACH2-LMANco","Ex_DACH2_CEMIP",0.632019518545458
"_ATTCAGGTCGACGAGA-5","Glut-DACH2-LMANsh","Ex_DACH2_ADAMTS5",0.182551697569654
"_ATTCAGGTCGTACCTC-5","Glut-DACH2-LMANco","Ex_DACH2_CEMIP",0.612820293729645
"_ATTCATCAGGTCCAGA-5","Glut-DACH2-8","Ex_DACH2_CEMIP",0.714179146606279
"_ATTCATCCAGGGAATC-5","Glut-DACH2-LMANsh","Ex_DACH2_RORB",0.363830773772094
"_ATTCATCTCCGTGTAA-5","Glut-DACH2-LMANco","Ex_DACH2_CEMIP",0.785793442875085
"_ATTCCATAGCGAAACC-5","Glut-DACH2-6","Ex_DACH2_CEMIP",0.781878090672727
"_ATTCCATAGTGTAGTA-5","Glut-DACH2-LMANco","Ex_DACH2_RORB",0.27379856937197
"_ATTCCCGAGGACAACC-5","Glut-DACH2-8","Ex_DACH2_ZMAT4",0.741446240572256
"_ATTCCCGAGGTTCTTG-5","Glut-DACH2-8","Ex_DACH2_ZMAT4",0.632171738069119
"_ATTCCCGGTTTCGTGA-5","Glut-DACH2-LMANco","Ex_DACH2_CEMIP",0.509134522092304
"_ATTCCCGTCAACGTGT-5","Glut-DACH2-LMANsh","Ex_DACH2_ADAMTS5",0.276387213838059
"_ATTCCCGTCCACGTAA-5","Glut-DACH2-LMANsh","Ex_DACH2_GRIK4",0.388429142429325
"_ATTCCCGTCTGCACCT-5","Glut-DACH2-8","Ex_DACH2_ZMAT4",0.823635687920941
"_ATTCCTAGTCACTGAT-5","Glut-DACH2-LMANco","Ex_DACH2_ZMAT4",0.511730413415358
"_ATTCCTATCGCGTTTC-5","Glut-DACH2-8","Ex_DACH2_ZMAT4",0.644715465249284
"_ATTCTACCACAAGCCC-5","Glut-DACH2-LMANco","Ex_DACH2_CEMIP",0.701263281742022
"_ATTCTACCAGAAGTTA-5","Glut-DACH2-LMANsh","Ex_DACH2_ADAMTS5",0.240859570724544
"_ATTCTACTCCCGAAAT-5","Glut-DACH2-LMANco","Ex_DACH2_CEMIP",0.693573355208129
"_ATTCTTGCACGGAAGT-5","Glut-DACH2-5","Ex_DACH2_LHX2",0.631203947961517
"_ATTCTTGTCGGACGTC-5","Glut-DACH2-LMANco","Ex_DACH2_CEMIP",0.772903939546845
"_ATTGGGTGTAGCGCTC-5","Glut-DACH2-LMANco","Ex_DACH2_CEMIP",0.727781190056498
"_ATTGTTCAGTGATAGT-5","Glut-DACH2-LMANco","Ex_DACH2_CEMIP",0.783552905548512
"_ATTGTTCTCGTGCACG-5","Glut-DACH2-LMANsh","Ex_DACH2_GRIK4",0.325611855963984
"_ATTGTTCTCTGAGATC-5","Glut-DACH2-8","Ex_DACH2_CEMIP",0.600019997150767
"_ATTTACCCATGGGCAA-5","Glut-DACH2-LMANco","Ex_DACH2_CEMIP",0.641696660181477
"_ATTTACCGTGTAAACA-5","Glut-DACH2-LMANsh","Ex_DACH2_LHX2",0.301210623477129
"_ATTTACCTCCGTTGGG-5","Glut-DACH2-8","Ex_DACH2_ZMAT4",0.643298884490793
"_ATTTACCTCGCAATTG-5","Glut-DACH2-LMANco","Ex_BCL6",0.263954971129633
"_ATTTCACAGCATAGGC-5","Glut-DACH2-5","Ex_DACH2_LHX2",0.529639370863539
"_ATTTCACCACCTAAAC-5","Glut-DACH2-LMANco","Ex_DACH2_CEMIP",0.713125926028339
"_ATTTCTGGTGGCTGCT-5","Glut-DACH2-LMANsh","Ex_DACH2_GRIK4",0.268718476453531
"_CAAAGAAGTATAGGGC-5","Glut-DACH2-LMANsh","Ex_DACH2_LHX2",0.322186427762976
"_CAACAACGTCGCTTAA-5","Glut-DACH2-8","Ex_DACH2_CEMIP",0.77810632689808
"_CAACAGTGTACCAATC-5","Glut-DACH2-LMANsh","Ex_DACH2_LHX2",0.308827564572927
"_CAACAGTTCCAATCCC-5","Glut-DACH2-LMANco","Ex_DACH2_CEMIP",0.281561288131992
"_CAACCAAAGCAATTAG-5","Glut-DACH2-LMANsh","Ex_DACH2_GRIK4",0.402873223038355
"_CAACCAAGTATCGATC-5","Glut-DACH2-6","Ex_DACH2_CEMIP",0.563568795533568
"_CAACCAATCGCCGATG-5","Glut-DACH2-LMANsh","Ex_DACH2_ZMAT4",0.322528275783042
"_CAACCAATCTGGAGAG-5","Glut-DACH2-LMANco","Ex_DACH2_CEMIP",0.549599112344762
"_CAACGATAGAACCCGA-5","Glut-DACH2-LMANco","Ex_DACH2_CEMIP",0.854192726318204
"_CAAGACTGTAACATGA-5","Glut-DACH2-LMANsh","Ex_DACH2_GRIK4",0.316922744070021
"_CAAGACTGTTCTCTAT-5","Glut-DACH2-LMANsh","Ex_DACH2_LHX2",0.348596684831829
"_CAAGAGGAGAACAAGG-5","Glut-DACH2-6","Ex_DACH2_CEMIP",0.882944325641534
"_CAAGAGGAGCAGGCAT-5","Glut-DACH2-LMANsh","Ex_DACH2_ADAMTS5",0.339791099285363
"_CAAGCTACATCAACCA-5","Glut-DACH2-LMANsh","Ex_DACH2_LHX2",0.493556815689265
"_CAAGCTATCAAAGGTA-5","Glut-DACH2-6","Ex_DACH2_ZMAT4",0.685116456885666
"_CAAGGGAAGGGTAGCT-5","Glut-DACH2-LMANco","Ex_DACH2_CEMIP",0.633679394737191
"_CAAGGGAAGTCTAGCT-5","Glut-DACH2-6","Ex_DACH2_CEMIP",0.853636373359383
"_CAAGGGACAGCGTGCT-5","Glut-DACH2-LMANsh","Ex_DACH2_ADAMTS5",0.317135324991941
"_CAAGGGATCTACCTTA-5","Glut-DACH2-8","Ex_DACH2_CEMIP",0.844931521983357
"_CAAGGGATCTCTTGCG-5","Glut-DACH2-LMANco","Ex_DACH2_CEMIP",0.439149792335381
"_CAAGGGATCTGACGCG-5","Glut-DACH2-8","Ex_DACH2_ZMAT4",0.706388076603396
"_CAATACGGTGCCTGAC-5","Glut-DACH2-LMANsh","Ex_DACH2_LHX2",0.561387875591221
"_CAATCGAGTACTCCGG-5","Glut-DACH2-7","Ex_DACH2_GRIK4",0.362522160631675
"_CAATCGAGTCCGATCG-5","Glut-DACH2-LMANsh","Ex_DACH2_LHX2",0.245720330553416
"_CAATCGATCCTCTTTC-5","Glut-DACH2-LMANco","Ex_DACH2_CEMIP",0.688173661133941
"_CAATGACAGTAATACG-5","Glut-DACH2-LMANsh","Ex_DACH2_GRIK4",0.316668269851806
"_CAATTTCTCTTGTGCC-5","Glut-DACH2-LMANsh","Ex_DACH2_LHX2",0.59088929647091
"_CACACAAAGGATTACA-5","Glut-DACH2-8","Ex_DACH2_CEMIP",0.672194171203416
"_CACACAAAGTTGCATC-5","Glut-DACH2-5","Ex_DACH2_LHX2",0.387810527243561
"_CACACAACAAGATTGA-5","Glut-DACH2-LMANsh","Ex_DACH2_ADAMTS5",0.448735656998617
"_CACACAATCCCAACTC-5","Glut-DACH2-LMANco","Ex_BCL6",0.284941323869164
"_CACACAATCCTCGCAT-5","Glut-DACH2-LMANsh","Ex_DACH2_GRIK4",0.40885885733384
"_CACACAATCGTTCTAT-5","Glut-DACH2-LMANsh","Ex_DACH2_ADAMTS5",0.361123146924653
"_CACAGATAGGGCAAGG-5","Glut-DACH2-LMANsh","Ex_DACH2_LHX2",0.49172520147327
"_CACAGATCAATACGCT-5","Glut-DACH2-LMANco","Ex_DACH2_CEMIP",0.650772982658982
"_CACAGATTCTACTCAT-5","Glut-DACH2-LMANsh","Ex_DACH2_GRIK4",0.384682719503511
"_CACAGGCAGTTCCATG-5","Glut-DACH2-LMANco","Ex_DACH2_TAC1",0.289166674218483
"_CACAGGCCAGTCTCTC-5","Glut-DACH2-LMANsh","Ex_DACH2_GRIK4",0.477562334422773
"_CACATGAAGAATACAC-5","Glut-DACH2-5","Ex_DACH2_LHX2",0.587912506578526
"_CACCAAACAATCGCGC-5","Glut-DACH2-LMANsh","Ex_DACH2_LHX2",0.586350236207036
"_CACCAAACAGGACTAG-5","Glut-DACH2-LMANco","Ex_CACNA1H_LHX9",0.344891391110405
"_CACCAAATCCTCTCTT-5","Glut-DACH2-LMANco","Ex_DACH2_ZMAT4",0.660832848706165
"_CACCGTTCAGACCCGT-5","Glut-DACH2-LMANsh","Ex_DACH2_RORB",0.374043588176146
"_CACCGTTCAGGCATTT-5","Glut-DACH2-LMANco","Ex_DACH2_CEMIP",0.523682618963696
"_CACGAATCAAGAGTGC-5","Glut-DACH2-LMANco","Ex_DACH2_RORB",0.274732934337645
"_CACGAATCACTTTAGG-5","Glut-DACH2-LMANco","Ex_DACH2_ZMAT4",0.395073516394564
"_CACGAATGTTCTTAGG-5","Glut-DACH2-LMANsh","Ex_DACH2_RORB",0.336359063637933
"_CACGGGTCAGGGACTA-5","Glut-DACH2-LMANsh","Ex_DACH2_GRIK4",0.320945968128165
"_CACGGGTGTGTCTTAG-5","Glut-DACH2-LMANsh","Ex_DACH2_LHX2",0.349226661242912
"_CACGGGTGTTCAAACC-5","Glut-DACH2-LMANsh","Ex_DACH2_LHX2",0.434307780491977
"_CACGGGTTCACTACTT-5","Glut-DACH2-LMANsh","Ex_DACH2_GRIK4",0.559826192728918
"_CACGGGTTCCTCACGT-5","Glut-DACH2-8","Ex_DACH2_ZMAT4",0.926545780895999
"_CACGTGGAGTACAACA-5","Glut-DACH2-LMANsh","Ex_DACH2_LHX2",0.416633029319557
"_CACTAAGGTACGGCAA-5","Glut-DACH2-LMANsh","Ex_DACH2_ADAMTS5",0.292396314220343
"_CACTGAACAAACTAGA-5","Glut-DACH2-6","Ex_DACH2_CEMIP",0.969484111824322
"_CACTGGGAGCAGCGAT-5","Glut-DACH2-LMANco","Ex_DACH2_CEMIP",0.763364242714018
"_CACTGGGGTATTTCCT-5","Glut-DACH2-LMANsh","Ex_DACH2_LHX2",0.582043693116364
"_CACTTCGGTTAGAAAC-5","Glut-DACH2-LMANsh","Ex_DACH2_MGAT4C",0.267928681300212
"_CAGAGCCCAGAGGTTG-5","Glut-DACH2-LMANco","Ex_DACH2_CEMIP",0.718889174384532
"_CAGAGCCTCTGGGCCA-5","Glut-DACH2-5","Ex_DACH2_LHX2",0.444627508457574
"_CAGATACCAAGCACCC-5","Glut-DACH2-LMANco","Ex_DACH2_CEMIP",0.501075385443372
"_CAGATCAAGCGACATG-5","Glut-DACH2-8","Ex_DACH2_CEMIP",0.51389429348191
"_CAGATCAGTGGTCTCG-5","Glut-DACH2-8","Ex_DACH2_ZMAT4",0.740454174493341
"_CAGCAATAGTGGCGAT-5","Glut-DACH2-LMANsh","Ex_DACH2_GRIK4",0.376883829736298
"_CAGCAATCATACAGGG-5","Glut-DACH2-LMANco","Ex_DACH2_CEMIP",0.657679316098374
"_CAGCAATCATCCGTTC-5","Glut-DACH2-8","Ex_DACH2_ZMAT4",0.524836207187725
"_CAGCAATGTATCGGTT-5","Glut-DACH2-6","Ex_DACH2_CEMIP",0.548325203584697
"_CAGCAGCCAATAGGGC-5","Glut-DACH2-8","Ex_DACH2_CEMIP",0.227607116995108
"_CAGCCAGTCCCGAAAT-5","Glut-DACH2-LMANsh","Ex_DACH2_GRIK4",0.40051602110571
"_CAGCGTGAGAACGTGC-5","Glut-DACH2-8","Ex_DACH2_ZMAT4",0.704994877866756
"_CAGCGTGAGATTGAGT-5","Glut-DACH2-LMANco","Ex_DACH2_CEMIP",0.602128406850492
"_CAGCGTGAGCTACGTT-5","Glut-DACH2-LMANco","Ex_DACH2_CEMIP",0.576664495798916
"_CAGCGTGCAGCAAGAC-5","Glut-DACH2-8","Ex_DACH2_CEMIP",0.595700096229011
"_CAGCGTGGTATTAAGG-5","Glut-DACH2-LMANsh","Ex_DACH2_LHX2",0.33582692825773
"_CAGCGTGTCCTGTACC-5","Glut-DACH2-LMANco","Ex_DACH2_ZMAT4",0.669891447731935
"_CAGCGTGTCGAGAATA-5","Glut-DACH2-LMANco","Ex_DACH2_CEMIP",0.774880494586233
"_CAGGGCTCAACCGGAA-5","Glut-DACH2-LMANsh","Ex_DACH2_LHX2",0.296109053544328
"_CAGGGCTTCCGGCTTT-5","Glut-DACH2-LMANsh","Ex_DACH2_GRIK4",0.405119917641339
"_CAGGTATCAGTCACGC-5","Glut-DACH2-LMANsh","Ex_DACH2_ITGA9",0.314285215441488
"_CAGGTATTCTCGTGAA-5","Glut-DACH2-8","Ex_DACH2_ZMAT4",0.711442522117323
"_CAGTGCGAGGCCATAG-5","Glut-DACH2-8","Ex_DACH2_ZMAT4",0.755775552964175
"_CAGTGCGAGGTGCTAG-5","Glut-DACH2-LMANco","Ex_DACH2_ZMAT4",0.284853046935923
"_CAGTGCGGTTTCGCTC-5","Glut-DACH2-6","Ex_DACH2_CEMIP",1
"_CAGTGCGTCTGTGCTC-5","Glut-DACH2-LMANsh","Ex_DACH2_LHX2",0.412356662391195
"_CAGTTAGGTAGTCGGA-5","Glut-DACH2-6","Ex_DACH2_CEMIP",0.826704340358375
"_CAGTTCCTCACAGTGT-5","Glut-DACH2-6","Ex_DACH2_CEMIP",0.59114432873699
"_CATACCCGTGGCGCTT-5","Glut-DACH2-LMANsh","Ex_DACH2_LHX2",0.3965301035005
"_CATACCCTCGTAGTGT-5","Glut-DACH2-6","Ex_DACH2_CEMIP",0.782392747509035
"_CATACTTTCATTCATC-5","Glut-DACH2-LMANco","Ex_DACH2_CEMIP",0.464050231280116
"_CATAGACAGTGGAAGA-5","Glut-DACH2-LMANsh","Ex_DACH2_ADAMTS5",0.229769259526377
"_CATAGACCATAACCCA-5","Glut-DACH2-LMANsh","Ex_DACH2_NR4A3",0.441804620864526
"_CATAGACCATCAGCTA-5","Glut-DACH2-LMANco","Ex_DACH2_ZMAT4",0.581015791320117
"_CATCAAGCATGGCTGC-5","Glut-DACH2-LMANsh","Ex_DACH2_LHX2",0.397613217073558
"_CATCAAGGTCAGTCCG-5","Glut-DACH2-LMANsh","Ex_DACH2_LHX2",0.457169575481489
"_CATCCACCAAGGTACG-5","Glut-DACH2-6","Ex_DACH2_CEMIP",0.736758116180621
"_CATCCACTCACCTCTG-5","Glut-DACH2-LMANco","Ex_DACH2_CEMIP",0.429965849910116
"_CATCCACTCGGTAACT-5","Glut-DACH2-8","Ex_DACH2_ZMAT4",0.496915111750833
"_CATCCCAAGCCGTCGT-5","Glut-DACH2-LMANsh","Ex_DACH2_GRIK4",0.846044887504265
"_CATCCCAAGTCATACC-5","Glut-DACH2-LMANsh","Ex_DACH2_LHX2",0.355691167494991
"_CATCCCAAGTCGCCCA-5","Glut-DACH2-LMANco","Ex_DACH2_CEMIP",0.573982780983098
"_CATCCCAGTCAGTCTA-5","Glut-DACH2-LMANco","Ex_DACH2_CEMIP",0.792541439018127
"_CATCCCATCATCGTAG-5","Glut-DACH2-8","Ex_DACH2_ZMAT4",0.80296706980755
"_CATCGCTAGTAGCCAG-5","Glut-DACH2-LMANsh","Ex_DACH2_NR4A3",0.755126328434516
"_CATCGCTCACCAGGTC-5","Glut-DACH2-LMANsh","Ex_DACH2_LHX2",0.567275765364795
"_CATCGCTGTGCCTATA-5","Glut-DACH2-LMANsh","Ex_DACH2_LHX2",0.379304410649572
"_CATCGCTGTGGGAGAG-5","Glut-DACH2-6","Ex_DACH2_CEMIP",0.966569895156187
"_CATCGCTTCTACGCAA-5","Glut-DACH2-6","Ex_DACH2_CEMIP",0.93649438456263
"_CATCGGGAGGCTTTCA-5","Glut-DACH2-LMANsh","Ex_DACH2_LHX2",0.336855828835865
"_CATCGGGCACCCTGTT-5","Glut-DACH2-LMANco","Ex_BCL6",0.350820569627338
"_CATCGGGCACGCTGAC-5","Glut-DACH2-LMANsh","Ex_DACH2_ADAMTS5",0.237564367190124
"_CATGAGTCAGCTACCG-5","Glut-DACH2-LMANco","Ex_DACH2_ZMAT4",0.44271868138148
"_CATGAGTTCTCACCCA-5","Glut-DACH2-8","Ex_DACH2_CEMIP",0.627942293622041
"_CATGCAAGTGTTATCG-5","Glut-DACH2-LMANsh","Ex_DACH2_NR4A3",0.330365243551001
"_CATGCAATCGCAATGT-5","Glut-DACH2-LMANco","Ex_Pre_KCNH7",0.288430137313506
"_CATGCAATCGGTGCAC-5","Glut-DACH2-8","Ex_DACH2_CEMIP",0.50716685320408
"_CATGCCTAGTACAGAT-5","Glut-DACH2-8","Ex_DACH2_ZMAT4",0.510425846404394
"_CATGCCTCAAATGGCG-5","Glut-DACH2-LMANsh","Ex_DACH2_LHX2",0.641128198455446
"_CATGCCTCAGGACTAG-5","Glut-DACH2-8","Ex_DACH2_ZMAT4",0.650095116368268
"_CATGCCTTCGAACTCA-5","Glut-DACH2-LMANsh","Ex_DACH2_GRIK4",0.522155368167747
"_CATGCCTTCTCAATCT-5","Glut-DACH2-LMANsh","Ex_DACH2_GRIK4",0.599360213129361
"_CATGCGGAGTTATGGA-5","Glut-DACH2-LMANsh","Ex_DACH2_LHX2",0.427489726524468
"_CATGCGGCAGATTTCG-5","Glut-DACH2-LMANsh","Ex_DACH2_GRIK4",0.499854376594155
"_CATGCGGCAGCGTGCT-5","Glut-DACH2-LMANco","Ex_DACH2_CEMIP",0.648654748624029
"_CATGCGGGTGCGAACA-5","Glut-DACH2-6","Ex_DACH2_CEMIP",0.931241392750525
"_CATGCTCGTTTATGCG-5","Glut-DACH2-8","Ex_DACH2_ITGA9",0.308811056052727
"_CATGCTCTCAGTCAGT-5","Glut-DACH2-LMANco","Ex_BCL6",0.244907342679047
"_CATGGATGTTCAATCG-5","Glut-DACH2-LMANco","Ex_Pre_KCNH7",0.250604316700394
"_CATGGTAGTATGGGAC-5","Glut-DACH2-LMANco","Ex_DACH2_CEMIP",0.77561331659635
"_CATGGTATCCAAATGC-5","Glut-DACH2-8","Ex_DACH2_CEMIP",0.686130718841095
"_CATGGTATCTTCTGTA-5","Glut-DACH2-LMANco","Ex_DACH2_CEMIP",0.584774650902915
"_CATTCATCATCTTTCA-5","Glut-DACH2-6","Ex_DACH2_CEMIP",1
"_CATTCATGTTACGTAC-5","Glut-DACH2-LMANco","Ex_DACH2_CEMIP",0.515516278373294
"_CATTCATTCGGACAAG-5","Glut-DACH2-LMANco","Ex_DACH2_CEMIP",0.625924481982249
"_CATTCATTCGGTCATA-5","Glut-DACH2-8","Ex_DACH2_ZMAT4",0.701407849357149
"_CATTCCGGTTGTATGC-5","Glut-DACH2-LMANco","Ex_BCL6",0.303855071378138
"_CATTCCGTCACGGACC-5","Glut-DACH2-8","Ex_DACH2_ZMAT4",0.584338596202804
"_CATTCTACATCGCTAA-5","Glut-DACH2-LMANco","Ex_DACH2_CEMIP",0.696565235502037
"_CATTCTAGTCCCACGA-5","Glut-DACH2-6","Ex_DACH2_CEMIP",0.765585153947876
"_CATTCTAGTTGTCTAG-5","Glut-DACH2-8","Ex_DACH2_ZMAT4",0.656464007858297
"_CATTCTATCACACCGG-5","Glut-DACH2-LMANsh","Ex_DACH2_LHX2",0.514534685884312
"_CATTGAGAGGGAGGCA-5","Glut-DACH2-LMANco","Ex_DACH2_ZMAT4",0.793391450039821
"_CATTGAGTCGCGCCAA-5","Glut-DACH2-LMANco","Ex_DACH2_RORB",0.251095874198378
"_CATTGCCAGTGGATTA-5","Glut-DACH2-LMANco","Ex_DACH2_CEMIP",0.49407303340064
"_CATTGCCGTAGGAGTC-5","Glut-DACH2-LMANsh","Ex_DACH2_ADAMTS5",0.336496304289093
"_CATTGTTAGGTGCATG-5","Glut-DACH2-LMANsh","Ex_DACH2_GRIK4",0.338972483676455
"_CATTGTTCACGGTGCT-5","Glut-DACH2-LMANsh","Ex_DACH2_LHX2",0.385614201816194
"_CATTGTTTCCATCTAT-5","Glut-DACH2-LMANco","Ex_DACH2_CEMIP",0.49164254444436
"_CATTGTTTCCGTTTCG-5","Glut-DACH2-LMANsh","Ex_DACH2_RORB",0.318470452265289
"_CATTTCAGTTTAGACC-5","Glut-DACH2-LMANco","Ex_DACH2_CEMIP",0.239769217825675
"_CCAATGAAGCCAGAGT-5","Glut-DACH2-LMANco","Ex_DACH2_CEMIP",0.864083440089206
"_CCAATGAAGGGTTGCA-5","Glut-DACH2-LMANsh","Ex_DACH2_ADAMTS5",0.576522436948308
"_CCAATTTAGGAAAGTG-5","Glut-DACH2-8","Ex_DACH2_ZMAT4",0.443431149918193
"_CCACAAACAAAGACTA-5","Glut-DACH2-LMANsh","Ex_DACH2_GRIK4",0.329430440306008
"_CCACACTGTGCTGATT-5","Glut-DACH2-5","Ex_DACH2_GRIK4",0.288804002692824
"_CCACACTGTGTTGATC-5","Glut-DACH2-LMANsh","Ex_DACH2_ZMAT4",0.282098428604085
"_CCACACTTCGTAACTG-5","Glut-DACH2-LMANco","Ex_DACH2_RORB",0.233883943315811
"_CCACCATAGGGTCTTT-5","Glut-DACH2-LMANco","Ex_DACH2_CEMIP",0.529659020071531
"_CCACCATCAGGTGTGA-5","Glut-DACH2-1","Ex_DACH2_GRIK4",0.374140343922435
"_CCACCATGTCTAGGCC-5","Glut-DACH2-LMANsh","Ex_DACH2_RORB",0.580452935537641
"_CCACCATTCTCGGGAC-5","Glut-DACH2-8","Ex_DACH2_CEMIP",0.494377267733863
"_CCACGAGGTATGCTTG-5","Glut-DACH2-LMANco","Ex_DACH2_CEMIP",0.811634540516337
"_CCACGTTAGGTCCAGA-5","Glut-DACH2-LMANsh","Ex_DACH2_ADAMTS5",0.679598129852855
"_CCACGTTCAATAGGAT-5","Glut-DACH2-8","Ex_DACH2_ZMAT4",0.564974946338365
"_CCACTTGAGACATAAC-5","Glut-DACH2-LMANsh","Ex_DACH2_ADAMTS5",0.293833635863543
"_CCACTTGCAAGACTGG-5","Glut-DACH2-LMANco","Ex_DACH2_ZMAT4",0.439610094696482
"_CCACTTGCATACCATG-5","Glut-DACH2-8","Ex_DACH2_CEMIP",0.585820325898192
"_CCACTTGTCACGACTA-5","Glut-DACH2-LMANco","Ex_BCL6",0.324491981591935
"_CCATAAGAGAAATCCA-5","Glut-DACH2-6","Ex_DACH2_CEMIP",0.975969769189382
"_CCATAAGTCACAGTGT-5","Glut-DACH2-6","Ex_DACH2_CEMIP",0.950413212642571
"_CCATAAGTCCCGAACG-5","Glut-DACH2-LMANsh","Ex_DACH2_ITGA9",0.387082160723699
"_CCATCACCATCTTTCA-5","Glut-DACH2-LMANsh","Ex_DACH2_GRIK4",0.295617241033406
"_CCATCACGTACGCTTA-5","Glut-DACH2-LMANsh","Ex_DACH2_ADAMTS5",0.371728263811603
"_CCCAACTTCCGAGGCT-5","Glut-DACH2-8","Ex_DACH2_ZMAT4",0.771717936251757
"_CCCATTGAGAAGTATC-5","Glut-DACH2-LMANsh","Ex_DACH2_LHX2",0.359429768426813
"_CCCATTGCAAGATCCT-5","Glut-DACH2-LMANco","Ex_DACH2_CEMIP",0.83360236301148
"_CCCATTGTCGGCTCTT-5","Glut-DACH2-8","Ex_DACH2_CEMIP",0.6081650287575
"_CCCGAAGAGACCAAAT-5","Glut-DACH2-LMANco","Ex_DACH2_CEMIP",0.415297354121656
"_CCCGAAGAGCAACAGC-5","Glut-DACH2-LMANsh","Ex_DACH2_LHX2",0.541158493419273
"_CCCGAAGGTACTCGAT-5","Glut-DACH2-LMANsh","Ex_DACH2_RORB",0.294717191508901
"_CCCGAAGGTCTGCAAT-5","Glut-DACH2-LMANsh","Ex_DACH2_RORB",0.362574105605237
"_CCCGAAGGTTTCGATG-5","Glut-DACH2-6","Ex_DACH2_CEMIP",0.827026716991775
"_CCCGGAACATAAGCGG-5","Glut-DACH2-LMANco","Ex_DACH2_CEMIP",0.652403810721141
"_CCCGGAAGTGACTGTT-5","Glut-DACH2-LMANsh","Ex_DACH2_ADAMTS5",0.341292867041525
"_CCCGGAATCAGCGGAA-5","Glut-DACH2-6","Ex_DACH2_CEMIP",0.799192635483684
"_CCCGGAATCGTCAAAC-5","Glut-DACH2-LMANco","Ex_DACH2_CEMIP",0.85070375175346
"_CCCTAACAGCTAGAGC-5","Glut-DACH2-LMANsh","Ex_DACH2_GRIK4",0.265055427171371
"_CCCTAACCAATACAGA-5","Glut-DACH2-LMANsh","Ex_DACH2_LHX2",0.54293588040235
"_CCCTAACTCGCTGCGA-5","Glut-DACH2-1","Ex_DACH2_GRIK4",0.599413099471845
"_CCCTCAACATCCTGTC-5","Glut-DACH2-8","Ex_DACH2_ZMAT4",0.495300038654569
"_CCCTCAATCCAAATGC-5","Glut-DACH2-LMANsh","Ex_DACH2_MGAT4C",0.363979089187825
"_CCCTCTCCAAGGCAAC-5","Glut-DACH2-LMANco","Ex_DACH2_ZMAT4",0.768138440178238
"_CCCTCTCGTTTGGAGG-5","Glut-DACH2-LMANco","Ex_DACH2_CEMIP",0.652357899592993
"_CCCTCTCTCAGCTTGA-5","Glut-DACH2-LMANco","Ex_DACH2_RORB",0.230376889611526
"_CCCTGATAGACATAAC-5","Glut-DACH2-LMANco","Ex_DACH2_CEMIP",0.609154516694022
"_CCCTGATGTAGATTAG-5","Glut-DACH2-LMANsh","Ex_DACH2_GRIK4",0.286788853724213
"_CCCTGATTCAAATGAG-5","Glut-DACH2-8","Ex_DACH2_ZMAT4",0.671476403173537
"_CCCTTAGGTGTTAGCT-5","Glut-DACH2-LMANsh","Ex_DACH2_RORB",0.307653958310005
"_CCGAACGAGTGTTCAC-5","Glut-DACH2-LMANco","Ex_DACH2_TAC1",0.269952264327702
"_CCGAACGCATTGCCTC-5","Glut-DACH2-8","Ex_DACH2_ZMAT4",0.704101204957658
"_CCGATCTAGATCGCCC-5","Glut-DACH2-7","Ex_DACH2_MGAT4C",0.396683183479637
"_CCGATCTCAGGCGATA-5","Glut-DACH2-5","Ex_DACH2_LHX2",0.631363341918021
"_CCGATCTCATAATCCG-5","Glut-DACH2-LMANsh","Ex_DACH2_LHX2",0.483960139781325
"_CCGATCTCATTGCAAC-5","Glut-DACH2-LMANco","Ex_DACH2_CEMIP",0.419198453493654
"_CCGATCTGTAGCACAG-5","Glut-DACH2-LMANsh","Ex_DACH2_GRIK4",0.399029433016085
"_CCGCAAGCATTGCCGG-5","Glut-DACH2-5","Ex_DACH2_LHX2",0.469738587358756
"_CCGGACAGTGGACTGA-5","Glut-DACH2-LMANsh","Ex_DACH2_LHX2",0.478978249838666
"_CCGGACATCGGCCTTT-5","Glut-DACH2-LMANco","Ex_DACH2_CEMIP",0.631620515932642
"_CCGGGTAAGTCATGCT-5","Glut-DACH2-7","Ex_DACH2_MGAT4C",0.253401277538702
"_CCGGGTACAAATACGA-5","Glut-DACH2-8","Ex_DACH2_ZMAT4",0.489649048108286
"_CCGGGTATCAACGCTA-5","Glut-DACH2-LMANsh","Ex_DACH2_GRIK4",0.432565009099116
"_CCGGGTATCGAGCACC-5","Glut-DACH2-8","Ex_DACH2_ZMAT4",0.784605636736568
"_CCGGGTATCGCAACAT-5","Glut-DACH2-8","Ex_DACH2_CEMIP",0.712003032761989
"_CCGGTAGGTAGGAAAG-5","Glut-DACH2-8","Ex_DACH2_CEMIP",0.66249251152297
"_CCGGTAGGTGGCTTAT-5","Glut-DACH2-LMANsh","Ex_DACH2_ADAMTS5",0.466818076906377
"_CCGGTGACATCGATAC-5","Glut-DACH2-7","Ex_DACH2_MGAT4C",0.455283046603904
"_CCGGTGAGTCGCGTCA-5","Glut-DACH2-LMANsh","Ex_DACH2_LHX2",0.272349911901851
"_CCGTGAGGTCTGCGCA-5","Glut-DACH2-LMANsh","Ex_DACH2_LHX2",0.431464417326386
"_CCGTGAGTCCCTCTCC-5","Glut-DACH2-LMANco","Ex_Pre_KCNH7",0.282013408093863
"_CCGTGAGTCTGTGCTC-5","Glut-DACH2-5","Ex_DACH2_LHX2",0.38684911942138
"_CCGTTCAAGGTTTACC-5","Glut-DACH2-LMANco","Ex_DACH2_TAC1",0.248835731842267
"_CCGTTCACACGTAGTT-5","Glut-DACH2-LMANsh","Ex_DACH2_LHX2",0.406904127066783
"_CCGTTCATCGGTTAGT-5","Glut-DACH2-8","Ex_DACH2_ZMAT4",0.844629712751502
"_CCGTTCATCTCTATAC-5","Glut-DACH2-LMANsh","Ex_DACH2_ADAMTS5",0.887931742575313
"_CCTAACCAGGTTCTAC-5","Glut-DACH2-6","Ex_DACH2_CEMIP",0.73089384950449
"_CCTAACCGTAACATGA-5","Glut-DACH2-LMANsh","Ex_DACH2_LHX2",0.295474424286222
"_CCTAACCTCCATCTGC-5","Glut-DACH2-LMANco","Ex_DACH2_RORB",0.296019143374554
"_CCTAACCTCGGTAAGG-5","Glut-DACH2-6","Ex_DACH2_CEMIP",0.565692535130956
"_CCTAAGATCTAGTACG-5","Glut-DACH2-6","Ex_DACH2_CEMIP",0.827205351544437
"_CCTACGTAGGTGCTTT-5","Glut-DACH2-8","Ex_DACH2_GRIK4",0.462142981965864
"_CCTACGTCAGACCTAT-5","Glut-DACH2-LMANsh","Ex_DACH2_GRIK4",0.359935607668204
"_CCTCAACAGCACAAAT-5","Glut-DACH2-LMANsh","Ex_DACH2_LHX2",0.490644561105957
"_CCTCAACAGCGCCTTG-5","Glut-DACH2-LMANsh","Ex_DACH2_GRIK4",0.293758831963043
"_CCTCACAGTCCGGTCA-5","Glut-DACH2-LMANsh","Ex_DACH2_LHX2",0.406186308366084
"_CCTCACAGTGCATTAC-5","Glut-DACH2-8","Ex_DACH2_ZMAT4",0.791511044292979
"_CCTCACATCCGCACTT-5","Glut-DACH2-LMANsh","Ex_DACH2_LHX2",0.344446743232057
"_CCTCAGTTCCTGGGAC-5","Glut-DACH2-LMANsh","Ex_DACH2_GRIK4",0.246978794553536
"_CCTCAGTTCGACCAAT-5","Glut-DACH2-8","Ex_DACH2_ZMAT4",0.775790832337369
"_CCTCCAACAACTTCTT-5","Glut-DACH2-8","Ex_DACH2_ZMAT4",0.834119169370134
"_CCTCCTCAGGTACCTT-5","Glut-DACH2-LMANsh","Ex_DACH2_LHX2",0.281914246084251
"_CCTCCTCAGTGGCCTC-5","Glut-DACH2-6","Ex_DACH2_CEMIP",0.593268646297121
"_CCTCTAGCAACTGAAA-5","Glut-DACH2-6","Ex_DACH2_CEMIP",0.892070065256122
"_CCTCTAGGTCGGATTT-5","Glut-DACH2-8","Ex_DACH2_CEMIP",0.503595447303669
"_CCTGCATAGTAACGTA-5","Glut-DACH2-LMANco","Ex_DACH2_TAC1",0.2596405598705
"_CCTGTTGCAATCAAGA-5","Glut-DACH2-LMANco","Ex_DACH2_RORB",0.310988608509913
"_CCTTCAGCACAATTCG-5","Glut-DACH2-LMANco","Ex_DACH2_CEMIP",0.408369108522307
"_CCTTCAGCAGATCACT-5","Glut-DACH2-6","Ex_DACH2_CEMIP",0.86085705813932
"_CCTTTGGCAATTGCTG-5","Glut-DACH2-LMANsh","Ex_DACH2_GRIK4",0.305521265643133
"_CGAAGGAAGGCTAGCA-5","Glut-DACH2-LMANsh","Ex_DACH2_LHX2",0.319406341985513
"_CGAAGGATCTGATTCT-5","Glut-DACH2-LMANsh","Ex_DACH2_ADAMTS5",0.729158981106766
"_CGAAGTTCAAGACGAC-5","Glut-DACH2-LMANco","Ex_DACH2_CEMIP",0.476671810993064
"_CGAAGTTCATGTGGTT-5","Glut-DACH2-8","Ex_DACH2_ZMAT4",0.759270454393306
"_CGAAGTTTCAATCGGT-5","Glut-DACH2-5","Ex_DACH2_MGAT4C",0.236368056662445
"_CGAATTGGTTCGGCCA-5","Glut-DACH2-LMANsh","Ex_DACH2_LHX2",0.593845463387594
"_CGACAGCAGGTCTGGA-5","Glut-DACH2-LMANco","Ex_BCL6",0.288136926198377
"_CGACAGCAGGTTAAAC-5","Glut-DACH2-LMANco","Ex_Pre_KCNH7",0.239906131327549
"_CGACAGCCAGAATTCC-5","Glut-DACH2-8","Ex_DACH2_ZMAT4",0.799137897797653
"_CGAGAAGAGTCGAAAT-5","Glut-DACH2-LMANco","Ex_DACH2_ZMAT4",0.531383530647255
"_CGAGAAGGTATGGTTC-5","Glut-DACH2-LMANsh","Ex_DACH2_RORB",0.309376588361948
"_CGAGAAGGTTCTCCTG-5","Glut-DACH2-6","Ex_DACH2_CEMIP",0.627419710207203
"_CGAGAAGTCAAGCCAT-5","Glut-DACH2-LMANsh","Ex_DACH2_GRIK4",0.521878752311435
"_CGAGGAAGTACACGTT-5","Glut-DACH2-LMANsh","Ex_DACH2_GRIK4",0.337486560648652
"_CGAGGCTGTCACATTG-5","Glut-DACH2-8","Ex_DACH2_ZMAT4",0.590952343986224
"_CGAGGCTTCCCAGTGG-5","Glut-DACH2-8","Ex_DACH2_CEMIP",0.688661714032804
"_CGAGGCTTCGCCGATG-5","Glut-DACH2-8","Ex_DACH2_ZMAT4",0.702725045636866
"_CGAGTGCAGAAGCCTG-5","Glut-DACH2-LMANco","Ex_DACH2_CEMIP",0.711384961727672
"_CGAGTGCAGGGAGGCA-5","Glut-DACH2-LMANco","Ex_DACH2_CEMIP",0.638936656632227
"_CGAGTGCAGGTTACAA-5","Glut-DACH2-LMANsh","Ex_DACH2_GRIK4",0.253177491904877
"_CGAGTGCGTACGTGAG-5","Glut-DACH2-8","Ex_DACH2_ZMAT4",0.571960538792981
"_CGAGTGCGTTGGGTTT-5","Glut-DACH2-6","Ex_DACH2_CEMIP",0.759910514176908
"_CGAGTTACACCTGCGA-5","Glut-DACH2-6","Ex_DACH2_CEMIP",0.887497442956455
"_CGAGTTACATTGGATC-5","Glut-DACH2-LMANsh","Ex_DACH2_LHX2",0.332643017599192
"_CGAGTTATCCGATGCG-5","Glut-DACH2-6","Ex_DACH2_CEMIP",0.950601180818814
"_CGATGCGAGGTGCAGT-5","Glut-DACH2-LMANsh","Ex_DACH2_LHX2",0.333880746705834
"_CGATGCGGTGATTAGA-5","Glut-DACH2-LMANsh","Ex_DACH2_ADAMTS5",0.372984060226188
"_CGATGGCTCGATGGAG-5","Glut-DACH2-LMANsh","Ex_DACH2_LHX2",0.336811246760501
"_CGATGGCTCGGCATCG-5","Glut-DACH2-8","Ex_DACH2_ZMAT4",0.303776407616892
"_CGCAGGTTCCACTTCG-5","Glut-DACH2-8","Ex_DACH2_ZMAT4",0.762513088119776
"_CGCATAAGTGTCATCA-5","Glut-DACH2-LMANco","Ex_DACH2_CEMIP",0.882020920303606
"_CGCATGGCATATCGGT-5","Glut-DACH2-8","Ex_DACH2_ZMAT4",0.505477490953901
"_CGCATGGTCACAAGAA-5","Glut-DACH2-LMANsh","Ex_DACH2_ADAMTS5",0.696486333763401
"_CGCATGGTCCGCCTAT-5","Glut-DACH2-LMANsh","Ex_DACH2_ADAMTS5",0.544938657848925
"_CGCCAGAAGACGCCAA-5","Glut-DACH2-LMANsh","Ex_DACH2_LHX2",0.295737826039287
"_CGCCAGACAGTAGATA-5","Glut-DACH2-LMANsh","Ex_DACH2_LHX2",0.40084842982463
"_CGCCATTCACGTACTA-5","Glut-DACH2-5","Ex_DACH2_GRIK4",0.484062022719667
"_CGCCATTCAGCGTACC-5","Glut-DACH2-LMANsh","Ex_DACH2_LHX2",0.382170237257351
"_CGCCATTGTCCCTGTT-5","Glut-DACH2-LMANsh","Ex_DACH2_ADAMTS5",0.220686766206175
"_CGCCATTGTCTGATAC-5","Glut-DACH2-LMANsh","Ex_DACH2_ADAMTS5",0.529003007700197
"_CGGAACCCAAAGGAGA-5","Glut-DACH2-LMANsh","Ex_DACH2_LHX2",0.412978677926698
"_CGGAACCTCGTTATCT-5","Glut-DACH2-LMANco","Ex_DACH2_CEMIP",0.711075650177668
"_CGGAATTGTAAGGCTG-5","Glut-DACH2-LMANsh","Ex_DACH2_NR4A3",0.292265913212018
"_CGGACACGTATGGTAA-5","Glut-DACH2-LMANco","Ex_DACH2_CEMIP",0.782990288366152
"_CGGAGAAGTCCTTAAG-5","Glut-DACH2-LMANco","Ex_DACH2_CEMIP",0.502467938878694
"_CGGAGAATCATGGGAG-5","Glut-DACH2-8","Ex_DACH2_ITGA9",0.200236470543261
"_CGGAGAATCTCCCTAG-5","Glut-DACH2-LMANsh","Ex_DACH2_GRIK4",0.286261587377308
"_CGGAGAATCTGATTCT-5","Glut-DACH2-8","Ex_DACH2_ZMAT4",0.818529606023844
"_CGGCAGTCAGAATTCC-5","Glut-DACH2-LMANco","Ex_BCL6",0.243235846386836
"_CGGGACTCATGTGCCG-5","Glut-DACH2-LMANco","Ex_DACH2_CEMIP",0.525757956909387
"_CGGGCATGTTGGAGAC-5","Glut-DACH2-LMANsh","Ex_DACH2_LHX2",0.384815387032215
"_CGGGTCAGTGAGATAT-5","Glut-DACH2-8","Ex_DACH2_CEMIP",0.52924780175065
"_CGGGTCATCACCGGGT-5","Glut-DACH2-LMANco","Ex_DACH2_ZMAT4",0.349853283159515
"_CGGTCAGAGCCTGACC-5","Glut-DACH2-LMANco","Ex_DACH2_CEMIP",0.761634290702301
"_CGGTCAGAGCGAGTAC-5","Glut-DACH2-LMANsh","Ex_DACH2_ZMAT4",0.578051233682844
"_CGTAAGTTCCATTGTT-5","Glut-DACH2-LMANco","Ex_DACH2_CEMIP",0.679908860656224
"_CGTAAGTTCGTTCCTG-5","Glut-DACH2-LMANco","Ex_DACH2_TAC1",0.263319371354706
"_CGTAATGCAGGCGATA-5","Glut-DACH2-LMANco","Ex_DACH2_CEMIP",0.884563094032516
"_CGTAATGCATTGCAAC-5","Glut-DACH2-LMANsh","Ex_DACH2_RORB",0.280318083372821
"_CGTAGTAAGCTCATAC-5","Glut-DACH2-6","Ex_DACH2_CEMIP",0.627789571190968
"_CGTAGTATCCTATTTG-5","Glut-DACH2-8","Ex_DACH2_ZMAT4",0.516612566281412
"_CGTAGTATCCTTCTGG-5","Glut-DACH2-LMANsh","Ex_DACH2_LHX2",0.371078386120721
"_CGTCAAACAGCTGTCG-5","Glut-DACH2-LMANsh","Ex_DACH2_ITGA9",0.243980594017337
"_CGTCAAACAGTTGTTG-5","Glut-DACH2-LMANco","Ex_BCL6",0.35441316372608
"_CGTCAAAGTAAGTCAA-5","Glut-DACH2-6","Ex_DACH2_CEMIP",0.680307723462529
"_CGTGAATTCTCGGCTT-5","Glut-DACH2-LMANco","Ex_DACH2_CEMIP",0.640295886796971
"_CGTGATACACTCTAGA-5","Glut-DACH2-6","Ex_DACH2_CEMIP",0.758448996507449
"_CGTGATAGTTGTTGTG-5","Glut-DACH2-8","Ex_DACH2_ZMAT4",0.620684398829302
"_CGTGTCTAGATCGCTT-5","Glut-DACH2-6","Ex_DACH2_CEMIP",0.838874911835771
"_CGTGTCTAGGTCGTGA-5","Glut-DACH2-LMANco","Ex_DACH2_CEMIP",0.685312283020195
"_CGTGTCTCATCCGGTG-5","Glut-DACH2-7","Ex_DACH2_NR4A3",0.637501818318196
"_CGTGTCTGTAGAATGT-5","Glut-DACH2-LMANco","Ex_DACH2_CEMIP",0.573512618165307
"_CGTTAGACATCTCATT-5","Glut-DACH2-8","Ex_DACH2_CEMIP",0.580777600752773
"_CGTTCTGGTCCCGCAA-5","Glut-DACH2-LMANco","Ex_DACH2_ZMAT4",0.507648788235469
"_CGTTCTGTCCACTGAA-5","Glut-DACH2-LMANco","Ex_DACH2_CEMIP",0.528586703991637
"_CGTTGGGAGATTAGCA-5","Glut-DACH2-LMANsh","Ex_DACH2_GRIK4",0.35709326557316
"_CGTTGGGGTACCAATC-5","Glut-DACH2-LMANco","Ex_DACH2_RORB",0.27377731756677
"_CGTTGGGGTGCCCAGT-5","Glut-DACH2-6","Ex_DACH2_CEMIP",0.375608114052911
"_CGTTGGGGTTGAGGAC-5","Glut-DACH2-8","Ex_DACH2_ZMAT4",0.418904980952118
"_CGTTGGGTCACCGACG-5","Glut-DACH2-LMANsh","Ex_DACH2_ADAMTS5",0.491265687041791
"_CGTTGGGTCACTAGCA-5","Glut-DACH2-LMANco","Ex_DACH2_CEMIP",0.858598253323199
"_CGTTGGGTCTGGCTGG-5","Glut-DACH2-LMANco","Ex_DACH2_CEMIP",0.773801379828615
"_CTAACTTCAAACTCGT-5","Glut-DACH2-LMANco","Ex_DACH2_TAC1",0.289619081323425
"_CTAACTTCATCGATGT-5","Glut-DACH2-LMANco","Ex_DACH2_CEMIP",0.356955800431434
"_CTAAGTGGTGGGCTCT-5","Glut-DACH2-LMANco","Ex_DACH2_CEMIP",0.592829228737456
"_CTACAGAGTTTCACTT-5","Glut-DACH2-5","Ex_DACH2_LHX2",0.646186246140302
"_CTACATTAGCGGATCA-5","Glut-DACH2-5","Ex_DACH2_LHX2",0.466172991270367
"_CTACATTGTTACCCAA-5","Glut-DACH2-8","Ex_DACH2_ZMAT4",0.717907882518409
"_CTACCCACAACACAAA-5","Glut-DACH2-6","Ex_DACH2_ZMAT4",0.52103123917632
"_CTACCCACATCATGAC-5","Glut-DACH2-8","Ex_DACH2_ZMAT4",0.811082162292376
"_CTACCCACATCCCACT-5","Glut-DACH2-LMANco","Ex_DACH2_CEMIP",0.660148006509271
"_CTACCTGGTTGGACTT-5","Glut-DACH2-LMANsh","Ex_DACH2_LHX2",0.374525982092029
"_CTACGGGAGGGCTTCC-5","Glut-DACH2-8","Ex_DACH2_ZMAT4",0.718210937973054
"_CTACTATAGCCTGTGC-5","Glut-DACH2-LMANsh","Ex_DACH2_ADAMTS5",0.63529248218857
"_CTACTATCACGGAAGT-5","Glut-DACH2-LMANco","Ex_DACH2_CEMIP",0.543656187023471
"_CTACTATGTCTGATCA-5","Glut-DACH2-LMANco","Ex_DACH2_CEMIP",0.574759725145692
"_CTACTATTCTAGACAC-5","Glut-DACH2-6","Ex_DACH2_CEMIP",0.97705805920318
"_CTAGACACACGTACTA-5","Glut-DACH2-LMANco","Ex_DACH2_ZMAT4",0.527252788972557
"_CTAGACACAGCTCATA-5","Glut-DACH2-8","Ex_DACH2_ZMAT4",0.76606350854925
"_CTAGACATCGCATGAT-5","Glut-DACH2-8","Ex_DACH2_ZMAT4",0.780424916499362
"_CTAGGTATCCCTGTTG-5","Glut-DACH2-LMANco","Ex_DACH2_CEMIP",0.555948096737198
"_CTAGGTATCGAGAATA-5","Glut-DACH2-8","Ex_DACH2_ZMAT4",0.641451056839865
"_CTATAGGTCCACGTAA-5","Glut-DACH2-LMANco","Ex_BCL6",0.522902421661132
"_CTATCCGTCGGCCAAC-5","Glut-DACH2-LMANsh","Ex_DACH2_LHX2",0.504876514163706
"_CTATCTAAGAACTGAT-5","Glut-DACH2-LMANco","Ex_DACH2_CEMIP",0.702113257174253
"_CTATCTAGTGAACCGA-5","Glut-DACH2-LMANco","Ex_DACH2_ZMAT4",0.578192880585307
"_CTCAACCAGATGGCAC-5","Glut-DACH2-6","Ex_DACH2_CEMIP",1
"_CTCAACCAGTTCCGGC-5","Glut-DACH2-LMANsh","Ex_DACH2_GRIK4",0.472346995091955
"_CTCAACCCAGGAAGTC-5","Glut-DACH2-LMANsh","Ex_DACH2_LHX2",0.450065335328426
"_CTCAACCCATGACTCA-5","Glut-DACH2-LMANsh","Ex_DACH2_ADAMTS5",0.794619903263453
"_CTCAACCGTCTTGAGT-5","Glut-DACH2-LMANsh","Ex_DACH2_LHX2",0.386788045174545
"_CTCAACCGTTTGGGAG-5","Glut-DACH2-LMANco","Ex_DACH2_CEMIP",0.865868430526012
"_CTCAAGAAGTGGAAGA-5","Glut-DACH2-6","Ex_DACH2_CEMIP",0.869104843088092
"_CTCAAGATCTGCATAG-5","Glut-DACH2-LMANsh","Ex_DACH2_ITGA9",0.273895019918271
"_CTCAATTAGGACAGCT-5","Glut-DACH2-8","Ex_DACH2_CEMIP",0.585973328347075
"_CTCAATTGTCAGGCAA-5","Glut-DACH2-LMANco","Ex_DACH2_RORB",0.295767048117519
"_CTCAATTGTGTCCCTT-5","Glut-DACH2-LMANsh","Ex_DACH2_GRIK4",0.308360702680868
"_CTCACTGAGTCACTAC-5","Glut-DACH2-LMANco","Ex_DACH2_TAC1",0.283159438661689
"_CTCACTGGTCCAGCGT-5","Glut-DACH2-LMANco","Ex_DACH2_RORB",0.286041453783157
"_CTCACTGTCCTTATCA-5","Glut-DACH2-5","Ex_DACH2_LHX2",0.407567480807753
"_CTCAGAAAGGACTGGT-5","Glut-DACH2-LMANsh","Ex_DACH2_LHX2",0.388450001488516
"_CTCAGAATCGCCAATA-5","Glut-DACH2-6","Ex_DACH2_CEMIP",0.62131393725412
"_CTCAGGGCATCTCATT-5","Glut-DACH2-5","Ex_DACH2_LHX2",0.476917254894781
"_CTCAGGGCATGTCGTA-5","Glut-DACH2-6","Ex_DACH2_CEMIP",0.920867675119968
"_CTCATCGAGCTATCCA-5","Glut-DACH2-LMANco","Ex_DACH2_CEMIP",0.472431291796152
"_CTCATCGTCGGTTGTA-5","Glut-DACH2-LMANsh","Ex_DACH2_ADAMTS5",0.574719066404026
"_CTCATTAAGCATCCCG-5","Glut-DACH2-LMANsh","Ex_DACH2_LHX2",0.246416014090724
"_CTCATTAAGCTTGTGT-5","Glut-DACH2-8","Ex_DACH2_ZMAT4",0.773698007428117
"_CTCATTATCGCCGATG-5","Glut-DACH2-LMANsh","Ex_DACH2_GRIK4",0.470833400926012
"_CTCATTATCTAGCATG-5","Glut-DACH2-LMANsh","Ex_DACH2_RORB",0.318969550683316
"_CTCCACACACCATATG-5","Glut-DACH2-LMANsh","Ex_DACH2_ADAMTS5",0.350765460214072
"_CTCCACATCGTTCATT-5","Glut-DACH2-6","Ex_DACH2_CEMIP",0.929600953167825
"_CTCCATGAGCTAGAAT-5","Glut-DACH2-6","Ex_DACH2_CEMIP",0.754000239540627
"_CTCCATGGTGTTAGCT-5","Glut-DACH2-LMANco","Ex_DACH2_CEMIP",0.510004805558589
"_CTCCCAACAAGGTCTT-5","Glut-DACH2-6","Ex_DACH2_CEMIP",0.653714533726716
"_CTCCCTCAGCAAGGAA-5","Glut-DACH2-LMANco","Ex_DACH2_CEMIP",0.47932058217835
"_CTCCCTCCAAAGCTCT-5","Glut-DACH2-6","Ex_DACH2_CEMIP",0.883507435424943
"_CTCCCTCCAAAGGGTC-5","Glut-DACH2-LMANsh","Ex_DACH2_ZMAT4",0.514228748048427
"_CTCCCTCCATGACCCG-5","Glut-DACH2-5","Ex_DACH2_ADAMTS5",0.307957295400499
"_CTCCCTCGTCACAATC-5","Glut-DACH2-8","Ex_DACH2_CEMIP",0.524883301691824
"_CTCCCTCTCCTACCAC-5","Glut-DACH2-8","Ex_DACH2_ZMAT4",0.712324478011523
"_CTCCGATAGTCAGGGT-5","Glut-DACH2-LMANsh","Ex_DACH2_LHX2",0.343659309060074
"_CTCCGATGTATCGTAC-5","Glut-DACH2-LMANsh","Ex_DACH2_LHX2",0.587487589775423
"_CTCCGATGTCTTCATT-5","Glut-DACH2-LMANco","Ex_DACH2_TAC1",0.262239213100844
"_CTCCTTTAGGGTCAAC-5","Glut-DACH2-8","Ex_DACH2_CEMIP",0.459025827884143
"_CTCCTTTAGGTAGGCT-5","Glut-DACH2-LMANsh","Ex_DACH2_GRIK4",0.48809899696013
"_CTCCTTTAGTACCATC-5","Glut-DACH2-LMANco","Ex_DACH2_CEMIP",0.583523725570266
"_CTCCTTTCACACCGCA-5","Glut-DACH2-LMANsh","Ex_DACH2_GRIK4",0.521228994963878
"_CTCGAGGCAAATGAGT-5","Glut-DACH2-LMANsh","Ex_DACH2_LHX2",0.31866553819032
"_CTCGAGGCAACTACGT-5","Glut-DACH2-6","Ex_DACH2_CEMIP",0.727792274337736
"_CTCTCAGAGAAAGTCT-5","Glut-DACH2-LMANco","Ex_BCL6",0.259174493645676
"_CTCTCAGAGTCCCGGT-5","Glut-DACH2-8","Ex_DACH2_ZMAT4",0.787776558479274
"_CTCTCAGGTCCACGCA-5","Glut-DACH2-LMANco","Ex_DACH2_CEMIP",0.783933403501746
"_CTCTCGACACAGTCCG-5","Glut-DACH2-LMANsh","Ex_DACH2_LHX2",0.294041918106427
"_CTCTCGACAGACAAAT-5","Glut-DACH2-8","Ex_DACH2_CEMIP",0.556538817477803
"_CTCTCGAGTAGATTAG-5","Glut-DACH2-6","Ex_DACH2_CEMIP",0.854507921603202
"_CTCTCGAGTGCAGGAT-5","Glut-DACH2-LMANsh","Ex_DACH2_LHX2",0.388778995575761
"_CTCTGGTCATATCTCT-5","Glut-DACH2-LMANsh","Ex_DACH2_LHX2",0.424455491372825
"_CTGAATGCAACTTCTT-5","Glut-DACH2-LMANsh","Ex_DACH2_GRIK4",0.470964625536726
"_CTGAATGGTAATACCC-5","Glut-DACH2-8","Ex_DACH2_ZMAT4",0.732809652344503
"_CTGAGCGCAAACCACT-5","Glut-DACH2-LMANsh","Ex_DACH2_ADAMTS5",0.296286007659724
"_CTGAGCGGTCGAACAG-5","Glut-DACH2-LMANco","Ex_DACH2_CEMIP",0.659524545414872
"_CTGAGCGGTCTGGTTA-5","Glut-DACH2-8","Ex_DACH2_ZMAT4",0.332501317103889
"_CTGAGCGGTTGCGAAG-5","Glut-DACH2-LMANco","Ex_DACH2_CEMIP",0.767623765858281
"_CTGAGGCTCAGAGTGG-5","Glut-DACH2-LMANco","Ex_DACH2_CEMIP",0.659611376962283
"_CTGAGGCTCGCTATTT-5","Glut-DACH2-6","Ex_DACH2_CEMIP",0.975883795377469
"_CTGAGGCTCTTACGGA-5","Glut-DACH2-6","Ex_DACH2_CEMIP",0.966699433402277
"_CTGATCCCATGACACT-5","Glut-DACH2-LMANco","Ex_DACH2_CEMIP",0.512716937573259
"_CTGATCCTCTCATGGA-5","Glut-DACH2-LMANco","Ex_DACH2_CEMIP",0.675899233664306
"_CTGCAGGAGGGAGTTC-5","Glut-DACH2-8","Ex_DACH2_ZMAT4",0.775377496723003
"_CTGCATCGTACGTACT-5","Glut-DACH2-LMANsh","Ex_DACH2_GRIK4",0.409132551762749
"_CTGCATCGTAGTTACC-5","Glut-DACH2-8","Ex_DACH2_ZMAT4",0.713707776026741
"_CTGCCATCAAGAGCTG-5","Glut-DACH2-LMANsh","Ex_DACH2_NR4A3",0.463891875079054
"_CTGCCATCACAACCGC-5","Glut-DACH2-LMANsh","Ex_DACH2_LHX2",0.420387136778843
"_CTGCCATGTCACTTCC-5","Glut-DACH2-LMANsh","Ex_DACH2_GRIK4",0.273368347597685
"_CTGCCATTCCCGAATA-5","Glut-DACH2-LMANsh","Ex_DACH2_ADAMTS5",0.437501190438
"_CTGCCATTCTGCGGCA-5","Glut-DACH2-8","Ex_DACH2_ZMAT4",0.537426829801961
"_CTGCCTAGTTTCGTAG-5","Glut-DACH2-LMANsh","Ex_DACH2_GRIK4",0.305325285884499
"_CTGCGAGAGAGTGGCT-5","Glut-DACH2-LMANsh","Ex_DACH2_GRIK4",0.460024602515874
"_CTGCTCAAGGTTGGAC-5","Glut-DACH2-8","Ex_DACH2_ZMAT4",0.736046172301873
"_CTGGCAGAGGTGATAT-5","Glut-DACH2-LMANsh","Ex_DACH2_LHX2",0.441418292865036
"_CTGGCAGCAAGAAATC-5","Glut-DACH2-LMANco","Ex_BCL6",0.335880035142158
"_CTGGCAGTCAGTCTTT-5","Glut-DACH2-8","Ex_DACH2_ZMAT4",0.584490646694991
"_CTGGTCTGTGAGTGAC-5","Glut-DACH2-LMANco","Ex_DACH2_CEMIP",0.269526946342471
"_CTGTACCCAGTAGATA-5","Glut-DACH2-LMANsh","Ex_DACH2_GRIK4",0.358624201006791
"_CTGTACCTCAAACCCA-5","Glut-DACH2-LMANsh","Ex_DACH2_GRIK4",0.218411261709718
"_CTGTAGAGTGGATCAG-5","Glut-DACH2-LMANco","Ex_DACH2_ZMAT4",0.521730029328494
"_CTGTATTTCATGTCAG-5","Glut-DACH2-5","Ex_DACH2_LHX2",0.490176152529084
"_CTGTCGTAGATACCAA-5","Glut-DACH2-LMANco","Ex_DACH2_CEMIP",0.717007267784499
"_CTGTCGTCAGAGTGAC-5","Glut-DACH2-LMANsh","Ex_DACH2_LHX2",0.380692929721079
"_CTGTCGTGTCGGTACC-5","Glut-DACH2-LMANsh","Ex_DACH2_GRIK4",0.267823593780423
"_CTGTCGTTCATTGCTT-5","Glut-DACH2-4","Ex_BCL6",0.433060591112757
"_CTGTCGTTCGCTAAAC-5","Glut-DACH2-LMANsh","Ex_DACH2_LHX2",0.622780947918196
"_CTGTGAAGTCGTTATG-5","Glut-DACH2-LMANsh","Ex_DACH2_ADAMTS5",0.315056347783093
"_CTGTGAAGTTTCGTGA-5","Glut-DACH2-LMANco","Ex_CACNA1H_LHX9",0.329678394427313
"_CTGTGGGAGTTGCTGT-5","Glut-DACH2-LMANco","Ex_DACH2_CEMIP",0.610460431778637
"_CTTACCGGTAGTATAG-5","Glut-DACH2-LMANco","Ex_DACH2_CEMIP",0.33337420607523
"_CTTACCGTCCGTGACG-5","Glut-DACH2-8","Ex_DACH2_ZMAT4",0.731800218846862
"_CTTAGGACAGCAGATG-5","Glut-DACH2-LMANco","Ex_DACH2_CEMIP",0.808851347515853
"_CTTAGGAGTAAGTTAG-5","Glut-DACH2-LMANco","Ex_DACH2_CEMIP",0.489021463069046
"_CTTAGGATCCGTAGGC-5","Glut-DACH2-LMANsh","Ex_DACH2_LHX2",0.394792873346714
"_CTTCAATCAACGACTT-5","Glut-DACH2-LMANco","Ex_BCL6",0.2973494091046
"_CTTCCGACAGTAGAAT-5","Glut-DACH2-LMANsh","Ex_DACH2_LHX2",0.407428158169143
"_CTTCCGACATCGGAAG-5","Glut-DACH2-8","Ex_DACH2_CEMIP",0.672005313641453
"_CTTCCTTCACGTTCGG-5","Glut-DACH2-LMANco","Ex_DACH2_CEMIP",0.739778706806694
"_CTTCCTTTCCAAACCA-5","Glut-DACH2-LMANsh","Ex_DACH2_LHX2",0.4038364474076
"_CTTCCTTTCTCCGTGT-5","Glut-DACH2-LMANsh","Ex_DACH2_LHX2",0.316901205767416
"_CTTCGGTAGATACATG-5","Glut-DACH2-6","Ex_DACH2_CEMIP",0.927956576633462
"_CTTCGGTAGGATACAT-5","Glut-DACH2-8","Ex_DACH2_ZMAT4",0.677424011299003
"_CTTCGGTAGTGCGCTC-5","Glut-DACH2-LMANco","Ex_DACH2_CEMIP",0.648779634446171
"_CTTCGGTGTTTACCAG-5","Glut-DACH2-LMANco","Ex_DACH2_CEMIP",0.759142678399091
"_CTTCTAACAGTAACCT-5","Glut-DACH2-LMANco","Ex_DACH2_ZMAT4",0.478954291144929
"_CTTCTAATCCAGCCTT-5","Glut-DACH2-LMANsh","Ex_DACH2_GRIK4",0.470854065880639
"_CTTCTCTAGGCGTCCT-5","Glut-DACH2-6","Ex_DACH2_CEMIP",0.767303093444123
"_CTTCTCTCAACATACC-5","Glut-DACH2-8","Ex_DACH2_ZMAT4",0.72790173916147
"_CTTCTCTCACTTGGGC-5","Glut-DACH2-8","Ex_DACH2_CEMIP",0.433205723690398
"_CTTCTCTGTAGAGTTA-5","Glut-DACH2-LMANco","Ex_DACH2_CEMIP",0.529156759530043
"_CTTCTCTTCAGCGCAC-5","Glut-DACH2-LMANsh","Ex_DACH2_GRIK4",0.316952613364055
"_CTTGAGACACTAACGT-5","Glut-DACH2-LMANco","Ex_DACH2_CEMIP",0.498628710239611
"_CTTGAGAGTAATGTGA-5","Glut-DACH2-LMANsh","Ex_DACH2_LHX2",0.406941540242642
"_CTTGATTAGTCATGCT-5","Glut-DACH2-8","Ex_DACH2_ZMAT4",0.655235477411334
"_CTTGATTCAATGGGTG-5","Glut-DACH2-LMANsh","Ex_DACH2_ZMAT4",0.365744272626253
"_CTTGATTCAGCCTTCT-5","Glut-DACH2-LMANsh","Ex_DACH2_LHX2",0.444497791897087
"_CTTGATTGTAAGCAAT-5","Glut-DACH2-LMANsh","Ex_DACH2_GRIK4",0.720451662489949
"_CTTTCAACAAACACCT-5","Glut-DACH2-LMANsh","Ex_DACH2_GRIK4",0.281923770998932
"_CTTTCAACATCCTCAC-5","Glut-DACH2-LMANco","Ex_DACH2_CEMIP",0.439796390464733
"_CTTTCAATCTGCTAGA-5","Glut-DACH2-8","Ex_DACH2_ZMAT4",0.682373022434031
"_CTTTCGGAGTGGAAGA-5","Glut-DACH2-LMANco","Ex_DACH2_CEMIP",0.588588299646837
"_CTTTCGGCACGATAGG-5","Glut-DACH2-LMANco","Ex_DACH2_ZMAT4",0.563083644885867
"_CTTTCGGGTAGCGAGT-5","Glut-DACH2-LMANco","Ex_DACH2_CEMIP",0.359818823503667
"_GAAACCTGTTGATCGT-5","Glut-DACH2-6","Ex_DACH2_CEMIP",0.903812257570202
"_GAAATGAAGTTCCGTA-5","Glut-DACH2-LMANco","Ex_DACH2_ZMAT4",0.477972322906022
"_GAAATGAGTACGTAGG-5","Glut-DACH2-6","Ex_DACH2_CEMIP",0.819784653624833
"_GAAATGATCGGCAGTC-5","Glut-DACH2-6","Ex_DACH2_CEMIP",0.952330760931704
"_GAACACTAGATGAATC-5","Glut-DACH2-LMANsh","Ex_DACH2_LHX2",0.337853527471554
"_GAACACTGTCTGTAGT-5","Glut-DACH2-6","Ex_DACH2_CEMIP",0.60565470158281
"_GAACACTTCATCGTAG-5","Glut-DACH2-8","Ex_DACH2_ZMAT4",0.541949345457317
"_GAACACTTCATGGAGG-5","Glut-DACH2-LMANsh","Ex_DACH2_LHX2",0.551780178830005
"_GAACACTTCCACACCT-5","Glut-DACH2-LMANsh","Ex_DACH2_GRIK4",0.406911412258243
"_GAACGTTAGATTACCC-5","Glut-DACH2-LMANco","Ex_DACH2_CEMIP",0.703206213443249
"_GAACTGTGTCCCTCAT-5","Glut-DACH2-LMANsh","Ex_DACH2_GRIK4",0.368394819442268
"_GAACTGTTCCATTGCC-5","Glut-DACH2-8","Ex_DACH2_ZMAT4",0.706899275772864
"_GAAGAATCATCCGTGG-5","Glut-DACH2-LMANco","Ex_DACH2_CEMIP",0.826436919693315
"_GAAGCCCGTACCGTCG-5","Glut-DACH2-LMANsh","Ex_DACH2_LHX2",0.278975764854062
"_GAAGCCCGTTACGGAG-5","Glut-DACH2-5","Ex_DACH2_GRIK4",0.31816964274361
"_GAAGCCCGTTCTTAGG-5","Glut-DACH2-LMANco","Ex_DACH2_RORB",0.26159076988488
"_GAAGCGAAGTCATGCT-5","Glut-DACH2-LMANco","Ex_BCL6",0.283958259289859
"_GAAGCGACACACCGCA-5","Glut-DACH2-8","Ex_DACH2_ZMAT4",0.502277333992757
"_GAAGCGAGTACTGTTG-5","Glut-DACH2-LMANco","Ex_DACH2_CEMIP",0.81460616265894
"_GAAGCGATCACTACTT-5","Glut-DACH2-8","Ex_DACH2_ZMAT4",0.64869451181394
"_GAAGGACAGAAATGGG-5","Glut-DACH2-LMANco","Ex_DACH2_CEMIP",0.599010476349132
"_GAAGGACTCCTACCAC-5","Glut-DACH2-LMANco","Ex_BCL6",0.33855799222382
"_GAAGGACTCGGATACT-5","Glut-DACH2-LMANco","Ex_DACH2_CEMIP",0.641322832069674
"_GAAGTAACACCGTGGT-5","Glut-DACH2-LMANco","Ex_DACH2_CEMIP",0.538137146120381
"_GAAGTAAGTGGGTCAA-5","Glut-DACH2-LMANsh","Ex_DACH2_LHX2",0.358662548986022
"_GAATAGACACTTCAAG-5","Glut-DACH2-LMANsh","Ex_DACH2_ADAMTS5",0.415629747697194
"_GAATCACGTAGTCCTA-5","Glut-DACH2-LMANco","Ex_DACH2_CEMIP",0.555062871288314
"_GAATCGTAGCGTCAAG-5","Glut-DACH2-LMANsh","Ex_DACH2_ADAMTS5",0.470298392749436
"_GAATCGTAGTAGCAAT-5","Glut-DACH2-LMANsh","Ex_DACH2_LHX2",0.499538495094469
"_GAATCGTGTACCTAAC-5","Glut-DACH2-8","Ex_DACH2_CEMIP",0.623776953410126
"_GACACGCAGCGTGTCC-5","Glut-DACH2-LMANsh","Ex_DACH2_GRIK4",0.359838835400392
"_GACACGCCATCCGAGC-5","Glut-DACH2-LMANsh","Ex_DACH2_LHX2",0.354414813184368
"_GACACGCGTCCGACGT-5","Glut-DACH2-8","Ex_DACH2_CEMIP",0.642156104942304
"_GACAGCCAGTATGCAA-5","Glut-DACH2-LMANco","Ex_DACH2_CEMIP",0.639215688404294
"_GACAGCCCATACGCAT-5","Glut-DACH2-LMANsh","Ex_DACH2_ADAMTS5",0.399742876396565
"_GACAGCCCATGTGGCC-5","Glut-DACH2-LMANco","Ex_BCL6",0.292279773499451
"_GACAGCCTCGACTCCT-5","Glut-DACH2-LMANsh","Ex_DACH2_ITGA9",0.229866145994922
"_GACATCAAGGTAGGCT-5","Glut-DACH2-LMANsh","Ex_DACH2_GRIK4",0.353127822990033
"_GACCAATCAACCGCTG-5","Glut-DACH2-6","Ex_DACH2_CEMIP",0.976099416876289
"_GACCCAGAGACTCAAA-5","Glut-DACH2-LMANsh","Ex_DACH2_GRIK4",0.310548213977294
"_GACCCAGCATGATCTG-5","Glut-DACH2-LMANco","Ex_DACH2_CEMIP",0.610596066438771
"_GACCCTTAGTCTCCTC-5","Glut-DACH2-LMANsh","Ex_DACH2_RORB",0.304119303102103
"_GACCCTTCAGAGAATT-5","Glut-DACH2-6","Ex_DACH2_CEMIP",0.889807232448049
"_GACCCTTCATGGCACC-5","Glut-DACH2-6","Ex_DACH2_CEMIP",0.375510106933608
"_GACCTTCAGAGCCGTA-5","Glut-DACH2-LMANco","Ex_DACH2_RORB",0.259734301801224
"_GACGCTGAGCATTTGC-5","Glut-DACH2-LMANsh","Ex_DACH2_LHX2",0.47570281932819
"_GACGTTAAGTGGTCAG-5","Glut-DACH2-8","Ex_DACH2_CEMIP",0.503689441871891
"_GACTATGAGAACCCGA-5","Glut-DACH2-LMANco","Ex_DACH2_ZMAT4",0.413424658323442
"_GACTATGAGATGTTCC-5","Glut-DACH2-LMANsh","Ex_DACH2_LHX2",0.407570203981258
"_GACTATGCATGGCTGC-5","Glut-DACH2-LMANco","Ex_BCL6",0.257772756469736
"_GACTCAACAGCTACCG-5","Glut-DACH2-LMANco","Ex_DACH2_CEMIP",0.837626615209708
"_GACTCAACAGGAATCG-5","Glut-DACH2-5","Ex_DACH2_LHX2",0.588877571482197
"_GACTCTCAGACATCCT-5","Glut-DACH2-6","Ex_DACH2_CEMIP",0.947382050376616
"_GACTCTCGTCAGGAGT-5","Glut-DACH2-LMANco","Ex_DACH2_CEMIP",0.618934068023449
"_GACTCTCTCAGTGTGT-5","Glut-DACH2-LMANsh","Ex_DACH2_GRIK4",0.430157557612928
"_GACTTCCGTTGCTCCT-5","Glut-DACH2-5","Ex_DACH2_GRIK4",0.433936354230015
"_GACTTCCTCGTCAGAT-5","Glut-DACH2-LMANco","Ex_BCL6",0.299437191959195
"_GAGAAATCAAACGGCA-5","Glut-DACH2-LMANsh","Ex_DACH2_ADAMTS5",0.666858593071576
"_GAGAAATGTAGCTCGC-5","Glut-DACH2-8","Ex_DACH2_ZMAT4",0.742882124477764
"_GAGAAATTCCGTTGGG-5","Glut-DACH2-LMANco","Ex_DACH2_CEMIP",0.831531063657201
"_GAGACCCCAGAGTGTG-5","Glut-DACH2-LMANsh","Ex_DACH2_ITGA9",0.400502713967361
"_GAGACCCGTCTGATAC-5","Glut-DACH2-LMANco","Ex_DACH2_CEMIP",0.916799340010248
"_GAGACTTAGGGCCAAT-5","Glut-DACH2-LMANco","Ex_DACH2_CEMIP",0.813519153525841
"_GAGACTTCATGGAACG-5","Glut-DACH2-LMANsh","Ex_DACH2_ADAMTS5",0.443546403590904
"_GAGACTTTCCTCGCAT-5","Glut-DACH2-LMANco","Ex_DACH2_CEMIP",0.548410291907615
"_GAGAGGTAGTGAGTTA-5","Glut-DACH2-LMANco","Ex_DACH2_RORB",0.341607520981715
"_GAGATGGAGAGGCGGA-5","Glut-DACH2-8","Ex_DACH2_CEMIP",0.650363284079817
"_GAGCCTGCAAGGCCTC-5","Glut-DACH2-LMANsh","Ex_DACH2_LHX2",0.400588104934995
"_GAGCCTGCAGCACACC-5","Glut-DACH2-LMANsh","Ex_DACH2_GRIK4",0.291855459753934
"_GAGCCTGCAGGACATG-5","Glut-DACH2-LMANsh","Ex_DACH2_LHX2",0.243033729878206
"_GAGCTGCAGGCAGTCA-5","Glut-DACH2-LMANsh","Ex_DACH2_GRIK4",0.37185592099891
"_GAGCTGCCAGCGCTTG-5","Glut-DACH2-8","Ex_DACH2_ZMAT4",0.531570393491154
"_GAGCTGCCATACTGTG-5","Glut-DACH2-LMANsh","Ex_DACH2_LHX2",0.554542729640844
"_GAGGCAAGTGAGTTTC-5","Glut-DACH2-8","Ex_DACH2_ZMAT4",0.744493536219997
"_GAGGCAATCCGTAATG-5","Glut-DACH2-LMANco","Ex_DACH2_CEMIP",0.35760503296741
"_GAGGCCTTCCCTCTAG-5","Glut-DACH2-LMANco","Ex_DACH2_CEMIP",0.551467761967863
"_GAGGCCTTCCTCCACA-5","Glut-DACH2-LMANco","Ex_DACH2_CEMIP",0.567275221852959
"_GAGGGATCAGAACCGA-5","Glut-DACH2-LMANsh","Ex_DACH2_LHX2",0.46331202655235
"_GAGGGATCAGTGACCC-5","Glut-DACH2-5","Ex_DACH2_GRIK4",0.409318976938748
"_GAGGGATGTAGACAAT-5","Glut-DACH2-LMANsh","Ex_DACH2_RORB",0.318078188782247
"_GAGGGATGTTTCTTAC-5","Glut-DACH2-8","Ex_DACH2_ZMAT4",0.710931833869307
"_GAGTCATAGCTGACCC-5","Glut-DACH2-LMANsh","Ex_DACH2_GRIK4",0.311084665537545
"_GAGTCATCATCGGTTA-5","Glut-DACH2-LMANsh","Ex_DACH2_LHX2",0.442626248506808
"_GAGTCATGTAGAGACC-5","Glut-DACH2-8","Ex_DACH2_ZMAT4",0.753690820486949
"_GAGTCATTCACCCATC-5","Glut-DACH2-LMANsh","Ex_DACH2_ADAMTS5",0.32680779429914
"_GAGTCTAAGATTCGAA-5","Glut-DACH2-8","Ex_DACH2_ZMAT4",0.699484782364614
"_GAGTCTACATAACCCA-5","Glut-DACH2-LMANco","Ex_DACH2_ZMAT4",0.502794515197139
"_GAGTCTAGTGATATAG-5","Glut-DACH2-6","Ex_DACH2_CEMIP",0.854218316288317
"_GAGTGTTTCTCTCCGA-5","Glut-DACH2-LMANco","Ex_DACH2_RORB",0.284870158531538
"_GAGTTACGTGGTTTAC-5","Glut-DACH2-LMANco","Ex_DACH2_CEMIP",0.348336902077022
"_GAGTTGTGTGCATGTT-5","Glut-DACH2-LMANco","Ex_DACH2_RORB",0.322068884871373
"_GAGTTGTGTTAATCGC-5","Glut-DACH2-LMANsh","Ex_DACH2_GRIK4",0.267092678690857
"_GAGTTTGCAGTCGCTG-5","Glut-DACH2-LMANsh","Ex_DACH2_ITGA9",0.362183534633468
"_GAGTTTGGTTTACACG-5","Glut-DACH2-8","Ex_DACH2_CEMIP",0.672342968770301
"_GAGTTTGTCATCACAG-5","Glut-DACH2-LMANco","Ex_DACH2_ZMAT4",0.649204936774144
"_GAGTTTGTCCACGAAT-5","Glut-DACH2-8","Ex_DACH2_ZMAT4",0.586029632975923
"_GATAGAAGTGACTCGC-5","Glut-DACH2-LMANco","Ex_DACH2_CEMIP",0.842062013912576
"_GATAGAATCCTGCTAC-5","Glut-DACH2-LMANsh","Ex_DACH2_LHX2",0.433280927495532
"_GATAGAATCTATCGTT-5","Glut-DACH2-LMANco","Ex_DACH2_CEMIP",0.602157380731945
"_GATAGCTAGAAGTGTT-5","Glut-DACH2-8","Ex_DACH2_ZMAT4",0.564357249241767
"_GATAGCTAGGAACTCG-5","Glut-DACH2-LMANsh","Ex_DACH2_LHX2",0.520543776562643
"_GATAGCTGTATCACGT-5","Glut-DACH2-LMANco","Ex_DACH2_ZMAT4",0.470233375541528
"_GATCACAAGCTGACAG-5","Glut-DACH2-LMANsh","Ex_DACH2_ADAMTS5",0.329361673138451
"_GATCACAGTGTCTTCC-5","Glut-DACH2-LMANco","Ex_DACH2_CEMIP",0.761228647884934
"_GATCACATCAAGCGTT-5","Glut-DACH2-LMANsh","Ex_DACH2_LHX2",0.31080162532869
"_GATCACATCGTGACTA-5","Glut-DACH2-LMANsh","Ex_DACH2_LHX2",0.514336104549896
"_GATCAGTAGTTGTCGT-5","Glut-DACH2-LMANco","Ex_DACH2_CEMIP",0.865388038437212
"_GATCAGTTCATAGGCT-5","Glut-DACH2-LMANsh","Ex_DACH2_ADAMTS5",0.430680594831505
"_GATCATGCAGAGGACT-5","Glut-DACH2-LMANco","Ex_DACH2_ZMAT4",0.674780938742984
"_GATCATGGTGCTATTG-5","Glut-DACH2-8","Ex_DACH2_ZMAT4",0.857914043693074
"_GATCCCTCATCGCCTT-5","Glut-DACH2-LMANco","Ex_DACH2_ZMAT4",0.449064046450063
"_GATCCCTCATTCATCT-5","Glut-DACH2-LMANsh","Ex_DACH2_GRIK4",0.292372447245408
"_GATCCCTGTAACGATA-5","Glut-DACH2-LMANco","Ex_DACH2_CEMIP",0.351247396183186
"_GATCCCTGTATAATGG-5","Glut-DACH2-LMANsh","Ex_DACH2_LHX2",0.387875680761626
"_GATCCCTTCCTTTGAT-5","Glut-DACH2-8","Ex_DACH2_ZMAT4",0.464314025480078
"_GATCGTACACCTCTAC-5","Glut-DACH2-LMANco","Ex_DACH2_CEMIP",0.637371615565878
"_GATCGTAGTAGGGAGG-5","Glut-DACH2-LMANco","Ex_DACH2_CEMIP",0.67483089694401
"_GATGACTGTCATCCGG-5","Glut-DACH2-LMANsh","Ex_DACH2_ADAMTS5",0.639791163147704
"_GATGAGGAGGTAGTCG-5","Glut-DACH2-LMANco","Ex_DACH2_ZMAT4",0.67472140431401
"_GATGAGGAGGTCCCGT-5","Glut-DACH2-6","Ex_DACH2_CEMIP",0.794205512258685
"_GATGAGGCACCCTATC-5","Glut-DACH2-8","Ex_DACH2_ZMAT4",0.659575363422451
"_GATGATCCATAATGAG-5","Glut-DACH2-LMANsh","Ex_DACH2_LHX2",0.413806678120812
"_GATGATCTCGCCAGAC-5","Glut-DACH2-LMANsh","Ex_DACH2_LHX2",0.361583349510907
"_GATGATCTCGGCTATA-5","Glut-DACH2-8","Ex_DACH2_ZMAT4",0.827153056680841
"_GATGCTATCCAAGGGA-5","Glut-DACH2-LMANsh","Ex_DACH2_ITGA9",0.476083771551267
"_GATGGAGAGAATTCAG-5","Glut-DACH2-LMANco","Ex_DACH2_CEMIP",0.600341642368806
"_GATGGAGGTTATCTTC-5","Glut-DACH2-LMANsh","Ex_DACH2_ADAMTS5",0.661088573855881
"_GATGTTGTCAAGGTGG-5","Glut-DACH2-LMANco","Ex_Pre_KCNH7",0.252291494464054
"_GATTCGAAGTCGCTAT-5","Glut-DACH2-8","Ex_DACH2_CEMIP",0.624616498496239
"_GATTCGACACTAAACC-5","Glut-DACH2-LMANco","Ex_DACH2_CEMIP",0.622899473335454
"_GATTCGAGTAGCGTAG-5","Glut-DACH2-LMANsh","Ex_DACH2_GRIK4",0.386250537692655
"_GATTCGAGTGGCCCAT-5","Glut-DACH2-LMANsh","Ex_DACH2_GRIK4",0.441587908157174
"_GATTCGATCTTCCAGC-5","Glut-DACH2-8","Ex_DACH2_ZMAT4",0.780380445618134
"_GATTCTTAGATTGTGA-5","Glut-DACH2-LMANco","Ex_CACNA1H_LHX9",0.46543577125619
"_GATTCTTCATCAACCA-5","Glut-DACH2-LMANco","Ex_DACH2_RORB",0.294490332003744
"_GATTCTTGTATCGAGG-5","Glut-DACH2-LMANsh","Ex_DACH2_LHX2",0.495488456592669
"_GATTCTTGTGGAGGTT-5","Glut-DACH2-LMANco","Ex_BCL6",0.324777674010906
"_GATTCTTGTTCTGACA-5","Glut-DACH2-5","Ex_DACH2_LHX2",0.474611049912458
"_GATTGGTAGTAAGGGA-5","Glut-DACH2-LMANsh","Ex_DACH2_GRIK4",0.467191608088074
"_GATTTCTTCATTCGGA-5","Glut-DACH2-6","Ex_DACH2_CEMIP",0.447843901009529
"_GATTTCTTCTGTTCAT-5","Glut-DACH2-LMANsh","Ex_DACH2_LHX2",0.41201230548629
"_GCAACCGGTTAGGCTT-5","Glut-DACH2-LMANco","Ex_DACH2_ZMAT4",0.741280101113163
"_GCAACCGTCGTGCTCT-5","Glut-DACH2-LMANco","Ex_DACH2_CEMIP",0.669671962194591
"_GCAACCGTCTCTATAC-5","Glut-DACH2-LMANco","Ex_DACH2_RORB",0.293332238514326
"_GCACATAAGATGCTAA-5","Glut-DACH2-LMANsh","Ex_DACH2_LHX2",0.656540208938972
"_GCACATATCTAGGAAA-5","Glut-DACH2-6","Ex_DACH2_CEMIP",0.86843746333123
"_GCACGGTCAATCAGCT-5","Glut-DACH2-LMANco","Ex_DACH2_ZMAT4",0.814918630950649
"_GCACGTGGTGTACAGG-5","Glut-DACH2-LMANco","Ex_DACH2_CEMIP",0.793729296281425
"_GCACGTGTCCTCTTTC-5","Glut-DACH2-LMANsh","Ex_DACH2_LHX2",0.421103744792506
"_GCACGTGTCTGCCTGT-5","Glut-DACH2-LMANco","Ex_BCL6",0.375697471052695
"_GCACTAACAAGACAAT-5","Glut-DACH2-8","Ex_DACH2_CEMIP",0.506202042785285
"_GCACTAACACACGGTC-5","Glut-DACH2-LMANsh","Ex_DACH2_LHX2",0.389328265382908
"_GCACTAACAGCTTCGG-5","Glut-DACH2-7","Ex_DACH2_LHX2",0.440316770110659
"_GCAGCCAAGTCTGGTT-5","Glut-DACH2-8","Ex_DACH2_CEMIP",0.503046381168853
"_GCAGCCATCGCATTAG-5","Glut-DACH2-LMANsh","Ex_DACH2_GRIK4",0.574445741367169
"_GCAGGCTAGTGACCTT-5","Glut-DACH2-LMANco","Ex_DACH2_CEMIP",0.399693650445782
"_GCAGGCTCAGTCGCTG-5","Glut-DACH2-LMANco","Ex_DACH2_ZMAT4",0.717780865780491
"_GCAGGCTGTGACAGCA-5","Glut-DACH2-LMANco","Ex_DACH2_CEMIP",0.650724983873722
"_GCAGGCTGTGGGTATG-5","Glut-DACH2-LMANsh","Ex_DACH2_GRIK4",0.211104952258174
"_GCAGGCTTCATTTCGT-5","Glut-DACH2-LMANsh","Ex_DACH2_GRIK4",0.280149990045412
"_GCAGTTAAGTGGACGT-5","Glut-DACH2-6","Ex_DACH2_CEMIP",0.844064968928405
"_GCATCGGAGGATTTGA-5","Glut-DACH2-LMANco","Ex_DACH2_CEMIP",0.635391135374769
"_GCATCGGCAATCGCCG-5","Glut-DACH2-8","Ex_DACH2_ZMAT4",0.807220786832558
"_GCATCGGCAGACACCC-5","Glut-DACH2-6","Ex_DACH2_CEMIP",0.795858173571828
"_GCATCGGCAGAGAATT-5","Glut-DACH2-LMANco","Ex_DACH2_CEMIP",0.613849381704532
"_GCATCTCAGCCTCTCT-5","Glut-DACH2-LMANsh","Ex_DACH2_ADAMTS5",0.361119902118867
"_GCATCTCAGTCCTGCG-5","Glut-DACH2-LMANco","Ex_DACH2_RORB",0.23256442272799
"_GCATCTCGTCTAGTGT-5","Glut-DACH2-LMANsh","Ex_DACH2_GRIK4",0.445541977923011
"_GCATCTCTCGTCGACG-5","Glut-DACH2-LMANco","Ex_DACH2_CEMIP",0.636708388266845
"_GCATCTCTCTCCATAT-5","Glut-DACH2-LMANco","Ex_DACH2_ZMAT4",0.297158741269101
"_GCATGATAGACGCCCT-5","Glut-DACH2-LMANsh","Ex_DACH2_LHX2",0.409539013808391
"_GCATGATCACTTCAGA-5","Glut-DACH2-LMANsh","Ex_DACH2_LHX2",0.410757535737226
"_GCATGATTCCAGGACC-5","Glut-DACH2-6","Ex_DACH2_CEMIP",1
"_GCATGATTCCCATACC-5","Glut-DACH2-LMANsh","Ex_DACH2_ZMAT4",0.234907673689206
"_GCATTAGAGTCTCCTC-5","Glut-DACH2-LMANsh","Ex_DACH2_ADAMTS5",0.44823723235794
"_GCATTAGCAACAGAGC-5","Glut-DACH2-8","Ex_DACH2_ZMAT4",0.474286015444551
"_GCCAACGGTATTTCTC-5","Glut-DACH2-LMANco","Ex_DACH2_ZMAT4",0.805978436672413
"_GCCAGCAAGTGGTTAA-5","Glut-DACH2-LMANsh","Ex_DACH2_LHX2",0.447391434198053
"_GCCAGCACACTTGACA-5","Glut-DACH2-LMANsh","Ex_DACH2_GRIK4",0.617853934116022
"_GCCAGGTAGAGGATGA-5","Glut-DACH2-LMANsh","Ex_DACH2_LHX2",0.325170326451031
"_GCCAGGTAGGCAGGTT-5","Glut-DACH2-LMANsh","Ex_DACH2_LHX2",0.524860508386691
"_GCCAGGTCAGCTGCCA-5","Glut-DACH2-LMANsh","Ex_DACH2_ADAMTS5",0.470812757692693
"_GCCAGGTCATTCTCCG-5","Glut-DACH2-8","Ex_DACH2_ZMAT4",0.605911777590459
"_GCCAGGTGTAGTCTTG-5","Glut-DACH2-LMANco","Ex_DACH2_TAC1",0.277023770596824
"_GCCAGTGTCAATCAGC-5","Glut-DACH2-LMANco","Ex_DACH2_RORB",0.24203249688419
"_GCCATGGAGTTTCGAC-5","Glut-DACH2-LMANsh","Ex_DACH2_LHX2",0.329016143549358
"_GCCATGGCAGACATCT-5","Glut-DACH2-LMANsh","Ex_DACH2_GRIK4",0.371751399074091
"_GCCATGGCATTGGATC-5","Glut-DACH2-8","Ex_DACH2_ZMAT4",0.747080355536662
"_GCCATGGGTGTCGATT-5","Glut-DACH2-LMANco","Ex_DACH2_ZMAT4",0.740878654385949
"_GCCATTCAGGCTAAAT-5","Glut-DACH2-LMANsh","Ex_DACH2_LHX2",0.362053932722116
"_GCCATTCGTCGTCTCT-5","Glut-DACH2-8","Ex_DACH2_ZMAT4",0.887160045647404
"_GCCATTCGTTCCACGG-5","Glut-DACH2-LMANsh","Ex_DACH2_GRIK4",0.341092695886521
"_GCCCAGAAGGATATAC-5","Glut-DACH2-8","Ex_DACH2_ZMAT4",0.667682469969204
"_GCCCAGACAAAGCTCT-5","Glut-DACH2-LMANsh","Ex_DACH2_GRIK4",0.591532376374965
"_GCCCAGAGTGGGAGAG-5","Glut-DACH2-8","Ex_DACH2_ZMAT4",0.774300678494201
"_GCCCAGAGTTACACTG-5","Glut-DACH2-LMANco","Ex_DACH2_CEMIP",0.622549551459959
"_GCCCGAAAGGAAGAAC-5","Glut-DACH2-8","Ex_DACH2_ZMAT4",0.54433419088697
"_GCCCGAAAGGCACTCC-5","Glut-DACH2-LMANco","Ex_BCL6",0.348781408646978
"_GCCCGAAAGTATGACA-5","Glut-DACH2-LMANsh","Ex_DACH2_ADAMTS5",0.331608825125893
"_GCCCGAACACCGTGGT-5","Glut-DACH2-6","Ex_DACH2_CEMIP",0.790015873403308
"_GCCCGAAGTCTTCGAA-5","Glut-DACH2-LMANco","Ex_DACH2_RORB",0.264340771465681
"_GCCGATGCAAGAGATT-5","Glut-DACH2-LMANsh","Ex_DACH2_LHX2",0.360565629772055
"_GCCGATGGTCGCAGTC-5","Glut-DACH2-LMANsh","Ex_DACH2_ADAMTS5",0.383930263720266
"_GCCGATGGTGTGATGG-5","Glut-DACH2-LMANco","Ex_DACH2_RORB",0.272158508653581
"_GCCGATGTCTGAGAGG-5","Glut-DACH2-LMANco","Ex_DACH2_ZMAT4",0.309824736909387
"_GCCGTGAGTAATACCC-5","Glut-DACH2-6","Ex_DACH2_ZMAT4",0.691597598994649
"_GCCGTGAGTCCGGTCA-5","Glut-DACH2-8","Ex_DACH2_ZMAT4",0.48350964610257
"_GCGAGAAGTCATCAGT-5","Glut-DACH2-LMANco","Ex_BCL6",0.322487122660715
"_GCGATCGTCGACGAGA-5","Glut-DACH2-LMANco","Ex_DACH2_CEMIP",0.749752448455764
"_GCGGAAATCACGATCA-5","Glut-DACH2-LMANsh","Ex_DACH2_LHX2",0.36082499487022
"_GCGTGCAGTTGACTGT-5","Glut-DACH2-5","Ex_DACH2_GRIK4",0.562153954909845
"_GCGTGCATCATCTGTT-5","Glut-DACH2-6","Ex_DACH2_CEMIP",0.676746763654268
"_GCGTTTCCACACCGAC-5","Glut-DACH2-6","Ex_DACH2_CEMIP",0.716587342509009
"_GCGTTTCCACCAATTG-5","Glut-DACH2-LMANco","Ex_DACH2_CEMIP",0.700263092900023
"_GCTACAAAGCCTAACT-5","Glut-DACH2-LMANco","Ex_DACH2_CEMIP",0.624351139551831
"_GCTACAACAAATGAAC-5","Glut-DACH2-LMANsh","Ex_DACH2_GRIK4",0.418505367983996
"_GCTACAACAACTGCTA-5","Glut-DACH2-6","Ex_DACH2_CEMIP",0.696324955545698
"_GCTACAAGTCGGTACC-5","Glut-DACH2-LMANsh","Ex_DACH2_LHX2",0.318359890889302
"_GCTACAATCACGAACT-5","Glut-DACH2-LMANsh","Ex_DACH2_ADAMTS5",0.42276518852109
"_GCTACCTAGAGGACTC-5","Glut-DACH2-LMANsh","Ex_DACH2_GRIK4",0.352533738208888
"_GCTACCTCACCCTTGT-5","Glut-DACH2-LMANco","Ex_DACH2_CEMIP",0.598023064324576
"_GCTGAATAGGTCATAA-5","Glut-DACH2-LMANco","Ex_DACH2_RORB",0.307557007530103
"_GCTGCAGAGTGTAGTA-5","Glut-DACH2-8","Ex_DACH2_CEMIP",0.5780844285717
"_GCTGCAGGTGTTCGAT-5","Glut-DACH2-8","Ex_DACH2_ZMAT4",0.770524901747947
"_GCTGGGTGTGGGCTCT-5","Glut-DACH2-LMANsh","Ex_DACH2_GRIK4",0.33028407533149
"_GCTGGGTTCATGCCCT-5","Glut-DACH2-LMANco","Ex_DACH2_RORB",0.246665834755749
"_GCTTCACAGGTCCAGA-5","Glut-DACH2-LMANsh","Ex_DACH2_GRIK4",0.296486560815905
"_GCTTCACGTCGCGTCA-5","Glut-DACH2-6","Ex_DACH2_CEMIP",0.884094737958749
"_GCTTCACTCTTTGCAT-5","Glut-DACH2-7","Ex_DACH2_GRIK4",0.502356580476951
"_GCTTGGGCACTCGATA-5","Glut-DACH2-6","Ex_DACH2_CEMIP",0.73015024246714
"_GCTTGGGGTCTCTCCA-5","Glut-DACH2-LMANsh","Ex_DACH2_LHX2",0.572521318471665
"_GCTTGGGGTGCCGAAA-5","Glut-DACH2-8","Ex_DACH2_ZMAT4",0.708981892215364
"_GCTTGGGGTGCCGGTT-5","Glut-DACH2-LMANco","Ex_BCL6",0.269261403143053
"_GCTTTCGCATTAAAGG-5","Glut-DACH2-LMANsh","Ex_DACH2_ADAMTS5",0.312280949168088
"_GGAACCCAGCTTTCCC-5","Glut-DACH2-LMANco","Ex_DACH2_CEMIP",0.732359787800092
"_GGAACCCAGGTGCAGT-5","Glut-DACH2-LMANsh","Ex_DACH2_ZMAT4",0.397604044955968
"_GGAACCCCAAGGTACG-5","Glut-DACH2-8","Ex_DACH2_ZMAT4",0.718698996420708
"_GGAAGTGAGAGACAAG-5","Glut-DACH2-LMANco","Ex_DACH2_CEMIP",0.586498005680006
"_GGAATCTCAAAGTATG-5","Glut-DACH2-8","Ex_DACH2_ZMAT4",0.471668013526488
"_GGAATCTGTGCACATT-5","Glut-DACH2-7","Ex_DACH2_ADAMTS5",0.427999310629895
"_GGAATCTGTGCCTTTC-5","Glut-DACH2-LMANco","Ex_DACH2_RORB",0.263532079881061
"_GGACGTCGTCGTCTCT-5","Glut-DACH2-LMANsh","Ex_DACH2_ADAMTS5",0.405918542920643
"_GGAGATGAGATAACAC-5","Glut-DACH2-LMANsh","Ex_DACH2_LHX2",0.408582763162998
"_GGAGATGCACAGGATG-5","Glut-DACH2-LMANco","Ex_DACH2_RORB",0.29120786017981
"_GGAGATGTCACTCGAA-5","Glut-DACH2-LMANsh","Ex_DACH2_LHX2",0.303977509432389
"_GGAGCAAAGAGTGTGC-5","Glut-DACH2-LMANco","Ex_DACH2_CEMIP",0.525260468579361
"_GGAGGATAGATTGGGC-5","Glut-DACH2-LMANsh","Ex_DACH2_LHX2",0.362793358383537
"_GGAGGATCAATTCACG-5","Glut-DACH2-6","Ex_DACH2_CEMIP",0.479701862806112
"_GGAGGATGTTATGTCG-5","Glut-DACH2-LMANsh","Ex_DACH2_ADAMTS5",0.3860485858948
"_GGAGGATTCAAATGCC-5","Glut-DACH2-LMANco","Ex_BCL6",0.266889462548152
"_GGATCTAAGTGCGCTC-5","Glut-DACH2-LMANco","Ex_BCL6",0.30705733242134
"_GGATCTACAGAACCGA-5","Glut-DACH2-8","Ex_DACH2_CEMIP",0.829030923911142
"_GGATCTATCCCAGTGG-5","Glut-DACH2-LMANsh","Ex_DACH2_ADAMTS5",0.323975040156799
"_GGATGTTGTCCTACAA-5","Glut-DACH2-LMANco","Ex_DACH2_RORB",0.279782403680675
"_GGATGTTGTTGCTTGA-5","Glut-DACH2-LMANco","Ex_DACH2_CEMIP",0.267215409515511
"_GGCACGTAGCGCGTTC-5","Glut-DACH2-LMANco","Ex_DACH2_CEMIP",0.555495036885311
"_GGCACGTGTATTGAGA-5","Glut-DACH2-LMANsh","Ex_DACH2_ADAMTS5",0.472755316433806
"_GGCACGTTCTCCGAAA-5","Glut-DACH2-LMANsh","Ex_DACH2_ADAMTS5",0.747678901051747
"_GGCAGTCAGCGGGTTA-5","Glut-DACH2-6","Ex_DACH2_CEMIP",0.887136909021754
"_GGCAGTCCAGTCGAGA-5","Glut-DACH2-LMANsh","Ex_DACH2_ITGA9",0.288470836649939
"_GGCAGTCTCGCATTGA-5","Glut-DACH2-6","Ex_DACH2_CEMIP",0.75145535951681
"_GGCGTCAAGAGTCTTC-5","Glut-DACH2-LMANco","Ex_DACH2_CEMIP",0.723492372382711
"_GGCGTCACAGATCACT-5","Glut-DACH2-LMANsh","Ex_DACH2_NR4A3",0.462069974189119
"_GGCGTCAGTTGTGTTG-5","Glut-DACH2-LMANsh","Ex_DACH2_GRIK4",0.315377094760965
"_GGCTTGGCAAGTGGAC-5","Glut-DACH2-8","Ex_DACH2_CEMIP",0.507715611625459
"_GGCTTTCAGTATAGGT-5","Glut-DACH2-LMANco","Ex_DACH2_CEMIP",0.646795885943134
"_GGCTTTCGTGCGGCTT-5","Glut-DACH2-8","Ex_DACH2_ZMAT4",0.810771502732161
"_GGGAAGTCATCGCCTT-5","Glut-DACH2-6","Ex_DACH2_CEMIP",0.975236639517384
"_GGGAAGTGTCATTCCC-5","Glut-DACH2-LMANco","Ex_DACH2_CEMIP",0.592588179436033
"_GGGACAAGTCCAGCCA-5","Glut-DACH2-8","Ex_DACH2_ZMAT4",0.717601287307827
"_GGGACAATCCGAAGGA-5","Glut-DACH2-LMANsh","Ex_DACH2_LHX2",0.547989084240349
"_GGGACAATCGAGTTGT-5","Glut-DACH2-LMANsh","Ex_DACH2_LHX2",0.461070073198048
"_GGGACCTAGATGACCG-5","Glut-DACH2-LMANsh","Ex_DACH2_RORB",0.4477490175657
"_GGGACTCCAAGAGGCT-5","Glut-DACH2-LMANco","Ex_DACH2_ZMAT4",0.536540927596683
"_GGGACTCTCGGTTCAA-5","Glut-DACH2-LMANsh","Ex_DACH2_ADAMTS5",0.326751834941244
"_GGGAGTAAGCGGACAT-5","Glut-DACH2-8","Ex_DACH2_ZMAT4",0.717299130648109
"_GGGATCCAGTAAAGCT-5","Glut-DACH2-5","Ex_DACH2_ADAMTS5",0.51660272930659
"_GGGATCCTCTCCGCAT-5","Glut-DACH2-8","Ex_DACH2_CEMIP",0.763920264696955
"_GGGATGAAGAATTCAG-5","Glut-DACH2-6","Ex_DACH2_CEMIP",0.930513217790601
"_GGGATGAGTCATCCGG-5","Glut-DACH2-LMANsh","Ex_DACH2_ADAMTS5",0.382570098592831
"_GGGATGAGTGGGCTTC-5","Glut-DACH2-LMANsh","Ex_DACH2_LHX2",0.533276922600545
"_GGGATGATCTTGAGCA-5","Glut-DACH2-5","Ex_DACH2_LHX2",0.366448412805323
"_GGGCCATAGCAGGGAG-5","Glut-DACH2-LMANco","Ex_DACH2_CEMIP",0.838456134843617
"_GGGCCATAGCATCCTA-5","Glut-DACH2-LMANco","Ex_DACH2_CEMIP",0.623087117338959
"_GGGCCATCAGCTGGTC-5","Glut-DACH2-8","Ex_DACH2_ZMAT4",0.636978310754233
"_GGGCCATGTAAGAACT-5","Glut-DACH2-6","Ex_DACH2_CEMIP",1
"_GGGCGTTTCCTTCGAC-5","Glut-DACH2-LMANsh","Ex_DACH2_NR4A3",0.776453472891603
"_GGGCTACAGGGCCTCT-5","Glut-DACH2-LMANsh","Ex_DACH2_LHX2",0.465727960975803
"_GGGCTACCAACGATTC-5","Glut-DACH2-LMANco","Ex_BCL6",0.375110171336389
"_GGGCTACCAAGGCAAC-5","Glut-DACH2-LMANsh","Ex_DACH2_LHX2",0.376768039015687
"_GGGCTACCATCGTCCT-5","Glut-DACH2-LMANsh","Ex_DACH2_LHX2",0.383496410687249
"_GGGCTACTCGGTTGTA-5","Glut-DACH2-LMANco","Ex_DACH2_ZMAT4",0.544319770076416
"_GGGCTACTCTTCTGTA-5","Glut-DACH2-LMANco","Ex_BCL6",0.300829235601508
"_GGGCTCAAGACGACGT-5","Glut-DACH2-8","Ex_DACH2_ZMAT4",0.654142681111368
"_GGGTAGAAGGGCTTCC-5","Glut-DACH2-LMANsh","Ex_DACH2_LHX2",0.487594048425605
"_GGGTAGAGTATAGGAT-5","Glut-DACH2-8","Ex_DACH2_CEMIP",0.402232348354994
"_GGGTATTGTTGACTGT-5","Glut-DACH2-LMANco","Ex_DACH2_CEMIP",0.690948335945899
"_GGGTATTTCAGTGTGT-5","Glut-DACH2-LMANco","Ex_DACH2_RORB",0.251692098879509
"_GGGTCACTCTAACACG-5","Glut-DACH2-LMANco","Ex_DACH2_CEMIP",0.649066774239419
"_GGGTCTGCAGACCTAT-5","Glut-DACH2-LMANsh","Ex_DACH2_GRIK4",0.301521122756074
"_GGGTCTGTCCGAGGCT-5","Glut-DACH2-LMANsh","Ex_DACH2_LHX2",0.471063580983007
"_GGGTGAACAAATCGTC-5","Glut-DACH2-LMANco","Ex_DACH2_RORB",0.301445086338485
"_GGGTGAACATGCAGGA-5","Glut-DACH2-LMANsh","Ex_DACH2_NR4A3",0.347157111674636
"_GGGTGAAGTATGTGTC-5","Glut-DACH2-LMANco","Ex_BCL6",0.289505254795459
"_GGGTGAAGTTAATGAG-5","Glut-DACH2-LMANsh","Ex_DACH2_LHX2",0.398775822664761
"_GGGTGAAGTTATGTGC-5","Glut-DACH2-LMANco","Ex_Pre_KCNH7",0.347857523819741
"_GGGTGTCAGCCATTGT-5","Glut-DACH2-7","Ex_DACH2_MGAT4C",0.316279653227389
"_GGGTGTCCAATGGGTG-5","Glut-DACH2-LMANsh","Ex_DACH2_ADAMTS5",0.241990717715683
"_GGGTTATTCATTGTGG-5","Glut-DACH2-1","Ex_DACH2_GRIK4",0.462802848511769
"_GGGTTTACACGCGCTA-5","Glut-DACH2-LMANco","Ex_Pre_KCNH7",0.264782706794939
"_GGGTTTACAGCTCATA-5","Glut-DACH2-LMANsh","Ex_DACH2_LHX2",0.246425693819285
"_GGGTTTAGTAGACTGG-5","Glut-DACH2-LMANsh","Ex_DACH2_LHX2",0.276168539632188
"_GGTAACTAGACAAGCC-5","Glut-DACH2-LMANsh","Ex_DACH2_ADAMTS5",0.622768607586615
"_GGTAACTAGTCGCCAC-5","Glut-DACH2-LMANsh","Ex_DACH2_RORB",0.290542324729555
"_GGTAATCCATGTTCGA-5","Glut-DACH2-8","Ex_DACH2_CEMIP",0.576642510353412
"_GGTAATCGTAGACAGC-5","Glut-DACH2-LMANsh","Ex_DACH2_NR4A3",0.450444822589179
"_GGTAGAGGTACATTGC-5","Glut-DACH2-5","Ex_DACH2_ADAMTS5",0.310932601929156
"_GGTCACGCAGATGCGA-5","Glut-DACH2-LMANco","Ex_DACH2_ZMAT4",0.570558056050064
"_GGTCTGGCATAAGATG-5","Glut-DACH2-LMANsh","Ex_DACH2_LHX2",0.361802383018033
"_GGTCTGGTCCGCACTT-5","Glut-DACH2-8","Ex_DACH2_CEMIP",0.684868324497749
"_GGTGAAGCACCGTGCA-5","Glut-DACH2-LMANco","Ex_DACH2_CEMIP",0.539559017974361
"_GGTGATTAGTGACCTT-5","Glut-DACH2-8","Ex_DACH2_ZMAT4",0.695183256883855
"_GGTGGCTCACCTTCCA-5","Glut-DACH2-LMANco","Ex_DACH2_ZMAT4",0.515949412623539
"_GGTGTCGGTGTCCTAA-5","Glut-DACH2-LMANco","Ex_DACH2_CEMIP",0.754690449023326
"_GGTGTCGTCCATGATG-5","Glut-DACH2-6","Ex_DACH2_ZMAT4",0.468757605765729
"_GGTGTTAAGAGCCGTA-5","Glut-DACH2-5","Ex_DACH2_ADAMTS5",0.66945699324436
"_GGTGTTAAGCCGCTTG-5","Glut-DACH2-LMANco","Ex_DACH2_RORB",0.283053995902288
"_GGTGTTACAGAGGACT-5","Glut-DACH2-5","Ex_DACH2_LHX2",0.519736997838989
"_GGTGTTAGTACAGGTG-5","Glut-DACH2-LMANsh","Ex_DACH2_ADAMTS5",0.406686357902772
"_GGTTAACAGCCGAACA-5","Glut-DACH2-LMANco","Ex_DACH2_CEMIP",0.305980393239684
"_GGTTAACTCGCCGAGT-5","Glut-DACH2-LMANsh","Ex_DACH2_LHX2",0.357057860269703
"_GGTTCTCAGAGTGAAG-5","Glut-DACH2-LMANco","Ex_DACH2_CEMIP",0.717772477218344
"_GGTTCTCAGGCTCACC-5","Glut-DACH2-LMANsh","Ex_DACH2_ADAMTS5",0.381293805372676
"_GGTTCTCCAGTGCCTG-5","Glut-DACH2-LMANsh","Ex_DACH2_LHX2",0.400076489738375
"_GGTTCTCGTGGCAACA-5","Glut-DACH2-6","Ex_DACH2_CEMIP",0.554333961947075
"_GGTTCTCTCGCTCTAC-5","Glut-DACH2-8","Ex_DACH2_ZMAT4",0.471563393517101
"_GGTTGTACAACACGTT-5","Glut-DACH2-LMANsh","Ex_DACH2_LHX2",0.407345903174338
"_GGTTGTACACCTGCTT-5","Glut-DACH2-6","Ex_DACH2_CEMIP",0.747594107316735
"_GGTTGTAGTGACACAG-5","Glut-DACH2-LMANco","Ex_DACH2_CEMIP",0.854355992569159
"_GGTTGTAGTTCGGCTG-5","Glut-DACH2-LMANsh","Ex_DACH2_LHX2",0.544044953601032
"_GTAACACAGACTACGG-5","Glut-DACH2-LMANsh","Ex_DACH2_GRIK4",0.35121871716642
"_GTAAGTCGTCACCGAC-5","Glut-DACH2-8","Ex_DACH2_ZMAT4",0.501736531349772
"_GTAATCGGTTGCACGC-5","Glut-DACH2-LMANsh","Ex_DACH2_ADAMTS5",0.31704952507785
"_GTAATCGGTTGGTAGG-5","Glut-DACH2-LMANsh","Ex_DACH2_ADAMTS5",0.501125449335401
"_GTAATCGTCTGGTCAA-5","Glut-DACH2-LMANco","Ex_DACH2_RORB",0.271212979499901
"_GTAATGCAGCTTCGTA-5","Glut-DACH2-8","Ex_DACH2_ZMAT4",0.758130693997209
"_GTACAACAGCCACTCG-5","Glut-DACH2-LMANco","Ex_DACH2_ZMAT4",0.754123436265168
"_GTACAACTCGCTCTAC-5","Glut-DACH2-LMANsh","Ex_DACH2_ITGA9",0.418102558132717
"_GTACAGTAGGCTCAAG-5","Glut-DACH2-LMANsh","Ex_DACH2_ADAMTS5",0.280933310092393
"_GTAGAAAAGACGACTG-5","Glut-DACH2-LMANsh","Ex_DACH2_GRIK4",0.409740563364633
"_GTAGATCCATACCACA-5","Glut-DACH2-LMANco","Ex_BCL6",0.222635713899692
"_GTAGATCGTAAGGCTG-5","Glut-DACH2-LMANco","Ex_BCL6",0.419809113973929
"_GTAGATCTCCTCTCTT-5","Glut-DACH2-LMANsh","Ex_DACH2_ZMAT4",0.485608680356247
"_GTAGCTACAATAGAGT-5","Glut-DACH2-LMANsh","Ex_DACH2_LHX2",0.527818057890133
"_GTAGCTACAGCTCATA-5","Glut-DACH2-7","Ex_DACH2_ZMAT4",0.382952362388711
"_GTAGCTACAGTCTTCC-5","Glut-DACH2-LMANsh","Ex_DACH2_ADAMTS5",0.782855851448926
"_GTAGCTAGTCTCAGGC-5","Glut-DACH2-LMANco","Ex_BCL6",0.309046192863894
"_GTAGGAGAGAGTGTTA-5","Glut-DACH2-6","Ex_DACH2_CEMIP",0.984537108044579
"_GTAGGAGCAATTCTCT-5","Glut-DACH2-LMANco","Ex_Pre_KCNH7",0.287924093985376
"_GTAGGAGCAGCTATAC-5","Glut-DACH2-1","Ex_DACH2_NR4A3",0.19498179310476
"_GTAGGAGGTACCGTCG-5","Glut-DACH2-LMANco","Ex_DACH2_CEMIP",0.492103952203544
"_GTAGGTTCAATGTGGG-5","Glut-DACH2-LMANsh","Ex_DACH2_LHX2",0.343998292921334
"_GTATTGGGTCCACACG-5","Glut-DACH2-LMANco","Ex_DACH2_RORB",0.270494277315663
"_GTATTGGTCCACACCT-5","Glut-DACH2-8","Ex_DACH2_ZMAT4",0.744109896852341
"_GTATTTCGTGGCCACT-5","Glut-DACH2-LMANsh","Ex_DACH2_LHX2",0.366705811954953
"_GTATTTCGTTCTCAGA-5","Glut-DACH2-LMANsh","Ex_DACH2_LHX2",0.406079685660006
"_GTCAAGTAGCCATGCC-5","Glut-DACH2-LMANsh","Ex_DACH2_GRIK4",0.423896044520252
"_GTCAAGTGTATGAGAT-5","Glut-DACH2-LMANco","Ex_DACH2_CEMIP",0.698888990187951
"_GTCAAGTTCTAGTTCT-5","Glut-DACH2-LMANsh","Ex_DACH2_LHX2",0.508949673183716
"_GTCACGGGTACCCACG-5","Glut-DACH2-8","Ex_DACH2_ZMAT4",0.875209326178155
"_GTCACGGTCAAGCGTT-5","Glut-DACH2-8","Ex_DACH2_CEMIP",0.550550922846396
"_GTCACTCAGGGATCAC-5","Glut-DACH2-LMANsh","Ex_DACH2_LHX2",0.458978579150654
"_GTCACTCCAGACGATG-5","Glut-DACH2-LMANsh","Ex_DACH2_GRIK4",0.286542210213934
"_GTCACTCCATAGGTTC-5","Glut-DACH2-LMANsh","Ex_DACH2_GRIK4",0.445230409156807
"_GTCAGCGAGACGACTG-5","Glut-DACH2-LMANsh","Ex_DACH2_LHX2",0.27431383460824
"_GTCAGCGAGAGCATAT-5","Glut-DACH2-LMANco","Ex_DACH2_ZMAT4",0.31546086224171
"_GTCAGCGGTGAGCTCC-5","Glut-DACH2-LMANsh","Ex_DACH2_ADAMTS5",0.496361409633401
"_GTCATCCAGATACAGT-5","Glut-DACH2-LMANco","Ex_DACH2_CEMIP",0.475619785416338
"_GTCATCCGTTGTACGT-5","Glut-DACH2-LMANco","Ex_DACH2_ITGA9",0.549549745096086
"_GTCATGAAGGGACCAT-5","Glut-DACH2-LMANsh","Ex_DACH2_LHX2",0.287938415558989
"_GTCATGACAATGCAGG-5","Glut-DACH2-LMANco","Ex_DACH2_CEMIP",0.371781741122692
"_GTCATGATCTTGCAGA-5","Glut-DACH2-LMANco","Ex_DACH2_ZMAT4",0.497523943706299
"_GTCATTTAGTCAGCCC-5","Glut-DACH2-8","Ex_DACH2_CEMIP",0.630847544103252
"_GTCATTTCAGCTGTTA-5","Glut-DACH2-LMANco","Ex_DACH2_CEMIP",0.545942999832718
"_GTCATTTGTTGCATTG-5","Glut-DACH2-LMANsh","Ex_DACH2_ADAMTS5",0.581026618803461
"_GTCCACTAGCCTAGGA-5","Glut-DACH2-LMANsh","Ex_DACH2_GRIK4",0.664500939378655
"_GTCCACTCACAGCATT-5","Glut-DACH2-LMANco","Ex_DACH2_CEMIP",0.387359749512896
"_GTCCACTTCTGTTGGA-5","Glut-DACH2-8","Ex_DACH2_ZMAT4",0.585479978182653
"_GTCCACTTCTTGTTAC-5","Glut-DACH2-LMANco","Ex_DACH2_CEMIP",0.572723875172021
"_GTCCACTTCTTTCCAA-5","Glut-DACH2-LMANco","Ex_DACH2_CEMIP",0.816886902256173
"_GTCCCATAGCTTCGTA-5","Glut-DACH2-LMANsh","Ex_DACH2_LHX2",0.45225532372866
"_GTCCCATCAGGTAGTG-5","Glut-DACH2-LMANsh","Ex_DACH2_GRIK4",0.314160638751654
"_GTCCCATGTGTCTCCT-5","Glut-DACH2-LMANco","Ex_BCL6",0.401459549674652
"_GTCCTCACAAGCGCTC-5","Glut-DACH2-8","Ex_DACH2_CEMIP",0.493766687816125
"_GTCGAATCACCGTACG-5","Glut-DACH2-6","Ex_DACH2_CEMIP",0.919382733418553
"_GTCGAATGTACCAATC-5","Glut-DACH2-LMANsh","Ex_DACH2_LHX2",0.566383031986839
"_GTCGAATTCCCGAGTG-5","Glut-DACH2-LMANsh","Ex_DACH2_ADAMTS5",0.330796089274201
"_GTCGCGACAGGCTCTG-5","Glut-DACH2-LMANco","Ex_DACH2_RORB",0.249091326409892
"_GTCGCGAGTGATAGTA-5","Glut-DACH2-LMANco","Ex_DACH2_CEMIP",0.673942836752807
"_GTCGTAATCTGTTCAT-5","Glut-DACH2-LMANsh","Ex_DACH2_ITGA9",0.23907780993783
"_GTCGTTCGTGGCAGAT-5","Glut-DACH2-8","Ex_DACH2_CEMIP",0.644138883540344
"_GTCTACCTCCGGTAGC-5","Glut-DACH2-6","Ex_DACH2_CEMIP",0.907956090136779
"_GTCTACCTCTCATTTG-5","Glut-DACH2-8","Ex_DACH2_CEMIP",0.79245747038825
"_GTCTAGAAGGTAACTA-5","Glut-DACH2-LMANco","Ex_DACH2_RORB",0.220684567083351
"_GTCTCACAGACGCTCC-5","Glut-DACH2-LMANsh","Ex_DACH2_GRIK4",0.2330749126256
"_GTCTCACGTTCTCTCG-5","Glut-DACH2-LMANsh","Ex_DACH2_LHX2",0.437207007609907
"_GTCTCACTCGCCACTT-5","Glut-DACH2-LMANco","Ex_DACH2_TAC1",0.2766499261901
"_GTCTTTAAGATGACCG-5","Glut-DACH2-6","Ex_DACH2_CEMIP",0.621360078040626
"_GTCTTTACAAGGCCTC-5","Glut-DACH2-6","Ex_DACH2_ZMAT4",0.2908817803192
"_GTCTTTACAGAAGTGC-5","Glut-DACH2-LMANsh","Ex_DACH2_ADAMTS5",0.697762952933866
"_GTCTTTATCGTCCATC-5","Glut-DACH2-LMANco","Ex_Pre_KCNH7",0.288614915358246
"_GTGACGCTCAGCCTTC-5","Glut-DACH2-LMANco","Ex_BCL6",0.263291073704444
"_GTGAGCCCAGGGAGAG-5","Glut-DACH2-6","Ex_DACH2_CEMIP",0.8414016020387
"_GTGAGGAAGCCATATC-5","Glut-DACH2-LMANco","Ex_DACH2_RORB",0.27653925347974
"_GTGAGGATCGGTCGAC-5","Glut-DACH2-LMANco","Ex_DACH2_CEMIP",0.876982291727009
"_GTGAGTTCAATGTTGC-5","Glut-DACH2-LMANsh","Ex_DACH2_GRIK4",0.367302163231773
"_GTGATGTAGCACCAGA-5","Glut-DACH2-LMANco","Ex_DACH2_ZMAT4",0.404377867949985
"_GTGATGTAGGTACAAT-5","Glut-DACH2-LMANsh","Ex_DACH2_ADAMTS5",0.256674991200295
"_GTGATGTGTTCTTAGG-5","Glut-DACH2-6","Ex_DACH2_CEMIP",0.834871794896459
"_GTGATGTTCCTCCACA-5","Glut-DACH2-LMANco","Ex_DACH2_RORB",0.296512138733098
"_GTGCGTGAGGTAGATT-5","Glut-DACH2-8","Ex_DACH2_ITGA9",0.49629154988198
"_GTGCGTGGTCCCACGA-5","Glut-DACH2-8","Ex_DACH2_ZMAT4",0.687892133271796
"_GTGCTGGGTCATCGCG-5","Glut-DACH2-LMANsh","Ex_DACH2_ADAMTS5",0.339995217278236
"_GTGCTGGGTGTGAATA-5","Glut-DACH2-8","Ex_DACH2_CEMIP",0.643098681420466
"_GTGGAAGGTGATACAA-5","Glut-DACH2-6","Ex_DACH2_CEMIP",0.946607177666737
"_GTGGAGAGTACCCGCA-5","Glut-DACH2-LMANsh","Ex_DACH2_ADAMTS5",0.557637524869261
"_GTGGAGAGTGGACCTC-5","Glut-DACH2-7","Ex_DACH2_ADAMTS5",0.278600609286795
"_GTGGAGATCAGTGTGT-5","Glut-DACH2-LMANco","Ex_DACH2_CEMIP",0.71844766714464
"_GTGGCGTCAACATCGT-5","Glut-DACH2-LMANsh","Ex_DACH2_ADAMTS5",0.439385737718877
"_GTGGCGTTCTAGAGCT-5","Glut-DACH2-LMANco","Ex_BCL6",0.31650685618544
"_GTGGGAAAGATACGAT-5","Glut-DACH2-LMANsh","Ex_DACH2_LHX2",0.356892913665669
"_GTGGGAAGTATGCTAC-5","Glut-DACH2-LMANco","Ex_DACH2_CEMIP",0.775682966377649
"_GTGGTTAAGTTCCAGT-5","Glut-DACH2-8","Ex_DACH2_ZMAT4",0.62455206212998
"_GTGGTTACAACCAATC-5","Glut-DACH2-LMANco","Ex_BCL6",0.277296573478281
"_GTGGTTACACGTAACT-5","Glut-DACH2-LMANsh","Ex_DACH2_LHX2",0.344492602931045
"_GTGGTTACAGCCGTCA-5","Glut-DACH2-6","Ex_DACH2_CEMIP",0.515549693571568
"_GTGTAACAGGGCAACT-5","Glut-DACH2-LMANsh","Ex_DACH2_ADAMTS5",0.338835195161055
"_GTGTAACGTCAAGCCC-5","Glut-DACH2-LMANsh","Ex_DACH2_ADAMTS5",0.296107666252083
"_GTGTCCTCAGCAGGAT-5","Glut-DACH2-LMANco","Ex_DACH2_CEMIP",0.44380001742335
"_GTGTCCTTCTAGCAAC-5","Glut-DACH2-8","Ex_DACH2_ITGA9",0.337577464096437
"_GTGTGATGTCACTCAA-5","Glut-DACH2-LMANco","Ex_DACH2_CEMIP",0.315594400423405
"_GTGTGATGTGCGTCGT-5","Glut-DACH2-LMANco","Ex_DACH2_CEMIP",0.339464567412205
"_GTGTGGCAGCAGGCAT-5","Glut-DACH2-7","Ex_DACH2_NR4A3",0.493955023077491
"_GTGTGGCCAATGGGTG-5","Glut-DACH2-8","Ex_DACH2_ZMAT4",0.825477223336272
"_GTGTGGCTCATTCTTG-5","Glut-DACH2-LMANsh","Ex_DACH2_ITGA9",0.418249942491155
"_GTGTTAGGTAATTGGA-5","Glut-DACH2-LMANsh","Ex_DACH2_GRIK4",0.355649824578435
"_GTGTTAGGTGCGCTCA-5","Glut-DACH2-LMANco","Ex_DACH2_CEMIP",0.720906672711098
"_GTTACAGAGGATCATA-5","Glut-DACH2-LMANco","Ex_DACH2_CEMIP",0.743552919071619
"_GTTACAGCACAAGGTG-5","Glut-DACH2-LMANsh","Ex_DACH2_ADAMTS5",0.54271422289529
"_GTTACAGTCATCGACA-5","Glut-DACH2-LMANco","Ex_DACH2_CEMIP",0.445621750550941
"_GTTACAGTCCATACAG-5","Glut-DACH2-LMANsh","Ex_DACH2_LHX2",0.366933864886794
"_GTTACAGTCGCATTGA-5","Glut-DACH2-LMANsh","Ex_DACH2_ADAMTS5",0.485237407218411
"_GTTACAGTCTACCACC-5","Glut-DACH2-LMANsh","Ex_DACH2_LHX2",0.36392756870476
"_GTTACCCGTCACAGTT-5","Glut-DACH2-8","Ex_DACH2_CEMIP",0.476195796527773
"_GTTACCCTCGACCTAA-5","Glut-DACH2-5","Ex_DACH2_LHX2",0.391134377711215
"_GTTACGAAGTCCCAAT-5","Glut-DACH2-LMANsh","Ex_DACH2_ADAMTS5",0.510763163814103
"_GTTACGACAATCCAGT-5","Glut-DACH2-6","Ex_DACH2_CEMIP",0.903661937765443
"_GTTACGACACGGTGAA-5","Glut-DACH2-LMANsh","Ex_DACH2_GRIK4",0.268387864153521
"_GTTACGACAGGACATG-5","Glut-DACH2-LMANsh","Ex_DACH2_ADAMTS5",0.622261960421022
"_GTTACGATCAGTCATG-5","Glut-DACH2-LMANco","Ex_DACH2_CEMIP",0.606405620589155
"_GTTAGACGTTCGGTAT-5","Glut-DACH2-LMANco","Ex_DACH2_ZMAT4",0.588567269823813
"_GTTATGGAGCGTCAGA-5","Glut-DACH2-LMANco","Ex_DACH2_CEMIP",0.666778766002598
"_GTTATGGGTGCGAGTA-5","Glut-DACH2-LMANsh","Ex_DACH2_GRIK4",0.326958140058417
"_GTTCATTCATTAGGAA-5","Glut-DACH2-LMANsh","Ex_DACH2_ADAMTS5",0.304938368926754
"_GTTCATTTCAAGTGGG-5","Glut-DACH2-LMANsh","Ex_DACH2_GRIK4",0.54230301262852
"_GTTCCGTAGTACAACA-5","Glut-DACH2-LMANsh","Ex_DACH2_ADAMTS5",0.49636673751509
"_GTTCCGTCATCCTGTC-5","Glut-DACH2-LMANsh","Ex_DACH2_GRIK4",0.311785682487701
"_GTTCTATAGCTATCTG-5","Glut-DACH2-LMANco","Ex_DACH2_ZMAT4",0.650690595903979
"_GTTCTATCACGGATCC-5","Glut-DACH2-1","Ex_DACH2_LHX2",0.375852711076164
"_GTTCTATTCCAATGCA-5","Glut-DACH2-LMANco","Ex_DACH2_CEMIP",0.636878493849378
"_GTTGAACAGAACAAGG-5","Glut-DACH2-LMANsh","Ex_DACH2_GRIK4",0.377722960624101
"_GTTGAACCAAACCACT-5","Glut-DACH2-LMANco","Ex_DACH2_CEMIP",0.591291446529985
"_GTTGAACCACACAGAG-5","Glut-DACH2-LMANsh","Ex_DACH2_LHX2",0.273879439000245
"_GTTGAACCACAGTGTT-5","Glut-DACH2-LMANco","Ex_DACH2_CEMIP",0.603835517377802
"_GTTGAACGTGTGCCTG-5","Glut-DACH2-LMANco","Ex_DACH2_RORB",0.263651032132161
"_GTTGCGGAGAGGTCGT-5","Glut-DACH2-LMANco","Ex_DACH2_ZMAT4",0.623915243592076
"_GTTGCGGGTCATTCCC-5","Glut-DACH2-LMANsh","Ex_DACH2_LHX2",0.348985237427937
"_GTTGCTCCAATCGCCG-5","Glut-DACH2-6","Ex_DACH2_CEMIP",0.494997842493773
"_GTTGCTCTCAAGGCTT-5","Glut-DACH2-LMANsh","Ex_DACH2_LHX2",0.39158842739237
"_GTTGTAGCACCGTGAC-5","Glut-DACH2-8","Ex_DACH2_CEMIP",0.855324835049974
"_GTTGTCCAGGTGAGAA-5","Glut-DACH2-LMANco","Ex_DACH2_CEMIP",0.224627023359054
"_GTTGTCCTCTCTGACC-5","Glut-DACH2-8","Ex_DACH2_CEMIP",0.519971238432051
"_GTTGTCCTCTTGCAGA-5","Glut-DACH2-LMANsh","Ex_DACH2_GRIK4",0.344370432257957
"_GTTTACTAGGGACAGG-5","Glut-DACH2-LMANsh","Ex_DACH2_ADAMTS5",0.891405923651413
"_GTTTACTAGTAGTCAA-5","Glut-DACH2-LMANco","Ex_DACH2_CEMIP",0.61553037947063
"_GTTTACTAGTTCATGC-5","Glut-DACH2-LMANco","Ex_DACH2_CEMIP",0.292801705117733
"_GTTTACTGTCGCCTAG-5","Glut-DACH2-LMANsh","Ex_DACH2_LHX2",0.341728128260901
"_GTTTGGACACACGTGC-5","Glut-DACH2-LMANsh","Ex_DACH2_GRIK4",0.307133081941611
"_TAACACGCAAGCGCTC-5","Glut-DACH2-LMANsh","Ex_DACH2_GRIK4",0.355832352092865
"_TAACGACAGAGGACTC-5","Glut-DACH2-6","Ex_DACH2_CEMIP",0.847163628863042
"_TAACGACAGTGGAATT-5","Glut-DACH2-LMANco","Ex_DACH2_CEMIP",0.492903716087681
"_TAACGACGTATCAGGG-5","Glut-DACH2-8","Ex_DACH2_ZMAT4",0.559173363752267
"_TAACGACGTGATACTC-5","Glut-DACH2-LMANco","Ex_DACH2_ZMAT4",0.539484569675434
"_TAACTTCCAAAGGCAC-5","Glut-DACH2-LMANsh","Ex_DACH2_LHX2",0.375038004658609
"_TAACTTCGTACAGCGA-5","Glut-DACH2-6","Ex_DACH2_CEMIP",0.959907666357976
"_TAAGCACAGAATCTAG-5","Glut-DACH2-LMANsh","Ex_DACH2_LHX2",0.309742168510202
"_TAAGCACAGCATGGGT-5","Glut-DACH2-LMANsh","Ex_DACH2_RORB",0.25396945990128
"_TAAGCACGTCGTCAGC-5","Glut-DACH2-LMANsh","Ex_DACH2_LHX2",0.457208521557244
"_TAAGCCACAGTTTGGT-5","Glut-DACH2-LMANsh","Ex_DACH2_LHX2",0.342301574801359
"_TAAGCCAGTCCTATAG-5","Glut-DACH2-LMANco","Ex_DACH2_CEMIP",0.50643964066724
"_TAAGTCGCACATTCGA-5","Glut-DACH2-LMANsh","Ex_DACH2_ADAMTS5",0.474527952859046
"_TAAGTCGTCTGAGGTT-5","Glut-DACH2-6","Ex_DACH2_CEMIP",0.843538319997793
"_TAATCTCAGCACGGAT-5","Glut-DACH2-LMANsh","Ex_DACH2_ADAMTS5",0.492145264153246
"_TAATTCCCACTGCATA-5","Glut-DACH2-8","Ex_DACH2_ZMAT4",0.479512423814888
"_TAATTCCGTGACACAG-5","Glut-DACH2-6","Ex_DACH2_CEMIP",0.864071941509842
"_TACAACGCAACCGTGC-5","Glut-DACH2-LMANsh","Ex_DACH2_LHX2",0.482719949006075
"_TACACCCAGACTCAAA-5","Glut-DACH2-LMANco","Ex_DACH2_CEMIP",0.598843027648995
"_TACACCCGTGTTAACC-5","Glut-DACH2-LMANco","Ex_DACH2_CEMIP",0.473999374055793
"_TACAGGTAGGCCGCTT-5","Glut-DACH2-8","Ex_DACH2_CEMIP",0.448860085043382
"_TACAGGTAGTTTCGGT-5","Glut-DACH2-LMANsh","Ex_DACH2_GRIK4",0.51394072300772
"_TACAGGTCATGCAGGA-5","Glut-DACH2-LMANsh","Ex_DACH2_ADAMTS5",0.371067876951439
"_TACAGGTGTGGTCCCA-5","Glut-DACH2-LMANsh","Ex_DACH2_GRIK4",0.39168145108266
"_TACAGGTTCCCGAAAT-5","Glut-DACH2-LMANsh","Ex_DACH2_RORB",0.641027299287025
"_TACATTCAGGTAAAGG-5","Glut-DACH2-LMANsh","Ex_DACH2_LHX2",0.372499838503673
"_TACATTCCACTTCCTG-5","Glut-DACH2-6","Ex_DACH2_CEMIP",0.774184595926113
"_TACATTCGTTCGGACC-5","Glut-DACH2-LMANco","Ex_DACH2_RORB",0.272633837005295
"_TACATTCTCTTCGTAT-5","Glut-DACH2-LMANsh","Ex_DACH2_GRIK4",0.507032458545684
"_TACATTCTCTTTGATC-5","Glut-DACH2-6","Ex_DACH2_CEMIP",0.850402790486607
"_TACCCACAGAGAGCAA-5","Glut-DACH2-8","Ex_DACH2_ZMAT4",0.706592663307916
"_TACCCACAGGCGTCCT-5","Glut-DACH2-LMANsh","Ex_DACH2_RORB",0.245049369131212
"_TACCCACCAATCTAGC-5","Glut-DACH2-LMANco","Ex_DACH2_CEMIP",0.425706109586489
"_TACCCACCAGAGTCTT-5","Glut-DACH2-LMANsh","Ex_DACH2_ADAMTS5",0.293585896987762
"_TACCCACGTGACTCGC-5","Glut-DACH2-LMANco","Ex_DACH2_CEMIP",0.529041606808496
"_TACCCACGTGATACTC-5","Glut-DACH2-LMANco","Ex_DACH2_RORB",0.237805067986513
"_TACCCACGTTAAGGGC-5","Glut-DACH2-LMANsh","Ex_DACH2_LHX2",0.66449743055576
"_TACCCACGTTGGTGTT-5","Glut-DACH2-8","Ex_DACH2_ZMAT4",0.796991273723806
"_TACCGAACAGACGATG-5","Glut-DACH2-LMANsh","Ex_DACH2_LHX2",0.414641517654124
"_TACCGAAGTCTACAAC-5","Glut-DACH2-6","Ex_DACH2_CEMIP",0.936532523772494
"_TACCGGGGTCTCACAA-5","Glut-DACH2-LMANco","Ex_DACH2_ZMAT4",0.667728363521259
"_TACCTCGCAGCGGTCT-5","Glut-DACH2-8","Ex_DACH2_ITGA9",0.243880563339907
"_TACCTGCTCTCACGAA-5","Glut-DACH2-LMANsh","Ex_DACH2_LHX2",0.530023555733306
"_TACGCTCGTGTTAGCT-5","Glut-DACH2-LMANco","Ex_DACH2_CEMIP",0.592898735602052
"_TACGGGCCAAACTGCT-5","Glut-DACH2-8","Ex_DACH2_CEMIP",0.491540863411421
"_TACGGTAGTTGGTACT-5","Glut-DACH2-8","Ex_DACH2_CEMIP",0.384493351586496
"_TACGTCCCAGCTTCCT-5","Glut-CACNA1H-2","Ex_Pre_KCNH7",0.464339065168908
"_TACTGCCCAGTGGGTA-5","Glut-DACH2-LMANsh","Ex_DACH2_LHX2",0.352194489382485
"_TACTGCCGTAACGTTC-5","Glut-DACH2-6","Ex_DACH2_NR4A3",0.26343698743583
"_TACTGCCGTGGTCAAG-5","Glut-DACH2-LMANco","Ex_DACH2_CEMIP",0.659240397275286
"_TACTTACCAAAGTGTA-5","Glut-DACH2-LMANsh","Ex_DACH2_ADAMTS5",0.32963880300191
"_TACTTACGTACTCCGG-5","Glut-DACH2-LMANsh","Ex_DACH2_LHX2",0.386980460546636
"_TACTTACTCACTAGCA-5","Glut-DACH2-LMANco","Ex_DACH2_CEMIP",0.422763788511324
"_TACTTACTCGTTAGTG-5","Glut-DACH2-LMANco","Ex_DACH2_CEMIP",0.610113490299922
"_TACTTACTCGTTGTAG-5","Glut-DACH2-LMANco","Ex_BCL6",0.286921246298425
"_TACTTCAAGCTTGTTG-5","Glut-DACH2-6","Ex_DACH2_CEMIP",0.708029139190714
"_TACTTCATCTACGCGG-5","Glut-DACH2-LMANsh","Ex_DACH2_LHX2",0.457327269688162
"_TACTTGTCACATTGTG-5","Glut-DACH2-LMANsh","Ex_DACH2_GRIK4",0.373945920103835
"_TACTTGTGTAGCTGCC-5","Glut-DACH2-LMANco","Ex_DACH2_CEMIP",0.920367617011218
"_TACTTGTGTGGTTTAC-5","Glut-DACH2-LMANsh","Ex_DACH2_GRIK4",0.265877717368919
"_TACTTGTTCTGATGGT-5","Glut-DACH2-LMANsh","Ex_DACH2_GRIK4",0.341886292396739
"_TAGACCACATTGGCAT-5","Glut-DACH2-8","Ex_DACH2_ZMAT4",0.775488000136911
"_TAGACTGAGAAATTGC-5","Glut-DACH2-LMANsh","Ex_DACH2_GRIK4",0.301824137829378
"_TAGACTGCAACAAGTA-5","Glut-DACH2-1","Ex_DACH2_LHX2",0.29234578025185
"_TAGACTGGTCCCTAAA-5","Glut-DACH2-LMANco","Ex_DACH2_CEMIP",0.754402396525353
"_TAGACTGGTGCTCTCT-5","Glut-DACH2-LMANsh","Ex_DACH2_LHX2",0.336970373783241
"_TAGACTGTCTTTCCAA-5","Glut-DACH2-LMANco","Ex_DACH2_CEMIP",0.434402022742452
"_TAGAGTCAGAGGTCAC-5","Glut-DACH2-LMANsh","Ex_DACH2_NR4A3",0.219866719754757
"_TAGAGTCCAAGTGGTG-5","Glut-DACH2-LMANsh","Ex_DACH2_LHX2",0.47304484133031
"_TAGAGTCCACGTAACT-5","Glut-DACH2-6","Ex_DACH2_CEMIP",0.494510133456351
"_TAGAGTCCACTATGTG-5","Glut-DACH2-LMANsh","Ex_DACH2_GRIK4",0.325189428088483
"_TAGATCGAGTACCCTA-5","Glut-DACH2-LMANsh","Ex_DACH2_GRIK4",0.641501087082125
"_TAGATCGCAAATGATG-5","Glut-DACH2-5","Ex_DACH2_GRIK4",0.455722777576595
"_TAGATCGCATGCGGTC-5","Glut-DACH2-LMANsh","Ex_DACH2_ADAMTS5",0.235875056755174
"_TAGATCGGTCCTCCAT-5","Glut-DACH2-LMANsh","Ex_DACH2_LHX2",0.50206731280298
"_TAGATCGGTGCCTATA-5","Glut-DACH2-LMANsh","Ex_DACH2_LHX2",0.410280921175069
"_TAGCACAAGCCAACCC-5","Glut-DACH2-LMANco","Ex_DACH2_CEMIP",0.483081360179138
"_TAGCACAGTTCCAAAC-5","Glut-DACH2-LMANsh","Ex_DACH2_LHX2",0.404148347021905
"_TAGGAGGCATGAATAG-5","Glut-DACH2-LMANco","Ex_DACH2_CEMIP",0.423441620475614
"_TAGGAGGGTGCATCTA-5","Glut-DACH2-LMANco","Ex_DACH2_CEMIP",0.32678682987512
"_TAGGAGGGTTAGCTAC-5","Glut-DACH2-LMANsh","Ex_DACH2_GRIK4",0.296632427479548
"_TAGGGTTCACAAATGA-5","Glut-DACH2-LMANco","Ex_DACH2_CEMIP",0.314183359948901
"_TAGGGTTCAGTCAGCC-5","Glut-DACH2-LMANsh","Ex_DACH2_ADAMTS5",0.578643677817881
"_TAGGGTTCATAGGAGC-5","Glut-DACH2-6","Ex_DACH2_CEMIP",0.503114717638924
"_TAGGGTTTCCCAAGTA-5","Glut-DACH2-LMANco","Ex_DACH2_RORB",0.272572544603545
"_TAGGTACCAAGCCTGC-5","Glut-DACH2-LMANsh","Ex_DACH2_GRIK4",0.507976601147044
"_TAGGTTGAGATAGCTA-5","Glut-DACH2-LMANco","Ex_DACH2_CEMIP",0.610633253870264
"_TAGTGCAGTGTATACC-5","Glut-DACH2-LMANsh","Ex_DACH2_RORB",0.318837207088826
"_TAGTGCATCATGGAGG-5","Glut-DACH2-LMANco","Ex_DACH2_RORB",0.232041427553328
"_TAGTGCATCGAGTCCG-5","Glut-DACH2-LMANco","Ex_DACH2_TAC1",0.286014834052382
"_TATACCTAGGCGTTAG-5","Glut-DACH2-LMANsh","Ex_DACH2_LHX2",0.28855489218084
"_TATACCTGTTGCTTGA-5","Glut-DACH2-LMANco","Ex_DACH2_CEMIP",0.406097272314298
"_TATACCTTCCATTTCA-5","Glut-DACH2-LMANsh","Ex_DACH2_RORB",0.270088043909403
"_TATACCTTCGGTAGAG-5","Glut-DACH2-LMANco","Ex_DACH2_ZMAT4",0.53820686169872
"_TATATCCGTCTAGGTT-5","Glut-DACH2-8","Ex_DACH2_CEMIP",0.477804545691726
"_TATATCCTCGAACGCC-5","Glut-DACH2-8","Ex_DACH2_CEMIP",0.650206538564951
"_TATCAGGAGGCACCAA-5","Glut-DACH2-LMANsh","Ex_DACH2_ITGA9",0.290767883760037
"_TATCAGGAGGTAAGAG-5","Glut-DACH2-LMANsh","Ex_DACH2_ADAMTS5",0.421802347516082
"_TATCCTACAATACCCA-5","Glut-DACH2-LMANsh","Ex_DACH2_GRIK4",0.500097366941834
"_TATCCTACATTCACCC-5","Glut-DACH2-LMANsh","Ex_DACH2_GRIK4",0.662800621687613
"_TATCCTAGTTGTTGAC-5","Glut-DACH2-LMANco","Ex_BCL6",0.230587962703498
"_TATCCTATCCATAAGC-5","Glut-DACH2-8","Ex_DACH2_ZMAT4",0.623197898147932
"_TATCCTATCCATAGAC-5","Glut-DACH2-LMANco","Ex_DACH2_CEMIP",0.878477771241773
"_TATCGCCGTCACCACG-5","Glut-DACH2-LMANsh","Ex_DACH2_ADAMTS5",0.619689066501803
"_TATCGCCGTGTTCGTA-5","Glut-DACH2-LMANsh","Ex_DACH2_GRIK4",0.540157083969476
"_TATCGCCTCGAGAATA-5","Glut-DACH2-LMANco","Ex_DACH2_CEMIP",0.412321313001772
"_TATCTGTCAACCCTCT-5","Glut-DACH2-LMANco","Ex_DACH2_CEMIP",0.793213400645222
"_TATCTTGAGTTCTCTT-5","Glut-DACH2-LMANco","Ex_DACH2_CEMIP",0.411311012178077
"_TATCTTGGTTACGTAC-5","Glut-DACH2-LMANco","Ex_DACH2_CEMIP",0.631140059963692
"_TATCTTGTCGGCAGTC-5","Glut-DACH2-LMANco","Ex_DACH2_TAC1",0.360450602807037
"_TATGTTCAGAGGGTAA-5","Glut-DACH2-5","Ex_DACH2_LHX2",0.598101371743586
"_TATGTTCAGGAGGTTC-5","Glut-DACH2-LMANco","Ex_DACH2_CEMIP",0.490405871443983
"_TATGTTCTCATTGCGA-5","Glut-DACH2-LMANco","Ex_BCL6",0.249706525447224
"_TATGTTCTCGTAACTG-5","Glut-DACH2-LMANsh","Ex_DACH2_ADAMTS5",0.29743408567055
"_TATGTTCTCTGGACTA-5","Glut-DACH2-8","Ex_DACH2_ZMAT4",0.72557369579966
"_TATTCCAGTCTTAGTG-5","Glut-DACH2-LMANsh","Ex_DACH2_LHX2",0.507477499442901
"_TATTGCTCAAATGATG-5","Glut-DACH2-LMANsh","Ex_DACH2_ADAMTS5",0.302705590063362
"_TATTGCTCATAAGCAA-5","Glut-DACH2-LMANsh","Ex_DACH2_RORB",0.329010320910678
"_TATTGCTTCTATTGTC-5","Glut-DACH2-8","Ex_DACH2_ZMAT4",0.509206158697287
"_TATTGCTTCTGCGTCT-5","Glut-DACH2-8","Ex_DACH2_CEMIP",0.373964990908769
"_TATTGCTTCTTCTGTA-5","Glut-DACH2-LMANco","Ex_DACH2_CEMIP",0.794846540342562
"_TATTGGGGTTTGATCG-5","Glut-DACH2-LMANco","Ex_DACH2_RORB",0.279438422336906
"_TATTGGGTCAGGAAGC-5","Glut-DACH2-8","Ex_DACH2_CEMIP",0.506657773943037
"_TCAAGACTCGTAGGGA-5","Glut-DACH2-LMANco","Ex_DACH2_CEMIP",0.700437304798644
"_TCAAGCAAGAGGTCGT-5","Glut-DACH2-LMANco","Ex_DACH2_CEMIP",0.65037811381268
"_TCAAGCATCGGCATTA-5","Glut-DACH2-6","Ex_DACH2_ZMAT4",0.58695979718691
"_TCAAGCATCGGCTGGT-5","Glut-DACH2-6","Ex_DACH2_ZMAT4",0.688923061967237
"_TCAAGTGAGATTCGAA-5","Glut-DACH2-LMANco","Ex_DACH2_CEMIP",0.707907822920217
"_TCAAGTGAGCTGAGTG-5","Glut-DACH2-8","Ex_DACH2_ZMAT4",0.687987644609317
"_TCAAGTGGTAAGTAGT-5","Glut-DACH2-8","Ex_DACH2_ZMAT4",0.736421860053596
"_TCAAGTGTCCGATTAG-5","Glut-DACH2-LMANsh","Ex_DACH2_GRIK4",0.360677661567603
"_TCAATCTAGAGACAAG-5","Glut-DACH2-LMANsh","Ex_DACH2_ADAMTS5",0.252350999002814
"_TCAATCTAGTCTGCGC-5","Glut-DACH2-6","Ex_DACH2_CEMIP",0.895391224883348
"_TCAATCTGTCGATTCA-5","Glut-DACH2-LMANsh","Ex_DACH2_ADAMTS5",0.564364835589853
"_TCAATCTTCCCGATCT-5","Glut-DACH2-8","Ex_DACH2_CEMIP",0.617635111987324
"_TCAATCTTCGGATACT-5","Glut-DACH2-LMANsh","Ex_DACH2_LHX2",0.454927921123191
"_TCAATTCAGCCAACCC-5","Glut-DACH2-6","Ex_DACH2_CEMIP",0.937832983482899
"_TCAATTCTCGAAGTGG-5","Glut-DACH2-8","Ex_DACH2_ZMAT4",0.636780048990743
"_TCAATTCTCTTGGTGA-5","Glut-DACH2-LMANco","Ex_BCL6",0.266174117508787
"_TCACACCAGGTAAGTT-5","Glut-DACH2-LMANco","Ex_DACH2_CEMIP",0.321762795084161
"_TCACACCCACACTGGC-5","Glut-DACH2-LMANco","Ex_BCL6",0.394922435421507
"_TCACACCGTAGCTTAC-5","Glut-DACH2-LMANsh","Ex_DACH2_GRIK4",0.358349529562713
"_TCACACCGTCCCGGTA-5","Glut-DACH2-LMANco","Ex_DACH2_CEMIP",0.407192594504122
"_TCACACCTCCCAGTGG-5","Glut-DACH2-LMANsh","Ex_DACH2_LHX2",0.540690195210789
"_TCACATTGTGGAGAAA-5","Glut-DACH2-LMANco","Ex_BCL6",0.544662703230599
"_TCACATTTCAAGGACG-5","Glut-DACH2-LMANsh","Ex_DACH2_LHX2",0.397634808310692
"_TCACGCTTCACGAACT-5","Glut-DACH2-LMANco","Ex_DACH2_CEMIP",0.850183287495838
"_TCACGGGAGAAGCCTG-5","Glut-DACH2-7","Ex_DACH2_MGAT4C",0.378759470173696
"_TCACGGGCAATTGCGT-5","Glut-DACH2-6","Ex_DACH2_CEMIP",0.70559865774209
"_TCACGGGCAGAGACTG-5","Glut-DACH2-LMANco","Ex_BCL6",0.526090515013064
"_TCACGGGTCGGCTGTG-5","Glut-DACH2-LMANsh","Ex_DACH2_LHX2",0.465243055607283
"_TCACTATGTCCGGACT-5","Glut-DACH2-8","Ex_DACH2_CEMIP",0.434988043128248
"_TCACTCGAGACAGTCG-5","Glut-DACH2-8","Ex_DACH2_ZMAT4",0.713955145009267
"_TCAGCAACATCTGCGG-5","Glut-DACH2-LMANsh","Ex_DACH2_ADAMTS5",0.334008709046905
"_TCAGCAAGTTAGTTCG-5","Glut-DACH2-8","Ex_DACH2_ZMAT4",0.645829627052134
"_TCAGCAATCCAGTGCG-5","Glut-DACH2-LMANco","Ex_DACH2_CEMIP",0.523633109443913
"_TCAGCAATCCGCCTAT-5","Glut-DACH2-LMANco","Ex_Pre_KCNH7",0.304348158440497
"_TCAGCCTTCACTTTGT-5","Glut-DACH2-LMANsh","Ex_DACH2_GRIK4",0.296718978063448
"_TCAGGGCCAGGTCCCA-5","Glut-DACH2-8","Ex_DACH2_ZMAT4",0.599797005285293
"_TCAGGGCGTCACCCTT-5","Glut-DACH2-LMANsh","Ex_DACH2_LHX2",0.341844342355018
"_TCAGGGCGTGTATCCA-5","Glut-DACH2-6","Ex_DACH2_CEMIP",0.634511154800802
"_TCAGGTAAGAAACTAC-5","Glut-DACH2-LMANco","Ex_DACH2_CEMIP",0.683263305916201
"_TCAGGTAAGATGACCG-5","Glut-DACH2-LMANco","Ex_DACH2_CEMIP",0.355472376247985
"_TCAGGTACACGACGCT-5","Glut-DACH2-LMANsh","Ex_DACH2_ITGA9",0.413986428180694
"_TCAGGTAGTGGACTAG-5","Glut-DACH2-5","Ex_DACH2_LHX2",0.370285041209241
"_TCAGTCCAGCTCGGCT-5","Glut-DACH2-LMANco","Ex_DACH2_CEMIP",0.627232252449282
"_TCAGTCCTCCACATAG-5","Glut-DACH2-8","Ex_DACH2_CEMIP",0.696540494995424
"_TCAGTGAAGGAAAGGT-5","Glut-DACH2-8","Ex_DACH2_CEMIP",0.536803497668208
"_TCAGTGAGTCAAGGCA-5","Glut-DACH2-8","Ex_DACH2_CEMIP",0.568569085691189
"_TCAGTGAGTGTGTCGC-5","Glut-DACH2-8","Ex_DACH2_CEMIP",0.780150270057295
"_TCAGTGATCTAGATCG-5","Glut-DACH2-8","Ex_Pre_KCNH7",0.211294191651161
"_TCAGTTTTCGGCATAT-5","Glut-DACH2-8","Ex_DACH2_CEMIP",0.468906985389227
"_TCATACTAGACGCCCT-5","Glut-DACH2-LMANsh","Ex_DACH2_LHX2",0.385598240855377
"_TCATATCCATGTCAGT-5","Glut-DACH2-LMANco","Ex_DACH2_CEMIP",0.691481454591952
"_TCATCATCAGCACGAA-5","Glut-DACH2-LMANsh","Ex_DACH2_GRIK4",0.473244372705579
"_TCATCATCATGAAAGT-5","Glut-DACH2-LMANco","Ex_DACH2_CEMIP",0.57310684659116
"_TCATCATGTAGGATAT-5","Glut-DACH2-LMANsh","Ex_DACH2_ADAMTS5",0.548622665899513
"_TCATCCGAGCATGGGT-5","Glut-DACH2-LMANsh","Ex_DACH2_LHX2",0.408121190095194
"_TCATCCGAGGGAGGCA-5","Glut-DACH2-LMANco","Ex_DACH2_CEMIP",0.690022796916604
"_TCATGAGCAGGCGAAT-5","Glut-DACH2-LMANsh","Ex_DACH2_ADAMTS5",0.368376413232961
"_TCATGCCCAGCGGTTC-5","Glut-DACH2-5","Ex_DACH2_LHX2",0.471694436589248
"_TCATGCCTCGACACTA-5","Glut-DACH2-LMANsh","Ex_DACH2_ADAMTS5",0.929755914305486
"_TCATGGATCTTTCGAT-5","Glut-DACH2-LMANsh","Ex_DACH2_GRIK4",0.44387266307194
"_TCATGTTAGAGCCTGA-5","Glut-DACH2-LMANco","Ex_DACH2_CEMIP",0.546128699749306
"_TCATGTTAGCGTATGG-5","Glut-DACH2-8","Ex_DACH2_ZMAT4",0.656358278896289
"_TCATGTTCAGATACCT-5","Glut-DACH2-8","Ex_DACH2_ZMAT4",0.588111927991903
"_TCATGTTTCCCGAACG-5","Glut-DACH2-5","Ex_DACH2_GRIK4",0.276960578925232
"_TCATTACCATGATGCT-5","Glut-DACH2-LMANco","Ex_DACH2_CEMIP",0.846768361933489
"_TCATTACTCGGAGCAA-5","Glut-DACH2-LMANsh","Ex_DACH2_ITGA9",0.222714211808321
"_TCATTCAAGATTCGCT-5","Glut-DACH2-8","Ex_DACH2_ZMAT4",0.478596866510029
"_TCATTGTCACGAGGTA-5","Glut-DACH2-LMANsh","Ex_DACH2_ADAMTS5",0.253096554657296
"_TCATTGTGTACCCGAC-5","Glut-DACH2-LMANsh","Ex_DACH2_LHX2",0.282486716332082
"_TCATTGTGTCGAGATG-5","Glut-DACH2-LMANsh","Ex_DACH2_ADAMTS5",0.382410540975141
"_TCATTTGCATATCTGG-5","Glut-DACH2-8","Ex_DACH2_ZMAT4",0.7927604060179
"_TCATTTGGTACTGAGG-5","Glut-DACH2-8","Ex_DACH2_CEMIP",0.816546012951669
"_TCATTTGGTAGGCTGA-5","Glut-DACH2-8","Ex_DACH2_CEMIP",0.673433613242319
"_TCATTTGGTGCTCGTG-5","Glut-DACH2-LMANsh","Ex_DACH2_GRIK4",0.386646329379744
"_TCCACCACAATCGTCA-5","Glut-DACH2-8","Ex_DACH2_ZMAT4",0.719755288157488
"_TCCACCATCGCAAGAG-5","Glut-DACH2-LMANsh","Ex_DACH2_ADAMTS5",0.806140492339527
"_TCCACGTAGCAACTCT-5","Glut-DACH2-LMANco","Ex_DACH2_CEMIP",0.754888055433886
"_TCCAGAAAGTGATTCC-5","Glut-DACH2-5","Ex_DACH2_LHX2",0.423537112532015
"_TCCAGAATCCACAGCG-5","Glut-DACH2-LMANsh","Ex_DACH2_ADAMTS5",0.638213206702118
"_TCCATCGAGACTACCT-5","Glut-DACH2-LMANsh","Ex_DACH2_GRIK4",0.292818571737121
"_TCCATGCAGCACTCGC-5","Glut-DACH2-LMANsh","Ex_DACH2_LHX2",0.465092331279749
"_TCCCACAGTCACCTTC-5","Glut-DACH2-LMANsh","Ex_DACH2_RORB",0.402945312553853
"_TCCCAGTAGTCGCGAA-5","Glut-DACH2-LMANco","Ex_DACH2_CEMIP",0.645780355195419
"_TCCCAGTCAGTATTCG-5","Glut-DACH2-LMANco","Ex_DACH2_CEMIP",0.661696803788893
"_TCCCAGTTCATTTACC-5","Glut-DACH2-LMANsh","Ex_DACH2_LHX2",0.311278061112427
"_TCCCATGAGTGAACAT-5","Glut-DACH2-8","Ex_DACH2_CEMIP",0.550880843613856
"_TCCGAAAAGTCCGCCA-5","Glut-DACH2-LMANsh","Ex_DACH2_GRIK4",0.312402213208953
"_TCCGATCGTACTCGCG-5","Glut-DACH2-6","Ex_DACH2_CEMIP",0.79373700401554
"_TCCGTGTGTCATCCGG-5","Glut-DACH2-LMANco","Ex_DACH2_CEMIP",0.449941338319568
"_TCCTAATCATAATGCC-5","Glut-DACH2-LMANco","Ex_DACH2_CEMIP",0.581110251011768
"_TCCTAATGTTATGGTC-5","Glut-DACH2-LMANsh","Ex_DACH2_ADAMTS5",0.356238759454931
"_TCCTCCCCAGTCGCAC-5","Glut-DACH2-LMANco","Ex_DACH2_ZMAT4",0.252057145930934
"_TCCTCCCGTAACTGCT-5","Glut-DACH2-6","Ex_DACH2_CEMIP",0.936003906797706
"_TCCTCCCGTAGTCGGA-5","Glut-DACH2-5","Ex_DACH2_ADAMTS5",0.399197435280785
"_TCCTCGAAGCACCGAA-5","Glut-DACH2-6","Ex_DACH2_CEMIP",0.764721659800606
"_TCCTGCACACGCGCTA-5","Glut-DACH2-6","Ex_DACH2_CEMIP",0.660884458225665
"_TCCTGCAGTATGGGAC-5","Glut-DACH2-LMANsh","Ex_DACH2_LHX2",0.458349035522167
"_TCCTTCTGTCAGTTTG-5","Glut-DACH2-8","Ex_DACH2_ZMAT4",0.776399906715669
"_TCCTTTCGTACACTCA-5","Glut-DACH2-LMANsh","Ex_DACH2_LHX2",0.460852280509933
"_TCCTTTCGTATCTCGA-5","Glut-DACH2-8","Ex_DACH2_CEMIP",0.592649051545392
"_TCGAACATCAACACGT-5","Glut-DACH2-LMANsh","Ex_DACH2_GRIK4",0.391833717151252
"_TCGAAGTAGCAAGTCG-5","Glut-DACH2-LMANco","Ex_DACH2_CEMIP",0.833059684543216
"_TCGAAGTTCTCTAAGG-5","Glut-DACH2-8","Ex_DACH2_ZMAT4",0.653722207940851
"_TCGACCTCAGAGTAAT-5","Glut-DACH2-6","Ex_DACH2_CEMIP",0.79734769729292
"_TCGACGGAGTAGTCAA-5","Glut-DACH2-LMANco","Ex_BCL6",0.313817820495803
"_TCGACGGCACTGAATC-5","Glut-DACH2-LMANco","Ex_DACH2_CEMIP",0.747302705907331
"_TCGACGGGTACACGCC-5","Glut-DACH2-6","Ex_DACH2_CEMIP",0.52424646748239
"_TCGACGGGTGAACCGA-5","Glut-DACH2-LMANco","Ex_DACH2_ZMAT4",0.621844598144266
"_TCGACGGTCCGTTGGG-5","Glut-DACH2-LMANco","Ex_DACH2_CEMIP",0.786119978821899
"_TCGACGGTCGAACCTA-5","Glut-DACH2-LMANsh","Ex_DACH2_LHX2",0.647133991227528
"_TCGACGGTCTACCAGA-5","Glut-DACH2-8","Ex_DACH2_ZMAT4",0.685796737104464
"_TCGATTTAGAGACAAG-5","Glut-DACH2-LMANsh","Ex_DACH2_NR4A3",0.285178564553833
"_TCGCAGGAGGTTAGTA-5","Glut-DACH2-6","Ex_DACH2_CEMIP",0.680526059431466
"_TCGCAGGCATTGTACG-5","Glut-DACH2-8","Ex_DACH2_CEMIP",0.571595730551431
"_TCGCTCACACTTGAGT-5","Glut-DACH2-8","Ex_DACH2_CEMIP",0.513443909210851
"_TCGCTCATCCGCAGTG-5","Glut-DACH2-LMANco","Ex_DACH2_ZMAT4",0.656279257956615
"_TCGCTTGAGTGCACCC-5","Glut-DACH2-LMANsh","Ex_DACH2_LHX2",0.331649484920758
"_TCGGATAAGAAACTCA-5","Glut-DACH2-6","Ex_DACH2_CEMIP",0.917040295176042
"_TCGGATACAGGCCCTA-5","Glut-DACH2-8","Ex_DACH2_ZMAT4",0.674017238907227
"_TCGGATATCCATCTAT-5","Glut-DACH2-LMANsh","Ex_DACH2_LHX2",0.448546773238796
"_TCGGGACAGGACATCG-5","Glut-DACH2-8","Ex_DACH2_ZMAT4",0.592919288011473
"_TCGGGACTCGCTCCTA-5","Glut-DACH2-LMANco","Ex_DACH2_CEMIP",0.555440089631045
"_TCGGGACTCTCCTGTG-5","Glut-DACH2-8","Ex_DACH2_ZMAT4",0.516501463589692
"_TCGGGTGAGGGTTTCT-5","Glut-DACH2-LMANsh","Ex_DACH2_ADAMTS5",0.554649320004738
"_TCGGGTGGTAGGCTGA-5","Glut-DACH2-LMANsh","Ex_DACH2_ADAMTS5",0.264477628534752
"_TCGGTCTTCATGCAGT-5","Glut-DACH2-LMANco","Ex_DACH2_CEMIP",0.731054077324294
"_TCGGTCTTCGCTCTCA-5","Glut-DACH2-LMANco","Ex_Pre_KCNH7",0.22271297275886
"_TCGTAGAAGAGTCACG-5","Glut-DACH2-LMANco","Ex_BCL6",0.476856236040988
"_TCGTCCAAGCTGTGCC-5","Glut-DACH2-6","Ex_DACH2_CEMIP",0.836230989110842
"_TCGTCCAAGTGAACAT-5","Glut-DACH2-LMANco","Ex_DACH2_CEMIP",0.519065006188443
"_TCGTCCACATGATAGA-5","Glut-DACH2-LMANsh","Ex_DACH2_ITGA9",0.407259928231389
"_TCGTCCAGTCGGCACT-5","Glut-DACH2-LMANco","Ex_DACH2_CEMIP",0.758382977247606
"_TCGTCCAGTGGCAGAT-5","Glut-DACH2-LMANsh","Ex_DACH2_LHX2",0.40325768184426
"_TCGTCCATCCTGGGAC-5","Glut-DACH2-LMANsh","Ex_DACH2_LHX2",0.28726913878413
"_TCGTCCATCTAACGCA-5","Glut-DACH2-LMANsh","Ex_DACH2_GRIK4",0.468899275762047
"_TCGTGGGCAACACGAG-5","Glut-DACH2-8","Ex_DACH2_ZMAT4",0.531582598701219
"_TCGTGGGCAAGATTGA-5","Glut-DACH2-LMANco","Ex_DACH2_CEMIP",0.797360523057646
"_TCTAACTAGCTTGTGT-5","Glut-DACH2-LMANsh","Ex_DACH2_LHX2",0.415071767371856
"_TCTAACTAGTCACACT-5","Glut-DACH2-LMANsh","Ex_DACH2_GRIK4",0.231382111560801
"_TCTACATAGACGCAGT-5","Glut-DACH2-LMANsh","Ex_DACH2_GRIK4",0.2881954720246
"_TCTACATCAGTCAGTT-5","Glut-DACH2-LMANco","Ex_DACH2_CEMIP",0.54884075916269
"_TCTACATGTCGCACAC-5","Glut-DACH2-LMANco","Ex_DACH2_CEMIP",0.540917688089103
"_TCTACCGCACCCTGAG-5","Glut-DACH2-7","Ex_DACH2_NR4A3",0.358582886777018
"_TCTATACTCCAAGCCG-5","Glut-DACH2-LMANsh","Ex_DACH2_LHX2",0.43593584024726
"_TCTATCAAGACGGATC-5","Glut-DACH2-LMANsh","Ex_DACH2_LHX2",0.359955148818976
"_TCTATCAAGATGAATC-5","Glut-DACH2-LMANco","Ex_DACH2_CEMIP",0.882255704964927
"_TCTATCAAGCGTCGAA-5","Glut-DACH2-6","Ex_DACH2_CEMIP",0.720901958948441
"_TCTATCACATTAGGCT-5","Glut-DACH2-LMANco","Ex_DACH2_ZMAT4",0.783395886679037
"_TCTATCATCCTGTTGC-5","Glut-DACH2-LMANsh","Ex_DACH2_LHX2",0.509846018760888
"_TCTCACGGTGACATCT-5","Glut-DACH2-LMANco","Ex_DACH2_TAC1",0.233501645683433
"_TCTCAGCCACGAAAGC-5","Glut-DACH2-LMANsh","Ex_DACH2_ADAMTS5",0.656605239133507
"_TCTCAGCGTAGGTACG-5","Glut-DACH2-LMANco","Ex_DACH2_CEMIP",0.526023853720175
"_TCTCCGAAGGGTCAAC-5","Glut-DACH2-6","Ex_DACH2_CEMIP",0.737333957867501
"_TCTCCGAGTGACAGCA-5","Glut-DACH2-LMANsh","Ex_DACH2_RORB",0.266382866962337
"_TCTCTGGGTCAATGGG-5","Glut-DACH2-LMANco","Ex_DACH2_CEMIP",0.711092634620425
"_TCTGCCACATGGAACG-5","Glut-DACH2-LMANco","Ex_DACH2_ZMAT4",0.437347302049166
"_TCTGCCAGTCGTCATA-5","Glut-DACH2-LMANsh","Ex_DACH2_ITGA9",0.262334689286355
"_TCTGCCATCGCATTAG-5","Glut-DACH2-LMANsh","Ex_DACH2_ADAMTS5",0.779212526954601
"_TCTGGCTGTCTGATCA-5","Glut-DACH2-LMANsh","Ex_DACH2_NR4A3",0.412065323666399
"_TCTGTCGTCGGTCACG-5","Glut-DACH2-LMANsh","Ex_DACH2_GRIK4",0.321520811650173
"_TCTTAGTGTAACGTTC-5","Glut-DACH2-LMANsh","Ex_DACH2_LHX2",0.4255071829543
"_TCTTAGTGTATTTCTC-5","Glut-DACH2-8","Ex_DACH2_ZMAT4",0.38180345459943
"_TCTTAGTGTTGGGCCT-5","Glut-DACH2-5","Ex_DACH2_LHX2",0.313417882522333
"_TCTTCCTGTCTACAAC-5","Glut-DACH2-LMANsh","Ex_DACH2_GRIK4",0.463294037933284
"_TCTTCCTGTTATCTTC-5","Glut-DACH2-LMANsh","Ex_DACH2_GRIK4",0.516173812019107
"_TCTTCCTTCTGTGCGG-5","Glut-DACH2-8","Ex_DACH2_ZMAT4",0.802179745405947
"_TCTTGCGGTGCTAGCC-5","Glut-DACH2-8","Ex_DACH2_ZMAT4",0.515959497487058
"_TCTTGCGTCAAAGAAC-5","Glut-DACH2-LMANsh","Ex_DACH2_LHX2",0.447553851668824
"_TCTTGCGTCGGCCCAA-5","Glut-DACH2-LMANsh","Ex_DACH2_ADAMTS5",0.340859326694322
"_TCTTTGAAGCAGGTCA-5","Glut-DACH2-LMANco","Ex_DACH2_CEMIP",0.820612634766186
"_TCTTTGACATACTGAC-5","Glut-DACH2-LMANsh","Ex_DACH2_ADAMTS5",0.290840762375401
"_TCTTTGACATGCCGCA-5","Glut-DACH2-LMANco","Ex_DACH2_CEMIP",0.662782483084912
"_TCTTTGAGTGAGTAAT-5","Glut-DACH2-LMANsh","Ex_DACH2_ITGA9",0.343515165332396
"_TCTTTGATCTTGGATG-5","Glut-DACH2-5","Ex_DACH2_ADAMTS5",0.345437593052861
"_TGAATCGAGTGTCATC-5","Glut-DACH2-LMANsh","Ex_DACH2_ADAMTS5",0.326867570547881
"_TGAATCGCATATAGCC-5","Glut-DACH2-8","Ex_DACH2_ZMAT4",0.70689113243683
"_TGAATGCCACGAAGAC-5","Glut-DACH2-LMANsh","Ex_DACH2_ADAMTS5",0.395366193826256
"_TGAATGCTCTGAACGT-5","Glut-DACH2-5","Ex_DACH2_ADAMTS5",0.384618518118211
"_TGAATGCTCTTACGTT-5","Glut-DACH2-8","Ex_DACH2_CEMIP",0.696348729248724
"_TGACAGTGTTACAGCT-5","Glut-DACH2-LMANsh","Ex_DACH2_ADAMTS5",0.316461051140712
"_TGACAGTTCACAAGGG-5","Glut-DACH2-6","Ex_DACH2_CEMIP",0.781631100965036
"_TGACCCTAGCACTCGC-5","Glut-DACH2-8","Ex_DACH2_ZMAT4",0.625456760993398
"_TGACCCTCAGCTATAC-5","Glut-DACH2-LMANco","Ex_DACH2_ITGA9",0.37145733727686
"_TGACGCGAGCTACAAA-5","Glut-DACH2-LMANsh","Ex_DACH2_GRIK4",0.593944028761423
"_TGACGCGGTAGAATAC-5","Glut-DACH2-8","Ex_DACH2_CEMIP",0.709070431834053
"_TGACTCCCACACGCCA-5","Glut-DACH2-LMANco","Ex_DACH2_CEMIP",0.660162576374212
"_TGACTCCTCAAAGGTA-5","Glut-DACH2-LMANsh","Ex_DACH2_LHX2",0.375058513847954
"_TGACTCCTCTTGATTC-5","Glut-DACH2-LMANco","Ex_DACH2_RORB",0.295358847574455
"_TGAGACTAGTGCCGAA-5","Glut-DACH2-LMANsh","Ex_DACH2_GRIK4",0.331712900022112
"_TGAGACTCAGCTGTAT-5","Glut-DACH2-LMANsh","Ex_DACH2_LHX2",0.356794541367181
"_TGAGACTGTCTGGTTA-5","Glut-DACH2-LMANsh","Ex_DACH2_LHX2",0.295437125928258
"_TGAGACTTCCGTGTAA-5","Glut-DACH2-8","Ex_DACH2_ZMAT4",0.592909354440036
"_TGAGCATCAGCGTATT-5","Glut-DACH2-LMANsh","Ex_DACH2_GRIK4",0.364843622792308
"_TGAGCGCAGGGAGTGG-5","Glut-DACH2-LMANsh","Ex_DACH2_LHX2",0.375620716284513
"_TGAGCGCCAATACGAA-5","Glut-DACH2-LMANsh","Ex_DACH2_LHX2",0.451018658150395
"_TGAGCGCTCCAACTGA-5","Glut-DACH2-LMANco","Ex_DACH2_CEMIP",0.389726300034911
"_TGAGCGCTCGCGCCAA-5","Glut-DACH2-8","Ex_DACH2_CEMIP",0.74853544711092
"_TGAGGAGCAGAAGCTG-5","Glut-DACH2-LMANco","Ex_DACH2_RORB",0.205499041145234
"_TGAGGAGCAGGGAGAG-5","Glut-DACH2-LMANsh","Ex_DACH2_ADAMTS5",0.683312691857084
"_TGAGGAGTCCTTTGAT-5","Glut-DACH2-LMANsh","Ex_DACH2_ADAMTS5",0.510658160737172
"_TGAGGGACAACTTGCA-5","Glut-DACH2-6","Ex_DACH2_CEMIP",0.862756439618737
"_TGAGGGACACGGTGTC-5","Glut-DACH2-8","Ex_DACH2_ZMAT4",0.626801772464908
"_TGAGTCATCCGAACGC-5","Glut-DACH2-LMANco","Ex_DACH2_CEMIP",0.474021303627945
"_TGAGTCATCTGGGATT-5","Glut-DACH2-8","Ex_DACH2_CEMIP",0.734632202731039
"_TGATCAGCAATACGCT-5","Glut-DACH2-6","Ex_DACH2_CEMIP",1
"_TGATCAGCAGACATCT-5","Glut-DACH2-8","Ex_DACH2_CEMIP",0.491863414014921
"_TGATCAGGTAACGCGA-5","Glut-DACH2-LMANsh","Ex_DACH2_LHX2",0.468980083611548
"_TGATCAGGTCTACACA-5","Glut-DACH2-8","Ex_DACH2_CEMIP",0.693416480550062
"_TGATCAGGTGAGTTTC-5","Glut-DACH2-6","Ex_DACH2_ZMAT4",0.733825173047832
"_TGATCAGTCGATTGGT-5","Glut-DACH2-LMANsh","Ex_DACH2_GRIK4",0.328518507255549
"_TGATGCACAGACTGCC-5","Glut-DACH2-LMANsh","Ex_DACH2_GRIK4",0.369574882230392
"_TGATGCAGTCTGTGGC-5","Glut-DACH2-LMANco","Ex_Pre_KCNH7",0.302062918252579
"_TGATGGTCAGAACTCT-5","Glut-DACH2-7","Ex_DACH2_ADAMTS5",0.402289307976752
"_TGATGGTCAGTGGCTC-5","Glut-DACH2-LMANco","Ex_DACH2_CEMIP",0.617891027088952
"_TGATGGTTCAGCCTTC-5","Glut-DACH2-8","Ex_DACH2_ZMAT4",0.805334141576783
"_TGATTCTCAATATCCG-5","Glut-DACH2-LMANco","Ex_BCL6",0.261240723557104
"_TGATTCTCAGGCTACC-5","Glut-DACH2-LMANco","Ex_DACH2_CEMIP",0.638880478262526
"_TGATTCTGTGGAACAC-5","Glut-DACH2-LMANco","Ex_DACH2_CEMIP",0.599764243647288
"_TGATTCTTCTGCTTTA-5","Glut-DACH2-8","Ex_DACH2_ZMAT4",0.434959032903219
"_TGATTTCGTGAACCGA-5","Glut-DACH2-LMANco","Ex_DACH2_RORB",0.262811317976115
"_TGATTTCGTTTCGTGA-5","Glut-DACH2-6","Ex_DACH2_ZMAT4",0.58773904642725
"_TGCACGGCAACCCGCA-5","Glut-DACH2-6","Ex_DACH2_CEMIP",0.73345532822753
"_TGCACGGCACTGAATC-5","Glut-DACH2-6","Ex_DACH2_CEMIP",0.672653530469938
"_TGCACGGTCAGGTAAA-5","Glut-DACH2-8","Ex_DACH2_ZMAT4",0.713515561694296
"_TGCACGGTCGATTGGT-5","Glut-DACH2-LMANsh","Ex_DACH2_LHX2",0.298753879253
"_TGCAGATCAAGAGGCT-5","Glut-DACH2-5","Ex_DACH2_GRIK4",0.336666993333835
"_TGCAGATCAGGCATTT-5","Glut-DACH2-LMANco","Ex_DACH2_CEMIP",0.831892703009996
"_TGCAGATGTCAGATTC-5","Glut-DACH2-LMANsh","Ex_DACH2_ADAMTS5",0.383297852916205
"_TGCAGATTCAAGCCTA-5","Glut-DACH2-LMANsh","Ex_DACH2_LHX2",0.563659509604111
"_TGCAGATTCCATGCAA-5","Glut-DACH2-LMANsh","Ex_DACH2_NR4A3",0.304962972807142
"_TGCAGGCCATAGGTTC-5","Glut-DACH2-LMANsh","Ex_DACH2_LHX2",0.412050467079837
"_TGCAGTAAGTGCACTT-5","Glut-DACH2-LMANco","Ex_DACH2_CEMIP",0.510769730491774
"_TGCAGTAGTCAAAGCG-5","Glut-DACH2-7","Ex_DACH2_ADAMTS5",0.387784450803178
"_TGCAGTAGTCATCCCT-5","Glut-DACH2-LMANsh","Ex_DACH2_GRIK4",0.62055265921001
"_TGCAGTATCAACGCTA-5","Glut-DACH2-LMANco","Ex_BCL6",0.351272169699453
"_TGCATCCAGCCTTCTC-5","Glut-DACH2-LMANco","Ex_DACH2_ZMAT4",0.661569293196145
"_TGCATCCCAACATCGT-5","Glut-DACH2-LMANsh","Ex_DACH2_ITGA9",0.236327738939956
"_TGCATCCCAGCAGGAT-5","Glut-DACH2-LMANsh","Ex_DACH2_ADAMTS5",0.454415927205342
"_TGCATCCGTAGCGAGT-5","Glut-DACH2-LMANco","Ex_DACH2_CEMIP",0.239814079556614
"_TGCATCCTCAAACGTC-5","Glut-DACH2-LMANsh","Ex_DACH2_GRIK4",0.699734296549732
"_TGCATGAAGCACTCGC-5","Glut-DACH2-LMANsh","Ex_DACH2_LHX2",0.383703184171812
"_TGCATGACAGAATTCC-5","Glut-DACH2-8","Ex_DACH2_ZMAT4",0.59067498139113
"_TGCATGAGTAGCGTCC-5","Glut-DACH2-LMANsh","Ex_DACH2_ADAMTS5",0.331524692961163
"_TGCATGAGTATGACAA-5","Glut-DACH2-5","Ex_DACH2_LHX2",0.43969226461543
"_TGCATGAGTCTCGCGA-5","Glut-DACH2-6","Ex_DACH2_CEMIP",0.859690227674934
"_TGCATGAGTTTGGAAA-5","Glut-DACH2-8","Ex_DACH2_ZMAT4",0.486446722409271
"_TGCATGATCCGTACGG-5","Glut-DACH2-6","Ex_DACH2_CEMIP",0.597145724556788
"_TGCATGATCGCCAGAC-5","Glut-DACH2-LMANsh","Ex_DACH2_GRIK4",0.275122345274417
"_TGCCGAGGTGTGGTCC-5","Glut-DACH2-LMANsh","Ex_DACH2_GRIK4",0.36115304151451
"_TGCGACGAGGGCCAAT-5","Glut-DACH2-LMANco","Ex_DACH2_CEMIP",0.264715233230331
"_TGCGACGAGGGTGAAA-5","Glut-DACH2-LMANco","Ex_DACH2_TAC1",0.261502404598388
"_TGCGACGAGTTTGCTG-5","Glut-DACH2-5","Ex_DACH2_GRIK4",0.435099996643083
"_TGCGACGGTTTCGATG-5","Glut-DACH2-LMANsh","Ex_DACH2_GRIK4",0.566653961456731
"_TGCGACGTCTGTGCGG-5","Glut-DACH2-8","Ex_DACH2_CEMIP",0.640535897754734
"_TGCGATAAGCGCTGAA-5","Glut-DACH2-LMANsh","Ex_DACH2_LHX2",0.408871692942198
"_TGCGATAAGCTACTGT-5","Glut-DACH2-LMANco","Ex_DACH2_CEMIP",0.410480150692802
"_TGCGATAAGTAACGAT-5","Glut-DACH2-LMANco","Ex_Pre_KCNH7",0.264450619144012
"_TGCGATAGTTTACGAC-5","Glut-DACH2-8","Ex_DACH2_ZMAT4",0.636801510667713
"_TGCGATATCCGGCAGT-5","Glut-DACH2-8","Ex_DACH2_CEMIP",0.472095225752564
"_TGCGATATCGAGATAA-5","Glut-DACH2-LMANco","Ex_BCL6",0.282776543803684
"_TGCGGCAAGAAAGCGA-5","Glut-DACH2-LMANco","Ex_DACH2_CEMIP",0.894134215003245
"_TGCGGCAAGCCTGACC-5","Glut-DACH2-5","Ex_DACH2_LHX2",0.571263545070046
"_TGCGGCACAAACCACT-5","Glut-DACH2-LMANsh","Ex_DACH2_LHX2",0.458564019577914
"_TGCTCCAAGCGAGTCA-5","Glut-DACH2-LMANco","Ex_DACH2_CEMIP",0.723841261301474
"_TGCTCCATCGAGAAAT-5","Glut-DACH2-LMANsh","Ex_DACH2_GRIK4",0.402521114545594
"_TGCTCCATCGGAGCAA-5","Glut-DACH2-LMANco","Ex_DACH2_CEMIP",0.478834554830054
"_TGCTCGTAGATTGAGT-5","Glut-DACH2-LMANsh","Ex_DACH2_RORB",0.232859051964155
"_TGCTGAATCATGCATG-5","Glut-DACH2-8","Ex_DACH2_CEMIP",0.52627271522099
"_TGCTTCGAGTACAACA-5","Glut-DACH2-LMANco","Ex_DACH2_CEMIP",0.661192569735496
"_TGCTTCGAGTGGAAGA-5","Glut-DACH2-LMANco","Ex_Pre_KCNH7",0.312020944974907
"_TGCTTCGCAACAAGAT-5","Glut-DACH2-LMANsh","Ex_DACH2_ADAMTS5",0.517821016646064
"_TGCTTCGCAGAGCTAG-5","Glut-DACH2-7","Ex_DACH2_GRIK4",0.647558581310768
"_TGCTTCGGTGGCATCC-5","Glut-DACH2-LMANco","Ex_DACH2_CEMIP",0.891049217745485
"_TGCTTCGTCTGGAAGG-5","Glut-DACH2-LMANco","Ex_DACH2_ZMAT4",0.640442331234768
"_TGCTTGCAGTTTCGAC-5","Glut-DACH2-LMANsh","Ex_DACH2_LHX2",0.435006146244522
"_TGCTTGCGTGTCGCTG-5","Glut-DACH2-LMANsh","Ex_DACH2_ADAMTS5",0.393025372142554
"_TGCTTGCTCACAACCA-5","Glut-DACH2-LMANsh","Ex_DACH2_LHX2",0.401033727404369
"_TGGAACTAGAGAGCAA-5","Glut-DACH2-LMANco","Ex_DACH2_ZMAT4",0.468252857139424
"_TGGAGAGCATCGTTCC-5","Glut-DACH2-LMANco","Ex_Pre_KCNH7",0.313009722849967
"_TGGAGAGTCTCTGAGA-5","Glut-DACH2-LMANco","Ex_DACH2_CEMIP",0.87938809774641
"_TGGAGGAAGTCACTGT-5","Glut-DACH2-LMANsh","Ex_DACH2_ITGA9",0.393776553465199
"_TGGAGGAGTACAGTAA-5","Glut-DACH2-LMANco","Ex_DACH2_CEMIP",0.549388696620349
"_TGGAGGAGTCTGTTAG-5","Glut-DACH2-LMANco","Ex_DACH2_CEMIP",0.811754313941713
"_TGGATCAAGGGTTAAT-5","Glut-DACH2-LMANsh","Ex_DACH2_LHX2",0.482242912677727
"_TGGATCATCCCATAAG-5","Glut-DACH2-LMANsh","Ex_DACH2_GRIK4",0.319275775196709
"_TGGATGTCAAACGAGC-5","Glut-DACH2-8","Ex_DACH2_ZMAT4",0.501571024910902
"_TGGATGTGTGCTCCGA-5","Glut-DACH2-8","Ex_DACH2_ADAMTS5",0.63806910531753
"_TGGCGTGGTTGGTGTT-5","Glut-DACH2-LMANsh","Ex_DACH2_LHX2",0.360758178997647
"_TGGGAAGGTCACCACG-5","Glut-DACH2-LMANsh","Ex_DACH2_LHX2",0.448215689323075
"_TGGGAAGTCACTCCGT-5","Glut-DACH2-LMANco","Ex_DACH2_CEMIP",0.56779941546003
"_TGGGAGAAGCGAGTCA-5","Glut-DACH2-LMANsh","Ex_DACH2_LHX2",0.317218566199208
"_TGGGAGAAGCGGCTCT-5","Glut-DACH2-LMANco","Ex_DACH2_CEMIP",0.380442369985973
"_TGGGAGACAGTCAGCC-5","Glut-DACH2-LMANsh","Ex_DACH2_LHX2",0.399316082816028
"_TGGGATTAGATAGTGT-5","Glut-DACH2-LMANsh","Ex_DACH2_LHX2",0.357004876746607
"_TGGGATTTCAAATAGG-5","Glut-DACH2-LMANco","Ex_DACH2_CEMIP",0.628793384127362
"_TGGGATTTCCTGTAAG-5","Glut-DACH2-LMANsh","Ex_DACH2_GRIK4",0.268304982763061
"_TGGGCGTCAACCGTGC-5","Glut-DACH2-LMANsh","Ex_DACH2_ADAMTS5",0.403674777463446
"_TGGGCGTCATTGTCGA-5","Glut-DACH2-LMANsh","Ex_DACH2_ITGA9",0.265278638652083
"_TGGGCGTTCTTGTGCC-5","Glut-DACH2-LMANco","Ex_DACH2_CEMIP",0.691409933615694
"_TGGGCTGTCATGCGGC-5","Glut-DACH2-8","Ex_DACH2_ZMAT4",0.527132777006466
"_TGGGCTGTCCAGTACA-5","Glut-DACH2-LMANco","Ex_BCL6",0.322251925386252
"_TGGGCTGTCGGTGTAT-5","Glut-DACH2-LMANco","Ex_BCL6",0.437273591610053
"_TGGGTTAAGTCACTGT-5","Glut-DACH2-LMANco","Ex_Pre_KCNH7",0.308139377192559
"_TGGGTTACAAGGACAC-5","Glut-DACH2-8","Ex_DACH2_ZMAT4",0.476432993011263
"_TGGGTTACAGCGAACA-5","Glut-DACH2-8","Ex_DACH2_ZMAT4",0.544905741275495
"_TGGGTTATCACACCGG-5","Glut-DACH2-1","Ex_DACH2_LHX2",0.468974248886019
"_TGGTACAAGAAGTATC-5","Glut-DACH2-LMANco","Ex_DACH2_CEMIP",0.576746460214514
"_TGGTACACATATGAAG-5","Glut-DACH2-LMANsh","Ex_DACH2_LHX2",0.451382641458178
"_TGGTACATCACTCTTA-5","Glut-DACH2-LMANco","Ex_BCL6",0.290088681787053
"_TGGTACATCCTGTTAT-5","Glut-DACH2-LMANsh","Ex_DACH2_LHX2",0.373749164059754
"_TGGTAGTGTTAGGGAC-5","Glut-DACH2-LMANsh","Ex_DACH2_LHX2",0.305171121940359
"_TGGTAGTTCCTACCGT-5","Glut-DACH2-8","Ex_DACH2_CEMIP",0.625459988328496
"_TGGTGATTCGACGCTG-5","Glut-DACH2-6","Ex_DACH2_CEMIP",0.859617809274549
"_TGGTTAGAGTATGAGT-5","Glut-DACH2-LMANco","Ex_DACH2_CEMIP",0.56667736444032
"_TGGTTAGCAGTCGGAA-5","Glut-DACH2-LMANco","Ex_BCL6",0.413210190023958
"_TGGTTAGTCTTGGTCC-5","Glut-DACH2-LMANsh","Ex_DACH2_GRIK4",0.301339407436822
"_TGTAACGAGTGGACTG-5","Glut-DACH2-LMANco","Ex_BCL6",0.246015374108848
"_TGTAACGCAAGCCATT-5","Glut-DACH2-6","Ex_DACH2_CEMIP",0.886643818833361
"_TGTAACGCAGGCATTT-5","Glut-DACH2-LMANco","Ex_DACH2_CEMIP",0.69324283569215
"_TGTAAGCAGCTTTCCC-5","Glut-DACH2-LMANco","Ex_DACH2_CEMIP",0.694531200470525
"_TGTAAGCGTGAATAAC-5","Glut-DACH2-6","Ex_DACH2_CEMIP",0.653426114300061
"_TGTAAGCTCTATGCCC-5","Glut-DACH2-8","Ex_DACH2_ZMAT4",0.872100938546124
"_TGTAGACGTTAGGGTG-5","Glut-DACH2-6","Ex_DACH2_CEMIP",0.61873359509789
"_TGTCAGAAGCGACCCT-5","Glut-DACH2-6","Ex_DACH2_CEMIP",0.685387307669455
"_TGTCCACGTACGTGTT-5","Glut-DACH2-LMANco","Ex_DACH2_CEMIP",0.59771985153929
"_TGTCCCACACTACACA-5","Glut-DACH2-8","Ex_DACH2_CEMIP",0.581906539228262
"_TGTCCCATCAAGATAG-5","Glut-DACH2-LMANco","Ex_DACH2_CEMIP",0.771371357360384
"_TGTCCCATCTCCCAAC-5","Glut-DACH2-8","Ex_DACH2_CEMIP",0.532502350470008
"_TGTCCTGCAATTCTCT-5","Glut-DACH2-1","Ex_DACH2_GRIK4",0.346101705614744
"_TGTGAGTAGAAAGCGA-5","Glut-DACH2-8","Ex_DACH2_CEMIP",0.661793986653134
"_TGTGAGTGTCTACGAT-5","Glut-DACH2-LMANco","Ex_DACH2_ZMAT4",0.332652427536931
"_TGTGATGTCAATGTCG-5","Glut-DACH2-LMANco","Ex_DACH2_CEMIP",0.431657474054332
"_TGTGCGGGTCGCGTTG-5","Glut-DACH2-LMANsh","Ex_DACH2_GRIK4",0.399493514363084
"_TGTGGCGAGACGCAGT-5","Glut-DACH2-LMANsh","Ex_DACH2_LHX2",0.59448733392052
"_TGTGGCGAGCACTCAT-5","Glut-DACH2-LMANsh","Ex_DACH2_LHX2",0.389427381207566
"_TGTGGCGAGTCACTAC-5","Glut-DACH2-LMANsh","Ex_DACH2_LHX2",0.447706100145576
"_TGTGGCGCATGAGTAA-5","Glut-DACH2-LMANsh","Ex_DACH2_LHX2",0.364081159927405
"_TGTGGCGTCGTTCTGC-5","Glut-DACH2-LMANco","Ex_DACH2_CEMIP",0.356509209763151
"_TGTGTGAAGTTGGAGC-5","Glut-DACH2-LMANsh","Ex_DACH2_LHX2",0.4628168504917
"_TGTGTGACAAATTGCC-5","Glut-DACH2-LMANsh","Ex_DACH2_LHX2",0.400524737821617
"_TGTGTGATCTGCTTTA-5","Glut-DACH2-5","Ex_DACH2_LHX2",0.43796719356007
"_TGTTACTGTATAGCTC-5","Glut-DACH2-LMANco","Ex_DACH2_CEMIP",0.765582893856739
"_TGTTACTGTTTGACAC-5","Glut-DACH2-LMANco","Ex_DACH2_CEMIP",0.631355891106809
"_TGTTCATGTCTTCTAT-5","Glut-DACH2-LMANco","Ex_BCL6",0.276564370428253
"_TGTTCCGCAAAGAGTT-5","Glut-DACH2-LMANsh","Ex_DACH2_LHX2",0.352966833272827
"_TGTTCCGTCTGTGCGG-5","Glut-DACH2-LMANsh","Ex_DACH2_LHX2",0.478160048333251
"_TGTTCTATCAGGTGTT-5","Glut-DACH2-LMANco","Ex_DACH2_CEMIP",0.543575971074395
"_TGTTCTATCGAATCCA-5","Glut-DACH2-LMANco","Ex_DACH2_CEMIP",0.552417430247478
"_TGTTGAGTCTGAACGT-5","Glut-DACH2-LMANco","Ex_BCL6",0.255511699045808
"_TGTTGGAAGAAGAACG-5","Glut-DACH2-LMANsh","Ex_DACH2_LHX2",0.445299705679757
"_TGTTGGAGTAGACTGG-5","Glut-DACH2-LMANco","Ex_DACH2_CEMIP",0.76787378119717
"_TGTTGGATCACGAGGA-5","Glut-DACH2-8","Ex_DACH2_CEMIP",0.585293224448724
"_TGTTTGTAGATGAATC-5","Glut-DACH2-LMANsh","Ex_DACH2_ADAMTS5",0.354704343291645
"_TGTTTGTTCGTAGCTA-5","Glut-DACH2-8","Ex_DACH2_CEMIP",0.729696527121832
"_TTAATCCCAATACAGA-5","Glut-DACH2-LMANsh","Ex_DACH2_LHX2",0.387437730088723
"_TTAATCCGTATGGGAC-5","Glut-DACH2-LMANsh","Ex_DACH2_LHX2",0.363147693703429
"_TTACAGGGTGACTGAG-5","Glut-DACH2-LMANsh","Ex_DACH2_RORB",0.319955113749246
"_TTACCATCAGACCAGA-5","Glut-DACH2-LMANsh","Ex_DACH2_LHX2",0.493783946013971
"_TTACCATCATCTGTTT-5","Glut-DACH2-LMANsh","Ex_DACH2_LHX2",0.327084043608504
"_TTACCATTCGGAAACG-5","Glut-DACH2-LMANco","Ex_DACH2_CEMIP",0.528682902895289
"_TTACCGCAGAGTCAGC-5","Glut-DACH2-6","Ex_DACH2_CEMIP",0.584764144258612
"_TTACGCCGTCTGTGGC-5","Glut-DACH2-LMANsh","Ex_DACH2_LHX2",0.400066409786181
"_TTACGTTAGCCTGTCG-5","Glut-DACH2-LMANco","Ex_BCL6",0.363368583627993
"_TTACGTTCAAGTCCAT-5","Glut-DACH2-LMANco","Ex_DACH2_CEMIP",0.566723717549268
"_TTACGTTGTTTGGGTT-5","Glut-DACH2-8","Ex_DACH2_ZMAT4",0.569827722022242
"_TTACGTTTCGATGCAT-5","Glut-DACH2-LMANsh","Ex_DACH2_GRIK4",0.473838763629134
"_TTAGGCAGTCCAGCCA-5","Glut-DACH2-LMANco","Ex_DACH2_CEMIP",0.636070771533962
"_TTAGGCAGTTAGTCGT-5","Glut-DACH2-LMANco","Ex_DACH2_CEMIP",0.802695930750213
"_TTAGTCTGTCCCGCAA-5","Glut-DACH2-8","Ex_DACH2_ZMAT4",0.477665186118037
"_TTCAATCAGAACTTCC-5","Glut-DACH2-LMANsh","Ex_DACH2_LHX2",0.245437179955648
"_TTCAATCCAAAGGGTC-5","Glut-DACH2-LMANsh","Ex_DACH2_NR4A3",0.322047410919768
"_TTCAATCGTCAGTCCG-5","Glut-DACH2-LMANsh","Ex_DACH2_LHX2",0.401417072041143
"_TTCACGCAGTTCCTGA-5","Glut-DACH2-LMANsh","Ex_DACH2_ADAMTS5",0.533632301035675
"_TTCACGCGTTTCGTAG-5","Glut-DACH2-LMANsh","Ex_DACH2_GRIK4",0.322000937817446
"_TTCAGGACAAATACAG-5","Glut-DACH2-LMANco","Ex_DACH2_CEMIP",0.764398712328254
"_TTCATTGAGCGACCCT-5","Glut-DACH2-6","Ex_DACH2_CEMIP",0.890047959096625
"_TTCATTGCACTCACTC-5","Glut-DACH2-LMANsh","Ex_DACH2_GRIK4",0.38827020582981
"_TTCATTGTCAAGATAG-5","Glut-DACH2-8","Ex_DACH2_CEMIP",0.431985831193924
"_TTCATTGTCTACTGCC-5","Glut-DACH2-LMANsh","Ex_DACH2_LHX2",0.529984698357787
"_TTCCAATCAATGGGTG-5","Glut-DACH2-6","Ex_DACH2_CEMIP",1
"_TTCCAATGTAACAAGT-5","Glut-DACH2-LMANco","Ex_DACH2_CEMIP",0.546484593576321
"_TTCCAATGTGGACCTC-5","Glut-DACH2-LMANco","Ex_DACH2_RORB",0.291660339877327
"_TTCCAATTCATGAAAG-5","Glut-DACH2-LMANco","Ex_DACH2_CEMIP",0.408594867875334
"_TTCCAATTCGGCTGGT-5","Glut-DACH2-LMANco","Ex_DACH2_CEMIP",0.433574131724446
"_TTCCACGCAGTCTTCC-5","Glut-DACH2-LMANsh","Ex_DACH2_GRIK4",0.491302783735579
"_TTCCACGGTGTAGGAC-5","Glut-DACH2-LMANco","Ex_DACH2_CEMIP",0.659392321290947
"_TTCCACGGTTGTGGCC-5","Glut-DACH2-LMANco","Ex_DACH2_CEMIP",0.718615804440854
"_TTCCACGTCTGATGGT-5","Glut-DACH2-LMANsh","Ex_DACH2_GRIK4",0.377506464422786
"_TTCCGGTAGGGCTTCC-5","Glut-DACH2-LMANsh","Ex_DACH2_ADAMTS5",0.228370345965681
"_TTCCGGTCACCTGATA-5","Glut-DACH2-8","Ex_DACH2_CEMIP",0.653920700215166
"_TTCCGGTGTACCGGAA-5","Glut-DACH2-8","Ex_DACH2_ZMAT4",0.654708597147252
"_TTCCGGTTCTTACGGA-5","Glut-DACH2-8","Ex_DACH2_ZMAT4",0.811779902121451
"_TTCCGTGAGGAAGTCC-5","Glut-DACH2-LMANco","Ex_BCL6",0.334506962741167
"_TTCCGTGAGTCTAACC-5","Glut-DACH2-6","Ex_DACH2_CEMIP",0.873294660273245
"_TTCCGTGCATCCGAGC-5","Glut-DACH2-8","Ex_DACH2_ZMAT4",0.634624688384763
"_TTCCTAAAGAGGATCC-5","Glut-DACH2-LMANco","Ex_DACH2_CEMIP",0.78077052735731
"_TTCCTAACAGCGATTT-5","Glut-DACH2-LMANco","Ex_DACH2_CEMIP",0.719649710141463
"_TTCCTAACAGTAGAGC-5","Glut-DACH2-LMANco","Ex_BCL6",0.293410988953173
"_TTCCTCTCACATCATG-5","Glut-DACH2-LMANco","Ex_BCL6",0.488826554639358
"_TTCCTCTGTCCAAAGG-5","Glut-DACH2-8","Ex_DACH2_ZMAT4",0.532304455528901
"_TTCCTTCCAGATGCGA-5","Glut-DACH2-LMANsh","Ex_DACH2_ADAMTS5",0.251807473098873
"_TTCCTTCTCATTGAGC-5","Glut-DACH2-LMANsh","Ex_DACH2_GRIK4",0.395277125514783
"_TTCGATTGTCATAGTC-5","Glut-DACH2-LMANco","Ex_DACH2_CEMIP",0.633599297147109
"_TTCGATTGTGGTCTGC-5","Glut-DACH2-LMANsh","Ex_Pre_KCNH7",0.343319618468172
"_TTCGCTGAGCAGGCTA-5","Glut-DACH2-LMANsh","Ex_DACH2_ADAMTS5",0.521139320735611
"_TTCGCTGAGGATGGCT-5","Glut-DACH2-8","Ex_DACH2_CEMIP",0.615363722476454
"_TTCGCTGCAGGAGGTT-5","Glut-DACH2-LMANco","Ex_BCL6",0.314450911869898
"_TTCGCTGCAGTTTCAG-5","Glut-DACH2-LMANco","Ex_DACH2_ITGA9",0.428481673499846
"_TTCGCTGGTCTAATCG-5","Glut-DACH2-LMANco","Ex_Pre_KCNH7",0.287909270715829
"_TTCGGTCAGACCTTTG-5","Glut-DACH2-LMANsh","Ex_DACH2_ADAMTS5",0.449833510441421
"_TTCGGTCCAGGCGAAT-5","Glut-DACH2-LMANco","Ex_Pre_KCNH7",0.258197946697806
"_TTCGGTCCATGGGTTT-5","Glut-DACH2-LMANsh","Ex_DACH2_ADAMTS5",0.362410186218597
"_TTCGGTCGTCAGGCAA-5","Glut-DACH2-LMANco","Ex_DACH2_CEMIP",0.700044243485745
"_TTCGGTCGTGGTACAG-5","Glut-DACH2-LMANco","Ex_DACH2_CEMIP",0.434465569767903
"_TTCGGTCGTTTGATCG-5","Glut-DACH2-8","Ex_DACH2_ZMAT4",0.51527995907217
"_TTCGGTCTCCCAATAG-5","Glut-DACH2-LMANsh","Ex_Pre_KCNH7",0.241535899261427
"_TTCGGTCTCGTTAGAC-5","Glut-DACH2-LMANco","Ex_DACH2_CEMIP",0.687176582725353
"_TTCTAACAGAGTTCGG-5","Glut-DACH2-LMANsh","Ex_DACH2_GRIK4",0.315093016242126
"_TTCTAACTCTCCTGTG-5","Glut-DACH2-LMANco","Ex_DACH2_CEMIP",0.809236251840674
"_TTCTAGTTCAGTGCGC-5","Glut-DACH2-LMANco","Ex_DACH2_ZMAT4",0.627338952787181
"_TTCTCTCAGACATAGT-5","Glut-DACH2-LMANco","Ex_DACH2_CEMIP",0.641739199201764
"_TTCTCTCAGCTCTATG-5","Glut-DACH2-LMANsh","Ex_DACH2_ADAMTS5",0.354751574334742
"_TTCTCTCCAACGATTC-5","Glut-DACH2-5","Ex_DACH2_GRIK4",0.479479236680244
"_TTCTCTCCAGCAGATG-5","Glut-DACH2-LMANco","Ex_DACH2_RORB",0.279246790501855
"_TTCTGTAGTGTTACAC-5","Glut-DACH2-LMANco","Ex_DACH2_TAC1",0.308911556340213
"_TTCTGTATCCAACACA-5","Glut-DACH2-LMANsh","Ex_DACH2_GRIK4",0.312319595027167
"_TTCTTCCAGGTTGACG-5","Glut-DACH2-8","Ex_DACH2_ZMAT4",0.783107874658272
"_TTCTTCCTCTCGCTTG-5","Glut-DACH2-LMANsh","Ex_DACH2_LHX2",0.449789223083437
"_TTCTTCCTCTGTGCGG-5","Glut-DACH2-LMANsh","Ex_DACH2_ADAMTS5",0.498942548053957
"_TTGACCCTCCAGCTCT-5","Glut-DACH2-LMANco","Ex_DACH2_CEMIP",0.822987769438179
"_TTGACCCTCTGCTTAT-5","Glut-DACH2-LMANsh","Ex_DACH2_LHX2",0.370387943991861
"_TTGACCCTCTGTAAGC-5","Glut-DACH2-LMANsh","Ex_DACH2_LHX2",0.525874422694952
"_TTGAGTGAGCTAGAGC-5","Glut-DACH2-LMANco","Ex_BCL6",0.355175770337685
"_TTGAGTGGTTGTATGC-5","Glut-DACH2-LMANsh","Ex_DACH2_GRIK4",0.353162011468049
"_TTGAGTGGTTTGTTGG-5","Glut-DACH2-LMANco","Ex_DACH2_CEMIP",0.27308780773866
"_TTGATGGCAGACAATA-5","Glut-DACH2-1","Ex_DACH2_LHX2",0.387430961731199
"_TTGATGGCAGTATGAA-5","Glut-DACH2-LMANsh","Ex_DACH2_ADAMTS5",0.195708356502424
"_TTGCATTAGAGCAAGA-5","Glut-DACH2-6","Ex_DACH2_CEMIP",0.745789531181224
"_TTGCATTAGGGCCCTT-5","Glut-DACH2-LMANsh","Ex_DACH2_GRIK4",0.430395861737531
"_TTGCATTCACTCTGCT-5","Glut-DACH2-1","Ex_DACH2_LHX2",0.408440621429895
"_TTGCATTGTCGTTGGC-5","Glut-DACH2-LMANco","Ex_BCL6",0.375124284907341
"_TTGCCTGCAATGAAAC-5","Glut-DACH2-8","Ex_DACH2_CEMIP",0.788820861815578
"_TTGCCTGGTGATATAG-5","Glut-DACH2-LMANco","Ex_BCL6",0.242146709214027
"_TTGCGTCTCCTTCAGC-5","Glut-DACH2-LMANsh","Ex_DACH2_GRIK4",0.440762853777275
"_TTGCTGCAGTGCTCGC-5","Glut-DACH2-6","Ex_DACH2_CEMIP",0.778061303029014
"_TTGCTGCGTCCATAGT-5","Glut-DACH2-LMANsh","Ex_DACH2_ADAMTS5",0.385595424163487
"_TTGGATGGTGTTTCTT-5","Glut-DACH2-LMANco","Ex_DACH2_CEMIP",0.801723612641845
"_TTGGGATAGAATCGAT-5","Glut-DACH2-5","Ex_DACH2_LHX2",0.579747306016217
"_TTGGGATAGCAATAAC-5","Glut-DACH2-LMANco","Ex_DACH2_CEMIP",0.639198359515216
"_TTGGGATAGCACGGAT-5","Glut-DACH2-8","Ex_DACH2_CEMIP",0.693747842355307
"_TTGGGATAGTAGAGTT-5","Glut-DACH2-LMANco","Ex_DACH2_CEMIP",0.479647952153975
"_TTGGGATCATGGGTCC-5","Glut-DACH2-LMANsh","Ex_DACH2_ADAMTS5",0.377057801586095
"_TTGGGCGAGTCATAGA-5","Glut-DACH2-6","Ex_DACH2_CEMIP",0.610145861043951
"_TTGGGCGCAAATTGCC-5","Glut-DACH2-7","Ex_DACH2_ADAMTS5",0.472553527810159
"_TTGGGCGGTCGTGATT-5","Glut-DACH2-8","Ex_DACH2_ZMAT4",0.714077640833519
"_TTGGGCGTCATGTCAG-5","Glut-DACH2-LMANsh","Ex_DACH2_ADAMTS5",0.303233010194241
"_TTGGGTAAGTCGGCAA-5","Glut-DACH2-8","Ex_DACH2_ZMAT4",0.743272231668752
"_TTGGGTACAAAGTATG-5","Glut-DACH2-LMANsh","Ex_DACH2_LHX2",0.358043591936938
"_TTGGGTACAACGGCCT-5","Glut-DACH2-LMANsh","Ex_DACH2_GRIK4",0.278007754603357
"_TTGGTTTAGGTCCCTG-5","Glut-DACH2-1","Ex_DACH2_GRIK4",0.52862705357684
"_TTGGTTTCAGTAGGAC-5","Glut-DACH2-LMANsh","Ex_DACH2_LHX2",0.319379535238114
"_TTGTGGACACCGAATT-5","Glut-DACH2-LMANco","Ex_DACH2_CEMIP",0.786601977937095
"_TTGTGGACACGAGAAC-5","Glut-DACH2-LMANsh","Ex_DACH2_LHX2",0.429639501998772
"_TTGTGGAGTTTCGATG-5","Glut-DACH2-LMANsh","Ex_DACH2_LHX2",0.306469557501208
"_TTGTGGATCTCGACGG-5","Glut-DACH2-LMANsh","Ex_DACH2_ADAMTS5",0.303660173799816
"_TTGTGTTGTTTACGTG-5","Glut-DACH2-LMANco","Ex_BCL6",0.343819747250268
"_TTGTGTTTCGATTGGT-5","Glut-DACH2-8","Ex_DACH2_ZMAT4",0.501082399867117
"_TTGTTCAAGTCCTGTA-5","Glut-DACH2-5","Ex_DACH2_GRIK4",0.377857842350926
"_TTGTTCATCACTGCTC-5","Glut-DACH2-6","Ex_DACH2_CEMIP",0.839034098987017
"_TTGTTGTAGTGTTCAC-5","Glut-DACH2-1","Ex_DACH2_NR4A3",0.989131680856339
"_TTGTTGTCAATAAGGT-5","Glut-DACH2-LMANsh","Ex_DACH2_LHX2",0.499742227759002
"_TTGTTGTGTCCACGCA-5","Glut-DACH2-8","Ex_DACH2_ZMAT4",0.551764536308668
"_TTGTTTGCAGGCACTC-5","Glut-DACH2-6","Ex_DACH2_CEMIP",0.863558342360888
"_TTGTTTGGTGTCACAT-5","Glut-DACH2-8","Ex_DACH2_ZMAT4",0.8373182595899
"_TTGTTTGTCCAACTAG-5","Glut-DACH2-LMANco","Ex_DACH2_CEMIP",0.549181810225036
"_TTTACCAAGGTACAAT-5","Glut-DACH2-LMANsh","Ex_DACH2_ADAMTS5",0.302316103359327
"_TTTACCAGTCCGATCG-5","Glut-DACH2-LMANco","Ex_DACH2_CEMIP",0.60117533302935
"_TTTACCATCACAAGAA-5","Glut-DACH2-LMANsh","Ex_DACH2_LHX2",0.306853297283301
"_TTTACGTAGTAGACAT-5","Glut-DACH2-LMANsh","Ex_DACH2_LHX2",0.390382222789265
"_TTTACGTGTGATTAGA-5","Glut-DACH2-LMANsh","Ex_DACH2_LHX2",0.427757026306353
"_TTTACTGGTTGCCATA-5","Glut-DACH2-6","Ex_DACH2_CEMIP",0.768942742948387
"_TTTAGTCCATAAGCGG-5","Glut-DACH2-LMANco","Ex_BCL6",0.26718915235672
"_TTTAGTCTCGACATAC-5","Glut-DACH2-6","Ex_DACH2_CEMIP",0.981323581737565
"_TTTATGCAGCATCCTA-5","Glut-DACH2-LMANsh","Ex_DACH2_ADAMTS5",0.355955100990094
"_TTTATGCCACTCAGAT-5","Glut-DACH2-7","Ex_DACH2_LHX2",0.329356860417686
"_TTTATGCGTGTGATGG-5","Glut-DACH2-8","Ex_DACH2_ZMAT4",0.762018203493189
"_TTTATGCTCACCCTTG-5","Glut-DACH2-LMANsh","Ex_DACH2_NR4A3",0.442349537675894
"_TTTCACAAGGCCATAG-5","Glut-DACH2-LMANsh","Ex_DACH2_ITGA9",0.337823654180175
"_TTTCAGTAGCATCAGG-5","Glut-DACH2-LMANsh","Ex_DACH2_LHX2",0.392981370858435
"_TTTCAGTCACTCACTC-5","Glut-DACH2-LMANco","Ex_DACH2_CEMIP",0.755365402053932
"_TTTCAGTCATGGCCAC-5","Glut-DACH2-8","Ex_DACH2_ZMAT4",0.839988983029751
"_TTTCAGTGTCTTGTCC-5","Glut-DACH2-LMANco","Ex_DACH2_CEMIP",0.415932228689959
"_TTTCATGCAGCGTATT-5","Glut-DACH2-LMANco","Ex_DACH2_ZMAT4",0.709965535035434
"_TTTCATGTCTGCTAGA-5","Glut-DACH2-LMANco","Ex_DACH2_CEMIP",0.673865918411325
"_TTTCCTCAGTCGGGAT-5","Glut-DACH2-LMANco","Ex_DACH2_CEMIP",0.688242532259731
"_TTTCCTCCATTAGGCT-5","Glut-DACH2-LMANco","Ex_DACH2_TAC1",0.294596761664266
"_TTTCCTCGTAATGTGA-5","Glut-DACH2-6","Ex_DACH2_CEMIP",0.88062054820535
"_TTTCCTCTCCAATCTT-5","Glut-DACH2-LMANco","Ex_DACH2_RORB",0.27855113873385
"_TTTCGATCACCGGTCA-5","Glut-DACH2-8","Ex_DACH2_ZMAT4",0.550920417734523
"_TTTCGATTCAGTGTCA-5","Glut-DACH2-8","Ex_DACH2_ZMAT4",0.816004353439597
"_TTTGACTAGACAACTA-5","Glut-DACH2-8","Ex_DACH2_ZMAT4",0.693692099413628
"_TTTGACTAGATCCCAT-5","Glut-DACH2-LMANco","Ex_DACH2_ZMAT4",0.492108679752232
"_TTTGATCAGGTTGGTG-5","Glut-DACH2-LMANco","Ex_DACH2_CEMIP",0.679079129967737
"_TTTGATCTCGATCCAA-5","Glut-DACH2-8","Ex_DACH2_CEMIP",0.698855913822965
"_TTTGGAGAGATACGAT-5","Glut-DACH2-LMANco","Ex_DACH2_CEMIP",0.533467454666209
"_TTTGGAGAGGATGGCT-5","Glut-DACH2-LMANco","Ex_DACH2_CEMIP",0.555714839023045
"_TTTGGAGCACACGGTC-5","Glut-DACH2-LMANsh","Ex_DACH2_GRIK4",0.424747975219566
"_TTTGGAGTCTCCGTGT-5","Glut-DACH2-LMANsh","Ex_DACH2_ADAMTS5",0.474163420250536
"_TTTGGTTAGGTTCACT-5","Glut-DACH2-LMANco","Ex_DACH2_CEMIP",0.650423943803512
"_TTTGGTTCAATTTCGG-5","Glut-DACH2-LMANco","Ex_Pre_KCNH7",0.303299126836025
"_TTTGGTTTCGCATGAT-5","Glut-DACH2-8","Ex_DACH2_CEMIP",0.673804789703041
"_TTTGTTGCAAGCTGCC-5","Glut-DACH2-LMANsh","Ex_DACH2_LHX2",0.440931982275944
"_TTTGTTGGTGAATTAG-5","Glut-DACH2-6","Ex_DACH2_CEMIP",0.918317044065762
"_AAACCCACAGTCAGCC-6","Glut-DACH2-6","Ex_DACH2_GRIK4",0.2363624727534
"_AAACCCAGTACAATAG-6","Glut-DACH2-7","Ex_DACH2_ADAMTS5",0.496444424241328
"_AAACCCAGTCTCGCGA-6","Glut-DACH2-5","Ex_DACH2_LHX2",0.575103819367376
"_AAACCCAGTGAACCGA-6","Glut-DACH2-5","Ex_DACH2_LHX2",0.286942824845672
"_AAACCCAGTGGAGGTT-6","Glut-DACH2-7","Ex_DACH2_MGAT4C",0.431320982134462
"_AAACGAAAGGGACAGG-6","Glut-DACH2-6","Ex_DACH2_CEMIP",0.657484579787967
"_AAACGAACAGTGTGCC-6","Glut-DACH2-8","Ex_DACH2_ZMAT4",0.623549421382141
"_AAACGAAGTTGTAAAG-6","Glut-DACH2-5","Ex_DACH2_MGAT4C",0.254503131884225
"_AAACGCTAGTCACGAG-6","Glut-DACH2-5","Ex_DACH2_GRIK4",0.423180075829881
"_AAAGAACGTACTAAGA-6","Glut-DACH2-7","Ex_DACH2_GRIK4",0.76321377059435
"_AAAGAACTCATCGCCT-6","Glut-DACH2-6","Ex_DACH2_ITGA9",0.466546236467751
"_AAAGAACTCCCGAGAC-6","Glut-DACH2-8","Ex_DACH2_ZMAT4",0.672946386956793
"_AAAGGATAGGCCTAAG-6","Glut-DACH2-7","Ex_DACH2_MGAT4C",0.42226398247049
"_AAAGGGCGTTGCCTAA-6","Glut-DACH2-7","Ex_DACH2_LHX2",0.325929330147628
"_AAAGGGCTCCTTGGAA-6","Glut-DACH2-8","Ex_DACH2_ZMAT4",0.509488474623217
"_AAAGGTAAGGCGAAGG-6","Glut-DACH2-6","Ex_DACH2_CEMIP",0.914680640951337
"_AAAGGTAAGTGAGGTC-6","Glut-DACH2-6","Ex_DACH2_CEMIP",0.895156360785296
"_AAAGGTATCTAACGCA-6","Glut-DACH2-5","Ex_DACH2_LHX2",0.488796089234475
"_AAAGTCCAGCACCTGC-6","Glut-DACH2-6","Ex_DACH2_ZMAT4",0.409001229956539
"_AAAGTCCCAGCCTATA-6","Glut-DACH2-5","Ex_DACH2_GRIK4",0.402572233076819
"_AAAGTCCGTGCCTTCT-6","Glut-DACH2-8","Ex_DACH2_ZMAT4",0.659463511236552
"_AAAGTCCTCACGAACT-6","Glut-DACH2-7","Ex_DACH2_GRIK4",0.499925211661047
"_AAAGTGAAGGAGATAG-6","Glut-DACH2-6","Ex_DACH2_CEMIP",0.952388994157278
"_AAAGTGAAGGTTTGAA-6","Glut-DACH2-7","Ex_DACH2_GRIK4",0.387488881192942
"_AAAGTGAAGTTGGACG-6","Glut-DACH2-6","Ex_DACH2_CEMIP",0.435261784571529
"_AAATGGACAACAGATA-6","Glut-DACH2-5","Ex_DACH2_ADAMTS5",0.461899105151869
"_AAATGGACAGCGTAGA-6","Glut-DACH2-7","Ex_DACH2_ADAMTS5",0.379947850796849
"_AACAAAGCAGGTCAAG-6","Glut-DACH2-5","Ex_DACH2_LHX2",0.475384449207138
"_AACAACCAGGATAATC-6","Glut-DACH2-7","Ex_DACH2_GRIK4",0.446619272474523
"_AACAACCGTCGATTAC-6","Glut-DACH2-7","Ex_DACH2_GRIK4",0.757315480397018
"_AACAACCTCTGAGGCC-6","Glut-DACH2-8","Ex_DACH2_ZMAT4",0.724278428792921
"_AACAAGAAGTAACGAT-6","Glut-DACH2-5","Ex_DACH2_ADAMTS5",0.334741100372651
"_AACAAGAGTCGCAACC-6","Glut-DACH2-7","Ex_DACH2_MGAT4C",0.309454050523885
"_AACAAGAGTTCCGGTG-6","Glut-DACH2-6","Ex_DACH2_CEMIP",0.72039734479108
"_AACACACCACTTCAAG-6","Glut-DACH2-6","Ex_DACH2_ZMAT4",0.554816899344938
"_AACACACGTGACCTGC-6","Glut-DACH2-5","Ex_DACH2_ADAMTS5",0.830270210646218
"_AACAGGGAGACTAAGT-6","Glut-DACH2-5","Ex_DACH2_ADAMTS5",0.574248724601915
"_AACCAACCACGCGCTA-6","Glut-DACH2-8","Ex_DACH2_ZMAT4",0.818722136306071
"_AACCAACCAGCAGACA-6","Glut-DACH2-5","Ex_DACH2_ADAMTS5",0.383678631484622
"_AACCAACCATAAGATG-6","Glut-DACH2-1","Ex_DACH2_GRIK4",0.387499872400602
"_AACCAACGTACGTGAG-6","Glut-DACH2-6","Ex_DACH2_ITGA9",0.408071409658283
"_AACCAACGTTCGAAGG-6","Glut-DACH2-7","Ex_DACH2_ADAMTS5",0.460658352297454
"_AACCACAAGTGCAAAT-6","Glut-DACH2-5","Ex_DACH2_LHX2",0.469320761285843
"_AACCACACACACTTAG-6","Glut-DACH2-5","Ex_DACH2_ADAMTS5",0.936407715721099
"_AACCACACAGCGTGCT-6","Glut-DACH2-7","Ex_DACH2_MGAT4C",0.557724067012381
"_AACCACAGTTAGGACG-6","Glut-DACH2-8","Ex_DACH2_ZMAT4",0.773787330772787
"_AACCACATCGTCGCTT-6","Glut-DACH2-7","Ex_DACH2_MGAT4C",0.348594233494902
"_AACCATGGTTAGGCTT-6","Glut-DACH2-7","Ex_DACH2_ADAMTS5",0.626056473286309
"_AACCATGTCAATCAGC-6","Glut-DACH2-6","Ex_DACH2_CEMIP",1
"_AACCCAATCTACTGCC-6","Glut-DACH2-6","Ex_DACH2_CEMIP",0.999999999999999
"_AACCTGACATCGTGGC-6","Glut-DACH2-8","Ex_DACH2_ZMAT4",0.740943302771086
"_AACCTGACATTGGGAG-6","Glut-DACH2-7","Ex_DACH2_GRIK4",0.323724495614608
"_AACCTGAGTATGGGAC-6","Glut-DACH2-1","Ex_DACH2_GRIK4",0.38775322720631
"_AACCTGAGTCTACATG-6","Glut-DACH2-7","Ex_DACH2_GRIK4",0.397006520224722
"_AACCTGAGTCTCGGAC-6","Glut-DACH2-7","Ex_DACH2_ADAMTS5",0.342031303349302
"_AACCTGATCAAAGACA-6","Glut-DACH2-7","Ex_DACH2_GRIK4",0.33282013518892
"_AACCTGATCGTACACA-6","Glut-DACH2-5","Ex_DACH2_ADAMTS5",0.891379660930681
"_AACCTTTAGGAGACCT-6","Glut-DACH2-8","Ex_DACH2_ZMAT4",0.593217392904613
"_AACCTTTGTACTGAGG-6","Glut-DACH2-5","Ex_DACH2_LHX2",0.577523503430561
"_AACCTTTGTTCGGTCG-6","Glut-DACH2-5","Ex_DACH2_LHX2",0.551412736072743
"_AACGAAAAGGTCATCT-6","Glut-DACH2-1","Ex_DACH2_GRIK4",0.40681266214476
"_AACGAAAGTACGGGAT-6","Glut-DACH2-6","Ex_DACH2_CEMIP",1
"_AACGAAAGTAGCTGCC-6","Glut-DACH2-8","Ex_DACH2_ZMAT4",0.719767658522555
"_AACGAAAGTGCCTGCA-6","Glut-DACH2-7","Ex_DACH2_MGAT4C",0.587756162302927
"_AACGAAAGTGTCCAAT-6","Glut-DACH2-7","Ex_DACH2_NR4A3",0.348586425718245
"_AACGGGAAGGTAAAGG-6","Glut-DACH2-6","Ex_DACH2_CEMIP",0.699453023999341
"_AACGTCAAGGTAGTCG-6","Glut-DACH2-7","Ex_DACH2_MGAT4C",0.422311971281318
"_AACGTCACAAGACGGT-6","Glut-DACH2-7","Ex_DACH2_GRIK4",0.567651775811142
"_AACGTCAGTTCGGCGT-6","Glut-DACH2-5","Ex_DACH2_LHX2",0.296946206998317
"_AACGTCATCCGGTTCT-6","Glut-DACH2-5","Ex_DACH2_MGAT4C",0.451913864496783
"_AACTTCTCAAGATCCT-6","Glut-DACH2-7","Ex_DACH2_ADAMTS5",0.546308420764526
"_AACTTCTCAGAGATTA-6","Glut-DACH2-6","Ex_DACH2_CEMIP",0.968657901614723
"_AAGAACAGTAGGTAGC-6","Glut-DACH2-5","Ex_DACH2_ADAMTS5",0.470117338940238
"_AAGAACAGTCCGACGT-6","Glut-DACH2-8","Ex_DACH2_CEMIP",0.615486701244316
"_AAGAACAGTGATCGTT-6","Glut-DACH2-6","Ex_DACH2_CEMIP",0.945126700543821
"_AAGAACATCTGACCCT-6","Glut-DACH2-7","Ex_DACH2_GRIK4",0.482713958159539
"_AAGACAATCCATCTCG-6","Glut-DACH2-5","Ex_DACH2_LHX2",0.586540253846159
"_AAGACTCTCGCTTTAT-6","Glut-DACH2-6","Ex_DACH2_CEMIP",0.887807562623057
"_AAGATAGAGGTGATAT-6","Glut-DACH2-5","Ex_DACH2_GRIK4",0.592570176532156
"_AAGATAGGTGTTAACC-6","Glut-DACH2-5","Ex_DACH2_ADAMTS5",0.863915111123577
"_AAGATAGTCAACACGT-6","Glut-DACH2-6","Ex_DACH2_CEMIP",0.593748814259128
"_AAGCATCAGCAAGTCG-6","Glut-DACH2-7","Ex_DACH2_GRIK4",0.400623862758614
"_AAGCATCGTCTAATCG-6","Glut-DACH2-8","Ex_DACH2_ZMAT4",0.62753804904968
"_AAGCCATCAGTGACCC-6","Glut-DACH2-6","Ex_DACH2_CEMIP",0.996215888076139
"_AAGCCATGTGACCGTC-6","Glut-DACH2-7","Ex_DACH2_MGAT4C",0.495783625540323
"_AAGCCATTCCATAGAC-6","Glut-DACH2-5","Ex_Pre_KCNH7",0.252321662610085
"_AAGCCATTCGCTAGCG-6","Glut-DACH2-7","Ex_DACH2_GRIK4",0.502138910830341
"_AAGCCATTCGCTGCGA-6","Glut-DACH2-5","Ex_DACH2_GRIK4",0.800636394600211
"_AAGCCATTCTACAGGT-6","Glut-DACH2-1","Ex_DACH2_ZMAT4",0.322122895008054
"_AAGCGAGGTCGGTACC-6","Glut-DACH2-7","Ex_DACH2_GRIK4",0.371528903177091
"_AAGCGAGTCTATACTC-6","Glut-DACH2-7","Ex_DACH2_ADAMTS5",0.311631456439752
"_AAGCGTTTCTATCACT-6","Glut-DACH2-5","Ex_DACH2_ADAMTS5",0.886089307773968
"_AAGGAATGTACGGTTT-6","Glut-DACH2-5","Ex_DACH2_MGAT4C",0.384178417211387
"_AAGGAATGTCCATCTC-6","Glut-DACH2-5","Ex_DACH2_ADAMTS5",0.544396730459837
"_AAGGAATTCTTCTGTA-6","Glut-DACH2-7","Ex_DACH2_GRIK4",0.63750970698755
"_AAGGTAAGTTCCCAAA-6","Glut-DACH2-7","Ex_DACH2_NR4A3",0.452354585586155
"_AAGTACCAGAGGTTTA-6","Glut-DACH2-7","Ex_DACH2_MGAT4C",0.607921257618384
"_AAGTACCAGATACCAA-6","Glut-DACH2-7","Ex_DACH2_MGAT4C",0.244296602678753
"_AAGTACCCATTGGCAT-6","Glut-DACH2-8","Ex_DACH2_ZMAT4",0.7914111920044
"_AAGTACCTCGCAATGT-6","Glut-DACH2-7","Ex_DACH2_MGAT4C",0.490014936849087
"_AAGTCGTAGTATTGCC-6","Glut-DACH2-5","Ex_DACH2_MGAT4C",0.445483037646153
"_AAGTCGTCAGCCTTCT-6","Glut-DACH2-6","Ex_DACH2_ZMAT4",0.583974589306573
"_AAGTCGTGTTTGCCGG-6","Glut-DACH2-7","Ex_DACH2_MGAT4C",0.343378460177637
"_AAGTCGTTCTGGCCAG-6","Glut-DACH2-5","Ex_DACH2_MGAT4C",0.608411228486018
"_AAGTTCGTCGTAACCA-6","Glut-DACH2-1","Ex_DACH2_GRIK4",0.434144679023669
"_AATAGAGCACAAGGTG-6","Glut-DACH2-6","Ex_DACH2_CEMIP",0.990523905077481
"_AATAGAGTCTATCGGA-6","Glut-DACH2-5","Ex_DACH2_LHX2",0.408372348545251
"_AATCACGGTCACTGAT-6","Glut-DACH2-5","Ex_DACH2_ADAMTS5",0.74595058951204
"_AATCACGTCAGCCTTC-6","Glut-DACH2-5","Ex_DACH2_LHX2",0.388874232892618
"_AATCACGTCCCTCGTA-6","Glut-DACH2-7","Ex_DACH2_GRIK4",0.256300395629369
"_AATCGACAGTATGACA-6","Glut-DACH2-7","Ex_DACH2_MGAT4C",0.306888507348185
"_AATCGACGTCGGCACT-6","Glut-DACH2-5","Ex_DACH2_LHX2",0.59242924604391
"_AATGAAGAGAAATTCG-6","Glut-DACH2-7","Ex_DACH2_NR4A3",0.617613751066306
"_AATGAAGAGCTAGAGC-6","Glut-DACH2-7","Ex_DACH2_MGAT4C",0.387160712187144
"_AATGCCAAGCATGATA-6","Glut-DACH2-5","Ex_DACH2_ADAMTS5",0.514720954268359
"_AATGCCAAGTGCTAGG-6","Glut-DACH2-6","Ex_DACH2_ZMAT4",0.454524578173001
"_AATGCCACAAAGACGC-6","Glut-DACH2-7","Ex_DACH2_GRIK4",0.577475070713199
"_AATGCCAGTCTACAGT-6","Glut-DACH2-7","Ex_DACH2_GRIK4",0.491229383652129
"_AATGCCATCATGAGTC-6","Glut-DACH2-6","Ex_DACH2_CEMIP",0.819406971300996
"_AATGGAATCGCTACGG-6","Glut-DACH2-7","Ex_DACH2_GRIK4",0.792892028570151
"_AATGGCTCAACGTAAA-6","Glut-DACH2-5","Ex_DACH2_LHX2",0.410031072777534
"_AATGGCTGTGGTGATG-6","Glut-DACH2-6","Ex_DACH2_ZMAT4",0.284811778993347
"_AATGGCTTCAGTGTTG-6","Glut-DACH2-6","Ex_DACH2_CEMIP",0.936691056745061
"_AATGGCTTCCAGCAAT-6","Glut-DACH2-7","Ex_DACH2_GRIK4",0.61758916539593
"_AATGGCTTCGCGATCG-6","Glut-DACH2-8","Ex_DACH2_ZMAT4",0.783694568153947
"_AATTCCTCACACGGTC-6","Glut-DACH2-5","Ex_DACH2_LHX2",0.339558130513723
"_AATTTCCCATAGGCGA-6","Glut-DACH2-5","Ex_DACH2_MGAT4C",0.356704347437671
"_AATTTCCGTCTCACGG-6","Glut-DACH2-5","Ex_DACH2_ADAMTS5",0.595014644092134
"_ACAAAGACATGCCGGT-6","Glut-DACH2-5","Ex_DACH2_ADAMTS5",0.810444159891113
"_ACAAAGATCCGCGGAT-6","Glut-DACH2-7","Ex_DACH2_GRIK4",0.651747679906342
"_ACAACCACACTGCGTG-6","Glut-DACH2-6","Ex_DACH2_CEMIP",0.8793393120526
"_ACAAGCTTCGTCCATC-6","Glut-DACH2-7","Ex_DACH2_MGAT4C",0.394589496801958
"_ACACGCGCAAATGATG-6","Glut-DACH2-5","Ex_DACH2_LHX2",0.318191234009846
"_ACACGCGCAATCAAGA-6","Glut-DACH2-6","Ex_DACH2_ZMAT4",0.528750924240445
"_ACACGCGGTACGATGG-6","Glut-DACH2-5","Ex_DACH2_GRIK4",0.320067238321972
"_ACACGCGTCCACCTGT-6","Glut-DACH2-7","Ex_DACH2_GRIK4",0.432025124128132
"_ACACTGACAACTACGT-6","Glut-DACH2-7","Ex_DACH2_ADAMTS5",0.59669232969447
"_ACACTGACACAACGTT-6","Glut-DACH2-7","Ex_DACH2_ADAMTS5",0.613723013993518
"_ACACTGATCATGAGGG-6","Glut-DACH2-6","Ex_DACH2_CEMIP",0.745424421995188
"_ACAGAAAAGATACTGA-6","Glut-DACH2-7","Ex_DACH2_ITGA9",0.300457013714037
"_ACAGAAAAGCTACAAA-6","Glut-DACH2-7","Ex_DACH2_GRIK4",0.476679132351084
"_ACAGAAACAAATACAG-6","Glut-DACH2-8","Ex_DACH2_ZMAT4",0.820140420301277
"_ACAGAAAGTATACAGA-6","Glut-DACH2-7","Ex_DACH2_NR4A3",0.521164344183599
"_ACAGAAAGTTAGGCTT-6","Glut-DACH2-6","Ex_DACH2_ITGA9",0.532973134518927
"_ACAGCCGCAGTTTCAG-6","Glut-DACH2-5","Ex_DACH2_MGAT4C",0.447642455087346
"_ACAGCCGGTACTCCGG-6","Glut-DACH2-7","Ex_DACH2_GRIK4",0.219595486709269
"_ACAGCCGTCATCACAG-6","Glut-DACH2-6","Ex_DACH2_ITGA9",0.49606194663672
"_ACAGGGAGTATACGGG-6","Glut-DACH2-7","Ex_DACH2_GRIK4",0.724134390705615
"_ACAGGGATCGAAACAA-6","Glut-DACH2-7","Ex_DACH2_MGAT4C",0.459183654307468
"_ACATCCCAGAGGTATT-6","Glut-DACH2-5","Ex_DACH2_MGAT4C",0.372642577569537
"_ACATCCCTCCTTTAGT-6","Glut-DACH2-7","Ex_DACH2_MGAT4C",0.51249007497669
"_ACATCGACAAGATGTA-6","Glut-DACH2-7","Ex_DACH2_LHX2",0.424668609605583
"_ACATCGACAGGAACCA-6","Glut-DACH2-7","Ex_DACH2_GRIK4",0.79475406883665
"_ACATCGAGTCAACCTA-6","Glut-DACH2-7","Ex_DACH2_ADAMTS5",0.378875132599229
"_ACATCGAGTCCACACG-6","Glut-DACH2-5","Ex_DACH2_LHX2",0.517015253032643
"_ACATTTCTCTGGCCAG-6","Glut-DACH2-5","Ex_DACH2_LHX2",0.372868964174634
"_ACCAAACTCACATACG-6","Glut-DACH2-7","Ex_DACH2_GRIK4",0.281219380477906
"_ACCAAACTCCTCGATC-6","Glut-DACH2-6","Ex_DACH2_CEMIP",0.742020994314292
"_ACCAACACACACTGGC-6","Glut-DACH2-7","Ex_DACH2_NR4A3",0.811478518039852
"_ACCAACAGTGCGAACA-6","Glut-DACH2-5","Ex_DACH2_ADAMTS5",0.319706562788237
"_ACCAACAGTTGCTGAT-6","Glut-DACH2-5","Ex_DACH2_LHX2",0.37851245802899
"_ACCACAAGTAACGCGA-6","Glut-DACH2-5","Ex_DACH2_ADAMTS5",0.701604661035342
"_ACCACAAGTTTGAAAG-6","Glut-DACH2-7","Ex_DACH2_MGAT4C",0.295588793061602
"_ACCACAATCAAGCTGT-6","Glut-DACH2-8","Ex_DACH2_ZMAT4",0.624129223503992
"_ACCATTTAGAGCCCAA-6","Glut-DACH2-6","Ex_DACH2_ITGA9",0.43023477217545
"_ACCATTTGTATGAGGC-6","Glut-DACH2-8","Ex_DACH2_ZMAT4",0.617098114763261
"_ACCATTTGTTCAGCTA-6","Glut-DACH2-7","Ex_DACH2_NR4A3",0.711334582009926
"_ACCATTTTCACCTCTG-6","Glut-DACH2-6","Ex_DACH2_CEMIP",1
"_ACCATTTTCAGGAACG-6","Glut-DACH2-5","Ex_DACH2_GRIK4",0.483882946140459
"_ACCCAAAAGCGTTCAT-6","Glut-DACH2-5","Ex_DACH2_LHX2",0.565375353557109
"_ACCCAAAAGGTGAGCT-6","Glut-DACH2-6","Ex_DACH2_CEMIP",0.729279998537482
"_ACCCAAAAGTGAGCCA-6","Glut-DACH2-8","Ex_DACH2_ZMAT4",0.640906307346764
"_ACCCAAACACGGTGAA-6","Glut-DACH2-7","Ex_DACH2_GRIK4",0.506578547041316
"_ACCCAAAGTCACCGAC-6","Glut-DACH2-6","Ex_DACH2_CEMIP",0.840995160260103
"_ACCCAAAGTCGCGGTT-6","Glut-DACH2-7","Ex_DACH2_NR4A3",0.860466028702865
"_ACCCAAAGTGGGTATG-6","Glut-DACH2-6","Ex_DACH2_CEMIP",0.981188021574939
"_ACCCAAAGTGTTTACG-6","Glut-DACH2-8","Ex_DACH2_ZMAT4",0.600851898457928
"_ACCCAAATCAAGGTGG-6","Glut-DACH2-7","Ex_DACH2_MGAT4C",0.405889296357374
"_ACCCTCACACAAGCAG-6","Glut-DACH2-6","Ex_DACH2_CEMIP",0.718763330506746
"_ACCCTCAGTACGTGAG-6","Glut-DACH2-6","Ex_DACH2_CEMIP",0.710570580606844
"_ACCCTTGCAACTTGCA-6","Glut-DACH2-6","Ex_DACH2_CEMIP",0.569403368794455
"_ACCCTTGTCTCGCCTA-6","Glut-DACH2-5","Ex_DACH2_ADAMTS5",0.902000967416757
"_ACCGTTCAGAAGGGAT-6","Glut-DACH2-5","Ex_DACH2_LHX2",0.502659306149343
"_ACCGTTCGTTATTCTC-6","Glut-DACH2-6","Ex_DACH2_ZMAT4",0.516969104853021
"_ACCTACCAGGGATCAC-6","Glut-DACH2-7","Ex_DACH2_GRIK4",0.580912704492521
"_ACCTACCCAATCGAAA-6","Glut-DACH2-5","Ex_DACH2_GRIK4",0.475077530327318
"_ACCTACCGTAATCAAG-6","Glut-DACH2-6","Ex_DACH2_CEMIP",1
"_ACCTACCGTCTCAAGT-6","Glut-DACH2-6","Ex_DACH2_CEMIP",0.891767890107328
"_ACCTACCGTGACAGCA-6","Glut-DACH2-7","Ex_DACH2_GRIK4",0.527556236681774
"_ACCTACCGTGTAAACA-6","Glut-DACH2-6","Ex_DACH2_ZMAT4",0.480872153933564
"_ACCTACCTCCTTGAAG-6","Glut-DACH2-6","Ex_DACH2_ITGA9",0.366572120754931
"_ACCTACCTCGCTGTCT-6","Glut-DACH2-5","Ex_DACH2_MGAT4C",0.400130710492713
"_ACCTGAAAGCCTAACT-6","Glut-DACH2-7","Ex_DACH2_MGAT4C",0.481920784810367
"_ACCTGAACACGCCAGT-6","Glut-DACH2-7","Ex_DACH2_MGAT4C",0.727468329845405
"_ACCTGAAGTTACCGTA-6","Glut-DACH2-6","Ex_DACH2_CEMIP",0.950446177212723
"_ACCTGAATCCACGGGT-6","Glut-DACH2-6","Ex_DACH2_CEMIP",1
"_ACCTGTCCAGACATCT-6","Glut-DACH2-7","Ex_DACH2_GRIK4",0.712752151786529
"_ACGATCAAGATGAAGG-6","Glut-DACH2-5","Ex_DACH2_GRIK4",0.536317579615197
"_ACGATCACACAAAGTA-6","Glut-DACH2-5","Ex_DACH2_ADAMTS5",0.859135690944901
"_ACGATGTTCTGATTCT-6","Glut-DACH2-7","Ex_DACH2_ADAMTS5",0.355180932597683
"_ACGCACGAGCCTATTG-6","Glut-DACH2-6","Ex_DACH2_CEMIP",0.669589628624738
"_ACGCACGCAGAGGTAC-6","Glut-DACH2-7","Ex_DACH2_GRIK4",0.491200950447661
"_ACGGAAGTCGAAGTGG-6","Glut-DACH2-7","Ex_DACH2_MGAT4C",0.402994755607998
"_ACGGGTCGTTTACTTC-6","Glut-DACH2-5","Ex_DACH2_ADAMTS5",0.713313800451432
"_ACGGTCGAGGAAAGAC-6","Glut-DACH2-7","Ex_DACH2_ADAMTS5",0.480022057148546
"_ACGGTCGCACGTTGGC-6","Glut-DACH2-8","Ex_DACH2_CEMIP",0.491953493636386
"_ACGGTCGTCAAGCTTG-6","Glut-DACH2-1","Ex_DACH2_ITGA9",0.367324216434346
"_ACGGTTAAGCATGGGT-6","Glut-DACH2-5","Ex_DACH2_LHX2",0.551154159347487
"_ACGGTTACAGAGTTCT-6","Glut-DACH2-7","Ex_DACH2_GRIK4",0.504924074436299
"_ACGTAACAGTGAATAC-6","Glut-DACH2-LMANsh","Ex_DACH2_ITGA9",0.33380638857161
"_ACGTACAAGATGGCGT-6","Glut-DACH2-8","Ex_DACH2_ZMAT4",0.758586332221778
"_ACGTAGTAGTCAGGGT-6","Glut-DACH2-8","Ex_DACH2_ZMAT4",0.639648264557901
"_ACGTAGTCATAACGGG-6","Glut-DACH2-5","Ex_DACH2_GRIK4",0.435586636934027
"_ACGTAGTTCTGAGAAA-6","Glut-DACH2-6","Ex_DACH2_CEMIP",0.523865090002761
"_ACGTCCTAGACCAAGC-6","Glut-DACH2-8","Ex_DACH2_ZMAT4",0.842673535125756
"_ACGTCCTAGATGCAGC-6","Glut-DACH2-5","Ex_DACH2_MGAT4C",0.42441434775766
"_ACGTCCTAGATTTGCC-6","Glut-DACH2-7","Ex_DACH2_NR4A3",0.327497575452961
"_ACGTCCTCAAATACGA-6","Glut-DACH2-5","Ex_DACH2_MGAT4C",0.458949840664624
"_ACGTCCTCAGGCACTC-6","Glut-DACH2-7","Ex_DACH2_NR4A3",0.470073782293381
"_ACGTCCTGTGACACGA-6","Glut-DACH2-6","Ex_DACH2_ZMAT4",0.560824997970184
"_ACGTCCTTCCATTCGC-6","Glut-DACH2-6","Ex_DACH2_CEMIP",0.786624391214737
"_ACGTCCTTCGCGTTTC-6","Glut-DACH2-7","Ex_DACH2_GRIK4",0.509445869605963
"_ACGTTCCAGCGGTAGT-6","Glut-DACH2-7","Ex_DACH2_GRIK4",0.610638277035051
"_ACGTTCCCAGGTGGAT-6","Glut-DACH2-5","Ex_DACH2_ADAMTS5",0.802962795904463
"_ACTATCTAGTTGGACG-6","Glut-DACH2-7","Ex_DACH2_GRIK4",0.267376149235049
"_ACTATCTTCCTGGTCT-6","Glut-DACH2-5","Ex_DACH2_LHX2",0.491479783815256
"_ACTATGGGTCGTTATG-6","Glut-DACH2-7","Ex_DACH2_LHX2",0.408129046578547
"_ACTATGGTCGGCATCG-6","Glut-DACH2-7","Ex_DACH2_MGAT4C",0.338551955779374
"_ACTATGGTCGTCAACA-6","Glut-DACH2-6","Ex_DACH2_CEMIP",0.818193535622788
"_ACTATGGTCTCGCTTG-6","Glut-DACH2-7","Ex_DACH2_CEMIP",0.314229042931552
"_ACTATTCCACCCTATC-6","Glut-DACH2-7","Ex_DACH2_MGAT4C",0.552191866909343
"_ACTATTCTCCCGTTCA-6","Glut-DACH2-7","Ex_DACH2_GRIK4",0.370233596015779
"_ACTCCCAGTTGGGTAG-6","Glut-DACH2-5","Ex_DACH2_LHX2",0.480992575709125
"_ACTCTCGAGAGGCTGT-6","Glut-DACH2-5","Ex_DACH2_NR4A3",0.580868676054892
"_ACTCTCGGTTGGCCGT-6","Glut-DACH2-8","Ex_DACH2_ZMAT4",0.588869202661965
"_ACTGATGAGATACATG-6","Glut-DACH2-8","Ex_DACH2_ZMAT4",0.714810583728445
"_ACTGCAACATCCCACT-6","Glut-DACH2-5","Ex_DACH2_LHX2",0.589844180311177
"_ACTGCAATCCCAGCGA-6","Glut-DACH2-6","Ex_DACH2_CEMIP",0.952396736582809
"_ACTGTGATCTCCTGTG-6","Glut-DACH2-5","Ex_DACH2_LHX2",0.377926231841697
"_ACTGTGATCTGTGCGG-6","Glut-DACH2-6","Ex_DACH2_ITGA9",0.450461064532115
"_ACTTAGGAGACATCAA-6","Glut-DACH2-LMANsh","Ex_DACH2_LHX2",0.502550099931166
"_ACTTAGGCAACATCGT-6","Glut-DACH2-7","Ex_DACH2_NR4A3",0.898445426941895
"_ACTTAGGGTCGTACAT-6","Glut-DACH2-5","Ex_DACH2_ADAMTS5",0.549039036561291
"_ACTTATCAGAGAGGTA-6","Glut-DACH2-7","Ex_DACH2_GRIK4",0.495996668729867
"_ACTTATCAGTAGCATA-6","Glut-DACH2-8","Ex_DACH2_CEMIP",0.963028871391926
"_ACTTATCCAATTGAAG-6","Glut-DACH2-7","Ex_DACH2_GRIK4",0.399634336575236
"_ACTTATCCAGATCACT-6","Glut-DACH2-6","Ex_DACH2_ZMAT4",0.37401599179261
"_ACTTCCGGTAGACACG-6","Glut-DACH2-5","Ex_DACH2_ADAMTS5",0.634124012956012
"_ACTTCCGTCGCCGAAC-6","Glut-DACH2-5","Ex_DACH2_GRIK4",0.641863988314126
"_ACTTCGCCACGAGAAC-6","Glut-DACH2-7","Ex_DACH2_GRIK4",0.510153103919763
"_ACTTTCACAAGCCCAC-6","Glut-DACH2-5","Ex_DACH2_LHX2",0.391030073928186
"_ACTTTCATCTTTCCAA-6","Glut-DACH2-6","Ex_DACH2_CEMIP",0.966499477240326
"_ACTTTGTAGCCTCAAT-6","Glut-DACH2-5","Ex_DACH2_MGAT4C",0.290537947805224
"_ACTTTGTGTATAGCTC-6","Glut-DACH2-7","Ex_DACH2_GRIK4",0.567372358616634
"_ACTTTGTGTGAGGATC-6","Glut-DACH2-5","Ex_DACH2_LHX2",0.558078404850783
"_ACTTTGTTCTAGGAAA-6","Glut-DACH2-7","Ex_DACH2_MGAT4C",0.415205061800141
"_AGAAATGTCAAGTCTG-6","Glut-DACH2-7","Ex_DACH2_GRIK4",0.477700899072514
"_AGAAATGTCACTGGTA-6","Glut-DACH2-7","Ex_DACH2_LHX2",0.387670375778904
"_AGAAATGTCTCATGCC-6","Glut-DACH2-7","Ex_DACH2_GRIK4",0.289236697992352
"_AGAACAAAGAGAATCT-6","Glut-DACH2-5","Ex_DACH2_GRIK4",0.435886701933667
"_AGAACAACATGCACTA-6","Glut-DACH2-7","Ex_DACH2_NR4A3",0.520802239836882
"_AGAACAAGTCGCTTGG-6","Glut-DACH2-7","Ex_DACH2_GRIK4",0.616873058512273
"_AGAACAATCACTTCTA-6","Glut-DACH2-7","Ex_DACH2_MGAT4C",0.663324892044414
"_AGAACCTAGTTAGTGA-6","Glut-DACH2-6","Ex_DACH2_CEMIP",0.951599307759455
"_AGAACCTCATAGAATG-6","Glut-DACH2-8","Ex_DACH2_ZMAT4",0.660762669644497
"_AGAAGCGCAATTGCCA-6","Glut-DACH2-5","Ex_DACH2_ADAMTS5",0.468794148515191
"_AGAAGCGGTTCCTACC-6","Glut-DACH2-7","Ex_DACH2_GRIK4",0.365253021695099
"_AGAAGTAAGTTAACGA-6","Glut-DACH2-6","Ex_DACH2_CEMIP",0.651618934859731
"_AGAAGTACAAAGCAAT-6","Glut-DACH2-7","Ex_DACH2_GRIK4",0.732838126367674
"_AGAAGTACATTAGGCT-6","Glut-DACH2-5","Ex_DACH2_ITGA9",0.372491877820438
"_AGAAGTAGTCAGTCCG-6","Glut-DACH2-1","Ex_DACH2_ADAMTS5",0.397942189022879
"_AGAAGTATCGTCAAAC-6","Glut-DACH2-6","Ex_DACH2_ITGA9",0.358518879345474
"_AGACAAAAGCCACTCG-6","Glut-DACH2-6","Ex_DACH2_ITGA9",0.555142381061582
"_AGACAAAAGGGAGGGT-6","Glut-DACH2-1","Ex_DACH2_LHX2",0.527042822914421
"_AGACAAAAGTGAGTTA-6","Glut-DACH2-7","Ex_DACH2_NR4A3",0.513181597663338
"_AGACAAAGTCTGTGAT-6","Glut-DACH2-5","Ex_DACH2_ADAMTS5",0.364101756963053
"_AGACAAATCATGAGTC-6","Glut-DACH2-6","Ex_DACH2_CEMIP",0.567676997589889
"_AGACACTAGGTCCCGT-6","Glut-DACH2-6","Ex_DACH2_CEMIP",0.987497300242611
"_AGACACTCAAATGGTA-6","Glut-DACH2-8","Ex_DACH2_ZMAT4",0.711643632559575
"_AGACACTCAGTCTTCC-6","Glut-DACH2-7","Ex_DACH2_ADAMTS5",0.339297469805331
"_AGACACTGTGAGCCAA-6","Glut-DACH2-6","Ex_DACH2_CEMIP",0.464233917339805
"_AGACACTTCTCCACTG-6","Glut-DACH2-5","Ex_DACH2_ADAMTS5",0.420941378430153
"_AGACAGGAGAGAAGGT-6","Glut-DACH2-7","Ex_DACH2_NR4A3",0.320235337077066
"_AGACAGGCAAAGGTTA-6","Glut-DACH2-7","Ex_DACH2_MGAT4C",0.302955591009121
"_AGACAGGTCTGAGGCC-6","Glut-DACH2-7","Ex_DACH2_GRIK4",0.495109665800858
"_AGACCATAGTATGCAA-6","Glut-DACH2-6","Ex_DACH2_ZMAT4",0.632135908704278
"_AGACCATCACAATGCT-6","Glut-DACH2-7","Ex_DACH2_ADAMTS5",0.569503162590272
"_AGACCATGTCGCTGCA-6","Glut-DACH2-5","Ex_DACH2_GRIK4",0.410902381342354
"_AGACCCGAGGTTGGTG-6","Glut-DACH2-6","Ex_DACH2_CEMIP",0.761893634917596
"_AGACCCGGTGTCCGGT-6","Glut-DACH2-8","Ex_DACH2_ZMAT4",0.721398077692288
"_AGACTCACATACCGTA-6","Glut-DACH2-5","Ex_DACH2_LHX2",0.52609559002601
"_AGACTCAGTAGGTAGC-6","Glut-DACH2-7","Ex_DACH2_MGAT4C",0.301179255341707
"_AGAGAATCAATTCTTC-6","Glut-DACH2-5","Ex_DACH2_MGAT4C",0.447161233921945
"_AGAGAATCACGAGGTA-6","Glut-DACH2-8","Ex_DACH2_ZMAT4",0.608465601577113
"_AGAGAATGTGTCGATT-6","Glut-DACH2-6","Ex_DACH2_CEMIP",0.793707972928303
"_AGAGAATTCGTCCTCA-6","Glut-DACH2-6","Ex_DACH2_CEMIP",0.948371572535045
"_AGAGAATTCTGAATGC-6","Glut-DACH2-LMANsh","Ex_DACH2_LHX2",0.600348267839478
"_AGAGAGCCAGAAGTGC-6","Glut-DACH2-6","Ex_DACH2_CEMIP",0.934964840035983
"_AGAGAGCGTGTCCTAA-6","Glut-DACH2-8","Ex_DACH2_ZMAT4",0.523334232682883
"_AGAGAGCTCTCATTTG-6","Glut-DACH2-7","Ex_DACH2_GRIK4",0.496857587982094
"_AGAGCAGAGCACTCGC-6","Glut-DACH2-6","Ex_DACH2_CEMIP",0.993881308259372
"_AGAGCAGGTCTTGCTC-6","Glut-DACH2-6","Ex_DACH2_CEMIP",0.473854208504706
"_AGAGCCCCAGTTGCGC-6","Glut-DACH2-5","Ex_DACH2_ADAMTS5",0.317632332550437
"_AGATAGACAGTCGGAA-6","Glut-DACH2-8","Ex_DACH2_ZMAT4",0.622821558426389
"_AGATCCAAGAGTGTTA-6","Glut-DACH2-6","Ex_DACH2_CEMIP",0.999999999999999
"_AGATCCACAGGACAGT-6","Glut-DACH2-8","Ex_DACH2_ZMAT4",0.649718881011119
"_AGATCCAGTGCGTCGT-6","Glut-DACH2-6","Ex_DACH2_ZMAT4",0.46765830168219
"_AGATCGTAGCTCCATA-6","Glut-DACH2-5","Ex_DACH2_LHX2",0.457758369392014
"_AGATCGTCAAGACTGG-6","Glut-DACH2-6","Ex_DACH2_CEMIP",0.70944486008629
"_AGATCGTGTAATGCTC-6","Glut-DACH2-7","Ex_DACH2_GRIK4",0.337870503131172
"_AGATCGTGTCTTACAG-6","Glut-DACH2-5","Ex_DACH2_MGAT4C",0.494342365462058
"_AGATCGTTCCACATAG-6","Glut-DACH2-6","Ex_DACH2_CEMIP",0.823084943014788
"_AGATGAAAGCACGTCC-6","Glut-DACH2-8","Ex_DACH2_ZMAT4",0.756874084814983
"_AGATGAACAGCAGACA-6","Glut-DACH2-7","Ex_DACH2_MGAT4C",0.371135512594641
"_AGATGAACATAACTCG-6","Glut-DACH2-6","Ex_DACH2_CEMIP",0.603560324159782
"_AGATGAACATAGACTC-6","Glut-DACH2-7","Ex_DACH2_MGAT4C",0.465034135169353
"_AGATGAAGTTAAGTCC-6","Glut-DACH2-7","Ex_DACH2_MGAT4C",0.716027903180459
"_AGATGAATCGTCGACG-6","Glut-DACH2-LMANsh","Ex_DACH2_LHX2",0.457133971165231
"_AGATGCTGTCATATGC-6","Glut-DACH2-6","Ex_DACH2_CEMIP",1
"_AGCATCAAGATTTGCC-6","Glut-DACH2-7","Ex_DACH2_MGAT4C",0.422218870316259
"_AGCATCAAGCATCAAA-6","Glut-DACH2-7","Ex_DACH2_ITGA9",0.251049911229087
"_AGCATCAAGGTCACAG-6","Glut-DACH2-7","Ex_DACH2_MGAT4C",0.59355895081474
"_AGCATCACACGCTGCA-6","Glut-DACH2-6","Ex_DACH2_CEMIP",0.749630568694747
"_AGCATCAGTCCTGGTG-6","Glut-DACH2-5","Ex_DACH2_GRIK4",0.381120579806632
"_AGCCAATGTGAGTGAC-6","Glut-DACH2-5","Ex_DACH2_LHX2",0.554569425500902
"_AGCCACGGTCTCGCGA-6","Glut-DACH2-6","Ex_DACH2_ZMAT4",0.574196978954147
"_AGCCACGTCAAGCTTG-6","Glut-DACH2-8","Ex_DACH2_ZMAT4",0.396661668912084
"_AGCCACGTCGAACACT-6","Glut-DACH2-5","Ex_DACH2_GRIK4",0.331747566492692
"_AGCCAGCCAACCACAT-6","Glut-DACH2-6","Ex_DACH2_CEMIP",0.543228380070519
"_AGCCAGCCAGAGCCCT-6","Glut-DACH2-7","Ex_DACH2_MGAT4C",0.610881744028033
"_AGCCAGCGTCTCCCTA-6","Glut-DACH2-5","Ex_DACH2_ADAMTS5",0.74049283482374
"_AGCGATTAGCGACCCT-6","Glut-DACH2-LMANsh","Ex_DACH2_LHX2",0.513774754006134
"_AGCGATTAGCTAGAAT-6","Glut-DACH2-6","Ex_DACH2_ITGA9",0.430854048279085
"_AGCGATTAGGATTTAG-6","Glut-DACH2-8","Ex_DACH2_ZMAT4",0.627819517504806
"_AGCGATTGTCCCAAAT-6","Glut-DACH2-6","Ex_DACH2_CEMIP",0.933443888065774
"_AGCGATTTCATGTCTT-6","Glut-DACH2-5","Ex_DACH2_LHX2",0.463403348505649
"_AGCGATTTCCAAATGC-6","Glut-DACH2-7","Ex_DACH2_MGAT4C",0.628840670254864
"_AGCGCCAAGAGCATCG-6","Glut-DACH2-5","Ex_DACH2_NR4A3",0.394437262949622
"_AGCGCCACACCGTGGT-6","Glut-DACH2-6","Ex_DACH2_ZMAT4",0.385238107891171
"_AGCGCCATCCGTGTCT-6","Glut-DACH2-5","Ex_DACH2_ADAMTS5",0.735419357894089
"_AGCGCCATCGGTTAGT-6","Glut-DACH2-8","Ex_DACH2_ZMAT4",0.69726088524734
"_AGCGCCATCGTCAAAC-6","Glut-DACH2-LMANsh","Ex_DACH2_LHX2",0.398548484378287
"_AGCGCTGCACTCAGAT-6","Glut-DACH2-7","Ex_DACH2_GRIK4",0.507970483542403
"_AGCGCTGTCGAGCCTG-6","Glut-DACH2-5","Ex_DACH2_LHX2",0.736093625752696
"_AGCGTATAGGGATGTC-6","Glut-DACH2-6","Ex_DACH2_CEMIP",0.782659847720092
"_AGCGTATCAAGAGTAT-6","Glut-DACH2-7","Ex_DACH2_ADAMTS5",0.475484326427312
"_AGCGTATCAATACAGA-6","Glut-DACH2-5","Ex_DACH2_ADAMTS5",0.811854012062532
"_AGCGTATCAGGTCTCG-6","Glut-DACH2-7","Ex_DACH2_NR4A3",0.327207730930463
"_AGCGTATTCAAATGAG-6","Glut-DACH2-6","Ex_DACH2_CEMIP",0.788312863424439
"_AGCGTATTCTGAGATC-6","Glut-DACH2-5","Ex_DACH2_ADAMTS5",0.77402493283139
"_AGCGTATTCTGCATGA-6","Glut-DACH2-5","Ex_DACH2_MGAT4C",0.43856213712405
"_AGCTACAGTTCGGCTG-6","Glut-DACH2-7","Ex_DACH2_NR4A3",0.66301236255224
"_AGCTACAGTTGCTCAA-6","Glut-DACH2-7","Ex_DACH2_LHX2",0.565745720680889
"_AGCTACAGTTTATGCG-6","Glut-DACH2-6","Ex_DACH2_CEMIP",0.970673368159427
"_AGCTCAAAGTCAGAGC-6","Glut-DACH2-6","Ex_DACH2_CEMIP",0.707525056923849
"_AGCTCAAGTGCCTATA-6","Glut-DACH2-7","Ex_DACH2_ADAMTS5",0.443015541886464
"_AGCTCAAGTTTACCTT-6","Glut-DACH2-8","Ex_DACH2_ZMAT4",0.401470346561727
"_AGCTCAATCCCATAGA-6","Glut-DACH2-5","Ex_DACH2_LHX2",0.446791470843919
"_AGGAAATAGCAGATAT-6","Glut-DACH2-5","Ex_DACH2_ADAMTS5",0.475032042884826
"_AGGAAATAGCGACTGA-6","Glut-DACH2-7","Ex_DACH2_CEMIP",0.379164707685398
"_AGGAAATAGTTGGACG-6","Glut-DACH2-7","Ex_DACH2_MGAT4C",0.348570926566844
"_AGGAAATCAAGACAAT-6","Glut-DACH2-6","Ex_DACH2_ITGA9",0.498522128570309
"_AGGAATAGTTTCGATG-6","Glut-DACH2-6","Ex_DACH2_CEMIP",0.918165737729752
"_AGGAATATCAGTCCGG-6","Glut-DACH2-5","Ex_DACH2_ADAMTS5",0.829345801546836
"_AGGACTTAGCTAGAGC-6","Glut-DACH2-5","Ex_DACH2_LHX2",0.691804376615072
"_AGGACTTCAATTGAGA-6","Glut-DACH2-6","Ex_DACH2_CEMIP",0.948179231916107
"_AGGACTTGTGCTCGTG-6","Glut-DACH2-5","Ex_DACH2_ADAMTS5",0.812996703023948
"_AGGAGGTAGCAACCAG-6","Glut-DACH2-7","Ex_DACH2_MGAT4C",0.373880668342317
"_AGGAGGTTCACCTCAC-6","Glut-DACH2-7","Ex_DACH2_MGAT4C",0.32365736849195
"_AGGAGGTTCCACGTAA-6","Glut-DACH2-6","Ex_DACH2_ITGA9",0.4643063095696
"_AGGATAAAGTTTGTCG-6","Glut-DACH2-1","Ex_DACH2_MGAT4C",0.363533837097991
"_AGGATAACACAATTCG-6","Glut-DACH2-6","Ex_DACH2_ZMAT4",0.47668304234466
"_AGGATAACATAGCTGT-6","Glut-DACH2-7","Ex_DACH2_NR4A3",0.318442642326465
"_AGGATAACATTGCCGG-6","Glut-DACH2-8","Ex_DACH2_ZMAT4",0.698443559893493
"_AGGATCTCAACAGAGC-6","Glut-DACH2-7","Ex_DACH2_ADAMTS5",0.35483318709334
"_AGGATCTTCGGCCTTT-6","Glut-DACH2-6","Ex_DACH2_CEMIP",0.764237757230268
"_AGGCATTAGCGTACAG-6","Glut-DACH2-7","Ex_DACH2_GRIK4",0.698832856419004
"_AGGCATTCAACGTATC-6","Glut-DACH2-6","Ex_DACH2_CEMIP",0.953960729578749
"_AGGCATTGTAGCGATG-6","Glut-DACH2-6","Ex_DACH2_ITGA9",0.44640117807902
"_AGGCATTGTCTACTGA-6","Glut-DACH2-5","Ex_DACH2_LHX2",0.48408241707612
"_AGGCATTGTGCCTATA-6","Glut-DACH2-7","Ex_DACH2_GRIK4",0.548084091906126
"_AGGCATTTCGTCACCT-6","Glut-DACH2-7","Ex_DACH2_NR4A3",0.911815126185929
"_AGGCCACTCCTTCTTC-6","Glut-DACH2-5","Ex_DACH2_ADAMTS5",0.740396776111163
"_AGGCTGCAGAGTATAC-6","Glut-DACH2-6","Ex_DACH2_CEMIP",0.982335991495344
"_AGGCTGCAGATGACCG-6","Glut-DACH2-6","Ex_DACH2_ZMAT4",0.603166373435295
"_AGGCTGCAGGCCACTC-6","Glut-DACH2-7","Ex_DACH2_GRIK4",0.444238036620847
"_AGGCTGCCAAGGTCGA-6","Glut-DACH2-7","Ex_DACH2_GRIK4",0.510448612120647
"_AGGGAGTTCGCATTGA-6","Glut-DACH2-8","Ex_DACH2_ZMAT4",0.752209409068851
"_AGGGAGTTCTCGGTCT-6","Glut-DACH2-5","Ex_DACH2_LHX2",0.451168630249514
"_AGGGCCTGTCGATTCA-6","Glut-DACH2-6","Ex_DACH2_CEMIP",0.952302680248674
"_AGGGCCTGTGTCGATT-6","Glut-DACH2-6","Ex_DACH2_ZMAT4",0.644298369314519
"_AGGGCTCGTTAGAAAC-6","Glut-DACH2-7","Ex_DACH2_MGAT4C",0.58177199493229
"_AGGGTCCTCCAAGGGA-6","Glut-DACH2-LMANsh","Ex_DACH2_LHX2",0.473037610402975
"_AGGGTCCTCGTAGTCA-6","Glut-DACH2-7","Ex_DACH2_GRIK4",0.635653413221906
"_AGGGTGATCCCTGGTT-6","Glut-DACH2-7","Ex_DACH2_GRIK4",0.573511327509586
"_AGGGTGATCGTCGACG-6","Glut-DACH2-5","Ex_DACH2_ADAMTS5",0.584993127818879
"_AGGGTGATCTGGCCAG-6","Glut-DACH2-6","Ex_DACH2_ITGA9",0.439295097799896
"_AGGGTTTAGCGACTAG-6","Glut-DACH2-6","Ex_DACH2_CEMIP",0.972460969368011
"_AGGGTTTCAATAGTGA-6","Glut-DACH2-7","Ex_DACH2_GRIK4",0.345480291839622
"_AGGGTTTGTAGGTGCA-6","Glut-DACH2-7","Ex_DACH2_ADAMTS5",0.764183247288118
"_AGGGTTTTCTTCACAT-6","Glut-DACH2-5","Ex_DACH2_MGAT4C",0.548693586135371
"_AGGTAGGAGAGCTGAC-6","Glut-DACH2-5","Ex_DACH2_GRIK4",0.539917243774436
"_AGGTAGGGTCTGCCTT-6","Glut-DACH2-8","Ex_DACH2_ZMAT4",0.769148750630554
"_AGGTAGGGTGAATGAT-6","Glut-DACH2-5","Ex_DACH2_ADAMTS5",0.411473990906153
"_AGGTAGGTCCAATCTT-6","Glut-DACH2-8","Ex_DACH2_ZMAT4",0.752508414237112
"_AGGTAGGTCTATTGTC-6","Glut-DACH2-8","Ex_DACH2_ZMAT4",0.848406838291882
"_AGGTCATAGATGACCG-6","Glut-DACH2-7","Ex_DACH2_MGAT4C",0.349631105789985
"_AGGTTACTCCTCGATC-6","Glut-DACH2-5","Ex_DACH2_ADAMTS5",0.634108638180173
"_AGGTTACTCTTAGCTT-6","Glut-DACH2-6","Ex_DACH2_CEMIP",0.754074919206224
"_AGGTTGTAGTGAGGCT-6","Glut-DACH2-5","Ex_DACH2_ADAMTS5",0.350618106099644
"_AGTAACCAGAGGTGCT-6","Glut-DACH2-5","Ex_DACH2_GRIK4",0.335649013344269
"_AGTAACCAGCATGATA-6","Glut-DACH2-5","Ex_DACH2_MGAT4C",0.411980841694786
"_AGTACCAAGGACAAGA-6","Glut-DACH2-6","Ex_DACH2_CEMIP",0.792674679963832
"_AGTACCAAGGGAGGTG-6","Glut-DACH2-6","Ex_DACH2_CEMIP",0.57213499330414
"_AGTACCAAGTCCCTAA-6","Glut-DACH2-6","Ex_DACH2_CEMIP",0.608111850543286
"_AGTACCACAATGAGCG-6","Glut-DACH2-8","Ex_DACH2_CEMIP",0.760371261502224
"_AGTACCATCCCAAGTA-6","Glut-DACH2-5","Ex_DACH2_GRIK4",0.417150600526277
"_AGTACCATCTAGCAAC-6","Glut-DACH2-5","Ex_DACH2_ADAMTS5",0.737897728154595
"_AGTACTGAGACGCATG-6","Glut-DACH2-7","Ex_DACH2_MGAT4C",0.387566429314901
"_AGTACTGCAGTTAAAG-6","Glut-DACH2-6","Ex_DACH2_CEMIP",0.944230720375472
"_AGTACTGGTAGAAACT-6","Glut-DACH2-7","Ex_DACH2_GRIK4",0.434931352361458
"_AGTACTGTCCTACCGT-6","Glut-DACH2-8","Ex_DACH2_ZMAT4",0.806689324711081
"_AGTAGCTCAATACGAA-6","Glut-DACH2-5","Ex_DACH2_LHX2",0.463483654834875
"_AGTAGCTTCATGTCAG-6","Glut-DACH2-7","Ex_DACH2_ADAMTS5",0.419773225870647
"_AGTAGTCAGAACTTCC-6","Glut-DACH2-7","Ex_DACH2_ADAMTS5",0.33399846133043
"_AGTAGTCTCCTAACAG-6","Glut-DACH2-7","Ex_DACH2_GRIK4",0.309074660336948
"_AGTCAACAGTGGAAAG-6","Glut-DACH2-8","Ex_DACH2_ZMAT4",0.693876098581994
"_AGTCAACCAGGCAATG-6","Glut-DACH2-6","Ex_DACH2_CEMIP",0.93246919716361
"_AGTCACACACGCTGTG-6","Glut-DACH2-5","Ex_DACH2_MGAT4C",0.574889813457771
"_AGTCACACACGTGTGC-6","Glut-DACH2-7","Ex_DACH2_NR4A3",0.725245936242019
"_AGTCACAGTCTCTCCA-6","Glut-DACH2-7","Ex_DACH2_MGAT4C",0.351542568507471
"_AGTCATGAGCGATCGA-6","Glut-DACH2-6","Ex_DACH2_CEMIP",0.92008468770999
"_AGTCATGGTGACTGAG-6","Glut-DACH2-5","Ex_DACH2_LHX2",0.620562606666403
"_AGTCATGTCGTTCCCA-6","Glut-DACH2-7","Ex_DACH2_NR4A3",0.386126797307224
"_AGTCTCCAGTGTAGAT-6","Glut-DACH2-6","Ex_DACH2_CEMIP",0.713927896900141
"_AGTCTCCGTAGTACGG-6","Glut-DACH2-8","Ex_DACH2_ZMAT4",0.544098593709945
"_AGTGACTAGACGCCAA-6","Glut-DACH2-5","Ex_DACH2_GRIK4",0.332376917458517
"_AGTGATCTCTCAACCC-6","Glut-DACH2-8","Ex_DACH2_ZMAT4",0.665580748481751
"_AGTGCCGAGGCGACAT-6","Glut-DACH2-5","Ex_DACH2_ADAMTS5",0.815096059124553
"_AGTGCCGGTCGCTCGA-6","Glut-DACH2-7","Ex_DACH2_GRIK4",0.67976649862661
"_AGTGCCGTCCTGCCAT-6","Glut-DACH2-8","Ex_DACH2_ZMAT4",0.704545484737628
"_AGTGTTGCACAGTATC-6","Glut-DACH2-7","Ex_DACH2_GRIK4",0.439886985768376
"_AGTGTTGGTTGCATAC-6","Glut-DACH2-5","Ex_DACH2_ADAMTS5",0.515748212526653
"_AGTTAGCAGGCACCAA-6","Glut-DACH2-1","Ex_DACH2_ADAMTS5",0.46404792495572
"_AGTTAGCGTCGGCTAC-6","Glut-DACH2-6","Ex_DACH2_CEMIP",1
"_AGTTAGCTCCACTGGG-6","Glut-DACH2-7","Ex_DACH2_GRIK4",0.489873234600862
"_AGTTCCCCAGTTGTCA-6","Glut-DACH2-5","Ex_DACH2_LHX2",0.504134894139233
"_AGTTCCCGTGCTCTCT-6","Glut-DACH2-7","Ex_DACH2_GRIK4",0.432673278271639
"_AGTTCGAAGGTTCTAC-6","Glut-DACH2-5","Ex_DACH2_GRIK4",0.370761246152898
"_AGTTCGACAATACGCT-6","Glut-DACH2-1","Ex_DACH2_ADAMTS5",0.716944327712302
"_AGTTCGATCTGGCTGG-6","Glut-DACH2-6","Ex_DACH2_CEMIP",0.907859499455297
"_AGTTCGATCTTTACAC-6","Glut-DACH2-5","Ex_DACH2_ADAMTS5",0.284598748483817
"_ATACCGATCCCGTGAG-6","Glut-DACH2-7","Ex_DACH2_GRIK4",0.468214850257708
"_ATACCTTAGCTGGCCT-6","Glut-DACH2-7","Ex_DACH2_NR4A3",0.326219025940413
"_ATACCTTCAGAGTGAC-6","Glut-DACH2-7","Ex_DACH2_GRIK4",0.491078253881891
"_ATAGACCCAATTGCCA-6","Glut-DACH2-6","Ex_DACH2_CEMIP",0.977954983425868
"_ATAGACCGTCAACGCC-6","Glut-DACH2-6","Ex_DACH2_CEMIP",0.708131636261313
"_ATAGACCGTCAGTCTA-6","Glut-DACH2-7","Ex_DACH2_GRIK4",0.537403556588504
"_ATAGACCTCGACCACG-6","Glut-DACH2-6","Ex_DACH2_ADAMTS5",0.392605451367953
"_ATAGAGAGTTATGGTC-6","Glut-DACH2-6","Ex_DACH2_CEMIP",0.924330461017092
"_ATAGAGATCTTTGGAG-6","Glut-DACH2-8","Ex_DACH2_ZMAT4",0.64307406238008
"_ATAGGCTAGAATAGTC-6","Glut-DACH2-7","Ex_DACH2_MGAT4C",0.825660048392745
"_ATAGGCTTCTTACTGT-6","Glut-DACH2-5","Ex_DACH2_LHX2",0.47321724190671
"_ATATCCTAGGGTGGGA-6","Glut-DACH2-8","Ex_DACH2_ZMAT4",0.728187434139073
"_ATATCCTAGTATGGAT-6","Glut-DACH2-6","Ex_DACH2_CEMIP",0.930731928851751
"_ATATCCTTCACTGAAC-6","Glut-DACH2-5","Ex_DACH2_GRIK4",0.33352389071553
"_ATCACAGAGATCGCCC-6","Glut-DACH2-7","Ex_DACH2_MGAT4C",0.402721544757574
"_ATCACAGAGTCTAGAA-6","Glut-DACH2-7","Ex_DACH2_GRIK4",0.615020618899311
"_ATCACAGCATACAGGG-6","Glut-DACH2-6","Ex_DACH2_ITGA9",0.535984653821922
"_ATCACAGGTATTCTCT-6","Glut-DACH2-8","Ex_DACH2_ZMAT4",0.576729805518001
"_ATCACGAAGGCTTCCG-6","Glut-DACH2-8","Ex_DACH2_ZMAT4",0.326318525247784
"_ATCACGACAGGGCTTC-6","Glut-DACH2-7","Ex_DACH2_GRIK4",0.823511477548541
"_ATCACGAGTAACGATA-6","Glut-DACH2-5","Ex_DACH2_ADAMTS5",0.808239823796229
"_ATCACTTAGGTACCTT-6","Glut-DACH2-7","Ex_DACH2_GRIK4",0.378075762521354
"_ATCACTTGTTCCGCGA-6","Glut-DACH2-5","Ex_DACH2_ADAMTS5",0.869757787746751
"_ATCACTTTCAAAGAAC-6","Glut-DACH2-8","Ex_DACH2_ZMAT4",0.714336019811684
"_ATCACTTTCTTAAGGC-6","Glut-DACH2-5","Ex_DACH2_ADAMTS5",0.573659915441976
"_ATCAGGTGTACCGGAA-6","Glut-DACH2-8","Ex_DACH2_ZMAT4",0.776817409933971
"_ATCAGGTTCAATCCGA-6","Glut-DACH2-8","Ex_DACH2_ZMAT4",0.505500615964979
"_ATCATTCAGAGAAGGT-6","Glut-DACH2-6","Ex_DACH2_CEMIP",0.987493831183483
"_ATCATTCAGGTAGTCG-6","Glut-DACH2-8","Ex_DACH2_ZMAT4",0.522019494287733
"_ATCATTCCATCCGTGG-6","Glut-DACH2-6","Ex_DACH2_CEMIP",0.673535350199484
"_ATCATTCGTAGGTGCA-6","Glut-DACH2-7","Ex_DACH2_ADAMTS5",0.449660627115453
"_ATCATTCTCGACGCTG-6","Glut-DACH2-7","Ex_DACH2_GRIK4",0.365730495572186
"_ATCCACCGTTAATGAG-6","Glut-DACH2-7","Ex_DACH2_GRIK4",0.467168415953318
"_ATCCACCTCTGAATCG-6","Glut-DACH2-6","Ex_DACH2_CEMIP",0.945086720833044
"_ATCCATTCAGAAGTTA-6","Glut-DACH2-8","Ex_DACH2_ZMAT4",0.605211144082672
"_ATCCATTGTGTGTTTG-6","Glut-DACH2-7","Ex_DACH2_MGAT4C",0.470102379951969
"_ATCCATTGTTACCGTA-6","Glut-DACH2-6","Ex_DACH2_CEMIP",1
"_ATCCATTTCGGCATAT-6","Glut-DACH2-7","Ex_BCL6",0.262622751144744
"_ATCCCTGAGTGGGAAA-6","Glut-DACH2-5","Ex_DACH2_LHX2",0.511162143627199
"_ATCCCTGCACCAGCCA-6","Glut-DACH2-5","Ex_DACH2_ADAMTS5",0.809720181884879
"_ATCCCTGCATGGGCAA-6","Glut-DACH2-7","Ex_DACH2_GRIK4",0.688748525755279
"_ATCCCTGGTAATGATG-6","Glut-DACH2-6","Ex_DACH2_CEMIP",0.907827294502532
"_ATCCCTGGTAGACAAT-6","Glut-DACH2-7","Ex_DACH2_MGAT4C",0.455034579597136
"_ATCCGTCAGACCATTC-6","Glut-DACH2-5","Ex_DACH2_MGAT4C",0.286237821552951
"_ATCCGTCAGGCATCGA-6","Glut-DACH2-7","Ex_DACH2_NR4A3",0.506638961102266
"_ATCCGTCTCAAACGTC-6","Glut-DACH2-5","Ex_DACH2_ADAMTS5",0.869310443680974
"_ATCCGTCTCTTGTGCC-6","Glut-DACH2-5","Ex_DACH2_NR4A3",0.4610015759522
"_ATCCTATTCACCCTGT-6","Glut-DACH2-8","Ex_DACH2_ZMAT4",0.622932955379191
"_ATCGATGAGAATAGTC-6","Glut-DACH2-5","Ex_DACH2_MGAT4C",0.383424075879215
"_ATCGATGTCCACTTTA-6","Glut-DACH2-5","Ex_DACH2_ADAMTS5",0.862732156461153
"_ATCGCCTCAATCGTCA-6","Glut-DACH2-6","Ex_DACH2_CEMIP",0.678202095625259
"_ATCGGATGTGATACAA-6","Glut-DACH2-7","Ex_DACH2_MGAT4C",0.245428198379041
"_ATCGGATGTTGTAAAG-6","Glut-DACH2-6","Ex_DACH2_CEMIP",0.921478536721163
"_ATCGTAGAGGATGAGA-6","Glut-DACH2-8","Ex_DACH2_ZMAT4",0.623362116637649
"_ATCGTAGCAGATCACT-6","Glut-DACH2-7","Ex_DACH2_MGAT4C",0.453601320944338
"_ATCGTAGCAGCGCTTG-6","Glut-DACH2-7","Ex_DACH2_GRIK4",0.333717492614187
"_ATCGTAGTCCAACCGG-6","Glut-DACH2-5","Ex_DACH2_ADAMTS5",0.337801816150462
"_ATCGTCCCAACGGCTC-6","Glut-DACH2-5","Ex_DACH2_GRIK4",0.365705408642013
"_ATCGTCCCACCCTATC-6","Glut-DACH2-7","Ex_DACH2_GRIK4",0.394323955747927
"_ATCGTCCGTTCTCCAC-6","Glut-DACH2-5","Ex_DACH2_ADAMTS5",0.327984715747285
"_ATCGTGACACACGTGC-6","Glut-DACH2-7","Ex_DACH2_GRIK4",0.550665668211388
"_ATCGTGAGTACTCAAC-6","Glut-DACH2-7","Ex_DACH2_ADAMTS5",0.584357218072982
"_ATCTCTAAGATTGCGG-6","Glut-DACH2-7","Ex_DACH2_GRIK4",0.320658785286677
"_ATCTCTAAGCCGGAAT-6","Glut-DACH2-5","Ex_DACH2_GRIK4",0.313666815424385
"_ATCTCTACATGAATAG-6","Glut-DACH2-7","Ex_DACH2_ADAMTS5",0.418474420421555
"_ATCTCTACATGACAAA-6","Glut-DACH2-7","Ex_DACH2_GRIK4",0.791975831781473
"_ATCTTCAGTTCACGAT-6","Glut-DACH2-5","Ex_DACH2_LHX2",0.63578779723667
"_ATCTTCATCGGCAGTC-6","Glut-DACH2-6","Ex_DACH2_CEMIP",0.919293171150214
"_ATGAAAGAGGAACGCT-6","Glut-DACH2-7","Ex_DACH2_ITGA9",0.396103697586728
"_ATGAAAGAGTAACGTA-6","Glut-DACH2-7","Ex_DACH2_ADAMTS5",0.415797144318892
"_ATGAAAGAGTAGCATA-6","Glut-DACH2-1","Ex_DACH2_ADAMTS5",0.521744895590079
"_ATGAAAGGTCGAGCTC-6","Glut-DACH2-8","Ex_DACH2_CEMIP",0.943188582073557
"_ATGAAAGGTTGCTCGG-6","Glut-DACH2-8","Ex_DACH2_ZMAT4",0.80282094237244
"_ATGAAAGTCGGCCTTT-6","Glut-DACH2-6","Ex_DACH2_CEMIP",0.503790507705334
"_ATGAAAGTCTCTGCCA-6","Glut-DACH2-8","Ex_DACH2_CEMIP",0.504064236736348
"_ATGAGGGGTTGGAGGT-6","Glut-DACH2-6","Ex_DACH2_ITGA9",0.751210065743281
"_ATGAGGGTCGTGGACC-6","Glut-DACH2-5","Ex_DACH2_NR4A3",0.299592479702144
"_ATGAGTCAGCGTCTCG-6","Glut-DACH2-7","Ex_DACH2_NR4A3",0.29874687420489
"_ATGAGTCAGTCTAGCT-6","Glut-DACH2-7","Ex_DACH2_GRIK4",0.466919493934897
"_ATGAGTCCAAATCGTC-6","Glut-DACH2-5","Ex_DACH2_ADAMTS5",0.6124633514713
"_ATGAGTCGTGTACGCC-6","Glut-DACH2-7","Ex_DACH2_GRIK4",0.353947522148122
"_ATGAGTCTCAACTGGT-6","Glut-DACH2-5","Ex_DACH2_ADAMTS5",0.812441546121455
"_ATGAGTCTCCGCAAAT-6","Glut-DACH2-6","Ex_DACH2_CEMIP",0.58646794324446
"_ATGCATGAGGGCAGTT-6","Glut-DACH2-6","Ex_DACH2_ITGA9",0.372672213214724
"_ATGCATGCACTATGTG-6","Glut-DACH2-5","Ex_DACH2_GRIK4",0.386949550798032
"_ATGCATGTCAAGGAGC-6","Glut-DACH2-7","Ex_DACH2_ZMAT4",0.26280161862076
"_ATGCATGTCACGATAC-6","Glut-DACH2-5","Ex_DACH2_LHX2",0.396128873233123
"_ATGCCTCCAGGTACGA-6","Glut-DACH2-5","Ex_DACH2_ADAMTS5",0.623076250217029
"_ATGCCTCTCATGAGAA-6","Glut-DACH2-8","Ex_DACH2_ZMAT4",0.742291723398495
"_ATGCGATAGACTTCCA-6","Glut-DACH2-8","Ex_DACH2_ZMAT4",0.624649879807038
"_ATGGATCCACACGGAA-6","Glut-DACH2-6","Ex_DACH2_CEMIP",0.43698116731607
"_ATGGATCGTCTTAGTG-6","Glut-DACH2-6","Ex_DACH2_CEMIP",0.976424172053619
"_ATGGGAGTCCAATCCC-6","Glut-DACH2-5","Ex_DACH2_GRIK4",0.467427700393957
"_ATGGGAGTCGTGGCGT-6","Glut-DACH2-8","Ex_DACH2_ZMAT4",0.64531608139438
"_ATGGGTTCAGCCCAGT-6","Glut-DACH2-7","Ex_DACH2_GRIK4",0.376916050230403
"_ATGGGTTCATAGTCAC-6","Glut-DACH2-8","Ex_DACH2_ZMAT4",0.698689958946361
"_ATGGTTGCAGAAGCTG-6","Glut-DACH2-7","Ex_DACH2_GRIK4",0.37455572332926
"_ATGGTTGCATGTAACC-6","Glut-DACH2-7","Ex_DACH2_MGAT4C",0.384180863635015
"_ATGGTTGGTCTCGGAC-6","Glut-DACH2-6","Ex_DACH2_CEMIP",0.957949413367097
"_ATGGTTGGTGGCAGAT-6","Glut-DACH2-8","Ex_DACH2_ZMAT4",0.546805926885584
"_ATGGTTGTCAGCGTCG-6","Glut-DACH2-5","Ex_DACH2_LHX2",0.405658163970957
"_ATGGTTGTCAGGTAAA-6","Glut-DACH2-7","Ex_DACH2_GRIK4",0.505213054562157
"_ATGTCCCAGGCTTAGG-6","Glut-DACH2-8","Ex_DACH2_ZMAT4",0.628487978237409
"_ATGTCCCGTACAGGTG-6","Glut-DACH2-7","Ex_DACH2_MGAT4C",0.302752338794579
"_ATGTCCCGTCGTGCCA-6","Glut-DACH2-5","Ex_DACH2_ADAMTS5",0.263375542055112
"_ATGTCCCGTGGTCTCG-6","Glut-DACH2-8","Ex_DACH2_ZMAT4",0.757512592996291
"_ATGTCTTCAGTTAAAG-6","Glut-DACH2-6","Ex_DACH2_ITGA9",0.575969916495691
"_ATGTCTTCATGGCCAC-6","Glut-DACH2-8","Ex_DACH2_ZMAT4",0.482787117989735
"_ATTACCTAGCACCGTC-6","Glut-DACH2-6","Ex_DACH2_CEMIP",0.958948348326769
"_ATTACCTAGGTCATAA-6","Glut-DACH2-8","Ex_DACH2_ZMAT4",0.744168588271036
"_ATTACTCCAAGTGGTG-6","Glut-DACH2-7","Ex_DACH2_MGAT4C",0.31894470776283
"_ATTACTCCAATTCGTG-6","Glut-DACH2-6","Ex_DACH2_CEMIP",0.692224220391654
"_ATTACTCCAGCCGTTG-6","Glut-DACH2-5","Ex_DACH2_GRIK4",0.385340446671526
"_ATTATCCAGTCTGCAT-6","Glut-DACH2-5","Ex_DACH2_GRIK4",0.294264983848584
"_ATTATCCTCTAGTGAC-6","Glut-DACH2-7","Ex_DACH2_MGAT4C",0.354807921198551
"_ATTATCCTCTCGTGAA-6","Glut-DACH2-7","Ex_DACH2_ADAMTS5",0.603050541362517
"_ATTCACTAGGACCCAA-6","Glut-DACH2-5","Ex_DACH2_LHX2",0.501712876433664
"_ATTCACTAGTTGCGCC-6","Glut-DACH2-6","Ex_DACH2_ITGA9",0.583490459692818
"_ATTCACTGTGATACCT-6","Glut-DACH2-7","Ex_DACH2_MGAT4C",0.385044686338216
"_ATTCAGGAGAGTTGTA-6","Glut-DACH2-8","Ex_DACH2_ZMAT4",0.506837648073589
"_ATTCAGGCATTGGCAT-6","Glut-DACH2-6","Ex_DACH2_ZMAT4",0.420537065098203
"_ATTCAGGTCGGTTCAA-6","Glut-DACH2-5","Ex_DACH2_MGAT4C",0.448882256547396
"_ATTCATCCACTTCTCG-6","Glut-DACH2-7","Ex_DACH2_NR4A3",0.267713612890182
"_ATTCATCTCAAGCCCG-6","Glut-DACH2-7","Ex_DACH2_LHX2",0.440642480993061
"_ATTCCATAGCACTCGC-6","Glut-DACH2-8","Ex_DACH2_ZMAT4",0.779900611955601
"_ATTCCATCAGTCTTCC-6","Glut-DACH2-6","Ex_DACH2_ZMAT4",0.740307563365928
"_ATTCCATTCCCGATCT-6","Glut-DACH2-1","Ex_DACH2_GRIK4",0.732983509314581
"_ATTCCATTCCTTGAAG-6","Glut-DACH2-8","Ex_DACH2_ZMAT4",0.788154297303965
"_ATTCCCGCATTAAGCC-6","Glut-DACH2-8","Ex_DACH2_ZMAT4",0.703300408829232
"_ATTCCCGGTACAAGTA-6","Glut-DACH2-6","Ex_DACH2_CEMIP",0.81210503909121
"_ATTCCCGTCGTTAGAC-6","Glut-DACH2-5","Ex_DACH2_MGAT4C",0.310295628867399
"_ATTCCTAAGTATGCAA-6","Glut-DACH2-6","Ex_DACH2_ZMAT4",0.546263475848413
"_ATTCCTAGTAACACCT-6","Glut-DACH2-5","Ex_DACH2_LHX2",0.242627158602439
"_ATTCGTTCATCGAACT-6","Glut-DACH2-7","Ex_DACH2_GRIK4",0.590027939163684
"_ATTCGTTGTACCACGC-6","Glut-DACH2-6","Ex_DACH2_ZMAT4",0.7128870488215
"_ATTCTTGTCTCGGTAA-6","Glut-DACH2-5","Ex_DACH2_MGAT4C",0.472206042086926
"_ATTGGGTAGGCGATAC-6","Glut-DACH2-7","Ex_DACH2_MGAT4C",0.484128874518209
"_ATTGTTCCAATGTCAC-6","Glut-DACH2-6","Ex_DACH2_CEMIP",0.938523003431927
"_ATTGTTCCAGATCACT-6","Glut-DACH2-5","Ex_DACH2_LHX2",0.580449745029455
"_ATTGTTCGTAAGTCAA-6","Glut-DACH2-7","Ex_DACH2_ADAMTS5",0.517523487136991
"_ATTGTTCTCCTCACGT-6","Glut-DACH2-5","Ex_DACH2_GRIK4",0.402827060794611
"_ATTGTTCTCTGGTGGC-6","Glut-DACH2-6","Ex_DACH2_CEMIP",0.592542660986253
"_ATTTACCTCCAAATGC-6","Glut-DACH2-7","Ex_DACH2_GRIK4",0.366770268201327
"_ATTTCACCAACAGAGC-6","Glut-DACH2-7","Ex_DACH2_GRIK4",0.358348151094173
"_ATTTCACTCTGTACAG-6","Glut-DACH2-8","Ex_DACH2_ZMAT4",0.6140867130171
"_ATTTCTGAGCGAGGAG-6","Glut-DACH2-7","Ex_DACH2_GRIK4",0.538734881717202
"_ATTTCTGGTAAGGCCA-6","Glut-DACH2-6","Ex_DACH2_CEMIP",0.991408945865734
"_ATTTCTGGTAGAAACT-6","Glut-DACH2-7","Ex_DACH2_LHX2",0.458745839931248
"_ATTTCTGGTTGACGGA-6","Glut-DACH2-7","Ex_DACH2_NR4A3",0.388817670658783
"_ATTTCTGTCACCCTGT-6","Glut-DACH2-7","Ex_DACH2_MGAT4C",0.436402992899237
"_CAAAGAAAGTAGAATC-6","Glut-DACH2-6","Ex_DACH2_CEMIP",0.95350422168069
"_CAAAGAACAAAGACTA-6","Glut-DACH2-7","Ex_DACH2_GRIK4",0.460175490746956
"_CAAAGAAGTGGCTTAT-6","Glut-DACH2-5","Ex_DACH2_LHX2",0.312102363023462
"_CAACAACGTGTCCGTG-6","Glut-DACH2-5","Ex_DACH2_ADAMTS5",0.677467447331965
"_CAACAGTTCATACGGT-6","Glut-DACH2-6","Ex_DACH2_ZMAT4",0.364950286774909
"_CAACCAACAGCGACAA-6","Glut-DACH2-5","Ex_DACH2_GRIK4",0.470971410790104
"_CAACCAATCACTGCTC-6","Glut-DACH2-5","Ex_DACH2_ADAMTS5",0.509984038131691
"_CAACCAATCTTGGGCG-6","Glut-DACH2-5","Ex_DACH2_MGAT4C",0.656391973695327
"_CAACCTCAGAAACCCG-6","Glut-DACH2-7","Ex_DACH2_NR4A3",0.917241691264017
"_CAACCTCAGATACCAA-6","Glut-DACH2-7","Ex_DACH2_GRIK4",0.515710020618294
"_CAACCTCGTACGAGCA-6","Glut-DACH2-6","Ex_DACH2_CEMIP",0.662518509420359
"_CAACGATAGAGAAGGT-6","Glut-DACH2-6","Ex_DACH2_CEMIP",0.946325816324239
"_CAACGATGTTAAGACA-6","Glut-DACH2-7","Ex_DACH2_GRIK4",0.491832261666241
"_CAACGATTCAGAGTTC-6","Glut-DACH2-6","Ex_DACH2_ITGA9",0.292180119517587
"_CAACGATTCGAACGCC-6","Glut-DACH2-8","Ex_DACH2_ZMAT4",0.779078810215352
"_CAACGGCCACACTTAG-6","Glut-DACH2-7","Ex_DACH2_MGAT4C",0.385546165004653
"_CAACGGCCACGCAAAG-6","Glut-DACH2-6","Ex_DACH2_CEMIP",0.91624976575701
"_CAACGGCCATGACTGT-6","Glut-DACH2-6","Ex_DACH2_CEMIP",1
"_CAACGGCGTAGGGTAC-6","Glut-DACH2-8","Ex_DACH2_ZMAT4",0.599926167955222
"_CAACGGCGTGGTCAAG-6","Glut-DACH2-6","Ex_DACH2_CEMIP",0.959289377085343
"_CAAGACTAGCAACAAT-6","Glut-DACH2-5","Ex_DACH2_GRIK4",0.37347547522389
"_CAAGACTAGGCCTTCG-6","Glut-DACH2-7","Ex_DACH2_GRIK4",0.662500125068383
"_CAAGACTAGTATTGCC-6","Glut-DACH2-7","Ex_DACH2_LHX2",0.32002815131502
"_CAAGAGGAGACCTTTG-6","Glut-DACH2-6","Ex_DACH2_CEMIP",0.911839477416253
"_CAAGAGGGTCCCTCAT-6","Glut-DACH2-6","Ex_DACH2_ZMAT4",0.608066184159777
"_CAAGAGGTCAGGTGTT-6","Glut-DACH2-8","Ex_DACH2_ZMAT4",0.63797978824192
"_CAAGAGGTCCCGGTAG-6","Glut-DACH2-7","Ex_DACH2_LHX2",0.496994884300625
"_CAAGCTAAGTCAGCGA-6","Glut-DACH2-5","Ex_DACH2_ADAMTS5",0.789582320626321
"_CAAGCTATCGCAACAT-6","Glut-DACH2-5","Ex_DACH2_MGAT4C",0.517573124485564
"_CAAGGGAAGAAACTAC-6","Glut-DACH2-6","Ex_DACH2_CEMIP",0.483658475516592
"_CAAGGGAGTCGAGTGA-6","Glut-DACH2-7","Ex_DACH2_MGAT4C",0.457157028910117
"_CAAGGGATCACCGACG-6","Glut-DACH2-5","Ex_DACH2_LHX2",0.491455150096095
"_CAAGGGATCGCTACAA-6","Glut-DACH2-7","Ex_DACH2_ADAMTS5",0.442389572019941
"_CAATACGAGATGCCGA-6","Glut-DACH2-5","Ex_DACH2_GRIK4",0.50128036675525
"_CAATACGGTGGCAGAT-6","Glut-DACH2-6","Ex_DACH2_CEMIP",0.483531873834282
"_CAATACGTCTATCGGA-6","Glut-DACH2-8","Ex_DACH2_CEMIP",0.611652530863566
"_CAATCGACAGCAGTCC-6","Glut-DACH2-7","Ex_DACH2_ADAMTS5",0.440107165934047
"_CAATGACCACGTCTCT-6","Glut-DACH2-6","Ex_DACH2_ZMAT4",0.695095699696474
"_CAATTTCCACGAGGAT-6","Glut-DACH2-7","Ex_DACH2_ADAMTS5",0.35370796905887
"_CAATTTCCACTAACCA-6","Glut-DACH2-5","Ex_DACH2_LHX2",0.526540455501249
"_CACAACAGTAATGCGG-6","Glut-DACH2-6","Ex_DACH2_CEMIP",0.976763855122868
"_CACAACAGTAGGCAGT-6","Glut-DACH2-5","Ex_DACH2_GRIK4",0.287128540429303
"_CACAACAGTAGTTCCA-6","Glut-DACH2-1","Ex_DACH2_ADAMTS5",0.428072382187821
"_CACACAAAGCCTCATA-6","Glut-DACH2-6","Ex_DACH2_ZMAT4",0.711556718508053
"_CACACAACAGCCCACA-6","Glut-DACH2-7","Ex_DACH2_GRIK4",0.49953311675204
"_CACAGATAGAGGTCAC-6","Glut-DACH2-7","Ex_DACH2_MGAT4C",0.371349637819995
"_CACAGGCAGGCCCAAA-6","Glut-DACH2-7","Ex_DACH2_MGAT4C",0.422212697264296
"_CACAGGCCACTAGTAC-6","Glut-DACH2-6","Ex_DACH2_CEMIP",0.973210256028769
"_CACATGAGTCGTTGCG-6","Glut-DACH2-6","Ex_DACH2_CEMIP",0.952937429062695
"_CACATGATCGTAGCCG-6","Glut-DACH2-6","Ex_DACH2_CEMIP",1
"_CACATGATCTCCTGCA-6","Glut-DACH2-8","Ex_DACH2_ZMAT4",0.637411974992025
"_CACCAAAGTAACGCGA-6","Glut-DACH2-7","Ex_DACH2_GRIK4",0.29414355416981
"_CACCAAATCATCTACT-6","Glut-DACH2-6","Ex_DACH2_ZMAT4",0.658962967241813
"_CACCAAATCGTAGTCA-6","Glut-DACH2-7","Ex_DACH2_GRIK4",0.660321339492913
"_CACCGTTAGTCAGAGC-6","Glut-DACH2-6","Ex_DACH2_CEMIP",1
"_CACCGTTCAAGTGGAC-6","Glut-DACH2-6","Ex_DACH2_ZMAT4",0.500304604118329
"_CACCGTTCACAAGTTC-6","Glut-DACH2-7","Ex_DACH2_MGAT4C",0.761125913558302
"_CACCGTTGTAAGGCTG-6","Glut-DACH2-6","Ex_DACH2_CEMIP",0.638688875334182
"_CACCGTTGTAGCGCTC-6","Glut-DACH2-5","Ex_DACH2_LHX2",0.377264852095787
"_CACCGTTGTCGAGTGA-6","Glut-DACH2-7","Ex_DACH2_LHX2",0.451495713057115
"_CACCGTTGTTCGGCGT-6","Glut-DACH2-7","Ex_DACH2_NR4A3",0.616348686593795
"_CACCGTTTCCCAGTGG-6","Glut-DACH2-7","Ex_DACH2_ADAMTS5",0.338403876657037
"_CACGAATCACTTGTGA-6","Glut-DACH2-6","Ex_DACH2_CEMIP",0.960228221451967
"_CACGAATTCGTAGGAG-6","Glut-DACH2-1","Ex_DACH2_GRIK4",0.532986653594484
"_CACGGGTAGCTATCTG-6","Glut-DACH2-5","Ex_DACH2_LHX2",0.619654334334625
"_CACGGGTAGTTTGGCT-6","Glut-DACH2-6","Ex_DACH2_CEMIP",0.721714135780261
"_CACGGGTCAGAACTAA-6","Glut-DACH2-5","Ex_DACH2_ADAMTS5",0.327095398910243
"_CACGTGGAGTCAGCGA-6","Glut-DACH2-6","Ex_DACH2_CEMIP",0.974277668074841
"_CACGTGGGTAGACGGT-6","Glut-DACH2-6","Ex_DACH2_CEMIP",0.685102344486199
"_CACGTGGTCAAAGAAC-6","Glut-DACH2-5","Ex_DACH2_MGAT4C",0.390824543587085
"_CACGTGGTCTCCGAGG-6","Glut-DACH2-6","Ex_DACH2_CEMIP",1
"_CACGTTCGTCAAACGG-6","Glut-DACH2-5","Ex_DACH2_LHX2",0.45755396939927
"_CACGTTCGTGTCTCCT-6","Glut-DACH2-5","Ex_DACH2_LHX2",0.37012257289173
"_CACGTTCTCGACATAC-6","Glut-DACH2-5","Ex_DACH2_ADAMTS5",0.393035368257991
"_CACGTTCTCTATTGTC-6","Glut-DACH2-7","Ex_DACH2_MGAT4C",0.717948646086845
"_CACTGAAAGGTTTGAA-6","Glut-DACH2-8","Ex_DACH2_ZMAT4",0.695901195745953
"_CACTGAAGTCCTGGGT-6","Glut-DACH2-8","Ex_DACH2_ZMAT4",0.767587239422838
"_CACTGAAGTTCCACGG-6","Glut-DACH2-5","Ex_DACH2_ADAMTS5",0.441868699690778
"_CACTGGGAGCGATTCT-6","Glut-DACH2-6","Ex_DACH2_CEMIP",0.964265676245356
"_CACTGGGCACACGCCA-6","Glut-DACH2-7","Ex_DACH2_MGAT4C",0.361912494597809
"_CACTGGGTCCGATTAG-6","Glut-DACH2-5","Ex_DACH2_ADAMTS5",0.769289932274303
"_CACTTCGTCCGAGTGC-6","Glut-DACH2-5","Ex_DACH2_MGAT4C",0.365465168832694
"_CAGAGCCCAATCAGCT-6","Glut-DACH2-7","Ex_DACH2_GRIK4",0.35447141632628
"_CAGAGCCTCACCCTGT-6","Glut-DACH2-8","Ex_DACH2_ZMAT4",0.437474790324299
"_CAGAGCCTCTATGTGG-6","Glut-DACH2-8","Ex_DACH2_ZMAT4",0.819329130839593
"_CAGATACAGGACTGGT-6","Glut-DACH2-7","Ex_DACH2_NR4A3",0.577616112122246
"_CAGATACAGGGCCCTT-6","Glut-DACH2-6","Ex_DACH2_CEMIP",0.682897919241606
"_CAGATACCACAACGTT-6","Glut-DACH2-5","Ex_DACH2_ADAMTS5",0.886826776691296
"_CAGATACGTGGTCTAT-6","Glut-DACH2-1","Ex_DACH2_MGAT4C",0.391787130971515
"_CAGATACTCTGACAGT-6","Glut-DACH2-8","Ex_DACH2_ZMAT4",0.61453713350118
"_CAGATCAAGTATAGAC-6","Glut-DACH2-7","Ex_DACH2_NR4A3",0.788538075243652
"_CAGATCAGTTTCGCTC-6","Glut-DACH2-7","Ex_DACH2_NR4A3",0.447374654762361
"_CAGATCATCTCTGGTC-6","Glut-DACH2-1","Ex_DACH2_NR4A3",0.758817212188527
"_CAGATTGAGTTCACTG-6","Glut-DACH2-1","Ex_DACH2_NR4A3",0.650287088527818
"_CAGATTGCACAGTGAG-6","Glut-DACH2-5","Ex_DACH2_MGAT4C",0.47953632627756
"_CAGATTGCATCTTTCA-6","Glut-DACH2-6","Ex_DACH2_CEMIP",0.900711781201367
"_CAGATTGGTGTCACAT-6","Glut-DACH2-6","Ex_DACH2_CEMIP",0.955059031712496
"_CAGCAATTCTTTGGAG-6","Glut-DACH2-6","Ex_DACH2_ITGA9",0.529338660386528
"_CAGCACGAGGGAGGCA-6","Glut-DACH2-7","Ex_DACH2_LHX2",0.480963931361572
"_CAGCACGGTTGTTTGG-6","Glut-DACH2-6","Ex_DACH2_CEMIP",0.952466182848236
"_CAGCACGTCGTAGCCG-6","Glut-DACH2-7","Ex_DACH2_GRIK4",0.648424476568693
"_CAGCAGCAGACCGTTT-6","Glut-DACH2-7","Ex_DACH2_MGAT4C",0.794813382592555
"_CAGCAGCAGACTCTAC-6","Glut-DACH2-5","Ex_DACH2_MGAT4C",0.337654956080823
"_CAGCAGCGTCAAGGCA-6","Glut-DACH2-5","Ex_DACH2_ADAMTS5",0.842247486409857
"_CAGCCAGAGTATAGAC-6","Glut-DACH2-6","Ex_DACH2_ZMAT4",0.430333378624696
"_CAGCCAGCACATTCTT-6","Glut-DACH2-7","Ex_DACH2_ADAMTS5",0.365289743424431
"_CAGCCAGTCGACCAAT-6","Glut-DACH2-6","Ex_DACH2_CEMIP",0.837340188173337
"_CAGCGTGGTAATGTGA-6","Glut-DACH2-5","Ex_DACH2_ADAMTS5",0.827247035792947
"_CAGCGTGTCTTAGCCC-6","Glut-DACH2-5","Ex_DACH2_ADAMTS5",0.39924793789262
"_CAGGCCAAGCTCTTCC-6","Glut-DACH2-6","Ex_DACH2_CEMIP",0.71256927325341
"_CAGGCCAAGGCTTAGG-6","Glut-DACH2-5","Ex_DACH2_ADAMTS5",0.705685253483562
"_CAGGCCATCGTTTACT-6","Glut-DACH2-6","Ex_DACH2_CEMIP",0.808755351707423
"_CAGGGCTAGATGGGCT-6","Glut-DACH2-1","Ex_DACH2_ADAMTS5",0.391291156045271
"_CAGGGCTGTAACGGTG-6","Glut-DACH2-6","Ex_DACH2_ITGA9",0.570554782826782
"_CAGGGCTGTACTCGTA-6","Glut-DACH2-5","Ex_DACH2_GRIK4",0.385077149394012
"_CAGGTATCACTCTGCT-6","Glut-DACH2-6","Ex_DACH2_CEMIP",0.943001091436011
"_CAGGTATCATAATCCG-6","Glut-DACH2-6","Ex_DACH2_CEMIP",0.729088266011122
"_CAGGTATTCAATCAGC-6","Glut-DACH2-7","Ex_DACH2_MGAT4C",0.400042842080391
"_CAGGTATTCGCAGTTA-6","Glut-DACH2-8","Ex_DACH2_ZMAT4",0.676419944564029
"_CAGTGCGGTCGCACGT-6","Glut-DACH2-6","Ex_DACH2_CEMIP",0.945686330453647
"_CAGTTAGAGGGTAGCT-6","Glut-DACH2-6","Ex_DACH2_CEMIP",0.92138461231346
"_CAGTTAGTCAAGATAG-6","Glut-DACH2-5","Ex_DACH2_ADAMTS5",0.614493396203458
"_CAGTTAGTCCTCAGAA-6","Glut-DACH2-5","Ex_DACH2_GRIK4",0.39902083879368
"_CAGTTAGTCCTTCGAC-6","Glut-DACH2-6","Ex_DACH2_CEMIP",1
"_CAGTTCCCACATACTG-6","Glut-DACH2-7","Ex_DACH2_NR4A3",0.213105867310476
"_CAGTTCCGTGAAGCGT-6","Glut-DACH2-5","Ex_DACH2_ADAMTS5",0.564266184996162
"_CAGTTCCTCTGGGATT-6","Glut-DACH2-5","Ex_DACH2_ADAMTS5",0.798554243353789
"_CATAAGCCAAGCCCAC-6","Glut-DACH2-5","Ex_DACH2_ADAMTS5",0.403152880204424
"_CATAAGCCAAGTCGTT-6","Glut-DACH2-5","Ex_DACH2_ADAMTS5",0.650933965731308
"_CATAAGCCAGCAGGAT-6","Glut-DACH2-6","Ex_DACH2_CEMIP",0.458454691621609
"_CATACCCGTAAGCTCT-6","Glut-DACH2-6","Ex_DACH2_CEMIP",0.336579462848779
"_CATACCCTCCCAGGCA-6","Glut-DACH2-LMANsh","Ex_DACH2_GRIK4",0.444568304683202
"_CATACTTGTGGATCAG-6","Glut-DACH2-7","Ex_DACH2_MGAT4C",0.443179407304437
"_CATACTTGTGTATCCA-6","Glut-DACH2-5","Ex_DACH2_ADAMTS5",0.423533344933799
"_CATACTTGTTGCAAGG-6","Glut-DACH2-8","Ex_DACH2_ZMAT4",0.693327896079937
"_CATACTTTCCTCTCTT-6","Glut-DACH2-7","Ex_DACH2_GRIK4",0.641609374420861
"_CATAGACAGAAACCCG-6","Glut-DACH2-7","Ex_DACH2_MGAT4C",0.498415863627034
"_CATAGACAGCTACTAC-6","Glut-DACH2-6","Ex_DACH2_CEMIP",0.976243061355109
"_CATAGACTCCTCTAGC-6","Glut-DACH2-8","Ex_DACH2_ZMAT4",0.606442162215819
"_CATAGACTCGGCTGGT-6","Glut-DACH2-6","Ex_DACH2_CEMIP",0.968230804154112
"_CATCAAGAGCGAGTAC-6","Glut-DACH2-LMANsh","Ex_DACH2_LHX2",0.589890459443063
"_CATCAAGGTCCAGCAC-6","Glut-DACH2-5","Ex_DACH2_MGAT4C",0.46853825470376
"_CATCCACCAGACCGCT-6","Glut-DACH2-7","Ex_DACH2_MGAT4C",0.419537310243366
"_CATCCACGTTCACCGG-6","Glut-DACH2-7","Ex_DACH2_ADAMTS5",0.417508283549402
"_CATCCCACAAATCAGA-6","Glut-DACH2-7","Ex_DACH2_GRIK4",0.550336508678492
"_CATCCCACAAGTAGTA-6","Glut-DACH2-5","Ex_DACH2_GRIK4",0.437274662917895
"_CATCCCAGTGTCATTG-6","Glut-DACH2-8","Ex_DACH2_ZMAT4",0.639952729483833
"_CATCCCATCACCTGGG-6","Glut-DACH2-7","Ex_DACH2_MGAT4C",0.528809480455102
"_CATCCCATCCGCTAGG-6","Glut-DACH2-5","Ex_DACH2_LHX2",0.404635561978948
"_CATCGCTCAACACGAG-6","Glut-DACH2-6","Ex_DACH2_ZMAT4",0.513233935570399
"_CATCGCTCACTGTGTA-6","Glut-DACH2-6","Ex_DACH2_CEMIP",0.666401913852631
"_CATCGCTTCAAAGGAT-6","Glut-DACH2-5","Ex_DACH2_GRIK4",0.561131047064555
"_CATCGCTTCACCATGA-6","Glut-DACH2-8","Ex_DACH2_ZMAT4",0.801041180468127
"_CATCGGGCAACAACAA-6","Glut-DACH2-5","Ex_DACH2_LHX2",0.60583271051501
"_CATCGGGCAATTGCTG-6","Glut-DACH2-5","Ex_DACH2_ADAMTS5",0.386089208209642
"_CATCGTCCAACCGACC-6","Glut-DACH2-7","Ex_DACH2_GRIK4",0.624282659081575
"_CATCGTCGTAAGCAAT-6","Glut-DACH2-7","Ex_DACH2_MGAT4C",0.393172353545756
"_CATGAGTCATCCGATA-6","Glut-DACH2-7","Ex_DACH2_ZMAT4",0.180926930906656
"_CATGCAAAGACTCATC-6","Glut-DACH2-6","Ex_DACH2_ZMAT4",0.456997162558713
"_CATGCAAAGCCATATC-6","Glut-DACH2-6","Ex_DACH2_CEMIP",0.953204021455901
"_CATGCAAGTACCTAGT-6","Glut-DACH2-6","Ex_DACH2_ZMAT4",0.726914414352394
"_CATGCCTCAGGCGAAT-6","Glut-DACH2-6","Ex_DACH2_CEMIP",0.981459747582883
"_CATGCGGGTAACCAGG-6","Glut-DACH2-7","Ex_DACH2_MGAT4C",0.427544460558818
"_CATGCGGGTAAGATCA-6","Glut-DACH2-7","Ex_DACH2_GRIK4",0.604305470708683
"_CATGCTCAGCGCTGCT-6","Glut-DACH2-5","Ex_DACH2_LHX2",0.598910928682138
"_CATGCTCAGGGATCAC-6","Glut-DACH2-LMANsh","Ex_DACH2_LHX2",0.503730366832472
"_CATGCTCCAATTCTTC-6","Glut-DACH2-7","Ex_DACH2_MGAT4C",0.483204448959228
"_CATGCTCTCATTTGCT-6","Glut-DACH2-7","Ex_DACH2_GRIK4",0.43532429341036
"_CATGGATAGAGCCGTA-6","Glut-DACH2-5","Ex_DACH2_GRIK4",0.342077143182161
"_CATGGATAGAGTCGAC-6","Glut-DACH2-5","Ex_DACH2_GRIK4",0.363538398667779
"_CATGGATAGCCTGTGC-6","Glut-DACH2-8","Ex_DACH2_ZMAT4",0.608240798287417
"_CATGGATCATGACCCG-6","Glut-DACH2-8","Ex_DACH2_ZMAT4",0.558920655588861
"_CATGGATTCCGAGGCT-6","Glut-DACH2-5","Ex_DACH2_LHX2",0.504897695755896
"_CATGGTACAGTCAGCC-6","Glut-DACH2-5","Ex_DACH2_LHX2",0.315561296736069
"_CATTCATAGGAGAGTA-6","Glut-DACH2-7","Ex_DACH2_GRIK4",0.377027352583817
"_CATTCATCATCACGGC-6","Glut-DACH2-6","Ex_DACH2_ITGA9",0.463046195904671
"_CATTCATGTGAGTGAC-6","Glut-DACH2-7","Ex_DACH2_GRIK4",0.738660919487649
"_CATTCCGCATCGTTCC-6","Glut-DACH2-6","Ex_DACH2_CEMIP",0.790869317556452
"_CATTCCGGTGTATTCG-6","Glut-DACH2-7","Ex_DACH2_GRIK4",0.59295662535831
"_CATTCTAAGGTAAGAG-6","Glut-DACH2-6","Ex_DACH2_ZMAT4",0.702656990223925
"_CATTCTATCAAGAATG-6","Glut-DACH2-1","Ex_DACH2_GRIK4",0.533242282078153
"_CATTGAGCAGACCTGC-6","Glut-DACH2-5","Ex_DACH2_ADAMTS5",0.674149167868422
"_CATTGCCAGACAACAT-6","Glut-DACH2-5","Ex_DACH2_LHX2",0.370079739850755
"_CATTGCCCACAAGGTG-6","Glut-DACH2-8","Ex_DACH2_ZMAT4",0.893742564884902
"_CATTGCCGTCCACTTC-6","Glut-DACH2-5","Ex_DACH2_GRIK4",0.582564120323214
"_CATTGTTAGACCAAGC-6","Glut-DACH2-7","Ex_DACH2_GRIK4",0.506301219829936
"_CATTGTTCATCAGCTA-6","Glut-DACH2-7","Ex_DACH2_GRIK4",0.487694509109049
"_CATTTCACAAATAAGC-6","Glut-DACH2-8","Ex_DACH2_ZMAT4",0.581047009961167
"_CATTTCAGTCCAAAGG-6","Glut-DACH2-7","Ex_DACH2_MGAT4C",0.251203499244817
"_CCAAGCGAGATACTGA-6","Glut-DACH2-5","Ex_DACH2_LHX2",0.407226789699159
"_CCAATGACAGATACTC-6","Glut-DACH2-LMANco","Ex_DACH2_RORB",0.234918916124188
"_CCAATGACATGGGTTT-6","Glut-DACH2-6","Ex_DACH2_ITGA9",0.560961973331772
"_CCAATGAGTACAGAAT-6","Glut-DACH2-8","Ex_DACH2_ZMAT4",0.692344469220014
"_CCAATGAGTTCATCGA-6","Glut-DACH2-7","Ex_DACH2_NR4A3",0.752636397996963
"_CCAATTTTCGTGACTA-6","Glut-DACH2-5","Ex_DACH2_ADAMTS5",0.470280841042441
"_CCACAAAGTAACACGG-6","Glut-DACH2-6","Ex_DACH2_ADAMTS5",0.484328430565201
"_CCACACTAGAAGCGGG-6","Glut-DACH2-5","Ex_DACH2_ADAMTS5",0.414788808406904
"_CCACACTCAAGCTCTA-6","Glut-DACH2-8","Ex_DACH2_ZMAT4",0.769921004628218
"_CCACACTCATGAGATA-6","Glut-DACH2-7","Ex_DACH2_MGAT4C",0.455123508833296
"_CCACACTGTAACACCT-6","Glut-DACH2-7","Ex_DACH2_GRIK4",0.435998338227629
"_CCACACTGTGACTAAA-6","Glut-DACH2-6","Ex_DACH2_CEMIP",0.858876660389885
"_CCACACTTCGCAGAGA-6","Glut-DACH2-8","Ex_DACH2_ZMAT4",0.609977073920187
"_CCACCATAGGTTAGTA-6","Glut-DACH2-6","Ex_DACH2_CEMIP",0.990496519665712
"_CCACCATGTATCCCTC-6","Glut-DACH2-8","Ex_DACH2_ZMAT4",0.652901800102259
"_CCACCATGTCCTGGGT-6","Glut-DACH2-1","Ex_DACH2_ADAMTS5",0.320319023057206
"_CCACCATTCTTAGTTC-6","Glut-DACH2-5","Ex_DACH2_ADAMTS5",0.833849786911567
"_CCACGAGGTGGTCTCG-6","Glut-DACH2-8","Ex_DACH2_ZMAT4",0.751996406408847
"_CCACGAGTCTCGTGAA-6","Glut-DACH2-7","Ex_DACH2_NR4A3",0.542271757655921
"_CCACGTTCAGGTGGAT-6","Glut-DACH2-7","Ex_DACH2_NR4A3",0.873761807824181
"_CCACGTTTCCCGAATA-6","Glut-DACH2-6","Ex_DACH2_CEMIP",0.960030778786901
"_CCACGTTTCTTACACT-6","Glut-DACH2-8","Ex_DACH2_ZMAT4",0.70183338392501
"_CCACTTGAGCCATTCA-6","Glut-DACH2-7","Ex_DACH2_NR4A3",0.640103039005503
"_CCACTTGCATGGACAG-6","Glut-DACH2-5","Ex_DACH2_ADAMTS5",0.844817541407026
"_CCATAAGGTCTTCGAA-6","Glut-DACH2-6","Ex_DACH2_CEMIP",0.973815005565524
"_CCATAAGTCATTGCCC-6","Glut-DACH2-5","Ex_DACH2_ADAMTS5",0.842771220113162
"_CCCAACTGTTCCGTTC-6","Glut-DACH2-6","Ex_DACH2_ITGA9",0.401665439141647
"_CCCAACTTCAACTTTC-6","Glut-DACH2-7","Ex_DACH2_MGAT4C",0.423515305723854
"_CCCAACTTCCGATCTC-6","Glut-DACH2-8","Ex_DACH2_ZMAT4",0.65974288620801
"_CCCAACTTCGGTAGGA-6","Glut-DACH2-7","Ex_DACH2_ADAMTS5",0.484731517100311
"_CCCAACTTCTCGGGAC-6","Glut-DACH2-8","Ex_DACH2_ZMAT4",0.748747902002724
"_CCCAACTTCTTTACAC-6","Glut-DACH2-8","Ex_DACH2_ZMAT4",0.619095492246158
"_CCCATTGAGAAACACT-6","Glut-DACH2-8","Ex_DACH2_ZMAT4",0.843122347052956
"_CCCATTGAGTGTTGAA-6","Glut-DACH2-7","Ex_DACH2_GRIK4",0.528233321588714
"_CCCATTGCACAATGAA-6","Glut-DACH2-7","Ex_DACH2_ADAMTS5",0.430803502256052
"_CCCATTGGTGTGTACT-6","Glut-DACH2-5","Ex_DACH2_LHX2",0.332424216560021
"_CCCATTGTCTACTCAT-6","Glut-DACH2-5","Ex_DACH2_ADAMTS5",0.575058428752795
"_CCCGAAGGTCGTATGT-6","Glut-DACH2-6","Ex_DACH2_CEMIP",0.829288777321802
"_CCCTAACAGGGCATGT-6","Glut-DACH2-5","Ex_DACH2_GRIK4",0.417899348342253
"_CCCTAACCAGTCGCAC-6","Glut-DACH2-5","Ex_DACH2_MGAT4C",0.282796067758022
"_CCCTAACCATACCAGT-6","Glut-DACH2-7","Ex_DACH2_ADAMTS5",0.474886287254704
"_CCCTCAAGTCTTCCGT-6","Glut-DACH2-7","Ex_DACH2_ADAMTS5",0.603494109119521
"_CCCTCTCCAAGCGAGT-6","Glut-DACH2-7","Ex_DACH2_NR4A3",0.359737134272392
"_CCCTCTCTCGGTGAAG-6","Glut-DACH2-7","Ex_DACH2_ADAMTS5",0.388578378280593
"_CCCTGATAGGACCCAA-6","Glut-DACH2-7","Ex_DACH2_NR4A3",0.389366288740286
"_CCCTGATCAGCCGTTG-6","Glut-DACH2-7","Ex_DACH2_LHX2",0.282607770425324
"_CCCTGATCATGGCGCT-6","Glut-DACH2-5","Ex_DACH2_LHX2",0.588987752293013
"_CCCTGATGTCTCAGGC-6","Glut-DACH2-7","Ex_DACH2_GRIK4",0.342301850420226
"_CCCTTAGAGGGAGGGT-6","Glut-DACH2-5","Ex_DACH2_LHX2",0.413847062462921
"_CCCTTAGTCTGTGCAA-6","Glut-DACH2-6","Ex_DACH2_ITGA9",0.472830314353093
"_CCGAACGTCATAGAGA-6","Glut-DACH2-5","Ex_DACH2_LHX2",0.626627893251734
"_CCGAACGTCGAAGGAC-6","Glut-DACH2-6","Ex_DACH2_CEMIP",0.96703259663765
"_CCGATCTAGTGCAACG-6","Glut-DACH2-6","Ex_DACH2_CEMIP",0.847745076983723
"_CCGATCTGTGACCGAA-6","Glut-DACH2-7","Ex_DACH2_GRIK4",0.740387104050756
"_CCGATGGGTAGGTACG-6","Glut-DACH2-7","Ex_DACH2_GRIK4",0.516727633047232
"_CCGATGGGTGGAACCA-6","Glut-DACH2-7","Ex_DACH2_MGAT4C",0.384874089513478
"_CCGATGGGTGGGTTGA-6","Glut-DACH2-5","Ex_DACH2_LHX2",0.525632459453057
"_CCGATGGTCGGTGTTA-6","Glut-DACH2-6","Ex_DACH2_CEMIP",0.912743228890971
"_CCGCAAGAGTCGGGAT-6","Glut-DACH2-1","Ex_DACH2_LHX2",0.436211110285096
"_CCGCAAGGTCGGCACT-6","Glut-DACH2-5","Ex_DACH2_ADAMTS5",0.735429191513854
"_CCGCAAGGTTAGAGTA-6","Glut-DACH2-8","Ex_DACH2_ZMAT4",0.659543027061537
"_CCGCAAGTCACTTTGT-6","Glut-DACH2-5","Ex_DACH2_LHX2",0.635070716871926
"_CCGGACATCCCTCTAG-6","Glut-DACH2-5","Ex_DACH2_GRIK4",0.511831748095143
"_CCGGGTAAGTGTTCAC-6","Glut-DACH2-6","Ex_DACH2_ITGA9",0.385984162089327
"_CCGGGTACACTCAAGT-6","Glut-DACH2-7","Ex_DACH2_CEMIP",0.37771802413566
"_CCGGGTACAGTGTATC-6","Glut-DACH2-7","Ex_DACH2_GRIK4",0.621260879557067
"_CCGGGTAGTACCCACG-6","Glut-DACH2-6","Ex_DACH2_CEMIP",0.660688160529159
"_CCGGGTAGTACGCTTA-6","Glut-DACH2-6","Ex_DACH2_CEMIP",0.546899355802326
"_CCGGTAGAGTCGGCAA-6","Glut-DACH2-7","Ex_DACH2_ADAMTS5",0.405415240250214
"_CCGGTAGCATGGGAAC-6","Glut-DACH2-6","Ex_DACH2_CEMIP",1
"_CCGGTGAGTAGGGAGG-6","Glut-DACH2-7","Ex_DACH2_GRIK4",0.446209679175906
"_CCGGTGATCACGGTCG-6","Glut-DACH2-6","Ex_DACH2_ITGA9",0.409575281367667
"_CCGTTCAAGACCAAGC-6","Glut-DACH2-6","Ex_DACH2_CEMIP",0.68188927969027
"_CCGTTCATCGACATAC-6","Glut-DACH2-6","Ex_DACH2_ZMAT4",0.554368022393646
"_CCTAACCGTAGCTTGT-6","Glut-DACH2-5","Ex_DACH2_LHX2",0.519267305336188
"_CCTAACCGTTATGTCG-6","Glut-DACH2-5","Ex_DACH2_LHX2",0.530577345844713
"_CCTAACCGTTCCTACC-6","Glut-DACH2-5","Ex_DACH2_ADAMTS5",0.499542248110367
"_CCTAACCTCTCTTAAC-6","Glut-DACH2-7","Ex_DACH2_GRIK4",0.629846453201081
"_CCTAAGAAGAACTTCC-6","Glut-DACH2-5","Ex_DACH2_ADAMTS5",0.600581682641017
"_CCTAAGAAGGTGCAGT-6","Glut-DACH2-7","Ex_DACH2_NR4A3",0.812255355358138
"_CCTAAGACACCAGACC-6","Glut-DACH2-6","Ex_DACH2_ZMAT4",0.352298836843624
"_CCTAAGACACTTCAAG-6","Glut-DACH2-7","Ex_DACH2_GRIK4",0.436734471692793
"_CCTAAGAGTGGCTACC-6","Glut-DACH2-7","Ex_DACH2_GRIK4",0.46269044458799
"_CCTAAGAGTGTGACCC-6","Glut-DACH2-6","Ex_DACH2_ITGA9",0.520956631689076
"_CCTAAGATCTGGGATT-6","Glut-DACH2-6","Ex_DACH2_ADAMTS5",0.337340260222386
"_CCTACGTCAAGTGACG-6","Glut-DACH2-5","Ex_DACH2_MGAT4C",0.281316209023846
"_CCTACGTCAGATAAAC-6","Glut-DACH2-8","Ex_DACH2_CEMIP",0.606854745235309
"_CCTACGTCAGCACACC-6","Glut-DACH2-6","Ex_DACH2_CEMIP",0.985642256173942
"_CCTATCGAGAAGTCCG-6","Glut-DACH2-5","Ex_DACH2_ADAMTS5",0.609678021554326
"_CCTATCGAGCTCGTGC-6","Glut-DACH2-5","Ex_DACH2_ADAMTS5",0.875542065647368
"_CCTATCGAGGGTTGCA-6","Glut-DACH2-7","Ex_DACH2_GRIK4",0.461273247223243
"_CCTATCGAGGTGCGAT-6","Glut-DACH2-5","Ex_DACH2_GRIK4",0.528855028733367
"_CCTATCGAGTCACGCC-6","Glut-DACH2-7","Ex_DACH2_ADAMTS5",0.602948496764462
"_CCTATCGCACAGCATT-6","Glut-DACH2-6","Ex_DACH2_CEMIP",0.941742546614495
"_CCTATCGCACGCTGAC-6","Glut-DACH2-6","Ex_DACH2_CEMIP",0.988118596507376
"_CCTATCGCAGCTGAAG-6","Glut-DACH2-6","Ex_DACH2_CEMIP",0.967267541187043
"_CCTCAACAGAGATCGC-6","Glut-DACH2-7","Ex_DACH2_ADAMTS5",0.347748970823022
"_CCTCAACAGCCTGAAG-6","Glut-DACH2-5","Ex_DACH2_GRIK4",0.313183688315888
"_CCTCAACAGGTCCTGC-6","Glut-DACH2-6","Ex_DACH2_ZMAT4",0.378957828613583
"_CCTCAACCACGCGTGT-6","Glut-DACH2-7","Ex_DACH2_GRIK4",0.68241214090046
"_CCTCAACCATCCTAAG-6","Glut-DACH2-7","Ex_DACH2_NR4A3",0.776770669829655
"_CCTCAACTCCACACAA-6","Glut-DACH2-1","Ex_DACH2_ZMAT4",0.43160325521538
"_CCTCACAAGTTGCATC-6","Glut-DACH2-5","Ex_DACH2_MGAT4C",0.404141578798124
"_CCTCACATCAAACGTC-6","Glut-DACH2-7","Ex_DACH2_MGAT4C",0.380099499119345
"_CCTCACATCCGTGTAA-6","Glut-DACH2-5","Ex_DACH2_GRIK4",0.372982501326063
"_CCTCAGTAGAAGTCCG-6","Glut-DACH2-6","Ex_DACH2_CEMIP",0.936325505782502
"_CCTCAGTGTCTCCTGT-6","Glut-DACH2-6","Ex_DACH2_ZMAT4",0.480126573168514
"_CCTCAGTGTTTACCTT-6","Glut-DACH2-6","Ex_DACH2_ITGA9",0.473066271643677
"_CCTCAGTGTTTAGACC-6","Glut-DACH2-7","Ex_DACH2_MGAT4C",0.320483215003732
"_CCTCATGAGACGCAGT-6","Glut-DACH2-8","Ex_DACH2_ZMAT4",0.702429848330292
"_CCTCATGCAGTCTCTC-6","Glut-DACH2-7","Ex_DACH2_ADAMTS5",0.420309664308304
"_CCTCATGTCACTGTTT-6","Glut-DACH2-6","Ex_DACH2_ITGA9",0.505241168809187
"_CCTCATGTCGGTGCAC-6","Glut-DACH2-6","Ex_DACH2_ZMAT4",0.397731440616616
"_CCTCCAACACCACTGG-6","Glut-DACH2-6","Ex_DACH2_CEMIP",0.954237214013078
"_CCTCCAACACGCAAAG-6","Glut-DACH2-7","Ex_DACH2_MGAT4C",0.571586312647158
"_CCTCCAAGTCTTCCGT-6","Glut-DACH2-5","Ex_DACH2_GRIK4",0.393671274075212
"_CCTCCAAGTGTCTAAC-6","Glut-DACH2-5","Ex_DACH2_ADAMTS5",0.864354792690663
"_CCTCCAAGTTGAGAGC-6","Glut-DACH2-6","Ex_DACH2_CEMIP",0.962469430947817
"_CCTCCTCAGAAATTGC-6","Glut-DACH2-6","Ex_DACH2_CEMIP",0.991156490323466
"_CCTCCTCTCACAACCA-6","Glut-DACH2-6","Ex_DACH2_ZMAT4",0.501489021789309
"_CCTCTAGAGAGCCCAA-6","Glut-DACH2-8","Ex_DACH2_ZMAT4",0.762173629103233
"_CCTCTAGAGATAGCTA-6","Glut-DACH2-6","Ex_DACH2_ZMAT4",0.651461631632573
"_CCTCTCCAGTGGATTA-6","Glut-DACH2-6","Ex_DACH2_ITGA9",0.410293392638035
"_CCTCTCCGTACCGGCT-6","Glut-DACH2-7","Ex_DACH2_MGAT4C",0.387938943189648
"_CCTCTCCTCAAAGGAT-6","Glut-DACH2-6","Ex_DACH2_CEMIP",0.977573475682379
"_CCTCTCCTCAGTAGGG-6","Glut-DACH2-5","Ex_DACH2_GRIK4",0.596715325571602
"_CCTCTCCTCATACAGC-6","Glut-DACH2-5","Ex_DACH2_LHX2",0.67715149611087
"_CCTGTTGCATTGCCTC-6","Glut-DACH2-5","Ex_DACH2_ADAMTS5",0.801377222858976
"_CCTGTTGGTCCTTGTC-6","Glut-DACH2-7","Ex_DACH2_GRIK4",0.485513695504993
"_CCTTCAGAGGAGTCTG-6","Glut-DACH2-7","Ex_DACH2_ADAMTS5",0.450568251591212
"_CCTTCAGGTCACCTTC-6","Glut-DACH2-2","Ex_DACH2_MGAT4C",0.582421849273083
"_CCTTGTGAGAATTGCA-6","Glut-DACH2-7","Ex_DACH2_GRIK4",0.304330786902967
"_CCTTGTGCAAAGGTTA-6","Glut-DACH2-7","Ex_DACH2_MGAT4C",0.367808680575229
"_CCTTTGGCACAAATCC-6","Glut-DACH2-5","Ex_DACH2_NR4A3",0.445928728864564
"_CCTTTGGTCCATTTGT-6","Glut-DACH2-8","Ex_DACH2_ZMAT4",0.745957868516714
"_CCTTTGGTCCTGATAG-6","Glut-DACH2-6","Ex_DACH2_CEMIP",0.854130579360144
"_CGAAGGACACCCAACG-6","Glut-DACH2-7","Ex_DACH2_NR4A3",0.705555902652435
"_CGAAGGACACTGCGAC-6","Glut-DACH2-7","Ex_DACH2_MGAT4C",0.463431082044694
"_CGAAGGACATCGGTTA-6","Glut-DACH2-5","Ex_DACH2_LHX2",0.409388336993503
"_CGAAGGATCTTCGACC-6","Glut-DACH2-7","Ex_DACH2_LHX2",0.357513409818091
"_CGAAGTTAGAATCGAT-6","Glut-DACH2-6","Ex_DACH2_CEMIP",0.774616756981097
"_CGAAGTTCATAGAGGC-6","Glut-DACH2-5","Ex_DACH2_ADAMTS5",0.856577307552955
"_CGAAGTTTCGGCTGAC-6","Glut-DACH2-5","Ex_DACH2_ADAMTS5",0.566661491587105
"_CGAATTGTCACAACCA-6","Glut-DACH2-5","Ex_DACH2_ADAMTS5",0.397125848273048
"_CGAATTGTCTGCCCTA-6","Glut-DACH2-5","Ex_DACH2_GRIK4",0.299068049292223
"_CGACAGCAGACTCATC-6","Glut-DACH2-6","Ex_DACH2_CEMIP",0.990383493206264
"_CGACAGCAGGCTCCCA-6","Glut-DACH2-8","Ex_DACH2_ZMAT4",0.74582910637369
"_CGACAGCCAGCGAACA-6","Glut-DACH2-7","Ex_DACH2_ADAMTS5",0.34725648804842
"_CGACAGCGTGAGTAGC-6","Glut-DACH2-6","Ex_DACH2_CEMIP",0.989163494563876
"_CGAGAAGCACAAACGG-6","Glut-DACH2-7","Ex_DACH2_ADAMTS5",0.405797471987853
"_CGAGAAGGTTCCGCTT-6","Glut-DACH2-7","Ex_DACH2_ITGA9",0.305773957422113
"_CGAGGAAGTTAGGGTG-6","Glut-DACH2-5","Ex_DACH2_LHX2",0.446494225847531
"_CGAGGAAGTTGGACTT-6","Glut-DACH2-6","Ex_DACH2_CEMIP",0.722888356958093
"_CGAGGAATCCTGGGAC-6","Glut-DACH2-7","Ex_DACH2_ADAMTS5",0.370052185236193
"_CGAGGCTAGCGTCTCG-6","Glut-DACH2-7","Ex_DACH2_GRIK4",0.450152554642715
"_CGAGGCTCATTCAGGT-6","Glut-DACH2-5","Ex_DACH2_LHX2",0.436891179037158
"_CGAGGCTTCAAGCCGC-6","Glut-DACH2-7","Ex_DACH2_MGAT4C",0.308995254023305
"_CGAGTGCTCCGAGGCT-6","Glut-DACH2-8","Ex_DACH2_ZMAT4",0.762877162114339
"_CGAGTGCTCCGAGTGC-6","Glut-DACH2-6","Ex_DACH2_CEMIP",0.980551781962334
"_CGATCGGAGATGTTAG-6","Glut-DACH2-6","Ex_DACH2_CEMIP",0.709314040101288
"_CGATCGGCAATTCACG-6","Glut-DACH2-6","Ex_DACH2_ITGA9",0.399006903201369
"_CGATCGGCACGAGGTA-6","Glut-DACH2-8","Ex_DACH2_ZMAT4",0.545652805330838
"_CGATCGGTCAACACCA-6","Glut-DACH2-4","Ex_DACH2_GRIK4",0.232491648166159
"_CGATCGGTCAAGTTGC-6","Glut-DACH2-7","Ex_DACH2_MGAT4C",0.293922039087579
"_CGATCGGTCACATCAG-6","Glut-DACH2-7","Ex_DACH2_GRIK4",0.547408005226925
"_CGATGCGGTATCGTGT-6","Glut-DACH2-6","Ex_DACH2_CEMIP",0.963268435956091
"_CGATGCGGTTATCTGG-6","Glut-DACH2-5","Ex_DACH2_GRIK4",0.801557279831615
"_CGATGCGTCCTACTGC-6","Glut-DACH2-6","Ex_DACH2_ITGA9",0.268186556204956
"_CGATGGCCATATGGCT-6","Glut-DACH2-7","Ex_DACH2_GRIK4",0.533116654303119
"_CGCAGGTCACGCGCTA-6","Glut-DACH2-7","Ex_DACH2_GRIK4",0.681628186259755
"_CGCAGGTCATGACGGA-6","Glut-DACH2-7","Ex_DACH2_GRIK4",0.480350112427196
"_CGCAGGTTCCTGCTAC-6","Glut-DACH2-5","Ex_DACH2_ADAMTS5",0.7800695643085
"_CGCAGGTTCTTAGCTT-6","Glut-DACH2-7","Ex_DACH2_NR4A3",0.376412417220328
"_CGCATAACAGGCTCTG-6","Glut-DACH2-6","Ex_DACH2_CEMIP",0.798132021334771
"_CGCATAATCCGTATAG-6","Glut-DACH2-6","Ex_DACH2_ITGA9",0.515053047263181
"_CGCCAGAGTTGGCCTG-6","Glut-DACH2-6","Ex_DACH2_ZMAT4",0.470777039630146
"_CGCCATTCACACGCCA-6","Glut-DACH2-5","Ex_DACH2_ADAMTS5",0.315762685787242
"_CGCCATTTCCCAGGCA-6","Glut-DACH2-7","Ex_DACH2_GRIK4",0.412233727841501
"_CGCGTGAAGGCCTGAA-6","Glut-DACH2-7","Ex_DACH2_MGAT4C",0.37275835564693
"_CGCGTGATCTTCTGGC-6","Glut-DACH2-6","Ex_DACH2_CEMIP",0.891361807617172
"_CGGAACCAGCTCCACG-6","Glut-DACH2-5","Ex_DACH2_ADAMTS5",0.63231898597331
"_CGGAACCCACTCAGAT-6","Glut-DACH2-6","Ex_DACH2_CEMIP",0.902158960748739
"_CGGAACCGTTTGGGTT-6","Glut-DACH2-7","Ex_DACH2_GRIK4",0.533003948230298
"_CGGAACCTCATTGTTC-6","Glut-DACH2-5","Ex_DACH2_LHX2",0.423090298221833
"_CGGAATTAGATCGCCC-6","Glut-DACH2-6","Ex_DACH2_CEMIP",0.942093959997239
"_CGGAATTCAATAGTAG-6","Glut-DACH2-7","Ex_DACH2_MGAT4C",0.338085306921608
"_CGGAATTGTAGGAGGG-6","Glut-DACH2-7","Ex_DACH2_ADAMTS5",0.337672894424877
"_CGGAATTGTGTCTAAC-6","Glut-DACH2-7","Ex_DACH2_GRIK4",0.27644343536086
"_CGGAATTGTTCCGCAG-6","Glut-DACH2-6","Ex_DACH2_CEMIP",1
"_CGGAATTTCAGACCTA-6","Glut-DACH2-6","Ex_DACH2_CEMIP",0.960504816100443
"_CGGACACCAAATCAAG-6","Glut-DACH2-8","Ex_DACH2_ZMAT4",0.782351889231208
"_CGGACACCAATTCACG-6","Glut-DACH2-8","Ex_DACH2_ZMAT4",0.534156903913023
"_CGGACACTCGCTACGG-6","Glut-DACH2-7","Ex_DACH2_MGAT4C",0.841367406716785
"_CGGAGAAAGTACCGGA-6","Glut-DACH2-7","Ex_DACH2_GRIK4",0.490087832349454
"_CGGAGAATCGTGCAGC-6","Glut-DACH2-5","Ex_DACH2_NR4A3",0.357076681458013
"_CGGAGAATCTATCGCC-6","Glut-DACH2-5","Ex_DACH2_LHX2",0.504859228348433
"_CGGCAGTAGCCTAGGA-6","Glut-DACH2-5","Ex_DACH2_ADAMTS5",0.471589861618008
"_CGGGACTCACGATTCA-6","Glut-DACH2-5","Ex_DACH2_GRIK4",0.417697604578775
"_CGGGCATAGGCCCAAA-6","Glut-DACH2-7","Ex_DACH2_NR4A3",0.392071566088495
"_CGGGCATTCGAGAGAC-6","Glut-DACH2-LMANco","Ex_DACH2_ZMAT4",0.771757252926417
"_CGGGTCACACGACAGA-6","Glut-DACH2-7","Ex_DACH2_NR4A3",0.649083055589528
"_CGGGTGTAGAGCGACT-6","Glut-DACH2-8","Ex_DACH2_ZMAT4",0.515458843642615
"_CGGGTGTCACGGCGTT-6","Glut-DACH2-5","Ex_DACH2_ADAMTS5",0.823205439051446
"_CGGGTGTCATTGAGGG-6","Glut-DACH2-6","Ex_DACH2_CEMIP",0.977315812305141
"_CGGGTGTGTACAAGTA-6","Glut-DACH2-6","Ex_DACH2_CEMIP",0.975059829467458
"_CGGGTGTTCAGCTGAT-6","Glut-DACH2-5","Ex_DACH2_ADAMTS5",0.45755632540259
"_CGGGTGTTCTCCCTAG-6","Glut-DACH2-7","Ex_DACH2_MGAT4C",0.466477881584333
"_CGTAAGTAGCAGCAGT-6","Glut-DACH2-6","Ex_DACH2_CEMIP",0.995010322835073
"_CGTAAGTTCACGGACC-6","Glut-DACH2-7","Ex_DACH2_NR4A3",0.542256474382031
"_CGTAAGTTCATGCGGC-6","Glut-DACH2-5","Ex_DACH2_ADAMTS5",0.604687845261718
"_CGTAAGTTCGGACTTA-6","Glut-DACH2-7","Ex_DACH2_MGAT4C",0.326628853516982
"_CGTAATGAGTTAACGA-6","Glut-DACH2-5","Ex_DACH2_GRIK4",0.379962609804033
"_CGTAGTAAGATGTTGA-6","Glut-DACH2-7","Ex_DACH2_NR4A3",0.291410113114896
"_CGTAGTAGTTAAGGGC-6","Glut-DACH2-6","Ex_DACH2_CEMIP",0.829592700720891
"_CGTAGTAGTTCAGCGC-6","Glut-DACH2-6","Ex_DACH2_CEMIP",0.96651065387606
"_CGTCAAAAGCTGACTT-6","Glut-DACH2-7","Ex_DACH2_NR4A3",0.436832389033799
"_CGTCAAATCTAGAACC-6","Glut-DACH2-8","Ex_DACH2_ZMAT4",0.702925922018675
"_CGTCCATAGTAATACG-6","Glut-DACH2-6","Ex_DACH2_ITGA9",0.439664785798314
"_CGTGCTTTCGGTCAGC-6","Glut-DACH2-8","Ex_DACH2_ZMAT4",0.629221474332511
"_CGTGTCTCATCCAACA-6","Glut-DACH2-5","Ex_DACH2_ADAMTS5",0.486258304300428
"_CGTGTCTCATTGGCAT-6","Glut-DACH2-6","Ex_DACH2_CEMIP",0.948482979495874
"_CGTTAGATCTGGACCG-6","Glut-DACH2-1","Ex_DACH2_GRIK4",0.27718122504156
"_CGTTGGGGTCATGACT-6","Glut-DACH2-5","Ex_DACH2_LHX2",0.452071811483401
"_CGTTGGGTCTCCGTGT-6","Glut-DACH2-6","Ex_DACH2_CEMIP",1
"_CTAACCCAGCGACTTT-6","Glut-DACH2-8","Ex_DACH2_ZMAT4",0.760264787084995
"_CTAACCCAGTCTTGGT-6","Glut-DACH2-6","Ex_DACH2_CEMIP",0.688983765310417
"_CTAACTTTCATTGGTG-6","Glut-DACH2-6","Ex_DACH2_ZMAT4",0.364584155748066
"_CTAACTTTCGGTAGAG-6","Glut-DACH2-5","Ex_DACH2_ADAMTS5",0.357310048426381
"_CTAACTTTCTGTGTGA-6","Glut-DACH2-5","Ex_DACH2_MGAT4C",0.327466606701099
"_CTAAGTGAGAAGTATC-6","Glut-DACH2-7","Ex_DACH2_ITGA9",0.273432999214778
"_CTAAGTGGTGCCTAAT-6","Glut-DACH2-5","Ex_DACH2_ADAMTS5",0.726628144993525
"_CTACAGAGTGAGAACC-6","Glut-DACH2-7","Ex_DACH2_LHX2",0.452690284880177
"_CTACCCAAGTCTCGTA-6","Glut-DACH2-6","Ex_DACH2_CEMIP",0.557999543136169
"_CTACCCATCCTACGAA-6","Glut-DACH2-6","Ex_DACH2_CEMIP",0.982376297383072
"_CTACCTGAGACGAGCT-6","Glut-DACH2-6","Ex_DACH2_CEMIP",0.984529627437762
"_CTACCTGAGAGTGACC-6","Glut-DACH2-6","Ex_DACH2_CEMIP",0.918799189401451
"_CTACCTGCATGAAGCG-6","Glut-DACH2-5","Ex_DACH2_LHX2",0.505541244015982
"_CTACGGGGTGCTCTCT-6","Glut-DACH2-5","Ex_DACH2_GRIK4",0.292109617638287
"_CTACGGGTCCTGATAG-6","Glut-DACH2-7","Ex_DACH2_ADAMTS5",0.505888751470862
"_CTACTATAGTTTCGAC-6","Glut-DACH2-5","Ex_DACH2_ADAMTS5",0.899279499241529
"_CTACTATTCGACGACC-6","Glut-DACH2-5","Ex_DACH2_GRIK4",0.452480666111923
"_CTAGACAGTGGGCTTC-6","Glut-DACH2-8","Ex_DACH2_ZMAT4",0.774213171325061
"_CTAGACATCCGCAACG-6","Glut-DACH2-7","Ex_DACH2_GRIK4",0.729870847545228
"_CTAGGTACAATGAGCG-6","Glut-DACH2-5","Ex_DACH2_ADAMTS5",0.883828870071871
"_CTAGGTAGTCCCGGTA-6","Glut-DACH2-7","Ex_DACH2_MGAT4C",0.66318422063133
"_CTAGGTATCCCAAGTA-6","Glut-DACH2-7","Ex_DACH2_GRIK4",0.320384028000917
"_CTATAGGAGTTGCCCG-6","Glut-DACH2-7","Ex_DACH2_GRIK4",0.292879626160423
"_CTATAGGCATGTGACT-6","Glut-DACH2-8","Ex_DACH2_ZMAT4",0.72653944801543
"_CTATCCGCAACGCCCA-6","Glut-DACH2-1","Ex_DACH2_GRIK4",0.885362068014229
"_CTATCCGGTTATGACC-6","Glut-DACH2-7","Ex_DACH2_MGAT4C",0.491033620017742
"_CTATCCGTCACTGATG-6","Glut-DACH2-7","Ex_DACH2_ADAMTS5",0.617525213719839
"_CTATCTAAGGGTAGCT-6","Glut-DACH2-6","Ex_DACH2_ZMAT4",0.381268244589553
"_CTATCTAGTCCAGTTA-6","Glut-DACH2-5","Ex_DACH2_LHX2",0.394682782774507
"_CTATCTAGTCCCTGAG-6","Glut-DACH2-6","Ex_DACH2_ZMAT4",0.746070743870484
"_CTATCTAGTGCTGCAC-6","Glut-DACH2-5","Ex_DACH2_LHX2",0.454490305396826
"_CTATCTATCCTTCTAA-6","Glut-DACH2-7","Ex_DACH2_MGAT4C",0.609071237283928
"_CTCAACCCAACTACGT-6","Glut-DACH2-6","Ex_DACH2_ITGA9",0.3906830177027
"_CTCAACCCATGATAGA-6","Glut-DACH2-5","Ex_DACH2_LHX2",0.500404394203422
"_CTCAACCGTGTCTTGA-6","Glut-DACH2-6","Ex_DACH2_ZMAT4",0.314998715998178
"_CTCAACCGTTACGTAC-6","Glut-DACH2-LMANsh","Ex_DACH2_ADAMTS5",0.334906945691462
"_CTCAACCTCGGACTTA-6","Glut-DACH2-7","Ex_DACH2_GRIK4",0.598510480435579
"_CTCAAGAAGCTTCGTA-6","Glut-DACH2-5","Ex_DACH2_GRIK4",0.349931867017768
"_CTCAAGACAATGAGCG-6","Glut-DACH2-6","Ex_DACH2_CEMIP",0.844865817799192
"_CTCAAGAGTCTTACTT-6","Glut-DACH2-5","Ex_DACH2_LHX2",0.492111110065485
"_CTCAATTTCTGTCCCA-6","Glut-DACH2-1","Ex_DACH2_NR4A3",0.944685865873236
"_CTCACTGAGATTCGAA-6","Glut-DACH2-5","Ex_DACH2_LHX2",0.404367855897034
"_CTCACTGCATGACTCA-6","Glut-DACH2-6","Ex_DACH2_CEMIP",0.83434489729781
"_CTCAGAAAGATTGGGC-6","Glut-DACH2-5","Ex_DACH2_GRIK4",0.349108790044567
"_CTCAGAATCATCGCCT-6","Glut-DACH2-7","Ex_DACH2_MGAT4C",0.740368866299738
"_CTCAGGGAGTCGCCAC-6","Glut-DACH2-5","Ex_DACH2_ADAMTS5",0.852047750400217
"_CTCAGTCAGGAGCTGT-6","Glut-DACH2-5","Ex_DACH2_ADAMTS5",0.540001147704012
"_CTCAGTCGTAGCTGTT-6","Glut-DACH2-5","Ex_DACH2_LHX2",0.614330605107031
"_CTCATCGGTACAAAGT-6","Glut-DACH2-6","Ex_DACH2_CEMIP",0.95527483774702
"_CTCATCGTCCACAGCG-6","Glut-DACH2-6","Ex_DACH2_CEMIP",0.55442487682231
"_CTCATCGTCCCGAGAC-6","Glut-DACH2-5","Ex_DACH2_LHX2",0.617108631921885
"_CTCATGCCAAGCGATG-6","Glut-DACH2-7","Ex_DACH2_MGAT4C",0.374406467617243
"_CTCATGCCAGAAATCA-6","Glut-DACH2-5","Ex_DACH2_NR4A3",0.543755016591321
"_CTCATGCGTTCTGAGT-6","Glut-DACH2-5","Ex_DACH2_GRIK4",0.329512156157693
"_CTCATTAGTAGTACGG-6","Glut-DACH2-8","Ex_DACH2_ZMAT4",0.738198410499449
"_CTCCAACAGATACAGT-6","Glut-DACH2-8","Ex_DACH2_ZMAT4",0.692708522633038
"_CTCCAACCACCAAAGG-6","Glut-DACH2-5","Ex_DACH2_LHX2",0.535056096037937
"_CTCCAACTCCCTCAAC-6","Glut-DACH2-5","Ex_DACH2_LHX2",0.463291546948949
"_CTCCAACTCGGTGTAT-6","Glut-DACH2-6","Ex_DACH2_ZMAT4",0.423215334056384
"_CTCCACAAGCTACGTT-6","Glut-DACH2-1","Ex_DACH2_MGAT4C",0.511248831449051
"_CTCCACAGTAGTTCCA-6","Glut-DACH2-6","Ex_DACH2_ZMAT4",0.445047104219458
"_CTCCATGGTAAGATCA-6","Glut-DACH2-5","Ex_DACH2_NR4A3",0.893216038910366
"_CTCCATGGTTAGGCTT-6","Glut-DACH2-7","Ex_DACH2_MGAT4C",0.684549225752591
"_CTCCCAAAGAAGCGAA-6","Glut-DACH2-6","Ex_DACH2_ADAMTS5",0.299339288023747
"_CTCCCAACACGGCACT-6","Glut-DACH2-6","Ex_DACH2_CEMIP",0.929041033741035
"_CTCCCTCAGGTAATCA-6","Glut-DACH2-6","Ex_DACH2_ITGA9",0.76938468849365
"_CTCCCTCTCCCGTTCA-6","Glut-DACH2-5","Ex_DACH2_GRIK4",0.486864091179067
"_CTCCGATAGCAAGTGC-6","Glut-DACH2-5","Ex_DACH2_ADAMTS5",0.521458268885813
"_CTCCGATGTGCATTAC-6","Glut-DACH2-7","Ex_DACH2_ITGA9",0.36374121398187
"_CTCCTTTAGATACATG-6","Glut-DACH2-6","Ex_DACH2_CEMIP",0.28928906468997
"_CTCCTTTAGTTGTCGT-6","Glut-DACH2-8","Ex_DACH2_ZMAT4",0.678035583341686
"_CTCCTTTCAGATCATC-6","Glut-DACH2-6","Ex_DACH2_ITGA9",0.257777618254838
"_CTCCTTTGTCCGGCAT-6","Glut-DACH2-7","Ex_DACH2_ADAMTS5",0.42657146678101
"_CTCCTTTGTGTTCAGT-6","Glut-DACH2-5","Ex_DACH2_LHX2",0.491927293848875
"_CTCGAGGGTATCCCTC-6","Glut-DACH2-7","Ex_DACH2_MGAT4C",0.279164129642706
"_CTCGAGGTCCCTCATG-6","Glut-DACH2-7","Ex_DACH2_MGAT4C",0.455381951216698
"_CTCGAGGTCTGTTGGA-6","Glut-DACH2-6","Ex_DACH2_NR4A3",0.333951923849831
"_CTCTCAGCACCGGAAA-6","Glut-DACH2-5","Ex_DACH2_LHX2",0.523267134582228
"_CTCTCAGCATGACGTT-6","Glut-DACH2-7","Ex_DACH2_GRIK4",0.521573996418774
"_CTCTGGTCAGAGGAAA-6","Glut-DACH2-8","Ex_DACH2_ZMAT4",0.725964594898635
"_CTCTGGTTCTATTGTC-6","Glut-DACH2-5","Ex_DACH2_GRIK4",0.303796890008564
"_CTGAATGCAGGATGAC-6","Glut-DACH2-8","Ex_DACH2_ZMAT4",0.583919338071803
"_CTGAATGGTATCCCTC-6","Glut-DACH2-7","Ex_DACH2_MGAT4C",0.389048687254925
"_CTGAATGGTCCGAAAG-6","Glut-DACH2-7","Ex_DACH2_MGAT4C",0.332088135451924
"_CTGAGCGAGTAAGGGA-6","Glut-DACH2-7","Ex_DACH2_GRIK4",0.782088693740569
"_CTGAGCGGTATTCTCT-6","Glut-DACH2-7","Ex_DACH2_GRIK4",0.381066314955416
"_CTGAGCGTCTGCTAGA-6","Glut-DACH2-6","Ex_DACH2_CEMIP",0.419984319967667
"_CTGAGGCAGACTCCGC-6","Glut-DACH2-8","Ex_DACH2_ZMAT4",0.457630519727457
"_CTGAGGCAGAGCATCG-6","Glut-DACH2-7","Ex_DACH2_MGAT4C",0.360243264232455
"_CTGAGGCAGGAAACGA-6","Glut-DACH2-5","Ex_DACH2_GRIK4",0.29485918406442
"_CTGAGGCCATGCCATA-6","Glut-DACH2-7","Ex_DACH2_MGAT4C",0.529216482537891
"_CTGAGGCGTCCGTACG-6","Glut-DACH2-8","Ex_DACH2_ZMAT4",0.686107996144592
"_CTGAGGCTCGCTCTCA-6","Glut-DACH2-8","Ex_DACH2_ZMAT4",0.700112506459944
"_CTGATCCCAGCAGTAG-6","Glut-DACH2-6","Ex_DACH2_CEMIP",0.824608803448817
"_CTGATCCCATGCCGGT-6","Glut-DACH2-6","Ex_DACH2_ZMAT4",0.53150396453803
"_CTGATCCGTCGTCAGC-6","Glut-DACH2-7","Ex_DACH2_GRIK4",0.366045443707652
"_CTGATCCGTTATTCTC-6","Glut-DACH2-7","Ex_DACH2_ADAMTS5",0.362832649769213
"_CTGATCCTCAGTCAGT-6","Glut-DACH2-5","Ex_DACH2_GRIK4",0.405946699149878
"_CTGATCCTCGCCTTGT-6","Glut-DACH2-6","Ex_DACH2_ZMAT4",0.408480637309833
"_CTGCAGGAGGAAACGA-6","Glut-DACH2-7","Ex_DACH2_ADAMTS5",0.358180247085991
"_CTGCAGGAGGCGCTCT-6","Glut-DACH2-7","Ex_DACH2_MGAT4C",0.436058814611361
"_CTGCATCTCACTCTTA-6","Glut-DACH2-6","Ex_DACH2_CEMIP",1
"_CTGCCATAGCTGCCTG-6","Glut-DACH2-1","Ex_DACH2_MGAT4C",0.585426423971015
"_CTGCCATTCAGTCAGT-6","Glut-DACH2-7","Ex_DACH2_MGAT4C",0.382912480845566
"_CTGCCTAAGACTGTTC-6","Glut-DACH2-5","Ex_DACH2_MGAT4C",0.323842463887956
"_CTGCCTATCAGAGCAG-6","Glut-DACH2-7","Ex_DACH2_NR4A3",0.255010605311606
"_CTGCCTATCGTGTTCC-6","Glut-DACH2-6","Ex_DACH2_CEMIP",0.505101127108471
"_CTGCTCAAGACTTAAG-6","Glut-DACH2-7","Ex_DACH2_MGAT4C",0.637336573682219
"_CTGCTCACAGACCAAG-6","Glut-DACH2-7","Ex_DACH2_MGAT4C",0.517652499148109
"_CTGCTCAGTAGAAACT-6","Glut-DACH2-6","Ex_DACH2_ITGA9",0.455736060384246
"_CTGCTCATCTCAATCT-6","Glut-DACH2-5","Ex_DACH2_ADAMTS5",0.604407724571947
"_CTGCTCATCTTAGTTC-6","Glut-DACH2-6","Ex_DACH2_ZMAT4",0.431716337517522
"_CTGGCAGAGTGGATTA-6","Glut-DACH2-7","Ex_DACH2_MGAT4C",0.486372616648598
"_CTGGCAGGTACCATAC-6","Glut-DACH2-5","Ex_DACH2_ADAMTS5",0.935853693741813
"_CTGGCAGTCAGTCACA-6","Glut-DACH2-8","Ex_DACH2_ZMAT4",0.599679162692077
"_CTGGTCTGTATGTCCA-6","Glut-DACH2-7","Ex_DACH2_GRIK4",0.44506023025691
"_CTGGTCTTCTCACTCG-6","Glut-DACH2-5","Ex_DACH2_ADAMTS5",0.678234823495992
"_CTGTACCAGGGCTGAT-6","Glut-DACH2-5","Ex_DACH2_ADAMTS5",0.3925148832414
"_CTGTACCCAAAGTATG-6","Glut-DACH2-7","Ex_DACH2_MGAT4C",0.486306196342868
"_CTGTACCGTCCCGGTA-6","Glut-DACH2-6","Ex_DACH2_ITGA9",0.578165483121239
"_CTGTACCTCTCCCAAC-6","Glut-DACH2-7","Ex_DACH2_ADAMTS5",0.502995981620919
"_CTGTAGACACGAAGAC-6","Glut-DACH2-6","Ex_DACH2_ZMAT4",0.427685182858402
"_CTGTAGAGTAGCTAAA-6","Glut-DACH2-5","Ex_DACH2_LHX2",0.617059383127027
"_CTGTAGATCTTCGGAA-6","Glut-DACH2-5","Ex_DACH2_ADAMTS5",0.554287957591588
"_CTGTATTAGAGCTGAC-6","Glut-DACH2-5","Ex_DACH2_LHX2",0.515865369285234
"_CTGTCGTCAGGTCTCG-6","Glut-DACH2-5","Ex_DACH2_LHX2",0.635107505683136
"_CTGTGAACAGGTCCCA-6","Glut-DACH2-6","Ex_DACH2_ITGA9",0.387374935922612
"_CTGTGAACATGGCTAT-6","Glut-DACH2-6","Ex_DACH2_CEMIP",0.988484587209476
"_CTGTGGGCAGGTCTCG-6","Glut-DACH2-5","Ex_DACH2_GRIK4",0.38429772301705
"_CTGTGGGGTTTACTTC-6","Glut-DACH2-7","Ex_DACH2_MGAT4C",0.323962550117538
"_CTGTGGGTCTAGCCTC-6","Glut-DACH2-6","Ex_DACH2_CEMIP",0.985261982633547
"_CTTACCGAGTTTGAGA-6","Glut-DACH2-6","Ex_DACH2_CEMIP",0.938834202566756
"_CTTACCGGTCCACAGC-6","Glut-DACH2-7","Ex_DACH2_MGAT4C",0.35427095621771
"_CTTACCGTCACTAGCA-6","Glut-DACH2-5","Ex_DACH2_GRIK4",0.394603963780792
"_CTTAGGACACTAGGCC-6","Glut-DACH2-7","Ex_DACH2_MGAT4C",0.365618409686415
"_CTTAGGACAGCGGTCT-6","Glut-DACH2-6","Ex_DACH2_CEMIP",0.941673827048407
"_CTTAGGACAGGGATAC-6","Glut-DACH2-8","Ex_DACH2_ZMAT4",0.816555635982556
"_CTTAGGAGTTCACCGG-6","Glut-DACH2-6","Ex_DACH2_CEMIP",0.987324155107578
"_CTTAGGATCCGCCTAT-6","Glut-DACH2-8","Ex_DACH2_ZMAT4",0.71938340219836
"_CTTCCGAAGCTTTGTG-6","Glut-DACH2-7","Ex_DACH2_ADAMTS5",0.341235096816237
"_CTTCCGACATTATGCG-6","Glut-DACH2-5","Ex_DACH2_MGAT4C",0.386070849995927
"_CTTCCGATCATTATCC-6","Glut-DACH2-7","Ex_DACH2_ADAMTS5",0.37137255015407
"_CTTCCGATCGGTAGAG-6","Glut-DACH2-6","Ex_DACH2_ITGA9",0.439085926538072
"_CTTCGGTAGCGGTAGT-6","Glut-DACH2-7","Ex_DACH2_GRIK4",0.490170758223889
"_CTTCTAAGTCTCTCCA-6","Glut-DACH2-7","Ex_DACH2_NR4A3",0.35028911482647
"_CTTCTCTAGTCCCGAC-6","Glut-DACH2-5","Ex_DACH2_LHX2",0.63158779549508
"_CTTCTCTCAGTTAGGG-6","Glut-DACH2-6","Ex_DACH2_CEMIP",0.879967799517896
"_CTTCTCTGTTGTCTAG-6","Glut-DACH2-5","Ex_DACH2_LHX2",0.569207206610708
"_CTTCTCTTCGCCGATG-6","Glut-DACH2-6","Ex_DACH2_CEMIP",0.992018483533452
"_CTTGAGAAGCGGTAGT-6","Glut-DACH2-6","Ex_DACH2_CEMIP",0.666222310959425
"_CTTGAGAGTACGACTT-6","Glut-DACH2-8","Ex_DACH2_ZMAT4",0.654364171707289
"_CTTGAGAGTGAATTAG-6","Glut-DACH2-6","Ex_DACH2_CEMIP",0.973435355122029
"_CTTGATTGTCGATTAC-6","Glut-DACH2-8","Ex_DACH2_ZMAT4",0.849275642579444
"_CTTTCGGAGTCTGGTT-6","Glut-DACH2-7","Ex_DACH2_MGAT4C",0.569900355893465
"_CTTTCGGAGTTATGGA-6","Glut-DACH2-8","Ex_DACH2_ZMAT4",0.659476112567225
"_CTTTCGGCAAGCTGTT-6","Glut-DACH2-5","Ex_DACH2_ADAMTS5",0.708746372398829
"_CTTTCGGCATAATGCC-6","Glut-DACH2-5","Ex_DACH2_LHX2",0.656618587224226
"_CTTTCGGCATTGACCA-6","Glut-DACH2-6","Ex_DACH2_ITGA9",0.406197554633694
"_GAAACCTAGGCATCGA-6","Glut-DACH2-5","Ex_DACH2_GRIK4",0.493912048397317
"_GAAACCTCAATTTCTC-6","Glut-DACH2-7","Ex_DACH2_MGAT4C",0.51634822871842
"_GAAACCTGTTCAAGTC-6","Glut-DACH2-5","Ex_DACH2_LHX2",0.459619269482994
"_GAAACCTGTTGTGTAC-6","Glut-DACH2-6","Ex_DACH2_ZMAT4",0.666425395775886
"_GAAATGAGTAGGCTGA-6","Glut-DACH2-7","Ex_DACH2_ADAMTS5",0.495742090663849
"_GAAATGATCAATCGGT-6","Glut-DACH2-7","Ex_DACH2_ADAMTS5",0.698153977873985
"_GAAATGATCATGCCGG-6","Glut-DACH2-6","Ex_DACH2_CEMIP",0.7544278644764
"_GAAATGATCTGACGCG-6","Glut-DACH2-5","Ex_DACH2_GRIK4",0.423315251829712
"_GAACACTAGGCTCTCG-6","Glut-DACH2-5","Ex_DACH2_GRIK4",0.451524624013628
"_GAACACTCACAATGTC-6","Glut-DACH2-5","Ex_DACH2_GRIK4",0.398397598091919
"_GAACACTGTATACCTG-6","Glut-DACH2-6","Ex_DACH2_ZMAT4",0.267153744695259
"_GAACACTTCTGCATAG-6","Glut-DACH2-7","Ex_DACH2_MGAT4C",0.400288930955659
"_GAACGTTCAAACGAGC-6","Glut-DACH2-7","Ex_DACH2_SLIT2",0.295839966730948
"_GAACGTTTCAAGGAGC-6","Glut-DACH2-8","Ex_DACH2_ZMAT4",0.59561399456219
"_GAACTGTAGAAATCCA-6","Glut-DACH2-5","Ex_DACH2_LHX2",0.389567139343671
"_GAACTGTGTACCCAGC-6","Glut-DACH2-8","Ex_DACH2_ZMAT4",0.741099651794544
"_GAACTGTGTCACCGAC-6","Glut-DACH2-6","Ex_DACH2_CEMIP",0.906632713120747
"_GAAGAATCAGGTCTCG-6","Glut-DACH2-7","Ex_DACH2_GRIK4",0.597682813183865
"_GAAGAATGTGCTTCAA-6","Glut-DACH2-6","Ex_DACH2_ZMAT4",0.609492219503283
"_GAAGAATGTTGCGAAG-6","Glut-DACH2-7","Ex_DACH2_MGAT4C",0.379544897641864
"_GAAGCCCCATGGAAGC-6","Glut-DACH2-7","Ex_DACH2_ADAMTS5",0.351452104230836
"_GAAGCCCGTGGATACG-6","Glut-DACH2-6","Ex_DACH2_CEMIP",0.964836109771397
"_GAAGCCCGTTCCACGG-6","Glut-DACH2-1","Ex_DACH2_GRIK4",0.421467563014179
"_GAAGCCCTCGAAGTGG-6","Glut-DACH2-7","Ex_DACH2_ADAMTS5",0.345623245086911
"_GAAGCGAAGCTCCGAC-6","Glut-DACH2-7","Ex_DACH2_GRIK4",0.550675599910286
"_GAAGCGACAGCTGAGA-6","Glut-DACH2-LMANsh","Ex_DACH2_ADAMTS5",0.463087708075255
"_GAAGGACGTAAGGCTG-6","Glut-DACH2-5","Ex_DACH2_GRIK4",0.43310090506125
"_GAAGGACGTACCGCGT-6","Glut-DACH2-8","Ex_DACH2_ZMAT4",0.671853940834638
"_GAAGGACGTATCGGTT-6","Glut-DACH2-5","Ex_DACH2_LHX2",0.411286955521383
"_GAAGGACGTGGTCTAT-6","Glut-DACH2-7","Ex_DACH2_GRIK4",0.571552423856613
"_GAAGGACTCCGGACTG-6","Glut-DACH2-5","Ex_DACH2_LHX2",0.633196639483343
"_GAAGGGTGTATGAGGC-6","Glut-DACH2-7","Ex_DACH2_GRIK4",0.556777389134855
"_GAAGGGTGTTCTCCCA-6","Glut-DACH2-6","Ex_DACH2_CEMIP",0.453351674138157
"_GAAGTAAAGCGTCTCG-6","Glut-DACH2-8","Ex_DACH2_CEMIP",0.576274410132323
"_GAAGTAAAGTCTAACC-6","Glut-DACH2-5","Ex_DACH2_LHX2",0.683811715255595
"_GAAGTAACAAGCCTGC-6","Glut-DACH2-2","Ex_DACH2_NR4A3",0.908795720886565
"_GAAGTAAGTAGAGATT-6","Glut-DACH2-6","Ex_DACH2_CEMIP",0.874299647481948
"_GAAGTAAGTGATACAA-6","Glut-DACH2-8","Ex_DACH2_ZMAT4",0.789129500416399
"_GAATAGAAGGACAGTC-6","Glut-DACH2-7","Ex_DACH2_GRIK4",0.439925132538508
"_GAATAGAGTAACGTTC-6","Glut-DACH2-1","Ex_DACH2_LHX2",0.400814554957674
"_GAATAGAGTCCCTGTT-6","Glut-DACH2-5","Ex_DACH2_ADAMTS5",0.257532355840601
"_GAATCACAGACCAACG-6","Glut-DACH2-6","Ex_DACH2_ADAMTS5",0.524040795189558
"_GAATCACCAGCATACT-6","Glut-DACH2-6","Ex_DACH2_CEMIP",0.763490689067736
"_GAATCACTCAGTGTGT-6","Glut-DACH2-7","Ex_DACH2_GRIK4",0.822534632846484
"_GAATCGTAGGCGTCCT-6","Glut-DACH2-5","Ex_DACH2_ADAMTS5",0.85443716831138
"_GAATCGTGTTCAATCG-6","Glut-DACH2-6","Ex_DACH2_ZMAT4",0.545150153094093
"_GAATCGTTCCGCACGA-6","Glut-DACH2-7","Ex_DACH2_GRIK4",0.453289018179804
"_GACACGCCAAGGATGC-6","Glut-DACH2-7","Ex_DACH2_MGAT4C",0.426830038338399
"_GACACGCGTAACGTTC-6","Glut-DACH2-6","Ex_DACH2_CEMIP",0.696218236515042
"_GACACGCGTTGCGTAT-6","Glut-DACH2-6","Ex_DACH2_CEMIP",0.348048105741893
"_GACACGCTCTACGGGC-6","Glut-DACH2-5","Ex_DACH2_GRIK4",0.486487640439133
"_GACAGCCGTCACCTTC-6","Glut-DACH2-7","Ex_DACH2_MGAT4C",0.598409062431411
"_GACAGCCGTCTACGTA-6","Glut-DACH2-5","Ex_DACH2_LHX2",0.524865737031184
"_GACAGCCGTGGCACTC-6","Glut-DACH2-5","Ex_DACH2_LHX2",0.587296405408417
"_GACATCAAGATCCCAT-6","Glut-DACH2-6","Ex_DACH2_CEMIP",1
"_GACATCACAGTCTGGC-6","Glut-DACH2-7","Ex_DACH2_GRIK4",0.395404655321982
"_GACCAATCACGGCCAT-6","Glut-DACH2-5","Ex_DACH2_ADAMTS5",0.260073959810478
"_GACCAATCAGCGACCT-6","Glut-DACH2-6","Ex_DACH2_CEMIP",0.9103710855901
"_GACCAATCAGGCGAAT-6","Glut-DACH2-7","Ex_DACH2_NR4A3",0.776735104608346
"_GACCCAGAGGGTTTCT-6","Glut-DACH2-8","Ex_DACH2_ZMAT4",0.850619221626729
"_GACCCAGGTCGTACTA-6","Glut-DACH2-8","Ex_DACH2_ZMAT4",0.777947899248627
"_GACCCAGTCCGACAGC-6","Glut-DACH2-7","Ex_DACH2_NR4A3",0.886220611375828
"_GACCCTTCAAATGAAC-6","Glut-DACH2-8","Ex_DACH2_ZMAT4",0.420999355779029
"_GACCCTTGTCACCGAC-6","Glut-DACH2-8","Ex_DACH2_ZMAT4",0.860752202099144
"_GACCGTGAGCTGGCTC-6","Glut-DACH2-6","Ex_DACH2_CEMIP",0.872700560194129
"_GACCGTGTCTCTCGAC-6","Glut-DACH2-5","Ex_DACH2_ADAMTS5",0.608706786702761
"_GACCTTCAGCAATAAC-6","Glut-DACH2-5","Ex_DACH2_ADAMTS5",0.560774230202566
"_GACCTTCTCCAATCCC-6","Glut-DACH2-2","Ex_DACH2_MGAT4C",0.616463621521688
"_GACCTTCTCCGCAACG-6","Glut-DACH2-5","Ex_DACH2_LHX2",0.462867207772629
"_GACCTTCTCTTTCCGG-6","Glut-DACH2-8","Ex_DACH2_ZMAT4",0.848778954756548
"_GACGCTGCAGGTCTCG-6","Glut-DACH2-5","Ex_DACH2_ADAMTS5",0.835231419762356
"_GACGCTGTCCATCCGT-6","Glut-DACH2-6","Ex_DACH2_CEMIP",1
"_GACGTTACACCGTGCA-6","Glut-DACH2-7","Ex_DACH2_LHX2",0.520844015835932
"_GACGTTACAGGTATGG-6","Glut-DACH2-6","Ex_DACH2_ZMAT4",0.536073162628695
"_GACGTTAGTATGGAAT-6","Glut-DACH2-6","Ex_DACH2_ITGA9",0.654028964994071
"_GACGTTATCCGAGTGC-6","Glut-DACH2-6","Ex_DACH2_CEMIP",0.985568578260351
"_GACTATGTCATACGGT-6","Glut-DACH2-6","Ex_DACH2_CEMIP",0.939406125581262
"_GACTCAACACAAAGTA-6","Glut-DACH2-5","Ex_DACH2_LHX2",0.48048211760946
"_GACTCTCTCCGACATA-6","Glut-DACH2-LMANsh","Ex_DACH2_ADAMTS5",0.436391816847993
"_GACTCTCTCGCTGCGA-6","Glut-DACH2-7","Ex_DACH2_GRIK4",0.432493540878984
"_GACTGATCAAGTGGAC-6","Glut-DACH2-6","Ex_DACH2_CEMIP",0.944180669673622
"_GACTTCCCATTGTCGA-6","Glut-DACH2-7","Ex_DACH2_LHX2",0.40440051996759
"_GACTTCCGTACAGCGA-6","Glut-DACH2-6","Ex_DACH2_CEMIP",0.986631998306871
"_GACTTCCGTCAAAGAT-6","Glut-DACH2-7","Ex_DACH2_MGAT4C",0.418916257168636
"_GACTTCCTCTGTGTGA-6","Glut-DACH2-7","Ex_DACH2_ADAMTS5",0.340922403980742
"_GAGAAATAGACCTTTG-6","Glut-DACH2-5","Ex_DACH2_MGAT4C",0.34402284731515
"_GAGAAATGTGCTTATG-6","Glut-DACH2-7","Ex_DACH2_GRIK4",0.677268489885155
"_GAGACCCCATCCGAGC-6","Glut-DACH2-5","Ex_DACH2_LHX2",0.677881991945107
"_GAGACCCTCGAAATCC-6","Glut-DACH2-8","Ex_DACH2_ZMAT4",0.650541411243002
"_GAGACCCTCGGCTTCT-6","Glut-DACH2-5","Ex_DACH2_LHX2",0.594671058203091
"_GAGACTTCAAACTAGA-6","Glut-DACH2-7","Ex_DACH2_NR4A3",0.40860418836589
"_GAGAGGTAGAAGCGGG-6","Glut-DACH2-7","Ex_DACH2_GRIK4",0.319942637418437
"_GAGATGGAGTAACCTC-6","Glut-DACH2-5","Ex_DACH2_LHX2",0.494038279773602
"_GAGCCTGCAGAGTTGG-6","Glut-DACH2-6","Ex_DACH2_ZMAT4",0.358050431480434
"_GAGCCTGGTACGGTTT-6","Glut-DACH2-7","Ex_DACH2_MGAT4C",0.362945304245183
"_GAGCTGCAGACATCAA-6","Glut-DACH2-7","Ex_DACH2_ADAMTS5",0.473837261651651
"_GAGCTGCCAATGCTCA-6","Glut-DACH2-7","Ex_DACH2_GRIK4",0.683921074511814
"_GAGGCAAGTAGAGACC-6","Glut-DACH2-7","Ex_DACH2_MGAT4C",0.601828672164151
"_GAGGCAATCCTTGGAA-6","Glut-DACH2-7","Ex_DACH2_ADAMTS5",0.296760939813847
"_GAGGCCTAGGACTATA-6","Glut-DACH2-7","Ex_DACH2_GRIK4",0.516190839224805
"_GAGGCCTAGTCTTCGA-6","Glut-DACH2-5","Ex_DACH2_ADAMTS5",0.599695802429733
"_GAGGCCTCAGCTGTAT-6","Glut-DACH2-5","Ex_DACH2_ADAMTS5",0.336249600740918
"_GAGGCCTTCCGACAGC-6","Glut-DACH2-5","Ex_DACH2_LHX2",0.418272314658426
"_GAGGGATAGACGACTG-6","Glut-DACH2-6","Ex_DACH2_CEMIP",0.927179572248795
"_GAGGGATAGCTGGTGA-6","Glut-DACH2-5","Ex_DACH2_ADAMTS5",0.318307243675567
"_GAGGGATCATACCAGT-6","Glut-DACH2-7","Ex_DACH2_NR4A3",0.365545411672113
"_GAGGGATGTCCCACGA-6","Glut-DACH2-LMANsh","Ex_DACH2_LHX2",0.397639174475908
"_GAGGGTACAAGACCTT-6","Glut-DACH2-6","Ex_DACH2_CEMIP",0.902658943905083
"_GAGGGTACACTAAACC-6","Glut-DACH2-LMANsh","Ex_DACH2_LHX2",0.629029076794687
"_GAGTCATCAATCCTAG-6","Glut-DACH2-6","Ex_DACH2_CEMIP",0.798840586510092
"_GAGTCATCACGGGCTT-6","Glut-DACH2-6","Ex_DACH2_CEMIP",0.818053566708739
"_GAGTCTAAGGCGAACT-6","Glut-DACH2-6","Ex_DACH2_CEMIP",1
"_GAGTCTAAGGGTCAAC-6","Glut-DACH2-5","Ex_DACH2_GRIK4",0.327756187177424
"_GAGTCTAAGGTACAGC-6","Glut-DACH2-5","Ex_DACH2_ADAMTS5",0.820835610030078
"_GAGTCTACAATCGTCA-6","Glut-DACH2-5","Ex_DACH2_GRIK4",0.44517645891474
"_GAGTCTATCCGACAGC-6","Glut-DACH2-5","Ex_DACH2_LHX2",0.521503269216999
"_GAGTGAGCATGGGCAA-6","Glut-DACH2-5","Ex_DACH2_GRIK4",0.37463771752614
"_GAGTGTTAGTGAGGTC-6","Glut-DACH2-8","Ex_DACH2_ZMAT4",0.388501532196248
"_GAGTTACCAGCTTCCT-6","Glut-DACH2-7","Ex_DACH2_MGAT4C",0.504728069059412
"_GAGTTACGTAGCCAGA-6","Glut-DACH2-8","Ex_DACH2_ZMAT4",0.652025369266504
"_GAGTTACGTTTCGACA-6","Glut-DACH2-6","Ex_DACH2_ZMAT4",0.431195120878041
"_GAGTTACTCGCCTAGG-6","Glut-DACH2-7","Ex_DACH2_GRIK4",0.56882247514039
"_GAGTTGTGTTATAGAG-6","Glut-DACH2-7","Ex_DACH2_MGAT4C",0.304618678629371
"_GAGTTTGAGCTACTGT-6","Glut-DACH2-5","Ex_DACH2_ADAMTS5",0.385295065903021
"_GAGTTTGGTAACGGTG-6","Glut-DACH2-7","Ex_DACH2_MGAT4C",0.45894060925667
"_GATAGAATCTGTCGCT-6","Glut-DACH2-7","Ex_DACH2_GRIK4",0.41948828967966
"_GATCACAAGAAGCCTG-6","Glut-DACH2-5","Ex_DACH2_MGAT4C",0.567231562773952
"_GATCACAAGTCATAGA-6","Glut-DACH2-6","Ex_DACH2_ZMAT4",0.369799157917188
"_GATCACACAAGACCTT-6","Glut-DACH2-5","Ex_DACH2_LHX2",0.416918520239971
"_GATCACACAGGTGACA-6","Glut-DACH2-6","Ex_DACH2_CEMIP",0.702417614219723
"_GATCAGTCATTAAAGG-6","Glut-DACH2-7","Ex_DACH2_ADAMTS5",0.296435518089664
"_GATCAGTGTATGGGAC-6","Glut-DACH2-7","Ex_DACH2_ADAMTS5",0.588087183517828
"_GATCAGTGTGATTCTG-6","Glut-DACH2-6","Ex_DACH2_CEMIP",1
"_GATCATGAGGAGGTTC-6","Glut-DACH2-6","Ex_DACH2_ITGA9",0.395871415745256
"_GATCATGGTGACCTGC-6","Glut-DACH2-6","Ex_DACH2_CEMIP",0.910538386059308
"_GATCATGGTTCTCCTG-6","Glut-DACH2-5","Ex_DACH2_ADAMTS5",0.750581691289696
"_GATCATGTCATCCTGC-6","Glut-DACH2-5","Ex_DACH2_ADAMTS5",0.496464569814828
"_GATCATGTCTGTAAGC-6","Glut-DACH2-5","Ex_DACH2_LHX2",0.300323536664338
"_GATCCCTGTCTAGGCC-6","Glut-DACH2-8","Ex_DACH2_CEMIP",0.761984650468093
"_GATCGTACAAGTGCTT-6","Glut-DACH2-8","Ex_DACH2_ZMAT4",0.838699176114289
"_GATCGTACATTGAAGA-6","Glut-DACH2-8","Ex_DACH2_ZMAT4",0.644998080121401
"_GATCGTAGTGCAATGG-6","Glut-DACH2-8","Ex_DACH2_ZMAT4",0.710224401484433
"_GATGACTAGGCCTGCT-6","Glut-DACH2-8","Ex_DACH2_ZMAT4",0.81786706624559
"_GATGAGGCACGGCCAT-6","Glut-DACH2-6","Ex_DACH2_CEMIP",1
"_GATGAGGGTTAAACAG-6","Glut-DACH2-5","Ex_DACH2_MGAT4C",0.334723183779569
"_GATGATCAGCGGCTCT-6","Glut-DACH2-7","Ex_DACH2_NR4A3",0.808945026360136
"_GATGATCAGTATGACA-6","Glut-DACH2-1","Ex_DACH2_LHX2",0.324522721638453
"_GATGATCAGTGACCTT-6","Glut-DACH2-5","Ex_DACH2_MGAT4C",0.419222319471896
"_GATGCTAAGCCGGATA-6","Glut-DACH2-7","Ex_DACH2_MGAT4C",0.512336982769783
"_GATGCTACAGGACGAT-6","Glut-DACH2-8","Ex_DACH2_ZMAT4",0.489262858449216
"_GATGTTGAGGTCATAA-6","Glut-DACH2-5","Ex_DACH2_ADAMTS5",0.285152885218836
"_GATGTTGGTTAGTCGT-6","Glut-DACH2-7","Ex_DACH2_NR4A3",0.963157126083819
"_GATGTTGTCCAAGCCG-6","Glut-DACH2-7","Ex_DACH2_MGAT4C",0.418042537373195
"_GATTCGACAACCGGAA-6","Glut-DACH2-LMANsh","Ex_DACH2_LHX2",0.652510468271076
"_GATTCGAGTTGCTCCT-6","Glut-DACH2-7","Ex_DACH2_ZMAT4",0.334546755716381
"_GATTCTTAGCCAACCC-6","Glut-DACH2-5","Ex_DACH2_GRIK4",0.39396259039357
"_GATTCTTAGTAGCCAG-6","Glut-DACH2-6","Ex_DACH2_CEMIP",0.960240084720731
"_GATTCTTCACTTCAAG-6","Glut-DACH2-7","Ex_DACH2_NR4A3",0.412232796306063
"_GATTCTTCATATGCGT-6","Glut-DACH2-7","Ex_DACH2_LHX2",0.507646107467735
"_GATTCTTTCCTCATAT-6","Glut-DACH2-8","Ex_DACH2_ZMAT4",0.78161940340283
"_GATTGGTAGAGCCTGA-6","Glut-DACH2-5","Ex_DACH2_MGAT4C",0.738175532464549
"_GATTGGTAGCACTCTA-6","Glut-DACH2-7","Ex_DACH2_NR4A3",0.508212805180839
"_GATTGGTCAATGCAAA-6","Glut-DACH2-5","Ex_DACH2_LHX2",0.543486616724151
"_GATTGGTCACGTGAGA-6","Glut-DACH2-7","Ex_DACH2_GRIK4",0.404270940886694
"_GATTGGTCATTGAGGG-6","Glut-DACH2-5","Ex_DACH2_GRIK4",0.446846345184942
"_GATTGGTTCTTCTTCC-6","Glut-DACH2-6","Ex_DACH2_CEMIP",0.896575918134143
"_GATTTCTAGACTTCAC-6","Glut-DACH2-5","Ex_DACH2_ADAMTS5",0.399980821375611
"_GATTTCTAGCAGATAT-6","Glut-DACH2-6","Ex_DACH2_CEMIP",0.524019045504693
"_GATTTCTAGCCGAATG-6","Glut-DACH2-6","Ex_DACH2_ITGA9",0.458798347987657
"_GATTTCTAGGCACTAG-6","Glut-DACH2-6","Ex_DACH2_CEMIP",0.984920159129617
"_GATTTCTAGGTGCTTT-6","Glut-DACH2-7","Ex_DACH2_ADAMTS5",0.523191024677854
"_GATTTCTCAGCAGTAG-6","Glut-DACH2-7","Ex_DACH2_GRIK4",0.612577645161037
"_GATTTCTGTAGGTAGC-6","Glut-DACH2-8","Ex_DACH2_ZMAT4",0.520491937189373
"_GATTTCTGTGTCACAT-6","Glut-DACH2-7","Ex_DACH2_MGAT4C",0.409604053394156
"_GATTTCTTCTGCACCT-6","Glut-DACH2-6","Ex_DACH2_CEMIP",0.683963491527453
"_GCAACATAGAGCAGTC-6","Glut-DACH2-7","Ex_DACH2_MGAT4C",0.424907788565203
"_GCAACCGAGCATCAAA-6","Glut-DACH2-5","Ex_DACH2_GRIK4",0.654399669629317
"_GCACATAAGTAACCTC-6","Glut-DACH2-LMANsh","Ex_DACH2_LHX2",0.329057303167849
"_GCACATATCTTGGTGA-6","Glut-DACH2-8","Ex_DACH2_ZMAT4",0.715775870282761
"_GCACGGTCACTTGAGT-6","Glut-DACH2-7","Ex_DACH2_ADAMTS5",0.37871575606535
"_GCACGGTGTGTCATGT-6","Glut-DACH2-6","Ex_DACH2_CEMIP",1
"_GCACGTGAGTCGGCCT-6","Glut-DACH2-6","Ex_DACH2_ZMAT4",0.592074250236344
"_GCACTAATCCCTCGAT-6","Glut-DACH2-6","Ex_DACH2_CEMIP",0.803677348861732
"_GCAGCCACAAACAGGC-6","Glut-DACH2-7","Ex_DACH2_GRIK4",0.414302758443564
"_GCAGCCACACTCGATA-6","Glut-DACH2-6","Ex_DACH2_ZMAT4",0.596212798472162
"_GCAGCCACAGATACCT-6","Glut-DACH2-7","Ex_DACH2_LHX2",0.296328990525659
"_GCAGCTGGTAGCTGAG-6","Glut-DACH2-7","Ex_DACH2_ADAMTS5",0.342366280570068
"_GCAGGCTAGTTGTAGA-6","Glut-DACH2-7","Ex_DACH2_GRIK4",0.598906937745477
"_GCAGGCTTCATCACAG-6","Glut-DACH2-8","Ex_DACH2_CEMIP",0.269201618655434
"_GCAGGCTTCCCTCTTT-6","Glut-DACH2-5","Ex_DACH2_GRIK4",0.489534259860021
"_GCAGTTACACTATCCC-6","Glut-DACH2-6","Ex_DACH2_CEMIP",0.960709427251957
"_GCAGTTATCGTAGGAG-6","Glut-DACH2-LMANco","Ex_DACH2_CEMIP",0.585602944472908
"_GCAGTTATCTTACGGA-6","Glut-DACH2-1","Ex_DACH2_GRIK4",0.632245850721733
"_GCATCGGTCGCTGACG-6","Glut-DACH2-5","Ex_DACH2_ADAMTS5",0.370389192360324
"_GCATCGGTCTTGGTCC-6","Glut-DACH2-5","Ex_DACH2_LHX2",0.606611989380091
"_GCATCTCAGGTACATA-6","Glut-DACH2-6","Ex_DACH2_CEMIP",0.934758233392381
"_GCATCTCTCGTCGCTT-6","Glut-DACH2-5","Ex_DACH2_LHX2",0.637462683038939
"_GCATGATAGGGTTAAT-6","Glut-DACH2-5","Ex_DACH2_ADAMTS5",0.472920945355571
"_GCATGATGTAGACGGT-6","Glut-DACH2-6","Ex_DACH2_CEMIP",0.958833191792811
"_GCATGATTCGTAGCCG-6","Glut-DACH2-8","Ex_DACH2_ZMAT4",0.707655038642798
"_GCATTAGCAAGTGGAC-6","Glut-DACH2-8","Ex_DACH2_ZMAT4",0.66537615826524
"_GCATTAGGTATGAGAT-6","Glut-DACH2-6","Ex_DACH2_CEMIP",0.532949698900666
"_GCCAACGAGCTCCATA-6","Glut-DACH2-6","Ex_DACH2_CEMIP",0.784697789673307
"_GCCAACGCATACCAGT-6","Glut-DACH2-5","Ex_DACH2_NR4A3",0.812176648495974
"_GCCAACGGTCTACACA-6","Glut-DACH2-7","Ex_DACH2_GRIK4",0.507300165547336
"_GCCAGCAAGACATAGT-6","Glut-DACH2-6","Ex_DACH2_CEMIP",0.768991717757474
"_GCCAGCAGTAGAGTTA-6","Glut-DACH2-5","Ex_DACH2_GRIK4",0.58995309616337
"_GCCAGCAGTCTTTATC-6","Glut-DACH2-7","Ex_DACH2_GRIK4",0.653517560572767
"_GCCAGCAGTTCGAACT-6","Glut-DACH2-7","Ex_DACH2_GRIK4",0.756957506902862
"_GCCAGCATCATTGCCC-6","Glut-DACH2-8","Ex_DACH2_CEMIP",0.803576930789431
"_GCCAGCATCGCAATGT-6","Glut-DACH2-5","Ex_DACH2_GRIK4",0.286603421865669
"_GCCAGGTCACTTTATC-6","Glut-DACH2-5","Ex_DACH2_GRIK4",0.544572185199636
"_GCCAGGTGTGTTGCCG-6","Glut-DACH2-7","Ex_DACH2_ADAMTS5",0.283377488882074
"_GCCAGTGAGTGTAGTA-6","Glut-DACH2-7","Ex_DACH2_ADAMTS5",0.457940473521928
"_GCCAGTGCAACAAGAT-6","Glut-DACH2-5","Ex_DACH2_ADAMTS5",0.721226419789405
"_GCCAGTGCAAGTCCAT-6","Glut-DACH2-5","Ex_DACH2_LHX2",0.488304428650596
"_GCCAGTGGTACTGCGC-6","Glut-DACH2-6","Ex_DACH2_CEMIP",0.866202129975948
"_GCCAGTGGTAGCACAG-6","Glut-DACH2-7","Ex_DACH2_ADAMTS5",0.47145819001407
"_GCCAGTGTCCTCTAGC-6","Glut-DACH2-5","Ex_DACH2_LHX2",0.519219322542171
"_GCCATGGCACTGGCGT-6","Glut-DACH2-5","Ex_DACH2_LHX2",0.614917411655014
"_GCCATTCAGCATGTTC-6","Glut-DACH2-8","Ex_DACH2_ZMAT4",0.44252484394061
"_GCCATTCCATGCAGCC-6","Glut-DACH2-7","Ex_DACH2_NR4A3",0.832258162972586
"_GCCATTCGTCGGTGTC-6","Glut-DACH2-7","Ex_DACH2_MGAT4C",0.31942296663983
"_GCCATTCGTGCACATT-6","Glut-DACH2-8","Ex_DACH2_ZMAT4",0.565403207326242
"_GCCATTCTCAAACCTG-6","Glut-DACH2-7","Ex_DACH2_ADAMTS5",0.311962812492697
"_GCCCAGAAGAACGCGT-6","Glut-DACH2-7","Ex_DACH2_MGAT4C",0.487845984590576
"_GCCCAGATCGCAACAT-6","Glut-DACH2-6","Ex_DACH2_CEMIP",0.641949402308329
"_GCCCGAAAGCACCTGC-6","Glut-DACH2-5","Ex_DACH2_ADAMTS5",0.323555841502908
"_GCCCGAAAGGATCACG-6","Glut-DACH2-6","Ex_DACH2_CEMIP",0.942787910365318
"_GCCCGAACATATGAAG-6","Glut-DACH2-1","Ex_DACH2_GRIK4",0.609603255343389
"_GCCCGAAGTTAAGGGC-6","Glut-DACH2-7","Ex_DACH2_ITGA9",0.367000797971185
"_GCCCGAAGTTTGCAGT-6","Glut-DACH2-5","Ex_DACH2_LHX2",0.437703949122353
"_GCCGATGAGCATTGAA-6","Glut-DACH2-8","Ex_DACH2_CEMIP",0.969555055480457
"_GCCGATGGTACGTAGG-6","Glut-DACH2-7","Ex_DACH2_GRIK4",0.46123416047302
"_GCCGTGACACTGTGAT-6","Glut-DACH2-7","Ex_DACH2_GRIK4",0.612083468197694
"_GCCGTGACATTCTTCA-6","Glut-DACH2-LMANsh","Ex_DACH2_GRIK4",0.39987530404867
"_GCCGTGAGTCTTTCTA-6","Glut-DACH2-7","Ex_DACH2_ADAMTS5",0.392818116943276
"_GCCGTGATCCGGCAAC-6","Glut-DACH2-8","Ex_DACH2_ZMAT4",0.714327827654177
"_GCCGTGATCGTTAGTG-6","Glut-DACH2-6","Ex_DACH2_CEMIP",0.882684501567503
"_GCGAGAAGTCATGACT-6","Glut-DACH2-7","Ex_DACH2_GRIK4",0.751626827514334
"_GCGAGAATCGTTGTTT-6","Glut-DACH2-7","Ex_DACH2_GRIK4",0.470348379904401
"_GCGAGAATCTTGGTCC-6","Glut-DACH2-8","Ex_DACH2_ZMAT4",0.456618954620436
"_GCGGAAAAGTCATGGG-6","Glut-DACH2-7","Ex_DACH2_MGAT4C",0.370419213604832
"_GCGGAAACAAGTGGCA-6","Glut-DACH2-6","Ex_DACH2_CEMIP",0.457961782320048
"_GCGGAAACATGGCTAT-6","Glut-DACH2-7","Ex_DACH2_GRIK4",0.552584030802208
"_GCGGAAAGTCGTTCAA-6","Glut-DACH2-6","Ex_DACH2_CEMIP",0.578075258213068
"_GCGGAAAGTGGCTACC-6","Glut-DACH2-7","Ex_DACH2_MGAT4C",0.643778542279886
"_GCGGAAAGTTAGAAGT-6","Glut-DACH2-7","Ex_DACH2_GRIK4",0.532288661057976
"_GCGGATCAGCAGGTCA-6","Glut-DACH2-7","Ex_DACH2_GRIK4",0.672420393663844
"_GCGGATCAGCATCAGG-6","Glut-DACH2-6","Ex_DACH2_ZMAT4",0.595383622113594
"_GCGGATCGTCAGGTGA-6","Glut-DACH2-6","Ex_DACH2_CEMIP",0.863970765469313
"_GCGTGCACAAGCTACT-6","Glut-DACH2-7","Ex_DACH2_NR4A3",0.338516284535386
"_GCGTGCATCAACGCTA-6","Glut-DACH2-7","Ex_DACH2_LHX2",0.327942830371625
"_GCGTGCATCACCTGTC-6","Glut-DACH2-7","Ex_DACH2_GRIK4",0.442086087346311
"_GCGTGCATCACGATCA-6","Glut-DACH2-8","Ex_DACH2_ZMAT4",0.569991166875952
"_GCGTGCATCCGGGACT-6","Glut-DACH2-5","Ex_DACH2_GRIK4",0.454239072901196
"_GCGTTTCAGGCTATCT-6","Glut-DACH2-7","Ex_DACH2_ADAMTS5",0.700627910651862
"_GCGTTTCGTTATGTGC-6","Glut-DACH2-5","Ex_DACH2_LHX2",0.353959966256232
"_GCTACAATCGCCAGAC-6","Glut-DACH2-8","Ex_DACH2_ZMAT4",0.829347283262629
"_GCTACCTCAACAGCTT-6","Glut-DACH2-6","Ex_DACH2_ZMAT4",0.349652636719917
"_GCTACCTCACGTATAC-6","Glut-DACH2-6","Ex_DACH2_CEMIP",0.721814884440161
"_GCTACCTTCACCGGGT-6","Glut-DACH2-7","Ex_DACH2_MGAT4C",0.429752509524276
"_GCTCAAAGTTAAGAAC-6","Glut-DACH2-5","Ex_DACH2_ADAMTS5",0.462707103892192
"_GCTCAAATCAAGTTGC-6","Glut-DACH2-5","Ex_DACH2_GRIK4",0.319168346911428
"_GCTCAAATCCATCTAT-6","Glut-DACH2-5","Ex_DACH2_ADAMTS5",0.811453357714267
"_GCTGAATAGTCGGCCT-6","Glut-DACH2-8","Ex_DACH2_ZMAT4",0.693650121575335
"_GCTGAATCAGGCACTC-6","Glut-DACH2-6","Ex_DACH2_CEMIP",0.766088323026384
"_GCTGAATGTCTAGATC-6","Glut-DACH2-5","Ex_DACH2_ADAMTS5",0.787994378284956
"_GCTGAATGTGTCATCA-6","Glut-DACH2-5","Ex_DACH2_ADAMTS5",0.847363444645264
"_GCTGAATGTTGCCGCA-6","Glut-DACH2-5","Ex_DACH2_LHX2",0.588052843931709
"_GCTGCAGAGGATACCG-6","Glut-DACH2-5","Ex_DACH2_LHX2",0.3253380786283
"_GCTGCAGCAAAGCACG-6","Glut-DACH2-6","Ex_DACH2_CEMIP",0.675007444165281
"_GCTGCAGCAAGGTTGG-6","Glut-DACH2-6","Ex_DACH2_CEMIP",0.980852084966883
"_GCTGCAGCAGCGTTGC-6","Glut-DACH2-5","Ex_DACH2_ADAMTS5",0.755958742872765
"_GCTGCAGGTGGCACTC-6","Glut-DACH2-6","Ex_DACH2_ITGA9",0.531694606933888
"_GCTGGGTAGTGATCGG-6","Glut-DACH2-6","Ex_DACH2_ZMAT4",0.408382490221181
"_GCTGGGTGTGGTCTAT-6","Glut-DACH2-8","Ex_DACH2_ZMAT4",0.643556968002255
"_GCTTCACAGGACATCG-6","Glut-DACH2-6","Ex_DACH2_CEMIP",0.983985718689714
"_GCTTCACCAAGGTACG-6","Glut-DACH2-6","Ex_DACH2_ITGA9",0.517152837101784
"_GCTTGGGAGGGCCTCT-6","Glut-DACH2-6","Ex_DACH2_CEMIP",0.674013131573136
"_GCTTGGGCAAATACGA-6","Glut-DACH2-8","Ex_DACH2_ZMAT4",0.756551207139789
"_GCTTGGGCACTACGGC-6","Glut-DACH2-7","Ex_DACH2_GRIK4",0.618667475329818
"_GCTTGGGCATAACCCA-6","Glut-DACH2-5","Ex_DACH2_LHX2",0.628874668980112
"_GCTTTCGGTAGAATGT-6","Glut-DACH2-7","Ex_DACH2_NR4A3",0.728565935503645
"_GCTTTCGGTCAACCTA-6","Glut-DACH2-6","Ex_DACH2_CEMIP",0.988690772535305
"_GCTTTCGGTCCATCTC-6","Glut-DACH2-5","Ex_DACH2_GRIK4",0.446817995304744
"_GCTTTCGGTGTGTCGC-6","Glut-DACH2-7","Ex_DACH2_MGAT4C",0.398934011974885
"_GCTTTCGTCCGAGTGC-6","Glut-DACH2-7","Ex_DACH2_NR4A3",0.555312314402366
"_GGAACCCCACAACGTT-6","Glut-DACH2-7","Ex_DACH2_GRIK4",0.453413855542211
"_GGAACCCCACCTGAAT-6","Glut-DACH2-6","Ex_DACH2_ZMAT4",0.475314399927281
"_GGAACCCGTTTCTATC-6","Glut-DACH2-8","Ex_DACH2_ZMAT4",0.597066990475587
"_GGAAGTGAGACGCAGT-6","Glut-DACH2-5","Ex_DACH2_ADAMTS5",0.652311698754391
"_GGAAGTGCATAACTCG-6","Glut-DACH2-8","Ex_DACH2_ZMAT4",0.709081493635313
"_GGAAGTGGTTATAGCC-6","Glut-DACH2-6","Ex_DACH2_CEMIP",0.751938786666064
"_GGAAGTGTCCCGAGAC-6","Glut-DACH2-7","Ex_DACH2_GRIK4",0.383567360389582
"_GGAATCTGTGGAAATT-6","Glut-DACH2-7","Ex_DACH2_ADAMTS5",0.627895100086978
"_GGAATCTTCAAGCTTG-6","Glut-DACH2-7","Ex_DACH2_GRIK4",0.472011358719283
"_GGAATCTTCTGCCTGT-6","Glut-DACH2-7","Ex_DACH2_NR4A3",0.874367263363308
"_GGAATGGCAGTTCTAG-6","Glut-DACH2-6","Ex_DACH2_ITGA9",0.445107105917699
"_GGACGTCGTCCCTGAG-6","Glut-DACH2-5","Ex_DACH2_MGAT4C",0.400347678718876
"_GGACGTCTCCGAACGC-6","Glut-DACH2-5","Ex_DACH2_MGAT4C",0.361770782548718
"_GGACGTCTCCGTGTGG-6","Glut-DACH2-7","Ex_DACH2_MGAT4C",0.449564130941427
"_GGACGTCTCTGAGAGG-6","Glut-DACH2-5","Ex_DACH2_LHX2",0.605682476102775
"_GGAGAACTCCGCTAGG-6","Glut-DACH2-5","Ex_DACH2_LHX2",0.299082557711806
"_GGAGAACTCGTTTACT-6","Glut-DACH2-6","Ex_DACH2_ITGA9",0.448075965941964
"_GGAGATGCACTTGAGT-6","Glut-DACH2-8","Ex_DACH2_ZMAT4",0.701386908897921
"_GGAGATGGTCGCACGT-6","Glut-DACH2-7","Ex_DACH2_GRIK4",0.474659281010793
"_GGAGATGTCGACCAAT-6","Glut-DACH2-5","Ex_DACH2_ADAMTS5",0.685497263785971
"_GGAGCAAGTCATAAAG-6","Glut-DACH2-5","Ex_DACH2_ADAMTS5",0.35619464980834
"_GGAGCAAGTGGCGCTT-6","Glut-DACH2-8","Ex_DACH2_ZMAT4",0.557881464830898
"_GGAGCAAGTTGTTGAC-6","Glut-DACH2-5","Ex_DACH2_LHX2",0.306935847336255
"_GGAGCAATCCCTTGGT-6","Glut-DACH2-7","Ex_DACH2_GRIK4",0.406384527415345
"_GGAGGATAGATCCGAG-6","Glut-DACH2-7","Ex_DACH2_GRIK4",0.808695302084535
"_GGAGGATAGTGCTCAT-6","Glut-DACH2-7","Ex_DACH2_ADAMTS5",0.33511686978151
"_GGAGGATGTCATCGCG-6","Glut-DACH2-5","Ex_DACH2_ADAMTS5",0.569822333177492
"_GGAGGATTCGGCTTGG-6","Glut-DACH2-5","Ex_DACH2_LHX2",0.486148662866582
"_GGAGGTAAGGTAAGTT-6","Glut-DACH2-7","Ex_DACH2_MGAT4C",0.491241264707309
"_GGAGGTACAGCTATTG-6","Glut-DACH2-5","Ex_DACH2_ADAMTS5",0.759120352210126
"_GGAGGTATCAGCGTCG-6","Glut-DACH2-5","Ex_DACH2_GRIK4",0.310539803157587
"_GGAGGTATCTCATTTG-6","Glut-DACH2-7","Ex_DACH2_GRIK4",0.37382305344515
"_GGATCTAAGACTCTTG-6","Glut-DACH2-5","Ex_DACH2_LHX2",0.655254643882413
"_GGATCTAAGCCTAGGA-6","Glut-DACH2-6","Ex_DACH2_CEMIP",0.953733916247474
"_GGATCTACATGTGCTA-6","Glut-DACH2-5","Ex_DACH2_LHX2",0.368785400694295
"_GGATCTAGTTGCTGAT-6","Glut-DACH2-5","Ex_DACH2_LHX2",0.330605595102502
"_GGATCTATCGATACAC-6","Glut-DACH2-6","Ex_DACH2_CEMIP",0.953998582362019
"_GGATGTTAGAGGTTAT-6","Glut-DACH2-8","Ex_DACH2_ZMAT4",0.515690690798121
"_GGATGTTAGCTGGCCT-6","Glut-DACH2-6","Ex_DACH2_CEMIP",1
"_GGATGTTCACCGTGGT-6","Glut-DACH2-7","Ex_DACH2_ADAMTS5",0.552728177184072
"_GGATGTTCACCTAAAC-6","Glut-DACH2-7","Ex_DACH2_GRIK4",0.650352455855632
"_GGCACGTCAAGGGCAT-6","Glut-DACH2-7","Ex_DACH2_NR4A3",0.350595941246142
"_GGCACGTTCGTGGGTC-6","Glut-DACH2-7","Ex_DACH2_GRIK4",0.468935067976376
"_GGCAGTCAGGTTACAA-6","Glut-DACH2-7","Ex_DACH2_ADAMTS5",0.379823869645205
"_GGCAGTCCACGGCTAC-6","Glut-DACH2-7","Ex_DACH2_MGAT4C",0.526092170485167
"_GGCAGTCCATACATCG-6","Glut-DACH2-7","Ex_DACH2_MGAT4C",0.357533967532859
"_GGCGTCATCCTTGACC-6","Glut-DACH2-8","Ex_DACH2_ZMAT4",0.856621191474101
"_GGCGTCATCGAGATGG-6","Glut-DACH2-7","Ex_DACH2_ADAMTS5",0.367326257614084
"_GGCTTGGCAACACGTT-6","Glut-DACH2-7","Ex_DACH2_GRIK4",0.687586534934365
"_GGCTTGGCACGGCACT-6","Glut-DACH2-7","Ex_DACH2_MGAT4C",0.484947625932165
"_GGCTTGGGTACAACGG-6","Glut-DACH2-8","Ex_DACH2_ZMAT4",0.696181773901641
"_GGCTTGGGTGCTAGCC-6","Glut-DACH2-7","Ex_DACH2_ADAMTS5",0.530153833095075
"_GGCTTGGGTGGCTACC-6","Glut-DACH2-7","Ex_DACH2_GRIK4",0.444781515702633
"_GGCTTTCAGCCAAGTG-6","Glut-DACH2-5","Ex_DACH2_ADAMTS5",0.367003358652329
"_GGCTTTCCAAGACCTT-6","Glut-DACH2-5","Ex_DACH2_ADAMTS5",0.849221403395094
"_GGCTTTCCAATACCTG-6","Glut-DACH2-7","Ex_DACH2_GRIK4",0.397251853166262
"_GGCTTTCCACGACGTC-6","Glut-DACH2-8","Ex_DACH2_ZMAT4",0.709821542101816
"_GGCTTTCCACGCTTAA-6","Glut-DACH2-LMANsh","Ex_DACH2_ADAMTS5",0.330466988498277
"_GGCTTTCGTGTGACCC-6","Glut-DACH2-8","Ex_DACH2_ZMAT4",0.777957681008832
"_GGGAAGTAGACTTGTC-6","Glut-DACH2-5","Ex_DACH2_ADAMTS5",0.448668957374729
"_GGGAAGTGTGGATACG-6","Glut-DACH2-5","Ex_DACH2_MGAT4C",0.398850688056499
"_GGGAAGTTCATAGCAC-6","Glut-DACH2-7","Ex_DACH2_MGAT4C",0.352841805077408
"_GGGACAAGTAACACCT-6","Glut-DACH2-8","Ex_DACH2_ZMAT4",0.630788168690717
"_GGGACAAGTGCCTACG-6","Glut-DACH2-6","Ex_DACH2_ITGA9",0.342243359338444
"_GGGACAATCTGTAAGC-6","Glut-DACH2-5","Ex_DACH2_ADAMTS5",0.430584817520302
"_GGGACTCCAAAGAGTT-6","Glut-DACH2-5","Ex_DACH2_LHX2",0.453274325580085
"_GGGACTCGTGATTGGG-6","Glut-DACH2-5","Ex_DACH2_LHX2",0.294365578634012
"_GGGAGATAGCCAAGCA-6","Glut-DACH2-7","Ex_DACH2_MGAT4C",0.437079709281877
"_GGGAGATAGCTATCCA-6","Glut-DACH2-6","Ex_DACH2_CEMIP",0.763946154610555
"_GGGAGATGTGGGCTTC-6","Glut-DACH2-6","Ex_DACH2_CEMIP",0.884527003094248
"_GGGAGATTCACACGAT-6","Glut-DACH2-6","Ex_DACH2_ITGA9",0.640079954128419
"_GGGAGTACAACAGTGG-6","Glut-DACH2-5","Ex_DACH2_LHX2",0.297438411058851
"_GGGAGTACACATATGC-6","Glut-DACH2-8","Ex_DACH2_ZMAT4",0.775595020131122
"_GGGAGTAGTAAGTTAG-6","Glut-DACH2-5","Ex_DACH2_GRIK4",0.260078442207332
"_GGGAGTAGTGGATCAG-6","Glut-DACH2-7","Ex_DACH2_MGAT4C",0.700457461717405
"_GGGAGTATCACCCTTG-6","Glut-DACH2-8","Ex_DACH2_ZMAT4",0.569892388844702
"_GGGATCCGTCGAGTTT-6","Glut-DACH2-2","Ex_DACH2_GRIK4",0.46184093933343
"_GGGATCCGTGTCCCTT-6","Glut-DACH2-6","Ex_DACH2_CEMIP",0.965416361079628
"_GGGATGACACTGATTG-6","Glut-DACH2-8","Ex_DACH2_ZMAT4",0.636277779985101
"_GGGATGACACTGTTCC-6","Glut-DACH2-8","Ex_DACH2_ZMAT4",0.716767313776615
"_GGGCCATGTTACCTTT-6","Glut-DACH2-7","Ex_DACH2_GRIK4",0.419085699967667
"_GGGCGTTAGCAAGTCG-6","Glut-DACH2-8","Ex_DACH2_ZMAT4",0.695435401840773
"_GGGCGTTGTCGCGGTT-6","Glut-DACH2-6","Ex_DACH2_CEMIP",1
"_GGGCGTTTCAGTGTGT-6","Glut-DACH2-5","Ex_DACH2_ADAMTS5",0.660150559728967
"_GGGCTACCATCCAATG-6","Glut-DACH2-6","Ex_DACH2_CEMIP",0.991956251784558
"_GGGCTCAGTCAAACGG-6","Glut-DACH2-6","Ex_DACH2_CEMIP",0.909446162654554
"_GGGTAGACACCCATAA-6","Glut-DACH2-6","Ex_DACH2_CEMIP",0.694666632841835
"_GGGTAGATCACTGGTA-6","Glut-DACH2-5","Ex_DACH2_GRIK4",0.54959942124162
"_GGGTATTAGGTTTGAA-6","Glut-DACH2-6","Ex_DACH2_CEMIP",0.968032165540304
"_GGGTATTCAGACGATG-6","Glut-DACH2-7","Ex_DACH2_ITGA9",0.40457686553494
"_GGGTATTGTCCTACAA-6","Glut-DACH2-5","Ex_DACH2_ADAMTS5",0.733044219294618
"_GGGTATTTCACCCTCA-6","Glut-DACH2-5","Ex_DACH2_ADAMTS5",0.460588924378773
"_GGGTCACAGTAACCTC-6","Glut-DACH2-1","Ex_DACH2_GRIK4",0.443431262477683
"_GGGTCACAGTCATCGT-6","Glut-DACH2-7","Ex_DACH2_MGAT4C",0.327432324267181
"_GGGTCACGTCAGTTTG-6","Glut-DACH2-6","Ex_DACH2_ZMAT4",0.449938388331022
"_GGGTCTGAGCTGGCTC-6","Glut-DACH2-8","Ex_DACH2_CEMIP",0.660086278468113
"_GGGTCTGCATTCCTAT-6","Glut-DACH2-8","Ex_DACH2_ZMAT4",0.709693490588866
"_GGGTGAACACAACATC-6","Glut-DACH2-5","Ex_DACH2_GRIK4",0.549745551905536
"_GGGTGAACAGCACAGA-6","Glut-DACH2-5","Ex_DACH2_MGAT4C",0.307254571762566
"_GGGTGTCTCAAGAAAC-6","Glut-DACH2-7","Ex_DACH2_NR4A3",0.874030718581721
"_GGGTGTCTCCGGTAGC-6","Glut-DACH2-8","Ex_DACH2_ZMAT4",0.458363258350065
"_GGGTTATAGAAGAGCA-6","Glut-DACH2-8","Ex_DACH2_ZMAT4",0.6955041238168
"_GGGTTATGTCGTATTG-6","Glut-DACH2-6","Ex_DACH2_ZMAT4",0.460780013256862
"_GGGTTATGTCTGTAGT-6","Glut-DACH2-6","Ex_DACH2_CEMIP",0.988137467644101
"_GGGTTATTCAGGAAAT-6","Glut-DACH2-6","Ex_DACH2_CEMIP",0.986522761554484
"_GGGTTATTCGAATGCT-6","Glut-DACH2-7","Ex_DACH2_GRIK4",0.454911366242741
"_GGGTTTAAGAACGCGT-6","Glut-DACH2-6","Ex_DACH2_ZMAT4",0.570313176744952
"_GGGTTTAAGGTTGGTG-6","Glut-DACH2-5","Ex_DACH2_LHX2",0.528620202088208
"_GGGTTTAAGTAGAATC-6","Glut-DACH2-7","Ex_DACH2_NR4A3",0.825853432299874
"_GGGTTTACAATGCAAA-6","Glut-DACH2-7","Ex_DACH2_NR4A3",0.323260819108762
"_GGGTTTACAGTAACAA-6","Glut-DACH2-8","Ex_DACH2_ZMAT4",0.545575851986369
"_GGGTTTAGTAGGAAAG-6","Glut-DACH2-6","Ex_DACH2_ZMAT4",0.406556362460976
"_GGTAACTGTGGATACG-6","Glut-DACH2-6","Ex_DACH2_CEMIP",0.520335976692078
"_GGTAACTGTTGTGCAT-6","Glut-DACH2-5","Ex_DACH2_ADAMTS5",0.389174832738139
"_GGTAACTTCCACACCT-6","Glut-DACH2-5","Ex_DACH2_LHX2",0.496799910190331
"_GGTAACTTCGCCACTT-6","Glut-DACH2-5","Ex_DACH2_LHX2",0.600282130413245
"_GGTAATCAGACCTTTG-6","Glut-DACH2-6","Ex_DACH2_CEMIP",0.956222344895071
"_GGTAATCAGCAGGTCA-6","Glut-DACH2-6","Ex_DACH2_CEMIP",0.948425279898491
"_GGTAATCGTAACGCGA-6","Glut-DACH2-7","Ex_DACH2_GRIK4",0.493988593338455
"_GGTAATCGTACTAACC-6","Glut-DACH2-5","Ex_DACH2_ADAMTS5",0.456347855086132
"_GGTAATCTCAATGTCG-6","Glut-DACH2-1","Ex_DACH2_MGAT4C",0.49948769323918
"_GGTAATCTCCAAGCTA-6","Glut-DACH2-8","Ex_DACH2_ZMAT4",0.587341303424608
"_GGTAATCTCCCATTCG-6","Glut-DACH2-7","Ex_DACH2_ADAMTS5",0.367635382687245
"_GGTAGAGCATGGAGAC-6","Glut-DACH2-6","Ex_DACH2_CEMIP",0.650637144118124
"_GGTAGAGGTAACCCGC-6","Glut-DACH2-5","Ex_DACH2_LHX2",0.517186123785478
"_GGTCACGGTCTAACTG-6","Glut-DACH2-7","Ex_DACH2_NR4A3",0.826837374974377
"_GGTCTGGAGTAAAGCT-6","Glut-DACH2-1","Ex_DACH2_ADAMTS5",0.40785705268295
"_GGTCTGGTCGCGGTAC-6","Glut-DACH2-7","Ex_DACH2_GRIK4",0.56203300699863
"_GGTCTGGTCGCTCTCA-6","Glut-DACH2-7","Ex_DACH2_GRIK4",0.321243649287364
"_GGTCTGGTCTGAATGC-6","Glut-DACH2-5","Ex_DACH2_GRIK4",0.406080175218736
"_GGTCTGGTCTGGGATT-6","Glut-DACH2-5","Ex_DACH2_LHX2",0.677782483297774
"_GGTGAAGAGAGTCAAT-6","Glut-DACH2-6","Ex_DACH2_CEMIP",1
"_GGTGAAGAGTCACGCC-6","Glut-DACH2-6","Ex_DACH2_CEMIP",0.983084784875822
"_GGTGAAGCACCGGTCA-6","Glut-DACH2-5","Ex_DACH2_GRIK4",0.35948710059529
"_GGTGAAGGTGAACCGA-6","Glut-DACH2-5","Ex_DACH2_ADAMTS5",0.812670237808293
"_GGTGATTAGTTGGAAT-6","Glut-DACH2-7","Ex_DACH2_ADAMTS5",0.356872495931346
"_GGTGATTCATCTGTTT-6","Glut-DACH2-7","Ex_DACH2_NR4A3",0.966018955081627
"_GGTGATTGTCTACGTA-6","Glut-DACH2-8","Ex_DACH2_CEMIP",0.873145090503513
"_GGTGATTTCATGCTAG-6","Glut-DACH2-1","Ex_DACH2_GRIK4",0.447381958071527
"_GGTGGCTAGCCATGCC-6","Glut-DACH2-5","Ex_DACH2_MGAT4C",0.324179468902555
"_GGTGGCTAGTCAGCCC-6","Glut-DACH2-5","Ex_DACH2_GRIK4",0.473145009176019
"_GGTGTCGCACGTCTCT-6","Glut-DACH2-6","Ex_DACH2_CEMIP",0.746784632782269
"_GGTGTCGCAGCGAACA-6","Glut-DACH2-8","Ex_DACH2_ZMAT4",0.6239018566913
"_GGTGTCGGTCGTCATA-6","Glut-DACH2-6","Ex_DACH2_CEMIP",0.798374983031676
"_GGTGTCGTCATTGCCC-6","Glut-DACH2-6","Ex_DACH2_ITGA9",0.613512936555596
"_GGTGTTAAGCAGCCTC-6","Glut-DACH2-6","Ex_DACH2_CEMIP",0.929245841375293
"_GGTGTTATCGTAGGAG-6","Glut-DACH2-5","Ex_DACH2_NR4A3",0.422301251107274
"_GGTGTTATCTCGGTCT-6","Glut-DACH2-5","Ex_DACH2_LHX2",0.501066483864696
"_GGTTAACAGCCTCATA-6","Glut-DACH2-7","Ex_DACH2_ADAMTS5",0.229136979940127
"_GGTTAACTCTACGCGG-6","Glut-DACH2-7","Ex_DACH2_GRIK4",0.350572997697237
"_GGTTCTCAGGTGCTGA-6","Glut-DACH2-6","Ex_DACH2_ITGA9",0.331271071288213
"_GGTTCTCCAGGCTACC-6","Glut-DACH2-6","Ex_DACH2_CEMIP",0.548733639561103
"_GGTTCTCGTTAGTCGT-6","Glut-DACH2-5","Ex_DACH2_LHX2",0.422879679417968
"_GGTTCTCTCTGAGGTT-6","Glut-DACH2-6","Ex_DACH2_CEMIP",0.30664725316885
"_GGTTGTATCACCCTCA-6","Glut-DACH2-1","Ex_DACH2_GRIK4",0.479970727431459
"_GTAACACAGACGATAT-6","Glut-DACH2-6","Ex_DACH2_ZMAT4",0.391804085769232
"_GTAACCAAGTAGGTTA-6","Glut-DACH2-6","Ex_DACH2_ZMAT4",0.328933636641129
"_GTAACCACAACAGATA-6","Glut-DACH2-7","Ex_DACH2_MGAT4C",0.360699793697575
"_GTAACCAGTATCCTTT-6","Glut-DACH2-5","Ex_DACH2_LHX2",0.439897476184406
"_GTAACCAGTGTGTACT-6","Glut-DACH2-8","Ex_DACH2_CEMIP",0.380742514718244
"_GTAACCATCTGGACCG-6","Glut-DACH2-5","Ex_DACH2_LHX2",0.351828446867229
"_GTAATCGCAGATTTCG-6","Glut-DACH2-6","Ex_DACH2_CEMIP",0.736440815873376
"_GTAATCGGTGAGGATC-6","Glut-DACH2-5","Ex_DACH2_LHX2",0.462426500653097
"_GTAATCGTCAAACGTC-6","Glut-DACH2-6","Ex_DACH2_CEMIP",0.927126281936926
"_GTAATCGTCCCTCTCC-6","Glut-DACH2-7","Ex_DACH2_NR4A3",0.723081161761863
"_GTAATCGTCCTTCTTC-6","Glut-DACH2-8","Ex_DACH2_ZMAT4",0.778469818485829
"_GTAATCGTCTGGCTGG-6","Glut-DACH2-5","Ex_DACH2_ADAMTS5",0.514920376262295
"_GTAATGCAGATTAGAC-6","Glut-DACH2-7","Ex_DACH2_GRIK4",0.603392562872696
"_GTAATGCCACACGGAA-6","Glut-DACH2-5","Ex_DACH2_LHX2",0.600060888413332
"_GTAATGCGTAGCTTAC-6","Glut-DACH2-6","Ex_DACH2_CEMIP",0.692903650189364
"_GTACAACCACTGAGGA-6","Glut-DACH2-6","Ex_DACH2_CEMIP",0.627712476577948
"_GTACAACCAGTAACAA-6","Glut-DACH2-6","Ex_DACH2_CEMIP",0.957247314150285
"_GTACAGTCATGTGTCA-6","Glut-DACH2-6","Ex_DACH2_CEMIP",0.974129001810173
"_GTACAGTGTGGTTTGT-6","Glut-DACH2-7","Ex_DACH2_GRIK4",0.485618472624877
"_GTACAGTGTTACCTTT-6","Glut-DACH2-7","Ex_DACH2_ADAMTS5",0.574774740610171
"_GTAGAAAAGTAATTGG-6","Glut-DACH2-5","Ex_DACH2_ADAMTS5",0.339040137688591
"_GTAGAAACAACAGAGC-6","Glut-DACH2-7","Ex_DACH2_GRIK4",0.6312643132296
"_GTAGAAAGTACTAAGA-6","Glut-DACH2-6","Ex_DACH2_CEMIP",1
"_GTAGAGGAGACCTGGA-6","Glut-DACH2-8","Ex_DACH2_ZMAT4",0.441810438685548
"_GTAGAGGCAAAGAGTT-6","Glut-DACH2-7","Ex_DACH2_MGAT4C",0.359881986670439
"_GTAGAGGGTTCAAGGG-6","Glut-DACH2-7","Ex_DACH2_GRIK4",0.673922112174331
"_GTAGAGGTCAGGGTAG-6","Glut-DACH2-LMANco","Ex_DACH2_ZMAT4",0.502241327109557
"_GTAGATCAGATCGGTG-6","Glut-DACH2-6","Ex_DACH2_CEMIP",0.702200303185323
"_GTAGATCCAGATTCGT-6","Glut-DACH2-5","Ex_DACH2_ADAMTS5",0.690447260404369
"_GTAGATCCATTCCTAT-6","Glut-DACH2-6","Ex_DACH2_CEMIP",0.975068213786987
"_GTAGATCGTGGAATGC-6","Glut-DACH2-8","Ex_DACH2_ZMAT4",0.616127738018191
"_GTAGATCGTTTGGAAA-6","Glut-DACH2-6","Ex_DACH2_CEMIP",0.647800369363165
"_GTAGCTAGTGTTCAGT-6","Glut-DACH2-5","Ex_DACH2_ADAMTS5",0.831184801545468
"_GTAGCTATCCCGAGAC-6","Glut-DACH2-6","Ex_DACH2_CEMIP",0.77501399619933
"_GTAGGAGGTCAACACT-6","Glut-DACH2-6","Ex_DACH2_CEMIP",0.394447730432274
"_GTAGGAGGTGTGAGCA-6","Glut-DACH2-8","Ex_DACH2_ZMAT4",0.420455421105454
"_GTAGGTTGTTGGGCCT-6","Glut-DACH2-7","Ex_DACH2_MGAT4C",0.630751443650772
"_GTAGGTTTCCCATACC-6","Glut-DACH2-6","Ex_DACH2_CEMIP",0.924938932614875
"_GTAGTACAGACCGCCT-6","Glut-DACH2-7","Ex_DACH2_MGAT4C",0.449762869974337
"_GTAGTACCAAAGAGTT-6","Glut-DACH2-8","Ex_DACH2_CEMIP",0.509025320432222
"_GTATTGGAGATAGCAT-6","Glut-DACH2-8","Ex_DACH2_ZMAT4",0.528470622552758
"_GTATTGGGTGGGAGAG-6","Glut-DACH2-7","Ex_DACH2_MGAT4C",0.342409179573689
"_GTATTGGGTGTTTCTT-6","Glut-DACH2-5","Ex_DACH2_GRIK4",0.309293757999977
"_GTATTGGGTTAGGCTT-6","Glut-DACH2-6","Ex_DACH2_CEMIP",0.76734926343463
"_GTATTGGTCATAGGCT-6","Glut-DACH2-6","Ex_DACH2_CEMIP",0.831856931752634
"_GTATTTCGTCGGTAAG-6","Glut-DACH2-6","Ex_DACH2_CEMIP",1
"_GTCAAACCAGACAAGC-6","Glut-DACH2-5","Ex_DACH2_MGAT4C",0.390445711754979
"_GTCAAGTAGTAGAGTT-6","Glut-DACH2-6","Ex_DACH2_CEMIP",0.983094914630585
"_GTCAAGTGTTGGACTT-6","Glut-DACH2-6","Ex_DACH2_CEMIP",0.992106333826507
"_GTCACGGCAAATGGTA-6","Glut-DACH2-5","Ex_DACH2_MGAT4C",0.663345719612653
"_GTCACGGCACTTACAG-6","Glut-DACH2-7","Ex_DACH2_ADAMTS5",0.348506860745253
"_GTCACTCCAAGTATCC-6","Glut-DACH2-5","Ex_DACH2_GRIK4",0.298207039842429
"_GTCACTCCAATTCACG-6","Glut-DACH2-8","Ex_DACH2_ZMAT4",0.775844340440987
"_GTCACTCTCCAGGACC-6","Glut-DACH2-5","Ex_DACH2_LHX2",0.356734096391908
"_GTCAGCGCACTGAGGA-6","Glut-DACH2-6","Ex_DACH2_ZMAT4",0.454106632224485
"_GTCAGCGGTAGGTAGC-6","Glut-DACH2-7","Ex_DACH2_ADAMTS5",0.437887837372536
"_GTCATCCAGAGAAGGT-6","Glut-DACH2-7","Ex_DACH2_GRIK4",0.466918305172238
"_GTCATCCAGTCAGCGA-6","Glut-DACH2-6","Ex_DACH2_CEMIP",0.9416493322246
"_GTCATCCCACACACGC-6","Glut-DACH2-1","Ex_DACH2_ADAMTS5",0.54662408137678
"_GTCATCCTCTACCCAC-6","Glut-DACH2-5","Ex_DACH2_GRIK4",0.382916173637621
"_GTCATGACAGATCCTA-6","Glut-DACH2-6","Ex_DACH2_CEMIP",0.968830451936273
"_GTCATGAGTACGCTTA-6","Glut-DACH2-7","Ex_DACH2_GRIK4",0.862091412225487
"_GTCATGATCAACCGAT-6","Glut-DACH2-5","Ex_DACH2_LHX2",0.340361734704311
"_GTCATGATCGTAGAGG-6","Glut-DACH2-6","Ex_DACH2_CEMIP",0.978556019986
"_GTCATTTGTAACTGCT-6","Glut-DACH2-7","Ex_DACH2_ADAMTS5",0.552914774925065
"_GTCATTTGTACGCTTA-6","Glut-DACH2-1","Ex_DACH2_GRIK4",0.507271488923421
"_GTCATTTGTTTACCTT-6","Glut-DACH2-8","Ex_DACH2_ZMAT4",0.808680121356541
"_GTCATTTTCTCCTGTG-6","Glut-DACH2-7","Ex_DACH2_ADAMTS5",0.446661621489333
"_GTCCACTAGACCAGAC-6","Glut-DACH2-7","Ex_DACH2_LHX2",0.288295276834263
"_GTCCACTCATCTGTTT-6","Glut-DACH2-5","Ex_DACH2_ADAMTS5",0.615164385980401
"_GTCCCATGTATCTCTT-6","Glut-DACH2-5","Ex_DACH2_LHX2",0.416374986652025
"_GTCCTCAAGAGGCGGA-6","Glut-DACH2-7","Ex_DACH2_ADAMTS5",0.305216282792862
"_GTCCTCAGTCATCCGG-6","Glut-DACH2-8","Ex_DACH2_ZMAT4",0.627069428920003
"_GTCGAATCATGCAGCC-6","Glut-DACH2-7","Ex_DACH2_GRIK4",0.564325860953825
"_GTCGAATGTAGATGTA-6","Glut-DACH2-7","Ex_DACH2_LHX2",0.478580345389977
"_GTCGAATGTATCTCTT-6","Glut-DACH2-6","Ex_DACH2_CEMIP",0.990606881639057
"_GTCGCGATCACCTTGC-6","Glut-DACH2-5","Ex_DACH2_LHX2",0.510132525914669
"_GTCGCGATCAGTGCGC-6","Glut-DACH2-7","Ex_DACH2_GRIK4",0.53155998209345
"_GTCGCGATCCTTATGT-6","Glut-DACH2-6","Ex_DACH2_CEMIP",0.96125623456236
"_GTCGTAAAGAGTCACG-6","Glut-DACH2-8","Ex_DACH2_ZMAT4",0.763251535432037
"_GTCGTAACATAATGAG-6","Glut-DACH2-7","Ex_DACH2_LHX2",0.38188195138561
"_GTCGTAATCGGTCGGT-6","Glut-DACH2-7","Ex_DACH2_ADAMTS5",0.347236709496478
"_GTCTACCAGCAAATGT-6","Glut-DACH2-7","Ex_DACH2_GRIK4",0.340847658314899
"_GTCTACCTCCTACTGC-6","Glut-DACH2-7","Ex_DACH2_ADAMTS5",0.396196112247486
"_GTCTAGAAGCAAGCCA-6","Glut-DACH2-7","Ex_DACH2_MGAT4C",0.429222406855438
"_GTCTAGACAGTTACCA-6","Glut-DACH2-LMANsh","Ex_DACH2_ADAMTS5",0.47410990563363
"_GTCTAGACATGGAATA-6","Glut-DACH2-7","Ex_DACH2_MGAT4C",0.381772945836884
"_GTCTAGATCACCTCGT-6","Glut-DACH2-6","Ex_DACH2_CEMIP",0.844490058489377
"_GTCTAGATCTCATAGG-6","Glut-DACH2-7","Ex_DACH2_MGAT4C",0.71481960363269
"_GTCTCACAGGTGCTGA-6","Glut-DACH2-7","Ex_DACH2_GRIK4",0.611667550930014
"_GTCTGTCCAGGACATG-6","Glut-DACH2-5","Ex_DACH2_GRIK4",0.25696940976904
"_GTCTGTCCAGTATGAA-6","Glut-DACH2-7","Ex_DACH2_NR4A3",0.274885138341746
"_GTCTGTCCATCCTTCG-6","Glut-DACH2-7","Ex_DACH2_GRIK4",0.556527611730628
"_GTCTGTCGTCGAACAG-6","Glut-DACH2-8","Ex_DACH2_ZMAT4",0.84941837334091
"_GTCTTTAGTCCTGAAT-6","Glut-DACH2-7","Ex_DACH2_NR4A3",0.865212144134714
"_GTGACGCAGAAGAACG-6","Glut-DACH2-5","Ex_DACH2_ADAMTS5",0.705907439120979
"_GTGACGCAGCCGCTTG-6","Glut-DACH2-5","Ex_DACH2_ADAMTS5",0.457560572640233
"_GTGACGCAGGGTATAT-6","Glut-DACH2-8","Ex_DACH2_ZMAT4",0.654192684510908
"_GTGACGCCAAGTCCAT-6","Glut-DACH2-7","Ex_DACH2_MGAT4C",0.581666482015075
"_GTGACGCCAGACGCTC-6","Glut-DACH2-6","Ex_DACH2_CEMIP",0.696793901936445
"_GTGACGCGTCCTGTTC-6","Glut-DACH2-5","Ex_DACH2_LHX2",0.570300711447246
"_GTGACGCTCGCTAATG-6","Glut-DACH2-6","Ex_DACH2_CEMIP",0.607777471294715
"_GTGAGCCCAGTAGATA-6","Glut-DACH2-5","Ex_DACH2_LHX2",0.567165941061176
"_GTGAGCCTCGAATGCT-6","Glut-DACH2-8","Ex_DACH2_ZMAT4",0.687953002533198
"_GTGAGCCTCGTTGTTT-6","Glut-DACH2-7","Ex_DACH2_GRIK4",0.783029118541177
"_GTGAGCCTCTCCACTG-6","Glut-DACH2-8","Ex_DACH2_ZMAT4",0.84518214302513
"_GTGAGTTCAAAGACGC-6","Glut-DACH2-8","Ex_DACH2_ZMAT4",0.831331491207773
"_GTGAGTTGTAGATTGA-6","Glut-DACH2-5","Ex_DACH2_ADAMTS5",0.348310424364939
"_GTGAGTTTCGTTCAGA-6","Glut-DACH2-8","Ex_DACH2_ZMAT4",0.814065340556027
"_GTGATGTAGCGTGAAC-6","Glut-DACH2-6","Ex_DACH2_CEMIP",1
"_GTGATGTTCCACTTTA-6","Glut-DACH2-5","Ex_DACH2_LHX2",0.4489291724998
"_GTGCACGAGCACTGGA-6","Glut-DACH2-7","Ex_DACH2_GRIK4",0.619689587205149
"_GTGCACGAGCCTTGAT-6","Glut-DACH2-8","Ex_DACH2_ZMAT4",0.811031838504745
"_GTGCACGCATGGGAAC-6","Glut-DACH2-7","Ex_DACH2_GRIK4",0.262972902587734
"_GTGCACGGTGTCATCA-6","Glut-DACH2-5","Ex_DACH2_GRIK4",0.328698697043635
"_GTGCACGGTGTGAGCA-6","Glut-DACH2-5","Ex_DACH2_MGAT4C",0.352963077789896
"_GTGCACGTCATCCCGT-6","Glut-DACH2-7","Ex_DACH2_MGAT4C",0.365798563211133
"_GTGCACGTCGAGTCTA-6","Glut-DACH2-6","Ex_DACH2_CEMIP",0.979896000862205
"_GTGCACGTCGATCCAA-6","Glut-DACH2-6","Ex_DACH2_CEMIP",0.464710615420714
"_GTGCACGTCGCCTCTA-6","Glut-DACH2-7","Ex_DACH2_GRIK4",0.709078312691907
"_GTGCACGTCTTCCAGC-6","Glut-DACH2-7","Ex_DACH2_MGAT4C",0.474472214081694
"_GTGCAGCAGCGCCTCA-6","Glut-DACH2-5","Ex_DACH2_LHX2",0.648376651851337
"_GTGCAGCCACCTCAGG-6","Glut-DACH2-6","Ex_DACH2_ADAMTS5",0.298508502970589
"_GTGCAGCGTAGCTTAC-6","Glut-DACH2-5","Ex_DACH2_ADAMTS5",0.472797600944318
"_GTGCGTGGTTGGGTAG-6","Glut-DACH2-6","Ex_DACH2_CEMIP",0.601598348741779
"_GTGCTGGAGATGACCG-6","Glut-DACH2-7","Ex_DACH2_MGAT4C",0.437337926319751
"_GTGCTGGCACTCAGAT-6","Glut-DACH2-5","Ex_DACH2_GRIK4",0.36481772085281
"_GTGCTGGTCTAGAGCT-6","Glut-DACH2-6","Ex_DACH2_CEMIP",0.831640524032244
"_GTGCTTCAGTCGAGGT-6","Glut-DACH2-7","Ex_DACH2_GRIK4",0.608887307144673
"_GTGCTTCAGTTAGTAG-6","Glut-DACH2-8","Ex_DACH2_ZMAT4",0.519670486488263
"_GTGCTTCGTAGACGTG-6","Glut-DACH2-6","Ex_DACH2_CEMIP",0.977786893778509
"_GTGCTTCTCACCTCAC-6","Glut-DACH2-3","Ex_DACH2_TAC1",0.622295511772713
"_GTGCTTCTCCACGTAA-6","Glut-DACH2-6","Ex_DACH2_ZMAT4",0.338401824627048
"_GTGGAAGAGGAGAGTA-6","Glut-DACH2-5","Ex_DACH2_ADAMTS5",0.482247872680094
"_GTGGAAGCAAAGGTTA-6","Glut-DACH2-8","Ex_DACH2_ZMAT4",0.548725938166975
"_GTGGAAGCACAAAGCG-6","Glut-DACH2-5","Ex_DACH2_MGAT4C",0.370919810163295
"_GTGGAAGGTTAGAAAC-6","Glut-DACH2-7","Ex_DACH2_GRIK4",0.298091877629251
"_GTGGAGACATGAGTAA-6","Glut-DACH2-7","Ex_DACH2_GRIK4",0.60877010867516
"_GTGGAGATCGAGAAGC-6","Glut-DACH2-6","Ex_DACH2_CEMIP",0.96846337471461
"_GTGGCGTAGACTCTAC-6","Glut-DACH2-8","Ex_DACH2_ZMAT4",0.843013171061573
"_GTGGCGTGTCATCAGT-6","Glut-DACH2-7","Ex_DACH2_GRIK4",0.388403067265823
"_GTGGCGTGTTGTTTGG-6","Glut-DACH2-5","Ex_DACH2_LHX2",0.326569906181941
"_GTGGCGTTCGGAGTAG-6","Glut-DACH2-5","Ex_Pre_KCNH7",0.597441266863644
"_GTGGGAAAGTCATCGT-6","Glut-DACH2-6","Ex_DACH2_ITGA9",0.395693463283973
"_GTGGGAACATAACGGG-6","Glut-DACH2-6","Ex_DACH2_ZMAT4",0.402459773514574
"_GTGGGAAGTCCTCCAT-6","Glut-DACH2-5","Ex_DACH2_LHX2",0.545074849621939
"_GTGGTTAAGTCCCAAT-6","Glut-DACH2-8","Ex_DACH2_CEMIP",0.31740051121296
"_GTGTAACAGCTAGAAT-6","Glut-DACH2-5","Ex_DACH2_LHX2",0.357418613686261
"_GTGTAACAGTCCCAGC-6","Glut-DACH2-7","Ex_DACH2_GRIK4",0.626763994360594
"_GTGTAACTCATCTATC-6","Glut-DACH2-5","Ex_DACH2_ADAMTS5",0.890221877993205
"_GTGTAACTCCTCTCTT-6","Glut-DACH2-5","Ex_DACH2_GRIK4",0.375058984122633
"_GTGTAACTCGGACTTA-6","Glut-DACH2-7","Ex_DACH2_GRIK4",0.691068382763348
"_GTGTCCTCACGTCGGT-6","Glut-DACH2-6","Ex_DACH2_CEMIP",0.706991128038252
"_GTGTCCTTCGCGTAGC-6","Glut-DACH2-6","Ex_DACH2_ITGA9",0.432062093662404
"_GTGTCCTTCGGTCATA-6","Glut-DACH2-7","Ex_DACH2_MGAT4C",0.505507182561844
"_GTGTGATAGCTGTTAC-6","Glut-DACH2-6","Ex_DACH2_CEMIP",0.947208325271531
"_GTGTGATCACTGATTG-6","Glut-DACH2-7","Ex_DACH2_GRIK4",0.468750748472214
"_GTGTGATGTACCGTCG-6","Glut-DACH2-5","Ex_DACH2_GRIK4",0.473195381290916
"_GTGTGATTCACCTACC-6","Glut-DACH2-8","Ex_DACH2_ZMAT4",0.77612703266737
"_GTGTGATTCTGCCCTA-6","Glut-DACH2-5","Ex_DACH2_ADAMTS5",0.811399588033936
"_GTGTGGCAGCAAACAT-6","Glut-DACH2-6","Ex_DACH2_ITGA9",0.47612531114932
"_GTGTGGCCAACGGCCT-6","Glut-DACH2-8","Ex_DACH2_ZMAT4",0.744732476058651
"_GTGTGGCCAGTTCTAG-6","Glut-DACH2-5","Ex_DACH2_GRIK4",0.397075411814
"_GTGTGGCCATGACACT-6","Glut-DACH2-5","Ex_DACH2_LHX2",0.447947039964107
"_GTGTGGCGTTCATCTT-6","Glut-DACH2-8","Ex_DACH2_ZMAT4",0.635553728213397
"_GTGTGGCGTTTACACG-6","Glut-DACH2-6","Ex_DACH2_CEMIP",0.83679089767096
"_GTGTGGCTCGCGATCG-6","Glut-DACH2-5","Ex_DACH2_ADAMTS5",0.374530226016658
"_GTGTTAGTCCCATAAG-6","Glut-DACH2-7","Ex_DACH2_GRIK4",0.402208021974388
"_GTGTTAGTCTACTCAT-6","Glut-DACH2-6","Ex_DACH2_ITGA9",0.645099382337052
"_GTTACAGGTCTGTGCG-6","Glut-DACH2-8","Ex_DACH2_ZMAT4",0.691186265171536
"_GTTACAGGTTGGACCC-6","Glut-DACH2-7","Ex_DACH2_MGAT4C",0.319602260732114
"_GTTACAGTCCTTACCG-6","Glut-DACH2-6","Ex_DACH2_ZMAT4",0.362918828266117
"_GTTACCCTCCGTGTAA-6","Glut-DACH2-6","Ex_DACH2_CEMIP",0.994867098946201
"_GTTACGAGTTCCGCGA-6","Glut-DACH2-6","Ex_DACH2_ITGA9",0.508642321124709
"_GTTACGATCTCTGAGA-6","Glut-DACH2-5","Ex_DACH2_ADAMTS5",0.3562252838472
"_GTTAGACCATGACTGT-6","Glut-DACH2-5","Ex_DACH2_LHX2",0.416397422925087
"_GTTAGACGTAGGTCAG-6","Glut-DACH2-7","Ex_DACH2_ZMAT4",0.288473662406773
"_GTTAGTGAGCGCCTAC-6","Glut-DACH2-5","Ex_DACH2_ADAMTS5",0.486578034177224
"_GTTAGTGCAAGACGAC-6","Glut-DACH2-6","Ex_DACH2_ZMAT4",0.462080529268222
"_GTTAGTGCACACGCCA-6","Glut-DACH2-5","Ex_DACH2_ADAMTS5",0.679210862319668
"_GTTATGGAGTCCCTAA-6","Glut-DACH2-7","Ex_DACH2_GRIK4",0.336496163440937
"_GTTATGGAGTGATGGC-6","Glut-DACH2-7","Ex_DACH2_GRIK4",0.39456609874715
"_GTTATGGTCCACGTAA-6","Glut-DACH2-6","Ex_DACH2_CEMIP",0.92927931963195
"_GTTATGGTCTCGTGAA-6","Glut-DACH2-6","Ex_DACH2_ZMAT4",0.38730409816256
"_GTTATGGTCTGCTTTA-6","Glut-DACH2-7","Ex_DACH2_GRIK4",0.552168728147022
"_GTTCATTAGAACAGGA-6","Glut-DACH2-6","Ex_DACH2_ITGA9",0.398779812060647
"_GTTCATTAGCCAAGTG-6","Glut-DACH2-5","Ex_DACH2_ADAMTS5",0.541521231923584
"_GTTCATTTCCACGTCT-6","Glut-DACH2-8","Ex_DACH2_ZMAT4",0.730578328486726
"_GTTCCGTAGCAGGTCA-6","Glut-DACH2-8","Ex_DACH2_ZMAT4",0.795123333241882
"_GTTCCGTGTCGACTTA-6","Glut-DACH2-7","Ex_DACH2_GRIK4",0.722086532557018
"_GTTCGCTCATAGAGGC-6","Glut-DACH2-6","Ex_DACH2_ITGA9",0.458304392388384
"_GTTCGCTGTCGTCATA-6","Glut-DACH2-6","Ex_DACH2_CEMIP",0.930710701399116
"_GTTCGCTGTTGAGTCT-6","Glut-DACH2-6","Ex_DACH2_ZMAT4",0.410374869279427
"_GTTCGCTTCTGTGCGG-6","Glut-DACH2-5","Ex_DACH2_ADAMTS5",0.253282151954794
"_GTTCTATGTGAGTGAC-6","Glut-DACH2-7","Ex_DACH2_ADAMTS5",0.557387654708522
"_GTTCTATTCTCTATGT-6","Glut-DACH2-6","Ex_DACH2_CEMIP",0.659431521649807
"_GTTGAACTCAACCTTT-6","Glut-DACH2-7","Ex_DACH2_MGAT4C",0.438358869881463
"_GTTGAACTCGGTGAAG-6","Glut-DACH2-6","Ex_DACH2_ITGA9",0.491305722763591
"_GTTGCGGAGTAACGAT-6","Glut-DACH2-5","Ex_DACH2_GRIK4",0.458865777172753
"_GTTGCGGCACAGTATC-6","Glut-DACH2-5","Ex_DACH2_LHX2",0.503091113200206
"_GTTGCGGCACCCTAGG-6","Glut-DACH2-7","Ex_DACH2_MGAT4C",0.349533791323246
"_GTTGCGGCAGAGGCAT-6","Glut-DACH2-5","Ex_DACH2_GRIK4",0.340845390350057
"_GTTGCGGCAGGTACGA-6","Glut-DACH2-8","Ex_DACH2_ZMAT4",0.712622179397947
"_GTTGCGGGTTCCTAGA-6","Glut-DACH2-5","Ex_DACH2_MGAT4C",0.343666745813382
"_GTTGCTCAGCACCGTC-6","Glut-DACH2-5","Ex_DACH2_ADAMTS5",0.844039219023504
"_GTTGCTCCAATTGGTC-6","Glut-DACH2-8","Ex_DACH2_ZMAT4",0.720965537141203
"_GTTGCTCTCTGTGCAA-6","Glut-DACH2-8","Ex_DACH2_ZMAT4",0.515357118210141
"_GTTGTAGAGCAACTTC-6","Glut-DACH2-5","Ex_DACH2_LHX2",0.336989753271119
"_GTTGTAGGTTTCACAG-6","Glut-DACH2-7","Ex_DACH2_GRIK4",0.782506027636403
"_GTTGTAGTCACATCAG-6","Glut-DACH2-8","Ex_DACH2_ZMAT4",0.689696123668597
"_GTTGTCCAGCTGCCAC-6","Glut-DACH2-8","Ex_DACH2_ZMAT4",0.790098050280839
"_GTTGTCCCAGGATTCT-6","Glut-DACH2-6","Ex_DACH2_CEMIP",0.631477622177119
"_GTTGTCCTCGTTCTCG-6","Glut-DACH2-5","Ex_DACH2_LHX2",0.393012371081779
"_GTTGTCCTCTATTCGT-6","Glut-DACH2-7","Ex_DACH2_GRIK4",0.895870597973092
"_GTTGTGACAACAGTGG-6","Glut-DACH2-7","Ex_DACH2_MGAT4C",0.664728758954199
"_GTTTACTCAACAAAGT-6","Glut-DACH2-5","Ex_DACH2_LHX2",0.518300573964042
"_GTTTACTCATTGAAGA-6","Glut-DACH2-8","Ex_DACH2_ZMAT4",0.748559935498821
"_GTTTACTTCCTTCGAC-6","Glut-DACH2-1","Ex_DACH2_LHX2",0.334462143487719
"_GTTTGGACACCGAATT-6","Glut-DACH2-7","Ex_DACH2_GRIK4",0.846834303806573
"_TAACACGAGCGATCGA-6","Glut-DACH2-6","Ex_DACH2_CEMIP",0.96372255787335
"_TAACCAGCACCATATG-6","Glut-DACH2-5","Ex_DACH2_LHX2",0.543994225115383
"_TAACCAGCAGGCATGA-6","Glut-DACH2-5","Ex_DACH2_LHX2",0.294333054717973
"_TAACCAGGTTGTATGC-6","Glut-DACH2-5","Ex_DACH2_LHX2",0.484884681975163
"_TAACGACAGTGAGTTA-6","Glut-DACH2-7","Ex_DACH2_GRIK4",0.470268868827929
"_TAACTTCAGAATCGCG-6","Glut-DACH2-6","Ex_DACH2_ZMAT4",0.376030602583611
"_TAAGCACAGATGCAGC-6","Glut-DACH2-7","Ex_DACH2_NR4A3",0.847022984540917
"_TAAGCACAGTGAGCCA-6","Glut-DACH2-5","Ex_DACH2_ADAMTS5",0.437663800132557
"_TAAGCACTCTCGTTTA-6","Glut-DACH2-7","Ex_DACH2_ADAMTS5",0.484844367316498
"_TAAGCCACACGCTATA-6","Glut-DACH2-5","Ex_DACH2_LHX2",0.355026832604608
"_TAAGCCATCCTTGGAA-6","Glut-DACH2-5","Ex_DACH2_LHX2",0.574474546367012
"_TAAGCGTAGGCATCTT-6","Glut-DACH2-5","Ex_DACH2_GRIK4",0.363057869499063
"_TAAGCGTCAATCTAGC-6","Glut-DACH2-7","Ex_DACH2_NR4A3",0.743634642899433
"_TAAGTCGAGAAAGTCT-6","Glut-DACH2-5","Ex_DACH2_ADAMTS5",0.900192078992756
"_TAAGTCGAGGATAATC-6","Glut-DACH2-5","Ex_DACH2_LHX2",0.366714742711069
"_TAAGTCGCAAGCAGGT-6","Glut-DACH2-6","Ex_DACH2_ZMAT4",0.584953429217387
"_TAAGTCGCACCGTCGA-6","Glut-DACH2-7","Ex_DACH2_ADAMTS5",0.414803700558712
"_TAATCTCTCACCATGA-6","Glut-DACH2-7","Ex_DACH2_MGAT4C",0.30495961584827
"_TAATCTCTCAGATGCT-6","Glut-DACH2-5","Ex_DACH2_LHX2",0.53366762351991
"_TAATTCCCATCTCATT-6","Glut-DACH2-8","Ex_DACH2_ZMAT4",0.763968845270587
"_TACAACGAGTTGTCGT-6","Glut-DACH2-8","Ex_DACH2_ZMAT4",0.850412810352576
"_TACAACGCACGCGTGT-6","Glut-DACH2-LMANco","Ex_DACH2_CEMIP",0.590684481021731
"_TACACCCAGTGACCTT-6","Glut-DACH2-5","Ex_DACH2_LHX2",0.584060580187684
"_TACACCCGTGATGTAA-6","Glut-DACH2-LMANsh","Ex_DACH2_LHX2",0.339482067209936
"_TACACCCGTGGGACAT-6","Glut-DACH2-8","Ex_DACH2_ZMAT4",0.61289883158134
"_TACACCCTCCCAATAG-6","Glut-DACH2-7","Ex_DACH2_MGAT4C",0.411123337272548
"_TACAGGTAGAACTCCT-6","Glut-DACH2-5","Ex_DACH2_MGAT4C",0.300309094792198
"_TACAGGTAGACGGATC-6","Glut-DACH2-6","Ex_DACH2_ITGA9",0.401655252483644
"_TACAGGTCACGACGAA-6","Glut-DACH2-8","Ex_DACH2_CEMIP",0.625678012034253
"_TACAGGTCATGGCTGC-6","Glut-DACH2-7","Ex_DACH2_MGAT4C",0.638707334178806
"_TACAGGTTCAACTCTT-6","Glut-DACH2-LMANsh","Ex_DACH2_GRIK4",0.426934506248817
"_TACATTCAGGCTATCT-6","Glut-DACH2-7","Ex_DACH2_GRIK4",0.795958200346866
"_TACATTCAGGGTAGCT-6","Glut-DACH2-1","Ex_DACH2_ADAMTS5",0.396830868224078
"_TACATTCAGTACGAGC-6","Glut-DACH2-5","Ex_DACH2_GRIK4",0.432047058341268
"_TACATTCGTCGTACAT-6","Glut-DACH2-5","Ex_DACH2_LHX2",0.314955947211386
"_TACATTCGTGAGCTCC-6","Glut-DACH2-5","Ex_DACH2_LHX2",0.244703563605955
"_TACATTCTCCATTCGC-6","Glut-DACH2-7","Ex_DACH2_NR4A3",0.469885060889916
"_TACATTCTCGGTTAGT-6","Glut-DACH2-7","Ex_DACH2_GRIK4",0.320403180455918
"_TACCCACAGCTCCGAC-6","Glut-DACH2-5","Ex_DACH2_ADAMTS5",0.858879661433994
"_TACCCACCAAAGCAAT-6","Glut-DACH2-6","Ex_DACH2_ITGA9",0.535274542122348
"_TACCCACCAACGCCCA-6","Glut-DACH2-7","Ex_DACH2_GRIK4",0.508256156543095
"_TACCCACGTATCAGCT-6","Glut-DACH2-6","Ex_DACH2_CEMIP",0.528577068712592
"_TACCCACTCCCTTCCC-6","Glut-DACH2-8","Ex_DACH2_ZMAT4",0.624787292664047
"_TACCCGTGTCACAGAG-6","Glut-DACH2-7","Ex_DACH2_GRIK4",0.433145777672797
"_TACCGAAAGCTGTCCG-6","Glut-DACH2-1","Ex_DACH2_MGAT4C",0.513605749741582
"_TACCGAAGTACAAGCG-6","Glut-DACH2-6","Ex_DACH2_CEMIP",0.989607991082182
"_TACCGAAGTTGTTGCA-6","Glut-DACH2-6","Ex_DACH2_CEMIP",0.703501041775413
"_TACCGGGGTTGTTGAC-6","Glut-DACH2-7","Ex_DACH2_NR4A3",0.847058603661411
"_TACCTCGAGAACCCGA-6","Glut-DACH2-5","Ex_DACH2_GRIK4",0.47965789135499
"_TACCTCGCAAATTGGA-6","Glut-DACH2-5","Ex_DACH2_MGAT4C",0.371095780795427
"_TACCTCGCACAAACGG-6","Glut-DACH2-6","Ex_DACH2_ZMAT4",0.43986845587719
"_TACCTCGGTATTCCTT-6","Glut-DACH2-5","Ex_DACH2_LHX2",0.33027844528271
"_TACCTCGTCACACGAT-6","Glut-DACH2-6","Ex_DACH2_ITGA9",0.548257357223085
"_TACCTGCCACCCTAGG-6","Glut-DACH2-7","Ex_DACH2_ADAMTS5",0.271488916041408
"_TACGCTCAGAAGGTAG-6","Glut-DACH2-6","Ex_DACH2_ZMAT4",0.409257923328611
"_TACGCTCCACCCGTAG-6","Glut-DACH2-7","Ex_DACH2_GRIK4",0.505321218926873
"_TACGCTCGTACAGCGA-6","Glut-DACH2-8","Ex_DACH2_CEMIP",0.600349475416027
"_TACGGGCGTATCGCGC-6","Glut-DACH2-6","Ex_DACH2_CEMIP",0.968548251361378
"_TACGGTAGTCTGATCA-6","Glut-DACH2-7","Ex_DACH2_ITGA9",0.392699899292586
"_TACGTCCAGAAACTGT-6","Glut-DACH2-5","Ex_DACH2_ADAMTS5",0.452867139981888
"_TACGTCCAGGACGCAT-6","Glut-DACH2-7","Ex_DACH2_MGAT4C",0.52673361010235
"_TACTGCCCACTGTCCT-6","Glut-DACH2-8","Ex_DACH2_ZMAT4",0.647283940950026
"_TACTGCCGTTGCCGCA-6","Glut-DACH2-1","Ex_DACH2_NR4A3",0.971493739832944
"_TACTTACAGACTAAGT-6","Glut-DACH2-5","Ex_DACH2_ADAMTS5",0.454407543444513
"_TACTTACTCTATGCCC-6","Glut-DACH2-6","Ex_DACH2_CEMIP",0.386040066893615
"_TACTTACTCTGGCCAG-6","Glut-DACH2-7","Ex_DACH2_LHX2",0.579505730259507
"_TACTTCACAATTTCTC-6","Glut-DACH2-7","Ex_DACH2_MGAT4C",0.414224237492204
"_TACTTCACACCCTTAC-6","Glut-DACH2-6","Ex_DACH2_ITGA9",0.454717255109856
"_TACTTGTCAAACCGGA-6","Glut-DACH2-7","Ex_DACH2_GRIK4",0.630651173807713
"_TACTTGTCATCCGTTC-6","Glut-DACH2-5","Ex_DACH2_GRIK4",0.427575174708042
"_TACTTGTCATGAGAAT-6","Glut-DACH2-8","Ex_DACH2_ZMAT4",0.707875455101143
"_TACTTGTGTAGTCGGA-6","Glut-DACH2-6","Ex_DACH2_CEMIP",1
"_TACTTGTGTGACATCT-6","Glut-DACH2-6","Ex_DACH2_ITGA9",0.494344640053751
"_TACTTGTTCATCGCTC-6","Glut-DACH2-7","Ex_DACH2_GRIK4",0.507175405635659
"_TAGACCACACTTCAGA-6","Glut-DACH2-7","Ex_DACH2_GRIK4",0.555492774340663
"_TAGACCAGTGTAAACA-6","Glut-DACH2-5","Ex_DACH2_ADAMTS5",0.553660537623238
"_TAGACCAGTTAGAGAT-6","Glut-DACH2-8","Ex_DACH2_ZMAT4",0.740935152664489
"_TAGACCAGTTTAAGGA-6","Glut-DACH2-6","Ex_DACH2_CEMIP",0.984271152866263
"_TAGACCATCCACTTCG-6","Glut-DACH2-7","Ex_DACH2_GRIK4",0.509015695127239
"_TAGACCATCCGGTAAT-6","Glut-DACH2-5","Ex_DACH2_LHX2",0.291879496200226
"_TAGACTGAGACGCAGT-6","Glut-DACH2-7","Ex_DACH2_GRIK4",0.412169241947719
"_TAGACTGGTCCGTACG-6","Glut-DACH2-7","Ex_DACH2_ADAMTS5",0.470753579312724
"_TAGAGTCCACACGCCA-6","Glut-DACH2-6","Ex_DACH2_CEMIP",1
"_TAGAGTCCATCTGTTT-6","Glut-DACH2-8","Ex_DACH2_CEMIP",0.865685706289542
"_TAGATCGCAGGTCAGA-6","Glut-DACH2-5","Ex_DACH2_NR4A3",0.644803439601714
"_TAGATCGGTTGCCGCA-6","Glut-DACH2-8","Ex_DACH2_ZMAT4",0.585653805634355
"_TAGATCGTCGGCTGTG-6","Glut-DACH2-5","Ex_DACH2_LHX2",0.423141881309353
"_TAGATCGTCTCAACCC-6","Glut-DACH2-6","Ex_DACH2_ZMAT4",0.701912890776563
"_TAGCACAAGCTGTACT-6","Glut-DACH2-5","Ex_DACH2_ADAMTS5",0.479936901332686
"_TAGCACAGTCTGCATA-6","Glut-DACH2-5","Ex_DACH2_LHX2",0.255471127581799
"_TAGCACATCCGACATA-6","Glut-DACH2-LMANsh","Ex_DACH2_ADAMTS5",0.439188069019631
"_TAGGAGGAGCCATATC-6","Glut-DACH2-7","Ex_DACH2_NR4A3",0.583179773497568
"_TAGGAGGAGTAGGTTA-6","Glut-DACH2-4","Ex_DACH2_ITGA9",0.633794249675837
"_TAGGAGGAGTGAGTGC-6","Glut-DACH2-8","Ex_DACH2_ZMAT4",0.650806698079446
"_TAGGAGGGTGTTGCCG-6","Glut-DACH2-8","Ex_DACH2_CEMIP",0.788564150107227
"_TAGGAGGGTTCGAACT-6","Glut-DACH2-7","Ex_DACH2_MGAT4C",0.487629620696246
"_TAGGAGGTCAACACCA-6","Glut-DACH2-6","Ex_DACH2_CEMIP",0.758578491930425
"_TAGGAGGTCAATGTCG-6","Glut-DACH2-1","Ex_DACH2_NR4A3",0.668692304168696
"_TAGGAGGTCAGAGCAG-6","Glut-DACH2-7","Ex_DACH2_ADAMTS5",0.477003142880022
"_TAGGGTTCACTACACA-6","Glut-DACH2-5","Ex_DACH2_LHX2",0.419388419291608
"_TAGGTACGTCGTCATA-6","Glut-DACH2-7","Ex_DACH2_GRIK4",0.260995909352741
"_TAGGTTGAGCGAAACC-6","Glut-DACH2-7","Ex_DACH2_GRIK4",0.658463411373588
"_TAGGTTGGTCAAACGG-6","Glut-DACH2-7","Ex_DACH2_GRIK4",0.528353923366999
"_TAGTGCACATCAGCGC-6","Glut-DACH2-7","Ex_DACH2_MGAT4C",0.428334004458015
"_TATATCCAGGCAGGTT-6","Glut-DACH2-8","Ex_DACH2_ZMAT4",0.583147754435898
"_TATATCCGTTCTAACG-6","Glut-DACH2-5","Ex_DACH2_LHX2",0.61146020486258
"_TATATCCGTTTCGTAG-6","Glut-DACH2-6","Ex_DACH2_CEMIP",0.933839220865312
"_TATATCCTCCAACACA-6","Glut-DACH2-6","Ex_DACH2_CEMIP",0.95586157676122
"_TATCAGGAGAGGGTCT-6","Glut-DACH2-8","Ex_DACH2_CEMIP",0.59611262971262
"_TATCAGGGTATTCCTT-6","Glut-DACH2-8","Ex_DACH2_ZMAT4",0.595254372801138
"_TATCAGGTCTCCAATT-6","Glut-DACH2-6","Ex_DACH2_ITGA9",0.628532265154124
"_TATCCTACATGTAACC-6","Glut-DACH2-7","Ex_DACH2_GRIK4",0.419326171350365
"_TATCGCCAGGACGCTA-6","Glut-DACH2-6","Ex_DACH2_ZMAT4",0.605507504922567
"_TATCGCCCAGAGGAAA-6","Glut-DACH2-7","Ex_DACH2_GRIK4",0.253233278582333
"_TATCGCCCATGCCGCA-6","Glut-DACH2-6","Ex_DACH2_CEMIP",0.958853385841577
"_TATCGCCGTGTTCCTC-6","Glut-DACH2-5","Ex_DACH2_LHX2",0.62039343656823
"_TATCTGTAGAGATGCC-6","Glut-DACH2-6","Ex_DACH2_ZMAT4",0.711241648394188
"_TATCTGTCAACGACAG-6","Glut-DACH2-7","Ex_DACH2_GRIK4",0.567119023535743
"_TATCTGTGTTGCTCGG-6","Glut-DACH2-7","Ex_DACH2_MGAT4C",0.47802781709324
"_TATCTGTTCGTCCTTG-6","Glut-DACH2-6","Ex_DACH2_CEMIP",0.913336864576041
"_TATCTTGAGCAACCAG-6","Glut-DACH2-5","Ex_DACH2_LHX2",0.402421741080451
"_TATCTTGCATCCTAAG-6","Glut-DACH2-5","Ex_DACH2_LUZP2",0.316155723183749
"_TATCTTGGTCCCAAAT-6","Glut-DACH2-8","Ex_DACH2_ZMAT4",0.558090267739446
"_TATGTTCTCGAAACAA-6","Glut-DACH2-1","Ex_DACH2_GRIK4",0.515010143079204
"_TATTCCAAGATGTTCC-6","Glut-DACH2-6","Ex_DACH2_ITGA9",0.370517795236817
"_TATTCCAAGGTCGTGA-6","Glut-DACH2-8","Ex_DACH2_ZMAT4",0.720328952949913
"_TATTCCAGTTCGGCGT-6","Glut-DACH2-7","Ex_DACH2_ADAMTS5",0.428082779128245
"_TATTGCTAGGATGCGT-6","Glut-DACH2-8","Ex_DACH2_ZMAT4",0.719504259122929
"_TATTGCTTCGACGATT-6","Glut-DACH2-5","Ex_DACH2_GRIK4",0.62958188235591
"_TATTGGGGTCGAACGA-6","Glut-DACH2-6","Ex_DACH2_ITGA9",0.572564191642836
"_TATTGGGGTGCTTCAA-6","Glut-DACH2-6","Ex_DACH2_CEMIP",0.948487684696314
"_TATTTCGAGTCAGCCC-6","Glut-DACH2-5","Ex_DACH2_ADAMTS5",0.92246780122304
"_TATTTCGCAGCGCTTG-6","Glut-DACH2-5","Ex_DACH2_GRIK4",0.214403190464391
"_TATTTCGTCCACGGAC-6","Glut-DACH2-7","Ex_DACH2_MGAT4C",0.388615578100489
"_TATTTCGTCGAACACT-6","Glut-DACH2-8","Ex_DACH2_ZMAT4",0.718131969816624
"_TCAAGACAGCTAAATG-6","Glut-DACH2-8","Ex_DACH2_ZMAT4",0.664627175731222
"_TCAAGACTCCCGATCT-6","Glut-DACH2-LMANsh","Ex_DACH2_LHX2",0.41830366042414
"_TCAAGACTCCGTGGTG-6","Glut-DACH2-6","Ex_DACH2_CEMIP",0.464396202312581
"_TCAAGCATCAAAGACA-6","Glut-DACH2-6","Ex_DACH2_ZMAT4",0.441252383081849
"_TCAAGTGGTAGTCGTT-6","Glut-DACH2-5","Ex_DACH2_ADAMTS5",0.580870337669283
"_TCAAGTGGTCAAGGCA-6","Glut-DACH2-5","Ex_DACH2_ADAMTS5",0.766392358285538
"_TCAAGTGGTTGACGGA-6","Glut-DACH2-6","Ex_DACH2_CEMIP",0.843197014753777
"_TCAATCTCAAGGTACG-6","Glut-DACH2-1","Ex_DACH2_GRIK4",0.436491486168411
"_TCAATCTCACGACTAT-6","Glut-DACH2-5","Ex_DACH2_MGAT4C",0.604705584028275
"_TCAATCTGTCGTTATG-6","Glut-DACH2-6","Ex_DACH2_ZMAT4",0.368198412191674
"_TCAATCTGTTCTCACC-6","Glut-DACH2-6","Ex_DACH2_ZMAT4",0.541883610584967
"_TCAATTCCATGCAGCC-6","Glut-DACH2-6","Ex_DACH2_CEMIP",1
"_TCACAAGAGACATCCT-6","Glut-DACH2-7","Ex_DACH2_GRIK4",0.442220731654287
"_TCACAAGCACAGTCCG-6","Glut-DACH2-5","Ex_DACH2_MGAT4C",0.447908105944404
"_TCACAAGCAGACCAAG-6","Glut-DACH2-8","Ex_DACH2_ZMAT4",0.614649040295136
"_TCACACCCAGATAAAC-6","Glut-DACH2-1","Ex_DACH2_LHX2",0.530606803617402
"_TCACACCTCGAGTCCG-6","Glut-DACH2-7","Ex_DACH2_GRIK4",0.794681984107672
"_TCACATTAGTAACAGT-6","Glut-DACH2-LMANsh","Ex_DACH2_LHX2",0.394798894988694
"_TCACATTCAATCTCTT-6","Glut-DACH2-7","Ex_DACH2_NR4A3",0.7525330595356
"_TCACATTCAGCCATTA-6","Glut-DACH2-5","Ex_DACH2_MGAT4C",0.267117722855131
"_TCACATTCAGGTCAAG-6","Glut-DACH2-6","Ex_DACH2_ITGA9",0.551712067325245
"_TCACATTCATGACTAC-6","Glut-DACH2-7","Ex_DACH2_GRIK4",0.316698110367814
"_TCACATTGTCAAGCGA-6","Glut-DACH2-7","Ex_DACH2_MGAT4C",0.571522276454046
"_TCACATTTCGAGTCCG-6","Glut-DACH2-5","Ex_DACH2_GRIK4",0.305857572419802
"_TCACGCTCAAACGTGG-6","Glut-DACH2-5","Ex_DACH2_GRIK4",0.455276776537289
"_TCACGCTGTACCGGAA-6","Glut-DACH2-8","Ex_DACH2_ZMAT4",0.714226896242379
"_TCACGCTGTGCCCTTT-6","Glut-DACH2-6","Ex_DACH2_CEMIP",0.741658140980841
"_TCACGGGAGGATGAGA-6","Glut-DACH2-1","Ex_DACH2_ADAMTS5",0.243603704926384
"_TCACGGGCACAGAGCA-6","Glut-DACH2-5","Ex_DACH2_ADAMTS5",0.46737364955586
"_TCACGGGCACTTACAG-6","Glut-DACH2-8","Ex_DACH2_ZMAT4",0.733198938589887
"_TCACGGGCATCTATCT-6","Glut-DACH2-6","Ex_DACH2_CEMIP",1
"_TCACGGGTCTAGCATG-6","Glut-DACH2-5","Ex_DACH2_ADAMTS5",0.416240414474166
"_TCACTATAGATGACCG-6","Glut-DACH2-8","Ex_DACH2_ZMAT4",0.812218074720015
"_TCACTATTCCCGGTAG-6","Glut-DACH2-5","Ex_DACH2_MGAT4C",0.403723768281008
"_TCACTATTCTGGTGGC-6","Glut-DACH2-6","Ex_DACH2_ITGA9",0.344708997572539
"_TCACTCGCAAATGCGG-6","Glut-DACH2-7","Ex_DACH2_MGAT4C",0.532752925197533
"_TCACTCGTCGATTTCT-6","Glut-DACH2-8","Ex_DACH2_ZMAT4",0.761196524362997
"_TCAGCAACATAATGAG-6","Glut-DACH2-7","Ex_DACH2_GRIK4",0.440221806762991
"_TCAGCAACATTAAAGG-6","Glut-DACH2-6","Ex_DACH2_CEMIP",0.98588288775647
"_TCAGCAAGTTTACTTC-6","Glut-DACH2-5","Ex_DACH2_LHX2",0.401204225184289
"_TCAGCAATCTGCTTTA-6","Glut-DACH2-5","Ex_DACH2_ADAMTS5",0.436433863105504
"_TCAGCCTAGCTGGTGA-6","Glut-DACH2-8","Ex_DACH2_ZMAT4",0.790757230362426
"_TCAGCCTAGTGGTTGG-6","Glut-DACH2-8","Ex_DACH2_CEMIP",0.634271286878623
"_TCAGCCTGTCACCCTT-6","Glut-DACH2-7","Ex_DACH2_MGAT4C",0.624805555978651
"_TCAGCCTGTTAAGGGC-6","Glut-DACH2-7","Ex_DACH2_MGAT4C",0.494693055256117
"_TCAGCCTTCAACGAGG-6","Glut-DACH2-6","Ex_DACH2_ZMAT4",0.46684898180892
"_TCAGGGCAGCGTGAGT-6","Glut-DACH2-7","Ex_DACH2_GRIK4",0.704017535726885
"_TCAGGGCAGCTATCCA-6","Glut-DACH2-7","Ex_DACH2_GRIK4",0.65177543757145
"_TCAGGGCGTATGTCTG-6","Glut-DACH2-7","Ex_DACH2_LHX2",0.531356607049104
"_TCAGGGCGTGAAGCGT-6","Glut-DACH2-7","Ex_DACH2_LHX2",0.365862926296371
"_TCAGGGCGTTGGACCC-6","Glut-DACH2-7","Ex_DACH2_LHX2",0.476309971182824
"_TCAGGTATCCGTCACT-6","Glut-DACH2-7","Ex_DACH2_ADAMTS5",0.32957640077806
"_TCAGGTATCCTTCAGC-6","Glut-DACH2-5","Ex_DACH2_GRIK4",0.387615688541783
"_TCAGGTATCGCATAGT-6","Glut-DACH2-6","Ex_DACH2_CEMIP",0.923956622922896
"_TCAGTCCAGGTTCTTG-6","Glut-DACH2-1","Ex_DACH2_LHX2",0.500763308986742
"_TCAGTCCGTCACTCGG-6","Glut-DACH2-7","Ex_DACH2_ADAMTS5",0.831105619015243
"_TCAGTCCTCTCCGAAA-6","Glut-DACH2-5","Ex_DACH2_LHX2",0.398510326813934
"_TCAGTCCTCTGCCTCA-6","Glut-DACH2-8","Ex_DACH2_ZMAT4",0.787643412175654
"_TCAGTGAAGGGAGTGG-6","Glut-DACH2-6","Ex_DACH2_CEMIP",1
"_TCAGTGAGTCCCTGTT-6","Glut-DACH2-8","Ex_DACH2_CEMIP",0.532537811834569
"_TCAGTTTTCACCGACG-6","Glut-DACH2-5","Ex_DACH2_GRIK4",0.423870415017665
"_TCATACTTCGGAGTAG-6","Glut-DACH2-7","Ex_DACH2_MGAT4C",0.352740863683976
"_TCATATCAGTCACACT-6","Glut-DACH2-7","Ex_DACH2_MGAT4C",0.49251735644243
"_TCATATCAGTGCCCGT-6","Glut-DACH2-8","Ex_DACH2_ZMAT4",0.744869625261544
"_TCATATCGTGTTTGCA-6","Glut-DACH2-5","Ex_DACH2_GRIK4",0.293177289381542
"_TCATATCTCCACAGGC-6","Glut-DACH2-7","Ex_DACH2_MGAT4C",0.430649344130065
"_TCATCATCACACCTAA-6","Glut-DACH2-6","Ex_DACH2_CEMIP",0.654364282122201
"_TCATCATCATGCAGCC-6","Glut-DACH2-7","Ex_DACH2_MGAT4C",0.505375832204932
"_TCATCATGTATTGAGA-6","Glut-DACH2-6","Ex_DACH2_CEMIP",0.913295100815237
"_TCATCATGTTCTCAGA-6","Glut-DACH2-6","Ex_DACH2_CEMIP",0.921113137957675
"_TCATCATTCGCTAATG-6","Glut-DACH2-7","Ex_DACH2_MGAT4C",0.324346434871043
"_TCATCCGAGCTGGCCT-6","Glut-DACH2-7","Ex_DACH2_MGAT4C",0.318863676622016
"_TCATCCGCAGCAGTCC-6","Glut-DACH2-7","Ex_DACH2_NR4A3",0.396302716825412
"_TCATCCGGTCTGATAC-6","Glut-DACH2-6","Ex_DACH2_CEMIP",0.88541852146095
"_TCATGAGAGACCAAGC-6","Glut-DACH2-6","Ex_DACH2_ITGA9",0.333379255528277
"_TCATGAGTCACCGCTT-6","Glut-DACH2-8","Ex_DACH2_ZMAT4",0.519514063233353
"_TCATGCCAGACAGCTG-6","Glut-DACH2-6","Ex_DACH2_CEMIP",0.735133367591956
"_TCATGCCGTGTCACAT-6","Glut-DACH2-7","Ex_DACH2_GRIK4",0.573181792243502
"_TCATGGACAGTCACGC-6","Glut-DACH2-7","Ex_DACH2_GRIK4",0.483763568504001
"_TCATGGATCCCAAGTA-6","Glut-DACH2-5","Ex_DACH2_ADAMTS5",0.850815743986831
"_TCATGTTAGGCCTAAG-6","Glut-DACH2-6","Ex_DACH2_CEMIP",0.982438522195141
"_TCATGTTAGTGTACCT-6","Glut-DACH2-6","Ex_DACH2_CEMIP",0.49172313574569
"_TCATGTTGTAATGCTC-6","Glut-DACH2-5","Ex_DACH2_ADAMTS5",0.350651958087835
"_TCATTACGTACTTGTG-6","Glut-DACH2-LMANsh","Ex_DACH2_LHX2",0.3169434746018
"_TCATTACGTCTTACTT-6","Glut-DACH2-5","Ex_DACH2_LHX2",0.487759948960078
"_TCATTCAAGGTACAGC-6","Glut-DACH2-6","Ex_DACH2_CEMIP",0.869556604314532
"_TCATTCAGTTAAGGAT-6","Glut-DACH2-6","Ex_DACH2_ZMAT4",0.441615282404736
"_TCATTCAGTTGACGGA-6","Glut-DACH2-5","Ex_DACH2_LHX2",0.363741533226292
"_TCATTCATCATCGGGC-6","Glut-DACH2-7","Ex_DACH2_LHX2",0.564940436365385
"_TCATTGTCATGAATAG-6","Glut-DACH2-5","Ex_DACH2_LHX2",0.509454980168682
"_TCATTGTTCACATCAG-6","Glut-DACH2-8","Ex_DACH2_CEMIP",0.810100221996857
"_TCATTTGCACTAACCA-6","Glut-DACH2-6","Ex_DACH2_CEMIP",0.809619105488627
"_TCCACCAAGCGCCCAT-6","Glut-DACH2-7","Ex_DACH2_NR4A3",0.387319231227284
"_TCCACCACAGAAGCGT-6","Glut-DACH2-5","Ex_DACH2_ADAMTS5",0.607916803701469
"_TCCACCACATACAGAA-6","Glut-DACH2-5","Ex_DACH2_ADAMTS5",0.372443611155471
"_TCCACCACATCTTCGC-6","Glut-DACH2-5","Ex_DACH2_GRIK4",0.311528760768351
"_TCCACCAGTGTGATGG-6","Glut-DACH2-8","Ex_DACH2_ZMAT4",0.414709712763398
"_TCCACGTAGCATTTCG-6","Glut-DACH2-5","Ex_DACH2_GRIK4",0.34699601277135
"_TCCACGTGTACAAAGT-6","Glut-DACH2-8","Ex_DACH2_ZMAT4",0.867499644055747
"_TCCACGTTCGCCAGAC-6","Glut-DACH2-5","Ex_DACH2_LHX2",0.534088025600809
"_TCCACGTTCTGTCTCG-6","Glut-DACH2-6","Ex_DACH2_CEMIP",0.91896314371668
"_TCCAGAAGTGTCCAAT-6","Glut-DACH2-7","Ex_DACH2_GRIK4",0.678754970330695
"_TCCAGAATCTAGCCTC-6","Glut-DACH2-7","Ex_DACH2_ADAMTS5",0.385807906958125
"_TCCATCGAGAAGCTGC-6","Glut-DACH2-7","Ex_DACH2_ADAMTS5",0.81061018372372
"_TCCATCGAGAGTTGCG-6","Glut-DACH2-5","Ex_DACH2_LHX2",0.473415609991499
"_TCCATCGCACGAAGAC-6","Glut-DACH2-7","Ex_DACH2_GRIK4",0.431946054904943
"_TCCATCGCAGACTCTA-6","Glut-DACH2-6","Ex_DACH2_CEMIP",0.975986492778023
"_TCCATCGGTTTGCAGT-6","Glut-DACH2-6","Ex_DACH2_ZMAT4",0.406285616153747
"_TCCATCGTCCAACACA-6","Glut-DACH2-5","Ex_DACH2_ADAMTS5",0.29829815197909
"_TCCATCGTCCGTGCGA-6","Glut-DACH2-8","Ex_DACH2_ZMAT4",0.79577421098142
"_TCCATGCAGATGTAGT-6","Glut-DACH2-7","Ex_DACH2_GRIK4",0.585334979351786
"_TCCATGCCAACTACGT-6","Glut-DACH2-7","Ex_DACH2_GRIK4",0.27233153232061
"_TCCATGCCACGCTTAA-6","Glut-DACH2-7","Ex_DACH2_MGAT4C",0.476164594177625
"_TCCATGCTCCGGCTTT-6","Glut-DACH2-8","Ex_DACH2_ZMAT4",0.608597972152875
"_TCCATGCTCTCGTGAA-6","Glut-DACH2-8","Ex_DACH2_ZMAT4",0.628351605037334
"_TCCCACAAGCTGAGCA-6","Glut-DACH2-7","Ex_DACH2_GRIK4",0.4095247002961
"_TCCCACAAGGTAGACC-6","Glut-DACH2-7","Ex_DACH2_GRIK4",0.415702706759245
"_TCCCACAAGTCAGCCC-6","Glut-DACH2-7","Ex_DACH2_MGAT4C",0.590040974859701
"_TCCCACACACTGTCGG-6","Glut-DACH2-6","Ex_DACH2_CEMIP",0.429828580670996
"_TCCCAGTAGCATCCCG-6","Glut-DACH2-5","Ex_DACH2_LHX2",0.56242129921016
"_TCCCAGTAGTAGACAT-6","Glut-DACH2-6","Ex_DACH2_ITGA9",0.512459417686145
"_TCCCAGTGTCCACACG-6","Glut-DACH2-6","Ex_DACH2_CEMIP",0.684062458157578
"_TCCCAGTGTGGTTCTA-6","Glut-DACH2-7","Ex_DACH2_ADAMTS5",0.406574741338078
"_TCCCATGAGGAGAATG-6","Glut-DACH2-5","Ex_DACH2_ADAMTS5",0.548169282598249
"_TCCCATGGTCACCCTT-6","Glut-DACH2-7","Ex_DACH2_MGAT4C",0.633764330230696
"_TCCCATGGTCCACAGC-6","Glut-DACH2-6","Ex_DACH2_CEMIP",0.599528433846542
"_TCCCATGGTTGCTTGA-6","Glut-DACH2-5","Ex_DACH2_LHX2",0.624674764260683
"_TCCGAAATCATAGACC-6","Glut-DACH2-6","Ex_DACH2_ITGA9",0.393442587747546
"_TCCGAAATCGCCGATG-6","Glut-DACH2-6","Ex_DACH2_CEMIP",0.993065470440852
"_TCCGATCCAGGAATCG-6","Glut-DACH2-8","Ex_DACH2_ZMAT4",0.595970125311577
"_TCCGATCGTTCTTGTT-6","Glut-DACH2-6","Ex_DACH2_CEMIP",0.744140075647337
"_TCCGGGAAGAACCCGA-6","Glut-DACH2-LMANsh","Ex_DACH2_LHX2",0.424439926231261
"_TCCGGGACACCCTTAC-6","Glut-DACH2-5","Ex_DACH2_GRIK4",0.391585184993241
"_TCCGTGTCATCATTTC-6","Glut-DACH2-8","Ex_DACH2_ZMAT4",0.53448048728383
"_TCCGTGTGTTGAGAGC-6","Glut-DACH2-6","Ex_DACH2_CEMIP",0.495426472451036
"_TCCTCCCAGCCTTCTC-6","Glut-DACH2-2","Ex_DACH2_GRIK4",0.548950066660403
"_TCCTCCCAGCGTGCCT-6","Glut-DACH2-7","Ex_DACH2_GRIK4",0.462745289487256
"_TCCTCCCCAACCGTAT-6","Glut-DACH2-7","Ex_DACH2_NR4A3",0.406977883816766
"_TCCTCGAAGCCTCAAT-6","Glut-DACH2-5","Ex_DACH2_ADAMTS5",0.407804522546237
"_TCCTCGACATCAGCTA-6","Glut-DACH2-7","Ex_DACH2_LHX2",0.47927124074709
"_TCCTCGAGTGACTAAA-6","Glut-DACH2-5","Ex_DACH2_ADAMTS5",0.572911372709128
"_TCCTCGAGTGGGTCAA-6","Glut-DACH2-7","Ex_DACH2_GRIK4",0.301167403510096
"_TCCTCGATCGGCTGTG-6","Glut-DACH2-5","Ex_DACH2_GRIK4",0.330068120739592
"_TCCTCGATCTTACCAT-6","Glut-DACH2-8","Ex_DACH2_ZMAT4",0.855024405789227
"_TCCTCTTCAGAGGAAA-6","Glut-DACH2-5","Ex_DACH2_NR4A3",0.835159093016434
"_TCCTCTTCATCAGCAT-6","Glut-DACH2-5","Ex_DACH2_LHX2",0.46431999650654
"_TCCTGCAAGCAACTCT-6","Glut-DACH2-5","Ex_DACH2_GRIK4",0.577271910573364
"_TCCTGCACAGTTACCA-6","Glut-DACH2-7","Ex_DACH2_ADAMTS5",0.407557806962542
"_TCCTGCAGTATGAGAT-6","Glut-DACH2-7","Ex_DACH2_GRIK4",0.563559688400289
"_TCCTGCATCAGCGGAA-6","Glut-DACH2-6","Ex_DACH2_ITGA9",0.684778332114473
"_TCCTTCTAGGAACTCG-6","Glut-DACH2-7","Ex_DACH2_ADAMTS5",0.551675646773752
"_TCCTTCTCATGGAATA-6","Glut-DACH2-5","Ex_DACH2_ADAMTS5",0.880064883743067
"_TCCTTTCCATATTCGG-6","Glut-DACH2-5","Ex_DACH2_LHX2",0.529382524480258
"_TCCTTTCGTAGGACCA-6","Glut-DACH2-5","Ex_DACH2_NR4A3",0.645473084799109
"_TCCTTTCGTGAGGAAA-6","Glut-DACH2-6","Ex_DACH2_CEMIP",0.825941950351751
"_TCGAACAAGCAACCAG-6","Glut-DACH2-7","Ex_DACH2_ADAMTS5",0.472947385018462
"_TCGAACAAGGAGGCAG-6","Glut-DACH2-6","Ex_DACH2_ZMAT4",0.404313018249678
"_TCGAACAGTCTTGCGG-6","Glut-DACH2-5","Ex_DACH2_ADAMTS5",0.441922428374589
"_TCGAACATCACCTCGT-6","Glut-DACH2-1","Ex_DACH2_NR4A3",0.732375245849405
"_TCGAACATCATTCGTT-6","Glut-DACH2-8","Ex_DACH2_CEMIP",0.575595532050033
"_TCGAAGTCAACTTCTT-6","Glut-DACH2-8","Ex_DACH2_ZMAT4",0.487877586104719
"_TCGAAGTTCACACGAT-6","Glut-DACH2-5","Ex_DACH2_GRIK4",0.30371886447949
"_TCGACCTCATCACAGT-6","Glut-DACH2-6","Ex_DACH2_CEMIP",0.947615795603582
"_TCGACGGTCGGAAACG-6","Glut-DACH2-7","Ex_DACH2_GRIK4",0.418957098900498
"_TCGATTTTCCCGTTGT-6","Glut-DACH2-6","Ex_DACH2_ZMAT4",0.461580259250469
"_TCGCACTTCAAGGACG-6","Glut-DACH2-5","Ex_DACH2_ADAMTS5",0.600592906267548
"_TCGCAGGAGAGTTGCG-6","Glut-DACH2-6","Ex_DACH2_CEMIP",0.786103357828767
"_TCGCAGGCATCCGTTC-6","Glut-DACH2-8","Ex_DACH2_ZMAT4",0.544738134052482
"_TCGCAGGGTGAGGAAA-6","Glut-DACH2-6","Ex_DACH2_ZMAT4",0.490080632490226
"_TCGCTCAGTGTAGTGG-6","Glut-DACH2-7","Ex_DACH2_MGAT4C",0.613520099567203
"_TCGCTTGCAGGTATGG-6","Glut-DACH2-7","Ex_DACH2_GRIK4",0.674073806364809
"_TCGCTTGGTCGTATTG-6","Glut-DACH2-6","Ex_DACH2_CEMIP",0.885698027356095
"_TCGGATAAGTGCCGAA-6","Glut-DACH2-7","Ex_DACH2_GRIK4",0.366731239568556
"_TCGGATAAGTGGTTGG-6","Glut-DACH2-6","Ex_DACH2_CEMIP",0.366161698133854
"_TCGGATATCTTCCACG-6","Glut-DACH2-7","Ex_DACH2_MGAT4C",0.462064094087851
"_TCGGGACAGTATGGCG-6","Glut-DACH2-5","Ex_DACH2_MGAT4C",0.603062201620311
"_TCGGGACGTAAGAACT-6","Glut-DACH2-6","Ex_DACH2_CEMIP",0.886956937584048
"_TCGGGACGTACCTAGT-6","Glut-DACH2-7","Ex_DACH2_GRIK4",0.750338803089429
"_TCGGGACTCGAGTGGA-6","Glut-DACH2-7","Ex_DACH2_GRIK4",0.369932562291319
"_TCGGGCACAAGTGGGT-6","Glut-DACH2-5","Ex_DACH2_GRIK4",0.352909660866607
"_TCGGGCACACTTGAAC-6","Glut-DACH2-6","Ex_DACH2_ITGA9",0.3900339714014
"_TCGGGCAGTTTCGGCG-6","Glut-DACH2-6","Ex_DACH2_CEMIP",0.942100182543134
"_TCGGGCATCTATCGGA-6","Glut-DACH2-8","Ex_DACH2_ZMAT4",0.596201801929066
"_TCGGGTGAGGTTACCT-6","Glut-DACH2-1","Ex_DACH2_MGAT4C",0.468319452845566
"_TCGGGTGTCACTGTCC-6","Glut-DACH2-6","Ex_DACH2_ITGA9",0.393042978226692
"_TCGGGTGTCATAAGGA-6","Glut-DACH2-7","Ex_DACH2_GRIK4",0.344753189733119
"_TCGGTCTAGCGCCCAT-6","Glut-DACH2-6","Ex_DACH2_CEMIP",0.449654898946765
"_TCGGTCTGTCCCTCAT-6","Glut-DACH2-8","Ex_DACH2_ZMAT4",0.683945557025016
"_TCGGTCTTCTGTCAGA-6","Glut-DACH2-7","Ex_DACH2_LHX2",0.315933871456916
"_TCGTAGATCATGAGTC-6","Glut-DACH2-1","Ex_DACH2_GRIK4",0.674929086179962
"_TCGTAGATCCTATTGT-6","Glut-DACH2-5","Ex_DACH2_GRIK4",0.340922376812911
"_TCGTCCAGTCCTGGTG-6","Glut-DACH2-6","Ex_DACH2_CEMIP",0.963658639392095
"_TCGTGCTGTGGTACAG-6","Glut-DACH2-8","Ex_DACH2_ZMAT4",0.464660345651131
"_TCGTGGGTCTCCATAT-6","Glut-DACH2-5","Ex_DACH2_ADAMTS5",0.375632781023935
"_TCTAACTAGATCCCAT-6","Glut-DACH2-5","Ex_DACH2_GRIK4",0.352281503970294
"_TCTAACTGTAGCGAGT-6","Glut-DACH2-6","Ex_DACH2_ZMAT4",0.42638000857177
"_TCTAACTGTGTTGACT-6","Glut-DACH2-5","Ex_DACH2_LHX2",0.472634869278545
"_TCTACATCATTGACCA-6","Glut-DACH2-7","Ex_DACH2_ADAMTS5",0.316706950041169
"_TCTACCGAGGCTAACG-6","Glut-DACH2-6","Ex_DACH2_ZMAT4",0.800100842649392
"_TCTACCGCAACCAATC-6","Glut-DACH2-7","Ex_DACH2_GRIK4",0.563131767849471
"_TCTACCGTCATTGTTC-6","Glut-DACH2-7","Ex_DACH2_GRIK4",0.640117039451225
"_TCTACCGTCCGTAGTA-6","Glut-DACH2-7","Ex_DACH2_GRIK4",0.820649870401476
"_TCTATACAGACCAACG-6","Glut-DACH2-5","Ex_DACH2_ADAMTS5",0.844027122410717
"_TCTATACCAGCAAGAC-6","Glut-DACH2-7","Ex_DACH2_GRIK4",0.538892112513502
"_TCTATACGTACTTGTG-6","Glut-DACH2-6","Ex_DACH2_ZMAT4",0.449971971978476
"_TCTATCACAACAGCCC-6","Glut-DACH2-8","Ex_DACH2_ZMAT4",0.619835392510147
"_TCTATCAGTGACGCCT-6","Glut-DACH2-5","Ex_DACH2_MGAT4C",0.390937977390261
"_TCTATCATCGTGGACC-6","Glut-DACH2-6","Ex_DACH2_CEMIP",0.967195331577779
"_TCTCACGAGGGCAAGG-6","Glut-DACH2-7","Ex_DACH2_MGAT4C",0.385226723079502
"_TCTCACGCAAGTAGTA-6","Glut-DACH2-6","Ex_DACH2_CEMIP",0.466278538061821
"_TCTCACGCAGGAACCA-6","Glut-DACH2-5","Ex_DACH2_ADAMTS5",0.50949742775694
"_TCTCACGGTATGGAGC-6","Glut-DACH2-8","Ex_DACH2_CEMIP",0.947851381022594
"_TCTCACGGTGATACAA-6","Glut-DACH2-1","Ex_DACH2_LHX2",0.353967151039408
"_TCTCACGTCCATCAGA-6","Glut-DACH2-5","Ex_DACH2_GRIK4",0.384701471908757
"_TCTCAGCCACAACGTT-6","Glut-DACH2-5","Ex_DACH2_LHX2",0.369604775062534
"_TCTCAGCGTACCTTCC-6","Glut-DACH2-6","Ex_DACH2_CEMIP",0.955816536261102
"_TCTCCGAAGCCGCTTG-6","Glut-DACH2-7","Ex_DACH2_GRIK4",0.366362167686116
"_TCTCCGAGTATGAAGT-6","Glut-DACH2-6","Ex_DACH2_ZMAT4",0.438136557021031
"_TCTCTGGCAGGCGAAT-6","Glut-DACH2-7","Ex_DACH2_ADAMTS5",0.372003995449998
"_TCTCTGGCAGGTCCCA-6","Glut-DACH2-7","Ex_DACH2_MGAT4C",0.340506189112208
"_TCTCTGGCATAACAGA-6","Glut-DACH2-6","Ex_DACH2_MGAT4C",0.467612166895836
"_TCTGCCATCTCCGCAT-6","Glut-DACH2-5","Ex_DACH2_MGAT4C",0.317086344350231
"_TCTGGCTTCGCAACAT-6","Glut-DACH2-5","Ex_DACH2_ADAMTS5",0.418216618980588
"_TCTGTCGGTGACTAAA-6","Glut-DACH2-6","Ex_DACH2_CEMIP",0.976495502327272
"_TCTTAGTCAGCTATAC-6","Glut-DACH2-6","Ex_DACH2_CEMIP",0.965431549552254
"_TCTTCCTAGAATTGTG-6","Glut-DACH2-7","Ex_DACH2_GRIK4",0.446479192207541
"_TCTTCCTGTTGTTGAC-6","Glut-DACH2-5","Ex_DACH2_MGAT4C",0.310622084294729
"_TCTTGCGAGACTACGG-6","Glut-DACH2-7","Ex_DACH2_GRIK4",0.42475127859685
"_TCTTGCGTCGATCCCT-6","Glut-DACH2-6","Ex_DACH2_CEMIP",0.933428405587258
"_TCTTTGAAGACTACCT-6","Glut-DACH2-7","Ex_DACH2_GRIK4",0.530405849438396
"_TCTTTGACACAAGGTG-6","Glut-DACH2-7","Ex_DACH2_MGAT4C",0.60632019119581
"_TGAACGTCATATGGCT-6","Glut-DACH2-7","Ex_DACH2_NR4A3",0.652458440852091
"_TGAACGTTCAAGGACG-6","Glut-DACH2-7","Ex_DACH2_LHX2",0.439998360802856
"_TGAATGCAGAGTGAAG-6","Glut-DACH2-1","Ex_DACH2_ADAMTS5",0.54022533993184
"_TGAATGCTCCCACAGG-6","Glut-DACH2-5","Ex_DACH2_LHX2",0.318679469659934
"_TGACAGTAGGTGCGAT-6","Glut-DACH2-6","Ex_DACH2_CEMIP",0.968015872842412
"_TGACAGTCAAGTGGAC-6","Glut-DACH2-7","Ex_DACH2_GRIK4",0.666130817263763
"_TGACAGTCACCAACAT-6","Glut-DACH2-1","Ex_DACH2_LHX2",0.537391835705921
"_TGACAGTGTTGCTGAT-6","Glut-DACH2-7","Ex_DACH2_MGAT4C",0.363097602507502
"_TGACCCTAGGTCCAGA-6","Glut-DACH2-8","Ex_DACH2_ZMAT4",0.6967397720166
"_TGACCCTGTCATCGGC-6","Glut-DACH2-5","Ex_DACH2_LHX2",0.323352509834098
"_TGACCCTGTTCTCGCT-6","Glut-DACH2-5","Ex_DACH2_GRIK4",0.354105177511002
"_TGACCCTTCTCGTGAA-6","Glut-DACH2-5","Ex_DACH2_GRIK4",0.301220411152844
"_TGACGCGCAGTCCCGA-6","Glut-DACH2-5","Ex_DACH2_LHX2",0.516567669233669
"_TGACGCGTCTGTCTCG-6","Glut-DACH2-6","Ex_DACH2_CEMIP",0.986409608297669
"_TGACTCCAGTAGACAT-6","Glut-DACH2-7","Ex_DACH2_MGAT4C",0.585250912622079
"_TGAGCATAGATACCAA-6","Glut-DACH2-5","Ex_DACH2_LHX2",0.481387936989499
"_TGAGCATAGCAAATCA-6","Glut-DACH2-5","Ex_DACH2_MGAT4C",0.425393993417046
"_TGAGCATCAAGAAACT-6","Glut-DACH2-8","Ex_DACH2_ZMAT4",0.612967507481605
"_TGAGCATGTAAGTAGT-6","Glut-DACH2-LMANsh","Ex_DACH2_LHX2",0.461181509831975
"_TGAGCATGTACCCAGC-6","Glut-DACH2-6","Ex_DACH2_CEMIP",0.482035353214948
"_TGAGCATGTCACTCTC-6","Glut-DACH2-5","Ex_DACH2_GRIK4",0.659897889227401
"_TGAGCATTCATCACAG-6","Glut-DACH2-5","Ex_DACH2_LHX2",0.498226202330851
"_TGAGCGCAGTTCATGC-6","Glut-DACH2-6","Ex_DACH2_CEMIP",0.475067798743451
"_TGAGCGCCATACACCA-6","Glut-DACH2-8","Ex_DACH2_CEMIP",0.378551037743467
"_TGAGCGCTCCATTGGA-6","Glut-DACH2-5","Ex_DACH2_LHX2",0.493416243508753
"_TGAGGAGAGCGTGTCC-6","Glut-DACH2-7","Ex_DACH2_LHX2",0.325402504648949
"_TGAGGAGCACCCTATC-6","Glut-DACH2-7","Ex_DACH2_MGAT4C",0.381341973736883
"_TGAGGAGGTGCATCTA-6","Glut-DACH2-5","Ex_DACH2_ADAMTS5",0.826963526742306
"_TGAGGGAAGAACTTCC-6","Glut-DACH2-6","Ex_DACH2_ZMAT4",0.392004414085404
"_TGAGGTTAGTCTGCGC-6","Glut-DACH2-6","Ex_DACH2_CEMIP",0.957964450239465
"_TGAGGTTCAAACGAGC-6","Glut-DACH2-5","Ex_DACH2_MGAT4C",0.356118551534954
"_TGAGGTTGTCTAACGT-6","Glut-DACH2-6","Ex_DACH2_CEMIP",1
"_TGAGGTTGTCTACTGA-6","Glut-DACH2-7","Ex_DACH2_GRIK4",0.312490043790616
"_TGAGGTTGTTCTCTCG-6","Glut-DACH2-8","Ex_DACH2_ZMAT4",0.674891742135097
"_TGAGGTTGTTTGAACC-6","Glut-DACH2-8","Ex_DACH2_ZMAT4",0.899638226179207
"_TGAGTCAAGAAGCCTG-6","Glut-DACH2-6","Ex_DACH2_CEMIP",0.927401700324357
"_TGAGTCACAATCGCGC-6","Glut-DACH2-7","Ex_DACH2_NR4A3",0.612147206622736
"_TGAGTCACAGTCGCAC-6","Glut-DACH2-5","Ex_DACH2_GRIK4",0.437994095203369
"_TGATCAGCAGGGATAC-6","Glut-DACH2-LMANsh","Ex_DACH2_LHX2",0.421244729916581
"_TGATCAGGTAGCTCGC-6","Glut-DACH2-6","Ex_DACH2_CEMIP",0.696649748902751
"_TGATCTTAGGTAAGTT-6","Glut-DACH2-7","Ex_DACH2_ADAMTS5",0.285290364171929
"_TGATCTTCAAATGCGG-6","Glut-DACH2-7","Ex_DACH2_MGAT4C",0.672989461065948
"_TGATCTTGTGGCATCC-6","Glut-DACH2-5","Ex_DACH2_GRIK4",0.451105914342101
"_TGATGCAAGTCACAGG-6","Glut-DACH2-7","Ex_DACH2_GRIK4",0.578833713646237
"_TGATGGTAGGCTTAGG-6","Glut-DACH2-7","Ex_DACH2_ADAMTS5",0.469640752352384
"_TGATGGTAGTCGTTAC-6","Glut-DACH2-5","Ex_DACH2_GRIK4",0.449629774769369
"_TGATGGTCAGCATACT-6","Glut-DACH2-1","Ex_DACH2_LHX2",0.549502573263975
"_TGATGGTTCTCCACTG-6","Glut-DACH2-8","Ex_DACH2_ZMAT4",0.798758247464462
"_TGATGGTTCTTCTTCC-6","Glut-DACH2-7","Ex_DACH2_NR4A3",0.478198196036086
"_TGATTCTGTATGCAAA-6","Glut-DACH2-6","Ex_DACH2_ZMAT4",0.448064824725541
"_TGATTCTGTTCTTCAT-6","Glut-DACH2-6","Ex_DACH2_CEMIP",0.759222972732969
"_TGATTTCCACACTTAG-6","Glut-DACH2-5","Ex_DACH2_ADAMTS5",0.615126973150989
"_TGATTTCGTCGCGTCA-6","Glut-DACH2-7","Ex_DACH2_MGAT4C",0.379781213255701
"_TGATTTCGTTATGGTC-6","Glut-DACH2-5","Ex_DACH2_LHX2",0.402537442281129
"_TGCACGGAGTATGGCG-6","Glut-DACH2-7","Ex_DACH2_GRIK4",0.592193069244443
"_TGCACGGAGTCTAACC-6","Glut-DACH2-7","Ex_DACH2_GRIK4",0.720225197470766
"_TGCACGGCACAAAGCG-6","Glut-DACH2-5","Ex_DACH2_LHX2",0.420576793099871
"_TGCACGGTCTTTCAGT-6","Glut-DACH2-7","Ex_DACH2_LHX2",0.448598808656806
"_TGCAGATAGGGTTTCT-6","Glut-DACH2-7","Ex_DACH2_NR4A3",0.545115349850607
"_TGCAGATCATCAGCGC-6","Glut-DACH2-8","Ex_DACH2_ZMAT4",0.630493997029027
"_TGCAGATGTATGACAA-6","Glut-DACH2-1","Ex_DACH2_MGAT4C",0.517257522837028
"_TGCAGATTCCGCTGTT-6","Glut-DACH2-7","Ex_DACH2_ADAMTS5",0.696200973665091
"_TGCAGATTCTTGGTGA-6","Glut-DACH2-8","Ex_DACH2_ZMAT4",0.537574888220365
"_TGCAGGCAGTGTTCAC-6","Glut-DACH2-6","Ex_DACH2_CEMIP",1
"_TGCAGGCCACGAAAGC-6","Glut-DACH2-8","Ex_DACH2_ZMAT4",0.720826583276961
"_TGCAGGCGTGCCCGTA-6","Glut-DACH2-7","Ex_DACH2_NR4A3",0.793168921367849
"_TGCAGGCTCGGTCGAC-6","Glut-DACH2-7","Ex_DACH2_NR4A3",0.637318033163899
"_TGCAGTACAACAGATA-6","Glut-DACH2-6","Ex_DACH2_CEMIP",0.647577765983271
"_TGCAGTACAGGAATAT-6","Glut-DACH2-5","Ex_DACH2_ADAMTS5",0.729528635437915
"_TGCAGTACATTAGGCT-6","Glut-DACH2-6","Ex_DACH2_ITGA9",0.473460201330259
"_TGCAGTATCCCGAGAC-6","Glut-DACH2-5","Ex_DACH2_MGAT4C",0.400558760859578
"_TGCATCCCACCTTCCA-6","Glut-DACH2-7","Ex_DACH2_NR4A3",0.897986983129891
"_TGCATCCTCCCTCAAC-6","Glut-DACH2-7","Ex_DACH2_ADAMTS5",0.348853950862383
"_TGCATGAGTGACTGTT-6","Glut-DACH2-5","Ex_DACH2_ADAMTS5",0.406449578007488
"_TGCATGATCCACAAGT-6","Glut-DACH2-1","Ex_DACH2_ADAMTS5",0.312933455020719
"_TGCCGAGAGAGAGCGG-6","Glut-DACH2-7","Ex_DACH2_GRIK4",0.491142371737823
"_TGCCGAGCAATGACCT-6","Glut-DACH2-5","Ex_DACH2_ADAMTS5",0.699256593353235
"_TGCCGAGCAATTTCTC-6","Glut-DACH2-7","Ex_DACH2_GRIK4",0.439912376984868
"_TGCCGAGCACACACGC-6","Glut-DACH2-7","Ex_DACH2_NR4A3",0.470591239250731
"_TGCCGAGGTCAGCTTA-6","Glut-DACH2-5","Ex_DACH2_MGAT4C",0.614636555651832
"_TGCCGAGTCAGACCCG-6","Glut-DACH2-5","Ex_DACH2_ADAMTS5",0.874376951631695
"_TGCCGAGTCCGGCAAC-6","Glut-DACH2-6","Ex_DACH2_CEMIP",1
"_TGCGACGAGCCTCATA-6","Glut-DACH2-7","Ex_DACH2_NR4A3",0.293828674049571
"_TGCGACGGTATAATGG-6","Glut-DACH2-7","Ex_DACH2_GRIK4",0.421822819803208
"_TGCGACGGTTTCGGCG-6","Glut-DACH2-5","Ex_DACH2_MGAT4C",0.406797166520351
"_TGCGACGTCATCAGTG-6","Glut-DACH2-7","Ex_DACH2_ZMAT4",0.424030110193467
"_TGCGACGTCGCCGATG-6","Glut-DACH2-7","Ex_DACH2_NR4A3",0.298703670840498
"_TGCGATAAGCCTCTTC-6","Glut-DACH2-5","Ex_DACH2_MGAT4C",0.316081421754661
"_TGCGATACAGACCAGA-6","Glut-DACH2-8","Ex_DACH2_ZMAT4",0.565506453257383
"_TGCGATAGTGTAGGAC-6","Glut-DACH2-6","Ex_DACH2_CEMIP",0.941254708279489
"_TGCGATATCCAGCAAT-6","Glut-DACH2-6","Ex_DACH2_CEMIP",0.977829784421047
"_TGCGATATCCCGAGAC-6","Glut-DACH2-5","Ex_DACH2_GRIK4",0.239551099052779
"_TGCGGCATCCTACGAA-6","Glut-DACH2-5","Ex_DACH2_ADAMTS5",0.406379084247956
"_TGCGGCATCCTCACCA-6","Glut-DACH2-8","Ex_DACH2_ZMAT4",0.702471293843375
"_TGCGGGTTCCGGCAAC-6","Glut-DACH2-5","Ex_DACH2_ADAMTS5",0.342933009148913
"_TGCTCCAAGATGCTTC-6","Glut-DACH2-8","Ex_DACH2_ZMAT4",0.798923236910716
"_TGCTCCAAGGCACGAT-6","Glut-DACH2-7","Ex_DACH2_MGAT4C",0.425141565676444
"_TGCTCCACAGAGACTG-6","Glut-DACH2-6","Ex_DACH2_CEMIP",1
"_TGCTCCATCTAAGCGT-6","Glut-DACH2-8","Ex_DACH2_ZMAT4",0.730728330093257
"_TGCTGAACAGTATGAA-6","Glut-DACH2-7","Ex_DACH2_NR4A3",0.644634414972078
"_TGCTGAATCCATCAGA-6","Glut-DACH2-8","Ex_DACH2_CEMIP",0.41923191905521
"_TGGAACTCACAATTCG-6","Glut-DACH2-1","Ex_DACH2_LHX2",0.562441925711891
"_TGGAACTGTCTGATAC-6","Glut-DACH2-7","Ex_DACH2_MGAT4C",0.349478739621968
"_TGGAACTTCAATGTCG-6","Glut-DACH2-8","Ex_DACH2_ZMAT4",0.760204336216447
"_TGGAACTTCAGCTCTC-6","Glut-DACH2-5","Ex_DACH2_GRIK4",0.458933012359839
"_TGGAGAGGTCATCGCG-6","Glut-DACH2-7","Ex_DACH2_GRIK4",0.603127660149124
"_TGGAGAGTCGTGACTA-6","Glut-DACH2-8","Ex_DACH2_ZMAT4",0.91669079183536
"_TGGAGAGTCTGTCCCA-6","Glut-DACH2-5","Ex_DACH2_LHX2",0.447977385177404
"_TGGAGGAAGTGGTTGG-6","Glut-DACH2-6","Ex_DACH2_CEMIP",0.855341963972776
"_TGGAGGAGTTTAGAGA-6","Glut-DACH2-7","Ex_DACH2_GRIK4",0.767643077650653
"_TGGATCAAGTATTGCC-6","Glut-DACH2-7","Ex_DACH2_GRIK4",0.476142835491866
"_TGGATCATCACTGGGC-6","Glut-DACH2-6","Ex_DACH2_CEMIP",0.868024353027688
"_TGGATCATCCCAGGAC-6","Glut-DACH2-6","Ex_DACH2_ITGA9",0.374085242478378
"_TGGATCATCCGTGGCA-6","Glut-DACH2-6","Ex_DACH2_ITGA9",0.396568479820085
"_TGGATGTCATGGAATA-6","Glut-DACH2-5","Ex_DACH2_NR4A3",0.72584444521696
"_TGGCGTGGTTTCTTAC-6","Glut-DACH2-6","Ex_DACH2_ZMAT4",0.474568661971915
"_TGGGAAGCAAATTAGG-6","Glut-DACH2-6","Ex_DACH2_ZMAT4",0.407787334119661
"_TGGGAAGCATCTCCCA-6","Glut-DACH2-7","Ex_DACH2_GRIK4",0.341143785229966
"_TGGGAAGCATTAGGCT-6","Glut-DACH2-7","Ex_DACH2_NR4A3",0.343358399906093
"_TGGGAAGTCGCCTCTA-6","Glut-DACH2-7","Ex_DACH2_ADAMTS5",0.47393806639188
"_TGGGAGAAGCGAAACC-6","Glut-DACH2-6","Ex_DACH2_CEMIP",1
"_TGGGATTAGGCCTTGC-6","Glut-DACH2-7","Ex_DACH2_LHX2",0.293705113372802
"_TGGGATTGTTTAGACC-6","Glut-DACH2-6","Ex_DACH2_ITGA9",0.59632819320455
"_TGGGATTTCTTGCGCT-6","Glut-DACH2-8","Ex_DACH2_ZMAT4",0.727537840433503
"_TGGGCGTGTTACACTG-6","Glut-DACH2-6","Ex_DACH2_ITGA9",0.564583194057552
"_TGGGCGTGTTGCACGC-6","Glut-DACH2-5","Ex_DACH2_GRIK4",0.398726265966992
"_TGGGCGTTCGCAACAT-6","Glut-DACH2-6","Ex_DACH2_CEMIP",0.92870899480291
"_TGGGCTGGTAACACCT-6","Glut-DACH2-7","Ex_DACH2_ADAMTS5",0.414273154376962
"_TGGGTTAAGGGCTAAC-6","Glut-DACH2-5","Ex_DACH2_LHX2",0.373800403603697
"_TGGGTTACAATGGGTG-6","Glut-DACH2-6","Ex_DACH2_CEMIP",0.910923194636722
"_TGGGTTACAGCACGAA-6","Glut-DACH2-7","Ex_DACH2_ADAMTS5",0.356101855372425
"_TGGGTTATCCGCACGA-6","Glut-DACH2-7","Ex_DACH2_ADAMTS5",0.350651584416589
"_TGGTACAAGGTAGACC-6","Glut-DACH2-5","Ex_DACH2_LHX2",0.42641031839852
"_TGGTACAAGGTTGACG-6","Glut-DACH2-8","Ex_DACH2_ZMAT4",0.801052775759127
"_TGGTACACACACTGGC-6","Glut-DACH2-1","Ex_DACH2_ADAMTS5",0.437694905519641
"_TGGTGATAGTCCTACA-6","Glut-DACH2-7","Ex_DACH2_NR4A3",0.522044498554197
"_TGGTGATGTATTCCGA-6","Glut-DACH2-1","Ex_DACH2_NR4A3",0.469909893237664
"_TGGTGATGTCTCTCTG-6","Glut-DACH2-7","Ex_DACH2_MGAT4C",0.474665200887545
"_TGGTGATTCACTGATG-6","Glut-DACH2-8","Ex_DACH2_ZMAT4",0.73781202457727
"_TGGTGATTCATTCACT-6","Glut-DACH2-6","Ex_DACH2_ZMAT4",0.444336682276149
"_TGGTGATTCGATTGGT-6","Glut-DACH2-6","Ex_DACH2_CEMIP",0.96483285138423
"_TGGTGATTCTGTGTGA-6","Glut-DACH2-7","Ex_DACH2_GRIK4",0.554790895585332
"_TGGTTAGAGCGATTCT-6","Glut-DACH2-7","Ex_DACH2_ITGA9",0.221933450262841
"_TGGTTAGCACAAGCTT-6","Glut-DACH2-8","Ex_DACH2_ZMAT4",0.750122835482815
"_TGGTTAGCACACCGAC-6","Glut-DACH2-8","Ex_DACH2_ZMAT4",0.89372854332456
"_TGGTTAGGTCATATGC-6","Glut-DACH2-5","Ex_DACH2_LHX2",0.271718602846838
"_TGGTTAGTCCGGACTG-6","Glut-DACH2-7","Ex_DACH2_NR4A3",0.843895187298609
"_TGGTTAGTCTCCGCAT-6","Glut-DACH2-7","Ex_DACH2_GRIK4",0.378899199869093
"_TGTAACGCACCCTGAG-6","Glut-DACH2-7","Ex_DACH2_NR4A3",0.656223224515789
"_TGTAAGCAGGTTGAGC-6","Glut-DACH2-5","Ex_DACH2_LHX2",0.542420321666281
"_TGTAAGCCAACTGTGT-6","Glut-DACH2-6","Ex_DACH2_ZMAT4",0.410353609485599
"_TGTACAGCATTGTACG-6","Glut-DACH2-5","Ex_DACH2_LHX2",0.355216235201069
"_TGTACAGTCCATTTGT-6","Glut-DACH2-5","Ex_DACH2_LHX2",0.506545713421708
"_TGTAGACCAGACTCTA-6","Glut-DACH2-8","Ex_DACH2_ZMAT4",0.528623834935704
"_TGTAGACCAGGCAATG-6","Glut-DACH2-8","Ex_DACH2_ZMAT4",0.680730099585837
"_TGTAGACGTTATCCAG-6","Glut-DACH2-6","Ex_DACH2_CEMIP",0.728775463910126
"_TGTCAGAAGCACTTTG-6","Glut-DACH2-6","Ex_DACH2_CEMIP",0.983499506826872
"_TGTCCACTCTGAATGC-6","Glut-DACH2-6","Ex_DACH2_CEMIP",0.516904452909162
"_TGTCCCAAGTGTGTTC-6","Glut-DACH2-5","Ex_DACH2_LHX2",0.453893025513622
"_TGTCCCACAATAGTCC-6","Glut-DACH2-5","Ex_DACH2_GRIK4",0.312312956870194
"_TGTCCCACAGAAGTGC-6","Glut-DACH2-8","Ex_DACH2_ZMAT4",0.753600438738364
"_TGTCCCAGTTACAGCT-6","Glut-DACH2-7","Ex_DACH2_MGAT4C",0.412277275028242
"_TGTCCCATCTTCTTCC-6","Glut-DACH2-7","Ex_DACH2_LHX2",0.455523167684979
"_TGTCCTGGTCTACACA-6","Glut-DACH2-5","Ex_DACH2_ADAMTS5",0.804376707690633
"_TGTGAGTAGCCTTTGA-6","Glut-DACH2-7","Ex_DACH2_GRIK4",0.427735045663044
"_TGTGATGAGGACATCG-6","Glut-DACH2-7","Ex_DACH2_GRIK4",0.598092843659793
"_TGTGATGAGGCCTGAA-6","Glut-DACH2-7","Ex_DACH2_NR4A3",0.399897870547584
"_TGTGATGGTTGCTCAA-6","Glut-DACH2-5","Ex_DACH2_LHX2",0.416836343292699
"_TGTGCGGCAAACGGCA-6","Glut-DACH2-6","Ex_DACH2_CEMIP",0.683814679772152
"_TGTGCGGGTAACCAGG-6","Glut-DACH2-1","Ex_DACH2_ADAMTS5",0.391538896171225
"_TGTGCGGGTAGAGCTG-6","Glut-DACH2-5","Ex_DACH2_LHX2",0.465807123762206
"_TGTGCGGGTCCACTCT-6","Glut-DACH2-6","Ex_DACH2_ZMAT4",0.332311381457533
"_TGTGCGGGTGGATTTC-6","Glut-DACH2-1","Ex_DACH2_LHX2",0.383697098964959
"_TGTGCGGTCAAGCTGT-6","Glut-DACH2-8","Ex_DACH2_ZMAT4",0.739977627271436
"_TGTGGCGGTAGTCACT-6","Glut-DACH2-LMANsh","Ex_DACH2_ADAMTS5",0.503467012693065
"_TGTGGCGTCCGTACGG-6","Glut-DACH2-5","Ex_DACH2_GRIK4",0.377401530128145
"_TGTGTGACACCCTTGT-6","Glut-DACH2-7","Ex_DACH2_GRIK4",0.903718940652305
"_TGTGTGAGTCTGTCCT-6","Glut-DACH2-7","Ex_DACH2_ADAMTS5",0.419315382999853
"_TGTGTGAGTTGAGTCT-6","Glut-DACH2-6","Ex_DACH2_ZMAT4",0.770054149797696
"_TGTTACTCAAGAATAC-6","Glut-DACH2-7","Ex_DACH2_MGAT4C",0.491311327773555
"_TGTTACTGTAGCGCCT-6","Glut-DACH2-5","Ex_DACH2_ADAMTS5",0.569846110666549
"_TGTTACTGTCGGTGTC-6","Glut-DACH2-5","Ex_DACH2_LHX2",0.307151175911214
"_TGTTACTTCGATCCAA-6","Glut-DACH2-6","Ex_DACH2_ZMAT4",0.592826522817108
"_TGTTCATCACGCTATA-6","Glut-DACH2-8","Ex_DACH2_ZMAT4",0.662765043280656
"_TGTTCCGAGACCGCCT-6","Glut-DACH2-5","Ex_DACH2_LHX2",0.500406394037854
"_TGTTCCGAGTGAATAC-6","Glut-DACH2-6","Ex_DACH2_ITGA9",0.555080241663903
"_TGTTCCGCATGTCAGT-6","Glut-DACH2-5","Ex_DACH2_LHX2",0.559431624769722
"_TGTTCCGTCGTTCAGA-6","Glut-DACH2-5","Ex_DACH2_LHX2",0.367873546008118
"_TGTTCTACACTAGTAC-6","Glut-DACH2-5","Ex_DACH2_LHX2",0.372947654961631
"_TGTTCTACAGTCGCTG-6","Glut-DACH2-6","Ex_DACH2_ZMAT4",0.582173161649417
"_TGTTCTATCCTTATGT-6","Glut-DACH2-5","Ex_DACH2_GRIK4",0.330025483415168
"_TGTTTGTAGGCTAGCA-6","Glut-DACH2-8","Ex_DACH2_ZMAT4",0.685683720091719
"_TGTTTGTCACCTCTGT-6","Glut-DACH2-7","Ex_DACH2_GRIK4",0.456428506752167
"_TGTTTGTCAGCAATTC-6","Glut-DACH2-5","Ex_DACH2_GRIK4",0.301609694835781
"_TGTTTGTTCATTGTTC-6","Glut-DACH2-6","Ex_DACH2_CEMIP",1
"_TTAATCCAGAGTCTTC-6","Glut-DACH2-5","Ex_DACH2_LHX2",0.506534789479634
"_TTAATCCTCAAGTTGC-6","Glut-DACH2-5","Ex_DACH2_GRIK4",0.382058112156028
"_TTACAGGGTACAGTTC-6","Glut-DACH2-5","Ex_DACH2_LHX2",0.455544586926846
"_TTACAGGGTCTCACGG-6","Glut-DACH2-5","Ex_DACH2_NR4A3",0.811847245198264
"_TTACAGGTCCCGATCT-6","Glut-DACH2-7","Ex_DACH2_GRIK4",0.438741315471072
"_TTACCATCAACGAGGT-6","Glut-DACH2-5","Ex_DACH2_NR4A3",0.512712521996166
"_TTACCATGTGCGAGTA-6","Glut-DACH2-6","Ex_DACH2_CEMIP",0.904919044127611
"_TTACCGCAGACGGATC-6","Glut-DACH2-7","Ex_DACH2_GRIK4",0.772086067422046
"_TTACCGCAGTAACCTC-6","Glut-DACH2-6","Ex_DACH2_CEMIP",0.746073155132323
"_TTACCGCGTGTACATC-6","Glut-DACH2-7","Ex_DACH2_NR4A3",0.403800592548371
"_TTACGCCAGTAAACTG-6","Glut-DACH2-8","Ex_DACH2_ZMAT4",0.851825918769116
"_TTACGCCAGTCTGCAT-6","Glut-DACH2-6","Ex_DACH2_CEMIP",1
"_TTACGCCGTACGAGTG-6","Glut-DACH2-5","Ex_DACH2_GRIK4",0.424075984860764
"_TTACGCCGTATCTTCT-6","Glut-DACH2-5","Ex_DACH2_ADAMTS5",0.483534295950738
"_TTACGCCTCGTCGCTT-6","Glut-DACH2-5","Ex_DACH2_LHX2",0.396086946243196
"_TTACGTTAGAGACAAG-6","Glut-DACH2-6","Ex_DACH2_ZMAT4",0.647825840545593
"_TTACGTTAGCTACGTT-6","Glut-DACH2-7","Ex_DACH2_GRIK4",0.422720359599304
"_TTACGTTTCTTGAACG-6","Glut-DACH2-5","Ex_DACH2_MGAT4C",0.58829080901219
"_TTACTGTCACCACTGG-6","Glut-DACH2-6","Ex_DACH2_CEMIP",0.513517059123183
"_TTACTGTGTCGAGCAA-6","Glut-DACH2-7","Ex_DACH2_GRIK4",0.769895029487773
"_TTAGGCAAGCGCCTTG-6","Glut-DACH2-8","Ex_DACH2_ZMAT4",0.569317133550038
"_TTAGGCATCAAGTCGT-6","Glut-DACH2-7","Ex_DACH2_GRIK4",0.545998954162403
"_TTAGGGTAGGCACAAC-6","Glut-DACH2-2","Ex_DACH2_LHX2",0.534611563829928
"_TTAGGGTCAGCAGTAG-6","Glut-DACH2-1","Ex_Pre_KCNH7",0.433580112662912
"_TTAGGGTTCTGTGCAA-6","Glut-DACH2-7","Ex_DACH2_MGAT4C",0.462436746891909
"_TTAGTCTCAGAGGAAA-6","Glut-DACH2-6","Ex_DACH2_CEMIP",0.90693997337794
"_TTAGTCTGTGGCCCAT-6","Glut-DACH2-5","Ex_DACH2_ADAMTS5",0.781424912892936
"_TTATTGCGTAGACAGC-6","Glut-DACH2-6","Ex_DACH2_CEMIP",0.770921623220316
"_TTATTGCGTCCCTGAG-6","Glut-DACH2-7","Ex_DACH2_ADAMTS5",0.620696013267776
"_TTATTGCTCGACCTAA-6","Glut-DACH2-5","Ex_DACH2_LHX2",0.536191613471123
"_TTCAATCAGAAACTGT-6","Glut-DACH2-8","Ex_DACH2_ZMAT4",0.461638216876842
"_TTCAATCCACTTGAAC-6","Glut-DACH2-8","Ex_DACH2_ZMAT4",0.808412396963558
"_TTCAATCGTACTCCCT-6","Glut-DACH2-1","Ex_DACH2_NR4A3",0.711135482242199
"_TTCAATCGTAGACGGT-6","Glut-DACH2-6","Ex_DACH2_CEMIP",0.86075732535258
"_TTCACCGCAGGAGGTT-6","Glut-DACH2-5","Ex_DACH2_LHX2",0.546504614258738
"_TTCACGCAGCAGTAAT-6","Glut-DACH2-6","Ex_DACH2_ZMAT4",0.542791528316291
"_TTCACGCAGGAGCTGT-6","Glut-DACH2-7","Ex_DACH2_LHX2",0.440313167252152
"_TTCACGCGTGGCTGCT-6","Glut-DACH2-7","Ex_DACH2_GRIK4",0.760763768146714
"_TTCAGGAGTTGTGCCG-6","Glut-DACH2-7","Ex_DACH2_MGAT4C",0.600289945190528
"_TTCATGTCATAGATCC-6","Glut-DACH2-7","Ex_DACH2_GRIK4",0.626609270708941
"_TTCATGTGTATCGAAA-6","Glut-DACH2-7","Ex_DACH2_NR4A3",0.293614320718065
"_TTCATGTGTGGCTACC-6","Glut-DACH2-7","Ex_DACH2_ADAMTS5",0.439136754388452
"_TTCATGTGTTCAAAGA-6","Glut-DACH2-8","Ex_DACH2_ZMAT4",0.589574109532478
"_TTCATGTGTTTGGGTT-6","Glut-DACH2-7","Ex_DACH2_ADAMTS5",0.379190529019278
"_TTCATTGAGGGTTTCT-6","Glut-DACH2-8","Ex_DACH2_CEMIP",1
"_TTCATTGCAACACTAC-6","Glut-DACH2-7","Ex_DACH2_GRIK4",0.708219853531887
"_TTCCAATAGTCATGAA-6","Glut-DACH2-7","Ex_BCL6",0.270169388232866
"_TTCCAATGTAACATAG-6","Glut-DACH2-8","Ex_DACH2_ZMAT4",0.731326287197574
"_TTCCAATTCCCGTAAA-6","Glut-DACH2-6","Ex_DACH2_CEMIP",0.888486610022664
"_TTCCAATTCCGATCTC-6","Glut-DACH2-6","Ex_DACH2_CEMIP",0.433957974606994
"_TTCCACGCAGGCACAA-6","Glut-DACH2-7","Ex_DACH2_ADAMTS5",0.424870152367529
"_TTCCACGGTGCCCGTA-6","Glut-DACH2-6","Ex_DACH2_CEMIP",0.959103333763246
"_TTCCACGGTTGGTACT-6","Glut-DACH2-7","Ex_DACH2_LHX2",0.392961097494826
"_TTCCGGTGTTTGTTCT-6","Glut-DACH2-6","Ex_DACH2_ZMAT4",0.471419994811186
"_TTCCGGTTCCTTCTTC-6","Glut-DACH2-7","Ex_DACH2_ADAMTS5",0.50113270415281
"_TTCCGTGCACGCGTGT-6","Glut-DACH2-6","Ex_DACH2_CEMIP",0.944723379519171
"_TTCCGTGGTCTTGCTC-6","Glut-DACH2-6","Ex_DACH2_CEMIP",0.448637066977164
"_TTCCGTGTCAGTGATC-6","Glut-DACH2-7","Ex_DACH2_SLIT2",0.401297145079039
"_TTCCTAAAGGCTTAGG-6","Glut-DACH2-6","Ex_DACH2_CEMIP",0.92548951321166
"_TTCCTAAGTCATCGGC-6","Glut-DACH2-6","Ex_DACH2_ITGA9",0.634652196245002
"_TTCCTCTGTACGAGCA-6","Glut-DACH2-1","Ex_DACH2_GRIK4",0.41564946816023
"_TTCCTTCGTACCCACG-6","Glut-DACH2-7","Ex_DACH2_MGAT4C",0.678095441971774
"_TTCCTTCGTGGTTCTA-6","Glut-DACH2-5","Ex_DACH2_GRIK4",0.349953753559244
"_TTCCTTCTCCTGATAG-6","Glut-DACH2-6","Ex_DACH2_CEMIP",0.897642619071254
"_TTCCTTCTCGCGTCGA-6","Glut-DACH2-6","Ex_DACH2_CEMIP",1
"_TTCGATTAGTCAAGCG-6","Glut-DACH2-5","Ex_DACH2_LHX2",0.513311405521968
"_TTCGATTCACATGAAA-6","Glut-DACH2-5","Ex_DACH2_ADAMTS5",0.386629457370253
"_TTCGATTCATGACACT-6","Glut-DACH2-7","Ex_DACH2_ADAMTS5",0.317358643667237
"_TTCGATTTCTGCACCT-6","Glut-DACH2-7","Ex_DACH2_ADAMTS5",0.329714408376961
"_TTCGGTCCACACAGCC-6","Glut-DACH2-7","Ex_DACH2_GRIK4",0.63328096848319
"_TTCGGTCCATGAATCC-6","Glut-DACH2-5","Ex_DACH2_NR4A3",0.400560978636938
"_TTCGGTCGTACGCTAT-6","Glut-DACH2-7","Ex_DACH2_MGAT4C",0.489293600747352
"_TTCGGTCGTCGAGCTC-6","Glut-DACH2-6","Ex_DACH2_CEMIP",0.958839563335412
"_TTCTAACCAAACTAGA-6","Glut-DACH2-7","Ex_DACH2_NR4A3",0.757248962482817
"_TTCTCTCCATGTGTCA-6","Glut-DACH2-5","Ex_DACH2_NR4A3",0.574979765224547
"_TTCTCTCGTGCCCGTA-6","Glut-DACH2-7","Ex_DACH2_MGAT4C",0.595085506570139
"_TTCTCTCTCCCGAGGT-6","Glut-DACH2-7","Ex_DACH2_MGAT4C",0.518058883233947
"_TTCTCTCTCCTACCAC-6","Glut-DACH2-7","Ex_DACH2_GRIK4",0.703512887940159
"_TTCTCTCTCTAAGCCA-6","Glut-DACH2-1","Ex_DACH2_NR4A3",0.749878330459218
"_TTCTGTAGTATGTGTC-6","Glut-DACH2-1","Ex_DACH2_ADAMTS5",0.345966042038321
"_TTCTGTATCATCCTGC-6","Glut-DACH2-6","Ex_DACH2_CEMIP",0.884047554713569
"_TTCTTCCAGAGTCGAC-6","Glut-DACH2-7","Ex_DACH2_ADAMTS5",0.6173797099874
"_TTCTTCCAGCTCACTA-6","Glut-DACH2-7","Ex_DACH2_MGAT4C",0.479943635443637
"_TTCTTCCAGGCTAGCA-6","Glut-DACH2-5","Ex_DACH2_GRIK4",0.620876848522032
"_TTCTTCCGTACAAGTA-6","Glut-DACH2-5","Ex_DACH2_LHX2",0.390794062650284
"_TTCTTCCTCCACGAAT-6","Glut-DACH2-7","Ex_DACH2_MGAT4C",0.327268538635993
"_TTCTTGACAGGTCAAG-6","Glut-DACH2-5","Ex_DACH2_ADAMTS5",0.430653699894174
"_TTCTTGATCACACCCT-6","Glut-DACH2-8","Ex_DACH2_ZMAT4",0.593124627199401
"_TTGAACGAGAAACTAC-6","Glut-DACH2-5","Ex_DACH2_GRIK4",0.439248944813651
"_TTGAACGAGACGCATG-6","Glut-DACH2-6","Ex_DACH2_CEMIP",0.552314352026256
"_TTGAACGAGGCACGAT-6","Glut-DACH2-7","Ex_DACH2_GRIK4",0.62010433399362
"_TTGACCCCACATGAAA-6","Glut-DACH2-7","Ex_DACH2_GRIK4",0.450411840710112
"_TTGACCCCACTGCATA-6","Glut-DACH2-5","Ex_DACH2_GRIK4",0.305696869010477
"_TTGACCCCATATAGCC-6","Glut-DACH2-5","Ex_DACH2_ADAMTS5",0.507499270581258
"_TTGACCCTCTTCGTGC-6","Glut-DACH2-5","Ex_DACH2_GRIK4",0.555434515189087
"_TTGAGTGGTCCTACAA-6","Glut-DACH2-6","Ex_DACH2_ZMAT4",0.399516510164498
"_TTGAGTGTCACAGTGT-6","Glut-DACH2-6","Ex_DACH2_ITGA9",0.589527205689061
"_TTGATGGAGGCCTAAG-6","Glut-DACH2-7","Ex_DACH2_GRIK4",0.391907326975054
"_TTGCATTCACGAGGTA-6","Glut-DACH2-5","Ex_DACH2_ADAMTS5",0.37131595823807
"_TTGCATTGTGTGTTTG-6","Glut-DACH2-5","Ex_DACH2_ADAMTS5",0.340594610145269
"_TTGCATTTCTCCAAGA-6","Glut-DACH2-5","Ex_DACH2_LHX2",0.574249948444926
"_TTGCATTTCTGGCTGG-6","Glut-DACH2-8","Ex_DACH2_ZMAT4",0.399953792476825
"_TTGCCTGAGGGTTTCT-6","Glut-DACH2-7","Ex_DACH2_MGAT4C",0.490237086405157
"_TTGCCTGCAACCAGAG-6","Glut-DACH2-6","Ex_DACH2_CEMIP",0.442425124478871
"_TTGCCTGGTTAAGACA-6","Glut-DACH2-6","Ex_DACH2_CEMIP",0.858098860452958
"_TTGCGTCCAATAGGGC-6","Glut-DACH2-5","Ex_DACH2_LHX2",0.429602210820783
"_TTGCTGCCACCGAATT-6","Glut-DACH2-7","Ex_DACH2_ADAMTS5",0.63372030948023
"_TTGCTGCGTATTGAGA-6","Glut-DACH2-5","Ex_DACH2_LHX2",0.519351595113173
"_TTGCTGCTCGTAATGC-6","Glut-DACH2-6","Ex_DACH2_CEMIP",1
"_TTGCTGCTCTGACAGT-6","Glut-DACH2-8","Ex_DACH2_ZMAT4",0.689369870177689
"_TTGGATGAGAAATGGG-6","Glut-DACH2-7","Ex_DACH2_ADAMTS5",0.346151964756025
"_TTGGATGAGCATGCAG-6","Glut-DACH2-7","Ex_DACH2_MGAT4C",0.531489980241033
"_TTGGATGTCCTGGGAC-6","Glut-DACH2-7","Ex_DACH2_MGAT4C",0.342502646236897
"_TTGGGATAGGTAAGTT-6","Glut-DACH2-6","Ex_DACH2_ZMAT4",0.56461180614086
"_TTGGGATCAGCTAACT-6","Glut-DACH2-7","Ex_DACH2_MGAT4C",0.386404889989074
"_TTGGGCGGTAACCCGC-6","Glut-DACH2-7","Ex_DACH2_MGAT4C",0.667819173098205
"_TTGGGCGGTAGCTAAA-6","Glut-DACH2-5","Ex_DACH2_ADAMTS5",0.829213246714488
"_TTGGGCGGTTTCGTAG-6","Glut-DACH2-6","Ex_DACH2_CEMIP",1
"_TTGGGTAAGTATGAGT-6","Glut-DACH2-6","Ex_DACH2_ZMAT4",0.469068243015958
"_TTGGGTACATACTGTG-6","Glut-DACH2-7","Ex_DACH2_GRIK4",0.406406520208475
"_TTGGGTATCAATGTCG-6","Glut-DACH2-6","Ex_DACH2_ZMAT4",0.48544233734601
"_TTGGTTTAGACAAGCC-6","Glut-DACH2-5","Ex_DACH2_LHX2",0.50714576351426
"_TTGGTTTAGATAGGGA-6","Glut-DACH2-5","Ex_DACH2_ADAMTS5",0.778411748874783
"_TTGGTTTCAGGCGATA-6","Glut-DACH2-6","Ex_DACH2_ITGA9",0.444958421921038
"_TTGGTTTGTGCTGATT-6","Glut-DACH2-6","Ex_DACH2_CEMIP",0.935232108679834
"_TTGGTTTGTTCGCGTG-6","Glut-DACH2-8","Ex_DACH2_ZMAT4",0.702155324354386
"_TTGGTTTTCCGCACGA-6","Glut-DACH2-6","Ex_DACH2_CEMIP",0.950207155940197
"_TTGTGGAAGTTGGAGC-6","Glut-DACH2-5","Ex_DACH2_ADAMTS5",0.728195898273361
"_TTGTGGAGTCATACCA-6","Glut-DACH2-7","Ex_DACH2_ADAMTS5",0.431683426179893
"_TTGTGTTTCTAGACAC-6","Glut-DACH2-7","Ex_DACH2_GRIK4",0.619801709907035
"_TTGTTCAAGCGTATGG-6","Glut-DACH2-7","Ex_DACH2_GRIK4",0.326054850903051
"_TTGTTCACATCGTTCC-6","Glut-DACH2-5","Ex_DACH2_ADAMTS5",0.863850279386131
"_TTGTTCAGTGTCCCTT-6","Glut-DACH2-7","Ex_DACH2_GRIK4",0.500360830740449
"_TTGTTCATCCACGGGT-6","Glut-DACH2-5","Ex_DACH2_GRIK4",0.497756615155814
"_TTGTTGTCAAGCTGTT-6","Glut-DACH2-6","Ex_DACH2_CEMIP",0.990236100043761
"_TTGTTGTGTGAGTTTC-6","Glut-DACH2-1","Ex_DACH2_GRIK4",0.531249121951591
"_TTGTTTGCAAACGGCA-6","Glut-DACH2-5","Ex_DACH2_ADAMTS5",0.885558706251556
"_TTGTTTGTCTCCAATT-6","Glut-DACH2-7","Ex_DACH2_MGAT4C",0.325385472790796
"_TTTACCACAGACACAG-6","Glut-DACH2-6","Ex_DACH2_CEMIP",0.752521459596271
"_TTTACCAGTGTCGCTG-6","Glut-DACH2-6","Ex_DACH2_ZMAT4",0.709294342373759
"_TTTACCAGTTATCCAG-6","Glut-DACH2-6","Ex_DACH2_ZMAT4",0.618001591399746
"_TTTACCATCCTCTTTC-6","Glut-DACH2-4","Ex_DACH2_NR4A3",0.647424359833088
"_TTTACGTCAAAGCTCT-6","Glut-DACH2-6","Ex_DACH2_ZMAT4",0.371815637591994
"_TTTACGTTCTTTCCAA-6","Glut-DACH2-6","Ex_DACH2_CEMIP",0.585176727426075
"_TTTACTGCAGTAGAAT-6","Glut-DACH2-7","Ex_DACH2_GRIK4",0.407238274616337
"_TTTACTGTCAAGTTGC-6","Glut-DACH2-7","Ex_DACH2_GRIK4",0.368896824708524
"_TTTACTGTCAGTGCGC-6","Glut-DACH2-5","Ex_DACH2_MGAT4C",0.417933618010097
"_TTTACTGTCGAACCAT-6","Glut-DACH2-7","Ex_DACH2_MGAT4C",0.436096316930669
"_TTTAGTCAGCGAGTCA-6","Glut-DACH2-6","Ex_DACH2_CEMIP",1
"_TTTAGTCCAGCTGCCA-6","Glut-DACH2-8","Ex_DACH2_ZMAT4",0.703321270091243
"_TTTAGTCCATCTATCT-6","Glut-DACH2-6","Ex_DACH2_ZMAT4",0.445100320823648
"_TTTAGTCTCGGTAACT-6","Glut-DACH2-5","Ex_DACH2_ADAMTS5",0.370500022726149
"_TTTAGTCTCGTAGGGA-6","Glut-DACH2-7","Ex_DACH2_GRIK4",0.898594522174067
"_TTTATGCAGACATAGT-6","Glut-DACH2-7","Ex_DACH2_GRIK4",0.381341363995051
"_TTTATGCAGCTCTGTA-6","Glut-DACH2-8","Ex_DACH2_ZMAT4",0.758294860908824
"_TTTATGCCAGTTGTTG-6","Glut-DACH2-6","Ex_DACH2_ZMAT4",0.801480087919122
"_TTTATGCCATGGCTAT-6","Glut-DACH2-7","Ex_DACH2_GRIK4",0.48524197459315
"_TTTCACACACGAAGAC-6","Glut-DACH2-6","Ex_DACH2_CEMIP",0.92652533160523
"_TTTCACATCGTCAAAC-6","Glut-DACH2-5","Ex_DACH2_ADAMTS5",0.551448956968431
"_TTTCAGTCAATCGCGC-6","Glut-DACH2-6","Ex_DACH2_CEMIP",0.933859578194338
"_TTTCAGTCATTAGGAA-6","Glut-DACH2-LMANsh","Ex_DACH2_LHX2",0.546881643387316
"_TTTCAGTGTCAGGCAA-6","Glut-DACH2-7","Ex_DACH2_GRIK4",0.564684501039931
"_TTTCAGTGTGTCCATA-6","Glut-DACH2-6","Ex_DACH2_CEMIP",0.833796906391668
"_TTTCATGAGAACAAGG-6","Glut-DACH2-5","Ex_DACH2_LHX2",0.779185066231635
"_TTTCATGCATCATTTC-6","Glut-DACH2-5","Ex_DACH2_ADAMTS5",0.313131536716936
"_TTTCATGGTACGGTTT-6","Glut-DACH2-6","Ex_DACH2_CEMIP",0.779644094089741
"_TTTCATGGTACTCGTA-6","Glut-DACH2-5","Ex_DACH2_ADAMTS5",0.488412310527348
"_TTTCATGGTGGATCAG-6","Glut-DACH2-7","Ex_DACH2_MGAT4C",0.394822852149411
"_TTTCCTCCAAGTCATC-6","Glut-DACH2-5","Ex_DACH2_ADAMTS5",0.834862394166362
"_TTTCCTCCACTCGATA-6","Glut-DACH2-8","Ex_DACH2_ZMAT4",0.817217247037791
"_TTTCCTCGTCAAGTTC-6","Glut-DACH2-7","Ex_DACH2_GRIK4",0.466445957231749
"_TTTCCTCTCGCTGATA-6","Glut-DACH2-6","Ex_DACH2_CEMIP",0.615750880451597
"_TTTCCTCTCTGACCCT-6","Glut-DACH2-7","Ex_DACH2_MGAT4C",0.256924826291359
"_TTTCGATTCGAGTACT-6","Glut-DACH2-6","Ex_DACH2_ITGA9",0.368206622971953
"_TTTCGATTCTCAATCT-6","Glut-DACH2-6","Ex_DACH2_CEMIP",0.969898243088268
"_TTTGACTGTGATTGGG-6","Glut-DACH2-6","Ex_DACH2_ZMAT4",0.464247077094063
"_TTTGACTGTGGGCTCT-6","Glut-DACH2-6","Ex_DACH2_CEMIP",0.964584845728367
"_TTTGATCAGGAGACCT-6","Glut-DACH2-6","Ex_DACH2_CEMIP",0.920525004022848
"_TTTGATCAGTTTGCTG-6","Glut-DACH2-7","Ex_DACH2_MGAT4C",0.450405657430069
"_TTTGATCCACGACGCT-6","Glut-DACH2-7","Ex_DACH2_ADAMTS5",0.296044093178124
"_TTTGATCCATGTTTGG-6","Glut-DACH2-7","Ex_DACH2_ADAMTS5",0.557926654300256
"_TTTGGAGCATGATCTG-6","Glut-DACH2-5","Ex_DACH2_ADAMTS5",0.456052256147717
"_TTTGGAGGTCAGGTAG-6","Glut-DACH2-6","Ex_DACH2_CEMIP",0.749430763483996
"_TTTGGAGGTCCCTCAT-6","Glut-DACH2-6","Ex_DACH2_CEMIP",0.999999999999999
"_TTTGGAGTCAGAGCGA-6","Glut-DACH2-8","Ex_DACH2_ZMAT4",0.43331828395011
"_TTTGGAGTCATCACAG-6","Glut-DACH2-7","Ex_DACH2_MGAT4C",0.393163552805228
"_TTTGGAGTCATGAGTC-6","Glut-DACH2-5","Ex_DACH2_LHX2",0.33861454730054
"_TTTGGTTGTCGCCTAG-6","Glut-DACH2-5","Ex_DACH2_ADAMTS5",0.681727403634841
"_TTTGGTTTCTCTCTAA-6","Glut-DACH2-7","Ex_DACH2_GRIK4",0.562027465325717
"_TTTGTTGGTCCGTTTC-6","Glut-DACH2-7","Ex_DACH2_GRIK4",0.427533633820129
