"cell","query_label","predicted","score"
"_AAACCCATCCCAATAG-1","Glut-CACNA1H-1","Ex_CACNA1H_LHX9",0.869287284342127
"_AAACGAACAAGAGGCT-1","Glut-CACNA1H-1","Ex_CACNA1H_LHX9",0.868883492491968
"_AAACGCTCAGAGACTG-1","Glut-CACNA1H-4","Ex_DACH2_SLIT2",0.65940541036343
"_AAAGAACCAGCTGTGC-1","Glut-CACNA1H-RA","Ex_CACNA1H_LHX9",0.816003574887309
"_AAAGGATGTTGCCTAA-1","Glut-CACNA1H-RA","Ex_CACNA1H_LHX9",0.814167208839374
"_AAAGGATGTTTGGAAA-1","Glut-CACNA1H-RA","Ex_CACNA1H_LHX9",0.840992472830441
"_AAAGGGCTCTTGTTAC-1","Glut-CACNA1H-RA","Ex_CACNA1H_LHX9",0.848214126181862
"_AAAGTCCCATAGGCGA-1","Glut-CACNA1H-4","Ex_DACH2_SLIT2",0.824647274719925
"_AAAGTCCGTTAACCTG-1","Glut-CACNA1H-2","Ex_CACNA1H_LHX9",0.858013941178311
"_AAAGTCCGTTTGCAGT-1","Glut-CACNA1H-RA","Ex_CACNA1H_LHX9",0.724329035392031
"_AAAGTCCTCTGTCCGT-1","Glut-CACNA1H-RA","Ex_CACNA1H_LHX9",0.855030600592838
"_AAAGTGAAGTTGAAGT-1","Glut-CACNA1H-RA","Ex_CACNA1H_LHX9",0.813643124800653
"_AAAGTGAGTAAGGTCG-1","Glut-CACNA1H-RA","Ex_CACNA1H_LHX9",0.808436886406397
"_AAAGTGAGTCCGGCAT-1","Glut-CACNA1H-RA","Ex_CACNA1H_LHX9",0.773154485349485
"_AAATGGAGTATCGAAA-1","Glut-CACNA1H-RA","Ex_CACNA1H_LHX9",0.830904479769809
"_AACAAAGGTGTGGTCC-1","Glut-CACNA1H-RA","Ex_CACNA1H_LHX9",0.806987484595554
"_AACAAAGGTTTGGAGG-1","Glut-DACH2-1","Ex_DACH2_MGAT4C",0.308867780842234
"_AACAAGAAGGCGCTCT-1","Glut-CACNA1H-1","Ex_CACNA1H_LHX9",0.778226994494401
"_AACAAGAAGGTGATAT-1","Glut-CACNA1H-2","Ex_DACH2_SLIT2",0.632257787904315
"_AACACACAGGTCCGAA-1","Glut-CACNA1H-RA","Ex_CACNA1H_LHX9",0.794451145111021
"_AACAGGGAGCACACCC-1","Glut-CACNA1H-1","Ex_CACNA1H_LHX9",0.822929973931699
"_AACAGGGCAGCTAACT-1","Glut-CACNA1H-RA","Ex_CACNA1H_LHX9",0.742685897201223
"_AACAGGGTCTAGTTCT-1","Glut-CACNA1H-RA","Ex_CACNA1H_LHX9",0.632891292655235
"_AACCACAGTGGTACAG-1","Glut-CACNA1H-2","Ex_CACNA1H_LHX9",0.829404257240795
"_AACCACAGTTCAAGGG-1","Glut-CACNA1H-RA","Ex_CACNA1H_LHX9",0.888863782183931
"_AACCCAAGTGGCAGAT-1","Glut-CACNA1H-RA","Ex_CACNA1H_LHX9",0.784443429162819
"_AACCCAAGTTATGTGC-1","Glut-CACNA1H-RA","Ex_CACNA1H_LHX9",0.800799206320191
"_AACCTGAAGTTAACAG-1","Glut-CACNA1H-RA","Ex_CACNA1H_LHX9",0.802627526949536
"_AACCTGATCCCGTGTT-1","Glut-CACNA1H-1","Ex_CACNA1H_LHX9",0.830619397860724
"_AACCTTTGTACTAAGA-1","Glut-CACNA1H-1","Ex_CACNA1H_LHX9",0.59654242508095
"_AACGAAATCAAACCCA-1","Glut-CACNA1H-RA","Ex_CACNA1H_LHX9",0.77760226562327
"_AACGGGAAGACTGTTC-1","Glut-CACNA1H-RA","Ex_CACNA1H_LHX9",0.820911334194568
"_AACGGGAGTACTGCCG-1","Glut-CACNA1H-RA","Ex_CACNA1H_LHX9",0.79696544594131
"_AACGTCAAGATCCCGC-1","Glut-CACNA1H-1","Ex_CACNA1H_LHX9",0.800843511292604
"_AACGTCATCTGAGTCA-1","Glut-CACNA1H-RA","Ex_CACNA1H_LHX9",0.848099798188207
"_AACTTCTCAAACACGG-1","Glut-CACNA1H-RA","Ex_CACNA1H_LHX9",0.78476310706762
"_AACTTCTCAGCGTATT-1","Glut-CACNA1H-RA","Ex_CACNA1H_LHX9",0.832228932702889
"_AACTTCTGTGTACAGG-1","Glut-CACNA1H-RA","Ex_CACNA1H_LHX9",0.875921418680842
"_AACTTCTTCGTACACA-1","Glut-CACNA1H-RA","Ex_CACNA1H_LHX9",0.744816952163416
"_AACTTCTTCTATTGTC-1","Glut-CACNA1H-1","Ex_CACNA1H_LHX9",0.749882957082548
"_AAGAACAAGCTAGATA-1","Glut-CACNA1H-2","Ex_CACNA1H_LHX9",0.497257742969552
"_AAGAACACACATGTTG-1","Glut-CACNA1H-1","Ex_CACNA1H_LHX9",0.715171527740993
"_AAGACTCTCGATGCAT-1","Glut-CACNA1H-RA","Ex_CACNA1H_LHX9",0.822814755777658
"_AAGCATCTCGGCTATA-1","Glut-CACNA1H-2","Ex_CACNA1H_LHX9",0.910949143277414
"_AAGCCATAGAGCCGAT-1","Glut-CACNA1H-RA","Ex_CACNA1H_LHX9",0.803919416149009
"_AAGCGTTTCGTTGTAG-1","Glut-CACNA1H-RA","Ex_CACNA1H_LHX9",0.850266162371533
"_AAGGAATAGCTTTCCC-1","Glut-CACNA1H-2","Ex_CACNA1H_LHX9",0.87449991199666
"_AAGGAATAGTGATGGC-1","Glut-CACNA1H-4","Ex_CACNA1H_LHX9",0.902528651847713
"_AAGGAATGTCGAATTC-1","Glut-CACNA1H-RA","Ex_CACNA1H_LHX9",0.795217087010007
"_AAGGTAAAGGTCATTC-1","Glut-CACNA1H-RA","Ex_CACNA1H_LHX9",0.808259533829784
"_AAGGTAATCAAGGACG-1","Glut-CACNA1H-4","Ex_CACNA1H_LHX9",0.909865009116698
"_AAGTCGTGTGAGACCA-1","Glut-CACNA1H-4","Ex_DACH2_SLIT2",0.717706117013965
"_AAGTCGTTCTACTTCA-1","Glut-CACNA1H-1","Ex_DACH2_NR4A3",0.278349845468182
"_AATAGAGTCCATCACC-1","Glut-CACNA1H-1","Ex_CACNA1H_LHX9",0.752636684995227
"_AATCACGAGTGCGTCC-1","Glut-CACNA1H-RA","Ex_CACNA1H_LHX9",0.783225530376588
"_AATCACGGTCTCCCTA-1","Glut-CACNA1H-RA","Ex_CACNA1H_LHX9",0.828386625631113
"_AATCGACGTCCCGTGA-1","Glut-CACNA1H-1","Ex_CACNA1H_LHX9",0.858185716305061
"_AATCGACGTTTAGACC-1","Glut-CACNA1H-RA","Ex_CACNA1H_LHX9",0.827130215980996
"_AATCGTGAGGGCAGTT-1","Glut-CACNA1H-2","Ex_CACNA1H_LHX9",0.858626768197788
"_AATCGTGAGTATTGCC-1","Glut-CACNA1H-RA","Ex_CACNA1H_LHX9",0.673945700268606
"_AATCGTGGTCGTCGGT-1","Glut-CACNA1H-4","Ex_DACH2_SLIT2",0.800123142494243
"_AATCGTGGTGGGCTTC-1","Glut-CACNA1H-1","Ex_CACNA1H_LHX9",0.899839421976396
"_AATCGTGTCTAGTGAC-1","Glut-CACNA1H-1","Ex_CACNA1H_LHX9",0.738003438765722
"_AATCGTGTCTCGGCTT-1","Glut-CACNA1H-RA","Ex_CACNA1H_LHX9",0.864426934729154
"_AATGACCAGATCCAAA-1","Glut-CACNA1H-RA","Ex_CACNA1H_LHX9",0.795581386780735
"_AATGACCTCATTTGTC-1","Glut-CACNA1H-1","Ex_CACNA1H_LHX9",0.845430684807891
"_AATGCCACACGTACTA-1","Glut-CACNA1H-3","Ex_CACNA1H_LHX9",0.846784141150783
"_AATGCCAGTATGCGGA-1","Glut-CACNA1H-RA","Ex_CACNA1H_LHX9",0.823854000998333
"_AATGCCATCGATGGAG-1","Glut-CACNA1H-RA","Ex_CACNA1H_LHX9",0.86569075924249
"_AATGGCTAGGTGTGAC-1","Glut-CACNA1H-RA","Ex_CACNA1H_LHX9",0.842163106561194
"_AATGGCTGTACGACAG-1","Glut-CACNA1H-RA","Ex_CACNA1H_LHX9",0.855142944161943
"_AATTCCTGTTGTCCCT-1","Glut-CACNA1H-RA","Ex_CACNA1H_LHX9",0.80573156318276
"_AATTCCTTCTCCTGTG-1","Glut-CACNA1H-1","Ex_CACNA1H_LHX9",0.843093067470915
"_AATTTCCGTATCCTCC-1","Glut-CACNA1H-RA","Ex_CACNA1H_LHX9",0.835527607294518
"_ACAAAGACACTCCGAG-1","Glut-CACNA1H-RA","Ex_CACNA1H_LHX9",0.731303782394078
"_ACAACCAGTCCAGCAC-1","Glut-CACNA1H-RA","Ex_CACNA1H_LHX9",0.83502884227075
"_ACAAGCTAGAGGATCC-1","Glut-CACNA1H-1","Ex_CACNA1H_LHX9",0.725214227540641
"_ACACCAAAGCGAATGC-1","Glut-CACNA1H-1","Ex_CACNA1H_LHX9",0.834798095981111
"_ACACGCGTCTAGAGCT-1","Glut-CACNA1H-RA","Ex_CACNA1H_LHX9",0.831817069447047
"_ACACTGATCGACGATT-1","Glut-CACNA1H-RA","Ex_CACNA1H_LHX9",0.893473800478853
"_ACAGAAACACATACTG-1","Glut-CACNA1H-RA","Ex_CACNA1H_LHX9",0.802829328302938
"_ACAGCCGTCCGTTTCG-1","Glut-CACNA1H-1","Ex_CACNA1H_LHX9",0.862529210313515
"_ACAGGGAGTAGCGTCC-1","Glut-CACNA1H-RA","Ex_CACNA1H_LHX9",0.816747005887156
"_ACAGGGAGTATAATGG-1","Glut-CACNA1H-RA","Ex_CACNA1H_LHX9",0.852718505815822
"_ACAGGGATCCTACGGG-1","Glut-CACNA1H-RA","Ex_CACNA1H_LHX9",0.807771649238054
"_ACATCCCCAGCTCATA-1","Glut-CACNA1H-RA","Ex_CACNA1H_LHX9",0.847999387504115
"_ACATCCCGTCATCCCT-1","Glut-CACNA1H-RA","Ex_CACNA1H_LHX9",0.778697267231146
"_ACATCGAGTGCAGTGA-1","Glut-CACNA1H-RA","Ex_CACNA1H_LHX9",0.890299672419498
"_ACATGCAAGACTTGTC-1","Glut-CACNA1H-RA","Ex_CACNA1H_LHX9",0.860848066362373
"_ACCAAACTCTGAACGT-1","Glut-CACNA1H-RA","Ex_CACNA1H_LHX9",0.834292307478264
"_ACCAAACTCTGTGCTC-1","Glut-CACNA1H-1","Ex_CACNA1H_LHX9",0.875610009215023
"_ACCATTTGTAGAGACC-1","Glut-CACNA1H-1","Ex_CACNA1H_LHX9",0.693325547356415
"_ACCATTTTCAAGGTGG-1","Glut-CACNA1H-RA","Ex_CACNA1H_LHX9",0.769747213262061
"_ACCCAAAAGACCACGA-1","Glut-CACNA1H-RA","Ex_CACNA1H_LHX9",0.766132825268192
"_ACCCTCAAGGAGAGTA-1","Glut-CACNA1H-RA","Ex_CACNA1H_LHX9",0.776839682293647
"_ACCCTCACATGGAATA-1","Glut-CACNA1H-RA","Ex_CACNA1H_LHX9",0.822564454762924
"_ACCCTTGAGAATCGTA-1","Glut-CACNA1H-RA","Ex_CACNA1H_LHX9",0.831904437268625
"_ACCGTTCTCACATTGG-1","Glut-CACNA1H-RA","Ex_CACNA1H_LHX9",0.856001069470771
"_ACCTACCGTTTACCTT-1","Glut-CACNA1H-RA","Ex_CACNA1H_LHX9",0.853298965571117
"_ACCTACCTCGCTTGCT-1","Glut-CACNA1H-RA","Ex_CACNA1H_LHX9",0.816434740212969
"_ACCTGTCAGCCAAGGT-1","Glut-CACNA1H-2","Ex_CACNA1H_LHX9",0.863923787295452
"_ACCTGTCAGGTTATAG-1","Glut-CACNA1H-4","Ex_DACH2_SLIT2",0.697641159347649
"_ACGATGTGTGCATTAC-1","Glut-CACNA1H-RA","Ex_CACNA1H_LHX9",0.849607724233804
"_ACGGAAGAGGAACGCT-1","Glut-CACNA1H-RA","Ex_CACNA1H_LHX9",0.876181574975248
"_ACGGAAGAGTACCGGA-1","Glut-CACNA1H-1","Ex_CACNA1H_LHX9",0.848708882201442
"_ACGGGTCCACTGTGTA-1","Glut-CACNA1H-RA","Ex_CACNA1H_LHX9",0.763740949436621
"_ACGGGTCTCGCAGAGA-1","Glut-CACNA1H-RA","Ex_CACNA1H_LHX9",0.787972161609767
"_ACGGGTCTCTGTCGTC-1","Glut-CACNA1H-RA","Ex_CACNA1H_LHX9",0.840775120818348
"_ACGGTCGCATGACGTT-1","Glut-CACNA1H-RA","Ex_CACNA1H_LHX9",0.771342822709694
"_ACGGTTAAGACAGTCG-1","Glut-CACNA1H-RA","Ex_CACNA1H_LHX9",0.779010819591016
"_ACGGTTAGTATGGTTC-1","Glut-CACNA1H-RA","Ex_CACNA1H_LHX9",0.864430479675735
"_ACGTAACAGAAATTGC-1","Glut-CACNA1H-1","Ex_CACNA1H_LHX9",0.818002938546128
"_ACGTACAAGGGCCCTT-1","Glut-CACNA1H-RA","Ex_CACNA1H_LHX9",0.839089230032483
"_ACGTAGTTCGTGGCGT-1","Glut-CACNA1H-2","Ex_CACNA1H_LHX9",0.904133967892474
"_ACGTCCTAGCCTGAAG-1","Glut-CACNA1H-RA","Ex_CACNA1H_LHX9",0.847315053255717
"_ACGTCCTTCCATGCAA-1","Glut-CACNA1H-RA","Ex_CACNA1H_LHX9",0.860021409364542
"_ACGTCCTTCGCTACAA-1","Glut-CACNA1H-4","Ex_DACH2_SLIT2",0.768797358549274
"_ACTATCTCAGGATCTT-1","Glut-CACNA1H-RA","Ex_CACNA1H_LHX9",0.821158075407446
"_ACTATCTGTAGAGGAA-1","Glut-CACNA1H-1","Ex_CACNA1H_LHX9",0.835235791554387
"_ACTATCTGTCCTACAA-1","Glut-CACNA1H-RA","Ex_CACNA1H_LHX9",0.831536966297973
"_ACTATCTGTCTCAAGT-1","Glut-CACNA1H-RA","Ex_CACNA1H_LHX9",0.875800748417513
"_ACTATGGAGAAGCGGG-1","Glut-CACNA1H-2","Ex_CACNA1H_LHX9",0.757794294297376
"_ACTATTCCATGGTACT-1","Glut-CACNA1H-RA","Ex_CACNA1H_LHX9",0.889977466895369
"_ACTCTCGAGCGTCTGC-1","Glut-CACNA1H-RA","Ex_CACNA1H_LHX9",0.807524991241514
"_ACTCTCGAGTGTACAA-1","Glut-CACNA1H-RA","Ex_CACNA1H_LHX9",0.878393293084183
"_ACTGCAACAAGATCCT-1","Glut-CACNA1H-1","Ex_CACNA1H_LHX9",0.884237423684489
"_ACTGCAACATATGGCT-1","Glut-CACNA1H-RA","Ex_CACNA1H_LHX9",0.84551406737003
"_ACTGTCCGTAGCGAGT-1","Glut-CACNA1H-RA","Ex_CACNA1H_LHX9",0.865078056413573
"_ACTGTCCGTGTTCCTC-1","Glut-CACNA1H-4","Ex_CACNA1H_LHX9",0.828959211963448
"_ACTGTGAAGCTCACTA-1","Glut-CACNA1H-RA","Ex_CACNA1H_LHX9",0.820821040141266
"_ACTGTGACACTGTTCC-1","Glut-CACNA1H-RA","Ex_CACNA1H_LHX9",0.611700310479603
"_ACTTAGGCATGGAGAC-1","Glut-CACNA1H-2","Ex_CACNA1H_LHX9",0.496018050298267
"_ACTTAGGGTTGTGGCC-1","Glut-CACNA1H-RA","Ex_CACNA1H_LHX9",0.826502794399005
"_ACTTATCAGATGTAGT-1","Glut-CACNA1H-RA","Ex_CACNA1H_LHX9",0.787952673153313
"_ACTTATCGTTTGACAC-1","Glut-CACNA1H-RA","Ex_CACNA1H_LHX9",0.766593273860445
"_ACTTCCGGTCCAGGTC-1","Glut-CACNA1H-RA","Ex_CACNA1H_LHX9",0.8141982429466
"_ACTTCCGTCCACACCT-1","Glut-CACNA1H-1","Ex_DACH2_NR4A3",0.367512818893753
"_ACTTCCGTCTCCGTGT-1","Glut-CACNA1H-2","Ex_CACNA1H_LHX9",0.442089274971451
"_ACTTTGTAGACCGTTT-1","Glut-CACNA1H-RA","Ex_CACNA1H_LHX9",0.831323220610881
"_ACTTTGTGTAAGTCAA-1","Glut-CACNA1H-RA","Ex_CACNA1H_LHX9",0.845989460901267
"_ACTTTGTGTCATAGTC-1","Glut-CACNA1H-RA","Ex_CACNA1H_LHX9",0.815154531053138
"_AGAACAAGTTCAAAGA-1","Glut-CACNA1H-4","Ex_DACH2_SLIT2",0.732331381887527
"_AGAACCTAGGAAAGGT-1","Glut-CACNA1H-RA","Ex_CACNA1H_LHX9",0.781610604432494
"_AGAAGTAAGTTTGTCG-1","Glut-CACNA1H-2","Ex_CACNA1H_LHX9",0.760639892040042
"_AGACAAAGTCGTGCCA-1","Glut-CACNA1H-RA","Ex_CACNA1H_LHX9",0.838860954875759
"_AGACACTTCATGCATG-1","Glut-CACNA1H-1","Ex_CACNA1H_LHX9",0.896769862701675
"_AGACCATAGATTGTGA-1","Glut-CACNA1H-4","Ex_CACNA1H_LHX9",0.497595692994672
"_AGACCATAGGGAGTGG-1","Glut-CACNA1H-2","Ex_CACNA1H_LHX9",0.869313441728087
"_AGACCATCAATCCTTT-1","Glut-CACNA1H-2","Ex_CACNA1H_LHX9",0.837685884376703
"_AGACCCGCAACACACT-1","Glut-CACNA1H-2","Ex_CACNA1H_LHX9",0.850782319969701
"_AGAGAATCATTCGGGC-1","Glut-CACNA1H-RA","Ex_CACNA1H_LHX9",0.735381839974891
"_AGAGAGCGTGTGCCTG-1","Glut-CACNA1H-RA","Ex_CACNA1H_LHX9",0.808374322056718
"_AGAGAGCGTTGGTAGG-1","Glut-CACNA1H-RA","Ex_CACNA1H_LHX9",0.83301289466689
"_AGAGCAGAGGTACTGG-1","Glut-CACNA1H-RA","Ex_CACNA1H_LHX9",0.87206162529064
"_AGAGCAGCACCTATCC-1","Glut-CACNA1H-RA","Ex_CACNA1H_LHX9",0.808957283604431
"_AGAGCCCGTTTCCAAG-1","Glut-CACNA1H-RA","Ex_CACNA1H_LHX9",0.849602959581356
"_AGATCGTAGCAAATGT-1","Glut-CACNA1H-4","Ex_DACH2_SLIT2",0.584884850653033
"_AGATGAATCTTTCCGG-1","Glut-CACNA1H-RA","Ex_CACNA1H_LHX9",0.88360218607691
"_AGATGCTAGATCCGAG-1","Glut-CACNA1H-4","Ex_DACH2_SLIT2",0.605819895571487
"_AGATGCTCAGTCAGTT-1","Glut-CACNA1H-RA","Ex_CACNA1H_LHX9",0.721991914020082
"_AGATGCTCATCTCCCA-1","Glut-CACNA1H-RA","Ex_CACNA1H_LHX9",0.787785859768216
"_AGATGCTGTCGGTAAG-1","Glut-CACNA1H-RA","Ex_CACNA1H_LHX9",0.831520759160429
"_AGCATCAAGGTCCCGT-1","Glut-CACNA1H-RA","Ex_CACNA1H_LHX9",0.836991159507651
"_AGCATCAAGGTTTGAA-1","Glut-CACNA1H-1","Ex_CACNA1H_LHX9",0.823056095188248
"_AGCCAATCAGAACATA-1","Glut-CACNA1H-RA","Ex_CACNA1H_LHX9",0.823113580828828
"_AGCCAATTCCTCATAT-1","Glut-CACNA1H-1","Ex_CACNA1H_LHX9",0.867104949550944
"_AGCCAGCAGAGCCCAA-1","Glut-CACNA1H-RA","Ex_CACNA1H_LHX9",0.820089065949668
"_AGCGATTAGGTAGACC-1","Glut-CACNA1H-RA","Ex_CACNA1H_LHX9",0.850647734582975
"_AGCGCCAAGCCTGAAG-1","Glut-CACNA1H-RA","Ex_CACNA1H_LHX9",0.839914081518739
"_AGCGCCACAGCCGGTT-1","Glut-CACNA1H-2","Ex_CACNA1H_LHX9",0.567674127296487
"_AGCGCTGAGACCAGAC-1","Glut-CACNA1H-RA","Ex_CACNA1H_LHX9",0.793416561361675
"_AGCGCTGCAGTGTGGA-1","Glut-CACNA1H-RA","Ex_CACNA1H_LHX9",0.833378093731356
"_AGCGCTGTCTCCGAGG-1","Glut-CACNA1H-RA","Ex_CACNA1H_LHX9",0.795139456185971
"_AGCGTATGTACCGTCG-1","Glut-CACNA1H-RA","Ex_CACNA1H_LHX9",0.863466893128082
"_AGCGTATTCGCTGCGA-1","Glut-CACNA1H-RA","Ex_CACNA1H_LHX9",0.809346790090622
"_AGCTACATCAAAGCCT-1","Glut-DACH2-2","Ex_DACH2_ADAMTS5",0.717475217529137
"_AGCTCAAAGCCGAACA-1","Glut-CACNA1H-RA","Ex_CACNA1H_LHX9",0.861721126782925
"_AGCTTCCCAGAACTAA-1","Glut-CACNA1H-2","Ex_CACNA1H_LHX9",0.51519055108723
"_AGGAAATCACAACGCC-1","Glut-CACNA1H-RA","Ex_CACNA1H_LHX9",0.798775422970985
"_AGGAATAAGTAACAGT-1","Glut-CACNA1H-RA","Ex_CACNA1H_LHX9",0.872012057682093
"_AGGAATACAGTTAGGG-1","Glut-CACNA1H-RA","Ex_CACNA1H_LHX9",0.739406591770242
"_AGGAATATCGGTCAGC-1","Glut-CACNA1H-1","Ex_CACNA1H_LHX9",0.757302815731411
"_AGGACGAAGCCTCATA-1","Glut-CACNA1H-1","Ex_CACNA1H_LHX9",0.843387806057982
"_AGGACTTGTTATTCCT-1","Glut-CACNA1H-2","Ex_CACNA1H_LHX9",0.698546908468551
"_AGGACTTTCGAGAGCA-1","Glut-CACNA1H-RA","Ex_CACNA1H_LHX9",0.760613498051581
"_AGGATAACAGCACACC-1","Glut-CACNA1H-RA","Ex_CACNA1H_LHX9",0.846477011934938
"_AGGCATTCATTGAAGA-1","Glut-CACNA1H-RA","Ex_CACNA1H_LHX9",0.87902230779507
"_AGGCATTTCGGACTGC-1","Glut-CACNA1H-1","Ex_CACNA1H_LHX9",0.874762956011823
"_AGGCCACAGTCATTGC-1","Glut-CACNA1H-4","Ex_DACH2_SLIT2",0.750222206794884
"_AGGCCACTCGACCCAG-1","Glut-CACNA1H-RA","Ex_CACNA1H_LHX9",0.831455826657611
"_AGGCCACTCTACGCGG-1","Glut-CACNA1H-1","Ex_CACNA1H_LHX9",0.898922956551733
"_AGGCTGCAGGTGCATG-1","Glut-CACNA1H-RA","Ex_CACNA1H_LHX9",0.837133457752843
"_AGGCTGCCATGTGTCA-1","Glut-CACNA1H-1","Ex_CACNA1H_LHX9",0.718508348763673
"_AGGCTGCTCACTTGGA-1","Glut-CACNA1H-RA","Ex_CACNA1H_LHX9",0.819651172350699
"_AGGGCCTTCTGGAAGG-1","Glut-CACNA1H-1","Ex_CACNA1H_LHX9",0.895536969428158
"_AGGGCTCTCTTCGTAT-1","Glut-CACNA1H-RA","Ex_CACNA1H_LHX9",0.771989804929504
"_AGGGTCCTCCATACTT-1","Glut-CACNA1H-RA","Ex_CACNA1H_LHX9",0.842487859604323
"_AGGGTGACACTGTCCT-1","Glut-CACNA1H-RA","Ex_CACNA1H_LHX9",0.85821917248804
"_AGGGTGATCCGTACGG-1","Glut-CACNA1H-2","Ex_CACNA1H_LHX9",0.890117707174356
"_AGGGTTTGTTAATCGC-1","Glut-CACNA1H-RA","Ex_CACNA1H_LHX9",0.847537821349742
"_AGGTCATTCTACGGGC-1","Glut-CACNA1H-1","Ex_CACNA1H_LHX9",0.743412277766965
"_AGGTCTAAGGGTTGCA-1","Glut-CACNA1H-1","Ex_CACNA1H_LHX9",0.742327170554594
"_AGGTCTACAAACCATC-1","Glut-CACNA1H-RA","Ex_CACNA1H_LHX9",0.814388226275126
"_AGGTGTTCAAAGGAGA-1","Glut-CACNA1H-RA","Ex_CACNA1H_LHX9",0.821298663322349
"_AGGTGTTCACTCGATA-1","Glut-CACNA1H-4","Ex_DACH2_SLIT2",0.544166634057432
"_AGGTGTTTCCCATGGG-1","Glut-CACNA1H-4","Ex_DACH2_SLIT2",0.543823184053571
"_AGGTTACAGGACATCG-1","Glut-CACNA1H-RA","Ex_CACNA1H_LHX9",0.871888024722795
"_AGGTTACCACAGAGAC-1","Glut-CACNA1H-RA","Ex_CACNA1H_LHX9",0.82435964760967
"_AGGTTGTCATGAGTAA-1","Glut-CACNA1H-RA","Ex_CACNA1H_LHX9",0.86219976110542
"_AGGTTGTGTGCACGCT-1","Glut-CACNA1H-RA","Ex_CACNA1H_LHX9",0.806142734180832
"_AGTAACCAGTCGCGAA-1","Glut-CACNA1H-RA","Ex_CACNA1H_LHX9",0.81917814014726
"_AGTAACCGTGTGAGCA-1","Glut-CACNA1H-RA","Ex_CACNA1H_LHX9",0.760298855757571
"_AGTACCAAGACAGCTG-1","Glut-CACNA1H-RA","Ex_CACNA1H_LHX9",0.864745672291789
"_AGTACCAAGTAAGAGG-1","Glut-CACNA1H-4","Ex_CACNA1H_LHX9",0.879871592986295
"_AGTACTGAGACTAGAT-1","Glut-CACNA1H-RA","Ex_CACNA1H_LHX9",0.805940799640029
"_AGTACTGAGTTAGAAC-1","Glut-CACNA1H-RA","Ex_CACNA1H_LHX9",0.804093478692814
"_AGTACTGCACTGCGAC-1","Glut-CACNA1H-RA","Ex_CACNA1H_LHX9",0.812525696156039
"_AGTAGCTGTGGAATGC-1","Glut-CACNA1H-2","Ex_CACNA1H_LHX9",0.769022737735757
"_AGTAGCTTCTGCATGA-1","Glut-CACNA1H-RA","Ex_CACNA1H_LHX9",0.862203834776852
"_AGTAGTCCAGAACATA-1","Glut-CACNA1H-1","Ex_CACNA1H_LHX9",0.549454360127892
"_AGTCACAGTCCGTACG-1","Glut-CACNA1H-RA","Ex_CACNA1H_LHX9",0.892474531155746
"_AGTCATGCAGACTCTA-1","Glut-CACNA1H-RA","Ex_CACNA1H_LHX9",0.773369034213717
"_AGTCTCCAGCAAGTGC-1","Glut-CACNA1H-RA","Ex_CACNA1H_LHX9",0.830258005235196
"_AGTCTCCCATGGAGAC-1","Glut-CACNA1H-1","Ex_CACNA1H_LHX9",0.876447226323323
"_AGTGACTAGAGGCTGT-1","Glut-CACNA1H-RA","Ex_CACNA1H_LHX9",0.854351531277289
"_AGTGACTCAGTGGTGA-1","Glut-CACNA1H-RA","Ex_CACNA1H_LHX9",0.764265765537677
"_AGTGCCGCAACCTAAC-1","Glut-CACNA1H-4","Ex_CACNA1H_LHX9",0.898723302608479
"_AGTGCCGCAGTTCACA-1","Glut-CACNA1H-1","Ex_CACNA1H_LHX9",0.816155136832096
"_AGTGTTGAGAATCGTA-1","Glut-CACNA1H-RA","Ex_CACNA1H_LHX9",0.892857234963784
"_AGTGTTGGTATCGTAC-1","Glut-CACNA1H-1","Ex_CACNA1H_LHX9",0.808556670777311
"_AGTTAGCAGTAAGGGA-1","Glut-CACNA1H-RA","Ex_CACNA1H_LHX9",0.893521489454893
"_AGTTAGCCATAAGCGG-1","Glut-CACNA1H-RA","Ex_CACNA1H_LHX9",0.873568973396291
"_AGTTAGCGTAGTCACT-1","Glut-CACNA1H-RA","Ex_CACNA1H_LHX9",0.765211432920837
"_ATACCGAAGGTGATAT-1","Glut-CACNA1H-RA","Ex_CACNA1H_LHX9",0.78031040777782
"_ATAGAGAAGCGATCGA-1","Glut-CACNA1H-RA","Ex_CACNA1H_LHX9",0.854347532591891
"_ATAGGCTAGATTAGCA-1","Glut-CACNA1H-RA","Ex_CACNA1H_LHX9",0.811941527699892
"_ATAGGCTGTTCCGTTC-1","Glut-CACNA1H-RA","Ex_CACNA1H_LHX9",0.791407300913453
"_ATCACAGCAGCTACCG-1","Glut-CACNA1H-1","Ex_CACNA1H_LHX9",0.863731971668873
"_ATCACAGGTAGCGCTC-1","Glut-CACNA1H-RA","Ex_CACNA1H_LHX9",0.841459415966403
"_ATCACGAAGGGTAGCT-1","Glut-CACNA1H-1","Ex_CACNA1H_LHX9",0.767486019131681
"_ATCACGAGTGACGTCC-1","Glut-CACNA1H-RA","Ex_CACNA1H_LHX9",0.797400404709492
"_ATCCACCTCGTCGACG-1","Glut-CACNA1H-RA","Ex_CACNA1H_LHX9",0.792947426795336
"_ATCCCTGCAGCACAAG-1","Glut-CACNA1H-RA","Ex_CACNA1H_LHX9",0.74570732067743
"_ATCCTATAGCTTTCCC-1","Glut-CACNA1H-RA","Ex_CACNA1H_LHX9",0.820816316295603
"_ATCGATGGTAGCTCGC-1","Glut-CACNA1H-RA","Ex_CACNA1H_LHX9",0.803126875578462
"_ATCGATGGTGGCGCTT-1","Glut-CACNA1H-RA","Ex_CACNA1H_LHX9",0.81399341150899
"_ATCGATGTCGGCATAT-1","Glut-CACNA1H-RA","Ex_CACNA1H_LHX9",0.815118634284994
"_ATCGATGTCGGTGTTA-1","Glut-CACNA1H-RA","Ex_CACNA1H_LHX9",0.808587117855989
"_ATCGCCTAGTAGCAAT-1","Glut-CACNA1H-RA","Ex_CACNA1H_LHX9",0.883831885005076
"_ATCGCCTCAACCGACC-1","Glut-CACNA1H-4","Ex_DACH2_SLIT2",0.473363681714116
"_ATCGTCCAGTAGACCG-1","Glut-CACNA1H-RA","Ex_CACNA1H_LHX9",0.747498897182169
"_ATCGTGACAAAGGCTG-1","Glut-CACNA1H-RA","Ex_CACNA1H_LHX9",0.756974492070571
"_ATCGTGACAATGTCTG-1","Glut-CACNA1H-RA","Ex_CACNA1H_LHX9",0.798691657187388
"_ATCTCTAAGGGCTGAT-1","Glut-CACNA1H-RA","Ex_CACNA1H_LHX9",0.85948671449355
"_ATCTCTACAATCTAGC-1","Glut-CACNA1H-RA","Ex_CACNA1H_LHX9",0.826995410209796
"_ATCTCTACAGATCACT-1","Glut-CACNA1H-RA","Ex_CACNA1H_LHX9",0.834657017399328
"_ATGAGGGCAGTCTGGC-1","Glut-CACNA1H-4","Ex_CACNA1H_LHX9",0.851278442700607
"_ATGAGTCGTTCAAGTC-1","Glut-CACNA1H-RA","Ex_CACNA1H_LHX9",0.841393865027803
"_ATGATCGGTTGCATCA-1","Glut-CACNA1H-2","Ex_CACNA1H_LHX9",0.885560867883715
"_ATGCATGGTCATCAGT-1","Glut-CACNA1H-RA","Ex_CACNA1H_LHX9",0.851310438208859
"_ATGCATGTCGAGTGAG-1","Glut-CACNA1H-1","Ex_CACNA1H_LHX9",0.853044631847151
"_ATGGAGGGTATGGGAC-1","Glut-CACNA1H-4","Ex_DACH2_SLIT2",0.697517547244915
"_ATGGATCGTTGATGTC-1","Glut-CACNA1H-RA","Ex_CACNA1H_LHX9",0.875611668348673
"_ATGGGAGTCGTAGCCG-1","Glut-CACNA1H-RA","Ex_CACNA1H_LHX9",0.736337467655477
"_ATGGGTTAGGCAGTCA-1","Glut-CACNA1H-RA","Ex_CACNA1H_LHX9",0.73765211540506
"_ATGGGTTTCCGGACTG-1","Glut-CACNA1H-RA","Ex_CACNA1H_LHX9",0.821232748728565
"_ATGGGTTTCGACCCAG-1","Glut-CACNA1H-RA","Ex_CACNA1H_LHX9",0.821794593247014
"_ATGGTTGTCGTAGCTA-1","Glut-CACNA1H-RA","Ex_CACNA1H_LHX9",0.793341102615975
"_ATGTCCCAGGGATGTC-1","Glut-CACNA1H-RA","Ex_CACNA1H_LHX9",0.851096392753104
"_ATTATCCCATATACCG-1","Glut-CACNA1H-RA","Ex_CACNA1H_LHX9",0.719580526799621
"_ATTCACTAGGTTGTTC-1","Glut-CACNA1H-1","Ex_CACNA1H_LHX9",0.839594331048319
"_ATTCAGGAGCAATTAG-1","Glut-CACNA1H-RA","Ex_CACNA1H_LHX9",0.732647848164773
"_ATTCAGGGTTTACTGG-1","Glut-CACNA1H-1","Ex_CACNA1H_LHX9",0.859378683534794
"_ATTCAGGTCACAACCA-1","Glut-CACNA1H-1","Ex_CACNA1H_LHX9",0.803045178067686
"_ATTCATCGTCGTGGTC-1","Glut-CACNA1H-RA","Ex_CACNA1H_LHX9",0.85465891724855
"_ATTCATCTCACCGGTG-1","Glut-CACNA1H-1","Ex_CACNA1H_LHX9",0.886992000791158
"_ATTCATCTCCTAGCCT-1","Glut-CACNA1H-RA","Ex_CACNA1H_LHX9",0.865925535751556
"_ATTCATCTCTCATTTG-1","Glut-CACNA1H-RA","Ex_CACNA1H_LHX9",0.71105543503873
"_ATTCCATAGCCTGAGA-1","Glut-CACNA1H-RA","Ex_CACNA1H_LHX9",0.729880828222044
"_ATTCCATGTGGAACAC-1","Glut-CACNA1H-RA","Ex_CACNA1H_LHX9",0.856246060473904
"_ATTCCCGCAATTTCCT-1","Glut-CACNA1H-4","Ex_CACNA1H_LHX9",0.51966134230801
"_ATTCGTTTCTAAGGAA-1","Glut-CACNA1H-RA","Ex_CACNA1H_LHX9",0.763635833601935
"_ATTCTACAGACAGCTG-1","Glut-CACNA1H-1","Ex_CACNA1H_LHX9",0.861194647022274
"_ATTCTACAGACCCTTA-1","Glut-CACNA1H-RA","Ex_CACNA1H_LHX9",0.564517208293108
"_ATTCTACCATCGTTCC-1","Glut-CACNA1H-RA","Ex_CACNA1H_LHX9",0.849615877164358
"_ATTTACCCACGTAACT-1","Glut-CACNA1H-RA","Ex_CACNA1H_LHX9",0.763568588645951
"_ATTTCACGTCATGGCC-1","Glut-CACNA1H-1","Ex_CACNA1H_LHX9",0.834930682611938
"_ATTTCACGTTTGGAGG-1","Glut-CACNA1H-RA","Ex_CACNA1H_LHX9",0.873708916989884
"_ATTTCTGTCGTAGGGA-1","Glut-CACNA1H-1","Ex_CACNA1H_LHX9",0.795250522382515
"_CAAAGAAAGAAGCCTG-1","Glut-CACNA1H-2","Ex_CACNA1H_LHX9",0.861249828477995
"_CAACCAAAGGCTAAAT-1","Glut-CACNA1H-RA","Ex_CACNA1H_LHX9",0.864402495450892
"_CAACCAACAGGCGATA-1","Glut-CACNA1H-2","Ex_CACNA1H_LHX9",0.532798937395239
"_CAACCTCCAGTTAGGG-1","Glut-CACNA1H-RA","Ex_CACNA1H_LHX9",0.822036808740739
"_CAACCTCGTCATAGTC-1","Glut-CACNA1H-RA","Ex_CACNA1H_LHX9",0.78692581995576
"_CAACGATGTCAGGAGT-1","Glut-CACNA1H-4","Ex_DACH2_SLIT2",0.652904868529616
"_CAACGGCGTGGGCTTC-1","Glut-CACNA1H-3","Ex_CACNA1H_LHX9",0.775712365212228
"_CAACGGCTCCGTGGCA-1","Glut-CACNA1H-1","Ex_CACNA1H_LHX9",0.859006286601957
"_CAACGGCTCGTCTCAC-1","Glut-CACNA1H-2","Ex_CACNA1H_LHX9",0.521556406314967
"_CAATACGCAATTGCGT-1","Glut-CACNA1H-1","Ex_CACNA1H_LHX9",0.88371301270544
"_CAATACGGTTCCTTGC-1","Glut-CACNA1H-RA","Ex_CACNA1H_LHX9",0.859764575497642
"_CAATCGAAGAGGATGA-1","Glut-CACNA1H-RA","Ex_CACNA1H_LHX9",0.838337444619302
"_CAATCGATCAATCTCT-1","Glut-CACNA1H-RA","Ex_CACNA1H_LHX9",0.782091399455097
"_CAATCGATCCGACGGT-1","Glut-CACNA1H-1","Ex_CACNA1H_LHX9",0.444036285564521
"_CAATTTCCACCTCAGG-1","Glut-CACNA1H-RA","Ex_CACNA1H_LHX9",0.859363314670424
"_CAATTTCTCGGCATAT-1","Glut-CACNA1H-RA","Ex_CACNA1H_LHX9",0.733703261410771
"_CACAACAAGTAAGAGG-1","Glut-CACNA1H-RA","Ex_CACNA1H_LHX9",0.853502248703978
"_CACAACACATGTCTAG-1","Glut-CACNA1H-2","Ex_CACNA1H_LHX9",0.759267662334496
"_CACAACAGTCTGCCTT-1","Glut-CACNA1H-1","Ex_CACNA1H_LHX9",0.868569138967113
"_CACAACATCAGCAATC-1","Glut-CACNA1H-RA","Ex_CACNA1H_LHX9",0.771851658588254
"_CACAACATCGGAGTGA-1","Glut-CACNA1H-RA","Ex_CACNA1H_LHX9",0.802283369693148
"_CACACAAAGTTGGCTT-1","Glut-CACNA1H-2","Ex_CACNA1H_LHX9",0.485644075000539
"_CACACAAGTGAGTAGC-1","Glut-CACNA1H-2","Ex_CACNA1H_LHX9",0.850878244039921
"_CACAGATCATCGAAGG-1","Glut-CACNA1H-1","Ex_DACH2_NR4A3",0.287686964821956
"_CACAGGCAGATTGATG-1","Glut-CACNA1H-2","Ex_CACNA1H_LHX9",0.63908061699319
"_CACAGGCCACAATTCG-1","Glut-CACNA1H-RA","Ex_CACNA1H_LHX9",0.830316108960957
"_CACAGGCTCACAAGAA-1","Glut-CACNA1H-RA","Ex_CACNA1H_LHX9",0.859988095083545
"_CACATGAAGGCGTTAG-1","Glut-CACNA1H-2","Ex_CACNA1H_LHX9",0.654996666342155
"_CACCAAAGTCTACGAT-1","Glut-CACNA1H-1","Ex_CACNA1H_LHX9",0.820135761273074
"_CACCAAATCGAGCCAC-1","Glut-CACNA1H-1","Ex_CACNA1H_LHX9",0.823861689430291
"_CACCGTTAGACCACGA-1","Glut-CACNA1H-RA","Ex_CACNA1H_LHX9",0.815158537790907
"_CACCGTTAGCGTGAAC-1","Glut-CACNA1H-RA","Ex_CACNA1H_LHX9",0.840000633543525
"_CACCGTTAGTCCTGTA-1","Glut-CACNA1H-RA","Ex_CACNA1H_LHX9",0.857839556455145
"_CACCGTTCACATATGC-1","Glut-CACNA1H-2","Ex_CACNA1H_LHX9",0.567535036876683
"_CACCGTTCATCTCCCA-1","Glut-CACNA1H-RA","Ex_CACNA1H_LHX9",0.788308103937705
"_CACGAATTCACCTCGT-1","Glut-CACNA1H-RA","Ex_CACNA1H_LHX9",0.79832312752782
"_CACGGGTAGCTGTACT-1","Glut-CACNA1H-RA","Ex_CACNA1H_LHX9",0.808507122083501
"_CACGTTCCATGGTGGA-1","Glut-CACNA1H-1","Ex_CACNA1H_LHX9",0.906038671500566
"_CACGTTCGTTTAGACC-1","Glut-CACNA1H-1","Ex_CACNA1H_LHX9",0.866361127225314
"_CACTAAGCAAGAGCTG-1","Glut-CACNA1H-RA","Ex_CACNA1H_LHX9",0.813180798084975
"_CACTAAGGTAGAGACC-1","Glut-CACNA1H-RA","Ex_CACNA1H_LHX9",0.859470116201699
"_CACTAAGGTTTCGCTC-1","Glut-CACNA1H-RA","Ex_CACNA1H_LHX9",0.784840197360424
"_CACTAAGTCGCAATGT-1","Glut-CACNA1H-1","Ex_CACNA1H_LHX9",0.813562403177576
"_CACTAAGTCGGATACT-1","Glut-CACNA1H-RA","Ex_CACNA1H_LHX9",0.796787970838577
"_CACTAAGTCTGCAGCG-1","Glut-CACNA1H-1","Ex_CACNA1H_LHX9",0.906847009755075
"_CACTGGGGTGTAGCAG-1","Glut-CACNA1H-RA","Ex_CACNA1H_LHX9",0.823028325962904
"_CACTGTCCAATTGGTC-1","Glut-CACNA1H-2","Ex_CACNA1H_LHX9",0.85772783341973
"_CACTGTCTCACAGTGT-1","Glut-CACNA1H-1","Ex_CACNA1H_LHX9",0.81563237244129
"_CACTTCGAGACCAAGC-1","Glut-CACNA1H-RA","Ex_CACNA1H_LHX9",0.855741572128848
"_CACTTCGGTAACTTCG-1","Glut-CACNA1H-2","Ex_CACNA1H_LHX9",0.891415184977669
"_CAGAGCCCATCGTTCC-1","Glut-CACNA1H-RA","Ex_CACNA1H_LHX9",0.748872484235218
"_CAGAGCCTCAAGGAGC-1","Glut-CACNA1H-RA","Ex_CACNA1H_LHX9",0.819983086893921
"_CAGATCACAAGATCCT-1","Glut-CACNA1H-RA","Ex_CACNA1H_LHX9",0.797854841779116
"_CAGATCAGTACAAACA-1","Glut-CACNA1H-RA","Ex_CACNA1H_LHX9",0.806157193382427
"_CAGATTGGTTTCGACA-1","Glut-CACNA1H-RA","Ex_CACNA1H_LHX9",0.808699217579214
"_CAGCAGCAGCGAATGC-1","Glut-DACH2-HVCra-Int","Ex_DACH2_GRIK4",0.326201952659556
"_CAGCAGCCAGTTCCAA-1","Glut-CACNA1H-RA","Ex_CACNA1H_LHX9",0.868978015686912
"_CAGCCAGTCAAAGACA-1","Glut-CACNA1H-RA","Ex_CACNA1H_LHX9",0.809279832662603
"_CAGGCCAAGGTCCCTG-1","Glut-CACNA1H-RA","Ex_CACNA1H_LHX9",0.830567723945704
"_CAGGGCTAGCTGCGAA-1","Glut-CACNA1H-RA","Ex_CACNA1H_LHX9",0.776029691271106
"_CAGGTATTCCATTCAT-1","Glut-CACNA1H-1","Ex_CACNA1H_LHX9",0.56813516829115
"_CAGTTAGCATGGATCT-1","Glut-CACNA1H-RA","Ex_SATB2_SOX6",0.284235370829847
"_CAGTTCCAGACTAAGT-1","Glut-CACNA1H-RA","Ex_CACNA1H_LHX9",0.824718467528654
"_CATAAGCTCAGCACCG-1","Glut-CACNA1H-4","Ex_DACH2_SLIT2",0.446882664183777
"_CATACAGAGTCATGAA-1","Glut-CACNA1H-RA","Ex_CACNA1H_LHX9",0.870784427398672
"_CATACAGCAATCTCGA-1","Glut-CACNA1H-RA","Ex_CACNA1H_LHX9",0.809560611209141
"_CATACCCCATGTTCGA-1","Glut-CACNA1H-RA","Ex_CACNA1H_LHX9",0.85174668279401
"_CATACCCGTATGAAGT-1","Glut-CACNA1H-2","Ex_DACH2_SLIT2",0.495403705753601
"_CATACCCTCAGTGTGT-1","Glut-CACNA1H-1","Ex_CACNA1H_LHX9",0.902891425795423
"_CATACTTAGGTCATTC-1","Glut-CACNA1H-2","Ex_CACNA1H_LHX9",0.558903483084042
"_CATAGACTCGGAGATG-1","Glut-CACNA1H-1","Ex_CACNA1H_LHX9",0.823926649750787
"_CATCAAGAGATAGTCA-1","Glut-CACNA1H-RA","Ex_CACNA1H_LHX9",0.805525599543024
"_CATCAAGCAATTGAGA-1","Glut-CACNA1H-RA","Ex_CACNA1H_LHX9",0.838634311939889
"_CATCCACTCGAGAGCA-1","Glut-CACNA1H-RA","Ex_CACNA1H_LHX9",0.82711010801103
"_CATCCACTCGTTGTAG-1","Glut-CACNA1H-RA","Ex_CACNA1H_LHX9",0.820157193017098
"_CATCCACTCTCAAAGC-1","Glut-CACNA1H-2","Ex_CACNA1H_LHX9",0.825160213305865
"_CATCCCAAGCTATCCA-1","Glut-CACNA1H-2","Ex_CACNA1H_LHX9",0.670856508803799
"_CATCCCAAGGGTCAAC-1","Glut-CACNA1H-RA","Ex_CACNA1H_LHX9",0.845287750982873
"_CATCCCAGTAGAATGT-1","Glut-CACNA1H-RA","Ex_CACNA1H_LHX9",0.839681803033058
"_CATCCGTAGAACCGCA-1","Glut-CACNA1H-2","Ex_CACNA1H_LHX9",0.57526487520793
"_CATCCGTTCATTGTTC-1","Glut-CACNA1H-4","Ex_DACH2_SLIT2",0.58856981015876
"_CATCGCTCACTGTCCT-1","Glut-CACNA1H-RA","Ex_CACNA1H_LHX9",0.843526964202
"_CATCGTCAGCGCCTAC-1","Glut-CACNA1H-RA","Ex_CACNA1H_LHX9",0.795072434127345
"_CATCGTCTCAGCGCGT-1","Glut-CACNA1H-RA","Ex_CACNA1H_LHX9",0.867847629228062
"_CATCGTCTCATTGTGG-1","Glut-CACNA1H-RA","Ex_CACNA1H_LHX9",0.815752255169236
"_CATGCGGCAACAGATA-1","Glut-CACNA1H-RA","Ex_CACNA1H_LHX9",0.75516314881582
"_CATGCTCTCCGAGATT-1","Glut-CACNA1H-1","Ex_CACNA1H_LHX9",0.713709244039035
"_CATGGTACAGTGCGCT-1","Glut-CACNA1H-2","Ex_CACNA1H_LHX9",0.328423190961537
"_CATTCATGTACCTATG-1","Glut-CACNA1H-4","Ex_DACH2_SLIT2",0.652250668141814
"_CATTCATGTCTCTCTG-1","Glut-CACNA1H-4","Ex_DACH2_SLIT2",0.817248174102329
"_CATTCCGCAGGTCCCA-1","Glut-CACNA1H-1","Ex_CACNA1H_LHX9",0.903420410483208
"_CATTCTAGTCTGCGCA-1","Glut-CACNA1H-RA","Ex_CACNA1H_LHX9",0.881850188149254
"_CATTCTATCTCATTTG-1","Glut-CACNA1H-RA","Ex_CACNA1H_LHX9",0.794505871120884
"_CATTGTTGTACCTTCC-1","Glut-CACNA1H-RA","Ex_CACNA1H_LHX9",0.725228912538819
"_CATTGTTGTGAAGCGT-1","Glut-CACNA1H-RA","Ex_CACNA1H_LHX9",0.851391967122487
"_CATTGTTTCGTGCGAC-1","Glut-CACNA1H-RA","Ex_CACNA1H_LHX9",0.872946980026159
"_CCAATGACAAGAATAC-1","Glut-CACNA1H-RA","Ex_CACNA1H_LHX9",0.770980848592144
"_CCAATGATCAAGGCTT-1","Glut-CACNA1H-RA","Ex_CACNA1H_LHX9",0.796093877942947
"_CCAATTTCAGGCTCTG-1","Glut-CACNA1H-RA","Ex_CACNA1H_LHX9",0.809376799310551
"_CCACAAAGTTTGGCTA-1","Glut-CACNA1H-RA","Ex_CACNA1H_LHX9",0.771905559922337
"_CCACACTTCGCCGATG-1","Glut-CACNA1H-RA","Ex_CACNA1H_LHX9",0.740069339682289
"_CCACCATGTAGTCCTA-1","Glut-CACNA1H-RA","Ex_CACNA1H_LHX9",0.685227962361996
"_CCACCATTCAAGTCTG-1","Glut-CACNA1H-RA","Ex_CACNA1H_LHX9",0.790689934521114
"_CCACGAGCAATACCTG-1","Glut-CACNA1H-RA","Ex_CACNA1H_LHX9",0.815532811132002
"_CCACGAGCACATATGC-1","Glut-CACNA1H-1","Ex_CACNA1H_LHX9",0.804201937746332
"_CCACGAGCACTCAGAT-1","Glut-CACNA1H-RA","Ex_CACNA1H_LHX9",0.732495607219487
"_CCATAAGAGTTCGGTT-1","Glut-CACNA1H-RA","Ex_CACNA1H_LHX9",0.8381876152485
"_CCCATTGTCCCGAGTG-1","Glut-CACNA1H-1","Ex_CACNA1H_LHX9",0.75230340603852
"_CCCGGAAAGCGGTAAC-1","Glut-CACNA1H-RA","Ex_CACNA1H_LHX9",0.862164115905978
"_CCCGGAAGTTCGTGCG-1","Glut-CACNA1H-RA","Ex_CACNA1H_LHX9",0.815325263633577
"_CCCTCAACAAGCCATT-1","Glut-CACNA1H-4","Ex_CACNA1H_LHX9",0.836141376670345
"_CCCTCTCAGAGCAGAA-1","Glut-CACNA1H-2","Ex_CACNA1H_LHX9",0.321815369586037
"_CCCTGATTCATGCCCT-1","Glut-CACNA1H-RA","Ex_CACNA1H_LHX9",0.800212251596235
"_CCCTTAGAGCTGACCC-1","Glut-CACNA1H-RA","Ex_CACNA1H_LHX9",0.836486276760347
"_CCCTTAGTCGGTCATA-1","Glut-CACNA1H-2","Ex_CACNA1H_LHX9",0.533992735248813
"_CCGATCTCACACGTGC-1","Glut-CACNA1H-1","Ex_CACNA1H_LHX9",0.877193400028659
"_CCGATCTGTCAAGGCA-1","Glut-CACNA1H-RA","Ex_CACNA1H_LHX9",0.842896463053886
"_CCGATCTGTTTGGAGG-1","Glut-CACNA1H-RA","Ex_CACNA1H_LHX9",0.780117198386551
"_CCGATCTTCGGACAAG-1","Glut-CACNA1H-1","Ex_CACNA1H_LHX9",0.883409274577896
"_CCGGACAAGGCTTAGG-1","Glut-CACNA1H-2","Ex_CACNA1H_LHX9",0.419976020966945
"_CCGGGTAGTGCCCACA-1","Glut-CACNA1H-RA","Ex_CACNA1H_LHX9",0.85769405407155
"_CCGGTAGAGCAGTCTT-1","Glut-CACNA1H-1","Ex_CACNA1H_LHX9",0.823190681148282
"_CCGGTAGAGTCTCTGA-1","Glut-CACNA1H-1","Ex_CACNA1H_LHX9",0.840425106082836
"_CCGGTGAAGAACGTGC-1","Glut-CACNA1H-1","Ex_CACNA1H_LHX9",0.823574654517075
"_CCGGTGAAGATGATTG-1","Glut-CACNA1H-RA","Ex_CACNA1H_LHX9",0.752848467291632
"_CCGGTGAGTGGAACAC-1","Glut-CACNA1H-RA","Ex_CACNA1H_LHX9",0.876095774421957
"_CCGTAGGCACTGGCGT-1","Glut-CACNA1H-4","Ex_DACH2_SLIT2",0.730403775161972
"_CCGTAGGCAGCTTTCC-1","Glut-CACNA1H-RA","Ex_CACNA1H_LHX9",0.78967692950604
"_CCGTGAGGTTCTCCCA-1","Glut-CACNA1H-1","Ex_CACNA1H_LHX9",0.855907091671554
"_CCGTGAGTCGAATCCA-1","Glut-CACNA1H-1","Ex_CACNA1H_LHX9",0.413359971459108
"_CCTAACCCAGGTAGTG-1","Glut-CACNA1H-RA","Ex_CACNA1H_LHX9",0.765976948407319
"_CCTACGTAGCAGAAAG-1","Glut-DACH2-4","Ex_DACH2_ITGA9",0.349512932942328
"_CCTACGTGTGACCGTC-1","Glut-CACNA1H-1","Ex_CACNA1H_LHX9",0.866292632228136
"_CCTATCGGTGCTGATT-1","Glut-CACNA1H-RA","Ex_CACNA1H_LHX9",0.846989692075099
"_CCTCAACCAGAGGCAT-1","Glut-CACNA1H-RA","Ex_CACNA1H_LHX9",0.842869675327097
"_CCTCACAAGCCTGGAA-1","Glut-CACNA1H-1","Ex_CACNA1H_LHX9",0.835901136568917
"_CCTCACATCGTCGGGT-1","Glut-CACNA1H-RA","Ex_CACNA1H_LHX9",0.830808090347288
"_CCTCAGTAGCAAGGAA-1","Glut-CACNA1H-RA","Ex_CACNA1H_LHX9",0.75514596020144
"_CCTCAGTAGGGAGGTG-1","Glut-CACNA1H-RA","Ex_CACNA1H_LHX9",0.760659362457345
"_CCTCAGTCAAGTGACG-1","Glut-CACNA1H-RA","Ex_CACNA1H_LHX9",0.777684427671078
"_CCTCATGAGCCTCAGC-1","Glut-CACNA1H-2","Ex_CACNA1H_LHX9",0.857117097832151
"_CCTCATGCAGAATTCC-1","Glut-CACNA1H-RA","Ex_CACNA1H_LHX9",0.81642511394964
"_CCTCATGTCGTGTTCC-1","Glut-CACNA1H-RA","Ex_CACNA1H_LHX9",0.823598471438317
"_CCTCATGTCTAGTGTG-1","Glut-CACNA1H-2","Ex_CACNA1H_LHX9",0.545421257851063
"_CCTCTAGCAGGCTTGC-1","Glut-CACNA1H-2","Ex_CACNA1H_LHX9",0.414798043300575
"_CCTCTCCAGCGGATCA-1","Glut-CACNA1H-4","Ex_DACH2_SLIT2",0.823675735560173
"_CCTCTCCCATGGACAG-1","Glut-CACNA1H-RA","Ex_CACNA1H_LHX9",0.809177447270369
"_CCTCTCCGTTGTGTAC-1","Glut-CACNA1H-RA","Ex_CACNA1H_LHX9",0.851323522766933
"_CCTGCATGTCCGAAGA-1","Glut-CACNA1H-1","Ex_CACNA1H_LHX9",0.880045296566763
"_CCTGCATTCCATCAGA-1","Glut-CACNA1H-4","Ex_DACH2_SLIT2",0.735889080082828
"_CCTGCATTCTCGACCT-1","Glut-CACNA1H-RA","Ex_CACNA1H_LHX9",0.846035406468777
"_CCTGTTGCAATCCTTT-1","Glut-CACNA1H-RA","Ex_CACNA1H_LHX9",0.848901981642203
"_CCTTCAGAGCAGATAT-1","Glut-CACNA1H-4","Ex_DACH2_SLIT2",0.68244025435767
"_CCTTCAGGTCATACCA-1","Glut-CACNA1H-RA","Ex_CACNA1H_LHX9",0.761875539219013
"_CGAAGTTCAGCGCGTT-1","Glut-CACNA1H-RA","Ex_CACNA1H_LHX9",0.858362628837677
"_CGAATTGCAAAGTGTA-1","Glut-CACNA1H-2","Ex_CACNA1H_LHX9",0.753241386408607
"_CGAATTGCACGACGAA-1","Glut-CACNA1H-2","Ex_CACNA1H_LHX9",0.633127868231289
"_CGAATTGGTTCTCTCG-1","Glut-CACNA1H-RA","Ex_CACNA1H_LHX9",0.854792045893146
"_CGAATTGTCTCCGAGG-1","Glut-CACNA1H-RA","Ex_CACNA1H_LHX9",0.850469228133279
"_CGACAGCAGCGCCTAC-1","Glut-CACNA1H-1","Ex_CACNA1H_LHX9",0.826425053442895
"_CGACAGCCAGTGGGTA-1","Glut-CACNA1H-RA","Ex_CACNA1H_LHX9",0.835206475864906
"_CGAGAAGAGCTGGTGA-1","Glut-CACNA1H-RA","Ex_CACNA1H_LHX9",0.863137373073546
"_CGAGAAGAGTGCCCGT-1","Glut-CACNA1H-RA","Ex_CACNA1H_LHX9",0.694228162391995
"_CGAGAAGGTTTAGACC-1","Glut-CACNA1H-RA","Ex_CACNA1H_LHX9",0.861690276464725
"_CGAGGAAAGGCATCTT-1","Glut-CACNA1H-2","Ex_CACNA1H_LHX9",0.895745771384394
"_CGAGGCTAGCCATGCC-1","Glut-CACNA1H-RA","Ex_CACNA1H_LHX9",0.850760556451198
"_CGAGGCTCACGGCGTT-1","Glut-CACNA1H-4","Ex_CACNA1H_LHX9",0.857271849409894
"_CGAGGCTCATAATGAG-1","Glut-CACNA1H-RA","Ex_CACNA1H_LHX9",0.912203976441026
"_CGAGGCTTCACCATCC-1","Glut-CACNA1H-RA","Ex_CACNA1H_LHX9",0.81466867014842
"_CGAGTGCAGGCCTGCT-1","Glut-CACNA1H-RA","Ex_CACNA1H_LHX9",0.849890490525564
"_CGAGTTATCCGATAAC-1","Glut-CACNA1H-RA","Ex_CACNA1H_LHX9",0.712343883377254
"_CGATCGGGTCCAGAAG-1","Glut-CACNA1H-2","Ex_CACNA1H_LHX9",0.880425535414386
"_CGATGCGAGTAAGACT-1","Glut-DACH2-1","Ex_DACH2_MGAT4C",0.536022764268447
"_CGATGCGCATCCCACT-1","Glut-CACNA1H-1","Ex_CACNA1H_LHX9",0.838831964174433
"_CGCAGGTAGAGTAACT-1","Glut-CACNA1H-1","Ex_CACNA1H_LHX9",0.516173422573236
"_CGCCAGAAGTAAGGGA-1","Glut-CACNA1H-RA","Ex_CACNA1H_LHX9",0.81018942606989
"_CGCCAGATCCGATAAC-1","Glut-CACNA1H-2","Ex_CACNA1H_LHX9",0.502912795166429
"_CGGAATTCACGCTTAA-1","Glut-CACNA1H-RA","Ex_CACNA1H_LHX9",0.845908241228824
"_CGGAGAACAGCAATTC-1","Glut-CACNA1H-2","Ex_CACNA1H_LHX9",0.767782664234696
"_CGGGACTTCGCATAGT-1","Glut-CACNA1H-2","Ex_CACNA1H_LHX9",0.707884337780132
"_CGGGACTTCGCTGATA-1","Glut-CACNA1H-RA","Ex_CACNA1H_LHX9",0.768195688733377
"_CGGGCATCAACAACAA-1","Glut-CACNA1H-1","Ex_CACNA1H_LHX9",0.762023140682006
"_CGGGTGTAGTAAGGGA-1","Glut-CACNA1H-RA","Ex_CACNA1H_LHX9",0.87090037324241
"_CGGTCAGTCAGCAATC-1","Glut-CACNA1H-RA","Ex_CACNA1H_LHX9",0.826481987210395
"_CGTAAGTCAGTCCCGA-1","Glut-CACNA1H-RA","Ex_CACNA1H_LHX9",0.844728696223401
"_CGTAATGCAATTGTGC-1","Glut-CACNA1H-2","Ex_DACH2_NR4A3",0.36422669564353
"_CGTAGTAGTCCAGTTA-1","Glut-CACNA1H-1","Ex_CACNA1H_LHX9",0.791140086826691
"_CGTAGTATCGACCAAT-1","Glut-CACNA1H-RA","Ex_CACNA1H_LHX9",0.746514009609029
"_CGTGAATAGGACTTCT-1","Glut-CACNA1H-RA","Ex_CACNA1H_LHX9",0.852106550135477
"_CGTGAATTCGTGTGAT-1","Glut-CACNA1H-1","Ex_CACNA1H_LHX9",0.813580499528248
"_CGTGATAAGACATATG-1","Glut-CACNA1H-1","Ex_CACNA1H_LHX9",0.863908432760701
"_CGTGATAAGGGATCGT-1","Glut-CACNA1H-RA","Ex_CACNA1H_LHX9",0.802447839240009
"_CGTGCTTAGCGCAATG-1","Glut-CACNA1H-1","Ex_CACNA1H_LHX9",0.694747747697337
"_CGTGCTTAGTCAGGGT-1","Glut-CACNA1H-RA","Ex_CACNA1H_LHX9",0.805414784495739
"_CGTGCTTGTACTCGTA-1","Glut-CACNA1H-RA","Ex_CACNA1H_LHX9",0.845410908700639
"_CGTGCTTGTGAAAGTT-1","Glut-CACNA1H-RA","Ex_CACNA1H_LHX9",0.790833206384182
"_CGTGCTTGTTCACGAT-1","Glut-CACNA1H-4","Ex_DACH2_SLIT2",0.7041198165685
"_CGTGCTTTCACTCCGT-1","Glut-CACNA1H-RA","Ex_CACNA1H_LHX9",0.805729795830283
"_CGTGCTTTCCATCCGT-1","Glut-CACNA1H-RA","Ex_CACNA1H_LHX9",0.831678399625872
"_CGTTGGGCATCGCTCT-1","Glut-CACNA1H-2","Ex_CACNA1H_LHX9",0.880169575279781
"_CTAACTTAGTTGAAGT-1","Glut-CACNA1H-RA","Ex_CACNA1H_LHX9",0.817083993991228
"_CTAAGTGTCCCTTGTG-1","Glut-CACNA1H-RA","Ex_CACNA1H_LHX9",0.866889320127819
"_CTACCTGAGGTGCAGT-1","Glut-CACNA1H-RA","Ex_CACNA1H_LHX9",0.831674996204522
"_CTACCTGAGGTGCCTC-1","Glut-CACNA1H-RA","Ex_CACNA1H_LHX9",0.83297817326235
"_CTACGGGGTAGGCTCC-1","Glut-CACNA1H-RA","Ex_CACNA1H_LHX9",0.839790948549205
"_CTACGGGTCCATTCAT-1","Glut-CACNA1H-RA","Ex_CACNA1H_LHX9",0.780781321029602
"_CTACTATCAAGCTGCC-1","Glut-CACNA1H-2","Ex_DACH2_SLIT2",0.654129754858874
"_CTACTATTCTTCCACG-1","Glut-CACNA1H-RA","Ex_CACNA1H_LHX9",0.79316977100233
"_CTAGGTACACGGTGTC-1","Glut-CACNA1H-RA","Ex_CACNA1H_LHX9",0.868759737494046
"_CTAGGTATCTGTCAGA-1","Glut-CACNA1H-RA","Ex_CACNA1H_LHX9",0.799688562382568
"_CTATAGGGTCATACCA-1","Glut-CACNA1H-RA","Ex_CACNA1H_LHX9",0.829497049994655
"_CTATCCGCAAGCTGCC-1","Glut-CACNA1H-RA","Ex_CACNA1H_LHX9",0.826393364228225
"_CTCAACCTCCGCTAGG-1","Glut-CACNA1H-RA","Ex_CACNA1H_LHX9",0.807291117909436
"_CTCAAGAGTACTCCGG-1","Glut-CACNA1H-RA","Ex_CACNA1H_LHX9",0.863005191074339
"_CTCAATTCACCGTCTT-1","Glut-CACNA1H-RA","Ex_CACNA1H_LHX9",0.869858213797887
"_CTCAATTCAGTTGGTT-1","Glut-CACNA1H-4","Ex_DACH2_SLIT2",0.706261736417134
"_CTCAATTTCTGCGTCT-1","Glut-CACNA1H-RA","Ex_CACNA1H_LHX9",0.874404038888675
"_CTCAGGGCACTTTATC-1","Glut-CACNA1H-RA","Ex_CACNA1H_LHX9",0.767287526504058
"_CTCAGGGGTTTATGCG-1","Glut-CACNA1H-3","Ex_CACNA1H_LHX9",0.847655416953959
"_CTCAGGGTCCATAGAC-1","Glut-CACNA1H-4","Ex_DACH2_SLIT2",0.662120716536055
"_CTCAGTCGTCTCAGAT-1","Glut-CACNA1H-1","Ex_CACNA1H_LHX9",0.861414654087347
"_CTCAGTCGTGGCACTC-1","Glut-CACNA1H-4","Ex_DACH2_SLIT2",0.707326367626626
"_CTCATCGAGAGATGCC-1","Glut-CACNA1H-1","Ex_CACNA1H_LHX9",0.897652379186152
"_CTCATCGCACGCCAGT-1","Glut-CACNA1H-1","Ex_CACNA1H_LHX9",0.837906022346715
"_CTCATCGGTGGCGTAA-1","Glut-CACNA1H-RA","Ex_CACNA1H_LHX9",0.85995545857695
"_CTCATGCAGGACAGCT-1","Glut-CACNA1H-RA","Ex_CACNA1H_LHX9",0.820418091142736
"_CTCATGCGTTAGAAAC-1","Glut-CACNA1H-RA","Ex_CACNA1H_LHX9",0.763612674510093
"_CTCATGCTCCCGATCT-1","Glut-CACNA1H-RA","Ex_CACNA1H_LHX9",0.677835133095314
"_CTCATTACATGACTCA-1","Glut-CACNA1H-RA","Ex_CACNA1H_LHX9",0.881907877946896
"_CTCCAACGTCTTACAG-1","Glut-CACNA1H-4","Ex_CACNA1H_LHX9",0.544520416992636
"_CTCCACAGTTGCTCGG-1","Glut-CACNA1H-RA","Ex_CACNA1H_LHX9",0.783602202051747
"_CTCCATGCACAAATGA-1","Glut-CACNA1H-2","Ex_CACNA1H_LHX9",0.803646984290019
"_CTCCCAAGTACGTGTT-1","Glut-CACNA1H-RA","Ex_CACNA1H_LHX9",0.863230918990717
"_CTCCCTCTCGTCCTCA-1","Glut-CACNA1H-4","Ex_DACH2_SLIT2",0.611061336641266
"_CTCCTCCAGAACTGAT-1","Glut-CACNA1H-4","Ex_DACH2_SLIT2",0.798454907592696
"_CTCCTTTCAGAAATTG-1","Glut-CACNA1H-RA","Ex_CACNA1H_LHX9",0.815505293690768
"_CTCCTTTGTGAATAAC-1","Glut-CACNA1H-RA","Ex_CACNA1H_LHX9",0.783500736981171
"_CTCGAGGAGGTCGTCC-1","Glut-CACNA1H-RA","Ex_CACNA1H_LHX9",0.871349530457375
"_CTCGAGGCACTGAGTT-1","Glut-CACNA1H-1","Ex_CACNA1H_LHX9",0.812677650887654
"_CTCTGGTCACTGCGAC-1","Glut-CACNA1H-2","Ex_CACNA1H_LHX9",0.875012083975955
"_CTGAGGCCAGTCGTTA-1","Glut-CACNA1H-RA","Ex_CACNA1H_LHX9",0.799505682192184
"_CTGCAGGCAGAGGCAT-1","Glut-CACNA1H-RA","Ex_CACNA1H_LHX9",0.821071500808675
"_CTGCAGGGTACTGCGC-1","Glut-CACNA1H-2","Ex_CACNA1H_LHX9",0.693547113244003
"_CTGCCATAGTCATGCT-1","Glut-CACNA1H-RA","Ex_CACNA1H_LHX9",0.812613730826385
"_CTGCCATCAGCTGTTA-1","Glut-CACNA1H-RA","Ex_CACNA1H_LHX9",0.799549231792162
"_CTGCCATTCTCTGCTG-1","Glut-CACNA1H-RA","Ex_CACNA1H_LHX9",0.795123535604755
"_CTGCCTATCCAGTACA-1","Glut-CACNA1H-RA","Ex_CACNA1H_LHX9",0.810687435657214
"_CTGCTCAGTTCTCACC-1","Glut-CACNA1H-2","Ex_CACNA1H_LHX9",0.650496079313028
"_CTGCTCATCACGAACT-1","Glut-CACNA1H-4","Ex_DACH2_SLIT2",0.736527994420331
"_CTGGACGGTGACTGAG-1","Glut-CACNA1H-1","Ex_CACNA1H_LHX9",0.798294718324435
"_CTGGCAGAGAGTTCGG-1","Glut-CACNA1H-RA","Ex_CACNA1H_LHX9",0.822479215753704
"_CTGGTCTAGAGTCAAT-1","Glut-CACNA1H-RA","Ex_CACNA1H_LHX9",0.827517154016859
"_CTGGTCTTCTGTGCAA-1","Glut-DACH2-3","Ex_DACH2_SLIT2",0.908727550351238
"_CTGTACCCAGGATGAC-1","Glut-CACNA1H-RA","Ex_CACNA1H_LHX9",0.806944176886295
"_CTGTAGACAACATCGT-1","Glut-CACNA1H-RA","Ex_CACNA1H_LHX9",0.864062748517685
"_CTGTAGACAAGTCCAT-1","Glut-CACNA1H-RA","Ex_CACNA1H_LHX9",0.792227097272684
"_CTGTATTAGTCCGTCG-1","Glut-CACNA1H-RA","Ex_CACNA1H_LHX9",0.752868050493613
"_CTGTATTCATAGGAGC-1","Glut-CACNA1H-RA","Ex_CACNA1H_LHX9",0.809462733016528
"_CTGTCGTCAATCTCGA-1","Glut-CACNA1H-1","Ex_CACNA1H_LHX9",0.787355922889915
"_CTGTGAACAGCGCTTG-1","Glut-CACNA1H-RA","Ex_CACNA1H_LHX9",0.841202297400991
"_CTTAGGAAGGTCGCCT-1","Glut-CACNA1H-4","Ex_DACH2_SLIT2",0.700285699853822
"_CTTAGGACAGCGCTTG-1","Glut-CACNA1H-RA","Ex_CACNA1H_LHX9",0.834630591948577
"_CTTAGGACATCGAACT-1","Glut-CACNA1H-RA","Ex_CACNA1H_LHX9",0.839443089950966
"_CTTAGGATCTAACGCA-1","Glut-CACNA1H-1","Ex_CACNA1H_LHX9",0.867222660058744
"_CTTCAATAGGATGAGA-1","Glut-CACNA1H-RA","Ex_CACNA1H_LHX9",0.877141159767842
"_CTTGATTGTGTGTCCG-1","Glut-CACNA1H-1","Ex_CACNA1H_LHX9",0.904340524741852
"_CTTGATTTCACTTGGA-1","Glut-CACNA1H-RA","Ex_CACNA1H_LHX9",0.744694672845322
"_CTTTCAAGTGAGGATC-1","Glut-CACNA1H-4","Ex_DACH2_SLIT2",0.721566675210678
"_CTTTCAAGTTCTCCCA-1","Glut-CACNA1H-1","Ex_CACNA1H_LHX9",0.837219172514421
"_CTTTCAATCTCAACCC-1","Glut-CACNA1H-RA","Ex_CACNA1H_LHX9",0.723070860032095
"_CTTTCAATCTGCTAGA-1","Glut-CACNA1H-RA","Ex_CACNA1H_LHX9",0.841154400104034
"_CTTTCGGAGGCCACCT-1","Glut-CACNA1H-RA","Ex_CACNA1H_LHX9",0.83465617294653
"_GAAACCTGTCTGTGGC-1","Glut-CACNA1H-RA","Ex_CACNA1H_LHX9",0.831562529836134
"_GAAACCTTCTGCTAGA-1","Glut-CACNA1H-RA","Ex_CACNA1H_LHX9",0.80598233288199
"_GAAATGAAGCTGACCC-1","Glut-CACNA1H-RA","Ex_CACNA1H_LHX9",0.878404278068315
"_GAAATGAAGTTACGAA-1","Glut-CACNA1H-RA","Ex_CACNA1H_LHX9",0.772363673287557
"_GAAATGATCCGCTGTT-1","Glut-CACNA1H-3","Ex_CACNA1H_LHX9",0.8371240628832
"_GAACACTGTGCTCTCT-1","Glut-CACNA1H-RA","Ex_CACNA1H_LHX9",0.757914915507861
"_GAAGAATCAAGGATGC-1","Glut-CACNA1H-RA","Ex_CACNA1H_LHX9",0.857035200769684
"_GAAGAATTCAAAGAAC-1","Glut-CACNA1H-RA","Ex_CACNA1H_LHX9",0.840340108972863
"_GAAGCCCGTGCCTTTC-1","Glut-CACNA1H-RA","Ex_CACNA1H_LHX9",0.807836103181131
"_GAAGCCCTCGCCTTGT-1","Glut-CACNA1H-RA","Ex_CACNA1H_LHX9",0.81289656827909
"_GAAGGACCACCTTCGT-1","Glut-CACNA1H-RA","Ex_CACNA1H_LHX9",0.848408561159964
"_GAAGGACGTCGAATGG-1","Glut-CACNA1H-1","Ex_CACNA1H_LHX9",0.831824197451258
"_GAAGGGTAGGTGCTTT-1","Glut-CACNA1H-RA","Ex_CACNA1H_LHX9",0.815681890125854
"_GAAGTAATCGTCCATC-1","Glut-CACNA1H-RA","Ex_CACNA1H_LHX9",0.874654069365487
"_GAATAGAAGATACGAT-1","Glut-CACNA1H-2","Ex_CACNA1H_LHX9",0.689543138954133
"_GAATCACAGGGCTTCC-1","Glut-CACNA1H-2","Ex_CACNA1H_LHX9",0.696016530440944
"_GAATCACTCCATTTCA-1","Glut-CACNA1H-RA","Ex_CACNA1H_LHX9",0.782696774763877
"_GAATCACTCGACTCCT-1","Glut-CACNA1H-RA","Ex_CACNA1H_LHX9",0.86898724060455
"_GACACGCAGATACGAT-1","Glut-CACNA1H-RA","Ex_CACNA1H_LHX9",0.818541572355532
"_GACACGCAGGCACTCC-1","Glut-CACNA1H-RA","Ex_CACNA1H_LHX9",0.826753029448462
"_GACACGCCAACCCGCA-1","Glut-CACNA1H-RA","Ex_CACNA1H_LHX9",0.809734231019025
"_GACAGCCAGCCTTTGA-1","Glut-CACNA1H-RA","Ex_CACNA1H_LHX9",0.812636412739553
"_GACAGCCCAAGTAGTA-1","Glut-CACNA1H-RA","Ex_CACNA1H_LHX9",0.843676481244058
"_GACCAATCAAGGCTTT-1","Glut-CACNA1H-2","Ex_CACNA1H_LHX9",0.842079477918036
"_GACCGTGAGAGCAACC-1","Glut-CACNA1H-RA","Ex_CACNA1H_LHX9",0.81787505465717
"_GACCGTGAGAGTTGCG-1","Glut-CACNA1H-RA","Ex_CACNA1H_LHX9",0.829147452493113
"_GACCGTGAGGCAGGGA-1","Glut-CACNA1H-2","Ex_CACNA1H_LHX9",0.856334763143013
"_GACCGTGGTGCCAAGA-1","Glut-CACNA1H-RA","Ex_CACNA1H_LHX9",0.805978312805559
"_GACGCTGCAAAGTGTA-1","Glut-CACNA1H-RA","Ex_CACNA1H_LHX9",0.839427359040397
"_GACGCTGGTCTGTGAT-1","Glut-CACNA1H-2","Ex_CACNA1H_LHX9",0.762447701545892
"_GACTATGCACTTGTCC-1","Glut-CACNA1H-RA","Ex_CACNA1H_LHX9",0.835740628134942
"_GACTCTCGTCGTATGT-1","Glut-CACNA1H-RA","Ex_CACNA1H_LHX9",0.758740593365968
"_GACTTCCAGGATCACG-1","Glut-CACNA1H-RA","Ex_CACNA1H_LHX9",0.877164057334958
"_GACTTCCCATGGCTAT-1","Glut-CACNA1H-RA","Ex_CACNA1H_LHX9",0.758807712140475
"_GAGACCCGTCCCTGAG-1","Glut-CACNA1H-RA","Ex_CACNA1H_LHX9",0.85216099948827
"_GAGACTTGTTTACGAC-1","Glut-CACNA1H-RA","Ex_CACNA1H_LHX9",0.839173108889996
"_GAGATGGGTATCGGTT-1","Glut-CACNA1H-1","Ex_CACNA1H_LHX9",0.856004024275341
"_GAGATGGGTGGTAATA-1","Glut-CACNA1H-RA","Ex_CACNA1H_LHX9",0.856702542054043
"_GAGCCTGAGCCGATCC-1","Glut-CACNA1H-RA","Ex_CACNA1H_LHX9",0.859720298958036
"_GAGCCTGAGTGCAACG-1","Glut-CACNA1H-RA","Ex_CACNA1H_LHX9",0.86565237571669
"_GAGGCAAGTGCAGGAT-1","Glut-CACNA1H-RA","Ex_CACNA1H_LHX9",0.836603075756434
"_GAGGCAATCGGCTTGG-1","Glut-CACNA1H-1","Ex_CACNA1H_LHX9",0.789516841336386
"_GAGGGTAAGAGACAAG-1","Glut-CACNA1H-1","Ex_CACNA1H_LHX9",0.815443421581202
"_GAGGGTACAGCTCTGG-1","Glut-CACNA1H-4","Ex_DACH2_SLIT2",0.771623677315847
"_GAGTCTACAGCTTTGA-1","Glut-CACNA1H-RA","Ex_CACNA1H_LHX9",0.817576916626829
"_GAGTGAGAGAAATGGG-1","Glut-CACNA1H-RA","Ex_CACNA1H_LHX9",0.872201123052937
"_GAGTGAGAGTCGCCCA-1","Glut-CACNA1H-RA","Ex_CACNA1H_LHX9",0.810562000685794
"_GAGTGAGTCGACGAGA-1","Glut-CACNA1H-RA","Ex_CACNA1H_LHX9",0.828235324385094
"_GAGTGTTGTCCTCCAT-1","Glut-CACNA1H-4","Ex_DACH2_SLIT2",0.723635732788265
"_GAGTTACAGCATCCCG-1","Glut-CACNA1H-RA","Ex_CACNA1H_LHX9",0.856337082550693
"_GAGTTACAGGGACACT-1","Glut-CACNA1H-RA","Ex_CACNA1H_LHX9",0.802222811942612
"_GAGTTACCAGGTGTTT-1","Glut-CACNA1H-RA","Ex_CACNA1H_LHX9",0.793228260557932
"_GAGTTACGTACGTAGG-1","Glut-CACNA1H-1","Ex_DACH2_NR4A3",0.38693747402292
"_GAGTTACGTCGTTGGC-1","Glut-CACNA1H-RA","Ex_CACNA1H_LHX9",0.805731970939184
"_GATAGCTCAAATACGA-1","Glut-CACNA1H-RA","Ex_CACNA1H_LHX9",0.836340607550257
"_GATCATGCATTGAAAG-1","Glut-CACNA1H-3","Ex_CACNA1H_LHX9",0.912874871472587
"_GATCATGTCCGTTTCG-1","Glut-CACNA1H-3","Ex_CACNA1H_LHX9",0.845736245918413
"_GATCCCTCAATCCTTT-1","Glut-CACNA1H-4","Ex_DACH2_SLIT2",0.792038069276347
"_GATCCCTCACCTGCGA-1","Glut-CACNA1H-1","Ex_CACNA1H_LHX9",0.858861609130062
"_GATCGTACAGACAAAT-1","Glut-CACNA1H-RA","Ex_CACNA1H_LHX9",0.887019230755969
"_GATCGTACATGGCTAT-1","Glut-CACNA1H-1","Ex_CACNA1H_LHX9",0.807590920918459
"_GATGACTCACACACGC-1","Glut-CACNA1H-RA","Ex_CACNA1H_LHX9",0.769882479495218
"_GATGACTGTCGCCACA-1","Glut-CACNA1H-RA","Ex_CACNA1H_LHX9",0.763816563133279
"_GATGCTAAGGTGCTAG-1","Glut-CACNA1H-2","Ex_CACNA1H_LHX9",0.762343791768993
"_GATGCTAAGGTTGCCC-1","Glut-CACNA1H-RA","Ex_CACNA1H_LHX9",0.795621856052487
"_GATGCTAGTAGGTACG-1","Glut-CACNA1H-RA","Ex_CACNA1H_LHX9",0.825036089118943
"_GATGCTATCTTGATTC-1","Glut-CACNA1H-4","Ex_DACH2_SLIT2",0.680180915700265
"_GATGGAGCATATTCGG-1","Glut-CACNA1H-1","Ex_CACNA1H_LHX9",0.895025992429042
"_GATGGAGGTGTTCGTA-1","Glut-CACNA1H-RA","Ex_CACNA1H_LHX9",0.870478443525479
"_GATGGAGTCGTAACAC-1","Glut-DACH2-1","Ex_DACH2_MGAT4C",0.452638984076698
"_GATTGGTCAGATTCGT-1","Glut-CACNA1H-RA","Ex_CACNA1H_LHX9",0.840879574867635
"_GATTGGTGTCTCTCTG-1","Glut-CACNA1H-RA","Ex_CACNA1H_LHX9",0.830998126818523
"_GATTGGTTCCAGCCTT-1","Glut-CACNA1H-RA","Ex_CACNA1H_LHX9",0.849247604332931
"_GATTTCTCAGTAGGAC-1","Glut-CACNA1H-3","Ex_CACNA1H_LHX9",0.648135438521151
"_GATTTCTCATCGGTTA-1","Glut-CACNA1H-RA","Ex_CACNA1H_LHX9",0.859181809501187
"_GCAACCGCACCAGTTA-1","Glut-CACNA1H-RA","Ex_CACNA1H_LHX9",0.852377713154216
"_GCAACCGCATTCGGGC-1","Glut-CACNA1H-1","Ex_CACNA1H_LHX9",0.821536323051171
"_GCAACCGGTTGCGGAA-1","Glut-CACNA1H-RA","Ex_CACNA1H_LHX9",0.861899066282873
"_GCACATACAAATAGCA-1","Glut-CACNA1H-RA","Ex_CACNA1H_LHX9",0.880063539198392
"_GCACATACAACCGTGC-1","Glut-CACNA1H-RA","Ex_CACNA1H_LHX9",0.840423525488283
"_GCACGGTAGTGATAAC-1","Glut-CACNA1H-RA","Ex_CACNA1H_LHX9",0.79709113728789
"_GCACGTGCACGGGCTT-1","Glut-CACNA1H-RA","Ex_CACNA1H_LHX9",0.798894452409245
"_GCACGTGCATTGGCAT-1","Glut-CACNA1H-RA","Ex_CACNA1H_LHX9",0.815276167021464
"_GCACGTGGTACTGGGA-1","Glut-CACNA1H-RA","Ex_CACNA1H_LHX9",0.69567845482584
"_GCAGCCATCACTACGA-1","Glut-CACNA1H-RA","Ex_CACNA1H_LHX9",0.855302306471069
"_GCAGCTGGTCAGCGTC-1","Glut-CACNA1H-RA","Ex_CACNA1H_LHX9",0.812429436823677
"_GCAGCTGTCTCAGAAC-1","Glut-CACNA1H-RA","Ex_CACNA1H_LHX9",0.843529312667811
"_GCAGGCTTCCAACCGG-1","Glut-CACNA1H-2","Ex_CACNA1H_LHX9",0.874013749006166
"_GCATCGGTCATTACGG-1","Glut-CACNA1H-1","Ex_CACNA1H_LHX9",0.734033423498859
"_GCATCTCGTCTCGGGT-1","Glut-DACH2-HVCra-Int","Ex_DACH2_LHX2",0.634350698124817
"_GCATGATCATCCGTGG-1","Glut-CACNA1H-RA","Ex_CACNA1H_LHX9",0.771462116493823
"_GCATGATGTAGATTAG-1","Glut-CACNA1H-1","Ex_CACNA1H_LHX9",0.875002502486924
"_GCATTAGGTCATGCAT-1","Glut-CACNA1H-RA","Ex_CACNA1H_LHX9",0.806837823533589
"_GCCAGCAGTGGAATGC-1","Glut-CACNA1H-RA","Ex_CACNA1H_LHX9",0.732941774649286
"_GCCAGGTGTAACATAG-1","Glut-CACNA1H-RA","Ex_CACNA1H_LHX9",0.868270945108059
"_GCCATGGAGGTTACAA-1","Glut-CACNA1H-1","Ex_CACNA1H_LHX9",0.882332591364578
"_GCCATGGCACTTCATT-1","Glut-CACNA1H-RA","Ex_CACNA1H_LHX9",0.844881100736154
"_GCCATGGTCCTCTGCA-1","Glut-CACNA1H-4","Ex_DACH2_SLIT2",0.720685567239298
"_GCCATTCTCAGCTAGT-1","Glut-CACNA1H-2","Ex_CACNA1H_LHX9",0.522550205857818
"_GCCCAGACAAGCACCC-1","Glut-CACNA1H-4","Ex_DACH2_SLIT2",0.564323963268664
"_GCCGATGAGTGAGGTC-1","Glut-CACNA1H-RA","Ex_CACNA1H_LHX9",0.875829029451162
"_GCCGATGGTGTCCGTG-1","Glut-CACNA1H-2","Ex_CACNA1H_LHX9",0.863651545219063
"_GCCGATGTCCTTACCG-1","Glut-CACNA1H-RA","Ex_CACNA1H_LHX9",0.831319366108734
"_GCCTGTTCACGACGTC-1","Glut-CACNA1H-RA","Ex_CACNA1H_LHX9",0.835863079738562
"_GCGATCGCAATCGAAA-1","Glut-CACNA1H-2","Ex_CACNA1H_LHX9",0.811998691541149
"_GCGATCGCACCATAAC-1","Glut-CACNA1H-RA","Ex_CACNA1H_LHX9",0.848423968911287
"_GCGGAAAAGCAAGTGC-1","Glut-CACNA1H-RA","Ex_CACNA1H_LHX9",0.803945826467399
"_GCGGAAAGTACGTAGG-1","Glut-CACNA1H-RA","Ex_CACNA1H_LHX9",0.821119331823296
"_GCGGATCAGTGTACAA-1","Glut-CACNA1H-RA","Ex_CACNA1H_LHX9",0.885449732555902
"_GCGGATCCAGGTCAAG-1","Glut-CACNA1H-RA","Ex_CACNA1H_LHX9",0.746434662300997
"_GCGTGCAGTACAATAG-1","Glut-CACNA1H-1","Ex_CACNA1H_LHX9",0.842068006510755
"_GCGTTTCAGCTGTTCA-1","Glut-CACNA1H-1","Ex_CACNA1H_LHX9",0.733363519945064
"_GCGTTTCGTTGCTCGG-1","Glut-CACNA1H-1","Ex_CACNA1H_LHX9",0.878344806860056
"_GCGTTTCTCGATACGT-1","Glut-CACNA1H-RA","Ex_CACNA1H_LHX9",0.741949719488984
"_GCTACAAAGACTGGGT-1","Glut-CACNA1H-RA","Ex_CACNA1H_LHX9",0.770558684077835
"_GCTACAAAGCTCGAAG-1","Glut-CACNA1H-1","Ex_CACNA1H_LHX9",0.901592073613294
"_GCTACAACACTTCTCG-1","Glut-CACNA1H-RA","Ex_CACNA1H_LHX9",0.815256899893126
"_GCTACAAGTATGAAAC-1","Glut-CACNA1H-RA","Ex_CACNA1H_LHX9",0.832063986506838
"_GCTACAATCCCGAGAC-1","Glut-CACNA1H-RA","Ex_CACNA1H_LHX9",0.797688678091714
"_GCTACCTAGGCTCACC-1","Glut-CACNA1H-RA","Ex_CACNA1H_LHX9",0.828941830056836
"_GCTACCTCAGTGCCTG-1","Glut-CACNA1H-RA","Ex_CACNA1H_LHX9",0.828813278312055
"_GCTACCTTCAAGTGGG-1","Glut-CACNA1H-RA","Ex_CACNA1H_LHX9",0.751639417466007
"_GCTACCTTCTCTGGTC-1","Glut-CACNA1H-RA","Ex_CACNA1H_LHX9",0.829624141845724
"_GCTGCAGCACAATGCT-1","Glut-CACNA1H-1","Ex_CACNA1H_LHX9",0.860997556934578
"_GCTGGGTAGATAGTGT-1","Glut-CACNA1H-2","Ex_DACH2_SLIT2",0.492514432257436
"_GCTGGGTCAACCAACT-1","Glut-CACNA1H-1","Ex_CACNA1H_LHX9",0.880432354105869
"_GCTGGGTCACCAGACC-1","Glut-CACNA1H-RA","Ex_CACNA1H_LHX9",0.845410994467182
"_GCTTGGGAGAGTGTGC-1","Glut-CACNA1H-RA","Ex_CACNA1H_LHX9",0.856192744117017
"_GCTTGGGTCCGGACTG-1","Glut-CACNA1H-RA","Ex_CACNA1H_LHX9",0.806841203904434
"_GCTTTCGAGCAAGTGC-1","Glut-CACNA1H-1","Ex_CACNA1H_LHX9",0.826511681236581
"_GCTTTCGTCCATAGGT-1","Glut-CACNA1H-RA","Ex_CACNA1H_LHX9",0.745881187303952
"_GGAAGTGAGGATTTCC-1","Glut-CACNA1H-RA","Ex_CACNA1H_LHX9",0.736082995536979
"_GGAAGTGCAACAAAGT-1","Glut-CACNA1H-RA","Ex_CACNA1H_LHX9",0.86390410233298
"_GGAAGTGTCACTCTTA-1","Glut-CACNA1H-RA","Ex_CACNA1H_LHX9",0.840453709973884
"_GGAAGTGTCCGCAGTG-1","Glut-CACNA1H-RA","Ex_CACNA1H_LHX9",0.815845691327913
"_GGAATCTAGAGGTTAT-1","Glut-CACNA1H-RA","Ex_CACNA1H_LHX9",0.848122537340816
"_GGAATCTTCCATCCGT-1","Glut-CACNA1H-RA","Ex_CACNA1H_LHX9",0.770948237774324
"_GGAATGGGTTCCACAA-1","Glut-CACNA1H-3","Ex_CACNA1H_LHX9",0.151222711602016
"_GGAATGGTCGTGGTAT-1","Glut-CACNA1H-RA","Ex_CACNA1H_LHX9",0.867521310119643
"_GGACGTCGTTGCCGAC-1","Glut-CACNA1H-RA","Ex_CACNA1H_LHX9",0.872094356053919
"_GGAGATGAGTAAACAC-1","Glut-CACNA1H-RA","Ex_CACNA1H_LHX9",0.781273746737957
"_GGAGATGGTCGCGTCA-1","Glut-CACNA1H-RA","Ex_CACNA1H_LHX9",0.790165967618864
"_GGAGATGGTGGCTCTG-1","Glut-CACNA1H-RA","Ex_CACNA1H_LHX9",0.868927397352315
"_GGAGATGTCATTCGGA-1","Glut-CACNA1H-RA","Ex_CACNA1H_LHX9",0.810548820578409
"_GGAGCAAAGCGTCGAA-1","Glut-CACNA1H-1","Ex_CACNA1H_LHX9",0.906067134566967
"_GGAGGATAGAAACTCA-1","Glut-CACNA1H-RA","Ex_CACNA1H_LHX9",0.803862583705541
"_GGAGGATCATGGAGAC-1","Glut-CACNA1H-RA","Ex_CACNA1H_LHX9",0.815614969448968
"_GGAGGTATCGTGAGAG-1","Glut-CACNA1H-RA","Ex_CACNA1H_LHX9",0.828174500065189
"_GGATCTATCTGGAAGG-1","Glut-CACNA1H-RA","Ex_CACNA1H_LHX9",0.868767654662081
"_GGATGTTAGGCAGTCA-1","Glut-CACNA1H-RA","Ex_CACNA1H_LHX9",0.811752924699366
"_GGCACGTGTCTAACTG-1","Glut-CACNA1H-RA","Ex_CACNA1H_LHX9",0.783623315093267
"_GGCAGTCAGCAAGTGC-1","Glut-CACNA1H-RA","Ex_CACNA1H_LHX9",0.831355326532471
"_GGCAGTCAGTACCCTA-1","Glut-CACNA1H-RA","Ex_CACNA1H_LHX9",0.83124832678409
"_GGCGTCAAGAAACTCA-1","Glut-CACNA1H-RA","Ex_CACNA1H_LHX9",0.799856933303589
"_GGCGTCAAGCATCCTA-1","Glut-CACNA1H-2","Ex_CACNA1H_LHX9",0.853155831533576
"_GGCGTCAAGCGGGTAT-1","Glut-CACNA1H-RA","Ex_CACNA1H_LHX9",0.835907604555166
"_GGCTGTGCAGTGGGTA-1","Glut-CACNA1H-2","Ex_CACNA1H_LHX9",0.828498200076557
"_GGCTGTGCATAGATCC-1","Glut-CACNA1H-RA","Ex_CACNA1H_LHX9",0.815464687914528
"_GGCTGTGGTTGAATCC-1","Glut-CACNA1H-RA","Ex_CACNA1H_LHX9",0.816660820597054
"_GGCTGTGTCACCGACG-1","Glut-CACNA1H-RA","Ex_CACNA1H_LHX9",0.815034926113382
"_GGCTGTGTCGCTCCTA-1","Glut-CACNA1H-RA","Ex_CACNA1H_LHX9",0.806679154230421
"_GGCTTGGAGACACACG-1","Glut-CACNA1H-RA","Ex_CACNA1H_LHX9",0.858423533881786
"_GGCTTGGCAGGTGTTT-1","Glut-CACNA1H-2","Ex_CACNA1H_LHX9",0.873805882753669
"_GGCTTTCGTCGGCACT-1","Glut-CACNA1H-2","Ex_CACNA1H_LHX9",0.761848405616562
"_GGGACAATCTAGGCCG-1","Glut-CACNA1H-2","Ex_CACNA1H_LHX9",0.866719278661895
"_GGGACCTCAAGGTCTT-1","Glut-CACNA1H-RA","Ex_CACNA1H_LHX9",0.854964766267385
"_GGGACCTCATTATGCG-1","Glut-CACNA1H-RA","Ex_CACNA1H_LHX9",0.84968847738439
"_GGGACTCGTGTCATGT-1","Glut-CACNA1H-RA","Ex_CACNA1H_LHX9",0.874261308659208
"_GGGACTCTCACGGAGA-1","Glut-CACNA1H-RA","Ex_CACNA1H_LHX9",0.852476682672434
"_GGGAGATAGTTTGGCT-1","Glut-CACNA1H-3","Ex_CACNA1H_LHX9",0.853097301206003
"_GGGAGATGTACCTAAC-1","Glut-CACNA1H-RA","Ex_CACNA1H_LHX9",0.618291480782086
"_GGGAGATGTATGGAGC-1","Glut-CACNA1H-3","Ex_CACNA1H_LHX9",0.84852443696916
"_GGGAGTACATTGTAGC-1","Glut-CACNA1H-RA","Ex_CACNA1H_LHX9",0.824853199246222
"_GGGATCCTCCACGGAC-1","Glut-CACNA1H-1","Ex_CACNA1H_LHX9",0.530198095373369
"_GGGCCATCAATAGAGT-1","Glut-CACNA1H-RA","Ex_CACNA1H_LHX9",0.799522457445983
"_GGGCCATGTACCGGAA-1","Glut-CACNA1H-4","Ex_DACH2_SLIT2",0.678725165289554
"_GGGCGTTGTGCTGTCG-1","Glut-CACNA1H-RA","Ex_CACNA1H_LHX9",0.845244895246715
"_GGGCTACAGTCATACC-1","Glut-CACNA1H-4","Ex_DACH2_SLIT2",0.613263801212139
"_GGGCTACGTTCCGGTG-1","Glut-CACNA1H-RA","Ex_CACNA1H_LHX9",0.819632063626515
"_GGGCTACTCCGACAGC-1","Glut-CACNA1H-1","Ex_CACNA1H_LHX9",0.884323794214118
"_GGGCTCAAGTACAACA-1","Glut-CACNA1H-1","Ex_CACNA1H_LHX9",0.330848087645589
"_GGGCTCACAATCAAGA-1","Glut-CACNA1H-4","Ex_DACH2_SLIT2",0.518706206782945
"_GGGTAGACACCTAAAC-1","Glut-CACNA1H-RA","Ex_CACNA1H_LHX9",0.814541039340231
"_GGGTAGACATCGATGT-1","Glut-CACNA1H-RA","Ex_CACNA1H_LHX9",0.795466790258119
"_GGGTCACGTCAATCTG-1","Glut-CACNA1H-1","Ex_CACNA1H_LHX9",0.883584655447342
"_GGGTCACTCTTCCACG-1","Glut-CACNA1H-RA","Ex_CACNA1H_LHX9",0.799583104176793
"_GGGTCTGGTGGCACTC-1","Glut-CACNA1H-RA","Ex_CACNA1H_LHX9",0.853972976385513
"_GGGTGTCAGCACACAG-1","Glut-CACNA1H-2","Ex_CACNA1H_LHX9",0.658669481100752
"_GGGTGTCTCTCAAAGC-1","Glut-CACNA1H-RA","Ex_CACNA1H_LHX9",0.833474381219882
"_GGGTTATGTCACTAGT-1","Glut-CACNA1H-RA","Ex_CACNA1H_LHX9",0.792635801616483
"_GGGTTTATCGTTCAGA-1","Glut-CACNA1H-1","Ex_CACNA1H_LHX9",0.634302814037763
"_GGTAGAGCAGCTTTCC-1","Glut-CACNA1H-1","Ex_CACNA1H_LHX9",0.857897838378599
"_GGTAGAGGTTGAATCC-1","Glut-CACNA1H-1","Ex_CACNA1H_LHX9",0.833699016751086
"_GGTAGAGTCATGCAGT-1","Glut-CACNA1H-RA","Ex_CACNA1H_LHX9",0.848468717726589
"_GGTCTGGAGCCGATAG-1","Glut-CACNA1H-2","Ex_CACNA1H_LHX9",0.859252534740237
"_GGTCTGGAGCGTGCCT-1","Glut-CACNA1H-4","Ex_CACNA1H_LHX9",0.673786469317094
"_GGTCTGGTCCTCACTG-1","Glut-CACNA1H-RA","Ex_CACNA1H_LHX9",0.806859945041846
"_GGTGAAGAGGCACTAG-1","Glut-CACNA1H-RA","Ex_CACNA1H_LHX9",0.862248641062154
"_GGTGAAGCAGGAATCG-1","Glut-CACNA1H-4","Ex_DACH2_SLIT2",0.698707351096966
"_GGTGAAGGTGCATTAC-1","Glut-CACNA1H-RA","Ex_CACNA1H_LHX9",0.77423541900537
"_GGTGAAGGTGGTGATG-1","Glut-CACNA1H-RA","Ex_CACNA1H_LHX9",0.768567055981097
"_GGTGATTCATGGAATA-1","Glut-CACNA1H-1","Ex_CACNA1H_LHX9",0.827667401600056
"_GGTGGCTAGCCTTTCC-1","Glut-CACNA1H-RA","Ex_CACNA1H_LHX9",0.806345217222362
"_GGTGTCGCACGATTCA-1","Glut-CACNA1H-RA","Ex_CACNA1H_LHX9",0.768509963839179
"_GGTGTTAAGGGCCCTT-1","Glut-CACNA1H-RA","Ex_CACNA1H_LHX9",0.863613304867913
"_GGTGTTACATGCTGCG-1","Glut-CACNA1H-RA","Ex_CACNA1H_LHX9",0.797121781744342
"_GGTGTTAGTCTCGGGT-1","Glut-CACNA1H-RA","Ex_CACNA1H_LHX9",0.75511360094856
"_GGTTAACAGAATCGCG-1","Glut-CACNA1H-RA","Ex_CACNA1H_LHX9",0.845816893639889
"_GGTTAACAGTGGTTCT-1","Glut-CACNA1H-1","Ex_CACNA1H_LHX9",0.835664790398057
"_GGTTAACGTATCTCTT-1","Glut-CACNA1H-RA","Ex_CACNA1H_LHX9",0.812504707171944
"_GGTTAACTCACTTCTA-1","Glut-CACNA1H-RA","Ex_CACNA1H_LHX9",0.733300015775167
"_GGTTCTCGTGAGACCA-1","Glut-CACNA1H-RA","Ex_CACNA1H_LHX9",0.79553623506502
"_GTAACACGTCCGCAGT-1","Glut-CACNA1H-RA","Ex_CACNA1H_LHX9",0.852611824154617
"_GTAACACTCATTTCGT-1","Glut-CACNA1H-RA","Ex_CACNA1H_LHX9",0.833054789075576
"_GTAACCAAGACTCTTG-1","Glut-CACNA1H-RA","Ex_CACNA1H_LHX9",0.775311011279511
"_GTAACCAAGTCAGCCC-1","Glut-CACNA1H-RA","Ex_CACNA1H_LHX9",0.674273671040723
"_GTAACCATCATTTGCT-1","Glut-CACNA1H-RA","Ex_CACNA1H_LHX9",0.797934779392122
"_GTAAGTCCAAATGAAC-1","Glut-CACNA1H-RA","Ex_CACNA1H_LHX9",0.779781508986407
"_GTAAGTCTCGAATGCT-1","Glut-CACNA1H-RA","Ex_CACNA1H_LHX9",0.794709233027949
"_GTAATCGTCTACACAG-1","Glut-CACNA1H-1","Ex_CACNA1H_LHX9",0.871900522572817
"_GTAATGCTCGATACAC-1","Glut-CACNA1H-1","Ex_CACNA1H_LHX9",0.800041556450144
"_GTAATGCTCGGCTATA-1","Glut-CACNA1H-RA","Ex_CACNA1H_LHX9",0.803361909333103
"_GTACAACCATCCAACA-1","Glut-CACNA1H-RA","Ex_CACNA1H_LHX9",0.659264641546701
"_GTACAACTCGGCTTCT-1","Glut-CACNA1H-2","Ex_CACNA1H_LHX9",0.768413190251566
"_GTACAGTGTATGGGAC-1","Glut-CACNA1H-RA","Ex_CACNA1H_LHX9",0.848862676754034
"_GTACAGTGTTTGACAC-1","Glut-CACNA1H-RA","Ex_CACNA1H_LHX9",0.80397721586357
"_GTAGAAAGTTTGTGGT-1","Glut-CACNA1H-1","Ex_CACNA1H_LHX9",0.860127436606176
"_GTAGAAATCGAGAAAT-1","Glut-CACNA1H-RA","Ex_CACNA1H_LHX9",0.797873749522208
"_GTAGAGGAGTATGCAA-1","Glut-CACNA1H-3","Ex_CACNA1H_LHX9",0.640404948223653
"_GTAGAGGAGTTCATGC-1","Glut-CACNA1H-3","Ex_CACNA1H_LHX9",0.71112379483335
"_GTAGAGGTCTAAGCGT-1","Glut-CACNA1H-RA","Ex_CACNA1H_LHX9",0.846010256444939
"_GTAGATCGTTCAACGT-1","Glut-CACNA1H-RA","Ex_CACNA1H_LHX9",0.762828501551138
"_GTAGCTAAGACTTGTC-1","Glut-CACNA1H-RA","Ex_CACNA1H_LHX9",0.885505927093605
"_GTAGGAGCATCATTTC-1","Glut-CACNA1H-3","Ex_CACNA1H_LHX9",0.830339864782359
"_GTAGGTTCACTCATAG-1","Glut-CACNA1H-1","Ex_CACNA1H_LHX9",0.82417938298869
"_GTAGGTTCATCCGATA-1","Glut-CACNA1H-RA","Ex_CACNA1H_LHX9",0.790700627715539
"_GTAGGTTTCTCTAAGG-1","Glut-CACNA1H-4","Ex_DACH2_SLIT2",0.736305054692458
"_GTAGTACTCCCAGTGG-1","Glut-CACNA1H-1","Ex_CACNA1H_LHX9",0.820119699547251
"_GTATTGGTCTTGGAAC-1","Glut-CACNA1H-RA","Ex_CACNA1H_LHX9",0.840662897016395
"_GTATTTCAGTGAGTGC-1","Glut-CACNA1H-RA","Ex_CACNA1H_LHX9",0.83967186006145
"_GTATTTCGTAAGCAAT-1","Glut-CACNA1H-4","Ex_DACH2_SLIT2",0.59031729135298
"_GTCAAACTCAGCTTGA-1","Glut-CACNA1H-RA","Ex_CACNA1H_LHX9",0.848089474736504
"_GTCAAGTAGGCCATAG-1","Glut-CACNA1H-2","Ex_CACNA1H_LHX9",0.819047298712839
"_GTCAAGTCAGAGCGTA-1","Glut-CACNA1H-RA","Ex_CACNA1H_LHX9",0.866150922522545
"_GTCAAGTTCACTTGTT-1","Glut-CACNA1H-RA","Ex_CACNA1H_LHX9",0.851510582607422
"_GTCAAGTTCTTCCCGA-1","Glut-CACNA1H-RA","Ex_CACNA1H_LHX9",0.801017186422439
"_GTCACGGTCTGCGAGC-1","Glut-CACNA1H-RA","Ex_CACNA1H_LHX9",0.869549551177556
"_GTCACTCAGCTGACAG-1","Glut-CACNA1H-1","Ex_CACNA1H_LHX9",0.899907800174039
"_GTCACTCAGTCCGTCG-1","Glut-CACNA1H-1","Ex_CACNA1H_LHX9",0.751749179461554
"_GTCACTCCATTGTCGA-1","Glut-CACNA1H-RA","Ex_CACNA1H_LHX9",0.848279196608826
"_GTCAGCGGTAGACTGG-1","Glut-CACNA1H-RA","Ex_CACNA1H_LHX9",0.779216259682971
"_GTCATCCTCAGCATTG-1","Glut-CACNA1H-1","Ex_CACNA1H_LHX9",0.806582258985338
"_GTCATGAAGGTAAGTT-1","Glut-CACNA1H-RA","Ex_CACNA1H_LHX9",0.771905668352385
"_GTCATTTCAGACGGAT-1","Glut-CACNA1H-RA","Ex_CACNA1H_LHX9",0.849857565031406
"_GTCATTTTCGGTAGAG-1","Glut-CACNA1H-1","Ex_CACNA1H_LHX9",0.847634987229108
"_GTCCCATGTAGCCAGA-1","Glut-CACNA1H-1","Ex_CACNA1H_LHX9",0.800776785643224
"_GTCGAATCATGTCGTA-1","Glut-CACNA1H-4","Ex_DACH2_SLIT2",0.542794357932729
"_GTCGTAAAGATGCGAC-1","Glut-CACNA1H-4","Ex_DACH2_SLIT2",0.603224859208606
"_GTCTAGATCCTACCAC-1","Glut-CACNA1H-2","Ex_CACNA1H_LHX9",0.538907042951723
"_GTCTCACAGCCGATCC-1","Glut-CACNA1H-RA","Ex_CACNA1H_LHX9",0.852627909454147
"_GTCTGTCTCTGACAGT-1","Glut-CACNA1H-RA","Ex_CACNA1H_LHX9",0.871355689180162
"_GTCTTTATCCGTGTAA-1","Glut-CACNA1H-RA","Ex_CACNA1H_LHX9",0.783519852590392
"_GTGACGCAGTCTGCAT-1","Glut-CACNA1H-1","Ex_CACNA1H_LHX9",0.849388013151241
"_GTGAGCCAGCCGATTT-1","Glut-CACNA1H-RA","Ex_CACNA1H_LHX9",0.843676227805283
"_GTGAGCCTCGCATAGT-1","Glut-CACNA1H-RA","Ex_CACNA1H_LHX9",0.830594669056935
"_GTGAGGACAGATACTC-1","Glut-CACNA1H-RA","Ex_CACNA1H_LHX9",0.843018927906809
"_GTGAGGAGTTGGCCGT-1","Glut-CACNA1H-RA","Ex_CACNA1H_LHX9",0.813248367191829
"_GTGAGTTTCGCTTACC-1","Glut-CACNA1H-RA","Ex_CACNA1H_LHX9",0.855834140079451
"_GTGATGTAGCGGATCA-1","Glut-CACNA1H-RA","Ex_CACNA1H_LHX9",0.779043239452429
"_GTGCACGAGTGGTTGG-1","Glut-CACNA1H-RA","Ex_CACNA1H_LHX9",0.809040901797719
"_GTGCAGCAGAAATCCA-1","Glut-CACNA1H-1","Ex_CACNA1H_LHX9",0.78829245215178
"_GTGCAGCAGTACAGCG-1","Glut-CACNA1H-RA","Ex_CACNA1H_LHX9",0.863909599257468
"_GTGCAGCCAGGCGTTC-1","Glut-CACNA1H-RA","Ex_CACNA1H_LHX9",0.748146931325105
"_GTGCAGCTCGCCAGAC-1","Glut-CACNA1H-1","Ex_CACNA1H_LHX9",0.864160932404747
"_GTGCAGCTCTGCCTCA-1","Glut-CACNA1H-RA","Ex_CACNA1H_LHX9",0.837054217919545
"_GTGCAGCTCTGCCTGT-1","Glut-CACNA1H-RA","Ex_CACNA1H_LHX9",0.837713693121065
"_GTGCGTGGTCCACGCA-1","Glut-CACNA1H-RA","Ex_CACNA1H_LHX9",0.87011108961843
"_GTGCGTGGTGGGACAT-1","Glut-CACNA1H-1","Ex_CACNA1H_LHX9",0.821208911697638
"_GTGCTGGCAGTCAGTT-1","Glut-CACNA1H-RA","Ex_CACNA1H_LHX9",0.861730728596512
"_GTGCTGGGTGACCTGC-1","Glut-CACNA1H-1","Ex_DACH2_NR4A3",0.372163214061444
"_GTGGAGACAAACAGGC-1","Glut-CACNA1H-2","Ex_CACNA1H_LHX9",0.897293394336466
"_GTGGAGACAAGTTTGC-1","Glut-CACNA1H-RA","Ex_CACNA1H_LHX9",0.795964708713237
"_GTGGAGACATAAGATG-1","Glut-CACNA1H-RA","Ex_CACNA1H_LHX9",0.767028759612885
"_GTGGAGAGTTCAGGTT-1","Glut-CACNA1H-RA","Ex_CACNA1H_LHX9",0.77808659673497
"_GTGGAGATCCTATTGT-1","Glut-CACNA1H-RA","Ex_CACNA1H_LHX9",0.861202874676264
"_GTGGCGTCACCGTGCA-1","Glut-CACNA1H-4","Ex_DACH2_SLIT2",0.632475236592206
"_GTGGCGTCATCTCATT-1","Glut-CACNA1H-RA","Ex_CACNA1H_LHX9",0.842998948040867
"_GTGGCGTTCCTACCGT-1","Glut-CACNA1H-RA","Ex_CACNA1H_LHX9",0.787557628906857
"_GTGGCGTTCTATCGGA-1","Glut-CACNA1H-2","Ex_CACNA1H_LHX9",0.814859282733031
"_GTGGGAATCAATCGGT-1","Glut-CACNA1H-RA","Ex_CACNA1H_LHX9",0.872130176545235
"_GTGGGAATCTTGTGCC-1","Glut-CACNA1H-RA","Ex_CACNA1H_LHX9",0.821960134678939
"_GTGTAACGTATGTCTG-1","Glut-CACNA1H-1","Ex_CACNA1H_LHX9",0.893999791722567
"_GTGTAACGTCGTCAGC-1","Glut-CACNA1H-4","Ex_DACH2_SLIT2",0.626007626716945
"_GTGTCCTTCAACACGT-1","Glut-CACNA1H-RA","Ex_CACNA1H_LHX9",0.840887752016061
"_GTGTCCTTCTATGTGG-1","Glut-CACNA1H-RA","Ex_CACNA1H_LHX9",0.839619219443433
"_GTGTGATTCGGCTATA-1","Glut-CACNA1H-1","Ex_CACNA1H_LHX9",0.820094593070865
"_GTGTGGCTCATTGCGA-1","Glut-CACNA1H-2","Ex_CACNA1H_LHX9",0.829796491027795
"_GTGTTAGAGGTACAAT-1","Glut-CACNA1H-RA","Ex_CACNA1H_LHX9",0.790380089753691
"_GTGTTAGAGGTCTGGA-1","Glut-DACH2-2","Ex_DACH2_MGAT4C",0.545063409296441
"_GTGTTAGCACCAGCCA-1","Glut-CACNA1H-RA","Ex_CACNA1H_LHX9",0.722281019296843
"_GTGTTAGGTTTCTATC-1","Glut-CACNA1H-RA","Ex_CACNA1H_LHX9",0.836167050537181
"_GTGTTCCGTGAGATTA-1","Glut-CACNA1H-RA","Ex_CACNA1H_LHX9",0.858749197878949
"_GTGTTCCGTTACGCCG-1","Glut-CACNA1H-RA","Ex_CACNA1H_LHX9",0.796482842632294
"_GTGTTCCTCCGATCGG-1","Glut-DACH2-3","Ex_DACH2_SLIT2",0.917443598716166
"_GTTACAGCACTCGATA-1","Glut-CACNA1H-RA","Ex_CACNA1H_LHX9",0.822781430484501
"_GTTACGAAGCAGTACG-1","Glut-CACNA1H-RA","Ex_CACNA1H_LHX9",0.750039181124318
"_GTTACGACAGCGAACA-1","Glut-CACNA1H-RA","Ex_CACNA1H_LHX9",0.798805498399541
"_GTTACGAGTTATTCTC-1","Glut-CACNA1H-RA","Ex_CACNA1H_LHX9",0.810842234542662
"_GTTAGACAGTTGGAAT-1","Glut-CACNA1H-RA","Ex_CACNA1H_LHX9",0.80688569592444
"_GTTAGACGTTGTGGCC-1","Glut-CACNA1H-RA","Ex_CACNA1H_LHX9",0.777475307645787
"_GTTAGACTCTAACGGT-1","Glut-CACNA1H-1","Ex_CACNA1H_LHX9",0.853745047952156
"_GTTAGTGGTCCACTCT-1","Glut-CACNA1H-RA","Ex_CACNA1H_LHX9",0.865948346868795
"_GTTATGGGTAGAGGAA-1","Glut-CACNA1H-RA","Ex_CACNA1H_LHX9",0.834237784077967
"_GTTATGGTCGCTCTCA-1","Glut-CACNA1H-RA","Ex_CACNA1H_LHX9",0.764164030209651
"_GTTCTATAGTTGCCTA-1","Glut-CACNA1H-RA","Ex_CACNA1H_LHX9",0.844549637356924
"_GTTCTATCACCTTCCA-1","Glut-CACNA1H-2","Ex_CACNA1H_LHX9",0.650901958140077
"_GTTCTATCACGCGCAT-1","Glut-CACNA1H-RA","Ex_CACNA1H_LHX9",0.846117820536027
"_GTTGAACCACACCTTC-1","Glut-CACNA1H-RA","Ex_CACNA1H_LHX9",0.739695093706959
"_GTTGCGGCAGCGGATA-1","Glut-CACNA1H-RA","Ex_CACNA1H_LHX9",0.829954821009398
"_GTTGCGGTCCATCAGA-1","Glut-CACNA1H-1","Ex_CACNA1H_LHX9",0.81721291887855
"_GTTGCTCGTCGTTTCC-1","Glut-CACNA1H-RA","Ex_CACNA1H_LHX9",0.793278425542003
"_GTTGCTCTCCCATTTA-1","Glut-CACNA1H-RA","Ex_CACNA1H_LHX9",0.823603822824789
"_GTTGTAGGTCTAGTGT-1","Glut-CACNA1H-RA","Ex_CACNA1H_LHX9",0.843155416241963
"_GTTGTAGGTGCCCAGT-1","Glut-CACNA1H-RA","Ex_CACNA1H_LHX9",0.835987675226683
"_GTTGTAGGTGTGCTTA-1","Glut-CACNA1H-RA","Ex_CACNA1H_LHX9",0.862744675618165
"_GTTGTAGTCAATGTCG-1","Glut-CACNA1H-1","Ex_CACNA1H_LHX9",0.84891607091718
"_GTTGTAGTCATGCTAG-1","Glut-CACNA1H-1","Ex_CACNA1H_LHX9",0.910716699561207
"_GTTGTAGTCGCTTACC-1","Glut-CACNA1H-RA","Ex_CACNA1H_LHX9",0.758689775727831
"_GTTGTCCCACTGCACG-1","Glut-CACNA1H-RA","Ex_CACNA1H_LHX9",0.819018351342011
"_GTTGTGAGTTACGCCG-1","Glut-CACNA1H-RA","Ex_CACNA1H_LHX9",0.829043442523235
"_GTTTGGATCCTCTGCA-1","Glut-CACNA1H-RA","Ex_CACNA1H_LHX9",0.788788304960004
"_TAACACGGTCCATACA-1","Glut-CACNA1H-RA","Ex_CACNA1H_LHX9",0.77732536415178
"_TAACCAGAGCGTTGTT-1","Glut-CACNA1H-RA","Ex_CACNA1H_LHX9",0.857433416993337
"_TAACCAGGTCTTACAG-1","Glut-CACNA1H-2","Ex_CACNA1H_LHX9",0.892229019826776
"_TAACGACGTCCAAAGG-1","Glut-CACNA1H-RA","Ex_CACNA1H_LHX9",0.761387618579631
"_TAACTTCCAGCACACC-1","Glut-CACNA1H-RA","Ex_CACNA1H_LHX9",0.804951004361861
"_TAACTTCGTGCTTCAA-1","Glut-CACNA1H-RA","Ex_CACNA1H_LHX9",0.836619935900705
"_TAACTTCGTGGTCTGC-1","Glut-CACNA1H-RA","Ex_CACNA1H_LHX9",0.809315781889937
"_TAAGCCACACAAGCAG-1","Glut-CACNA1H-RA","Ex_CACNA1H_LHX9",0.789897572004567
"_TAAGCGTGTCTACACA-1","Glut-CACNA1H-RA","Ex_CACNA1H_LHX9",0.817603265768697
"_TAATCTCCAAACTAGA-1","Glut-CACNA1H-RA","Ex_CACNA1H_LHX9",0.749449851621774
"_TAATTCCGTTGTAGCT-1","Glut-CACNA1H-RA","Ex_CACNA1H_LHX9",0.818426935038473
"_TACACCCAGAACTCCT-1","Glut-CACNA1H-2","Ex_CACNA1H_LHX9",0.868792806700143
"_TACACCCGTAGAGACC-1","Glut-CACNA1H-2","Ex_CACNA1H_LHX9",0.564289084086935
"_TACAGGTCATCTATCT-1","Glut-DACH2-1","Ex_DACH2_NR4A3",0.719506937425628
"_TACAGGTGTCCAATCA-1","Glut-CACNA1H-RA","Ex_CACNA1H_LHX9",0.753637643544457
"_TACATTCTCTATACTC-1","Glut-CACNA1H-RA","Ex_CACNA1H_LHX9",0.781383842969992
"_TACCCACGTTGAGTCT-1","Glut-CACNA1H-RA","Ex_CACNA1H_LHX9",0.802400660230419
"_TACCCGTAGTTCAACC-1","Glut-CACNA1H-RA","Ex_CACNA1H_LHX9",0.780137222785916
"_TACCGAACATAGACTC-1","Glut-CACNA1H-RA","Ex_CACNA1H_LHX9",0.830162094848077
"_TACCTCGCACGGTGTC-1","Glut-CACNA1H-1","Ex_CACNA1H_LHX9",0.826587396442078
"_TACCTCGGTGGTCTGC-1","Glut-CACNA1H-RA","Ex_CACNA1H_LHX9",0.846257182420749
"_TACCTGCTCATTTACC-1","Glut-CACNA1H-RA","Ex_CACNA1H_LHX9",0.824297430250544
"_TACGCTCCACTAAACC-1","Glut-CACNA1H-4","Ex_DACH2_SLIT2",0.786830435242393
"_TACGCTCCACTGTTCC-1","Glut-CACNA1H-RA","Ex_CACNA1H_LHX9",0.806957703531239
"_TACGGGCAGGTTGAGC-1","Glut-CACNA1H-RA","Ex_CACNA1H_LHX9",0.767156855620287
"_TACGGTAGTGTTACTG-1","Glut-CACNA1H-4","Ex_DACH2_SLIT2",0.616559519984525
"_TACTGCCGTCGTCAGC-1","Glut-CACNA1H-1","Ex_CACNA1H_LHX9",0.844796076893799
"_TACTGCCGTTAGAAAC-1","Glut-CACNA1H-RA","Ex_CACNA1H_LHX9",0.761674089377613
"_TACTTACAGCTGGCTC-1","Glut-CACNA1H-RA","Ex_CACNA1H_LHX9",0.850128214917647
"_TACTTACCAGGCGTTC-1","Glut-CACNA1H-RA","Ex_CACNA1H_LHX9",0.852497650730253
"_TACTTACGTATGGAAT-1","Glut-CACNA1H-RA","Ex_CACNA1H_LHX9",0.728449786532969
"_TACTTACGTTATAGCC-1","Glut-CACNA1H-RA","Ex_CACNA1H_LHX9",0.860591862274639
"_TACTTGTAGCCGTAAG-1","Glut-CACNA1H-RA","Ex_CACNA1H_LHX9",0.851814899984136
"_TACTTGTGTCCTGGGT-1","Glut-CACNA1H-1","Ex_CACNA1H_LHX9",0.859577773919204
"_TACTTGTTCGTGCAGC-1","Glut-CACNA1H-RA","Ex_CACNA1H_LHX9",0.80362773254897
"_TAGACTGCAGTGCCTG-1","Glut-CACNA1H-RA","Ex_CACNA1H_LHX9",0.775560560131608
"_TAGACTGGTTTGACAC-1","Glut-CACNA1H-RA","Ex_CACNA1H_LHX9",0.774437471018607
"_TAGACTGTCCTCCACA-1","Glut-DACH2-2","Ex_DACH2_MGAT4C",0.51538167535244
"_TAGATCGAGAGGTATT-1","Glut-CACNA1H-RA","Ex_CACNA1H_LHX9",0.861863405037558
"_TAGATCGGTGTCATGT-1","Glut-CACNA1H-RA","Ex_CACNA1H_LHX9",0.882739901042275
"_TAGCACACACTACGGC-1","Glut-CACNA1H-RA","Ex_CACNA1H_LHX9",0.828629807898795
"_TAGGAGGGTGAATTAG-1","Glut-CACNA1H-RA","Ex_CACNA1H_LHX9",0.825559994079147
"_TAGGTACGTATGGTTC-1","Glut-CACNA1H-RA","Ex_CACNA1H_LHX9",0.810806229777169
"_TAGGTACGTCTTCAAG-1","Glut-CACNA1H-2","Ex_CACNA1H_LHX9",0.500470088765396
"_TAGGTACTCGTTATCT-1","Glut-CACNA1H-RA","Ex_CACNA1H_LHX9",0.700070021502192
"_TAGGTTGAGAGGATCC-1","Glut-DACH2-2","Ex_DACH2_GRIK4",0.282885124533399
"_TAGGTTGAGTCAACAA-1","Glut-CACNA1H-RA","Ex_CACNA1H_LHX9",0.828410069152188
"_TAGGTTGCAGCCTATA-1","Glut-CACNA1H-RA","Ex_CACNA1H_LHX9",0.801799851831107
"_TAGTGCAAGAGAGTTT-1","Glut-CACNA1H-RA","Ex_CACNA1H_LHX9",0.784767157249535
"_TATATCCCACCAGCTG-1","Glut-CACNA1H-RA","Ex_CACNA1H_LHX9",0.79211325879551
"_TATCCTAAGGCCCGTT-1","Glut-CACNA1H-1","Ex_CACNA1H_LHX9",0.837642287302278
"_TATCGCCCAGTAGAAT-1","Glut-CACNA1H-RA","Ex_CACNA1H_LHX9",0.819219940040329
"_TATCTGTTCCGCACGA-1","Glut-CACNA1H-RA","Ex_CACNA1H_LHX9",0.779062835995882
"_TATTCCAAGCGAATGC-1","Glut-CACNA1H-RA","Ex_CACNA1H_LHX9",0.815397885191695
"_TATTGCTAGCTTAAGA-1","Glut-CACNA1H-2","Ex_CACNA1H_LHX9",0.881785816608637
"_TATTGCTTCACTTGTT-1","Glut-CACNA1H-2","Ex_CACNA1H_LHX9",0.514591742874265
"_TATTTCGCAGCTATTG-1","Glut-CACNA1H-RA","Ex_CACNA1H_LHX9",0.808227572691937
"_TCAAGACTCACCGCTT-1","Glut-CACNA1H-2","Ex_CACNA1H_LHX9",0.817263314011815
"_TCAAGACTCCCTTTGG-1","Glut-CACNA1H-RA","Ex_CACNA1H_LHX9",0.786288592162116
"_TCAAGCAAGTTCCGTA-1","Glut-CACNA1H-4","Ex_CACNA1H_LHX9",0.965425727482041
"_TCAAGCACAAATACGA-1","Glut-CACNA1H-RA","Ex_CACNA1H_LHX9",0.866865630629212
"_TCAAGCACATCGAACT-1","Glut-CACNA1H-RA","Ex_CACNA1H_LHX9",0.763969794681759
"_TCAAGCATCTATCACT-1","Glut-CACNA1H-RA","Ex_CACNA1H_LHX9",0.828581545761713
"_TCAAGTGAGAGCGACT-1","Glut-CACNA1H-RA","Ex_CACNA1H_LHX9",0.77697967136155
"_TCAAGTGAGGTTGCCC-1","Glut-CACNA1H-RA","Ex_CACNA1H_LHX9",0.846022260250424
"_TCAATTCAGCGTGCTC-1","Glut-CACNA1H-1","Ex_CACNA1H_LHX9",0.866621713496319
"_TCAATTCTCTCGTTTA-1","Glut-CACNA1H-1","Ex_CACNA1H_LHX9",0.834928667253732
"_TCACAAGAGTTCCATG-1","Glut-CACNA1H-RA","Ex_CACNA1H_LHX9",0.792425745684807
"_TCACAAGCAGGCACTC-1","Glut-CACNA1H-RA","Ex_CACNA1H_LHX9",0.741510150269708
"_TCACAAGTCTCATGGA-1","Glut-CACNA1H-RA","Ex_CACNA1H_LHX9",0.801110638490432
"_TCACACCGTCGCACAC-1","Glut-CACNA1H-2","Ex_CACNA1H_LHX9",0.728950217173127
"_TCACGCTCAACGGTAG-1","Glut-CACNA1H-RA","Ex_CACNA1H_LHX9",0.834331956068224
"_TCACGCTCATGTGTCA-1","Glut-CACNA1H-2","Ex_DACH2_SLIT2",0.543295980589356
"_TCACGGGAGTTAACAG-1","Glut-CACNA1H-1","Ex_CACNA1H_LHX9",0.821913225617103
"_TCACGGGGTAGGTACG-1","Glut-CACNA1H-1","Ex_CACNA1H_LHX9",0.870972671444134
"_TCACTCGCACCCGTAG-1","Glut-CACNA1H-1","Ex_CACNA1H_LHX9",0.406083010966681
"_TCACTCGGTCAATGGG-1","Glut-CACNA1H-1","Ex_CACNA1H_LHX9",0.873790277274617
"_TCACTCGTCAAGCCGC-1","Glut-CACNA1H-RA","Ex_CACNA1H_LHX9",0.817616741421488
"_TCAGCAAGTGTTAGCT-1","Glut-CACNA1H-RA","Ex_CACNA1H_LHX9",0.780891685304433
"_TCAGCCTAGAGAGGGC-1","Glut-CACNA1H-RA","Ex_CACNA1H_LHX9",0.828792893901595
"_TCAGCCTAGGGATGTC-1","Glut-CACNA1H-4","Ex_DACH2_SLIT2",0.793303911062653
"_TCAGCCTGTAGATTGA-1","Glut-CACNA1H-RA","Ex_CACNA1H_LHX9",0.876938566704104
"_TCAGCCTTCACTCACC-1","Glut-CACNA1H-RA","Ex_CACNA1H_LHX9",0.790071781638884
"_TCAGCCTTCGGTATGT-1","Glut-CACNA1H-RA","Ex_CACNA1H_LHX9",0.850928189018529
"_TCAGGTAGTACGATCT-1","Glut-CACNA1H-RA","Ex_CACNA1H_LHX9",0.879154210420246
"_TCAGTGACATGGTGGA-1","Glut-CACNA1H-4","Ex_DACH2_SLIT2",0.632033606796124
"_TCAGTGAGTGCATTTG-1","Glut-CACNA1H-RA","Ex_CACNA1H_LHX9",0.808149691643045
"_TCAGTTTAGGGCTGAT-1","Glut-CACNA1H-1","Ex_CACNA1H_LHX9",0.849076137514709
"_TCATATCTCCGAGAAG-1","Glut-CACNA1H-RA","Ex_CACNA1H_LHX9",0.779142739564609
"_TCATCATAGTTCAACC-1","Glut-CACNA1H-4","Ex_DACH2_SLIT2",0.739937803823197
"_TCATCATTCGACCATA-1","Glut-CACNA1H-2","Ex_CACNA1H_LHX9",0.890748567658645
"_TCATGAGAGGTCGTGA-1","Glut-CACNA1H-1","Ex_CACNA1H_LHX9",0.833369068288723
"_TCATGAGCAATTCTCT-1","Glut-CACNA1H-4","Ex_CACNA1H_LHX9",0.970163294889239
"_TCATGAGGTCAAGCCC-1","Glut-DACH2-1","Ex_DACH2_SLIT2",0.408113491590473
"_TCATGAGGTCCCTCAT-1","Glut-CACNA1H-1","Ex_CACNA1H_LHX9",0.745652587843579
"_TCATGCCAGCGATGGT-1","Glut-CACNA1H-4","Ex_CACNA1H_LHX9",0.44593644057103
"_TCATGCCAGTTTGGCT-1","Glut-CACNA1H-RA","Ex_CACNA1H_LHX9",0.867815473508049
"_TCATGGACAACTCCAA-1","Glut-CACNA1H-RA","Ex_CACNA1H_LHX9",0.780281418659763
"_TCATGGACAAGCGGAT-1","Glut-CACNA1H-RA","Ex_CACNA1H_LHX9",0.778029035978545
"_TCATTACAGGTAGGCT-1","Glut-CACNA1H-RA","Ex_CACNA1H_LHX9",0.877365929108118
"_TCATTCAAGACAACAT-1","Glut-CACNA1H-2","Ex_CACNA1H_LHX9",0.870529586197506
"_TCATTCAAGCCTGTCG-1","Glut-CACNA1H-1","Ex_CACNA1H_LHX9",0.840338924538086
"_TCATTCACACACACTA-1","Glut-CACNA1H-RA","Ex_CACNA1H_LHX9",0.848253973478419
"_TCATTCACATTCTCCG-1","Glut-CACNA1H-RA","Ex_CACNA1H_LHX9",0.848109627051504
"_TCATTGTCAGAAGCTG-1","Glut-CACNA1H-RA","Ex_CACNA1H_LHX9",0.802996388980372
"_TCATTTGTCATAGACC-1","Glut-CACNA1H-RA","Ex_CACNA1H_LHX9",0.815784255736906
"_TCCACCAAGTGAACAT-1","Glut-CACNA1H-RA","Ex_CACNA1H_LHX9",0.752401464370327
"_TCCACGTAGTCTTCGA-1","Glut-CACNA1H-RA","Ex_CACNA1H_LHX9",0.817811609655019
"_TCCATGCGTACGACAG-1","Glut-CACNA1H-1","Ex_CACNA1H_LHX9",0.805027760264989
"_TCCATGCGTCCAGCCA-1","Glut-CACNA1H-RA","Ex_CACNA1H_LHX9",0.814579540509179
"_TCCCACAGTGGGTTGA-1","Glut-CACNA1H-1","Ex_CACNA1H_LHX9",0.85309090490601
"_TCCCACATCGCGATCG-1","Glut-CACNA1H-RA","Ex_CACNA1H_LHX9",0.820894108996767
"_TCCCAGTAGCAGGGAG-1","Glut-CACNA1H-2","Ex_CACNA1H_LHX9",0.532462269421636
"_TCCCAGTTCTATTGTC-1","Glut-CACNA1H-4","Ex_DACH2_SLIT2",0.691021601476232
"_TCCCATGGTACTGACT-1","Glut-CACNA1H-RA","Ex_CACNA1H_LHX9",0.84162001655521
"_TCCGATCCAGCTATAC-1","Glut-CACNA1H-RA","Ex_CACNA1H_LHX9",0.783171350830516
"_TCCGGGAAGTGGATTA-1","Glut-CACNA1H-RA","Ex_CACNA1H_LHX9",0.747196548035076
"_TCCGTGTCAAAGCGTG-1","Glut-CACNA1H-2","Ex_CACNA1H_LHX9",0.732856944681917
"_TCCGTGTGTTTACTTC-1","Glut-CACNA1H-2","Ex_CACNA1H_LHX9",0.829415907984126
"_TCCTCGAGTTCTCCAC-1","Glut-CACNA1H-1","Ex_CACNA1H_LHX9",0.380444984277254
"_TCCTCGATCAGCTTGA-1","Glut-CACNA1H-RA","Ex_CACNA1H_LHX9",0.84397694268177
"_TCCTCTTCAACGAGGT-1","Glut-CACNA1H-RA","Ex_CACNA1H_LHX9",0.796395360172901
"_TCCTGCACACTATCGA-1","Glut-CACNA1H-RA","Ex_CACNA1H_LHX9",0.81642449802606
"_TCCTGCAGTAGGGTAC-1","Glut-CACNA1H-4","Ex_CACNA1H_LHX9",0.612632751735806
"_TCCTTTCGTAGCTCGC-1","Glut-CACNA1H-RA","Ex_CACNA1H_LHX9",0.873353837145561
"_TCCTTTCGTATAGGGC-1","Glut-CACNA1H-2","Ex_CACNA1H_LHX9",0.851114634589096
"_TCGAAGTTCAGATTGC-1","Glut-CACNA1H-1","Ex_CACNA1H_LHX9",0.856625888806183
"_TCGAAGTTCTTCTGGC-1","Glut-CACNA1H-RA","Ex_CACNA1H_LHX9",0.782980817706922
"_TCGACCTCAATACGCT-1","Glut-CACNA1H-RA","Ex_CACNA1H_LHX9",0.890032133875176
"_TCGATTTAGCCTCTCT-1","Glut-CACNA1H-RA","Ex_CACNA1H_LHX9",0.791913646615042
"_TCGATTTAGCTCATAC-1","Glut-CACNA1H-RA","Ex_CACNA1H_LHX9",0.796158577049787
"_TCGATTTGTACATTGC-1","Glut-CACNA1H-RA","Ex_CACNA1H_LHX9",0.818720539878913
"_TCGATTTTCGTTTACT-1","Glut-CACNA1H-1","Ex_CACNA1H_LHX9",0.860194484005247
"_TCGCACTGTCCGGATC-1","Glut-CACNA1H-RA","Ex_CACNA1H_LHX9",0.818967111427283
"_TCGCAGGAGTCAATCC-1","Glut-CACNA1H-RA","Ex_CACNA1H_LHX9",0.805435959963636
"_TCGCAGGCATAGAATG-1","Glut-CACNA1H-RA","Ex_CACNA1H_LHX9",0.806575782806034
"_TCGCAGGGTCCGGACT-1","Glut-CACNA1H-RA","Ex_CACNA1H_LHX9",0.857025714677911
"_TCGCTCAGTTGGGATG-1","Glut-CACNA1H-3","Ex_CACNA1H_LHX9",0.892694964769112
"_TCGGGACAGCTCACTA-1","Glut-CACNA1H-RA","Ex_CACNA1H_LHX9",0.849171504808983
"_TCGGGACGTAGGGTAC-1","Glut-CACNA1H-RA","Ex_CACNA1H_LHX9",0.805294737581993
"_TCGGGCAGTCTACACA-1","Glut-CACNA1H-RA","Ex_CACNA1H_LHX9",0.879460035193871
"_TCGGGCATCAGCTTCC-1","Glut-CACNA1H-RA","Ex_CACNA1H_LHX9",0.815451690330495
"_TCGGGTGAGGATATAC-1","Glut-CACNA1H-2","Ex_CACNA1H_LHX9",0.411153522280943
"_TCGGGTGCACTAACCA-1","Glut-CACNA1H-RA","Ex_CACNA1H_LHX9",0.75980037272177
"_TCGGGTGTCGTGCTCT-1","Glut-CACNA1H-RA","Ex_CACNA1H_LHX9",0.792377316728739
"_TCGGTCTGTATGGTTC-1","Glut-CACNA1H-RA","Ex_CACNA1H_LHX9",0.843446351604769
"_TCGGTCTTCTCATGCC-1","Glut-CACNA1H-RA","Ex_CACNA1H_LHX9",0.805088881439163
"_TCGTGCTAGAAGGCTC-1","Glut-CACNA1H-RA","Ex_CACNA1H_LHX9",0.852739982099779
"_TCGTGCTAGGTAACTA-1","Glut-CACNA1H-RA","Ex_CACNA1H_LHX9",0.84084551298827
"_TCGTGCTTCAACTTTC-1","Glut-CACNA1H-2","Ex_CACNA1H_LHX9",0.842786813225063
"_TCGTGCTTCCATTGTT-1","Glut-CACNA1H-RA","Ex_CACNA1H_LHX9",0.838301290678141
"_TCTAACTCAATTAGGA-1","Glut-CACNA1H-RA","Ex_CACNA1H_LHX9",0.843724695357638
"_TCTAACTCAATTGAGA-1","Glut-CACNA1H-RA","Ex_CACNA1H_LHX9",0.891451507272802
"_TCTAACTGTCGTTTCC-1","Glut-CACNA1H-RA","Ex_CACNA1H_LHX9",0.796333648257854
"_TCTAACTTCATGACAC-1","Glut-CACNA1H-RA","Ex_CACNA1H_LHX9",0.779677819702617
"_TCTAACTTCGTTCCCA-1","Glut-CACNA1H-RA","Ex_CACNA1H_LHX9",0.49922078501175
"_TCTAACTTCTATGCCC-1","Glut-CACNA1H-RA","Ex_CACNA1H_LHX9",0.798924912556708
"_TCTACATCAAGCCCAC-1","Glut-CACNA1H-2","Ex_CACNA1H_LHX9",0.879286124195145
"_TCTACATCAGACTGCC-1","Glut-CACNA1H-RA","Ex_CACNA1H_LHX9",0.842640087379639
"_TCTACATGTCACAGTT-1","Glut-CACNA1H-RA","Ex_CACNA1H_LHX9",0.885063330380637
"_TCTACATGTCTTACAG-1","Glut-CACNA1H-RA","Ex_CACNA1H_LHX9",0.670756402840785
"_TCTACATTCCTGTTGC-1","Glut-CACNA1H-RA","Ex_CACNA1H_LHX9",0.813462849656321
"_TCTACCGTCATGGTAC-1","Glut-CACNA1H-RA","Ex_CACNA1H_LHX9",0.817346195678341
"_TCTATACTCAAACTGC-1","Glut-CACNA1H-4","Ex_DACH2_SLIT2",0.554672707639638
"_TCTATACTCGCTATTT-1","Glut-CACNA1H-RA","Ex_CACNA1H_LHX9",0.852022446202614
"_TCTCAGCTCGTTAGAC-1","Glut-CACNA1H-4","Ex_DACH2_SLIT2",0.85752294801965
"_TCTCCGAAGGTCTGGA-1","Glut-CACNA1H-RA","Ex_CACNA1H_LHX9",0.759342720500258
"_TCTCCGACACTCGATA-1","Glut-CACNA1H-2","Ex_CACNA1H_LHX9",0.483996490472321
"_TCTCTGGTCAGACTGT-1","Glut-CACNA1H-RA","Ex_CACNA1H_LHX9",0.774476726423934
"_TCTGCCAGTGATACTC-1","Glut-CACNA1H-4","Ex_CACNA1H_LHX9",0.568314357354547
"_TCTGGCTCACAAATAG-1","Glut-CACNA1H-RA","Ex_CACNA1H_LHX9",0.856133254341074
"_TCTGGCTGTGGCCACT-1","Glut-CACNA1H-1","Ex_CACNA1H_LHX9",0.765634148657077
"_TCTGTCGAGCATCGAG-1","Glut-CACNA1H-RA","Ex_CACNA1H_LHX9",0.833124864387984
"_TCTTAGTCACGAGGAT-1","Glut-CACNA1H-RA","Ex_CACNA1H_LHX9",0.77221956770728
"_TCTTAGTGTGGAATGC-1","Glut-CACNA1H-1","Ex_CACNA1H_LHX9",0.819328127779655
"_TCTTCCTCAGGGTTGA-1","Glut-CACNA1H-RA","Ex_CACNA1H_LHX9",0.733118612651938
"_TCTTGCGAGATGGCAC-1","Glut-CACNA1H-RA","Ex_CACNA1H_LHX9",0.819905255049299
"_TCTTGCGCAAACGTGG-1","Glut-CACNA1H-RA","Ex_CACNA1H_LHX9",0.782420809486923
"_TCTTGCGTCAAGATAG-1","Glut-CACNA1H-1","Ex_CACNA1H_LHX9",0.829514288824167
"_TCTTTGAGTAGCGTAG-1","Glut-CACNA1H-RA","Ex_CACNA1H_LHX9",0.836820093332476
"_TGAACGTTCGGAGTGA-1","Glut-CACNA1H-RA","Ex_CACNA1H_LHX9",0.862735292687087
"_TGAACGTTCTCTTAAC-1","Glut-CACNA1H-RA","Ex_CACNA1H_LHX9",0.811044758107993
"_TGAATCGAGAACAGGA-1","Glut-CACNA1H-RA","Ex_CACNA1H_LHX9",0.858440734664699
"_TGAATCGAGGCCACTC-1","Glut-CACNA1H-RA","Ex_CACNA1H_LHX9",0.792405567403573
"_TGAATGCAGGATGTTA-1","Glut-CACNA1H-RA","Ex_CACNA1H_LHX9",0.796989325548098
"_TGAATGCTCGCAATTG-1","Glut-CACNA1H-RA","Ex_CACNA1H_LHX9",0.792703714994985
"_TGACAGTAGCCGAACA-1","Glut-CACNA1H-RA","Ex_CACNA1H_LHX9",0.803198332908148
"_TGACAGTGTTCTTAGG-1","Glut-CACNA1H-RA","Ex_CACNA1H_LHX9",0.842223606547066
"_TGACCCTAGTCTAACC-1","Glut-CACNA1H-RA","Ex_CACNA1H_LHX9",0.882928085944843
"_TGACGCGCAAACCATC-1","Glut-CACNA1H-RA","Ex_CACNA1H_LHX9",0.801347209215295
"_TGACGCGCATCAGCAT-1","Glut-CACNA1H-4","Ex_DACH2_SLIT2",0.700292207824589
"_TGACGCGGTCATGGCC-1","Glut-CACNA1H-RA","Ex_CACNA1H_LHX9",0.883964814240196
"_TGAGACTGTCGGTAAG-1","Glut-CACNA1H-RA","Ex_CACNA1H_LHX9",0.889580963764173
"_TGAGACTGTGATAGAT-1","Glut-CACNA1H-RA","Ex_CACNA1H_LHX9",0.798393935801949
"_TGAGCATAGATACAGT-1","Glut-CACNA1H-RA","Ex_CACNA1H_LHX9",0.816331181814296
"_TGAGCATCAGACAAAT-1","Glut-CACNA1H-RA","Ex_CACNA1H_LHX9",0.851817667778099
"_TGAGCATGTCGCACAC-1","Glut-CACNA1H-1","Ex_CACNA1H_LHX9",0.856794846871046
"_TGAGGAGCACCACTGG-1","Glut-CACNA1H-RA","Ex_CACNA1H_LHX9",0.792862491396249
"_TGAGGGAAGCGACTAG-1","Glut-CACNA1H-2","Ex_CACNA1H_LHX9",0.673782394363535
"_TGAGGGACATCGAACT-1","Glut-CACNA1H-RA","Ex_CACNA1H_LHX9",0.811909520972614
"_TGAGGGATCTACACAG-1","Glut-CACNA1H-RA","Ex_CACNA1H_LHX9",0.858580367471263
"_TGAGGTTCAGTGCGCT-1","Glut-CACNA1H-RA","Ex_CACNA1H_LHX9",0.817285151062064
"_TGAGGTTGTTTACGTG-1","Glut-CACNA1H-4","Ex_DACH2_SLIT2",0.748599291434596
"_TGATCAGAGATCCCAT-1","Glut-CACNA1H-2","Ex_CACNA1H_LHX9",0.876370150391086
"_TGATCTTGTGTCATGT-1","Glut-CACNA1H-2","Ex_CACNA1H_LHX9",0.898431782891919
"_TGATCTTTCTGGCCTT-1","Glut-CACNA1H-RA","Ex_CACNA1H_LHX9",0.843256690224395
"_TGATGCAAGAGGTATT-1","Glut-CACNA1H-3","Ex_CACNA1H_LHX9",0.753830287953894
"_TGATGCAAGAGTCAAT-1","Glut-CACNA1H-RA","Ex_CACNA1H_LHX9",0.876646793112393
"_TGATGCAAGCAGGTCA-1","Glut-CACNA1H-RA","Ex_CACNA1H_LHX9",0.809064775603202
"_TGATGGTCAGTGCCTG-1","Glut-CACNA1H-RA","Ex_CACNA1H_LHX9",0.812365780124623
"_TGATGGTCATGGCCCA-1","Glut-CACNA1H-RA","Ex_CACNA1H_LHX9",0.790638061248312
"_TGATTCTAGTCACGAG-1","Glut-CACNA1H-RA","Ex_CACNA1H_LHX9",0.824659150075412
"_TGATTTCTCCACTGAA-1","Glut-CACNA1H-2","Ex_CACNA1H_LHX9",0.722913131008514
"_TGCACGGTCAATGCAC-1","Glut-CACNA1H-RA","Ex_CACNA1H_LHX9",0.783700263545179
"_TGCAGATCACAACATC-1","Glut-CACNA1H-RA","Ex_CACNA1H_LHX9",0.758093584344863
"_TGCAGGCAGATACCAA-1","Glut-CACNA1H-RA","Ex_CACNA1H_LHX9",0.81114793272441
"_TGCAGGCGTATTTCTC-1","Glut-CACNA1H-RA","Ex_CACNA1H_LHX9",0.872783289730976
"_TGCAGGCTCTACTATC-1","Glut-CACNA1H-RA","Ex_CACNA1H_LHX9",0.896448255423848
"_TGCATCCAGTGGTTGG-1","Glut-CACNA1H-1","Ex_CACNA1H_LHX9",0.869771657477636
"_TGCATCCCAGCTATAC-1","Glut-CACNA1H-2","Ex_CACNA1H_LHX9",0.480057916722654
"_TGCATCCTCGAAGAAT-1","Glut-CACNA1H-1","Ex_CACNA1H_LHX9",0.320756389704967
"_TGCCGAGGTCCCAAAT-1","Glut-CACNA1H-RA","Ex_CACNA1H_LHX9",0.878187519750854
"_TGCGACGAGTAACAGT-1","Glut-CACNA1H-RA","Ex_CACNA1H_LHX9",0.859787177676203
"_TGCGACGAGTGCAGGT-1","Glut-CACNA1H-RA","Ex_CACNA1H_LHX9",0.818325573655046
"_TGCGACGAGTGGAAAG-1","Glut-CACNA1H-RA","Ex_CACNA1H_LHX9",0.813155283404914
"_TGCGATAAGACCTTTG-1","Glut-CACNA1H-RA","Ex_CACNA1H_LHX9",0.780880374006133
"_TGCGGCACAGCCTTCT-1","Glut-CACNA1H-1","Ex_CACNA1H_LHX9",0.863915123242977
"_TGCTCGTCAATACGAA-1","Glut-CACNA1H-RA","Ex_CACNA1H_LHX9",0.826265990249571
"_TGCTCGTGTCTTGGTA-1","Glut-CACNA1H-RA","Ex_CACNA1H_LHX9",0.837638092513944
"_TGCTTGCAGAGCATTA-1","Glut-CACNA1H-RA","Ex_CACNA1H_LHX9",0.757505116230975
"_TGGAACTAGTTGCTGT-1","Glut-CACNA1H-RA","Ex_CACNA1H_LHX9",0.798631696452109
"_TGGAACTGTGCATTTG-1","Glut-CACNA1H-1","Ex_CACNA1H_LHX9",0.880553038798881
"_TGGAACTTCTCAGAAC-1","Glut-CACNA1H-RA","Ex_CACNA1H_LHX9",0.79345357049887
"_TGGAGAGCATGGAGAC-1","Glut-CACNA1H-RA","Ex_CACNA1H_LHX9",0.828090560809875
"_TGGAGAGGTACGAGTG-1","Glut-CACNA1H-RA","Ex_CACNA1H_LHX9",0.844601760006453
"_TGGAGGAAGTTACGTC-1","Glut-CACNA1H-2","Ex_CACNA1H_LHX9",0.858435502810025
"_TGGAGGATCTAGTGAC-1","Glut-CACNA1H-2","Ex_CACNA1H_LHX9",0.810959143498774
"_TGGATCACATCCGGCA-1","Glut-CACNA1H-RA","Ex_CACNA1H_LHX9",0.784098697472134
"_TGGATCATCGAACCTA-1","Glut-CACNA1H-RA","Ex_CACNA1H_LHX9",0.762941847400173
"_TGGATGTAGCTGTTAC-1","Glut-CACNA1H-RA","Ex_CACNA1H_LHX9",0.825598405644667
"_TGGCGTGCAATCGAAA-1","Glut-CACNA1H-4","Ex_CACNA1H_LHX9",0.703653122738237
"_TGGCGTGCATTGACAC-1","Glut-CACNA1H-2","Ex_CACNA1H_LHX9",0.529270165584741
"_TGGGAAGTCGAGAAAT-1","Glut-CACNA1H-RA","Ex_CACNA1H_LHX9",0.891057417440634
"_TGGGAAGTCTCGCTTG-1","Glut-CACNA1H-2","Ex_CACNA1H_LHX9",0.526662635385035
"_TGGGAGAAGACGGTTG-1","Glut-CACNA1H-RA","Ex_CACNA1H_LHX9",0.807029964605233
"_TGGGAGACAAGGTTGG-1","Glut-CACNA1H-RA","Ex_CACNA1H_LHX9",0.822761084179632
"_TGGGAGATCCCATACC-1","Glut-CACNA1H-RA","Ex_CACNA1H_LHX9",0.878147709395646
"_TGGGATTGTCCAGTTA-1","Glut-CACNA1H-RA","Ex_CACNA1H_LHX9",0.849464264563281
"_TGGTACAGTCGAGATG-1","Glut-CACNA1H-RA","Ex_CACNA1H_LHX9",0.869883657210228
"_TGGTAGTGTAGTATAG-1","Glut-CACNA1H-1","Ex_CACNA1H_LHX9",0.79400377159252
"_TGGTAGTGTCGCGGTT-1","Glut-CACNA1H-RA","Ex_CACNA1H_LHX9",0.821782080591476
"_TGGTAGTTCTGGTGCG-1","Glut-CACNA1H-1","Ex_CACNA1H_LHX9",0.820062859692566
"_TGGTGATGTATCTTCT-1","Glut-DACH2-3","Ex_DACH2_SLIT2",0.570265813894764
"_TGGTTAGCACTAGTAC-1","Glut-CACNA1H-RA","Ex_CACNA1H_LHX9",0.754258457524285
"_TGGTTAGTCTTACACT-1","Glut-CACNA1H-RA","Ex_CACNA1H_LHX9",0.781174177638231
"_TGTAACGAGTGATCGG-1","Glut-CACNA1H-1","Ex_CACNA1H_LHX9",0.819410944275219
"_TGTAACGCACGTCTCT-1","Glut-CACNA1H-1","Ex_CACNA1H_LHX9",0.82837776358354
"_TGTAAGCAGTAATCCC-1","Glut-CACNA1H-RA","Ex_CACNA1H_LHX9",0.796393691498315
"_TGTACAGCAGAGTTGG-1","Glut-CACNA1H-4","Ex_DACH2_SLIT2",0.697899703516683
"_TGTACAGCATATGGCT-1","Glut-CACNA1H-RA","Ex_CACNA1H_LHX9",0.854585107070783
"_TGTAGACTCTCGCTCA-1","Glut-CACNA1H-1","Ex_CACNA1H_LHX9",0.881510246032477
"_TGTCAGAAGGGCGAAG-1","Glut-CACNA1H-RA","Ex_CACNA1H_LHX9",0.83246256061693
"_TGTCCACTCACACCCT-1","Glut-CACNA1H-1","Ex_CACNA1H_LHX9",0.750059307125267
"_TGTCCTGCATCTGCGG-1","Glut-CACNA1H-1","Ex_CACNA1H_LHX9",0.664098519582516
"_TGTCCTGTCATTACTC-1","Glut-CACNA1H-RA","Ex_CACNA1H_LHX9",0.801216126554147
"_TGTGAGTTCGAGTCTA-1","Glut-CACNA1H-4","Ex_DACH2_SLIT2",0.703883588395356
"_TGTGATGGTGAAAGTT-1","Glut-CACNA1H-1","Ex_CACNA1H_LHX9",0.887285898163654
"_TGTGGCGCACGTGTGC-1","Glut-CACNA1H-1","Ex_DACH2_NR4A3",0.432349661977421
"_TGTGTGACAAGCTGTT-1","Glut-CACNA1H-RA","Ex_CACNA1H_LHX9",0.868653813991391
"_TGTTCATAGAAGCCTG-1","Glut-CACNA1H-1","Ex_CACNA1H_LHX9",0.890775710691316
"_TGTTCATAGGCTTAAA-1","Glut-CACNA1H-2","Ex_CACNA1H_LHX9",0.577792320078668
"_TGTTCATCATAGCTGT-1","Glut-CACNA1H-4","Ex_DACH2_SLIT2",0.728264893325652
"_TGTTCATGTTAGCGGA-1","Glut-CACNA1H-RA","Ex_CACNA1H_LHX9",0.851929432180478
"_TGTTCATTCCACACAA-1","Glut-CACNA1H-RA","Ex_CACNA1H_LHX9",0.822908406316186
"_TGTTCCGTCCCTTGGT-1","Glut-CACNA1H-4","Ex_DACH2_SLIT2",0.689833591160774
"_TGTTCTAAGGTGCTTT-1","Glut-CACNA1H-RA","Ex_CACNA1H_LHX9",0.831381029539938
"_TGTTGGACACTGCGAC-1","Glut-CACNA1H-RA","Ex_CACNA1H_LHX9",0.835457364698497
"_TGTTTGTAGTTGAAGT-1","Glut-CACNA1H-RA","Ex_CACNA1H_LHX9",0.869430784583582
"_TGTTTGTTCACGTCCT-1","Glut-CACNA1H-1","Ex_CACNA1H_LHX9",0.801476051110236
"_TGTTTGTTCGCCTATC-1","Glut-CACNA1H-RA","Ex_CACNA1H_LHX9",0.836530107510653
"_TTAATCCAGGAGGTTC-1","Glut-CACNA1H-4","Ex_DACH2_SLIT2",0.686579264255505
"_TTACCATAGGTTGACG-1","Glut-CACNA1H-RA","Ex_CACNA1H_LHX9",0.814034123940027
"_TTACCATCATAGATCC-1","Glut-CACNA1H-1","Ex_CACNA1H_LHX9",0.70544281598386
"_TTACCGCAGATACATG-1","Glut-CACNA1H-2","Ex_CACNA1H_LHX9",0.640630589146661
"_TTACGCCCAAGGTCGA-1","Glut-CACNA1H-RA","Ex_CACNA1H_LHX9",0.827866412407978
"_TTACGCCTCCTCACTG-1","Glut-CACNA1H-RA","Ex_CACNA1H_LHX9",0.81707374723572
"_TTACGTTTCGTTTACT-1","Glut-CACNA1H-1","Ex_CACNA1H_LHX9",0.908188548103206
"_TTACTGTTCCGAGAAG-1","Glut-CACNA1H-RA","Ex_CACNA1H_LHX9",0.786202962478983
"_TTACTGTTCGCCAATA-1","Glut-CACNA1H-RA","Ex_CACNA1H_LHX9",0.831418306890311
"_TTATTGCAGAGTAACT-1","Glut-CACNA1H-RA","Ex_CACNA1H_LHX9",0.77516873015216
"_TTCAATCCAGCACGAA-1","Glut-CACNA1H-1","Ex_DACH2_NR4A3",0.413053484410929
"_TTCAATCGTCCGATCG-1","Glut-CACNA1H-RA","Ex_CACNA1H_LHX9",0.821035949553501
"_TTCACCGTCTAACGCA-1","Glut-CACNA1H-RA","Ex_CACNA1H_LHX9",0.79059793831806
"_TTCACCGTCTCTCTAA-1","Glut-CACNA1H-RA","Ex_CACNA1H_LHX9",0.813179765815779
"_TTCATGTTCGACCATA-1","Glut-CACNA1H-RA","Ex_CACNA1H_LHX9",0.82290926219597
"_TTCATTGGTACTTCCC-1","Glut-CACNA1H-RA","Ex_CACNA1H_LHX9",0.871018101423017
"_TTCATTGGTGGTACAG-1","Glut-CACNA1H-RA","Ex_CACNA1H_LHX9",0.767109188868529
"_TTCCAATGTTCACCGG-1","Glut-CACNA1H-RA","Ex_CACNA1H_LHX9",0.801972848125708
"_TTCCAATTCCACAGCG-1","Glut-CACNA1H-RA","Ex_CACNA1H_LHX9",0.840478988894944
"_TTCCAATTCCTAGAGT-1","Glut-CACNA1H-2","Ex_CACNA1H_LHX9",0.756314554397991
"_TTCCAATTCTGTCAGA-1","Glut-CACNA1H-RA","Ex_CACNA1H_LHX9",0.706678735051411
"_TTCCACGAGGGATCGT-1","Glut-CACNA1H-RA","Ex_CACNA1H_LHX9",0.819949136309578
"_TTCCACGAGTAAGGGA-1","Glut-CACNA1H-RA","Ex_CACNA1H_LHX9",0.859745087962941
"_TTCCACGCATAGAATG-1","Glut-CACNA1H-RA","Ex_CACNA1H_LHX9",0.788162023870744
"_TTCCACGGTGTTTCTT-1","Glut-CACNA1H-2","Ex_CACNA1H_LHX9",0.760858397425728
"_TTCCGTGGTAACAAGT-1","Glut-CACNA1H-RA","Ex_CACNA1H_LHX9",0.830930002834721
"_TTCCTAAAGCATACTC-1","Glut-CACNA1H-RA","Ex_CACNA1H_LHX9",0.733996416840239
"_TTCCTAAAGCTACTGT-1","Glut-CACNA1H-2","Ex_CACNA1H_LHX9",0.869292099850653
"_TTCCTCTAGGTGGGTT-1","Glut-CACNA1H-RA","Ex_CACNA1H_LHX9",0.800085164868022
"_TTCCTCTTCGATACAC-1","Glut-CACNA1H-RA","Ex_CACNA1H_LHX9",0.812444824471361
"_TTCCTTCAGCACTAGG-1","Glut-CACNA1H-4","Ex_DACH2_SLIT2",0.434279807210248
"_TTCCTTCCAGATACCT-1","Glut-CACNA1H-RA","Ex_CACNA1H_LHX9",0.814298668321509
"_TTCCTTCGTGGTCAAG-1","Glut-CACNA1H-RA","Ex_CACNA1H_LHX9",0.878519457187021
"_TTCCTTCGTTTCACTT-1","Glut-CACNA1H-RA","Ex_CACNA1H_LHX9",0.857862224035552
"_TTCGATTAGTTTCGGT-1","Glut-CACNA1H-RA","Ex_CACNA1H_LHX9",0.83020597766049
"_TTCGCTGAGACGGTCA-1","Glut-CACNA1H-RA","Ex_CACNA1H_LHX9",0.865440415692591
"_TTCGGTCAGCTAGATA-1","Glut-CACNA1H-RA","Ex_CACNA1H_LHX9",0.860847984715451
"_TTCTAGTAGTAGGCCA-1","Glut-CACNA1H-RA","Ex_CACNA1H_LHX9",0.83267413391685
"_TTCTCTCAGGCCTAGA-1","Glut-CACNA1H-RA","Ex_CACNA1H_LHX9",0.849688552527149
"_TTCTCTCCATTCCTCG-1","Glut-CACNA1H-1","Ex_CACNA1H_LHX9",0.887201421879479
"_TTCTGTATCTCATGGA-1","Glut-CACNA1H-4","Ex_DACH2_SLIT2",0.666696500454458
"_TTCTTGACATACATCG-1","Glut-CACNA1H-RA","Ex_CACNA1H_LHX9",0.805561821638327
"_TTGAACGGTCTCACGG-1","Glut-CACNA1H-1","Ex_CACNA1H_LHX9",0.843173205544646
"_TTGAACGGTTAAACAG-1","Glut-CACNA1H-2","Ex_CACNA1H_LHX9",0.878056437712259
"_TTGACCCGTACGATCT-1","Glut-CACNA1H-RA","Ex_CACNA1H_LHX9",0.798493136696024
"_TTGAGTGCAGTGTGCC-1","Glut-CACNA1H-RA","Ex_CACNA1H_LHX9",0.779196081755137
"_TTGCATTCACAATTCG-1","Glut-CACNA1H-RA","Ex_CACNA1H_LHX9",0.790438841062807
"_TTGCATTGTCGCGGTT-1","Glut-CACNA1H-RA","Ex_CACNA1H_LHX9",0.807616811960021
"_TTGCATTTCTTGTGCC-1","Glut-CACNA1H-RA","Ex_CACNA1H_LHX9",0.786057969514089
"_TTGCCTGAGAGGATGA-1","Glut-CACNA1H-RA","Ex_CACNA1H_LHX9",0.848052125487715
"_TTGCCTGGTAGACGTG-1","Glut-CACNA1H-RA","Ex_CACNA1H_LHX9",0.868919840477547
"_TTGCGTCCACTTGAAC-1","Glut-CACNA1H-RA","Ex_CACNA1H_LHX9",0.853641071018331
"_TTGCTGCGTAGCTGTT-1","Glut-CACNA1H-RA","Ex_CACNA1H_LHX9",0.833371611076609
"_TTGCTGCTCCGTGGCA-1","Glut-CACNA1H-RA","Ex_CACNA1H_LHX9",0.86346638658728
"_TTGGGATCACGTACAT-1","Glut-CACNA1H-RA","Ex_CACNA1H_LHX9",0.841637638300967
"_TTGGGATTCCCGAGAC-1","Glut-CACNA1H-RA","Ex_CACNA1H_LHX9",0.817856042571495
"_TTGGGCGGTTCCAAAC-1","Glut-CACNA1H-RA","Ex_CACNA1H_LHX9",0.850936669369654
"_TTGGTTTCATATCGGT-1","Glut-CACNA1H-RA","Ex_CACNA1H_LHX9",0.847246778971844
"_TTGGTTTTCCTATGGA-1","Glut-CACNA1H-2","Ex_CACNA1H_LHX9",0.889888165121307
"_TTGGTTTTCTGGGCCA-1","Glut-CACNA1H-1","Ex_CACNA1H_LHX9",0.684669588795557
"_TTGTGGACATTAGGAA-1","Glut-CACNA1H-RA","Ex_CACNA1H_LHX9",0.811542219240035
"_TTGTGTTCATAAGCGG-1","Glut-CACNA1H-RA","Ex_CACNA1H_LHX9",0.779643528377746
"_TTGTGTTGTGACATCT-1","Glut-CACNA1H-RA","Ex_CACNA1H_LHX9",0.858618878928621
"_TTGTTCAAGCTAGCCC-1","Glut-CACNA1H-RA","Ex_CACNA1H_LHX9",0.834670299145749
"_TTGTTCATCGGCATCG-1","Glut-CACNA1H-RA","Ex_CACNA1H_LHX9",0.843628881492716
"_TTGTTGTCAAGGCTTT-1","Glut-CACNA1H-RA","Ex_CACNA1H_LHX9",0.844396247102395
"_TTTACCATCGTGGCTG-1","Glut-CACNA1H-RA","Ex_CACNA1H_LHX9",0.819915176133925
"_TTTACGTAGGCTAACG-1","Glut-CACNA1H-3","Ex_CACNA1H_LHX9",0.705708471354011
"_TTTACGTAGGGAGATA-1","Glut-CACNA1H-RA","Ex_CACNA1H_LHX9",0.791994831810647
"_TTTACGTCAGAGGTAC-1","Glut-CACNA1H-1","Ex_CACNA1H_LHX9",0.878607733870943
"_TTTACTGCACCAAATC-1","Glut-CACNA1H-RA","Ex_CACNA1H_LHX9",0.735865257714601
"_TTTACTGTCGCCAGTG-1","Glut-CACNA1H-RA","Ex_CACNA1H_LHX9",0.835220433626942
"_TTTATGCAGGGCAGTT-1","Glut-CACNA1H-RA","Ex_CACNA1H_LHX9",0.829602251688267
"_TTTCACACAGTGTACT-1","Glut-CACNA1H-RA","Ex_CACNA1H_LHX9",0.822287506276582
"_TTTCACAGTCATAACC-1","Glut-CACNA1H-RA","Ex_CACNA1H_LHX9",0.845019213520947
"_TTTCCTCAGTCAACAA-1","Glut-CACNA1H-RA","Ex_CACNA1H_LHX9",0.833194855447326
"_TTTCCTCAGTCCTGCG-1","Glut-CACNA1H-RA","Ex_CACNA1H_LHX9",0.745402969525941
"_TTTCGATAGAGGTGCT-1","Glut-CACNA1H-1","Ex_CACNA1H_LHX9",0.837544214548084
"_TTTCGATCATAGAATG-1","Glut-CACNA1H-RA","Ex_CACNA1H_LHX9",0.854498089343215
"_TTTGACTGTCTTGCGG-1","Glut-CACNA1H-2","Ex_CACNA1H_LHX9",0.846077486339215
"_TTTGACTTCGAACGCC-1","Glut-CACNA1H-RA","Ex_CACNA1H_LHX9",0.797914551534263
"_TTTGATCTCTACTGCC-1","Glut-CACNA1H-RA","Ex_CACNA1H_LHX9",0.840893629908946
"_TTTGGAGCATGGCCCA-1","Glut-CACNA1H-RA","Ex_CACNA1H_LHX9",0.853167064239891
"_TTTGGTTAGTTCCGTA-1","Glut-CACNA1H-RA","Ex_CACNA1H_LHX9",0.797862348901505
"_TTTGTTGAGTCATGCT-1","Glut-CACNA1H-RA","Ex_CACNA1H_LHX9",0.792788726149562
"_AAACCCACACTGGCGT-2","Glut-CACNA1H-3","Ex_CACNA1H_LHX9",0.79627496990847
"_AAACCCAGTAGAGGAA-2","Glut-CACNA1H-1","Ex_CACNA1H_LHX9",0.861301989600767
"_AAACCCAGTCTACGTA-2","Glut-CACNA1H-2","Ex_DACH2_NR4A3",0.229867900766018
"_AAACCCATCTTACACT-2","Glut-CACNA1H-2","Ex_CACNA1H_LHX9",0.660634563755335
"_AAACGAAGTTGCTAGT-2","Glut-CACNA1H-2","Ex_CACNA1H_LHX9",0.692328769963095
"_AAACGAATCTGGCTGG-2","Glut-CACNA1H-3","Ex_CACNA1H_LHX9",0.256216577924726
"_AAACGCTAGATGGTAT-2","Glut-CACNA1H-2","Ex_CACNA1H_LHX9",0.447686816331382
"_AAACGCTCACGAAAGC-2","Glut-CACNA1H-4","Ex_CACNA1H_LHX9",0.798424459499936
"_AAAGAACCACTTGACA-2","Glut-CACNA1H-1","Ex_CACNA1H_LHX9",0.877925545731977
"_AAAGAACCACTTTAGG-2","Glut-CACNA1H-3","Ex_CACNA1H_LHX9",0.449477321343643
"_AAAGAACTCGCACTCT-2","Glut-CACNA1H-4","Ex_CACNA1H_LHX9",0.942659655730429
"_AAAGAACTCGGCGATC-2","Glut-CACNA1H-4","Ex_CACNA1H_LHX9",0.879256975138902
"_AAAGGATCAGCTACAT-2","Glut-DACH2-1","Ex_DACH2_MGAT4C",0.54336227827618
"_AAAGGATGTGCGTTTA-2","Glut-CACNA1H-3","Ex_CACNA1H_LHX9",0.905369096985375
"_AAAGGGCCAACTGATC-2","Glut-CACNA1H-2","Ex_CACNA1H_LHX9",0.519648856084352
"_AAAGGTATCATTGCCC-2","Glut-CACNA1H-2","Ex_CACNA1H_LHX9",0.590990208640114
"_AAAGGTATCGGCTTCT-2","Glut-CACNA1H-2","Ex_CACNA1H_LHX9",0.621796913958989
"_AAAGTCCGTATGCGTT-2","Glut-CACNA1H-1","Ex_CACNA1H_LHX9",0.851720972509021
"_AAAGTGAGTCCTTAAG-2","Glut-DACH2-2","Ex_DACH2_LHX2",0.497772267808979
"_AAAGTGATCGAGTACT-2","Glut-CACNA1H-1","Ex_CACNA1H_LHX9",0.91922607004245
"_AAAGTGATCTGATTCT-2","Glut-CACNA1H-2","Ex_CACNA1H_LHX9",0.734093303514714
"_AAATGGAAGGTAGGCT-2","Glut-CACNA1H-1","Ex_CACNA1H_LHX9",0.906627442009703
"_AAATGGATCAAGTGTC-2","Glut-CACNA1H-3","Ex_CACNA1H_LHX9",0.859029311312887
"_AACAAGACAGCTACCG-2","Glut-CACNA1H-1","Ex_CACNA1H_LHX9",0.884159441369662
"_AACACACAGCATGGGT-2","Glut-CACNA1H-1","Ex_CACNA1H_LHX9",0.763143108998997
"_AACACACCAAAGACGC-2","Glut-CACNA1H-2","Ex_CACNA1H_LHX9",0.451878209943568
"_AACACACTCCACTGGG-2","Glut-CACNA1H-2","Ex_CACNA1H_LHX9",0.558670940920146
"_AACAGGGGTAAGGCTG-2","Glut-CACNA1H-1","Ex_CACNA1H_LHX9",0.892366941246838
"_AACAGGGGTGAGATTA-2","Glut-CACNA1H-2","Ex_CACNA1H_LHX9",0.590379319418247
"_AACAGGGGTTGTATGC-2","Glut-CACNA1H-1","Ex_CACNA1H_LHX9",0.874230570920735
"_AACAGGGTCTACCAGA-2","Glut-CACNA1H-3","Ex_CACNA1H_LHX9",0.723631033429122
"_AACCAACCAGTGAGCA-2","Glut-CACNA1H-4","Ex_CACNA1H_LHX9",0.943932904314523
"_AACCACACAGACTGCC-2","Glut-CACNA1H-2","Ex_CACNA1H_LHX9",0.6081684049388
"_AACCATGAGAACGTGC-2","Glut-CACNA1H-3","Ex_CACNA1H_LHX9",0.795404925935558
"_AACCTGAAGTGGATAT-2","Glut-CACNA1H-3","Ex_CACNA1H_LHX9",0.739048287810223
"_AACCTTTAGCTCATAC-2","Glut-CACNA1H-2","Ex_CACNA1H_LHX9",0.56019907637852
"_AACCTTTAGGCTCACC-2","Glut-CACNA1H-1","Ex_CACNA1H_LHX9",0.632430457547805
"_AACCTTTCAGAGGCAT-2","Glut-CACNA1H-1","Ex_CACNA1H_LHX9",0.847411324831718
"_AACCTTTTCGTCTAAG-2","Glut-CACNA1H-1","Ex_CACNA1H_LHX9",0.852141040132752
"_AACGGGACAAGCGGAT-2","Glut-CACNA1H-1","Ex_CACNA1H_LHX9",0.539646181165995
"_AACGGGACACACCGAC-2","Glut-CACNA1H-2","Ex_CACNA1H_LHX9",0.73195538142463
"_AACGGGAGTAGCGAGT-2","Glut-CACNA1H-2","Ex_CACNA1H_LHX9",0.48651493259675
"_AACGGGAGTTGTGTAC-2","Glut-CACNA1H-1","Ex_CACNA1H_LHX9",0.773616920668676
"_AACGGGATCATGAGTC-2","Glut-CACNA1H-1","Ex_CACNA1H_LHX9",0.874989905351092
"_AACGGGATCCGTCCTA-2","Glut-CACNA1H-1","Ex_CACNA1H_LHX9",0.734601946535867
"_AACGTCAAGAGAGTTT-2","Glut-CACNA1H-2","Ex_CACNA1H_LHX9",0.71814418312486
"_AACGTCATCAAACGAA-2","Glut-CACNA1H-3","Ex_CACNA1H_LHX9",0.826008431211035
"_AAGAACAGTCGCCACA-2","Glut-CACNA1H-2","Ex_CACNA1H_LHX9",0.699957678885541
"_AAGAACATCCATTCGC-2","Glut-CACNA1H-3","Ex_CACNA1H_LHX9",0.838866395021185
"_AAGACAATCACCGCTT-2","Glut-CACNA1H-1","Ex_CACNA1H_LHX9",0.308884334015615
"_AAGACAATCACGTCCT-2","Glut-CACNA1H-RA","Ex_CACNA1H_LHX9",0.775277665332014
"_AAGACTCTCACTGTTT-2","Glut-CACNA1H-1","Ex_CACNA1H_LHX9",0.833376049903476
"_AAGATAGGTTTCACAG-2","Glut-CACNA1H-2","Ex_CACNA1H_LHX9",0.672901900177813
"_AAGCATCCAAGATCCT-2","Glut-CACNA1H-2","Ex_CACNA1H_LHX9",0.555750892555775
"_AAGCATCGTTAAGGGC-2","Glut-CACNA1H-1","Ex_CACNA1H_LHX9",0.671756403707796
"_AAGCCATAGGGATGTC-2","Glut-CACNA1H-2","Ex_CACNA1H_LHX9",0.705403651527821
"_AAGCCATAGTGGCAGT-2","Glut-CACNA1H-4","Ex_CACNA1H_LHX9",0.923050460881455
"_AAGCCATTCAGTGTGT-2","Glut-CACNA1H-1","Ex_CACNA1H_LHX9",0.912011746050494
"_AAGCGAGAGACATATG-2","Glut-CACNA1H-2","Ex_CACNA1H_LHX9",0.520756671061915
"_AAGCGAGAGCAGCACA-2","Glut-CACNA1H-3","Ex_CACNA1H_LHX9",0.884296109291677
"_AAGCGAGAGGAGCTGT-2","Glut-CACNA1H-2","Ex_CACNA1H_LHX9",0.686903105678534
"_AAGCGTTAGTTCCGTA-2","Glut-CACNA1H-2","Ex_CACNA1H_LHX9",0.742504444242758
"_AAGCGTTGTAGTCTGT-2","Glut-CACNA1H-2","Ex_CACNA1H_LHX9",0.499290726060127
"_AAGGAATAGACCAGCA-2","Glut-CACNA1H-2","Ex_DACH2_NR4A3",0.212588202616199
"_AAGGAATCAGGTTCCG-2","Glut-CACNA1H-2","Ex_CACNA1H_LHX9",0.201393161880657
"_AAGGAATGTCAGGCAA-2","Glut-CACNA1H-2","Ex_CACNA1H_LHX9",0.588007372303924
"_AAGGTAAGTTCCTTGC-2","Glut-CACNA1H-1","Ex_CACNA1H_LHX9",0.844021130035051
"_AAGTACCAGTAAGCAT-2","Glut-CACNA1H-3","Ex_CACNA1H_LHX9",0.84331013356209
"_AAGTACCCACAATTCG-2","Glut-CACNA1H-2","Ex_CACNA1H_LHX9",0.577102506076783
"_AAGTACCGTACGTAGG-2","Glut-CACNA1H-3","Ex_CACNA1H_LHX9",0.709919303598125
"_AAGTGAACATCTCAAG-2","Glut-CACNA1H-3","Ex_CACNA1H_LHX9",0.897964967594054
"_AAGTTCGAGAACGCGT-2","Glut-CACNA1H-2","Ex_CACNA1H_LHX9",0.463301864655034
"_AAGTTCGCAAGTGGCA-2","Glut-CACNA1H-3","Ex_CACNA1H_LHX9",0.824368425728773
"_AAGTTCGGTCAACCTA-2","Glut-CACNA1H-2","Ex_CACNA1H_LHX9",0.511407058891269
"_AAGTTCGTCCATACTT-2","Glut-CACNA1H-1","Ex_CACNA1H_LHX9",0.768311858035969
"_AAGTTCGTCTTCGGTC-2","Glut-CACNA1H-3","Ex_CACNA1H_LHX9",0.298171761141087
"_AATAGAGCATGGCACC-2","Glut-CACNA1H-4","Ex_CACNA1H_LHX9",0.943078999312128
"_AATAGAGTCCCGTGAG-2","Glut-CACNA1H-2","Ex_CACNA1H_LHX9",0.559169237055558
"_AATAGAGTCGAAGGAC-2","Glut-CACNA1H-2","Ex_CACNA1H_LHX9",0.609870584224653
"_AATCACGCACTTTAGG-2","Glut-CACNA1H-2","Ex_CACNA1H_LHX9",0.850848638911462
"_AATCACGGTCGTGTTA-2","Glut-CACNA1H-1","Ex_CACNA1H_LHX9",0.859164429108728
"_AATCACGGTGGTCTTA-2","Glut-CACNA1H-3","Ex_CACNA1H_LHX9",0.819569818793664
"_AATCGACAGGGCGAAG-2","Glut-DACH2-4","Ex_DACH2_ITGA9",0.468611049308486
"_AATCGACGTCTTCCGT-2","Glut-CACNA1H-1","Ex_CACNA1H_LHX9",0.801440441044144
"_AATCGACTCAGATTGC-2","Glut-CACNA1H-3","Ex_CACNA1H_LHX9",0.784172624817589
"_AATCGACTCAGGAAAT-2","Glut-CACNA1H-2","Ex_CACNA1H_LHX9",0.797089036555333
"_AATCGTGCAACGATCT-2","Glut-CACNA1H-1","Ex_CACNA1H_LHX9",0.878852253222661
"_AATCGTGCATCAGTGT-2","Glut-CACNA1H-1","Ex_CACNA1H_LHX9",0.845632908320654
"_AATGCCAAGGATCACG-2","Glut-CACNA1H-3","Ex_CACNA1H_LHX9",0.766194688400366
"_AATGCCATCTAGACAC-2","Glut-CACNA1H-3","Ex_CACNA1H_LHX9",0.855769596761644
"_AATGGAAGTATCATGC-2","Glut-CACNA1H-2","Ex_CACNA1H_LHX9",0.513711828317392
"_AATGGAATCAAAGACA-2","Glut-CACNA1H-3","Ex_CACNA1H_LHX9",0.866671835825375
"_AATGGCTAGAAGTCAT-2","Glut-CACNA1H-2","Ex_CACNA1H_LHX9",0.624695040458823
"_AATGGCTAGCAGTAAT-2","Glut-CACNA1H-2","Ex_CACNA1H_LHX9",0.631301442888916
"_AATGGCTCAACGATTC-2","Glut-CACNA1H-1","Ex_CACNA1H_LHX9",0.870037663429953
"_AATGGCTGTAACACCT-2","Glut-CACNA1H-2","Ex_CACNA1H_LHX9",0.74908670406496
"_AATGGCTGTACGACAG-2","Glut-CACNA1H-2","Ex_CACNA1H_LHX9",0.574002563714758
"_AATGGCTGTGTAAATG-2","Glut-CACNA1H-2","Ex_CACNA1H_LHX9",0.622801572014766
"_AATTCCTTCACAAGGG-2","Glut-CACNA1H-3","Ex_CACNA1H_LHX9",0.560763684021441
"_AATTTCCAGGAACGCT-2","Glut-CACNA1H-3","Ex_CACNA1H_LHX9",0.784948799236741
"_AATTTCCTCAATCTTC-2","Glut-CACNA1H-3","Ex_CACNA1H_LHX9",0.773441480030574
"_ACAAAGACAATAAGGT-2","Glut-CACNA1H-4","Ex_CACNA1H_LHX9",0.960467605060506
"_ACAACCAAGGGCCAAT-2","Glut-DACH2-2","Ex_DACH2_MGAT4C",0.44824628968448
"_ACAACCACATACACCA-2","Glut-CACNA1H-1","Ex_CACNA1H_LHX9",0.876226636792838
"_ACACCAACACCATAAC-2","Glut-CACNA1H-3","Ex_CACNA1H_LHX9",0.759746314352627
"_ACACGCGAGACCTCAT-2","Glut-CACNA1H-1","Ex_CACNA1H_LHX9",0.91569725948387
"_ACACTGAAGGTCGTAG-2","Glut-CACNA1H-2","Ex_CACNA1H_LHX9",0.632145334342096
"_ACACTGACAAAGGGCT-2","Glut-CACNA1H-3","Ex_CACNA1H_LHX9",0.60661057542389
"_ACACTGATCAGCTAGT-2","Glut-CACNA1H-2","Ex_CACNA1H_LHX9",0.442760607348058
"_ACACTGATCTGGAGAG-2","Glut-CACNA1H-2","Ex_CACNA1H_LHX9",0.467284379884849
"_ACAGAAACATCGGATT-2","Glut-CACNA1H-4","Ex_CACNA1H_LHX9",0.911597807543347
"_ACAGAAAGTGGCACTC-2","Glut-CACNA1H-4","Ex_CACNA1H_LHX9",0.916727742445937
"_ACAGAAAGTTGGCTAT-2","Glut-CACNA1H-2","Ex_CACNA1H_LHX9",0.72988994095926
"_ACAGAAATCATCTCTA-2","Glut-CACNA1H-1","Ex_CACNA1H_LHX9",0.869056579538067
"_ACAGCCGGTAGATCCT-2","Glut-CACNA1H-2","Ex_CACNA1H_LHX9",0.570357089672631
"_ACAGCCGGTGCTGTCG-2","Glut-CACNA1H-1","Ex_CACNA1H_LHX9",0.844659521759852
"_ACAGCCGTCTACCCAC-2","Glut-CACNA1H-2","Ex_CACNA1H_LHX9",0.487839996995939
"_ACAGGGAAGGTAGGCT-2","Glut-CACNA1H-2","Ex_CACNA1H_LHX9",0.574463554040863
"_ACAGGGACAACAGCCC-2","Glut-CACNA1H-1","Ex_CACNA1H_LHX9",0.83935089370094
"_ACAGGGACAAGTGCAG-2","Glut-CACNA1H-3","Ex_CACNA1H_LHX9",0.843027097824087
"_ACAGGGATCCTACACC-2","Glut-CACNA1H-3","Ex_CACNA1H_LHX9",0.857690057795097
"_ACATCCCAGCGAACTG-2","Glut-CACNA1H-2","Ex_CACNA1H_LHX9",0.536578628989185
"_ACATCCCCAAATCGTC-2","Glut-CACNA1H-3","Ex_CACNA1H_LHX9",0.673036130885607
"_ACATCGAAGGCCCAAA-2","Glut-CACNA1H-1","Ex_CACNA1H_LHX9",0.894596018358172
"_ACATCGAAGTCACTGT-2","Glut-CACNA1H-1","Ex_CACNA1H_LHX9",0.854799316663166
"_ACATCGACAAATGGTA-2","Glut-CACNA1H-1","Ex_CACNA1H_LHX9",0.868954349258141
"_ACATCGATCAACTCTT-2","Glut-CACNA1H-1","Ex_CACNA1H_LHX9",0.901012307120915
"_ACATGCAAGATTGATG-2","Glut-CACNA1H-1","Ex_CACNA1H_LHX9",0.904954955078377
"_ACATGCATCTACACAG-2","Glut-CACNA1H-1","Ex_CACNA1H_LHX9",0.862289007250877
"_ACATTTCAGATGACAT-2","Glut-CACNA1H-2","Ex_CACNA1H_LHX9",0.691905217858953
"_ACATTTCAGTGAGTTA-2","Glut-CACNA1H-4","Ex_CACNA1H_LHX9",0.864364990995847
"_ACATTTCCACCGGTCA-2","Glut-CACNA1H-2","Ex_DACH2_NR4A3",0.354094077342008
"_ACCAAACTCGCAGTGC-2","Glut-CACNA1H-1","Ex_CACNA1H_LHX9",0.808557683639267
"_ACCAAACTCGTTGTTT-2","Glut-CACNA1H-2","Ex_CACNA1H_LHX9",0.601905788530504
"_ACCAACAAGTCTCTGA-2","Glut-CACNA1H-3","Ex_CACNA1H_LHX9",0.441940470965398
"_ACCAACAGTCTCACAA-2","Glut-CACNA1H-2","Ex_CACNA1H_LHX9",0.767862485178343
"_ACCACAAAGAAACACT-2","Glut-CACNA1H-2","Ex_CACNA1H_LHX9",0.595773858421989
"_ACCACAAAGAGTAACT-2","Glut-DACH2-1","Ex_DACH2_MGAT4C",0.41208583311315
"_ACCACAACAACACTAC-2","Glut-CACNA1H-2","Ex_CACNA1H_LHX9",0.254365278963116
"_ACCATTTCAATAGAGT-2","Glut-CACNA1H-2","Ex_CACNA1H_LHX9",0.683665158582449
"_ACCATTTCACTCATAG-2","Glut-CACNA1H-2","Ex_CACNA1H_LHX9",0.519929391797676
"_ACCCAAAAGAATAACC-2","Glut-CACNA1H-2","Ex_CACNA1H_LHX9",0.74305032897362
"_ACCCAAAAGGGATGTC-2","Glut-CACNA1H-2","Ex_CACNA1H_LHX9",0.245006994477694
"_ACCCAAAAGGGCAGGA-2","Glut-CACNA1H-4","Ex_CACNA1H_LHX9",0.914491618249659
"_ACCCAAACACCTTCCA-2","Glut-CACNA1H-2","Ex_CACNA1H_LHX9",0.502760636800169
"_ACCCAAAGTCTCCCTA-2","Glut-CACNA1H-1","Ex_CACNA1H_LHX9",0.882538482568293
"_ACCCTCAGTCATAAAG-2","Glut-CACNA1H-4","Ex_CACNA1H_LHX9",0.863670975700221
"_ACCCTTGAGTTGGAGC-2","Glut-CACNA1H-3","Ex_CACNA1H_LHX9",0.79487043481911
"_ACCGTTCAGATGGGCT-2","Glut-CACNA1H-1","Ex_CACNA1H_LHX9",0.727285780834637
"_ACCGTTCTCCTCTAAT-2","Glut-CACNA1H-2","Ex_CACNA1H_LHX9",0.620305979682592
"_ACCGTTCTCGATTGAC-2","Glut-DACH2-HVCra-Int","Ex_DACH2_MGAT4C",0.292647949858008
"_ACCGTTCTCGCTGTCT-2","Glut-CACNA1H-2","Ex_CACNA1H_LHX9",0.730079907178251
"_ACCTACCCACAAGCAG-2","Glut-CACNA1H-1","Ex_CACNA1H_LHX9",0.890007553786108
"_ACCTGAACATCGAGCC-2","Glut-CACNA1H-1","Ex_CACNA1H_LHX9",0.869282560057516
"_ACCTGTCAGATTGATG-2","Glut-CACNA1H-1","Ex_CACNA1H_LHX9",0.845113279579204
"_ACCTGTCAGGATGCGT-2","Glut-CACNA1H-1","Ex_CACNA1H_LHX9",0.573112219408693
"_ACCTGTCTCCGGACGT-2","Glut-CACNA1H-1","Ex_CACNA1H_LHX9",0.816871744572898
"_ACCTGTCTCCTACACC-2","Glut-CACNA1H-2","Ex_CACNA1H_LHX9",0.638835491387271
"_ACGATCATCATTTCCA-2","Glut-CACNA1H-1","Ex_CACNA1H_LHX9",0.770490476220801
"_ACGATCATCCCTCGAT-2","Glut-CACNA1H-2","Ex_CACNA1H_LHX9",0.758577919539415
"_ACGATCATCGTTCCTG-2","Glut-CACNA1H-2","Ex_CACNA1H_LHX9",0.584380053731793
"_ACGATGTGTAAGGCCA-2","Glut-CACNA1H-4","Ex_CACNA1H_LHX9",0.903821213500247
"_ACGCACGAGAGCTTTC-2","Glut-CACNA1H-1","Ex_CACNA1H_LHX9",0.871111081800709
"_ACGCACGAGTCCTGCG-2","Glut-CACNA1H-1","Ex_CACNA1H_LHX9",0.913299951493861
"_ACGGAAGAGGCAGGGA-2","Glut-CACNA1H-2","Ex_CACNA1H_LHX9",0.66580922837172
"_ACGGAAGCAGGTGACA-2","Glut-CACNA1H-4","Ex_CACNA1H_LHX9",0.851100486712599
"_ACGGGTCAGCCAAGGT-2","Glut-CACNA1H-3","Ex_DACH2_NR4A3",0.303298943628978
"_ACGGGTCTCCTTCAGC-2","Glut-CACNA1H-1","Ex_CACNA1H_LHX9",0.879261001331219
"_ACGGTCGAGGTTACAA-2","Glut-CACNA1H-2","Ex_CACNA1H_LHX9",0.60630166827017
"_ACGGTTAAGCAGGCAT-2","Glut-CACNA1H-2","Ex_CACNA1H_LHX9",0.517379331984363
"_ACGGTTACACAGTCAT-2","Glut-CACNA1H-2","Ex_CACNA1H_LHX9",0.754188330130126
"_ACGGTTATCAGTGTGT-2","Glut-CACNA1H-2","Ex_CACNA1H_LHX9",0.727812817115356
"_ACGTAACTCTGGCCAG-2","Glut-CACNA1H-1","Ex_CACNA1H_LHX9",0.899720700507717
"_ACGTACAAGAGGCCAT-2","Glut-CACNA1H-1","Ex_CACNA1H_LHX9",0.809383547346511
"_ACGTACACACGTACTA-2","Glut-DACH2-3","Ex_DACH2_SLIT2",0.64210602471086
"_ACGTACATCCAGTGTA-2","Glut-CACNA1H-1","Ex_CACNA1H_LHX9",0.795864635980125
"_ACGTAGTGTCCATACA-2","Glut-CACNA1H-2","Ex_CACNA1H_LHX9",0.771532571682031
"_ACGTAGTTCACAGAGG-2","Glut-CACNA1H-2","Ex_CACNA1H_LHX9",0.549482828380593
"_ACGTCCTCACCTCAGG-2","Glut-CACNA1H-2","Ex_DACH2_NR4A3",0.346164483288638
"_ACGTCCTTCACCACAA-2","Glut-CACNA1H-2","Ex_CACNA1H_LHX9",0.765946968475702
"_ACGTCCTTCTTTGATC-2","Glut-CACNA1H-1","Ex_CACNA1H_LHX9",0.77667704252703
"_ACGTTCCCATGGCGCT-2","Glut-CACNA1H-3","Ex_CACNA1H_LHX9",0.773270796303921
"_ACTACGACAGTCTCTC-2","Glut-CACNA1H-2","Ex_CACNA1H_LHX9",0.219958482539764
"_ACTATCTAGGTCATCT-2","Glut-CACNA1H-1","Ex_CACNA1H_LHX9",0.897978799319025
"_ACTATCTTCGTCACCT-2","Glut-DACH2-2","Ex_DACH2_MGAT4C",0.338654046184371
"_ACTATGGAGCGCATCC-2","Glut-CACNA1H-1","Ex_CACNA1H_LHX9",0.855437543095904
"_ACTATTCCAATAGAGT-2","Glut-CACNA1H-3","Ex_CACNA1H_LHX9",0.734144385442356
"_ACTATTCCACGTCTCT-2","Glut-CACNA1H-2","Ex_CACNA1H_LHX9",0.730388658574893
"_ACTATTCCACTACACA-2","Glut-CACNA1H-1","Ex_CACNA1H_LHX9",0.850519475033935
"_ACTCCCAGTGTCTAAC-2","Glut-CACNA1H-2","Ex_CACNA1H_LHX9",0.621375570190486
"_ACTCTCGAGCGCATCC-2","Glut-CACNA1H-2","Ex_CACNA1H_LHX9",0.577477604063406
"_ACTCTCGCACGCACCA-2","Glut-CACNA1H-2","Ex_CACNA1H_LHX9",0.606050817261746
"_ACTGATGGTCTAGATC-2","Glut-CACNA1H-2","Ex_CACNA1H_LHX9",0.682067017707333
"_ACTGATGGTGGTATGG-2","Glut-CACNA1H-1","Ex_CACNA1H_LHX9",0.433775733421433
"_ACTGCAAAGCCTCAGC-2","Glut-CACNA1H-3","Ex_CACNA1H_LHX9",0.830923150172464
"_ACTGCAATCGCCAGAC-2","Glut-CACNA1H-1","Ex_CACNA1H_LHX9",0.845837732210859
"_ACTGTCCAGCCTATTG-2","Glut-CACNA1H-2","Ex_CACNA1H_LHX9",0.533005570496112
"_ACTGTGACACGATTCA-2","Glut-CACNA1H-1","Ex_CACNA1H_LHX9",0.824220941916822
"_ACTGTGATCGCTACGG-2","Glut-CACNA1H-3","Ex_CACNA1H_LHX9",0.649482444115488
"_ACTTAGGCACTGCGAC-2","Glut-CACNA1H-3","Ex_CACNA1H_LHX9",0.708526148691148
"_ACTTATCAGTTGGGAC-2","Glut-CACNA1H-2","Ex_CACNA1H_LHX9",0.863547276200848
"_ACTTCCGAGAGAGAAC-2","Glut-CACNA1H-3","Ex_CACNA1H_LHX9",0.649881812536244
"_ACTTCCGGTATGCGGA-2","Glut-CACNA1H-1","Ex_CACNA1H_LHX9",0.924484035431059
"_ACTTCCGGTCAGATTC-2","Glut-CACNA1H-2","Ex_CACNA1H_LHX9",0.481300344038595
"_ACTTCCGGTGGTTTAC-2","Glut-CACNA1H-2","Ex_CACNA1H_LHX9",0.630033089184326
"_ACTTCCGTCCGAGATT-2","Glut-CACNA1H-2","Ex_CACNA1H_LHX9",0.395841083199208
"_ACTTTCAAGTCTGGTT-2","Glut-CACNA1H-4","Ex_CACNA1H_LHX9",0.854166474712231
"_ACTTTGTGTCAAAGAT-2","Glut-CACNA1H-1","Ex_CACNA1H_LHX9",0.838259346369112
"_ACTTTGTGTTGCCGCA-2","Glut-CACNA1H-2","Ex_CACNA1H_LHX9",0.520681313211052
"_ACTTTGTTCCAAGCCG-2","Glut-CACNA1H-2","Ex_CACNA1H_LHX9",0.530158460237068
"_AGAACAAAGTCCCAGC-2","Glut-CACNA1H-1","Ex_CACNA1H_LHX9",0.904403400745553
"_AGAACAACATGTGGTT-2","Glut-CACNA1H-4","Ex_CACNA1H_LHX9",0.888757442114215
"_AGAACAAGTACGAGTG-2","Glut-CACNA1H-1","Ex_CACNA1H_LHX9",0.882030036531176
"_AGAACAATCACCATCC-2","Glut-CACNA1H-3","Ex_CACNA1H_LHX9",0.799467728391911
"_AGAACAATCTAGCAAC-2","Glut-CACNA1H-2","Ex_CACNA1H_LHX9",0.595141176741898
"_AGAACCTGTCTCGACG-2","Glut-CACNA1H-1","Ex_CACNA1H_LHX9",0.457037878313389
"_AGAAGCGAGACGCATG-2","Glut-CACNA1H-3","Ex_CACNA1H_LHX9",0.6838179313947
"_AGAAGCGCACAATGTC-2","Glut-CACNA1H-1","Ex_CACNA1H_LHX9",0.666380721954552
"_AGAAGTAAGAGTCGAC-2","Glut-CACNA1H-1","Ex_CACNA1H_LHX9",0.862530640450679
"_AGAAGTAAGGGAGTGG-2","Glut-CACNA1H-2","Ex_CACNA1H_LHX9",0.826265897817219
"_AGAAGTACAAACTGCT-2","Glut-CACNA1H-3","Ex_CACNA1H_LHX9",0.82276117786065
"_AGACAAAAGCTCGGCT-2","Glut-CACNA1H-2","Ex_CACNA1H_LHX9",0.544425197022875
"_AGACAAATCATTACGG-2","Glut-CACNA1H-2","Ex_CACNA1H_LHX9",0.690522083103762
"_AGACACTCAAGAAACT-2","Glut-CACNA1H-1","Ex_CACNA1H_LHX9",0.569227787819632
"_AGACACTGTCGAGCAA-2","Glut-CACNA1H-1","Ex_CACNA1H_LHX9",0.899126331740541
"_AGACACTGTGCATACT-2","Glut-CACNA1H-1","Ex_CACNA1H_LHX9",0.918201116310066
"_AGACACTTCCAGGACC-2","Glut-CACNA1H-1","Ex_CACNA1H_LHX9",0.870952283481086
"_AGACACTTCCTCGATC-2","Glut-CACNA1H-3","Ex_CACNA1H_LHX9",0.345011320843784
"_AGACACTTCGTGGACC-2","Glut-CACNA1H-1","Ex_CACNA1H_LHX9",0.850236361879175
"_AGACAGGAGCGGTAGT-2","Glut-CACNA1H-4","Ex_CACNA1H_LHX9",0.515797058551313
"_AGACAGGCACCCTGAG-2","Glut-CACNA1H-2","Ex_CACNA1H_LHX9",0.561555817489126
"_AGACAGGTCATTGCCC-2","Glut-CACNA1H-1","Ex_CACNA1H_LHX9",0.819457422955845
"_AGACAGGTCCTACGGG-2","Glut-CACNA1H-1","Ex_CACNA1H_LHX9",0.782748536605395
"_AGACCATCACGCTATA-2","Glut-CACNA1H-1","Ex_CACNA1H_LHX9",0.860605354308353
"_AGACCATCAGGCATGA-2","Glut-CACNA1H-RA","Ex_CACNA1H_LHX9",0.877343103513676
"_AGACCATGTTAAGAAC-2","Glut-CACNA1H-2","Ex_DACH2_NR4A3",0.198269698212441
"_AGACCATGTTCGGCTG-2","Glut-CACNA1H-1","Ex_CACNA1H_LHX9",0.886785601587004
"_AGACCATGTTTGGGAG-2","Glut-CACNA1H-1","Ex_CACNA1H_LHX9",0.870901088520149
"_AGACCCGCAAACAGGC-2","Glut-DACH2-1","Ex_DACH2_MGAT4C",0.494501120348739
"_AGACCCGCACATAACC-2","Glut-CACNA1H-3","Ex_CACNA1H_LHX9",0.823799241687704
"_AGACCCGGTAGTTCCA-2","Glut-CACNA1H-2","Ex_CACNA1H_LHX9",0.687583670746606
"_AGACCCGGTGAAGCTG-2","Glut-CACNA1H-3","Ex_CACNA1H_LHX9",0.572096744226313
"_AGACCCGGTGTCGATT-2","Glut-CACNA1H-4","Ex_CACNA1H_LHX9",0.907845151106413
"_AGACCCGTCGACATCA-2","Glut-CACNA1H-1","Ex_CACNA1H_LHX9",0.908529582520976
"_AGACCCGTCTTTCCGG-2","Glut-CACNA1H-2","Ex_CACNA1H_LHX9",0.643966578542739
"_AGACTCAAGCGAACTG-2","Glut-CACNA1H-4","Ex_CACNA1H_LHX9",0.937830598492722
"_AGACTCAAGTTTCGGT-2","Glut-CACNA1H-2","Ex_CACNA1H_LHX9",0.536409811166803
"_AGACTCAGTGAACTAA-2","Glut-CACNA1H-1","Ex_CACNA1H_LHX9",0.923755918360166
"_AGAGAATAGACTTGTC-2","Glut-CACNA1H-2","Ex_CACNA1H_LHX9",0.548939530485499
"_AGAGAATAGGGCTAAC-2","Glut-CACNA1H-2","Ex_CACNA1H_LHX9",0.358642788705041
"_AGAGAATTCAGGACGA-2","Glut-CACNA1H-1","Ex_CACNA1H_LHX9",0.870744545250362
"_AGAGAGCGTAAGTTAG-2","Glut-CACNA1H-4","Ex_CACNA1H_LHX9",0.942160963171931
"_AGAGCAGTCCATGCAA-2","Glut-CACNA1H-1","Ex_CACNA1H_LHX9",0.723935383892856
"_AGAGCCCAGGTCGCCT-2","Glut-CACNA1H-2","Ex_CACNA1H_LHX9",0.523030735707386
"_AGAGCCCCAAACAGGC-2","Glut-CACNA1H-2","Ex_CACNA1H_LHX9",0.719006671963814
"_AGAGCCCTCTCCAAGA-2","Glut-CACNA1H-2","Ex_CACNA1H_LHX9",0.557255805996234
"_AGATAGAGTCCAGCAC-2","Glut-CACNA1H-1","Ex_CACNA1H_LHX9",0.883896180513176
"_AGATCGTAGTAGTCAA-2","Glut-CACNA1H-1","Ex_CACNA1H_LHX9",0.871056205452785
"_AGATCGTGTGAGTCAG-2","Glut-CACNA1H-1","Ex_CACNA1H_LHX9",0.259583144736375
"_AGATGAAAGGCGATAC-2","Glut-CACNA1H-1","Ex_CACNA1H_LHX9",0.879471754908605
"_AGATGAATCAACTCTT-2","Glut-CACNA1H-1","Ex_CACNA1H_LHX9",0.883866823540171
"_AGCCAATGTCGAGCAA-2","Glut-CACNA1H-2","Ex_DACH2_SLIT2",0.477400656419077
"_AGCCACGCAATCGAAA-2","Glut-CACNA1H-2","Ex_CACNA1H_LHX9",0.717829188091217
"_AGCCAGCAGGCCTGAA-2","Glut-CACNA1H-3","Ex_CACNA1H_LHX9",0.849749916005104
"_AGCCAGCCAGACCTGC-2","Glut-CACNA1H-2","Ex_CACNA1H_LHX9",0.484864394193504
"_AGCGATTGTACGCTAT-2","Glut-CACNA1H-1","Ex_CACNA1H_LHX9",0.744249985082886
"_AGCGATTTCTAGTGAC-2","Glut-CACNA1H-2","Ex_CACNA1H_LHX9",0.700601411421033
"_AGCGCCAGTAGTCACT-2","Glut-CACNA1H-4","Ex_CACNA1H_LHX9",0.859558835262011
"_AGCGCCATCTGCGTCT-2","Glut-CACNA1H-1","Ex_CACNA1H_LHX9",0.663537310165176
"_AGCGCTGTCAACCGAT-2","Glut-CACNA1H-4","Ex_CACNA1H_LHX9",0.939613565122341
"_AGCGTATGTCGTCATA-2","Glut-CACNA1H-2","Ex_CACNA1H_LHX9",0.684855269031873
"_AGCTACACAAATAAGC-2","Glut-CACNA1H-1","Ex_CACNA1H_LHX9",0.873051132190011
"_AGCTACACACGCTGTG-2","Glut-CACNA1H-1","Ex_CACNA1H_LHX9",0.772579431079099
"_AGCTACAGTATCGTTG-2","Glut-CACNA1H-3","Ex_CACNA1H_LHX9",0.496527685103128
"_AGCTACAGTGGGACAT-2","Glut-CACNA1H-2","Ex_CACNA1H_LHX9",0.573315180081407
"_AGCTACATCAGACAAA-2","Glut-CACNA1H-2","Ex_CACNA1H_LHX9",0.508192044972515
"_AGCTCAAAGAATCGTA-2","Glut-CACNA1H-1","Ex_CACNA1H_LHX9",0.747382819417544
"_AGCTCAAAGCTTAGTC-2","Glut-CACNA1H-1","Ex_CACNA1H_LHX9",0.873015326555948
"_AGCTCAAGTCTGGTTA-2","Glut-CACNA1H-2","Ex_CACNA1H_LHX9",0.76911006868146
"_AGCTTCCAGAGTGACC-2","Glut-CACNA1H-2","Ex_CACNA1H_LHX9",0.7567276943197
"_AGCTTCCAGGTCACTT-2","Glut-CACNA1H-2","Ex_DACH2_NR4A3",0.200454873517354
"_AGCTTCCCACATTACG-2","Glut-CACNA1H-1","Ex_CACNA1H_LHX9",0.866437158097982
"_AGCTTCCGTCGCATCG-2","Glut-CACNA1H-1","Ex_CACNA1H_LHX9",0.895278827200094
"_AGGAAATCAGCTGTAT-2","Glut-CACNA1H-3","Ex_CACNA1H_LHX9",0.460949730179762
"_AGGACGAAGGGCTTCC-2","Glut-CACNA1H-1","Ex_CACNA1H_LHX9",0.887748144610933
"_AGGACTTCAGAACCGA-2","Glut-CACNA1H-2","Ex_CACNA1H_LHX9",0.719475520697687
"_AGGAGGTCACCTGATA-2","Glut-CACNA1H-2","Ex_CACNA1H_LHX9",0.715556077612939
"_AGGAGGTGTACTGACT-2","Glut-CACNA1H-2","Ex_CACNA1H_LHX9",0.781729335028514
"_AGGAGGTTCTAGCATG-2","Glut-CACNA1H-3","Ex_CACNA1H_LHX9",0.818678850736215
"_AGGATAATCATTGCCC-2","Glut-CACNA1H-2","Ex_CACNA1H_LHX9",0.547487757874801
"_AGGATAATCTGTGCTC-2","Glut-CACNA1H-2","Ex_CACNA1H_LHX9",0.789029977778148
"_AGGATCTCAATCTGCA-2","Glut-CACNA1H-2","Ex_CACNA1H_LHX9",0.772041660771471
"_AGGATCTTCAGGGATG-2","Glut-CACNA1H-2","Ex_CACNA1H_LHX9",0.815731804067009
"_AGGCATTAGGCAGTCA-2","Glut-CACNA1H-3","Ex_CACNA1H_LHX9",0.868728418499725
"_AGGCATTTCTCAATCT-2","Glut-CACNA1H-2","Ex_DACH2_NR4A3",0.212106153240998
"_AGGCTGCAGCGATCGA-2","Glut-CACNA1H-3","Ex_CACNA1H_LHX9",0.829133019213615
"_AGGCTGCTCGGAACTT-2","Glut-CACNA1H-2","Ex_CACNA1H_LHX9",0.513892219976408
"_AGGGAGTAGGTATTGA-2","Glut-CACNA1H-4","Ex_DACH2_SLIT2",0.576385161763519
"_AGGGCCTAGTGGCGAT-2","Glut-CACNA1H-3","Ex_CACNA1H_LHX9",0.872003092449846
"_AGGGTCCCACTTGTCC-2","Glut-CACNA1H-2","Ex_CACNA1H_LHX9",0.52626353654806
"_AGGGTGAAGTGTTCAC-2","Glut-CACNA1H-3","Ex_CACNA1H_LHX9",0.77487658947663
"_AGGGTGACAAAGTGTA-2","Glut-CACNA1H-2","Ex_CACNA1H_LHX9",0.688141505245537
"_AGGGTGAGTATGGTAA-2","Glut-CACNA1H-2","Ex_CACNA1H_LHX9",0.583811176917464
"_AGGGTTTCAGGAACCA-2","Glut-CACNA1H-1","Ex_CACNA1H_LHX9",0.865453171418876
"_AGGTAGGCAAGTCATC-2","Glut-CACNA1H-1","Ex_CACNA1H_LHX9",0.860243826073122
"_AGGTAGGGTGAATGTA-2","Glut-CACNA1H-1","Ex_CACNA1H_LHX9",0.87661247495716
"_AGGTAGGGTGAGCTCC-2","Glut-CACNA1H-4","Ex_CACNA1H_LHX9",0.867296995051176
"_AGGTCATCACGTAACT-2","Glut-CACNA1H-2","Ex_CACNA1H_LHX9",0.7582318642427
"_AGGTCATCATGCTGCG-2","Glut-CACNA1H-3","Ex_CACNA1H_LHX9",0.804174481103391
"_AGGTCTAAGGGTATAT-2","Glut-DACH2-1","Ex_DACH2_MGAT4C",0.367064791661602
"_AGGTCTATCGATACTG-2","Glut-CACNA1H-2","Ex_CACNA1H_LHX9",0.72642429747676
"_AGGTCTATCTACTATC-2","Glut-CACNA1H-1","Ex_CACNA1H_LHX9",0.866240807851761
"_AGGTGTTAGAAGCTCG-2","Glut-CACNA1H-4","Ex_CACNA1H_LHX9",0.922920107502856
"_AGGTGTTAGCAAATGT-2","Glut-CACNA1H-2","Ex_CACNA1H_LHX9",0.753192832895987
"_AGGTGTTGTCTCAGAT-2","Glut-CACNA1H-1","Ex_CACNA1H_LHX9",0.760503159797164
"_AGGTGTTTCGGTAGGA-2","Glut-CACNA1H-2","Ex_CACNA1H_LHX9",0.641299428249074
"_AGGTGTTTCTAGCCTC-2","Glut-CACNA1H-1","Ex_CACNA1H_LHX9",0.866272885754417
"_AGGTTACAGTATTAGG-2","Glut-DACH2-1","Ex_DACH2_MGAT4C",0.668927499886776
"_AGGTTACCAAGAGTGC-2","Glut-CACNA1H-1","Ex_CACNA1H_LHX9",0.694366869198731
"_AGGTTGTAGATCGCCC-2","Glut-CACNA1H-2","Ex_CACNA1H_LHX9",0.665266416195094
"_AGGTTGTCACACTGGC-2","Glut-CACNA1H-2","Ex_CACNA1H_LHX9",0.634580108562831
"_AGGTTGTCAGCAAGAC-2","Glut-CACNA1H-4","Ex_CACNA1H_LHX9",0.911460390829688
"_AGTAACCGTGCGGATA-2","Glut-CACNA1H-1","Ex_CACNA1H_LHX9",0.79741562251731
"_AGTAACCGTTGTCTAG-2","Glut-CACNA1H-2","Ex_CACNA1H_LHX9",0.220527922219414
"_AGTACCACACGCTGTG-2","Glut-CACNA1H-4","Ex_CACNA1H_LHX9",0.836226716502615
"_AGTACTGAGTAATCCC-2","Glut-CACNA1H-1","Ex_CACNA1H_LHX9",0.891931917992117
"_AGTACTGCAATCGAAA-2","Glut-CACNA1H-1","Ex_CACNA1H_LHX9",0.786147224845405
"_AGTACTGTCTACCACC-2","Glut-CACNA1H-2","Ex_DACH2_SLIT2",0.648339284337068
"_AGTAGCTTCAACTCTT-2","Glut-CACNA1H-4","Ex_DACH2_SLIT2",0.619852875263507
"_AGTAGTCAGCACGATG-2","Glut-CACNA1H-3","Ex_CACNA1H_LHX9",0.863097443589362
"_AGTAGTCCAGAGTAAT-2","Glut-CACNA1H-4","Ex_CACNA1H_LHX9",0.93589859704872
"_AGTCAACAGTTGAATG-2","Glut-DACH2-1","Ex_DACH2_SLIT2",0.541806114969086
"_AGTCAACCATCTAACG-2","Glut-CACNA1H-4","Ex_CACNA1H_LHX9",0.924440116052701
"_AGTCAACTCGCCTAGG-2","Glut-CACNA1H-2","Ex_TSHZ2_NR4A2",0.377091924965316
"_AGTCACAGTTTCCATT-2","Glut-CACNA1H-2","Ex_CACNA1H_LHX9",0.589562971345439
"_AGTCACATCCAATGCA-2","Glut-CACNA1H-2","Ex_CACNA1H_LHX9",0.576713606199309
"_AGTCATGCAACCCGCA-2","Glut-CACNA1H-2","Ex_CACNA1H_LHX9",0.675932939838643
"_AGTCATGCACGATTCA-2","Glut-CACNA1H-2","Ex_CACNA1H_LHX9",0.504969829038253
"_AGTCATGGTGAATTAG-2","Glut-CACNA1H-2","Ex_CACNA1H_LHX9",0.653893100042012
"_AGTCATGTCGAGCCTG-2","Glut-CACNA1H-1","Ex_CACNA1H_LHX9",0.825916410439607
"_AGTCTCCCACCGCTGA-2","Glut-CACNA1H-2","Ex_CACNA1H_LHX9",0.468806833309631
"_AGTCTCCGTGACTATC-2","Glut-CACNA1H-4","Ex_CACNA1H_LHX9",0.893498307614337
"_AGTCTCCTCCCAAGCG-2","Glut-CACNA1H-2","Ex_CACNA1H_LHX9",0.804487776170717
"_AGTGACTAGATTCGAA-2","Glut-CACNA1H-2","Ex_CACNA1H_LHX9",0.476614750072867
"_AGTGACTAGGAGACCT-2","Glut-CACNA1H-1","Ex_CACNA1H_LHX9",0.886346885191526
"_AGTGACTAGGTGGTTG-2","Glut-CACNA1H-2","Ex_CACNA1H_LHX9",0.746933886855981
"_AGTGTTGCAAATCAGA-2","Glut-CACNA1H-1","Ex_CACNA1H_LHX9",0.86334063238048
"_AGTGTTGCATGGATCT-2","Glut-CACNA1H-2","Ex_CACNA1H_LHX9",0.652418391577929
"_AGTGTTGGTTTGCAGT-2","Glut-CACNA1H-2","Ex_CACNA1H_LHX9",0.585222082540679
"_AGTTAGCCATTCAGGT-2","Glut-CACNA1H-1","Ex_CACNA1H_LHX9",0.911771843157818
"_AGTTAGCGTATGAGAT-2","Glut-CACNA1H-4","Ex_CACNA1H_LHX9",0.653222825188971
"_AGTTAGCTCGTTGTGA-2","Glut-DACH2-1","Ex_DACH2_MGAT4C",0.427436297044633
"_AGTTCCCAGGTTGTTC-2","Glut-CACNA1H-2","Ex_CACNA1H_LHX9",0.64673662016756
"_AGTTCCCTCCGAAGGA-2","Glut-CACNA1H-2","Ex_CACNA1H_LHX9",0.689915916048341
"_AGTTCGAGTAGCACGA-2","Glut-CACNA1H-2","Ex_CACNA1H_LHX9",0.507910362908852
"_AGTTCGATCAACTGGT-2","Glut-DACH2-1","Ex_DACH2_MGAT4C",0.423223783957902
"_ATACCGAAGAGGCGGA-2","Glut-CACNA1H-4","Ex_CACNA1H_LHX9",0.939001806929383
"_ATACCGACATGGCTAT-2","Glut-CACNA1H-1","Ex_CACNA1H_LHX9",0.893797179601391
"_ATACCTTGTCACCCTT-2","Glut-CACNA1H-2","Ex_CACNA1H_LHX9",0.665841431303511
"_ATACCTTTCAGCTTGA-2","Glut-CACNA1H-2","Ex_CACNA1H_LHX9",0.405695408132213
"_ATACTTCCATACAGCT-2","Glut-CACNA1H-1","Ex_CACNA1H_LHX9",0.84175380067788
"_ATAGAGATCAGACAAA-2","Glut-CACNA1H-1","Ex_CACNA1H_LHX9",0.84330038788689
"_ATAGGCTAGCACTCAT-2","Glut-CACNA1H-2","Ex_CACNA1H_LHX9",0.609118077741967
"_ATAGGCTGTCAAGTTC-2","Glut-CACNA1H-1","Ex_CACNA1H_LHX9",0.887691886493813
"_ATATCCTTCGTAGTCA-2","Glut-DACH2-1","Ex_DACH2_MGAT4C",0.539945277613628
"_ATCACAGGTAACATGA-2","Glut-CACNA1H-2","Ex_CACNA1H_LHX9",0.730708479266164
"_ATCACAGTCCTGTAAG-2","Glut-CACNA1H-3","Ex_CACNA1H_LHX9",0.741526795706476
"_ATCACAGTCTACTATC-2","Glut-CACNA1H-4","Ex_CACNA1H_LHX9",0.609138061210475
"_ATCACGAGTTTGAACC-2","Glut-CACNA1H-1","Ex_CACNA1H_LHX9",0.847047499844675
"_ATCAGGTGTCGCGTCA-2","Glut-CACNA1H-2","Ex_CACNA1H_LHX9",0.842552661678909
"_ATCAGGTGTCTCTCAC-2","Glut-CACNA1H-4","Ex_CACNA1H_LHX9",0.969898643475122
"_ATCATTCGTTCGAGCC-2","Glut-CACNA1H-4","Ex_CACNA1H_LHX9",0.877404600608428
"_ATCATTCGTTGCGGAA-2","Glut-CACNA1H-1","Ex_CACNA1H_LHX9",0.853451681359051
"_ATCATTCTCGAGTACT-2","Glut-CACNA1H-2","Ex_CACNA1H_LHX9",0.761968868099954
"_ATCCACCCACTAAACC-2","Glut-CACNA1H-1","Ex_CACNA1H_LHX9",0.80944066099961
"_ATCCACCCAGAGAATT-2","Glut-CACNA1H-4","Ex_CACNA1H_LHX9",0.947520998668713
"_ATCCATTAGCCGTTAT-2","Glut-CACNA1H-2","Ex_CACNA1H_LHX9",0.659402270343699
"_ATCCATTCAAGCCTGC-2","Glut-CACNA1H-1","Ex_CACNA1H_LHX9",0.832875734082968
"_ATCCCTGTCGCCTAGG-2","Glut-CACNA1H-3","Ex_CACNA1H_LHX9",0.866243121259405
"_ATCCGTCCATCCTGTC-2","Glut-CACNA1H-2","Ex_CACNA1H_LHX9",0.493174876912213
"_ATCCGTCGTGAGCCAA-2","Glut-CACNA1H-2","Ex_KIAA1217_BCL6",0.209438452405492
"_ATCGATGCAGATACTC-2","Glut-CACNA1H-4","Ex_CACNA1H_LHX9",0.823204402882906
"_ATCGCCTAGACTTCCA-2","Glut-CACNA1H-2","Ex_CACNA1H_LHX9",0.762170072222677
"_ATCGGATCACAATTCG-2","Glut-CACNA1H-1","Ex_CACNA1H_LHX9",0.684590820637637
"_ATCGGATGTCGTACTA-2","Glut-CACNA1H-3","Ex_CACNA1H_LHX9",0.902676289541894
"_ATCGGCGCAGTCGAGA-2","Glut-CACNA1H-2","Ex_CACNA1H_LHX9",0.687935386859615
"_ATCGTAGAGTCATGGG-2","Glut-CACNA1H-1","Ex_CACNA1H_LHX9",0.862484052491743
"_ATCGTAGCATGGGTCC-2","Glut-CACNA1H-1","Ex_CACNA1H_LHX9",0.886728345703967
"_ATCGTAGGTGTTGATC-2","Glut-CACNA1H-3","Ex_CACNA1H_LHX9",0.445707438653889
"_ATCGTCCGTTGTGCAT-2","Glut-CACNA1H-1","Ex_CACNA1H_LHX9",0.937015975951084
"_ATCGTCCTCAAGCTGT-2","Glut-CACNA1H-1","Ex_CACNA1H_LHX9",0.875481832614455
"_ATCGTGAAGATTTGCC-2","Glut-CACNA1H-3","Ex_CACNA1H_LHX9",0.682871897554996
"_ATCGTGAGTACCACGC-2","Glut-CACNA1H-1","Ex_CACNA1H_LHX9",0.887737441256921
"_ATCGTGAGTCCACGCA-2","Glut-CACNA1H-1","Ex_CACNA1H_LHX9",0.823978907212058
"_ATCGTGAGTTAGAAAC-2","Glut-CACNA1H-3","Ex_CACNA1H_LHX9",0.809024556982015
"_ATCGTGATCATCCTGC-2","Glut-DACH2-1","Ex_DACH2_SLIT2",0.593674041295102
"_ATCTCTATCAGACAAA-2","Glut-CACNA1H-2","Ex_CACNA1H_LHX9",0.423142612126077
"_ATCTTCATCTTTACAC-2","Glut-CACNA1H-1","Ex_CACNA1H_LHX9",0.846150464513943
"_ATGAAAGTCGTAACAC-2","Glut-DACH2-1","Ex_DACH2_NR4A3",0.656628958282973
"_ATGACCACAGAATCGG-2","Glut-CACNA1H-4","Ex_CACNA1H_LHX9",0.924737865705551
"_ATGACCACAGACGATG-2","Glut-CACNA1H-1","Ex_CACNA1H_LHX9",0.915972185356812
"_ATGACCATCCATTGCC-2","Glut-DACH2-1","Ex_DACH2_NR4A3",0.356686743092769
"_ATGAGGGAGCACACCC-2","Glut-CACNA1H-3","Ex_CACNA1H_LHX9",0.583217505995938
"_ATGAGGGCACGCGTCA-2","Glut-CACNA1H-2","Ex_CACNA1H_LHX9",0.603599726148679
"_ATGAGGGTCTAGTACG-2","Glut-CACNA1H-3","Ex_CACNA1H_LHX9",0.912606907189729
"_ATGAGTCAGCACTCGC-2","Glut-CACNA1H-1","Ex_CACNA1H_LHX9",0.785786240344102
"_ATGAGTCAGGAGAATG-2","Glut-CACNA1H-1","Ex_CACNA1H_LHX9",0.885906446674293
"_ATGAGTCCATGACTGT-2","Glut-CACNA1H-2","Ex_CACNA1H_LHX9",0.800304016968325
"_ATGAGTCGTCTACGTA-2","Glut-CACNA1H-3","Ex_CACNA1H_LHX9",0.880128144094118
"_ATGAGTCGTGAGAGGG-2","Glut-CACNA1H-3","Ex_CACNA1H_LHX9",0.35325671958294
"_ATGAGTCTCCTTCTAA-2","Glut-CACNA1H-2","Ex_CACNA1H_LHX9",0.803628487611767
"_ATGATCGAGCCATCCG-2","Glut-CACNA1H-2","Ex_DACH2_NR4A3",0.345430725282279
"_ATGATCGGTGGATGAC-2","Glut-CACNA1H-2","Ex_CACNA1H_LHX9",0.581781706350381
"_ATGATCGGTTCGCGTG-2","Glut-CACNA1H-1","Ex_CACNA1H_LHX9",0.88925367571111
"_ATGCATGCACAACGAG-2","Glut-CACNA1H-1","Ex_CACNA1H_LHX9",0.855817923392927
"_ATGCATGGTCTACGTA-2","Glut-CACNA1H-2","Ex_CACNA1H_LHX9",0.787614338156377
"_ATGCATGTCGTAACTG-2","Glut-CACNA1H-3","Ex_CACNA1H_LHX9",0.523151407155149
"_ATGCCTCGTTAGTCGT-2","Glut-CACNA1H-3","Ex_CACNA1H_LHX9",0.885902222749494
"_ATGCGATGTCATCGCG-2","Glut-CACNA1H-1","Ex_CACNA1H_LHX9",0.512067902716077
"_ATGGAGGGTTTGTTCT-2","Glut-CACNA1H-1","Ex_CACNA1H_LHX9",0.813931293207477
"_ATGGATCGTCAGGTAG-2","Glut-CACNA1H-1","Ex_CACNA1H_LHX9",0.877219257030437
"_ATGGATCGTGAACCGA-2","Glut-CACNA1H-3","Ex_CACNA1H_LHX9",0.622559021149683
"_ATGGATCGTGCACATT-2","Glut-CACNA1H-2","Ex_CACNA1H_LHX9",0.775935377565843
"_ATGGATCTCCACTGGG-2","Glut-CACNA1H-4","Ex_CACNA1H_LHX9",0.745579878780669
"_ATGGGAGAGGGAGGGT-2","Glut-CACNA1H-1","Ex_CACNA1H_LHX9",0.809053407368527
"_ATGGGAGAGTGCCCGT-2","Glut-CACNA1H-3","Ex_CACNA1H_LHX9",0.851465802596876
"_ATGGGAGTCTCGGGAC-2","Glut-CACNA1H-2","Ex_CACNA1H_LHX9",0.875456982199583
"_ATGGGAGTCTGCGGGT-2","Glut-CACNA1H-4","Ex_CACNA1H_LHX9",0.932753516359317
"_ATGGTTGAGGCAGTCA-2","Glut-DACH2-1","Ex_DACH2_MGAT4C",0.359376943622127
"_ATGTCCCCAATGAACA-2","Glut-CACNA1H-2","Ex_CACNA1H_LHX9",0.572129209221188
"_ATGTCCCTCCTTATCA-2","Glut-CACNA1H-1","Ex_CACNA1H_LHX9",0.87136343834524
"_ATGTCCCTCTTCTGGC-2","Glut-CACNA1H-2","Ex_CACNA1H_LHX9",0.536101925310819
"_ATGTCTTCACAAACGG-2","Glut-CACNA1H-1","Ex_CACNA1H_LHX9",0.909458346693881
"_ATTACCTAGCTTCGTA-2","Glut-CACNA1H-2","Ex_CACNA1H_LHX9",0.796309898093445
"_ATTACCTAGTTGTACC-2","Glut-CACNA1H-3","Ex_CACNA1H_LHX9",0.792920421918849
"_ATTACCTAGTTTCGAC-2","Glut-CACNA1H-1","Ex_CACNA1H_LHX9",0.879313893416996
"_ATTACCTCATCATTGG-2","Glut-CACNA1H-2","Ex_CACNA1H_LHX9",0.727258141373853
"_ATTACCTTCGTGTGGC-2","Glut-CACNA1H-1","Ex_CACNA1H_LHX9",0.876336816964636
"_ATTACTCAGAGGACTC-2","Glut-CACNA1H-1","Ex_CACNA1H_LHX9",0.869737972760873
"_ATTACTCAGATACCAA-2","Glut-CACNA1H-1","Ex_CACNA1H_LHX9",0.624905018287724
"_ATTATCCGTCTACGTA-2","Glut-CACNA1H-1","Ex_CACNA1H_LHX9",0.290798585246653
"_ATTCACTCAAAGTATG-2","Glut-CACNA1H-1","Ex_CACNA1H_LHX9",0.793348800279647
"_ATTCACTGTGACTCGC-2","Glut-CACNA1H-3","Ex_CACNA1H_LHX9",0.820807193595323
"_ATTCACTTCACCTCAC-2","Glut-DACH2-1","Ex_DACH2_MGAT4C",0.581218685707581
"_ATTCAGGAGCCAAGGT-2","Glut-CACNA1H-3","Ex_CACNA1H_LHX9",0.822892281002659
"_ATTCATCAGCTGACTT-2","Glut-CACNA1H-2","Ex_CACNA1H_LHX9",0.422267063661368
"_ATTCATCCAGTACTAC-2","Glut-CACNA1H-4","Ex_CACNA1H_LHX9",0.942012453581396
"_ATTCATCGTCTGTGGC-2","Glut-CACNA1H-2","Ex_CACNA1H_LHX9",0.73618966871905
"_ATTCCATAGCGTATGG-2","Glut-CACNA1H-1","Ex_CACNA1H_LHX9",0.813027768140481
"_ATTCCATCACTTCATT-2","Glut-CACNA1H-2","Ex_CACNA1H_LHX9",0.630660401807874
"_ATTCCATCAGCTGCCA-2","Glut-CACNA1H-4","Ex_CACNA1H_LHX9",0.933437191359645
"_ATTCCATCATATGAAG-2","Glut-CACNA1H-2","Ex_CACNA1H_LHX9",0.587935808631528
"_ATTCCATTCGCGTGCA-2","Glut-CACNA1H-2","Ex_CACNA1H_LHX9",0.509178278595805
"_ATTCCCGAGTAATTGG-2","Glut-CACNA1H-2","Ex_CACNA1H_LHX9",0.790645824223683
"_ATTCCCGGTTCCACAA-2","Glut-CACNA1H-2","Ex_CACNA1H_LHX9",0.660523017528794
"_ATTCCTATCCCTTCCC-2","Glut-CACNA1H-1","Ex_CACNA1H_LHX9",0.841067417763291
"_ATTCCTATCGGTCAGC-2","Glut-CACNA1H-3","Ex_CACNA1H_LHX9",0.847448849398876
"_ATTCGTTAGCACGATG-2","Glut-CACNA1H-3","Ex_CACNA1H_LHX9",0.268384935011612
"_ATTCTACCACAGAGAC-2","Glut-CACNA1H-2","Ex_CACNA1H_LHX9",0.641403326751879
"_ATTCTACGTGTCACAT-2","Glut-CACNA1H-2","Ex_CACNA1H_LHX9",0.819562953926942
"_ATTCTACTCTAAACGC-2","Glut-CACNA1H-2","Ex_CACNA1H_LHX9",0.603509387194571
"_ATTCTTGCAGCGTACC-2","Glut-CACNA1H-1","Ex_CACNA1H_LHX9",0.8025557754685
"_ATTCTTGCATCCGTGG-2","Glut-CACNA1H-1","Ex_CACNA1H_LHX9",0.896821558692559
"_ATTCTTGTCCTTCACG-2","Glut-CACNA1H-2","Ex_CACNA1H_LHX9",0.756926347446307
"_ATTGGGTCATGACTGT-2","Glut-CACNA1H-1","Ex_CACNA1H_LHX9",0.910809362919556
"_ATTGGGTGTGCCCTTT-2","Glut-CACNA1H-2","Ex_CACNA1H_LHX9",0.625819547606603
"_ATTTACCCACTGCGAC-2","Glut-CACNA1H-2","Ex_CACNA1H_LHX9",0.516098936712321
"_ATTTACCCAGCGTTTA-2","Glut-CACNA1H-3","Ex_CACNA1H_LHX9",0.854777314699546
"_ATTTACCTCGCTGCGA-2","Glut-CACNA1H-1","Ex_CACNA1H_LHX9",0.864839331983707
"_ATTTACCTCGGAAACG-2","Glut-CACNA1H-1","Ex_CACNA1H_LHX9",0.647649257012916
"_ATTTACCTCGTGCTCT-2","Glut-CACNA1H-1","Ex_CACNA1H_LHX9",0.875861560313899
"_ATTTCACAGCACTCAT-2","Glut-CACNA1H-3","Ex_CACNA1H_LHX9",0.797265983213177
"_ATTTCACCAGGCGTTC-2","Glut-CACNA1H-2","Ex_CACNA1H_LHX9",0.402143005923784
"_ATTTCACTCACCTGGG-2","Glut-CACNA1H-3","Ex_CACNA1H_LHX9",0.770126389079994
"_ATTTCTGAGAATCTAG-2","Glut-CACNA1H-1","Ex_CACNA1H_LHX9",0.55813263375905
"_ATTTCTGCAACAGCTT-2","Glut-CACNA1H-1","Ex_CACNA1H_LHX9",0.789835466295947
"_ATTTCTGCAGCCATTA-2","Glut-CACNA1H-2","Ex_CACNA1H_LHX9",0.610052547885055
"_ATTTCTGTCTCTGGTC-2","Glut-CACNA1H-1","Ex_CACNA1H_LHX9",0.877654923022474
"_CAAAGAAAGCCTATTG-2","Glut-CACNA1H-2","Ex_CACNA1H_LHX9",0.673226948901699
"_CAAAGAAAGGATGCGT-2","Glut-CACNA1H-3","Ex_CACNA1H_LHX9",0.738113076156267
"_CAAAGAATCAGGGATG-2","Glut-CACNA1H-1","Ex_CACNA1H_LHX9",0.690113540698747
"_CAAAGAATCTCACTCG-2","Glut-CACNA1H-2","Ex_CACNA1H_LHX9",0.83798045399444
"_CAACAACAGTAACCTC-2","Glut-CACNA1H-1","Ex_CACNA1H_LHX9",0.889725845066579
"_CAACAACCATCGTGGC-2","Glut-CACNA1H-2","Ex_CACNA1H_LHX9",0.613578867418961
"_CAACAGTAGAGGCGTT-2","Glut-CACNA1H-1","Ex_CACNA1H_LHX9",0.874405522314203
"_CAACAGTGTGGCTGCT-2","Glut-CACNA1H-1","Ex_CACNA1H_LHX9",0.762488695365781
"_CAACCAAAGAGCCATG-2","Glut-CACNA1H-2","Ex_CACNA1H_LHX9",0.710191089952036
"_CAACCAAAGGATACGC-2","Glut-CACNA1H-2","Ex_CACNA1H_LHX9",0.457487802032218
"_CAACCTCTCAAGTGTC-2","Glut-CACNA1H-2","Ex_CACNA1H_LHX9",0.653552089580563
"_CAACCTCTCGTGGTAT-2","Glut-CACNA1H-1","Ex_CACNA1H_LHX9",0.76581631773183
"_CAACGATCACAATCTG-2","Glut-CACNA1H-2","Ex_CACNA1H_LHX9",0.753229588895516
"_CAACGATTCTGCTAGA-2","Glut-CACNA1H-1","Ex_CACNA1H_LHX9",0.84497816649974
"_CAACGGCAGAAATGGG-2","Glut-CACNA1H-2","Ex_CACNA1H_LHX9",0.580880008085162
"_CAACGGCGTAGCGTCC-2","Glut-CACNA1H-1","Ex_CACNA1H_LHX9",0.828920723240491
"_CAACGGCGTGCTCGTG-2","Glut-CACNA1H-2","Ex_CACNA1H_LHX9",0.544452900698974
"_CAAGACTAGCCAAGCA-2","Glut-CACNA1H-2","Ex_CACNA1H_LHX9",0.606534283249877
"_CAAGACTGTCCTGTTC-2","Glut-CACNA1H-2","Ex_CACNA1H_LHX9",0.5054326589351
"_CAAGACTGTTGTTGCA-2","Glut-CACNA1H-3","Ex_CACNA1H_LHX9",0.242222072553922
"_CAAGAGGGTCGCCTAG-2","Glut-DACH2-1","Ex_DACH2_MGAT4C",0.526024001307757
"_CAAGCTAAGCCATTTG-2","Glut-CACNA1H-3","Ex_CACNA1H_LHX9",0.856867762002072
"_CAAGGGAAGAGGCTGT-2","Glut-CACNA1H-3","Ex_CACNA1H_LHX9",0.894713037559611
"_CAAGGGAAGATACTGA-2","Glut-CACNA1H-3","Ex_CACNA1H_LHX9",0.731429962882889
"_CAAGGGACAGTCCCGA-2","Glut-CACNA1H-1","Ex_DACH2_NR4A3",0.338246570318657
"_CAAGGGAGTGGAAGTC-2","Glut-CACNA1H-3","Ex_CACNA1H_LHX9",0.83278084762664
"_CAATACGAGGTTGGTG-2","Glut-CACNA1H-4","Ex_DACH2_SLIT2",0.649037360599366
"_CAATACGGTATACGGG-2","Glut-CACNA1H-1","Ex_CACNA1H_LHX9",0.910800802717174
"_CAATCGATCGGACTTA-2","Glut-CACNA1H-3","Ex_CACNA1H_LHX9",0.840675886067815
"_CAATCGATCTGCTTAT-2","Glut-CACNA1H-2","Ex_CACNA1H_LHX9",0.557068605920886
"_CAATGACCAGAGGCAT-2","Glut-CACNA1H-1","Ex_CACNA1H_LHX9",0.678060079715545
"_CAATGACGTAACAAGT-2","Glut-CACNA1H-2","Ex_CACNA1H_LHX9",0.77589385810554
"_CAATGACGTAACCAGG-2","Glut-CACNA1H-1","Ex_CACNA1H_LHX9",0.408331925854826
"_CAATGACGTCACTCAA-2","Glut-CACNA1H-1","Ex_CACNA1H_LHX9",0.772869894959115
"_CAATGACTCGGCATCG-2","Glut-CACNA1H-2","Ex_CACNA1H_LHX9",0.7625185835624
"_CAATTTCAGTCTTCGA-2","Glut-CACNA1H-4","Ex_CACNA1H_LHX9",0.721725087375533
"_CAATTTCTCATGAAAG-2","Glut-CACNA1H-1","Ex_CACNA1H_LHX9",0.810422048505206
"_CAATTTCTCTTAGCTT-2","Glut-CACNA1H-2","Ex_CACNA1H_LHX9",0.74525918721836
"_CACAACACACCTATCC-2","Glut-CACNA1H-2","Ex_CACNA1H_LHX9",0.437276601054688
"_CACAACAGTACTCGTA-2","Glut-CACNA1H-2","Ex_CACNA1H_LHX9",0.500236729355209
"_CACACAAAGGGTACGT-2","Glut-CACNA1H-1","Ex_CACNA1H_LHX9",0.899863996590991
"_CACACAACAATGGCCC-2","Glut-CACNA1H-1","Ex_CACNA1H_LHX9",0.779213873248891
"_CACACAAGTACGAGTG-2","Glut-DACH2-1","Ex_DACH2_MGAT4C",0.465209927696648
"_CACACAAGTGGGCTCT-2","Glut-CACNA1H-1","Ex_CACNA1H_LHX9",0.892397169638637
"_CACACAAGTGTGTGGA-2","Glut-CACNA1H-3","Ex_CACNA1H_LHX9",0.848807633986999
"_CACACAATCACACCCT-2","Glut-CACNA1H-4","Ex_CACNA1H_LHX9",0.900124109554942
"_CACACAATCGCTACGG-2","Glut-CACNA1H-3","Ex_CACNA1H_LHX9",0.895810676570247
"_CACAGATAGGAGTATT-2","Glut-CACNA1H-2","Ex_CACNA1H_LHX9",0.783110011335168
"_CACAGGCGTAGACAAT-2","Glut-CACNA1H-1","Ex_CACNA1H_LHX9",0.825051429628043
"_CACAGGCGTGACACGA-2","Glut-CACNA1H-2","Ex_CACNA1H_LHX9",0.521961534359134
"_CACATGATCTGTGTGA-2","Glut-CACNA1H-3","Ex_CACNA1H_LHX9",0.677262574551848
"_CACCAAAAGCACTAGG-2","Glut-CACNA1H-2","Ex_CACNA1H_LHX9",0.458259599807812
"_CACCGTTAGCGGCTCT-2","Glut-CACNA1H-2","Ex_CACNA1H_LHX9",0.641261904963787
"_CACGAATAGGAAGTGA-2","Glut-CACNA1H-1","Ex_CACNA1H_LHX9",0.823175585058299
"_CACGAATCAGTCGAGA-2","Glut-CACNA1H-1","Ex_CACNA1H_LHX9",0.897224498585704
"_CACGAATGTCATAACC-2","Glut-CACNA1H-1","Ex_CACNA1H_LHX9",0.844155019052101
"_CACGAATGTTAGAAGT-2","Glut-CACNA1H-RA","Ex_DACH2_LHX2",0.171682411184284
"_CACGGGTGTTCTAAGC-2","Glut-CACNA1H-2","Ex_CACNA1H_LHX9",0.556571657544882
"_CACGTGGCAAGCACAG-2","Glut-CACNA1H-1","Ex_CACNA1H_LHX9",0.458334086976336
"_CACGTGGGTAGGGAGG-2","Glut-CACNA1H-1","Ex_CACNA1H_LHX9",0.880177407919177
"_CACGTGGGTCCAGTTA-2","Glut-CACNA1H-2","Ex_CACNA1H_LHX9",0.676621455868938
"_CACGTGGGTGCTTCAA-2","Glut-CACNA1H-1","Ex_DACH2_NR4A3",0.241499074466366
"_CACGTGGGTTGTTGCA-2","Glut-CACNA1H-2","Ex_CACNA1H_LHX9",0.650411979304835
"_CACGTGGTCCCATTTA-2","Glut-CACNA1H-2","Ex_DACH2_NR4A3",0.33522597348442
"_CACGTTCCACTGCGAC-2","Glut-CACNA1H-1","Ex_DACH2_NR4A3",0.47712866533415
"_CACGTTCCAGAGTCTT-2","Glut-CACNA1H-1","Ex_CACNA1H_LHX9",0.839025967669795
"_CACTAAGAGACCTCAT-2","Glut-CACNA1H-1","Ex_CACNA1H_LHX9",0.801034419471619
"_CACTAAGCAGCTTCGG-2","Glut-CACNA1H-3","Ex_CACNA1H_LHX9",0.814675782960626
"_CACTAAGCATGAAAGT-2","Glut-CACNA1H-3","Ex_CACNA1H_LHX9",0.882156186599966
"_CACTGAATCTAGACAC-2","Glut-CACNA1H-2","Ex_CACNA1H_LHX9",0.7955789842778
"_CACTGAATCTCCGCAT-2","Glut-CACNA1H-3","Ex_CACNA1H_LHX9",0.822340897306124
"_CACTGGGAGATACGAT-2","Glut-CACNA1H-4","Ex_CACNA1H_LHX9",0.409150913801351
"_CACTGTCAGTTTGGCT-2","Glut-CACNA1H-1","Ex_CACNA1H_LHX9",0.807981920941368
"_CACTTCGAGCTCATAC-2","Glut-CACNA1H-1","Ex_CACNA1H_LHX9",0.901738917257797
"_CAGAGCCGTGTTCAGT-2","Glut-CACNA1H-2","Ex_CACNA1H_LHX9",0.626200522387544
"_CAGATACAGACTCAAA-2","Glut-CACNA1H-1","Ex_CACNA1H_LHX9",0.868956959984751
"_CAGATACCAGGAGGTT-2","Glut-CACNA1H-4","Ex_CACNA1H_LHX9",0.889997334879374
"_CAGATACCATGACACT-2","Glut-CACNA1H-1","Ex_CACNA1H_LHX9",0.936080531756178
"_CAGATACGTACGGTTT-2","Glut-CACNA1H-2","Ex_CACNA1H_LHX9",0.552600347906355
"_CAGATCAAGCACACCC-2","Glut-CACNA1H-3","Ex_CACNA1H_LHX9",0.727450412653597
"_CAGATCAAGTAGTCCT-2","Glut-CACNA1H-1","Ex_CACNA1H_LHX9",0.884430890258259
"_CAGATCATCAGCGGAA-2","Glut-CACNA1H-3","Ex_CACNA1H_LHX9",0.821019781584049
"_CAGATTGAGGAATTAC-2","Glut-CACNA1H-1","Ex_CACNA1H_LHX9",0.899376590165176
"_CAGATTGCATTGGATC-2","Glut-CACNA1H-2","Ex_CACNA1H_LHX9",0.63687789920383
"_CAGCAATGTACCATAC-2","Glut-CACNA1H-1","Ex_CACNA1H_LHX9",0.881830972649716
"_CAGCAATTCCGCACTT-2","Glut-CACNA1H-2","Ex_CACNA1H_LHX9",0.54025632769472
"_CAGCACGAGTCGGCCT-2","Glut-CACNA1H-1","Ex_CACNA1H_LHX9",0.383797427985075
"_CAGCACGCAACCGATT-2","Glut-CACNA1H-2","Ex_CACNA1H_LHX9",0.431880696768016
"_CAGCACGCACGCCAGT-2","Glut-CACNA1H-1","Ex_CACNA1H_LHX9",0.899791661091854
"_CAGCACGTCCCGAAAT-2","Glut-CACNA1H-2","Ex_DACH2_NR4A3",0.252969178910867
"_CAGCACGTCTTGAGCA-2","Glut-CACNA1H-2","Ex_CACNA1H_LHX9",0.83712582558177
"_CAGCAGCAGACGGAAA-2","Glut-CACNA1H-3","Ex_CACNA1H_LHX9",0.746336397852839
"_CAGCAGCGTTACCTTT-2","Glut-CACNA1H-2","Ex_CACNA1H_LHX9",0.361451000941935
"_CAGCCAGCACGTCGTG-2","Glut-CACNA1H-1","Ex_CACNA1H_LHX9",0.857988835334735
"_CAGGCCAAGTACAACA-2","Glut-CACNA1H-1","Ex_CACNA1H_LHX9",0.268294857931842
"_CAGGCCACAAGCTGCC-2","Glut-CACNA1H-4","Ex_CACNA1H_LHX9",0.900183766825425
"_CAGGCCACACGCGGTT-2","Glut-CACNA1H-3","Ex_CACNA1H_LHX9",0.693288850888362
"_CAGGCCAGTCGTTCAA-2","Glut-CACNA1H-1","Ex_CACNA1H_LHX9",0.801209826102771
"_CAGGCCATCACTACTT-2","Glut-CACNA1H-2","Ex_CACNA1H_LHX9",0.794811503749937
"_CAGGGCTTCGCGTGCA-2","Glut-DACH2-1","Ex_DACH2_NR4A3",0.598847785410942
"_CAGGGCTTCGTAACCA-2","Glut-CACNA1H-1","Ex_CACNA1H_LHX9",0.859162700463136
"_CAGGTATCAGTCGGAA-2","Glut-CACNA1H-4","Ex_CACNA1H_LHX9",0.912363302350084
"_CAGTGCGCAAGAGGCT-2","Glut-CACNA1H-4","Ex_CACNA1H_LHX9",0.913547564731664
"_CAGTTAGAGTAGGTTA-2","Glut-CACNA1H-2","Ex_CACNA1H_LHX9",0.586081532556825
"_CAGTTAGCAGGTGTGA-2","Glut-CACNA1H-3","Ex_CACNA1H_LHX9",0.916269191325218
"_CAGTTAGGTTATCCAG-2","Glut-CACNA1H-4","Ex_CACNA1H_LHX9",0.94620245843395
"_CAGTTAGTCACCTACC-2","Glut-CACNA1H-2","Ex_CACNA1H_LHX9",0.806188201711299
"_CAGTTAGTCATCGTAG-2","Glut-CACNA1H-1","Ex_CACNA1H_LHX9",0.879623599758313
"_CAGTTAGTCCTACGGG-2","Glut-CACNA1H-1","Ex_CACNA1H_LHX9",0.862722128246674
"_CAGTTCCAGACAGTCG-2","Glut-CACNA1H-1","Ex_CACNA1H_LHX9",0.81244603727369
"_CAGTTCCAGGAATCGC-2","Glut-CACNA1H-2","Ex_DACH2_NR4A3",0.192523916944443
"_CAGTTCCCACGTCGTG-2","Glut-CACNA1H-2","Ex_CACNA1H_LHX9",0.704301088851468
"_CAGTTCCCATAGGTTC-2","Glut-CACNA1H-1","Ex_CACNA1H_LHX9",0.828285995522856
"_CAGTTCCTCATACGGT-2","Glut-CACNA1H-3","Ex_CACNA1H_LHX9",0.571799643312726
"_CATACAGTCGACATAC-2","Glut-CACNA1H-1","Ex_CACNA1H_LHX9",0.881589951349677
"_CATACCCTCCTAGCTC-2","Glut-CACNA1H-3","Ex_CACNA1H_LHX9",0.730938611977467
"_CATACTTAGCTGAAGC-2","Glut-CACNA1H-2","Ex_CACNA1H_LHX9",0.617599358226734
"_CATACTTAGGTCCCGT-2","Glut-CACNA1H-2","Ex_CACNA1H_LHX9",0.624255796000804
"_CATACTTAGGTTAGTA-2","Glut-CACNA1H-1","Ex_CACNA1H_LHX9",0.709661237945813
"_CATAGACCATTCTTCA-2","Glut-CACNA1H-2","Ex_CACNA1H_LHX9",0.496069065612736
"_CATAGACGTAAGATAC-2","Glut-CACNA1H-1","Ex_CACNA1H_LHX9",0.889866912110508
"_CATAGACTCGCGATCG-2","Glut-CACNA1H-1","Ex_CACNA1H_LHX9",0.804772122229094
"_CATCAAGAGCATCCCG-2","Glut-CACNA1H-2","Ex_CACNA1H_LHX9",0.595821546237443
"_CATCAAGCAGCAGACA-2","Glut-CACNA1H-2","Ex_CACNA1H_LHX9",0.778558910414612
"_CATCAAGCAGTCACGC-2","Glut-DACH2-3","Ex_DACH2_SLIT2",0.647715610592153
"_CATCAAGTCAAGTGTC-2","Glut-CACNA1H-2","Ex_CACNA1H_LHX9",0.419795720452682
"_CATCAAGTCGCCAATA-2","Glut-DACH2-1","Ex_DACH2_MGAT4C",0.552677301818624
"_CATCCCAAGCTTGTGT-2","Glut-CACNA1H-1","Ex_CACNA1H_LHX9",0.893228787371067
"_CATCCCATCACCTTAT-2","Glut-CACNA1H-2","Ex_CACNA1H_LHX9",0.55805495528097
"_CATCCCATCGTTCTGC-2","Glut-CACNA1H-2","Ex_CACNA1H_LHX9",0.611564690125155
"_CATCCGTAGGTAAGGA-2","Glut-CACNA1H-1","Ex_CACNA1H_LHX9",0.879953479984652
"_CATCGGGAGGTAGCCA-2","Glut-CACNA1H-4","Ex_CACNA1H_LHX9",0.888642988210645
"_CATCGGGGTCTACGTA-2","Glut-CACNA1H-1","Ex_CACNA1H_LHX9",0.796911728844002
"_CATCGTCAGAGAAGGT-2","Glut-CACNA1H-1","Ex_CACNA1H_LHX9",0.902751112624754
"_CATGAGTAGCGTTAGG-2","Glut-CACNA1H-2","Ex_CACNA1H_LHX9",0.705206878829801
"_CATGAGTAGTAATCCC-2","Glut-CACNA1H-2","Ex_CACNA1H_LHX9",0.640989820829361
"_CATGAGTCATCTATCT-2","Glut-DACH2-1","Ex_DACH2_MGAT4C",0.582686018134923
"_CATGAGTGTCCAGTTA-2","Glut-CACNA1H-1","Ex_CACNA1H_LHX9",0.845056715310654
"_CATGAGTGTCCCACGA-2","Glut-CACNA1H-3","Ex_CACNA1H_LHX9",0.892361438149322
"_CATGCAACACGCTGTG-2","Glut-CACNA1H-2","Ex_CACNA1H_LHX9",0.563809165723934
"_CATGCAAGTGTTACTG-2","Glut-CACNA1H-4","Ex_CACNA1H_LHX9",0.907856580507316
"_CATGCAATCTGTGTGA-2","Glut-CACNA1H-3","Ex_CACNA1H_LHX9",0.82382021269961
"_CATGCGGGTCAAACGG-2","Glut-DACH2-3","Ex_DACH2_LHX2",0.332348234000239
"_CATGCGGTCTTACACT-2","Glut-DACH2-1","Ex_CACNA1H_MCTP2",0.401838182661456
"_CATGGATGTCTATGAC-2","Glut-CACNA1H-1","Ex_CACNA1H_LHX9",0.86605840210295
"_CATGGTATCGTCGGGT-2","Glut-CACNA1H-2","Ex_CACNA1H_LHX9",0.603717977074523
"_CATTCATCAATAGTCC-2","Glut-CACNA1H-2","Ex_CACNA1H_LHX9",0.594404909584404
"_CATTCCGAGCTAGATA-2","Glut-CACNA1H-2","Ex_CACNA1H_LHX9",0.61841789740877
"_CATTCTACAGTGTGCC-2","Glut-CACNA1H-2","Ex_CACNA1H_LHX9",0.25066678024486
"_CATTGAGAGACAACAT-2","Glut-CACNA1H-2","Ex_CACNA1H_LHX9",0.444826785862451
"_CATTGAGCATAATCGC-2","Glut-CACNA1H-2","Ex_CACNA1H_LHX9",0.443764966296115
"_CATTGCCCAGGTAGTG-2","Glut-CACNA1H-2","Ex_CACNA1H_LHX9",0.532661826032265
"_CATTGCCGTTGTATGC-2","Glut-CACNA1H-1","Ex_CACNA1H_LHX9",0.842700281253711
"_CATTGTTAGTCATCGT-2","Glut-CACNA1H-2","Ex_CACNA1H_LHX9",0.643355912767161
"_CATTTCAGTCGTCATA-2","Glut-CACNA1H-3","Ex_CACNA1H_LHX9",0.769349309462586
"_CATTTCATCAGTCACA-2","Glut-CACNA1H-4","Ex_CACNA1H_LHX9",0.883662253071047
"_CCAAGCGGTTCATCGA-2","Glut-CACNA1H-2","Ex_CACNA1H_LHX9",0.424570206454999
"_CCAAGCGTCCTAGAGT-2","Glut-CACNA1H-1","Ex_CACNA1H_LHX9",0.856849186065542
"_CCAATGAGTATTTCGG-2","Glut-CACNA1H-3","Ex_CACNA1H_LHX9",0.752850091176105
"_CCAATGAGTGAGACGT-2","Glut-CACNA1H-2","Ex_CACNA1H_LHX9",0.532781669215345
"_CCAATGATCGATACAC-2","Glut-CACNA1H-1","Ex_CACNA1H_LHX9",0.854171746402496
"_CCAATTTAGATACTGA-2","Glut-CACNA1H-1","Ex_CACNA1H_LHX9",0.829901341965369
"_CCAATTTCATGGGATG-2","Glut-CACNA1H-2","Ex_CACNA1H_LHX9",0.777355183005205
"_CCAATTTGTTCAGCTA-2","Glut-CACNA1H-4","Ex_DACH2_SLIT2",0.659400528513607
"_CCAATTTGTTGGACCC-2","Glut-CACNA1H-1","Ex_CACNA1H_LHX9",0.864849106179118
"_CCACAAATCTACTGAG-2","Glut-CACNA1H-2","Ex_CACNA1H_LHX9",0.391643016775325
"_CCACACTGTTAGGCTT-2","Glut-CACNA1H-2","Ex_CACNA1H_LHX9",0.701594273605951
"_CCACACTTCCATTTAC-2","Glut-CACNA1H-4","Ex_CACNA1H_LHX9",0.905107380350189
"_CCACCATAGAGCCGTA-2","Glut-CACNA1H-RA","Ex_CACNA1H_LHX9",0.81777165859088
"_CCACCATTCTGTGCAA-2","Glut-CACNA1H-1","Ex_CACNA1H_LHX9",0.881476885838138
"_CCACGAGCATCTGTTT-2","Glut-CACNA1H-2","Ex_CACNA1H_LHX9",0.564364567004461
"_CCACGTTGTAGGGAGG-2","Glut-CACNA1H-2","Ex_CACNA1H_LHX9",0.708389108696049
"_CCACTTGCAACTTCTT-2","Glut-CACNA1H-3","Ex_CACNA1H_LHX9",0.866540768454586
"_CCACTTGCATCTTTCA-2","Glut-CACNA1H-2","Ex_CACNA1H_LHX9",0.674113314339063
"_CCACTTGCATGTGCCG-2","Glut-CACNA1H-3","Ex_CACNA1H_LHX9",0.816919059006125
"_CCACTTGGTTCCGCGA-2","Glut-CACNA1H-1","Ex_CACNA1H_LHX9",0.811847060212406
"_CCATAAGCAGCCTACG-2","Glut-CACNA1H-4","Ex_CACNA1H_LHX9",0.944492144258368
"_CCATAAGGTGCGAACA-2","Glut-CACNA1H-3","Ex_CACNA1H_LHX9",0.864721001881718
"_CCATAAGGTGTGCCTG-2","Glut-CACNA1H-4","Ex_CACNA1H_LHX9",0.889287541378635
"_CCATCACGTTTCTATC-2","Glut-CACNA1H-1","Ex_CACNA1H_LHX9",0.912479264312935
"_CCCATTGGTACGATGG-2","Glut-CACNA1H-3","Ex_CACNA1H_LHX9",0.698382121291225
"_CCCATTGGTTAATCGC-2","Glut-CACNA1H-1","Ex_CACNA1H_LHX9",0.712842888961547
"_CCCATTGTCTCGACGG-2","Glut-CACNA1H-2","Ex_CACNA1H_LHX9",0.68012532642877
"_CCCGAAGAGACGCATG-2","Glut-CACNA1H-2","Ex_CACNA1H_LHX9",0.522692596406164
"_CCCGAAGAGTACGTCT-2","Glut-CACNA1H-2","Ex_CACNA1H_LHX9",0.742732108804571
"_CCCGAAGGTCTGTGTA-2","Glut-CACNA1H-2","Ex_CACNA1H_LHX9",0.685610781475153
"_CCCGGAAAGGGCAAGG-2","Glut-CACNA1H-1","Ex_CACNA1H_LHX9",0.821813024712963
"_CCCGGAACAAGTTCCA-2","Glut-CACNA1H-2","Ex_CACNA1H_LHX9",0.662825657145882
"_CCCGGAAGTAGTCTGT-2","Glut-CACNA1H-1","Ex_CACNA1H_LHX9",0.817771523316637
"_CCCGGAAGTGCGGTAA-2","Glut-CACNA1H-3","Ex_CACNA1H_LHX9",0.77990955300111
"_CCCTCAAAGTCAATCC-2","Glut-CACNA1H-2","Ex_CACNA1H_LHX9",0.802411211730295
"_CCCTCAAAGTCCCAAT-2","Glut-CACNA1H-1","Ex_CACNA1H_LHX9",0.791960185822884
"_CCCTCAAGTTTAGAGA-2","Glut-CACNA1H-2","Ex_CACNA1H_LHX9",0.434604577288145
"_CCCTCTCGTAAGTTAG-2","Glut-CACNA1H-3","Ex_CACNA1H_LHX9",0.855615236101682
"_CCCTCTCGTTCGTTCC-2","Glut-CACNA1H-1","Ex_CACNA1H_LHX9",0.823030435702007
"_CCCTGATCAAGCGGAT-2","Glut-CACNA1H-2","Ex_CACNA1H_LHX9",0.520576070751668
"_CCCTGATCAGCGTACC-2","Glut-CACNA1H-3","Ex_CACNA1H_LHX9",0.783682991663763
"_CCCTGATGTGCAATAA-2","Glut-CACNA1H-2","Ex_CACNA1H_LHX9",0.567930804503269
"_CCCTGATGTGGCTGAA-2","Glut-CACNA1H-2","Ex_CACNA1H_LHX9",0.528214775797272
"_CCCTTAGAGGACTATA-2","Glut-CACNA1H-1","Ex_CACNA1H_LHX9",0.855603079040623
"_CCCTTAGCATCAGCAT-2","Glut-CACNA1H-2","Ex_CACNA1H_LHX9",0.516532774345168
"_CCCTTAGGTGAGCTCC-2","Glut-CACNA1H-2","Ex_CACNA1H_LHX9",0.402501192064514
"_CCGAACGGTCCATAGT-2","Glut-CACNA1H-3","Ex_CACNA1H_LHX9",0.31705830220004
"_CCGAACGTCTCTGACC-2","Glut-CACNA1H-1","Ex_CACNA1H_LHX9",0.853629709572424
"_CCGATCTTCAGGGTAG-2","Glut-CACNA1H-1","Ex_CACNA1H_LHX9",0.909081912834456
"_CCGATGGCACTAACGT-2","Glut-CACNA1H-2","Ex_CACNA1H_LHX9",0.43689119332396
"_CCGATGGCAGGATCTT-2","Glut-CACNA1H-1","Ex_CACNA1H_LHX9",0.829451659290903
"_CCGCAAGAGCCGGAAT-2","Glut-CACNA1H-2","Ex_CACNA1H_LHX9",0.759964737056072
"_CCGCAAGGTAACAGGC-2","Glut-CACNA1H-2","Ex_CACNA1H_LHX9",0.853014659077199
"_CCGCAAGGTGAGCTCC-2","Glut-CACNA1H-3","Ex_CACNA1H_LHX9",0.755903676696171
"_CCGGACAGTGTCCCTT-2","Glut-CACNA1H-1","Ex_CACNA1H_LHX9",0.82247851072763
"_CCGGGTACAAACACCT-2","Glut-CACNA1H-2","Ex_CACNA1H_LHX9",0.663508954776882
"_CCGGGTAGTCATTCCC-2","Glut-CACNA1H-3","Ex_CACNA1H_LHX9",0.851868951122805
"_CCGGGTAGTTCGGCCA-2","Glut-CACNA1H-3","Ex_CACNA1H_LHX9",0.464888242315163
"_CCGGTAGAGGGATCGT-2","Glut-CACNA1H-2","Ex_CACNA1H_LHX9",0.823630184106155
"_CCGGTAGCATCGGAAG-2","Glut-CACNA1H-2","Ex_CACNA1H_LHX9",0.454484993493834
"_CCGGTAGGTCAACACT-2","Glut-CACNA1H-2","Ex_CACNA1H_LHX9",0.566615017985093
"_CCGGTGAAGCGGATCA-2","Glut-CACNA1H-1","Ex_CACNA1H_LHX9",0.881324299086385
"_CCGGTGAAGTCTGTAC-2","Glut-CACNA1H-2","Ex_CACNA1H_LHX9",0.622318278511758
"_CCGTAGGCACTCAAGT-2","Glut-CACNA1H-1","Ex_CACNA1H_LHX9",0.848799182742926
"_CCGTAGGGTCCGAAGA-2","Glut-CACNA1H-3","Ex_CACNA1H_LHX9",0.771829003253698
"_CCGTGAGTCGAGAAGC-2","Glut-CACNA1H-1","Ex_CACNA1H_LHX9",0.876645750791366
"_CCGTTCACAGAGAGGG-2","Glut-CACNA1H-2","Ex_CACNA1H_LHX9",0.661881507312729
"_CCGTTCAGTCCAAGAG-2","Glut-CACNA1H-2","Ex_CACNA1H_LHX9",0.779548919817645
"_CCTAACCTCCCATAGA-2","Glut-CACNA1H-1","Ex_CACNA1H_LHX9",0.866340512927347
"_CCTAAGACACAACGCC-2","Glut-CACNA1H-1","Ex_CACNA1H_LHX9",0.902726785429444
"_CCTAAGACACTACAGT-2","Glut-CACNA1H-2","Ex_KIAA1217_BCL6",0.210610183026629
"_CCTAAGAGTACGAGCA-2","Glut-CACNA1H-3","Ex_CACNA1H_LHX9",0.674640701163595
"_CCTAAGATCGAAGTGG-2","Glut-CACNA1H-1","Ex_CACNA1H_LHX9",0.838241092568993
"_CCTACGTTCTGGCTGG-2","Glut-CACNA1H-3","Ex_CACNA1H_LHX9",0.879656076790874
"_CCTCAACGTGCACATT-2","Glut-CACNA1H-1","Ex_CACNA1H_LHX9",0.899097075218747
"_CCTCAACTCTACGCAA-2","Glut-CACNA1H-2","Ex_CACNA1H_LHX9",0.720645799915584
"_CCTCACACATCGGAGA-2","Glut-CACNA1H-3","Ex_DACH2_NR4A3",0.270216353883396
"_CCTCAGTAGTTACGTC-2","Glut-CACNA1H-RA","Ex_CACNA1H_LHX9",0.802894091414037
"_CCTCATGGTCAGATTC-2","Glut-CACNA1H-2","Ex_CACNA1H_LHX9",0.630002411020193
"_CCTCCAAAGCTTAGTC-2","Glut-CACNA1H-1","Ex_CACNA1H_LHX9",0.813935299458067
"_CCTCCAATCGACCCAG-2","Glut-CACNA1H-2","Ex_CACNA1H_LHX9",0.484177580610624
"_CCTCCTCAGTATTGCC-2","Glut-CACNA1H-4","Ex_CACNA1H_LHX9",0.84325544441717
"_CCTCCTCGTCATTGCA-2","Glut-CACNA1H-1","Ex_CACNA1H_LHX9",0.884280192639784
"_CCTCTAGTCGCAAGAG-2","Glut-CACNA1H-3","Ex_CACNA1H_LHX9",0.799026254137482
"_CCTCTCCCACGTAGTT-2","Glut-CACNA1H-2","Ex_CACNA1H_LHX9",0.586410192457868
"_CCTCTCCGTACGAGTG-2","Glut-CACNA1H-3","Ex_CACNA1H_LHX9",0.866518365716248
"_CCTGCATAGACTTCGT-2","Glut-CACNA1H-1","Ex_CACNA1H_LHX9",0.786105209378342
"_CCTGCATCAGCAATTC-2","Glut-CACNA1H-1","Ex_CACNA1H_LHX9",0.898433653960634
"_CCTGCATGTGGACCTC-2","Glut-CACNA1H-1","Ex_CACNA1H_LHX9",0.598407349716719
"_CCTGCATTCTAGTCAG-2","Glut-CACNA1H-2","Ex_CACNA1H_LHX9",0.409111067620523
"_CCTGTTGAGAGGTCGT-2","Glut-CACNA1H-1","Ex_CACNA1H_LHX9",0.894531207094979
"_CCTGTTGAGATTGATG-2","Glut-CACNA1H-1","Ex_CACNA1H_LHX9",0.891522404376691
"_CCTGTTGGTTGCCGAC-2","Glut-CACNA1H-1","Ex_CACNA1H_LHX9",0.89837142191704
"_CCTTCAGGTAAGATTG-2","Glut-CACNA1H-3","Ex_CACNA1H_LHX9",0.637508340384684
"_CCTTGTGAGTGCGTCC-2","Glut-CACNA1H-3","Ex_CACNA1H_LHX9",0.801811941746605
"_CCTTTGGAGCTGTCCG-2","Glut-CACNA1H-2","Ex_CACNA1H_LHX9",0.335535067486571
"_CCTTTGGCACATATCG-2","Glut-CACNA1H-1","Ex_CACNA1H_LHX9",0.853573396653192
"_CCTTTGGCACATTACG-2","Glut-CACNA1H-1","Ex_CACNA1H_LHX9",0.872787488265464
"_CCTTTGGGTCCGGCAT-2","Glut-CACNA1H-2","Ex_CACNA1H_LHX9",0.522043418215883
"_CCTTTGGTCTGTCGCT-2","Glut-CACNA1H-1","Ex_CACNA1H_LHX9",0.833667518118426
"_CGAAGGACAAGCCATT-2","Glut-CACNA1H-3","Ex_CACNA1H_LHX9",0.873297143437546
"_CGAATTGGTCGAATTC-2","Glut-CACNA1H-2","Ex_CACNA1H_LHX9",0.668977654405841
"_CGAATTGGTGCCTACG-2","Glut-CACNA1H-3","Ex_CACNA1H_LHX9",0.885529806130833
"_CGACAGCTCATCGTAG-2","Glut-CACNA1H-4","Ex_CACNA1H_LHX9",0.802070361800132
"_CGAGAAGTCCTCGCAT-2","Glut-CACNA1H-3","Ex_CACNA1H_LHX9",0.771436784928817
"_CGAGGAAAGTTCCTGA-2","Glut-CACNA1H-2","Ex_CACNA1H_LHX9",0.63599612032566
"_CGAGGAACAAAGTATG-2","Glut-CACNA1H-2","Ex_CACNA1H_LHX9",0.68581400809574
"_CGAGTGCAGAATCGCG-2","Glut-CACNA1H-2","Ex_CACNA1H_LHX9",0.735279939416156
"_CGAGTGCAGGCATGGT-2","Glut-CACNA1H-2","Ex_CACNA1H_LHX9",0.742801620927737
"_CGAGTGCCAACAGTGG-2","Glut-CACNA1H-3","Ex_CACNA1H_LHX9",0.306089240527366
"_CGAGTGCCATGACAAA-2","Glut-CACNA1H-2","Ex_CACNA1H_LHX9",0.644549341021895
"_CGAGTTAAGTAGAATC-2","Glut-CACNA1H-3","Ex_CACNA1H_LHX9",0.901571589452267
"_CGAGTTACAAACTGCT-2","Glut-CACNA1H-2","Ex_CACNA1H_LHX9",0.695738557395368
"_CGATGCGAGCCGTCGT-2","Glut-CACNA1H-3","Ex_CACNA1H_LHX9",0.570846813149829
"_CGATGCGTCACATTGG-2","Glut-CACNA1H-2","Ex_CACNA1H_LHX9",0.403402081058669
"_CGATGGCTCGACTCCT-2","Glut-CACNA1H-1","Ex_CACNA1H_LHX9",0.849839743171341
"_CGCAGGTGTCATCAGT-2","Glut-CACNA1H-2","Ex_CACNA1H_LHX9",0.29659001758764
"_CGCATAAAGCCATCCG-2","Glut-CACNA1H-1","Ex_CACNA1H_LHX9",0.819724608115547
"_CGCATAAAGGCATGGT-2","Glut-CACNA1H-4","Ex_CACNA1H_LHX9",0.925408106660593
"_CGCATAAAGGCATTTC-2","Glut-CACNA1H-2","Ex_CACNA1H_LHX9",0.249280987895603
"_CGCATAAAGGGTTGCA-2","Glut-CACNA1H-3","Ex_CACNA1H_LHX9",0.850262403398461
"_CGCATAAGTGACTAAA-2","Glut-CACNA1H-3","Ex_CACNA1H_LHX9",0.865314929756301
"_CGCATGGTCGGACCAC-2","Glut-CACNA1H-3","Ex_DACH2_NR4A3",0.282986404556228
"_CGCCAGAAGGAAGTGA-2","Glut-CACNA1H-2","Ex_CACNA1H_LHX9",0.606582142423008
"_CGCCAGAGTGAGATTA-2","Glut-CACNA1H-4","Ex_CACNA1H_LHX9",0.868573242049741
"_CGCCATTGTGTGGTCC-2","Glut-CACNA1H-1","Ex_CACNA1H_LHX9",0.518376543572537
"_CGCCATTTCGTAGTCA-2","Glut-CACNA1H-2","Ex_CACNA1H_LHX9",0.673928397070541
"_CGCGTGAGTCAAGGCA-2","Glut-DACH2-4","Ex_DACH2_ITGA9",0.503417004067347
"_CGGAACCAGCTAATCC-2","Glut-CACNA1H-2","Ex_CACNA1H_LHX9",0.574641981351659
"_CGGAACCTCACTGGTA-2","Glut-CACNA1H-3","Ex_CACNA1H_LHX9",0.585151298159977
"_CGGAATTAGCAAGCCA-2","Glut-CACNA1H-3","Ex_CACNA1H_LHX9",0.836150199932489
"_CGGAATTAGTCATGGG-2","Glut-CACNA1H-2","Ex_KIAA1217_BCL6",0.336114245949925
"_CGGAATTCAACCAATC-2","Glut-CACNA1H-2","Ex_CACNA1H_LHX9",0.407856677559022
"_CGGAATTCAATCCTTT-2","Glut-CACNA1H-2","Ex_CACNA1H_LHX9",0.226217033530817
"_CGGAATTCACGGTGTC-2","Glut-CACNA1H-2","Ex_CACNA1H_LHX9",0.639449965113383
"_CGGAATTTCGCAGTTA-2","Glut-CACNA1H-1","Ex_CACNA1H_LHX9",0.752508120293085
"_CGGACACTCGACGATT-2","Glut-CACNA1H-3","Ex_CACNA1H_LHX9",0.775361201486658
"_CGGACACTCTCCTGCA-2","Glut-CACNA1H-4","Ex_CACNA1H_LHX9",0.940355367194035
"_CGGAGAAGTTACTCAG-2","Glut-CACNA1H-2","Ex_CACNA1H_LHX9",0.604009329080777
"_CGGAGAATCTAAGCCA-2","Glut-CACNA1H-2","Ex_CACNA1H_LHX9",0.704287897860312
"_CGGCAGTCATCTTAGG-2","Glut-DACH2-1","Ex_DACH2_SLIT2",0.586940050622497
"_CGGCAGTGTAGCGTCC-2","Glut-CACNA1H-1","Ex_CACNA1H_LHX9",0.730543216208378
"_CGGCAGTGTATGCTTG-2","Glut-CACNA1H-2","Ex_CACNA1H_LHX9",0.730268815207351
"_CGGGACTGTCCTTGTC-2","Glut-CACNA1H-2","Ex_CACNA1H_LHX9",0.42125229177418
"_CGGGTCAAGAGTCGAC-2","Glut-CACNA1H-1","Ex_CACNA1H_LHX9",0.576397170878696
"_CGGGTGTCAGGAGGTT-2","Glut-CACNA1H-2","Ex_CACNA1H_LHX9",0.525607353721412
"_CGGTCAGAGAGCCATG-2","Glut-CACNA1H-4","Ex_CACNA1H_LHX9",0.928441898237446
"_CGGTCAGGTATCTTCT-2","Glut-CACNA1H-4","Ex_CACNA1H_LHX9",0.918522625523048
"_CGTAAGTAGGAGAATG-2","Glut-CACNA1H-3","Ex_CACNA1H_LHX9",0.497944118003582
"_CGTAAGTTCCAGCTCT-2","Glut-CACNA1H-2","Ex_CACNA1H_LHX9",0.492815787399315
"_CGTAATGAGGCACCAA-2","Glut-CACNA1H-1","Ex_CACNA1H_LHX9",0.82773363087684
"_CGTAGTAAGCTCGTGC-2","Glut-CACNA1H-1","Ex_CACNA1H_LHX9",0.869267624916257
"_CGTAGTATCATTGCGA-2","Glut-CACNA1H-2","Ex_CACNA1H_LHX9",0.490670038011364
"_CGTCAAAAGCTTACGT-2","Glut-CACNA1H-2","Ex_DACH2_NR4A3",0.440677620621948
"_CGTCAAACACACCTTC-2","Glut-CACNA1H-3","Ex_CACNA1H_LHX9",0.670221822410872
"_CGTCAAACACGACAAG-2","Glut-CACNA1H-1","Ex_CACNA1H_LHX9",0.277542738663978
"_CGTCAAAGTGCATCTA-2","Glut-CACNA1H-2","Ex_CACNA1H_LHX9",0.792982977351864
"_CGTGAATAGAGGTCAC-2","Glut-CACNA1H-3","Ex_CACNA1H_LHX9",0.860750616546063
"_CGTGAATCATCGGCCA-2","Glut-CACNA1H-2","Ex_CACNA1H_LHX9",0.400429711276995
"_CGTGAATTCAGGAACG-2","Glut-CACNA1H-1","Ex_CACNA1H_LHX9",0.860435658648365
"_CGTGATAAGCTTGTGT-2","Glut-CACNA1H-2","Ex_CACNA1H_LHX9",0.564813249406951
"_CGTGATACATAGTCGT-2","Glut-CACNA1H-4","Ex_CACNA1H_LHX9",0.913766406320391
"_CGTGCTTAGCATGCAG-2","Glut-CACNA1H-1","Ex_CACNA1H_LHX9",0.826930903559277
"_CGTGCTTGTGGTCCCA-2","Glut-CACNA1H-1","Ex_CACNA1H_LHX9",0.405819330359487
"_CGTGCTTTCGGAGCAA-2","Glut-CACNA1H-2","Ex_CACNA1H_LHX9",0.564942934145854
"_CGTGTCTGTAGGGTAC-2","Glut-CACNA1H-1","Ex_CACNA1H_LHX9",0.774109334965571
"_CGTGTCTGTTGCTTGA-2","Glut-CACNA1H-2","Ex_CACNA1H_LHX9",0.875742185011397
"_CGTGTCTTCAAGATAG-2","Glut-CACNA1H-1","Ex_CACNA1H_LHX9",0.884485450826208
"_CGTGTCTTCCCGTAAA-2","Glut-CACNA1H-1","Ex_CACNA1H_LHX9",0.903423869474739
"_CGTTGGGAGGACTGGT-2","Glut-CACNA1H-1","Ex_CACNA1H_LHX9",0.878641809974345
"_CGTTGGGCACCAGCGT-2","Glut-CACNA1H-3","Ex_CACNA1H_LHX9",0.586826301655103
"_CGTTGGGGTTGCGAAG-2","Glut-CACNA1H-3","Ex_CACNA1H_LHX9",0.885677521219019
"_CGTTGGGTCACTCTTA-2","Glut-CACNA1H-3","Ex_CACNA1H_LHX9",0.819762961802362
"_CTAACCCAGAGCAGAA-2","Glut-CACNA1H-1","Ex_CACNA1H_LHX9",0.866419556734215
"_CTAACCCTCCCTGGTT-2","Glut-CACNA1H-1","Ex_CACNA1H_LHX9",0.796017018995673
"_CTAACTTAGATGGCAC-2","Glut-CACNA1H-2","Ex_CACNA1H_LHX9",0.501654396190992
"_CTAACTTTCGACATAC-2","Glut-CACNA1H-1","Ex_CACNA1H_LHX9",0.752589292380296
"_CTAAGTGAGAACGCGT-2","Glut-CACNA1H-3","Ex_CACNA1H_LHX9",0.861785799491852
"_CTAAGTGGTCGAAACG-2","Glut-CACNA1H-1","Ex_CACNA1H_LHX9",0.71426464405319
"_CTACAGAAGGCTAACG-2","Glut-CACNA1H-1","Ex_CACNA1H_LHX9",0.808415356758557
"_CTACAGAGTGAGACGT-2","Glut-CACNA1H-3","Ex_CACNA1H_LHX9",0.806841386887457
"_CTACATTCAGCAGTTT-2","Glut-CACNA1H-1","Ex_CACNA1H_LHX9",0.861800902847926
"_CTACCCACACGTATAC-2","Glut-CACNA1H-2","Ex_CACNA1H_LHX9",0.730620850381777
"_CTACCTGAGGTGCATG-2","Glut-CACNA1H-2","Ex_CACNA1H_LHX9",0.561268267252881
"_CTACGGGAGAAGTCAT-2","Glut-CACNA1H-2","Ex_CACNA1H_LHX9",0.89495444866869
"_CTAGACAAGAGGATGA-2","Glut-CACNA1H-3","Ex_CACNA1H_LHX9",0.844084274832129
"_CTAGGTAAGGTGGTTG-2","Glut-CACNA1H-2","Ex_DACH2_SLIT2",0.421246874359797
"_CTAGGTATCCCTCTAG-2","Glut-CACNA1H-1","Ex_CACNA1H_LHX9",0.900731581915703
"_CTAGGTATCTAGCATG-2","Glut-CACNA1H-2","Ex_CACNA1H_LHX9",0.507860768017421
"_CTATAGGAGAGTGTGC-2","Glut-CACNA1H-2","Ex_DACH2_SLIT2",0.573002608450014
"_CTATAGGGTACGGGAT-2","Glut-CACNA1H-3","Ex_CACNA1H_LHX9",0.503801348322996
"_CTATAGGGTCAGGTGA-2","Glut-CACNA1H-2","Ex_CACNA1H_LHX9",0.518366728498788
"_CTATAGGGTTTCGTGA-2","Glut-CACNA1H-3","Ex_CACNA1H_LHX9",0.761475270985838
"_CTATCTAAGATGAATC-2","Glut-CACNA1H-2","Ex_CACNA1H_LHX9",0.516681266784502
"_CTATCTACATCAGTGT-2","Glut-CACNA1H-2","Ex_CACNA1H_LHX9",0.728202841434889
"_CTATCTAGTAGGTTTC-2","Glut-CACNA1H-2","Ex_CACNA1H_LHX9",0.654020715441866
"_CTATCTATCCTGCCAT-2","Glut-CACNA1H-2","Ex_CACNA1H_LHX9",0.717595238996455
"_CTCAACCGTCATCAGT-2","Glut-CACNA1H-2","Ex_CACNA1H_LHX9",0.654365537604301
"_CTCAACCTCGAATGCT-2","Glut-CACNA1H-2","Ex_CACNA1H_LHX9",0.266291116254766
"_CTCAATTAGTATGAAC-2","Glut-CACNA1H-1","Ex_CACNA1H_LHX9",0.856984644527531
"_CTCAATTGTTGGAGGT-2","Glut-CACNA1H-1","Ex_CACNA1H_LHX9",0.864438340290908
"_CTCACTGGTTGGGACA-2","Glut-CACNA1H-2","Ex_DACH2_NR4A3",0.2249316789322
"_CTCAGAATCCCATAAG-2","Glut-CACNA1H-3","Ex_CACNA1H_LHX9",0.815929404481801
"_CTCAGGGCAACGACAG-2","Glut-CACNA1H-1","Ex_CACNA1H_LHX9",0.854807701581013
"_CTCAGGGGTCGTTGGC-2","Glut-CACNA1H-1","Ex_CACNA1H_LHX9",0.865711876916809
"_CTCAGTCAGTCCCAAT-2","Glut-CACNA1H-1","Ex_CACNA1H_LHX9",0.674077160253216
"_CTCATCGAGAAGGGAT-2","Glut-CACNA1H-1","Ex_CACNA1H_LHX9",0.849533842989432
"_CTCATCGTCTCGTGAA-2","Glut-CACNA1H-3","Ex_CACNA1H_LHX9",0.616562165983368
"_CTCATGCAGCGCCGTT-2","Glut-CACNA1H-3","Ex_CACNA1H_LHX9",0.72237150699986
"_CTCATGCAGCGTCTCG-2","Glut-DACH2-1","Ex_DACH2_MGAT4C",0.404522091666749
"_CTCATGCAGTCTCTGA-2","Glut-CACNA1H-4","Ex_CACNA1H_LHX9",0.893962223936031
"_CTCATGCGTAGTGCGA-2","Glut-CACNA1H-1","Ex_CACNA1H_LHX9",0.591301687047729
"_CTCATGCTCTACGCAA-2","Glut-CACNA1H-1","Ex_CACNA1H_LHX9",0.681800302370846
"_CTCATTATCGTCGCTT-2","Glut-CACNA1H-1","Ex_CACNA1H_LHX9",0.855055692669981
"_CTCCAACAGACCTCCG-2","Glut-CACNA1H-1","Ex_CACNA1H_LHX9",0.864552816311303
"_CTCCAACGTCCGGTGT-2","Glut-CACNA1H-2","Ex_CACNA1H_LHX9",0.550354576394799
"_CTCCACAGTTCTTGTT-2","Glut-DACH2-1","Ex_DACH2_GRIK4",0.32537367075183
"_CTCCACATCGAAATCC-2","Glut-CACNA1H-3","Ex_CACNA1H_LHX9",0.895464834590422
"_CTCCCAACACTGGAAG-2","Glut-CACNA1H-2","Ex_CACNA1H_LHX9",0.604495042269059
"_CTCCCTCAGCCATCCG-2","Glut-CACNA1H-1","Ex_CACNA1H_LHX9",0.396577955882483
"_CTCCCTCCATGGCTAT-2","Glut-CACNA1H-1","Ex_CACNA1H_LHX9",0.806142055163384
"_CTCCCTCGTACGTTCA-2","Glut-CACNA1H-2","Ex_CACNA1H_LHX9",0.783005910099829
"_CTCCCTCGTCGGAACA-2","Glut-CACNA1H-2","Ex_CACNA1H_LHX9",0.621245821445006
"_CTCCGATAGGTGGCTA-2","Glut-CACNA1H-3","Ex_CACNA1H_LHX9",0.345612861160219
"_CTCCGATGTATTCCGA-2","Glut-CACNA1H-2","Ex_KIAA1217_BCL6",0.39942764808626
"_CTCCGATTCACCCTGT-2","Glut-CACNA1H-2","Ex_CACNA1H_LHX9",0.37102659606617
"_CTCCTCCAGGCATCGA-2","Glut-CACNA1H-1","Ex_CACNA1H_LHX9",0.879766963656141
"_CTCCTTTAGTTGTCAC-2","Glut-CACNA1H-4","Ex_CACNA1H_LHX9",0.923357230346402
"_CTCCTTTTCATTCTTG-2","Glut-CACNA1H-2","Ex_CACNA1H_LHX9",0.675588632240667
"_CTCGAGGCAATCCAGT-2","Glut-CACNA1H-2","Ex_CACNA1H_LHX9",0.458580540801835
"_CTCGAGGGTATGGAGC-2","Glut-CACNA1H-1","Ex_CACNA1H_LHX9",0.740272953549111
"_CTCTCAGAGAGCATTA-2","Glut-CACNA1H-1","Ex_CACNA1H_LHX9",0.893610744908108
"_CTCTCAGGTCATCCGG-2","Glut-CACNA1H-3","Ex_CACNA1H_LHX9",0.630448658057587
"_CTCTCGAGTCTGATAC-2","Glut-CACNA1H-3","Ex_CACNA1H_LHX9",0.846765055462211
"_CTCTGGTAGGTGGCTA-2","Glut-CACNA1H-3","Ex_CACNA1H_LHX9",0.765996144080298
"_CTCTGGTGTCTGTAGT-2","Glut-CACNA1H-3","Ex_CACNA1H_LHX9",0.827488852657491
"_CTCTGGTGTTCGGTTA-2","Glut-CACNA1H-4","Ex_CACNA1H_LHX9",0.88729685558198
"_CTGAATGCAGAGGAAA-2","Glut-CACNA1H-4","Ex_CACNA1H_LHX9",0.897098555056545
"_CTGAGCGAGACAACAT-2","Glut-CACNA1H-2","Ex_CACNA1H_LHX9",0.251972754247924
"_CTGAGCGGTATGATCC-2","Glut-CACNA1H-1","Ex_CACNA1H_LHX9",0.91166620622993
"_CTGAGCGGTTATTCTC-2","Glut-CACNA1H-1","Ex_CACNA1H_LHX9",0.774592420931947
"_CTGAGGCCAACACAAA-2","Glut-CACNA1H-1","Ex_CACNA1H_LHX9",0.878392135143846
"_CTGAGGCCACGTAGTT-2","Glut-CACNA1H-3","Ex_CACNA1H_LHX9",0.421914309994916
"_CTGATCCAGGGACACT-2","Glut-CACNA1H-4","Ex_CACNA1H_LHX9",0.829989831235048
"_CTGATCCCAAGCACCC-2","Glut-CACNA1H-2","Ex_CACNA1H_LHX9",0.544221148095156
"_CTGATCCGTATCAGCT-2","Glut-CACNA1H-1","Ex_CACNA1H_LHX9",0.853491565203032
"_CTGCAGGCACGATTCA-2","Glut-CACNA1H-3","Ex_CACNA1H_LHX9",0.505715689597107
"_CTGCAGGCAGAAATCA-2","Glut-CACNA1H-1","Ex_CACNA1H_LHX9",0.796474322427827
"_CTGCCTAGTCTTACAG-2","Glut-CACNA1H-4","Ex_CACNA1H_LHX9",0.911019715351121
"_CTGCGAGCAACGACAG-2","Glut-CACNA1H-1","Ex_CACNA1H_LHX9",0.80076824199896
"_CTGCGAGTCATTACTC-2","Glut-CACNA1H-3","Ex_CACNA1H_LHX9",0.314786127002662
"_CTGCTCACAGCAGTCC-2","Glut-CACNA1H-2","Ex_CACNA1H_LHX9",0.435202586825646
"_CTGCTCAGTCTTCATT-2","Glut-CACNA1H-1","Ex_CACNA1H_LHX9",0.776091185021827
"_CTGCTCATCATACGAC-2","Glut-CACNA1H-2","Ex_CACNA1H_LHX9",0.534120078827751
"_CTGCTCATCTTTCGAT-2","Glut-CACNA1H-1","Ex_CACNA1H_LHX9",0.848694688118712
"_CTGGCAGCAATTTCTC-2","Glut-CACNA1H-1","Ex_CACNA1H_LHX9",0.788763823054343
"_CTGGCAGGTTGGCCTG-2","Glut-CACNA1H-2","Ex_CACNA1H_LHX9",0.554151431542141
"_CTGGCAGTCGCGCTGA-2","Glut-CACNA1H-3","Ex_CACNA1H_LHX9",0.5283537396465
"_CTGTACCGTCTTGAAC-2","Glut-CACNA1H-2","Ex_CACNA1H_LHX9",0.618985359958387
"_CTGTAGAGTTTCGTAG-2","Glut-CACNA1H-1","Ex_CACNA1H_LHX9",0.850373067402081
"_CTGTCGTGTACTCCCT-2","Glut-CACNA1H-3","Ex_CACNA1H_LHX9",0.789154630152505
"_CTGTGAACACTGCTTC-2","Glut-CACNA1H-4","Ex_CACNA1H_LHX9",0.915739944053577
"_CTGTGAAGTCTCGACG-2","Glut-CACNA1H-3","Ex_CACNA1H_LHX9",0.891093703513606
"_CTGTGAAGTGTTCGTA-2","Glut-CACNA1H-2","Ex_CACNA1H_LHX9",0.657292690410015
"_CTGTGGGAGAAGGCTC-2","Glut-CACNA1H-2","Ex_DACH2_NR4A3",0.342623994492882
"_CTGTGGGAGTGCAGGT-2","Glut-CACNA1H-4","Ex_CACNA1H_LHX9",0.897045178748356
"_CTGTGGGCAGGCATGA-2","Glut-CACNA1H-1","Ex_CACNA1H_LHX9",0.887760252570005
"_CTGTGGGGTAATTGGA-2","Glut-CACNA1H-2","Ex_CACNA1H_LHX9",0.755566337335755
"_CTGTGGGGTACAGCGA-2","Glut-DACH2-1","Ex_DACH2_MGAT4C",0.252828460474667
"_CTTACCGAGCTTCGTA-2","Glut-DACH2-1","Ex_DACH2_GRIK4",0.526166150866006
"_CTTACCGCATCTCGTC-2","Glut-CACNA1H-2","Ex_DACH2_NR4A3",0.337060692362829
"_CTTACCGGTCGTCATA-2","Glut-CACNA1H-2","Ex_CACNA1H_LHX9",0.668807509165714
"_CTTACCGGTTCGTACA-2","Glut-CACNA1H-3","Ex_CACNA1H_LHX9",0.819181378409887
"_CTTAGGAAGGACTATA-2","Glut-CACNA1H-2","Ex_CACNA1H_LHX9",0.733618445643032
"_CTTAGGAGTGAATGTA-2","Glut-CACNA1H-2","Ex_CACNA1H_LHX9",0.487777533593184
"_CTTAGGAGTTCAGCTA-2","Glut-CACNA1H-1","Ex_CACNA1H_LHX9",0.857629649808269
"_CTTCCGAAGGTCGCCT-2","Glut-CACNA1H-1","Ex_CACNA1H_LHX9",0.854715524107272
"_CTTCCGACAGCTATTG-2","Glut-CACNA1H-2","Ex_CACNA1H_LHX9",0.270492801689242
"_CTTCGGTAGGCGCTTC-2","Glut-CACNA1H-3","Ex_CACNA1H_LHX9",0.864263459223501
"_CTTCGGTGTAGTCTGT-2","Glut-CACNA1H-1","Ex_CACNA1H_LHX9",0.897258354534009
"_CTTCTAAAGCTGCCAC-2","Glut-CACNA1H-2","Ex_CACNA1H_LHX9",0.916496810534277
"_CTTCTAAAGTCTCTGA-2","Glut-CACNA1H-2","Ex_CACNA1H_LHX9",0.454294222097111
"_CTTCTAATCCGGTAAT-2","Glut-CACNA1H-1","Ex_CACNA1H_LHX9",0.859153374592555
"_CTTCTCTGTACGCGTC-2","Glut-CACNA1H-1","Ex_CACNA1H_LHX9",0.847902186122595
"_CTTCTCTGTGCAGGAT-2","Glut-DACH2-1","Ex_DACH2_MGAT4C",0.452477123706847
"_CTTCTCTGTTACAGCT-2","Glut-CACNA1H-1","Ex_CACNA1H_LHX9",0.84754554455293
"_CTTGAGAAGTCTTCGA-2","Glut-CACNA1H-1","Ex_CACNA1H_LHX9",0.695253185619432
"_CTTGAGAGTGGCCCAT-2","Glut-CACNA1H-3","Ex_CACNA1H_LHX9",0.920073107781301
"_CTTGATTAGGAAAGTG-2","Glut-CACNA1H-3","Ex_CACNA1H_LHX9",0.845221266382959
"_CTTGATTCACCTGATA-2","Glut-CACNA1H-1","Ex_CACNA1H_LHX9",0.829028199337244
"_CTTGATTGTAGTTAGA-2","Glut-CACNA1H-1","Ex_CACNA1H_LHX9",0.868701189840066
"_CTTGATTGTCTGCATA-2","Glut-CACNA1H-3","Ex_CACNA1H_LHX9",0.671509309124305
"_CTTTCAAAGAGTATAC-2","Glut-CACNA1H-4","Ex_CACNA1H_LHX9",0.938810211618926
"_CTTTCAAAGGCATCTT-2","Glut-CACNA1H-2","Ex_CACNA1H_LHX9",0.699756274426982
"_CTTTCAAGTCGTTGCG-2","Glut-CACNA1H-4","Ex_CACNA1H_LHX9",0.961477179206895
"_CTTTCGGAGATGCTAA-2","Glut-CACNA1H-2","Ex_CACNA1H_LHX9",0.627037988692066
"_CTTTCGGAGGCAGGTT-2","Glut-CACNA1H-2","Ex_CACNA1H_LHX9",0.664566365825912
"_CTTTCGGCAGCAGTTT-2","Glut-DACH2-1","Ex_DACH2_SLIT2",0.534623763529277
"_CTTTCGGTCGAGAACG-2","Glut-CACNA1H-2","Ex_CACNA1H_LHX9",0.568382829152387
"_GAAACCTTCTAAGAAG-2","Glut-CACNA1H-3","Ex_CACNA1H_LHX9",0.42292840951256
"_GAACACTAGTCACGCC-2","Glut-CACNA1H-1","Ex_CACNA1H_LHX9",0.860418815713272
"_GAACACTAGTGACACG-2","Glut-CACNA1H-2","Ex_CACNA1H_LHX9",0.656882790624242
"_GAACACTGTTGCTTGA-2","Glut-CACNA1H-2","Ex_CACNA1H_LHX9",0.663971544404982
"_GAACGTTCACGTAGTT-2","Glut-CACNA1H-2","Ex_CACNA1H_LHX9",0.742872973230411
"_GAACTGTAGAAGGTAG-2","Glut-CACNA1H-1","Ex_CACNA1H_LHX9",0.88238198111194
"_GAACTGTAGCGGGTTA-2","Glut-CACNA1H-1","Ex_CACNA1H_LHX9",0.776859735390945
"_GAACTGTGTTCGTACA-2","Glut-CACNA1H-1","Ex_CACNA1H_LHX9",0.651364447044403
"_GAACTGTTCGGTCTAA-2","Glut-CACNA1H-2","Ex_CACNA1H_LHX9",0.266611769432547
"_GAAGAATCAACTGCCG-2","Glut-CACNA1H-1","Ex_CACNA1H_LHX9",0.794972883434138
"_GAAGAATGTCTCGGAC-2","Glut-CACNA1H-1","Ex_CACNA1H_LHX9",0.841757177156977
"_GAAGAATGTTACCCAA-2","Glut-CACNA1H-2","Ex_CACNA1H_LHX9",0.627721056464881
"_GAAGAATTCGTGTCAA-2","Glut-CACNA1H-3","Ex_CACNA1H_LHX9",0.828122793120465
"_GAAGCCCCAGGGAGAG-2","Glut-CACNA1H-2","Ex_CACNA1H_LHX9",0.623834023735473
"_GAAGCCCGTCTTGAGT-2","Glut-CACNA1H-4","Ex_CACNA1H_LHX9",0.867742211963237
"_GAAGCCCGTTTCACTT-2","Glut-CACNA1H-2","Ex_CACNA1H_LHX9",0.708165028168651
"_GAAGCCCTCTCTCAAT-2","Glut-CACNA1H-1","Ex_CACNA1H_LHX9",0.836672019086981
"_GAAGCGAAGGCGATAC-2","Glut-CACNA1H-1","Ex_CACNA1H_LHX9",0.80775794204508
"_GAAGGACGTTCTCCCA-2","Glut-CACNA1H-3","Ex_CACNA1H_LHX9",0.89501927219369
"_GAAGGGTAGAGGATCC-2","Glut-CACNA1H-4","Ex_CACNA1H_LHX9",0.942993926080741
"_GAAGGGTCACGGCCAT-2","Glut-CACNA1H-1","Ex_CACNA1H_LHX9",0.889482850874469
"_GAAGGGTCACTAGGCC-2","Glut-CACNA1H-3","Ex_CACNA1H_LHX9",0.859194511361819
"_GAAGGGTCATAATGCC-2","Glut-CACNA1H-2","Ex_CACNA1H_LHX9",0.735964396975699
"_GAAGGGTGTACTTGTG-2","Glut-CACNA1H-2","Ex_CACNA1H_LHX9",0.747400632407307
"_GAAGTAATCTTCGTAT-2","Glut-CACNA1H-1","Ex_CACNA1H_LHX9",0.773166120388018
"_GAATAGACAGGTAGTG-2","Glut-CACNA1H-1","Ex_CACNA1H_LHX9",0.870979760472056
"_GAATAGAGTCTGTCCT-2","Glut-CACNA1H-2","Ex_CACNA1H_LHX9",0.6714767515055
"_GAATAGAGTGACACAG-2","Glut-CACNA1H-1","Ex_CACNA1H_LHX9",0.937291591228315
"_GAATAGAGTTTAGACC-2","Glut-DACH2-4","Ex_DACH2_ITGA9",0.579134045562957
"_GAATCACCAATCGTCA-2","Glut-CACNA1H-2","Ex_DACH2_NR4A3",0.209089482260805
"_GAATCGTAGAGGGCGA-2","Glut-CACNA1H-2","Ex_DACH2_NR4A3",0.343861664064181
"_GAATCGTAGATGAATC-2","Glut-CACNA1H-4","Ex_CACNA1H_LHX9",0.822169940498635
"_GAATCGTGTCTGTGAT-2","Glut-CACNA1H-1","Ex_CACNA1H_LHX9",0.862028303178061
"_GACACGCTCCTGTAGA-2","Glut-CACNA1H-3","Ex_CACNA1H_LHX9",0.861823904423837
"_GACAGCCAGGATATAC-2","Glut-CACNA1H-2","Ex_CACNA1H_LHX9",0.403808054573482
"_GACAGCCAGGCCCACT-2","Glut-CACNA1H-4","Ex_CACNA1H_LHX9",0.809508587933546
"_GACAGCCAGGGCTTCC-2","Glut-CACNA1H-1","Ex_CACNA1H_LHX9",0.859541960270802
"_GACAGCCCACGCGCTA-2","Glut-CACNA1H-1","Ex_CACNA1H_LHX9",0.46718673402766
"_GACAGCCGTCATGCAT-2","Glut-CACNA1H-1","Ex_CACNA1H_LHX9",0.82830548625311
"_GACATCAAGTAAGACT-2","Glut-CACNA1H-1","Ex_CACNA1H_LHX9",0.832117680990192
"_GACATCACACGACGAA-2","Glut-CACNA1H-1","Ex_CACNA1H_LHX9",0.574781407217458
"_GACCAATGTGATACCT-2","Glut-CACNA1H-2","Ex_CACNA1H_LHX9",0.62138821146776
"_GACCAATTCAGAGCGA-2","Glut-CACNA1H-3","Ex_CACNA1H_LHX9",0.329852170042612
"_GACCCAGCATCGTGCG-2","Glut-CACNA1H-2","Ex_CACNA1H_LHX9",0.590093016685457
"_GACCCAGGTTAAGACA-2","Glut-CACNA1H-2","Ex_CACNA1H_LHX9",0.330384334784252
"_GACCCAGTCGCGCCAA-2","Glut-CACNA1H-1","Ex_CACNA1H_LHX9",0.846432863792607
"_GACCCTTAGCGCATCC-2","Glut-CACNA1H-1","Ex_CACNA1H_LHX9",0.78680718195029
"_GACCCTTTCCATCTAT-2","Glut-CACNA1H-2","Ex_CACNA1H_LHX9",0.60627705457476
"_GACCGTGAGTAGGGTC-2","Glut-CACNA1H-4","Ex_CACNA1H_LHX9",0.911784261962378
"_GACCGTGGTACCCACG-2","Glut-CACNA1H-2","Ex_CACNA1H_LHX9",0.572665737565823
"_GACCGTGGTTCCACAA-2","Glut-CACNA1H-3","Ex_CACNA1H_LHX9",0.81315619988106
"_GACCGTGTCTTTCCAA-2","Glut-CACNA1H-3","Ex_CACNA1H_LHX9",0.842995989655557
"_GACCTTCTCTAAGAAG-2","Glut-CACNA1H-3","Ex_CACNA1H_LHX9",0.817019713404862
"_GACGCTGGTACGGTTT-2","Glut-CACNA1H-2","Ex_CACNA1H_LHX9",0.418619110073756
"_GACGCTGGTAGCTGTT-2","Glut-CACNA1H-1","Ex_CACNA1H_LHX9",0.530820513826903
"_GACGCTGGTGTTCAGT-2","Glut-CACNA1H-2","Ex_CACNA1H_LHX9",0.756044934003354
"_GACGCTGTCAAGCCAT-2","Glut-CACNA1H-3","Ex_CACNA1H_LHX9",0.736260030272024
"_GACGCTGTCCACCTGT-2","Glut-CACNA1H-1","Ex_CACNA1H_LHX9",0.81201203653617
"_GACGCTGTCTAAGCGT-2","Glut-CACNA1H-2","Ex_CACNA1H_LHX9",0.64563583484472
"_GACGTTAAGGCGAAGG-2","Glut-CACNA1H-3","Ex_CACNA1H_LHX9",0.798419138908065
"_GACGTTAGTATCTCGA-2","Glut-CACNA1H-2","Ex_CACNA1H_LHX9",0.388348845429166
"_GACTATGAGATGTAGT-2","Glut-CACNA1H-1","Ex_CACNA1H_LHX9",0.852896996549411
"_GACTATGGTACAGAAT-2","Glut-CACNA1H-3","Ex_CACNA1H_LHX9",0.661712786269924
"_GACTCAAAGCTACAAA-2","Glut-CACNA1H-2","Ex_CACNA1H_LHX9",0.44203505816206
"_GACTCAAAGTACCGGA-2","Glut-CACNA1H-1","Ex_CACNA1H_LHX9",0.8206230602786
"_GACTCAAAGTCAGCGA-2","Glut-CACNA1H-4","Ex_CACNA1H_LHX9",0.917742266345831
"_GACTCAAAGTGCAGCA-2","Glut-CACNA1H-1","Ex_CACNA1H_LHX9",0.746948356774141
"_GACTCTCCATCAGCAT-2","Glut-CACNA1H-2","Ex_CACNA1H_LHX9",0.698442365767505
"_GACTGATTCTTACCAT-2","Glut-CACNA1H-1","Ex_CACNA1H_LHX9",0.869324304871665
"_GACTTCCCAGTTGTTG-2","Glut-CACNA1H-2","Ex_DACH2_NR4A3",0.326145365607699
"_GAGAAATAGCGTGCTC-2","Glut-CACNA1H-2","Ex_CACNA1H_LHX9",0.577615096742268
"_GAGAAATTCATCTCTA-2","Glut-CACNA1H-1","Ex_CACNA1H_LHX9",0.847836591380092
"_GAGACCCAGAGCGACT-2","Glut-CACNA1H-4","Ex_CACNA1H_LHX9",0.939525334079038
"_GAGACTTAGGTACCTT-2","Glut-CACNA1H-1","Ex_CACNA1H_LHX9",0.855485177847751
"_GAGACTTAGGTCCCTG-2","Glut-CACNA1H-3","Ex_CACNA1H_LHX9",0.817703811341095
"_GAGACTTGTCATCCCT-2","Glut-CACNA1H-2","Ex_CACNA1H_LHX9",0.866877948290746
"_GAGACTTTCGAAGGAC-2","Glut-CACNA1H-1","Ex_CACNA1H_LHX9",0.915152191444327
"_GAGAGGTAGGTTCCAT-2","Glut-CACNA1H-4","Ex_CACNA1H_LHX9",0.613965621674283
"_GAGAGGTCATATAGCC-2","Glut-DACH2-1","Ex_DACH2_SLIT2",0.38540889535024
"_GAGATGGAGTGGATTA-2","Glut-CACNA1H-3","Ex_CACNA1H_LHX9",0.839226764060696
"_GAGATGGGTGGCCCAT-2","Glut-CACNA1H-3","Ex_CACNA1H_LHX9",0.881917844624813
"_GAGCCTGGTCGTCGGT-2","Glut-CACNA1H-1","Ex_CACNA1H_LHX9",0.893689061920858
"_GAGCTGCAGGGAGTGG-2","Glut-CACNA1H-3","Ex_CACNA1H_LHX9",0.487290865372075
"_GAGGCAAAGACAACAT-2","Glut-CACNA1H-3","Ex_CACNA1H_LHX9",0.874422644410723
"_GAGGCAAAGGATGGCT-2","Glut-CACNA1H-2","Ex_CACNA1H_LHX9",0.79383670763626
"_GAGGCAATCAAGTTGC-2","Glut-CACNA1H-1","Ex_CACNA1H_LHX9",0.874477915956754
"_GAGGGATGTGACACGA-2","Glut-CACNA1H-3","Ex_CACNA1H_LHX9",0.72841444387152
"_GAGGGATTCCGGCTTT-2","Glut-CACNA1H-3","Ex_CACNA1H_LHX9",0.853006404794721
"_GAGGGATTCTATACTC-2","Glut-CACNA1H-4","Ex_CACNA1H_LHX9",0.904772210541176
"_GAGGGTACACATTCTT-2","Glut-CACNA1H-2","Ex_CACNA1H_LHX9",0.525857700890123
"_GAGTCATTCTCGTCAC-2","Glut-CACNA1H-2","Ex_CACNA1H_LHX9",0.584185869325528
"_GAGTGAGAGGATTCCT-2","Glut-CACNA1H-2","Ex_CACNA1H_LHX9",0.777870604593846
"_GAGTGAGCATCAGCGC-2","Glut-CACNA1H-2","Ex_CACNA1H_LHX9",0.69373871675466
"_GAGTGAGCATCTCGTC-2","Glut-CACNA1H-3","Ex_CACNA1H_LHX9",0.77519259971037
"_GAGTGAGCATCTTAGG-2","Glut-CACNA1H-3","Ex_CACNA1H_LHX9",0.681716267548552
"_GAGTGAGGTGCAGTGA-2","Glut-CACNA1H-2","Ex_CACNA1H_LHX9",0.854294945487993
"_GAGTGAGTCGAGATGG-2","Glut-CACNA1H-2","Ex_CACNA1H_LHX9",0.735181179730047
"_GAGTGAGTCTGAGAGG-2","Glut-CACNA1H-2","Ex_CACNA1H_LHX9",0.609970091552402
"_GAGTGTTCACTCATAG-2","Glut-CACNA1H-1","Ex_CACNA1H_LHX9",0.911864059322325
"_GAGTTACAGCATCTTG-2","Glut-CACNA1H-2","Ex_CACNA1H_LHX9",0.223294563532755
"_GAGTTACAGTCTAGAA-2","Glut-CACNA1H-1","Ex_CACNA1H_LHX9",0.917341337669808
"_GAGTTACCAGGCTATT-2","Glut-CACNA1H-1","Ex_CACNA1H_LHX9",0.802558436635116
"_GAGTTGTAGTGCGACA-2","Glut-CACNA1H-3","Ex_CACNA1H_LHX9",0.916889176249761
"_GAGTTGTGTCGTACTA-2","Glut-CACNA1H-3","Ex_CACNA1H_LHX9",0.903627762453648
"_GAGTTGTGTGCCGAAA-2","Glut-CACNA1H-1","Ex_CACNA1H_LHX9",0.828143881859555
"_GAGTTTGCATTAGGAA-2","Glut-CACNA1H-1","Ex_CACNA1H_LHX9",0.788600171775028
"_GAGTTTGGTGTTAAAG-2","Glut-CACNA1H-3","Ex_CACNA1H_LHX9",0.718409635120346
"_GATAGAAGTAGCGAGT-2","Glut-CACNA1H-3","Ex_CACNA1H_LHX9",0.514722835246165
"_GATAGAAGTCCGTACG-2","Glut-CACNA1H-2","Ex_CACNA1H_LHX9",0.792156149917972
"_GATAGAATCCACTGGG-2","Glut-CACNA1H-2","Ex_CACNA1H_LHX9",0.646855527026074
"_GATAGCTAGACCGTTT-2","Glut-CACNA1H-3","Ex_CACNA1H_LHX9",0.831218698723173
"_GATCACACATATACCG-2","Glut-CACNA1H-2","Ex_CACNA1H_LHX9",0.693360643744271
"_GATCACACATCGGTTA-2","Glut-CACNA1H-2","Ex_CACNA1H_LHX9",0.705508003891112
"_GATCACAGTACGGTTT-2","Glut-CACNA1H-3","Ex_CACNA1H_LHX9",0.589553860281859
"_GATCAGTAGGAACGTC-2","Glut-CACNA1H-1","Ex_CACNA1H_LHX9",0.865584835859658
"_GATCAGTCATCGTGCG-2","Glut-CACNA1H-3","Ex_CACNA1H_LHX9",0.611378625796471
"_GATCAGTGTGAAAGTT-2","Glut-CACNA1H-3","Ex_CACNA1H_LHX9",0.796603137951388
"_GATCATGAGACCACGA-2","Glut-CACNA1H-2","Ex_DACH2_NR4A3",0.267125701062562
"_GATCCCTCAGCTCTGG-2","Glut-CACNA1H-3","Ex_CACNA1H_LHX9",0.811307242933336
"_GATCGTAAGACATCCT-2","Glut-CACNA1H-4","Ex_CACNA1H_LHX9",0.424486306014995
"_GATCGTAAGGAGAGGC-2","Glut-CACNA1H-1","Ex_CACNA1H_LHX9",0.858407551922402
"_GATCGTAGTGGATACG-2","Glut-CACNA1H-3","Ex_CACNA1H_LHX9",0.86019184140927
"_GATGACTAGAGTGGCT-2","Glut-CACNA1H-3","Ex_CACNA1H_LHX9",0.848468984236019
"_GATGACTCAAGGTCAG-2","Glut-CACNA1H-2","Ex_CACNA1H_LHX9",0.747858456842878
"_GATGACTTCAAACGTC-2","Glut-CACNA1H-1","Ex_CACNA1H_LHX9",0.819634423088267
"_GATGAGGCAAACTAAG-2","Glut-CACNA1H-2","Ex_CACNA1H_LHX9",0.574913997241722
"_GATGAGGGTCAAATCC-2","Glut-CACNA1H-2","Ex_CACNA1H_LHX9",0.437573588932163
"_GATGCTAAGAGATGCC-2","Glut-CACNA1H-3","Ex_CACNA1H_LHX9",0.265386940834548
"_GATGCTAAGGGTTGCA-2","Glut-CACNA1H-2","Ex_CACNA1H_LHX9",0.662661616754898
"_GATGGAGAGGCCTGAA-2","Glut-CACNA1H-3","Ex_CACNA1H_LHX9",0.474866040856068
"_GATGGAGTCAGCGGAA-2","Glut-CACNA1H-3","Ex_CACNA1H_LHX9",0.850780319071546
"_GATGTTGGTAGTGCGA-2","Glut-CACNA1H-1","Ex_CACNA1H_LHX9",0.882326615406489
"_GATGTTGGTCGCCTAG-2","Glut-CACNA1H-3","Ex_CACNA1H_LHX9",0.875673214574434
"_GATGTTGTCGTTCAGA-2","Glut-CACNA1H-3","Ex_CACNA1H_LHX9",0.776456622604235
"_GATTCGACAATCTCGA-2","Glut-CACNA1H-1","Ex_CACNA1H_LHX9",0.194337321407574
"_GATTCGACAGAAGTGC-2","Glut-CACNA1H-3","Ex_CACNA1H_LHX9",0.875963642814172
"_GATTCTTAGCTTACGT-2","Glut-CACNA1H-1","Ex_CACNA1H_LHX9",0.871923963189359
"_GATTCTTCAAACGTGG-2","Glut-CACNA1H-2","Ex_CACNA1H_LHX9",0.605959038527627
"_GATTGGTGTCACAGAG-2","Glut-CACNA1H-3","Ex_CACNA1H_LHX9",0.638833807926616
"_GATTTCTCACATGACT-2","Glut-CACNA1H-1","Ex_CACNA1H_LHX9",0.881393090778882
"_GATTTCTGTGTTCCAA-2","Glut-CACNA1H-3","Ex_CACNA1H_LHX9",0.846652375675405
"_GCAACATAGAGGCGGA-2","Glut-CACNA1H-1","Ex_DACH2_NR4A3",0.255219335633577
"_GCAACATAGTAGTCAA-2","Glut-CACNA1H-3","Ex_CACNA1H_LHX9",0.866004569293246
"_GCAACATGTAGTTACC-2","Glut-CACNA1H-2","Ex_CACNA1H_LHX9",0.584055734827155
"_GCAACATGTTGGGCCT-2","Glut-CACNA1H-1","Ex_CACNA1H_LHX9",0.393800572839418
"_GCAACCGTCCGCCTAT-2","Glut-DACH2-1","Ex_DACH2_MGAT4C",0.34171310148008
"_GCACATAAGAGTCGAC-2","Glut-CACNA1H-1","Ex_CACNA1H_LHX9",0.837618234039119
"_GCACATATCTGTCTCG-2","Glut-CACNA1H-1","Ex_CACNA1H_LHX9",0.867057392193764
"_GCACGGTAGCACTTTG-2","Glut-CACNA1H-3","Ex_CACNA1H_LHX9",0.86156719520184
"_GCACGGTAGGTGCTTT-2","Glut-CACNA1H-3","Ex_DACH2_NR4A3",0.237519120036041
"_GCACGGTCACGACGAA-2","Glut-CACNA1H-3","Ex_CACNA1H_LHX9",0.812983134908367
"_GCACGGTGTTTCCAAG-2","Glut-DACH2-1","Ex_DACH2_SLIT2",0.378470244860907
"_GCACGGTTCATTTCGT-2","Glut-CACNA1H-RA","Ex_CACNA1H_LHX9",0.822195591022316
"_GCACGGTTCGCGGTAC-2","Glut-CACNA1H-2","Ex_CACNA1H_LHX9",0.831603158590104
"_GCACGTGCAGCCGGTT-2","Glut-CACNA1H-2","Ex_CACNA1H_LHX9",0.712882429127769
"_GCAGCCATCCTTCTAA-2","Glut-CACNA1H-2","Ex_CACNA1H_LHX9",0.610835646360108
"_GCAGCTGAGGGAGGTG-2","Glut-CACNA1H-2","Ex_CACNA1H_LHX9",0.607900809557584
"_GCAGCTGAGGGCGAGA-2","Glut-CACNA1H-4","Ex_CACNA1H_LHX9",0.958566101421663
"_GCAGCTGAGTAGGAAG-2","Glut-CACNA1H-4","Ex_CACNA1H_LHX9",0.931648724291175
"_GCAGCTGAGTCGGGAT-2","Glut-CACNA1H-1","Ex_CACNA1H_LHX9",0.88181123713694
"_GCAGCTGCATACAGAA-2","Glut-CACNA1H-3","Ex_CACNA1H_LHX9",0.859968577368047
"_GCAGCTGGTTGCGGAA-2","Glut-CACNA1H-2","Ex_CACNA1H_LHX9",0.654378522619091
"_GCAGTTAGTTGTGCAT-2","Glut-CACNA1H-1","Ex_CACNA1H_LHX9",0.831013981591374
"_GCATCGGCAAGTGGCA-2","Glut-CACNA1H-3","Ex_CACNA1H_LHX9",0.761281189059218
"_GCATCGGGTATTCCTT-2","Glut-CACNA1H-1","Ex_CACNA1H_LHX9",0.593112873894147
"_GCATGATAGCCTATTG-2","Glut-CACNA1H-3","Ex_CACNA1H_LHX9",0.854552250374339
"_GCATTAGAGCGAGAAA-2","Glut-CACNA1H-2","Ex_CACNA1H_LHX9",0.636542016481932
"_GCATTAGCACCAATTG-2","Glut-DACH2-1","Ex_DACH2_MGAT4C",0.431869991254565
"_GCATTAGCACCGTGGT-2","Glut-CACNA1H-2","Ex_CACNA1H_LHX9",0.480329121323341
"_GCATTAGGTGTTACTG-2","Glut-CACNA1H-4","Ex_CACNA1H_LHX9",0.861926648033858
"_GCCAACGTCGAACGCC-2","Glut-CACNA1H-3","Ex_CACNA1H_LHX9",0.801820721503698
"_GCCAGCAGTATCGTGT-2","Glut-CACNA1H-3","Ex_CACNA1H_LHX9",0.790526432369258
"_GCCAGCATCGGATACT-2","Glut-CACNA1H-2","Ex_CACNA1H_LHX9",0.496207784245539
"_GCCAGGTAGAAACTGT-2","Glut-CACNA1H-4","Ex_DACH2_SLIT2",0.492452575956876
"_GCCAGGTCAATACAGA-2","Glut-CACNA1H-2","Ex_CACNA1H_LHX9",0.5403334650909
"_GCCAGGTCACTTTATC-2","Glut-CACNA1H-1","Ex_CACNA1H_LHX9",0.882202157765496
"_GCCAGGTTCCGCTTAC-2","Glut-CACNA1H-1","Ex_CACNA1H_LHX9",0.883585605915563
"_GCCAGTGAGGTGCTGA-2","Glut-CACNA1H-2","Ex_CACNA1H_LHX9",0.449793304589582
"_GCCAGTGGTCGCGGTT-2","Glut-CACNA1H-1","Ex_CACNA1H_LHX9",0.686331293468438
"_GCCATGGGTTACGTAC-2","Glut-CACNA1H-1","Ex_CACNA1H_LHX9",0.816788245801737
"_GCCATGGTCATCACAG-2","Glut-CACNA1H-1","Ex_CACNA1H_LHX9",0.783699499093963
"_GCCATTCAGATGCCGA-2","Glut-CACNA1H-2","Ex_DACH2_NR4A3",0.374214575952887
"_GCCATTCCATCATCCC-2","Glut-CACNA1H-2","Ex_CACNA1H_LHX9",0.797491516887743
"_GCCCAGAAGAGCTGAC-2","Glut-CACNA1H-3","Ex_CACNA1H_LHX9",0.63621043197531
"_GCCCAGAAGGTCCCTG-2","Glut-CACNA1H-1","Ex_CACNA1H_LHX9",0.864376907288076
"_GCCGTGATCTTGAACG-2","Glut-CACNA1H-4","Ex_DACH2_SLIT2",0.712914865724175
"_GCCTGTTCATGAAGCG-2","Glut-CACNA1H-1","Ex_CACNA1H_LHX9",0.885111207869126
"_GCGAGAATCCTCACCA-2","Glut-CACNA1H-1","Ex_CACNA1H_LHX9",0.852995785195399
"_GCGATCGAGGAATTAC-2","Glut-CACNA1H-2","Ex_CACNA1H_LHX9",0.778342924895731
"_GCGATCGCATGATCTG-2","Glut-CACNA1H-2","Ex_CACNA1H_LHX9",0.762324399720056
"_GCGGATCAGAAGGTAG-2","Glut-CACNA1H-2","Ex_CACNA1H_LHX9",0.655126045559869
"_GCGGATCAGGCCTTCG-2","Glut-CACNA1H-2","Ex_CACNA1H_LHX9",0.437070725035647
"_GCGGATCCACCGTCGA-2","Glut-CACNA1H-3","Ex_CACNA1H_LHX9",0.779530164470588
"_GCGGATCCACCTCGTT-2","Glut-CACNA1H-1","Ex_CACNA1H_LHX9",0.891816365239171
"_GCGGATCCACGCTATA-2","Glut-CACNA1H-2","Ex_CACNA1H_LHX9",0.631750717677708
"_GCGGATCCATCCGGTG-2","Glut-CACNA1H-1","Ex_CACNA1H_LHX9",0.41845986070111
"_GCGGATCTCAGTGTCA-2","Glut-CACNA1H-2","Ex_CACNA1H_LHX9",0.805058212703047
"_GCGTGCACAATTGAAG-2","Glut-CACNA1H-2","Ex_CACNA1H_LHX9",0.81569785356617
"_GCGTGCATCGGATACT-2","Glut-CACNA1H-2","Ex_CACNA1H_LHX9",0.217268469547388
"_GCGTTTCAGATAACGT-2","Glut-CACNA1H-2","Ex_CACNA1H_LHX9",0.856623597749627
"_GCGTTTCCATAATGAG-2","Glut-CACNA1H-2","Ex_CACNA1H_LHX9",0.449177193863526
"_GCTACAACACAAATAG-2","Glut-CACNA1H-4","Ex_CACNA1H_LHX9",0.902419510739417
"_GCTACAACAGTCCCGA-2","Glut-CACNA1H-3","Ex_CACNA1H_LHX9",0.878772704521666
"_GCTACAATCGACGACC-2","Glut-CACNA1H-1","Ex_CACNA1H_LHX9",0.85564349368018
"_GCTACCTAGCATCAGG-2","Glut-CACNA1H-4","Ex_CACNA1H_LHX9",0.951874421705604
"_GCTACCTAGTCTTCCC-2","Glut-CACNA1H-1","Ex_CACNA1H_LHX9",0.758366295169361
"_GCTACCTGTTGCCAAT-2","Glut-CACNA1H-1","Ex_CACNA1H_LHX9",0.726985297767314
"_GCTGAATGTCTTCCGT-2","Glut-CACNA1H-2","Ex_CACNA1H_LHX9",0.657973076448497
"_GCTGAATTCCCGTTCA-2","Glut-CACNA1H-2","Ex_CACNA1H_LHX9",0.582533271851179
"_GCTGAATTCGATACGT-2","Glut-CACNA1H-1","Ex_CACNA1H_LHX9",0.892861422195783
"_GCTGAATTCGATTTCT-2","Glut-CACNA1H-2","Ex_CACNA1H_LHX9",0.496444013468794
"_GCTGAATTCTGCTAGA-2","Glut-CACNA1H-2","Ex_CACNA1H_LHX9",0.685505738352309
"_GCTGCAGAGAAGATCT-2","Glut-CACNA1H-2","Ex_CACNA1H_LHX9",0.625443606702593
"_GCTGCAGCAAGTTGGG-2","Glut-CACNA1H-2","Ex_CACNA1H_LHX9",0.630880775968325
"_GCTGCAGGTTGGACTT-2","Glut-CACNA1H-1","Ex_CACNA1H_LHX9",0.781104915238211
"_GCTGGGTCAGACAAGC-2","Glut-CACNA1H-3","Ex_CACNA1H_LHX9",0.868222168606781
"_GCTGGGTTCCATCTGC-2","Glut-CACNA1H-3","Ex_CACNA1H_LHX9",0.9316148785479
"_GCTTCACTCAAACGTC-2","Glut-CACNA1H-1","Ex_CACNA1H_LHX9",0.851067785410191
"_GCTTGGGGTCGGCCTA-2","Glut-CACNA1H-1","Ex_CACNA1H_LHX9",0.773990461349998
"_GCTTGGGGTGATGAAT-2","Glut-CACNA1H-1","Ex_CACNA1H_LHX9",0.792886693465225
"_GCTTGGGTCCGTAGTA-2","Glut-CACNA1H-2","Ex_CACNA1H_LHX9",0.63123167366586
"_GCTTTCGCATCGTTCC-2","Glut-CACNA1H-2","Ex_DACH2_NR4A3",0.298637559497866
"_GCTTTCGTCCAGGACC-2","Glut-CACNA1H-2","Ex_CACNA1H_LHX9",0.604457409724927
"_GGAAGTGAGCAATAGT-2","Glut-CACNA1H-3","Ex_CACNA1H_LHX9",0.309411203189867
"_GGAAGTGCATACAGAA-2","Glut-CACNA1H-1","Ex_CACNA1H_LHX9",0.326359299532345
"_GGAAGTGGTCTTTCAT-2","Glut-CACNA1H-3","Ex_CACNA1H_LHX9",0.888764993858804
"_GGAATCTGTACTAAGA-2","Glut-CACNA1H-2","Ex_CACNA1H_LHX9",0.270038376888629
"_GGAATCTGTGGGAGAG-2","Glut-CACNA1H-3","Ex_CACNA1H_LHX9",0.666412243145103
"_GGACGTCAGATGCAGC-2","Glut-CACNA1H-2","Ex_CACNA1H_LHX9",0.721447836524749
"_GGAGAACAGTGCAAAT-2","Glut-CACNA1H-3","Ex_CACNA1H_LHX9",0.72624319975062
"_GGAGATGGTTAGGAGC-2","Glut-CACNA1H-1","Ex_CACNA1H_LHX9",0.834791186151038
"_GGAGCAATCAAGGTGG-2","Glut-CACNA1H-1","Ex_CACNA1H_LHX9",0.807102597130238
"_GGAGGATAGTCTACCA-2","Glut-CACNA1H-2","Ex_CACNA1H_LHX9",0.832630224952248
"_GGAGGATGTAAGATTG-2","Glut-CACNA1H-1","Ex_CACNA1H_LHX9",0.873203136116204
"_GGAGGATGTGTTTACG-2","Glut-CACNA1H-1","Ex_CACNA1H_LHX9",0.817950752914525
"_GGAGGTAAGTATGATG-2","Glut-CACNA1H-2","Ex_CACNA1H_LHX9",0.45498084682806
"_GGAGGTATCAAGGACG-2","Glut-CACNA1H-3","Ex_CACNA1H_LHX9",0.6528610312611
"_GGATCTAAGCCTGCCA-2","Glut-CACNA1H-1","Ex_CACNA1H_LHX9",0.873950388483745
"_GGATGTTAGCCTATCA-2","Glut-CACNA1H-2","Ex_CACNA1H_LHX9",0.682390521867948
"_GGATGTTAGGACTATA-2","Glut-CACNA1H-1","Ex_CACNA1H_LHX9",0.787213856009015
"_GGATGTTCAAAGCTAA-2","Glut-CACNA1H-4","Ex_CACNA1H_LHX9",0.574560034022674
"_GGATGTTGTGCATACT-2","Glut-CACNA1H-3","Ex_CACNA1H_LHX9",0.779822512728577
"_GGCACGTCAATACCTG-2","Glut-CACNA1H-3","Ex_DACH2_NR4A3",0.257333150331822
"_GGCAGTCAGAGGGCGA-2","Glut-CACNA1H-3","Ex_CACNA1H_LHX9",0.894569451735178
"_GGCGTCAAGCTACTAC-2","Glut-CACNA1H-3","Ex_CACNA1H_LHX9",0.617437086459315
"_GGCGTCACACGACAGA-2","Glut-CACNA1H-1","Ex_CACNA1H_LHX9",0.833606946534125
"_GGCTGTGCACATTCTT-2","Glut-CACNA1H-2","Ex_CACNA1H_LHX9",0.651494216236572
"_GGCTGTGTCCCTGGTT-2","Glut-CACNA1H-2","Ex_CACNA1H_LHX9",0.648318359680216
"_GGCTTGGCACAATGTC-2","Glut-CACNA1H-1","Ex_CACNA1H_LHX9",0.759181841610902
"_GGCTTGGGTTAGTCGT-2","Glut-CACNA1H-2","Ex_CACNA1H_LHX9",0.49244455749278
"_GGCTTTCAGCTGCCAC-2","Glut-CACNA1H-4","Ex_CACNA1H_LHX9",0.934338162351925
"_GGCTTTCGTAAGCGGT-2","Glut-CACNA1H-3","Ex_CACNA1H_LHX9",0.331029367446459
"_GGGAAGTAGAGCTTTC-2","Glut-CACNA1H-2","Ex_CACNA1H_LHX9",0.696494991612888
"_GGGACAAGTACGTAGG-2","Glut-CACNA1H-3","Ex_CACNA1H_LHX9",0.891602429317711
"_GGGACCTCAGTGGCTC-2","Glut-CACNA1H-3","Ex_CACNA1H_LHX9",0.835265956595274
"_GGGACTCGTGAAGCTG-2","Glut-CACNA1H-1","Ex_CACNA1H_LHX9",0.841299174090342
"_GGGAGATAGTCGCCAC-2","Glut-CACNA1H-3","Ex_CACNA1H_LHX9",0.827848996790937
"_GGGAGATCACAACGCC-2","Glut-CACNA1H-3","Ex_CACNA1H_LHX9",0.813878144244799
"_GGGAGATGTTCTAACG-2","Glut-CACNA1H-3","Ex_CACNA1H_LHX9",0.911230517418129
"_GGGAGTAAGAGCACTG-2","Glut-CACNA1H-2","Ex_CACNA1H_LHX9",0.649281794715418
"_GGGAGTAAGGACAACC-2","Glut-CACNA1H-1","Ex_CACNA1H_LHX9",0.881583702424799
"_GGGAGTAGTACCCGAC-2","Glut-CACNA1H-3","Ex_CACNA1H_LHX9",0.721593850738226
"_GGGATCCCAGGCGTTC-2","Glut-CACNA1H-2","Ex_CACNA1H_LHX9",0.717328398471974
"_GGGATCCGTAGATCCT-2","Glut-CACNA1H-2","Ex_CACNA1H_LHX9",0.666821785490665
"_GGGATGAAGCTAGTTC-2","Glut-CACNA1H-2","Ex_CACNA1H_LHX9",0.714853647050447
"_GGGATGAGTGGTCTGC-2","Glut-CACNA1H-3","Ex_CACNA1H_LHX9",0.803235898332636
"_GGGATGAGTTACCCTC-2","Glut-CACNA1H-3","Ex_CACNA1H_LHX9",0.831776141534627
"_GGGCCATCAATCAGCT-2","Glut-CACNA1H-3","Ex_CACNA1H_LHX9",0.732228414772411
"_GGGCGTTAGCGATTCT-2","Glut-CACNA1H-3","Ex_CACNA1H_LHX9",0.62042751554189
"_GGGCTACAGCAAATCA-2","Glut-CACNA1H-1","Ex_CACNA1H_LHX9",0.82477572755299
"_GGGCTACCACGCGTCA-2","Glut-CACNA1H-3","Ex_CACNA1H_LHX9",0.709058351493157
"_GGGCTACCAGCGTAGA-2","Glut-CACNA1H-2","Ex_CACNA1H_LHX9",0.77174703838605
"_GGGCTCAGTTGCCAAT-2","Glut-CACNA1H-1","Ex_CACNA1H_LHX9",0.243773137660081
"_GGGTAGAAGCTTTCTT-2","Glut-CACNA1H-2","Ex_CACNA1H_LHX9",0.747616335841306
"_GGGTAGACATAGATCC-2","Glut-CACNA1H-1","Ex_CACNA1H_LHX9",0.856770861577583
"_GGGTAGAGTTGCTCGG-2","Glut-CACNA1H-1","Ex_CACNA1H_LHX9",0.866377954407556
"_GGGTAGATCATCTGTT-2","Glut-CACNA1H-4","Ex_CACNA1H_LHX9",0.772081889635513
"_GGGTATTTCGGTGCAC-2","Glut-CACNA1H-2","Ex_CACNA1H_LHX9",0.793706967360716
"_GGGTCACCATATACCG-2","Glut-CACNA1H-1","Ex_CACNA1H_LHX9",0.87485656526749
"_GGGTCACCATCACGGC-2","Glut-CACNA1H-1","Ex_CACNA1H_LHX9",0.863052450245235
"_GGGTCTGCAAGCCCAC-2","Glut-CACNA1H-1","Ex_CACNA1H_LHX9",0.903019349923366
"_GGGTGAACAAACCACT-2","Glut-CACNA1H-2","Ex_CACNA1H_LHX9",0.871513352262418
"_GGGTGAAGTTTCGGCG-2","Glut-CACNA1H-2","Ex_CACNA1H_LHX9",0.738457384829134
"_GGGTGTCAGAGCTTTC-2","Glut-CACNA1H-3","Ex_CACNA1H_LHX9",0.881052262325463
"_GGGTGTCTCATGAGGG-2","Glut-CACNA1H-2","Ex_CACNA1H_LHX9",0.652894031795264
"_GGGTGTCTCTGACCCT-2","Glut-CACNA1H-3","Ex_CACNA1H_LHX9",0.834297080534552
"_GGGTTATCATCTTAGG-2","Glut-CACNA1H-1","Ex_CACNA1H_LHX9",0.810859272384359
"_GGGTTTATCACATCAG-2","Glut-CACNA1H-1","Ex_CACNA1H_LHX9",0.877626216066698
"_GGTAATCGTGATACTC-2","Glut-CACNA1H-3","Ex_CACNA1H_LHX9",0.776864328203526
"_GGTAGAGAGTAGCTCT-2","Glut-CACNA1H-2","Ex_CACNA1H_LHX9",0.556384332261216
"_GGTAGAGGTTGTGTAC-2","Glut-CACNA1H-3","Ex_CACNA1H_LHX9",0.617605779306371
"_GGTAGAGTCCTCACGT-2","Glut-CACNA1H-1","Ex_CACNA1H_LHX9",0.882525505443918
"_GGTCACGCAGGCTTGC-2","Glut-DACH2-2","Ex_DACH2_MGAT4C",0.445040071883312
"_GGTCTGGAGACAACTA-2","Glut-CACNA1H-3","Ex_CACNA1H_LHX9",0.769694068473469
"_GGTCTGGTCGTTCCTG-2","Glut-CACNA1H-2","Ex_CACNA1H_LHX9",0.740076220317942
"_GGTCTGGTCTATCGCC-2","Glut-CACNA1H-2","Ex_CACNA1H_LHX9",0.715122327910174
"_GGTGAAGCATGAGATA-2","Glut-CACNA1H-2","Ex_CACNA1H_LHX9",0.642778159260642
"_GGTGAAGGTAGTTAGA-2","Glut-CACNA1H-1","Ex_CACNA1H_LHX9",0.868145488929927
"_GGTGATTGTGGAATGC-2","Glut-CACNA1H-3","Ex_CACNA1H_LHX9",0.783192854817812
"_GGTGATTTCCCATAAG-2","Glut-CACNA1H-2","Ex_CACNA1H_LHX9",0.656455014069876
"_GGTGATTTCCCGATCT-2","Glut-CACNA1H-2","Ex_CACNA1H_LHX9",0.621375254346123
"_GGTGATTTCTGCCTCA-2","Glut-CACNA1H-3","Ex_CACNA1H_LHX9",0.784330797080016
"_GGTGGCTAGCCGTTAT-2","Glut-CACNA1H-1","Ex_CACNA1H_LHX9",0.883180825360867
"_GGTGGCTGTATCGTAC-2","Glut-CACNA1H-2","Ex_CACNA1H_LHX9",0.715846812145859
"_GGTGTTAAGATGCCGA-2","Glut-CACNA1H-2","Ex_CACNA1H_LHX9",0.608780013554573
"_GGTGTTAAGCGCAATG-2","Glut-CACNA1H-4","Ex_CACNA1H_LHX9",0.896654343403436
"_GGTGTTATCAGGGTAG-2","Glut-CACNA1H-2","Ex_CACNA1H_LHX9",0.51570085555074
"_GGTGTTATCCCGAAAT-2","Glut-CACNA1H-3","Ex_CACNA1H_LHX9",0.298484349535933
"_GGTTAACGTTGGACTT-2","Glut-CACNA1H-1","Ex_CACNA1H_LHX9",0.861857364470876
"_GGTTAACTCTCCGCAT-2","Glut-CACNA1H-1","Ex_CACNA1H_LHX9",0.76186411033301
"_GGTTAACTCTTCGTGC-2","Glut-CACNA1H-1","Ex_CACNA1H_LHX9",0.894821464914618
"_GGTTCTCTCGACACTA-2","Glut-CACNA1H-3","Ex_CACNA1H_LHX9",0.442013546436707
"_GGTTGTAGTGTGAATA-2","Glut-CACNA1H-1","Ex_CACNA1H_LHX9",0.846593338108336
"_GTAACACGTACCTATG-2","Glut-CACNA1H-2","Ex_CACNA1H_LHX9",0.235467820459379
"_GTAACACTCCTTCGAC-2","Glut-CACNA1H-3","Ex_DACH2_ITGA9",0.446726006347363
"_GTAACCAAGGAATTAC-2","Glut-CACNA1H-2","Ex_CACNA1H_LHX9",0.793627765629967
"_GTAAGTCAGGAGCAAA-2","Glut-CACNA1H-4","Ex_CACNA1H_LHX9",0.877078005144568
"_GTAAGTCAGTTGGAGC-2","Glut-CACNA1H-3","Ex_CACNA1H_LHX9",0.87348606912814
"_GTAAGTCCAATGAAAC-2","Glut-CACNA1H-2","Ex_CACNA1H_LHX9",0.725433061371094
"_GTAAGTCCACGGTCTG-2","Glut-CACNA1H-1","Ex_CACNA1H_LHX9",0.84134141576025
"_GTAAGTCGTCTTGAGT-2","Glut-CACNA1H-1","Ex_CACNA1H_LHX9",0.8428117731178
"_GTAATCGAGTTCATGC-2","Glut-CACNA1H-1","Ex_DACH2_NR4A3",0.277823353831798
"_GTAATCGCACGGCCAT-2","Glut-CACNA1H-3","Ex_CACNA1H_LHX9",0.865339643389409
"_GTAATCGCAGTCAGCC-2","Glut-CACNA1H-2","Ex_CACNA1H_LHX9",0.527220423196354
"_GTAATCGGTCAGCGTC-2","Glut-CACNA1H-2","Ex_CACNA1H_LHX9",0.326819484711199
"_GTAATCGGTGAGACCA-2","Glut-CACNA1H-2","Ex_CACNA1H_LHX9",0.761556156949151
"_GTAATGCAGACGAGCT-2","Glut-DACH2-2","Ex_DACH2_MGAT4C",0.464374020806821
"_GTAATGCCAGACCATT-2","Glut-CACNA1H-1","Ex_CACNA1H_LHX9",0.839196318190008
"_GTACAACCATGAAGCG-2","Glut-CACNA1H-3","Ex_CACNA1H_LHX9",0.825601781403
"_GTACAACGTTGCGGCT-2","Glut-CACNA1H-2","Ex_CACNA1H_LHX9",0.466146265370107
"_GTAGAAACAATACCTG-2","Glut-CACNA1H-1","Ex_CACNA1H_LHX9",0.879195838734272
"_GTAGAGGGTGTCTTAG-2","Glut-CACNA1H-1","Ex_CACNA1H_LHX9",0.842217471061691
"_GTAGATCCAAAGTGTA-2","Glut-CACNA1H-2","Ex_CACNA1H_LHX9",0.794924237419746
"_GTAGATCCAATCGCAT-2","Glut-CACNA1H-2","Ex_CACNA1H_LHX9",0.576773719188776
"_GTAGATCGTCCTACAA-2","Glut-CACNA1H-2","Ex_DACH2_ITGA9",0.422073088294204
"_GTAGATCTCACCACAA-2","Glut-CACNA1H-1","Ex_CACNA1H_LHX9",0.840868952229064
"_GTAGCTAAGTGCTCGC-2","Glut-CACNA1H-4","Ex_CACNA1H_LHX9",0.890466136512348
"_GTAGCTAGTTCCACAA-2","Glut-CACNA1H-2","Ex_CACNA1H_LHX9",0.68859908335884
"_GTAGGAGGTCGGCCTA-2","Glut-CACNA1H-2","Ex_DACH2_NR4A3",0.295903822360156
"_GTAGTACAGAACGCGT-2","Glut-CACNA1H-1","Ex_CACNA1H_LHX9",0.570074190785436
"_GTAGTACAGTAACGAT-2","Glut-CACNA1H-2","Ex_CACNA1H_LHX9",0.609290979893925
"_GTATTGGAGTTGGCGA-2","Glut-CACNA1H-1","Ex_CACNA1H_LHX9",0.837171458249855
"_GTATTGGTCTGCTTTA-2","Glut-CACNA1H-3","Ex_CACNA1H_LHX9",0.273113531260259
"_GTATTTCCATGCAGGA-2","Glut-CACNA1H-1","Ex_CACNA1H_LHX9",0.830088082450317
"_GTATTTCGTCGTGCCA-2","Glut-CACNA1H-2","Ex_CACNA1H_LHX9",0.52883106559919
"_GTATTTCGTTTGACAC-2","Glut-CACNA1H-3","Ex_CACNA1H_LHX9",0.819604428825547
"_GTATTTCTCGACATAC-2","Glut-CACNA1H-1","Ex_CACNA1H_LHX9",0.907001691782604
"_GTCAAACAGTCTTGGT-2","Glut-CACNA1H-2","Ex_CACNA1H_LHX9",0.399972169205111
"_GTCAAACCAACCGATT-2","Glut-CACNA1H-1","Ex_CACNA1H_LHX9",0.863764463296275
"_GTCAAGTCAAGAAATC-2","Glut-CACNA1H-1","Ex_CACNA1H_LHX9",0.880475141715615
"_GTCAAGTCAAGTATAG-2","Glut-CACNA1H-4","Ex_CACNA1H_LHX9",0.884004441400222
"_GTCACGGCAGAGTGAC-2","Glut-CACNA1H-1","Ex_CACNA1H_LHX9",0.832254858151903
"_GTCACGGGTCGTGCCA-2","Glut-CACNA1H-2","Ex_CACNA1H_LHX9",0.504028712462321
"_GTCACGGTCACGTCCT-2","Glut-CACNA1H-1","Ex_CACNA1H_LHX9",0.897591917263025
"_GTCACTCCACAACGAG-2","Glut-CACNA1H-2","Ex_CACNA1H_LHX9",0.64764427606574
"_GTCACTCGTCACGTGC-2","Glut-CACNA1H-2","Ex_CACNA1H_LHX9",0.7562430670162
"_GTCATCCAGTTCGGTT-2","Glut-CACNA1H-2","Ex_CACNA1H_LHX9",0.470092602007531
"_GTCATCCCAGGTAGTG-2","Glut-CACNA1H-2","Ex_CACNA1H_LHX9",0.493992125983175
"_GTCATCCGTTTCCAAG-2","Glut-CACNA1H-1","Ex_CACNA1H_LHX9",0.863076734289999
"_GTCATCCTCCGATCTC-2","Glut-CACNA1H-4","Ex_CACNA1H_LHX9",0.888234438414772
"_GTCATGATCCAACCAA-2","Glut-CACNA1H-2","Ex_CACNA1H_LHX9",0.648388641387914
"_GTCATTTAGGCTCTAT-2","Glut-CACNA1H-2","Ex_CACNA1H_LHX9",0.515797994713527
"_GTCATTTGTATGCGGA-2","Glut-CACNA1H-1","Ex_CACNA1H_LHX9",0.771025688317184
"_GTCCCATGTGGTCTCG-2","Glut-CACNA1H-2","Ex_CACNA1H_LHX9",0.741259105957717
"_GTCCCATGTTTGTGGT-2","Glut-DACH2-1","Ex_DACH2_SLIT2",0.401392973850436
"_GTCCCATTCGCTGATA-2","Glut-CACNA1H-1","Ex_CACNA1H_LHX9",0.887212911603687
"_GTCCTCAAGAGTCAAT-2","Glut-CACNA1H-2","Ex_CACNA1H_LHX9",0.618182616442381
"_GTCCTCACACGTACAT-2","Glut-CACNA1H-1","Ex_CACNA1H_LHX9",0.865884330938787
"_GTCGCGAAGAGTACCG-2","Glut-CACNA1H-2","Ex_CACNA1H_LHX9",0.508329742461201
"_GTCGCGAAGGCCCAAA-2","Glut-CACNA1H-1","Ex_CACNA1H_LHX9",0.871383149330688
"_GTCGCGAGTCTGTCCT-2","Glut-CACNA1H-1","Ex_CACNA1H_LHX9",0.841319074305042
"_GTCGCGATCCCTCATG-2","Glut-CACNA1H-4","Ex_CACNA1H_LHX9",0.90650113250415
"_GTCGTTCAGAAAGCGA-2","Glut-CACNA1H-3","Ex_CACNA1H_LHX9",0.894058474065173
"_GTCTAGACACTTCAGA-2","Glut-CACNA1H-1","Ex_CACNA1H_LHX9",0.877407504590674
"_GTCTAGATCCCGGTAG-2","Glut-CACNA1H-2","Ex_CACNA1H_LHX9",0.308384533001027
"_GTCTCACAGGGAACAA-2","Glut-CACNA1H-2","Ex_CACNA1H_LHX9",0.653978009476557
"_GTCTCACCAGAGCGTA-2","Glut-CACNA1H-3","Ex_CACNA1H_LHX9",0.724825692510536
"_GTCTCACCATAATGAG-2","Glut-CACNA1H-RA","Ex_CACNA1H_LHX9",0.163845302925086
"_GTCTCACGTATTTCCT-2","Glut-DACH2-1","Ex_DACH2_MGAT4C",0.402137598321921
"_GTCTCACGTCAGGTAG-2","Glut-CACNA1H-2","Ex_CACNA1H_LHX9",0.728685775970906
"_GTCTCACTCCTCAGAA-2","Glut-CACNA1H-3","Ex_CACNA1H_LHX9",0.866602246294414
"_GTCTGTCCATTATGCG-2","Glut-CACNA1H-1","Ex_CACNA1H_LHX9",0.713669102295191
"_GTCTGTCGTGTTCCAA-2","Glut-CACNA1H-1","Ex_CACNA1H_LHX9",0.818567261352125
"_GTGACGCAGAATCTAG-2","Glut-CACNA1H-2","Ex_CACNA1H_LHX9",0.934679286698918
"_GTGACGCCATAAGCAA-2","Glut-CACNA1H-1","Ex_CACNA1H_LHX9",0.784520502006835
"_GTGAGCCAGAATACAC-2","Glut-CACNA1H-2","Ex_CACNA1H_LHX9",0.662188466246391
"_GTGAGGACACGCGTCA-2","Glut-CACNA1H-2","Ex_CACNA1H_LHX9",0.72903824019174
"_GTGAGGAGTCGTACAT-2","Glut-CACNA1H-2","Ex_CACNA1H_LHX9",0.558361982083417
"_GTGAGTTCATGAGGGT-2","Glut-CACNA1H-RA","Ex_CACNA1H_LHX9",0.769837594409273
"_GTGAGTTGTATGCGTT-2","Glut-CACNA1H-3","Ex_DACH2_NR4A3",0.239401282301579
"_GTGAGTTGTTCGGACC-2","Glut-CACNA1H-4","Ex_CACNA1H_LHX9",0.907368550196352
"_GTGATGTCATCCGGTG-2","Glut-CACNA1H-1","Ex_CACNA1H_LHX9",0.858700476696705
"_GTGATGTTCACGGAGA-2","Glut-CACNA1H-1","Ex_CACNA1H_LHX9",0.888289091925002
"_GTGCACGAGTTATGGA-2","Glut-CACNA1H-1","Ex_CACNA1H_LHX9",0.703967183770514
"_GTGCACGCAGCGGATA-2","Glut-CACNA1H-3","Ex_CACNA1H_LHX9",0.816897908385288
"_GTGCACGTCTAACACG-2","Glut-CACNA1H-1","Ex_CACNA1H_LHX9",0.866061618874309
"_GTGCAGCTCACACCCT-2","Glut-CACNA1H-1","Ex_CACNA1H_LHX9",0.81608259438866
"_GTGCAGCTCGCTCTAC-2","Glut-CACNA1H-2","Ex_CACNA1H_LHX9",0.512958095785315
"_GTGCAGCTCTTTGCGC-2","Glut-CACNA1H-1","Ex_CACNA1H_LHX9",0.895597807179082
"_GTGCGTGAGAATACAC-2","Glut-CACNA1H-3","Ex_CACNA1H_LHX9",0.785286281962867
"_GTGCGTGAGGGTACGT-2","Glut-CACNA1H-2","Ex_CACNA1H_LHX9",0.731882757347016
"_GTGCGTGGTGGCACTC-2","Glut-CACNA1H-3","Ex_CACNA1H_LHX9",0.72315371649119
"_GTGCTGGAGAGAGCGG-2","Glut-CACNA1H-3","Ex_CACNA1H_LHX9",0.857681474398627
"_GTGCTGGCACCGGCTA-2","Glut-CACNA1H-2","Ex_CACNA1H_LHX9",0.410902826155139
"_GTGCTGGGTCTTACAG-2","Glut-CACNA1H-1","Ex_CACNA1H_LHX9",0.873229680947559
"_GTGCTGGTCGTCCTCA-2","Glut-CACNA1H-1","Ex_CACNA1H_LHX9",0.798274501861709
"_GTGCTTCCAGAACTCT-2","Glut-CACNA1H-3","Ex_CACNA1H_LHX9",0.790498327374511
"_GTGCTTCGTAGATCCT-2","Glut-DACH2-1","Ex_DACH2_LUZP2",0.336574619334944
"_GTGCTTCGTCGCCACA-2","Glut-CACNA1H-2","Ex_CACNA1H_LHX9",0.681325742061134
"_GTGGAAGCACCGTGAC-2","Glut-CACNA1H-2","Ex_CACNA1H_LHX9",0.728514633480897
"_GTGGCGTAGATGCCGA-2","Glut-CACNA1H-3","Ex_CACNA1H_LHX9",0.888503830285983
"_GTGGCGTAGCCTTTCC-2","Glut-CACNA1H-1","Ex_CACNA1H_LHX9",0.857762884691896
"_GTGGCGTCAGAGGGTT-2","Glut-CACNA1H-3","Ex_CACNA1H_LHX9",0.760945136955297
"_GTGGCGTCATCCTTCG-2","Glut-CACNA1H-4","Ex_CACNA1H_LHX9",0.846102858239739
"_GTGGCGTGTCTGTGAT-2","Glut-CACNA1H-2","Ex_CACNA1H_LHX9",0.580925141966411
"_GTGGCGTGTGGGTATG-2","Glut-CACNA1H-1","Ex_CACNA1H_LHX9",0.86090485893957
"_GTGGGAAAGGGAGAAT-2","Glut-CACNA1H-1","Ex_CACNA1H_LHX9",0.896552020150371
"_GTGGGAAAGTCGAATA-2","Glut-CACNA1H-3","Ex_CACNA1H_LHX9",0.280468392969083
"_GTGGGAAGTTAACAGA-2","Glut-CACNA1H-2","Ex_CACNA1H_LHX9",0.326506498185043
"_GTGGTTAGTCAAGTTC-2","Glut-CACNA1H-1","Ex_DACH2_NR4A3",0.236324474876414
"_GTGGTTAGTTGCACGC-2","Glut-CACNA1H-1","Ex_CACNA1H_LHX9",0.796557008357027
"_GTGTAACTCGGAGTAG-2","Glut-CACNA1H-2","Ex_CACNA1H_LHX9",0.710548199792792
"_GTGTCCTAGAGGCTGT-2","Glut-CACNA1H-1","Ex_CACNA1H_LHX9",0.898709689896723
"_GTGTCCTAGGCATCTT-2","Glut-CACNA1H-1","Ex_CACNA1H_LHX9",0.740651291054715
"_GTGTCCTAGGCATTTC-2","Glut-DACH2-1","Ex_DACH2_MGAT4C",0.424214949575459
"_GTGTCCTCAACATCGT-2","Glut-CACNA1H-1","Ex_CACNA1H_LHX9",0.881180099851489
"_GTGTCCTCAAGTGCTT-2","Glut-CACNA1H-1","Ex_CACNA1H_LHX9",0.756204973972613
"_GTGTCCTCACAGCATT-2","Glut-CACNA1H-3","Ex_CACNA1H_LHX9",0.356561796587822
"_GTGTCCTGTGCTCTCT-2","Glut-CACNA1H-4","Ex_CACNA1H_LHX9",0.917626735501969
"_GTGTGATAGTTGCTCA-2","Glut-CACNA1H-3","Ex_CACNA1H_LHX9",0.704299163268108
"_GTGTGGCAGTACAGCG-2","Glut-CACNA1H-2","Ex_CACNA1H_LHX9",0.584352774505867
"_GTGTGGCAGTTGTCAC-2","Glut-CACNA1H-2","Ex_CACNA1H_LHX9",0.626479725295531
"_GTGTGGCGTCACAGTT-2","Glut-CACNA1H-1","Ex_CACNA1H_LHX9",0.796226358477775
"_GTGTTAGAGAAACTAC-2","Glut-CACNA1H-2","Ex_CACNA1H_LHX9",0.369671143391825
"_GTGTTAGAGGATTTAG-2","Glut-CACNA1H-3","Ex_CACNA1H_LHX9",0.744180010662245
"_GTGTTAGCAGGGCTTC-2","Glut-CACNA1H-4","Ex_CACNA1H_LHX9",0.928748540751418
"_GTGTTAGGTCTCCCTA-2","Glut-CACNA1H-2","Ex_CACNA1H_LHX9",0.715283658208596
"_GTGTTAGGTGAGTTGG-2","Glut-CACNA1H-2","Ex_CACNA1H_LHX9",0.824681264495451
"_GTGTTAGGTGCCTAAT-2","Glut-CACNA1H-4","Ex_CACNA1H_LHX9",0.887576997652415
"_GTGTTCCCAGCAGGAT-2","Glut-CACNA1H-2","Ex_CACNA1H_LHX9",0.412517526525859
"_GTTACAGGTTGATCGT-2","Glut-CACNA1H-2","Ex_CACNA1H_LHX9",0.6045325253605
"_GTTACGAAGAGAGCAA-2","Glut-CACNA1H-2","Ex_CACNA1H_LHX9",0.439843847635111
"_GTTACGAGTCACTCTC-2","Glut-CACNA1H-2","Ex_CACNA1H_LHX9",0.588064245393171
"_GTTAGACAGTATAACG-2","Glut-CACNA1H-3","Ex_CACNA1H_LHX9",0.897674099035694
"_GTTAGACGTCGCGTTG-2","Glut-CACNA1H-1","Ex_CACNA1H_LHX9",0.876648116435143
"_GTTAGACGTTCTATCT-2","Glut-CACNA1H-2","Ex_CACNA1H_LHX9",0.636371967975796
"_GTTAGACTCACTCGAA-2","Glut-CACNA1H-4","Ex_CACNA1H_LHX9",0.96308106564509
"_GTTAGTGCAACGACAG-2","Glut-CACNA1H-2","Ex_CACNA1H_LHX9",0.430025425131467
"_GTTAGTGCACCGTCGA-2","Glut-CACNA1H-1","Ex_CACNA1H_LHX9",0.828290753927575
"_GTTATGGCAAGGCGTA-2","Glut-CACNA1H-3","Ex_CACNA1H_LHX9",0.776847304347462
"_GTTATGGCATGGGCAA-2","Glut-CACNA1H-1","Ex_CACNA1H_LHX9",0.770132265940604
"_GTTCATTCAACTCCCT-2","Glut-CACNA1H-4","Ex_CACNA1H_LHX9",0.898336002641512
"_GTTCATTGTCGACTTA-2","Glut-DACH2-3","Ex_DACH2_SLIT2",0.634284590714227
"_GTTCCGTGTGGCGTAA-2","Glut-CACNA1H-3","Ex_CACNA1H_LHX9",0.282931270442399
"_GTTCCGTTCCCTATTA-2","Glut-CACNA1H-4","Ex_CACNA1H_LHX9",0.85908558510755
"_GTTCGCTCACTACCGG-2","Glut-CACNA1H-4","Ex_CACNA1H_LHX9",0.932319141815734
"_GTTCGCTGTGGCGTAA-2","Glut-CACNA1H-2","Ex_CACNA1H_LHX9",0.717168601902901
"_GTTCGCTTCCGCAACG-2","Glut-CACNA1H-1","Ex_CACNA1H_LHX9",0.917794570285714
"_GTTCTATAGCCTGTGC-2","Glut-CACNA1H-1","Ex_CACNA1H_LHX9",0.917987631656469
"_GTTCTATGTCGCGGTT-2","Glut-CACNA1H-3","Ex_CACNA1H_LHX9",0.777642963824552
"_GTTCTATGTTAGGGAC-2","Glut-CACNA1H-1","Ex_CACNA1H_LHX9",0.904549892109085
"_GTTGAACAGACTGTTC-2","Glut-CACNA1H-2","Ex_CACNA1H_LHX9",0.512414595656724
"_GTTGCGGCACATTCGA-2","Glut-CACNA1H-1","Ex_CACNA1H_LHX9",0.673841998346843
"_GTTGCGGCAGCAAGAC-2","Glut-CACNA1H-3","Ex_DACH2_NR4A3",0.286668687525081
"_GTTGCGGCAGCAGACA-2","Glut-CACNA1H-3","Ex_CACNA1H_LHX9",0.868788697897082
"_GTTGCTCCATCTTCGC-2","Glut-CACNA1H-2","Ex_CACNA1H_LHX9",0.409669480995681
"_GTTGTAGCAAATGGTA-2","Glut-CACNA1H-2","Ex_CACNA1H_LHX9",0.680007619896088
"_GTTGTAGCAACGGCTC-2","Glut-CACNA1H-1","Ex_CACNA1H_LHX9",0.876023089259312
"_GTTGTAGGTTGGATCT-2","Glut-CACNA1H-1","Ex_CACNA1H_LHX9",0.906814922893024
"_GTTGTAGTCACGGGCT-2","Glut-CACNA1H-2","Ex_CACNA1H_LHX9",0.706632493478011
"_GTTGTAGTCCAACTAG-2","Glut-CACNA1H-3","Ex_CACNA1H_LHX9",0.799682132455902
"_GTTGTAGTCCAAGCCG-2","Glut-CACNA1H-2","Ex_CACNA1H_LHX9",0.709416025812429
"_GTTGTCCAGTGCAGGT-2","Glut-CACNA1H-1","Ex_DACH2_NR4A3",0.41864098782849
"_GTTGTCCCACTACGGC-2","Glut-CACNA1H-2","Ex_CACNA1H_LHX9",0.440944195122546
"_GTTTACTGTCATTGCA-2","Glut-CACNA1H-4","Ex_CACNA1H_LHX9",0.829003531111157
"_GTTTGGAAGGAGAGGC-2","Glut-CACNA1H-1","Ex_CACNA1H_LHX9",0.849044913869546
"_GTTTGGAAGGCCGCTT-2","Glut-CACNA1H-3","Ex_CACNA1H_LHX9",0.614008702989196
"_GTTTGGACAGGCTATT-2","Glut-CACNA1H-1","Ex_CACNA1H_LHX9",0.89688777574177
"_GTTTGGAGTTCCTACC-2","Glut-CACNA1H-2","Ex_CACNA1H_LHX9",0.867100828232904
"_TAACACGCATGAGATA-2","Glut-CACNA1H-3","Ex_CACNA1H_LHX9",0.707908358572255
"_TAACACGGTCGAATTC-2","Glut-CACNA1H-4","Ex_CACNA1H_LHX9",0.954342042406052
"_TAACACGGTGAGCGAT-2","Glut-CACNA1H-1","Ex_CACNA1H_LHX9",0.892112244310321
"_TAACACGTCTCTTGCG-2","Glut-CACNA1H-1","Ex_CACNA1H_LHX9",0.872764817242374
"_TAACCAGGTTATCTGG-2","Glut-CACNA1H-2","Ex_DACH2_NR4A3",0.329883312972212
"_TAACCAGTCTGCTTTA-2","Glut-CACNA1H-1","Ex_CACNA1H_LHX9",0.834400435590685
"_TAACGACCATCCTATT-2","Glut-CACNA1H-2","Ex_CACNA1H_LHX9",0.635855209354196
"_TAACGACGTAGGTCAG-2","Glut-CACNA1H-2","Ex_CACNA1H_LHX9",0.575321572894292
"_TAACTTCCAAGCTGTT-2","Glut-CACNA1H-4","Ex_CACNA1H_LHX9",0.919825818546177
"_TAACTTCGTTTGGAGG-2","Glut-CACNA1H-1","Ex_CACNA1H_LHX9",0.854034743048009
"_TAACTTCTCAGACAAA-2","Glut-CACNA1H-3","Ex_CACNA1H_LHX9",0.885656121999535
"_TAAGCACCACGGATCC-2","Glut-CACNA1H-2","Ex_CACNA1H_LHX9",0.581764480884046
"_TAAGCACTCCCATAGA-2","Glut-CACNA1H-3","Ex_CACNA1H_LHX9",0.828969215654626
"_TAAGCCACAGCTTTCC-2","Glut-CACNA1H-1","Ex_CACNA1H_LHX9",0.882260894266659
"_TAAGCCACAGTCTACA-2","Glut-CACNA1H-4","Ex_CACNA1H_LHX9",0.933163098728375
"_TAAGCCAGTCGGCTAC-2","Glut-CACNA1H-2","Ex_CACNA1H_LHX9",0.744506718897984
"_TAAGCCAGTGATTAGA-2","Glut-CACNA1H-2","Ex_CACNA1H_LHX9",0.862651845739695
"_TAAGCCAGTGTCCACG-2","Glut-CACNA1H-4","Ex_CACNA1H_LHX9",0.926406558058117
"_TAAGCCATCGTTAGAC-2","Glut-CACNA1H-3","Ex_CACNA1H_LHX9",0.834208284088564
"_TAAGCCATCTACGGGC-2","Glut-CACNA1H-1","Ex_CACNA1H_LHX9",0.820381900543047
"_TAAGCGTAGAGGCGGA-2","Glut-CACNA1H-1","Ex_CACNA1H_LHX9",0.914483272851896
"_TAAGCGTAGCCTGTGC-2","Glut-CACNA1H-1","Ex_CACNA1H_LHX9",0.882973011250209
"_TAAGCGTAGTTCTCTT-2","Glut-CACNA1H-1","Ex_CACNA1H_LHX9",0.850070200612107
"_TAAGCGTCAGCTGCCA-2","Glut-CACNA1H-1","Ex_CACNA1H_LHX9",0.858587064693173
"_TAAGCGTGTGACAGGT-2","Glut-CACNA1H-3","Ex_CACNA1H_LHX9",0.850780296879792
"_TAAGTCGGTAGATCCT-2","Glut-CACNA1H-1","Ex_CACNA1H_LHX9",0.877104250417909
"_TAAGTCGTCGCCATAA-2","Glut-CACNA1H-2","Ex_CACNA1H_LHX9",0.264971293737662
"_TAATCTCCAGACAAGC-2","Glut-CACNA1H-1","Ex_CACNA1H_LHX9",0.787489870286745
"_TAATCTCGTAAGGCCA-2","Glut-CACNA1H-2","Ex_CACNA1H_LHX9",0.431659522460744
"_TAATCTCTCCTGCCAT-2","Glut-CACNA1H-1","Ex_CACNA1H_LHX9",0.794572042255162
"_TAATTCCAGGATTTAG-2","Glut-CACNA1H-2","Ex_CACNA1H_LHX9",0.61133626337462
"_TAATTCCGTGTCTCCT-2","Glut-CACNA1H-2","Ex_CACNA1H_LHX9",0.372765777878653
"_TACAACGGTCAGTCTA-2","Glut-CACNA1H-1","Ex_CACNA1H_LHX9",0.881995648475586
"_TACACCCAGACGAGCT-2","Glut-CACNA1H-3","Ex_CACNA1H_LHX9",0.870025817347781
"_TACACCCAGCAAGTCG-2","Glut-DACH2-1","Ex_DACH2_SLIT2",0.406445373365855
"_TACAGGTCAAGGTACG-2","Glut-CACNA1H-3","Ex_CACNA1H_LHX9",0.818680913741874
"_TACAGGTCAAGTTTGC-2","Glut-CACNA1H-2","Ex_CACNA1H_LHX9",0.718199620713326
"_TACAGGTGTTAAGTCC-2","Glut-CACNA1H-3","Ex_CACNA1H_LHX9",0.666456077126694
"_TACAGGTTCCCTGGTT-2","Glut-CACNA1H-2","Ex_CACNA1H_LHX9",0.367644108989149
"_TACCCACTCTTCGTGC-2","Glut-DACH2-HVCra-Int","Ex_DACH2_MGAT4C",0.402210542611904
"_TACCCGTTCGCCTTTG-2","Glut-CACNA1H-1","Ex_CACNA1H_LHX9",0.819033704705727
"_TACCGGGAGTATGGAT-2","Glut-CACNA1H-1","Ex_CACNA1H_LHX9",0.851334669288751
"_TACCTGCGTATGCAAA-2","Glut-DACH2-1","Ex_DACH2_MGAT4C",0.451422676758707
"_TACCTGCGTTGGTAGG-2","Glut-CACNA1H-1","Ex_CACNA1H_LHX9",0.927111527919407
"_TACCTGCTCGTTCAGA-2","Glut-CACNA1H-1","Ex_CACNA1H_LHX9",0.87708581961633
"_TACGCTCCACCTCTAC-2","Glut-CACNA1H-2","Ex_CACNA1H_LHX9",0.205299187680201
"_TACGCTCGTAACATCC-2","Glut-CACNA1H-1","Ex_CACNA1H_LHX9",0.909244251637308
"_TACGCTCGTAGTGCGA-2","Glut-CACNA1H-1","Ex_CACNA1H_LHX9",0.878167413271115
"_TACGCTCGTTGACTAC-2","Glut-CACNA1H-2","Ex_CACNA1H_LHX9",0.456713582277739
"_TACGGTAAGAGTCTGG-2","Glut-CACNA1H-1","Ex_CACNA1H_LHX9",0.851132276132822
"_TACGGTAGTGTAGCAG-2","Glut-CACNA1H-1","Ex_CACNA1H_LHX9",0.84618247663738
"_TACGGTAGTTCGGTTA-2","Glut-CACNA1H-2","Ex_CACNA1H_LHX9",0.566342715293018
"_TACGGTATCGATAACC-2","Glut-CACNA1H-2","Ex_CACNA1H_LHX9",0.791364107391755
"_TACGTCCCAGACGATG-2","Glut-CACNA1H-2","Ex_CACNA1H_LHX9",0.443721510652642
"_TACGTCCGTATACAGA-2","Glut-CACNA1H-2","Ex_CACNA1H_LHX9",0.802414658313443
"_TACGTCCGTTGGCCTG-2","Glut-CACNA1H-2","Ex_CACNA1H_LHX9",0.641723218589948
"_TACGTCCTCTACACTT-2","Glut-CACNA1H-4","Ex_CACNA1H_LHX9",0.856658889755921
"_TACTGCCTCTTCCCGA-2","Glut-CACNA1H-1","Ex_CACNA1H_LHX9",0.83915845772362
"_TACTTACAGACAGCGT-2","Glut-CACNA1H-2","Ex_CACNA1H_LHX9",0.671335612599551
"_TACTTACAGATGTAGT-2","Glut-CACNA1H-1","Ex_CACNA1H_LHX9",0.862292940982328
"_TACTTACCATCCTCAC-2","Glut-CACNA1H-2","Ex_CACNA1H_LHX9",0.334811650090086
"_TACTTCACAACTGATC-2","Glut-CACNA1H-2","Ex_CACNA1H_LHX9",0.707709533204186
"_TACTTCACACAACGAG-2","Glut-CACNA1H-2","Ex_CACNA1H_LHX9",0.615686494837102
"_TACTTCATCTTTGATC-2","Glut-CACNA1H-1","Ex_CACNA1H_LHX9",0.859759839287684
"_TACTTGTAGCGTTGTT-2","Glut-CACNA1H-2","Ex_CACNA1H_LHX9",0.389091457567636
"_TACTTGTAGGTAAGTT-2","Glut-CACNA1H-1","Ex_CACNA1H_LHX9",0.868607455810537
"_TACTTGTCATATGAAG-2","Glut-CACNA1H-3","Ex_CACNA1H_LHX9",0.865372416706781
"_TAGACCAAGCTGACAG-2","Glut-CACNA1H-3","Ex_CACNA1H_LHX9",0.802518137749636
"_TAGACCACACGACAGA-2","Glut-CACNA1H-4","Ex_CACNA1H_LHX9",0.939116127328981
"_TAGACCACATATCTGG-2","Glut-CACNA1H-3","Ex_CACNA1H_LHX9",0.809417340088651
"_TAGACCACATGGGTTT-2","Glut-CACNA1H-3","Ex_CACNA1H_LHX9",0.238716586917994
"_TAGAGTCGTTCGGTCG-2","Glut-CACNA1H-1","Ex_CACNA1H_LHX9",0.745528006755335
"_TAGAGTCTCGTGCTCT-2","Glut-CACNA1H-2","Ex_CACNA1H_LHX9",0.749640779496416
"_TAGATCGAGCCAACCC-2","Glut-CACNA1H-3","Ex_CACNA1H_LHX9",0.845777405574641
"_TAGATCGGTCACAATC-2","Glut-CACNA1H-2","Ex_CACNA1H_LHX9",0.834359786451156
"_TAGATCGGTCCTTTGC-2","Glut-DACH2-1","Ex_DACH2_MGAT4C",0.402941828447055
"_TAGATCGTCCAACTAG-2","Glut-CACNA1H-4","Ex_DACH2_SLIT2",0.416057930999221
"_TAGCACAAGGCATCGA-2","Glut-CACNA1H-2","Ex_CACNA1H_LHX9",0.582367507525281
"_TAGGAGGCAGGCTATT-2","Glut-CACNA1H-1","Ex_CACNA1H_LHX9",0.904687322172001
"_TAGGAGGGTCCACTCT-2","Glut-CACNA1H-1","Ex_CACNA1H_LHX9",0.840610732961019
"_TAGGAGGTCACGTCCT-2","Glut-CACNA1H-1","Ex_CACNA1H_LHX9",0.763184091258688
"_TAGGAGGTCTGCTCTG-2","Glut-CACNA1H-2","Ex_CACNA1H_LHX9",0.425530807550072
"_TAGGGTTAGTGGACTG-2","Glut-CACNA1H-1","Ex_CACNA1H_LHX9",0.889161144053877
"_TAGGGTTCATGCAGCC-2","Glut-CACNA1H-4","Ex_CACNA1H_LHX9",0.7225512001357
"_TAGGTACCAAAGTATG-2","Glut-CACNA1H-2","Ex_CACNA1H_LHX9",0.808063224225872
"_TAGGTACCACAATGAA-2","Glut-CACNA1H-3","Ex_CACNA1H_LHX9",0.847221935555452
"_TAGGTTGTCTATCACT-2","Glut-CACNA1H-3","Ex_CACNA1H_LHX9",0.866364661571821
"_TAGTGCACACGTCATA-2","Glut-CACNA1H-2","Ex_CACNA1H_LHX9",0.531583645264952
"_TAGTGCATCCATCACC-2","Glut-CACNA1H-2","Ex_CACNA1H_LHX9",0.827795071872601
"_TAGTGCATCCGTCACT-2","Glut-CACNA1H-2","Ex_CACNA1H_LHX9",0.710912911492111
"_TATACCTAGGAGTACC-2","Glut-CACNA1H-1","Ex_CACNA1H_LHX9",0.910686964373242
"_TATACCTCATCTCGTC-2","Glut-CACNA1H-3","Ex_CACNA1H_LHX9",0.7471100458226
"_TATACCTGTATCGATC-2","Glut-CACNA1H-3","Ex_CACNA1H_LHX9",0.772228556502536
"_TATACCTTCGTGTGAT-2","Glut-CACNA1H-1","Ex_CACNA1H_LHX9",0.842741005733449
"_TATCGCCCATCCTGTC-2","Glut-CACNA1H-4","Ex_CACNA1H_LHX9",0.869174412069252
"_TATCGCCGTTAATGAG-2","Glut-CACNA1H-2","Ex_CACNA1H_LHX9",0.648968557974755
"_TATCGCCTCGTTCATT-2","Glut-CACNA1H-2","Ex_CACNA1H_LHX9",0.658788851184004
"_TATCGCCTCTAGCCTC-2","Glut-CACNA1H-4","Ex_CACNA1H_LHX9",0.91379583331886
"_TATCTTGAGGCGAAGG-2","Glut-CACNA1H-1","Ex_CACNA1H_LHX9",0.851618101594235
"_TATCTTGCAACTACGT-2","Glut-CACNA1H-2","Ex_CACNA1H_LHX9",0.559764516250058
"_TATCTTGCACGTCGGT-2","Glut-CACNA1H-3","Ex_CACNA1H_LHX9",0.706427542907626
"_TATCTTGCAGAGGACT-2","Glut-CACNA1H-1","Ex_CACNA1H_LHX9",0.872365064853155
"_TATCTTGGTTAGTTCG-2","Glut-CACNA1H-2","Ex_CACNA1H_LHX9",0.841868758566392
"_TATCTTGTCCTCACGT-2","Glut-CACNA1H-3","Ex_CACNA1H_LHX9",0.860690412795857
"_TATGTTCAGCCGATCC-2","Glut-CACNA1H-2","Ex_CACNA1H_LHX9",0.62070571003704
"_TATGTTCCAACTCGAT-2","Glut-CACNA1H-2","Ex_CACNA1H_LHX9",0.697595130694435
"_TATGTTCCATGGGCAA-2","Glut-CACNA1H-2","Ex_CACNA1H_LHX9",0.596634026143486
"_TATTCCATCGCTCTCA-2","Glut-CACNA1H-2","Ex_CACNA1H_LHX9",0.422254630578122
"_TATTGCTAGAATTGTG-2","Glut-CACNA1H-3","Ex_CACNA1H_LHX9",0.803072828258164
"_TATTGCTAGCGTTCCG-2","Glut-CACNA1H-2","Ex_CACNA1H_LHX9",0.553799708592243
"_TATTGCTAGTATCCTG-2","Glut-CACNA1H-3","Ex_CACNA1H_LHX9",0.690885048529141
"_TATTGCTGTAGTGCGA-2","Glut-CACNA1H-2","Ex_CACNA1H_LHX9",0.237254132431174
"_TATTGGGGTGGGAGAG-2","Glut-CACNA1H-2","Ex_CACNA1H_LHX9",0.776594120998345
"_TATTTCGCACAAAGTA-2","Glut-CACNA1H-3","Ex_CACNA1H_LHX9",0.85238467865805
"_TATTTCGGTAAGATTG-2","Glut-CACNA1H-4","Ex_CACNA1H_LHX9",0.475866095432774
"_TATTTCGGTCGGATTT-2","Glut-CACNA1H-1","Ex_CACNA1H_LHX9",0.86925540357351
"_TATTTCGTCTCAAAGC-2","Glut-CACNA1H-3","Ex_CACNA1H_LHX9",0.638667450116027
"_TCAAGACAGCCAGACA-2","Glut-CACNA1H-2","Ex_CACNA1H_LHX9",0.559820693284814
"_TCAAGACAGGGTGGGA-2","Glut-CACNA1H-2","Ex_CACNA1H_LHX9",0.625667344879452
"_TCAAGACAGGTTCTTG-2","Glut-CACNA1H-1","Ex_CACNA1H_LHX9",0.863630694226594
"_TCAAGCAAGCCTATCA-2","Glut-CACNA1H-1","Ex_CACNA1H_LHX9",0.860718891572812
"_TCAAGCAAGTAGTCTC-2","Glut-CACNA1H-3","Ex_CACNA1H_LHX9",0.858458738836707
"_TCAAGCACAATTGGTC-2","Glut-CACNA1H-2","Ex_CACNA1H_LHX9",0.729910739012595
"_TCAAGTGAGCTGACCC-2","Glut-CACNA1H-1","Ex_CACNA1H_LHX9",0.829210480946481
"_TCAATCTAGCGTATGG-2","Glut-CACNA1H-1","Ex_CACNA1H_LHX9",0.889473295637999
"_TCAATCTAGGCCACTC-2","Glut-CACNA1H-1","Ex_CACNA1H_LHX9",0.887147837350556
"_TCAATCTCAAGTTCGT-2","Glut-CACNA1H-4","Ex_CACNA1H_LHX9",0.847322313124763
"_TCAATCTGTGTAAACA-2","Glut-CACNA1H-4","Ex_CACNA1H_LHX9",0.929799334308952
"_TCAATTCAGGTACATA-2","Glut-CACNA1H-1","Ex_CACNA1H_LHX9",0.602542601556397
"_TCAATTCGTATCCTTT-2","Glut-CACNA1H-3","Ex_CACNA1H_LHX9",0.835834778876962
"_TCAATTCTCTAGAACC-2","Glut-CACNA1H-3","Ex_CACNA1H_LHX9",0.881366592227729
"_TCACAAGAGCGACATG-2","Glut-CACNA1H-3","Ex_CACNA1H_LHX9",0.831196893151716
"_TCACAAGCACGGCACT-2","Glut-CACNA1H-1","Ex_CACNA1H_LHX9",0.794269074608265
"_TCACACCAGGAGAATG-2","Glut-CACNA1H-4","Ex_CACNA1H_LHX9",0.920564615948731
"_TCACATTCAGGTCTCG-2","Glut-CACNA1H-4","Ex_CACNA1H_LHX9",0.880703085022312
"_TCACATTGTACTCCGG-2","Glut-CACNA1H-2","Ex_CACNA1H_LHX9",0.621081818021023
"_TCACGCTAGGTACATA-2","Glut-CACNA1H-4","Ex_CACNA1H_LHX9",0.553423808368134
"_TCACGGGGTTCTTCAT-2","Glut-CACNA1H-1","Ex_CACNA1H_LHX9",0.428877777121362
"_TCACTATAGCAAATGT-2","Glut-CACNA1H-2","Ex_CACNA1H_LHX9",0.764892237561874
"_TCACTATAGTGGGAAA-2","Glut-CACNA1H-3","Ex_CACNA1H_LHX9",0.887337793465928
"_TCACTATGTGATTAGA-2","Glut-CACNA1H-3","Ex_CACNA1H_LHX9",0.479098069224151
"_TCACTCGCAGTTTCAG-2","Glut-CACNA1H-2","Ex_CACNA1H_LHX9",0.596685055314347
"_TCACTCGGTCGGAACA-2","Glut-CACNA1H-2","Ex_CACNA1H_LHX9",0.60492868449072
"_TCAGCAACAACAAGTA-2","Glut-CACNA1H-3","Ex_CACNA1H_LHX9",0.404965408153537
"_TCAGCAACACGGAAGT-2","Glut-CACNA1H-1","Ex_CACNA1H_LHX9",0.860204362924409
"_TCAGCCTAGGAACGTC-2","Glut-CACNA1H-1","Ex_CACNA1H_LHX9",0.879690049895614
"_TCAGCCTGTCCTCATC-2","Glut-CACNA1H-1","Ex_DACH2_NR4A3",0.33664813912875
"_TCAGCCTTCACACCCT-2","Glut-CACNA1H-1","Ex_CACNA1H_LHX9",0.860311691539407
"_TCAGGGCAGAGAATCT-2","Glut-CACNA1H-4","Ex_CACNA1H_LHX9",0.930916467438502
"_TCAGGGCCAAACCACT-2","Glut-CACNA1H-3","Ex_CACNA1H_LHX9",0.755641425370052
"_TCAGGGCGTCCAACGC-2","Glut-CACNA1H-4","Ex_CACNA1H_LHX9",0.903825382328912
"_TCAGTCCCACCTCGTT-2","Glut-CACNA1H-4","Ex_CACNA1H_LHX9",0.91709491227693
"_TCAGTCCTCCGTAATG-2","Glut-CACNA1H-2","Ex_DACH2_NR4A3",0.251896156376218
"_TCAGTGATCTCCAATT-2","Glut-CACNA1H-1","Ex_CACNA1H_LHX9",0.877356033650578
"_TCAGTTTAGCAATAGT-2","Glut-CACNA1H-3","Ex_CACNA1H_LHX9",0.752715536566798
"_TCAGTTTAGGTGGGTT-2","Glut-CACNA1H-2","Ex_CACNA1H_LHX9",0.667430121477764
"_TCAGTTTAGTAGTCAA-2","Glut-CACNA1H-4","Ex_CACNA1H_LHX9",0.925822687542614
"_TCAGTTTAGTTCCGTA-2","Glut-CACNA1H-3","Ex_CACNA1H_LHX9",0.849178501418729
"_TCATACTGTTCTCTCG-2","Glut-CACNA1H-3","Ex_CACNA1H_LHX9",0.532472129581075
"_TCATACTTCTCCTGTG-2","Glut-CACNA1H-1","Ex_CACNA1H_LHX9",0.806055706072829
"_TCATATCAGTCTAGAA-2","Glut-CACNA1H-1","Ex_CACNA1H_LHX9",0.800613754177779
"_TCATATCAGTGCACTT-2","Glut-CACNA1H-4","Ex_CACNA1H_LHX9",0.91148235431899
"_TCATATCTCCGATCTC-2","Glut-CACNA1H-1","Ex_CACNA1H_LHX9",0.804303303149141
"_TCATATCTCTGGTGCG-2","Glut-CACNA1H-2","Ex_CACNA1H_LHX9",0.673489357280005
"_TCATCATCAGAGGTTG-2","Glut-CACNA1H-2","Ex_CACNA1H_LHX9",0.533985503476366
"_TCATGAGTCGCATTGA-2","Glut-CACNA1H-RA","Ex_CACNA1H_LHX9",0.372538269510867
"_TCATGCCAGCTAAGTA-2","Glut-CACNA1H-2","Ex_CACNA1H_LHX9",0.788792737416386
"_TCATGCCTCCGACATA-2","Glut-CACNA1H-1","Ex_CACNA1H_LHX9",0.869631550684693
"_TCATGCCTCTTCCAGC-2","Glut-CACNA1H-3","Ex_CACNA1H_LHX9",0.905159082620085
"_TCATGGAAGATGCGAC-2","Glut-CACNA1H-1","Ex_CACNA1H_LHX9",0.887208365416553
"_TCATGGATCAATCGGT-2","Glut-CACNA1H-1","Ex_CACNA1H_LHX9",0.841861542480243
"_TCATGGATCTTCGGAA-2","Glut-CACNA1H-1","Ex_CACNA1H_LHX9",0.891281019130966
"_TCATGTTGTCAGACGA-2","Glut-CACNA1H-1","Ex_CACNA1H_LHX9",0.831676456542779
"_TCATTACCACTTGAGT-2","Glut-CACNA1H-2","Ex_CACNA1H_LHX9",0.758780658708397
"_TCATTACTCTTGATTC-2","Glut-CACNA1H-1","Ex_CACNA1H_LHX9",0.859541986184309
"_TCATTCACAGGATTCT-2","Glut-CACNA1H-1","Ex_CACNA1H_LHX9",0.869660007007617
"_TCATTGTCACCTGCGA-2","Glut-CACNA1H-3","Ex_CACNA1H_LHX9",0.812685056457719
"_TCATTTGAGTTCCGGC-2","Glut-CACNA1H-2","Ex_CACNA1H_LHX9",0.839576609104939
"_TCCACGTAGGTCACAG-2","Glut-CACNA1H-1","Ex_CACNA1H_LHX9",0.846734553585324
"_TCCACGTTCCATTGGA-2","Glut-CACNA1H-2","Ex_CACNA1H_LHX9",0.688892962811051
"_TCCAGAACATAATGCC-2","Glut-CACNA1H-1","Ex_CACNA1H_LHX9",0.296653887746516
"_TCCAGAAGTCCAGTTA-2","Glut-CACNA1H-2","Ex_DACH2_NR4A3",0.207560427140282
"_TCCAGAAGTCCTCATC-2","Glut-CACNA1H-2","Ex_CACNA1H_LHX9",0.681645509009935
"_TCCATCGCAATCTGCA-2","Glut-CACNA1H-1","Ex_DACH2_NR4A3",0.247869278400629
"_TCCATCGCAGTGCGCT-2","Glut-CACNA1H-1","Ex_CACNA1H_LHX9",0.251959082091506
"_TCCATCGGTAACCCGC-2","Glut-DACH2-1","Ex_DACH2_GRIK4",0.493645961239167
"_TCCATCGGTGCCCAGT-2","Glut-CACNA1H-2","Ex_CACNA1H_LHX9",0.492353485339538
"_TCCATGCGTGCAAGAC-2","Glut-CACNA1H-1","Ex_CACNA1H_LHX9",0.843748135497255
"_TCCATGCTCCCTGTTG-2","Glut-CACNA1H-3","Ex_CACNA1H_LHX9",0.905677550495261
"_TCCCACAAGGTCCGAA-2","Glut-CACNA1H-1","Ex_CACNA1H_LHX9",0.884799190540239
"_TCCCACACAACACAAA-2","Glut-CACNA1H-2","Ex_CACNA1H_LHX9",0.706256108530915
"_TCCCACACACAGCATT-2","Glut-CACNA1H-2","Ex_CACNA1H_LHX9",0.622224020904396
"_TCCCACACAGCGTGCT-2","Glut-CACNA1H-2","Ex_CACNA1H_LHX9",0.737992586811208
"_TCCCACACATTGCCGG-2","Glut-CACNA1H-2","Ex_CACNA1H_LHX9",0.355872394915105
"_TCCCAGTAGCTAAGTA-2","Glut-DACH2-3","Ex_DACH2_SLIT2",0.528054494569102
"_TCCCAGTGTAGACGTG-2","Glut-CACNA1H-2","Ex_CACNA1H_LHX9",0.450118930675643
"_TCCCAGTGTCGTACAT-2","Glut-CACNA1H-2","Ex_CACNA1H_LHX9",0.685734882201924
"_TCCCATGGTTAGTTCG-2","Glut-CACNA1H-2","Ex_CACNA1H_LHX9",0.698441544190624
"_TCCGAAAGTCAACCTA-2","Glut-CACNA1H-2","Ex_CACNA1H_LHX9",0.289660192451838
"_TCCGATCAGTTTGAGA-2","Glut-CACNA1H-2","Ex_CACNA1H_LHX9",0.745043822122434
"_TCCGATCCAAGGCGTA-2","Glut-CACNA1H-1","Ex_CACNA1H_LHX9",0.807930434555504
"_TCCGATCTCCGCACGA-2","Glut-CACNA1H-3","Ex_CACNA1H_LHX9",0.77672043204028
"_TCCGATCTCTCCAAGA-2","Glut-CACNA1H-2","Ex_CACNA1H_LHX9",0.595546826208827
"_TCCGGGAGTCAGACGA-2","Glut-CACNA1H-3","Ex_CACNA1H_LHX9",0.820439176229813
"_TCCGGGAGTTGCATTG-2","Glut-CACNA1H-1","Ex_CACNA1H_LHX9",0.85605798345205
"_TCCGGGATCGCGTGCA-2","Glut-CACNA1H-3","Ex_CACNA1H_LHX9",0.831746543441036
"_TCCGTGTCAGGTGGAT-2","Glut-CACNA1H-3","Ex_CACNA1H_LHX9",0.701820339901722
"_TCCGTGTGTAGATTGA-2","Glut-CACNA1H-1","Ex_CACNA1H_LHX9",0.888036021873956
"_TCCGTGTGTTTCACAG-2","Glut-CACNA1H-1","Ex_CACNA1H_LHX9",0.916773565643136
"_TCCTAATTCCCTAGGG-2","Glut-CACNA1H-1","Ex_CACNA1H_LHX9",0.785726506854761
"_TCCTCCCAGAAGCGAA-2","Glut-CACNA1H-2","Ex_CACNA1H_LHX9",0.273569652060794
"_TCCTCCCCAAGTGGAC-2","Glut-CACNA1H-1","Ex_CACNA1H_LHX9",0.503635105560367
"_TCCTCGAAGTCCCGAC-2","Glut-CACNA1H-2","Ex_CACNA1H_LHX9",0.506873859489288
"_TCCTCGACAAGCACAG-2","Glut-CACNA1H-1","Ex_CACNA1H_LHX9",0.894355994370562
"_TCCTCGACAAGCTACT-2","Glut-CACNA1H-2","Ex_CACNA1H_LHX9",0.690895572454362
"_TCCTCTTAGAGTCTGG-2","Glut-CACNA1H-1","Ex_CACNA1H_LHX9",0.865654715207094
"_TCCTCTTAGCGGGTAT-2","Glut-CACNA1H-3","Ex_CACNA1H_LHX9",0.729502385795572
"_TCCTCTTGTCCGTTTC-2","Glut-CACNA1H-1","Ex_CACNA1H_LHX9",0.922655638827576
"_TCCTGCAAGCACTCGC-2","Glut-CACNA1H-1","Ex_CACNA1H_LHX9",0.82281635749394
"_TCCTGCACACATGACT-2","Glut-CACNA1H-1","Ex_CACNA1H_LHX9",0.837519403169319
"_TCCTGCAGTGACCTGC-2","Glut-CACNA1H-2","Ex_CACNA1H_LHX9",0.760368370005395
"_TCCTTCTAGCTGCCAC-2","Glut-CACNA1H-2","Ex_CACNA1H_LHX9",0.698801145747904
"_TCCTTCTAGTTGGGAC-2","Glut-CACNA1H-1","Ex_CACNA1H_LHX9",0.880487577003441
"_TCCTTCTCAACGGCCT-2","Glut-CACNA1H-2","Ex_CACNA1H_LHX9",0.605956689724637
"_TCCTTCTGTACAAGCG-2","Glut-CACNA1H-4","Ex_DACH2_SLIT2",0.808678424196122
"_TCCTTCTTCACCCTTG-2","Glut-CACNA1H-2","Ex_CACNA1H_LHX9",0.699713788771816
"_TCCTTCTTCGAGCTGC-2","Glut-CACNA1H-1","Ex_CACNA1H_LHX9",0.916285249839908
"_TCCTTTCAGATAGCAT-2","Glut-CACNA1H-2","Ex_DACH2_NR4A3",0.231402990530679
"_TCCTTTCGTGCTTATG-2","Glut-CACNA1H-1","Ex_CACNA1H_LHX9",0.840641353068567
"_TCCTTTCTCCATTGTT-2","Glut-CACNA1H-2","Ex_CACNA1H_LHX9",0.648585896839944
"_TCCTTTCTCGTTCCTG-2","Glut-CACNA1H-2","Ex_CACNA1H_LHX9",0.622405685698818
"_TCGAACAGTGGACTGA-2","Glut-CACNA1H-1","Ex_CACNA1H_LHX9",0.906802428416201
"_TCGAACATCCGGACTG-2","Glut-CACNA1H-1","Ex_CACNA1H_LHX9",0.89564794092069
"_TCGAACATCGAGTACT-2","Glut-CACNA1H-2","Ex_CACNA1H_LHX9",0.665261765095607
"_TCGAAGTCAACACAGG-2","Glut-CACNA1H-3","Ex_CACNA1H_LHX9",0.704699747232307
"_TCGAAGTGTAACTGCT-2","Glut-CACNA1H-2","Ex_CACNA1H_LHX9",0.348948022195006
"_TCGAAGTGTGGTCTCG-2","Glut-CACNA1H-4","Ex_CACNA1H_LHX9",0.917947975799392
"_TCGAAGTTCCCAGTGG-2","Glut-CACNA1H-1","Ex_CACNA1H_LHX9",0.900325744488811
"_TCGACCTAGTCACTGT-2","Glut-CACNA1H-3","Ex_CACNA1H_LHX9",0.840721903983914
"_TCGACGGCACGCGTGT-2","Glut-CACNA1H-2","Ex_CACNA1H_LHX9",0.435241802951305
"_TCGACGGCAGGAATCG-2","Glut-CACNA1H-1","Ex_CACNA1H_LHX9",0.823250594895545
"_TCGATTTTCACACCGG-2","Glut-CACNA1H-2","Ex_CACNA1H_LHX9",0.338538467365185
"_TCGATTTTCAGACCTA-2","Glut-CACNA1H-3","Ex_CACNA1H_LHX9",0.894615604263044
"_TCGATTTTCCTCAGAA-2","Glut-DACH2-2","Ex_DACH2_LHX2",0.423375050768424
"_TCGCAGGAGGTTCTTG-2","Glut-CACNA1H-3","Ex_CACNA1H_LHX9",0.688024038413397
"_TCGCAGGCAGAGAGGG-2","Glut-CACNA1H-3","Ex_CACNA1H_LHX9",0.802481622557508
"_TCGCAGGGTAGGTGCA-2","Glut-CACNA1H-1","Ex_CACNA1H_LHX9",0.882715422246564
"_TCGCAGGGTGGACAGT-2","Glut-CACNA1H-3","Ex_CACNA1H_LHX9",0.876356339184404
"_TCGCAGGGTGTATTCG-2","Glut-CACNA1H-2","Ex_CACNA1H_LHX9",0.867715475498606
"_TCGCAGGTCACCTGGG-2","Glut-CACNA1H-4","Ex_CACNA1H_LHX9",0.867533021444295
"_TCGCAGGTCCCATGGG-2","Glut-CACNA1H-2","Ex_DACH2_NR4A3",0.2387731523797
"_TCGCTCACATCGTGCG-2","Glut-CACNA1H-1","Ex_CACNA1H_LHX9",0.863953571088584
"_TCGCTCATCTGTCAGA-2","Glut-CACNA1H-3","Ex_CACNA1H_LHX9",0.893420133512777
"_TCGCTTGTCTTCGGTC-2","Glut-CACNA1H-4","Ex_CACNA1H_LHX9",0.894101424814739
"_TCGGATAAGGTTTACC-2","Glut-CACNA1H-2","Ex_CACNA1H_LHX9",0.437673024824113
"_TCGGATACATGTGCTA-2","Glut-CACNA1H-2","Ex_CACNA1H_LHX9",0.741494747130569
"_TCGGATAGTCTCCTGT-2","Glut-CACNA1H-1","Ex_CACNA1H_LHX9",0.250380379486342
"_TCGGATAGTTCCCACT-2","Glut-CACNA1H-1","Ex_CACNA1H_LHX9",0.881334829418467
"_TCGGATATCGAGAAAT-2","Glut-CACNA1H-3","Ex_CACNA1H_LHX9",0.785879861746571
"_TCGGGACGTGTGCCTG-2","Glut-CACNA1H-2","Ex_CACNA1H_LHX9",0.627287094002876
"_TCGGGACTCAACTGGT-2","Glut-CACNA1H-3","Ex_CACNA1H_LHX9",0.879659672676253
"_TCGGGACTCGTTTACT-2","Glut-CACNA1H-4","Ex_CACNA1H_LHX9",0.934465947887881
"_TCGGGCACAAGGCGTA-2","Glut-CACNA1H-4","Ex_CACNA1H_LHX9",0.930071814345141
"_TCGGGCATCACTTCTA-2","Glut-CACNA1H-2","Ex_CACNA1H_LHX9",0.204306926816666
"_TCGGGTGAGAATTGCA-2","Glut-DACH2-1","Ex_DACH2_MGAT4C",0.402882552066955
"_TCGGGTGCAAATGCTC-2","Glut-CACNA1H-1","Ex_CACNA1H_LHX9",0.880505963571198
"_TCGGTCTAGACGACTG-2","Glut-CACNA1H-2","Ex_CACNA1H_LHX9",0.718223617996599
"_TCGTAGAGTCCAGCCA-2","Glut-CACNA1H-2","Ex_CACNA1H_LHX9",0.47847583304044
"_TCGTCCAAGGTCACAG-2","Glut-CACNA1H-1","Ex_CACNA1H_LHX9",0.869542534624577
"_TCGTCCACAACCACGC-2","Glut-CACNA1H-2","Ex_CACNA1H_LHX9",0.668139719304285
"_TCGTCCATCTAGGCCG-2","Glut-CACNA1H-1","Ex_DACH2_NR4A3",0.338612904414932
"_TCGTGCTGTTGTGTTG-2","Glut-CACNA1H-2","Ex_CACNA1H_LHX9",0.664935929902835
"_TCGTGGGCAAGGCCTC-2","Glut-CACNA1H-4","Ex_CACNA1H_LHX9",0.867079298569785
"_TCGTGGGCATCCGAGC-2","Glut-DACH2-4","Ex_DACH2_ITGA9",0.517128829331676
"_TCTAACTGTGAATGTA-2","Glut-CACNA1H-2","Ex_DACH2_LHX2",0.172715488053991
"_TCTAACTTCATGAAAG-2","Glut-CACNA1H-2","Ex_CACNA1H_LHX9",0.638971579180054
"_TCTACATGTGCACAAG-2","Glut-CACNA1H-2","Ex_CACNA1H_LHX9",0.547362288643255
"_TCTACCGTCTCGCAGG-2","Glut-CACNA1H-1","Ex_CACNA1H_LHX9",0.718698565465604
"_TCTATACAGCCTCGTG-2","Glut-CACNA1H-1","Ex_CACNA1H_LHX9",0.89366834243719
"_TCTATACAGGTTATAG-2","Glut-CACNA1H-3","Ex_DACH2_NR4A3",0.343458359263411
"_TCTATACCACCGTCGA-2","Glut-CACNA1H-2","Ex_CACNA1H_LHX9",0.681899361716198
"_TCTATCAGTTGGCCGT-2","Glut-CACNA1H-3","Ex_CACNA1H_LHX9",0.304900939300916
"_TCTCACGCACAGTCAT-2","Glut-DACH2-1","Ex_DACH2_GRIK4",0.466333645265693
"_TCTCAGCAGGACCCAA-2","Glut-CACNA1H-1","Ex_CACNA1H_LHX9",0.585879683367953
"_TCTCAGCGTCGCCTAG-2","Glut-CACNA1H-2","Ex_CACNA1H_LHX9",0.744212486534533
"_TCTCCGAAGCGTCTGC-2","Glut-CACNA1H-2","Ex_CACNA1H_LHX9",0.808660516954786
"_TCTCTGGAGTATGAAC-2","Glut-CACNA1H-1","Ex_CACNA1H_LHX9",0.767200830950301
"_TCTGGCTCACTTGGGC-2","Glut-CACNA1H-2","Ex_CACNA1H_LHX9",0.688744098819282
"_TCTGTCGGTTCCATTT-2","Glut-CACNA1H-2","Ex_CACNA1H_LHX9",0.626915919600347
"_TCTGTCGTCAAGTCTG-2","Glut-CACNA1H-4","Ex_CACNA1H_LHX9",0.892205492867873
"_TCTTAGTGTGAGCGAT-2","Glut-CACNA1H-2","Ex_CACNA1H_LHX9",0.310026457488033
"_TCTTAGTTCGCATGAT-2","Glut-CACNA1H-2","Ex_CACNA1H_LHX9",0.677221840477698
"_TCTTCCTGTTGTGGCC-2","Glut-CACNA1H-2","Ex_CACNA1H_LHX9",0.50179302181457
"_TCTTCCTGTTTGTTCT-2","Glut-CACNA1H-2","Ex_CACNA1H_LHX9",0.870875705768429
"_TCTTTGAAGCAATAAC-2","Glut-CACNA1H-1","Ex_CACNA1H_LHX9",0.846985030380789
"_TCTTTGAAGCACCGTC-2","Glut-CACNA1H-3","Ex_CACNA1H_LHX9",0.756285532598557
"_TCTTTGACATTGCCGG-2","Glut-CACNA1H-4","Ex_CACNA1H_LHX9",0.88445120573393
"_TCTTTGAGTCATTCCC-2","Glut-CACNA1H-1","Ex_CACNA1H_LHX9",0.754588677788221
"_TCTTTGAGTTGCATGT-2","Glut-CACNA1H-1","Ex_CACNA1H_LHX9",0.884802886043061
"_TCTTTGATCACCATGA-2","Glut-CACNA1H-1","Ex_CACNA1H_LHX9",0.826716831013424
"_TGAACGTAGAAGGGAT-2","Glut-CACNA1H-3","Ex_CACNA1H_LHX9",0.879752751763593
"_TGAACGTGTACTAACC-2","Glut-CACNA1H-2","Ex_CACNA1H_LHX9",0.454793965980963
"_TGAATCGAGTCATTGC-2","Glut-CACNA1H-1","Ex_CACNA1H_LHX9",0.815732709195688
"_TGAATCGCATCGGAAG-2","Glut-CACNA1H-3","Ex_CACNA1H_LHX9",0.886100054608692
"_TGAATCGGTGCCGGTT-2","Glut-CACNA1H-1","Ex_CACNA1H_LHX9",0.893131003649996
"_TGAATGCAGCCGCACT-2","Glut-CACNA1H-3","Ex_CACNA1H_LHX9",0.808497776688269
"_TGAATGCCAGACGGAT-2","Glut-CACNA1H-1","Ex_CACNA1H_LHX9",0.80717451988244
"_TGAATGCCATCAGCAT-2","Glut-CACNA1H-2","Ex_CACNA1H_LHX9",0.485898220214077
"_TGAATGCGTATTGACC-2","Glut-CACNA1H-2","Ex_KIAA1217_BCL6",0.350852003252674
"_TGACCCTAGAATTGTG-2","Glut-CACNA1H-3","Ex_CACNA1H_LHX9",0.791281176057496
"_TGACGCGAGGTGCCAA-2","Glut-CACNA1H-2","Ex_CACNA1H_LHX9",0.871203785568141
"_TGACTCCCAAGCCATT-2","Glut-CACNA1H-1","Ex_CACNA1H_LHX9",0.834635505694494
"_TGACTCCGTGTAAACA-2","Glut-CACNA1H-4","Ex_CACNA1H_LHX9",0.899744928559114
"_TGACTCCTCCGTGACG-2","Glut-CACNA1H-1","Ex_CACNA1H_LHX9",0.866461786478978
"_TGAGACTAGTCCTGCG-2","Glut-CACNA1H-4","Ex_CACNA1H_LHX9",0.934948451985061
"_TGAGACTTCAACTGGT-2","Glut-CACNA1H-4","Ex_CACNA1H_LHX9",0.952984516302046
"_TGAGCATAGGTACTGG-2","Glut-CACNA1H-2","Ex_CACNA1H_LHX9",0.515068741595757
"_TGAGCATGTAGCTGCC-2","Glut-CACNA1H-4","Ex_DACH2_SLIT2",0.281637999492314
"_TGAGCGCAGCACCCAC-2","Glut-CACNA1H-1","Ex_CACNA1H_LHX9",0.903602906644618
"_TGAGCGCCACCGTCGA-2","Glut-CACNA1H-1","Ex_CACNA1H_LHX9",0.895243659639629
"_TGAGCGCCAGGACATG-2","Glut-CACNA1H-3","Ex_CACNA1H_LHX9",0.865506434027819
"_TGAGCGCGTTCCGTTC-2","Glut-CACNA1H-2","Ex_CACNA1H_LHX9",0.614513730301476
"_TGAGCGCTCAGGACAG-2","Glut-CACNA1H-1","Ex_CACNA1H_LHX9",0.880255490426668
"_TGAGGAGCACGAAAGC-2","Glut-CACNA1H-3","Ex_CACNA1H_LHX9",0.65873478760001
"_TGAGGAGCATGCCGCA-2","Glut-CACNA1H-2","Ex_CACNA1H_LHX9",0.438964983518145
"_TGAGGAGGTGCCTAAT-2","Glut-CACNA1H-3","Ex_CACNA1H_LHX9",0.697140694614016
"_TGAGGGACAACAGAGC-2","Glut-CACNA1H-4","Ex_CACNA1H_LHX9",0.918681122445073
"_TGAGGTTCACGGATCC-2","Glut-CACNA1H-3","Ex_CACNA1H_LHX9",0.80390722715528
"_TGAGGTTGTGTCCCTT-2","Glut-CACNA1H-2","Ex_CACNA1H_LHX9",0.671950722054801
"_TGAGTCAAGTCTTCGA-2","Glut-CACNA1H-1","Ex_CACNA1H_LHX9",0.846009824888577
"_TGAGTCACACCAGTAT-2","Glut-CACNA1H-4","Ex_CACNA1H_LHX9",0.399533292999603
"_TGAGTCAGTGGGATTG-2","Glut-CACNA1H-1","Ex_CACNA1H_LHX9",0.862099628661204
"_TGAGTCAGTTCGGTTA-2","Glut-CACNA1H-3","Ex_CACNA1H_LHX9",0.750519044003315
"_TGATCAGAGAAGTCAT-2","Glut-CACNA1H-1","Ex_CACNA1H_LHX9",0.852436846143947
"_TGATCAGCAGGTTACT-2","Glut-CACNA1H-1","Ex_CACNA1H_LHX9",0.869734795586881
"_TGATCAGGTTGCATAC-2","Glut-CACNA1H-3","Ex_CACNA1H_LHX9",0.859813408169511
"_TGATCAGTCTAAGAAG-2","Glut-CACNA1H-1","Ex_CACNA1H_LHX9",0.897762455583137
"_TGATCTTCAAATCAGA-2","Glut-CACNA1H-2","Ex_CACNA1H_LHX9",0.701362675493115
"_TGATCTTGTAGTGATA-2","Glut-CACNA1H-1","Ex_CACNA1H_LHX9",0.864734982807599
"_TGATCTTTCATCCTAT-2","Glut-CACNA1H-4","Ex_CACNA1H_LHX9",0.943241055529115
"_TGATCTTTCGAGAATA-2","Glut-CACNA1H-RA","Ex_CACNA1H_LHX9",0.604951653670137
"_TGATGCACAGACCTGC-2","Glut-CACNA1H-2","Ex_CACNA1H_LHX9",0.479849131664008
"_TGATGCAGTCGCAGTC-2","Glut-CACNA1H-2","Ex_CACNA1H_LHX9",0.682112631348408
"_TGATGGTAGCAAGGAA-2","Glut-CACNA1H-2","Ex_CACNA1H_LHX9",0.604811598435207
"_TGATGGTAGGCTTCCG-2","Glut-CACNA1H-3","Ex_CACNA1H_LHX9",0.550793574014806
"_TGATGGTCATGAGAAT-2","Glut-CACNA1H-2","Ex_CACNA1H_LHX9",0.477439210269962
"_TGATGGTGTAGCCCTG-2","Glut-CACNA1H-4","Ex_CACNA1H_LHX9",0.950719764207543
"_TGATTCTAGGTACTGG-2","Glut-DACH2-1","Ex_DACH2_GRIK4",0.406295492349352
"_TGATTTCAGGCGACAT-2","Glut-CACNA1H-3","Ex_CACNA1H_LHX9",0.814835489393647
"_TGATTTCGTGTCATGT-2","Glut-CACNA1H-2","Ex_CACNA1H_LHX9",0.697634738519712
"_TGCAGATCAGCAGTTT-2","Glut-CACNA1H-4","Ex_CACNA1H_LHX9",0.878016080862474
"_TGCAGATGTGCCCGTA-2","Glut-CACNA1H-1","Ex_CACNA1H_LHX9",0.854026551785982
"_TGCAGATTCGGACCAC-2","Glut-CACNA1H-1","Ex_CACNA1H_LHX9",0.827621366372332
"_TGCAGATTCGGACTTA-2","Glut-DACH2-1","Ex_DACH2_MGAT4C",0.328086767919873
"_TGCAGGCAGCACTCCG-2","Glut-CACNA1H-3","Ex_CACNA1H_LHX9",0.723043743149332
"_TGCAGGCGTTGCAAGG-2","Glut-CACNA1H-1","Ex_CACNA1H_LHX9",0.570241401224586
"_TGCATCCAGGACTTCT-2","Glut-CACNA1H-4","Ex_CACNA1H_LHX9",0.904502067632847
"_TGCATCCAGGCCTTCG-2","Glut-CACNA1H-4","Ex_CACNA1H_LHX9",0.922516867499017
"_TGCATCCCACGTCATA-2","Glut-CACNA1H-1","Ex_CACNA1H_LHX9",0.7990646041951
"_TGCATCCGTTAGGCCC-2","Glut-CACNA1H-4","Ex_DACH2_SLIT2",0.54942733372454
"_TGCCGAGAGGTCACAG-2","Glut-CACNA1H-3","Ex_CACNA1H_LHX9",0.850441455489157
"_TGCCGAGGTTAAACAG-2","Glut-CACNA1H-4","Ex_CACNA1H_LHX9",0.910831400808302
"_TGCCGAGTCGCCGTGA-2","Glut-CACNA1H-2","Ex_CACNA1H_LHX9",0.7255674985358
"_TGCGACGCACGCGCTA-2","Glut-CACNA1H-2","Ex_CACNA1H_LHX9",0.641120168803177
"_TGCGATAAGAGGGTAA-2","Glut-CACNA1H-4","Ex_CACNA1H_LHX9",0.919700885188052
"_TGCGATAGTAGCGTTT-2","Glut-CACNA1H-1","Ex_CACNA1H_LHX9",0.819238641872498
"_TGCGGCACAATCGCCG-2","Glut-CACNA1H-1","Ex_CACNA1H_LHX9",0.914852173431247
"_TGCGGCAGTACCCGAC-2","Glut-CACNA1H-1","Ex_CACNA1H_LHX9",0.799880243999676
"_TGCGGCAGTAGGCAGT-2","Glut-CACNA1H-3","Ex_DACH2_NR4A3",0.288910725523132
"_TGCGGCATCAAGCCGC-2","Glut-CACNA1H-1","Ex_CACNA1H_LHX9",0.860848227317705
"_TGCGGGTAGGACACTG-2","Glut-CACNA1H-3","Ex_CACNA1H_LHX9",0.751486939941477
"_TGCGGGTTCAATCCAG-2","Glut-CACNA1H-3","Ex_CACNA1H_LHX9",0.817666703273114
"_TGCGGGTTCGCTTGAA-2","Glut-CACNA1H-3","Ex_CACNA1H_LHX9",0.752182928875485
"_TGCTCCAGTGAGTTGG-2","Glut-CACNA1H-1","Ex_CACNA1H_LHX9",0.874890358058033
"_TGCTCGTAGACCTCAT-2","Glut-CACNA1H-2","Ex_CACNA1H_LHX9",0.738662068379534
"_TGCTCGTGTCTGATAC-2","Glut-CACNA1H-1","Ex_CACNA1H_LHX9",0.854500365518882
"_TGCTTCGAGGTGAGCT-2","Glut-CACNA1H-3","Ex_CACNA1H_LHX9",0.479462446941058
"_TGCTTCGTCCGAGATT-2","Glut-CACNA1H-4","Ex_CACNA1H_LHX9",0.886440281661939
"_TGCTTGCAGCACTCTA-2","Glut-CACNA1H-1","Ex_CACNA1H_LHX9",0.88819508800573
"_TGCTTGCAGCGGCTCT-2","Glut-CACNA1H-3","Ex_CACNA1H_LHX9",0.858810009439442
"_TGCTTGCAGTTTCGAC-2","Glut-CACNA1H-3","Ex_CACNA1H_LHX9",0.508286223185359
"_TGCTTGCCAAGAATAC-2","Glut-CACNA1H-1","Ex_CACNA1H_LHX9",0.5974331353881
"_TGCTTGCGTAGAGATT-2","Glut-CACNA1H-4","Ex_CACNA1H_LHX9",0.93654755535253
"_TGCTTGCTCAAGTTGC-2","Glut-CACNA1H-2","Ex_CACNA1H_LHX9",0.391856585454907
"_TGGAACTGTACGGTTT-2","Glut-CACNA1H-1","Ex_CACNA1H_LHX9",0.868504574052336
"_TGGAACTGTATGCGGA-2","Glut-CACNA1H-1","Ex_CACNA1H_LHX9",0.850215423913827
"_TGGAACTGTGCGAGTA-2","Glut-CACNA1H-4","Ex_CACNA1H_LHX9",0.902803573804321
"_TGGAACTGTTCAGTAC-2","Glut-CACNA1H-2","Ex_CACNA1H_LHX9",0.535738215039001
"_TGGAGAGAGCCGGAAT-2","Glut-CACNA1H-1","Ex_CACNA1H_LHX9",0.907050839692941
"_TGGAGAGAGGATGGCT-2","Glut-CACNA1H-3","Ex_CACNA1H_LHX9",0.853763443540501
"_TGGAGAGCATTGCAAC-2","Glut-CACNA1H-2","Ex_CACNA1H_LHX9",0.740749508447238
"_TGGAGAGGTATTGACC-2","Glut-CACNA1H-3","Ex_CACNA1H_LHX9",0.602147295834269
"_TGGAGGAAGTTTCTTC-2","Glut-CACNA1H-4","Ex_CACNA1H_LHX9",0.925254249803267
"_TGGAGGACAGCCGTCA-2","Glut-CACNA1H-4","Ex_CACNA1H_LHX9",0.900595909961861
"_TGGAGGATCCATAGGT-2","Glut-CACNA1H-1","Ex_CACNA1H_LHX9",0.823642874714454
"_TGGAGGATCTGGCCAG-2","Glut-CACNA1H-2","Ex_CACNA1H_LHX9",0.317591937538821
"_TGGATCAAGAGAGGTA-2","Glut-CACNA1H-4","Ex_CACNA1H_LHX9",0.933861246481522
"_TGGATCACATCACCAA-2","Glut-CACNA1H-2","Ex_CACNA1H_LHX9",0.186058687364232
"_TGGATCAGTTAGGGTG-2","Glut-CACNA1H-2","Ex_CACNA1H_LHX9",0.623155969641879
"_TGGATCATCGCTTGCT-2","Glut-CACNA1H-1","Ex_CACNA1H_LHX9",0.878874043616973
"_TGGATGTAGCAAACAT-2","Glut-CACNA1H-1","Ex_CACNA1H_LHX9",0.758567735193958
"_TGGATGTAGGCGTTAG-2","Glut-CACNA1H-2","Ex_CACNA1H_LHX9",0.366552171527337
"_TGGATGTCAAGAAACT-2","Glut-CACNA1H-2","Ex_CACNA1H_LHX9",0.628821894242583
"_TGGATGTCAATAGAGT-2","Glut-CACNA1H-2","Ex_DACH2_NR4A3",0.262614819234763
"_TGGCGTGAGAGCATAT-2","Glut-CACNA1H-3","Ex_CACNA1H_LHX9",0.895903755525763
"_TGGGAAGAGTCGAATA-2","Glut-CACNA1H-1","Ex_CACNA1H_LHX9",0.844479615754808
"_TGGGAAGGTTTGGGAG-2","Glut-CACNA1H-2","Ex_CACNA1H_LHX9",0.711592121135608
"_TGGGAAGTCAGCAATC-2","Glut-CACNA1H-2","Ex_TSHZ2_NR4A2",0.232771637643162
"_TGGGAGAAGATAGTGT-2","Glut-CACNA1H-2","Ex_CACNA1H_LHX9",0.645878489162937
"_TGGGAGAAGTTACGTC-2","Glut-CACNA1H-3","Ex_CACNA1H_LHX9",0.901346786275061
"_TGGGATTTCAAGAATG-2","Glut-CACNA1H-1","Ex_CACNA1H_LHX9",0.868545791399275
"_TGGGATTTCCATGCAA-2","Glut-CACNA1H-1","Ex_CACNA1H_LHX9",0.887364197567221
"_TGGGCGTCACAGCTGC-2","Glut-CACNA1H-3","Ex_CACNA1H_LHX9",0.810591577332576
"_TGGGCGTCATGAATCC-2","Glut-CACNA1H-1","Ex_CACNA1H_LHX9",0.816058887826696
"_TGGGCGTGTTTCAGAC-2","Glut-CACNA1H-1","Ex_CACNA1H_LHX9",0.85541105955669
"_TGGGCTGTCGGTCACG-2","Glut-CACNA1H-4","Ex_CACNA1H_LHX9",0.957459558489699
"_TGGGTTATCATGAAAG-2","Glut-CACNA1H-2","Ex_CACNA1H_LHX9",0.498145917880209
"_TGGTACAAGATCCTAC-2","Glut-CACNA1H-1","Ex_CACNA1H_LHX9",0.867938702222812
"_TGGTACATCGACCAAT-2","Glut-CACNA1H-2","Ex_CACNA1H_LHX9",0.52900002068877
"_TGGTGATCAACCGTAT-2","Glut-CACNA1H-1","Ex_CACNA1H_LHX9",0.851893232457398
"_TGGTGATGTATCTCGA-2","Glut-CACNA1H-2","Ex_CACNA1H_LHX9",0.611783170179408
"_TGGTGATGTCTGTAAC-2","Glut-CACNA1H-4","Ex_CACNA1H_LHX9",0.93726549143434
"_TGGTGATGTTGCCGCA-2","Glut-CACNA1H-1","Ex_DACH2_NR4A3",0.299620332653476
"_TGGTGATTCTGACCCT-2","Glut-CACNA1H-4","Ex_CACNA1H_LHX9",0.905066135545647
"_TGGTTAGAGTCATAGA-2","Glut-CACNA1H-2","Ex_CACNA1H_LHX9",0.693720774196211
"_TGTAACGTCAGCGGAA-2","Glut-CACNA1H-1","Ex_CACNA1H_LHX9",0.867850866618225
"_TGTAACGTCCATTGGA-2","Glut-CACNA1H-1","Ex_CACNA1H_LHX9",0.803690592490942
"_TGTAACGTCTAGAACC-2","Glut-CACNA1H-2","Ex_CACNA1H_LHX9",0.808339002505596
"_TGTAAGCAGACGACTG-2","Glut-CACNA1H-1","Ex_DACH2_NR4A3",0.2742662139966
"_TGTAAGCAGTTCCGGC-2","Glut-CACNA1H-3","Ex_CACNA1H_LHX9",0.741746962133679
"_TGTAAGCTCGCTGACG-2","Glut-CACNA1H-1","Ex_CACNA1H_LHX9",0.868632886666944
"_TGTACAGAGAATGTTG-2","Glut-CACNA1H-1","Ex_CACNA1H_LHX9",0.779769088295208
"_TGTACAGAGGTCACCC-2","Glut-CACNA1H-1","Ex_CACNA1H_LHX9",0.876734611965977
"_TGTACAGTCTTGGAAC-2","Glut-CACNA1H-1","Ex_CACNA1H_LHX9",0.841514375925121
"_TGTAGACTCTCAACGA-2","Glut-CACNA1H-1","Ex_CACNA1H_LHX9",0.83169804703729
"_TGTCAGAAGGAGAGTA-2","Glut-CACNA1H-1","Ex_CACNA1H_LHX9",0.837020899229074
"_TGTCAGAGTCGCGGTT-2","Glut-DACH2-1","Ex_DACH2_MGAT4C",0.389833303596125
"_TGTCAGAGTGTTAAAG-2","Glut-CACNA1H-1","Ex_CACNA1H_LHX9",0.863324709541112
"_TGTCAGATCGTAGGAG-2","Glut-CACNA1H-2","Ex_CACNA1H_LHX9",0.524709922507057
"_TGTCCCAGTCACAGTT-2","Glut-CACNA1H-2","Ex_CACNA1H_LHX9",0.738769848377581
"_TGTCCCAGTCACCTTC-2","Glut-CACNA1H-3","Ex_CACNA1H_LHX9",0.854656902869503
"_TGTCCCATCGATACGT-2","Glut-CACNA1H-4","Ex_CACNA1H_LHX9",0.950039943266461
"_TGTCCTGCACGTACTA-2","Glut-CACNA1H-4","Ex_CACNA1H_LHX9",0.924400783324073
"_TGTCCTGGTCTGTAGT-2","Glut-CACNA1H-2","Ex_CACNA1H_LHX9",0.462547463616816
"_TGTCCTGGTGTCATTG-2","Glut-CACNA1H-2","Ex_CACNA1H_LHX9",0.502380293730047
"_TGTGAGTAGTGTACAA-2","Glut-CACNA1H-3","Ex_CACNA1H_LHX9",0.900660815860567
"_TGTGAGTTCATCCCGT-2","Glut-CACNA1H-2","Ex_CACNA1H_LHX9",0.792709487515929
"_TGTGATGCAAAGGAGA-2","Glut-CACNA1H-1","Ex_CACNA1H_LHX9",0.839394868317546
"_TGTGATGCAGGCTACC-2","Glut-CACNA1H-3","Ex_CACNA1H_LHX9",0.816148638661199
"_TGTGATGTCTGGTTGA-2","Glut-CACNA1H-2","Ex_CACNA1H_LHX9",0.482448156845262
"_TGTGCGGCACGTTGGC-2","Glut-CACNA1H-4","Ex_CACNA1H_LHX9",0.859511492332788
"_TGTGCGGCACTCCTTG-2","Glut-CACNA1H-4","Ex_CACNA1H_LHX9",0.892357109762227
"_TGTGCGGTCATGAGGG-2","Glut-CACNA1H-3","Ex_CACNA1H_LHX9",0.720444846355712
"_TGTGCGGTCGACCTAA-2","Glut-CACNA1H-2","Ex_CACNA1H_LHX9",0.61739785712907
"_TGTGTGAAGCAGATAT-2","Glut-CACNA1H-1","Ex_CACNA1H_LHX9",0.824214947909312
"_TGTGTGACAAGGCGTA-2","Glut-CACNA1H-2","Ex_CACNA1H_LHX9",0.722255114114799
"_TGTGTGAGTGTCCACG-2","Glut-CACNA1H-2","Ex_CACNA1H_LHX9",0.356829682238143
"_TGTTACTAGTTGCTCA-2","Glut-CACNA1H-3","Ex_CACNA1H_LHX9",0.848329552467112
"_TGTTACTGTTGTGCAT-2","Glut-CACNA1H-2","Ex_CACNA1H_LHX9",0.555169980196195
"_TGTTCCGGTCAGTCCG-2","Glut-CACNA1H-3","Ex_CACNA1H_LHX9",0.735502680590532
"_TGTTCCGGTCGAAACG-2","Glut-CACNA1H-1","Ex_CACNA1H_LHX9",0.904369053391189
"_TGTTCCGGTCTGGTTA-2","Glut-CACNA1H-2","Ex_CACNA1H_LHX9",0.81911739828911
"_TGTTCTAAGGCCCACT-2","Glut-CACNA1H-1","Ex_CACNA1H_LHX9",0.485981901762575
"_TGTTCTACAAATCCCA-2","Glut-CACNA1H-3","Ex_CACNA1H_LHX9",0.775500447368755
"_TGTTCTACAAGCTACT-2","Glut-CACNA1H-2","Ex_CACNA1H_LHX9",0.540741020078812
"_TGTTGAGCAGTATACC-2","Glut-CACNA1H-3","Ex_CACNA1H_LHX9",0.795621124140422
"_TGTTGAGCATCTTTCA-2","Glut-CACNA1H-3","Ex_CACNA1H_LHX9",0.854917066980745
"_TGTTGAGGTACAGTCT-2","Glut-CACNA1H-2","Ex_CACNA1H_LHX9",0.287876666554864
"_TGTTGGACAAGTATCC-2","Glut-CACNA1H-1","Ex_CACNA1H_LHX9",0.857306888769741
"_TGTTGGACAGACTCTA-2","Glut-CACNA1H-2","Ex_CACNA1H_LHX9",0.637406217195454
"_TGTTGGAGTTGCAAGG-2","Glut-CACNA1H-4","Ex_CACNA1H_LHX9",0.890048409530475
"_TGTTTGTAGCTAGAGC-2","Glut-CACNA1H-1","Ex_CACNA1H_LHX9",0.860490369384926
"_TGTTTGTTCAGACAAA-2","Glut-CACNA1H-1","Ex_CACNA1H_LHX9",0.913440723872565
"_TTAATCCTCCGTGGCA-2","Glut-CACNA1H-1","Ex_CACNA1H_LHX9",0.840693400583499
"_TTAATCCTCCTTTGAT-2","Glut-CACNA1H-2","Ex_CACNA1H_LHX9",0.419234372577741
"_TTAATCCTCGTCGCTT-2","Glut-CACNA1H-3","Ex_CACNA1H_LHX9",0.738699622617091
"_TTACAGGAGTCAATCC-2","Glut-CACNA1H-4","Ex_CACNA1H_LHX9",0.833870971898075
"_TTACAGGGTACGCGTC-2","Glut-CACNA1H-1","Ex_CACNA1H_LHX9",0.84614317324699
"_TTACCATAGTTCGGTT-2","Glut-CACNA1H-4","Ex_CACNA1H_LHX9",0.887235331739006
"_TTACCATAGTTGCGCC-2","Glut-CACNA1H-1","Ex_CACNA1H_LHX9",0.719825631284117
"_TTACCATCAGGACAGT-2","Glut-CACNA1H-2","Ex_CACNA1H_LHX9",0.502481409486324
"_TTACCATGTTGGCTAT-2","Glut-CACNA1H-3","Ex_CACNA1H_LHX9",0.707986194513036
"_TTACCGCGTCGGAACA-2","Glut-CACNA1H-2","Ex_CACNA1H_LHX9",0.510887872269663
"_TTACGCCAGGACTATA-2","Glut-CACNA1H-2","Ex_CACNA1H_LHX9",0.24124029943005
"_TTACGCCAGGCGAACT-2","Glut-CACNA1H-1","Ex_CACNA1H_LHX9",0.887575798537688
"_TTACGCCGTAGGGTAC-2","Glut-CACNA1H-2","Ex_CACNA1H_LHX9",0.545953152443911
"_TTACGCCTCTCGAGTA-2","Glut-CACNA1H-1","Ex_CACNA1H_LHX9",0.847110698252406
"_TTACGCCTCTTGGCTC-2","Glut-CACNA1H-2","Ex_CACNA1H_LHX9",0.774247166329423
"_TTACTGTCAGAACGCA-2","Glut-CACNA1H-2","Ex_CACNA1H_LHX9",0.509775420061656
"_TTAGGCAAGCCATTTG-2","Glut-CACNA1H-3","Ex_CACNA1H_LHX9",0.803932649996876
"_TTAGTCTGTCTGTGAT-2","Glut-CACNA1H-4","Ex_CACNA1H_LHX9",0.907531933064997
"_TTAGTCTTCCCGAATA-2","Glut-CACNA1H-2","Ex_CACNA1H_LHX9",0.845973918448946
"_TTATTGCAGAGACAAG-2","Glut-CACNA1H-2","Ex_CACNA1H_LHX9",0.442421349543822
"_TTCACCGTCGACGAGA-2","Glut-CACNA1H-4","Ex_CACNA1H_LHX9",0.926437397185572
"_TTCACGCTCAATCTTC-2","Glut-CACNA1H-1","Ex_CACNA1H_LHX9",0.77875016294619
"_TTCATGTAGTTTCGGT-2","Glut-CACNA1H-1","Ex_CACNA1H_LHX9",0.865534550794355
"_TTCATGTCACAACGAG-2","Glut-CACNA1H-2","Ex_CACNA1H_LHX9",0.380600413108151
"_TTCATGTCAGTTTCAG-2","Glut-CACNA1H-2","Ex_CACNA1H_LHX9",0.671739306866355
"_TTCATGTTCGACCAAT-2","Glut-CACNA1H-1","Ex_CACNA1H_LHX9",0.89429199382384
"_TTCATGTTCGTTGCCT-2","Glut-CACNA1H-2","Ex_CACNA1H_LHX9",0.659389712899074
"_TTCATGTTCTACACAG-2","Glut-CACNA1H-1","Ex_CACNA1H_LHX9",0.894607548424641
"_TTCATTGAGAGTCACG-2","Glut-CACNA1H-1","Ex_CACNA1H_LHX9",0.905101152845229
"_TTCATTGAGTTCATCG-2","Glut-CACNA1H-2","Ex_CACNA1H_LHX9",0.683321000724929
"_TTCCAATTCACCTGTC-2","Glut-CACNA1H-1","Ex_CACNA1H_LHX9",0.816259073796878
"_TTCCAATTCGGCATTA-2","Glut-CACNA1H-2","Ex_CACNA1H_LHX9",0.622292500761443
"_TTCCACGGTTGCCGCA-2","Glut-CACNA1H-1","Ex_CACNA1H_LHX9",0.822301914088148
"_TTCCGGTAGGGCTGAT-2","Glut-CACNA1H-3","Ex_CACNA1H_LHX9",0.87948334711429
"_TTCCGGTGTTATAGCC-2","Glut-CACNA1H-2","Ex_CACNA1H_LHX9",0.57995410340228
"_TTCCGGTTCATGGTAC-2","Glut-CACNA1H-4","Ex_CACNA1H_LHX9",0.878776369908222
"_TTCCGTGTCTCTGAGA-2","Glut-CACNA1H-3","Ex_DACH2_NR4A3",0.29346239923108
"_TTCCTAAGTCAACGCC-2","Glut-DACH2-1","Ex_DACH2_GRIK4",0.414962243353898
"_TTCCTCTAGATGGGCT-2","Glut-CACNA1H-2","Ex_CACNA1H_LHX9",0.615727963352744
"_TTCCTCTTCATTGCGA-2","Glut-CACNA1H-1","Ex_CACNA1H_LHX9",0.823198102996914
"_TTCGATTTCCCAGCGA-2","Glut-CACNA1H-3","Ex_DACH2_NR4A3",0.299827070666562
"_TTCGCTGGTGCGGCTT-2","Glut-CACNA1H-4","Ex_CACNA1H_LHX9",0.949219636935084
"_TTCGCTGGTTTCCATT-2","Glut-CACNA1H-3","Ex_CACNA1H_LHX9",0.784659015464489
"_TTCGGTCCATAATGAG-2","Glut-CACNA1H-1","Ex_CACNA1H_LHX9",0.899419338756562
"_TTCGGTCGTTGATGTC-2","Glut-CACNA1H-1","Ex_CACNA1H_LHX9",0.884281013969659
"_TTCTAACTCGAAACAA-2","Glut-CACNA1H-2","Ex_CACNA1H_LHX9",0.857341509330487
"_TTCTAGTAGAACCCGA-2","Glut-CACNA1H-2","Ex_CACNA1H_LHX9",0.636269418928797
"_TTCTAGTAGGTCGTGA-2","Glut-CACNA1H-2","Ex_CACNA1H_LHX9",0.661882264877202
"_TTCTAGTGTCGACTTA-2","Glut-CACNA1H-1","Ex_CACNA1H_LHX9",0.879668298584078
"_TTCTAGTGTGGATCGA-2","Glut-CACNA1H-1","Ex_CACNA1H_LHX9",0.862117335571238
"_TTCTGTAAGTTCTCTT-2","Glut-CACNA1H-2","Ex_CACNA1H_LHX9",0.560512050605692
"_TTCTTCCAGGCGAACT-2","Glut-CACNA1H-2","Ex_CACNA1H_LHX9",0.49632039815433
"_TTCTTCCCAGCGTGAA-2","Glut-CACNA1H-1","Ex_CACNA1H_LHX9",0.868643064365901
"_TTCTTCCGTCCTGGTG-2","Glut-CACNA1H-2","Ex_CACNA1H_LHX9",0.781588476397417
"_TTCTTCCGTGGCCCAT-2","Glut-CACNA1H-1","Ex_CACNA1H_LHX9",0.606369708071919
"_TTCTTGAAGTGGTGGT-2","Glut-CACNA1H-3","Ex_CACNA1H_LHX9",0.884504346171546
"_TTCTTGACACAATCTG-2","Glut-CACNA1H-3","Ex_CACNA1H_LHX9",0.58200443024155
"_TTCTTGAGTTACACTG-2","Glut-CACNA1H-1","Ex_CACNA1H_LHX9",0.790318539507453
"_TTCTTGAGTTCCATTT-2","Glut-CACNA1H-4","Ex_CACNA1H_LHX9",0.884922660226154
"_TTGAACGCAGATCCTA-2","Glut-DACH2-HVCra-Int","Ex_DACH2_MGAT4C",0.358813884224874
"_TTGAACGTCATCGCAA-2","Glut-CACNA1H-3","Ex_CACNA1H_LHX9",0.87086829067315
"_TTGACCCAGCTGGCTC-2","Glut-DACH2-1","Ex_DACH2_MGAT4C",0.479806889156958
"_TTGACCCAGTAACGAT-2","Glut-CACNA1H-1","Ex_CACNA1H_LHX9",0.909492797193643
"_TTGACCCAGTTGGCTT-2","Glut-CACNA1H-2","Ex_CACNA1H_LHX9",0.74100561138512
"_TTGACCCCATAGAGGC-2","Glut-CACNA1H-2","Ex_CACNA1H_LHX9",0.710004618378282
"_TTGAGTGCAAGCCCAC-2","Glut-CACNA1H-3","Ex_CACNA1H_LHX9",0.863251710738304
"_TTGATGGCAGGAGACT-2","Glut-CACNA1H-2","Ex_CACNA1H_LHX9",0.628418648352816
"_TTGATGGGTGAATGTA-2","Glut-CACNA1H-3","Ex_CACNA1H_LHX9",0.865671384861566
"_TTGCATTAGCAACCAG-2","Glut-CACNA1H-1","Ex_CACNA1H_LHX9",0.882890766986196
"_TTGCATTCAAATGATG-2","Glut-CACNA1H-2","Ex_CACNA1H_LHX9",0.613151433508766
"_TTGCATTCATCTCGTC-2","Glut-CACNA1H-3","Ex_CACNA1H_LHX9",0.843288357149141
"_TTGCATTTCAGACCGC-2","Glut-CACNA1H-2","Ex_CACNA1H_LHX9",0.506739197554825
"_TTGCCTGAGTGGAATT-2","Glut-CACNA1H-4","Ex_DACH2_LHX2",0.317740567251749
"_TTGCCTGCACATACTG-2","Glut-CACNA1H-3","Ex_DACH2_NR4A3",0.320602010699485
"_TTGCCTGGTATCCTCC-2","Glut-CACNA1H-2","Ex_CACNA1H_LHX9",0.781871991177063
"_TTGCCTGTCGAGTGAG-2","Glut-CACNA1H-2","Ex_CACNA1H_LHX9",0.631257430067592
"_TTGCGTCCATTCATCT-2","Glut-CACNA1H-1","Ex_CACNA1H_LHX9",0.868624673708889
"_TTGCGTCTCCGTTGGG-2","Glut-CACNA1H-2","Ex_CACNA1H_LHX9",0.797783875509879
"_TTGCTGCAGTATTAGG-2","Glut-CACNA1H-3","Ex_CACNA1H_LHX9",0.680212082745007
"_TTGCTGCCAGATCCTA-2","Glut-CACNA1H-2","Ex_CACNA1H_LHX9",0.785190670048868
"_TTGGATGAGCATCTTG-2","Glut-CACNA1H-2","Ex_CACNA1H_LHX9",0.79640211980932
"_TTGGATGCACGACAGA-2","Glut-CACNA1H-4","Ex_CACNA1H_LHX9",0.933640562055682
"_TTGGATGCAGCGACAA-2","Glut-CACNA1H-2","Ex_CACNA1H_LHX9",0.83997942158429
"_TTGGATGCATATAGCC-2","Glut-CACNA1H-1","Ex_CACNA1H_LHX9",0.796743712153342
"_TTGGATGGTTGTGCAT-2","Glut-CACNA1H-2","Ex_CACNA1H_LHX9",0.678822405387893
"_TTGGATGTCACCTTGC-2","Glut-CACNA1H-2","Ex_CACNA1H_LHX9",0.740590763115108
"_TTGGGATAGTCGTTAC-2","Glut-CACNA1H-3","Ex_CACNA1H_LHX9",0.394251504506464
"_TTGGGCGAGAGCAGCT-2","Glut-CACNA1H-3","Ex_CACNA1H_LHX9",0.918170321003168
"_TTGGGCGCAAGTTGGG-2","Glut-CACNA1H-4","Ex_CACNA1H_LHX9",0.958334858440244
"_TTGGGTAAGTAGACAT-2","Glut-CACNA1H-1","Ex_CACNA1H_LHX9",0.888252042003347
"_TTGGGTACACACAGCC-2","Glut-CACNA1H-4","Ex_CACNA1H_LHX9",0.873970312414697
"_TTGGTTTCAGCATCTA-2","Glut-CACNA1H-4","Ex_CACNA1H_LHX9",0.887384217911129
"_TTGGTTTGTCACGTGC-2","Glut-CACNA1H-1","Ex_CACNA1H_LHX9",0.865543496864998
"_TTGTGGATCAGCACCG-2","Glut-CACNA1H-1","Ex_CACNA1H_LHX9",0.8003763046131
"_TTGTGGATCGCAACAT-2","Glut-CACNA1H-1","Ex_CACNA1H_LHX9",0.313538666320396
"_TTGTGTTGTCAGTCTA-2","Glut-CACNA1H-3","Ex_CACNA1H_LHX9",0.893787401056819
"_TTGTGTTGTCCACATA-2","Glut-CACNA1H-1","Ex_CACNA1H_LHX9",0.838329443726738
"_TTGTGTTGTTAAGACA-2","Glut-CACNA1H-2","Ex_CACNA1H_LHX9",0.580330452324572
"_TTGTTCACATGTGGTT-2","Glut-DACH2-2","Ex_DACH2_MGAT4C",0.558908531688936
"_TTGTTCAGTCAACCTA-2","Glut-CACNA1H-1","Ex_CACNA1H_LHX9",0.884682707414084
"_TTGTTCAGTTTACACG-2","Glut-CACNA1H-2","Ex_CACNA1H_LHX9",0.742354858995618
"_TTGTTCATCCGGTTCT-2","Glut-CACNA1H-2","Ex_DACH2_NR4A3",0.222381190977015
"_TTGTTGTCAGCTGTAT-2","Glut-CACNA1H-1","Ex_CACNA1H_LHX9",0.855319243666845
"_TTGTTGTCATGCAGCC-2","Glut-CACNA1H-2","Ex_CACNA1H_LHX9",0.569140038628815
"_TTGTTGTGTTGGCCGT-2","Glut-CACNA1H-2","Ex_CACNA1H_LHX9",0.716202264367415
"_TTGTTTGGTTGGACCC-2","Glut-CACNA1H-1","Ex_CACNA1H_LHX9",0.826390030662066
"_TTTACCACAACAACAA-2","Glut-CACNA1H-1","Ex_CACNA1H_LHX9",0.87349187518392
"_TTTACCACACGCAGTC-2","Glut-CACNA1H-2","Ex_DACH2_NR4A3",0.245664243679252
"_TTTACCACATAGAATG-2","Glut-CACNA1H-1","Ex_CACNA1H_LHX9",0.811097113489088
"_TTTACGTAGGTGCCAA-2","Glut-CACNA1H-3","Ex_CACNA1H_LHX9",0.501599087586797
"_TTTACGTCACTTGTGA-2","Glut-CACNA1H-1","Ex_CACNA1H_LHX9",0.894391537779291
"_TTTAGTCCAATGCAAA-2","Glut-CACNA1H-1","Ex_CACNA1H_LHX9",0.886153690812629
"_TTTAGTCTCTCCACTG-2","Glut-CACNA1H-RA","Ex_CACNA1H_LHX9",0.444109847613721
"_TTTATGCAGGAACGAA-2","Glut-CACNA1H-2","Ex_CACNA1H_LHX9",0.62604971123829
"_TTTCACAAGGCGCTTC-2","Glut-CACNA1H-3","Ex_CACNA1H_LHX9",0.81155945107981
"_TTTCACAAGGGCAGGA-2","Glut-CACNA1H-3","Ex_CACNA1H_LHX9",0.887671403689652
"_TTTCAGTCATCCGCGA-2","Glut-DACH2-1","Ex_DACH2_MGAT4C",0.379966680203348
"_TTTCAGTGTAGTCCTA-2","Glut-CACNA1H-1","Ex_CACNA1H_LHX9",0.835748126596184
"_TTTCAGTTCCCAAGTA-2","Glut-CACNA1H-2","Ex_CACNA1H_LHX9",0.812231353534781
"_TTTCATGCAATTGAGA-2","Glut-CACNA1H-3","Ex_CACNA1H_LHX9",0.784277083814928
"_TTTCCTCTCAAGTAAG-2","Glut-CACNA1H-4","Ex_CACNA1H_LHX9",0.957059917063111
"_TTTCGATAGTATGATG-2","Glut-CACNA1H-1","Ex_CACNA1H_LHX9",0.861109574399633
"_TTTCGATTCCAACTGA-2","Glut-CACNA1H-1","Ex_CACNA1H_LHX9",0.816615754286015
"_TTTGACTAGAACTTCC-2","Glut-CACNA1H-2","Ex_DACH2_NR4A3",0.342249561925443
"_TTTGACTCAAAGAACT-2","Glut-CACNA1H-2","Ex_CACNA1H_LHX9",0.620824535775337
"_TTTGACTGTGAGACCA-2","Glut-CACNA1H-1","Ex_CACNA1H_LHX9",0.812946695355629
"_TTTGATCCACCACTGG-2","Glut-CACNA1H-1","Ex_CACNA1H_LHX9",0.864460943529348
"_TTTGATCTCTGCACCT-2","Glut-CACNA1H-1","Ex_CACNA1H_LHX9",0.802333926645425
"_TTTGGAGGTAGGTTTC-2","Glut-CACNA1H-3","Ex_CACNA1H_LHX9",0.85231195414905
"_TTTGGAGGTCTTAGTG-2","Glut-CACNA1H-2","Ex_CACNA1H_LHX9",0.460760811644398
"_TTTGGAGTCCAAACCA-2","Glut-DACH2-4","Ex_DACH2_ITGA9",0.481364312777222
"_TTTGGTTTCGGCCCAA-2","Glut-CACNA1H-1","Ex_CACNA1H_LHX9",0.861741474805352
"_TTTGTTGAGTCTTCGA-2","Glut-CACNA1H-2","Ex_CACNA1H_LHX9",0.637044643292168
"_TTTGTTGCAGGTTCGC-2","Glut-CACNA1H-3","Ex_CACNA1H_LHX9",0.869263469675556
"_TTTGTTGGTATTCCGA-2","Glut-CACNA1H-3","Ex_CACNA1H_LHX9",0.59381554637959
"_TTTGTTGGTTATGTCG-2","Glut-DACH2-1","Ex_DACH2_GRIK4",0.392102089326114
"_AAACCCATCACAGTGT-3","Glut-DACH2-HVCra","Ex_DACH2_LHX2",0.509650880304691
"_AAACCCATCCAAAGGG-3","Glut-DACH2-HVCra-Int","Ex_DACH2_NR4A3",0.703895236195479
"_AAACGAAGTACGATCT-3","Glut-DACH2-HVCra-Int","Ex_DACH2_LHX2",0.428781292668048
"_AAACGAAGTCCAAAGG-3","Glut-DACH2-HVCra-Int","Ex_DACH2_LHX2",0.601535069340941
"_AAACGCTCAGCTAACT-3","Glut-DACH2-HVCra","Ex_SATB2_SOX6",0.331150586353908
"_AAACGCTGTCAAAGAT-3","Glut-DACH2-1","Ex_DACH2_MGAT4C",0.438892377189793
"_AAAGAACCATGATAGA-3","Glut-DACH2-HVCra","Ex_SATB2_SOX6",0.28529377389006
"_AAAGAACGTTCAGCGC-3","Glut-DACH2-HVCra","Ex_DACH2_MGAT4C",0.290272522820338
"_AAAGGATAGTTCTACG-3","Glut-DACH2-HVCra-Int","Ex_DACH2_LHX2",0.415341622750046
"_AAAGGATGTTAACCTG-3","Glut-DACH2-HVCra","Ex_DACH2_MGAT4C",0.305105795915418
"_AAAGGGCCACGACAGA-3","Glut-DACH2-HVCra","Ex_SATB2_SOX6",0.259916737414439
"_AAAGGGCTCCACGGGT-3","Glut-DACH2-HVCra-Int","Ex_DACH2_LUZP2",0.419214969515582
"_AAAGGTAAGTTACGAA-3","Glut-DACH2-HVCra-Int","Ex_DACH2_LHX2",0.346798055077192
"_AAAGGTACAGAGGACT-3","Glut-DACH2-HVCra","Ex_SATB2_OVOA",0.301767792418253
"_AAAGGTACAGGAGACT-3","Glut-DACH2-2","Ex_DACH2_LHX2",0.643967134429164
"_AAAGGTACATTGAGGG-3","Glut-DACH2-2","Ex_DACH2_MGAT4C",0.292261844934127
"_AAAGTCCCAAAGAACT-3","Glut-DACH2-HVCra-Int","Ex_DACH2_MGAT4C",0.507236209497775
"_AAAGTGATCGCGGACT-3","Glut-DACH2-HVCra","Ex_DACH2_CEMIP",0.188223542198069
"_AAATGGAAGATCCAAA-3","Glut-DACH2-HVCra-Int","Ex_DACH2_GRIK4",0.344202776055806
"_AAATGGAGTAATGTGA-3","Glut-DACH2-HVCra-Int","Ex_DACH2_LHX2",0.413653359457956
"_AAATGGAGTCTGTGGC-3","Glut-DACH2-HVCra","Ex_SATB2_SOX6",0.464123338405546
"_AAATGGATCGGACTGC-3","Glut-DACH2-HVCra","Ex_DACH2_GRIK4",0.291894456968772
"_AACAAAGGTGCAACGA-3","Glut-DACH2-2","Ex_DACH2_LHX2",0.347028219770669
"_AACAACCAGTTGAAGT-3","Glut-DACH2-2","Ex_DACH2_LHX2",0.288380814553332
"_AACAACCGTATGTCTG-3","Glut-DACH2-HVCx","Ex_DACH2_CEMIP",0.446782786225434
"_AACAAGAAGGTAGTCG-3","Glut-DACH2-2","Ex_DACH2_LHX2",0.404682812415747
"_AACAAGACACACACTA-3","Glut-DACH2-HVCra","Ex_SATB2_SOX6",0.193509323384534
"_AACAAGACACGTCATA-3","Glut-DACH2-2","Ex_DACH2_LHX2",0.613845480910497
"_AACAAGAGTAAGAACT-3","Glut-DACH2-2","Ex_DACH2_LHX2",0.339135253980312
"_AACAAGATCCGGGACT-3","Glut-DACH2-HVCra-Int","Ex_DACH2_NR4A3",0.345442386939268
"_AACAAGATCTCTAAGG-3","Glut-DACH2-2","Ex_DACH2_GRIK4",0.351614180069159
"_AACAAGATCTGGCCTT-3","Glut-DACH2-2","Ex_DACH2_ADAMTS5",0.316418765049494
"_AACAAGATCTGGTGCG-3","Glut-DACH2-HVCra-Int","Ex_DACH2_GRIK4",0.353215760060926
"_AACACACAGGTACAGC-3","Glut-DACH2-HVCx","Ex_DACH2_CEMIP",0.713027561915653
"_AACACACAGGTAGCAC-3","Glut-DACH2-HVCra","Ex_SATB2_SOX6",0.37596599351215
"_AACACACGTCCTTGTC-3","Glut-DACH2-HVCra-Int","Ex_DACH2_ADAMTS5",0.41176288283949
"_AACACACGTGTCTTCC-3","Glut-DACH2-HVCra","Ex_DACH2_MGAT4C",0.262144199477217
"_AACACACTCGGCATCG-3","Glut-DACH2-HVCra","Ex_SATB2_SOX6",0.541240068001476
"_AACAGGGAGTGAATAC-3","Glut-DACH2-1","Ex_DACH2_GRIK4",0.357270834636234
"_AACAGGGCATTAAGCC-3","Glut-DACH2-HVCra","Ex_DACH2_ADAMTS5",0.315663405096276
"_AACCATGCACCCTTGT-3","Glut-DACH2-HVCra","Ex_SATB2_SOX6",0.406807950171866
"_AACCATGGTGTAAATG-3","Glut-DACH2-HVCra-Int","Ex_DACH2_MGAT4C",0.500825318282294
"_AACCCAAAGGTAAGAG-3","Glut-DACH2-HVCra-Int","Ex_DACH2_LHX2",0.666848210776283
"_AACCCAAAGTAGAGTT-3","Glut-DACH2-HVCra-Int","Ex_DACH2_LHX2",0.651412205486294
"_AACCCAAAGTGCTACT-3","Glut-DACH2-2","Ex_DACH2_MGAT4C",0.292563745093415
"_AACCCAAGTTAAAGTG-3","Glut-DACH2-HVCra","Ex_DACH2_GRIK4",0.293400232993114
"_AACCCAAGTTATGGTC-3","Glut-DACH2-2","Ex_DACH2_LHX2",0.544511685434725
"_AACCCAATCTCACGAA-3","Glut-DACH2-HVCra-Int","Ex_DACH2_LHX2",0.457347673695777
"_AACCTGAAGGAGCTGT-3","Glut-DACH2-HVCra-Int","Ex_DACH2_LHX2",0.62921482422714
"_AACCTGACAGTCAACT-3","Glut-DACH2-HVCra","Ex_DACH2_MGAT4C",0.191769754685681
"_AACCTGAGTTTCGACA-3","Glut-DACH2-2","Ex_DACH2_LHX2",0.473832787384867
"_AACCTGATCGCACGGT-3","Glut-DACH2-HVCx","Ex_DACH2_CEMIP",0.597680420455203
"_AACCTTTGTTAGTTCG-3","Glut-DACH2-HVCx","Ex_DACH2_CEMIP",0.553667480234718
"_AACCTTTTCAACTGAC-3","Glut-DACH2-HVCra","Ex_DACH2_ADAMTS5",0.29724211244615
"_AACGAAAAGAGATCGC-3","Glut-DACH2-HVCra-Int","Ex_DACH2_MGAT4C",0.380703174982401
"_AACGAAAAGAGTCAAT-3","Glut-DACH2-HVCra","Ex_SATB2_SOX6",0.462225228828889
"_AACGAAACATTCATCT-3","Glut-DACH2-HVCra","Ex_SATB2_SOX6",0.437146400551911
"_AACGAAATCGCTTGCT-3","Glut-DACH2-HVCx","Ex_DACH2_CEMIP",0.435325744006482
"_AACGAAATCTTTCTAG-3","Glut-DACH2-HVCra-Int","Ex_DACH2_GRIK4",0.495654077990226
"_AACGGGACAAGTATAG-3","Glut-DACH2-HVCra","Ex_DACH2_ADAMTS5",0.308171325146209
"_AACGGGACACGTTCGG-3","Glut-DACH2-HVCx","Ex_DACH2_CEMIP",0.41365652872456
"_AACGGGACATGTGTCA-3","Glut-DACH2-2","Ex_DACH2_NR4A3",0.399694424167157
"_AACGTCAAGGGCATGT-3","Glut-DACH2-2","Ex_DACH2_LHX2",0.638899038262523
"_AACGTCACAAACGAGC-3","Glut-DACH2-HVCra","Ex_SATB2_OVOA",0.241161668467624
"_AACTTCTCATAGACTC-3","Glut-DACH2-2","Ex_DACH2_LHX2",0.36561556073639
"_AAGAACAGTGTGACCC-3","Glut-DACH2-HVCra-Int","Ex_DACH2_MGAT4C",0.334791522815714
"_AAGACAAGTACTTCCC-3","Glut-DACH2-2","Ex_DACH2_GRIK4",0.378586058028165
"_AAGACTCGTGGGTTGA-3","Glut-DACH2-HVCra","Ex_SATB2_SOX6",0.374849938859477
"_AAGACTCTCCCTCTCC-3","Glut-DACH2-HVCra-Int","Ex_DACH2_MGAT4C",0.230120235972256
"_AAGACTCTCTCACCCA-3","Glut-DACH2-HVCx","Ex_SATB2_SOX6",0.338790595659362
"_AAGCATCCAACACTAC-3","Glut-DACH2-HVCra","Ex_SATB2_SOX6",0.49352341673996
"_AAGCATCCAGGTGAGT-3","Glut-DACH2-HVCra-Int","Ex_DACH2_MGAT4C",0.248676308025575
"_AAGCATCGTATCGTAC-3","Glut-DACH2-2","Ex_DACH2_LHX2",0.512591288651581
"_AAGCATCTCCCGTTGT-3","Glut-DACH2-HVCra","Ex_SATB2_SOX6",0.432518487962525
"_AAGCCATTCAGGGATG-3","Glut-DACH2-HVCra","Ex_SATB2_SOX6",0.294370059920997
"_AAGCGAGAGGTACAAT-3","Glut-DACH2-HVCx","Ex_DACH2_CEMIP",0.419615999460199
"_AAGCGAGCATCCGAGC-3","Glut-DACH2-HVCx","Ex_DACH2_CEMIP",0.51686687982068
"_AAGCGAGGTCCAAGAG-3","Glut-DACH2-HVCx","Ex_SATB2_OVOA",0.194879477009832
"_AAGCGAGTCTATCACT-3","Glut-DACH2-HVCra-Int","Ex_DACH2_LHX2",0.488517237242015
"_AAGCGTTTCGAGCCTG-3","Glut-DACH2-HVCra","Ex_DACH2_MGAT4C",0.206669403325616
"_AAGGAATAGGCGAACT-3","Glut-DACH2-HVCra-Int","Ex_DACH2_LHX2",0.648180206192082
"_AAGGAATAGGCTCTAT-3","Glut-DACH2-HVCra-Int","Ex_DACH2_MGAT4C",0.3499756813475
"_AAGGAATAGTTAACGA-3","Glut-DACH2-HVCra","Ex_SATB2_SOX6",0.330941569772497
"_AAGGAATCACGGATCC-3","Glut-DACH2-HVCra-Int","Ex_DACH2_MGAT4C",0.321961358939309
"_AAGGAATGTCATCGCG-3","Glut-DACH2-HVCra","Ex_DACH2_MGAT4C",0.26525767223372
"_AAGGAATGTGAAGCGT-3","Glut-DACH2-HVCra-Int","Ex_SATB2_OVOA",0.219864117640873
"_AAGGAATTCACTGTCC-3","Glut-DACH2-HVCx","Ex_DACH2_CEMIP",0.660168736569531
"_AAGGTAACAGGTTCCG-3","Glut-DACH2-2","Ex_DACH2_LHX2",0.604647222701056
"_AAGGTAAGTGACACGA-3","Glut-DACH2-HVCra","Ex_SATB2_SOX6",0.595759076282851
"_AAGGTAATCCATCCGT-3","Glut-DACH2-HVCra","Ex_DACH2_CEMIP",0.249080001026562
"_AAGGTAATCCATCTCG-3","Glut-DACH2-HVCra","Ex_SATB2_SOX6",0.456832442353012
"_AAGGTAATCCTTTGAT-3","Glut-DACH2-HVCra","Ex_SATB2_SOX6",0.61199934991101
"_AAGGTAATCGGCTGGT-3","Glut-DACH2-HVCra","Ex_SATB2_SOX6",0.40724153642766
"_AAGTACCAGGCCTTCG-3","Glut-DACH2-HVCra","Ex_DACH2_LHX2",0.596282076384168
"_AAGTACCCAGACACCC-3","Glut-DACH2-HVCra","Ex_SATB2_SOX6",0.512172939756764
"_AAGTACCCAGTATACC-3","Glut-DACH2-HVCx","Ex_DACH2_CEMIP",0.413118172937258
"_AAGTCGTAGATAGTGT-3","Glut-DACH2-4","Ex_DACH2_NR4A3",0.306331242677186
"_AAGTCGTGTGCAGTGA-3","Glut-DACH2-2","Ex_DACH2_NR4A3",0.856969095289368
"_AAGTCGTTCCTGTTGC-3","Glut-DACH2-HVCra-Int","Ex_DACH2_NR4A3",0.2122864490893
"_AAGTGAAAGAGGTGCT-3","Glut-DACH2-HVCra","Ex_SATB2_SOX6",0.403874394044615
"_AAGTGAAAGGTTACAA-3","Glut-DACH2-HVCra","Ex_DACH2_ADAMTS5",0.310969345953539
"_AATAGAGCAGAATTCC-3","Glut-DACH2-1","Ex_DACH2_ITGA9",0.274603977324644
"_AATCACGCAACGAGGT-3","Glut-DACH2-HVCx","Ex_DACH2_CEMIP",0.480036681449976
"_AATCACGTCATCACCC-3","Glut-DACH2-HVCra","Ex_SATB2_SOX6",0.405380181174353
"_AATCGACAGTGAGGCT-3","Glut-DACH2-HVCra-Int","Ex_SATB2_SOX6",0.197064425816041
"_AATCGTGCAATAACCC-3","Glut-DACH2-2","Ex_DACH2_NR4A3",0.369909158336071
"_AATCGTGCAGTAACGG-3","Glut-DACH2-2","Ex_DACH2_MGAT4C",0.450501375397715
"_AATCGTGGTACTCCCT-3","Glut-DACH2-2","Ex_DACH2_LHX2",0.613708401747418
"_AATGAAGCAATACCCA-3","Glut-DACH2-HVCra-Int","Ex_DACH2_MGAT4C",0.406158249805009
"_AATGACCCAAGTGCTT-3","Glut-DACH2-HVCx","Ex_DACH2_CEMIP",0.702787175894264
"_AATGACCCACCGTCGA-3","Glut-DACH2-3","Ex_DACH2_ZMAT4",0.583700807205384
"_AATGACCCACTATGTG-3","Glut-DACH2-HVCx","Ex_SATB2_SOX6",0.408621482194554
"_AATGACCCATACCGTA-3","Glut-DACH2-HVCra-Int","Ex_DACH2_MGAT4C",0.379460966501509
"_AATGACCCATCCAATG-3","Glut-DACH2-HVCx","Ex_SATB2_SOX6",0.508273735953278
"_AATGACCTCTAGCAAC-3","Glut-DACH2-2","Ex_DACH2_LHX2",0.319685819910464
"_AATGCCAAGCCTAACT-3","Glut-DACH2-HVCx","Ex_DACH2_CEMIP",0.487715733416285
"_AATGCCACACCTCTAC-3","Glut-DACH2-HVCx","Ex_DACH2_CEMIP",0.294564411746199
"_AATGCCATCGATACTG-3","Glut-DACH2-HVCx","Ex_DACH2_CEMIP",0.420356982349949
"_AATGGCTAGAATCCCT-3","Glut-DACH2-HVCra","Ex_SATB2_ZNF385B",0.611324173788328
"_AATGGCTAGCCTCATA-3","Glut-DACH2-HVCra","Ex_SATB2_SOX6",0.523847108054122
"_AATGGCTCAATGCAAA-3","Glut-DACH2-2","Ex_DACH2_LHX2",0.565958426657079
"_AATGGCTCATAAGCAA-3","Glut-DACH2-5","Ex_DACH2_ADAMTS5",0.433804018272326
"_AATTCCTAGAGTGAAG-3","Glut-DACH2-HVCra-Int","Ex_DACH2_NR4A3",0.503525297982112
"_AATTCCTCAGCTGTCG-3","Glut-DACH2-HVCx","Ex_SATB2_FOXP2",0.22270999302866
"_AATTTCCCATCCTGTC-3","Glut-DACH2-HVCra-Int","Ex_DACH2_LHX2",0.306638513305464
"_ACAAAGACATCCTGTC-3","Glut-DACH2-HVCra","Ex_SATB2_SOX6",0.361868587759863
"_ACAAAGACATGTGGTT-3","Glut-DACH2-2","Ex_DACH2_LHX2",0.262190939013039
"_ACAAAGATCAGCGCAC-3","Glut-DACH2-HVCra","Ex_SATB2_SOX6",0.289129046658566
"_ACAAAGATCTATCGGA-3","Glut-DACH2-HVCra","Ex_SATB2_SOX6",0.29149568468944
"_ACAACCACAAGATGGC-3","Glut-DACH2-HVCra","Ex_SATB2_SOX6",0.37472918313321
"_ACAACCAGTACGCTAT-3","Glut-DACH2-HVCra-Int","Ex_DACH2_LHX2",0.563479658790824
"_ACAACCATCTCATAGG-3","Glut-DACH2-2","Ex_DACH2_LHX2",0.442968667677556
"_ACAAGCTCATGAGAAT-3","Glut-DACH2-HVCra-Int","Ex_DACH2_MGAT4C",0.258431313991465
"_ACACAGTAGCATACTC-3","Glut-DACH2-HVCra-Int","Ex_DACH2_MGAT4C",0.280107237252788
"_ACACAGTCAAATGGAT-3","Glut-DACH2-3","Ex_DACH2_SLIT2",0.842028212332122
"_ACACAGTCAACCGCCA-3","Glut-DACH2-1","Ex_DACH2_NR4A3",0.352417879087683
"_ACACAGTGTACCTTCC-3","Glut-DACH2-HVCra","Ex_DACH2_CEMIP",0.494100979466456
"_ACACAGTGTTAAACCC-3","Glut-DACH2-HVCra-Int","Ex_DACH2_MGAT4C",0.452306529238041
"_ACACCAAGTGCTGATT-3","Glut-DACH2-HVCra","Ex_SATB2_SOX6",0.446589421345091
"_ACACCAATCCATCCGT-3","Glut-DACH2-HVCra-Int","Ex_DACH2_LUZP2",0.164983993590269
"_ACACTGACACATGTTG-3","Glut-DACH2-3","Ex_DACH2_SLIT2",0.486075066806288
"_ACACTGATCCGTGTCT-3","Glut-DACH2-HVCra","Ex_SATB2_SOX6",0.616651033401769
"_ACAGAAAAGATGAAGG-3","Glut-DACH2-HVCra","Ex_SATB2_SOX6",0.281150235464442
"_ACAGAAAGTACCGTCG-3","Glut-DACH2-HVCra-Int","Ex_DACH2_MGAT4C",0.55541157141237
"_ACAGAAATCCTATTGT-3","Glut-DACH2-HVCra","Ex_SATB2_SOX6",0.479711631743358
"_ACAGCCGCAACCAGAG-3","Glut-DACH2-HVCx","Ex_DACH2_CEMIP",0.365309184186326
"_ACAGCCGGTATCGATC-3","Glut-DACH2-HVCx","Ex_DACH2_CEMIP",0.573024252047783
"_ACAGCCGTCACTAGCA-3","Glut-DACH2-HVCra","Ex_DACH2_ZMAT4",0.15244587290941
"_ACAGCCGTCTTACCAT-3","Glut-DACH2-HVCra-Int","Ex_DACH2_LHX2",0.604384275121852
"_ACAGGGACAGACCAGA-3","Glut-DACH2-HVCra-Int","Ex_SATB2_FOXP2",0.332919729699017
"_ACAGGGATCCTTACCG-3","Glut-DACH2-1","Ex_DACH2_MGAT4C",0.561621851376259
"_ACATCCCAGTTTAGGA-3","Glut-DACH2-HVCra","Ex_DACH2_MGAT4C",0.257111227845372
"_ACATCCCCACAGACGA-3","Glut-DACH2-HVCx","Ex_DACH2_CEMIP",0.58914419295473
"_ACATCCCCACCAGGTC-3","Glut-DACH2-2","Ex_DACH2_LHX2",0.641457959334052
"_ACATCCCGTGCAGTGA-3","Glut-DACH2-HVCra-Int","Ex_DACH2_MGAT4C",0.416688852485836
"_ACATCGAAGCTCTTCC-3","Glut-DACH2-HVCra","Ex_DACH2_ADAMTS5",0.190129140633939
"_ACATCGACAACCGGAA-3","Glut-DACH2-HVCra-Int","Ex_DACH2_LHX2",0.378000127193957
"_ACATCGAGTGCGAGTA-3","Glut-DACH2-HVCra","Ex_SATB2_SOX6",0.474328301343775
"_ACATCGATCCCGAGAC-3","Glut-DACH2-HVCra","Ex_SATB2_SOX6",0.412370408757101
"_ACATCGATCTGCTAGA-3","Glut-DACH2-HVCra","Ex_DACH2_ADAMTS5",0.266771820187109
"_ACATGCACACTGCGAC-3","Glut-DACH2-2","Ex_DACH2_LHX2",0.473847693305977
"_ACATGCACAGGTTTAC-3","Glut-DACH2-1","Ex_DACH2_GRIK4",0.507116837197341
"_ACATGCACATTGCCTC-3","Glut-DACH2-HVCra-Int","Ex_DACH2_GRIK4",0.561083921264493
"_ACATGCAGTAATCAAG-3","Glut-DACH2-HVCra","Ex_SATB2_SOX6",0.422933216839274
"_ACATGCAGTCTACGAT-3","Glut-DACH2-1","Ex_DACH2_NR4A3",0.918237913907548
"_ACATGCAGTGCCCACA-3","Glut-DACH2-HVCra-Int","Ex_DACH2_NR4A3",0.64940923620327
"_ACATGCATCCTATGGA-3","Glut-DACH2-HVCx","Ex_DACH2_CEMIP",0.445545584363358
"_ACATTTCAGCATCTTG-3","Glut-DACH2-HVCx","Ex_DACH2_CEMIP",0.383898151867723
"_ACATTTCCAAGAAACT-3","Glut-DACH2-2","Ex_DACH2_LUZP2",0.32059860709928
"_ACATTTCCAGGTGTGA-3","Glut-DACH2-HVCra","Ex_SATB2_SOX6",0.419285734404043
"_ACCAAACCACTGTCGG-3","Glut-DACH2-HVCx","Ex_DACH2_CEMIP",0.458114240816837
"_ACCAAACGTCAAGCGA-3","Glut-DACH2-HVCra","Ex_BCL6",0.221607263674273
"_ACCAACAAGACAAGCC-3","Glut-DACH2-HVCra","Ex_DACH2_GRIK4",0.259356560552777
"_ACCAACAAGACCAAAT-3","Glut-DACH2-HVCx","Ex_DACH2_CEMIP",0.366084627347528
"_ACCAACAAGTTGGAGC-3","Glut-DACH2-HVCra-Int","Ex_DACH2_MGAT4C",0.254795588630283
"_ACCAACACAACCTAAC-3","Glut-DACH2-3","Ex_DACH2_SLIT2",0.780763662165127
"_ACCACAAAGCCTGGAA-3","Glut-DACH2-HVCra-Int","Ex_DACH2_LHX2",0.343683437798112
"_ACCACAACAATAACGA-3","Glut-DACH2-HVCx","Ex_DACH2_CEMIP",0.529778315136244
"_ACCACAAGTTCCTAAG-3","Glut-DACH2-HVCx","Ex_DACH2_CEMIP",0.707742245391938
"_ACCATTTAGTAACGAT-3","Glut-DACH2-HVCra","Ex_DACH2_MGAT4C",0.237869147992015
"_ACCATTTTCGTCGATA-3","Glut-DACH2-1","Ex_DACH2_GRIK4",0.653181340435489
"_ACCCAAACACACGCCA-3","Glut-DACH2-HVCx","Ex_DACH2_CEMIP",0.507216780205187
"_ACCCTCAGTGGATCAG-3","Glut-DACH2-HVCx","Ex_DACH2_CEMIP",0.555008970920413
"_ACCCTTGGTAGAGATT-3","Glut-DACH2-2","Ex_DACH2_LHX2",0.434452871125349
"_ACCCTTGGTAGGAGGG-3","Glut-DACH2-5","Ex_DACH2_LHX2",0.47376325750597
"_ACCGTTCAGAACGTGC-3","Glut-DACH2-HVCra","Ex_DACH2_GRIK4",0.598298885224942
"_ACCGTTCGTCGTGATT-3","Glut-DACH2-HVCra-Int","Ex_DACH2_LHX2",0.287586039208092
"_ACCGTTCGTGACATCT-3","Glut-DACH2-HVCx","Ex_DACH2_CEMIP",0.49466066310367
"_ACCGTTCGTGTGTCGC-3","Glut-DACH2-2","Ex_DACH2_LHX2",0.311985866751319
"_ACCGTTCTCGCAACAT-3","Glut-DACH2-HVCra","Ex_DACH2_ADAMTS5",0.291462553689463
"_ACCTACCAGGTGGGTT-3","Glut-DACH2-HVCx","Ex_CACNA1H_LHX9",0.254049831766789
"_ACCTACCTCTCCCATG-3","Glut-DACH2-HVCra","Ex_SATB2_SOX6",0.406976439175646
"_ACCTGAAAGGGCATGT-3","Glut-DACH2-HVCra-Int","Ex_DACH2_MGAT4C",0.487539959352478
"_ACCTGAACACAACGAG-3","Glut-DACH2-HVCra-Int","Ex_DACH2_GRIK4",0.257534253103216
"_ACCTGAAGTATGGTTC-3","Glut-DACH2-HVCra-Int","Ex_SATB2_FOXP2",0.426076234870654
"_ACCTGTCTCTTGGTGA-3","Glut-DACH2-HVCra-Int","Ex_SATB2_FOXP2",0.228912327562753
"_ACGATCAAGTTCAACC-3","Glut-DACH2-HVCra","Ex_DACH2_ADAMTS5",0.250667757978338
"_ACGATCAGTCCACATA-3","Glut-DACH2-1","Ex_DACH2_GRIK4",0.462353731193033
"_ACGATGTAGAACGTGC-3","Glut-DACH2-HVCra","Ex_DACH2_MGAT4C",0.197325267374551
"_ACGATGTAGGTTCACT-3","Glut-DACH2-HVCra-Int","Ex_DACH2_MGAT4C",0.358123331383448
"_ACGATGTAGTTTCAGC-3","Glut-DACH2-HVCra","Ex_SATB2_SOX6",0.460294699269201
"_ACGGAAGCATGAATCC-3","Glut-DACH2-2","Ex_DACH2_LHX2",0.288518785241437
"_ACGGGTCAGCCTCAAT-3","Glut-DACH2-2","Ex_DACH2_LHX2",0.397562179433539
"_ACGGGTCAGCTTACGT-3","Glut-DACH2-HVCra","Ex_SATB2_SOX6",0.443967630367058
"_ACGGGTCCAGATGCGA-3","Glut-DACH2-HVCx","Ex_DACH2_ITGA9",0.329352026043234
"_ACGGGTCCAGCGTATT-3","Glut-DACH2-HVCra-Int","Ex_DACH2_LHX2",0.555980939973877
"_ACGGGTCCAGGCTCTG-3","Glut-DACH2-HVCra-Int","Ex_DACH2_LHX2",0.28119485920558
"_ACGGGTCTCTCGCGTT-3","Glut-DACH2-HVCra-Int","Ex_DACH2_LHX2",0.617289473590158
"_ACGGTCGAGCAGCAGT-3","Glut-DACH2-2","Ex_DACH2_LHX2",0.681685058595172
"_ACGGTCGCAAGCGCAA-3","Glut-DACH2-HVCra-Int","Ex_DACH2_MGAT4C",0.533072602438088
"_ACGGTCGGTAGCGTTT-3","Glut-DACH2-2","Ex_DACH2_MGAT4C",0.29000134568179
"_ACGGTCGGTCGACTTA-3","Glut-DACH2-HVCra-Int","Ex_DACH2_MGAT4C",0.415876310379694
"_ACGGTTAAGAAGTCCG-3","Glut-DACH2-HVCra-Int","Ex_DACH2_ITGA9",0.32021087091848
"_ACGGTTAAGATACAGT-3","Glut-DACH2-HVCra-Int","Ex_DACH2_MGAT4C",0.242246462675655
"_ACGGTTAAGCTGCCAC-3","Glut-DACH2-HVCx","Ex_DACH2_CEMIP",0.444230994285972
"_ACGGTTACAGACCCGT-3","Glut-DACH2-HVCra","Ex_SATB2_SOX6",0.503116919889329
"_ACGGTTACAGGTTCGC-3","Glut-DACH2-HVCra","Ex_DACH2_LHX2",0.181990333721302
"_ACGTAACCAACCTAAC-3","Glut-DACH2-7","Ex_DACH2_GRIK4",0.373463264676423
"_ACGTAACTCGAAGCCC-3","Glut-DACH2-HVCra-Int","Ex_DACH2_LHX2",0.361731318517442
"_ACGTACAAGGAGAGGC-3","Glut-DACH2-HVCra-Int","Ex_DACH2_LHX2",0.559669111561627
"_ACGTACATCTCCAATT-3","Glut-DACH2-HVCx","Ex_DACH2_CEMIP",0.313730566217064
"_ACGTAGTTCAGCTGAT-3","Glut-DACH2-HVCra","Ex_SATB2_SOX6",0.378673783576732
"_ACGTTCCAGACGGAAA-3","Glut-DACH2-HVCra","Ex_DACH2_MGAT4C",0.296486472099694
"_ACTATCTAGTACCATC-3","Glut-DACH2-HVCra","Ex_DACH2_CEMIP",0.381877242066374
"_ACTATCTTCTCAACGA-3","Glut-DACH2-HVCra","Ex_SATB2_SOX6",0.292770465615641
"_ACTATGGAGTAATACG-3","Glut-DACH2-HVCx","Ex_DACH2_CEMIP",0.409368105419381
"_ACTATGGCACGCGGTT-3","Glut-DACH2-HVCra-Int","Ex_DACH2_LHX2",0.286261770481222
"_ACTATGGGTGGTATGG-3","Glut-DACH2-2","Ex_DACH2_LHX2",0.595267018782674
"_ACTATTCAGGAGTACC-3","Glut-DACH2-HVCra","Ex_SATB2_SOX6",0.734059879541171
"_ACTATTCCAAGGAGTC-3","Glut-DACH2-HVCx","Ex_DACH2_CEMIP",0.595550726735346
"_ACTATTCCATGTAACC-3","Glut-DACH2-2","Ex_DACH2_LHX2",0.297246552643793
"_ACTATTCGTTGCAAGG-3","Glut-DACH2-HVCra","Ex_DACH2_LHX2",0.279274890133144
"_ACTATTCTCGGCTGAC-3","Glut-DACH2-HVCra","Ex_SATB2_SOX6",0.289869710730077
"_ACTCCCAGTGATACAA-3","Glut-DACH2-HVCra-Int","Ex_DACH2_LHX2",0.319081829778198
"_ACTCCCATCCTACGGG-3","Glut-DACH2-HVCx","Ex_DACH2_CEMIP",0.497038904559269
"_ACTCTCGAGACTCATC-3","Glut-DACH2-HVCra-Int","Ex_DACH2_ADAMTS5",0.331740917589486
"_ACTCTCGGTGGCTAGA-3","Glut-DACH2-HVCra","Ex_SATB2_SOX6",0.491354116868994
"_ACTGATGCAAGTGATA-3","Glut-DACH2-HVCra","Ex_SATB2_OVOA",0.307755002332895
"_ACTGCAAGTGAGTTTC-3","Glut-DACH2-HVCra-Int","Ex_DACH2_GRIK4",0.26319851071949
"_ACTGTCCAGTATAGAC-3","Glut-DACH2-HVCra-Int","Ex_DACH2_GRIK4",0.432606594919062
"_ACTGTCCCACAGCGCT-3","Glut-DACH2-2","Ex_DACH2_LHX2",0.642869639670796
"_ACTGTGACACTCCCTA-3","Glut-DACH2-HVCra","Ex_SATB2_SOX6",0.472066110413125
"_ACTGTGACATGATAGA-3","Glut-DACH2-2","Ex_DACH2_LHX2",0.55998735288726
"_ACTGTGAGTAACGTTC-3","Glut-DACH2-HVCra","Ex_DACH2_MGAT4C",0.309829539207213
"_ACTTAGGGTCCACGCA-3","Glut-DACH2-HVCra","Ex_SATB2_SOX6",0.206012936188724
"_ACTTAGGTCTCGCAGG-3","Glut-DACH2-HVCx","Ex_DACH2_ITGA9",0.235489767895043
"_ACTTATCAGTTTGAGA-3","Glut-DACH2-HVCra","Ex_SATB2_SOX6",0.272500274816306
"_ACTTCCGAGCCGTTAT-3","Glut-DACH2-HVCra","Ex_DACH2_ADAMTS5",0.356897556709151
"_ACTTCGCAGTACTGTC-3","Glut-DACH2-HVCra","Ex_SATB2_SOX6",0.436142757212716
"_ACTTCGCCACGTACAT-3","Glut-DACH2-1","Ex_DACH2_LHX2",0.560962049926486
"_ACTTCGCCAGTTACCA-3","Glut-DACH2-HVCra","Ex_SATB2_SOX6",0.40375661614589
"_ACTTCGCTCATTCATC-3","Glut-DACH2-HVCra-Int","Ex_DACH2_LHX2",0.571112144556493
"_ACTTTCAGTACAGAAT-3","Glut-DACH2-HVCra-Int","Ex_DACH2_MGAT4C",0.368463044510317
"_ACTTTGTAGTAGTCAA-3","Glut-DACH2-2","Ex_DACH2_LHX2",0.475375197032876
"_ACTTTGTAGTGTACCT-3","Glut-DACH2-HVCra-Int","Ex_DACH2_LHX2",0.630735475488432
"_ACTTTGTGTTGGCCGT-3","Glut-DACH2-HVCra-Int","Ex_DACH2_GRIK4",0.24602694263606
"_AGAACAAGTATCCTTT-3","Glut-DACH2-HVCra-Int","Ex_DACH2_LHX2",0.498474934066832
"_AGAACAATCTCCGCAT-3","Glut-DACH2-HVCra","Ex_SATB2_SOX6",0.637907736607711
"_AGAACCTCAGTGGGTA-3","Glut-DACH2-HVCra-Int","Ex_DACH2_LHX2",0.392386353019203
"_AGAACCTTCTCGTTTA-3","Glut-DACH2-HVCra-Int","Ex_DACH2_LHX2",0.544617926277843
"_AGAAGCGAGCTTGTGT-3","Glut-DACH2-2","Ex_DACH2_LHX2",0.561123902688702
"_AGAAGCGCATTCGATG-3","Glut-DACH2-HVCra-Int","Ex_SATB2_FOXP2",0.290899179933419
"_AGAAGCGGTATGCGTT-3","Glut-DACH2-2","Ex_DACH2_LHX2",0.384093514684788
"_AGAAGCGGTGGTTTAC-3","Glut-DACH2-2","Ex_DACH2_LHX2",0.618216259969974
"_AGAAGCGTCACCTGTC-3","Glut-DACH2-HVCx","Ex_DACH2_CEMIP",0.586167929598636
"_AGAAGCGTCCTCCACA-3","Glut-DACH2-HVCra-Int","Ex_DACH2_MGAT4C",0.351549854493426
"_AGAAGCGTCGCTCCTA-3","Glut-DACH2-HVCra-Int","Ex_DACH2_GRIK4",0.297030910696369
"_AGAAGTACATCTAACG-3","Glut-DACH2-HVCra","Ex_DACH2_MGAT4C",0.283717160550503
"_AGAAGTACATTCAGCA-3","Glut-DACH2-HVCra-Int","Ex_DACH2_MGAT4C",0.439498583954564
"_AGAAGTAGTATCGCTA-3","Glut-DACH2-HVCra","Ex_DACH2_CEMIP",0.218111710345007
"_AGAAGTATCGTGACTA-3","Glut-DACH2-2","Ex_DACH2_LUZP2",0.384699438932817
"_AGAAGTATCGTGGAAG-3","Glut-DACH2-HVCra-Int","Ex_DACH2_LHX2",0.38147951857571
"_AGACAAAAGGTGCGAT-3","Glut-DACH2-HVCra","Ex_SATB2_SOX6",0.301622902418778
"_AGACAAAGTTAAGGAT-3","Glut-DACH2-HVCra","Ex_SATB2_SOX6",0.478458281412426
"_AGACACTCACATTACG-3","Glut-DACH2-2","Ex_DACH2_LHX2",0.563808011701614
"_AGACAGGAGAGGTATT-3","Glut-DACH2-HVCra","Ex_SATB2_SOX6",0.409876957671589
"_AGACAGGAGCAGGCAT-3","Glut-DACH2-HVCra","Ex_SATB2_SOX6",0.594381234315942
"_AGACAGGAGCAGTAAT-3","Glut-DACH2-HVCra","Ex_SATB2_SOX6",0.362194776302636
"_AGACAGGCATGAAAGT-3","Glut-DACH2-HVCx","Ex_DACH2_CEMIP",0.325492350118859
"_AGACAGGGTTACCTGA-3","Glut-DACH2-HVCra","Ex_DACH2_CEMIP",0.289507405602094
"_AGACAGGTCACTGAAC-3","Glut-DACH2-HVCx","Ex_DACH2_CEMIP",0.417632244348661
"_AGACCATAGCGGACAT-3","Glut-DACH2-HVCra-Int","Ex_DACH2_LHX2",0.607039194645993
"_AGACCATCAGGTCAAG-3","Glut-DACH2-HVCra","Ex_SATB2_SOX6",0.596815827878795
"_AGACCATGTCGGTACC-3","Glut-DACH2-HVCra","Ex_DACH2_GRIK4",0.189434083312633
"_AGACCCGAGCGCCTCA-3","Glut-DACH2-2","Ex_DACH2_LHX2",0.406339058150843
"_AGACCCGCAGGCTACC-3","Glut-DACH2-HVCra-Int","Ex_DACH2_LHX2",0.384373538620311
"_AGACCCGCATAAGCAA-3","Glut-DACH2-HVCra","Ex_SATB2_SOX6",0.263621397194386
"_AGACTCAAGAAGTCTA-3","Glut-DACH2-HVCra","Ex_SATB2_OVOA",0.250143454769392
"_AGACTCACACTCGATA-3","Glut-DACH2-HVCra","Ex_SATB2_OVOA",0.335100750832049
"_AGACTCATCAGTAGGG-3","Glut-DACH2-HVCra-Int","Ex_DACH2_MGAT4C",0.312465383839306
"_AGACTCATCGGCTGGT-3","Glut-DACH2-HVCra","Ex_SATB2_SOX6",0.582347992340356
"_AGAGAATAGAGCAGCT-3","Glut-DACH2-5","Ex_DACH2_LHX2",0.575043415113776
"_AGAGAATCAAGTCCAT-3","Glut-DACH2-HVCra","Ex_SATB2_SOX6",0.452813348715627
"_AGAGAGCAGAGTGAAG-3","Glut-DACH2-2","Ex_DACH2_LHX2",0.575128953794881
"_AGAGAGCAGATCACTC-3","Glut-DACH2-HVCra","Ex_DACH2_GRIK4",0.234479054342203
"_AGAGCCCAGCTGGTGA-3","Glut-DACH2-HVCx","Ex_DACH2_CEMIP",0.605181322124064
"_AGAGCCCGTTGCAACT-3","Glut-DACH2-HVCra-Int","Ex_DACH2_MGAT4C",0.247795181173231
"_AGATAGACAACATCGT-3","Glut-DACH2-HVCra-Int","Ex_DACH2_GRIK4",0.234958629397746
"_AGATAGACAAGATTGA-3","Glut-DACH2-1","Ex_DACH2_NR4A3",0.364899179386399
"_AGATCCAAGTCTTCCC-3","Glut-DACH2-1","Ex_DACH2_NR4A3",0.792631880286549
"_AGATCGTAGTAGGATT-3","Glut-DACH2-2","Ex_DACH2_LHX2",0.665816983672129
"_AGATGAAAGTGAATAC-3","Glut-DACH2-HVCra-Int","Ex_DACH2_MGAT4C",0.311137945610115
"_AGATGAATCGCAGTCG-3","Glut-DACH2-HVCra-Int","Ex_SATB2_SOX6",0.282295157735229
"_AGATGCTAGTGGACGT-3","Glut-DACH2-HVCra","Ex_SATB2_SOX6",0.488365932587738
"_AGATGCTCACAAATAG-3","Glut-DACH2-HVCra","Ex_DACH2_MGAT4C",0.309121390672686
"_AGATGCTTCAGCCTTC-3","Glut-DACH2-HVCra-Int","Ex_DACH2_LHX2",0.640130691946689
"_AGATGCTTCGTAGTGT-3","Glut-DACH2-5","Ex_DACH2_LHX2",0.309077522052611
"_AGCATCACAATCTCGA-3","Glut-DACH2-HVCra","Ex_SATB2_SOX6",0.475736850670411
"_AGCATCATCCCAGTGG-3","Glut-DACH2-HVCra-Int","Ex_DACH2_LHX2",0.444300311553545
"_AGCCAATTCACCATAG-3","Glut-DACH2-2","Ex_DACH2_LHX2",0.539699654917971
"_AGCCAATTCTCGTGGG-3","Glut-DACH2-HVCra","Ex_SATB2_SOX6",0.511553559560076
"_AGCCAATTCTTGGATG-3","Glut-DACH2-HVCx","Ex_DACH2_CEMIP",0.46704066216088
"_AGCCACGCAATAGGAT-3","Glut-DACH2-HVCra","Ex_DACH2_CEMIP",0.445452150238421
"_AGCCAGCAGCCATGCC-3","Glut-DACH2-HVCra-Int","Ex_DACH2_LHX2",0.60411224676824
"_AGCCAGCCAATCTGCA-3","Glut-DACH2-4","Ex_DACH2_ITGA9",0.305192748772898
"_AGCCAGCGTATTCTCT-3","Glut-DACH2-HVCra-Int","Ex_SATB2_FOXP2",0.447526153253153
"_AGCGATTAGCTGACCC-3","Glut-DACH2-HVCra-Int","Ex_DACH2_ADAMTS5",0.27277689837959
"_AGCGATTCACGGTAGA-3","Glut-DACH2-HVCra-Int","Ex_DACH2_LHX2",0.387281810685959
"_AGCGATTCATGCGTGC-3","Glut-DACH2-HVCra-Int","Ex_DACH2_MGAT4C",0.415516207391868
"_AGCGATTGTAAGGCTG-3","Glut-DACH2-HVCra","Ex_DACH2_ADAMTS5",0.227530937588049
"_AGCGCCAAGAATAGTC-3","Glut-DACH2-4","Ex_DACH2_NR4A3",0.263104923220613
"_AGCGCCAAGACATGCG-3","Glut-DACH2-HVCx","Ex_DACH2_CEMIP",0.511378814019942
"_AGCGCCAAGACGTCGA-3","Glut-DACH2-HVCra","Ex_SATB2_SOX6",0.536898140434845
"_AGCGCCAGTGTCTCCT-3","Glut-DACH2-HVCra-Int","Ex_DACH2_LHX2",0.36245608737472
"_AGCGCCAGTTACGCCG-3","Glut-DACH2-HVCra-Int","Ex_SATB2_FOXP2",0.303042503498613
"_AGCGCTGAGAATCGTA-3","Glut-DACH2-4","Ex_DACH2_ADAMTS5",0.320969168123236
"_AGCGTATCAAGGTTGG-3","Glut-DACH2-2","Ex_DACH2_LHX2",0.566736982338092
"_AGCGTATCAATCGCCG-3","Glut-DACH2-HVCx","Ex_DACH2_CEMIP",0.521131576865843
"_AGCGTATGTCCTGGGT-3","Glut-DACH2-HVCra-Int","Ex_DACH2_LHX2",0.446194042340906
"_AGCGTATGTTCCTAGA-3","Glut-DACH2-HVCx","Ex_DACH2_CEMIP",0.397271987634985
"_AGCGTATTCGCGATCG-3","Glut-DACH2-HVCra-Int","Ex_DACH2_GRIK4",0.319092150419984
"_AGCGTCGCAACCTAAC-3","Glut-DACH2-HVCx","Ex_DACH2_CEMIP",0.52696887097135
"_AGCTTCCTCAGATTGC-3","Glut-DACH2-HVCra","Ex_DACH2_MGAT4C",0.205868865049222
"_AGGAAATAGGGACCAT-3","Glut-DACH2-HVCra-Int","Ex_DACH2_LHX2",0.326645528900024
"_AGGAAATGTAGAGACC-3","Glut-DACH2-2","Ex_DACH2_LHX2",0.614376526111972
"_AGGACGATCGTGCAGC-3","Glut-DACH2-HVCra","Ex_SATB2_SOX6",0.257712972610951
"_AGGACTTCAGCCTATA-3","Glut-DACH2-2","Ex_DACH2_MGAT4C",0.285993724030208
"_AGGACTTCATCAACCA-3","Glut-DACH2-1","Ex_DACH2_LHX2",0.560031242641768
"_AGGACTTCATCTAACG-3","Glut-DACH2-1","Ex_DACH2_GRIK4",0.569247517804169
"_AGGACTTTCATGGCCG-3","Glut-DACH2-4","Ex_DACH2_ITGA9",0.35051845418286
"_AGGACTTTCCATTGCC-3","Glut-DACH2-2","Ex_DACH2_LHX2",0.447511827111582
"_AGGAGGTAGTGGAATT-3","Glut-DACH2-2","Ex_DACH2_LHX2",0.540587192632906
"_AGGAGGTCAAGACGAC-3","Glut-DACH2-HVCra-Int","Ex_DACH2_LHX2",0.42360397723823
"_AGGAGGTGTCGTTTCC-3","Glut-DACH2-HVCra-Int","Ex_DACH2_MGAT4C",0.547544225220704
"_AGGAGGTTCATGCATG-3","Glut-DACH2-HVCx","Ex_DACH2_CEMIP",0.641399993324725
"_AGGATAAAGGAAAGAC-3","Glut-DACH2-2","Ex_DACH2_MGAT4C",0.403712112057875
"_AGGATAAGTTGAGGAC-3","Glut-DACH2-2","Ex_DACH2_LHX2",0.633069738938727
"_AGGATAATCACCGGGT-3","Glut-DACH2-HVCra-Int","Ex_DACH2_ADAMTS5",0.22707484735071
"_AGGATAATCATTGAGC-3","Glut-DACH2-HVCra","Ex_SATB2_SOX6",0.520988017032464
"_AGGATCTCAACCACGC-3","Glut-DACH2-HVCra-Int","Ex_SATB2_FOXP2",0.346501635453142
"_AGGATCTTCGGATACT-3","Glut-DACH2-HVCra","Ex_SATB2_SOX6",0.565185121879032
"_AGGCATTGTGAGATCG-3","Glut-DACH2-HVCra-Int","Ex_DACH2_MGAT4C",0.257574031383354
"_AGGCATTTCCCGATCT-3","Glut-DACH2-HVCra-Int","Ex_DACH2_LHX2",0.563770139222611
"_AGGCATTTCGACCACG-3","Glut-DACH2-HVCra","Ex_SATB2_SOX6",0.477310965775322
"_AGGCCACAGGGTTTCT-3","Glut-DACH2-HVCra","Ex_BCL6",0.266889024616037
"_AGGCTGCAGGACTAAT-3","Glut-DACH2-HVCra-Int","Ex_DACH2_MGAT4C",0.312993131507377
"_AGGCTGCCACAAAGTA-3","Glut-DACH2-HVCra-Int","Ex_DACH2_LUZP2",0.300785577040205
"_AGGCTGCCATGTCAGT-3","Glut-DACH2-HVCra-Int","Ex_DACH2_LHX2",0.456816111982676
"_AGGCTGCGTTGTTGAC-3","Glut-DACH2-HVCra-Int","Ex_DACH2_LHX2",0.423871476536164
"_AGGGAGTCACAGTCAT-3","Glut-DACH2-HVCra","Ex_SATB2_SOX6",0.220541318349975
"_AGGGCCTAGTAATTGG-3","Glut-DACH2-4","Ex_DACH2_NR4A3",0.497316682452012
"_AGGGCCTCACCTGAAT-3","Glut-DACH2-HVCx","Ex_SATB2_SOX6",0.337593239803391
"_AGGGCCTTCGCGTAGC-3","Glut-DACH2-2","Ex_DACH2_LHX2",0.449173264101909
"_AGGGTCCGTACGAGTG-3","Glut-DACH2-4","Ex_DACH2_NR4A3",0.381050914714813
"_AGGGTGAAGAGCAGTC-3","Glut-DACH2-2","Ex_DACH2_LHX2",0.481889691251422
"_AGGGTGACACCTGCAG-3","Glut-DACH2-HVCra","Ex_SATB2_OVOA",0.250240632244797
"_AGGGTGACATAGATGA-3","Glut-DACH2-HVCra","Ex_SATB2_SOX6",0.435416100236253
"_AGGGTTTAGCTGAAGC-3","Glut-DACH2-HVCra","Ex_BCL6",0.303970357000601
"_AGGGTTTCACAAATGA-3","Glut-DACH2-HVCra","Ex_SATB2_OVOA",0.279757966343512
"_AGGGTTTGTGGTCTAT-3","Glut-DACH2-HVCra","Ex_SATB2_FOXP2",0.46417492565141
"_AGGTAGGGTAAGTTAG-3","Glut-DACH2-2","Ex_DACH2_MGAT4C",0.34594159670046
"_AGGTAGGGTACCCAGC-3","Glut-DACH2-HVCx","Ex_DACH2_CEMIP",0.459542970747041
"_AGGTAGGGTAGATCGG-3","Glut-DACH2-HVCra-Int","Ex_DACH2_MGAT4C",0.397015151070129
"_AGGTAGGTCACGATCA-3","Glut-DACH2-HVCra","Ex_DACH2_ADAMTS5",0.212730724075248
"_AGGTCATCACAGCATT-3","Glut-DACH2-HVCra-Int","Ex_DACH2_MGAT4C",0.385158085653037
"_AGGTCTAAGAGTTCGG-3","Glut-DACH2-HVCra-Int","Ex_DACH2_LHX2",0.344123486668708
"_AGGTCTACAGTTGTTG-3","Glut-DACH2-HVCra","Ex_SATB2_SOX6",0.379343199350022
"_AGGTCTATCGGCTGTG-3","Glut-DACH2-2","Ex_DACH2_LHX2",0.34479098340926
"_AGGTGTTAGCACTCGC-3","Glut-DACH2-HVCra","Ex_BCL6",0.319581938517599
"_AGGTGTTAGGGTAGCT-3","Glut-DACH2-HVCra-Int","Ex_DACH2_MGAT4C",0.248295771298665
"_AGGTGTTTCATTGCTT-3","Glut-DACH2-HVCra","Ex_SATB2_SOX6",0.268374945231824
"_AGGTTACAGCTGTTCA-3","Glut-DACH2-HVCra-Int","Ex_DACH2_LHX2",0.469730226490313
"_AGGTTACGTTTGTTCT-3","Glut-DACH2-HVCra","Ex_SATB2_SOX6",0.435075087093502
"_AGGTTACTCCTGGGTG-3","Glut-DACH2-HVCx","Ex_DACH2_CEMIP",0.255871109867436
"_AGGTTGTCACGCTGCA-3","Glut-DACH2-HVCra","Ex_SATB2_SOX6",0.308388202291641
"_AGGTTGTCATCGCCTT-3","Glut-DACH2-1","Ex_DACH2_GRIK4",0.542679434442825
"_AGGTTGTGTTTGTTGG-3","Glut-DACH2-1","Ex_DACH2_LHX2",0.703483161006313
"_AGGTTGTTCCTGTTAT-3","Glut-DACH2-HVCra-Int","Ex_DACH2_MGAT4C",0.356154629204709
"_AGTAACCCAGAAGCTG-3","Glut-DACH2-2","Ex_DACH2_LHX2",0.344908495959781
"_AGTAACCCATCCAACA-3","Glut-DACH2-HVCra-Int","Ex_DACH2_MGAT4C",0.503135604626481
"_AGTACCACATACACCA-3","Glut-DACH2-HVCx","Ex_DACH2_GRIK4",0.168695185556284
"_AGTACCAGTCATAAAG-3","Glut-DACH2-HVCx","Ex_DACH2_CEMIP",0.510889316959766
"_AGTACTGTCACGTCCT-3","Glut-DACH2-HVCra","Ex_DACH2_MGAT4C",0.165290248831554
"_AGTAGCTCAACAGTGG-3","Glut-DACH2-2","Ex_DACH2_LHX2",0.490207481919559
"_AGTAGCTCATCAGTGT-3","Glut-DACH2-HVCra","Ex_DACH2_MGAT4C",0.218462076122953
"_AGTAGCTCATTGAGCT-3","Glut-DACH2-HVCx","Ex_SATB2_OVOA",0.196412382757091
"_AGTAGCTGTAATGTGA-3","Glut-DACH2-HVCra-Int","Ex_DACH2_MGAT4C",0.457857590158187
"_AGTAGTCAGCTAATGA-3","Glut-DACH2-HVCx","Ex_DACH2_CEMIP",0.289138479110251
"_AGTAGTCTCGGTATGT-3","Glut-DACH2-HVCra-Int","Ex_DACH2_MGAT4C",0.470230902868035
"_AGTCAACAGTTCAACC-3","Glut-DACH2-2","Ex_DACH2_MGAT4C",0.301513106811793
"_AGTCAACGTCACTGAT-3","Glut-DACH2-HVCra-Int","Ex_DACH2_MGAT4C",0.321243025905698
"_AGTCAACGTGAACGGT-3","Glut-DACH2-HVCra-Int","Ex_DACH2_LHX2",0.642199391376152
"_AGTCAACTCGGTGTAT-3","Glut-DACH2-HVCx","Ex_DACH2_CEMIP",0.511794238361267
"_AGTCACAAGGTTACCT-3","Glut-DACH2-HVCra","Ex_BCL6",0.250059009534014
"_AGTCACAAGTCATGGG-3","Glut-DACH2-HVCra","Ex_SATB2_SOX6",0.50857696743899
"_AGTCACACAAAGAACT-3","Glut-DACH2-HVCx","Ex_DACH2_CEMIP",0.749845364742826
"_AGTCACAGTTCCAGGC-3","Glut-DACH2-HVCra-Int","Ex_DACH2_LHX2",0.513232368476425
"_AGTCTCCAGAGTCTTC-3","Glut-DACH2-HVCra","Ex_DACH2_LHX2",0.216027950844944
"_AGTCTCCTCAGAGTTC-3","Glut-DACH2-HVCra-Int","Ex_DACH2_LHX2",0.376253267512798
"_AGTCTCCTCCCTGTTG-3","Glut-DACH2-HVCx","Ex_DACH2_CEMIP",0.319097064964032
"_AGTGACTTCTGGCCGA-3","Glut-DACH2-HVCra","Ex_DACH2_CEMIP",0.345074127602191
"_AGTGATCAGCTCCGAC-3","Glut-DACH2-HVCra","Ex_SATB2_SOX6",0.459678431184682
"_AGTGATCAGGCCTAAG-3","Glut-DACH2-HVCra-Int","Ex_DACH2_MGAT4C",0.209129569406782
"_AGTGATCAGTTAGAAC-3","Glut-DACH2-HVCra","Ex_DACH2_CEMIP",0.293784114467397
"_AGTGCCGCAATGGGTG-3","Glut-DACH2-HVCra","Ex_SATB2_SOX6",0.395353005048891
"_AGTGTTGGTACCCGCA-3","Glut-DACH2-HVCra-Int","Ex_DACH2_MGAT4C",0.398163850438347
"_AGTGTTGGTGGCAACA-3","Glut-DACH2-HVCra","Ex_SATB2_SOX6",0.451787328668811
"_AGTTAGCAGATCCGAG-3","Glut-DACH2-HVCra-Int","Ex_DACH2_LHX2",0.407411711460807
"_AGTTAGCCATAGAGGC-3","Glut-DACH2-HVCx","Ex_SATB2_SOX6",0.229619672001343
"_AGTTAGCGTGAGCGAT-3","Glut-DACH2-HVCra-Int","Ex_DACH2_LHX2",0.400226236440084
"_AGTTAGCGTTGGGTTT-3","Glut-DACH2-HVCra-Int","Ex_DACH2_MGAT4C",0.4216980584379
"_AGTTAGCTCCATCAGA-3","Glut-DACH2-HVCra","Ex_SATB2_SOX6",0.410997935618177
"_AGTTAGCTCCCATTTA-3","Glut-DACH2-HVCra-Int","Ex_DACH2_MGAT4C",0.478355536027947
"_AGTTCCCAGCTAGAAT-3","Glut-DACH2-HVCra","Ex_SATB2_SOX6",0.281472966346125
"_AGTTCCCCAGGCACTC-3","Glut-DACH2-2","Ex_DACH2_LHX2",0.55340643862707
"_AGTTCCCCATGACACT-3","Glut-DACH2-HVCra-Int","Ex_DACH2_MGAT4C",0.432307724406069
"_AGTTCGAGTTTCGGCG-3","Glut-DACH2-HVCra","Ex_DACH2_NR4A3",0.164233785178254
"_ATACCGAAGCCGTAAG-3","Glut-DACH2-HVCra","Ex_SATB2_SOX6",0.586772124248802
"_ATACCGACAAGAATGT-3","Glut-DACH2-HVCx","Ex_DACH2_CEMIP",0.610371821604785
"_ATACCTTCAAGCCATT-3","Glut-DACH2-HVCra","Ex_DACH2_GRIK4",0.223987450422762
"_ATACTTCAGCAAATCA-3","Glut-DACH2-HVCx","Ex_CACNA1H_LHX9",0.288394062288719
"_ATACTTCCAAATAGCA-3","Glut-DACH2-HVCra","Ex_DACH2_ITGA9",0.257475411620045
"_ATACTTCCAGCAATTC-3","Glut-DACH2-2","Ex_DACH2_GRIK4",0.344341507164548
"_ATACTTCTCTGGGTCG-3","Glut-DACH2-2","Ex_DACH2_LHX2",0.37886670133684
"_ATAGACCAGATGTTAG-3","Glut-DACH2-HVCra","Ex_SATB2_SOX6",0.317804363069682
"_ATAGACCAGGCCCACT-3","Glut-DACH2-HVCx","Ex_DACH2_CEMIP",0.596150740341539
"_ATAGACCCAGCTACAT-3","Glut-DACH2-HVCra","Ex_SATB2_SOX6",0.252121165668177
"_ATAGACCCATTGAAGA-3","Glut-DACH2-HVCra-Int","Ex_DACH2_ADAMTS5",0.192468727454093
"_ATAGGCTAGGCTCAAG-3","Glut-DACH2-HVCra","Ex_SATB2_SOX6",0.369943105371459
"_ATAGGCTCAGGCTATT-3","Glut-DACH2-HVCra-Int","Ex_DACH2_MGAT4C",0.431003590651744
"_ATAGGCTGTACGAGCA-3","Glut-DACH2-HVCra","Ex_SATB2_SOX6",0.289464926304248
"_ATATCCTCAGGCGATA-3","Glut-DACH2-HVCra-Int","Ex_DACH2_MGAT4C",0.292702114518825
"_ATATCCTGTCTCGGAC-3","Glut-DACH2-HVCra-Int","Ex_DACH2_MGAT4C",0.27571000567446
"_ATATCCTTCGGTAGGA-3","Glut-DACH2-HVCra","Ex_SATB2_SOX6",0.253424913872782
"_ATCACAGGTGCCTACG-3","Glut-DACH2-HVCra-Int","Ex_DACH2_LHX2",0.278297850254893
"_ATCACAGTCCTTTGAT-3","Glut-DACH2-2","Ex_DACH2_ADAMTS5",0.281680211774303
"_ATCACGAAGGCTAAAT-3","Glut-DACH2-HVCra-Int","Ex_DACH2_GRIK4",0.409354857803147
"_ATCACGATCGCTTGAA-3","Glut-DACH2-HVCra","Ex_SATB2_SOX6",0.336853273343351
"_ATCACGATCGTCAGAT-3","Glut-DACH2-HVCra","Ex_SATB2_SOX6",0.652140923826691
"_ATCACTTGTGGTCTTA-3","Glut-DACH2-2","Ex_DACH2_LHX2",0.640049497557015
"_ATCACTTGTTGCTCGG-3","Glut-DACH2-HVCra","Ex_BCL6",0.507148130508112
"_ATCACTTTCACAGTGT-3","Glut-DACH2-2","Ex_DACH2_LHX2",0.294407378154331
"_ATCACTTTCACGGGCT-3","Glut-DACH2-HVCra","Ex_SATB2_SOX6",0.429853312725081
"_ATCAGGTGTAACGTTC-3","Glut-DACH2-HVCra","Ex_SATB2_SOX6",0.558688551180886
"_ATCAGGTTCAGACCGC-3","Glut-DACH2-HVCra-Int","Ex_DACH2_MGAT4C",0.420886243838497
"_ATCATTCAGAATTGTG-3","Glut-DACH2-HVCra","Ex_SATB2_SOX6",0.427851376993304
"_ATCATTCAGTGATTCC-3","Glut-DACH2-HVCx","Ex_DACH2_CEMIP",0.677894948277733
"_ATCATTCCAGGAAGTC-3","Glut-DACH2-HVCra-Int","Ex_DACH2_MGAT4C",0.325936853237004
"_ATCATTCCATAGGAGC-3","Glut-DACH2-HVCx","Ex_DACH2_CEMIP",0.199787661274187
"_ATCATTCGTCGCTTGG-3","Glut-DACH2-2","Ex_DACH2_LHX2",0.460170701426154
"_ATCCACCAGAGCTTTC-3","Glut-DACH2-HVCra-Int","Ex_DACH2_MGAT4C",0.233579687156489
"_ATCCACCAGAGTCACG-3","Glut-DACH2-2","Ex_DACH2_LHX2",0.39237197514539
"_ATCCACCCAGGCCCTA-3","Glut-DACH2-HVCra","Ex_SATB2_SOX6",0.374728555694956
"_ATCCATTAGTCATACC-3","Glut-DACH2-HVCra-Int","Ex_DACH2_LHX2",0.405609760533874
"_ATCCATTCACCCAATA-3","Glut-DACH2-HVCra","Ex_BCL6",0.28459216597174
"_ATCCATTCAGATCCAT-3","Glut-DACH2-4","Ex_DACH2_NR4A3",0.323803603314457
"_ATCCATTGTTGCTTGA-3","Glut-DACH2-HVCra","Ex_DACH2_GRIK4",0.60382329977807
"_ATCCCTGCACATATGC-3","Glut-DACH2-HVCra-Int","Ex_DACH2_MGAT4C",0.401125200110482
"_ATCCCTGCATGCCGGT-3","Glut-DACH2-HVCra-Int","Ex_DACH2_MGAT4C",0.236776949272476
"_ATCCCTGTCACACCCT-3","Glut-DACH2-2","Ex_DACH2_MGAT4C",0.288260549538339
"_ATCCGTCAGCGACTAG-3","Glut-DACH2-HVCra-Int","Ex_DACH2_LHX2",0.55521320348163
"_ATCCGTCGTAAGAACT-3","Glut-DACH2-2","Ex_DACH2_NR4A3",0.50704733754686
"_ATCCGTCGTTATTCTC-3","Glut-DACH2-HVCra","Ex_SATB2_SOX6",0.388297064965048
"_ATCGATGGTCAAGGCA-3","Glut-DACH2-2","Ex_DACH2_MGAT4C",0.493399325452696
"_ATCGATGGTCGTATTG-3","Glut-DACH2-HVCra","Ex_SATB2_SOX6",0.470686803501643
"_ATCGCCTCACTGCACG-3","Glut-DACH2-2","Ex_DACH2_NR4A3",0.323731347764849
"_ATCGCCTCATCGGATT-3","Glut-DACH2-HVCra","Ex_SATB2_ZNF385B",0.393506186573339
"_ATCGCCTGTCATCGCG-3","Glut-DACH2-2","Ex_DACH2_LHX2",0.394912986970092
"_ATCGCCTTCTGGGTCG-3","Glut-DACH2-HVCra","Ex_DACH2_MGAT4C",0.299063555169236
"_ATCGGATCAAGAGTGC-3","Glut-DACH2-2","Ex_DACH2_LHX2",0.420419686638374
"_ATCGGATCACACCAGC-3","Glut-DACH2-2","Ex_DACH2_MGAT4C",0.4393107459121
"_ATCGGCGGTCGACGCT-3","Glut-DACH2-1","Ex_DACH2_GRIK4",0.738474030091689
"_ATCGGCGGTTCTGAGT-3","Glut-DACH2-HVCra","Ex_SATB2_SOX6",0.576332192472875
"_ATCGTAGAGCGTTCCG-3","Glut-DACH2-HVCra-Int","Ex_DACH2_GRIK4",0.458111909875789
"_ATCGTAGAGTTGAATG-3","Glut-DACH2-HVCra-Int","Ex_DACH2_ADAMTS5",0.340071023488064
"_ATCGTAGGTACTGTTG-3","Glut-DACH2-HVCra-Int","Ex_DACH2_NR4A3",0.411946327502667
"_ATCGTAGGTTACACAC-3","Glut-DACH2-HVCra-Int","Ex_DACH2_MGAT4C",0.26353223903226
"_ATCGTAGTCCCGTGAG-3","Glut-DACH2-HVCra-Int","Ex_DACH2_LHX2",0.592442057203034
"_ATCGTCCCAGGCGATA-3","Glut-DACH2-2","Ex_DACH2_MGAT4C",0.458683490844481
"_ATCGTCCCAGGGACTA-3","Glut-DACH2-2","Ex_DACH2_LHX2",0.507762455006352
"_ATCGTCCTCCGTCCTA-3","Glut-DACH2-2","Ex_DACH2_MGAT4C",0.256007826727336
"_ATCGTGACAAGTTCGT-3","Glut-DACH2-HVCra-Int","Ex_DACH2_MGAT4C",0.312446134759018
"_ATCTCTATCCCAATAG-3","Glut-DACH2-2","Ex_DACH2_MGAT4C",0.339875026392462
"_ATCTTCAAGACATACA-3","Glut-DACH2-2","Ex_DACH2_LHX2",0.604353250825611
"_ATCTTCAGTGAACGGT-3","Glut-DACH2-HVCx","Ex_DACH2_CEMIP",0.456248405088594
"_ATGAAAGGTAGGCAAC-3","Glut-DACH2-HVCra","Ex_SATB2_SOX6",0.537920544322983
"_ATGAAAGGTTGATCGT-3","Glut-DACH2-1","Ex_DACH2_NR4A3",0.739957077390713
"_ATGAAAGTCCTATGGA-3","Glut-DACH2-HVCra","Ex_DACH2_LHX2",0.470584431811832
"_ATGAGGGAGGTCTACT-3","Glut-DACH2-2","Ex_DACH2_LHX2",0.605883777695714
"_ATGAGGGAGTTTCGGT-3","Glut-DACH2-HVCra","Ex_SATB2_SOX6",0.387101749400695
"_ATGAGGGCAAGAAACT-3","Glut-DACH2-HVCx","Ex_DACH2_CEMIP",0.25019772842379
"_ATGAGGGCAGGTGACA-3","Glut-DACH2-HVCra-Int","Ex_DACH2_LHX2",0.297759902842435
"_ATGATCGGTACAATAG-3","Glut-DACH2-HVCra","Ex_SATB2_SOX6",0.268379292992137
"_ATGATCGGTCCTGTCT-3","Glut-DACH2-2","Ex_DACH2_LHX2",0.612096793878751
"_ATGATCGTCGACTCCT-3","Glut-DACH2-HVCra-Int","Ex_SATB2_FOXP2",0.439806523503476
"_ATGCATGTCTCAGGCG-3","Glut-DACH2-HVCra","Ex_DACH2_MGAT4C",0.285306229856444
"_ATGCCTCCACATATGC-3","Glut-DACH2-HVCra","Ex_SATB2_SOX6",0.378198163649384
"_ATGCGATGTACTGCGC-3","Glut-DACH2-HVCra-Int","Ex_DACH2_MGAT4C",0.558268136269427
"_ATGGAGGAGGTTAGTA-3","Glut-DACH2-2","Ex_DACH2_LHX2",0.534660785958481
"_ATGGAGGCATCATCCC-3","Glut-DACH2-HVCra","Ex_SATB2_SOX6",0.319210109217898
"_ATGGAGGGTTACACAC-3","Glut-DACH2-HVCra-Int","Ex_DACH2_MGAT4C",0.450759169564373
"_ATGGAGGTCACGATCA-3","Glut-DACH2-2","Ex_DACH2_MGAT4C",0.400443559662123
"_ATGGATCAGCTGGCCT-3","Glut-DACH2-2","Ex_DACH2_LHX2",0.640779684684322
"_ATGGATCCAAGGAGTC-3","Glut-DACH2-1","Ex_DACH2_GRIK4",0.346572422316306
"_ATGGATCCACGCTGCA-3","Glut-DACH2-HVCra-Int","Ex_SATB2_FOXP2",0.563940438194247
"_ATGGGAGAGAGACAAG-3","Glut-DACH2-HVCra-Int","Ex_DACH2_MGAT4C",0.313672291812354
"_ATGGGAGAGGTATCTC-3","Glut-DACH2-HVCra-Int","Ex_DACH2_LHX2",0.533290828559432
"_ATGGGAGCAAGATCCT-3","Glut-DACH2-HVCra","Ex_DACH2_GRIK4",0.268497403546168
"_ATGGGAGCACATGAAA-3","Glut-DACH2-HVCra","Ex_SATB2_SOX6",0.371168722069026
"_ATGGGAGTCTTTGCAT-3","Glut-DACH2-HVCra-Int","Ex_DACH2_MGAT4C",0.332544972412844
"_ATGGGTTAGTGCAACG-3","Glut-DACH2-HVCra-Int","Ex_DACH2_MGAT4C",0.400431799396384
"_ATGGGTTCAGTCAACT-3","Glut-DACH2-2","Ex_DACH2_ADAMTS5",0.486119300220885
"_ATGGTTGAGGCCTGAA-3","Glut-DACH2-2","Ex_DACH2_LHX2",0.498242172061855
"_ATGGTTGAGTAACGTA-3","Glut-DACH2-2","Ex_DACH2_LHX2",0.515245353799447
"_ATGGTTGGTAGACGTG-3","Glut-DACH2-1","Ex_DACH2_GRIK4",0.409819418588828
"_ATGGTTGGTTCAATCG-3","Glut-DACH2-HVCra","Ex_SATB2_SOX6",0.415243266317245
"_ATGTCTTCAACCACGC-3","Glut-DACH2-HVCra-Int","Ex_DACH2_MGAT4C",0.483189855274411
"_ATGTCTTGTGGCAGAT-3","Glut-DACH2-HVCra","Ex_SATB2_SOX6",0.378336292907677
"_ATGTCTTGTTCCGCTT-3","Glut-DACH2-HVCra","Ex_DACH2_GRIK4",0.238599110905665
"_ATTACCTCATCACAGT-3","Glut-DACH2-HVCra","Ex_DACH2_LHX2",0.647890099094643
"_ATTACCTTCCTCTGCA-3","Glut-DACH2-HVCx","Ex_DACH2_CEMIP",0.355838334076815
"_ATTACTCAGTGCTAGG-3","Glut-DACH2-HVCra-Int","Ex_DACH2_LHX2",0.649190174692999
"_ATTACTCCAGAGGTTG-3","Glut-DACH2-HVCra-Int","Ex_DACH2_MGAT4C",0.398489131338878
"_ATTATCCCAGGATCTT-3","Glut-DACH2-HVCra-Int","Ex_DACH2_LUZP2",0.334060026215276
"_ATTATCCGTTGGCCGT-3","Glut-DACH2-2","Ex_DACH2_LHX2",0.346245944047659
"_ATTATCCTCTACCTTA-3","Glut-DACH2-HVCra","Ex_DACH2_LHX2",0.182521957974548
"_ATTCACTAGTCGTTAC-3","Glut-DACH2-HVCx","Ex_DACH2_CEMIP",0.626722824376113
"_ATTCACTCAAACCACT-3","Glut-DACH2-HVCra","Ex_DACH2_CEMIP",0.362815490678078
"_ATTCACTCAACATCGT-3","Glut-DACH2-HVCra","Ex_SATB2_SOX6",0.255615532132833
"_ATTCACTCAAGAGGTC-3","Glut-DACH2-2","Ex_DACH2_MGAT4C",0.41269664545944
"_ATTCACTCAGATTAAG-3","Glut-DACH2-2","Ex_DACH2_LHX2",0.45733379889974
"_ATTCACTCAGCCGTTG-3","Glut-DACH2-HVCra","Ex_SATB2_SOX6",0.392412194682159
"_ATTCACTCATTGCTGA-3","Glut-DACH2-1","Ex_DACH2_GRIK4",0.485963967503825
"_ATTCACTGTTCCTTGC-3","Glut-DACH2-2","Ex_DACH2_LUZP2",0.324345430911611
"_ATTCAGGAGCACACAG-3","Glut-DACH2-HVCra","Ex_DACH2_MGAT4C",0.269892457706206
"_ATTCAGGCAGGCACTC-3","Glut-DACH2-HVCra","Ex_DACH2_LHX2",0.560854928198132
"_ATTCAGGTCCATACTT-3","Glut-DACH2-HVCra-Int","Ex_DACH2_MGAT4C",0.26212570093999
"_ATTCAGGTCTCACGAA-3","Glut-DACH2-2","Ex_DACH2_LHX2",0.35411636289864
"_ATTCATCGTGGTCTTA-3","Glut-DACH2-4","Ex_DACH2_ITGA9",0.381552817410848
"_ATTCCATAGTAACGAT-3","Glut-DACH2-HVCra-Int","Ex_DACH2_MGAT4C",0.425058831313726
"_ATTCCATAGTAATACG-3","Glut-DACH2-HVCra-Int","Ex_DACH2_LHX2",0.563649511847793
"_ATTCCATCACAAGTGG-3","Glut-DACH2-2","Ex_DACH2_LHX2",0.322900289665086
"_ATTCCATGTATTCCTT-3","Glut-DACH2-HVCra-Int","Ex_DACH2_MGAT4C",0.382083646272914
"_ATTCCATTCATCGGGC-3","Glut-DACH2-HVCx","Ex_DACH2_CEMIP",0.617648366276271
"_ATTCCATTCTAGACCA-3","Glut-DACH2-HVCra-Int","Ex_DACH2_GRIK4",0.23428162366811
"_ATTCCCGAGTTCAACC-3","Glut-DACH2-2","Ex_DACH2_LHX2",0.648515923307354
"_ATTCCCGGTCGTATTG-3","Glut-DACH2-HVCx","Ex_DACH2_CEMIP",0.391855820068364
"_ATTCCTAAGACTAAGT-3","Glut-DACH2-HVCra","Ex_DACH2_MGAT4C",0.339610276371773
"_ATTCCTAGTTGTAGCT-3","Glut-DACH2-HVCra","Ex_SATB2_SOX6",0.281575111941157
"_ATTCTACAGCACCTGC-3","Glut-DACH2-HVCra-Int","Ex_DACH2_MGAT4C",0.452870014027473
"_ATTCTACCAGACCATT-3","Glut-DACH2-HVCra","Ex_SATB2_SOX6",0.463150301643931
"_ATTCTACGTGCTTATG-3","Glut-DACH2-HVCra-Int","Ex_DACH2_MGAT4C",0.422992705283132
"_ATTCTTGGTGGCCACT-3","Glut-DACH2-2","Ex_DACH2_MGAT4C",0.549055875133286
"_ATTCTTGGTTCGGACC-3","Glut-DACH2-4","Ex_DACH2_ITGA9",0.273485611849936
"_ATTCTTGGTTCGGCCA-3","Glut-DACH2-HVCra","Ex_SATB2_SOX6",0.346208847033734
"_ATTCTTGGTTGGCCTG-3","Glut-DACH2-HVCx","Ex_DACH2_CEMIP",0.634935382340825
"_ATTCTTGTCCTCACTG-3","Glut-DACH2-HVCra","Ex_SATB2_SOX6",0.319803560077524
"_ATTCTTGTCGCTGATA-3","Glut-DACH2-HVCra","Ex_SATB2_SOX6",0.30764812344849
"_ATTGGGTCATCGCTAA-3","Glut-DACH2-HVCra","Ex_DACH2_MGAT4C",0.307880661199012
"_ATTGGGTGTAGGATAT-3","Glut-DACH2-4","Ex_DACH2_NR4A3",0.701555782414956
"_ATTGTTCAGCATCAAA-3","Glut-DACH2-HVCx","Ex_DACH2_CEMIP",0.363095503773158
"_ATTGTTCAGCCTTTCC-3","Glut-DACH2-HVCra-Int","Ex_DACH2_MGAT4C",0.30631229937814
"_ATTGTTCGTACAGGTG-3","Glut-DACH2-2","Ex_DACH2_LHX2",0.315677691832002
"_ATTGTTCTCGCAGTGC-3","Glut-DACH2-HVCra-Int","Ex_DACH2_LHX2",0.431276881386984
"_ATTTACCAGGAGTCTG-3","Glut-DACH2-HVCx","Ex_DACH2_CEMIP",0.378702662968114
"_ATTTCACAGCTCGTGC-3","Glut-DACH2-HVCx","Ex_DACH2_ITGA9",0.251249759361338
"_ATTTCTGAGCCGGAAT-3","Glut-DACH2-HVCra-Int","Ex_DACH2_GRIK4",0.229398184922538
"_ATTTCTGAGGATGGCT-3","Glut-DACH2-HVCra-Int","Ex_DACH2_NR4A3",0.679770476543703
"_ATTTCTGGTACCGGAA-3","Glut-DACH2-1","Ex_DACH2_GRIK4",0.508239292920308
"_CAAAGAAAGGCTCCCA-3","Glut-DACH2-HVCra","Ex_SATB2_SOX6",0.4139576897499
"_CAAAGAACATCTCAAG-3","Glut-DACH2-HVCra-Int","Ex_DACH2_LHX2",0.554639653521402
"_CAAAGAACATGTAACC-3","Glut-DACH2-HVCra","Ex_SATB2_SOX6",0.47080977145988
"_CAACAACCACCGTCTT-3","Glut-DACH2-4","Ex_DACH2_ITGA9",0.285349280376583
"_CAACAACCAGCTGGTC-3","Glut-DACH2-HVCra","Ex_DACH2_GRIK4",0.334596557050039
"_CAACAACGTACGGCAA-3","Glut-DACH2-HVCx","Ex_DACH2_CEMIP",0.547415422525132
"_CAACAGTCAGGGACTA-3","Glut-DACH2-2","Ex_DACH2_LHX2",0.56109573918228
"_CAACCAAAGACCACGA-3","Glut-DACH2-HVCra-Int","Ex_DACH2_GRIK4",0.262659204991947
"_CAACCAAGTGGGTCAA-3","Glut-DACH2-2","Ex_DACH2_LHX2",0.436031118118254
"_CAACCAATCCACCTGT-3","Glut-DACH2-2","Ex_DACH2_MGAT4C",0.450770782275551
"_CAACCTCCAAGTCCAT-3","Glut-DACH2-HVCra-Int","Ex_DACH2_MGAT4C",0.479883975338577
"_CAACCTCCAATACCCA-3","Glut-DACH2-HVCra-Int","Ex_DACH2_LHX2",0.41688376816064
"_CAACCTCTCAGCTTCC-3","Glut-DACH2-2","Ex_DACH2_LHX2",0.510623786647171
"_CAACGGCAGGCGTCCT-3","Glut-DACH2-HVCx","Ex_DACH2_CEMIP",0.31129727654722
"_CAACGGCCACTACCGG-3","Glut-DACH2-HVCra-Int","Ex_DACH2_LHX2",0.602063307255172
"_CAAGACTCATCTGCGG-3","Glut-DACH2-2","Ex_DACH2_MGAT4C",0.462111407688748
"_CAAGAGGAGAGTGTTA-3","Glut-DACH2-HVCx","Ex_DACH2_CEMIP",0.601492879070725
"_CAAGAGGCACCCTTAC-3","Glut-DACH2-HVCra-Int","Ex_DACH2_LHX2",0.527671580949072
"_CAAGAGGCATTATGCG-3","Glut-DACH2-2","Ex_DACH2_LUZP2",0.35481351759685
"_CAAGAGGCATTGGATC-3","Glut-DACH2-HVCra","Ex_SATB2_SOX6",0.360774896538307
"_CAAGAGGGTCGAGCAA-3","Glut-DACH2-HVCra","Ex_SATB2_OVOA",0.283336559751929
"_CAAGCTACAATCAGCT-3","Glut-DACH2-1","Ex_DACH2_MGAT4C",0.556552433473617
"_CAAGCTAGTATACCCA-3","Glut-DACH2-2","Ex_DACH2_MGAT4C",0.458978045498928
"_CAAGGGACACTTCAAG-3","Glut-DACH2-HVCra-Int","Ex_DACH2_LHX2",0.276556954073673
"_CAATACGGTTGCATCA-3","Glut-DACH2-HVCra-Int","Ex_DACH2_MGAT4C",0.435410985400732
"_CAATACGTCCTAGCGG-3","Glut-DACH2-4","Ex_DACH2_ITGA9",0.321593620318879
"_CAATCGACACATAACC-3","Glut-DACH2-HVCra-Int","Ex_DACH2_MGAT4C",0.336287046695931
"_CAATCGATCAGCACCG-3","Glut-DACH2-HVCra-Int","Ex_DACH2_MGAT4C",0.291691896564316
"_CAATCGATCGTTCTGC-3","Glut-DACH2-HVCra","Ex_SATB2_SOX6",0.397564318358236
"_CAATGACCACGCAGTC-3","Glut-DACH2-HVCx","Ex_DACH2_CEMIP",0.586678263908078
"_CAATGACCAGGACATG-3","Glut-DACH2-2","Ex_DACH2_NR4A3",0.27501217386712
"_CAATTTCCAGTTCACA-3","Glut-DACH2-2","Ex_DACH2_LHX2",0.47558808678128
"_CAATTTCGTAGCACAG-3","Glut-DACH2-HVCra-Int","Ex_DACH2_LHX2",0.440066466115556
"_CAATTTCGTTCTCACC-3","Glut-DACH2-HVCx","Ex_DACH2_CEMIP",0.577546939905349
"_CAATTTCTCTGGAGAG-3","Glut-DACH2-HVCra-Int","Ex_DACH2_MGAT4C",0.520291632105732
"_CACAACAAGGTGCCAA-3","Glut-DACH2-1","Ex_DACH2_NR4A3",0.497269255905878
"_CACAACATCTAAGGAA-3","Glut-DACH2-HVCra-Int","Ex_DACH2_LHX2",0.270672425357242
"_CACACAAAGGAGGTTC-3","Glut-DACH2-2","Ex_DACH2_MGAT4C",0.343515558757536
"_CACACAAAGTGTAGAT-3","Glut-DACH2-1","Ex_DACH2_MGAT4C",0.317681662535797
"_CACACAACAATCCTTT-3","Glut-DACH2-2","Ex_DACH2_LHX2",0.306408125259919
"_CACACAAGTATGGGAC-3","Glut-DACH2-HVCx","Ex_DACH2_CEMIP",0.456751144380861
"_CACACAATCCACGGGT-3","Glut-DACH2-1","Ex_DACH2_GRIK4",0.469645080403896
"_CACACAATCCATTTGT-3","Glut-DACH2-4","Ex_SATB2_OVOA",0.28445310427362
"_CACAGGCAGTATTAGG-3","Glut-DACH2-HVCra-Int","Ex_DACH2_LHX2",0.510961683813406
"_CACATGAAGCTCCCTT-3","Glut-DACH2-HVCra","Ex_DACH2_MGAT4C",0.19266966111544
"_CACATGAAGGTCATCT-3","Glut-DACH2-HVCra-Int","Ex_DACH2_MGAT4C",0.397031364240688
"_CACATGAAGGTGCGAT-3","Glut-DACH2-HVCra-Int","Ex_DACH2_MGAT4C",0.468851359463959
"_CACCAAAAGCAGTAAT-3","Glut-DACH2-2","Ex_DACH2_LHX2",0.544599783357304
"_CACCAAACACTGATTG-3","Glut-DACH2-2","Ex_DACH2_LHX2",0.319842417112925
"_CACCGTTAGGTTTGAA-3","Glut-DACH2-HVCra","Ex_DACH2_MGAT4C",0.193777356604948
"_CACCGTTTCGACGTCG-3","Glut-DACH2-2","Ex_DACH2_LHX2",0.595817856158314
"_CACGAATAGCTAATGA-3","Glut-DACH2-3","Ex_DACH2_ITGA9",0.399471019685805
"_CACGAATGTCGCCACA-3","Glut-DACH2-HVCx","Ex_SATB2_SOX6",0.284521516093753
"_CACGAATTCAAGGAGC-3","Glut-DACH2-2","Ex_DACH2_MGAT4C",0.288934212399235
"_CACGAATTCACGATAC-3","Glut-DACH2-2","Ex_DACH2_LHX2",0.545517810944787
"_CACGAATTCCACGTGG-3","Glut-DACH2-HVCra","Ex_SATB2_SOX6",0.588916638024324
"_CACGGGTAGACTGTTC-3","Glut-DACH2-HVCx","Ex_DACH2_CEMIP",0.521938797159138
"_CACGGGTGTCCTTGTC-3","Glut-DACH2-HVCra","Ex_DACH2_MGAT4C",0.230400075739915
"_CACGTGGGTATGCGGA-3","Glut-DACH2-HVCra-Int","Ex_DACH2_LHX2",0.595068074471891
"_CACTAAGAGTGAATAC-3","Glut-DACH2-HVCra","Ex_SATB2_SOX6",0.538931720425377
"_CACTAAGCACCAACAT-3","Glut-DACH2-HVCra-Int","Ex_DACH2_LHX2",0.43566940749288
"_CACTAAGGTAGAATAC-3","Glut-DACH2-HVCra","Ex_SATB2_OVOA",0.243355436105145
"_CACTAAGTCACGAGGA-3","Glut-DACH2-HVCx","Ex_DACH2_CEMIP",0.361880317165724
"_CACTAAGTCGGTAGGA-3","Glut-DACH2-HVCra-Int","Ex_DACH2_LHX2",0.335436875615085
"_CACTGAAAGTAGGTTA-3","Glut-DACH2-4","Ex_DACH2_ITGA9",0.319930046585689
"_CACTGAACAATCACGT-3","Glut-DACH2-HVCra-Int","Ex_DACH2_MGAT4C",0.35501656293756
"_CACTGAATCATTCGGA-3","Glut-DACH2-HVCra","Ex_DACH2_MGAT4C",0.221352817254287
"_CACTGGGGTATGGAGC-3","Glut-DACH2-4","Ex_DACH2_NR4A3",0.331551633052556
"_CACTGGGTCCAAAGGG-3","Glut-DACH2-2","Ex_DACH2_LHX2",0.692160467476684
"_CACTGGGTCTTGATTC-3","Glut-DACH2-HVCra","Ex_SATB2_SOX6",0.409464396369673
"_CACTGTCAGTGTTGTC-3","Glut-DACH2-HVCra","Ex_SATB2_SOX6",0.384947787115497
"_CACTGTCGTTGTTTGG-3","Glut-DACH2-HVCra","Ex_DACH2_LHX2",0.562273649110123
"_CACTGTCTCTTACCGC-3","Glut-DACH2-HVCra-Int","Ex_DACH2_LHX2",0.398347126340026
"_CAGAGCCTCTTGGTCC-3","Glut-DACH2-HVCra","Ex_SATB2_SOX6",0.554552668015656
"_CAGATACGTAACATCC-3","Glut-DACH2-HVCra","Ex_SATB2_SOX6",0.35274417325121
"_CAGATACGTCTCAAGT-3","Glut-DACH2-HVCra","Ex_SATB2_SOX6",0.554690901507509
"_CAGATACGTGTTGAGG-3","Glut-DACH2-HVCx","Ex_DACH2_ITGA9",0.19759709785815
"_CAGATCAAGCACAAAT-3","Glut-DACH2-HVCra","Ex_DACH2_MGAT4C",0.266005510900449
"_CAGATCAGTCATGGCC-3","Glut-DACH2-HVCra","Ex_SATB2_SOX6",0.399668727292106
"_CAGATTGAGACTCAAA-3","Glut-DACH2-2","Ex_DACH2_GRIK4",0.489461100460568
"_CAGATTGAGCATAGGC-3","Glut-DACH2-HVCx","Ex_DACH2_CEMIP",0.446784759954496
"_CAGATTGGTTCTTGTT-3","Glut-DACH2-HVCra","Ex_SATB2_SOX6",0.375368026171752
"_CAGCAATGTACCCGAC-3","Glut-DACH2-HVCra-Int","Ex_DACH2_LHX2",0.320226467078377
"_CAGCAATTCCTATTTG-3","Glut-DACH2-HVCra","Ex_SATB2_SOX6",0.415537928257378
"_CAGCACGAGCCGATTT-3","Glut-DACH2-HVCx","Ex_DACH2_CEMIP",0.510935382240997
"_CAGCACGAGGAATCGC-3","Glut-DACH2-HVCra-Int","Ex_DACH2_LHX2",0.408796175624859
"_CAGCACGCACCCAAGC-3","Glut-DACH2-HVCra-Int","Ex_DACH2_LHX2",0.426100954059932
"_CAGCACGCAGTTACCA-3","Glut-DACH2-HVCra","Ex_SATB2_SOX6",0.335837294556324
"_CAGCACGTCTCTGCCA-3","Glut-DACH2-HVCra","Ex_SATB2_SOX6",0.521938742155762
"_CAGCAGCAGATCACCT-3","Glut-DACH2-HVCx","Ex_DACH2_CEMIP",0.486852596857039
"_CAGCAGCAGGCCACCT-3","Glut-DACH2-HVCra","Ex_SATB2_SOX6",0.420309488093386
"_CAGCAGCCATGGCTGC-3","Glut-DACH2-HVCra-Int","Ex_DACH2_GRIK4",0.402032467117112
"_CAGCAGCGTCTCGGGT-3","Glut-DACH2-HVCra","Ex_SATB2_SOX6",0.297123157929509
"_CAGCAGCTCCGTTGAA-3","Glut-DACH2-HVCra-Int","Ex_DACH2_LHX2",0.340266941162855
"_CAGCAGCTCTAGCCAA-3","Glut-DACH2-HVCra-Int","Ex_DACH2_MGAT4C",0.350135737059862
"_CAGCGTGAGGTAGTAT-3","Glut-DACH2-HVCx","Ex_SATB2_FOXP2",0.430702362466255
"_CAGCGTGGTTATTCTC-3","Glut-DACH2-HVCra-Int","Ex_DACH2_NR4A3",0.287763886509272
"_CAGGCCAAGTAAAGCT-3","Glut-DACH2-HVCra-Int","Ex_DACH2_MGAT4C",0.259285683056819
"_CAGGCCACAGCACAAG-3","Glut-DACH2-HVCra-Int","Ex_DACH2_MGAT4C",0.370448378862328
"_CAGGCCAGTGCGGTAA-3","Glut-DACH2-HVCra","Ex_BCL6",0.287468280273721
"_CAGGGCTAGACTAGAT-3","Glut-DACH2-HVCra","Ex_SATB2_SOX6",0.429964951690763
"_CAGGTATAGCCTGAGA-3","Glut-DACH2-HVCra","Ex_SATB2_SOX6",0.356573471153606
"_CAGGTATCAATCAGCT-3","Glut-DACH2-2","Ex_DACH2_LHX2",0.515618275386867
"_CAGTGCGAGGTCACCC-3","Glut-DACH2-HVCx","Ex_DACH2_CEMIP",0.637303432603879
"_CAGTGCGCAAACCGGA-3","Glut-DACH2-HVCra","Ex_DACH2_CEMIP",0.231896358838719
"_CAGTTAGCACCGTCGA-3","Glut-DACH2-2","Ex_DACH2_LHX2",0.477213515988025
"_CAGTTAGGTACCATAC-3","Glut-DACH2-HVCra-Int","Ex_DACH2_LHX2",0.375705156020962
"_CAGTTAGGTCAAGGCA-3","Glut-DACH2-HVCra","Ex_DACH2_GRIK4",0.274671146257212
"_CAGTTAGTCGTAGTCA-3","Glut-DACH2-HVCra","Ex_SATB2_SOX6",0.426896935288637
"_CAGTTCCAGCATCCTA-3","Glut-DACH2-HVCra","Ex_DACH2_MGAT4C",0.262201095588106
"_CATAAGCTCCAGTGTA-3","Glut-DACH2-HVCra","Ex_DACH2_MGAT4C",0.332747643534078
"_CATACCCGTGAAGCGT-3","Glut-DACH2-HVCra","Ex_DACH2_ADAMTS5",0.221263742281439
"_CATACCCTCTACACAG-3","Glut-DACH2-HVCra-Int","Ex_SATB2_FOXP2",0.330586913123445
"_CATACTTAGACCAGAC-3","Glut-DACH2-HVCra","Ex_DACH2_ADAMTS5",0.241710673557514
"_CATACTTAGCTGACCC-3","Glut-DACH2-HVCra-Int","Ex_DACH2_MGAT4C",0.426196998175461
"_CATACTTCATGTTACG-3","Glut-DACH2-HVCra","Ex_SATB2_SOX6",0.387615840858368
"_CATACTTTCTGCGGCA-3","Glut-DACH2-2","Ex_DACH2_MGAT4C",0.425019928933818
"_CATCAAGGTGAGCTCC-3","Glut-DACH2-HVCra","Ex_SATB2_SOX6",0.5754341104266
"_CATCCACGTGCATTAC-3","Glut-DACH2-4","Ex_DACH2_ITGA9",0.328831752058077
"_CATCCACTCTGAGGTT-3","Glut-DACH2-HVCx","Ex_DACH2_CEMIP",0.471435151793081
"_CATCCCAAGACCTTTG-3","Glut-DACH2-HVCra","Ex_SATB2_SOX6",0.575795079804588
"_CATCCCAAGGTTGAGC-3","Glut-DACH2-HVCra-Int","Ex_DACH2_GRIK4",0.623676299397461
"_CATCCCAGTATTTCTC-3","Glut-DACH2-HVCra","Ex_DACH2_CEMIP",0.285538466273906
"_CATCCCAGTCGAAGCA-3","Glut-DACH2-HVCra","Ex_SATB2_SOX6",0.717383801897851
"_CATCCCATCATTCCTA-3","Glut-DACH2-HVCra-Int","Ex_DACH2_GRIK4",0.430130997927097
"_CATCCCATCCCGTAAA-3","Glut-DACH2-HVCx","Ex_DACH2_CEMIP",0.485500069823798
"_CATCCGTAGGGTTTCT-3","Glut-DACH2-HVCra","Ex_DACH2_CEMIP",0.30213433478316
"_CATCCGTCAGCAGATG-3","Glut-DACH2-HVCra","Ex_SATB2_SOX6",0.355600288238774
"_CATCCGTGTGCACGCT-3","Glut-DACH2-HVCra","Ex_SATB2_SOX6",0.466600587151447
"_CATCGCTAGCCTCGTG-3","Glut-DACH2-HVCra-Int","Ex_DACH2_MGAT4C",0.471210907243551
"_CATCGCTCATCCGTTC-3","Glut-DACH2-HVCra-Int","Ex_DACH2_MGAT4C",0.285394821395191
"_CATCGCTTCACTCCGT-3","Glut-DACH2-2","Ex_DACH2_LHX2",0.483764093068507
"_CATCGCTTCATTACGG-3","Glut-DACH2-HVCx","Ex_DACH2_CEMIP",0.678714582430652
"_CATCGGGAGGGAGGCA-3","Glut-DACH2-HVCx","Ex_DACH2_CEMIP",0.468364574223947
"_CATCGGGCATTCATCT-3","Glut-DACH2-HVCx","Ex_DACH2_CEMIP",0.296459551388727
"_CATCGTCAGTCAATCC-3","Glut-DACH2-HVCx","Ex_DACH2_CEMIP",0.531751356432456
"_CATGCAACACTACAGT-3","Glut-DACH2-HVCra","Ex_SATB2_SOX6",0.425696969452423
"_CATGCAAGTAGTTACC-3","Glut-DACH2-HVCra","Ex_DACH2_GRIK4",0.318554711808747
"_CATGCGGCAAATGGAT-3","Glut-DACH2-HVCra","Ex_SATB2_SOX6",0.456050888380389
"_CATGCGGTCAGCTTGA-3","Glut-DACH2-1","Ex_DACH2_MGAT4C",0.486794917714952
"_CATGCGGTCGTAGCCG-3","Glut-DACH2-HVCra-Int","Ex_DACH2_MGAT4C",0.367467554808524
"_CATGGATCATACAGAA-3","Glut-DACH2-HVCra","Ex_SATB2_SOX6",0.577297595829687
"_CATGGTACAACTCGTA-3","Glut-DACH2-HVCra-Int","Ex_DACH2_MGAT4C",0.324450823472673
"_CATGGTACAGAGAGGG-3","Glut-DACH2-HVCx","Ex_DACH2_CEMIP",0.394158178738785
"_CATGGTACATGAAAGT-3","Glut-DACH2-2","Ex_DACH2_LHX2",0.575918753178012
"_CATGGTAGTGCCTGAC-3","Glut-DACH2-HVCra","Ex_SATB2_SOX6",0.370714513476744
"_CATTCATCAATCTCGA-3","Glut-DACH2-HVCra","Ex_DACH2_MGAT4C",0.297795920572167
"_CATTCATTCTGCCTCA-3","Glut-DACH2-HVCra","Ex_SATB2_SOX6",0.413550589777566
"_CATTCCGGTCTTCTAT-3","Glut-DACH2-HVCra","Ex_DACH2_GRIK4",0.192206202187836
"_CATTCTAAGAGAGAAC-3","Glut-DACH2-HVCra","Ex_DACH2_MGAT4C",0.361443639030325
"_CATTCTAAGATGATTG-3","Glut-DACH2-HVCra-Int","Ex_DACH2_LHX2",0.607790926084358
"_CATTCTAAGGGTCAAC-3","Glut-DACH2-HVCx","Ex_DACH2_CEMIP",0.226854180893529
"_CATTGAGAGTAGAATC-3","Glut-DACH2-HVCra-Int","Ex_DACH2_MGAT4C",0.413593407890817
"_CATTGAGCACGGGCTT-3","Glut-DACH2-HVCra-Int","Ex_DACH2_LHX2",0.241707373103861
"_CATTGAGGTCCTGGGT-3","Glut-DACH2-2","Ex_DACH2_LHX2",0.4449851420185
"_CATTGCCGTGTCGCTG-3","Glut-DACH2-HVCra-Int","Ex_DACH2_MGAT4C",0.276509968447844
"_CATTGTTAGGATACGC-3","Glut-DACH2-2","Ex_DACH2_LHX2",0.556271757363607
"_CATTGTTAGGATTTGA-3","Glut-DACH2-HVCra","Ex_SATB2_SOX6",0.45216486931773
"_CATTGTTCACTACAGT-3","Glut-DACH2-HVCx","Ex_DACH2_CEMIP",0.556538294564633
"_CATTGTTTCTGCATAG-3","Glut-DACH2-1","Ex_DACH2_ADAMTS5",0.406034168988108
"_CATTGTTTCTTGGATG-3","Glut-DACH2-HVCx","Ex_DACH2_CEMIP",0.621011661737425
"_CATTTCAAGAGTCTGG-3","Glut-DACH2-HVCra","Ex_DACH2_ADAMTS5",0.307282467025255
"_CCAAGCGCAAGAAACT-3","Glut-DACH2-HVCra-Int","Ex_DACH2_MGAT4C",0.229777929130739
"_CCAAGCGCACGTGAGA-3","Glut-DACH2-HVCra-Int","Ex_DACH2_LHX2",0.548370360114127
"_CCAAGCGGTAAGCTCT-3","Glut-DACH2-HVCra","Ex_DACH2_MGAT4C",0.310841091275298
"_CCAAGCGGTGGTTTAC-3","Glut-DACH2-HVCra","Ex_SATB2_SOX6",0.427385571506037
"_CCAATGACATGTGACT-3","Glut-DACH2-HVCra","Ex_DACH2_LHX2",0.306107471991578
"_CCAATGAGTCGAGTGA-3","Glut-DACH2-1","Ex_DACH2_LHX2",0.429958233818495
"_CCAATGATCCACCTCA-3","Glut-DACH2-2","Ex_DACH2_LHX2",0.549882277664617
"_CCAATTTCAGTTGGTT-3","Glut-DACH2-HVCx","Ex_DACH2_CEMIP",0.621191446840422
"_CCAATTTTCCTGGTCT-3","Glut-DACH2-HVCra","Ex_SATB2_SOX6",0.404667995835313
"_CCACAAAAGACCAAGC-3","Glut-DACH2-2","Ex_DACH2_LHX2",0.576098982419591
"_CCACAAACATCGTGCG-3","Glut-DACH2-HVCx","Ex_DACH2_CEMIP",0.623804570439285
"_CCACAAATCTCTGACC-3","Glut-DACH2-2","Ex_DACH2_LHX2",0.525097985667036
"_CCACACTAGGTGGTTG-3","Glut-DACH2-HVCx","Ex_SATB2_SOX6",0.267256696633904
"_CCACCATCACAAGCTT-3","Glut-DACH2-HVCra","Ex_SATB2_SOX6",0.382281855453157
"_CCACCATGTGAATATG-3","Glut-DACH2-HVCra","Ex_SATB2_SOX6",0.439764125489558
"_CCACCATTCTTTCGAT-3","Glut-DACH2-HVCra-Int","Ex_DACH2_LHX2",0.633948715298481
"_CCACGAGAGGAAACGA-3","Glut-DACH2-1","Ex_DACH2_MGAT4C",0.460070069175258
"_CCACGAGCACTGGCCA-3","Glut-DACH2-HVCra","Ex_SATB2_ZNF385B",0.738451209941907
"_CCACGAGCAGCGTATT-3","Glut-DACH2-HVCra-Int","Ex_DACH2_MGAT4C",0.409070755718489
"_CCACGTTGTAGCCAGA-3","Glut-DACH2-HVCra-Int","Ex_DACH2_LHX2",0.329813877690817
"_CCACGTTGTGACTGAG-3","Glut-DACH2-HVCra-Int","Ex_DACH2_LHX2",0.596480042382258
"_CCACGTTGTTTCACTT-3","Glut-DACH2-HVCx","Ex_DACH2_CEMIP",0.489271503029928
"_CCACGTTTCGCCAGTG-3","Glut-DACH2-HVCra-Int","Ex_DACH2_LHX2",0.553875947113625
"_CCACTTGAGTATAACG-3","Glut-DACH2-HVCra","Ex_SATB2_SOX6",0.375199712510896
"_CCACTTGCAATGCTCA-3","Glut-DACH2-HVCra-Int","Ex_DACH2_ADAMTS5",0.332110371785024
"_CCACTTGGTGTCCTAA-3","Glut-DACH2-HVCra-Int","Ex_DACH2_LHX2",0.549765231088065
"_CCATCACCAAGTCCCG-3","Glut-DACH2-HVCx","Ex_DACH2_CEMIP",0.63794334327985
"_CCATCACGTGAGGAAA-3","Glut-DACH2-4","Ex_DACH2_CEMIP",0.248600868616824
"_CCATCACGTGCCCTTT-3","Glut-DACH2-HVCra","Ex_SATB2_SOX6",0.476742650807545
"_CCATCACGTTGACTAC-3","Glut-DACH2-HVCx","Ex_CACNA1H_LHX9",0.279579515324328
"_CCCAACTAGCTCCCTT-3","Glut-DACH2-HVCra","Ex_DACH2_MGAT4C",0.273548454182295
"_CCCAACTGTAATCAAG-3","Glut-DACH2-HVCra","Ex_SATB2_SOX6",0.334507531409907
"_CCCAACTGTACCAGAG-3","Glut-DACH2-2","Ex_DACH2_LHX2",0.353391465024168
"_CCCGAAGAGTACAGAT-3","Glut-DACH2-HVCra","Ex_SATB2_SOX6",0.428582192789696
"_CCCGAAGTCATTACCT-3","Glut-DACH2-HVCra","Ex_SATB2_SOX6",0.186546513864084
"_CCCGAAGTCTTACCGC-3","Glut-DACH2-HVCra-Int","Ex_DACH2_LHX2",0.543505234193233
"_CCCGGAAGTACAGTCT-3","Glut-DACH2-HVCra-Int","Ex_DACH2_GRIK4",0.247945434828475
"_CCCTAACCAGCCGTTG-3","Glut-DACH2-HVCra","Ex_SATB2_SOX6",0.412980666810735
"_CCCTAACTCACCATCC-3","Glut-DACH2-HVCra-Int","Ex_DACH2_LHX2",0.367864631337584
"_CCCTGATCAGACAATA-3","Glut-DACH2-HVCra","Ex_SATB2_OVOA",0.281272212186549
"_CCCTGATTCCCATACC-3","Glut-DACH2-HVCra-Int","Ex_DACH2_LHX2",0.278522126583742
"_CCCTTAGAGTGGTGGT-3","Glut-DACH2-2","Ex_DACH2_ADAMTS5",0.39047343897636
"_CCCTTAGTCAAGTGGG-3","Glut-DACH2-HVCx","Ex_DACH2_CEMIP",0.545232373235943
"_CCCTTAGTCCCAACTC-3","Glut-DACH2-HVCra","Ex_SATB2_SOX6",0.51447016863055
"_CCGAACGCAGCGAGTA-3","Glut-DACH2-HVCra","Ex_SATB2_SOX6",0.570213081753585
"_CCGATCTCAAGACTGG-3","Glut-DACH2-HVCx","Ex_DACH2_ITGA9",0.271962201771933
"_CCGATCTGTTCATCTT-3","Glut-DACH2-HVCra-Int","Ex_SATB2_SOX6",0.305967458220359
"_CCGATCTTCTCTAGGA-3","Glut-DACH2-HVCra-Int","Ex_DACH2_LHX2",0.599013809849233
"_CCGATGGAGACTTCCA-3","Glut-DACH2-HVCra","Ex_DACH2_NR4A3",0.318177990314094
"_CCGATGGAGGGTAATT-3","Glut-DACH2-HVCra-Int","Ex_DACH2_MGAT4C",0.315205329020391
"_CCGATGGCACGCTTAA-3","Glut-DACH2-HVCx","Ex_DACH2_CEMIP",0.396917819243173
"_CCGATGGGTATCGAGG-3","Glut-DACH2-HVCra","Ex_SATB2_SOX6",0.450925316665913
"_CCGATGGGTCATGCAT-3","Glut-DACH2-HVCra","Ex_SATB2_SOX6",0.441186693554201
"_CCGCAAGCACAGCTGC-3","Glut-DACH2-HVCra","Ex_SATB2_SOX6",0.461594408738446
"_CCGCAAGGTACGGGAT-3","Glut-DACH2-HVCra","Ex_SATB2_SOX6",0.460947260721591
"_CCGCAAGGTTGGATCT-3","Glut-DACH2-HVCra","Ex_DACH2_MGAT4C",0.197939991544937
"_CCGGACAAGAGTCAGC-3","Glut-DACH2-HVCra","Ex_SATB2_SOX6",0.242108362846386
"_CCGGACAAGCCAGACA-3","Glut-DACH2-HVCra","Ex_SATB2_SOX6",0.251196823684851
"_CCGGACAAGGATATAC-3","Glut-DACH2-HVCx","Ex_DACH2_CEMIP",0.495400310809405
"_CCGGACACAGAATGTA-3","Glut-DACH2-HVCra","Ex_SATB2_SOX6",0.351579517350845
"_CCGGACACATGTGGTT-3","Glut-DACH2-2","Ex_DACH2_NR4A3",0.481775301416054
"_CCGGACAGTCCGGTCA-3","Glut-DACH2-HVCra","Ex_SATB2_SOX6",0.510537904125666
"_CCGGGTACATGTACGT-3","Glut-DACH2-HVCx","Ex_DACH2_CEMIP",0.298608677835433
"_CCGGGTAGTGAATTGA-3","Glut-DACH2-HVCra-Int","Ex_SATB2_SOX6",0.22847122953629
"_CCGGGTATCACAATGC-3","Glut-DACH2-4","Ex_SATB2_SOX6",0.198064490134236
"_CCGGGTATCACCTGGG-3","Glut-DACH2-2","Ex_DACH2_LHX2",0.54333843763933
"_CCGGGTATCACGAACT-3","Glut-DACH2-HVCra","Ex_SATB2_SOX6",0.363713333884235
"_CCGGTAGGTAACGGTG-3","Glut-DACH2-2","Ex_DACH2_MGAT4C",0.421258196757105
"_CCGGTAGTCAACCGAT-3","Glut-DACH2-HVCra","Ex_SATB2_SOX6",0.483773484162754
"_CCGGTAGTCGTTCTGC-3","Glut-DACH2-HVCra-Int","Ex_DACH2_MGAT4C",0.558574170363454
"_CCGGTGATCGTTCCTG-3","Glut-DACH2-4","Ex_DACH2_ITGA9",0.384518948123166
"_CCGTAGGAGATGGCAC-3","Glut-DACH2-HVCra-Int","Ex_DACH2_LHX2",0.299013043089641
"_CCGTAGGTCTCCAATT-3","Glut-DACH2-HVCra-Int","Ex_DACH2_LHX2",0.629665842404764
"_CCGTGAGCATCCTATT-3","Glut-DACH2-HVCra-Int","Ex_DACH2_LHX2",0.583685801893655
"_CCGTGAGGTCCACAGC-3","Glut-DACH2-2","Ex_DACH2_GRIK4",0.478815028861438
"_CCGTGAGGTCTTGCGG-3","Glut-DACH2-HVCra-Int","Ex_DACH2_LHX2",0.386742643937437
"_CCGTTCACACGGCGTT-3","Glut-DACH2-HVCra-Int","Ex_DACH2_MGAT4C",0.294534120477748
"_CCTAAGACACGGATCC-3","Glut-DACH2-HVCx","Ex_DACH2_CEMIP",0.654738343872587
"_CCTAAGATCGACCAAT-3","Glut-DACH2-HVCra","Ex_SATB2_SOX6",0.503304706842961
"_CCTAAGATCTAGCCTC-3","Glut-DACH2-HVCra-Int","Ex_DACH2_MGAT4C",0.242954582494731
"_CCTAAGATCTTCACAT-3","Glut-DACH2-HVCra-Int","Ex_DACH2_LHX2",0.417021085485393
"_CCTACGTAGCGTACAG-3","Glut-DACH2-HVCra-Int","Ex_DACH2_LHX2",0.553907127997204
"_CCTACGTCAGAAGTTA-3","Glut-DACH2-HVCra","Ex_SATB2_SOX6",0.67910564211463
"_CCTACGTTCACCATGA-3","Glut-DACH2-HVCra","Ex_DACH2_GRIK4",0.336836674790083
"_CCTACGTTCATGGTAC-3","Glut-DACH2-HVCra-Int","Ex_DACH2_MGAT4C",0.293730610834911
"_CCTATCGCAAGAGGTC-3","Glut-DACH2-4","Ex_DACH2_CEMIP",0.27084591355066
"_CCTATCGCAGCGTATT-3","Glut-DACH2-HVCx","Ex_KIAA1217_BCL6",0.207284126742443
"_CCTCAACCACACCTTC-3","Glut-DACH2-HVCx","Ex_DACH2_CEMIP",0.542275994107
"_CCTCAACCAGACACCC-3","Glut-DACH2-2","Ex_DACH2_MGAT4C",0.333505408575023
"_CCTCAACCAGTGCCTG-3","Glut-DACH2-HVCra-Int","Ex_DACH2_LHX2",0.260200364714243
"_CCTCAACGTCATGGCC-3","Glut-DACH2-HVCra-Int","Ex_DACH2_LHX2",0.26481819959872
"_CCTCACAAGCTCACTA-3","Glut-DACH2-1","Ex_DACH2_LHX2",0.5097305152049
"_CCTCACAGTAGCTTGT-3","Glut-DACH2-HVCra","Ex_DACH2_MGAT4C",0.383297523894715
"_CCTCACATCGTAGGGA-3","Glut-DACH2-1","Ex_DACH2_GRIK4",0.597651649118738
"_CCTCAGTAGCGCATCC-3","Glut-DACH2-2","Ex_DACH2_LHX2",0.61704939697139
"_CCTCAGTAGGATGGCT-3","Glut-DACH2-2","Ex_DACH2_MGAT4C",0.591539711222548
"_CCTCAGTAGGTTGGTG-3","Glut-DACH2-HVCra","Ex_SATB2_SOX6",0.645301418080922
"_CCTCAGTGTAGGAGGG-3","Glut-DACH2-HVCra","Ex_DACH2_CEMIP",0.203789441789485
"_CCTCAGTTCCGTGGGT-3","Glut-DACH2-5","Ex_DACH2_ADAMTS5",0.336911270822662
"_CCTCATGAGGATGGCT-3","Glut-DACH2-2","Ex_DACH2_ADAMTS5",0.396343421147953
"_CCTCCAACATTGGCAT-3","Glut-DACH2-HVCra-Int","Ex_SATB2_SOX6",0.398921661245795
"_CCTCCAAGTACGAGCA-3","Glut-DACH2-HVCra-Int","Ex_DACH2_MGAT4C",0.331333732372396
"_CCTCCAAGTGTAGGAC-3","Glut-DACH2-2","Ex_DACH2_LHX2",0.275425419868014
"_CCTCCTCAGATGAACT-3","Glut-DACH2-2","Ex_DACH2_GRIK4",0.277357370006105
"_CCTCCTCAGCTTGTGT-3","Glut-DACH2-HVCra-Int","Ex_DACH2_LHX2",0.427164835708326
"_CCTCCTCTCTGTGCTC-3","Glut-DACH2-HVCra","Ex_DACH2_LHX2",0.305388887418136
"_CCTCTAGAGCAAACAT-3","Glut-DACH2-HVCra-Int","Ex_DACH2_LHX2",0.257975478722052
"_CCTCTAGAGTAAGAGG-3","Glut-DACH2-HVCx","Ex_DACH2_CEMIP",0.393959257159991
"_CCTCTAGCAATAGAGT-3","Glut-DACH2-HVCx","Ex_DACH2_CEMIP",0.386056430356508
"_CCTCTAGCACGAGAAC-3","Glut-DACH2-HVCx","Ex_DACH2_CEMIP",0.421944100582785
"_CCTCTAGTCGACACTA-3","Glut-DACH2-HVCra-Int","Ex_DACH2_MGAT4C",0.391692500062578
"_CCTCTAGTCGGTCTAA-3","Glut-DACH2-HVCra","Ex_SATB2_SOX6",0.319983661185521
"_CCTCTCCCACCGGTCA-3","Glut-DACH2-HVCra-Int","Ex_DACH2_GRIK4",0.243792882577359
"_CCTCTCCCATTGCCTC-3","Glut-DACH2-HVCra-Int","Ex_DACH2_GRIK4",0.269324227805107
"_CCTGCATGTGTTAGCT-3","Glut-DACH2-HVCra","Ex_SATB2_SOX6",0.461332343698039
"_CCTGTTGAGCGTACAG-3","Glut-DACH2-HVCra","Ex_SATB2_ZNF385B",0.29753363263712
"_CCTGTTGCAAGAGATT-3","Glut-DACH2-HVCra-Int","Ex_DACH2_LHX2",0.635552641524972
"_CCTGTTGCATGCGTGC-3","Glut-DACH2-HVCra-Int","Ex_DACH2_NR4A3",0.469195586249915
"_CCTGTTGGTCCCGCAA-3","Glut-DACH2-2","Ex_DACH2_MGAT4C",0.443359770660586
"_CCTGTTGTCCGCGATG-3","Glut-DACH2-HVCra","Ex_DACH2_GRIK4",0.287828577504169
"_CCTGTTGTCCTGGTCT-3","Glut-DACH2-HVCra-Int","Ex_DACH2_LHX2",0.557740956712973
"_CCTTCAGAGCACGATG-3","Glut-DACH2-1","Ex_DACH2_LHX2",0.348109319127085
"_CCTTCAGAGTTAGTAG-3","Glut-DACH2-HVCra","Ex_SATB2_SOX6",0.387660069122256
"_CCTTCAGGTGGTGATG-3","Glut-DACH2-1","Ex_DACH2_MGAT4C",0.380575517237912
"_CCTTCAGTCTCCGTGT-3","Glut-DACH2-HVCra-Int","Ex_DACH2_LHX2",0.352833027848509
"_CCTTGTGAGTGTAGTA-3","Glut-DACH2-HVCra","Ex_SATB2_SOX6",0.429154207611004
"_CCTTGTGTCATCACAG-3","Glut-DACH2-HVCra-Int","Ex_DACH2_LHX2",0.333488808122582
"_CCTTTGGAGAGCTGCA-3","Glut-DACH2-HVCra-Int","Ex_DACH2_GRIK4",0.287180144298068
"_CCTTTGGAGTCAACAA-3","Glut-DACH2-2","Ex_DACH2_LHX2",0.417031558356253
"_CCTTTGGGTCGTGGAA-3","Glut-DACH2-HVCra","Ex_BCL6",0.398387238056034
"_CCTTTGGGTTCACCGG-3","Glut-DACH2-HVCra","Ex_SATB2_SOX6",0.501899703791332
"_CGAAGGAAGGCGCTCT-3","Glut-DACH2-HVCra","Ex_SATB2_SOX6",0.436797927290675
"_CGAAGGACAAGAATAC-3","Glut-DACH2-HVCra-Int","Ex_DACH2_MGAT4C",0.259118652144432
"_CGAAGGATCCAGTGTA-3","Glut-DACH2-HVCra-Int","Ex_DACH2_LHX2",0.341584295498967
"_CGAAGTTCATCCTTGC-3","Glut-DACH2-HVCra-Int","Ex_DACH2_MGAT4C",0.31329980353714
"_CGAAGTTTCAACCTCC-3","Glut-DACH2-HVCra-Int","Ex_Pre_SATB2",0.387852925528243
"_CGAAGTTTCTTCGTGC-3","Glut-DACH2-2","Ex_DACH2_LHX2",0.587765776146827
"_CGAATTGTCAGACAAA-3","Glut-DACH2-HVCra","Ex_DACH2_ADAMTS5",0.255426623438393
"_CGAATTGTCGATTCCC-3","Glut-DACH2-HVCx","Ex_DACH2_CEMIP",0.420632395644042
"_CGACAGCAGTTCCGTA-3","Glut-DACH2-4","Ex_SATB2_SOX6",0.319428340995911
"_CGACAGCGTAAGTTGA-3","Glut-DACH2-HVCra","Ex_SATB2_SOX6",0.414181794603484
"_CGACAGCTCTCCACTG-3","Glut-DACH2-HVCra-Int","Ex_DACH2_MGAT4C",0.250099369483024
"_CGAGAAGTCACTGTCC-3","Glut-DACH2-HVCra","Ex_SATB2_FOXP2",0.326070035451408
"_CGAGAAGTCGTCGACG-3","Glut-DACH2-HVCra-Int","Ex_DACH2_LHX2",0.542336969355804
"_CGAGGAATCACCCTCA-3","Glut-DACH2-HVCra","Ex_SATB2_SOX6",0.199592361100479
"_CGAGGCTCATGTCGTA-3","Glut-DACH2-HVCra","Ex_DACH2_LHX2",0.264536432344899
"_CGAGTGCCATAGTCGT-3","Glut-DACH2-HVCra","Ex_SATB2_SOX6",0.17057729205933
"_CGAGTTAAGTAAAGCT-3","Glut-DACH2-HVCra-Int","Ex_DACH2_MGAT4C",0.518711104961886
"_CGAGTTACAATCACGT-3","Glut-DACH2-3","Ex_DACH2_ADAMTS5",0.298993742384828
"_CGAGTTAGTCAAAGTA-3","Glut-DACH2-HVCra-Int","Ex_DACH2_LHX2",0.63881636394831
"_CGATCGGCAAGATGTA-3","Glut-DACH2-HVCra","Ex_DACH2_CEMIP",0.246535731248396
"_CGATGCGTCTATCGGA-3","Glut-DACH2-HVCx","Ex_DACH2_CEMIP",0.470041640182152
"_CGATGGCAGTACAGCG-3","Glut-DACH2-HVCra","Ex_SATB2_SOX6",0.53365848004818
"_CGATGGCCATCGGTTA-3","Glut-DACH2-HVCra","Ex_DACH2_GRIK4",0.231792196039405
"_CGCATAAAGTAAACGT-3","Glut-DACH2-HVCra-Int","Ex_DACH2_ADAMTS5",0.49864706544261
"_CGCATAACACAAAGCG-3","Glut-DACH2-HVCra","Ex_SATB2_SOX6",0.454882577278292
"_CGCATAACATGGCGCT-3","Glut-DACH2-HVCra-Int","Ex_DACH2_GRIK4",0.238749102938612
"_CGCATAAGTCGTCTCT-3","Glut-DACH2-HVCx","Ex_DACH2_CEMIP",0.495374796689986
"_CGCATAATCCTACTGC-3","Glut-DACH2-1","Ex_DACH2_GRIK4",0.39827865753785
"_CGCATGGAGATTGATG-3","Glut-DACH2-HVCx","Ex_DACH2_CEMIP",0.490970218727592
"_CGCATGGCATTGACTG-3","Glut-DACH2-HVCra","Ex_DACH2_NR4A3",0.535628786388983
"_CGCATGGGTCAGGTGA-3","Glut-DACH2-HVCra","Ex_DACH2_NR4A3",0.242464513539004
"_CGCATGGTCGAACCTA-3","Glut-DACH2-HVCra","Ex_SATB2_SOX6",0.466793277064296
"_CGCCAGAAGATCGCTT-3","Glut-DACH2-HVCra-Int","Ex_SATB2_FOXP2",0.295010596964
"_CGCCAGACATCACAGT-3","Glut-DACH2-HVCra-Int","Ex_DACH2_MGAT4C",0.618818376951269
"_CGCCAGATCCTCACTG-3","Glut-DACH2-HVCra","Ex_DACH2_MGAT4C",0.384429619055074
"_CGCCATTCAGATCACT-3","Glut-DACH2-HVCra-Int","Ex_DACH2_MGAT4C",0.368151438521886
"_CGCCATTCATCGATGT-3","Glut-DACH2-HVCra","Ex_DACH2_NR4A3",0.500539820940515
"_CGCCATTGTAAGACCG-3","Glut-DACH2-HVCra","Ex_SATB2_SOX6",0.222002650197692
"_CGCGTGAAGACCACGA-3","Glut-DACH2-HVCra-Int","Ex_DACH2_GRIK4",0.429328510302871
"_CGCGTGACAGAGTTCT-3","Glut-DACH2-HVCx","Ex_DACH2_CEMIP",0.607184077004902
"_CGCGTGACATGCGTGC-3","Glut-DACH2-1","Ex_DACH2_MGAT4C",0.54755008946167
"_CGGAACCAGCATCAGG-3","Glut-DACH2-1","Ex_DACH2_GRIK4",0.499664521773365
"_CGGAACCCACGCCAGT-3","Glut-DACH2-HVCra-Int","Ex_DACH2_LHX2",0.504849016136939
"_CGGAACCTCCGTCCTA-3","Glut-DACH2-HVCra","Ex_DACH2_MGAT4C",0.44921383970926
"_CGGAATTCAAGTATAG-3","Glut-DACH2-HVCra","Ex_DACH2_MGAT4C",0.339444720243592
"_CGGACACCAATACAGA-3","Glut-DACH2-HVCra","Ex_SATB2_SOX6",0.618702202771247
"_CGGAGAAAGGTATAGT-3","Glut-DACH2-HVCra","Ex_SATB2_SOX6",0.574078469988605
"_CGGAGAACAAATCAGA-3","Glut-DACH2-HVCra-Int","Ex_DACH2_MGAT4C",0.24136488398908
"_CGGAGAAGTCTACAGT-3","Glut-DACH2-HVCra","Ex_SATB2_SOX6",0.367066892621752
"_CGGCAGTAGCCGGAAT-3","Glut-DACH2-HVCra","Ex_DACH2_LUZP2",0.301882512854255
"_CGGCAGTAGTGCACAG-3","Glut-DACH2-HVCra","Ex_SATB2_SOX6",0.325446697777775
"_CGGCAGTTCAGGACGA-3","Glut-DACH2-HVCra-Int","Ex_DACH2_MGAT4C",0.309214658417578
"_CGGCAGTTCTAGCAAC-3","Glut-DACH2-HVCra-Int","Ex_DACH2_NR4A3",0.468846594466888
"_CGGCAGTTCTAGTTCT-3","Glut-DACH2-HVCx","Ex_DACH2_CEMIP",0.741210790887548
"_CGGGACTGTGATGTAA-3","Glut-DACH2-HVCra","Ex_SATB2_SOX6",0.233795046478199
"_CGGGCATAGCCTTCTC-3","Glut-DACH2-HVCra","Ex_DACH2_MGAT4C",0.210249075966724
"_CGGGCATAGGCCCAAA-3","Glut-DACH2-HVCra-Int","Ex_DACH2_MGAT4C",0.278464103391463
"_CGGGCATCAGACGGAT-3","Glut-DACH2-HVCra","Ex_DACH2_ADAMTS5",0.321520794812283
"_CGGGCATTCACTTTGT-3","Glut-DACH2-HVCra","Ex_SATB2_SOX6",0.416776579270414
"_CGGGCATTCTACGGTA-3","Glut-DACH2-HVCra","Ex_SATB2_SOX6",0.392563024946076
"_CGGGTCAAGACCAGAC-3","Glut-DACH2-HVCx","Ex_DACH2_CEMIP",0.375951092577435
"_CGGGTCAGTCCCTGAG-3","Glut-DACH2-HVCra-Int","Ex_DACH2_MGAT4C",0.382079122426214
"_CGGGTCATCTGTGCTC-3","Glut-DACH2-HVCx","Ex_DACH2_CEMIP",0.22271091837258
"_CGGGTGTCATGACGTT-3","Glut-DACH2-HVCx","Ex_SATB2_SOX6",0.3451377134279
"_CGGGTGTTCGCTGCGA-3","Glut-DACH2-HVCra","Ex_DACH2_LHX2",0.362565908949716
"_CGGTCAGAGGTTAGTA-3","Glut-DACH2-HVCra-Int","Ex_DACH2_LHX2",0.50284057702997
"_CGGTCAGAGTCTTGGT-3","Glut-DACH2-HVCra-Int","Ex_DACH2_LHX2",0.603611978477173
"_CGGTCAGCATCTCGTC-3","Glut-DACH2-HVCra-Int","Ex_DACH2_LHX2",0.306053445547877
"_CGGTCAGTCTCCTGTG-3","Glut-DACH2-HVCra-Int","Ex_DACH2_MGAT4C",0.191596826692073
"_CGTAAGTGTGAATGAT-3","Glut-DACH2-2","Ex_DACH2_MGAT4C",0.415169677751068
"_CGTAAGTTCTGCCTGT-3","Glut-DACH2-HVCra","Ex_DACH2_MGAT4C",0.206956697801434
"_CGTAATGGTATTTCCT-3","Glut-DACH2-1","Ex_DACH2_GRIK4",0.568348971047255
"_CGTAATGGTGTTAAAG-3","Glut-DACH2-2","Ex_DACH2_LHX2",0.624543158601665
"_CGTAATGTCCGCAGTG-3","Glut-DACH2-HVCra","Ex_SATB2_OVOA",0.325144774436896
"_CGTAGTAAGACGATAT-3","Glut-DACH2-1","Ex_DACH2_GRIK4",0.347988876679597
"_CGTAGTACAGATGCGA-3","Glut-DACH2-2","Ex_DACH2_LHX2",0.42435904467551
"_CGTAGTATCCCGTTCA-3","Glut-DACH2-2","Ex_DACH2_MGAT4C",0.38710134624211
"_CGTCAAAGTGGGCTCT-3","Glut-DACH2-HVCra","Ex_SATB2_SOX6",0.390644769279762
"_CGTCAAATCACGGGAA-3","Glut-DACH2-HVCra-Int","Ex_DACH2_GRIK4",0.376434619182544
"_CGTCCATAGTATTCCG-3","Glut-DACH2-HVCx","Ex_DACH2_CEMIP",0.667126789144211
"_CGTCCATCAAATACGA-3","Glut-DACH2-HVCra-Int","Ex_DACH2_MGAT4C",0.409968155272145
"_CGTCCATCAACAGCCC-3","Glut-DACH2-HVCra","Ex_SATB2_SOX6",0.576998725370341
"_CGTCCATCACCTTCCA-3","Glut-DACH2-HVCra","Ex_SATB2_SOX6",0.272685885440746
"_CGTCCATTCGTTCTGC-3","Glut-DACH2-2","Ex_DACH2_LHX2",0.287760271848516
"_CGTCCATTCTTAGCAG-3","Glut-DACH2-1","Ex_DACH2_NR4A3",0.365176143561687
"_CGTGAATAGAATTCAG-3","Glut-DACH2-2","Ex_DACH2_LUZP2",0.293939619892883
"_CGTGAATAGTGCACCC-3","Glut-DACH2-HVCra-Int","Ex_DACH2_GRIK4",0.326237100288747
"_CGTGAATCAAGTTCCA-3","Glut-DACH2-HVCra","Ex_SATB2_SOX6",0.350032049312756
"_CGTGAATGTCCCGCAA-3","Glut-DACH2-HVCra","Ex_DACH2_ZMAT4",0.278066689120701
"_CGTGAATTCTATCGCC-3","Glut-DACH2-HVCra","Ex_SATB2_SOX6",0.357802961793744
"_CGTGAATTCTCCGAGG-3","Glut-DACH2-HVCx","Ex_DACH2_CEMIP",0.368512984843044
"_CGTGATACATACGCAT-3","Glut-DACH2-HVCra","Ex_DACH2_CEMIP",0.310430304388896
"_CGTGCTTCAGTAGATA-3","Glut-DACH2-HVCra","Ex_SATB2_SOX6",0.691442844798504
"_CGTGTCTAGGTGCTGA-3","Glut-DACH2-HVCx","Ex_DACH2_CEMIP",0.429292950319421
"_CGTGTCTAGTTAGTGA-3","Glut-DACH2-HVCra","Ex_SATB2_SOX6",0.279760560945317
"_CGTTAGACAAAGAGTT-3","Glut-DACH2-HVCx","Ex_DACH2_CEMIP",0.614952599432211
"_CGTTAGACAACGGCCT-3","Glut-DACH2-HVCra-Int","Ex_DACH2_LHX2",0.64290751452617
"_CGTTAGACATCCGTGG-3","Glut-DACH2-HVCra-Int","Ex_DACH2_NR4A3",0.559547704383145
"_CGTTCTGCATCACAGT-3","Glut-DACH2-HVCra-Int","Ex_DACH2_LHX2",0.623523466266542
"_CGTTCTGGTAGGGAGG-3","Glut-DACH2-HVCx","Ex_DACH2_CEMIP",0.557198886916511
"_CGTTGGGAGTACAGAT-3","Glut-DACH2-HVCra","Ex_SATB2_SOX6",0.218487199883075
"_CTAACCCCAACAGAGC-3","Glut-DACH2-HVCra","Ex_SATB2_SOX6",0.38977671261594
"_CTAACCCCACGCTGAC-3","Glut-DACH2-HVCx","Ex_KIAA1217_BCL6",0.222068667012809
"_CTAACCCCACTGCGAC-3","Glut-DACH2-HVCra-Int","Ex_DACH2_MGAT4C",0.269520515057906
"_CTAACCCCAGTCTACA-3","Glut-DACH2-2","Ex_DACH2_MGAT4C",0.464250384076723
"_CTAACCCGTACAAACA-3","Glut-DACH2-HVCra-Int","Ex_DACH2_MGAT4C",0.326536683061329
"_CTAACCCTCCTGGGTG-3","Glut-DACH2-HVCra-Int","Ex_DACH2_GRIK4",0.454192243683731
"_CTAAGTGAGTGTTCCA-3","Glut-DACH2-2","Ex_DACH2_LHX2",0.556406272815161
"_CTAAGTGTCTACTCAT-3","Glut-DACH2-2","Ex_DACH2_LHX2",0.650300554900253
"_CTACAGAAGGATTTCC-3","Glut-DACH2-HVCra-Int","Ex_DACH2_LHX2",0.301736736454501
"_CTACAGAAGTAATACG-3","Glut-DACH2-2","Ex_DACH2_LHX2",0.601261366313308
"_CTACAGACAGAATGTA-3","Glut-DACH2-HVCx","Ex_DACH2_CEMIP",0.652100982267689
"_CTACAGATCAAGCCGC-3","Glut-DACH2-2","Ex_DACH2_LUZP2",0.461817214523154
"_CTACAGATCTAGGCCG-3","Glut-DACH2-HVCra-Int","Ex_DACH2_MGAT4C",0.384716634825541
"_CTACATTCACCAGTAT-3","Glut-DACH2-HVCra-Int","Ex_DACH2_GRIK4",0.458767526014926
"_CTACATTGTTCCGTTC-3","Glut-DACH2-HVCra","Ex_SATB2_SOX6",0.454417032952581
"_CTACCTGAGGTCCTGC-3","Glut-DACH2-2","Ex_DACH2_LHX2",0.308880082529402
"_CTACCTGCATTCTGTT-3","Glut-DACH2-HVCra-Int","Ex_DACH2_NR4A3",0.438450905202894
"_CTACGGGCAGCTCATA-3","Glut-DACH2-HVCra-Int","Ex_DACH2_LHX2",0.640299590065666
"_CTACTATAGCGGTATG-3","Glut-DACH2-HVCra-Int","Ex_DACH2_LHX2",0.328754287094391
"_CTACTATAGCGTGAGT-3","Glut-DACH2-HVCra-Int","Ex_DACH2_MGAT4C",0.489453201643721
"_CTACTATCAACTAGAA-3","Glut-DACH2-HVCra-Int","Ex_DACH2_LHX2",0.305555593423762
"_CTACTATGTAGACGTG-3","Glut-DACH2-HVCra-Int","Ex_DACH2_LHX2",0.597893680353581
"_CTACTATGTAGGCAAC-3","Glut-DACH2-2","Ex_DACH2_LHX2",0.476148779408862
"_CTAGACACACTGCTTC-3","Glut-DACH2-HVCra","Ex_DACH2_GRIK4",0.190824433841643
"_CTAGACATCCCTGGTT-3","Glut-DACH2-2","Ex_DACH2_NR4A3",0.585338738204212
"_CTAGGTAAGACTCTTG-3","Glut-DACH2-1","Ex_DACH2_GRIK4",0.51053474066302
"_CTAGGTACAATCGCAT-3","Glut-DACH2-HVCra","Ex_DACH2_ADAMTS5",0.303571586413515
"_CTAGGTAGTGCATGTT-3","Glut-DACH2-HVCra","Ex_SATB2_SOX6",0.397915849304354
"_CTAGGTATCGGAAACG-3","Glut-DACH2-HVCra","Ex_SATB2_SOX6",0.484713829409255
"_CTATAGGAGGACAGCT-3","Glut-DACH2-2","Ex_DACH2_MGAT4C",0.449896048238159
"_CTATAGGAGTCGAAAT-3","Glut-DACH2-HVCra-Int","Ex_DACH2_LHX2",0.261295669871966
"_CTATCCGTCTGAGAAA-3","Glut-DACH2-HVCx","Ex_DACH2_CEMIP",0.610431326688157
"_CTATCTACACCGTACG-3","Glut-DACH2-2","Ex_DACH2_LUZP2",0.276831476567838
"_CTATCTAGTGCCTAAT-3","Glut-DACH2-HVCx","Ex_DACH2_CEMIP",0.701051872312971
"_CTATCTATCCTACACC-3","Glut-DACH2-2","Ex_DACH2_LHX2",0.329280902552694
"_CTCAACCAGCATTTCG-3","Glut-DACH2-2","Ex_DACH2_LHX2",0.513412749908625
"_CTCAACCAGTCTACCA-3","Glut-DACH2-HVCra-Int","Ex_DACH2_LHX2",0.391122371201771
"_CTCAACCCAAGCAGGT-3","Glut-DACH2-HVCra","Ex_SATB2_SOX6",0.565827560752404
"_CTCAACCCATACACCA-3","Glut-DACH2-HVCx","Ex_DACH2_CEMIP",0.566890215789028
"_CTCAACCGTTGGGCCT-3","Glut-DACH2-HVCx","Ex_DACH2_CEMIP",0.738948601766646
"_CTCAACCTCACCTCAC-3","Glut-DACH2-1","Ex_DACH2_MGAT4C",0.37463687595373
"_CTCAAGAAGAGTATAC-3","Glut-DACH2-HVCra-Int","Ex_DACH2_MGAT4C",0.534802560157235
"_CTCAAGAAGATGGTCG-3","Glut-DACH2-HVCra","Ex_DACH2_ADAMTS5",0.195092407981024
"_CTCAAGACAGACTGCC-3","Glut-DACH2-HVCra","Ex_SATB2_SOX6",0.236097997552577
"_CTCAAGACAGTTGTCA-3","Glut-DACH2-4","Ex_DACH2_ITGA9",0.243535498725425
"_CTCAAGAGTAGTGGCA-3","Glut-DACH2-HVCra","Ex_SATB2_SOX6",0.419147859530604
"_CTCAAGAGTGTGCTTA-3","Glut-DACH2-HVCx","Ex_DACH2_CEMIP",0.621779654988582
"_CTCAATTCACGGATCC-3","Glut-DACH2-HVCra-Int","Ex_DACH2_LHX2",0.494284235214098
"_CTCAATTCACGGTGAA-3","Glut-DACH2-HVCra-Int","Ex_DACH2_LHX2",0.611953870509679
"_CTCAATTGTAAGATAC-3","Glut-DACH2-HVCx","Ex_DACH2_ITGA9",0.224602480021662
"_CTCAATTGTTGATGTC-3","Glut-DACH2-1","Ex_DACH2_NR4A3",0.556958924684647
"_CTCACTGCAAGCCATT-3","Glut-DACH2-HVCra-Int","Ex_DACH2_LHX2",0.402834611868353
"_CTCAGAAAGCACAAAT-3","Glut-DACH2-HVCra","Ex_SATB2_SOX6",0.365733102320637
"_CTCAGAAAGGGATGTC-3","Glut-DACH2-2","Ex_DACH2_LHX2",0.56879207417697
"_CTCAGAAAGGTTATAG-3","Glut-DACH2-HVCra","Ex_DACH2_GRIK4",0.447701253992747
"_CTCAGAAAGTAAATGC-3","Glut-DACH2-2","Ex_DACH2_LHX2",0.485734972583313
"_CTCAGAACAACAGTGG-3","Glut-DACH2-HVCx","Ex_DACH2_CEMIP",0.657495676862942
"_CTCAGAACAACTAGAA-3","Glut-DACH2-HVCx","Ex_DACH2_CEMIP",0.393717335581751
"_CTCAGAACATCATCTT-3","Glut-DACH2-HVCra","Ex_SATB2_SOX6",0.512224174003305
"_CTCAGAACATTCCTAT-3","Glut-DACH2-HVCx","Ex_DACH2_CEMIP",0.604604018856374
"_CTCAGAAGTCTCTCTG-3","Glut-DACH2-HVCra","Ex_DACH2_MGAT4C",0.269334789836375
"_CTCAGGGCAATTTCGG-3","Glut-DACH2-HVCra","Ex_SATB2_OVOA",0.363156552393025
"_CTCAGGGCAGGTTTAC-3","Glut-DACH2-HVCra-Int","Ex_DACH2_ITGA9",0.181221473296674
"_CTCAGTCAGAGTACCG-3","Glut-DACH2-HVCra-Int","Ex_DACH2_GRIK4",0.351770375619897
"_CTCAGTCAGTAGAATC-3","Glut-DACH2-HVCx","Ex_SATB2_SOX6",0.259673051173964
"_CTCAGTCCAGACGGAT-3","Glut-DACH2-2","Ex_DACH2_MGAT4C",0.478622177454146
"_CTCAGTCTCCCAAGTA-3","Glut-DACH2-HVCra","Ex_SATB2_SOX6",0.376644182789512
"_CTCAGTCTCGTGAGAG-3","Glut-DACH2-HVCra-Int","Ex_DACH2_LHX2",0.529398228812972
"_CTCATCGAGGAAACGA-3","Glut-DACH2-HVCx","Ex_DACH2_CEMIP",0.272872382104876
"_CTCATCGCACTTCAGA-3","Glut-DACH2-HVCra","Ex_DACH2_LHX2",0.508881173933594
"_CTCATCGCAGACCGCT-3","Glut-DACH2-HVCra-Int","Ex_DACH2_LHX2",0.489631699341529
"_CTCATCGTCCATCAGA-3","Glut-DACH2-HVCra-Int","Ex_DACH2_MGAT4C",0.334756782348043
"_CTCATGCAGACCATTC-3","Glut-DACH2-HVCra","Ex_SATB2_SOX6",0.486798353505984
"_CTCATGCGTATTGACC-3","Glut-DACH2-2","Ex_DACH2_LUZP2",0.259441344490198
"_CTCATTAAGTTCGCAT-3","Glut-DACH2-HVCra-Int","Ex_DACH2_LHX2",0.539464830658445
"_CTCATTATCGGCTATA-3","Glut-DACH2-HVCra-Int","Ex_DACH2_LHX2",0.534685151250246
"_CTCCAACAGCCTTTCC-3","Glut-DACH2-HVCra","Ex_DACH2_MGAT4C",0.271652547772179
"_CTCCAACAGTGGAAGA-3","Glut-DACH2-HVCra-Int","Ex_DACH2_LHX2",0.487008603963727
"_CTCCAACCAATTGCTG-3","Glut-DACH2-HVCra-Int","Ex_DACH2_MGAT4C",0.291780367403793
"_CTCCAACTCGTCGACG-3","Glut-DACH2-HVCra-Int","Ex_DACH2_MGAT4C",0.26793127076422
"_CTCCACAAGCCTTGAT-3","Glut-DACH2-HVCra-Int","Ex_DACH2_MGAT4C",0.263573385855681
"_CTCCATGCAACGGCCT-3","Glut-DACH2-1","Ex_DACH2_GRIK4",0.732821214948743
"_CTCCATGGTGGAACAC-3","Glut-DACH2-4","Ex_KIAA1217_BCL6",0.280562850999328
"_CTCCATGGTGTACGCC-3","Glut-DACH2-HVCra","Ex_DACH2_ZMAT4",0.160555385636919
"_CTCCCAACACCTGCTT-3","Glut-DACH2-HVCra-Int","Ex_DACH2_LHX2",0.616924979541303
"_CTCCCAAGTGACACAG-3","Glut-DACH2-HVCra-Int","Ex_DACH2_MGAT4C",0.515494773652695
"_CTCCGATAGCACTCCG-3","Glut-DACH2-2","Ex_DACH2_LHX2",0.39137081520965
"_CTCCGATAGGGTGAAA-3","Glut-DACH2-2","Ex_DACH2_MGAT4C",0.465713257474398
"_CTCCGATAGTTGCCCG-3","Glut-DACH2-HVCra-Int","Ex_DACH2_GRIK4",0.271080099537513
"_CTCCGATGTACAAGTA-3","Glut-DACH2-HVCra","Ex_SATB2_SOX6",0.240882968881259
"_CTCCTCCCACGACCTG-3","Glut-DACH2-HVCra","Ex_SATB2_SOX6",0.36982475363186
"_CTCCTCCCAGGTTACT-3","Glut-DACH2-HVCra-Int","Ex_DACH2_LHX2",0.329465947144804
"_CTCCTCCGTAAGAACT-3","Glut-DACH2-HVCra","Ex_SATB2_SOX6",0.507973572090612
"_CTCCTCCTCGGCCCAA-3","Glut-DACH2-4","Ex_DACH2_ITGA9",0.347359218103007
"_CTCCTTTAGACTAGAT-3","Glut-DACH2-HVCra-Int","Ex_DACH2_MGAT4C",0.356331636689244
"_CTCCTTTTCCTATTTG-3","Glut-DACH2-HVCra","Ex_SATB2_SOX6",0.287885227682975
"_CTCGAGGCACAGTGAG-3","Glut-DACH2-HVCra","Ex_SATB2_SOX6",0.327746816400485
"_CTCGAGGTCTGGCCTT-3","Glut-DACH2-HVCra","Ex_SATB2_SOX6",0.328537869497915
"_CTCTCAGCACATACGT-3","Glut-DACH2-HVCra","Ex_DACH2_MGAT4C",0.166118548353457
"_CTCTCAGCAGCTGAAG-3","Glut-DACH2-HVCra-Int","Ex_DACH2_MGAT4C",0.448038537023623
"_CTCTCAGGTACAAAGT-3","Glut-DACH2-HVCra-Int","Ex_DACH2_LHX2",0.526393096336755
"_CTCTCAGGTAGACAGC-3","Glut-DACH2-HVCra-Int","Ex_DACH2_MGAT4C",0.390826310790304
"_CTCTCAGGTAGTTACC-3","Glut-DACH2-HVCra","Ex_DACH2_LHX2",0.306203072870487
"_CTCTCAGTCGCTGTTC-3","Glut-DACH2-2","Ex_DACH2_MGAT4C",0.419345411747919
"_CTCTCGAGTTAAACAG-3","Glut-DACH2-HVCra-Int","Ex_DACH2_MGAT4C",0.366043043932775
"_CTCTCGATCGCTACAA-3","Glut-DACH2-2","Ex_DACH2_GRIK4",0.518455903031363
"_CTCTGGTAGGTCTACT-3","Glut-DACH2-HVCra-Int","Ex_DACH2_MGAT4C",0.269482733681194
"_CTCTGGTAGTGTACAA-3","Glut-DACH2-2","Ex_DACH2_MGAT4C",0.23498353231962
"_CTCTGGTCAAGCGATG-3","Glut-DACH2-2","Ex_DACH2_MGAT4C",0.29050434342211
"_CTCTGGTCAGAGACTG-3","Glut-DACH2-HVCra-Int","Ex_DACH2_MGAT4C",0.405974744213864
"_CTCTGGTGTTCGGTTA-3","Glut-DACH2-2","Ex_DACH2_LHX2",0.561751693534779
"_CTCTGGTTCCTGTAAG-3","Glut-DACH2-2","Ex_DACH2_GRIK4",0.377357744466027
"_CTCTGGTTCTACTGAG-3","Glut-DACH2-HVCra","Ex_SATB2_SOX6",0.42447732968086
"_CTGAATGGTAGGAGGG-3","Glut-DACH2-HVCx","Ex_DACH2_CEMIP",0.36810077403359
"_CTGAATGGTAGGGTAC-3","Glut-DACH2-HVCra-Int","Ex_DACH2_LHX2",0.429232329087233
"_CTGAATGTCTCGTGGG-3","Glut-DACH2-HVCra","Ex_SATB2_SOX6",0.400061844840698
"_CTGAGCGAGATCACCT-3","Glut-DACH2-HVCx","Ex_DACH2_CEMIP",0.413550422322228
"_CTGAGCGGTAAGCTCT-3","Glut-DACH2-HVCra-Int","Ex_DACH2_MGAT4C",0.345045731032298
"_CTGAGCGGTTGCTGAT-3","Glut-DACH2-HVCx","Ex_DACH2_CEMIP",0.327812027702423
"_CTGAGCGTCCCAGGCA-3","Glut-DACH2-HVCra","Ex_DACH2_CEMIP",0.551819739712563
"_CTGAGGCAGCATGCGA-3","Glut-DACH2-HVCra","Ex_DACH2_MGAT4C",0.249189419546718
"_CTGAGGCGTTCTCCCA-3","Glut-DACH2-HVCra-Int","Ex_DACH2_LHX2",0.293412842722197
"_CTGAGGCTCCCGTAAA-3","Glut-DACH2-HVCra-Int","Ex_SATB2_SOX6",0.401169731029845
"_CTGAGGCTCCGAACGC-3","Glut-DACH2-2","Ex_DACH2_LHX2",0.568581871485093
"_CTGATCCCAAGAATAC-3","Glut-DACH2-HVCra","Ex_SATB2_SOX6",0.416767025539752
"_CTGCAGGTCGCTTTAT-3","Glut-DACH2-1","Ex_DACH2_NR4A3",0.851910727249124
"_CTGCAGGTCGTTCTGC-3","Glut-DACH2-HVCra","Ex_SATB2_SOX6",0.326479462853226
"_CTGCAGGTCTTGTGCC-3","Glut-DACH2-2","Ex_DACH2_LHX2",0.601879164077095
"_CTGCCATAGTGGACGT-3","Glut-DACH2-HVCra","Ex_SATB2_SOX6",0.310662810670065
"_CTGCCATTCGTGGCGT-3","Glut-DACH2-2","Ex_DACH2_LHX2",0.668619284616279
"_CTGCCTACAGCACGAA-3","Glut-DACH2-HVCra","Ex_SATB2_SOX6",0.462736784055564
"_CTGCCTACAGCCGTCA-3","Glut-DACH2-HVCra-Int","Ex_DACH2_GRIK4",0.343001448454653
"_CTGCCTATCCCTTCCC-3","Glut-DACH2-HVCra","Ex_SATB2_SOX6",0.575791804111502
"_CTGCGAGAGATGCGAC-3","Glut-DACH2-HVCra-Int","Ex_DACH2_MGAT4C",0.279283694756451
"_CTGCGAGAGCAATAGT-3","Glut-DACH2-HVCra","Ex_SATB2_SOX6",0.502761427442111
"_CTGCGAGCACTAGGTT-3","Glut-DACH2-HVCx","Ex_DACH2_CEMIP",0.717221534898996
"_CTGCGAGGTCAGACGA-3","Glut-DACH2-HVCx","Ex_DACH2_CEMIP",0.363868012065045
"_CTGCTCATCGCAGATT-3","Glut-DACH2-HVCra-Int","Ex_DACH2_MGAT4C",0.384187265407193
"_CTGGACGAGATGCGAC-3","Glut-DACH2-HVCra","Ex_SATB2_SOX6",0.198137341004209
"_CTGGACGCATAGACTC-3","Glut-DACH2-HVCra","Ex_SATB2_SOX6",0.434273433384068
"_CTGGACGTCCCTCATG-3","Glut-DACH2-HVCra","Ex_SATB2_SOX6",0.467174004709408
"_CTGGCAGGTGGGAGAG-3","Glut-DACH2-2","Ex_DACH2_LHX2",0.432403040575881
"_CTGGTCTAGCTACAAA-3","Glut-DACH2-HVCx","Ex_DACH2_CEMIP",0.352172928646685
"_CTGGTCTCAGAGTCAG-3","Glut-DACH2-HVCra-Int","Ex_DACH2_LHX2",0.622880973331887
"_CTGTACCCACCGAATT-3","Glut-DACH2-2","Ex_DACH2_LHX2",0.344264372719141
"_CTGTACCGTGCAGTGA-3","Glut-DACH2-HVCra-Int","Ex_DACH2_MGAT4C",0.322603320845021
"_CTGTACCTCGTGGCGT-3","Glut-DACH2-HVCra","Ex_DACH2_LHX2",0.141345723219828
"_CTGTAGAGTAACTGCT-3","Glut-DACH2-2","Ex_DACH2_LHX2",0.428043359125361
"_CTGTAGAGTCTTCATT-3","Glut-DACH2-HVCra","Ex_DACH2_LHX2",0.547185690971844
"_CTGTATTAGGTATCTC-3","Glut-DACH2-HVCra-Int","Ex_DACH2_MGAT4C",0.371179351433892
"_CTGTATTAGTGCTACT-3","Glut-DACH2-HVCra-Int","Ex_DACH2_MGAT4C",0.291258942480967
"_CTGTATTGTGTCTCCT-3","Glut-DACH2-HVCra-Int","Ex_DACH2_ADAMTS5",0.237289545041292
"_CTGTATTTCCCAGTGG-3","Glut-DACH2-2","Ex_DACH2_MGAT4C",0.268674313215316
"_CTGTATTTCGCAGTCG-3","Glut-DACH2-HVCra-Int","Ex_DACH2_LHX2",0.330247882191573
"_CTGTATTTCTGCTAGA-3","Glut-DACH2-2","Ex_DACH2_LHX2",0.304298545235822
"_CTGTCGTGTGAACTAA-3","Glut-DACH2-HVCra","Ex_SATB2_SOX6",0.300525352273794
"_CTGTCGTGTTACGGAG-3","Glut-DACH2-HVCx","Ex_SATB2_SOX6",0.434376741333317
"_CTGTGAACATCGAGCC-3","Glut-DACH2-HVCra-Int","Ex_DACH2_MGAT4C",0.286828724203545
"_CTGTGAAGTAATCAGA-3","Glut-DACH2-HVCra-Int","Ex_DACH2_LHX2",0.66070864818752
"_CTGTGAAGTCTCGGAC-3","Glut-DACH2-2","Ex_DACH2_NR4A3",0.469271210670203
"_CTGTGAATCGTTCCCA-3","Glut-DACH2-2","Ex_DACH2_LHX2",0.477600157528307
"_CTGTGGGCACGGAAGT-3","Glut-DACH2-2","Ex_DACH2_MGAT4C",0.389452577471126
"_CTGTGGGGTCAGACTT-3","Glut-DACH2-HVCra","Ex_SATB2_SOX6",0.534800389205637
"_CTGTGGGTCTAACGCA-3","Glut-DACH2-1","Ex_DACH2_MGAT4C",0.522192912356948
"_CTTACCGAGGCTCACC-3","Glut-DACH2-HVCra","Ex_DACH2_LHX2",0.356136938170118
"_CTTACCGGTAGCGCTC-3","Glut-DACH2-2","Ex_DACH2_LHX2",0.627477199912502
"_CTTACCGGTCGTGCCA-3","Glut-DACH2-2","Ex_DACH2_MGAT4C",0.253119119668628
"_CTTAGGAGTAAGGTCG-3","Glut-DACH2-2","Ex_DACH2_LHX2",0.448086539607854
"_CTTCAATCACGTACTA-3","Glut-DACH2-2","Ex_DACH2_LHX2",0.305300058449814
"_CTTCAATCATTGTGCA-3","Glut-DACH2-1","Ex_DACH2_GRIK4",0.381238613981936
"_CTTCAATTCTCGACGG-3","Glut-DACH2-HVCra","Ex_SATB2_SOX6",0.473725852704851
"_CTTCCGAAGGAACTAT-3","Glut-DACH2-HVCx","Ex_DACH2_CEMIP",0.466591539790177
"_CTTCCGAGTACCGGCT-3","Glut-DACH2-HVCra","Ex_SATB2_ZNF385B",0.638476900948481
"_CTTCCTTAGTTGTCGT-3","Glut-DACH2-HVCra-Int","Ex_DACH2_MGAT4C",0.212682859122504
"_CTTCGGTAGTTGAAGT-3","Glut-DACH2-HVCra","Ex_SATB2_SOX6",0.460910328901747
"_CTTCGGTGTAACTAAG-3","Glut-DACH2-1","Ex_DACH2_MGAT4C",0.38754258528833
"_CTTCGGTTCACCATAG-3","Glut-DACH2-HVCra","Ex_SATB2_FOXP2",0.33386200646256
"_CTTCTAAAGACCTTTG-3","Glut-DACH2-HVCra","Ex_SATB2_SOX6",0.443848495020927
"_CTTCTAAGTGGACAGT-3","Glut-DACH2-HVCra","Ex_SATB2_SOX6",0.350552286491588
"_CTTCTAATCGCCAACG-3","Glut-DACH2-HVCra-Int","Ex_DACH2_MGAT4C",0.395204875800115
"_CTTCTAATCGCTGTCT-3","Glut-DACH2-HVCx","Ex_DACH2_CEMIP",0.400101665404702
"_CTTCTCTCACCCTTGT-3","Glut-DACH2-HVCra-Int","Ex_DACH2_GRIK4",0.318276282729836
"_CTTCTCTCACTTGGGC-3","Glut-DACH2-HVCra-Int","Ex_DACH2_GRIK4",0.421651649333841
"_CTTCTCTCATCGTGGC-3","Glut-DACH2-HVCra-Int","Ex_DACH2_MGAT4C",0.432078720128581
"_CTTCTCTTCTTCTCAA-3","Glut-DACH2-HVCx","Ex_DACH2_CEMIP",0.606321967040836
"_CTTGAGAAGCCAACCC-3","Glut-DACH2-HVCx","Ex_DACH2_ITGA9",0.257410406043698
"_CTTGAGAAGCTGTTCA-3","Glut-DACH2-2","Ex_DACH2_LHX2",0.582794283910744
"_CTTGAGAAGTGCAACG-3","Glut-DACH2-HVCra-Int","Ex_DACH2_MGAT4C",0.468809129326732
"_CTTGAGACAACTTGCA-3","Glut-DACH2-HVCra","Ex_SATB2_SOX6",0.348018004663196
"_CTTGAGACACACAGCC-3","Glut-DACH2-5","Ex_DACH2_ADAMTS5",0.599674885510372
"_CTTGATTAGTGTTGAA-3","Glut-DACH2-HVCra","Ex_SATB2_SOX6",0.429883360524306
"_CTTGATTCAAATGATG-3","Glut-DACH2-HVCx","Ex_DACH2_CEMIP",0.369760410464073
"_CTTGATTCAAGTCATC-3","Glut-DACH2-HVCra","Ex_SATB2_SOX6",0.363816321350613
"_CTTTCGGCACTCAAGT-3","Glut-DACH2-HVCra","Ex_BCL6",0.185073564430294
"_CTTTCGGCATACTTTC-3","Glut-DACH2-1","Ex_DACH2_GRIK4",0.722424760854099
"_CTTTCGGGTCGAACAG-3","Glut-DACH2-HVCra-Int","Ex_DACH2_GRIK4",0.449383090671499
"_GAAACCTCAATAGGGC-3","Glut-DACH2-2","Ex_DACH2_MGAT4C",0.453677668169567
"_GAAACCTCATGTTCAG-3","Glut-DACH2-HVCra","Ex_SATB2_SOX6",0.430332373794535
"_GAAACCTGTAGAGCTG-3","Glut-DACH2-HVCra","Ex_DACH2_CEMIP",0.328641936619396
"_GAAACCTGTAGGTAGC-3","Glut-DACH2-HVCx","Ex_DACH2_CEMIP",0.65344360642651
"_GAAACCTGTGCCTTTC-3","Glut-DACH2-HVCra","Ex_SATB2_SOX6",0.368937842917203
"_GAAATGAAGAGTCAAT-3","Glut-DACH2-HVCra","Ex_SATB2_SOX6",0.584907611044575
"_GAAATGACAGGCGAAT-3","Glut-DACH2-HVCra-Int","Ex_DACH2_GRIK4",0.322846889131243
"_GAACACTGTACTGACT-3","Glut-DACH2-HVCra","Ex_DACH2_LHX2",0.546224784736156
"_GAACACTTCGAAACAA-3","Glut-DACH2-HVCra","Ex_SATB2_SOX6",0.31958645552291
"_GAACACTTCTTAGCAG-3","Glut-DACH2-HVCra","Ex_DACH2_MGAT4C",0.23153487810924
"_GAACGTTGTGTACGCC-3","Glut-DACH2-HVCx","Ex_DACH2_CEMIP",0.737063759369733
"_GAACTGTTCCCAGTGG-3","Glut-DACH2-2","Ex_DACH2_GRIK4",0.303047070815832
"_GAAGAATCACCGTCGA-3","Glut-DACH2-HVCra","Ex_SATB2_SOX6",0.570622775006443
"_GAAGCCCCACCCATAA-3","Glut-DACH2-HVCx","Ex_DACH2_CEMIP",0.278222736602806
"_GAAGCCCTCGGAATGG-3","Glut-DACH2-HVCx","Ex_DACH2_CEMIP",0.440045869398458
"_GAAGCGAAGATGGTCG-3","Glut-DACH2-HVCra-Int","Ex_DACH2_LHX2",0.611085917736102
"_GAAGCGAAGCGCTTCG-3","Glut-DACH2-4","Ex_DACH2_ITGA9",0.22343591021909
"_GAAGCGACACAGAGCA-3","Glut-DACH2-HVCx","Ex_DACH2_CEMIP",0.679987495032451
"_GAAGCGACACATAGCT-3","Glut-DACH2-HVCra","Ex_DACH2_CEMIP",0.388258644020717
"_GAAGCGACACCTGATA-3","Glut-DACH2-HVCra","Ex_SATB2_SOX6",0.250341309251792
"_GAAGCGATCATCCTGC-3","Glut-DACH2-HVCra-Int","Ex_DACH2_MGAT4C",0.46515959838072
"_GAAGGACAGAGTCTTC-3","Glut-DACH2-HVCra","Ex_SATB2_SOX6",0.490031898504083
"_GAAGGACAGATCGCTT-3","Glut-DACH2-2","Ex_DACH2_LHX2",0.473489407306687
"_GAAGGACAGTCACGAG-3","Glut-DACH2-2","Ex_DACH2_LHX2",0.485796588072241
"_GAAGGACCAGTCCCGA-3","Glut-DACH2-HVCra-Int","Ex_DACH2_ADAMTS5",0.246069152576732
"_GAAGGACTCCCGTTGT-3","Glut-DACH2-HVCra-Int","Ex_DACH2_MGAT4C",0.357456158508101
"_GAAGGACTCTATACGG-3","Glut-DACH2-HVCra-Int","Ex_DACH2_LHX2",0.643547769348939
"_GAAGGGTGTAGTGCGA-3","Glut-DACH2-HVCra","Ex_BCL6",0.197829787564012
"_GAAGGGTTCAGCCTTC-3","Glut-DACH2-HVCx","Ex_DACH2_CEMIP",0.419858699314004
"_GAAGTAAAGAACTTCC-3","Glut-DACH2-HVCra","Ex_SATB2_SOX6",0.438729042797577
"_GAAGTAACACCTGCAG-3","Glut-DACH2-HVCx","Ex_DACH2_CEMIP",0.456901967506786
"_GAAGTAACACGGTGTC-3","Glut-DACH2-HVCra-Int","Ex_DACH2_MGAT4C",0.373657960413354
"_GAAGTAACAGTCAGAG-3","Glut-DACH2-2","Ex_DACH2_LHX2",0.39027886286902
"_GAAGTAATCCCTCTAG-3","Glut-DACH2-HVCra","Ex_SATB2_SOX6",0.48815419668925
"_GAATAGAAGGTGATCG-3","Glut-DACH2-HVCra","Ex_SATB2_OVOA",0.24342529176612
"_GAATAGAGTTCCCAAA-3","Glut-DACH2-HVCra","Ex_SATB2_SOX6",0.370876072618463
"_GAATCGTAGACTGAGC-3","Glut-DACH2-HVCra-Int","Ex_DACH2_GRIK4",0.346340167490877
"_GAATCGTCAACGGCCT-3","Glut-DACH2-7","Ex_DACH2_MGAT4C",0.398160023283299
"_GAATCGTTCTCGCGTT-3","Glut-DACH2-2","Ex_DACH2_LHX2",0.565580541166596
"_GACACGCAGCTGGTGA-3","Glut-DACH2-1","Ex_DACH2_NR4A3",0.377992802800467
"_GACACGCAGGGATCAC-3","Glut-DACH2-HVCra-Int","Ex_DACH2_MGAT4C",0.529548020574132
"_GACACGCGTCCGACGT-3","Glut-DACH2-2","Ex_DACH2_LHX2",0.559733643699582
"_GACAGCCAGAATACAC-3","Glut-DACH2-HVCra","Ex_SATB2_SOX6",0.325325455219452
"_GACCAATCACTACCGG-3","Glut-DACH2-HVCx","Ex_DACH2_ITGA9",0.318377749109873
"_GACCAATTCTCAGGCG-3","Glut-DACH2-HVCra-Int","Ex_SATB2_SOX6",0.340993853250272
"_GACCAATTCTTACGGA-3","Glut-DACH2-1","Ex_DACH2_GRIK4",0.579024927764479
"_GACCCAGAGACGAGCT-3","Glut-DACH2-HVCra","Ex_BCL6",0.374893017413683
"_GACCCAGAGAGTCTTC-3","Glut-DACH2-HVCra","Ex_SATB2_SOX6",0.42552913166614
"_GACCCAGAGGTCATTC-3","Glut-DACH2-HVCx","Ex_DACH2_CEMIP",0.335197508814315
"_GACCCAGCACCCTAGG-3","Glut-DACH2-HVCra-Int","Ex_DACH2_MGAT4C",0.337500108662445
"_GACCCTTCACAACGAG-3","Glut-DACH2-HVCra","Ex_SATB2_SOX6",0.278772922479647
"_GACCGTGCATTCACCC-3","Glut-DACH2-HVCra-Int","Ex_DACH2_LHX2",0.50341163542664
"_GACCGTGGTCTGTCAA-3","Glut-DACH2-HVCra-Int","Ex_DACH2_LHX2",0.615337370042766
"_GACCGTGTCAATCGGT-3","Glut-DACH2-HVCra","Ex_SATB2_SOX6",0.410321812720477
"_GACCGTGTCATCGTAG-3","Glut-DACH2-HVCra","Ex_SATB2_SOX6",0.550371161233928
"_GACCTTCAGCGATGAC-3","Glut-DACH2-2","Ex_DACH2_LHX2",0.250250678677773
"_GACCTTCAGCGCTGAA-3","Glut-DACH2-HVCra","Ex_DACH2_ADAMTS5",0.444234552698825
"_GACCTTCAGGTCACAG-3","Glut-DACH2-HVCra-Int","Ex_DACH2_MGAT4C",0.504561204434496
"_GACCTTCCACTGGCCA-3","Glut-DACH2-1","Ex_DACH2_GRIK4",0.463019777044337
"_GACCTTCTCTGCCTCA-3","Glut-DACH2-2","Ex_DACH2_LHX2",0.339316089075806
"_GACGCTGAGCCTCTTC-3","Glut-DACH2-HVCra","Ex_SATB2_SOX6",0.492317306880616
"_GACGCTGGTGGGATTG-3","Glut-DACH2-HVCra","Ex_SATB2_SOX6",0.2903422516499
"_GACGTTAAGACGCAGT-3","Glut-DACH2-2","Ex_DACH2_LHX2",0.599862906390817
"_GACGTTATCGACCCAG-3","Glut-DACH2-3","Ex_DACH2_SLIT2",0.693072225022146
"_GACTATGAGTTGAATG-3","Glut-DACH2-HVCx","Ex_DACH2_CEMIP",0.408482464853826
"_GACTCAACAAGAGTTA-3","Glut-DACH2-HVCra","Ex_SATB2_SOX6",0.38585848338515
"_GACTCAAGTTCCGCGA-3","Glut-DACH2-2","Ex_DACH2_MGAT4C",0.311751032616163
"_GACTCAATCGCTGATA-3","Glut-DACH2-HVCra-Int","Ex_DACH2_MGAT4C",0.29912769328102
"_GACTCTCCAGACATCT-3","Glut-DACH2-HVCra-Int","Ex_DACH2_MGAT4C",0.303995863167743
"_GACTCTCGTCTAATCG-3","Glut-DACH2-HVCra-Int","Ex_DACH2_LHX2",0.454865867081792
"_GACTGATCACACGCCA-3","Glut-DACH2-HVCra","Ex_DACH2_MGAT4C",0.331681703539005
"_GACTGATGTAGCCAGA-3","Glut-DACH2-HVCx","Ex_DACH2_CEMIP",0.264726891284652
"_GACTGATTCTTGGGCG-3","Glut-DACH2-HVCra","Ex_SATB2_SOX6",0.344597734498518
"_GACTTCCAGCCAAGGT-3","Glut-DACH2-HVCx","Ex_DACH2_CEMIP",0.550797740629726
"_GACTTCCGTGTGAGCA-3","Glut-DACH2-HVCra-Int","Ex_DACH2_LHX2",0.368732706033954
"_GAGAAATAGCATGATA-3","Glut-DACH2-HVCra","Ex_SATB2_SOX6",0.61846213604936
"_GAGAAATCACCTGAAT-3","Glut-DACH2-HVCra","Ex_DACH2_MGAT4C",0.211933212986411
"_GAGACTTAGACGACGT-3","Glut-DACH2-HVCra","Ex_SATB2_FOXP2",0.187678115462078
"_GAGACTTAGCGATTCT-3","Glut-DACH2-HVCra-Int","Ex_DACH2_LHX2",0.474580108782005
"_GAGACTTCATTCTCCG-3","Glut-DACH2-HVCra","Ex_SATB2_SOX6",0.321602418410063
"_GAGACTTTCTATCGGA-3","Glut-DACH2-2","Ex_DACH2_LHX2",0.294083614337475
"_GAGAGGTCAGGAGGTT-3","Glut-DACH2-2","Ex_DACH2_MGAT4C",0.359987298975104
"_GAGAGGTGTGTTTCTT-3","Glut-DACH2-HVCra","Ex_DACH2_CEMIP",0.39910876285348
"_GAGATGGTCGGCTGGT-3","Glut-DACH2-HVCra","Ex_DACH2_MGAT4C",0.285365650552499
"_GAGCCTGAGGCATCAG-3","Glut-DACH2-2","Ex_DACH2_LHX2",0.304953066876838
"_GAGCCTGGTTAAGAAC-3","Glut-DACH2-2","Ex_DACH2_LHX2",0.486786183863641
"_GAGCCTGTCTTTCCGG-3","Glut-DACH2-1","Ex_DACH2_LHX2",0.660134569248551
"_GAGCTGCAGCACTAAA-3","Glut-DACH2-HVCra","Ex_SATB2_SOX6",0.379601728646359
"_GAGCTGCCAGGAATAT-3","Glut-DACH2-HVCx","Ex_DACH2_CEMIP",0.673352957377517
"_GAGCTGCGTGGACCTC-3","Glut-DACH2-HVCx","Ex_DACH2_CEMIP",0.503055823066169
"_GAGGCAAAGCATGTTC-3","Glut-DACH2-HVCra","Ex_SATB2_SOX6",0.247745498549479
"_GAGGCAAAGGTTGTTC-3","Glut-DACH2-HVCra-Int","Ex_DACH2_LHX2",0.650679512921877
"_GAGGCAACAAACCATC-3","Glut-DACH2-2","Ex_DACH2_MGAT4C",0.437404730914793
"_GAGGCAACACGCTTAA-3","Glut-DACH2-HVCra-Int","Ex_DACH2_MGAT4C",0.406192129125615
"_GAGGCAACAGCCGTCA-3","Glut-DACH2-HVCra-Int","Ex_DACH2_GRIK4",0.295753900487435
"_GAGGCCTCAACTAGAA-3","Glut-DACH2-HVCx","Ex_DACH2_CEMIP",0.701338918998946
"_GAGGCCTGTTGCGGCT-3","Glut-DACH2-HVCra","Ex_DACH2_CEMIP",0.251098871779878
"_GAGGCCTTCTCCTACG-3","Glut-DACH2-HVCx","Ex_KIAA1217_BCL6",0.225273609306803
"_GAGGGATCAAACACCT-3","Glut-DACH2-HVCra-Int","Ex_DACH2_LHX2",0.499769516620954
"_GAGGGATCACAGACGA-3","Glut-DACH2-2","Ex_DACH2_LHX2",0.42157995792571
"_GAGGGATCAGGAAGTC-3","Glut-DACH2-1","Ex_DACH2_MGAT4C",0.427587286366527
"_GAGGGATTCCATTTCA-3","Glut-DACH2-HVCra","Ex_SATB2_SOX6",0.451905033261061
"_GAGGGTACACAGCCTG-3","Glut-DACH2-HVCra","Ex_DACH2_CEMIP",0.230812135837787
"_GAGTCATAGAGGGTGG-3","Glut-DACH2-HVCra","Ex_SATB2_SOX6",0.14761097110839
"_GAGTCATCATACAGAA-3","Glut-DACH2-HVCx","Ex_DACH2_ITGA9",0.384464059948944
"_GAGTCTACAGTGTGGA-3","Glut-DACH2-HVCra","Ex_SATB2_SOX6",0.311744485154964
"_GAGTGAGCACATGTTG-3","Glut-DACH2-HVCra-Int","Ex_DACH2_MGAT4C",0.517389126703245
"_GAGTGAGTCTCATTTG-3","Glut-DACH2-HVCra","Ex_DACH2_GRIK4",0.191927468089412
"_GAGTGTTAGCCTGAAG-3","Glut-DACH2-2","Ex_DACH2_LHX2",0.549661529513938
"_GAGTGTTGTATGGAGC-3","Glut-DACH2-HVCx","Ex_DACH2_CEMIP",0.389398017752264
"_GAGTGTTGTCTTCCGT-3","Glut-DACH2-HVCx","Ex_DACH2_CEMIP",0.306663756723142
"_GAGTGTTGTTAGGCTT-3","Glut-DACH2-HVCra","Ex_DACH2_LHX2",0.254797356974471
"_GAGTGTTGTTGCATGT-3","Glut-DACH2-HVCx","Ex_SATB2_SOX6",0.452136394262739
"_GAGTTACCAGAGGTAC-3","Glut-DACH2-HVCx","Ex_DACH2_CEMIP",0.591498384921948
"_GAGTTACGTGCCCACA-3","Glut-DACH2-HVCra-Int","Ex_DACH2_LHX2",0.563482092193702
"_GAGTTACGTGGATGAC-3","Glut-DACH2-HVCra","Ex_SATB2_SOX6",0.434915399972961
"_GAGTTACTCAGGTAAA-3","Glut-DACH2-2","Ex_DACH2_MGAT4C",0.308707350968994
"_GAGTTGTAGTAGCAAT-3","Glut-DACH2-HVCra","Ex_SATB2_SOX6",0.274980381032182
"_GAGTTGTCAATTGCGT-3","Glut-DACH2-HVCra-Int","Ex_DACH2_LHX2",0.272621882933391
"_GAGTTTGCACACGGAA-3","Glut-DACH2-HVCra","Ex_SATB2_OVOA",0.306009783354393
"_GAGTTTGCAGAACTTC-3","Glut-DACH2-HVCra-Int","Ex_DACH2_MGAT4C",0.326515963907852
"_GAGTTTGGTCCAGGTC-3","Glut-DACH2-HVCx","Ex_DACH2_CEMIP",0.489942741609563
"_GAGTTTGTCGATTCCC-3","Glut-DACH2-2","Ex_DACH2_LHX2",0.580673069470165
"_GAGTTTGTCGTGCTCT-3","Glut-DACH2-HVCra","Ex_SATB2_SOX6",0.365188072489758
"_GATAGAACAACTCCAA-3","Glut-DACH2-HVCra","Ex_SATB2_SOX6",0.326011193783051
"_GATAGAACATGAAAGT-3","Glut-DACH2-HVCra","Ex_SATB2_SOX6",0.507579558389318
"_GATAGAAGTGGCTTAT-3","Glut-DACH2-HVCra-Int","Ex_DACH2_LHX2",0.464939236786312
"_GATAGAATCCACTTCG-3","Glut-DACH2-HVCra-Int","Ex_DACH2_MGAT4C",0.311436921961161
"_GATAGAATCGCTATTT-3","Glut-DACH2-HVCra","Ex_SATB2_SOX6",0.43548616365227
"_GATAGCTGTTCGAAGG-3","Glut-DACH2-4","Ex_DACH2_NR4A3",0.21090111261599
"_GATCACAGTAAGACCG-3","Glut-DACH2-HVCx","Ex_SATB2_SOX6",0.224661120573986
"_GATCACATCCAAACCA-3","Glut-DACH2-HVCx","Ex_DACH2_CEMIP",0.599313818104797
"_GATCACATCTCATTGT-3","Glut-DACH2-HVCra-Int","Ex_DACH2_LHX2",0.444087888000125
"_GATCAGTAGTATGGAT-3","Glut-DACH2-HVCra","Ex_SATB2_SOX6",0.182436994422682
"_GATCAGTCAGGAGACT-3","Glut-DACH2-HVCra-Int","Ex_DACH2_MGAT4C",0.538795449123799
"_GATCAGTGTGGACCAA-3","Glut-DACH2-HVCra","Ex_SATB2_SOX6",0.268166003926591
"_GATCAGTGTGGCTGAA-3","Glut-DACH2-HVCra","Ex_SATB2_SOX6",0.370129121313144
"_GATCAGTGTTCTTGCC-3","Glut-DACH2-HVCra","Ex_SATB2_SOX6",0.374193041385339
"_GATCAGTGTTGTCATG-3","Glut-DACH2-HVCra-Int","Ex_DACH2_MGAT4C",0.427834561703428
"_GATCATGAGGAATGTT-3","Glut-DACH2-HVCra-Int","Ex_DACH2_MGAT4C",0.258854353854874
"_GATCATGCAAGCCTGC-3","Glut-DACH2-2","Ex_DACH2_LUZP2",0.392992176944594
"_GATCCCTAGTCGGGAT-3","Glut-DACH2-4","Ex_DACH2_NR4A3",0.444563858412003
"_GATCCCTCACGATTCA-3","Glut-DACH2-2","Ex_DACH2_LHX2",0.616430518309926
"_GATCGTAAGGCTAAAT-3","Glut-DACH2-HVCra-Int","Ex_DACH2_LHX2",0.533561396230206
"_GATCGTAGTGCCCACA-3","Glut-DACH2-HVCra-Int","Ex_DACH2_GRIK4",0.297025705541592
"_GATCGTAGTTGATGTC-3","Glut-DACH2-2","Ex_DACH2_LHX2",0.536546314209933
"_GATCGTAGTTGTGGCC-3","Glut-DACH2-2","Ex_DACH2_LHX2",0.499789658936747
"_GATCGTATCGACTCCT-3","Glut-DACH2-2","Ex_DACH2_LHX2",0.429643202212065
"_GATGACTAGACGCCCT-3","Glut-DACH2-HVCra-Int","Ex_DACH2_MGAT4C",0.361876890735531
"_GATGAGGCAGTAGGAC-3","Glut-DACH2-HVCra","Ex_SATB2_SOX6",0.592810411080089
"_GATGATCAGTCTCCTC-3","Glut-DACH2-HVCra-Int","Ex_DACH2_MGAT4C",0.248310429652383
"_GATGATCCACGGTGAA-3","Glut-DACH2-HVCra","Ex_DACH2_NR4A3",0.439672249478169
"_GATGCTACAGCTCTGG-3","Glut-DACH2-HVCra-Int","Ex_DACH2_MGAT4C",0.302981719932805
"_GATGGAGCAGGTTTAC-3","Glut-DACH2-HVCra","Ex_SATB2_SOX6",0.454749260229615
"_GATGGAGCATCTCGTC-3","Glut-DACH2-HVCx","Ex_DACH2_CEMIP",0.729737479555907
"_GATGGAGTCTACTATC-3","Glut-DACH2-HVCra","Ex_SATB2_SOX6",0.392427704093521
"_GATGTTGCAGACGCTC-3","Glut-DACH2-2","Ex_DACH2_LHX2",0.549631810155803
"_GATGTTGGTGCATGTT-3","Glut-DACH2-HVCra-Int","Ex_DACH2_MGAT4C",0.321104867637254
"_GATTCGATCTCCAAGA-3","Glut-DACH2-HVCx","Ex_SATB2_SOX6",0.571928485297496
"_GATTCTTGTATGGTAA-3","Glut-DACH2-HVCx","Ex_DACH2_CEMIP",0.656700369269995
"_GATTCTTTCGGCTGGT-3","Glut-DACH2-2","Ex_DACH2_MGAT4C",0.355876228661029
"_GATTGGTCAGGAATCG-3","Glut-DACH2-HVCra","Ex_SATB2_SOX6",0.212537794407549
"_GATTGGTCATCACCAA-3","Glut-DACH2-2","Ex_DACH2_NR4A3",0.782504904321696
"_GATTGGTGTCAGTCTA-3","Glut-DACH2-HVCx","Ex_DACH2_CEMIP",0.402731028156081
"_GATTGGTGTCCGGTGT-3","Glut-DACH2-2","Ex_DACH2_LUZP2",0.307896562768008
"_GATTGGTTCCCTTCCC-3","Glut-DACH2-2","Ex_DACH2_LHX2",0.297594214537149
"_GATTTCTCAATGTTGC-3","Glut-DACH2-HVCra-Int","Ex_DACH2_MGAT4C",0.362229112552173
"_GCAACATAGCACCAGA-3","Glut-DACH2-HVCra-Int","Ex_DACH2_LHX2",0.286430380257377
"_GCAACATCAGATCATC-3","Glut-DACH2-HVCra-Int","Ex_DACH2_LHX2",0.446357981100937
"_GCAACATGTAGCGCTC-3","Glut-DACH2-HVCx","Ex_DACH2_ITGA9",0.161998811244599
"_GCAACATGTGTGTACT-3","Glut-DACH2-HVCx","Ex_SATB2_SOX6",0.301678875629425
"_GCAACCGTCTAGCATG-3","Glut-DACH2-HVCra","Ex_SATB2_SOX6",0.346769284096663
"_GCAACCGTCTCGTCGT-3","Glut-DACH2-1","Ex_DACH2_MGAT4C",0.406485775930908
"_GCACATAAGAAGGTAG-3","Glut-DACH2-2","Ex_DACH2_NR4A3",0.476960970787594
"_GCACATAAGCACTCGC-3","Glut-DACH2-HVCx","Ex_DACH2_CEMIP",0.320080436088146
"_GCACATAAGTCGAATA-3","Glut-DACH2-HVCx","Ex_DACH2_CEMIP",0.339818289713467
"_GCACATAGTTGTGTTG-3","Glut-DACH2-HVCra","Ex_SATB2_SOX6",0.485561931496058
"_GCACGGTAGAGTGTTA-3","Glut-DACH2-2","Ex_DACH2_LHX2",0.63272387139835
"_GCACGTGAGTTTGAGA-3","Glut-DACH2-HVCx","Ex_DACH2_CEMIP",0.467185548303122
"_GCACTAAGTAACGATA-3","Glut-DACH2-HVCra-Int","Ex_DACH2_MGAT4C",0.457032042287182
"_GCACTAATCGTTCCTG-3","Glut-DACH2-2","Ex_DACH2_MGAT4C",0.449966296761682
"_GCAGCCAAGGGAGTGG-3","Glut-DACH2-HVCra","Ex_SATB2_SOX6",0.602535994671368
"_GCAGCCAGTACAGTAA-3","Glut-DACH2-HVCra","Ex_DACH2_LHX2",0.320689821893132
"_GCAGCCAGTTCGTAAC-3","Glut-DACH2-HVCra","Ex_SATB2_SOX6",0.475755824182737
"_GCAGCTGAGACTAAGT-3","Glut-DACH2-4","Ex_DACH2_CEMIP",0.421095898071634
"_GCAGCTGGTGTACGCC-3","Glut-DACH2-HVCra-Int","Ex_DACH2_LHX2",0.333678898741796
"_GCAGGCTAGGCTCTAT-3","Glut-DACH2-4","Ex_DACH2_ITGA9",0.331353695032548
"_GCAGGCTCAACTCCAA-3","Glut-DACH2-HVCra-Int","Ex_DACH2_LHX2",0.532709169280923
"_GCAGGCTGTGCCTACG-3","Glut-DACH2-HVCra","Ex_SATB2_SOX6",0.300784471189397
"_GCAGGCTTCAATCCGA-3","Glut-DACH2-2","Ex_DACH2_LHX2",0.598038849900085
"_GCAGTTAGTATTGGCT-3","Glut-DACH2-4","Ex_DACH2_NR4A3",0.334562866504161
"_GCATCGGCACATATCG-3","Glut-DACH2-HVCra","Ex_DACH2_ADAMTS5",0.250772304509387
"_GCATCGGCACGGTCTG-3","Glut-DACH2-HVCra","Ex_SATB2_SOX6",0.276467100945041
"_GCATCGGCATGACCCG-3","Glut-DACH2-4","Ex_DACH2_CEMIP",0.276192883517951
"_GCATCGGTCAGGGATG-3","Glut-DACH2-HVCra-Int","Ex_DACH2_LHX2",0.576157254754014
"_GCATCTCCAGAAATTG-3","Glut-DACH2-2","Ex_DACH2_MGAT4C",0.405361226442779
"_GCATCTCTCAAGCCTA-3","Glut-DACH2-HVCra","Ex_SATB2_SOX6",0.445618331299601
"_GCATCTCTCTTGGTGA-3","Glut-DACH2-HVCra-Int","Ex_DACH2_GRIK4",0.468592235280396
"_GCATGATCACCGGCTA-3","Glut-DACH2-2","Ex_DACH2_MGAT4C",0.464143718469576
"_GCATGATGTACAAGTA-3","Glut-DACH2-HVCra","Ex_SATB2_SOX6",0.315100714884611
"_GCATGATGTCGTATTG-3","Glut-DACH2-HVCra-Int","Ex_DACH2_LHX2",0.289388853011368
"_GCATGATTCACTGGTA-3","Glut-DACH2-HVCx","Ex_SATB2_SOX6",0.61972960144909
"_GCATGATTCGCAACAT-3","Glut-DACH2-2","Ex_DACH2_GRIK4",0.336381209600767
"_GCATTAGAGACGCTCC-3","Glut-DACH2-HVCx","Ex_SATB2_SOX6",0.367788443933908
"_GCATTAGTCGTCAAAC-3","Glut-DACH2-HVCx","Ex_DACH2_CEMIP",0.295762028984219
"_GCCAGCACATCTGCGG-3","Glut-DACH2-HVCra","Ex_DACH2_MGAT4C",0.324404845244992
"_GCCAGGTCAAGTATAG-3","Glut-DACH2-HVCra","Ex_SATB2_SOX6",0.284871147312319
"_GCCAGTGGTGTTGCCG-3","Glut-DACH2-HVCra","Ex_DACH2_MGAT4C",0.220497653320589
"_GCCAGTGTCATGTCAG-3","Glut-DACH2-HVCra-Int","Ex_DACH2_GRIK4",0.381070649654788
"_GCCATGGAGACATCAA-3","Glut-DACH2-2","Ex_DACH2_LUZP2",0.339832699804542
"_GCCATGGAGCGTGCCT-3","Glut-DACH2-HVCra","Ex_SATB2_SOX6",0.426553438260824
"_GCCATGGCACGGCCAT-3","Glut-DACH2-1","Ex_DACH2_NR4A3",0.427659075306354
"_GCCATGGTCGGATAAA-3","Glut-DACH2-HVCx","Ex_CACNA1H_LHX9",0.370427546082607
"_GCCATTCAGGTGCTAG-3","Glut-DACH2-3","Ex_DACH2_ITGA9",0.4205989337645
"_GCCATTCCAGCCCACA-3","Glut-DACH2-2","Ex_DACH2_LHX2",0.261837479685556
"_GCCATTCGTGCGACAA-3","Glut-DACH2-HVCra","Ex_DACH2_GRIK4",0.219446226233958
"_GCCCAGAAGGCGTTGA-3","Glut-DACH2-HVCra","Ex_SATB2_OVOA",0.240302462030978
"_GCCCAGAAGGGCCAAT-3","Glut-DACH2-HVCra","Ex_SATB2_SOX6",0.265408400110163
"_GCCCAGAAGTCCGCGT-3","Glut-DACH2-HVCra-Int","Ex_DACH2_GRIK4",0.349063470785931
"_GCCCAGAGTACAGTAA-3","Glut-DACH2-2","Ex_DACH2_LHX2",0.591165315552221
"_GCCCAGATCAAGAAAC-3","Glut-DACH2-2","Ex_DACH2_MGAT4C",0.391411878990989
"_GCCCGAACATAGATGA-3","Glut-DACH2-HVCx","Ex_DACH2_CEMIP",0.453180856708749
"_GCCCGAAGTTCTCCCA-3","Glut-DACH2-HVCra-Int","Ex_DACH2_LHX2",0.478086973510751
"_GCCCGAATCTTCCTAA-3","Glut-DACH2-HVCra-Int","Ex_DACH2_MGAT4C",0.590915055302553
"_GCCGATGAGCGTGAAC-3","Glut-DACH2-HVCra","Ex_SATB2_SOX6",0.380964841831239
"_GCCGATGAGTTCATGC-3","Glut-DACH2-HVCra","Ex_DACH2_MGAT4C",0.202711932704506
"_GCCGATGCATATCTCT-3","Glut-DACH2-HVCra","Ex_SATB2_SOX6",0.383750831503106
"_GCCGATGTCCTTCACG-3","Glut-DACH2-HVCra-Int","Ex_DACH2_LHX2",0.578506347951047
"_GCCGTGATCTCCGAGG-3","Glut-DACH2-4","Ex_DACH2_NR4A3",0.377586481359979
"_GCCTGTTCATTGAAAG-3","Glut-DACH2-HVCx","Ex_DACH2_CEMIP",0.442510040610877
"_GCCTGTTTCGGTTAGT-3","Glut-DACH2-HVCx","Ex_DACH2_CEMIP",0.324399735695554
"_GCGAGAAAGTGTAGTA-3","Glut-DACH2-HVCra-Int","Ex_DACH2_LHX2",0.369544725249854
"_GCGAGAACATGAAAGT-3","Glut-DACH2-HVCra","Ex_SATB2_SOX6",0.500128440367356
"_GCGGAAATCGTTAGTG-3","Glut-DACH2-HVCra","Ex_SATB2_SOX6",0.36437312194418
"_GCGGATCGTAGCGAGT-3","Glut-DACH2-HVCra-Int","Ex_DACH2_GRIK4",0.246901870154195
"_GCGGATCGTGAATATG-3","Glut-DACH2-HVCra-Int","Ex_DACH2_NR4A3",0.302620118764018
"_GCGTGCACACATATCG-3","Glut-DACH2-HVCra","Ex_DACH2_LHX2",0.582204145428534
"_GCGTGCACATGTCTAG-3","Glut-DACH2-HVCra","Ex_BCL6",0.304388206989235
"_GCGTGCATCATTGAGC-3","Glut-DACH2-HVCx","Ex_DACH2_CEMIP",0.306201517341255
"_GCGTGCATCTCTTCAA-3","Glut-DACH2-HVCra","Ex_SATB2_SOX6",0.311412140000539
"_GCGTTTCTCATACGAC-3","Glut-DACH2-HVCra","Ex_DACH2_ADAMTS5",0.197816270821733
"_GCTACAAAGGTTCATC-3","Glut-DACH2-2","Ex_DACH2_MGAT4C",0.339353662869987
"_GCTACAAGTCGTCAGC-3","Glut-DACH2-HVCra","Ex_SATB2_ZNF385B",0.303783354509523
"_GCTACAAGTGACACGA-3","Glut-DACH2-HVCra","Ex_DACH2_ADAMTS5",0.26425540580242
"_GCTACAATCACTCCGT-3","Glut-DACH2-HVCra","Ex_SATB2_SOX6",0.635869965855518
"_GCTACCTTCACCCTTG-3","Glut-DACH2-HVCx","Ex_DACH2_CEMIP",0.544118180886359
"_GCTACCTTCTCTGCCA-3","Glut-DACH2-HVCra-Int","Ex_DACH2_MGAT4C",0.433641479592185
"_GCTCAAAAGTATTGCC-3","Glut-DACH2-HVCra-Int","Ex_DACH2_ADAMTS5",0.325651421990323
"_GCTCAAAGTCATCGGC-3","Glut-DACH2-2","Ex_DACH2_LHX2",0.348211395208657
"_GCTCAAAGTGACAACG-3","Glut-DACH2-HVCx","Ex_DACH2_CEMIP",0.370917370282088
"_GCTGAATCATCGCTCT-3","Glut-DACH2-HVCra","Ex_DACH2_CEMIP",0.260337286168591
"_GCTGGGTGTTACGTAC-3","Glut-DACH2-HVCra","Ex_SATB2_ZNF385B",0.496451800480096
"_GCTTCACCATGAATAG-3","Glut-DACH2-2","Ex_DACH2_MGAT4C",0.391933595701479
"_GCTTCACCATGGCTGC-3","Glut-DACH2-HVCra","Ex_DACH2_MGAT4C",0.235491092612677
"_GCTTCACGTATCAGCT-3","Glut-DACH2-HVCra-Int","Ex_DACH2_GRIK4",0.522686268539515
"_GCTTGGGAGGTATAGT-3","Glut-DACH2-HVCra","Ex_SATB2_OVOA",0.406332085715486
"_GCTTGGGGTGTTCATG-3","Glut-DACH2-HVCx","Ex_DACH2_CEMIP",0.284443173828916
"_GCTTGGGGTTACCCTC-3","Glut-DACH2-2","Ex_DACH2_LHX2",0.534469438246199
"_GCTTGGGGTTCGGACC-3","Glut-DACH2-HVCx","Ex_DACH2_CEMIP",0.304318482586064
"_GCTTTCGAGGCTTCCG-3","Glut-DACH2-2","Ex_DACH2_GRIK4",0.512647616853849
"_GCTTTCGCAGTCAGAG-3","Glut-DACH2-HVCx","Ex_DACH2_CEMIP",0.602059386072494
"_GCTTTCGGTTTACCAG-3","Glut-DACH2-HVCx","Ex_DACH2_CEMIP",0.50256212247209
"_GCTTTCGTCGTCAACA-3","Glut-DACH2-1","Ex_DACH2_MGAT4C",0.410068192961302
"_GCTTTCGTCTACACTT-3","Glut-DACH2-HVCra-Int","Ex_DACH2_MGAT4C",0.359376268867988
"_GGAACCCCACTCATAG-3","Glut-DACH2-HVCra","Ex_SATB2_SOX6",0.313017429747918
"_GGAACCCCATACTGTG-3","Glut-DACH2-2","Ex_DACH2_LHX2",0.566533825666571
"_GGAACCCGTAAGGCCA-3","Glut-DACH2-2","Ex_DACH2_LHX2",0.603130220557281
"_GGAATCTCAGAGTTGG-3","Glut-DACH2-HVCx","Ex_SATB2_SOX6",0.274141465129436
"_GGAATCTTCTGAGGCC-3","Glut-DACH2-HVCra-Int","Ex_DACH2_MGAT4C",0.455736413345282
"_GGAATGGCAAGCCCAC-3","Glut-DACH2-HVCra","Ex_DACH2_CEMIP",0.407567717466346
"_GGACGTCAGGCACGAT-3","Glut-DACH2-HVCx","Ex_DACH2_CEMIP",0.433498843724742
"_GGACGTCCATAGGTTC-3","Glut-DACH2-HVCra","Ex_SATB2_SOX6",0.439106060133308
"_GGACGTCGTGACACAG-3","Glut-DACH2-HVCx","Ex_DACH2_CEMIP",0.388606580322176
"_GGACGTCTCCTACCAC-3","Glut-DACH2-HVCra","Ex_SATB2_SOX6",0.421236242525757
"_GGAGATGAGGGAGTTC-3","Glut-DACH2-3","Ex_DACH2_ZMAT4",0.560341911865816
"_GGAGCAAAGCACTTTG-3","Glut-DACH2-HVCx","Ex_DACH2_CEMIP",0.277320855508553
"_GGAGGATAGCGCATCC-3","Glut-DACH2-HVCra-Int","Ex_DACH2_MGAT4C",0.461976774712735
"_GGAGGATGTCGATTAC-3","Glut-DACH2-2","Ex_DACH2_MGAT4C",0.354408970210951
"_GGAGGTACACGCGCAT-3","Glut-DACH2-HVCra","Ex_SATB2_SOX6",0.45422796057675
"_GGAGGTACACTTGGCG-3","Glut-DACH2-HVCra-Int","Ex_DACH2_LUZP2",0.304473694236595
"_GGATCTATCTAGAGCT-3","Glut-DACH2-HVCra","Ex_SATB2_SOX6",0.235164763524689
"_GGATGTTAGCTTCATG-3","Glut-DACH2-2","Ex_DACH2_LHX2",0.668435975906799
"_GGATGTTTCTATCACT-3","Glut-DACH2-HVCra-Int","Ex_DACH2_MGAT4C",0.342656985846146
"_GGCACGTAGGTTGGTG-3","Glut-DACH2-2","Ex_DACH2_MGAT4C",0.428414531966447
"_GGCACGTCACAGCCAC-3","Glut-DACH2-HVCra-Int","Ex_DACH2_LHX2",0.544249749448782
"_GGCACGTGTTAGGACG-3","Glut-DACH2-HVCra","Ex_BCL6",0.364237932420796
"_GGCAGTCCAACTGCTA-3","Glut-DACH2-HVCra","Ex_SATB2_SOX6",0.550172955879629
"_GGCAGTCTCCCACAGG-3","Glut-DACH2-2","Ex_DACH2_LHX2",0.253735413637916
"_GGCGTCAAGGATGGCT-3","Glut-DACH2-2","Ex_DACH2_NR4A3",0.788402259021979
"_GGCGTCACAACTCGTA-3","Glut-DACH2-4","Ex_DACH2_CEMIP",0.338980173948468
"_GGCGTCACACAACGAG-3","Glut-DACH2-HVCra","Ex_SATB2_SOX6",0.442276824479584
"_GGCGTCACATGTGCCG-3","Glut-DACH2-HVCra","Ex_SATB2_SOX6",0.33663128211988
"_GGCTGTGCAAAGTGTA-3","Glut-DACH2-HVCra-Int","Ex_DACH2_MGAT4C",0.451710385356564
"_GGCTGTGCATCTCCCA-3","Glut-DACH2-HVCra","Ex_SATB2_SOX6",0.494105750495294
"_GGCTTGGCAAGAGGCT-3","Glut-DACH2-4","Ex_DACH2_ITGA9",0.290255970705064
"_GGCTTGGGTGGGCTTC-3","Glut-DACH2-HVCra-Int","Ex_DACH2_MGAT4C",0.402499733039871
"_GGCTTGGTCCGTATGA-3","Glut-DACH2-HVCra-Int","Ex_DACH2_MGAT4C",0.283299703972855
"_GGCTTTCTCCATACTT-3","Glut-DACH2-2","Ex_DACH2_LHX2",0.59255888232654
"_GGGAAGTCACGATAGG-3","Glut-DACH2-HVCra-Int","Ex_DACH2_GRIK4",0.284930470369707
"_GGGAAGTCATCCGGTG-3","Glut-DACH2-HVCx","Ex_DACH2_CEMIP",0.63655656068083
"_GGGACAACACTCTCGT-3","Glut-DACH2-3","Ex_DACH2_NR4A3",0.393719117558415
"_GGGACAACAGCAGTTT-3","Glut-DACH2-HVCra","Ex_SATB2_SOX6",0.5173096490721
"_GGGACAAGTCTCACGG-3","Glut-DACH2-HVCx","Ex_DACH2_CEMIP",0.336303965878173
"_GGGACAAGTTTGCAGT-3","Glut-DACH2-HVCra","Ex_SATB2_SOX6",0.455460646714372
"_GGGACCTAGTCCCGAC-3","Glut-DACH2-HVCra","Ex_DACH2_CEMIP",0.456549796864867
"_GGGACCTCAGAGAAAG-3","Glut-DACH2-HVCra-Int","Ex_DACH2_GRIK4",0.437437896056895
"_GGGACCTGTACGCGTC-3","Glut-DACH2-HVCra-Int","Ex_DACH2_LHX2",0.670717944511176
"_GGGACCTGTATGTCCA-3","Glut-DACH2-HVCx","Ex_DACH2_CEMIP",0.621291763404402
"_GGGACCTGTCTTCATT-3","Glut-DACH2-HVCra-Int","Ex_SATB2_FOXP2",0.297304312520078
"_GGGACTCCACGCAAAG-3","Glut-DACH2-2","Ex_DACH2_MGAT4C",0.207809134474723
"_GGGACTCGTGACAGGT-3","Glut-DACH2-2","Ex_DACH2_MGAT4C",0.413993440735065
"_GGGACTCGTGTCCACG-3","Glut-DACH2-HVCra","Ex_SATB2_SOX6",0.213572788708933
"_GGGAGATCACGACAGA-3","Glut-DACH2-2","Ex_DACH2_LHX2",0.577239342496619
"_GGGAGATGTGCCTGCA-3","Glut-DACH2-HVCx","Ex_DACH2_CEMIP",0.251477990537396
"_GGGAGATGTGTCCAAT-3","Glut-DACH2-2","Ex_DACH2_MGAT4C",0.51218237041743
"_GGGAGATTCCCGTTCA-3","Glut-DACH2-HVCra","Ex_SATB2_OVOA",0.392430817442883
"_GGGAGATTCTAGACAC-3","Glut-DACH2-4","Ex_KIAA1217_BCL6",0.220137121049658
"_GGGAGTACAGAACTCT-3","Glut-DACH2-HVCx","Ex_DACH2_CEMIP",0.502909827633353
"_GGGAGTACATGTCGTA-3","Glut-DACH2-HVCra","Ex_SATB2_SOX6",0.331916907191392
"_GGGAGTAGTCGAACAG-3","Glut-DACH2-HVCra","Ex_BCL6",0.290204270319132
"_GGGATGAAGTAGCTCT-3","Glut-DACH2-HVCra-Int","Ex_DACH2_MGAT4C",0.537323155508635
"_GGGCCATAGATGCGAC-3","Glut-DACH2-HVCra","Ex_SATB2_SOX6",0.542857592044389
"_GGGCCATAGGAGGGTG-3","Glut-DACH2-2","Ex_DACH2_LHX2",0.42528195033417
"_GGGCCATTCTATCCAT-3","Glut-DACH2-2","Ex_DACH2_LHX2",0.346969446950683
"_GGGCGTTCAGGTGAGT-3","Glut-DACH2-2","Ex_DACH2_LHX2",0.348762937648982
"_GGGCGTTCATGAGTAA-3","Glut-DACH2-HVCra-Int","Ex_DACH2_LUZP2",0.259238976496916
"_GGGCGTTGTGCATGAG-3","Glut-DACH2-HVCx","Ex_DACH2_CEMIP",0.562138887672973
"_GGGCGTTTCTAGGAAA-3","Glut-DACH2-HVCra-Int","Ex_DACH2_MGAT4C",0.273643436837483
"_GGGCTACAGCATCCCG-3","Glut-DACH2-HVCra","Ex_SATB2_SOX6",0.533079779063172
"_GGGCTACAGGTCGTGA-3","Glut-DACH2-HVCra","Ex_SATB2_SOX6",0.207836840970898
"_GGGCTCAAGAAACTGT-3","Glut-DACH2-HVCra-Int","Ex_DACH2_LHX2",0.450522446418026
"_GGGCTCAAGATGCTAA-3","Glut-DACH2-HVCra","Ex_DACH2_MGAT4C",0.417712974404909
"_GGGCTCACAATTTCGG-3","Glut-DACH2-HVCra-Int","Ex_DACH2_LUZP2",0.391816722369404
"_GGGCTCACAGAAATTG-3","Glut-DACH2-HVCra","Ex_SATB2_SOX6",0.2696311989133
"_GGGCTCAGTACGGCAA-3","Glut-DACH2-HVCra-Int","Ex_DACH2_LHX2",0.501417655147153
"_GGGTAGAGTCGAGATG-3","Glut-DACH2-HVCx","Ex_DACH2_CEMIP",0.350988546338256
"_GGGTAGAGTGCAACGA-3","Glut-DACH2-HVCra-Int","Ex_DACH2_MGAT4C",0.25579478601329
"_GGGTATTCAAGCTGTT-3","Glut-DACH2-HVCra-Int","Ex_DACH2_LHX2",0.590980900308958
"_GGGTATTCACGACGAA-3","Glut-DACH2-2","Ex_DACH2_NR4A3",0.372259453411376
"_GGGTATTGTAGCTGTT-3","Glut-DACH2-HVCra","Ex_SATB2_SOX6",0.330084017683525
"_GGGTCACGTGTTGCCG-3","Glut-DACH2-2","Ex_DACH2_LHX2",0.290794085661586
"_GGGTCACTCACCTCTG-3","Glut-DACH2-HVCra","Ex_SATB2_SOX6",0.466906662282774
"_GGGTCACTCTCGCTTG-3","Glut-DACH2-HVCra","Ex_SATB2_SOX6",0.456693036720955
"_GGGTCTGAGATAACGT-3","Glut-DACH2-HVCra-Int","Ex_DACH2_LHX2",0.301937407679822
"_GGGTCTGTCAGCATTG-3","Glut-DACH2-HVCra","Ex_SATB2_SOX6",0.436222710437386
"_GGGTCTGTCCGTGCGA-3","Glut-DACH2-2","Ex_DACH2_GRIK4",0.312137964244993
"_GGGTCTGTCTCTGCTG-3","Glut-DACH2-HVCra-Int","Ex_DACH2_GRIK4",0.487083251030822
"_GGGTGAATCACAGAGG-3","Glut-DACH2-HVCra-Int","Ex_DACH2_LHX2",0.612880890317881
"_GGGTGAATCGGCTTGG-3","Glut-DACH2-HVCx","Ex_DACH2_CEMIP",0.301822204536249
"_GGGTGTCAGCTCGAAG-3","Glut-DACH2-HVCra","Ex_SATB2_SOX6",0.419720951376065
"_GGGTGTCAGTGCCAGA-3","Glut-DACH2-HVCra-Int","Ex_SATB2_FOXP2",0.329423564537983
"_GGGTGTCGTATGGAAT-3","Glut-DACH2-HVCx","Ex_SATB2_SOX6",0.496943534413209
"_GGGTGTCGTGACTCTA-3","Glut-DACH2-HVCra","Ex_DACH2_LHX2",0.49032079210944
"_GGGTTATCAGCGGATA-3","Glut-DACH2-HVCx","Ex_SATB2_SOX6",0.277776634367053
"_GGGTTATTCACTCACC-3","Glut-DACH2-2","Ex_DACH2_LHX2",0.485716171669533
"_GGGTTTAGTGAATATG-3","Glut-DACH2-HVCra-Int","Ex_DACH2_GRIK4",0.480945314728393
"_GGTAACTCAAACACCT-3","Glut-DACH2-2","Ex_DACH2_LHX2",0.598659515735547
"_GGTAACTGTCCTATAG-3","Glut-DACH2-4","Ex_DACH2_ITGA9",0.42553613619685
"_GGTAACTTCCTCAGGG-3","Glut-DACH2-HVCra","Ex_SATB2_SOX6",0.537389687642417
"_GGTAACTTCGCTGCGA-3","Glut-DACH2-2","Ex_DACH2_LHX2",0.612264958157907
"_GGTAACTTCTGAATCG-3","Glut-DACH2-2","Ex_DACH2_LHX2",0.386274422192982
"_GGTAACTTCTTAGCCC-3","Glut-DACH2-HVCx","Ex_DACH2_CEMIP",0.481878295493142
"_GGTAATCCACAGCCTG-3","Glut-DACH2-HVCra","Ex_SATB2_SOX6",0.464206933885904
"_GGTAATCGTAACAGGC-3","Glut-DACH2-HVCra","Ex_DACH2_ADAMTS5",0.266027733493306
"_GGTAATCGTGATGTAA-3","Glut-DACH2-HVCx","Ex_DACH2_CEMIP",0.570254096955781
"_GGTAATCTCGTTCGCT-3","Glut-DACH2-1","Ex_DACH2_GRIK4",0.48728949757284
"_GGTAGAGCAGAGGACT-3","Glut-DACH2-2","Ex_DACH2_LHX2",0.596910435347526
"_GGTAGAGTCCTTTAGT-3","Glut-DACH2-HVCra","Ex_SATB2_SOX6",0.479109413348072
"_GGTCACGGTGCCTATA-3","Glut-DACH2-HVCra","Ex_DACH2_MGAT4C",0.334688696088412
"_GGTCACGTCACCTCTG-3","Glut-DACH2-HVCra","Ex_SATB2_SOX6",0.377121807657514
"_GGTCTGGAGGTAGACC-3","Glut-DACH2-HVCra","Ex_DACH2_CEMIP",0.288394340405863
"_GGTCTGGAGTAGGAAG-3","Glut-DACH2-HVCra","Ex_SATB2_SOX6",0.340790816988624
"_GGTCTGGCAATCAGCT-3","Glut-DACH2-HVCx","Ex_DACH2_ITGA9",0.323368300773423
"_GGTCTGGGTCGGAAAC-3","Glut-DACH2-HVCra-Int","Ex_DACH2_LHX2",0.505001928806263
"_GGTGAAGCAATGTTGC-3","Glut-DACH2-HVCra","Ex_SATB2_SOX6",0.44907037832624
"_GGTGATTGTTGTGCAT-3","Glut-DACH2-2","Ex_DACH2_LHX2",0.47576433502247
"_GGTGGCTAGCGTCGAA-3","Glut-DACH2-HVCx","Ex_DACH2_CEMIP",0.501972949187821
"_GGTGGCTGTCCTTTGC-3","Glut-DACH2-2","Ex_DACH2_LHX2",0.251833196480143
"_GGTGGCTGTGGACAGT-3","Glut-DACH2-4","Ex_KIAA1217_BCL6",0.259658779563534
"_GGTGGCTTCACCATCC-3","Glut-DACH2-1","Ex_DACH2_GRIK4",0.452131669736173
"_GGTGTCGAGTCGAAAT-3","Glut-DACH2-HVCra-Int","Ex_DACH2_MGAT4C",0.266560691206401
"_GGTGTCGTCTTTGCTA-3","Glut-DACH2-4","Ex_DACH2_CEMIP",0.242296877348068
"_GGTGTTACAGTATTCG-3","Glut-DACH2-HVCra-Int","Ex_DACH2_LHX2",0.360367005157077
"_GGTGTTATCTGAACGT-3","Glut-DACH2-HVCra","Ex_SATB2_SOX6",0.370361141895023
"_GGTTAACGTCTATGAC-3","Glut-DACH2-HVCra-Int","Ex_DACH2_MGAT4C",0.556820543728045
"_GGTTAACGTCTGCAAT-3","Glut-DACH2-HVCra-Int","Ex_DACH2_GRIK4",0.629240086148393
"_GGTTAACTCCCAGGAC-3","Glut-DACH2-HVCra","Ex_DACH2_LHX2",0.204529441715855
"_GGTTCTCAGTACCATC-3","Glut-DACH2-HVCra-Int","Ex_DACH2_LHX2",0.367316990797525
"_GGTTGTAGTCACAATC-3","Glut-DACH2-2","Ex_DACH2_LHX2",0.465236653308701
"_GGTTGTAGTCCAAATC-3","Glut-DACH2-HVCx","Ex_DACH2_CEMIP",0.539036411501138
"_GGTTGTAGTTCCACAA-3","Glut-DACH2-2","Ex_DACH2_LHX2",0.513826057288889
"_GGTTGTAGTTTGTTCT-3","Glut-DACH2-HVCra","Ex_SATB2_SOX6",0.43290070185204
"_GTAACACAGAGGTGCT-3","Glut-DACH2-HVCx","Ex_DACH2_CEMIP",0.497454646892698
"_GTAACACGTCATTCCC-3","Glut-DACH2-HVCx","Ex_DACH2_CEMIP",0.319081227010892
"_GTAACACTCGTTTACT-3","Glut-DACH2-2","Ex_DACH2_LHX2",0.655309208463973
"_GTAACCAAGATGGTAT-3","Glut-DACH2-2","Ex_DACH2_LUZP2",0.332188772406458
"_GTAACCAGTAGGCAAC-3","Glut-DACH2-HVCra-Int","Ex_SATB2_SOX6",0.373884615673258
"_GTAAGTCGTAGCTTGT-3","Glut-DACH2-HVCra-Int","Ex_DACH2_MGAT4C",0.445359383743259
"_GTAAGTCGTTGGATCT-3","Glut-DACH2-HVCra-Int","Ex_DACH2_MGAT4C",0.326613341237978
"_GTAATCGGTGCATTTG-3","Glut-DACH2-HVCra-Int","Ex_DACH2_GRIK4",0.493886339636537
"_GTAATCGGTGCGGTAA-3","Glut-DACH2-HVCra","Ex_SATB2_SOX6",0.355327496253397
"_GTAATCGTCGCGATCG-3","Glut-DACH2-HVCra-Int","Ex_DACH2_LHX2",0.24763742577175
"_GTAATGCAGTGCGACA-3","Glut-DACH2-HVCx","Ex_DACH2_CEMIP",0.206337690160675
"_GTAATGCGTCCACGCA-3","Glut-DACH2-HVCra-Int","Ex_DACH2_GRIK4",0.458571835776216
"_GTAATGCGTGCTTATG-3","Glut-DACH2-5","Ex_DACH2_LHX2",0.664370618240886
"_GTAATGCTCTTTGCAT-3","Glut-DACH2-HVCra","Ex_DACH2_GRIK4",0.306147177196547
"_GTACAACCAGACAAGC-3","Glut-DACH2-HVCra","Ex_DACH2_CEMIP",0.1662926578102
"_GTACAACGTGTCCCTT-3","Glut-DACH2-HVCra","Ex_DACH2_GRIK4",0.342553772812239
"_GTACAGTAGTTGCCCG-3","Glut-DACH2-HVCra-Int","Ex_DACH2_LHX2",0.50746678087282
"_GTACAGTCACTGCTTC-3","Glut-DACH2-HVCra","Ex_SATB2_SOX6",0.54056814454945
"_GTACAGTGTAGAATAC-3","Glut-DACH2-HVCra-Int","Ex_DACH2_MGAT4C",0.271313190136734
"_GTACAGTGTCTCGGAC-3","Glut-DACH2-1","Ex_DACH2_GRIK4",0.327593302408635
"_GTAGAAAAGACAGCTG-3","Glut-DACH2-HVCra","Ex_SATB2_SOX6",0.36683714729351
"_GTAGAAAAGGGCTTCC-3","Glut-DACH2-HVCra","Ex_SATB2_SOX6",0.347502367040281
"_GTAGAAAAGTCATGAA-3","Glut-DACH2-2","Ex_DACH2_LHX2",0.649736320495649
"_GTAGAAACATAGCTGT-3","Glut-DACH2-HVCra-Int","Ex_DACH2_LHX2",0.667278265840981
"_GTAGAAAGTGATAGAT-3","Glut-DACH2-HVCra-Int","Ex_DACH2_MGAT4C",0.395090440693244
"_GTAGAAAGTTCCCAAA-3","Glut-DACH2-HVCx","Ex_SATB2_SOX6",0.406673566340192
"_GTAGAAATCTATCGCC-3","Glut-DACH2-HVCra-Int","Ex_DACH2_LHX2",0.329235981398707
"_GTAGAGGAGGGCAACT-3","Glut-DACH2-2","Ex_DACH2_NR4A3",0.395881066050197
"_GTAGAGGAGTGGACGT-3","Glut-DACH2-HVCra","Ex_SATB2_SOX6",0.297197993682695
"_GTAGAGGGTTACCTGA-3","Glut-DACH2-HVCx","Ex_DACH2_CEMIP",0.640797297245192
"_GTAGAGGTCCTACCAC-3","Glut-DACH2-HVCra","Ex_SATB2_SOX6",0.20827198833779
"_GTAGAGGTCGTCGACG-3","Glut-DACH2-HVCra-Int","Ex_DACH2_GRIK4",0.501079063447167
"_GTAGATCGTAATGCGG-3","Glut-DACH2-HVCx","Ex_DACH2_CEMIP",0.221959620040186
"_GTAGCTACACTCACTC-3","Glut-DACH2-HVCra-Int","Ex_DACH2_LHX2",0.557230665594617
"_GTAGCTACATGCACTA-3","Glut-DACH2-2","Ex_DACH2_LHX2",0.443478741791026
"_GTAGCTAGTCTAGGTT-3","Glut-DACH2-2","Ex_DACH2_LHX2",0.324159134848896
"_GTAGCTAGTTCCGCGA-3","Glut-DACH2-HVCra","Ex_SATB2_SOX6",0.254731648088046
"_GTAGCTATCGCCAGTG-3","Glut-DACH2-4","Ex_DACH2_ADAMTS5",0.249441600174704
"_GTAGGAGCATGAAAGT-3","Glut-DACH2-HVCra","Ex_DACH2_ADAMTS5",0.38812632173528
"_GTAGGAGGTCCCGGTA-3","Glut-DACH2-HVCra","Ex_DACH2_MGAT4C",0.286596541172613
"_GTAGGTTAGGTGGTTG-3","Glut-DACH2-HVCra-Int","Ex_DACH2_LHX2",0.447297992996331
"_GTAGGTTCAGACCAAG-3","Glut-DACH2-HVCx","Ex_DACH2_CEMIP",0.59723092572554
"_GTATTGGAGCTCGCAC-3","Glut-DACH2-HVCx","Ex_SATB2_SOX6",0.480533710074805
"_GTATTGGCACCATAAC-3","Glut-DACH2-1","Ex_DACH2_GRIK4",0.458957338734092
"_GTATTGGGTCGGCCTA-3","Glut-DACH2-HVCx","Ex_DACH2_ITGA9",0.147973529513715
"_GTATTTCAGATGCAGC-3","Glut-DACH2-HVCx","Ex_SATB2_SOX6",0.188264368482384
"_GTATTTCCAACACACT-3","Glut-DACH2-2","Ex_DACH2_LHX2",0.640881946664903
"_GTCAAACCATAGGCGA-3","Glut-DACH2-HVCra-Int","Ex_DACH2_GRIK4",0.467325984134996
"_GTCAAGTAGAAGCTCG-3","Glut-DACH2-HVCra","Ex_SATB2_SOX6",0.385946853208446
"_GTCAAGTTCATTGAGC-3","Glut-DACH2-HVCra-Int","Ex_DACH2_MGAT4C",0.584621049606564
"_GTCACGGAGATTCGAA-3","Glut-DACH2-HVCra-Int","Ex_DACH2_MGAT4C",0.228978051436139
"_GTCACGGGTTAACAGA-3","Glut-DACH2-HVCra","Ex_DACH2_MGAT4C",0.181061544242805
"_GTCACTCAGCCATTCA-3","Glut-DACH2-HVCx","Ex_DACH2_CEMIP",0.577354048740357
"_GTCACTCAGGACAAGA-3","Glut-DACH2-HVCra-Int","Ex_DACH2_GRIK4",0.474997604850759
"_GTCACTCTCGTTCCTG-3","Glut-DACH2-2","Ex_DACH2_MGAT4C",0.276399827668473
"_GTCACTCTCTACCTTA-3","Glut-DACH2-2","Ex_DACH2_ADAMTS5",0.327985585792875
"_GTCAGCGCAAAGACTA-3","Glut-DACH2-HVCra","Ex_SATB2_SOX6",0.598322315502909
"_GTCATCCAGCGGGTAT-3","Glut-DACH2-HVCra-Int","Ex_DACH2_GRIK4",0.462114397988294
"_GTCATTTGTGTTCGAT-3","Glut-DACH2-HVCx","Ex_DACH2_CEMIP",0.363605453679544
"_GTCCACTCATCCGTGG-3","Glut-DACH2-HVCra","Ex_DACH2_MGAT4C",0.165357967964456
"_GTCCACTGTATTAAGG-3","Glut-DACH2-HVCra-Int","Ex_SATB2_OVOA",0.186872070282093
"_GTCCACTTCTTCTGTA-3","Glut-DACH2-3","Ex_DACH2_ZMAT4",0.378573189244896
"_GTCCCATCAAGTTGGG-3","Glut-DACH2-HVCra-Int","Ex_DACH2_LHX2",0.57811513498775
"_GTCCCATCACTGTCGG-3","Glut-DACH2-HVCra","Ex_SATB2_SOX6",0.364834645602461
"_GTCCCATCAGCACAAG-3","Glut-DACH2-HVCra","Ex_SATB2_SOX6",0.232759181347567
"_GTCCCATTCTGTCTCG-3","Glut-DACH2-HVCra","Ex_SATB2_SOX6",0.441607323100105
"_GTCCTCAAGCAGCCCT-3","Glut-DACH2-HVCra","Ex_SATB2_FOXP2",0.485779934533384
"_GTCCTCAAGTACCCTA-3","Glut-DACH2-HVCra","Ex_SATB2_SOX6",0.481103671495901
"_GTCCTCATCGAAGCCC-3","Glut-DACH2-2","Ex_DACH2_LHX2",0.601153391920989
"_GTCGAATAGCGTTCAT-3","Glut-DACH2-HVCra","Ex_DACH2_NR4A3",0.486922501318072
"_GTCGAATCATTATGCG-3","Glut-DACH2-1","Ex_DACH2_GRIK4",0.411426615909985
"_GTCGAATGTACAAGTA-3","Glut-DACH2-HVCx","Ex_SATB2_SOX6",0.257552747930264
"_GTCGAATTCATTTGCT-3","Glut-DACH2-HVCra","Ex_SATB2_SOX6",0.289848701762795
"_GTCGAATTCGCGTGCA-3","Glut-DACH2-HVCra-Int","Ex_DACH2_LHX2",0.535757802475204
"_GTCGCGACAATACCTG-3","Glut-DACH2-HVCx","Ex_DACH2_CEMIP",0.450993719393754
"_GTCGCGACACCCGTAG-3","Glut-DACH2-2","Ex_DACH2_LHX2",0.40181591376576
"_GTCGCGAGTGGCACTC-3","Glut-DACH2-HVCra","Ex_DACH2_MGAT4C",0.271623685343442
"_GTCGTAAGTCGAAGCA-3","Glut-DACH2-1","Ex_DACH2_MGAT4C",0.437938001895663
"_GTCGTAAGTCTGTAAC-3","Glut-DACH2-2","Ex_DACH2_LHX2",0.386565124119579
"_GTCGTAATCTTGAACG-3","Glut-DACH2-HVCx","Ex_DACH2_CEMIP",0.451921748772873
"_GTCGTTCAGACATGCG-3","Glut-DACH2-1","Ex_DACH2_GRIK4",0.666501862157832
"_GTCGTTCGTAATTAGG-3","Glut-DACH2-2","Ex_DACH2_ADAMTS5",0.219056273042712
"_GTCTACCCATTGACTG-3","Glut-DACH2-HVCra","Ex_SATB2_ZNF385B",0.309155298865088
"_GTCTACCTCGCTCCTA-3","Glut-DACH2-5","Ex_DACH2_ADAMTS5",0.600809386434834
"_GTCTAGACACACACTA-3","Glut-DACH2-HVCra-Int","Ex_DACH2_GRIK4",0.415377176371278
"_GTCTAGAGTAGACTGG-3","Glut-DACH2-2","Ex_DACH2_LHX2",0.588054792498791
"_GTCTAGAGTAGAGACC-3","Glut-DACH2-HVCra-Int","Ex_DACH2_LHX2",0.653265451208568
"_GTCTAGATCTTGGCTC-3","Glut-DACH2-HVCra","Ex_DACH2_GRIK4",0.189708410115903
"_GTCTCACGTGGAACAC-3","Glut-DACH2-2","Ex_DACH2_LHX2",0.67675932716855
"_GTCTGTCGTTCTCTCG-3","Glut-DACH2-HVCra-Int","Ex_DACH2_MGAT4C",0.446638610685422
"_GTCTGTCTCCTTACCG-3","Glut-DACH2-HVCra","Ex_DACH2_MGAT4C",0.212488878203668
"_GTCTTTACAAACCGGA-3","Glut-DACH2-HVCra","Ex_DACH2_MGAT4C",0.220480660554104
"_GTCTTTAGTACTGCGC-3","Glut-DACH2-HVCra","Ex_SATB2_SOX6",0.428739880138176
"_GTCTTTAGTTACCTGA-3","Glut-DACH2-HVCra","Ex_SATB2_SOX6",0.293214728355257
"_GTCTTTATCCCAAGTA-3","Glut-DACH2-HVCra-Int","Ex_DACH2_LHX2",0.545744510078885
"_GTCTTTATCCGTAGTA-3","Glut-DACH2-HVCra","Ex_SATB2_SOX6",0.341172604889581
"_GTGACGCAGCCTGTGC-3","Glut-DACH2-HVCra","Ex_SATB2_SOX6",0.268965234442385
"_GTGACGCAGTGATTCC-3","Glut-DACH2-HVCra","Ex_SATB2_SOX6",0.242531342475325
"_GTGACGCCAAACTAAG-3","Glut-DACH2-HVCx","Ex_DACH2_CEMIP",0.551184998224787
"_GTGAGCCCAAGCGGAT-3","Glut-DACH2-HVCra-Int","Ex_DACH2_MGAT4C",0.337454872249607
"_GTGAGCCCAGCGTGAA-3","Glut-DACH2-HVCx","Ex_DACH2_ITGA9",0.276089522964189
"_GTGAGGAAGATAACGT-3","Glut-DACH2-HVCra-Int","Ex_DACH2_NR4A3",0.624303933538337
"_GTGAGGAAGCGTATAA-3","Glut-DACH2-HVCra-Int","Ex_DACH2_MGAT4C",0.336430051531085
"_GTGAGGAAGGCCTGCT-3","Glut-DACH2-HVCra-Int","Ex_DACH2_GRIK4",0.353972711433556
"_GTGAGGAAGTAACGAT-3","Glut-DACH2-HVCra","Ex_SATB2_SOX6",0.424017614413444
"_GTGAGGATCGCTGATA-3","Glut-DACH2-HVCra","Ex_DACH2_MGAT4C",0.276787285450595
"_GTGAGTTAGTAAACGT-3","Glut-DACH2-2","Ex_DACH2_MGAT4C",0.481232634550461
"_GTGAGTTCAGCGTAGA-3","Glut-DACH2-HVCra","Ex_SATB2_SOX6",0.662832776686413
"_GTGAGTTGTTATGTCG-3","Glut-DACH2-HVCra","Ex_DACH2_CEMIP",0.196317092869472
"_GTGAGTTTCGCATAGT-3","Glut-DACH2-2","Ex_DACH2_LHX2",0.338553581667888
"_GTGAGTTTCGTTCTGC-3","Glut-DACH2-HVCra-Int","Ex_DACH2_MGAT4C",0.475619909905575
"_GTGATGTCAGCGACCT-3","Glut-DACH2-1","Ex_DACH2_GRIK4",0.467201897403555
"_GTGATGTCAGGTCCGT-3","Glut-DACH2-HVCx","Ex_DACH2_CEMIP",0.548658929206924
"_GTGATGTGTAGTAAGT-3","Glut-DACH2-HVCra-Int","Ex_DACH2_LHX2",0.295523566961333
"_GTGATGTGTCCTACGG-3","Glut-DACH2-HVCra","Ex_SATB2_SOX6",0.395583555860488
"_GTGATGTTCCCGTTCA-3","Glut-DACH2-HVCra","Ex_SATB2_SOX6",0.378383994451835
"_GTGCACGAGTGAGCCA-3","Glut-DACH2-2","Ex_DACH2_LHX2",0.617077728892643
"_GTGCACGCACGTGTGC-3","Glut-DACH2-HVCra","Ex_SATB2_SOX6",0.455334580794329
"_GTGCACGTCTCCAAGA-3","Glut-DACH2-HVCra","Ex_SATB2_SOX6",0.45111829966588
"_GTGCAGCCAGCTTTCC-3","Glut-DACH2-2","Ex_DACH2_MGAT4C",0.340764778868185
"_GTGCAGCTCACCGGGT-3","Glut-DACH2-HVCra","Ex_SATB2_SOX6",0.197106726730182
"_GTGCTGGCAAGCGAAC-3","Glut-DACH2-1","Ex_DACH2_GRIK4",0.426998557687755
"_GTGCTGGGTGTGGACA-3","Glut-DACH2-HVCra","Ex_SATB2_SOX6",0.47735676265085
"_GTGCTGGTCCAGTTCC-3","Glut-DACH2-HVCra","Ex_DACH2_ZMAT4",0.306113106678855
"_GTGCTTCAGTGGTTCT-3","Glut-DACH2-1","Ex_DACH2_MGAT4C",0.610687332183557
"_GTGCTTCCAGTTCTAG-3","Glut-DACH2-HVCra","Ex_DACH2_MGAT4C",0.277532528133123
"_GTGCTTCGTGAGGCAT-3","Glut-DACH2-2","Ex_DACH2_LHX2",0.651424863662122
"_GTGCTTCGTTCTTCAT-3","Glut-DACH2-HVCx","Ex_DACH2_CEMIP",0.431203304917611
"_GTGGAAGGTACGAAAT-3","Glut-DACH2-HVCx","Ex_DACH2_CEMIP",0.290562182831781
"_GTGGAGAGTAATCAGA-3","Glut-DACH2-HVCra","Ex_SATB2_SOX6",0.404175790356092
"_GTGGAGAGTCTAACTG-3","Glut-DACH2-HVCx","Ex_DACH2_CEMIP",0.452269310228244
"_GTGGAGATCCTTCACG-3","Glut-DACH2-HVCra-Int","Ex_DACH2_LHX2",0.324581213863676
"_GTGGAGATCGCAATGT-3","Glut-DACH2-HVCra-Int","Ex_DACH2_LHX2",0.492339219903661
"_GTGGCGTGTCCACTCT-3","Glut-DACH2-2","Ex_DACH2_LHX2",0.630169850303503
"_GTGGCGTGTCGGAAAC-3","Glut-DACH2-HVCra","Ex_SATB2_SOX6",0.345966771079358
"_GTGGCGTGTGTTGACT-3","Glut-DACH2-HVCra","Ex_SATB2_SOX6",0.39430387137229
"_GTGGCGTTCACTACTT-3","Glut-DACH2-2","Ex_DACH2_ADAMTS5",0.429304026653747
"_GTGGGAAAGAGGCGGA-3","Glut-DACH2-2","Ex_DACH2_ADAMTS5",0.44714198575503
"_GTGGTTACAAACCACT-3","Glut-DACH2-HVCra","Ex_SATB2_SOX6",0.315349434056573
"_GTGGTTATCCGGTTCT-3","Glut-DACH2-HVCra","Ex_SATB2_SOX6",0.41191607952959
"_GTGTAACCAATTCTCT-3","Glut-DACH2-HVCra-Int","Ex_DACH2_LHX2",0.3302823490296
"_GTGTAACCATTGTACG-3","Glut-DACH2-HVCx","Ex_DACH2_CEMIP",0.388555958273968
"_GTGTAACGTGCAGTGA-3","Glut-DACH2-HVCra","Ex_SATB2_SOX6",0.193427926070947
"_GTGTAACTCACACCCT-3","Glut-DACH2-1","Ex_DACH2_LHX2",0.481259131652963
"_GTGTAACTCTGAATGC-3","Glut-DACH2-HVCra-Int","Ex_DACH2_GRIK4",0.623612528576663
"_GTGTCCTCACGGGCTT-3","Glut-DACH2-HVCra","Ex_SATB2_SOX6",0.421149096713229
"_GTGTGATCAGTAGAGC-3","Glut-DACH2-HVCra","Ex_SATB2_SOX6",0.399336815531061
"_GTGTGATGTTATAGAG-3","Glut-DACH2-HVCx","Ex_DACH2_CEMIP",0.594332031836307
"_GTGTGGCCACTCCCTA-3","Glut-DACH2-HVCra-Int","Ex_DACH2_LHX2",0.416270536471479
"_GTGTGGCGTCCATAGT-3","Glut-DACH2-HVCra","Ex_SATB2_SOX6",0.390144197306581
"_GTGTTAGAGGCATCGA-3","Glut-DACH2-HVCra-Int","Ex_DACH2_GRIK4",0.324816138219765
"_GTGTTAGAGGTCATTC-3","Glut-DACH2-4","Ex_KIAA1217_BCL6",0.305989224441684
"_GTGTTAGCACTCAGAT-3","Glut-DACH2-HVCra-Int","Ex_DACH2_MGAT4C",0.280165702236039
"_GTGTTAGTCCCTGGTT-3","Glut-DACH2-HVCra","Ex_SATB2_SOX6",0.394127286887963
"_GTGTTCCTCAAGAGTA-3","Glut-DACH2-HVCx","Ex_DACH2_CEMIP",0.337407770567163
"_GTTACAGGTTACGATC-3","Glut-DACH2-HVCra","Ex_SATB2_SOX6",0.419622221278001
"_GTTACAGTCGTCCTCA-3","Glut-DACH2-2","Ex_DACH2_LHX2",0.384034381827052
"_GTTACGAAGAAACTCA-3","Glut-DACH2-HVCra-Int","Ex_DACH2_ADAMTS5",0.393042426756654
"_GTTACGAAGCATGATA-3","Glut-DACH2-HVCra-Int","Ex_DACH2_MGAT4C",0.356419329468065
"_GTTACGAGTACGAAAT-3","Glut-DACH2-HVCra","Ex_DACH2_LHX2",0.323638289341009
"_GTTACGAGTGTATACC-3","Glut-DACH2-HVCx","Ex_DACH2_CEMIP",0.236317829233125
"_GTTACGATCGCAAGAG-3","Glut-DACH2-HVCra","Ex_SATB2_SOX6",0.312238909691673
"_GTTAGACAGAGACAAG-3","Glut-DACH2-HVCra","Ex_SATB2_SOX6",0.430049782226624
"_GTTAGACAGTAGGGTC-3","Glut-DACH2-2","Ex_DACH2_MGAT4C",0.482364781221073
"_GTTAGACCACATACGT-3","Glut-DACH2-HVCra","Ex_SATB2_SOX6",0.401040856077034
"_GTTAGACTCAACGTGT-3","Glut-DACH2-HVCra","Ex_BCL6",0.278880139493827
"_GTTAGTGCAGCTGTGC-3","Glut-DACH2-HVCra","Ex_SATB2_SOX6",0.400921875182652
"_GTTCATTAGCCTTGAT-3","Glut-DACH2-HVCra","Ex_SATB2_SOX6",0.531201087526527
"_GTTCATTCATTGGGAG-3","Glut-DACH2-HVCra-Int","Ex_DACH2_LHX2",0.376437819172906
"_GTTCATTGTAGGAAAG-3","Glut-DACH2-HVCx","Ex_DACH2_CEMIP",0.299761826559927
"_GTTCATTGTCTATGAC-3","Glut-DACH2-HVCra-Int","Ex_DACH2_MGAT4C",0.334432322692175
"_GTTCATTGTTCTCGCT-3","Glut-DACH2-2","Ex_DACH2_MGAT4C",0.463982676724694
"_GTTCATTGTTGTCAGT-3","Glut-DACH2-HVCra-Int","Ex_DACH2_GRIK4",0.303598114072903
"_GTTCATTTCATTACCT-3","Glut-DACH2-HVCx","Ex_DACH2_CEMIP",0.647051420219154
"_GTTCATTTCCATCGTC-3","Glut-DACH2-HVCra-Int","Ex_SATB2_SOX6",0.260145210669372
"_GTTCCGTAGAATAGTC-3","Glut-DACH2-HVCra-Int","Ex_DACH2_NR4A3",0.284512014014553
"_GTTCCGTAGTGGCGAT-3","Glut-DACH2-HVCx","Ex_DACH2_CEMIP",0.475392721285372
"_GTTCGCTCACTATCGA-3","Glut-DACH2-HVCra","Ex_DACH2_GRIK4",0.212349437170625
"_GTTCGCTCAGCGTTGC-3","Glut-DACH2-1","Ex_DACH2_GRIK4",0.403840739145009
"_GTTCTATAGGATACCG-3","Glut-DACH2-HVCx","Ex_DACH2_CEMIP",0.337979432817021
"_GTTCTATAGGTGCATG-3","Glut-DACH2-2","Ex_DACH2_MGAT4C",0.344295653376266
"_GTTCTATCAAACACGG-3","Glut-DACH2-HVCra-Int","Ex_DACH2_MGAT4C",0.24492309443581
"_GTTCTATCAAGACCGA-3","Glut-DACH2-2","Ex_DACH2_LHX2",0.489519496204208
"_GTTCTATCACTGGAAG-3","Glut-DACH2-HVCra","Ex_SATB2_SOX6",0.442589041069055
"_GTTCTATGTTTGGCTA-3","Glut-DACH2-HVCra","Ex_SATB2_SOX6",0.331078920064753
"_GTTCTATTCTGGGCAC-3","Glut-DACH2-HVCra","Ex_SATB2_SOX6",0.473670463588576
"_GTTGAACAGGCACTCC-3","Glut-DACH2-HVCra-Int","Ex_DACH2_MGAT4C",0.311241189628842
"_GTTGAACAGGGCGAAG-3","Glut-DACH2-2","Ex_DACH2_LHX2",0.538502451144264
"_GTTGAACTCACTTGTT-3","Glut-DACH2-HVCra","Ex_SATB2_SOX6",0.410965464098378
"_GTTGCGGCAGGGCTTC-3","Glut-DACH2-HVCra","Ex_SATB2_SOX6",0.477839732879673
"_GTTGCGGTCTCATAGG-3","Glut-DACH2-1","Ex_DACH2_LHX2",0.568710900558892
"_GTTGCTCAGTAGCTCT-3","Glut-DACH2-HVCra-Int","Ex_DACH2_LHX2",0.469173687151418
"_GTTGTAGAGCCTGTCG-3","Glut-DACH2-HVCra-Int","Ex_DACH2_LHX2",0.615747744695035
"_GTTGTAGCAGGAAGTC-3","Glut-DACH2-HVCra","Ex_SATB2_SOX6",0.339358552781604
"_GTTGTAGTCCGTCACT-3","Glut-DACH2-HVCra","Ex_SATB2_SOX6",0.480403014978119
"_GTTGTAGTCTGTTCAT-3","Glut-DACH2-HVCra","Ex_SATB2_SOX6",0.463893996900065
"_GTTGTGACATCCTATT-3","Glut-DACH2-HVCra","Ex_BCL6",0.397096414703447
"_GTTGTGAGTACCCGAC-3","Glut-DACH2-HVCx","Ex_CACNA1H_LHX9",0.294402150131012
"_GTTGTGATCCGCCTAT-3","Glut-DACH2-HVCra-Int","Ex_DACH2_MGAT4C",0.23755645411438
"_GTTTACTAGTGAGTGC-3","Glut-DACH2-2","Ex_DACH2_LHX2",0.474387425875768
"_GTTTGGAAGAGATCGC-3","Glut-DACH2-HVCra","Ex_SATB2_SOX6",0.463210531289373
"_GTTTGGACAATTTCTC-3","Glut-DACH2-HVCra","Ex_DACH2_MGAT4C",0.157736616085788
"_GTTTGGAGTGAGCGAT-3","Glut-DACH2-HVCra-Int","Ex_DACH2_MGAT4C",0.318309895402429
"_GTTTGGATCGACACCG-3","Glut-DACH2-HVCra","Ex_SATB2_SOX6",0.317121550682559
"_TAACACGAGATTCGCT-3","Glut-DACH2-HVCra-Int","Ex_DACH2_MGAT4C",0.338690312613896
"_TAACACGAGCCTTTCC-3","Glut-DACH2-HVCra-Int","Ex_DACH2_MGAT4C",0.371106157006664
"_TAACACGCAGCGTGAA-3","Glut-DACH2-HVCx","Ex_DACH2_CEMIP",0.466764797053032
"_TAACACGTCCACAAGT-3","Glut-DACH2-HVCra","Ex_SATB2_SOX6",0.545909771510315
"_TAACCAGCAAGACGAC-3","Glut-DACH2-HVCra","Ex_DACH2_MGAT4C",0.3453161102871
"_TAACCAGGTGCAACAG-3","Glut-DACH2-HVCra-Int","Ex_DACH2_MGAT4C",0.549335744166474
"_TAACGACTCTGCAGCG-3","Glut-DACH2-HVCra","Ex_SATB2_SOX6",0.535525627860603
"_TAACTTCAGAATCGAT-3","Glut-DACH2-2","Ex_DACH2_LHX2",0.384667588334533
"_TAACTTCGTCGCAACC-3","Glut-DACH2-HVCra-Int","Ex_DACH2_LHX2",0.342259111500146
"_TAACTTCTCGCTGTCT-3","Glut-DACH2-HVCra","Ex_DACH2_MGAT4C",0.208557230766729
"_TAAGCACAGAGTGGCT-3","Glut-DACH2-HVCra-Int","Ex_DACH2_MGAT4C",0.302248841877952
"_TAAGCACGTACCATAC-3","Glut-DACH2-2","Ex_DACH2_LHX2",0.583707753152349
"_TAAGCCAAGAAACCAT-3","Glut-DACH2-2","Ex_DACH2_MGAT4C",0.341193810236871
"_TAAGCCAAGGCTAGCA-3","Glut-DACH2-HVCra-Int","Ex_SATB2_FOXP2",0.356138381372806
"_TAAGCGTAGTAGACAT-3","Glut-DACH2-HVCx","Ex_DACH2_CEMIP",0.589456927956498
"_TAAGCGTTCAACACCA-3","Glut-DACH2-HVCra-Int","Ex_DACH2_LHX2",0.627821252931287
"_TAAGCGTTCCTGTAGA-3","Glut-DACH2-HVCx","Ex_DACH2_CEMIP",0.347359927991716
"_TAAGCGTTCTTGGCTC-3","Glut-DACH2-HVCra","Ex_SATB2_SOX6",0.351236177675737
"_TAATCTCCATGAATCC-3","Glut-DACH2-2","Ex_DACH2_LHX2",0.641798515283106
"_TAATCTCTCGACTCCT-3","Glut-DACH2-HVCra","Ex_SATB2_SOX6",0.437600239322774
"_TAATTCCCACAAGTTC-3","Glut-DACH2-HVCra","Ex_SATB2_SOX6",0.481888291096687
"_TACAACGCACTGGATT-3","Glut-DACH2-HVCra-Int","Ex_DACH2_MGAT4C",0.315980652900266
"_TACACCCTCAAGCCTA-3","Glut-DACH2-HVCra","Ex_DACH2_MGAT4C",0.290121462378626
"_TACATTCCAGAATCGG-3","Glut-DACH2-5","Ex_DACH2_ADAMTS5",0.72827898112331
"_TACATTCTCCTCTTTC-3","Glut-DACH2-HVCra","Ex_SATB2_SOX6",0.349070172274837
"_TACCCACAGAACGCGT-3","Glut-DACH2-HVCx","Ex_SATB2_SOX6",0.321634595970738
"_TACCCACAGATGCCGA-3","Glut-DACH2-HVCra","Ex_SATB2_SOX6",0.384370514624208
"_TACCCGTAGCTACTGT-3","Glut-DACH2-2","Ex_DACH2_LHX2",0.611962897238848
"_TACCCGTCAGCTCGGT-3","Glut-DACH2-HVCra","Ex_DACH2_MGAT4C",0.131333002405007
"_TACCCGTGTGGGACAT-3","Glut-DACH2-HVCra","Ex_DACH2_MGAT4C",0.16956361468053
"_TACCCGTTCATCAGTG-3","Glut-DACH2-HVCra-Int","Ex_DACH2_MGAT4C",0.508673425148821
"_TACCCGTTCCAACACA-3","Glut-DACH2-HVCra","Ex_SATB2_SOX6",0.277075243812792
"_TACCCGTTCCTTCTAA-3","Glut-DACH2-HVCra","Ex_SATB2_SOX6",0.353097863127002
"_TACCCGTTCTCTTAAC-3","Glut-DACH2-4","Ex_KIAA1217_BCL6",0.291925534942318
"_TACCGAAGTCACATTG-3","Glut-DACH2-HVCra-Int","Ex_DACH2_LHX2",0.411969161397081
"_TACCGAAGTGAACGGT-3","Glut-DACH2-HVCra","Ex_SATB2_SOX6",0.544898459978926
"_TACCGAATCGGCATAT-3","Glut-DACH2-HVCra","Ex_SATB2_SOX6",0.329049950832122
"_TACCGGGAGCGGTAGT-3","Glut-DACH2-2","Ex_DACH2_LHX2",0.268524622466045
"_TACCGGGGTGACACAG-3","Glut-DACH2-HVCra","Ex_SATB2_SOX6",0.224046160038332
"_TACCGGGGTTTAGACC-3","Glut-DACH2-HVCx","Ex_DACH2_CEMIP",0.559818081461893
"_TACCTCGAGTGAGTGC-3","Glut-DACH2-HVCx","Ex_DACH2_CEMIP",0.698273135267885
"_TACCTCGCACCTCTGT-3","Glut-DACH2-HVCra-Int","Ex_DACH2_LHX2",0.269288616140434
"_TACCTCGGTGGACTAG-3","Glut-DACH2-HVCra","Ex_SATB2_SOX6",0.438336366022667
"_TACCTCGTCATGAAAG-3","Glut-DACH2-2","Ex_DACH2_LHX2",0.582079468709852
"_TACCTGCAGGGTACGT-3","Glut-DACH2-4","Ex_DACH2_NR4A3",0.421809223244612
"_TACCTGCCAAGTAGTA-3","Glut-DACH2-HVCra-Int","Ex_DACH2_ADAMTS5",0.252711334764985
"_TACCTGCGTCGCAGTC-3","Glut-DACH2-HVCra-Int","Ex_DACH2_LHX2",0.239896709731812
"_TACCTGCGTTGCTAGT-3","Glut-DACH2-2","Ex_DACH2_LHX2",0.305941707863062
"_TACCTGCTCCGTATGA-3","Glut-DACH2-HVCra-Int","Ex_DACH2_LHX2",0.528493629921638
"_TACCTGCTCCTGTTAT-3","Glut-DACH2-2","Ex_DACH2_LHX2",0.476940498478544
"_TACGCTCAGACTCTAC-3","Glut-DACH2-HVCra","Ex_SATB2_SOX6",0.599311802211288
"_TACGCTCCAGCAGACA-3","Glut-DACH2-HVCx","Ex_DACH2_CEMIP",0.688496424780608
"_TACGCTCCATACTTTC-3","Glut-DACH2-HVCra-Int","Ex_DACH2_MGAT4C",0.419468803988424
"_TACGCTCGTACGAGTG-3","Glut-DACH2-HVCra","Ex_SATB2_SOX6",0.484491264337231
"_TACGCTCTCAATCGGT-3","Glut-DACH2-HVCra","Ex_DACH2_CEMIP",0.229080590614267
"_TACGCTCTCGTAGTCA-3","Glut-DACH2-HVCx","Ex_DACH2_CEMIP",0.563475213931394
"_TACGGTACACGATAGG-3","Glut-DACH2-HVCx","Ex_DACH2_CEMIP",0.692959117278568
"_TACGGTAGTCGCATCG-3","Glut-DACH2-HVCra-Int","Ex_DACH2_MGAT4C",0.39854854115502
"_TACGGTAGTGTCTTGA-3","Glut-DACH2-HVCra","Ex_DACH2_MGAT4C",0.211408374585696
"_TACGGTATCGGCATCG-3","Glut-DACH2-HVCra-Int","Ex_DACH2_LHX2",0.379095053837459
"_TACGTCCCACGAAAGC-3","Glut-DACH2-1","Ex_DACH2_MGAT4C",0.43208043886302
"_TACGTCCCAGCAGTCC-3","Glut-DACH2-HVCra","Ex_DACH2_NR4A3",0.450571510584226
"_TACGTCCGTATGTCAC-3","Glut-DACH2-HVCra","Ex_DACH2_LHX2",0.55261748955036
"_TACTGCCCATCGCCTT-3","Glut-DACH2-HVCra","Ex_SATB2_SOX6",0.431517152382139
"_TACTTCAAGTAGACAT-3","Glut-DACH2-HVCra-Int","Ex_DACH2_LHX2",0.257095676686391
"_TACTTCAAGTGGAAAG-3","Glut-DACH2-HVCra-Int","Ex_DACH2_LHX2",0.613076747566828
"_TACTTCAGTGGTACAG-3","Glut-DACH2-HVCra-Int","Ex_DACH2_LHX2",0.566795605492168
"_TACTTGTCAGCTGCCA-3","Glut-DACH2-2","Ex_DACH2_MGAT4C",0.37511290546708
"_TAGACCAAGTGGTCAG-3","Glut-DACH2-HVCra","Ex_SATB2_SOX6",0.541537255847096
"_TAGACCATCACAGTGT-3","Glut-DACH2-HVCra-Int","Ex_DACH2_GRIK4",0.427071458399846
"_TAGACTGGTCATAGTC-3","Glut-DACH2-3","Ex_DACH2_SLIT2",0.364411940086687
"_TAGACTGGTTCCAGGC-3","Glut-DACH2-1","Ex_DACH2_GRIK4",0.61047332380884
"_TAGACTGGTTTAGTCG-3","Glut-DACH2-HVCra","Ex_DACH2_GRIK4",0.210682252285435
"_TAGAGTCAGAGCGACT-3","Glut-DACH2-HVCx","Ex_DACH2_CEMIP",0.429716416802109
"_TAGAGTCTCTTCCAGC-3","Glut-DACH2-HVCx","Ex_CACNA1H_LHX9",0.266553125792083
"_TAGATCGAGTCTTCGA-3","Glut-DACH2-HVCx","Ex_DACH2_CEMIP",0.224774314243517
"_TAGATCGAGTTGGGAC-3","Glut-DACH2-2","Ex_DACH2_GRIK4",0.422555467750641
"_TAGATCGCAAGGCGTA-3","Glut-DACH2-HVCra","Ex_DACH2_CEMIP",0.259573516954574
"_TAGATCGCATCCCACT-3","Glut-DACH2-HVCx","Ex_DACH2_CEMIP",0.551974470818536
"_TAGATCGGTGTCCCTT-3","Glut-DACH2-HVCra","Ex_DACH2_CEMIP",0.272489030243102
"_TAGATCGGTTTGTTCT-3","Glut-DACH2-2","Ex_DACH2_GRIK4",0.441294836629089
"_TAGATCGTCATAAGGA-3","Glut-DACH2-4","Ex_DACH2_MGAT4C",0.414067052441526
"_TAGATCGTCTGGCCGA-3","Glut-DACH2-HVCx","Ex_SATB2_SOX6",0.409169773854492
"_TAGCACACATAGAAAC-3","Glut-DACH2-HVCx","Ex_DACH2_CEMIP",0.313580687912495
"_TAGCACACATGTGGTT-3","Glut-DACH2-HVCra","Ex_SATB2_SOX6",0.449328464538896
"_TAGCACAGTATCCTCC-3","Glut-DACH2-HVCx","Ex_DACH2_CEMIP",0.571682720024742
"_TAGCACATCATAAGGA-3","Glut-DACH2-HVCx","Ex_DACH2_CEMIP",0.405948018823865
"_TAGCACATCCGTACGG-3","Glut-DACH2-2","Ex_DACH2_LHX2",0.607904271798388
"_TAGGAGGCAACACTAC-3","Glut-DACH2-2","Ex_DACH2_LHX2",0.351140535853754
"_TAGGGTTAGATGAACT-3","Glut-DACH2-HVCra","Ex_SATB2_SOX6",0.349306918130611
"_TAGGGTTAGTCAGCCC-3","Glut-DACH2-HVCra-Int","Ex_DACH2_LUZP2",0.297057617227863
"_TAGGGTTTCCACGGGT-3","Glut-DACH2-HVCra","Ex_DACH2_MGAT4C",0.445831257937439
"_TAGGGTTTCCATTGTT-3","Glut-DACH2-HVCra","Ex_SATB2_SOX6",0.606033761189282
"_TAGGTACGTACCATAC-3","Glut-DACH2-HVCra","Ex_SATB2_SOX6",0.234993306871654
"_TAGGTTGAGAGAGGGC-3","Glut-DACH2-HVCra-Int","Ex_DACH2_GRIK4",0.266179739249902
"_TAGGTTGAGGATGCGT-3","Glut-DACH2-2","Ex_DACH2_LHX2",0.41622486849345
"_TAGGTTGCACTATCCC-3","Glut-DACH2-HVCra","Ex_SATB2_SOX6",0.255181590125801
"_TAGGTTGGTAAGACCG-3","Glut-DACH2-2","Ex_DACH2_GRIK4",0.361727570009843
"_TAGGTTGGTGAGAACC-3","Glut-DACH2-HVCra-Int","Ex_DACH2_GRIK4",0.390091157972614
"_TATACCTAGCTCAGAG-3","Glut-DACH2-HVCx","Ex_SATB2_SOX6",0.554334463407329
"_TATACCTCAACATCGT-3","Glut-DACH2-2","Ex_DACH2_MGAT4C",0.289641220353349
"_TATACCTTCACCTACC-3","Glut-DACH2-1","Ex_DACH2_NR4A3",0.960654294369975
"_TATACCTTCGGCTGGT-3","Glut-DACH2-HVCra-Int","Ex_DACH2_MGAT4C",0.457905283479342
"_TATATCCGTACCTATG-3","Glut-DACH2-HVCra","Ex_SATB2_SOX6",0.371687598319415
"_TATCAGGGTTGAGTCT-3","Glut-DACH2-HVCra","Ex_SATB2_SOX6",0.216143532271504
"_TATCCTACAAGGATGC-3","Glut-DACH2-HVCra","Ex_SATB2_SOX6",0.506900599498833
"_TATCGCCAGCGCCGTT-3","Glut-DACH2-HVCra","Ex_DACH2_MGAT4C",0.47372536687876
"_TATCGCCAGTTCATCG-3","Glut-DACH2-1","Ex_DACH2_GRIK4",0.322812194541739
"_TATCTTGCAAGGTCGA-3","Glut-DACH2-HVCra-Int","Ex_DACH2_NR4A3",0.353381422837355
"_TATCTTGCATTGAGGG-3","Glut-DACH2-4","Ex_DACH2_ZMAT4",0.263956708697115
"_TATGTTCAGCAAATGT-3","Glut-DACH2-HVCra-Int","Ex_DACH2_LHX2",0.659944965356841
"_TATGTTCAGCATTTGC-3","Glut-DACH2-HVCra","Ex_DACH2_GRIK4",0.164143520880941
"_TATGTTCAGTTACTCG-3","Glut-DACH2-2","Ex_DACH2_LHX2",0.5773274306902
"_TATGTTCCAAGCCCAC-3","Glut-DACH2-HVCx","Ex_DACH2_CEMIP",0.453904506493674
"_TATGTTCGTGGCCACT-3","Glut-DACH2-HVCx","Ex_DACH2_CEMIP",0.511526396681438
"_TATGTTCGTTTGTTCT-3","Glut-DACH2-HVCra-Int","Ex_SATB2_SOX6",0.362467539032323
"_TATGTTCTCCACGAAT-3","Glut-DACH2-HVCra","Ex_DACH2_MGAT4C",0.195914668865532
"_TATTCCAAGTGAATAC-3","Glut-DACH2-HVCra-Int","Ex_DACH2_LHX2",0.406017766523858
"_TATTGCTCACAGCTGC-3","Glut-DACH2-HVCra","Ex_SATB2_SOX6",0.434502077584519
"_TATTGCTCACCCTATC-3","Glut-DACH2-HVCra","Ex_SATB2_SOX6",0.299165046425998
"_TATTGCTGTCACCACG-3","Glut-DACH2-HVCra","Ex_SATB2_SOX6",0.442510860988743
"_TATTGCTTCCGTGTAA-3","Glut-DACH2-HVCra","Ex_SATB2_SOX6",0.188542321337089
"_TATTGGGCAACGACTT-3","Glut-DACH2-HVCra","Ex_SATB2_OVOA",0.252054922713325
"_TATTGGGGTACACGCC-3","Glut-DACH2-2","Ex_DACH2_LUZP2",0.342089101076389
"_TATTGGGGTCCGGACT-3","Glut-DACH2-HVCra","Ex_SATB2_SOX6",0.407025729613787
"_TATTTCGAGCCTCTGG-3","Glut-DACH2-HVCx","Ex_DACH2_CEMIP",0.476150230044059
"_TATTTCGAGTAAGCAT-3","Glut-DACH2-2","Ex_DACH2_LHX2",0.348584184446142
"_TATTTCGAGTACAACA-3","Glut-DACH2-HVCra-Int","Ex_DACH2_MGAT4C",0.475936322564844
"_TATTTCGGTATCGGTT-3","Glut-DACH2-HVCra-Int","Ex_DACH2_GRIK4",0.319995073969604
"_TATTTCGTCACTGTTT-3","Glut-DACH2-HVCra","Ex_DACH2_MGAT4C",0.221456891986837
"_TCAAGACAGTATTCCG-3","Glut-DACH2-HVCx","Ex_DACH2_CEMIP",0.639607448303744
"_TCAAGACCACAGTCGC-3","Glut-DACH2-HVCra-Int","Ex_DACH2_MGAT4C",0.421225011115542
"_TCAAGACGTAACTTCG-3","Glut-DACH2-HVCx","Ex_DACH2_CEMIP",0.535496116586342
"_TCAAGACGTGGCCACT-3","Glut-DACH2-HVCra-Int","Ex_DACH2_LHX2",0.608511963324065
"_TCAAGCAAGCGTGCCT-3","Glut-DACH2-HVCra","Ex_SATB2_SOX6",0.361263498176848
"_TCAAGCAAGGTTCATC-3","Glut-DACH2-HVCra-Int","Ex_DACH2_LHX2",0.583256319007213
"_TCAAGCAAGTATTAGG-3","Glut-DACH2-HVCra","Ex_SATB2_SOX6",0.463800041926857
"_TCAAGCATCCTTGGAA-3","Glut-DACH2-HVCra-Int","Ex_DACH2_ADAMTS5",0.58466999692178
"_TCAAGTGAGCCATTTG-3","Glut-DACH2-HVCra","Ex_SATB2_SOX6",0.354914785396743
"_TCAAGTGCAGGGTTGA-3","Glut-DACH2-HVCra-Int","Ex_DACH2_NR4A3",0.306840917916402
"_TCAAGTGTCAGTGTGT-3","Glut-DACH2-HVCra-Int","Ex_DACH2_LHX2",0.447898608280603
"_TCAAGTGTCGCTTTAT-3","Glut-DACH2-HVCra","Ex_SATB2_SOX6",0.29095112033901
"_TCAATCTAGAGTGTGC-3","Glut-DACH2-HVCra-Int","Ex_DACH2_MGAT4C",0.374865937571152
"_TCAATCTAGATTAGCA-3","Glut-DACH2-HVCra-Int","Ex_DACH2_LHX2",0.364522202536302
"_TCAATCTGTATCGTGT-3","Glut-DACH2-2","Ex_DACH2_LHX2",0.619028823150575
"_TCAATTCCAGATACCT-3","Glut-DACH2-HVCra","Ex_SATB2_SOX6",0.50274042916449
"_TCACACCAGGGCATGT-3","Glut-DACH2-HVCra-Int","Ex_DACH2_MGAT4C",0.344651749167033
"_TCACACCCAGGTGTGA-3","Glut-DACH2-HVCra-Int","Ex_DACH2_GRIK4",0.71831198278566
"_TCACACCGTCGACGCT-3","Glut-DACH2-HVCra","Ex_SATB2_SOX6",0.485061002254237
"_TCACACCGTGTTTCTT-3","Glut-DACH2-2","Ex_DACH2_MGAT4C",0.346932634374821
"_TCACACCTCTTGAACG-3","Glut-DACH2-HVCx","Ex_DACH2_CEMIP",0.447748744627252
"_TCACATTAGGTACTGG-3","Glut-DACH2-HVCra","Ex_SATB2_SOX6",0.266692802385467
"_TCACGCTCACGTCATA-3","Glut-DACH2-HVCra","Ex_SATB2_SOX6",0.300684732781916
"_TCACGCTGTATGTCTG-3","Glut-DACH2-HVCra","Ex_SATB2_SOX6",0.365802233387577
"_TCACGCTGTGATATAG-3","Glut-DACH2-HVCra","Ex_SATB2_SOX6",0.396067483791466
"_TCACGGGAGATAACGT-3","Glut-DACH2-HVCra-Int","Ex_DACH2_MGAT4C",0.337728225293115
"_TCACGGGGTCGAATGG-3","Glut-DACH2-HVCra","Ex_DACH2_MGAT4C",0.194049880294381
"_TCACGGGGTTCATCGA-3","Glut-DACH2-HVCra-Int","Ex_DACH2_LHX2",0.508308691893122
"_TCACTATCATGAGAAT-3","Glut-DACH2-2","Ex_DACH2_LHX2",0.517481119990005
"_TCACTATGTTCCGCGA-3","Glut-DACH2-HVCra-Int","Ex_DACH2_MGAT4C",0.264405451568937
"_TCACTCGCAGGTTCCG-3","Glut-DACH2-HVCx","Ex_DACH2_CEMIP",0.318742147161457
"_TCAGCAAAGATTGATG-3","Glut-DACH2-HVCra-Int","Ex_DACH2_MGAT4C",0.343135386102516
"_TCAGCAAAGCTGTGCC-3","Glut-DACH2-HVCra-Int","Ex_DACH2_LHX2",0.333987198126063
"_TCAGCAAGTCGCATTA-3","Glut-DACH2-HVCra","Ex_DACH2_GRIK4",0.226821032895066
"_TCAGCAATCAAGATAG-3","Glut-DACH2-HVCra","Ex_SATB2_SOX6",0.507017618420853
"_TCAGCCTGTGCGACAA-3","Glut-DACH2-HVCra","Ex_DACH2_CEMIP",0.275818825827057
"_TCAGGGCCAGCTGAAG-3","Glut-DACH2-HVCra","Ex_SATB2_SOX6",0.454301188179715
"_TCAGGTAAGGTCCGAA-3","Glut-DACH2-HVCra","Ex_SATB2_SOX6",0.223145958290386
"_TCAGGTATCGATGCTA-3","Glut-DACH2-HVCra","Ex_SATB2_SOX6",0.384830285045728
"_TCAGTCCCAGCTTCCT-3","Glut-DACH2-HVCra-Int","Ex_DACH2_MGAT4C",0.483061261358019
"_TCAGTCCCATCGGCCA-3","Glut-DACH2-HVCra","Ex_SATB2_SOX6",0.38159589689694
"_TCAGTTTCACCCTGTT-3","Glut-DACH2-1","Ex_DACH2_NR4A3",0.875129462437685
"_TCATATCAGGTAGGCT-3","Glut-DACH2-HVCra-Int","Ex_DACH2_ADAMTS5",0.386323896833446
"_TCATATCAGTGTCATC-3","Glut-DACH2-HVCra-Int","Ex_SATB2_FOXP2",0.268712635493789
"_TCATATCCATAAGATG-3","Glut-DACH2-1","Ex_DACH2_MGAT4C",0.416360906171027
"_TCATATCGTAGGTCAG-3","Glut-DACH2-4","Ex_DACH2_NR4A3",0.591412871106741
"_TCATATCGTTACAGCT-3","Glut-DACH2-HVCra","Ex_SATB2_SOX6",0.526836154567433
"_TCATATCGTTGCCGAC-3","Glut-DACH2-HVCra","Ex_SATB2_SOX6",0.482643205332054
"_TCATCATAGACGTCCC-3","Glut-DACH2-7","Ex_DACH2_NR4A3",0.407672367342978
"_TCATCATAGGAATGTT-3","Glut-SATB2-1","Ex_SATB2_SOX6",0.658426273949022
"_TCATCATCACGTACAT-3","Glut-DACH2-HVCra","Ex_SATB2_SOX6",0.459972888224839
"_TCATCATCAGGAATAT-3","Glut-DACH2-HVCx","Ex_CACNA1H_LHX9",0.355630433548932
"_TCATCATGTATGGGAC-3","Glut-DACH2-3","Ex_DACH2_ITGA9",0.396510507820222
"_TCATCATGTGCCGTTG-3","Glut-DACH2-2","Ex_DACH2_LHX2",0.428530971494618
"_TCATCCGAGCTCAGAG-3","Glut-DACH2-HVCra","Ex_SATB2_SOX6",0.564974786482132
"_TCATGAGGTACCGGAA-3","Glut-DACH2-1","Ex_DACH2_GRIK4",0.577508646968359
"_TCATGAGGTGACTGAG-3","Glut-DACH2-2","Ex_DACH2_MGAT4C",0.472333272738423
"_TCATGAGGTGCTTATG-3","Glut-DACH2-2","Ex_DACH2_MGAT4C",0.396287294018225
"_TCATGAGTCGGAGTGA-3","Glut-DACH2-HVCx","Ex_DACH2_CEMIP",0.551432541137426
"_TCATGGATCTGAACGT-3","Glut-DACH2-HVCra","Ex_SATB2_SOX6",0.264078688865398
"_TCATGTTCACGTAGAG-3","Glut-DACH2-1","Ex_DACH2_LHX2",0.424713997962867
"_TCATGTTGTCCAGTTA-3","Glut-DACH2-HVCx","Ex_SATB2_SOX6",0.196891965752722
"_TCATTACAGTGAACAT-3","Glut-DACH2-HVCra","Ex_SATB2_ZNF385B",0.533982269609995
"_TCATTACGTCTACAAC-3","Glut-DACH2-HVCra","Ex_DACH2_CEMIP",0.232506049184569
"_TCATTCATCCGCTGTT-3","Glut-DACH2-HVCra","Ex_DACH2_GRIK4",0.219788932729641
"_TCATTCATCGTAGCTA-3","Glut-DACH2-2","Ex_DACH2_LHX2",0.622499688502221
"_TCATTGTAGCTCGTGC-3","Glut-DACH2-2","Ex_DACH2_LHX2",0.65667340463269
"_TCATTGTTCCGATGTA-3","Glut-DACH2-HVCra","Ex_SATB2_SOX6",0.164627583369776
"_TCCACCATCGTAGGAG-3","Glut-DACH2-HVCra-Int","Ex_DACH2_MGAT4C",0.347412052993686
"_TCCACGTGTCAACATC-3","Glut-DACH2-2","Ex_DACH2_LHX2",0.502353166414326
"_TCCAGAAAGAGTTCGG-3","Glut-DACH2-HVCra","Ex_SATB2_SOX6",0.258790607426885
"_TCCAGAAAGCCACTCG-3","Glut-DACH2-HVCra","Ex_SATB2_SOX6",0.393016270077052
"_TCCAGAAGTCGTGATT-3","Glut-DACH2-HVCra-Int","Ex_DACH2_LHX2",0.442794473741496
"_TCCAGAATCCGAGGCT-3","Glut-DACH2-HVCra","Ex_SATB2_SOX6",0.220714033436489
"_TCCATCGAGCCTCATA-3","Glut-DACH2-2","Ex_DACH2_LHX2",0.399566576769533
"_TCCATCGCACGTACTA-3","Glut-DACH2-HVCra-Int","Ex_DACH2_MGAT4C",0.348598627082721
"_TCCATCGGTAACACGG-3","Glut-DACH2-HVCra-Int","Ex_DACH2_LHX2",0.574516052217799
"_TCCATCGGTTCTCGCT-3","Glut-DACH2-HVCra","Ex_SATB2_SOX6",0.288950200265389
"_TCCATCGTCTAGAGCT-3","Glut-DACH2-HVCra","Ex_SATB2_SOX6",0.340898332224653
"_TCCATGCAGCAACCAG-3","Glut-DACH2-HVCra-Int","Ex_DACH2_MGAT4C",0.240145156502201
"_TCCATGCAGCGGATCA-3","Glut-DACH2-HVCra","Ex_DACH2_MGAT4C",0.29842470894805
"_TCCATGCAGGGCATGT-3","Glut-DACH2-HVCra","Ex_SATB2_SOX6",0.394227840370649
"_TCCATGCAGTTGCCCG-3","Glut-DACH2-HVCra","Ex_DACH2_CEMIP",0.394798047157747
"_TCCATGCCAGTCGCAC-3","Glut-DACH2-5","Ex_DACH2_ADAMTS5",0.549052026814495
"_TCCATGCGTGCATTTG-3","Glut-DACH2-HVCra-Int","Ex_DACH2_MGAT4C",0.366850468137352
"_TCCCATGTCTTCTAAC-3","Glut-DACH2-HVCra-Int","Ex_DACH2_LHX2",0.569420012139222
"_TCCGAAAAGACATAGT-3","Glut-DACH2-HVCx","Ex_SATB2_SOX6",0.24192036407576
"_TCCGGGACAGCCGTTG-3","Glut-DACH2-HVCx","Ex_DACH2_CEMIP",0.744561010021441
"_TCCGGGACAGCTCATA-3","Glut-DACH2-HVCra-Int","Ex_DACH2_LHX2",0.416506195822934
"_TCCGGGATCAAGTAAG-3","Glut-DACH2-HVCra-Int","Ex_DACH2_MGAT4C",0.347830364501604
"_TCCGTGTTCCGCAACG-3","Glut-DACH2-2","Ex_DACH2_NR4A3",0.702070813558409
"_TCCTAATAGCGTGAAC-3","Glut-DACH2-HVCra","Ex_SATB2_SOX6",0.43018967447232
"_TCCTAATGTCTCACAA-3","Glut-DACH2-HVCx","Ex_DACH2_CEMIP",0.460358229205595
"_TCCTAATTCACTACTT-3","Glut-DACH2-HVCra","Ex_DACH2_CEMIP",0.198902914667771
"_TCCTCCCTCGAACGCC-3","Glut-DACH2-2","Ex_DACH2_LHX2",0.620626903497425
"_TCCTCGAAGGATTCAA-3","Glut-DACH2-2","Ex_DACH2_LHX2",0.484925094090492
"_TCCTCGAAGGCATTTC-3","Glut-DACH2-HVCra-Int","Ex_DACH2_LHX2",0.249907788891791
"_TCCTCTTAGCTTGTGT-3","Glut-DACH2-HVCra","Ex_DACH2_LHX2",0.355590823593843
"_TCCTCTTAGGCTGAAC-3","Glut-DACH2-HVCra","Ex_SATB2_SOX6",0.493475685736119
"_TCCTCTTCACAGACGA-3","Glut-DACH2-HVCra-Int","Ex_DACH2_LHX2",0.43938307932939
"_TCCTCTTTCTAGACCA-3","Glut-DACH2-HVCra","Ex_DACH2_GRIK4",0.16151956295757
"_TCCTGCAAGGCCATAG-3","Glut-DACH2-HVCra-Int","Ex_DACH2_LHX2",0.467526301753356
"_TCCTTCTAGCGTGCCT-3","Glut-DACH2-2","Ex_DACH2_GRIK4",0.434856431647426
"_TCCTTCTAGGTCATAA-3","Glut-DACH2-HVCx","Ex_DACH2_CEMIP",0.480919895835214
"_TCCTTCTCACCTCAGG-3","Glut-DACH2-HVCra","Ex_SATB2_SOX6",0.363715821836111
"_TCCTTCTGTATTCCGA-3","Glut-DACH2-HVCra-Int","Ex_DACH2_GRIK4",0.48665347748728
"_TCCTTCTTCATTACGG-3","Glut-DACH2-4","Ex_DACH2_ADAMTS5",0.203426527731468
"_TCCTTTCAGGCAGGTT-3","Glut-DACH2-HVCra","Ex_DACH2_MGAT4C",0.263287563239679
"_TCCTTTCCACATTCGA-3","Glut-DACH2-HVCra-Int","Ex_DACH2_LHX2",0.556156757576505
"_TCCTTTCGTTGTGCAT-3","Glut-DACH2-2","Ex_DACH2_LHX2",0.301919934080155
"_TCGAACAAGAGAGTGA-3","Glut-DACH2-HVCx","Ex_SATB2_SOX6",0.235174246291705
"_TCGAACACACTGCACG-3","Glut-DACH2-HVCra","Ex_SATB2_SOX6",0.585020615296579
"_TCGAAGTAGATGGGCT-3","Glut-DACH2-HVCra","Ex_SATB2_SOX6",0.385517549903981
"_TCGAAGTCACTACGGC-3","Glut-DACH2-HVCra","Ex_SATB2_SOX6",0.372963924278893
"_TCGAAGTCAGAGGTTG-3","Glut-DACH2-HVCra-Int","Ex_DACH2_ADAMTS5",0.368880746066687
"_TCGAAGTGTGCCTAAT-3","Glut-DACH2-HVCra-Int","Ex_DACH2_LHX2",0.372548735970272
"_TCGAAGTGTTCGAACT-3","Glut-DACH2-HVCra-Int","Ex_DACH2_LHX2",0.497028781518755
"_TCGAAGTTCAAGCCTA-3","Glut-DACH2-2","Ex_DACH2_MGAT4C",0.339004194652007
"_TCGACCTAGCTTGTGT-3","Glut-DACH2-HVCra","Ex_SATB2_OVOA",0.297511246060449
"_TCGACCTGTCGCGGTT-3","Glut-DACH2-HVCx","Ex_DACH2_CEMIP",0.577104497559696
"_TCGACCTTCCATGATG-3","Glut-DACH2-HVCra","Ex_SATB2_ZNF385B",0.374125312478813
"_TCGATTTAGGTCACAG-3","Glut-DACH2-HVCra-Int","Ex_DACH2_GRIK4",0.390185241764346
"_TCGATTTCACTACTTT-3","Glut-DACH2-3","Ex_DACH2_ITGA9",0.610668429062706
"_TCGATTTCATAACCCA-3","Glut-DACH2-HVCra-Int","Ex_SATB2_SOX6",0.233921436608631
"_TCGATTTCATGTTCGA-3","Glut-DACH2-HVCra","Ex_DACH2_LHX2",0.435790116088789
"_TCGCACTGTGTCTTAG-3","Glut-DACH2-HVCra-Int","Ex_DACH2_LHX2",0.481559521639861
"_TCGCACTTCTAACGGT-3","Glut-DACH2-2","Ex_DACH2_MGAT4C",0.343712068518086
"_TCGCAGGAGCCAAGTG-3","Glut-DACH2-2","Ex_DACH2_LHX2",0.475826168086581
"_TCGCAGGCACAATGCT-3","Glut-DACH2-2","Ex_DACH2_GRIK4",0.482420118408683
"_TCGCAGGTCAGGAACG-3","Glut-DACH2-HVCra","Ex_SATB2_SOX6",0.349785096451229
"_TCGCTCAAGCCATCCG-3","Glut-DACH2-HVCra","Ex_SATB2_SOX6",0.343496332770947
"_TCGCTCAAGGTACAAT-3","Glut-DACH2-4","Ex_SATB2_OVOA",0.171809471084623
"_TCGCTCAGTACTGACT-3","Glut-DACH2-HVCra","Ex_BCL6",0.291502594509147
"_TCGCTCAGTCCAGTTA-3","Glut-DACH2-HVCra","Ex_DACH2_GRIK4",0.228929805891226
"_TCGCTTGAGAGTTGTA-3","Glut-DACH2-HVCra-Int","Ex_DACH2_LHX2",0.659102917680866
"_TCGCTTGAGGGCTGAT-3","Glut-DACH2-HVCx","Ex_DACH2_CEMIP",0.581464870314496
"_TCGCTTGCATATCTCT-3","Glut-DACH2-HVCra-Int","Ex_DACH2_MGAT4C",0.266212655911306
"_TCGCTTGGTCTTTCTA-3","Glut-DACH2-2","Ex_DACH2_GRIK4",0.347204830769605
"_TCGCTTGTCCAATGCA-3","Glut-DACH2-HVCra","Ex_DACH2_GRIK4",0.431701294853492
"_TCGGATATCTTCTTCC-3","Glut-DACH2-HVCra","Ex_SATB2_SOX6",0.382881357670216
"_TCGGGACTCCTGGGTG-3","Glut-DACH2-2","Ex_DACH2_GRIK4",0.319132162022446
"_TCGGGACTCTCTGAGA-3","Glut-DACH2-HVCra","Ex_SATB2_SOX6",0.538014147079937
"_TCGGGACTCTGCGGGT-3","Glut-DACH2-HVCra","Ex_DACH2_GRIK4",0.244555762441216
"_TCGGGCAAGAAGGGAT-3","Glut-DACH2-HVCra","Ex_DACH2_MGAT4C",0.254052319467594
"_TCGGGCACAGGCACAA-3","Glut-DACH2-HVCra","Ex_SATB2_SOX6",0.369884833624875
"_TCGGGCATCTACACAG-3","Glut-DACH2-HVCra","Ex_SATB2_FOXP2",0.187575977603446
"_TCGGGTGAGAGTCCGA-3","Glut-DACH2-2","Ex_DACH2_MGAT4C",0.276119253892351
"_TCGGGTGAGGAGATAG-3","Glut-DACH2-2","Ex_DACH2_LHX2",0.591156803051445
"_TCGGGTGGTATTTCCT-3","Glut-DACH2-HVCra","Ex_BCL6",0.270748259240716
"_TCGGGTGTCGTTTACT-3","Glut-DACH2-HVCra","Ex_DACH2_MGAT4C",0.329013786805261
"_TCGGTCTAGTAGTCAA-3","Glut-DACH2-2","Ex_DACH2_LHX2",0.44853480318489
"_TCGGTCTGTGGTTTAC-3","Glut-DACH2-HVCra-Int","Ex_DACH2_GRIK4",0.341929112583721
"_TCGGTCTTCCCTATTA-3","Glut-DACH2-HVCra","Ex_SATB2_ZNF385B",0.220722909518038
"_TCGGTCTTCGACACCG-3","Glut-DACH2-HVCra","Ex_SATB2_SOX6",0.455707409449313
"_TCGGTCTTCGAGTCCG-3","Glut-DACH2-HVCra","Ex_SATB2_SOX6",0.438729887545751
"_TCGTAGAGTTTCACAG-3","Glut-DACH2-2","Ex_DACH2_LHX2",0.612516710517573
"_TCGTCCAAGAATCGAT-3","Glut-DACH2-1","Ex_DACH2_NR4A3",0.920140167799847
"_TCGTCCAAGCGGTAAC-3","Glut-DACH2-HVCra","Ex_SATB2_SOX6",0.410210645362303
"_TCGTCCAAGGCTCTCG-3","Glut-DACH2-6","Ex_DACH2_CEMIP",0.298841436203716
"_TCGTGGGCACTGCACG-3","Glut-DACH2-HVCx","Ex_DACH2_CEMIP",0.373478591576149
"_TCTAACTCAGGTACGA-3","Glut-DACH2-2","Ex_DACH2_LHX2",0.435050415944061
"_TCTAACTGTTTGGAAA-3","Glut-DACH2-HVCra-Int","Ex_DACH2_MGAT4C",0.283533548225904
"_TCTACATTCGACCTAA-3","Glut-DACH2-4","Ex_SATB2_OVOA",0.27241619461114
"_TCTACCGAGAGGCGTT-3","Glut-DACH2-HVCra-Int","Ex_DACH2_NR4A3",0.378727255738421
"_TCTACCGAGTACGAGC-3","Glut-DACH2-HVCra","Ex_SATB2_SOX6",0.463012552607978
"_TCTACCGGTTAACAGA-3","Glut-DACH2-HVCra-Int","Ex_DACH2_MGAT4C",0.380857074599448
"_TCTACCGTCACTCTTA-3","Glut-DACH2-HVCra-Int","Ex_DACH2_NR4A3",0.24730411554207
"_TCTATACTCGTGCAGC-3","Glut-DACH2-4","Ex_KIAA1217_BCL6",0.202858152628149
"_TCTATCAAGTCCCGGT-3","Glut-DACH2-HVCra-Int","Ex_DACH2_LHX2",0.602297644534528
"_TCTATCACAGGATTCT-3","Glut-DACH2-HVCra","Ex_SATB2_SOX6",0.28144623609569
"_TCTATCAGTTACACAC-3","Glut-DACH2-2","Ex_DACH2_MGAT4C",0.323163416960934
"_TCTCACGGTCGAAACG-3","Glut-DACH2-2","Ex_DACH2_LHX2",0.623463870067341
"_TCTCAGCAGTTCCTGA-3","Glut-DACH2-HVCra","Ex_DACH2_GRIK4",0.272436926790769
"_TCTCAGCCAAAGGTTA-3","Glut-DACH2-HVCra","Ex_DACH2_GRIK4",0.367894709942135
"_TCTCAGCCAATTGAAG-3","Glut-DACH2-HVCra-Int","Ex_DACH2_LHX2",0.304967635488887
"_TCTCAGCCAGCTTTCC-3","Glut-DACH2-HVCra","Ex_SATB2_SOX6",0.288579521665069
"_TCTCAGCTCAGGAACG-3","Glut-DACH2-HVCx","Ex_DACH2_CEMIP",0.535539154193825
"_TCTCCGACAAGTGGAC-3","Glut-DACH2-HVCra","Ex_SATB2_SOX6",0.459740705040279
"_TCTCCGAGTATTGACC-3","Glut-DACH2-HVCra","Ex_SATB2_SOX6",0.401363023273861
"_TCTCCGATCTCTGACC-3","Glut-DACH2-HVCx","Ex_DACH2_CEMIP",0.327121571001284
"_TCTGCCACATGGTGGA-3","Glut-DACH2-2","Ex_DACH2_MGAT4C",0.346175839120421
"_TCTGCCATCGGACCAC-3","Glut-DACH2-1","Ex_DACH2_MGAT4C",0.273649873976842
"_TCTGGCTAGCGTCAGA-3","Glut-DACH2-HVCra-Int","Ex_DACH2_LHX2",0.306600006513609
"_TCTGGCTAGGCCATAG-3","Glut-DACH2-HVCra-Int","Ex_DACH2_NR4A3",0.242836122301842
"_TCTGGCTAGGTCATCT-3","Glut-DACH2-HVCx","Ex_DACH2_CEMIP",0.374984166676019
"_TCTGGCTCATGTTCGA-3","Glut-DACH2-HVCra","Ex_SATB2_SOX6",0.593786006197283
"_TCTGGCTGTGGAAGTC-3","Glut-DACH2-HVCra","Ex_SATB2_SOX6",0.563779779631038
"_TCTGTCGGTACAAGTA-3","Glut-DACH2-HVCra","Ex_SATB2_SOX6",0.503452146556906
"_TCTGTCGGTCTGCAAT-3","Glut-DACH2-HVCra-Int","Ex_DACH2_LHX2",0.659076198981436
"_TCTTAGTCAACGTAAA-3","Glut-DACH2-HVCx","Ex_DACH2_CEMIP",0.55980190270249
"_TCTTGCGCAGCATCTA-3","Glut-DACH2-HVCra","Ex_DACH2_MGAT4C",0.353529690859503
"_TCTTTGACAGTAGTTC-3","Glut-DACH2-HVCra","Ex_DACH2_ADAMTS5",0.253203741232033
"_TCTTTGAGTCAATGGG-3","Glut-DACH2-2","Ex_DACH2_MGAT4C",0.231204493084952
"_TCTTTGATCTGGTTGA-3","Glut-DACH2-HVCra","Ex_SATB2_SOX6",0.447841505627516
"_TGAATCGCATCAGTCA-3","Glut-DACH2-HVCra-Int","Ex_DACH2_NR4A3",0.852288953077135
"_TGAATCGTCCGGCAAC-3","Glut-DACH2-HVCx","Ex_DACH2_CEMIP",0.581748840012844
"_TGAATCGTCTTCCGTG-3","Glut-DACH2-HVCra","Ex_SATB2_SOX6",0.348986862687414
"_TGAATGCAGTACTCGT-3","Glut-DACH2-HVCx","Ex_DACH2_CEMIP",0.409151785768291
"_TGAATGCCAAGCTACT-3","Glut-DACH2-HVCra","Ex_SATB2_SOX6",0.39353060664441
"_TGAATGCTCTCAACGA-3","Glut-DACH2-2","Ex_DACH2_LHX2",0.427844923758047
"_TGAATGCTCTGAGAGG-3","Glut-DACH2-HVCra","Ex_SATB2_SOX6",0.425499488723755
"_TGACAGTAGCAGATAT-3","Glut-DACH2-HVCx","Ex_DACH2_CEMIP",0.319222443377821
"_TGACAGTAGCATCCCG-3","Glut-DACH2-2","Ex_DACH2_LHX2",0.538299847867357
"_TGACAGTTCAAGCCAT-3","Glut-DACH2-HVCra","Ex_SATB2_SOX6",0.179696120218472
"_TGACAGTTCAGGGTAG-3","Glut-DACH2-HVCx","Ex_SATB2_SOX6",0.520809179588719
"_TGACAGTTCGCTGATA-3","Glut-DACH2-HVCra-Int","Ex_DACH2_MGAT4C",0.490653922960794
"_TGACCCTAGGGCCTCT-3","Glut-DACH2-HVCra-Int","Ex_DACH2_MGAT4C",0.241872153309918
"_TGACCCTGTGTCATGT-3","Glut-DACH2-HVCra-Int","Ex_DACH2_GRIK4",0.42400729289269
"_TGACCCTTCATACGGT-3","Glut-DACH2-HVCra","Ex_DACH2_MGAT4C",0.395553167214036
"_TGACGCGAGCGTTACT-3","Glut-DACH2-HVCra","Ex_DACH2_LHX2",0.537274591629132
"_TGACGCGCAAGAGGTC-3","Glut-DACH2-HVCx","Ex_DACH2_CEMIP",0.546568274374448
"_TGACGCGCAGCGCGTT-3","Glut-DACH2-HVCra","Ex_BCL6",0.353735542598422
"_TGACGCGCATTACTCT-3","Glut-DACH2-HVCra","Ex_SATB2_SOX6",0.25309092032482
"_TGACGCGGTATTCCGA-3","Glut-DACH2-HVCra","Ex_SATB2_SOX6",0.296353068112537
"_TGACTCCCATCAACCA-3","Glut-DACH2-HVCra","Ex_SATB2_SOX6",0.486734870781674
"_TGACTCCGTGGGTATG-3","Glut-DACH2-HVCra-Int","Ex_DACH2_ADAMTS5",0.248215184492903
"_TGAGACTAGGCTTCCG-3","Glut-DACH2-HVCra-Int","Ex_DACH2_MGAT4C",0.315617201533723
"_TGAGACTCACGCCACA-3","Glut-DACH2-HVCra","Ex_DACH2_LHX2",0.281785339777288
"_TGAGCATGTGGCAACA-3","Glut-DACH2-HVCra-Int","Ex_DACH2_MGAT4C",0.248829346776161
"_TGAGCATTCGTAGTGT-3","Glut-DACH2-HVCra-Int","Ex_DACH2_LHX2",0.303133652403491
"_TGAGCGCAGCGCCCAT-3","Glut-DACH2-HVCra-Int","Ex_SATB2_SOX6",0.373938995224535
"_TGAGCGCAGGCCATAG-3","Glut-DACH2-HVCra","Ex_DACH2_GRIK4",0.227241399868723
"_TGAGCGCGTATCGAGG-3","Glut-DACH2-HVCra","Ex_SATB2_SOX6",0.258130464712642
"_TGAGCGCGTCAGGCAA-3","Glut-DACH2-HVCra","Ex_DACH2_ADAMTS5",0.180170896862047
"_TGAGCGCTCTTCTAAC-3","Glut-DACH2-HVCra","Ex_SATB2_SOX6",0.305845055645312
"_TGAGGAGTCTCTCAAT-3","Glut-DACH2-HVCx","Ex_SATB2_SOX6",0.251125674361851
"_TGAGGGAAGCCTGAGA-3","Glut-DACH2-HVCra-Int","Ex_DACH2_LHX2",0.282265644946493
"_TGAGTCAAGGTCACTT-3","Glut-DACH2-HVCx","Ex_DACH2_CEMIP",0.525710265267406
"_TGAGTCATCTCCTACG-3","Glut-DACH2-HVCra-Int","Ex_DACH2_MGAT4C",0.440303675774012
"_TGATCAGAGGGTTGCA-3","Glut-DACH2-HVCra","Ex_BCL6",0.297208856900491
"_TGATCAGCAACCGCCA-3","Glut-DACH2-HVCx","Ex_DACH2_CEMIP",0.532269254542725
"_TGATCAGGTTCCCACT-3","Glut-DACH2-2","Ex_DACH2_MGAT4C",0.35694527731064
"_TGATCAGTCGGTCTGG-3","Glut-DACH2-2","Ex_DACH2_LHX2",0.462166025957978
"_TGATCTTAGATCCCAT-3","Glut-DACH2-HVCra","Ex_SATB2_SOX6",0.296901425798867
"_TGATCTTGTTGCTCCT-3","Glut-DACH2-1","Ex_DACH2_MGAT4C",0.582158100397646
"_TGATGCAAGTCGCCCA-3","Glut-DACH2-HVCra-Int","Ex_DACH2_LHX2",0.477300897032171
"_TGATGCATCAGCAATC-3","Glut-DACH2-2","Ex_DACH2_LHX2",0.511022142275789
"_TGATGGTGTTGTAAAG-3","Glut-DACH2-HVCx","Ex_SATB2_SOX6",0.300162230993224
"_TGATGGTTCAGTGTCA-3","Glut-DACH2-HVCra-Int","Ex_DACH2_LHX2",0.542105639268041
"_TGATTCTCACGACGCT-3","Glut-DACH2-HVCra-Int","Ex_DACH2_MGAT4C",0.431207661440078
"_TGATTCTGTAGAGACC-3","Glut-DACH2-HVCra-Int","Ex_DACH2_LHX2",0.433541743505516
"_TGATTCTGTAGAGCTG-3","Glut-DACH2-7","Ex_DACH2_NR4A3",0.390634636840132
"_TGATTCTTCCGTAATG-3","Glut-DACH2-2","Ex_DACH2_LHX2",0.282606004634189
"_TGATTCTTCGACACTA-3","Glut-DACH2-HVCra","Ex_DACH2_LHX2",0.456971296115673
"_TGATTTCGTAAGCAAT-3","Glut-DACH2-HVCra","Ex_DACH2_MGAT4C",0.234486696003202
"_TGATTTCGTACTGCGC-3","Glut-DACH2-HVCra-Int","Ex_DACH2_LHX2",0.358642927396015
"_TGATTTCGTCATAAAG-3","Glut-DACH2-HVCra-Int","Ex_DACH2_MGAT4C",0.370506998770006
"_TGCACGGCAACTGTGT-3","Glut-DACH2-HVCra","Ex_DACH2_MGAT4C",0.25946963504931
"_TGCACGGGTCTTGGTA-3","Glut-DACH2-HVCra","Ex_SATB2_SOX6",0.352308198686392
"_TGCAGATAGCTGGCTC-3","Glut-DACH2-HVCra","Ex_DACH2_GRIK4",0.283264735907536
"_TGCAGGCAGCAGAAAG-3","Glut-DACH2-1","Ex_DACH2_GRIK4",0.413901299621835
"_TGCAGGCAGCGTACAG-3","Glut-DACH2-2","Ex_DACH2_LHX2",0.486861311870514
"_TGCAGGCGTCTTTCTA-3","Glut-DACH2-HVCra-Int","Ex_DACH2_LHX2",0.642579896678535
"_TGCAGTACATAACCCA-3","Glut-DACH2-HVCra","Ex_SATB2_SOX6",0.601406463954879
"_TGCAGTAGTAGGAGGG-3","Glut-DACH2-HVCra-Int","Ex_DACH2_LHX2",0.613997203535707
"_TGCAGTATCATCGCCT-3","Glut-DACH2-2","Ex_DACH2_LUZP2",0.298010160140464
"_TGCATCCTCTCTTCAA-3","Glut-DACH2-2","Ex_DACH2_LHX2",0.622294094766869
"_TGCATGAGTGGCTCTG-3","Glut-DACH2-HVCra","Ex_DACH2_CEMIP",0.340070571542818
"_TGCATGAGTGTAACGG-3","Glut-DACH2-1","Ex_DACH2_LHX2",0.41789711868808
"_TGCATGAGTGTGGTCC-3","Glut-DACH2-HVCra","Ex_SATB2_SOX6",0.419465692739734
"_TGCATGATCCGTTTCG-3","Glut-DACH2-2","Ex_DACH2_GRIK4",0.377345982180469
"_TGCCGAGAGGACCCAA-3","Glut-DACH2-HVCra","Ex_DACH2_MGAT4C",0.249891931762337
"_TGCCGAGGTACCCGAC-3","Glut-DACH2-HVCra","Ex_SATB2_SOX6",0.489765370806622
"_TGCCGAGGTCCACGCA-3","Glut-DACH2-2","Ex_DACH2_MGAT4C",0.398155078916004
"_TGCGACGCAAGTATCC-3","Glut-DACH2-HVCx","Ex_SATB2_SOX6",0.332340915377729
"_TGCGACGTCTACACAG-3","Glut-DACH2-HVCra-Int","Ex_DACH2_LHX2",0.338849472772261
"_TGCGATAAGGAAAGGT-3","Glut-DACH2-HVCx","Ex_DACH2_CEMIP",0.559882228740296
"_TGCGATAGTGCGGCTT-3","Glut-DACH2-2","Ex_DACH2_LHX2",0.553761552644173
"_TGCGATATCACATTGG-3","Glut-DACH2-HVCra-Int","Ex_SATB2_SOX6",0.251386940730701
"_TGCGGCAAGTCCGCGT-3","Glut-DACH2-HVCx","Ex_DACH2_CEMIP",0.546604445194947
"_TGCGGCAGTCAAGCGA-3","Glut-DACH2-HVCra-Int","Ex_DACH2_LHX2",0.525723464181696
"_TGCTCCAGTTATGTCG-3","Glut-DACH2-HVCra-Int","Ex_DACH2_LHX2",0.454609182040532
"_TGCTCCAGTTGCGGAA-3","Glut-DACH2-1","Ex_DACH2_LHX2",0.41542241222315
"_TGCTCGTAGCATGCAG-3","Glut-DACH2-HVCra","Ex_SATB2_SOX6",0.375622060221807
"_TGCTCGTAGTAACGAT-3","Glut-DACH2-HVCra-Int","Ex_DACH2_GRIK4",0.351951619619833
"_TGCTCGTCACATAACC-3","Glut-DACH2-2","Ex_DACH2_LHX2",0.646699622166452
"_TGCTCGTGTTAGAAAC-3","Glut-DACH2-HVCx","Ex_SATB2_FOXP2",0.386378906699714
"_TGCTCGTTCATGAGGG-3","Glut-DACH2-HVCra-Int","Ex_DACH2_LHX2",0.317439176728224
"_TGCTGAATCGAGAGAC-3","Glut-DACH2-HVCra","Ex_BCL6",0.338025437368827
"_TGCTGAATCTCGCTCA-3","Glut-DACH2-2","Ex_DACH2_ADAMTS5",0.302704017066
"_TGCTTCGAGATGAACT-3","Glut-DACH2-HVCra","Ex_SATB2_SOX6",0.596974319266048
"_TGCTTCGCATGCCGGT-3","Glut-DACH2-HVCra","Ex_DACH2_ADAMTS5",0.405426849774912
"_TGCTTGCAGCGCCTAC-3","Glut-DACH2-HVCra","Ex_SATB2_SOX6",0.463899410662573
"_TGCTTGCAGGTAGATT-3","Glut-DACH2-HVCra","Ex_DACH2_ADAMTS5",0.368756841007892
"_TGCTTGCCACTCAAGT-3","Glut-DACH2-2","Ex_DACH2_MGAT4C",0.409858490934834
"_TGCTTGCCAGAGATGC-3","Glut-DACH2-HVCra","Ex_DACH2_MGAT4C",0.336296293315413
"_TGGAGAGCAATGACCT-3","Glut-DACH2-HVCra-Int","Ex_DACH2_LHX2",0.546600779300716
"_TGGAGAGCATGCAGCC-3","Glut-DACH2-HVCx","Ex_DACH2_CEMIP",0.532457953850405
"_TGGAGAGTCTCTCCGA-3","Glut-DACH2-HVCra","Ex_SATB2_SOX6",0.382480366792995
"_TGGAGGAAGGTGCTTT-3","Glut-DACH2-HVCra","Ex_DACH2_ADAMTS5",0.237744559674665
"_TGGATCAAGGACCCAA-3","Glut-DACH2-HVCra-Int","Ex_DACH2_MGAT4C",0.526196935491495
"_TGGATCAAGGCACGAT-3","Glut-DACH2-HVCra-Int","Ex_DACH2_LHX2",0.42543298310667
"_TGGATCACAAAGGGTC-3","Glut-DACH2-2","Ex_DACH2_LHX2",0.350787313411977
"_TGGATCACATGGCCCA-3","Glut-DACH2-HVCra-Int","Ex_DACH2_LHX2",0.550155281888662
"_TGGATCAGTGAGCAGT-3","Glut-SATB2-1","Ex_SATB2_FOXP2",0.682288035242451
"_TGGCGTGAGCGTGCCT-3","Glut-DACH2-HVCra-Int","Ex_DACH2_LHX2",0.330906505930715
"_TGGCGTGGTCGAGCTC-3","Glut-DACH2-2","Ex_DACH2_LHX2",0.554690264066667
"_TGGCGTGGTGTCTTCC-3","Glut-DACH2-HVCra-Int","Ex_DACH2_NR4A3",0.508891333218634
"_TGGGAAGAGATTGACA-3","Glut-DACH2-HVCra","Ex_BCL6",0.332067859383611
"_TGGGATTCAAGGCAAC-3","Glut-DACH2-HVCra","Ex_SATB2_SOX6",0.239786440595061
"_TGGGATTCAATTTCGG-3","Glut-DACH2-HVCx","Ex_DACH2_CEMIP",0.458856095115853
"_TGGGATTCACCACATA-3","Glut-DACH2-2","Ex_DACH2_LHX2",0.440217023074309
"_TGGGCGTCAAGAGCTG-3","Glut-DACH2-HVCra","Ex_SATB2_SOX6",0.341791150810579
"_TGGGCTGCACGTCATA-3","Glut-DACH2-3","Ex_DACH2_ZMAT4",0.501257914651192
"_TGGGCTGTCACGAACT-3","Glut-DACH2-HVCx","Ex_DACH2_CEMIP",0.439164955573038
"_TGGGCTGTCGCGTGCA-3","Glut-DACH2-HVCra-Int","Ex_DACH2_MGAT4C",0.277869736942163
"_TGGGTTAGTACTAGCT-3","Glut-DACH2-HVCx","Ex_DACH2_CEMIP",0.425939236790501
"_TGGGTTAGTGGCTTGC-3","Glut-DACH2-HVCx","Ex_DACH2_CEMIP",0.439808846845872
"_TGGTACAAGGCATCTT-3","Glut-DACH2-2","Ex_DACH2_LHX2",0.600193282357278
"_TGGTACAAGGTAGTAT-3","Glut-DACH2-HVCra","Ex_DACH2_MGAT4C",0.274517805284222
"_TGGTACAGTATGATCC-3","Glut-DACH2-HVCra-Int","Ex_DACH2_MGAT4C",0.441359543461494
"_TGGTACATCTCGACGG-3","Glut-DACH2-HVCra-Int","Ex_DACH2_MGAT4C",0.559017374732773
"_TGGTAGTCATCCGAAT-3","Glut-DACH2-HVCra","Ex_SATB2_SOX6",0.38278493619107
"_TGGTAGTGTTGCTCAA-3","Glut-DACH2-HVCra","Ex_DACH2_CEMIP",0.396950510970989
"_TGGTGATAGGGTGGGA-3","Glut-DACH2-HVCra","Ex_SATB2_OVOA",0.330922278783092
"_TGGTGATAGGTCCTGC-3","Glut-DACH2-HVCra","Ex_SATB2_SOX6",0.421977701101898
"_TGGTGATCAGCTGTAT-3","Glut-DACH2-HVCra-Int","Ex_DACH2_NR4A3",0.262829813085991
"_TGGTGATGTCGCACAC-3","Glut-DACH2-2","Ex_DACH2_MGAT4C",0.345198366306895
"_TGGTGATGTTTCGGCG-3","Glut-DACH2-2","Ex_DACH2_MGAT4C",0.379279698860681
"_TGTAACGCACCTTCCA-3","Glut-DACH2-HVCra","Ex_SATB2_SOX6",0.415900680653673
"_TGTAAGCAGCGAGAAA-3","Glut-DACH2-2","Ex_DACH2_LHX2",0.550330159287645
"_TGTACAGAGTTCACTG-3","Glut-DACH2-HVCra","Ex_SATB2_SOX6",0.442785423945355
"_TGTACAGCACCATAAC-3","Glut-DACH2-HVCra","Ex_SATB2_SOX6",0.450709714772759
"_TGTACAGGTGAATTAG-3","Glut-DACH2-HVCra-Int","Ex_CACNA1H_KIT",0.278749952506943
"_TGTACAGTCCCTCGAT-3","Glut-DACH2-HVCra","Ex_DACH2_GRIK4",0.217632164275996
"_TGTAGACAGAGTATAC-3","Glut-DACH2-HVCra-Int","Ex_DACH2_LHX2",0.478582407481104
"_TGTAGACGTGTACAGG-3","Glut-DACH2-HVCra","Ex_DACH2_CEMIP",0.254661693135165
"_TGTAGACTCGAAGCAG-3","Glut-DACH2-HVCra-Int","Ex_SATB2_FOXP2",0.30335251265249
"_TGTCAGAAGATGCTGG-3","Glut-DACH2-HVCx","Ex_DACH2_CEMIP",0.601811383685744
"_TGTCAGAAGGTTGGTG-3","Glut-DACH2-HVCra","Ex_SATB2_SOX6",0.356831759623642
"_TGTCAGACACGTAGTT-3","Glut-DACH2-HVCra","Ex_DACH2_MGAT4C",0.248701972313338
"_TGTCAGACATGTTTGG-3","Glut-DACH2-2","Ex_DACH2_NR4A3",0.627263864124852
"_TGTCAGAGTGTTTGCA-3","Glut-DACH2-HVCra-Int","Ex_DACH2_LUZP2",0.305398490875814
"_TGTCAGATCCTCACGT-3","Glut-DACH2-HVCra","Ex_DACH2_GRIK4",0.346132864483057
"_TGTCCACCAAGCGCTC-3","Glut-DACH2-2","Ex_DACH2_GRIK4",0.501439379155164
"_TGTCCACGTATGTCAC-3","Glut-DACH2-2","Ex_DACH2_GRIK4",0.47780851289644
"_TGTCCACTCTTAGCCC-3","Glut-DACH2-5","Ex_DACH2_LHX2",0.399893724758272
"_TGTCCCAAGTCCGCCA-3","Glut-DACH2-HVCra","Ex_SATB2_OVOA",0.407323477712763
"_TGTCCTGTCAACCTCC-3","Glut-DACH2-HVCra-Int","Ex_DACH2_LUZP2",0.338487828068326
"_TGTGAGTAGGTGCCTC-3","Glut-DACH2-HVCra-Int","Ex_DACH2_LHX2",0.251660605356058
"_TGTGATGAGCACCAGA-3","Glut-DACH2-2","Ex_DACH2_LHX2",0.431723438504247
"_TGTGATGCATGAAGCG-3","Glut-DACH2-HVCra-Int","Ex_DACH2_MGAT4C",0.300620567424486
"_TGTGATGGTATCGGTT-3","Glut-DACH2-HVCra-Int","Ex_DACH2_MGAT4C",0.280829273143327
"_TGTGATGGTGAATGTA-3","Glut-DACH2-HVCra","Ex_DACH2_ZMAT4",0.296017760562794
"_TGTGCGGTCAAACTGC-3","Glut-DACH2-2","Ex_DACH2_LHX2",0.662943374523266
"_TGTGCGGTCCACGTCT-3","Glut-DACH2-HVCra","Ex_SATB2_SOX6",0.408405561260463
"_TGTGGCGAGGATTTCC-3","Glut-DACH2-HVCra","Ex_SATB2_SOX6",0.425204950218294
"_TGTGGCGGTACCGCGT-3","Glut-DACH2-2","Ex_DACH2_LHX2",0.364560099265651
"_TGTGTGACAAACTGCT-3","Glut-DACH2-HVCra-Int","Ex_DACH2_LHX2",0.440247646271001
"_TGTGTGACAATCGCGC-3","Glut-DACH2-HVCra-Int","Ex_DACH2_GRIK4",0.337446083803263
"_TGTTACTAGTTCCATG-3","Glut-DACH2-HVCra-Int","Ex_DACH2_LHX2",0.674607068262197
"_TGTTCATTCTCTAGGA-3","Glut-DACH2-2","Ex_DACH2_LUZP2",0.32590339887534
"_TGTTCCGAGAGTGACC-3","Glut-DACH2-HVCra","Ex_SATB2_SOX6",0.558161712815145
"_TGTTCCGCAACAGCCC-3","Glut-DACH2-1","Ex_DACH2_LHX2",0.596328867787272
"_TGTTCCGCAGCGGATA-3","Glut-DACH2-HVCra","Ex_SATB2_SOX6",0.513489073227357
"_TGTTCCGGTCGTTCAA-3","Glut-DACH2-2","Ex_DACH2_LHX2",0.622320905094219
"_TGTTCTAGTATACAGA-3","Glut-DACH2-HVCra-Int","Ex_DACH2_GRIK4",0.210304281233154
"_TGTTCTATCAAATGCC-3","Glut-DACH2-HVCra-Int","Ex_DACH2_LHX2",0.443223926623541
"_TGTTCTATCATGTCAG-3","Glut-DACH2-2","Ex_DACH2_LHX2",0.610649161020307
"_TGTTCTATCGCTTACC-3","Glut-DACH2-HVCx","Ex_DACH2_CEMIP",0.536834405062573
"_TGTTGAGCAAATCAAG-3","Glut-DACH2-4","Ex_DACH2_ITGA9",0.520950848211547
"_TGTTGGACACGTGTGC-3","Glut-DACH2-HVCra-Int","Ex_DACH2_LHX2",0.560214563679549
"_TGTTGGATCAACTGAC-3","Glut-DACH2-HVCra","Ex_DACH2_LHX2",0.455976898369336
"_TGTTTGTCAATACCTG-3","Glut-DACH2-HVCra","Ex_DACH2_MGAT4C",0.287299745624207
"_TGTTTGTCAGATCACT-3","Glut-DACH2-HVCx","Ex_DACH2_CEMIP",0.377780657154195
"_TGTTTGTTCCCATGGG-3","Glut-DACH2-HVCra-Int","Ex_DACH2_MGAT4C",0.442646434630344
"_TTAATCCAGCCTGAGA-3","Glut-DACH2-HVCra-Int","Ex_DACH2_MGAT4C",0.33098067291046
"_TTAATCCCACCTGTCT-3","Glut-DACH2-HVCra","Ex_SATB2_OVOA",0.392493325017003
"_TTAATCCCACTCCGGA-3","Glut-DACH2-HVCra","Ex_SATB2_SOX6",0.281344558605319
"_TTAATCCCATAACAGA-3","Glut-DACH2-2","Ex_DACH2_LUZP2",0.448215728496839
"_TTAATCCTCAATCGGT-3","Glut-DACH2-2","Ex_DACH2_LHX2",0.322943087319582
"_TTACAGGAGGAACGAA-3","Glut-DACH2-2","Ex_DACH2_LHX2",0.52152557776242
"_TTACAGGAGTCAATCC-3","Glut-DACH2-2","Ex_DACH2_LHX2",0.550185818291844
"_TTACCATCAATCCAGT-3","Glut-DACH2-2","Ex_DACH2_LHX2",0.36990394151087
"_TTACCGCCAGGCGAAT-3","Glut-DACH2-2","Ex_DACH2_LHX2",0.242707561924893
"_TTACCGCGTGACGTCC-3","Glut-DACH2-HVCx","Ex_SATB2_SOX6",0.359213506437724
"_TTACCGCGTTCCTAGA-3","Glut-DACH2-HVCra","Ex_SATB2_SOX6",0.273299660871924
"_TTACCGCTCCGCGATG-3","Glut-DACH2-HVCra-Int","Ex_DACH2_LHX2",0.500157377756329
"_TTACCGCTCGCTTAAG-3","Glut-DACH2-HVCra","Ex_DACH2_ADAMTS5",0.190817204984996
"_TTACGCCCAGCGTGAA-3","Glut-DACH2-HVCx","Ex_DACH2_CEMIP",0.551672025972701
"_TTACGCCCATGACGTT-3","Glut-DACH2-HVCra","Ex_SATB2_SOX6",0.407472374650439
"_TTACGCCTCCAGGACC-3","Glut-DACH2-HVCra","Ex_DACH2_LHX2",0.502868688379026
"_TTACGTTCAAGGTTGG-3","Glut-DACH2-1","Ex_DACH2_GRIK4",0.696544469328283
"_TTACGTTTCTTAGCTT-3","Glut-DACH2-1","Ex_DACH2_MGAT4C",0.415230270228766
"_TTACTGTAGAGCATAT-3","Glut-DACH2-2","Ex_DACH2_LHX2",0.306302916284385
"_TTACTGTCAAGTTCCA-3","Glut-DACH2-2","Ex_DACH2_LHX2",0.404808817093484
"_TTACTGTCATGACAGG-3","Glut-DACH2-HVCra","Ex_SATB2_SOX6",0.364625113377352
"_TTAGGCAAGACGCCAA-3","Glut-DACH2-2","Ex_DACH2_LHX2",0.441559578646512
"_TTAGGCAAGCTTGTGT-3","Glut-DACH2-2","Ex_DACH2_LHX2",0.364927967989922
"_TTAGGCAAGGCCTGAA-3","Glut-DACH2-2","Ex_DACH2_LHX2",0.469542552681355
"_TTAGGCAGTGCTCTTC-3","Glut-DACH2-HVCx","Ex_BCL6",0.308692149768159
"_TTAGGCAGTTAGAAAC-3","Glut-DACH2-HVCx","Ex_DACH2_CEMIP",0.262807277028554
"_TTAGGCATCGCGTGAC-3","Glut-DACH2-3","Ex_DACH2_ZMAT4",0.632570867665363
"_TTAGGGTAGCACCAGA-3","Glut-DACH2-5","Ex_DACH2_ADAMTS5",0.707486896979427
"_TTAGGGTAGCTAAACA-3","Glut-DACH2-HVCra-Int","Ex_DACH2_LHX2",0.463227779146198
"_TTAGGGTAGGCCTTGC-3","Glut-DACH2-HVCra","Ex_SATB2_SOX6",0.24679643740271
"_TTAGGGTAGTGGGAAA-3","Glut-DACH2-3","Ex_DACH2_SLIT2",0.581107340034233
"_TTAGGGTGTGAGGATC-3","Glut-DACH2-HVCra-Int","Ex_DACH2_LHX2",0.632266912507671
"_TTAGGGTTCCCGAAAT-3","Glut-DACH2-HVCra","Ex_SATB2_SOX6",0.636818629534999
"_TTAGTCTAGTCCCAGC-3","Glut-DACH2-2","Ex_DACH2_ADAMTS5",0.391675951957108
"_TTATTGCAGATCCCGC-3","Glut-DACH2-HVCra","Ex_DACH2_CEMIP",0.218758387308688
"_TTATTGCAGCCGCTTG-3","Glut-DACH2-2","Ex_DACH2_NR4A3",0.602544432400203
"_TTATTGCGTCTCTCTG-3","Glut-DACH2-HVCx","Ex_DACH2_CEMIP",0.267559051942824
"_TTATTGCGTTAGCTAC-3","Glut-DACH2-HVCra-Int","Ex_DACH2_LHX2",0.375635262243298
"_TTCAATCGTCAAGTTC-3","Glut-DACH2-HVCra-Int","Ex_DACH2_LHX2",0.329814071414253
"_TTCACCGAGAGCCCAA-3","Glut-DACH2-HVCra","Ex_DACH2_MGAT4C",0.154181666507728
"_TTCACCGCATGACAGG-3","Glut-DACH2-HVCra","Ex_SATB2_SOX6",0.430901293010104
"_TTCACGCCAGCTGGTC-3","Glut-DACH2-HVCra","Ex_SATB2_SOX6",0.374884369470403
"_TTCACGCGTGAAGCGT-3","Glut-DACH2-HVCra","Ex_SATB2_SOX6",0.185240689472947
"_TTCACGCTCCTCTAGC-3","Glut-DACH2-HVCx","Ex_SATB2_SOX6",0.474666651779491
"_TTCAGGACAAACCACT-3","Glut-DACH2-HVCx","Ex_DACH2_CEMIP",0.619289879176354
"_TTCATGTCAAGAAACT-3","Glut-DACH2-HVCra","Ex_SATB2_ZNF385B",0.277913175714804
"_TTCATGTCATGAGGGT-3","Glut-DACH2-HVCra-Int","Ex_DACH2_LHX2",0.558972166733008
"_TTCATGTTCATGGCCG-3","Glut-DACH2-HVCra-Int","Ex_SATB2_SOX6",0.295413616339174
"_TTCATTGAGATCACCT-3","Glut-DACH2-HVCra-Int","Ex_DACH2_LHX2",0.446742195013353
"_TTCATTGCACAACGAG-3","Glut-DACH2-3","Ex_DACH2_ZMAT4",0.511180401418751
"_TTCATTGCACGGAAGT-3","Glut-DACH2-HVCx","Ex_DACH2_CEMIP",0.574344380392548
"_TTCATTGCACGGTCTG-3","Glut-DACH2-HVCra-Int","Ex_DACH2_LHX2",0.648628727363993
"_TTCATTGCATGAAGCG-3","Glut-DACH2-2","Ex_DACH2_LHX2",0.356998339356035
"_TTCATTGGTCCGGATC-3","Glut-DACH2-HVCra-Int","Ex_DACH2_LHX2",0.37335453045426
"_TTCATTGGTGCGAGTA-3","Glut-DACH2-HVCra","Ex_SATB2_SOX6",0.431781194871713
"_TTCATTGTCAGAACCT-3","Glut-DACH2-HVCx","Ex_DACH2_CEMIP",0.685409296161243
"_TTCATTGTCCCTTCCC-3","Glut-DACH2-HVCra","Ex_SATB2_SOX6",0.522501390871012
"_TTCCACGAGAACGTGC-3","Glut-DACH2-2","Ex_DACH2_LHX2",0.639949055001572
"_TTCCACGGTATAGCTC-3","Glut-DACH2-HVCra","Ex_DACH2_LHX2",0.305451388682877
"_TTCCACGTCTTCTGGC-3","Glut-DACH2-HVCra","Ex_SATB2_SOX6",0.227355266907938
"_TTCCGGTAGGTCTACT-3","Glut-DACH2-2","Ex_DACH2_LHX2",0.498642960119411
"_TTCCGGTCAATGAAAC-3","Glut-DACH2-HVCra","Ex_SATB2_SOX6",0.516530850784827
"_TTCCGGTCAGTGCGCT-3","Glut-DACH2-HVCra","Ex_SATB2_SOX6",0.293378034010933
"_TTCCGGTGTAACCCGC-3","Glut-DACH2-1","Ex_DACH2_MGAT4C",0.278810117496941
"_TTCCGGTTCACTCACC-3","Glut-DACH2-HVCra","Ex_SATB2_SOX6",0.42447220945617
"_TTCCGTGAGAGGATCC-3","Glut-DACH2-2","Ex_DACH2_LHX2",0.64608341813118
"_TTCCGTGCAGCGTATT-3","Glut-DACH2-HVCx","Ex_DACH2_CEMIP",0.582730995885796
"_TTCCGTGTCGACGCTG-3","Glut-DACH2-HVCx","Ex_DACH2_CEMIP",0.453000573563347
"_TTCCGTGTCGTAACTG-3","Glut-DACH2-2","Ex_DACH2_ADAMTS5",0.346636889512324
"_TTCCGTGTCTACACAG-3","Glut-DACH2-HVCra","Ex_SATB2_SOX6",0.342288649147527
"_TTCCTAACAGCAGGAT-3","Glut-DACH2-2","Ex_DACH2_LHX2",0.372054003676072
"_TTCCTCTAGAGCCATG-3","Glut-DACH2-2","Ex_DACH2_LHX2",0.51854336724126
"_TTCCTCTTCATCGCTC-3","Glut-DACH2-HVCra","Ex_DACH2_LHX2",0.191450619158495
"_TTCCTTCAGAAACCCG-3","Glut-DACH2-HVCra-Int","Ex_DACH2_GRIK4",0.708592006718061
"_TTCCTTCTCATACAGC-3","Glut-DACH2-HVCra","Ex_SATB2_SOX6",0.527276819508439
"_TTCCTTCTCATTTGCT-3","Glut-DACH2-HVCra","Ex_SATB2_SOX6",0.512350412447321
"_TTCCTTCTCTGTCTCG-3","Glut-DACH2-HVCra","Ex_BCL6",0.276852213923856
"_TTCGATTAGTTACGAA-3","Glut-DACH2-HVCra-Int","Ex_DACH2_MGAT4C",0.362199702611701
"_TTCGATTCAACCGTGC-3","Glut-DACH2-HVCra-Int","Ex_DACH2_LHX2",0.415405847763959
"_TTCGATTGTCGTACTA-3","Glut-DACH2-2","Ex_DACH2_LHX2",0.544420867631642
"_TTCGATTTCAGCCTCT-3","Glut-DACH2-1","Ex_DACH2_GRIK4",0.394067620194974
"_TTCGCTGAGGAGCAAA-3","Glut-DACH2-HVCx","Ex_DACH2_ITGA9",0.225082655910786
"_TTCGCTGAGGTAAGTT-3","Glut-DACH2-2","Ex_DACH2_LHX2",0.334286566206958
"_TTCGCTGCAAATACAG-3","Glut-DACH2-HVCra","Ex_SATB2_SOX6",0.379369869004693
"_TTCGCTGGTGCTGCAC-3","Glut-DACH2-HVCra-Int","Ex_DACH2_GRIK4",0.436713453259722
"_TTCGGTCCATGAGATA-3","Glut-DACH2-HVCra-Int","Ex_DACH2_GRIK4",0.390696182592564
"_TTCGGTCGTGATCATC-3","Glut-DACH2-HVCra","Ex_DACH2_GRIK4",0.279089032768226
"_TTCTAACAGGCCGCTT-3","Glut-DACH2-1","Ex_DACH2_ITGA9",0.403418633666906
"_TTCTAACCACGTGAGA-3","Glut-DACH2-2","Ex_DACH2_LHX2",0.301222667237426
"_TTCTAACGTAGACACG-3","Glut-DACH2-2","Ex_DACH2_MGAT4C",0.283255626945662
"_TTCTAACGTCGCATGC-3","Glut-DACH2-HVCra-Int","Ex_DACH2_MGAT4C",0.363497905425386
"_TTCTAACGTCGGTGAA-3","Glut-DACH2-HVCx","Ex_DACH2_CEMIP",0.500547796399787
"_TTCTAACTCTGAGCAT-3","Glut-DACH2-HVCx","Ex_DACH2_CEMIP",0.712369671345251
"_TTCTAGTAGGCTCCCA-3","Glut-DACH2-HVCra","Ex_SATB2_SOX6",0.481808121567267
"_TTCTAGTGTGGCAGAT-3","Glut-DACH2-2","Ex_DACH2_LHX2",0.632751475601655
"_TTCTAGTGTGGGAGAG-3","Glut-DACH2-HVCra","Ex_SATB2_SOX6",0.25642343073837
"_TTCTCTCAGCGACTTT-3","Glut-DACH2-HVCra","Ex_SATB2_OVOA",0.458977677092839
"_TTCTCTCGTACGACAG-3","Glut-DACH2-HVCx","Ex_DACH2_CEMIP",0.516705128328604
"_TTCTCTCTCTTAGCAG-3","Glut-DACH2-2","Ex_DACH2_LHX2",0.315402105866109
"_TTCTGTACACAAATCC-3","Glut-DACH2-HVCx","Ex_DACH2_CEMIP",0.550381093416971
"_TTCTTCCCATGTTCGA-3","Glut-DACH2-HVCra-Int","Ex_DACH2_LHX2",0.398187300443402
"_TTCTTCCGTAGGATAT-3","Glut-DACH2-HVCra","Ex_SATB2_SOX6",0.331044385229857
"_TTCTTGACAGAGCTAG-3","Glut-DACH2-HVCra-Int","Ex_DACH2_LHX2",0.59231263373685
"_TTCTTGAGTAACGTTC-3","Glut-DACH2-HVCra-Int","Ex_DACH2_MGAT4C",0.340311752722257
"_TTCTTGAGTCCAGTTA-3","Glut-DACH2-2","Ex_DACH2_MGAT4C",0.477609260302195
"_TTCTTGATCCGGACTG-3","Glut-DACH2-2","Ex_DACH2_ADAMTS5",0.276464956691648
"_TTCTTGATCCTACCGT-3","Glut-DACH2-HVCra-Int","Ex_DACH2_LHX2",0.22474758290048
"_TTCTTGATCTCATGGA-3","Glut-DACH2-HVCra","Ex_SATB2_SOX6",0.589139968242782
"_TTGACCCAGAAACCAT-3","Glut-DACH2-2","Ex_DACH2_GRIK4",0.288313224831439
"_TTGACCCAGATGTTCC-3","Glut-DACH2-4","Ex_DACH2_CEMIP",0.203349442394926
"_TTGACCCAGCGGCTCT-3","Glut-DACH2-HVCra","Ex_SATB2_SOX6",0.380932674296806
"_TTGACCCGTCCACTCT-3","Glut-DACH2-HVCra","Ex_SATB2_SOX6",0.345191523301735
"_TTGAGTGCAAGAGAGA-3","Glut-DACH2-HVCra-Int","Ex_DACH2_MGAT4C",0.294942211760638
"_TTGAGTGCAATCTGCA-3","Glut-DACH2-HVCra","Ex_SATB2_SOX6",0.338007038098011
"_TTGAGTGTCTCTGCTG-3","Glut-DACH2-HVCx","Ex_DACH2_CEMIP",0.503897162394481
"_TTGATGGAGAGAGCGG-3","Glut-DACH2-HVCra-Int","Ex_DACH2_GRIK4",0.359272628477322
"_TTGATGGAGCAATAGT-3","Glut-DACH2-HVCra","Ex_SATB2_SOX6",0.472770825756852
"_TTGATGGAGCCGTCGT-3","Glut-DACH2-HVCra-Int","Ex_DACH2_ADAMTS5",0.222420717373214
"_TTGATGGAGGAACTCG-3","Glut-DACH2-HVCra-Int","Ex_DACH2_LHX2",0.456572057093386
"_TTGATGGAGGGCAAGG-3","Glut-DACH2-2","Ex_DACH2_LHX2",0.513214432640369
"_TTGATGGCACAGCCTG-3","Glut-DACH2-1","Ex_DACH2_MGAT4C",0.400018324614118
"_TTGATGGCACGTACAT-3","Glut-DACH2-HVCra","Ex_SATB2_SOX6",0.307472760804152
"_TTGATGGGTATGATCC-3","Glut-DACH2-HVCra","Ex_DACH2_MGAT4C",0.22161539099987
"_TTGCATTCACTAACCA-3","Glut-DACH2-HVCx","Ex_DACH2_CEMIP",0.362452725347007
"_TTGCGTCAGGGCAACT-3","Glut-DACH2-2","Ex_DACH2_LHX2",0.567244109507951
"_TTGCGTCCAACTGGTT-3","Glut-DACH2-HVCra-Int","Ex_DACH2_MGAT4C",0.293807086360031
"_TTGCGTCCACAAGTGG-3","Glut-DACH2-HVCra","Ex_SATB2_SOX6",0.449563966463896
"_TTGCGTCTCATCGGGC-3","Glut-DACH2-HVCra","Ex_SATB2_FOXP2",0.359262395670947
"_TTGCTGCAGTCGCTAT-3","Glut-DACH2-HVCra-Int","Ex_DACH2_LHX2",0.58392885273746
"_TTGGATGAGACACACG-3","Glut-DACH2-2","Ex_DACH2_LHX2",0.521026665528313
"_TTGGATGAGAGGGTCT-3","Glut-DACH2-HVCx","Ex_SATB2_SOX6",0.494446873573546
"_TTGGGATCATGGAAGC-3","Glut-DACH2-1","Ex_DACH2_NR4A3",0.522502614909212
"_TTGGGCGAGTTCAACC-3","Glut-DACH2-1","Ex_DACH2_LUZP2",0.325624202612024
"_TTGGGCGGTTGTGCCG-3","Glut-DACH2-HVCra","Ex_SATB2_SOX6",0.447185737998825
"_TTGGGCGTCAATCCAG-3","Glut-DACH2-HVCra-Int","Ex_DACH2_MGAT4C",0.369899365977314
"_TTGGGCGTCCGATGCG-3","Glut-DACH2-HVCra-Int","Ex_DACH2_LHX2",0.585251141728672
"_TTGGGTAAGGCTTAGG-3","Glut-DACH2-HVCra","Ex_DACH2_GRIK4",0.381665613173886
"_TTGGTTTAGACTCATC-3","Glut-DACH2-HVCx","Ex_DACH2_CEMIP",0.56544987155225
"_TTGGTTTAGCTGACTT-3","Glut-DACH2-HVCx","Ex_DACH2_CEMIP",0.533171067598565
"_TTGGTTTGTGCTAGCC-3","Glut-DACH2-HVCra","Ex_SATB2_SOX6",0.441930415095338
"_TTGGTTTGTTCGTACA-3","Glut-DACH2-HVCx","Ex_DACH2_CEMIP",0.464349751216542
"_TTGGTTTTCGAACCTA-3","Glut-DACH2-HVCra","Ex_SATB2_SOX6",0.505447195774678
"_TTGTGGAAGTATCTGC-3","Glut-DACH2-HVCra-Int","Ex_SATB2_SOX6",0.323483961467348
"_TTGTGGATCCCAGGCA-3","Glut-DACH2-2","Ex_DACH2_LHX2",0.37898692090854
"_TTGTGGATCGTTCTCG-3","Glut-DACH2-HVCra","Ex_SATB2_SOX6",0.458411233156155
"_TTGTGTTAGCGGGTAT-3","Glut-DACH2-2","Ex_DACH2_NR4A3",0.365996713275644
"_TTGTGTTGTGATGTAA-3","Glut-DACH2-HVCra","Ex_SATB2_SOX6",0.427367931251849
"_TTGTGTTGTGTCTTAG-3","Glut-DACH2-2","Ex_DACH2_LHX2",0.516176863570736
"_TTGTGTTTCCGAGGCT-3","Glut-DACH2-HVCra","Ex_SATB2_SOX6",0.418903876246197
"_TTGTTCATCACCTCAC-3","Glut-DACH2-2","Ex_DACH2_LHX2",0.595871286181791
"_TTGTTGTAGGCGATAC-3","Glut-DACH2-5","Ex_DACH2_MGAT4C",0.432073311139306
"_TTGTTGTCAAACCACT-3","Glut-DACH2-HVCra-Int","Ex_DACH2_MGAT4C",0.451684345464463
"_TTGTTGTCAGGATCTT-3","Glut-DACH2-2","Ex_DACH2_NR4A3",0.573856886689348
"_TTGTTGTGTATGCTTG-3","Glut-DACH2-HVCra-Int","Ex_DACH2_LHX2",0.409542498862584
"_TTGTTTGCAACCGTAT-3","Glut-DACH2-HVCra-Int","Ex_DACH2_GRIK4",0.332269589583853
"_TTGTTTGTCGTAGAGG-3","Glut-DACH2-HVCra-Int","Ex_DACH2_LUZP2",0.367128738065797
"_TTTACCAGTGACAGCA-3","Glut-DACH2-HVCx","Ex_DACH2_CEMIP",0.291907397397169
"_TTTACGTAGGATATGT-3","Glut-DACH2-2","Ex_DACH2_LHX2",0.330513348393549
"_TTTACGTGTGAATAAC-3","Glut-DACH2-2","Ex_DACH2_GRIK4",0.537298453412084
"_TTTACGTTCCTCTGCA-3","Glut-DACH2-HVCra","Ex_DACH2_MGAT4C",0.220998624980817
"_TTTACTGGTCCGATCG-3","Glut-DACH2-HVCx","Ex_DACH2_CEMIP",0.518518028873355
"_TTTACTGGTGCCTAAT-3","Glut-DACH2-HVCra","Ex_DACH2_LHX2",0.248025674157584
"_TTTACTGGTGGTACAG-3","Glut-DACH2-HVCra","Ex_SATB2_SOX6",0.425918060769427
"_TTTACTGTCTTCGGAA-3","Glut-DACH2-2","Ex_DACH2_LHX2",0.314512692804311
"_TTTAGTCAGTAGAATC-3","Glut-DACH2-2","Ex_DACH2_LHX2",0.287958441527514
"_TTTAGTCAGTGAGTGC-3","Glut-DACH2-HVCra","Ex_SATB2_SOX6",0.325018092644284
"_TTTAGTCCATACTTTC-3","Glut-DACH2-HVCra-Int","Ex_DACH2_MGAT4C",0.304759071166657
"_TTTATGCGTGATTCTG-3","Glut-DACH2-HVCra-Int","Ex_DACH2_GRIK4",0.535495088972737
"_TTTATGCTCATTATCC-3","Glut-DACH2-1","Ex_DACH2_GRIK4",0.520432381082303
"_TTTCACAAGGACAGCT-3","Glut-DACH2-1","Ex_DACH2_NR4A3",0.546401563736685
"_TTTCAGTAGCCACCGT-3","Glut-DACH2-2","Ex_DACH2_LHX2",0.432552653451763
"_TTTCAGTAGGACAACC-3","Glut-DACH2-7","Ex_DACH2_LHX2",0.478973883079684
"_TTTCAGTCACAAAGTA-3","Glut-DACH2-HVCra-Int","Ex_DACH2_MGAT4C",0.226620766728376
"_TTTCAGTGTATGATCC-3","Glut-DACH2-1","Ex_DACH2_GRIK4",0.459796424658332
"_TTTCAGTGTGATGTAA-3","Glut-DACH2-HVCra-Int","Ex_DACH2_MGAT4C",0.556143154014115
"_TTTCAGTGTGGCCACT-3","Glut-DACH2-5","Ex_DACH2_LHX2",0.437108040858868
"_TTTCATGAGTAGGCCA-3","Glut-DACH2-HVCx","Ex_DACH2_CEMIP",0.492784832161008
"_TTTCATGCACAGTATC-3","Glut-DACH2-2","Ex_DACH2_MGAT4C",0.353833397212917
"_TTTCATGCACATTACG-3","Glut-DACH2-HVCra","Ex_SATB2_SOX6",0.418608706852277
"_TTTCCTCAGCCTGAAG-3","Glut-DACH2-HVCra-Int","Ex_DACH2_MGAT4C",0.395014476038439
"_TTTCCTCAGTCGAGGT-3","Glut-DACH2-HVCx","Ex_DACH2_CEMIP",0.655657828970212
"_TTTGACTAGCGATGCA-3","Glut-DACH2-HVCx","Ex_DACH2_CEMIP",0.549014573124687
"_TTTGACTGTCTAACTG-3","Glut-DACH2-3","Ex_DACH2_ITGA9",0.373690325003016
"_TTTGACTGTTCCATTT-3","Glut-DACH2-HVCra","Ex_SATB2_SOX6",0.466293068916372
"_TTTGATCAGTATGGAT-3","Glut-DACH2-4","Ex_DACH2_ITGA9",0.234709951016705
"_TTTGGAGAGATCGCTT-3","Glut-DACH2-HVCra","Ex_SATB2_SOX6",0.608432271087175
"_TTTGGAGAGCGATCGA-3","Glut-DACH2-2","Ex_DACH2_LHX2",0.302773727018308
"_TTTGGAGTCTAGCATG-3","Glut-DACH2-2","Ex_DACH2_LHX2",0.572962121455359
"_TTTGGTTAGAGCTTTC-3","Glut-DACH2-HVCra","Ex_DACH2_ADAMTS5",0.225447427894352
"_TTTGGTTAGCCTTTCC-3","Glut-DACH2-HVCra-Int","Ex_DACH2_MGAT4C",0.524181703714836
"_TTTGGTTAGGATACGC-3","Glut-DACH2-HVCra","Ex_DACH2_CEMIP",0.461514291312652
"_TTTGGTTCAATTGAAG-3","Glut-DACH2-HVCra-Int","Ex_DACH2_MGAT4C",0.431539507595785
"_TTTGGTTTCTCGCTCA-3","Glut-DACH2-HVCra-Int","Ex_DACH2_ADAMTS5",0.249529473288236
"_TTTGTTGTCGATTCCC-3","Glut-DACH2-2","Ex_DACH2_NR4A3",0.325208739444111
"_AAACCCACAAGCGCTC-4","Glut-DACH2-2","Ex_DACH2_ADAMTS5",0.668829452399651
"_AAACCCACACTTCAAG-4","Glut-DACH2-4","Ex_DACH2_SLIT2",0.288397122060135
"_AAACGAAGTCGCACGT-4","Glut-DACH2-2","Ex_DACH2_MGAT4C",0.388929946241874
"_AAACGCTAGCGATTCT-4","Glut-DACH2-1","Ex_DACH2_MGAT4C",0.447253971230265
"_AAACGCTAGTTGTAGA-4","Glut-DACH2-3","Ex_DACH2_SLIT2",0.931889803453087
"_AAACGCTTCGAAGCCC-4","Glut-DACH2-3","Ex_DACH2_ZMAT4",0.589540349105919
"_AAAGAACCAGACTGCC-4","Glut-DACH2-3","Ex_DACH2_ZMAT4",0.402101228959312
"_AAAGAACTCGACACCG-4","Glut-DACH2-3","Ex_DACH2_SLIT2",0.57846744441554
"_AAAGAACTCTTTCAGT-4","Glut-DACH2-HVCra-Int","Ex_DACH2_ADAMTS5",0.434331069381215
"_AAAGGATAGTTGGCTT-4","Glut-DACH2-2","Ex_DACH2_LHX2",0.289299474312161
"_AAAGGATCAGGTTTAC-4","Glut-DACH2-3","Ex_DACH2_SLIT2",0.936724571777961
"_AAAGGGCAGATTGTGA-4","Glut-DACH2-3","Ex_DACH2_SLIT2",0.946335013621747
"_AAAGGGCGTAGGAAAG-4","Glut-DACH2-3","Ex_DACH2_SLIT2",0.624707342709064
"_AAAGGTAAGCACTCAT-4","Glut-DACH2-7","Ex_DACH2_MGAT4C",0.404700167262665
"_AAAGGTAAGTTGCCCG-4","Glut-DACH2-3","Ex_DACH2_SLIT2",0.874162304536344
"_AAAGGTACAAACACGG-4","Glut-DACH2-1","Ex_DACH2_GRIK4",0.365318167811092
"_AAAGTCCCAGGCACAA-4","Glut-DACH2-1","Ex_DACH2_MGAT4C",0.463889994488639
"_AAAGTGAAGTGGATTA-4","Glut-DACH2-5","Ex_DACH2_ADAMTS5",0.568612405881314
"_AAATGGAAGTGACACG-4","Glut-DACH2-2","Ex_DACH2_ADAMTS5",0.387697216551091
"_AACAAAGAGCAATAGT-4","Glut-DACH2-4","Ex_DACH2_ITGA9",0.443009918842729
"_AACAAAGCAAAGCGTG-4","Glut-DACH2-3","Ex_DACH2_SLIT2",0.835183129586592
"_AACAACCGTCGCCACA-4","Glut-DACH2-1","Ex_DACH2_MGAT4C",0.400357709446264
"_AACAAGAAGGTCACTT-4","Glut-DACH2-4","Ex_DACH2_NR4A3",0.43885716214021
"_AACACACAGAGCTGAC-4","Glut-DACH2-1","Ex_DACH2_GRIK4",0.616956225813904
"_AACAGGGAGTAAATGC-4","Glut-DACH2-3","Ex_DACH2_MGAT4C",0.406302283570507
"_AACAGGGCACATTACG-4","Glut-DACH2-2","Ex_DACH2_MGAT4C",0.474183346711299
"_AACAGGGCAGATTAAG-4","Glut-DACH2-5","Ex_DACH2_ADAMTS5",0.736683547585095
"_AACAGGGTCTCGCCTA-4","Glut-DACH2-1","Ex_DACH2_GRIK4",0.525153301854093
"_AACCAACCACTTGTGA-4","Glut-DACH2-2","Ex_DACH2_LHX2",0.44826160421551
"_AACCAACTCGCTGATA-4","Glut-DACH2-1","Ex_DACH2_MGAT4C",0.393470106054034
"_AACCATGAGACCAGAC-4","Glut-DACH2-1","Ex_DACH2_MGAT4C",0.507110108475356
"_AACCATGAGACTAGAT-4","Glut-DACH2-4","Ex_DACH2_ITGA9",0.577494827955781
"_AACCATGCACGGAAGT-4","Glut-DACH2-2","Ex_DACH2_ADAMTS5",0.603372589849805
"_AACCCAATCGTAGTGT-4","Glut-DACH2-3","Ex_DACH2_ZMAT4",0.510271985337993
"_AACCTGAAGACTCGAG-4","Glut-DACH2-4","Ex_DACH2_CEMIP",0.320191920838938
"_AACCTTTCAACTACGT-4","Glut-DACH2-1","Ex_DACH2_GRIK4",0.418677331025919
"_AACCTTTGTCTGTTAG-4","Glut-DACH2-2","Ex_DACH2_MGAT4C",0.388376471913103
"_AACCTTTTCAAGATAG-4","Glut-DACH2-3","Ex_DACH2_ZMAT4",0.640903752116872
"_AACCTTTTCTGGTTGA-4","Glut-DACH2-2","Ex_DACH2_ADAMTS5",0.636472236839053
"_AACGAAAAGGAAGTAG-4","Glut-DACH2-5","Ex_DACH2_ADAMTS5",0.749367121517299
"_AACGAAAGTCAGTCGC-4","Glut-DACH2-3","Ex_DACH2_SLIT2",0.408078553959407
"_AACGAAAGTTGCATGT-4","Glut-DACH2-2","Ex_DACH2_MGAT4C",0.472920065544132
"_AACGAAATCAACGCTA-4","Glut-DACH2-3","Ex_DACH2_SLIT2",0.736143932203021
"_AACGAAATCACTTATC-4","Glut-DACH2-1","Ex_DACH2_NR4A3",0.405446212546249
"_AACGGGAAGGCTAGCA-4","Glut-DACH2-1","Ex_DACH2_NR4A3",0.7753543289568
"_AACGGGATCAAGTTGC-4","Glut-DACH2-1","Ex_DACH2_MGAT4C",0.662941999458121
"_AACGTCAAGGAACGCT-4","Glut-DACH2-1","Ex_DACH2_MGAT4C",0.690960422343308
"_AACGTCACAAGTGGAC-4","Glut-DACH2-3","Ex_DACH2_SLIT2",0.489586054619754
"_AACGTCACACAGAGAC-4","Glut-DACH2-2","Ex_DACH2_LHX2",0.422015108679583
"_AACTTCTGTCTCAGAT-4","Glut-DACH2-2","Ex_DACH2_ADAMTS5",0.533770032132839
"_AAGAACAAGGTCCGAA-4","Glut-DACH2-3","Ex_DACH2_SLIT2",0.656681045910052
"_AAGACAACAAGGCCTC-4","Glut-DACH2-1","Ex_DACH2_MGAT4C",0.713103406018401
"_AAGACAACAGAGATGC-4","Glut-DACH2-2","Ex_DACH2_GRIK4",0.427085062964722
"_AAGACAACATGGGCAA-4","Glut-DACH2-1","Ex_DACH2_MGAT4C",0.532045179826339
"_AAGACAAGTGACTCGC-4","Glut-DACH2-4","Ex_DACH2_ITGA9",0.44831399080652
"_AAGACAATCACCTTAT-4","Glut-DACH2-2","Ex_DACH2_ADAMTS5",0.281677838060472
"_AAGACAATCTTCCACG-4","Glut-DACH2-1","Ex_DACH2_LHX2",0.60995111282368
"_AAGACTCTCCTGTTGC-4","Glut-DACH2-2","Ex_DACH2_ADAMTS5",0.420396108227163
"_AAGCATCAGTGAGGCT-4","Glut-DACH2-3","Ex_DACH2_CEMIP",0.54455160902832
"_AAGCATCCAAGTGCAG-4","Glut-DACH2-1","Ex_DACH2_NR4A3",0.400379588094113
"_AAGCATCCAATAGAGT-4","Glut-DACH2-2","Ex_DACH2_ADAMTS5",0.433754664028921
"_AAGCATCCATAGGTAA-4","Glut-DACH2-1","Ex_DACH2_GRIK4",0.569360280458763
"_AAGCATCGTCAACCTA-4","Glut-DACH2-1","Ex_DACH2_MGAT4C",0.377047560193374
"_AAGCATCGTTAAGACA-4","Glut-DACH2-3","Ex_DACH2_SLIT2",0.636917528010325
"_AAGCATCTCATGGGAG-4","Glut-DACH2-2","Ex_DACH2_MGAT4C",0.305422322121956
"_AAGCCATAGCCGGATA-4","Glut-DACH2-2","Ex_DACH2_MGAT4C",0.404811383924815
"_AAGCCATCAACACACT-4","Glut-DACH2-2","Ex_DACH2_LHX2",0.660859232737304
"_AAGCCATTCGATTTCT-4","Glut-DACH2-4","Ex_DACH2_ITGA9",0.407338243175226
"_AAGCCATTCGGAACTT-4","Glut-DACH2-5","Ex_DACH2_ADAMTS5",0.717398728832398
"_AAGCCATTCTCTGACC-4","Glut-DACH2-1","Ex_DACH2_MGAT4C",0.447999201769054
"_AAGCGAGAGAGGTTAT-4","Glut-DACH2-3","Ex_DACH2_SLIT2",0.951630425621418
"_AAGCGAGAGTAACAGT-4","Glut-DACH2-4","Ex_DACH2_ITGA9",0.379038861249417
"_AAGCGAGCAACTGGTT-4","Glut-DACH2-1","Ex_DACH2_MGAT4C",0.548508090299019
"_AAGGAATGTGTAACGG-4","Glut-DACH2-3","Ex_DACH2_SLIT2",0.866652252305578
"_AAGGTAAAGATACAGT-4","Glut-DACH2-4","Ex_DACH2_ITGA9",0.54936289480955
"_AAGTACCAGTCCTACA-4","Glut-DACH2-3","Ex_DACH2_SLIT2",0.948377356767802
"_AAGTACCCAATCCAGT-4","Glut-DACH2-3","Ex_DACH2_SLIT2",0.874133420140332
"_AAGTACCGTATGAGCG-4","Glut-DACH2-4","Ex_DACH2_ITGA9",0.313831560795548
"_AAGTACCTCGGCACTG-4","Glut-DACH2-1","Ex_DACH2_MGAT4C",0.486931609953938
"_AAGTACCTCTCGGTCT-4","Glut-DACH2-3","Ex_DACH2_SLIT2",0.939961695907078
"_AAGTCGTCATCTTTCA-4","Glut-DACH2-1","Ex_DACH2_MGAT4C",0.459127454678059
"_AAGTGAAAGAAAGCGA-4","Glut-DACH2-1","Ex_DACH2_MGAT4C",0.545463454986061
"_AAGTGAAAGATGGTCG-4","Glut-DACH2-1","Ex_DACH2_LHX2",0.575915430428438
"_AAGTGAATCCCGTTGT-4","Glut-DACH2-3","Ex_DACH2_SLIT2",0.707973200871223
"_AATAGAGCAGAAGTTA-4","Glut-DACH2-4","Ex_DACH2_ITGA9",0.444698681899202
"_AATAGAGCAGTTAAAG-4","Glut-DACH2-1","Ex_DACH2_MGAT4C",0.455071709966778
"_AATAGAGCATCGTCCT-4","Glut-DACH2-3","Ex_DACH2_SLIT2",0.780719503982228
"_AATAGAGGTTACACAC-4","Glut-DACH2-1","Ex_DACH2_NR4A3",0.281172802342039
"_AATAGAGGTTAGTTCG-4","Glut-DACH2-3","Ex_DACH2_SLIT2",0.628176070875984
"_AATCACGAGGGCCTCT-4","Glut-DACH2-1","Ex_DACH2_MGAT4C",0.600228354086285
"_AATCGACAGGTGCAGT-4","Glut-DACH2-3","Ex_DACH2_SLIT2",0.951146520632942
"_AATCGACAGTGAGGCT-4","Glut-DACH2-3","Ex_DACH2_SLIT2",0.813409475837246
"_AATCGACGTGTATCCA-4","Glut-DACH2-5","Ex_DACH2_ADAMTS5",0.495442836947858
"_AATCGTGCATCTTTCA-4","Glut-DACH2-1","Ex_DACH2_MGAT4C",0.524638110966958
"_AATCGTGGTGAACGGT-4","Glut-DACH2-1","Ex_DACH2_MGAT4C",0.406208348797472
"_AATGAAGCAGACCAGA-4","Glut-DACH2-3","Ex_DACH2_SLIT2",0.591509056376597
"_AATGAAGCATTGAGCT-4","Glut-DACH2-2","Ex_DACH2_LHX2",0.401644632308722
"_AATGAAGGTGTTCCTC-4","Glut-DACH2-3","Ex_DACH2_ZMAT4",0.56778622756241
"_AATGAAGTCCAGCAAT-4","Glut-DACH2-3","Ex_DACH2_SLIT2",0.441860421098266
"_AATGACCTCACCGACG-4","Glut-DACH2-1","Ex_DACH2_NR4A3",0.765713256636402
"_AATGACCTCTCAGAAC-4","Glut-DACH2-1","Ex_DACH2_MGAT4C",0.606094642840644
"_AATGCCAAGTACTCGT-4","Glut-DACH2-3","Ex_DACH2_ZMAT4",0.286397571657031
"_AATGCCAAGTTCGCAT-4","Glut-DACH2-1","Ex_DACH2_GRIK4",0.469896405892239
"_AATGGAAAGATAGCTA-4","Glut-DACH2-2","Ex_DACH2_LHX2",0.395536071313808
"_AATGGAAAGATCCTAC-4","Glut-DACH2-5","Ex_DACH2_ADAMTS5",0.518936679842922
"_AATGGAACAACAAAGT-4","Glut-DACH2-1","Ex_DACH2_MGAT4C",0.441550226791642
"_AATGGAATCCTAGCCT-4","Glut-DACH2-2","Ex_DACH2_MGAT4C",0.404096068105319
"_AATGGCTCACGGCACT-4","Glut-DACH2-2","Ex_DACH2_LHX2",0.328216519928838
"_AATGGCTTCGTGGAAG-4","Glut-DACH2-3","Ex_DACH2_SLIT2",0.80016956166176
"_AATGGCTTCTTAAGGC-4","Glut-DACH2-2","Ex_DACH2_MGAT4C",0.347491555248802
"_AATTTCCAGTATAACG-4","Glut-DACH2-2","Ex_DACH2_MGAT4C",0.377194988781375
"_AATTTCCCAGACACCC-4","Glut-DACH2-4","Ex_DACH2_ITGA9",0.494511360088853
"_AATTTCCTCATTTCGT-4","Glut-DACH2-1","Ex_DACH2_MGAT4C",0.590010501517699
"_ACAAAGATCCAAGAGG-4","Glut-DACH2-4","Ex_DACH2_ITGA9",0.449279189410667
"_ACAACCACATAGAAAC-4","Glut-DACH2-5","Ex_DACH2_ADAMTS5",0.291310798935058
"_ACAAGCTCAAGAGCTG-4","Glut-DACH2-1","Ex_DACH2_ADAMTS5",0.315432286426786
"_ACAAGCTCAGTAGAGC-4","Glut-DACH2-1","Ex_DACH2_GRIK4",0.665747489535063
"_ACAAGCTTCAATCCAG-4","Glut-DACH2-3","Ex_DACH2_SLIT2",0.560290089044555
"_ACACAGTGTAACGATA-4","Glut-DACH2-HVCra-Int","Ex_DACH2_ITGA9",0.34180974036504
"_ACACAGTTCTGAATCG-4","Glut-DACH2-3","Ex_DACH2_SLIT2",0.862128067492466
"_ACACCAAAGAGTCAGC-4","Glut-DACH2-1","Ex_DACH2_MGAT4C",0.497359940203079
"_ACACCAACACTATCGA-4","Glut-DACH2-1","Ex_DACH2_ADAMTS5",0.675589294487646
"_ACACCAACATAGAGGC-4","Glut-DACH2-1","Ex_DACH2_GRIK4",0.492761550469178
"_ACACCAAGTTCCGGTG-4","Glut-DACH2-4","Ex_DACH2_CEMIP",0.481660180222185
"_ACACGCGCACATTACG-4","Glut-DACH2-3","Ex_DACH2_SLIT2",0.891329308404835
"_ACACGCGTCAGAACCT-4","Glut-DACH2-3","Ex_DACH2_SLIT2",0.42488450258182
"_ACACGCGTCCTTATAC-4","Glut-DACH2-HVCra-Int","Ex_DACH2_MGAT4C",0.447828769191907
"_ACACTGAGTCTCGACG-4","Glut-DACH2-1","Ex_DACH2_MGAT4C",0.318059843788969
"_ACAGCCGTCCTGCCAT-4","Glut-DACH2-2","Ex_DACH2_MGAT4C",0.269969445127051
"_ACATCCCAGATTGCGG-4","Glut-DACH2-3","Ex_DACH2_SLIT2",0.567734826365288
"_ACATCCCAGGCGCTTC-4","Glut-DACH2-5","Ex_DACH2_ADAMTS5",0.79515535340104
"_ACATCCCGTGCTCGTG-4","Glut-DACH2-2","Ex_DACH2_ADAMTS5",0.574596563463043
"_ACATCCCGTTTCTATC-4","Glut-DACH2-3","Ex_DACH2_SLIT2",0.935074064241729
"_ACATCGAGTATTTCCT-4","Glut-DACH2-1","Ex_DACH2_ADAMTS5",0.730835147022161
"_ACATGCACAAGCAATA-4","Glut-DACH2-2","Ex_DACH2_MGAT4C",0.372897175864568
"_ACCAACAAGGCACTAG-4","Glut-DACH2-3","Ex_DACH2_SLIT2",0.821896151769239
"_ACCAACACAGTGGCTC-4","Glut-DACH2-1","Ex_DACH2_GRIK4",0.422526980155432
"_ACCAACATCAGGTAAA-4","Glut-DACH2-1","Ex_DACH2_MGAT4C",0.463619877024426
"_ACCACAAAGACTGTTC-4","Glut-DACH2-2","Ex_DACH2_ADAMTS5",0.374630576045864
"_ACCACAAGTCACTGAT-4","Glut-DACH2-5","Ex_DACH2_ADAMTS5",0.426735824579678
"_ACCACAAGTTGCGTAT-4","Glut-DACH2-3","Ex_DACH2_SLIT2",0.904007330615918
"_ACCATTTAGTCCCGGT-4","Glut-DACH2-3","Ex_DACH2_ITGA9",0.44258976780274
"_ACCCAAAGTGTGTCCG-4","Glut-DACH2-2","Ex_DACH2_ADAMTS5",0.498660906333282
"_ACCCAAATCACTGTTT-4","Glut-DACH2-3","Ex_DACH2_ZMAT4",0.6266670363455
"_ACCCTCACAATACAGA-4","Glut-DACH2-2","Ex_DACH2_ADAMTS5",0.477230850975534
"_ACCCTCACACTAGGCC-4","Glut-DACH2-3","Ex_DACH2_ZMAT4",0.430880065017043
"_ACCCTCACAGCAAGAC-4","Glut-DACH2-5","Ex_DACH2_ADAMTS5",0.576746024656491
"_ACCCTCAGTTGCCATA-4","Glut-DACH2-1","Ex_DACH2_GRIK4",0.413869468489169
"_ACCCTCATCCTGATAG-4","Glut-DACH2-3","Ex_DACH2_CEMIP",0.487622653689227
"_ACCCTTGAGATACTGA-4","Glut-DACH2-2","Ex_DACH2_LHX2",0.342539407327734
"_ACCCTTGTCATTTGTC-4","Glut-DACH2-2","Ex_DACH2_MGAT4C",0.406454142487415
"_ACCGTTCCATACCGTA-4","Glut-DACH2-1","Ex_DACH2_MGAT4C",0.530559382802185
"_ACCGTTCTCGCTACGG-4","Glut-DACH2-3","Ex_DACH2_SLIT2",0.426197704161018
"_ACCTACCTCCGGTTCT-4","Glut-DACH2-3","Ex_DACH2_SLIT2",0.861839900531093
"_ACCTACCTCTAGGAAA-4","Glut-DACH2-3","Ex_DACH2_SLIT2",0.5977834501746
"_ACCTGAAAGATGTAGT-4","Glut-DACH2-1","Ex_DACH2_NR4A3",0.686896736899624
"_ACCTGAACACTTGAAC-4","Glut-DACH2-2","Ex_DACH2_GRIK4",0.250979007638379
"_ACCTGAAGTTCCACAA-4","Glut-DACH2-3","Ex_DACH2_SLIT2",0.732061554174173
"_ACCTGAATCTAGCAAC-4","Glut-DACH2-2","Ex_DACH2_LHX2",0.395827746127313
"_ACCTGAATCTATCGCC-4","Glut-DACH2-1","Ex_DACH2_MGAT4C",0.49379612010528
"_ACCTGAATCTGCTTAT-4","Glut-DACH2-3","Ex_DACH2_NR4A3",0.389127729323606
"_ACGATCACACTCAGAT-4","Glut-DACH2-2","Ex_DACH2_MGAT4C",0.420535690716388
"_ACGATGTGTCCACGCA-4","Glut-DACH2-4","Ex_DACH2_SLIT2",0.32391335989307
"_ACGATGTGTCTTGAAC-4","Glut-DACH2-1","Ex_DACH2_MGAT4C",0.422026643867711
"_ACGATGTTCGTTCATT-4","Glut-DACH2-1","Ex_DACH2_MGAT4C",0.513188284995005
"_ACGCACGGTAGAGCTG-4","Glut-DACH2-1","Ex_DACH2_GRIK4",0.526536241934726
"_ACGCACGTCCCGAGTG-4","Glut-DACH2-1","Ex_DACH2_LHX2",0.266594601895871
"_ACGGAAGCATATCTCT-4","Glut-DACH2-5","Ex_DACH2_ADAMTS5",0.854725352013237
"_ACGGAAGGTTGTCCCT-4","Glut-DACH2-3","Ex_DACH2_SLIT2",0.794455753826314
"_ACGGTTACACAGCCAC-4","Glut-DACH2-3","Ex_DACH2_SLIT2",0.854612705973149
"_ACGGTTACACTCTGCT-4","Glut-DACH2-3","Ex_DACH2_SLIT2",0.752368112473004
"_ACGGTTAGTCCAGTTA-4","Glut-DACH2-3","Ex_DACH2_ZMAT4",0.561249655996953
"_ACGTAACGTTGTACGT-4","Glut-DACH2-3","Ex_DACH2_SLIT2",0.739030053694922
"_ACGTAACTCTGGAGAG-4","Glut-DACH2-3","Ex_DACH2_SLIT2",0.803559284490084
"_ACGTAGTGTATGTCTG-4","Glut-DACH2-5","Ex_DACH2_ADAMTS5",0.740020167074805
"_ACGTAGTGTTTGCAGT-4","Glut-DACH2-1","Ex_DACH2_SLIT2",0.342698411661208
"_ACGTCCTGTCTTCTAT-4","Glut-DACH2-3","Ex_DACH2_SLIT2",0.897162466135637
"_ACGTCCTTCCAAGCCG-4","Glut-DACH2-3","Ex_DACH2_SLIT2",0.678264788223889
"_ACGTCCTTCCTTATAC-4","Glut-DACH2-3","Ex_DACH2_SLIT2",0.844029264761912
"_ACGTTCCTCTTCTGTA-4","Glut-DACH2-1","Ex_DACH2_MGAT4C",0.386971880775769
"_ACTACGAGTAACACCT-4","Glut-DACH2-3","Ex_DACH2_MGAT4C",0.362892559978639
"_ACTACGATCAATGCAC-4","Glut-DACH2-1","Ex_DACH2_GRIK4",0.426734060639241
"_ACTACGATCATCACCC-4","Glut-DACH2-1","Ex_DACH2_GRIK4",0.472754400905013
"_ACTATCTCAAAGGGCT-4","Glut-DACH2-1","Ex_DACH2_MGAT4C",0.513837038208699
"_ACTATCTGTTCGGTCG-4","Glut-DACH2-2","Ex_DACH2_ADAMTS5",0.454946978347503
"_ACTATCTGTTTACTGG-4","Glut-DACH2-3","Ex_DACH2_SLIT2",0.806306165261469
"_ACTATGGAGCTTTGTG-4","Glut-DACH2-1","Ex_DACH2_MGAT4C",0.560575264879207
"_ACTATGGGTAATGATG-4","Glut-DACH2-3","Ex_DACH2_SLIT2",0.56447312564876
"_ACTATGGGTTTCGTGA-4","Glut-DACH2-1","Ex_DACH2_NR4A3",0.932712763997219
"_ACTATGGTCTGCATGA-4","Glut-DACH2-3","Ex_DACH2_SLIT2",0.77201059785665
"_ACTCCCAAGGTAGGCT-4","Glut-DACH2-1","Ex_DACH2_NR4A3",0.911258953749675
"_ACTCCCACAACTGGTT-4","Glut-DACH2-4","Ex_DACH2_ITGA9",0.547980981911069
"_ACTCCCACAATTGAGA-4","Glut-DACH2-1","Ex_DACH2_MGAT4C",0.567450087578613
"_ACTCCCAGTGGCTACC-4","Glut-DACH2-4","Ex_DACH2_SLIT2",0.473755197880225
"_ACTCCCAGTTCGGGTC-4","Glut-DACH2-1","Ex_DACH2_MGAT4C",0.474165857172314
"_ACTCCCATCATCGTAG-4","Glut-DACH2-3","Ex_DACH2_SLIT2",0.392067793913952
"_ACTCTCGAGTTGCTGT-4","Glut-DACH2-3","Ex_DACH2_SLIT2",0.846958700247212
"_ACTCTCGGTGCCTGCA-4","Glut-DACH2-4","Ex_DACH2_NR4A3",0.525413372241761
"_ACTGATGAGCCAAGGT-4","Glut-DACH2-2","Ex_DACH2_ADAMTS5",0.358755880969834
"_ACTGATGCAACGGGTA-4","Glut-DACH2-3","Ex_DACH2_SLIT2",0.947617648127828
"_ACTGATGGTGAACGGT-4","Glut-DACH2-2","Ex_DACH2_LHX2",0.531960552480883
"_ACTGATGTCCGACGGT-4","Glut-DACH2-2","Ex_DACH2_MGAT4C",0.398449114160375
"_ACTGCAAAGCAGATAT-4","Glut-DACH2-3","Ex_DACH2_ITGA9",0.394771203262061
"_ACTGCAATCTGCGGCA-4","Glut-DACH2-3","Ex_DACH2_SLIT2",0.811438281794603
"_ACTTAGGCACTACAGT-4","Glut-DACH2-4","Ex_DACH2_ITGA9",0.63428355536007
"_ACTTAGGCAGGGTTGA-4","Glut-DACH2-3","Ex_DACH2_SLIT2",0.901709552926761
"_ACTTAGGGTACTAGCT-4","Glut-DACH2-1","Ex_DACH2_NR4A3",0.851495390130885
"_ACTTATCCAATTTCCT-4","Glut-DACH2-4","Ex_DACH2_SLIT2",0.429659893896816
"_ACTTCCGGTAACATCC-4","Glut-DACH2-1","Ex_DACH2_MGAT4C",0.423647137335187
"_ACTTCGCAGTTCTCTT-4","Glut-DACH2-2","Ex_DACH2_ADAMTS5",0.393216461454853
"_ACTTCGCCAATTGAAG-4","Glut-DACH2-1","Ex_DACH2_MGAT4C",0.653834603238676
"_ACTTTGTCACCACATA-4","Glut-DACH2-3","Ex_DACH2_SLIT2",0.642362330196106
"_ACTTTGTGTCATAGTC-4","Glut-DACH2-4","Ex_DACH2_GRIK4",0.367517002310073
"_ACTTTGTGTCATCCCT-4","Glut-DACH2-2","Ex_DACH2_MGAT4C",0.27945797492845
"_ACTTTGTGTGCACATT-4","Glut-DACH2-4","Ex_DACH2_ITGA9",0.454384887509092
"_ACTTTGTGTGTGTACT-4","Glut-DACH2-4","Ex_DACH2_NR4A3",0.708138442937798
"_ACTTTGTTCGAGAACG-4","Glut-DACH2-4","Ex_DACH2_ITGA9",0.622783266818497
"_AGAACAAAGATGAATC-4","Glut-DACH2-4","Ex_DACH2_ITGA9",0.543301667297312
"_AGAACAAAGTGTACAA-4","Glut-DACH2-3","Ex_DACH2_SLIT2",0.891184775225277
"_AGAACAACATGTGACT-4","Glut-DACH2-3","Ex_DACH2_SLIT2",0.932646787656353
"_AGAACAATCACTACTT-4","Glut-DACH2-1","Ex_DACH2_MGAT4C",0.542756302821945
"_AGAACAATCCGGTAAT-4","Glut-DACH2-2","Ex_DACH2_MGAT4C",0.379047255697193
"_AGAACCTGTTAGCGGA-4","Glut-DACH2-2","Ex_DACH2_LHX2",0.425242427226756
"_AGAACCTTCATAGAGA-4","Glut-DACH2-4","Ex_DACH2_ITGA9",0.338477121215603
"_AGAAGCGCACTTGAGT-4","Glut-DACH2-3","Ex_DACH2_SLIT2",0.465506633245259
"_AGAAGCGCAGACCCGT-4","Glut-DACH2-3","Ex_DACH2_MGAT4C",0.504232741325031
"_AGAAGCGGTCGGAACA-4","Glut-DACH2-3","Ex_DACH2_SLIT2",0.866338297136993
"_AGAAGCGTCCAACTAG-4","Glut-DACH2-3","Ex_DACH2_SLIT2",0.692608877555259
"_AGAAGTAAGCGGGTTA-4","Glut-DACH2-3","Ex_DACH2_SLIT2",0.962761459076454
"_AGAAGTACAAATGAGT-4","Glut-DACH2-2","Ex_DACH2_LHX2",0.384193138280684
"_AGAAGTACAAGTGACG-4","Glut-DACH2-5","Ex_DACH2_ADAMTS5",0.705987409888407
"_AGAAGTAGTCGTTGGC-4","Glut-DACH2-3","Ex_DACH2_ZMAT4",0.488017733818644
"_AGAAGTATCCACCTCA-4","Glut-DACH2-2","Ex_DACH2_ADAMTS5",0.53924479786784
"_AGACAAATCCACGAAT-4","Glut-DACH2-HVCra-Int","Ex_DACH2_MGAT4C",0.251210943290406
"_AGACACTAGGGTCAAC-4","Glut-DACH2-3","Ex_DACH2_ZMAT4",0.351657808992326
"_AGACACTCATACTTTC-4","Glut-DACH2-4","Ex_DACH2_GRIK4",0.275363395280324
"_AGACACTGTGCTCGTG-4","Glut-DACH2-2","Ex_DACH2_MGAT4C",0.557384281137869
"_AGACACTGTTACGTAC-4","Glut-DACH2-1","Ex_DACH2_LHX2",0.501048442786627
"_AGACACTTCTAGTGTG-4","Glut-DACH2-1","Ex_DACH2_NR4A3",0.42442995853123
"_AGACCATGTATTGAGA-4","Glut-DACH2-1","Ex_DACH2_MGAT4C",0.481945317653743
"_AGACCCGAGGTCGACA-4","Glut-DACH2-4","Ex_DACH2_ITGA9",0.532326352912901
"_AGACCCGCACGACCTG-4","Glut-DACH2-2","Ex_DACH2_ADAMTS5",0.276643448002824
"_AGACCCGCATAGGCGA-4","Glut-DACH2-1","Ex_DACH2_GRIK4",0.437400693078093
"_AGACCCGTCGAAGGAC-4","Glut-DACH2-3","Ex_DACH2_SLIT2",0.706765122274663
"_AGAGAATAGAATTGCA-4","Glut-DACH2-3","Ex_DACH2_ZMAT4",0.563326242140982
"_AGAGAGCCAGCGACAA-4","Glut-DACH2-3","Ex_DACH2_CEMIP",0.664069085086734
"_AGAGAGCGTAAGGTCG-4","Glut-DACH2-3","Ex_DACH2_SLIT2",0.926766588352142
"_AGAGCAGCAAGCCTGC-4","Glut-DACH2-1","Ex_DACH2_MGAT4C",0.5059141803941
"_AGAGCAGCATCGCCTT-4","Glut-DACH2-3","Ex_DACH2_SLIT2",0.860343525122143
"_AGAGCAGTCGTGGGAA-4","Glut-DACH2-5","Ex_DACH2_ADAMTS5",0.762311306099963
"_AGAGCCCAGAAGTCCG-4","Glut-DACH2-1","Ex_DACH2_GRIK4",0.402389100717724
"_AGAGCCCCAGTAACCT-4","Glut-DACH2-2","Ex_DACH2_MGAT4C",0.36607417721717
"_AGATCCAGTCAGGCAA-4","Glut-DACH2-1","Ex_DACH2_NR4A3",0.83172800733147
"_AGATCGTAGATACATG-4","Glut-DACH2-4","Ex_DACH2_ITGA9",0.316089711988868
"_AGATCGTCAATTGCGT-4","Glut-DACH2-5","Ex_DACH2_ADAMTS5",0.653524496489833
"_AGATCGTGTTCGGACC-4","Glut-DACH2-2","Ex_DACH2_MGAT4C",0.641177043090977
"_AGATGAATCTGGGAGA-4","Glut-DACH2-2","Ex_DACH2_MGAT4C",0.280552604168474
"_AGATGCTCATAGGAGC-4","Glut-DACH2-2","Ex_DACH2_GRIK4",0.35424155227373
"_AGCATCACAATGTCTG-4","Glut-DACH2-1","Ex_DACH2_GRIK4",0.436452328874507
"_AGCATCACAGGCACAA-4","Glut-DACH2-1","Ex_DACH2_GRIK4",0.401589370762095
"_AGCATCAGTAATTGGA-4","Glut-DACH2-3","Ex_DACH2_SLIT2",0.458747388561805
"_AGCATCAGTAGTATAG-4","Glut-DACH2-4","Ex_DACH2_NR4A3",0.469252742150378
"_AGCATCAGTGTATCCA-4","Glut-DACH2-1","Ex_DACH2_MGAT4C",0.586466295664781
"_AGCATCATCGCTTTAT-4","Glut-DACH2-HVCra-Int","Ex_DACH2_ADAMTS5",0.303823686620703
"_AGCCAGCCAGACCGCT-4","Glut-DACH2-3","Ex_DACH2_SLIT2",0.918710632837998
"_AGCCAGCGTCGGCACT-4","Glut-DACH2-2","Ex_DACH2_LHX2",0.613508756477355
"_AGCCAGCTCACATTGG-4","Glut-DACH2-3","Ex_DACH2_SLIT2",0.811042653969196
"_AGCCAGCTCTGGGAGA-4","Glut-DACH2-4","Ex_DACH2_ITGA9",0.641545499741064
"_AGCGATTCAACCTATG-4","Glut-DACH2-1","Ex_DACH2_ADAMTS5",0.592494250662555
"_AGCGATTGTCTGTAAC-4","Glut-DACH2-2","Ex_DACH2_LHX2",0.463401639487387
"_AGCGATTGTTTGGCTA-4","Glut-DACH2-3","Ex_DACH2_ZMAT4",0.682376496655811
"_AGCGCCACAATAGAGT-4","Glut-DACH2-1","Ex_DACH2_MGAT4C",0.558004738640119
"_AGCGCCAGTCCGGTCA-4","Glut-DACH2-3","Ex_DACH2_MGAT4C",0.355656971788121
"_AGCGCCAGTCGCACAC-4","Glut-DACH2-2","Ex_DACH2_ADAMTS5",0.317115256672736
"_AGCGCCATCTCGTGGG-4","Glut-DACH2-3","Ex_DACH2_SLIT2",0.846815377105485
"_AGCGCTGAGCGCGTTC-4","Glut-DACH2-2","Ex_DACH2_MGAT4C",0.32703787529508
"_AGCGCTGAGGCATGGT-4","Glut-DACH2-2","Ex_DACH2_MGAT4C",0.6215749286873
"_AGCGCTGAGGTATAGT-4","Glut-DACH2-3","Ex_DACH2_ZMAT4",0.615961204496869
"_AGCTACAGTAGAGGAA-4","Glut-DACH2-1","Ex_DACH2_MGAT4C",0.381005361929478
"_AGCTCAACACGACAAG-4","Glut-DACH2-3","Ex_DACH2_SLIT2",0.947148323141184
"_AGCTCAAGTGCGAGTA-4","Glut-DACH2-3","Ex_DACH2_ZMAT4",0.635662573686213
"_AGCTCAATCGTGGACC-4","Glut-DACH2-2","Ex_DACH2_MGAT4C",0.379091754715338
"_AGCTTCCAGCCGCACT-4","Glut-DACH2-3","Ex_DACH2_SLIT2",0.910766586597115
"_AGCTTCCAGCTACAAA-4","Glut-DACH2-3","Ex_DACH2_SLIT2",0.875727415465439
"_AGCTTCCCAATCAGCT-4","Glut-DACH2-2","Ex_DACH2_MGAT4C",0.426302226193439
"_AGGAAATAGCCGTCGT-4","Glut-DACH2-1","Ex_DACH2_GRIK4",0.39960106658564
"_AGGAAATAGTAAGAGG-4","Glut-DACH2-3","Ex_DACH2_SLIT2",0.52603562005909
"_AGGAAATGTTCTTCAT-4","Glut-DACH2-3","Ex_DACH2_SLIT2",0.709775825264547
"_AGGAAATTCCGATGCG-4","Glut-DACH2-3","Ex_DACH2_SLIT2",0.846542221630337
"_AGGAATAGTTCTATCT-4","Glut-DACH2-1","Ex_DACH2_NR4A3",0.951880607998631
"_AGGACGAGTATTGGCT-4","Glut-DACH2-2","Ex_DACH2_GRIK4",0.519705834509648
"_AGGACTTAGGCTAGCA-4","Glut-DACH2-1","Ex_DACH2_MGAT4C",0.549873553261289
"_AGGAGGTCAGGGCTTC-4","Glut-DACH2-2","Ex_DACH2_LHX2",0.381840398908404
"_AGGAGGTCAGTTTGGT-4","Glut-DACH2-3","Ex_DACH2_SLIT2",0.811294863003341
"_AGGAGGTGTCCACATA-4","Glut-DACH2-2","Ex_DACH2_ADAMTS5",0.259707500809969
"_AGGAGGTTCTCGTCGT-4","Glut-DACH2-1","Ex_DACH2_GRIK4",0.390734238366984
"_AGGATAAAGCACTAGG-4","Glut-DACH2-1","Ex_DACH2_ADAMTS5",0.325466289694059
"_AGGATAAAGCGAGGAG-4","Glut-DACH2-1","Ex_DACH2_GRIK4",0.372802053482241
"_AGGATAATCCGGTAGC-4","Glut-DACH2-3","Ex_DACH2_CEMIP",0.743512946180307
"_AGGCATTGTCGACGCT-4","Glut-DACH2-3","Ex_DACH2_SLIT2",0.563820290724385
"_AGGCCACCAACCGCCA-4","Glut-DACH2-1","Ex_DACH2_MGAT4C",0.559962109365445
"_AGGCCACCAGAGCTAG-4","Glut-DACH2-3","Ex_DACH2_SLIT2",0.816826550448041
"_AGGCCACGTATCTCGA-4","Glut-DACH2-4","Ex_DACH2_SLIT2",0.357171535597961
"_AGGCTGCCAATTTCCT-4","Glut-DACH2-3","Ex_DACH2_SLIT2",0.717870121467988
"_AGGGAGTAGTGATAAC-4","Glut-DACH2-4","Ex_DACH2_MGAT4C",0.325368023651179
"_AGGGAGTTCAGCGTCG-4","Glut-DACH2-2","Ex_DACH2_LHX2",0.31977877479392
"_AGGGAGTTCATGCAGT-4","Glut-DACH2-3","Ex_DACH2_SLIT2",0.763354044639331
"_AGGGAGTTCTTCCCGA-4","Glut-DACH2-5","Ex_DACH2_ADAMTS5",0.50605704807008
"_AGGGCCTCAAGTGGTG-4","Glut-DACH2-3","Ex_DACH2_SLIT2",0.824913276943412
"_AGGGCCTGTGGTTCTA-4","Glut-DACH2-HVCra-Int","Ex_SATB2_FOXP2",0.338358317369981
"_AGGGCCTTCGTAGGGA-4","Glut-DACH2-2","Ex_DACH2_MGAT4C",0.480875794062318
"_AGGGTCCAGCTCATAC-4","Glut-DACH2-3","Ex_DACH2_SLIT2",0.895267471546526
"_AGGGTCCCACGGCGTT-4","Glut-DACH2-3","Ex_DACH2_CEMIP",0.398392408209443
"_AGGGTCCGTAATCAGA-4","Glut-DACH2-1","Ex_DACH2_MGAT4C",0.663889753669107
"_AGGGTCCGTGACACAG-4","Glut-DACH2-4","Ex_DACH2_ITGA9",0.443869116512264
"_AGGGTCCTCCAACTGA-4","Glut-DACH2-5","Ex_DACH2_LHX2",0.303523147478486
"_AGGGTCCTCTCGGCTT-4","Glut-DACH2-1","Ex_DACH2_LHX2",0.46849199477473
"_AGGGTGAAGGCAGGGA-4","Glut-DACH2-2","Ex_DACH2_MGAT4C",0.600760922403948
"_AGGGTGACAGAGTAAT-4","Glut-DACH2-1","Ex_DACH2_MGAT4C",0.492932663168903
"_AGGGTGATCCGTGTCT-4","Glut-DACH2-1","Ex_DACH2_MGAT4C",0.287633367986529
"_AGGGTGATCTTGCAGA-4","Glut-DACH2-1","Ex_DACH2_NR4A3",0.877881573556492
"_AGGGTTTAGTCATGGG-4","Glut-DACH2-3","Ex_DACH2_SLIT2",0.947311820529415
"_AGGTCTAAGGACTTCT-4","Glut-DACH2-1","Ex_DACH2_NR4A3",0.775110647462775
"_AGGTCTAAGTCACTAC-4","Glut-DACH2-3","Ex_DACH2_SLIT2",0.950743142992727
"_AGGTCTATCCTACGGG-4","Glut-DACH2-5","Ex_DACH2_ADAMTS5",0.534045448409275
"_AGGTGTTCAAGACTGG-4","Glut-DACH2-4","Ex_DACH2_ITGA9",0.493885123464547
"_AGGTGTTCAAGTATAG-4","Glut-DACH2-1","Ex_DACH2_MGAT4C",0.502740276933303
"_AGGTGTTGTGGATACG-4","Glut-DACH2-3","Ex_DACH2_SLIT2",0.82883423696321
"_AGGTGTTGTTTGAAAG-4","Glut-DACH2-3","Ex_DACH2_SLIT2",0.626034616722741
"_AGGTTACGTTCGGACC-4","Glut-DACH2-2","Ex_DACH2_MGAT4C",0.365132938648821
"_AGGTTACTCCTAGCGG-4","Glut-DACH2-1","Ex_DACH2_GRIK4",0.561980839256809
"_AGGTTGTAGAGCACTG-4","Glut-DACH2-2","Ex_DACH2_LHX2",0.608761912915074
"_AGGTTGTGTTTCGGCG-4","Glut-DACH2-1","Ex_DACH2_MGAT4C",0.648665980962624
"_AGTAACCAGCTATCCA-4","Glut-DACH2-2","Ex_DACH2_NR4A3",0.544349005499505
"_AGTAACCAGGCGCTCT-4","Glut-DACH2-2","Ex_DACH2_LHX2",0.326608171473889
"_AGTACTGTCTTCGTAT-4","Glut-DACH2-3","Ex_DACH2_SLIT2",0.527798865896162
"_AGTAGCTCAGCATGCC-4","Glut-DACH2-4","Ex_DACH2_ADAMTS5",0.402728199438054
"_AGTAGCTGTCTGTGTA-4","Glut-DACH2-1","Ex_DACH2_MGAT4C",0.661437786306995
"_AGTAGCTTCCAAACCA-4","Glut-DACH2-3","Ex_DACH2_SLIT2",0.362448532828443
"_AGTAGTCAGGATTTAG-4","Glut-DACH2-4","Ex_DACH2_ITGA9",0.552623010649251
"_AGTAGTCCAGTCGGTC-4","Glut-DACH2-3","Ex_DACH2_SLIT2",0.253741721216706
"_AGTAGTCCAGTGTGGA-4","Glut-DACH2-2","Ex_DACH2_LHX2",0.432247882545382
"_AGTAGTCCATCATGAC-4","Glut-DACH2-1","Ex_DACH2_MGAT4C",0.512695747723296
"_AGTAGTCGTAACACGG-4","Glut-DACH2-1","Ex_DACH2_MGAT4C",0.495801248079912
"_AGTAGTCTCCATAGAC-4","Glut-DACH2-3","Ex_DACH2_SLIT2",0.818634176946769
"_AGTAGTCTCCCACAGG-4","Glut-DACH2-2","Ex_DACH2_MGAT4C",0.467856773337899
"_AGTCAACGTCAAGCGA-4","Glut-DACH2-1","Ex_DACH2_MGAT4C",0.444947937243811
"_AGTCACAGTCAGTTTG-4","Glut-DACH2-1","Ex_DACH2_MGAT4C",0.388181054060945
"_AGTCATGAGTTACTCG-4","Glut-DACH2-HVCra-Int","Ex_DACH2_LHX2",0.552745350746233
"_AGTCATGGTGGCCACT-4","Glut-DACH2-3","Ex_DACH2_SLIT2",0.860561339393567
"_AGTCATGTCCTACGAA-4","Glut-DACH2-3","Ex_DACH2_SLIT2",0.641552588777099
"_AGTCTCCAGCCTGAGA-4","Glut-DACH2-4","Ex_DACH2_ZMAT4",0.474174733113991
"_AGTCTCCAGGCGCTCT-4","Glut-DACH2-4","Ex_DACH2_ITGA9",0.426385424822222
"_AGTGACTCACAAGTGG-4","Glut-DACH2-1","Ex_DACH2_GRIK4",0.465778715348769
"_AGTGACTTCTCATAGG-4","Glut-DACH2-3","Ex_DACH2_SLIT2",0.704199613827408
"_AGTGATCGTACCCACG-4","Glut-DACH2-1","Ex_DACH2_GRIK4",0.393875763122547
"_AGTGATCGTAGAATAC-4","Glut-DACH2-3","Ex_DACH2_SLIT2",0.824599294534034
"_AGTGATCTCACCCTTG-4","Glut-DACH2-3","Ex_DACH2_SLIT2",0.807893052810399
"_AGTGCCGGTATGCAAA-4","Glut-DACH2-1","Ex_DACH2_MGAT4C",0.548155092041337
"_AGTGCCGGTTGACTGT-4","Glut-DACH2-1","Ex_DACH2_MGAT4C",0.524216539788902
"_AGTGCCGTCCACTTCG-4","Glut-DACH2-1","Ex_DACH2_MGAT4C",0.542662774966101
"_AGTGCCGTCTCTGCCA-4","Glut-DACH2-2","Ex_DACH2_LHX2",0.412227080229071
"_AGTGCCGTCTCTGGTC-4","Glut-DACH2-1","Ex_DACH2_MGAT4C",0.355287982876807
"_AGTGTTGCAACTTGCA-4","Glut-DACH2-2","Ex_DACH2_ADAMTS5",0.402363454776067
"_AGTGTTGGTAACGCGA-4","Glut-DACH2-1","Ex_DACH2_NR4A3",0.913588992904509
"_AGTGTTGGTTGAGAGC-4","Glut-DACH2-1","Ex_DACH2_MGAT4C",0.472421401696396
"_AGTGTTGTCATTGGTG-4","Glut-DACH2-1","Ex_DACH2_LHX2",0.548412530813202
"_AGTTAGCCAGAGAGGG-4","Glut-DACH2-4","Ex_DACH2_ITGA9",0.532027027194683
"_AGTTAGCTCTCAATCT-4","Glut-DACH2-2","Ex_DACH2_ADAMTS5",0.329948590728565
"_AGTTCCCAGCATTTGC-4","Glut-DACH2-3","Ex_DACH2_SLIT2",0.784032814094873
"_AGTTCGAGTACAGAAT-4","Glut-DACH2-3","Ex_DACH2_SLIT2",0.856852226024572
"_AGTTCGAGTGAACTAA-4","Glut-DACH2-4","Ex_DACH2_ITGA9",0.493564081983142
"_ATACCGAAGAATGTTG-4","Glut-DACH2-3","Ex_DACH2_SLIT2",0.639610917319311
"_ATACCGAAGACTCTTG-4","Glut-DACH2-5","Ex_DACH2_ADAMTS5",0.749293652445746
"_ATACCGACACCTGTCT-4","Glut-DACH2-2","Ex_DACH2_ADAMTS5",0.340221223012508
"_ATACCGAGTGGGCTTC-4","Glut-DACH2-4","Ex_DACH2_ITGA9",0.501123170985346
"_ATACCGAGTTATTCCT-4","Glut-DACH2-1","Ex_DACH2_NR4A3",0.853791025169807
"_ATACCGATCAACCTTT-4","Glut-DACH2-2","Ex_DACH2_ADAMTS5",0.33634890358089
"_ATAGACCAGTGACACG-4","Glut-DACH2-1","Ex_DACH2_MGAT4C",0.442112602288608
"_ATAGACCCATCGCTCT-4","Glut-DACH2-3","Ex_DACH2_SLIT2",0.266885955542756
"_ATAGACCTCTTTGCTA-4","Glut-DACH2-2","Ex_DACH2_ADAMTS5",0.809782617000943
"_ATAGAGAGTTCCGCTT-4","Glut-DACH2-3","Ex_DACH2_SLIT2",0.925975569290213
"_ATAGAGATCTAGTGAC-4","Glut-DACH2-3","Ex_DACH2_SLIT2",0.926832220879899
"_ATAGGCTGTATGCGTT-4","Glut-DACH2-3","Ex_DACH2_SLIT2",0.935062973964566
"_ATAGGCTGTCAGTTTG-4","Glut-DACH2-2","Ex_DACH2_MGAT4C",0.434628632598089
"_ATATCCTAGTAAGACT-4","Glut-DACH2-3","Ex_DACH2_SLIT2",0.408859532240182
"_ATATCCTGTTACGATC-4","Glut-DACH2-3","Ex_DACH2_SLIT2",0.76795876979133
"_ATCACAGCAACAAGTA-4","Glut-DACH2-3","Ex_DACH2_SLIT2",0.616857302735559
"_ATCACGACACTTGGCG-4","Glut-DACH2-1","Ex_DACH2_MGAT4C",0.448685773636359
"_ATCAGGTGTAGGGTAC-4","Glut-DACH2-1","Ex_DACH2_MGAT4C",0.378217746299446
"_ATCATTCAGCACGGAT-4","Glut-DACH2-5","Ex_DACH2_ADAMTS5",0.718502524053165
"_ATCATTCCAATACCCA-4","Glut-DACH2-1","Ex_DACH2_MGAT4C",0.5094324332323
"_ATCATTCGTTACACAC-4","Glut-DACH2-2","Ex_DACH2_LHX2",0.320124652777682
"_ATCATTCGTTGCTCGG-4","Glut-DACH2-2","Ex_DACH2_GRIK4",0.591996284345732
"_ATCATTCTCCTTCTGG-4","Glut-DACH2-2","Ex_DACH2_LHX2",0.51781961020189
"_ATCCACCAGTGATAGT-4","Glut-DACH2-2","Ex_DACH2_MGAT4C",0.561680945185779
"_ATCCATTAGAGGGCGA-4","Glut-DACH2-4","Ex_DACH2_ITGA9",0.528980638176854
"_ATCCATTCATAGAGGC-4","Glut-DACH2-5","Ex_DACH2_ADAMTS5",0.756415862621242
"_ATCCATTTCCCAGTGG-4","Glut-DACH2-3","Ex_DACH2_NR4A3",0.581276955810412
"_ATCCCTGGTAGCTAAA-4","Glut-DACH2-4","Ex_DACH2_ITGA9",0.618620540245929
"_ATCCCTGGTCACTCGG-4","Glut-DACH2-5","Ex_DACH2_ADAMTS5",0.7232057940447
"_ATCGCCTAGCATGTTC-4","Glut-DACH2-2","Ex_DACH2_MGAT4C",0.384961078260239
"_ATCGCCTCAAGGATGC-4","Glut-DACH2-3","Ex_DACH2_SLIT2",0.892793217390116
"_ATCGCCTCAAGTGGTG-4","Glut-DACH2-1","Ex_DACH2_MGAT4C",0.426822787754015
"_ATCGCCTTCCGCTGTT-4","Glut-DACH2-3","Ex_DACH2_SLIT2",0.754521595739405
"_ATCGCCTTCGTCTACC-4","Glut-DACH2-3","Ex_DACH2_SLIT2",0.441365154462125
"_ATCGGCGCACAGCTTA-4","Glut-DACH2-3","Ex_DACH2_SLIT2",0.418275323817314
"_ATCGGCGTCACGACTA-4","Glut-DACH2-3","Ex_DACH2_ITGA9",0.28486151745693
"_ATCGGCGTCCGATCGG-4","Glut-DACH2-1","Ex_DACH2_MGAT4C",0.459521440649742
"_ATCGGCGTCCTTCACG-4","Glut-DACH2-1","Ex_DACH2_MGAT4C",0.384951504076588
"_ATCGTAGCAATAGTGA-4","Glut-DACH2-1","Ex_DACH2_MGAT4C",0.543513671869282
"_ATCGTCCCAAGGACAC-4","Glut-DACH2-2","Ex_DACH2_ADAMTS5",0.274635168806704
"_ATCGTCCGTGAGCCAA-4","Glut-DACH2-3","Ex_DACH2_SLIT2",0.369571474875301
"_ATCGTGAGTGTCTTAG-4","Glut-DACH2-1","Ex_DACH2_NR4A3",0.371911125909102
"_ATCTCTACACCTGCGA-4","Glut-DACH2-2","Ex_DACH2_GRIK4",0.357456030128464
"_ATCTTCAGTTTGGGAG-4","Glut-DACH2-1","Ex_DACH2_SLIT2",0.646579593281525
"_ATGAAAGAGAAAGCGA-4","Glut-DACH2-1","Ex_DACH2_MGAT4C",0.542094687868104
"_ATGAAAGCAGGATTCT-4","Glut-DACH2-1","Ex_DACH2_MGAT4C",0.49628473708473
"_ATGAAAGCAGGTTCCG-4","Glut-DACH2-3","Ex_DACH2_SLIT2",0.897120461847255
"_ATGAAAGTCCCTAGGG-4","Glut-DACH2-3","Ex_DACH2_SLIT2",0.813964931520503
"_ATGAAAGTCCTCTTTC-4","Glut-DACH2-1","Ex_DACH2_MGAT4C",0.398532597296742
"_ATGACCAGTGACAGGT-4","Glut-DACH2-3","Ex_DACH2_SLIT2",0.784981094770569
"_ATGAGGGAGGATATAC-4","Glut-DACH2-3","Ex_DACH2_SLIT2",0.796506791878218
"_ATGAGGGTCGAAGCCC-4","Glut-DACH2-1","Ex_DACH2_MGAT4C",0.537953146664981
"_ATGAGGGTCGATGCTA-4","Glut-DACH2-1","Ex_DACH2_MGAT4C",0.397914862710002
"_ATGAGTCCAGTAGTGG-4","Glut-DACH2-2","Ex_DACH2_MGAT4C",0.41180747872438
"_ATGAGTCGTCAGTCGC-4","Glut-DACH2-3","Ex_DACH2_ZMAT4",0.268485187360671
"_ATGATCGAGAAGCGAA-4","Glut-DACH2-1","Ex_DACH2_MGAT4C",0.439197488384232
"_ATGATCGCACTCATAG-4","Glut-DACH2-3","Ex_DACH2_ZMAT4",0.394138574682509
"_ATGATCGTCCTGGGTG-4","Glut-DACH2-3","Ex_DACH2_SLIT2",0.447142080539945
"_ATGATCGTCGGTAACT-4","Glut-DACH2-3","Ex_DACH2_SLIT2",0.843946722297578
"_ATGATCGTCTCCAATT-4","Glut-DACH2-3","Ex_DACH2_SLIT2",0.649025631725972
"_ATGCATGGTCGTATGT-4","Glut-DACH2-3","Ex_DACH2_SLIT2",0.454910457750454
"_ATGCCTCCAACACGTT-4","Glut-DACH2-3","Ex_DACH2_SLIT2",0.362475139136633
"_ATGCCTCTCGCTAATG-4","Glut-DACH2-1","Ex_DACH2_MGAT4C",0.274203136751505
"_ATGCGATAGGCCATAG-4","Glut-DACH2-HVCra-Int","Ex_DACH2_ITGA9",0.286436023747494
"_ATGCGATGTACGCTTA-4","Glut-DACH2-4","Ex_DACH2_ITGA9",0.488606795172392
"_ATGCGATGTCAACACT-4","Glut-DACH2-HVCra-Int","Ex_DACH2_ADAMTS5",0.421997083204652
"_ATGCGATTCACCGGGT-4","Glut-DACH2-1","Ex_DACH2_NR4A3",0.863641777960748
"_ATGGAGGAGCGGATCA-4","Glut-DACH2-4","Ex_DACH2_ZMAT4",0.559996465736877
"_ATGGAGGCATGTGTCA-4","Glut-DACH2-2","Ex_DACH2_MGAT4C",0.387002168837815
"_ATGGAGGGTCGCAACC-4","Glut-DACH2-3","Ex_DACH2_ZMAT4",0.558051844119699
"_ATGGAGGTCCATATGG-4","Glut-DACH2-1","Ex_DACH2_MGAT4C",0.553770393177095
"_ATGGAGGTCGACGCGT-4","Glut-DACH2-1","Ex_DACH2_MGAT4C",0.512519918820079
"_ATGGATCAGTCGAAGC-4","Glut-DACH2-1","Ex_DACH2_LHX2",0.449508861661449
"_ATGGGAGAGGGCCAAT-4","Glut-DACH2-1","Ex_DACH2_GRIK4",0.31890002692437
"_ATGGGAGCACGCAGTC-4","Glut-DACH2-1","Ex_DACH2_MGAT4C",0.505311801904042
"_ATGGGAGCATGCACTA-4","Glut-DACH2-4","Ex_DACH2_ITGA9",0.490275632693127
"_ATGGGAGGTGTGTTTG-4","Glut-DACH2-1","Ex_DACH2_MGAT4C",0.537686776598189
"_ATGGGTTAGCGGTATG-4","Glut-DACH2-HVCra-Int","Ex_DACH2_MGAT4C",0.412869641320093
"_ATGGGTTGTGAGATAT-4","Glut-DACH2-5","Ex_DACH2_ADAMTS5",0.641892655538972
"_ATGGTTGAGAAAGCGA-4","Glut-DACH2-2","Ex_DACH2_MGAT4C",0.344264641057258
"_ATGGTTGTCCGGTAGC-4","Glut-DACH2-2","Ex_DACH2_MGAT4C",0.333582900903716
"_ATGGTTGTCTCTCGCA-4","Glut-DACH2-1","Ex_DACH2_MGAT4C",0.533047726491684
"_ATGTCCCCATAGATGA-4","Glut-DACH2-3","Ex_DACH2_SLIT2",0.916817947403675
"_ATGTCCCGTCACCGAC-4","Glut-DACH2-4","Ex_DACH2_ITGA9",0.342869630534346
"_ATGTCCCGTTCAGCGC-4","Glut-DACH2-2","Ex_DACH2_MGAT4C",0.202888931910184
"_ATGTCCCTCAAGGTGG-4","Glut-DACH2-1","Ex_DACH2_MGAT4C",0.478362510556676
"_ATGTCTTCATACCGTA-4","Glut-DACH2-3","Ex_DACH2_SLIT2",0.462081580119962
"_ATTACCTCAACCGCTG-4","Glut-DACH2-1","Ex_DACH2_GRIK4",0.421771523008459
"_ATTACCTGTCTGCCTT-4","Glut-DACH2-1","Ex_DACH2_MGAT4C",0.469150814806675
"_ATTACCTGTGTCCACG-4","Glut-DACH2-5","Ex_DACH2_ADAMTS5",0.322957541853852
"_ATTACTCAGCAGGCTA-4","Glut-DACH2-1","Ex_DACH2_MGAT4C",0.381520371991806
"_ATTACTCCACAGCCAC-4","Glut-DACH2-4","Ex_DACH2_MGAT4C",0.265322033979833
"_ATTACTCCAGCTGTCG-4","Glut-DACH2-2","Ex_DACH2_LHX2",0.383500276581857
"_ATTACTCGTGGGTTGA-4","Glut-DACH2-1","Ex_DACH2_MGAT4C",0.57032176863775
"_ATTATCCTCGGTCAGC-4","Glut-DACH2-1","Ex_DACH2_GRIK4",0.427543408456699
"_ATTCACTAGCAAGCCA-4","Glut-DACH2-3","Ex_DACH2_SLIT2",0.9604847703269
"_ATTCACTAGTTACGTC-4","Glut-DACH2-4","Ex_DACH2_ITGA9",0.588920265242915
"_ATTCACTGTATAATGG-4","Glut-DACH2-2","Ex_DACH2_LHX2",0.379048878222218
"_ATTCACTTCACGAGGA-4","Glut-DACH2-3","Ex_DACH2_SLIT2",0.893911163289078
"_ATTCAGGAGAACAAGG-4","Glut-DACH2-3","Ex_DACH2_SLIT2",0.829897754628603
"_ATTCCATAGCAATAAC-4","Glut-DACH2-3","Ex_DACH2_SLIT2",0.852911516637005
"_ATTCCATCACTCTAGA-4","Glut-DACH2-4","Ex_DACH2_ADAMTS5",0.516370285503377
"_ATTCCATCATTCTCTA-4","Glut-DACH2-1","Ex_DACH2_MGAT4C",0.493900107585767
"_ATTCCCGGTTCTCCAC-4","Glut-DACH2-3","Ex_DACH2_SLIT2",0.895205248163389
"_ATTCCCGTCAAGGTGG-4","Glut-DACH2-1","Ex_DACH2_MGAT4C",0.343987971387543
"_ATTCCCGTCAATCCGA-4","Glut-DACH2-2","Ex_DACH2_ADAMTS5",0.360574308702644
"_ATTCCTACAACCGATT-4","Glut-DACH2-1","Ex_DACH2_MGAT4C",0.408688666529396
"_ATTCCTACATGGCTGC-4","Glut-DACH2-1","Ex_DACH2_MGAT4C",0.368121505490779
"_ATTCCTAGTCTTCCGT-4","Glut-DACH2-3","Ex_DACH2_ZMAT4",0.409093854607978
"_ATTCGTTGTATTCTCT-4","Glut-DACH2-3","Ex_DACH2_SLIT2",0.866821085363387
"_ATTCTACCAGGTCAGA-4","Glut-DACH2-3","Ex_DACH2_SLIT2",0.521630182157061
"_ATTCTACTCTGCGAGC-4","Glut-DACH2-1","Ex_DACH2_GRIK4",0.53875738743298
"_ATTCTTGCATCAGCGC-4","Glut-DACH2-2","Ex_DACH2_LHX2",0.580495375231841
"_ATTCTTGGTAACTAAG-4","Glut-DACH2-3","Ex_DACH2_SLIT2",0.422773959232872
"_ATTCTTGGTAGGTTTC-4","Glut-DACH2-2","Ex_DACH2_ADAMTS5",0.354399658903977
"_ATTCTTGGTCAAAGCG-4","Glut-DACH2-2","Ex_DACH2_GRIK4",0.321181491448435
"_ATTCTTGTCGCAATTG-4","Glut-DACH2-3","Ex_DACH2_SLIT2",0.965962073254028
"_ATTGTTCAGAATCGAT-4","Glut-DACH2-3","Ex_DACH2_SLIT2",0.906177800861204
"_ATTGTTCAGGCTTAAA-4","Glut-DACH2-2","Ex_DACH2_ADAMTS5",0.374221588157291
"_ATTGTTCCAGCTATAC-4","Glut-DACH2-4","Ex_DACH2_ITGA9",0.494490670093085
"_ATTGTTCGTCGGTACC-4","Glut-DACH2-1","Ex_DACH2_MGAT4C",0.6079003878562
"_ATTTACCCATACACCA-4","Glut-DACH2-3","Ex_DACH2_SLIT2",0.753436452098031
"_ATTTACCGTGTCCGTG-4","Glut-DACH2-3","Ex_DACH2_ZMAT4",0.624263818440203
"_ATTTACCTCGAGAGAC-4","Glut-DACH2-1","Ex_DACH2_MGAT4C",0.557279544517925
"_ATTTCACAGTATGCAA-4","Glut-DACH2-2","Ex_DACH2_ADAMTS5",0.408001642812015
"_ATTTCACAGTCAATCC-4","Glut-DACH2-8","Ex_DACH2_ZMAT4",0.795035388830579
"_ATTTCTGAGTCTGCGC-4","Glut-DACH2-3","Ex_DACH2_CEMIP",0.678348069120356
"_ATTTCTGCAGCTGGTC-4","Glut-DACH2-3","Ex_DACH2_SLIT2",0.973799978120465
"_ATTTCTGGTGGGACAT-4","Glut-DACH2-3","Ex_DACH2_CEMIP",0.488864391323263
"_CAAAGAACAGCGGTTC-4","Glut-DACH2-2","Ex_DACH2_MGAT4C",0.497995719382652
"_CAAAGAATCTGGTGGC-4","Glut-DACH2-2","Ex_DACH2_MGAT4C",0.401553177951299
"_CAACAACGTACACTCA-4","Glut-DACH2-3","Ex_DACH2_SLIT2",0.889903049372789
"_CAACAACGTCCGGTCA-4","Glut-DACH2-1","Ex_DACH2_MGAT4C",0.590822397162503
"_CAACAGTAGATTCGAA-4","Glut-DACH2-1","Ex_DACH2_NR4A3",0.533898287416018
"_CAACAGTCATACATCG-4","Glut-DACH2-1","Ex_DACH2_LHX2",0.376975049903496
"_CAACAGTTCTCTTCAA-4","Glut-DACH2-1","Ex_DACH2_MGAT4C",0.720529767219364
"_CAACCAAAGCTCTATG-4","Glut-DACH2-1","Ex_DACH2_MGAT4C",0.434172876793289
"_CAACCAACAGCCCAGT-4","Glut-DACH2-3","Ex_DACH2_SLIT2",0.882940032042471
"_CAACCAACAGCTGCCA-4","Glut-DACH2-4","Ex_DACH2_ZMAT4",0.432317126078985
"_CAACCTCCAGTAACGG-4","Glut-DACH2-3","Ex_DACH2_SLIT2",0.87029237750605
"_CAACCTCGTAGAGGAA-4","Glut-DACH2-1","Ex_DACH2_MGAT4C",0.601767427725621
"_CAACGATTCCTTCGAC-4","Glut-DACH2-2","Ex_DACH2_LUZP2",0.297700479805825
"_CAACGGCAGACATAGT-4","Glut-DACH2-2","Ex_DACH2_MGAT4C",0.355377443035599
"_CAACGGCAGCTGAAAT-4","Glut-DACH2-3","Ex_DACH2_SLIT2",0.758443319055221
"_CAACGGCAGGGTTAGC-4","Glut-DACH2-2","Ex_DACH2_ADAMTS5",0.474007378754287
"_CAACGGCTCGCCTTTG-4","Glut-DACH2-1","Ex_DACH2_MGAT4C",0.616626622646978
"_CAAGACTAGACGCTCC-4","Glut-DACH2-2","Ex_DACH2_LHX2",0.323247912720498
"_CAAGACTAGGGAACAA-4","Glut-DACH2-3","Ex_DACH2_SLIT2",0.576738762462794
"_CAAGACTCACCATTCC-4","Glut-DACH2-1","Ex_DACH2_GRIK4",0.503051991924954
"_CAAGACTCAGCAGTTT-4","Glut-DACH2-3","Ex_DACH2_SLIT2",0.942996617282805
"_CAAGACTGTACAATAG-4","Glut-DACH2-3","Ex_DACH2_ZMAT4",0.603991686728789
"_CAAGACTGTACCGCGT-4","Glut-DACH2-2","Ex_DACH2_LHX2",0.489251256257924
"_CAAGAGGCATGGTACT-4","Glut-DACH2-1","Ex_DACH2_MGAT4C",0.622436339246811
"_CAAGAGGTCGTCTCAC-4","Glut-DACH2-3","Ex_DACH2_SLIT2",0.646425021159743
"_CAAGCTATCAGGGATG-4","Glut-DACH2-3","Ex_DACH2_SLIT2",0.56931527901365
"_CAAGGGAAGGATTCAA-4","Glut-DACH2-4","Ex_DACH2_ITGA9",0.423331539247121
"_CAAGGGACATGAGGGT-4","Glut-DACH2-3","Ex_DACH2_SLIT2",0.952446308561573
"_CAAGGGATCAGCTGTA-4","Glut-DACH2-3","Ex_DACH2_NR4A3",0.252614974648533
"_CAATACGCAAGGATGC-4","Glut-DACH2-3","Ex_DACH2_SLIT2",0.526317246961056
"_CAATACGGTTCCGGTG-4","Glut-DACH2-1","Ex_DACH2_NR4A3",0.416796543655525
"_CAATCGAGTCTAACTG-4","Glut-DACH2-3","Ex_DACH2_SLIT2",0.952625981092332
"_CAATGACAGGCATGCA-4","Glut-DACH2-2","Ex_DACH2_MGAT4C",0.400991357203412
"_CAATGACCATCAGCTA-4","Glut-DACH2-5","Ex_DACH2_ADAMTS5",0.373875048031672
"_CAATGACTCACTTTGT-4","Glut-DACH2-1","Ex_DACH2_MGAT4C",0.451749631737901
"_CAATTTCCACGCAGTC-4","Glut-DACH2-3","Ex_DACH2_SLIT2",0.823271394729328
"_CAATTTCTCTAAGCCA-4","Glut-DACH2-3","Ex_DACH2_ZMAT4",0.429537845461768
"_CACAACAGTTTGTTGG-4","Glut-DACH2-4","Ex_DACH2_SLIT2",0.455144523505738
"_CACAGGCAGAGGTCAC-4","Glut-DACH2-2","Ex_DACH2_LHX2",0.343443579380828
"_CACATGACAAGCTGTT-4","Glut-DACH2-2","Ex_DACH2_MGAT4C",0.328161517601279
"_CACATGACAGGATTCT-4","Glut-DACH2-3","Ex_DACH2_SLIT2",0.453693712849749
"_CACATGACATATGAAG-4","Glut-DACH2-2","Ex_DACH2_ADAMTS5",0.355491166384872
"_CACCAAACAATGCTCA-4","Glut-DACH2-2","Ex_DACH2_MGAT4C",0.317884190011055
"_CACCAAAGTTCTAACG-4","Glut-DACH2-2","Ex_DACH2_MGAT4C",0.281656235494985
"_CACCGTTGTAGCTGAG-4","Glut-DACH2-3","Ex_DACH2_ZMAT4",0.803173467423992
"_CACGAATAGTGGTGGT-4","Glut-DACH2-3","Ex_DACH2_SLIT2",0.892511363109362
"_CACGAATCACACACGC-4","Glut-DACH2-1","Ex_DACH2_MGAT4C",0.536609547796044
"_CACGAATGTCCTATAG-4","Glut-DACH2-2","Ex_DACH2_MGAT4C",0.329325931861701
"_CACGAATTCGCGTGAC-4","Glut-DACH2-1","Ex_DACH2_MGAT4C",0.520410588503126
"_CACGGGTAGCATTGTC-4","Glut-DACH2-1","Ex_DACH2_MGAT4C",0.600141041883656
"_CACGGGTAGGCATCAG-4","Glut-DACH2-1","Ex_DACH2_MGAT4C",0.422739382159044
"_CACGGGTTCTGCGATA-4","Glut-DACH2-3","Ex_DACH2_SLIT2",0.910146043532135
"_CACGTGGGTGTCATTG-4","Glut-DACH2-5","Ex_DACH2_ADAMTS5",0.466250955060394
"_CACGTGGGTGTTGACT-4","Glut-DACH2-3","Ex_DACH2_SLIT2",0.89453706801477
"_CACGTTCCAACGACTT-4","Glut-DACH2-3","Ex_DACH2_SLIT2",0.550621881080568
"_CACGTTCGTCGCAACC-4","Glut-DACH2-3","Ex_DACH2_ZMAT4",0.342157719745159
"_CACGTTCTCTAGACAC-4","Glut-DACH2-3","Ex_DACH2_CEMIP",0.589066795613704
"_CACTAAGAGTCGGGAT-4","Glut-DACH2-3","Ex_DACH2_SLIT2",0.787360531906945
"_CACTAAGCAGGGATAC-4","Glut-SATB2-1","Ex_SATB2_SOX6",0.703290776766903
"_CACTGAACAGCTGGTC-4","Glut-DACH2-4","Ex_DACH2_ITGA9",0.546866866685314
"_CACTGGGCATCACCAA-4","Glut-DACH2-1","Ex_DACH2_MGAT4C",0.638659106946382
"_CACTGTCTCATTGAGC-4","Glut-DACH2-1","Ex_DACH2_ADAMTS5",0.346833880244281
"_CACTGTCTCTTCGACC-4","Glut-DACH2-3","Ex_DACH2_SLIT2",0.772709671825917
"_CACTTCGGTCTCACGG-4","Glut-DACH2-3","Ex_DACH2_SLIT2",0.965709209361396
"_CACTTCGGTGTTGACT-4","Glut-DACH2-2","Ex_DACH2_LHX2",0.409582629220952
"_CACTTCGTCGTTCGCT-4","Glut-DACH2-1","Ex_DACH2_GRIK4",0.649466933376284
"_CAGAGCCAGGCTGTAG-4","Glut-DACH2-3","Ex_DACH2_ZMAT4",0.508830855414731
"_CAGATACAGAAGTGTT-4","Glut-DACH2-3","Ex_DACH2_SLIT2",0.552246524214115
"_CAGATACAGCTCTTCC-4","Glut-DACH2-2","Ex_DACH2_ADAMTS5",0.385537804408067
"_CAGATACTCTAGTGTG-4","Glut-DACH2-1","Ex_DACH2_NR4A3",0.785016107901323
"_CAGATCAAGAGGTCAC-4","Glut-DACH2-3","Ex_DACH2_SLIT2",0.53665133047905
"_CAGATCAAGTCATGAA-4","Glut-DACH2-1","Ex_DACH2_NR4A3",0.490492464253413
"_CAGATTGTCCAGCTCT-4","Glut-DACH2-3","Ex_DACH2_ZMAT4",0.569886569263764
"_CAGCAATAGGCTCTCG-4","Glut-DACH2-2","Ex_DACH2_MGAT4C",0.450488644598963
"_CAGCCAGCACTCTCGT-4","Glut-DACH2-3","Ex_DACH2_ZMAT4",0.724211032424449
"_CAGCCAGTCCCGTGAG-4","Glut-DACH2-3","Ex_DACH2_SLIT2",0.906951205828933
"_CAGCGTGGTTTCGTAG-4","Glut-DACH2-1","Ex_DACH2_MGAT4C",0.521919935443845
"_CAGGCCACACCGTACG-4","Glut-DACH2-2","Ex_DACH2_GRIK4",0.374789380909552
"_CAGGGCTGTGAGCTCC-4","Glut-DACH2-3","Ex_DACH2_SLIT2",0.873822330873116
"_CAGGTATAGTATCTGC-4","Glut-DACH2-1","Ex_DACH2_ADAMTS5",0.434879567080101
"_CAGGTATCAATCCTTT-4","Glut-DACH2-2","Ex_DACH2_ADAMTS5",0.575885318379401
"_CAGGTATGTCCACATA-4","Glut-DACH2-3","Ex_DACH2_SLIT2",0.889224561733404
"_CAGTGCGAGAATACAC-4","Glut-DACH2-3","Ex_DACH2_SLIT2",0.791529754402044
"_CAGTGCGGTATGCTAC-4","Glut-DACH2-5","Ex_DACH2_ADAMTS5",0.627970545570883
"_CAGTGCGGTTCCGCGA-4","Glut-DACH2-2","Ex_DACH2_ADAMTS5",0.534393871583289
"_CAGTGCGTCAAGTAAG-4","Glut-DACH2-3","Ex_DACH2_SLIT2",0.853815884685106
"_CAGTGCGTCTCGGTAA-4","Glut-DACH2-1","Ex_DACH2_MGAT4C",0.599969536644473
"_CAGTTAGGTTCAAACC-4","Glut-DACH2-2","Ex_DACH2_MGAT4C",0.341711564870288
"_CAGTTCCTCAAACTGC-4","Glut-DACH2-1","Ex_DACH2_GRIK4",0.60556001525412
"_CAGTTCCTCAAGGTGG-4","Glut-DACH2-1","Ex_DACH2_MGAT4C",0.567798161168517
"_CATAAGCTCGACCATA-4","Glut-DACH2-1","Ex_DACH2_LHX2",0.436782136366979
"_CATACAGGTACAGAGC-4","Glut-DACH2-1","Ex_DACH2_LHX2",0.471546917219022
"_CATACAGGTATCGTTG-4","Glut-DACH2-3","Ex_DACH2_SLIT2",0.768378555541276
"_CATACCCAGTGCTAGG-4","Glut-DACH2-1","Ex_DACH2_MGAT4C",0.432995743347292
"_CATACCCCACTATCGA-4","Glut-DACH2-3","Ex_DACH2_SLIT2",0.852789330395288
"_CATACCCTCCCTTGTG-4","Glut-DACH2-3","Ex_DACH2_SLIT2",0.864301123191645
"_CATACCCTCTTGGTGA-4","Glut-DACH2-5","Ex_DACH2_ADAMTS5",0.531663995209903
"_CATACTTAGTAGCTCT-4","Glut-DACH2-4","Ex_DACH2_SLIT2",0.439240256908675
"_CATAGACAGGGTGGGA-4","Glut-DACH2-3","Ex_DACH2_SLIT2",0.854371249360197
"_CATAGACAGGTAGGCT-4","Glut-DACH2-3","Ex_DACH2_ZMAT4",0.665932462250552
"_CATAGACGTTGCTCCT-4","Glut-DACH2-1","Ex_DACH2_ADAMTS5",0.398079999220443
"_CATCAAGTCGGACCAC-4","Glut-DACH2-4","Ex_DACH2_ITGA9",0.44811037742707
"_CATCCACTCTTCCCGA-4","Glut-DACH2-1","Ex_DACH2_MGAT4C",0.45670501880198
"_CATCCCAAGGGAGTTC-4","Glut-DACH2-3","Ex_DACH2_SLIT2",0.80249810888796
"_CATCCCAAGGTAGACC-4","Glut-DACH2-1","Ex_DACH2_MGAT4C",0.502076198304636
"_CATCCCAGTACGTTCA-4","Glut-DACH2-3","Ex_DACH2_SLIT2",0.508133500778566
"_CATCCGTAGACCATGG-4","Glut-DACH2-2","Ex_DACH2_LHX2",0.483814961532671
"_CATCCGTTCACCCATC-4","Glut-DACH2-1","Ex_DACH2_GRIK4",0.475576899461025
"_CATCGCTCAGCCCAGT-4","Glut-DACH2-4","Ex_DACH2_ITGA9",0.575688291290994
"_CATCGCTGTAGGGAGG-4","Glut-DACH2-4","Ex_DACH2_ITGA9",0.367376595472492
"_CATCGGGTCAAGGCTT-4","Glut-DACH2-3","Ex_DACH2_SLIT2",0.89288431538958
"_CATCGGGTCACCCATC-4","Glut-DACH2-2","Ex_DACH2_MGAT4C",0.334556876804433
"_CATCGTCAGGATGAGA-4","Glut-DACH2-3","Ex_DACH2_ZMAT4",0.46464993724788
"_CATCGTCAGGTACATA-4","Glut-DACH2-3","Ex_DACH2_SLIT2",0.880405547037923
"_CATCGTCCACGGAAGT-4","Glut-DACH2-1","Ex_DACH2_GRIK4",0.298311817492585
"_CATCGTCTCGACTCCT-4","Glut-DACH2-2","Ex_DACH2_LHX2",0.363720364672975
"_CATGAGTAGCTTTCTT-4","Glut-DACH2-2","Ex_DACH2_MGAT4C",0.425796227888402
"_CATGAGTGTCAACATC-4","Glut-DACH2-HVCra-Int","Ex_DACH2_MGAT4C",0.228938940837797
"_CATGAGTGTGCTTCAA-4","Glut-DACH2-3","Ex_DACH2_SLIT2",0.525830432615076
"_CATGCCTAGGAACGCT-4","Glut-DACH2-2","Ex_DACH2_LHX2",0.490965087515875
"_CATGCCTTCCGATAGT-4","Glut-DACH2-3","Ex_DACH2_ZMAT4",0.697430970615707
"_CATGCCTTCTATCACT-4","Glut-DACH2-1","Ex_DACH2_MGAT4C",0.49447562865616
"_CATGCGGAGCTATCCA-4","Glut-DACH2-3","Ex_DACH2_SLIT2",0.8203104319703
"_CATGCGGAGGAAGTAG-4","Glut-DACH2-4","Ex_DACH2_ITGA9",0.531506559340836
"_CATGCGGAGTTCACTG-4","Glut-DACH2-1","Ex_DACH2_MGAT4C",0.530366958283056
"_CATGCGGTCACTGGGC-4","Glut-DACH2-3","Ex_DACH2_SLIT2",0.726441950810742
"_CATGCGGTCTTTCTAG-4","Glut-DACH2-1","Ex_DACH2_MGAT4C",0.517087642789781
"_CATGCTCCACACACGC-4","Glut-DACH2-3","Ex_DACH2_ITGA9",0.315412299815366
"_CATGGATAGCCATATC-4","Glut-DACH2-3","Ex_DACH2_SLIT2",0.645526634949008
"_CATGGATTCTGAACGT-4","Glut-DACH2-4","Ex_DACH2_ITGA9",0.412074706332298
"_CATGGTAGTCAGACTT-4","Glut-DACH2-1","Ex_DACH2_GRIK4",0.502740154806184
"_CATTCATCAAGTATCC-4","Glut-DACH2-1","Ex_DACH2_MGAT4C",0.525510075261983
"_CATTCATGTTCCGCTT-4","Glut-DACH2-3","Ex_DACH2_SLIT2",0.815020970487514
"_CATTCCGAGTATTCCG-4","Glut-DACH2-1","Ex_DACH2_NR4A3",0.349359155088561
"_CATTCCGTCGCGGACT-4","Glut-DACH2-1","Ex_DACH2_NR4A3",0.37396801417445
"_CATTCTAAGCACTGGA-4","Glut-DACH2-3","Ex_DACH2_SLIT2",0.85948121748736
"_CATTCTACACGCGCTA-4","Glut-DACH2-1","Ex_DACH2_GRIK4",0.376182782352062
"_CATTGAGAGTGGAAAG-4","Glut-DACH2-3","Ex_DACH2_SLIT2",0.522775863905476
"_CATTGAGTCCTTCTAA-4","Glut-DACH2-2","Ex_DACH2_MGAT4C",0.407296107559916
"_CATTGCCCAAGCACAG-4","Glut-DACH2-2","Ex_DACH2_MGAT4C",0.311413468509661
"_CATTGTTAGTCAGCCC-4","Glut-DACH2-1","Ex_DACH2_NR4A3",1
"_CATTGTTGTTCAGCTA-4","Glut-DACH2-3","Ex_DACH2_SLIT2",0.688820846459111
"_CATTGTTTCTGGTTGA-4","Glut-DACH2-2","Ex_DACH2_MGAT4C",0.519766809592352
"_CATTTCAAGGCGCTCT-4","Glut-DACH2-2","Ex_DACH2_LHX2",0.261521519167956
"_CCAAGCGAGACATAGT-4","Glut-DACH2-1","Ex_DACH2_MGAT4C",0.487727984710421
"_CCAAGCGCACCCTGAG-4","Glut-DACH2-2","Ex_DACH2_NR4A3",0.38071511227349
"_CCAATGACACCAGCCA-4","Glut-DACH2-2","Ex_DACH2_LHX2",0.467999583555319
"_CCAATGATCTGAGCAT-4","Glut-DACH2-3","Ex_DACH2_SLIT2",0.926540771155423
"_CCAATTTAGGAAGTGA-4","Glut-DACH2-3","Ex_DACH2_SLIT2",0.881157477943625
"_CCAATTTGTATAGGAT-4","Glut-DACH2-1","Ex_DACH2_MGAT4C",0.457441026663654
"_CCAATTTGTTAACCTG-4","Glut-DACH2-1","Ex_DACH2_MGAT4C",0.600393021859357
"_CCAATTTTCGAGCCTG-4","Glut-DACH2-1","Ex_DACH2_MGAT4C",0.486588029871288
"_CCAATTTTCTCGTGGG-4","Glut-DACH2-3","Ex_DACH2_SLIT2",0.822301144663193
"_CCACAAACAACACGAG-4","Glut-DACH2-3","Ex_DACH2_SLIT2",0.357218190059199
"_CCACAAAGTGCTGTCG-4","Glut-DACH2-3","Ex_DACH2_SLIT2",0.897397790883788
"_CCACACTAGCCATCCG-4","Glut-DACH2-3","Ex_DACH2_SLIT2",0.760777644327355
"_CCACACTGTCAGACTT-4","Glut-DACH2-1","Ex_DACH2_MGAT4C",0.623254345435147
"_CCACACTTCAGGAAAT-4","Glut-DACH2-2","Ex_DACH2_ADAMTS5",0.401568307489765
"_CCACACTTCTGGCCTT-4","Glut-DACH2-2","Ex_DACH2_ADAMTS5",0.276590350267897
"_CCACCATCAACAGATA-4","Glut-DACH2-1","Ex_DACH2_MGAT4C",0.391294524906788
"_CCACCATGTCTACGAT-4","Glut-DACH2-2","Ex_DACH2_ADAMTS5",0.343113131422016
"_CCACGAGAGTCATCCA-4","Glut-DACH2-1","Ex_DACH2_NR4A3",0.916969801368544
"_CCACGAGTCGTTGCCT-4","Glut-DACH2-1","Ex_DACH2_NR4A3",0.52871145165129
"_CCACGTTCAGCTCCTT-4","Glut-DACH2-5","Ex_DACH2_ADAMTS5",0.394068382906681
"_CCACTTGGTCCAGTTA-4","Glut-DACH2-3","Ex_DACH2_ZMAT4",0.714420182280533
"_CCACTTGTCAGCTAGT-4","Glut-DACH2-3","Ex_DACH2_SLIT2",0.674697240821693
"_CCACTTGTCGTGCACG-4","Glut-DACH2-2","Ex_DACH2_ADAMTS5",0.648498965332248
"_CCACTTGTCTGCTCTG-4","Glut-DACH2-3","Ex_DACH2_SLIT2",0.776452812841641
"_CCATCACGTAACAAGT-4","Glut-DACH2-3","Ex_DACH2_SLIT2",0.880731091763496
"_CCATCACTCAACCTCC-4","Glut-DACH2-2","Ex_DACH2_ADAMTS5",0.627807826535105
"_CCCAACTAGGATTCAA-4","Glut-DACH2-3","Ex_DACH2_SLIT2",0.824006405159962
"_CCCAACTCATTAGGCT-4","Glut-DACH2-2","Ex_DACH2_GRIK4",0.576002899102243
"_CCCAACTGTAGCTAAA-4","Glut-DACH2-1","Ex_DACH2_LHX2",0.32241926105698
"_CCCAACTGTCCTTGTC-4","Glut-DACH2-1","Ex_DACH2_MGAT4C",0.460062560144984
"_CCCAACTGTCGTTTCC-4","Glut-DACH2-3","Ex_DACH2_SLIT2",0.924681655168964
"_CCCAACTGTTCTCTCG-4","Glut-DACH2-3","Ex_DACH2_ZMAT4",0.513617412819057
"_CCCATTGGTGGAACCA-4","Glut-DACH2-4","Ex_DACH2_CEMIP",0.397151939583535
"_CCCGAAGCAATCGCGC-4","Glut-DACH2-3","Ex_DACH2_SLIT2",0.686552010302631
"_CCCGGAATCTTGATTC-4","Glut-DACH2-4","Ex_DACH2_ITGA9",0.284897559800226
"_CCCTAACCATTGACTG-4","Glut-DACH2-2","Ex_DACH2_GRIK4",0.386457789399045
"_CCCTAACGTAGACAAT-4","Glut-DACH2-3","Ex_DACH2_SLIT2",0.512500570132516
"_CCCTAACGTCCAACGC-4","Glut-DACH2-3","Ex_DACH2_NR4A3",0.747760600214559
"_CCCTAACTCCCGAGAC-4","Glut-DACH2-1","Ex_DACH2_MGAT4C",0.405152391657971
"_CCCTCAAAGCTCAGAG-4","Glut-DACH2-3","Ex_DACH2_SLIT2",0.686490597550627
"_CCCTCTCAGACATCCT-4","Glut-DACH2-2","Ex_DACH2_ADAMTS5",0.365714303340948
"_CCCTCTCAGACTCATC-4","Glut-DACH2-2","Ex_DACH2_GRIK4",0.439503745549328
"_CCCTCTCCAAAGCAAT-4","Glut-DACH2-1","Ex_DACH2_MGAT4C",0.474935105614043
"_CCCTCTCGTGTTTACG-4","Glut-DACH2-4","Ex_DACH2_ITGA9",0.722313757564958
"_CCCTGATGTGATTAGA-4","Glut-DACH2-3","Ex_DACH2_SLIT2",0.875226199151343
"_CCCTTAGAGACCAACG-4","Glut-DACH2-2","Ex_DACH2_LHX2",0.443372903639751
"_CCCTTAGTCGCGTTTC-4","Glut-DACH2-1","Ex_DACH2_MGAT4C",0.53271240603224
"_CCCTTAGTCTGGTCAA-4","Glut-DACH2-2","Ex_DACH2_ADAMTS5",0.390531932364596
"_CCGAACGTCGTTCCTG-4","Glut-DACH2-2","Ex_DACH2_MGAT4C",0.347355853267354
"_CCGATCTGTCTGTCAA-4","Glut-DACH2-1","Ex_DACH2_MGAT4C",0.739888625522275
"_CCGATGGGTTGGACTT-4","Glut-DACH2-1","Ex_DACH2_MGAT4C",0.292111555464828
"_CCGCAAGGTCTCCCTA-4","Glut-DACH2-2","Ex_DACH2_MGAT4C",0.455934589817376
"_CCGGACAGTAGCTAAA-4","Glut-DACH2-5","Ex_DACH2_ADAMTS5",0.824684040287154
"_CCGGACATCCCAGGCA-4","Glut-DACH2-1","Ex_DACH2_SLIT2",0.524088457309166
"_CCGGGTACAGTTCCAA-4","Glut-DACH2-2","Ex_DACH2_ADAMTS5",0.57211222875537
"_CCGGTAGAGTGATGGC-4","Glut-DACH2-3","Ex_DACH2_ZMAT4",0.311607700832097
"_CCGGTAGCACATCCCT-4","Glut-DACH2-1","Ex_DACH2_GRIK4",0.384235946338629
"_CCGGTAGTCGTTCTGC-4","Glut-DACH2-1","Ex_DACH2_MGAT4C",0.509567419286264
"_CCGGTGAGTACTTGTG-4","Glut-DACH2-2","Ex_DACH2_ADAMTS5",0.524410137125427
"_CCGTTCAAGAGGCTGT-4","Glut-DACH2-3","Ex_DACH2_ZMAT4",0.670833932062404
"_CCGTTCAAGTCACTGT-4","Glut-DACH2-3","Ex_DACH2_SLIT2",0.372724033649907
"_CCGTTCATCGATACTG-4","Glut-DACH2-3","Ex_DACH2_CEMIP",0.616100976768992
"_CCTAACCAGCTGACCC-4","Glut-DACH2-5","Ex_DACH2_ADAMTS5",0.527758375243899
"_CCTAACCAGTACAACA-4","Glut-DACH2-5","Ex_DACH2_ADAMTS5",0.626264915561929
"_CCTAACCGTGTCATGT-4","Glut-DACH2-1","Ex_DACH2_MGAT4C",0.417073967314139
"_CCTAACCTCGACGTCG-4","Glut-DACH2-3","Ex_DACH2_SLIT2",0.824084236201398
"_CCTAAGAAGATAGCAT-4","Glut-DACH2-4","Ex_DACH2_ITGA9",0.503481558000451
"_CCTAAGAAGGCATTTC-4","Glut-DACH2-5","Ex_DACH2_ADAMTS5",0.584117241046016
"_CCTAAGACAGATCCTA-4","Glut-DACH2-1","Ex_DACH2_MGAT4C",0.588656930346853
"_CCTAAGAGTACTGAGG-4","Glut-DACH2-3","Ex_DACH2_SLIT2",0.595506063311646
"_CCTAAGAGTGAGGATC-4","Glut-DACH2-3","Ex_DACH2_SLIT2",0.443425794919794
"_CCTACGTCAATAACGA-4","Glut-DACH2-3","Ex_DACH2_SLIT2",0.867065842947728
"_CCTATCGAGGCAGGTT-4","Glut-DACH2-4","Ex_DACH2_ITGA9",0.515689607728088
"_CCTATCGGTCTGCCTT-4","Glut-DACH2-1","Ex_DACH2_MGAT4C",0.469494952938794
"_CCTATCGTCAGTGGGA-4","Glut-DACH2-4","Ex_DACH2_ITGA9",0.66576956673054
"_CCTCAACAGAGATGCC-4","Glut-DACH2-2","Ex_DACH2_LHX2",0.338716280713872
"_CCTCAACAGCACCGAA-4","Glut-DACH2-3","Ex_DACH2_NR4A3",0.372397811089166
"_CCTCACACATCACAGT-4","Glut-DACH2-1","Ex_DACH2_NR4A3",0.982335781268044
"_CCTCACAGTACGGCAA-4","Glut-DACH2-3","Ex_DACH2_SLIT2",0.747544343234539
"_CCTCACAGTCTCTCAC-4","Glut-DACH2-3","Ex_DACH2_SLIT2",0.896115187004371
"_CCTCAGTAGAAAGCGA-4","Glut-DACH2-4","Ex_DACH2_ITGA9",0.560619047596651
"_CCTCAGTGTGCGAACA-4","Glut-DACH2-5","Ex_DACH2_ADAMTS5",0.850189831210891
"_CCTCATGAGTTGCGCC-4","Glut-DACH2-2","Ex_DACH2_MGAT4C",0.326453021744236
"_CCTCATGGTGATGAAT-4","Glut-DACH2-3","Ex_DACH2_SLIT2",0.443998181217294
"_CCTCATGGTTACAGCT-4","Glut-DACH2-3","Ex_DACH2_ZMAT4",0.814047300874751
"_CCTCATGTCCACCTCA-4","Glut-DACH2-1","Ex_DACH2_MGAT4C",0.336727219964788
"_CCTCATGTCTACAGGT-4","Glut-DACH2-2","Ex_DACH2_LHX2",0.423643737591897
"_CCTCCAACACGTGTGC-4","Glut-DACH2-1","Ex_DACH2_ADAMTS5",0.379041033751755
"_CCTCCTCCAATCCTAG-4","Glut-DACH2-3","Ex_DACH2_SLIT2",0.880820071703754
"_CCTCCTCGTGCCCGTA-4","Glut-DACH2-1","Ex_SATB2_OVOA",0.287231809516487
"_CCTCCTCTCTCCCAAC-4","Glut-DACH2-3","Ex_DACH2_SLIT2",0.642197631495958
"_CCTCTAGAGATTGTGA-4","Glut-DACH2-2","Ex_DACH2_LHX2",0.580225683593586
"_CCTCTAGCAAAGACTA-4","Glut-DACH2-1","Ex_DACH2_NR4A3",0.801175557227097
"_CCTCTAGCATGAGATA-4","Glut-DACH2-1","Ex_DACH2_NR4A3",0.752590432959496
"_CCTCTAGTCGCAGTTA-4","Glut-DACH2-3","Ex_DACH2_SLIT2",0.544860451697185
"_CCTCTAGTCGCTTTAT-4","Glut-DACH2-3","Ex_DACH2_SLIT2",0.945468699397415
"_CCTCTCCAGCCTCTTC-4","Glut-DACH2-2","Ex_DACH2_LHX2",0.425077449967144
"_CCTCTCCCACTGGAAG-4","Glut-DACH2-1","Ex_DACH2_NR4A3",0.777833953645987
"_CCTCTCCCATTCACAG-4","Glut-DACH2-2","Ex_DACH2_MGAT4C",0.270492117559582
"_CCTCTCCGTGAGTAAT-4","Glut-DACH2-1","Ex_DACH2_NR4A3",0.426271969651425
"_CCTCTCCTCGAGCCAC-4","Glut-DACH2-1","Ex_DACH2_SLIT2",0.292128570254656
"_CCTGCATCACATCATG-4","Glut-DACH2-3","Ex_DACH2_SLIT2",0.778951199470802
"_CCTGCATGTAGTCCTA-4","Glut-DACH2-3","Ex_DACH2_SLIT2",0.881455886502029
"_CCTGTTGCAAGAAATC-4","Glut-DACH2-3","Ex_DACH2_SLIT2",0.746835222728829
"_CCTGTTGGTGTAGCAG-4","Glut-DACH2-4","Ex_DACH2_ITGA9",0.226860434858655
"_CCTTCAGGTTCAGCTA-4","Glut-DACH2-2","Ex_DACH2_LHX2",0.365000676984472
"_CCTTGTGAGGAGCTGT-4","Glut-DACH2-1","Ex_DACH2_ADAMTS5",0.473448931679181
"_CCTTGTGTCGTCAAAC-4","Glut-DACH2-4","Ex_DACH2_ITGA9",0.588079276310552
"_CCTTTGGCACGAGAAC-4","Glut-DACH2-1","Ex_DACH2_MGAT4C",0.40849376286962
"_CCTTTGGGTGACTGAG-4","Glut-DACH2-1","Ex_DACH2_SLIT2",0.585197768504424
"_CCTTTGGTCCGTGTCT-4","Glut-DACH2-1","Ex_DACH2_MGAT4C",0.459768056465926
"_CGAAGGAAGCCTTTGA-4","Glut-DACH2-4","Ex_DACH2_ITGA9",0.500171780245646
"_CGAAGGAAGTGTAGAT-4","Glut-DACH2-1","Ex_SATB2_FOXP2",0.213314245982623
"_CGAAGGATCATCCCGT-4","Glut-DACH2-3","Ex_DACH2_ZMAT4",0.893286270434323
"_CGAAGTTCACACAGAG-4","Glut-DACH2-1","Ex_DACH2_LHX2",0.346682709075545
"_CGAAGTTGTAGACAAT-4","Glut-DACH2-1","Ex_DACH2_MGAT4C",0.359401112209955
"_CGAAGTTGTCCTCATC-4","Glut-DACH2-3","Ex_DACH2_SLIT2",0.407049724317692
"_CGAATTGAGGCATGCA-4","Glut-DACH2-1","Ex_DACH2_MGAT4C",0.537040249786258
"_CGAATTGAGTACTGGG-4","Glut-DACH2-2","Ex_DACH2_MGAT4C",0.362718371213063
"_CGAATTGTCACACGAT-4","Glut-DACH2-2","Ex_DACH2_MGAT4C",0.51043566012212
"_CGAATTGTCTGCATAG-4","Glut-DACH2-4","Ex_DACH2_ITGA9",0.244079154884417
"_CGACAGCAGAAATGGG-4","Glut-DACH2-2","Ex_DACH2_ADAMTS5",0.302503184154343
"_CGACAGCGTCAACGCC-4","Glut-DACH2-4","Ex_DACH2_ITGA9",0.48606551679991
"_CGAGAAGCAGGACTAG-4","Glut-DACH2-1","Ex_DACH2_MGAT4C",0.424610028943608
"_CGAGAAGGTGGTACAG-4","Glut-DACH2-1","Ex_DACH2_GRIK4",0.570898330312098
"_CGAGGAAAGGGCATGT-4","Glut-DACH2-3","Ex_DACH2_ZMAT4",0.762806537977823
"_CGAGGCTAGCTTACGT-4","Glut-DACH2-3","Ex_DACH2_SLIT2",0.425803576094021
"_CGAGGCTTCATTACTC-4","Glut-DACH2-3","Ex_DACH2_SLIT2",0.957451372315804
"_CGATCGGAGAGTGTGC-4","Glut-DACH2-3","Ex_DACH2_SLIT2",0.897510322296426
"_CGATCGGCACTGCTTC-4","Glut-DACH2-4","Ex_DACH2_ZMAT4",0.876959225042607
"_CGATCGGGTATCAGCT-4","Glut-DACH2-3","Ex_DACH2_ITGA9",0.377002165335501
"_CGATGGCCAGATTCGT-4","Glut-DACH2-1","Ex_DACH2_NR4A3",0.986816219734939
"_CGATGGCGTAGCACGA-4","Glut-DACH2-1","Ex_DACH2_NR4A3",0.982963133017042
"_CGCAGGTCATCGCTAA-4","Glut-DACH2-3","Ex_DACH2_SLIT2",0.655914911824414
"_CGCAGGTTCAGGCGAA-4","Glut-DACH2-5","Ex_DACH2_LHX2",0.333021819656091
"_CGCATAAAGACCAGCA-4","Glut-DACH2-1","Ex_DACH2_ADAMTS5",0.3969998397065
"_CGCATAAAGCGTATAA-4","Glut-DACH2-1","Ex_DACH2_LHX2",0.332235415055848
"_CGCATAATCCACTAGA-4","Glut-DACH2-3","Ex_DACH2_SLIT2",0.575788914863921
"_CGCATGGCAATTCACG-4","Glut-DACH2-1","Ex_DACH2_GRIK4",0.389735411484277
"_CGCATGGCATCGCTCT-4","Glut-DACH2-3","Ex_DACH2_SLIT2",0.59965626340836
"_CGCCAGATCACAAGAA-4","Glut-DACH2-3","Ex_DACH2_SLIT2",0.769321221508311
"_CGCCAGATCCCAGCGA-4","Glut-DACH2-3","Ex_DACH2_SLIT2",0.623933112740235
"_CGCCATTAGGGAACAA-4","Glut-DACH2-3","Ex_DACH2_SLIT2",0.353526451765708
"_CGCCATTCAACTCCAA-4","Glut-DACH2-4","Ex_DACH2_ITGA9",0.635592324267449
"_CGCGTGACAACTCCCT-4","Glut-DACH2-4","Ex_DACH2_ITGA9",0.464919601772502
"_CGGAACCGTTGCGTAT-4","Glut-DACH2-4","Ex_DACH2_ITGA9",0.590501508507684
"_CGGAACCTCGCTACGG-4","Glut-DACH2-2","Ex_DACH2_LHX2",0.551655365786543
"_CGGAATTGTCGCACAC-4","Glut-DACH2-4","Ex_DACH2_NR4A3",0.258299901393511
"_CGGAGAACATTCACAG-4","Glut-DACH2-3","Ex_DACH2_SLIT2",0.571562713724854
"_CGGAGAAGTCGACTTA-4","Glut-DACH2-3","Ex_DACH2_SLIT2",0.612406957573678
"_CGGAGAAGTCTTTATC-4","Glut-DACH2-2","Ex_DACH2_ADAMTS5",0.356630566929436
"_CGGAGAAGTGTTCGTA-4","Glut-DACH2-2","Ex_DACH2_LHX2",0.398685050993405
"_CGGCAGTCAAGAGTTA-4","Glut-DACH2-3","Ex_DACH2_SLIT2",0.832624178957298
"_CGGCAGTCAGTGAGCA-4","Glut-DACH2-3","Ex_DACH2_ZMAT4",0.36415278655781
"_CGGGACTAGGCATTTC-4","Glut-DACH2-1","Ex_DACH2_GRIK4",0.372462712346567
"_CGGGACTAGGGTACGT-4","Glut-DACH2-3","Ex_DACH2_SLIT2",0.875317629033388
"_CGGGACTCACCGGTCA-4","Glut-DACH2-3","Ex_DACH2_CEMIP",0.702502553889313
"_CGGGCATCAGACCCGT-4","Glut-DACH2-4","Ex_SATB2_FOXP2",0.261383234188422
"_CGGGCATCATGGGTTT-4","Glut-DACH2-3","Ex_DACH2_ITGA9",0.66811121363148
"_CGGGTCAAGCTACGTT-4","Glut-DACH2-2","Ex_DACH2_ADAMTS5",0.745739339177554
"_CGGGTCACACAGTCGC-4","Glut-DACH2-4","Ex_DACH2_ITGA9",0.598651626819583
"_CGGGTCAGTGACAACG-4","Glut-DACH2-3","Ex_DACH2_SLIT2",0.831904103150287
"_CGGGTCATCCCATGGG-4","Glut-DACH2-1","Ex_DACH2_GRIK4",0.482268481766541
"_CGGGTCATCCCGAATA-4","Glut-DACH2-1","Ex_DACH2_MGAT4C",0.398407074447739
"_CGGGTGTAGCAAACAT-4","Glut-DACH2-4","Ex_SATB2_SOX6",0.32066682774241
"_CGGGTGTGTCTAGGTT-4","Glut-DACH2-1","Ex_DACH2_MGAT4C",0.527701071636869
"_CGGGTGTGTTACCTGA-4","Glut-DACH2-3","Ex_DACH2_SLIT2",0.617069520908133
"_CGGGTGTTCAGACATC-4","Glut-DACH2-1","Ex_DACH2_GRIK4",0.454712473719462
"_CGGTCAGGTTGGAGGT-4","Glut-DACH2-5","Ex_DACH2_ADAMTS5",0.873740524185401
"_CGGTCAGTCGGCAGTC-4","Glut-DACH2-2","Ex_DACH2_LHX2",0.418471584426111
"_CGTAAGTTCGATTGGT-4","Glut-DACH2-4","Ex_DACH2_ZMAT4",0.418034860410351
"_CGTAATGAGGGCCCTT-4","Glut-DACH2-2","Ex_DACH2_MGAT4C",0.526878481398156
"_CGTAATGTCTGTCTCG-4","Glut-DACH2-2","Ex_DACH2_MGAT4C",0.328876016936927
"_CGTAGTAGTGGTCTAT-4","Glut-DACH2-3","Ex_DACH2_SLIT2",0.841126167037866
"_CGTCAAATCAGCTGTA-4","Glut-DACH2-3","Ex_DACH2_SLIT2",0.627522853410002
"_CGTCCATAGAATAGTC-4","Glut-DACH2-4","Ex_DACH2_ITGA9",0.419452826592853
"_CGTCCATAGCTCTGTA-4","Glut-DACH2-1","Ex_DACH2_GRIK4",0.35275792776991
"_CGTCCATAGGAGAGGC-4","Glut-DACH2-2","Ex_DACH2_GRIK4",0.367804661151163
"_CGTCCATGTGAACCGA-4","Glut-DACH2-3","Ex_DACH2_SLIT2",0.89669524162747
"_CGTGAATCAGAGAAAG-4","Glut-DACH2-3","Ex_DACH2_ZMAT4",0.602569376032929
"_CGTGAATTCTGGGTCG-4","Glut-DACH2-4","Ex_DACH2_NR4A3",0.480498693693179
"_CGTGATACAAGGGTCA-4","Glut-DACH2-1","Ex_DACH2_LHX2",0.526357305928744
"_CGTGCTTTCTTTGCTA-4","Glut-DACH2-7","Ex_DACH2_ADAMTS5",0.399210312076612
"_CGTGTCTAGCACCTGC-4","Glut-DACH2-2","Ex_DACH2_MGAT4C",0.371370578574036
"_CGTTCTGCATAATGAG-4","Glut-DACH2-2","Ex_DACH2_MGAT4C",0.520224947670624
"_CGTTCTGTCACCTCGT-4","Glut-DACH2-1","Ex_DACH2_GRIK4",0.52042395610352
"_CGTTGGGGTATAGCTC-4","Glut-DACH2-4","Ex_DACH2_ITGA9",0.415022682194037
"_CGTTGGGTCATTGCGA-4","Glut-DACH2-2","Ex_DACH2_MGAT4C",0.308058782125473
"_CTAACCCTCCGATAAC-4","Glut-DACH2-1","Ex_DACH2_MGAT4C",0.688567930357135
"_CTAACCCTCGCCAGTG-4","Glut-DACH2-4","Ex_DACH2_ADAMTS5",0.398731563876831
"_CTAACTTCATAGCACT-4","Glut-DACH2-2","Ex_DACH2_ADAMTS5",0.282008269416368
"_CTAACTTGTGTGTCCG-4","Glut-DACH2-3","Ex_DACH2_SLIT2",0.679968000144701
"_CTAACTTTCGGTAGGA-4","Glut-DACH2-1","Ex_DACH2_MGAT4C",0.456424493313747
"_CTAAGTGAGAAGCCAC-4","Glut-DACH2-2","Ex_DACH2_LHX2",0.453260295836534
"_CTAAGTGAGGACGCTA-4","Glut-DACH2-2","Ex_DACH2_MGAT4C",0.356988233329327
"_CTAAGTGGTGGATCAG-4","Glut-DACH2-HVCra-Int","Ex_DACH2_MGAT4C",0.296447234520524
"_CTAAGTGGTTCCGCAG-4","Glut-DACH2-1","Ex_DACH2_MGAT4C",0.704451641834402
"_CTAAGTGTCGCAATTG-4","Glut-DACH2-1","Ex_DACH2_GRIK4",0.377340225833951
"_CTACATTAGACGTCGA-4","Glut-DACH2-1","Ex_DACH2_MGAT4C",0.49753554375378
"_CTACATTCACAAGCCC-4","Glut-DACH2-1","Ex_DACH2_MGAT4C",0.488911522409813
"_CTACATTCATAATGCC-4","Glut-DACH2-5","Ex_DACH2_ADAMTS5",0.380704259383592
"_CTACATTGTCAAAGCG-4","Glut-DACH2-5","Ex_DACH2_LHX2",0.619226975318703
"_CTACATTGTTCCCACT-4","Glut-DACH2-1","Ex_DACH2_GRIK4",0.470146694462376
"_CTACCCAAGTTGCGCC-4","Glut-DACH2-2","Ex_DACH2_LHX2",0.399800971176601
"_CTACCCAGTAGCGTCC-4","Glut-DACH2-4","Ex_DACH2_ITGA9",0.537898031837934
"_CTACCTGCAAGTCCCG-4","Glut-DACH2-1","Ex_DACH2_MGAT4C",0.569344047600038
"_CTACCTGGTCGGCACT-4","Glut-DACH2-1","Ex_DACH2_MGAT4C",0.587066046166123
"_CTACCTGTCCGCAAAT-4","Glut-DACH2-5","Ex_DACH2_ADAMTS5",0.389346267639885
"_CTACGGGAGAAGGCTC-4","Glut-DACH2-1","Ex_DACH2_SLIT2",0.415071902861636
"_CTACGGGAGGAGATAG-4","Glut-DACH2-4","Ex_DACH2_ITGA9",0.535599137794223
"_CTAGACAAGACGGAAA-4","Glut-DACH2-3","Ex_DACH2_SLIT2",0.899159320744621
"_CTAGACAGTCACTCTC-4","Glut-DACH2-2","Ex_DACH2_LHX2",0.497127638107414
"_CTAGACATCATCGGGC-4","Glut-DACH2-2","Ex_DACH2_GRIK4",0.364966651822718
"_CTAGGTAAGATTGCGG-4","Glut-DACH2-3","Ex_DACH2_SLIT2",0.518843857759027
"_CTATAGGAGACTCCGC-4","Glut-DACH2-4","Ex_DACH2_ITGA9",0.450155703177756
"_CTATAGGGTTCGAAGG-4","Glut-DACH2-3","Ex_DACH2_SLIT2",0.375211373089229
"_CTATCTAAGTTCGGTT-4","Glut-DACH2-1","Ex_DACH2_GRIK4",0.548209214622227
"_CTATCTAGTCTCAAGT-4","Glut-DACH2-2","Ex_DACH2_MGAT4C",0.428401033541981
"_CTATCTAGTTCAGCTA-4","Glut-DACH2-3","Ex_DACH2_SLIT2",0.813691165088562
"_CTATCTATCTGGGCGT-4","Glut-DACH2-1","Ex_DACH2_NR4A3",0.445428527913894
"_CTCAACCAGGTCGTCC-4","Glut-DACH2-2","Ex_DACH2_MGAT4C",0.302698531830439
"_CTCAACCGTACCGTCG-4","Glut-DACH2-2","Ex_DACH2_ADAMTS5",0.767343256056387
"_CTCAACCGTGACCGTC-4","Glut-DACH2-3","Ex_DACH2_SLIT2",0.865934345681752
"_CTCAAGAAGAAAGCGA-4","Glut-DACH2-2","Ex_DACH2_MGAT4C",0.351340382800824
"_CTCAAGAAGGTAAACT-4","Glut-DACH2-1","Ex_DACH2_MGAT4C",0.415435538058252
"_CTCAAGACAGATACCT-4","Glut-DACH2-5","Ex_DACH2_ADAMTS5",0.847890185892395
"_CTCAAGATCGGCCTTT-4","Glut-DACH2-3","Ex_DACH2_ZMAT4",0.585644917025266
"_CTCAATTAGAGTCTTC-4","Glut-DACH2-3","Ex_DACH2_SLIT2",0.808151857192907
"_CTCAATTAGTTACTCG-4","Glut-DACH2-1","Ex_DACH2_MGAT4C",0.681453385424626
"_CTCAATTCAACATCGT-4","Glut-DACH2-3","Ex_DACH2_ZMAT4",0.524283383190458
"_CTCAGAAAGATGGGCT-4","Glut-DACH2-1","Ex_DACH2_MGAT4C",0.44951170261503
"_CTCAGAAAGCGAGGAG-4","Glut-DACH2-2","Ex_DACH2_ADAMTS5",0.553770220865406
"_CTCAGGGCATGTCAGT-4","Glut-DACH2-1","Ex_DACH2_ADAMTS5",0.319988288657778
"_CTCAGGGTCATTTGGG-4","Glut-DACH2-3","Ex_DACH2_SLIT2",0.908641872904731
"_CTCAGGGTCCTAGCGG-4","Glut-DACH2-3","Ex_DACH2_SLIT2",0.888878104596724
"_CTCAGGGTCTAAGCCA-4","Glut-DACH2-2","Ex_DACH2_MGAT4C",0.490835884856668
"_CTCAGTCGTCTGTAAC-4","Glut-DACH2-2","Ex_DACH2_MGAT4C",0.427670537392925
"_CTCAGTCGTGGTGATG-4","Glut-DACH2-3","Ex_DACH2_SLIT2",0.898171627866221
"_CTCAGTCGTTCGTACA-4","Glut-DACH2-2","Ex_DACH2_ADAMTS5",0.511436125007747
"_CTCAGTCTCGGCTCTT-4","Glut-DACH2-3","Ex_DACH2_SLIT2",0.793665505737736
"_CTCATCGCAGACCGCT-4","Glut-DACH2-5","Ex_DACH2_ADAMTS5",0.661457050635681
"_CTCATCGTCATTGTGG-4","Glut-DACH2-1","Ex_DACH2_LHX2",0.35169149896407
"_CTCATGCCACTGTCGG-4","Glut-DACH2-3","Ex_DACH2_SLIT2",0.887945909844812
"_CTCATTACACGCTGTG-4","Glut-DACH2-3","Ex_DACH2_CEMIP",0.799094173752208
"_CTCATTATCTGTCCGT-4","Glut-DACH2-1","Ex_DACH2_MGAT4C",0.499003186213446
"_CTCCAACAGATGGCGT-4","Glut-DACH2-1","Ex_DACH2_GRIK4",0.513271883876458
"_CTCCAACGTACTAACC-4","Glut-DACH2-5","Ex_DACH2_ADAMTS5",0.563511220317041
"_CTCCAACGTATTTCTC-4","Glut-DACH2-1","Ex_DACH2_MGAT4C",0.487134055366255
"_CTCCAACGTGTGCCTG-4","Glut-DACH2-1","Ex_DACH2_MGAT4C",0.593282770318299
"_CTCCACAAGGGTCTTT-4","Glut-DACH2-3","Ex_DACH2_SLIT2",0.822291793570198
"_CTCCATGAGCAAGTGC-4","Glut-DACH2-2","Ex_DACH2_ADAMTS5",0.458443381312694
"_CTCCCTCAGTGCCGAA-4","Glut-DACH2-2","Ex_DACH2_MGAT4C",0.306549166422181
"_CTCCCTCGTCCCGCAA-4","Glut-DACH2-1","Ex_DACH2_GRIK4",0.61710945455084
"_CTCCCTCTCTGAATCG-4","Glut-DACH2-3","Ex_DACH2_SLIT2",0.960658033852441
"_CTCCGATCAAGACAAT-4","Glut-DACH2-3","Ex_DACH2_SLIT2",0.950495468063455
"_CTCCGATTCATAGAGA-4","Glut-DACH2-4","Ex_DACH2_ITGA9",0.606821962774439
"_CTCCTCCAGTCCTGCG-4","Glut-DACH2-3","Ex_DACH2_SLIT2",0.966302131938265
"_CTCCTCCCATGTCGTA-4","Glut-DACH2-2","Ex_DACH2_ADAMTS5",0.402775377743455
"_CTCCTTTAGACCAACG-4","Glut-DACH2-2","Ex_DACH2_MGAT4C",0.437624407811793
"_CTCCTTTAGTGCTACT-4","Glut-DACH2-2","Ex_DACH2_LHX2",0.431709070613726
"_CTCCTTTCATCGGATT-4","Glut-DACH2-2","Ex_DACH2_LHX2",0.588055620324845
"_CTCCTTTTCGCGATCG-4","Glut-DACH2-1","Ex_DACH2_LHX2",0.48930597657007
"_CTCCTTTTCGCTAATG-4","Glut-DACH2-3","Ex_DACH2_SLIT2",0.967946286375656
"_CTCCTTTTCTAAACGC-4","Glut-DACH2-1","Ex_DACH2_MGAT4C",0.386554801629831
"_CTCTCGACACCAATTG-4","Glut-DACH2-1","Ex_DACH2_GRIK4",0.461196999940372
"_CTGAATGCATGTGCCG-4","Glut-DACH2-3","Ex_DACH2_SLIT2",0.867942095847699
"_CTGAATGGTCCAGCAC-4","Glut-DACH2-1","Ex_DACH2_MGAT4C",0.496068963656405
"_CTGAATGTCGGTTAGT-4","Glut-DACH2-3","Ex_DACH2_SLIT2",0.625809215380619
"_CTGAGCGAGGGTCTTT-4","Glut-DACH2-1","Ex_DACH2_GRIK4",0.622500338361101
"_CTGAGCGGTACTTCCC-4","Glut-DACH2-3","Ex_DACH2_SLIT2",0.453784147760799
"_CTGAGGCAGCTGGTGA-4","Glut-DACH2-1","Ex_DACH2_GRIK4",0.493411529093017
"_CTGAGGCGTCAAAGCG-4","Glut-DACH2-1","Ex_DACH2_MGAT4C",0.408488642541296
"_CTGATCCCAGGTTCCG-4","Glut-DACH2-2","Ex_DACH2_LHX2",0.290607922221344
"_CTGATCCTCGATGGAG-4","Glut-DACH2-4","Ex_DACH2_ITGA9",0.6423209496923
"_CTGATCCTCTGGCCGA-4","Glut-DACH2-1","Ex_DACH2_MGAT4C",0.576244661421803
"_CTGCAGGCATCTTAGG-4","Glut-DACH2-3","Ex_DACH2_CEMIP",0.554204269236391
"_CTGCATCGTAGACGTG-4","Glut-DACH2-1","Ex_DACH2_NR4A3",0.97949946150232
"_CTGCATCGTCCCTGTT-4","Glut-DACH2-1","Ex_DACH2_MGAT4C",0.563036550688247
"_CTGCCATAGTATTAGG-4","Glut-DACH2-2","Ex_DACH2_MGAT4C",0.544900417972054
"_CTGCCATCAGATTAAG-4","Glut-DACH2-3","Ex_DACH2_SLIT2",0.803835449307035
"_CTGCCATGTGTCTTCC-4","Glut-DACH2-1","Ex_DACH2_MGAT4C",0.481358895988562
"_CTGCCATTCGCTCCTA-4","Glut-DACH2-4","Ex_DACH2_ITGA9",0.559828644898593
"_CTGCCTACAGAGGTTG-4","Glut-DACH2-2","Ex_DACH2_MGAT4C",0.524533412348929
"_CTGCCTATCACCATGA-4","Glut-DACH2-3","Ex_DACH2_SLIT2",0.888859495049877
"_CTGCCTATCATAGCAC-4","Glut-DACH2-1","Ex_DACH2_MGAT4C",0.441170478856329
"_CTGCCTATCCCGAAAT-4","Glut-DACH2-3","Ex_DACH2_SLIT2",0.600425413757927
"_CTGCGAGAGGACCCAA-4","Glut-DACH2-3","Ex_DACH2_SLIT2",0.891387723180014
"_CTGCGAGCACCTCGTT-4","Glut-DACH2-3","Ex_DACH2_SLIT2",0.921519157365822
"_CTGCGAGGTAAGGCCA-4","Glut-DACH2-1","Ex_DACH2_MGAT4C",0.553924176045466
"_CTGCGAGGTGTACGCC-4","Glut-DACH2-3","Ex_DACH2_ZMAT4",0.336050114534528
"_CTGCTCACAGGTTCAT-4","Glut-DACH2-3","Ex_DACH2_SLIT2",0.874748309156817
"_CTGGACGAGGCTTAAA-4","Glut-DACH2-4","Ex_DACH2_ITGA9",0.264218656978749
"_CTGGACGTCGAGGCAA-4","Glut-DACH2-4","Ex_DACH2_ITGA9",0.439400138371498
"_CTGGACGTCGTGGCTG-4","Glut-DACH2-1","Ex_DACH2_MGAT4C",0.370186819591626
"_CTGGTCTAGGCGAAGG-4","Glut-DACH2-4","Ex_DACH2_NR4A3",0.86009889163862
"_CTGGTCTGTCTTTATC-4","Glut-DACH2-3","Ex_DACH2_SLIT2",0.861613918142801
"_CTGGTCTTCATGAGTC-4","Glut-DACH2-4","Ex_DACH2_SLIT2",0.245681463844684
"_CTGTACCCAGGAATCG-4","Glut-DACH2-3","Ex_DACH2_SLIT2",0.879376251198076
"_CTGTACCGTGATTAGA-4","Glut-DACH2-1","Ex_DACH2_GRIK4",0.687553414540415
"_CTGTAGACAGATCACT-4","Glut-DACH2-1","Ex_DACH2_MGAT4C",0.405094090007558
"_CTGTAGATCGATCCCT-4","Glut-DACH2-1","Ex_DACH2_LHX2",0.337448213306115
"_CTGTATTCACTGTGAT-4","Glut-DACH2-4","Ex_DACH2_ITGA9",0.296174633321113
"_CTGTATTTCTACGGTA-4","Glut-DACH2-1","Ex_DACH2_MGAT4C",0.302766826821315
"_CTGTCGTAGAGTCAGC-4","Glut-DACH2-4","Ex_SATB2_SOX6",0.396499189346656
"_CTGTCGTAGATAACAC-4","Glut-DACH2-3","Ex_DACH2_NR4A3",0.478294005494025
"_CTGTCGTCACAGAGAC-4","Glut-DACH2-3","Ex_DACH2_ZMAT4",0.402375938580482
"_CTGTCGTCAGGTATGG-4","Glut-DACH2-2","Ex_DACH2_LHX2",0.337072077950208
"_CTGTCGTTCCATTTAC-4","Glut-DACH2-2","Ex_DACH2_ADAMTS5",0.611114235299779
"_CTGTGAACAATCACGT-4","Glut-DACH2-1","Ex_DACH2_MGAT4C",0.548118588955012
"_CTGTGGGAGTTCCAGT-4","Glut-DACH2-3","Ex_DACH2_SLIT2",0.891664429746587
"_CTGTGGGCACAATGAA-4","Glut-DACH2-1","Ex_DACH2_GRIK4",0.561124774285918
"_CTGTGGGCAGTCTTCC-4","Glut-DACH2-3","Ex_DACH2_SLIT2",0.924183593003504
"_CTTACCGCACCCTCTA-4","Glut-DACH2-2","Ex_DACH2_MGAT4C",0.476913071090809
"_CTTAGGACAGAACGCA-4","Glut-DACH2-3","Ex_DACH2_SLIT2",0.83560605114886
"_CTTAGGACATTCTCTA-4","Glut-DACH2-1","Ex_DACH2_MGAT4C",0.363919584352057
"_CTTCAATAGGATACAT-4","Glut-DACH2-3","Ex_DACH2_GRIK4",0.354441068347756
"_CTTCAATTCAGTGTCA-4","Glut-DACH2-3","Ex_DACH2_SLIT2",0.853373419100613
"_CTTCCGAAGGTGCTTT-4","Glut-DACH2-3","Ex_DACH2_CEMIP",0.482982290681223
"_CTTCCGACACGAGAAC-4","Glut-DACH2-1","Ex_DACH2_GRIK4",0.38378003875899
"_CTTCCGACACGCTTAA-4","Glut-DACH2-1","Ex_DACH2_LHX2",0.514551358212249
"_CTTCCGACATCCTCAC-4","Glut-DACH2-4","Ex_DACH2_SLIT2",0.596710916142871
"_CTTCCTTGTTCGAAGG-4","Glut-DACH2-7","Ex_DACH2_MGAT4C",0.498606426462174
"_CTTCCTTGTTGCAAGG-4","Glut-DACH2-1","Ex_DACH2_GRIK4",0.436580808299402
"_CTTCCTTTCAAAGACA-4","Glut-DACH2-3","Ex_DACH2_SLIT2",0.939803990653019
"_CTTCGGTTCAAGCCTA-4","Glut-DACH2-1","Ex_DACH2_GRIK4",0.359553576667771
"_CTTCGGTTCCGTATGA-4","Glut-DACH2-1","Ex_DACH2_LHX2",0.458993118029231
"_CTTCGGTTCTCCCATG-4","Glut-DACH2-4","Ex_DACH2_NR4A3",0.262516252994348
"_CTTCTAACAGATCACT-4","Glut-DACH2-2","Ex_DACH2_MGAT4C",0.361404371965704
"_CTTCTAATCGCCTTTG-4","Glut-DACH2-2","Ex_DACH2_LHX2",0.276988506195661
"_CTTGAGAGTACTAGCT-4","Glut-DACH2-4","Ex_DACH2_ITGA9",0.432190245491239
"_CTTGAGAGTATCACCA-4","Glut-DACH2-4","Ex_DACH2_NR4A3",0.357793460851604
"_CTTGAGATCCTGGTCT-4","Glut-DACH2-2","Ex_DACH2_LHX2",0.444481064217137
"_CTTGAGATCTAAGAAG-4","Glut-DACH2-1","Ex_DACH2_GRIK4",0.406546474082648
"_CTTGATTAGAAGTCCG-4","Glut-DACH2-1","Ex_DACH2_MGAT4C",0.361342311347857
"_CTTGATTAGCATCAGG-4","Glut-DACH2-HVCra-Int","Ex_DACH2_LUZP2",0.240768902303223
"_CTTGATTCACTACTTT-4","Glut-DACH2-3","Ex_DACH2_CEMIP",0.418056024379923
"_CTTTCGGAGCATAGGC-4","Glut-DACH2-2","Ex_DACH2_MGAT4C",0.352233946620765
"_GAAACCTCAGTAGTTC-4","Glut-DACH2-1","Ex_DACH2_MGAT4C",0.455883219598106
"_GAAACCTCATCGCCTT-4","Glut-DACH2-3","Ex_DACH2_SLIT2",0.800634283524258
"_GAAACCTCATGGCTGC-4","Glut-DACH2-3","Ex_DACH2_SLIT2",0.591670759044099
"_GAAACCTGTTGTTGTG-4","Glut-DACH2-4","Ex_DACH2_ITGA9",0.284425714151478
"_GAAACCTTCAAACTGC-4","Glut-DACH2-3","Ex_DACH2_SLIT2",0.83611654777653
"_GAAATGAAGATGCGAC-4","Glut-DACH2-1","Ex_DACH2_GRIK4",0.374617722892646
"_GAAATGAAGCTAGTTC-4","Glut-DACH2-3","Ex_DACH2_ITGA9",0.293439368807856
"_GAAATGAGTCAGGTGA-4","Glut-DACH2-2","Ex_DACH2_ADAMTS5",0.583167781327525
"_GAACACTAGGATTTGA-4","Glut-DACH2-3","Ex_DACH2_SLIT2",0.848081044794351
"_GAACACTAGGTCATTC-4","Glut-DACH2-3","Ex_DACH2_SLIT2",0.959920664331075
"_GAACGTTTCAATCGGT-4","Glut-DACH2-1","Ex_DACH2_MGAT4C",0.322990495449642
"_GAACGTTTCTGTACAG-4","Glut-DACH2-4","Ex_DACH2_ITGA9",0.358797867996749
"_GAACGTTTCTTTCGAT-4","Glut-DACH2-2","Ex_DACH2_ADAMTS5",0.355211092716627
"_GAACTGTAGAGCAGAA-4","Glut-DACH2-4","Ex_DACH2_ITGA9",0.599321587085935
"_GAACTGTGTGCCTGCA-4","Glut-DACH2-2","Ex_DACH2_ADAMTS5",0.608763823965559
"_GAAGCGAAGCGCCCAT-4","Glut-DACH2-3","Ex_DACH2_SLIT2",0.790882088891464
"_GAAGCGACAAGTACCT-4","Glut-DACH2-3","Ex_DACH2_SLIT2",0.690863812740507
"_GAAGGGTAGCACCGTC-4","Glut-DACH2-HVCra-Int","Ex_DACH2_ADAMTS5",0.321307568389438
"_GAAGGGTAGGTTCATC-4","Glut-DACH2-3","Ex_DACH2_SLIT2",0.636256360483325
"_GAAGGGTTCACTACTT-4","Glut-DACH2-1","Ex_DACH2_MGAT4C",0.490918053008147
"_GAAGGGTTCGGAGCAA-4","Glut-DACH2-3","Ex_DACH2_NR4A3",0.485908900247132
"_GAAGTAAAGCTGTCCG-4","Glut-DACH2-1","Ex_DACH2_MGAT4C",0.413347052215071
"_GAAGTAACAAGGGTCA-4","Glut-DACH2-3","Ex_DACH2_SLIT2",0.626458135603186
"_GAAGTAATCTCAGTCC-4","Glut-DACH2-3","Ex_DACH2_SLIT2",0.952391088053727
"_GAATAGAGTATCGTTG-4","Glut-DACH2-1","Ex_DACH2_MGAT4C",0.568636641732861
"_GAATCACGTATCGTAC-4","Glut-DACH2-3","Ex_DACH2_SLIT2",0.969392293313607
"_GAATCACGTGGTGATG-4","Glut-DACH2-1","Ex_DACH2_MGAT4C",0.473096828383795
"_GAATCACTCCACGGAC-4","Glut-DACH2-1","Ex_DACH2_GRIK4",0.397923113086742
"_GACATCATCTGATTCT-4","Glut-DACH2-1","Ex_DACH2_MGAT4C",0.467385616680663
"_GACATCATCTGCGAGC-4","Glut-DACH2-3","Ex_DACH2_SLIT2",0.679340335946497
"_GACCAATAGAATACAC-4","Glut-DACH2-1","Ex_DACH2_MGAT4C",0.417655686153337
"_GACCAATAGTACCATC-4","Glut-DACH2-1","Ex_DACH2_MGAT4C",0.37289411599289
"_GACCAATCAACCCTCT-4","Glut-DACH2-3","Ex_DACH2_SLIT2",0.8970610128798
"_GACCAATGTACTCGCG-4","Glut-DACH2-3","Ex_DACH2_SLIT2",0.940563376315547
"_GACCAATTCTACCTTA-4","Glut-DACH2-2","Ex_DACH2_GRIK4",0.293684909631793
"_GACCCAGGTATGGAAT-4","Glut-DACH2-3","Ex_DACH2_SLIT2",0.869882013341441
"_GACCCTTAGTGCAACG-4","Glut-DACH2-3","Ex_DACH2_SLIT2",0.861272676008149
"_GACCCTTAGTTGCCTA-4","Glut-DACH2-1","Ex_DACH2_MGAT4C",0.492429519773479
"_GACCCTTCAACCGTGC-4","Glut-DACH2-2","Ex_DACH2_ADAMTS5",0.44178466314902
"_GACCCTTCACGATAGG-4","Glut-DACH2-3","Ex_DACH2_SLIT2",0.880939209425232
"_GACCCTTCAGAACTCT-4","Glut-DACH2-5","Ex_DACH2_ADAMTS5",0.596933692661087
"_GACCCTTGTGGTTTGT-4","Glut-DACH2-5","Ex_DACH2_LHX2",0.372358612823761
"_GACCGTGCAGCACAAG-4","Glut-DACH2-2","Ex_DACH2_LHX2",0.61695009885389
"_GACCGTGGTAGCGTCC-4","Glut-DACH2-1","Ex_DACH2_NR4A3",0.630727022143659
"_GACGTTACACTTCCTG-4","Glut-DACH2-1","Ex_DACH2_MGAT4C",0.391974094864052
"_GACGTTAGTGATGAAT-4","Glut-DACH2-2","Ex_DACH2_ADAMTS5",0.311177006071537
"_GACGTTAGTGCCTTCT-4","Glut-DACH2-3","Ex_DACH2_ZMAT4",0.436259313660382
"_GACTATGAGCGAGAAA-4","Glut-DACH2-1","Ex_DACH2_NR4A3",0.46478839708961
"_GACTCAACAAACTGCT-4","Glut-DACH2-3","Ex_DACH2_SLIT2",0.859030752409621
"_GACTCTCCAGAGTCAG-4","Glut-DACH2-1","Ex_DACH2_MGAT4C",0.541896018623635
"_GACTCTCGTGCACAAG-4","Glut-DACH2-4","Ex_DACH2_ITGA9",0.497638425805144
"_GACTGATAGAAGCCTG-4","Glut-DACH2-2","Ex_DACH2_MGAT4C",0.335326127281693
"_GACTGATAGTCCTACA-4","Glut-DACH2-5","Ex_DACH2_ADAMTS5",0.77302182922269
"_GACTGATGTGCTTATG-4","Glut-DACH2-2","Ex_DACH2_LHX2",0.358017163041336
"_GACTGATGTGGCTCTG-4","Glut-DACH2-3","Ex_DACH2_ZMAT4",0.439633596203733
"_GACTTCCAGTACCCTA-4","Glut-DACH2-2","Ex_DACH2_MGAT4C",0.360900348291948
"_GACTTCCTCTTGGCTC-4","Glut-DACH2-3","Ex_DACH2_SLIT2",0.916137907437305
"_GAGACCCCAACAACAA-4","Glut-DACH2-4","Ex_DACH2_ITGA9",0.560504563465326
"_GAGACCCCACTGAATC-4","Glut-DACH2-1","Ex_DACH2_ADAMTS5",0.308923960985947
"_GAGACCCTCTCTGCCA-4","Glut-DACH2-1","Ex_DACH2_NR4A3",0.963997345340076
"_GAGACTTAGAACAAGG-4","Glut-DACH2-3","Ex_DACH2_SLIT2",0.847377410992438
"_GAGAGGTCAAACGTGG-4","Glut-DACH2-3","Ex_DACH2_SLIT2",0.924174824389507
"_GAGAGGTCATCTTTCA-4","Glut-DACH2-3","Ex_DACH2_SLIT2",0.680540227800874
"_GAGATGGAGGCAGCTA-4","Glut-DACH2-1","Ex_DACH2_MGAT4C",0.422229277119295
"_GAGATGGCAGGCCTGT-4","Glut-DACH2-1","Ex_DACH2_MGAT4C",0.579219328552413
"_GAGATGGTCTAGTCAG-4","Glut-DACH2-3","Ex_DACH2_SLIT2",0.468853535919183
"_GAGCCTGAGTCGCGAA-4","Glut-DACH2-2","Ex_DACH2_MGAT4C",0.393518293901694
"_GAGCTGCGTGACAGGT-4","Glut-DACH2-3","Ex_DACH2_SLIT2",0.860234951426974
"_GAGCTGCTCTGGTGGC-4","Glut-DACH2-5","Ex_DACH2_ADAMTS5",0.645494280738557
"_GAGGCAACAACCAGAG-4","Glut-DACH2-2","Ex_DACH2_LHX2",0.429972943732395
"_GAGGCAACACGTACTA-4","Glut-DACH2-5","Ex_DACH2_ADAMTS5",0.496709604112044
"_GAGGCCTGTAAGATTG-4","Glut-DACH2-5","Ex_DACH2_ADAMTS5",0.773400136540239
"_GAGGCCTGTATCGGTT-4","Glut-DACH2-3","Ex_DACH2_SLIT2",0.931033994182755
"_GAGGGATTCCGTCAAA-4","Glut-DACH2-1","Ex_DACH2_MGAT4C",0.355161171537382
"_GAGGGTAAGACCTTTG-4","Glut-DACH2-3","Ex_DACH2_SLIT2",0.913402431247827
"_GAGGGTAAGTTGGCTT-4","Glut-DACH2-3","Ex_DACH2_GRIK4",0.305264157631122
"_GAGGGTACACACCTGG-4","Glut-DACH2-1","Ex_DACH2_MGAT4C",0.474085966259458
"_GAGGGTAGTGACTATC-4","Glut-DACH2-4","Ex_DACH2_ITGA9",0.535182400356636
"_GAGGGTATCTCCGTGT-4","Glut-DACH2-3","Ex_DACH2_SLIT2",0.927087293452714
"_GAGTCATCAAGCCCAC-4","Glut-DACH2-2","Ex_DACH2_ADAMTS5",0.566596534647204
"_GAGTCTAGTCTTGAAC-4","Glut-DACH2-3","Ex_DACH2_SLIT2",0.674317801150579
"_GAGTCTATCCGTGACG-4","Glut-DACH2-3","Ex_DACH2_SLIT2",0.633760834088289
"_GAGTCTATCGCAATGT-4","Glut-DACH2-1","Ex_DACH2_ADAMTS5",0.427990073416081
"_GAGTGAGAGCGGTATG-4","Glut-DACH2-1","Ex_DACH2_NR4A3",0.712139281469986
"_GAGTGAGGTACAGAAT-4","Glut-DACH2-3","Ex_DACH2_SLIT2",0.71870817057718
"_GAGTGAGGTCCAGCAC-4","Glut-DACH2-2","Ex_DACH2_LHX2",0.536441894947442
"_GAGTGTTAGATAGTCA-4","Glut-DACH2-3","Ex_DACH2_SLIT2",0.90033342782763
"_GAGTGTTCAGGTGACA-4","Glut-DACH2-2","Ex_DACH2_LHX2",0.482077734232474
"_GAGTGTTCATGACACT-4","Glut-DACH2-2","Ex_DACH2_MGAT4C",0.494676600728652
"_GAGTGTTGTGACGTCC-4","Glut-DACH2-3","Ex_DACH2_SLIT2",0.66272670334781
"_GAGTGTTGTTGTGTAC-4","Glut-DACH2-1","Ex_DACH2_MGAT4C",0.514474544422537
"_GAGTGTTGTTTACCAG-4","Glut-DACH2-2","Ex_DACH2_LHX2",0.460531478132502
"_GAGTGTTTCGAGTGAG-4","Glut-DACH2-1","Ex_DACH2_MGAT4C",0.345423210181246
"_GAGTTACAGTTGGCGA-4","Glut-DACH2-1","Ex_DACH2_LHX2",0.407655415873532
"_GAGTTTGCAGGCACTC-4","Glut-DACH2-5","Ex_DACH2_ADAMTS5",0.567246732317995
"_GAGTTTGTCAAGGACG-4","Glut-DACH2-1","Ex_DACH2_GRIK4",0.417316203908434
"_GATAGAAGTGAGATAT-4","Glut-DACH2-2","Ex_DACH2_LHX2",0.637936268445705
"_GATAGAATCATGTCAG-4","Glut-DACH2-1","Ex_DACH2_NR4A3",0.826234713051586
"_GATAGCTAGTACTGGG-4","Glut-DACH2-2","Ex_DACH2_MGAT4C",0.45129885431818
"_GATCACAGTGAATATG-4","Glut-DACH2-1","Ex_DACH2_ADAMTS5",0.405858614631017
"_GATCAGTCAGGCCCTA-4","Glut-DACH2-1","Ex_DACH2_NR4A3",0.721477307323823
"_GATCAGTTCGGCTATA-4","Glut-DACH2-1","Ex_DACH2_MGAT4C",0.634432877132941
"_GATCATGGTCCAATCA-4","Glut-DACH2-1","Ex_DACH2_GRIK4",0.510156212120955
"_GATCATGTCAACCTTT-4","Glut-DACH2-1","Ex_DACH2_MGAT4C",0.441839780838077
"_GATCCCTCATTAAAGG-4","Glut-DACH2-4","Ex_DACH2_ITGA9",0.491791070724737
"_GATCGTAAGGTGGTTG-4","Glut-DACH2-5","Ex_DACH2_ADAMTS5",0.738681826538869
"_GATCGTACAACCCTAA-4","Glut-DACH2-2","Ex_DACH2_ADAMTS5",0.291715339995103
"_GATCGTAGTGATACTC-4","Glut-DACH2-1","Ex_DACH2_MGAT4C",0.365808460772879
"_GATGACTAGTCTGCGC-4","Glut-DACH2-3","Ex_DACH2_SLIT2",0.387004280835321
"_GATGACTCATCAGTCA-4","Glut-DACH2-3","Ex_DACH2_ZMAT4",0.377501718583214
"_GATGAGGGTCCAGTTA-4","Glut-DACH2-3","Ex_DACH2_SLIT2",0.919098287801409
"_GATGATCGTATTCCTT-4","Glut-DACH2-3","Ex_DACH2_SLIT2",0.700477489348512
"_GATGATCGTCGATTCA-4","Glut-DACH2-2","Ex_DACH2_LHX2",0.324291798224718
"_GATGCTACACCATAAC-4","Glut-DACH2-3","Ex_DACH2_SLIT2",0.856368136288838
"_GATGCTAGTATGGTTC-4","Glut-DACH2-2","Ex_DACH2_LHX2",0.263308441324613
"_GATGTTGAGTACGAGC-4","Glut-DACH2-3","Ex_DACH2_SLIT2",0.972466954072885
"_GATTCGAAGAAAGTCT-4","Glut-DACH2-1","Ex_DACH2_ADAMTS5",0.647027575003344
"_GATTCTTGTTCCGCTT-4","Glut-DACH2-3","Ex_DACH2_NR4A3",0.521186218136725
"_GATTGGTCAAAGGTTA-4","Glut-DACH2-1","Ex_DACH2_NR4A3",0.866623634987434
"_GATTGGTCAGCTTCCT-4","Glut-DACH2-3","Ex_DACH2_SLIT2",0.888933339875293
"_GATTGGTCATCCGATA-4","Glut-DACH2-2","Ex_DACH2_ADAMTS5",0.385412363761647
"_GATTGGTGTCACGTGC-4","Glut-DACH2-3","Ex_DACH2_SLIT2",0.984699995067262
"_GATTGGTTCCGAAGGA-4","Glut-DACH2-2","Ex_DACH2_LHX2",0.664810391277643
"_GATTTCTAGTTGGGAC-4","Glut-DACH2-3","Ex_DACH2_SLIT2",0.416425890809068
"_GATTTCTCAAAGCACG-4","Glut-DACH2-1","Ex_DACH2_MGAT4C",0.478266241961582
"_GATTTCTCAATTGCGT-4","Glut-DACH2-2","Ex_DACH2_MGAT4C",0.429345869043526
"_GATTTCTTCGTCCATC-4","Glut-DACH2-1","Ex_DACH2_ADAMTS5",0.333539844861684
"_GCAACATAGGTTGCCC-4","Glut-DACH2-3","Ex_DACH2_ZMAT4",0.786829411611726
"_GCAACCGAGAGGACTC-4","Glut-DACH2-1","Ex_DACH2_NR4A3",0.907352489618968
"_GCAACCGCAGTCGGAA-4","Glut-DACH2-3","Ex_DACH2_SLIT2",0.936872358595914
"_GCACATAAGATAACAC-4","Glut-DACH2-3","Ex_DACH2_SLIT2",0.933533967679284
"_GCACATAAGCGTATAA-4","Glut-DACH2-1","Ex_DACH2_MGAT4C",0.537789351733233
"_GCACATATCAACTACG-4","Glut-DACH2-3","Ex_DACH2_SLIT2",0.592480548996912
"_GCACGGTAGCGCTGAA-4","Glut-DACH2-3","Ex_DACH2_SLIT2",0.923996132441221
"_GCACGGTAGGTTGAGC-4","Glut-DACH2-3","Ex_DACH2_ZMAT4",0.486089640734237
"_GCACGGTCAGACCTGC-4","Glut-DACH2-3","Ex_DACH2_ZMAT4",0.551092390746469
"_GCACGGTGTTGTACGT-4","Glut-DACH2-1","Ex_DACH2_MGAT4C",0.348108105142189
"_GCACGGTTCAAAGGTA-4","Glut-DACH2-1","Ex_DACH2_MGAT4C",0.410164419772755
"_GCACGGTTCAGTCACA-4","Glut-DACH2-5","Ex_DACH2_LHX2",0.52069287797795
"_GCACGGTTCATGTCTT-4","Glut-DACH2-4","Ex_DACH2_ITGA9",0.541728882005461
"_GCACGGTTCTACCTTA-4","Glut-DACH2-3","Ex_DACH2_ZMAT4",0.899163501470938
"_GCACGTGGTTACGATC-4","Glut-DACH2-3","Ex_DACH2_SLIT2",0.614205847616349
"_GCACGTGTCCGATAAC-4","Glut-DACH2-3","Ex_DACH2_SLIT2",0.690790853580567
"_GCACGTGTCCTACTGC-4","Glut-DACH2-3","Ex_DACH2_ZMAT4",0.353560719810319
"_GCACTAAGTCGTCATA-4","Glut-DACH2-5","Ex_DACH2_MGAT4C",0.634935918861655
"_GCAGCCACAAGGGTCA-4","Glut-DACH2-1","Ex_DACH2_MGAT4C",0.482732540483569
"_GCAGCCACATTATGCG-4","Glut-DACH2-2","Ex_DACH2_MGAT4C",0.340324263784414
"_GCAGCCAGTTTACCTT-4","Glut-DACH2-3","Ex_DACH2_SLIT2",0.913002847561592
"_GCAGCCATCGTTCGCT-4","Glut-DACH2-4","Ex_DACH2_ITGA9",0.445737449967122
"_GCAGCTGGTGTACAGG-4","Glut-DACH2-3","Ex_DACH2_SLIT2",0.956306672072454
"_GCAGCTGTCAAGTCTG-4","Glut-DACH2-5","Ex_DACH2_ADAMTS5",0.868555202311539
"_GCAGGCTCAGCCGTTG-4","Glut-DACH2-1","Ex_DACH2_MGAT4C",0.526277839657639
"_GCAGGCTGTAGAGTTA-4","Glut-DACH2-1","Ex_DACH2_MGAT4C",0.342021713395766
"_GCAGGCTGTGACACGA-4","Glut-DACH2-3","Ex_DACH2_SLIT2",0.430582131087019
"_GCAGTTACAGTGGGTA-4","Glut-DACH2-4","Ex_DACH2_ADAMTS5",0.247771734058305
"_GCAGTTAGTCGTGGAA-4","Glut-DACH2-1","Ex_DACH2_MGAT4C",0.485927230615574
"_GCAGTTATCACGAGGA-4","Glut-DACH2-4","Ex_DACH2_ITGA9",0.566914762711799
"_GCAGTTATCCCACAGG-4","Glut-DACH2-1","Ex_DACH2_MGAT4C",0.368712267012998
"_GCATCGGCAGCAGTCC-4","Glut-SATB2-1","Ex_SATB2_SOX6",0.77329328260654
"_GCATCGGCATGGACAG-4","Glut-DACH2-2","Ex_DACH2_ADAMTS5",0.434323480771055
"_GCATCGGGTTCCACAA-4","Glut-DACH2-HVCra-Int","Ex_DACH2_GRIK4",0.362409917145876
"_GCATCGGTCCACTTCG-4","Glut-DACH2-3","Ex_DACH2_ZMAT4",0.869411716968664
"_GCATCTCTCTTGCGCT-4","Glut-DACH2-1","Ex_DACH2_SLIT2",0.568729489751852
"_GCATGATCAAGAGTGC-4","Glut-DACH2-3","Ex_DACH2_SLIT2",0.935684436135575
"_GCATGATCAATTCGTG-4","Glut-DACH2-3","Ex_DACH2_SLIT2",0.902582434881275
"_GCATGATCACAAACGG-4","Glut-DACH2-2","Ex_DACH2_MGAT4C",0.280978364371583
"_GCATTAGCATCTGGGC-4","Glut-DACH2-2","Ex_DACH2_LHX2",0.342598253110494
"_GCCAGCAGTAAGCGGT-4","Glut-DACH2-2","Ex_DACH2_MGAT4C",0.329689606918396
"_GCCAGCAGTCAAATCC-4","Glut-DACH2-2","Ex_DACH2_GRIK4",0.304180619958471
"_GCCAGCATCCGGTTCT-4","Glut-DACH2-1","Ex_DACH2_GRIK4",0.521140943893798
"_GCCAGGTAGCCAGACA-4","Glut-DACH2-2","Ex_DACH2_MGAT4C",0.402573581377544
"_GCCAGGTCAGAGGTTG-4","Glut-DACH2-3","Ex_DACH2_SLIT2",0.94999975166276
"_GCCAGGTCAGCGTATT-4","Glut-DACH2-3","Ex_DACH2_SLIT2",0.798110223892327
"_GCCAGGTCATGACGAG-4","Glut-DACH2-3","Ex_DACH2_SLIT2",0.664481748168979
"_GCCAGGTCATGGCCAC-4","Glut-DACH2-3","Ex_DACH2_SLIT2",0.79138770469423
"_GCCAGGTGTCAGTTTG-4","Glut-DACH2-1","Ex_DACH2_MGAT4C",0.562281781571864
"_GCCAGGTTCACGACTA-4","Glut-DACH2-4","Ex_DACH2_ITGA9",0.396806758478943
"_GCCAGTGGTTCGGTCG-4","Glut-DACH2-2","Ex_DACH2_LHX2",0.51617242434466
"_GCCATGGGTAGGTCAG-4","Glut-DACH2-3","Ex_DACH2_SLIT2",0.470678183161547
"_GCCATGGGTGATGTAA-4","Glut-DACH2-1","Ex_DACH2_LHX2",0.581189011877957
"_GCCATGGTCCAGCAAT-4","Glut-DACH2-4","Ex_DACH2_ITGA9",0.48052859283946
"_GCCATGGTCCCTCGTA-4","Glut-DACH2-5","Ex_DACH2_ADAMTS5",0.44526955625369
"_GCCATTCCAAATTAGG-4","Glut-DACH2-3","Ex_DACH2_SLIT2",0.674965193940645
"_GCCCAGAAGTAAACGT-4","Glut-DACH2-2","Ex_DACH2_MGAT4C",0.368807345670888
"_GCCCAGATCTGTCAGA-4","Glut-DACH2-4","Ex_DACH2_ITGA9",0.300240142586389
"_GCCCGAAAGCGTCTGC-4","Glut-DACH2-1","Ex_DACH2_NR4A3",0.90307732770048
"_GCCCGAAAGCTTTGTG-4","Glut-DACH2-3","Ex_DACH2_SLIT2",0.832965780994125
"_GCCCGAACACCGTGGT-4","Glut-DACH2-2","Ex_DACH2_ADAMTS5",0.277076300668511
"_GCCCGAACACTATCCC-4","Glut-DACH2-3","Ex_DACH2_SLIT2",0.849938864297913
"_GCCCGAATCAAAGGAT-4","Glut-DACH2-1","Ex_DACH2_MGAT4C",0.547083496757246
"_GCCCGAATCCCTGGTT-4","Glut-DACH2-4","Ex_DACH2_ITGA9",0.264261193537006
"_GCCGTGACACTGGCGT-4","Glut-DACH2-3","Ex_DACH2_SLIT2",0.381895415800573
"_GCCGTGAGTGTACGCC-4","Glut-DACH2-3","Ex_DACH2_SLIT2",0.502250397538847
"_GCCGTGATCAGCTCTC-4","Glut-DACH2-3","Ex_DACH2_SLIT2",0.933641374081463
"_GCCGTGATCCCGATCT-4","Glut-DACH2-3","Ex_DACH2_SLIT2",0.82174064134339
"_GCCGTGATCTGGTCAA-4","Glut-DACH2-3","Ex_DACH2_SLIT2",0.815026572534925
"_GCGAGAAAGCGTGTCC-4","Glut-DACH2-1","Ex_DACH2_ADAMTS5",0.42793124968591
"_GCGAGAAAGGCCTGCT-4","Glut-DACH2-5","Ex_DACH2_ADAMTS5",0.700224865563851
"_GCGAGAACAACCGGAA-4","Glut-DACH2-2","Ex_DACH2_GRIK4",0.318929321477411
"_GCGAGAACACAAAGCG-4","Glut-DACH2-1","Ex_DACH2_MGAT4C",0.426835397825886
"_GCGAGAACAGTGTACT-4","Glut-DACH2-2","Ex_DACH2_NR4A3",0.286663912364041
"_GCGAGAACATAATGCC-4","Glut-DACH2-3","Ex_DACH2_ZMAT4",0.544886460524746
"_GCGAGAATCATAAGGA-4","Glut-DACH2-4","Ex_DACH2_ITGA9",0.457159119387082
"_GCGAGAATCGGCTCTT-4","Glut-DACH2-2","Ex_DACH2_ADAMTS5",0.433797932133225
"_GCGATCGTCCATCTAT-4","Glut-DACH2-1","Ex_DACH2_MGAT4C",0.523096694347547
"_GCGATCGTCGGACCAC-4","Glut-DACH2-3","Ex_DACH2_CEMIP",0.41420052214901
"_GCGGAAAAGGTTCATC-4","Glut-DACH2-5","Ex_DACH2_ADAMTS5",0.934192025746006
"_GCGGAAAAGTGTTCCA-4","Glut-DACH2-2","Ex_DACH2_LHX2",0.320979012646022
"_GCGGAAAGTATACCTG-4","Glut-DACH2-7","Ex_DACH2_ADAMTS5",0.420039345465426
"_GCGGAAATCTCCGAGG-4","Glut-DACH2-2","Ex_DACH2_ADAMTS5",0.332352996684882
"_GCGGATCGTCATCCCT-4","Glut-DACH2-1","Ex_DACH2_GRIK4",0.451855126231641
"_GCGTGCAAGTGCCAGA-4","Glut-DACH2-2","Ex_DACH2_LHX2",0.647840798037102
"_GCGTGCAGTCGATTAC-4","Glut-DACH2-3","Ex_DACH2_SLIT2",0.667095576622619
"_GCGTTTCAGCCGAATG-4","Glut-DACH2-3","Ex_DACH2_SLIT2",0.970543305009963
"_GCGTTTCAGGCGCTTC-4","Glut-DACH2-1","Ex_DACH2_GRIK4",0.469604557473397
"_GCGTTTCGTCTTACAG-4","Glut-DACH2-3","Ex_DACH2_SLIT2",0.851779756190648
"_GCTACAAAGGGAGGCA-4","Glut-DACH2-1","Ex_DACH2_MGAT4C",0.448809806182763
"_GCTACAATCCTGGCTT-4","Glut-DACH2-2","Ex_DACH2_ADAMTS5",0.726746425636682
"_GCTACCTCAAGTTTGC-4","Glut-DACH2-2","Ex_DACH2_ADAMTS5",0.681049845053296
"_GCTACCTCATGCAGGA-4","Glut-DACH2-2","Ex_DACH2_LHX2",0.464097212843772
"_GCTACCTGTATCCCAA-4","Glut-DACH2-2","Ex_DACH2_GRIK4",0.473750067886727
"_GCTCAAAAGCTCGCAC-4","Glut-DACH2-1","Ex_DACH2_NR4A3",0.791398509198504
"_GCTCAAAGTGGCAGAT-4","Glut-DACH2-2","Ex_DACH2_ADAMTS5",0.621399978279469
"_GCTCAAAGTTGCGAAG-4","Glut-DACH2-3","Ex_DACH2_SLIT2",0.887467521264969
"_GCTGAATCATCCGTTC-4","Glut-DACH2-1","Ex_DACH2_MGAT4C",0.337403542725551
"_GCTGAATGTCCTCCAT-4","Glut-DACH2-3","Ex_DACH2_SLIT2",0.788858156130828
"_GCTGGGTAGTAGTCTC-4","Glut-DACH2-3","Ex_DACH2_NR4A3",0.510763339477041
"_GCTGGGTCAGCAGATG-4","Glut-DACH2-1","Ex_DACH2_MGAT4C",0.561014086646668
"_GCTGGGTGTTAGGACG-4","Glut-DACH2-4","Ex_DACH2_ITGA9",0.645944213307674
"_GCTTCACAGTTGCGCC-4","Glut-DACH2-3","Ex_DACH2_SLIT2",0.944580083654224
"_GCTTCACTCAGGGATG-4","Glut-DACH2-3","Ex_DACH2_SLIT2",0.841404250687822
"_GCTTCACTCTAGCAAC-4","Glut-DACH2-3","Ex_DACH2_MGAT4C",0.304116780421452
"_GCTTGGGCAGGTGTGA-4","Glut-DACH2-1","Ex_DACH2_ADAMTS5",0.391372983146549
"_GCTTGGGCATCGCTAA-4","Glut-DACH2-3","Ex_DACH2_SLIT2",0.872907251713755
"_GCTTGGGGTGAGCCAA-4","Glut-DACH2-2","Ex_DACH2_MGAT4C",0.340875696423278
"_GCTTTCGAGAGTCCGA-4","Glut-DACH2-1","Ex_DACH2_MGAT4C",0.415712696974793
"_GCTTTCGAGCAATTCC-4","Glut-DACH2-2","Ex_DACH2_MGAT4C",0.337303035702363
"_GGAACCCAGTGTCATC-4","Glut-DACH2-2","Ex_DACH2_LHX2",0.513293860611135
"_GGAACCCCACAGTGTT-4","Glut-DACH2-3","Ex_DACH2_SLIT2",0.907053753062062
"_GGAACCCCAGGGATAC-4","Glut-DACH2-4","Ex_DACH2_ITGA9",0.38403864038505
"_GGAACCCGTACTTGTG-4","Glut-DACH2-3","Ex_DACH2_SLIT2",0.859462225205139
"_GGAACCCTCCGTCCTA-4","Glut-DACH2-1","Ex_DACH2_MGAT4C",0.574465325004415
"_GGAAGTGAGTGCAAAT-4","Glut-DACH2-3","Ex_DACH2_SLIT2",0.722392726113218
"_GGAATCTAGGTTGGAC-4","Glut-DACH2-1","Ex_DACH2_LHX2",0.324919481610451
"_GGAATCTTCGCCTAGG-4","Glut-DACH2-3","Ex_DACH2_SLIT2",0.913433539010599
"_GGACGTCAGGTAGTCG-4","Glut-DACH2-1","Ex_DACH2_MGAT4C",0.468295392113278
"_GGAGAACGTCTCGGGT-4","Glut-DACH2-1","Ex_DACH2_MGAT4C",0.555943551089846
"_GGAGCAAGTTACCTTT-4","Glut-DACH2-3","Ex_DACH2_ADAMTS5",0.213131817412632
"_GGAGCAATCCCGGTAG-4","Glut-DACH2-1","Ex_DACH2_MGAT4C",0.676807934002676
"_GGAGGATCAACTTGGT-4","Glut-DACH2-1","Ex_DACH2_MGAT4C",0.382413223901954
"_GGAGGATCAAGTTGGG-4","Glut-DACH2-1","Ex_DACH2_MGAT4C",0.660332231505067
"_GGAGGATCAAGTTTGC-4","Glut-DACH2-2","Ex_DACH2_LHX2",0.569556433449833
"_GGAGGATGTTAGTTCG-4","Glut-DACH2-3","Ex_DACH2_SLIT2",0.953028010545606
"_GGAGGTAAGACAAGCC-4","Glut-DACH2-HVCra-Int","Ex_DACH2_MGAT4C",0.416651848026341
"_GGAGGTACACTAGAGG-4","Glut-DACH2-2","Ex_DACH2_MGAT4C",0.425771616400043
"_GGATCTAAGTCATGGG-4","Glut-DACH2-1","Ex_DACH2_SLIT2",0.302244140737936
"_GGATCTAAGTCCTGCG-4","Glut-DACH2-HVCra-Int","Ex_DACH2_MGAT4C",0.335561314756768
"_GGATCTACAACCGTGC-4","Glut-DACH2-3","Ex_DACH2_CEMIP",0.35248915544856
"_GGATCTACACTAACGT-4","Glut-DACH2-1","Ex_DACH2_MGAT4C",0.560131869309314
"_GGATGTTGTCAAACGG-4","Glut-DACH2-3","Ex_DACH2_ITGA9",0.466691151830448
"_GGCACGTAGAGAGAAC-4","Glut-DACH2-1","Ex_DACH2_SLIT2",0.418945530134579
"_GGCACGTTCGTTCCTG-4","Glut-DACH2-3","Ex_DACH2_SLIT2",0.659769171832741
"_GGCAGTCGTGCCTATA-4","Glut-DACH2-7","Ex_DACH2_NR4A3",0.260948750844027
"_GGCGTCAAGTTGGCTT-4","Glut-DACH2-1","Ex_DACH2_MGAT4C",0.409601189549969
"_GGCGTCACAACGATTC-4","Glut-DACH2-1","Ex_DACH2_MGAT4C",0.45659351164655
"_GGCTGTGAGTCGGGAT-4","Glut-DACH2-1","Ex_DACH2_GRIK4",0.354879864622165
"_GGCTGTGCATTGTGCA-4","Glut-DACH2-1","Ex_DACH2_MGAT4C",0.425714645287755
"_GGCTGTGGTATGAGAT-4","Glut-DACH2-2","Ex_DACH2_ADAMTS5",0.660232837785455
"_GGCTGTGGTTGGGTAG-4","Glut-DACH2-2","Ex_DACH2_MGAT4C",0.330325376822052
"_GGCTGTGTCAAGTCGT-4","Glut-DACH2-1","Ex_DACH2_LHX2",0.362411227252192
"_GGCTGTGTCATGCCGG-4","Glut-DACH2-1","Ex_DACH2_ADAMTS5",0.652155091953325
"_GGCTTGGAGGGCAACT-4","Glut-DACH2-3","Ex_DACH2_SLIT2",0.926941422090619
"_GGCTTGGGTTATGACC-4","Glut-DACH2-2","Ex_DACH2_ADAMTS5",0.393456912315858
"_GGCTTGGTCCACTGAA-4","Glut-DACH2-3","Ex_DACH2_SLIT2",0.668837046997587
"_GGCTTGGTCGCATAGT-4","Glut-DACH2-3","Ex_DACH2_SLIT2",0.797900950977342
"_GGCTTTCTCGAAGCCC-4","Glut-DACH2-1","Ex_DACH2_MGAT4C",0.642868380545961
"_GGGACAACACTAGAGG-4","Glut-DACH2-4","Ex_DACH2_ITGA9",0.547764674959836
"_GGGACAAGTGACCTGC-4","Glut-DACH2-3","Ex_DACH2_NR4A3",0.309740763607115
"_GGGACCTAGGAACTAT-4","Glut-DACH2-1","Ex_DACH2_MGAT4C",0.591083550456578
"_GGGACCTCAAACTCGT-4","Glut-DACH2-3","Ex_DACH2_SLIT2",0.406236402024489
"_GGGACCTCACAAAGCG-4","Glut-DACH2-3","Ex_DACH2_MGAT4C",0.345154992486116
"_GGGACTCTCAACCCGG-4","Glut-DACH2-1","Ex_DACH2_NR4A3",0.869590386202875
"_GGGAGATTCATACAGC-4","Glut-DACH2-2","Ex_DACH2_MGAT4C",0.419536238115329
"_GGGATCCCATCGGTTA-4","Glut-DACH2-2","Ex_DACH2_ADAMTS5",0.501660959585943
"_GGGATCCGTAACGTTC-4","Glut-DACH2-5","Ex_DACH2_ADAMTS5",0.321788877204079
"_GGGATCCTCCTGCTAC-4","Glut-DACH2-2","Ex_DACH2_MGAT4C",0.453509601834928
"_GGGATGAAGACCTCAT-4","Glut-DACH2-1","Ex_DACH2_MGAT4C",0.592374356917474
"_GGGATGAAGATTCGAA-4","Glut-DACH2-3","Ex_DACH2_ZMAT4",0.476981456021075
"_GGGATGAGTCGATTCA-4","Glut-DACH2-2","Ex_DACH2_MGAT4C",0.377816943681444
"_GGGCCATAGAAAGTCT-4","Glut-DACH2-3","Ex_DACH2_SLIT2",0.958680343504817
"_GGGCTACGTGGCGCTT-4","Glut-DACH2-5","Ex_DACH2_ADAMTS5",0.506564288017929
"_GGGTATTAGATGTTAG-4","Glut-DACH2-3","Ex_DACH2_ZMAT4",0.57903362506144
"_GGGTATTAGCCGATAG-4","Glut-DACH2-3","Ex_DACH2_SLIT2",0.67542981506813
"_GGGTATTAGTAAACTG-4","Glut-DACH2-1","Ex_DACH2_MGAT4C",0.552367870376067
"_GGGTCACGTACCCGAC-4","Glut-DACH2-3","Ex_DACH2_SLIT2",0.916988695107981
"_GGGTCACGTTAGAAAC-4","Glut-DACH2-2","Ex_DACH2_MGAT4C",0.274791952166509
"_GGGTCTGAGCACCAGA-4","Glut-DACH2-2","Ex_DACH2_MGAT4C",0.476208723233886
"_GGGTCTGTCACCTCGT-4","Glut-DACH2-3","Ex_DACH2_SLIT2",0.618410304046864
"_GGGTGTCAGGCCTAAG-4","Glut-DACH2-4","Ex_DACH2_ITGA9",0.469156457263431
"_GGGTTATTCACTGTCC-4","Glut-DACH2-2","Ex_DACH2_MGAT4C",0.406329425303237
"_GGGTTTACACCTGTCT-4","Glut-DACH2-4","Ex_DACH2_ITGA9",0.572594291850016
"_GGTAACTAGGTTCAGG-4","Glut-DACH2-3","Ex_DACH2_SLIT2",0.543336138949019
"_GGTAACTCAGACCAGA-4","Glut-DACH2-1","Ex_DACH2_MGAT4C",0.812157278811812
"_GGTAACTCATCGGTTA-4","Glut-DACH2-3","Ex_DACH2_SLIT2",0.555520261073909
"_GGTAACTGTACGGGAT-4","Glut-DACH2-5","Ex_DACH2_ADAMTS5",0.404420100011774
"_GGTAACTGTGTAAACA-4","Glut-DACH2-3","Ex_DACH2_CEMIP",0.831125550093154
"_GGTAATCCAAGCGAGT-4","Glut-DACH2-1","Ex_DACH2_GRIK4",0.359774366986539
"_GGTAGAGAGGCAGGGA-4","Glut-DACH2-4","Ex_DACH2_ITGA9",0.577719595657011
"_GGTAGAGCATCCTAAG-4","Glut-DACH2-5","Ex_DACH2_ADAMTS5",0.815898694070468
"_GGTAGAGCATGGAGAC-4","Glut-DACH2-2","Ex_DACH2_ADAMTS5",0.376510504977918
"_GGTAGAGGTTGCTCGG-4","Glut-DACH2-3","Ex_DACH2_SLIT2",0.941423900491685
"_GGTAGAGTCGTCAACA-4","Glut-DACH2-4","Ex_DACH2_ITGA9",0.500941649960275
"_GGTCACGAGCGTTCAT-4","Glut-DACH2-3","Ex_DACH2_SLIT2",0.949040672232212
"_GGTCACGCATCCCGTT-4","Glut-DACH2-3","Ex_DACH2_ZMAT4",0.624068726332442
"_GGTCACGGTACAGTCT-4","Glut-DACH2-1","Ex_DACH2_GRIK4",0.338052397082296
"_GGTGATTCAGTGAGCA-4","Glut-DACH2-1","Ex_DACH2_GRIK4",0.62222751375075
"_GGTGATTTCCTAAACG-4","Glut-DACH2-3","Ex_DACH2_ZMAT4",0.591491328976222
"_GGTGATTTCCTGATAG-4","Glut-DACH2-1","Ex_DACH2_ADAMTS5",0.324067501234039
"_GGTGGCTAGCACGTCC-4","Glut-DACH2-4","Ex_DACH2_ITGA9",0.537658482469711
"_GGTGGCTAGCGACTAG-4","Glut-DACH2-2","Ex_DACH2_LHX2",0.524952777787671
"_GGTGGCTCAAGAGTAT-4","Glut-DACH2-2","Ex_DACH2_GRIK4",0.363170323872945
"_GGTGGCTTCAACCGAT-4","Glut-DACH2-3","Ex_DACH2_SLIT2",0.826838423508354
"_GGTGTCGAGAAGTGTT-4","Glut-DACH2-3","Ex_DACH2_NR4A3",0.291344423023017
"_GGTGTCGCACGTCGTG-4","Glut-DACH2-3","Ex_DACH2_ZMAT4",0.336730888389748
"_GGTGTCGTCTGTCTCG-4","Glut-DACH2-3","Ex_DACH2_SLIT2",0.5406969223888
"_GGTGTCGTCTTGCGCT-4","Glut-DACH2-2","Ex_DACH2_LHX2",0.332017409414221
"_GGTGTTACAATTGCTG-4","Glut-DACH2-1","Ex_DACH2_MGAT4C",0.502586265957318
"_GGTTAACGTTTGCAGT-4","Glut-DACH2-1","Ex_DACH2_GRIK4",0.565019438518817
"_GGTTCTCGTCCGAAGA-4","Glut-DACH2-2","Ex_DACH2_MGAT4C",0.409418351894952
"_GGTTGTAGTGGATCAG-4","Glut-DACH2-4","Ex_SATB2_OVOA",0.298773167747968
"_GTAAGTCCACTGGAAG-4","Glut-DACH2-1","Ex_DACH2_MGAT4C",0.414581493863519
"_GTAAGTCTCACAGAGG-4","Glut-DACH2-3","Ex_DACH2_ZMAT4",0.635949177531805
"_GTAAGTCTCCCGTAAA-4","Glut-DACH2-3","Ex_DACH2_SLIT2",0.892797479429382
"_GTAATCGCACACGCCA-4","Glut-DACH2-2","Ex_DACH2_LHX2",0.430514395316333
"_GTAATGCAGATGGTCG-4","Glut-DACH2-2","Ex_DACH2_LHX2",0.312019670446889
"_GTAATGCCAGGTCTCG-4","Glut-DACH2-3","Ex_DACH2_SLIT2",0.96652102066305
"_GTAATGCTCGCCTTGT-4","Glut-DACH2-3","Ex_DACH2_SLIT2",0.73081818098101
"_GTAATGCTCTCAGTCC-4","Glut-DACH2-2","Ex_DACH2_ADAMTS5",0.424273127391239
"_GTACAACAGACGGATC-4","Glut-DACH2-4","Ex_DACH2_ITGA9",0.490081876033409
"_GTACAACAGCGTTCAT-4","Glut-DACH2-3","Ex_DACH2_NR4A3",0.542169959468688
"_GTACAGTAGTGAATAC-4","Glut-DACH2-HVCra-Int","Ex_DACH2_MGAT4C",0.489116855020052
"_GTACAGTAGTGTCATC-4","Glut-DACH2-1","Ex_DACH2_MGAT4C",0.449984980960749
"_GTACAGTGTCGTACAT-4","Glut-DACH2-4","Ex_DACH2_ITGA9",0.410152993858025
"_GTACAGTTCCGATGCG-4","Glut-DACH2-1","Ex_DACH2_GRIK4",0.468089330524594
"_GTAGAAACAAGGCGTA-4","Glut-DACH2-3","Ex_DACH2_CEMIP",0.451436109875527
"_GTAGAAACACTATGTG-4","Glut-DACH2-3","Ex_DACH2_SLIT2",0.460281831116662
"_GTAGAGGAGACGCATG-4","Glut-DACH2-1","Ex_DACH2_MGAT4C",0.289561374589644
"_GTAGAGGAGGTCTTTG-4","Glut-DACH2-2","Ex_DACH2_LHX2",0.552938087970045
"_GTAGAGGGTTCGGTTA-4","Glut-DACH2-1","Ex_DACH2_NR4A3",0.517928835856853
"_GTAGATCGTGATTCTG-4","Glut-DACH2-1","Ex_DACH2_MGAT4C",0.36952276717352
"_GTAGATCTCTCCGTGT-4","Glut-DACH2-3","Ex_DACH2_SLIT2",0.873334157305187
"_GTAGCTACAGCGACAA-4","Glut-DACH2-2","Ex_DACH2_MGAT4C",0.528111503510802
"_GTAGGAGCATCGAAGG-4","Glut-DACH2-3","Ex_DACH2_SLIT2",0.761824720879904
"_GTAGGAGTCTTACGGA-4","Glut-DACH2-1","Ex_DACH2_MGAT4C",0.273453731905353
"_GTAGGTTCACGTACTA-4","Glut-DACH2-1","Ex_DACH2_MGAT4C",0.349802420657723
"_GTAGGTTTCATTACTC-4","Glut-DACH2-5","Ex_DACH2_ADAMTS5",0.420578119753995
"_GTATTGGAGTGCTCAT-4","Glut-DACH2-4","Ex_DACH2_ITGA9",0.244996907666255
"_GTATTGGCACAAGTTC-4","Glut-DACH2-1","Ex_DACH2_NR4A3",0.893556027662363
"_GTATTGGGTATCAGCT-4","Glut-DACH2-HVCra-Int","Ex_DACH2_GRIK4",0.244468324144961
"_GTATTTCAGCGAACTG-4","Glut-DACH2-4","Ex_DACH2_ITGA9",0.530462568346222
"_GTATTTCGTACACGCC-4","Glut-DACH2-1","Ex_DACH2_MGAT4C",0.476389370907474
"_GTCAAACAGGGTGAAA-4","Glut-DACH2-1","Ex_DACH2_ADAMTS5",0.519345373006229
"_GTCAAACAGGTGATCG-4","Glut-DACH2-3","Ex_DACH2_SLIT2",0.9238043196958
"_GTCAAACCATATGGCT-4","Glut-DACH2-4","Ex_DACH2_ITGA9",0.488741165316309
"_GTCAAGTAGCTAGATA-4","Glut-DACH2-2","Ex_DACH2_ADAMTS5",0.772590978469062
"_GTCACGGCACTCCTGT-4","Glut-DACH2-1","Ex_DACH2_MGAT4C",0.426538229344893
"_GTCACGGGTCGTTGCG-4","Glut-DACH2-3","Ex_DACH2_ZMAT4",0.733547280582593
"_GTCACGGTCCACGGGT-4","Glut-DACH2-3","Ex_DACH2_SLIT2",0.657111414869411
"_GTCACTCAGCCTGTCG-4","Glut-DACH2-3","Ex_DACH2_SLIT2",0.406407162028178
"_GTCACTCCACGTAGAG-4","Glut-DACH2-2","Ex_DACH2_LHX2",0.498579981061847
"_GTCACTCTCGCACGGT-4","Glut-DACH2-5","Ex_DACH2_ADAMTS5",0.833714407531517
"_GTCACTCTCTACACAG-4","Glut-DACH2-3","Ex_DACH2_SLIT2",0.591643071767648
"_GTCAGCGCAATCCAGT-4","Glut-DACH2-1","Ex_DACH2_MGAT4C",0.350231053422189
"_GTCAGCGGTAGTGGCA-4","Glut-DACH2-3","Ex_DACH2_SLIT2",0.864043518565755
"_GTCATCCAGACCGTTT-4","Glut-DACH2-1","Ex_DACH2_MGAT4C",0.495496790799157
"_GTCATGAGTGCTGCAC-4","Glut-DACH2-3","Ex_DACH2_SLIT2",0.85182256371003
"_GTCATTTGTCGATTTG-4","Glut-DACH2-1","Ex_DACH2_MGAT4C",0.432623289213068
"_GTCCACTCACAAGCAG-4","Glut-DACH2-1","Ex_DACH2_MGAT4C",0.271206389118825
"_GTCCACTGTCTGCGCA-4","Glut-DACH2-2","Ex_DACH2_ADAMTS5",0.465136534897185
"_GTCCACTTCGCAGTGC-4","Glut-DACH2-2","Ex_DACH2_MGAT4C",0.320869427077849
"_GTCCCATCACAGAAGC-4","Glut-DACH2-2","Ex_DACH2_LHX2",0.510417371561284
"_GTCCTCACAGTATGAA-4","Glut-DACH2-1","Ex_DACH2_MGAT4C",0.572042516450336
"_GTCGAATAGATGACAT-4","Glut-DACH2-2","Ex_DACH2_LHX2",0.627599167544755
"_GTCGAATCACGCACCA-4","Glut-DACH2-4","Ex_KIAA1217_BCL6",0.354574213490834
"_GTCGAATCATGAGTAA-4","Glut-DACH2-3","Ex_DACH2_CEMIP",0.843930483277481
"_GTCGAATGTCCATACA-4","Glut-DACH2-4","Ex_DACH2_SLIT2",0.42220679125892
"_GTCGCGAAGGTACCTT-4","Glut-DACH2-3","Ex_DACH2_SLIT2",0.610026049672817
"_GTCGCGATCTTCGATT-4","Glut-DACH2-2","Ex_DACH2_MGAT4C",0.373275073409568
"_GTCGTAAAGTGGAAAG-4","Glut-DACH2-3","Ex_DACH2_ZMAT4",0.67081989794182
"_GTCGTAATCGTTGTTT-4","Glut-DACH2-2","Ex_DACH2_ADAMTS5",0.306958747193216
"_GTCGTTCAGTCACAGG-4","Glut-DACH2-3","Ex_DACH2_SLIT2",0.630060266518136
"_GTCGTTCCATCGTGCG-4","Glut-DACH2-3","Ex_DACH2_ZMAT4",0.493380835021526
"_GTCTACCGTATGAGCG-4","Glut-DACH2-3","Ex_DACH2_SLIT2",0.689689013796816
"_GTCTACCGTCTGTGAT-4","Glut-DACH2-2","Ex_DACH2_ADAMTS5",0.290273812179792
"_GTCTAGAAGCATCAGG-4","Glut-DACH2-1","Ex_DACH2_GRIK4",0.451112089602553
"_GTCTCACAGTATTAGG-4","Glut-DACH2-1","Ex_DACH2_LHX2",0.276100791550964
"_GTCTCACCACGGAAGT-4","Glut-DACH2-3","Ex_DACH2_SLIT2",0.949905251323196
"_GTCTCACGTGCATCTA-4","Glut-DACH2-2","Ex_DACH2_LHX2",0.392150026960395
"_GTCTCACGTGTCCAAT-4","Glut-DACH2-1","Ex_DACH2_NR4A3",0.468711637616273
"_GTCTGTCCAAGAGCTG-4","Glut-DACH2-3","Ex_DACH2_SLIT2",0.897593187568573
"_GTCTTTAAGTTACTCG-4","Glut-DACH2-3","Ex_DACH2_SLIT2",0.955298494691755
"_GTCTTTAGTGAAGCTG-4","Glut-DACH2-2","Ex_DACH2_ADAMTS5",0.419065657173585
"_GTCTTTATCGTGGCTG-4","Glut-DACH2-3","Ex_DACH2_SLIT2",0.343451628463842
"_GTCTTTATCTTAGTTC-4","Glut-DACH2-2","Ex_DACH2_LHX2",0.496759823303725
"_GTGACGCCATCGTGGC-4","Glut-DACH2-1","Ex_DACH2_MGAT4C",0.499780955070446
"_GTGACGCGTCCTGTTC-4","Glut-DACH2-3","Ex_DACH2_SLIT2",0.807761438804634
"_GTGACGCTCGATACTG-4","Glut-DACH2-1","Ex_DACH2_MGAT4C",0.49821166096425
"_GTGACGCTCTTCCCGA-4","Glut-DACH2-3","Ex_DACH2_SLIT2",0.951822396871122
"_GTGAGCCGTTTACCTT-4","Glut-DACH2-1","Ex_DACH2_MGAT4C",0.640367867225767
"_GTGAGCCTCGTTCCCA-4","Glut-DACH2-1","Ex_DACH2_MGAT4C",0.522872485015406
"_GTGAGGAAGCGTCAAG-4","Glut-DACH2-HVCra-Int","Ex_DACH2_MGAT4C",0.356126374139916
"_GTGAGGAGTCAGGTAG-4","Glut-DACH2-3","Ex_DACH2_SLIT2",0.64360503505939
"_GTGAGTTAGGTTATAG-4","Glut-DACH2-3","Ex_DACH2_SLIT2",0.861706401199698
"_GTGAGTTGTGGTCAAG-4","Glut-DACH2-4","Ex_DACH2_ITGA9",0.575835088072727
"_GTGCAGCTCGCATAGT-4","Glut-DACH2-2","Ex_DACH2_ADAMTS5",0.434272131221144
"_GTGCAGCTCTGCTTTA-4","Glut-DACH2-1","Ex_DACH2_NR4A3",0.860534196301484
"_GTGCGTGCATCGGTTA-4","Glut-DACH2-2","Ex_DACH2_GRIK4",0.396856915412435
"_GTGCGTGGTTTCGTGA-4","Glut-DACH2-1","Ex_DACH2_ADAMTS5",0.351482620312283
"_GTGCTGGAGACGATAT-4","Glut-DACH2-3","Ex_DACH2_SLIT2",0.6408746432414
"_GTGCTGGGTACCCAGC-4","Glut-DACH2-2","Ex_DACH2_MGAT4C",0.332334165550644
"_GTGCTTCCATGTCAGT-4","Glut-DACH2-3","Ex_DACH2_ZMAT4",0.473360635102643
"_GTGCTTCTCCTCTGCA-4","Glut-DACH2-3","Ex_DACH2_ZMAT4",0.366080737266099
"_GTGGAAGAGGCATTTC-4","Glut-DACH2-1","Ex_DACH2_GRIK4",0.364478954039296
"_GTGGAAGAGGTAAGGA-4","Glut-DACH2-1","Ex_DACH2_ADAMTS5",0.306480450763738
"_GTGGAAGGTACGGATG-4","Glut-DACH2-3","Ex_DACH2_ZMAT4",0.633426688530988
"_GTGGAAGTCCCAAGTA-4","Glut-DACH2-1","Ex_DACH2_LHX2",0.385253394307165
"_GTGGAGAAGGAGGCAG-4","Glut-DACH2-2","Ex_DACH2_LHX2",0.318114488662948
"_GTGGAGATCAGCTTCC-4","Glut-DACH2-1","Ex_DACH2_MGAT4C",0.45482667347291
"_GTGGAGATCTGACGCG-4","Glut-DACH2-1","Ex_DACH2_MGAT4C",0.519938325318371
"_GTGGCGTCAGTGACCC-4","Glut-DACH2-1","Ex_DACH2_MGAT4C",0.426303869951101
"_GTGGCGTTCCTTTGAT-4","Glut-DACH2-5","Ex_DACH2_MGAT4C",0.34090935308681
"_GTGGGAACAGAGAATT-4","Glut-DACH2-2","Ex_DACH2_ADAMTS5",0.78095674337022
"_GTGGGAAGTCTCAGAT-4","Glut-DACH2-3","Ex_DACH2_SLIT2",0.935544905767871
"_GTGGTTAAGATTAGCA-4","Glut-DACH2-1","Ex_DACH2_MGAT4C",0.557201335976588
"_GTGGTTAAGTAAACAC-4","Glut-DACH2-1","Ex_DACH2_NR4A3",0.844981242080629
"_GTGGTTAGTTAAGAAC-4","Glut-DACH2-2","Ex_DACH2_MGAT4C",0.318078773440923
"_GTGGTTATCGTAGCCG-4","Glut-DACH2-5","Ex_DACH2_ADAMTS5",0.631044429720719
"_GTGTAACTCTTGTGCC-4","Glut-DACH2-1","Ex_DACH2_NR4A3",0.873562043453227
"_GTGTCCTCATGAGTAA-4","Glut-DACH2-2","Ex_DACH2_MGAT4C",0.476808748541894
"_GTGTCCTGTCCAATCA-4","Glut-DACH2-4","Ex_DACH2_ITGA9",0.474701877819377
"_GTGTGATGTACGCTTA-4","Glut-DACH2-2","Ex_DACH2_MGAT4C",0.367335115494503
"_GTGTGATGTCCGGTCA-4","Glut-DACH2-2","Ex_DACH2_MGAT4C",0.460514487770696
"_GTGTGGCAGAAGTCCG-4","Glut-DACH2-3","Ex_DACH2_CEMIP",0.529223600825377
"_GTGTGGCAGATTGATG-4","Glut-DACH2-3","Ex_DACH2_SLIT2",0.846729155207982
"_GTGTGGCCAACGATTC-4","Glut-DACH2-4","Ex_DACH2_ITGA9",0.662833484966032
"_GTGTGGCCAGTGCCTG-4","Glut-DACH2-2","Ex_DACH2_LHX2",0.625930797099732
"_GTGTTAGCACTAGAGG-4","Glut-DACH2-3","Ex_DACH2_SLIT2",0.662036843656528
"_GTGTTAGTCGATGCAT-4","Glut-DACH2-3","Ex_DACH2_SLIT2",0.601493598700572
"_GTGTTCCCACGAGAAC-4","Glut-DACH2-5","Ex_DACH2_ADAMTS5",0.878829337665726
"_GTGTTCCCACGGAAGT-4","Glut-DACH2-3","Ex_DACH2_SLIT2",0.849193915629696
"_GTGTTCCGTCCTTTGC-4","Glut-DACH2-1","Ex_DACH2_MGAT4C",0.552573998459537
"_GTTACAGGTTGCTCCT-4","Glut-DACH2-3","Ex_DACH2_SLIT2",0.952309303513533
"_GTTACAGTCACCATGA-4","Glut-DACH2-3","Ex_DACH2_ZMAT4",0.590194550635705
"_GTTACAGTCTCATTTG-4","Glut-DACH2-3","Ex_DACH2_SLIT2",0.895145419416209
"_GTTACGAAGGTGCGAT-4","Glut-DACH2-4","Ex_DACH2_ITGA9",0.570776919336661
"_GTTACGAAGTTGCCTA-4","Glut-DACH2-4","Ex_DACH2_ITGA9",0.581554329518815
"_GTTACGACATGTGGTT-4","Glut-DACH2-1","Ex_DACH2_MGAT4C",0.488579504778205
"_GTTACGAGTCTACTGA-4","Glut-DACH2-2","Ex_DACH2_LHX2",0.566509240877191
"_GTTACGATCCCATTCG-4","Glut-DACH2-3","Ex_DACH2_ZMAT4",0.510150427860871
"_GTTAGACAGTGACCTT-4","Glut-DACH2-5","Ex_DACH2_ADAMTS5",0.4679050028245
"_GTTAGACGTCACTACA-4","Glut-DACH2-3","Ex_DACH2_SLIT2",0.974593856505449
"_GTTAGTGGTAACCAGG-4","Glut-DACH2-1","Ex_DACH2_MGAT4C",0.421954517037838
"_GTTAGTGGTTGGCCGT-4","Glut-DACH2-3","Ex_DACH2_SLIT2",0.536281169035654
"_GTTAGTGTCTGTACAG-4","Glut-DACH2-3","Ex_DACH2_SLIT2",0.658542366591724
"_GTTATGGCATGACCCG-4","Glut-DACH2-1","Ex_DACH2_GRIK4",0.376634215077849
"_GTTATGGTCGCACGAC-4","Glut-DACH2-1","Ex_DACH2_NR4A3",0.720431228880261
"_GTTCATTTCGATGCTA-4","Glut-DACH2-3","Ex_DACH2_SLIT2",0.8588442875851
"_GTTCATTTCGCAATTG-4","Glut-DACH2-4","Ex_DACH2_ITGA9",0.530559680023143
"_GTTCCGTAGAAATCCA-4","Glut-DACH2-4","Ex_DACH2_ITGA9",0.688418044983762
"_GTTCCGTAGTAACGTA-4","Glut-DACH2-3","Ex_DACH2_SLIT2",0.77448444505078
"_GTTCTATCAACCGTGC-4","Glut-DACH2-3","Ex_DACH2_SLIT2",0.688765587420357
"_GTTCTATCATGACTCA-4","Glut-DACH2-3","Ex_DACH2_SLIT2",0.814301110915948
"_GTTCTATTCCCTGTTG-4","Glut-DACH2-1","Ex_DACH2_NR4A3",0.745786028873289
"_GTTGAACCAGTCAACT-4","Glut-DACH2-3","Ex_DACH2_NR4A3",0.449171924380211
"_GTTGCGGCAATCCTAG-4","Glut-DACH2-1","Ex_DACH2_NR4A3",0.826944597397036
"_GTTGCGGCATGGAACG-4","Glut-DACH2-1","Ex_DACH2_MGAT4C",0.469517416719161
"_GTTGCTCGTACTGACT-4","Glut-DACH2-4","Ex_DACH2_NR4A3",0.2874770649696
"_GTTGTCCCATCGCCTT-4","Glut-DACH2-1","Ex_DACH2_MGAT4C",0.330505139407236
"_GTTGTCCGTCCTGTTC-4","Glut-DACH2-1","Ex_DACH2_MGAT4C",0.460419262563882
"_GTTGTCCTCGCGATCG-4","Glut-DACH2-3","Ex_DACH2_SLIT2",0.582220529947619
"_GTTGTGACATTCACCC-4","Glut-DACH2-1","Ex_DACH2_MGAT4C",0.351929680495637
"_GTTGTGAGTAGTGTGG-4","Glut-DACH2-1","Ex_DACH2_MGAT4C",0.558952650883521
"_GTTTACTAGACTTGTC-4","Glut-DACH2-2","Ex_DACH2_LHX2",0.435795218026089
"_GTTTACTCAAGGTACG-4","Glut-DACH2-1","Ex_DACH2_NR4A3",0.705184391816634
"_GTTTACTCATCCGAAT-4","Glut-DACH2-3","Ex_DACH2_SLIT2",0.904199740301724
"_GTTTGGACAGACAATA-4","Glut-DACH2-3","Ex_DACH2_SLIT2",0.906767199123546
"_GTTTGGACATGTGGCC-4","Glut-DACH2-3","Ex_DACH2_NR4A3",0.523332159270579
"_GTTTGGAGTAACTTCG-4","Glut-DACH2-1","Ex_DACH2_MGAT4C",0.43894347509427
"_GTTTGGATCCTGTACC-4","Glut-DACH2-3","Ex_DACH2_SLIT2",0.890506592637644
"_TAACACGAGTTTAGGA-4","Glut-DACH2-2","Ex_DACH2_GRIK4",0.25980794614954
"_TAACACGTCCTCTCGA-4","Glut-DACH2-3","Ex_DACH2_SLIT2",0.784248014009756
"_TAACCAGCACAATGAA-4","Glut-DACH2-1","Ex_DACH2_GRIK4",0.444097670398085
"_TAACCAGGTCGCGTCA-4","Glut-DACH2-3","Ex_DACH2_SLIT2",0.860087131038445
"_TAACGACTCGATTCCC-4","Glut-DACH2-1","Ex_DACH2_MGAT4C",0.51999058322446
"_TAACTTCAGCAGCAGT-4","Glut-DACH2-3","Ex_DACH2_SLIT2",0.924111000680382
"_TAACTTCAGTTTGTCG-4","Glut-DACH2-2","Ex_DACH2_MGAT4C",0.365622041237935
"_TAACTTCCACGTACTA-4","Glut-DACH2-3","Ex_DACH2_SLIT2",0.472876686398602
"_TAACTTCCATAAGCGG-4","Glut-DACH2-3","Ex_DACH2_SLIT2",0.61255899392194
"_TAACTTCGTGGTAACG-4","Glut-DACH2-2","Ex_DACH2_ADAMTS5",0.304537595574279
"_TAAGCCAGTCTGTGCG-4","Glut-DACH2-5","Ex_DACH2_ADAMTS5",0.514927114694684
"_TAAGCCAGTGCACATT-4","Glut-DACH2-4","Ex_DACH2_ITGA9",0.523127885006697
"_TAAGCCATCCAGCTCT-4","Glut-DACH2-3","Ex_DACH2_SLIT2",0.512453928939951
"_TAAGCGTAGAAACTCA-4","Glut-DACH2-4","Ex_DACH2_ITGA9",0.349800101063467
"_TAAGCGTAGGAAAGTG-4","Glut-DACH2-3","Ex_DACH2_SLIT2",0.601516345659199
"_TAAGCGTGTTAAGGAT-4","Glut-DACH2-4","Ex_DACH2_CEMIP",0.562521890272758
"_TAAGTCGGTGATTGGG-4","Glut-DACH2-3","Ex_DACH2_SLIT2",0.904519908119597
"_TAATCTCCACTGGCGT-4","Glut-DACH2-4","Ex_DACH2_ITGA9",0.583812061233045
"_TAATCTCCAGCAGTCC-4","Glut-DACH2-4","Ex_DACH2_ITGA9",0.334340306607888
"_TAATCTCTCAAGAGGC-4","Glut-DACH2-3","Ex_DACH2_ITGA9",0.424116970337975
"_TACAACGCAGTTGGTT-4","Glut-DACH2-3","Ex_DACH2_ZMAT4",0.587132130761216
"_TACAACGTCAACTTTC-4","Glut-DACH2-3","Ex_DACH2_SLIT2",0.971109806425941
"_TACAACGTCGATTGAC-4","Glut-DACH2-1","Ex_DACH2_MGAT4C",0.616712230869379
"_TACACCCCAAACCACT-4","Glut-DACH2-3","Ex_DACH2_SLIT2",0.959119658459693
"_TACACCCCAAACCGGA-4","Glut-DACH2-1","Ex_DACH2_MGAT4C",0.376881678429715
"_TACACCCCATAGAATG-4","Glut-DACH2-4","Ex_DACH2_ITGA9",0.543026677752119
"_TACACCCGTGAAAGTT-4","Glut-DACH2-1","Ex_DACH2_LHX2",0.363827067098711
"_TACACCCTCAGCGCAC-4","Glut-DACH2-4","Ex_DACH2_ITGA9",0.407460591138782
"_TACACCCTCGTAACCA-4","Glut-DACH2-1","Ex_DACH2_MGAT4C",0.27186031443966
"_TACAGGTGTCCGGACT-4","Glut-DACH2-2","Ex_DACH2_LHX2",0.320233117810026
"_TACAGGTTCCTTCACG-4","Glut-DACH2-4","Ex_DACH2_ITGA9",0.510924014718532
"_TACATTCCACGTTGGC-4","Glut-DACH2-3","Ex_DACH2_SLIT2",0.398877217016962
"_TACATTCCAGGTAGTG-4","Glut-DACH2-1","Ex_DACH2_MGAT4C",0.371791979201497
"_TACATTCGTCCCGGTA-4","Glut-DACH2-3","Ex_DACH2_SLIT2",0.909149772351705
"_TACCCGTAGGTGGTTG-4","Glut-DACH2-3","Ex_DACH2_SLIT2",0.726489127379483
"_TACCCGTCACTCAAGT-4","Glut-DACH2-1","Ex_DACH2_MGAT4C",0.660110522519247
"_TACCCGTCACTGGCCA-4","Glut-DACH2-3","Ex_DACH2_SLIT2",0.836478747190245
"_TACCGGGCAGGTATGG-4","Glut-DACH2-1","Ex_DACH2_GRIK4",0.292110041894198
"_TACCGGGTCGCTGATA-4","Glut-DACH2-1","Ex_DACH2_ITGA9",0.297435027649093
"_TACCTCGAGACGGTCA-4","Glut-DACH2-3","Ex_DACH2_SLIT2",0.970311453900057
"_TACCTCGAGCTTGTGT-4","Glut-DACH2-3","Ex_DACH2_SLIT2",0.504134422708468
"_TACCTCGCAAGGTTGG-4","Glut-DACH2-3","Ex_DACH2_SLIT2",0.569136104235119
"_TACCTCGCACAAGGTG-4","Glut-DACH2-4","Ex_DACH2_CEMIP",0.302631288526545
"_TACCTGCAGCGCAATG-4","Glut-DACH2-3","Ex_DACH2_SLIT2",0.798570557315921
"_TACCTGCCAAGCGATG-4","Glut-DACH2-3","Ex_DACH2_SLIT2",0.784370775696111
"_TACCTGCCACGTCTCT-4","Glut-DACH2-2","Ex_DACH2_ADAMTS5",0.314078561155238
"_TACGCTCAGAATTCAG-4","Glut-DACH2-4","Ex_DACH2_CEMIP",0.384923929301957
"_TACGCTCGTAAGGTCG-4","Glut-DACH2-3","Ex_DACH2_SLIT2",0.596688640076943
"_TACGCTCTCCTGTAAG-4","Glut-DACH2-1","Ex_DACH2_NR4A3",0.432883552124149
"_TACGCTCTCGATACTG-4","Glut-DACH2-2","Ex_DACH2_LHX2",0.36812382962125
"_TACGGGCAGGACCCAA-4","Glut-DACH2-1","Ex_DACH2_GRIK4",0.218625285738561
"_TACGGGCTCCTTGGAA-4","Glut-DACH2-5","Ex_DACH2_ADAMTS5",0.539786524952594
"_TACGGTAAGAACCGCA-4","Glut-DACH2-2","Ex_DACH2_MGAT4C",0.34767204361216
"_TACGGTACAGCGACCT-4","Glut-DACH2-2","Ex_DACH2_MGAT4C",0.450462310447498
"_TACGTCCCAACAAGAT-4","Glut-DACH2-1","Ex_DACH2_MGAT4C",0.449511706338523
"_TACGTCCCATCGGCCA-4","Glut-DACH2-2","Ex_DACH2_ADAMTS5",0.460859176823712
"_TACGTCCTCTATTCGT-4","Glut-DACH2-1","Ex_DACH2_GRIK4",0.489334122158546
"_TACTTACCACGGGCTT-4","Glut-DACH2-3","Ex_DACH2_ZMAT4",0.697352712436929
"_TACTTACGTACAGTCT-4","Glut-DACH2-1","Ex_DACH2_MGAT4C",0.44436887496241
"_TACTTACGTACCGTGC-4","Glut-DACH2-1","Ex_DACH2_MGAT4C",0.473474624627225
"_TACTTACTCCATTTAC-4","Glut-DACH2-1","Ex_DACH2_MGAT4C",0.520362013198603
"_TACTTACTCCGACGGT-4","Glut-DACH2-3","Ex_DACH2_SLIT2",0.44719324009246
"_TACTTACTCTAGGCAT-4","Glut-DACH2-2","Ex_DACH2_ADAMTS5",0.442813181420622
"_TACTTCAAGGCTGAAC-4","Glut-DACH2-3","Ex_DACH2_SLIT2",0.941115816563125
"_TACTTCAAGTGCCAGA-4","Glut-DACH2-2","Ex_DACH2_LHX2",0.453536772558927
"_TACTTGTGTGGTCTGC-4","Glut-DACH2-3","Ex_DACH2_SLIT2",0.722539820598038
"_TACTTGTTCCCATAAG-4","Glut-DACH2-3","Ex_DACH2_SLIT2",0.951523192444667
"_TAGACCAAGCTGTCCG-4","Glut-DACH2-2","Ex_DACH2_LHX2",0.357305324700131
"_TAGACCACAGACCGCT-4","Glut-DACH2-1","Ex_DACH2_MGAT4C",0.552922497414021
"_TAGACCATCCTAAACG-4","Glut-DACH2-1","Ex_DACH2_MGAT4C",0.478958356514515
"_TAGACTGTCTTACGTT-4","Glut-DACH2-4","Ex_DACH2_ITGA9",0.428221309420597
"_TAGAGTCAGAGCATCG-4","Glut-DACH2-4","Ex_DACH2_ITGA9",0.508914966017055
"_TAGAGTCAGCAATAGT-4","Glut-DACH2-1","Ex_DACH2_MGAT4C",0.599469546494842
"_TAGAGTCAGGTTCCGC-4","Glut-DACH2-3","Ex_DACH2_SLIT2",0.924018829596431
"_TAGATCGAGGGAGTTC-4","Glut-DACH2-3","Ex_DACH2_ITGA9",0.372804510729672
"_TAGATCGGTCCTCCTA-4","Glut-DACH2-2","Ex_DACH2_MGAT4C",0.391254215533789
"_TAGATCGGTGGCACTC-4","Glut-DACH2-1","Ex_DACH2_MGAT4C",0.581585577632276
"_TAGATCGTCGTTAGAC-4","Glut-DACH2-4","Ex_DACH2_ITGA9",0.387903089943124
"_TAGATCGTCTGTCGCT-4","Glut-DACH2-3","Ex_DACH2_ZMAT4",0.371990279249149
"_TAGCACAAGTAGTCCT-4","Glut-DACH2-3","Ex_DACH2_SLIT2",0.937476432192605
"_TAGCACACAGGAGGAG-4","Glut-DACH2-3","Ex_DACH2_SLIT2",0.611561241977412
"_TAGCACAGTCTGTGAT-4","Glut-DACH2-1","Ex_DACH2_MGAT4C",0.401608826796793
"_TAGCACAGTTCATCTT-4","Glut-DACH2-2","Ex_DACH2_GRIK4",0.422806838757265
"_TAGCACATCGTGCATA-4","Glut-DACH2-3","Ex_DACH2_ZMAT4",0.550667305163393
"_TAGGAGGGTGATAGAT-4","Glut-DACH2-1","Ex_DACH2_MGAT4C",0.523925621986066
"_TAGGAGGTCCCAAGCG-4","Glut-DACH2-1","Ex_DACH2_MGAT4C",0.602917042609865
"_TAGGGTTCATTGCAAC-4","Glut-DACH2-4","Ex_DACH2_ADAMTS5",0.375851701540982
"_TAGGTACAGTAAACTG-4","Glut-DACH2-1","Ex_DACH2_ADAMTS5",0.459462729321049
"_TAGGTACCACAGCGCT-4","Glut-DACH2-4","Ex_DACH2_ITGA9",0.357921443546699
"_TAGTGCAAGGAAGTGA-4","Glut-DACH2-3","Ex_DACH2_SLIT2",0.936485924802526
"_TAGTGCATCCGCGATG-4","Glut-DACH2-1","Ex_DACH2_MGAT4C",0.285006848824446
"_TATACCTAGGAGATAG-4","Glut-DACH2-2","Ex_DACH2_ADAMTS5",0.678226521783619
"_TATACCTGTTTGTTGG-4","Glut-DACH2-3","Ex_DACH2_CEMIP",0.650761262808692
"_TATACCTTCTCGGGAC-4","Glut-DACH2-2","Ex_DACH2_LHX2",0.330525645099149
"_TATATCCAGGGTACGT-4","Glut-DACH2-7","Ex_DACH2_ADAMTS5",0.451238385099977
"_TATATCCAGTGCACTT-4","Glut-DACH2-3","Ex_DACH2_SLIT2",0.922919977229292
"_TATATCCCAACGGTAG-4","Glut-DACH2-1","Ex_DACH2_MGAT4C",0.355658404794831
"_TATATCCGTCGTATGT-4","Glut-DACH2-4","Ex_DACH2_ITGA9",0.414908107234317
"_TATCAGGGTCGTTGGC-4","Glut-DACH2-3","Ex_DACH2_CEMIP",0.671225348824605
"_TATCCTAAGGTGCTGA-4","Glut-DACH2-4","Ex_DACH2_SLIT2",0.481926838094695
"_TATCCTATCGTTACCC-4","Glut-DACH2-2","Ex_DACH2_LHX2",0.311018602678979
"_TATCGCCCATAGGTAA-4","Glut-DACH2-3","Ex_DACH2_SLIT2",0.420353521175849
"_TATCGCCGTATGTCTG-4","Glut-DACH2-3","Ex_DACH2_ZMAT4",0.481023077368753
"_TATCGCCTCTAGATCG-4","Glut-DACH2-1","Ex_DACH2_GRIK4",0.27475340189954
"_TATCTTGCACTGTCCT-4","Glut-DACH2-2","Ex_DACH2_LHX2",0.552300088074948
"_TATGTTCGTCTGTAGT-4","Glut-DACH2-2","Ex_DACH2_MGAT4C",0.419760959591437
"_TATTCCAAGTAGTCTC-4","Glut-DACH2-2","Ex_DACH2_MGAT4C",0.353696979926308
"_TATTGGGAGTGATTCC-4","Glut-DACH2-3","Ex_DACH2_SLIT2",0.738908491922456
"_TATTGGGCAAACCATC-4","Glut-DACH2-1","Ex_DACH2_GRIK4",0.424884625401055
"_TATTGGGTCCTATTGT-4","Glut-DACH2-2","Ex_DACH2_LHX2",0.32341219933662
"_TATTTCGCACAAAGTA-4","Glut-DACH2-2","Ex_DACH2_LHX2",0.535163542027449
"_TATTTCGCAGCGCTTG-4","Glut-DACH2-3","Ex_DACH2_SLIT2",0.89879164142095
"_TATTTCGTCAATCTCT-4","Glut-DACH2-2","Ex_DACH2_LHX2",0.5377654900087
"_TCAAGACGTCATAGTC-4","Glut-DACH2-1","Ex_DACH2_MGAT4C",0.516472741588594
"_TCAAGACGTTTGATCG-4","Glut-DACH2-2","Ex_DACH2_LHX2",0.522025343819029
"_TCAAGCAAGTCATGGG-4","Glut-DACH2-3","Ex_DACH2_ZMAT4",0.657697498793057
"_TCAAGCAAGTGTTCCA-4","Glut-DACH2-3","Ex_DACH2_SLIT2",0.922972387081037
"_TCAAGCAGTGGGAGAG-4","Glut-DACH2-2","Ex_DACH2_LHX2",0.487118030332811
"_TCAAGTGAGGGTATAT-4","Glut-DACH2-3","Ex_DACH2_SLIT2",0.455303425075199
"_TCAAGTGGTCCAAAGG-4","Glut-DACH2-2","Ex_DACH2_MGAT4C",0.487409308374029
"_TCAATCTGTGAGTTTC-4","Glut-DACH2-3","Ex_DACH2_SLIT2",0.870026419732024
"_TCAATCTGTGCTTCAA-4","Glut-DACH2-1","Ex_DACH2_MGAT4C",0.516912981064306
"_TCAATTCGTTCTGAGT-4","Glut-DACH2-3","Ex_DACH2_SLIT2",0.85781332853581
"_TCAATTCGTTGAATCC-4","Glut-DACH2-3","Ex_DACH2_SLIT2",0.859610266651417
"_TCAATTCTCCTTCTTC-4","Glut-DACH2-1","Ex_DACH2_MGAT4C",0.547875655992768
"_TCACAAGAGCTTGTTG-4","Glut-DACH2-1","Ex_DACH2_MGAT4C",0.518500883881447
"_TCACAAGCACAAGCTT-4","Glut-DACH2-2","Ex_DACH2_MGAT4C",0.386755800203536
"_TCACAAGCATGAAGGC-4","Glut-DACH2-1","Ex_DACH2_MGAT4C",0.503783744193967
"_TCACAAGGTTGGCCGT-4","Glut-DACH2-3","Ex_DACH2_SLIT2",0.834743701713196
"_TCACAAGTCCCGAGGT-4","Glut-DACH2-3","Ex_DACH2_SLIT2",0.897061047444652
"_TCACACCCACTATCCC-4","Glut-DACH2-2","Ex_DACH2_MGAT4C",0.482391331804186
"_TCACACCTCATCACCC-4","Glut-DACH2-5","Ex_DACH2_ADAMTS5",0.60846630177062
"_TCACACCTCCGTGGCA-4","Glut-DACH2-3","Ex_DACH2_SLIT2",0.963712355372188
"_TCACATTAGTCATCCA-4","Glut-DACH2-3","Ex_DACH2_SLIT2",0.571651441779125
"_TCACGCTAGTAAACTG-4","Glut-DACH2-1","Ex_DACH2_NR4A3",0.294689888376217
"_TCACGCTGTACGATCT-4","Glut-DACH2-1","Ex_DACH2_GRIK4",0.393237334963451
"_TCACGGGGTACGGTTT-4","Glut-DACH2-2","Ex_DACH2_MGAT4C",0.428227229021058
"_TCACGGGTCTGAGGTT-4","Glut-DACH2-1","Ex_DACH2_MGAT4C",0.306117746785016
"_TCACTATTCATGAGTC-4","Glut-DACH2-2","Ex_DACH2_LHX2",0.331560399455876
"_TCACTCGGTAGTAAGT-4","Glut-DACH2-5","Ex_DACH2_ADAMTS5",0.679787183710951
"_TCACTCGTCAAGGACG-4","Glut-DACH2-3","Ex_DACH2_SLIT2",0.519529805094818
"_TCAGCAATCATAAGGA-4","Glut-DACH2-4","Ex_DACH2_ITGA9",0.493017810013467
"_TCAGCAATCTGGTTGA-4","Glut-DACH2-2","Ex_DACH2_MGAT4C",0.290213855042602
"_TCAGCCTAGCCGCACT-4","Glut-DACH2-3","Ex_DACH2_ZMAT4",0.807126900099913
"_TCAGCCTTCTCTTCAA-4","Glut-DACH2-3","Ex_DACH2_SLIT2",0.694352396847254
"_TCAGGGCAGAACTTCC-4","Glut-DACH2-4","Ex_DACH2_ADAMTS5",0.222765281961717
"_TCAGGGCAGCAAGTGC-4","Glut-DACH2-1","Ex_DACH2_GRIK4",0.42391863404116
"_TCAGGGCGTACTGCGC-4","Glut-DACH2-3","Ex_DACH2_SLIT2",0.90361148359242
"_TCAGGGCTCGTGTGGC-4","Glut-DACH2-3","Ex_DACH2_SLIT2",0.785113934175086
"_TCAGGTAAGACCATAA-4","Glut-DACH2-1","Ex_DACH2_ADAMTS5",0.418131099579113
"_TCAGGTAAGCCATATC-4","Glut-DACH2-3","Ex_DACH2_SLIT2",0.684549074430924
"_TCAGTCCAGCCTAGGA-4","Glut-DACH2-3","Ex_DACH2_ZMAT4",0.475473022842386
"_TCAGTCCAGCTTAAGA-4","Glut-DACH2-1","Ex_DACH2_GRIK4",0.321037467514692
"_TCAGTCCAGGTCATCT-4","Glut-DACH2-HVCra-Int","Ex_DACH2_LHX2",0.38391165765117
"_TCAGTGATCTCTCAAT-4","Glut-DACH2-3","Ex_DACH2_SLIT2",0.694426778359068
"_TCAGTTTCAAATACAG-4","Glut-DACH2-4","Ex_DACH2_ITGA9",0.448070323264962
"_TCATATCCACGCCAGT-4","Glut-DACH2-3","Ex_DACH2_SLIT2",0.836664778943096
"_TCATATCGTCATAGTC-4","Glut-DACH2-3","Ex_DACH2_ZMAT4",0.726939585102935
"_TCATATCGTGAATTAG-4","Glut-DACH2-2","Ex_DACH2_ADAMTS5",0.337161186748771
"_TCATATCTCGACCATA-4","Glut-DACH2-2","Ex_DACH2_LHX2",0.545444366251015
"_TCATCATAGGCCTAAG-4","Glut-DACH2-2","Ex_DACH2_MGAT4C",0.46833993215781
"_TCATCCGAGATCGACG-4","Glut-DACH2-3","Ex_DACH2_SLIT2",0.337350442930249
"_TCATCCGAGGTAGACC-4","Glut-DACH2-3","Ex_DACH2_SLIT2",0.615088220215623
"_TCATCCGAGTCATGAA-4","Glut-DACH2-1","Ex_DACH2_MGAT4C",0.439171138569534
"_TCATCCGCAACTGCTA-4","Glut-DACH2-3","Ex_DACH2_SLIT2",0.824682808799924
"_TCATCCGGTATGTCCA-4","Glut-DACH2-3","Ex_DACH2_SLIT2",0.94305706649152
"_TCATCCGTCGTACACA-4","Glut-DACH2-3","Ex_DACH2_SLIT2",0.56957413018737
"_TCATGCCCAAGAGCTG-4","Glut-DACH2-4","Ex_DACH2_SLIT2",0.519724487337162
"_TCATGCCCACATGGTT-4","Glut-DACH2-3","Ex_DACH2_SLIT2",0.62503048090312
"_TCATGCCTCGCCTCTA-4","Glut-DACH2-4","Ex_DACH2_NR4A3",0.657072885805683
"_TCATGTTAGTCTAACC-4","Glut-DACH2-1","Ex_DACH2_MGAT4C",0.554792955888872
"_TCATGTTCAGAAACCG-4","Glut-DACH2-1","Ex_DACH2_GRIK4",0.280861327006657
"_TCATGTTGTACATACC-4","Glut-DACH2-3","Ex_DACH2_SLIT2",0.264242457598306
"_TCATTACGTTCGGGTC-4","Glut-DACH2-3","Ex_DACH2_SLIT2",0.731829588144262
"_TCATTCAAGATAGCAT-4","Glut-DACH2-3","Ex_DACH2_CEMIP",0.64931772155625
"_TCATTCAAGGTCTTTG-4","Glut-DACH2-1","Ex_DACH2_MGAT4C",0.562985086143038
"_TCATTGTAGAATAGTC-4","Glut-DACH2-1","Ex_DACH2_NR4A3",0.921958626673476
"_TCATTGTTCCCTCAAC-4","Glut-DACH2-1","Ex_DACH2_MGAT4C",0.301993615869702
"_TCCACGTAGTCAATCC-4","Glut-DACH2-1","Ex_DACH2_MGAT4C",0.355928881256658
"_TCCAGAAAGCTGACCC-4","Glut-DACH2-1","Ex_DACH2_MGAT4C",0.614407920770136
"_TCCAGAAGTTGTTTGG-4","Glut-DACH2-1","Ex_DACH2_MGAT4C",0.609764303770684
"_TCCATCGAGTGGTTCT-4","Glut-DACH2-3","Ex_DACH2_ZMAT4",0.435548220431592
"_TCCATCGGTGGTCCGT-4","Glut-DACH2-1","Ex_DACH2_MGAT4C",0.289133262784914
"_TCCATCGTCATTTGTC-4","Glut-DACH2-2","Ex_DACH2_LHX2",0.440934340391579
"_TCCATCGTCGAGATAA-4","Glut-DACH2-2","Ex_DACH2_ADAMTS5",0.315527290690001
"_TCCATGCAGAAGAGCA-4","Glut-DACH2-1","Ex_DACH2_MGAT4C",0.416505002088189
"_TCCATGCTCCATACAG-4","Glut-DACH2-1","Ex_DACH2_MGAT4C",0.486216189925036
"_TCCATGCTCGCTTGAA-4","Glut-DACH2-2","Ex_DACH2_GRIK4",0.300731794103476
"_TCCCACAAGCCTGGAA-4","Glut-DACH2-2","Ex_DACH2_LHX2",0.306092420644665
"_TCCCACAGTCGAACAG-4","Glut-DACH2-5","Ex_DACH2_GRIK4",0.40084779084717
"_TCCCACAGTCGTGATT-4","Glut-DACH2-4","Ex_DACH2_CEMIP",0.241504690674585
"_TCCCACATCGCAGTTA-4","Glut-DACH2-1","Ex_DACH2_MGAT4C",0.570505177893259
"_TCCCATGAGACATCAA-4","Glut-DACH2-3","Ex_DACH2_ZMAT4",0.696124733481971
"_TCCCATGCAAATCAAG-4","Glut-DACH2-4","Ex_DACH2_ITGA9",0.445738413471464
"_TCCCATGCAGAGGTTG-4","Glut-DACH2-4","Ex_DACH2_MGAT4C",0.429087768477847
"_TCCCATGGTGGGTATG-4","Glut-DACH2-2","Ex_DACH2_LHX2",0.372398416351967
"_TCCCATGTCATCGACA-4","Glut-DACH2-2","Ex_DACH2_ADAMTS5",0.405635043441974
"_TCCGAAAAGAGGATCC-4","Glut-DACH2-2","Ex_DACH2_ADAMTS5",0.513347511744434
"_TCCGAAAAGCTCAGAG-4","Glut-DACH2-2","Ex_DACH2_LHX2",0.295299451839657
"_TCCGAAACATGAGATA-4","Glut-DACH2-1","Ex_DACH2_GRIK4",0.272337182714473
"_TCCGGGATCTGGCCTT-4","Glut-DACH2-4","Ex_DACH2_NR4A3",0.583835880733956
"_TCCTAATAGTCGAAAT-4","Glut-DACH2-3","Ex_DACH2_SLIT2",0.875161903729248
"_TCCTAATAGTTGCGAG-4","Glut-DACH2-1","Ex_DACH2_MGAT4C",0.373982981157595
"_TCCTAATCACTTCTCG-4","Glut-DACH2-3","Ex_DACH2_ZMAT4",0.545580078053692
"_TCCTAATCATGCACTA-4","Glut-DACH2-2","Ex_DACH2_LHX2",0.364000517074419
"_TCCTAATCATTGTAGC-4","Glut-DACH2-3","Ex_DACH2_SLIT2",0.605308394771544
"_TCCTCCCAGGACTGGT-4","Glut-DACH2-3","Ex_DACH2_SLIT2",0.92747648619858
"_TCCTCCCCATGAAGGC-4","Glut-DACH2-5","Ex_DACH2_ADAMTS5",0.739502050729425
"_TCCTCCCGTAGTAAGT-4","Glut-DACH2-1","Ex_DACH2_MGAT4C",0.565274346814113
"_TCCTCGACAGGCTCTG-4","Glut-DACH2-1","Ex_DACH2_MGAT4C",0.591875269967939
"_TCCTCGAGTTCCCAAA-4","Glut-DACH2-1","Ex_DACH2_GRIK4",0.37311945209736
"_TCCTCGATCGAGTACT-4","Glut-DACH2-3","Ex_DACH2_SLIT2",0.872903333861984
"_TCCTCGATCTCCGAGG-4","Glut-DACH2-1","Ex_DACH2_MGAT4C",0.57302183464944
"_TCCTCTTAGAAACACT-4","Glut-DACH2-1","Ex_DACH2_MGAT4C",0.365912895527986
"_TCCTCTTAGAGCTTTC-4","Glut-DACH2-3","Ex_DACH2_SLIT2",0.865601188887297
"_TCCTCTTAGCTGTTCA-4","Glut-DACH2-3","Ex_DACH2_SLIT2",0.96560142198477
"_TCCTCTTAGTGGATTA-4","Glut-DACH2-3","Ex_DACH2_SLIT2",0.581699017003819
"_TCCTCTTCAGCGATTT-4","Glut-DACH2-1","Ex_DACH2_MGAT4C",0.611138727282658
"_TCCTCTTCATCAACCA-4","Glut-DACH2-1","Ex_DACH2_MGAT4C",0.360852003480394
"_TCCTCTTCATCATCCC-4","Glut-DACH2-1","Ex_DACH2_MGAT4C",0.547078920839969
"_TCCTCTTGTGATCGTT-4","Glut-DACH2-1","Ex_DACH2_GRIK4",0.35014928872466
"_TCCTGCACAGTTCCAA-4","Glut-DACH2-1","Ex_DACH2_MGAT4C",0.590030538775455
"_TCCTTCTAGTAGACCG-4","Glut-DACH2-3","Ex_DACH2_SLIT2",0.484785522419486
"_TCCTTCTGTGCTGATT-4","Glut-DACH2-2","Ex_DACH2_LHX2",0.373116430177876
"_TCCTTTCCAATGCAGG-4","Glut-DACH2-3","Ex_DACH2_SLIT2",0.664466464847991
"_TCCTTTCCAGCTACTA-4","Glut-DACH2-2","Ex_DACH2_LHX2",0.354422319307033
"_TCCTTTCTCCTCACCA-4","Glut-DACH2-1","Ex_DACH2_ADAMTS5",0.286197952092054
"_TCGAACACATTCCTAT-4","Glut-DACH2-2","Ex_DACH2_ADAMTS5",0.415925587904322
"_TCGACCTCAGAGTGTG-4","Glut-DACH2-4","Ex_DACH2_ITGA9",0.407052596003121
"_TCGACCTCAGTGCCTG-4","Glut-DACH2-3","Ex_DACH2_SLIT2",0.932356293738017
"_TCGACCTCATTAGGAA-4","Glut-DACH2-4","Ex_DACH2_ITGA9",0.602672764692022
"_TCGACCTGTCTGCATA-4","Glut-DACH2-1","Ex_DACH2_NR4A3",0.804071278278736
"_TCGACGGCATCGCCTT-4","Glut-DACH2-2","Ex_DACH2_MGAT4C",0.359607863542708
"_TCGACGGGTGCATCTA-4","Glut-DACH2-3","Ex_DACH2_SLIT2",0.931799777220224
"_TCGATTTCATTGTGCA-4","Glut-DACH2-2","Ex_DACH2_ADAMTS5",0.523489048780399
"_TCGATTTTCTTCGCTG-4","Glut-DACH2-3","Ex_DACH2_SLIT2",0.766446002664303
"_TCGCAGGGTCTCACAA-4","Glut-DACH2-1","Ex_DACH2_MGAT4C",0.596739719909407
"_TCGCAGGTCCTACACC-4","Glut-DACH2-2","Ex_DACH2_ADAMTS5",0.519867793270754
"_TCGCTCATCCATATGG-4","Glut-DACH2-3","Ex_DACH2_SLIT2",0.855180741833993
"_TCGGATAAGTGGAAGA-4","Glut-DACH2-4","Ex_DACH2_ITGA9",0.377310023231802
"_TCGGATAGTGAGGATC-4","Glut-DACH2-3","Ex_DACH2_SLIT2",0.713541359164053
"_TCGGATAGTGGCGCTT-4","Glut-DACH2-1","Ex_DACH2_MGAT4C",0.463677007063438
"_TCGGGACCACGTCGTG-4","Glut-DACH2-3","Ex_DACH2_ITGA9",0.410919673088527
"_TCGGGCACAGGTTTAC-4","Glut-DACH2-1","Ex_DACH2_MGAT4C",0.450956568741821
"_TCGGGTGCACAGTGTT-4","Glut-DACH2-1","Ex_DACH2_MGAT4C",0.455980546536265
"_TCGGGTGCATGGCTAT-4","Glut-DACH2-5","Ex_DACH2_ADAMTS5",0.680557123554379
"_TCGGTCTAGCATCCTA-4","Glut-DACH2-3","Ex_DACH2_SLIT2",0.813241463533364
"_TCGGTCTGTCTGCCTT-4","Glut-DACH2-4","Ex_DACH2_ITGA9",0.457043097122717
"_TCGGTCTGTTGTCAGT-4","Glut-DACH2-2","Ex_DACH2_MGAT4C",0.395974759449805
"_TCGTCCAAGTATGAAC-4","Glut-DACH2-2","Ex_DACH2_ADAMTS5",0.278206119605872
"_TCGTCCAGTACCGGAA-4","Glut-DACH2-3","Ex_DACH2_SLIT2",0.448758299733624
"_TCGTCCAGTTGTTGAC-4","Glut-DACH2-4","Ex_DACH2_ITGA9",0.472709985121614
"_TCGTGCTAGAGCAACC-4","Glut-DACH2-3","Ex_DACH2_ZMAT4",0.35636337629221
"_TCGTGGGCACCTGCAG-4","Glut-DACH2-2","Ex_DACH2_LHX2",0.428187282428589
"_TCTAACTCATGGGTCC-4","Glut-DACH2-3","Ex_DACH2_ZMAT4",0.52204199080874
"_TCTACCGCAGCTGCCA-4","Glut-DACH2-1","Ex_DACH2_MGAT4C",0.442208554892856
"_TCTATACTCGCATGAT-4","Glut-DACH2-3","Ex_DACH2_NR4A3",0.322874134964719
"_TCTATCATCGCCTAGG-4","Glut-DACH2-1","Ex_DACH2_MGAT4C",0.506162815275109
"_TCTCACGCACCCTAAA-4","Glut-DACH2-1","Ex_DACH2_MGAT4C",0.660474113804376
"_TCTCACGTCCCAAGTA-4","Glut-DACH2-4","Ex_DACH2_ITGA9",0.557296415753144
"_TCTCAGCAGTGTGTTC-4","Glut-DACH2-8","Ex_DACH2_ZMAT4",0.506334181927931
"_TCTCAGCCACTGCACG-4","Glut-DACH2-1","Ex_DACH2_MGAT4C",0.551139649317194
"_TCTCAGCGTTATGTCG-4","Glut-DACH2-5","Ex_DACH2_LHX2",0.335350714190445
"_TCTCAGCTCATGTCTT-4","Glut-DACH2-2","Ex_DACH2_ADAMTS5",0.315120972233725
"_TCTCAGCTCCAACCGG-4","Glut-DACH2-1","Ex_DACH2_MGAT4C",0.484384697394458
"_TCTCCGATCCACCTGT-4","Glut-DACH2-1","Ex_DACH2_MGAT4C",0.248946565385251
"_TCTCTGGGTCTCAGGC-4","Glut-DACH2-3","Ex_DACH2_SLIT2",0.66179686311305
"_TCTGCCACAGCAGAAC-4","Glut-DACH2-4","Ex_DACH2_ITGA9",0.342247124921853
"_TCTGCCAGTATTCCGA-4","Glut-DACH2-1","Ex_DACH2_LHX2",0.32796914051554
"_TCTGCCATCGGTGAAG-4","Glut-DACH2-5","Ex_DACH2_ADAMTS5",0.805844618279526
"_TCTGGCTAGCGTTCAT-4","Glut-DACH2-3","Ex_DACH2_SLIT2",0.861248869373724
"_TCTGGCTCAGCACAGA-4","Glut-DACH2-3","Ex_DACH2_SLIT2",0.93714424505959
"_TCTGGCTTCATCGACA-4","Glut-DACH2-3","Ex_DACH2_ZMAT4",0.479596370704481
"_TCTGGCTTCTCTATGT-4","Glut-DACH2-2","Ex_DACH2_LHX2",0.335900134500225
"_TCTTCCTCAGCAGTCC-4","Glut-DACH2-5","Ex_DACH2_ADAMTS5",0.534798867260634
"_TCTTGCGAGCGCCTAC-4","Glut-DACH2-HVCra-Int","Ex_DACH2_MGAT4C",0.223701840988962
"_TCTTGCGAGTAGCATA-4","Glut-DACH2-2","Ex_DACH2_MGAT4C",0.433645627735872
"_TCTTGCGCAGTTGTTG-4","Glut-DACH2-2","Ex_DACH2_LHX2",0.470739292260596
"_TCTTTGAAGATCGCCC-4","Glut-DACH2-3","Ex_DACH2_SLIT2",0.826204603044959
"_TCTTTGAAGCTATCTG-4","Glut-DACH2-1","Ex_DACH2_GRIK4",0.387572318631153
"_TGAACGTTCACGAGGA-4","Glut-DACH2-3","Ex_DACH2_SLIT2",0.605912199866331
"_TGAACGTTCTATTCGT-4","Glut-DACH2-2","Ex_DACH2_MGAT4C",0.439753871544865
"_TGAATCGGTACCGTCG-4","Glut-DACH2-3","Ex_DACH2_SLIT2",0.530237914110368
"_TGAATCGTCACCTTGC-4","Glut-DACH2-2","Ex_DACH2_LHX2",0.346778900363949
"_TGAATCGTCCGTGCGA-4","Glut-DACH2-2","Ex_DACH2_MGAT4C",0.373913174597608
"_TGAATGCGTGGTCAAG-4","Glut-DACH2-3","Ex_DACH2_ZMAT4",0.767746289902468
"_TGAATGCGTGTCCTAA-4","Glut-DACH2-3","Ex_DACH2_SLIT2",0.93000702361957
"_TGAATGCTCATCGGGC-4","Glut-DACH2-1","Ex_DACH2_MGAT4C",0.44028188045676
"_TGACCCTAGCTTACGT-4","Glut-DACH2-1","Ex_DACH2_MGAT4C",0.531139714148309
"_TGACCCTAGGTAGGCT-4","Glut-DACH2-1","Ex_DACH2_ADAMTS5",0.460005678050512
"_TGACCCTGTACGCTAT-4","Glut-DACH2-1","Ex_DACH2_ADAMTS5",0.420091232959193
"_TGACCCTTCGAGAAAT-4","Glut-DACH2-3","Ex_DACH2_CEMIP",0.411179176568213
"_TGACGCGGTAGGACCA-4","Glut-DACH2-5","Ex_DACH2_LHX2",0.273158128443923
"_TGACGCGGTTACTCAG-4","Glut-DACH2-3","Ex_DACH2_SLIT2",0.580883521399081
"_TGACGCGTCCCGAGAC-4","Glut-DACH2-3","Ex_DACH2_MGAT4C",0.360392446921177
"_TGACGCGTCTTGTGCC-4","Glut-DACH2-4","Ex_DACH2_ITGA9",0.329372824638039
"_TGACTCCAGTCCGCCA-4","Glut-DACH2-2","Ex_DACH2_GRIK4",0.340281366519284
"_TGACTCCTCTACTGAG-4","Glut-DACH2-1","Ex_DACH2_MGAT4C",0.439832789751533
"_TGAGACTCATTGAAAG-4","Glut-DACH2-2","Ex_DACH2_MGAT4C",0.553187261818694
"_TGAGACTTCTCATTGT-4","Glut-DACH2-3","Ex_DACH2_SLIT2",0.879116410206161
"_TGAGCATAGGTCGCCT-4","Glut-DACH2-7","Ex_DACH2_MGAT4C",0.512914473213087
"_TGAGGAGTCGGTAGGA-4","Glut-DACH2-1","Ex_DACH2_GRIK4",0.546180137787688
"_TGAGGGACAGATCCAT-4","Glut-DACH2-1","Ex_DACH2_LHX2",0.332350675079731
"_TGAGGGACATGGAATA-4","Glut-DACH2-2","Ex_DACH2_MGAT4C",0.332212419267389
"_TGAGGGAGTAGTCGTT-4","Glut-DACH2-3","Ex_DACH2_SLIT2",0.498384915683804
"_TGAGGGATCTACTGAG-4","Glut-DACH2-1","Ex_DACH2_GRIK4",0.505244531388085
"_TGAGGTTAGCCTGACC-4","Glut-DACH2-3","Ex_DACH2_ZMAT4",0.687313792116467
"_TGAGGTTGTAGGTGCA-4","Glut-DACH2-4","Ex_DACH2_ITGA9",0.605727483871651
"_TGAGGTTTCAATCTTC-4","Glut-DACH2-1","Ex_DACH2_NR4A3",0.932574494802778
"_TGAGTCACATGCAGGA-4","Glut-DACH2-3","Ex_DACH2_SLIT2",0.93704300723109
"_TGATCAGAGGAAGTCC-4","Glut-DACH2-3","Ex_DACH2_SLIT2",0.775611723818919
"_TGATCAGAGTAGCCAG-4","Glut-DACH2-1","Ex_DACH2_GRIK4",0.311463924633539
"_TGATCAGCACATATCG-4","Glut-DACH2-3","Ex_DACH2_CEMIP",0.678172563015536
"_TGATCAGCATGTGGCC-4","Glut-DACH2-3","Ex_DACH2_SLIT2",0.853080472733304
"_TGATCAGGTGACACGA-4","Glut-DACH2-3","Ex_DACH2_SLIT2",0.644362573709374
"_TGATCTTAGCTAGTTC-4","Glut-DACH2-2","Ex_DACH2_ADAMTS5",0.24763390103973
"_TGATCTTAGTACTGTC-4","Glut-DACH2-1","Ex_DACH2_ITGA9",0.365540815156367
"_TGATCTTCAGTCTTCC-4","Glut-DACH2-1","Ex_DACH2_LHX2",0.550890149804156
"_TGATCTTTCATTTCCA-4","Glut-DACH2-3","Ex_DACH2_ZMAT4",0.508448885822388
"_TGATGGTGTTGTGCAT-4","Glut-DACH2-1","Ex_DACH2_MGAT4C",0.601806090805343
"_TGATTCTGTGAAAGTT-4","Glut-DACH2-3","Ex_DACH2_ZMAT4",0.365325592954219
"_TGATTTCAGGGTAATT-4","Glut-DACH2-2","Ex_DACH2_ADAMTS5",0.429238257214164
"_TGCACGGCAAAGGTTA-4","Glut-DACH2-1","Ex_DACH2_MGAT4C",0.476810579996368
"_TGCACGGCACTTCCTG-4","Glut-DACH2-1","Ex_DACH2_GRIK4",0.428011917833093
"_TGCAGATGTCCCAAAT-4","Glut-DACH2-3","Ex_DACH2_ZMAT4",0.39797301044252
"_TGCAGATTCAGGTGTT-4","Glut-DACH2-4","Ex_DACH2_ITGA9",0.424731316839062
"_TGCAGATTCGCATGAT-4","Glut-DACH2-2","Ex_DACH2_LHX2",0.310734463052439
"_TGCAGTACACACACTA-4","Glut-DACH2-2","Ex_DACH2_MGAT4C",0.325969353264828
"_TGCATGACAAAGGGCT-4","Glut-DACH2-2","Ex_DACH2_MGAT4C",0.54390891745475
"_TGCATGAGTGTTAGCT-4","Glut-DACH2-2","Ex_DACH2_ADAMTS5",0.750154756624866
"_TGCCGAGCATAACCCA-4","Glut-DACH2-3","Ex_DACH2_SLIT2",0.623292652562059
"_TGCCGAGTCTGTTCAT-4","Glut-DACH2-3","Ex_DACH2_SLIT2",0.484320245185136
"_TGCGACGTCGTGGACC-4","Glut-DACH2-5","Ex_DACH2_ADAMTS5",0.736487602121447
"_TGCGATAGTTGTAAAG-4","Glut-DACH2-3","Ex_DACH2_SLIT2",0.832745360146702
"_TGCGGCAGTACTGACT-4","Glut-DACH2-3","Ex_DACH2_SLIT2",0.773330805784566
"_TGCGGGTAGACTTCCA-4","Glut-DACH2-3","Ex_DACH2_SLIT2",0.596388662995162
"_TGCGGGTCACTACCCT-4","Glut-DACH2-4","Ex_DACH2_ZMAT4",0.347650115749473
"_TGCGGGTGTGGTCTTA-4","Glut-DACH2-4","Ex_DACH2_ITGA9",0.364961934874057
"_TGCTCGTAGCCAAGCA-4","Glut-DACH2-3","Ex_DACH2_SLIT2",0.945473662624583
"_TGCTCGTAGTGCTCGC-4","Glut-DACH2-5","Ex_DACH2_ADAMTS5",0.806121205995843
"_TGCTGAACACAGCATT-4","Glut-DACH2-2","Ex_DACH2_ADAMTS5",0.564865877920899
"_TGCTGAACATTACGGT-4","Glut-DACH2-3","Ex_DACH2_SLIT2",0.778783354892386
"_TGCTGAAGTCCTTGTC-4","Glut-DACH2-3","Ex_DACH2_SLIT2",0.742251509939433
"_TGCTGAAGTGTAGTGG-4","Glut-DACH2-2","Ex_DACH2_MGAT4C",0.431950723404742
"_TGCTGAATCCAGCCTT-4","Glut-DACH2-1","Ex_DACH2_SLIT2",0.315923669238312
"_TGCTTCGAGTCATACC-4","Glut-DACH2-3","Ex_DACH2_ZMAT4",0.380555165847739
"_TGCTTCGAGTCTGGAG-4","Glut-DACH2-1","Ex_DACH2_MGAT4C",0.366379810198254
"_TGCTTCGAGTTACGAA-4","Glut-DACH2-5","Ex_DACH2_ADAMTS5",0.720517948812268
"_TGCTTCGTCCACAGCG-4","Glut-DACH2-4","Ex_DACH2_ITGA9",0.532078153408997
"_TGCTTGCGTGTCTTAG-4","Glut-DACH2-2","Ex_DACH2_LHX2",0.461902937948361
"_TGCTTGCGTTACCCTC-4","Glut-DACH2-1","Ex_DACH2_GRIK4",0.422616128699832
"_TGCTTGCTCCGATCTC-4","Glut-DACH2-1","Ex_DACH2_MGAT4C",0.457220898223402
"_TGGAACTAGAAGAGCA-4","Glut-DACH2-2","Ex_DACH2_ADAMTS5",0.389502111902591
"_TGGAACTAGGGATCGT-4","Glut-DACH2-3","Ex_DACH2_SLIT2",0.797818741464306
"_TGGAACTGTAAGGTCG-4","Glut-DACH2-3","Ex_DACH2_SLIT2",0.607741532750131
"_TGGAACTGTGATATAG-4","Glut-DACH2-3","Ex_DACH2_SLIT2",0.982357094812594
"_TGGAACTTCTAGTACG-4","Glut-DACH2-3","Ex_DACH2_SLIT2",0.716921146837528
"_TGGAGAGAGCCTGCCA-4","Glut-DACH2-2","Ex_DACH2_ADAMTS5",0.614940933453237
"_TGGAGAGCAACAAGAT-4","Glut-DACH2-1","Ex_DACH2_GRIK4",0.438541788193775
"_TGGAGAGCACGTTGGC-4","Glut-DACH2-5","Ex_DACH2_ADAMTS5",0.912591968177671
"_TGGAGAGGTCGGAAAC-4","Glut-DACH2-2","Ex_DACH2_MGAT4C",0.31923711494449
"_TGGAGAGGTTGTGGAG-4","Glut-DACH2-1","Ex_DACH2_NR4A3",0.950053519252082
"_TGGAGGAAGTCCTACA-4","Glut-DACH2-2","Ex_DACH2_LHX2",0.333240733510687
"_TGGAGGACATCTTTCA-4","Glut-DACH2-4","Ex_DACH2_MGAT4C",0.246689997285604
"_TGGAGGAGTTGACGGA-4","Glut-DACH2-1","Ex_DACH2_LHX2",0.487811612718937
"_TGGAGGATCTACGGGC-4","Glut-DACH2-1","Ex_DACH2_MGAT4C",0.436737267036575
"_TGGATCAGTCGGATTT-4","Glut-DACH2-2","Ex_DACH2_LHX2",0.433429745493808
"_TGGATGTAGAATCTAG-4","Glut-DACH2-1","Ex_DACH2_MGAT4C",0.356287749059068
"_TGGATGTCAAACACCT-4","Glut-DACH2-2","Ex_DACH2_MGAT4C",0.463440498835158
"_TGGATGTCAAATTGGA-4","Glut-DACH2-1","Ex_DACH2_NR4A3",0.85220410544714
"_TGGATGTCATTGAGGG-4","Glut-DACH2-1","Ex_DACH2_LHX2",0.409986678298424
"_TGGATGTGTTCCGTTC-4","Glut-DACH2-1","Ex_DACH2_MGAT4C",0.442320485569685
"_TGGCGTGAGGTATCTC-4","Glut-DACH2-2","Ex_DACH2_LHX2",0.603044991395912
"_TGGGAAGCACATAGCT-4","Glut-DACH2-2","Ex_DACH2_LHX2",0.331737717894716
"_TGGGAAGGTTGCTCCT-4","Glut-DACH2-1","Ex_DACH2_MGAT4C",0.392007733120384
"_TGGGAAGTCCCAAGTA-4","Glut-DACH2-3","Ex_DACH2_SLIT2",0.860902075134414
"_TGGGAGAAGGTTCTTG-4","Glut-DACH2-1","Ex_DACH2_MGAT4C",0.419177635076839
"_TGGGAGAAGTGTCATC-4","Glut-DACH2-2","Ex_DACH2_LHX2",0.374748814243021
"_TGGGATTCACAACGCC-4","Glut-DACH2-3","Ex_DACH2_NR4A3",0.823276037261336
"_TGGGCGTTCCGTCCTA-4","Glut-DACH2-3","Ex_DACH2_SLIT2",0.565776435008245
"_TGGGCGTTCCTTCAGC-4","Glut-DACH2-1","Ex_DACH2_MGAT4C",0.499071055501208
"_TGGGCTGAGGCGAAGG-4","Glut-DACH2-1","Ex_DACH2_MGAT4C",0.662264896390387
"_TGGGCTGAGTCTGTAC-4","Glut-DACH2-1","Ex_DACH2_NR4A3",0.989979446440275
"_TGGGCTGCATACAGGG-4","Glut-DACH2-2","Ex_DACH2_ADAMTS5",0.554567732587844
"_TGGGCTGGTTGCGGAA-4","Glut-DACH2-3","Ex_DACH2_SLIT2",0.604976334793715
"_TGGTACATCTTGGGCG-4","Glut-DACH2-3","Ex_DACH2_SLIT2",0.804095396139506
"_TGGTAGTTCCGGCAAC-4","Glut-DACH2-1","Ex_DACH2_MGAT4C",0.441834910082998
"_TGGTAGTTCCGGTTCT-4","Glut-DACH2-3","Ex_DACH2_SLIT2",0.401566862557995
"_TGGTAGTTCGAGAAGC-4","Glut-DACH2-3","Ex_DACH2_SLIT2",0.444678180351448
"_TGGTGATAGTAGCAAT-4","Glut-DACH2-1","Ex_DACH2_NR4A3",0.979990517219278
"_TGGTGATCAATGACCT-4","Glut-DACH2-2","Ex_DACH2_ADAMTS5",0.272308229554921
"_TGGTGATTCAAGATAG-4","Glut-DACH2-1","Ex_DACH2_MGAT4C",0.41702024635599
"_TGGTTAGAGCGATCGA-4","Glut-DACH2-1","Ex_DACH2_GRIK4",0.449398781090202
"_TGGTTAGAGCTAGAAT-4","Glut-DACH2-1","Ex_DACH2_ADAMTS5",0.336667203252779
"_TGGTTAGAGTCATACC-4","Glut-DACH2-2","Ex_DACH2_ADAMTS5",0.44861995138315
"_TGGTTAGGTGTCTTCC-4","Glut-DACH2-3","Ex_DACH2_SLIT2",0.815665619775974
"_TGGTTAGTCAAGAAAC-4","Glut-DACH2-4","Ex_DACH2_ITGA9",0.561856583538965
"_TGTAACGAGCCGTTAT-4","Glut-DACH2-1","Ex_DACH2_LHX2",0.635151116359223
"_TGTAACGCAGAAATTG-4","Glut-DACH2-1","Ex_DACH2_LHX2",0.35483399340729
"_TGTAACGCATAGATGA-4","Glut-DACH2-4","Ex_DACH2_ITGA9",0.520395042645921
"_TGTAACGTCCCGTTCA-4","Glut-DACH2-3","Ex_DACH2_SLIT2",0.42405021620748
"_TGTAAGCCAGGTGAGT-4","Glut-DACH2-1","Ex_DACH2_GRIK4",0.566818135656653
"_TGTAAGCTCCGCACGA-4","Glut-DACH2-3","Ex_DACH2_SLIT2",0.937493070836423
"_TGTAAGCTCGTTCCTG-4","Glut-DACH2-1","Ex_DACH2_MGAT4C",0.348742784035793
"_TGTACAGTCTCATTGT-4","Glut-DACH2-1","Ex_DACH2_NR4A3",0.732761380566354
"_TGTAGACCAAAGCTCT-4","Glut-DACH2-HVCx","Ex_DACH2_ITGA9",0.302793554461522
"_TGTAGACCAACTCGAT-4","Glut-DACH2-2","Ex_DACH2_LHX2",0.559171254099177
"_TGTAGACGTACCAATC-4","Glut-DACH2-1","Ex_DACH2_GRIK4",0.493446106775773
"_TGTAGACGTCCACACG-4","Glut-DACH2-1","Ex_DACH2_MGAT4C",0.490109699785604
"_TGTAGACTCGCTGTTC-4","Glut-DACH2-2","Ex_DACH2_LHX2",0.302463887155573
"_TGTCAGAAGATAACAC-4","Glut-DACH2-1","Ex_DACH2_ADAMTS5",0.651243926159989
"_TGTCCACAGACCATTC-4","Glut-DACH2-1","Ex_DACH2_NR4A3",0.966717112776436
"_TGTCCTGCAGTAACAA-4","Glut-DACH2-3","Ex_DACH2_SLIT2",0.890239192657627
"_TGTCCTGGTCATCCCT-4","Glut-DACH2-3","Ex_DACH2_ZMAT4",0.455141253991741
"_TGTGAGTAGTGGCGAT-4","Glut-DACH2-1","Ex_DACH2_NR4A3",0.712679069208865
"_TGTGCGGAGATCACTC-4","Glut-DACH2-3","Ex_DACH2_SLIT2",0.659967106890734
"_TGTGCGGAGGCAGGGA-4","Glut-DACH2-2","Ex_DACH2_GRIK4",0.350790340147159
"_TGTGGCGAGAGAGCGG-4","Glut-DACH2-1","Ex_DACH2_MGAT4C",0.345856022184367
"_TGTGGCGCAGGGAATC-4","Glut-DACH2-3","Ex_DACH2_SLIT2",0.86886434753084
"_TGTGGCGCATCCTGTC-4","Glut-DACH2-1","Ex_DACH2_MGAT4C",0.504679519237555
"_TGTGTGATCCATTTCA-4","Glut-DACH2-1","Ex_DACH2_MGAT4C",0.45777355426726
"_TGTTACTGTGTTCATG-4","Glut-DACH2-2","Ex_DACH2_MGAT4C",0.247941765053683
"_TGTTCCGAGCGAACTG-4","Glut-DACH2-3","Ex_DACH2_SLIT2",0.730707450546748
"_TGTTCCGCATTAGGCT-4","Glut-DACH2-2","Ex_DACH2_LHX2",0.408896663029996
"_TGTTCCGTCCTTCTGG-4","Glut-DACH2-1","Ex_DACH2_MGAT4C",0.422272388419091
"_TGTTCTAAGTACTGGG-4","Glut-DACH2-4","Ex_DACH2_ITGA9",0.238054663187905
"_TGTTCTACAAAGAGTT-4","Glut-DACH2-2","Ex_DACH2_LHX2",0.697413814374334
"_TGTTCTAGTATGCTTG-4","Glut-DACH2-3","Ex_DACH2_SLIT2",0.472507094874855
"_TGTTCTATCCTACAAG-4","Glut-DACH2-4","Ex_DACH2_NR4A3",0.690624880039363
"_TGTTGGACAGACGCTC-4","Glut-DACH2-1","Ex_DACH2_MGAT4C",0.507891362330574
"_TGTTGGAGTAGGGAGG-4","Glut-DACH2-1","Ex_DACH2_MGAT4C",0.489637623778591
"_TGTTTGTAGGTACAGC-4","Glut-DACH2-2","Ex_DACH2_LHX2",0.621857218456937
"_TGTTTGTGTAGTCTGT-4","Glut-DACH2-1","Ex_DACH2_GRIK4",0.41574518721139
"_TGTTTGTGTCCTACAA-4","Glut-DACH2-1","Ex_DACH2_MGAT4C",0.559974998495918
"_TGTTTGTTCAGGAGAC-4","Glut-DACH2-4","Ex_DACH2_SLIT2",0.30990970105664
"_TGTTTGTTCGGCGATC-4","Glut-DACH2-2","Ex_DACH2_MGAT4C",0.328467621544733
"_TTAATCCAGAGTTGAT-4","Glut-DACH2-3","Ex_DACH2_SLIT2",0.833987456234722
"_TTAATCCAGTGCTAGG-4","Glut-DACH2-1","Ex_DACH2_MGAT4C",0.656001579295547
"_TTACAGGAGCGAATGC-4","Glut-DACH2-2","Ex_DACH2_LHX2",0.589140824620947
"_TTACAGGAGGGCCCTT-4","Glut-DACH2-3","Ex_DACH2_SLIT2",0.907776176697048
"_TTACCATAGACCAACG-4","Glut-DACH2-5","Ex_DACH2_ADAMTS5",0.748617421136421
"_TTACCATGTCTTACTT-4","Glut-DACH2-2","Ex_DACH2_ADAMTS5",0.495617682144723
"_TTACCGCAGTACCCTA-4","Glut-DACH2-3","Ex_DACH2_SLIT2",0.475482478096671
"_TTACCGCCAATTGAAG-4","Glut-DACH2-3","Ex_DACH2_CEMIP",0.646358984266178
"_TTACCGCCAGTCACGC-4","Glut-DACH2-3","Ex_DACH2_ZMAT4",0.498809505531952
"_TTACGCCCAAGGATGC-4","Glut-DACH2-2","Ex_DACH2_GRIK4",0.368510286106702
"_TTACGCCTCTCAATCT-4","Glut-DACH2-3","Ex_DACH2_SLIT2",0.934229095227318
"_TTACGTTAGGTAAACT-4","Glut-DACH2-1","Ex_DACH2_MGAT4C",0.677403881760433
"_TTACGTTGTCATCCCT-4","Glut-DACH2-2","Ex_DACH2_LHX2",0.403065076347506
"_TTACGTTGTCCACTCT-4","Glut-DACH2-3","Ex_DACH2_SLIT2",0.816031225377132
"_TTACTGTAGGATGGCT-4","Glut-DACH2-3","Ex_DACH2_CEMIP",0.604057030500369
"_TTAGGCAGTCAATCTG-4","Glut-DACH2-1","Ex_DACH2_MGAT4C",0.492609137573316
"_TTAGGGTAGGAGGTTC-4","Glut-DACH2-3","Ex_DACH2_SLIT2",0.883694899139518
"_TTAGGGTTCACGATCA-4","Glut-DACH2-3","Ex_DACH2_ZMAT4",0.694334507949987
"_TTAGTCTAGAACGCGT-4","Glut-DACH2-3","Ex_DACH2_NR4A3",0.375918771276266
"_TTAGTCTTCAGCTTCC-4","Glut-DACH2-1","Ex_DACH2_LHX2",0.495049372250522
"_TTATTGCCACCTGCTT-4","Glut-DACH2-1","Ex_DACH2_GRIK4",0.352325396580368
"_TTCAATCCAAGGGTCA-4","Glut-DACH2-3","Ex_DACH2_ZMAT4",0.766749468911055
"_TTCAATCCATCGAGCC-4","Glut-DACH2-4","Ex_DACH2_GRIK4",0.27525611447257
"_TTCAATCGTCGCATGC-4","Glut-DACH2-2","Ex_DACH2_LHX2",0.60438630215858
"_TTCACCGCAGGACGAT-4","Glut-DACH2-1","Ex_DACH2_MGAT4C",0.455605726555411
"_TTCACCGGTGAGTTGG-4","Glut-DACH2-5","Ex_DACH2_LHX2",0.381363941001281
"_TTCACCGTCCGAGATT-4","Glut-DACH2-3","Ex_DACH2_SLIT2",0.925690525621896
"_TTCACGCAGCTAAACA-4","Glut-DACH2-1","Ex_DACH2_LHX2",0.510308437927481
"_TTCAGGACACAGGATG-4","Glut-DACH2-1","Ex_DACH2_GRIK4",0.609801715912023
"_TTCAGGATCACCTACC-4","Glut-DACH2-1","Ex_DACH2_MGAT4C",0.588031658593896
"_TTCATGTTCATACGGT-4","Glut-DACH2-1","Ex_DACH2_MGAT4C",0.370812230920559
"_TTCCAATCAAGTCCCG-4","Glut-DACH2-1","Ex_DACH2_MGAT4C",0.619571594916121
"_TTCCAATGTGATCATC-4","Glut-DACH2-3","Ex_DACH2_SLIT2",0.479817991364041
"_TTCCAATGTGTGAATA-4","Glut-DACH2-1","Ex_DACH2_MGAT4C",0.606598922854556
"_TTCCAATTCTACTGAG-4","Glut-DACH2-2","Ex_DACH2_MGAT4C",0.305144433817869
"_TTCCACGCATAATGAG-4","Glut-DACH2-3","Ex_DACH2_SLIT2",0.795372614812474
"_TTCCGGTTCGTAGGAG-4","Glut-DACH2-1","Ex_DACH2_ADAMTS5",0.47419103726954
"_TTCCGTGCAATTGCAC-4","Glut-DACH2-3","Ex_DACH2_SLIT2",0.953804772771658
"_TTCCTAATCTCACGAA-4","Glut-DACH2-3","Ex_DACH2_SLIT2",0.826816274535882
"_TTCCTCTCAGCATTGT-4","Glut-DACH2-5","Ex_DACH2_ADAMTS5",0.516151142575014
"_TTCCTTCCAAAGGAGA-4","Glut-DACH2-1","Ex_DACH2_GRIK4",0.558478030127834
"_TTCCTTCCAAGTCCAT-4","Glut-DACH2-1","Ex_DACH2_MGAT4C",0.530110739837719
"_TTCGATTCACACAGCC-4","Glut-DACH2-2","Ex_DACH2_MGAT4C",0.331150998832539
"_TTCGCTGAGCGACAGT-4","Glut-DACH2-2","Ex_DACH2_GRIK4",0.450992279411347
"_TTCGCTGCACAGCATT-4","Glut-DACH2-4","Ex_DACH2_ITGA9",0.462558679111196
"_TTCGCTGGTCAGCGTC-4","Glut-DACH2-3","Ex_DACH2_SLIT2",0.93950346683985
"_TTCGGTCAGACTAAGT-4","Glut-DACH2-1","Ex_DACH2_GRIK4",0.525418624755843
"_TTCTAACTCTAGCCAA-4","Glut-DACH2-1","Ex_DACH2_MGAT4C",0.476607123160236
"_TTCTAGTAGTCTGGAG-4","Glut-DACH2-3","Ex_DACH2_SLIT2",0.583145835363941
"_TTCTAGTTCAGATGCT-4","Glut-DACH2-1","Ex_DACH2_NR4A3",0.92873243882417
"_TTCTAGTTCTTTGCAT-4","Glut-DACH2-2","Ex_DACH2_GRIK4",0.447895310287382
"_TTCTCTCAGGTACATA-4","Glut-DACH2-2","Ex_DACH2_MGAT4C",0.393278139388864
"_TTCTCTCCAGCAGGAT-4","Glut-DACH2-4","Ex_DACH2_ITGA9",0.312524432873197
"_TTCTCTCGTCTTGCTC-4","Glut-DACH2-1","Ex_DACH2_ADAMTS5",0.819592962870758
"_TTCTCTCTCCGCACGA-4","Glut-DACH2-2","Ex_DACH2_MGAT4C",0.356569883183153
"_TTCTGTAGTGCGCTCA-4","Glut-DACH2-1","Ex_DACH2_MGAT4C",0.496851703735233
"_TTCTGTATCTAAGAAG-4","Glut-DACH2-1","Ex_DACH2_ADAMTS5",0.308359583804114
"_TTCTTCCCATTCCTCG-4","Glut-DACH2-4","Ex_DACH2_NR4A3",0.464449219032583
"_TTCTTCCGTATGTCCA-4","Glut-DACH2-5","Ex_DACH2_ADAMTS5",0.695864423123113
"_TTCTTCCTCTGAGGCC-4","Glut-DACH2-1","Ex_DACH2_NR4A3",0.998110390167124
"_TTCTTGAAGTCGCCCA-4","Glut-DACH2-4","Ex_DACH2_ITGA9",0.595178249064785
"_TTCTTGATCAAACTGC-4","Glut-DACH2-1","Ex_DACH2_NR4A3",0.440094946646921
"_TTGAACGTCTAGAGCT-4","Glut-DACH2-1","Ex_DACH2_MGAT4C",0.605143140905469
"_TTGACCCAGGGACAGG-4","Glut-DACH2-3","Ex_DACH2_NR4A3",0.612932900216754
"_TTGAGTGAGTTAGTAG-4","Glut-DACH2-2","Ex_DACH2_MGAT4C",0.315835084565432
"_TTGATGGAGTTGGAGC-4","Glut-DACH2-1","Ex_DACH2_MGAT4C",0.468931117942136
"_TTGATGGGTTACAGCT-4","Glut-DACH2-2","Ex_DACH2_LHX2",0.443456387664772
"_TTGCATTCAAATACGA-4","Glut-DACH2-5","Ex_DACH2_GRIK4",0.445872620930766
"_TTGCATTCACCAGACC-4","Glut-DACH2-3","Ex_DACH2_SLIT2",0.893519955852599
"_TTGCCTGTCGCATTGA-4","Glut-DACH2-4","Ex_DACH2_ITGA9",0.506982674124499
"_TTGCGTCCAAGACGGT-4","Glut-DACH2-1","Ex_DACH2_LHX2",0.526995360471274
"_TTGCGTCGTATCGCAT-4","Glut-DACH2-1","Ex_DACH2_GRIK4",0.442421556965621
"_TTGCGTCGTCACCGAC-4","Glut-DACH2-3","Ex_DACH2_CEMIP",0.494088191856034
"_TTGCTGCCAATAGTGA-4","Glut-DACH2-4","Ex_DACH2_ITGA9",0.608193901141748
"_TTGCTGCGTCTGCATA-4","Glut-DACH2-HVCra-Int","Ex_DACH2_ITGA9",0.255890897608687
"_TTGGATGGTTAAGTCC-4","Glut-DACH2-3","Ex_DACH2_SLIT2",0.614706237283454
"_TTGGGATAGGCTGGAT-4","Glut-DACH2-3","Ex_DACH2_SLIT2",0.743712546420098
"_TTGGGATAGGTCACCC-4","Glut-DACH2-3","Ex_DACH2_SLIT2",0.912969498936639
"_TTGGGATCACTCATAG-4","Glut-DACH2-1","Ex_DACH2_MGAT4C",0.51393073120373
"_TTGGGATGTCGAACGA-4","Glut-DACH2-2","Ex_DACH2_LHX2",0.316863620259359
"_TTGGGATTCCGAAGGA-4","Glut-DACH2-1","Ex_DACH2_NR4A3",0.587519641593897
"_TTGGGCGAGGGTTTCT-4","Glut-DACH2-2","Ex_DACH2_MGAT4C",0.296932403165561
"_TTGGGTAAGACCAGCA-4","Glut-DACH2-1","Ex_DACH2_MGAT4C",0.498799243805831
"_TTGGGTACACTCTAGA-4","Glut-DACH2-3","Ex_DACH2_SLIT2",0.886688353008015
"_TTGGGTAGTAGTCCTA-4","Glut-DACH2-3","Ex_DACH2_SLIT2",0.639038973225108
"_TTGGGTATCCCACAGG-4","Glut-DACH2-3","Ex_DACH2_SLIT2",0.637175486371634
"_TTGGTTTCAGGGACTA-4","Glut-DACH2-3","Ex_DACH2_SLIT2",0.964061508358988
"_TTGGTTTTCAAGAGGC-4","Glut-DACH2-1","Ex_DACH2_ADAMTS5",0.396782192708033
"_TTGTGGAAGATTAGAC-4","Glut-DACH2-5","Ex_DACH2_ADAMTS5",0.410383294917524
"_TTGTGGAAGCATTGAA-4","Glut-DACH2-4","Ex_DACH2_ITGA9",0.400383318966233
"_TTGTGTTAGAGTATAC-4","Glut-DACH2-3","Ex_DACH2_SLIT2",0.877149575540386
"_TTGTTCAAGACGCTCC-4","Glut-DACH2-1","Ex_DACH2_MGAT4C",0.412273402198199
"_TTGTTCATCACCTTAT-4","Glut-DACH2-1","Ex_DACH2_GRIK4",0.479809590544216
"_TTGTTGTGTATCGTGT-4","Glut-DACH2-3","Ex_DACH2_SLIT2",0.841017552705657
"_TTGTTGTTCGAGTCTA-4","Glut-DACH2-4","Ex_DACH2_ADAMTS5",0.409600874831778
"_TTGTTGTTCTTCGGTC-4","Glut-DACH2-3","Ex_DACH2_SLIT2",0.429175385615159
"_TTGTTTGAGAGAGGTA-4","Glut-DACH2-1","Ex_DACH2_MGAT4C",0.48317479525935
"_TTGTTTGAGGAGCAAA-4","Glut-DACH2-2","Ex_DACH2_ADAMTS5",0.35424692362442
"_TTGTTTGGTAGACAAT-4","Glut-DACH2-2","Ex_DACH2_LHX2",0.50035302633628
"_TTGTTTGGTGAGCTCC-4","Glut-DACH2-4","Ex_DACH2_ITGA9",0.572229074212226
"_TTTACGTAGGCATGGT-4","Glut-DACH2-3","Ex_DACH2_SLIT2",0.874267150866051
"_TTTACGTAGGTTGCCC-4","Glut-DACH2-3","Ex_DACH2_CEMIP",0.624806501141637
"_TTTACGTTCCCAAGTA-4","Glut-DACH2-1","Ex_DACH2_MGAT4C",0.539543401030684
"_TTTACTGAGTCACGAG-4","Glut-DACH2-1","Ex_DACH2_MGAT4C",0.426239450573292
"_TTTACTGTCTCGTGAA-4","Glut-DACH2-3","Ex_DACH2_SLIT2",0.850244416253004
"_TTTAGTCAGAAGTCTA-4","Glut-DACH2-1","Ex_DACH2_MGAT4C",0.472344564540942
"_TTTAGTCCAGGTAGTG-4","Glut-DACH2-1","Ex_DACH2_LHX2",0.628396366392739
"_TTTCACACACAGTGAG-4","Glut-DACH2-1","Ex_DACH2_MGAT4C",0.334783222004786
"_TTTCACACACGAGAAC-4","Glut-DACH2-2","Ex_DACH2_GRIK4",0.354714306048415
"_TTTCACACAGCTACCG-4","Glut-DACH2-1","Ex_DACH2_MGAT4C",0.650027204420835
"_TTTCACAGTGGCTACC-4","Glut-DACH2-2","Ex_DACH2_MGAT4C",0.331969179969673
"_TTTCAGTAGTTCCGTA-4","Glut-DACH2-3","Ex_DACH2_SLIT2",0.901640163259508
"_TTTCAGTGTAACACCT-4","Glut-DACH2-2","Ex_DACH2_LHX2",0.417891242945053
"_TTTCAGTGTCGAATTC-4","Glut-DACH2-3","Ex_DACH2_CEMIP",0.647459374013493
"_TTTCATGAGTAGGAAG-4","Glut-DACH2-3","Ex_DACH2_SLIT2",0.7046954959215
"_TTTCATGCACCCTGTT-4","Glut-DACH2-3","Ex_DACH2_ZMAT4",0.524670792808618
"_TTTCATGGTCTTTCTA-4","Glut-DACH2-2","Ex_DACH2_ADAMTS5",0.382840356295891
"_TTTCCTCGTATCTCTT-4","Glut-DACH2-2","Ex_DACH2_MGAT4C",0.418452269314805
"_TTTCGATCAACAGCCC-4","Glut-DACH2-3","Ex_DACH2_SLIT2",0.714186882612931
"_TTTCGATGTGAATTAG-4","Glut-DACH2-3","Ex_DACH2_SLIT2",0.595038100482701
"_TTTCGATGTGACTCGC-4","Glut-DACH2-2","Ex_DACH2_LHX2",0.412420009557476
"_TTTGACTAGTCATTGC-4","Glut-DACH2-1","Ex_DACH2_MGAT4C",0.506836765935043
"_TTTGACTCACACGGAA-4","Glut-DACH2-3","Ex_DACH2_ZMAT4",0.404668863044231
"_TTTGATCTCATTCGTT-4","Glut-DACH2-2","Ex_DACH2_LHX2",0.368322858605873
"_TTTGGAGAGGAAAGAC-4","Glut-DACH2-3","Ex_DACH2_CEMIP",0.559954099645965
"_TTTGGAGCAGATCCAT-4","Glut-DACH2-4","Ex_DACH2_NR4A3",0.316065265269812
"_TTTGGAGGTCCACAGC-4","Glut-DACH2-3","Ex_DACH2_SLIT2",0.421977513800581
"_TTTGGAGGTCTACAGT-4","Glut-DACH2-2","Ex_DACH2_LHX2",0.381972025796976
"_TTTGGTTGTCCCTCAT-4","Glut-DACH2-4","Ex_DACH2_ITGA9",0.646351793861703
"_TTTGGTTGTCCGGATC-4","Glut-DACH2-1","Ex_DACH2_MGAT4C",0.424440697169465
"_TTTGGTTTCATCGACA-4","Glut-DACH2-1","Ex_DACH2_NR4A3",0.770515475091841
"_TTTGTTGAGGCCATAG-4","Glut-DACH2-4","Ex_DACH2_ITGA9",0.591713932541951
"_AAACCCAAGTAGACAT-5","Glut-DACH2-LMANsh","Ex_DACH2_GRIK4",0.416644958134153
"_AAACCCAAGTAGGATT-5","Glut-DACH2-LMANsh","Ex_DACH2_LHX2",0.400478554290036
"_AAACCCAGTGACTATC-5","Glut-DACH2-LMANsh","Ex_DACH2_LHX2",0.433281926140354
"_AAACCCAGTGATACAA-5","Glut-DACH2-7","Ex_DACH2_CEMIP",0.371724802860917
"_AAACCCAGTTAATCGC-5","Glut-DACH2-8","Ex_DACH2_CEMIP",0.665356988694344
"_AAACCCATCGAATCCA-5","Glut-DACH2-LMANsh","Ex_DACH2_LHX2",0.556423965213959
"_AAACGAAAGAGACAAG-5","Glut-DACH2-5","Ex_DACH2_LHX2",0.397118524686157
"_AAACGAAGTATGTCAC-5","Glut-DACH2-LMANsh","Ex_DACH2_LHX2",0.598237172739219
"_AAACGAATCTAGGAAA-5","Glut-DACH2-8","Ex_DACH2_ZMAT4",0.435310024344075
"_AAACGCTGTGGCACTC-5","Glut-DACH2-LMANsh","Ex_DACH2_ADAMTS5",0.326110924489829
"_AAAGAACGTATCACGT-5","Glut-DACH2-LMANco","Ex_DACH2_CEMIP",0.485852959671873
"_AAAGGATCATTGTAGC-5","Glut-DACH2-LMANco","Ex_DACH2_ZMAT4",0.500601879301961
"_AAAGGATGTCCAATCA-5","Glut-DACH2-LMANco","Ex_SATB2_SOX6",0.519890313537229
"_AAAGGGCCAAATTGGA-5","Glut-DACH2-LMANco","Ex_DACH2_ZMAT4",0.529084718562255
"_AAAGGGCCAGCTGCCA-5","Glut-DACH2-8","Ex_DACH2_ZMAT4",0.504302458701884
"_AAAGGGCTCAGACAAA-5","Glut-DACH2-LMANsh","Ex_DACH2_ADAMTS5",0.666237314426687
"_AAAGGGCTCCGATAGT-5","Glut-DACH2-LMANsh","Ex_DACH2_LHX2",0.372352871974339
"_AAAGTCCAGATCGGTG-5","Glut-DACH2-LMANco","Ex_DACH2_ZMAT4",0.687329151174906
"_AAAGTCCCATCGATAC-5","Glut-DACH2-LMANco","Ex_SATB2_SOX6",0.610502293411815
"_AAAGTCCGTCATTCCC-5","Glut-DACH2-LMANco","Ex_DACH2_CEMIP",0.389852108063138
"_AAAGTCCTCAACCCGG-5","Glut-DACH2-LMANco","Ex_SATB2_SOX6",0.498775961639438
"_AAAGTGACAGTTACCA-5","Glut-DACH2-8","Ex_DACH2_ZMAT4",0.861668925696125
"_AAAGTGACATGGAAGC-5","Glut-DACH2-LMANsh","Ex_DACH2_LHX2",0.32244901525646
"_AAAGTGAGTCAACGCC-5","Glut-DACH2-LMANsh","Ex_DACH2_LHX2",0.34486604272227
"_AAAGTGATCGAGTACT-5","Glut-DACH2-LMANsh","Ex_DACH2_LHX2",0.651203985739686
"_AAATGGAAGGGTGAAA-5","Glut-DACH2-LMANsh","Ex_DACH2_ADAMTS5",0.451014128325586
"_AAATGGATCCCGTGTT-5","Glut-DACH2-LMANsh","Ex_DACH2_CEMIP",0.5153722378298
"_AACAACCCAATGGCCC-5","Glut-DACH2-8","Ex_DACH2_ZMAT4",0.717065697344912
"_AACAACCCACAGTACT-5","Glut-DACH2-8","Ex_DACH2_ZMAT4",0.798426256953461
"_AACAACCTCACCGCTT-5","Glut-DACH2-LMANsh","Ex_DACH2_LHX2",0.543607795320529
"_AACAAGACAAAGACTA-5","Glut-DACH2-LMANsh","Ex_DACH2_ADAMTS5",0.59888925365789
"_AACAAGAGTTACTCAG-5","Glut-DACH2-LMANsh","Ex_DACH2_LHX2",0.508582280304497
"_AACAAGATCGAACTCA-5","Glut-DACH2-LMANsh","Ex_DACH2_LHX2",0.523139763198041
"_AACACACAGCCGTCGT-5","Glut-DACH2-LMANsh","Ex_DACH2_LHX2",0.563234444658984
"_AACACACCAATTGCAC-5","Glut-DACH2-LMANsh","Ex_DACH2_LHX2",0.565750353189581
"_AACACACGTTTACGAC-5","Glut-DACH2-LMANsh","Ex_DACH2_LHX2",0.515084368719655
"_AACAGGGAGAGTCACG-5","Glut-DACH2-8","Ex_DACH2_ZMAT4",0.804797963485849
"_AACAGGGGTCTTGAAC-5","Glut-DACH2-6","Ex_DACH2_CEMIP",0.706746617331192
"_AACCAACGTTTCCCAC-5","Glut-DACH2-LMANsh","Ex_DACH2_LHX2",0.26440252945809
"_AACCAACTCAGGTGTT-5","Glut-DACH2-LMANsh","Ex_DACH2_ADAMTS5",0.474426228425819
"_AACCACAAGACTTCCA-5","Glut-DACH2-LMANsh","Ex_DACH2_LHX2",0.405134005913227
"_AACCACATCTCTTGCG-5","Glut-DACH2-LMANsh","Ex_DACH2_LHX2",0.305620964267822
"_AACCATGAGAATGTTG-5","Glut-DACH2-LMANco","Ex_DACH2_CEMIP",0.495464695846555
"_AACCATGCACAAGCAG-5","Glut-DACH2-LMANsh","Ex_DACH2_LHX2",0.618066367357792
"_AACCATGCATGCTGCG-5","Glut-DACH2-LMANsh","Ex_DACH2_LHX2",0.626448328584391
"_AACCATGGTGTCCGTG-5","Glut-DACH2-LMANsh","Ex_DACH2_LHX2",0.339168432420894
"_AACCATGTCTGGACTA-5","Glut-DACH2-LMANsh","Ex_DACH2_LHX2",0.569335203117899
"_AACCCAACATGAAAGT-5","Glut-DACH2-LMANsh","Ex_DACH2_ADAMTS5",0.437462950180246
"_AACCCAAGTAGCTCGC-5","Glut-DACH2-8","Ex_DACH2_ZMAT4",0.623874145006682
"_AACCTGACAGACACCC-5","Glut-DACH2-LMANsh","Ex_DACH2_LHX2",0.640673240812968
"_AACCTGATCATGAGTC-5","Glut-DACH2-LMANco","Ex_SATB2_SOX6",0.564820567382857
"_AACGAAACATTGAAAG-5","Glut-DACH2-LMANsh","Ex_DACH2_LHX2",0.616521077057182
"_AACGAAAGTCCACATA-5","Glut-DACH2-6","Ex_DACH2_CEMIP",0.59715372597764
"_AACGGGAAGCACCGAA-5","Glut-DACH2-LMANsh","Ex_DACH2_LHX2",0.64991861980248
"_AACGGGAGTAGCACGA-5","Glut-DACH2-LMANco","Ex_DACH2_ZMAT4",0.390705345403389
"_AACGTCAGTACCATAC-5","Glut-DACH2-LMANsh","Ex_DACH2_ADAMTS5",0.616960973909077
"_AACGTCATCGGTCTGG-5","Glut-DACH2-LMANco","Ex_DACH2_CEMIP",0.356199521282899
"_AACTTCTCATTGCTGA-5","Glut-DACH2-5","Ex_DACH2_ADAMTS5",0.445008781476833
"_AACTTCTGTTAGGCCC-5","Glut-DACH2-LMANsh","Ex_DACH2_ADAMTS5",0.579060303116226
"_AAGAACACACCGGTCA-5","Glut-DACH2-LMANsh","Ex_DACH2_ZMAT4",0.521647962278025
"_AAGAACACACTTCAGA-5","Glut-DACH2-LMANco","Ex_DACH2_CEMIP",0.418026085880772
"_AAGAACAGTAACAGGC-5","Glut-DACH2-LMANsh","Ex_DACH2_ADAMTS5",0.597146386483373
"_AAGAACAGTAAGATCA-5","Glut-DACH2-LMANsh","Ex_DACH2_ADAMTS5",0.343819923849912
"_AAGACAATCGCTACGG-5","Glut-DACH2-LMANco","Ex_DACH2_ZMAT4",0.443726742883541
"_AAGACAATCGTGCTCT-5","Glut-DACH2-6","Ex_DACH2_CEMIP",0.647589219280618
"_AAGACTCCACGTCATA-5","Glut-DACH2-6","Ex_DACH2_CEMIP",0.903453531252909
"_AAGACTCCATCGTGCG-5","Glut-DACH2-LMANsh","Ex_DACH2_LHX2",0.596095518585541
"_AAGACTCGTTCGAGCC-5","Glut-DACH2-6","Ex_DACH2_CEMIP",0.824800691082046
"_AAGATAGAGGTAGGCT-5","Glut-DACH2-LMANsh","Ex_DACH2_LHX2",0.4699497580913
"_AAGATAGGTCCTTGTC-5","Glut-DACH2-LMANsh","Ex_DACH2_LHX2",0.652679397476959
"_AAGATAGTCCGTGTAA-5","Glut-DACH2-8","Ex_DACH2_ZMAT4",0.450213784622063
"_AAGATAGTCTGGCTGG-5","Glut-DACH2-8","Ex_DACH2_ZMAT4",0.573858766597437
"_AAGCATCAGGTGCCTC-5","Glut-DACH2-LMANco","Ex_DACH2_ZMAT4",0.330913041598658
"_AAGCATCCAGGACTTT-5","Glut-DACH2-LMANsh","Ex_DACH2_LHX2",0.623488043478795
"_AAGCCATAGCAATTCC-5","Glut-DACH2-LMANsh","Ex_DACH2_LHX2",0.502187146041953
"_AAGCCATCAAGCCTGC-5","Glut-DACH2-LMANsh","Ex_DACH2_LHX2",0.476481994985776
"_AAGCCATCACATGGTT-5","Glut-DACH2-LMANsh","Ex_DACH2_ADAMTS5",0.346512769411365
"_AAGCGAGAGGTCCCGT-5","Glut-DACH2-8","Ex_DACH2_ZMAT4",0.431329633481342
"_AAGCGAGAGTTGCGAG-5","Glut-DACH2-8","Ex_DACH2_ZMAT4",0.625518681076475
"_AAGCGAGCAACAAGTA-5","Glut-DACH2-LMANco","Ex_DACH2_CEMIP",0.445675333083165
"_AAGCGTTAGAAGAACG-5","Glut-DACH2-LMANsh","Ex_DACH2_LHX2",0.544734603866147
"_AAGCGTTAGCGTTCCG-5","Glut-DACH2-LMANco","Ex_DACH2_CEMIP",0.537401532067678
"_AAGGTAACAACGTATC-5","Glut-DACH2-8","Ex_DACH2_ZMAT4",0.599371806107202
"_AAGGTAACAATTCTTC-5","Glut-DACH2-LMANco","Ex_DACH2_ZMAT4",0.655724665162218
"_AAGTACCCATGTGTCA-5","Glut-DACH2-8","Ex_DACH2_ZMAT4",0.706690311095378
"_AAGTACCGTCGTCTCT-5","Glut-DACH2-LMANco","Ex_DACH2_ZMAT4",0.739727018319377
"_AAGTACCTCGCTCATC-5","Glut-DACH2-LMANco","Ex_DACH2_ZMAT4",0.489780488631921
"_AAGTCGTAGAGGCGTT-5","Glut-DACH2-LMANsh","Ex_DACH2_LHX2",0.566738352739321
"_AAGTGAACAAAGGCAC-5","Glut-DACH2-LMANco","Ex_SATB2_SOX6",0.503515444197575
"_AAGTGAAGTAGCCCTG-5","Glut-DACH2-8","Ex_DACH2_ZMAT4",0.738901528522291
"_AAGTTCGAGTGTGTTC-5","Glut-DACH2-LMANsh","Ex_DACH2_LHX2",0.48756430967436
"_AATAGAGCAAATACGA-5","Glut-DACH2-LMANco","Ex_DACH2_ZMAT4",0.499732506622584
"_AATAGAGCAGACACAG-5","Glut-DACH2-LMANco","Ex_DACH2_ZMAT4",0.389562506011427
"_AATAGAGTCGTGGCGT-5","Glut-DACH2-LMANsh","Ex_DACH2_LHX2",0.64606835857441
"_AATCACGAGTGTAGAT-5","Glut-DACH2-LMANsh","Ex_DACH2_ADAMTS5",0.519803941260066
"_AATCACGGTTACCGTA-5","Glut-DACH2-LMANsh","Ex_DACH2_LHX2",0.609025743401703
"_AATCACGTCCACTTCG-5","Glut-DACH2-LMANsh","Ex_DACH2_LHX2",0.511220332155033
"_AATCGACAGAGGATGA-5","Glut-DACH2-LMANsh","Ex_DACH2_LHX2",0.457709388129856
"_AATCGACAGGGTTGCA-5","Glut-DACH2-LMANco","Ex_DACH2_ZMAT4",0.684589408455833
"_AATCGACCAGTGCGCT-5","Glut-DACH2-LMANsh","Ex_DACH2_ADAMTS5",0.435852534440175
"_AATCGACGTCCACATA-5","Glut-DACH2-LMANsh","Ex_DACH2_LHX2",0.615929785761236
"_AATCGTGAGAATCTAG-5","Glut-DACH2-LMANco","Ex_DACH2_CEMIP",0.57923886282122
"_AATCGTGTCCTACAAG-5","Glut-DACH2-LMANsh","Ex_DACH2_GRIK4",0.297801524535201
"_AATGAAGCACAAATCC-5","Glut-DACH2-LMANco","Ex_DACH2_CEMIP",0.39731685889043
"_AATGAAGGTACGGCAA-5","Glut-DACH2-6","Ex_DACH2_CEMIP",0.874750792436
"_AATGAAGTCAACCTCC-5","Glut-DACH2-LMANsh","Ex_DACH2_ZMAT4",0.452291340068958
"_AATGACCGTCAACACT-5","Glut-DACH2-LMANco","Ex_DACH2_CEMIP",0.32157129683327
"_AATGCCAAGCAAGGAA-5","Glut-DACH2-LMANsh","Ex_DACH2_LHX2",0.561414321566158
"_AATGCCATCCATGAGT-5","Glut-DACH2-LMANco","Ex_DACH2_ZMAT4",0.853552827036847
"_AATGGAACAGACAAGC-5","Glut-DACH2-LMANsh","Ex_DACH2_LHX2",0.35664458043459
"_AATGGAACAGGTTCCG-5","Glut-DACH2-8","Ex_DACH2_ZMAT4",0.473903344449552
"_AATGGAAGTTTGTTCT-5","Glut-DACH2-8","Ex_DACH2_ZMAT4",0.643192167933427
"_AATGGAATCGAGTTGT-5","Glut-DACH2-LMANsh","Ex_DACH2_LHX2",0.699375547995398
"_AATGGCTCATCCTAAG-5","Glut-DACH2-LMANco","Ex_DACH2_CEMIP",0.631783872197342
"_AATGGCTTCGAGTGGA-5","Glut-DACH2-LMANsh","Ex_DACH2_LHX2",0.352254592953404
"_AATTCCTGTAGTTCCA-5","Glut-DACH2-LMANco","Ex_DACH2_CEMIP",0.468342102024647
"_AATTTCCCAAGGACAC-5","Glut-DACH2-6","Ex_DACH2_CEMIP",0.78791488839128
"_AATTTCCCACCCTCTA-5","Glut-DACH2-8","Ex_DACH2_ZMAT4",0.925016134871681
"_AATTTCCTCCGCTGTT-5","Glut-DACH2-LMANco","Ex_SATB2_SOX6",0.457911724537215
"_AATTTCCTCTTTGCTA-5","Glut-DACH2-LMANco","Ex_SATB2_SOX6",0.425034969631346
"_ACAAAGATCGTAGCTA-5","Glut-DACH2-LMANco","Ex_DACH2_ZMAT4",0.473133754839465
"_ACAACCAAGAACCCGA-5","Glut-DACH2-6","Ex_DACH2_CEMIP",0.635137416712088
"_ACAAGCTAGAAACTCA-5","Glut-DACH2-LMANsh","Ex_DACH2_GRIK4",0.488363242047681
"_ACAAGCTGTCCACTTC-5","Glut-DACH2-6","Ex_DACH2_CEMIP",0.824511374781432
"_ACAAGCTGTGACACAG-5","Glut-DACH2-LMANco","Ex_DACH2_ZMAT4",0.612430345880978
"_ACAAGCTTCCTCACCA-5","Glut-DACH2-LMANsh","Ex_DACH2_LHX2",0.4908525867265
"_ACACAGTCAGCTACAT-5","Glut-DACH2-LMANsh","Ex_DACH2_ADAMTS5",0.657599959381373
"_ACACCAACAATTGAGA-5","Glut-DACH2-LMANsh","Ex_DACH2_LHX2",0.532197092749634
"_ACACCAATCCACGTCT-5","Glut-DACH2-LMANsh","Ex_DACH2_ADAMTS5",0.37560084960054
"_ACACGCGCAATTGTGC-5","Glut-DACH2-8","Ex_DACH2_ZMAT4",0.789997068456089
"_ACACGCGCAGCCCACA-5","Glut-DACH2-7","Ex_DACH2_NR4A3",0.520409437495211
"_ACAGAAAAGCAATAAC-5","Glut-DACH2-LMANco","Ex_SATB2_SOX6",0.390796140389303
"_ACAGAAACAATAACGA-5","Glut-DACH2-8","Ex_DACH2_ZMAT4",0.857521877556522
"_ACAGAAACATCCTTGC-5","Glut-DACH2-LMANsh","Ex_DACH2_LHX2",0.628617745040693
"_ACAGAAAGTCGATTAC-5","Glut-DACH2-LMANsh","Ex_DACH2_LHX2",0.588551910038782
"_ACAGCCGTCCCGTGAG-5","Glut-DACH2-LMANsh","Ex_DACH2_ADAMTS5",0.431949064633732
"_ACAGGGACAATCTGCA-5","Glut-DACH2-LMANco","Ex_DACH2_ZMAT4",0.861318108295905
"_ACAGGGATCTGATGGT-5","Glut-DACH2-LMANco","Ex_DACH2_ZMAT4",0.696731364266148
"_ACATCCCCAACTCGTA-5","Glut-DACH2-LMANco","Ex_SATB2_SOX6",0.474052173804956
"_ACATCCCGTGTTGATC-5","Glut-DACH2-LMANsh","Ex_DACH2_LHX2",0.562385136147525
"_ACATCCCTCAATCCGA-5","Glut-DACH2-LMANsh","Ex_DACH2_LHX2",0.61732433070565
"_ACATCGAAGAATGTTG-5","Glut-DACH2-LMANsh","Ex_DACH2_LHX2",0.514620273648423
"_ACATCGACAATCGCAT-5","Glut-DACH2-5","Ex_DACH2_LHX2",0.390043398760152
"_ACATCGACACACCGAC-5","Glut-DACH2-LMANsh","Ex_DACH2_LHX2",0.456581440996408
"_ACATCGAGTTATCTTC-5","Glut-DACH2-LMANsh","Ex_DACH2_LHX2",0.335294601006215
"_ACATCGAGTTGCACGC-5","Glut-DACH2-8","Ex_DACH2_ZMAT4",0.895866033304813
"_ACATCGATCACGGTCG-5","Glut-DACH2-LMANco","Ex_SATB2_SOX6",0.412162151962339
"_ACATGCACACCCTGAG-5","Glut-DACH2-LMANsh","Ex_DACH2_ADAMTS5",0.262010242201192
"_ACATTTCGTGAGCCAA-5","Glut-DACH2-LMANco","Ex_DACH2_CEMIP",0.566798074717028
"_ACCAAACCAGGAAGTC-5","Glut-DACH2-LMANsh","Ex_DACH2_ADAMTS5",0.473092781384657
"_ACCAAACTCGGTGAAG-5","Glut-DACH2-6","Ex_DACH2_CEMIP",0.712968593105431
"_ACCACAAGTGCACATT-5","Glut-DACH2-LMANco","Ex_SATB2_SOX6",0.34595934360537
"_ACCACAAGTTCCTAGA-5","Glut-DACH2-LMANsh","Ex_DACH2_LHX2",0.650802591442611
"_ACCACAATCACATACG-5","Glut-DACH2-8","Ex_DACH2_ZMAT4",0.664197216559184
"_ACCATTTCACTCCGAG-5","Glut-DACH2-8","Ex_DACH2_ZMAT4",0.557030645210587
"_ACCATTTGTTGTATGC-5","Glut-DACH2-LMANsh","Ex_DACH2_ADAMTS5",0.328196736118164
"_ACCATTTGTTTAGACC-5","Glut-DACH2-LMANco","Ex_SATB2_SOX6",0.42787326392312
"_ACCCAAAGTATAGCTC-5","Glut-DACH2-LMANsh","Ex_DACH2_LHX2",0.565539853012587
"_ACCCTCACATCAGCAT-5","Glut-DACH2-8","Ex_DACH2_ZMAT4",0.781009426837585
"_ACCCTCATCATCACCC-5","Glut-DACH2-LMANco","Ex_DACH2_ZMAT4",0.833271228104466
"_ACCCTTGGTCCTCATC-5","Glut-DACH2-LMANco","Ex_SATB2_SOX6",0.536309616394534
"_ACCCTTGTCCTTGAAG-5","Glut-DACH2-LMANsh","Ex_DACH2_LHX2",0.543788660559475
"_ACCCTTGTCTTTGATC-5","Glut-DACH2-8","Ex_DACH2_ZMAT4",0.731241499104935
"_ACCGTTCGTCAGCGTC-5","Glut-DACH2-LMANco","Ex_DACH2_CEMIP",0.59295351007036
"_ACCTACCGTTCTCAGA-5","Glut-DACH2-LMANsh","Ex_DACH2_LHX2",0.30357745178639
"_ACCTGAATCAAACTGC-5","Glut-DACH2-LMANsh","Ex_DACH2_LHX2",0.641194285049224
"_ACCTGTCCAGAAGTGC-5","Glut-DACH2-LMANsh","Ex_DACH2_LHX2",0.693643076971615
"_ACCTGTCCATACACCA-5","Glut-DACH2-LMANco","Ex_DACH2_ZMAT4",0.459954976832651
"_ACCTGTCGTCATCAGT-5","Glut-DACH2-8","Ex_DACH2_ZMAT4",0.743367691794695
"_ACGATGTCAAAGAACT-5","Glut-DACH2-LMANco","Ex_DACH2_ZMAT4",0.449968916490015
"_ACGATGTCACTTCAAG-5","Glut-DACH2-8","Ex_DACH2_ZMAT4",0.773661137589373
"_ACGATGTGTTAAGGGC-5","Glut-DACH2-6","Ex_DACH2_CEMIP",0.475980085275335
"_ACGATGTTCGACATTG-5","Glut-DACH2-LMANsh","Ex_DACH2_LHX2",0.522431327694908
"_ACGCACGGTGATTCTG-5","Glut-DACH2-8","Ex_DACH2_ZMAT4",0.780060648985215
"_ACGGAAGAGAGAATCT-5","Glut-DACH2-LMANsh","Ex_DACH2_ADAMTS5",0.370539683884335
"_ACGGAAGGTCCTGTCT-5","Glut-DACH2-LMANsh","Ex_DACH2_LHX2",0.689741637734756
"_ACGGAAGTCTGGTGCG-5","Glut-DACH2-6","Ex_DACH2_CEMIP",0.845534183394313
"_ACGGGTCGTCACGACC-5","Glut-DACH2-LMANco","Ex_SATB2_SOX6",0.493613587897192
"_ACGGTCGCAAGATTGA-5","Glut-DACH2-LMANco","Ex_SATB2_SOX6",0.508031057759927
"_ACGGTCGGTATCCTCC-5","Glut-DACH2-LMANsh","Ex_DACH2_LHX2",0.676618321438629
"_ACGGTCGTCGTAACTG-5","Glut-DACH2-8","Ex_DACH2_ZMAT4",0.877227118541702
"_ACGGTTAAGGTGGGTT-5","Glut-DACH2-7","Ex_DACH2_NR4A3",0.429391074695156
"_ACGGTTAGTCTGCGCA-5","Glut-DACH2-8","Ex_DACH2_ZMAT4",0.70744932682476
"_ACGGTTATCGAGTGAG-5","Glut-DACH2-8","Ex_DACH2_ZMAT4",0.934668136142967
"_ACGTAACAGCATTTCG-5","Glut-DACH2-6","Ex_DACH2_CEMIP",0.608908352527186
"_ACGTAACCAGTACTAC-5","Glut-DACH2-5","Ex_DACH2_LHX2",0.498455387294056
"_ACGTAACGTGTCTTAG-5","Glut-DACH2-LMANsh","Ex_DACH2_LHX2",0.598688544762356
"_ACGTAACGTTGGTACT-5","Glut-DACH2-LMANco","Ex_DACH2_CEMIP",0.368294961263022
"_ACGTACAAGGATCATA-5","Glut-DACH2-8","Ex_DACH2_ZMAT4",0.73560387606898
"_ACGTACAAGGTAAGTT-5","Glut-DACH2-LMANsh","Ex_DACH2_LHX2",0.578022720651611
"_ACGTACAAGTGCACCC-5","Glut-DACH2-8","Ex_DACH2_ZMAT4",0.703142858503616
"_ACGTACATCACCTCGT-5","Glut-DACH2-LMANsh","Ex_DACH2_ADAMTS5",0.658591003237238
"_ACGTAGTCAGACCTGC-5","Glut-DACH2-LMANco","Ex_SATB2_SOX6",0.462844046099839
"_ACGTAGTCATCCCACT-5","Glut-DACH2-5","Ex_DACH2_LHX2",0.462690072881744
"_ACGTCCTAGAGATGCC-5","Glut-DACH2-8","Ex_DACH2_ZMAT4",0.831458442171276
"_ACGTTCCGTCCGGACT-5","Glut-DACH2-LMANsh","Ex_DACH2_LHX2",0.555952674467252
"_ACTACGAGTAGGATAT-5","Glut-DACH2-LMANsh","Ex_DACH2_LHX2",0.668557156583263
"_ACTACGATCAGGAACG-5","Glut-DACH2-LMANco","Ex_DACH2_ZMAT4",0.455298120324477
"_ACTACGATCTGTGCAA-5","Glut-DACH2-LMANco","Ex_SATB2_SOX6",0.450324164189958
"_ACTATCTCATCCGTGG-5","Glut-DACH2-LMANco","Ex_DACH2_ZMAT4",0.722808503462323
"_ACTATCTTCGTTATCT-5","Glut-DACH2-LMANsh","Ex_DACH2_ADAMTS5",0.244159156650135
"_ACTATTCAGACCTGGA-5","Glut-DACH2-LMANsh","Ex_DACH2_ADAMTS5",0.578593284903853
"_ACTATTCGTCGAAACG-5","Glut-DACH2-LMANco","Ex_DACH2_CEMIP",0.379381706858043
"_ACTCCCAGTACCTGTA-5","Glut-DACH2-8","Ex_DACH2_ZMAT4",0.500495715114852
"_ACTCTCGCAGTGTATC-5","Glut-DACH2-8","Ex_DACH2_ZMAT4",0.648677000527183
"_ACTGATGAGGGTTAGC-5","Glut-DACH2-5","Ex_DACH2_LHX2",0.637736991544262
"_ACTGATGTCTCCTGTG-5","Glut-DACH2-LMANco","Ex_DACH2_CEMIP",0.544371521864493
"_ACTGCAAGTCAAAGAT-5","Glut-DACH2-LMANco","Ex_SATB2_SOX6",0.522870426345704
"_ACTGTCCGTCCTGGGT-5","Glut-DACH2-LMANsh","Ex_DACH2_ZMAT4",0.661271873644908
"_ACTGTCCGTGGTATGG-5","Glut-DACH2-8","Ex_DACH2_ZMAT4",0.845078925236662
"_ACTGTCCTCTAGTACG-5","Glut-DACH2-8","Ex_DACH2_ZMAT4",0.750630956412235
"_ACTGTGAAGTTACGGG-5","Glut-DACH2-LMANsh","Ex_DACH2_LHX2",0.484356475528104
"_ACTGTGAGTGAGTCAG-5","Glut-SATB2-1","Ex_SATB2_ZNF385B",0.995525618859191
"_ACTTAGGTCCTGTTGC-5","Glut-DACH2-LMANco","Ex_DACH2_CEMIP",0.420565219074869
"_ACTTATCGTGTTCCTC-5","Glut-DACH2-LMANco","Ex_DACH2_ZMAT4",0.522732865627258
"_ACTTATCGTTTGGCTA-5","Glut-DACH2-LMANco","Ex_SATB2_SOX6",0.502989300745152
"_ACTTCCGAGTCCTGTA-5","Glut-DACH2-LMANco","Ex_DACH2_CEMIP",0.543826340398775
"_ACTTCCGTCGGTAGGA-5","Glut-DACH2-8","Ex_DACH2_ZMAT4",0.660870671794811
"_ACTTTCAGTCTGTGGC-5","Glut-DACH2-LMANsh","Ex_DACH2_LHX2",0.654861661217745
"_ACTTTGTGTCCCAAAT-5","Glut-DACH2-LMANco","Ex_DACH2_CEMIP",0.521574541728695
"_ACTTTGTTCTCGTGAA-5","Glut-DACH2-LMANsh","Ex_DACH2_ADAMTS5",0.398537001862261
"_AGAAATGAGGGTACAC-5","Glut-DACH2-8","Ex_DACH2_ZMAT4",0.676966270745869
"_AGAAATGGTGGTCTTA-5","Glut-DACH2-8","Ex_DACH2_ZMAT4",0.648585778593724
"_AGAACAAAGCCTAGGA-5","Glut-DACH2-6","Ex_DACH2_CEMIP",0.651312013816975
"_AGAACAAGTGTGAGCA-5","Glut-DACH2-LMANsh","Ex_DACH2_ZMAT4",0.227862670015208
"_AGAACAAGTTTAGACC-5","Glut-DACH2-LMANco","Ex_DACH2_ZMAT4",0.501011862122162
"_AGAACAATCGTTCTGC-5","Glut-DACH2-8","Ex_DACH2_GRIK4",0.596912529290571
"_AGAACCTAGACCAGAC-5","Glut-DACH2-LMANsh","Ex_DACH2_ZMAT4",0.582315618489213
"_AGAAGCGAGTCTAGAA-5","Glut-DACH2-LMANco","Ex_DACH2_ZMAT4",0.860684211823487
"_AGAAGCGCAGTATTCG-5","Glut-DACH2-LMANco","Ex_SATB2_SOX6",0.504835407535625
"_AGAAGCGGTGAGACGT-5","Glut-DACH2-5","Ex_DACH2_LHX2",0.631498847329539
"_AGAAGCGGTTCTCCTG-5","Glut-DACH2-LMANco","Ex_SATB2_SOX6",0.379495536485889
"_AGAAGCGTCACCATGA-5","Glut-DACH2-8","Ex_DACH2_ZMAT4",0.904733496456492
"_AGAAGCGTCTTTCCGG-5","Glut-DACH2-LMANco","Ex_SATB2_SOX6",0.546030797317967
"_AGAAGTACACGCAAAG-5","Glut-DACH2-LMANco","Ex_DACH2_ZMAT4",0.685961054502448
"_AGAAGTAGTCTTGGTA-5","Glut-DACH2-LMANco","Ex_DACH2_ZMAT4",0.645902652493736
"_AGACACTCACTACGGC-5","Glut-DACH2-LMANsh","Ex_DACH2_NR4A3",0.410034366559149
"_AGACACTCATCAGCTA-5","Glut-DACH2-LMANco","Ex_DACH2_CEMIP",0.529397731661159
"_AGACACTGTCGCTCGA-5","Glut-DACH2-8","Ex_DACH2_ZMAT4",0.879433389644427
"_AGACAGGAGGTGCTTT-5","Glut-DACH2-LMANsh","Ex_DACH2_LHX2",0.463283930348223
"_AGACAGGAGTACCCTA-5","Glut-DACH2-LMANsh","Ex_DACH2_LHX2",0.624440553343825
"_AGACAGGCATGGAAGC-5","Glut-DACH2-LMANco","Ex_DACH2_ZMAT4",0.361370787188512
"_AGACAGGTCTAGTACG-5","Glut-DACH2-8","Ex_DACH2_ZMAT4",0.873137554411232
"_AGACCATAGGAAGTCC-5","Glut-DACH2-LMANsh","Ex_DACH2_GRIK4",0.394552878690341
"_AGACCATCATCTAACG-5","Glut-DACH2-7","Ex_DACH2_ADAMTS5",0.411077359953557
"_AGACCATTCGACATAC-5","Glut-DACH2-LMANco","Ex_SATB2_SOX6",0.436782615603355
"_AGACCCGCACTGTGAT-5","Glut-DACH2-LMANco","Ex_DACH2_CEMIP",0.393310185062837
"_AGACCCGGTTGAAGTA-5","Glut-DACH2-8","Ex_DACH2_CEMIP",0.481343412044395
"_AGACCCGTCCATCTCG-5","Glut-DACH2-8","Ex_DACH2_ZMAT4",0.754760025584604
"_AGACTCAAGGAGTCTG-5","Glut-DACH2-8","Ex_DACH2_ZMAT4",0.79280309517464
"_AGACTCAAGGGTTAAT-5","Glut-DACH2-LMANco","Ex_DACH2_ZMAT4",0.742590793467439
"_AGACTCACATGACTGT-5","Glut-DACH2-6","Ex_DACH2_CEMIP",0.938356101676427
"_AGAGAATCACATTACG-5","Glut-DACH2-LMANsh","Ex_DACH2_LHX2",0.474925067996864
"_AGAGAATCATTCACCC-5","Glut-DACH2-LMANsh","Ex_DACH2_LHX2",0.650175364631399
"_AGAGAATTCCACCCTA-5","Glut-DACH2-LMANsh","Ex_DACH2_LHX2",0.63680885208706
"_AGAGAGCAGGAGATAG-5","Glut-DACH2-LMANco","Ex_DACH2_ZMAT4",0.470620024635472
"_AGAGAGCAGGTCGACA-5","Glut-DACH2-LMANsh","Ex_DACH2_LHX2",0.532823302329767
"_AGAGAGCAGTAACGTA-5","Glut-DACH2-6","Ex_DACH2_CEMIP",0.770276706531952
"_AGAGAGCGTGTAGTGG-5","Glut-DACH2-LMANco","Ex_SATB2_SOX6",0.427109998905252
"_AGAGAGCTCACGACTA-5","Glut-DACH2-LMANco","Ex_DACH2_ZMAT4",0.722729256437533
"_AGAGAGCTCTTCTAAC-5","Glut-DACH2-LMANsh","Ex_DACH2_LHX2",0.512617080444167
"_AGAGCAGCAAAGGCTG-5","Glut-DACH2-8","Ex_DACH2_ZMAT4",0.63369617317876
"_AGAGCAGTCCGAGGCT-5","Glut-DACH2-LMANco","Ex_DACH2_CEMIP",0.692514074369392
"_AGAGCAGTCGAAGTGG-5","Glut-DACH2-LMANco","Ex_SATB2_SOX6",0.376309841177843
"_AGAGCCCTCCGATCGG-5","Glut-DACH2-LMANco","Ex_SATB2_SOX6",0.333297849643738
"_AGAGCCCTCGTTCGCT-5","Glut-DACH2-LMANco","Ex_SATB2_SOX6",0.395629047379387
"_AGATAGACAAATCAAG-5","Glut-DACH2-6","Ex_DACH2_CEMIP",0.670189408207992
"_AGATCCAGTCTGTCAA-5","Glut-DACH2-LMANsh","Ex_DACH2_LHX2",0.351372476057453
"_AGATCCAGTGCCTAAT-5","Glut-DACH2-LMANco","Ex_DACH2_ZMAT4",0.489932230928981
"_AGATCCATCCGGACGT-5","Glut-DACH2-8","Ex_DACH2_ZMAT4",0.605898036595843
"_AGATCGTAGTCGTTAC-5","Glut-DACH2-8","Ex_DACH2_ZMAT4",0.868554927638855
"_AGATCGTCAACCTATG-5","Glut-DACH2-LMANco","Ex_DACH2_CEMIP",0.553090387023058
"_AGATCGTCAGACAATA-5","Glut-DACH2-LMANco","Ex_DACH2_CEMIP",0.509866562272062
"_AGATCGTGTCAAATCC-5","Glut-DACH2-8","Ex_DACH2_ZMAT4",0.810946057285176
"_AGATGAACACGCTATA-5","Glut-DACH2-LMANsh","Ex_DACH2_ADAMTS5",0.317056439095966
"_AGATGAAGTACTGACT-5","Glut-DACH2-LMANsh","Ex_DACH2_ADAMTS5",0.424632079836432
"_AGATGCTCACGAGAAC-5","Glut-DACH2-LMANsh","Ex_DACH2_GRIK4",0.266315591704943
"_AGCATCAAGTCCGCCA-5","Glut-DACH2-1","Ex_DACH2_LHX2",0.39242115273777
"_AGCATCAGTATCACGT-5","Glut-DACH2-1","Ex_DACH2_LHX2",0.694733608332832
"_AGCCAATCAAATTGCC-5","Glut-DACH2-8","Ex_DACH2_ZMAT4",0.7397361111173
"_AGCCAATCAACATCGT-5","Glut-DACH2-LMANsh","Ex_DACH2_ADAMTS5",0.633314795714113
"_AGCCAATCACTCGATA-5","Glut-DACH2-LMANco","Ex_DACH2_ZMAT4",0.42470244962595
"_AGCCAATTCACTTTGT-5","Glut-DACH2-LMANsh","Ex_DACH2_ADAMTS5",0.405289805095614
"_AGCCACGAGCTCTTCC-5","Glut-DACH2-LMANsh","Ex_DACH2_GRIK4",0.338628904608372
"_AGCCACGCAAGTATAG-5","Glut-DACH2-LMANco","Ex_DACH2_CEMIP",0.496731235884328
"_AGCCACGCAGCAGTAG-5","Glut-DACH2-LMANsh","Ex_DACH2_LHX2",0.438786115341945
"_AGCCACGGTCTAGTGT-5","Glut-DACH2-LMANsh","Ex_DACH2_ZMAT4",0.659456873407449
"_AGCCAGCCAGAATTCC-5","Glut-DACH2-8","Ex_DACH2_ZMAT4",0.673157738007751
"_AGCCAGCTCCGAGATT-5","Glut-DACH2-7","Ex_DACH2_NR4A3",0.273473133125079
"_AGCGATTGTTCACGAT-5","Glut-DACH2-LMANco","Ex_SATB2_SOX6",0.591852422554366
"_AGCGCCACAGAGTTGG-5","Glut-DACH2-8","Ex_DACH2_CEMIP",0.554052884528722
"_AGCGCCATCGCTGATA-5","Glut-DACH2-LMANco","Ex_DACH2_CEMIP",0.556197920682971
"_AGCGCCATCGTGCAGC-5","Glut-DACH2-LMANco","Ex_DACH2_CEMIP",0.526478178660143
"_AGCGCTGAGCGAACTG-5","Glut-DACH2-LMANsh","Ex_DACH2_LHX2",0.654864356183602
"_AGCGCTGAGCGGGTAT-5","Glut-SATB2-1","Ex_SATB2_SOX6",0.65344722993093
"_AGCGCTGGTATCGAGG-5","Glut-DACH2-LMANsh","Ex_DACH2_LHX2",0.637305989243565
"_AGCGCTGGTCGTATTG-5","Glut-DACH2-LMANsh","Ex_DACH2_LHX2",0.374009638875277
"_AGCGCTGTCGACATTG-5","Glut-DACH2-8","Ex_DACH2_ZMAT4",0.814636571762223
"_AGCGTATAGCAATAGT-5","Glut-DACH2-LMANsh","Ex_DACH2_LHX2",0.53391354651737
"_AGCGTATTCACCTTGC-5","Glut-DACH2-LMANco","Ex_DACH2_CEMIP",0.572626975714355
"_AGCGTATTCAGGACGA-5","Glut-DACH2-LMANsh","Ex_DACH2_LHX2",0.65034525161974
"_AGCGTCGAGCCTCTGG-5","Glut-DACH2-8","Ex_DACH2_ZMAT4",0.80642246860642
"_AGCGTCGCAGGTGAGT-5","Glut-DACH2-8","Ex_DACH2_ZMAT4",0.760547030575686
"_AGCTACACACAAGGTG-5","Glut-DACH2-LMANco","Ex_SATB2_SOX6",0.320635582042593
"_AGCTACACATGTTCAG-5","Glut-DACH2-LMANsh","Ex_DACH2_LHX2",0.463621429102108
"_AGCTACAGTGTCCATA-5","Glut-DACH2-LMANco","Ex_SATB2_SOX6",0.462549795578089
"_AGCTCAATCACGAGGA-5","Glut-DACH2-LMANco","Ex_DACH2_CEMIP",0.58690774792137
"_AGCTCAATCATTACTC-5","Glut-DACH2-LMANco","Ex_SATB2_SOX6",0.498058515828358
"_AGCTTCCCATCCTTGC-5","Glut-DACH2-LMANsh","Ex_DACH2_ZMAT4",0.334609175037894
"_AGCTTCCTCAGTCCGG-5","Glut-DACH2-LMANco","Ex_DACH2_CEMIP",0.321910482297467
"_AGGAAATCAGAAGTTA-5","Glut-DACH2-LMANco","Ex_DACH2_CEMIP",0.580364339261665
"_AGGAAATGTCCCTGAG-5","Glut-DACH2-1","Ex_DACH2_LHX2",0.582169296923315
"_AGGAAATGTGACTATC-5","Glut-DACH2-8","Ex_DACH2_ZMAT4",0.687049271502071
"_AGGAAATTCTGTCCCA-5","Glut-DACH2-LMANsh","Ex_DACH2_LHX2",0.627529689782971
"_AGGAATAAGATCACTC-5","Glut-DACH2-LMANsh","Ex_DACH2_LHX2",0.638770323904817
"_AGGACGACACTTCTCG-5","Glut-DACH2-7","Ex_DACH2_ADAMTS5",0.377974885090919
"_AGGACTTAGCTTTCTT-5","Glut-DACH2-8","Ex_DACH2_ZMAT4",0.842030344278735
"_AGGACTTAGGGTGGGA-5","Glut-DACH2-LMANco","Ex_DACH2_ZMAT4",0.790881997621928
"_AGGACTTCAGTCCGTG-5","Glut-DACH2-LMANco","Ex_DACH2_CEMIP",0.495707648206042
"_AGGACTTGTACGTACT-5","Glut-DACH2-LMANsh","Ex_DACH2_LHX2",0.480375475275346
"_AGGAGGTCACGGTCTG-5","Glut-DACH2-LMANsh","Ex_DACH2_LHX2",0.615536182028226
"_AGGAGGTCAGCTACCG-5","Glut-DACH2-LMANco","Ex_DACH2_CEMIP",0.472982577261625
"_AGGAGGTGTGTTATCG-5","Glut-DACH2-LMANco","Ex_DACH2_ZMAT4",0.765159671146989
"_AGGAGGTTCCTACCGT-5","Glut-DACH2-5","Ex_DACH2_ADAMTS5",0.378189460991001
"_AGGATAACAGGAGGTT-5","Glut-DACH2-LMANsh","Ex_DACH2_ADAMTS5",0.765209864911476
"_AGGATAAGTTCTTCAT-5","Glut-DACH2-LMANco","Ex_SATB2_SOX6",0.45433172859328
"_AGGATCTGTAACACCT-5","Glut-DACH2-LMANsh","Ex_DACH2_LHX2",0.329992116934853
"_AGGATCTGTAGTGATA-5","Glut-DACH2-LMANco","Ex_SATB2_SOX6",0.458312893043838
"_AGGCATTAGTTGGAAT-5","Glut-DACH2-LMANco","Ex_DACH2_ZMAT4",0.630935772412837
"_AGGCATTGTGTATTCG-5","Glut-DACH2-8","Ex_DACH2_ZMAT4",0.669547722946071
"_AGGCATTTCAAAGAAC-5","Glut-DACH2-LMANsh","Ex_DACH2_LHX2",0.638886032740886
"_AGGCATTTCCCTTCCC-5","Glut-DACH2-LMANco","Ex_DACH2_ZMAT4",0.612172693136757
"_AGGCCACTCGACGAGA-5","Glut-DACH2-LMANco","Ex_DACH2_ZMAT4",0.778193609053993
"_AGGCTGCTCAGACCCG-5","Glut-DACH2-LMANsh","Ex_DACH2_ADAMTS5",0.290361060185225
"_AGGCTGCTCAGGGTAG-5","Glut-DACH2-LMANco","Ex_SATB2_SOX6",0.474543839607125
"_AGGGAGTCAGAGGCTA-5","Glut-DACH2-LMANco","Ex_DACH2_ZMAT4",0.579123448014465
"_AGGGAGTTCGGTCTGG-5","Glut-DACH2-LMANco","Ex_DACH2_ZMAT4",0.587684098150182
"_AGGGCCTAGTATTGCC-5","Glut-DACH2-LMANco","Ex_DACH2_ZMAT4",0.634248580754777
"_AGGGCCTCATACCACA-5","Glut-DACH2-LMANsh","Ex_DACH2_GRIK4",0.227271158104202
"_AGGGCCTTCTGCGAGC-5","Glut-DACH2-LMANco","Ex_SATB2_SOX6",0.575971218048798
"_AGGGCTCCAATGAACA-5","Glut-DACH2-8","Ex_DACH2_ZMAT4",0.726895248178922
"_AGGGCTCGTCATCGGC-5","Glut-DACH2-LMANsh","Ex_DACH2_ADAMTS5",0.467707675231609
"_AGGGTCCTCGACGATT-5","Glut-DACH2-LMANsh","Ex_DACH2_LHX2",0.568226911938802
"_AGGGTGACAGAGTTCT-5","Glut-DACH2-LMANco","Ex_DACH2_ZMAT4",0.581046114086324
"_AGGGTTTAGAAACTAC-5","Glut-DACH2-LMANsh","Ex_DACH2_LHX2",0.344032793618628
"_AGGGTTTAGGTACCTT-5","Glut-DACH2-LMANsh","Ex_DACH2_LHX2",0.598628730571091
"_AGGGTTTCAGGCCTGT-5","Glut-DACH2-LMANco","Ex_DACH2_CEMIP",0.561672785510204
"_AGGGTTTCATGGACAG-5","Glut-DACH2-LMANco","Ex_SATB2_SOX6",0.399002484570536
"_AGGTAGGAGCTGTACT-5","Glut-DACH2-6","Ex_DACH2_CEMIP",0.676224528552845
"_AGGTAGGGTACCTATG-5","Glut-DACH2-5","Ex_DACH2_ADAMTS5",0.342020942160348
"_AGGTCATTCCGTCACT-5","Glut-DACH2-LMANco","Ex_DACH2_ZMAT4",0.537780359463422
"_AGGTCTATCATTCTTG-5","Glut-DACH2-LMANsh","Ex_DACH2_ADAMTS5",0.381322479105048
"_AGGTCTATCCGTTGGG-5","Glut-DACH2-LMANsh","Ex_DACH2_ADAMTS5",0.520831927270213
"_AGGTGTTCACTTTATC-5","Glut-DACH2-6","Ex_DACH2_CEMIP",0.526928861835088
"_AGGTGTTCATCGCTAA-5","Glut-DACH2-LMANsh","Ex_DACH2_ZMAT4",0.560553979759208
"_AGGTGTTCATTGAGCT-5","Glut-DACH2-8","Ex_DACH2_ZMAT4",0.319204164544166
"_AGGTTACAGTTGCGCC-5","Glut-DACH2-LMANco","Ex_SATB2_SOX6",0.495849843197752
"_AGGTTGTCACACAGCC-5","Glut-DACH2-LMANsh","Ex_DACH2_LHX2",0.414058445148886
"_AGGTTGTGTGCCTTTC-5","Glut-DACH2-LMANco","Ex_SATB2_SOX6",0.286887862218232
"_AGTAACCGTATTTCGG-5","Glut-DACH2-LMANco","Ex_DACH2_CEMIP",0.489034198199129
"_AGTAACCTCCCTATTA-5","Glut-DACH2-5","Ex_DACH2_LHX2",0.412378002385784
"_AGTAACCTCGCAATTG-5","Glut-DACH2-LMANsh","Ex_DACH2_ZMAT4",0.232689920260836
"_AGTACCATCCATCTCG-5","Glut-DACH2-LMANsh","Ex_DACH2_LHX2",0.376815189406799
"_AGTACTGCAAGACGGT-5","Glut-DACH2-6","Ex_DACH2_ZMAT4",0.424093776289922
"_AGTACTGCAAGCAGGT-5","Glut-DACH2-8","Ex_DACH2_ZMAT4",0.700638239736379
"_AGTACTGGTGTTGAGG-5","Glut-DACH2-LMANsh","Ex_DACH2_LHX2",0.577122710910485
"_AGTAGCTGTCGACGCT-5","Glut-DACH2-LMANsh","Ex_DACH2_ADAMTS5",0.289857421948326
"_AGTCAACAGCGTCTGC-5","Glut-DACH2-LMANsh","Ex_DACH2_LHX2",0.5855788176306
"_AGTCAACGTGCTGATT-5","Glut-DACH2-LMANsh","Ex_DACH2_ZMAT4",0.293562177632931
"_AGTCAACTCAACGTGT-5","Glut-DACH2-6","Ex_DACH2_CEMIP",0.624864186254653
"_AGTCAACTCAATCCGA-5","Glut-DACH2-LMANsh","Ex_DACH2_LHX2",0.552875597935828
"_AGTCAACTCTACTTCA-5","Glut-DACH2-LMANco","Ex_DACH2_CEMIP",0.574691309501739
"_AGTCACAGTATGGTAA-5","Glut-DACH2-LMANco","Ex_DACH2_CEMIP",0.396498414319652
"_AGTCACAGTTTATGCG-5","Glut-DACH2-LMANco","Ex_DACH2_CEMIP",0.452740257838804
"_AGTCACATCCCTCTCC-5","Glut-DACH2-8","Ex_DACH2_ZMAT4",0.752767962504119
"_AGTCATGCAATGCAAA-5","Glut-DACH2-5","Ex_DACH2_ADAMTS5",0.423615512779629
"_AGTCATGTCATAGCAC-5","Glut-DACH2-LMANco","Ex_DACH2_CEMIP",0.377832937375577
"_AGTGACTCACATACGT-5","Glut-DACH2-8","Ex_DACH2_ZMAT4",0.854956446945682
"_AGTGACTCAGAGACTG-5","Glut-DACH2-LMANsh","Ex_DACH2_ADAMTS5",0.387810782970496
"_AGTGACTGTCCAGGTC-5","Glut-DACH2-LMANsh","Ex_DACH2_LHX2",0.588429213836123
"_AGTGATCGTCAATGGG-5","Glut-DACH2-LMANsh","Ex_DACH2_ZMAT4",0.710728733019131
"_AGTGCCGCACTGAGGA-5","Glut-DACH2-8","Ex_DACH2_ZMAT4",0.713960793135085
"_AGTGTTGAGGCTCTCG-5","Glut-DACH2-8","Ex_DACH2_ZMAT4",0.867058239407169
"_AGTTAGCAGCAACAAT-5","Glut-DACH2-8","Ex_DACH2_ZMAT4",0.832872396760627
"_AGTTCCCAGTAACGAT-5","Glut-DACH2-LMANco","Ex_SATB2_SOX6",0.397209112719667
"_AGTTCCCCAAGTTTGC-5","Glut-DACH2-LMANco","Ex_SATB2_SOX6",0.430153874616127
"_AGTTCCCCACGCGCTA-5","Glut-DACH2-LMANco","Ex_DACH2_ZMAT4",0.431890177458038
"_AGTTCCCCAGCCTACG-5","Glut-DACH2-LMANsh","Ex_DACH2_LHX2",0.49990128442603
"_AGTTCCCCATAGCTGT-5","Glut-DACH2-LMANsh","Ex_DACH2_ADAMTS5",0.375296444935937
"_AGTTCCCGTGGAACCA-5","Glut-DACH2-LMANsh","Ex_DACH2_ADAMTS5",0.226902545582144
"_AGTTCCCTCATTACGG-5","Glut-DACH2-LMANco","Ex_SATB2_SOX6",0.476592550403532
"_AGTTCCCTCGTCCATC-5","Glut-DACH2-LMANsh","Ex_DACH2_LHX2",0.36281197796578
"_AGTTCGACAACAACAA-5","Glut-SATB2-1","Ex_SATB2_SOX6",0.580570055406851
"_ATACCGAAGCTGGCTC-5","Glut-DACH2-LMANsh","Ex_DACH2_ADAMTS5",0.425991982433639
"_ATACCTTCAACCGTAT-5","Glut-DACH2-LMANco","Ex_SATB2_SOX6",0.493759617893963
"_ATACCTTCAGCACGAA-5","Glut-DACH2-LMANsh","Ex_DACH2_ADAMTS5",0.405780580135958
"_ATACCTTCATACTGTG-5","Glut-DACH2-6","Ex_DACH2_CEMIP",0.885410724000714
"_ATACCTTGTGGTACAG-5","Glut-DACH2-LMANsh","Ex_DACH2_LHX2",0.436785793784288
"_ATACCTTTCTACGCAA-5","Glut-DACH2-LMANco","Ex_DACH2_CEMIP",0.545382455347921
"_ATACTTCGTAGGACCA-5","Glut-DACH2-6","Ex_DACH2_CEMIP",0.971675774874926
"_ATACTTCGTTTACACG-5","Glut-DACH2-LMANco","Ex_SATB2_SOX6",0.447197585791622
"_ATACTTCTCCTGTAGA-5","Glut-DACH2-LMANco","Ex_DACH2_CEMIP",0.504222133180044
"_ATACTTCTCGCTACGG-5","Glut-DACH2-5","Ex_DACH2_GRIK4",0.293334399517381
"_ATAGAGAAGTCATGGG-5","Glut-DACH2-LMANsh","Ex_DACH2_LHX2",0.282220556905614
"_ATAGAGACACAAGCCC-5","Glut-DACH2-LMANco","Ex_DACH2_CEMIP",0.545922051801925
"_ATAGGCTAGACTCAAA-5","Glut-DACH2-LMANsh","Ex_DACH2_ADAMTS5",0.529191459508353
"_ATAGGCTCAGCGGTCT-5","Glut-DACH2-LMANco","Ex_DACH2_CEMIP",0.532315729669643
"_ATAGGCTTCCCGAGAC-5","Glut-DACH2-LMANsh","Ex_DACH2_LHX2",0.661880023125145
"_ATATCCTCATAAGATG-5","Glut-DACH2-LMANco","Ex_DACH2_ZMAT4",0.524785731848881
"_ATCACAGGTCGAACAG-5","Glut-DACH2-LMANsh","Ex_DACH2_LHX2",0.476017888420988
"_ATCACAGGTCTGCAAT-5","Glut-DACH2-LMANco","Ex_DACH2_CEMIP",0.3767833485684
"_ATCACAGTCCCATACC-5","Glut-DACH2-LMANsh","Ex_DACH2_LHX2",0.463720440307798
"_ATCACAGTCCGCCTAT-5","Glut-DACH2-5","Ex_DACH2_NR4A3",0.625498553387514
"_ATCACAGTCGGAGTAG-5","Glut-DACH2-8","Ex_DACH2_ZMAT4",0.818074879135359
"_ATCACGAAGATCCTAC-5","Glut-DACH2-8","Ex_DACH2_ZMAT4",0.873765008050133
"_ATCACGAAGCTAGATA-5","Glut-DACH2-LMANco","Ex_DACH2_CEMIP",0.500108640012422
"_ATCACGAAGCTCATAC-5","Glut-DACH2-LMANsh","Ex_DACH2_LHX2",0.360983558862047
"_ATCACGACAATATCCG-5","Glut-DACH2-6","Ex_DACH2_CEMIP",0.842844924506337
"_ATCACGAGTCGTTGCG-5","Glut-DACH2-LMANco","Ex_DACH2_CEMIP",0.575828786058487
"_ATCACGATCCGAACGC-5","Glut-DACH2-8","Ex_DACH2_ZMAT4",0.682117156790538
"_ATCACGATCGGTCAGC-5","Glut-DACH2-LMANco","Ex_DACH2_CEMIP",0.464261405388116
"_ATCAGGTGTATGAAGT-5","Glut-DACH2-LMANsh","Ex_DACH2_ADAMTS5",0.403574589457737
"_ATCAGGTGTCCTTGTC-5","Glut-DACH2-6","Ex_DACH2_CEMIP",0.812481305725932
"_ATCATTCCACGCGTGT-5","Glut-DACH2-LMANsh","Ex_DACH2_ADAMTS5",0.418237157716857
"_ATCATTCTCGGTAGGA-5","Glut-DACH2-6","Ex_DACH2_CEMIP",0.538196063650782
"_ATCCACCAGACTCGAG-5","Glut-DACH2-LMANsh","Ex_DACH2_LHX2",0.549336797893552
"_ATCCACCCAGCTGTTA-5","Glut-DACH2-8","Ex_DACH2_ZMAT4",0.61675763923348
"_ATCCACCTCTTCCTAA-5","Glut-DACH2-LMANsh","Ex_DACH2_LHX2",0.441754140766468
"_ATCCATTGTTTGGGTT-5","Glut-DACH2-LMANco","Ex_DACH2_ZMAT4",0.470297574846782
"_ATCCATTTCTATTTCG-5","Glut-DACH2-5","Ex_DACH2_ADAMTS5",0.332244840102946
"_ATCCCTGTCGCCGATG-5","Glut-DACH2-LMANco","Ex_DACH2_CEMIP",0.573404675345315
"_ATCCCTGTCGTGCTCT-5","Glut-DACH2-LMANco","Ex_DACH2_CEMIP",0.43976091121621
"_ATCCGTCCAGAGTGAC-5","Glut-DACH2-LMANsh","Ex_DACH2_LHX2",0.603802844929324
"_ATCCGTCGTCGCTTGG-5","Glut-DACH2-LMANsh","Ex_DACH2_LHX2",0.522845026844581
"_ATCCGTCGTTGCTCCT-5","Glut-DACH2-LMANsh","Ex_DACH2_LHX2",0.583598553630908
"_ATCCGTCTCGCCTAGG-5","Glut-DACH2-LMANsh","Ex_DACH2_ZMAT4",0.585758779351869
"_ATCCTATCACAGTCGC-5","Glut-DACH2-LMANsh","Ex_DACH2_LHX2",0.545680867888944
"_ATCGATGAGAGTCGAC-5","Glut-DACH2-8","Ex_DACH2_ZMAT4",0.797361840235957
"_ATCGATGAGATGCTGG-5","Glut-DACH2-LMANsh","Ex_DACH2_LHX2",0.659281047713777
"_ATCGATGCACCCAACG-5","Glut-DACH2-8","Ex_DACH2_ZMAT4",0.642330255441333
"_ATCGCCTCACAGTGAG-5","Glut-DACH2-LMANsh","Ex_DACH2_LHX2",0.620805311785218
"_ATCGGATCACGGTCTG-5","Glut-DACH2-5","Ex_DACH2_LHX2",0.38212406749901
"_ATCGGATGTACGTTCA-5","Glut-DACH2-1","Ex_DACH2_ADAMTS5",0.335385733973243
"_ATCGTAGAGGTCCCGT-5","Glut-DACH2-LMANsh","Ex_DACH2_LHX2",0.637088182968905
"_ATCGTCCGTGCCGTTG-5","Glut-DACH2-LMANco","Ex_DACH2_CEMIP",0.528805011891752
"_ATCGTCCTCGAAGTGG-5","Glut-DACH2-LMANco","Ex_SATB2_SOX6",0.442037687771254
"_ATCTCTACAAGCCATT-5","Glut-DACH2-LMANsh","Ex_DACH2_LHX2",0.363256690395164
"_ATCTTCAAGGGCGAAG-5","Glut-DACH2-LMANco","Ex_DACH2_CEMIP",0.56769992303228
"_ATCTTCACACGACCTG-5","Glut-DACH2-6","Ex_DACH2_CEMIP",0.962491095071977
"_ATCTTCACACGCTATA-5","Glut-DACH2-LMANco","Ex_DACH2_CEMIP",0.6231586678189
"_ATCTTCAGTATACCCA-5","Glut-DACH2-LMANco","Ex_DACH2_ZMAT4",0.557513194890098
"_ATGAAAGAGTACGAGC-5","Glut-DACH2-LMANco","Ex_DACH2_ZMAT4",0.56656812580484
"_ATGAAAGAGTTCCAGT-5","Glut-DACH2-LMANco","Ex_SATB2_SOX6",0.391528430574571
"_ATGAAAGCACCTGAAT-5","Glut-DACH2-LMANsh","Ex_DACH2_GRIK4",0.400180079432572
"_ATGAAAGCATGGGCAA-5","Glut-DACH2-LMANsh","Ex_DACH2_ADAMTS5",0.578749010693908
"_ATGACCAGTACTTGTG-5","Glut-DACH2-LMANco","Ex_DACH2_CEMIP",0.316041387077513
"_ATGACCAGTAGCGTTT-5","Glut-DACH2-LMANsh","Ex_DACH2_LHX2",0.501664721049844
"_ATGACCATCGGTAAGG-5","Glut-DACH2-8","Ex_DACH2_CEMIP",0.388924904644345
"_ATGAGGGTCTGTCGCT-5","Glut-DACH2-LMANsh","Ex_DACH2_LHX2",0.397400621392993
"_ATGAGTCCATCGCTGG-5","Glut-DACH2-LMANsh","Ex_DACH2_ZMAT4",0.261146963401698
"_ATGAGTCCATGGGATG-5","Glut-DACH2-1","Ex_DACH2_LHX2",0.486038942637253
"_ATGATCGAGTGGATAT-5","Glut-DACH2-LMANco","Ex_DACH2_ZMAT4",0.547386267777204
"_ATGATCGGTGACGTCC-5","Glut-DACH2-6","Ex_DACH2_CEMIP",0.799021280720678
"_ATGCATGAGCGTTACT-5","Glut-DACH2-LMANco","Ex_DACH2_ZMAT4",0.649180628569906
"_ATGCATGCAACACTAC-5","Glut-DACH2-LMANsh","Ex_DACH2_ADAMTS5",0.360907226611902
"_ATGCATGGTTGGACTT-5","Glut-DACH2-LMANco","Ex_DACH2_ZMAT4",0.553450652589433
"_ATGCATGTCGTTCCTG-5","Glut-DACH2-6","Ex_DACH2_CEMIP",0.81011399528602
"_ATGCCTCTCGCTTTAT-5","Glut-DACH2-LMANsh","Ex_DACH2_LHX2",0.556759166113537
"_ATGCGATCAGCGGTCT-5","Glut-DACH2-LMANsh","Ex_DACH2_LHX2",0.442697328344065
"_ATGCGATTCGTTACCC-5","Glut-DACH2-6","Ex_DACH2_CEMIP",0.60949155600224
"_ATGGAGGAGAGAGCAA-5","Glut-DACH2-LMANco","Ex_DACH2_ZMAT4",0.452685475631169
"_ATGGAGGAGCGTGAAC-5","Glut-DACH2-8","Ex_DACH2_ZMAT4",0.697385822575182
"_ATGGAGGTCAGGAGAC-5","Glut-DACH2-LMANsh","Ex_DACH2_LHX2",0.292284703465113
"_ATGGAGGTCCGTTGAA-5","Glut-DACH2-LMANsh","Ex_DACH2_ZMAT4",0.385684642916367
"_ATGGATCAGGGCGAAG-5","Glut-DACH2-LMANco","Ex_SATB2_SOX6",0.638315276999702
"_ATGGATCCATCATCCC-5","Glut-DACH2-LMANsh","Ex_DACH2_LHX2",0.606276690044069
"_ATGGATCGTAACCAGG-5","Glut-DACH2-LMANsh","Ex_DACH2_LHX2",0.640620882396742
"_ATGGGAGTCTCCTGTG-5","Glut-DACH2-LMANsh","Ex_DACH2_LHX2",0.492003480224293
"_ATGGGTTTCTTCACGC-5","Glut-DACH2-LMANsh","Ex_DACH2_LHX2",0.660994152174816
"_ATGGTTGCAGTGACCC-5","Glut-DACH2-LMANco","Ex_DACH2_CEMIP",0.333742087232239
"_ATGGTTGGTACAAGTA-5","Glut-DACH2-LMANsh","Ex_DACH2_LHX2",0.660909113614942
"_ATGGTTGTCTCCTACG-5","Glut-DACH2-6","Ex_DACH2_ZMAT4",0.525043312685365
"_ATGTCCCAGTGCACAG-5","Glut-DACH2-LMANsh","Ex_DACH2_LHX2",0.290397763480201
"_ATGTCCCTCACTGCTC-5","Glut-DACH2-LMANsh","Ex_DACH2_ADAMTS5",0.230997688205908
"_ATGTCCCTCCGTGTAA-5","Glut-DACH2-8","Ex_DACH2_ZMAT4",0.746533209355261
"_ATGTCTTAGATCACTC-5","Glut-DACH2-LMANsh","Ex_DACH2_ZMAT4",0.329517597862198
"_ATGTCTTCACGAAAGC-5","Glut-DACH2-LMANsh","Ex_DACH2_LHX2",0.543500770203275
"_ATTACTCCACATACTG-5","Glut-DACH2-LMANsh","Ex_DACH2_ADAMTS5",0.447094404546285
"_ATTACTCGTGTGAATA-5","Glut-DACH2-LMANsh","Ex_DACH2_LHX2",0.573477783954009
"_ATTACTCTCAGTCTTT-5","Glut-DACH2-LMANsh","Ex_DACH2_LHX2",0.588902034518054
"_ATTATCCCAGATCCAT-5","Glut-DACH2-LMANco","Ex_DACH2_ZMAT4",0.631135479043109
"_ATTATCCCATACTGAC-5","Glut-DACH2-1","Ex_DACH2_ADAMTS5",0.31341408407079
"_ATTATCCGTTGTTGTG-5","Glut-DACH2-LMANsh","Ex_DACH2_LHX2",0.51495874306671
"_ATTCACTGTCTGTAGT-5","Glut-DACH2-6","Ex_DACH2_CEMIP",0.68041712687414
"_ATTCACTGTTGCGAAG-5","Glut-DACH2-8","Ex_DACH2_ZMAT4",0.735786070477957
"_ATTCAGGTCACTGCTC-5","Glut-DACH2-LMANco","Ex_DACH2_CEMIP",0.468079427344536
"_ATTCAGGTCGTACCTC-5","Glut-DACH2-LMANco","Ex_DACH2_ZMAT4",0.598020853479147
"_ATTCATCAGCCTTCTC-5","Glut-DACH2-LMANsh","Ex_DACH2_ZMAT4",0.326042673713364
"_ATTCATCAGGTCCAGA-5","Glut-DACH2-8","Ex_DACH2_ZMAT4",0.525450852010619
"_ATTCATCCAGGGAATC-5","Glut-DACH2-LMANsh","Ex_DACH2_ZMAT4",0.237939906312033
"_ATTCATCGTCCCTAAA-5","Glut-DACH2-LMANsh","Ex_DACH2_ADAMTS5",0.390232286472167
"_ATTCATCTCCGTGTAA-5","Glut-DACH2-LMANco","Ex_DACH2_CEMIP",0.700615202109778
"_ATTCCATAGCGAAACC-5","Glut-DACH2-6","Ex_DACH2_CEMIP",0.686319418183992
"_ATTCCATAGTGTAGTA-5","Glut-DACH2-LMANco","Ex_DACH2_ZMAT4",0.327240393570142
"_ATTCCCGAGGACAACC-5","Glut-DACH2-8","Ex_DACH2_ZMAT4",0.829723863271566
"_ATTCCCGAGGTTCTTG-5","Glut-DACH2-8","Ex_DACH2_ZMAT4",0.801273609636602
"_ATTCCCGGTTTCGTGA-5","Glut-DACH2-LMANco","Ex_DACH2_CEMIP",0.527328411560687
"_ATTCCCGTCAACGTGT-5","Glut-DACH2-LMANsh","Ex_DACH2_LHX2",0.312315947114012
"_ATTCCCGTCCACGTAA-5","Glut-DACH2-LMANsh","Ex_DACH2_ADAMTS5",0.357219920954306
"_ATTCCCGTCGTTCATT-5","Glut-DACH2-LMANsh","Ex_DACH2_LHX2",0.592762633333376
"_ATTCCCGTCTGCACCT-5","Glut-DACH2-8","Ex_DACH2_ZMAT4",0.872616778490418
"_ATTCCTAGTCACTGAT-5","Glut-DACH2-LMANco","Ex_DACH2_ZMAT4",0.684075507345253
"_ATTCCTATCGCGTTTC-5","Glut-DACH2-8","Ex_DACH2_ZMAT4",0.726520918862995
"_ATTCTACCACAAGCCC-5","Glut-DACH2-LMANco","Ex_DACH2_CEMIP",0.595145414488032
"_ATTCTACCAGAAGTTA-5","Glut-DACH2-LMANsh","Ex_DACH2_LHX2",0.455813147183
"_ATTCTACTCCCGAAAT-5","Glut-DACH2-LMANco","Ex_DACH2_CEMIP",0.421870579852682
"_ATTCTTGCACGGAAGT-5","Glut-DACH2-5","Ex_DACH2_LHX2",0.62665119054216
"_ATTCTTGTCGGACGTC-5","Glut-DACH2-LMANco","Ex_DACH2_ZMAT4",0.494573861914906
"_ATTGGGTGTAGCGCTC-5","Glut-DACH2-LMANco","Ex_SATB2_SOX6",0.340991487341846
"_ATTGTTCAGTGATAGT-5","Glut-DACH2-LMANco","Ex_DACH2_CEMIP",0.537483167047129
"_ATTGTTCCACCTCTGT-5","Glut-DACH2-LMANsh","Ex_DACH2_LHX2",0.529171129133595
"_ATTGTTCTCGTGCACG-5","Glut-DACH2-LMANsh","Ex_DACH2_LHX2",0.557596740928455
"_ATTGTTCTCTGAGATC-5","Glut-DACH2-8","Ex_DACH2_ZMAT4",0.525772462657408
"_ATTTACCCATGGGCAA-5","Glut-DACH2-LMANco","Ex_DACH2_CEMIP",0.447424440459112
"_ATTTACCGTCTAGATC-5","Glut-DACH2-LMANsh","Ex_DACH2_LHX2",0.277237850696187
"_ATTTACCGTGTAAACA-5","Glut-DACH2-LMANsh","Ex_DACH2_LHX2",0.57310144598494
"_ATTTACCTCCGTTGGG-5","Glut-DACH2-8","Ex_DACH2_ZMAT4",0.787361167433312
"_ATTTACCTCGCAATTG-5","Glut-DACH2-LMANco","Ex_SATB2_SOX6",0.547659028151212
"_ATTTCACAGCATAGGC-5","Glut-DACH2-5","Ex_DACH2_LHX2",0.593089456747928
"_ATTTCACCACCTAAAC-5","Glut-DACH2-LMANco","Ex_DACH2_CEMIP",0.570064134335264
"_CAAAGAAGTATAGGGC-5","Glut-DACH2-LMANsh","Ex_DACH2_LHX2",0.559676748422601
"_CAACAACGTCGCTTAA-5","Glut-DACH2-8","Ex_DACH2_CEMIP",0.464861015556411
"_CAACAGTTCCAATCCC-5","Glut-DACH2-LMANco","Ex_DACH2_CEMIP",0.259300030032607
"_CAACCAAGTATCGATC-5","Glut-DACH2-6","Ex_DACH2_CEMIP",0.714507327773794
"_CAACCAATCGAATCCA-5","Glut-DACH2-LMANsh","Ex_DACH2_LHX2",0.591191287237311
"_CAACCAATCGCCGATG-5","Glut-DACH2-LMANsh","Ex_DACH2_ZMAT4",0.487845951876755
"_CAACCAATCTGGAGAG-5","Glut-DACH2-LMANco","Ex_DACH2_CEMIP",0.364832454132113
"_CAACCAATCTTGTTAC-5","Glut-DACH2-LMANsh","Ex_DACH2_LHX2",0.372432153964746
"_CAACGATAGAACCCGA-5","Glut-DACH2-LMANco","Ex_DACH2_CEMIP",0.687968092074422
"_CAAGACTGTAACATGA-5","Glut-DACH2-LMANsh","Ex_DACH2_LHX2",0.309372605567126
"_CAAGAGGAGAACAAGG-5","Glut-DACH2-6","Ex_DACH2_CEMIP",0.716662572632542
"_CAAGAGGAGCAGGCAT-5","Glut-DACH2-LMANsh","Ex_DACH2_ADAMTS5",0.265050046255927
"_CAAGCTACATCAACCA-5","Glut-DACH2-LMANsh","Ex_DACH2_LHX2",0.60193781860881
"_CAAGCTATCAAAGGTA-5","Glut-DACH2-6","Ex_DACH2_ZMAT4",0.648126233772445
"_CAAGGGAAGGGTAGCT-5","Glut-DACH2-LMANco","Ex_DACH2_CEMIP",0.412369747332414
"_CAAGGGAAGTCTAGCT-5","Glut-DACH2-6","Ex_DACH2_CEMIP",0.843136653583753
"_CAAGGGATCTACCTTA-5","Glut-DACH2-8","Ex_DACH2_CEMIP",0.587707760882843
"_CAAGGGATCTCTTGCG-5","Glut-DACH2-LMANco","Ex_DACH2_CEMIP",0.606927797501659
"_CAAGGGATCTGACGCG-5","Glut-DACH2-8","Ex_DACH2_ZMAT4",0.833387738154704
"_CAATACGGTGCCTGAC-5","Glut-DACH2-LMANsh","Ex_DACH2_LHX2",0.6661811242929
"_CAATCGAGTACTCCGG-5","Glut-DACH2-7","Ex_DACH2_LHX2",0.304425292127186
"_CAATCGAGTCCGATCG-5","Glut-DACH2-LMANsh","Ex_DACH2_MGAT4C",0.25722004249628
"_CAATCGATCCTCTTTC-5","Glut-DACH2-LMANco","Ex_DACH2_CEMIP",0.544347218622296
"_CAATGACAGTAATACG-5","Glut-DACH2-LMANsh","Ex_DACH2_LHX2",0.440935931341005
"_CAATGACGTATAATGG-5","Glut-DACH2-LMANsh","Ex_DACH2_LHX2",0.56082999935092
"_CAATTTCTCTTGTGCC-5","Glut-DACH2-LMANsh","Ex_DACH2_LHX2",0.585794953700267
"_CACAACACAGGAGGAG-5","Glut-DACH2-LMANsh","Ex_DACH2_LHX2",0.635985166484471
"_CACACAAAGGATTACA-5","Glut-DACH2-8","Ex_DACH2_ZMAT4",0.763001961288213
"_CACACAAAGTTGCATC-5","Glut-DACH2-5","Ex_DACH2_LHX2",0.650728741485392
"_CACACAACAAGATTGA-5","Glut-DACH2-LMANsh","Ex_DACH2_ADAMTS5",0.540372612896259
"_CACACAATCCCAACTC-5","Glut-DACH2-LMANco","Ex_SATB2_SOX6",0.489819488891763
"_CACACAATCCTCGCAT-5","Glut-DACH2-LMANsh","Ex_DACH2_ADAMTS5",0.368542552097072
"_CACAGATCAATACGCT-5","Glut-DACH2-LMANco","Ex_DACH2_ZMAT4",0.384339584944761
"_CACAGATTCTACTCAT-5","Glut-DACH2-LMANsh","Ex_DACH2_LHX2",0.440748265317628
"_CACAGGCAGTTCCATG-5","Glut-DACH2-LMANco","Ex_SATB2_SOX6",0.410262369543968
"_CACAGGCCAGTCTCTC-5","Glut-DACH2-LMANsh","Ex_DACH2_ADAMTS5",0.29766239281803
"_CACCAAACAATCGCGC-5","Glut-DACH2-LMANsh","Ex_DACH2_LHX2",0.647253761408093
"_CACCAAACAGGACTAG-5","Glut-DACH2-LMANco","Ex_SATB2_SOX6",0.380857812204435
"_CACCAAATCCTCTCTT-5","Glut-DACH2-LMANco","Ex_DACH2_ZMAT4",0.763516029852618
"_CACCGTTCAGGCATTT-5","Glut-DACH2-LMANco","Ex_DACH2_ZMAT4",0.648086796607572
"_CACGAATCAAGAGTGC-5","Glut-DACH2-LMANco","Ex_SATB2_SOX6",0.373903331849464
"_CACGAATCACTTTAGG-5","Glut-DACH2-LMANco","Ex_DACH2_ZMAT4",0.373932157837879
"_CACGAATGTTCTTAGG-5","Glut-DACH2-LMANsh","Ex_DACH2_LHX2",0.279976144835332
"_CACGGGTCAGGGACTA-5","Glut-DACH2-LMANsh","Ex_DACH2_LHX2",0.34469797218633
"_CACGGGTTCCTCACGT-5","Glut-DACH2-8","Ex_DACH2_ZMAT4",0.87315682777167
"_CACGGGTTCTCGGGAC-5","Glut-DACH2-5","Ex_DACH2_LHX2",0.528669251947329
"_CACGTGGAGTACAACA-5","Glut-DACH2-LMANsh","Ex_DACH2_LHX2",0.573996677283015
"_CACGTGGGTTCGATTG-5","Glut-DACH2-LMANsh","Ex_DACH2_GRIK4",0.384071977974474
"_CACTAAGGTACGGCAA-5","Glut-DACH2-LMANsh","Ex_DACH2_ADAMTS5",0.305076162077906
"_CACTGAAAGATCCCGC-5","Glut-DACH2-LMANsh","Ex_DACH2_LHX2",0.538244787659287
"_CACTGAACAAACTAGA-5","Glut-DACH2-6","Ex_DACH2_CEMIP",0.889883686217892
"_CACTGGGAGCAGCGAT-5","Glut-DACH2-LMANco","Ex_DACH2_CEMIP",0.584586465243817
"_CACTGGGGTATTTCCT-5","Glut-DACH2-LMANsh","Ex_DACH2_LHX2",0.653943181673572
"_CACTGGGGTCGGAAAC-5","Glut-DACH2-LMANsh","Ex_DACH2_LHX2",0.599934716545187
"_CACTTCGGTTAGAAAC-5","Glut-DACH2-LMANsh","Ex_DACH2_ADAMTS5",0.586253927847057
"_CAGAGCCCAGAGGTTG-5","Glut-DACH2-LMANco","Ex_DACH2_CEMIP",0.60595101496828
"_CAGAGCCTCTGGGCCA-5","Glut-DACH2-5","Ex_DACH2_LHX2",0.443199147075954
"_CAGATACCAAGCACCC-5","Glut-DACH2-LMANco","Ex_DACH2_ZMAT4",0.670042718483976
"_CAGATCAAGCGACATG-5","Glut-DACH2-8","Ex_DACH2_ZMAT4",0.670709494743181
"_CAGATCAGTGGTCTCG-5","Glut-DACH2-8","Ex_DACH2_ZMAT4",0.610083694547627
"_CAGATTGCATGAGAAT-5","Glut-DACH2-LMANsh","Ex_DACH2_LHX2",0.487702233450535
"_CAGCAATAGCTTGTTG-5","Glut-DACH2-LMANsh","Ex_DACH2_LHX2",0.386836357701531
"_CAGCAATAGTGGCGAT-5","Glut-DACH2-LMANsh","Ex_DACH2_LHX2",0.573927935811068
"_CAGCAATCATACAGGG-5","Glut-DACH2-LMANco","Ex_DACH2_ZMAT4",0.458737064974857
"_CAGCAATCATCCGTTC-5","Glut-DACH2-8","Ex_DACH2_ZMAT4",0.718082526676158
"_CAGCAATGTATCGGTT-5","Glut-DACH2-6","Ex_DACH2_CEMIP",0.562760333053955
"_CAGCACGCAGAGGAAA-5","Glut-DACH2-LMANsh","Ex_DACH2_LHX2",0.634132327184432
"_CAGCAGCCAATAGGGC-5","Glut-DACH2-8","Ex_DACH2_ZMAT4",0.57688415524268
"_CAGCAGCTCGGTCTGG-5","Glut-DACH2-LMANsh","Ex_DACH2_LHX2",0.67400489884263
"_CAGCCAGTCCCGAAAT-5","Glut-DACH2-LMANsh","Ex_DACH2_GRIK4",0.325474324912515
"_CAGCGTGAGAACGTGC-5","Glut-DACH2-8","Ex_DACH2_ZMAT4",0.827833899116813
"_CAGCGTGAGATTGAGT-5","Glut-DACH2-LMANco","Ex_DACH2_CEMIP",0.459466100820336
"_CAGCGTGAGCTACGTT-5","Glut-DACH2-LMANco","Ex_DACH2_CEMIP",0.493550566031172
"_CAGCGTGCAGCAAGAC-5","Glut-DACH2-8","Ex_DACH2_ZMAT4",0.607716524188499
"_CAGCGTGGTATTAAGG-5","Glut-DACH2-LMANsh","Ex_DACH2_LHX2",0.582792199995534
"_CAGCGTGTCCTGTACC-5","Glut-DACH2-LMANco","Ex_DACH2_ZMAT4",0.775618765502541
"_CAGCGTGTCGAGAATA-5","Glut-DACH2-LMANco","Ex_DACH2_CEMIP",0.476631779693699
"_CAGGCCATCTAGACCA-5","Glut-SATB2-1","Ex_SATB2_SOX6",0.607076808367408
"_CAGGGCTCAACCGGAA-5","Glut-DACH2-LMANsh","Ex_DACH2_ADAMTS5",0.270241324081286
"_CAGGGCTTCCGGCTTT-5","Glut-DACH2-LMANsh","Ex_DACH2_LHX2",0.447029974013273
"_CAGGTATCAGTCACGC-5","Glut-DACH2-LMANsh","Ex_DACH2_LHX2",0.702307549885276
"_CAGGTATTCTCGTGAA-5","Glut-DACH2-8","Ex_DACH2_ZMAT4",0.766646234277547
"_CAGTGCGAGGCCATAG-5","Glut-DACH2-8","Ex_DACH2_ZMAT4",0.814102720166684
"_CAGTGCGAGGTGCTAG-5","Glut-DACH2-LMANco","Ex_DACH2_ZMAT4",0.446077752165908
"_CAGTGCGGTTTCGCTC-5","Glut-DACH2-6","Ex_DACH2_CEMIP",0.927602747454002
"_CAGTGCGTCTGTGCTC-5","Glut-DACH2-LMANsh","Ex_DACH2_LHX2",0.633283899220872
"_CAGTTAGGTAGTCGGA-5","Glut-DACH2-6","Ex_DACH2_CEMIP",0.555222197806851
"_CAGTTCCTCACAGTGT-5","Glut-DACH2-6","Ex_DACH2_ZMAT4",0.462121379198074
"_CATAAGCTCCTGCCAT-5","Glut-DACH2-LMANsh","Ex_DACH2_LHX2",0.442307853434186
"_CATACCCGTGGCGCTT-5","Glut-DACH2-LMANsh","Ex_DACH2_LHX2",0.355026454037836
"_CATACCCTCGTAGTGT-5","Glut-DACH2-6","Ex_DACH2_CEMIP",0.708399864266849
"_CATACTTTCATTCATC-5","Glut-DACH2-LMANco","Ex_DACH2_ZMAT4",0.671298836815501
"_CATACTTTCGCGGACT-5","Glut-DACH2-LMANsh","Ex_DACH2_LHX2",0.411760711620878
"_CATAGACCATAACCCA-5","Glut-DACH2-LMANsh","Ex_DACH2_ZMAT4",0.302082837886792
"_CATAGACCATCAGCTA-5","Glut-DACH2-LMANco","Ex_DACH2_ZMAT4",0.757188401566713
"_CATCAAGCAGCTTTGA-5","Glut-DACH2-LMANsh","Ex_DACH2_ADAMTS5",0.245588629352219
"_CATCAAGCATGGCTGC-5","Glut-DACH2-LMANsh","Ex_DACH2_LHX2",0.656353698918488
"_CATCAAGGTCAGTCCG-5","Glut-DACH2-LMANsh","Ex_DACH2_LHX2",0.650306967359353
"_CATCCACCAAGGTACG-5","Glut-DACH2-6","Ex_DACH2_ZMAT4",0.477173282380017
"_CATCCACTCACCTCTG-5","Glut-DACH2-LMANco","Ex_DACH2_CEMIP",0.499513454712728
"_CATCCACTCGGTAACT-5","Glut-DACH2-8","Ex_DACH2_ZMAT4",0.686416018383151
"_CATCCCAAGCCGTCGT-5","Glut-DACH2-LMANsh","Ex_DACH2_GRIK4",0.493023596692359
"_CATCCCAAGTCATACC-5","Glut-DACH2-LMANsh","Ex_DACH2_LHX2",0.535137712069055
"_CATCCCAAGTCGCCCA-5","Glut-DACH2-LMANco","Ex_SATB2_SOX6",0.385093078932089
"_CATCCCAGTCAGTCTA-5","Glut-DACH2-LMANco","Ex_DACH2_CEMIP",0.508484784876216
"_CATCCCAGTGTACGCC-5","Glut-DACH2-LMANsh","Ex_DACH2_LHX2",0.4907050751021
"_CATCCCATCATCGTAG-5","Glut-DACH2-8","Ex_DACH2_ZMAT4",0.850652415600764
"_CATCGCTCACCAGGTC-5","Glut-DACH2-LMANsh","Ex_DACH2_LHX2",0.678692156874106
"_CATCGCTGTGGGAGAG-5","Glut-DACH2-6","Ex_DACH2_CEMIP",0.886762263473064
"_CATCGCTTCTACGCAA-5","Glut-DACH2-6","Ex_DACH2_CEMIP",0.895537844261292
"_CATCGGGCACCCTGTT-5","Glut-DACH2-LMANco","Ex_SATB2_SOX6",0.571072827443707
"_CATCGGGCACGCTGAC-5","Glut-DACH2-LMANsh","Ex_DACH2_ZMAT4",0.279591166359997
"_CATGAGTCAGCTACCG-5","Glut-DACH2-LMANco","Ex_DACH2_ZMAT4",0.725900030639482
"_CATGAGTTCTCACCCA-5","Glut-DACH2-8","Ex_DACH2_ZMAT4",0.646591062051347
"_CATGCAAGTGTTATCG-5","Glut-DACH2-LMANsh","Ex_DACH2_NR4A3",0.298498062179403
"_CATGCAATCGCAATGT-5","Glut-DACH2-LMANco","Ex_DACH2_ZMAT4",0.303715586459935
"_CATGCAATCGGTGCAC-5","Glut-DACH2-8","Ex_DACH2_ZMAT4",0.832771752248465
"_CATGCCTAGTACAGAT-5","Glut-DACH2-8","Ex_DACH2_ZMAT4",0.689173849188015
"_CATGCCTCAGGACTAG-5","Glut-DACH2-8","Ex_DACH2_ZMAT4",0.76504762848511
"_CATGCCTTCGAACTCA-5","Glut-DACH2-LMANsh","Ex_DACH2_ADAMTS5",0.33426671809897
"_CATGCCTTCTCAATCT-5","Glut-DACH2-LMANsh","Ex_DACH2_GRIK4",0.361974370874746
"_CATGCGGAGTTATGGA-5","Glut-DACH2-LMANsh","Ex_DACH2_LHX2",0.546891601763156
"_CATGCGGCAGCGTGCT-5","Glut-DACH2-LMANco","Ex_DACH2_CEMIP",0.585402649415584
"_CATGCGGGTGCGAACA-5","Glut-DACH2-6","Ex_DACH2_CEMIP",0.518592445884437
"_CATGCTCGTTTATGCG-5","Glut-DACH2-8","Ex_DACH2_ZMAT4",0.528112395406199
"_CATGCTCTCAGTCAGT-5","Glut-DACH2-LMANco","Ex_SATB2_SOX6",0.497211210793525
"_CATGGATGTTCAATCG-5","Glut-DACH2-LMANco","Ex_SATB2_SOX6",0.386712508308011
"_CATGGTAGTATGGGAC-5","Glut-DACH2-LMANco","Ex_DACH2_CEMIP",0.421620616550301
"_CATGGTATCCAAATGC-5","Glut-DACH2-8","Ex_DACH2_ZMAT4",0.645201090905531
"_CATGGTATCTTCTGTA-5","Glut-DACH2-LMANco","Ex_DACH2_ZMAT4",0.393495207840493
"_CATTCATCATCTTTCA-5","Glut-DACH2-6","Ex_DACH2_CEMIP",0.958299518761019
"_CATTCATGTTACGTAC-5","Glut-DACH2-LMANco","Ex_DACH2_ZMAT4",0.456712302090363
"_CATTCATTCGGACAAG-5","Glut-DACH2-LMANco","Ex_DACH2_ZMAT4",0.430337533189259
"_CATTCATTCGGTCATA-5","Glut-DACH2-8","Ex_DACH2_ZMAT4",0.806124109142783
"_CATTCCGGTTGTATGC-5","Glut-DACH2-LMANco","Ex_SATB2_SOX6",0.471726422871718
"_CATTCCGTCACGGACC-5","Glut-DACH2-8","Ex_DACH2_ZMAT4",0.619655830094512
"_CATTCTACATCGCTAA-5","Glut-DACH2-LMANco","Ex_DACH2_CEMIP",0.48693726206513
"_CATTCTAGTCCCACGA-5","Glut-DACH2-6","Ex_DACH2_CEMIP",0.750145587083595
"_CATTCTAGTTGTCTAG-5","Glut-DACH2-8","Ex_DACH2_ZMAT4",0.867828573842177
"_CATTCTATCACACCGG-5","Glut-DACH2-LMANsh","Ex_DACH2_LHX2",0.601454284837236
"_CATTGAGAGGGAGGCA-5","Glut-DACH2-LMANco","Ex_DACH2_ZMAT4",0.84112305981257
"_CATTGAGTCGCGCCAA-5","Glut-DACH2-LMANco","Ex_SATB2_SOX6",0.397488440821692
"_CATTGCCAGACTAGAT-5","Glut-DACH2-LMANsh","Ex_DACH2_ZMAT4",0.403609927098065
"_CATTGCCAGTGGATTA-5","Glut-DACH2-LMANco","Ex_DACH2_CEMIP",0.515617144235235
"_CATTGCCTCAAGCCCG-5","Glut-DACH2-LMANsh","Ex_DACH2_ADAMTS5",0.472100123981663
"_CATTGTTAGGTGCATG-5","Glut-DACH2-LMANsh","Ex_DACH2_LHX2",0.422973302460846
"_CATTGTTCACGGTGCT-5","Glut-DACH2-LMANsh","Ex_DACH2_LHX2",0.646160446966268
"_CATTGTTTCCATCTAT-5","Glut-DACH2-LMANco","Ex_DACH2_ZMAT4",0.524949235446694
"_CATTTCAGTTTAGACC-5","Glut-DACH2-LMANco","Ex_DACH2_ZMAT4",0.45596210822053
"_CCAAGCGTCTTCCCAG-5","Glut-DACH2-6","Ex_DACH2_CEMIP",0.725754851427082
"_CCAATGAAGCCAGAGT-5","Glut-DACH2-LMANco","Ex_DACH2_CEMIP",0.549839138001777
"_CCAATTTAGGAAAGTG-5","Glut-DACH2-8","Ex_DACH2_ZMAT4",0.656275736739354
"_CCACAAACAAAGACTA-5","Glut-DACH2-LMANsh","Ex_DACH2_LHX2",0.272559593982826
"_CCACACTGTGCTGATT-5","Glut-DACH2-5","Ex_DACH2_GRIK4",0.312497572769285
"_CCACACTGTGTTGATC-5","Glut-DACH2-LMANsh","Ex_DACH2_LHX2",0.341198287555579
"_CCACACTTCGTAACTG-5","Glut-DACH2-LMANco","Ex_SATB2_SOX6",0.517144407148886
"_CCACCATAGGGTCTTT-5","Glut-DACH2-LMANco","Ex_DACH2_CEMIP",0.427326766773058
"_CCACCATTCTCGGGAC-5","Glut-DACH2-8","Ex_DACH2_ZMAT4",0.606954207263804
"_CCACGAGGTATGCTTG-5","Glut-DACH2-LMANco","Ex_DACH2_CEMIP",0.478529130579193
"_CCACGTTAGGTCCAGA-5","Glut-DACH2-LMANsh","Ex_DACH2_ADAMTS5",0.680850828951976
"_CCACGTTCAATAGGAT-5","Glut-DACH2-8","Ex_DACH2_ZMAT4",0.813561176115938
"_CCACTTGAGACATAAC-5","Glut-DACH2-LMANsh","Ex_DACH2_LHX2",0.401518375825385
"_CCACTTGCAAGACTGG-5","Glut-DACH2-LMANco","Ex_DACH2_ZMAT4",0.727345394187542
"_CCACTTGCATACCATG-5","Glut-DACH2-8","Ex_DACH2_ZMAT4",0.668223101876511
"_CCACTTGTCACGACTA-5","Glut-DACH2-LMANco","Ex_SATB2_SOX6",0.540990427362652
"_CCATAAGAGAAATCCA-5","Glut-DACH2-6","Ex_DACH2_CEMIP",0.959668509612982
"_CCATAAGTCACAGTGT-5","Glut-DACH2-6","Ex_DACH2_CEMIP",0.880201203466048
"_CCATAAGTCCCGAACG-5","Glut-DACH2-LMANsh","Ex_DACH2_LHX2",0.680769587117486
"_CCATCACCATCTTTCA-5","Glut-DACH2-LMANsh","Ex_DACH2_LHX2",0.435364669216187
"_CCATCACGTACGCTTA-5","Glut-DACH2-LMANsh","Ex_DACH2_ADAMTS5",0.311201661280599
"_CCCAACTTCCGAGGCT-5","Glut-DACH2-8","Ex_DACH2_ZMAT4",0.883975223326366
"_CCCATTGAGAAGTATC-5","Glut-DACH2-LMANsh","Ex_DACH2_LHX2",0.574420512593054
"_CCCATTGCAAGATCCT-5","Glut-DACH2-LMANco","Ex_DACH2_CEMIP",0.457760776960879
"_CCCATTGTCGGCTCTT-5","Glut-DACH2-8","Ex_DACH2_ZMAT4",0.620272907456769
"_CCCGAAGAGACCAAAT-5","Glut-DACH2-LMANco","Ex_SATB2_SOX6",0.388874890316197
"_CCCGAAGGTACTCGAT-5","Glut-DACH2-LMANsh","Ex_DACH2_ADAMTS5",0.349673209810556
"_CCCGAAGGTCTGCAAT-5","Glut-DACH2-LMANsh","Ex_DACH2_ZMAT4",0.43293134341
"_CCCGAAGGTTTCGATG-5","Glut-DACH2-6","Ex_DACH2_CEMIP",0.57498538811938
"_CCCGGAACATAAGCGG-5","Glut-DACH2-LMANco","Ex_DACH2_ZMAT4",0.455549031038636
"_CCCGGAAGTGACTGTT-5","Glut-DACH2-LMANsh","Ex_DACH2_ADAMTS5",0.316782022206446
"_CCCGGAATCAGCGGAA-5","Glut-DACH2-6","Ex_DACH2_CEMIP",0.507128341894148
"_CCCGGAATCGTCAAAC-5","Glut-DACH2-LMANco","Ex_DACH2_CEMIP",0.616328545683136
"_CCCTAACAGCTAGAGC-5","Glut-DACH2-LMANsh","Ex_DACH2_LHX2",0.538540647417592
"_CCCTAACCAATACAGA-5","Glut-DACH2-LMANsh","Ex_DACH2_LHX2",0.636905234079639
"_CCCTCAACATCCTGTC-5","Glut-DACH2-8","Ex_DACH2_ZMAT4",0.713389818297548
"_CCCTCAATCCAAATGC-5","Glut-DACH2-LMANsh","Ex_DACH2_LHX2",0.311196569398156
"_CCCTCTCCAAGGCAAC-5","Glut-DACH2-LMANco","Ex_DACH2_ZMAT4",0.873181101150696
"_CCCTCTCGTTTGGAGG-5","Glut-DACH2-LMANco","Ex_DACH2_CEMIP",0.466974313013434
"_CCCTCTCTCAGCTTGA-5","Glut-DACH2-LMANco","Ex_SATB2_SOX6",0.515594384858351
"_CCCTGATAGACATAAC-5","Glut-DACH2-LMANco","Ex_DACH2_CEMIP",0.453540637708846
"_CCCTGATGTAGATTAG-5","Glut-DACH2-LMANsh","Ex_DACH2_ADAMTS5",0.445831158276515
"_CCCTGATTCAAATGAG-5","Glut-DACH2-8","Ex_DACH2_ZMAT4",0.802144020991178
"_CCCTTAGAGGAAAGGT-5","Glut-DACH2-LMANsh","Ex_DACH2_ZMAT4",0.46280136393734
"_CCCTTAGGTGTTAGCT-5","Glut-DACH2-LMANsh","Ex_DACH2_LHX2",0.296674880179828
"_CCGAACGAGTGTTCAC-5","Glut-DACH2-LMANco","Ex_SATB2_SOX6",0.478087005187791
"_CCGAACGCATTGCCTC-5","Glut-DACH2-8","Ex_DACH2_ZMAT4",0.805505483964153
"_CCGATCTAGATCGCCC-5","Glut-DACH2-7","Ex_DACH2_ADAMTS5",0.445312446308103
"_CCGATCTCAGGCGATA-5","Glut-DACH2-5","Ex_DACH2_LHX2",0.54114434457615
"_CCGATCTCATTGCAAC-5","Glut-DACH2-LMANco","Ex_DACH2_CEMIP",0.400588643996168
"_CCGCAAGCATTGCCGG-5","Glut-DACH2-5","Ex_DACH2_LHX2",0.532828030446873
"_CCGCAAGTCTTGTGCC-5","Glut-DACH2-5","Ex_DACH2_LHX2",0.477173038583446
"_CCGGACATCGGCCTTT-5","Glut-DACH2-LMANco","Ex_DACH2_CEMIP",0.533565511201128
"_CCGGGTAAGTCATGCT-5","Glut-DACH2-7","Ex_DACH2_MGAT4C",0.291059756402528
"_CCGGGTACAAATACGA-5","Glut-DACH2-8","Ex_DACH2_ZMAT4",0.758646613100086
"_CCGGGTATCAACGCTA-5","Glut-DACH2-LMANsh","Ex_DACH2_ADAMTS5",0.435488848065825
"_CCGGGTATCGAGCACC-5","Glut-DACH2-8","Ex_DACH2_ZMAT4",0.8741204055517
"_CCGGGTATCGCAACAT-5","Glut-DACH2-8","Ex_DACH2_ZMAT4",0.468632247390758
"_CCGGTAGGTAGGAAAG-5","Glut-DACH2-8","Ex_DACH2_ZMAT4",0.458937072628347
"_CCGGTAGGTGACGCCT-5","Glut-DACH2-LMANsh","Ex_DACH2_LHX2",0.68701416627154
"_CCGGTAGGTGGCTTAT-5","Glut-DACH2-LMANsh","Ex_DACH2_ADAMTS5",0.34774532358873
"_CCGGTGACATCGATAC-5","Glut-DACH2-7","Ex_DACH2_ADAMTS5",0.405851708022597
"_CCGGTGAGTCGCGTCA-5","Glut-DACH2-LMANsh","Ex_DACH2_LHX2",0.605051837902871
"_CCGTGAGTCCCTCTCC-5","Glut-DACH2-LMANco","Ex_SATB2_SOX6",0.535105275851192
"_CCGTGAGTCTGTGCTC-5","Glut-DACH2-5","Ex_DACH2_LHX2",0.517553906499668
"_CCGTTCAAGGTTTACC-5","Glut-DACH2-LMANco","Ex_SATB2_SOX6",0.366541950364833
"_CCGTTCAAGTGCCCGT-5","Glut-DACH2-LMANsh","Ex_DACH2_LHX2",0.614601579955015
"_CCGTTCACACGTAGTT-5","Glut-DACH2-LMANsh","Ex_DACH2_LHX2",0.578796390370811
"_CCGTTCATCGGTTAGT-5","Glut-DACH2-8","Ex_DACH2_ZMAT4",0.891751405889747
"_CCGTTCATCTCTATAC-5","Glut-DACH2-LMANsh","Ex_DACH2_ADAMTS5",0.720611539140818
"_CCTAACCAGGTTCTAC-5","Glut-DACH2-6","Ex_DACH2_CEMIP",0.562205926948234
"_CCTAACCGTAACATGA-5","Glut-DACH2-LMANsh","Ex_DACH2_LHX2",0.476613191300075
"_CCTAACCTCCATCTGC-5","Glut-DACH2-LMANco","Ex_SATB2_SOX6",0.445773498769279
"_CCTAACCTCGGTAAGG-5","Glut-DACH2-6","Ex_DACH2_CEMIP",0.618060158724913
"_CCTAAGAAGATGAATC-5","Glut-DACH2-LMANsh","Ex_DACH2_LHX2",0.521410176779776
"_CCTAAGATCTAGTACG-5","Glut-DACH2-6","Ex_DACH2_CEMIP",0.813892307719924
"_CCTACGTAGGTGCTTT-5","Glut-DACH2-8","Ex_DACH2_ZMAT4",0.41462914451411
"_CCTCAACAGCACAAAT-5","Glut-DACH2-LMANsh","Ex_DACH2_LHX2",0.564249897073741
"_CCTCAACAGCGCCTTG-5","Glut-DACH2-LMANsh","Ex_DACH2_LHX2",0.255150054515521
"_CCTCAACTCCCTCTAG-5","Glut-DACH2-LMANsh","Ex_DACH2_ZMAT4",0.477402198454252
"_CCTCACAGTGCATTAC-5","Glut-DACH2-8","Ex_DACH2_ZMAT4",0.927094945950078
"_CCTCACATCCGCACTT-5","Glut-DACH2-LMANsh","Ex_DACH2_LHX2",0.282600836076107
"_CCTCAGTAGGTTGTTC-5","Glut-DACH2-LMANsh","Ex_DACH2_LHX2",0.561059179630801
"_CCTCAGTTCGACCAAT-5","Glut-DACH2-8","Ex_DACH2_ZMAT4",0.845890095734454
"_CCTCCAACAACTTCTT-5","Glut-DACH2-8","Ex_DACH2_ZMAT4",0.910719571765592
"_CCTCCTCAGGTACCTT-5","Glut-DACH2-LMANsh","Ex_DACH2_LHX2",0.462661369700396
"_CCTCCTCAGTGGCCTC-5","Glut-DACH2-6","Ex_DACH2_CEMIP",0.641221146533998
"_CCTCCTCTCTCATGGA-5","Glut-DACH2-LMANsh","Ex_DACH2_LHX2",0.356942867992147
"_CCTCTAGCAACTGAAA-5","Glut-DACH2-6","Ex_DACH2_CEMIP",0.880125757316034
"_CCTCTAGGTCGGATTT-5","Glut-DACH2-8","Ex_DACH2_ZMAT4",0.667819890405846
"_CCTGCATAGTAACGTA-5","Glut-DACH2-LMANco","Ex_SATB2_SOX6",0.489814053119679
"_CCTGCATCATAGTCAC-5","Glut-DACH2-LMANsh","Ex_DACH2_ADAMTS5",0.378947211386396
"_CCTGCATTCCAAATGC-5","Glut-DACH2-LMANsh","Ex_DACH2_ADAMTS5",0.360745548870488
"_CCTGTTGAGAAGAACG-5","Glut-DACH2-5","Ex_DACH2_ADAMTS5",0.359096210892946
"_CCTGTTGCAATCAAGA-5","Glut-DACH2-LMANco","Ex_SATB2_SOX6",0.3400889130717
"_CCTTCAGCACAATTCG-5","Glut-DACH2-LMANco","Ex_DACH2_CEMIP",0.383264817956508
"_CCTTCAGCAGATCACT-5","Glut-DACH2-6","Ex_DACH2_CEMIP",0.897959940011429
"_CCTTTGGCAATTGCTG-5","Glut-DACH2-LMANsh","Ex_DACH2_LHX2",0.47346855251665
"_CGAAGGATCTGATTCT-5","Glut-DACH2-LMANsh","Ex_DACH2_ADAMTS5",0.4217461078197
"_CGAAGTTCAAGACGAC-5","Glut-DACH2-LMANco","Ex_DACH2_ZMAT4",0.563086685209117
"_CGAAGTTCATGTGGTT-5","Glut-DACH2-8","Ex_DACH2_ZMAT4",0.905973355217726
"_CGAATTGGTAGACGTG-5","Glut-DACH2-LMANsh","Ex_DACH2_LHX2",0.487757006957552
"_CGACAGCAGGTCTGGA-5","Glut-DACH2-LMANco","Ex_SATB2_SOX6",0.516449857053362
"_CGACAGCAGGTTAAAC-5","Glut-DACH2-LMANco","Ex_SATB2_SOX6",0.454809937983953
"_CGACAGCCAGAATTCC-5","Glut-DACH2-8","Ex_DACH2_ZMAT4",0.926589655368146
"_CGAGAAGAGTCGAAAT-5","Glut-DACH2-LMANco","Ex_DACH2_ZMAT4",0.741615223685063
"_CGAGAAGGTTCTCCTG-5","Glut-DACH2-6","Ex_DACH2_CEMIP",0.630139010735497
"_CGAGAAGTCAAGCCAT-5","Glut-DACH2-LMANsh","Ex_DACH2_LHX2",0.380534255541131
"_CGAGGAACATCTGGGC-5","Glut-DACH2-LMANsh","Ex_DACH2_ADAMTS5",0.36471065161108
"_CGAGGAAGTTCGAAGG-5","Glut-DACH2-LMANsh","Ex_DACH2_LHX2",0.237376059172942
"_CGAGGCTGTCACATTG-5","Glut-DACH2-8","Ex_DACH2_ZMAT4",0.688463578840196
"_CGAGGCTTCCCAGTGG-5","Glut-DACH2-8","Ex_DACH2_ZMAT4",0.51085723763677
"_CGAGGCTTCGCCGATG-5","Glut-DACH2-8","Ex_DACH2_ZMAT4",0.863117111684174
"_CGAGTGCAGAAGCCTG-5","Glut-DACH2-LMANco","Ex_DACH2_CEMIP",0.579362808544034
"_CGAGTGCAGGGAGGCA-5","Glut-DACH2-LMANco","Ex_DACH2_CEMIP",0.410137083292707
"_CGAGTGCAGGTTACAA-5","Glut-DACH2-LMANsh","Ex_DACH2_GRIK4",0.306159058124645
"_CGAGTGCGTACGTGAG-5","Glut-DACH2-8","Ex_DACH2_ZMAT4",0.666114200672642
"_CGAGTGCGTTGGGTTT-5","Glut-DACH2-6","Ex_DACH2_CEMIP",0.701192644678627
"_CGAGTTACACCTGCGA-5","Glut-DACH2-6","Ex_DACH2_CEMIP",0.840311398579322
"_CGAGTTACATTGGATC-5","Glut-DACH2-LMANsh","Ex_DACH2_LHX2",0.455569379540721
"_CGAGTTATCCGATGCG-5","Glut-DACH2-6","Ex_DACH2_CEMIP",0.87817461415046
"_CGATGCGAGGTGCAGT-5","Glut-DACH2-LMANsh","Ex_DACH2_LHX2",0.673537695883054
"_CGATGGCTCGGCATCG-5","Glut-DACH2-8","Ex_DACH2_ZMAT4",0.67202059169579
"_CGCAGGTTCCACTTCG-5","Glut-DACH2-8","Ex_DACH2_ZMAT4",0.922394826907119
"_CGCATAAGTGTCATCA-5","Glut-DACH2-LMANco","Ex_DACH2_CEMIP",0.707933079368036
"_CGCATGGCACAAAGCG-5","Glut-DACH2-5","Ex_DACH2_ADAMTS5",0.426240102107649
"_CGCATGGCATATCGGT-5","Glut-DACH2-8","Ex_DACH2_ZMAT4",0.684551577986616
"_CGCATGGGTTGGCTAT-5","Glut-DACH2-LMANsh","Ex_DACH2_LHX2",0.562831801377885
"_CGCATGGTCACAAGAA-5","Glut-DACH2-LMANsh","Ex_DACH2_ADAMTS5",0.668187547930568
"_CGCATGGTCCGCCTAT-5","Glut-DACH2-LMANsh","Ex_DACH2_ADAMTS5",0.613523994766213
"_CGCCAGAAGACGCCAA-5","Glut-DACH2-LMANsh","Ex_DACH2_LHX2",0.642976661549746
"_CGCCAGACAGTAGATA-5","Glut-DACH2-LMANsh","Ex_DACH2_LHX2",0.654368177332053
"_CGCCATTGTCCCTGTT-5","Glut-DACH2-LMANsh","Ex_DACH2_ADAMTS5",0.345706642561919
"_CGCCATTGTCTGATAC-5","Glut-DACH2-LMANsh","Ex_DACH2_GRIK4",0.326495111202154
"_CGGAACCCAAAGGAGA-5","Glut-DACH2-LMANsh","Ex_DACH2_LHX2",0.460503326230416
"_CGGAACCGTAGATTGA-5","Glut-DACH2-LMANsh","Ex_DACH2_LHX2",0.412739731129024
"_CGGAACCTCGTTATCT-5","Glut-DACH2-LMANco","Ex_DACH2_CEMIP",0.475561150217656
"_CGGAATTGTAAGGCTG-5","Glut-DACH2-LMANsh","Ex_DACH2_ADAMTS5",0.308349140107532
"_CGGAATTTCCATACTT-5","Glut-DACH2-LMANsh","Ex_DACH2_LHX2",0.336473795730689
"_CGGACACGTATGGTAA-5","Glut-DACH2-LMANco","Ex_DACH2_CEMIP",0.399047410454816
"_CGGAGAAGTCCTTAAG-5","Glut-DACH2-LMANco","Ex_DACH2_CEMIP",0.546028190227706
"_CGGAGAATCATGGGAG-5","Glut-DACH2-8","Ex_DACH2_ZMAT4",0.555007074490147
"_CGGAGAATCTGATTCT-5","Glut-DACH2-8","Ex_DACH2_ZMAT4",0.920026080174674
"_CGGCAGTCAGAATTCC-5","Glut-DACH2-LMANco","Ex_DACH2_ZMAT4",0.436006090671795
"_CGGGACTCATGTGCCG-5","Glut-DACH2-LMANco","Ex_DACH2_ZMAT4",0.511644784644051
"_CGGGCATCACTGATTG-5","Glut-DACH2-LMANsh","Ex_DACH2_LHX2",0.448157565337488
"_CGGGCATGTTCCATTT-5","Glut-DACH2-6","Ex_DACH2_CEMIP",0.868058039374095
"_CGGGCATGTTGGAGAC-5","Glut-DACH2-LMANsh","Ex_DACH2_LHX2",0.322378423055806
"_CGGGTCAGTGAGATAT-5","Glut-DACH2-8","Ex_DACH2_ZMAT4",0.668024631939882
"_CGGGTCATCACCGGGT-5","Glut-DACH2-LMANco","Ex_DACH2_ZMAT4",0.58418888484646
"_CGGTCAGAGCCTGACC-5","Glut-DACH2-LMANco","Ex_DACH2_CEMIP",0.49874436025501
"_CGTAAGTTCCATTGTT-5","Glut-DACH2-LMANco","Ex_DACH2_CEMIP",0.461265487383226
"_CGTAAGTTCGTTCCTG-5","Glut-DACH2-LMANco","Ex_SATB2_SOX6",0.404003425666479
"_CGTAATGCAGGCGATA-5","Glut-DACH2-LMANco","Ex_DACH2_CEMIP",0.737795186924454
"_CGTAGTAAGCTCATAC-5","Glut-DACH2-6","Ex_DACH2_CEMIP",0.651874245273673
"_CGTAGTAGTGTGATGG-5","Glut-DACH2-LMANsh","Ex_DACH2_LHX2",0.632379543312917
"_CGTAGTATCCTATTTG-5","Glut-DACH2-8","Ex_DACH2_ZMAT4",0.78557343985277
"_CGTCAAACAGCTGTCG-5","Glut-DACH2-LMANsh","Ex_DACH2_ITGA9",0.220173515617853
"_CGTCAAACAGTTGTTG-5","Glut-DACH2-LMANco","Ex_SATB2_SOX6",0.48187962360046
"_CGTCAAAGTAAGTCAA-5","Glut-DACH2-6","Ex_DACH2_CEMIP",0.529726947201132
"_CGTGAATTCTCGGCTT-5","Glut-DACH2-LMANco","Ex_DACH2_ZMAT4",0.502106262217633
"_CGTGATACACTCTAGA-5","Glut-DACH2-6","Ex_DACH2_CEMIP",0.652490302840468
"_CGTGATAGTTGTTGTG-5","Glut-DACH2-8","Ex_DACH2_ZMAT4",0.828698981929651
"_CGTGTCTAGATCGCTT-5","Glut-DACH2-6","Ex_DACH2_CEMIP",0.671434980724491
"_CGTGTCTAGGTCGTGA-5","Glut-DACH2-LMANco","Ex_DACH2_ZMAT4",0.620245261982835
"_CGTGTCTCATCCGGTG-5","Glut-DACH2-7","Ex_DACH2_NR4A3",0.714201077196672
"_CGTGTCTGTAGAATGT-5","Glut-DACH2-LMANco","Ex_DACH2_ZMAT4",0.545345541370684
"_CGTGTCTTCCTTGACC-5","Glut-DACH2-1","Ex_DACH2_LHX2",0.51186372879494
"_CGTTAGACATCTCATT-5","Glut-DACH2-8","Ex_DACH2_ZMAT4",0.655813396633101
"_CGTTCTGGTCCCGCAA-5","Glut-DACH2-LMANco","Ex_DACH2_ZMAT4",0.773372949845336
"_CGTTCTGTCCACTGAA-5","Glut-DACH2-LMANco","Ex_DACH2_CEMIP",0.500053257850921
"_CGTTGGGAGATTAGCA-5","Glut-DACH2-LMANsh","Ex_DACH2_LHX2",0.519743355960398
"_CGTTGGGGTACCAATC-5","Glut-DACH2-LMANco","Ex_SATB2_SOX6",0.504274621729757
"_CGTTGGGGTGCCCAGT-5","Glut-DACH2-6","Ex_DACH2_CEMIP",0.61246708669171
"_CGTTGGGGTTGAGGAC-5","Glut-DACH2-8","Ex_DACH2_ZMAT4",0.472082949138713
"_CGTTGGGTCAAGAAAC-5","Glut-DACH2-6","Ex_DACH2_CEMIP",0.80493818692773
"_CGTTGGGTCACCGACG-5","Glut-DACH2-LMANsh","Ex_DACH2_ADAMTS5",0.672729662454174
"_CGTTGGGTCACTAGCA-5","Glut-DACH2-LMANco","Ex_DACH2_CEMIP",0.674098927380504
"_CGTTGGGTCTGGCTGG-5","Glut-DACH2-LMANco","Ex_DACH2_CEMIP",0.506942509827
"_CTAACCCAGGTATAGT-5","Glut-DACH2-LMANsh","Ex_DACH2_LHX2",0.629901131596366
"_CTAACTTCAAACTCGT-5","Glut-DACH2-LMANco","Ex_SATB2_SOX6",0.460262753860194
"_CTAACTTCATCGATGT-5","Glut-DACH2-LMANco","Ex_DACH2_ZMAT4",0.475939000828479
"_CTAAGTGGTGGGCTCT-5","Glut-DACH2-LMANco","Ex_DACH2_ZMAT4",0.665291253444781
"_CTACAGAGTTCGGCTG-5","Glut-DACH2-LMANsh","Ex_DACH2_LHX2",0.508505561095871
"_CTACAGAGTTTACGAC-5","Glut-DACH2-LMANsh","Ex_DACH2_LHX2",0.614721574695368
"_CTACAGAGTTTCACTT-5","Glut-DACH2-5","Ex_DACH2_LHX2",0.665053805020325
"_CTACAGATCGATGGAG-5","Glut-DACH2-LMANsh","Ex_DACH2_LHX2",0.635041805793878
"_CTACATTAGCGGATCA-5","Glut-DACH2-5","Ex_DACH2_LHX2",0.50022081498833
"_CTACATTGTTACCCAA-5","Glut-DACH2-8","Ex_DACH2_ZMAT4",0.830554940431139
"_CTACCCACAACACAAA-5","Glut-DACH2-6","Ex_DACH2_ZMAT4",0.522472884290052
"_CTACCCACATCATGAC-5","Glut-DACH2-8","Ex_DACH2_ZMAT4",0.898260728444986
"_CTACCCACATCCCACT-5","Glut-DACH2-LMANco","Ex_DACH2_CEMIP",0.649628530010375
"_CTACCTGGTTGGACTT-5","Glut-DACH2-LMANsh","Ex_DACH2_LHX2",0.511345746612574
"_CTACGGGAGGGCTTCC-5","Glut-DACH2-8","Ex_DACH2_ZMAT4",0.907936292005669
"_CTACTATAGCCTGTGC-5","Glut-DACH2-LMANsh","Ex_DACH2_ADAMTS5",0.395377688087515
"_CTACTATCACGGAAGT-5","Glut-DACH2-LMANco","Ex_DACH2_ZMAT4",0.572460905369048
"_CTACTATGTCTGATCA-5","Glut-DACH2-LMANco","Ex_DACH2_ZMAT4",0.436463777945998
"_CTACTATTCTAGACAC-5","Glut-DACH2-6","Ex_DACH2_CEMIP",0.920730534923865
"_CTAGACACACGTACTA-5","Glut-DACH2-LMANco","Ex_DACH2_ZMAT4",0.500105549583925
"_CTAGACACAGCTCATA-5","Glut-DACH2-8","Ex_DACH2_ZMAT4",0.83525778354044
"_CTAGACATCGCATGAT-5","Glut-DACH2-8","Ex_DACH2_ZMAT4",0.91957007079399
"_CTAGGTATCCCTGTTG-5","Glut-DACH2-LMANco","Ex_DACH2_ZMAT4",0.695743754302222
"_CTAGGTATCGAGAATA-5","Glut-DACH2-8","Ex_DACH2_ZMAT4",0.813054034691798
"_CTATAGGTCCACGTAA-5","Glut-DACH2-LMANco","Ex_SATB2_SOX6",0.47705332726366
"_CTATCCGTCGGCCAAC-5","Glut-DACH2-LMANsh","Ex_DACH2_LHX2",0.672007482430777
"_CTATCTAAGAACTGAT-5","Glut-DACH2-LMANco","Ex_DACH2_CEMIP",0.489031240526344
"_CTATCTAGTGAACCGA-5","Glut-DACH2-LMANco","Ex_DACH2_ZMAT4",0.732363419055583
"_CTCAACCAGATGGCAC-5","Glut-DACH2-6","Ex_DACH2_CEMIP",0.987654729415986
"_CTCAACCAGTTCCGGC-5","Glut-DACH2-LMANsh","Ex_DACH2_ADAMTS5",0.528339701395962
"_CTCAACCCAGGAAGTC-5","Glut-DACH2-LMANsh","Ex_DACH2_LHX2",0.694267589783903
"_CTCAACCCATGACTCA-5","Glut-DACH2-LMANsh","Ex_DACH2_ADAMTS5",0.638805310373291
"_CTCAACCGTCTTGAGT-5","Glut-DACH2-LMANsh","Ex_DACH2_LHX2",0.476093505545596
"_CTCAACCGTTTGGGAG-5","Glut-DACH2-LMANco","Ex_DACH2_CEMIP",0.621230965114717
"_CTCAAGAAGTGGAAGA-5","Glut-DACH2-6","Ex_DACH2_CEMIP",0.851826394980673
"_CTCAAGACACAGCGCT-5","Glut-DACH2-LMANsh","Ex_DACH2_ZMAT4",0.367323043323103
"_CTCAAGATCTGCATAG-5","Glut-DACH2-LMANsh","Ex_DACH2_LHX2",0.617409253635933
"_CTCAATTAGGACAGCT-5","Glut-DACH2-8","Ex_DACH2_ZMAT4",0.656647321486755
"_CTCAATTGTAAGTTGA-5","Glut-DACH2-LMANsh","Ex_DACH2_LHX2",0.652424031214299
"_CTCAATTGTCAGGCAA-5","Glut-DACH2-LMANco","Ex_SATB2_SOX6",0.420449045461311
"_CTCACTGAGTCACTAC-5","Glut-DACH2-LMANco","Ex_SATB2_SOX6",0.477178256849467
"_CTCACTGGTCCAGCGT-5","Glut-DACH2-LMANco","Ex_SATB2_SOX6",0.415648247601952
"_CTCACTGTCCTTATCA-5","Glut-DACH2-5","Ex_DACH2_LHX2",0.560360616535133
"_CTCAGAAAGGACTGGT-5","Glut-DACH2-LMANsh","Ex_DACH2_LHX2",0.403531481732639
"_CTCAGAATCGCCAATA-5","Glut-DACH2-6","Ex_DACH2_CEMIP",0.665492400066209
"_CTCAGGGCATCTCATT-5","Glut-DACH2-5","Ex_DACH2_LHX2",0.574245713914598
"_CTCAGGGCATGTCGTA-5","Glut-DACH2-6","Ex_DACH2_CEMIP",0.849307425308818
"_CTCAGTCTCGCTCCTA-5","Glut-DACH2-LMANsh","Ex_DACH2_LHX2",0.45332318533271
"_CTCATCGAGCTATCCA-5","Glut-DACH2-LMANco","Ex_DACH2_ZMAT4",0.554432239216476
"_CTCATTAAGCATCCCG-5","Glut-DACH2-LMANsh","Ex_DACH2_LHX2",0.52701510528021
"_CTCATTAAGCTTGTGT-5","Glut-DACH2-8","Ex_DACH2_ZMAT4",0.925085831802436
"_CTCATTATCGCCGATG-5","Glut-DACH2-LMANsh","Ex_DACH2_ADAMTS5",0.319187315921663
"_CTCCACATCGTTCATT-5","Glut-DACH2-6","Ex_DACH2_CEMIP",0.822451787935781
"_CTCCATGAGCTAGAAT-5","Glut-DACH2-6","Ex_DACH2_CEMIP",0.797692345322339
"_CTCCATGGTGTTAGCT-5","Glut-DACH2-LMANco","Ex_DACH2_CEMIP",0.4111896309751
"_CTCCCAACAAGGTCTT-5","Glut-DACH2-6","Ex_DACH2_CEMIP",0.648580310418239
"_CTCCCTCAGCAAGGAA-5","Glut-DACH2-LMANco","Ex_DACH2_CEMIP",0.407102703764943
"_CTCCCTCCAAAGCTCT-5","Glut-DACH2-6","Ex_DACH2_CEMIP",0.81826411387004
"_CTCCCTCCAAAGGGTC-5","Glut-DACH2-LMANsh","Ex_DACH2_ZMAT4",0.724780941487
"_CTCCCTCCATGACCCG-5","Glut-DACH2-5","Ex_DACH2_ADAMTS5",0.373311693053147
"_CTCCCTCGTCACAATC-5","Glut-DACH2-8","Ex_DACH2_ZMAT4",0.695903907816009
"_CTCCCTCTCCTACCAC-5","Glut-DACH2-8","Ex_DACH2_ZMAT4",0.830498611693683
"_CTCCGATAGTCAGGGT-5","Glut-DACH2-LMANsh","Ex_DACH2_LHX2",0.434371809317478
"_CTCCGATGTATCGTAC-5","Glut-DACH2-LMANsh","Ex_DACH2_LHX2",0.47434094702874
"_CTCCGATGTCTTCATT-5","Glut-DACH2-LMANco","Ex_SATB2_SOX6",0.446083511593677
"_CTCCTTTAGGGTCAAC-5","Glut-DACH2-8","Ex_DACH2_ZMAT4",0.6847332016677
"_CTCCTTTAGGTAGGCT-5","Glut-DACH2-LMANsh","Ex_DACH2_GRIK4",0.340145076463942
"_CTCCTTTAGTACCATC-5","Glut-DACH2-LMANco","Ex_DACH2_CEMIP",0.460629180330631
"_CTCGAGGCAAATGAGT-5","Glut-DACH2-LMANsh","Ex_DACH2_LHX2",0.32260891068776
"_CTCGAGGCAACTACGT-5","Glut-DACH2-6","Ex_DACH2_CEMIP",0.745454128051649
"_CTCTCAGAGAAAGTCT-5","Glut-DACH2-LMANco","Ex_SATB2_SOX6",0.413531742029274
"_CTCTCAGAGTCCCGGT-5","Glut-DACH2-8","Ex_DACH2_ZMAT4",0.778437543850291
"_CTCTCAGGTCCACGCA-5","Glut-DACH2-LMANco","Ex_DACH2_CEMIP",0.58216825722493
"_CTCTCGACACAGTCCG-5","Glut-DACH2-LMANsh","Ex_DACH2_LHX2",0.405398738648591
"_CTCTCGACAGACAAAT-5","Glut-DACH2-8","Ex_DACH2_ZMAT4",0.625075985993764
"_CTCTCGAGTAGATTAG-5","Glut-DACH2-6","Ex_DACH2_CEMIP",0.743438438380628
"_CTCTCGAGTGCAGGAT-5","Glut-DACH2-LMANsh","Ex_DACH2_LHX2",0.584104008741443
"_CTGAATGCAACTTCTT-5","Glut-DACH2-LMANsh","Ex_DACH2_GRIK4",0.220623277761059
"_CTGAATGGTAATACCC-5","Glut-DACH2-8","Ex_DACH2_ZMAT4",0.910459823404312
"_CTGAATGGTTCAAAGA-5","Glut-DACH2-LMANsh","Ex_DACH2_LHX2",0.597805449988613
"_CTGAGCGCAAACCACT-5","Glut-DACH2-LMANsh","Ex_DACH2_LHX2",0.395602875241389
"_CTGAGCGGTCGAACAG-5","Glut-DACH2-LMANco","Ex_DACH2_ZMAT4",0.693385232599601
"_CTGAGCGGTCTGGTTA-5","Glut-DACH2-8","Ex_DACH2_ZMAT4",0.652233897683879
"_CTGAGCGGTTGCGAAG-5","Glut-DACH2-LMANco","Ex_DACH2_CEMIP",0.457966617245169
"_CTGAGGCTCAGAGTGG-5","Glut-DACH2-LMANco","Ex_DACH2_ZMAT4",0.475966503777317
"_CTGAGGCTCGCTATTT-5","Glut-DACH2-6","Ex_DACH2_CEMIP",0.71230795175642
"_CTGAGGCTCTTACGGA-5","Glut-DACH2-6","Ex_DACH2_CEMIP",0.836728964547406
"_CTGATCCCATGACACT-5","Glut-DACH2-LMANco","Ex_DACH2_CEMIP",0.501277529784122
"_CTGATCCTCTCATGGA-5","Glut-DACH2-LMANco","Ex_DACH2_ZMAT4",0.449857111151202
"_CTGCAGGAGGGAGTTC-5","Glut-DACH2-8","Ex_DACH2_ZMAT4",0.868285275826231
"_CTGCATCGTACGTACT-5","Glut-DACH2-LMANsh","Ex_DACH2_LHX2",0.386108256600926
"_CTGCATCGTAGTTACC-5","Glut-DACH2-8","Ex_DACH2_ZMAT4",0.90623256552172
"_CTGCCATCAAGAGCTG-5","Glut-DACH2-LMANsh","Ex_DACH2_NR4A3",0.405613585272814
"_CTGCCATGTCACTTCC-5","Glut-DACH2-LMANsh","Ex_DACH2_LHX2",0.278039761394951
"_CTGCCATTCCCGAATA-5","Glut-DACH2-LMANsh","Ex_DACH2_ADAMTS5",0.470064366961666
"_CTGCCATTCTGCGGCA-5","Glut-DACH2-8","Ex_DACH2_ZMAT4",0.747235573259194
"_CTGCGAGAGAGTGGCT-5","Glut-DACH2-LMANsh","Ex_DACH2_LHX2",0.419645235919224
"_CTGCTCAAGGTTGGAC-5","Glut-DACH2-8","Ex_DACH2_ZMAT4",0.831761724531133
"_CTGGCAGCAAGAAATC-5","Glut-DACH2-LMANco","Ex_SATB2_SOX6",0.489476809302575
"_CTGGCAGCATGGCCCA-5","Glut-DACH2-LMANsh","Ex_DACH2_LHX2",0.529561432762694
"_CTGGCAGTCAGTCTTT-5","Glut-DACH2-8","Ex_DACH2_ZMAT4",0.723590207407451
"_CTGGTCTGTGAGTGAC-5","Glut-DACH2-LMANco","Ex_DACH2_ZMAT4",0.334290169595721
"_CTGTACCCAGTAGATA-5","Glut-DACH2-LMANsh","Ex_DACH2_LHX2",0.536594952776838
"_CTGTACCTCAAACCCA-5","Glut-DACH2-LMANsh","Ex_DACH2_LHX2",0.3851443063571
"_CTGTAGAGTGGATCAG-5","Glut-DACH2-LMANco","Ex_DACH2_ZMAT4",0.712321553113864
"_CTGTATTTCATGTCAG-5","Glut-DACH2-5","Ex_DACH2_LHX2",0.399279126253195
"_CTGTCGTAGATACCAA-5","Glut-DACH2-LMANco","Ex_DACH2_CEMIP",0.460558515328527
"_CTGTCGTCAGAGTGAC-5","Glut-DACH2-LMANsh","Ex_DACH2_LHX2",0.361095962052721
"_CTGTCGTCAGTAGAGC-5","Glut-DACH2-LMANsh","Ex_DACH2_LHX2",0.635095466603855
"_CTGTCGTGTCGGTACC-5","Glut-DACH2-LMANsh","Ex_DACH2_GRIK4",0.173169969147014
"_CTGTCGTTCATTGCTT-5","Glut-DACH2-4","Ex_SATB2_SOX6",0.48694207370769
"_CTGTGAAGTTTCGTGA-5","Glut-DACH2-LMANco","Ex_DACH2_CEMIP",0.414758134924889
"_CTGTGGGAGTTGCTGT-5","Glut-DACH2-LMANco","Ex_DACH2_CEMIP",0.520461577679585
"_CTGTGGGTCATCCTGC-5","Glut-DACH2-LMANsh","Ex_DACH2_LHX2",0.606204569592247
"_CTTACCGGTAGTATAG-5","Glut-DACH2-LMANco","Ex_DACH2_CEMIP",0.43167354449444
"_CTTACCGTCCGTGACG-5","Glut-DACH2-8","Ex_DACH2_ZMAT4",0.909600957154725
"_CTTAGGACACTGGACC-5","Glut-DACH2-LMANsh","Ex_DACH2_LHX2",0.432636887669078
"_CTTAGGACAGCAGATG-5","Glut-DACH2-LMANco","Ex_DACH2_CEMIP",0.642775085290437
"_CTTAGGAGTAAGTTAG-5","Glut-DACH2-LMANco","Ex_DACH2_CEMIP",0.548211943677443
"_CTTAGGATCCGTAGGC-5","Glut-DACH2-LMANsh","Ex_DACH2_LHX2",0.458376916357085
"_CTTCAATCAACGACTT-5","Glut-DACH2-LMANco","Ex_SATB2_SOX6",0.552140252641241
"_CTTCAATCATAACAGA-5","Glut-DACH2-LMANsh","Ex_DACH2_LHX2",0.517602141074647
"_CTTCCGACACGGTGAA-5","Glut-DACH2-LMANsh","Ex_DACH2_LHX2",0.320213805969018
"_CTTCCGACAGTAGAAT-5","Glut-DACH2-LMANsh","Ex_DACH2_LHX2",0.503548182211878
"_CTTCCGACATAAGCAA-5","Glut-DACH2-5","Ex_DACH2_LHX2",0.393545748905789
"_CTTCCGACATCGGAAG-5","Glut-DACH2-8","Ex_DACH2_ZMAT4",0.544040563770886
"_CTTCCTTCACGTTCGG-5","Glut-DACH2-LMANco","Ex_DACH2_CEMIP",0.407280258285981
"_CTTCGGTAGATACATG-5","Glut-DACH2-6","Ex_DACH2_CEMIP",0.851421850432045
"_CTTCGGTAGGATACAT-5","Glut-DACH2-8","Ex_DACH2_ZMAT4",0.896697518000495
"_CTTCGGTAGTGCGCTC-5","Glut-DACH2-LMANco","Ex_DACH2_CEMIP",0.473939030308402
"_CTTCGGTGTTTACCAG-5","Glut-DACH2-LMANco","Ex_DACH2_ZMAT4",0.466894455877146
"_CTTCTAACAGTAACCT-5","Glut-DACH2-LMANco","Ex_DACH2_ZMAT4",0.685890920166348
"_CTTCTAATCCAGCCTT-5","Glut-DACH2-LMANsh","Ex_DACH2_LHX2",0.316576066569621
"_CTTCTCTAGGCGTCCT-5","Glut-DACH2-6","Ex_DACH2_CEMIP",0.69922138950781
"_CTTCTCTCAACATACC-5","Glut-DACH2-8","Ex_DACH2_ZMAT4",0.767064848443286
"_CTTCTCTCACTTGGGC-5","Glut-DACH2-8","Ex_DACH2_ZMAT4",0.730298427928567
"_CTTCTCTGTAGAGTTA-5","Glut-DACH2-LMANco","Ex_DACH2_CEMIP",0.432284057558175
"_CTTCTCTTCAGCGCAC-5","Glut-DACH2-LMANsh","Ex_DACH2_ADAMTS5",0.345151629281383
"_CTTCTCTTCGCCTCTA-5","Glut-DACH2-LMANsh","Ex_DACH2_ADAMTS5",0.194729657502405
"_CTTGAGACACTAACGT-5","Glut-DACH2-LMANco","Ex_DACH2_ZMAT4",0.601478730402312
"_CTTGAGAGTAATGTGA-5","Glut-DACH2-LMANsh","Ex_DACH2_LHX2",0.631884444721745
"_CTTGATTAGTCATGCT-5","Glut-DACH2-8","Ex_DACH2_ZMAT4",0.746522436018756
"_CTTGATTCAATGGGTG-5","Glut-DACH2-LMANsh","Ex_DACH2_CEMIP",0.364788878675457
"_CTTGATTCAGCCTTCT-5","Glut-DACH2-LMANsh","Ex_DACH2_LHX2",0.517638846518002
"_CTTGATTGTAAGCAAT-5","Glut-DACH2-LMANsh","Ex_DACH2_GRIK4",0.687210237029995
"_CTTTCAACAAACACCT-5","Glut-DACH2-LMANsh","Ex_DACH2_ZMAT4",0.325764862386368
"_CTTTCAACATCCTCAC-5","Glut-DACH2-LMANco","Ex_DACH2_ZMAT4",0.592386488311813
"_CTTTCAATCTGCTAGA-5","Glut-DACH2-8","Ex_DACH2_ZMAT4",0.82085036745961
"_CTTTCGGAGTGGAAGA-5","Glut-DACH2-LMANco","Ex_DACH2_CEMIP",0.434681439884674
"_CTTTCGGCACGATAGG-5","Glut-DACH2-LMANco","Ex_DACH2_ZMAT4",0.72456018451807
"_CTTTCGGGTAGCGAGT-5","Glut-DACH2-LMANco","Ex_DACH2_ZMAT4",0.480818263191633
"_GAAACCTGTTGATCGT-5","Glut-DACH2-6","Ex_DACH2_CEMIP",0.645458624555401
"_GAAATGAAGTTCCGTA-5","Glut-DACH2-LMANco","Ex_DACH2_ZMAT4",0.793121943443009
"_GAAATGAGTACGTAGG-5","Glut-DACH2-6","Ex_DACH2_CEMIP",0.800477189130481
"_GAAATGATCGGCAGTC-5","Glut-DACH2-6","Ex_DACH2_CEMIP",0.867312906002898
"_GAACACTGTCTGTAGT-5","Glut-DACH2-6","Ex_DACH2_CEMIP",0.547999721562251
"_GAACACTTCATCGTAG-5","Glut-DACH2-8","Ex_DACH2_ZMAT4",0.761816998549614
"_GAACACTTCCACACCT-5","Glut-DACH2-LMANsh","Ex_DACH2_LHX2",0.34578140649871
"_GAACGTTAGATTACCC-5","Glut-DACH2-LMANco","Ex_DACH2_CEMIP",0.4609284861917
"_GAACGTTCACCAAATC-5","Glut-DACH2-LMANsh","Ex_DACH2_LHX2",0.499633370345246
"_GAACTGTGTCCCTCAT-5","Glut-DACH2-LMANsh","Ex_DACH2_LHX2",0.439084146709181
"_GAACTGTTCCATTGCC-5","Glut-DACH2-8","Ex_DACH2_ZMAT4",0.760862459607503
"_GAAGAATCATCCGTGG-5","Glut-DACH2-LMANco","Ex_DACH2_CEMIP",0.639702097428432
"_GAAGCCCGTTACGGAG-5","Glut-DACH2-5","Ex_DACH2_GRIK4",0.314377739492498
"_GAAGCCCGTTCTTAGG-5","Glut-DACH2-LMANco","Ex_SATB2_SOX6",0.414496597958158
"_GAAGCGAAGTCATGCT-5","Glut-DACH2-LMANco","Ex_SATB2_SOX6",0.521698273478075
"_GAAGCGACACACCGCA-5","Glut-DACH2-8","Ex_DACH2_ZMAT4",0.711338630229846
"_GAAGCGAGTACTGTTG-5","Glut-DACH2-LMANco","Ex_DACH2_CEMIP",0.459071457317986
"_GAAGCGAGTGGACAGT-5","Glut-DACH2-LMANsh","Ex_DACH2_LHX2",0.627954735982812
"_GAAGCGATCACTACTT-5","Glut-DACH2-8","Ex_DACH2_ZMAT4",0.845279514997981
"_GAAGGACAGAAATGGG-5","Glut-DACH2-LMANco","Ex_DACH2_ZMAT4",0.545176399508308
"_GAAGGACTCCTACCAC-5","Glut-DACH2-LMANco","Ex_SATB2_SOX6",0.466882422693392
"_GAAGGACTCGGATACT-5","Glut-DACH2-LMANco","Ex_SATB2_SOX6",0.367299838772308
"_GAAGGGTAGCTGACCC-5","Glut-DACH2-LMANsh","Ex_DACH2_LHX2",0.599949175957976
"_GAAGTAACACCGTGGT-5","Glut-DACH2-LMANco","Ex_DACH2_ZMAT4",0.618836256414858
"_GAAGTAAGTGGGTCAA-5","Glut-DACH2-LMANsh","Ex_DACH2_LHX2",0.593543246941216
"_GAATCACGTAGTCCTA-5","Glut-DACH2-LMANco","Ex_DACH2_CEMIP",0.476092206639447
"_GAATCGTGTACCTAAC-5","Glut-DACH2-8","Ex_DACH2_ZMAT4",0.50495899524114
"_GACACGCAGCGTGTCC-5","Glut-DACH2-LMANsh","Ex_DACH2_LHX2",0.316033843538994
"_GACACGCCATCCGAGC-5","Glut-DACH2-LMANsh","Ex_DACH2_LHX2",0.616785210001308
"_GACACGCGTCCGACGT-5","Glut-DACH2-8","Ex_DACH2_ZMAT4",0.434566765087906
"_GACAGCCAGTATGCAA-5","Glut-DACH2-LMANco","Ex_DACH2_CEMIP",0.565950719663961
"_GACAGCCCATGTGGCC-5","Glut-DACH2-LMANco","Ex_SATB2_SOX6",0.601527275077467
"_GACATCAAGGGCTAAC-5","Glut-DACH2-LMANsh","Ex_DACH2_LHX2",0.522590351961589
"_GACATCAAGGTAGGCT-5","Glut-DACH2-LMANsh","Ex_DACH2_ADAMTS5",0.395949662627926
"_GACCAATCAACCGCTG-5","Glut-DACH2-6","Ex_DACH2_CEMIP",0.978628632747373
"_GACCCAGCACAGTATC-5","Glut-DACH2-LMANsh","Ex_DACH2_LHX2",0.404828752414243
"_GACCCAGCAGCGTACC-5","Glut-DACH2-LMANsh","Ex_DACH2_LHX2",0.49267187500714
"_GACCCAGCATGATCTG-5","Glut-DACH2-LMANco","Ex_DACH2_ZMAT4",0.642436216563062
"_GACCCTTCAGAGAATT-5","Glut-DACH2-6","Ex_DACH2_CEMIP",0.66907696950084
"_GACCCTTCATGGCACC-5","Glut-DACH2-6","Ex_DACH2_CEMIP",0.440850153836296
"_GACCTTCAGAGCCGTA-5","Glut-DACH2-LMANco","Ex_SATB2_SOX6",0.426749587759883
"_GACCTTCGTGTCCGGT-5","Glut-DACH2-1","Ex_DACH2_ADAMTS5",0.421159084235901
"_GACGCTGAGCATTTGC-5","Glut-DACH2-LMANsh","Ex_DACH2_LHX2",0.672369724777099
"_GACGTTAAGTGGTCAG-5","Glut-DACH2-8","Ex_DACH2_ZMAT4",0.651027781292975
"_GACGTTACAAGAATAC-5","Glut-DACH2-LMANsh","Ex_DACH2_LHX2",0.574433781908301
"_GACTATGAGAACCCGA-5","Glut-DACH2-LMANco","Ex_DACH2_ZMAT4",0.677944894522566
"_GACTATGAGATGTTCC-5","Glut-DACH2-LMANsh","Ex_DACH2_LHX2",0.581359064528481
"_GACTATGCATGGCTGC-5","Glut-DACH2-LMANco","Ex_SATB2_SOX6",0.472853270359316
"_GACTCAACAGCTACCG-5","Glut-DACH2-LMANco","Ex_DACH2_CEMIP",0.551360829873461
"_GACTCAACAGGAATCG-5","Glut-DACH2-5","Ex_DACH2_LHX2",0.665743516187415
"_GACTCTCAGACATCCT-5","Glut-DACH2-6","Ex_DACH2_CEMIP",0.968983889380592
"_GACTCTCAGTTGCCCG-5","Glut-DACH2-LMANsh","Ex_DACH2_LHX2",0.61769500813478
"_GACTCTCGTCAGGAGT-5","Glut-DACH2-LMANco","Ex_DACH2_CEMIP",0.493308680066894
"_GACTCTCTCAGTGTGT-5","Glut-DACH2-LMANsh","Ex_DACH2_LHX2",0.273976698179854
"_GACTTCCGTTGCTCCT-5","Glut-DACH2-5","Ex_DACH2_GRIK4",0.430511987379277
"_GACTTCCTCGTCAGAT-5","Glut-DACH2-LMANco","Ex_SATB2_SOX6",0.526226565448973
"_GAGAAATCAAACGGCA-5","Glut-DACH2-LMANsh","Ex_DACH2_ADAMTS5",0.619531083046658
"_GAGAAATGTAGCTCGC-5","Glut-DACH2-8","Ex_DACH2_ZMAT4",0.812993645984344
"_GAGAAATTCCGTTGGG-5","Glut-DACH2-LMANco","Ex_DACH2_CEMIP",0.640294450715356
"_GAGACCCCAGAGTGTG-5","Glut-DACH2-LMANsh","Ex_DACH2_LHX2",0.583837575137693
"_GAGACCCGTCTGATAC-5","Glut-DACH2-LMANco","Ex_DACH2_CEMIP",0.594015922666531
"_GAGACTTAGGGCCAAT-5","Glut-DACH2-LMANco","Ex_DACH2_CEMIP",0.625762999240114
"_GAGACTTCATGGAACG-5","Glut-DACH2-LMANsh","Ex_DACH2_ADAMTS5",0.467304116551098
"_GAGACTTTCCTCGCAT-5","Glut-DACH2-LMANco","Ex_DACH2_ZMAT4",0.762417485696433
"_GAGAGGTAGTGAGTTA-5","Glut-DACH2-LMANco","Ex_DACH2_CEMIP",0.343151480986425
"_GAGATGGAGAGGCGGA-5","Glut-DACH2-8","Ex_DACH2_CEMIP",0.488484314877541
"_GAGCCTGCAAGGCCTC-5","Glut-DACH2-LMANsh","Ex_DACH2_LHX2",0.566114033295435
"_GAGCCTGCAGCACACC-5","Glut-DACH2-LMANsh","Ex_DACH2_LHX2",0.493448939108234
"_GAGCCTGCAGGACATG-5","Glut-DACH2-LMANsh","Ex_DACH2_LHX2",0.441232292931827
"_GAGCTGCCAGCGCTTG-5","Glut-DACH2-8","Ex_DACH2_ZMAT4",0.645605477527357
"_GAGCTGCCATACTGTG-5","Glut-DACH2-LMANsh","Ex_DACH2_LHX2",0.58167968744327
"_GAGGCAAGTGAGTTTC-5","Glut-DACH2-8","Ex_DACH2_ZMAT4",0.920278940426864
"_GAGGCAATCCGTAATG-5","Glut-DACH2-LMANco","Ex_DACH2_ZMAT4",0.416891295017147
"_GAGGCCTTCCCTCTAG-5","Glut-DACH2-LMANco","Ex_SATB2_SOX6",0.417288711657668
"_GAGGCCTTCCTCCACA-5","Glut-DACH2-LMANco","Ex_DACH2_ZMAT4",0.482584452806692
"_GAGGGATCAGAACCGA-5","Glut-DACH2-LMANsh","Ex_DACH2_LHX2",0.640230972106947
"_GAGGGATCAGTGACCC-5","Glut-DACH2-5","Ex_DACH2_GRIK4",0.347889422297431
"_GAGGGATGTAGACAAT-5","Glut-DACH2-LMANsh","Ex_DACH2_ZMAT4",0.456368362425651
"_GAGGGATGTTTCTTAC-5","Glut-DACH2-8","Ex_DACH2_ZMAT4",0.847528394966653
"_GAGGGATTCGAACACT-5","Glut-DACH2-LMANsh","Ex_DACH2_GRIK4",0.329536425034816
"_GAGTCATAGCTGACCC-5","Glut-DACH2-LMANsh","Ex_DACH2_ADAMTS5",0.484488986480529
"_GAGTCATAGTTGTACC-5","Glut-DACH2-LMANsh","Ex_DACH2_LHX2",0.472171270954243
"_GAGTCATCATCGGTTA-5","Glut-DACH2-LMANsh","Ex_DACH2_LHX2",0.62244758114465
"_GAGTCATGTAGAGACC-5","Glut-DACH2-8","Ex_DACH2_ZMAT4",0.771110873627732
"_GAGTCATTCCATAGGT-5","Glut-DACH2-5","Ex_DACH2_ADAMTS5",0.68924567661488
"_GAGTCTAAGATTCGAA-5","Glut-DACH2-8","Ex_DACH2_ZMAT4",0.903754621766032
"_GAGTCTACATAACCCA-5","Glut-DACH2-LMANco","Ex_DACH2_ZMAT4",0.660738008424318
"_GAGTCTAGTGATATAG-5","Glut-DACH2-6","Ex_DACH2_CEMIP",0.620486702034078
"_GAGTGTTGTCTCGCGA-5","Glut-SATB2-1","Ex_SATB2_FOXP2",0.8196139289422
"_GAGTGTTTCTCTCCGA-5","Glut-DACH2-LMANco","Ex_SATB2_SOX6",0.485472704181571
"_GAGTTACGTGGTTTAC-5","Glut-DACH2-LMANco","Ex_DACH2_ZMAT4",0.527327139840529
"_GAGTTGTAGAGCCCAA-5","Glut-DACH2-LMANsh","Ex_DACH2_LHX2",0.491249043741988
"_GAGTTGTGTGCATGTT-5","Glut-DACH2-LMANco","Ex_DACH2_ZMAT4",0.384267793078856
"_GAGTTTGCAGTCGCTG-5","Glut-DACH2-LMANsh","Ex_DACH2_LHX2",0.661434721376307
"_GAGTTTGGTTTACACG-5","Glut-DACH2-8","Ex_DACH2_CEMIP",0.463752185494328
"_GAGTTTGTCATCACAG-5","Glut-DACH2-LMANco","Ex_DACH2_ZMAT4",0.857414016290023
"_GAGTTTGTCCACGAAT-5","Glut-DACH2-8","Ex_DACH2_ZMAT4",0.891329590677889
"_GATAGAAGTGACTCGC-5","Glut-DACH2-LMANco","Ex_DACH2_CEMIP",0.677789837538727
"_GATAGAATCCTGCTAC-5","Glut-DACH2-LMANsh","Ex_DACH2_LHX2",0.59668623682314
"_GATAGAATCTATCGTT-5","Glut-DACH2-LMANco","Ex_DACH2_CEMIP",0.380314393176926
"_GATAGCTAGAAGTGTT-5","Glut-DACH2-8","Ex_DACH2_ZMAT4",0.802331248981115
"_GATAGCTAGGAACTCG-5","Glut-DACH2-LMANsh","Ex_DACH2_LHX2",0.603804268441926
"_GATAGCTGTATCACGT-5","Glut-DACH2-LMANco","Ex_DACH2_ZMAT4",0.5434817650942
"_GATCACAAGCTGACAG-5","Glut-DACH2-LMANsh","Ex_DACH2_ZMAT4",0.445515234169178
"_GATCACAGTGTCTTCC-5","Glut-DACH2-LMANco","Ex_DACH2_CEMIP",0.545606148345175
"_GATCACATCAAGCGTT-5","Glut-DACH2-LMANsh","Ex_DACH2_LHX2",0.612929130724873
"_GATCACATCGTGACTA-5","Glut-DACH2-LMANsh","Ex_DACH2_LHX2",0.496547970635642
"_GATCAGTAGTTGTCGT-5","Glut-DACH2-LMANco","Ex_DACH2_CEMIP",0.576081508766921
"_GATCATGCAGAGGACT-5","Glut-DACH2-LMANco","Ex_DACH2_ZMAT4",0.836488093361821
"_GATCATGGTGCTATTG-5","Glut-DACH2-8","Ex_DACH2_ZMAT4",0.872859068396816
"_GATCCCTCATCGCCTT-5","Glut-DACH2-LMANco","Ex_DACH2_ZMAT4",0.742692883538616
"_GATCCCTCATTCATCT-5","Glut-DACH2-LMANsh","Ex_DACH2_ADAMTS5",0.349416000990644
"_GATCCCTGTAACGATA-5","Glut-DACH2-LMANco","Ex_DACH2_ZMAT4",0.571804436865465
"_GATCCCTGTATAATGG-5","Glut-DACH2-LMANsh","Ex_DACH2_LHX2",0.577653890257779
"_GATCCCTTCCTTTGAT-5","Glut-DACH2-8","Ex_DACH2_ZMAT4",0.706590706876591
"_GATCGTACACCTCTAC-5","Glut-DACH2-LMANco","Ex_DACH2_CEMIP",0.456223473085573
"_GATCGTAGTAGGGAGG-5","Glut-DACH2-LMANco","Ex_DACH2_CEMIP",0.518959328771336
"_GATGACTGTCATCCGG-5","Glut-DACH2-LMANsh","Ex_DACH2_ADAMTS5",0.530943986933477
"_GATGAGGAGGTAGTCG-5","Glut-DACH2-LMANco","Ex_DACH2_ZMAT4",0.741899707879685
"_GATGAGGCACCCTATC-5","Glut-DACH2-8","Ex_DACH2_ZMAT4",0.856931042920005
"_GATGATCTCGCCAGAC-5","Glut-DACH2-LMANsh","Ex_DACH2_LHX2",0.584564016523089
"_GATGATCTCGGCTATA-5","Glut-DACH2-8","Ex_DACH2_ZMAT4",0.808250949826717
"_GATGCTATCCAAGGGA-5","Glut-DACH2-LMANsh","Ex_DACH2_LHX2",0.353965055615131
"_GATGGAGAGAATTCAG-5","Glut-DACH2-LMANco","Ex_DACH2_ZMAT4",0.658986970608327
"_GATGGAGAGAGGATGA-5","Glut-DACH2-LMANsh","Ex_DACH2_LHX2",0.435116355255452
"_GATGGAGGTTATCTTC-5","Glut-DACH2-LMANsh","Ex_DACH2_ADAMTS5",0.506813019919284
"_GATGTTGTCAAGGTGG-5","Glut-DACH2-LMANco","Ex_SATB2_SOX6",0.555710766866213
"_GATTCGAAGTCGCTAT-5","Glut-DACH2-8","Ex_DACH2_ZMAT4",0.580357943325763
"_GATTCGACAAGCGGAT-5","Glut-DACH2-LMANsh","Ex_DACH2_ADAMTS5",0.715841980637546
"_GATTCGACACGGAAGT-5","Glut-DACH2-LMANsh","Ex_DACH2_LHX2",0.596871885593665
"_GATTCGACACTAAACC-5","Glut-DACH2-LMANco","Ex_DACH2_ZMAT4",0.406766480824414
"_GATTCGAGTACTAGCT-5","Glut-DACH2-LMANsh","Ex_DACH2_LHX2",0.595272917804518
"_GATTCGAGTAGCGTAG-5","Glut-DACH2-LMANsh","Ex_DACH2_LHX2",0.561988037178368
"_GATTCGAGTGGCCCAT-5","Glut-DACH2-LMANsh","Ex_DACH2_LHX2",0.476279270580061
"_GATTCGATCTTCCAGC-5","Glut-DACH2-8","Ex_DACH2_ZMAT4",0.812244829609644
"_GATTCTTAGATTGTGA-5","Glut-DACH2-LMANco","Ex_DACH2_CEMIP",0.366632835060124
"_GATTCTTCATCAACCA-5","Glut-DACH2-LMANco","Ex_SATB2_SOX6",0.419917770628997
"_GATTCTTGTATCGAGG-5","Glut-DACH2-LMANsh","Ex_DACH2_LHX2",0.483922275419576
"_GATTCTTGTGGAGGTT-5","Glut-DACH2-LMANco","Ex_SATB2_SOX6",0.511539224797393
"_GATTCTTGTTCTGACA-5","Glut-DACH2-5","Ex_DACH2_LHX2",0.393671066688151
"_GATTGGTAGTAAGGGA-5","Glut-DACH2-LMANsh","Ex_DACH2_ADAMTS5",0.41196188848965
"_GATTTCTTCATTCGGA-5","Glut-DACH2-6","Ex_DACH2_CEMIP",0.433916336635302
"_GATTTCTTCTGTTCAT-5","Glut-DACH2-LMANsh","Ex_DACH2_LHX2",0.583852285404013
"_GCAACCGGTTAGGCTT-5","Glut-DACH2-LMANco","Ex_DACH2_ZMAT4",0.801677449846412
"_GCAACCGTCGTGCTCT-5","Glut-DACH2-LMANco","Ex_DACH2_ZMAT4",0.483522825352037
"_GCAACCGTCTCTATAC-5","Glut-DACH2-LMANco","Ex_SATB2_SOX6",0.427630123297597
"_GCACATATCTAGGAAA-5","Glut-DACH2-6","Ex_DACH2_CEMIP",0.722867041134598
"_GCACGGTCAATCAGCT-5","Glut-DACH2-LMANco","Ex_DACH2_ZMAT4",0.851809211750751
"_GCACGGTCAGCTCATA-5","Glut-DACH2-5","Ex_DACH2_LHX2",0.568468466264348
"_GCACGGTCATCCTGTC-5","Glut-DACH2-LMANsh","Ex_DACH2_ADAMTS5",0.604980068029933
"_GCACGTGAGTGATGGC-5","Glut-DACH2-LMANsh","Ex_DACH2_ADAMTS5",0.366919242066951
"_GCACGTGGTGTACAGG-5","Glut-DACH2-LMANco","Ex_DACH2_CEMIP",0.563046362787187
"_GCACGTGTCCTCTTTC-5","Glut-DACH2-LMANsh","Ex_DACH2_LHX2",0.662934036329867
"_GCACGTGTCTGCCTGT-5","Glut-DACH2-LMANco","Ex_SATB2_SOX6",0.592971962053356
"_GCACTAACAAGACAAT-5","Glut-DACH2-8","Ex_DACH2_ZMAT4",0.709357345781995
"_GCACTAACACACGGTC-5","Glut-DACH2-LMANsh","Ex_DACH2_LHX2",0.416789613819937
"_GCACTAACAGCTTCGG-5","Glut-DACH2-7","Ex_DACH2_LHX2",0.523943301890682
"_GCAGCCAAGTCTGGTT-5","Glut-DACH2-8","Ex_DACH2_ZMAT4",0.728819672447818
"_GCAGCCATCGCATTAG-5","Glut-DACH2-LMANsh","Ex_DACH2_GRIK4",0.327910295256438
"_GCAGGCTAGTGACCTT-5","Glut-DACH2-LMANco","Ex_DACH2_ZMAT4",0.39778017518794
"_GCAGGCTCAGTCGCTG-5","Glut-DACH2-LMANco","Ex_DACH2_ZMAT4",0.788635106643581
"_GCAGGCTGTGACAGCA-5","Glut-DACH2-LMANco","Ex_DACH2_ZMAT4",0.461921854080801
"_GCAGGCTGTGGGTATG-5","Glut-DACH2-LMANsh","Ex_DACH2_LHX2",0.272892885839172
"_GCAGGCTTCATTTCGT-5","Glut-DACH2-LMANsh","Ex_DACH2_LHX2",0.365745923444488
"_GCAGTTAAGTGGACGT-5","Glut-DACH2-6","Ex_DACH2_CEMIP",0.657974292125719
"_GCATCGGAGGATTTGA-5","Glut-DACH2-LMANco","Ex_DACH2_ZMAT4",0.645272633164745
"_GCATCGGCAATCGCCG-5","Glut-DACH2-8","Ex_DACH2_ZMAT4",0.910967300174
"_GCATCGGCAGACACCC-5","Glut-DACH2-6","Ex_DACH2_CEMIP",0.785926622713395
"_GCATCGGCAGAGAATT-5","Glut-DACH2-LMANco","Ex_SATB2_SOX6",0.420649361067696
"_GCATCTCAGCCTCTCT-5","Glut-DACH2-LMANsh","Ex_DACH2_LHX2",0.338441072672663
"_GCATCTCAGTCCTGCG-5","Glut-DACH2-LMANco","Ex_SATB2_SOX6",0.458025485070855
"_GCATCTCTCGTCGACG-5","Glut-DACH2-LMANco","Ex_SATB2_SOX6",0.417701910447103
"_GCATCTCTCTCCATAT-5","Glut-DACH2-LMANco","Ex_SATB2_SOX6",0.34444600116232
"_GCATGATAGACGCCCT-5","Glut-DACH2-LMANsh","Ex_DACH2_LHX2",0.416136421985009
"_GCATGATCACTTCAGA-5","Glut-DACH2-LMANsh","Ex_DACH2_LHX2",0.473428087409593
"_GCATGATTCCAGGACC-5","Glut-DACH2-6","Ex_DACH2_CEMIP",0.982764622269707
"_GCATGATTCCCATACC-5","Glut-DACH2-LMANsh","Ex_DACH2_ZMAT4",0.559548841604584
"_GCATTAGAGTCTCCTC-5","Glut-DACH2-LMANsh","Ex_DACH2_ADAMTS5",0.560707552786281
"_GCATTAGCAACAGAGC-5","Glut-DACH2-8","Ex_DACH2_ZMAT4",0.554317302876168
"_GCCAACGGTATTTCTC-5","Glut-DACH2-LMANco","Ex_DACH2_ZMAT4",0.820020307935789
"_GCCAGCAAGTGGTTAA-5","Glut-DACH2-LMANsh","Ex_DACH2_LHX2",0.694169167424142
"_GCCAGCACACTTGACA-5","Glut-DACH2-LMANsh","Ex_DACH2_GRIK4",0.406310730176917
"_GCCAGGTAGAGGATGA-5","Glut-DACH2-LMANsh","Ex_DACH2_LHX2",0.603241931883607
"_GCCAGGTAGATGTTCC-5","Glut-DACH2-1","Ex_DACH2_ADAMTS5",0.5137694064946
"_GCCAGGTAGGCAGGTT-5","Glut-DACH2-LMANsh","Ex_DACH2_LHX2",0.55965236672421
"_GCCAGGTCAGCTGCCA-5","Glut-DACH2-LMANsh","Ex_DACH2_ADAMTS5",0.529054386945351
"_GCCAGGTCATTCTCCG-5","Glut-DACH2-8","Ex_DACH2_ZMAT4",0.886009057292803
"_GCCAGGTGTAGTCTTG-5","Glut-DACH2-LMANco","Ex_SATB2_SOX6",0.410061000803731
"_GCCAGTGTCAATCAGC-5","Glut-DACH2-LMANco","Ex_SATB2_SOX6",0.466728603402943
"_GCCATGGAGTTTCGAC-5","Glut-DACH2-LMANsh","Ex_DACH2_LHX2",0.502139867000537
"_GCCATGGCAGACATCT-5","Glut-DACH2-LMANsh","Ex_DACH2_ADAMTS5",0.359477258921133
"_GCCATGGCATTGGATC-5","Glut-DACH2-8","Ex_DACH2_ZMAT4",0.827798101756062
"_GCCATGGGTGTCGATT-5","Glut-DACH2-LMANco","Ex_DACH2_ZMAT4",0.856071268318154
"_GCCATTCAGGCTAAAT-5","Glut-DACH2-LMANsh","Ex_DACH2_LHX2",0.460395454557037
"_GCCATTCGTCGTCTCT-5","Glut-DACH2-8","Ex_DACH2_ZMAT4",0.913186556865608
"_GCCATTCGTTCCACGG-5","Glut-DACH2-LMANsh","Ex_DACH2_LHX2",0.37457935058746
"_GCCCAGAAGCTCCCTT-5","Glut-DACH2-5","Ex_DACH2_LHX2",0.640010126699368
"_GCCCAGAAGGAGTACC-5","Glut-DACH2-LMANsh","Ex_DACH2_LHX2",0.508995068101347
"_GCCCAGAAGGATATAC-5","Glut-DACH2-8","Ex_DACH2_ZMAT4",0.814251565924238
"_GCCCAGAGTGGGAGAG-5","Glut-DACH2-8","Ex_DACH2_ZMAT4",0.87785002443816
"_GCCCAGAGTTACACTG-5","Glut-DACH2-LMANco","Ex_DACH2_ZMAT4",0.358807814195845
"_GCCCAGATCACTGATG-5","Glut-DACH2-LMANsh","Ex_DACH2_LHX2",0.629522608329029
"_GCCCGAAAGGAAGAAC-5","Glut-DACH2-8","Ex_DACH2_ZMAT4",0.808863527857462
"_GCCCGAAAGGCACTCC-5","Glut-DACH2-LMANco","Ex_SATB2_SOX6",0.601818161845724
"_GCCCGAAAGTATGACA-5","Glut-DACH2-LMANsh","Ex_DACH2_ADAMTS5",0.312394567963004
"_GCCCGAACACCGTGGT-5","Glut-DACH2-6","Ex_DACH2_CEMIP",0.637060728636758
"_GCCCGAAGTCTTCGAA-5","Glut-DACH2-LMANco","Ex_SATB2_SOX6",0.474459291261682
"_GCCGATGCAAGAGATT-5","Glut-DACH2-LMANsh","Ex_DACH2_LHX2",0.587611559830215
"_GCCGATGGTCGCAGTC-5","Glut-DACH2-LMANsh","Ex_DACH2_ADAMTS5",0.571501627604031
"_GCCGATGGTGTGATGG-5","Glut-DACH2-LMANco","Ex_SATB2_SOX6",0.351295586894224
"_GCCGATGTCTGAGAGG-5","Glut-DACH2-LMANco","Ex_DACH2_ZMAT4",0.408506826370006
"_GCCGTGAGTAATACCC-5","Glut-DACH2-6","Ex_DACH2_ZMAT4",0.496978877008886
"_GCCGTGAGTCCGGTCA-5","Glut-DACH2-8","Ex_DACH2_ZMAT4",0.732469528472567
"_GCGAGAAGTCATCAGT-5","Glut-DACH2-LMANco","Ex_SATB2_SOX6",0.540205602294207
"_GCGATCGTCGACGAGA-5","Glut-DACH2-LMANco","Ex_DACH2_CEMIP",0.559654675952682
"_GCGGAAATCACGATCA-5","Glut-DACH2-LMANsh","Ex_DACH2_LHX2",0.506606366835663
"_GCGTGCATCAGACCGC-5","Glut-DACH2-LMANsh","Ex_DACH2_LHX2",0.637815771081452
"_GCGTGCATCATCTGTT-5","Glut-DACH2-6","Ex_DACH2_CEMIP",0.587194764028512
"_GCGTTTCCACACCGAC-5","Glut-DACH2-6","Ex_DACH2_CEMIP",0.553069048431953
"_GCGTTTCCACCAATTG-5","Glut-DACH2-LMANco","Ex_DACH2_CEMIP",0.39311091531027
"_GCTACAAAGCCTAACT-5","Glut-DACH2-LMANco","Ex_DACH2_CEMIP",0.430765795815634
"_GCTACAACAAATGAAC-5","Glut-DACH2-LMANsh","Ex_DACH2_LHX2",0.489059180422104
"_GCTACAACAACTGCTA-5","Glut-DACH2-6","Ex_DACH2_CEMIP",0.465966802928075
"_GCTACAAGTCGGTACC-5","Glut-DACH2-LMANsh","Ex_DACH2_LHX2",0.364043076376902
"_GCTACAATCACGAACT-5","Glut-DACH2-LMANsh","Ex_DACH2_ADAMTS5",0.56135219941625
"_GCTACCTAGAGGACTC-5","Glut-DACH2-LMANsh","Ex_DACH2_LHX2",0.510177258684247
"_GCTACCTCACCCTTGT-5","Glut-DACH2-LMANco","Ex_DACH2_CEMIP",0.598962967076455
"_GCTACCTTCCGGCAAC-5","Glut-DACH2-LMANsh","Ex_DACH2_LHX2",0.327342350557656
"_GCTGAATAGCTAAGTA-5","Glut-DACH2-LMANsh","Ex_DACH2_LHX2",0.334955766015598
"_GCTGAATAGGTCATAA-5","Glut-DACH2-LMANco","Ex_DACH2_ZMAT4",0.403939581866643
"_GCTGCAGAGTGTAGTA-5","Glut-DACH2-8","Ex_DACH2_ZMAT4",0.705313443666868
"_GCTGCAGGTGTTCGAT-5","Glut-DACH2-8","Ex_DACH2_ZMAT4",0.875024889515064
"_GCTGGGTGTGGGCTCT-5","Glut-DACH2-LMANsh","Ex_DACH2_LHX2",0.436928835150577
"_GCTGGGTTCATGCCCT-5","Glut-DACH2-LMANco","Ex_SATB2_SOX6",0.438686501462607
"_GCTTCACGTCGCGTCA-5","Glut-DACH2-6","Ex_DACH2_CEMIP",0.727692468965151
"_GCTTCACTCTTTGCAT-5","Glut-DACH2-7","Ex_DACH2_GRIK4",0.650350755449683
"_GCTTGGGCACTCGATA-5","Glut-DACH2-6","Ex_DACH2_CEMIP",0.471993448594677
"_GCTTGGGCAGAGATTA-5","Glut-DACH2-LMANsh","Ex_DACH2_LHX2",0.624637809141695
"_GCTTGGGGTGCCGAAA-5","Glut-DACH2-8","Ex_DACH2_ZMAT4",0.818907848042279
"_GCTTGGGGTGCCGGTT-5","Glut-DACH2-LMANco","Ex_SATB2_SOX6",0.52906216278988
"_GGAACCCAGCTTTCCC-5","Glut-DACH2-LMANco","Ex_DACH2_CEMIP",0.588507596171238
"_GGAACCCAGGTGCAGT-5","Glut-DACH2-LMANsh","Ex_DACH2_ZMAT4",0.71526242283217
"_GGAACCCCAAGGTACG-5","Glut-DACH2-8","Ex_DACH2_ZMAT4",0.689622485135181
"_GGAAGTGAGAGACAAG-5","Glut-DACH2-LMANco","Ex_DACH2_ZMAT4",0.488834572950304
"_GGAATCTCAAAGTATG-5","Glut-DACH2-8","Ex_DACH2_ZMAT4",0.764513152405305
"_GGAATCTGTGCACATT-5","Glut-DACH2-7","Ex_DACH2_ADAMTS5",0.367524225757764
"_GGAATCTGTGCCTTTC-5","Glut-DACH2-LMANco","Ex_SATB2_SOX6",0.440490847948995
"_GGACGTCGTCGTCTCT-5","Glut-DACH2-LMANsh","Ex_DACH2_ADAMTS5",0.473478839939885
"_GGAGATGAGATAACAC-5","Glut-DACH2-LMANsh","Ex_DACH2_LHX2",0.575800361602291
"_GGAGATGCACAGGATG-5","Glut-DACH2-LMANco","Ex_DACH2_CEMIP",0.357208064757553
"_GGAGATGTCACTCGAA-5","Glut-DACH2-LMANsh","Ex_DACH2_LHX2",0.572276422054489
"_GGAGCAAAGAGTGTGC-5","Glut-DACH2-LMANco","Ex_DACH2_ZMAT4",0.572226327277037
"_GGAGCAAAGCCTCATA-5","Glut-DACH2-LMANsh","Ex_DACH2_LHX2",0.648028610088329
"_GGAGGATAGATTGGGC-5","Glut-DACH2-LMANsh","Ex_DACH2_LHX2",0.568343628507721
"_GGAGGATCAAATTAGG-5","Glut-DACH2-LMANsh","Ex_DACH2_ADAMTS5",0.78053255312143
"_GGAGGATCAATTCACG-5","Glut-DACH2-6","Ex_DACH2_CEMIP",0.642430481941078
"_GGAGGATGTTATGTCG-5","Glut-DACH2-LMANsh","Ex_DACH2_ADAMTS5",0.626185082325287
"_GGAGGATTCAAATGCC-5","Glut-DACH2-LMANco","Ex_SATB2_SOX6",0.560824652707374
"_GGATCTAAGTGCGCTC-5","Glut-DACH2-LMANco","Ex_SATB2_SOX6",0.41310339652575
"_GGATCTACAGAACCGA-5","Glut-DACH2-8","Ex_DACH2_ZMAT4",0.605165496590788
"_GGATCTATCCCAGTGG-5","Glut-DACH2-LMANsh","Ex_DACH2_ADAMTS5",0.523393424872116
"_GGATGTTGTCCTACAA-5","Glut-DACH2-LMANco","Ex_DACH2_CEMIP",0.385692216259233
"_GGATGTTGTTGCTTGA-5","Glut-DACH2-LMANco","Ex_SATB2_SOX6",0.443967548811941
"_GGCACGTAGCGCGTTC-5","Glut-DACH2-LMANco","Ex_DACH2_ZMAT4",0.466911230702389
"_GGCACGTGTATTGAGA-5","Glut-DACH2-LMANsh","Ex_DACH2_ADAMTS5",0.305047888892783
"_GGCACGTTCTCCGAAA-5","Glut-DACH2-LMANsh","Ex_DACH2_ADAMTS5",0.659943473935045
"_GGCAGTCAGCGGGTTA-5","Glut-DACH2-6","Ex_DACH2_CEMIP",0.797038490656793
"_GGCAGTCCAGTCGAGA-5","Glut-DACH2-LMANsh","Ex_DACH2_LHX2",0.485473089244247
"_GGCAGTCCATGATGCT-5","Glut-DACH2-LMANsh","Ex_DACH2_LHX2",0.569705800882666
"_GGCAGTCTCGCATTGA-5","Glut-DACH2-6","Ex_DACH2_CEMIP",0.522441926439177
"_GGCGTCAAGAGTCTTC-5","Glut-DACH2-LMANco","Ex_DACH2_CEMIP",0.73846817828525
"_GGCGTCAGTTGTGTTG-5","Glut-DACH2-LMANsh","Ex_DACH2_LHX2",0.485552435365281
"_GGCTTGGCAAGTGGAC-5","Glut-DACH2-8","Ex_DACH2_ZMAT4",0.588793625279528
"_GGCTTTCAGTATAGGT-5","Glut-DACH2-LMANco","Ex_DACH2_ZMAT4",0.50998229672365
"_GGCTTTCGTGCGGCTT-5","Glut-DACH2-8","Ex_DACH2_ZMAT4",0.780749465592562
"_GGGAAGTCATCGCCTT-5","Glut-DACH2-6","Ex_DACH2_CEMIP",0.838134630545945
"_GGGAAGTGTCATTCCC-5","Glut-DACH2-LMANco","Ex_DACH2_CEMIP",0.388305652242928
"_GGGACAAGTCCAGCCA-5","Glut-DACH2-8","Ex_DACH2_ZMAT4",0.728245916170198
"_GGGACAATCCGAAGGA-5","Glut-DACH2-LMANsh","Ex_DACH2_LHX2",0.635773624455218
"_GGGACCTAGATGACCG-5","Glut-DACH2-LMANsh","Ex_DACH2_ZMAT4",0.353222968112627
"_GGGACTCCAAGAGGCT-5","Glut-DACH2-LMANco","Ex_DACH2_ZMAT4",0.774671706421984
"_GGGACTCTCGGTTCAA-5","Glut-DACH2-LMANsh","Ex_DACH2_ADAMTS5",0.535241486232907
"_GGGAGTAAGCGGACAT-5","Glut-DACH2-8","Ex_DACH2_ZMAT4",0.717115165096155
"_GGGAGTAGTCTCCTGT-5","Glut-DACH2-LMANsh","Ex_DACH2_ADAMTS5",0.344039374722268
"_GGGATCCAGTAAAGCT-5","Glut-DACH2-5","Ex_DACH2_ADAMTS5",0.655184786228607
"_GGGATCCTCTCCGCAT-5","Glut-DACH2-8","Ex_DACH2_CEMIP",0.592276222731118
"_GGGATGAAGAATTCAG-5","Glut-DACH2-6","Ex_DACH2_CEMIP",0.932439114787213
"_GGGATGAGTCATCCGG-5","Glut-DACH2-LMANsh","Ex_DACH2_ZMAT4",0.405960103990729
"_GGGATGAGTGGGCTTC-5","Glut-DACH2-LMANsh","Ex_DACH2_LHX2",0.620102474242312
"_GGGATGATCTTGAGCA-5","Glut-DACH2-5","Ex_DACH2_LHX2",0.304060270139099
"_GGGCCATAGCAGGGAG-5","Glut-DACH2-LMANco","Ex_DACH2_CEMIP",0.567586295704634
"_GGGCCATAGCATCCTA-5","Glut-DACH2-LMANco","Ex_DACH2_CEMIP",0.422248925655551
"_GGGCCATCAGCTGGTC-5","Glut-DACH2-8","Ex_DACH2_CEMIP",0.49362422399255
"_GGGCGTTGTCAAACGG-5","Glut-DACH2-LMANsh","Ex_DACH2_GRIK4",0.398818958864723
"_GGGCGTTTCCTTCGAC-5","Glut-DACH2-LMANsh","Ex_DACH2_NR4A3",0.60913392295389
"_GGGCTACCAACGATTC-5","Glut-DACH2-LMANco","Ex_SATB2_SOX6",0.528582334914522
"_GGGCTACTCGGTTGTA-5","Glut-DACH2-LMANco","Ex_DACH2_ZMAT4",0.674491562657832
"_GGGCTACTCTTCTGTA-5","Glut-DACH2-LMANco","Ex_SATB2_SOX6",0.501460171048836
"_GGGCTCAAGACGACGT-5","Glut-DACH2-8","Ex_DACH2_ZMAT4",0.809896678320666
"_GGGTAGAAGGGCTTCC-5","Glut-DACH2-LMANsh","Ex_DACH2_LHX2",0.583245873752529
"_GGGTAGAGTATAGGAT-5","Glut-DACH2-8","Ex_DACH2_ZMAT4",0.671353338579381
"_GGGTATTGTTGACTGT-5","Glut-DACH2-LMANco","Ex_DACH2_CEMIP",0.472408318882495
"_GGGTATTTCAGTGTGT-5","Glut-DACH2-LMANco","Ex_SATB2_SOX6",0.453473851046517
"_GGGTCACTCTAACACG-5","Glut-DACH2-LMANco","Ex_DACH2_CEMIP",0.443979493025552
"_GGGTCTGTCCGAGGCT-5","Glut-DACH2-LMANsh","Ex_DACH2_LHX2",0.560281264026191
"_GGGTGAACAAATCGTC-5","Glut-DACH2-LMANco","Ex_DACH2_ZMAT4",0.43586862977437
"_GGGTGAACATGCAGGA-5","Glut-DACH2-LMANsh","Ex_DACH2_ADAMTS5",0.349793139371736
"_GGGTGAAGTATGTGTC-5","Glut-DACH2-LMANco","Ex_SATB2_SOX6",0.446025250234134
"_GGGTGAAGTTAATGAG-5","Glut-DACH2-LMANsh","Ex_DACH2_LHX2",0.632399680282897
"_GGGTGAAGTTATGTGC-5","Glut-DACH2-LMANco","Ex_SATB2_SOX6",0.409793936304983
"_GGGTGTCAGCCATTGT-5","Glut-DACH2-7","Ex_DACH2_ADAMTS5",0.366005059020009
"_GGGTGTCCAATGGGTG-5","Glut-DACH2-LMANsh","Ex_DACH2_NR4A3",0.23441183613517
"_GGGTGTCTCGGTCGAC-5","Glut-DACH2-5","Ex_DACH2_LHX2",0.358672098135659
"_GGGTTATTCATTGTGG-5","Glut-DACH2-1","Ex_DACH2_LHX2",0.301663617791869
"_GGGTTTACACGCGCTA-5","Glut-DACH2-LMANco","Ex_SATB2_SOX6",0.572203854003729
"_GGGTTTACAGCTCATA-5","Glut-DACH2-LMANsh","Ex_DACH2_LHX2",0.442639855518491
"_GGGTTTAGTAGACTGG-5","Glut-DACH2-LMANsh","Ex_DACH2_LHX2",0.544406146909777
"_GGGTTTATCCCGAGTG-5","Glut-DACH2-LMANsh","Ex_DACH2_LHX2",0.419701964507157
"_GGTAACTAGACAAGCC-5","Glut-DACH2-LMANsh","Ex_DACH2_ADAMTS5",0.573391018715286
"_GGTAACTAGTCGCCAC-5","Glut-DACH2-LMANsh","Ex_DACH2_ZMAT4",0.61975921226628
"_GGTAATCCATGTTCGA-5","Glut-DACH2-8","Ex_DACH2_ZMAT4",0.763646553520977
"_GGTAATCGTAGACAGC-5","Glut-DACH2-LMANsh","Ex_DACH2_ZMAT4",0.427943763754009
"_GGTAATCGTCACTCGG-5","Glut-SATB2-1","Ex_SATB2_FOXP2",0.359339475670776
"_GGTAGAGAGGTGCATG-5","Glut-DACH2-LMANsh","Ex_DACH2_ADAMTS5",0.358165617829048
"_GGTAGAGGTACATTGC-5","Glut-DACH2-5","Ex_DACH2_LHX2",0.383413284106063
"_GGTCACGCAGATGCGA-5","Glut-DACH2-LMANco","Ex_DACH2_ZMAT4",0.745140175778127
"_GGTCTGGGTTTCGTTT-5","Glut-DACH2-LMANsh","Ex_DACH2_LHX2",0.499146132579929
"_GGTCTGGTCCGCACTT-5","Glut-DACH2-8","Ex_DACH2_ZMAT4",0.593090861489673
"_GGTGAAGCACCGTGCA-5","Glut-DACH2-LMANco","Ex_DACH2_CEMIP",0.497149059492709
"_GGTGAAGCATACAGCT-5","Glut-DACH2-LMANsh","Ex_DACH2_NR4A3",0.669060038898517
"_GGTGATTAGTGACCTT-5","Glut-DACH2-8","Ex_DACH2_ZMAT4",0.861811041074484
"_GGTGATTTCCTCTTTC-5","Glut-DACH2-6","Ex_DACH2_CEMIP",0.628500586972759
"_GGTGGCTCACCTTCCA-5","Glut-DACH2-LMANco","Ex_DACH2_ZMAT4",0.462290277928762
"_GGTGTCGGTGTCCTAA-5","Glut-DACH2-LMANco","Ex_DACH2_CEMIP",0.524427819403677
"_GGTGTCGTCCATGATG-5","Glut-DACH2-6","Ex_DACH2_ZMAT4",0.526314265202447
"_GGTGTTAAGAGCCGTA-5","Glut-DACH2-5","Ex_DACH2_ADAMTS5",0.427253763806305
"_GGTGTTAAGCCGCTTG-5","Glut-DACH2-LMANco","Ex_SATB2_SOX6",0.343772142175681
"_GGTGTTACAGAGGACT-5","Glut-DACH2-5","Ex_DACH2_LHX2",0.597088455641263
"_GGTTAACAGCCGAACA-5","Glut-DACH2-LMANco","Ex_DACH2_CEMIP",0.38432926176139
"_GGTTAACTCGCCGAGT-5","Glut-DACH2-LMANsh","Ex_DACH2_LHX2",0.450995051886769
"_GGTTCTCAGAGTGAAG-5","Glut-DACH2-LMANco","Ex_DACH2_CEMIP",0.48379738613007
"_GGTTCTCGTGGCAACA-5","Glut-DACH2-6","Ex_DACH2_CEMIP",0.496375731759941
"_GGTTCTCTCGCTCTAC-5","Glut-DACH2-8","Ex_DACH2_ZMAT4",0.811963874393625
"_GGTTGTACAACACGTT-5","Glut-DACH2-LMANsh","Ex_DACH2_LHX2",0.67028863777807
"_GGTTGTACACCTGCTT-5","Glut-DACH2-6","Ex_DACH2_CEMIP",0.60069772965126
"_GGTTGTAGTGACACAG-5","Glut-DACH2-LMANco","Ex_DACH2_CEMIP",0.599529865957506
"_GTAAGTCGTCACCGAC-5","Glut-DACH2-8","Ex_DACH2_ZMAT4",0.745265504471582
"_GTAATCGGTTGCACGC-5","Glut-DACH2-LMANsh","Ex_DACH2_ADAMTS5",0.703675243375181
"_GTAATCGGTTGGTAGG-5","Glut-DACH2-LMANsh","Ex_DACH2_ADAMTS5",0.564293699282996
"_GTAATCGTCTGGTCAA-5","Glut-DACH2-LMANco","Ex_DACH2_ZMAT4",0.375632243152637
"_GTAATGCAGCTTCGTA-5","Glut-DACH2-8","Ex_DACH2_ZMAT4",0.835590675121365
"_GTACAACAGCCACTCG-5","Glut-DACH2-LMANco","Ex_DACH2_ZMAT4",0.737609470513562
"_GTACAACAGGCGATAC-5","Glut-DACH2-LMANsh","Ex_DACH2_LHX2",0.439552881945265
"_GTACAACTCGCTCTAC-5","Glut-DACH2-LMANsh","Ex_DACH2_LHX2",0.695000848201568
"_GTACAGTAGGCTCAAG-5","Glut-DACH2-LMANsh","Ex_DACH2_ADAMTS5",0.412471158292806
"_GTACAGTTCCCGAGAC-5","Glut-DACH2-LMANsh","Ex_DACH2_LHX2",0.248505817016624
"_GTAGAAAAGACGACTG-5","Glut-DACH2-LMANsh","Ex_DACH2_LHX2",0.521749786634103
"_GTAGATCCATACCACA-5","Glut-DACH2-LMANco","Ex_SATB2_SOX6",0.517644029877488
"_GTAGATCGTAAGGCTG-5","Glut-DACH2-LMANco","Ex_SATB2_SOX6",0.630195636825202
"_GTAGATCTCCTCTCTT-5","Glut-DACH2-LMANsh","Ex_DACH2_ZMAT4",0.704723359148229
"_GTAGCTACAATAGAGT-5","Glut-DACH2-LMANsh","Ex_DACH2_LHX2",0.638957921759458
"_GTAGCTACAGCTCATA-5","Glut-DACH2-7","Ex_DACH2_ADAMTS5",0.349761893541953
"_GTAGCTACAGTCTTCC-5","Glut-DACH2-LMANsh","Ex_DACH2_ADAMTS5",0.642051961590115
"_GTAGCTAGTCTCAGGC-5","Glut-DACH2-LMANco","Ex_SATB2_SOX6",0.483343717154613
"_GTAGGAGAGAGTGTTA-5","Glut-DACH2-6","Ex_DACH2_CEMIP",0.936140921720218
"_GTAGGAGCAATTCTCT-5","Glut-DACH2-LMANco","Ex_SATB2_SOX6",0.385231369084976
"_GTAGGAGGTACCGTCG-5","Glut-DACH2-LMANco","Ex_DACH2_CEMIP",0.425190340296602
"_GTAGGAGGTGCGGATA-5","Glut-DACH2-LMANsh","Ex_DACH2_LHX2",0.598770564417407
"_GTAGGAGTCTAGGAAA-5","Glut-DACH2-LMANsh","Ex_DACH2_ADAMTS5",0.445134462803405
"_GTAGGTTCAATGTGGG-5","Glut-DACH2-LMANsh","Ex_DACH2_LHX2",0.544626901195429
"_GTAGGTTCAGAGTTCT-5","Glut-DACH2-LMANsh","Ex_DACH2_ADAMTS5",0.626447257894297
"_GTATTGGGTCCACACG-5","Glut-DACH2-LMANco","Ex_SATB2_SOX6",0.4684438521059
"_GTATTGGTCCACACCT-5","Glut-DACH2-8","Ex_DACH2_ZMAT4",0.843149007359613
"_GTATTTCGTTCTCAGA-5","Glut-DACH2-LMANsh","Ex_DACH2_LHX2",0.448869636125976
"_GTCAAGTAGCCATGCC-5","Glut-DACH2-LMANsh","Ex_DACH2_LHX2",0.374974700182189
"_GTCAAGTGTATGAGAT-5","Glut-DACH2-LMANco","Ex_DACH2_CEMIP",0.54198249093761
"_GTCAAGTTCTAGTTCT-5","Glut-DACH2-LMANsh","Ex_DACH2_LHX2",0.522557969828263
"_GTCACGGGTACCCACG-5","Glut-DACH2-8","Ex_DACH2_ZMAT4",0.891668562474506
"_GTCACGGTCAAGCGTT-5","Glut-DACH2-8","Ex_DACH2_ZMAT4",0.702773608227459
"_GTCACTCAGGGATCAC-5","Glut-DACH2-LMANsh","Ex_DACH2_LHX2",0.554957723334289
"_GTCACTCCATAGGTTC-5","Glut-DACH2-LMANsh","Ex_DACH2_LHX2",0.433891454165567
"_GTCAGCGAGAGCATAT-5","Glut-DACH2-LMANco","Ex_SATB2_SOX6",0.412809377135837
"_GTCAGCGCAGACAAAT-5","Glut-DACH2-5","Ex_DACH2_ADAMTS5",0.691138516775908
"_GTCAGCGGTGAGCTCC-5","Glut-DACH2-LMANsh","Ex_DACH2_ADAMTS5",0.42699069773958
"_GTCATCCAGATACAGT-5","Glut-DACH2-LMANco","Ex_SATB2_SOX6",0.387578175101881
"_GTCATCCGTTGTACGT-5","Glut-DACH2-LMANco","Ex_DACH2_ZMAT4",0.293631369302055
"_GTCATGAAGGGACCAT-5","Glut-DACH2-LMANsh","Ex_DACH2_LHX2",0.488532367634601
"_GTCATGACAATGCAGG-5","Glut-DACH2-LMANco","Ex_SATB2_SOX6",0.457235290970927
"_GTCATGATCTTGCAGA-5","Glut-DACH2-LMANco","Ex_DACH2_ZMAT4",0.714884613905722
"_GTCATTTAGTCAGCCC-5","Glut-DACH2-8","Ex_DACH2_ZMAT4",0.543417279981628
"_GTCATTTCAGCTGTTA-5","Glut-DACH2-LMANco","Ex_DACH2_CEMIP",0.417241321802482
"_GTCATTTGTTGCATTG-5","Glut-DACH2-LMANsh","Ex_DACH2_ADAMTS5",0.487622326044056
"_GTCCACTAGAACTCCT-5","Glut-DACH2-1","Ex_DACH2_LHX2",0.524499714072215
"_GTCCACTAGCCTAGGA-5","Glut-DACH2-LMANsh","Ex_DACH2_GRIK4",0.446598177524116
"_GTCCACTCACAGCATT-5","Glut-DACH2-LMANco","Ex_DACH2_CEMIP",0.341174007764871
"_GTCCACTTCTGTTGGA-5","Glut-DACH2-8","Ex_DACH2_ZMAT4",0.70933985963822
"_GTCCACTTCTTGTTAC-5","Glut-DACH2-LMANco","Ex_DACH2_CEMIP",0.497164322542837
"_GTCCACTTCTTTCCAA-5","Glut-DACH2-LMANco","Ex_DACH2_CEMIP",0.386806455461967
"_GTCCCATAGCTTCGTA-5","Glut-DACH2-LMANsh","Ex_DACH2_LHX2",0.617945807390363
"_GTCCCATCAGGTAGTG-5","Glut-DACH2-LMANsh","Ex_DACH2_GRIK4",0.236993397206187
"_GTCCCATGTGTCTCCT-5","Glut-DACH2-LMANco","Ex_SATB2_SOX6",0.596809767329494
"_GTCCTCACAAGCGCTC-5","Glut-DACH2-8","Ex_DACH2_ZMAT4",0.52046418591677
"_GTCGAATCACCGTACG-5","Glut-DACH2-6","Ex_DACH2_CEMIP",0.910286184761932
"_GTCGAATGTACCAATC-5","Glut-DACH2-LMANsh","Ex_DACH2_LHX2",0.596092941931318
"_GTCGCGACAGGCTCTG-5","Glut-DACH2-LMANco","Ex_SATB2_SOX6",0.53244233328425
"_GTCGCGAGTGATAGTA-5","Glut-DACH2-LMANco","Ex_DACH2_CEMIP",0.387181048830048
"_GTCGTAATCTGTTCAT-5","Glut-DACH2-LMANsh","Ex_DACH2_LHX2",0.439249811330069
"_GTCGTTCGTGGCAGAT-5","Glut-DACH2-8","Ex_DACH2_ZMAT4",0.658070210259646
"_GTCTACCTCCGGTAGC-5","Glut-DACH2-6","Ex_DACH2_CEMIP",0.853337921806095
"_GTCTACCTCTCATTTG-5","Glut-DACH2-8","Ex_DACH2_ZMAT4",0.588246733655651
"_GTCTAGAAGGTAACTA-5","Glut-DACH2-LMANco","Ex_DACH2_ZMAT4",0.359479163651636
"_GTCTCACAGACGCTCC-5","Glut-DACH2-LMANsh","Ex_DACH2_LHX2",0.497411234198096
"_GTCTCACGTTCTCTCG-5","Glut-DACH2-LMANsh","Ex_DACH2_LHX2",0.661054535650021
"_GTCTCACTCGCCACTT-5","Glut-DACH2-LMANco","Ex_SATB2_SOX6",0.402719155044272
"_GTCTTTAAGATGACCG-5","Glut-DACH2-6","Ex_DACH2_CEMIP",0.566056981778794
"_GTCTTTACAAGGCCTC-5","Glut-DACH2-6","Ex_DACH2_ZMAT4",0.394434545862848
"_GTCTTTATCGTCCATC-5","Glut-DACH2-LMANco","Ex_SATB2_SOX6",0.364274527904854
"_GTGACGCTCAGCCTTC-5","Glut-DACH2-LMANco","Ex_DACH2_ZMAT4",0.430821171088585
"_GTGAGCCCAGGGAGAG-5","Glut-DACH2-6","Ex_DACH2_CEMIP",0.769271028645758
"_GTGAGGAAGCCATATC-5","Glut-DACH2-LMANco","Ex_SATB2_SOX6",0.365308030471667
"_GTGAGGATCGGTCGAC-5","Glut-DACH2-LMANco","Ex_DACH2_CEMIP",0.621602235597189
"_GTGAGGATCGTCCATC-5","Glut-DACH2-LMANsh","Ex_DACH2_NR4A3",0.31429420740325
"_GTGAGTTCAATGTTGC-5","Glut-DACH2-LMANsh","Ex_DACH2_LHX2",0.344431821359463
"_GTGAGTTCAGGTTACT-5","Glut-DACH2-LMANsh","Ex_DACH2_LHX2",0.482942978587749
"_GTGATGTAGCACCAGA-5","Glut-DACH2-LMANco","Ex_DACH2_ZMAT4",0.632100032291612
"_GTGATGTAGGTACAAT-5","Glut-DACH2-LMANsh","Ex_DACH2_ZMAT4",0.630615484093508
"_GTGATGTGTTCTTAGG-5","Glut-DACH2-6","Ex_DACH2_CEMIP",0.782403073702945
"_GTGATGTTCCTCCACA-5","Glut-DACH2-LMANco","Ex_SATB2_SOX6",0.422118109678849
"_GTGCAGCAGCTCGTGC-5","Glut-DACH2-LMANsh","Ex_DACH2_LHX2",0.521267398965328
"_GTGCGTGAGGTAGATT-5","Glut-DACH2-8","Ex_DACH2_ZMAT4",0.417097549964202
"_GTGCGTGGTCCCACGA-5","Glut-DACH2-8","Ex_DACH2_ZMAT4",0.80254932528652
"_GTGCTGGGTCATCGCG-5","Glut-DACH2-LMANsh","Ex_DACH2_ADAMTS5",0.323532321346267
"_GTGCTGGGTGGCTCTG-5","Glut-DACH2-LMANsh","Ex_DACH2_ZMAT4",0.806705893535719
"_GTGCTGGGTGTGAATA-5","Glut-DACH2-8","Ex_DACH2_ZMAT4",0.585212832536929
"_GTGGAAGGTGATACAA-5","Glut-DACH2-6","Ex_DACH2_CEMIP",0.79351670693374
"_GTGGAAGGTTGCCAAT-5","Glut-DACH2-LMANsh","Ex_DACH2_LHX2",0.633053941939835
"_GTGGAGAGTGGACCTC-5","Glut-DACH2-7","Ex_DACH2_ADAMTS5",0.355289438534221
"_GTGGAGATCAGTGTGT-5","Glut-DACH2-LMANco","Ex_DACH2_CEMIP",0.541619067359683
"_GTGGAGATCGAGCTGC-5","Glut-DACH2-LMANsh","Ex_DACH2_ADAMTS5",0.461551606563807
"_GTGGCGTCAACATCGT-5","Glut-DACH2-LMANsh","Ex_DACH2_ADAMTS5",0.532959398019298
"_GTGGCGTTCTAGAGCT-5","Glut-DACH2-LMANco","Ex_SATB2_SOX6",0.424027078076783
"_GTGGGAAAGATACGAT-5","Glut-DACH2-LMANsh","Ex_DACH2_LHX2",0.644193030615076
"_GTGGGAAGTATGCTAC-5","Glut-DACH2-LMANco","Ex_DACH2_CEMIP",0.502156066529571
"_GTGGTTAAGTTCCAGT-5","Glut-DACH2-8","Ex_DACH2_ZMAT4",0.732662553912061
"_GTGGTTACAACCAATC-5","Glut-DACH2-LMANco","Ex_SATB2_SOX6",0.486453158936046
"_GTGGTTACACGTAACT-5","Glut-DACH2-LMANsh","Ex_DACH2_LHX2",0.555388697966058
"_GTGGTTACAGCCGTCA-5","Glut-DACH2-6","Ex_DACH2_CEMIP",0.737678737999629
"_GTGTAACAGGGCAACT-5","Glut-DACH2-LMANsh","Ex_DACH2_ADAMTS5",0.611482244510564
"_GTGTAACGTCAAGCCC-5","Glut-DACH2-LMANsh","Ex_DACH2_LHX2",0.248871884747504
"_GTGTCCTCAGCAGGAT-5","Glut-DACH2-LMANco","Ex_DACH2_ZMAT4",0.412741800014367
"_GTGTCCTTCTAGCAAC-5","Glut-DACH2-8","Ex_DACH2_ZMAT4",0.57783445450454
"_GTGTGATGTCACTCAA-5","Glut-DACH2-LMANco","Ex_SATB2_SOX6",0.308176950769817
"_GTGTGATGTGCGTCGT-5","Glut-DACH2-LMANco","Ex_DACH2_ZMAT4",0.48245287951059
"_GTGTGGCAGCAGGCAT-5","Glut-DACH2-7","Ex_DACH2_NR4A3",0.543871199790924
"_GTGTGGCAGTATGGAT-5","Glut-DACH2-LMANsh","Ex_DACH2_ADAMTS5",0.302475528698493
"_GTGTGGCCAATGGGTG-5","Glut-DACH2-8","Ex_DACH2_ZMAT4",0.803433033586589
"_GTGTGGCCAGGAATCG-5","Glut-DACH2-1","Ex_DACH2_ADAMTS5",0.754617552739692
"_GTGTTAGGTAATTGGA-5","Glut-DACH2-LMANsh","Ex_DACH2_ZMAT4",0.258573351420997
"_GTGTTAGGTGCGCTCA-5","Glut-DACH2-LMANco","Ex_DACH2_CEMIP",0.545720876802184
"_GTTACAGAGGATCATA-5","Glut-DACH2-LMANco","Ex_DACH2_CEMIP",0.494518789648902
"_GTTACAGCACAAGGTG-5","Glut-DACH2-LMANsh","Ex_DACH2_GRIK4",0.371185098167386
"_GTTACAGTCATCGACA-5","Glut-DACH2-LMANco","Ex_DACH2_ZMAT4",0.669116118841051
"_GTTACAGTCCATACAG-5","Glut-DACH2-LMANsh","Ex_DACH2_LHX2",0.600138343738461
"_GTTACAGTCGCATTGA-5","Glut-DACH2-LMANsh","Ex_DACH2_ADAMTS5",0.523300714215663
"_GTTACAGTCTACCACC-5","Glut-DACH2-LMANsh","Ex_DACH2_LHX2",0.512497197315895
"_GTTACCCGTCACAGTT-5","Glut-DACH2-8","Ex_DACH2_ZMAT4",0.683163432430836
"_GTTACCCTCGACCTAA-5","Glut-DACH2-5","Ex_DACH2_LHX2",0.445899264648508
"_GTTACGAAGTCCCAAT-5","Glut-DACH2-LMANsh","Ex_DACH2_ADAMTS5",0.755745369770969
"_GTTACGACAATCCAGT-5","Glut-DACH2-6","Ex_DACH2_CEMIP",0.902799914161593
"_GTTACGACACGGTGAA-5","Glut-DACH2-LMANsh","Ex_DACH2_LHX2",0.310256089264792
"_GTTACGACAGGACATG-5","Glut-DACH2-LMANsh","Ex_DACH2_ADAMTS5",0.521367822375716
"_GTTACGAGTGGAATGC-5","Glut-DACH2-LMANsh","Ex_DACH2_LHX2",0.666304100294293
"_GTTACGATCAGTCATG-5","Glut-DACH2-LMANco","Ex_DACH2_ZMAT4",0.405964559919323
"_GTTAGACGTTCGGTAT-5","Glut-DACH2-LMANco","Ex_DACH2_ZMAT4",0.743167918220388
"_GTTATGGAGCGTCAGA-5","Glut-DACH2-LMANco","Ex_DACH2_ZMAT4",0.46761992857439
"_GTTATGGGTGCGAGTA-5","Glut-DACH2-LMANsh","Ex_DACH2_ZMAT4",0.249944546511217
"_GTTCATTCATTAGGAA-5","Glut-DACH2-LMANsh","Ex_DACH2_LHX2",0.447425463874628
"_GTTCATTTCAAGTGGG-5","Glut-DACH2-LMANsh","Ex_DACH2_GRIK4",0.526919337715036
"_GTTCCGTCAAATCAAG-5","Glut-DACH2-LMANsh","Ex_DACH2_LHX2",0.456669991401945
"_GTTCCGTCATCCTGTC-5","Glut-DACH2-LMANsh","Ex_DACH2_LHX2",0.288902121146222
"_GTTCTATAGCTATCTG-5","Glut-DACH2-LMANco","Ex_DACH2_ZMAT4",0.647611529906135
"_GTTCTATTCCAATGCA-5","Glut-DACH2-LMANco","Ex_DACH2_ZMAT4",0.533510717552524
"_GTTGAACCAAACCACT-5","Glut-DACH2-LMANco","Ex_DACH2_CEMIP",0.492831179933457
"_GTTGAACCACACAGAG-5","Glut-DACH2-LMANsh","Ex_DACH2_LHX2",0.505451744007833
"_GTTGAACCACAGTGTT-5","Glut-DACH2-LMANco","Ex_DACH2_ZMAT4",0.469156453225732
"_GTTGAACGTGTGCCTG-5","Glut-DACH2-LMANco","Ex_SATB2_SOX6",0.399750313323584
"_GTTGCGGAGAGGTCGT-5","Glut-DACH2-LMANco","Ex_DACH2_ZMAT4",0.81616574789355
"_GTTGCTCAGCGACATG-5","Glut-DACH2-LMANsh","Ex_DACH2_ADAMTS5",0.412683793001886
"_GTTGCTCCAATCGCCG-5","Glut-DACH2-6","Ex_DACH2_CEMIP",0.666982948603252
"_GTTGTAGCACCGTGAC-5","Glut-DACH2-8","Ex_DACH2_CEMIP",0.682375866097985
"_GTTGTCCAGGTGAGAA-5","Glut-DACH2-LMANco","Ex_SATB2_SOX6",0.352977604371269
"_GTTGTCCTCTCTGACC-5","Glut-DACH2-8","Ex_DACH2_ZMAT4",0.625592093531381
"_GTTTACTAGGGACAGG-5","Glut-DACH2-LMANsh","Ex_DACH2_ADAMTS5",0.613924984275269
"_GTTTACTAGTAGTCAA-5","Glut-DACH2-LMANco","Ex_DACH2_CEMIP",0.478235644198145
"_GTTTACTAGTTCATGC-5","Glut-DACH2-LMANco","Ex_DACH2_ZMAT4",0.365237437936092
"_GTTTGGACACACGTGC-5","Glut-DACH2-LMANsh","Ex_DACH2_LHX2",0.34627772147753
"_GTTTGGACAGGCTATT-5","Glut-DACH2-LMANsh","Ex_DACH2_ADAMTS5",0.28302569144777
"_TAACACGTCCCGAATA-5","Glut-DACH2-LMANsh","Ex_DACH2_LHX2",0.421974453166757
"_TAACACGTCTCTATGT-5","Glut-DACH2-LMANsh","Ex_DACH2_LHX2",0.221580650194012
"_TAACGACAGAGGACTC-5","Glut-DACH2-6","Ex_DACH2_CEMIP",0.790222928964817
"_TAACGACAGTGGAATT-5","Glut-DACH2-LMANco","Ex_DACH2_ZMAT4",0.694859076174912
"_TAACGACCACTGCGAC-5","Glut-DACH2-1","Ex_DACH2_ADAMTS5",0.313806029228435
"_TAACGACGTATCAGGG-5","Glut-DACH2-8","Ex_DACH2_ZMAT4",0.894035359230026
"_TAACGACGTGATACTC-5","Glut-DACH2-LMANco","Ex_DACH2_ZMAT4",0.704092773953987
"_TAACTTCGTACAGCGA-5","Glut-DACH2-6","Ex_DACH2_CEMIP",0.757926321536101
"_TAAGCACAGCATGGGT-5","Glut-DACH2-LMANsh","Ex_DACH2_ZMAT4",0.378191453295153
"_TAAGCACCATTGACAC-5","Glut-DACH2-LMANsh","Ex_DACH2_ZMAT4",0.372781884202621
"_TAAGCACGTCGTCAGC-5","Glut-DACH2-LMANsh","Ex_DACH2_LHX2",0.586259823399909
"_TAAGCCACAGTTTGGT-5","Glut-DACH2-LMANsh","Ex_DACH2_LHX2",0.538775248554305
"_TAAGCCAGTCCTATAG-5","Glut-DACH2-LMANco","Ex_DACH2_CEMIP",0.46837452555089
"_TAAGCCATCCCAGGCA-5","Glut-DACH2-5","Ex_DACH2_LHX2",0.562028453626917
"_TAAGCGTGTATGAAAC-5","Glut-DACH2-LMANsh","Ex_DACH2_LHX2",0.659109099076329
"_TAAGTCGCACATTCGA-5","Glut-DACH2-LMANsh","Ex_DACH2_ADAMTS5",0.330967599456931
"_TAAGTCGTCTGAGGTT-5","Glut-DACH2-6","Ex_DACH2_CEMIP",0.550215460426441
"_TAATCTCAGCACGGAT-5","Glut-DACH2-LMANsh","Ex_DACH2_ADAMTS5",0.613082537900064
"_TAATCTCGTCCCACGA-5","Glut-DACH2-1","Ex_DACH2_ZMAT4",0.331955977556807
"_TAATTCCCACTGCATA-5","Glut-DACH2-8","Ex_DACH2_ZMAT4",0.640971809692666
"_TAATTCCGTGACACAG-5","Glut-DACH2-6","Ex_DACH2_CEMIP",0.569559409275976
"_TACACCCAGACTCAAA-5","Glut-DACH2-LMANco","Ex_DACH2_ZMAT4",0.547603483379921
"_TACACCCGTGTTAACC-5","Glut-DACH2-LMANco","Ex_DACH2_ZMAT4",0.765369502800733
"_TACAGGTAGGCCGCTT-5","Glut-DACH2-8","Ex_DACH2_ZMAT4",0.578542826281161
"_TACAGGTAGTTTCGGT-5","Glut-DACH2-LMANsh","Ex_DACH2_GRIK4",0.361488982976936
"_TACAGGTGTGGTCCCA-5","Glut-DACH2-LMANsh","Ex_DACH2_LHX2",0.546480174292324
"_TACAGGTTCCCGAAAT-5","Glut-DACH2-LMANsh","Ex_DACH2_RORB",0.347940920335953
"_TACATTCCACTTCCTG-5","Glut-DACH2-6","Ex_DACH2_CEMIP",0.821611624383445
"_TACATTCCATTGTACG-5","Glut-DACH2-LMANsh","Ex_DACH2_LHX2",0.348451033080075
"_TACATTCGTTCGGACC-5","Glut-DACH2-LMANco","Ex_SATB2_SOX6",0.397481478006019
"_TACATTCTCTTCGTAT-5","Glut-DACH2-LMANsh","Ex_DACH2_ADAMTS5",0.274417943887802
"_TACATTCTCTTTGATC-5","Glut-DACH2-6","Ex_DACH2_CEMIP",0.769442670955716
"_TACCCACAGAGAGCAA-5","Glut-DACH2-8","Ex_DACH2_ZMAT4",0.828460206653565
"_TACCCACAGGCGTCCT-5","Glut-DACH2-LMANsh","Ex_DACH2_ZMAT4",0.455198304965271
"_TACCCACCAATCTAGC-5","Glut-DACH2-LMANco","Ex_SATB2_SOX6",0.4332555868751
"_TACCCACCAGAGTCTT-5","Glut-DACH2-LMANsh","Ex_DACH2_ADAMTS5",0.206462602260896
"_TACCCACGTCGGCCTA-5","Glut-DACH2-LMANsh","Ex_DACH2_ADAMTS5",0.265082449443222
"_TACCCACGTGACTCGC-5","Glut-DACH2-LMANco","Ex_DACH2_ZMAT4",0.516150521047551
"_TACCCACGTGATACTC-5","Glut-DACH2-LMANco","Ex_SATB2_SOX6",0.464605278454824
"_TACCCACGTGGCTAGA-5","Glut-DACH2-LMANsh","Ex_DACH2_NR4A3",0.442089104032593
"_TACCCACGTTGGTGTT-5","Glut-DACH2-8","Ex_DACH2_ZMAT4",0.892912143309101
"_TACCGAAGTCTACAAC-5","Glut-DACH2-6","Ex_DACH2_CEMIP",0.78676707061049
"_TACCGGGGTATGCGGA-5","Glut-DACH2-LMANsh","Ex_DACH2_NR4A3",0.221111911011331
"_TACCGGGGTCTCACAA-5","Glut-DACH2-LMANco","Ex_DACH2_ZMAT4",0.795611036498236
"_TACCTCGCAGCGGTCT-5","Glut-DACH2-8","Ex_DACH2_ZMAT4",0.557573670871801
"_TACCTCGGTGCATCTA-5","Glut-DACH2-LMANsh","Ex_DACH2_LHX2",0.460265453648985
"_TACCTGCTCTCACGAA-5","Glut-DACH2-LMANsh","Ex_DACH2_LHX2",0.557520099838049
"_TACGCTCCAATAGTCC-5","Glut-DACH2-LMANsh","Ex_DACH2_LHX2",0.459396071527602
"_TACGCTCGTGTTAGCT-5","Glut-DACH2-LMANco","Ex_DACH2_ZMAT4",0.390664944775688
"_TACGGGCCAAACTGCT-5","Glut-DACH2-8","Ex_DACH2_ZMAT4",0.675587871727132
"_TACGGGCCAACCGCCA-5","Glut-DACH2-LMANsh","Ex_DACH2_LHX2",0.276167934688697
"_TACGGTAGTTGGTACT-5","Glut-DACH2-8","Ex_DACH2_CEMIP",0.381798740654799
"_TACGTCCCACCGCTGA-5","Glut-DACH2-1","Ex_DACH2_LHX2",0.614128010668208
"_TACGTCCCAGCTTCCT-5","Glut-CACNA1H-2","Ex_Pre_SATB2",0.228497654776551
"_TACTGCCCAGTGGGTA-5","Glut-DACH2-LMANsh","Ex_DACH2_LHX2",0.51169749678108
"_TACTGCCGTAACGTTC-5","Glut-DACH2-6","Ex_DACH2_ZMAT4",0.497767542358536
"_TACTGCCGTGGTCAAG-5","Glut-DACH2-LMANco","Ex_DACH2_CEMIP",0.464469666908535
"_TACTTACAGAGTGTGC-5","Glut-DACH2-LMANsh","Ex_DACH2_ADAMTS5",0.338963620958636
"_TACTTACCAAAGTGTA-5","Glut-DACH2-LMANsh","Ex_DACH2_ADAMTS5",0.544092244014806
"_TACTTACGTACTCCGG-5","Glut-DACH2-LMANsh","Ex_DACH2_LHX2",0.580694909198112
"_TACTTACTCACTAGCA-5","Glut-DACH2-LMANco","Ex_DACH2_CEMIP",0.416202154315841
"_TACTTACTCGTTAGTG-5","Glut-DACH2-LMANco","Ex_DACH2_CEMIP",0.444279211538348
"_TACTTACTCGTTGTAG-5","Glut-DACH2-LMANco","Ex_SATB2_SOX6",0.462472381286005
"_TACTTCAAGCTTGTTG-5","Glut-DACH2-6","Ex_DACH2_CEMIP",0.596962699650467
"_TACTTCATCTACGCGG-5","Glut-DACH2-LMANsh","Ex_DACH2_LHX2",0.573287112367559
"_TACTTGTGTAGCTGCC-5","Glut-DACH2-LMANco","Ex_DACH2_CEMIP",0.639525195771279
"_TACTTGTTCGCTGTTC-5","Glut-DACH2-LMANsh","Ex_DACH2_LHX2",0.650158440238618
"_TACTTGTTCTGATGGT-5","Glut-DACH2-LMANsh","Ex_DACH2_LHX2",0.526942634362189
"_TAGACCACATTGGCAT-5","Glut-DACH2-8","Ex_DACH2_ZMAT4",0.914614491616426
"_TAGACTGGTCCCTAAA-5","Glut-DACH2-LMANco","Ex_DACH2_CEMIP",0.583144508597857
"_TAGACTGTCTTTCCAA-5","Glut-DACH2-LMANco","Ex_DACH2_ZMAT4",0.47654390131856
"_TAGAGTCCAAGTGGTG-5","Glut-DACH2-LMANsh","Ex_DACH2_LHX2",0.613762580026348
"_TAGAGTCCACATATGC-5","Glut-DACH2-1","Ex_DACH2_LHX2",0.35597053421903
"_TAGAGTCCACGTAACT-5","Glut-DACH2-6","Ex_DACH2_ZMAT4",0.449248419961208
"_TAGAGTCCACTATGTG-5","Glut-DACH2-LMANsh","Ex_DACH2_ADAMTS5",0.380818925707613
"_TAGATCGAGTACCCTA-5","Glut-DACH2-LMANsh","Ex_DACH2_LHX2",0.393217784794563
"_TAGATCGCAAATGATG-5","Glut-DACH2-5","Ex_DACH2_NR4A3",0.31374362708317
"_TAGATCGCATGCGGTC-5","Glut-DACH2-LMANsh","Ex_DACH2_LHX2",0.330745667538204
"_TAGATCGGTCCTCCAT-5","Glut-DACH2-LMANsh","Ex_DACH2_LHX2",0.601988345297074
"_TAGCACAAGCCAACCC-5","Glut-DACH2-LMANco","Ex_DACH2_ZMAT4",0.500699580600417
"_TAGCACAGTTCCAAAC-5","Glut-DACH2-LMANsh","Ex_DACH2_LHX2",0.574445950992379
"_TAGGAGGCATGAATAG-5","Glut-DACH2-LMANco","Ex_DACH2_ZMAT4",0.628913425868986
"_TAGGAGGGTGCATCTA-5","Glut-DACH2-LMANco","Ex_SATB2_SOX6",0.411308574061438
"_TAGGAGGGTTAGCTAC-5","Glut-DACH2-LMANsh","Ex_DACH2_LHX2",0.502316363940228
"_TAGGGTTCACAAATGA-5","Glut-DACH2-LMANco","Ex_DACH2_CEMIP",0.34812705609688
"_TAGGGTTCAGTCAGCC-5","Glut-DACH2-LMANsh","Ex_DACH2_ADAMTS5",0.48654970308967
"_TAGGGTTCATAGGAGC-5","Glut-DACH2-6","Ex_DACH2_CEMIP",0.499442323498388
"_TAGGGTTTCCCAAGTA-5","Glut-DACH2-LMANco","Ex_SATB2_SOX6",0.438337708057909
"_TAGGTACCAAGCCTGC-5","Glut-DACH2-LMANsh","Ex_DACH2_ADAMTS5",0.353829561311119
"_TAGGTTGAGATAGCTA-5","Glut-DACH2-LMANco","Ex_DACH2_ZMAT4",0.550236765718454
"_TAGTGCATCATGGAGG-5","Glut-DACH2-LMANco","Ex_SATB2_SOX6",0.419272259315412
"_TAGTGCATCGAGTCCG-5","Glut-DACH2-LMANco","Ex_SATB2_SOX6",0.495455115331771
"_TATACCTGTTGCTTGA-5","Glut-DACH2-LMANco","Ex_DACH2_CEMIP",0.469927120734996
"_TATACCTTCCATTTCA-5","Glut-DACH2-LMANsh","Ex_DACH2_LHX2",0.353169752549435
"_TATACCTTCGGTAGAG-5","Glut-DACH2-LMANco","Ex_DACH2_ZMAT4",0.697364535997872
"_TATATCCGTCTAGGTT-5","Glut-DACH2-8","Ex_DACH2_ZMAT4",0.587897432582437
"_TATATCCTCGAACGCC-5","Glut-DACH2-8","Ex_DACH2_ZMAT4",0.611766639603217
"_TATCCTACATTCACCC-5","Glut-DACH2-LMANsh","Ex_DACH2_GRIK4",0.458050828620706
"_TATCCTAGTGTTGAGG-5","Glut-DACH2-LMANsh","Ex_DACH2_ZMAT4",0.441222867514581
"_TATCCTAGTTGTTGAC-5","Glut-DACH2-LMANco","Ex_SATB2_SOX6",0.374438106158144
"_TATCCTATCCATAAGC-5","Glut-DACH2-8","Ex_DACH2_ZMAT4",0.778784206333998
"_TATCCTATCCATAGAC-5","Glut-DACH2-LMANco","Ex_DACH2_CEMIP",0.545135570245974
"_TATCGCCGTCACCACG-5","Glut-DACH2-LMANsh","Ex_DACH2_ADAMTS5",0.579658226600545
"_TATCGCCGTGTTCGTA-5","Glut-DACH2-LMANsh","Ex_DACH2_LHX2",0.410220987214866
"_TATCGCCTCGAGAATA-5","Glut-DACH2-LMANco","Ex_DACH2_ZMAT4",0.431767525372005
"_TATCTGTCAACCCTCT-5","Glut-DACH2-LMANco","Ex_DACH2_CEMIP",0.534721000548098
"_TATCTTGAGTTCTCTT-5","Glut-DACH2-LMANco","Ex_DACH2_ZMAT4",0.537546628476134
"_TATCTTGCAAGTGGTG-5","Glut-DACH2-LMANsh","Ex_DACH2_LHX2",0.500346469231383
"_TATCTTGGTTACGTAC-5","Glut-DACH2-LMANco","Ex_DACH2_CEMIP",0.434219189360562
"_TATCTTGTCGGCAGTC-5","Glut-DACH2-LMANco","Ex_SATB2_SOX6",0.392616230248203
"_TATGTTCAGGAGGTTC-5","Glut-DACH2-LMANco","Ex_DACH2_ZMAT4",0.456254571077161
"_TATGTTCCACGTAACT-5","Glut-DACH2-LMANsh","Ex_DACH2_LHX2",0.477183847312889
"_TATGTTCTCATTGCGA-5","Glut-DACH2-LMANco","Ex_SATB2_SOX6",0.540971913440805
"_TATGTTCTCTGGACTA-5","Glut-DACH2-8","Ex_DACH2_ZMAT4",0.775502014867075
"_TATTCCAGTCTTAGTG-5","Glut-DACH2-LMANsh","Ex_DACH2_LHX2",0.584959757131907
"_TATTGCTCATAAGCAA-5","Glut-DACH2-LMANsh","Ex_DACH2_ADAMTS5",0.287090413257391
"_TATTGCTTCTATTGTC-5","Glut-DACH2-8","Ex_DACH2_ZMAT4",0.774596348788197
"_TATTGCTTCTGCGTCT-5","Glut-DACH2-8","Ex_DACH2_ZMAT4",0.407952448120432
"_TATTGCTTCTTCTGTA-5","Glut-DACH2-LMANco","Ex_DACH2_CEMIP",0.566044985098686
"_TATTGGGGTTTGATCG-5","Glut-DACH2-LMANco","Ex_SATB2_SOX6",0.389824637903367
"_TATTGGGTCAGGAAGC-5","Glut-DACH2-8","Ex_DACH2_ZMAT4",0.462999945242907
"_TCAAGACAGGAACTCG-5","Glut-DACH2-LMANsh","Ex_DACH2_LHX2",0.429122944844009
"_TCAAGACTCGTAGGGA-5","Glut-DACH2-LMANco","Ex_DACH2_CEMIP",0.517455569050743
"_TCAAGCAAGAGGTCGT-5","Glut-DACH2-LMANco","Ex_DACH2_ZMAT4",0.471019072985957
"_TCAAGCAAGTGTCATC-5","Glut-DACH2-LMANsh","Ex_DACH2_ADAMTS5",0.502733715071975
"_TCAAGCATCGGCATTA-5","Glut-DACH2-6","Ex_DACH2_CEMIP",0.56847416522952
"_TCAAGCATCGGCTGGT-5","Glut-DACH2-6","Ex_DACH2_CEMIP",0.586267542309521
"_TCAAGTGAGATTCGAA-5","Glut-DACH2-LMANco","Ex_DACH2_CEMIP",0.492165954091106
"_TCAAGTGAGCTGAGTG-5","Glut-DACH2-8","Ex_DACH2_ZMAT4",0.703645711298961
"_TCAAGTGGTAAGTAGT-5","Glut-DACH2-8","Ex_DACH2_ZMAT4",0.904552558946111
"_TCAAGTGTCAGCGTCG-5","Glut-DACH2-LMANsh","Ex_DACH2_LHX2",0.260920721763431
"_TCAATCTAGAGACAAG-5","Glut-DACH2-LMANsh","Ex_DACH2_LHX2",0.522515608073727
"_TCAATCTGTCGATTCA-5","Glut-DACH2-LMANsh","Ex_DACH2_ADAMTS5",0.56569999025404
"_TCAATCTTCCCGATCT-5","Glut-DACH2-8","Ex_DACH2_ZMAT4",0.725972757257019
"_TCAATTCAGCCAACCC-5","Glut-DACH2-6","Ex_DACH2_CEMIP",0.919953505932309
"_TCAATTCAGCGTGAAC-5","Glut-DACH2-LMANsh","Ex_DACH2_LHX2",0.535539058008122
"_TCAATTCGTCATCCGG-5","Glut-DACH2-LMANsh","Ex_DACH2_ADAMTS5",0.455665273925577
"_TCAATTCTCGAAGTGG-5","Glut-DACH2-8","Ex_DACH2_ZMAT4",0.800085656209511
"_TCAATTCTCTTGGTGA-5","Glut-DACH2-LMANco","Ex_SATB2_SOX6",0.475556761247201
"_TCACACCAGGTAAGTT-5","Glut-DACH2-LMANco","Ex_SATB2_SOX6",0.415255955532833
"_TCACACCCACACTGGC-5","Glut-DACH2-LMANco","Ex_SATB2_SOX6",0.586852256886187
"_TCACACCGTAGCTTAC-5","Glut-DACH2-LMANsh","Ex_DACH2_LHX2",0.338505546814672
"_TCACACCGTCCCGGTA-5","Glut-DACH2-LMANco","Ex_SATB2_SOX6",0.344142382436845
"_TCACATTGTGGAGAAA-5","Glut-DACH2-LMANco","Ex_SATB2_SOX6",0.500213550631725
"_TCACATTTCAAGGACG-5","Glut-DACH2-LMANsh","Ex_DACH2_LHX2",0.394630841689114
"_TCACGCTTCACGAACT-5","Glut-DACH2-LMANco","Ex_DACH2_CEMIP",0.50723830912584
"_TCACGGGAGAAGCCTG-5","Glut-DACH2-7","Ex_DACH2_ADAMTS5",0.481918356801613
"_TCACGGGCAATTGCGT-5","Glut-DACH2-6","Ex_DACH2_CEMIP",0.674287359919807
"_TCACGGGCAGAGACTG-5","Glut-DACH2-LMANco","Ex_SATB2_SOX6",0.520254774017953
"_TCACGGGCATCAGTCA-5","Glut-DACH2-LMANsh","Ex_DACH2_LHX2",0.396776325939238
"_TCACGGGTCGGCTGTG-5","Glut-DACH2-LMANsh","Ex_DACH2_LHX2",0.666816165474934
"_TCACTATGTCCGGACT-5","Glut-DACH2-8","Ex_DACH2_ZMAT4",0.678136113539079
"_TCACTATTCTGTAAGC-5","Glut-DACH2-LMANsh","Ex_DACH2_GRIK4",0.40327895868385
"_TCACTCGAGACAGTCG-5","Glut-DACH2-8","Ex_DACH2_ZMAT4",0.866809933477126
"_TCAGCAACATCTGCGG-5","Glut-DACH2-LMANsh","Ex_DACH2_ADAMTS5",0.39049484762071
"_TCAGCAAGTTAGTTCG-5","Glut-DACH2-8","Ex_DACH2_ZMAT4",0.792355540612502
"_TCAGCAATCCAGTGCG-5","Glut-DACH2-LMANco","Ex_DACH2_ZMAT4",0.540170800182168
"_TCAGCAATCCGCCTAT-5","Glut-DACH2-LMANco","Ex_SATB2_SOX6",0.388485335704076
"_TCAGCCTTCACTTTGT-5","Glut-DACH2-LMANsh","Ex_DACH2_LHX2",0.334399448376053
"_TCAGGGCCAGGTCCCA-5","Glut-DACH2-8","Ex_DACH2_ZMAT4",0.750407073656045
"_TCAGGGCGTCACCCTT-5","Glut-DACH2-LMANsh","Ex_DACH2_LHX2",0.578813396268018
"_TCAGGGCGTGTATCCA-5","Glut-DACH2-6","Ex_DACH2_ZMAT4",0.44448017582444
"_TCAGGTAAGAAACTAC-5","Glut-DACH2-LMANco","Ex_DACH2_CEMIP",0.480489467642529
"_TCAGGTAAGATGACCG-5","Glut-DACH2-LMANco","Ex_DACH2_CEMIP",0.398039764885498
"_TCAGGTACACAAACGG-5","Glut-SATB2-1","Ex_SATB2_FOXP2",0.661138421893953
"_TCAGTCCAGCTCGGCT-5","Glut-DACH2-LMANco","Ex_DACH2_ZMAT4",0.50859940296173
"_TCAGTCCTCCACATAG-5","Glut-DACH2-8","Ex_DACH2_ZMAT4",0.526710993304761
"_TCAGTGAAGGAAAGGT-5","Glut-DACH2-8","Ex_DACH2_ZMAT4",0.781685014731237
"_TCAGTGAGTCAAGGCA-5","Glut-DACH2-8","Ex_DACH2_ZMAT4",0.723288139020487
"_TCAGTGAGTGTGTCGC-5","Glut-DACH2-8","Ex_DACH2_CEMIP",0.470348621774661
"_TCAGTGATCTAGATCG-5","Glut-DACH2-8","Ex_DACH2_ZMAT4",0.48510450167416
"_TCAGTTTTCGGCATAT-5","Glut-DACH2-8","Ex_DACH2_ZMAT4",0.563514298476443
"_TCATACTAGACGCCCT-5","Glut-DACH2-LMANsh","Ex_DACH2_LHX2",0.600147290116325
"_TCATACTTCAAGCGTT-5","Glut-DACH2-LMANsh","Ex_DACH2_LHX2",0.659542355846472
"_TCATATCCATGTCAGT-5","Glut-DACH2-LMANco","Ex_DACH2_CEMIP",0.484526361089648
"_TCATCATCAGCACGAA-5","Glut-DACH2-LMANsh","Ex_DACH2_LHX2",0.371823341989494
"_TCATCATCATGAAAGT-5","Glut-DACH2-LMANco","Ex_SATB2_SOX6",0.333290448870585
"_TCATCATGTAGGATAT-5","Glut-DACH2-LMANsh","Ex_DACH2_LHX2",0.354563127497427
"_TCATCCGAGCATGGGT-5","Glut-DACH2-LMANsh","Ex_DACH2_LHX2",0.608632329552958
"_TCATCCGAGGGAGGCA-5","Glut-DACH2-LMANco","Ex_DACH2_CEMIP",0.503099577322325
"_TCATCCGGTCGGCCTA-5","Glut-DACH2-LMANsh","Ex_DACH2_ZMAT4",0.439782563381972
"_TCATGCCCAGCGGTTC-5","Glut-DACH2-5","Ex_DACH2_LHX2",0.490153694572349
"_TCATGCCTCGACACTA-5","Glut-DACH2-LMANsh","Ex_DACH2_ADAMTS5",0.596504990775223
"_TCATGGATCTTTCGAT-5","Glut-DACH2-LMANsh","Ex_DACH2_LHX2",0.357143538761133
"_TCATGTTAGAGCCTGA-5","Glut-DACH2-LMANco","Ex_DACH2_ZMAT4",0.558022584033715
"_TCATGTTAGCGTATGG-5","Glut-DACH2-8","Ex_DACH2_ZMAT4",0.830008816812151
"_TCATGTTCAGATACCT-5","Glut-DACH2-8","Ex_DACH2_ZMAT4",0.699108319604178
"_TCATGTTTCCCGAACG-5","Glut-DACH2-5","Ex_DACH2_LHX2",0.327910584663249
"_TCATTACCATGATGCT-5","Glut-DACH2-LMANco","Ex_DACH2_CEMIP",0.662447122847563
"_TCATTCAAGATTCGCT-5","Glut-DACH2-8","Ex_DACH2_ZMAT4",0.768047972968669
"_TCATTGTCACGAGGTA-5","Glut-DACH2-LMANsh","Ex_DACH2_ADAMTS5",0.323259932356408
"_TCATTGTGTACCCGAC-5","Glut-DACH2-LMANsh","Ex_DACH2_LHX2",0.457163439872852
"_TCATTGTGTCGAGATG-5","Glut-DACH2-LMANsh","Ex_DACH2_LHX2",0.3590628064123
"_TCATTGTTCTGCAGCG-5","Glut-DACH2-LMANsh","Ex_DACH2_LHX2",0.553108598686357
"_TCATTTGCATATCTGG-5","Glut-DACH2-8","Ex_DACH2_ZMAT4",0.872339094149699
"_TCATTTGGTACTGAGG-5","Glut-DACH2-8","Ex_DACH2_CEMIP",0.567013101028054
"_TCATTTGGTAGGCTGA-5","Glut-DACH2-8","Ex_DACH2_ZMAT4",0.610546168035357
"_TCATTTGGTGCTCGTG-5","Glut-DACH2-LMANsh","Ex_DACH2_LHX2",0.475170633141606
"_TCCACCACAATCGTCA-5","Glut-DACH2-8","Ex_DACH2_ZMAT4",0.865681938260432
"_TCCACCATCGCAAGAG-5","Glut-DACH2-LMANsh","Ex_DACH2_ADAMTS5",0.651064922143145
"_TCCACGTAGCAACTCT-5","Glut-DACH2-LMANco","Ex_DACH2_CEMIP",0.529998673834078
"_TCCAGAATCCACAGCG-5","Glut-DACH2-LMANsh","Ex_DACH2_ADAMTS5",0.568476845356324
"_TCCCAGTAGTCGCGAA-5","Glut-DACH2-LMANco","Ex_DACH2_ZMAT4",0.447987498894638
"_TCCCAGTCAGTATTCG-5","Glut-DACH2-LMANco","Ex_DACH2_CEMIP",0.572064520655604
"_TCCCAGTGTTGCCGCA-5","Glut-DACH2-LMANsh","Ex_DACH2_LHX2",0.397493110812843
"_TCCCATGAGTGAACAT-5","Glut-DACH2-8","Ex_DACH2_ZMAT4",0.654453405157992
"_TCCGAAAAGCGATCGA-5","Glut-DACH2-LMANsh","Ex_DACH2_GRIK4",0.444420720055663
"_TCCGAAAAGTCCGCCA-5","Glut-DACH2-LMANsh","Ex_DACH2_LHX2",0.273473436524775
"_TCCGAAATCGACCCAG-5","Glut-DACH2-LMANsh","Ex_DACH2_ADAMTS5",0.462616608504427
"_TCCGATCGTACTCGCG-5","Glut-DACH2-6","Ex_DACH2_CEMIP",0.469209286164195
"_TCCGATCTCTTCTAAC-5","Glut-DACH2-LMANsh","Ex_DACH2_LHX2",0.515928176461009
"_TCCGTGTGTCATCCGG-5","Glut-DACH2-LMANco","Ex_DACH2_ZMAT4",0.41780596313389
"_TCCTAATCATAATGCC-5","Glut-DACH2-LMANco","Ex_DACH2_ZMAT4",0.687575878052793
"_TCCTCCCCAGTCGCAC-5","Glut-DACH2-LMANco","Ex_SATB2_SOX6",0.375227758490617
"_TCCTCCCGTAACTGCT-5","Glut-DACH2-6","Ex_DACH2_CEMIP",0.89480199375869
"_TCCTCCCGTAGTCGGA-5","Glut-DACH2-5","Ex_DACH2_ADAMTS5",0.561711736194298
"_TCCTCGAAGCACCGAA-5","Glut-DACH2-6","Ex_DACH2_CEMIP",0.67632404454695
"_TCCTCGATCAGACCGC-5","Glut-DACH2-LMANsh","Ex_DACH2_LHX2",0.633862985999458
"_TCCTGCACACGCGCTA-5","Glut-DACH2-6","Ex_DACH2_ZMAT4",0.503422416658571
"_TCCTGCAGTATGGGAC-5","Glut-DACH2-LMANsh","Ex_DACH2_LHX2",0.638083474627023
"_TCCTTCTGTCAGTTTG-5","Glut-DACH2-8","Ex_DACH2_ZMAT4",0.86350763449256
"_TCCTTTCGTATCTCGA-5","Glut-DACH2-8","Ex_DACH2_ZMAT4",0.578613049810655
"_TCGAACATCAACACGT-5","Glut-DACH2-LMANsh","Ex_DACH2_LHX2",0.256796174652291
"_TCGAACATCCACACCT-5","Glut-DACH2-1","Ex_DACH2_LHX2",0.467101204429353
"_TCGAAGTAGCAAGTCG-5","Glut-DACH2-LMANco","Ex_DACH2_CEMIP",0.567925293169374
"_TCGAAGTTCTCTAAGG-5","Glut-DACH2-8","Ex_DACH2_ZMAT4",0.771710371040274
"_TCGACCTCACAAGCTT-5","Glut-DACH2-LMANsh","Ex_DACH2_ADAMTS5",0.614552597265541
"_TCGACCTTCCCTCTCC-5","Glut-DACH2-LMANsh","Ex_DACH2_LHX2",0.610918597590733
"_TCGACGGAGTAGTCAA-5","Glut-DACH2-LMANco","Ex_SATB2_SOX6",0.586592641567793
"_TCGACGGCACTGAATC-5","Glut-DACH2-LMANco","Ex_DACH2_CEMIP",0.554149290341831
"_TCGACGGGTGAACCGA-5","Glut-DACH2-LMANco","Ex_DACH2_ZMAT4",0.712823260333178
"_TCGACGGTCCGTTGGG-5","Glut-DACH2-LMANco","Ex_DACH2_CEMIP",0.429123883128774
"_TCGACGGTCGAACCTA-5","Glut-DACH2-LMANsh","Ex_DACH2_LHX2",0.603915522684732
"_TCGACGGTCTACCAGA-5","Glut-DACH2-8","Ex_DACH2_ZMAT4",0.801480544889738
"_TCGATTTAGAGACAAG-5","Glut-DACH2-LMANsh","Ex_DACH2_ADAMTS5",0.297450711578392
"_TCGCAGGAGGTTAGTA-5","Glut-DACH2-6","Ex_DACH2_CEMIP",0.65655395019014
"_TCGCAGGCATTGTACG-5","Glut-DACH2-8","Ex_DACH2_ZMAT4",0.638807663536271
"_TCGCTCACACTTGAGT-5","Glut-DACH2-8","Ex_DACH2_ZMAT4",0.663651552771698
"_TCGCTCATCCGCAGTG-5","Glut-DACH2-LMANco","Ex_DACH2_ZMAT4",0.768146791557765
"_TCGCTTGAGTGCACCC-5","Glut-DACH2-LMANsh","Ex_DACH2_LHX2",0.581352801590918
"_TCGGATAAGAAACTCA-5","Glut-DACH2-6","Ex_DACH2_CEMIP",0.818200785827493
"_TCGGATACAGGCCCTA-5","Glut-DACH2-8","Ex_DACH2_ZMAT4",0.863108210718594
"_TCGGATATCCATCTAT-5","Glut-DACH2-LMANsh","Ex_DACH2_LHX2",0.445017749090675
"_TCGGGACAGGACATCG-5","Glut-DACH2-8","Ex_DACH2_ZMAT4",0.809758403385536
"_TCGGGACTCGCTCCTA-5","Glut-DACH2-LMANco","Ex_DACH2_CEMIP",0.504433847477591
"_TCGGGACTCTCCTGTG-5","Glut-DACH2-8","Ex_DACH2_ZMAT4",0.68652091299806
"_TCGGGTGAGGGTTTCT-5","Glut-DACH2-LMANsh","Ex_DACH2_ADAMTS5",0.45146087863347
"_TCGGGTGGTAGGCTGA-5","Glut-DACH2-LMANsh","Ex_DACH2_ADAMTS5",0.318636812852097
"_TCGGTCTAGTTTGTCG-5","Glut-DACH2-LMANsh","Ex_DACH2_LHX2",0.552765887767891
"_TCGGTCTTCATGCAGT-5","Glut-DACH2-LMANco","Ex_DACH2_ZMAT4",0.484026093696185
"_TCGGTCTTCGCTCTCA-5","Glut-DACH2-LMANco","Ex_SATB2_SOX6",0.346383829402827
"_TCGTAGAAGAGTCACG-5","Glut-DACH2-LMANco","Ex_SATB2_SOX6",0.398933464845789
"_TCGTAGATCGCTTGCT-5","Glut-DACH2-LMANsh","Ex_DACH2_LHX2",0.479913311538476
"_TCGTCCAAGCTGTGCC-5","Glut-DACH2-6","Ex_DACH2_CEMIP",0.660294161783685
"_TCGTCCAAGTGAACAT-5","Glut-DACH2-LMANco","Ex_DACH2_ZMAT4",0.519589029109109
"_TCGTCCACATGATAGA-5","Glut-DACH2-LMANsh","Ex_DACH2_LHX2",0.528640008418696
"_TCGTCCAGTCGGCACT-5","Glut-DACH2-LMANco","Ex_DACH2_CEMIP",0.461532994906208
"_TCGTCCAGTGGCAGAT-5","Glut-DACH2-LMANsh","Ex_DACH2_ADAMTS5",0.326224189803775
"_TCGTCCATCCTGGGAC-5","Glut-DACH2-LMANsh","Ex_DACH2_LHX2",0.555037195763637
"_TCGTCCATCTAACGCA-5","Glut-DACH2-LMANsh","Ex_DACH2_LHX2",0.553785427966411
"_TCGTGGGCAACACGAG-5","Glut-DACH2-8","Ex_DACH2_ZMAT4",0.751653270322475
"_TCGTGGGCAAGATTGA-5","Glut-DACH2-LMANco","Ex_DACH2_CEMIP",0.556064585674408
"_TCGTGGGCACAAAGCG-5","Glut-DACH2-LMANsh","Ex_DACH2_ADAMTS5",0.662888077623691
"_TCTAACTAGCTTGTGT-5","Glut-DACH2-LMANsh","Ex_DACH2_LHX2",0.576001885879506
"_TCTAACTAGTCACACT-5","Glut-DACH2-LMANsh","Ex_DACH2_LHX2",0.237878307725293
"_TCTAACTCAGGCGATA-5","Glut-DACH2-LMANsh","Ex_DACH2_ZMAT4",0.602193439947146
"_TCTAACTCATTGTCGA-5","Glut-DACH2-LMANsh","Ex_DACH2_LHX2",0.493308833617987
"_TCTACATAGACCAAAT-5","Glut-DACH2-LMANsh","Ex_DACH2_LHX2",0.626540772418229
"_TCTACATAGACGCAGT-5","Glut-DACH2-LMANsh","Ex_DACH2_LHX2",0.525791328601086
"_TCTACATCAGTCAGTT-5","Glut-DACH2-LMANco","Ex_DACH2_ZMAT4",0.494382104410777
"_TCTACATGTCGCACAC-5","Glut-DACH2-LMANco","Ex_DACH2_ZMAT4",0.459398210142994
"_TCTACCGCACCCTGAG-5","Glut-DACH2-7","Ex_DACH2_ADAMTS5",0.348892728421577
"_TCTATACCAAGCGCTC-5","Glut-DACH2-LMANsh","Ex_DACH2_LHX2",0.566512441435367
"_TCTATACTCCAAGCCG-5","Glut-DACH2-LMANsh","Ex_DACH2_LHX2",0.583855009138857
"_TCTATCAAGATGAATC-5","Glut-DACH2-LMANco","Ex_DACH2_CEMIP",0.712933081130776
"_TCTATCAAGCGTCGAA-5","Glut-DACH2-6","Ex_DACH2_CEMIP",0.495138259904395
"_TCTATCACATTAGGCT-5","Glut-DACH2-LMANco","Ex_DACH2_ZMAT4",0.809977730825946
"_TCTATCATCCTGTTGC-5","Glut-DACH2-LMANsh","Ex_DACH2_LHX2",0.676181818776521
"_TCTCACGGTGACATCT-5","Glut-DACH2-LMANco","Ex_SATB2_SOX6",0.435824804447241
"_TCTCAGCCACGAAAGC-5","Glut-DACH2-LMANsh","Ex_DACH2_ADAMTS5",0.619536661586233
"_TCTCAGCCAGCGTAGA-5","Glut-DACH2-LMANsh","Ex_DACH2_LHX2",0.55264862056395
"_TCTCAGCGTAGGTACG-5","Glut-DACH2-LMANco","Ex_DACH2_ZMAT4",0.543743284561092
"_TCTCCGAAGGGTCAAC-5","Glut-DACH2-6","Ex_DACH2_CEMIP",0.595442846185297
"_TCTCCGAGTGACAGCA-5","Glut-DACH2-LMANsh","Ex_DACH2_ZMAT4",0.624799100340641
"_TCTCTGGCATGTGGTT-5","Glut-DACH2-LMANsh","Ex_DACH2_ZMAT4",0.541781582035955
"_TCTCTGGGTCAATGGG-5","Glut-DACH2-LMANco","Ex_DACH2_CEMIP",0.601170043456531
"_TCTGCCACATGGAACG-5","Glut-DACH2-LMANco","Ex_DACH2_ZMAT4",0.70205344191043
"_TCTGCCAGTCGTCATA-5","Glut-DACH2-LMANsh","Ex_DACH2_LHX2",0.272828822236685
"_TCTGCCATCGCATTAG-5","Glut-DACH2-LMANsh","Ex_DACH2_ZMAT4",0.473968883023234
"_TCTGGCTGTCTGATCA-5","Glut-DACH2-LMANsh","Ex_DACH2_NR4A3",0.318173993407257
"_TCTGTCGGTCTTGAAC-5","Glut-DACH2-1","Ex_DACH2_LHX2",0.445885503229835
"_TCTTAGTGTAACGTTC-5","Glut-DACH2-LMANsh","Ex_DACH2_LHX2",0.610112090969432
"_TCTTAGTGTATTTCTC-5","Glut-DACH2-8","Ex_DACH2_ZMAT4",0.674598245456907
"_TCTTAGTGTTGGGCCT-5","Glut-DACH2-5","Ex_DACH2_LHX2",0.433382046825361
"_TCTTCCTCAGTTCCAA-5","Glut-DACH2-LMANsh","Ex_DACH2_ADAMTS5",0.331215032574964
"_TCTTCCTGTTATCTTC-5","Glut-DACH2-LMANsh","Ex_DACH2_GRIK4",0.319355613975319
"_TCTTCCTTCTGTGCGG-5","Glut-DACH2-8","Ex_DACH2_ZMAT4",0.884040118669402
"_TCTTGCGGTGCTAGCC-5","Glut-DACH2-8","Ex_DACH2_ZMAT4",0.729524970365777
"_TCTTTGAAGCAGGTCA-5","Glut-DACH2-LMANco","Ex_DACH2_CEMIP",0.491808933440192
"_TCTTTGACATGCCGCA-5","Glut-DACH2-LMANco","Ex_DACH2_ZMAT4",0.376641878011018
"_TCTTTGAGTGAGTAAT-5","Glut-DACH2-LMANsh","Ex_DACH2_LHX2",0.619644332542164
"_TCTTTGATCTTGGATG-5","Glut-DACH2-5","Ex_DACH2_ADAMTS5",0.519163810665344
"_TGAATCGAGTGTCATC-5","Glut-DACH2-LMANsh","Ex_DACH2_ADAMTS5",0.400891711991517
"_TGAATCGCATATAGCC-5","Glut-DACH2-8","Ex_DACH2_ZMAT4",0.837320183412525
"_TGAATGCCACGAAGAC-5","Glut-DACH2-LMANsh","Ex_DACH2_ADAMTS5",0.381752410437032
"_TGAATGCTCTGTCCGT-5","Glut-DACH2-LMANsh","Ex_DACH2_LHX2",0.574988675745076
"_TGAATGCTCTTACGTT-5","Glut-DACH2-8","Ex_DACH2_ZMAT4",0.618167349226159
"_TGACAGTGTTACAGCT-5","Glut-DACH2-LMANsh","Ex_DACH2_ZMAT4",0.608007646946904
"_TGACAGTGTTCCGCTT-5","Glut-DACH2-LMANsh","Ex_DACH2_LHX2",0.619648546306099
"_TGACAGTTCACAAGGG-5","Glut-DACH2-6","Ex_DACH2_CEMIP",0.521873763217925
"_TGACCCTAGCACTCGC-5","Glut-DACH2-8","Ex_DACH2_ZMAT4",0.744880513078485
"_TGACCCTCAGCTATAC-5","Glut-DACH2-LMANco","Ex_DACH2_ZMAT4",0.475138945651159
"_TGACGCGAGCTACAAA-5","Glut-DACH2-LMANsh","Ex_DACH2_GRIK4",0.384501404098449
"_TGACGCGGTAGAATAC-5","Glut-DACH2-8","Ex_DACH2_ZMAT4",0.492950176068829
"_TGACGCGTCCACTAGA-5","Glut-DACH2-6","Ex_DACH2_CEMIP",0.795581107559212
"_TGACTCCCACACGCCA-5","Glut-DACH2-LMANco","Ex_DACH2_ZMAT4",0.59271352284588
"_TGACTCCCAGCGCGTT-5","Glut-DACH2-LMANsh","Ex_DACH2_LHX2",0.621339806560621
"_TGACTCCTCAAAGGTA-5","Glut-DACH2-LMANsh","Ex_DACH2_LHX2",0.425449625479007
"_TGACTCCTCTTGATTC-5","Glut-DACH2-LMANco","Ex_SATB2_SOX6",0.365711237489106
"_TGAGACTTCCGTGTAA-5","Glut-DACH2-8","Ex_DACH2_ZMAT4",0.565535241862702
"_TGAGCGCAGGGAGTGG-5","Glut-DACH2-LMANsh","Ex_DACH2_LHX2",0.626059672475113
"_TGAGCGCTCCAACTGA-5","Glut-DACH2-LMANco","Ex_DACH2_CEMIP",0.323741598136336
"_TGAGCGCTCGCGCCAA-5","Glut-DACH2-8","Ex_DACH2_CEMIP",0.539969802405215
"_TGAGGAGCAGAAGCTG-5","Glut-DACH2-LMANco","Ex_SATB2_SOX6",0.478903455771104
"_TGAGGAGCAGGGAGAG-5","Glut-DACH2-LMANsh","Ex_DACH2_ADAMTS5",0.529725666311114
"_TGAGGAGTCCTTTGAT-5","Glut-DACH2-LMANsh","Ex_DACH2_ADAMTS5",0.581844832051737
"_TGAGGGAAGAACAAGG-5","Glut-DACH2-6","Ex_DACH2_CEMIP",0.599586160745354
"_TGAGGGACAACTTGCA-5","Glut-DACH2-6","Ex_DACH2_CEMIP",0.715339287574479
"_TGAGGGACACGGTGTC-5","Glut-DACH2-8","Ex_DACH2_ZMAT4",0.869944511830245
"_TGAGGTTAGACGCCCT-5","Glut-DACH2-LMANsh","Ex_DACH2_ADAMTS5",0.33218642316531
"_TGAGTCATCCGAACGC-5","Glut-DACH2-LMANco","Ex_DACH2_ZMAT4",0.423784388880907
"_TGAGTCATCTGGGATT-5","Glut-DACH2-8","Ex_DACH2_ZMAT4",0.572203022857852
"_TGATCAGCAATACGCT-5","Glut-DACH2-6","Ex_DACH2_CEMIP",0.991927232226183
"_TGATCAGCAGACATCT-5","Glut-DACH2-8","Ex_DACH2_ZMAT4",0.72460966934809
"_TGATCAGGTAACGCGA-5","Glut-DACH2-LMANsh","Ex_DACH2_LHX2",0.627790631026109
"_TGATCAGGTCTACACA-5","Glut-DACH2-8","Ex_DACH2_ZMAT4",0.715940381672347
"_TGATCAGGTGAGTTTC-5","Glut-DACH2-6","Ex_DACH2_ZMAT4",0.744953728526443
"_TGATCAGTCGATTGGT-5","Glut-DACH2-LMANsh","Ex_DACH2_GRIK4",0.349338978206257
"_TGATCTTCAGAATCGG-5","Glut-DACH2-LMANsh","Ex_DACH2_LHX2",0.332485734241289
"_TGATGCACAGACTGCC-5","Glut-DACH2-LMANsh","Ex_DACH2_LHX2",0.519558643946579
"_TGATGCAGTCTGTGGC-5","Glut-DACH2-LMANco","Ex_SATB2_SOX6",0.43976645083444
"_TGATGGTCAGAACTCT-5","Glut-DACH2-7","Ex_DACH2_ADAMTS5",0.584994710943904
"_TGATGGTCAGTGGCTC-5","Glut-DACH2-LMANco","Ex_DACH2_ZMAT4",0.489839188520939
"_TGATGGTTCAGCCTTC-5","Glut-DACH2-8","Ex_DACH2_ZMAT4",0.882457287146784
"_TGATTCTCAATATCCG-5","Glut-DACH2-LMANco","Ex_SATB2_SOX6",0.369420839332157
"_TGATTCTCAGGCTACC-5","Glut-DACH2-LMANco","Ex_DACH2_ZMAT4",0.533069072841147
"_TGATTCTGTGGAACAC-5","Glut-DACH2-LMANco","Ex_DACH2_CEMIP",0.510390960327734
"_TGATTCTTCTGCTTTA-5","Glut-DACH2-8","Ex_DACH2_ZMAT4",0.584384210501511
"_TGATTTCGTGAACCGA-5","Glut-DACH2-LMANco","Ex_SATB2_SOX6",0.416235169077607
"_TGATTTCGTTTCGTGA-5","Glut-DACH2-6","Ex_DACH2_ZMAT4",0.447918162761208
"_TGCACGGCAACCCGCA-5","Glut-DACH2-6","Ex_DACH2_CEMIP",0.660987941760193
"_TGCACGGCACTGAATC-5","Glut-DACH2-6","Ex_DACH2_CEMIP",0.473978060224806
"_TGCACGGTCAGGTAAA-5","Glut-DACH2-8","Ex_DACH2_ZMAT4",0.904797995999589
"_TGCACGGTCGATTGGT-5","Glut-DACH2-LMANsh","Ex_DACH2_LHX2",0.427953528558106
"_TGCAGATCAGGCATTT-5","Glut-DACH2-LMANco","Ex_DACH2_CEMIP",0.549599700905179
"_TGCAGATGTCAGATTC-5","Glut-DACH2-LMANsh","Ex_DACH2_ADAMTS5",0.414264165116608
"_TGCAGATTCAAGCCTA-5","Glut-DACH2-LMANsh","Ex_DACH2_LHX2",0.62129576233328
"_TGCAGTAAGTGCACTT-5","Glut-DACH2-LMANco","Ex_DACH2_ZMAT4",0.485903391630701
"_TGCAGTAGTCAAAGCG-5","Glut-DACH2-7","Ex_DACH2_ADAMTS5",0.366887805237019
"_TGCAGTATCAACGCTA-5","Glut-DACH2-LMANco","Ex_SATB2_SOX6",0.543048265685229
"_TGCATCCAGCCTTCTC-5","Glut-DACH2-LMANco","Ex_DACH2_ZMAT4",0.721611360113411
"_TGCATCCCAACATCGT-5","Glut-DACH2-LMANsh","Ex_DACH2_LHX2",0.507499371797636
"_TGCATCCCAGCAGGAT-5","Glut-DACH2-LMANsh","Ex_DACH2_ADAMTS5",0.33768768151837
"_TGCATCCGTAGCGAGT-5","Glut-DACH2-LMANco","Ex_SATB2_SOX6",0.432577166992299
"_TGCATCCTCAAACGTC-5","Glut-DACH2-LMANsh","Ex_DACH2_GRIK4",0.456713586001629
"_TGCATGACAGAATTCC-5","Glut-DACH2-8","Ex_DACH2_ZMAT4",0.690262048283225
"_TGCATGAGTAGCGTCC-5","Glut-DACH2-LMANsh","Ex_DACH2_ZMAT4",0.305497733901742
"_TGCATGAGTATGACAA-5","Glut-DACH2-5","Ex_DACH2_ADAMTS5",0.532981222604505
"_TGCATGAGTCTCGCGA-5","Glut-DACH2-6","Ex_DACH2_CEMIP",0.842764176811886
"_TGCATGAGTTTGGAAA-5","Glut-DACH2-8","Ex_DACH2_ZMAT4",0.834670493866827
"_TGCATGATCCGTACGG-5","Glut-DACH2-6","Ex_DACH2_CEMIP",0.604895425799578
"_TGCATGATCGCCAGAC-5","Glut-DACH2-LMANsh","Ex_DACH2_LHX2",0.535062616594598
"_TGCCGAGAGAAGCGGG-5","Glut-DACH2-LMANsh","Ex_DACH2_LHX2",0.567596846798008
"_TGCCGAGAGCCTTCTC-5","Glut-DACH2-LMANsh","Ex_DACH2_ZMAT4",0.247951327582286
"_TGCCGAGGTCATGGCC-5","Glut-DACH2-LMANsh","Ex_DACH2_GRIK4",0.278202230606875
"_TGCCGAGGTGTGGTCC-5","Glut-DACH2-LMANsh","Ex_DACH2_LHX2",0.50864332187906
"_TGCGACGAGGGCCAAT-5","Glut-DACH2-LMANco","Ex_SATB2_SOX6",0.362624319511967
"_TGCGACGAGGGTGAAA-5","Glut-DACH2-LMANco","Ex_SATB2_SOX6",0.523788652328507
"_TGCGACGGTGGTCTAT-5","Glut-DACH2-LMANsh","Ex_DACH2_GRIK4",0.470128358511854
"_TGCGACGTCTGTGCGG-5","Glut-DACH2-8","Ex_DACH2_ZMAT4",0.596911900514751
"_TGCGATAAGCTACTGT-5","Glut-DACH2-LMANco","Ex_DACH2_ZMAT4",0.364159444280094
"_TGCGATAAGTAACGAT-5","Glut-DACH2-LMANco","Ex_SATB2_SOX6",0.404846789113864
"_TGCGATAGTTTACGAC-5","Glut-DACH2-8","Ex_DACH2_ZMAT4",0.732034081274894
"_TGCGATATCCGGCAGT-5","Glut-DACH2-8","Ex_DACH2_ZMAT4",0.659341392383634
"_TGCGATATCGAGATAA-5","Glut-DACH2-LMANco","Ex_SATB2_SOX6",0.410711920014785
"_TGCGGCAAGAAAGCGA-5","Glut-DACH2-LMANco","Ex_DACH2_CEMIP",0.713916446200114
"_TGCGGCACAAACCACT-5","Glut-DACH2-LMANsh","Ex_DACH2_LHX2",0.567013662986815
"_TGCTCCAAGCGAGTCA-5","Glut-DACH2-LMANco","Ex_DACH2_CEMIP",0.606420048121927
"_TGCTCCATCGAGAAAT-5","Glut-DACH2-LMANsh","Ex_DACH2_LHX2",0.468795159542772
"_TGCTCCATCGGAGCAA-5","Glut-DACH2-LMANco","Ex_DACH2_CEMIP",0.444180956127517
"_TGCTCGTAGATTGAGT-5","Glut-DACH2-LMANsh","Ex_DACH2_ZMAT4",0.294667687853674
"_TGCTGAATCATGCATG-5","Glut-DACH2-8","Ex_DACH2_ZMAT4",0.751767469016987
"_TGCTTCGAGTACAACA-5","Glut-DACH2-LMANco","Ex_DACH2_CEMIP",0.48555856188893
"_TGCTTCGAGTGGAAGA-5","Glut-DACH2-LMANco","Ex_DACH2_CEMIP",0.44414610432419
"_TGCTTCGCAACAAGAT-5","Glut-DACH2-LMANsh","Ex_DACH2_ADAMTS5",0.394648874596894
"_TGCTTCGCAGAGCTAG-5","Glut-DACH2-7","Ex_DACH2_MGAT4C",0.397785295252696
"_TGCTTCGGTGGCATCC-5","Glut-DACH2-LMANco","Ex_DACH2_CEMIP",0.662235975688398
"_TGCTTCGTCTGGAAGG-5","Glut-DACH2-LMANco","Ex_DACH2_ZMAT4",0.807024637050821
"_TGCTTGCAGTTTCGAC-5","Glut-DACH2-LMANsh","Ex_DACH2_LHX2",0.512383721029301
"_TGCTTGCGTGTCGCTG-5","Glut-DACH2-LMANsh","Ex_DACH2_LHX2",0.328225347443376
"_TGCTTGCTCACAACCA-5","Glut-DACH2-LMANsh","Ex_DACH2_LHX2",0.585668041359428
"_TGGAACTAGAGAGCAA-5","Glut-DACH2-LMANco","Ex_DACH2_ZMAT4",0.530216837131569
"_TGGAGAGCATCGTTCC-5","Glut-DACH2-LMANco","Ex_DACH2_CEMIP",0.415487250299921
"_TGGAGAGGTAACACCT-5","Glut-DACH2-LMANsh","Ex_DACH2_LHX2",0.406189631413902
"_TGGAGAGTCTCTGAGA-5","Glut-DACH2-LMANco","Ex_DACH2_CEMIP",0.550913564315198
"_TGGAGGAAGTCACTGT-5","Glut-DACH2-LMANsh","Ex_DACH2_LHX2",0.623052608316169
"_TGGAGGAGTACAGTAA-5","Glut-DACH2-LMANco","Ex_DACH2_ZMAT4",0.518338061743792
"_TGGAGGAGTCTGTTAG-5","Glut-DACH2-LMANco","Ex_DACH2_CEMIP",0.556432043196921
"_TGGATGTCAAACGAGC-5","Glut-DACH2-8","Ex_DACH2_ZMAT4",0.793265406661689
"_TGGATGTGTGCTCCGA-5","Glut-DACH2-8","Ex_DACH2_ADAMTS5",0.514592190841716
"_TGGCGTGGTTGGTGTT-5","Glut-DACH2-LMANsh","Ex_DACH2_LHX2",0.502964538109198
"_TGGGAAGGTCACCACG-5","Glut-DACH2-LMANsh","Ex_DACH2_LHX2",0.656225998985688
"_TGGGAAGTCACTCCGT-5","Glut-DACH2-LMANco","Ex_DACH2_ZMAT4",0.522246969452055
"_TGGGAGAAGCGAGTCA-5","Glut-DACH2-LMANsh","Ex_DACH2_LHX2",0.640286538643828
"_TGGGAGAAGCGGCTCT-5","Glut-DACH2-LMANco","Ex_DACH2_CEMIP",0.608754288355206
"_TGGGAGACAGTCAGCC-5","Glut-DACH2-LMANsh","Ex_DACH2_LHX2",0.664315181096544
"_TGGGATTAGATAGTGT-5","Glut-DACH2-LMANsh","Ex_DACH2_LHX2",0.504913605329653
"_TGGGATTTCAAATAGG-5","Glut-DACH2-LMANco","Ex_DACH2_CEMIP",0.479318882019843
"_TGGGATTTCTCCCAAC-5","Glut-DACH2-LMANsh","Ex_DACH2_LHX2",0.472063177815754
"_TGGGCGTCAACCGTGC-5","Glut-DACH2-LMANsh","Ex_DACH2_ADAMTS5",0.512230247864084
"_TGGGCGTCATTGTCGA-5","Glut-DACH2-LMANsh","Ex_DACH2_LHX2",0.291058692458627
"_TGGGCGTTCTTGTGCC-5","Glut-DACH2-LMANco","Ex_DACH2_CEMIP",0.646306489014646
"_TGGGCTGTCATGCGGC-5","Glut-DACH2-8","Ex_DACH2_ZMAT4",0.761092182312511
"_TGGGCTGTCCAGTACA-5","Glut-DACH2-LMANco","Ex_SATB2_SOX6",0.542361026411839
"_TGGGCTGTCGGTGTAT-5","Glut-DACH2-LMANco","Ex_SATB2_SOX6",0.628839231773192
"_TGGGTTAAGTCACTGT-5","Glut-DACH2-LMANco","Ex_SATB2_SOX6",0.446721317057659
"_TGGGTTACAAGGACAC-5","Glut-DACH2-8","Ex_DACH2_ZMAT4",0.721380120202527
"_TGGGTTACAGCGAACA-5","Glut-DACH2-8","Ex_DACH2_ZMAT4",0.756083643073207
"_TGGGTTATCACACCGG-5","Glut-DACH2-1","Ex_DACH2_LHX2",0.54483080543015
"_TGGTACAAGAAGTATC-5","Glut-DACH2-LMANco","Ex_DACH2_ZMAT4",0.493858053312356
"_TGGTACACATATGAAG-5","Glut-DACH2-LMANsh","Ex_DACH2_LHX2",0.60343486477266
"_TGGTACATCACTCTTA-5","Glut-DACH2-LMANco","Ex_SATB2_SOX6",0.548912537119433
"_TGGTACATCCTGTTAT-5","Glut-DACH2-LMANsh","Ex_DACH2_LHX2",0.625123211236928
"_TGGTAGTGTTAGGGAC-5","Glut-DACH2-LMANsh","Ex_DACH2_LHX2",0.547506673776865
"_TGGTAGTTCCTACCGT-5","Glut-DACH2-8","Ex_DACH2_ZMAT4",0.636826297585578
"_TGGTAGTTCTAGGCAT-5","Glut-DACH2-LMANsh","Ex_DACH2_LHX2",0.314508929172667
"_TGGTGATTCGACGCTG-5","Glut-DACH2-6","Ex_DACH2_CEMIP",0.577383340661071
"_TGGTTAGAGTATGAGT-5","Glut-DACH2-LMANco","Ex_DACH2_CEMIP",0.512719634829925
"_TGGTTAGCAGTCGGAA-5","Glut-DACH2-LMANco","Ex_SATB2_SOX6",0.433884091380262
"_TGGTTAGTCTTGGTCC-5","Glut-DACH2-LMANsh","Ex_DACH2_LHX2",0.603926452324277
"_TGTAACGAGTGGACTG-5","Glut-DACH2-LMANco","Ex_SATB2_SOX6",0.447474322165776
"_TGTAACGCAAGCCATT-5","Glut-DACH2-6","Ex_DACH2_CEMIP",0.760136607505102
"_TGTAACGCAGGCATTT-5","Glut-DACH2-LMANco","Ex_DACH2_CEMIP",0.517588830684225
"_TGTAAGCAGCTTTCCC-5","Glut-DACH2-LMANco","Ex_DACH2_CEMIP",0.426119461785118
"_TGTAAGCGTGAATAAC-5","Glut-DACH2-6","Ex_DACH2_CEMIP",0.545760020207263
"_TGTAAGCTCTATGCCC-5","Glut-DACH2-8","Ex_DACH2_ZMAT4",0.868652591741886
"_TGTAGACGTGTCATCA-5","Glut-DACH2-LMANsh","Ex_DACH2_LHX2",0.682308292881317
"_TGTCAGAAGCGACCCT-5","Glut-DACH2-6","Ex_DACH2_CEMIP",0.505014233915558
"_TGTCCACGTACGTGTT-5","Glut-DACH2-LMANco","Ex_DACH2_ZMAT4",0.539375705600868
"_TGTCCCACACTACACA-5","Glut-DACH2-8","Ex_DACH2_ZMAT4",0.584469008255201
"_TGTCCCATCAAGATAG-5","Glut-DACH2-LMANco","Ex_DACH2_CEMIP",0.517595262625319
"_TGTCCCATCTCCCAAC-5","Glut-DACH2-8","Ex_DACH2_ZMAT4",0.718532349682517
"_TGTCCTGCAATTCTCT-5","Glut-DACH2-1","Ex_DACH2_LHX2",0.3793033692442
"_TGTGAGTAGAAAGCGA-5","Glut-DACH2-8","Ex_DACH2_CEMIP",0.430826269304603
"_TGTGAGTCATGCGTGC-5","Glut-DACH2-LMANsh","Ex_DACH2_ADAMTS5",0.530880956115919
"_TGTGAGTGTCTACGAT-5","Glut-DACH2-LMANco","Ex_DACH2_ZMAT4",0.489619851893165
"_TGTGATGTCAATGTCG-5","Glut-DACH2-LMANco","Ex_SATB2_SOX6",0.416943589782152
"_TGTGGCGAGACGCAGT-5","Glut-DACH2-LMANsh","Ex_DACH2_LHX2",0.690431579976856
"_TGTGGCGAGTCACTAC-5","Glut-DACH2-LMANsh","Ex_DACH2_LHX2",0.626900768910242
"_TGTGGCGCATGAGTAA-5","Glut-DACH2-LMANsh","Ex_DACH2_LHX2",0.618078871359343
"_TGTGGCGTCGTTCTGC-5","Glut-DACH2-LMANco","Ex_DACH2_CEMIP",0.273347196799498
"_TGTGTGAAGTTGGAGC-5","Glut-DACH2-LMANsh","Ex_DACH2_LHX2",0.602399650610904
"_TGTGTGACAAATTGCC-5","Glut-DACH2-LMANsh","Ex_DACH2_LHX2",0.463351013129275
"_TGTGTGATCTGCTTTA-5","Glut-DACH2-5","Ex_DACH2_LHX2",0.493920981124599
"_TGTTACTGTATAGCTC-5","Glut-DACH2-LMANco","Ex_DACH2_CEMIP",0.525765972729228
"_TGTTACTGTTTGACAC-5","Glut-DACH2-LMANco","Ex_DACH2_CEMIP",0.42005868086371
"_TGTTCATGTCTTCTAT-5","Glut-DACH2-LMANco","Ex_DACH2_ZMAT4",0.377348238610198
"_TGTTCCGCAAAGAGTT-5","Glut-DACH2-LMANsh","Ex_DACH2_LHX2",0.496646109254487
"_TGTTCTATCAGGTGTT-5","Glut-DACH2-LMANco","Ex_DACH2_CEMIP",0.429564349058681
"_TGTTCTATCGAATCCA-5","Glut-DACH2-LMANco","Ex_DACH2_CEMIP",0.463786078366654
"_TGTTGAGTCTGAACGT-5","Glut-DACH2-LMANco","Ex_SATB2_SOX6",0.525880058060407
"_TGTTGGAAGAAGAACG-5","Glut-DACH2-LMANsh","Ex_DACH2_LHX2",0.625478236129245
"_TGTTGGAGTAGACTGG-5","Glut-DACH2-LMANco","Ex_DACH2_CEMIP",0.622250992996099
"_TGTTGGATCACGAGGA-5","Glut-DACH2-8","Ex_DACH2_ZMAT4",0.793857113021805
"_TGTTTGTAGATGAATC-5","Glut-DACH2-LMANsh","Ex_DACH2_ADAMTS5",0.37445972469062
"_TGTTTGTTCGTAGCTA-5","Glut-DACH2-8","Ex_DACH2_ZMAT4",0.646506170675449
"_TTAATCCCAATACAGA-5","Glut-DACH2-LMANsh","Ex_DACH2_LHX2",0.576831673493829
"_TTACAGGGTGACTGAG-5","Glut-DACH2-LMANsh","Ex_DACH2_ZMAT4",0.478207020628496
"_TTACAGGTCAATCTCT-5","Glut-DACH2-LMANsh","Ex_DACH2_LHX2",0.561595404736987
"_TTACCATCATCTGTTT-5","Glut-DACH2-LMANsh","Ex_DACH2_LHX2",0.436520134560269
"_TTACCATTCGGAAACG-5","Glut-DACH2-LMANco","Ex_DACH2_ZMAT4",0.613707217173924
"_TTACCGCAGAGTCAGC-5","Glut-DACH2-6","Ex_DACH2_ZMAT4",0.51614708776093
"_TTACCGCCATTATGCG-5","Glut-DACH2-LMANsh","Ex_DACH2_ADAMTS5",0.512021699240088
"_TTACGCCGTCTGTGGC-5","Glut-DACH2-LMANsh","Ex_DACH2_ADAMTS5",0.389246813912662
"_TTACGTTAGCCTGTCG-5","Glut-DACH2-LMANco","Ex_SATB2_SOX6",0.59342783907101
"_TTACGTTCAAGTCCAT-5","Glut-DACH2-LMANco","Ex_DACH2_CEMIP",0.415374799097852
"_TTACGTTGTTTGGGTT-5","Glut-DACH2-8","Ex_DACH2_ZMAT4",0.583511513410533
"_TTACGTTTCGATGCAT-5","Glut-DACH2-LMANsh","Ex_DACH2_GRIK4",0.309837436628078
"_TTAGGCAGTCCAGCCA-5","Glut-DACH2-LMANco","Ex_DACH2_CEMIP",0.433878480499992
"_TTAGGCAGTTAGTCGT-5","Glut-DACH2-LMANco","Ex_DACH2_CEMIP",0.459258400082361
"_TTAGTCTGTCCCGCAA-5","Glut-DACH2-8","Ex_DACH2_ZMAT4",0.772958594093412
"_TTAGTCTGTTACCTGA-5","Glut-DACH2-LMANsh","Ex_DACH2_LHX2",0.450910344977575
"_TTCAATCAGAACTTCC-5","Glut-DACH2-LMANsh","Ex_DACH2_LHX2",0.404639454118016
"_TTCAATCCAAAGGGTC-5","Glut-DACH2-LMANsh","Ex_DACH2_ZMAT4",0.2913296444266
"_TTCAATCGTCAGTCCG-5","Glut-DACH2-LMANsh","Ex_DACH2_LHX2",0.560373301310552
"_TTCAATCTCGCGTGCA-5","Glut-DACH2-LMANsh","Ex_DACH2_ADAMTS5",0.324757582490675
"_TTCACGCAGTTCCTGA-5","Glut-DACH2-LMANsh","Ex_DACH2_ADAMTS5",0.269913380080141
"_TTCAGGACAAATACAG-5","Glut-DACH2-LMANco","Ex_DACH2_CEMIP",0.386414391103103
"_TTCAGGATCAGGAACG-5","Glut-DACH2-LMANsh","Ex_DACH2_LHX2",0.5853344180787
"_TTCATTGAGCGACCCT-5","Glut-DACH2-6","Ex_DACH2_CEMIP",0.867974657663041
"_TTCATTGCACTCACTC-5","Glut-DACH2-LMANsh","Ex_DACH2_ADAMTS5",0.445000194546946
"_TTCATTGCATCCGTGG-5","Glut-DACH2-LMANsh","Ex_DACH2_ADAMTS5",0.499080612891996
"_TTCATTGTCAAGATAG-5","Glut-DACH2-8","Ex_DACH2_ZMAT4",0.453446612058523
"_TTCATTGTCTACTGCC-5","Glut-DACH2-LMANsh","Ex_DACH2_LHX2",0.611314607251917
"_TTCCAATCAATGGGTG-5","Glut-DACH2-6","Ex_DACH2_CEMIP",0.982581518513505
"_TTCCAATGTAACAAGT-5","Glut-DACH2-LMANco","Ex_DACH2_CEMIP",0.571114854866668
"_TTCCAATGTGGACCTC-5","Glut-DACH2-LMANco","Ex_SATB2_SOX6",0.426792511802543
"_TTCCAATTCATGAAAG-5","Glut-DACH2-LMANco","Ex_SATB2_SOX6",0.336071278940848
"_TTCCAATTCGGCTGGT-5","Glut-DACH2-LMANco","Ex_DACH2_CEMIP",0.496228747272603
"_TTCCACGGTGTAGGAC-5","Glut-DACH2-LMANco","Ex_DACH2_CEMIP",0.630529406342602
"_TTCCACGGTTGTGGCC-5","Glut-DACH2-LMANco","Ex_DACH2_CEMIP",0.663183036824812
"_TTCCGGTAGGGCTTCC-5","Glut-DACH2-LMANsh","Ex_DACH2_ZMAT4",0.354043413995969
"_TTCCGGTCACCTGATA-5","Glut-DACH2-8","Ex_DACH2_ZMAT4",0.568150347466808
"_TTCCGGTGTACCGGAA-5","Glut-DACH2-8","Ex_DACH2_ZMAT4",0.791310934646418
"_TTCCGGTTCTTACGGA-5","Glut-DACH2-8","Ex_DACH2_ZMAT4",0.892530279332185
"_TTCCGTGAGGAAGTCC-5","Glut-DACH2-LMANco","Ex_SATB2_SOX6",0.514151340266506
"_TTCCGTGAGTCTAACC-5","Glut-DACH2-6","Ex_DACH2_CEMIP",0.671928956172219
"_TTCCGTGCATCCGAGC-5","Glut-DACH2-8","Ex_DACH2_ZMAT4",0.70099885145994
"_TTCCTAAAGAGGATCC-5","Glut-DACH2-LMANco","Ex_DACH2_CEMIP",0.535403325153192
"_TTCCTAACAGCGATTT-5","Glut-DACH2-LMANco","Ex_DACH2_CEMIP",0.433757673379942
"_TTCCTAACAGTAGAGC-5","Glut-DACH2-LMANco","Ex_SATB2_SOX6",0.403489318126453
"_TTCCTCTCACATCATG-5","Glut-DACH2-LMANco","Ex_SATB2_SOX6",0.499379085650583
"_TTCCTCTCATCCTGTC-5","Glut-DACH2-LMANsh","Ex_DACH2_ADAMTS5",0.486918497234091
"_TTCCTCTGTCCAAAGG-5","Glut-DACH2-8","Ex_DACH2_ZMAT4",0.44789549703885
"_TTCCTTCTCATTGAGC-5","Glut-DACH2-LMANsh","Ex_DACH2_LHX2",0.414496822442928
"_TTCCTTCTCGCGATCG-5","Glut-DACH2-6","Ex_DACH2_CEMIP",0.500088500023007
"_TTCGATTGTATTCCTT-5","Glut-DACH2-LMANsh","Ex_DACH2_LHX2",0.632228657164773
"_TTCGATTGTCATAGTC-5","Glut-DACH2-LMANco","Ex_DACH2_ZMAT4",0.564283239894612
"_TTCGATTGTGGTCTGC-5","Glut-DACH2-LMANsh","Ex_DACH2_ADAMTS5",0.408765823091948
"_TTCGATTTCTATCGCC-5","Glut-DACH2-LMANsh","Ex_DACH2_LHX2",0.692216168724992
"_TTCGCTGAGCAGGCTA-5","Glut-DACH2-LMANsh","Ex_DACH2_ADAMTS5",0.464429100015701
"_TTCGCTGAGGATGGCT-5","Glut-DACH2-8","Ex_DACH2_ZMAT4",0.658297503523516
"_TTCGCTGCAGGAGGTT-5","Glut-DACH2-LMANco","Ex_SATB2_SOX6",0.522636421180652
"_TTCGCTGCAGTTTCAG-5","Glut-DACH2-LMANco","Ex_DACH2_ZMAT4",0.286312304776554
"_TTCGCTGGTCTAATCG-5","Glut-DACH2-LMANco","Ex_SATB2_SOX6",0.432192650222705
"_TTCGGTCAGACCTTTG-5","Glut-DACH2-LMANsh","Ex_DACH2_ADAMTS5",0.513807023545576
"_TTCGGTCCAGGCGAAT-5","Glut-DACH2-LMANco","Ex_SATB2_SOX6",0.515486675540691
"_TTCGGTCCATGGGTTT-5","Glut-DACH2-LMANsh","Ex_DACH2_LHX2",0.372971159489426
"_TTCGGTCGTCAGGCAA-5","Glut-DACH2-LMANco","Ex_DACH2_ZMAT4",0.431772577068533
"_TTCGGTCGTGGTACAG-5","Glut-DACH2-LMANco","Ex_DACH2_CEMIP",0.386596407866778
"_TTCGGTCGTTTGATCG-5","Glut-DACH2-8","Ex_DACH2_ZMAT4",0.808659933367391
"_TTCGGTCTCCCAATAG-5","Glut-DACH2-LMANsh","Ex_DACH2_LHX2",0.263360862328982
"_TTCGGTCTCGTTAGAC-5","Glut-DACH2-LMANco","Ex_DACH2_ZMAT4",0.514091861499797
"_TTCTAACTCTCCTGTG-5","Glut-DACH2-LMANco","Ex_DACH2_CEMIP",0.560613735406042
"_TTCTAGTTCAGTGCGC-5","Glut-DACH2-LMANco","Ex_DACH2_ZMAT4",0.83260556137034
"_TTCTCTCAGACATAGT-5","Glut-DACH2-LMANco","Ex_SATB2_SOX6",0.468323973295564
"_TTCTCTCAGCTCTATG-5","Glut-DACH2-LMANsh","Ex_DACH2_ADAMTS5",0.468147317470156
"_TTCTCTCCAACGATTC-5","Glut-DACH2-5","Ex_DACH2_ADAMTS5",0.32403717202178
"_TTCTCTCCAGCAGATG-5","Glut-DACH2-LMANco","Ex_SATB2_SOX6",0.343609623263773
"_TTCTGTAGTGTTACAC-5","Glut-DACH2-LMANco","Ex_SATB2_SOX6",0.399237887879486
"_TTCTGTATCCAACACA-5","Glut-DACH2-LMANsh","Ex_DACH2_LHX2",0.267482993068595
"_TTCTTCCAGGTTGACG-5","Glut-DACH2-8","Ex_DACH2_ZMAT4",0.882746793633055
"_TTCTTCCTCTCGCTTG-5","Glut-DACH2-LMANsh","Ex_DACH2_LHX2",0.664707361066353
"_TTCTTCCTCTGTGCGG-5","Glut-DACH2-LMANsh","Ex_DACH2_ADAMTS5",0.622233181251534
"_TTGAACGCATAATGAG-5","Glut-DACH2-LMANsh","Ex_DACH2_LHX2",0.631799592119724
"_TTGAACGGTTTACCAG-5","Glut-DACH2-LMANsh","Ex_DACH2_ZMAT4",0.698756946346416
"_TTGACCCTCCAGCTCT-5","Glut-DACH2-LMANco","Ex_DACH2_CEMIP",0.466429642687983
"_TTGACCCTCTGTAAGC-5","Glut-DACH2-LMANsh","Ex_DACH2_LHX2",0.622595898202302
"_TTGAGTGAGCTAGAGC-5","Glut-DACH2-LMANco","Ex_SATB2_SOX6",0.512285045297666
"_TTGAGTGGTTGTATGC-5","Glut-DACH2-LMANsh","Ex_DACH2_ADAMTS5",0.294965632747918
"_TTGAGTGGTTTGTTGG-5","Glut-DACH2-LMANco","Ex_DACH2_CEMIP",0.369413763648966
"_TTGATGGTCGTCGGGT-5","Glut-DACH2-LMANsh","Ex_DACH2_LHX2",0.614103828423977
"_TTGCATTAGGGCCCTT-5","Glut-DACH2-LMANsh","Ex_DACH2_LHX2",0.445435744770648
"_TTGCATTCAATCCTTT-5","Glut-DACH2-1","Ex_DACH2_LHX2",0.607223993194701
"_TTGCATTGTCGTTGGC-5","Glut-DACH2-LMANco","Ex_SATB2_SOX6",0.425625906023576
"_TTGCCTGCAATGAAAC-5","Glut-DACH2-8","Ex_DACH2_ZMAT4",0.474094074219073
"_TTGCCTGGTGATATAG-5","Glut-DACH2-LMANco","Ex_DACH2_CEMIP",0.304387748960181
"_TTGCGTCTCCTTCAGC-5","Glut-DACH2-LMANsh","Ex_DACH2_GRIK4",0.435371826323868
"_TTGCTGCAGTGCTCGC-5","Glut-DACH2-6","Ex_DACH2_CEMIP",0.729721803210622
"_TTGCTGCCAGAGGCAT-5","Glut-DACH2-LMANsh","Ex_DACH2_ADAMTS5",0.400684174277127
"_TTGGATGGTGTTTCTT-5","Glut-DACH2-LMANco","Ex_DACH2_CEMIP",0.549665434709503
"_TTGGGATAGAATCGAT-5","Glut-DACH2-5","Ex_DACH2_LHX2",0.591138999335507
"_TTGGGATAGCAATAAC-5","Glut-DACH2-LMANco","Ex_DACH2_CEMIP",0.447181296307784
"_TTGGGATAGCACGGAT-5","Glut-DACH2-8","Ex_DACH2_ZMAT4",0.63070486162864
"_TTGGGATAGTAGAGTT-5","Glut-DACH2-LMANco","Ex_DACH2_CEMIP",0.654016572205369
"_TTGGGATCATGGGTCC-5","Glut-DACH2-LMANsh","Ex_DACH2_ADAMTS5",0.580639576953981
"_TTGGGCGAGTCATAGA-5","Glut-DACH2-6","Ex_DACH2_CEMIP",0.413564952552064
"_TTGGGCGCAAATTGCC-5","Glut-DACH2-7","Ex_DACH2_ADAMTS5",0.354506865034621
"_TTGGGCGGTCGTGATT-5","Glut-DACH2-8","Ex_DACH2_ZMAT4",0.850980686177944
"_TTGGGCGTCATGTCAG-5","Glut-DACH2-LMANsh","Ex_DACH2_ADAMTS5",0.641608544572296
"_TTGGGTAAGTCGGCAA-5","Glut-DACH2-8","Ex_DACH2_ZMAT4",0.885891520724817
"_TTGGGTACAAAGTATG-5","Glut-DACH2-LMANsh","Ex_DACH2_LHX2",0.575429996593821
"_TTGGGTACAACGGCCT-5","Glut-DACH2-LMANsh","Ex_DACH2_LHX2",0.503256100935103
"_TTGGTTTAGGTCCCTG-5","Glut-DACH2-1","Ex_DACH2_LHX2",0.372278157405536
"_TTGGTTTCAGTAGGAC-5","Glut-DACH2-LMANsh","Ex_DACH2_LHX2",0.564111686925924
"_TTGTGGACACCGAATT-5","Glut-DACH2-LMANco","Ex_DACH2_CEMIP",0.592962286847294
"_TTGTGGACACGAGAAC-5","Glut-DACH2-LMANsh","Ex_DACH2_LHX2",0.458834104511591
"_TTGTGGAGTTTCGATG-5","Glut-DACH2-LMANsh","Ex_DACH2_LHX2",0.617278601108983
"_TTGTGGATCTCGACGG-5","Glut-DACH2-LMANsh","Ex_DACH2_LHX2",0.333781434974138
"_TTGTGTTGTTTACGTG-5","Glut-DACH2-LMANco","Ex_SATB2_SOX6",0.515449228251519
"_TTGTGTTTCGATTGGT-5","Glut-DACH2-8","Ex_DACH2_ZMAT4",0.771700939189073
"_TTGTTCAAGTCCTGTA-5","Glut-DACH2-5","Ex_DACH2_LHX2",0.252796573826914
"_TTGTTCATCACTGCTC-5","Glut-DACH2-6","Ex_DACH2_CEMIP",0.774308581861568
"_TTGTTGTAGTGTTCAC-5","Glut-DACH2-1","Ex_DACH2_NR4A3",0.99042927092688
"_TTGTTGTGTCCACGCA-5","Glut-DACH2-8","Ex_DACH2_ZMAT4",0.619177890655942
"_TTGTTGTGTTCCCAAA-5","Glut-DACH2-LMANsh","Ex_DACH2_GRIK4",0.261028805816271
"_TTGTTTGCAGGCACTC-5","Glut-DACH2-6","Ex_DACH2_CEMIP",0.779079905956587
"_TTGTTTGGTGTCACAT-5","Glut-DACH2-8","Ex_DACH2_ZMAT4",0.889645644625009
"_TTGTTTGTCCAACTAG-5","Glut-DACH2-LMANco","Ex_DACH2_CEMIP",0.538410657915903
"_TTTACCAAGGTACAAT-5","Glut-DACH2-LMANsh","Ex_DACH2_ZMAT4",0.323110429484731
"_TTTACCAGTCCGATCG-5","Glut-DACH2-LMANco","Ex_DACH2_ZMAT4",0.579911461682544
"_TTTACCATCACAAGAA-5","Glut-DACH2-LMANsh","Ex_DACH2_LHX2",0.5810565241403
"_TTTACGTGTGATTAGA-5","Glut-DACH2-LMANsh","Ex_DACH2_LHX2",0.57490888054756
"_TTTACTGGTTGCCATA-5","Glut-DACH2-6","Ex_DACH2_CEMIP",0.713418809930333
"_TTTAGTCCATAAGCGG-5","Glut-DACH2-LMANco","Ex_SATB2_SOX6",0.486510160203347
"_TTTAGTCTCGACATAC-5","Glut-DACH2-6","Ex_DACH2_CEMIP",0.934522154321494
"_TTTATGCAGCATCCTA-5","Glut-DACH2-LMANsh","Ex_DACH2_ADAMTS5",0.600592851586139
"_TTTATGCCACTCAGAT-5","Glut-DACH2-7","Ex_DACH2_MGAT4C",0.325364569777846
"_TTTATGCGTGTGATGG-5","Glut-DACH2-8","Ex_DACH2_ZMAT4",0.855313530093288
"_TTTATGCTCACCCTTG-5","Glut-DACH2-LMANsh","Ex_DACH2_NR4A3",0.296911678445389
"_TTTCACAAGATGGTCG-5","Glut-DACH2-LMANsh","Ex_DACH2_LHX2",0.628977149483844
"_TTTCACAAGGCCATAG-5","Glut-DACH2-LMANsh","Ex_DACH2_LHX2",0.620015642697265
"_TTTCACATCTGCACCT-5","Glut-DACH2-LMANsh","Ex_DACH2_LHX2",0.360512460286132
"_TTTCAGTCACTCACTC-5","Glut-DACH2-LMANco","Ex_DACH2_CEMIP",0.546112709074194
"_TTTCAGTCATGGCCAC-5","Glut-DACH2-8","Ex_DACH2_ZMAT4",0.818126011387776
"_TTTCAGTGTCTTGTCC-5","Glut-DACH2-LMANco","Ex_SATB2_SOX6",0.421295291264531
"_TTTCATGCAGCGTATT-5","Glut-DACH2-LMANco","Ex_DACH2_ZMAT4",0.688032924183085
"_TTTCATGTCTGCTAGA-5","Glut-DACH2-LMANco","Ex_DACH2_CEMIP",0.524744127491161
"_TTTCCTCAGTCGGGAT-5","Glut-DACH2-LMANco","Ex_DACH2_ZMAT4",0.561472754367461
"_TTTCCTCCATTAGGCT-5","Glut-DACH2-LMANco","Ex_SATB2_SOX6",0.41582106308738
"_TTTCCTCGTAATGTGA-5","Glut-DACH2-6","Ex_DACH2_CEMIP",0.848279050068508
"_TTTCCTCTCCAATCTT-5","Glut-DACH2-LMANco","Ex_DACH2_CEMIP",0.339195345711646
"_TTTCGATCACCGGTCA-5","Glut-DACH2-8","Ex_DACH2_ZMAT4",0.709169916057929
"_TTTCGATTCAGTGTCA-5","Glut-DACH2-8","Ex_DACH2_ZMAT4",0.746242845164522
"_TTTGACTAGACAACTA-5","Glut-DACH2-8","Ex_DACH2_ZMAT4",0.699399609732524
"_TTTGACTAGATCCCAT-5","Glut-DACH2-LMANco","Ex_DACH2_ZMAT4",0.416369732145242
"_TTTGATCAGGTTGGTG-5","Glut-DACH2-LMANco","Ex_DACH2_ZMAT4",0.586614622835688
"_TTTGATCTCGATCCAA-5","Glut-DACH2-8","Ex_DACH2_ZMAT4",0.584177892820856
"_TTTGGAGAGATACGAT-5","Glut-DACH2-LMANco","Ex_DACH2_CEMIP",0.441854321028872
"_TTTGGAGAGGATGGCT-5","Glut-DACH2-LMANco","Ex_DACH2_ZMAT4",0.424771427052143
"_TTTGGAGCACACGGTC-5","Glut-DACH2-LMANsh","Ex_DACH2_LHX2",0.408309809619733
"_TTTGGAGTCTCCGTGT-5","Glut-DACH2-LMANsh","Ex_DACH2_ADAMTS5",0.369481824088048
"_TTTGGTTAGGTTCACT-5","Glut-DACH2-LMANco","Ex_DACH2_ZMAT4",0.538092648704915
"_TTTGGTTCAATTTCGG-5","Glut-DACH2-LMANco","Ex_SATB2_SOX6",0.510277213357953
"_TTTGGTTTCGCATGAT-5","Glut-DACH2-8","Ex_DACH2_ZMAT4",0.652931767451321
"_TTTGTTGGTGAATTAG-5","Glut-DACH2-6","Ex_DACH2_CEMIP",0.794639765747504
"_AAACCCACAGTCAGCC-6","Glut-DACH2-6","Ex_DACH2_ZMAT4",0.551129120402276
"_AAACCCAGTACAATAG-6","Glut-DACH2-7","Ex_DACH2_ADAMTS5",0.571743442106602
"_AAACCCAGTCTCGCGA-6","Glut-DACH2-5","Ex_DACH2_LHX2",0.624142069456332
"_AAACCCAGTGGAGGTT-6","Glut-DACH2-7","Ex_DACH2_ADAMTS5",0.351528644825845
"_AAACGAAAGGGACAGG-6","Glut-DACH2-6","Ex_DACH2_CEMIP",0.582513822211028
"_AAACGAACAGTGTGCC-6","Glut-DACH2-8","Ex_DACH2_ZMAT4",0.940213288794986
"_AAACGAAGTTGTAAAG-6","Glut-DACH2-5","Ex_DACH2_LHX2",0.467676883041337
"_AAACGCTAGTCACGAG-6","Glut-DACH2-5","Ex_DACH2_GRIK4",0.363426322413914
"_AAACGCTCACCTCTGT-6","Glut-DACH2-5","Ex_DACH2_ADAMTS5",0.286053907876947
"_AAACGCTTCAACCCGG-6","Glut-SATB2-1","Ex_SATB2_FOXP2",0.621795047722874
"_AAAGAACGTACTAAGA-6","Glut-DACH2-7","Ex_DACH2_GRIK4",0.455918226832006
"_AAAGAACTCATCGCCT-6","Glut-DACH2-6","Ex_DACH2_CEMIP",0.440511788143978
"_AAAGAACTCCCGAGAC-6","Glut-DACH2-8","Ex_DACH2_ZMAT4",0.878195458049977
"_AAAGGATAGGCCTAAG-6","Glut-DACH2-7","Ex_DACH2_MGAT4C",0.527922777730231
"_AAAGGATCACGTTGGC-6","Glut-SATB2-1","Ex_SATB2_SOX6",0.653745722605136
"_AAAGGATGTGAATGAT-6","Glut-SATB2-1","Ex_SATB2_SOX6",0.867700157388441
"_AAAGGGCGTTGCCTAA-6","Glut-DACH2-7","Ex_DACH2_LHX2",0.308945122601741
"_AAAGGGCTCCTTGGAA-6","Glut-DACH2-8","Ex_DACH2_ZMAT4",0.736857822145078
"_AAAGGTAAGCCTAGGA-6","Glut-DACH2-5","Ex_DACH2_LHX2",0.467318362793729
"_AAAGGTATCAGATGCT-6","Glut-SATB2-1","Ex_SATB2_FOXP2",0.865786287469537
"_AAAGGTATCTAACGCA-6","Glut-DACH2-5","Ex_DACH2_LHX2",0.592821552328605
"_AAAGTCCAGCACCTGC-6","Glut-DACH2-6","Ex_DACH2_CEMIP",0.326792956236809
"_AAAGTCCCAGCCTATA-6","Glut-DACH2-5","Ex_DACH2_LHX2",0.285223568929869
"_AAAGTCCGTGCCTTCT-6","Glut-DACH2-8","Ex_DACH2_ZMAT4",0.915494993583792
"_AAAGTCCTCACGAACT-6","Glut-DACH2-7","Ex_DACH2_GRIK4",0.538286075278297
"_AAAGTCCTCTTGGCTC-6","Glut-DACH2-1","Ex_DACH2_LHX2",0.436520526343286
"_AAAGTGAAGGAGATAG-6","Glut-DACH2-6","Ex_DACH2_CEMIP",0.908239350988535
"_AAAGTGAAGGTTTGAA-6","Glut-DACH2-7","Ex_DACH2_ADAMTS5",0.235171157742646
"_AAAGTGAAGTTGGACG-6","Glut-DACH2-6","Ex_DACH2_CEMIP",0.496358265536861
"_AAAGTGAGTTATTCCT-6","Glut-SATB2-1","Ex_SATB2_SOX6",0.593179383803581
"_AAATGGACAACAGATA-6","Glut-DACH2-5","Ex_DACH2_ADAMTS5",0.758538463267576
"_AAATGGACAGCGTAGA-6","Glut-DACH2-7","Ex_DACH2_ADAMTS5",0.54348794134176
"_AAATGGACATGGGATG-6","Glut-DACH2-5","Ex_DACH2_LHX2",0.580955514187288
"_AACAAAGCAGGTCAAG-6","Glut-DACH2-5","Ex_DACH2_LHX2",0.541993571994878
"_AACAACCAGGATAATC-6","Glut-DACH2-7","Ex_DACH2_GRIK4",0.273570200492546
"_AACAACCCACTCCGGA-6","Glut-SATB2-1","Ex_SATB2_SOX6",0.702880020293513
"_AACAACCGTCGATTAC-6","Glut-DACH2-7","Ex_DACH2_GRIK4",0.500467520496999
"_AACAACCTCTGAGGCC-6","Glut-DACH2-8","Ex_DACH2_ZMAT4",0.929709056343246
"_AACAAGAGTCGCAACC-6","Glut-DACH2-7","Ex_DACH2_MGAT4C",0.369732168357142
"_AACAAGAGTTCCGGTG-6","Glut-DACH2-6","Ex_DACH2_CEMIP",0.684533667827023
"_AACACACCACTTCAAG-6","Glut-DACH2-6","Ex_DACH2_CEMIP",0.404368939385822
"_AACCAACCACGCGCTA-6","Glut-DACH2-8","Ex_DACH2_ZMAT4",0.941262896236319
"_AACCAACCAGCAGACA-6","Glut-DACH2-5","Ex_DACH2_ADAMTS5",0.642976520416024
"_AACCAACGTACGTGAG-6","Glut-DACH2-6","Ex_DACH2_CEMIP",0.332693934012036
"_AACCAACGTTCGAAGG-6","Glut-DACH2-7","Ex_DACH2_ADAMTS5",0.473424703131765
"_AACCACAAGTGCAAAT-6","Glut-DACH2-5","Ex_DACH2_LHX2",0.416755566905295
"_AACCACACACACTTAG-6","Glut-DACH2-5","Ex_DACH2_ADAMTS5",0.840477737016262
"_AACCACACAGCGTGCT-6","Glut-DACH2-7","Ex_DACH2_ADAMTS5",0.459365488714638
"_AACCACAGTTAGGACG-6","Glut-DACH2-8","Ex_DACH2_ZMAT4",0.906464606405156
"_AACCACAGTTGGCTAT-6","Glut-DACH2-5","Ex_DACH2_ADAMTS5",0.794380128759818
"_AACCACATCGTCGCTT-6","Glut-DACH2-7","Ex_DACH2_ADAMTS5",0.517074691093356
"_AACCATGGTTAGGCTT-6","Glut-DACH2-7","Ex_DACH2_ADAMTS5",0.741981268320435
"_AACCATGTCAATCAGC-6","Glut-DACH2-6","Ex_DACH2_CEMIP",0.925311015140436
"_AACCCAATCTACTGCC-6","Glut-DACH2-6","Ex_DACH2_CEMIP",0.964334161537196
"_AACCTGACATCGTGGC-6","Glut-DACH2-8","Ex_KIAA1217",0.545570616029158
"_AACCTGACATTGGGAG-6","Glut-DACH2-7","Ex_DACH2_MGAT4C",0.388328774841486
"_AACCTGAGTCTACATG-6","Glut-DACH2-7","Ex_DACH2_GRIK4",0.502823148677519
"_AACCTGAGTCTCGGAC-6","Glut-DACH2-7","Ex_DACH2_ADAMTS5",0.491704301866578
"_AACCTGAGTTAATCGC-6","Glut-DACH2-6","Ex_DACH2_CEMIP",0.660836282134307
"_AACCTGATCAAAGACA-6","Glut-DACH2-7","Ex_DACH2_ADAMTS5",0.514820733325744
"_AACCTGATCGTACACA-6","Glut-DACH2-5","Ex_DACH2_ADAMTS5",0.834081883536017
"_AACCTTTAGGAGACCT-6","Glut-DACH2-8","Ex_DACH2_ZMAT4",0.848817357772992
"_AACCTTTGTACTGAGG-6","Glut-DACH2-5","Ex_DACH2_LHX2",0.610518950787835
"_AACCTTTGTTCGGTCG-6","Glut-DACH2-5","Ex_DACH2_LHX2",0.455833730868102
"_AACGAAAGTACGGGAT-6","Glut-DACH2-6","Ex_DACH2_CEMIP",0.964343136765194
"_AACGAAAGTAGCTGCC-6","Glut-DACH2-8","Ex_DACH2_ZMAT4",0.942213305351173
"_AACGAAAGTGCCTGCA-6","Glut-DACH2-7","Ex_DACH2_MGAT4C",0.505982118035718
"_AACGAAAGTGTCCAAT-6","Glut-DACH2-7","Ex_DACH2_ADAMTS5",0.346269818114785
"_AACGGGAAGGTAAAGG-6","Glut-DACH2-6","Ex_DACH2_CEMIP",0.777730875242073
"_AACGTCAAGGTAGTCG-6","Glut-DACH2-7","Ex_DACH2_MGAT4C",0.542134163781069
"_AACGTCACAAGACGGT-6","Glut-DACH2-7","Ex_DACH2_GRIK4",0.429968112247957
"_AACGTCAGTTCGGCGT-6","Glut-DACH2-5","Ex_DACH2_LHX2",0.304655962850533
"_AACTTCTAGCAACAGC-6","Glut-SATB2-1","Ex_SATB2_SOX6",0.834026299595382
"_AACTTCTAGCGTTACT-6","Glut-DACH2-5","Ex_DACH2_MGAT4C",0.590220041610713
"_AACTTCTCAAGATCCT-6","Glut-DACH2-7","Ex_DACH2_ADAMTS5",0.759910054220901
"_AACTTCTCAGAGATTA-6","Glut-DACH2-6","Ex_DACH2_CEMIP",0.94642382903802
"_AAGAACAGTCCGACGT-6","Glut-DACH2-8","Ex_DACH2_CEMIP",0.611224385646441
"_AAGAACAGTGATCGTT-6","Glut-DACH2-6","Ex_DACH2_CEMIP",0.97709079081965
"_AAGAACATCCGATAGT-6","Glut-DACH2-1","Ex_DACH2_MGAT4C",0.356870467508963
"_AAGAACATCTGACCCT-6","Glut-DACH2-7","Ex_DACH2_GRIK4",0.363831566556317
"_AAGACAAAGCAGGTCA-6","Glut-SATB2-1","Ex_SATB2_SOX6",0.550297055978954
"_AAGACAAAGGCAGCTA-6","Glut-DACH2-6","Ex_DACH2_CEMIP",0.610391174596774
"_AAGACAATCCATCTCG-6","Glut-DACH2-5","Ex_DACH2_LHX2",0.603881126542608
"_AAGACTCGTATCGCGC-6","Glut-SATB2-1","Ex_SATB2_FOXP2",0.508738884046466
"_AAGACTCTCGCTTTAT-6","Glut-DACH2-6","Ex_DACH2_CEMIP",0.832981792937379
"_AAGATAGAGGTGATAT-6","Glut-DACH2-5","Ex_DACH2_GRIK4",0.484512109536833
"_AAGATAGTCAACACGT-6","Glut-DACH2-6","Ex_DACH2_CEMIP",0.705940725267991
"_AAGCATCAGCAAGTCG-6","Glut-DACH2-7","Ex_DACH2_ADAMTS5",0.339170682441751
"_AAGCATCCATCATCTT-6","Glut-SATB2-1","Ex_SATB2_SOX6",0.53149149366809
"_AAGCATCGTCTAATCG-6","Glut-DACH2-8","Ex_DACH2_ZMAT4",0.863771773538901
"_AAGCCATCAGTGACCC-6","Glut-DACH2-6","Ex_DACH2_CEMIP",0.96305061167855
"_AAGCCATGTAAGACCG-6","Glut-DACH2-6","Ex_DACH2_ZMAT4",0.620304794707732
"_AAGCCATGTGACCGTC-6","Glut-DACH2-7","Ex_DACH2_ADAMTS5",0.427320243400052
"_AAGCCATTCGCTAGCG-6","Glut-DACH2-7","Ex_DACH2_MGAT4C",0.383689761004385
"_AAGCGAGGTCGGTACC-6","Glut-DACH2-7","Ex_DACH2_GRIK4",0.412697550672458
"_AAGCGAGTCTATACTC-6","Glut-DACH2-7","Ex_DACH2_CEMIP",0.349832385232879
"_AAGCGTTTCTATCACT-6","Glut-DACH2-5","Ex_DACH2_ADAMTS5",0.905066896837202
"_AAGGAATAGAAATTCG-6","Glut-DACH2-5","Ex_DACH2_LHX2",0.525831215437279
"_AAGGAATGTCCATCTC-6","Glut-DACH2-5","Ex_DACH2_ADAMTS5",0.490891450927742
"_AAGGAATTCTTCTGTA-6","Glut-DACH2-7","Ex_DACH2_GRIK4",0.385427622307167
"_AAGGTAAAGCAAATGT-6","Glut-SATB2-1","Ex_SATB2_FOXP2",0.503581612564738
"_AAGGTAAGTTCCCAAA-6","Glut-DACH2-7","Ex_DACH2_ADAMTS5",0.348956923179455
"_AAGTACCAGAGGTTTA-6","Glut-DACH2-7","Ex_DACH2_MGAT4C",0.519240402011104
"_AAGTACCAGATACCAA-6","Glut-DACH2-7","Ex_DACH2_ADAMTS5",0.258705489080556
"_AAGTACCCATTGGCAT-6","Glut-DACH2-8","Ex_DACH2_ZMAT4",0.872106096015299
"_AAGTACCGTCCGGATC-6","Glut-SATB2-1","Ex_SATB2_SOX6",0.589220494647712
"_AAGTACCTCCTACGGG-6","Glut-DACH2-6","Ex_DACH2_CEMIP",0.870783471075246
"_AAGTACCTCGCAATGT-6","Glut-DACH2-7","Ex_DACH2_MGAT4C",0.500383613691554
"_AAGTCGTAGTATTGCC-6","Glut-DACH2-5","Ex_DACH2_MGAT4C",0.299173514126482
"_AAGTCGTCAGCCTTCT-6","Glut-DACH2-6","Ex_DACH2_ZMAT4",0.695036812711966
"_AAGTCGTCATAGTCGT-6","Glut-SATB2-1","Ex_SATB2_FOXP2",0.892520465978068
"_AAGTCGTGTTTGCCGG-6","Glut-DACH2-7","Ex_DACH2_ADAMTS5",0.366800300313596
"_AAGTCGTTCTGGCCAG-6","Glut-DACH2-5","Ex_DACH2_MGAT4C",0.409824694273376
"_AAGTGAAAGGCGCTTC-6","Glut-SATB2-1","Ex_SATB2_SOX6",0.474116615537196
"_AAGTTCGAGTGGACGT-6","Glut-SATB2-1","Ex_SATB2_ZNF385B",1
"_AAGTTCGAGTTAACAG-6","Glut-DACH2-5","Ex_DACH2_LHX2",0.347951314647977
"_AAGTTCGCAATCTCTT-6","Glut-SATB2-1","Ex_SATB2_SOX6",0.82512652247451
"_AAGTTCGTCTGACGCG-6","Glut-DACH2-LMANsh","Ex_DACH2_GRIK4",0.232350859609592
"_AATAGAGCACAAGGTG-6","Glut-DACH2-6","Ex_DACH2_CEMIP",0.966066335213146
"_AATAGAGTCGCCACTT-6","Glut-DACH2-5","Ex_DACH2_MGAT4C",0.382518153465933
"_AATAGAGTCTATCGGA-6","Glut-DACH2-5","Ex_DACH2_LHX2",0.437268466013129
"_AATCACGGTCCAGCGT-6","Glut-SATB2-1","Ex_SATB2_ZNF385B",0.483211798073324
"_AATCACGTCAGCCTTC-6","Glut-DACH2-5","Ex_DACH2_LHX2",0.340667388900707
"_AATCACGTCCCTCGTA-6","Glut-DACH2-7","Ex_DACH2_GRIK4",0.302083915035614
"_AATCACGTCTTCCTAA-6","Glut-SATB2-1","Ex_SATB2_SOX6",0.575943301181853
"_AATCGACAGTATGACA-6","Glut-DACH2-7","Ex_DACH2_ADAMTS5",0.476840677888754
"_AATCGACCAAATCCCA-6","Glut-SATB2-1","Ex_SATB2_FOXP2",0.639188915840847
"_AATCGACCATAAGCGG-6","Glut-SATB2-1","Ex_SATB2_FOXP2",0.498883660899271
"_AATCGACCATCCTGTC-6","Glut-SATB2-1","Ex_SATB2_FOXP2",0.443533046040432
"_AATCGTGCATTGTACG-6","Glut-SATB2-1","Ex_SATB2_SOX6",0.8078218066653
"_AATGAAGAGAAATTCG-6","Glut-DACH2-7","Ex_DACH2_NR4A3",0.568820493674041
"_AATGAAGAGCTAGAGC-6","Glut-DACH2-7","Ex_DACH2_MGAT4C",0.542283205602347
"_AATGCCAAGCATGATA-6","Glut-DACH2-5","Ex_DACH2_ADAMTS5",0.576266335151154
"_AATGCCAAGTGCTAGG-6","Glut-DACH2-6","Ex_DACH2_ZMAT4",0.452396850438081
"_AATGCCACAAAGACGC-6","Glut-DACH2-7","Ex_DACH2_GRIK4",0.514217040914087
"_AATGCCAGTCTACAGT-6","Glut-DACH2-7","Ex_DACH2_GRIK4",0.412962413072286
"_AATGCCATCATGAGTC-6","Glut-DACH2-6","Ex_DACH2_CEMIP",0.832252501022787
"_AATGGAACACATCCCT-6","Glut-SATB2-1","Ex_SATB2_ZNF385B",1
"_AATGGAATCGCTACGG-6","Glut-DACH2-7","Ex_DACH2_GRIK4",0.605014376944984
"_AATGGCTCAACGTAAA-6","Glut-DACH2-5","Ex_DACH2_LHX2",0.482999108284478
"_AATGGCTGTACCACGC-6","Glut-DACH2-6","Ex_DACH2_CEMIP",0.92565391926869
"_AATGGCTGTGGTGATG-6","Glut-DACH2-6","Ex_DACH2_ZMAT4",0.473957555092568
"_AATGGCTTCAGTGTTG-6","Glut-DACH2-6","Ex_DACH2_CEMIP",0.950718333716642
"_AATGGCTTCCAGCAAT-6","Glut-DACH2-7","Ex_DACH2_GRIK4",0.609308107710725
"_AATGGCTTCGCGATCG-6","Glut-DACH2-8","Ex_DACH2_ZMAT4",0.795499812437965
"_AATTCCTCACACGGTC-6","Glut-DACH2-5","Ex_DACH2_ADAMTS5",0.567062768214882
"_AATTCCTTCGCCTTGT-6","Glut-DACH2-5","Ex_DACH2_ADAMTS5",0.528815480117292
"_AATTTCCGTCTCACGG-6","Glut-DACH2-5","Ex_DACH2_ADAMTS5",0.627438299328744
"_ACAAAGACATGCCGGT-6","Glut-DACH2-5","Ex_DACH2_ADAMTS5",0.758457994342894
"_ACAAAGATCCGCGGAT-6","Glut-DACH2-7","Ex_DACH2_GRIK4",0.618016323140863
"_ACAACCAAGTCGGCAA-6","Glut-DACH2-5","Ex_DACH2_LHX2",0.286493210604213
"_ACAACCACACTGCGTG-6","Glut-DACH2-6","Ex_DACH2_CEMIP",0.685791667143083
"_ACAAGCTTCGTCCATC-6","Glut-DACH2-7","Ex_DACH2_ADAMTS5",0.488130566604103
"_ACACGCGCAAATGATG-6","Glut-DACH2-5","Ex_DACH2_LHX2",0.497817908561007
"_ACACGCGCAATCAAGA-6","Glut-DACH2-6","Ex_DACH2_CEMIP",0.571040853912999
"_ACACGCGGTACGATGG-6","Glut-DACH2-5","Ex_DACH2_LHX2",0.44425710482564
"_ACACGCGGTGTTGATC-6","Glut-DACH2-5","Ex_DACH2_LHX2",0.582571986785083
"_ACACGCGTCCACCTGT-6","Glut-DACH2-7","Ex_DACH2_GRIK4",0.381636854762702
"_ACACTGACAACTACGT-6","Glut-DACH2-7","Ex_DACH2_ADAMTS5",0.822289840230116
"_ACACTGACACAACGTT-6","Glut-DACH2-7","Ex_DACH2_ADAMTS5",0.834011919074388
"_ACACTGATCATGAGGG-6","Glut-DACH2-6","Ex_DACH2_CEMIP",0.742040749592845
"_ACAGAAAAGAGCATAT-6","Glut-SATB2-1","Ex_SATB2_SOX6",0.513532920541677
"_ACAGAAAAGATACTGA-6","Glut-DACH2-7","Ex_SATB2_SOX6",0.246740258201005
"_ACAGAAAAGCTACAAA-6","Glut-DACH2-7","Ex_DACH2_GRIK4",0.360649566039922
"_ACAGAAACAAATACAG-6","Glut-DACH2-8","Ex_DACH2_ZMAT4",0.880823870066107
"_ACAGAAAGTATACAGA-6","Glut-DACH2-7","Ex_DACH2_ADAMTS5",0.397036669489706
"_ACAGAAAGTCGATGCC-6","Glut-DACH2-5","Ex_DACH2_LHX2",0.651824846735166
"_ACAGAAAGTTAGGCTT-6","Glut-DACH2-6","Ex_DACH2_ITGA9",0.283868273207471
"_ACAGCCGCAGTTTCAG-6","Glut-DACH2-5","Ex_DACH2_LHX2",0.301895987817313
"_ACAGCCGGTACTCCGG-6","Glut-DACH2-7","Ex_DACH2_ADAMTS5",0.395442842394966
"_ACAGCCGTCATCACAG-6","Glut-DACH2-6","Ex_DACH2_ITGA9",0.386271606693033
"_ACAGGGAAGTTAACGA-6","Glut-DACH2-6","Ex_DACH2_CEMIP",0.384757320306942
"_ACAGGGAGTATACGGG-6","Glut-DACH2-7","Ex_DACH2_GRIK4",0.774923150979909
"_ACAGGGATCGAAACAA-6","Glut-DACH2-7","Ex_DACH2_MGAT4C",0.463227468279493
"_ACATCCCTCCTTTAGT-6","Glut-DACH2-7","Ex_DACH2_MGAT4C",0.602351119028185
"_ACATCGACAAGATGTA-6","Glut-DACH2-7","Ex_DACH2_LHX2",0.533621421994672
"_ACATCGACAGGAACCA-6","Glut-DACH2-7","Ex_DACH2_GRIK4",0.613732389594711
"_ACATCGAGTCAACCTA-6","Glut-DACH2-7","Ex_DACH2_ADAMTS5",0.628214222104354
"_ACATGCAAGTCAGGGT-6","Glut-DACH2-5","Ex_DACH2_LHX2",0.322901321733749
"_ACATTTCAGTTGGGAC-6","Glut-SATB2-1","Ex_SATB2_FOXP2",0.729909914637663
"_ACATTTCTCTGGCCAG-6","Glut-DACH2-5","Ex_DACH2_LHX2",0.432905873327762
"_ACCAAACTCACATACG-6","Glut-DACH2-7","Ex_DACH2_ADAMTS5",0.372316048589123
"_ACCAAACTCAGGTGTT-6","Glut-SATB2-1","Ex_SATB2_SOX6",0.783220828415403
"_ACCAAACTCCTCGATC-6","Glut-DACH2-6","Ex_DACH2_CEMIP",0.676267478534946
"_ACCAAACTCGTTCAGA-6","Glut-DACH2-5","Ex_DACH2_ADAMTS5",0.302132555508938
"_ACCAACAAGAATCGTA-6","Glut-SATB2-1","Ex_SATB2_FOXP2",0.841186271299863
"_ACCAACAAGGCTCTCG-6","Glut-DACH2-6","Ex_DACH2_CEMIP",0.899196769601931
"_ACCAACAAGGTTTGAA-6","Glut-DACH2-5","Ex_DACH2_MGAT4C",0.498830755916945
"_ACCAACACACACTGGC-6","Glut-DACH2-7","Ex_DACH2_NR4A3",0.694520231314998
"_ACCAACAGTGCGAACA-6","Glut-DACH2-5","Ex_DACH2_ADAMTS5",0.404455073821471
"_ACCAACAGTTGCTGAT-6","Glut-DACH2-5","Ex_DACH2_LHX2",0.459078181960663
"_ACCACAAAGGCCGCTT-6","Glut-SATB2-1","Ex_SATB2_SOX6",0.734250943976624
"_ACCACAAGTAACGCGA-6","Glut-DACH2-5","Ex_DACH2_ADAMTS5",0.527867538132336
"_ACCACAAGTGACAGCA-6","Glut-DACH2-5","Ex_DACH2_GRIK4",0.354317020619055
"_ACCACAAGTTTGAAAG-6","Glut-DACH2-7","Ex_DACH2_ADAMTS5",0.439238597534957
"_ACCACAATCAAGCTGT-6","Glut-DACH2-8","Ex_DACH2_ZMAT4",0.860622966974014
"_ACCATTTAGAGCCCAA-6","Glut-DACH2-6","Ex_DACH2_CEMIP",0.494041372584361
"_ACCATTTGTATGAGGC-6","Glut-DACH2-8","Ex_DACH2_ZMAT4",0.783683359753989
"_ACCATTTGTTCAGCTA-6","Glut-DACH2-7","Ex_DACH2_NR4A3",0.438702267378563
"_ACCATTTTCACCTCTG-6","Glut-DACH2-6","Ex_DACH2_CEMIP",0.985255826459876
"_ACCCAAAAGCGTTCAT-6","Glut-DACH2-5","Ex_DACH2_LHX2",0.501766803536668
"_ACCCAAAAGGCACCAA-6","Glut-SATB2-1","Ex_SATB2_FOXP2",0.578646182402361
"_ACCCAAAAGGTGAGCT-6","Glut-DACH2-6","Ex_DACH2_CEMIP",0.741582351613886
"_ACCCAAAAGTGAGCCA-6","Glut-DACH2-8","Ex_DACH2_ZMAT4",0.912518732286815
"_ACCCAAACACGGTGAA-6","Glut-DACH2-7","Ex_DACH2_GRIK4",0.457860974178306
"_ACCCAAAGTCACCGAC-6","Glut-DACH2-6","Ex_DACH2_CEMIP",0.7670172032473
"_ACCCAAAGTCGCGGTT-6","Glut-DACH2-7","Ex_DACH2_NR4A3",0.801776759970444
"_ACCCAAAGTGGGTATG-6","Glut-DACH2-6","Ex_DACH2_CEMIP",0.95608787017695
"_ACCCAAAGTGTTTACG-6","Glut-DACH2-8","Ex_DACH2_ZMAT4",0.923394845755972
"_ACCCAAATCAAGGTGG-6","Glut-DACH2-7","Ex_DACH2_ADAMTS5",0.503090991720765
"_ACCCTCACACAAGCAG-6","Glut-DACH2-6","Ex_DACH2_CEMIP",0.649827603471145
"_ACCCTCAGTACGTGAG-6","Glut-DACH2-6","Ex_DACH2_CEMIP",0.755958113014807
"_ACCCTTGCAACTTGCA-6","Glut-DACH2-6","Ex_DACH2_CEMIP",0.537900462026247
"_ACCCTTGGTGCGGTAA-6","Glut-SATB2-1","Ex_SATB2_FOXP2",0.927860697482718
"_ACCGTTCAGAAGGGAT-6","Glut-DACH2-5","Ex_DACH2_LHX2",0.642383340911736
"_ACCGTTCGTTATTCTC-6","Glut-DACH2-6","Ex_DACH2_CEMIP",0.403051391320253
"_ACCTACCAGGGATCAC-6","Glut-DACH2-7","Ex_DACH2_GRIK4",0.412466503230523
"_ACCTACCCAATCGAAA-6","Glut-DACH2-5","Ex_DACH2_GRIK4",0.346112116020817
"_ACCTACCGTCTCAAGT-6","Glut-DACH2-6","Ex_DACH2_CEMIP",0.759429624489649
"_ACCTACCGTGACAGCA-6","Glut-DACH2-7","Ex_DACH2_GRIK4",0.563447947954847
"_ACCTACCGTGTAAACA-6","Glut-DACH2-6","Ex_DACH2_CEMIP",0.392111992517591
"_ACCTACCGTTAGCTAC-6","Glut-SATB2-1","Ex_SATB2_ZNF385B",1
"_ACCTACCTCCTTGAAG-6","Glut-DACH2-6","Ex_DACH2_CEMIP",0.38540278837289
"_ACCTACCTCGCTGTCT-6","Glut-DACH2-5","Ex_DACH2_ADAMTS5",0.349093994324854
"_ACCTACCTCTTCTGTA-6","Glut-SATB2-1","Ex_SATB2_SOX6",0.876700636631169
"_ACCTGAAAGCCTAACT-6","Glut-DACH2-7","Ex_DACH2_MGAT4C",0.370722892266766
"_ACCTGAACACGCCAGT-6","Glut-DACH2-7","Ex_DACH2_MGAT4C",0.407428393002305
"_ACCTGAAGTTACCGTA-6","Glut-DACH2-6","Ex_DACH2_CEMIP",0.950680784859955
"_ACCTGAAGTTATCCAG-6","Glut-DACH2-5","Ex_DACH2_ADAMTS5",0.610539024571222
"_ACCTGAATCCACGGGT-6","Glut-DACH2-6","Ex_DACH2_CEMIP",0.995026884396167
"_ACCTGTCCAGACATCT-6","Glut-DACH2-7","Ex_DACH2_GRIK4",0.443137902284247
"_ACCTGTCTCAATCCGA-6","Glut-SATB2-1","Ex_SATB2_SOX6",0.825313222348649
"_ACGATGTAGCTTTCCC-6","Glut-SATB2-1","Ex_SATB2_SOX6",0.727953587071821
"_ACGATGTTCTCTTAAC-6","Glut-SATB2-1","Ex_SATB2_SOX6",0.588159206082171
"_ACGATGTTCTGATTCT-6","Glut-DACH2-7","Ex_DACH2_ADAMTS5",0.610906803487297
"_ACGCACGAGCCTATTG-6","Glut-DACH2-6","Ex_DACH2_CEMIP",0.722536917768345
"_ACGCACGCAGAGGTAC-6","Glut-DACH2-7","Ex_DACH2_GRIK4",0.458236201079317
"_ACGGAAGGTCGCGTTG-6","Glut-SATB2-1","Ex_SATB2_FOXP2",0.482850425595179
"_ACGGAAGGTTCTGACA-6","Glut-SATB2-1","Ex_SATB2_SOX6",0.802301264509053
"_ACGGAAGTCGAAGTGG-6","Glut-DACH2-7","Ex_SATB2_SOX6",0.292932368747966
"_ACGGTCGAGAAGCCTG-6","Glut-DACH2-1","Ex_DACH2_ADAMTS5",0.550992482078921
"_ACGGTCGAGGAAAGAC-6","Glut-DACH2-7","Ex_DACH2_ADAMTS5",0.760947859351617
"_ACGGTCGAGGGTAGCT-6","Glut-DACH2-5","Ex_DACH2_GRIK4",0.232901356103225
"_ACGGTCGCACGTTGGC-6","Glut-DACH2-8","Ex_DACH2_ZMAT4",0.475437725891021
"_ACGGTCGTCTGGCCGA-6","Glut-SATB2-1","Ex_SATB2_FOXP2",0.510285528311327
"_ACGGTTACAGAGTTCT-6","Glut-DACH2-7","Ex_DACH2_GRIK4",0.375720325687571
"_ACGTAACAGTGAATAC-6","Glut-DACH2-LMANsh","Ex_DACH2_LHX2",0.649367452681059
"_ACGTACAAGATGGCGT-6","Glut-DACH2-8","Ex_DACH2_ZMAT4",0.886198111755377
"_ACGTAGTAGTCAGGGT-6","Glut-DACH2-8","Ex_DACH2_ZMAT4",0.829423657370214
"_ACGTAGTCATAACGGG-6","Glut-DACH2-5","Ex_DACH2_LHX2",0.311391037594127
"_ACGTAGTTCTGAGAAA-6","Glut-DACH2-6","Ex_DACH2_CEMIP",0.374982545829679
"_ACGTCCTAGACCAAGC-6","Glut-DACH2-8","Ex_DACH2_ZMAT4",0.908306077556386
"_ACGTCCTAGATGCAGC-6","Glut-DACH2-5","Ex_DACH2_MGAT4C",0.504938564190725
"_ACGTCCTAGATTTGCC-6","Glut-DACH2-7","Ex_DACH2_NR4A3",0.333031969786598
"_ACGTCCTAGCAGCAGT-6","Glut-DACH2-5","Ex_DACH2_LHX2",0.493149119998441
"_ACGTCCTCAAATACGA-6","Glut-DACH2-5","Ex_DACH2_ADAMTS5",0.638017202091866
"_ACGTCCTCAGGCACTC-6","Glut-DACH2-7","Ex_DACH2_MGAT4C",0.473602482575776
"_ACGTCCTGTGACACGA-6","Glut-DACH2-6","Ex_DACH2_ZMAT4",0.786836916215322
"_ACGTCCTTCCATTCGC-6","Glut-DACH2-6","Ex_DACH2_CEMIP",0.915282857199853
"_ACGTCCTTCGCGTTTC-6","Glut-DACH2-7","Ex_DACH2_GRIK4",0.295946167299944
"_ACGTTCCAGCGGTAGT-6","Glut-DACH2-7","Ex_DACH2_MGAT4C",0.48411019333955
"_ACGTTCCCAAGCCCAC-6","Glut-SATB2-1","Ex_SATB2_FOXP2",0.548122174336182
"_ACGTTCCCAATTCTCT-6","Glut-DACH2-5","Ex_DACH2_LHX2",0.489966850258294
"_ACGTTCCCAGGTGGAT-6","Glut-DACH2-5","Ex_DACH2_ADAMTS5",0.872491213114054
"_ACGTTCCGTGGTTTAC-6","Glut-DACH2-5","Ex_DACH2_ADAMTS5",0.471717594772377
"_ACTACGACAATTAGGA-6","Glut-SATB2-1","Ex_SATB2_FOXP2",0.667130553158144
"_ACTATCTAGTTGGACG-6","Glut-DACH2-7","Ex_DACH2_ADAMTS5",0.353706583243338
"_ACTATGGGTCGTTATG-6","Glut-DACH2-7","Ex_DACH2_LHX2",0.571225627460761
"_ACTATGGTCGGCATCG-6","Glut-DACH2-7","Ex_SATB2_FOXP2",0.505220054811171
"_ACTATGGTCGTCAACA-6","Glut-DACH2-6","Ex_DACH2_CEMIP",0.588289481614741
"_ACTATGGTCTCGCTTG-6","Glut-DACH2-7","Ex_DACH2_CEMIP",0.41668974855077
"_ACTATTCCACCCTATC-6","Glut-DACH2-7","Ex_DACH2_MGAT4C",0.59982388428066
"_ACTATTCTCCCGTTCA-6","Glut-DACH2-7","Ex_DACH2_GRIK4",0.363162596558464
"_ACTCCCAGTTGGGTAG-6","Glut-DACH2-5","Ex_DACH2_LHX2",0.626403160688596
"_ACTCCCATCAACTTTC-6","Glut-DACH2-5","Ex_DACH2_ADAMTS5",0.843814088103849
"_ACTCTCGAGAGGCTGT-6","Glut-DACH2-5","Ex_DACH2_NR4A3",0.392561745328934
"_ACTCTCGGTTGGCCGT-6","Glut-DACH2-8","Ex_DACH2_ZMAT4",0.865366899793339
"_ACTGATGAGATACATG-6","Glut-DACH2-8","Ex_DACH2_ZMAT4",0.903568063699586
"_ACTGCAAAGGATATAC-6","Glut-DACH2-5","Ex_DACH2_MGAT4C",0.493867717322887
"_ACTGCAACATCCCACT-6","Glut-DACH2-5","Ex_DACH2_LHX2",0.636764710550536
"_ACTGCAATCCCAGCGA-6","Glut-DACH2-6","Ex_DACH2_CEMIP",0.959420386227119
"_ACTGCAATCGTTCTAT-6","Glut-DACH2-5","Ex_DACH2_LHX2",0.37725045560484
"_ACTGTCCGTAGTCACT-6","Glut-SATB2-1","Ex_SATB2_SOX6",0.718505967098638
"_ACTGTGATCTGTGCGG-6","Glut-DACH2-6","Ex_DACH2_ITGA9",0.277672745227931
"_ACTTAGGAGACATCAA-6","Glut-DACH2-LMANsh","Ex_DACH2_LHX2",0.591385256737191
"_ACTTAGGCAACATCGT-6","Glut-DACH2-7","Ex_DACH2_NR4A3",0.938325468704556
"_ACTTAGGCAAGACGGT-6","Glut-DACH2-5","Ex_DACH2_LHX2",0.62082919892557
"_ACTTATCAGAGAGGTA-6","Glut-DACH2-7","Ex_DACH2_GRIK4",0.395563869554305
"_ACTTATCAGTAGCATA-6","Glut-DACH2-8","Ex_DACH2_CEMIP",0.906871068270214
"_ACTTATCCAATTGAAG-6","Glut-DACH2-7","Ex_DACH2_GRIK4",0.394525289801415
"_ACTTATCCAGATCACT-6","Glut-DACH2-6","Ex_DACH2_CEMIP",0.543251786393411
"_ACTTCCGAGTTAGTAG-6","Glut-SATB2-1","Ex_SATB2_ZNF385B",1
"_ACTTCCGGTAGACACG-6","Glut-DACH2-5","Ex_DACH2_ADAMTS5",0.657255211508011
"_ACTTCGCCACGAGAAC-6","Glut-DACH2-7","Ex_DACH2_GRIK4",0.404447786735323
"_ACTTCGCCACGCGTCA-6","Glut-SATB2-1","Ex_SATB2_SOX6",0.66597411591528
"_ACTTTCATCTTTCCAA-6","Glut-DACH2-6","Ex_DACH2_CEMIP",0.977024368823077
"_ACTTTGTAGCCTCAAT-6","Glut-DACH2-5","Ex_DACH2_LHX2",0.452749536683229
"_ACTTTGTGTATAGCTC-6","Glut-DACH2-7","Ex_DACH2_MGAT4C",0.421832964028136
"_ACTTTGTGTGAGGATC-6","Glut-DACH2-5","Ex_DACH2_LHX2",0.623629133507477
"_ACTTTGTTCTAGGAAA-6","Glut-DACH2-7","Ex_DACH2_MGAT4C",0.468432072945242
"_AGAAATGTCAAGTCTG-6","Glut-DACH2-7","Ex_DACH2_GRIK4",0.464029818148969
"_AGAAATGTCACTGGTA-6","Glut-DACH2-7","Ex_DACH2_LHX2",0.674712854476696
"_AGAAATGTCTAGTACG-6","Glut-DACH2-5","Ex_DACH2_ADAMTS5",0.384990002323366
"_AGAAATGTCTCATGCC-6","Glut-DACH2-7","Ex_DACH2_GRIK4",0.300775884514986
"_AGAACAAAGTATGAAC-6","Glut-DACH2-6","Ex_DACH2_CEMIP",0.899158133564733
"_AGAACAACATGCACTA-6","Glut-DACH2-7","Ex_DACH2_NR4A3",0.312496531911144
"_AGAACAAGTCGCTTGG-6","Glut-DACH2-7","Ex_DACH2_GRIK4",0.362225297418209
"_AGAACAATCACTTCTA-6","Glut-DACH2-7","Ex_DACH2_MGAT4C",0.497395451058456
"_AGAACCTAGTTAGTGA-6","Glut-DACH2-6","Ex_DACH2_CEMIP",0.967616208069481
"_AGAACCTCATAGAATG-6","Glut-DACH2-8","Ex_DACH2_ZMAT4",0.853891348141687
"_AGAACCTGTGTTCGTA-6","Glut-DACH2-6","Ex_SATB2_SOX6",0.433322948459726
"_AGAAGCGCAATTGCCA-6","Glut-DACH2-5","Ex_DACH2_ADAMTS5",0.52260942011335
"_AGAAGCGGTAGTGTGG-6","Glut-DACH2-5","Ex_DACH2_ADAMTS5",0.84066201641424
"_AGAAGCGGTTCCTACC-6","Glut-DACH2-7","Ex_DACH2_ADAMTS5",0.445877264159596
"_AGAAGTAAGTTAACGA-6","Glut-DACH2-6","Ex_DACH2_CEMIP",0.609426845029144
"_AGAAGTACAAAGCAAT-6","Glut-DACH2-7","Ex_DACH2_GRIK4",0.611598531790498
"_AGAAGTACATTAGGCT-6","Glut-DACH2-5","Ex_DACH2_LHX2",0.451513661139018
"_AGAAGTATCGTCAAAC-6","Glut-DACH2-6","Ex_DACH2_CEMIP",0.405165086263497
"_AGACAAAAGCCACTCG-6","Glut-DACH2-6","Ex_DACH2_ITGA9",0.372733802282953
"_AGACAAAAGGGAGGGT-6","Glut-DACH2-1","Ex_DACH2_LHX2",0.678954904179604
"_AGACAAAAGTGAGTTA-6","Glut-DACH2-7","Ex_DACH2_ADAMTS5",0.364297960661507
"_AGACAAATCATGAGTC-6","Glut-DACH2-6","Ex_DACH2_CEMIP",0.636504123567209
"_AGACAAATCCGACATA-6","Glut-DACH2-5","Ex_DACH2_ADAMTS5",0.659471161572337
"_AGACACTAGGTCCCGT-6","Glut-DACH2-6","Ex_DACH2_CEMIP",0.977835680539489
"_AGACACTCAAATGGTA-6","Glut-DACH2-8","Ex_DACH2_ZMAT4",0.946319292411833
"_AGACACTCACTATGTG-6","Glut-SATB2-1","Ex_SATB2_SOX6",0.627317315670538
"_AGACACTCAGTCTTCC-6","Glut-DACH2-7","Ex_DACH2_ADAMTS5",0.404104236164528
"_AGACACTGTGAGCCAA-6","Glut-DACH2-6","Ex_DACH2_CEMIP",0.558709471138761
"_AGACACTTCTCCACTG-6","Glut-DACH2-5","Ex_DACH2_ADAMTS5",0.495292979113641
"_AGACAGGAGAGAAGGT-6","Glut-DACH2-7","Ex_DACH2_ADAMTS5",0.275265741617009
"_AGACAGGCAAAGGTTA-6","Glut-DACH2-7","Ex_DACH2_ADAMTS5",0.389237786099867
"_AGACAGGCAAGCGGAT-6","Glut-DACH2-5","Ex_DACH2_LHX2",0.473988056345365
"_AGACAGGTCGGACTGC-6","Glut-SATB2-1","Ex_SATB2_ZNF385B",0.999999999999999
"_AGACAGGTCTGAGGCC-6","Glut-DACH2-7","Ex_DACH2_MGAT4C",0.424291133036705
"_AGACCATAGTATGCAA-6","Glut-DACH2-6","Ex_DACH2_ZMAT4",0.44355922108625
"_AGACCATCACAATGCT-6","Glut-DACH2-7","Ex_DACH2_ADAMTS5",0.692852508229388
"_AGACCATGTCGCTGCA-6","Glut-DACH2-5","Ex_DACH2_LHX2",0.495203033374425
"_AGACCATTCATGGTAC-6","Glut-SATB2-1","Ex_SATB2_SOX6",0.620963253041498
"_AGACCATTCGGTCGGT-6","Glut-DACH2-5","Ex_DACH2_LHX2",0.592077035937326
"_AGACCCGAGGTTGGTG-6","Glut-DACH2-6","Ex_DACH2_CEMIP",0.626351931639789
"_AGACCCGGTACTAGCT-6","Glut-DACH2-5","Ex_DACH2_ADAMTS5",0.663599805490489
"_AGACCCGGTCGGTACC-6","Glut-SATB2-1","Ex_SATB2_SOX6",0.5794926589005
"_AGACCCGGTGTCCGGT-6","Glut-DACH2-8","Ex_DACH2_ZMAT4",0.902547447798685
"_AGACTCACATACCGTA-6","Glut-DACH2-5","Ex_DACH2_LHX2",0.575779885908433
"_AGACTCAGTAGGTAGC-6","Glut-DACH2-7","Ex_DACH2_MGAT4C",0.401452403649889
"_AGAGAATCAATTCTTC-6","Glut-DACH2-5","Ex_DACH2_ADAMTS5",0.319633928330377
"_AGAGAATCACGAGGTA-6","Glut-DACH2-8","Ex_DACH2_ZMAT4",0.823934357922079
"_AGAGAATGTGTCGATT-6","Glut-DACH2-6","Ex_DACH2_CEMIP",0.716566756634554
"_AGAGAATTCGTCCTCA-6","Glut-DACH2-6","Ex_DACH2_CEMIP",0.971956340174051
"_AGAGAATTCTGAATGC-6","Glut-DACH2-LMANsh","Ex_DACH2_LHX2",0.665246730917896
"_AGAGAGCCAACCAACT-6","Glut-SATB2-1","Ex_SATB2_FOXP2",0.700624098383529
"_AGAGAGCGTGTCCTAA-6","Glut-DACH2-8","Ex_DACH2_ZMAT4",0.837901351143387
"_AGAGAGCTCTCATTTG-6","Glut-DACH2-7","Ex_DACH2_MGAT4C",0.390932760905577
"_AGAGCAGAGCACTCGC-6","Glut-DACH2-6","Ex_DACH2_CEMIP",0.968127126659146
"_AGAGCAGGTCTTGCTC-6","Glut-DACH2-6","Ex_DACH2_CEMIP",0.562831674529752
"_AGATAGACAGTCGGAA-6","Glut-DACH2-8","Ex_DACH2_ZMAT4",0.887659688943123
"_AGATCCAAGAGTGTTA-6","Glut-DACH2-6","Ex_DACH2_CEMIP",0.975621280160239
"_AGATCCACAGGACAGT-6","Glut-DACH2-8","Ex_DACH2_ZMAT4",0.853380687970821
"_AGATCCACAGTCGTTA-6","Glut-DACH2-6","Ex_DACH2_CEMIP",0.593088310941622
"_AGATCGTAGCTCCATA-6","Glut-DACH2-5","Ex_DACH2_LHX2",0.635077379467599
"_AGATCGTAGTAGCAAT-6","Glut-SATB2-1","Ex_SATB2_SOX6",0.642606237660123
"_AGATCGTCAAGACTGG-6","Glut-DACH2-6","Ex_DACH2_CEMIP",0.722520383488682
"_AGATCGTGTAATGCTC-6","Glut-DACH2-7","Ex_DACH2_GRIK4",0.326491253217621
"_AGATCGTGTCTTACAG-6","Glut-DACH2-5","Ex_DACH2_MGAT4C",0.42201491083105
"_AGATCGTTCCACATAG-6","Glut-DACH2-6","Ex_DACH2_CEMIP",0.682934843140069
"_AGATGAAAGCACGTCC-6","Glut-DACH2-8","Ex_DACH2_ZMAT4",0.909149868035377
"_AGATGAACAGCAGACA-6","Glut-DACH2-7","Ex_DACH2_ADAMTS5",0.500302394499774
"_AGATGAACATAACTCG-6","Glut-DACH2-6","Ex_DACH2_CEMIP",0.6114745773231
"_AGATGAACATAGACTC-6","Glut-DACH2-7","Ex_DACH2_MGAT4C",0.573688981235101
"_AGATGAAGTTAAGTCC-6","Glut-DACH2-7","Ex_DACH2_MGAT4C",0.540958881578879
"_AGATGCTGTCATATGC-6","Glut-DACH2-6","Ex_DACH2_CEMIP",0.945347265240727
"_AGCATCAAGATTTGCC-6","Glut-DACH2-7","Ex_DACH2_MGAT4C",0.410179211968793
"_AGCATCAAGCATCAAA-6","Glut-DACH2-7","Ex_DACH2_ADAMTS5",0.311727151470307
"_AGCATCAAGGTCACAG-6","Glut-DACH2-7","Ex_DACH2_MGAT4C",0.385642172419215
"_AGCATCACACGCTGCA-6","Glut-DACH2-6","Ex_DACH2_CEMIP",0.675947852892299
"_AGCATCAGTCCTGGTG-6","Glut-DACH2-5","Ex_DACH2_MGAT4C",0.320706386752188
"_AGCCAATAGCTGAAGC-6","Glut-DACH2-5","Ex_DACH2_ADAMTS5",0.604313647855955
"_AGCCACGGTCTCGCGA-6","Glut-DACH2-6","Ex_DACH2_CEMIP",0.590107961145842
"_AGCCACGTCAAGCTTG-6","Glut-DACH2-8","Ex_DACH2_ZMAT4",0.714525928312843
"_AGCCACGTCGAACACT-6","Glut-DACH2-5","Ex_DACH2_MGAT4C",0.267147232876166
"_AGCCAGCCAACCACAT-6","Glut-DACH2-6","Ex_DACH2_CEMIP",0.520009901498771
"_AGCCAGCCAGAGCCCT-6","Glut-DACH2-7","Ex_DACH2_MGAT4C",0.395389767470373
"_AGCCAGCGTCTCCCTA-6","Glut-DACH2-5","Ex_DACH2_ADAMTS5",0.832222082250492
"_AGCGATTAGCGACCCT-6","Glut-DACH2-LMANsh","Ex_DACH2_LHX2",0.67031809554176
"_AGCGATTAGCTAGAAT-6","Glut-DACH2-6","Ex_DACH2_CEMIP",0.278403773912592
"_AGCGATTAGGATTTAG-6","Glut-DACH2-8","Ex_DACH2_ZMAT4",0.811764701399305
"_AGCGATTCACAAGCTT-6","Glut-DACH2-5","Ex_DACH2_LHX2",0.381350123929138
"_AGCGATTGTCCCAAAT-6","Glut-DACH2-6","Ex_DACH2_CEMIP",0.862158903662424
"_AGCGATTTCATGTCTT-6","Glut-DACH2-5","Ex_DACH2_LHX2",0.463557178438635
"_AGCGATTTCCAAATGC-6","Glut-DACH2-7","Ex_DACH2_MGAT4C",0.512850837395366
"_AGCGCCAAGAGCATCG-6","Glut-DACH2-5","Ex_DACH2_ADAMTS5",0.374175852316195
"_AGCGCCACACCGTGGT-6","Glut-DACH2-6","Ex_DACH2_ZMAT4",0.343390572062581
"_AGCGCCATCCGTGTCT-6","Glut-DACH2-5","Ex_DACH2_ADAMTS5",0.50947243447862
"_AGCGCCATCGGTTAGT-6","Glut-DACH2-8","Ex_DACH2_ZMAT4",0.913816208876919
"_AGCGCCATCGTCAAAC-6","Glut-DACH2-LMANsh","Ex_DACH2_LHX2",0.629281367828015
"_AGCGCTGCACTCAGAT-6","Glut-DACH2-7","Ex_DACH2_ADAMTS5",0.447894533382208
"_AGCGCTGTCGAGCCTG-6","Glut-DACH2-5","Ex_DACH2_LHX2",0.587076042910434
"_AGCGTATAGGGATGTC-6","Glut-DACH2-6","Ex_DACH2_CEMIP",0.749105544305946
"_AGCGTATCAAGAGTAT-6","Glut-DACH2-7","Ex_DACH2_ADAMTS5",0.611957878512949
"_AGCGTATCAGGTCTCG-6","Glut-DACH2-7","Ex_DACH2_NR4A3",0.275138477423115
"_AGCGTATGTATGGAGC-6","Glut-SATB2-1","Ex_SATB2_SOX6",0.803906659601272
"_AGCGTATTCAAATGAG-6","Glut-DACH2-6","Ex_DACH2_CEMIP",0.695578329375133
"_AGCGTATTCTGCATGA-6","Glut-DACH2-5","Ex_DACH2_ADAMTS5",0.454323019006366
"_AGCGTATTCTGCCTGT-6","Glut-DACH2-5","Ex_DACH2_ADAMTS5",0.310749043682893
"_AGCTACAGTTCGGCTG-6","Glut-DACH2-7","Ex_DACH2_NR4A3",0.81202157053554
"_AGCTACAGTTGCTCAA-6","Glut-DACH2-7","Ex_DACH2_LHX2",0.65482626978696
"_AGCTACAGTTTATGCG-6","Glut-DACH2-6","Ex_DACH2_CEMIP",0.974890721222638
"_AGCTCAAGTGCCTATA-6","Glut-DACH2-7","Ex_DACH2_ADAMTS5",0.436062197681034
"_AGCTCAAGTTTACCTT-6","Glut-DACH2-8","Ex_DACH2_ZMAT4",0.563053528215391
"_AGGAAATAGCACCAGA-6","Glut-DACH2-5","Ex_DACH2_LHX2",0.526273850645707
"_AGGAAATAGCAGATAT-6","Glut-DACH2-5","Ex_DACH2_ADAMTS5",0.654673585965862
"_AGGAAATAGCGACTGA-6","Glut-DACH2-7","Ex_DACH2_ADAMTS5",0.336472497825966
"_AGGAAATAGTTGGACG-6","Glut-DACH2-7","Ex_DACH2_GRIK4",0.36432671058505
"_AGGAAATCAAGACAAT-6","Glut-DACH2-6","Ex_DACH2_CEMIP",0.438558786077354
"_AGGAATAGTTTCGATG-6","Glut-DACH2-6","Ex_DACH2_CEMIP",0.845920737687535
"_AGGAATATCAGTCCGG-6","Glut-DACH2-5","Ex_DACH2_ADAMTS5",0.842729189271214
"_AGGACGACAATACAGA-6","Glut-DACH2-5","Ex_DACH2_LHX2",0.391529431898408
"_AGGACTTAGCTAGAGC-6","Glut-DACH2-5","Ex_DACH2_LHX2",0.599853584990331
"_AGGACTTCAATTGAGA-6","Glut-DACH2-6","Ex_DACH2_CEMIP",0.964702557268831
"_AGGAGGTAGCAACCAG-6","Glut-DACH2-7","Ex_DACH2_ADAMTS5",0.413248453415073
"_AGGAGGTAGCTGTCCG-6","Glut-SATB2-1","Ex_SATB2_SOX6",0.642310224114831
"_AGGAGGTTCACCTCAC-6","Glut-DACH2-7","Ex_DACH2_ADAMTS5",0.582014225595973
"_AGGAGGTTCCACGTAA-6","Glut-DACH2-6","Ex_DACH2_ZMAT4",0.329791284751368
"_AGGATAACACAATTCG-6","Glut-DACH2-6","Ex_DACH2_ZMAT4",0.585953620448761
"_AGGATAACATAGCTGT-6","Glut-DACH2-7","Ex_DACH2_MGAT4C",0.485134608588679
"_AGGATAACATTGCCGG-6","Glut-DACH2-8","Ex_DACH2_ZMAT4",0.939303180078793
"_AGGATCTAGAGTCAGC-6","Glut-DACH2-5","Ex_DACH2_ADAMTS5",0.390857044764091
"_AGGATCTCAACAGAGC-6","Glut-DACH2-7","Ex_DACH2_ADAMTS5",0.449841102880595
"_AGGATCTCATTCAGCA-6","Glut-SATB2-1","Ex_SATB2_FOXP2",0.511565962099294
"_AGGATCTTCGGCCTTT-6","Glut-DACH2-6","Ex_DACH2_CEMIP",0.732064812737998
"_AGGCATTAGCGTACAG-6","Glut-DACH2-7","Ex_DACH2_GRIK4",0.37623402088508
"_AGGCATTGTAGCGATG-6","Glut-DACH2-6","Ex_DACH2_CEMIP",0.520734453254367
"_AGGCATTGTGCCTATA-6","Glut-DACH2-7","Ex_DACH2_GRIK4",0.503850379790369
"_AGGCATTTCGTCACCT-6","Glut-DACH2-7","Ex_DACH2_NR4A3",0.82946976675935
"_AGGCCACTCCTTCTTC-6","Glut-DACH2-5","Ex_DACH2_ADAMTS5",0.845828041072051
"_AGGCTGCAGAGTATAC-6","Glut-DACH2-6","Ex_DACH2_CEMIP",0.976311959320584
"_AGGCTGCAGATGACCG-6","Glut-DACH2-6","Ex_DACH2_ZMAT4",0.481575845605606
"_AGGCTGCAGGCCACTC-6","Glut-DACH2-7","Ex_DACH2_MGAT4C",0.396044723245052
"_AGGCTGCCAAGGTCGA-6","Glut-DACH2-7","Ex_DACH2_LHX2",0.309116654400377
"_AGGCTGCTCATGCCCT-6","Glut-DACH2-5","Ex_DACH2_ADAMTS5",0.376376891504167
"_AGGGAGTCAAGACCGA-6","Glut-SATB2-1","Ex_SATB2_SOX6",0.797632428116492
"_AGGGAGTTCGCATTGA-6","Glut-DACH2-8","Ex_DACH2_ZMAT4",0.655649981885932
"_AGGGAGTTCTCGGTCT-6","Glut-DACH2-5","Ex_DACH2_LHX2",0.429497212422728
"_AGGGCCTGTCGATTCA-6","Glut-DACH2-6","Ex_DACH2_CEMIP",0.873910231024362
"_AGGGCCTGTGTCGATT-6","Glut-DACH2-6","Ex_DACH2_ZMAT4",0.685589080380285
"_AGGGCCTGTTTATGCG-6","Glut-SATB2-1","Ex_SATB2_SOX6",0.719894447175683
"_AGGGCTCAGGTTCTAC-6","Glut-SATB2-1","Ex_SATB2_SOX6",0.647582473946943
"_AGGGCTCGTTAGAAAC-6","Glut-DACH2-7","Ex_DACH2_MGAT4C",0.48054013245922
"_AGGGTCCTCCAAGGGA-6","Glut-DACH2-LMANsh","Ex_DACH2_LHX2",0.502545204732666
"_AGGGTCCTCGTAGTCA-6","Glut-DACH2-7","Ex_DACH2_GRIK4",0.570323323769626
"_AGGGTGATCCCTGGTT-6","Glut-DACH2-7","Ex_DACH2_GRIK4",0.325896641567008
"_AGGGTGATCGTCGACG-6","Glut-DACH2-5","Ex_DACH2_ADAMTS5",0.65643104518397
"_AGGGTGATCGTGGGAA-6","Glut-DACH2-1","Ex_DACH2_GRIK4",0.342598733290521
"_AGGGTGATCTGGCCAG-6","Glut-DACH2-6","Ex_DACH2_ZMAT4",0.273105040150101
"_AGGGTTTAGCGACTAG-6","Glut-DACH2-6","Ex_DACH2_CEMIP",0.945816176602875
"_AGGGTTTCAATAGTGA-6","Glut-DACH2-7","Ex_DACH2_LHX2",0.431879621713398
"_AGGGTTTGTACCACGC-6","Glut-SATB2-1","Ex_SATB2_SOX6",0.650548206004368
"_AGGGTTTGTAGGTGCA-6","Glut-DACH2-7","Ex_DACH2_ADAMTS5",0.894361739451598
"_AGGTAGGAGAGCTGAC-6","Glut-DACH2-5","Ex_DACH2_LHX2",0.437206039634895
"_AGGTAGGGTCTGCCTT-6","Glut-DACH2-8","Ex_DACH2_ZMAT4",0.812417536484753
"_AGGTAGGTCCAATCTT-6","Glut-DACH2-8","Ex_DACH2_ZMAT4",0.959717445913441
"_AGGTAGGTCTATTGTC-6","Glut-DACH2-8","Ex_DACH2_ZMAT4",0.841848029164784
"_AGGTCATAGATGACCG-6","Glut-DACH2-7","Ex_DACH2_ADAMTS5",0.328523784227168
"_AGGTCATGTTGCACGC-6","Glut-SATB2-1","Ex_SATB2_SOX6",0.626644047751612
"_AGGTCTAGTTGTACGT-6","Glut-DACH2-1","Ex_DACH2_NR4A3",0.571937250269201
"_AGGTGTTCATCGGAGA-6","Glut-SATB2-1","Ex_SATB2_SOX6",0.731146830079172
"_AGGTTACTCCTCGATC-6","Glut-DACH2-5","Ex_DACH2_ADAMTS5",0.635526177765735
"_AGGTTACTCTTAGCTT-6","Glut-DACH2-6","Ex_DACH2_CEMIP",0.81851673499987
"_AGGTTGTAGACTCTAC-6","Glut-SATB2-1","Ex_SATB2_FOXP2",0.581524829477927
"_AGGTTGTAGTGAGGCT-6","Glut-DACH2-5","Ex_DACH2_ADAMTS5",0.436700053479633
"_AGGTTGTGTACGTGTT-6","Glut-DACH2-5","Ex_DACH2_LHX2",0.585948019189901
"_AGGTTGTTCATACAGC-6","Glut-SATB2-1","Ex_SATB2_FOXP2",0.702982747218891
"_AGGTTGTTCTAGCAAC-6","Glut-SATB2-1","Ex_SATB2_FOXP2",0.852008667755897
"_AGTAACCAGAGGTGCT-6","Glut-DACH2-5","Ex_DACH2_ADAMTS5",0.364349695823255
"_AGTAACCAGCATGATA-6","Glut-DACH2-5","Ex_DACH2_LHX2",0.385301621753668
"_AGTACCAAGGACAAGA-6","Glut-DACH2-6","Ex_DACH2_CEMIP",0.710325718836737
"_AGTACCAAGGCTGTAG-6","Glut-SATB2-1","Ex_SATB2_FOXP2",0.922117123106193
"_AGTACCAAGGGAGGTG-6","Glut-DACH2-6","Ex_DACH2_ZMAT4",0.569302677851413
"_AGTACCAAGTCCCTAA-6","Glut-DACH2-6","Ex_DACH2_CEMIP",0.664813973481947
"_AGTACCACAATGAGCG-6","Glut-DACH2-8","Ex_DACH2_CEMIP",0.515783939064748
"_AGTACCACACTATCCC-6","Glut-DACH2-5","Ex_DACH2_LHX2",0.603700723331433
"_AGTACCATCCCAAGTA-6","Glut-DACH2-5","Ex_DACH2_LHX2",0.296387269065586
"_AGTACCATCTAGCAAC-6","Glut-DACH2-5","Ex_DACH2_ADAMTS5",0.643396383317678
"_AGTACTGAGACGCATG-6","Glut-DACH2-7","Ex_DACH2_ADAMTS5",0.341052655104272
"_AGTACTGCAGTTAAAG-6","Glut-DACH2-6","Ex_DACH2_CEMIP",0.949213879519311
"_AGTACTGGTAGAAACT-6","Glut-DACH2-7","Ex_DACH2_GRIK4",0.32718519718971
"_AGTACTGTCCTACCGT-6","Glut-DACH2-8","Ex_DACH2_ZMAT4",0.803977313856735
"_AGTAGCTCAATACGAA-6","Glut-DACH2-5","Ex_DACH2_LHX2",0.507513987385071
"_AGTAGCTTCATGTCAG-6","Glut-DACH2-7","Ex_DACH2_ADAMTS5",0.56805335263958
"_AGTAGTCAGAACTTCC-6","Glut-DACH2-7","Ex_DACH2_ADAMTS5",0.580313791368524
"_AGTAGTCGTAGACAGC-6","Glut-SATB2-1","Ex_SATB2_SOX6",0.712975941103433
"_AGTAGTCTCCTAACAG-6","Glut-DACH2-7","Ex_DACH2_GRIK4",0.298298209794195
"_AGTAGTCTCTTGCGCT-6","Glut-SATB2-1","Ex_SATB2_SOX6",0.516512020719621
"_AGTCAACAGTGGAAAG-6","Glut-DACH2-8","Ex_DACH2_ZMAT4",0.862622550209844
"_AGTCAACCAGGCAATG-6","Glut-DACH2-6","Ex_DACH2_CEMIP",0.774438390553143
"_AGTCAACGTAGGATAT-6","Glut-SATB2-1","Ex_SATB2_FOXP2",0.747714562894153
"_AGTCACACACGTGTGC-6","Glut-DACH2-7","Ex_DACH2_NR4A3",0.391206473683146
"_AGTCACAGTCTCTCCA-6","Glut-DACH2-7","Ex_DACH2_MGAT4C",0.49466155763161
"_AGTCATGAGCGATCGA-6","Glut-DACH2-6","Ex_DACH2_CEMIP",0.904461027645198
"_AGTCATGTCGTTCCCA-6","Glut-DACH2-7","Ex_DACH2_MGAT4C",0.317876730724706
"_AGTCTCCAGTGTAGAT-6","Glut-DACH2-6","Ex_DACH2_CEMIP",0.641385028271632
"_AGTCTCCCAGTCAACT-6","Glut-DACH2-5","Ex_DACH2_LHX2",0.239944718414059
"_AGTCTCCCATCTGCGG-6","Glut-DACH2-6","Ex_DACH2_CEMIP",0.591638248554993
"_AGTCTCCGTAGTACGG-6","Glut-DACH2-8","Ex_DACH2_ZMAT4",0.623286455320061
"_AGTGACTAGACGCCAA-6","Glut-DACH2-5","Ex_DACH2_LHX2",0.340063355946476
"_AGTGACTGTCCACGCA-6","Glut-SATB2-1","Ex_SATB2_SOX6",0.579246880851055
"_AGTGATCTCTCAACCC-6","Glut-DACH2-8","Ex_DACH2_ZMAT4",0.819399680610048
"_AGTGCCGGTCGCTCGA-6","Glut-DACH2-7","Ex_DACH2_GRIK4",0.527752052785667
"_AGTGCCGTCCTGCCAT-6","Glut-DACH2-8","Ex_DACH2_ZMAT4",0.870909701624791
"_AGTGTTGCACAGTATC-6","Glut-DACH2-7","Ex_DACH2_MGAT4C",0.367206614113704
"_AGTGTTGGTTGCATAC-6","Glut-DACH2-5","Ex_DACH2_ADAMTS5",0.580758938328724
"_AGTTAGCGTCGGCTAC-6","Glut-DACH2-6","Ex_DACH2_CEMIP",0.942729933012225
"_AGTTAGCTCCACTGGG-6","Glut-DACH2-7","Ex_DACH2_GRIK4",0.49625925713931
"_AGTTCCCCAGTTGTCA-6","Glut-DACH2-5","Ex_DACH2_LHX2",0.519817738768467
"_AGTTCCCGTGCTCTCT-6","Glut-DACH2-7","Ex_DACH2_GRIK4",0.408361383244662
"_AGTTCGATCTGGCTGG-6","Glut-DACH2-6","Ex_DACH2_CEMIP",0.739479846167181
"_AGTTCGATCTTTACAC-6","Glut-DACH2-5","Ex_DACH2_ADAMTS5",0.37403001640568
"_ATACCGATCCCGTGAG-6","Glut-DACH2-7","Ex_DACH2_MGAT4C",0.292619597487059
"_ATACCTTAGCTGGCCT-6","Glut-DACH2-7","Ex_DACH2_MGAT4C",0.416934147401666
"_ATACCTTCAGAGTGAC-6","Glut-DACH2-7","Ex_DACH2_GRIK4",0.422653555912138
"_ATAGACCCAATTGCCA-6","Glut-DACH2-6","Ex_DACH2_CEMIP",0.918692066114915
"_ATAGACCGTCAACGCC-6","Glut-DACH2-6","Ex_DACH2_CEMIP",0.603384577584871
"_ATAGACCGTCAGTCTA-6","Glut-DACH2-7","Ex_DACH2_GRIK4",0.301989194787099
"_ATAGACCTCGACCACG-6","Glut-DACH2-6","Ex_DACH2_ADAMTS5",0.327753741356302
"_ATAGAGAGTCCTGTTC-6","Glut-SATB2-1","Ex_SATB2_FOXP2",0.848579846229718
"_ATAGAGAGTTATGGTC-6","Glut-DACH2-6","Ex_DACH2_CEMIP",0.972751735568483
"_ATAGAGATCTCCTGTG-6","Glut-DACH2-5","Ex_DACH2_ADAMTS5",0.373453164177856
"_ATAGAGATCTTTGGAG-6","Glut-DACH2-8","Ex_DACH2_ZMAT4",0.908054313194606
"_ATAGGCTAGAATAGTC-6","Glut-DACH2-7","Ex_DACH2_MGAT4C",0.664138303172725
"_ATAGGCTGTGTCTTCC-6","Glut-SATB2-1","Ex_SATB2_SOX6",0.611524803312337
"_ATAGGCTTCTTACTGT-6","Glut-DACH2-5","Ex_DACH2_LHX2",0.626800269317344
"_ATATCCTAGGGTGGGA-6","Glut-DACH2-8","Ex_DACH2_ZMAT4",0.967100319308143
"_ATATCCTAGTATGGAT-6","Glut-DACH2-6","Ex_DACH2_CEMIP",0.93374933596485
"_ATATCCTTCACTGAAC-6","Glut-DACH2-5","Ex_DACH2_ADAMTS5",0.415698417171936
"_ATCACAGAGAAGAGCA-6","Glut-SATB2-1","Ex_SATB2_FOXP2",0.455879816719871
"_ATCACAGAGATCGCCC-6","Glut-DACH2-7","Ex_DACH2_MGAT4C",0.317076630840106
"_ATCACAGAGTCTAGAA-6","Glut-DACH2-7","Ex_DACH2_GRIK4",0.522068427462668
"_ATCACAGCATACAGGG-6","Glut-DACH2-6","Ex_DACH2_CEMIP",0.357217174145235
"_ATCACAGGTATTCTCT-6","Glut-DACH2-8","Ex_DACH2_ZMAT4",0.70778126434032
"_ATCACAGTCTGAATCG-6","Glut-DACH2-5","Ex_DACH2_ADAMTS5",0.519373023275277
"_ATCACGAAGGCTTCCG-6","Glut-DACH2-8","Ex_DACH2_ZMAT4",0.552134217625461
"_ATCACGACAGGGCTTC-6","Glut-DACH2-7","Ex_DACH2_GRIK4",0.574610623422991
"_ATCACGAGTAACGATA-6","Glut-DACH2-5","Ex_DACH2_ADAMTS5",0.692058994085192
"_ATCACGATCGACATTG-6","Glut-DACH2-5","Ex_DACH2_ADAMTS5",0.620602705638485
"_ATCACTTAGGTACCTT-6","Glut-DACH2-7","Ex_DACH2_ADAMTS5",0.404458412949777
"_ATCACTTTCAAAGAAC-6","Glut-DACH2-8","Ex_DACH2_ZMAT4",0.919076317658597
"_ATCACTTTCTTAAGGC-6","Glut-DACH2-5","Ex_DACH2_ADAMTS5",0.73315975343452
"_ATCAGGTGTACCGGAA-6","Glut-DACH2-8","Ex_DACH2_ZMAT4",0.931315163235639
"_ATCAGGTTCAATCCGA-6","Glut-DACH2-8","Ex_DACH2_ZMAT4",0.38013397109855
"_ATCATTCAGGTAGTCG-6","Glut-DACH2-8","Ex_DACH2_ZMAT4",0.819240243474704
"_ATCATTCCATCCGTGG-6","Glut-DACH2-6","Ex_DACH2_CEMIP",0.644778702430436
"_ATCATTCGTAGGTGCA-6","Glut-DACH2-7","Ex_DACH2_ADAMTS5",0.571537680936928
"_ATCATTCTCGACGCTG-6","Glut-DACH2-7","Ex_DACH2_MGAT4C",0.216217706225076
"_ATCCACCGTTAATGAG-6","Glut-DACH2-7","Ex_DACH2_ADAMTS5",0.466736633433819
"_ATCCACCGTTTCGCTC-6","Glut-SATB2-1","Ex_SATB2_SOX6",0.84543271757686
"_ATCCACCTCTGAATCG-6","Glut-DACH2-6","Ex_DACH2_CEMIP",0.834939295603843
"_ATCCATTCAGAAGTTA-6","Glut-DACH2-8","Ex_DACH2_ZMAT4",0.889197344696754
"_ATCCATTGTGTGTTTG-6","Glut-DACH2-7","Ex_DACH2_GRIK4",0.425483285316209
"_ATCCATTGTTACCGTA-6","Glut-DACH2-6","Ex_DACH2_CEMIP",0.976637769758285
"_ATCCATTTCGGCATAT-6","Glut-DACH2-7","Ex_SATB2_OVOA",0.319454609758965
"_ATCCCTGAGTGGGAAA-6","Glut-DACH2-5","Ex_DACH2_LHX2",0.49994408806036
"_ATCCCTGCACCAGCCA-6","Glut-DACH2-5","Ex_DACH2_ADAMTS5",0.6805741479219
"_ATCCCTGCATGGGCAA-6","Glut-DACH2-7","Ex_DACH2_GRIK4",0.596714419772739
"_ATCCCTGGTAATGATG-6","Glut-DACH2-6","Ex_DACH2_CEMIP",0.897802861266018
"_ATCCCTGGTAGACAAT-6","Glut-DACH2-7","Ex_DACH2_GRIK4",0.378183477186927
"_ATCCGTCAGACCATTC-6","Glut-DACH2-5","Ex_DACH2_LHX2",0.343493096630199
"_ATCCGTCAGGCATCGA-6","Glut-DACH2-7","Ex_DACH2_NR4A3",0.449717071441266
"_ATCCGTCTCAAACGTC-6","Glut-DACH2-5","Ex_DACH2_ADAMTS5",0.840078659868535
"_ATCCGTCTCTTGTGCC-6","Glut-DACH2-5","Ex_DACH2_LHX2",0.385273521980335
"_ATCCTATAGTCGAGGT-6","Glut-SATB2-1","Ex_SATB2_FOXP2",0.885816168204789
"_ATCCTATGTTGCGTAT-6","Glut-SATB2-1","Ex_SATB2_FOXP2",0.770333972123064
"_ATCCTATTCACCCTGT-6","Glut-DACH2-8","Ex_DACH2_ZMAT4",0.792827496415248
"_ATCGCCTCAAATGGAT-6","Glut-SATB2-1","Ex_SATB2_ZNF385B",0.955691587365151
"_ATCGCCTCAATCGTCA-6","Glut-DACH2-6","Ex_DACH2_CEMIP",0.748377807002123
"_ATCGGATAGGATAATC-6","Glut-SATB2-1","Ex_SATB2_SOX6",0.501895787236756
"_ATCGGATGTGATACAA-6","Glut-DACH2-7","Ex_DACH2_ADAMTS5",0.464623082853804
"_ATCGGCGGTACCTTCC-6","Glut-SATB2-1","Ex_SATB2_SOX6",0.63015488250532
"_ATCGGCGTCCACGTAA-6","Glut-DACH2-1","Ex_DACH2_GRIK4",0.424552943121593
"_ATCGTAGAGGATGAGA-6","Glut-DACH2-8","Ex_DACH2_ZMAT4",0.905624435185852
"_ATCGTAGCAGATCACT-6","Glut-DACH2-7","Ex_DACH2_MGAT4C",0.384794741803185
"_ATCGTAGCAGCGCTTG-6","Glut-DACH2-7","Ex_DACH2_MGAT4C",0.263580709122472
"_ATCGTAGTCCAACCGG-6","Glut-DACH2-5","Ex_DACH2_MGAT4C",0.449856950241883
"_ATCGTCCCAACGGCTC-6","Glut-DACH2-5","Ex_DACH2_ADAMTS5",0.403228961768985
"_ATCGTCCCACCCTATC-6","Glut-DACH2-7","Ex_DACH2_ADAMTS5",0.366646560308228
"_ATCGTCCGTTCTCCAC-6","Glut-DACH2-5","Ex_DACH2_ADAMTS5",0.567673040153317
"_ATCGTGACACACGTGC-6","Glut-DACH2-7","Ex_DACH2_MGAT4C",0.379601384605961
"_ATCGTGAGTACTCAAC-6","Glut-DACH2-7","Ex_DACH2_ADAMTS5",0.769655611959614
"_ATCGTGATCCGAGTGC-6","Glut-SATB2-1","Ex_SATB2_ZNF385B",1
"_ATCTCTAAGATTGCGG-6","Glut-DACH2-7","Ex_DACH2_GRIK4",0.373480327846388
"_ATCTCTACATGAATAG-6","Glut-DACH2-7","Ex_DACH2_ADAMTS5",0.591725057903017
"_ATCTCTACATGACAAA-6","Glut-DACH2-7","Ex_DACH2_GRIK4",0.496896342066059
"_ATCTCTAGTAAGATAC-6","Glut-DACH2-5","Ex_DACH2_LHX2",0.670079302041643
"_ATCTCTATCCGCTTAC-6","Glut-SATB2-1","Ex_SATB2_SOX6",0.819878313232824
"_ATCTTCAAGGGATCGT-6","Glut-SATB2-1","Ex_SATB2_SOX6",0.566373365137784
"_ATCTTCATCGGCAGTC-6","Glut-DACH2-6","Ex_DACH2_CEMIP",0.901253494562027
"_ATGAAAGAGGAACGCT-6","Glut-DACH2-7","Ex_DACH2_LHX2",0.694000447674126
"_ATGAAAGAGTAACGTA-6","Glut-DACH2-7","Ex_DACH2_ADAMTS5",0.528641024006889
"_ATGAAAGGTCGAGCTC-6","Glut-DACH2-8","Ex_DACH2_CEMIP",0.725120353625475
"_ATGAAAGGTTGCTCGG-6","Glut-DACH2-8","Ex_DACH2_ZMAT4",0.945460319895758
"_ATGAAAGTCGGCCTTT-6","Glut-DACH2-6","Ex_DACH2_CEMIP",0.400369672688266
"_ATGAAAGTCTCTGCCA-6","Glut-DACH2-8","Ex_DACH2_ZMAT4",0.54552406791039
"_ATGAAAGTCTGTTCAT-6","Glut-DACH2-5","Ex_DACH2_LHX2",0.595278383983911
"_ATGACCACAGATAAAC-6","Glut-DACH2-5","Ex_DACH2_LHX2",0.533896887612845
"_ATGAGGGGTTGGAGGT-6","Glut-DACH2-6","Ex_SATB2_SOX6",0.208869200340575
"_ATGAGGGTCGTGGACC-6","Glut-DACH2-5","Ex_DACH2_NR4A3",0.441080703037725
"_ATGAGTCAGCGTCTCG-6","Glut-DACH2-7","Ex_DACH2_NR4A3",0.334903901398369
"_ATGAGTCAGTCTAGCT-6","Glut-DACH2-7","Ex_DACH2_GRIK4",0.358061606224931
"_ATGAGTCCAAATCGTC-6","Glut-DACH2-5","Ex_DACH2_ADAMTS5",0.722971451151679
"_ATGAGTCGTATCGAGG-6","Glut-SATB2-1","Ex_SATB2_ZNF385B",1
"_ATGAGTCGTGTACGCC-6","Glut-DACH2-7","Ex_DACH2_GRIK4",0.386325719995698
"_ATGAGTCTCAACTGGT-6","Glut-DACH2-5","Ex_DACH2_ADAMTS5",0.817530222415599
"_ATGAGTCTCAGACAAA-6","Glut-SATB2-1","Ex_SATB2_FOXP2",0.558276756009661
"_ATGAGTCTCCGCAAAT-6","Glut-DACH2-6","Ex_DACH2_CEMIP",0.610546863146562
"_ATGCATGAGGGCAGTT-6","Glut-DACH2-6","Ex_DACH2_CEMIP",0.495875794869759
"_ATGCATGCACTATGTG-6","Glut-DACH2-5","Ex_DACH2_NR4A3",0.333657207950952
"_ATGCATGTCAAGGAGC-6","Glut-DACH2-7","Ex_DACH2_NR4A3",0.334298964922339
"_ATGCATGTCACGATAC-6","Glut-DACH2-5","Ex_DACH2_LHX2",0.439532561684279
"_ATGCCTCTCATGAGAA-6","Glut-DACH2-8","Ex_DACH2_ZMAT4",0.816659486579057
"_ATGCGATAGACTTCCA-6","Glut-DACH2-8","Ex_DACH2_ZMAT4",0.824567783839858
"_ATGCGATAGCAGTAAT-6","Glut-SATB2-1","Ex_SATB2_FOXP2",0.902902289562809
"_ATGCGATCAAAGTGTA-6","Glut-SATB2-1","Ex_SATB2_SOX6",0.674943229064334
"_ATGGATCCACACGGAA-6","Glut-DACH2-6","Ex_DACH2_ZMAT4",0.402314729635168
"_ATGGATCGTCTTAGTG-6","Glut-DACH2-6","Ex_DACH2_CEMIP",0.930507469537402
"_ATGGGAGTCGTGGCGT-6","Glut-DACH2-8","Ex_DACH2_ZMAT4",0.656282603619022
"_ATGGGTTCAGCCCAGT-6","Glut-DACH2-7","Ex_DACH2_MGAT4C",0.416212700569435
"_ATGGGTTCATAGTCAC-6","Glut-DACH2-8","Ex_DACH2_ZMAT4",0.889614306958122
"_ATGGTTGCAGAAGCTG-6","Glut-DACH2-7","Ex_DACH2_MGAT4C",0.378438636491377
"_ATGGTTGCATGTAACC-6","Glut-DACH2-7","Ex_DACH2_ADAMTS5",0.406110813829013
"_ATGGTTGGTCTCGGAC-6","Glut-DACH2-6","Ex_DACH2_CEMIP",0.893092395099705
"_ATGGTTGGTGGCAGAT-6","Glut-DACH2-8","Ex_DACH2_ZMAT4",0.892819400220669
"_ATGGTTGTCAGGTAAA-6","Glut-DACH2-7","Ex_DACH2_MGAT4C",0.460770670121246
"_ATGTCCCAGGCTTAGG-6","Glut-DACH2-8","Ex_DACH2_ZMAT4",0.784807324460508
"_ATGTCCCGTACAGGTG-6","Glut-DACH2-7","Ex_DACH2_MGAT4C",0.27105725850662
"_ATGTCCCGTCGTGCCA-6","Glut-DACH2-5","Ex_DACH2_ADAMTS5",0.375175050096412
"_ATGTCCCGTGGTCTCG-6","Glut-DACH2-8","Ex_DACH2_ZMAT4",0.814749173339257
"_ATGTCCCTCGTCGATA-6","Glut-DACH2-6","Ex_DACH2_CEMIP",0.976684129558359
"_ATGTCTTCAGTTAAAG-6","Glut-DACH2-6","Ex_DACH2_ZMAT4",0.320695442716748
"_ATGTCTTCATGGCCAC-6","Glut-DACH2-8","Ex_DACH2_ZMAT4",0.753566796354351
"_ATTACCTAGCACCGTC-6","Glut-DACH2-6","Ex_DACH2_CEMIP",0.956949205915485
"_ATTACCTAGGTCATAA-6","Glut-DACH2-8","Ex_DACH2_ZMAT4",0.822901960206976
"_ATTACTCCAAGTGGTG-6","Glut-DACH2-7","Ex_DACH2_MGAT4C",0.615385484078858
"_ATTACTCCAATTCGTG-6","Glut-DACH2-6","Ex_DACH2_CEMIP",0.670603474253603
"_ATTACTCCAGCCGTTG-6","Glut-DACH2-5","Ex_DACH2_LHX2",0.339189651228086
"_ATTACTCGTTATTCTC-6","Glut-DACH2-6","Ex_DACH2_CEMIP",0.490286081466582
"_ATTATCCAGTCTGCAT-6","Glut-DACH2-5","Ex_DACH2_GRIK4",0.30814449730309
"_ATTATCCTCAGTAGGG-6","Glut-DACH2-5","Ex_DACH2_LHX2",0.343524417499562
"_ATTATCCTCTAGTGAC-6","Glut-DACH2-7","Ex_DACH2_ADAMTS5",0.543723108361743
"_ATTATCCTCTCGTGAA-6","Glut-DACH2-7","Ex_DACH2_ADAMTS5",0.622569733968021
"_ATTCACTAGGACCCAA-6","Glut-DACH2-5","Ex_DACH2_LHX2",0.586767198435231
"_ATTCACTAGTTGCGCC-6","Glut-DACH2-6","Ex_DACH2_ITGA9",0.393062948159754
"_ATTCACTGTGATACCT-6","Glut-DACH2-7","Ex_DACH2_ADAMTS5",0.441697260931333
"_ATTCAGGAGAGTTGTA-6","Glut-DACH2-8","Ex_DACH2_ZMAT4",0.703698949264187
"_ATTCAGGCAGGACTTT-6","Glut-SATB2-1","Ex_SATB2_SOX6",0.667415303725638
"_ATTCAGGCATTGGCAT-6","Glut-DACH2-6","Ex_DACH2_CEMIP",0.443727868503792
"_ATTCAGGTCGGTTCAA-6","Glut-DACH2-5","Ex_DACH2_ADAMTS5",0.644671945529722
"_ATTCATCCAAGTGGCA-6","Glut-SATB2-1","Ex_SATB2_FOXP2",0.786364948530374
"_ATTCATCCACTTCTCG-6","Glut-DACH2-7","Ex_DACH2_LHX2",0.483255109933589
"_ATTCATCTCAAGCCCG-6","Glut-DACH2-7","Ex_DACH2_LHX2",0.606778647872945
"_ATTCCATAGCACTCGC-6","Glut-DACH2-8","Ex_DACH2_ZMAT4",0.925817799466529
"_ATTCCATCAGTCTTCC-6","Glut-DACH2-6","Ex_DACH2_ZMAT4",0.538886213573792
"_ATTCCATTCCTTGAAG-6","Glut-DACH2-8","Ex_DACH2_ZMAT4",0.721754244684466
"_ATTCCCGCATTAAGCC-6","Glut-DACH2-8","Ex_DACH2_ZMAT4",0.841122326552558
"_ATTCCCGGTACAAGTA-6","Glut-DACH2-6","Ex_DACH2_CEMIP",0.685020934805009
"_ATTCCCGTCGTTAGAC-6","Glut-DACH2-5","Ex_DACH2_LHX2",0.477500588269977
"_ATTCCTAAGTATGCAA-6","Glut-DACH2-6","Ex_DACH2_ZMAT4",0.427298599466669
"_ATTCCTAGTGTTCCTC-6","Glut-SATB2-1","Ex_SATB2_SOX6",0.508864252189773
"_ATTCCTATCGGCCCAA-6","Glut-DACH2-5","Ex_DACH2_ADAMTS5",0.32492569792529
"_ATTCGTTCAGCTACAT-6","Glut-SATB2-1","Ex_SATB2_ZNF385B",0.984188112580007
"_ATTCGTTCATCGAACT-6","Glut-DACH2-7","Ex_DACH2_LHX2",0.419191030506913
"_ATTCGTTGTACCACGC-6","Glut-DACH2-6","Ex_DACH2_ZMAT4",0.514485234362349
"_ATTCTACCAGGCATGA-6","Glut-SATB2-1","Ex_SATB2_SOX6",0.806013274037864
"_ATTCTTGTCTCGGTAA-6","Glut-DACH2-5","Ex_DACH2_GRIK4",0.39204458681838
"_ATTGGGTAGGCGATAC-6","Glut-DACH2-7","Ex_DACH2_MGAT4C",0.425705226367546
"_ATTGTTCAGGGAGATA-6","Glut-SATB2-1","Ex_SATB2_SOX6",0.622042492619033
"_ATTGTTCCAATGTCAC-6","Glut-DACH2-6","Ex_DACH2_CEMIP",0.89119383685069
"_ATTGTTCCAGATCACT-6","Glut-DACH2-5","Ex_DACH2_LHX2",0.612486182766655
"_ATTGTTCGTAAGTCAA-6","Glut-DACH2-7","Ex_DACH2_ADAMTS5",0.719123378922559
"_ATTGTTCTCCTCACGT-6","Glut-DACH2-5","Ex_DACH2_ADAMTS5",0.267677093198721
"_ATTGTTCTCTGGTGGC-6","Glut-DACH2-6","Ex_DACH2_CEMIP",0.677862664785325
"_ATTTACCTCCAAATGC-6","Glut-DACH2-7","Ex_DACH2_MGAT4C",0.279359012478013
"_ATTTCACCAACAGAGC-6","Glut-DACH2-7","Ex_DACH2_LHX2",0.646971552201952
"_ATTTCACTCTGTACAG-6","Glut-DACH2-8","Ex_DACH2_ZMAT4",0.806976222641152
"_ATTTCTGAGCGAGGAG-6","Glut-DACH2-7","Ex_DACH2_GRIK4",0.403637805215018
"_ATTTCTGGTAAGGCCA-6","Glut-DACH2-6","Ex_DACH2_CEMIP",0.947335530244481
"_ATTTCTGGTAGAAACT-6","Glut-DACH2-7","Ex_DACH2_LHX2",0.663009630962593
"_ATTTCTGGTTGACGGA-6","Glut-DACH2-7","Ex_DACH2_MGAT4C",0.344385099070651
"_ATTTCTGTCACCCTGT-6","Glut-DACH2-7","Ex_DACH2_MGAT4C",0.396855315984311
"_CAAAGAAAGTAGAATC-6","Glut-DACH2-6","Ex_DACH2_CEMIP",0.884710760842169
"_CAAAGAACAAAGACTA-6","Glut-DACH2-7","Ex_DACH2_MGAT4C",0.49712277189405
"_CAACAACGTGTCCGTG-6","Glut-DACH2-5","Ex_DACH2_ADAMTS5",0.766965818055355
"_CAACAGTTCATACGGT-6","Glut-DACH2-6","Ex_DACH2_ZMAT4",0.384272071290144
"_CAACCAACACAATGTC-6","Glut-DACH2-6","Ex_DACH2_CEMIP",0.76469638205092
"_CAACCAACAGCGACAA-6","Glut-DACH2-5","Ex_DACH2_GRIK4",0.38259657624299
"_CAACCAAGTCACCACG-6","Glut-SATB2-1","Ex_SATB2_FOXP2",0.609997603509478
"_CAACCAATCACTGCTC-6","Glut-DACH2-5","Ex_DACH2_ADAMTS5",0.685224236330862
"_CAACCAATCTTGGGCG-6","Glut-DACH2-5","Ex_DACH2_GRIK4",0.337564934410293
"_CAACCTCAGAAACCCG-6","Glut-DACH2-7","Ex_DACH2_NR4A3",0.920487285514024
"_CAACCTCAGATACCAA-6","Glut-DACH2-7","Ex_DACH2_MGAT4C",0.415670795890066
"_CAACCTCGTACGAGCA-6","Glut-DACH2-6","Ex_DACH2_CEMIP",0.632234702673742
"_CAACGATAGAGAAGGT-6","Glut-DACH2-6","Ex_DACH2_CEMIP",0.957618252724136
"_CAACGATGTTAAGACA-6","Glut-DACH2-7","Ex_DACH2_GRIK4",0.391710908409121
"_CAACGATTCAGAGTTC-6","Glut-DACH2-6","Ex_DACH2_GRIK4",0.233758778701082
"_CAACGATTCGAACGCC-6","Glut-DACH2-8","Ex_DACH2_ZMAT4",0.890575636002783
"_CAACGATTCTCGTCAC-6","Glut-SATB2-1","Ex_SATB2_SOX6",0.671149746504642
"_CAACGGCCACACTTAG-6","Glut-DACH2-7","Ex_DACH2_ADAMTS5",0.510877464127946
"_CAACGGCCACGCAAAG-6","Glut-DACH2-6","Ex_DACH2_CEMIP",0.937688554830019
"_CAACGGCCATGACTGT-6","Glut-DACH2-6","Ex_DACH2_CEMIP",0.962843884137233
"_CAACGGCGTAGGGTAC-6","Glut-DACH2-8","Ex_DACH2_ZMAT4",0.838725427310662
"_CAACGGCGTCTAGGTT-6","Glut-SATB2-1","Ex_SATB2_OVOA",0.56592537852823
"_CAACGGCGTGGTCAAG-6","Glut-DACH2-6","Ex_DACH2_CEMIP",0.955254316273505
"_CAAGACTAGCAACAAT-6","Glut-DACH2-5","Ex_DACH2_LHX2",0.324577061238948
"_CAAGACTAGGCCTTCG-6","Glut-DACH2-7","Ex_DACH2_GRIK4",0.460053377746737
"_CAAGACTAGTATTGCC-6","Glut-DACH2-7","Ex_DACH2_LHX2",0.435971839469722
"_CAAGACTGTAGATTAG-6","Glut-DACH2-5","Ex_DACH2_ADAMTS5",0.85019240124168
"_CAAGAGGAGACCTTTG-6","Glut-DACH2-6","Ex_DACH2_CEMIP",0.945097155128241
"_CAAGAGGGTCCCTCAT-6","Glut-DACH2-6","Ex_DACH2_ZMAT4",0.602252815039139
"_CAAGAGGTCAGGTGTT-6","Glut-DACH2-8","Ex_DACH2_ZMAT4",0.947366929698335
"_CAAGAGGTCCCGGTAG-6","Glut-DACH2-7","Ex_DACH2_LHX2",0.501135152899969
"_CAAGAGGTCTCTCTAA-6","Glut-DACH2-5","Ex_DACH2_LHX2",0.484634909857002
"_CAAGCTAAGTCAGCGA-6","Glut-DACH2-5","Ex_DACH2_ADAMTS5",0.850622150697841
"_CAAGCTAGTCAACACT-6","Glut-DACH2-1","Ex_DACH2_GRIK4",0.289848356222854
"_CAAGCTATCGCAACAT-6","Glut-DACH2-5","Ex_DACH2_ADAMTS5",0.344086169045665
"_CAAGGGAGTCGAGTGA-6","Glut-DACH2-7","Ex_DACH2_MGAT4C",0.459159425873016
"_CAAGGGATCACCGACG-6","Glut-DACH2-5","Ex_DACH2_LHX2",0.626402982014787
"_CAAGGGATCGCTACAA-6","Glut-DACH2-7","Ex_DACH2_ADAMTS5",0.377992071970722
"_CAAGGGATCTTCCAGC-6","Glut-SATB2-1","Ex_SATB2_ZNF385B",0.999999999999999
"_CAATACGAGATGCCGA-6","Glut-DACH2-5","Ex_DACH2_MGAT4C",0.337638505478588
"_CAATACGTCGTCGACG-6","Glut-DACH2-5","Ex_DACH2_MGAT4C",0.544421979106492
"_CAATACGTCTATCGGA-6","Glut-DACH2-8","Ex_DACH2_CEMIP",0.511106725760049
"_CAATCGACAGCAGTCC-6","Glut-DACH2-7","Ex_DACH2_ADAMTS5",0.403231084599408
"_CAATGACCACGTCTCT-6","Glut-DACH2-6","Ex_DACH2_CEMIP",0.405278749562773
"_CAATTTCCACCTCTAC-6","Glut-SATB2-1","Ex_SATB2_SOX6",0.776628375315435
"_CAATTTCCACGAGGAT-6","Glut-DACH2-7","Ex_DACH2_ADAMTS5",0.423833912112429
"_CAATTTCCACTAACCA-6","Glut-DACH2-5","Ex_DACH2_LHX2",0.582575698246427
"_CAATTTCCAGGATCTT-6","Glut-DACH2-5","Ex_DACH2_LHX2",0.409078938014232
"_CACAACAGTAATGCGG-6","Glut-DACH2-6","Ex_DACH2_CEMIP",0.982623208704065
"_CACAACAGTAGGCAGT-6","Glut-DACH2-5","Ex_DACH2_ADAMTS5",0.35703975635953
"_CACAACAGTAGTTCCA-6","Glut-DACH2-1","Ex_DACH2_ADAMTS5",0.521593449148047
"_CACACAAAGCCTCATA-6","Glut-DACH2-6","Ex_DACH2_ZMAT4",0.705715166514262
"_CACACAACACAGTGAG-6","Glut-DACH2-5","Ex_DACH2_ADAMTS5",0.600628796261157
"_CACACAACAGCCCACA-6","Glut-DACH2-7","Ex_DACH2_GRIK4",0.389805497312088
"_CACAGATAGAGGTCAC-6","Glut-DACH2-7","Ex_DACH2_MGAT4C",0.399892548706454
"_CACAGATGTTGAGGAC-6","Glut-SATB2-1","Ex_SATB2_FOXP2",0.736693929208456
"_CACAGATGTTGCTTGA-6","Glut-SATB2-1","Ex_SATB2_FOXP2",0.820732949220703
"_CACAGGCAGGCCCAAA-6","Glut-DACH2-7","Ex_DACH2_MGAT4C",0.370592722186877
"_CACATGAGTCGTTGCG-6","Glut-DACH2-6","Ex_DACH2_CEMIP",0.949159785017982
"_CACATGATCGTAGCCG-6","Glut-DACH2-6","Ex_DACH2_CEMIP",0.952093855827996
"_CACATGATCTCCTGCA-6","Glut-DACH2-8","Ex_DACH2_ZMAT4",0.886410263118378
"_CACCAAAGTAACGCGA-6","Glut-DACH2-7","Ex_DACH2_LHX2",0.292643871819016
"_CACCAAATCATCTACT-6","Glut-DACH2-6","Ex_DACH2_CEMIP",0.477880111680377
"_CACCAAATCGTAGTCA-6","Glut-DACH2-7","Ex_DACH2_GRIK4",0.512193143074307
"_CACCAAATCGTTAGTG-6","Glut-SATB2-1","Ex_SATB2_FOXP2",0.739003260208453
"_CACCGTTAGTCAGAGC-6","Glut-DACH2-6","Ex_DACH2_CEMIP",0.976331226233707
"_CACCGTTCAAGTGGAC-6","Glut-DACH2-6","Ex_DACH2_ZMAT4",0.355853782787858
"_CACCGTTCACAAGTTC-6","Glut-DACH2-7","Ex_DACH2_MGAT4C",0.38071343065384
"_CACCGTTGTAAGGCTG-6","Glut-DACH2-6","Ex_DACH2_CEMIP",0.605514034915645
"_CACCGTTGTCGAGTGA-6","Glut-DACH2-7","Ex_DACH2_LHX2",0.620482238919845
"_CACCGTTGTTCGGCGT-6","Glut-DACH2-7","Ex_DACH2_ADAMTS5",0.417013867295711
"_CACCGTTTCCCAGTGG-6","Glut-DACH2-7","Ex_DACH2_ADAMTS5",0.486036556386345
"_CACGGGTAGCTATCTG-6","Glut-DACH2-5","Ex_DACH2_LHX2",0.560178254802058
"_CACGGGTAGGCGCTTC-6","Glut-SATB2-1","Ex_SATB2_SOX6",0.804082367508205
"_CACGGGTAGTTTGGCT-6","Glut-DACH2-6","Ex_DACH2_CEMIP",0.653081281735138
"_CACGGGTCAGAACTAA-6","Glut-DACH2-5","Ex_DACH2_ADAMTS5",0.534510627515552
"_CACGGGTGTGTCCTAA-6","Glut-SATB2-1","Ex_SATB2_SOX6",0.675178239152506
"_CACGGGTTCACATTGG-6","Glut-SATB2-1","Ex_SATB2_SOX6",0.569410371788936
"_CACGTGGAGTCAGCGA-6","Glut-DACH2-6","Ex_DACH2_CEMIP",0.971952996786259
"_CACGTGGGTAGACGGT-6","Glut-DACH2-6","Ex_DACH2_CEMIP",0.674121060656954
"_CACGTGGTCAAAGAAC-6","Glut-DACH2-5","Ex_DACH2_ADAMTS5",0.539229248998725
"_CACGTTCGTAGGTAGC-6","Glut-SATB2-1","Ex_SATB2_OVOA",0.382636266371712
"_CACGTTCGTCAAACGG-6","Glut-DACH2-5","Ex_DACH2_LHX2",0.544004141752637
"_CACGTTCTCGACATAC-6","Glut-DACH2-5","Ex_DACH2_ADAMTS5",0.634073449618591
"_CACGTTCTCTATTGTC-6","Glut-DACH2-7","Ex_DACH2_MGAT4C",0.522914680403499
"_CACTAAGGTTTGGCTA-6","Glut-DACH2-5","Ex_DACH2_ADAMTS5",0.439919583831931
"_CACTGAAAGGTTTGAA-6","Glut-DACH2-8","Ex_DACH2_ZMAT4",0.951950577220981
"_CACTGAACAGAGTGTG-6","Glut-SATB2-1","Ex_SATB2_FOXP2",0.526016006364306
"_CACTGAAGTCCTGGGT-6","Glut-DACH2-8","Ex_DACH2_ZMAT4",0.905039294593496
"_CACTGAAGTTCCACGG-6","Glut-DACH2-5","Ex_DACH2_ADAMTS5",0.549354757690271
"_CACTGGGAGCGATTCT-6","Glut-DACH2-6","Ex_DACH2_CEMIP",0.813817876159245
"_CACTGGGCACACGCCA-6","Glut-DACH2-7","Ex_DACH2_MGAT4C",0.410949716435263
"_CACTGTCTCATCTCTA-6","Glut-SATB2-1","Ex_SATB2_ZNF385B",1
"_CAGAGCCCAATCAGCT-6","Glut-DACH2-7","Ex_DACH2_MGAT4C",0.324625054845808
"_CAGAGCCTCACCCTGT-6","Glut-DACH2-8","Ex_DACH2_ZMAT4",0.345718180462574
"_CAGAGCCTCTATGTGG-6","Glut-DACH2-8","Ex_DACH2_ZMAT4",0.924808084258347
"_CAGATACAGGACTGGT-6","Glut-DACH2-7","Ex_DACH2_GRIK4",0.301857244763291
"_CAGATACAGGGCCCTT-6","Glut-DACH2-6","Ex_DACH2_CEMIP",0.732536124493108
"_CAGATACCACAACGTT-6","Glut-DACH2-5","Ex_DACH2_ADAMTS5",0.840641929904176
"_CAGATACGTTGCCGCA-6","Glut-DACH2-5","Ex_DACH2_ADAMTS5",0.728658435719682
"_CAGATACTCTGACAGT-6","Glut-DACH2-8","Ex_DACH2_ZMAT4",0.516775653769098
"_CAGATCAAGAGTGACC-6","Glut-DACH2-5","Ex_DACH2_LHX2",0.650802296347594
"_CAGATCAAGTATAGAC-6","Glut-DACH2-7","Ex_DACH2_NR4A3",0.715612599684107
"_CAGATCAGTTTCGCTC-6","Glut-DACH2-7","Ex_DACH2_ADAMTS5",0.281427130377424
"_CAGATCATCAACACCA-6","Glut-SATB2-1","Ex_SATB2_SOX6",0.59959254789334
"_CAGATCATCTCTGGTC-6","Glut-DACH2-1","Ex_DACH2_NR4A3",0.529909683632056
"_CAGATTGAGAATCGCG-6","Glut-SATB2-1","Ex_SATB2_SOX6",0.80693946644305
"_CAGATTGCAACCTAAC-6","Glut-DACH2-5","Ex_DACH2_LHX2",0.467042681820338
"_CAGATTGCACAGTGAG-6","Glut-DACH2-5","Ex_DACH2_ADAMTS5",0.424467436121039
"_CAGATTGCAGGCTTGC-6","Glut-DACH2-5","Ex_DACH2_LHX2",0.415137855711284
"_CAGATTGCATCTTTCA-6","Glut-DACH2-6","Ex_DACH2_CEMIP",0.824231421222275
"_CAGATTGGTGTCACAT-6","Glut-DACH2-6","Ex_DACH2_CEMIP",0.904912325470534
"_CAGCAATTCTTTGGAG-6","Glut-DACH2-6","Ex_DACH2_CEMIP",0.352417181862023
"_CAGCACGAGGGAGGCA-6","Glut-DACH2-7","Ex_DACH2_LHX2",0.609942689692259
"_CAGCACGGTTGTTTGG-6","Glut-DACH2-6","Ex_DACH2_CEMIP",0.892604443740273
"_CAGCACGTCGTAGCCG-6","Glut-DACH2-7","Ex_DACH2_GRIK4",0.369129149196729
"_CAGCAGCAGACCGTTT-6","Glut-DACH2-7","Ex_DACH2_MGAT4C",0.487758557862311
"_CAGCAGCAGACTCTAC-6","Glut-DACH2-5","Ex_DACH2_ADAMTS5",0.455437738247765
"_CAGCCAGAGTATAGAC-6","Glut-DACH2-6","Ex_DACH2_CEMIP",0.505119713585251
"_CAGCCAGCACATTCTT-6","Glut-DACH2-7","Ex_DACH2_ADAMTS5",0.48741595091929
"_CAGCCAGGTATAGGAT-6","Glut-SATB2-1","Ex_SATB2_SOX6",0.761212754278922
"_CAGCCAGGTCATAGTC-6","Glut-DACH2-5","Ex_DACH2_MGAT4C",0.273556923370959
"_CAGCCAGTCGACCAAT-6","Glut-DACH2-6","Ex_DACH2_CEMIP",0.8298337515725
"_CAGCCAGTCGTGCTCT-6","Glut-SATB2-1","Ex_SATB2_SOX6",0.589022813886477
"_CAGCGTGCACATGTTG-6","Glut-SATB2-1","Ex_SATB2_ZNF385B",0.984322912487799
"_CAGCGTGGTAATGTGA-6","Glut-DACH2-5","Ex_DACH2_ADAMTS5",0.795772649450553
"_CAGCGTGGTGCCTACG-6","Glut-SATB2-1","Ex_SATB2_ZNF385B",0.995168364899409
"_CAGGCCAAGGCTTAGG-6","Glut-DACH2-5","Ex_DACH2_ADAMTS5",0.743322394743637
"_CAGGCCACATAACCCA-6","Glut-SATB2-1","Ex_SATB2_FOXP2",0.409184272958824
"_CAGGCCATCGTTTACT-6","Glut-DACH2-6","Ex_DACH2_CEMIP",0.88988950630673
"_CAGGGCTAGCTTGTTG-6","Glut-SATB2-1","Ex_SATB2_FOXP2",0.64461388821607
"_CAGGGCTGTAACGGTG-6","Glut-DACH2-6","Ex_DACH2_ITGA9",0.427486515288377
"_CAGGGCTGTACTCGTA-6","Glut-DACH2-5","Ex_DACH2_LHX2",0.466104306562032
"_CAGGTATCACTCTGCT-6","Glut-DACH2-6","Ex_DACH2_CEMIP",0.901646414466932
"_CAGGTATCATAATCCG-6","Glut-DACH2-6","Ex_DACH2_CEMIP",0.803727291231135
"_CAGGTATTCAATCAGC-6","Glut-DACH2-7","Ex_DACH2_MGAT4C",0.466114375156659
"_CAGGTATTCGCAGTTA-6","Glut-DACH2-8","Ex_DACH2_ZMAT4",0.66320085437011
"_CAGTGCGGTCGCACGT-6","Glut-DACH2-6","Ex_DACH2_CEMIP",0.95884127372117
"_CAGTTAGAGGGTAGCT-6","Glut-DACH2-6","Ex_DACH2_CEMIP",0.92470720518934
"_CAGTTAGGTACAGTTC-6","Glut-SATB2-1","Ex_SATB2_SOX6",0.515854032527753
"_CAGTTAGGTCCCTGTT-6","Glut-SATB2-1","Ex_SATB2_SOX6",0.61622952550574
"_CAGTTAGTCCTCAGAA-6","Glut-DACH2-5","Ex_DACH2_LHX2",0.362143762588313
"_CAGTTAGTCCTTCGAC-6","Glut-DACH2-6","Ex_DACH2_CEMIP",0.994024843282073
"_CAGTTCCAGTTCTCTT-6","Glut-SATB2-1","Ex_SATB2_FOXP2",0.83609014065773
"_CAGTTCCCACATACTG-6","Glut-DACH2-7","Ex_DACH2_MGAT4C",0.271245498090208
"_CAGTTCCGTGAAGCGT-6","Glut-DACH2-5","Ex_DACH2_ADAMTS5",0.692576021442122
"_CAGTTCCTCTGTCCCA-6","Glut-DACH2-5","Ex_DACH2_LHX2",0.613174097558795
"_CATAAGCCAAGTCGTT-6","Glut-DACH2-5","Ex_DACH2_ADAMTS5",0.771472615485541
"_CATAAGCCAGCAGGAT-6","Glut-DACH2-6","Ex_DACH2_CEMIP",0.55026212501255
"_CATAAGCGTGCTTCAA-6","Glut-SATB2-1","Ex_SATB2_SOX6",0.417798558846833
"_CATACCCGTAAGCTCT-6","Glut-DACH2-6","Ex_DACH2_CEMIP",0.472004037769958
"_CATACTTGTCCGGACT-6","Glut-DACH2-5","Ex_DACH2_ADAMTS5",0.378399632241841
"_CATACTTGTGGATCAG-6","Glut-DACH2-7","Ex_DACH2_ADAMTS5",0.391133100336051
"_CATACTTGTGTATCCA-6","Glut-DACH2-5","Ex_DACH2_ADAMTS5",0.551097714834838
"_CATACTTGTTGCAAGG-6","Glut-DACH2-8","Ex_DACH2_ZMAT4",0.790346883364118
"_CATACTTTCCTCTCTT-6","Glut-DACH2-7","Ex_DACH2_GRIK4",0.526187554376431
"_CATAGACAGAAACCCG-6","Glut-DACH2-7","Ex_DACH2_MGAT4C",0.387991551088114
"_CATAGACAGCTACTAC-6","Glut-DACH2-6","Ex_DACH2_CEMIP",0.970921649846588
"_CATAGACGTTAGGGAC-6","Glut-DACH2-1","Ex_DACH2_ADAMTS5",0.314546446410517
"_CATAGACTCCTCTAGC-6","Glut-DACH2-8","Ex_DACH2_ZMAT4",0.807748821641796
"_CATAGACTCGCTAAAC-6","Glut-SATB2-1","Ex_SATB2_ZNF385B",0.419583238421129
"_CATAGACTCGGCTGGT-6","Glut-DACH2-6","Ex_DACH2_CEMIP",0.93420910934266
"_CATCAAGAGCGAGTAC-6","Glut-DACH2-LMANsh","Ex_DACH2_LHX2",0.666815828154081
"_CATCAAGGTCCAGCAC-6","Glut-DACH2-5","Ex_DACH2_ADAMTS5",0.454507559603751
"_CATCCACCACGGATCC-6","Glut-SATB2-1","Ex_SATB2_FOXP2",0.619010168852076
"_CATCCACCAGACCGCT-6","Glut-DACH2-7","Ex_DACH2_ADAMTS5",0.466468554889617
"_CATCCACGTTCACCGG-6","Glut-DACH2-7","Ex_DACH2_ADAMTS5",0.584626476468446
"_CATCCCACAAATCAGA-6","Glut-DACH2-7","Ex_DACH2_GRIK4",0.473945955426449
"_CATCCCAGTGTCATTG-6","Glut-DACH2-8","Ex_DACH2_ZMAT4",0.918626729229674
"_CATCCCATCACCTGGG-6","Glut-DACH2-7","Ex_DACH2_MGAT4C",0.508210117822788
"_CATCCCATCCGCTAGG-6","Glut-DACH2-5","Ex_DACH2_LHX2",0.458959686019175
"_CATCGCTCAACACGAG-6","Glut-DACH2-6","Ex_DACH2_CEMIP",0.390915906213156
"_CATCGCTCAATCTCTT-6","Glut-SATB2-1","Ex_SATB2_SOX6",0.77469289754789
"_CATCGCTCACTGTGTA-6","Glut-DACH2-6","Ex_DACH2_CEMIP",0.748036702388687
"_CATCGCTTCAAAGGAT-6","Glut-DACH2-5","Ex_DACH2_GRIK4",0.585752895452525
"_CATCGCTTCACCATGA-6","Glut-DACH2-8","Ex_DACH2_ZMAT4",0.928595370031768
"_CATCGGGCAACAACAA-6","Glut-DACH2-5","Ex_DACH2_LHX2",0.61168469890527
"_CATCGGGCAAGACCTT-6","Glut-SATB2-1","Ex_SATB2_FOXP2",0.585996995818612
"_CATCGGGCAATTGCTG-6","Glut-DACH2-5","Ex_DACH2_ADAMTS5",0.338472707074634
"_CATCGGGTCGCAGATT-6","Glut-SATB2-1","Ex_SATB2_SOX6",0.671361526867733
"_CATCGTCCAACCGACC-6","Glut-DACH2-7","Ex_DACH2_MGAT4C",0.46331558398007
"_CATCGTCGTAAGCAAT-6","Glut-DACH2-7","Ex_DACH2_GRIK4",0.351601512672721
"_CATGAGTCATCCGATA-6","Glut-DACH2-7","Ex_DACH2_ZMAT4",0.292515257610418
"_CATGCAAAGACTCATC-6","Glut-DACH2-6","Ex_DACH2_ZMAT4",0.392703035277205
"_CATGCAAAGCCATATC-6","Glut-DACH2-6","Ex_DACH2_CEMIP",0.960307815081912
"_CATGCAAGTACCTAGT-6","Glut-DACH2-6","Ex_DACH2_ZMAT4",0.38693352402762
"_CATGCGGAGACTGTTC-6","Glut-DACH2-5","Ex_DACH2_LHX2",0.555624729726748
"_CATGCGGCAAAGGCGT-6","Glut-SATB2-1","Ex_SATB2_SOX6",0.550298749011867
"_CATGCGGGTAACCAGG-6","Glut-DACH2-7","Ex_DACH2_MGAT4C",0.402892017884425
"_CATGCGGGTAAGATCA-6","Glut-DACH2-7","Ex_DACH2_GRIK4",0.373880246527261
"_CATGCTCAGCGCTGCT-6","Glut-DACH2-5","Ex_DACH2_LHX2",0.563441750687588
"_CATGCTCAGGGATCAC-6","Glut-DACH2-LMANsh","Ex_DACH2_LHX2",0.709528142421811
"_CATGCTCCAATTCTTC-6","Glut-DACH2-7","Ex_SATB2_SOX6",0.402498569277634
"_CATGCTCTCATTTGCT-6","Glut-DACH2-7","Ex_DACH2_MGAT4C",0.376114066591272
"_CATGCTCTCTTGGAAC-6","Glut-SATB2-1","Ex_SATB2_FOXP2",0.577770125197967
"_CATGGATAGAGCCGTA-6","Glut-DACH2-5","Ex_DACH2_ADAMTS5",0.475708152653032
"_CATGGATAGCATGAAT-6","Glut-SATB2-1","Ex_SATB2_SOX6",0.627409531063635
"_CATGGATAGCCTGTGC-6","Glut-DACH2-8","Ex_DACH2_ZMAT4",0.786032771247182
"_CATGGATCATGACCCG-6","Glut-DACH2-8","Ex_DACH2_ZMAT4",0.789710280190649
"_CATGGTACAGTCAGCC-6","Glut-DACH2-5","Ex_DACH2_ADAMTS5",0.360396650823852
"_CATTCATAGGAGAGTA-6","Glut-DACH2-7","Ex_DACH2_GRIK4",0.403989849516879
"_CATTCATCATCACGGC-6","Glut-DACH2-6","Ex_DACH2_ZMAT4",0.322440519537114
"_CATTCATGTGAGTGAC-6","Glut-DACH2-7","Ex_DACH2_GRIK4",0.492947013775402
"_CATTCATTCGGTGTTA-6","Glut-DACH2-5","Ex_DACH2_LHX2",0.416062108158747
"_CATTCCGCATCGTTCC-6","Glut-DACH2-6","Ex_DACH2_CEMIP",0.766085460696694
"_CATTCCGGTGTATTCG-6","Glut-DACH2-7","Ex_DACH2_GRIK4",0.533802628494308
"_CATTCTAAGGTAAGAG-6","Glut-DACH2-6","Ex_DACH2_ZMAT4",0.676363748028284
"_CATTCTACATGCCATA-6","Glut-SATB2-1","Ex_SATB2_SOX6",0.517877069157047
"_CATTGAGCAGACCTGC-6","Glut-DACH2-5","Ex_DACH2_ADAMTS5",0.744291195929247
"_CATTGAGCATCTGGGC-6","Glut-SATB2-1","Ex_SATB2_FOXP2",0.55296083815476
"_CATTGCCAGACAACAT-6","Glut-DACH2-5","Ex_DACH2_LHX2",0.353368703115403
"_CATTGCCCACAAGGTG-6","Glut-DACH2-8","Ex_DACH2_ZMAT4",0.927830713627481
"_CATTGTTAGACCAAGC-6","Glut-DACH2-7","Ex_DACH2_ADAMTS5",0.37183376866903
"_CATTGTTCATCAGCTA-6","Glut-DACH2-7","Ex_DACH2_GRIK4",0.379982754001336
"_CATTTCACAAATAAGC-6","Glut-DACH2-8","Ex_DACH2_ZMAT4",0.749478644314879
"_CATTTCAGTCCAAAGG-6","Glut-DACH2-7","Ex_DACH2_ADAMTS5",0.41125483175758
"_CATTTCATCGAAGTGG-6","Glut-SATB2-1","Ex_SATB2_FOXP2",0.676491421538464
"_CCAAGCGAGATACTGA-6","Glut-DACH2-5","Ex_DACH2_LHX2",0.513990029968549
"_CCAATGACAGATACTC-6","Glut-DACH2-LMANco","Ex_SATB2_SOX6",0.497366136843653
"_CCAATGACATGGGTTT-6","Glut-DACH2-6","Ex_DACH2_ITGA9",0.342790042103066
"_CCAATGAGTACAGAAT-6","Glut-DACH2-8","Ex_DACH2_ZMAT4",0.937953289999703
"_CCAATGAGTTCATCGA-6","Glut-DACH2-7","Ex_DACH2_NR4A3",0.388130772686341
"_CCAATGATCTCCATAT-6","Glut-SATB2-1","Ex_SATB2_ZNF385B",0.989470251508564
"_CCAATTTCATGCCATA-6","Glut-DACH2-5","Ex_DACH2_LHX2",0.413329735200625
"_CCAATTTTCGTGACTA-6","Glut-DACH2-5","Ex_DACH2_ADAMTS5",0.625258826493354
"_CCACAAACAGGGTCTC-6","Glut-SATB2-1","Ex_SATB2_FOXP2",0.566399402319106
"_CCACAAAGTAACACGG-6","Glut-DACH2-6","Ex_DACH2_ADAMTS5",0.40759643900416
"_CCACACTAGAAGCGGG-6","Glut-DACH2-5","Ex_DACH2_ADAMTS5",0.522497551507904
"_CCACACTAGGTTCACT-6","Glut-SATB2-1","Ex_SATB2_SOX6",0.799814502052047
"_CCACACTCAAGCTCTA-6","Glut-DACH2-8","Ex_DACH2_ZMAT4",0.930509429001288
"_CCACACTCATGAGATA-6","Glut-DACH2-7","Ex_DACH2_GRIK4",0.354846802262792
"_CCACACTGTAACACCT-6","Glut-DACH2-7","Ex_DACH2_MGAT4C",0.404263526787531
"_CCACACTGTGACTAAA-6","Glut-DACH2-6","Ex_DACH2_CEMIP",0.83097645522581
"_CCACACTGTTCTCCTG-6","Glut-SATB2-1","Ex_SATB2_ZNF385B",1
"_CCACACTTCGCAGAGA-6","Glut-DACH2-8","Ex_DACH2_ZMAT4",0.640587701559482
"_CCACCATAGGTTAGTA-6","Glut-DACH2-6","Ex_DACH2_CEMIP",0.966840871160804
"_CCACCATGTATCCCTC-6","Glut-DACH2-8","Ex_DACH2_ZMAT4",0.883005171691745
"_CCACCATTCACATCAG-6","Glut-SATB2-1","Ex_SATB2_ZNF385B",1
"_CCACCATTCTTAGTTC-6","Glut-DACH2-5","Ex_DACH2_ADAMTS5",0.908793434909557
"_CCACGAGGTGGTCTCG-6","Glut-DACH2-8","Ex_DACH2_ZMAT4",0.9419619612239
"_CCACGAGTCTCGTGAA-6","Glut-DACH2-7","Ex_DACH2_NR4A3",0.369686450066591
"_CCACGTTCAGGTGGAT-6","Glut-DACH2-7","Ex_DACH2_NR4A3",0.851674568294503
"_CCACGTTTCCCGAATA-6","Glut-DACH2-6","Ex_DACH2_CEMIP",0.928856336569277
"_CCACGTTTCTTACACT-6","Glut-DACH2-8","Ex_DACH2_ZMAT4",0.898518601312342
"_CCACTTGAGCCATTCA-6","Glut-DACH2-7","Ex_DACH2_NR4A3",0.55303620603421
"_CCACTTGCAATAACGA-6","Glut-DACH2-5","Ex_DACH2_MGAT4C",0.398228695816289
"_CCACTTGCATGGACAG-6","Glut-DACH2-5","Ex_DACH2_ADAMTS5",0.846045036934092
"_CCATAAGAGGTCCCGT-6","Glut-SATB2-1","Ex_SATB2_SOX6",0.610777326246577
"_CCATAAGGTCTTCGAA-6","Glut-DACH2-6","Ex_DACH2_CEMIP",0.953546638406744
"_CCATAAGTCATTGCCC-6","Glut-DACH2-5","Ex_DACH2_ADAMTS5",0.784761426797137
"_CCATCACCACTCCGGA-6","Glut-DACH2-5","Ex_DACH2_LHX2",0.508976847703656
"_CCATCACCATGTGGCC-6","Glut-SATB2-1","Ex_SATB2_SOX6",0.878559803768852
"_CCCAACTGTGAGACGT-6","Glut-DACH2-6","Ex_DACH2_CEMIP",0.593286404249893
"_CCCAACTGTTCCGTTC-6","Glut-DACH2-6","Ex_DACH2_ADAMTS5",0.287793354218848
"_CCCAACTTCAACTTTC-6","Glut-DACH2-7","Ex_DACH2_ADAMTS5",0.360716016239206
"_CCCAACTTCCGATCTC-6","Glut-DACH2-8","Ex_DACH2_ZMAT4",0.761506299868239
"_CCCAACTTCGGTAGGA-6","Glut-DACH2-7","Ex_DACH2_ADAMTS5",0.521428257664724
"_CCCAACTTCTCGGGAC-6","Glut-DACH2-8","Ex_DACH2_ZMAT4",0.929296688573952
"_CCCAACTTCTTTACAC-6","Glut-DACH2-8","Ex_DACH2_ZMAT4",0.64673591804343
"_CCCATTGAGAAACACT-6","Glut-DACH2-8","Ex_DACH2_ZMAT4",0.912773327234789
"_CCCATTGAGCCTCTCT-6","Glut-SATB2-1","Ex_SATB2_SOX6",0.643808230664128
"_CCCATTGAGTGTTGAA-6","Glut-DACH2-7","Ex_DACH2_GRIK4",0.273828912236407
"_CCCATTGCACAATGAA-6","Glut-DACH2-7","Ex_DACH2_ADAMTS5",0.547708723041103
"_CCCATTGCACACCTAA-6","Glut-SATB2-1","Ex_SATB2_SOX6",0.717292133787176
"_CCCATTGGTGTGTACT-6","Glut-DACH2-5","Ex_DACH2_LHX2",0.357411198656249
"_CCCATTGTCTACTCAT-6","Glut-DACH2-5","Ex_DACH2_ADAMTS5",0.654219567575001
"_CCCGAAGCAGAGTGAC-6","Glut-DACH2-5","Ex_DACH2_ADAMTS5",0.794932781966707
"_CCCGAAGGTCGTATGT-6","Glut-DACH2-6","Ex_DACH2_CEMIP",0.738573469211883
"_CCCTAACCATACCAGT-6","Glut-DACH2-7","Ex_DACH2_ADAMTS5",0.295770596064096
"_CCCTCAAAGTGAGTTA-6","Glut-SATB2-1","Ex_SATB2_FOXP2",0.871959674049638
"_CCCTCAAGTCTTCCGT-6","Glut-DACH2-7","Ex_DACH2_ADAMTS5",0.626503382653899
"_CCCTCTCCAAGCGAGT-6","Glut-DACH2-7","Ex_DACH2_NR4A3",0.310771466377281
"_CCCTCTCTCGGTGAAG-6","Glut-DACH2-7","Ex_DACH2_ADAMTS5",0.515972890206984
"_CCCTCTCTCGGTTCAA-6","Glut-SATB2-1","Ex_SATB2_FOXP2",0.732978689696232
"_CCCTGATAGGACCCAA-6","Glut-DACH2-7","Ex_DACH2_NR4A3",0.526246596089012
"_CCCTGATCAGCCGTTG-6","Glut-DACH2-7","Ex_DACH2_LHX2",0.338609891321808
"_CCCTGATCATGGCGCT-6","Glut-DACH2-5","Ex_DACH2_LHX2",0.467480860034811
"_CCCTGATGTCTCAGGC-6","Glut-DACH2-7","Ex_DACH2_MGAT4C",0.323695155489139
"_CCCTGATTCAGTCATG-6","Glut-DACH2-6","Ex_DACH2_CEMIP",0.681375289133842
"_CCCTTAGAGGGAGGGT-6","Glut-DACH2-5","Ex_DACH2_LHX2",0.405924929966383
"_CCCTTAGCATCTCAAG-6","Glut-SATB2-1","Ex_SATB2_SOX6",0.611759195875024
"_CCCTTAGTCTGTGCAA-6","Glut-DACH2-6","Ex_SATB2_SOX6",0.367707060667168
"_CCGAACGTCATAGAGA-6","Glut-DACH2-5","Ex_DACH2_LHX2",0.556263021072393
"_CCGAACGTCGAAGGAC-6","Glut-DACH2-6","Ex_DACH2_CEMIP",0.835173770794493
"_CCGATCTAGACTGAGC-6","Glut-SATB2-1","Ex_SATB2_FOXP2",0.605920885275647
"_CCGATCTAGTGCAACG-6","Glut-DACH2-6","Ex_DACH2_CEMIP",0.881314535440234
"_CCGATCTGTGACCGAA-6","Glut-DACH2-7","Ex_DACH2_GRIK4",0.56914992817789
"_CCGATGGGTAGGTACG-6","Glut-DACH2-7","Ex_DACH2_MGAT4C",0.268338941345494
"_CCGATGGGTGGAACCA-6","Glut-DACH2-7","Ex_DACH2_ADAMTS5",0.538271858703035
"_CCGATGGTCGGTGTTA-6","Glut-DACH2-6","Ex_DACH2_CEMIP",0.842411033409736
"_CCGCAAGAGTCGGGAT-6","Glut-DACH2-1","Ex_DACH2_LHX2",0.653565686229176
"_CCGCAAGGTCGGCACT-6","Glut-DACH2-5","Ex_DACH2_ADAMTS5",0.638759805523429
"_CCGCAAGGTTAGAGTA-6","Glut-DACH2-8","Ex_DACH2_ZMAT4",0.899224308875537
"_CCGCAAGTCACTTTGT-6","Glut-DACH2-5","Ex_DACH2_LHX2",0.616523075392014
"_CCGGACATCCCTCTAG-6","Glut-DACH2-5","Ex_DACH2_GRIK4",0.353149305849811
"_CCGGGTAAGTGTTCAC-6","Glut-DACH2-6","Ex_DACH2_CEMIP",0.415652117461091
"_CCGGGTACACTCAAGT-6","Glut-DACH2-7","Ex_DACH2_ZMAT4",0.387826951666178
"_CCGGGTACAGTGTATC-6","Glut-DACH2-7","Ex_DACH2_GRIK4",0.507897999838411
"_CCGGGTAGTACCCACG-6","Glut-DACH2-6","Ex_DACH2_CEMIP",0.755514252496004
"_CCGGGTAGTACGCTTA-6","Glut-DACH2-6","Ex_DACH2_CEMIP",0.492293343953354
"_CCGGTAGAGAGGCGGA-6","Glut-SATB2-1","Ex_SATB2_FOXP2",0.574766935921088
"_CCGGTAGAGTCGGCAA-6","Glut-DACH2-7","Ex_DACH2_ADAMTS5",0.534988670883964
"_CCGGTAGCATGGGAAC-6","Glut-DACH2-6","Ex_DACH2_CEMIP",0.967630762494227
"_CCGGTGAGTAGGGAGG-6","Glut-DACH2-7","Ex_DACH2_ADAMTS5",0.403697663665976
"_CCGGTGATCACGGTCG-6","Glut-DACH2-6","Ex_DACH2_CEMIP",0.328219951102819
"_CCGTGAGTCATCCTGC-6","Glut-DACH2-5","Ex_DACH2_ADAMTS5",0.619331689556433
"_CCGTTCAAGACCAAGC-6","Glut-DACH2-6","Ex_DACH2_CEMIP",0.771009265318607
"_CCGTTCAAGGATACCG-6","Glut-SATB2-1","Ex_SATB2_SOX6",0.598909407312956
"_CCTAACCAGGTTAAAC-6","Glut-DACH2-5","Ex_DACH2_LHX2",0.599968508445016
"_CCTAACCCATAACAGA-6","Glut-DACH2-1","Ex_DACH2_ADAMTS5",0.282679337565919
"_CCTAACCTCCCTCGAT-6","Glut-DACH2-6","Ex_DACH2_ITGA9",0.455734698090603
"_CCTAACCTCTCTTAAC-6","Glut-DACH2-7","Ex_DACH2_GRIK4",0.356215902141777
"_CCTAACCTCTGAGAAA-6","Glut-SATB2-1","Ex_SATB2_FOXP2",0.609235460903206
"_CCTAAGAAGGTGCAGT-6","Glut-DACH2-7","Ex_DACH2_NR4A3",0.912277575131796
"_CCTAAGACACCAGACC-6","Glut-DACH2-6","Ex_DACH2_CEMIP",0.421522301482859
"_CCTAAGACACTTCAAG-6","Glut-DACH2-7","Ex_DACH2_LHX2",0.410439025567944
"_CCTAAGAGTGGCTACC-6","Glut-DACH2-7","Ex_DACH2_LHX2",0.465491210428989
"_CCTAAGAGTGTGAATA-6","Glut-DACH2-1","Ex_DACH2_GRIK4",0.412885909886045
"_CCTAAGAGTGTGACCC-6","Glut-DACH2-6","Ex_DACH2_ITGA9",0.399510387931084
"_CCTAAGATCTGGGATT-6","Glut-DACH2-6","Ex_DACH2_ZMAT4",0.443312760998465
"_CCTACGTCAAGTGACG-6","Glut-DACH2-5","Ex_DACH2_ADAMTS5",0.359899743436971
"_CCTACGTCAGATAAAC-6","Glut-DACH2-8","Ex_DACH2_CEMIP",0.5873125669223
"_CCTACGTCAGCACACC-6","Glut-DACH2-6","Ex_DACH2_CEMIP",0.964637924839263
"_CCTATCGAGCTCGTGC-6","Glut-DACH2-5","Ex_DACH2_ADAMTS5",0.71028999548561
"_CCTATCGAGGGTTGCA-6","Glut-DACH2-7","Ex_DACH2_LHX2",0.320169710434266
"_CCTATCGAGTCACGCC-6","Glut-DACH2-7","Ex_DACH2_ADAMTS5",0.726211778008385
"_CCTATCGCACAGCATT-6","Glut-DACH2-6","Ex_DACH2_CEMIP",0.793728424134604
"_CCTATCGCACGCTGAC-6","Glut-DACH2-6","Ex_DACH2_CEMIP",0.962074192705841
"_CCTATCGCAGCTGAAG-6","Glut-DACH2-6","Ex_DACH2_CEMIP",0.925931029312634
"_CCTCAACAGAGATCGC-6","Glut-DACH2-7","Ex_DACH2_ADAMTS5",0.49217610278542
"_CCTCAACAGCCTGAAG-6","Glut-DACH2-5","Ex_DACH2_GRIK4",0.317525833911907
"_CCTCAACAGGTCCTGC-6","Glut-DACH2-6","Ex_DACH2_CEMIP",0.54523091705174
"_CCTCAACCACGCGTGT-6","Glut-DACH2-7","Ex_DACH2_LHX2",0.384984514619449
"_CCTCAACCATCCTAAG-6","Glut-DACH2-7","Ex_DACH2_NR4A3",0.762264249626247
"_CCTCACATCAAACGTC-6","Glut-DACH2-7","Ex_DACH2_MGAT4C",0.495914289057646
"_CCTCACATCCGTGTAA-6","Glut-DACH2-5","Ex_DACH2_LHX2",0.27335362873212
"_CCTCACATCGAGCCTG-6","Glut-SATB2-1","Ex_SATB2_FOXP2",0.894979792610916
"_CCTCAGTAGAAGTCCG-6","Glut-DACH2-6","Ex_DACH2_CEMIP",0.841198585176326
"_CCTCAGTAGACCAAAT-6","Glut-SATB2-1","Ex_DACH2_NR4A3",0.276997685945831
"_CCTCAGTGTCTCCTGT-6","Glut-DACH2-6","Ex_DACH2_CEMIP",0.320130487521711
"_CCTCAGTGTTTACCTT-6","Glut-DACH2-6","Ex_DACH2_CEMIP",0.332112736045797
"_CCTCAGTGTTTAGACC-6","Glut-DACH2-7","Ex_DACH2_MGAT4C",0.458629451651213
"_CCTCATGAGACGCAGT-6","Glut-DACH2-8","Ex_KIAA1217",0.465671848839312
"_CCTCATGCAGTCTCTC-6","Glut-DACH2-7","Ex_DACH2_ADAMTS5",0.592427515274447
"_CCTCATGTCACTGTTT-6","Glut-DACH2-6","Ex_DACH2_ITGA9",0.410970337433922
"_CCTCATGTCGGTGCAC-6","Glut-DACH2-6","Ex_DACH2_CEMIP",0.508893462485201
"_CCTCCAACACCACTGG-6","Glut-DACH2-6","Ex_DACH2_CEMIP",0.907611427628375
"_CCTCCAACACGCAAAG-6","Glut-DACH2-7","Ex_DACH2_MGAT4C",0.411509894497351
"_CCTCCAAGTCTTCCGT-6","Glut-DACH2-5","Ex_DACH2_GRIK4",0.347845692668197
"_CCTCCAAGTGTCTAAC-6","Glut-DACH2-5","Ex_DACH2_ADAMTS5",0.873715571133022
"_CCTCCAAGTTGAGAGC-6","Glut-DACH2-6","Ex_DACH2_CEMIP",0.958128143509788
"_CCTCCTCAGAAATTGC-6","Glut-DACH2-6","Ex_DACH2_CEMIP",0.978084845262384
"_CCTCCTCTCACAACCA-6","Glut-DACH2-6","Ex_DACH2_CEMIP",0.273264677518539
"_CCTCTAGAGAGCCCAA-6","Glut-DACH2-8","Ex_DACH2_ZMAT4",0.916947483989043
"_CCTCTAGAGATAGCTA-6","Glut-DACH2-6","Ex_DACH2_ZMAT4",0.404767364146026
"_CCTCTCCAGCTGCGAA-6","Glut-DACH2-5","Ex_DACH2_LHX2",0.296625727010121
"_CCTCTCCAGTGGATTA-6","Glut-DACH2-6","Ex_DACH2_CEMIP",0.409122943879781
"_CCTCTCCGTACCGGCT-6","Glut-DACH2-7","Ex_DACH2_MGAT4C",0.413291749430572
"_CCTCTCCTCAAAGGAT-6","Glut-DACH2-6","Ex_DACH2_CEMIP",0.839245794444381
"_CCTCTCCTCAGTAGGG-6","Glut-DACH2-5","Ex_DACH2_LHX2",0.290680244042756
"_CCTGCATAGCGCCTTG-6","Glut-SATB2-1","Ex_SATB2_FOXP2",0.670231152247195
"_CCTGCATTCGAACACT-6","Glut-SATB2-1","Ex_SATB2_FOXP2",0.505399219195066
"_CCTGTTGCATTGCCTC-6","Glut-DACH2-5","Ex_DACH2_ADAMTS5",0.825578785520379
"_CCTGTTGGTCCTTGTC-6","Glut-DACH2-7","Ex_DACH2_GRIK4",0.409709809166624
"_CCTTCAGAGGAGTCTG-6","Glut-DACH2-7","Ex_DACH2_ADAMTS5",0.643907988895775
"_CCTTCAGAGGGTTGCA-6","Glut-SATB2-1","Ex_SATB2_FOXP2",0.645603221228218
"_CCTTCAGAGTCGGCAA-6","Glut-SATB2-1","Ex_SATB2_SOX6",0.782036777701747
"_CCTTCAGGTCACCTTC-6","Glut-DACH2-2","Ex_DACH2_MGAT4C",0.478641393497013
"_CCTTCAGGTCGCTGCA-6","Glut-SATB2-1","Ex_SATB2_SOX6",0.627208617236338
"_CCTTGTGAGAATTGCA-6","Glut-DACH2-7","Ex_DACH2_ADAMTS5",0.532406078099556
"_CCTTGTGCAAAGGTTA-6","Glut-DACH2-7","Ex_DACH2_ADAMTS5",0.291333411613525
"_CCTTGTGCAATGGCAG-6","Glut-SATB2-1","Ex_SATB2_SOX6",0.682400137470907
"_CCTTTGGTCCATTTGT-6","Glut-DACH2-8","Ex_DACH2_ZMAT4",0.901913117810573
"_CCTTTGGTCCTGATAG-6","Glut-DACH2-6","Ex_DACH2_CEMIP",0.745116588963862
"_CGAAGGACACCCAACG-6","Glut-DACH2-7","Ex_DACH2_NR4A3",0.599466003892439
"_CGAAGGACACTGCGAC-6","Glut-DACH2-7","Ex_DACH2_GRIK4",0.40413691002873
"_CGAAGGATCTTCGACC-6","Glut-DACH2-7","Ex_DACH2_LHX2",0.61991840938639
"_CGAAGTTAGAATCGAT-6","Glut-DACH2-6","Ex_DACH2_CEMIP",0.794415835870145
"_CGAAGTTAGATGCCGA-6","Glut-SATB2-1","Ex_SATB2_SOX6",0.828629313652602
"_CGAAGTTCATAGAGGC-6","Glut-DACH2-5","Ex_DACH2_ADAMTS5",0.661205923520963
"_CGAATTGCAAACCACT-6","Glut-DACH2-5","Ex_DACH2_LHX2",0.58343871045439
"_CGAATTGCACATACGT-6","Glut-DACH2-5","Ex_DACH2_ADAMTS5",0.621349973900861
"_CGAATTGTCACAACCA-6","Glut-DACH2-5","Ex_DACH2_ADAMTS5",0.545697040485596
"_CGACAGCAGACTCATC-6","Glut-DACH2-6","Ex_DACH2_CEMIP",0.981446707778053
"_CGACAGCAGGCTCCCA-6","Glut-DACH2-8","Ex_DACH2_ZMAT4",0.907559366044248
"_CGACAGCCAGCGAACA-6","Glut-DACH2-7","Ex_DACH2_ADAMTS5",0.444506810436374
"_CGACAGCGTGAGTAGC-6","Glut-DACH2-6","Ex_DACH2_CEMIP",0.899543833881029
"_CGACAGCTCTAAGCGT-6","Glut-SATB2-1","Ex_SATB2_FOXP2",0.752048612007749
"_CGACAGCTCTGGAAGG-6","Glut-DACH2-6","Ex_DACH2_CEMIP",0.975959211650795
"_CGAGAAGCACAAACGG-6","Glut-DACH2-7","Ex_DACH2_ADAMTS5",0.629450331355014
"_CGAGAAGGTTCCGCTT-6","Glut-DACH2-7","Ex_DACH2_ADAMTS5",0.312759363826845
"_CGAGGAAGTTGGACTT-6","Glut-DACH2-6","Ex_DACH2_CEMIP",0.737453876217777
"_CGAGGAATCCTGGGAC-6","Glut-DACH2-7","Ex_DACH2_GRIK4",0.424941477300957
"_CGAGGAATCTAAGGAA-6","Glut-SATB2-1","Ex_SATB2_ZNF385B",0.978863954380856
"_CGAGGCTAGCGTCTCG-6","Glut-DACH2-7","Ex_DACH2_ADAMTS5",0.331746918492785
"_CGAGGCTCATGTCAGT-6","Glut-DACH2-5","Ex_DACH2_LHX2",0.587846398010395
"_CGAGGCTGTCCAGCCA-6","Glut-SATB2-1","Ex_SATB2_SOX6",0.623250366186791
"_CGAGGCTGTCGCACAC-6","Glut-DACH2-5","Ex_DACH2_GRIK4",0.445496293655931
"_CGAGGCTTCAAGCCGC-6","Glut-DACH2-7","Ex_DACH2_MGAT4C",0.482926696782011
"_CGAGGCTTCCGTGCGA-6","Glut-SATB2-1","Ex_SATB2_SOX6",0.810931107525886
"_CGAGGCTTCGCATGAT-6","Glut-SATB2-1","Ex_SATB2_SOX6",0.718927971204526
"_CGAGTGCTCCGAGGCT-6","Glut-DACH2-8","Ex_DACH2_ZMAT4",0.91764639475976
"_CGAGTGCTCCGAGTGC-6","Glut-DACH2-6","Ex_DACH2_CEMIP",0.970493798519569
"_CGAGTTAGTAGGCAGT-6","Glut-DACH2-5","Ex_DACH2_ADAMTS5",0.780118708258027
"_CGATCGGAGATGTTAG-6","Glut-DACH2-6","Ex_DACH2_CEMIP",0.620775284873956
"_CGATCGGCAATTCACG-6","Glut-DACH2-6","Ex_KIAA1217_BCL6",0.243299977980538
"_CGATCGGCACGAGGTA-6","Glut-DACH2-8","Ex_DACH2_ZMAT4",0.705157087266607
"_CGATCGGTCAACACCA-6","Glut-DACH2-4","Ex_DACH2_ITGA9",0.333414451843602
"_CGATCGGTCAAGTTGC-6","Glut-DACH2-7","Ex_DACH2_LHX2",0.265387366640609
"_CGATCGGTCACATCAG-6","Glut-DACH2-7","Ex_DACH2_MGAT4C",0.357107397352073
"_CGATCGGTCTCGGCTT-6","Glut-SATB2-1","Ex_SATB2_SOX6",0.71011943315223
"_CGATGCGGTATCGTGT-6","Glut-DACH2-6","Ex_DACH2_CEMIP",0.996258796581483
"_CGATGCGGTTATCTGG-6","Glut-DACH2-5","Ex_DACH2_GRIK4",0.550451451454103
"_CGATGCGTCCTACTGC-6","Glut-DACH2-6","Ex_DACH2_CEMIP",0.43603443477764
"_CGATGGCCATATGGCT-6","Glut-DACH2-7","Ex_DACH2_GRIK4",0.43235098243231
"_CGCAGGTCACGCGCTA-6","Glut-DACH2-7","Ex_DACH2_GRIK4",0.377574199045922
"_CGCAGGTCATGACGGA-6","Glut-DACH2-7","Ex_DACH2_MGAT4C",0.313372794501852
"_CGCAGGTTCCTGCTAC-6","Glut-DACH2-5","Ex_DACH2_ADAMTS5",0.668392999289035
"_CGCAGGTTCTAGCCAA-6","Glut-DACH2-6","Ex_DACH2_ITGA9",0.313594048068879
"_CGCAGGTTCTTAGCTT-6","Glut-DACH2-7","Ex_DACH2_MGAT4C",0.324390049321989
"_CGCATAACAGGCTCTG-6","Glut-DACH2-6","Ex_DACH2_CEMIP",0.910357643113274
"_CGCATGGTCTTTACAC-6","Glut-DACH2-5","Ex_DACH2_NR4A3",0.766209448480981
"_CGCCAGAGTTGGCCTG-6","Glut-DACH2-6","Ex_DACH2_CEMIP",0.42020107207506
"_CGCCATTCACACGCCA-6","Glut-DACH2-5","Ex_DACH2_ADAMTS5",0.573624218653041
"_CGCCATTTCCCAGGCA-6","Glut-DACH2-7","Ex_DACH2_LHX2",0.355209020166508
"_CGCGTGAAGGCCTGAA-6","Glut-DACH2-7","Ex_DACH2_MGAT4C",0.416353512714539
"_CGCGTGATCTTCTGGC-6","Glut-DACH2-6","Ex_DACH2_CEMIP",0.835405473429114
"_CGGAACCAGCTCCACG-6","Glut-DACH2-5","Ex_DACH2_ADAMTS5",0.591941388456756
"_CGGAACCCACTCAGAT-6","Glut-DACH2-6","Ex_DACH2_CEMIP",0.947070246983578
"_CGGAACCGTGATATAG-6","Glut-SATB2-1","Ex_SATB2_FOXP2",0.489774144354899
"_CGGAACCGTTTGGGTT-6","Glut-DACH2-7","Ex_DACH2_MGAT4C",0.343769146953053
"_CGGAACCTCATTGTTC-6","Glut-DACH2-5","Ex_DACH2_LHX2",0.622985155440272
"_CGGAACCTCTCTTAAC-6","Glut-DACH2-5","Ex_DACH2_LHX2",0.443775514219325
"_CGGAATTAGATCGCCC-6","Glut-DACH2-6","Ex_DACH2_CEMIP",0.95391320263339
"_CGGAATTAGTTACGTC-6","Glut-SATB2-1","Ex_SATB2_SOX6",0.676721394833858
"_CGGAATTCAATAGTAG-6","Glut-DACH2-7","Ex_DACH2_ADAMTS5",0.409061395721877
"_CGGAATTGTAGGAGGG-6","Glut-DACH2-7","Ex_DACH2_ADAMTS5",0.534142726245767
"_CGGAATTGTGTCTAAC-6","Glut-DACH2-7","Ex_DACH2_ADAMTS5",0.367547074042133
"_CGGAATTGTTCCGCAG-6","Glut-DACH2-6","Ex_DACH2_CEMIP",0.931713235942396
"_CGGAATTTCAGACATC-6","Glut-DACH2-5","Ex_DACH2_ADAMTS5",0.403689985916688
"_CGGAATTTCAGACCTA-6","Glut-DACH2-6","Ex_DACH2_CEMIP",0.915344150179586
"_CGGAATTTCTCATTAC-6","Glut-SATB2-1","Ex_SATB2_FOXP2",0.344736536945007
"_CGGACACCAAATCAAG-6","Glut-DACH2-8","Ex_DACH2_ZMAT4",0.901909799124267
"_CGGACACCAATTCACG-6","Glut-DACH2-8","Ex_DACH2_ZMAT4",0.7390952430476
"_CGGACACTCGATTCCC-6","Glut-DACH2-5","Ex_DACH2_ADAMTS5",0.405719948413347
"_CGGACACTCGCTACGG-6","Glut-DACH2-7","Ex_DACH2_MGAT4C",0.592345860023099
"_CGGAGAAAGTACCGGA-6","Glut-DACH2-7","Ex_DACH2_MGAT4C",0.52533168636048
"_CGGAGAATCGTGCAGC-6","Glut-DACH2-5","Ex_DACH2_NR4A3",0.517532880713432
"_CGGAGAATCTATCGCC-6","Glut-DACH2-5","Ex_DACH2_LHX2",0.587347366576644
"_CGGCAGTCAAGAAACT-6","Glut-SATB2-1","Ex_SATB2_SOX6",0.697049279026727
"_CGGGACTAGCTGGAGT-6","Glut-SATB2-1","Ex_SATB2_SOX6",0.591360848638234
"_CGGGACTAGGTTCTAC-6","Glut-SATB2-1","Ex_SATB2_SOX6",0.848560912394625
"_CGGGACTCACGATTCA-6","Glut-DACH2-5","Ex_DACH2_MGAT4C",0.489979120599216
"_CGGGCATAGGCCCAAA-6","Glut-DACH2-7","Ex_DACH2_NR4A3",0.329609095528049
"_CGGGCATGTTCTCCCA-6","Glut-DACH2-1","Ex_DACH2_ADAMTS5",0.518162179823035
"_CGGGCATTCGAGAGAC-6","Glut-DACH2-LMANco","Ex_DACH2_ZMAT4",0.718315710829167
"_CGGGTCAAGCACGGAT-6","Glut-SATB2-1","Ex_SATB2_SOX6",0.545847178502468
"_CGGGTCAAGGGACTGT-6","Glut-DACH2-5","Ex_DACH2_GRIK4",0.319878079017636
"_CGGGTCACACGACAGA-6","Glut-DACH2-7","Ex_DACH2_NR4A3",0.835111083145684
"_CGGGTCACACTCCTTG-6","Glut-SATB2-1","Ex_SATB2_ZNF385B",1
"_CGGGTCAGTTTGAACC-6","Glut-SATB2-1","Ex_SATB2_OVOA",0.223816606157862
"_CGGGTGTAGAGCGACT-6","Glut-DACH2-8","Ex_DACH2_ZMAT4",0.572519959187811
"_CGGGTGTCACGGCGTT-6","Glut-DACH2-5","Ex_DACH2_ADAMTS5",0.924367524240947
"_CGGGTGTCATTGAGGG-6","Glut-DACH2-6","Ex_DACH2_CEMIP",0.978168600301668
"_CGGGTGTGTACAAGTA-6","Glut-DACH2-6","Ex_DACH2_CEMIP",0.891238611228638
"_CGGGTGTTCAGACAAA-6","Glut-SATB2-1","Ex_SATB2_FOXP2",0.658401554613813
"_CGGGTGTTCAGCTGAT-6","Glut-DACH2-5","Ex_DACH2_ADAMTS5",0.71624415694015
"_CGGGTGTTCTCCCTAG-6","Glut-DACH2-7","Ex_DACH2_MGAT4C",0.401466439078051
"_CGGTCAGTCAACGCTA-6","Glut-SATB2-1","Ex_SATB2_FOXP2",0.532689931561547
"_CGTAAGTAGCAGCAGT-6","Glut-DACH2-6","Ex_DACH2_CEMIP",0.950881618027855
"_CGTAAGTCATCTTCGC-6","Glut-SATB2-1","Ex_SATB2_SOX6",0.836522696761168
"_CGTAAGTTCACGGACC-6","Glut-DACH2-7","Ex_DACH2_NR4A3",0.331112173672663
"_CGTAAGTTCGGACTTA-6","Glut-DACH2-7","Ex_DACH2_ADAMTS5",0.376904963963025
"_CGTAGTAAGATGTTGA-6","Glut-DACH2-7","Ex_DACH2_MGAT4C",0.302179744829494
"_CGTAGTAGTTAAGGGC-6","Glut-DACH2-6","Ex_DACH2_CEMIP",0.721916657426615
"_CGTAGTAGTTCAGCGC-6","Glut-DACH2-6","Ex_DACH2_CEMIP",0.927266512698178
"_CGTAGTATCGAGGCAA-6","Glut-SATB2-1","Ex_SATB2_SOX6",0.721193211895156
"_CGTCAAAAGCTGACTT-6","Glut-DACH2-7","Ex_DACH2_GRIK4",0.368044538134827
"_CGTCAAATCTAGAACC-6","Glut-DACH2-8","Ex_DACH2_ZMAT4",0.913121261057691
"_CGTCCATAGTAATACG-6","Glut-DACH2-6","Ex_DACH2_CEMIP",0.470466165499638
"_CGTGCTTTCGGTCAGC-6","Glut-DACH2-8","Ex_DACH2_ZMAT4",0.746572657796421
"_CGTGTCTCATCCAACA-6","Glut-DACH2-5","Ex_DACH2_ADAMTS5",0.587386270158793
"_CGTGTCTCATTGGCAT-6","Glut-DACH2-6","Ex_DACH2_CEMIP",0.971102636257253
"_CGTTAGACAGCACGAA-6","Glut-SATB2-1","Ex_SATB2_SOX6",0.679143755820676
"_CGTTAGACATTGTGCA-6","Glut-DACH2-5","Ex_DACH2_ADAMTS5",0.392463765065891
"_CGTTAGATCTGGACCG-6","Glut-DACH2-1","Ex_DACH2_LHX2",0.361608599863332
"_CGTTCTGCAGCTGTAT-6","Glut-SATB2-1","Ex_SATB2_ZNF385B",1
"_CGTTGGGGTCATGACT-6","Glut-DACH2-5","Ex_DACH2_LHX2",0.383056513614754
"_CGTTGGGGTGATTGGG-6","Glut-DACH2-5","Ex_DACH2_LHX2",0.361985342233719
"_CGTTGGGTCTCCGTGT-6","Glut-DACH2-6","Ex_DACH2_CEMIP",0.985803804771321
"_CTAACCCAGCGACTTT-6","Glut-DACH2-8","Ex_DACH2_ZMAT4",0.840687782288131
"_CTAACCCAGTCTTGGT-6","Glut-DACH2-6","Ex_DACH2_CEMIP",0.761401554316137
"_CTAACCCGTCCTTGTC-6","Glut-SATB2-1","Ex_SATB2_SOX6",0.739735365451072
"_CTAACTTTCATTGGTG-6","Glut-DACH2-6","Ex_DACH2_ZMAT4",0.502977974979201
"_CTAACTTTCCCAGGCA-6","Glut-SATB2-1","Ex_SATB2_SOX6",0.713960223054191
"_CTAACTTTCGGTAGAG-6","Glut-DACH2-5","Ex_DACH2_ADAMTS5",0.457216454260284
"_CTAACTTTCTGTGTGA-6","Glut-DACH2-5","Ex_DACH2_ADAMTS5",0.264440635085665
"_CTAAGTGAGAAGTATC-6","Glut-DACH2-7","Ex_DACH2_CEMIP",0.27309505004861
"_CTAAGTGAGCAATTAG-6","Glut-SATB2-1","Ex_SATB2_FOXP2",0.511856524016448
"_CTAAGTGCAGTCCCGA-6","Glut-DACH2-5","Ex_DACH2_LHX2",0.433120369119412
"_CTAAGTGGTGCCTAAT-6","Glut-DACH2-5","Ex_DACH2_ADAMTS5",0.87725329027066
"_CTACAGAGTGAGAACC-6","Glut-DACH2-7","Ex_DACH2_LHX2",0.649157841853767
"_CTACATTCAGTTACCA-6","Glut-SATB2-1","Ex_SATB2_FOXP2",0.644511166196759
"_CTACCCAAGTCTCGTA-6","Glut-DACH2-6","Ex_DACH2_CEMIP",0.653450257560307
"_CTACCCACATTGAAAG-6","Glut-DACH2-6","Ex_DACH2_CEMIP",0.501230479555959
"_CTACCCAGTAACAGTA-6","Glut-SATB2-1","Ex_SATB2_SOX6",0.749547321500147
"_CTACCCAGTCACCTTC-6","Glut-SATB2-1","Ex_SATB2_SOX6",0.52344956236487
"_CTACCCATCCTACGAA-6","Glut-DACH2-6","Ex_DACH2_CEMIP",0.863468663126505
"_CTACCTGAGACGAGCT-6","Glut-DACH2-6","Ex_DACH2_CEMIP",0.888337129204636
"_CTACCTGAGAGTGACC-6","Glut-DACH2-6","Ex_DACH2_CEMIP",0.955087573854063
"_CTACCTGCAGCTTTCC-6","Glut-SATB2-1","Ex_SATB2_SOX6",0.612068482882995
"_CTACCTGCATGAAGCG-6","Glut-DACH2-5","Ex_DACH2_LHX2",0.479034459815664
"_CTACCTGGTCACAGTT-6","Glut-DACH2-5","Ex_DACH2_ADAMTS5",0.479264006084858
"_CTACGGGCACCGGCTA-6","Glut-SATB2-1","Ex_SATB2_SOX6",0.503479974152595
"_CTACGGGGTGCTCTCT-6","Glut-DACH2-5","Ex_DACH2_GRIK4",0.302974088245349
"_CTACGGGTCCTGATAG-6","Glut-DACH2-7","Ex_DACH2_ADAMTS5",0.663536668140845
"_CTACTATAGTTTCGAC-6","Glut-DACH2-5","Ex_DACH2_ADAMTS5",0.689562194673568
"_CTACTATTCAGGAGAC-6","Glut-SATB2-1","Ex_SATB2_SOX6",0.611041010899787
"_CTACTATTCGACGACC-6","Glut-DACH2-5","Ex_DACH2_GRIK4",0.386979417083759
"_CTAGACACATTGCCTC-6","Glut-DACH2-6","Ex_DACH2_CEMIP",0.967031957915575
"_CTAGACAGTGGGCTTC-6","Glut-DACH2-8","Ex_DACH2_ZMAT4",0.894729239272538
"_CTAGACATCCGCAACG-6","Glut-DACH2-7","Ex_DACH2_GRIK4",0.476065652805014
"_CTAGGTACAACGACAG-6","Glut-DACH2-6","Ex_DACH2_CEMIP",0.597172304188561
"_CTAGGTAGTCCCGGTA-6","Glut-DACH2-7","Ex_DACH2_MGAT4C",0.504606668301814
"_CTAGGTATCCCAAGTA-6","Glut-DACH2-7","Ex_DACH2_MGAT4C",0.332553796876091
"_CTATAGGAGTTGCCCG-6","Glut-DACH2-7","Ex_DACH2_ADAMTS5",0.486955300999207
"_CTATAGGCATGTGACT-6","Glut-DACH2-8","Ex_DACH2_ZMAT4",0.783155081567051
"_CTATCCGGTTATGACC-6","Glut-DACH2-7","Ex_DACH2_MGAT4C",0.489376511619607
"_CTATCCGTCACTGATG-6","Glut-DACH2-7","Ex_DACH2_ADAMTS5",0.73498808701686
"_CTATCTAAGGGTAGCT-6","Glut-DACH2-6","Ex_DACH2_CEMIP",0.439544787815998
"_CTATCTACATTCTGTT-6","Glut-SATB2-1","Ex_SATB2_FOXP2",0.566158869461364
"_CTATCTAGTCCAGTTA-6","Glut-DACH2-5","Ex_DACH2_LHX2",0.369381133013985
"_CTATCTAGTCCCTGAG-6","Glut-DACH2-6","Ex_DACH2_ZMAT4",0.520693384886272
"_CTATCTATCCTTCTAA-6","Glut-DACH2-7","Ex_DACH2_MGAT4C",0.568650225719887
"_CTCAACCAGTGGCGAT-6","Glut-DACH2-5","Ex_DACH2_LHX2",0.615896230313549
"_CTCAACCCAACTACGT-6","Glut-DACH2-6","Ex_DACH2_ZMAT4",0.31862560821666
"_CTCAACCGTAGGCAGT-6","Glut-SATB2-1","Ex_SATB2_FOXP2",0.5328429689396
"_CTCAACCGTTACGTAC-6","Glut-DACH2-LMANsh","Ex_DACH2_ADAMTS5",0.484983693400918
"_CTCAACCTCGGACTTA-6","Glut-DACH2-7","Ex_DACH2_GRIK4",0.609381209536602
"_CTCAAGAAGCTTCGTA-6","Glut-DACH2-5","Ex_DACH2_LHX2",0.322880028404744
"_CTCAAGAAGGGTAGCT-6","Glut-SATB2-1","Ex_SATB2_FOXP2",0.832908662981478
"_CTCAAGACAATGAGCG-6","Glut-DACH2-6","Ex_DACH2_CEMIP",0.868669516191892
"_CTCAATTTCTGTCCCA-6","Glut-DACH2-1","Ex_DACH2_NR4A3",0.949226399321704
"_CTCACTGCATGACTCA-6","Glut-DACH2-6","Ex_DACH2_CEMIP",0.825962340346674
"_CTCAGAATCATCGCCT-6","Glut-DACH2-7","Ex_DACH2_MGAT4C",0.698196898987331
"_CTCAGGGAGTAGCATA-6","Glut-SATB2-1","Ex_SATB2_SOX6",0.708508872829198
"_CTCAGGGAGTCGCCAC-6","Glut-DACH2-5","Ex_DACH2_ADAMTS5",0.894601606940359
"_CTCAGTCAGGAGCTGT-6","Glut-DACH2-5","Ex_DACH2_ADAMTS5",0.461343186534699
"_CTCAGTCGTAGCTGTT-6","Glut-DACH2-5","Ex_DACH2_LHX2",0.580552038228166
"_CTCATCGCAACGCCCA-6","Glut-SATB2-1","Ex_SATB2_FOXP2",0.600541565942652
"_CTCATCGGTACAAAGT-6","Glut-DACH2-6","Ex_DACH2_CEMIP",0.949435912425927
"_CTCATCGTCCACAGCG-6","Glut-DACH2-6","Ex_DACH2_CEMIP",0.648378926487058
"_CTCATCGTCCCGAGAC-6","Glut-DACH2-5","Ex_DACH2_LHX2",0.620120313532085
"_CTCATGCAGGTCCAGA-6","Glut-SATB2-1","Ex_SATB2_SOX6",0.768478957463752
"_CTCATGCCAAGCGATG-6","Glut-DACH2-7","Ex_DACH2_ADAMTS5",0.393863483403014
"_CTCATGCCACAGAAGC-6","Glut-SATB2-1","Ex_SATB2_SOX6",0.865560987780238
"_CTCATTAGTAGTACGG-6","Glut-DACH2-8","Ex_DACH2_ZMAT4",0.909852400888291
"_CTCCAACAGATACAGT-6","Glut-DACH2-8","Ex_DACH2_ZMAT4",0.798676425003719
"_CTCCAACCACCAAAGG-6","Glut-DACH2-5","Ex_DACH2_LHX2",0.413101440893574
"_CTCCAACTCCCTCAAC-6","Glut-DACH2-5","Ex_DACH2_LHX2",0.452854091815144
"_CTCCAACTCGGCCAAC-6","Glut-DACH2-1","Ex_DACH2_ADAMTS5",0.638487804644299
"_CTCCAACTCGGTGTAT-6","Glut-DACH2-6","Ex_DACH2_CEMIP",0.328295681028339
"_CTCCACAGTAGTTCCA-6","Glut-DACH2-6","Ex_DACH2_ITGA9",0.310156737747354
"_CTCCACAGTCGCCACA-6","Glut-SATB2-1","Ex_SATB2_FOXP2",0.533205150403272
"_CTCCATGGTAAGATCA-6","Glut-DACH2-5","Ex_DACH2_NR4A3",0.841997781648844
"_CTCCATGGTTAGGCTT-6","Glut-DACH2-7","Ex_DACH2_MGAT4C",0.562545473403919
"_CTCCCAAAGAAGCGAA-6","Glut-DACH2-6","Ex_DACH2_CEMIP",0.317443387556494
"_CTCCCAATCTCGTCAC-6","Glut-DACH2-1","Ex_DACH2_NR4A3",0.969651512687136
"_CTCCCTCAGGCAGTCA-6","Glut-SATB2-1","Ex_SATB2_ZNF385B",0.998532268229661
"_CTCCCTCAGGTAATCA-6","Glut-DACH2-6","Ex_DACH2_ITGA9",0.588895720288322
"_CTCCCTCCAAGACGAC-6","Glut-DACH2-5","Ex_DACH2_LHX2",0.587646890682912
"_CTCCCTCTCCCGTTCA-6","Glut-DACH2-5","Ex_DACH2_GRIK4",0.270764401588399
"_CTCCGATCACCCATAA-6","Glut-SATB2-1","Ex_SATB2_SOX6",0.723266486766585
"_CTCCGATGTCCCTCAT-6","Glut-SATB2-1","Ex_SATB2_SOX6",0.634964591218766
"_CTCCGATGTGCATTAC-6","Glut-DACH2-7","Ex_DACH2_CEMIP",0.18403195245093
"_CTCCGATTCTATCGGA-6","Glut-DACH2-6","Ex_SATB2_SOX6",0.274353051320521
"_CTCCTCCGTTTAGAGA-6","Glut-DACH2-5","Ex_DACH2_ADAMTS5",0.406126478280222
"_CTCCTTTAGATACATG-6","Glut-DACH2-6","Ex_DACH2_CEMIP",0.602006111330248
"_CTCCTTTAGTTGTCGT-6","Glut-DACH2-8","Ex_DACH2_ZMAT4",0.911979112721304
"_CTCCTTTCAGATCATC-6","Glut-DACH2-6","Ex_DACH2_CEMIP",0.312202469065231
"_CTCCTTTGTCATCCCT-6","Glut-DACH2-6","Ex_DACH2_CEMIP",0.588995480446015
"_CTCCTTTGTCCGGCAT-6","Glut-DACH2-7","Ex_DACH2_ADAMTS5",0.379590886865435
"_CTCCTTTGTGTTCAGT-6","Glut-DACH2-5","Ex_DACH2_LHX2",0.460389643829835
"_CTCGAGGGTACGATCT-6","Glut-DACH2-6","Ex_DACH2_CEMIP",0.846398973391362
"_CTCGAGGGTATCCCTC-6","Glut-DACH2-7","Ex_DACH2_ADAMTS5",0.33218983586542
"_CTCGAGGTCCCTCATG-6","Glut-DACH2-7","Ex_DACH2_MGAT4C",0.507142829879599
"_CTCGAGGTCTGTTGGA-6","Glut-DACH2-6","Ex_DACH2_ZMAT4",0.310109310530744
"_CTCTCAGCATGACGTT-6","Glut-DACH2-7","Ex_DACH2_MGAT4C",0.48150675810072
"_CTCTCAGTCCATACTT-6","Glut-SATB2-1","Ex_SATB2_FOXP2",0.851453265117906
"_CTCTCGACATACCATG-6","Glut-DACH2-6","Ex_DACH2_CEMIP",0.668388183269162
"_CTCTGGTCAGAGGAAA-6","Glut-DACH2-8","Ex_DACH2_ZMAT4",0.79632600425189
"_CTCTGGTTCTATTGTC-6","Glut-DACH2-5","Ex_DACH2_LHX2",0.401167296677593
"_CTGAATGCAGGATGAC-6","Glut-DACH2-8","Ex_DACH2_ZMAT4",0.803766616109849
"_CTGAATGGTATCCCTC-6","Glut-DACH2-7","Ex_DACH2_MGAT4C",0.340101021391948
"_CTGAATGGTCCGAAAG-6","Glut-DACH2-7","Ex_DACH2_ADAMTS5",0.465211610581672
"_CTGAGCGAGTAAGGGA-6","Glut-DACH2-7","Ex_DACH2_GRIK4",0.568305398112941
"_CTGAGCGGTATTCTCT-6","Glut-DACH2-7","Ex_DACH2_LHX2",0.502542074526607
"_CTGAGCGTCTGCTAGA-6","Glut-DACH2-6","Ex_DACH2_CEMIP",0.626777347973384
"_CTGAGGCAGACTCCGC-6","Glut-DACH2-8","Ex_DACH2_ZMAT4",0.771560939536082
"_CTGAGGCAGAGCATCG-6","Glut-DACH2-7","Ex_DACH2_GRIK4",0.374093491369776
"_CTGAGGCAGGAAACGA-6","Glut-DACH2-5","Ex_DACH2_LHX2",0.394554289925605
"_CTGAGGCCATGCCATA-6","Glut-DACH2-7","Ex_DACH2_MGAT4C",0.43826893024778
"_CTGAGGCGTCCGTACG-6","Glut-DACH2-8","Ex_DACH2_ZMAT4",0.918554959550326
"_CTGAGGCGTCTGATCA-6","Glut-DACH2-5","Ex_DACH2_LHX2",0.57407816211741
"_CTGAGGCTCGCTCTCA-6","Glut-DACH2-8","Ex_DACH2_ZMAT4",0.604414040599149
"_CTGATCCCAGCAGTAG-6","Glut-DACH2-6","Ex_DACH2_CEMIP",0.675546850211705
"_CTGATCCCATGCCGGT-6","Glut-DACH2-6","Ex_DACH2_CEMIP",0.580435177063132
"_CTGATCCGTCGTCAGC-6","Glut-DACH2-7","Ex_DACH2_MGAT4C",0.354368055881112
"_CTGATCCGTTATTCTC-6","Glut-DACH2-7","Ex_DACH2_ADAMTS5",0.498739204845892
"_CTGATCCTCAGTCAGT-6","Glut-DACH2-5","Ex_DACH2_LHX2",0.501067038069096
"_CTGATCCTCGCCTTGT-6","Glut-DACH2-6","Ex_DACH2_ZMAT4",0.438262469508369
"_CTGCAGGAGGAAACGA-6","Glut-DACH2-7","Ex_DACH2_MGAT4C",0.417474634888989
"_CTGCAGGAGGCGCTCT-6","Glut-DACH2-7","Ex_DACH2_MGAT4C",0.529543666324924
"_CTGCAGGAGTAAACGT-6","Glut-SATB2-1","Ex_SATB2_FOXP2",0.583750602578744
"_CTGCAGGGTATTCCTT-6","Glut-DACH2-5","Ex_DACH2_MGAT4C",0.369474868809819
"_CTGCATCTCACTCTTA-6","Glut-DACH2-6","Ex_DACH2_CEMIP",0.973614777943431
"_CTGCCATAGCTGCCTG-6","Glut-DACH2-1","Ex_DACH2_MGAT4C",0.542725182907706
"_CTGCCATGTCCTTGTC-6","Glut-SATB2-1","Ex_SATB2_ZNF385B",1
"_CTGCCATTCAGTCAGT-6","Glut-DACH2-7","Ex_DACH2_ADAMTS5",0.337521783558429
"_CTGCCTAAGACTGTTC-6","Glut-DACH2-5","Ex_DACH2_GRIK4",0.334654426341786
"_CTGCCTACAGGCTATT-6","Glut-SATB2-1","Ex_SATB2_SOX6",0.603379743488012
"_CTGCCTAGTGCACATT-6","Glut-DACH2-5","Ex_DACH2_GRIK4",0.346040543308219
"_CTGCCTATCAGAGCAG-6","Glut-DACH2-7","Ex_DACH2_MGAT4C",0.252309350715925
"_CTGCCTATCAGCTGAT-6","Glut-SATB2-1","Ex_SATB2_ZNF385B",1
"_CTGCCTATCGTGTTCC-6","Glut-DACH2-6","Ex_DACH2_CEMIP",0.582599130342961
"_CTGCTCAAGACTTAAG-6","Glut-DACH2-7","Ex_DACH2_MGAT4C",0.466157016892158
"_CTGCTCACAGACCAAG-6","Glut-DACH2-7","Ex_DACH2_MGAT4C",0.45173901426159
"_CTGCTCAGTAGAAACT-6","Glut-DACH2-6","Ex_DACH2_CEMIP",0.353417003592973
"_CTGCTCATCTTAGTTC-6","Glut-DACH2-6","Ex_DACH2_CEMIP",0.407446583186061
"_CTGGCAGAGTCCTGTA-6","Glut-DACH2-5","Ex_DACH2_LHX2",0.595965578489329
"_CTGGCAGAGTGGATTA-6","Glut-DACH2-7","Ex_DACH2_MGAT4C",0.411484029189199
"_CTGGCAGCAAGTCATC-6","Glut-DACH2-5","Ex_DACH2_ADAMTS5",0.41486497866718
"_CTGGCAGGTACCATAC-6","Glut-DACH2-5","Ex_DACH2_ADAMTS5",0.90786398037648
"_CTGGCAGTCAGTCACA-6","Glut-DACH2-8","Ex_DACH2_ZMAT4",0.619794552294102
"_CTGGTCTCAGAAGTTA-6","Glut-SATB2-1","Ex_SATB2_SOX6",0.697224464988621
"_CTGGTCTGTATGTCCA-6","Glut-DACH2-7","Ex_DACH2_GRIK4",0.428949974299948
"_CTGGTCTTCATGGGAG-6","Glut-SATB2-1","Ex_SATB2_SOX6",0.605825700575357
"_CTGGTCTTCTCACTCG-6","Glut-DACH2-5","Ex_DACH2_ADAMTS5",0.809836514147863
"_CTGTACCCAAAGTATG-6","Glut-DACH2-7","Ex_DACH2_MGAT4C",0.405805827904828
"_CTGTACCGTCCCGGTA-6","Glut-DACH2-6","Ex_DACH2_CEMIP",0.22500037677538
"_CTGTACCTCAGGACGA-6","Glut-DACH2-6","Ex_DACH2_CEMIP",0.977055151271392
"_CTGTACCTCTCCCAAC-6","Glut-DACH2-7","Ex_DACH2_ADAMTS5",0.622559381116233
"_CTGTAGACACGAAGAC-6","Glut-DACH2-6","Ex_DACH2_CEMIP",0.518894343142277
"_CTGTAGATCTTCGGAA-6","Glut-DACH2-5","Ex_DACH2_ADAMTS5",0.560786289468021
"_CTGTATTAGAGCTGAC-6","Glut-DACH2-5","Ex_DACH2_LHX2",0.478530470340585
"_CTGTATTGTTCGCGTG-6","Glut-SATB2-1","Ex_SATB2_FOXP2",0.547853359650181
"_CTGTCGTAGCAGGGAG-6","Glut-SATB2-1","Ex_SATB2_SOX6",0.711767765296968
"_CTGTCGTCAGGTCTCG-6","Glut-DACH2-5","Ex_DACH2_LHX2",0.542823515937547
"_CTGTGAACAGGTCCCA-6","Glut-DACH2-6","Ex_DACH2_CEMIP",0.443986072235484
"_CTGTGAACATGGCTAT-6","Glut-DACH2-6","Ex_DACH2_CEMIP",0.93219324251346
"_CTGTGGGCAGGTCTCG-6","Glut-DACH2-5","Ex_DACH2_LHX2",0.437068569978403
"_CTGTGGGGTTTACTTC-6","Glut-DACH2-7","Ex_DACH2_ADAMTS5",0.385881113016326
"_CTGTGGGTCTAGCCTC-6","Glut-DACH2-6","Ex_DACH2_CEMIP",0.884544831242166
"_CTTACCGAGTTTGAGA-6","Glut-DACH2-6","Ex_DACH2_CEMIP",0.905425417704388
"_CTTACCGGTCCACAGC-6","Glut-DACH2-7","Ex_DACH2_ADAMTS5",0.543899660814921
"_CTTACCGTCACTAGCA-6","Glut-DACH2-5","Ex_DACH2_GRIK4",0.360843424426983
"_CTTAGGACACTAGGCC-6","Glut-DACH2-7","Ex_DACH2_ADAMTS5",0.412500237668892
"_CTTAGGACAGCGGTCT-6","Glut-DACH2-6","Ex_DACH2_CEMIP",0.834894778504249
"_CTTAGGACAGGGATAC-6","Glut-DACH2-8","Ex_DACH2_ZMAT4",0.942966252277597
"_CTTAGGAGTTCACCGG-6","Glut-DACH2-6","Ex_DACH2_CEMIP",0.942627539607114
"_CTTAGGATCCGCCTAT-6","Glut-DACH2-8","Ex_DACH2_ZMAT4",0.75615234947362
"_CTTCCGAAGCTGTTAC-6","Glut-SATB2-1","Ex_SATB2_SOX6",0.530896208939339
"_CTTCCGAAGCTTTGTG-6","Glut-DACH2-7","Ex_DACH2_MGAT4C",0.525346993369506
"_CTTCCGACATTATGCG-6","Glut-DACH2-5","Ex_DACH2_ADAMTS5",0.440979439017218
"_CTTCCGATCATTATCC-6","Glut-DACH2-7","Ex_DACH2_ADAMTS5",0.425986195766587
"_CTTCCGATCGGTAGAG-6","Glut-DACH2-6","Ex_DACH2_CEMIP",0.259230196538446
"_CTTCGGTAGCGGTAGT-6","Glut-DACH2-7","Ex_DACH2_GRIK4",0.365935190322555
"_CTTCGGTCAGGCGATA-6","Glut-SATB2-1","Ex_SATB2_SOX6",0.542222977055776
"_CTTCTAAGTCTCTCCA-6","Glut-DACH2-7","Ex_DACH2_GRIK4",0.360344499614707
"_CTTCTCTAGTCCCGAC-6","Glut-DACH2-5","Ex_DACH2_LHX2",0.576598001226021
"_CTTCTCTCAGTTAGGG-6","Glut-DACH2-6","Ex_DACH2_CEMIP",0.911002477181454
"_CTTCTCTGTTGTCTAG-6","Glut-DACH2-5","Ex_DACH2_LHX2",0.593520656523067
"_CTTCTCTTCGCCGATG-6","Glut-DACH2-6","Ex_DACH2_CEMIP",0.986504941486149
"_CTTGAGAAGCGGTAGT-6","Glut-DACH2-6","Ex_DACH2_CEMIP",0.773908332533815
"_CTTGAGAGTACGACTT-6","Glut-DACH2-8","Ex_DACH2_ZMAT4",0.913124479147435
"_CTTGAGAGTGAATTAG-6","Glut-DACH2-6","Ex_DACH2_CEMIP",0.916672264374157
"_CTTGATTGTACGTACT-6","Glut-DACH2-1","Ex_DACH2_ADAMTS5",0.452108520876847
"_CTTGATTGTCGATTAC-6","Glut-DACH2-8","Ex_DACH2_ZMAT4",0.940806412277668
"_CTTGATTGTTAATGAG-6","Glut-SATB2-1","Ex_SATB2_FOXP2",0.445504432608699
"_CTTTCAACAGCAAGAC-6","Glut-SATB2-1","Ex_SATB2_SOX6",0.707004599049032
"_CTTTCAAGTTGCCAAT-6","Glut-DACH2-5","Ex_DACH2_ADAMTS5",0.644756259344927
"_CTTTCAATCAGTCCGG-6","Glut-SATB2-1","Ex_SATB2_ZNF385B",0.973713178780487
"_CTTTCGGAGTCTGGTT-6","Glut-DACH2-7","Ex_DACH2_MGAT4C",0.453232068882502
"_CTTTCGGAGTTATGGA-6","Glut-DACH2-8","Ex_DACH2_ZMAT4",0.888599343595013
"_CTTTCGGCAAGCTGTT-6","Glut-DACH2-5","Ex_DACH2_ADAMTS5",0.750615702824091
"_CTTTCGGCATAATGCC-6","Glut-DACH2-5","Ex_DACH2_LHX2",0.561373046874384
"_CTTTCGGCATTGACCA-6","Glut-DACH2-6","Ex_DACH2_ITGA9",0.250600629658606
"_GAAACCTAGGCATCGA-6","Glut-DACH2-5","Ex_DACH2_GRIK4",0.365670267704843
"_GAAACCTCAATTTCTC-6","Glut-DACH2-7","Ex_DACH2_MGAT4C",0.372489320604812
"_GAAACCTCATAATGAG-6","Glut-SATB2-1","Ex_DACH2_GRIK4",0.549248850432761
"_GAAACCTGTTGTGTAC-6","Glut-DACH2-6","Ex_DACH2_ZMAT4",0.552696841267754
"_GAAATGAGTAGGCTGA-6","Glut-DACH2-7","Ex_DACH2_ADAMTS5",0.670498719733878
"_GAAATGATCAATCGGT-6","Glut-DACH2-7","Ex_DACH2_ADAMTS5",0.52697139582654
"_GAAATGATCATGCCGG-6","Glut-DACH2-6","Ex_DACH2_CEMIP",0.742463065152336
"_GAACACTAGGCTCTCG-6","Glut-DACH2-5","Ex_DACH2_LHX2",0.294491931683435
"_GAACACTCACAATGTC-6","Glut-DACH2-5","Ex_DACH2_ADAMTS5",0.444509555882938
"_GAACACTGTATACCTG-6","Glut-DACH2-6","Ex_DACH2_CEMIP",0.457901525330434
"_GAACACTTCTGCATAG-6","Glut-DACH2-7","Ex_DACH2_ADAMTS5",0.470434111545208
"_GAACGTTCAAACGAGC-6","Glut-DACH2-7","Ex_DACH2_ITGA9",0.563388862879681
"_GAACGTTGTAAGGAGA-6","Glut-SATB2-1","Ex_SATB2_SOX6",0.759953172342141
"_GAACGTTTCAAGGAGC-6","Glut-DACH2-8","Ex_DACH2_ZMAT4",0.860503452587113
"_GAACTGTAGAAATCCA-6","Glut-DACH2-5","Ex_DACH2_LHX2",0.455622134305786
"_GAACTGTGTACCCAGC-6","Glut-DACH2-8","Ex_DACH2_ZMAT4",0.968513284053596
"_GAACTGTGTCACCGAC-6","Glut-DACH2-6","Ex_DACH2_CEMIP",0.918450710339436
"_GAAGAATCAGGTCTCG-6","Glut-DACH2-7","Ex_DACH2_GRIK4",0.415198308304224
"_GAAGAATGTGCTTCAA-6","Glut-DACH2-6","Ex_DACH2_ZMAT4",0.565927515288028
"_GAAGAATGTTCTCCCA-6","Glut-SATB2-1","Ex_SATB2_SOX6",0.339732663943243
"_GAAGAATGTTGCGAAG-6","Glut-DACH2-7","Ex_DACH2_MGAT4C",0.433500017227168
"_GAAGCCCCACGCGGTT-6","Glut-DACH2-5","Ex_DACH2_ADAMTS5",0.636567091820193
"_GAAGCCCCATGGAAGC-6","Glut-DACH2-7","Ex_DACH2_ADAMTS5",0.558674006445213
"_GAAGCCCGTGGATACG-6","Glut-DACH2-6","Ex_DACH2_CEMIP",0.968016050848969
"_GAAGCCCGTTCCACGG-6","Glut-DACH2-1","Ex_DACH2_GRIK4",0.358487000161916
"_GAAGCCCTCGAAGTGG-6","Glut-DACH2-7","Ex_DACH2_ADAMTS5",0.465435812156559
"_GAAGCGAAGCTCCGAC-6","Glut-DACH2-7","Ex_DACH2_GRIK4",0.393012036991024
"_GAAGCGACAGCTGAGA-6","Glut-DACH2-LMANsh","Ex_DACH2_ADAMTS5",0.661802414375122
"_GAAGGACGTACCGCGT-6","Glut-DACH2-8","Ex_DACH2_ZMAT4",0.955732819181941
"_GAAGGACGTATCGGTT-6","Glut-DACH2-5","Ex_DACH2_LHX2",0.573376799136644
"_GAAGGACGTGGTCTAT-6","Glut-DACH2-7","Ex_DACH2_GRIK4",0.32230980747051
"_GAAGGGTGTATGAGGC-6","Glut-DACH2-7","Ex_DACH2_GRIK4",0.365389919383965
"_GAAGTAAAGCGTCTCG-6","Glut-DACH2-8","Ex_DACH2_ZMAT4",0.724097248028907
"_GAAGTAAAGTCTAACC-6","Glut-DACH2-5","Ex_DACH2_LHX2",0.651234273258297
"_GAAGTAACATCATTGG-6","Glut-DACH2-1","Ex_DACH2_GRIK4",0.409245041706087
"_GAAGTAAGTAGAGATT-6","Glut-DACH2-6","Ex_DACH2_CEMIP",0.902547852586061
"_GAAGTAAGTGATACAA-6","Glut-DACH2-8","Ex_DACH2_ZMAT4",0.908289776261818
"_GAAGTAAGTTGAGAGC-6","Glut-SATB2-1","Ex_SATB2_SOX6",0.542004100889897
"_GAATAGAAGGACAGTC-6","Glut-DACH2-7","Ex_DACH2_GRIK4",0.305774129358881
"_GAATAGAGTCCCTGTT-6","Glut-DACH2-5","Ex_DACH2_LHX2",0.345162212352625
"_GAATCACCAGCATACT-6","Glut-DACH2-6","Ex_DACH2_CEMIP",0.757143762928348
"_GAATCACTCAGTGTGT-6","Glut-DACH2-7","Ex_DACH2_GRIK4",0.62997066253266
"_GAATCACTCTGCGATA-6","Glut-SATB2-1","Ex_SATB2_SOX6",0.895061509543637
"_GAATCGTAGGCGTCCT-6","Glut-DACH2-5","Ex_DACH2_ADAMTS5",0.90530885551049
"_GAATCGTGTCCCTCAT-6","Glut-DACH2-6","Ex_DACH2_CEMIP",0.932745705874961
"_GAATCGTGTTCAATCG-6","Glut-DACH2-6","Ex_DACH2_ZMAT4",0.418384994385752
"_GAATCGTTCACGGGCT-6","Glut-SATB2-1","Ex_SATB2_FOXP2",0.628432129094729
"_GAATCGTTCCGCACGA-6","Glut-DACH2-7","Ex_DACH2_GRIK4",0.556570663593075
"_GACACGCCAAGGATGC-6","Glut-DACH2-7","Ex_DACH2_ADAMTS5",0.440532895724376
"_GACACGCGTAACGTTC-6","Glut-DACH2-6","Ex_DACH2_CEMIP",0.708756694424351
"_GACACGCGTTGCGTAT-6","Glut-DACH2-6","Ex_DACH2_CEMIP",0.525499545179768
"_GACACGCTCTACGGGC-6","Glut-DACH2-5","Ex_DACH2_GRIK4",0.317772053983198
"_GACAGCCAGACAGTCG-6","Glut-SATB2-1","Ex_SATB2_SOX6",0.787157008783066
"_GACAGCCGTCACCTTC-6","Glut-DACH2-7","Ex_DACH2_MGAT4C",0.409338897171
"_GACAGCCGTCTACGTA-6","Glut-DACH2-5","Ex_DACH2_ADAMTS5",0.60359346263003
"_GACAGCCGTGGCACTC-6","Glut-DACH2-5","Ex_DACH2_LHX2",0.531163759754567
"_GACATCAAGATCCCAT-6","Glut-DACH2-6","Ex_DACH2_CEMIP",0.994107308353488
"_GACATCACAGATTCGT-6","Glut-DACH2-6","Ex_DACH2_CEMIP",0.984494537103427
"_GACATCACAGTCTGGC-6","Glut-DACH2-7","Ex_DACH2_MGAT4C",0.346270097683809
"_GACCAATCACGGCCAT-6","Glut-DACH2-5","Ex_DACH2_ADAMTS5",0.440696804650744
"_GACCAATCAGCGACCT-6","Glut-DACH2-6","Ex_DACH2_CEMIP",0.931420065962464
"_GACCAATCAGGCGAAT-6","Glut-DACH2-7","Ex_DACH2_NR4A3",0.603313848672778
"_GACCAATTCATGCGGC-6","Glut-SATB2-1","Ex_SATB2_OVOA",0.425122617975464
"_GACCCAGAGGGTTTCT-6","Glut-DACH2-8","Ex_DACH2_ZMAT4",0.727627838553844
"_GACCCAGGTCGTACTA-6","Glut-DACH2-8","Ex_DACH2_ZMAT4",0.867271657532617
"_GACCCAGTCCGACAGC-6","Glut-DACH2-7","Ex_DACH2_NR4A3",0.872292560603719
"_GACCCTTAGATTGATG-6","Glut-DACH2-5","Ex_DACH2_ADAMTS5",0.324422050915575
"_GACCCTTCAAATGAAC-6","Glut-DACH2-8","Ex_DACH2_ZMAT4",0.574336199622377
"_GACCCTTGTCACCGAC-6","Glut-DACH2-8","Ex_DACH2_ZMAT4",0.940839787149383
"_GACCGTGAGCTGGCTC-6","Glut-DACH2-6","Ex_DACH2_CEMIP",0.846187585386216
"_GACCGTGTCTCTCGAC-6","Glut-DACH2-5","Ex_DACH2_ADAMTS5",0.615971336157639
"_GACCTTCTCCAATCCC-6","Glut-DACH2-2","Ex_DACH2_ADAMTS5",0.460344087288167
"_GACCTTCTCTTTCCGG-6","Glut-DACH2-8","Ex_DACH2_ZMAT4",0.770187523103355
"_GACGCTGTCATTGCGA-6","Glut-SATB2-1","Ex_SATB2_SOX6",0.557053382856187
"_GACGCTGTCCATCCGT-6","Glut-DACH2-6","Ex_DACH2_CEMIP",0.952173731490945
"_GACGTTACACCGTGCA-6","Glut-DACH2-7","Ex_DACH2_LHX2",0.644102500088149
"_GACGTTACAGGTATGG-6","Glut-DACH2-6","Ex_DACH2_ZMAT4",0.523531888823617
"_GACGTTAGTATGGAAT-6","Glut-DACH2-6","Ex_DACH2_ITGA9",0.284135432342496
"_GACGTTATCCGAGTGC-6","Glut-DACH2-6","Ex_DACH2_CEMIP",0.962485832124034
"_GACGTTATCCGATGTA-6","Glut-SATB2-1","Ex_SATB2_FOXP2",0.585394328592586
"_GACTATGTCATACGGT-6","Glut-DACH2-6","Ex_DACH2_CEMIP",0.95275533152179
"_GACTCAAAGCACCCAC-6","Glut-DACH2-5","Ex_DACH2_GRIK4",0.3690765795831
"_GACTCTCAGGTGCAGT-6","Glut-DACH2-5","Ex_DACH2_GRIK4",0.305089594417642
"_GACTCTCTCCGACATA-6","Glut-DACH2-LMANsh","Ex_DACH2_ADAMTS5",0.644256252709762
"_GACTCTCTCGCTGCGA-6","Glut-DACH2-7","Ex_DACH2_MGAT4C",0.353995890432335
"_GACTGATCAAGTGGAC-6","Glut-DACH2-6","Ex_DACH2_CEMIP",0.864359291285375
"_GACTTCCCATTGTCGA-6","Glut-DACH2-7","Ex_DACH2_LHX2",0.590425138610963
"_GACTTCCGTACAGCGA-6","Glut-DACH2-6","Ex_DACH2_CEMIP",0.951179216255199
"_GACTTCCGTCAAAGAT-6","Glut-DACH2-7","Ex_DACH2_MGAT4C",0.370602952742894
"_GACTTCCTCCATTTCA-6","Glut-DACH2-5","Ex_DACH2_LHX2",0.533159953512891
"_GACTTCCTCTGTGTGA-6","Glut-DACH2-7","Ex_DACH2_ADAMTS5",0.439402320740631
"_GAGAAATAGACCTTTG-6","Glut-DACH2-5","Ex_DACH2_MGAT4C",0.447885466424629
"_GAGAAATGTGCTTATG-6","Glut-DACH2-7","Ex_DACH2_GRIK4",0.575753423521168
"_GAGACCCAGGAAAGAC-6","Glut-SATB2-1","Ex_SATB2_FOXP2",0.732329565452446
"_GAGACCCTCGAAATCC-6","Glut-DACH2-8","Ex_DACH2_ZMAT4",0.731183919477516
"_GAGACCCTCGGCTTCT-6","Glut-DACH2-5","Ex_DACH2_LHX2",0.591621136133574
"_GAGACTTAGTACCATC-6","Glut-SATB2-1","Ex_SATB2_FOXP2",0.574832504235482
"_GAGACTTCAAACTAGA-6","Glut-DACH2-7","Ex_DACH2_NR4A3",0.311485087762916
"_GAGAGGTAGAAGCGGG-6","Glut-DACH2-7","Ex_DACH2_GRIK4",0.328050449601655
"_GAGAGGTAGCTAATGA-6","Glut-DACH2-5","Ex_DACH2_ADAMTS5",0.57214591119937
"_GAGAGGTTCCGGTAGC-6","Glut-DACH2-5","Ex_DACH2_ADAMTS5",0.896562277603459
"_GAGATGGAGTAACCTC-6","Glut-DACH2-5","Ex_DACH2_LHX2",0.542281739730845
"_GAGCCTGCAGAGTTGG-6","Glut-DACH2-6","Ex_DACH2_CEMIP",0.458166353106593
"_GAGCCTGCATGTGCCG-6","Glut-DACH2-1","Ex_DACH2_GRIK4",0.371115780164844
"_GAGCCTGGTACGGTTT-6","Glut-DACH2-7","Ex_DACH2_MGAT4C",0.434491727643553
"_GAGCTGCAGACATCAA-6","Glut-DACH2-7","Ex_DACH2_ADAMTS5",0.735026727668904
"_GAGCTGCCAATGCTCA-6","Glut-DACH2-7","Ex_DACH2_ZMAT4",0.286056117607399
"_GAGCTGCGTGAACCGA-6","Glut-DACH2-5","Ex_DACH2_ADAMTS5",0.494067440234502
"_GAGCTGCTCAATCTCT-6","Glut-DACH2-1","Ex_DACH2_ADAMTS5",0.344085282046404
"_GAGGCAAGTAGAGACC-6","Glut-DACH2-7","Ex_DACH2_MGAT4C",0.59448321103156
"_GAGGCAATCCTTGGAA-6","Glut-DACH2-7","Ex_DACH2_LHX2",0.250185553994521
"_GAGGCCTAGGACTATA-6","Glut-DACH2-7","Ex_DACH2_MGAT4C",0.479085397455199
"_GAGGCCTAGTCTTCGA-6","Glut-DACH2-5","Ex_DACH2_ADAMTS5",0.758938566698824
"_GAGGCCTCAGCTGTAT-6","Glut-DACH2-5","Ex_DACH2_ADAMTS5",0.670685828809891
"_GAGGCCTTCCGACAGC-6","Glut-DACH2-5","Ex_DACH2_LHX2",0.565361048464699
"_GAGGCCTTCGAGAACG-6","Glut-SATB2-1","Ex_SATB2_SOX6",0.545843574518522
"_GAGGGATAGACGACTG-6","Glut-DACH2-6","Ex_DACH2_CEMIP",0.950681438044859
"_GAGGGATAGCTGGTGA-6","Glut-DACH2-5","Ex_DACH2_ADAMTS5",0.431154323710781
"_GAGGGATCAACCAATC-6","Glut-DACH2-5","Ex_DACH2_LHX2",0.358251633996067
"_GAGGGATCATACCAGT-6","Glut-DACH2-7","Ex_DACH2_ADAMTS5",0.526484561885136
"_GAGGGATGTCCCACGA-6","Glut-DACH2-LMANsh","Ex_DACH2_LHX2",0.614786087989785
"_GAGGGTACAAGACCTT-6","Glut-DACH2-6","Ex_DACH2_CEMIP",0.889153453129985
"_GAGGGTACACTAAACC-6","Glut-DACH2-LMANsh","Ex_DACH2_LHX2",0.507089766906565
"_GAGGGTAGTGATATAG-6","Glut-SATB2-1","Ex_SATB2_OVOA",0.580067238197338
"_GAGGGTATCAAGAATG-6","Glut-DACH2-5","Ex_DACH2_ADAMTS5",0.61878007825799
"_GAGTCATCAATCCTAG-6","Glut-DACH2-6","Ex_DACH2_CEMIP",0.815810721575868
"_GAGTCATCACGGGCTT-6","Glut-DACH2-6","Ex_DACH2_CEMIP",0.780637927014304
"_GAGTCATGTCTTGGTA-6","Glut-SATB2-1","Ex_SATB2_FOXP2",0.759656123094258
"_GAGTCTAAGGCGAACT-6","Glut-DACH2-6","Ex_DACH2_CEMIP",0.982963453660188
"_GAGTCTAAGGTACAGC-6","Glut-DACH2-5","Ex_DACH2_ADAMTS5",0.740970885694436
"_GAGTCTACAATCGTCA-6","Glut-DACH2-5","Ex_DACH2_ADAMTS5",0.339164555416593
"_GAGTGAGAGGGCATGT-6","Glut-DACH2-5","Ex_DACH2_ADAMTS5",0.266123148849575
"_GAGTGAGCAATAACCC-6","Glut-DACH2-5","Ex_DACH2_ADAMTS5",0.729438238263118
"_GAGTGAGTCTCGTGAA-6","Glut-SATB2-1","Ex_SATB2_SOX6",0.60002266151645
"_GAGTGTTAGTGAGGTC-6","Glut-DACH2-8","Ex_DACH2_ZMAT4",0.754220259044413
"_GAGTGTTCACAAGCCC-6","Glut-SATB2-1","Ex_SATB2_SOX6",0.927625830272068
"_GAGTTACCAAGCTGTT-6","Glut-DACH2-5","Ex_DACH2_LHX2",0.510428106077429
"_GAGTTACCAGCTTCCT-6","Glut-DACH2-7","Ex_DACH2_GRIK4",0.336228646452722
"_GAGTTACGTAGCCAGA-6","Glut-DACH2-8","Ex_DACH2_ZMAT4",0.686951363783847
"_GAGTTACGTTTCGACA-6","Glut-DACH2-6","Ex_DACH2_CEMIP",0.499428023239592
"_GAGTTACTCGCCTAGG-6","Glut-DACH2-7","Ex_DACH2_GRIK4",0.3577444130667
"_GAGTTACTCTGGGCCA-6","Glut-DACH2-5","Ex_DACH2_ADAMTS5",0.527928234750847
"_GAGTTGTGTTATAGAG-6","Glut-DACH2-7","Ex_DACH2_ADAMTS5",0.486013248910064
"_GAGTTTGAGCTACTGT-6","Glut-DACH2-5","Ex_DACH2_ADAMTS5",0.447277248778103
"_GAGTTTGGTAACGGTG-6","Glut-DACH2-7","Ex_DACH2_ADAMTS5",0.474971404843159
"_GATAGAATCCTGTACC-6","Glut-DACH2-5","Ex_DACH2_LHX2",0.453545247152403
"_GATAGAATCCTTATAC-6","Glut-SATB2-1","Ex_SATB2_FOXP2",0.681296436325402
"_GATAGAATCTGTCGCT-6","Glut-DACH2-7","Ex_DACH2_GRIK4",0.458619091967544
"_GATAGCTAGACCTCAT-6","Glut-DACH2-5","Ex_DACH2_LHX2",0.359892255088365
"_GATAGCTGTGTCGATT-6","Glut-SATB2-1","Ex_SATB2_SOX6",0.506873392361675
"_GATCACAAGTCATAGA-6","Glut-DACH2-6","Ex_DACH2_CEMIP",0.560290705723603
"_GATCACACAAGACCTT-6","Glut-DACH2-5","Ex_DACH2_LHX2",0.416849511612348
"_GATCACACAGGTGACA-6","Glut-DACH2-6","Ex_DACH2_CEMIP",0.665697066394832
"_GATCACAGTGTATTCG-6","Glut-SATB2-1","Ex_SATB2_SOX6",0.502280631399085
"_GATCACATCCATAGAC-6","Glut-SATB2-1","Ex_SATB2_SOX6",0.60573462160579
"_GATCAGTCATTAAAGG-6","Glut-DACH2-7","Ex_DACH2_ADAMTS5",0.558245384062061
"_GATCAGTGTATGGGAC-6","Glut-DACH2-7","Ex_DACH2_ADAMTS5",0.775967794320095
"_GATCAGTGTGATTCTG-6","Glut-DACH2-6","Ex_DACH2_CEMIP",0.974905997057845
"_GATCAGTGTTCCTACC-6","Glut-SATB2-1","Ex_SATB2_SOX6",0.688325116901175
"_GATCATGAGGAGGTTC-6","Glut-DACH2-6","Ex_DACH2_ITGA9",0.241850541990294
"_GATCATGCAATTGCAC-6","Glut-DACH2-5","Ex_DACH2_NR4A3",0.25251648688046
"_GATCATGCACAACGCC-6","Glut-DACH2-5","Ex_DACH2_LHX2",0.581318556065081
"_GATCATGCATCGGAAG-6","Glut-DACH2-5","Ex_DACH2_LHX2",0.55803843100321
"_GATCATGGTGACCTGC-6","Glut-DACH2-6","Ex_DACH2_CEMIP",0.961403358010172
"_GATCATGGTTCTCCTG-6","Glut-DACH2-5","Ex_DACH2_ADAMTS5",0.592916700831696
"_GATCATGTCATCCTGC-6","Glut-DACH2-5","Ex_DACH2_ADAMTS5",0.581303303150053
"_GATCATGTCTGTAAGC-6","Glut-DACH2-5","Ex_DACH2_LHX2",0.379861258581786
"_GATCCCTGTCTAGGCC-6","Glut-DACH2-8","Ex_DACH2_CEMIP",0.681145481863787
"_GATCGTACAAGTGCTT-6","Glut-DACH2-8","Ex_DACH2_ZMAT4",0.880928765368422
"_GATCGTACATTGAAGA-6","Glut-DACH2-8","Ex_DACH2_ZMAT4",0.958631449168079
"_GATCGTAGTGCAATGG-6","Glut-DACH2-8","Ex_DACH2_ZMAT4",0.870006731687125
"_GATGACTAGCCTGAAG-6","Glut-DACH2-5","Ex_DACH2_ADAMTS5",0.727053097845645
"_GATGACTAGGCCTGCT-6","Glut-DACH2-8","Ex_DACH2_ZMAT4",0.875269037918444
"_GATGACTTCGCAACAT-6","Glut-SATB2-1","Ex_SATB2_SOX6",0.842642671376597
"_GATGAGGGTTAAACAG-6","Glut-DACH2-5","Ex_DACH2_LHX2",0.395800472853309
"_GATGATCAGCGGCTCT-6","Glut-DACH2-7","Ex_DACH2_NR4A3",0.795106896687002
"_GATGATCAGTGACCTT-6","Glut-DACH2-5","Ex_DACH2_LHX2",0.396606442627804
"_GATGCTAAGCCGGATA-6","Glut-DACH2-7","Ex_DACH2_ADAMTS5",0.474968911042459
"_GATGCTACAGGACGAT-6","Glut-DACH2-8","Ex_DACH2_ZMAT4",0.59468135672423
"_GATGTTGAGGTCATAA-6","Glut-DACH2-5","Ex_DACH2_ADAMTS5",0.344325303759932
"_GATGTTGGTTAGTCGT-6","Glut-DACH2-7","Ex_DACH2_NR4A3",0.944004052666959
"_GATGTTGTCCAAGCCG-6","Glut-DACH2-7","Ex_DACH2_MGAT4C",0.436671561991572
"_GATGTTGTCCCATGGG-6","Glut-DACH2-5","Ex_DACH2_ADAMTS5",0.8410172080293
"_GATTCGAAGACCTTTG-6","Glut-DACH2-5","Ex_DACH2_ADAMTS5",0.376825231746009
"_GATTCGAGTTGCTCCT-6","Glut-DACH2-7","Ex_DACH2_CEMIP",0.274533413879254
"_GATTCTTAGCCAACCC-6","Glut-DACH2-5","Ex_DACH2_LHX2",0.309028501077325
"_GATTCTTAGTAGCCAG-6","Glut-DACH2-6","Ex_DACH2_CEMIP",0.894588005020819
"_GATTCTTCACTTCAAG-6","Glut-DACH2-7","Ex_DACH2_NR4A3",0.225271889871554
"_GATTCTTCATATGCGT-6","Glut-DACH2-7","Ex_DACH2_LHX2",0.640329359901588
"_GATTCTTTCCTCATAT-6","Glut-DACH2-8","Ex_DACH2_ZMAT4",0.851555237957906
"_GATTGGTAGCACTCTA-6","Glut-DACH2-7","Ex_DACH2_ADAMTS5",0.378899648555643
"_GATTGGTCAATGCAAA-6","Glut-DACH2-5","Ex_DACH2_LHX2",0.508925964886557
"_GATTGGTCACGTGAGA-6","Glut-DACH2-7","Ex_DACH2_LHX2",0.375326769305454
"_GATTGGTCATTGAGGG-6","Glut-DACH2-5","Ex_DACH2_LHX2",0.51398500187515
"_GATTGGTTCTTCTTCC-6","Glut-DACH2-6","Ex_DACH2_CEMIP",0.899828112373223
"_GATTTCTAGACTTCAC-6","Glut-DACH2-5","Ex_DACH2_ADAMTS5",0.428927534237689
"_GATTTCTAGCAGATAT-6","Glut-DACH2-6","Ex_DACH2_CEMIP",0.616985147604122
"_GATTTCTAGCCGAATG-6","Glut-DACH2-6","Ex_DACH2_ZMAT4",0.272918550144624
"_GATTTCTAGGTGCTTT-6","Glut-DACH2-7","Ex_DACH2_ADAMTS5",0.59653180517595
"_GATTTCTCAGCAGTAG-6","Glut-DACH2-7","Ex_DACH2_GRIK4",0.40269298329892
"_GATTTCTGTAGGTAGC-6","Glut-DACH2-8","Ex_DACH2_ZMAT4",0.623985848426445
"_GATTTCTGTGTCACAT-6","Glut-DACH2-7","Ex_DACH2_ADAMTS5",0.537252089805066
"_GATTTCTTCGCATAGT-6","Glut-SATB2-1","Ex_SATB2_FOXP2",0.577991440272725
"_GCAACATAGAGCAGTC-6","Glut-DACH2-7","Ex_DACH2_MGAT4C",0.410566561895989
"_GCAACCGAGCATCAAA-6","Glut-DACH2-5","Ex_DACH2_GRIK4",0.407225165442658
"_GCACATAAGTAACCTC-6","Glut-DACH2-LMANsh","Ex_DACH2_LHX2",0.415691412582407
"_GCACATATCCTACTGC-6","Glut-DACH2-5","Ex_DACH2_ADAMTS5",0.249042027141986
"_GCACATATCTTGGTGA-6","Glut-DACH2-8","Ex_DACH2_ZMAT4",0.904034236418887
"_GCACGGTCACTTGAGT-6","Glut-DACH2-7","Ex_DACH2_ADAMTS5",0.607248893228094
"_GCACGGTGTGTCATGT-6","Glut-DACH2-6","Ex_DACH2_CEMIP",0.997868710554376
"_GCACGGTTCGCTAAAC-6","Glut-SATB2-1","Ex_SATB2_SOX6",0.592604285188662
"_GCACGTGAGTCGGCCT-6","Glut-DACH2-6","Ex_DACH2_ZMAT4",0.416582914045417
"_GCACTAATCCCTCGAT-6","Glut-DACH2-6","Ex_DACH2_CEMIP",0.655559456843773
"_GCAGCCACAAACAGGC-6","Glut-DACH2-7","Ex_DACH2_GRIK4",0.388375420378936
"_GCAGCCACACTCGATA-6","Glut-DACH2-6","Ex_DACH2_ZMAT4",0.434990672920716
"_GCAGCCACAGATACCT-6","Glut-DACH2-7","Ex_DACH2_LHX2",0.304713102869551
"_GCAGCCAGTTACGTAC-6","Glut-SATB2-1","Ex_SATB2_SOX6",0.509453442922665
"_GCAGCTGGTAGCTGAG-6","Glut-DACH2-7","Ex_DACH2_ADAMTS5",0.401192810934106
"_GCAGCTGTCACCCTTG-6","Glut-SATB2-1","Ex_SATB2_FOXP2",0.552489577215351
"_GCAGGCTAGTTGTAGA-6","Glut-DACH2-7","Ex_DACH2_MGAT4C",0.256341233070033
"_GCAGGCTTCATCACAG-6","Glut-DACH2-8","Ex_DACH2_CEMIP",0.450199582176518
"_GCAGGCTTCCCTCTTT-6","Glut-DACH2-5","Ex_DACH2_GRIK4",0.384907690511709
"_GCAGTTACACTATCCC-6","Glut-DACH2-6","Ex_DACH2_CEMIP",0.92237047585897
"_GCAGTTATCGTAGGAG-6","Glut-DACH2-LMANco","Ex_DACH2_ZMAT4",0.510592918151917
"_GCAGTTATCTTACGGA-6","Glut-DACH2-1","Ex_DACH2_GRIK4",0.452768901842151
"_GCATCGGCATTGCCTC-6","Glut-SATB2-1","Ex_SATB2_SOX6",0.845222159741231
"_GCATCGGTCGCTGACG-6","Glut-DACH2-5","Ex_DACH2_ADAMTS5",0.538458825303763
"_GCATCGGTCTTGGTCC-6","Glut-DACH2-5","Ex_DACH2_LHX2",0.645497663523013
"_GCATCTCGTAGCTCGC-6","Glut-SATB2-1","Ex_SATB2_OVOA",0.377611544749204
"_GCATCTCGTTTCTATC-6","Glut-DACH2-1","Ex_DACH2_GRIK4",0.504671652243202
"_GCATCTCTCGTCGCTT-6","Glut-DACH2-5","Ex_DACH2_LHX2",0.461901463148333
"_GCATCTCTCTTCTGTA-6","Glut-SATB2-1","Ex_SATB2_SOX6",0.743833393447716
"_GCATGATGTAGACGGT-6","Glut-DACH2-6","Ex_DACH2_CEMIP",0.961740818510429
"_GCATGATTCGTAGCCG-6","Glut-DACH2-8","Ex_DACH2_ZMAT4",0.683091413185035
"_GCATTAGAGATGTTCC-6","Glut-DACH2-5","Ex_DACH2_GRIK4",0.351771935861318
"_GCATTAGCAAGTGGAC-6","Glut-DACH2-8","Ex_DACH2_ZMAT4",0.875646314911267
"_GCATTAGGTATGAGAT-6","Glut-DACH2-6","Ex_DACH2_CEMIP",0.476341656995223
"_GCCAACGAGCTCCATA-6","Glut-DACH2-6","Ex_DACH2_CEMIP",0.637423241904981
"_GCCAACGCATACCAGT-6","Glut-DACH2-5","Ex_DACH2_NR4A3",0.827669535265522
"_GCCAACGGTCTACACA-6","Glut-DACH2-7","Ex_DACH2_LHX2",0.435710561196612
"_GCCAGCAAGACATAGT-6","Glut-DACH2-6","Ex_DACH2_CEMIP",0.716994201943805
"_GCCAGCACAAGTAGTA-6","Glut-DACH2-5","Ex_DACH2_ADAMTS5",0.585175110729984
"_GCCAGCAGTCTTTATC-6","Glut-DACH2-7","Ex_DACH2_GRIK4",0.39434084863087
"_GCCAGCAGTTCGAACT-6","Glut-DACH2-7","Ex_DACH2_GRIK4",0.678170437679485
"_GCCAGCATCATTGCCC-6","Glut-DACH2-8","Ex_DACH2_CEMIP",0.611150316379215
"_GCCAGGTAGTATGCAA-6","Glut-SATB2-1","Ex_SATB2_SOX6",0.664346921575821
"_GCCAGGTGTGTTGCCG-6","Glut-DACH2-7","Ex_DACH2_ADAMTS5",0.3485793071014
"_GCCAGTGAGTGTAGTA-6","Glut-DACH2-7","Ex_DACH2_ADAMTS5",0.647968296608953
"_GCCAGTGCAACAAGAT-6","Glut-DACH2-5","Ex_DACH2_ADAMTS5",0.589495140743391
"_GCCAGTGGTAGCACAG-6","Glut-DACH2-7","Ex_DACH2_ADAMTS5",0.454489283725159
"_GCCAGTGTCCGTGTCT-6","Glut-DACH2-5","Ex_DACH2_LHX2",0.601472414422365
"_GCCAGTGTCCTCTAGC-6","Glut-DACH2-5","Ex_DACH2_LHX2",0.640764872759198
"_GCCATGGCACTGGCGT-6","Glut-DACH2-5","Ex_DACH2_LHX2",0.629283148891999
"_GCCATGGTCACCATAG-6","Glut-SATB2-1","Ex_SATB2_SOX6",0.685165205820498
"_GCCATTCAGCATGTTC-6","Glut-DACH2-8","Ex_DACH2_ZMAT4",0.562584001069632
"_GCCATTCCATGCAGCC-6","Glut-DACH2-7","Ex_DACH2_NR4A3",0.657146630388611
"_GCCATTCGTCGGTGTC-6","Glut-DACH2-7","Ex_DACH2_ADAMTS5",0.363273522634321
"_GCCATTCGTGCACATT-6","Glut-DACH2-8","Ex_DACH2_ZMAT4",0.75887417611992
"_GCCATTCTCAAACCTG-6","Glut-DACH2-7","Ex_DACH2_ADAMTS5",0.373441027666354
"_GCCATTCTCGTAGCTA-6","Glut-DACH2-6","Ex_DACH2_CEMIP",0.521968625789064
"_GCCCAGAAGAACGCGT-6","Glut-DACH2-7","Ex_DACH2_MGAT4C",0.438192659723459
"_GCCCAGATCGCAACAT-6","Glut-DACH2-6","Ex_DACH2_CEMIP",0.674476738424943
"_GCCCGAAAGCACCTGC-6","Glut-DACH2-5","Ex_DACH2_LHX2",0.377751275669911
"_GCCCGAAAGGATCACG-6","Glut-DACH2-6","Ex_DACH2_CEMIP",0.898344904580585
"_GCCCGAAGTTAAGGGC-6","Glut-DACH2-7","Ex_DACH2_ADAMTS5",0.270217565160146
"_GCCCGAAGTTTGCAGT-6","Glut-DACH2-5","Ex_DACH2_LHX2",0.626797357473921
"_GCCGATGAGCATTGAA-6","Glut-DACH2-8","Ex_DACH2_CEMIP",0.95936521660476
"_GCCGATGCACATGAAA-6","Glut-DACH2-5","Ex_DACH2_LHX2",0.58213111887395
"_GCCGATGGTACGTAGG-6","Glut-DACH2-7","Ex_DACH2_ADAMTS5",0.415925185323234
"_GCCGTGACACTGTGAT-6","Glut-DACH2-7","Ex_DACH2_GRIK4",0.389257490289531
"_GCCGTGACATTCTTCA-6","Glut-DACH2-LMANsh","Ex_DACH2_LHX2",0.494341767792815
"_GCCGTGAGTCTTTCTA-6","Glut-DACH2-7","Ex_DACH2_ADAMTS5",0.569048343265517
"_GCCGTGATCCGGCAAC-6","Glut-DACH2-8","Ex_DACH2_ZMAT4",0.917770451797943
"_GCCGTGATCGCTGACG-6","Glut-SATB2-1","Ex_SATB2_SOX6",0.627741296940969
"_GCCGTGATCGTTAGTG-6","Glut-DACH2-6","Ex_DACH2_CEMIP",0.827537031315611
"_GCCTGTTCAGTCCGTG-6","Glut-DACH2-5","Ex_DACH2_ADAMTS5",0.79360255470732
"_GCGAGAAGTCATGACT-6","Glut-DACH2-7","Ex_DACH2_GRIK4",0.450815574489403
"_GCGAGAATCGTTGTTT-6","Glut-DACH2-7","Ex_DACH2_GRIK4",0.417447320306043
"_GCGAGAATCTTGGTCC-6","Glut-DACH2-8","Ex_DACH2_ZMAT4",0.760199672134949
"_GCGGAAAAGTCATGGG-6","Glut-DACH2-7","Ex_DACH2_GRIK4",0.377489926403841
"_GCGGAAACAAGTGGCA-6","Glut-DACH2-6","Ex_DACH2_CEMIP",0.501242649444874
"_GCGGAAACATGGCTAT-6","Glut-DACH2-7","Ex_DACH2_GRIK4",0.419417567051761
"_GCGGAAAGTCGTTCAA-6","Glut-DACH2-6","Ex_DACH2_CEMIP",0.57873205027944
"_GCGGAAAGTGGCTACC-6","Glut-DACH2-7","Ex_DACH2_MGAT4C",0.508958210403664
"_GCGGAAAGTTAGAAGT-6","Glut-DACH2-7","Ex_DACH2_GRIK4",0.430418915704803
"_GCGGAAATCCACCTCA-6","Glut-DACH2-6","Ex_DACH2_CEMIP",0.952934754450705
"_GCGGATCAGCAGGTCA-6","Glut-DACH2-7","Ex_DACH2_GRIK4",0.512996864581763
"_GCGGATCAGCATCAGG-6","Glut-DACH2-6","Ex_DACH2_ZMAT4",0.43098313601777
"_GCGGATCGTCAGGTGA-6","Glut-DACH2-6","Ex_DACH2_CEMIP",0.731465634786652
"_GCGGATCGTTGGGTTT-6","Glut-SATB2-1","Ex_SATB2_FOXP2",0.73188060857519
"_GCGGATCTCAAATGAG-6","Glut-DACH2-5","Ex_DACH2_LHX2",0.428579421891203
"_GCGTGCACAAGCTACT-6","Glut-DACH2-7","Ex_DACH2_ADAMTS5",0.529065443628126
"_GCGTGCATCAACGCTA-6","Glut-DACH2-7","Ex_DACH2_LHX2",0.537432329295695
"_GCGTGCATCACCTGTC-6","Glut-DACH2-7","Ex_DACH2_MGAT4C",0.390469737688529
"_GCGTGCATCACGATCA-6","Glut-DACH2-8","Ex_DACH2_ZMAT4",0.623642749327417
"_GCGTGCATCCGGGACT-6","Glut-DACH2-5","Ex_DACH2_MGAT4C",0.305436790831368
"_GCGTTTCAGGCTATCT-6","Glut-DACH2-7","Ex_DACH2_ADAMTS5",0.792864551961999
"_GCGTTTCGTTATGTGC-6","Glut-DACH2-5","Ex_DACH2_LHX2",0.500480758441627
"_GCTACAATCGCCAGAC-6","Glut-DACH2-8","Ex_DACH2_ZMAT4",0.959208914483475
"_GCTACCTAGTAAATGC-6","Glut-DACH2-5","Ex_DACH2_ADAMTS5",0.323582063560792
"_GCTACCTCAACAGCTT-6","Glut-DACH2-6","Ex_DACH2_CEMIP",0.312743087509159
"_GCTACCTCACGTATAC-6","Glut-DACH2-6","Ex_DACH2_CEMIP",0.679168859294511
"_GCTACCTGTAATACCC-6","Glut-DACH2-5","Ex_DACH2_ADAMTS5",0.537645405604768
"_GCTACCTGTGTTGAGG-6","Glut-DACH2-1","Ex_DACH2_ADAMTS5",0.421290305125587
"_GCTACCTTCACCGGGT-6","Glut-DACH2-7","Ex_DACH2_ADAMTS5",0.450667920126126
"_GCTCAAATCAAGTTGC-6","Glut-DACH2-5","Ex_DACH2_MGAT4C",0.430112528742568
"_GCTCAAATCCATCTAT-6","Glut-DACH2-5","Ex_DACH2_ADAMTS5",0.462322896233585
"_GCTGAATAGTCGGCCT-6","Glut-DACH2-8","Ex_DACH2_ZMAT4",0.906656700265705
"_GCTGAATCAGGCACTC-6","Glut-DACH2-6","Ex_DACH2_CEMIP",0.733235400308616
"_GCTGAATGTCTAGATC-6","Glut-DACH2-5","Ex_DACH2_ADAMTS5",0.792193497153391
"_GCTGAATGTGTCATCA-6","Glut-DACH2-5","Ex_DACH2_ADAMTS5",0.725792180916049
"_GCTGAATGTTGCCGCA-6","Glut-DACH2-5","Ex_DACH2_LHX2",0.622757873868166
"_GCTGCAGCAAAGCACG-6","Glut-DACH2-6","Ex_DACH2_CEMIP",0.65431737543156
"_GCTGCAGCAAGGTTGG-6","Glut-DACH2-6","Ex_DACH2_CEMIP",0.94005701126867
"_GCTGCAGCAGCGTTGC-6","Glut-DACH2-5","Ex_DACH2_ADAMTS5",0.68465338680979
"_GCTGCAGGTGGCACTC-6","Glut-DACH2-6","Ex_DACH2_ITGA9",0.412878210662557
"_GCTGGGTGTGGTCTAT-6","Glut-DACH2-8","Ex_DACH2_ZMAT4",0.873474171410669
"_GCTGGGTTCATGTCTT-6","Glut-SATB2-1","Ex_SATB2_SOX6",0.531681383349753
"_GCTTCACAGGACATCG-6","Glut-DACH2-6","Ex_DACH2_CEMIP",0.982350697514987
"_GCTTCACCAAGGTACG-6","Glut-DACH2-6","Ex_DACH2_CEMIP",0.449250038947351
"_GCTTCACCATGGGATG-6","Glut-SATB2-1","Ex_SATB2_SOX6",0.636723338565577
"_GCTTGGGAGGGCCTCT-6","Glut-DACH2-6","Ex_DACH2_CEMIP",0.626709406519549
"_GCTTGGGCAAATACGA-6","Glut-DACH2-8","Ex_DACH2_ZMAT4",0.774956443248716
"_GCTTGGGCACTACGGC-6","Glut-DACH2-7","Ex_DACH2_GRIK4",0.424749102909347
"_GCTTGGGCATAACCCA-6","Glut-DACH2-5","Ex_DACH2_LHX2",0.662785607026442
"_GCTTTCGGTAGAATGT-6","Glut-DACH2-7","Ex_DACH2_NR4A3",0.579922131585419
"_GCTTTCGGTCAACCTA-6","Glut-DACH2-6","Ex_DACH2_CEMIP",0.972840264702205
"_GCTTTCGGTGTGTCGC-6","Glut-DACH2-7","Ex_DACH2_MGAT4C",0.444800874687448
"_GCTTTCGTCCGAGTGC-6","Glut-DACH2-7","Ex_DACH2_NR4A3",0.401342184282632
"_GGAACCCCACAACGTT-6","Glut-DACH2-7","Ex_DACH2_LHX2",0.346826618507425
"_GGAACCCCACCTGAAT-6","Glut-DACH2-6","Ex_DACH2_CEMIP",0.593131493729902
"_GGAACCCGTTTCTATC-6","Glut-DACH2-8","Ex_DACH2_ZMAT4",0.887373805781472
"_GGAAGTGAGACGCAGT-6","Glut-DACH2-5","Ex_DACH2_ADAMTS5",0.568871646877058
"_GGAAGTGCATAACTCG-6","Glut-DACH2-8","Ex_DACH2_ZMAT4",0.886562571846123
"_GGAAGTGGTTATAGCC-6","Glut-DACH2-6","Ex_DACH2_CEMIP",0.540571793353999
"_GGAAGTGTCCCGAGAC-6","Glut-DACH2-7","Ex_DACH2_GRIK4",0.42102570579436
"_GGAATCTGTGGAAATT-6","Glut-DACH2-7","Ex_DACH2_ADAMTS5",0.602725934014452
"_GGAATCTTCAAGCTTG-6","Glut-DACH2-7","Ex_DACH2_GRIK4",0.443713064596104
"_GGAATCTTCTGCCTGT-6","Glut-DACH2-7","Ex_DACH2_NR4A3",0.795006754772927
"_GGAATGGCAGTTCTAG-6","Glut-DACH2-6","Ex_DACH2_CEMIP",0.348812417080509
"_GGACGTCAGTCCCAGC-6","Glut-DACH2-5","Ex_DACH2_LHX2",0.252417833575106
"_GGACGTCGTCCCTGAG-6","Glut-DACH2-5","Ex_DACH2_GRIK4",0.311764090553638
"_GGACGTCTCCGAACGC-6","Glut-DACH2-5","Ex_DACH2_MGAT4C",0.439385066245122
"_GGACGTCTCCGTGTGG-6","Glut-DACH2-7","Ex_DACH2_MGAT4C",0.719979639025918
"_GGACGTCTCTGAGAGG-6","Glut-DACH2-5","Ex_DACH2_LHX2",0.664380719124019
"_GGAGAACGTCACCCTT-6","Glut-SATB2-1","Ex_SATB2_ZNF385B",1
"_GGAGAACTCCGCTAGG-6","Glut-DACH2-5","Ex_DACH2_LHX2",0.488759515216995
"_GGAGAACTCGTTTACT-6","Glut-DACH2-6","Ex_DACH2_ITGA9",0.364238892257636
"_GGAGATGCACTTGAGT-6","Glut-DACH2-8","Ex_DACH2_ZMAT4",0.895447565012006
"_GGAGATGGTCGCACGT-6","Glut-DACH2-7","Ex_DACH2_MGAT4C",0.461469752291713
"_GGAGATGTCGACCAAT-6","Glut-DACH2-5","Ex_DACH2_ADAMTS5",0.606238011524874
"_GGAGCAAGTCATAAAG-6","Glut-DACH2-5","Ex_DACH2_ADAMTS5",0.562695932202809
"_GGAGCAAGTGGCGCTT-6","Glut-DACH2-8","Ex_DACH2_ZMAT4",0.902655330642571
"_GGAGCAAGTGGTTTAC-6","Glut-SATB2-1","Ex_SATB2_FOXP2",0.600281525706532
"_GGAGCAAGTTGTTGAC-6","Glut-DACH2-5","Ex_DACH2_LHX2",0.375284648495844
"_GGAGCAATCCCTTGGT-6","Glut-DACH2-7","Ex_DACH2_LHX2",0.461120277851551
"_GGAGGATAGATCCGAG-6","Glut-DACH2-7","Ex_DACH2_GRIK4",0.728740151140251
"_GGAGGATAGTGCTCAT-6","Glut-DACH2-7","Ex_DACH2_MGAT4C",0.416903625228951
"_GGAGGATGTCATCGCG-6","Glut-DACH2-5","Ex_DACH2_ADAMTS5",0.628121323483612
"_GGAGGTAAGGTAAGTT-6","Glut-DACH2-7","Ex_DACH2_MGAT4C",0.206619545198835
"_GGAGGTACAGCTATTG-6","Glut-DACH2-5","Ex_DACH2_ADAMTS5",0.753149812266267
"_GGAGGTATCTCATTTG-6","Glut-DACH2-7","Ex_DACH2_ADAMTS5",0.362743241398569
"_GGATCTAAGACTCTTG-6","Glut-DACH2-5","Ex_DACH2_LHX2",0.690672968644301
"_GGATCTAAGCCTAGGA-6","Glut-DACH2-6","Ex_DACH2_CEMIP",0.937325897832204
"_GGATCTACATGTGCTA-6","Glut-DACH2-5","Ex_DACH2_LHX2",0.573597615690392
"_GGATCTATCGATACAC-6","Glut-DACH2-6","Ex_DACH2_CEMIP",0.924732900224862
"_GGATGTTAGAGGTTAT-6","Glut-DACH2-8","Ex_DACH2_ZMAT4",0.815248179699753
"_GGATGTTAGCTGGCCT-6","Glut-DACH2-6","Ex_DACH2_CEMIP",0.980645559558328
"_GGATGTTCACCGTGGT-6","Glut-DACH2-7","Ex_DACH2_ADAMTS5",0.689316623019023
"_GGATGTTCACCTAAAC-6","Glut-DACH2-7","Ex_DACH2_GRIK4",0.388032417705549
"_GGCACGTCAAGGGCAT-6","Glut-DACH2-7","Ex_DACH2_NR4A3",0.30861414540375
"_GGCACGTTCGTGGGTC-6","Glut-DACH2-7","Ex_DACH2_GRIK4",0.350708169321795
"_GGCAGTCAGGTTACAA-6","Glut-DACH2-7","Ex_DACH2_ADAMTS5",0.628577877349481
"_GGCAGTCCACGGCTAC-6","Glut-DACH2-7","Ex_DACH2_MGAT4C",0.400025899477896
"_GGCAGTCCATACATCG-6","Glut-DACH2-7","Ex_DACH2_ADAMTS5",0.477768667056175
"_GGCGTCATCCTTGACC-6","Glut-DACH2-8","Ex_DACH2_ZMAT4",0.947565280804285
"_GGCGTCATCGAGATGG-6","Glut-DACH2-7","Ex_DACH2_ADAMTS5",0.45061282970595
"_GGCTTGGCAACACGTT-6","Glut-DACH2-7","Ex_DACH2_GRIK4",0.495249921601081
"_GGCTTGGCACGGCACT-6","Glut-DACH2-7","Ex_DACH2_MGAT4C",0.490003453465803
"_GGCTTGGGTACAACGG-6","Glut-DACH2-8","Ex_DACH2_ZMAT4",0.874158041600016
"_GGCTTGGGTGCTAGCC-6","Glut-DACH2-7","Ex_DACH2_ADAMTS5",0.682001542092883
"_GGCTTGGGTGGCTACC-6","Glut-DACH2-7","Ex_DACH2_GRIK4",0.373781438951604
"_GGCTTTCAGCCAAGTG-6","Glut-DACH2-5","Ex_DACH2_ADAMTS5",0.62771216126674
"_GGCTTTCCAATACCTG-6","Glut-DACH2-7","Ex_DACH2_ADAMTS5",0.440704590087436
"_GGCTTTCCACGACGTC-6","Glut-DACH2-8","Ex_DACH2_ZMAT4",0.858591584068485
"_GGCTTTCCACGCTTAA-6","Glut-DACH2-LMANsh","Ex_DACH2_LHX2",0.311075655375614
"_GGCTTTCGTGTGACCC-6","Glut-DACH2-8","Ex_DACH2_ZMAT4",0.891819488352596
"_GGGAAGTAGACTTGTC-6","Glut-DACH2-5","Ex_DACH2_ADAMTS5",0.544096936470817
"_GGGAAGTTCATAGCAC-6","Glut-DACH2-7","Ex_DACH2_ADAMTS5",0.404486101414381
"_GGGACAAGTAACACCT-6","Glut-DACH2-8","Ex_DACH2_ZMAT4",0.869488637623671
"_GGGACAAGTGCCTACG-6","Glut-DACH2-6","Ex_DACH2_CEMIP",0.404677412999587
"_GGGACAATCTGTAAGC-6","Glut-DACH2-5","Ex_DACH2_ADAMTS5",0.62138652120957
"_GGGACCTAGCATCCTA-6","Glut-SATB2-1","Ex_SATB2_SOX6",0.870534749760961
"_GGGACCTTCTAGTACG-6","Glut-DACH2-5","Ex_DACH2_LHX2",0.413454771787776
"_GGGACTCAGAACTGAT-6","Glut-DACH2-5","Ex_DACH2_LHX2",0.596117264080801
"_GGGAGATAGCCAAGCA-6","Glut-DACH2-7","Ex_DACH2_MGAT4C",0.391143879734015
"_GGGAGATAGCTATCCA-6","Glut-DACH2-6","Ex_DACH2_CEMIP",0.693902674865364
"_GGGAGATGTGGGCTTC-6","Glut-DACH2-6","Ex_DACH2_CEMIP",0.776373837688883
"_GGGAGATTCACACGAT-6","Glut-DACH2-6","Ex_DACH2_CEMIP",0.378775995439097
"_GGGAGTACAACAGTGG-6","Glut-DACH2-5","Ex_DACH2_LHX2",0.347480520124683
"_GGGAGTACACATATGC-6","Glut-DACH2-8","Ex_DACH2_ZMAT4",0.864919392169331
"_GGGAGTAGTGGATCAG-6","Glut-DACH2-7","Ex_DACH2_MGAT4C",0.404571307250278
"_GGGAGTATCACCCTTG-6","Glut-DACH2-8","Ex_DACH2_ZMAT4",0.866166422739425
"_GGGATCCGTCGAGTTT-6","Glut-DACH2-2","Ex_DACH2_LHX2",0.327857214619475
"_GGGATCCGTGTCCCTT-6","Glut-DACH2-6","Ex_DACH2_CEMIP",0.913908522531766
"_GGGATGACACTGATTG-6","Glut-DACH2-8","Ex_DACH2_ZMAT4",0.803394393095722
"_GGGATGACACTGTTCC-6","Glut-DACH2-8","Ex_DACH2_ZMAT4",0.918158793859658
"_GGGCCATCACAGGATG-6","Glut-DACH2-1","Ex_DACH2_ADAMTS5",0.311091119230976
"_GGGCCATGTTACCTTT-6","Glut-DACH2-7","Ex_DACH2_GRIK4",0.384631630832622
"_GGGCGTTAGCAAGTCG-6","Glut-DACH2-8","Ex_DACH2_ZMAT4",0.929419345955587
"_GGGCGTTGTCGCGGTT-6","Glut-DACH2-6","Ex_DACH2_CEMIP",0.972747182579192
"_GGGCGTTTCAGTGTGT-6","Glut-DACH2-5","Ex_DACH2_ADAMTS5",0.67706560319354
"_GGGCTACCATCCAATG-6","Glut-DACH2-6","Ex_DACH2_CEMIP",0.974467404468591
"_GGGCTCAAGCACCAGA-6","Glut-DACH2-5","Ex_DACH2_ADAMTS5",0.638300562589035
"_GGGCTCACAGCGGTCT-6","Glut-DACH2-5","Ex_DACH2_ADAMTS5",0.534855925097762
"_GGGCTCAGTCAAACGG-6","Glut-DACH2-6","Ex_DACH2_CEMIP",0.871860714050859
"_GGGTAGACATGACTAC-6","Glut-SATB2-1","Ex_SATB2_ZNF385B",0.996435188580401
"_GGGTAGATCACTGGTA-6","Glut-DACH2-5","Ex_DACH2_GRIK4",0.419178781229099
"_GGGTATTAGGTTTGAA-6","Glut-DACH2-6","Ex_DACH2_CEMIP",0.952400827609412
"_GGGTATTCAGACGATG-6","Glut-DACH2-7","Ex_DACH2_ZMAT4",0.259898282165305
"_GGGTATTGTCCTACAA-6","Glut-DACH2-5","Ex_DACH2_ADAMTS5",0.701450541862846
"_GGGTATTTCACCCTCA-6","Glut-DACH2-5","Ex_DACH2_ADAMTS5",0.417394916168077
"_GGGTCACAGTCATCGT-6","Glut-DACH2-7","Ex_DACH2_GRIK4",0.475739551522049
"_GGGTCACTCGGCATCG-6","Glut-SATB2-1","Ex_SATB2_FOXP2",0.597920960458739
"_GGGTCTGAGCTGGCTC-6","Glut-DACH2-8","Ex_DACH2_ZMAT4",0.647842649844618
"_GGGTCTGCATTCCTAT-6","Glut-DACH2-8","Ex_DACH2_ZMAT4",0.897185876591647
"_GGGTGAACAGCACAGA-6","Glut-DACH2-5","Ex_DACH2_LHX2",0.274403953101742
"_GGGTGAATCCGCACTT-6","Glut-SATB2-1","Ex_SATB2_SOX6",0.743540361548164
"_GGGTGTCTCAAGAAAC-6","Glut-DACH2-7","Ex_DACH2_NR4A3",0.825546737994401
"_GGGTGTCTCCGGTAGC-6","Glut-DACH2-8","Ex_DACH2_ZMAT4",0.618182143584753
"_GGGTTATAGAAGAGCA-6","Glut-DACH2-8","Ex_DACH2_ZMAT4",0.899443745167502
"_GGGTTATGTCGTATTG-6","Glut-DACH2-6","Ex_DACH2_ZMAT4",0.418445786683872
"_GGGTTATGTCTGTAGT-6","Glut-DACH2-6","Ex_DACH2_CEMIP",0.981653335211077
"_GGGTTATTCAGGAAAT-6","Glut-DACH2-6","Ex_DACH2_CEMIP",0.965001066858897
"_GGGTTATTCGAATGCT-6","Glut-DACH2-7","Ex_DACH2_GRIK4",0.338598564504806
"_GGGTTTAAGAACGCGT-6","Glut-DACH2-6","Ex_DACH2_ZMAT4",0.387459691201912
"_GGGTTTAAGGTTGGTG-6","Glut-DACH2-5","Ex_DACH2_LHX2",0.535034440185071
"_GGGTTTAAGTAGAATC-6","Glut-DACH2-7","Ex_DACH2_NR4A3",0.854531966564184
"_GGGTTTACAATGCAAA-6","Glut-DACH2-7","Ex_DACH2_ADAMTS5",0.490910827324043
"_GGGTTTACAGTAACAA-6","Glut-DACH2-8","Ex_DACH2_ZMAT4",0.821123750317145
"_GGGTTTAGTAGGAAAG-6","Glut-DACH2-6","Ex_DACH2_CEMIP",0.532343271862137
"_GGTAACTGTGGATACG-6","Glut-DACH2-6","Ex_DACH2_CEMIP",0.519647354750269
"_GGTAACTGTTGTGCAT-6","Glut-DACH2-5","Ex_DACH2_ADAMTS5",0.4440449568059
"_GGTAACTTCGCCACTT-6","Glut-DACH2-5","Ex_DACH2_LHX2",0.565648336212776
"_GGTAATCAGACCTTTG-6","Glut-DACH2-6","Ex_DACH2_CEMIP",0.900971885448481
"_GGTAATCAGCAGGTCA-6","Glut-DACH2-6","Ex_DACH2_CEMIP",0.878921193142818
"_GGTAATCGTAACGCGA-6","Glut-DACH2-7","Ex_DACH2_GRIK4",0.643436693506377
"_GGTAATCGTACTAACC-6","Glut-DACH2-5","Ex_DACH2_ADAMTS5",0.57013434909816
"_GGTAATCTCAATGTCG-6","Glut-DACH2-1","Ex_DACH2_MGAT4C",0.309430926557938
"_GGTAATCTCCAAGCTA-6","Glut-DACH2-8","Ex_DACH2_ZMAT4",0.825949795921545
"_GGTAATCTCCCATTCG-6","Glut-DACH2-7","Ex_DACH2_ADAMTS5",0.538676282630921
"_GGTAGAGCATGGAGAC-6","Glut-DACH2-6","Ex_DACH2_CEMIP",0.551121631035845
"_GGTCACGAGGTAGACC-6","Glut-DACH2-5","Ex_DACH2_ADAMTS5",0.382110420940853
"_GGTCACGGTCTAACTG-6","Glut-DACH2-7","Ex_DACH2_NR4A3",0.840700583762896
"_GGTCTGGAGTAAAGCT-6","Glut-DACH2-1","Ex_DACH2_ADAMTS5",0.593605127850801
"_GGTCTGGTCGCGGTAC-6","Glut-DACH2-7","Ex_DACH2_MGAT4C",0.497106687264324
"_GGTCTGGTCGCTCTCA-6","Glut-DACH2-7","Ex_DACH2_ADAMTS5",0.252944710813534
"_GGTGAAGAGAGTCAAT-6","Glut-DACH2-6","Ex_DACH2_CEMIP",0.987318634799385
"_GGTGAAGAGTCACGCC-6","Glut-DACH2-6","Ex_DACH2_CEMIP",0.954046174564538
"_GGTGAAGCACCGGTCA-6","Glut-DACH2-5","Ex_DACH2_LHX2",0.593696923731769
"_GGTGATTAGGCTTAGG-6","Glut-DACH2-5","Ex_DACH2_ADAMTS5",0.718455675636954
"_GGTGATTAGTTGGAAT-6","Glut-DACH2-7","Ex_DACH2_ADAMTS5",0.579958418784584
"_GGTGATTCATCTGTTT-6","Glut-DACH2-7","Ex_DACH2_NR4A3",0.931616636929925
"_GGTGATTGTCTACGTA-6","Glut-DACH2-8","Ex_DACH2_CEMIP",0.680217118124945
"_GGTGATTTCATGCTAG-6","Glut-DACH2-1","Ex_DACH2_LHX2",0.357710125204359
"_GGTGGCTAGCCATGCC-6","Glut-DACH2-5","Ex_DACH2_LHX2",0.364314543848073
"_GGTGGCTCACACCGAC-6","Glut-SATB2-1","Ex_SATB2_SOX6",0.834834549262531
"_GGTGGCTGTGGGTCAA-6","Glut-SATB2-1","Ex_SATB2_ZNF385B",1
"_GGTGGCTTCGACGCTG-6","Glut-SATB2-1","Ex_SATB2_SOX6",0.622090741599382
"_GGTGTCGAGGTTGTTC-6","Glut-DACH2-LMANsh","Ex_DACH2_LHX2",0.608294354113137
"_GGTGTCGCACGTCTCT-6","Glut-DACH2-6","Ex_DACH2_CEMIP",0.780422987519355
"_GGTGTCGCAGCGAACA-6","Glut-DACH2-8","Ex_DACH2_ZMAT4",0.787539228620646
"_GGTGTCGGTCGTCATA-6","Glut-DACH2-6","Ex_DACH2_CEMIP",0.758431823472173
"_GGTGTCGTCATTGCCC-6","Glut-DACH2-6","Ex_DACH2_CEMIP",0.341162492739733
"_GGTGTTAAGCAGCCTC-6","Glut-DACH2-6","Ex_DACH2_CEMIP",0.885787594136907
"_GGTGTTATCGAGATGG-6","Glut-SATB2-1","Ex_SATB2_FOXP2",0.812540846015513
"_GGTGTTATCGTAGGAG-6","Glut-DACH2-5","Ex_DACH2_NR4A3",0.464756157345733
"_GGTTAACAGCCTCATA-6","Glut-DACH2-7","Ex_DACH2_NR4A3",0.310629536601831
"_GGTTAACCATTGGATC-6","Glut-SATB2-1","Ex_SATB2_SOX6",0.528450181221119
"_GGTTAACTCTACGCGG-6","Glut-DACH2-7","Ex_DACH2_LHX2",0.518155362714682
"_GGTTAACTCTCTCCGA-6","Glut-SATB2-1","Ex_SATB2_FOXP2",0.553004041747305
"_GGTTCTCAGGTGCTGA-6","Glut-DACH2-6","Ex_DACH2_CEMIP",0.411804901155837
"_GGTTCTCCACTTCAGA-6","Glut-DACH2-5","Ex_DACH2_ADAMTS5",0.875542936702038
"_GGTTCTCCAGGCTACC-6","Glut-DACH2-6","Ex_DACH2_CEMIP",0.743641355891848
"_GGTTCTCCATAGCACT-6","Glut-DACH2-5","Ex_DACH2_ADAMTS5",0.608829117685001
"_GGTTCTCGTTAGTCGT-6","Glut-DACH2-5","Ex_DACH2_LHX2",0.444373608061933
"_GGTTCTCTCTGAGGTT-6","Glut-DACH2-6","Ex_DACH2_CEMIP",0.375515412897001
"_GTAACACAGACGATAT-6","Glut-DACH2-6","Ex_DACH2_CEMIP",0.419042059025104
"_GTAACCAAGGTAAAGG-6","Glut-DACH2-5","Ex_DACH2_ADAMTS5",0.338077274538649
"_GTAACCAAGTAGGTTA-6","Glut-DACH2-6","Ex_DACH2_CEMIP",0.676884678311184
"_GTAACCACAACAGATA-6","Glut-DACH2-7","Ex_DACH2_ADAMTS5",0.399768605572147
"_GTAACCAGTATCCTTT-6","Glut-DACH2-5","Ex_DACH2_LHX2",0.395400687820912
"_GTAACCAGTGTGTACT-6","Glut-DACH2-8","Ex_DACH2_CEMIP",0.520639294546472
"_GTAAGTCGTGCTTCAA-6","Glut-DACH2-1","Ex_DACH2_MGAT4C",0.379674711577215
"_GTAATCGCACAAGTGG-6","Glut-SATB2-1","Ex_SATB2_FOXP2",0.610742633338369
"_GTAATCGCAGATTTCG-6","Glut-DACH2-6","Ex_DACH2_CEMIP",0.748590682823697
"_GTAATCGGTGAGGATC-6","Glut-DACH2-5","Ex_DACH2_LHX2",0.568909303302551
"_GTAATCGTCAAACGTC-6","Glut-DACH2-6","Ex_DACH2_CEMIP",0.801503672203372
"_GTAATCGTCCCTCTCC-6","Glut-DACH2-7","Ex_DACH2_NR4A3",0.541302175754808
"_GTAATCGTCCTTCTTC-6","Glut-DACH2-8","Ex_DACH2_ZMAT4",0.917312714868397
"_GTAATCGTCTGGCTGG-6","Glut-DACH2-5","Ex_DACH2_ADAMTS5",0.65066055193837
"_GTAATGCAGATTAGAC-6","Glut-DACH2-7","Ex_DACH2_GRIK4",0.466854683304587
"_GTAATGCGTAGCTTAC-6","Glut-DACH2-6","Ex_DACH2_CEMIP",0.691378535195375
"_GTACAACAGGGTGGGA-6","Glut-DACH2-5","Ex_DACH2_LHX2",0.402269395119265
"_GTACAACCACTGAGGA-6","Glut-DACH2-6","Ex_DACH2_CEMIP",0.75485972697333
"_GTACAACCAGTAACAA-6","Glut-DACH2-6","Ex_DACH2_CEMIP",0.95066636869149
"_GTACAGTCATGTGTCA-6","Glut-DACH2-6","Ex_DACH2_CEMIP",0.974004487165783
"_GTACAGTGTGGTTTGT-6","Glut-DACH2-7","Ex_DACH2_ADAMTS5",0.389720014571757
"_GTACAGTGTTACCTTT-6","Glut-DACH2-7","Ex_DACH2_ADAMTS5",0.642772399931391
"_GTAGAAAAGTAATTGG-6","Glut-DACH2-5","Ex_DACH2_ADAMTS5",0.556173804076564
"_GTAGAAACAACAGAGC-6","Glut-DACH2-7","Ex_DACH2_GRIK4",0.457676428999501
"_GTAGAAAGTACTAAGA-6","Glut-DACH2-6","Ex_DACH2_CEMIP",0.975895904364882
"_GTAGAGGAGACCTGGA-6","Glut-DACH2-8","Ex_DACH2_ZMAT4",0.692562753720113
"_GTAGAGGCAAAGAGTT-6","Glut-DACH2-7","Ex_DACH2_ADAMTS5",0.428116185343873
"_GTAGAGGGTTCAAGGG-6","Glut-DACH2-7","Ex_DACH2_GRIK4",0.395457571770367
"_GTAGAGGTCAGGGTAG-6","Glut-DACH2-LMANco","Ex_DACH2_ZMAT4",0.566919837388899
"_GTAGATCAGATCGGTG-6","Glut-DACH2-6","Ex_DACH2_CEMIP",0.667693246866391
"_GTAGATCCATTCCTAT-6","Glut-DACH2-6","Ex_DACH2_CEMIP",0.963966631612175
"_GTAGATCGTGGAATGC-6","Glut-DACH2-8","Ex_DACH2_ZMAT4",0.920275904736631
"_GTAGATCGTTTGGAAA-6","Glut-DACH2-6","Ex_DACH2_CEMIP",0.694176094064765
"_GTAGCTACAAGTCCAT-6","Glut-SATB2-1","Ex_SATB2_FOXP2",0.592918538349741
"_GTAGCTAGTGTTCAGT-6","Glut-DACH2-5","Ex_DACH2_ADAMTS5",0.817606357803717
"_GTAGCTATCCCGAGAC-6","Glut-DACH2-6","Ex_DACH2_CEMIP",0.682849512872898
"_GTAGCTATCTGGACCG-6","Glut-SATB2-1","Ex_SATB2_ZNF385B",0.998960183697841
"_GTAGGAGGTCAACACT-6","Glut-DACH2-6","Ex_DACH2_CEMIP",0.399078446909681
"_GTAGGAGGTGTGAGCA-6","Glut-DACH2-8","Ex_DACH2_ZMAT4",0.435694086515461
"_GTAGGTTGTTGGGCCT-6","Glut-DACH2-7","Ex_DACH2_MGAT4C",0.598509197187559
"_GTAGGTTTCCCATACC-6","Glut-DACH2-6","Ex_DACH2_CEMIP",0.946883150713037
"_GTAGTACAGACCGCCT-6","Glut-DACH2-7","Ex_DACH2_GRIK4",0.353210971154333
"_GTAGTACCAAAGAGTT-6","Glut-DACH2-8","Ex_DACH2_ZMAT4",0.560798909146403
"_GTATTGGAGATAGCAT-6","Glut-DACH2-8","Ex_DACH2_ZMAT4",0.792138180975484
"_GTATTGGCAGCCGGTT-6","Glut-SATB2-1","Ex_SATB2_SOX6",0.510754392171973
"_GTATTGGGTGGGAGAG-6","Glut-DACH2-7","Ex_DACH2_MGAT4C",0.385332858396001
"_GTATTGGGTGTTTCTT-6","Glut-DACH2-5","Ex_DACH2_LHX2",0.31322468595367
"_GTATTGGGTTAGGCTT-6","Glut-DACH2-6","Ex_DACH2_CEMIP",0.805353334497002
"_GTATTGGTCATAGGCT-6","Glut-DACH2-6","Ex_DACH2_CEMIP",0.620984714504084
"_GTATTTCCAGCCTATA-6","Glut-SATB2-1","Ex_SATB2_SOX6",0.619275311493716
"_GTCAAACCAGACAAGC-6","Glut-DACH2-5","Ex_DACH2_MGAT4C",0.321299955260599
"_GTCAAACTCCTGATAG-6","Glut-SATB2-1","Ex_SATB2_FOXP2",0.510130329142316
"_GTCAAGTAGTAGAGTT-6","Glut-DACH2-6","Ex_DACH2_CEMIP",0.990453023004773
"_GTCAAGTGTTGGACTT-6","Glut-DACH2-6","Ex_DACH2_CEMIP",0.990387773859879
"_GTCACGGCAAATGGTA-6","Glut-DACH2-5","Ex_DACH2_MGAT4C",0.528508718347436
"_GTCACGGCACTTACAG-6","Glut-DACH2-7","Ex_DACH2_ADAMTS5",0.449592334381674
"_GTCACGGGTCTAACTG-6","Glut-SATB2-1","Ex_SATB2_FOXP2",0.740310433414048
"_GTCACTCCAAGTATCC-6","Glut-DACH2-5","Ex_DACH2_LHX2",0.394941864851821
"_GTCACTCCAATTCACG-6","Glut-DACH2-8","Ex_DACH2_ZMAT4",0.831792857045761
"_GTCAGCGAGATGAATC-6","Glut-DACH2-1","Ex_DACH2_GRIK4",0.389685470291789
"_GTCAGCGCACTGAGGA-6","Glut-DACH2-6","Ex_DACH2_CEMIP",0.474418781752174
"_GTCAGCGGTAGGTAGC-6","Glut-DACH2-7","Ex_DACH2_ADAMTS5",0.660172982008363
"_GTCATCCAGAGAAGGT-6","Glut-DACH2-7","Ex_DACH2_MGAT4C",0.345645311760412
"_GTCATCCAGTCAGCGA-6","Glut-DACH2-6","Ex_DACH2_CEMIP",0.837171085668258
"_GTCATCCTCTACCCAC-6","Glut-DACH2-5","Ex_DACH2_ADAMTS5",0.417901095197354
"_GTCATGACAGATCCTA-6","Glut-DACH2-6","Ex_DACH2_CEMIP",0.926621267497316
"_GTCATGAGTACGCTTA-6","Glut-DACH2-7","Ex_DACH2_GRIK4",0.546331105067989
"_GTCATGATCAACCGAT-6","Glut-DACH2-5","Ex_DACH2_LHX2",0.391958978818543
"_GTCATGATCGTAGAGG-6","Glut-DACH2-6","Ex_DACH2_CEMIP",0.892712485170986
"_GTCATTTGTAACTGCT-6","Glut-DACH2-7","Ex_DACH2_ADAMTS5",0.743671665834377
"_GTCATTTGTACAAGCG-6","Glut-DACH2-5","Ex_DACH2_LHX2",0.670613222906412
"_GTCATTTGTTTACCTT-6","Glut-DACH2-8","Ex_DACH2_ZMAT4",0.815434558324635
"_GTCATTTTCGGCATAT-6","Glut-SATB2-1","Ex_SATB2_SOX6",0.671361392891097
"_GTCATTTTCTCCTGTG-6","Glut-DACH2-7","Ex_DACH2_ADAMTS5",0.539593269985021
"_GTCCACTAGACCAGAC-6","Glut-DACH2-7","Ex_DACH2_ADAMTS5",0.326979465387696
"_GTCCACTTCATCACTT-6","Glut-DACH2-LMANsh","Ex_DACH2_MGAT4C",0.363775776813847
"_GTCCCATAGTCTTCGA-6","Glut-DACH2-5","Ex_DACH2_ADAMTS5",0.750302659832515
"_GTCCCATCAAACGAGC-6","Glut-DACH2-5","Ex_DACH2_MGAT4C",0.34776871648051
"_GTCCCATGTATCTCTT-6","Glut-DACH2-5","Ex_DACH2_LHX2",0.642615223091236
"_GTCCTCAAGAGGCGGA-6","Glut-DACH2-7","Ex_DACH2_ADAMTS5",0.381741609850619
"_GTCCTCACACTCCGGA-6","Glut-SATB2-1","Ex_SATB2_SOX6",0.552401369045918
"_GTCCTCAGTCATCCGG-6","Glut-DACH2-8","Ex_DACH2_ZMAT4",0.518958778000297
"_GTCGAATCATGCAGCC-6","Glut-DACH2-7","Ex_DACH2_GRIK4",0.438578986045837
"_GTCGAATGTAGATGTA-6","Glut-DACH2-7","Ex_DACH2_LHX2",0.715807710704079
"_GTCGAATGTATCTCTT-6","Glut-DACH2-6","Ex_DACH2_CEMIP",0.908311497828545
"_GTCGAATTCGTAATGC-6","Glut-SATB2-1","Ex_SATB2_SOX6",0.617720757645001
"_GTCGCGACATAACTCG-6","Glut-DACH2-5","Ex_DACH2_LHX2",0.52155168654728
"_GTCGCGATCACCTTGC-6","Glut-DACH2-5","Ex_DACH2_LHX2",0.622375577036805
"_GTCGCGATCAGTGCGC-6","Glut-DACH2-7","Ex_DACH2_LHX2",0.297142139859731
"_GTCGCGATCCGGCAAC-6","Glut-SATB2-1","Ex_SATB2_ZNF385B",0.980090863924234
"_GTCGCGATCCTTATGT-6","Glut-DACH2-6","Ex_DACH2_CEMIP",0.98562545917313
"_GTCGTAAAGAGTCACG-6","Glut-DACH2-8","Ex_DACH2_ZMAT4",0.928402499756028
"_GTCGTAACATAATGAG-6","Glut-DACH2-7","Ex_DACH2_LHX2",0.569835412397677
"_GTCGTAATCGGTCGGT-6","Glut-DACH2-7","Ex_DACH2_MGAT4C",0.387695124886809
"_GTCTACCAGCAAATGT-6","Glut-DACH2-7","Ex_DACH2_ADAMTS5",0.321482243221205
"_GTCTACCCAACGACTT-6","Glut-DACH2-5","Ex_DACH2_GRIK4",0.370090336956536
"_GTCTACCCACTAAACC-6","Glut-SATB2-1","Ex_SATB2_FOXP2",0.515623027735519
"_GTCTACCTCCTACTGC-6","Glut-DACH2-7","Ex_DACH2_ADAMTS5",0.507067306248723
"_GTCTAGAAGCAAGCCA-6","Glut-DACH2-7","Ex_DACH2_ADAMTS5",0.396251985794036
"_GTCTAGACATGGAATA-6","Glut-DACH2-7","Ex_DACH2_MGAT4C",0.540722953781563
"_GTCTAGATCACCTCGT-6","Glut-DACH2-6","Ex_DACH2_CEMIP",0.783624716559356
"_GTCTAGATCTCATAGG-6","Glut-DACH2-7","Ex_DACH2_MGAT4C",0.433237279605113
"_GTCTCACAGGTGCTGA-6","Glut-DACH2-7","Ex_DACH2_GRIK4",0.406524316961482
"_GTCTGTCCAGGACATG-6","Glut-DACH2-5","Ex_DACH2_ADAMTS5",0.417331599546217
"_GTCTGTCCAGTATGAA-6","Glut-DACH2-7","Ex_DACH2_NR4A3",0.324286148526847
"_GTCTGTCCATCCTTCG-6","Glut-DACH2-7","Ex_DACH2_MGAT4C",0.448179065895504
"_GTCTGTCGTCGAACAG-6","Glut-DACH2-8","Ex_DACH2_ZMAT4",0.930082169425096
"_GTCTTTAGTCCTGAAT-6","Glut-DACH2-7","Ex_DACH2_NR4A3",0.850935317454001
"_GTGACGCAGAAGAACG-6","Glut-DACH2-5","Ex_DACH2_ADAMTS5",0.610825556475612
"_GTGACGCAGCCGCTTG-6","Glut-DACH2-5","Ex_DACH2_ADAMTS5",0.769924535090163
"_GTGACGCAGGGTATAT-6","Glut-DACH2-8","Ex_DACH2_ZMAT4",0.916811005211015
"_GTGACGCCAAGTCCAT-6","Glut-DACH2-7","Ex_DACH2_MGAT4C",0.411797674886036
"_GTGACGCCAGACGCTC-6","Glut-DACH2-6","Ex_DACH2_CEMIP",0.620701818602535
"_GTGACGCGTCCTGTTC-6","Glut-DACH2-5","Ex_DACH2_LHX2",0.586844901207143
"_GTGACGCTCGCTAATG-6","Glut-DACH2-6","Ex_DACH2_CEMIP",0.610641732166608
"_GTGAGCCCAGTAGATA-6","Glut-DACH2-5","Ex_DACH2_LHX2",0.580854142705209
"_GTGAGCCTCACTCACC-6","Glut-SATB2-1","Ex_SATB2_ZNF385B",0.995348189103972
"_GTGAGCCTCGAATGCT-6","Glut-DACH2-8","Ex_DACH2_ZMAT4",0.897014840172641
"_GTGAGCCTCGTTGTTT-6","Glut-DACH2-7","Ex_DACH2_GRIK4",0.552383890243846
"_GTGAGCCTCTCCACTG-6","Glut-DACH2-8","Ex_DACH2_ZMAT4",0.761784248643188
"_GTGAGTTCAAAGACGC-6","Glut-DACH2-8","Ex_DACH2_ZMAT4",0.625031118626814
"_GTGAGTTTCGTTCAGA-6","Glut-DACH2-8","Ex_DACH2_ZMAT4",0.924262159355648
"_GTGATGTAGCGTGAAC-6","Glut-DACH2-6","Ex_DACH2_CEMIP",0.986596661532417
"_GTGATGTGTCGTGCCA-6","Glut-SATB2-1","Ex_SATB2_SOX6",0.868948278383827
"_GTGATGTTCCACTTTA-6","Glut-DACH2-5","Ex_DACH2_LHX2",0.408466038652647
"_GTGCACGAGCACTGGA-6","Glut-DACH2-7","Ex_DACH2_GRIK4",0.422893430136269
"_GTGCACGAGCCTTGAT-6","Glut-DACH2-8","Ex_DACH2_ZMAT4",0.592691626975183
"_GTGCACGCATGGGAAC-6","Glut-DACH2-7","Ex_DACH2_ADAMTS5",0.512534823253818
"_GTGCACGGTGTCATCA-6","Glut-DACH2-5","Ex_DACH2_ADAMTS5",0.247780512071339
"_GTGCACGGTGTGAGCA-6","Glut-DACH2-5","Ex_DACH2_ADAMTS5",0.35637377266638
"_GTGCACGTCATCCCGT-6","Glut-DACH2-7","Ex_DACH2_GRIK4",0.382958717423752
"_GTGCACGTCGAGTCTA-6","Glut-DACH2-6","Ex_DACH2_CEMIP",0.969527602127829
"_GTGCACGTCGATCCAA-6","Glut-DACH2-6","Ex_DACH2_CEMIP",0.644109421295464
"_GTGCACGTCGCCTCTA-6","Glut-DACH2-7","Ex_DACH2_GRIK4",0.444182086741133
"_GTGCACGTCTTCCAGC-6","Glut-DACH2-7","Ex_DACH2_ADAMTS5",0.445966386289825
"_GTGCAGCAGCGCCTCA-6","Glut-DACH2-5","Ex_DACH2_LHX2",0.629797111286569
"_GTGCAGCCAAGTCCCG-6","Glut-SATB2-1","Ex_SATB2_SOX6",0.746987546491781
"_GTGCAGCCACCTCAGG-6","Glut-DACH2-6","Ex_DACH2_CEMIP",0.338620526384898
"_GTGCAGCGTAGCTTAC-6","Glut-DACH2-5","Ex_DACH2_ADAMTS5",0.574152728025075
"_GTGCGTGAGCAAATCA-6","Glut-DACH2-1","Ex_DACH2_ADAMTS5",0.561093769328466
"_GTGCGTGGTTGGGTAG-6","Glut-DACH2-6","Ex_DACH2_CEMIP",0.684308050882143
"_GTGCTGGAGACATCCT-6","Glut-SATB2-1","Ex_SATB2_FOXP2",0.885327957855526
"_GTGCTGGAGATGACCG-6","Glut-DACH2-7","Ex_DACH2_MGAT4C",0.390398952411647
"_GTGCTGGTCTAGAGCT-6","Glut-DACH2-6","Ex_DACH2_CEMIP",0.780475034677328
"_GTGCTTCAGTCGAGGT-6","Glut-DACH2-7","Ex_DACH2_GRIK4",0.368537392873059
"_GTGCTTCAGTTAGTAG-6","Glut-DACH2-8","Ex_DACH2_ZMAT4",0.809191181547299
"_GTGCTTCGTAGACGTG-6","Glut-DACH2-6","Ex_DACH2_CEMIP",0.987949845439416
"_GTGCTTCGTGTACATC-6","Glut-SATB2-1","Ex_SATB2_SOX6",0.573806419677801
"_GTGCTTCTCACCTCAC-6","Glut-DACH2-3","Ex_DACH2_TAC1",0.438535171415
"_GTGCTTCTCCACGTAA-6","Glut-DACH2-6","Ex_DACH2_ZMAT4",0.44954978879483
"_GTGGAAGCAAAGGTTA-6","Glut-DACH2-8","Ex_DACH2_ZMAT4",0.412746149305422
"_GTGGAAGGTTAGAAAC-6","Glut-DACH2-7","Ex_DACH2_ZMAT4",0.286105387711554
"_GTGGAGACAGACGGAT-6","Glut-SATB2-1","Ex_SATB2_ZNF385B",0.993030662322295
"_GTGGAGACATGAGTAA-6","Glut-DACH2-7","Ex_DACH2_GRIK4",0.49241581414597
"_GTGGAGATCGAGAAGC-6","Glut-DACH2-6","Ex_DACH2_CEMIP",0.933789710093047
"_GTGGCGTAGACTCTAC-6","Glut-DACH2-8","Ex_DACH2_ZMAT4",0.817372078299822
"_GTGGCGTGTCATCAGT-6","Glut-DACH2-7","Ex_DACH2_LHX2",0.539241736893018
"_GTGGCGTGTTGTTTGG-6","Glut-DACH2-5","Ex_DACH2_LHX2",0.400190007753267
"_GTGGCGTTCGGAGTAG-6","Glut-DACH2-5","Ex_DACH2_GRIK4",0.278452933287623
"_GTGGGAAAGTCATCGT-6","Glut-DACH2-6","Ex_DACH2_CEMIP",0.302792992050413
"_GTGGGAAGTCCTCCAT-6","Glut-DACH2-5","Ex_DACH2_LHX2",0.539500697556778
"_GTGGGAAGTGTTAGCT-6","Glut-DACH2-5","Ex_DACH2_LHX2",0.375544765777754
"_GTGGTTAAGTCCCAAT-6","Glut-DACH2-8","Ex_DACH2_ZMAT4",0.491936733509799
"_GTGGTTAGTGGATACG-6","Glut-SATB2-1","Ex_SATB2_SOX6",0.74568382404933
"_GTGTAACAGCTAGAAT-6","Glut-DACH2-5","Ex_DACH2_LHX2",0.436200466925793
"_GTGTAACAGTCCCAGC-6","Glut-DACH2-7","Ex_DACH2_GRIK4",0.424929674186349
"_GTGTAACTCATCTATC-6","Glut-DACH2-5","Ex_DACH2_ADAMTS5",0.800746584540083
"_GTGTAACTCGGACTTA-6","Glut-DACH2-7","Ex_DACH2_GRIK4",0.49956554896854
"_GTGTCCTCACGTCGGT-6","Glut-DACH2-6","Ex_DACH2_CEMIP",0.741567813170682
"_GTGTCCTTCGCGTAGC-6","Glut-DACH2-6","Ex_DACH2_NR4A3",0.238672761527838
"_GTGTCCTTCGGTCATA-6","Glut-DACH2-7","Ex_DACH2_ADAMTS5",0.338372771565256
"_GTGTGATAGCTGTTAC-6","Glut-DACH2-6","Ex_DACH2_CEMIP",0.928863273454893
"_GTGTGATCACTGATTG-6","Glut-DACH2-7","Ex_DACH2_LHX2",0.612750923708941
"_GTGTGATTCACCTACC-6","Glut-DACH2-8","Ex_DACH2_ZMAT4",0.937653736710662
"_GTGTGATTCTGCCCTA-6","Glut-DACH2-5","Ex_DACH2_ADAMTS5",0.784114302616273
"_GTGTGGCAGCAAACAT-6","Glut-DACH2-6","Ex_DACH2_CEMIP",0.364996984072186
"_GTGTGGCCAACGGCCT-6","Glut-DACH2-8","Ex_DACH2_ZMAT4",0.865760400763135
"_GTGTGGCCAGTTCTAG-6","Glut-DACH2-5","Ex_DACH2_LHX2",0.376404020989734
"_GTGTGGCGTTCATCTT-6","Glut-DACH2-8","Ex_DACH2_ZMAT4",0.948942296042357
"_GTGTGGCGTTTACACG-6","Glut-DACH2-6","Ex_DACH2_CEMIP",0.735994992164207
"_GTGTGGCTCTGGCCGA-6","Glut-SATB2-1","Ex_SATB2_SOX6",0.715712919073061
"_GTGTTAGTCCCATAAG-6","Glut-DACH2-7","Ex_DACH2_LHX2",0.424165627335088
"_GTGTTAGTCTACTCAT-6","Glut-DACH2-6","Ex_DACH2_CEMIP",0.382610387157637
"_GTGTTCCTCTCGACGG-6","Glut-DACH2-5","Ex_DACH2_LHX2",0.599644288858597
"_GTTACAGGTCTGTGCG-6","Glut-DACH2-8","Ex_DACH2_ZMAT4",0.778875933836806
"_GTTACAGGTTGGACCC-6","Glut-DACH2-7","Ex_DACH2_MGAT4C",0.382442959880531
"_GTTACCCTCCGTGTAA-6","Glut-DACH2-6","Ex_DACH2_CEMIP",0.875339107287013
"_GTTACGACAGCCATTA-6","Glut-DACH2-5","Ex_DACH2_ADAMTS5",0.474711459939393
"_GTTACGAGTTCCGCGA-6","Glut-DACH2-6","Ex_DACH2_ZMAT4",0.417931297710267
"_GTTACGATCGAACCAT-6","Glut-SATB2-1","Ex_SATB2_FOXP2",0.586678442698333
"_GTTACGATCTCTGAGA-6","Glut-DACH2-5","Ex_DACH2_ADAMTS5",0.389155865571169
"_GTTAGACGTAGGTCAG-6","Glut-DACH2-7","Ex_DACH2_ADAMTS5",0.324844833415984
"_GTTAGTGAGCGCCTAC-6","Glut-DACH2-5","Ex_DACH2_ADAMTS5",0.735949661338467
"_GTTAGTGAGCGTCAGA-6","Glut-SATB2-1","Ex_SATB2_SOX6",0.5341634571202
"_GTTAGTGAGGTTGGTG-6","Glut-SATB2-1","Ex_SATB2_ZNF385B",1
"_GTTAGTGCAAGACGAC-6","Glut-DACH2-6","Ex_DACH2_ZMAT4",0.416651127263916
"_GTTAGTGCACACGCCA-6","Glut-DACH2-5","Ex_DACH2_ADAMTS5",0.399874346268367
"_GTTATGGAGTCCCTAA-6","Glut-DACH2-7","Ex_DACH2_ADAMTS5",0.462543968844252
"_GTTATGGAGTGATGGC-6","Glut-DACH2-7","Ex_DACH2_MGAT4C",0.436967222953114
"_GTTATGGTCCACGTAA-6","Glut-DACH2-6","Ex_DACH2_CEMIP",0.946995507642517
"_GTTATGGTCTCGTGAA-6","Glut-DACH2-6","Ex_DACH2_CEMIP",0.496676142489965
"_GTTATGGTCTGCTTTA-6","Glut-DACH2-7","Ex_DACH2_GRIK4",0.517729997309074
"_GTTCATTAGAACAGGA-6","Glut-DACH2-6","Ex_DACH2_CEMIP",0.48148183669485
"_GTTCATTAGCCAAGTG-6","Glut-DACH2-5","Ex_DACH2_ADAMTS5",0.542464799853513
"_GTTCATTTCCACGTCT-6","Glut-DACH2-8","Ex_DACH2_ZMAT4",0.831485092965516
"_GTTCCGTAGCAGGTCA-6","Glut-DACH2-8","Ex_DACH2_ZMAT4",0.852736418339934
"_GTTCCGTGTCGACTTA-6","Glut-DACH2-7","Ex_DACH2_GRIK4",0.382641683646935
"_GTTCCGTGTCTGTGCG-6","Glut-SATB2-1","Ex_SATB2_FOXP2",0.922345351724822
"_GTTCGCTCATAGAGGC-6","Glut-DACH2-6","Ex_DACH2_ZMAT4",0.316900718755294
"_GTTCGCTGTCGTCATA-6","Glut-DACH2-6","Ex_DACH2_CEMIP",0.876766529914761
"_GTTCGCTGTTGAGTCT-6","Glut-DACH2-6","Ex_DACH2_ITGA9",0.386985082970401
"_GTTCTATGTGAGTGAC-6","Glut-DACH2-7","Ex_DACH2_ADAMTS5",0.662174165102288
"_GTTCTATTCTCTATGT-6","Glut-DACH2-6","Ex_DACH2_CEMIP",0.613093501826352
"_GTTGAACTCAACCTTT-6","Glut-DACH2-7","Ex_DACH2_MGAT4C",0.567245984829373
"_GTTGAACTCCGTGGTG-6","Glut-DACH2-5","Ex_DACH2_LHX2",0.421301618566653
"_GTTGAACTCGGTGAAG-6","Glut-DACH2-6","Ex_DACH2_ITGA9",0.420214727806451
"_GTTGCGGAGGTGCATG-6","Glut-SATB2-1","Ex_SATB2_SOX6",0.626050259820646
"_GTTGCGGAGTAACGAT-6","Glut-DACH2-5","Ex_DACH2_LHX2",0.32099937236754
"_GTTGCGGCACCCTAGG-6","Glut-DACH2-7","Ex_DACH2_ADAMTS5",0.588460030748869
"_GTTGCGGCAGAGGCAT-6","Glut-DACH2-5","Ex_DACH2_ADAMTS5",0.407360288238626
"_GTTGCGGCAGGTACGA-6","Glut-DACH2-8","Ex_DACH2_ZMAT4",0.878026507468754
"_GTTGCGGGTATAGCTC-6","Glut-SATB2-1","Ex_SATB2_OVOA",0.289078119743998
"_GTTGCGGGTTCCTAGA-6","Glut-DACH2-5","Ex_DACH2_MGAT4C",0.372778256077882
"_GTTGCTCAGCACCGTC-6","Glut-DACH2-5","Ex_DACH2_ADAMTS5",0.654065815223052
"_GTTGCTCCAATTGGTC-6","Glut-DACH2-8","Ex_DACH2_ZMAT4",0.839766198284847
"_GTTGCTCGTTTGTTCT-6","Glut-SATB2-1","Ex_SATB2_OVOA",0.486079690662243
"_GTTGCTCTCTGTGCAA-6","Glut-DACH2-8","Ex_DACH2_ZMAT4",0.7694105416547
"_GTTGTAGAGCAACTTC-6","Glut-DACH2-5","Ex_DACH2_LHX2",0.432075491120522
"_GTTGTAGGTTTCACAG-6","Glut-DACH2-7","Ex_DACH2_GRIK4",0.639348390690142
"_GTTGTAGTCACATCAG-6","Glut-DACH2-8","Ex_DACH2_ZMAT4",0.88115893194244
"_GTTGTCCAGCTACTAC-6","Glut-SATB2-1","Ex_SATB2_SOX6",0.737974524455423
"_GTTGTCCAGCTGCCAC-6","Glut-DACH2-8","Ex_DACH2_ZMAT4",0.872794596418504
"_GTTGTCCCAGGATTCT-6","Glut-DACH2-6","Ex_DACH2_CEMIP",0.725400226648112
"_GTTGTCCTCTATTCGT-6","Glut-DACH2-7","Ex_DACH2_GRIK4",0.645355849162076
"_GTTGTGACAACAGTGG-6","Glut-DACH2-7","Ex_DACH2_MGAT4C",0.505913274792705
"_GTTTACTAGTAAACGT-6","Glut-SATB2-1","Ex_SATB2_SOX6",0.745098434705506
"_GTTTACTCATTGAAGA-6","Glut-DACH2-8","Ex_DACH2_ZMAT4",0.737238509887354
"_GTTTACTTCCTTCGAC-6","Glut-DACH2-1","Ex_DACH2_LHX2",0.362355862754764
"_GTTTGGACACCGAATT-6","Glut-DACH2-7","Ex_DACH2_GRIK4",0.472579583181119
"_TAACACGAGCGATCGA-6","Glut-DACH2-6","Ex_DACH2_CEMIP",0.900899218872778
"_TAACACGCATGCAGGA-6","Glut-SATB2-1","Ex_SATB2_FOXP2",0.396854136311302
"_TAACCAGCACCATATG-6","Glut-DACH2-5","Ex_DACH2_LHX2",0.677890021013713
"_TAACCAGCAGGCATGA-6","Glut-DACH2-5","Ex_DACH2_ADAMTS5",0.515451253110548
"_TAACCAGGTTGTATGC-6","Glut-DACH2-5","Ex_DACH2_LHX2",0.622733309670072
"_TAACGACAGTGAGTTA-6","Glut-DACH2-7","Ex_DACH2_LHX2",0.362593107349501
"_TAACTTCAGAATCGCG-6","Glut-DACH2-6","Ex_DACH2_CEMIP",0.51726175520515
"_TAACTTCCAACGGGTA-6","Glut-SATB2-1","Ex_SATB2_FOXP2",0.839531278438309
"_TAAGCACAGATGCAGC-6","Glut-DACH2-7","Ex_DACH2_NR4A3",0.519085290335641
"_TAAGCACAGTGAGCCA-6","Glut-DACH2-5","Ex_DACH2_ADAMTS5",0.584718021657426
"_TAAGCACGTACTGCCG-6","Glut-SATB2-1","Ex_SATB2_FOXP2",0.753667406821819
"_TAAGCACTCTCGTTTA-6","Glut-DACH2-7","Ex_DACH2_ADAMTS5",0.341471679597496
"_TAAGCCACACGCTATA-6","Glut-DACH2-5","Ex_DACH2_LHX2",0.429199363287458
"_TAAGCCATCCTTGGAA-6","Glut-DACH2-5","Ex_DACH2_LHX2",0.550243003504536
"_TAAGCGTCAATCTAGC-6","Glut-DACH2-7","Ex_DACH2_NR4A3",0.820801732911943
"_TAAGTCGAGAAAGTCT-6","Glut-DACH2-5","Ex_DACH2_ADAMTS5",0.762995785075755
"_TAAGTCGAGGATAATC-6","Glut-DACH2-5","Ex_DACH2_LHX2",0.441324633371643
"_TAAGTCGCAAGCAGGT-6","Glut-DACH2-6","Ex_DACH2_CEMIP",0.335073444128497
"_TAAGTCGCACCGTCGA-6","Glut-DACH2-7","Ex_DACH2_ADAMTS5",0.528017683875877
"_TAAGTCGCATCAGCGC-6","Glut-DACH2-5","Ex_DACH2_ADAMTS5",0.305358501732065
"_TAATCTCGTTCCCAAA-6","Glut-DACH2-6","Ex_DACH2_CEMIP",0.922180182594269
"_TAATCTCTCACCATGA-6","Glut-DACH2-7","Ex_DACH2_MGAT4C",0.49451338868848
"_TAATCTCTCAGATGCT-6","Glut-DACH2-5","Ex_DACH2_LHX2",0.53360426700943
"_TAATTCCCATCTCATT-6","Glut-DACH2-8","Ex_DACH2_ZMAT4",0.948020365332817
"_TACAACGAGTTGTCGT-6","Glut-DACH2-8","Ex_DACH2_ZMAT4",0.964738591497258
"_TACAACGCACGCGTGT-6","Glut-DACH2-LMANco","Ex_DACH2_ZMAT4",0.588861934286922
"_TACACCCAGTGACCTT-6","Glut-DACH2-5","Ex_DACH2_LHX2",0.566326739352717
"_TACACCCGTGATGTAA-6","Glut-DACH2-LMANsh","Ex_DACH2_LHX2",0.465056657199314
"_TACACCCGTGGGACAT-6","Glut-DACH2-8","Ex_DACH2_ZMAT4",0.943233033151067
"_TACACCCTCCCAATAG-6","Glut-DACH2-7","Ex_DACH2_ADAMTS5",0.417010536946923
"_TACAGGTAGAACTCCT-6","Glut-DACH2-5","Ex_DACH2_GRIK4",0.310320306194027
"_TACAGGTAGACGGATC-6","Glut-DACH2-6","Ex_DACH2_CEMIP",0.324567348254121
"_TACAGGTCACGACGAA-6","Glut-DACH2-8","Ex_DACH2_CEMIP",0.528974371629626
"_TACAGGTCATGGCTGC-6","Glut-DACH2-7","Ex_DACH2_MGAT4C",0.579646505609941
"_TACAGGTTCAACTCTT-6","Glut-DACH2-LMANsh","Ex_DACH2_LHX2",0.410260510843934
"_TACATTCAGGCTATCT-6","Glut-DACH2-7","Ex_DACH2_GRIK4",0.599503376848849
"_TACATTCAGGGTAGCT-6","Glut-DACH2-1","Ex_DACH2_ADAMTS5",0.549558939316206
"_TACATTCAGTACGAGC-6","Glut-DACH2-5","Ex_DACH2_GRIK4",0.375981238899785
"_TACATTCGTGAGCTCC-6","Glut-DACH2-5","Ex_DACH2_ADAMTS5",0.412262862813802
"_TACATTCTCCATTCGC-6","Glut-DACH2-7","Ex_DACH2_GRIK4",0.343714434622568
"_TACATTCTCGGTTAGT-6","Glut-DACH2-7","Ex_DACH2_MGAT4C",0.454810647089138
"_TACCCACAGCTCCGAC-6","Glut-DACH2-5","Ex_DACH2_ADAMTS5",0.77690675613562
"_TACCCACAGGCATCTT-6","Glut-DACH2-5","Ex_DACH2_ADAMTS5",0.34150154615153
"_TACCCACCAAAGCAAT-6","Glut-DACH2-6","Ex_DACH2_ITGA9",0.474478012423068
"_TACCCACCAACGCCCA-6","Glut-DACH2-7","Ex_DACH2_ADAMTS5",0.296590236704123
"_TACCCACCACCGGAAA-6","Glut-DACH2-6","Ex_DACH2_CEMIP",0.550388645820446
"_TACCCACGTATCAGCT-6","Glut-DACH2-6","Ex_DACH2_CEMIP",0.489134790632748
"_TACCCACTCCCTTCCC-6","Glut-DACH2-8","Ex_DACH2_ZMAT4",0.846640936577058
"_TACCCGTGTCACAGAG-6","Glut-DACH2-7","Ex_DACH2_MGAT4C",0.244869037029774
"_TACCGAAGTACAAGCG-6","Glut-DACH2-6","Ex_DACH2_CEMIP",0.943390304218744
"_TACCGAAGTTGTTGCA-6","Glut-DACH2-6","Ex_DACH2_CEMIP",0.58952867889583
"_TACCGGGCACGGCCAT-6","Glut-SATB2-1","Ex_SATB2_SOX6",0.59650872774704
"_TACCGGGGTTGTTGAC-6","Glut-DACH2-7","Ex_DACH2_NR4A3",0.868991921465997
"_TACCTCGAGAACCCGA-6","Glut-DACH2-5","Ex_DACH2_GRIK4",0.401222837273548
"_TACCTCGAGCGGTAGT-6","Glut-SATB2-1","Ex_SATB2_FOXP2",0.746127934804486
"_TACCTCGCAAATTGGA-6","Glut-DACH2-5","Ex_DACH2_LHX2",0.415900986584961
"_TACCTCGCACAAACGG-6","Glut-DACH2-6","Ex_DACH2_ZMAT4",0.504681009154327
"_TACCTCGGTATTCCTT-6","Glut-DACH2-5","Ex_DACH2_LHX2",0.386086720521363
"_TACCTCGTCACACGAT-6","Glut-DACH2-6","Ex_DACH2_CEMIP",0.457989625699988
"_TACCTGCCACCCTAGG-6","Glut-DACH2-7","Ex_DACH2_CEMIP",0.408458342310669
"_TACGCTCAGAAGGTAG-6","Glut-DACH2-6","Ex_DACH2_ZMAT4",0.486802850071747
"_TACGCTCCACCCGTAG-6","Glut-DACH2-7","Ex_DACH2_GRIK4",0.440426103498568
"_TACGCTCGTACAGCGA-6","Glut-DACH2-8","Ex_DACH2_ZMAT4",0.525123910016536
"_TACGGGCGTATCGCGC-6","Glut-DACH2-6","Ex_DACH2_CEMIP",0.980784606178398
"_TACGGTAGTCTGATCA-6","Glut-DACH2-7","Ex_DACH2_ADAMTS5",0.355168669886351
"_TACGTCCAGAAACTGT-6","Glut-DACH2-5","Ex_DACH2_ADAMTS5",0.549585080784635
"_TACGTCCAGGACGCAT-6","Glut-DACH2-7","Ex_DACH2_MGAT4C",0.574232915265051
"_TACTGCCCACTGTCCT-6","Glut-DACH2-8","Ex_DACH2_ZMAT4",0.60996668704267
"_TACTGCCGTGACTGTT-6","Glut-DACH2-5","Ex_DACH2_ADAMTS5",0.611921689541405
"_TACTGCCTCAGCTCTC-6","Glut-SATB2-1","Ex_SATB2_ZNF385B",0.994334266847067
"_TACTGCCTCTTCGGAA-6","Glut-SATB2-1","Ex_SATB2_SOX6",0.905155494441078
"_TACTTACAGACTAAGT-6","Glut-DACH2-5","Ex_DACH2_ADAMTS5",0.680758369851084
"_TACTTACGTAGAGCTG-6","Glut-SATB2-1","Ex_SATB2_FOXP2",0.594218575717363
"_TACTTACTCTATGCCC-6","Glut-DACH2-6","Ex_DACH2_CEMIP",0.491959139296132
"_TACTTACTCTGGCCAG-6","Glut-DACH2-7","Ex_DACH2_LHX2",0.645488354150514
"_TACTTCACAATTTCTC-6","Glut-DACH2-7","Ex_DACH2_ADAMTS5",0.415952066538184
"_TACTTCACACCCTTAC-6","Glut-DACH2-6","Ex_DACH2_ITGA9",0.228808186068723
"_TACTTGTCAAACCGGA-6","Glut-DACH2-7","Ex_DACH2_GRIK4",0.4274810761042
"_TACTTGTCATGAGAAT-6","Glut-DACH2-8","Ex_DACH2_ZMAT4",0.873758644815823
"_TACTTGTGTAGTCGGA-6","Glut-DACH2-6","Ex_DACH2_CEMIP",0.965435413136182
"_TACTTGTGTGACATCT-6","Glut-DACH2-6","Ex_DACH2_CEMIP",0.32892752147513
"_TACTTGTTCATCGCTC-6","Glut-DACH2-7","Ex_DACH2_LHX2",0.394285926547194
"_TAGACCACACGCACCA-6","Glut-DACH2-5","Ex_DACH2_GRIK4",0.402844041974281
"_TAGACCACACTTCAGA-6","Glut-DACH2-7","Ex_DACH2_ADAMTS5",0.350990729049587
"_TAGACCAGTTAGAGAT-6","Glut-DACH2-8","Ex_DACH2_ZMAT4",0.972929843043023
"_TAGACCAGTTTAAGGA-6","Glut-DACH2-6","Ex_DACH2_CEMIP",0.952915295766571
"_TAGACCATCCACTTCG-6","Glut-DACH2-7","Ex_DACH2_ADAMTS5",0.363640757198848
"_TAGACCATCGGTAACT-6","Glut-SATB2-1","Ex_SATB2_SOX6",0.709578873076964
"_TAGACTGAGACGCAGT-6","Glut-DACH2-7","Ex_DACH2_GRIK4",0.346544516343565
"_TAGACTGGTCCGTACG-6","Glut-DACH2-7","Ex_DACH2_ADAMTS5",0.622963288986412
"_TAGACTGTCTTTCAGT-6","Glut-SATB2-1","Ex_SATB2_FOXP2",0.858450871011516
"_TAGAGTCCACACGCCA-6","Glut-DACH2-6","Ex_DACH2_CEMIP",0.96413435932352
"_TAGAGTCCATCTGTTT-6","Glut-DACH2-8","Ex_DACH2_CEMIP",0.838502210385822
"_TAGATCGCAGGTCAGA-6","Glut-DACH2-5","Ex_DACH2_NR4A3",0.387532027428646
"_TAGATCGGTTGCCGCA-6","Glut-DACH2-8","Ex_DACH2_ZMAT4",0.890193958406543
"_TAGATCGTCTCAACCC-6","Glut-DACH2-6","Ex_DACH2_ZMAT4",0.434892601871319
"_TAGCACAAGCTGTACT-6","Glut-DACH2-5","Ex_DACH2_ADAMTS5",0.464488365769148
"_TAGCACAGTCTGCATA-6","Glut-DACH2-5","Ex_DACH2_LHX2",0.358539676136754
"_TAGCACATCCGACATA-6","Glut-DACH2-LMANsh","Ex_DACH2_ADAMTS5",0.521858178948241
"_TAGGAGGAGCCATATC-6","Glut-DACH2-7","Ex_DACH2_NR4A3",0.435997021694413
"_TAGGAGGAGTAGGTTA-6","Glut-DACH2-4","Ex_DACH2_ITGA9",0.399560428352333
"_TAGGAGGAGTGAGTGC-6","Glut-DACH2-8","Ex_DACH2_ZMAT4",0.492946168823937
"_TAGGAGGGTGTTGCCG-6","Glut-DACH2-8","Ex_DACH2_CEMIP",0.564338542772789
"_TAGGAGGGTTCGAACT-6","Glut-DACH2-7","Ex_DACH2_MGAT4C",0.403326746124053
"_TAGGAGGTCAACACCA-6","Glut-DACH2-6","Ex_DACH2_CEMIP",0.701264710904052
"_TAGGAGGTCAGAGCAG-6","Glut-DACH2-7","Ex_DACH2_ADAMTS5",0.474343345840563
"_TAGGAGGTCCTTGGAA-6","Glut-SATB2-1","Ex_SATB2_SOX6",0.849113268135823
"_TAGGGTTAGTGGCCTC-6","Glut-DACH2-6","Ex_DACH2_CEMIP",0.794376735105074
"_TAGGGTTCACTACACA-6","Glut-DACH2-5","Ex_DACH2_LHX2",0.527616836552888
"_TAGGTACGTCGTCATA-6","Glut-DACH2-7","Ex_DACH2_GRIK4",0.329246340489593
"_TAGGTTGAGCGAAACC-6","Glut-DACH2-7","Ex_DACH2_MGAT4C",0.415422803683649
"_TAGGTTGGTCAAACGG-6","Glut-DACH2-7","Ex_DACH2_GRIK4",0.425900105839432
"_TAGTGCACATCAGCGC-6","Glut-DACH2-7","Ex_DACH2_MGAT4C",0.493837187817549
"_TAGTGCAGTACGTGAG-6","Glut-DACH2-6","Ex_DACH2_CEMIP",0.810014790647091
"_TATACCTGTAGGACCA-6","Glut-SATB2-1","Ex_SATB2_FOXP2",0.544690906908803
"_TATATCCAGGCAGGTT-6","Glut-DACH2-8","Ex_DACH2_ZMAT4",0.802582255036088
"_TATATCCCACCTCGTT-6","Glut-SATB2-1","Ex_SATB2_SOX6",0.681454115080094
"_TATATCCGTACGATGG-6","Glut-DACH2-5","Ex_DACH2_ADAMTS5",0.683684928062067
"_TATATCCGTTCTAACG-6","Glut-DACH2-5","Ex_DACH2_LHX2",0.597571977059017
"_TATATCCGTTTCGTAG-6","Glut-DACH2-6","Ex_DACH2_CEMIP",0.900051406570662
"_TATATCCTCCAACACA-6","Glut-DACH2-6","Ex_DACH2_CEMIP",0.794737881707479
"_TATCAGGAGAGGGTCT-6","Glut-DACH2-8","Ex_DACH2_ZMAT4",0.492709179516089
"_TATCAGGGTATTCCTT-6","Glut-DACH2-8","Ex_DACH2_ZMAT4",0.824043733431685
"_TATCAGGTCTCCAATT-6","Glut-DACH2-6","Ex_DACH2_ITGA9",0.332542076456874
"_TATCCTAAGCACCCAC-6","Glut-SATB2-1","Ex_SATB2_SOX6",0.868886258477821
"_TATCCTACATGTAACC-6","Glut-DACH2-7","Ex_DACH2_MGAT4C",0.546085148325094
"_TATCGCCAGGACGCTA-6","Glut-DACH2-6","Ex_DACH2_ZMAT4",0.378126089790956
"_TATCGCCCAGAGGAAA-6","Glut-DACH2-7","Ex_DACH2_GRIK4",0.234799520355681
"_TATCGCCCATGCCGCA-6","Glut-DACH2-6","Ex_DACH2_CEMIP",0.965176975486996
"_TATCGCCGTGATCATC-6","Glut-SATB2-1","Ex_SATB2_SOX6",0.825062587585723
"_TATCTGTAGAGATGCC-6","Glut-DACH2-6","Ex_DACH2_ZMAT4",0.530618122782875
"_TATCTGTCAACGACAG-6","Glut-DACH2-7","Ex_DACH2_GRIK4",0.343413711596939
"_TATCTGTGTTGCTCGG-6","Glut-DACH2-7","Ex_DACH2_GRIK4",0.425028707435998
"_TATCTGTTCGCACGAC-6","Glut-DACH2-5","Ex_DACH2_ADAMTS5",0.490889707533748
"_TATCTGTTCGTCCTTG-6","Glut-DACH2-6","Ex_DACH2_CEMIP",0.948879408517542
"_TATCTTGAGCAACCAG-6","Glut-DACH2-5","Ex_DACH2_LHX2",0.44573261867259
"_TATCTTGCATCCTAAG-6","Glut-DACH2-5","Ex_DACH2_ADAMTS5",0.343554739150287
"_TATCTTGGTCCCAAAT-6","Glut-DACH2-8","Ex_DACH2_ZMAT4",0.639293142346566
"_TATGTTCGTGAGAGGG-6","Glut-SATB2-1","Ex_SATB2_ZNF385B",1
"_TATGTTCTCGAAACAA-6","Glut-DACH2-1","Ex_DACH2_LHX2",0.401755052000801
"_TATTCCAAGATGTTCC-6","Glut-DACH2-6","Ex_DACH2_CEMIP",0.408536377070655
"_TATTCCAAGGTCGTGA-6","Glut-DACH2-8","Ex_DACH2_ZMAT4",0.819560078050045
"_TATTCCAGTTCGGCGT-6","Glut-DACH2-7","Ex_DACH2_ADAMTS5",0.527522591150601
"_TATTCCATCCACTTCG-6","Glut-SATB2-1","Ex_SATB2_FOXP2",0.753933067625734
"_TATTGCTAGGATGCGT-6","Glut-DACH2-8","Ex_DACH2_ZMAT4",0.919037283201318
"_TATTGCTGTGGAAGTC-6","Glut-SATB2-1","Ex_SATB2_FOXP2",0.867834113281011
"_TATTGGGGTCGAACGA-6","Glut-DACH2-6","Ex_DACH2_CEMIP",0.332759183581566
"_TATTGGGGTGCTTCAA-6","Glut-DACH2-6","Ex_DACH2_CEMIP",0.96662840357857
"_TATTTCGAGTCAGCCC-6","Glut-DACH2-5","Ex_DACH2_ADAMTS5",0.910378475489668
"_TATTTCGCAGCGCTTG-6","Glut-DACH2-5","Ex_DACH2_LHX2",0.522569359159906
"_TATTTCGTCCACGGAC-6","Glut-DACH2-7","Ex_DACH2_MGAT4C",0.520598509965948
"_TATTTCGTCGAACACT-6","Glut-DACH2-8","Ex_DACH2_ZMAT4",0.892156167051074
"_TCAAGACAGCTAAATG-6","Glut-DACH2-8","Ex_DACH2_ZMAT4",0.624863512379135
"_TCAAGACTCCGTGGTG-6","Glut-DACH2-6","Ex_DACH2_CEMIP",0.379225274112276
"_TCAAGCACACCATAAC-6","Glut-SATB2-1","Ex_SATB2_SOX6",0.506324498847849
"_TCAAGCATCAAAGACA-6","Glut-DACH2-6","Ex_DACH2_ITGA9",0.250430932728922
"_TCAAGCATCCTCTCTT-6","Glut-DACH2-5","Ex_DACH2_LHX2",0.391692694584831
"_TCAAGTGGTAGTCGTT-6","Glut-DACH2-5","Ex_DACH2_ADAMTS5",0.735383840040614
"_TCAAGTGGTGCCGAAA-6","Glut-DACH2-5","Ex_DACH2_LHX2",0.551713241586392
"_TCAAGTGGTTGACGGA-6","Glut-DACH2-6","Ex_DACH2_CEMIP",0.758976665756343
"_TCAATCTCAGAGTCTT-6","Glut-SATB2-1","Ex_SATB2_SOX6",0.509461159823627
"_TCAATCTGTCGTTATG-6","Glut-DACH2-6","Ex_DACH2_CEMIP",0.462154047990847
"_TCAATCTGTTCTCACC-6","Glut-DACH2-6","Ex_DACH2_ZMAT4",0.68694006641892
"_TCAATTCCATGCAGCC-6","Glut-DACH2-6","Ex_DACH2_CEMIP",0.965259362703431
"_TCACAAGAGACATCCT-6","Glut-DACH2-7","Ex_DACH2_MGAT4C",0.388710102602085
"_TCACAAGCACAGTCCG-6","Glut-DACH2-5","Ex_DACH2_MGAT4C",0.462726334761146
"_TCACAAGCAGACCAAG-6","Glut-DACH2-8","Ex_DACH2_ZMAT4",0.758552972209972
"_TCACACCCAGATAAAC-6","Glut-DACH2-1","Ex_DACH2_LHX2",0.597166747855286
"_TCACACCGTTCGGGTC-6","Glut-DACH2-5","Ex_DACH2_ADAMTS5",0.849580976400493
"_TCACACCTCGAGTCCG-6","Glut-DACH2-7","Ex_DACH2_GRIK4",0.615866223614285
"_TCACATTCAATCTCTT-6","Glut-DACH2-7","Ex_DACH2_NR4A3",0.871323081910014
"_TCACATTCACTCTCGT-6","Glut-DACH2-5","Ex_DACH2_LHX2",0.517333345637705
"_TCACATTCAGCCATTA-6","Glut-DACH2-5","Ex_DACH2_LHX2",0.43478758364438
"_TCACATTCAGGTCAAG-6","Glut-DACH2-6","Ex_DACH2_CEMIP",0.475302375373883
"_TCACATTCATGACTAC-6","Glut-DACH2-7","Ex_DACH2_LHX2",0.414512440588987
"_TCACATTGTCAAGCGA-6","Glut-DACH2-7","Ex_DACH2_MGAT4C",0.513140323630812
"_TCACATTTCACCACAA-6","Glut-SATB2-1","Ex_SATB2_SOX6",0.428850703328266
"_TCACGCTGTACCGGAA-6","Glut-DACH2-8","Ex_DACH2_ZMAT4",0.838535441040847
"_TCACGCTGTGCCCTTT-6","Glut-DACH2-6","Ex_DACH2_CEMIP",0.800867933583299
"_TCACGGGCACTTACAG-6","Glut-DACH2-8","Ex_DACH2_ZMAT4",0.93238583841309
"_TCACGGGCATCTATCT-6","Glut-DACH2-6","Ex_DACH2_CEMIP",0.982776109418297
"_TCACGGGTCTAGCATG-6","Glut-DACH2-5","Ex_DACH2_ADAMTS5",0.509575411856758
"_TCACTATAGATGACCG-6","Glut-DACH2-8","Ex_DACH2_ZMAT4",0.923397763609081
"_TCACTATTCCCGGTAG-6","Glut-DACH2-5","Ex_DACH2_ADAMTS5",0.473037189509932
"_TCACTATTCTGGTGGC-6","Glut-DACH2-6","Ex_DACH2_CEMIP",0.475735380726625
"_TCACTCGCAAATGCGG-6","Glut-DACH2-7","Ex_DACH2_MGAT4C",0.484980703971866
"_TCACTCGCACGCGCAT-6","Glut-SATB2-1","Ex_SATB2_SOX6",0.842907984187712
"_TCACTCGCAGCTTTCC-6","Glut-DACH2-5","Ex_DACH2_ADAMTS5",0.685801011436673
"_TCACTCGTCGATTTCT-6","Glut-DACH2-8","Ex_DACH2_ZMAT4",0.887191801995288
"_TCAGCAACATAATGAG-6","Glut-DACH2-7","Ex_DACH2_MGAT4C",0.37981349694774
"_TCAGCAACATTAAAGG-6","Glut-DACH2-6","Ex_DACH2_CEMIP",0.985086300728997
"_TCAGCAATCTGCTTTA-6","Glut-DACH2-5","Ex_DACH2_ADAMTS5",0.524914060707077
"_TCAGCCTAGCTGGTGA-6","Glut-DACH2-8","Ex_DACH2_ZMAT4",0.920741510819093
"_TCAGCCTAGTGGTTGG-6","Glut-DACH2-8","Ex_DACH2_ZMAT4",0.460034739523159
"_TCAGCCTGTACGAGCA-6","Glut-SATB2-1","Ex_SATB2_FOXP2",0.641996390449223
"_TCAGCCTGTCACCCTT-6","Glut-DACH2-7","Ex_DACH2_MGAT4C",0.477774402586066
"_TCAGCCTGTTAAGGGC-6","Glut-DACH2-7","Ex_DACH2_MGAT4C",0.448338681116716
"_TCAGCCTGTTCGTAAC-6","Glut-SATB2-1","Ex_SATB2_FOXP2",0.826904020685874
"_TCAGCCTTCAACGAGG-6","Glut-DACH2-6","Ex_DACH2_CEMIP",0.634664768316834
"_TCAGGGCAGCGTGAGT-6","Glut-DACH2-7","Ex_DACH2_GRIK4",0.563273648691972
"_TCAGGGCAGCTATCCA-6","Glut-DACH2-7","Ex_DACH2_GRIK4",0.454335139879058
"_TCAGGGCGTATGTCTG-6","Glut-DACH2-7","Ex_DACH2_LHX2",0.717316373737068
"_TCAGGGCGTGAAGCGT-6","Glut-DACH2-7","Ex_DACH2_LHX2",0.505899206214263
"_TCAGGGCGTTGGACCC-6","Glut-DACH2-7","Ex_DACH2_LHX2",0.6083853910292
"_TCAGGGCTCCTCGATC-6","Glut-DACH2-5","Ex_DACH2_LHX2",0.506207878010593
"_TCAGGTATCCGTCACT-6","Glut-DACH2-7","Ex_DACH2_ADAMTS5",0.410063131270654
"_TCAGGTATCGCATAGT-6","Glut-DACH2-6","Ex_DACH2_CEMIP",0.958717042948628
"_TCAGTCCAGGTTCTTG-6","Glut-DACH2-1","Ex_DACH2_LHX2",0.60218905910427
"_TCAGTCCGTACTTCCC-6","Glut-DACH2-1","Ex_DACH2_NR4A3",0.520752273258954
"_TCAGTCCGTCACTCGG-6","Glut-DACH2-7","Ex_DACH2_ADAMTS5",0.878391087001435
"_TCAGTCCGTTATAGAG-6","Glut-DACH2-5","Ex_DACH2_ADAMTS5",0.343400397081031
"_TCAGTCCTCTCCGAAA-6","Glut-DACH2-5","Ex_DACH2_LHX2",0.415299280421709
"_TCAGTCCTCTGCCTCA-6","Glut-DACH2-8","Ex_DACH2_ZMAT4",0.951168027036271
"_TCAGTGAAGGGAGTGG-6","Glut-DACH2-6","Ex_DACH2_CEMIP",0.90969321337622
"_TCAGTGAGTCCCTGTT-6","Glut-DACH2-8","Ex_DACH2_ZMAT4",0.85116231387616
"_TCAGTTTTCACCGACG-6","Glut-DACH2-5","Ex_DACH2_GRIK4",0.427182053233338
"_TCATACTTCGGAGTAG-6","Glut-DACH2-7","Ex_DACH2_MGAT4C",0.486654827643858
"_TCATATCAGTCACACT-6","Glut-DACH2-7","Ex_DACH2_ADAMTS5",0.553201757819066
"_TCATATCAGTGCCCGT-6","Glut-DACH2-8","Ex_DACH2_ZMAT4",0.920995671879701
"_TCATATCTCCACAGGC-6","Glut-DACH2-7","Ex_DACH2_MGAT4C",0.477884023075714
"_TCATCATCACACCTAA-6","Glut-DACH2-6","Ex_DACH2_CEMIP",0.735007326026653
"_TCATCATCATGCAGCC-6","Glut-DACH2-7","Ex_DACH2_MGAT4C",0.394425616414629
"_TCATCATGTATTGAGA-6","Glut-DACH2-6","Ex_DACH2_CEMIP",0.919178122692885
"_TCATCATGTTCTCAGA-6","Glut-DACH2-6","Ex_DACH2_CEMIP",0.892382230229112
"_TCATCATTCGCTAATG-6","Glut-DACH2-7","Ex_DACH2_GRIK4",0.446458664193321
"_TCATCATTCGGCGATC-6","Glut-SATB2-1","Ex_SATB2_FOXP2",0.638817804461895
"_TCATCCGAGCTGGCCT-6","Glut-DACH2-7","Ex_DACH2_ADAMTS5",0.472409086021408
"_TCATCCGCAGCAGTCC-6","Glut-DACH2-7","Ex_DACH2_ADAMTS5",0.365409664794907
"_TCATCCGGTCTGATAC-6","Glut-DACH2-6","Ex_DACH2_CEMIP",0.824830431677193
"_TCATGAGAGACCAAGC-6","Glut-DACH2-6","Ex_DACH2_CEMIP",0.403277211781218
"_TCATGAGTCACCGCTT-6","Glut-DACH2-8","Ex_DACH2_ZMAT4",0.715341874548178
"_TCATGCCAGACAGCTG-6","Glut-DACH2-6","Ex_DACH2_CEMIP",0.65495421642044
"_TCATGCCAGCAACAGC-6","Glut-SATB2-1","Ex_SATB2_SOX6",0.731225022285784
"_TCATGCCGTGTCACAT-6","Glut-DACH2-7","Ex_DACH2_MGAT4C",0.604198797587102
"_TCATGGACAGTCACGC-6","Glut-DACH2-7","Ex_DACH2_MGAT4C",0.515272059965632
"_TCATGTTAGGCCTAAG-6","Glut-DACH2-6","Ex_DACH2_CEMIP",0.944569616007863
"_TCATGTTAGTGTACCT-6","Glut-DACH2-6","Ex_DACH2_CEMIP",0.539350220226881
"_TCATGTTGTAATGCTC-6","Glut-DACH2-5","Ex_DACH2_GRIK4",0.264727142973031
"_TCATGTTTCAACACCA-6","Glut-DACH2-1","Ex_DACH2_MGAT4C",0.614321847741399
"_TCATTACGTACTTGTG-6","Glut-DACH2-LMANsh","Ex_DACH2_LHX2",0.450749276024742
"_TCATTACTCGATGGAG-6","Glut-SATB2-1","Ex_SATB2_SOX6",0.577370887055498
"_TCATTCAAGGTACAGC-6","Glut-DACH2-6","Ex_DACH2_CEMIP",0.740207721682877
"_TCATTCAGTTAAGGAT-6","Glut-DACH2-6","Ex_DACH2_ITGA9",0.322646499159337
"_TCATTCAGTTGACGGA-6","Glut-DACH2-5","Ex_DACH2_LHX2",0.430139966703727
"_TCATTCATCATCGGGC-6","Glut-DACH2-7","Ex_DACH2_LHX2",0.641417819110093
"_TCATTCATCATTCTTG-6","Glut-SATB2-1","Ex_SATB2_SOX6",0.468553638277251
"_TCATTGTAGTTGCCCG-6","Glut-SATB2-1","Ex_SATB2_FOXP2",0.777237370392024
"_TCATTGTCATGAATAG-6","Glut-DACH2-5","Ex_DACH2_LHX2",0.574691891791884
"_TCATTGTTCACATCAG-6","Glut-DACH2-8","Ex_DACH2_CEMIP",0.483109883934755
"_TCATTTGCACTAACCA-6","Glut-DACH2-6","Ex_DACH2_CEMIP",0.795937134082293
"_TCCACCAAGCGCCCAT-6","Glut-DACH2-7","Ex_DACH2_ADAMTS5",0.363064558128066
"_TCCACCACATACAGAA-6","Glut-DACH2-5","Ex_DACH2_ADAMTS5",0.545550128360305
"_TCCACCACATCTTCGC-6","Glut-DACH2-5","Ex_DACH2_ADAMTS5",0.515348368321957
"_TCCACCAGTGTGATGG-6","Glut-DACH2-8","Ex_DACH2_ZMAT4",0.533838470614362
"_TCCACGTGTACAAAGT-6","Glut-DACH2-8","Ex_DACH2_ZMAT4",0.947942106330906
"_TCCACGTTCGCCAGAC-6","Glut-DACH2-5","Ex_DACH2_LHX2",0.482783419522128
"_TCCACGTTCTGTCTCG-6","Glut-DACH2-6","Ex_DACH2_CEMIP",0.836460554882483
"_TCCAGAAGTGTCCAAT-6","Glut-DACH2-7","Ex_DACH2_GRIK4",0.435004942496257
"_TCCAGAATCTAGCCTC-6","Glut-DACH2-7","Ex_DACH2_ADAMTS5",0.436297585684652
"_TCCATCGAGAAGCTGC-6","Glut-DACH2-7","Ex_DACH2_ADAMTS5",0.6322301382707
"_TCCATCGAGAGTTGCG-6","Glut-DACH2-5","Ex_DACH2_LHX2",0.695522817064102
"_TCCATCGCACGAAGAC-6","Glut-DACH2-7","Ex_DACH2_MGAT4C",0.403998166062595
"_TCCATCGCAGACTCTA-6","Glut-DACH2-6","Ex_DACH2_CEMIP",0.91468962879294
"_TCCATCGGTTTGCAGT-6","Glut-DACH2-6","Ex_DACH2_CEMIP",0.4339398082847
"_TCCATCGTCCAACACA-6","Glut-DACH2-5","Ex_DACH2_ADAMTS5",0.33386804246831
"_TCCATCGTCCGTGCGA-6","Glut-DACH2-8","Ex_DACH2_ZMAT4",0.925907576609457
"_TCCATGCAGATGTAGT-6","Glut-DACH2-7","Ex_DACH2_GRIK4",0.437472492270612
"_TCCATGCCAACTACGT-6","Glut-DACH2-7","Ex_DACH2_NR4A3",0.293665645235678
"_TCCATGCCACGCTTAA-6","Glut-DACH2-7","Ex_DACH2_MGAT4C",0.575177883482594
"_TCCATGCTCCGGCTTT-6","Glut-DACH2-8","Ex_DACH2_ZMAT4",0.892568097812666
"_TCCATGCTCTCGTGAA-6","Glut-DACH2-8","Ex_DACH2_ZMAT4",0.808294730979833
"_TCCCACAAGCTGAGCA-6","Glut-DACH2-7","Ex_DACH2_LHX2",0.559082216004585
"_TCCCACAAGGTAGACC-6","Glut-DACH2-7","Ex_DACH2_MGAT4C",0.30389681201859
"_TCCCACAAGTCAGCCC-6","Glut-DACH2-7","Ex_DACH2_MGAT4C",0.572883741218793
"_TCCCACACACTGTCGG-6","Glut-DACH2-6","Ex_DACH2_CEMIP",0.501728536949787
"_TCCCACAGTGGCCCAT-6","Glut-SATB2-1","Ex_SATB2_FOXP2",0.494237017626269
"_TCCCAGTAGCATCCCG-6","Glut-DACH2-5","Ex_DACH2_LHX2",0.662654690880847
"_TCCCAGTAGTAGACAT-6","Glut-DACH2-6","Ex_DACH2_CEMIP",0.520861298236373
"_TCCCAGTAGTGGACTG-6","Glut-DACH2-5","Ex_DACH2_ADAMTS5",0.313074002650484
"_TCCCAGTGTCCACACG-6","Glut-DACH2-6","Ex_DACH2_CEMIP",0.766976200468312
"_TCCCAGTGTGGTTCTA-6","Glut-DACH2-7","Ex_DACH2_ADAMTS5",0.472546735180283
"_TCCCATGAGGAGAATG-6","Glut-DACH2-5","Ex_DACH2_ADAMTS5",0.737151940107525
"_TCCCATGGTCACCCTT-6","Glut-DACH2-7","Ex_DACH2_MGAT4C",0.369633102058497
"_TCCCATGGTCCACAGC-6","Glut-DACH2-6","Ex_DACH2_CEMIP",0.650632275357611
"_TCCCATGGTTGCTTGA-6","Glut-DACH2-5","Ex_DACH2_LHX2",0.636281654355327
"_TCCGAAATCATAGACC-6","Glut-DACH2-6","Ex_DACH2_ITGA9",0.269376979478912
"_TCCGAAATCCACGGGT-6","Glut-SATB2-1","Ex_SATB2_ZNF385B",1
"_TCCGAAATCGCCGATG-6","Glut-DACH2-6","Ex_DACH2_CEMIP",0.987215928947712
"_TCCGATCCAGGAATCG-6","Glut-DACH2-8","Ex_DACH2_ZMAT4",0.648237760048607
"_TCCGATCGTTCTTGTT-6","Glut-DACH2-6","Ex_DACH2_CEMIP",0.541425835788417
"_TCCGGGAAGAACCCGA-6","Glut-DACH2-LMANsh","Ex_DACH2_LHX2",0.675229250979384
"_TCCGGGACACCCTTAC-6","Glut-DACH2-5","Ex_DACH2_GRIK4",0.331932076188081
"_TCCGTGTCATCATTTC-6","Glut-DACH2-8","Ex_DACH2_ZMAT4",0.819748346257726
"_TCCGTGTGTTGAGAGC-6","Glut-DACH2-6","Ex_DACH2_CEMIP",0.585626793032139
"_TCCTAATTCGGCATTA-6","Glut-SATB2-1","Ex_SATB2_FOXP2",0.524914868486204
"_TCCTCCCAGCGTGCCT-6","Glut-DACH2-7","Ex_DACH2_ADAMTS5",0.350858553540474
"_TCCTCCCCAACCGTAT-6","Glut-DACH2-7","Ex_DACH2_MGAT4C",0.439300489837594
"_TCCTCGAAGCCTCAAT-6","Glut-DACH2-5","Ex_DACH2_ADAMTS5",0.580054142354184
"_TCCTCGACATCAGCTA-6","Glut-DACH2-7","Ex_DACH2_LHX2",0.654016700835586
"_TCCTCGAGTGACTAAA-6","Glut-DACH2-5","Ex_DACH2_ADAMTS5",0.635352799634628
"_TCCTCGAGTGGGTCAA-6","Glut-DACH2-7","Ex_DACH2_MGAT4C",0.381850080355139
"_TCCTCGATCGGCTGTG-6","Glut-DACH2-5","Ex_DACH2_GRIK4",0.284459134833951
"_TCCTCGATCTTACCAT-6","Glut-DACH2-8","Ex_DACH2_ZMAT4",0.821480730468273
"_TCCTCTTCAACCGATT-6","Glut-DACH2-6","Ex_DACH2_ITGA9",0.278322498716838
"_TCCTCTTCATCAGCAT-6","Glut-DACH2-5","Ex_DACH2_LHX2",0.387678032861082
"_TCCTGCACAGTTACCA-6","Glut-DACH2-7","Ex_DACH2_CEMIP",0.289752813394984
"_TCCTGCAGTATGAGAT-6","Glut-DACH2-7","Ex_DACH2_GRIK4",0.456203013538013
"_TCCTGCATCAGCGGAA-6","Glut-DACH2-6","Ex_DACH2_ITGA9",0.228047955306885
"_TCCTTCTAGGAACTCG-6","Glut-DACH2-7","Ex_DACH2_ADAMTS5",0.575787807094771
"_TCCTTCTAGGCGAAGG-6","Glut-SATB2-1","Ex_SATB2_SOX6",0.639256686625548
"_TCCTTTCCATATTCGG-6","Glut-DACH2-5","Ex_DACH2_LHX2",0.480394441860034
"_TCCTTTCGTAGGACCA-6","Glut-DACH2-5","Ex_DACH2_NR4A3",0.491844204598651
"_TCCTTTCGTGAGGAAA-6","Glut-DACH2-6","Ex_DACH2_CEMIP",0.797055474749832
"_TCGAACAAGCAACCAG-6","Glut-DACH2-7","Ex_DACH2_ADAMTS5",0.473204447863936
"_TCGAACAAGGAGGCAG-6","Glut-DACH2-6","Ex_DACH2_ITGA9",0.332907083310891
"_TCGAACAGTCTTGCGG-6","Glut-DACH2-5","Ex_DACH2_ADAMTS5",0.419065756540814
"_TCGAACATCACCTCGT-6","Glut-DACH2-1","Ex_DACH2_NR4A3",0.78682142950687
"_TCGAACATCATTCGTT-6","Glut-DACH2-8","Ex_DACH2_CEMIP",0.443062873880553
"_TCGAAGTCAACTTCTT-6","Glut-DACH2-8","Ex_DACH2_CEMIP",0.463859565581238
"_TCGAAGTTCACACGAT-6","Glut-DACH2-5","Ex_DACH2_LHX2",0.492926175400117
"_TCGACCTCATCACAGT-6","Glut-DACH2-6","Ex_DACH2_CEMIP",0.909650560565137
"_TCGACGGTCGGAAACG-6","Glut-DACH2-7","Ex_DACH2_LHX2",0.461630557381656
"_TCGATTTGTCACTTCC-6","Glut-DACH2-5","Ex_DACH2_LHX2",0.408449860209252
"_TCGATTTTCCCGTTGT-6","Glut-DACH2-6","Ex_DACH2_CEMIP",0.461251060085951
"_TCGCACTTCAAGGACG-6","Glut-DACH2-5","Ex_DACH2_ADAMTS5",0.735680266225608
"_TCGCAGGAGAGTTGCG-6","Glut-DACH2-6","Ex_DACH2_CEMIP",0.871796964716485
"_TCGCAGGCAGATCCAT-6","Glut-SATB2-1","Ex_SATB2_FOXP2",0.659123749409713
"_TCGCAGGCATCCGTTC-6","Glut-DACH2-8","Ex_DACH2_ZMAT4",0.84881149350681
"_TCGCAGGGTGAGGAAA-6","Glut-DACH2-6","Ex_DACH2_CEMIP",0.433561105351211
"_TCGCTCAGTGTAGTGG-6","Glut-DACH2-7","Ex_DACH2_MGAT4C",0.499267529909993
"_TCGCTTGAGACCGCCT-6","Glut-DACH2-5","Ex_DACH2_LHX2",0.353597544415542
"_TCGCTTGCAGGTATGG-6","Glut-DACH2-7","Ex_DACH2_GRIK4",0.399269717920404
"_TCGCTTGGTCGTATTG-6","Glut-DACH2-6","Ex_DACH2_CEMIP",0.803156031326586
"_TCGGATAAGTGCCGAA-6","Glut-DACH2-7","Ex_DACH2_ZMAT4",0.238333401200336
"_TCGGATAAGTGGTTGG-6","Glut-DACH2-6","Ex_DACH2_CEMIP",0.620004130259526
"_TCGGATATCTTCCACG-6","Glut-DACH2-7","Ex_DACH2_MGAT4C",0.457238262826445
"_TCGGGACAGTATGGCG-6","Glut-DACH2-5","Ex_DACH2_ADAMTS5",0.403608598719101
"_TCGGGACGTAAGAACT-6","Glut-DACH2-6","Ex_DACH2_CEMIP",0.766057480290359
"_TCGGGACGTACCTAGT-6","Glut-DACH2-7","Ex_DACH2_GRIK4",0.615963644285796
"_TCGGGACGTCCCTGAG-6","Glut-DACH2-5","Ex_DACH2_LHX2",0.543960233762747
"_TCGGGACTCGAGTGGA-6","Glut-DACH2-7","Ex_DACH2_LHX2",0.526491478863506
"_TCGGGCACACTTGAAC-6","Glut-DACH2-6","Ex_DACH2_CEMIP",0.384777035049036
"_TCGGGCACAGCACGAA-6","Glut-DACH2-6","Ex_DACH2_CEMIP",0.97159031886533
"_TCGGGCAGTTTCGGCG-6","Glut-DACH2-6","Ex_DACH2_CEMIP",0.848839101953497
"_TCGGGCATCTATCGGA-6","Glut-DACH2-8","Ex_DACH2_ZMAT4",0.835954612483914
"_TCGGGTGAGGTTACCT-6","Glut-DACH2-1","Ex_DACH2_ADAMTS5",0.327263384489386
"_TCGGGTGTCACTGTCC-6","Glut-DACH2-6","Ex_DACH2_CEMIP",0.485338441329409
"_TCGGGTGTCATAAGGA-6","Glut-DACH2-7","Ex_DACH2_ADAMTS5",0.287069033782154
"_TCGGTCTAGCGCCCAT-6","Glut-DACH2-6","Ex_DACH2_CEMIP",0.663917858320316
"_TCGGTCTCACGCAAAG-6","Glut-DACH2-5","Ex_DACH2_ADAMTS5",0.573983970520634
"_TCGGTCTGTCCCTCAT-6","Glut-DACH2-8","Ex_DACH2_ZMAT4",0.91398388526679
"_TCGGTCTTCTGTCAGA-6","Glut-DACH2-7","Ex_DACH2_MGAT4C",0.354696384901033
"_TCGTAGATCCTATTGT-6","Glut-DACH2-5","Ex_DACH2_LHX2",0.335945023275968
"_TCGTCCAGTCCTGGTG-6","Glut-DACH2-6","Ex_DACH2_CEMIP",0.939561805762015
"_TCGTGCTAGTGAGTGC-6","Glut-SATB2-1","Ex_SATB2_ZNF385B",0.807773266286118
"_TCGTGCTGTGGTACAG-6","Glut-DACH2-8","Ex_DACH2_ZMAT4",0.516701581399016
"_TCGTGGGGTCACCGCA-6","Glut-DACH2-5","Ex_DACH2_LHX2",0.68574673252934
"_TCGTGGGTCTCCATAT-6","Glut-DACH2-5","Ex_DACH2_ADAMTS5",0.559980572238234
"_TCTAACTAGATCCCAT-6","Glut-DACH2-5","Ex_DACH2_ADAMTS5",0.505972788787224
"_TCTAACTGTAGCGAGT-6","Glut-DACH2-6","Ex_DACH2_CEMIP",0.556024221347461
"_TCTAACTGTGTTGACT-6","Glut-DACH2-5","Ex_DACH2_LHX2",0.678212094795949
"_TCTAACTTCTGGTGGC-6","Glut-DACH2-1","Ex_DACH2_MGAT4C",0.445429419982165
"_TCTACATCATTGACCA-6","Glut-DACH2-7","Ex_DACH2_ADAMTS5",0.376508853366758
"_TCTACCGAGGCTAACG-6","Glut-DACH2-6","Ex_DACH2_ZMAT4",0.495081816751966
"_TCTACCGCAACCAATC-6","Glut-DACH2-7","Ex_DACH2_GRIK4",0.494116362902027
"_TCTACCGTCATTGTTC-6","Glut-DACH2-7","Ex_DACH2_GRIK4",0.466576393889692
"_TCTACCGTCCGTAGTA-6","Glut-DACH2-7","Ex_DACH2_GRIK4",0.526604088080821
"_TCTATACAGACCAACG-6","Glut-DACH2-5","Ex_DACH2_ADAMTS5",0.758317328653963
"_TCTATACCAGCAAGAC-6","Glut-DACH2-7","Ex_DACH2_GRIK4",0.432162300580917
"_TCTATACGTACTTGTG-6","Glut-DACH2-6","Ex_DACH2_ZMAT4",0.473057231961342
"_TCTATCACAACAGCCC-6","Glut-DACH2-8","Ex_DACH2_ZMAT4",0.923656459867937
"_TCTCACGAGGGCAAGG-6","Glut-DACH2-7","Ex_DACH2_ADAMTS5",0.630097989839523
"_TCTCACGCAAGTAGTA-6","Glut-DACH2-6","Ex_DACH2_CEMIP",0.638053362859933
"_TCTCACGCAGGAACCA-6","Glut-DACH2-5","Ex_DACH2_ADAMTS5",0.568086471499974
"_TCTCACGGTATGGAGC-6","Glut-DACH2-8","Ex_DACH2_CEMIP",0.795874850057927
"_TCTCACGTCCACGAAT-6","Glut-SATB2-1","Ex_SATB2_SOX6",0.841884987945122
"_TCTCACGTCCATCAGA-6","Glut-DACH2-5","Ex_DACH2_LHX2",0.438381369521037
"_TCTCAGCCACAACGTT-6","Glut-DACH2-5","Ex_DACH2_LHX2",0.436793681812336
"_TCTCAGCGTACCTTCC-6","Glut-DACH2-6","Ex_DACH2_CEMIP",0.972840303578878
"_TCTCAGCGTGCAAGAC-6","Glut-SATB2-1","Ex_SATB2_ZNF385B",0.934907712796433
"_TCTCCGAAGCCGCTTG-6","Glut-DACH2-7","Ex_DACH2_MGAT4C",0.298410277028941
"_TCTCCGAGTATGAAGT-6","Glut-DACH2-6","Ex_DACH2_CEMIP",0.524489982112577
"_TCTCTGGCAGGCGAAT-6","Glut-DACH2-7","Ex_DACH2_ADAMTS5",0.49896170237605
"_TCTCTGGCAGGTCCCA-6","Glut-DACH2-7","Ex_DACH2_ADAMTS5",0.364130865544037
"_TCTCTGGCATAACAGA-6","Glut-DACH2-6","Ex_DACH2_ITGA9",0.280326490933514
"_TCTGCCATCTCCGCAT-6","Glut-DACH2-5","Ex_DACH2_ADAMTS5",0.42714648489205
"_TCTGGCTGTATGTCAC-6","Glut-SATB2-1","Ex_SATB2_ZNF385B",0.999252155473859
"_TCTGGCTGTTGCTCCT-6","Glut-SATB2-1","Ex_SATB2_FOXP2",0.892868554375673
"_TCTGGCTTCGCAACAT-6","Glut-DACH2-5","Ex_DACH2_ADAMTS5",0.430560531401957
"_TCTGTCGGTGACTAAA-6","Glut-DACH2-6","Ex_DACH2_CEMIP",0.864540999646533
"_TCTTAGTCAGCTATAC-6","Glut-DACH2-6","Ex_DACH2_CEMIP",0.957024295032911
"_TCTTCCTAGAATTGTG-6","Glut-DACH2-7","Ex_DACH2_LHX2",0.460071226892182
"_TCTTCCTGTAAGATCA-6","Glut-SATB2-1","Ex_SATB2_FOXP2",0.464275553484644
"_TCTTGCGAGACTACGG-6","Glut-DACH2-7","Ex_DACH2_LHX2",0.45328162510337
"_TCTTGCGAGTAAACAC-6","Glut-DACH2-5","Ex_DACH2_LHX2",0.471420605648849
"_TCTTGCGGTCACTACA-6","Glut-DACH2-5","Ex_DACH2_MGAT4C",0.285605309550284
"_TCTTGCGTCGATCCCT-6","Glut-DACH2-6","Ex_DACH2_CEMIP",0.825833559240492
"_TCTTTGAAGACTACCT-6","Glut-DACH2-7","Ex_DACH2_GRIK4",0.417172573828752
"_TCTTTGACACAAGGTG-6","Glut-DACH2-7","Ex_DACH2_MGAT4C",0.420748497307195
"_TGAACGTCAGTTGGTT-6","Glut-SATB2-1","Ex_SATB2_SOX6",0.654053972316955
"_TGAACGTCATATGGCT-6","Glut-DACH2-7","Ex_DACH2_NR4A3",0.35888733594023
"_TGAACGTTCAAGGACG-6","Glut-DACH2-7","Ex_DACH2_LHX2",0.639056944950591
"_TGAATGCAGAGTGAAG-6","Glut-DACH2-1","Ex_DACH2_ADAMTS5",0.731213236449862
"_TGAATGCAGGTACAGC-6","Glut-DACH2-5","Ex_DACH2_ADAMTS5",0.290868639892152
"_TGAATGCTCCCACAGG-6","Glut-DACH2-5","Ex_DACH2_LHX2",0.438893158928623
"_TGACAGTAGGTGCGAT-6","Glut-DACH2-6","Ex_DACH2_CEMIP",0.979076506513212
"_TGACAGTCAAGTGGAC-6","Glut-DACH2-7","Ex_DACH2_GRIK4",0.452157114901359
"_TGACAGTCACCAACAT-6","Glut-DACH2-1","Ex_DACH2_LHX2",0.658541018583904
"_TGACAGTCATAATCGC-6","Glut-DACH2-5","Ex_DACH2_ADAMTS5",0.437283966952787
"_TGACAGTGTTGCTGAT-6","Glut-DACH2-7","Ex_DACH2_MGAT4C",0.324249440359292
"_TGACCCTAGGTCCAGA-6","Glut-DACH2-8","Ex_DACH2_ZMAT4",0.7330818554634
"_TGACCCTGTCATCGGC-6","Glut-DACH2-5","Ex_DACH2_LHX2",0.374856158653802
"_TGACCCTTCTCGTGAA-6","Glut-DACH2-5","Ex_DACH2_ADAMTS5",0.411717733569775
"_TGACGCGCAGCAAGAC-6","Glut-DACH2-5","Ex_DACH2_LHX2",0.509718343862584
"_TGACGCGGTGCTGATT-6","Glut-SATB2-1","Ex_SATB2_SOX6",0.753993050306148
"_TGACGCGTCTGTCTCG-6","Glut-DACH2-6","Ex_DACH2_CEMIP",0.942861158026538
"_TGACTCCAGTAGACAT-6","Glut-DACH2-7","Ex_DACH2_ADAMTS5",0.389640460158553
"_TGAGACTCAACTACGT-6","Glut-SATB2-1","Ex_SATB2_SOX6",0.87075314928515
"_TGAGCATAGATACCAA-6","Glut-DACH2-5","Ex_DACH2_LHX2",0.490859033228705
"_TGAGCATAGCAAATCA-6","Glut-DACH2-5","Ex_DACH2_ADAMTS5",0.383463045260482
"_TGAGCATCAAGAAACT-6","Glut-DACH2-8","Ex_DACH2_ZMAT4",0.780666662136591
"_TGAGCATGTAAGTAGT-6","Glut-DACH2-LMANsh","Ex_DACH2_LHX2",0.58611967658781
"_TGAGCATGTACCCAGC-6","Glut-DACH2-6","Ex_DACH2_CEMIP",0.584419295652537
"_TGAGCATTCATCACAG-6","Glut-DACH2-5","Ex_DACH2_LHX2",0.42342760817529
"_TGAGCATTCCCGAAAT-6","Glut-DACH2-5","Ex_DACH2_ADAMTS5",0.546153426591884
"_TGAGCGCAGTTCATGC-6","Glut-DACH2-6","Ex_DACH2_CEMIP",0.649517830263302
"_TGAGCGCCATACACCA-6","Glut-DACH2-8","Ex_SATB2_FOXP2",0.535196562802609
"_TGAGCGCTCAGGAACG-6","Glut-SATB2-1","Ex_SATB2_SOX6",0.534379853361763
"_TGAGGAGAGCGTGTCC-6","Glut-DACH2-7","Ex_DACH2_LHX2",0.596342338139963
"_TGAGGAGCACCCTATC-6","Glut-DACH2-7","Ex_DACH2_MGAT4C",0.429807248937863
"_TGAGGAGGTGCATCTA-6","Glut-DACH2-5","Ex_DACH2_ADAMTS5",0.873134409156517
"_TGAGGAGGTTACCTGA-6","Glut-DACH2-5","Ex_DACH2_LHX2",0.601737195718842
"_TGAGGGAAGAACTTCC-6","Glut-DACH2-6","Ex_DACH2_ZMAT4",0.287911665777992
"_TGAGGGATCGGCGATC-6","Glut-DACH2-5","Ex_DACH2_MGAT4C",0.336552484111095
"_TGAGGTTAGGCGACAT-6","Glut-DACH2-5","Ex_DACH2_ADAMTS5",0.456467216420004
"_TGAGGTTAGTCTGCGC-6","Glut-DACH2-6","Ex_DACH2_CEMIP",0.965977060834777
"_TGAGGTTGTCTAACGT-6","Glut-DACH2-6","Ex_DACH2_CEMIP",0.963973921262376
"_TGAGGTTGTCTACTGA-6","Glut-DACH2-7","Ex_DACH2_LHX2",0.568576923650943
"_TGAGGTTGTTCTCTCG-6","Glut-DACH2-8","Ex_DACH2_ZMAT4",0.868975595388752
"_TGAGGTTGTTTGAACC-6","Glut-DACH2-8","Ex_DACH2_ZMAT4",0.944632726424003
"_TGAGTCACAATCGCGC-6","Glut-DACH2-7","Ex_DACH2_NR4A3",0.358802476516045
"_TGAGTCACAGTCGCAC-6","Glut-DACH2-5","Ex_DACH2_LHX2",0.324698845345954
"_TGAGTCAGTCAACCTA-6","Glut-DACH2-5","Ex_DACH2_LHX2",0.449632716599367
"_TGAGTCATCAGAGCAG-6","Glut-SATB2-1","Ex_SATB2_SOX6",0.472486823145168
"_TGATCAGGTAGCTCGC-6","Glut-DACH2-6","Ex_DACH2_CEMIP",0.681958337562287
"_TGATCTTAGGTAAGTT-6","Glut-DACH2-7","Ex_DACH2_ADAMTS5",0.428868342555875
"_TGATCTTCAAATGCGG-6","Glut-DACH2-7","Ex_DACH2_MGAT4C",0.601420165218071
"_TGATCTTGTGGCATCC-6","Glut-DACH2-5","Ex_DACH2_GRIK4",0.390726829646342
"_TGATGCAAGTCACAGG-6","Glut-DACH2-7","Ex_DACH2_GRIK4",0.430915040970296
"_TGATGGTAGGCTTAGG-6","Glut-DACH2-7","Ex_DACH2_ADAMTS5",0.529073591731853
"_TGATGGTAGTCGTTAC-6","Glut-DACH2-5","Ex_DACH2_LHX2",0.37589885844692
"_TGATGGTCAGCATACT-6","Glut-DACH2-1","Ex_DACH2_LHX2",0.559233201987711
"_TGATGGTTCTCCACTG-6","Glut-DACH2-8","Ex_DACH2_ZMAT4",0.923416605122226
"_TGATGGTTCTTCTTCC-6","Glut-DACH2-7","Ex_DACH2_NR4A3",0.303574725635556
"_TGATTCTAGATACAGT-6","Glut-SATB2-1","Ex_SATB2_FOXP2",0.865619126366474
"_TGATTCTGTATGCAAA-6","Glut-DACH2-6","Ex_DACH2_CEMIP",0.522351775300545
"_TGATTCTGTTCTTCAT-6","Glut-DACH2-6","Ex_DACH2_CEMIP",0.727059892609122
"_TGATTTCCACACTTAG-6","Glut-DACH2-5","Ex_DACH2_ADAMTS5",0.596003695898331
"_TGATTTCGTCGCGTCA-6","Glut-DACH2-7","Ex_DACH2_ADAMTS5",0.450663485058227
"_TGATTTCGTTATGGTC-6","Glut-DACH2-5","Ex_DACH2_LHX2",0.504952137099849
"_TGCACGGAGATGGTAT-6","Glut-SATB2-1","Ex_SATB2_FOXP2",0.53340332692354
"_TGCACGGAGTATGGCG-6","Glut-DACH2-7","Ex_DACH2_MGAT4C",0.533949076667858
"_TGCACGGAGTCTAACC-6","Glut-DACH2-7","Ex_DACH2_GRIK4",0.392509865359322
"_TGCACGGCAATAACGA-6","Glut-SATB2-1","Ex_SATB2_FOXP2",0.87318151851606
"_TGCACGGCACAAAGCG-6","Glut-DACH2-5","Ex_DACH2_LHX2",0.485013450699385
"_TGCACGGTCTTTCAGT-6","Glut-DACH2-7","Ex_DACH2_LHX2",0.508563581361892
"_TGCAGATAGGGTTTCT-6","Glut-DACH2-7","Ex_DACH2_MGAT4C",0.284458028628124
"_TGCAGATCATCAGCGC-6","Glut-DACH2-8","Ex_DACH2_ZMAT4",0.791448024327477
"_TGCAGATTCCGCTGTT-6","Glut-DACH2-7","Ex_DACH2_ADAMTS5",0.883512295571534
"_TGCAGATTCTTGGTGA-6","Glut-DACH2-8","Ex_DACH2_ZMAT4",0.783257320578543
"_TGCAGGCAGTGTTCAC-6","Glut-DACH2-6","Ex_DACH2_CEMIP",0.981686303898084
"_TGCAGGCCACGAAAGC-6","Glut-DACH2-8","Ex_DACH2_ZMAT4",0.855692196510536
"_TGCAGGCCACGACCTG-6","Glut-DACH2-5","Ex_DACH2_ADAMTS5",0.354974430377563
"_TGCAGGCCAGAATCGG-6","Glut-SATB2-1","Ex_SATB2_SOX6",0.720048210160401
"_TGCAGGCGTGCCCGTA-6","Glut-DACH2-7","Ex_DACH2_NR4A3",0.605786496974873
"_TGCAGGCTCGGTCGAC-6","Glut-DACH2-7","Ex_DACH2_NR4A3",0.850863005721055
"_TGCAGTACAACAGATA-6","Glut-DACH2-6","Ex_DACH2_CEMIP",0.782300951507504
"_TGCAGTACATTAGGCT-6","Glut-DACH2-6","Ex_DACH2_CEMIP",0.48306868966167
"_TGCATCCCACCTTCCA-6","Glut-DACH2-7","Ex_DACH2_NR4A3",0.886034911770531
"_TGCATCCTCCCTCAAC-6","Glut-DACH2-7","Ex_DACH2_MGAT4C",0.472937640938297
"_TGCATGAAGGCATCGA-6","Glut-SATB2-1","Ex_SATB2_FOXP2",0.83026121476901
"_TGCATGACATTGCCGG-6","Glut-DACH2-5","Ex_DACH2_MGAT4C",0.256644752616631
"_TGCATGAGTGACTGTT-6","Glut-DACH2-5","Ex_DACH2_ADAMTS5",0.42802016349599
"_TGCCGAGAGAGAGCGG-6","Glut-DACH2-7","Ex_DACH2_MGAT4C",0.456788630536294
"_TGCCGAGCAATGACCT-6","Glut-DACH2-5","Ex_DACH2_ADAMTS5",0.688017160563265
"_TGCCGAGCAATTTCTC-6","Glut-DACH2-7","Ex_DACH2_ADAMTS5",0.303898321136333
"_TGCCGAGCACACACGC-6","Glut-DACH2-7","Ex_DACH2_MGAT4C",0.403734591775457
"_TGCCGAGTCCGGCAAC-6","Glut-DACH2-6","Ex_DACH2_CEMIP",0.983871907590711
"_TGCGACGAGCCTCATA-6","Glut-DACH2-7","Ex_DACH2_ADAMTS5",0.393207710266729
"_TGCGACGCAAGGCGTA-6","Glut-DACH2-5","Ex_DACH2_LHX2",0.530452157784883
"_TGCGACGGTATAATGG-6","Glut-DACH2-7","Ex_DACH2_ADAMTS5",0.316242873917901
"_TGCGACGGTTTCGGCG-6","Glut-DACH2-5","Ex_DACH2_ADAMTS5",0.458368901480795
"_TGCGACGTCATCAGTG-6","Glut-DACH2-7","Ex_DACH2_ZMAT4",0.321351091675507
"_TGCGACGTCGCCGATG-6","Glut-DACH2-7","Ex_DACH2_ADAMTS5",0.355284139954497
"_TGCGATACAGACCAGA-6","Glut-DACH2-8","Ex_DACH2_ZMAT4",0.911432180203721
"_TGCGATAGTGTAGGAC-6","Glut-DACH2-6","Ex_DACH2_CEMIP",0.893563740722215
"_TGCGATATCCAGCAAT-6","Glut-DACH2-6","Ex_DACH2_CEMIP",0.88716899643552
"_TGCGATATCCCGAGAC-6","Glut-DACH2-5","Ex_DACH2_ADAMTS5",0.297042866224247
"_TGCGGCATCCTCACCA-6","Glut-DACH2-8","Ex_DACH2_ZMAT4",0.913740730194269
"_TGCGGGTAGGAGGTTC-6","Glut-SATB2-1","Ex_SATB2_ZNF385B",1
"_TGCGGGTGTACTTCCC-6","Glut-SATB2-1","Ex_SATB2_SOX6",0.780099929695371
"_TGCTCCAAGATGCTTC-6","Glut-DACH2-8","Ex_DACH2_ZMAT4",0.916161757752753
"_TGCTCCAAGGCACGAT-6","Glut-DACH2-7","Ex_DACH2_ADAMTS5",0.426215613149489
"_TGCTCCAAGGTGGCTA-6","Glut-SATB2-1","Ex_SATB2_SOX6",0.5935219821906
"_TGCTCCACAGAGACTG-6","Glut-DACH2-6","Ex_DACH2_CEMIP",0.945435651799786
"_TGCTCCATCTAAGCGT-6","Glut-DACH2-8","Ex_DACH2_ZMAT4",0.809623442911372
"_TGCTGAACAGTATGAA-6","Glut-DACH2-7","Ex_DACH2_NR4A3",0.7112758590285
"_TGCTGAATCCATCAGA-6","Glut-DACH2-8","Ex_DACH2_ZMAT4",0.608350323151241
"_TGCTGAATCTAGTTCT-6","Glut-SATB2-1","Ex_SATB2_FOXP2",0.77252845379908
"_TGCTTCGCAACTCGTA-6","Glut-SATB2-1","Ex_SATB2_SOX6",0.584505071456749
"_TGCTTCGTCCTGCCAT-6","Glut-DACH2-5","Ex_DACH2_LHX2",0.653238063205392
"_TGGAACTCACAATTCG-6","Glut-DACH2-1","Ex_DACH2_LHX2",0.603447034127127
"_TGGAACTCACCCAACG-6","Glut-SATB2-1","Ex_SATB2_ZNF385B",1
"_TGGAACTGTCTGATAC-6","Glut-DACH2-7","Ex_DACH2_ADAMTS5",0.382251299954061
"_TGGAACTTCAATGTCG-6","Glut-DACH2-8","Ex_DACH2_ZMAT4",0.766727655023967
"_TGGAACTTCAGCTCTC-6","Glut-DACH2-5","Ex_DACH2_GRIK4",0.383637428094281
"_TGGAGAGCACCTTCCA-6","Glut-DACH2-5","Ex_DACH2_NR4A3",0.242761472346706
"_TGGAGAGGTCATCGCG-6","Glut-DACH2-7","Ex_DACH2_GRIK4",0.325612073888963
"_TGGAGAGTCAGAGTGG-6","Glut-DACH2-5","Ex_DACH2_ADAMTS5",0.663756038815164
"_TGGAGAGTCGTGACTA-6","Glut-DACH2-8","Ex_DACH2_ZMAT4",0.893085091714997
"_TGGAGAGTCTGTCCCA-6","Glut-DACH2-5","Ex_DACH2_LHX2",0.485876418641285
"_TGGAGGAAGTGGTTGG-6","Glut-DACH2-6","Ex_DACH2_CEMIP",0.79012384516188
"_TGGAGGACAAAGCAAT-6","Glut-DACH2-5","Ex_DACH2_ADAMTS5",0.646987881072972
"_TGGAGGAGTTTAGAGA-6","Glut-DACH2-7","Ex_DACH2_GRIK4",0.600228179977085
"_TGGATCAAGTATTGCC-6","Glut-DACH2-7","Ex_DACH2_LHX2",0.43105086648803
"_TGGATCACAGAACCGA-6","Glut-DACH2-5","Ex_DACH2_ADAMTS5",0.42371987523598
"_TGGATCACATCGGTTA-6","Glut-DACH2-5","Ex_DACH2_LHX2",0.547857926459632
"_TGGATCACATGACGTT-6","Glut-SATB2-1","Ex_SATB2_SOX6",0.501583633331525
"_TGGATCATCACTGGGC-6","Glut-DACH2-6","Ex_DACH2_CEMIP",0.834695234929711
"_TGGATCATCCCAGGAC-6","Glut-DACH2-6","Ex_DACH2_ZMAT4",0.302800783086144
"_TGGATCATCCGTGGCA-6","Glut-DACH2-6","Ex_DACH2_CEMIP",0.420813868513508
"_TGGATGTCATGGAATA-6","Glut-DACH2-5","Ex_DACH2_NR4A3",0.591143970690459
"_TGGATGTTCTGAGATC-6","Glut-DACH2-5","Ex_DACH2_ADAMTS5",0.523450783467778
"_TGGGAAGCAAATTAGG-6","Glut-DACH2-6","Ex_DACH2_CEMIP",0.514808063983583
"_TGGGAAGCATCTCCCA-6","Glut-DACH2-7","Ex_DACH2_MGAT4C",0.473413914146163
"_TGGGAAGCATTAGGCT-6","Glut-DACH2-7","Ex_DACH2_ADAMTS5",0.527059178708967
"_TGGGAAGTCGCCTCTA-6","Glut-DACH2-7","Ex_DACH2_ADAMTS5",0.620277053806191
"_TGGGAGAAGCGAAACC-6","Glut-DACH2-6","Ex_DACH2_CEMIP",0.953731859741554
"_TGGGATTAGGCCTTGC-6","Glut-DACH2-7","Ex_DACH2_LHX2",0.373309141144266
"_TGGGATTAGTGCGCTC-6","Glut-SATB2-1","Ex_SATB2_FOXP2",0.367663885634912
"_TGGGATTGTTTAGACC-6","Glut-DACH2-6","Ex_DACH2_ZMAT4",0.42878701071471
"_TGGGATTTCCAAGGGA-6","Glut-SATB2-1","Ex_SATB2_FOXP2",0.892796977131648
"_TGGGATTTCTTGCGCT-6","Glut-DACH2-8","Ex_DACH2_ZMAT4",0.708944627690613
"_TGGGCGTTCGCAACAT-6","Glut-DACH2-6","Ex_DACH2_CEMIP",0.855681668636277
"_TGGGCTGGTAACACCT-6","Glut-DACH2-7","Ex_DACH2_ADAMTS5",0.571357614649281
"_TGGGCTGTCCAAGCAT-6","Glut-DACH2-1","Ex_DACH2_LHX2",0.573235835658574
"_TGGGTTAAGGGCTAAC-6","Glut-DACH2-5","Ex_DACH2_LHX2",0.369434350886987
"_TGGGTTACAATGGGTG-6","Glut-DACH2-6","Ex_DACH2_CEMIP",0.980070029553711
"_TGGGTTACAGCACGAA-6","Glut-DACH2-7","Ex_DACH2_ADAMTS5",0.442925347461617
"_TGGGTTATCCGCACGA-6","Glut-DACH2-7","Ex_DACH2_ADAMTS5",0.602829188116053
"_TGGTACAAGGTAGACC-6","Glut-DACH2-5","Ex_DACH2_LHX2",0.531760586811525
"_TGGTACAAGGTTGACG-6","Glut-DACH2-8","Ex_DACH2_ZMAT4",0.926734085250824
"_TGGTACACACACTGGC-6","Glut-DACH2-1","Ex_DACH2_ADAMTS5",0.588857197246239
"_TGGTGATAGTCCTACA-6","Glut-DACH2-7","Ex_DACH2_NR4A3",0.411724750682986
"_TGGTGATGTATTCCGA-6","Glut-DACH2-1","Ex_DACH2_ADAMTS5",0.398432778886849
"_TGGTGATGTCTCTCTG-6","Glut-DACH2-7","Ex_DACH2_MGAT4C",0.667281273149899
"_TGGTGATTCACTGATG-6","Glut-DACH2-8","Ex_DACH2_ZMAT4",0.826637591222589
"_TGGTGATTCATTCACT-6","Glut-DACH2-6","Ex_DACH2_CEMIP",0.428380815552898
"_TGGTGATTCCACTAGA-6","Glut-SATB2-1","Ex_SATB2_FOXP2",0.608058826041369
"_TGGTGATTCGATTGGT-6","Glut-DACH2-6","Ex_DACH2_CEMIP",0.940334422855024
"_TGGTGATTCGATTTCT-6","Glut-SATB2-1","Ex_SATB2_OVOA",0.21971763227733
"_TGGTGATTCTGTGTGA-6","Glut-DACH2-7","Ex_DACH2_GRIK4",0.418009069976125
"_TGGTTAGAGCGATTCT-6","Glut-DACH2-7","Ex_DACH2_ADAMTS5",0.385554875030393
"_TGGTTAGCACAAGCTT-6","Glut-DACH2-8","Ex_DACH2_ZMAT4",0.89508352082439
"_TGGTTAGCACACCGAC-6","Glut-DACH2-8","Ex_DACH2_ZMAT4",0.824250222749561
"_TGGTTAGGTCATATGC-6","Glut-DACH2-5","Ex_DACH2_ADAMTS5",0.320098632239775
"_TGGTTAGTCCGGACTG-6","Glut-DACH2-7","Ex_DACH2_NR4A3",0.764676275801805
"_TGGTTAGTCTCCGCAT-6","Glut-DACH2-7","Ex_DACH2_ADAMTS5",0.397801568233827
"_TGTAACGCACCCTGAG-6","Glut-DACH2-7","Ex_DACH2_NR4A3",0.608477556914138
"_TGTAACGTCTTACCGC-6","Glut-SATB2-1","Ex_SATB2_ZNF385B",0.797343489970114
"_TGTAAGCAGGTTGAGC-6","Glut-DACH2-5","Ex_DACH2_LHX2",0.585210827536033
"_TGTAAGCCAACTGTGT-6","Glut-DACH2-6","Ex_DACH2_CEMIP",0.486279589397198
"_TGTACAGCATGACGGA-6","Glut-SATB2-1","Ex_SATB2_SOX6",0.523022567086735
"_TGTACAGCATTGTACG-6","Glut-DACH2-5","Ex_DACH2_LHX2",0.585255631636957
"_TGTACAGTCCATTTGT-6","Glut-DACH2-5","Ex_DACH2_LHX2",0.694690572770887
"_TGTAGACCAGACTCTA-6","Glut-DACH2-8","Ex_DACH2_ZMAT4",0.865401608141823
"_TGTAGACCAGGCAATG-6","Glut-DACH2-8","Ex_DACH2_ZMAT4",0.819614494159122
"_TGTAGACTCTAGGCCG-6","Glut-SATB2-1","Ex_SATB2_SOX6",0.64278162537317
"_TGTCAGAAGCACTTTG-6","Glut-DACH2-6","Ex_DACH2_CEMIP",0.923534992469245
"_TGTCAGACACAGCTGC-6","Glut-SATB2-1","Ex_SATB2_FOXP2",0.763663432880114
"_TGTCCACGTGTCCCTT-6","Glut-DACH2-5","Ex_DACH2_ADAMTS5",0.32957373628597
"_TGTCCACTCTGAATGC-6","Glut-DACH2-6","Ex_DACH2_CEMIP",0.747039683657373
"_TGTCCCACAATAGTCC-6","Glut-DACH2-5","Ex_DACH2_LHX2",0.356681754449624
"_TGTCCCACAGAAGTGC-6","Glut-DACH2-8","Ex_DACH2_ZMAT4",0.948662102323289
"_TGTCCCAGTCTGCAAT-6","Glut-DACH2-5","Ex_DACH2_LHX2",0.40408587193471
"_TGTCCCAGTTACAGCT-6","Glut-DACH2-7","Ex_DACH2_MGAT4C",0.558427441322345
"_TGTCCCATCTTCTTCC-6","Glut-DACH2-7","Ex_DACH2_LHX2",0.574490347478128
"_TGTCCTGGTCTACACA-6","Glut-DACH2-5","Ex_DACH2_ADAMTS5",0.78341846065192
"_TGTGAGTAGCCTTTGA-6","Glut-DACH2-7","Ex_DACH2_SLIT2",0.361912094335211
"_TGTGATGAGGACATCG-6","Glut-DACH2-7","Ex_DACH2_MGAT4C",0.410410170464632
"_TGTGATGAGGCCTGAA-6","Glut-DACH2-7","Ex_DACH2_MGAT4C",0.264234371462469
"_TGTGATGCAGCTATTG-6","Glut-DACH2-5","Ex_DACH2_LHX2",0.594007329645857
"_TGTGATGCATACCATG-6","Glut-SATB2-1","Ex_SATB2_FOXP2",0.506639342449488
"_TGTGCGGCAAACGGCA-6","Glut-DACH2-6","Ex_DACH2_CEMIP",0.589644309130993
"_TGTGCGGGTAACCAGG-6","Glut-DACH2-1","Ex_DACH2_ADAMTS5",0.367788029561276
"_TGTGCGGGTACCCGAC-6","Glut-DACH2-5","Ex_DACH2_GRIK4",0.407852271485088
"_TGTGCGGGTCCACTCT-6","Glut-DACH2-6","Ex_DACH2_CEMIP",0.414050993778441
"_TGTGCGGTCAAGCTGT-6","Glut-DACH2-8","Ex_DACH2_ZMAT4",0.952856014807472
"_TGTGGCGGTAGTCACT-6","Glut-DACH2-LMANsh","Ex_DACH2_ADAMTS5",0.524397403308296
"_TGTGGCGTCCGTACGG-6","Glut-DACH2-5","Ex_DACH2_ADAMTS5",0.396642798054982
"_TGTGTGACAACGCCCA-6","Glut-SATB2-1","Ex_SATB2_SOX6",0.623005378865693
"_TGTGTGACACCCTTGT-6","Glut-DACH2-7","Ex_DACH2_GRIK4",0.668885547683966
"_TGTGTGAGTCTGTCCT-6","Glut-DACH2-7","Ex_DACH2_ADAMTS5",0.54130278242818
"_TGTGTGAGTTGAGTCT-6","Glut-DACH2-6","Ex_DACH2_ZMAT4",0.573233280852161
"_TGTTACTCAAGAATAC-6","Glut-DACH2-7","Ex_DACH2_MGAT4C",0.396311808427356
"_TGTTACTGTAGCGCCT-6","Glut-DACH2-5","Ex_DACH2_ADAMTS5",0.62467823260263
"_TGTTACTGTCGGTGTC-6","Glut-DACH2-5","Ex_DACH2_LHX2",0.370448063180528
"_TGTTACTTCGATCCAA-6","Glut-DACH2-6","Ex_DACH2_ZMAT4",0.534025332102909
"_TGTTCATCACGCTATA-6","Glut-DACH2-8","Ex_DACH2_ZMAT4",0.845896628042683
"_TGTTCCGAGACCGCCT-6","Glut-DACH2-5","Ex_DACH2_ADAMTS5",0.375978671744074
"_TGTTCCGAGTGAATAC-6","Glut-DACH2-6","Ex_DACH2_CEMIP",0.275429384193687
"_TGTTCCGCATGTCAGT-6","Glut-DACH2-5","Ex_DACH2_LHX2",0.590399386044775
"_TGTTCCGTCGTTCAGA-6","Glut-DACH2-5","Ex_DACH2_LHX2",0.408096415656869
"_TGTTCTACAGTCGCTG-6","Glut-DACH2-6","Ex_DACH2_ZMAT4",0.346223911286006
"_TGTTCTATCCTTATGT-6","Glut-DACH2-5","Ex_DACH2_GRIK4",0.314641333760703
"_TGTTGAGCAGATTTCG-6","Glut-DACH2-5","Ex_DACH2_ADAMTS5",0.856734194652471
"_TGTTTGTAGGCTAGCA-6","Glut-DACH2-8","Ex_DACH2_ZMAT4",0.898689419202191
"_TGTTTGTCACCTCTGT-6","Glut-DACH2-7","Ex_DACH2_SLIT2",0.319565980671986
"_TGTTTGTCAGCAATTC-6","Glut-DACH2-5","Ex_DACH2_GRIK4",0.282652955021
"_TGTTTGTTCATTGTTC-6","Glut-DACH2-6","Ex_DACH2_CEMIP",0.979643720625022
"_TTAATCCAGAATCTAG-6","Glut-DACH2-6","Ex_DACH2_CEMIP",0.981587293574028
"_TTAATCCTCCTTGAAG-6","Glut-SATB2-1","Ex_SATB2_SOX6",0.57847892184874
"_TTACAGGCAAATCAAG-6","Glut-DACH2-5","Ex_DACH2_NR4A3",0.336572568551413
"_TTACAGGGTACAGTTC-6","Glut-DACH2-5","Ex_DACH2_LHX2",0.477937307776605
"_TTACAGGGTCTCACGG-6","Glut-DACH2-5","Ex_DACH2_NR4A3",0.779914406952417
"_TTACAGGTCCCGATCT-6","Glut-DACH2-7","Ex_DACH2_GRIK4",0.453349565679912
"_TTACAGGTCGGCTTGG-6","Glut-DACH2-5","Ex_DACH2_ADAMTS5",0.326131996018853
"_TTACCATAGTCTGCAT-6","Glut-DACH2-6","Ex_DACH2_CEMIP",0.759114268008648
"_TTACCATCAACGAGGT-6","Glut-DACH2-5","Ex_DACH2_NR4A3",0.471238131424866
"_TTACCGCAGACGGATC-6","Glut-DACH2-7","Ex_DACH2_GRIK4",0.587208643211173
"_TTACCGCAGTAACCTC-6","Glut-DACH2-6","Ex_DACH2_CEMIP",0.785947737500887
"_TTACCGCGTCACTCTC-6","Glut-DACH2-LMANsh","Ex_DACH2_LHX2",0.622347379927717
"_TTACCGCGTGTACATC-6","Glut-DACH2-7","Ex_DACH2_MGAT4C",0.453526442426296
"_TTACCGCTCAAAGCCT-6","Glut-DACH2-1","Ex_DACH2_MGAT4C",0.327879934306899
"_TTACCGCTCTACGCGG-6","Glut-SATB2-1","Ex_SATB2_FOXP2",0.638781168125023
"_TTACGCCAGTAAACTG-6","Glut-DACH2-8","Ex_DACH2_ZMAT4",0.90429493907821
"_TTACGCCAGTCTGCAT-6","Glut-DACH2-6","Ex_DACH2_CEMIP",0.965797685501995
"_TTACGCCGTATCTTCT-6","Glut-DACH2-5","Ex_DACH2_ADAMTS5",0.614151145149625
"_TTACGCCTCGTCGCTT-6","Glut-DACH2-5","Ex_DACH2_LHX2",0.350177136255315
"_TTACGCCTCTAGTGAC-6","Glut-SATB2-1","Ex_SATB2_FOXP2",0.505788500602062
"_TTACGTTAGAGACAAG-6","Glut-DACH2-6","Ex_DACH2_ZMAT4",0.533534701932722
"_TTACGTTAGCTACGTT-6","Glut-DACH2-7","Ex_DACH2_GRIK4",0.315931147333146
"_TTACGTTTCTTGAACG-6","Glut-DACH2-5","Ex_DACH2_MGAT4C",0.621535873861243
"_TTACTGTCACCACTGG-6","Glut-DACH2-6","Ex_DACH2_CEMIP",0.663690998686605
"_TTACTGTGTCGAGCAA-6","Glut-DACH2-7","Ex_DACH2_GRIK4",0.532093393136062
"_TTACTGTGTGGCGTAA-6","Glut-DACH2-5","Ex_DACH2_LHX2",0.438320186667919
"_TTAGGCAAGCGCCTTG-6","Glut-DACH2-8","Ex_DACH2_ZMAT4",0.818121812246942
"_TTAGGCATCAAGTCGT-6","Glut-DACH2-7","Ex_DACH2_GRIK4",0.359624101613164
"_TTAGGGTAGCAGGCAT-6","Glut-SATB2-1","Ex_SATB2_SOX6",0.816243481629395
"_TTAGGGTAGGCACAAC-6","Glut-DACH2-2","Ex_DACH2_LHX2",0.428401417572073
"_TTAGGGTCAGCAGTAG-6","Glut-DACH2-1","Ex_Pre_SATB2",0.368189723443077
"_TTAGGGTGTCACCTTC-6","Glut-DACH2-6","Ex_DACH2_CEMIP",0.73392277416431
"_TTAGGGTTCGAGAAGC-6","Glut-SATB2-1","Ex_SATB2_FOXP2",0.632376201957141
"_TTAGGGTTCTGTGCAA-6","Glut-DACH2-7","Ex_DACH2_ADAMTS5",0.522747765945053
"_TTAGTCTCAGAGGAAA-6","Glut-DACH2-6","Ex_DACH2_CEMIP",0.811117280861794
"_TTAGTCTCAGGTCAAG-6","Glut-SATB2-1","Ex_SATB2_SOX6",0.681030328078658
"_TTAGTCTGTGGCCCAT-6","Glut-DACH2-5","Ex_DACH2_ADAMTS5",0.681314583142479
"_TTATTGCGTCCCTGAG-6","Glut-DACH2-7","Ex_DACH2_ADAMTS5",0.849746585964511
"_TTATTGCTCGACCTAA-6","Glut-DACH2-5","Ex_DACH2_LHX2",0.606155065045708
"_TTCAATCAGAAACTGT-6","Glut-DACH2-8","Ex_DACH2_ZMAT4",0.468337634757389
"_TTCAATCCACTTGAAC-6","Glut-DACH2-8","Ex_DACH2_ZMAT4",0.88560910779614
"_TTCAATCGTACTCCCT-6","Glut-DACH2-1","Ex_DACH2_NR4A3",0.733496590532468
"_TTCAATCGTAGACGGT-6","Glut-DACH2-6","Ex_DACH2_CEMIP",0.74836064017789
"_TTCAATCTCATGTCAG-6","Glut-DACH2-5","Ex_DACH2_LHX2",0.455159950605503
"_TTCACCGAGGTTAAAC-6","Glut-DACH2-5","Ex_DACH2_ADAMTS5",0.84967462477555
"_TTCACCGCAGGAGGTT-6","Glut-DACH2-5","Ex_DACH2_LHX2",0.566893774325457
"_TTCACGCAGCAGTAAT-6","Glut-DACH2-6","Ex_DACH2_CEMIP",0.405746900440005
"_TTCACGCAGGAGCTGT-6","Glut-DACH2-7","Ex_DACH2_LHX2",0.687319538828645
"_TTCACGCGTGGCTGCT-6","Glut-DACH2-7","Ex_DACH2_MGAT4C",0.422005041005944
"_TTCAGGAGTTGTGCCG-6","Glut-DACH2-7","Ex_DACH2_MGAT4C",0.618488332110027
"_TTCATGTCATAGATCC-6","Glut-DACH2-7","Ex_DACH2_MGAT4C",0.428039796913199
"_TTCATGTGTATCGAAA-6","Glut-DACH2-7","Ex_DACH2_MGAT4C",0.317459465564004
"_TTCATGTGTGGCTACC-6","Glut-DACH2-7","Ex_DACH2_ADAMTS5",0.497686089362135
"_TTCATGTGTTCAAAGA-6","Glut-DACH2-8","Ex_DACH2_ZMAT4",0.841986204174361
"_TTCATGTGTTTGGGTT-6","Glut-DACH2-7","Ex_DACH2_ADAMTS5",0.319403179683405
"_TTCATGTTCGATACGT-6","Glut-SATB2-1","Ex_SATB2_SOX6",0.555675337196293
"_TTCATTGAGGGTTTCT-6","Glut-DACH2-8","Ex_DACH2_CEMIP",0.8859691080559
"_TTCATTGCAACACTAC-6","Glut-DACH2-7","Ex_DACH2_GRIK4",0.484492315241697
"_TTCCAATAGTCATGAA-6","Glut-DACH2-7","Ex_SATB2_SOX6",0.352971439537318
"_TTCCAATGTAACATAG-6","Glut-DACH2-8","Ex_DACH2_ZMAT4",0.734066297404068
"_TTCCAATTCCCGTAAA-6","Glut-DACH2-6","Ex_DACH2_CEMIP",0.748738515059954
"_TTCCACGCAAGTCGTT-6","Glut-SATB2-1","Ex_SATB2_SOX6",0.547112734276643
"_TTCCACGCAGGCACAA-6","Glut-DACH2-7","Ex_DACH2_ADAMTS5",0.436658375635182
"_TTCCACGGTGCCCGTA-6","Glut-DACH2-6","Ex_DACH2_CEMIP",0.891480827815813
"_TTCCACGGTTGGTACT-6","Glut-DACH2-7","Ex_DACH2_LHX2",0.549277340734202
"_TTCCGGTGTAGTAAGT-6","Glut-SATB2-1","Ex_SATB2_FOXP2",0.685082426609498
"_TTCCGGTGTTTGTTCT-6","Glut-DACH2-6","Ex_DACH2_CEMIP",0.497692562543826
"_TTCCGGTTCCTTCTTC-6","Glut-DACH2-7","Ex_DACH2_ADAMTS5",0.721086718609686
"_TTCCGTGCACGCGTGT-6","Glut-DACH2-6","Ex_DACH2_CEMIP",0.889951889268689
"_TTCCGTGCAGGCTATT-6","Glut-SATB2-1","Ex_SATB2_SOX6",0.760929750686712
"_TTCCGTGGTCTTGCTC-6","Glut-DACH2-6","Ex_DACH2_CEMIP",0.479326379679678
"_TTCCGTGTCAGTGATC-6","Glut-DACH2-7","Ex_DACH2_SLIT2",0.605947399739161
"_TTCCTAAAGGCTTAGG-6","Glut-DACH2-6","Ex_DACH2_CEMIP",0.815070942508618
"_TTCCTAACAATCTAGC-6","Glut-SATB2-1","Ex_SATB2_SOX6",0.674709506536209
"_TTCCTAACAGACAATA-6","Glut-SATB2-1","Ex_SATB2_SOX6",0.620203877578082
"_TTCCTAAGTCATCGGC-6","Glut-DACH2-6","Ex_DACH2_CEMIP",0.348074093509291
"_TTCCTTCGTACCCACG-6","Glut-DACH2-7","Ex_DACH2_MGAT4C",0.637644276390831
"_TTCCTTCGTGGTTCTA-6","Glut-DACH2-5","Ex_DACH2_NR4A3",0.309009472506945
"_TTCCTTCTCCTGATAG-6","Glut-DACH2-6","Ex_DACH2_CEMIP",0.878781401151474
"_TTCCTTCTCGCGTCGA-6","Glut-DACH2-6","Ex_DACH2_CEMIP",0.989515835198961
"_TTCGATTCATGACACT-6","Glut-DACH2-7","Ex_DACH2_ADAMTS5",0.561476825372548
"_TTCGATTTCTGCACCT-6","Glut-DACH2-7","Ex_DACH2_MGAT4C",0.467356330855802
"_TTCGCTGAGGATCATA-6","Glut-DACH2-5","Ex_DACH2_LHX2",0.579691471931771
"_TTCGGTCCACACAGCC-6","Glut-DACH2-7","Ex_DACH2_GRIK4",0.471684873901834
"_TTCGGTCCATGAATCC-6","Glut-DACH2-5","Ex_DACH2_NR4A3",0.386497658331921
"_TTCGGTCGTACGCTAT-6","Glut-DACH2-7","Ex_DACH2_GRIK4",0.408791637931497
"_TTCGGTCGTCGAGCTC-6","Glut-DACH2-6","Ex_DACH2_CEMIP",0.961263126908558
"_TTCTAACCAAACTAGA-6","Glut-DACH2-7","Ex_DACH2_NR4A3",0.684796059029839
"_TTCTAACGTTCCTAGA-6","Glut-SATB2-1","Ex_SATB2_ZNF385B",0.927876065652656
"_TTCTAACTCTGCCTGT-6","Glut-DACH2-5","Ex_DACH2_LHX2",0.47628182963834
"_TTCTCTCCATGTGTCA-6","Glut-DACH2-5","Ex_DACH2_NR4A3",0.688059026096442
"_TTCTCTCGTGCCCGTA-6","Glut-DACH2-7","Ex_DACH2_MGAT4C",0.487564455838627
"_TTCTCTCTCCCGAGGT-6","Glut-DACH2-7","Ex_DACH2_GRIK4",0.505084983551397
"_TTCTCTCTCCTACCAC-6","Glut-DACH2-7","Ex_DACH2_GRIK4",0.474462432138506
"_TTCTGTATCATCCTGC-6","Glut-DACH2-6","Ex_DACH2_CEMIP",0.952383655624017
"_TTCTTCCAGAGTCGAC-6","Glut-DACH2-7","Ex_DACH2_ADAMTS5",0.897334397115068
"_TTCTTCCAGCTCACTA-6","Glut-DACH2-7","Ex_DACH2_MGAT4C",0.44802031262847
"_TTCTTCCAGGCTAGCA-6","Glut-DACH2-5","Ex_DACH2_ADAMTS5",0.296526966330776
"_TTCTTCCGTACAAGTA-6","Glut-DACH2-5","Ex_DACH2_LHX2",0.424897107088774
"_TTCTTCCTCCACGAAT-6","Glut-DACH2-7","Ex_DACH2_ADAMTS5",0.384497825839081
"_TTCTTGACAGGTCAAG-6","Glut-DACH2-5","Ex_DACH2_ADAMTS5",0.712819529379783
"_TTCTTGATCACACCCT-6","Glut-DACH2-8","Ex_DACH2_ZMAT4",0.817027377801821
"_TTGAACGAGAAACTAC-6","Glut-DACH2-5","Ex_DACH2_GRIK4",0.437998989366075
"_TTGAACGAGGCACGAT-6","Glut-DACH2-7","Ex_DACH2_GRIK4",0.416848427043344
"_TTGAACGCACATATCG-6","Glut-SATB2-1","Ex_SATB2_SOX6",0.836762997257432
"_TTGACCCCACATGAAA-6","Glut-DACH2-7","Ex_DACH2_ADAMTS5",0.45742407992884
"_TTGACCCCATATAGCC-6","Glut-DACH2-5","Ex_DACH2_ADAMTS5",0.684679311083194
"_TTGACCCTCTTCGTGC-6","Glut-DACH2-5","Ex_DACH2_GRIK4",0.382060241593209
"_TTGAGTGGTCCTACAA-6","Glut-DACH2-6","Ex_DACH2_CEMIP",0.405646504290993
"_TTGAGTGTCACAGTGT-6","Glut-DACH2-6","Ex_DACH2_ITGA9",0.55746893433703
"_TTGATGGAGGCCTAAG-6","Glut-DACH2-7","Ex_DACH2_LHX2",0.485449158217797
"_TTGCATTCACGAGGTA-6","Glut-DACH2-5","Ex_DACH2_ADAMTS5",0.474768548938458
"_TTGCATTGTGTGTTTG-6","Glut-DACH2-5","Ex_DACH2_ADAMTS5",0.452797717375346
"_TTGCATTTCAATCCGA-6","Glut-SATB2-1","Ex_SATB2_SOX6",0.543179157702924
"_TTGCATTTCTGGCTGG-6","Glut-DACH2-8","Ex_DACH2_ZMAT4",0.485791436405098
"_TTGCCTGAGGGTTTCT-6","Glut-DACH2-7","Ex_DACH2_MGAT4C",0.444349552324911
"_TTGCCTGCAACCAGAG-6","Glut-DACH2-6","Ex_DACH2_CEMIP",0.510773990137456
"_TTGCCTGGTTAAGACA-6","Glut-DACH2-6","Ex_DACH2_CEMIP",0.844204328511513
"_TTGCTGCCACCGAATT-6","Glut-DACH2-7","Ex_DACH2_ADAMTS5",0.74939970206797
"_TTGCTGCCATGGCCCA-6","Glut-DACH2-5","Ex_DACH2_LHX2",0.444509556935417
"_TTGCTGCGTATTGAGA-6","Glut-DACH2-5","Ex_DACH2_LHX2",0.68817055318659
"_TTGCTGCGTCTAATCG-6","Glut-DACH2-5","Ex_DACH2_ADAMTS5",0.308215726055497
"_TTGCTGCTCGTAATGC-6","Glut-DACH2-6","Ex_DACH2_CEMIP",0.995465641798324
"_TTGCTGCTCTGACAGT-6","Glut-DACH2-8","Ex_DACH2_ZMAT4",0.875626844742835
"_TTGGATGAGAAATGGG-6","Glut-DACH2-7","Ex_DACH2_ADAMTS5",0.551941353210141
"_TTGGATGAGCATGCAG-6","Glut-DACH2-7","Ex_DACH2_MGAT4C",0.466065629344654
"_TTGGATGAGTCGGGAT-6","Glut-DACH2-5","Ex_DACH2_ADAMTS5",0.55143432196007
"_TTGGATGTCCTGGGAC-6","Glut-DACH2-7","Ex_DACH2_ADAMTS5",0.357164301701938
"_TTGGGATAGGTAAGTT-6","Glut-DACH2-6","Ex_DACH2_CEMIP",0.472844977359195
"_TTGGGATCAATAGTAG-6","Glut-SATB2-1","Ex_SATB2_SOX6",0.609788553195383
"_TTGGGATCAGCTAACT-6","Glut-DACH2-7","Ex_DACH2_ADAMTS5",0.443110177317915
"_TTGGGCGAGGCGATAC-6","Glut-SATB2-1","Ex_SATB2_ZNF385B",1
"_TTGGGCGCACTGAGTT-6","Glut-DACH2-1","Ex_DACH2_ADAMTS5",0.473469236502804
"_TTGGGCGGTAACCCGC-6","Glut-DACH2-7","Ex_DACH2_MGAT4C",0.483679696343868
"_TTGGGCGGTAGCTAAA-6","Glut-DACH2-5","Ex_DACH2_ADAMTS5",0.902927466888803
"_TTGGGCGGTTTCGTAG-6","Glut-DACH2-6","Ex_DACH2_CEMIP",0.964256313076112
"_TTGGGTAAGTATGAGT-6","Glut-DACH2-6","Ex_DACH2_CEMIP",0.523091629834685
"_TTGGGTACATACTGTG-6","Glut-DACH2-7","Ex_DACH2_LHX2",0.474606327965595
"_TTGGGTATCAATGTCG-6","Glut-DACH2-6","Ex_DACH2_CEMIP",0.505494941715612
"_TTGGGTATCCATGAGT-6","Glut-DACH2-5","Ex_DACH2_LHX2",0.58935597600709
"_TTGGTTTAGACAAGCC-6","Glut-DACH2-5","Ex_DACH2_LHX2",0.515030988713967
"_TTGGTTTCAATTCTTC-6","Glut-SATB2-1","Ex_SATB2_SOX6",0.543979135218102
"_TTGGTTTGTGCTGATT-6","Glut-DACH2-6","Ex_DACH2_CEMIP",0.890414272431659
"_TTGGTTTGTTAGGCTT-6","Glut-SATB2-1","Ex_SATB2_SOX6",0.514689772474144
"_TTGGTTTGTTCGCGTG-6","Glut-DACH2-8","Ex_DACH2_ZMAT4",0.941814941634635
"_TTGGTTTTCCGCACGA-6","Glut-DACH2-6","Ex_DACH2_CEMIP",0.901446117927315
"_TTGTGGAAGTTGGAGC-6","Glut-DACH2-5","Ex_DACH2_ADAMTS5",0.715367593300435
"_TTGTGGAGTCATACCA-6","Glut-DACH2-7","Ex_DACH2_ADAMTS5",0.606268925704738
"_TTGTGTTAGGCGAAGG-6","Glut-SATB2-1","Ex_SATB2_ZNF385B",0.854025702302174
"_TTGTGTTGTTTAGACC-6","Glut-SATB2-1","Ex_SATB2_SOX6",0.643585664466796
"_TTGTGTTTCTAGACAC-6","Glut-DACH2-7","Ex_DACH2_GRIK4",0.537605998549302
"_TTGTTCAAGCGTATGG-6","Glut-DACH2-7","Ex_DACH2_ADAMTS5",0.315969474369012
"_TTGTTCACAATAGGGC-6","Glut-SATB2-1","Ex_SATB2_SOX6",0.731659213309453
"_TTGTTCAGTGTCCCTT-6","Glut-DACH2-7","Ex_DACH2_MGAT4C",0.426875036344199
"_TTGTTCATCCACGGGT-6","Glut-DACH2-5","Ex_DACH2_ADAMTS5",0.274167982831863
"_TTGTTGTCAAGCTGTT-6","Glut-DACH2-6","Ex_DACH2_CEMIP",0.932309592135594
"_TTGTTTGCAAACGGCA-6","Glut-DACH2-5","Ex_DACH2_ADAMTS5",0.789253005733821
"_TTGTTTGTCTCCAATT-6","Glut-DACH2-7","Ex_DACH2_GRIK4",0.302385462236036
"_TTTACCACAGACACAG-6","Glut-DACH2-6","Ex_DACH2_CEMIP",0.760925142254265
"_TTTACCAGTGTCGCTG-6","Glut-DACH2-6","Ex_DACH2_ZMAT4",0.671978720995185
"_TTTACCAGTTATCCAG-6","Glut-DACH2-6","Ex_DACH2_ZMAT4",0.448073668266671
"_TTTACCATCAAAGAAC-6","Glut-DACH2-5","Ex_DACH2_LHX2",0.658879134579657
"_TTTACCATCCTCTTTC-6","Glut-DACH2-4","Ex_SATB2_SOX6",0.522691549026281
"_TTTACTGCAAAGGGCT-6","Glut-DACH2-6","Ex_DACH2_CEMIP",0.75306799391004
"_TTTACTGCAGTAGAAT-6","Glut-DACH2-7","Ex_DACH2_LHX2",0.256822156664522
"_TTTACTGTCAAGTTGC-6","Glut-DACH2-7","Ex_DACH2_SLIT2",0.424448249689436
"_TTTACTGTCAGTGCGC-6","Glut-DACH2-5","Ex_DACH2_MGAT4C",0.51308357808289
"_TTTACTGTCCACTTTA-6","Glut-DACH2-5","Ex_DACH2_ADAMTS5",0.335704158669319
"_TTTACTGTCGAACCAT-6","Glut-DACH2-7","Ex_DACH2_MGAT4C",0.505602336385126
"_TTTAGTCAGCGAGTCA-6","Glut-DACH2-6","Ex_DACH2_CEMIP",0.956577163349506
"_TTTAGTCCAGCTGCCA-6","Glut-DACH2-8","Ex_DACH2_ZMAT4",0.907900819898889
"_TTTAGTCCATCTATCT-6","Glut-DACH2-6","Ex_DACH2_CEMIP",0.509760104029706
"_TTTAGTCTCGGTAACT-6","Glut-DACH2-5","Ex_DACH2_ADAMTS5",0.546700432886857
"_TTTAGTCTCGTAGGGA-6","Glut-DACH2-7","Ex_DACH2_GRIK4",0.62059385039427
"_TTTAGTCTCGTTGTTT-6","Glut-SATB2-1","Ex_SATB2_SOX6",0.663177912770278
"_TTTATGCAGACATAGT-6","Glut-DACH2-7","Ex_DACH2_GRIK4",0.397645551757426
"_TTTATGCAGCTCTGTA-6","Glut-DACH2-8","Ex_DACH2_ZMAT4",0.634763053638175
"_TTTATGCAGCTGTGCC-6","Glut-SATB2-1","Ex_SATB2_SOX6",0.713157289749141
"_TTTATGCCAGTTGTTG-6","Glut-DACH2-6","Ex_DACH2_ZMAT4",0.429594805653006
"_TTTATGCCATGGCTAT-6","Glut-DACH2-7","Ex_DACH2_GRIK4",0.561181741168368
"_TTTCAGTCAATCGCGC-6","Glut-DACH2-6","Ex_DACH2_CEMIP",0.955278816832143
"_TTTCAGTCATTAGGAA-6","Glut-DACH2-LMANsh","Ex_DACH2_LHX2",0.691772937189916
"_TTTCAGTGTCAGGCAA-6","Glut-DACH2-7","Ex_DACH2_GRIK4",0.397435166771556
"_TTTCAGTGTGTCCATA-6","Glut-DACH2-6","Ex_DACH2_CEMIP",0.798446888581253
"_TTTCATGAGAACAAGG-6","Glut-DACH2-5","Ex_DACH2_LHX2",0.583877047556178
"_TTTCATGGTACGGTTT-6","Glut-DACH2-6","Ex_DACH2_CEMIP",0.789606802992693
"_TTTCATGGTACTCGTA-6","Glut-DACH2-5","Ex_DACH2_GRIK4",0.310208666321539
"_TTTCATGGTGGATCAG-6","Glut-DACH2-7","Ex_DACH2_MGAT4C",0.484054558150637
"_TTTCCTCCAAGTCATC-6","Glut-DACH2-5","Ex_DACH2_ADAMTS5",0.794776463510198
"_TTTCCTCCACTCGATA-6","Glut-DACH2-8","Ex_DACH2_ZMAT4",0.879484133604516
"_TTTCCTCGTCAAGTTC-6","Glut-DACH2-7","Ex_DACH2_GRIK4",0.352733653885663
"_TTTCCTCTCGCTGATA-6","Glut-DACH2-6","Ex_DACH2_ZMAT4",0.66870716414997
"_TTTCCTCTCTGACCCT-6","Glut-DACH2-7","Ex_DACH2_GRIK4",0.28430906814394
"_TTTCGATCAGCGTTTA-6","Glut-DACH2-5","Ex_DACH2_ADAMTS5",0.458387723474831
"_TTTCGATTCGAGTACT-6","Glut-DACH2-6","Ex_DACH2_ZMAT4",0.277178817240585
"_TTTCGATTCTCAATCT-6","Glut-DACH2-6","Ex_DACH2_CEMIP",0.999535927437715
"_TTTGACTGTGATTGGG-6","Glut-DACH2-6","Ex_DACH2_CEMIP",0.555026449022719
"_TTTGACTGTGGGCTCT-6","Glut-DACH2-6","Ex_DACH2_CEMIP",0.977583480115284
"_TTTGATCAGGAGACCT-6","Glut-DACH2-6","Ex_DACH2_CEMIP",0.973289568338098
"_TTTGATCAGTTTGCTG-6","Glut-DACH2-7","Ex_DACH2_ADAMTS5",0.420837681970722
"_TTTGATCCACGACGCT-6","Glut-DACH2-7","Ex_DACH2_ADAMTS5",0.52335877025757
"_TTTGATCCATGTTTGG-6","Glut-DACH2-7","Ex_DACH2_ADAMTS5",0.60336532280859
"_TTTGGAGAGACATAGT-6","Glut-DACH2-6","Ex_DACH2_CEMIP",0.657559307755603
"_TTTGGAGCATGATCTG-6","Glut-DACH2-5","Ex_DACH2_ADAMTS5",0.455122703214633
"_TTTGGAGGTCAGGTAG-6","Glut-DACH2-6","Ex_DACH2_CEMIP",0.708118077098906
"_TTTGGAGGTCCCTCAT-6","Glut-DACH2-6","Ex_DACH2_CEMIP",0.985273318958471
"_TTTGGAGTCAGAGCGA-6","Glut-DACH2-8","Ex_DACH2_ZMAT4",0.552656188136213
"_TTTGGAGTCATCACAG-6","Glut-DACH2-7","Ex_DACH2_MGAT4C",0.412218383551679
"_TTTGGTTAGCTAAACA-6","Glut-DACH2-5","Ex_DACH2_LHX2",0.551620795141184
"_TTTGGTTCACTCGATA-6","Glut-SATB2-1","Ex_SATB2_FOXP2",0.505583588180894
"_TTTGGTTGTCGCCTAG-6","Glut-DACH2-5","Ex_DACH2_ADAMTS5",0.585488867120463
"_TTTGGTTTCGAACCAT-6","Glut-SATB2-1","Ex_SATB2_SOX6",0.591502157485597
"_TTTGGTTTCTCTCTAA-6","Glut-DACH2-7","Ex_DACH2_GRIK4",0.306201320721946
"_TTTGTTGGTCCGTTTC-6","Glut-DACH2-7","Ex_DACH2_LHX2",0.2628604925511
