soup_library,celltype,gene,var_between_birds,F_between,p_perm,padj_perm,median_null_F,obs_median_F,median_of_perm_medians,p_global,n_birds
arco_run1,GABA-2-1,LOC116183180,0.9972127354539836,1073.324098581798,1.0582008147686186e-5,0.08699997998620199,0.8067239885244659,1.0405942626307585,0.810486395603194,0.003992015968063872,3
arco_run1,GABA-2-1,ARHGEF28,0.99601223777682,749.3016248465494,2.0013798018449962e-5,0.08699997998620199,0.8067239885244659,1.0405942626307585,0.810486395603194,0.003992015968063872,3
arco_run1,GABA-2-1,LIMD1,0.9940667687457934,502.6266765049779,4.5318600110743015e-5,0.13133330312093325,0.8067239885244659,1.0405942626307585,0.810486395603194,0.003992015968063872,3
arco_run1,GABA-2-1,LOC110472298,0.9919855351799353,371.3231853098006,7.982514841841536e-5,0.15399996457327708,0.8067239885244659,1.0405942626307585,0.810486395603194,0.003992015968063872,3
arco_run1,GABA-2-1,ABCF1,0.9912373810067557,339.36339641297894,1.002990337476343e-4,0.15399996457327708,0.8067239885244659,1.0405942626307585,0.810486395603194,0.003992015968063872,3
arco_run1,GABA-2-1,PHLDB1,0.9909870094823735,329.85289650898704,1.0881064899686013e-4,0.15399996457327708,0.8067239885244659,1.0405942626307585,0.810486395603194,0.003992015968063872,3
arco_run1,GABA-2-1,THOC6,0.9903491788568437,307.8543776222998,1.2399353025223598e-4,0.15399996457327708,0.8067239885244659,1.0405942626307585,0.810486395603194,0.003992015968063872,3
arco_run1,GABA-2-1,FSTL1,0.9883667595927619,254.88171609807287,2.0197832942757548e-4,0.1810666250134288,0.8067239885244659,1.0405942626307585,0.810486395603194,0.003992015968063872,3
arco_run1,GABA-2-1,COASY,0.9877326013354745,241.55062414131004,2.2866339345217542e-4,0.1810666250134288,0.8067239885244659,1.0405942626307585,0.810486395603194,0.003992015968063872,3
arco_run1,GABA-2-1,CWC15,0.9870530169606224,228.71421410498786,2.5580854478754434e-4,0.1810666250134288,0.8067239885244659,1.0405942626307585,0.810486395603194,0.003992015968063872,3
arco_run1,GABA-2-1,CORO1B,0.9862340629963908,214.9292262643255,2.8663439460906495e-4,0.1810666250134288,0.8067239885244659,1.0405942626307585,0.810486395603194,0.003992015968063872,3
arco_run1,GABA-2-1,LOC110481316,0.9862065887657924,214.49514670888811,2.8847474385214084e-4,0.1810666250134288,0.8067239885244659,1.0405942626307585,0.810486395603194,0.003992015968063872,3
arco_run1,GABA-2-1,LOC110470005,0.986097637097536,212.79065523230418,2.9422583523675287e-4,0.1810666250134288,0.8067239885244659,1.0405942626307585,0.810486395603194,0.003992015968063872,3
arco_run1,GABA-2-1,CLCN6,0.9860869309201064,212.62460322542375,2.946859225475218e-4,0.1810666250134288,0.8067239885244659,1.0405942626307585,0.810486395603194,0.003992015968063872,3
arco_run1,GABA-2-1,LOC110469881,0.9856471137253101,206.01719295931812,3.1239928401212696e-4,0.1810666250134288,0.8067239885244659,1.0405942626307585,0.810486395603194,0.003992015968063872,3
arco_run1,GABA-2-1,TRMT9B,0.9843444786066186,188.6256842948883,3.8095229331670273e-4,0.20235289462646033,0.8067239885244659,1.0405942626307585,0.810486395603194,0.003992015968063872,3
arco_run1,GABA-2-1,CZH18orf32,0.9840600331656724,185.20616323613177,3.9567508726130957e-4,0.20235289462646033,0.8067239885244659,1.0405942626307585,0.810486395603194,0.003992015968063872,3
arco_run1,GABA-2-1,LOC110471724,0.9816960803853431,160.8993211922624,5.054059108797076e-4,0.2138461046522029,0.8067239885244659,1.0405942626307585,0.810486395603194,0.003992015968063872,3
arco_run1,GABA-2-1,GDNF,0.9797863407532401,145.4144935549395,5.884516704735057e-4,0.2138461046522029,0.8067239885244659,1.0405942626307585,0.810486395603194,0.003992015968063872,3
arco_run1,GABA-2-1,UROS,0.9797427047415481,145.0947955649863,5.907521070273506e-4,0.2138461046522029,0.8067239885244659,1.0405942626307585,0.810486395603194,0.003992015968063872,3
arco_run1,GABA-2-1,KLHL5,0.9794536608532363,143.01141247454498,6.017942024858057e-4,0.2138461046522029,0.8067239885244659,1.0405942626307585,0.810486395603194,0.003992015968063872,3
arco_run1,GABA-2-1,VPS26A,0.97945197916007265,142.9994625940139,6.020242461411902e-4,0.2138461046522029,0.8067239885244659,1.0405942626307585,0.810486395603194,0.003992015968063872,3
arco_run1,GABA-2-1,MKKS,0.97945197916007265,142.9994625940139,6.020242461411902e-4,0.2138461046522029,0.8067239885244659,1.0405942626307585,0.810486395603194,0.003992015968063872,3
arco_run1,GABA-2-1,GNL2,0.9791712577279409,141.0317404101916,6.185873893288729e-4,0.2138461046522029,0.8067239885244659,1.0405942626307585,0.810486395603194,0.003992015968063872,3
arco_run1,GABA-2-1,GABPA,0.9790152358787776,139.96086354223152,6.319299213411729e-4,0.2138461046522029,0.8067239885244659,1.0405942626307585,0.810486395603194,0.003992015968063872,3
arco_run1,GABA-4-1,CACNA1G,0.9978203646963772,1373.3770457442208,6.3506982592736075e-6,0.04533332267043256,0.7958150867660866,0.959216282226421,0.7853648950969065,0.003992015968063872,3
arco_run1,GABA-4-1,CHST4,0.9975073621870235,1200.5442872535311,1.4347873845025557e-5,0.04533332267043256,0.7958150867660866,0.959216282226421,0.7853648950969065,0.003992015968063872,3
arco_run1,GABA-4-1,LOC110470497,0.9972568272071286,1090.624144930287,1.59943511715039e-5,0.04533332267043256,0.7958150867660866,0.959216282226421,0.7853648950969065,0.003992015968063872,3
arco_run1,GABA-4-1,LOC110474501,0.9949378501425763,589.6335814812766,6.162529421961797e-5,0.1309999691873529,0.7958150867660866,0.959216282226421,0.7853648950969065,0.003992015968063872,3
arco_run1,GABA-4-1,ACOX2,0.9876638894655492,240.18848243309486,2.269786600073715e-4,0.24609994211456143,0.7958150867660866,0.959216282226421,0.7853648950969065,0.003992015968063872,3
arco_run1,GABA-4-1,MCAM,0.987349805689135,234.15050743713394,2.3403499140656442e-4,0.24609994211456143,0.7958150867660866,0.959216282226421,0.7853648950969065,0.003992015968063872,3
arco_run1,GABA-4-1,LOC116184723,0.9858478878574289,208.98249206743162,2.7613776875508203e-4,0.24609994211456143,0.7958150867660866,0.959216282226421,0.7853648950969065,0.003992015968063872,3
arco_run1,GABA-4-1,LOC110475234,0.9844106536206454,189.43911367400057,3.165940687771213e-4,0.24609994211456143,0.7958150867660866,0.959216282226421,0.7853648950969065,0.003992015968063872,3
arco_run1,GABA-4-1,LOC110482105,0.9839797915507467,184.2634809654945,3.307067315755071e-4,0.24609994211456143,0.7958150867660866,0.959216282226421,0.7853648950969065,0.003992015968063872,3
arco_run1,GABA-4-1,MED28,0.9838359821139013,182.5974189795988,3.318827868087059e-4,0.24609994211456143,0.7958150867660866,0.959216282226421,0.7853648950969065,0.003992015968063872,3
arco_run1,GABA-4-1,DHRS7,0.9830742560647806,174.2447941716498,3.563447356592413e-4,0.24609994211456143,0.7958150867660866,0.959216282226421,0.7853648950969065,0.003992015968063872,3
arco_run1,GABA-4-1,PGPEP1,0.9821210343487119,164.79494174954488,3.8974470428208765e-4,0.24609994211456143,0.7958150867660866,0.959216282226421,0.7853648950969065,0.003992015968063872,3
arco_run1,GABA-4-1,ZMYM2,0.9802363712495666,148.79398671583616,4.6407139502025287e-4,0.24609994211456143,0.7958150867660866,0.959216282226421,0.7853648950969065,0.003992015968063872,3
arco_run1,GABA-4-1,ARL9,0.9801882049238437,148.42494602170285,4.6524745025345167e-4,0.24609994211456143,0.7958150867660866,0.959216282226421,0.7853648950969065,0.003992015968063872,3
arco_run1,GABA-4-1,IFT88,0.9791041729984893,140.56933562778326,5.080558607418886e-4,0.24609994211456143,0.7958150867660866,0.959216282226421,0.7853648950969065,0.003992015968063872,3
arco_run1,GABA-4-1,DNM2,0.9775642316725661,130.71505518407753,5.638008787955124e-4,0.24609994211456143,0.7958150867660866,0.959216282226421,0.7853648950969065,0.003992015968063872,3
arco_run1,GABA-4-1,NCAN,0.9773680758755925,129.5561177878211,5.677994665883884e-4,0.24609994211456143,0.7958150867660866,0.959216282226421,0.7853648950969065,0.003992015968063872,3
arco_run1,GABA-4-1,FCHSD1,0.9773507118410198,129.45449388706442,5.69210732868227e-4,0.24609994211456143,0.7958150867660866,0.959216282226421,0.7853648950969065,0.003992015968063872,3
arco_run1,GABA-4-1,KCNJ6,0.9771050662238467,128.03335564677292,5.736797427543825e-4,0.24609994211456143,0.7958150867660866,0.959216282226421,0.7853648950969065,0.003992015968063872,3
arco_run1,GABA-4-1,MSTO1,0.9769724128256471,127.27852103155917,5.788543857804573e-4,0.24609994211456143,0.7958150867660866,0.959216282226421,0.7853648950969065,0.003992015968063872,3
arco_run1,GABA-4-1,NATD1,0.9750095416088618,117.0458172093324,6.524754433787032e-4,0.2641738509068557,0.7958150867660866,0.959216282226421,0.7853648950969065,0.003992015968063872,3
arco_run1,GABA-4-1,PDE1A,0.9735440519296572,110.39604961513461,7.141007375983211e-4,0.2641738509068557,0.7958150867660866,0.959216282226421,0.7853648950969065,0.003992015968063872,3
arco_run1,GABA-4-1,PREPL,0.9734929366104648,110.17738053112181,7.145711596916007e-4,0.2641738509068557,0.7958150867660866,0.959216282226421,0.7853648950969065,0.003992015968063872,3
arco_run1,GABA-4-1,LOC110483175,0.9723289988309538,105.41674942198736,7.719626550717029e-4,0.27349993566977876,0.7958150867660866,0.959216282226421,0.7853648950969065,0.003992015968063872,3
arco_run1,GABA-4-1,LIAS,0.9715752357486379,102.54177243022308,8.103020556739844e-4,0.2755999351758356,0.7958150867660866,0.959216282226421,0.7853648950969065,0.003992015968063872,3
arco_run1,Glut-CACNA1H-1,KCNJ6,0.9953580886863638,643.2855055388696,2.740726705513118e-6,0.017999996711127956,0.7779910488318431,1.6621768953086677,0.7893449888555787,0.005988023952095809,3
arco_run1,Glut-CACNA1H-1,DDB1,0.9952145703528607,623.9029577716926,3.2888720466157417e-6,0.017999996711127956,0.7779910488318431,1.6621768953086677,0.7893449888555787,0.005988023952095809,3
arco_run1,Glut-CACNA1H-1,ATP6V0B,0.9927725113371124,412.0819378527246,1.0414761480949848e-5,0.03799999305682568,0.7779910488318431,1.6621768953086677,0.7893449888555787,0.005988023952095809,3
arco_run1,Glut-CACNA1H-1,GOT1,0.9917074161295678,358.76902722644985,1.699250557418133e-5,0.03959999276448149,0.7779910488318431,1.6621768953086677,0.7893449888555787,0.005988023952095809,3
arco_run1,Glut-CACNA1H-1,C3H1orf198,0.9916342910961855,355.60678807890656,1.8088796256386578e-5,0.03959999276448149,0.7779910488318431,1.6621768953086677,0.7893449888555787,0.005988023952095809,3
arco_run1,Glut-CACNA1H-1,DNAH9,0.9893014872732037,277.4128084538316,3.6177592512773155e-5,0.053515141737124516,0.7779910488318431,1.6621768953086677,0.7893449888555787,0.005988023952095809,3
arco_run1,Glut-CACNA1H-1,MYO10,0.9883044694343678,253.50824331267515,3.910103433198715e-5,0.053515141737124516,0.7779910488318431,1.6621768953086677,0.7893449888555787,0.005988023952095809,3
arco_run1,Glut-CACNA1H-1,TAFA5,0.9858092246315546,208.4049389204485,5.3718243428057113e-5,0.053515141737124516,0.7779910488318431,1.6621768953086677,0.7893449888555787,0.005988023952095809,3
arco_run1,Glut-CACNA1H-1,MAP3K9,0.985003665928469,197.04889099497956,5.9930557293886844e-5,0.053515141737124516,0.7779910488318431,1.6621768953086677,0.7893449888555787,0.005988023952095809,3
arco_run1,Glut-CACNA1H-1,RIT2,0.9841456730214011,186.2227909800007,6.96144583200332e-5,0.053515141737124516,0.7779910488318431,1.6621768953086677,0.7893449888555787,0.005988023952095809,3
arco_run1,Glut-CACNA1H-1,NLRC3,0.9834223851283852,177.96692577511834,7.637491752696555e-5,0.053515141737124516,0.7779910488318431,1.6621768953086677,0.7893449888555787,0.005988023952095809,3
arco_run1,Glut-CACNA1H-1,NEO1,0.9832360276252812,175.95519826340217,7.82020686639743e-5,0.053515141737124516,0.7779910488318431,1.6621768953086677,0.7893449888555787,0.005988023952095809,3
arco_run1,Glut-CACNA1H-1,TEAD1,0.9824151743478767,167.60163457678385,8.459709764350491e-5,0.053515141737124516,0.7779910488318431,1.6621768953086677,0.7893449888555787,0.005988023952095809,3
arco_run1,Glut-CACNA1H-1,LOC110479075,0.9821887999113229,165.43334447223228,8.806868480382153e-5,0.053515141737124516,0.7779910488318431,1.6621768953086677,0.7893449888555787,0.005988023952095809,3
arco_run1,Glut-CACNA1H-1,LOC110482089,0.9809729233123684,154.67004302611224,9.738715560256612e-5,0.053515141737124516,0.7779910488318431,1.6621768953086677,0.7893449888555787,0.005988023952095809,3
arco_run1,Glut-CACNA1H-1,ASAP1,0.9807714648205749,153.0181247300647,1.0085874276288274e-4,0.053515141737124516,0.7779910488318431,1.6621768953086677,0.7893449888555787,0.005988023952095809,3
arco_run1,Glut-CACNA1H-1,DLG5,0.9803452139930512,149.634579635687,1.0414761480949848e-4,0.053515141737124516,0.7779910488318431,1.6621768953086677,0.7893449888555787,0.005988023952095809,3
arco_run1,Glut-CACNA1H-1,LOC110482409,0.9796594680495921,144.48876810666982,1.0835006242461859e-4,0.053515141737124516,0.7779910488318431,1.6621768953086677,0.7893449888555787,0.005988023952095809,3
arco_run1,Glut-CACNA1H-1,PXYLP1,0.9786114858403439,137.26219762655245,1.1529323674525183e-4,0.053515141737124516,0.7779910488318431,1.6621768953086677,0.7893449888555787,0.005988023952095809,3
arco_run1,Glut-CACNA1H-1,CRB1,0.9778418854462048,132.39058085094007,1.2205369595218418e-4,0.053515141737124516,0.7779910488318431,1.6621768953086677,0.7893449888555787,0.005988023952095809,3
arco_run1,Glut-CACNA1H-1,HSD3B7,0.9776102283421736,130.98975415416263,1.235154168617912e-4,0.053515141737124516,0.7779910488318431,1.6621768953086677,0.7893449888555787,0.005988023952095809,3
arco_run1,Glut-CACNA1H-1,KHDRBS2,0.9761870573088705,122.98190987615823,1.3393017834274103e-4,0.053515141737124516,0.7779910488318431,1.6621768953086677,0.7893449888555787,0.005988023952095809,3
arco_run1,Glut-CACNA1H-1,BCAR3,0.9760413346799315,122.21565621132913,1.3502646902494627e-4,0.053515141737124516,0.7779910488318431,1.6621768953086677,0.7893449888555787,0.005988023952095809,3
arco_run1,Glut-CACNA1H-1,ZEB2,0.975833329994992,121.13791388628647,1.3667090504825415e-4,0.053515141737124516,0.7779910488318431,1.6621768953086677,0.7893449888555787,0.005988023952095809,3
arco_run1,Glut-CACNA1H-1,SYN2,0.975552586432698,119.71236757791235,1.3776719573045938e-4,0.053515141737124516,0.7779910488318431,1.6621768953086677,0.7893449888555787,0.005988023952095809,3
arco_run1,Glut-CACNA1H-2,CCT8,0.9980650001254779,1547.3876974365053,1.4803846261316384e-6,0.013999997409326902,0.7999914869665226,1.32662365822471,0.7972135213298936,0.001996007984031936,3
arco_run1,Glut-CACNA1H-2,LOC110473775,0.9977368146780478,1322.56533081973,3.1458173305297314e-6,0.013999997409326902,0.7999914869665226,1.32662365822471,0.7972135213298936,0.001996007984031936,3
arco_run1,Glut-CACNA1H-2,PDE11A,0.9974179152429051,1158.851868633203,3.886009643595551e-6,0.013999997409326902,0.7999914869665226,1.32662365822471,0.7972135213298936,0.001996007984031936,3
arco_run1,Glut-CACNA1H-2,NUDC,0.9972086843293302,1071.7619953998949,5.736490426260099e-6,0.015499997131754787,0.7999914869665226,1.32662365822471,0.7972135213298936,0.001996007984031936,3
arco_run1,Glut-CACNA1H-2,CCDC137,0.9934664079725017,456.1654923315885,1.776461551357966e-5,0.038399992894153794,0.7999914869665226,1.32662365822471,0.7972135213298936,0.001996007984031936,3
arco_run1,Glut-CACNA1H-2,NANS,0.9922832009575318,385.76222945419914,2.4426346331172033e-5,0.04399999185788455,0.7999914869665226,1.32662365822471,0.7972135213298936,0.001996007984031936,3
arco_run1,Glut-CACNA1H-2,LOC110483311,0.9909011681869659,326.712655607335,3.4789038714093504e-5,0.05174999042376195,0.7999914869665226,1.32662365822471,0.7972135213298936,0.001996007984031936,3
arco_run1,Glut-CACNA1H-2,MYLIP,0.9903519646714394,307.94413503226394,3.8304952201156144e-5,0.05174999042376195,0.7999914869665226,1.32662365822471,0.7972135213298936,0.001996007984031936,3
arco_run1,Glut-CACNA1H-2,LOC110475291,0.9881152463918381,249.4242486558368,5.532937540166999e-5,0.06644443214902769,0.7999914869665226,1.32662365822471,0.7972135213298936,0.001996007984031936,3
arco_run1,Glut-CACNA1H-2,KCNJ6,0.986873738244264,225.54945725039107,6.365653892366045e-5,0.06654544223134606,0.7999914869665226,1.32662365822471,0.7972135213298936,0.001996007984031936,3
arco_run1,Glut-CACNA1H-2,RTEL1,0.9863783942156312,217.23835129942,6.772759664552245e-5,0.06654544223134606,0.7999914869665226,1.32662365822471,0.7972135213298936,0.001996007984031936,3
arco_run1,Glut-CACNA1H-2,ADGRV1,0.9849676175694793,196.56916436006907,7.660990440231229e-5,0.0689999872316826,0.7999914869665226,1.32662365822471,0.7972135213298936,0.001996007984031936,3
arco_run1,Glut-CACNA1H-2,PYGL,0.9824898038315516,168.32874875529373,1.0085120265521787e-4,0.07615383206172327,0.7999914869665226,1.32662365822471,0.7972135213298936,0.001996007984031936,3
arco_run1,Glut-CACNA1H-2,DSC1,0.9803767270761642,149.8796960447908,1.2083639510799498e-4,0.07615383206172327,0.7999914869665226,1.32662365822471,0.7972135213298936,0.001996007984031936,3
arco_run1,Glut-CACNA1H-2,DAB1,0.9802849478866852,149.16799746493683,1.2287192396892598e-4,0.07615383206172327,0.7999914869665226,1.32662365822471,0.7972135213298936,0.001996007984031936,3
arco_run1,Glut-CACNA1H-2,PMP22,0.9800162291819411,147.12181771465094,1.24907452829857e-4,0.07615383206172327,0.7999914869665226,1.32662365822471,0.7972135213298936,0.001996007984031936,3
arco_run1,Glut-CACNA1H-2,DLD,0.9789506159698513,139.52198523734273,1.3989634716943982e-4,0.07615383206172327,0.7999914869665226,1.32662365822471,0.7972135213298936,0.001996007984031936,3
arco_run1,Glut-CACNA1H-2,NARS1,0.9789469287625328,139.49702412354122,1.4026644332597275e-4,0.07615383206172327,0.7999914869665226,1.32662365822471,0.7972135213298936,0.001996007984031936,3
arco_run1,Glut-CACNA1H-2,GGA1,0.978789273453549,138.437870759876,1.4322721257823602e-4,0.07615383206172327,0.7999914869665226,1.32662365822471,0.7972135213298936,0.001996007984031936,3
arco_run1,Glut-CACNA1H-2,VWF,0.9784516970284909,136.22210041164553,0.00014822351069143029,0.07615383206172327,0.7999914869665226,1.32662365822471,0.7972135213298936,0.001996007984031936,3
arco_run1,Glut-CACNA1H-2,CFAP298,0.9783363833709873,135.48103257063238,1.4951884723929547e-4,0.07615383206172327,0.7999914869665226,1.32662365822471,0.7972135213298936,0.001996007984031936,3
arco_run1,Glut-CACNA1H-2,KIF3C,0.9776312863334681,131.11589261337798,1.6228716463968085e-4,0.07615383206172327,0.7999914869665226,1.32662365822471,0.7972135213298936,0.001996007984031936,3
arco_run1,Glut-CACNA1H-2,SRM,0.9772864539324553,129.0797726202108,1.702442320051384e-4,0.07615383206172327,0.7999914869665226,1.32662365822471,0.7972135213298936,0.001996007984031936,3
arco_run1,Glut-CACNA1H-2,CDH18,0.9772255481998917,128.7265515908376,1.711694723964707e-4,0.07615383206172327,0.7999914869665226,1.32662365822471,0.7972135213298936,0.001996007984031936,3
arco_run1,Glut-CACNA1H-2,ARL14EP,0.9763488916535682,123.84394980806908,1.8227235709245799e-4,0.07615383206172327,0.7999914869665226,1.32662365822471,0.7972135213298936,0.001996007984031936,3
hvc_run1,Astro-2,KLHL13,0.9891497196964106,273.4905528760949,5.162939715768737e-4,0.4429716798268369,0.7985410118962406,0.9577332515556884,0.7969181525338352,0.007984031936127744,3
hvc_run1,Astro-2,VAMP7,0.9886844328890358,262.121488881735,5.620199413001395e-4,0.4429716798268369,0.7985410118962406,0.9577332515556884,0.7969181525338352,0.007984031936127744,3
hvc_run1,Astro-2,TMPO,0.9886844328890358,262.121488881735,5.620199413001395e-4,0.4429716798268369,0.7985410118962406,0.9577332515556884,0.7969181525338352,0.007984031936127744,3
hvc_run1,Astro-2,OPCML,0.9886844328890358,262.121488881735,5.620199413001395e-4,0.4429716798268369,0.7985410118962406,0.9577332515556884,0.7969181525338352,0.007984031936127744,3
hvc_run1,Astro-2,LOC116184006,0.9872645967280738,232.5638008427387,6.770173427683526e-4,0.4429716798268369,0.7985410118962406,0.9577332515556884,0.7969181525338352,0.007984031936127744,3
hvc_run1,Astro-2,RAB29,0.9856019364028444,205.3613521885462,8.15218967678223e-4,0.4429716798268369,0.7985410118962406,0.9577332515556884,0.7969181525338352,0.007984031936127744,3
hvc_run1,Astro-2,TUBE1,0.9809168170758231,154.2064792293768,0.0011847803498446171,0.4429716798268369,0.7985410118962406,0.9577332515556884,0.7969181525338352,0.007984031936127744,3
hvc_run1,Astro-2,GPX8,0.980538517634878,151.15064195605572,0.0012192454464270786,0.4429716798268369,0.7985410118962406,0.9577332515556884,0.7969181525338352,0.007984031936127744,3
hvc_run1,Astro-2,LOC110481232,0.9777163271939798,131.62771716830858,0.0014693733255849426,0.4429716798268369,0.7985410118962406,0.9577332515556884,0.7969181525338352,0.007984031936127744,3
hvc_run1,Astro-2,LLPH,0.9756871490013634,120.3915347964841,0.0016631968390387855,0.4429716798268369,0.7985410118962406,0.9577332515556884,0.7969181525338352,0.007984031936127744,3
hvc_run1,Astro-2,LOC110480951,0.9739250550675825,112.05297548184963,0.0017833128192073643,0.4429716798268369,0.7985410118962406,0.9577332515556884,0.7969181525338352,0.007984031936127744,3
hvc_run1,Astro-2,WIPF3,0.9738955282903374,111.92283902031782,0.0017863839664275835,0.4429716798268369,0.7985410118962406,0.9577332515556884,0.7969181525338352,0.007984031936127744,3
hvc_run1,Astro-2,TMCC2,0.9728642637282943,107.55531974373135,0.001862138931192994,0.4429716798268369,0.7985410118962406,0.9577332515556884,0.7969181525338352,0.007984031936127744,3
hvc_run1,Astro-2,SLC30A1,0.969265546991469,94.61032672900639,0.0021354710337925156,0.4429716798268369,0.7985410118962406,0.9577332515556884,0.7969181525338352,0.007984031936127744,3
hvc_run1,Astro-2,KCNK2,0.9686449982193364,92.6785147385981,0.002181197003515781,0.4429716798268369,0.7985410118962406,0.9577332515556884,0.7969181525338352,0.007984031936127744,3
hvc_run1,Astro-2,LOC110472673,0.9670539635259826,88.0579942557256,0.002297218120724067,0.4429716798268369,0.7985410118962406,0.9577332515556884,0.7969181525338352,0.007984031936127744,3
hvc_run1,Astro-2,DMAC2L,0.966141103896205,85.603006749052,0.002370584415429307,0.4429716798268369,0.7985410118962406,0.9577332515556884,0.7969181525338352,0.007984031936127744,3
hvc_run1,Astro-2,FAM160A1,0.9650908632922424,82.93738725522036,0.0024599889233956926,0.4429716798268369,0.7985410118962406,0.9577332515556884,0.7969181525338352,0.007984031936127744,3
hvc_run1,Astro-2,LOC116183187,0.9635079491971946,79.20968495882332,0.002581128619304344,0.4429716798268369,0.7985410118962406,0.9577332515556884,0.7969181525338352,0.007984031936127744,3
hvc_run1,Astro-2,LOC110478505,0.9614066494646271,74.73359810391007,0.0027613025895572123,0.4429716798268369,0.7985410118962406,0.9577332515556884,0.7969181525338352,0.007984031936127744,3
hvc_run1,Astro-2,CBFB,0.9611635487570447,74.24701675836523,0.002777682041398382,0.4429716798268369,0.7985410118962406,0.9577332515556884,0.7969181525338352,0.007984031936127744,3
hvc_run1,Astro-2,LOC116183249,0.9606174869632265,73.17594126608269,0.0028220430568015502,0.4429716798268369,0.7985410118962406,0.9577332515556884,0.7969181525338352,0.007984031936127744,3
hvc_run1,Astro-2,SEMA5A,0.9604370357316319,72.8284940342195,0.002829891544142111,0.4429716798268369,0.7985410118962406,0.9577332515556884,0.7969181525338352,0.007984031936127744,3
hvc_run1,Astro-2,FAM149A,0.9583039595422553,68.94927784666382,0.0029711643162722004,0.4429716798268369,0.7985410118962406,0.9577332515556884,0.7969181525338352,0.007984031936127744,3
hvc_run1,Astro-2,COPS6,0.9580216700782577,68.4654443278882,0.0029943685397138577,0.4429716798268369,0.7985410118962406,0.9577332515556884,0.7969181525338352,0.007984031936127744,3
hvc_run1,GABA-1-1,LOC110478999,0.9972609843158305,1092.2839800585778,1.3911023355738775e-5,0.09299997304739226,0.7966854898522289,0.9844581007243416,0.7883065601374304,0.007984031936127744,3
hvc_run1,GABA-1-1,INSYN2B,0.9963373803551964,816.0858704796955,2.6952607751743878e-5,0.09299997304739226,0.7966854898522289,0.9844581007243416,0.7883065601374304,0.007984031936127744,3
hvc_run1,GABA-1-1,LIMD1,0.9949056597307021,585.8888141375569,6.433848302029183e-5,0.147999957107678,0.7966854898522289,0.9844581007243416,0.7883065601374304,0.007984031936127744,3
hvc_run1,GABA-1-1,TMEM208,0.9909746859887179,329.39840699723516,1.605563945641517e-4,0.26794658901224294,0.7966854898522289,0.9844581007243416,0.7883065601374304,0.007984031936127744,3
hvc_run1,GABA-1-1,NSUN2,0.9892028173617909,274.85025969493483,2.1735973993341836e-4,0.26794658901224294,0.7966854898522289,0.9844581007243416,0.7883065601374304,0.007984031936127744,3
hvc_run1,GABA-1-1,CMTM3,0.9875716623748323,238.38385120186135,2.74163085302685e-4,0.26794658901224294,0.7966854898522289,0.9844581007243416,0.7883065601374304,0.007984031936127744,3
hvc_run1,GABA-1-1,GAB1,0.9874824600531065,236.66370490749023,2.785102801013534e-4,0.26794658901224294,0.7966854898522289,0.9844581007243416,0.7883065601374304,0.007984031936127744,3
hvc_run1,GABA-1-1,TDG,0.9853118024519646,201.24561898687617,3.56759786477384e-4,0.26794658901224294,0.7966854898522289,0.9844581007243416,0.7883065601374304,0.007984031936127744,3
hvc_run1,GABA-1-1,LOC110476528,0.9838112130819326,182.3134527734052,4.037094903030024e-4,0.26794658901224294,0.7966854898522289,0.9844581007243416,0.7883065601374304,0.007984031936127744,3
hvc_run1,GABA-1-1,GMPR,0.9815466402835826,159.57202190292787,4.7703217590720884e-4,0.26794658901224294,0.7966854898522289,0.9844581007243416,0.7883065601374304,0.007984031936127744,3
hvc_run1,GABA-1-1,TRAF2,0.9805697191019788,151.3981796117785,5.051440356052643e-4,0.26794658901224294,0.7966854898522289,0.9844581007243416,0.7883065601374304,0.007984031936127744,3
hvc_run1,GABA-1-1,RNF4,0.9799780468338568,146.8355317838295,5.294883264778072e-4,0.26794658901224294,0.7966854898522289,0.9844581007243416,0.7883065601374304,0.007984031936127744,3
hvc_run1,GABA-1-1,UACA,0.9767738617737335,126.16482158051151,6.581652925183909e-4,0.26794658901224294,0.7966854898522289,0.9844581007243416,0.7883065601374304,0.007984031936127744,3
hvc_run1,GABA-1-1,LOC110477927,0.9739521297984112,112.1725640823026,7.914792663442208e-4,0.26794658901224294,0.7966854898522289,0.9844581007243416,0.7883065601374304,0.007984031936127744,3
hvc_run1,GABA-1-1,CHIC1,0.9732684298755474,109.22685334355893,8.187216870825425e-4,0.26794658901224294,0.7966854898522289,0.9844581007243416,0.7883065601374304,0.007984031936127744,3
hvc_run1,GABA-1-1,LOC110473490,0.9732684298755474,109.22685334355893,8.187216870825425e-4,0.26794658901224294,0.7966854898522289,0.9844581007243416,0.7883065601374304,0.007984031936127744,3
hvc_run1,GABA-1-1,KREMEN1,0.9730262805692149,108.21936697302883,8.30893832518814e-4,0.26794658901224294,0.7966854898522289,0.9844581007243416,0.7883065601374304,0.007984031936127744,3
hvc_run1,GABA-1-1,CCDC9B,0.9712087515664951,101.19832981291766,8.943628765793721e-4,0.26794658901224294,0.7966854898522289,0.9844581007243416,0.7883065601374304,0.007984031936127744,3
hvc_run1,GABA-1-1,ANKRD22,0.9689376900416636,93.58006774202786,0.0010123167621165737,0.26794658901224294,0.7966854898522289,0.9844581007243416,0.7883065601374304,0.007984031936127744,3
hvc_run1,GABA-1-1,LOC110476972,0.9688434896995828,93.28806214410449,0.001019851899767599,0.26794658901224294,0.7966854898522289,0.9844581007243416,0.7883065601374304,0.007984031936127744,3
hvc_run1,GABA-1-1,THOC5,0.9688060592003505,93.1725233521539,0.0010215907776870664,0.26794658901224294,0.7966854898522289,0.9844581007243416,0.7883065601374304,0.007984031936127744,3
hvc_run1,GABA-1-1,SLC39A9,0.9684919681397275,92.21381764827403,0.0010363712400025388,0.26794658901224294,0.7966854898522289,0.9844581007243416,0.7883065601374304,0.007984031936127744,3
hvc_run1,GABA-1-1,RIPK1,0.9664846748053504,86.51129021057267,0.0011354872814121775,0.26794658901224294,0.7966854898522289,0.9844581007243416,0.7883065601374304,0.007984031936127744,3
hvc_run1,GABA-1-1,METTL21C,0.9645270134805555,81.57139627517812,0.0012331542578889268,0.26794658901224294,0.7966854898522289,0.9844581007243416,0.7883065601374304,0.007984031936127744,3
hvc_run1,GABA-1-1,TSPAN14,0.9639371170810579,80.1880248382538,0.001264743873425917,0.26794658901224294,0.7966854898522289,0.9844581007243416,0.7883065601374304,0.007984031936127744,3
hvc_run1,GABA-1-1,LOC110478409,0.9639371170810579,80.1880248382538,0.001264743873425917,0.26794658901224294,0.7966854898522289,0.9844581007243416,0.7883065601374304,0.007984031936127744,3
hvc_run1,GABA-1-1,LOC110482942,0.9639371170810579,80.1880248382538,0.001264743873425917,0.26794658901224294,0.7966854898522289,0.9844581007243416,0.7883065601374304,0.007984031936127744,3
hvc_run1,Glut-DACH2-2,DNM2,0.9995815879377473,7166.9653777856165,7.669689973235339e-7,0.005999998466062005,0.7999608500340307,1.1111669582470334,0.8124088121409874,0.001996007984031936,3
hvc_run1,Glut-DACH2-2,PELO,0.9993396842912344,4540.281282234381,2.5565633244117797e-6,0.0066666649622911175,0.7999608500340307,1.1111669582470334,0.8124088121409874,0.001996007984031936,3
hvc_run1,Glut-DACH2-2,NKAIN4,0.9993396842912344,4540.281282234381,2.5565633244117797e-6,0.0066666649622911175,0.7999608500340307,1.1111669582470334,0.8124088121409874,0.001996007984031936,3
hvc_run1,Glut-DACH2-2,LGI3,0.9916344631973973,355.61416556874383,7.388468007550043e-5,0.12079996911671503,0.7999608500340307,1.1111669582470334,0.8124088121409874,0.001996007984031936,3
hvc_run1,Glut-DACH2-2,DNAJC11,0.9914377008541422,347.3731823538665,7.720821239723574e-5,0.12079996911671503,0.7999608500340307,1.1111669582470334,0.8124088121409874,0.001996007984031936,3
hvc_run1,Glut-DACH2-2,RMC1,0.98763120689093,239.54589542775355,1.101878792821477e-4,0.12099996906558379,0.7999608500340307,1.1111669582470334,0.8124088121409874,0.001996007984031936,3
hvc_run1,Glut-DACH2-2,PPM1D,0.9874393515767473,235.8411727571554,1.1197747360923594e-4,0.12099996906558379,0.7999608500340307,1.1111669582470334,0.8124088121409874,0.001996007984031936,3
hvc_run1,Glut-DACH2-2,ABCC1,0.9865462670442253,219.98643877217017,1.2373766490153014e-4,0.12099996906558379,0.7999608500340307,1.1111669582470334,0.8124088121409874,0.001996007984031936,3
hvc_run1,Glut-DACH2-2,MICALL2,0.98281552834255,171.57621390992318,1.7256802439779512e-4,0.12266663530615654,0.7999608500340307,1.1111669582470334,0.8124088121409874,0.001996007984031936,3
hvc_run1,Glut-DACH2-2,NAA60,0.9824084313293907,167.5362413195242,1.784481200439422e-4,0.12266663530615654,0.7999608500340307,1.1111669582470334,0.8124088121409874,0.001996007984031936,3
hvc_run1,Glut-DACH2-2,MDM2,0.9821855491696012,165.4026091267871,1.840725593576481e-4,0.12266663530615654,0.7999608500340307,1.1111669582470334,0.8124088121409874,0.001996007984031936,3
hvc_run1,Glut-DACH2-2,SLC23A2,0.9817570375431461,161.44697548960315,1.8816306067670697e-4,0.12266663530615654,0.7999608500340307,1.1111669582470334,0.8124088121409874,0.001996007984031936,3
hvc_run1,Glut-DACH2-2,LOC110475963,0.9788379541565291,138.76323131468826,2.34181200516119e-4,0.1409230408951999,0.7999608500340307,1.1111669582470334,0.8124088121409874,0.001996007984031936,3
hvc_run1,Glut-DACH2-2,LOC110469136,0.9768653745998518,126.67575433405429,2.7380793204450157e-4,0.14439996308322559,0.7999608500340307,1.1111669582470334,0.8124088121409874,0.001996007984031936,3
hvc_run1,Glut-DACH2-2,C5H11orf91,0.9768019316529531,126.32111222018644,2.7687580803379574e-4,0.14439996308322559,0.7999608500340307,1.1111669582470334,0.8124088121409874,0.001996007984031936,3
hvc_run1,Glut-DACH2-2,RPSA,0.9751422073772681,117.68650042790003,3.1369031990532536e-4,0.15337496078871002,0.7999608500340307,1.1111669582470334,0.8124088121409874,0.001996007984031936,3
hvc_run1,Glut-DACH2-2,LOC110483044,0.9715038782542378,102.2774839595899,3.931994392945317e-4,0.1651199577860264,0.7999608500340307,1.1111669582470334,0.8124088121409874,0.001996007984031936,3
hvc_run1,Glut-DACH2-2,HMGN1,0.9706888772358103,99.35022466164936,4.2285557385770834e-4,0.1651199577860264,0.7999608500340307,1.1111669582470334,0.8124088121409874,0.001996007984031936,3
hvc_run1,Glut-DACH2-2,LOC110476977,0.9690500373798238,93.93065018580357,4.773103726676792e-4,0.1651199577860264,0.7999608500340307,1.1111669582470334,0.8124088121409874,0.001996007984031936,3
hvc_run1,Glut-DACH2-2,LOC110476602,0.9684559912072245,92.1052232995536,4.977628792629734e-4,0.1651199577860264,0.7999608500340307,1.1111669582470334,0.8124088121409874,0.001996007984031936,3
hvc_run1,Glut-DACH2-2,RAB8A,0.9683392287650783,91.75448269216544,5.018533805820323e-4,0.1651199577860264,0.7999608500340307,1.1111669582470334,0.8124088121409874,0.001996007984031936,3
hvc_run1,Glut-DACH2-2,CCNF,0.9682151518523905,91.38459438497016,5.079891325606206e-4,0.1651199577860264,0.7999608500340307,1.1111669582470334,0.8124088121409874,0.001996007984031936,3
hvc_run1,Glut-DACH2-2,RNF141,0.9682151518523905,91.38459438497016,5.079891325606206e-4,0.1651199577860264,0.7999608500340307,1.1111669582470334,0.8124088121409874,0.001996007984031936,3
hvc_run1,Glut-DACH2-2,CYTH4,0.967447806603175,89.15968839422662,5.25885075831503e-4,0.1651199577860264,0.7999608500340307,1.1111669582470334,0.8124088121409874,0.001996007984031936,3
hvc_run1,Glut-DACH2-2,LOC116183492,0.9673985494511116,89.02044539402513,5.276746701585913e-4,0.1651199577860264,0.7999608500340307,1.1111669582470334,0.8124088121409874,0.001996007984031936,3
hvc_run1,Glut-DACH2-HVCra,PPL,0.9985483945709779,2063.677307772971,1.8575272856826812e-6,0.008333331785393928,0.8131366266934129,1.9514329702830018,0.7971669402450243,0.003992015968063872,3
hvc_run1,Glut-DACH2-HVCra,NRG1,0.9978147806044574,1369.859863004766,2.4147854713874855e-6,0.008333331785393928,0.8131366266934129,1.9514329702830018,0.7971669402450243,0.003992015968063872,3
hvc_run1,Glut-DACH2-HVCra,IFNAR1,0.9962879054182499,805.169063026825,3.3435491142288263e-6,0.008333331785393928,0.8131366266934129,1.9514329702830018,0.7971669402450243,0.003992015968063872,3
hvc_run1,Glut-DACH2-HVCra,EPHA6,0.9962315689533411,793.0872742145172,3.5293018427970944e-6,0.008333331785393928,0.8131366266934129,1.9514329702830018,0.7971669402450243,0.003992015968063872,3
hvc_run1,Glut-DACH2-HVCra,USF3,0.9954786016495533,660.5115438796996,4.272312757070167e-6,0.008333331785393928,0.8131366266934129,1.9514329702830018,0.7971669402450243,0.003992015968063872,3
hvc_run1,Glut-DACH2-HVCra,CRHR2,0.995390496345933,647.8292920764055,4.643818214206703e-6,0.008333331785393928,0.8131366266934129,1.9514329702830018,0.7971669402450243,0.003992015968063872,3
hvc_run1,Glut-DACH2-HVCra,PTPRN2,0.9947780557871931,571.4986690287577,7.430109142730725e-6,0.011166664592427863,0.8131366266934129,1.9514329702830018,0.7971669402450243,0.003992015968063872,3
hvc_run1,Glut-DACH2-HVCra,ZNF804B,0.9943296387768685,526.0668234259809,8.730378242708602e-6,0.011166664592427863,0.8131366266934129,1.9514329702830018,0.7971669402450243,0.003992015968063872,3
hvc_run1,Glut-DACH2-HVCra,KCNJ6,0.9936318951705487,468.09777246843475,1.0587905528391283e-5,0.011166664592427863,0.8131366266934129,1.9514329702830018,0.7971669402450243,0.003992015968063872,3
hvc_run1,Glut-DACH2-HVCra,DSCAM,0.9930913058446446,431.2354622363016,1.1145163714096086e-5,0.011166664592427863,0.8131366266934129,1.9514329702830018,0.7971669402450243,0.003992015968063872,3
hvc_run1,Glut-DACH2-HVCra,LOC110482089,0.992870453698228,417.7841387122128,1.2073927356937428e-5,0.011166664592427863,0.8131366266934129,1.9514329702830018,0.7971669402450243,0.003992015968063872,3
hvc_run1,Glut-DACH2-HVCra,KCNT1,0.9923670808081277,390.03442425992415,1.2445432814073964e-5,0.011166664592427863,0.8131366266934129,1.9514329702830018,0.7971669402450243,0.003992015968063872,3
hvc_run1,Glut-DACH2-HVCra,GRIP2,0.991707398245192,358.768247011337,1.5603229199734522e-5,0.011999997770967257,0.8131366266934129,1.9514329702830018,0.7971669402450243,0.003992015968063872,3
hvc_run1,Glut-DACH2-HVCra,HSD3B7,0.9916610996267431,356.7596644302293,1.5603229199734522e-5,0.011999997770967257,0.8131366266934129,1.9514329702830018,0.7971669402450243,0.003992015968063872,3
hvc_run1,Glut-DACH2-HVCra,ADAM12,0.9911009949530857,334.11633875746844,1.8018014671122006e-5,0.012799997622365075,0.8131366266934129,1.9514329702830018,0.7971669402450243,0.003992015968063872,3
hvc_run1,Glut-DACH2-HVCra,RASGEF1A,0.99091065532344,327.0567980149906,1.9504036499668154e-5,0.012799997622365075,0.8131366266934129,1.9514329702830018,0.7971669402450243,0.003992015968063872,3
hvc_run1,Glut-DACH2-HVCra,LOC110482409,0.9905542973835695,314.60474808741105,2.359059652817005e-5,0.012799997622365075,0.8131366266934129,1.9514329702830018,0.7971669402450243,0.003992015968063872,3
hvc_run1,Glut-DACH2-HVCra,SCUBE1,0.9905382994334357,314.0677383938163,2.4519360171011393e-5,0.012799997622365075,0.8131366266934129,1.9514329702830018,0.7971669402450243,0.003992015968063872,3
hvc_run1,Glut-DACH2-HVCra,EYA4,0.9905026174204851,312.87650332953467,2.4890865628147928e-5,0.012799997622365075,0.8131366266934129,1.9514329702830018,0.7971669402450243,0.003992015968063872,3
hvc_run1,Glut-DACH2-HVCra,DMD,0.9904986102750986,312.7432845994638,2.5076618356716195e-5,0.012799997622365075,0.8131366266934129,1.9514329702830018,0.7971669402450243,0.003992015968063872,3
hvc_run1,Glut-DACH2-HVCra,FRMD8,0.9899704975650964,296.11753045292767,2.7862909285240217e-5,0.012799997622365075,0.8131366266934129,1.9514329702830018,0.7971669402450243,0.003992015968063872,3
hvc_run1,Glut-DACH2-HVCra,SGCD,0.989862372650379,292.9272319387575,2.8048662013808488e-5,0.012799997622365075,0.8131366266934129,1.9514329702830018,0.7971669402450243,0.003992015968063872,3
hvc_run1,Glut-DACH2-HVCra,DCLK1,0.9897928304646824,290.9110582634846,2.8420167470945022e-5,0.012799997622365075,0.8131366266934129,1.9514329702830018,0.7971669402450243,0.003992015968063872,3
hvc_run1,Glut-DACH2-HVCra,DLG2,0.9897040412701533,288.3764593192643,2.934893111378636e-5,0.012799997622365075,0.8131366266934129,1.9514329702830018,0.7971669402450243,0.003992015968063872,3
hvc_run1,Glut-DACH2-HVCra,DZIP1,0.9897023082846715,288.32742394437724,2.97204365709229e-5,0.012799997622365075,0.8131366266934129,1.9514329702830018,0.7971669402450243,0.003992015968063872,3
hvc_run1,Glut-DACH2-HVCra-Pre,LOC110473941,0.9943901336613373,531.7720995283419,2.2511975367886913e-5,0.101333310747061,0.7887303469940312,1.1162997117238875,0.7922448664112816,0.007984031936127744,3
hvc_run1,Glut-DACH2-HVCra-Pre,SURF4,0.9931380164908412,434.1913741844178,3.432519016489688e-5,0.101333310747061,0.7887303469940312,1.1162997117238875,0.7922448664112816,0.007984031936127744,3
hvc_run1,Glut-DACH2-HVCra-Pre,LOC110474264,0.9907006766365805,319.60411674692807,4.9481767640305884e-5,0.101333310747061,0.7887303469940312,1.1162997117238875,0.7922448664112816,0.007984031936127744,3
hvc_run1,Glut-DACH2-HVCra-Pre,GINS4,0.9907006766365805,319.60411674692807,4.9481767640305884e-5,0.101333310747061,0.7887303469940312,1.1162997117238875,0.7922448664112816,0.007984031936127744,3
hvc_run1,Glut-DACH2-HVCra-Pre,FRMD8,0.988679319288003,262.00173234465944,6.597569018707452e-5,0.101333310747061,0.7887303469940312,1.1162997117238875,0.7922448664112816,0.007984031936127744,3
hvc_run1,Glut-DACH2-HVCra-Pre,CNTNAP5,0.9884612323071571,256.9931015043136,6.775881694888733e-5,0.101333310747061,0.7887303469940312,1.1162997117238875,0.7922448664112816,0.007984031936127744,3
hvc_run1,Glut-DACH2-HVCra-Pre,LOC110469974,0.9856137139919784,205.53193091860183,8.447563034088257e-5,0.1082856901498199,0.7887303469940312,1.1162997117238875,0.7922448664112816,0.007984031936127744,3
hvc_run1,Glut-DACH2-HVCra-Pre,EPHA6,0.9818625237624535,162.40338692710128,1.1880082050577945e-4,0.13324997029979488,0.7887303469940312,1.1162997117238875,0.7922448664112816,0.007984031936127744,3
hvc_run1,Glut-DACH2-HVCra-Pre,LMOD1,0.9757620131492356,120.77265564468188,2.0327645084666202e-4,0.1829999592109753,0.7887303469940312,1.1162997117238875,0.7922448664112816,0.007984031936127744,3
hvc_run1,Glut-DACH2-HVCra-Pre,LOC110482409,0.9756740059545695,120.3248678100183,2.0394512338234183e-4,0.1829999592109753,0.7887303469940312,1.1162997117238875,0.7922448664112816,0.007984031936127744,3
hvc_run1,Glut-DACH2-HVCra-Pre,ASCC2,0.9724680538222196,105.96432749898125,2.5521001778446055e-4,0.20208328829080838,0.7887303469940312,1.1162997117238875,0.7922448664112816,0.007984031936127744,3
hvc_run1,Glut-DACH2-HVCra-Pre,LOC110468610,0.9693571916247415,94.9022537119101,3.2386039811425427e-4,0.20208328829080838,0.7887303469940312,1.1162997117238875,0.7922448664112816,0.007984031936127744,3
hvc_run1,Glut-DACH2-HVCra-Pre,LSM14A,0.9684314231263823,92.03120815392687,3.5060729954144667e-4,0.20208328829080838,0.7887303469940312,1.1162997117238875,0.7922448664112816,0.007984031936127744,3
hvc_run1,Glut-DACH2-HVCra-Pre,MTHFD2,0.9636985134115998,79.64124370484126,4.542515425718171e-4,0.20208328829080838,0.7887303469940312,1.1162997117238875,0.7922448664112816,0.007984031936127744,3
hvc_run1,Glut-DACH2-HVCra-Pre,RALYL,0.9619376616810295,75.81806879176382,5.041790919025762e-4,0.20208328829080838,0.7887303469940312,1.1162997117238875,0.7922448664112816,0.007984031936127744,3
hvc_run1,Glut-DACH2-HVCra-Pre,SEMA3D,0.96040411153685,72.76544223251766,5.456367891147244e-4,0.20208328829080838,0.7887303469940312,1.1162997117238875,0.7922448664112816,0.007984031936127744,3
hvc_run1,Glut-DACH2-HVCra-Pre,TAF4B,0.96040411153685,72.76544223251766,5.456367891147244e-4,0.20208328829080838,0.7887303469940312,1.1162997117238875,0.7922448664112816,0.007984031936127744,3
hvc_run1,Glut-DACH2-HVCra-Pre,LOC116183733,0.9596985323732128,71.43897646064846,5.645825109589856e-4,0.20208328829080838,0.7887303469940312,1.1162997117238875,0.7922448664112816,0.007984031936127744,3
hvc_run1,Glut-DACH2-HVCra-Pre,FIBCD1,0.9571955840893821,67.08622676371651,6.198594405751832e-4,0.20208328829080838,0.7887303469940312,1.1162997117238875,0.7922448664112816,0.007984031936127744,3
hvc_run1,Glut-DACH2-HVCra-Pre,HTR1E,0.9564231766192778,65.84393508424387,6.403653983360307e-4,0.20208328829080838,0.7887303469940312,1.1162997117238875,0.7922448664112816,0.007984031936127744,3
hvc_run1,Glut-DACH2-HVCra-Pre,LOC116184313,0.9553448175246573,64.18145204437369,6.642147187752772e-4,0.20208328829080838,0.7887303469940312,1.1162997117238875,0.7922448664112816,0.007984031936127744,3
hvc_run1,Glut-DACH2-HVCra-Pre,KCNJ6,0.9543063459107913,62.654631037890596,6.960881096426814e-4,0.20208328829080838,0.7887303469940312,1.1162997117238875,0.7922448664112816,0.007984031936127744,3
hvc_run1,Glut-DACH2-HVCra-Pre,TMEM192,0.953150928154361,61.03542016551725,7.268470462839527e-4,0.20208328829080838,0.7887303469940312,1.1162997117238875,0.7922448664112816,0.007984031936127744,3
hvc_run1,Glut-DACH2-HVCra-Pre,C6H10orf95,0.9527986839346728,60.5575498752612,7.348711167121104e-4,0.20208328829080838,0.7887303469940312,1.1162997117238875,0.7922448664112816,0.007984031936127744,3
hvc_run1,Glut-DACH2-HVCra-Pre,TERF2,0.9521267546724929,59.665482138856525,7.54708401937278e-4,0.20208328829080838,0.7887303469940312,1.1162997117238875,0.7922448664112816,0.007984031936127744,3
hvc_run1,Glut-DACH2-HVCx,DHX58,0.9982135212495432,1676.2810993317473,2.4959196513545836e-6,0.025999995008160696,0.790443603404352,1.194960484115355,0.7991105492752306,0.005988023952095809,3
hvc_run1,Glut-DACH2-HVCx,HSD3B7,0.9951392195199713,614.1848353008261,1.0175672424753303e-5,0.052999989824327576,0.790443603404352,1.194960484115355,0.7991105492752306,0.005988023952095809,3
hvc_run1,Glut-DACH2-HVCx,TLR7,0.9842794321025466,187.83280067038808,7.065372551526821e-5,0.1481333048926489,0.790443603404352,1.194960484115355,0.7991105492752306,0.005988023952095809,3
hvc_run1,Glut-DACH2-HVCx,RRP7A,0.9806350002912202,151.9186700291998,9.734086640282877e-5,0.1481333048926489,0.790443603404352,1.194960484115355,0.7991105492752306,0.005988023952095809,3
hvc_run1,Glut-DACH2-HVCx,PTPN5,0.9799804327602609,146.8533891404488,1.0521261299556244e-4,0.1481333048926489,0.790443603404352,1.194960484115355,0.7991105492752306,0.005988023952095809,3
hvc_run1,Glut-DACH2-HVCx,CPT1B,0.9782109969804026,134.6841334732822,1.234520258323844e-4,0.1481333048926489,0.790443603404352,1.194960484115355,0.7991105492752306,0.005988023952095809,3
hvc_run1,Glut-DACH2-HVCx,LOC110476170,0.9770100029837131,127.49153498692104,1.3689159318583217e-4,0.1481333048926489,0.790443603404352,1.194960484115355,0.7991105492752306,0.005988023952095809,3
hvc_run1,Glut-DACH2-HVCx,PDE10A,0.976486797631923,124.58789521894224,1.4284340158521617e-4,0.1481333048926489,0.790443603404352,1.194960484115355,0.7991105492752306,0.005988023952095809,3
hvc_run1,Glut-DACH2-HVCx,LOC110482415,0.9759128242845905,121.54760306667178,1.4917919762327011e-4,0.1481333048926489,0.790443603404352,1.194960484115355,0.7991105492752306,0.005988023952095809,3
hvc_run1,Glut-DACH2-HVCx,LOC110484513,0.9757099420660352,120.50732172627362,1.534030616486394e-4,0.1481333048926489,0.790443603404352,1.194960484115355,0.7991105492752306,0.005988023952095809,3
hvc_run1,Glut-DACH2-HVCx,STON2,0.9747354642682777,115.74352380175273,1.654986722667424e-4,0.1481333048926489,0.790443603404352,1.194960484115355,0.7991105492752306,0.005988023952095809,3
hvc_run1,Glut-DACH2-HVCx,KNTC1,0.9736428519061006,110.82111559688693,1.8143415927154472e-4,0.1481333048926489,0.790443603404352,1.194960484115355,0.7991105492752306,0.005988023952095809,3
hvc_run1,Glut-DACH2-HVCx,LOC110484356,0.9732416633940507,109.11459232981584,1.8508204183890912e-4,0.1481333048926489,0.790443603404352,1.194960484115355,0.7991105492752306,0.005988023952095809,3
hvc_run1,Glut-DACH2-HVCx,TOPAZ1,0.9715286204205258,102.36897208039645,0.00020562538050775068,0.1481333048926489,0.790443603404352,1.194960484115355,0.7991105492752306,0.005988023952095809,3
hvc_run1,Glut-DACH2-HVCx,LOC110482409,0.9710263871983933,100.54248952459379,2.1330513328114941e-4,0.1481333048926489,0.790443603404352,1.194960484115355,0.7991105492752306,0.005988023952095809,3
hvc_run1,Glut-DACH2-HVCx,STX5,0.9692034080698704,94.41337635041877,2.4287218145873447e-4,0.15557198659203972,0.790443603404352,1.194960484115355,0.7991105492752306,0.005988023952095809,3
hvc_run1,Glut-DACH2-HVCx,WDR60,0.9666309968768232,86.90379451630416,2.75703124565014e-4,0.15557198659203972,0.790443603404352,1.194960484115355,0.7991105492752306,0.005988023952095809,3
hvc_run1,Glut-DACH2-HVCx,UTRN,0.9650645163512129,82.8725767234128,2.99702351981885e-4,0.15557198659203972,0.790443603404352,1.194960484115355,0.7991105492752306,0.005988023952095809,3
hvc_run1,Glut-DACH2-HVCx,TIMP4,0.9641639604029849,80.7146078008543,3.1256593787732783e-4,0.15557198659203972,0.790443603404352,1.194960484115355,0.7991105492752306,0.005988023952095809,3
hvc_run1,Glut-DACH2-HVCx,SNTG1,0.9640102900068932,80.35715960408143,3.1736578336070205e-4,0.15557198659203972,0.790443603404352,1.194960484115355,0.7991105492752306,0.005988023952095809,3
hvc_run1,Glut-DACH2-HVCx,OSGEPL1,0.9637781868250335,79.823021186398,3.2120565974740143e-4,0.15557198659203972,0.790443603404352,1.194960484115355,0.7991105492752306,0.005988023952095809,3
hvc_run1,Glut-DACH2-HVCx,LOC110469084,0.9606768456621041,73.29092961926727,3.705480713164882e-4,0.15557198659203972,0.790443603404352,1.194960484115355,0.7991105492752306,0.005988023952095809,3
hvc_run1,Glut-DACH2-HVCx,TRDN,0.9603821302960401,72.72340518097432,3.755399106191973e-4,0.15557198659203972,0.790443603404352,1.194960484115355,0.7991105492752306,0.005988023952095809,3
hvc_run1,Glut-DACH2-HVCx,GRID1,0.9598815118792703,71.7784909284721,3.8225969429592124e-4,0.15557198659203972,0.790443603404352,1.194960484115355,0.7991105492752306,0.005988023952095809,3
hvc_run1,Glut-DACH2-HVCx,SYN2,0.9587909788909743,69.79959385744615,4.033790144227677e-4,0.15557198659203972,0.790443603404352,1.194960484115355,0.7991105492752306,0.005988023952095809,3
hvc_run1,Glut-NB,CTSO,0.9943923614933111,531.9845565867977,1.3733358602713163e-5,0.1299999725332828,0.7933707190157112,0.967859335397275,0.7873658699688283,0.005988023952095809,3
hvc_run1,Glut-NB,SFT2D2,0.9897160700257283,288.7172722398322,4.394674752868212e-5,0.20149995742658833,0.7933707190157112,0.967859335397275,0.7873658699688283,0.005988023952095809,3
hvc_run1,Glut-NB,CDH19,0.9853193404171914,201.35049141205167,1.1050071614183052e-4,0.20149995742658833,0.7933707190157112,0.967859335397275,0.7873658699688283,0.005988023952095809,3
hvc_run1,Glut-NB,TBC1D2,0.9835665049630673,179.55398460630485,1.366997387070064e-4,0.20149995742658833,0.7933707190157112,0.967859335397275,0.7873658699688283,0.005988023952095809,3
hvc_run1,Glut-NB,FPGS,0.9826751808629136,170.1619808704415,1.5191207439001176e-4,0.20149995742658833,0.7933707190157112,0.967859335397275,0.7873658699688283,0.005988023952095809,3
hvc_run1,Glut-NB,KAT7,0.9812741722905752,157.20653647742756,1.7980135647552157e-4,0.20149995742658833,0.7933707190157112,0.967859335397275,0.7873658699688283,0.005988023952095809,3
hvc_run1,Glut-NB,SOWAHC,0.9807459673765048,152.8115153673926,1.8740752431702424e-4,0.20149995742658833,0.7933707190157112,0.967859335397275,0.7873658699688283,0.005988023952095809,3
hvc_run1,Glut-NB,HBP1,0.9801724702886717,148.30477894510312,1.9691523411890258e-4,0.20149995742658833,0.7933707190157112,0.967859335397275,0.7873658699688283,0.005988023952095809,3
hvc_run1,Glut-NB,LOC110475291,0.9796473017065433,144.40060294435176,2.125501346819914e-4,0.20149995742658833,0.7933707190157112,0.967859335397275,0.7873658699688283,0.005988023952095809,3
hvc_run1,Glut-NB,FAIM,0.9759020573734368,121.49195545403528,2.687512637330945e-4,0.20149995742658833,0.7933707190157112,0.967859335397275,0.7873658699688283,0.005988023952095809,3
hvc_run1,Glut-NB,SUGCT,0.9741778319868594,113.17924561846743,3.074159502607331e-4,0.20149995742658833,0.7933707190157112,0.967859335397275,0.7873658699688283,0.005988023952095809,3
hvc_run1,Glut-NB,LOC116184777,0.9738811867424725,111.85973617638936,3.1544468298231926e-4,0.20149995742658833,0.7933707190157112,0.967859335397275,0.7873658699688283,0.005988023952095809,3
hvc_run1,Glut-NB,LOC116183297,0.9733972905808342,109.77046832826257,3.2769906450474023e-4,0.20149995742658833,0.7933707190157112,0.967859335397275,0.7873658699688283,0.005988023952095809,3
hvc_run1,Glut-NB,SHISAL2A,0.9728730755342184,107.59123210905285,3.342488201460342e-4,0.20149995742658833,0.7933707190157112,0.967859335397275,0.7873658699688283,0.005988023952095809,3
hvc_run1,Glut-NB,CKAP2,0.9728730755342184,107.59123210905285,3.342488201460342e-4,0.20149995742658833,0.7933707190157112,0.967859335397275,0.7873658699688283,0.005988023952095809,3
hvc_run1,Glut-NB,LOC116184621,0.9724325728571782,105.82408374410642,3.405872933472864e-4,0.20149995742658833,0.7933707190157112,0.967859335397275,0.7873658699688283,0.005988023952095809,3
hvc_run1,Glut-NB,LOC110483044,0.9695136991130621,95.40485440086209,3.925627735975547e-4,0.20899995584197004,0.7933707190157112,0.967859335397275,0.7873658699688283,0.005988023952095809,3
hvc_run1,Glut-NB,SART3,0.9692328617419521,94.50663109576912,3.9742226971851475e-4,0.20899995584197004,0.7933707190157112,0.967859335397275,0.7873658699688283,0.005988023952095809,3
hvc_run1,Glut-NB,ALG14,0.9667639232298161,87.26336112845,4.4960903240882477e-4,0.22399995267273343,0.7933707190157112,0.967859335397275,0.7873658699688283,0.005988023952095809,3
hvc_run1,Glut-NB,LIMCH1,0.9633059051554889,78.75702419455526,5.368686801460637e-4,0.254099946313132,0.7933707190157112,0.967859335397275,0.7873658699688283,0.005988023952095809,3
hvc_run1,Glut-NB,AFAP1L1,0.9621818565539908,76.32700356597175,5.65180527111657e-4,0.2547618509351879,0.7933707190157112,0.967859335397275,0.7873658699688283,0.005988023952095809,3
hvc_run1,Glut-NB,VPS45,0.9590901598614151,70.33199029468928,6.42721182606976e-4,0.2680832766920325,0.7933707190157112,0.967859335397275,0.7873658699688283,0.005988023952095809,3
hvc_run1,Glut-NB,AFG3L2,0.9584076971955144,69.12873050338696,6.587786480501483e-4,0.2680832766920325,0.7933707190157112,0.967859335397275,0.7873658699688283,0.005988023952095809,3
hvc_run1,Glut-NB,SNAPC3,0.9574529822136791,67.51022976666805,6.796956096142806e-4,0.2680832766920325,0.7933707190157112,0.967859335397275,0.7873658699688283,0.005988023952095809,3
hvc_run1,Glut-NB,CFI,0.9544734640873037,62.89563514678414,7.542783109490152e-4,0.2855999396577351,0.7933707190157112,0.967859335397275,0.7873658699688283,0.005988023952095809,3
hvc_run1,Glut-NSC,ZWILCH,0.9934934202533201,458.0717330454374,1.7019613610597996e-4,0.43571417249766303,0.7980668647109751,0.9259915664551344,0.7929748954419266,0.00998003992015968,3
hvc_run1,Glut-NSC,NDUFA9,0.9933837195287172,450.4269689776853,1.7227486753933544e-4,0.43571417249766303,0.7980668647109751,0.9259915664551344,0.7929748954419266,0.00998003992015968,3
hvc_run1,Glut-NSC,SLC29A4,0.9932462251555491,441.1960339357271,1.764323304060464e-4,0.43571417249766303,0.7980668647109751,0.9259915664551344,0.7929748954419266,0.00998003992015968,3
hvc_run1,Glut-NSC,BUB1B,0.9919116508535357,367.9038699586113,2.4113284626923573e-4,0.43571417249766303,0.7980668647109751,0.9259915664551344,0.7929748954419266,0.00998003992015968,3
hvc_run1,Glut-NSC,STN1,0.9896212800522549,286.052986794561,3.66116573699734e-4,0.43571417249766303,0.7980668647109751,0.9259915664551344,0.7929748954419266,0.00998003992015968,3
hvc_run1,Glut-NSC,NTPCR,0.9896212800522549,286.052986794561,3.66116573699734e-4,0.43571417249766303,0.7980668647109751,0.9259915664551344,0.7929748954419266,0.00998003992015968,3
hvc_run1,Glut-NSC,AKAP5,0.9891530088107918,273.5743926283194,0.00039625817948338846,0.43571417249766303,0.7980668647109751,0.9259915664551344,0.7929748954419266,0.00998003992015968,3
hvc_run1,Glut-NSC,FKBP14,0.9884157905971999,255.97321911971258,4.648563167841193e-4,0.4472498837859208,0.7980668647109751,0.9259915664551344,0.7929748954419266,0.00998003992015968,3
hvc_run1,Glut-NSC,SUSD1,0.985899713050896,209.76162753486528,6.852018487198003e-4,0.5357271335231325,0.7980668647109751,0.9259915664551344,0.7929748954419266,0.00998003992015968,3
hvc_run1,Glut-NSC,TRIAP1,0.9838042815309633,182.23414109324494,8.395476576464446e-4,0.5357271335231325,0.7980668647109751,0.9259915664551344,0.7929748954419266,0.00998003992015968,3
hvc_run1,Glut-NSC,IFT22,0.9837814955619334,181.9738988854398,8.405870233631224e-4,0.5357271335231325,0.7980668647109751,0.9259915664551344,0.7929748954419266,0.00998003992015968,3
hvc_run1,Glut-NSC,CLSPN,0.9837755033347052,181.90558208916156,8.426657547964779e-4,0.5357271335231325,0.7980668647109751,0.9259915664551344,0.7929748954419266,0.00998003992015968,3
hvc_run1,Glut-NSC,GNAT2,0.9824149907700044,167.59985358908733,9.492007407559463e-4,0.5357271335231325,0.7980668647109751,0.9259915664551344,0.7929748954419266,0.00998003992015968,3
hvc_run1,Glut-NSC,ASAP3,0.9812436448471806,156.9457877373929,0.0010372869852443847,0.5357271335231325,0.7980668647109751,0.9259915664551344,0.7929748954419266,0.00998003992015968,3
hvc_run1,Glut-NSC,LOC110483670,0.9808712891008587,153.8323143058573,0.0010700270053197337,0.5357271335231325,0.7980668647109751,0.9259915664551344,0.7929748954419266,0.00998003992015968,3
hvc_run1,Glut-NSC,KIF6,0.9784075556582573,135.9374890827147,0.0012737426857885707,0.5357271335231325,0.7980668647109751,0.9259915664551344,0.7929748954419266,0.00998003992015968,3
hvc_run1,Glut-NSC,LOC116183187,0.9772372924736974,128.79451506519865,0.0013709233802979394,0.5357271335231325,0.7980668647109751,0.9259915664551344,0.7929748954419266,0.00998003992015968,3
hvc_run1,Glut-NSC,GIT2,0.9767987774965372,126.30353129246785,0.0014039232418024577,0.5357271335231325,0.7980668647109751,0.9259915664551344,0.7929748954419266,0.00998003992015968,3
hvc_run1,Glut-NSC,METTL3,0.976151582500346,122.7945102664997,0.001456671051923853,0.5357271335231325,0.7980668647109751,0.9259915664551344,0.7929748954419266,0.00998003992015968,3
hvc_run1,Glut-NSC,LIN7B,0.975388529816898,118.89438410955987,0.001516434580632823,0.5357271335231325,0.7980668647109751,0.9259915664551344,0.7929748954419266,0.00998003992015968,3
hvc_run1,Glut-NSC,KLF9,0.9752460959471194,118.1930042869702,0.0015296864935204642,0.5357271335231325,0.7980668647109751,0.9259915664551344,0.7929748954419266,0.00998003992015968,3
hvc_run1,Glut-NSC,LOC110468322,0.9752244461756546,118.08710147387615,0.0015312455420954808,0.5357271335231325,0.7980668647109751,0.9259915664551344,0.7929748954419266,0.00998003992015968,3
hvc_run1,Glut-NSC,LOC116184478,0.9732114417819571,108.98810983337702,0.001699882629626444,0.5358762652514912,0.7980668647109751,0.9259915664551344,0.7929748954419266,0.00998003992015968,3
hvc_run1,Glut-NSC,SNRNP25,0.9724218612296273,105.78181537119936,0.001755228854039534,0.5358762652514912,0.7980668647109751,0.9259915664551344,0.7929748954419266,0.00998003992015968,3
hvc_run1,Glut-NSC,BUB1,0.9693320019319183,94.82183999555885,0.001997920748883786,0.5358762652514912,0.7980668647109751,0.9259915664551344,0.7929748954419266,0.00998003992015968,3
lman_run1,Astro-3,FBXO42,0.9998740078544098,23808.008106487585,5.607737107041327e-7,0.003999998878452578,0.8050054029275504,1.1450395997320937,0.8190949357907416,0.007984031936127744,3
lman_run1,Astro-3,MFSD6,0.9998708795419201,23231.11831565033,1.682321132112398e-6,0.003999998878452578,0.8050054029275504,1.1450395997320937,0.8190949357907416,0.007984031936127744,3
lman_run1,Astro-3,LOC110474861,0.9998708795419201,23231.11831565033,1.682321132112398e-6,0.003999998878452578,0.8050054029275504,1.1450395997320937,0.8190949357907416,0.007984031936127744,3
lman_run1,Astro-3,TPM3,0.9998338572877535,18053.765532697103,3.0842554088727297e-6,0.0054999984578722955,0.8050054029275504,1.1450395997320937,0.8190949357907416,0.007984031936127744,3
lman_run1,Astro-3,LSM14A,0.9970347318554594,1008.7128886044488,1.8505532453236378e-5,0.026399992597787015,0.8050054029275504,1.1450395997320937,0.8190949357907416,0.007984031936127744,3
lman_run1,Astro-3,ENOPH1,0.9963275808595307,813.9002189702511,3.1122940944079365e-5,0.03699998962568635,0.8050054029275504,1.1450395997320937,0.8190949357907416,0.007984031936127744,3
lman_run1,Astro-3,MRPL23,0.9958760701075535,724.4614453303109,4.2618802013514083e-5,0.03824998927520278,0.8050054029275504,1.1450395997320937,0.8190949357907416,0.007984031936127744,3
lman_run1,Astro-3,SLC20A1,0.9958602834575092,721.6872990475107,4.2899188868866155e-5,0.03824998927520278,0.8050054029275504,1.1450395997320937,0.8190949357907416,0.007984031936127744,3
lman_run1,Astro-3,EXOC6,0.9935957440628215,465.43849300028677,9.112572798942156e-5,0.06271426813002436,0.8050054029275504,1.1450395997320937,0.8190949357907416,0.007984031936127744,3
lman_run1,Astro-3,ARV1,0.9933915075652251,450.96132773240805,9.224727541082983e-5,0.06271426813002436,0.8050054029275504,1.1450395997320937,0.8190949357907416,0.007984031936127744,3
lman_run1,Astro-3,NIF3L1,0.9926557599053178,405.4833776298063,1.0822932616589762e-4,0.06271426813002436,0.8050054029275504,1.1450395997320937,0.8190949357907416,0.007984031936127744,3
lman_run1,Astro-3,SNX6,0.9923740147921644,390.3917937471898,1.132762895622348e-4,0.06271426813002436,0.8050054029275504,1.1450395997320937,0.8190949357907416,0.007984031936127744,3
lman_run1,Astro-3,ZC3H15,0.9918843137549029,366.6545072590002,1.2112712151209266e-4,0.06271426813002436,0.8050054029275504,1.1450395997320937,0.8190949357907416,0.007984031936127744,3
lman_run1,Astro-3,COL8A2,0.9918464608638565,364.9383823279184,1.2308982949955712e-4,0.06271426813002436,0.8050054029275504,1.1450395997320937,0.8190949357907416,0.007984031936127744,3
lman_run1,Astro-3,GABARAPL2,0.9911404829551188,335.61890945097946,1.3290336943687944e-4,0.0630908914010475,0.8050054029275504,1.1450395997320937,0.8190949357907416,0.007984031936127744,3
lman_run1,Astro-3,CIR1,0.9907008874007521,319.61142856175553,1.4215613566349763e-4,0.0630908914010475,0.8050054029275504,1.1450395997320937,0.8190949357907416,0.007984031936127744,3
lman_run1,Astro-3,RNPC3,0.9902682586839044,305.2695997106131,1.5449315729898857e-4,0.0630908914010475,0.8050054029275504,1.1450395997320937,0.8190949357907416,0.007984031936127744,3
lman_run1,Astro-3,CLRN1,0.989700073361593,288.2642104472319,1.6514785780236707e-4,0.0630908914010475,0.8050054029275504,1.1450395997320937,0.8190949357907416,0.007984031936127744,3
lman_run1,Astro-3,RPLP2,0.988785793548294,264.51781438298946,1.8197106912349107e-4,0.0630908914010475,0.8050054029275504,1.1450395997320937,0.8190949357907416,0.007984031936127744,3
lman_run1,Astro-3,ALDH6A1,0.9886092285116003,260.3710985296432,1.8785919308588446e-4,0.0630908914010475,0.8050054029275504,1.1450395997320937,0.8190949357907416,0.007984031936127744,3
lman_run1,Astro-3,LRRTM3,0.9885956063941491,260.056511699218,1.8954151421799684e-4,0.0630908914010475,0.8050054029275504,1.1450395997320937,0.8190949357907416,0.007984031936127744,3
lman_run1,Astro-3,PCDH18,0.9882449572393575,252.2096203379541,1.9458847761433406e-4,0.0630908914010475,0.8050054029275504,1.1450395997320937,0.8190949357907416,0.007984031936127744,3
lman_run1,Astro-3,AHI1,0.9875682267505245,238.31714275970936,2.100097546586977e-4,0.0651304165208909,0.8050054029275504,1.1450395997320937,0.8190949357907416,0.007984031936127744,3
lman_run1,Astro-3,DNAJC24,0.9849034210509967,195.72051874362333,2.854338187484035e-4,0.08396114150693665,0.8050054029275504,1.1450395997320937,0.8190949357907416,0.007984031936127744,3
lman_run1,Astro-3,FURIN,0.9844370690990063,189.76574695891287,2.969296798178383e-4,0.08396114150693665,0.8050054029275504,1.1450395997320937,0.8190949357907416,0.007984031936127744,3
lman_run1,Glut-DACH2-LMANco,LOC110473311,0.998344890886597,1809.5693198750446,4.836975127736452e-6,0.04227271969968541,0.786026895962572,1.243290445217814,0.7830368544155768,0.003992015968063872,3
lman_run1,Glut-DACH2-LMANco,LOC110468874,0.9975970263337564,1245.4531321101601,1.1644569751958124e-5,0.04227271969968541,0.786026895962572,1.243290445217814,0.7830368544155768,0.003992015968063872,3
lman_run1,Glut-DACH2-LMANco,SLC3A2,0.9975970263337564,1245.4531321101601,1.1644569751958124e-5,0.04227271969968541,0.786026895962572,1.243290445217814,0.7830368544155768,0.003992015968063872,3
lman_run1,Glut-DACH2-LMANco,PLXNA4,0.9894986909390971,282.67866944981523,2.2930845050009846e-5,0.04227271969968541,0.786026895962572,1.243290445217814,0.7830368544155768,0.003992015968063872,3
lman_run1,Glut-DACH2-LMANco,GRK5,0.9873055118070276,233.32303676967462,2.8305261858605902e-5,0.04227271969968541,0.786026895962572,1.243290445217814,0.7830368544155768,0.003992015968063872,3
lman_run1,Glut-DACH2-LMANco,LOC110474988,0.9865713069081128,220.40223128730398,2.9021850766418708e-5,0.04227271969968541,0.786026895962572,1.243290445217814,0.7830368544155768,0.003992015968063872,3
lman_run1,Glut-DACH2-LMANco,ASTN2,0.9833640295805972,177.3321311813017,3.941238992970442e-5,0.04227271969968541,0.786026895962572,1.243290445217814,0.7830368544155768,0.003992015968063872,3
lman_run1,Glut-DACH2-LMANco,KLHL32,0.9792090887587007,141.29381979375464,5.553564035549259e-5,0.04227271969968541,0.786026895962572,1.243290445217814,0.7830368544155768,0.003992015968063872,3
lman_run1,Glut-DACH2-LMANco,MYO5A,0.9791944043795084,141.19197867352995,5.62522292633054e-5,0.04227271969968541,0.786026895962572,1.243290445217814,0.7830368544155768,0.003992015968063872,3
lman_run1,Glut-DACH2-LMANco,FAM135B,0.9782636894222785,135.01790277485358,6.019346825627584e-5,0.04227271969968541,0.786026895962572,1.243290445217814,0.7830368544155768,0.003992015968063872,3
lman_run1,Glut-DACH2-LMANco,ZEB2,0.9778914510516447,132.69411574716565,6.288067666057387e-5,0.04227271969968541,0.786026895962572,1.243290445217814,0.7830368544155768,0.003992015968063872,3
lman_run1,Glut-DACH2-LMANco,KCNT1,0.9776936307414644,131.4907351451669,6.377641279533988e-5,0.04227271969968541,0.786026895962572,1.243290445217814,0.7830368544155768,0.003992015968063872,3
lman_run1,Glut-DACH2-LMANco,ST18,0.9772130726464435,128.65443297609738,6.807594624221673e-5,0.04227271969968541,0.786026895962572,1.243290445217814,0.7830368544155768,0.003992015968063872,3
lman_run1,Glut-DACH2-LMANco,SRA1,0.9764699560995399,124.49657470640535,6.915082960393594e-5,0.04227271969968541,0.786026895962572,1.243290445217814,0.7830368544155768,0.003992015968063872,3
lman_run1,Glut-DACH2-LMANco,CD40LG,0.9759692586126002,121.84009343020172,7.058400741956155e-5,0.04227271969968541,0.786026895962572,1.243290445217814,0.7830368544155768,0.003992015968063872,3
lman_run1,Glut-DACH2-LMANco,RBFOX1,0.9753259645567548,118.58529993606261,7.470439363948519e-5,0.04227271969968541,0.786026895962572,1.243290445217814,0.7830368544155768,0.003992015968063872,3
lman_run1,Glut-DACH2-LMANco,CEMIP,0.9748253450409649,116.16747239958877,7.739160204378323e-5,0.04227271969968541,0.786026895962572,1.243290445217814,0.7830368544155768,0.003992015968063872,3
lman_run1,Glut-DACH2-LMANco,SNAP25,0.974792034122821,116.00999924456147,7.757074927073643e-5,0.04227271969968541,0.786026895962572,1.243290445217814,0.7830368544155768,0.003992015968063872,3
lman_run1,Glut-DACH2-LMANco,SPRY4,0.9741382647877842,113.00149701412708,8.115369380980046e-5,0.04227271969968541,0.786026895962572,1.243290445217814,0.7830368544155768,0.003992015968063872,3
lman_run1,Glut-DACH2-LMANco,DMD,0.974125346352822,112.94358096179565,8.115369380980046e-5,0.04227271969968541,0.786026895962572,1.243290445217814,0.7830368544155768,0.003992015968063872,3
lman_run1,Glut-DACH2-LMANco,LOC110471663,0.9738090870245059,111.54354427457308,8.240772439847287e-5,0.04227271969968541,0.786026895962572,1.243290445217814,0.7830368544155768,0.003992015968063872,3
lman_run1,Glut-DACH2-LMANco,LOC110476993,0.9735712389713198,110.51269916680609,8.330346053323889e-5,0.04227271969968541,0.786026895962572,1.243290445217814,0.7830368544155768,0.003992015968063872,3
lman_run1,Glut-DACH2-LMANco,LOC110473741,0.9723231704288026,105.39391817919832,8.742384675316253e-5,0.04243477500662202,0.786026895962572,1.243290445217814,0.7830368544155768,0.003992015968063872,3
lman_run1,Glut-DACH2-LMANco,ADARB2,0.9683716382064255,91.85157718821405,1.1483337247700242e-4,0.04630768401179764,0.786026895962572,1.243290445217814,0.7830368544155768,0.003992015968063872,3
lman_run1,Glut-DACH2-LMANco,ROBO2,0.9683345349629384,91.74043714465496,1.1501251970395563e-4,0.04630768401179764,0.786026895962572,1.243290445217814,0.7830368544155768,0.003992015968063872,3
lman_run1,Glut-DACH2-LMANsh,ERAL1,0.9998009650956096,15069.733142896013,4.359672074185924e-7,0.002666666085377057,0.7876984240126474,1.1207269504231094,0.7969795801925346,0.001996007984031936,3
lman_run1,Glut-DACH2-LMANsh,LOC110482366,0.9997437117236259,11702.568598153775,8.719344148371848e-7,0.002666666085377057,0.7876984240126474,1.1207269504231094,0.7969795801925346,0.001996007984031936,3
lman_run1,Glut-DACH2-LMANsh,LOC116183716,0.9997437117236259,11702.568598153775,8.719344148371848e-7,0.002666666085377057,0.7876984240126474,1.1207269504231094,0.7969795801925346,0.001996007984031936,3
lman_run1,Glut-DACH2-LMANsh,SETD7,0.9871209984653013,229.93731209809957,3.618527821574317e-5,0.05672726036165739,0.7876984240126474,1.1207269504231094,0.7969795801925346,0.001996007984031936,3
lman_run1,Glut-DACH2-LMANsh,GLIS1,0.9856622638416644,206.23805312569414,4.337873713814994e-5,0.05672726036165739,0.7876984240126474,1.1207269504231094,0.7969795801925346,0.001996007984031936,3
lman_run1,Glut-DACH2-LMANsh,DCLK1,0.9842515851807208,187.49536314774858,4.948227804201024e-5,0.05672726036165739,0.7876984240126474,1.1207269504231094,0.7969795801925346,0.001996007984031936,3
lman_run1,Glut-DACH2-LMANsh,FKBP5,0.9824646981798089,168.0834538670794,5.73296877755449e-5,0.05672726036165739,0.7876984240126474,1.1207269504231094,0.7969795801925346,0.001996007984031936,3
lman_run1,Glut-DACH2-LMANsh,PDE3A,0.9815292391575453,159.41886436559466,6.343322867940519e-5,0.05672726036165739,0.7876984240126474,1.1207269504231094,0.7969795801925346,0.001996007984031936,3
lman_run1,Glut-DACH2-LMANsh,LOC116183798,0.9812553873479816,157.04598524883139,6.452314669795167e-5,0.05672726036165739,0.7876984240126474,1.1207269504231094,0.7969795801925346,0.001996007984031936,3
lman_run1,Glut-DACH2-LMANsh,PCDH11X,0.981249030305804,156.9917257041161,6.452314669795167e-5,0.05672726036165739,0.7876984240126474,1.1207269504231094,0.7969795801925346,0.001996007984031936,3
lman_run1,Glut-DACH2-LMANsh,PPFIA2,0.9803863943327419,149.95504818922805,6.801088435730041e-5,0.05672726036165739,0.7876984240126474,1.1207269504231094,0.7969795801925346,0.001996007984031936,3
lman_run1,Glut-DACH2-LMANsh,SOX11,0.9734406027438821,109.95437057815629,9.460488400983455e-5,0.07233331756585266,0.7876984240126474,1.1207269504231094,0.7969795801925346,0.001996007984031936,3
lman_run1,Glut-DACH2-LMANsh,LOC110471222,0.9676485581060119,89.73157004348218,1.3013621141444982e-4,0.08341174652348529,0.7876984240126474,1.1207269504231094,0.7969795801925346,0.001996007984031936,3
lman_run1,Glut-DACH2-LMANsh,LOC110476416,0.9668592840064052,87.52308950053532,1.4081740799620535e-4,0.08341174652348529,0.7876984240126474,1.1207269504231094,0.7969795801925346,0.001996007984031936,3
lman_run1,Glut-DACH2-LMANsh,LOC110468846,0.9658493551007341,84.8460716876384,1.4779288331490283e-4,0.08341174652348529,0.7876984240126474,1.1207269504231094,0.7969795801925346,0.001996007984031936,3
lman_run1,Glut-DACH2-LMANsh,LOC110482501,0.9656448458674348,84.32314191995722,1.4866481772974e-4,0.08341174652348529,0.7876984240126474,1.1207269504231094,0.7969795801925346,0.001996007984031936,3
lman_run1,Glut-DACH2-LMANsh,VWA3B,0.9650735174162391,82.89470734149604,1.54550375029891e-4,0.08341174652348529,0.7876984240126474,1.1207269504231094,0.7969795801925346,0.001996007984031936,3
lman_run1,Glut-DACH2-LMANsh,HIVEP3,0.9621697741179528,76.30166764940422,1.7852857143791357e-4,0.08469998153678877,0.7876984240126474,1.1207269504231094,0.7969795801925346,0.001996007984031936,3
lman_run1,Glut-DACH2-LMANsh,HTR2C,0.9618809440264532,75.70079474375986,1.8049042387129725e-4,0.08469998153678877,0.7876984240126474,1.1207269504231094,0.7969795801925346,0.001996007984031936,3
lman_run1,Glut-DACH2-LMANsh,LOC110476094,0.9612914970233215,74.50235140344937,1.8463211234177388e-4,0.08469998153678877,0.7876984240126474,1.1207269504231094,0.7969795801925346,0.001996007984031936,3
lman_run1,Glut-DACH2-LMANsh,TDRD7,0.9598505323646287,71.72079149953714,2.0185281703480828e-4,0.0878260678118748,0.7876984240126474,1.1207269504231094,0.7969795801925346,0.001996007984031936,3
lman_run1,Glut-DACH2-LMANsh,LOC110479691,0.9580538158015385,68.520212322675,2.173296528981683e-4,0.0878260678118748,0.7876984240126474,1.1207269504231094,0.7969795801925346,0.001996007984031936,3
lman_run1,Glut-DACH2-LMANsh,SEC13,0.9577634014216869,68.02844691523963,2.2016343974638915e-4,0.0878260678118748,0.7876984240126474,1.1207269504231094,0.7969795801925346,0.001996007984031936,3
lman_run1,Glut-DACH2-LMANsh,LOC110471015,0.9555622558757011,64.51017764557422,2.413078493061909e-4,0.09127998010245665,0.7876984240126474,1.1207269504231094,0.7969795801925346,0.001996007984031936,3
lman_run1,Glut-DACH2-LMANsh,PAK1,0.9550698156508202,63.77025797813724,2.4871929183230697e-4,0.09127998010245665,0.7876984240126474,1.1207269504231094,0.7969795801925346,0.001996007984031936,3
nc_run1,Astro-2,RAB11FIP1,0.9987189689028716,2338.8635244100774,1.3006776530572429e-5,0.07199998007472531,0.7938816146623953,1.176713021213072,0.8050813422188874,0.001996007984031936,3
nc_run1,Astro-2,ORC2,0.9980773817178406,1557.3721382647557,1.992527468513223e-5,0.07199998007472531,0.7938816146623953,1.176713021213072,0.8050813422188874,0.001996007984031936,3
nc_run1,Astro-2,PDE3B,0.994124758602245,507.6173171278395,1.3421886419846016e-4,0.2628687055342567,0.7938816146623953,1.176713021213072,0.8050813422188874,0.001996007984031936,3
nc_run1,Astro-2,COPB1,0.9927200355628738,409.0899251513767,1.923342486967625e-4,0.2628687055342567,0.7938816146623953,1.176713021213072,0.8050813422188874,0.001996007984031936,3
nc_run1,Astro-2,NTPCR,0.9925168705975309,397.9017937081362,1.998062267036871e-4,0.2628687055342567,0.7938816146623953,1.176713021213072,0.8050813422188874,0.001996007984031936,3
nc_run1,Astro-2,LOC110474282,0.9897118511225733,288.5976465486763,2.963884609413419e-4,0.2628687055342567,0.7938816146623953,1.176713021213072,0.8050813422188874,0.001996007984031936,3
nc_run1,Astro-2,LOC110479824,0.9892670079448113,276.51199298146327,3.188043949621157e-4,0.2628687055342567,0.7938816146623953,1.176713021213072,0.8050813422188874,0.001996007984031936,3
nc_run1,Astro-2,LMBRD2,0.9868305963560456,224.80074793874206,4.2036794787105356e-4,0.2628687055342567,0.7938816146623953,1.176713021213072,0.8050813422188874,0.001996007984031936,3
nc_run1,Astro-2,CSMD3,0.9851370240895813,198.8438311466977,4.970249074235762e-4,0.2628687055342567,0.7938816146623953,1.176713021213072,0.8050813422188874,0.001996007984031936,3
nc_run1,Astro-2,LOC110481112,0.9848564924477807,195.10469864099363,5.108619037326958e-4,0.2628687055342567,0.7938816146623953,1.176713021213072,0.8050813422188874,0.001996007984031936,3
nc_run1,Astro-2,GNAT2,0.9836598541798449,180.5968927706623,5.562472516266081e-4,0.2628687055342567,0.7938816146623953,1.176713021213072,0.8050813422188874,0.001996007984031936,3
nc_run1,Astro-2,GPX8,0.9833033448842764,176.67670645450727,5.734051270499164e-4,0.2628687055342567,0.7938816146623953,1.176713021213072,0.8050813422188874,0.001996007984031936,3
nc_run1,Astro-2,ADAT1,0.9824324479847143,167.76938194858744,6.165765555343696e-4,0.2628687055342567,0.7938816146623953,1.176713021213072,0.8050813422188874,0.001996007984031936,3
nc_run1,Astro-2,GRK5,0.9799911851582528,146.93391781209786,7.372351633498926e-4,0.2628687055342567,0.7938816146623953,1.176713021213072,0.8050813422188874,0.001996007984031936,3
nc_run1,Astro-2,MAP7D1,0.9793459283190844,142.24981061104762,7.737648336059682e-4,0.2628687055342567,0.7938816146623953,1.176713021213072,0.8050813422188874,0.001996007984031936,3
nc_run1,Astro-2,LOC110471090,0.9793459283190844,142.24981061104762,7.737648336059682e-4,0.2628687055342567,0.7938816146623953,1.176713021213072,0.8050813422188874,0.001996007984031936,3
nc_run1,Astro-2,TMEM200C,0.9790781532477931,140.39078359244488,7.859413903579935e-4,0.2628687055342567,0.7938816146623953,1.176713021213072,0.8050813422188874,0.001996007984031936,3
nc_run1,Astro-2,LOC110482997,0.9789354664907176,139.41948432791108,7.900924892507294e-4,0.2628687055342567,0.7938816146623953,1.176713021213072,0.8050813422188874,0.001996007984031936,3
nc_run1,Astro-2,CACNA1H,0.9748083257948533,116.08696403302565,0.0010455234411170774,0.2628687055342567,0.7938816146623953,1.176713021213072,0.8050813422188874,0.001996007984031936,3
nc_run1,Astro-2,C2H7orf25,0.9726751572746628,106.79020191096023,0.0011545589720329398,0.2628687055342567,0.7938816146623953,1.176713021213072,0.8050813422188874,0.001996007984031936,3
nc_run1,Astro-2,SEC24A,0.9724782231973275,106.00459012910376,0.001163137909744594,0.2628687055342567,0.7938816146623953,1.176713021213072,0.8050813422188874,0.001996007984031936,3
nc_run1,Astro-2,CDC42EP4,0.9721150469557086,104.58490413216471,0.001183063184429726,0.2628687055342567,0.7938816146623953,1.176713021213072,0.8050813422188874,0.001996007984031936,3
nc_run1,Astro-2,LRRC45,0.9709606443601535,100.30807739699114,0.0012492040267873179,0.2628687055342567,0.7938816146623953,1.176713021213072,0.8050813422188874,0.001996007984031936,3
nc_run1,Astro-2,FKBP4,0.9707915931589813,99.7101552073346,0.0012608271036869784,0.2628687055342567,0.7938816146623953,1.176713021213072,0.8050813422188874,0.001996007984031936,3
nc_run1,Astro-2,LOC110483747,0.9705333942860151,98.81016534850481,0.0012832430377077522,0.2628687055342567,0.7938816146623953,1.176713021213072,0.8050813422188874,0.001996007984031936,3
nc_run1,GABA-1-1,YWHAH,0.9964679818439499,846.3727572892748,1.4903522314431853e-5,0.05333331913950255,0.7867388415008034,1.2689042606795282,0.7999472775309946,0.003992015968063872,3
nc_run1,GABA-1-1,TANC1,0.9952665077671128,630.7815406470244,2.1290746163474074e-5,0.05333331913950255,0.7867388415008034,1.2689042606795282,0.7999472775309946,0.003992015968063872,3
nc_run1,GABA-1-1,NPRL3,0.9952665077671128,630.7815406470244,2.1290746163474074e-5,0.05333331913950255,0.7867388415008034,1.2689042606795282,0.7999472775309946,0.003992015968063872,3
nc_run1,GABA-1-1,EIF2S1,0.9912161627634004,338.53638315381005,7.371920859102899e-5,0.1384999631403957,0.7867388415008034,1.2689042606795282,0.7999472775309946,0.003992015968063872,3
nc_run1,GABA-1-1,CBX8,0.9889700299354451,268.9862322782373,1.1976044716954168e-4,0.17999995209582115,0.7867388415008034,1.2689042606795282,0.7999472775309946,0.003992015968063872,3
nc_run1,GABA-1-1,LOC110477926,0.987108204423746,229.7061410689662,1.703259693077926e-4,0.2133332765580102,0.7867388415008034,1.2689042606795282,0.7999472775309946,0.003992015968063872,3
nc_run1,GABA-1-1,OCIAD2,0.984899985642257,195.67530777953627,2.3579501376047539e-4,0.22119485638667738,0.7867388415008034,1.2689042606795282,0.7999472775309946,0.003992015968063872,3
nc_run1,GABA-1-1,LOC110471594,0.9832590019547802,176.2007855144947,2.8343305830124863e-4,0.22119485638667738,0.7867388415008034,1.2689042606795282,0.7999472775309946,0.003992015968063872,3
nc_run1,GABA-1-1,LOC110484216,0.9832590019547802,176.2007855144947,2.8343305830124863e-4,0.22119485638667738,0.7867388415008034,1.2689042606795282,0.7999472775309946,0.003992015968063872,3
nc_run1,GABA-1-1,ACSBG2,0.9821274528571331,164.85520138898258,3.137723715841992e-4,0.22119485638667738,0.7867388415008034,1.2689042606795282,0.7999472775309946,0.003992015968063872,3
nc_run1,GABA-1-1,EIF4A2,0.980481273721314,150.69855374609884,3.816366249802728e-4,0.22119485638667738,0.7867388415008034,1.2689042606795282,0.7999472775309946,0.003992015968063872,3
nc_run1,GABA-1-1,LOC110470116,0.979810347687892,145.59096895892918,4.0718552037644166e-4,0.22119485638667738,0.7867388415008034,1.2689042606795282,0.7999472775309946,0.003992015968063872,3
nc_run1,GABA-1-1,LOC110476581,0.979299039139617,141.9208092432717,4.3113760981035e-4,0.22119485638667738,0.7867388415008034,1.2689042606795282,0.7999472775309946,0.003992015968063872,3
nc_run1,GABA-1-1,CCDC84,0.9781593500760525,134.3585497888777,4.675980126152994e-4,0.22119485638667738,0.7867388415008034,1.2689042606795282,0.7999472775309946,0.003992015968063872,3
nc_run1,GABA-1-1,NSUN3,0.9778477088463224,132.42617236240037,4.7850952002407985e-4,0.22119485638667738,0.7867388415008034,1.2689042606795282,0.7999472775309946,0.003992015968063872,3
nc_run1,GABA-1-1,RAB3A,0.9770155662131076,127.52311959543864,5.037922810932053e-4,0.22119485638667738,0.7867388415008034,1.2689042606795282,0.7999472775309946,0.003992015968063872,3
nc_run1,GABA-1-1,SCRN3,0.9758640131123211,121.29572546426282,5.44244698803806e-4,0.22119485638667738,0.7867388415008034,1.2689042606795282,0.7999472775309946,0.003992015968063872,3
nc_run1,GABA-1-1,CACYBP,0.974298583974251,113.72508615846058,6.022619820992729e-4,0.22119485638667738,0.7867388415008034,1.2689042606795282,0.7999472775309946,0.003992015968063872,3
nc_run1,GABA-1-1,DUSP3,0.9736049698991375,110.65776013651755,6.34198101344484e-4,0.22119485638667738,0.7867388415008034,1.2689042606795282,0.7999472775309946,0.003992015968063872,3
nc_run1,GABA-1-1,LRIF1,0.9732899191846522,109.31714425499541,6.501661609670896e-4,0.22119485638667738,0.7867388415008034,1.2689042606795282,0.7999472775309946,0.003992015968063872,3
nc_run1,GABA-1-1,CHD1,0.9720889234542799,104.48420954260952,6.876911010802126e-4,0.22119485638667738,0.7867388415008034,1.2689042606795282,0.7999472775309946,0.003992015968063872,3
nc_run1,GABA-1-1,SLC66A1,0.9720165279222136,104.20613909742235,6.900863100236035e-4,0.22119485638667738,0.7867388415008034,1.2689042606795282,0.7999472775309946,0.003992015968063872,3
nc_run1,GABA-1-1,HIPK1,0.9707482446758449,99.55794795065525,7.321355336964647e-4,0.22119485638667738,0.7867388415008034,1.2689042606795282,0.7999472775309946,0.003992015968063872,3
nc_run1,GABA-1-1,PSTPIP2,0.9688965756001158,93.45240219952008,7.949432348787133e-4,0.22119485638667738,0.7867388415008034,1.2689042606795282,0.7999472775309946,0.003992015968063872,3
nc_run1,GABA-1-1,EPHA3,0.968856278999662,93.32760324199656,7.954755035328001e-4,0.22119485638667738,0.7867388415008034,1.2689042606795282,0.7999472775309946,0.003992015968063872,3
nc_run1,GABA-1-2,LOC110467627,0.9979385657217804,1452.2974265039593,7.796099351624404e-5,0.27599990804600766,0.7993518632250091,1.0081408819307254,0.7969550233457263,0.005988023952095809,3
nc_run1,GABA-1-2,TUBGCP3,0.99350039886578,458.56678510703284,1.6258531981165424e-4,0.27599990804600766,0.7993518632250091,1.0081408819307254,0.7969550233457263,0.005988023952095809,3
nc_run1,GABA-1-2,LOC110477108,0.9932353650528393,440.48291126325154,1.6858231931290377e-4,0.27599990804600766,0.7993518632250091,1.0081408819307254,0.7969550233457263,0.005988023952095809,3
nc_run1,GABA-1-2,DDX59,0.9921533036193252,379.3265046151809,1.9356981723477686e-4,0.27599990804600766,0.7993518632250091,1.0081408819307254,0.7969550233457263,0.005988023952095809,3
nc_run1,GABA-1-2,SNX27,0.9907897946390688,322.7256361216112,2.5353981224727226e-4,0.27599990804600766,0.7993518632250091,1.0081408819307254,0.7969550233457263,0.005988023952095809,3
nc_run1,GABA-1-2,GARS1,0.9896175426305641,285.9489350403184,2.9851730850664383e-4,0.27599990804600766,0.7993518632250091,1.0081408819307254,0.7969550233457263,0.005988023952095809,3
nc_run1,GABA-1-2,LOC116184211,0.9891967989236813,274.69546996363647,3.218389732337254e-4,0.27599990804600766,0.7993518632250091,1.0081408819307254,0.7969550233457263,0.005988023952095809,3
nc_run1,GABA-1-2,PRKAR1A,0.9845305083057213,190.93009539605794,5.860401179276635e-4,0.369333210283788,0.7993518632250091,1.0081408819307254,0.7969550233457263,0.005988023952095809,3
nc_run1,GABA-1-2,CD58,0.9834437283537867,178.20021609370886,6.553387788309916e-4,0.369333210283788,0.7993518632250091,1.0081408819307254,0.7969550233457263,0.005988023952095809,3
nc_run1,GABA-1-2,USP33,0.982798825611249,171.40669643823227,7.039811081189045e-4,0.369333210283788,0.7993518632250091,1.0081408819307254,0.7969550233457263,0.005988023952095809,3
nc_run1,GABA-1-2,STMN3,0.9806148631840298,151.75774189679606,8.442442631203521e-4,0.369333210283788,0.7993518632250091,1.0081408819307254,0.7969550233457263,0.005988023952095809,3
nc_run1,GABA-1-2,AHSA1,0.9795642744447682,143.8017365907505,9.292017560547206e-4,0.369333210283788,0.7993518632250091,1.0081408819307254,0.7969550233457263,0.005988023952095809,3
nc_run1,GABA-1-2,LOC110473557,0.979542745131848,143.64724174065165,9.305344226105539e-4,0.369333210283788,0.7993518632250091,1.0081408819307254,0.7969550233457263,0.005988023952095809,3
nc_run1,GABA-1-2,SGSM2,0.9790624198182367,140.28303337617842,9.668495862570094e-4,0.369333210283788,0.7993518632250091,1.0081408819307254,0.7969550233457263,0.005988023952095809,3
nc_run1,GABA-1-2,CASP3,0.9786938622729797,137.80449673407588,0.0010044974164592983,0.369333210283788,0.7993518632250091,1.0081408819307254,0.7969550233457263,0.005988023952095809,3
nc_run1,GABA-1-2,LOC110482600,0.9776078188787887,130.97533646948753,0.0011021152416740823,0.369333210283788,0.7993518632250091,1.0081408819307254,0.7969550233457263,0.005988023952095809,3
nc_run1,GABA-1-2,SPON1,0.9764699013294672,124.49627793771037,0.0011780772353565765,0.369333210283788,0.7993518632250091,1.0081408819307254,0.7969550233457263,0.005988023952095809,3
nc_run1,GABA-1-2,CFAP47,0.9763713379086592,123.9644463322962,0.0011864064013305342,0.369333210283788,0.7993518632250091,1.0081408819307254,0.7969550233457263,0.005988023952095809,3
nc_run1,GABA-1-2,HYOU1,0.9753809032554578,118.85662338180914,0.0012700312277090695,0.369333210283788,0.7993518632250091,1.0081408819307254,0.7969550233457263,0.005988023952095809,3
nc_run1,GABA-1-2,DDX42,0.9751720991902334,117.83180221260928,0.0012873558929349016,0.369333210283788,0.7993518632250091,1.0081408819307254,0.7969550233457263,0.005988023952095809,3
nc_run1,GABA-1-2,LOC110472163,0.9751283301029929,117.61916278331626,0.001292020225880318,0.369333210283788,0.7993518632250091,1.0081408819307254,0.7969550233457263,0.005988023952095809,3
nc_run1,GABA-1-2,ANXA6,0.973268638753111,109.22773027876204,0.0014152918822948918,0.3861816895189198,0.7993518632250091,1.0081408819307254,0.7969550233457263,0.005988023952095809,3
nc_run1,GABA-1-2,XPOT,0.9715468523151655,102.43648924997501,0.0015612188701586305,0.399458200247143,0.7993518632250091,1.0081408819307254,0.7969550233457263,0.005988023952095809,3
nc_run1,GABA-1-2,OSCP1,0.9682125535099219,91.37687927957334,0.0018140923491279863,0.399458200247143,0.7993518632250091,1.0081408819307254,0.7969550233457263,0.005988023952095809,3
nc_run1,GABA-1-2,PALM,0.968187749254016,91.30329290293041,0.0018164245156006944,0.399458200247143,0.7993518632250091,1.0081408819307254,0.7969550233457263,0.005988023952095809,3
nc_run1,Glut-DACH2-1,KCNJ6,0.9957132956528734,696.8383273180308,1.973270791412541e-6,0.02199999605345842,0.7979703368090515,1.319449250818053,0.8004020206769691,0.003992015968063872,3
nc_run1,Glut-DACH2-1,PMM2,0.9911969860530963,337.792371578053,4.843482851648964e-6,0.02699999515651715,0.7979703368090515,1.319449250818053,0.8004020206769691,0.003992015968063872,3
nc_run1,Glut-DACH2-1,CCNE2,0.9890242135617241,270.32893336354294,1.112207173341614e-5,0.031999994259575885,0.7979703368090515,1.319449250818053,0.8004020206769691,0.003992015968063872,3
nc_run1,Glut-DACH2-1,LRRTM4,0.9884795854212123,257.4072951961165,1.1660236494710468e-5,0.031999994259575885,0.7979703368090515,1.319449250818053,0.8004020206769691,0.003992015968063872,3
nc_run1,Glut-DACH2-1,LRRC8D,0.9871101489722153,229.74124685640973,1.4351060301182115e-5,0.031999994259575885,0.7979703368090515,1.319449250818053,0.8004020206769691,0.003992015968063872,3
nc_run1,Glut-DACH2-1,LOC110482409,0.9852965037429764,201.03310529405317,2.2423531720597055e-5,0.0416666591921561,0.7979703368090515,1.319449250818053,0.8004020206769691,0.003992015968063872,3
nc_run1,Glut-DACH2-1,ROBO2,0.9842091869595389,186.9838844468014,2.7087626318481243e-5,0.0417499925105404,0.7979703368090515,1.319449250818053,0.8004020206769691,0.003992015968063872,3
nc_run1,Glut-DACH2-1,RABGAP1L,0.983552196384605,179.3951738572581,2.9957838378717664e-5,0.0417499925105404,0.7979703368090515,1.319449250818053,0.8004020206769691,0.003992015968063872,3
nc_run1,Glut-DACH2-1,SV2C,0.9810105986533695,154.98286345305667,4.1079910112133806e-5,0.046319991690736084,0.7979703368090515,1.319449250818053,0.8004020206769691,0.003992015968063872,3
nc_run1,Glut-DACH2-1,ASTN2,0.976988619798213,127.37027651939941,5.668668818966935e-5,0.046319991690736084,0.7979703368090515,1.319449250818053,0.8004020206769691,0.003992015968063872,3
nc_run1,Glut-DACH2-1,GPC3,0.9760304730803837,122.15891573750022,6.24271123101422e-5,0.046319991690736084,0.7979703368090515,1.319449250818053,0.8004020206769691,0.003992015968063872,3
nc_run1,Glut-DACH2-1,LRFN2,0.9754260669129696,119.08057983129011,6.493854786284908e-5,0.046319991690736084,0.7979703368090515,1.319449250818053,0.8004020206769691,0.003992015968063872,3
nc_run1,Glut-DACH2-1,TMEFF2,0.9749057980307884,116.54952796190655,6.637365389296728e-5,0.046319991690736084,0.7979703368090515,1.319449250818053,0.8004020206769691,0.003992015968063872,3
nc_run1,Glut-DACH2-1,INSYN2B,0.9740284247794971,112.51089891658575,7.15759132521458e-5,0.046319991690736084,0.7979703368090515,1.319449250818053,0.8004020206769691,0.003992015968063872,3
nc_run1,Glut-DACH2-1,HSD3B7,0.973877094829849,111.84174445604553,7.283163102849924e-5,0.046319991690736084,0.7979703368090515,1.319449250818053,0.8004020206769691,0.003992015968063872,3
nc_run1,Glut-DACH2-1,PRKCI,0.9726672446020826,106.75841829062652,7.964838467156074e-5,0.046319991690736084,0.7979703368090515,1.319449250818053,0.8004020206769691,0.003992015968063872,3
nc_run1,Glut-DACH2-1,PPA1,0.9722657190205323,105.1693807826118,8.180104371673806e-5,0.046319991690736084,0.7979703368090515,1.319449250818053,0.8004020206769691,0.003992015968063872,3
nc_run1,Glut-DACH2-1,KCNH8,0.972035526950591,104.27897481563316,8.467125577697447e-5,0.046319991690736084,0.7979703368090515,1.319449250818053,0.8004020206769691,0.003992015968063872,3
nc_run1,Glut-DACH2-1,LOC116183448,0.971969929739226,104.02791580933994,8.503003228450403e-5,0.046319991690736084,0.7979703368090515,1.319449250818053,0.8004020206769691,0.003992015968063872,3
nc_run1,Glut-DACH2-1,CCDC13,0.9709798801791099,100.37655455993166,9.256433894262464e-5,0.046319991690736084,0.7979703368090515,1.319449250818053,0.8004020206769691,0.003992015968063872,3
nc_run1,Glut-DACH2-1,ANO9,0.9709292497145158,100.19651094447215,9.292311545015419e-5,0.046319991690736084,0.7979703368090515,1.319449250818053,0.8004020206769691,0.003992015968063872,3
nc_run1,Glut-DACH2-1,SUMF2,0.9705618239075624,98.90848748848502,9.651088052544972e-5,0.046319991690736084,0.7979703368090515,1.319449250818053,0.8004020206769691,0.003992015968063872,3
nc_run1,Glut-DACH2-1,SEMA3C,0.9701272897398341,97.42610710151673,9.866353957062704e-5,0.046319991690736084,0.7979703368090515,1.319449250818053,0.8004020206769691,0.003992015968063872,3
nc_run1,Glut-DACH2-1,LOC116183733,0.9698959476791674,96.65435775980073,1.0189252813839301e-4,0.046319991690736084,0.7979703368090515,1.319449250818053,0.8004020206769691,0.003992015968063872,3
nc_run1,Glut-DACH2-1,NAPA,0.969559956420076,95.55439241153321,1.0386579892980555e-4,0.046319991690736084,0.7979703368090515,1.319449250818053,0.8004020206769691,0.003992015968063872,3
nc_run1,Glut-DACH2-2,CAVIN4,0.9989187473134734,2771.559580181879,9.212342420004049e-7,0.007999998157531515,0.7893663491981725,1.0569393878907216,0.7848127748946981,0.007984031936127744,3
nc_run1,Glut-DACH2-2,LOC110481037,0.9862127025804853,214.5915923706532,1.31966805166558e-4,0.31125139030442794,0.7893663491981725,1.0569393878907216,0.7848127748946981,0.007984031936127744,3
nc_run1,Glut-DACH2-2,THY1,0.9855826791399916,205.08304324568311,1.4486408455456366e-4,0.31125139030442794,0.7893663491981725,1.0569393878907216,0.7848127748946981,0.007984031936127744,3
nc_run1,Glut-DACH2-2,PACSIN1,0.9788566440956699,138.8885447312365,3.037769912996335e-4,0.31125139030442794,0.7893663491981725,1.0569393878907216,0.7848127748946981,0.007984031936127744,3
nc_run1,Glut-DACH2-2,BLOC1S2,0.9767294882896583,125.91852303646425,3.578995030171573e-4,0.31125139030442794,0.7893663491981725,1.0569393878907216,0.7848127748946981,0.007984031936127744,3
nc_run1,Glut-DACH2-2,LOC110471225,0.9763681262168923,123.94719121868523,3.6849369680016196e-4,0.31125139030442794,0.7893663491981725,1.0569393878907216,0.7848127748946981,0.007984031936127744,3
nc_run1,Glut-DACH2-2,LOC110481589,0.9746662763451865,115.41922809598455,4.1985250579168454e-4,0.31125139030442794,0.7893663491981725,1.0569393878907216,0.7848127748946981,0.007984031936127744,3
nc_run1,Glut-DACH2-2,MRPS10,0.9736264061611799,110.7501403234702,4.4472583032569544e-4,0.31125139030442794,0.7893663491981725,1.0569393878907216,0.7848127748946981,0.007984031936127744,3
nc_run1,Glut-DACH2-2,IGF2BP3,0.9723004146975449,105.30487053299333,4.859510626552136e-4,0.31125139030442794,0.7893663491981725,1.0569393878907216,0.7848127748946981,0.007984031936127744,3
nc_run1,Glut-DACH2-2,PPFIA2,0.9712293973328734,101.27310246885496,5.237216665772301e-4,0.31125139030442794,0.7893663491981725,1.0569393878907216,0.7848127748946981,0.007984031936127744,3
nc_run1,Glut-DACH2-2,LOC110477329,0.9710532746445035,100.63866596849296,5.280975292267321e-4,0.31125139030442794,0.7893663491981725,1.0569393878907216,0.7848127748946981,0.007984031936127744,3
nc_run1,Glut-DACH2-2,LOC110468107,0.9706189967210942,99.1067923216176,5.398432658122373e-4,0.31125139030442794,0.7893663491981725,1.0569393878907216,0.7848127748946981,0.007984031936127744,3
nc_run1,Glut-DACH2-2,C7H2orf69,0.9685334361235052,92.33929448969668,5.916626919247601e-4,0.31125139030442794,0.7893663491981725,1.0569393878907216,0.7848127748946981,0.007984031936127744,3
nc_run1,Glut-DACH2-2,ANO8,0.9675251340230526,89.37913413190292,6.137723137327697e-4,0.31125139030442794,0.7893663491981725,1.0569393878907216,0.7848127748946981,0.007984031936127744,3
nc_run1,Glut-DACH2-2,VAMP3,0.9659245378766705,85.03989184774916,6.596037172722899e-4,0.31125139030442794,0.7893663491981725,1.0569393878907216,0.7848127748946981,0.007984031936127744,3
nc_run1,Glut-DACH2-2,CDH18,0.9641829776412288,80.75905651647054,6.957621612708058e-4,0.31125139030442794,0.7893663491981725,1.0569393878907216,0.7848127748946981,0.007984031936127744,3
nc_run1,Glut-DACH2-2,UNC119B,0.9631590390838995,78.43110074767142,7.220173371678174e-4,0.31125139030442794,0.7893663491981725,1.0569393878907216,0.7848127748946981,0.007984031936127744,3
nc_run1,Glut-DACH2-2,LOC110470497,0.9630381723583621,78.16481763527482,7.250113484543187e-4,0.31125139030442794,0.7893663491981725,1.0569393878907216,0.7848127748946981,0.007984031936127744,3
nc_run1,Glut-DACH2-2,ALS2CL,0.9614985280627026,74.91909890836725,7.662365807838367e-4,0.31125139030442794,0.7893663491981725,1.0569393878907216,0.7848127748946981,0.007984031936127744,3
nc_run1,Glut-DACH2-2,TAF8,0.9610594440675899,74.04050258571444,7.837400313818445e-4,0.31125139030442794,0.7893663491981725,1.0569393878907216,0.7848127748946981,0.007984031936127744,3
nc_run1,Glut-DACH2-2,LRP8,0.9592019955856658,70.533008368075,8.456930341563716e-4,0.31125139030442794,0.7893663491981725,1.0569393878907216,0.7848127748946981,0.007984031936127744,3
nc_run1,Glut-DACH2-2,LEMD2,0.9584706828592862,69.23812493316706,8.687238902063818e-4,0.31125139030442794,0.7893663491981725,1.0569393878907216,0.7848127748946981,0.007984031936127744,3
nc_run1,Glut-DACH2-2,LOC110467771,0.9530003794948833,60.830302622835,0.0010251034027859505,0.31125139030442794,0.7893663491981725,1.0569393878907216,0.7848127748946981,0.007984031936127744,3
nc_run1,Glut-DACH2-2,AKAP5,0.9526085081112804,60.30250178754283,0.0010363885222504554,0.31125139030442794,0.7893663491981725,1.0569393878907216,0.7848127748946981,0.007984031936127744,3
nc_run1,Glut-DACH2-2,MTHFR,0.9477062432239168,54.36822490772113,0.0011870103208175217,0.31125139030442794,0.7893663491981725,1.0569393878907216,0.7848127748946981,0.007984031936127744,3
nc_run1,Glut-DACH2-3,SUSD2,0.9995563135101428,6758.531100407531,7.525160845609849e-7,0.00799999849496783,0.7961181887244231,1.129265512764266,0.7980776971512281,0.003992015968063872,3
nc_run1,Glut-DACH2-3,LOC110478143,0.9947578971369184,569.2894186468612,2.502115981165275e-5,0.1329999749788402,0.7961181887244231,1.129265512764266,0.7980776971512281,0.003992015968063872,3
nc_run1,Glut-DACH2-3,MED28,0.990267834246868,305.2561555257684,4.8725416475323777e-05,0.13999997366193703,0.7961181887244231,1.129265512764266,0.7980776971512281,0.003992015968063872,3
nc_run1,Glut-DACH2-3,PODXL,0.9899173456313377,294.5406961607492,5.2676125919268944e-5,0.13999997366193703,0.7961181887244231,1.129265512764266,0.7980776971512281,0.003992015968063872,3
nc_run1,Glut-DACH2-3,KCNJ6,0.9863509747674604,216.79591574407073,7.995483398460466e-5,0.15769011117897858,0.7961181887244231,1.129265512764266,0.7980776971512281,0.003992015968063872,3
nc_run1,Glut-DACH2-3,LOC110480671,0.984986012326601,196.81367144154754,8.95494140627572e-5,0.15769011117897858,0.7961181887244231,1.129265512764266,0.7980776971512281,0.003992015968063872,3
nc_run1,Glut-DACH2-3,PDCD5,0.9823063769627568,166.55261190347028,1.1325367072642824e-4,0.15769011117897858,0.7961181887244231,1.129265512764266,0.7980776971512281,0.003992015968063872,3
nc_run1,Glut-DACH2-3,KRR1,0.9795259458644656,143.52691548730704,1.333834759884346e-4,0.15769011117897858,0.7961181887244231,1.129265512764266,0.7980776971512281,0.003992015968063872,3
nc_run1,Glut-DACH2-3,LOC110470183,0.9774107468665687,129.8065156594356,1.6066218405377027e-4,0.15769011117897858,0.7961181887244231,1.129265512764266,0.7980776971512281,0.003992015968063872,3
nc_run1,Glut-DACH2-3,PEX16,0.9735744408996488,110.52645325714744,2.0769443933883186e-4,0.15769011117897858,0.7961181887244231,1.129265512764266,0.7980776971512281,0.003992015968063872,3
nc_run1,Glut-DACH2-3,TGM4,0.9731331183031633,108.66163732180436,2.12397664867338e-4,0.15769011117897858,0.7961181887244231,1.129265512764266,0.7980776971512281,0.003992015968063872,3
nc_run1,Glut-DACH2-3,LOC110483134,0.9729250721656921,107.80361943563776,2.152196001844417e-4,0.15769011117897858,0.7961181887244231,1.129265512764266,0.7980776971512281,0.003992015968063872,3
nc_run1,Glut-DACH2-3,CPT1A,0.9717182872771165,103.0756125131212,2.3252747012934434e-4,0.15769011117897858,0.7961181887244231,1.129265512764266,0.7980776971512281,0.003992015968063872,3
nc_run1,Glut-DACH2-3,PDLIM5,0.9688412869037504,93.28125496495838,2.859561121331743e-4,0.15769011117897858,0.7961181887244231,1.129265512764266,0.7980776971512281,0.003992015968063872,3
nc_run1,Glut-DACH2-3,ELOVL7,0.9681617960091186,91.22642058764414,2.9799636948615003e-4,0.15769011117897858,0.7961181887244231,1.129265512764266,0.7980776971512281,0.003992015968063872,3
nc_run1,Glut-DACH2-3,NWD2,0.9681442145399067,91.1744162534683,2.99501401655272e-4,0.15769011117897858,0.7961181887244231,1.129265512764266,0.7980776971512281,0.003992015968063872,3
nc_run1,Glut-DACH2-3,ESR2,0.967237623177714,88.56844804859519,3.1379920726193073e-4,0.15769011117897858,0.7961181887244231,1.129265512764266,0.7980776971512281,0.003992015968063872,3
nc_run1,Glut-DACH2-3,HIPK1,0.9651595050453501,83.10669865353377,3.5989081744129106e-4,0.15769011117897858,0.7961181887244231,1.129265512764266,0.7980776971512281,0.003992015968063872,3
nc_run1,Glut-DACH2-3,LOC116184147,0.964043519579849,80.43419503091074,3.852882352952243e-4,0.15769011117897858,0.7961181887244231,1.129265512764266,0.7980776971512281,0.003992015968063872,3
nc_run1,Glut-DACH2-3,LOC116184059,0.9634624315602154,79.10727008131714,3.960115895002183e-4,0.15769011117897858,0.7961181887244231,1.129265512764266,0.7980776971512281,0.003992015968063872,3
nc_run1,Glut-DACH2-3,LOC110474508,0.963250824151025,78.63448378621742,4.0297236328240744e-4,0.15769011117897858,0.7961181887244231,1.129265512764266,0.7980776971512281,0.003992015968063872,3
nc_run1,Glut-DACH2-3,ADGRA2,0.9613628398193628,74.64545805060044,4.411625545738774e-4,0.15769011117897858,0.7961181887244231,1.129265512764266,0.7980776971512281,0.003992015968063872,3
nc_run1,Glut-DACH2-3,ROS1,0.9610736660454011,74.06864981169318,4.454895220601031e-4,0.15769011117897858,0.7961181887244231,1.129265512764266,0.7980776971512281,0.003992015968063872,3
nc_run1,Glut-DACH2-3,RAD54L,0.9591180188291778,70.38196227488928,4.88194809858939e-4,0.15769011117897858,0.7961181887244231,1.129265512764266,0.7980776971512281,0.003992015968063872,3
nc_run1,Glut-DACH2-3,LOC110469642,0.958831147116962,69.87062402547618,4.932742934297256e-4,0.15769011117897858,0.7961181887244231,1.129265512764266,0.7980776971512281,0.003992015968063872,3
nr_run1,Glut-DACH2-5,LOC110469381,0.9994774451947174,5738.024615356347,2.3361751346396135e-7,0.001999999532764973,0.8143697113248356,1.2100025111625559,0.8213848019634301,0.005988023952095809,3
nr_run1,Glut-DACH2-5,LOC116184533,0.99920391906455,3765.461052649352,9.344700538558454e-7,0.003999999065529946,0.8143697113248356,1.2100025111625559,0.8213848019634301,0.005988023952095809,3
nr_run1,Glut-DACH2-5,PLA2G15,0.9972073382320538,1071.2439469160122,7.942995457774685e-6,0.02266666137133636,0.8143697113248356,1.2100025111625559,0.8213848019634301,0.005988023952095809,3
nr_run1,Glut-DACH2-5,PHYHIP,0.9960082045327379,748.5415117342261,1.5185138375157488e-5,0.027636357180025082,0.8143697113248356,1.2100025111625559,0.8213848019634301,0.005988023952095809,3
nr_run1,Glut-DACH2-5,CNPY3,0.9956486085977923,686.4346480709412,1.7988548536725023e-5,0.027636357180025082,0.8143697113248356,1.2100025111625559,0.8213848019634301,0.005988023952095809,3
nr_run1,Glut-DACH2-5,LOC110475118,0.9948885280355817,583.9150845164404,2.2193663779076327e-5,0.027636357180025082,0.8143697113248356,1.2100025111625559,0.8213848019634301,0.005988023952095809,3
nr_run1,Glut-DACH2-5,SLC16A2,0.9946603190255753,558.8313180822902,2.429622140025198e-5,0.027636357180025082,0.8143697113248356,1.2100025111625559,0.8213848019634301,0.005988023952095809,3
nr_run1,Glut-DACH2-5,CREM,0.9938144697485266,482.00288221618547,2.8734954156067246e-5,0.027636357180025082,0.8143697113248356,1.2100025111625559,0.8213848019634301,0.005988023952095809,3
nr_run1,Glut-DACH2-5,TPCN2,0.9937932646743644,480.3458883946866,3.060389426377894e-5,0.027636357180025082,0.8143697113248356,1.2100025111625559,0.8213848019634301,0.005988023952095809,3
nr_run1,Glut-DACH2-5,CZH5orf63,0.9934827712405202,457.31835166691997,3.3874539452274397e-5,0.027636357180025082,0.8143697113248356,1.2100025111625559,0.8213848019634301,0.005988023952095809,3
nr_run1,Glut-DACH2-5,AAGAB,0.9932876562579148,443.93777840823384,3.5509862046522126e-5,0.027636357180025082,0.8143697113248356,1.2100025111625559,0.8213848019634301,0.005988023952095809,3
nr_run1,Glut-DACH2-5,PEX7,0.9924377447516901,393.70705384752085,4.765797274664811e-5,0.03261537699585956,0.8143697113248356,1.2100025111625559,0.8213848019634301,0.005988023952095809,3
nr_run1,Glut-DACH2-5,NAPA,0.9923095938902458,387.09643407451733,4.9526912854359804e-5,0.03261537699585956,0.8143697113248356,1.2100025111625559,0.8213848019634301,0.005988023952095809,3
nr_run1,Glut-DACH2-5,NUP205,0.9916663235576377,356.98517830020916,6.0273318473702024e-5,0.0338787799641097,0.8143697113248356,1.2100025111625559,0.8213848019634301,0.005988023952095809,3
nr_run1,Glut-DACH2-5,LOC110479712,0.9911647980033582,336.5508106255278,6.424481620258937e-5,0.0338787799641097,0.8143697113248356,1.2100025111625559,0.8213848019634301,0.005988023952095809,3
nr_run1,Glut-DACH2-5,SAG,0.9899442790665618,295.3376348506346,7.429036928153971e-5,0.0338787799641097,0.8143697113248356,1.2100025111625559,0.8213848019634301,0.005988023952095809,3
nr_run1,Glut-DACH2-5,TRPM3,0.9896740665803195,287.53063564037944,7.826186701042705e-5,0.0338787799641097,0.8143697113248356,1.2100025111625559,0.8213848019634301,0.005988023952095809,3
nr_run1,Glut-DACH2-5,PAQR7,0.9894933751664131,282.534131799376,7.896271955081893e-5,0.0338787799641097,0.8143697113248356,1.2100025111625559,0.8213848019634301,0.005988023952095809,3
nr_run1,Glut-DACH2-5,VWA5B2,0.9894489924901033,281.33303617555384,8.176612971238646e-5,0.0338787799641097,0.8143697113248356,1.2100025111625559,0.8213848019634301,0.005988023952095809,3
nr_run1,Glut-DACH2-5,AGA,0.9893501319031575,278.69362969757543,8.246698225277836e-5,0.0338787799641097,0.8143697113248356,1.2100025111625559,0.8213848019634301,0.005988023952095809,3
nr_run1,Glut-DACH2-5,LHFPL4,0.9889987620695349,269.6965836901206,8.597124495473778e-5,0.0338787799641097,0.8143697113248356,1.2100025111625559,0.8213848019634301,0.005988023952095809,3
nr_run1,Glut-DACH2-5,HNRNPK,0.9884885897929846,257.6109891012077,9.087721273748097e-5,0.0338787799641097,0.8143697113248356,1.2100025111625559,0.8213848019634301,0.005988023952095809,3
nr_run1,Glut-DACH2-5,LZTS1,0.9882479926810107,252.27553877136185,9.321338787212057e-5,0.0338787799641097,0.8143697113248356,1.2100025111625559,0.8213848019634301,0.005988023952095809,3
nr_run1,Glut-DACH2-5,GALNT9,0.9878841446649612,244.6094272373889,9.765212062793584e-5,0.0338787799641097,0.8143697113248356,1.2100025111625559,0.8213848019634301,0.005988023952095809,3
nr_run1,Glut-DACH2-5,RNF8,0.987786379973679,242.62742197111598,9.905382570871961e-5,0.0338787799641097,0.8143697113248356,1.2100025111625559,0.8213848019634301,0.005988023952095809,3
nr_run1,Glut-DACH2-6,CD109,0.9985709206752239,2096.2536579241455,5.76534913705215e-7,0.0049999990391084775,0.7812802683304261,1.3417278631421654,0.7850139844583388,0.001996007984031936,3
nr_run1,Glut-DACH2-6,LOC110479573,0.9980702675941263,1551.6196927971253,9.60891522842025e-7,0.0049999990391084775,0.7812802683304261,1.3417278631421654,0.7850139844583388,0.001996007984031936,3
nr_run1,Glut-DACH2-6,PDE10A,0.9954474957270132,655.9779646778202,8.263667096441415e-6,0.02274999562794357,0.7812802683304261,1.3417278631421654,0.7850139844583388,0.001996007984031936,3
nr_run1,Glut-DACH2-6,NFIA,0.9918146512521369,363.5085132485316,1.3260303015219946e-5,0.02274999562794357,0.7812802683304261,1.3417278631421654,0.7850139844583388,0.001996007984031936,3
nr_run1,Glut-DACH2-6,FRMD8,0.9917327182962444,359.8762279428769,1.383683792892516e-5,0.02274999562794357,0.7812802683304261,1.3417278631421654,0.7850139844583388,0.001996007984031936,3
nr_run1,Glut-DACH2-6,MUC6,0.9912419121631149,339.54052435571316,1.422119453806197e-5,0.02274999562794357,0.7812802683304261,1.3417278631421654,0.7850139844583388,0.001996007984031936,3
nr_run1,Glut-DACH2-6,PCSK1,0.990547191134778,314.3659853673086,1.5566442670040804e-5,0.02274999562794357,0.7812802683304261,1.3417278631421654,0.7850139844583388,0.001996007984031936,3
nr_run1,Glut-DACH2-6,LOC110484795,0.9900308179260854,297.9273958241572,1.7488225715724854e-5,0.02274999562794357,0.7812802683304261,1.3417278631421654,0.7850139844583388,0.001996007984031936,3
nr_run1,Glut-DACH2-6,SATB2,0.9891650588126418,273.88198284825756,2.0178721979682526e-5,0.023333328849172892,0.7812802683304261,1.3417278631421654,0.7850139844583388,0.001996007984031936,3
nr_run1,Glut-DACH2-6,HSD17B7,0.9886569003097525,261.4779717998349,2.2484861634503384e-5,0.02339999550302767,0.7812802683304261,1.3417278631421654,0.7850139844583388,0.001996007984031936,3
nr_run1,Glut-DACH2-6,EEF2KMT,0.9869775603908877,227.3715809056834,3.497645143144971e-5,0.02924999437878459,0.7812802683304261,1.3417278631421654,0.7850139844583388,0.001996007984031936,3
nr_run1,Glut-DACH2-6,IGFBP5,0.9854078131853972,202.58947319656016,4.4777544964438364e-5,0.02924999437878459,0.7812802683304261,1.3417278631421654,0.7850139844583388,0.001996007984031936,3
nr_run1,Glut-DACH2-6,PPP2R2C,0.9853828813779361,202.23880783669787,4.4777544964438364e-5,0.02924999437878459,0.7812802683304261,1.3417278631421654,0.7850139844583388,0.001996007984031936,3
nr_run1,Glut-DACH2-6,ADAMTSL2,0.9852352466362485,200.18659757400565,4.496972326900677e-5,0.02924999437878459,0.7812802683304261,1.3417278631421654,0.7850139844583388,0.001996007984031936,3
nr_run1,Glut-DACH2-6,GPC3,0.9850832314533177,198.11594482487476,4.496972326900677e-5,0.02924999437878459,0.7812802683304261,1.3417278631421654,0.7850139844583388,0.001996007984031936,3
nr_run1,Glut-DACH2-6,ZUP1,0.9849581481696134,196.44352821901717,4.496972326900677e-5,0.02924999437878459,0.7812802683304261,1.3417278631421654,0.7850139844583388,0.001996007984031936,3
nr_run1,Glut-DACH2-6,CTNND2,0.9829607365526614,173.06394837850664,6.13048791573212e-5,0.036631571907573685,0.7812802683304261,1.3417278631421654,0.7850139844583388,0.001996007984031936,3
nr_run1,Glut-DACH2-6,CRELD2,0.9821914739743209,165.45863580591333,6.687804998980494e-5,0.036631571907573685,0.7812802683304261,1.3417278631421654,0.7850139844583388,0.001996007984031936,3
nr_run1,Glut-DACH2-6,PRICKLE1,0.9821886875724583,165.43228213554255,6.687804998980494e-5,0.036631571907573685,0.7812802683304261,1.3417278631421654,0.7850139844583388,0.001996007984031936,3
nr_run1,Glut-DACH2-6,LMF1,0.9814808913561507,158.99483774810975,7.129815099487826e-5,0.0370999928701849,0.7812802683304261,1.3417278631421654,0.7850139844583388,0.001996007984031936,3
nr_run1,Glut-DACH2-6,LOC110477604,0.9800245473248093,147.18433117793393,7.994617470045648e-5,0.0373999928125314,0.7812802683304261,1.3417278631421654,0.7850139844583388,0.001996007984031936,3
nr_run1,Glut-DACH2-6,ABCF1,0.9800240560429132,147.18063759313375,7.994617470045648e-5,0.0373999928125314,0.7812802683304261,1.3417278631421654,0.7850139844583388,0.001996007984031936,3
nr_run1,Glut-DACH2-6,LOC110480357,0.9787637458667593,138.26785172080605,9.262994280197122e-5,0.0373999928125314,0.7812802683304261,1.3417278631421654,0.7850139844583388,0.001996007984031936,3
nr_run1,Glut-DACH2-6,MANEA,0.977267971363647,128.97238345909878,1.0416064107607552e-4,0.0373999928125314,0.7812802683304261,1.3417278631421654,0.7850139844583388,0.001996007984031936,3
nr_run1,Glut-DACH2-6,DSCAM,0.9772460582909673,128.84528809832875,1.0416064107607552e-4,0.0373999928125314,0.7812802683304261,1.3417278631421654,0.7850139844583388,0.001996007984031936,3
nr_run1,Glut-DACH2-7,FRAS1,0.9988816376960598,2679.4938478615295,2.476640216899647e-6,0.011999997298210673,0.8217689990694811,1.0834941377707237,0.829458061008944,0.005988023952095809,3
nr_run1,Glut-DACH2-7,GFOD2,0.9975852701786072,1239.375015797625,3.827534880663091e-6,0.011999997298210673,0.8217689990694811,1.0834941377707237,0.829458061008944,0.005988023952095809,3
nr_run1,Glut-DACH2-7,TXNDC5,0.9974536987621856,1175.179531725408,4.953280433799294e-6,0.011999997298210673,0.8217689990694811,1.0834941377707237,0.829458061008944,0.005988023952095809,3
nr_run1,Glut-DACH2-7,LOC110470270,0.9967374583117983,916.5284801567248,8.105367982580664e-6,0.011999997298210673,0.8217689990694811,1.0834941377707237,0.829458061008944,0.005988023952095809,3
nr_run1,Glut-DACH2-7,LOC110484000,0.9967374583117983,916.5284801567248,8.105367982580664e-6,0.011999997298210673,0.8217689990694811,1.0834941377707237,0.829458061008944,0.005988023952095809,3
nr_run1,Glut-DACH2-7,CMTR2,0.9967374583117983,916.5284801567248,8.105367982580664e-6,0.011999997298210673,0.8217689990694811,1.0834941377707237,0.829458061008944,0.005988023952095809,3
nr_run1,Glut-DACH2-7,PSKH1,0.9965133940602235,857.435636208532,1.1707753752616514e-5,0.014857139512070357,0.8217689990694811,1.0834941377707237,0.829458061008944,0.005988023952095809,3
nr_run1,Glut-DACH2-7,ABL2,0.996082000205926,762.6968243177445,1.373409574826168e-5,0.015249996566476062,0.8217689990694811,1.0834941377707237,0.829458061008944,0.005988023952095809,3
nr_run1,Glut-DACH2-7,FAM83H,0.9951649976730212,617.4753994140549,1.9587972624569938e-5,0.01933332898045053,0.8217689990694811,1.0834941377707237,0.829458061008944,0.005988023952095809,3
nr_run1,Glut-DACH2-7,EYA1,0.9942835314409487,521.7995277171445,2.3415507505233027e-5,0.019454541074371848,0.8217689990694811,1.0834941377707237,0.829458061008944,0.005988023952095809,3
nr_run1,Glut-DACH2-7,CCDC15,0.9941219335251177,507.37190763653075,2.409095483711475e-5,0.019454541074371848,0.8217689990694811,1.0834941377707237,0.829458061008944,0.005988023952095809,3
nr_run1,Glut-DACH2-7,KIF7,0.9929133385419773,420.3305086986692,3.3772366594086096e-5,0.02333332807985409,0.8217689990694811,1.0834941377707237,0.829458061008944,0.005988023952095809,3
nr_run1,Glut-DACH2-7,LOC110470876,0.9925067069459587,397.3580239507654,3.737475236412195e-5,0.02333332807985409,0.8217689990694811,1.0834941377707237,0.829458061008944,0.005988023952095809,3
nr_run1,Glut-DACH2-7,TXLNB,0.9923083171425549,387.0316817009832,3.872564702788539e-5,0.02333332807985409,0.8217689990694811,1.0834941377707237,0.829458061008944,0.005988023952095809,3
nr_run1,Glut-DACH2-7,TXNRD1,0.9922939611980407,386.30507321572486,3.9401094359767115e-5,0.02333332807985409,0.8217689990694811,1.0834941377707237,0.829458061008944,0.005988023952095809,3
nr_run1,Glut-DACH2-7,THAP5,0.9917403024039536,360.2094232403831,4.3904076572311925e-5,0.02435293569342754,0.8217689990694811,1.0834941377707237,0.829458061008944,0.005988023952095809,3
nr_run1,Glut-DACH2-7,LOC110477357,0.9914845005603331,349.2987725212438,4.6605865899838816e-5,0.02435293569342754,0.8217689990694811,1.0834941377707237,0.829458061008944,0.005988023952095809,3
nr_run1,Glut-DACH2-7,SOX8,0.9907771425351777,322.27879905360845,5.2459742776147074e-5,0.024842099669979988,0.8217689990694811,1.0834941377707237,0.829458061008944,0.005988023952095809,3
nr_run1,Glut-DACH2-7,ATP6V1H,0.9906368399827844,317.4046491231595,5.313519010802879e-5,0.024842099669979988,0.8217689990694811,1.0834941377707237,0.829458061008944,0.005988023952095809,3
nr_run1,Glut-DACH2-7,LAMP5,0.9900164453596503,297.4941734755616,5.876391787370981e-5,0.026099994123608212,0.8217689990694811,1.0834941377707237,0.829458061008944,0.005988023952095809,3
nr_run1,Glut-DACH2-7,LOC110481780,0.9892385955983701,275.7740231698419,6.281660186500014e-5,0.026571422588895062,0.8217689990694811,1.0834941377707237,0.829458061008944,0.005988023952095809,3
nr_run1,Glut-DACH2-7,PACSIN3,0.9889814552742905,269.2682599817491,6.6418987635036e-5,0.026818175780092032,0.8217689990694811,1.0834941377707237,0.829458061008944,0.005988023952095809,3
nr_run1,Glut-DACH2-7,LOC110483890,0.9877594192958528,242.08641154447702,8.127882893643387e-5,0.029333326728959424,0.8217689990694811,1.0834941377707237,0.829458061008944,0.005988023952095809,3
nr_run1,Glut-DACH2-7,SRP72,0.9874568353264542,236.17409027780488,8.398061826396076e-5,0.029333326728959424,0.8217689990694811,1.0834941377707237,0.829458061008944,0.005988023952095809,3
nr_run1,Glut-DACH2-7,BUD13,0.9868633853728979,225.3693390693435,8.848360047650558e-5,0.029333326728959424,0.8217689990694811,1.0834941377707237,0.829458061008944,0.005988023952095809,3
ra_run1,Astro-1,USP22,0.9993696285885879,4756.099073480431,2.521113696933393e-7,0.0019999994957772605,0.7871639573710392,1.167467667290852,0.7897994932878302,0.001996007984031936,3
ra_run1,Astro-1,SLC3A1,0.9992246967711574,3866.4537677581966,1.2605568484666965e-6,0.004399998890709972,0.7871639573710392,1.167467667290852,0.7897994932878302,0.001996007984031936,3
ra_run1,Astro-1,PRKAB2,0.998820145402525,2539.6861974519134,1.764779587853375e-6,0.004399998890709972,0.7871639573710392,1.167467667290852,0.7897994932878302,0.001996007984031936,3
ra_run1,Astro-1,LOC110474692,0.9987601430620935,2416.6339983106805,2.2690023272400537e-6,0.004399998890709972,0.7871639573710392,1.167467667290852,0.7897994932878302,0.001996007984031936,3
ra_run1,Astro-1,P2RY1,0.9982094010130379,1672.4170095281272,2.773225066626732e-6,0.004399998890709972,0.7871639573710392,1.167467667290852,0.7897994932878302,0.001996007984031936,3
ra_run1,Astro-1,LOC116183763,0.9955163197748218,666.0932112315751,1.2353457114973625e-5,0.016333329215514295,0.7871639573710392,1.167467667290852,0.7897994932878302,0.001996007984031936,3
ra_run1,Astro-1,RIC8B,0.9921508232573709,379.2056883630759,4.790116024173447e-5,0.05111109822541888,0.7871639573710392,1.167467667290852,0.7897994932878302,0.001996007984031936,3
ra_run1,Astro-1,LRRC39,0.9918732008631673,366.1490277399949,5.269127626590791e-5,0.05111109822541888,0.7871639573710392,1.167467667290852,0.7897994932878302,0.001996007984031936,3
ra_run1,Astro-1,NEK6,0.9914716938144306,348.7697341913295,5.7985615029468036e-5,0.05111109822541888,0.7871639573710392,1.167467667290852,0.7897994932878302,0.001996007984031936,3
ra_run1,Astro-1,CACNA1H,0.9894107349318025,280.30578002149053,8.924742487144211e-5,0.07079998215051503,0.7871639573710392,1.167467667290852,0.7897994932878302,0.001996007984031936,3
ra_run1,Astro-1,CTNNAL1,0.9855522863659517,204.64531163810025,1.7168784276116406e-4,0.1238181506022104,0.7871639573710392,1.167467667290852,0.7897994932878302,0.001996007984031936,3
ra_run1,Astro-1,LOC110470912,0.9825756304512402,169.17265689899915,2.1706788930596512e-4,0.14349996382201846,0.7871639573710392,1.167467667290852,0.7897994932878302,0.001996007984031936,3
ra_run1,Astro-1,LOC110482496,0.9801920826980043,148.4545903166582,2.795915089899133e-4,0.15177773951287432,0.7871639573710392,1.167467667290852,0.7897994932878302,0.001996007984031936,3
ra_run1,Astro-1,LOC110484542,0.9783583004754389,135.6212758658489,3.1639976896514083e-4,0.15177773951287432,0.7871639573710392,1.167467667290852,0.7897994932878302,0.001996007984031936,3
ra_run1,Astro-1,EIF3M,0.9783090746992131,135.30668624778184,3.1917299403176754e-4,0.15177773951287432,0.7871639573710392,1.167467667290852,0.7897994932878302,0.001996007984031936,3
ra_run1,Astro-1,MYO5A,0.9770851319305618,127.91936601638679,3.3530812169214126e-4,0.15177773951287432,0.7871639573710392,1.167467667290852,0.7897994932878302,0.001996007984031936,3
ra_run1,Astro-1,COL19A1,0.9767058350007843,125.78761698910502,3.4236724004355475e-4,0.15177773951287432,0.7871639573710392,1.167467667290852,0.7897994932878302,0.001996007984031936,3
ra_run1,Astro-1,GRIK1,0.9766654950092495,125.56497282411445,3.4438413100110145e-4,0.15177773951287432,0.7871639573710392,1.167467667290852,0.7897994932878302,0.001996007984031936,3
ra_run1,Astro-1,IGDCC3,0.9751068437294388,117.51505110052365,3.93797959460996e-4,0.16442101117916216,0.7871639573710392,1.167467667290852,0.7897994932878302,0.001996007984031936,3
ra_run1,Astro-1,ZC3H15,0.9738166289070203,111.57653750339115,4.379174491573304e-4,0.17307138493815366,0.7871639573710392,1.167467667290852,0.7897994932878302,0.001996007984031936,3
ra_run1,Astro-1,CFAP99,0.9729690102075708,107.98372730843305,4.638849202357443e-4,0.17307138493815366,0.7871639573710392,1.167467667290852,0.7897994932878302,0.001996007984031936,3
ra_run1,Astro-1,TM6SF1,0.9724496151185122,105.89140071563322,4.817848274839714e-4,0.17307138493815366,0.7871639573710392,1.167467667290852,0.7897994932878302,0.001996007984031936,3
ra_run1,Astro-1,NOL9,0.9694915722722884,95.33348433341324,5.790998161856004e-4,0.17307138493815366,0.7871639573710392,1.167467667290852,0.7897994932878302,0.001996007984031936,3
ra_run1,Astro-1,AS3MT,0.9694915722722884,95.33348433341324,5.790998161856004e-4,0.17307138493815366,0.7871639573710392,1.167467667290852,0.7897994932878302,0.001996007984031936,3
ra_run1,Astro-1,TMEM30A,0.9687024605365651,92.85418059796396,6.07840512330641e-4,0.17307138493815366,0.7871639573710392,1.167467667290852,0.7897994932878302,0.001996007984031936,3
ra_run1,Glut-CACNA1H-RA,AGAP1,0.9962069377615284,787.9176837574817,1.7996937281213483e-6,0.009333331653619189,0.793355551807266,2.348753373228648,0.7817524112430758,0.005988023952095809,3
ra_run1,Glut-CACNA1H-RA,DPP10,0.9956076455825589,680.0049934239511,1.979663100933483e-6,0.009333331653619189,0.793355551807266,2.348753373228648,0.7817524112430758,0.005988023952095809,3
ra_run1,Glut-CACNA1H-RA,PTPRK,0.9955239176558741,667.2289567878472,2.5195712193698877e-6,0.009333331653619189,0.793355551807266,2.348753373228648,0.7817524112430758,0.005988023952095809,3
ra_run1,Glut-CACNA1H-RA,LOC110484797,0.9943868566992566,531.4598987171229,5.57905055717618e-6,0.01419047363662509,0.793355551807266,2.348753373228648,0.7817524112430758,0.005988023952095809,3
ra_run1,Glut-CACNA1H-RA,GPRIN2,0.9940055347653272,497.4616563038165,7.558713658109663e-6,0.01419047363662509,0.793355551807266,2.348753373228648,0.7817524112430758,0.005988023952095809,3
ra_run1,Glut-CACNA1H-RA,LOC110482360,0.9939177163438538,490.235792607023,7.738683030921798e-6,0.01419047363662509,0.793355551807266,2.348753373228648,0.7817524112430758,0.005988023952095809,3
ra_run1,Glut-CACNA1H-RA,ROBO2,0.9929716385108786,423.84201782213785,1.1338070487164495e-5,0.01419047363662509,0.793355551807266,2.348753373228648,0.7817524112430758,0.005988023952095809,3
ra_run1,Glut-CACNA1H-RA,TSHZ3,0.9923816742668014,390.78731037015103,1.3317733588097977e-5,0.01419047363662509,0.793355551807266,2.348753373228648,0.7817524112430758,0.005988023952095809,3
ra_run1,Glut-CACNA1H-RA,LOC110471624,0.9921536303795075,379.34242651083326,1.4937457943407192e-5,0.01419047363662509,0.793355551807266,2.348753373228648,0.7817524112430758,0.005988023952095809,3
ra_run1,Glut-CACNA1H-RA,BCAR3,0.992150486400538,379.1892862515259,1.529739668903146e-5,0.01419047363662509,0.793355551807266,2.348753373228648,0.7817524112430758,0.005988023952095809,3
ra_run1,Glut-CACNA1H-RA,ZNF804B,0.9915852384455938,353.5163410279995,1.7816967908401347e-5,0.01419047363662509,0.793355551807266,2.348753373228648,0.7817524112430758,0.005988023952095809,3
ra_run1,Glut-CACNA1H-RA,LOC110477417,0.9915449410723597,351.81716043311,1.817690665402562e-5,0.01419047363662509,0.793355551807266,2.348753373228648,0.7817524112430758,0.005988023952095809,3
ra_run1,Glut-CACNA1H-RA,SORCS2,0.9911810092483002,337.1749797074902,1.9976600382146966e-5,0.01419047363662509,0.793355551807266,2.348753373228648,0.7817524112430758,0.005988023952095809,3
ra_run1,Glut-CACNA1H-RA,OXR1,0.9911631674842403,336.4881587548209,2.0336539127771235e-5,0.01419047363662509,0.793355551807266,2.348753373228648,0.7817524112430758,0.005988023952095809,3
ra_run1,Glut-CACNA1H-RA,CRB1,0.9905732744271746,315.2441216543071,2.3396018465577528e-5,0.01419047363662509,0.793355551807266,2.348753373228648,0.7817524112430758,0.005988023952095809,3
ra_run1,Glut-CACNA1H-RA,GRM3,0.9903634805183406,308.315719924574,2.3755957211201797e-5,0.01419047363662509,0.793355551807266,2.348753373228648,0.7817524112430758,0.005988023952095809,3
ra_run1,Glut-CACNA1H-RA,RUNX2,0.9900387758163461,298.16780274084175,2.5555650939323146e-5,0.01419047363662509,0.793355551807266,2.348753373228648,0.7817524112430758,0.005988023952095809,3
ra_run1,Glut-CACNA1H-RA,HSD3B7,0.9899538755868293,295.6226206861383,2.5915589684947416e-5,0.01419047363662509,0.793355551807266,2.348753373228648,0.7817524112430758,0.005988023952095809,3
ra_run1,Glut-CACNA1H-RA,GRID1,0.9898622989122413,292.9250794662446,2.6095559057759552e-5,0.01419047363662509,0.793355551807266,2.348753373228648,0.7817524112430758,0.005988023952095809,3
ra_run1,Glut-CACNA1H-RA,LOC110473756,0.9898601386590637,292.8620339203775,2.6635467176195954e-5,0.01419047363662509,0.793355551807266,2.348753373228648,0.7817524112430758,0.005988023952095809,3
ra_run1,Glut-CACNA1H-RA,LOC110482923,0.9894913894227153,282.480176274185,2.681543654900809e-5,0.01419047363662509,0.793355551807266,2.348753373228648,0.7817524112430758,0.005988023952095809,3
ra_run1,Glut-CACNA1H-RA,LOC110484836,0.9881953603094327,251.13736281990748,3.1854578987747866e-5,0.016090906195038272,0.793355551807266,2.348753373228648,0.7817524112430758,0.005988023952095809,3
ra_run1,Glut-CACNA1H-RA,RGS7,0.9878552883650532,244.0210977564431,3.455411957992989e-5,0.016319997062899834,0.793355551807266,2.348753373228648,0.7817524112430758,0.005988023952095809,3
ra_run1,Glut-CACNA1H-RA,HPCAL1,0.9877363360865365,241.62509908694773,3.527399707117843e-5,0.016319997062899834,0.793355551807266,2.348753373228648,0.7817524112430758,0.005988023952095809,3
ra_run1,Glut-CACNA1H-RA,AFF3,0.9876656209208178,240.22262034765492,3.6713752053675505e-5,0.016319997062899834,0.793355551807266,2.348753373228648,0.7817524112430758,0.005988023952095809,3
ra_run1,Oligo-1,SHROOM4,0.9987051967954602,2313.954413984812,3.6839183334248174e-6,0.019999992632163333,0.7985685746018737,1.106521369355948,0.7935539390675981,0.003992015968063872,3
ra_run1,Oligo-1,TRMT10C,0.9956154221402178,681.2163820416296,5.2680032167974885e-5,0.10066662958188878,0.7985685746018737,1.106521369355948,0.7935539390675981,0.003992015968063872,3
ra_run1,Oligo-1,SRBD1,0.9954970788350916,663.234182241361,5.562716683471474e-5,0.10066662958188878,0.7985685746018737,1.106521369355948,0.7935539390675981,0.003992015968063872,3
ra_run1,Oligo-1,ZBTB16,0.9941996694532949,514.2119029844212,8.546690533545576e-5,0.11479995770861752,0.7985685746018737,1.106521369355948,0.7935539390675981,0.003992015968063872,3
ra_run1,Oligo-1,LOC116183787,0.9934667028668259,456.18621774707384,1.0572845616929226e-4,0.11479995770861752,0.7985685746018737,1.106521369355948,0.7935539390675981,0.003992015968063872,3
ra_run1,Oligo-1,REPS2,0.9924784834894637,395.8557355152394,1.3667337017006073e-4,0.12366662110887662,0.7985685746018737,1.106521369355948,0.7935539390675981,0.003992015968063872,3
ra_run1,Oligo-1,INTS8,0.9902740513108529,305.4532003903758,2.0077354917165255e-4,0.15571422835041454,0.7985685746018737,1.106521369355948,0.7935539390675981,0.003992015968063872,3
ra_run1,Oligo-1,FARSB,0.9858892196423278,209.60340845493198,3.7833841284272873e-4,0.1617240783531828,0.7985685746018737,1.106521369355948,0.7935539390675981,0.003992015968063872,3
ra_run1,Oligo-1,LOC110482041,0.9852257916908554,200.0565656870512,4.0191549017664757e-4,0.1617240783531828,0.7985685746018737,1.106521369355948,0.7935539390675981,0.003992015968063872,3
ra_run1,Oligo-1,CAMTA2,0.9849733025349887,196.64466623390166,4.1407242067694947e-4,0.1617240783531828,0.7985685746018737,1.106521369355948,0.7935539390675981,0.003992015968063872,3
ra_run1,Oligo-1,MYL12B,0.9848607209260238,195.16003029872738,4.173879471770318e-4,0.1617240783531828,0.7985685746018737,1.106521369355948,0.7935539390675981,0.003992015968063872,3
ra_run1,Oligo-1,ZDHHC14,0.9846694400316832,192.68756824277912,4.2843970217730623e-4,0.1617240783531828,0.7985685746018737,1.106521369355948,0.7935539390675981,0.003992015968063872,3
ra_run1,Oligo-1,ARCN1,0.982967868055163,173.1376678924441,4.851720445120484e-4,0.1617240783531828,0.7985685746018737,1.106521369355948,0.7935539390675981,0.003992015968063872,3
ra_run1,Oligo-1,LOC110467928,0.9826727463976933,170.13765175114858,5.017496770124601e-4,0.1617240783531828,0.7985685746018737,1.106521369355948,0.7935539390675981,0.003992015968063872,3
ra_run1,Oligo-1,SNRPA,0.982363019589402,167.09714419126468,5.190640931795568e-4,0.1617240783531828,0.7985685746018737,1.106521369355948,0.7935539390675981,0.003992015968063872,3
ra_run1,Oligo-1,ZNF488,0.9821786645580075,165.33755302821285,5.264319298464064e-4,0.1617240783531828,0.7985685746018737,1.106521369355948,0.7935539390675981,0.003992015968063872,3
ra_run1,Oligo-1,BNIP3,0.9813494876479827,157.85348988686212,5.625343295139696e-4,0.1617240783531828,0.7985685746018737,1.106521369355948,0.7935539390675981,0.003992015968063872,3
ra_run1,Oligo-1,ATP2A2,0.9813262358882964,157.6532021104293,5.651130723473669e-4,0.1617240783531828,0.7985685746018737,1.106521369355948,0.7935539390675981,0.003992015968063872,3
ra_run1,Oligo-1,RIC8B,0.9811426514424977,156.08917369014046,5.754280436809564e-4,0.1617240783531828,0.7985685746018737,1.106521369355948,0.7935539390675981,0.003992015968063872,3
ra_run1,Oligo-1,LOC110478432,0.9789669660669358,139.63277516440266,6.66789218349892e-4,0.1617240783531828,0.7985685746018737,1.106521369355948,0.7935539390675981,0.003992015968063872,3
ra_run1,Oligo-1,FLII,0.9785708982737155,136.996535474012,6.870507691837285e-4,0.1617240783531828,0.7985685746018737,1.106521369355948,0.7935539390675981,0.003992015968063872,3
ra_run1,Oligo-1,HYOU1,0.977485718598232,130.24875648771103,7.45625070685183e-4,0.1617240783531828,0.7985685746018737,1.106521369355948,0.7935539390675981,0.003992015968063872,3
ra_run1,Oligo-1,MFRP,0.977193184678566,128.53962785766876,7.633078786856222e-4,0.1617240783531828,0.7985685746018737,1.106521369355948,0.7935539390675981,0.003992015968063872,3
ra_run1,Oligo-1,SPTLC1,0.9771260580209846,128.15360713742348,7.743596336858966e-4,0.1617240783531828,0.7985685746018737,1.106521369355948,0.7935539390675981,0.003992015968063872,3
ra_run1,Oligo-1,FAM177A1,0.9771145904826051,128.0878880152764,7.773067683526365e-4,0.1617240783531828,0.7985685746018737,1.106521369355948,0.7935539390675981,0.003992015968063872,3
